sk_ato,codigo_ra
1,IX
2,DISTRITO FEDERAL (INTEIRO)
3,DISTRITO FEDERAL (INTEIRO)
4,DISTRITO FEDERAL (INTEIRO)
5,DISTRITO FEDERAL (INTEIRO)
6,DISTRITO FEDERAL (INTEIRO)
7,DISTRITO FEDERAL (INTEIRO)
8,DISTRITO FEDERAL (INTEIRO)
9,DISTRITO FEDERAL (INTEIRO)
10,XI
11,DISTRITO FEDERAL (INTEIRO)
12,DISTRITO FEDERAL (INTEIRO)
13,DISTRITO FEDERAL (INTEIRO)
14,DISTRITO FEDERAL (INTEIRO)
15,DISTRITO FEDERAL (INTEIRO)
16,DISTRITO FEDERAL (INTEIRO)
17,II
18,DISTRITO FEDERAL (INTEIRO)
19,DISTRITO FEDERAL (INTEIRO)
20,DISTRITO FEDERAL (INTEIRO)
21,DISTRITO FEDERAL (INTEIRO)
22,DISTRITO FEDERAL (INTEIRO)
23,DISTRITO FEDERAL (INTEIRO)
24,VII
25,II
26,VI
27,XXVIII
28,II
29,I
30,I
31,II
32,III
33,III
34,I
35,I
36,XX
37,XX
38,XX
39,XX
40,DISTRITO FEDERAL (INTEIRO)
41,III
42,XV
43,III
44,III
45,XI
46,DISTRITO FEDERAL (INTEIRO)
47,IX
48,DISTRITO FEDERAL (INTEIRO)
49,III
50,XI
51,X
52,III
53,III
54,IX
55,VI
56,XI
57,III
58,III
59,DISTRITO FEDERAL (INTEIRO)
60,DISTRITO FEDERAL (INTEIRO)
61,DISTRITO FEDERAL (INTEIRO)
62,III
63,I
64,I
65,DISTRITO FEDERAL (INTEIRO)
66,DISTRITO FEDERAL (INTEIRO)
67,DISTRITO FEDERAL (INTEIRO)
68,DISTRITO FEDERAL (INTEIRO)
69,DISTRITO FEDERAL (INTEIRO)
70,DISTRITO FEDERAL (INTEIRO)
71,DISTRITO FEDERAL (INTEIRO)
72,DISTRITO FEDERAL (INTEIRO)
73,X
74,DISTRITO FEDERAL (INTEIRO)
75,DISTRITO FEDERAL (INTEIRO)
76,DISTRITO FEDERAL (INTEIRO)
77,DISTRITO FEDERAL (INTEIRO)
78,DISTRITO FEDERAL (INTEIRO)
79,DISTRITO FEDERAL (INTEIRO)
80,DISTRITO FEDERAL (INTEIRO)
81,DISTRITO FEDERAL (INTEIRO)
82,DISTRITO FEDERAL (INTEIRO)
83,DISTRITO FEDERAL (INTEIRO)
84,DISTRITO FEDERAL (INTEIRO)
85,DISTRITO FEDERAL (INTEIRO)
86,DISTRITO FEDERAL (INTEIRO)
87,DISTRITO FEDERAL (INTEIRO)
88,DISTRITO FEDERAL (INTEIRO)
89,DISTRITO FEDERAL (INTEIRO)
90,DISTRITO FEDERAL (INTEIRO)
91,DISTRITO FEDERAL (INTEIRO)
92,XV
93,DISTRITO FEDERAL (INTEIRO)
94,DISTRITO FEDERAL (INTEIRO)
95,DISTRITO FEDERAL (INTEIRO)
96,DISTRITO FEDERAL (INTEIRO)
97,DISTRITO FEDERAL (INTEIRO)
98,DISTRITO FEDERAL (INTEIRO)
99,DISTRITO FEDERAL (INTEIRO)
100,DISTRITO FEDERAL (INTEIRO)
101,DISTRITO FEDERAL (INTEIRO)
102,IX
103,DISTRITO FEDERAL (INTEIRO)
104,DISTRITO FEDERAL (INTEIRO)
105,DISTRITO FEDERAL (INTEIRO)
106,DISTRITO FEDERAL (INTEIRO)
107,DISTRITO FEDERAL (INTEIRO)
108,DISTRITO FEDERAL (INTEIRO)
108,IX
109,DISTRITO FEDERAL (INTEIRO)
109,IX
110,DISTRITO FEDERAL (INTEIRO)
111,DISTRITO FEDERAL (INTEIRO)
112,DISTRITO FEDERAL (INTEIRO)
113,DISTRITO FEDERAL (INTEIRO)
114,DISTRITO FEDERAL (INTEIRO)
115,DISTRITO FEDERAL (INTEIRO)
116,DISTRITO FEDERAL (INTEIRO)
117,DISTRITO FEDERAL (INTEIRO)
118,DISTRITO FEDERAL (INTEIRO)
119,DISTRITO FEDERAL (INTEIRO)
120,DISTRITO FEDERAL (INTEIRO)
121,DISTRITO FEDERAL (INTEIRO)
122,DISTRITO FEDERAL (INTEIRO)
123,DISTRITO FEDERAL (INTEIRO)
124,DISTRITO FEDERAL (INTEIRO)
125,DISTRITO FEDERAL (INTEIRO)
126,DISTRITO FEDERAL (INTEIRO)
127,DISTRITO FEDERAL (INTEIRO)
128,DISTRITO FEDERAL (INTEIRO)
129,DISTRITO FEDERAL (INTEIRO)
130,DISTRITO FEDERAL (INTEIRO)
131,DISTRITO FEDERAL (INTEIRO)
132,DISTRITO FEDERAL (INTEIRO)
133,DISTRITO FEDERAL (INTEIRO)
134,DISTRITO FEDERAL (INTEIRO)
135,DISTRITO FEDERAL (INTEIRO)
136,DISTRITO FEDERAL (INTEIRO)
137,DISTRITO FEDERAL (INTEIRO)
138,DISTRITO FEDERAL (INTEIRO)
139,DISTRITO FEDERAL (INTEIRO)
140,DISTRITO FEDERAL (INTEIRO)
141,DISTRITO FEDERAL (INTEIRO)
142,DISTRITO FEDERAL (INTEIRO)
143,DISTRITO FEDERAL (INTEIRO)
144,DISTRITO FEDERAL (INTEIRO)
145,DISTRITO FEDERAL (INTEIRO)
146,DISTRITO FEDERAL (INTEIRO)
147,DISTRITO FEDERAL (INTEIRO)
148,DISTRITO FEDERAL (INTEIRO)
149,DISTRITO FEDERAL (INTEIRO)
150,DISTRITO FEDERAL (INTEIRO)
151,DISTRITO FEDERAL (INTEIRO)
152,DISTRITO FEDERAL (INTEIRO)
153,IX
154,DISTRITO FEDERAL (INTEIRO)
155,DISTRITO FEDERAL (INTEIRO)
156,DISTRITO FEDERAL (INTEIRO)
157,DISTRITO FEDERAL (INTEIRO)
158,DISTRITO FEDERAL (INTEIRO)
159,DISTRITO FEDERAL (INTEIRO)
160,DISTRITO FEDERAL (INTEIRO)
161,DISTRITO FEDERAL (INTEIRO)
162,DISTRITO FEDERAL (INTEIRO)
163,DISTRITO FEDERAL (INTEIRO)
164,DISTRITO FEDERAL (INTEIRO)
165,DISTRITO FEDERAL (INTEIRO)
166,DISTRITO FEDERAL (INTEIRO)
167,DISTRITO FEDERAL (INTEIRO)
168,DISTRITO FEDERAL (INTEIRO)
169,DISTRITO FEDERAL (INTEIRO)
170,DISTRITO FEDERAL (INTEIRO)
171,DISTRITO FEDERAL (INTEIRO)
172,DISTRITO FEDERAL (INTEIRO)
173,DISTRITO FEDERAL (INTEIRO)
174,DISTRITO FEDERAL (INTEIRO)
175,DISTRITO FEDERAL (INTEIRO)
176,DISTRITO FEDERAL (INTEIRO)
177,DISTRITO FEDERAL (INTEIRO)
178,DISTRITO FEDERAL (INTEIRO)
179,DISTRITO FEDERAL (INTEIRO)
180,DISTRITO FEDERAL (INTEIRO)
181,DISTRITO FEDERAL (INTEIRO)
182,DISTRITO FEDERAL (INTEIRO)
183,DISTRITO FEDERAL (INTEIRO)
184,DISTRITO FEDERAL (INTEIRO)
185,DISTRITO FEDERAL (INTEIRO)
186,DISTRITO FEDERAL (INTEIRO)
187,DISTRITO FEDERAL (INTEIRO)
188,DISTRITO FEDERAL (INTEIRO)
189,DISTRITO FEDERAL (INTEIRO)
190,DISTRITO FEDERAL (INTEIRO)
191,DISTRITO FEDERAL (INTEIRO)
192,DISTRITO FEDERAL (INTEIRO)
193,DISTRITO FEDERAL (INTEIRO)
194,DISTRITO FEDERAL (INTEIRO)
195,DISTRITO FEDERAL (INTEIRO)
196,DISTRITO FEDERAL (INTEIRO)
197,DISTRITO FEDERAL (INTEIRO)
198,DISTRITO FEDERAL (INTEIRO)
199,XX
200,DISTRITO FEDERAL (INTEIRO)
201,DISTRITO FEDERAL (INTEIRO)
202,DISTRITO FEDERAL (INTEIRO)
203,DISTRITO FEDERAL (INTEIRO)
204,DISTRITO FEDERAL (INTEIRO)
205,DISTRITO FEDERAL (INTEIRO)
206,XIII
207,XIII
208,XIII
209,XIII
210,XIV
211,II
212,DISTRITO FEDERAL (INTEIRO)
213,IX
214,DISTRITO FEDERAL (INTEIRO)
215,DISTRITO FEDERAL (INTEIRO)
216,DISTRITO FEDERAL (INTEIRO)
217,DISTRITO FEDERAL (INTEIRO)
218,DISTRITO FEDERAL (INTEIRO)
219,DISTRITO FEDERAL (INTEIRO)
220,DISTRITO FEDERAL (INTEIRO)
221,IX
222,I
223,IX
224,DISTRITO FEDERAL (INTEIRO)
225,DISTRITO FEDERAL (INTEIRO)
226,XIX
227,OUTROS ESTADOS
228,OUTROS ESTADOS
229,DISTRITO FEDERAL (INTEIRO)
230,DISTRITO FEDERAL (INTEIRO)
231,DISTRITO FEDERAL (INTEIRO)
232,DISTRITO FEDERAL (INTEIRO)
233,DISTRITO FEDERAL (INTEIRO)
234,DISTRITO FEDERAL (INTEIRO)
235,IX
236,IX
237,II
238,DISTRITO FEDERAL (INTEIRO)
239,DISTRITO FEDERAL (INTEIRO)
240,DISTRITO FEDERAL (INTEIRO)
241,IX
242,II
243,II
244,DISTRITO FEDERAL (INTEIRO)
245,DISTRITO FEDERAL (INTEIRO)
246,DISTRITO FEDERAL (INTEIRO)
247,DISTRITO FEDERAL (INTEIRO)
248,DISTRITO FEDERAL (INTEIRO)
249,XXVI
250,DISTRITO FEDERAL (INTEIRO)
251,DISTRITO FEDERAL (INTEIRO)
252,DISTRITO FEDERAL (INTEIRO)
253,DISTRITO FEDERAL (INTEIRO)
254,XIX
255,XIII
256,DISTRITO FEDERAL (INTEIRO)
257,DISTRITO FEDERAL (INTEIRO)
258,DISTRITO FEDERAL (INTEIRO)
259,DISTRITO FEDERAL (INTEIRO)
260,DISTRITO FEDERAL (INTEIRO)
261,DISTRITO FEDERAL (INTEIRO)
262,DISTRITO FEDERAL (INTEIRO)
263,DISTRITO FEDERAL (INTEIRO)
264,DISTRITO FEDERAL (INTEIRO)
265,DISTRITO FEDERAL (INTEIRO)
266,DISTRITO FEDERAL (INTEIRO)
267,DISTRITO FEDERAL (INTEIRO)
268,DISTRITO FEDERAL (INTEIRO)
269,DISTRITO FEDERAL (INTEIRO)
270,DISTRITO FEDERAL (INTEIRO)
271,II
272,DISTRITO FEDERAL (INTEIRO)
273,DISTRITO FEDERAL (INTEIRO)
274,IX
275,DISTRITO FEDERAL (INTEIRO)
276,DISTRITO FEDERAL (INTEIRO)
277,DISTRITO FEDERAL (INTEIRO)
278,DISTRITO FEDERAL (INTEIRO)
279,DISTRITO FEDERAL (INTEIRO)
280,DISTRITO FEDERAL (INTEIRO)
281,DISTRITO FEDERAL (INTEIRO)
282,DISTRITO FEDERAL (INTEIRO)
283,DISTRITO FEDERAL (INTEIRO)
284,DISTRITO FEDERAL (INTEIRO)
285,DISTRITO FEDERAL (INTEIRO)
286,DISTRITO FEDERAL (INTEIRO)
287,DISTRITO FEDERAL (INTEIRO)
288,DISTRITO FEDERAL (INTEIRO)
289,DISTRITO FEDERAL (INTEIRO)
290,DISTRITO FEDERAL (INTEIRO)
291,DISTRITO FEDERAL (INTEIRO)
292,DISTRITO FEDERAL (INTEIRO)
293,DISTRITO FEDERAL (INTEIRO)
294,DISTRITO FEDERAL (INTEIRO)
295,DISTRITO FEDERAL (INTEIRO)
296,DISTRITO FEDERAL (INTEIRO)
297,DISTRITO FEDERAL (INTEIRO)
298,DISTRITO FEDERAL (INTEIRO)
299,DISTRITO FEDERAL (INTEIRO)
300,DISTRITO FEDERAL (INTEIRO)
301,DISTRITO FEDERAL (INTEIRO)
302,DISTRITO FEDERAL (INTEIRO)
303,DISTRITO FEDERAL (INTEIRO)
304,DISTRITO FEDERAL (INTEIRO)
305,DISTRITO FEDERAL (INTEIRO)
306,DISTRITO FEDERAL (INTEIRO)
307,DISTRITO FEDERAL (INTEIRO)
308,XX
309,DISTRITO FEDERAL (INTEIRO)
310,XXII
311,XXXII
312,XXXII
313,XIV
314,IX
315,DISTRITO FEDERAL (INTEIRO)
316,III
317,DISTRITO FEDERAL (INTEIRO)
318,DISTRITO FEDERAL (INTEIRO)
319,V
319,XXVI
320,IX
321,XXX
322,DISTRITO FEDERAL (INTEIRO)
323,II
323,XIII
324,XIII
325,DISTRITO FEDERAL (INTEIRO)
326,DISTRITO FEDERAL (INTEIRO)
327,DISTRITO FEDERAL (INTEIRO)
328,DISTRITO FEDERAL (INTEIRO)
329,DISTRITO FEDERAL (INTEIRO)
330,XIV
331,DISTRITO FEDERAL (INTEIRO)
332,DISTRITO FEDERAL (INTEIRO)
333,DISTRITO FEDERAL (INTEIRO)
334,DISTRITO FEDERAL (INTEIRO)
335,IX
336,XXVI
337,IX
338,II
339,DISTRITO FEDERAL (INTEIRO)
340,IV
341,DISTRITO FEDERAL (INTEIRO)
342,IV
343,XIII
344,XIII
345,XIII
346,DISTRITO FEDERAL (INTEIRO)
347,DISTRITO FEDERAL (INTEIRO)
348,DISTRITO FEDERAL (INTEIRO)
349,DISTRITO FEDERAL (INTEIRO)
350,DISTRITO FEDERAL (INTEIRO)
351,DISTRITO FEDERAL (INTEIRO)
352,II
353,DISTRITO FEDERAL (INTEIRO)
354,DISTRITO FEDERAL (INTEIRO)
355,II
356,XXVII
357,III
358,III
359,III
360,II
361,II
362,VII
363,VII
364,IV
365,II
366,IX
367,DISTRITO FEDERAL (INTEIRO)
368,II
369,II
370,II
371,VI
372,XVII
373,III
374,DISTRITO FEDERAL (INTEIRO)
375,IX
376,DISTRITO FEDERAL (INTEIRO)
377,DISTRITO FEDERAL (INTEIRO)
378,DISTRITO FEDERAL (INTEIRO)
379,IX
380,XIII
381,VI
382,VI
383,XXXII
384,DISTRITO FEDERAL (INTEIRO)
385,VI
386,VI
387,VI
388,VI
389,VI
390,VI
391,DISTRITO FEDERAL (INTEIRO)
392,DISTRITO FEDERAL (INTEIRO)
393,VI
394,VI
395,VII
396,V
397,V
398,VI
399,XXXII
400,DISTRITO FEDERAL (INTEIRO)
401,III
402,DISTRITO FEDERAL (INTEIRO)
403,DISTRITO FEDERAL (INTEIRO)
404,DISTRITO FEDERAL (INTEIRO)
405,DISTRITO FEDERAL (INTEIRO)
406,XII
407,DISTRITO FEDERAL (INTEIRO)
408,DISTRITO FEDERAL (INTEIRO)
409,DISTRITO FEDERAL (INTEIRO)
410,DISTRITO FEDERAL (INTEIRO)
411,DISTRITO FEDERAL (INTEIRO)
412,DISTRITO FEDERAL (INTEIRO)
413,DISTRITO FEDERAL (INTEIRO)
414,DISTRITO FEDERAL (INTEIRO)
415,DISTRITO FEDERAL (INTEIRO)
416,DISTRITO FEDERAL (INTEIRO)
417,XIV
418,IV
419,II
420,II
421,II
422,II
423,II
424,II
425,II
426,II
427,II
428,II
429,II
430,II
431,II
432,II
433,II
434,II
435,II
436,II
437,II
438,II
439,II
440,II
441,II
442,II
443,II
444,II
445,II
446,II
447,DISTRITO FEDERAL (INTEIRO)
448,II
449,II
450,II
451,II
452,II
453,II
454,IV
455,IV
456,DISTRITO FEDERAL (INTEIRO)
457,XVII
458,DISTRITO FEDERAL (INTEIRO)
459,DISTRITO FEDERAL (INTEIRO)
460,DISTRITO FEDERAL (INTEIRO)
461,DISTRITO FEDERAL (INTEIRO)
462,DISTRITO FEDERAL (INTEIRO)
463,DISTRITO FEDERAL (INTEIRO)
464,DISTRITO FEDERAL (INTEIRO)
465,DISTRITO FEDERAL (INTEIRO)
466,DISTRITO FEDERAL (INTEIRO)
467,IX
468,XIII
469,DISTRITO FEDERAL (INTEIRO)
470,DISTRITO FEDERAL (INTEIRO)
471,VI
472,DISTRITO FEDERAL (INTEIRO)
473,DISTRITO FEDERAL (INTEIRO)
474,DISTRITO FEDERAL (INTEIRO)
475,VI
476,DISTRITO FEDERAL (INTEIRO)
477,VI
478,VI
479,DISTRITO FEDERAL (INTEIRO)
480,DISTRITO FEDERAL (INTEIRO)
481,VI
482,DISTRITO FEDERAL (INTEIRO)
483,DISTRITO FEDERAL (INTEIRO)
484,DISTRITO FEDERAL (INTEIRO)
485,XII
486,DISTRITO FEDERAL (INTEIRO)
487,DISTRITO FEDERAL (INTEIRO)
488,DISTRITO FEDERAL (INTEIRO)
489,DISTRITO FEDERAL (INTEIRO)
490,DISTRITO FEDERAL (INTEIRO)
491,II
492,II
493,DISTRITO FEDERAL (INTEIRO)
494,DISTRITO FEDERAL (INTEIRO)
495,DISTRITO FEDERAL (INTEIRO)
496,XXXII
497,IX
498,DISTRITO FEDERAL (INTEIRO)
499,DISTRITO FEDERAL (INTEIRO)
500,DISTRITO FEDERAL (INTEIRO)
500,II
501,DISTRITO FEDERAL (INTEIRO)
501,I
501,II
502,DISTRITO FEDERAL (INTEIRO)
503,IX
504,DISTRITO FEDERAL (INTEIRO)
505,IX
506,IX
507,I
508,DISTRITO FEDERAL (INTEIRO)
509,DISTRITO FEDERAL (INTEIRO)
510,DISTRITO FEDERAL (INTEIRO)
511,DISTRITO FEDERAL (INTEIRO)
512,DISTRITO FEDERAL (INTEIRO)
513,DISTRITO FEDERAL (INTEIRO)
514,XVII
515,DISTRITO FEDERAL (INTEIRO)
516,XVII
517,I
518,XVII
519,DISTRITO FEDERAL (INTEIRO)
520,DISTRITO FEDERAL (INTEIRO)
521,DISTRITO FEDERAL (INTEIRO)
522,DISTRITO FEDERAL (INTEIRO)
523,DISTRITO FEDERAL (INTEIRO)
524,DISTRITO FEDERAL (INTEIRO)
525,DISTRITO FEDERAL (INTEIRO)
526,DISTRITO FEDERAL (INTEIRO)
527,XII
528,XII
529,XII
530,XII
531,XII
532,XXVIII
533,XXVI
534,DISTRITO FEDERAL (INTEIRO)
535,XIV
536,XXXII
537,I
538,III
539,I
540,DISTRITO FEDERAL (INTEIRO)
541,III
542,III
543,DISTRITO FEDERAL (INTEIRO)
544,I
545,DISTRITO FEDERAL (INTEIRO)
546,DISTRITO FEDERAL (INTEIRO)
547,II
548,DISTRITO FEDERAL (INTEIRO)
549,DISTRITO FEDERAL (INTEIRO)
550,DISTRITO FEDERAL (INTEIRO)
551,DISTRITO FEDERAL (INTEIRO)
552,DISTRITO FEDERAL (INTEIRO)
553,DISTRITO FEDERAL (INTEIRO)
554,DISTRITO FEDERAL (INTEIRO)
555,DISTRITO FEDERAL (INTEIRO)
556,DISTRITO FEDERAL (INTEIRO)
557,DISTRITO FEDERAL (INTEIRO)
558,II
559,I
560,DISTRITO FEDERAL (INTEIRO)
561,DISTRITO FEDERAL (INTEIRO)
562,XXI
563,XXI
564,XXI
565,XXXI
566,DISTRITO FEDERAL (INTEIRO)
567,III
568,XIV
569,XIV
570,XXVIII
571,I
572,XXXII
573,XXXII
574,XXIII
575,XXIII
576,DISTRITO FEDERAL (INTEIRO)
576,V
577,DISTRITO FEDERAL (INTEIRO)
578,DISTRITO FEDERAL (INTEIRO)
579,DISTRITO FEDERAL (INTEIRO)
580,DISTRITO FEDERAL (INTEIRO)
581,I
582,DISTRITO FEDERAL (INTEIRO)
583,DISTRITO FEDERAL (INTEIRO)
584,XVII
585,XVII
586,XVII
587,DISTRITO FEDERAL (INTEIRO)
588,DISTRITO FEDERAL (INTEIRO)
589,DISTRITO FEDERAL (INTEIRO)
590,DISTRITO FEDERAL (INTEIRO)
591,DISTRITO FEDERAL (INTEIRO)
592,DISTRITO FEDERAL (INTEIRO)
593,DISTRITO FEDERAL (INTEIRO)
594,DISTRITO FEDERAL (INTEIRO)
595,DISTRITO FEDERAL (INTEIRO)
596,DISTRITO FEDERAL (INTEIRO)
597,II
598,DISTRITO FEDERAL (INTEIRO)
598,V
599,DISTRITO FEDERAL (INTEIRO)
600,DISTRITO FEDERAL (INTEIRO)
601,DISTRITO FEDERAL (INTEIRO)
602,II
603,II
604,XIII
605,II
606,DISTRITO FEDERAL (INTEIRO)
607,DISTRITO FEDERAL (INTEIRO)
608,DISTRITO FEDERAL (INTEIRO)
609,DISTRITO FEDERAL (INTEIRO)
610,DISTRITO FEDERAL (INTEIRO)
611,DISTRITO FEDERAL (INTEIRO)
612,DISTRITO FEDERAL (INTEIRO)
613,II
614,IX
615,DISTRITO FEDERAL (INTEIRO)
616,IX
617,II
618,I
619,I
620,DISTRITO FEDERAL (INTEIRO)
621,DISTRITO FEDERAL (INTEIRO)
622,XXII
623,II
624,DISTRITO FEDERAL (INTEIRO)
625,DISTRITO FEDERAL (INTEIRO)
626,DISTRITO FEDERAL (INTEIRO)
627,DISTRITO FEDERAL (INTEIRO)
628,DISTRITO FEDERAL (INTEIRO)
629,DISTRITO FEDERAL (INTEIRO)
630,DISTRITO FEDERAL (INTEIRO)
631,DISTRITO FEDERAL (INTEIRO)
632,DISTRITO FEDERAL (INTEIRO)
632,XV
633,II
634,DISTRITO FEDERAL (INTEIRO)
635,II
636,III
636,IV
637,XXII
638,II
639,DISTRITO FEDERAL (INTEIRO)
640,XV
641,IX
642,DISTRITO FEDERAL (INTEIRO)
643,XIV
644,XIV
645,VI
646,XIV
647,DISTRITO FEDERAL (INTEIRO)
648,DISTRITO FEDERAL (INTEIRO)
649,DISTRITO FEDERAL (INTEIRO)
650,VI
651,VI
652,DISTRITO FEDERAL (INTEIRO)
653,DISTRITO FEDERAL (INTEIRO)
654,DISTRITO FEDERAL (INTEIRO)
654,X
655,VI
656,VI
657,DISTRITO FEDERAL (INTEIRO)
658,XXXI
659,DISTRITO FEDERAL (INTEIRO)
660,DISTRITO FEDERAL (INTEIRO)
661,DISTRITO FEDERAL (INTEIRO)
662,DISTRITO FEDERAL (INTEIRO)
663,DISTRITO FEDERAL (INTEIRO)
664,DISTRITO FEDERAL (INTEIRO)
665,DISTRITO FEDERAL (INTEIRO)
666,XIII
667,XIII
668,XIII
669,DISTRITO FEDERAL (INTEIRO)
670,DISTRITO FEDERAL (INTEIRO)
671,DISTRITO FEDERAL (INTEIRO)
672,XIII
673,XIII
674,DISTRITO FEDERAL (INTEIRO)
675,DISTRITO FEDERAL (INTEIRO)
676,DISTRITO FEDERAL (INTEIRO)
677,XIII
678,DISTRITO FEDERAL (INTEIRO)
679,DISTRITO FEDERAL (INTEIRO)
680,DISTRITO FEDERAL (INTEIRO)
681,XIII
682,DISTRITO FEDERAL (INTEIRO)
683,XIII
684,DISTRITO FEDERAL (INTEIRO)
685,DISTRITO FEDERAL (INTEIRO)
686,DISTRITO FEDERAL (INTEIRO)
687,II
688,XIII
689,XIII
690,DISTRITO FEDERAL (INTEIRO)
691,DISTRITO FEDERAL (INTEIRO)
692,DISTRITO FEDERAL (INTEIRO)
693,DISTRITO FEDERAL (INTEIRO)
694,DISTRITO FEDERAL (INTEIRO)
695,DISTRITO FEDERAL (INTEIRO)
696,DISTRITO FEDERAL (INTEIRO)
697,DISTRITO FEDERAL (INTEIRO)
698,XVIII
699,DISTRITO FEDERAL (INTEIRO)
700,DISTRITO FEDERAL (INTEIRO)
701,XXI
702,DISTRITO FEDERAL (INTEIRO)
703,XXI
704,III
705,DISTRITO FEDERAL (INTEIRO)
706,DISTRITO FEDERAL (INTEIRO)
707,DISTRITO FEDERAL (INTEIRO)
708,DISTRITO FEDERAL (INTEIRO)
709,DISTRITO FEDERAL (INTEIRO)
710,DISTRITO FEDERAL (INTEIRO)
711,DISTRITO FEDERAL (INTEIRO)
712,DISTRITO FEDERAL (INTEIRO)
712,II
713,XIII
714,DISTRITO FEDERAL (INTEIRO)
715,III
716,DISTRITO FEDERAL (INTEIRO)
717,DISTRITO FEDERAL (INTEIRO)
718,XV
719,DISTRITO FEDERAL (INTEIRO)
720,XV
721,IX
722,DISTRITO FEDERAL (INTEIRO)
723,XII
724,VI
725,XV
726,XV
727,XV
728,XV
729,XV
730,XV
731,XV
732,IX
733,DISTRITO FEDERAL (INTEIRO)
734,DISTRITO FEDERAL (INTEIRO)
735,DISTRITO FEDERAL (INTEIRO)
736,DISTRITO FEDERAL (INTEIRO)
737,DISTRITO FEDERAL (INTEIRO)
737,V
738,DISTRITO FEDERAL (INTEIRO)
739,VII
740,XV
741,II
742,DISTRITO FEDERAL (INTEIRO)
743,DISTRITO FEDERAL (INTEIRO)
744,DISTRITO FEDERAL (INTEIRO)
745,DISTRITO FEDERAL (INTEIRO)
746,DISTRITO FEDERAL (INTEIRO)
747,DISTRITO FEDERAL (INTEIRO)
748,DISTRITO FEDERAL (INTEIRO)
749,DISTRITO FEDERAL (INTEIRO)
750,DISTRITO FEDERAL (INTEIRO)
751,DISTRITO FEDERAL (INTEIRO)
752,XIII
753,XIII
754,XIII
755,XIII
756,VI
757,VI
758,DISTRITO FEDERAL (INTEIRO)
759,DISTRITO FEDERAL (INTEIRO)
760,DISTRITO FEDERAL (INTEIRO)
761,DISTRITO FEDERAL (INTEIRO)
762,DISTRITO FEDERAL (INTEIRO)
763,DISTRITO FEDERAL (INTEIRO)
764,VI
765,XII
766,X
767,XII
768,XII
769,XIII
770,XII
771,IX
772,III
772,IX
773,DISTRITO FEDERAL (INTEIRO)
774,XIII
775,I
776,III
777,III
778,DISTRITO FEDERAL (INTEIRO)
779,II
780,DISTRITO FEDERAL (INTEIRO)
781,DISTRITO FEDERAL (INTEIRO)
782,II
783,II
784,II
785,II
786,II
787,II
788,II
789,II
790,DISTRITO FEDERAL (INTEIRO)
791,DISTRITO FEDERAL (INTEIRO)
792,XIV
793,III
794,DISTRITO FEDERAL (INTEIRO)
795,DISTRITO FEDERAL (INTEIRO)
796,DISTRITO FEDERAL (INTEIRO)
797,DISTRITO FEDERAL (INTEIRO)
798,DISTRITO FEDERAL (INTEIRO)
799,DISTRITO FEDERAL (INTEIRO)
800,DISTRITO FEDERAL (INTEIRO)
801,DISTRITO FEDERAL (INTEIRO)
802,II
803,II
804,II
805,DISTRITO FEDERAL (INTEIRO)
806,DISTRITO FEDERAL (INTEIRO)
807,DISTRITO FEDERAL (INTEIRO)
808,DISTRITO FEDERAL (INTEIRO)
809,DISTRITO FEDERAL (INTEIRO)
810,DISTRITO FEDERAL (INTEIRO)
811,DISTRITO FEDERAL (INTEIRO)
812,II
813,DISTRITO FEDERAL (INTEIRO)
814,DISTRITO FEDERAL (INTEIRO)
815,III
816,III
817,DISTRITO FEDERAL (INTEIRO)
818,DISTRITO FEDERAL (INTEIRO)
819,III
820,III
821,III
822,III
823,DISTRITO FEDERAL (INTEIRO)
824,DISTRITO FEDERAL (INTEIRO)
825,DISTRITO FEDERAL (INTEIRO)
826,DISTRITO FEDERAL (INTEIRO)
827,DISTRITO FEDERAL (INTEIRO)
828,XVII
829,XVII
830,XVII
831,DISTRITO FEDERAL (INTEIRO)
832,DISTRITO FEDERAL (INTEIRO)
833,DISTRITO FEDERAL (INTEIRO)
834,DISTRITO FEDERAL (INTEIRO)
835,II
836,II
837,DISTRITO FEDERAL (INTEIRO)
838,DISTRITO FEDERAL (INTEIRO)
839,DISTRITO FEDERAL (INTEIRO)
840,DISTRITO FEDERAL (INTEIRO)
841,DISTRITO FEDERAL (INTEIRO)
842,DISTRITO FEDERAL (INTEIRO)
843,DISTRITO FEDERAL (INTEIRO)
844,DISTRITO FEDERAL (INTEIRO)
845,XXIX
846,DISTRITO FEDERAL (INTEIRO)
847,DISTRITO FEDERAL (INTEIRO)
848,DISTRITO FEDERAL (INTEIRO)
849,DISTRITO FEDERAL (INTEIRO)
850,DISTRITO FEDERAL (INTEIRO)
851,DISTRITO FEDERAL (INTEIRO)
852,DISTRITO FEDERAL (INTEIRO)
853,XXX
854,DISTRITO FEDERAL (INTEIRO)
855,DISTRITO FEDERAL (INTEIRO)
856,DISTRITO FEDERAL (INTEIRO)
857,DISTRITO FEDERAL (INTEIRO)
858,DISTRITO FEDERAL (INTEIRO)
859,XV
860,XV
861,XIII
862,DISTRITO FEDERAL (INTEIRO)
863,II
864,XVII
865,II
866,DISTRITO FEDERAL (INTEIRO)
867,VII
868,DISTRITO FEDERAL (INTEIRO)
869,DISTRITO FEDERAL (INTEIRO)
870,DISTRITO FEDERAL (INTEIRO)
870,XVIII
871,DISTRITO FEDERAL (INTEIRO)
872,DISTRITO FEDERAL (INTEIRO)
873,DISTRITO FEDERAL (INTEIRO)
874,II
875,DISTRITO FEDERAL (INTEIRO)
876,DISTRITO FEDERAL (INTEIRO)
877,DISTRITO FEDERAL (INTEIRO)
878,DISTRITO FEDERAL (INTEIRO)
879,DISTRITO FEDERAL (INTEIRO)
880,VII
881,VII
882,VII
883,VII
884,VII
885,VII
886,VII
887,VII
888,I
889,DISTRITO FEDERAL (INTEIRO)
890,DISTRITO FEDERAL (INTEIRO)
891,DISTRITO FEDERAL (INTEIRO)
892,DISTRITO FEDERAL (INTEIRO)
893,DISTRITO FEDERAL (INTEIRO)
894,DISTRITO FEDERAL (INTEIRO)
895,DISTRITO FEDERAL (INTEIRO)
896,IX
897,IX
898,XV
899,II
900,IX
901,DISTRITO FEDERAL (INTEIRO)
902,DISTRITO FEDERAL (INTEIRO)
903,DISTRITO FEDERAL (INTEIRO)
904,DISTRITO FEDERAL (INTEIRO)
905,DISTRITO FEDERAL (INTEIRO)
906,DISTRITO FEDERAL (INTEIRO)
907,DISTRITO FEDERAL (INTEIRO)
908,II
909,II
910,XV
911,VII
912,VII
913,DISTRITO FEDERAL (INTEIRO)
914,DISTRITO FEDERAL (INTEIRO)
915,DISTRITO FEDERAL (INTEIRO)
916,VII
917,VII
918,VII
919,DISTRITO FEDERAL (INTEIRO)
920,DISTRITO FEDERAL (INTEIRO)
921,DISTRITO FEDERAL (INTEIRO)
922,DISTRITO FEDERAL (INTEIRO)
923,DISTRITO FEDERAL (INTEIRO)
924,DISTRITO FEDERAL (INTEIRO)
925,DISTRITO FEDERAL (INTEIRO)
926,DISTRITO FEDERAL (INTEIRO)
927,DISTRITO FEDERAL (INTEIRO)
928,DISTRITO FEDERAL (INTEIRO)
929,XXIV
930,XXIV
931,XXIV
932,DISTRITO FEDERAL (INTEIRO)
933,DISTRITO FEDERAL (INTEIRO)
934,DISTRITO FEDERAL (INTEIRO)
935,DISTRITO FEDERAL (INTEIRO)
936,DISTRITO FEDERAL (INTEIRO)
937,DISTRITO FEDERAL (INTEIRO)
938,DISTRITO FEDERAL (INTEIRO)
939,DISTRITO FEDERAL (INTEIRO)
940,DISTRITO FEDERAL (INTEIRO)
941,DISTRITO FEDERAL (INTEIRO)
942,DISTRITO FEDERAL (INTEIRO)
943,DISTRITO FEDERAL (INTEIRO)
944,DISTRITO FEDERAL (INTEIRO)
945,DISTRITO FEDERAL (INTEIRO)
946,DISTRITO FEDERAL (INTEIRO)
947,DISTRITO FEDERAL (INTEIRO)
948,DISTRITO FEDERAL (INTEIRO)
949,DISTRITO FEDERAL (INTEIRO)
950,DISTRITO FEDERAL (INTEIRO)
951,DISTRITO FEDERAL (INTEIRO)
952,DISTRITO FEDERAL (INTEIRO)
953,DISTRITO FEDERAL (INTEIRO)
954,DISTRITO FEDERAL (INTEIRO)
955,VI
956,VI
957,VI
958,DISTRITO FEDERAL (INTEIRO)
959,DISTRITO FEDERAL (INTEIRO)
960,DISTRITO FEDERAL (INTEIRO)
961,XXVIII
962,DISTRITO FEDERAL (INTEIRO)
963,DISTRITO FEDERAL (INTEIRO)
964,DISTRITO FEDERAL (INTEIRO)
965,DISTRITO FEDERAL (INTEIRO)
966,II
967,II
968,II
969,DISTRITO FEDERAL (INTEIRO)
970,DISTRITO FEDERAL (INTEIRO)
971,DISTRITO FEDERAL (INTEIRO)
972,DISTRITO FEDERAL (INTEIRO)
973,DISTRITO FEDERAL (INTEIRO)
974,DISTRITO FEDERAL (INTEIRO)
975,DISTRITO FEDERAL (INTEIRO)
976,DISTRITO FEDERAL (INTEIRO)
977,XIII
978,XIII
979,DISTRITO FEDERAL (INTEIRO)
980,IX
981,IX
982,IX
983,IX
984,IX
985,IX
986,IX
987,IX
988,IX
989,IX
990,DISTRITO FEDERAL (INTEIRO)
991,DISTRITO FEDERAL (INTEIRO)
992,DISTRITO FEDERAL (INTEIRO)
993,II
994,II
995,II
996,II
997,II
998,II
999,II
1000,II
1001,II
1002,XXI
1003,XXI
1004,DISTRITO FEDERAL (INTEIRO)
1005,DISTRITO FEDERAL (INTEIRO)
1006,DISTRITO FEDERAL (INTEIRO)
1007,DISTRITO FEDERAL (INTEIRO)
1008,DISTRITO FEDERAL (INTEIRO)
1009,DISTRITO FEDERAL (INTEIRO)
1010,DISTRITO FEDERAL (INTEIRO)
1011,DISTRITO FEDERAL (INTEIRO)
1012,XIII
1013,XXI
1014,XXI
1015,XXI
1016,DISTRITO FEDERAL (INTEIRO)
1017,DISTRITO FEDERAL (INTEIRO)
1018,DISTRITO FEDERAL (INTEIRO)
1019,DISTRITO FEDERAL (INTEIRO)
1020,DISTRITO FEDERAL (INTEIRO)
1021,DISTRITO FEDERAL (INTEIRO)
1022,DISTRITO FEDERAL (INTEIRO)
1023,DISTRITO FEDERAL (INTEIRO)
1024,XIII
1025,DISTRITO FEDERAL (INTEIRO)
1026,DISTRITO FEDERAL (INTEIRO)
1026,III
1026,XXX
1027,DISTRITO FEDERAL (INTEIRO)
1028,XXI
1029,XXXII
1030,XXXII
1031,XXXII
1032,DISTRITO FEDERAL (INTEIRO)
1033,DISTRITO FEDERAL (INTEIRO)
1034,DISTRITO FEDERAL (INTEIRO)
1035,DISTRITO FEDERAL (INTEIRO)
1036,DISTRITO FEDERAL (INTEIRO)
1037,DISTRITO FEDERAL (INTEIRO)
1038,VI
1039,DISTRITO FEDERAL (INTEIRO)
1039,XII
1040,DISTRITO FEDERAL (INTEIRO)
1041,DISTRITO FEDERAL (INTEIRO)
1042,DISTRITO FEDERAL (INTEIRO)
1043,III
1044,DISTRITO FEDERAL (INTEIRO)
1045,DISTRITO FEDERAL (INTEIRO)
1046,DISTRITO FEDERAL (INTEIRO)
1047,DISTRITO FEDERAL (INTEIRO)
1048,XIII
1049,DISTRITO FEDERAL (INTEIRO)
1050,DISTRITO FEDERAL (INTEIRO)
1051,DISTRITO FEDERAL (INTEIRO)
1052,XXIV
1053,DISTRITO FEDERAL (INTEIRO)
1054,XIII
1055,XXX
1056,XXX
1057,DISTRITO FEDERAL (INTEIRO)
1058,DISTRITO FEDERAL (INTEIRO)
1059,DISTRITO FEDERAL (INTEIRO)
1060,DISTRITO FEDERAL (INTEIRO)
1061,DISTRITO FEDERAL (INTEIRO)
1062,DISTRITO FEDERAL (INTEIRO)
1063,XV
1064,DISTRITO FEDERAL (INTEIRO)
1065,DISTRITO FEDERAL (INTEIRO)
1066,XV
1067,VI
1068,DISTRITO FEDERAL (INTEIRO)
1069,DISTRITO FEDERAL (INTEIRO)
1070,DISTRITO FEDERAL (INTEIRO)
1071,V
1072,V
1073,V
1074,DISTRITO FEDERAL (INTEIRO)
1075,III
1076,XIV
1077,II
1078,DISTRITO FEDERAL (INTEIRO)
1079,II
1080,II
1081,II
1082,II
1083,II
1084,II
1085,II
1086,II
1087,II
1088,II
1089,II
1090,II
1091,DISTRITO FEDERAL (INTEIRO)
1092,DISTRITO FEDERAL (INTEIRO)
1093,DISTRITO FEDERAL (INTEIRO)
1094,DISTRITO FEDERAL (INTEIRO)
1095,DISTRITO FEDERAL (INTEIRO)
1096,IX
1097,DISTRITO FEDERAL (INTEIRO)
1098,DISTRITO FEDERAL (INTEIRO)
1099,DISTRITO FEDERAL (INTEIRO)
1100,DISTRITO FEDERAL (INTEIRO)
1101,DISTRITO FEDERAL (INTEIRO)
1102,DISTRITO FEDERAL (INTEIRO)
1103,DISTRITO FEDERAL (INTEIRO)
1104,DISTRITO FEDERAL (INTEIRO)
1105,VI
1106,DISTRITO FEDERAL (INTEIRO)
1107,DISTRITO FEDERAL (INTEIRO)
1108,DISTRITO FEDERAL (INTEIRO)
1109,DISTRITO FEDERAL (INTEIRO)
1110,DISTRITO FEDERAL (INTEIRO)
1111,DISTRITO FEDERAL (INTEIRO)
1112,DISTRITO FEDERAL (INTEIRO)
1113,DISTRITO FEDERAL (INTEIRO)
1114,DISTRITO FEDERAL (INTEIRO)
1115,DISTRITO FEDERAL (INTEIRO)
1116,DISTRITO FEDERAL (INTEIRO)
1117,DISTRITO FEDERAL (INTEIRO)
1118,DISTRITO FEDERAL (INTEIRO)
1119,DISTRITO FEDERAL (INTEIRO)
1120,DISTRITO FEDERAL (INTEIRO)
1121,DISTRITO FEDERAL (INTEIRO)
1122,DISTRITO FEDERAL (INTEIRO)
1123,DISTRITO FEDERAL (INTEIRO)
1124,DISTRITO FEDERAL (INTEIRO)
1125,DISTRITO FEDERAL (INTEIRO)
1126,DISTRITO FEDERAL (INTEIRO)
1127,DISTRITO FEDERAL (INTEIRO)
1128,DISTRITO FEDERAL (INTEIRO)
1129,DISTRITO FEDERAL (INTEIRO)
1130,DISTRITO FEDERAL (INTEIRO)
1131,DISTRITO FEDERAL (INTEIRO)
1132,DISTRITO FEDERAL (INTEIRO)
1133,DISTRITO FEDERAL (INTEIRO)
1134,DISTRITO FEDERAL (INTEIRO)
1135,DISTRITO FEDERAL (INTEIRO)
1136,DISTRITO FEDERAL (INTEIRO)
1137,DISTRITO FEDERAL (INTEIRO)
1138,DISTRITO FEDERAL (INTEIRO)
1139,DISTRITO FEDERAL (INTEIRO)
1140,DISTRITO FEDERAL (INTEIRO)
1141,DISTRITO FEDERAL (INTEIRO)
1142,DISTRITO FEDERAL (INTEIRO)
1143,I
1144,DISTRITO FEDERAL (INTEIRO)
1145,I
1146,DISTRITO FEDERAL (INTEIRO)
1147,DISTRITO FEDERAL (INTEIRO)
1148,DISTRITO FEDERAL (INTEIRO)
1149,DISTRITO FEDERAL (INTEIRO)
1150,DISTRITO FEDERAL (INTEIRO)
1151,DISTRITO FEDERAL (INTEIRO)
1152,DISTRITO FEDERAL (INTEIRO)
1153,DISTRITO FEDERAL (INTEIRO)
1154,DISTRITO FEDERAL (INTEIRO)
1155,DISTRITO FEDERAL (INTEIRO)
1156,DISTRITO FEDERAL (INTEIRO)
1157,DISTRITO FEDERAL (INTEIRO)
1158,DISTRITO FEDERAL (INTEIRO)
1159,XIII
1160,DISTRITO FEDERAL (INTEIRO)
1161,DISTRITO FEDERAL (INTEIRO)
1162,DISTRITO FEDERAL (INTEIRO)
1163,DISTRITO FEDERAL (INTEIRO)
1164,DISTRITO FEDERAL (INTEIRO)
1165,DISTRITO FEDERAL (INTEIRO)
1166,DISTRITO FEDERAL (INTEIRO)
1167,DISTRITO FEDERAL (INTEIRO)
1168,DISTRITO FEDERAL (INTEIRO)
1169,DISTRITO FEDERAL (INTEIRO)
1170,DISTRITO FEDERAL (INTEIRO)
1171,DISTRITO FEDERAL (INTEIRO)
1172,DISTRITO FEDERAL (INTEIRO)
1173,DISTRITO FEDERAL (INTEIRO)
1174,DISTRITO FEDERAL (INTEIRO)
1175,DISTRITO FEDERAL (INTEIRO)
1176,DISTRITO FEDERAL (INTEIRO)
1177,DISTRITO FEDERAL (INTEIRO)
1178,DISTRITO FEDERAL (INTEIRO)
1179,DISTRITO FEDERAL (INTEIRO)
1180,DISTRITO FEDERAL (INTEIRO)
1181,DISTRITO FEDERAL (INTEIRO)
1182,DISTRITO FEDERAL (INTEIRO)
1183,DISTRITO FEDERAL (INTEIRO)
1184,DISTRITO FEDERAL (INTEIRO)
1185,DISTRITO FEDERAL (INTEIRO)
1186,DISTRITO FEDERAL (INTEIRO)
1187,DISTRITO FEDERAL (INTEIRO)
1188,DISTRITO FEDERAL (INTEIRO)
1189,DISTRITO FEDERAL (INTEIRO)
1190,DISTRITO FEDERAL (INTEIRO)
1191,DISTRITO FEDERAL (INTEIRO)
1192,DISTRITO FEDERAL (INTEIRO)
1193,DISTRITO FEDERAL (INTEIRO)
1194,DISTRITO FEDERAL (INTEIRO)
1195,DISTRITO FEDERAL (INTEIRO)
1196,DISTRITO FEDERAL (INTEIRO)
1197,DISTRITO FEDERAL (INTEIRO)
1198,DISTRITO FEDERAL (INTEIRO)
1199,III
1200,VI
1201,VI
1202,DISTRITO FEDERAL (INTEIRO)
1203,DISTRITO FEDERAL (INTEIRO)
1204,VI
1205,DISTRITO FEDERAL (INTEIRO)
1206,DISTRITO FEDERAL (INTEIRO)
1207,II
1208,DISTRITO FEDERAL (INTEIRO)
1209,DISTRITO FEDERAL (INTEIRO)
1210,DISTRITO FEDERAL (INTEIRO)
1211,DISTRITO FEDERAL (INTEIRO)
1212,DISTRITO FEDERAL (INTEIRO)
1213,DISTRITO FEDERAL (INTEIRO)
1214,XII
1215,DISTRITO FEDERAL (INTEIRO)
1216,DISTRITO FEDERAL (INTEIRO)
1217,DISTRITO FEDERAL (INTEIRO)
1218,DISTRITO FEDERAL (INTEIRO)
1219,DISTRITO FEDERAL (INTEIRO)
1220,DISTRITO FEDERAL (INTEIRO)
1221,DISTRITO FEDERAL (INTEIRO)
1222,DISTRITO FEDERAL (INTEIRO)
1223,DISTRITO FEDERAL (INTEIRO)
1224,XXII
1225,DISTRITO FEDERAL (INTEIRO)
1226,XIII
1227,XIII
1228,I
1229,DISTRITO FEDERAL (INTEIRO)
1230,II
1231,II
1232,DISTRITO FEDERAL (INTEIRO)
1233,XXX
1234,III
1235,III
1236,DISTRITO FEDERAL (INTEIRO)
1237,DISTRITO FEDERAL (INTEIRO)
1238,XXX
1239,DISTRITO FEDERAL (INTEIRO)
1240,DISTRITO FEDERAL (INTEIRO)
1241,V
1242,II
1243,DISTRITO FEDERAL (INTEIRO)
1244,XXX
1245,DISTRITO FEDERAL (INTEIRO)
1246,III
1247,III
1248,DISTRITO FEDERAL (INTEIRO)
1249,DISTRITO FEDERAL (INTEIRO)
1250,DISTRITO FEDERAL (INTEIRO)
1250,XII
1251,DISTRITO FEDERAL (INTEIRO)
1252,I
1253,DISTRITO FEDERAL (INTEIRO)
1254,DISTRITO FEDERAL (INTEIRO)
1255,DISTRITO FEDERAL (INTEIRO)
1256,DISTRITO FEDERAL (INTEIRO)
1257,II
1258,III
1259,DISTRITO FEDERAL (INTEIRO)
1260,DISTRITO FEDERAL (INTEIRO)
1261,DISTRITO FEDERAL (INTEIRO)
1262,DISTRITO FEDERAL (INTEIRO)
1263,DISTRITO FEDERAL (INTEIRO)
1264,DISTRITO FEDERAL (INTEIRO)
1265,II
1266,II
1267,II
1268,DISTRITO FEDERAL (INTEIRO)
1269,DISTRITO FEDERAL (INTEIRO)
1270,VII
1271,DISTRITO FEDERAL (INTEIRO)
1272,V
1273,II
1274,DISTRITO FEDERAL (INTEIRO)
1275,V
1276,V
1277,V
1278,V
1279,V
1280,V
1281,V
1282,V
1283,XXI
1284,XVII
1285,XX
1286,DISTRITO FEDERAL (INTEIRO)
1287,DISTRITO FEDERAL (INTEIRO)
1288,DISTRITO FEDERAL (INTEIRO)
1289,DISTRITO FEDERAL (INTEIRO)
1290,I
1291,I
1292,DISTRITO FEDERAL (INTEIRO)
1293,DISTRITO FEDERAL (INTEIRO)
1294,DISTRITO FEDERAL (INTEIRO)
1295,I
1296,DISTRITO FEDERAL (INTEIRO)
1297,DISTRITO FEDERAL (INTEIRO)
1298,DISTRITO FEDERAL (INTEIRO)
1299,DISTRITO FEDERAL (INTEIRO)
1300,DISTRITO FEDERAL (INTEIRO)
1301,DISTRITO FEDERAL (INTEIRO)
1302,DISTRITO FEDERAL (INTEIRO)
1303,DISTRITO FEDERAL (INTEIRO)
1304,I
1305,I
1306,I
1307,I
1308,I
1309,I
1310,I
1311,I
1312,I
1313,I
1314,I
1315,I
1316,I
1317,I
1318,I
1319,I
1320,I
1321,I
1322,I
1323,I
1324,I
1325,I
1326,I
1327,I
1328,I
1329,I
1330,I
1331,I
1332,I
1333,DISTRITO FEDERAL (INTEIRO)
1334,DISTRITO FEDERAL (INTEIRO)
1335,DISTRITO FEDERAL (INTEIRO)
1336,DISTRITO FEDERAL (INTEIRO)
1337,DISTRITO FEDERAL (INTEIRO)
1338,DISTRITO FEDERAL (INTEIRO)
1339,DISTRITO FEDERAL (INTEIRO)
1340,I
1341,I
1342,I
1343,I
1344,I
1345,I
1346,I
1347,I
1348,I
1349,I
1350,I
1351,I
1352,I
1353,I
1354,I
1355,I
1356,I
1357,I
1358,I
1359,I
1360,I
1361,I
1362,I
1363,I
1364,I
1365,I
1366,I
1367,I
1368,I
1369,DISTRITO FEDERAL (INTEIRO)
1369,I
1370,I
1371,I
1372,I
1373,I
1374,I
1375,I
1376,I
1376,OUTROS ESTADOS
1377,I
1378,I
1379,I
1380,I
1381,XXXII
1382,I
1383,I
1384,I
1385,XIII
1386,I
1387,I
1388,I
1389,I
1390,I
1391,I
1392,I
1393,I
1394,I
1395,I
1396,I
1397,I
1398,I
1399,I
1400,I
1401,I
1402,I
1403,XIII
1404,I
1405,I
1406,I
1407,I
1408,I
1409,I
1410,I
1411,I
1412,I
1413,I
1414,I
1415,I
1416,I
1417,I
1418,I
1419,I
1420,I
1421,I
1422,I
1423,I
1424,I
1425,I
1426,I
1427,I
1428,I
1429,I
1430,I
1431,I
1432,I
1433,I
1434,I
1435,I
1436,I
1437,DISTRITO FEDERAL (INTEIRO)
1438,I
1439,I
1440,I
1441,I
1442,DISTRITO FEDERAL (INTEIRO)
1443,DISTRITO FEDERAL (INTEIRO)
1444,DISTRITO FEDERAL (INTEIRO)
1445,DISTRITO FEDERAL (INTEIRO)
1446,DISTRITO FEDERAL (INTEIRO)
1447,DISTRITO FEDERAL (INTEIRO)
1448,DISTRITO FEDERAL (INTEIRO)
1449,DISTRITO FEDERAL (INTEIRO)
1450,DISTRITO FEDERAL (INTEIRO)
1451,DISTRITO FEDERAL (INTEIRO)
1452,XXV
1453,DISTRITO FEDERAL (INTEIRO)
1454,DISTRITO FEDERAL (INTEIRO)
1455,I
1456,I
1457,I
1458,I
1459,I
1460,I
1461,I
1462,I
1463,I
1464,I
1465,I
1466,I
1467,I
1468,I
1469,I
1470,I
1471,I
1472,I
1473,I
1474,I
1475,I
1476,I
1477,I
1478,I
1479,I
1480,I
1481,I
1482,I
1483,DISTRITO FEDERAL (INTEIRO)
1484,I
1485,I
1486,I
1487,I
1488,I
1489,I
1490,I
1491,I
1492,I
1493,I
1494,I
1495,I
1496,I
1497,I
1498,I
1499,DISTRITO FEDERAL (INTEIRO)
1500,I
1501,I
1502,DISTRITO FEDERAL (INTEIRO)
1503,I
1504,I
1505,I
1506,I
1507,I
1508,I
1509,I
1510,I
1511,I
1512,I
1513,I
1514,I
1515,I
1516,I
1517,I
1518,I
1519,I
1520,I
1521,I
1522,I
1523,I
1524,DISTRITO FEDERAL (INTEIRO)
1525,I
1526,DISTRITO FEDERAL (INTEIRO)
1527,I
1528,I
1529,I
1530,I
1531,I
1532,I
1533,I
1534,I
1535,I
1536,I
1537,I
1538,DISTRITO FEDERAL (INTEIRO)
1539,I
1540,I
1541,I
1542,I
1543,I
1544,I
1545,I
1546,I
1547,I
1548,I
1549,I
1550,I
1551,I
1552,I
1553,I
1554,I
1555,I
1556,I
1557,I
1558,I
1559,I
1560,I
1561,I
1562,I
1563,I
1564,I
1565,I
1566,I
1567,I
1568,I
1569,I
1570,I
1571,I
1572,I
1573,I
1574,I
1575,I
1576,I
1577,I
1578,I
1579,I
1580,I
1581,I
1582,I
1583,I
1584,I
1585,I
1586,I
1587,I
1588,I
1589,I
1590,I
1591,I
1592,I
1593,I
1594,I
1595,I
1596,I
1597,I
1598,I
1599,I
1600,I
1601,I
1602,I
1603,I
1604,I
1605,DISTRITO FEDERAL (INTEIRO)
1606,I
1607,XIII
1608,I
1609,I
1610,I
1611,I
1612,DISTRITO FEDERAL (INTEIRO)
1613,I
1614,I
1615,I
1616,I
1617,XXX
1618,XXX
1619,XXX
1620,XXX
1621,XXX
1622,I
1623,I
1624,I
1625,I
1626,I
1627,I
1628,DISTRITO FEDERAL (INTEIRO)
1629,XIII
1630,I
1631,I
1632,I
1633,I
1634,I
1634,V
1635,I
1636,I
1637,I
1638,I
1639,I
1640,I
1641,I
1642,I
1643,I
1644,I
1645,I
1646,I
1647,I
1648,I
1649,I
1650,I
1651,I
1652,DISTRITO FEDERAL (INTEIRO)
1653,DISTRITO FEDERAL (INTEIRO)
1654,DISTRITO FEDERAL (INTEIRO)
1655,I
1656,DISTRITO FEDERAL (INTEIRO)
1657,DISTRITO FEDERAL (INTEIRO)
1658,DISTRITO FEDERAL (INTEIRO)
1659,XIII
1660,DISTRITO FEDERAL (INTEIRO)
1660,XXI
1661,DISTRITO FEDERAL (INTEIRO)
1662,DISTRITO FEDERAL (INTEIRO)
1663,XII
1664,DISTRITO FEDERAL (INTEIRO)
1665,I
1666,I
1667,I
1668,I
1669,DISTRITO FEDERAL (INTEIRO)
1670,DISTRITO FEDERAL (INTEIRO)
1671,DISTRITO FEDERAL (INTEIRO)
1672,IX
1673,XX
1674,IX
1675,IX
1676,DISTRITO FEDERAL (INTEIRO)
1677,DISTRITO FEDERAL (INTEIRO)
1678,DISTRITO FEDERAL (INTEIRO)
1679,IX
1680,DISTRITO FEDERAL (INTEIRO)
1681,IX
1682,III
1683,DISTRITO FEDERAL (INTEIRO)
1684,VI
1685,II
1686,XXVIII
1687,II
1688,DISTRITO FEDERAL (INTEIRO)
1689,DISTRITO FEDERAL (INTEIRO)
1690,DISTRITO FEDERAL (INTEIRO)
1691,DISTRITO FEDERAL (INTEIRO)
1692,DISTRITO FEDERAL (INTEIRO)
1693,DISTRITO FEDERAL (INTEIRO)
1694,DISTRITO FEDERAL (INTEIRO)
1695,DISTRITO FEDERAL (INTEIRO)
1696,DISTRITO FEDERAL (INTEIRO)
1697,DISTRITO FEDERAL (INTEIRO)
1698,DISTRITO FEDERAL (INTEIRO)
1699,DISTRITO FEDERAL (INTEIRO)
1700,DISTRITO FEDERAL (INTEIRO)
1701,DISTRITO FEDERAL (INTEIRO)
1702,VI
1703,VI
1704,DISTRITO FEDERAL (INTEIRO)
1705,DISTRITO FEDERAL (INTEIRO)
1706,DISTRITO FEDERAL (INTEIRO)
1707,DISTRITO FEDERAL (INTEIRO)
1708,DISTRITO FEDERAL (INTEIRO)
1709,DISTRITO FEDERAL (INTEIRO)
1710,IX
1711,DISTRITO FEDERAL (INTEIRO)
1712,DISTRITO FEDERAL (INTEIRO)
1713,DISTRITO FEDERAL (INTEIRO)
1714,DISTRITO FEDERAL (INTEIRO)
1715,XII
1716,DISTRITO FEDERAL (INTEIRO)
1717,DISTRITO FEDERAL (INTEIRO)
1718,DISTRITO FEDERAL (INTEIRO)
1719,VI
1720,DISTRITO FEDERAL (INTEIRO)
1721,DISTRITO FEDERAL (INTEIRO)
1722,DISTRITO FEDERAL (INTEIRO)
1723,DISTRITO FEDERAL (INTEIRO)
1724,DISTRITO FEDERAL (INTEIRO)
1725,DISTRITO FEDERAL (INTEIRO)
1726,DISTRITO FEDERAL (INTEIRO)
1727,DISTRITO FEDERAL (INTEIRO)
1728,DISTRITO FEDERAL (INTEIRO)
1729,DISTRITO FEDERAL (INTEIRO)
1730,DISTRITO FEDERAL (INTEIRO)
1731,DISTRITO FEDERAL (INTEIRO)
1732,DISTRITO FEDERAL (INTEIRO)
1733,DISTRITO FEDERAL (INTEIRO)
1734,DISTRITO FEDERAL (INTEIRO)
1735,DISTRITO FEDERAL (INTEIRO)
1736,DISTRITO FEDERAL (INTEIRO)
1737,DISTRITO FEDERAL (INTEIRO)
1738,DISTRITO FEDERAL (INTEIRO)
1739,DISTRITO FEDERAL (INTEIRO)
1740,DISTRITO FEDERAL (INTEIRO)
1741,DISTRITO FEDERAL (INTEIRO)
1742,DISTRITO FEDERAL (INTEIRO)
1743,DISTRITO FEDERAL (INTEIRO)
1744,II
1745,DISTRITO FEDERAL (INTEIRO)
1746,OUTROS ESTADOS
1747,DISTRITO FEDERAL (INTEIRO)
1748,DISTRITO FEDERAL (INTEIRO)
1749,DISTRITO FEDERAL (INTEIRO)
1750,DISTRITO FEDERAL (INTEIRO)
1751,DISTRITO FEDERAL (INTEIRO)
1752,DISTRITO FEDERAL (INTEIRO)
1753,DISTRITO FEDERAL (INTEIRO)
1754,DISTRITO FEDERAL (INTEIRO)
1755,VII
1756,VII
1757,VII
1758,VII
1759,ENTORNO
1760,DISTRITO FEDERAL (INTEIRO)
1761,IX
1762,IX
1763,IX
1764,DISTRITO FEDERAL (INTEIRO)
1765,IX
1766,XX
1767,III
1768,DISTRITO FEDERAL (INTEIRO)
1769,DISTRITO FEDERAL (INTEIRO)
1770,DISTRITO FEDERAL (INTEIRO)
1771,DISTRITO FEDERAL (INTEIRO)
1772,DISTRITO FEDERAL (INTEIRO)
1773,DISTRITO FEDERAL (INTEIRO)
1774,DISTRITO FEDERAL (INTEIRO)
1775,II
1776,DISTRITO FEDERAL (INTEIRO)
1777,DISTRITO FEDERAL (INTEIRO)
1778,DISTRITO FEDERAL (INTEIRO)
1779,DISTRITO FEDERAL (INTEIRO)
1780,DISTRITO FEDERAL (INTEIRO)
1781,DISTRITO FEDERAL (INTEIRO)
1782,DISTRITO FEDERAL (INTEIRO)
1783,II
1784,II
1785,II
1786,IX
1786,XII
1787,DISTRITO FEDERAL (INTEIRO)
1788,DISTRITO FEDERAL (INTEIRO)
1789,DISTRITO FEDERAL (INTEIRO)
1790,DISTRITO FEDERAL (INTEIRO)
1791,DISTRITO FEDERAL (INTEIRO)
1792,DISTRITO FEDERAL (INTEIRO)
1793,XXIV
1794,DISTRITO FEDERAL (INTEIRO)
1795,DISTRITO FEDERAL (INTEIRO)
1796,DISTRITO FEDERAL (INTEIRO)
1797,DISTRITO FEDERAL (INTEIRO)
1798,DISTRITO FEDERAL (INTEIRO)
1799,DISTRITO FEDERAL (INTEIRO)
1800,DISTRITO FEDERAL (INTEIRO)
1801,DISTRITO FEDERAL (INTEIRO)
1802,DISTRITO FEDERAL (INTEIRO)
1803,DISTRITO FEDERAL (INTEIRO)
1804,DISTRITO FEDERAL (INTEIRO)
1805,DISTRITO FEDERAL (INTEIRO)
1806,DISTRITO FEDERAL (INTEIRO)
1807,DISTRITO FEDERAL (INTEIRO)
1808,DISTRITO FEDERAL (INTEIRO)
1809,DISTRITO FEDERAL (INTEIRO)
1810,DISTRITO FEDERAL (INTEIRO)
1811,DISTRITO FEDERAL (INTEIRO)
1812,DISTRITO FEDERAL (INTEIRO)
1813,DISTRITO FEDERAL (INTEIRO)
1814,DISTRITO FEDERAL (INTEIRO)
1815,DISTRITO FEDERAL (INTEIRO)
1816,DISTRITO FEDERAL (INTEIRO)
1817,DISTRITO FEDERAL (INTEIRO)
1818,DISTRITO FEDERAL (INTEIRO)
1819,DISTRITO FEDERAL (INTEIRO)
1820,DISTRITO FEDERAL (INTEIRO)
1821,DISTRITO FEDERAL (INTEIRO)
1822,DISTRITO FEDERAL (INTEIRO)
1823,DISTRITO FEDERAL (INTEIRO)
1824,DISTRITO FEDERAL (INTEIRO)
1825,DISTRITO FEDERAL (INTEIRO)
1826,DISTRITO FEDERAL (INTEIRO)
1827,XII
1828,DISTRITO FEDERAL (INTEIRO)
1829,DISTRITO FEDERAL (INTEIRO)
1830,DISTRITO FEDERAL (INTEIRO)
1831,DISTRITO FEDERAL (INTEIRO)
1832,DISTRITO FEDERAL (INTEIRO)
1833,DISTRITO FEDERAL (INTEIRO)
1834,DISTRITO FEDERAL (INTEIRO)
1835,DISTRITO FEDERAL (INTEIRO)
1836,DISTRITO FEDERAL (INTEIRO)
1837,DISTRITO FEDERAL (INTEIRO)
1838,DISTRITO FEDERAL (INTEIRO)
1839,DISTRITO FEDERAL (INTEIRO)
1840,DISTRITO FEDERAL (INTEIRO)
1841,DISTRITO FEDERAL (INTEIRO)
1842,DISTRITO FEDERAL (INTEIRO)
1843,DISTRITO FEDERAL (INTEIRO)
1844,DISTRITO FEDERAL (INTEIRO)
1845,DISTRITO FEDERAL (INTEIRO)
1846,DISTRITO FEDERAL (INTEIRO)
1846,XXVII
1847,DISTRITO FEDERAL (INTEIRO)
1847,XXVII
1848,DISTRITO FEDERAL (INTEIRO)
1848,XXVII
1849,DISTRITO FEDERAL (INTEIRO)
1849,XXVII
1850,DISTRITO FEDERAL (INTEIRO)
1850,XXVII
1851,DISTRITO FEDERAL (INTEIRO)
1851,XXVII
1852,DISTRITO FEDERAL (INTEIRO)
1852,XXVII
1853,DISTRITO FEDERAL (INTEIRO)
1853,XXVII
1854,DISTRITO FEDERAL (INTEIRO)
1855,I
1856,DISTRITO FEDERAL (INTEIRO)
1857,DISTRITO FEDERAL (INTEIRO)
1858,DISTRITO FEDERAL (INTEIRO)
1859,DISTRITO FEDERAL (INTEIRO)
1860,XXI
1861,IX
1862,DISTRITO FEDERAL (INTEIRO)
1863,DISTRITO FEDERAL (INTEIRO)
1864,DISTRITO FEDERAL (INTEIRO)
1865,DISTRITO FEDERAL (INTEIRO)
1866,DISTRITO FEDERAL (INTEIRO)
1867,DISTRITO FEDERAL (INTEIRO)
1868,DISTRITO FEDERAL (INTEIRO)
1869,DISTRITO FEDERAL (INTEIRO)
1870,DISTRITO FEDERAL (INTEIRO)
1871,DISTRITO FEDERAL (INTEIRO)
1872,DISTRITO FEDERAL (INTEIRO)
1873,DISTRITO FEDERAL (INTEIRO)
1874,DISTRITO FEDERAL (INTEIRO)
1875,DISTRITO FEDERAL (INTEIRO)
1876,DISTRITO FEDERAL (INTEIRO)
1877,DISTRITO FEDERAL (INTEIRO)
1878,XIII
1879,DISTRITO FEDERAL (INTEIRO)
1880,DISTRITO FEDERAL (INTEIRO)
1881,DISTRITO FEDERAL (INTEIRO)
1882,DISTRITO FEDERAL (INTEIRO)
1883,DISTRITO FEDERAL (INTEIRO)
1884,DISTRITO FEDERAL (INTEIRO)
1885,DISTRITO FEDERAL (INTEIRO)
1886,DISTRITO FEDERAL (INTEIRO)
1887,DISTRITO FEDERAL (INTEIRO)
1888,DISTRITO FEDERAL (INTEIRO)
1889,DISTRITO FEDERAL (INTEIRO)
1890,DISTRITO FEDERAL (INTEIRO)
1891,DISTRITO FEDERAL (INTEIRO)
1892,DISTRITO FEDERAL (INTEIRO)
1893,DISTRITO FEDERAL (INTEIRO)
1894,DISTRITO FEDERAL (INTEIRO)
1895,DISTRITO FEDERAL (INTEIRO)
1896,DISTRITO FEDERAL (INTEIRO)
1897,DISTRITO FEDERAL (INTEIRO)
1898,DISTRITO FEDERAL (INTEIRO)
1899,DISTRITO FEDERAL (INTEIRO)
1900,DISTRITO FEDERAL (INTEIRO)
1901,IX
1902,IX
1903,VII
1904,VII
1905,VII
1906,VII
1907,VII
1908,VII
1909,VII
1910,VII
1911,VII
1912,DISTRITO FEDERAL (INTEIRO)
1913,IX
1914,IX
1915,IX
1916,XIII
1917,DISTRITO FEDERAL (INTEIRO)
1918,IX
1919,DISTRITO FEDERAL (INTEIRO)
1920,IX
1921,DISTRITO FEDERAL (INTEIRO)
1922,DISTRITO FEDERAL (INTEIRO)
1923,DISTRITO FEDERAL (INTEIRO)
1924,DISTRITO FEDERAL (INTEIRO)
1925,DISTRITO FEDERAL (INTEIRO)
1926,DISTRITO FEDERAL (INTEIRO)
1927,DISTRITO FEDERAL (INTEIRO)
1928,DISTRITO FEDERAL (INTEIRO)
1929,DISTRITO FEDERAL (INTEIRO)
1930,DISTRITO FEDERAL (INTEIRO)
1931,DISTRITO FEDERAL (INTEIRO)
1932,X
1933,X
1934,X
1935,X
1936,X
1937,X
1938,X
1939,X
1940,XXIII
1941,DISTRITO FEDERAL (INTEIRO)
1942,DISTRITO FEDERAL (INTEIRO)
1943,DISTRITO FEDERAL (INTEIRO)
1944,DISTRITO FEDERAL (INTEIRO)
1945,DISTRITO FEDERAL (INTEIRO)
1946,DISTRITO FEDERAL (INTEIRO)
1947,IV
1948,DISTRITO FEDERAL (INTEIRO)
1949,XII
1950,DISTRITO FEDERAL (INTEIRO)
1951,DISTRITO FEDERAL (INTEIRO)
1952,DISTRITO FEDERAL (INTEIRO)
1953,DISTRITO FEDERAL (INTEIRO)
1954,DISTRITO FEDERAL (INTEIRO)
1955,DISTRITO FEDERAL (INTEIRO)
1956,DISTRITO FEDERAL (INTEIRO)
1957,DISTRITO FEDERAL (INTEIRO)
1958,DISTRITO FEDERAL (INTEIRO)
1959,DISTRITO FEDERAL (INTEIRO)
1960,DISTRITO FEDERAL (INTEIRO)
1961,DISTRITO FEDERAL (INTEIRO)
1962,DISTRITO FEDERAL (INTEIRO)
1963,DISTRITO FEDERAL (INTEIRO)
1964,DISTRITO FEDERAL (INTEIRO)
1965,DISTRITO FEDERAL (INTEIRO)
1966,IX
1967,IX
1968,DISTRITO FEDERAL (INTEIRO)
1969,DISTRITO FEDERAL (INTEIRO)
1970,DISTRITO FEDERAL (INTEIRO)
1971,DISTRITO FEDERAL (INTEIRO)
1972,DISTRITO FEDERAL (INTEIRO)
1973,XIII
1974,XII
1975,DISTRITO FEDERAL (INTEIRO)
1976,DISTRITO FEDERAL (INTEIRO)
1977,DISTRITO FEDERAL (INTEIRO)
1978,DISTRITO FEDERAL (INTEIRO)
1979,XXII
1980,DISTRITO FEDERAL (INTEIRO)
1981,DISTRITO FEDERAL (INTEIRO)
1982,I
1983,DISTRITO FEDERAL (INTEIRO)
1984,DISTRITO FEDERAL (INTEIRO)
1985,DISTRITO FEDERAL (INTEIRO)
1986,DISTRITO FEDERAL (INTEIRO)
1987,DISTRITO FEDERAL (INTEIRO)
1988,DISTRITO FEDERAL (INTEIRO)
1989,DISTRITO FEDERAL (INTEIRO)
1990,DISTRITO FEDERAL (INTEIRO)
1991,DISTRITO FEDERAL (INTEIRO)
1992,DISTRITO FEDERAL (INTEIRO)
1993,DISTRITO FEDERAL (INTEIRO)
1994,DISTRITO FEDERAL (INTEIRO)
1995,DISTRITO FEDERAL (INTEIRO)
1996,DISTRITO FEDERAL (INTEIRO)
1997,DISTRITO FEDERAL (INTEIRO)
1998,DISTRITO FEDERAL (INTEIRO)
1999,DISTRITO FEDERAL (INTEIRO)
2000,DISTRITO FEDERAL (INTEIRO)
2001,VIII
2002,DISTRITO FEDERAL (INTEIRO)
2003,XIX
2004,XXIV
2005,IX
2006,DISTRITO FEDERAL (INTEIRO)
2007,XXXII
2008,IX
2009,IX
2010,XXIII
2011,XXIII
2012,XXIII
2013,XXIII
2014,XXIII
2015,XXIII
2016,XXIII
2017,XXIII
2018,DISTRITO FEDERAL (INTEIRO)
2019,DISTRITO FEDERAL (INTEIRO)
2020,DISTRITO FEDERAL (INTEIRO)
2021,XIII
2022,DISTRITO FEDERAL (INTEIRO)
2023,DISTRITO FEDERAL (INTEIRO)
2024,DISTRITO FEDERAL (INTEIRO)
2025,XXXIII
2026,DISTRITO FEDERAL (INTEIRO)
2027,II
2028,III
2029,DISTRITO FEDERAL (INTEIRO)
2030,DISTRITO FEDERAL (INTEIRO)
2031,DISTRITO FEDERAL (INTEIRO)
2032,III
2033,DISTRITO FEDERAL (INTEIRO)
2034,XX
2035,DISTRITO FEDERAL (INTEIRO)
2036,DISTRITO FEDERAL (INTEIRO)
2037,DISTRITO FEDERAL (INTEIRO)
2038,DISTRITO FEDERAL (INTEIRO)
2039,DISTRITO FEDERAL (INTEIRO)
2040,DISTRITO FEDERAL (INTEIRO)
2041,DISTRITO FEDERAL (INTEIRO)
2042,DISTRITO FEDERAL (INTEIRO)
2043,DISTRITO FEDERAL (INTEIRO)
2044,DISTRITO FEDERAL (INTEIRO)
2045,DISTRITO FEDERAL (INTEIRO)
2046,DISTRITO FEDERAL (INTEIRO)
2047,DISTRITO FEDERAL (INTEIRO)
2048,DISTRITO FEDERAL (INTEIRO)
2049,X
2050,DISTRITO FEDERAL (INTEIRO)
2051,XXVIII
2052,I
2053,DISTRITO FEDERAL (INTEIRO)
2054,DISTRITO FEDERAL (INTEIRO)
2055,XXIII
2056,DISTRITO FEDERAL (INTEIRO)
2057,DISTRITO FEDERAL (INTEIRO)
2058,DISTRITO FEDERAL (INTEIRO)
2059,DISTRITO FEDERAL (INTEIRO)
2060,DISTRITO FEDERAL (INTEIRO)
2060,I
2061,DISTRITO FEDERAL (INTEIRO)
2062,DISTRITO FEDERAL (INTEIRO)
2063,DISTRITO FEDERAL (INTEIRO)
2064,DISTRITO FEDERAL (INTEIRO)
2065,DISTRITO FEDERAL (INTEIRO)
2066,DISTRITO FEDERAL (INTEIRO)
2067,X
2068,DISTRITO FEDERAL (INTEIRO)
2069,DISTRITO FEDERAL (INTEIRO)
2070,DISTRITO FEDERAL (INTEIRO)
2071,DISTRITO FEDERAL (INTEIRO)
2072,X
2073,X
2074,X
2075,X
2076,DISTRITO FEDERAL (INTEIRO)
2077,DISTRITO FEDERAL (INTEIRO)
2078,DISTRITO FEDERAL (INTEIRO)
2079,DISTRITO FEDERAL (INTEIRO)
2080,DISTRITO FEDERAL (INTEIRO)
2081,XXII
2082,XXII
2083,XXII
2084,DISTRITO FEDERAL (INTEIRO)
2085,DISTRITO FEDERAL (INTEIRO)
2086,XVIII
2087,XVIII
2088,DISTRITO FEDERAL (INTEIRO)
2089,DISTRITO FEDERAL (INTEIRO)
2090,DISTRITO FEDERAL (INTEIRO)
2091,DISTRITO FEDERAL (INTEIRO)
2092,DISTRITO FEDERAL (INTEIRO)
2093,DISTRITO FEDERAL (INTEIRO)
2094,DISTRITO FEDERAL (INTEIRO)
2095,DISTRITO FEDERAL (INTEIRO)
2096,DISTRITO FEDERAL (INTEIRO)
2097,XVII
2098,DISTRITO FEDERAL (INTEIRO)
2099,DISTRITO FEDERAL (INTEIRO)
2100,DISTRITO FEDERAL (INTEIRO)
2101,IX
2102,XXXII
2103,DISTRITO FEDERAL (INTEIRO)
2104,DISTRITO FEDERAL (INTEIRO)
2105,DISTRITO FEDERAL (INTEIRO)
2106,DISTRITO FEDERAL (INTEIRO)
2107,DISTRITO FEDERAL (INTEIRO)
2108,DISTRITO FEDERAL (INTEIRO)
2109,DISTRITO FEDERAL (INTEIRO)
2110,DISTRITO FEDERAL (INTEIRO)
2111,DISTRITO FEDERAL (INTEIRO)
2112,DISTRITO FEDERAL (INTEIRO)
2113,DISTRITO FEDERAL (INTEIRO)
2114,DISTRITO FEDERAL (INTEIRO)
2115,DISTRITO FEDERAL (INTEIRO)
2116,XXXII
2117,DISTRITO FEDERAL (INTEIRO)
2118,DISTRITO FEDERAL (INTEIRO)
2119,IX
2120,DISTRITO FEDERAL (INTEIRO)
2121,DISTRITO FEDERAL (INTEIRO)
2122,DISTRITO FEDERAL (INTEIRO)
2123,DISTRITO FEDERAL (INTEIRO)
2124,DISTRITO FEDERAL (INTEIRO)
2125,IX
2126,DISTRITO FEDERAL (INTEIRO)
2127,DISTRITO FEDERAL (INTEIRO)
2128,DISTRITO FEDERAL (INTEIRO)
2129,DISTRITO FEDERAL (INTEIRO)
2130,DISTRITO FEDERAL (INTEIRO)
2131,DISTRITO FEDERAL (INTEIRO)
2132,DISTRITO FEDERAL (INTEIRO)
2133,DISTRITO FEDERAL (INTEIRO)
2134,DISTRITO FEDERAL (INTEIRO)
2135,DISTRITO FEDERAL (INTEIRO)
2136,DISTRITO FEDERAL (INTEIRO)
2137,DISTRITO FEDERAL (INTEIRO)
2138,DISTRITO FEDERAL (INTEIRO)
2139,DISTRITO FEDERAL (INTEIRO)
2140,DISTRITO FEDERAL (INTEIRO)
2141,DISTRITO FEDERAL (INTEIRO)
2142,DISTRITO FEDERAL (INTEIRO)
2143,DISTRITO FEDERAL (INTEIRO)
2144,DISTRITO FEDERAL (INTEIRO)
2145,DISTRITO FEDERAL (INTEIRO)
2146,DISTRITO FEDERAL (INTEIRO)
2147,DISTRITO FEDERAL (INTEIRO)
2148,DISTRITO FEDERAL (INTEIRO)
2149,DISTRITO FEDERAL (INTEIRO)
2150,DISTRITO FEDERAL (INTEIRO)
2151,DISTRITO FEDERAL (INTEIRO)
2152,DISTRITO FEDERAL (INTEIRO)
2153,DISTRITO FEDERAL (INTEIRO)
2154,DISTRITO FEDERAL (INTEIRO)
2155,DISTRITO FEDERAL (INTEIRO)
2156,DISTRITO FEDERAL (INTEIRO)
2157,DISTRITO FEDERAL (INTEIRO)
2158,DISTRITO FEDERAL (INTEIRO)
2159,DISTRITO FEDERAL (INTEIRO)
2160,DISTRITO FEDERAL (INTEIRO)
2161,DISTRITO FEDERAL (INTEIRO)
2162,DISTRITO FEDERAL (INTEIRO)
2163,DISTRITO FEDERAL (INTEIRO)
2164,VI
2165,DISTRITO FEDERAL (INTEIRO)
2166,VI
2167,VI
2168,XXI
2169,III
2170,DISTRITO FEDERAL (INTEIRO)
2171,DISTRITO FEDERAL (INTEIRO)
2172,XXI
2173,VI
2174,DISTRITO FEDERAL (INTEIRO)
2175,DISTRITO FEDERAL (INTEIRO)
2176,DISTRITO FEDERAL (INTEIRO)
2177,DISTRITO FEDERAL (INTEIRO)
2178,DISTRITO FEDERAL (INTEIRO)
2179,DISTRITO FEDERAL (INTEIRO)
2180,DISTRITO FEDERAL (INTEIRO)
2181,DISTRITO FEDERAL (INTEIRO)
2182,DISTRITO FEDERAL (INTEIRO)
2183,VI
2184,DISTRITO FEDERAL (INTEIRO)
2185,XXIII
2186,V
2187,V
2188,V
2189,V
2190,V
2191,DISTRITO FEDERAL (INTEIRO)
2191,II
2192,DISTRITO FEDERAL (INTEIRO)
2193,DISTRITO FEDERAL (INTEIRO)
2194,DISTRITO FEDERAL (INTEIRO)
2195,DISTRITO FEDERAL (INTEIRO)
2196,DISTRITO FEDERAL (INTEIRO)
2197,DISTRITO FEDERAL (INTEIRO)
2198,XXV
2199,IX
2200,XXXI
2201,DISTRITO FEDERAL (INTEIRO)
2202,DISTRITO FEDERAL (INTEIRO)
2203,DISTRITO FEDERAL (INTEIRO)
2204,DISTRITO FEDERAL (INTEIRO)
2205,DISTRITO FEDERAL (INTEIRO)
2206,DISTRITO FEDERAL (INTEIRO)
2207,DISTRITO FEDERAL (INTEIRO)
2208,DISTRITO FEDERAL (INTEIRO)
2209,II
2210,II
2211,II
2212,II
2213,II
2214,II
2215,II
2216,II
2217,II
2218,II
2219,II
2220,II
2221,II
2222,II
2223,II
2224,II
2225,II
2226,II
2227,II
2228,II
2229,II
2230,II
2231,II
2232,II
2233,II
2234,II
2235,II
2236,II
2237,II
2238,II
2239,II
2240,DISTRITO FEDERAL (INTEIRO)
2241,DISTRITO FEDERAL (INTEIRO)
2242,DISTRITO FEDERAL (INTEIRO)
2243,DISTRITO FEDERAL (INTEIRO)
2244,DISTRITO FEDERAL (INTEIRO)
2245,DISTRITO FEDERAL (INTEIRO)
2246,DISTRITO FEDERAL (INTEIRO)
2247,DISTRITO FEDERAL (INTEIRO)
2247,V
2248,DISTRITO FEDERAL (INTEIRO)
2249,VI
2250,VI
2251,VI
2252,DISTRITO FEDERAL (INTEIRO)
2253,DISTRITO FEDERAL (INTEIRO)
2254,DISTRITO FEDERAL (INTEIRO)
2255,DISTRITO FEDERAL (INTEIRO)
2256,DISTRITO FEDERAL (INTEIRO)
2257,DISTRITO FEDERAL (INTEIRO)
2258,DISTRITO FEDERAL (INTEIRO)
2258,XXII
2259,DISTRITO FEDERAL (INTEIRO)
2260,DISTRITO FEDERAL (INTEIRO)
2261,DISTRITO FEDERAL (INTEIRO)
2262,DISTRITO FEDERAL (INTEIRO)
2263,DISTRITO FEDERAL (INTEIRO)
2264,VI
2265,DISTRITO FEDERAL (INTEIRO)
2266,DISTRITO FEDERAL (INTEIRO)
2267,IX
2268,DISTRITO FEDERAL (INTEIRO)
2269,DISTRITO FEDERAL (INTEIRO)
2270,DISTRITO FEDERAL (INTEIRO)
2271,DISTRITO FEDERAL (INTEIRO)
2272,DISTRITO FEDERAL (INTEIRO)
2273,DISTRITO FEDERAL (INTEIRO)
2274,DISTRITO FEDERAL (INTEIRO)
2275,DISTRITO FEDERAL (INTEIRO)
2276,DISTRITO FEDERAL (INTEIRO)
2277,DISTRITO FEDERAL (INTEIRO)
2278,DISTRITO FEDERAL (INTEIRO)
2278,II
2279,DISTRITO FEDERAL (INTEIRO)
2280,DISTRITO FEDERAL (INTEIRO)
2281,DISTRITO FEDERAL (INTEIRO)
2282,DISTRITO FEDERAL (INTEIRO)
2283,DISTRITO FEDERAL (INTEIRO)
2284,DISTRITO FEDERAL (INTEIRO)
2285,DISTRITO FEDERAL (INTEIRO)
2286,DISTRITO FEDERAL (INTEIRO)
2287,DISTRITO FEDERAL (INTEIRO)
2288,DISTRITO FEDERAL (INTEIRO)
2289,DISTRITO FEDERAL (INTEIRO)
2290,II
2291,XIII
2292,DISTRITO FEDERAL (INTEIRO)
2293,I
2294,III
2295,DISTRITO FEDERAL (INTEIRO)
2296,V
2297,DISTRITO FEDERAL (INTEIRO)
2298,DISTRITO FEDERAL (INTEIRO)
2299,DISTRITO FEDERAL (INTEIRO)
2300,DISTRITO FEDERAL (INTEIRO)
2301,DISTRITO FEDERAL (INTEIRO)
2302,DISTRITO FEDERAL (INTEIRO)
2303,XVII
2304,XVII
2305,XVII
2306,DISTRITO FEDERAL (INTEIRO)
2307,VI
2308,VI
2309,III
2310,DISTRITO FEDERAL (INTEIRO)
2311,XXX
2312,XXX
2313,XXX
2314,XXX
2315,II
2316,VI
2317,DISTRITO FEDERAL (INTEIRO)
2318,DISTRITO FEDERAL (INTEIRO)
2319,DISTRITO FEDERAL (INTEIRO)
2320,DISTRITO FEDERAL (INTEIRO)
2321,DISTRITO FEDERAL (INTEIRO)
2322,DISTRITO FEDERAL (INTEIRO)
2323,DISTRITO FEDERAL (INTEIRO)
2324,V
2325,DISTRITO FEDERAL (INTEIRO)
2326,DISTRITO FEDERAL (INTEIRO)
2327,DISTRITO FEDERAL (INTEIRO)
2327,XX
2328,DISTRITO FEDERAL (INTEIRO)
2329,DISTRITO FEDERAL (INTEIRO)
2330,DISTRITO FEDERAL (INTEIRO)
2331,DISTRITO FEDERAL (INTEIRO)
2332,DISTRITO FEDERAL (INTEIRO)
2333,DISTRITO FEDERAL (INTEIRO)
2334,DISTRITO FEDERAL (INTEIRO)
2335,DISTRITO FEDERAL (INTEIRO)
2336,DISTRITO FEDERAL (INTEIRO)
2337,XII
2338,DISTRITO FEDERAL (INTEIRO)
2339,DISTRITO FEDERAL (INTEIRO)
2339,II
2340,DISTRITO FEDERAL (INTEIRO)
2341,DISTRITO FEDERAL (INTEIRO)
2342,DISTRITO FEDERAL (INTEIRO)
2343,DISTRITO FEDERAL (INTEIRO)
2344,DISTRITO FEDERAL (INTEIRO)
2345,DISTRITO FEDERAL (INTEIRO)
2346,II
2347,II
2348,II
2349,DISTRITO FEDERAL (INTEIRO)
2350,IX
2351,DISTRITO FEDERAL (INTEIRO)
2352,DISTRITO FEDERAL (INTEIRO)
2353,DISTRITO FEDERAL (INTEIRO)
2354,DISTRITO FEDERAL (INTEIRO)
2355,DISTRITO FEDERAL (INTEIRO)
2356,DISTRITO FEDERAL (INTEIRO)
2357,DISTRITO FEDERAL (INTEIRO)
2358,DISTRITO FEDERAL (INTEIRO)
2359,DISTRITO FEDERAL (INTEIRO)
2360,DISTRITO FEDERAL (INTEIRO)
2361,DISTRITO FEDERAL (INTEIRO)
2362,DISTRITO FEDERAL (INTEIRO)
2363,DISTRITO FEDERAL (INTEIRO)
2364,DISTRITO FEDERAL (INTEIRO)
2365,DISTRITO FEDERAL (INTEIRO)
2366,III
2367,III
2368,III
2369,III
2370,DISTRITO FEDERAL (INTEIRO)
2371,DISTRITO FEDERAL (INTEIRO)
2372,DISTRITO FEDERAL (INTEIRO)
2372,XV
2373,DISTRITO FEDERAL (INTEIRO)
2373,XV
2374,DISTRITO FEDERAL (INTEIRO)
2374,XV
2375,DISTRITO FEDERAL (INTEIRO)
2376,DISTRITO FEDERAL (INTEIRO)
2377,DISTRITO FEDERAL (INTEIRO)
2378,DISTRITO FEDERAL (INTEIRO)
2379,DISTRITO FEDERAL (INTEIRO)
2380,DISTRITO FEDERAL (INTEIRO)
2381,DISTRITO FEDERAL (INTEIRO)
2382,DISTRITO FEDERAL (INTEIRO)
2383,DISTRITO FEDERAL (INTEIRO)
2384,DISTRITO FEDERAL (INTEIRO)
2385,DISTRITO FEDERAL (INTEIRO)
2386,DISTRITO FEDERAL (INTEIRO)
2387,DISTRITO FEDERAL (INTEIRO)
2388,DISTRITO FEDERAL (INTEIRO)
2389,DISTRITO FEDERAL (INTEIRO)
2390,DISTRITO FEDERAL (INTEIRO)
2391,DISTRITO FEDERAL (INTEIRO)
2392,DISTRITO FEDERAL (INTEIRO)
2393,DISTRITO FEDERAL (INTEIRO)
2394,DISTRITO FEDERAL (INTEIRO)
2395,DISTRITO FEDERAL (INTEIRO)
2396,DISTRITO FEDERAL (INTEIRO)
2397,DISTRITO FEDERAL (INTEIRO)
2398,DISTRITO FEDERAL (INTEIRO)
2399,DISTRITO FEDERAL (INTEIRO)
2400,DISTRITO FEDERAL (INTEIRO)
2400,I
2401,DISTRITO FEDERAL (INTEIRO)
2402,DISTRITO FEDERAL (INTEIRO)
2403,II
2404,DISTRITO FEDERAL (INTEIRO)
2405,II
2406,DISTRITO FEDERAL (INTEIRO)
2407,DISTRITO FEDERAL (INTEIRO)
2408,DISTRITO FEDERAL (INTEIRO)
2409,DISTRITO FEDERAL (INTEIRO)
2410,DISTRITO FEDERAL (INTEIRO)
2411,DISTRITO FEDERAL (INTEIRO)
2412,DISTRITO FEDERAL (INTEIRO)
2413,DISTRITO FEDERAL (INTEIRO)
2414,DISTRITO FEDERAL (INTEIRO)
2415,DISTRITO FEDERAL (INTEIRO)
2416,DISTRITO FEDERAL (INTEIRO)
2417,XX
2417,XXXIII
2418,DISTRITO FEDERAL (INTEIRO)
2419,DISTRITO FEDERAL (INTEIRO)
2420,DISTRITO FEDERAL (INTEIRO)
2421,VI
2422,DISTRITO FEDERAL (INTEIRO)
2423,DISTRITO FEDERAL (INTEIRO)
2424,VI
2425,III
2426,DISTRITO FEDERAL (INTEIRO)
2427,DISTRITO FEDERAL (INTEIRO)
2428,DISTRITO FEDERAL (INTEIRO)
2429,DISTRITO FEDERAL (INTEIRO)
2430,DISTRITO FEDERAL (INTEIRO)
2431,DISTRITO FEDERAL (INTEIRO)
2432,DISTRITO FEDERAL (INTEIRO)
2433,DISTRITO FEDERAL (INTEIRO)
2434,IX
2435,DISTRITO FEDERAL (INTEIRO)
2436,DISTRITO FEDERAL (INTEIRO)
2437,DISTRITO FEDERAL (INTEIRO)
2438,DISTRITO FEDERAL (INTEIRO)
2439,DISTRITO FEDERAL (INTEIRO)
2440,DISTRITO FEDERAL (INTEIRO)
2440,II
2441,DISTRITO FEDERAL (INTEIRO)
2442,DISTRITO FEDERAL (INTEIRO)
2443,DISTRITO FEDERAL (INTEIRO)
2444,DISTRITO FEDERAL (INTEIRO)
2445,DISTRITO FEDERAL (INTEIRO)
2446,DISTRITO FEDERAL (INTEIRO)
2447,DISTRITO FEDERAL (INTEIRO)
2448,DISTRITO FEDERAL (INTEIRO)
2449,DISTRITO FEDERAL (INTEIRO)
2450,DISTRITO FEDERAL (INTEIRO)
2451,DISTRITO FEDERAL (INTEIRO)
2452,DISTRITO FEDERAL (INTEIRO)
2453,DISTRITO FEDERAL (INTEIRO)
2454,DISTRITO FEDERAL (INTEIRO)
2455,DISTRITO FEDERAL (INTEIRO)
2456,DISTRITO FEDERAL (INTEIRO)
2457,DISTRITO FEDERAL (INTEIRO)
2458,DISTRITO FEDERAL (INTEIRO)
2459,DISTRITO FEDERAL (INTEIRO)
2460,DISTRITO FEDERAL (INTEIRO)
2461,DISTRITO FEDERAL (INTEIRO)
2462,DISTRITO FEDERAL (INTEIRO)
2463,DISTRITO FEDERAL (INTEIRO)
2464,DISTRITO FEDERAL (INTEIRO)
2465,DISTRITO FEDERAL (INTEIRO)
2466,IV
2467,IV
2468,DISTRITO FEDERAL (INTEIRO)
2469,DISTRITO FEDERAL (INTEIRO)
2470,DISTRITO FEDERAL (INTEIRO)
2471,DISTRITO FEDERAL (INTEIRO)
2472,DISTRITO FEDERAL (INTEIRO)
2473,DISTRITO FEDERAL (INTEIRO)
2474,DISTRITO FEDERAL (INTEIRO)
2475,DISTRITO FEDERAL (INTEIRO)
2476,DISTRITO FEDERAL (INTEIRO)
2476,XIV
2477,DISTRITO FEDERAL (INTEIRO)
2478,DISTRITO FEDERAL (INTEIRO)
2479,DISTRITO FEDERAL (INTEIRO)
2480,DISTRITO FEDERAL (INTEIRO)
2481,DISTRITO FEDERAL (INTEIRO)
2482,DISTRITO FEDERAL (INTEIRO)
2483,DISTRITO FEDERAL (INTEIRO)
2484,DISTRITO FEDERAL (INTEIRO)
2485,DISTRITO FEDERAL (INTEIRO)
2486,DISTRITO FEDERAL (INTEIRO)
2487,DISTRITO FEDERAL (INTEIRO)
2488,DISTRITO FEDERAL (INTEIRO)
2489,I
2490,DISTRITO FEDERAL (INTEIRO)
2491,DISTRITO FEDERAL (INTEIRO)
2492,DISTRITO FEDERAL (INTEIRO)
2493,DISTRITO FEDERAL (INTEIRO)
2494,DISTRITO FEDERAL (INTEIRO)
2495,DISTRITO FEDERAL (INTEIRO)
2496,DISTRITO FEDERAL (INTEIRO)
2497,DISTRITO FEDERAL (INTEIRO)
2498,DISTRITO FEDERAL (INTEIRO)
2499,DISTRITO FEDERAL (INTEIRO)
2500,XIV
2501,DISTRITO FEDERAL (INTEIRO)
2502,DISTRITO FEDERAL (INTEIRO)
2503,DISTRITO FEDERAL (INTEIRO)
2504,DISTRITO FEDERAL (INTEIRO)
2505,DISTRITO FEDERAL (INTEIRO)
2506,DISTRITO FEDERAL (INTEIRO)
2507,DISTRITO FEDERAL (INTEIRO)
2508,DISTRITO FEDERAL (INTEIRO)
2509,DISTRITO FEDERAL (INTEIRO)
2510,DISTRITO FEDERAL (INTEIRO)
2511,DISTRITO FEDERAL (INTEIRO)
2512,DISTRITO FEDERAL (INTEIRO)
2513,DISTRITO FEDERAL (INTEIRO)
2514,DISTRITO FEDERAL (INTEIRO)
2515,VI
2516,DISTRITO FEDERAL (INTEIRO)
2517,DISTRITO FEDERAL (INTEIRO)
2518,DISTRITO FEDERAL (INTEIRO)
2519,DISTRITO FEDERAL (INTEIRO)
2520,DISTRITO FEDERAL (INTEIRO)
2521,DISTRITO FEDERAL (INTEIRO)
2522,DISTRITO FEDERAL (INTEIRO)
2523,DISTRITO FEDERAL (INTEIRO)
2524,DISTRITO FEDERAL (INTEIRO)
2525,V
2526,DISTRITO FEDERAL (INTEIRO)
2527,DISTRITO FEDERAL (INTEIRO)
2528,DISTRITO FEDERAL (INTEIRO)
2529,DISTRITO FEDERAL (INTEIRO)
2530,DISTRITO FEDERAL (INTEIRO)
2531,DISTRITO FEDERAL (INTEIRO)
2532,DISTRITO FEDERAL (INTEIRO)
2533,DISTRITO FEDERAL (INTEIRO)
2534,DISTRITO FEDERAL (INTEIRO)
2535,DISTRITO FEDERAL (INTEIRO)
2536,DISTRITO FEDERAL (INTEIRO)
2537,I
2538,DISTRITO FEDERAL (INTEIRO)
2539,DISTRITO FEDERAL (INTEIRO)
2540,DISTRITO FEDERAL (INTEIRO)
2541,DISTRITO FEDERAL (INTEIRO)
2542,DISTRITO FEDERAL (INTEIRO)
2543,DISTRITO FEDERAL (INTEIRO)
2543,XIV
2544,DISTRITO FEDERAL (INTEIRO)
2545,DISTRITO FEDERAL (INTEIRO)
2546,DISTRITO FEDERAL (INTEIRO)
2547,DISTRITO FEDERAL (INTEIRO)
2548,DISTRITO FEDERAL (INTEIRO)
2549,DISTRITO FEDERAL (INTEIRO)
2550,DISTRITO FEDERAL (INTEIRO)
2551,DISTRITO FEDERAL (INTEIRO)
2552,XV
2553,DISTRITO FEDERAL (INTEIRO)
2554,DISTRITO FEDERAL (INTEIRO)
2555,IV
2556,XXXII
2557,IV
2558,XXVII
2559,XXVII
2560,XXVII
2561,II
2562,II
2563,II
2564,II
2565,DISTRITO FEDERAL (INTEIRO)
2566,IX
2567,DISTRITO FEDERAL (INTEIRO)
2568,DISTRITO FEDERAL (INTEIRO)
2569,DISTRITO FEDERAL (INTEIRO)
2570,XIII
2571,DISTRITO FEDERAL (INTEIRO)
2572,II
2573,XIV
2574,XIV
2575,XIV
2576,DISTRITO FEDERAL (INTEIRO)
2577,VII
2578,DISTRITO FEDERAL (INTEIRO)
2579,DISTRITO FEDERAL (INTEIRO)
2580,DISTRITO FEDERAL (INTEIRO)
2580,III
2581,DISTRITO FEDERAL (INTEIRO)
2582,IV
2583,DISTRITO FEDERAL (INTEIRO)
2584,DISTRITO FEDERAL (INTEIRO)
2585,VI
2586,DISTRITO FEDERAL (INTEIRO)
2587,II
2588,DISTRITO FEDERAL (INTEIRO)
2589,DISTRITO FEDERAL (INTEIRO)
2590,XIV
2591,DISTRITO FEDERAL (INTEIRO)
2592,DISTRITO FEDERAL (INTEIRO)
2593,DISTRITO FEDERAL (INTEIRO)
2594,DISTRITO FEDERAL (INTEIRO)
2595,XIV
2596,DISTRITO FEDERAL (INTEIRO)
2597,DISTRITO FEDERAL (INTEIRO)
2598,DISTRITO FEDERAL (INTEIRO)
2599,DISTRITO FEDERAL (INTEIRO)
2600,XIV
2601,DISTRITO FEDERAL (INTEIRO)
2602,DISTRITO FEDERAL (INTEIRO)
2603,DISTRITO FEDERAL (INTEIRO)
2604,DISTRITO FEDERAL (INTEIRO)
2605,DISTRITO FEDERAL (INTEIRO)
2606,DISTRITO FEDERAL (INTEIRO)
2607,DISTRITO FEDERAL (INTEIRO)
2608,XIII
2609,DISTRITO FEDERAL (INTEIRO)
2610,DISTRITO FEDERAL (INTEIRO)
2611,DISTRITO FEDERAL (INTEIRO)
2612,DISTRITO FEDERAL (INTEIRO)
2613,DISTRITO FEDERAL (INTEIRO)
2614,DISTRITO FEDERAL (INTEIRO)
2615,DISTRITO FEDERAL (INTEIRO)
2616,DISTRITO FEDERAL (INTEIRO)
2617,DISTRITO FEDERAL (INTEIRO)
2618,DISTRITO FEDERAL (INTEIRO)
2619,DISTRITO FEDERAL (INTEIRO)
2620,DISTRITO FEDERAL (INTEIRO)
2621,DISTRITO FEDERAL (INTEIRO)
2622,DISTRITO FEDERAL (INTEIRO)
2623,DISTRITO FEDERAL (INTEIRO)
2624,DISTRITO FEDERAL (INTEIRO)
2625,DISTRITO FEDERAL (INTEIRO)
2626,DISTRITO FEDERAL (INTEIRO)
2627,DISTRITO FEDERAL (INTEIRO)
2628,DISTRITO FEDERAL (INTEIRO)
2629,DISTRITO FEDERAL (INTEIRO)
2630,DISTRITO FEDERAL (INTEIRO)
2631,DISTRITO FEDERAL (INTEIRO)
2632,DISTRITO FEDERAL (INTEIRO)
2633,DISTRITO FEDERAL (INTEIRO)
2634,DISTRITO FEDERAL (INTEIRO)
2635,DISTRITO FEDERAL (INTEIRO)
2636,DISTRITO FEDERAL (INTEIRO)
2637,DISTRITO FEDERAL (INTEIRO)
2638,DISTRITO FEDERAL (INTEIRO)
2639,IX
2640,I
2641,I
2642,I
2643,I
2644,DISTRITO FEDERAL (INTEIRO)
2645,DISTRITO FEDERAL (INTEIRO)
2646,DISTRITO FEDERAL (INTEIRO)
2647,DISTRITO FEDERAL (INTEIRO)
2648,DISTRITO FEDERAL (INTEIRO)
2649,DISTRITO FEDERAL (INTEIRO)
2650,DISTRITO FEDERAL (INTEIRO)
2651,DISTRITO FEDERAL (INTEIRO)
2652,DISTRITO FEDERAL (INTEIRO)
2653,DISTRITO FEDERAL (INTEIRO)
2654,XX
2655,I
2656,I
2657,I
2658,V
2659,V
2660,DISTRITO FEDERAL (INTEIRO)
2661,II
2662,II
2663,DISTRITO FEDERAL (INTEIRO)
2664,XIII
2665,DISTRITO FEDERAL (INTEIRO)
2666,DISTRITO FEDERAL (INTEIRO)
2667,V
2668,V
2669,DISTRITO FEDERAL (INTEIRO)
2670,DISTRITO FEDERAL (INTEIRO)
2671,DISTRITO FEDERAL (INTEIRO)
2672,DISTRITO FEDERAL (INTEIRO)
2673,DISTRITO FEDERAL (INTEIRO)
2674,DISTRITO FEDERAL (INTEIRO)
2675,DISTRITO FEDERAL (INTEIRO)
2676,XVII
2677,XVII
2678,XVII
2679,XVII
2680,XVII
2681,XVII
2682,DISTRITO FEDERAL (INTEIRO)
2683,DISTRITO FEDERAL (INTEIRO)
2684,DISTRITO FEDERAL (INTEIRO)
2685,DISTRITO FEDERAL (INTEIRO)
2686,DISTRITO FEDERAL (INTEIRO)
2687,DISTRITO FEDERAL (INTEIRO)
2688,DISTRITO FEDERAL (INTEIRO)
2689,DISTRITO FEDERAL (INTEIRO)
2690,DISTRITO FEDERAL (INTEIRO)
2691,VI
2692,VI
2693,DISTRITO FEDERAL (INTEIRO)
2693,VI
2694,VI
2695,DISTRITO FEDERAL (INTEIRO)
2696,DISTRITO FEDERAL (INTEIRO)
2697,DISTRITO FEDERAL (INTEIRO)
2698,DISTRITO FEDERAL (INTEIRO)
2699,DISTRITO FEDERAL (INTEIRO)
2700,DISTRITO FEDERAL (INTEIRO)
2701,DISTRITO FEDERAL (INTEIRO)
2702,DISTRITO FEDERAL (INTEIRO)
2703,DISTRITO FEDERAL (INTEIRO)
2704,DISTRITO FEDERAL (INTEIRO)
2705,I
2706,XIII
2707,III
2708,I
2709,II
2710,II
2711,XIII
2712,DISTRITO FEDERAL (INTEIRO)
2713,DISTRITO FEDERAL (INTEIRO)
2714,VI
2715,VI
2716,DISTRITO FEDERAL (INTEIRO)
2717,DISTRITO FEDERAL (INTEIRO)
2718,DISTRITO FEDERAL (INTEIRO)
2719,DISTRITO FEDERAL (INTEIRO)
2720,DISTRITO FEDERAL (INTEIRO)
2721,DISTRITO FEDERAL (INTEIRO)
2722,DISTRITO FEDERAL (INTEIRO)
2723,DISTRITO FEDERAL (INTEIRO)
2724,IV
2725,IV
2726,IV
2727,IV
2728,I
2729,IX
2730,IX
2731,IX
2732,DISTRITO FEDERAL (INTEIRO)
2733,DISTRITO FEDERAL (INTEIRO)
2734,DISTRITO FEDERAL (INTEIRO)
2735,DISTRITO FEDERAL (INTEIRO)
2736,DISTRITO FEDERAL (INTEIRO)
2737,DISTRITO FEDERAL (INTEIRO)
2738,DISTRITO FEDERAL (INTEIRO)
2739,DISTRITO FEDERAL (INTEIRO)
2740,VI
2741,IX
2742,DISTRITO FEDERAL (INTEIRO)
2743,IX
2744,XV
2745,XV
2746,XV
2747,XV
2748,DISTRITO FEDERAL (INTEIRO)
2749,XIII
2750,XXXIII
2751,XXI
2752,DISTRITO FEDERAL (INTEIRO)
2753,DISTRITO FEDERAL (INTEIRO)
2754,DISTRITO FEDERAL (INTEIRO)
2755,DISTRITO FEDERAL (INTEIRO)
2756,DISTRITO FEDERAL (INTEIRO)
2757,DISTRITO FEDERAL (INTEIRO)
2758,DISTRITO FEDERAL (INTEIRO)
2759,XVI
2760,DISTRITO FEDERAL (INTEIRO)
2761,DISTRITO FEDERAL (INTEIRO)
2762,DISTRITO FEDERAL (INTEIRO)
2763,XXX
2764,DISTRITO FEDERAL (INTEIRO)
2765,DISTRITO FEDERAL (INTEIRO)
2766,DISTRITO FEDERAL (INTEIRO)
2767,DISTRITO FEDERAL (INTEIRO)
2768,DISTRITO FEDERAL (INTEIRO)
2769,DISTRITO FEDERAL (INTEIRO)
2770,DISTRITO FEDERAL (INTEIRO)
2770,XIV
2771,DISTRITO FEDERAL (INTEIRO)
2771,IX
2771,XXVII
2771,XXVIII
2772,VI
2773,DISTRITO FEDERAL (INTEIRO)
2774,DISTRITO FEDERAL (INTEIRO)
2775,DISTRITO FEDERAL (INTEIRO)
2776,DISTRITO FEDERAL (INTEIRO)
2777,DISTRITO FEDERAL (INTEIRO)
2778,DISTRITO FEDERAL (INTEIRO)
2779,DISTRITO FEDERAL (INTEIRO)
2780,DISTRITO FEDERAL (INTEIRO)
2781,DISTRITO FEDERAL (INTEIRO)
2782,DISTRITO FEDERAL (INTEIRO)
2783,DISTRITO FEDERAL (INTEIRO)
2784,DISTRITO FEDERAL (INTEIRO)
2785,DISTRITO FEDERAL (INTEIRO)
2786,DISTRITO FEDERAL (INTEIRO)
2787,DISTRITO FEDERAL (INTEIRO)
2788,DISTRITO FEDERAL (INTEIRO)
2789,DISTRITO FEDERAL (INTEIRO)
2790,DISTRITO FEDERAL (INTEIRO)
2791,DISTRITO FEDERAL (INTEIRO)
2792,DISTRITO FEDERAL (INTEIRO)
2793,DISTRITO FEDERAL (INTEIRO)
2794,DISTRITO FEDERAL (INTEIRO)
2795,DISTRITO FEDERAL (INTEIRO)
2796,DISTRITO FEDERAL (INTEIRO)
2797,IX
2798,DISTRITO FEDERAL (INTEIRO)
2799,DISTRITO FEDERAL (INTEIRO)
2800,XII
2801,DISTRITO FEDERAL (INTEIRO)
2802,DISTRITO FEDERAL (INTEIRO)
2803,OUTROS ESTADOS
2804,DISTRITO FEDERAL (INTEIRO)
2805,DISTRITO FEDERAL (INTEIRO)
2806,DISTRITO FEDERAL (INTEIRO)
2807,DISTRITO FEDERAL (INTEIRO)
2808,X
2809,XIII
2810,DISTRITO FEDERAL (INTEIRO)
2811,DISTRITO FEDERAL (INTEIRO)
2812,DISTRITO FEDERAL (INTEIRO)
2813,DISTRITO FEDERAL (INTEIRO)
2814,DISTRITO FEDERAL (INTEIRO)
2815,XII
2816,XII
2817,DISTRITO FEDERAL (INTEIRO)
2818,DISTRITO FEDERAL (INTEIRO)
2819,DISTRITO FEDERAL (INTEIRO)
2820,XXII
2821,DISTRITO FEDERAL (INTEIRO)
2822,DISTRITO FEDERAL (INTEIRO)
2823,DISTRITO FEDERAL (INTEIRO)
2824,DISTRITO FEDERAL (INTEIRO)
2825,DISTRITO FEDERAL (INTEIRO)
2826,DISTRITO FEDERAL (INTEIRO)
2827,DISTRITO FEDERAL (INTEIRO)
2828,DISTRITO FEDERAL (INTEIRO)
2829,DISTRITO FEDERAL (INTEIRO)
2830,DISTRITO FEDERAL (INTEIRO)
2831,XIII
2832,DISTRITO FEDERAL (INTEIRO)
2833,DISTRITO FEDERAL (INTEIRO)
2834,DISTRITO FEDERAL (INTEIRO)
2835,DISTRITO FEDERAL (INTEIRO)
2836,DISTRITO FEDERAL (INTEIRO)
2837,DISTRITO FEDERAL (INTEIRO)
2838,IV
2839,DISTRITO FEDERAL (INTEIRO)
2840,DISTRITO FEDERAL (INTEIRO)
2841,DISTRITO FEDERAL (INTEIRO)
2842,DISTRITO FEDERAL (INTEIRO)
2843,DISTRITO FEDERAL (INTEIRO)
2844,DISTRITO FEDERAL (INTEIRO)
2844,XXII
2845,DISTRITO FEDERAL (INTEIRO)
2846,DISTRITO FEDERAL (INTEIRO)
2847,DISTRITO FEDERAL (INTEIRO)
2848,DISTRITO FEDERAL (INTEIRO)
2849,DISTRITO FEDERAL (INTEIRO)
2850,DISTRITO FEDERAL (INTEIRO)
2851,DISTRITO FEDERAL (INTEIRO)
2852,DISTRITO FEDERAL (INTEIRO)
2853,XXX
2854,XXX
2855,XXX
2856,DISTRITO FEDERAL (INTEIRO)
2857,DISTRITO FEDERAL (INTEIRO)
2858,DISTRITO FEDERAL (INTEIRO)
2859,DISTRITO FEDERAL (INTEIRO)
2860,DISTRITO FEDERAL (INTEIRO)
2861,XXVIII
2862,DISTRITO FEDERAL (INTEIRO)
2863,DISTRITO FEDERAL (INTEIRO)
2864,DISTRITO FEDERAL (INTEIRO)
2865,XX
2866,DISTRITO FEDERAL (INTEIRO)
2867,DISTRITO FEDERAL (INTEIRO)
2868,DISTRITO FEDERAL (INTEIRO)
2869,DISTRITO FEDERAL (INTEIRO)
2870,DISTRITO FEDERAL (INTEIRO)
2871,DISTRITO FEDERAL (INTEIRO)
2872,DISTRITO FEDERAL (INTEIRO)
2872,XXII
2873,DISTRITO FEDERAL (INTEIRO)
2874,DISTRITO FEDERAL (INTEIRO)
2875,DISTRITO FEDERAL (INTEIRO)
2876,DISTRITO FEDERAL (INTEIRO)
2877,DISTRITO FEDERAL (INTEIRO)
2878,XIII
2879,DISTRITO FEDERAL (INTEIRO)
2880,II
2881,IV
2882,III
2883,II
2884,DISTRITO FEDERAL (INTEIRO)
2885,IX
2886,DISTRITO FEDERAL (INTEIRO)
2887,DISTRITO FEDERAL (INTEIRO)
2888,XIII
2889,DISTRITO FEDERAL (INTEIRO)
2890,DISTRITO FEDERAL (INTEIRO)
2891,DISTRITO FEDERAL (INTEIRO)
2892,XV
2893,DISTRITO FEDERAL (INTEIRO)
2894,XX
2895,DISTRITO FEDERAL (INTEIRO)
2896,DISTRITO FEDERAL (INTEIRO)
2897,XIII
2898,DISTRITO FEDERAL (INTEIRO)
2899,DISTRITO FEDERAL (INTEIRO)
2900,DISTRITO FEDERAL (INTEIRO)
2901,DISTRITO FEDERAL (INTEIRO)
2902,DISTRITO FEDERAL (INTEIRO)
2903,DISTRITO FEDERAL (INTEIRO)
2904,DISTRITO FEDERAL (INTEIRO)
2904,XXII
2905,DISTRITO FEDERAL (INTEIRO)
2905,XXII
2906,VI
2907,DISTRITO FEDERAL (INTEIRO)
2908,DISTRITO FEDERAL (INTEIRO)
2909,DISTRITO FEDERAL (INTEIRO)
2909,XXII
2910,DISTRITO FEDERAL (INTEIRO)
2910,XXII
2911,DISTRITO FEDERAL (INTEIRO)
2912,DISTRITO FEDERAL (INTEIRO)
2913,DISTRITO FEDERAL (INTEIRO)
2914,DISTRITO FEDERAL (INTEIRO)
2915,DISTRITO FEDERAL (INTEIRO)
2916,XIII
2917,VI
2918,DISTRITO FEDERAL (INTEIRO)
2919,DISTRITO FEDERAL (INTEIRO)
2920,DISTRITO FEDERAL (INTEIRO)
2921,DISTRITO FEDERAL (INTEIRO)
2922,DISTRITO FEDERAL (INTEIRO)
2923,DISTRITO FEDERAL (INTEIRO)
2924,DISTRITO FEDERAL (INTEIRO)
2925,DISTRITO FEDERAL (INTEIRO)
2926,DISTRITO FEDERAL (INTEIRO)
2927,DISTRITO FEDERAL (INTEIRO)
2928,DISTRITO FEDERAL (INTEIRO)
2929,II
2930,DISTRITO FEDERAL (INTEIRO)
2931,DISTRITO FEDERAL (INTEIRO)
2931,XXII
2932,DISTRITO FEDERAL (INTEIRO)
2933,DISTRITO FEDERAL (INTEIRO)
2933,XXII
2934,DISTRITO FEDERAL (INTEIRO)
2935,DISTRITO FEDERAL (INTEIRO)
2936,DISTRITO FEDERAL (INTEIRO)
2937,DISTRITO FEDERAL (INTEIRO)
2938,XIII
2939,XIII
2940,DISTRITO FEDERAL (INTEIRO)
2940,XXII
2941,XIII
2942,XIII
2943,DISTRITO FEDERAL (INTEIRO)
2944,DISTRITO FEDERAL (INTEIRO)
2945,DISTRITO FEDERAL (INTEIRO)
2946,DISTRITO FEDERAL (INTEIRO)
2946,XXII
2947,DISTRITO FEDERAL (INTEIRO)
2947,XXII
2948,DISTRITO FEDERAL (INTEIRO)
2949,DISTRITO FEDERAL (INTEIRO)
2950,DISTRITO FEDERAL (INTEIRO)
2950,III
2951,DISTRITO FEDERAL (INTEIRO)
2952,DISTRITO FEDERAL (INTEIRO)
2953,VI
2954,DISTRITO FEDERAL (INTEIRO)
2955,DISTRITO FEDERAL (INTEIRO)
2956,DISTRITO FEDERAL (INTEIRO)
2957,DISTRITO FEDERAL (INTEIRO)
2958,DISTRITO FEDERAL (INTEIRO)
2959,DISTRITO FEDERAL (INTEIRO)
2960,DISTRITO FEDERAL (INTEIRO)
2961,DISTRITO FEDERAL (INTEIRO)
2962,DISTRITO FEDERAL (INTEIRO)
2963,DISTRITO FEDERAL (INTEIRO)
2964,DISTRITO FEDERAL (INTEIRO)
2965,DISTRITO FEDERAL (INTEIRO)
2966,DISTRITO FEDERAL (INTEIRO)
2967,DISTRITO FEDERAL (INTEIRO)
2968,DISTRITO FEDERAL (INTEIRO)
2969,DISTRITO FEDERAL (INTEIRO)
2969,X
2970,DISTRITO FEDERAL (INTEIRO)
2970,I
2971,DISTRITO FEDERAL (INTEIRO)
2971,XVII
2972,XII
2973,XXX
2974,XXX
2975,DISTRITO FEDERAL (INTEIRO)
2976,DISTRITO FEDERAL (INTEIRO)
2977,DISTRITO FEDERAL (INTEIRO)
2978,DISTRITO FEDERAL (INTEIRO)
2979,DISTRITO FEDERAL (INTEIRO)
2980,DISTRITO FEDERAL (INTEIRO)
2981,DISTRITO FEDERAL (INTEIRO)
2982,DISTRITO FEDERAL (INTEIRO)
2983,DISTRITO FEDERAL (INTEIRO)
2984,DISTRITO FEDERAL (INTEIRO)
2985,DISTRITO FEDERAL (INTEIRO)
2986,DISTRITO FEDERAL (INTEIRO)
2987,DISTRITO FEDERAL (INTEIRO)
2988,VII
2989,VII
2990,DISTRITO FEDERAL (INTEIRO)
2991,XIII
2992,DISTRITO FEDERAL (INTEIRO)
2993,DISTRITO FEDERAL (INTEIRO)
2994,DISTRITO FEDERAL (INTEIRO)
2995,DISTRITO FEDERAL (INTEIRO)
2996,DISTRITO FEDERAL (INTEIRO)
2997,DISTRITO FEDERAL (INTEIRO)
2998,DISTRITO FEDERAL (INTEIRO)
2999,DISTRITO FEDERAL (INTEIRO)
3000,DISTRITO FEDERAL (INTEIRO)
3001,DISTRITO FEDERAL (INTEIRO)
3002,DISTRITO FEDERAL (INTEIRO)
3003,DISTRITO FEDERAL (INTEIRO)
3004,DISTRITO FEDERAL (INTEIRO)
3005,DISTRITO FEDERAL (INTEIRO)
3006,DISTRITO FEDERAL (INTEIRO)
3006,I
3007,DISTRITO FEDERAL (INTEIRO)
3008,DISTRITO FEDERAL (INTEIRO)
3009,DISTRITO FEDERAL (INTEIRO)
3010,DISTRITO FEDERAL (INTEIRO)
3011,DISTRITO FEDERAL (INTEIRO)
3012,DISTRITO FEDERAL (INTEIRO)
3013,DISTRITO FEDERAL (INTEIRO)
3014,DISTRITO FEDERAL (INTEIRO)
3015,II
3016,DISTRITO FEDERAL (INTEIRO)
3016,XXXIII
3017,DISTRITO FEDERAL (INTEIRO)
3018,DISTRITO FEDERAL (INTEIRO)
3019,DISTRITO FEDERAL (INTEIRO)
3020,DISTRITO FEDERAL (INTEIRO)
3021,DISTRITO FEDERAL (INTEIRO)
3022,DISTRITO FEDERAL (INTEIRO)
3023,DISTRITO FEDERAL (INTEIRO)
3024,DISTRITO FEDERAL (INTEIRO)
3025,DISTRITO FEDERAL (INTEIRO)
3026,DISTRITO FEDERAL (INTEIRO)
3027,DISTRITO FEDERAL (INTEIRO)
3028,DISTRITO FEDERAL (INTEIRO)
3029,DISTRITO FEDERAL (INTEIRO)
3030,DISTRITO FEDERAL (INTEIRO)
3031,IX
3032,DISTRITO FEDERAL (INTEIRO)
3033,DISTRITO FEDERAL (INTEIRO)
3034,II
3035,DISTRITO FEDERAL (INTEIRO)
3036,DISTRITO FEDERAL (INTEIRO)
3037,DISTRITO FEDERAL (INTEIRO)
3038,DISTRITO FEDERAL (INTEIRO)
3039,DISTRITO FEDERAL (INTEIRO)
3040,DISTRITO FEDERAL (INTEIRO)
3041,DISTRITO FEDERAL (INTEIRO)
3042,DISTRITO FEDERAL (INTEIRO)
3043,DISTRITO FEDERAL (INTEIRO)
3044,DISTRITO FEDERAL (INTEIRO)
3045,DISTRITO FEDERAL (INTEIRO)
3046,DISTRITO FEDERAL (INTEIRO)
3047,DISTRITO FEDERAL (INTEIRO)
3048,V
3049,XII
3050,II
3051,DISTRITO FEDERAL (INTEIRO)
3051,XXI
3052,DISTRITO FEDERAL (INTEIRO)
3052,XII
3053,V
3054,DISTRITO FEDERAL (INTEIRO)
3055,DISTRITO FEDERAL (INTEIRO)
3055,XII
3056,DISTRITO FEDERAL (INTEIRO)
3057,DISTRITO FEDERAL (INTEIRO)
3057,XII
3058,DISTRITO FEDERAL (INTEIRO)
3059,DISTRITO FEDERAL (INTEIRO)
3060,DISTRITO FEDERAL (INTEIRO)
3061,DISTRITO FEDERAL (INTEIRO)
3062,DISTRITO FEDERAL (INTEIRO)
3063,DISTRITO FEDERAL (INTEIRO)
3064,DISTRITO FEDERAL (INTEIRO)
3065,DISTRITO FEDERAL (INTEIRO)
3066,DISTRITO FEDERAL (INTEIRO)
3067,DISTRITO FEDERAL (INTEIRO)
3068,DISTRITO FEDERAL (INTEIRO)
3069,DISTRITO FEDERAL (INTEIRO)
3070,DISTRITO FEDERAL (INTEIRO)
3071,II
3072,II
3073,II
3074,II
3075,II
3076,II
3077,II
3078,II
3079,II
3080,II
3081,II
3082,II
3083,II
3084,II
3085,II
3086,II
3087,II
3088,II
3089,II
3090,II
3091,II
3092,II
3093,II
3094,II
3095,II
3096,II
3097,II
3098,II
3099,II
3100,II
3101,II
3102,DISTRITO FEDERAL (INTEIRO)
3103,II
3104,DISTRITO FEDERAL (INTEIRO)
3105,XIII
3106,II
3107,II
3108,VIII
3109,DISTRITO FEDERAL (INTEIRO)
3110,DISTRITO FEDERAL (INTEIRO)
3111,DISTRITO FEDERAL (INTEIRO)
3112,XXVII
3113,V
3114,XIII
3115,II
3116,II
3117,IX
3118,II
3119,XIII
3120,XV
3121,II
3122,IX
3123,DISTRITO FEDERAL (INTEIRO)
3124,IX
3125,DISTRITO FEDERAL (INTEIRO)
3126,XII
3127,XII
3128,DISTRITO FEDERAL (INTEIRO)
3128,V
3129,DISTRITO FEDERAL (INTEIRO)
3129,V
3130,DISTRITO FEDERAL (INTEIRO)
3130,V
3131,XXVI
3132,DISTRITO FEDERAL (INTEIRO)
3133,DISTRITO FEDERAL (INTEIRO)
3134,DISTRITO FEDERAL (INTEIRO)
3135,DISTRITO FEDERAL (INTEIRO)
3136,II
3137,XIII
3138,DISTRITO FEDERAL (INTEIRO)
3139,DISTRITO FEDERAL (INTEIRO)
3140,DISTRITO FEDERAL (INTEIRO)
3141,DISTRITO FEDERAL (INTEIRO)
3142,DISTRITO FEDERAL (INTEIRO)
3143,DISTRITO FEDERAL (INTEIRO)
3144,DISTRITO FEDERAL (INTEIRO)
3145,DISTRITO FEDERAL (INTEIRO)
3146,ENTORNO
3147,DISTRITO FEDERAL (INTEIRO)
3148,X
3149,DISTRITO FEDERAL (INTEIRO)
3150,DISTRITO FEDERAL (INTEIRO)
3151,XXIX
3152,DISTRITO FEDERAL (INTEIRO)
3153,DISTRITO FEDERAL (INTEIRO)
3154,DISTRITO FEDERAL (INTEIRO)
3155,DISTRITO FEDERAL (INTEIRO)
3156,DISTRITO FEDERAL (INTEIRO)
3157,DISTRITO FEDERAL (INTEIRO)
3158,DISTRITO FEDERAL (INTEIRO)
3159,IV
3160,DISTRITO FEDERAL (INTEIRO)
3161,DISTRITO FEDERAL (INTEIRO)
3162,DISTRITO FEDERAL (INTEIRO)
3163,DISTRITO FEDERAL (INTEIRO)
3164,XII
3165,DISTRITO FEDERAL (INTEIRO)
3166,DISTRITO FEDERAL (INTEIRO)
3167,DISTRITO FEDERAL (INTEIRO)
3168,DISTRITO FEDERAL (INTEIRO)
3169,XIII
3170,DISTRITO FEDERAL (INTEIRO)
3171,DISTRITO FEDERAL (INTEIRO)
3172,DISTRITO FEDERAL (INTEIRO)
3173,DISTRITO FEDERAL (INTEIRO)
3174,DISTRITO FEDERAL (INTEIRO)
3175,DISTRITO FEDERAL (INTEIRO)
3176,DISTRITO FEDERAL (INTEIRO)
3177,DISTRITO FEDERAL (INTEIRO)
3178,DISTRITO FEDERAL (INTEIRO)
3179,XXX
3180,I
3181,DISTRITO FEDERAL (INTEIRO)
3182,I
3183,I
3184,I
3185,DISTRITO FEDERAL (INTEIRO)
3186,DISTRITO FEDERAL (INTEIRO)
3187,DISTRITO FEDERAL (INTEIRO)
3188,I
3189,DISTRITO FEDERAL (INTEIRO)
3190,DISTRITO FEDERAL (INTEIRO)
3191,DISTRITO FEDERAL (INTEIRO)
3192,DISTRITO FEDERAL (INTEIRO)
3193,IX
3194,IX
3195,I
3196,I
3197,I
3198,I
3199,I
3200,VII
3201,I
3202,IX
3203,DISTRITO FEDERAL (INTEIRO)
3204,DISTRITO FEDERAL (INTEIRO)
3205,DISTRITO FEDERAL (INTEIRO)
3206,DISTRITO FEDERAL (INTEIRO)
3207,DISTRITO FEDERAL (INTEIRO)
3208,DISTRITO FEDERAL (INTEIRO)
3209,DISTRITO FEDERAL (INTEIRO)
3210,DISTRITO FEDERAL (INTEIRO)
3211,DISTRITO FEDERAL (INTEIRO)
3212,DISTRITO FEDERAL (INTEIRO)
3213,II
3214,DISTRITO FEDERAL (INTEIRO)
3215,DISTRITO FEDERAL (INTEIRO)
3216,DISTRITO FEDERAL (INTEIRO)
3217,DISTRITO FEDERAL (INTEIRO)
3218,DISTRITO FEDERAL (INTEIRO)
3219,DISTRITO FEDERAL (INTEIRO)
3220,II
3221,XIII
3222,DISTRITO FEDERAL (INTEIRO)
3223,XVI
3224,III
3225,XIV
3226,XIV
3227,XIV
3228,XIV
3229,VI
3230,DISTRITO FEDERAL (INTEIRO)
3231,DISTRITO FEDERAL (INTEIRO)
3232,DISTRITO FEDERAL (INTEIRO)
3233,DISTRITO FEDERAL (INTEIRO)
3234,DISTRITO FEDERAL (INTEIRO)
3235,IV
3236,DISTRITO FEDERAL (INTEIRO)
3237,DISTRITO FEDERAL (INTEIRO)
3238,DISTRITO FEDERAL (INTEIRO)
3239,DISTRITO FEDERAL (INTEIRO)
3240,DISTRITO FEDERAL (INTEIRO)
3241,DISTRITO FEDERAL (INTEIRO)
3242,DISTRITO FEDERAL (INTEIRO)
3243,DISTRITO FEDERAL (INTEIRO)
3244,DISTRITO FEDERAL (INTEIRO)
3245,DISTRITO FEDERAL (INTEIRO)
3246,DISTRITO FEDERAL (INTEIRO)
3247,VI
3248,DISTRITO FEDERAL (INTEIRO)
3249,DISTRITO FEDERAL (INTEIRO)
3250,DISTRITO FEDERAL (INTEIRO)
3251,DISTRITO FEDERAL (INTEIRO)
3252,DISTRITO FEDERAL (INTEIRO)
3253,DISTRITO FEDERAL (INTEIRO)
3254,DISTRITO FEDERAL (INTEIRO)
3255,DISTRITO FEDERAL (INTEIRO)
3256,DISTRITO FEDERAL (INTEIRO)
3257,DISTRITO FEDERAL (INTEIRO)
3258,DISTRITO FEDERAL (INTEIRO)
3259,DISTRITO FEDERAL (INTEIRO)
3260,DISTRITO FEDERAL (INTEIRO)
3261,DISTRITO FEDERAL (INTEIRO)
3262,DISTRITO FEDERAL (INTEIRO)
3263,III
3264,DISTRITO FEDERAL (INTEIRO)
3265,DISTRITO FEDERAL (INTEIRO)
3266,DISTRITO FEDERAL (INTEIRO)
3267,DISTRITO FEDERAL (INTEIRO)
3268,DISTRITO FEDERAL (INTEIRO)
3269,DISTRITO FEDERAL (INTEIRO)
3270,DISTRITO FEDERAL (INTEIRO)
3271,DISTRITO FEDERAL (INTEIRO)
3272,DISTRITO FEDERAL (INTEIRO)
3273,DISTRITO FEDERAL (INTEIRO)
3274,DISTRITO FEDERAL (INTEIRO)
3275,DISTRITO FEDERAL (INTEIRO)
3276,DISTRITO FEDERAL (INTEIRO)
3277,DISTRITO FEDERAL (INTEIRO)
3278,DISTRITO FEDERAL (INTEIRO)
3279,DISTRITO FEDERAL (INTEIRO)
3280,DISTRITO FEDERAL (INTEIRO)
3281,DISTRITO FEDERAL (INTEIRO)
3282,DISTRITO FEDERAL (INTEIRO)
3283,III
3284,DISTRITO FEDERAL (INTEIRO)
3285,DISTRITO FEDERAL (INTEIRO)
3286,DISTRITO FEDERAL (INTEIRO)
3287,DISTRITO FEDERAL (INTEIRO)
3288,DISTRITO FEDERAL (INTEIRO)
3289,DISTRITO FEDERAL (INTEIRO)
3290,DISTRITO FEDERAL (INTEIRO)
3291,DISTRITO FEDERAL (INTEIRO)
3292,DISTRITO FEDERAL (INTEIRO)
3293,DISTRITO FEDERAL (INTEIRO)
3294,II
3295,DISTRITO FEDERAL (INTEIRO)
3296,DISTRITO FEDERAL (INTEIRO)
3297,DISTRITO FEDERAL (INTEIRO)
3298,DISTRITO FEDERAL (INTEIRO)
3299,XIII
3300,DISTRITO FEDERAL (INTEIRO)
3301,DISTRITO FEDERAL (INTEIRO)
3302,DISTRITO FEDERAL (INTEIRO)
3303,DISTRITO FEDERAL (INTEIRO)
3304,DISTRITO FEDERAL (INTEIRO)
3305,DISTRITO FEDERAL (INTEIRO)
3306,DISTRITO FEDERAL (INTEIRO)
3307,DISTRITO FEDERAL (INTEIRO)
3308,DISTRITO FEDERAL (INTEIRO)
3309,DISTRITO FEDERAL (INTEIRO)
3310,DISTRITO FEDERAL (INTEIRO)
3311,XXVII
3312,DISTRITO FEDERAL (INTEIRO)
3313,DISTRITO FEDERAL (INTEIRO)
3314,DISTRITO FEDERAL (INTEIRO)
3315,DISTRITO FEDERAL (INTEIRO)
3316,DISTRITO FEDERAL (INTEIRO)
3317,DISTRITO FEDERAL (INTEIRO)
3318,DISTRITO FEDERAL (INTEIRO)
3319,DISTRITO FEDERAL (INTEIRO)
3320,DISTRITO FEDERAL (INTEIRO)
3321,DISTRITO FEDERAL (INTEIRO)
3321,III
3321,XVII
3321,XX
3322,II
3323,II
3324,DISTRITO FEDERAL (INTEIRO)
3325,DISTRITO FEDERAL (INTEIRO)
3326,DISTRITO FEDERAL (INTEIRO)
3327,DISTRITO FEDERAL (INTEIRO)
3328,XII
3329,DISTRITO FEDERAL (INTEIRO)
3330,DISTRITO FEDERAL (INTEIRO)
3331,X
3332,DISTRITO FEDERAL (INTEIRO)
3333,DISTRITO FEDERAL (INTEIRO)
3334,DISTRITO FEDERAL (INTEIRO)
3335,DISTRITO FEDERAL (INTEIRO)
3336,II
3337,DISTRITO FEDERAL (INTEIRO)
3338,DISTRITO FEDERAL (INTEIRO)
3339,DISTRITO FEDERAL (INTEIRO)
3340,DISTRITO FEDERAL (INTEIRO)
3341,DISTRITO FEDERAL (INTEIRO)
3342,DISTRITO FEDERAL (INTEIRO)
3343,XXI
3344,DISTRITO FEDERAL (INTEIRO)
3345,DISTRITO FEDERAL (INTEIRO)
3346,DISTRITO FEDERAL (INTEIRO)
3347,DISTRITO FEDERAL (INTEIRO)
3348,DISTRITO FEDERAL (INTEIRO)
3349,II
3350,II
3351,II
3352,DISTRITO FEDERAL (INTEIRO)
3353,DISTRITO FEDERAL (INTEIRO)
3354,DISTRITO FEDERAL (INTEIRO)
3355,XVIII
3356,IX
3357,IX
3358,DISTRITO FEDERAL (INTEIRO)
3359,DISTRITO FEDERAL (INTEIRO)
3360,DISTRITO FEDERAL (INTEIRO)
3361,DISTRITO FEDERAL (INTEIRO)
3362,DISTRITO FEDERAL (INTEIRO)
3363,I
3364,DISTRITO FEDERAL (INTEIRO)
3365,DISTRITO FEDERAL (INTEIRO)
3366,DISTRITO FEDERAL (INTEIRO)
3367,DISTRITO FEDERAL (INTEIRO)
3368,DISTRITO FEDERAL (INTEIRO)
3369,DISTRITO FEDERAL (INTEIRO)
3370,DISTRITO FEDERAL (INTEIRO)
3371,DISTRITO FEDERAL (INTEIRO)
3372,DISTRITO FEDERAL (INTEIRO)
3373,DISTRITO FEDERAL (INTEIRO)
3374,DISTRITO FEDERAL (INTEIRO)
3375,DISTRITO FEDERAL (INTEIRO)
3376,OUTROS ESTADOS
3377,DISTRITO FEDERAL (INTEIRO)
3378,DISTRITO FEDERAL (INTEIRO)
3379,DISTRITO FEDERAL (INTEIRO)
3380,DISTRITO FEDERAL (INTEIRO)
3381,DISTRITO FEDERAL (INTEIRO)
3382,DISTRITO FEDERAL (INTEIRO)
3383,DISTRITO FEDERAL (INTEIRO)
3384,DISTRITO FEDERAL (INTEIRO)
3385,XXV
3386,XXV
3387,DISTRITO FEDERAL (INTEIRO)
3388,XXVIII
3389,DISTRITO FEDERAL (INTEIRO)
3390,I
3391,DISTRITO FEDERAL (INTEIRO)
3392,DISTRITO FEDERAL (INTEIRO)
3393,DISTRITO FEDERAL (INTEIRO)
3394,DISTRITO FEDERAL (INTEIRO)
3395,IV
3396,DISTRITO FEDERAL (INTEIRO)
3397,DISTRITO FEDERAL (INTEIRO)
3398,DISTRITO FEDERAL (INTEIRO)
3399,DISTRITO FEDERAL (INTEIRO)
3400,DISTRITO FEDERAL (INTEIRO)
3401,DISTRITO FEDERAL (INTEIRO)
3402,DISTRITO FEDERAL (INTEIRO)
3403,DISTRITO FEDERAL (INTEIRO)
3404,DISTRITO FEDERAL (INTEIRO)
3405,DISTRITO FEDERAL (INTEIRO)
3406,DISTRITO FEDERAL (INTEIRO)
3407,DISTRITO FEDERAL (INTEIRO)
3408,DISTRITO FEDERAL (INTEIRO)
3409,DISTRITO FEDERAL (INTEIRO)
3410,DISTRITO FEDERAL (INTEIRO)
3411,DISTRITO FEDERAL (INTEIRO)
3412,DISTRITO FEDERAL (INTEIRO)
3413,DISTRITO FEDERAL (INTEIRO)
3414,DISTRITO FEDERAL (INTEIRO)
3415,DISTRITO FEDERAL (INTEIRO)
3416,XV
3417,XIV
3418,DISTRITO FEDERAL (INTEIRO)
3418,IX
3418,XXXII
3419,IX
3420,DISTRITO FEDERAL (INTEIRO)
3421,DISTRITO FEDERAL (INTEIRO)
3422,DISTRITO FEDERAL (INTEIRO)
3423,DISTRITO FEDERAL (INTEIRO)
3424,DISTRITO FEDERAL (INTEIRO)
3425,DISTRITO FEDERAL (INTEIRO)
3426,DISTRITO FEDERAL (INTEIRO)
3427,DISTRITO FEDERAL (INTEIRO)
3428,DISTRITO FEDERAL (INTEIRO)
3429,DISTRITO FEDERAL (INTEIRO)
3430,DISTRITO FEDERAL (INTEIRO)
3431,IX
3432,DISTRITO FEDERAL (INTEIRO)
3433,DISTRITO FEDERAL (INTEIRO)
3434,DISTRITO FEDERAL (INTEIRO)
3435,XIII
3436,DISTRITO FEDERAL (INTEIRO)
3437,II
3438,DISTRITO FEDERAL (INTEIRO)
3439,II
3440,II
3441,DISTRITO FEDERAL (INTEIRO)
3442,DISTRITO FEDERAL (INTEIRO)
3443,XIX
3444,DISTRITO FEDERAL (INTEIRO)
3445,DISTRITO FEDERAL (INTEIRO)
3446,DISTRITO FEDERAL (INTEIRO)
3447,DISTRITO FEDERAL (INTEIRO)
3448,DISTRITO FEDERAL (INTEIRO)
3449,DISTRITO FEDERAL (INTEIRO)
3450,DISTRITO FEDERAL (INTEIRO)
3451,XV
3452,DISTRITO FEDERAL (INTEIRO)
3453,DISTRITO FEDERAL (INTEIRO)
3454,DISTRITO FEDERAL (INTEIRO)
3455,I
3455,XIX
3456,IX
3457,DISTRITO FEDERAL (INTEIRO)
3458,DISTRITO FEDERAL (INTEIRO)
3459,DISTRITO FEDERAL (INTEIRO)
3460,DISTRITO FEDERAL (INTEIRO)
3461,DISTRITO FEDERAL (INTEIRO)
3462,DISTRITO FEDERAL (INTEIRO)
3463,XIII
3464,DISTRITO FEDERAL (INTEIRO)
3465,DISTRITO FEDERAL (INTEIRO)
3466,DISTRITO FEDERAL (INTEIRO)
3467,DISTRITO FEDERAL (INTEIRO)
3468,DISTRITO FEDERAL (INTEIRO)
3468,ENTORNO
3469,DISTRITO FEDERAL (INTEIRO)
3470,XXIX
3470,XXV
3471,VI
3472,DISTRITO FEDERAL (INTEIRO)
3473,XII
3474,DISTRITO FEDERAL (INTEIRO)
3475,IV
3476,DISTRITO FEDERAL (INTEIRO)
3477,DISTRITO FEDERAL (INTEIRO)
3478,DISTRITO FEDERAL (INTEIRO)
3479,DISTRITO FEDERAL (INTEIRO)
3480,DISTRITO FEDERAL (INTEIRO)
3481,DISTRITO FEDERAL (INTEIRO)
3482,DISTRITO FEDERAL (INTEIRO)
3483,DISTRITO FEDERAL (INTEIRO)
3484,DISTRITO FEDERAL (INTEIRO)
3485,DISTRITO FEDERAL (INTEIRO)
3486,DISTRITO FEDERAL (INTEIRO)
3487,DISTRITO FEDERAL (INTEIRO)
3488,XII
3489,DISTRITO FEDERAL (INTEIRO)
3489,XV
3490,DISTRITO FEDERAL (INTEIRO)
3490,XV
3491,DISTRITO FEDERAL (INTEIRO)
3491,XV
3492,X
3493,DISTRITO FEDERAL (INTEIRO)
3494,DISTRITO FEDERAL (INTEIRO)
3495,DISTRITO FEDERAL (INTEIRO)
3496,DISTRITO FEDERAL (INTEIRO)
3497,DISTRITO FEDERAL (INTEIRO)
3498,DISTRITO FEDERAL (INTEIRO)
3498,VII
3499,DISTRITO FEDERAL (INTEIRO)
3500,DISTRITO FEDERAL (INTEIRO)
3501,DISTRITO FEDERAL (INTEIRO)
3501,XV
3502,DISTRITO FEDERAL (INTEIRO)
3503,DISTRITO FEDERAL (INTEIRO)
3504,DISTRITO FEDERAL (INTEIRO)
3505,III
3505,XXX
3506,IV
3507,DISTRITO FEDERAL (INTEIRO)
3508,II
3509,II
3510,X
3511,DISTRITO FEDERAL (INTEIRO)
3512,IV
3513,XII
3514,DISTRITO FEDERAL (INTEIRO)
3515,DISTRITO FEDERAL (INTEIRO)
3516,DISTRITO FEDERAL (INTEIRO)
3517,DISTRITO FEDERAL (INTEIRO)
3518,XII
3519,DISTRITO FEDERAL (INTEIRO)
3520,DISTRITO FEDERAL (INTEIRO)
3521,DISTRITO FEDERAL (INTEIRO)
3522,DISTRITO FEDERAL (INTEIRO)
3523,XXXI
3524,XXXI
3525,XXXI
3526,DISTRITO FEDERAL (INTEIRO)
3527,DISTRITO FEDERAL (INTEIRO)
3528,DISTRITO FEDERAL (INTEIRO)
3529,DISTRITO FEDERAL (INTEIRO)
3530,III
3531,DISTRITO FEDERAL (INTEIRO)
3532,DISTRITO FEDERAL (INTEIRO)
3533,DISTRITO FEDERAL (INTEIRO)
3534,DISTRITO FEDERAL (INTEIRO)
3535,III
3536,DISTRITO FEDERAL (INTEIRO)
3537,DISTRITO FEDERAL (INTEIRO)
3538,DISTRITO FEDERAL (INTEIRO)
3539,DISTRITO FEDERAL (INTEIRO)
3540,DISTRITO FEDERAL (INTEIRO)
3540,XXXII
3541,DISTRITO FEDERAL (INTEIRO)
3542,DISTRITO FEDERAL (INTEIRO)
3543,DISTRITO FEDERAL (INTEIRO)
3543,III
3544,DISTRITO FEDERAL (INTEIRO)
3544,III
3545,DISTRITO FEDERAL (INTEIRO)
3546,DISTRITO FEDERAL (INTEIRO)
3547,DISTRITO FEDERAL (INTEIRO)
3548,DISTRITO FEDERAL (INTEIRO)
3549,DISTRITO FEDERAL (INTEIRO)
3549,XXXII
3550,DISTRITO FEDERAL (INTEIRO)
3550,III
3550,IX
3551,DISTRITO FEDERAL (INTEIRO)
3552,DISTRITO FEDERAL (INTEIRO)
3553,DISTRITO FEDERAL (INTEIRO)
3554,DISTRITO FEDERAL (INTEIRO)
3555,DISTRITO FEDERAL (INTEIRO)
3556,DISTRITO FEDERAL (INTEIRO)
3557,DISTRITO FEDERAL (INTEIRO)
3558,V
3559,DISTRITO FEDERAL (INTEIRO)
3560,DISTRITO FEDERAL (INTEIRO)
3561,DISTRITO FEDERAL (INTEIRO)
3562,V
3563,DISTRITO FEDERAL (INTEIRO)
3564,DISTRITO FEDERAL (INTEIRO)
3565,DISTRITO FEDERAL (INTEIRO)
3566,DISTRITO FEDERAL (INTEIRO)
3567,II
3568,XIII
3569,DISTRITO FEDERAL (INTEIRO)
3570,XXXI
3571,DISTRITO FEDERAL (INTEIRO)
3572,DISTRITO FEDERAL (INTEIRO)
3572,VI
3573,DISTRITO FEDERAL (INTEIRO)
3574,DISTRITO FEDERAL (INTEIRO)
3575,DISTRITO FEDERAL (INTEIRO)
3576,XIII
3577,XIII
3578,DISTRITO FEDERAL (INTEIRO)
3579,DISTRITO FEDERAL (INTEIRO)
3580,DISTRITO FEDERAL (INTEIRO)
3581,DISTRITO FEDERAL (INTEIRO)
3582,DISTRITO FEDERAL (INTEIRO)
3583,XIII
3584,II
3585,DISTRITO FEDERAL (INTEIRO)
3586,IX
3587,DISTRITO FEDERAL (INTEIRO)
3588,XXIX
3589,DISTRITO FEDERAL (INTEIRO)
3590,DISTRITO FEDERAL (INTEIRO)
3591,DISTRITO FEDERAL (INTEIRO)
3592,XXXI
3593,DISTRITO FEDERAL (INTEIRO)
3594,DISTRITO FEDERAL (INTEIRO)
3595,DISTRITO FEDERAL (INTEIRO)
3596,DISTRITO FEDERAL (INTEIRO)
3597,DISTRITO FEDERAL (INTEIRO)
3598,DISTRITO FEDERAL (INTEIRO)
3599,DISTRITO FEDERAL (INTEIRO)
3600,DISTRITO FEDERAL (INTEIRO)
3601,DISTRITO FEDERAL (INTEIRO)
3602,XXX
3603,XXX
3604,XXXII
3605,DISTRITO FEDERAL (INTEIRO)
3606,DISTRITO FEDERAL (INTEIRO)
3606,XII
3607,VII
3608,DISTRITO FEDERAL (INTEIRO)
3609,DISTRITO FEDERAL (INTEIRO)
3610,VII
3611,VII
3612,DISTRITO FEDERAL (INTEIRO)
3613,DISTRITO FEDERAL (INTEIRO)
3614,DISTRITO FEDERAL (INTEIRO)
3615,DISTRITO FEDERAL (INTEIRO)
3616,DISTRITO FEDERAL (INTEIRO)
3617,VI
3618,DISTRITO FEDERAL (INTEIRO)
3619,IV
3620,DISTRITO FEDERAL (INTEIRO)
3621,DISTRITO FEDERAL (INTEIRO)
3622,DISTRITO FEDERAL (INTEIRO)
3623,DISTRITO FEDERAL (INTEIRO)
3624,XIV
3625,DISTRITO FEDERAL (INTEIRO)
3626,DISTRITO FEDERAL (INTEIRO)
3627,DISTRITO FEDERAL (INTEIRO)
3628,DISTRITO FEDERAL (INTEIRO)
3629,DISTRITO FEDERAL (INTEIRO)
3630,DISTRITO FEDERAL (INTEIRO)
3631,V
3632,V
3633,DISTRITO FEDERAL (INTEIRO)
3634,VI
3635,DISTRITO FEDERAL (INTEIRO)
3636,DISTRITO FEDERAL (INTEIRO)
3637,DISTRITO FEDERAL (INTEIRO)
3638,VI
3639,DISTRITO FEDERAL (INTEIRO)
3640,DISTRITO FEDERAL (INTEIRO)
3641,DISTRITO FEDERAL (INTEIRO)
3642,XIV
3643,IV
3644,DISTRITO FEDERAL (INTEIRO)
3645,V
3646,DISTRITO FEDERAL (INTEIRO)
3647,DISTRITO FEDERAL (INTEIRO)
3648,DISTRITO FEDERAL (INTEIRO)
3649,DISTRITO FEDERAL (INTEIRO)
3650,DISTRITO FEDERAL (INTEIRO)
3651,V
3652,DISTRITO FEDERAL (INTEIRO)
3653,DISTRITO FEDERAL (INTEIRO)
3654,DISTRITO FEDERAL (INTEIRO)
3655,I
3656,XXVIII
3657,XXX
3658,DISTRITO FEDERAL (INTEIRO)
3658,I
3659,II
3660,DISTRITO FEDERAL (INTEIRO)
3661,IX
3662,DISTRITO FEDERAL (INTEIRO)
3663,DISTRITO FEDERAL (INTEIRO)
3664,DISTRITO FEDERAL (INTEIRO)
3665,DISTRITO FEDERAL (INTEIRO)
3666,DISTRITO FEDERAL (INTEIRO)
3667,DISTRITO FEDERAL (INTEIRO)
3668,XXX
3669,II
3670,DISTRITO FEDERAL (INTEIRO)
3671,II
3672,DISTRITO FEDERAL (INTEIRO)
3673,DISTRITO FEDERAL (INTEIRO)
3674,DISTRITO FEDERAL (INTEIRO)
3675,DISTRITO FEDERAL (INTEIRO)
3676,DISTRITO FEDERAL (INTEIRO)
3677,DISTRITO FEDERAL (INTEIRO)
3678,DISTRITO FEDERAL (INTEIRO)
3679,DISTRITO FEDERAL (INTEIRO)
3680,DISTRITO FEDERAL (INTEIRO)
3681,DISTRITO FEDERAL (INTEIRO)
3682,DISTRITO FEDERAL (INTEIRO)
3683,DISTRITO FEDERAL (INTEIRO)
3684,DISTRITO FEDERAL (INTEIRO)
3685,DISTRITO FEDERAL (INTEIRO)
3686,DISTRITO FEDERAL (INTEIRO)
3687,DISTRITO FEDERAL (INTEIRO)
3688,DISTRITO FEDERAL (INTEIRO)
3689,IX
3690,IX
3691,IX
3692,DISTRITO FEDERAL (INTEIRO)
3693,DISTRITO FEDERAL (INTEIRO)
3694,XIV
3695,XXXII
3696,XXXII
3697,DISTRITO FEDERAL (INTEIRO)
3698,DISTRITO FEDERAL (INTEIRO)
3699,DISTRITO FEDERAL (INTEIRO)
3700,DISTRITO FEDERAL (INTEIRO)
3701,DISTRITO FEDERAL (INTEIRO)
3702,DISTRITO FEDERAL (INTEIRO)
3703,VII
3704,DISTRITO FEDERAL (INTEIRO)
3705,DISTRITO FEDERAL (INTEIRO)
3706,DISTRITO FEDERAL (INTEIRO)
3707,DISTRITO FEDERAL (INTEIRO)
3708,DISTRITO FEDERAL (INTEIRO)
3709,DISTRITO FEDERAL (INTEIRO)
3710,DISTRITO FEDERAL (INTEIRO)
3711,DISTRITO FEDERAL (INTEIRO)
3712,I
3713,XXVII
3714,DISTRITO FEDERAL (INTEIRO)
3715,DISTRITO FEDERAL (INTEIRO)
3716,DISTRITO FEDERAL (INTEIRO)
3717,DISTRITO FEDERAL (INTEIRO)
3717,II
3718,DISTRITO FEDERAL (INTEIRO)
3718,II
3719,DISTRITO FEDERAL (INTEIRO)
3719,XXXII
3720,DISTRITO FEDERAL (INTEIRO)
3720,XXXII
3721,DISTRITO FEDERAL (INTEIRO)
3722,DISTRITO FEDERAL (INTEIRO)
3723,DISTRITO FEDERAL (INTEIRO)
3724,DISTRITO FEDERAL (INTEIRO)
3724,XXXII
3725,DISTRITO FEDERAL (INTEIRO)
3726,DISTRITO FEDERAL (INTEIRO)
3727,DISTRITO FEDERAL (INTEIRO)
3728,DISTRITO FEDERAL (INTEIRO)
3729,DISTRITO FEDERAL (INTEIRO)
3730,DISTRITO FEDERAL (INTEIRO)
3731,DISTRITO FEDERAL (INTEIRO)
3732,DISTRITO FEDERAL (INTEIRO)
3733,DISTRITO FEDERAL (INTEIRO)
3734,DISTRITO FEDERAL (INTEIRO)
3735,III
3736,DISTRITO FEDERAL (INTEIRO)
3737,DISTRITO FEDERAL (INTEIRO)
3738,DISTRITO FEDERAL (INTEIRO)
3739,DISTRITO FEDERAL (INTEIRO)
3740,DISTRITO FEDERAL (INTEIRO)
3741,DISTRITO FEDERAL (INTEIRO)
3742,XIV
3743,XIII
3744,XV
3745,XIII
3746,DISTRITO FEDERAL (INTEIRO)
3747,DISTRITO FEDERAL (INTEIRO)
3748,DISTRITO FEDERAL (INTEIRO)
3749,DISTRITO FEDERAL (INTEIRO)
3750,XIII
3751,XV
3752,DISTRITO FEDERAL (INTEIRO)
3753,DISTRITO FEDERAL (INTEIRO)
3754,DISTRITO FEDERAL (INTEIRO)
3755,DISTRITO FEDERAL (INTEIRO)
3756,XIII
3757,XIII
3758,XIV
3759,XIV
3760,DISTRITO FEDERAL (INTEIRO)
3761,DISTRITO FEDERAL (INTEIRO)
3762,DISTRITO FEDERAL (INTEIRO)
3763,DISTRITO FEDERAL (INTEIRO)
3764,III
3765,III
3766,IX
3767,IX
3768,III
3769,III
3770,DISTRITO FEDERAL (INTEIRO)
3771,DISTRITO FEDERAL (INTEIRO)
3772,DISTRITO FEDERAL (INTEIRO)
3773,DISTRITO FEDERAL (INTEIRO)
3774,DISTRITO FEDERAL (INTEIRO)
3775,DISTRITO FEDERAL (INTEIRO)
3776,DISTRITO FEDERAL (INTEIRO)
3777,DISTRITO FEDERAL (INTEIRO)
3778,DISTRITO FEDERAL (INTEIRO)
3779,DISTRITO FEDERAL (INTEIRO)
3780,DISTRITO FEDERAL (INTEIRO)
3781,DISTRITO FEDERAL (INTEIRO)
3782,DISTRITO FEDERAL (INTEIRO)
3783,XIII
3784,II
3785,II
3786,IX
3787,DISTRITO FEDERAL (INTEIRO)
3788,DISTRITO FEDERAL (INTEIRO)
3789,DISTRITO FEDERAL (INTEIRO)
3790,XIII
3791,DISTRITO FEDERAL (INTEIRO)
3792,II
3793,XVII
3794,XVII
3795,XVII
3796,XVII
3797,XVII
3798,XVII
3799,DISTRITO FEDERAL (INTEIRO)
3800,DISTRITO FEDERAL (INTEIRO)
3801,DISTRITO FEDERAL (INTEIRO)
3802,DISTRITO FEDERAL (INTEIRO)
3803,DISTRITO FEDERAL (INTEIRO)
3804,DISTRITO FEDERAL (INTEIRO)
3805,XV
3806,VI
3807,DISTRITO FEDERAL (INTEIRO)
3808,DISTRITO FEDERAL (INTEIRO)
3809,DISTRITO FEDERAL (INTEIRO)
3810,DISTRITO FEDERAL (INTEIRO)
3811,XXVIII
3812,XXVIII
3813,XXVIII
3814,II
3815,II
3816,XIII
3817,XIII
3818,DISTRITO FEDERAL (INTEIRO)
3819,DISTRITO FEDERAL (INTEIRO)
3820,DISTRITO FEDERAL (INTEIRO)
3821,DISTRITO FEDERAL (INTEIRO)
3822,DISTRITO FEDERAL (INTEIRO)
3823,DISTRITO FEDERAL (INTEIRO)
3824,DISTRITO FEDERAL (INTEIRO)
3825,DISTRITO FEDERAL (INTEIRO)
3826,DISTRITO FEDERAL (INTEIRO)
3827,XIX
3828,XIX
3829,XIX
3830,XIII
3831,XIII
3832,DISTRITO FEDERAL (INTEIRO)
3833,XIII
3834,DISTRITO FEDERAL (INTEIRO)
3834,XI
3835,DISTRITO FEDERAL (INTEIRO)
3835,XI
3836,DISTRITO FEDERAL (INTEIRO)
3836,XI
3837,DISTRITO FEDERAL (INTEIRO)
3837,XI
3838,XIII
3839,XIII
3840,XIII
3841,DISTRITO FEDERAL (INTEIRO)
3842,VIII
3843,VIII
3844,VIII
3845,DISTRITO FEDERAL (INTEIRO)
3846,IX
3847,XII
3848,DISTRITO FEDERAL (INTEIRO)
3849,VIII
3850,XII
3851,DISTRITO FEDERAL (INTEIRO)
3852,DISTRITO FEDERAL (INTEIRO)
3853,DISTRITO FEDERAL (INTEIRO)
3854,DISTRITO FEDERAL (INTEIRO)
3855,DISTRITO FEDERAL (INTEIRO)
3856,XXV
3857,IX
3858,IX
3859,IX
3860,IX
3861,IX
3862,IX
3863,IX
3864,IX
3865,DISTRITO FEDERAL (INTEIRO)
3866,DISTRITO FEDERAL (INTEIRO)
3867,DISTRITO FEDERAL (INTEIRO)
3868,DISTRITO FEDERAL (INTEIRO)
3869,XIII
3870,DISTRITO FEDERAL (INTEIRO)
3871,DISTRITO FEDERAL (INTEIRO)
3872,XIII
3873,DISTRITO FEDERAL (INTEIRO)
3874,I
3875,DISTRITO FEDERAL (INTEIRO)
3876,DISTRITO FEDERAL (INTEIRO)
3876,I
3877,DISTRITO FEDERAL (INTEIRO)
3878,DISTRITO FEDERAL (INTEIRO)
3879,XIII
3880,II
3881,II
3882,II
3883,DISTRITO FEDERAL (INTEIRO)
3884,DISTRITO FEDERAL (INTEIRO)
3885,DISTRITO FEDERAL (INTEIRO)
3886,DISTRITO FEDERAL (INTEIRO)
3887,DISTRITO FEDERAL (INTEIRO)
3888,DISTRITO FEDERAL (INTEIRO)
3889,DISTRITO FEDERAL (INTEIRO)
3890,DISTRITO FEDERAL (INTEIRO)
3891,DISTRITO FEDERAL (INTEIRO)
3892,DISTRITO FEDERAL (INTEIRO)
3893,DISTRITO FEDERAL (INTEIRO)
3894,DISTRITO FEDERAL (INTEIRO)
3895,DISTRITO FEDERAL (INTEIRO)
3896,DISTRITO FEDERAL (INTEIRO)
3897,XIX
3898,DISTRITO FEDERAL (INTEIRO)
3899,DISTRITO FEDERAL (INTEIRO)
3899,XXVII
3900,IV
3901,IV
3902,IV
3903,IV
3904,IV
3905,IV
3906,IV
3907,V
3908,V
3909,DISTRITO FEDERAL (INTEIRO)
3910,XIV
3911,XIV
3912,V
3913,XIV
3914,XIV
3915,XIV
3916,VIII
3917,DISTRITO FEDERAL (INTEIRO)
3918,DISTRITO FEDERAL (INTEIRO)
3919,DISTRITO FEDERAL (INTEIRO)
3920,DISTRITO FEDERAL (INTEIRO)
3921,DISTRITO FEDERAL (INTEIRO)
3922,DISTRITO FEDERAL (INTEIRO)
3923,DISTRITO FEDERAL (INTEIRO)
3923,XXVII
3924,DISTRITO FEDERAL (INTEIRO)
3925,XIII
3926,DISTRITO FEDERAL (INTEIRO)
3927,XIII
3928,DISTRITO FEDERAL (INTEIRO)
3929,XII
3930,DISTRITO FEDERAL (INTEIRO)
3931,XII
3932,DISTRITO FEDERAL (INTEIRO)
3933,VII
3934,DISTRITO FEDERAL (INTEIRO)
3935,DISTRITO FEDERAL (INTEIRO)
3936,DISTRITO FEDERAL (INTEIRO)
3937,XIV
3938,XII
3939,XIV
3940,XII
3941,XII
3942,XIII
3943,DISTRITO FEDERAL (INTEIRO)
3944,XIV
3945,DISTRITO FEDERAL (INTEIRO)
3946,DISTRITO FEDERAL (INTEIRO)
3947,DISTRITO FEDERAL (INTEIRO)
3948,DISTRITO FEDERAL (INTEIRO)
3949,DISTRITO FEDERAL (INTEIRO)
3950,XII
3951,XIV
3952,XIV
3953,XIV
3954,DISTRITO FEDERAL (INTEIRO)
3955,XIII
3956,XV
3957,DISTRITO FEDERAL (INTEIRO)
3958,DISTRITO FEDERAL (INTEIRO)
3959,DISTRITO FEDERAL (INTEIRO)
3960,X
3961,XIV
3962,DISTRITO FEDERAL (INTEIRO)
3963,DISTRITO FEDERAL (INTEIRO)
3964,DISTRITO FEDERAL (INTEIRO)
3965,DISTRITO FEDERAL (INTEIRO)
3966,DISTRITO FEDERAL (INTEIRO)
3967,DISTRITO FEDERAL (INTEIRO)
3968,DISTRITO FEDERAL (INTEIRO)
3969,DISTRITO FEDERAL (INTEIRO)
3970,DISTRITO FEDERAL (INTEIRO)
3971,XIII
3972,II
3973,DISTRITO FEDERAL (INTEIRO)
3974,DISTRITO FEDERAL (INTEIRO)
3975,DISTRITO FEDERAL (INTEIRO)
3976,DISTRITO FEDERAL (INTEIRO)
3977,DISTRITO FEDERAL (INTEIRO)
3978,DISTRITO FEDERAL (INTEIRO)
3979,DISTRITO FEDERAL (INTEIRO)
3980,DISTRITO FEDERAL (INTEIRO)
3981,DISTRITO FEDERAL (INTEIRO)
3982,XV
3983,DISTRITO FEDERAL (INTEIRO)
3984,XIII
3985,DISTRITO FEDERAL (INTEIRO)
3986,DISTRITO FEDERAL (INTEIRO)
3987,DISTRITO FEDERAL (INTEIRO)
3988,XIV
3989,XIV
3990,XIV
3991,XV
3992,II
3992,IV
3992,IX
3993,DISTRITO FEDERAL (INTEIRO)
3994,XIV
3995,III
3996,DISTRITO FEDERAL (INTEIRO)
3997,DISTRITO FEDERAL (INTEIRO)
3998,V
3999,DISTRITO FEDERAL (INTEIRO)
4000,DISTRITO FEDERAL (INTEIRO)
4001,DISTRITO FEDERAL (INTEIRO)
4002,DISTRITO FEDERAL (INTEIRO)
4003,DISTRITO FEDERAL (INTEIRO)
4004,DISTRITO FEDERAL (INTEIRO)
4005,DISTRITO FEDERAL (INTEIRO)
4006,DISTRITO FEDERAL (INTEIRO)
4007,DISTRITO FEDERAL (INTEIRO)
4008,DISTRITO FEDERAL (INTEIRO)
4009,DISTRITO FEDERAL (INTEIRO)
4010,DISTRITO FEDERAL (INTEIRO)
4011,XII
4012,XII
4013,XII
4014,DISTRITO FEDERAL (INTEIRO)
4015,XII
4016,DISTRITO FEDERAL (INTEIRO)
4017,XII
4018,DISTRITO FEDERAL (INTEIRO)
4019,XII
4020,XII
4021,DISTRITO FEDERAL (INTEIRO)
4022,DISTRITO FEDERAL (INTEIRO)
4023,DISTRITO FEDERAL (INTEIRO)
4024,XII
4025,II
4026,DISTRITO FEDERAL (INTEIRO)
4027,DISTRITO FEDERAL (INTEIRO)
4028,XII
4029,DISTRITO FEDERAL (INTEIRO)
4029,XXXII
4030,XII
4031,XII
4032,XII
4033,XII
4034,DISTRITO FEDERAL (INTEIRO)
4035,III
4036,XII
4037,DISTRITO FEDERAL (INTEIRO)
4038,DISTRITO FEDERAL (INTEIRO)
4039,DISTRITO FEDERAL (INTEIRO)
4040,DISTRITO FEDERAL (INTEIRO)
4041,DISTRITO FEDERAL (INTEIRO)
4042,DISTRITO FEDERAL (INTEIRO)
4043,XXX
4044,XIII
4045,DISTRITO FEDERAL (INTEIRO)
4046,DISTRITO FEDERAL (INTEIRO)
4047,DISTRITO FEDERAL (INTEIRO)
4048,DISTRITO FEDERAL (INTEIRO)
4049,DISTRITO FEDERAL (INTEIRO)
4050,DISTRITO FEDERAL (INTEIRO)
4051,DISTRITO FEDERAL (INTEIRO)
4052,DISTRITO FEDERAL (INTEIRO)
4053,DISTRITO FEDERAL (INTEIRO)
4054,DISTRITO FEDERAL (INTEIRO)
4055,DISTRITO FEDERAL (INTEIRO)
4056,DISTRITO FEDERAL (INTEIRO)
4057,DISTRITO FEDERAL (INTEIRO)
4058,DISTRITO FEDERAL (INTEIRO)
4059,DISTRITO FEDERAL (INTEIRO)
4060,DISTRITO FEDERAL (INTEIRO)
4061,DISTRITO FEDERAL (INTEIRO)
4062,DISTRITO FEDERAL (INTEIRO)
4063,DISTRITO FEDERAL (INTEIRO)
4064,DISTRITO FEDERAL (INTEIRO)
4065,DISTRITO FEDERAL (INTEIRO)
4066,DISTRITO FEDERAL (INTEIRO)
4067,DISTRITO FEDERAL (INTEIRO)
4068,DISTRITO FEDERAL (INTEIRO)
4069,DISTRITO FEDERAL (INTEIRO)
4070,DISTRITO FEDERAL (INTEIRO)
4071,DISTRITO FEDERAL (INTEIRO)
4072,DISTRITO FEDERAL (INTEIRO)
4073,DISTRITO FEDERAL (INTEIRO)
4074,DISTRITO FEDERAL (INTEIRO)
4075,DISTRITO FEDERAL (INTEIRO)
4076,DISTRITO FEDERAL (INTEIRO)
4077,DISTRITO FEDERAL (INTEIRO)
4078,DISTRITO FEDERAL (INTEIRO)
4079,DISTRITO FEDERAL (INTEIRO)
4080,DISTRITO FEDERAL (INTEIRO)
4081,DISTRITO FEDERAL (INTEIRO)
4082,DISTRITO FEDERAL (INTEIRO)
4083,DISTRITO FEDERAL (INTEIRO)
4084,DISTRITO FEDERAL (INTEIRO)
4085,XXII
4086,DISTRITO FEDERAL (INTEIRO)
4087,XIII
4088,DISTRITO FEDERAL (INTEIRO)
4088,ENTORNO
4088,I
4088,II
4088,III
4088,IV
4088,IX
4088,OUTROS ESTADOS
4088,V
4088,VI
4088,VII
4088,VIII
4088,X
4088,XI
4088,XII
4088,XIII
4088,XIV
4088,XIX
4088,XV
4088,XVI
4088,XVII
4088,XVIII
4088,XX
4088,XXI
4088,XXII
4088,XXIII
4088,XXIV
4088,XXIX
4088,XXV
4088,XXVI
4088,XXVII
4088,XXVIII
4088,XXX
4088,XXXI
4088,XXXII
4088,XXXIII
4089,DISTRITO FEDERAL (INTEIRO)
4090,DISTRITO FEDERAL (INTEIRO)
4091,XXV
4092,DISTRITO FEDERAL (INTEIRO)
4093,DISTRITO FEDERAL (INTEIRO)
4094,VIII
4095,XIII
4096,DISTRITO FEDERAL (INTEIRO)
4097,DISTRITO FEDERAL (INTEIRO)
4098,DISTRITO FEDERAL (INTEIRO)
4099,DISTRITO FEDERAL (INTEIRO)
4100,DISTRITO FEDERAL (INTEIRO)
4101,DISTRITO FEDERAL (INTEIRO)
4102,XXXIII
4103,IX
4104,IX
4105,XXXII
4106,XIII
4107,DISTRITO FEDERAL (INTEIRO)
4108,DISTRITO FEDERAL (INTEIRO)
4109,DISTRITO FEDERAL (INTEIRO)
4110,VI
4111,DISTRITO FEDERAL (INTEIRO)
4112,DISTRITO FEDERAL (INTEIRO)
4113,XIII
4113,XXV
4114,XIII
4115,XXI
4116,DISTRITO FEDERAL (INTEIRO)
4117,DISTRITO FEDERAL (INTEIRO)
4118,DISTRITO FEDERAL (INTEIRO)
4119,DISTRITO FEDERAL (INTEIRO)
4120,III
4121,DISTRITO FEDERAL (INTEIRO)
4122,DISTRITO FEDERAL (INTEIRO)
4123,DISTRITO FEDERAL (INTEIRO)
4124,XXVIII
4125,DISTRITO FEDERAL (INTEIRO)
4126,DISTRITO FEDERAL (INTEIRO)
4127,DISTRITO FEDERAL (INTEIRO)
4128,DISTRITO FEDERAL (INTEIRO)
4129,DISTRITO FEDERAL (INTEIRO)
4130,DISTRITO FEDERAL (INTEIRO)
4131,DISTRITO FEDERAL (INTEIRO)
4132,DISTRITO FEDERAL (INTEIRO)
4133,DISTRITO FEDERAL (INTEIRO)
4134,DISTRITO FEDERAL (INTEIRO)
4135,DISTRITO FEDERAL (INTEIRO)
4136,DISTRITO FEDERAL (INTEIRO)
4137,DISTRITO FEDERAL (INTEIRO)
4138,DISTRITO FEDERAL (INTEIRO)
4139,DISTRITO FEDERAL (INTEIRO)
4140,DISTRITO FEDERAL (INTEIRO)
4141,DISTRITO FEDERAL (INTEIRO)
4142,XXVI
4143,DISTRITO FEDERAL (INTEIRO)
4144,DISTRITO FEDERAL (INTEIRO)
4145,DISTRITO FEDERAL (INTEIRO)
4146,DISTRITO FEDERAL (INTEIRO)
4147,DISTRITO FEDERAL (INTEIRO)
4148,DISTRITO FEDERAL (INTEIRO)
4149,DISTRITO FEDERAL (INTEIRO)
4150,IV
4151,XXII
4152,DISTRITO FEDERAL (INTEIRO)
4153,DISTRITO FEDERAL (INTEIRO)
4154,DISTRITO FEDERAL (INTEIRO)
4155,DISTRITO FEDERAL (INTEIRO)
4156,DISTRITO FEDERAL (INTEIRO)
4157,DISTRITO FEDERAL (INTEIRO)
4158,DISTRITO FEDERAL (INTEIRO)
4159,DISTRITO FEDERAL (INTEIRO)
4160,DISTRITO FEDERAL (INTEIRO)
4161,DISTRITO FEDERAL (INTEIRO)
4162,DISTRITO FEDERAL (INTEIRO)
4163,DISTRITO FEDERAL (INTEIRO)
4164,DISTRITO FEDERAL (INTEIRO)
4165,X
4166,XXV
4167,IV
4168,DISTRITO FEDERAL (INTEIRO)
4169,XXV
4170,DISTRITO FEDERAL (INTEIRO)
4171,XVII
4172,V
4173,XIV
4174,VI
4175,XXX
4176,XIII
4177,DISTRITO FEDERAL (INTEIRO)
4178,DISTRITO FEDERAL (INTEIRO)
4179,DISTRITO FEDERAL (INTEIRO)
4180,DISTRITO FEDERAL (INTEIRO)
4181,DISTRITO FEDERAL (INTEIRO)
4182,DISTRITO FEDERAL (INTEIRO)
4183,DISTRITO FEDERAL (INTEIRO)
4184,DISTRITO FEDERAL (INTEIRO)
4185,DISTRITO FEDERAL (INTEIRO)
4186,DISTRITO FEDERAL (INTEIRO)
4187,DISTRITO FEDERAL (INTEIRO)
4188,DISTRITO FEDERAL (INTEIRO)
4189,DISTRITO FEDERAL (INTEIRO)
4190,DISTRITO FEDERAL (INTEIRO)
4191,DISTRITO FEDERAL (INTEIRO)
4192,DISTRITO FEDERAL (INTEIRO)
4193,XIII
4194,III
4195,X
4196,IX
4197,XV
4198,DISTRITO FEDERAL (INTEIRO)
4199,VI
4200,DISTRITO FEDERAL (INTEIRO)
4201,DISTRITO FEDERAL (INTEIRO)
4202,DISTRITO FEDERAL (INTEIRO)
4203,DISTRITO FEDERAL (INTEIRO)
4204,DISTRITO FEDERAL (INTEIRO)
4205,DISTRITO FEDERAL (INTEIRO)
4206,DISTRITO FEDERAL (INTEIRO)
4207,DISTRITO FEDERAL (INTEIRO)
4207,XXXIII
4208,DISTRITO FEDERAL (INTEIRO)
4209,DISTRITO FEDERAL (INTEIRO)
4210,XIII
4211,DISTRITO FEDERAL (INTEIRO)
4212,IX
4213,DISTRITO FEDERAL (INTEIRO)
4214,DISTRITO FEDERAL (INTEIRO)
4215,DISTRITO FEDERAL (INTEIRO)
4216,DISTRITO FEDERAL (INTEIRO)
4217,DISTRITO FEDERAL (INTEIRO)
4218,DISTRITO FEDERAL (INTEIRO)
4219,DISTRITO FEDERAL (INTEIRO)
4220,DISTRITO FEDERAL (INTEIRO)
4221,DISTRITO FEDERAL (INTEIRO)
4222,DISTRITO FEDERAL (INTEIRO)
4223,DISTRITO FEDERAL (INTEIRO)
4224,DISTRITO FEDERAL (INTEIRO)
4225,DISTRITO FEDERAL (INTEIRO)
4226,DISTRITO FEDERAL (INTEIRO)
4227,DISTRITO FEDERAL (INTEIRO)
4228,DISTRITO FEDERAL (INTEIRO)
4229,DISTRITO FEDERAL (INTEIRO)
4230,DISTRITO FEDERAL (INTEIRO)
4231,DISTRITO FEDERAL (INTEIRO)
4232,DISTRITO FEDERAL (INTEIRO)
4233,DISTRITO FEDERAL (INTEIRO)
4234,DISTRITO FEDERAL (INTEIRO)
4235,DISTRITO FEDERAL (INTEIRO)
4236,DISTRITO FEDERAL (INTEIRO)
4237,DISTRITO FEDERAL (INTEIRO)
4238,DISTRITO FEDERAL (INTEIRO)
4239,DISTRITO FEDERAL (INTEIRO)
4240,DISTRITO FEDERAL (INTEIRO)
4241,DISTRITO FEDERAL (INTEIRO)
4242,DISTRITO FEDERAL (INTEIRO)
4243,DISTRITO FEDERAL (INTEIRO)
4244,DISTRITO FEDERAL (INTEIRO)
4245,DISTRITO FEDERAL (INTEIRO)
4246,DISTRITO FEDERAL (INTEIRO)
4247,DISTRITO FEDERAL (INTEIRO)
4248,DISTRITO FEDERAL (INTEIRO)
4249,DISTRITO FEDERAL (INTEIRO)
4250,DISTRITO FEDERAL (INTEIRO)
4251,DISTRITO FEDERAL (INTEIRO)
4252,DISTRITO FEDERAL (INTEIRO)
4253,DISTRITO FEDERAL (INTEIRO)
4254,DISTRITO FEDERAL (INTEIRO)
4255,DISTRITO FEDERAL (INTEIRO)
4256,DISTRITO FEDERAL (INTEIRO)
4257,DISTRITO FEDERAL (INTEIRO)
4258,DISTRITO FEDERAL (INTEIRO)
4259,DISTRITO FEDERAL (INTEIRO)
4260,DISTRITO FEDERAL (INTEIRO)
4261,DISTRITO FEDERAL (INTEIRO)
4262,DISTRITO FEDERAL (INTEIRO)
4263,DISTRITO FEDERAL (INTEIRO)
4264,DISTRITO FEDERAL (INTEIRO)
4265,DISTRITO FEDERAL (INTEIRO)
4266,DISTRITO FEDERAL (INTEIRO)
4267,DISTRITO FEDERAL (INTEIRO)
4268,DISTRITO FEDERAL (INTEIRO)
4269,DISTRITO FEDERAL (INTEIRO)
4270,DISTRITO FEDERAL (INTEIRO)
4271,DISTRITO FEDERAL (INTEIRO)
4272,DISTRITO FEDERAL (INTEIRO)
4273,DISTRITO FEDERAL (INTEIRO)
4274,DISTRITO FEDERAL (INTEIRO)
4275,DISTRITO FEDERAL (INTEIRO)
4276,DISTRITO FEDERAL (INTEIRO)
4277,DISTRITO FEDERAL (INTEIRO)
4278,DISTRITO FEDERAL (INTEIRO)
4279,DISTRITO FEDERAL (INTEIRO)
4280,DISTRITO FEDERAL (INTEIRO)
4281,DISTRITO FEDERAL (INTEIRO)
4282,DISTRITO FEDERAL (INTEIRO)
4283,DISTRITO FEDERAL (INTEIRO)
4284,DISTRITO FEDERAL (INTEIRO)
4285,DISTRITO FEDERAL (INTEIRO)
4286,DISTRITO FEDERAL (INTEIRO)
4287,DISTRITO FEDERAL (INTEIRO)
4288,DISTRITO FEDERAL (INTEIRO)
4289,DISTRITO FEDERAL (INTEIRO)
4290,DISTRITO FEDERAL (INTEIRO)
4291,DISTRITO FEDERAL (INTEIRO)
4292,DISTRITO FEDERAL (INTEIRO)
4293,DISTRITO FEDERAL (INTEIRO)
4294,DISTRITO FEDERAL (INTEIRO)
4295,DISTRITO FEDERAL (INTEIRO)
4296,DISTRITO FEDERAL (INTEIRO)
4297,DISTRITO FEDERAL (INTEIRO)
4298,DISTRITO FEDERAL (INTEIRO)
4299,DISTRITO FEDERAL (INTEIRO)
4300,DISTRITO FEDERAL (INTEIRO)
4301,DISTRITO FEDERAL (INTEIRO)
4302,DISTRITO FEDERAL (INTEIRO)
4303,DISTRITO FEDERAL (INTEIRO)
4304,DISTRITO FEDERAL (INTEIRO)
4305,DISTRITO FEDERAL (INTEIRO)
4306,DISTRITO FEDERAL (INTEIRO)
4307,DISTRITO FEDERAL (INTEIRO)
4308,DISTRITO FEDERAL (INTEIRO)
4309,DISTRITO FEDERAL (INTEIRO)
4310,DISTRITO FEDERAL (INTEIRO)
4311,DISTRITO FEDERAL (INTEIRO)
4312,DISTRITO FEDERAL (INTEIRO)
4313,DISTRITO FEDERAL (INTEIRO)
4314,DISTRITO FEDERAL (INTEIRO)
4315,DISTRITO FEDERAL (INTEIRO)
4316,DISTRITO FEDERAL (INTEIRO)
4317,DISTRITO FEDERAL (INTEIRO)
4318,DISTRITO FEDERAL (INTEIRO)
4319,DISTRITO FEDERAL (INTEIRO)
4320,DISTRITO FEDERAL (INTEIRO)
4321,DISTRITO FEDERAL (INTEIRO)
4322,DISTRITO FEDERAL (INTEIRO)
4323,DISTRITO FEDERAL (INTEIRO)
4324,DISTRITO FEDERAL (INTEIRO)
4325,DISTRITO FEDERAL (INTEIRO)
4326,DISTRITO FEDERAL (INTEIRO)
4327,DISTRITO FEDERAL (INTEIRO)
4328,DISTRITO FEDERAL (INTEIRO)
4329,DISTRITO FEDERAL (INTEIRO)
4330,DISTRITO FEDERAL (INTEIRO)
4331,DISTRITO FEDERAL (INTEIRO)
4332,DISTRITO FEDERAL (INTEIRO)
4333,DISTRITO FEDERAL (INTEIRO)
4334,DISTRITO FEDERAL (INTEIRO)
4335,DISTRITO FEDERAL (INTEIRO)
4336,DISTRITO FEDERAL (INTEIRO)
4337,DISTRITO FEDERAL (INTEIRO)
4338,DISTRITO FEDERAL (INTEIRO)
4339,DISTRITO FEDERAL (INTEIRO)
4340,DISTRITO FEDERAL (INTEIRO)
4341,DISTRITO FEDERAL (INTEIRO)
4342,DISTRITO FEDERAL (INTEIRO)
4343,DISTRITO FEDERAL (INTEIRO)
4344,DISTRITO FEDERAL (INTEIRO)
4345,DISTRITO FEDERAL (INTEIRO)
4346,DISTRITO FEDERAL (INTEIRO)
4347,DISTRITO FEDERAL (INTEIRO)
4348,DISTRITO FEDERAL (INTEIRO)
4349,DISTRITO FEDERAL (INTEIRO)
4350,DISTRITO FEDERAL (INTEIRO)
4351,DISTRITO FEDERAL (INTEIRO)
4352,DISTRITO FEDERAL (INTEIRO)
4353,DISTRITO FEDERAL (INTEIRO)
4354,DISTRITO FEDERAL (INTEIRO)
4355,DISTRITO FEDERAL (INTEIRO)
4356,DISTRITO FEDERAL (INTEIRO)
4357,DISTRITO FEDERAL (INTEIRO)
4358,DISTRITO FEDERAL (INTEIRO)
4359,DISTRITO FEDERAL (INTEIRO)
4360,DISTRITO FEDERAL (INTEIRO)
4361,DISTRITO FEDERAL (INTEIRO)
4362,DISTRITO FEDERAL (INTEIRO)
4363,DISTRITO FEDERAL (INTEIRO)
4364,DISTRITO FEDERAL (INTEIRO)
4365,DISTRITO FEDERAL (INTEIRO)
4366,DISTRITO FEDERAL (INTEIRO)
4367,DISTRITO FEDERAL (INTEIRO)
4368,DISTRITO FEDERAL (INTEIRO)
4369,DISTRITO FEDERAL (INTEIRO)
4370,DISTRITO FEDERAL (INTEIRO)
4371,DISTRITO FEDERAL (INTEIRO)
4372,DISTRITO FEDERAL (INTEIRO)
4373,DISTRITO FEDERAL (INTEIRO)
4374,DISTRITO FEDERAL (INTEIRO)
4375,DISTRITO FEDERAL (INTEIRO)
4376,DISTRITO FEDERAL (INTEIRO)
4377,DISTRITO FEDERAL (INTEIRO)
4378,DISTRITO FEDERAL (INTEIRO)
4379,DISTRITO FEDERAL (INTEIRO)
4380,DISTRITO FEDERAL (INTEIRO)
4381,DISTRITO FEDERAL (INTEIRO)
4382,DISTRITO FEDERAL (INTEIRO)
4383,DISTRITO FEDERAL (INTEIRO)
4384,DISTRITO FEDERAL (INTEIRO)
4385,DISTRITO FEDERAL (INTEIRO)
4386,DISTRITO FEDERAL (INTEIRO)
4387,DISTRITO FEDERAL (INTEIRO)
4388,DISTRITO FEDERAL (INTEIRO)
4389,DISTRITO FEDERAL (INTEIRO)
4390,DISTRITO FEDERAL (INTEIRO)
4390,ENTORNO
4390,OUTROS ESTADOS
4391,DISTRITO FEDERAL (INTEIRO)
4391,ENTORNO
4391,OUTROS ESTADOS
4392,DISTRITO FEDERAL (INTEIRO)
4392,ENTORNO
4392,OUTROS ESTADOS
4393,DISTRITO FEDERAL (INTEIRO)
4393,ENTORNO
4393,OUTROS ESTADOS
4394,DISTRITO FEDERAL (INTEIRO)
4394,ENTORNO
4394,OUTROS ESTADOS
4395,DISTRITO FEDERAL (INTEIRO)
4395,ENTORNO
4395,OUTROS ESTADOS
4396,DISTRITO FEDERAL (INTEIRO)
4396,ENTORNO
4396,OUTROS ESTADOS
4397,DISTRITO FEDERAL (INTEIRO)
4397,ENTORNO
4397,OUTROS ESTADOS
4398,DISTRITO FEDERAL (INTEIRO)
4398,ENTORNO
4398,OUTROS ESTADOS
4399,DISTRITO FEDERAL (INTEIRO)
4399,ENTORNO
4399,OUTROS ESTADOS
4400,DISTRITO FEDERAL (INTEIRO)
4400,ENTORNO
4400,OUTROS ESTADOS
4401,DISTRITO FEDERAL (INTEIRO)
4401,ENTORNO
4401,OUTROS ESTADOS
4402,DISTRITO FEDERAL (INTEIRO)
4403,DISTRITO FEDERAL (INTEIRO)
4404,DISTRITO FEDERAL (INTEIRO)
4405,DISTRITO FEDERAL (INTEIRO)
4406,DISTRITO FEDERAL (INTEIRO)
4407,DISTRITO FEDERAL (INTEIRO)
4408,DISTRITO FEDERAL (INTEIRO)
4409,DISTRITO FEDERAL (INTEIRO)
4410,DISTRITO FEDERAL (INTEIRO)
4411,DISTRITO FEDERAL (INTEIRO)
4412,DISTRITO FEDERAL (INTEIRO)
4413,DISTRITO FEDERAL (INTEIRO)
4414,DISTRITO FEDERAL (INTEIRO)
4415,DISTRITO FEDERAL (INTEIRO)
4416,DISTRITO FEDERAL (INTEIRO)
4417,DISTRITO FEDERAL (INTEIRO)
4418,DISTRITO FEDERAL (INTEIRO)
4419,DISTRITO FEDERAL (INTEIRO)
4420,DISTRITO FEDERAL (INTEIRO)
4421,DISTRITO FEDERAL (INTEIRO)
4422,DISTRITO FEDERAL (INTEIRO)
4423,DISTRITO FEDERAL (INTEIRO)
4424,DISTRITO FEDERAL (INTEIRO)
4425,DISTRITO FEDERAL (INTEIRO)
4426,DISTRITO FEDERAL (INTEIRO)
4427,DISTRITO FEDERAL (INTEIRO)
4428,DISTRITO FEDERAL (INTEIRO)
4429,DISTRITO FEDERAL (INTEIRO)
4430,DISTRITO FEDERAL (INTEIRO)
4431,DISTRITO FEDERAL (INTEIRO)
4432,DISTRITO FEDERAL (INTEIRO)
4433,DISTRITO FEDERAL (INTEIRO)
4434,DISTRITO FEDERAL (INTEIRO)
4435,DISTRITO FEDERAL (INTEIRO)
4436,DISTRITO FEDERAL (INTEIRO)
4437,DISTRITO FEDERAL (INTEIRO)
4438,DISTRITO FEDERAL (INTEIRO)
4439,DISTRITO FEDERAL (INTEIRO)
4440,DISTRITO FEDERAL (INTEIRO)
4441,DISTRITO FEDERAL (INTEIRO)
4442,DISTRITO FEDERAL (INTEIRO)
4443,DISTRITO FEDERAL (INTEIRO)
4444,DISTRITO FEDERAL (INTEIRO)
4445,DISTRITO FEDERAL (INTEIRO)
4446,DISTRITO FEDERAL (INTEIRO)
4447,DISTRITO FEDERAL (INTEIRO)
4448,DISTRITO FEDERAL (INTEIRO)
4449,DISTRITO FEDERAL (INTEIRO)
4450,DISTRITO FEDERAL (INTEIRO)
4451,DISTRITO FEDERAL (INTEIRO)
4452,DISTRITO FEDERAL (INTEIRO)
4453,DISTRITO FEDERAL (INTEIRO)
4454,DISTRITO FEDERAL (INTEIRO)
4455,DISTRITO FEDERAL (INTEIRO)
4456,DISTRITO FEDERAL (INTEIRO)
4457,DISTRITO FEDERAL (INTEIRO)
4458,DISTRITO FEDERAL (INTEIRO)
4459,DISTRITO FEDERAL (INTEIRO)
4460,DISTRITO FEDERAL (INTEIRO)
4461,DISTRITO FEDERAL (INTEIRO)
4462,DISTRITO FEDERAL (INTEIRO)
4463,DISTRITO FEDERAL (INTEIRO)
4464,DISTRITO FEDERAL (INTEIRO)
4465,DISTRITO FEDERAL (INTEIRO)
4466,DISTRITO FEDERAL (INTEIRO)
4467,DISTRITO FEDERAL (INTEIRO)
4468,DISTRITO FEDERAL (INTEIRO)
4468,ENTORNO
4468,I
4468,II
4468,III
4468,IV
4468,IX
4468,OUTROS ESTADOS
4468,V
4468,VI
4468,VII
4468,VIII
4468,X
4468,XI
4468,XII
4468,XIII
4468,XIV
4468,XIX
4468,XV
4468,XVI
4468,XVII
4468,XVIII
4468,XX
4468,XXI
4468,XXII
4468,XXIII
4468,XXIV
4468,XXIX
4468,XXV
4468,XXVI
4468,XXVII
4468,XXVIII
4468,XXX
4468,XXXI
4468,XXXII
4468,XXXIII
4469,DISTRITO FEDERAL (INTEIRO)
4469,ENTORNO
4469,I
4469,II
4469,III
4469,IV
4469,IX
4469,OUTROS ESTADOS
4469,V
4469,VI
4469,VII
4469,VIII
4469,X
4469,XI
4469,XII
4469,XIII
4469,XIV
4469,XIX
4469,XV
4469,XVI
4469,XVII
4469,XVIII
4469,XX
4469,XXI
4469,XXII
4469,XXIII
4469,XXIV
4469,XXIX
4469,XXV
4469,XXVI
4469,XXVII
4469,XXVIII
4469,XXX
4469,XXXI
4469,XXXII
4469,XXXIII
4470,DISTRITO FEDERAL (INTEIRO)
4470,ENTORNO
4470,I
4470,II
4470,III
4470,IV
4470,IX
4470,OUTROS ESTADOS
4470,V
4470,VI
4470,VII
4470,VIII
4470,X
4470,XI
4470,XII
4470,XIII
4470,XIV
4470,XIX
4470,XV
4470,XVI
4470,XVII
4470,XVIII
4470,XX
4470,XXI
4470,XXII
4470,XXIII
4470,XXIV
4470,XXIX
4470,XXV
4470,XXVI
4470,XXVII
4470,XXVIII
4470,XXX
4470,XXXI
4470,XXXII
4470,XXXIII
4471,DISTRITO FEDERAL (INTEIRO)
4472,DISTRITO FEDERAL (INTEIRO)
4473,DISTRITO FEDERAL (INTEIRO)
4474,DISTRITO FEDERAL (INTEIRO)
4475,DISTRITO FEDERAL (INTEIRO)
4476,DISTRITO FEDERAL (INTEIRO)
4477,DISTRITO FEDERAL (INTEIRO)
4478,DISTRITO FEDERAL (INTEIRO)
4479,DISTRITO FEDERAL (INTEIRO)
4480,DISTRITO FEDERAL (INTEIRO)
4481,DISTRITO FEDERAL (INTEIRO)
4482,DISTRITO FEDERAL (INTEIRO)
4483,DISTRITO FEDERAL (INTEIRO)
4484,DISTRITO FEDERAL (INTEIRO)
4485,DISTRITO FEDERAL (INTEIRO)
4486,DISTRITO FEDERAL (INTEIRO)
4487,DISTRITO FEDERAL (INTEIRO)
4488,DISTRITO FEDERAL (INTEIRO)
4489,DISTRITO FEDERAL (INTEIRO)
4490,DISTRITO FEDERAL (INTEIRO)
4491,DISTRITO FEDERAL (INTEIRO)
4492,DISTRITO FEDERAL (INTEIRO)
4493,DISTRITO FEDERAL (INTEIRO)
4494,DISTRITO FEDERAL (INTEIRO)
4495,DISTRITO FEDERAL (INTEIRO)
4496,DISTRITO FEDERAL (INTEIRO)
4497,DISTRITO FEDERAL (INTEIRO)
4498,DISTRITO FEDERAL (INTEIRO)
4499,DISTRITO FEDERAL (INTEIRO)
4500,DISTRITO FEDERAL (INTEIRO)
4501,DISTRITO FEDERAL (INTEIRO)
4502,DISTRITO FEDERAL (INTEIRO)
4503,DISTRITO FEDERAL (INTEIRO)
4504,DISTRITO FEDERAL (INTEIRO)
4505,DISTRITO FEDERAL (INTEIRO)
4506,DISTRITO FEDERAL (INTEIRO)
4507,DISTRITO FEDERAL (INTEIRO)
4508,DISTRITO FEDERAL (INTEIRO)
4509,DISTRITO FEDERAL (INTEIRO)
4510,DISTRITO FEDERAL (INTEIRO)
4511,DISTRITO FEDERAL (INTEIRO)
4512,DISTRITO FEDERAL (INTEIRO)
4513,DISTRITO FEDERAL (INTEIRO)
4514,DISTRITO FEDERAL (INTEIRO)
4515,DISTRITO FEDERAL (INTEIRO)
4516,DISTRITO FEDERAL (INTEIRO)
4517,DISTRITO FEDERAL (INTEIRO)
4518,DISTRITO FEDERAL (INTEIRO)
4519,DISTRITO FEDERAL (INTEIRO)
4520,DISTRITO FEDERAL (INTEIRO)
4521,DISTRITO FEDERAL (INTEIRO)
4522,DISTRITO FEDERAL (INTEIRO)
4523,DISTRITO FEDERAL (INTEIRO)
4524,DISTRITO FEDERAL (INTEIRO)
4525,DISTRITO FEDERAL (INTEIRO)
4526,DISTRITO FEDERAL (INTEIRO)
4527,DISTRITO FEDERAL (INTEIRO)
4528,DISTRITO FEDERAL (INTEIRO)
4529,DISTRITO FEDERAL (INTEIRO)
4530,DISTRITO FEDERAL (INTEIRO)
4531,DISTRITO FEDERAL (INTEIRO)
4532,DISTRITO FEDERAL (INTEIRO)
4533,DISTRITO FEDERAL (INTEIRO)
4534,DISTRITO FEDERAL (INTEIRO)
4535,DISTRITO FEDERAL (INTEIRO)
4536,DISTRITO FEDERAL (INTEIRO)
4537,DISTRITO FEDERAL (INTEIRO)
4538,DISTRITO FEDERAL (INTEIRO)
4539,DISTRITO FEDERAL (INTEIRO)
4540,DISTRITO FEDERAL (INTEIRO)
4541,DISTRITO FEDERAL (INTEIRO)
4542,DISTRITO FEDERAL (INTEIRO)
4543,DISTRITO FEDERAL (INTEIRO)
4544,DISTRITO FEDERAL (INTEIRO)
4545,DISTRITO FEDERAL (INTEIRO)
4546,DISTRITO FEDERAL (INTEIRO)
4547,DISTRITO FEDERAL (INTEIRO)
4548,DISTRITO FEDERAL (INTEIRO)
4549,DISTRITO FEDERAL (INTEIRO)
4550,DISTRITO FEDERAL (INTEIRO)
4551,DISTRITO FEDERAL (INTEIRO)
4552,DISTRITO FEDERAL (INTEIRO)
4553,DISTRITO FEDERAL (INTEIRO)
4554,DISTRITO FEDERAL (INTEIRO)
4555,DISTRITO FEDERAL (INTEIRO)
4556,DISTRITO FEDERAL (INTEIRO)
4557,DISTRITO FEDERAL (INTEIRO)
4558,DISTRITO FEDERAL (INTEIRO)
4559,DISTRITO FEDERAL (INTEIRO)
4560,DISTRITO FEDERAL (INTEIRO)
4561,DISTRITO FEDERAL (INTEIRO)
4562,DISTRITO FEDERAL (INTEIRO)
4563,DISTRITO FEDERAL (INTEIRO)
4564,DISTRITO FEDERAL (INTEIRO)
4565,DISTRITO FEDERAL (INTEIRO)
4566,DISTRITO FEDERAL (INTEIRO)
4567,DISTRITO FEDERAL (INTEIRO)
4568,DISTRITO FEDERAL (INTEIRO)
4569,DISTRITO FEDERAL (INTEIRO)
4570,DISTRITO FEDERAL (INTEIRO)
4571,DISTRITO FEDERAL (INTEIRO)
4572,DISTRITO FEDERAL (INTEIRO)
4573,DISTRITO FEDERAL (INTEIRO)
4574,DISTRITO FEDERAL (INTEIRO)
4575,DISTRITO FEDERAL (INTEIRO)
4576,DISTRITO FEDERAL (INTEIRO)
4577,DISTRITO FEDERAL (INTEIRO)
4578,DISTRITO FEDERAL (INTEIRO)
4579,DISTRITO FEDERAL (INTEIRO)
4580,DISTRITO FEDERAL (INTEIRO)
4581,DISTRITO FEDERAL (INTEIRO)
4582,DISTRITO FEDERAL (INTEIRO)
4583,DISTRITO FEDERAL (INTEIRO)
4584,DISTRITO FEDERAL (INTEIRO)
4585,DISTRITO FEDERAL (INTEIRO)
4586,DISTRITO FEDERAL (INTEIRO)
4587,DISTRITO FEDERAL (INTEIRO)
4588,DISTRITO FEDERAL (INTEIRO)
4589,DISTRITO FEDERAL (INTEIRO)
4590,DISTRITO FEDERAL (INTEIRO)
4591,DISTRITO FEDERAL (INTEIRO)
4592,DISTRITO FEDERAL (INTEIRO)
4593,DISTRITO FEDERAL (INTEIRO)
4594,DISTRITO FEDERAL (INTEIRO)
4595,DISTRITO FEDERAL (INTEIRO)
4596,DISTRITO FEDERAL (INTEIRO)
4597,DISTRITO FEDERAL (INTEIRO)
4598,DISTRITO FEDERAL (INTEIRO)
4599,DISTRITO FEDERAL (INTEIRO)
4600,DISTRITO FEDERAL (INTEIRO)
4601,DISTRITO FEDERAL (INTEIRO)
4602,DISTRITO FEDERAL (INTEIRO)
4603,DISTRITO FEDERAL (INTEIRO)
4604,DISTRITO FEDERAL (INTEIRO)
4605,XIII
4606,DISTRITO FEDERAL (INTEIRO)
4607,DISTRITO FEDERAL (INTEIRO)
4608,DISTRITO FEDERAL (INTEIRO)
4609,DISTRITO FEDERAL (INTEIRO)
4610,DISTRITO FEDERAL (INTEIRO)
4611,DISTRITO FEDERAL (INTEIRO)
4612,DISTRITO FEDERAL (INTEIRO)
4613,DISTRITO FEDERAL (INTEIRO)
4614,DISTRITO FEDERAL (INTEIRO)
4615,DISTRITO FEDERAL (INTEIRO)
4616,DISTRITO FEDERAL (INTEIRO)
4617,DISTRITO FEDERAL (INTEIRO)
4618,DISTRITO FEDERAL (INTEIRO)
4619,DISTRITO FEDERAL (INTEIRO)
4620,DISTRITO FEDERAL (INTEIRO)
4621,DISTRITO FEDERAL (INTEIRO)
4622,DISTRITO FEDERAL (INTEIRO)
4623,DISTRITO FEDERAL (INTEIRO)
4624,DISTRITO FEDERAL (INTEIRO)
4625,DISTRITO FEDERAL (INTEIRO)
4626,DISTRITO FEDERAL (INTEIRO)
4627,DISTRITO FEDERAL (INTEIRO)
4628,DISTRITO FEDERAL (INTEIRO)
4629,DISTRITO FEDERAL (INTEIRO)
4630,DISTRITO FEDERAL (INTEIRO)
4631,DISTRITO FEDERAL (INTEIRO)
4632,DISTRITO FEDERAL (INTEIRO)
4633,DISTRITO FEDERAL (INTEIRO)
4634,DISTRITO FEDERAL (INTEIRO)
4635,DISTRITO FEDERAL (INTEIRO)
4636,DISTRITO FEDERAL (INTEIRO)
4637,DISTRITO FEDERAL (INTEIRO)
4638,DISTRITO FEDERAL (INTEIRO)
4639,DISTRITO FEDERAL (INTEIRO)
4640,DISTRITO FEDERAL (INTEIRO)
4641,DISTRITO FEDERAL (INTEIRO)
4642,DISTRITO FEDERAL (INTEIRO)
4643,DISTRITO FEDERAL (INTEIRO)
4644,DISTRITO FEDERAL (INTEIRO)
4645,DISTRITO FEDERAL (INTEIRO)
4646,DISTRITO FEDERAL (INTEIRO)
4647,DISTRITO FEDERAL (INTEIRO)
4648,DISTRITO FEDERAL (INTEIRO)
4649,DISTRITO FEDERAL (INTEIRO)
4650,DISTRITO FEDERAL (INTEIRO)
4651,XVII
4652,XVII
4653,XVII
4654,XVII
4655,XVII
4656,DISTRITO FEDERAL (INTEIRO)
4657,DISTRITO FEDERAL (INTEIRO)
4658,DISTRITO FEDERAL (INTEIRO)
4659,DISTRITO FEDERAL (INTEIRO)
4660,DISTRITO FEDERAL (INTEIRO)
4661,DISTRITO FEDERAL (INTEIRO)
4662,DISTRITO FEDERAL (INTEIRO)
4663,DISTRITO FEDERAL (INTEIRO)
4664,DISTRITO FEDERAL (INTEIRO)
4665,DISTRITO FEDERAL (INTEIRO)
4666,DISTRITO FEDERAL (INTEIRO)
4667,DISTRITO FEDERAL (INTEIRO)
4668,DISTRITO FEDERAL (INTEIRO)
4669,DISTRITO FEDERAL (INTEIRO)
4670,DISTRITO FEDERAL (INTEIRO)
4671,DISTRITO FEDERAL (INTEIRO)
4672,XIII
4673,II
4674,DISTRITO FEDERAL (INTEIRO)
4675,DISTRITO FEDERAL (INTEIRO)
4676,DISTRITO FEDERAL (INTEIRO)
4677,DISTRITO FEDERAL (INTEIRO)
4678,DISTRITO FEDERAL (INTEIRO)
4679,DISTRITO FEDERAL (INTEIRO)
4680,DISTRITO FEDERAL (INTEIRO)
4681,DISTRITO FEDERAL (INTEIRO)
4682,DISTRITO FEDERAL (INTEIRO)
4683,DISTRITO FEDERAL (INTEIRO)
4684,DISTRITO FEDERAL (INTEIRO)
4685,DISTRITO FEDERAL (INTEIRO)
4686,DISTRITO FEDERAL (INTEIRO)
4687,DISTRITO FEDERAL (INTEIRO)
4688,DISTRITO FEDERAL (INTEIRO)
4689,DISTRITO FEDERAL (INTEIRO)
4690,DISTRITO FEDERAL (INTEIRO)
4691,DISTRITO FEDERAL (INTEIRO)
4692,DISTRITO FEDERAL (INTEIRO)
4693,DISTRITO FEDERAL (INTEIRO)
4694,DISTRITO FEDERAL (INTEIRO)
4695,DISTRITO FEDERAL (INTEIRO)
4696,DISTRITO FEDERAL (INTEIRO)
4697,DISTRITO FEDERAL (INTEIRO)
4698,DISTRITO FEDERAL (INTEIRO)
4699,DISTRITO FEDERAL (INTEIRO)
4700,DISTRITO FEDERAL (INTEIRO)
4701,DISTRITO FEDERAL (INTEIRO)
4702,DISTRITO FEDERAL (INTEIRO)
4703,DISTRITO FEDERAL (INTEIRO)
4704,DISTRITO FEDERAL (INTEIRO)
4705,DISTRITO FEDERAL (INTEIRO)
4706,DISTRITO FEDERAL (INTEIRO)
4707,DISTRITO FEDERAL (INTEIRO)
4708,DISTRITO FEDERAL (INTEIRO)
4709,DISTRITO FEDERAL (INTEIRO)
4710,DISTRITO FEDERAL (INTEIRO)
4711,DISTRITO FEDERAL (INTEIRO)
4712,DISTRITO FEDERAL (INTEIRO)
4713,DISTRITO FEDERAL (INTEIRO)
4714,DISTRITO FEDERAL (INTEIRO)
4715,DISTRITO FEDERAL (INTEIRO)
4716,DISTRITO FEDERAL (INTEIRO)
4717,DISTRITO FEDERAL (INTEIRO)
4718,DISTRITO FEDERAL (INTEIRO)
4719,DISTRITO FEDERAL (INTEIRO)
4720,DISTRITO FEDERAL (INTEIRO)
4721,DISTRITO FEDERAL (INTEIRO)
4722,DISTRITO FEDERAL (INTEIRO)
4723,VI
4724,VI
4725,VI
4726,VI
4727,VI
4728,VI
4729,VI
4729,XXXIV
4730,VI
4730,XXXIV
4731,VI
4731,XXXIV
4732,VI
4732,XXXIV
4733,VI
4733,XXXIV
4734,VI
4734,XXXIV
4735,DISTRITO FEDERAL (INTEIRO)
4736,DISTRITO FEDERAL (INTEIRO)
4737,DISTRITO FEDERAL (INTEIRO)
4738,DISTRITO FEDERAL (INTEIRO)
4739,DISTRITO FEDERAL (INTEIRO)
4740,DISTRITO FEDERAL (INTEIRO)
4741,DISTRITO FEDERAL (INTEIRO)
4742,DISTRITO FEDERAL (INTEIRO)
4743,DISTRITO FEDERAL (INTEIRO)
4744,DISTRITO FEDERAL (INTEIRO)
4745,DISTRITO FEDERAL (INTEIRO)
4746,DISTRITO FEDERAL (INTEIRO)
4747,DISTRITO FEDERAL (INTEIRO)
4748,DISTRITO FEDERAL (INTEIRO)
4749,DISTRITO FEDERAL (INTEIRO)
4750,DISTRITO FEDERAL (INTEIRO)
4751,DISTRITO FEDERAL (INTEIRO)
4752,DISTRITO FEDERAL (INTEIRO)
4753,DISTRITO FEDERAL (INTEIRO)
4754,DISTRITO FEDERAL (INTEIRO)
4755,DISTRITO FEDERAL (INTEIRO)
4756,DISTRITO FEDERAL (INTEIRO)
4757,DISTRITO FEDERAL (INTEIRO)
4758,XIII
4759,XIII
4760,VI
4761,VI
4762,VI
4763,VI
4764,VI
4765,VI
4766,VI
4767,DISTRITO FEDERAL (INTEIRO)
4768,DISTRITO FEDERAL (INTEIRO)
4769,DISTRITO FEDERAL (INTEIRO)
4770,DISTRITO FEDERAL (INTEIRO)
4771,DISTRITO FEDERAL (INTEIRO)
4772,DISTRITO FEDERAL (INTEIRO)
4773,DISTRITO FEDERAL (INTEIRO)
4774,DISTRITO FEDERAL (INTEIRO)
4775,DISTRITO FEDERAL (INTEIRO)
4776,DISTRITO FEDERAL (INTEIRO)
4777,DISTRITO FEDERAL (INTEIRO)
4778,DISTRITO FEDERAL (INTEIRO)
4779,DISTRITO FEDERAL (INTEIRO)
4780,DISTRITO FEDERAL (INTEIRO)
4781,DISTRITO FEDERAL (INTEIRO)
4782,DISTRITO FEDERAL (INTEIRO)
4783,DISTRITO FEDERAL (INTEIRO)
4784,DISTRITO FEDERAL (INTEIRO)
4785,DISTRITO FEDERAL (INTEIRO)
4786,DISTRITO FEDERAL (INTEIRO)
4787,DISTRITO FEDERAL (INTEIRO)
4788,DISTRITO FEDERAL (INTEIRO)
4789,DISTRITO FEDERAL (INTEIRO)
4790,DISTRITO FEDERAL (INTEIRO)
4791,DISTRITO FEDERAL (INTEIRO)
4792,DISTRITO FEDERAL (INTEIRO)
4793,DISTRITO FEDERAL (INTEIRO)
4794,DISTRITO FEDERAL (INTEIRO)
4795,DISTRITO FEDERAL (INTEIRO)
4796,DISTRITO FEDERAL (INTEIRO)
4797,DISTRITO FEDERAL (INTEIRO)
4798,DISTRITO FEDERAL (INTEIRO)
4799,XIII
4800,XIII
4801,XIII
4802,XIII
4803,XIII
4804,XII
4805,XII
4806,XII
4807,XII
4808,XII
4809,XII
4810,XII
4811,XII
4812,XII
4813,XII
4814,IX
4815,XXI
4816,DISTRITO FEDERAL (INTEIRO)
4817,DISTRITO FEDERAL (INTEIRO)
4818,DISTRITO FEDERAL (INTEIRO)
4819,XVII
4820,XVII
4821,XVII
4822,DISTRITO FEDERAL (INTEIRO)
4823,XVII
4824,XVII
4825,XVII
4826,XVII
4827,XVII
4828,XVII
4829,XVII
4830,XVII
4831,XVII
4832,XVII
4833,DISTRITO FEDERAL (INTEIRO)
4834,DISTRITO FEDERAL (INTEIRO)
4835,DISTRITO FEDERAL (INTEIRO)
4836,XVII
4837,DISTRITO FEDERAL (INTEIRO)
4838,DISTRITO FEDERAL (INTEIRO)
4839,DISTRITO FEDERAL (INTEIRO)
4840,DISTRITO FEDERAL (INTEIRO)
4841,DISTRITO FEDERAL (INTEIRO)
4842,DISTRITO FEDERAL (INTEIRO)
4843,DISTRITO FEDERAL (INTEIRO)
4844,DISTRITO FEDERAL (INTEIRO)
4845,DISTRITO FEDERAL (INTEIRO)
4846,DISTRITO FEDERAL (INTEIRO)
4847,DISTRITO FEDERAL (INTEIRO)
4848,DISTRITO FEDERAL (INTEIRO)
4849,DISTRITO FEDERAL (INTEIRO)
4850,DISTRITO FEDERAL (INTEIRO)
4851,DISTRITO FEDERAL (INTEIRO)
4852,DISTRITO FEDERAL (INTEIRO)
4853,XVII
4854,XVII
4855,XVII
4856,XVII
4857,XVII
4858,XVII
4859,XVII
4860,DISTRITO FEDERAL (INTEIRO)
4861,DISTRITO FEDERAL (INTEIRO)
4862,DISTRITO FEDERAL (INTEIRO)
4863,XVII
4864,XVII
4865,XVII
4866,DISTRITO FEDERAL (INTEIRO)
4867,DISTRITO FEDERAL (INTEIRO)
4868,DISTRITO FEDERAL (INTEIRO)
4869,DISTRITO FEDERAL (INTEIRO)
4870,DISTRITO FEDERAL (INTEIRO)
4871,DISTRITO FEDERAL (INTEIRO)
4872,DISTRITO FEDERAL (INTEIRO)
4873,DISTRITO FEDERAL (INTEIRO)
4874,DISTRITO FEDERAL (INTEIRO)
4875,DISTRITO FEDERAL (INTEIRO)
4876,DISTRITO FEDERAL (INTEIRO)
4877,DISTRITO FEDERAL (INTEIRO)
4878,DISTRITO FEDERAL (INTEIRO)
4879,DISTRITO FEDERAL (INTEIRO)
4880,DISTRITO FEDERAL (INTEIRO)
4881,DISTRITO FEDERAL (INTEIRO)
4882,DISTRITO FEDERAL (INTEIRO)
4883,DISTRITO FEDERAL (INTEIRO)
4884,DISTRITO FEDERAL (INTEIRO)
4885,XXX
4886,XXX
4887,XXX
4888,XXX
4889,XXX
4890,XXX
4891,XXX
4892,XXX
4893,XXX
4894,XXX
4895,DISTRITO FEDERAL (INTEIRO)
4896,DISTRITO FEDERAL (INTEIRO)
4897,X
4898,DISTRITO FEDERAL (INTEIRO)
4899,DISTRITO FEDERAL (INTEIRO)
4900,DISTRITO FEDERAL (INTEIRO)
4901,DISTRITO FEDERAL (INTEIRO)
4902,DISTRITO FEDERAL (INTEIRO)
4903,DISTRITO FEDERAL (INTEIRO)
4904,DISTRITO FEDERAL (INTEIRO)
4905,DISTRITO FEDERAL (INTEIRO)
4906,DISTRITO FEDERAL (INTEIRO)
4907,DISTRITO FEDERAL (INTEIRO)
4908,DISTRITO FEDERAL (INTEIRO)
4909,DISTRITO FEDERAL (INTEIRO)
4910,DISTRITO FEDERAL (INTEIRO)
4911,DISTRITO FEDERAL (INTEIRO)
4912,III
4913,III
4914,III
4915,DISTRITO FEDERAL (INTEIRO)
4916,DISTRITO FEDERAL (INTEIRO)
4917,DISTRITO FEDERAL (INTEIRO)
4918,DISTRITO FEDERAL (INTEIRO)
4919,DISTRITO FEDERAL (INTEIRO)
4920,DISTRITO FEDERAL (INTEIRO)
4921,DISTRITO FEDERAL (INTEIRO)
4922,DISTRITO FEDERAL (INTEIRO)
4923,DISTRITO FEDERAL (INTEIRO)
4924,DISTRITO FEDERAL (INTEIRO)
4925,DISTRITO FEDERAL (INTEIRO)
4926,DISTRITO FEDERAL (INTEIRO)
4927,DISTRITO FEDERAL (INTEIRO)
4928,DISTRITO FEDERAL (INTEIRO)
4929,DISTRITO FEDERAL (INTEIRO)
4930,DISTRITO FEDERAL (INTEIRO)
4931,DISTRITO FEDERAL (INTEIRO)
4932,DISTRITO FEDERAL (INTEIRO)
4933,DISTRITO FEDERAL (INTEIRO)
4934,DISTRITO FEDERAL (INTEIRO)
4935,DISTRITO FEDERAL (INTEIRO)
4936,DISTRITO FEDERAL (INTEIRO)
4937,DISTRITO FEDERAL (INTEIRO)
4938,DISTRITO FEDERAL (INTEIRO)
4939,DISTRITO FEDERAL (INTEIRO)
4940,DISTRITO FEDERAL (INTEIRO)
4941,DISTRITO FEDERAL (INTEIRO)
4942,DISTRITO FEDERAL (INTEIRO)
4943,DISTRITO FEDERAL (INTEIRO)
4944,DISTRITO FEDERAL (INTEIRO)
4945,DISTRITO FEDERAL (INTEIRO)
4946,DISTRITO FEDERAL (INTEIRO)
4947,DISTRITO FEDERAL (INTEIRO)
4948,DISTRITO FEDERAL (INTEIRO)
4949,DISTRITO FEDERAL (INTEIRO)
4950,DISTRITO FEDERAL (INTEIRO)
4951,DISTRITO FEDERAL (INTEIRO)
4952,DISTRITO FEDERAL (INTEIRO)
4953,DISTRITO FEDERAL (INTEIRO)
4954,DISTRITO FEDERAL (INTEIRO)
4955,DISTRITO FEDERAL (INTEIRO)
4956,DISTRITO FEDERAL (INTEIRO)
4957,DISTRITO FEDERAL (INTEIRO)
4958,DISTRITO FEDERAL (INTEIRO)
4959,DISTRITO FEDERAL (INTEIRO)
4960,DISTRITO FEDERAL (INTEIRO)
4961,DISTRITO FEDERAL (INTEIRO)
4962,DISTRITO FEDERAL (INTEIRO)
4963,DISTRITO FEDERAL (INTEIRO)
4964,DISTRITO FEDERAL (INTEIRO)
4965,DISTRITO FEDERAL (INTEIRO)
4966,DISTRITO FEDERAL (INTEIRO)
4967,DISTRITO FEDERAL (INTEIRO)
4968,DISTRITO FEDERAL (INTEIRO)
4969,DISTRITO FEDERAL (INTEIRO)
4970,DISTRITO FEDERAL (INTEIRO)
4971,DISTRITO FEDERAL (INTEIRO)
4972,DISTRITO FEDERAL (INTEIRO)
4973,DISTRITO FEDERAL (INTEIRO)
4974,DISTRITO FEDERAL (INTEIRO)
4975,DISTRITO FEDERAL (INTEIRO)
4976,DISTRITO FEDERAL (INTEIRO)
4977,DISTRITO FEDERAL (INTEIRO)
4978,DISTRITO FEDERAL (INTEIRO)
4979,DISTRITO FEDERAL (INTEIRO)
4980,DISTRITO FEDERAL (INTEIRO)
4981,DISTRITO FEDERAL (INTEIRO)
4982,DISTRITO FEDERAL (INTEIRO)
4983,DISTRITO FEDERAL (INTEIRO)
4984,DISTRITO FEDERAL (INTEIRO)
4985,DISTRITO FEDERAL (INTEIRO)
4986,DISTRITO FEDERAL (INTEIRO)
4987,DISTRITO FEDERAL (INTEIRO)
4988,DISTRITO FEDERAL (INTEIRO)
4989,DISTRITO FEDERAL (INTEIRO)
4990,DISTRITO FEDERAL (INTEIRO)
4991,DISTRITO FEDERAL (INTEIRO)
4992,DISTRITO FEDERAL (INTEIRO)
4993,DISTRITO FEDERAL (INTEIRO)
4994,DISTRITO FEDERAL (INTEIRO)
4995,DISTRITO FEDERAL (INTEIRO)
4996,II
4997,XIII
4998,XIII
4999,DISTRITO FEDERAL (INTEIRO)
5000,DISTRITO FEDERAL (INTEIRO)
5001,DISTRITO FEDERAL (INTEIRO)
5002,DISTRITO FEDERAL (INTEIRO)
5003,DISTRITO FEDERAL (INTEIRO)
5004,DISTRITO FEDERAL (INTEIRO)
5005,DISTRITO FEDERAL (INTEIRO)
5006,DISTRITO FEDERAL (INTEIRO)
5007,DISTRITO FEDERAL (INTEIRO)
5008,DISTRITO FEDERAL (INTEIRO)
5009,DISTRITO FEDERAL (INTEIRO)
5010,DISTRITO FEDERAL (INTEIRO)
5011,DISTRITO FEDERAL (INTEIRO)
5012,DISTRITO FEDERAL (INTEIRO)
5013,DISTRITO FEDERAL (INTEIRO)
5014,DISTRITO FEDERAL (INTEIRO)
5015,DISTRITO FEDERAL (INTEIRO)
5016,DISTRITO FEDERAL (INTEIRO)
5017,DISTRITO FEDERAL (INTEIRO)
5018,DISTRITO FEDERAL (INTEIRO)
5019,DISTRITO FEDERAL (INTEIRO)
5020,DISTRITO FEDERAL (INTEIRO)
5021,DISTRITO FEDERAL (INTEIRO)
5022,DISTRITO FEDERAL (INTEIRO)
5023,V
5024,DISTRITO FEDERAL (INTEIRO)
5025,DISTRITO FEDERAL (INTEIRO)
5026,DISTRITO FEDERAL (INTEIRO)
5027,DISTRITO FEDERAL (INTEIRO)
5028,DISTRITO FEDERAL (INTEIRO)
5029,DISTRITO FEDERAL (INTEIRO)
5030,DISTRITO FEDERAL (INTEIRO)
5031,DISTRITO FEDERAL (INTEIRO)
5032,V
5033,V
5034,DISTRITO FEDERAL (INTEIRO)
5035,V
5036,DISTRITO FEDERAL (INTEIRO)
5037,DISTRITO FEDERAL (INTEIRO)
5038,DISTRITO FEDERAL (INTEIRO)
5039,DISTRITO FEDERAL (INTEIRO)
5040,DISTRITO FEDERAL (INTEIRO)
5041,DISTRITO FEDERAL (INTEIRO)
5042,DISTRITO FEDERAL (INTEIRO)
5043,DISTRITO FEDERAL (INTEIRO)
5044,V
5045,DISTRITO FEDERAL (INTEIRO)
5046,DISTRITO FEDERAL (INTEIRO)
5047,DISTRITO FEDERAL (INTEIRO)
5048,DISTRITO FEDERAL (INTEIRO)
5049,DISTRITO FEDERAL (INTEIRO)
5050,DISTRITO FEDERAL (INTEIRO)
5051,DISTRITO FEDERAL (INTEIRO)
5052,DISTRITO FEDERAL (INTEIRO)
5053,DISTRITO FEDERAL (INTEIRO)
5054,DISTRITO FEDERAL (INTEIRO)
5055,DISTRITO FEDERAL (INTEIRO)
5056,DISTRITO FEDERAL (INTEIRO)
5057,DISTRITO FEDERAL (INTEIRO)
5058,DISTRITO FEDERAL (INTEIRO)
5059,DISTRITO FEDERAL (INTEIRO)
5060,DISTRITO FEDERAL (INTEIRO)
5061,DISTRITO FEDERAL (INTEIRO)
5062,DISTRITO FEDERAL (INTEIRO)
5063,DISTRITO FEDERAL (INTEIRO)
5064,DISTRITO FEDERAL (INTEIRO)
5065,DISTRITO FEDERAL (INTEIRO)
5066,DISTRITO FEDERAL (INTEIRO)
5067,DISTRITO FEDERAL (INTEIRO)
5068,DISTRITO FEDERAL (INTEIRO)
5069,DISTRITO FEDERAL (INTEIRO)
5070,DISTRITO FEDERAL (INTEIRO)
5071,DISTRITO FEDERAL (INTEIRO)
5072,DISTRITO FEDERAL (INTEIRO)
5073,DISTRITO FEDERAL (INTEIRO)
5074,DISTRITO FEDERAL (INTEIRO)
5075,DISTRITO FEDERAL (INTEIRO)
5076,DISTRITO FEDERAL (INTEIRO)
5077,DISTRITO FEDERAL (INTEIRO)
5078,DISTRITO FEDERAL (INTEIRO)
5079,DISTRITO FEDERAL (INTEIRO)
5080,XIII
5081,DISTRITO FEDERAL (INTEIRO)
5082,DISTRITO FEDERAL (INTEIRO)
5083,DISTRITO FEDERAL (INTEIRO)
5084,DISTRITO FEDERAL (INTEIRO)
5085,XXXII
5086,DISTRITO FEDERAL (INTEIRO)
5087,DISTRITO FEDERAL (INTEIRO)
5088,DISTRITO FEDERAL (INTEIRO)
5089,DISTRITO FEDERAL (INTEIRO)
5090,DISTRITO FEDERAL (INTEIRO)
5091,DISTRITO FEDERAL (INTEIRO)
5092,DISTRITO FEDERAL (INTEIRO)
5093,DISTRITO FEDERAL (INTEIRO)
5094,DISTRITO FEDERAL (INTEIRO)
5095,DISTRITO FEDERAL (INTEIRO)
5096,DISTRITO FEDERAL (INTEIRO)
5097,DISTRITO FEDERAL (INTEIRO)
5098,DISTRITO FEDERAL (INTEIRO)
5099,DISTRITO FEDERAL (INTEIRO)
5100,XIII
5101,XIV
5102,DISTRITO FEDERAL (INTEIRO)
5103,XIII
5104,XIV
5105,DISTRITO FEDERAL (INTEIRO)
5106,DISTRITO FEDERAL (INTEIRO)
5107,DISTRITO FEDERAL (INTEIRO)
5108,DISTRITO FEDERAL (INTEIRO)
5109,DISTRITO FEDERAL (INTEIRO)
5110,DISTRITO FEDERAL (INTEIRO)
5111,DISTRITO FEDERAL (INTEIRO)
5112,DISTRITO FEDERAL (INTEIRO)
5113,DISTRITO FEDERAL (INTEIRO)
5114,DISTRITO FEDERAL (INTEIRO)
5115,DISTRITO FEDERAL (INTEIRO)
5116,DISTRITO FEDERAL (INTEIRO)
5117,DISTRITO FEDERAL (INTEIRO)
5118,DISTRITO FEDERAL (INTEIRO)
5119,DISTRITO FEDERAL (INTEIRO)
5120,DISTRITO FEDERAL (INTEIRO)
5121,DISTRITO FEDERAL (INTEIRO)
5122,DISTRITO FEDERAL (INTEIRO)
5123,DISTRITO FEDERAL (INTEIRO)
5124,XIV
5125,DISTRITO FEDERAL (INTEIRO)
5126,DISTRITO FEDERAL (INTEIRO)
5127,DISTRITO FEDERAL (INTEIRO)
5128,DISTRITO FEDERAL (INTEIRO)
5129,DISTRITO FEDERAL (INTEIRO)
5129,XXVII
5130,DISTRITO FEDERAL (INTEIRO)
5131,DISTRITO FEDERAL (INTEIRO)
5132,DISTRITO FEDERAL (INTEIRO)
5133,DISTRITO FEDERAL (INTEIRO)
5134,DISTRITO FEDERAL (INTEIRO)
5135,DISTRITO FEDERAL (INTEIRO)
5136,DISTRITO FEDERAL (INTEIRO)
5137,DISTRITO FEDERAL (INTEIRO)
5138,DISTRITO FEDERAL (INTEIRO)
5139,DISTRITO FEDERAL (INTEIRO)
5140,DISTRITO FEDERAL (INTEIRO)
5141,XII
5142,DISTRITO FEDERAL (INTEIRO)
5143,DISTRITO FEDERAL (INTEIRO)
5144,DISTRITO FEDERAL (INTEIRO)
5145,DISTRITO FEDERAL (INTEIRO)
5146,DISTRITO FEDERAL (INTEIRO)
5147,DISTRITO FEDERAL (INTEIRO)
5148,DISTRITO FEDERAL (INTEIRO)
5149,DISTRITO FEDERAL (INTEIRO)
5150,DISTRITO FEDERAL (INTEIRO)
5151,DISTRITO FEDERAL (INTEIRO)
5152,DISTRITO FEDERAL (INTEIRO)
5153,DISTRITO FEDERAL (INTEIRO)
5154,DISTRITO FEDERAL (INTEIRO)
5155,DISTRITO FEDERAL (INTEIRO)
5156,DISTRITO FEDERAL (INTEIRO)
5157,DISTRITO FEDERAL (INTEIRO)
5158,DISTRITO FEDERAL (INTEIRO)
5159,DISTRITO FEDERAL (INTEIRO)
5160,DISTRITO FEDERAL (INTEIRO)
5161,DISTRITO FEDERAL (INTEIRO)
5162,DISTRITO FEDERAL (INTEIRO)
5163,DISTRITO FEDERAL (INTEIRO)
5164,DISTRITO FEDERAL (INTEIRO)
5165,DISTRITO FEDERAL (INTEIRO)
5166,DISTRITO FEDERAL (INTEIRO)
5167,DISTRITO FEDERAL (INTEIRO)
5168,DISTRITO FEDERAL (INTEIRO)
5169,DISTRITO FEDERAL (INTEIRO)
5170,DISTRITO FEDERAL (INTEIRO)
5171,DISTRITO FEDERAL (INTEIRO)
5172,DISTRITO FEDERAL (INTEIRO)
5173,DISTRITO FEDERAL (INTEIRO)
5174,DISTRITO FEDERAL (INTEIRO)
5175,DISTRITO FEDERAL (INTEIRO)
5176,DISTRITO FEDERAL (INTEIRO)
5177,DISTRITO FEDERAL (INTEIRO)
5178,DISTRITO FEDERAL (INTEIRO)
5179,DISTRITO FEDERAL (INTEIRO)
5180,DISTRITO FEDERAL (INTEIRO)
5181,DISTRITO FEDERAL (INTEIRO)
5182,DISTRITO FEDERAL (INTEIRO)
5183,DISTRITO FEDERAL (INTEIRO)
5184,DISTRITO FEDERAL (INTEIRO)
5185,DISTRITO FEDERAL (INTEIRO)
5186,DISTRITO FEDERAL (INTEIRO)
5187,DISTRITO FEDERAL (INTEIRO)
5188,DISTRITO FEDERAL (INTEIRO)
5189,DISTRITO FEDERAL (INTEIRO)
5190,DISTRITO FEDERAL (INTEIRO)
5191,IX
5192,IX
5193,IX
5194,IX
5195,IX
5196,DISTRITO FEDERAL (INTEIRO)
5197,DISTRITO FEDERAL (INTEIRO)
5198,DISTRITO FEDERAL (INTEIRO)
5199,DISTRITO FEDERAL (INTEIRO)
5200,DISTRITO FEDERAL (INTEIRO)
5201,DISTRITO FEDERAL (INTEIRO)
5202,VI
5203,DISTRITO FEDERAL (INTEIRO)
5204,XXXIV
5205,DISTRITO FEDERAL (INTEIRO)
5206,DISTRITO FEDERAL (INTEIRO)
5207,XXX
5208,DISTRITO FEDERAL (INTEIRO)
5209,DISTRITO FEDERAL (INTEIRO)
5210,DISTRITO FEDERAL (INTEIRO)
5211,DISTRITO FEDERAL (INTEIRO)
5212,DISTRITO FEDERAL (INTEIRO)
5213,DISTRITO FEDERAL (INTEIRO)
5214,DISTRITO FEDERAL (INTEIRO)
5215,DISTRITO FEDERAL (INTEIRO)
5216,DISTRITO FEDERAL (INTEIRO)
5217,DISTRITO FEDERAL (INTEIRO)
5218,DISTRITO FEDERAL (INTEIRO)
5219,DISTRITO FEDERAL (INTEIRO)
5220,DISTRITO FEDERAL (INTEIRO)
5221,DISTRITO FEDERAL (INTEIRO)
5222,DISTRITO FEDERAL (INTEIRO)
5223,XIII
5224,XIII
5225,XIII
5226,XIII
5227,DISTRITO FEDERAL (INTEIRO)
5228,DISTRITO FEDERAL (INTEIRO)
5229,DISTRITO FEDERAL (INTEIRO)
5230,DISTRITO FEDERAL (INTEIRO)
5231,DISTRITO FEDERAL (INTEIRO)
5232,DISTRITO FEDERAL (INTEIRO)
5233,DISTRITO FEDERAL (INTEIRO)
5234,DISTRITO FEDERAL (INTEIRO)
5235,DISTRITO FEDERAL (INTEIRO)
5236,DISTRITO FEDERAL (INTEIRO)
5237,DISTRITO FEDERAL (INTEIRO)
5238,DISTRITO FEDERAL (INTEIRO)
5239,DISTRITO FEDERAL (INTEIRO)
5240,DISTRITO FEDERAL (INTEIRO)
5241,DISTRITO FEDERAL (INTEIRO)
5242,DISTRITO FEDERAL (INTEIRO)
5243,DISTRITO FEDERAL (INTEIRO)
5244,DISTRITO FEDERAL (INTEIRO)
5245,DISTRITO FEDERAL (INTEIRO)
5246,DISTRITO FEDERAL (INTEIRO)
5247,DISTRITO FEDERAL (INTEIRO)
5248,X
5249,XIII
5250,DISTRITO FEDERAL (INTEIRO)
5251,DISTRITO FEDERAL (INTEIRO)
5252,DISTRITO FEDERAL (INTEIRO)
5253,XIII
5254,XIII
5255,DISTRITO FEDERAL (INTEIRO)
5256,XIII
5257,DISTRITO FEDERAL (INTEIRO)
5258,DISTRITO FEDERAL (INTEIRO)
5259,XIII
5260,XIII
5261,DISTRITO FEDERAL (INTEIRO)
5262,DISTRITO FEDERAL (INTEIRO)
5263,DISTRITO FEDERAL (INTEIRO)
5264,DISTRITO FEDERAL (INTEIRO)
5265,DISTRITO FEDERAL (INTEIRO)
5266,DISTRITO FEDERAL (INTEIRO)
5267,XIII
5268,XIII
5269,DISTRITO FEDERAL (INTEIRO)
5270,XIII
5271,DISTRITO FEDERAL (INTEIRO)
5272,XIV
5273,XIV
5274,XIV
5275,XIV
5276,XIV
5277,XIV
5278,XIV
5279,XIV
5280,XIV
5281,XIII
5282,DISTRITO FEDERAL (INTEIRO)
5283,DISTRITO FEDERAL (INTEIRO)
5284,DISTRITO FEDERAL (INTEIRO)
5285,DISTRITO FEDERAL (INTEIRO)
5286,DISTRITO FEDERAL (INTEIRO)
5287,DISTRITO FEDERAL (INTEIRO)
5288,DISTRITO FEDERAL (INTEIRO)
5289,DISTRITO FEDERAL (INTEIRO)
5290,DISTRITO FEDERAL (INTEIRO)
5291,DISTRITO FEDERAL (INTEIRO)
5292,DISTRITO FEDERAL (INTEIRO)
5293,DISTRITO FEDERAL (INTEIRO)
5294,XXVII
5295,XXVII
5296,XXVII
5297,XXVII
5298,XXVII
5299,XXVII
5300,XXVII
5301,XXVII
5302,XXVII
5303,DISTRITO FEDERAL (INTEIRO)
5304,DISTRITO FEDERAL (INTEIRO)
5305,I
5306,DISTRITO FEDERAL (INTEIRO)
5307,DISTRITO FEDERAL (INTEIRO)
5308,XII
5309,XIII
5310,XXV
5311,XXV
5312,XXV
5313,XXV
5314,XXV
5315,XXV
5316,XXV
5317,XXV
5318,XXV
5319,XXV
5320,XXV
5321,XXV
5322,DISTRITO FEDERAL (INTEIRO)
5323,DISTRITO FEDERAL (INTEIRO)
5324,III
5325,DISTRITO FEDERAL (INTEIRO)
5326,DISTRITO FEDERAL (INTEIRO)
5327,XIII
5328,DISTRITO FEDERAL (INTEIRO)
5329,DISTRITO FEDERAL (INTEIRO)
5330,DISTRITO FEDERAL (INTEIRO)
5331,DISTRITO FEDERAL (INTEIRO)
5332,DISTRITO FEDERAL (INTEIRO)
5333,DISTRITO FEDERAL (INTEIRO)
5334,DISTRITO FEDERAL (INTEIRO)
5335,DISTRITO FEDERAL (INTEIRO)
5336,DISTRITO FEDERAL (INTEIRO)
5337,DISTRITO FEDERAL (INTEIRO)
5338,DISTRITO FEDERAL (INTEIRO)
5339,DISTRITO FEDERAL (INTEIRO)
5340,DISTRITO FEDERAL (INTEIRO)
5341,DISTRITO FEDERAL (INTEIRO)
5342,DISTRITO FEDERAL (INTEIRO)
5343,DISTRITO FEDERAL (INTEIRO)
5344,DISTRITO FEDERAL (INTEIRO)
5345,DISTRITO FEDERAL (INTEIRO)
5346,DISTRITO FEDERAL (INTEIRO)
5347,DISTRITO FEDERAL (INTEIRO)
5348,DISTRITO FEDERAL (INTEIRO)
5349,DISTRITO FEDERAL (INTEIRO)
5350,DISTRITO FEDERAL (INTEIRO)
5351,DISTRITO FEDERAL (INTEIRO)
5352,DISTRITO FEDERAL (INTEIRO)
5353,DISTRITO FEDERAL (INTEIRO)
5354,DISTRITO FEDERAL (INTEIRO)
5355,DISTRITO FEDERAL (INTEIRO)
5356,DISTRITO FEDERAL (INTEIRO)
5357,DISTRITO FEDERAL (INTEIRO)
5358,DISTRITO FEDERAL (INTEIRO)
5359,IX
5360,DISTRITO FEDERAL (INTEIRO)
5361,XIII
5362,DISTRITO FEDERAL (INTEIRO)
5363,DISTRITO FEDERAL (INTEIRO)
5364,DISTRITO FEDERAL (INTEIRO)
5365,DISTRITO FEDERAL (INTEIRO)
5366,DISTRITO FEDERAL (INTEIRO)
5367,DISTRITO FEDERAL (INTEIRO)
5368,DISTRITO FEDERAL (INTEIRO)
5369,DISTRITO FEDERAL (INTEIRO)
5370,DISTRITO FEDERAL (INTEIRO)
5371,DISTRITO FEDERAL (INTEIRO)
5372,DISTRITO FEDERAL (INTEIRO)
5373,DISTRITO FEDERAL (INTEIRO)
5374,DISTRITO FEDERAL (INTEIRO)
5375,DISTRITO FEDERAL (INTEIRO)
5376,DISTRITO FEDERAL (INTEIRO)
5377,DISTRITO FEDERAL (INTEIRO)
5378,DISTRITO FEDERAL (INTEIRO)
5379,DISTRITO FEDERAL (INTEIRO)
5380,DISTRITO FEDERAL (INTEIRO)
5381,DISTRITO FEDERAL (INTEIRO)
5382,DISTRITO FEDERAL (INTEIRO)
5383,DISTRITO FEDERAL (INTEIRO)
5384,DISTRITO FEDERAL (INTEIRO)
5385,DISTRITO FEDERAL (INTEIRO)
5386,DISTRITO FEDERAL (INTEIRO)
5387,DISTRITO FEDERAL (INTEIRO)
5388,DISTRITO FEDERAL (INTEIRO)
5389,DISTRITO FEDERAL (INTEIRO)
5390,DISTRITO FEDERAL (INTEIRO)
5391,DISTRITO FEDERAL (INTEIRO)
5392,DISTRITO FEDERAL (INTEIRO)
5393,DISTRITO FEDERAL (INTEIRO)
5394,DISTRITO FEDERAL (INTEIRO)
5395,DISTRITO FEDERAL (INTEIRO)
5396,DISTRITO FEDERAL (INTEIRO)
5397,XIII
5398,DISTRITO FEDERAL (INTEIRO)
5399,DISTRITO FEDERAL (INTEIRO)
5400,DISTRITO FEDERAL (INTEIRO)
5401,DISTRITO FEDERAL (INTEIRO)
5402,I
5403,DISTRITO FEDERAL (INTEIRO)
5404,II
5405,DISTRITO FEDERAL (INTEIRO)
5406,DISTRITO FEDERAL (INTEIRO)
5407,XIII
5408,DISTRITO FEDERAL (INTEIRO)
5409,DISTRITO FEDERAL (INTEIRO)
5410,DISTRITO FEDERAL (INTEIRO)
5411,DISTRITO FEDERAL (INTEIRO)
5412,XII
5413,XII
5414,DISTRITO FEDERAL (INTEIRO)
5415,DISTRITO FEDERAL (INTEIRO)
5416,DISTRITO FEDERAL (INTEIRO)
5417,DISTRITO FEDERAL (INTEIRO)
5418,DISTRITO FEDERAL (INTEIRO)
5419,DISTRITO FEDERAL (INTEIRO)
5420,DISTRITO FEDERAL (INTEIRO)
5421,DISTRITO FEDERAL (INTEIRO)
5422,DISTRITO FEDERAL (INTEIRO)
5423,DISTRITO FEDERAL (INTEIRO)
5424,DISTRITO FEDERAL (INTEIRO)
5425,DISTRITO FEDERAL (INTEIRO)
5426,DISTRITO FEDERAL (INTEIRO)
5427,DISTRITO FEDERAL (INTEIRO)
5428,DISTRITO FEDERAL (INTEIRO)
5429,DISTRITO FEDERAL (INTEIRO)
5430,DISTRITO FEDERAL (INTEIRO)
5431,DISTRITO FEDERAL (INTEIRO)
5432,DISTRITO FEDERAL (INTEIRO)
5433,DISTRITO FEDERAL (INTEIRO)
5434,DISTRITO FEDERAL (INTEIRO)
5435,DISTRITO FEDERAL (INTEIRO)
5436,DISTRITO FEDERAL (INTEIRO)
5437,DISTRITO FEDERAL (INTEIRO)
5438,DISTRITO FEDERAL (INTEIRO)
5439,DISTRITO FEDERAL (INTEIRO)
5440,DISTRITO FEDERAL (INTEIRO)
5441,DISTRITO FEDERAL (INTEIRO)
5442,DISTRITO FEDERAL (INTEIRO)
5443,DISTRITO FEDERAL (INTEIRO)
5444,DISTRITO FEDERAL (INTEIRO)
5445,DISTRITO FEDERAL (INTEIRO)
5446,DISTRITO FEDERAL (INTEIRO)
5447,DISTRITO FEDERAL (INTEIRO)
5448,DISTRITO FEDERAL (INTEIRO)
5449,DISTRITO FEDERAL (INTEIRO)
5450,IX
5451,DISTRITO FEDERAL (INTEIRO)
5452,DISTRITO FEDERAL (INTEIRO)
5453,DISTRITO FEDERAL (INTEIRO)
5454,DISTRITO FEDERAL (INTEIRO)
5455,DISTRITO FEDERAL (INTEIRO)
5456,DISTRITO FEDERAL (INTEIRO)
5457,DISTRITO FEDERAL (INTEIRO)
5458,DISTRITO FEDERAL (INTEIRO)
5459,DISTRITO FEDERAL (INTEIRO)
5460,DISTRITO FEDERAL (INTEIRO)
5461,DISTRITO FEDERAL (INTEIRO)
5462,DISTRITO FEDERAL (INTEIRO)
5463,DISTRITO FEDERAL (INTEIRO)
5464,DISTRITO FEDERAL (INTEIRO)
5465,DISTRITO FEDERAL (INTEIRO)
5466,DISTRITO FEDERAL (INTEIRO)
5467,DISTRITO FEDERAL (INTEIRO)
5468,DISTRITO FEDERAL (INTEIRO)
5469,DISTRITO FEDERAL (INTEIRO)
5470,DISTRITO FEDERAL (INTEIRO)
5471,DISTRITO FEDERAL (INTEIRO)
5472,DISTRITO FEDERAL (INTEIRO)
5473,DISTRITO FEDERAL (INTEIRO)
5474,DISTRITO FEDERAL (INTEIRO)
5475,DISTRITO FEDERAL (INTEIRO)
5476,DISTRITO FEDERAL (INTEIRO)
5477,DISTRITO FEDERAL (INTEIRO)
5478,DISTRITO FEDERAL (INTEIRO)
5479,DISTRITO FEDERAL (INTEIRO)
5480,DISTRITO FEDERAL (INTEIRO)
5481,DISTRITO FEDERAL (INTEIRO)
5482,DISTRITO FEDERAL (INTEIRO)
5483,DISTRITO FEDERAL (INTEIRO)
5484,XII
5485,XII
5486,IV
5487,XII
5488,XII
5489,DISTRITO FEDERAL (INTEIRO)
5490,DISTRITO FEDERAL (INTEIRO)
5491,DISTRITO FEDERAL (INTEIRO)
5492,DISTRITO FEDERAL (INTEIRO)
5493,DISTRITO FEDERAL (INTEIRO)
5494,DISTRITO FEDERAL (INTEIRO)
5495,DISTRITO FEDERAL (INTEIRO)
5496,DISTRITO FEDERAL (INTEIRO)
5497,DISTRITO FEDERAL (INTEIRO)
5498,DISTRITO FEDERAL (INTEIRO)
5499,DISTRITO FEDERAL (INTEIRO)
5500,DISTRITO FEDERAL (INTEIRO)
5501,DISTRITO FEDERAL (INTEIRO)
5502,DISTRITO FEDERAL (INTEIRO)
5503,DISTRITO FEDERAL (INTEIRO)
5504,DISTRITO FEDERAL (INTEIRO)
5505,DISTRITO FEDERAL (INTEIRO)
5506,DISTRITO FEDERAL (INTEIRO)
5507,DISTRITO FEDERAL (INTEIRO)
5508,DISTRITO FEDERAL (INTEIRO)
5509,DISTRITO FEDERAL (INTEIRO)
5510,DISTRITO FEDERAL (INTEIRO)
5511,DISTRITO FEDERAL (INTEIRO)
5512,DISTRITO FEDERAL (INTEIRO)
5513,DISTRITO FEDERAL (INTEIRO)
5514,DISTRITO FEDERAL (INTEIRO)
5515,DISTRITO FEDERAL (INTEIRO)
5516,DISTRITO FEDERAL (INTEIRO)
5517,DISTRITO FEDERAL (INTEIRO)
5518,DISTRITO FEDERAL (INTEIRO)
5519,VIII
5520,DISTRITO FEDERAL (INTEIRO)
5521,DISTRITO FEDERAL (INTEIRO)
5522,DISTRITO FEDERAL (INTEIRO)
5523,IX
5524,DISTRITO FEDERAL (INTEIRO)
5525,DISTRITO FEDERAL (INTEIRO)
5526,IX
5527,DISTRITO FEDERAL (INTEIRO)
5528,DISTRITO FEDERAL (INTEIRO)
5529,XII
5530,DISTRITO FEDERAL (INTEIRO)
5531,III
5532,DISTRITO FEDERAL (INTEIRO)
5532,X
5533,DISTRITO FEDERAL (INTEIRO)
5534,X
5535,DISTRITO FEDERAL (INTEIRO)
5536,DISTRITO FEDERAL (INTEIRO)
5537,DISTRITO FEDERAL (INTEIRO)
5538,DISTRITO FEDERAL (INTEIRO)
5539,III
5540,DISTRITO FEDERAL (INTEIRO)
5541,DISTRITO FEDERAL (INTEIRO)
5542,DISTRITO FEDERAL (INTEIRO)
5543,DISTRITO FEDERAL (INTEIRO)
5544,IX
5545,DISTRITO FEDERAL (INTEIRO)
5546,DISTRITO FEDERAL (INTEIRO)
5547,DISTRITO FEDERAL (INTEIRO)
5548,DISTRITO FEDERAL (INTEIRO)
5549,DISTRITO FEDERAL (INTEIRO)
5550,DISTRITO FEDERAL (INTEIRO)
5551,DISTRITO FEDERAL (INTEIRO)
5552,DISTRITO FEDERAL (INTEIRO)
5553,DISTRITO FEDERAL (INTEIRO)
5554,DISTRITO FEDERAL (INTEIRO)
5555,DISTRITO FEDERAL (INTEIRO)
5556,DISTRITO FEDERAL (INTEIRO)
5557,DISTRITO FEDERAL (INTEIRO)
5558,DISTRITO FEDERAL (INTEIRO)
5559,DISTRITO FEDERAL (INTEIRO)
5560,DISTRITO FEDERAL (INTEIRO)
5561,DISTRITO FEDERAL (INTEIRO)
5562,DISTRITO FEDERAL (INTEIRO)
5563,DISTRITO FEDERAL (INTEIRO)
5564,DISTRITO FEDERAL (INTEIRO)
5565,DISTRITO FEDERAL (INTEIRO)
5566,DISTRITO FEDERAL (INTEIRO)
5567,DISTRITO FEDERAL (INTEIRO)
5568,DISTRITO FEDERAL (INTEIRO)
5569,DISTRITO FEDERAL (INTEIRO)
5570,DISTRITO FEDERAL (INTEIRO)
5571,DISTRITO FEDERAL (INTEIRO)
5572,DISTRITO FEDERAL (INTEIRO)
5573,DISTRITO FEDERAL (INTEIRO)
5574,DISTRITO FEDERAL (INTEIRO)
5575,XXVIII
5576,DISTRITO FEDERAL (INTEIRO)
5577,DISTRITO FEDERAL (INTEIRO)
5578,DISTRITO FEDERAL (INTEIRO)
5579,DISTRITO FEDERAL (INTEIRO)
5580,DISTRITO FEDERAL (INTEIRO)
5581,DISTRITO FEDERAL (INTEIRO)
5582,DISTRITO FEDERAL (INTEIRO)
5583,DISTRITO FEDERAL (INTEIRO)
5584,DISTRITO FEDERAL (INTEIRO)
5585,DISTRITO FEDERAL (INTEIRO)
5586,DISTRITO FEDERAL (INTEIRO)
5587,XI
5588,IX
5589,IX
5590,IX
5591,II
5591,IV
5591,IX
5591,V
5591,VI
5591,VII
5591,XII
5591,XIII
5591,XIV
5591,XV
5591,XXI
5591,XXIX
5591,XXVIII
5591,XXXII
5592,DISTRITO FEDERAL (INTEIRO)
5593,DISTRITO FEDERAL (INTEIRO)
5594,DISTRITO FEDERAL (INTEIRO)
5595,DISTRITO FEDERAL (INTEIRO)
5596,DISTRITO FEDERAL (INTEIRO)
5597,DISTRITO FEDERAL (INTEIRO)
5598,DISTRITO FEDERAL (INTEIRO)
5599,DISTRITO FEDERAL (INTEIRO)
5600,DISTRITO FEDERAL (INTEIRO)
5601,DISTRITO FEDERAL (INTEIRO)
5602,DISTRITO FEDERAL (INTEIRO)
5603,DISTRITO FEDERAL (INTEIRO)
5604,DISTRITO FEDERAL (INTEIRO)
5605,DISTRITO FEDERAL (INTEIRO)
5606,DISTRITO FEDERAL (INTEIRO)
5607,DISTRITO FEDERAL (INTEIRO)
5608,DISTRITO FEDERAL (INTEIRO)
5609,DISTRITO FEDERAL (INTEIRO)
5610,DISTRITO FEDERAL (INTEIRO)
5611,DISTRITO FEDERAL (INTEIRO)
5612,DISTRITO FEDERAL (INTEIRO)
5613,DISTRITO FEDERAL (INTEIRO)
5614,DISTRITO FEDERAL (INTEIRO)
5615,DISTRITO FEDERAL (INTEIRO)
5616,DISTRITO FEDERAL (INTEIRO)
5617,DISTRITO FEDERAL (INTEIRO)
5618,DISTRITO FEDERAL (INTEIRO)
5619,DISTRITO FEDERAL (INTEIRO)
5620,DISTRITO FEDERAL (INTEIRO)
5621,DISTRITO FEDERAL (INTEIRO)
5622,DISTRITO FEDERAL (INTEIRO)
5623,DISTRITO FEDERAL (INTEIRO)
5624,DISTRITO FEDERAL (INTEIRO)
5625,DISTRITO FEDERAL (INTEIRO)
5626,DISTRITO FEDERAL (INTEIRO)
5627,DISTRITO FEDERAL (INTEIRO)
5628,DISTRITO FEDERAL (INTEIRO)
5629,DISTRITO FEDERAL (INTEIRO)
5630,DISTRITO FEDERAL (INTEIRO)
5631,DISTRITO FEDERAL (INTEIRO)
5632,DISTRITO FEDERAL (INTEIRO)
5633,DISTRITO FEDERAL (INTEIRO)
5634,XXXII
5635,DISTRITO FEDERAL (INTEIRO)
5636,DISTRITO FEDERAL (INTEIRO)
5637,DISTRITO FEDERAL (INTEIRO)
5638,DISTRITO FEDERAL (INTEIRO)
5639,DISTRITO FEDERAL (INTEIRO)
5640,DISTRITO FEDERAL (INTEIRO)
5641,DISTRITO FEDERAL (INTEIRO)
5642,XXX
5643,DISTRITO FEDERAL (INTEIRO)
5644,DISTRITO FEDERAL (INTEIRO)
5645,DISTRITO FEDERAL (INTEIRO)
5646,DISTRITO FEDERAL (INTEIRO)
5647,DISTRITO FEDERAL (INTEIRO)
5648,DISTRITO FEDERAL (INTEIRO)
5649,DISTRITO FEDERAL (INTEIRO)
5650,DISTRITO FEDERAL (INTEIRO)
5651,DISTRITO FEDERAL (INTEIRO)
5652,DISTRITO FEDERAL (INTEIRO)
5653,DISTRITO FEDERAL (INTEIRO)
5654,II
5655,DISTRITO FEDERAL (INTEIRO)
5656,XII
5657,DISTRITO FEDERAL (INTEIRO)
5658,DISTRITO FEDERAL (INTEIRO)
5659,DISTRITO FEDERAL (INTEIRO)
5660,DISTRITO FEDERAL (INTEIRO)
5661,XII
5662,DISTRITO FEDERAL (INTEIRO)
5663,DISTRITO FEDERAL (INTEIRO)
5664,DISTRITO FEDERAL (INTEIRO)
5665,DISTRITO FEDERAL (INTEIRO)
5666,DISTRITO FEDERAL (INTEIRO)
5667,DISTRITO FEDERAL (INTEIRO)
5668,DISTRITO FEDERAL (INTEIRO)
5669,DISTRITO FEDERAL (INTEIRO)
5670,DISTRITO FEDERAL (INTEIRO)
5671,DISTRITO FEDERAL (INTEIRO)
5672,DISTRITO FEDERAL (INTEIRO)
5673,DISTRITO FEDERAL (INTEIRO)
5674,V
5674,XXVI
5674,XXVIII
5675,V
5675,XXVI
5675,XXVIII
5676,V
5676,XXVI
5676,XXVIII
5677,V
5677,XXVI
5677,XXVIII
5678,V
5678,XXVI
5678,XXVIII
5679,V
5679,XXVI
5679,XXVIII
5680,V
5680,XXVI
5680,XXVIII
5681,V
5681,XXVI
5681,XXVIII
5682,XII
5683,III
5684,DISTRITO FEDERAL (INTEIRO)
5685,XV
5686,XV
5687,II
5687,XIII
5688,DISTRITO FEDERAL (INTEIRO)
5689,DISTRITO FEDERAL (INTEIRO)
5690,DISTRITO FEDERAL (INTEIRO)
5691,DISTRITO FEDERAL (INTEIRO)
5692,DISTRITO FEDERAL (INTEIRO)
5693,DISTRITO FEDERAL (INTEIRO)
5694,DISTRITO FEDERAL (INTEIRO)
5695,DISTRITO FEDERAL (INTEIRO)
5696,DISTRITO FEDERAL (INTEIRO)
5697,DISTRITO FEDERAL (INTEIRO)
5698,DISTRITO FEDERAL (INTEIRO)
5699,DISTRITO FEDERAL (INTEIRO)
5700,DISTRITO FEDERAL (INTEIRO)
5701,DISTRITO FEDERAL (INTEIRO)
5702,DISTRITO FEDERAL (INTEIRO)
5703,DISTRITO FEDERAL (INTEIRO)
5704,DISTRITO FEDERAL (INTEIRO)
5705,DISTRITO FEDERAL (INTEIRO)
5706,DISTRITO FEDERAL (INTEIRO)
5707,DISTRITO FEDERAL (INTEIRO)
5708,DISTRITO FEDERAL (INTEIRO)
5709,DISTRITO FEDERAL (INTEIRO)
5710,DISTRITO FEDERAL (INTEIRO)
5711,DISTRITO FEDERAL (INTEIRO)
5712,DISTRITO FEDERAL (INTEIRO)
5713,DISTRITO FEDERAL (INTEIRO)
5714,DISTRITO FEDERAL (INTEIRO)
5715,DISTRITO FEDERAL (INTEIRO)
5716,DISTRITO FEDERAL (INTEIRO)
5717,DISTRITO FEDERAL (INTEIRO)
5718,DISTRITO FEDERAL (INTEIRO)
5719,DISTRITO FEDERAL (INTEIRO)
5720,DISTRITO FEDERAL (INTEIRO)
5721,DISTRITO FEDERAL (INTEIRO)
5722,III
5723,XII
5724,DISTRITO FEDERAL (INTEIRO)
5725,XII
5726,XXX
5727,XVII
5728,DISTRITO FEDERAL (INTEIRO)
5729,XXX
5730,DISTRITO FEDERAL (INTEIRO)
5731,IX
5732,DISTRITO FEDERAL (INTEIRO)
5733,VII
5734,DISTRITO FEDERAL (INTEIRO)
5735,DISTRITO FEDERAL (INTEIRO)
5736,DISTRITO FEDERAL (INTEIRO)
5737,DISTRITO FEDERAL (INTEIRO)
5738,DISTRITO FEDERAL (INTEIRO)
5739,DISTRITO FEDERAL (INTEIRO)
5740,DISTRITO FEDERAL (INTEIRO)
5741,DISTRITO FEDERAL (INTEIRO)
5742,DISTRITO FEDERAL (INTEIRO)
5743,DISTRITO FEDERAL (INTEIRO)
5744,DISTRITO FEDERAL (INTEIRO)
5745,DISTRITO FEDERAL (INTEIRO)
5746,DISTRITO FEDERAL (INTEIRO)
5747,DISTRITO FEDERAL (INTEIRO)
5748,DISTRITO FEDERAL (INTEIRO)
5749,DISTRITO FEDERAL (INTEIRO)
5750,DISTRITO FEDERAL (INTEIRO)
5751,DISTRITO FEDERAL (INTEIRO)
5752,VII
5753,DISTRITO FEDERAL (INTEIRO)
5754,DISTRITO FEDERAL (INTEIRO)
5755,DISTRITO FEDERAL (INTEIRO)
5756,DISTRITO FEDERAL (INTEIRO)
5757,DISTRITO FEDERAL (INTEIRO)
5758,DISTRITO FEDERAL (INTEIRO)
5759,DISTRITO FEDERAL (INTEIRO)
5760,DISTRITO FEDERAL (INTEIRO)
5761,DISTRITO FEDERAL (INTEIRO)
5762,DISTRITO FEDERAL (INTEIRO)
5763,DISTRITO FEDERAL (INTEIRO)
5764,DISTRITO FEDERAL (INTEIRO)
5765,DISTRITO FEDERAL (INTEIRO)
5766,DISTRITO FEDERAL (INTEIRO)
5767,DISTRITO FEDERAL (INTEIRO)
5768,DISTRITO FEDERAL (INTEIRO)
5769,DISTRITO FEDERAL (INTEIRO)
5770,VII
5771,DISTRITO FEDERAL (INTEIRO)
5772,DISTRITO FEDERAL (INTEIRO)
5773,DISTRITO FEDERAL (INTEIRO)
5774,DISTRITO FEDERAL (INTEIRO)
5775,DISTRITO FEDERAL (INTEIRO)
5776,DISTRITO FEDERAL (INTEIRO)
5777,DISTRITO FEDERAL (INTEIRO)
5778,DISTRITO FEDERAL (INTEIRO)
5779,DISTRITO FEDERAL (INTEIRO)
5780,DISTRITO FEDERAL (INTEIRO)
5781,DISTRITO FEDERAL (INTEIRO)
5782,DISTRITO FEDERAL (INTEIRO)
5783,DISTRITO FEDERAL (INTEIRO)
5784,DISTRITO FEDERAL (INTEIRO)
5785,DISTRITO FEDERAL (INTEIRO)
5786,DISTRITO FEDERAL (INTEIRO)
5786,II
5787,DISTRITO FEDERAL (INTEIRO)
5788,DISTRITO FEDERAL (INTEIRO)
5789,DISTRITO FEDERAL (INTEIRO)
5790,DISTRITO FEDERAL (INTEIRO)
5791,DISTRITO FEDERAL (INTEIRO)
5792,DISTRITO FEDERAL (INTEIRO)
5793,DISTRITO FEDERAL (INTEIRO)
5794,DISTRITO FEDERAL (INTEIRO)
5795,DISTRITO FEDERAL (INTEIRO)
5796,DISTRITO FEDERAL (INTEIRO)
5797,DISTRITO FEDERAL (INTEIRO)
5798,DISTRITO FEDERAL (INTEIRO)
5799,DISTRITO FEDERAL (INTEIRO)
5800,DISTRITO FEDERAL (INTEIRO)
5801,DISTRITO FEDERAL (INTEIRO)
5802,DISTRITO FEDERAL (INTEIRO)
5802,X
5803,DISTRITO FEDERAL (INTEIRO)
5804,DISTRITO FEDERAL (INTEIRO)
5805,DISTRITO FEDERAL (INTEIRO)
5806,DISTRITO FEDERAL (INTEIRO)
5807,DISTRITO FEDERAL (INTEIRO)
5808,DISTRITO FEDERAL (INTEIRO)
5809,DISTRITO FEDERAL (INTEIRO)
5810,DISTRITO FEDERAL (INTEIRO)
5811,DISTRITO FEDERAL (INTEIRO)
5812,DISTRITO FEDERAL (INTEIRO)
5813,DISTRITO FEDERAL (INTEIRO)
5814,DISTRITO FEDERAL (INTEIRO)
5815,DISTRITO FEDERAL (INTEIRO)
5816,DISTRITO FEDERAL (INTEIRO)
5817,DISTRITO FEDERAL (INTEIRO)
5818,DISTRITO FEDERAL (INTEIRO)
5819,DISTRITO FEDERAL (INTEIRO)
5820,DISTRITO FEDERAL (INTEIRO)
5821,DISTRITO FEDERAL (INTEIRO)
5822,DISTRITO FEDERAL (INTEIRO)
5823,DISTRITO FEDERAL (INTEIRO)
5824,DISTRITO FEDERAL (INTEIRO)
5825,DISTRITO FEDERAL (INTEIRO)
5826,DISTRITO FEDERAL (INTEIRO)
5827,II
5828,II
5829,II
5830,II
5831,II
5832,II
5833,II
5834,DISTRITO FEDERAL (INTEIRO)
5835,II
5836,II
5837,II
5838,DISTRITO FEDERAL (INTEIRO)
5839,II
5840,II
5841,II
5842,II
5843,II
5844,II
5845,II
5846,II
5847,II
5848,II
5849,II
5850,II
5851,II
5852,DISTRITO FEDERAL (INTEIRO)
5853,II
5854,II
5855,II
5856,II
5857,II
5858,DISTRITO FEDERAL (INTEIRO)
5859,II
5860,DISTRITO FEDERAL (INTEIRO)
5861,DISTRITO FEDERAL (INTEIRO)
5862,II
5863,DISTRITO FEDERAL (INTEIRO)
5864,II
5865,II
5866,II
5867,II
5868,II
5869,II
5870,II
5871,II
5872,II
5873,II
5874,II
5875,II
5876,II
5877,II
5878,II
5879,II
5880,II
5881,II
5882,II
5883,II
5884,II
5885,DISTRITO FEDERAL (INTEIRO)
5886,II
5887,II
5888,II
5889,II
5890,II
5891,II
5892,II
5893,II
5894,DISTRITO FEDERAL (INTEIRO)
5895,DISTRITO FEDERAL (INTEIRO)
5896,DISTRITO FEDERAL (INTEIRO)
5897,DISTRITO FEDERAL (INTEIRO)
5898,DISTRITO FEDERAL (INTEIRO)
5899,DISTRITO FEDERAL (INTEIRO)
5900,DISTRITO FEDERAL (INTEIRO)
5901,DISTRITO FEDERAL (INTEIRO)
5902,II
5903,II
5904,DISTRITO FEDERAL (INTEIRO)
5905,II
5906,II
5907,DISTRITO FEDERAL (INTEIRO)
5908,DISTRITO FEDERAL (INTEIRO)
5909,DISTRITO FEDERAL (INTEIRO)
5910,DISTRITO FEDERAL (INTEIRO)
5911,II
5912,II
5913,II
5914,II
5915,II
5916,II
5917,XIII
5918,II
5919,II
5920,II
5921,II
5922,II
5923,II
5924,DISTRITO FEDERAL (INTEIRO)
5925,DISTRITO FEDERAL (INTEIRO)
5926,XII
5927,XIV
5928,XIV
5929,DISTRITO FEDERAL (INTEIRO)
5930,DISTRITO FEDERAL (INTEIRO)
5931,DISTRITO FEDERAL (INTEIRO)
5932,DISTRITO FEDERAL (INTEIRO)
5933,DISTRITO FEDERAL (INTEIRO)
5934,DISTRITO FEDERAL (INTEIRO)
5935,II
5936,II
5937,DISTRITO FEDERAL (INTEIRO)
5938,II
5939,II
5940,II
5941,II
5942,II
5943,II
5944,II
5945,II
5946,DISTRITO FEDERAL (INTEIRO)
5947,II
5948,II
5949,II
5950,II
5951,II
5952,II
5953,DISTRITO FEDERAL (INTEIRO)
5954,DISTRITO FEDERAL (INTEIRO)
5955,DISTRITO FEDERAL (INTEIRO)
5956,DISTRITO FEDERAL (INTEIRO)
5956,III
5957,DISTRITO FEDERAL (INTEIRO)
5958,DISTRITO FEDERAL (INTEIRO)
5959,DISTRITO FEDERAL (INTEIRO)
5960,DISTRITO FEDERAL (INTEIRO)
5961,DISTRITO FEDERAL (INTEIRO)
5962,DISTRITO FEDERAL (INTEIRO)
5963,DISTRITO FEDERAL (INTEIRO)
5964,DISTRITO FEDERAL (INTEIRO)
5965,DISTRITO FEDERAL (INTEIRO)
5966,DISTRITO FEDERAL (INTEIRO)
5967,DISTRITO FEDERAL (INTEIRO)
5968,DISTRITO FEDERAL (INTEIRO)
5969,XII
5970,DISTRITO FEDERAL (INTEIRO)
5971,DISTRITO FEDERAL (INTEIRO)
5972,DISTRITO FEDERAL (INTEIRO)
5973,DISTRITO FEDERAL (INTEIRO)
5974,XIII
5975,DISTRITO FEDERAL (INTEIRO)
5976,DISTRITO FEDERAL (INTEIRO)
5976,ENTORNO
5976,I
5976,II
5976,III
5976,IV
5976,IX
5976,OUTROS ESTADOS
5976,V
5976,VI
5976,VII
5976,VIII
5976,X
5976,XI
5976,XII
5976,XIII
5976,XIV
5976,XIX
5976,XV
5976,XVI
5976,XVII
5976,XVIII
5976,XX
5976,XXI
5976,XXII
5976,XXIII
5976,XXIV
5976,XXIX
5976,XXV
5976,XXVI
5976,XXVII
5976,XXVIII
5976,XXX
5976,XXXI
5976,XXXII
5976,XXXIII
5976,XXXIV
5976,XXXV
5977,DISTRITO FEDERAL (INTEIRO)
5977,ENTORNO
5977,I
5977,II
5977,III
5977,IV
5977,IX
5977,OUTROS ESTADOS
5977,V
5977,VI
5977,VII
5977,VIII
5977,X
5977,XI
5977,XII
5977,XIII
5977,XIV
5977,XIX
5977,XV
5977,XVI
5977,XVII
5977,XVIII
5977,XX
5977,XXI
5977,XXII
5977,XXIII
5977,XXIV
5977,XXIX
5977,XXV
5977,XXVI
5977,XXVII
5977,XXVIII
5977,XXX
5977,XXXI
5977,XXXII
5977,XXXIII
5977,XXXIV
5977,XXXV
5978,DISTRITO FEDERAL (INTEIRO)
5978,ENTORNO
5978,I
5978,II
5978,III
5978,IV
5978,IX
5978,OUTROS ESTADOS
5978,V
5978,VI
5978,VII
5978,VIII
5978,X
5978,XI
5978,XII
5978,XIII
5978,XIV
5978,XIX
5978,XV
5978,XVI
5978,XVII
5978,XVIII
5978,XX
5978,XXI
5978,XXII
5978,XXIII
5978,XXIV
5978,XXIX
5978,XXV
5978,XXVI
5978,XXVII
5978,XXVIII
5978,XXX
5978,XXXI
5978,XXXII
5978,XXXIII
5978,XXXIV
5978,XXXV
5979,DISTRITO FEDERAL (INTEIRO)
5979,ENTORNO
5979,I
5979,II
5979,III
5979,IV
5979,IX
5979,OUTROS ESTADOS
5979,V
5979,VI
5979,VII
5979,VIII
5979,X
5979,XI
5979,XII
5979,XIII
5979,XIV
5979,XIX
5979,XV
5979,XVI
5979,XVII
5979,XVIII
5979,XX
5979,XXI
5979,XXII
5979,XXIII
5979,XXIV
5979,XXIX
5979,XXV
5979,XXVI
5979,XXVII
5979,XXVIII
5979,XXX
5979,XXXI
5979,XXXII
5979,XXXIII
5979,XXXIV
5979,XXXV
5980,DISTRITO FEDERAL (INTEIRO)
5980,ENTORNO
5980,I
5980,II
5980,III
5980,IV
5980,IX
5980,OUTROS ESTADOS
5980,V
5980,VI
5980,VII
5980,VIII
5980,X
5980,XI
5980,XII
5980,XIII
5980,XIV
5980,XIX
5980,XV
5980,XVI
5980,XVII
5980,XVIII
5980,XX
5980,XXI
5980,XXII
5980,XXIII
5980,XXIV
5980,XXIX
5980,XXV
5980,XXVI
5980,XXVII
5980,XXVIII
5980,XXX
5980,XXXI
5980,XXXII
5980,XXXIII
5980,XXXIV
5980,XXXV
5981,DISTRITO FEDERAL (INTEIRO)
5981,ENTORNO
5981,I
5981,II
5981,III
5981,IV
5981,IX
5981,OUTROS ESTADOS
5981,V
5981,VI
5981,VII
5981,VIII
5981,X
5981,XI
5981,XII
5981,XIII
5981,XIV
5981,XIX
5981,XV
5981,XVI
5981,XVII
5981,XVIII
5981,XX
5981,XXI
5981,XXII
5981,XXIII
5981,XXIV
5981,XXIX
5981,XXV
5981,XXVI
5981,XXVII
5981,XXVIII
5981,XXX
5981,XXXI
5981,XXXII
5981,XXXIII
5981,XXXIV
5981,XXXV
5982,DISTRITO FEDERAL (INTEIRO)
5982,ENTORNO
5982,I
5982,II
5982,III
5982,IV
5982,IX
5982,OUTROS ESTADOS
5982,V
5982,VI
5982,VII
5982,VIII
5982,X
5982,XI
5982,XII
5982,XIII
5982,XIV
5982,XIX
5982,XV
5982,XVI
5982,XVII
5982,XVIII
5982,XX
5982,XXI
5982,XXII
5982,XXIII
5982,XXIV
5982,XXIX
5982,XXV
5982,XXVI
5982,XXVII
5982,XXVIII
5982,XXX
5982,XXXI
5982,XXXII
5982,XXXIII
5982,XXXIV
5982,XXXV
5983,DISTRITO FEDERAL (INTEIRO)
5983,ENTORNO
5983,I
5983,II
5983,III
5983,IV
5983,IX
5983,OUTROS ESTADOS
5983,V
5983,VI
5983,VII
5983,VIII
5983,X
5983,XI
5983,XII
5983,XIII
5983,XIV
5983,XIX
5983,XV
5983,XVI
5983,XVII
5983,XVIII
5983,XX
5983,XXI
5983,XXII
5983,XXIII
5983,XXIV
5983,XXIX
5983,XXV
5983,XXVI
5983,XXVII
5983,XXVIII
5983,XXX
5983,XXXI
5983,XXXII
5983,XXXIII
5983,XXXIV
5983,XXXV
5984,DISTRITO FEDERAL (INTEIRO)
5985,DISTRITO FEDERAL (INTEIRO)
5986,DISTRITO FEDERAL (INTEIRO)
5987,DISTRITO FEDERAL (INTEIRO)
5988,XXX
5989,XXX
5990,DISTRITO FEDERAL (INTEIRO)
5991,DISTRITO FEDERAL (INTEIRO)
5992,DISTRITO FEDERAL (INTEIRO)
5993,DISTRITO FEDERAL (INTEIRO)
5994,DISTRITO FEDERAL (INTEIRO)
5995,DISTRITO FEDERAL (INTEIRO)
5996,DISTRITO FEDERAL (INTEIRO)
5997,DISTRITO FEDERAL (INTEIRO)
5998,DISTRITO FEDERAL (INTEIRO)
5999,DISTRITO FEDERAL (INTEIRO)
6000,DISTRITO FEDERAL (INTEIRO)
6001,DISTRITO FEDERAL (INTEIRO)
6002,DISTRITO FEDERAL (INTEIRO)
6003,DISTRITO FEDERAL (INTEIRO)
6004,DISTRITO FEDERAL (INTEIRO)
6005,DISTRITO FEDERAL (INTEIRO)
6006,DISTRITO FEDERAL (INTEIRO)
6007,DISTRITO FEDERAL (INTEIRO)
6008,DISTRITO FEDERAL (INTEIRO)
6009,DISTRITO FEDERAL (INTEIRO)
6010,DISTRITO FEDERAL (INTEIRO)
6011,DISTRITO FEDERAL (INTEIRO)
6012,DISTRITO FEDERAL (INTEIRO)
6013,DISTRITO FEDERAL (INTEIRO)
6014,DISTRITO FEDERAL (INTEIRO)
6015,DISTRITO FEDERAL (INTEIRO)
6016,DISTRITO FEDERAL (INTEIRO)
6017,DISTRITO FEDERAL (INTEIRO)
6018,DISTRITO FEDERAL (INTEIRO)
6019,DISTRITO FEDERAL (INTEIRO)
6020,DISTRITO FEDERAL (INTEIRO)
6021,DISTRITO FEDERAL (INTEIRO)
6022,DISTRITO FEDERAL (INTEIRO)
6023,DISTRITO FEDERAL (INTEIRO)
6024,DISTRITO FEDERAL (INTEIRO)
6025,DISTRITO FEDERAL (INTEIRO)
6026,DISTRITO FEDERAL (INTEIRO)
6027,XV
6028,DISTRITO FEDERAL (INTEIRO)
6029,DISTRITO FEDERAL (INTEIRO)
6030,DISTRITO FEDERAL (INTEIRO)
6031,DISTRITO FEDERAL (INTEIRO)
6032,DISTRITO FEDERAL (INTEIRO)
6032,XXX
6033,XXX
6034,XXX
6035,XXX
6036,DISTRITO FEDERAL (INTEIRO)
6037,DISTRITO FEDERAL (INTEIRO)
6038,DISTRITO FEDERAL (INTEIRO)
6039,DISTRITO FEDERAL (INTEIRO)
6040,DISTRITO FEDERAL (INTEIRO)
6041,DISTRITO FEDERAL (INTEIRO)
6042,DISTRITO FEDERAL (INTEIRO)
6043,DISTRITO FEDERAL (INTEIRO)
6044,DISTRITO FEDERAL (INTEIRO)
6045,DISTRITO FEDERAL (INTEIRO)
6046,DISTRITO FEDERAL (INTEIRO)
6047,DISTRITO FEDERAL (INTEIRO)
6048,DISTRITO FEDERAL (INTEIRO)
6049,DISTRITO FEDERAL (INTEIRO)
6050,DISTRITO FEDERAL (INTEIRO)
6051,DISTRITO FEDERAL (INTEIRO)
6052,DISTRITO FEDERAL (INTEIRO)
6053,DISTRITO FEDERAL (INTEIRO)
6054,DISTRITO FEDERAL (INTEIRO)
6055,DISTRITO FEDERAL (INTEIRO)
6056,DISTRITO FEDERAL (INTEIRO)
6056,X
6057,DISTRITO FEDERAL (INTEIRO)
6058,DISTRITO FEDERAL (INTEIRO)
6059,DISTRITO FEDERAL (INTEIRO)
6060,DISTRITO FEDERAL (INTEIRO)
6061,DISTRITO FEDERAL (INTEIRO)
6062,DISTRITO FEDERAL (INTEIRO)
6063,DISTRITO FEDERAL (INTEIRO)
6064,DISTRITO FEDERAL (INTEIRO)
6065,DISTRITO FEDERAL (INTEIRO)
6066,DISTRITO FEDERAL (INTEIRO)
6067,DISTRITO FEDERAL (INTEIRO)
6068,DISTRITO FEDERAL (INTEIRO)
6069,DISTRITO FEDERAL (INTEIRO)
6070,DISTRITO FEDERAL (INTEIRO)
6071,DISTRITO FEDERAL (INTEIRO)
6072,DISTRITO FEDERAL (INTEIRO)
6073,DISTRITO FEDERAL (INTEIRO)
6074,DISTRITO FEDERAL (INTEIRO)
6075,DISTRITO FEDERAL (INTEIRO)
6076,DISTRITO FEDERAL (INTEIRO)
6077,DISTRITO FEDERAL (INTEIRO)
6078,DISTRITO FEDERAL (INTEIRO)
6079,DISTRITO FEDERAL (INTEIRO)
6080,DISTRITO FEDERAL (INTEIRO)
6081,DISTRITO FEDERAL (INTEIRO)
6082,II
6082,IV
6082,IX
6082,V
6082,VI
6082,VII
6082,XII
6082,XIII
6082,XIV
6082,XV
6082,XXI
6082,XXIX
6082,XXVI
6082,XXXII
6083,DISTRITO FEDERAL (INTEIRO)
6084,I
6085,I
6086,I
6087,I
6088,I
6089,I
6090,DISTRITO FEDERAL (INTEIRO)
6091,I
6092,I
6093,I
6094,I
6095,I
6096,I
6097,I
6098,I
6099,DISTRITO FEDERAL (INTEIRO)
6100,I
6101,I
6102,XXX
6103,XXX
6104,XXX
6105,XXX
6106,XXX
6107,XXX
6108,XXX
6109,XXX
6110,I
6111,I
6112,I
6113,I
6114,I
6115,I
6116,I
6117,DISTRITO FEDERAL (INTEIRO)
6118,I
6119,I
6120,I
6121,XVII
6122,I
6123,XIV
6124,I
6125,DISTRITO FEDERAL (INTEIRO)
6126,I
6127,I
6128,DISTRITO FEDERAL (INTEIRO)
6129,I
6130,I
6131,I
6132,DISTRITO FEDERAL (INTEIRO)
6133,DISTRITO FEDERAL (INTEIRO)
6134,DISTRITO FEDERAL (INTEIRO)
6135,DISTRITO FEDERAL (INTEIRO)
6136,DISTRITO FEDERAL (INTEIRO)
6137,DISTRITO FEDERAL (INTEIRO)
6138,DISTRITO FEDERAL (INTEIRO)
6139,DISTRITO FEDERAL (INTEIRO)
6140,XX
6141,DISTRITO FEDERAL (INTEIRO)
6142,I
6143,I
6144,I
6145,I
6146,DISTRITO FEDERAL (INTEIRO)
6147,DISTRITO FEDERAL (INTEIRO)
6148,DISTRITO FEDERAL (INTEIRO)
6149,DISTRITO FEDERAL (INTEIRO)
6150,DISTRITO FEDERAL (INTEIRO)
6151,DISTRITO FEDERAL (INTEIRO)
6152,DISTRITO FEDERAL (INTEIRO)
6153,DISTRITO FEDERAL (INTEIRO)
6154,DISTRITO FEDERAL (INTEIRO)
6155,DISTRITO FEDERAL (INTEIRO)
6156,I
6157,DISTRITO FEDERAL (INTEIRO)
6158,DISTRITO FEDERAL (INTEIRO)
6159,DISTRITO FEDERAL (INTEIRO)
6160,DISTRITO FEDERAL (INTEIRO)
6161,DISTRITO FEDERAL (INTEIRO)
6162,DISTRITO FEDERAL (INTEIRO)
6163,DISTRITO FEDERAL (INTEIRO)
6164,DISTRITO FEDERAL (INTEIRO)
6165,I
6166,DISTRITO FEDERAL (INTEIRO)
6167,DISTRITO FEDERAL (INTEIRO)
6168,DISTRITO FEDERAL (INTEIRO)
6169,I
6170,I
6171,I
6172,I
6173,I
6174,I
6175,I
6176,I
6177,I
6178,I
6179,I
6180,DISTRITO FEDERAL (INTEIRO)
6181,DISTRITO FEDERAL (INTEIRO)
6182,I
6183,I
6184,I
6185,I
6186,II
6187,I
6188,I
6189,XIII
6190,DISTRITO FEDERAL (INTEIRO)
6191,DISTRITO FEDERAL (INTEIRO)
6192,DISTRITO FEDERAL (INTEIRO)
6193,DISTRITO FEDERAL (INTEIRO)
6194,DISTRITO FEDERAL (INTEIRO)
6195,DISTRITO FEDERAL (INTEIRO)
6196,DISTRITO FEDERAL (INTEIRO)
6197,DISTRITO FEDERAL (INTEIRO)
6198,DISTRITO FEDERAL (INTEIRO)
6199,I
6200,DISTRITO FEDERAL (INTEIRO)
6201,I
6202,I
6203,I
6204,I
6205,DISTRITO FEDERAL (INTEIRO)
6206,I
6207,DISTRITO FEDERAL (INTEIRO)
6208,I
6209,I
6210,I
6211,I
6212,I
6213,XIV
6214,DISTRITO FEDERAL (INTEIRO)
6215,DISTRITO FEDERAL (INTEIRO)
6216,DISTRITO FEDERAL (INTEIRO)
6217,DISTRITO FEDERAL (INTEIRO)
6218,DISTRITO FEDERAL (INTEIRO)
6219,DISTRITO FEDERAL (INTEIRO)
6220,DISTRITO FEDERAL (INTEIRO)
6221,DISTRITO FEDERAL (INTEIRO)
6222,DISTRITO FEDERAL (INTEIRO)
6223,DISTRITO FEDERAL (INTEIRO)
6224,DISTRITO FEDERAL (INTEIRO)
6225,DISTRITO FEDERAL (INTEIRO)
6226,DISTRITO FEDERAL (INTEIRO)
6227,DISTRITO FEDERAL (INTEIRO)
6228,DISTRITO FEDERAL (INTEIRO)
6229,DISTRITO FEDERAL (INTEIRO)
6230,DISTRITO FEDERAL (INTEIRO)
6231,DISTRITO FEDERAL (INTEIRO)
6232,DISTRITO FEDERAL (INTEIRO)
6233,DISTRITO FEDERAL (INTEIRO)
6234,DISTRITO FEDERAL (INTEIRO)
6235,DISTRITO FEDERAL (INTEIRO)
6236,DISTRITO FEDERAL (INTEIRO)
6237,DISTRITO FEDERAL (INTEIRO)
6238,DISTRITO FEDERAL (INTEIRO)
6239,DISTRITO FEDERAL (INTEIRO)
6240,DISTRITO FEDERAL (INTEIRO)
6241,DISTRITO FEDERAL (INTEIRO)
6242,DISTRITO FEDERAL (INTEIRO)
6243,DISTRITO FEDERAL (INTEIRO)
6244,DISTRITO FEDERAL (INTEIRO)
6245,XIV
6246,DISTRITO FEDERAL (INTEIRO)
6247,DISTRITO FEDERAL (INTEIRO)
6248,DISTRITO FEDERAL (INTEIRO)
6249,DISTRITO FEDERAL (INTEIRO)
6250,DISTRITO FEDERAL (INTEIRO)
6251,DISTRITO FEDERAL (INTEIRO)
6252,II
6253,DISTRITO FEDERAL (INTEIRO)
6254,DISTRITO FEDERAL (INTEIRO)
6255,DISTRITO FEDERAL (INTEIRO)
6256,XIV
6257,II
6258,DISTRITO FEDERAL (INTEIRO)
6259,DISTRITO FEDERAL (INTEIRO)
6260,DISTRITO FEDERAL (INTEIRO)
6261,DISTRITO FEDERAL (INTEIRO)
6262,DISTRITO FEDERAL (INTEIRO)
6263,DISTRITO FEDERAL (INTEIRO)
6264,DISTRITO FEDERAL (INTEIRO)
6265,VI
6266,DISTRITO FEDERAL (INTEIRO)
6267,XXIV
6268,XIII
6269,DISTRITO FEDERAL (INTEIRO)
6270,DISTRITO FEDERAL (INTEIRO)
6271,DISTRITO FEDERAL (INTEIRO)
6271,XXIII
6272,XXIV
6273,DISTRITO FEDERAL (INTEIRO)
6274,DISTRITO FEDERAL (INTEIRO)
6275,DISTRITO FEDERAL (INTEIRO)
6276,DISTRITO FEDERAL (INTEIRO)
6277,DISTRITO FEDERAL (INTEIRO)
6278,XIV
6279,XIV
6280,DISTRITO FEDERAL (INTEIRO)
6281,DISTRITO FEDERAL (INTEIRO)
6282,DISTRITO FEDERAL (INTEIRO)
6283,DISTRITO FEDERAL (INTEIRO)
6284,VII
6285,II
6286,XXXIV
6287,IX
6288,IX
6289,IX
6290,IX
6291,IX
6292,IX
6293,IX
6294,IX
6295,IX
6296,IX
6297,IX
6298,IX
6299,IX
6300,IX
6301,IX
6302,IX
6303,DISTRITO FEDERAL (INTEIRO)
6304,DISTRITO FEDERAL (INTEIRO)
6305,DISTRITO FEDERAL (INTEIRO)
6306,DISTRITO FEDERAL (INTEIRO)
6307,DISTRITO FEDERAL (INTEIRO)
6308,DISTRITO FEDERAL (INTEIRO)
6309,XIII
6310,XIV
6311,XIII
6312,XIV
6313,DISTRITO FEDERAL (INTEIRO)
6314,XXVIII
6315,XIV
6316,DISTRITO FEDERAL (INTEIRO)
6317,VI
6318,DISTRITO FEDERAL (INTEIRO)
6319,DISTRITO FEDERAL (INTEIRO)
6320,DISTRITO FEDERAL (INTEIRO)
6321,VI
6322,DISTRITO FEDERAL (INTEIRO)
6323,DISTRITO FEDERAL (INTEIRO)
6324,DISTRITO FEDERAL (INTEIRO)
6324,VI
6325,XIV
6326,XIV
6327,XIV
6328,XIV
6329,DISTRITO FEDERAL (INTEIRO)
6330,DISTRITO FEDERAL (INTEIRO)
6331,DISTRITO FEDERAL (INTEIRO)
6332,DISTRITO FEDERAL (INTEIRO)
6333,DISTRITO FEDERAL (INTEIRO)
6334,DISTRITO FEDERAL (INTEIRO)
6335,DISTRITO FEDERAL (INTEIRO)
6336,DISTRITO FEDERAL (INTEIRO)
6337,DISTRITO FEDERAL (INTEIRO)
6338,DISTRITO FEDERAL (INTEIRO)
6339,DISTRITO FEDERAL (INTEIRO)
6340,DISTRITO FEDERAL (INTEIRO)
6341,DISTRITO FEDERAL (INTEIRO)
6342,DISTRITO FEDERAL (INTEIRO)
6343,DISTRITO FEDERAL (INTEIRO)
6344,DISTRITO FEDERAL (INTEIRO)
6345,DISTRITO FEDERAL (INTEIRO)
6346,DISTRITO FEDERAL (INTEIRO)
6347,DISTRITO FEDERAL (INTEIRO)
6348,DISTRITO FEDERAL (INTEIRO)
6349,DISTRITO FEDERAL (INTEIRO)
6350,DISTRITO FEDERAL (INTEIRO)
6351,DISTRITO FEDERAL (INTEIRO)
6352,DISTRITO FEDERAL (INTEIRO)
6353,DISTRITO FEDERAL (INTEIRO)
6354,DISTRITO FEDERAL (INTEIRO)
6355,DISTRITO FEDERAL (INTEIRO)
6356,DISTRITO FEDERAL (INTEIRO)
6357,DISTRITO FEDERAL (INTEIRO)
6358,DISTRITO FEDERAL (INTEIRO)
6359,V
6360,DISTRITO FEDERAL (INTEIRO)
6361,DISTRITO FEDERAL (INTEIRO)
6362,DISTRITO FEDERAL (INTEIRO)
6363,DISTRITO FEDERAL (INTEIRO)
6364,DISTRITO FEDERAL (INTEIRO)
6365,DISTRITO FEDERAL (INTEIRO)
6366,DISTRITO FEDERAL (INTEIRO)
6367,DISTRITO FEDERAL (INTEIRO)
6368,DISTRITO FEDERAL (INTEIRO)
6369,DISTRITO FEDERAL (INTEIRO)
6370,IX
6371,XXVI
6372,DISTRITO FEDERAL (INTEIRO)
6373,DISTRITO FEDERAL (INTEIRO)
6374,DISTRITO FEDERAL (INTEIRO)
6375,XXXII
6376,DISTRITO FEDERAL (INTEIRO)
6377,DISTRITO FEDERAL (INTEIRO)
6378,DISTRITO FEDERAL (INTEIRO)
6379,DISTRITO FEDERAL (INTEIRO)
6380,DISTRITO FEDERAL (INTEIRO)
6381,DISTRITO FEDERAL (INTEIRO)
6382,DISTRITO FEDERAL (INTEIRO)
6383,DISTRITO FEDERAL (INTEIRO)
6384,DISTRITO FEDERAL (INTEIRO)
6385,DISTRITO FEDERAL (INTEIRO)
6386,DISTRITO FEDERAL (INTEIRO)
6387,V
6388,DISTRITO FEDERAL (INTEIRO)
6389,XXVI
6390,DISTRITO FEDERAL (INTEIRO)
6391,DISTRITO FEDERAL (INTEIRO)
6392,DISTRITO FEDERAL (INTEIRO)
6393,DISTRITO FEDERAL (INTEIRO)
6394,XV
6395,DISTRITO FEDERAL (INTEIRO)
6396,DISTRITO FEDERAL (INTEIRO)
6397,DISTRITO FEDERAL (INTEIRO)
6398,DISTRITO FEDERAL (INTEIRO)
6399,DISTRITO FEDERAL (INTEIRO)
6400,DISTRITO FEDERAL (INTEIRO)
6401,DISTRITO FEDERAL (INTEIRO)
6402,DISTRITO FEDERAL (INTEIRO)
6403,DISTRITO FEDERAL (INTEIRO)
6404,DISTRITO FEDERAL (INTEIRO)
6405,DISTRITO FEDERAL (INTEIRO)
6406,DISTRITO FEDERAL (INTEIRO)
6407,DISTRITO FEDERAL (INTEIRO)
6408,DISTRITO FEDERAL (INTEIRO)
6409,DISTRITO FEDERAL (INTEIRO)
6410,DISTRITO FEDERAL (INTEIRO)
6411,DISTRITO FEDERAL (INTEIRO)
6412,DISTRITO FEDERAL (INTEIRO)
6413,DISTRITO FEDERAL (INTEIRO)
6414,DISTRITO FEDERAL (INTEIRO)
6415,XIII
6416,DISTRITO FEDERAL (INTEIRO)
6417,DISTRITO FEDERAL (INTEIRO)
6418,DISTRITO FEDERAL (INTEIRO)
6419,DISTRITO FEDERAL (INTEIRO)
6420,DISTRITO FEDERAL (INTEIRO)
6421,DISTRITO FEDERAL (INTEIRO)
6422,DISTRITO FEDERAL (INTEIRO)
6423,DISTRITO FEDERAL (INTEIRO)
6424,DISTRITO FEDERAL (INTEIRO)
6425,DISTRITO FEDERAL (INTEIRO)
6426,DISTRITO FEDERAL (INTEIRO)
6427,DISTRITO FEDERAL (INTEIRO)
6428,DISTRITO FEDERAL (INTEIRO)
6429,II
6430,DISTRITO FEDERAL (INTEIRO)
6431,DISTRITO FEDERAL (INTEIRO)
6432,DISTRITO FEDERAL (INTEIRO)
6433,DISTRITO FEDERAL (INTEIRO)
6434,DISTRITO FEDERAL (INTEIRO)
6435,II
6436,DISTRITO FEDERAL (INTEIRO)
6437,DISTRITO FEDERAL (INTEIRO)
6438,DISTRITO FEDERAL (INTEIRO)
6439,DISTRITO FEDERAL (INTEIRO)
6440,XV
6441,XXIV
6442,XXIV
6443,XXIV
6444,XXIV
6445,XXIV
6446,XXIV
6447,XXIV
6448,XXIV
6449,XXIV
6450,XXIV
6451,XV
6452,DISTRITO FEDERAL (INTEIRO)
6453,DISTRITO FEDERAL (INTEIRO)
6454,DISTRITO FEDERAL (INTEIRO)
6455,DISTRITO FEDERAL (INTEIRO)
6456,DISTRITO FEDERAL (INTEIRO)
6457,DISTRITO FEDERAL (INTEIRO)
6458,DISTRITO FEDERAL (INTEIRO)
6459,DISTRITO FEDERAL (INTEIRO)
6460,DISTRITO FEDERAL (INTEIRO)
6461,DISTRITO FEDERAL (INTEIRO)
6462,DISTRITO FEDERAL (INTEIRO)
6463,DISTRITO FEDERAL (INTEIRO)
6464,DISTRITO FEDERAL (INTEIRO)
6465,DISTRITO FEDERAL (INTEIRO)
6466,DISTRITO FEDERAL (INTEIRO)
6467,XXXIII
6468,XXXIII
6469,XXXIII
6470,XXXIII
6471,XXXIII
6472,XXXIII
6473,XXXIII
6474,XXXIII
6475,XXXIII
6476,XXVI
6477,II
6478,DISTRITO FEDERAL (INTEIRO)
6479,DISTRITO FEDERAL (INTEIRO)
6480,DISTRITO FEDERAL (INTEIRO)
6481,DISTRITO FEDERAL (INTEIRO)
6482,DISTRITO FEDERAL (INTEIRO)
6483,DISTRITO FEDERAL (INTEIRO)
6484,DISTRITO FEDERAL (INTEIRO)
6485,DISTRITO FEDERAL (INTEIRO)
6486,DISTRITO FEDERAL (INTEIRO)
6487,DISTRITO FEDERAL (INTEIRO)
6488,XXVI
6489,DISTRITO FEDERAL (INTEIRO)
6490,DISTRITO FEDERAL (INTEIRO)
6491,XII
6492,DISTRITO FEDERAL (INTEIRO)
6493,DISTRITO FEDERAL (INTEIRO)
6494,XII
6495,XII
6496,DISTRITO FEDERAL (INTEIRO)
6497,V
6497,VI
6497,XII
6497,XIII
6498,DISTRITO FEDERAL (INTEIRO)
6499,DISTRITO FEDERAL (INTEIRO)
6500,DISTRITO FEDERAL (INTEIRO)
6501,DISTRITO FEDERAL (INTEIRO)
6502,DISTRITO FEDERAL (INTEIRO)
6503,DISTRITO FEDERAL (INTEIRO)
6504,DISTRITO FEDERAL (INTEIRO)
6505,DISTRITO FEDERAL (INTEIRO)
6506,DISTRITO FEDERAL (INTEIRO)
6507,DISTRITO FEDERAL (INTEIRO)
6508,DISTRITO FEDERAL (INTEIRO)
6509,DISTRITO FEDERAL (INTEIRO)
6510,DISTRITO FEDERAL (INTEIRO)
6511,DISTRITO FEDERAL (INTEIRO)
6512,DISTRITO FEDERAL (INTEIRO)
6513,DISTRITO FEDERAL (INTEIRO)
6514,DISTRITO FEDERAL (INTEIRO)
6515,DISTRITO FEDERAL (INTEIRO)
6516,DISTRITO FEDERAL (INTEIRO)
6517,DISTRITO FEDERAL (INTEIRO)
6518,DISTRITO FEDERAL (INTEIRO)
6519,DISTRITO FEDERAL (INTEIRO)
6520,DISTRITO FEDERAL (INTEIRO)
6521,DISTRITO FEDERAL (INTEIRO)
6522,DISTRITO FEDERAL (INTEIRO)
6523,DISTRITO FEDERAL (INTEIRO)
6524,DISTRITO FEDERAL (INTEIRO)
6525,II
6526,DISTRITO FEDERAL (INTEIRO)
6526,ENTORNO
6526,I
6526,II
6526,III
6526,IV
6526,IX
6526,OUTROS ESTADOS
6526,V
6526,VI
6526,VII
6526,VIII
6526,X
6526,XI
6526,XII
6526,XIII
6526,XIV
6526,XIX
6526,XV
6526,XVI
6526,XVII
6526,XVIII
6526,XX
6526,XXI
6526,XXII
6526,XXIII
6526,XXIV
6526,XXIX
6526,XXV
6526,XXVI
6526,XXVII
6526,XXVIII
6526,XXX
6526,XXXI
6526,XXXII
6526,XXXIII
6526,XXXIV
6526,XXXV
6527,XVIII
6528,XXX
6529,DISTRITO FEDERAL (INTEIRO)
6530,XVIII
6531,DISTRITO FEDERAL (INTEIRO)
6532,DISTRITO FEDERAL (INTEIRO)
6533,XVIII
6534,DISTRITO FEDERAL (INTEIRO)
6535,XII
6536,DISTRITO FEDERAL (INTEIRO)
6537,DISTRITO FEDERAL (INTEIRO)
6538,DISTRITO FEDERAL (INTEIRO)
6539,DISTRITO FEDERAL (INTEIRO)
6540,DISTRITO FEDERAL (INTEIRO)
6541,DISTRITO FEDERAL (INTEIRO)
6542,DISTRITO FEDERAL (INTEIRO)
6543,XVIII
6544,DISTRITO FEDERAL (INTEIRO)
6545,VI
6546,XIV
6547,XVIII
6548,DISTRITO FEDERAL (INTEIRO)
6548,ENTORNO
6548,XVIII
6549,DISTRITO FEDERAL (INTEIRO)
6550,DISTRITO FEDERAL (INTEIRO)
6550,ENTORNO
6550,XVIII
6551,XVIII
6552,I
6553,DISTRITO FEDERAL (INTEIRO)
6554,IX
6555,DISTRITO FEDERAL (INTEIRO)
6556,XII
6557,XII
6558,DISTRITO FEDERAL (INTEIRO)
6559,DISTRITO FEDERAL (INTEIRO)
6560,XII
6561,I
6562,XII
6563,I
6564,DISTRITO FEDERAL (INTEIRO)
6565,I
6566,I
6567,I
6568,XIV
6569,DISTRITO FEDERAL (INTEIRO)
6570,DISTRITO FEDERAL (INTEIRO)
6571,DISTRITO FEDERAL (INTEIRO)
6572,DISTRITO FEDERAL (INTEIRO)
6573,DISTRITO FEDERAL (INTEIRO)
6574,DISTRITO FEDERAL (INTEIRO)
6575,DISTRITO FEDERAL (INTEIRO)
6576,V
6577,XII
6578,DISTRITO FEDERAL (INTEIRO)
6579,DISTRITO FEDERAL (INTEIRO)
6580,DISTRITO FEDERAL (INTEIRO)
6581,DISTRITO FEDERAL (INTEIRO)
6582,DISTRITO FEDERAL (INTEIRO)
6583,DISTRITO FEDERAL (INTEIRO)
6584,DISTRITO FEDERAL (INTEIRO)
6585,II
6585,XIII
6585,XV
6585,XVII
6585,XXI
6586,XXIV
6587,DISTRITO FEDERAL (INTEIRO)
6588,DISTRITO FEDERAL (INTEIRO)
6589,DISTRITO FEDERAL (INTEIRO)
6590,DISTRITO FEDERAL (INTEIRO)
6591,DISTRITO FEDERAL (INTEIRO)
6592,DISTRITO FEDERAL (INTEIRO)
6593,XXVII
6594,DISTRITO FEDERAL (INTEIRO)
6595,DISTRITO FEDERAL (INTEIRO)
6596,DISTRITO FEDERAL (INTEIRO)
6597,DISTRITO FEDERAL (INTEIRO)
6598,I
6599,DISTRITO FEDERAL (INTEIRO)
6600,II
6601,DISTRITO FEDERAL (INTEIRO)
6602,DISTRITO FEDERAL (INTEIRO)
6603,DISTRITO FEDERAL (INTEIRO)
6604,DISTRITO FEDERAL (INTEIRO)
6605,DISTRITO FEDERAL (INTEIRO)
6606,DISTRITO FEDERAL (INTEIRO)
6607,DISTRITO FEDERAL (INTEIRO)
6608,DISTRITO FEDERAL (INTEIRO)
6609,DISTRITO FEDERAL (INTEIRO)
6610,DISTRITO FEDERAL (INTEIRO)
6611,II
6612,DISTRITO FEDERAL (INTEIRO)
6613,DISTRITO FEDERAL (INTEIRO)
6614,DISTRITO FEDERAL (INTEIRO)
6615,DISTRITO FEDERAL (INTEIRO)
6616,DISTRITO FEDERAL (INTEIRO)
6617,DISTRITO FEDERAL (INTEIRO)
6618,DISTRITO FEDERAL (INTEIRO)
6619,DISTRITO FEDERAL (INTEIRO)
6620,DISTRITO FEDERAL (INTEIRO)
6621,DISTRITO FEDERAL (INTEIRO)
6622,XXVII
6623,XXVII
6624,XXVII
6625,XXVII
6626,XXVII
6627,DISTRITO FEDERAL (INTEIRO)
6628,DISTRITO FEDERAL (INTEIRO)
6629,DISTRITO FEDERAL (INTEIRO)
6630,DISTRITO FEDERAL (INTEIRO)
6631,DISTRITO FEDERAL (INTEIRO)
6632,DISTRITO FEDERAL (INTEIRO)
6633,DISTRITO FEDERAL (INTEIRO)
6634,DISTRITO FEDERAL (INTEIRO)
6635,DISTRITO FEDERAL (INTEIRO)
6636,DISTRITO FEDERAL (INTEIRO)
6637,DISTRITO FEDERAL (INTEIRO)
6638,DISTRITO FEDERAL (INTEIRO)
6639,XXI
6640,DISTRITO FEDERAL (INTEIRO)
6641,DISTRITO FEDERAL (INTEIRO)
6642,DISTRITO FEDERAL (INTEIRO)
6643,DISTRITO FEDERAL (INTEIRO)
6644,DISTRITO FEDERAL (INTEIRO)
6645,DISTRITO FEDERAL (INTEIRO)
6646,DISTRITO FEDERAL (INTEIRO)
6647,DISTRITO FEDERAL (INTEIRO)
6648,DISTRITO FEDERAL (INTEIRO)
6649,DISTRITO FEDERAL (INTEIRO)
6650,DISTRITO FEDERAL (INTEIRO)
6651,DISTRITO FEDERAL (INTEIRO)
6652,DISTRITO FEDERAL (INTEIRO)
6653,DISTRITO FEDERAL (INTEIRO)
6654,DISTRITO FEDERAL (INTEIRO)
6655,DISTRITO FEDERAL (INTEIRO)
6656,IX
6657,XXI
6658,DISTRITO FEDERAL (INTEIRO)
6659,DISTRITO FEDERAL (INTEIRO)
6660,DISTRITO FEDERAL (INTEIRO)
6661,DISTRITO FEDERAL (INTEIRO)
6662,DISTRITO FEDERAL (INTEIRO)
6662,VI
6663,VI
6664,IV
6665,XXI
6666,IX
6667,XXV
6668,XXI
6669,II
6670,XXVIII
6671,VII
6672,VI
6673,XV
6674,XXI
6675,XII
6676,DISTRITO FEDERAL (INTEIRO)
6677,DISTRITO FEDERAL (INTEIRO)
6678,XIII
6679,XIV
6680,XXVI
6681,XXI
6682,DISTRITO FEDERAL (INTEIRO)
6683,IX
6684,XXXII
6685,IV
6686,IX
6687,XXV
6688,II
6689,XXVIII
6690,VII
6691,VI
6692,XV
6693,XXI
6694,XII
6695,XIII
6696,XIV
6697,XXVI
6698,XXXII
6699,DISTRITO FEDERAL (INTEIRO)
6700,DISTRITO FEDERAL (INTEIRO)
6701,DISTRITO FEDERAL (INTEIRO)
6702,DISTRITO FEDERAL (INTEIRO)
6703,DISTRITO FEDERAL (INTEIRO)
6704,DISTRITO FEDERAL (INTEIRO)
6705,DISTRITO FEDERAL (INTEIRO)
6706,DISTRITO FEDERAL (INTEIRO)
6707,DISTRITO FEDERAL (INTEIRO)
6708,DISTRITO FEDERAL (INTEIRO)
6709,DISTRITO FEDERAL (INTEIRO)
6710,DISTRITO FEDERAL (INTEIRO)
6711,DISTRITO FEDERAL (INTEIRO)
6712,II
6713,DISTRITO FEDERAL (INTEIRO)
6714,DISTRITO FEDERAL (INTEIRO)
6715,DISTRITO FEDERAL (INTEIRO)
6716,X
6717,DISTRITO FEDERAL (INTEIRO)
6718,X
6719,DISTRITO FEDERAL (INTEIRO)
6720,DISTRITO FEDERAL (INTEIRO)
6721,XXI
6722,DISTRITO FEDERAL (INTEIRO)
6723,DISTRITO FEDERAL (INTEIRO)
6724,XIII
6725,DISTRITO FEDERAL (INTEIRO)
6726,DISTRITO FEDERAL (INTEIRO)
6727,XXVIII
6728,DISTRITO FEDERAL (INTEIRO)
6729,DISTRITO FEDERAL (INTEIRO)
6730,DISTRITO FEDERAL (INTEIRO)
6731,DISTRITO FEDERAL (INTEIRO)
6732,DISTRITO FEDERAL (INTEIRO)
6733,DISTRITO FEDERAL (INTEIRO)
6734,DISTRITO FEDERAL (INTEIRO)
6735,DISTRITO FEDERAL (INTEIRO)
6736,DISTRITO FEDERAL (INTEIRO)
6737,DISTRITO FEDERAL (INTEIRO)
6738,DISTRITO FEDERAL (INTEIRO)
6739,DISTRITO FEDERAL (INTEIRO)
6740,DISTRITO FEDERAL (INTEIRO)
6741,DISTRITO FEDERAL (INTEIRO)
6742,I
6742,IX
6742,VII
6742,XII
6742,XIII
6743,DISTRITO FEDERAL (INTEIRO)
6744,DISTRITO FEDERAL (INTEIRO)
6745,DISTRITO FEDERAL (INTEIRO)
6746,DISTRITO FEDERAL (INTEIRO)
6747,VI
6748,X
6749,DISTRITO FEDERAL (INTEIRO)
6750,DISTRITO FEDERAL (INTEIRO)
6751,DISTRITO FEDERAL (INTEIRO)
6752,DISTRITO FEDERAL (INTEIRO)
6753,DISTRITO FEDERAL (INTEIRO)
6754,DISTRITO FEDERAL (INTEIRO)
6755,IX
6756,DISTRITO FEDERAL (INTEIRO)
6757,DISTRITO FEDERAL (INTEIRO)
6758,DISTRITO FEDERAL (INTEIRO)
6759,DISTRITO FEDERAL (INTEIRO)
6760,DISTRITO FEDERAL (INTEIRO)
6761,IX
6762,DISTRITO FEDERAL (INTEIRO)
6763,IX
6764,DISTRITO FEDERAL (INTEIRO)
6765,DISTRITO FEDERAL (INTEIRO)
6766,DISTRITO FEDERAL (INTEIRO)
6767,III
6768,XXXII
6769,IX
6770,XXXII
6771,IX
6772,DISTRITO FEDERAL (INTEIRO)
6773,IX
6774,XXXII
6775,XXXII
6776,DISTRITO FEDERAL (INTEIRO)
6777,IX
6778,DISTRITO FEDERAL (INTEIRO)
6779,DISTRITO FEDERAL (INTEIRO)
6780,DISTRITO FEDERAL (INTEIRO)
6781,DISTRITO FEDERAL (INTEIRO)
6782,DISTRITO FEDERAL (INTEIRO)
6783,XXXII
6784,XIII
6785,DISTRITO FEDERAL (INTEIRO)
6785,V
6785,VI
6786,DISTRITO FEDERAL (INTEIRO)
6786,V
6786,VI
6787,DISTRITO FEDERAL (INTEIRO)
6787,V
6787,VI
6788,DISTRITO FEDERAL (INTEIRO)
6788,V
6788,VI
6789,DISTRITO FEDERAL (INTEIRO)
6789,V
6789,VI
6790,DISTRITO FEDERAL (INTEIRO)
6790,V
6790,VI
6791,DISTRITO FEDERAL (INTEIRO)
6791,V
6791,VI
6792,DISTRITO FEDERAL (INTEIRO)
6792,V
6792,VI
6793,DISTRITO FEDERAL (INTEIRO)
6793,V
6793,VI
6794,DISTRITO FEDERAL (INTEIRO)
6794,V
6794,VI
6795,DISTRITO FEDERAL (INTEIRO)
6796,DISTRITO FEDERAL (INTEIRO)
6797,DISTRITO FEDERAL (INTEIRO)
6798,DISTRITO FEDERAL (INTEIRO)
6799,DISTRITO FEDERAL (INTEIRO)
6800,XX
6801,DISTRITO FEDERAL (INTEIRO)
6802,DISTRITO FEDERAL (INTEIRO)
6803,DISTRITO FEDERAL (INTEIRO)
6804,DISTRITO FEDERAL (INTEIRO)
6805,XXXII
6806,IX
6807,III
6808,XIV
6809,IX
6810,XIV
6811,IX
6812,XIII
6813,II
6814,DISTRITO FEDERAL (INTEIRO)
6815,DISTRITO FEDERAL (INTEIRO)
6816,XII
6817,IX
6818,IX
6819,IX
6820,DISTRITO FEDERAL (INTEIRO)
6821,I
6822,DISTRITO FEDERAL (INTEIRO)
6823,I
6824,DISTRITO FEDERAL (INTEIRO)
6825,DISTRITO FEDERAL (INTEIRO)
6826,DISTRITO FEDERAL (INTEIRO)
6827,DISTRITO FEDERAL (INTEIRO)
6828,DISTRITO FEDERAL (INTEIRO)
6829,DISTRITO FEDERAL (INTEIRO)
6830,DISTRITO FEDERAL (INTEIRO)
6831,DISTRITO FEDERAL (INTEIRO)
6832,DISTRITO FEDERAL (INTEIRO)
6833,DISTRITO FEDERAL (INTEIRO)
6834,DISTRITO FEDERAL (INTEIRO)
6835,DISTRITO FEDERAL (INTEIRO)
6836,VII
6837,DISTRITO FEDERAL (INTEIRO)
6838,XXVII
6839,XXVII
6840,XXVII
6841,IV
6842,DISTRITO FEDERAL (INTEIRO)
6843,DISTRITO FEDERAL (INTEIRO)
6844,DISTRITO FEDERAL (INTEIRO)
6845,DISTRITO FEDERAL (INTEIRO)
6846,DISTRITO FEDERAL (INTEIRO)
6847,XXII
6848,IX
6849,DISTRITO FEDERAL (INTEIRO)
6850,IX
6851,DISTRITO FEDERAL (INTEIRO)
6852,DISTRITO FEDERAL (INTEIRO)
6853,DISTRITO FEDERAL (INTEIRO)
6854,DISTRITO FEDERAL (INTEIRO)
6855,DISTRITO FEDERAL (INTEIRO)
6856,I
6857,IX
6858,DISTRITO FEDERAL (INTEIRO)
6859,DISTRITO FEDERAL (INTEIRO)
6860,DISTRITO FEDERAL (INTEIRO)
6861,DISTRITO FEDERAL (INTEIRO)
6862,DISTRITO FEDERAL (INTEIRO)
6863,DISTRITO FEDERAL (INTEIRO)
6864,DISTRITO FEDERAL (INTEIRO)
6865,DISTRITO FEDERAL (INTEIRO)
6866,DISTRITO FEDERAL (INTEIRO)
6867,DISTRITO FEDERAL (INTEIRO)
6868,DISTRITO FEDERAL (INTEIRO)
6869,DISTRITO FEDERAL (INTEIRO)
6870,DISTRITO FEDERAL (INTEIRO)
6871,DISTRITO FEDERAL (INTEIRO)
6872,DISTRITO FEDERAL (INTEIRO)
6873,IX
6874,III
6875,III
6876,III
6877,III
6878,XIV
6879,XIV
6880,XIV
6881,X
6882,DISTRITO FEDERAL (INTEIRO)
6883,DISTRITO FEDERAL (INTEIRO)
6884,DISTRITO FEDERAL (INTEIRO)
6885,DISTRITO FEDERAL (INTEIRO)
6886,X
6887,IX
6888,IX
6889,IX
6890,IX
6891,IX
6892,DISTRITO FEDERAL (INTEIRO)
6893,IX
6894,IX
6895,IX
6896,IX
6897,IX
6898,IX
6899,IX
6900,IX
6901,IX
6902,IX
6903,IX
6904,IX
6905,IX
6906,IX
6907,IX
6908,IX
6909,IX
6910,IX
6911,IX
6912,IX
6913,DISTRITO FEDERAL (INTEIRO)
6914,IX
6915,IX
6916,IX
6917,DISTRITO FEDERAL (INTEIRO)
6918,DISTRITO FEDERAL (INTEIRO)
6919,IX
6920,IX
6921,IX
6922,IX
6923,IX
6924,IX
6925,DISTRITO FEDERAL (INTEIRO)
6926,DISTRITO FEDERAL (INTEIRO)
6927,IX
6928,DISTRITO FEDERAL (INTEIRO)
6929,I
6930,IX
6931,XIV
6932,DISTRITO FEDERAL (INTEIRO)
6933,IX
6934,IX
6935,XIV
6936,I
6937,IX
6938,VII
6939,IX
6940,DISTRITO FEDERAL (INTEIRO)
6941,IX
6942,XIV
6943,IX
6944,VII
6945,XXVI
6946,XV
6947,XXXII
6948,DISTRITO FEDERAL (INTEIRO)
6949,IX
6950,IX
6951,I
6952,IX
6953,IX
6954,IX
6955,IX
6956,IX
6957,IX
6958,IX
6959,IX
6960,IX
6961,IX
6962,IX
6963,IX
6964,IX
6965,IX
6966,IX
6967,IX
6968,IX
6969,DISTRITO FEDERAL (INTEIRO)
6970,DISTRITO FEDERAL (INTEIRO)
6971,DISTRITO FEDERAL (INTEIRO)
6972,IX
6973,IX
6974,DISTRITO FEDERAL (INTEIRO)
6975,DISTRITO FEDERAL (INTEIRO)
6976,IX
6977,IX
6978,IX
6979,IX
6980,IX
6981,IX
6982,IX
6983,IX
6984,VII
6985,VII
6986,V
6987,IX
6988,IX
6989,IX
6990,IX
6991,DISTRITO FEDERAL (INTEIRO)
6992,DISTRITO FEDERAL (INTEIRO)
6993,IX
6994,IX
6995,IX
6996,IX
6997,IX
6998,IX
6999,IX
7000,IX
7001,IX
7002,DISTRITO FEDERAL (INTEIRO)
7003,DISTRITO FEDERAL (INTEIRO)
7004,IX
7005,IX
7006,IX
7007,DISTRITO FEDERAL (INTEIRO)
7008,IX
7009,IX
7010,IX
7011,IX
7012,IX
7013,IX
7014,IX
7015,IX
7016,IX
7017,DISTRITO FEDERAL (INTEIRO)
7018,IX
7019,IX
7020,DISTRITO FEDERAL (INTEIRO)
7021,IX
7022,IX
7023,IX
7024,IX
7025,IX
7026,IX
7027,IX
7028,IX
7029,IX
7030,IX
7031,IX
7032,IX
7033,IX
7034,IX
7035,IX
7036,IX
7037,IX
7038,IX
7039,IX
7040,IX
7041,DISTRITO FEDERAL (INTEIRO)
7042,IX
7043,DISTRITO FEDERAL (INTEIRO)
7044,DISTRITO FEDERAL (INTEIRO)
7045,DISTRITO FEDERAL (INTEIRO)
7046,IX
7047,IX
7048,IX
7049,IX
7050,IX
7051,IX
7052,IX
7053,IX
7054,IX
7055,IX
7056,IX
7057,DISTRITO FEDERAL (INTEIRO)
7058,IX
7059,IX
7060,IX
7061,IX
7062,IX
7063,IX
7064,IX
7065,IX
7066,IX
7067,DISTRITO FEDERAL (INTEIRO)
7068,DISTRITO FEDERAL (INTEIRO)
7069,DISTRITO FEDERAL (INTEIRO)
7070,DISTRITO FEDERAL (INTEIRO)
7071,DISTRITO FEDERAL (INTEIRO)
7072,DISTRITO FEDERAL (INTEIRO)
7073,DISTRITO FEDERAL (INTEIRO)
7074,DISTRITO FEDERAL (INTEIRO)
7075,IX
7076,IX
7077,IX
7078,IX
7079,IX
7080,IX
7081,IX
7082,IX
7083,IX
7084,DISTRITO FEDERAL (INTEIRO)
7085,IX
7086,IX
7087,IX
7088,IX
7089,IX
7090,IX
7091,IX
7092,X
7093,IX
7094,X
7095,IX
7096,IX
7097,IX
7098,IX
7099,IX
7100,IX
7101,IX
7102,IX
7103,IX
7104,IX
7105,IX
7106,IX
7107,IX
7108,IX
7109,IX
7110,IX
7111,IX
7112,IX
7113,IX
7114,IX
7115,IX
7116,IX
7117,IX
7118,IX
7119,IX
7120,IX
7121,IX
7122,IX
7123,IX
7124,IX
7125,IX
7126,IX
7127,IX
7128,IX
7129,IX
7130,IX
7131,IX
7132,DISTRITO FEDERAL (INTEIRO)
7133,DISTRITO FEDERAL (INTEIRO)
7134,XI
7135,DISTRITO FEDERAL (INTEIRO)
7136,IX
7137,IX
7138,IX
7139,IX
7140,IX
7141,IX
7142,DISTRITO FEDERAL (INTEIRO)
7143,DISTRITO FEDERAL (INTEIRO)
7144,DISTRITO FEDERAL (INTEIRO)
7145,DISTRITO FEDERAL (INTEIRO)
7146,IX
7147,IX
7148,X
7149,X
7150,IX
7151,IX
7152,X
7153,IX
7154,IX
7155,IX
7156,DISTRITO FEDERAL (INTEIRO)
7157,X
7158,IX
7159,IX
7160,IX
7161,IX
7162,IX
7163,IX
7164,XXVI
7165,IX
7166,IX
7167,IX
7168,IX
7169,IX
7170,IX
7171,IX
7172,IX
7173,DISTRITO FEDERAL (INTEIRO)
7174,IX
7175,IX
7176,IX
7177,IX
7178,IX
7179,IX
7180,IX
7181,IX
7182,IX
7183,IX
7184,IX
7185,IX
7186,IX
7187,IX
7188,IX
7189,IX
7190,DISTRITO FEDERAL (INTEIRO)
7191,DISTRITO FEDERAL (INTEIRO)
7192,DISTRITO FEDERAL (INTEIRO)
7193,DISTRITO FEDERAL (INTEIRO)
7194,DISTRITO FEDERAL (INTEIRO)
7195,DISTRITO FEDERAL (INTEIRO)
7196,DISTRITO FEDERAL (INTEIRO)
7197,DISTRITO FEDERAL (INTEIRO)
7198,V
7199,IX
7200,IX
7201,IX
7202,DISTRITO FEDERAL (INTEIRO)
7203,DISTRITO FEDERAL (INTEIRO)
7204,DISTRITO FEDERAL (INTEIRO)
7205,DISTRITO FEDERAL (INTEIRO)
7206,DISTRITO FEDERAL (INTEIRO)
7207,DISTRITO FEDERAL (INTEIRO)
7208,DISTRITO FEDERAL (INTEIRO)
7209,DISTRITO FEDERAL (INTEIRO)
7210,DISTRITO FEDERAL (INTEIRO)
7211,DISTRITO FEDERAL (INTEIRO)
7212,DISTRITO FEDERAL (INTEIRO)
7213,DISTRITO FEDERAL (INTEIRO)
7214,DISTRITO FEDERAL (INTEIRO)
7215,DISTRITO FEDERAL (INTEIRO)
7216,DISTRITO FEDERAL (INTEIRO)
7217,DISTRITO FEDERAL (INTEIRO)
7218,IX
7219,IX
7220,IX
7221,IX
7222,IX
7223,IX
7224,IX
7225,IX
7226,IX
7227,IX
7228,IX
7229,IX
7230,DISTRITO FEDERAL (INTEIRO)
7231,DISTRITO FEDERAL (INTEIRO)
7232,IX
7233,IX
7234,IX
7235,IX
7236,IX
7237,IX
7238,IX
7239,IX
7240,IX
7241,IX
7242,IX
7243,IX
7244,IX
7245,IX
7246,IX
7247,IX
7248,IX
7249,IX
7250,IX
7251,IX
7252,IX
7253,IX
7254,IX
7255,I
7256,IX
7257,VII
7258,IX
7259,IX
7260,IX
7261,IX
7262,IX
7263,IX
7264,IX
7265,IX
7266,IX
7267,IX
7268,IX
7269,DISTRITO FEDERAL (INTEIRO)
7270,IX
7271,DISTRITO FEDERAL (INTEIRO)
7272,IX
7273,DISTRITO FEDERAL (INTEIRO)
7274,DISTRITO FEDERAL (INTEIRO)
7275,DISTRITO FEDERAL (INTEIRO)
7276,DISTRITO FEDERAL (INTEIRO)
7277,IX
7278,IX
7279,IX
7280,IX
7281,IX
7282,DISTRITO FEDERAL (INTEIRO)
7283,IX
7284,DISTRITO FEDERAL (INTEIRO)
7285,IX
7286,IX
7287,IX
7288,DISTRITO FEDERAL (INTEIRO)
7289,IX
7290,DISTRITO FEDERAL (INTEIRO)
7291,IX
7292,IX
7293,DISTRITO FEDERAL (INTEIRO)
7294,DISTRITO FEDERAL (INTEIRO)
7295,DISTRITO FEDERAL (INTEIRO)
7296,DISTRITO FEDERAL (INTEIRO)
7297,IX
7298,DISTRITO FEDERAL (INTEIRO)
7299,IX
7300,IX
7301,IX
7302,IX
7303,IX
7304,IX
7305,IX
7306,IX
7307,IX
7308,XXX
7309,IX
7310,IX
7311,IX
7312,IX
7313,IX
7314,XXX
7315,XXX
7316,IX
7317,XXXII
7318,DISTRITO FEDERAL (INTEIRO)
7319,XXIII
7320,XXIII
7321,XIV
7322,XXIII
7323,DISTRITO FEDERAL (INTEIRO)
7324,XXIII
7325,DISTRITO FEDERAL (INTEIRO)
7326,XXIII
7327,DISTRITO FEDERAL (INTEIRO)
7328,IX
7329,DISTRITO FEDERAL (INTEIRO)
7330,X
7331,DISTRITO FEDERAL (INTEIRO)
7332,IX
7333,DISTRITO FEDERAL (INTEIRO)
7334,DISTRITO FEDERAL (INTEIRO)
7335,X
7336,IX
7337,IX
7338,IX
7339,IX
7340,IX
7341,IX
7342,IX
7343,IX
7344,DISTRITO FEDERAL (INTEIRO)
7345,IX
7346,IX
7347,IX
7348,IX
7349,DISTRITO FEDERAL (INTEIRO)
7350,IX
7351,DISTRITO FEDERAL (INTEIRO)
7352,DISTRITO FEDERAL (INTEIRO)
7353,I
7354,X
7355,XXXII
7356,DISTRITO FEDERAL (INTEIRO)
7357,VIII
7357,XIX
7358,DISTRITO FEDERAL (INTEIRO)
7359,X
7360,X
7361,DISTRITO FEDERAL (INTEIRO)
7362,DISTRITO FEDERAL (INTEIRO)
7363,DISTRITO FEDERAL (INTEIRO)
7364,DISTRITO FEDERAL (INTEIRO)
7365,DISTRITO FEDERAL (INTEIRO)
7366,DISTRITO FEDERAL (INTEIRO)
7367,DISTRITO FEDERAL (INTEIRO)
7368,DISTRITO FEDERAL (INTEIRO)
7369,DISTRITO FEDERAL (INTEIRO)
7370,DISTRITO FEDERAL (INTEIRO)
7371,DISTRITO FEDERAL (INTEIRO)
7372,DISTRITO FEDERAL (INTEIRO)
7373,X
7374,IX
7375,IX
7376,IX
7377,IX
7378,IX
7379,IX
7380,DISTRITO FEDERAL (INTEIRO)
7381,DISTRITO FEDERAL (INTEIRO)
7382,DISTRITO FEDERAL (INTEIRO)
7383,DISTRITO FEDERAL (INTEIRO)
7384,DISTRITO FEDERAL (INTEIRO)
7385,DISTRITO FEDERAL (INTEIRO)
7386,DISTRITO FEDERAL (INTEIRO)
7387,DISTRITO FEDERAL (INTEIRO)
7388,DISTRITO FEDERAL (INTEIRO)
7389,VI
7390,DISTRITO FEDERAL (INTEIRO)
7391,DISTRITO FEDERAL (INTEIRO)
7392,DISTRITO FEDERAL (INTEIRO)
7393,DISTRITO FEDERAL (INTEIRO)
7394,DISTRITO FEDERAL (INTEIRO)
7395,DISTRITO FEDERAL (INTEIRO)
7396,X
7397,DISTRITO FEDERAL (INTEIRO)
7397,IX
7398,DISTRITO FEDERAL (INTEIRO)
7399,DISTRITO FEDERAL (INTEIRO)
7400,DISTRITO FEDERAL (INTEIRO)
7401,DISTRITO FEDERAL (INTEIRO)
7402,III
7403,IX
7404,XXIII
7405,IX
7406,X
7407,DISTRITO FEDERAL (INTEIRO)
7408,III
7409,XXIII
7410,IX
7411,DISTRITO FEDERAL (INTEIRO)
7412,XXI
7413,XXI
7414,XXI
7415,XXI
7416,XXI
7417,XXI
7418,XXI
7419,XXI
7420,DISTRITO FEDERAL (INTEIRO)
7421,VIII
7422,X
7423,DISTRITO FEDERAL (INTEIRO)
7424,DISTRITO FEDERAL (INTEIRO)
7424,XXVIII
7425,XXVIII
7426,XXVIII
7427,XXVIII
7428,DISTRITO FEDERAL (INTEIRO)
7429,DISTRITO FEDERAL (INTEIRO)
7430,DISTRITO FEDERAL (INTEIRO)
7431,DISTRITO FEDERAL (INTEIRO)
7432,XIII
7433,XIII
7434,DISTRITO FEDERAL (INTEIRO)
7435,XIII
7436,DISTRITO FEDERAL (INTEIRO)
7437,DISTRITO FEDERAL (INTEIRO)
7438,DISTRITO FEDERAL (INTEIRO)
7439,XIV
7440,X
7441,DISTRITO FEDERAL (INTEIRO)
7442,DISTRITO FEDERAL (INTEIRO)
7443,DISTRITO FEDERAL (INTEIRO)
7444,DISTRITO FEDERAL (INTEIRO)
7445,IV
7446,DISTRITO FEDERAL (INTEIRO)
7447,DISTRITO FEDERAL (INTEIRO)
7447,V
7448,DISTRITO FEDERAL (INTEIRO)
7449,DISTRITO FEDERAL (INTEIRO)
7449,IX
7450,X
7451,X
7452,DISTRITO FEDERAL (INTEIRO)
7453,DISTRITO FEDERAL (INTEIRO)
7454,DISTRITO FEDERAL (INTEIRO)
7455,DISTRITO FEDERAL (INTEIRO)
7456,DISTRITO FEDERAL (INTEIRO)
7457,DISTRITO FEDERAL (INTEIRO)
7458,DISTRITO FEDERAL (INTEIRO)
7459,DISTRITO FEDERAL (INTEIRO)
7460,XIV
7461,DISTRITO FEDERAL (INTEIRO)
7462,IX
7463,IX
7464,DISTRITO FEDERAL (INTEIRO)
7465,IX
7466,I
7467,XXIII
7468,XXIII
7469,XXIII
7470,XXIII
7471,XXIII
7472,XXIII
7473,XXIII
7474,XXIII
7475,XXIII
7476,IX
7477,VI
7478,DISTRITO FEDERAL (INTEIRO)
7479,DISTRITO FEDERAL (INTEIRO)
7480,II
7481,VI
7482,DISTRITO FEDERAL (INTEIRO)
7483,IX
7484,DISTRITO FEDERAL (INTEIRO)
7485,IX
7485,XXXII
7486,DISTRITO FEDERAL (INTEIRO)
7487,DISTRITO FEDERAL (INTEIRO)
7488,DISTRITO FEDERAL (INTEIRO)
7489,DISTRITO FEDERAL (INTEIRO)
7490,DISTRITO FEDERAL (INTEIRO)
7491,II
7492,DISTRITO FEDERAL (INTEIRO)
7493,DISTRITO FEDERAL (INTEIRO)
7494,DISTRITO FEDERAL (INTEIRO)
7495,DISTRITO FEDERAL (INTEIRO)
7496,DISTRITO FEDERAL (INTEIRO)
7497,DISTRITO FEDERAL (INTEIRO)
7498,XII
7499,DISTRITO FEDERAL (INTEIRO)
7500,DISTRITO FEDERAL (INTEIRO)
7501,DISTRITO FEDERAL (INTEIRO)
7502,DISTRITO FEDERAL (INTEIRO)
7503,DISTRITO FEDERAL (INTEIRO)
7504,DISTRITO FEDERAL (INTEIRO)
7505,DISTRITO FEDERAL (INTEIRO)
7506,DISTRITO FEDERAL (INTEIRO)
7507,DISTRITO FEDERAL (INTEIRO)
7508,DISTRITO FEDERAL (INTEIRO)
7509,DISTRITO FEDERAL (INTEIRO)
7510,DISTRITO FEDERAL (INTEIRO)
7511,DISTRITO FEDERAL (INTEIRO)
7512,DISTRITO FEDERAL (INTEIRO)
7513,DISTRITO FEDERAL (INTEIRO)
7514,DISTRITO FEDERAL (INTEIRO)
7515,IX
7516,IX
7517,DISTRITO FEDERAL (INTEIRO)
7518,DISTRITO FEDERAL (INTEIRO)
7519,IX
7520,IX
7521,DISTRITO FEDERAL (INTEIRO)
7522,DISTRITO FEDERAL (INTEIRO)
7523,DISTRITO FEDERAL (INTEIRO)
7524,DISTRITO FEDERAL (INTEIRO)
7525,DISTRITO FEDERAL (INTEIRO)
7526,DISTRITO FEDERAL (INTEIRO)
7527,DISTRITO FEDERAL (INTEIRO)
7528,DISTRITO FEDERAL (INTEIRO)
7529,DISTRITO FEDERAL (INTEIRO)
7530,DISTRITO FEDERAL (INTEIRO)
7531,DISTRITO FEDERAL (INTEIRO)
7532,DISTRITO FEDERAL (INTEIRO)
7533,DISTRITO FEDERAL (INTEIRO)
7534,XXVII
7535,DISTRITO FEDERAL (INTEIRO)
7536,XXVII
7537,XXVII
7538,XXVII
7539,XXVI
7540,XIII
7541,XIV
7542,XXIV
7543,IX
7544,DISTRITO FEDERAL (INTEIRO)
7545,XIII
7546,VIII
7547,IX
7548,VIII
7549,XXIV
7550,XXI
7551,XXI
7552,IX
7553,DISTRITO FEDERAL (INTEIRO)
7554,DISTRITO FEDERAL (INTEIRO)
7555,DISTRITO FEDERAL (INTEIRO)
7556,IX
7557,XXIV
7558,DISTRITO FEDERAL (INTEIRO)
7559,IX
7560,XXIV
7561,IX
7562,DISTRITO FEDERAL (INTEIRO)
7563,DISTRITO FEDERAL (INTEIRO)
7564,DISTRITO FEDERAL (INTEIRO)
7565,DISTRITO FEDERAL (INTEIRO)
7566,DISTRITO FEDERAL (INTEIRO)
7567,DISTRITO FEDERAL (INTEIRO)
7568,DISTRITO FEDERAL (INTEIRO)
7569,DISTRITO FEDERAL (INTEIRO)
7570,DISTRITO FEDERAL (INTEIRO)
7571,DISTRITO FEDERAL (INTEIRO)
7572,DISTRITO FEDERAL (INTEIRO)
7573,XV
7574,XV
7574,XXI
7575,XIV
7576,DISTRITO FEDERAL (INTEIRO)
7577,II
7578,XII
7579,IX
7580,XV
7581,DISTRITO FEDERAL (INTEIRO)
7582,DISTRITO FEDERAL (INTEIRO)
7583,DISTRITO FEDERAL (INTEIRO)
7584,IX
7585,DISTRITO FEDERAL (INTEIRO)
7586,DISTRITO FEDERAL (INTEIRO)
7587,DISTRITO FEDERAL (INTEIRO)
7588,DISTRITO FEDERAL (INTEIRO)
7589,DISTRITO FEDERAL (INTEIRO)
7590,DISTRITO FEDERAL (INTEIRO)
7591,DISTRITO FEDERAL (INTEIRO)
7592,DISTRITO FEDERAL (INTEIRO)
7593,DISTRITO FEDERAL (INTEIRO)
7594,DISTRITO FEDERAL (INTEIRO)
7595,DISTRITO FEDERAL (INTEIRO)
7596,DISTRITO FEDERAL (INTEIRO)
7597,DISTRITO FEDERAL (INTEIRO)
7598,VII
7599,VII
7600,DISTRITO FEDERAL (INTEIRO)
7601,DISTRITO FEDERAL (INTEIRO)
7602,DISTRITO FEDERAL (INTEIRO)
7603,DISTRITO FEDERAL (INTEIRO)
7604,DISTRITO FEDERAL (INTEIRO)
7605,DISTRITO FEDERAL (INTEIRO)
7606,DISTRITO FEDERAL (INTEIRO)
7607,DISTRITO FEDERAL (INTEIRO)
7608,DISTRITO FEDERAL (INTEIRO)
7609,DISTRITO FEDERAL (INTEIRO)
7610,DISTRITO FEDERAL (INTEIRO)
7611,DISTRITO FEDERAL (INTEIRO)
7612,DISTRITO FEDERAL (INTEIRO)
7613,XXXII
7614,VI
7615,DISTRITO FEDERAL (INTEIRO)
7616,DISTRITO FEDERAL (INTEIRO)
7617,DISTRITO FEDERAL (INTEIRO)
7618,II
7618,XIII
7619,I
7620,I
7621,XXX
7622,I
7623,XIII
7624,I
7625,DISTRITO FEDERAL (INTEIRO)
7626,I
7627,DISTRITO FEDERAL (INTEIRO)
7628,DISTRITO FEDERAL (INTEIRO)
7629,DISTRITO FEDERAL (INTEIRO)
7630,DISTRITO FEDERAL (INTEIRO)
7631,DISTRITO FEDERAL (INTEIRO)
7632,DISTRITO FEDERAL (INTEIRO)
7633,I
7634,II
7635,XII
7636,II
7637,DISTRITO FEDERAL (INTEIRO)
7638,DISTRITO FEDERAL (INTEIRO)
7639,IX
7640,XIII
7641,IX
7642,XV
7643,IX
7644,III
7645,IX
7646,DISTRITO FEDERAL (INTEIRO)
7647,DISTRITO FEDERAL (INTEIRO)
7648,DISTRITO FEDERAL (INTEIRO)
7649,DISTRITO FEDERAL (INTEIRO)
7650,I
7651,DISTRITO FEDERAL (INTEIRO)
7652,DISTRITO FEDERAL (INTEIRO)
7653,DISTRITO FEDERAL (INTEIRO)
7654,DISTRITO FEDERAL (INTEIRO)
7655,DISTRITO FEDERAL (INTEIRO)
7656,XXXI
7657,XXXI
7658,DISTRITO FEDERAL (INTEIRO)
7659,DISTRITO FEDERAL (INTEIRO)
7660,XII
7661,XXIII
7662,DISTRITO FEDERAL (INTEIRO)
7663,DISTRITO FEDERAL (INTEIRO)
7664,DISTRITO FEDERAL (INTEIRO)
7665,DISTRITO FEDERAL (INTEIRO)
7666,DISTRITO FEDERAL (INTEIRO)
7667,DISTRITO FEDERAL (INTEIRO)
7668,DISTRITO FEDERAL (INTEIRO)
7669,DISTRITO FEDERAL (INTEIRO)
7670,DISTRITO FEDERAL (INTEIRO)
7671,DISTRITO FEDERAL (INTEIRO)
7671,VII
7672,IX
7673,XVI
7674,DISTRITO FEDERAL (INTEIRO)
7675,XXXII
7676,DISTRITO FEDERAL (INTEIRO)
7677,XXXII
7678,IX
7679,DISTRITO FEDERAL (INTEIRO)
7680,DISTRITO FEDERAL (INTEIRO)
7681,DISTRITO FEDERAL (INTEIRO)
7682,DISTRITO FEDERAL (INTEIRO)
7683,DISTRITO FEDERAL (INTEIRO)
7684,DISTRITO FEDERAL (INTEIRO)
7685,DISTRITO FEDERAL (INTEIRO)
7686,DISTRITO FEDERAL (INTEIRO)
7687,DISTRITO FEDERAL (INTEIRO)
7688,DISTRITO FEDERAL (INTEIRO)
7689,DISTRITO FEDERAL (INTEIRO)
7690,DISTRITO FEDERAL (INTEIRO)
7691,DISTRITO FEDERAL (INTEIRO)
7692,DISTRITO FEDERAL (INTEIRO)
7693,DISTRITO FEDERAL (INTEIRO)
7694,DISTRITO FEDERAL (INTEIRO)
7695,DISTRITO FEDERAL (INTEIRO)
7696,DISTRITO FEDERAL (INTEIRO)
7697,DISTRITO FEDERAL (INTEIRO)
7698,DISTRITO FEDERAL (INTEIRO)
7699,DISTRITO FEDERAL (INTEIRO)
7700,DISTRITO FEDERAL (INTEIRO)
7701,DISTRITO FEDERAL (INTEIRO)
7702,DISTRITO FEDERAL (INTEIRO)
7703,DISTRITO FEDERAL (INTEIRO)
7704,DISTRITO FEDERAL (INTEIRO)
7705,DISTRITO FEDERAL (INTEIRO)
7706,DISTRITO FEDERAL (INTEIRO)
7707,DISTRITO FEDERAL (INTEIRO)
7708,VI
7709,DISTRITO FEDERAL (INTEIRO)
7710,DISTRITO FEDERAL (INTEIRO)
7711,DISTRITO FEDERAL (INTEIRO)
7712,DISTRITO FEDERAL (INTEIRO)
7713,DISTRITO FEDERAL (INTEIRO)
7714,DISTRITO FEDERAL (INTEIRO)
7715,DISTRITO FEDERAL (INTEIRO)
7716,DISTRITO FEDERAL (INTEIRO)
7717,DISTRITO FEDERAL (INTEIRO)
7718,DISTRITO FEDERAL (INTEIRO)
7719,DISTRITO FEDERAL (INTEIRO)
7720,DISTRITO FEDERAL (INTEIRO)
7721,DISTRITO FEDERAL (INTEIRO)
7722,DISTRITO FEDERAL (INTEIRO)
7723,DISTRITO FEDERAL (INTEIRO)
7724,DISTRITO FEDERAL (INTEIRO)
7725,DISTRITO FEDERAL (INTEIRO)
7726,DISTRITO FEDERAL (INTEIRO)
7727,DISTRITO FEDERAL (INTEIRO)
7728,DISTRITO FEDERAL (INTEIRO)
7729,DISTRITO FEDERAL (INTEIRO)
7730,DISTRITO FEDERAL (INTEIRO)
7731,DISTRITO FEDERAL (INTEIRO)
7732,DISTRITO FEDERAL (INTEIRO)
7733,DISTRITO FEDERAL (INTEIRO)
7734,DISTRITO FEDERAL (INTEIRO)
7735,DISTRITO FEDERAL (INTEIRO)
7736,DISTRITO FEDERAL (INTEIRO)
7737,DISTRITO FEDERAL (INTEIRO)
7738,DISTRITO FEDERAL (INTEIRO)
7739,DISTRITO FEDERAL (INTEIRO)
7740,DISTRITO FEDERAL (INTEIRO)
7741,DISTRITO FEDERAL (INTEIRO)
7742,DISTRITO FEDERAL (INTEIRO)
7743,DISTRITO FEDERAL (INTEIRO)
7744,DISTRITO FEDERAL (INTEIRO)
7745,DISTRITO FEDERAL (INTEIRO)
7746,DISTRITO FEDERAL (INTEIRO)
7747,DISTRITO FEDERAL (INTEIRO)
7748,DISTRITO FEDERAL (INTEIRO)
7749,DISTRITO FEDERAL (INTEIRO)
7750,DISTRITO FEDERAL (INTEIRO)
7751,DISTRITO FEDERAL (INTEIRO)
7752,XXX
7753,DISTRITO FEDERAL (INTEIRO)
7754,DISTRITO FEDERAL (INTEIRO)
7755,DISTRITO FEDERAL (INTEIRO)
7756,IX
7757,IX
7758,IX
7759,DISTRITO FEDERAL (INTEIRO)
7760,I
7761,DISTRITO FEDERAL (INTEIRO)
7762,XXVI
7763,DISTRITO FEDERAL (INTEIRO)
7764,DISTRITO FEDERAL (INTEIRO)
7765,DISTRITO FEDERAL (INTEIRO)
7766,DISTRITO FEDERAL (INTEIRO)
7766,XXXI
7767,XXVIII
7768,DISTRITO FEDERAL (INTEIRO)
7769,II
7770,IX
7771,I
7772,III
7773,DISTRITO FEDERAL (INTEIRO)
7774,DISTRITO FEDERAL (INTEIRO)
7775,DISTRITO FEDERAL (INTEIRO)
7776,DISTRITO FEDERAL (INTEIRO)
7777,DISTRITO FEDERAL (INTEIRO)
7778,DISTRITO FEDERAL (INTEIRO)
7779,DISTRITO FEDERAL (INTEIRO)
7780,DISTRITO FEDERAL (INTEIRO)
7781,DISTRITO FEDERAL (INTEIRO)
7782,DISTRITO FEDERAL (INTEIRO)
7783,DISTRITO FEDERAL (INTEIRO)
7784,IX
7785,DISTRITO FEDERAL (INTEIRO)
7786,X
7787,X
7788,X
7789,X
7790,X
7791,X
7792,X
7793,X
7794,X
7795,X
7796,X
7797,XXIII
7798,IX
7799,DISTRITO FEDERAL (INTEIRO)
7800,DISTRITO FEDERAL (INTEIRO)
7801,DISTRITO FEDERAL (INTEIRO)
7802,DISTRITO FEDERAL (INTEIRO)
7803,DISTRITO FEDERAL (INTEIRO)
7804,DISTRITO FEDERAL (INTEIRO)
7805,DISTRITO FEDERAL (INTEIRO)
7806,DISTRITO FEDERAL (INTEIRO)
7807,DISTRITO FEDERAL (INTEIRO)
7808,DISTRITO FEDERAL (INTEIRO)
7809,DISTRITO FEDERAL (INTEIRO)
7810,DISTRITO FEDERAL (INTEIRO)
7811,DISTRITO FEDERAL (INTEIRO)
7811,ENTORNO
7812,DISTRITO FEDERAL (INTEIRO)
7812,ENTORNO
7813,DISTRITO FEDERAL (INTEIRO)
7814,IX
7815,DISTRITO FEDERAL (INTEIRO)
7816,DISTRITO FEDERAL (INTEIRO)
7817,DISTRITO FEDERAL (INTEIRO)
7818,DISTRITO FEDERAL (INTEIRO)
7819,DISTRITO FEDERAL (INTEIRO)
7820,DISTRITO FEDERAL (INTEIRO)
7821,DISTRITO FEDERAL (INTEIRO)
7822,DISTRITO FEDERAL (INTEIRO)
7823,DISTRITO FEDERAL (INTEIRO)
7824,IX
7825,IX
7826,IX
7827,XII
7828,DISTRITO FEDERAL (INTEIRO)
7829,XXIII
7830,DISTRITO FEDERAL (INTEIRO)
7831,III
7832,DISTRITO FEDERAL (INTEIRO)
7833,DISTRITO FEDERAL (INTEIRO)
7834,DISTRITO FEDERAL (INTEIRO)
7835,DISTRITO FEDERAL (INTEIRO)
7836,DISTRITO FEDERAL (INTEIRO)
7837,DISTRITO FEDERAL (INTEIRO)
7838,DISTRITO FEDERAL (INTEIRO)
7839,XIII
7840,XIII
7841,XIII
7842,XIII
7843,XIII
7844,XIII
7845,XIII
7846,XIII
7847,XIII
7848,DISTRITO FEDERAL (INTEIRO)
7849,DISTRITO FEDERAL (INTEIRO)
7850,DISTRITO FEDERAL (INTEIRO)
7851,DISTRITO FEDERAL (INTEIRO)
7852,DISTRITO FEDERAL (INTEIRO)
7853,DISTRITO FEDERAL (INTEIRO)
7854,DISTRITO FEDERAL (INTEIRO)
7855,DISTRITO FEDERAL (INTEIRO)
7856,DISTRITO FEDERAL (INTEIRO)
7857,DISTRITO FEDERAL (INTEIRO)
7858,DISTRITO FEDERAL (INTEIRO)
7859,DISTRITO FEDERAL (INTEIRO)
7860,DISTRITO FEDERAL (INTEIRO)
7861,DISTRITO FEDERAL (INTEIRO)
7862,DISTRITO FEDERAL (INTEIRO)
7863,DISTRITO FEDERAL (INTEIRO)
7864,DISTRITO FEDERAL (INTEIRO)
7865,III
7866,IX
7867,DISTRITO FEDERAL (INTEIRO)
7868,IX
7869,IX
7870,IX
7871,IX
7872,IX
7873,IX
7874,IX
7875,IX
7876,IX
7877,IX
7878,DISTRITO FEDERAL (INTEIRO)
7879,V
7880,XXXI
7881,IX
7882,DISTRITO FEDERAL (INTEIRO)
7883,X
7884,DISTRITO FEDERAL (INTEIRO)
7885,DISTRITO FEDERAL (INTEIRO)
7886,DISTRITO FEDERAL (INTEIRO)
7887,XIV
7888,DISTRITO FEDERAL (INTEIRO)
7889,VI
7890,DISTRITO FEDERAL (INTEIRO)
7891,DISTRITO FEDERAL (INTEIRO)
7892,DISTRITO FEDERAL (INTEIRO)
7893,DISTRITO FEDERAL (INTEIRO)
7894,DISTRITO FEDERAL (INTEIRO)
7895,DISTRITO FEDERAL (INTEIRO)
7896,DISTRITO FEDERAL (INTEIRO)
7897,X
7898,DISTRITO FEDERAL (INTEIRO)
7899,DISTRITO FEDERAL (INTEIRO)
7900,DISTRITO FEDERAL (INTEIRO)
7901,DISTRITO FEDERAL (INTEIRO)
7902,VI
7903,DISTRITO FEDERAL (INTEIRO)
7904,DISTRITO FEDERAL (INTEIRO)
7905,XXXV
7906,XXXV
7907,XXXV
7908,XXXV
7909,XXXV
7910,XXXV
7911,XXXV
7912,XXXV
7913,DISTRITO FEDERAL (INTEIRO)
7914,XVII
7915,DISTRITO FEDERAL (INTEIRO)
7916,DISTRITO FEDERAL (INTEIRO)
7917,DISTRITO FEDERAL (INTEIRO)
7918,DISTRITO FEDERAL (INTEIRO)
7919,DISTRITO FEDERAL (INTEIRO)
7920,DISTRITO FEDERAL (INTEIRO)
7921,DISTRITO FEDERAL (INTEIRO)
7922,DISTRITO FEDERAL (INTEIRO)
7923,DISTRITO FEDERAL (INTEIRO)
7924,DISTRITO FEDERAL (INTEIRO)
7925,DISTRITO FEDERAL (INTEIRO)
7926,DISTRITO FEDERAL (INTEIRO)
7927,DISTRITO FEDERAL (INTEIRO)
7928,DISTRITO FEDERAL (INTEIRO)
7929,DISTRITO FEDERAL (INTEIRO)
7930,DISTRITO FEDERAL (INTEIRO)
7931,DISTRITO FEDERAL (INTEIRO)
7932,DISTRITO FEDERAL (INTEIRO)
7933,DISTRITO FEDERAL (INTEIRO)
7934,DISTRITO FEDERAL (INTEIRO)
7935,V
7936,XXVII
7937,XXVII
7938,XXVII
7939,DISTRITO FEDERAL (INTEIRO)
7940,VII
7941,V
7942,V
7943,DISTRITO FEDERAL (INTEIRO)
7944,V
7945,VII
7946,V
7947,V
7948,V
7949,V
7950,DISTRITO FEDERAL (INTEIRO)
7951,XV
7952,DISTRITO FEDERAL (INTEIRO)
7953,DISTRITO FEDERAL (INTEIRO)
7954,DISTRITO FEDERAL (INTEIRO)
7955,DISTRITO FEDERAL (INTEIRO)
7956,DISTRITO FEDERAL (INTEIRO)
7957,XII
7958,III
7959,DISTRITO FEDERAL (INTEIRO)
7960,DISTRITO FEDERAL (INTEIRO)
7961,DISTRITO FEDERAL (INTEIRO)
7962,DISTRITO FEDERAL (INTEIRO)
7963,DISTRITO FEDERAL (INTEIRO)
7964,DISTRITO FEDERAL (INTEIRO)
7965,DISTRITO FEDERAL (INTEIRO)
7966,DISTRITO FEDERAL (INTEIRO)
7967,V
7968,DISTRITO FEDERAL (INTEIRO)
7969,DISTRITO FEDERAL (INTEIRO)
7969,ENTORNO
7970,XXVI
7971,VI
7972,III
7973,DISTRITO FEDERAL (INTEIRO)
7974,DISTRITO FEDERAL (INTEIRO)
7975,IX
7976,DISTRITO FEDERAL (INTEIRO)
7977,III
7978,III
7979,XIV
7980,DISTRITO FEDERAL (INTEIRO)
7981,DISTRITO FEDERAL (INTEIRO)
7982,DISTRITO FEDERAL (INTEIRO)
7983,DISTRITO FEDERAL (INTEIRO)
7984,DISTRITO FEDERAL (INTEIRO)
7985,DISTRITO FEDERAL (INTEIRO)
7986,DISTRITO FEDERAL (INTEIRO)
7987,DISTRITO FEDERAL (INTEIRO)
7988,DISTRITO FEDERAL (INTEIRO)
7989,DISTRITO FEDERAL (INTEIRO)
7990,DISTRITO FEDERAL (INTEIRO)
7991,DISTRITO FEDERAL (INTEIRO)
7992,II
7993,II
7994,II
7995,II
7996,II
7997,II
7998,II
7999,II
8000,II
8001,II
8002,II
8003,II
8004,II
8005,II
8006,XV
8007,DISTRITO FEDERAL (INTEIRO)
8008,V
8009,DISTRITO FEDERAL (INTEIRO)
8009,III
8010,DISTRITO FEDERAL (INTEIRO)
8010,III
8011,DISTRITO FEDERAL (INTEIRO)
8011,III
8012,DISTRITO FEDERAL (INTEIRO)
8012,III
8013,V
8014,DISTRITO FEDERAL (INTEIRO)
8015,DISTRITO FEDERAL (INTEIRO)
8016,DISTRITO FEDERAL (INTEIRO)
8017,DISTRITO FEDERAL (INTEIRO)
8018,DISTRITO FEDERAL (INTEIRO)
8019,DISTRITO FEDERAL (INTEIRO)
8020,V
8021,DISTRITO FEDERAL (INTEIRO)
8022,XIV
8023,XIV
8024,DISTRITO FEDERAL (INTEIRO)
8025,DISTRITO FEDERAL (INTEIRO)
8026,VI
8027,DISTRITO FEDERAL (INTEIRO)
8028,DISTRITO FEDERAL (INTEIRO)
8029,DISTRITO FEDERAL (INTEIRO)
8030,DISTRITO FEDERAL (INTEIRO)
8031,DISTRITO FEDERAL (INTEIRO)
8032,DISTRITO FEDERAL (INTEIRO)
8033,DISTRITO FEDERAL (INTEIRO)
8033,II
8034,DISTRITO FEDERAL (INTEIRO)
8035,DISTRITO FEDERAL (INTEIRO)
8036,DISTRITO FEDERAL (INTEIRO)
8037,DISTRITO FEDERAL (INTEIRO)
8038,DISTRITO FEDERAL (INTEIRO)
8039,DISTRITO FEDERAL (INTEIRO)
8040,DISTRITO FEDERAL (INTEIRO)
8041,DISTRITO FEDERAL (INTEIRO)
8042,DISTRITO FEDERAL (INTEIRO)
8043,DISTRITO FEDERAL (INTEIRO)
8044,DISTRITO FEDERAL (INTEIRO)
8045,DISTRITO FEDERAL (INTEIRO)
8046,DISTRITO FEDERAL (INTEIRO)
8047,DISTRITO FEDERAL (INTEIRO)
8048,DISTRITO FEDERAL (INTEIRO)
8049,DISTRITO FEDERAL (INTEIRO)
8050,DISTRITO FEDERAL (INTEIRO)
8051,DISTRITO FEDERAL (INTEIRO)
8052,DISTRITO FEDERAL (INTEIRO)
8053,DISTRITO FEDERAL (INTEIRO)
8054,DISTRITO FEDERAL (INTEIRO)
8055,DISTRITO FEDERAL (INTEIRO)
8056,DISTRITO FEDERAL (INTEIRO)
8057,DISTRITO FEDERAL (INTEIRO)
8058,DISTRITO FEDERAL (INTEIRO)
8059,DISTRITO FEDERAL (INTEIRO)
8060,V
8061,DISTRITO FEDERAL (INTEIRO)
8062,DISTRITO FEDERAL (INTEIRO)
8063,DISTRITO FEDERAL (INTEIRO)
8064,DISTRITO FEDERAL (INTEIRO)
8064,XIII
8065,XIII
8066,I
8066,XXII
8067,II
8068,III
8069,III
8070,V
8071,DISTRITO FEDERAL (INTEIRO)
8072,III
8073,DISTRITO FEDERAL (INTEIRO)
8074,XXIII
8075,DISTRITO FEDERAL (INTEIRO)
8076,DISTRITO FEDERAL (INTEIRO)
8077,DISTRITO FEDERAL (INTEIRO)
8078,DISTRITO FEDERAL (INTEIRO)
8079,DISTRITO FEDERAL (INTEIRO)
8080,DISTRITO FEDERAL (INTEIRO)
8081,DISTRITO FEDERAL (INTEIRO)
8082,DISTRITO FEDERAL (INTEIRO)
8083,DISTRITO FEDERAL (INTEIRO)
8084,DISTRITO FEDERAL (INTEIRO)
8085,DISTRITO FEDERAL (INTEIRO)
8086,DISTRITO FEDERAL (INTEIRO)
8087,DISTRITO FEDERAL (INTEIRO)
8088,DISTRITO FEDERAL (INTEIRO)
8089,DISTRITO FEDERAL (INTEIRO)
8090,DISTRITO FEDERAL (INTEIRO)
8091,DISTRITO FEDERAL (INTEIRO)
8092,DISTRITO FEDERAL (INTEIRO)
8093,DISTRITO FEDERAL (INTEIRO)
8094,DISTRITO FEDERAL (INTEIRO)
8095,DISTRITO FEDERAL (INTEIRO)
8096,DISTRITO FEDERAL (INTEIRO)
8097,DISTRITO FEDERAL (INTEIRO)
8098,XXI
8099,DISTRITO FEDERAL (INTEIRO)
8100,DISTRITO FEDERAL (INTEIRO)
8101,XXVI
8102,V
8103,DISTRITO FEDERAL (INTEIRO)
8104,DISTRITO FEDERAL (INTEIRO)
8105,DISTRITO FEDERAL (INTEIRO)
8106,DISTRITO FEDERAL (INTEIRO)
8107,DISTRITO FEDERAL (INTEIRO)
8108,DISTRITO FEDERAL (INTEIRO)
8109,DISTRITO FEDERAL (INTEIRO)
8110,DISTRITO FEDERAL (INTEIRO)
8111,DISTRITO FEDERAL (INTEIRO)
8112,DISTRITO FEDERAL (INTEIRO)
8113,XI
8114,DISTRITO FEDERAL (INTEIRO)
8115,DISTRITO FEDERAL (INTEIRO)
8116,DISTRITO FEDERAL (INTEIRO)
8117,DISTRITO FEDERAL (INTEIRO)
8118,DISTRITO FEDERAL (INTEIRO)
8119,DISTRITO FEDERAL (INTEIRO)
8120,DISTRITO FEDERAL (INTEIRO)
8121,DISTRITO FEDERAL (INTEIRO)
8121,IX
8122,II
8123,DISTRITO FEDERAL (INTEIRO)
8124,IX
8125,II
8126,DISTRITO FEDERAL (INTEIRO)
8127,DISTRITO FEDERAL (INTEIRO)
8128,DISTRITO FEDERAL (INTEIRO)
8129,DISTRITO FEDERAL (INTEIRO)
8130,DISTRITO FEDERAL (INTEIRO)
8131,DISTRITO FEDERAL (INTEIRO)
8132,DISTRITO FEDERAL (INTEIRO)
8133,XXXV
8134,XXXV
8135,XXXV
8136,XXXV
8137,DISTRITO FEDERAL (INTEIRO)
8138,DISTRITO FEDERAL (INTEIRO)
8139,XXXV
8140,XXXV
8141,XXVII
8142,DISTRITO FEDERAL (INTEIRO)
8143,DISTRITO FEDERAL (INTEIRO)
8144,DISTRITO FEDERAL (INTEIRO)
8145,DISTRITO FEDERAL (INTEIRO)
8146,XXXV
8147,DISTRITO FEDERAL (INTEIRO)
8148,I
8149,III
8150,DISTRITO FEDERAL (INTEIRO)
8151,DISTRITO FEDERAL (INTEIRO)
8152,DISTRITO FEDERAL (INTEIRO)
8153,DISTRITO FEDERAL (INTEIRO)
8154,DISTRITO FEDERAL (INTEIRO)
8155,DISTRITO FEDERAL (INTEIRO)
8156,DISTRITO FEDERAL (INTEIRO)
8157,DISTRITO FEDERAL (INTEIRO)
8158,DISTRITO FEDERAL (INTEIRO)
8159,DISTRITO FEDERAL (INTEIRO)
8160,DISTRITO FEDERAL (INTEIRO)
8161,DISTRITO FEDERAL (INTEIRO)
8162,DISTRITO FEDERAL (INTEIRO)
8163,DISTRITO FEDERAL (INTEIRO)
8164,DISTRITO FEDERAL (INTEIRO)
8165,DISTRITO FEDERAL (INTEIRO)
8166,DISTRITO FEDERAL (INTEIRO)
8167,VII
8168,DISTRITO FEDERAL (INTEIRO)
8169,DISTRITO FEDERAL (INTEIRO)
8170,DISTRITO FEDERAL (INTEIRO)
8171,DISTRITO FEDERAL (INTEIRO)
8172,DISTRITO FEDERAL (INTEIRO)
8173,DISTRITO FEDERAL (INTEIRO)
8174,DISTRITO FEDERAL (INTEIRO)
8175,DISTRITO FEDERAL (INTEIRO)
8176,DISTRITO FEDERAL (INTEIRO)
8177,DISTRITO FEDERAL (INTEIRO)
8178,DISTRITO FEDERAL (INTEIRO)
8179,DISTRITO FEDERAL (INTEIRO)
8180,DISTRITO FEDERAL (INTEIRO)
8181,DISTRITO FEDERAL (INTEIRO)
8182,DISTRITO FEDERAL (INTEIRO)
8183,DISTRITO FEDERAL (INTEIRO)
8184,DISTRITO FEDERAL (INTEIRO)
8185,IX
8186,XXXV
8187,XXXV
8188,DISTRITO FEDERAL (INTEIRO)
8189,III
8190,DISTRITO FEDERAL (INTEIRO)
8191,DISTRITO FEDERAL (INTEIRO)
8192,DISTRITO FEDERAL (INTEIRO)
8193,DISTRITO FEDERAL (INTEIRO)
8194,DISTRITO FEDERAL (INTEIRO)
8195,DISTRITO FEDERAL (INTEIRO)
8196,DISTRITO FEDERAL (INTEIRO)
8197,DISTRITO FEDERAL (INTEIRO)
8198,DISTRITO FEDERAL (INTEIRO)
8199,DISTRITO FEDERAL (INTEIRO)
8200,DISTRITO FEDERAL (INTEIRO)
8201,DISTRITO FEDERAL (INTEIRO)
8202,DISTRITO FEDERAL (INTEIRO)
8203,DISTRITO FEDERAL (INTEIRO)
8204,DISTRITO FEDERAL (INTEIRO)
8205,DISTRITO FEDERAL (INTEIRO)
8206,DISTRITO FEDERAL (INTEIRO)
8207,DISTRITO FEDERAL (INTEIRO)
8208,DISTRITO FEDERAL (INTEIRO)
8209,DISTRITO FEDERAL (INTEIRO)
8210,DISTRITO FEDERAL (INTEIRO)
8211,DISTRITO FEDERAL (INTEIRO)
8212,DISTRITO FEDERAL (INTEIRO)
8213,DISTRITO FEDERAL (INTEIRO)
8214,DISTRITO FEDERAL (INTEIRO)
8215,DISTRITO FEDERAL (INTEIRO)
8216,DISTRITO FEDERAL (INTEIRO)
8217,DISTRITO FEDERAL (INTEIRO)
8218,DISTRITO FEDERAL (INTEIRO)
8219,DISTRITO FEDERAL (INTEIRO)
8220,V
8221,DISTRITO FEDERAL (INTEIRO)
8222,V
8223,XII
8224,DISTRITO FEDERAL (INTEIRO)
8225,DISTRITO FEDERAL (INTEIRO)
8226,XIII
8227,XIII
8228,DISTRITO FEDERAL (INTEIRO)
8229,XXI
8230,DISTRITO FEDERAL (INTEIRO)
8231,DISTRITO FEDERAL (INTEIRO)
8231,V
8232,DISTRITO FEDERAL (INTEIRO)
8232,V
8233,DISTRITO FEDERAL (INTEIRO)
8233,V
8234,DISTRITO FEDERAL (INTEIRO)
8234,V
8235,XIII
8236,XXIV
8237,XXIV
8238,DISTRITO FEDERAL (INTEIRO)
8239,XXXV
8240,DISTRITO FEDERAL (INTEIRO)
8241,DISTRITO FEDERAL (INTEIRO)
8242,DISTRITO FEDERAL (INTEIRO)
8243,DISTRITO FEDERAL (INTEIRO)
8244,DISTRITO FEDERAL (INTEIRO)
8245,DISTRITO FEDERAL (INTEIRO)
8246,DISTRITO FEDERAL (INTEIRO)
8247,DISTRITO FEDERAL (INTEIRO)
8248,DISTRITO FEDERAL (INTEIRO)
8249,DISTRITO FEDERAL (INTEIRO)
8250,XII
8250,XV
8251,DISTRITO FEDERAL (INTEIRO)
8252,DISTRITO FEDERAL (INTEIRO)
8253,DISTRITO FEDERAL (INTEIRO)
8254,DISTRITO FEDERAL (INTEIRO)
8255,VI
8256,VI
8257,VI
8258,VI
8259,VI
8260,VI
8261,VI
8262,VI
8263,VI
8264,VI
8265,VI
8266,DISTRITO FEDERAL (INTEIRO)
8267,IX
8268,VI
8269,V
8269,XXVI
8270,V
8270,XXVI
8271,I
8272,I
8273,I
8274,I
8275,I
8276,I
8277,I
8278,I
8279,I
8280,I
8281,I
8282,I
8283,DISTRITO FEDERAL (INTEIRO)
8283,V
8283,VI
8284,V
8285,DISTRITO FEDERAL (INTEIRO)
8286,V
8287,DISTRITO FEDERAL (INTEIRO)
8288,V
8289,XXXV
8290,V
8291,XXXV
8292,DISTRITO FEDERAL (INTEIRO)
8293,V
8294,VI
8295,DISTRITO FEDERAL (INTEIRO)
8296,V
8297,DISTRITO FEDERAL (INTEIRO)
8298,DISTRITO FEDERAL (INTEIRO)
8298,V
8298,VI
8299,VI
8300,DISTRITO FEDERAL (INTEIRO)
8301,IX
8302,IX
8303,DISTRITO FEDERAL (INTEIRO)
8304,DISTRITO FEDERAL (INTEIRO)
8305,DISTRITO FEDERAL (INTEIRO)
8306,DISTRITO FEDERAL (INTEIRO)
8307,DISTRITO FEDERAL (INTEIRO)
8308,V
8309,DISTRITO FEDERAL (INTEIRO)
8310,V
8311,DISTRITO FEDERAL (INTEIRO)
8312,V
8313,VI
8314,DISTRITO FEDERAL (INTEIRO)
8314,ENTORNO
8314,OUTROS ESTADOS
8315,VI
8316,XII
8317,V
8318,XIV
8319,DISTRITO FEDERAL (INTEIRO)
8320,DISTRITO FEDERAL (INTEIRO)
8321,DISTRITO FEDERAL (INTEIRO)
8322,DISTRITO FEDERAL (INTEIRO)
8323,DISTRITO FEDERAL (INTEIRO)
8324,DISTRITO FEDERAL (INTEIRO)
8325,DISTRITO FEDERAL (INTEIRO)
8326,DISTRITO FEDERAL (INTEIRO)
8327,DISTRITO FEDERAL (INTEIRO)
8328,DISTRITO FEDERAL (INTEIRO)
8329,DISTRITO FEDERAL (INTEIRO)
8330,DISTRITO FEDERAL (INTEIRO)
8331,IV
8332,V
8333,XXVI
8334,V
8335,XXVI
8336,XX
8337,XX
8338,XXXI
8339,VI
8340,VI
8341,XXXI
8342,DISTRITO FEDERAL (INTEIRO)
8343,XV
8344,II
8345,XXIX
8345,XXV
8346,XV
8347,II
8348,XV
8349,XXVI
8350,VI
8351,XXVI
8352,DISTRITO FEDERAL (INTEIRO)
8353,V
8354,V
8355,V
8356,DISTRITO FEDERAL (INTEIRO)
8357,V
8358,V
8359,V
8360,IV
8361,X
8362,IV
8363,DISTRITO FEDERAL (INTEIRO)
8364,IV
8365,VI
8366,IV
8367,V
8368,XXIII
8369,V
8370,XXXV
8371,I
8372,X
8373,XXXII
8374,XIV
8375,XXI
8376,XVII
8377,III
8378,IX
8379,XVII
8380,IV
8381,V
8382,XV
8383,XII
8384,XVIII
8385,IV
8386,DISTRITO FEDERAL (INTEIRO)
8387,DISTRITO FEDERAL (INTEIRO)
8388,XII
8389,DISTRITO FEDERAL (INTEIRO)
8389,IX
8390,XXI
8391,DISTRITO FEDERAL (INTEIRO)
8392,DISTRITO FEDERAL (INTEIRO)
8393,DISTRITO FEDERAL (INTEIRO)
8394,DISTRITO FEDERAL (INTEIRO)
8395,DISTRITO FEDERAL (INTEIRO)
8396,DISTRITO FEDERAL (INTEIRO)
8397,XXVI
8398,VII
8399,VII
8400,VII
8401,DISTRITO FEDERAL (INTEIRO)
8402,DISTRITO FEDERAL (INTEIRO)
8403,DISTRITO FEDERAL (INTEIRO)
8404,DISTRITO FEDERAL (INTEIRO)
8405,V
8406,V
8407,DISTRITO FEDERAL (INTEIRO)
8408,V
8409,V
8410,V
8411,V
8412,V
8413,V
8414,DISTRITO FEDERAL (INTEIRO)
8415,DISTRITO FEDERAL (INTEIRO)
8416,DISTRITO FEDERAL (INTEIRO)
8417,X
8418,DISTRITO FEDERAL (INTEIRO)
8419,DISTRITO FEDERAL (INTEIRO)
8420,DISTRITO FEDERAL (INTEIRO)
8421,DISTRITO FEDERAL (INTEIRO)
8422,V
8422,XXVI
8423,V
8424,V
8424,VI
8425,DISTRITO FEDERAL (INTEIRO)
8426,XII
8427,V
8428,V
8429,DISTRITO FEDERAL (INTEIRO)
8430,DISTRITO FEDERAL (INTEIRO)
8431,V
8432,DISTRITO FEDERAL (INTEIRO)
8433,V
8434,V
8435,DISTRITO FEDERAL (INTEIRO)
8436,V
8437,V
8438,DISTRITO FEDERAL (INTEIRO)
8439,DISTRITO FEDERAL (INTEIRO)
8440,DISTRITO FEDERAL (INTEIRO)
8441,V
8441,XXVI
8442,DISTRITO FEDERAL (INTEIRO)
8443,V
8443,XXVI
8444,V
8445,V
8445,XXVI
8446,V
8447,V
8448,V
8449,DISTRITO FEDERAL (INTEIRO)
8450,DISTRITO FEDERAL (INTEIRO)
8451,DISTRITO FEDERAL (INTEIRO)
8452,V
8453,DISTRITO FEDERAL (INTEIRO)
8454,DISTRITO FEDERAL (INTEIRO)
8455,DISTRITO FEDERAL (INTEIRO)
8456,DISTRITO FEDERAL (INTEIRO)
8457,V
8458,V
8459,V
8460,V
8461,V
8462,V
8463,V
8464,V
8465,V
8466,V
8467,V
8468,V
8469,V
8470,V
8471,V
8472,DISTRITO FEDERAL (INTEIRO)
8473,V
8474,V
8475,V
8476,V
8477,V
8478,V
8479,DISTRITO FEDERAL (INTEIRO)
8480,V
8481,V
8482,V
8483,V
8484,V
8485,V
8486,V
8487,DISTRITO FEDERAL (INTEIRO)
8488,DISTRITO FEDERAL (INTEIRO)
8489,XXX
8490,V
8490,XXVI
8491,V
8492,V
8493,V
8494,V
8495,V
8496,V
8496,XXVI
8497,V
8498,DISTRITO FEDERAL (INTEIRO)
8499,DISTRITO FEDERAL (INTEIRO)
8500,DISTRITO FEDERAL (INTEIRO)
8501,V
8501,XXVI
8502,V
8503,V
8503,XXVI
8504,V
8505,V
8506,V
8506,XXVI
8507,XXVI
8508,XXXII
8509,V
8510,V
8510,XXVI
8511,V
8512,V
8513,V
8514,XXVI
8515,V
8516,XXVI
8517,DISTRITO FEDERAL (INTEIRO)
8518,V
8519,V
8520,DISTRITO FEDERAL (INTEIRO)
8521,DISTRITO FEDERAL (INTEIRO)
8522,V
8523,DISTRITO FEDERAL (INTEIRO)
8523,V
8524,DISTRITO FEDERAL (INTEIRO)
8524,V
8525,DISTRITO FEDERAL (INTEIRO)
8525,V
8526,DISTRITO FEDERAL (INTEIRO)
8526,V
8527,DISTRITO FEDERAL (INTEIRO)
8528,V
8529,XXVI
8530,XXVI
8531,XXVI
8532,V
8533,V
8534,DISTRITO FEDERAL (INTEIRO)
8535,XIV
8536,V
8536,XXVI
8537,V
8538,V
8538,XXVI
8539,V
8539,XXVI
8540,XXVI
8541,V
8542,V
8543,V
8544,V
8545,V
8546,V
8547,V
8548,XXVI
8549,V
8550,V
8551,XXVI
8552,V
8553,V
8554,XXVI
8555,V
8556,V
8557,X
8558,V
8559,V
8560,V
8561,V
8562,V
8563,V
8564,DISTRITO FEDERAL (INTEIRO)
8565,XXVI
8566,XXVI
8567,V
8568,V
8569,V
8570,V
8571,V
8572,V
8573,V
8573,XXXI
8574,DISTRITO FEDERAL (INTEIRO)
8575,V
8576,V
8577,XXVI
8578,XXXI
8579,V
8580,V
8581,V
8582,V
8583,XXVI
8584,VI
8585,V
8586,V
8587,V
8588,V
8589,V
8590,DISTRITO FEDERAL (INTEIRO)
8591,V
8592,V
8593,V
8594,V
8595,V
8596,V
8597,V
8598,V
8599,V
8600,VI
8601,V
8602,V
8603,V
8604,V
8605,DISTRITO FEDERAL (INTEIRO)
8606,V
8607,DISTRITO FEDERAL (INTEIRO)
8608,V
8608,XXVI
8609,V
8610,V
8611,DISTRITO FEDERAL (INTEIRO)
8612,DISTRITO FEDERAL (INTEIRO)
8613,V
8614,XXVI
8615,V
8616,V
8617,XXVI
8618,V
8619,V
8620,XXVI
8621,V
8622,V
8622,XXVI
8623,V
8624,XXVI
8625,V
8626,V
8627,V
8628,V
8629,V
8630,V
8631,V
8632,V
8633,V
8634,V
8635,V
8636,V
8637,V
8638,V
8639,DISTRITO FEDERAL (INTEIRO)
8640,DISTRITO FEDERAL (INTEIRO)
8641,XXVI
8642,XXVI
8643,DISTRITO FEDERAL (INTEIRO)
8644,DISTRITO FEDERAL (INTEIRO)
8645,XXXII
8646,V
8647,V
8648,DISTRITO FEDERAL (INTEIRO)
8649,V
8650,XXXII
8651,DISTRITO FEDERAL (INTEIRO)
8652,V
8653,VI
8654,DISTRITO FEDERAL (INTEIRO)
8655,V
8656,V
8657,V
8658,X
8659,V
8660,X
8661,XXXII
8662,V
8663,V
8664,V
8665,VI
8666,V
8667,V
8668,V
8669,V
8670,XXVI
8671,DISTRITO FEDERAL (INTEIRO)
8672,VI
8673,V
8674,DISTRITO FEDERAL (INTEIRO)
8675,X
8676,V
8677,DISTRITO FEDERAL (INTEIRO)
8678,V
8679,V
8680,V
8681,V
8681,XXVI
8682,V
8683,DISTRITO FEDERAL (INTEIRO)
8684,V
8685,XXVI
8686,V
8687,XXXI
8688,DISTRITO FEDERAL (INTEIRO)
8689,VI
8690,V
8691,VI
8692,V
8693,XXVI
8694,XXVI
8695,V
8696,V
8697,V
8698,XXXI
8699,DISTRITO FEDERAL (INTEIRO)
8700,V
8701,XXXI
8702,XXIII
8703,V
8704,XXXI
8705,V
8706,V
8707,DISTRITO FEDERAL (INTEIRO)
8708,V
8709,DISTRITO FEDERAL (INTEIRO)
8710,DISTRITO FEDERAL (INTEIRO)
8711,DISTRITO FEDERAL (INTEIRO)
8712,XII
8713,XXVI
8714,DISTRITO FEDERAL (INTEIRO)
8715,DISTRITO FEDERAL (INTEIRO)
8716,DISTRITO FEDERAL (INTEIRO)
8717,DISTRITO FEDERAL (INTEIRO)
8718,DISTRITO FEDERAL (INTEIRO)
8719,DISTRITO FEDERAL (INTEIRO)
8720,DISTRITO FEDERAL (INTEIRO)
8721,DISTRITO FEDERAL (INTEIRO)
8722,DISTRITO FEDERAL (INTEIRO)
8723,DISTRITO FEDERAL (INTEIRO)
8724,V
8725,DISTRITO FEDERAL (INTEIRO)
8726,DISTRITO FEDERAL (INTEIRO)
8727,V
8728,DISTRITO FEDERAL (INTEIRO)
8729,V
8730,V
8731,V
8732,II
8733,DISTRITO FEDERAL (INTEIRO)
8734,IX
8735,DISTRITO FEDERAL (INTEIRO)
8736,DISTRITO FEDERAL (INTEIRO)
8737,DISTRITO FEDERAL (INTEIRO)
8738,VI
8739,I
8740,X
8741,X
8742,V
8743,V
8744,V
8745,V
8746,XXVI
8747,II
8748,DISTRITO FEDERAL (INTEIRO)
8749,DISTRITO FEDERAL (INTEIRO)
8750,II
8751,XXXII
8752,XXXII
8753,XII
8754,XXXII
8755,XXXII
8756,XIV
8757,DISTRITO FEDERAL (INTEIRO)
8758,DISTRITO FEDERAL (INTEIRO)
8759,DISTRITO FEDERAL (INTEIRO)
8760,DISTRITO FEDERAL (INTEIRO)
8761,DISTRITO FEDERAL (INTEIRO)
8762,DISTRITO FEDERAL (INTEIRO)
8763,DISTRITO FEDERAL (INTEIRO)
8764,XXXII
8765,XVIII
8766,DISTRITO FEDERAL (INTEIRO)
8767,XIII
8768,DISTRITO FEDERAL (INTEIRO)
8769,XXVIII
8770,XIII
8771,VI
8772,DISTRITO FEDERAL (INTEIRO)
8773,DISTRITO FEDERAL (INTEIRO)
8774,DISTRITO FEDERAL (INTEIRO)
8775,DISTRITO FEDERAL (INTEIRO)
8776,DISTRITO FEDERAL (INTEIRO)
8777,DISTRITO FEDERAL (INTEIRO)
8778,DISTRITO FEDERAL (INTEIRO)
8779,DISTRITO FEDERAL (INTEIRO)
8780,DISTRITO FEDERAL (INTEIRO)
8781,DISTRITO FEDERAL (INTEIRO)
8782,DISTRITO FEDERAL (INTEIRO)
8783,DISTRITO FEDERAL (INTEIRO)
8784,DISTRITO FEDERAL (INTEIRO)
8785,DISTRITO FEDERAL (INTEIRO)
8786,DISTRITO FEDERAL (INTEIRO)
8787,DISTRITO FEDERAL (INTEIRO)
8788,DISTRITO FEDERAL (INTEIRO)
8789,DISTRITO FEDERAL (INTEIRO)
8790,DISTRITO FEDERAL (INTEIRO)
8791,DISTRITO FEDERAL (INTEIRO)
8792,DISTRITO FEDERAL (INTEIRO)
8793,DISTRITO FEDERAL (INTEIRO)
8794,DISTRITO FEDERAL (INTEIRO)
8795,DISTRITO FEDERAL (INTEIRO)
8796,DISTRITO FEDERAL (INTEIRO)
8797,DISTRITO FEDERAL (INTEIRO)
8798,DISTRITO FEDERAL (INTEIRO)
8799,V
8800,DISTRITO FEDERAL (INTEIRO)
8801,DISTRITO FEDERAL (INTEIRO)
8802,DISTRITO FEDERAL (INTEIRO)
8803,DISTRITO FEDERAL (INTEIRO)
8804,DISTRITO FEDERAL (INTEIRO)
8805,DISTRITO FEDERAL (INTEIRO)
8806,DISTRITO FEDERAL (INTEIRO)
8807,V
8808,XXV
8809,V
8810,V
8811,DISTRITO FEDERAL (INTEIRO)
8811,OUTROS ESTADOS
8812,DISTRITO FEDERAL (INTEIRO)
8813,DISTRITO FEDERAL (INTEIRO)
8814,DISTRITO FEDERAL (INTEIRO)
8815,DISTRITO FEDERAL (INTEIRO)
8816,DISTRITO FEDERAL (INTEIRO)
8817,DISTRITO FEDERAL (INTEIRO)
8818,DISTRITO FEDERAL (INTEIRO)
8819,DISTRITO FEDERAL (INTEIRO)
8820,DISTRITO FEDERAL (INTEIRO)
8821,DISTRITO FEDERAL (INTEIRO)
8822,DISTRITO FEDERAL (INTEIRO)
8823,DISTRITO FEDERAL (INTEIRO)
8824,DISTRITO FEDERAL (INTEIRO)
8825,DISTRITO FEDERAL (INTEIRO)
8826,DISTRITO FEDERAL (INTEIRO)
8827,DISTRITO FEDERAL (INTEIRO)
8828,DISTRITO FEDERAL (INTEIRO)
8829,VII
8830,DISTRITO FEDERAL (INTEIRO)
8831,DISTRITO FEDERAL (INTEIRO)
8832,DISTRITO FEDERAL (INTEIRO)
8833,DISTRITO FEDERAL (INTEIRO)
8834,DISTRITO FEDERAL (INTEIRO)
8835,DISTRITO FEDERAL (INTEIRO)
8836,DISTRITO FEDERAL (INTEIRO)
8837,DISTRITO FEDERAL (INTEIRO)
8838,DISTRITO FEDERAL (INTEIRO)
8839,DISTRITO FEDERAL (INTEIRO)
8840,DISTRITO FEDERAL (INTEIRO)
8841,DISTRITO FEDERAL (INTEIRO)
8842,II
8843,DISTRITO FEDERAL (INTEIRO)
8844,DISTRITO FEDERAL (INTEIRO)
8845,DISTRITO FEDERAL (INTEIRO)
8846,DISTRITO FEDERAL (INTEIRO)
8847,DISTRITO FEDERAL (INTEIRO)
8848,DISTRITO FEDERAL (INTEIRO)
8849,DISTRITO FEDERAL (INTEIRO)
8850,DISTRITO FEDERAL (INTEIRO)
8851,DISTRITO FEDERAL (INTEIRO)
8852,DISTRITO FEDERAL (INTEIRO)
8853,DISTRITO FEDERAL (INTEIRO)
8854,DISTRITO FEDERAL (INTEIRO)
8855,DISTRITO FEDERAL (INTEIRO)
8856,VII
8857,XXXII
8858,XXXII
8859,XXXII
8860,XXXII
8861,XXXII
8862,XXXII
8863,XXXII
8864,XXXII
8865,XXXII
8866,V
8867,DISTRITO FEDERAL (INTEIRO)
8868,V
8868,XXVI
8869,DISTRITO FEDERAL (INTEIRO)
8870,DISTRITO FEDERAL (INTEIRO)
8871,DISTRITO FEDERAL (INTEIRO)
8872,XII
8873,DISTRITO FEDERAL (INTEIRO)
8874,DISTRITO FEDERAL (INTEIRO)
8875,DISTRITO FEDERAL (INTEIRO)
8876,DISTRITO FEDERAL (INTEIRO)
8877,V
8878,V
8879,V
8880,V
8881,DISTRITO FEDERAL (INTEIRO)
8882,V
8883,V
8884,DISTRITO FEDERAL (INTEIRO)
8885,DISTRITO FEDERAL (INTEIRO)
8886,DISTRITO FEDERAL (INTEIRO)
8887,DISTRITO FEDERAL (INTEIRO)
8888,DISTRITO FEDERAL (INTEIRO)
8889,DISTRITO FEDERAL (INTEIRO)
8890,V
8891,V
8892,DISTRITO FEDERAL (INTEIRO)
8893,DISTRITO FEDERAL (INTEIRO)
8894,DISTRITO FEDERAL (INTEIRO)
8895,DISTRITO FEDERAL (INTEIRO)
8896,DISTRITO FEDERAL (INTEIRO)
8897,DISTRITO FEDERAL (INTEIRO)
8898,DISTRITO FEDERAL (INTEIRO)
8899,DISTRITO FEDERAL (INTEIRO)
8900,DISTRITO FEDERAL (INTEIRO)
8901,IV
8902,IV
8903,IV
8904,IV
8905,IV
8906,IV
8907,XIII
8908,DISTRITO FEDERAL (INTEIRO)
8909,DISTRITO FEDERAL (INTEIRO)
8910,DISTRITO FEDERAL (INTEIRO)
8911,V
8912,V
8913,I
8914,I
8915,I
8916,DISTRITO FEDERAL (INTEIRO)
8917,V
8918,DISTRITO FEDERAL (INTEIRO)
8919,V
8920,IX
8921,V
8922,XII
8923,DISTRITO FEDERAL (INTEIRO)
8923,ENTORNO
8923,OUTROS ESTADOS
8924,V
8924,VI
8924,XXXIV
8925,II
8925,XIII
8925,XV
8926,DISTRITO FEDERAL (INTEIRO)
8927,DISTRITO FEDERAL (INTEIRO)
8928,DISTRITO FEDERAL (INTEIRO)
8929,DISTRITO FEDERAL (INTEIRO)
8930,DISTRITO FEDERAL (INTEIRO)
8931,V
8932,V
8933,XXX
8934,IV
8935,DISTRITO FEDERAL (INTEIRO)
8936,DISTRITO FEDERAL (INTEIRO)
8937,DISTRITO FEDERAL (INTEIRO)
8938,DISTRITO FEDERAL (INTEIRO)
8939,DISTRITO FEDERAL (INTEIRO)
8940,V
8941,V
8942,DISTRITO FEDERAL (INTEIRO)
8943,XXX
8944,XX
8945,DISTRITO FEDERAL (INTEIRO)
8946,X
8947,VII
8948,VII
8949,DISTRITO FEDERAL (INTEIRO)
8950,VII
8951,VII
8952,DISTRITO FEDERAL (INTEIRO)
8953,DISTRITO FEDERAL (INTEIRO)
8954,DISTRITO FEDERAL (INTEIRO)
8955,DISTRITO FEDERAL (INTEIRO)
8956,DISTRITO FEDERAL (INTEIRO)
8957,DISTRITO FEDERAL (INTEIRO)
8958,DISTRITO FEDERAL (INTEIRO)
8959,DISTRITO FEDERAL (INTEIRO)
8960,DISTRITO FEDERAL (INTEIRO)
8961,DISTRITO FEDERAL (INTEIRO)
8962,V
8963,II
8964,DISTRITO FEDERAL (INTEIRO)
8965,DISTRITO FEDERAL (INTEIRO)
8966,DISTRITO FEDERAL (INTEIRO)
8967,DISTRITO FEDERAL (INTEIRO)
8968,DISTRITO FEDERAL (INTEIRO)
8969,II
8970,DISTRITO FEDERAL (INTEIRO)
8971,DISTRITO FEDERAL (INTEIRO)
8972,DISTRITO FEDERAL (INTEIRO)
8973,DISTRITO FEDERAL (INTEIRO)
8974,DISTRITO FEDERAL (INTEIRO)
8975,DISTRITO FEDERAL (INTEIRO)
8975,I
8976,DISTRITO FEDERAL (INTEIRO)
8977,DISTRITO FEDERAL (INTEIRO)
8978,VII
8979,DISTRITO FEDERAL (INTEIRO)
8980,V
8981,VII
8982,VI
8983,DISTRITO FEDERAL (INTEIRO)
8984,V
8985,DISTRITO FEDERAL (INTEIRO)
8986,DISTRITO FEDERAL (INTEIRO)
8987,DISTRITO FEDERAL (INTEIRO)
8988,VII
8989,DISTRITO FEDERAL (INTEIRO)
8990,VII
8991,VII
8992,VII
8993,VII
8994,VII
8995,DISTRITO FEDERAL (INTEIRO)
8996,V
8997,V
8998,V
8999,V
9000,V
9001,DISTRITO FEDERAL (INTEIRO)
9002,DISTRITO FEDERAL (INTEIRO)
9003,DISTRITO FEDERAL (INTEIRO)
9004,DISTRITO FEDERAL (INTEIRO)
9005,DISTRITO FEDERAL (INTEIRO)
9006,DISTRITO FEDERAL (INTEIRO)
9007,DISTRITO FEDERAL (INTEIRO)
9008,DISTRITO FEDERAL (INTEIRO)
9009,DISTRITO FEDERAL (INTEIRO)
9010,DISTRITO FEDERAL (INTEIRO)
9011,DISTRITO FEDERAL (INTEIRO)
9012,DISTRITO FEDERAL (INTEIRO)
9013,DISTRITO FEDERAL (INTEIRO)
9014,DISTRITO FEDERAL (INTEIRO)
9015,DISTRITO FEDERAL (INTEIRO)
9016,DISTRITO FEDERAL (INTEIRO)
9017,VII
9018,VII
9019,VII
9020,DISTRITO FEDERAL (INTEIRO)
9021,DISTRITO FEDERAL (INTEIRO)
9022,DISTRITO FEDERAL (INTEIRO)
9023,DISTRITO FEDERAL (INTEIRO)
9024,DISTRITO FEDERAL (INTEIRO)
9025,DISTRITO FEDERAL (INTEIRO)
9026,DISTRITO FEDERAL (INTEIRO)
9027,DISTRITO FEDERAL (INTEIRO)
9028,DISTRITO FEDERAL (INTEIRO)
9029,DISTRITO FEDERAL (INTEIRO)
9030,DISTRITO FEDERAL (INTEIRO)
9031,DISTRITO FEDERAL (INTEIRO)
9032,DISTRITO FEDERAL (INTEIRO)
9033,DISTRITO FEDERAL (INTEIRO)
9034,DISTRITO FEDERAL (INTEIRO)
9035,DISTRITO FEDERAL (INTEIRO)
9036,DISTRITO FEDERAL (INTEIRO)
9037,DISTRITO FEDERAL (INTEIRO)
9038,XVII
9039,XVII
9040,XVII
9041,XVII
9042,XVII
9043,XVII
9044,XVII
9045,XVII
9046,XVII
9047,XVII
9048,XVII
9049,XVII
9050,DISTRITO FEDERAL (INTEIRO)
9051,XXXII
9052,V
9053,XXXI
9054,DISTRITO FEDERAL (INTEIRO)
9055,DISTRITO FEDERAL (INTEIRO)
9056,DISTRITO FEDERAL (INTEIRO)
9057,DISTRITO FEDERAL (INTEIRO)
9058,V
9059,V
9060,XXVI
9061,VII
9062,DISTRITO FEDERAL (INTEIRO)
9063,DISTRITO FEDERAL (INTEIRO)
9064,XXXI
9065,DISTRITO FEDERAL (INTEIRO)
9066,DISTRITO FEDERAL (INTEIRO)
9067,DISTRITO FEDERAL (INTEIRO)
9068,DISTRITO FEDERAL (INTEIRO)
9069,DISTRITO FEDERAL (INTEIRO)
9070,DISTRITO FEDERAL (INTEIRO)
9071,DISTRITO FEDERAL (INTEIRO)
9072,DISTRITO FEDERAL (INTEIRO)
9073,V
9074,V
9075,DISTRITO FEDERAL (INTEIRO)
9076,DISTRITO FEDERAL (INTEIRO)
9077,XII
9078,IX
9079,DISTRITO FEDERAL (INTEIRO)
9080,DISTRITO FEDERAL (INTEIRO)
9081,DISTRITO FEDERAL (INTEIRO)
9081,XIII
9082,DISTRITO FEDERAL (INTEIRO)
9083,V
9084,XXVI
9085,XXVI
9086,DISTRITO FEDERAL (INTEIRO)
9087,XXXII
9088,V
9089,DISTRITO FEDERAL (INTEIRO)
9090,DISTRITO FEDERAL (INTEIRO)
9091,DISTRITO FEDERAL (INTEIRO)
9092,DISTRITO FEDERAL (INTEIRO)
9093,DISTRITO FEDERAL (INTEIRO)
9094,DISTRITO FEDERAL (INTEIRO)
9095,DISTRITO FEDERAL (INTEIRO)
9096,IV
9097,DISTRITO FEDERAL (INTEIRO)
9098,DISTRITO FEDERAL (INTEIRO)
9099,DISTRITO FEDERAL (INTEIRO)
9100,DISTRITO FEDERAL (INTEIRO)
9101,XII
9102,DISTRITO FEDERAL (INTEIRO)
9103,DISTRITO FEDERAL (INTEIRO)
9104,DISTRITO FEDERAL (INTEIRO)
9105,DISTRITO FEDERAL (INTEIRO)
9106,DISTRITO FEDERAL (INTEIRO)
9107,XII
9108,XII
9109,DISTRITO FEDERAL (INTEIRO)
9109,I
9110,DISTRITO FEDERAL (INTEIRO)
9111,XII
9112,DISTRITO FEDERAL (INTEIRO)
9113,DISTRITO FEDERAL (INTEIRO)
9114,DISTRITO FEDERAL (INTEIRO)
9115,DISTRITO FEDERAL (INTEIRO)
9116,XII
9117,XXVII
9118,DISTRITO FEDERAL (INTEIRO)
9119,XII
9120,DISTRITO FEDERAL (INTEIRO)
9121,IX
9122,DISTRITO FEDERAL (INTEIRO)
9123,DISTRITO FEDERAL (INTEIRO)
9124,DISTRITO FEDERAL (INTEIRO)
9125,DISTRITO FEDERAL (INTEIRO)
9126,DISTRITO FEDERAL (INTEIRO)
9127,DISTRITO FEDERAL (INTEIRO)
9128,DISTRITO FEDERAL (INTEIRO)
9128,I
9129,DISTRITO FEDERAL (INTEIRO)
9130,IX
9131,IX
9132,IX
9133,DISTRITO FEDERAL (INTEIRO)
9134,IX
9135,IV
9136,IX
9137,IX
9138,DISTRITO FEDERAL (INTEIRO)
9139,DISTRITO FEDERAL (INTEIRO)
9140,DISTRITO FEDERAL (INTEIRO)
9141,XIII
9142,VII
9143,DISTRITO FEDERAL (INTEIRO)
9144,XIII
9145,DISTRITO FEDERAL (INTEIRO)
9146,DISTRITO FEDERAL (INTEIRO)
9147,DISTRITO FEDERAL (INTEIRO)
9148,DISTRITO FEDERAL (INTEIRO)
9149,XIII
9150,XIII
9151,DISTRITO FEDERAL (INTEIRO)
9152,III
9153,DISTRITO FEDERAL (INTEIRO)
9154,DISTRITO FEDERAL (INTEIRO)
9155,DISTRITO FEDERAL (INTEIRO)
9156,DISTRITO FEDERAL (INTEIRO)
9157,DISTRITO FEDERAL (INTEIRO)
9158,DISTRITO FEDERAL (INTEIRO)
9159,DISTRITO FEDERAL (INTEIRO)
9160,DISTRITO FEDERAL (INTEIRO)
9161,DISTRITO FEDERAL (INTEIRO)
9162,DISTRITO FEDERAL (INTEIRO)
9163,DISTRITO FEDERAL (INTEIRO)
9164,DISTRITO FEDERAL (INTEIRO)
9164,ENTORNO
9165,DISTRITO FEDERAL (INTEIRO)
9166,XXI
9167,IX
9168,DISTRITO FEDERAL (INTEIRO)
9169,V
9170,XXI
9171,XXI
9172,XVII
9173,DISTRITO FEDERAL (INTEIRO)
9174,II
9175,II
9176,II
9177,DISTRITO FEDERAL (INTEIRO)
9178,DISTRITO FEDERAL (INTEIRO)
9179,DISTRITO FEDERAL (INTEIRO)
9179,I
9180,DISTRITO FEDERAL (INTEIRO)
9181,I
9182,DISTRITO FEDERAL (INTEIRO)
9183,DISTRITO FEDERAL (INTEIRO)
9184,DISTRITO FEDERAL (INTEIRO)
9185,DISTRITO FEDERAL (INTEIRO)
9186,DISTRITO FEDERAL (INTEIRO)
9187,II
9188,DISTRITO FEDERAL (INTEIRO)
9189,X
9190,DISTRITO FEDERAL (INTEIRO)
9191,DISTRITO FEDERAL (INTEIRO)
9192,DISTRITO FEDERAL (INTEIRO)
9193,DISTRITO FEDERAL (INTEIRO)
9194,DISTRITO FEDERAL (INTEIRO)
9195,DISTRITO FEDERAL (INTEIRO)
9196,DISTRITO FEDERAL (INTEIRO)
9197,DISTRITO FEDERAL (INTEIRO)
9198,DISTRITO FEDERAL (INTEIRO)
9199,DISTRITO FEDERAL (INTEIRO)
9200,DISTRITO FEDERAL (INTEIRO)
9201,DISTRITO FEDERAL (INTEIRO)
9202,DISTRITO FEDERAL (INTEIRO)
9203,II
9204,DISTRITO FEDERAL (INTEIRO)
9205,XX
9206,DISTRITO FEDERAL (INTEIRO)
9206,XV
9207,I
9208,XIV
9209,DISTRITO FEDERAL (INTEIRO)
9210,DISTRITO FEDERAL (INTEIRO)
9210,XXXII
9211,DISTRITO FEDERAL (INTEIRO)
9211,I
9212,DISTRITO FEDERAL (INTEIRO)
9213,XV
9214,XV
9215,XV
9216,DISTRITO FEDERAL (INTEIRO)
9217,XVI
9217,XVIII
9218,DISTRITO FEDERAL (INTEIRO)
9219,III
9220,XIV
9221,DISTRITO FEDERAL (INTEIRO)
9222,DISTRITO FEDERAL (INTEIRO)
9223,DISTRITO FEDERAL (INTEIRO)
9224,DISTRITO FEDERAL (INTEIRO)
9225,DISTRITO FEDERAL (INTEIRO)
9226,DISTRITO FEDERAL (INTEIRO)
9227,DISTRITO FEDERAL (INTEIRO)
9228,DISTRITO FEDERAL (INTEIRO)
9229,DISTRITO FEDERAL (INTEIRO)
9230,DISTRITO FEDERAL (INTEIRO)
9231,DISTRITO FEDERAL (INTEIRO)
9232,DISTRITO FEDERAL (INTEIRO)
9233,DISTRITO FEDERAL (INTEIRO)
9234,DISTRITO FEDERAL (INTEIRO)
9235,DISTRITO FEDERAL (INTEIRO)
9236,DISTRITO FEDERAL (INTEIRO)
9237,DISTRITO FEDERAL (INTEIRO)
9238,DISTRITO FEDERAL (INTEIRO)
9239,DISTRITO FEDERAL (INTEIRO)
9240,DISTRITO FEDERAL (INTEIRO)
9241,DISTRITO FEDERAL (INTEIRO)
9242,DISTRITO FEDERAL (INTEIRO)
9243,DISTRITO FEDERAL (INTEIRO)
9244,DISTRITO FEDERAL (INTEIRO)
9245,II
9246,DISTRITO FEDERAL (INTEIRO)
9247,DISTRITO FEDERAL (INTEIRO)
9248,DISTRITO FEDERAL (INTEIRO)
9249,DISTRITO FEDERAL (INTEIRO)
9250,DISTRITO FEDERAL (INTEIRO)
9251,II
9252,DISTRITO FEDERAL (INTEIRO)
9253,DISTRITO FEDERAL (INTEIRO)
9253,IX
9254,DISTRITO FEDERAL (INTEIRO)
9254,IX
9255,DISTRITO FEDERAL (INTEIRO)
9256,DISTRITO FEDERAL (INTEIRO)
9257,DISTRITO FEDERAL (INTEIRO)
9258,DISTRITO FEDERAL (INTEIRO)
9259,DISTRITO FEDERAL (INTEIRO)
9260,DISTRITO FEDERAL (INTEIRO)
9261,DISTRITO FEDERAL (INTEIRO)
9262,DISTRITO FEDERAL (INTEIRO)
9263,DISTRITO FEDERAL (INTEIRO)
9264,DISTRITO FEDERAL (INTEIRO)
9265,DISTRITO FEDERAL (INTEIRO)
9266,DISTRITO FEDERAL (INTEIRO)
9267,DISTRITO FEDERAL (INTEIRO)
9268,DISTRITO FEDERAL (INTEIRO)
9269,XIV
9270,DISTRITO FEDERAL (INTEIRO)
9271,DISTRITO FEDERAL (INTEIRO)
9272,XIV
9273,DISTRITO FEDERAL (INTEIRO)
9274,DISTRITO FEDERAL (INTEIRO)
9275,DISTRITO FEDERAL (INTEIRO)
9276,XIII
9277,XIII
9278,XIV
9279,DISTRITO FEDERAL (INTEIRO)
9280,DISTRITO FEDERAL (INTEIRO)
9281,DISTRITO FEDERAL (INTEIRO)
9282,DISTRITO FEDERAL (INTEIRO)
9283,DISTRITO FEDERAL (INTEIRO)
9284,DISTRITO FEDERAL (INTEIRO)
9285,DISTRITO FEDERAL (INTEIRO)
9286,DISTRITO FEDERAL (INTEIRO)
9287,DISTRITO FEDERAL (INTEIRO)
9288,DISTRITO FEDERAL (INTEIRO)
9289,DISTRITO FEDERAL (INTEIRO)
9290,DISTRITO FEDERAL (INTEIRO)
9291,DISTRITO FEDERAL (INTEIRO)
9292,DISTRITO FEDERAL (INTEIRO)
9293,DISTRITO FEDERAL (INTEIRO)
9294,DISTRITO FEDERAL (INTEIRO)
9295,DISTRITO FEDERAL (INTEIRO)
9296,DISTRITO FEDERAL (INTEIRO)
9297,DISTRITO FEDERAL (INTEIRO)
9298,DISTRITO FEDERAL (INTEIRO)
9299,VII
9300,VII
9301,VII
9302,VII
9303,DISTRITO FEDERAL (INTEIRO)
9304,IV
9305,DISTRITO FEDERAL (INTEIRO)
9306,DISTRITO FEDERAL (INTEIRO)
9307,XIII
9308,DISTRITO FEDERAL (INTEIRO)
9309,DISTRITO FEDERAL (INTEIRO)
9310,XIII
9311,XIII
9312,XIII
9313,XIII
9314,DISTRITO FEDERAL (INTEIRO)
9315,II
9316,XXXII
9317,XXXII
9318,XXXII
9319,XXXII
9320,XXXII
9321,XXXII
9322,DISTRITO FEDERAL (INTEIRO)
9323,XXXII
9324,IV
9325,XIII
9326,XXXII
9327,XXVI
9328,DISTRITO FEDERAL (INTEIRO)
9329,IV
9330,DISTRITO FEDERAL (INTEIRO)
9331,XXXII
9332,XXXII
9333,DISTRITO FEDERAL (INTEIRO)
9334,DISTRITO FEDERAL (INTEIRO)
9335,IV
9336,IV
9337,DISTRITO FEDERAL (INTEIRO)
9338,DISTRITO FEDERAL (INTEIRO)
9339,DISTRITO FEDERAL (INTEIRO)
9340,DISTRITO FEDERAL (INTEIRO)
9341,DISTRITO FEDERAL (INTEIRO)
9342,DISTRITO FEDERAL (INTEIRO)
9343,DISTRITO FEDERAL (INTEIRO)
9344,DISTRITO FEDERAL (INTEIRO)
9345,DISTRITO FEDERAL (INTEIRO)
9346,DISTRITO FEDERAL (INTEIRO)
9347,DISTRITO FEDERAL (INTEIRO)
9348,DISTRITO FEDERAL (INTEIRO)
9349,IV
9350,XXVI
9351,IV
9352,IV
9353,IV
9354,DISTRITO FEDERAL (INTEIRO)
9355,IV
9356,DISTRITO FEDERAL (INTEIRO)
9357,IV
9358,DISTRITO FEDERAL (INTEIRO)
9359,IV
9360,IV
9361,DISTRITO FEDERAL (INTEIRO)
9362,IV
9363,DISTRITO FEDERAL (INTEIRO)
9364,DISTRITO FEDERAL (INTEIRO)
9365,DISTRITO FEDERAL (INTEIRO)
9366,DISTRITO FEDERAL (INTEIRO)
9367,XIII
9368,IV
9369,DISTRITO FEDERAL (INTEIRO)
9370,XXVI
9371,X
9372,DISTRITO FEDERAL (INTEIRO)
9373,DISTRITO FEDERAL (INTEIRO)
9374,X
9375,XXVI
9376,VII
9377,VII
9378,ENTORNO
9379,ENTORNO
9380,ENTORNO
9381,ENTORNO
9382,ENTORNO
9383,ENTORNO
9384,XX
9385,IV
9386,DISTRITO FEDERAL (INTEIRO)
9387,DISTRITO FEDERAL (INTEIRO)
9388,DISTRITO FEDERAL (INTEIRO)
9389,DISTRITO FEDERAL (INTEIRO)
9390,DISTRITO FEDERAL (INTEIRO)
9391,DISTRITO FEDERAL (INTEIRO)
9392,DISTRITO FEDERAL (INTEIRO)
9393,DISTRITO FEDERAL (INTEIRO)
9394,DISTRITO FEDERAL (INTEIRO)
9395,DISTRITO FEDERAL (INTEIRO)
9396,DISTRITO FEDERAL (INTEIRO)
9397,DISTRITO FEDERAL (INTEIRO)
9398,VII
9399,DISTRITO FEDERAL (INTEIRO)
9400,DISTRITO FEDERAL (INTEIRO)
9401,DISTRITO FEDERAL (INTEIRO)
9402,DISTRITO FEDERAL (INTEIRO)
9403,DISTRITO FEDERAL (INTEIRO)
9404,DISTRITO FEDERAL (INTEIRO)
9405,DISTRITO FEDERAL (INTEIRO)
9406,DISTRITO FEDERAL (INTEIRO)
9407,DISTRITO FEDERAL (INTEIRO)
9408,DISTRITO FEDERAL (INTEIRO)
9409,I
9410,X
9411,IV
9412,IV
9413,DISTRITO FEDERAL (INTEIRO)
9414,DISTRITO FEDERAL (INTEIRO)
9415,DISTRITO FEDERAL (INTEIRO)
9416,DISTRITO FEDERAL (INTEIRO)
9417,DISTRITO FEDERAL (INTEIRO)
9418,DISTRITO FEDERAL (INTEIRO)
9419,DISTRITO FEDERAL (INTEIRO)
9420,DISTRITO FEDERAL (INTEIRO)
9421,DISTRITO FEDERAL (INTEIRO)
9422,IV
9423,X
9424,X
9425,X
9426,X
9427,X
9428,X
9429,X
9430,XIII
9431,IV
9432,II
9433,VII
9434,XXVI
9435,DISTRITO FEDERAL (INTEIRO)
9436,II
9437,V
9438,V
9439,DISTRITO FEDERAL (INTEIRO)
9440,XXI
9441,V
9442,V
9443,DISTRITO FEDERAL (INTEIRO)
9444,IV
9445,DISTRITO FEDERAL (INTEIRO)
9446,DISTRITO FEDERAL (INTEIRO)
9447,DISTRITO FEDERAL (INTEIRO)
9448,DISTRITO FEDERAL (INTEIRO)
9449,DISTRITO FEDERAL (INTEIRO)
9450,DISTRITO FEDERAL (INTEIRO)
9451,DISTRITO FEDERAL (INTEIRO)
9452,DISTRITO FEDERAL (INTEIRO)
9453,DISTRITO FEDERAL (INTEIRO)
9454,DISTRITO FEDERAL (INTEIRO)
9455,IV
9456,IV
9457,IV
9458,IV
9459,IV
9460,DISTRITO FEDERAL (INTEIRO)
9461,XIV
9462,DISTRITO FEDERAL (INTEIRO)
9463,XXI
9464,DISTRITO FEDERAL (INTEIRO)
9465,IV
9466,DISTRITO FEDERAL (INTEIRO)
9467,IV
9468,DISTRITO FEDERAL (INTEIRO)
9469,V
9470,DISTRITO FEDERAL (INTEIRO)
9471,IV
9472,DISTRITO FEDERAL (INTEIRO)
9473,DISTRITO FEDERAL (INTEIRO)
9474,DISTRITO FEDERAL (INTEIRO)
9475,DISTRITO FEDERAL (INTEIRO)
9475,IV
9476,IV
9477,DISTRITO FEDERAL (INTEIRO)
9478,IV
9479,XXIV
9480,IV
9481,IV
9482,DISTRITO FEDERAL (INTEIRO)
9483,I
9484,I
9485,DISTRITO FEDERAL (INTEIRO)
9486,DISTRITO FEDERAL (INTEIRO)
9487,DISTRITO FEDERAL (INTEIRO)
9487,V
9488,IV
9489,DISTRITO FEDERAL (INTEIRO)
9489,IV
9490,DISTRITO FEDERAL (INTEIRO)
9491,DISTRITO FEDERAL (INTEIRO)
9492,DISTRITO FEDERAL (INTEIRO)
9493,DISTRITO FEDERAL (INTEIRO)
9494,DISTRITO FEDERAL (INTEIRO)
9495,II
9496,II
9497,II
9498,II
9499,II
9500,II
9501,II
9502,II
9503,II
9504,II
9505,II
9506,I
9507,I
9508,I
9509,I
9510,I
9511,XVIII
9512,DISTRITO FEDERAL (INTEIRO)
9513,DISTRITO FEDERAL (INTEIRO)
9514,DISTRITO FEDERAL (INTEIRO)
9515,III
9516,DISTRITO FEDERAL (INTEIRO)
9517,IV
9518,IV
9519,IV
9520,IV
9521,IV
9522,IV
9523,IV
9524,IV
9525,IV
9526,IV
9527,IV
9528,IV
9529,IV
9530,DISTRITO FEDERAL (INTEIRO)
9531,IV
9532,IV
9533,IV
9534,IV
9535,IV
9536,IV
9537,IV
9538,IV
9539,IV
9540,IV
9541,IV
9542,IV
9543,IV
9544,IV
9545,DISTRITO FEDERAL (INTEIRO)
9546,VIII
9547,DISTRITO FEDERAL (INTEIRO)
9548,DISTRITO FEDERAL (INTEIRO)
9549,DISTRITO FEDERAL (INTEIRO)
9550,IV
9551,IV
9552,IV
9553,IV
9554,IV
9555,IX
9556,IX
9557,IV
9558,IV
9559,IV
9560,IV
9561,DISTRITO FEDERAL (INTEIRO)
9562,IV
9563,IV
9564,IV
9565,IV
9566,IV
9567,DISTRITO FEDERAL (INTEIRO)
9568,IV
9569,IV
9570,IV
9571,IV
9572,IV
9573,IV
9574,IV
9575,IV
9576,IV
9577,IV
9578,IV
9579,DISTRITO FEDERAL (INTEIRO)
9580,IV
9581,IV
9582,I
9583,DISTRITO FEDERAL (INTEIRO)
9584,DISTRITO FEDERAL (INTEIRO)
9585,DISTRITO FEDERAL (INTEIRO)
9586,IV
9587,IV
9588,IV
9589,IV
9590,IV
9591,IV
9592,IV
9593,IV
9594,IV
9595,IV
9596,IV
9597,IV
9598,IV
9599,DISTRITO FEDERAL (INTEIRO)
9600,DISTRITO FEDERAL (INTEIRO)
9601,DISTRITO FEDERAL (INTEIRO)
9602,DISTRITO FEDERAL (INTEIRO)
9603,IV
9604,IV
9605,IV
9606,DISTRITO FEDERAL (INTEIRO)
9607,IV
9608,IV
9609,IV
9610,IV
9611,IV
9612,IV
9613,IV
9614,IV
9615,IV
9616,IV
9617,IV
9618,IV
9619,IV
9620,IV
9621,DISTRITO FEDERAL (INTEIRO)
9622,IV
9623,IV
9624,DISTRITO FEDERAL (INTEIRO)
9625,IV
9626,IV
9627,IV
9628,IV
9629,IV
9630,IV
9631,IV
9632,IV
9633,IV
9634,IV
9635,IV
9636,IV
9637,IV
9638,IV
9639,IV
9640,IV
9641,IV
9642,IV
9643,IV
9644,IV
9645,IV
9646,IV
9647,IV
9648,IV
9649,IV
9650,DISTRITO FEDERAL (INTEIRO)
9651,IV
9652,IV
9653,IV
9654,IV
9655,DISTRITO FEDERAL (INTEIRO)
9656,DISTRITO FEDERAL (INTEIRO)
9657,IV
9658,IV
9659,IV
9660,DISTRITO FEDERAL (INTEIRO)
9660,IV
9661,IV
9662,IV
9663,IV
9664,DISTRITO FEDERAL (INTEIRO)
9665,IV
9666,DISTRITO FEDERAL (INTEIRO)
9667,IV
9668,IV
9669,IV
9670,DISTRITO FEDERAL (INTEIRO)
9671,DISTRITO FEDERAL (INTEIRO)
9672,DISTRITO FEDERAL (INTEIRO)
9673,IV
9674,IV
9675,IV
9676,DISTRITO FEDERAL (INTEIRO)
9677,DISTRITO FEDERAL (INTEIRO)
9678,DISTRITO FEDERAL (INTEIRO)
9679,DISTRITO FEDERAL (INTEIRO)
9680,DISTRITO FEDERAL (INTEIRO)
9681,DISTRITO FEDERAL (INTEIRO)
9682,DISTRITO FEDERAL (INTEIRO)
9683,DISTRITO FEDERAL (INTEIRO)
9684,VIII
9685,DISTRITO FEDERAL (INTEIRO)
9686,DISTRITO FEDERAL (INTEIRO)
9687,DISTRITO FEDERAL (INTEIRO)
9688,DISTRITO FEDERAL (INTEIRO)
9689,IV
9690,IV
9691,DISTRITO FEDERAL (INTEIRO)
9692,IV
9693,IV
9694,IV
9695,DISTRITO FEDERAL (INTEIRO)
9696,DISTRITO FEDERAL (INTEIRO)
9697,DISTRITO FEDERAL (INTEIRO)
9698,DISTRITO FEDERAL (INTEIRO)
9699,DISTRITO FEDERAL (INTEIRO)
9700,IV
9701,DISTRITO FEDERAL (INTEIRO)
9702,DISTRITO FEDERAL (INTEIRO)
9703,DISTRITO FEDERAL (INTEIRO)
9704,DISTRITO FEDERAL (INTEIRO)
9705,DISTRITO FEDERAL (INTEIRO)
9706,DISTRITO FEDERAL (INTEIRO)
9707,DISTRITO FEDERAL (INTEIRO)
9708,DISTRITO FEDERAL (INTEIRO)
9709,DISTRITO FEDERAL (INTEIRO)
9710,IV
9711,IV
9712,IV
9713,IV
9714,IV
9715,IV
9716,IV
9717,IV
9718,IV
9719,IV
9720,IV
9721,IV
9722,IV
9723,IV
9724,IV
9725,IV
9726,IV
9727,IV
9728,DISTRITO FEDERAL (INTEIRO)
9729,IV
9730,DISTRITO FEDERAL (INTEIRO)
9731,DISTRITO FEDERAL (INTEIRO)
9732,IV
9733,IV
9734,DISTRITO FEDERAL (INTEIRO)
9735,DISTRITO FEDERAL (INTEIRO)
9736,DISTRITO FEDERAL (INTEIRO)
9737,DISTRITO FEDERAL (INTEIRO)
9738,DISTRITO FEDERAL (INTEIRO)
9739,DISTRITO FEDERAL (INTEIRO)
9740,IV
9741,IV
9742,XXVII
9743,IV
9744,IV
9745,IV
9746,DISTRITO FEDERAL (INTEIRO)
9747,DISTRITO FEDERAL (INTEIRO)
9748,IV
9749,DISTRITO FEDERAL (INTEIRO)
9750,IV
9751,IV
9752,IV
9753,DISTRITO FEDERAL (INTEIRO)
9754,IV
9755,IV
9756,IV
9757,IV
9758,DISTRITO FEDERAL (INTEIRO)
9759,DISTRITO FEDERAL (INTEIRO)
9760,IV
9761,IV
9762,IV
9763,IV
9764,IV
9765,DISTRITO FEDERAL (INTEIRO)
9766,DISTRITO FEDERAL (INTEIRO)
9767,DISTRITO FEDERAL (INTEIRO)
9768,DISTRITO FEDERAL (INTEIRO)
9769,DISTRITO FEDERAL (INTEIRO)
9770,XXI
9771,II
9772,IV
9773,IV
9774,IV
9775,IV
9776,IV
9777,IV
9778,IV
9779,DISTRITO FEDERAL (INTEIRO)
9780,VI
9781,DISTRITO FEDERAL (INTEIRO)
9782,IV
9783,DISTRITO FEDERAL (INTEIRO)
9784,IV
9785,DISTRITO FEDERAL (INTEIRO)
9785,ENTORNO
9786,V
9787,V
9788,V
9789,V
9790,DISTRITO FEDERAL (INTEIRO)
9791,DISTRITO FEDERAL (INTEIRO)
9792,DISTRITO FEDERAL (INTEIRO)
9793,DISTRITO FEDERAL (INTEIRO)
9794,IV
9795,DISTRITO FEDERAL (INTEIRO)
9796,IV
9797,DISTRITO FEDERAL (INTEIRO)
9798,DISTRITO FEDERAL (INTEIRO)
9799,DISTRITO FEDERAL (INTEIRO)
9800,XXXIII
9801,IV
9802,DISTRITO FEDERAL (INTEIRO)
9803,IV
9804,IV
9805,DISTRITO FEDERAL (INTEIRO)
9806,IV
9807,IV
9808,DISTRITO FEDERAL (INTEIRO)
9809,DISTRITO FEDERAL (INTEIRO)
9810,IV
9811,IV
9812,IV
9813,XIV
9814,DISTRITO FEDERAL (INTEIRO)
9815,DISTRITO FEDERAL (INTEIRO)
9816,DISTRITO FEDERAL (INTEIRO)
9817,DISTRITO FEDERAL (INTEIRO)
9818,DISTRITO FEDERAL (INTEIRO)
9819,IV
9820,IV
9821,IV
9822,IV
9823,IV
9824,DISTRITO FEDERAL (INTEIRO)
9825,IV
9826,IV
9827,IV
9828,IV
9829,IV
9830,IV
9831,IV
9832,IV
9833,IV
9834,IV
9835,IV
9836,IV
9837,IV
9838,IV
9839,IV
9840,IV
9841,DISTRITO FEDERAL (INTEIRO)
9842,IV
9843,IV
9844,IV
9845,DISTRITO FEDERAL (INTEIRO)
9846,DISTRITO FEDERAL (INTEIRO)
9847,DISTRITO FEDERAL (INTEIRO)
9848,DISTRITO FEDERAL (INTEIRO)
9849,DISTRITO FEDERAL (INTEIRO)
9850,DISTRITO FEDERAL (INTEIRO)
9851,DISTRITO FEDERAL (INTEIRO)
9852,DISTRITO FEDERAL (INTEIRO)
9853,IV
9854,IV
9855,DISTRITO FEDERAL (INTEIRO)
9856,IV
9857,IV
9858,IV
9859,IV
9860,IV
9861,IV
9862,IV
9863,IV
9864,IV
9865,IV
9866,IV
9867,IV
9868,IV
9869,V
9870,XXVI
9871,DISTRITO FEDERAL (INTEIRO)
9872,DISTRITO FEDERAL (INTEIRO)
9873,XIV
9874,DISTRITO FEDERAL (INTEIRO)
9875,DISTRITO FEDERAL (INTEIRO)
9876,DISTRITO FEDERAL (INTEIRO)
9877,DISTRITO FEDERAL (INTEIRO)
9878,DISTRITO FEDERAL (INTEIRO)
9879,DISTRITO FEDERAL (INTEIRO)
9880,DISTRITO FEDERAL (INTEIRO)
9881,II
9882,DISTRITO FEDERAL (INTEIRO)
9883,DISTRITO FEDERAL (INTEIRO)
9884,DISTRITO FEDERAL (INTEIRO)
9885,IV
9886,DISTRITO FEDERAL (INTEIRO)
9887,II
9888,DISTRITO FEDERAL (INTEIRO)
9889,DISTRITO FEDERAL (INTEIRO)
9890,DISTRITO FEDERAL (INTEIRO)
9891,DISTRITO FEDERAL (INTEIRO)
9892,DISTRITO FEDERAL (INTEIRO)
9893,DISTRITO FEDERAL (INTEIRO)
9894,DISTRITO FEDERAL (INTEIRO)
9895,DISTRITO FEDERAL (INTEIRO)
9896,DISTRITO FEDERAL (INTEIRO)
9897,DISTRITO FEDERAL (INTEIRO)
9898,V
9898,XXVI
9899,DISTRITO FEDERAL (INTEIRO)
9900,DISTRITO FEDERAL (INTEIRO)
9901,DISTRITO FEDERAL (INTEIRO)
9901,XXXII
9902,VI
9903,DISTRITO FEDERAL (INTEIRO)
9904,DISTRITO FEDERAL (INTEIRO)
9905,DISTRITO FEDERAL (INTEIRO)
9906,DISTRITO FEDERAL (INTEIRO)
9907,DISTRITO FEDERAL (INTEIRO)
9908,DISTRITO FEDERAL (INTEIRO)
9909,DISTRITO FEDERAL (INTEIRO)
9910,X
9911,DISTRITO FEDERAL (INTEIRO)
9912,DISTRITO FEDERAL (INTEIRO)
9913,DISTRITO FEDERAL (INTEIRO)
9914,DISTRITO FEDERAL (INTEIRO)
9915,DISTRITO FEDERAL (INTEIRO)
9916,DISTRITO FEDERAL (INTEIRO)
9917,DISTRITO FEDERAL (INTEIRO)
9918,DISTRITO FEDERAL (INTEIRO)
9919,DISTRITO FEDERAL (INTEIRO)
9920,DISTRITO FEDERAL (INTEIRO)
9921,DISTRITO FEDERAL (INTEIRO)
9922,DISTRITO FEDERAL (INTEIRO)
9923,DISTRITO FEDERAL (INTEIRO)
9924,DISTRITO FEDERAL (INTEIRO)
9925,DISTRITO FEDERAL (INTEIRO)
9926,DISTRITO FEDERAL (INTEIRO)
9927,DISTRITO FEDERAL (INTEIRO)
9928,DISTRITO FEDERAL (INTEIRO)
9929,XVIII
9930,IV
9931,DISTRITO FEDERAL (INTEIRO)
9932,DISTRITO FEDERAL (INTEIRO)
9933,DISTRITO FEDERAL (INTEIRO)
9934,DISTRITO FEDERAL (INTEIRO)
9935,DISTRITO FEDERAL (INTEIRO)
9936,DISTRITO FEDERAL (INTEIRO)
9937,XVII
9938,DISTRITO FEDERAL (INTEIRO)
9939,DISTRITO FEDERAL (INTEIRO)
9940,DISTRITO FEDERAL (INTEIRO)
9941,DISTRITO FEDERAL (INTEIRO)
9942,DISTRITO FEDERAL (INTEIRO)
9943,DISTRITO FEDERAL (INTEIRO)
9944,DISTRITO FEDERAL (INTEIRO)
9945,DISTRITO FEDERAL (INTEIRO)
9946,DISTRITO FEDERAL (INTEIRO)
9947,DISTRITO FEDERAL (INTEIRO)
9948,DISTRITO FEDERAL (INTEIRO)
9949,DISTRITO FEDERAL (INTEIRO)
9950,DISTRITO FEDERAL (INTEIRO)
9951,DISTRITO FEDERAL (INTEIRO)
9952,II
9953,II
9954,II
9955,II
9956,II
9957,II
9958,II
9959,II
9960,II
9961,DISTRITO FEDERAL (INTEIRO)
9962,VI
9963,DISTRITO FEDERAL (INTEIRO)
9964,DISTRITO FEDERAL (INTEIRO)
9965,DISTRITO FEDERAL (INTEIRO)
9966,DISTRITO FEDERAL (INTEIRO)
9967,DISTRITO FEDERAL (INTEIRO)
9968,DISTRITO FEDERAL (INTEIRO)
9969,DISTRITO FEDERAL (INTEIRO)
9970,VI
9971,VI
9972,VI
9973,DISTRITO FEDERAL (INTEIRO)
9974,DISTRITO FEDERAL (INTEIRO)
9975,DISTRITO FEDERAL (INTEIRO)
9976,DISTRITO FEDERAL (INTEIRO)
9977,DISTRITO FEDERAL (INTEIRO)
9978,DISTRITO FEDERAL (INTEIRO)
9979,DISTRITO FEDERAL (INTEIRO)
9980,DISTRITO FEDERAL (INTEIRO)
9981,DISTRITO FEDERAL (INTEIRO)
9982,DISTRITO FEDERAL (INTEIRO)
9983,DISTRITO FEDERAL (INTEIRO)
9984,DISTRITO FEDERAL (INTEIRO)
9985,DISTRITO FEDERAL (INTEIRO)
9986,DISTRITO FEDERAL (INTEIRO)
9987,XV
9988,XIV
9989,VII
9990,DISTRITO FEDERAL (INTEIRO)
9991,DISTRITO FEDERAL (INTEIRO)
9992,VI
9993,DISTRITO FEDERAL (INTEIRO)
9994,VI
9995,VI
9996,DISTRITO FEDERAL (INTEIRO)
9997,IV
9998,X
9999,IX
10000,VI
10001,DISTRITO FEDERAL (INTEIRO)
10002,DISTRITO FEDERAL (INTEIRO)
10003,DISTRITO FEDERAL (INTEIRO)
10004,IV
10005,DISTRITO FEDERAL (INTEIRO)
10005,XXX
10006,IV
10007,IV
10008,IV
10009,IV
10010,IV
10011,IV
10012,IV
10013,IV
10014,IV
10015,XXVI
10016,VI
10017,DISTRITO FEDERAL (INTEIRO)
10018,DISTRITO FEDERAL (INTEIRO)
10019,VI
10020,DISTRITO FEDERAL (INTEIRO)
10021,VI
10022,VI
10023,DISTRITO FEDERAL (INTEIRO)
10024,DISTRITO FEDERAL (INTEIRO)
10025,DISTRITO FEDERAL (INTEIRO)
10026,DISTRITO FEDERAL (INTEIRO)
10027,DISTRITO FEDERAL (INTEIRO)
10028,DISTRITO FEDERAL (INTEIRO)
10029,VII
10029,XXVII
10029,XXVIII
10030,DISTRITO FEDERAL (INTEIRO)
10031,DISTRITO FEDERAL (INTEIRO)
10032,DISTRITO FEDERAL (INTEIRO)
10033,DISTRITO FEDERAL (INTEIRO)
10034,DISTRITO FEDERAL (INTEIRO)
10035,DISTRITO FEDERAL (INTEIRO)
10036,DISTRITO FEDERAL (INTEIRO)
10037,DISTRITO FEDERAL (INTEIRO)
10038,XIII
10039,DISTRITO FEDERAL (INTEIRO)
10040,DISTRITO FEDERAL (INTEIRO)
10041,DISTRITO FEDERAL (INTEIRO)
10042,DISTRITO FEDERAL (INTEIRO)
10043,DISTRITO FEDERAL (INTEIRO)
10044,DISTRITO FEDERAL (INTEIRO)
10045,VI
10046,DISTRITO FEDERAL (INTEIRO)
10047,DISTRITO FEDERAL (INTEIRO)
10048,DISTRITO FEDERAL (INTEIRO)
10049,XIII
10050,DISTRITO FEDERAL (INTEIRO)
10051,VI
10052,DISTRITO FEDERAL (INTEIRO)
10053,DISTRITO FEDERAL (INTEIRO)
10054,XXVIII
10055,DISTRITO FEDERAL (INTEIRO)
10056,DISTRITO FEDERAL (INTEIRO)
10057,DISTRITO FEDERAL (INTEIRO)
10058,DISTRITO FEDERAL (INTEIRO)
10059,DISTRITO FEDERAL (INTEIRO)
10060,DISTRITO FEDERAL (INTEIRO)
10061,DISTRITO FEDERAL (INTEIRO)
10062,DISTRITO FEDERAL (INTEIRO)
10063,DISTRITO FEDERAL (INTEIRO)
10064,DISTRITO FEDERAL (INTEIRO)
10065,DISTRITO FEDERAL (INTEIRO)
10066,DISTRITO FEDERAL (INTEIRO)
10067,DISTRITO FEDERAL (INTEIRO)
10068,DISTRITO FEDERAL (INTEIRO)
10069,DISTRITO FEDERAL (INTEIRO)
10070,DISTRITO FEDERAL (INTEIRO)
10071,DISTRITO FEDERAL (INTEIRO)
10072,DISTRITO FEDERAL (INTEIRO)
10073,DISTRITO FEDERAL (INTEIRO)
10074,DISTRITO FEDERAL (INTEIRO)
10075,DISTRITO FEDERAL (INTEIRO)
10076,DISTRITO FEDERAL (INTEIRO)
10077,DISTRITO FEDERAL (INTEIRO)
10078,DISTRITO FEDERAL (INTEIRO)
10079,DISTRITO FEDERAL (INTEIRO)
10080,DISTRITO FEDERAL (INTEIRO)
10081,DISTRITO FEDERAL (INTEIRO)
10082,DISTRITO FEDERAL (INTEIRO)
10083,DISTRITO FEDERAL (INTEIRO)
10084,VI
10085,VI
10086,VI
10087,VI
10088,VI
10089,VI
10090,VI
10091,VI
10092,VI
10093,VI
10094,VI
10095,VI
10096,DISTRITO FEDERAL (INTEIRO)
10097,XXVII
10098,DISTRITO FEDERAL (INTEIRO)
10099,XIV
10100,DISTRITO FEDERAL (INTEIRO)
10101,DISTRITO FEDERAL (INTEIRO)
10102,DISTRITO FEDERAL (INTEIRO)
10103,DISTRITO FEDERAL (INTEIRO)
10104,DISTRITO FEDERAL (INTEIRO)
10105,DISTRITO FEDERAL (INTEIRO)
10106,DISTRITO FEDERAL (INTEIRO)
10107,DISTRITO FEDERAL (INTEIRO)
10108,DISTRITO FEDERAL (INTEIRO)
10109,DISTRITO FEDERAL (INTEIRO)
10110,DISTRITO FEDERAL (INTEIRO)
10111,DISTRITO FEDERAL (INTEIRO)
10112,DISTRITO FEDERAL (INTEIRO)
10113,DISTRITO FEDERAL (INTEIRO)
10114,DISTRITO FEDERAL (INTEIRO)
10115,DISTRITO FEDERAL (INTEIRO)
10116,DISTRITO FEDERAL (INTEIRO)
10117,DISTRITO FEDERAL (INTEIRO)
10118,XVII
10118,XXI
10119,DISTRITO FEDERAL (INTEIRO)
10120,DISTRITO FEDERAL (INTEIRO)
10121,DISTRITO FEDERAL (INTEIRO)
10122,DISTRITO FEDERAL (INTEIRO)
10123,DISTRITO FEDERAL (INTEIRO)
10124,DISTRITO FEDERAL (INTEIRO)
10125,DISTRITO FEDERAL (INTEIRO)
10126,DISTRITO FEDERAL (INTEIRO)
10127,DISTRITO FEDERAL (INTEIRO)
10128,DISTRITO FEDERAL (INTEIRO)
10129,DISTRITO FEDERAL (INTEIRO)
10130,DISTRITO FEDERAL (INTEIRO)
10131,DISTRITO FEDERAL (INTEIRO)
10132,DISTRITO FEDERAL (INTEIRO)
10133,DISTRITO FEDERAL (INTEIRO)
10134,DISTRITO FEDERAL (INTEIRO)
10135,DISTRITO FEDERAL (INTEIRO)
10136,DISTRITO FEDERAL (INTEIRO)
10137,DISTRITO FEDERAL (INTEIRO)
10138,DISTRITO FEDERAL (INTEIRO)
10139,DISTRITO FEDERAL (INTEIRO)
10140,DISTRITO FEDERAL (INTEIRO)
10141,XII
10142,XVI
10143,IX
10144,DISTRITO FEDERAL (INTEIRO)
10145,DISTRITO FEDERAL (INTEIRO)
10146,DISTRITO FEDERAL (INTEIRO)
10147,DISTRITO FEDERAL (INTEIRO)
10148,DISTRITO FEDERAL (INTEIRO)
10149,XXXV
10150,X
10151,II
10152,XV
10153,DISTRITO FEDERAL (INTEIRO)
10154,DISTRITO FEDERAL (INTEIRO)
10155,DISTRITO FEDERAL (INTEIRO)
10156,DISTRITO FEDERAL (INTEIRO)
10157,X
10158,DISTRITO FEDERAL (INTEIRO)
10159,DISTRITO FEDERAL (INTEIRO)
10160,DISTRITO FEDERAL (INTEIRO)
10161,DISTRITO FEDERAL (INTEIRO)
10162,DISTRITO FEDERAL (INTEIRO)
10163,DISTRITO FEDERAL (INTEIRO)
10164,IX
10165,DISTRITO FEDERAL (INTEIRO)
10166,DISTRITO FEDERAL (INTEIRO)
10167,DISTRITO FEDERAL (INTEIRO)
10168,XIV
10169,XIV
10170,DISTRITO FEDERAL (INTEIRO)
10171,DISTRITO FEDERAL (INTEIRO)
10172,DISTRITO FEDERAL (INTEIRO)
10173,DISTRITO FEDERAL (INTEIRO)
10174,DISTRITO FEDERAL (INTEIRO)
10175,DISTRITO FEDERAL (INTEIRO)
10176,DISTRITO FEDERAL (INTEIRO)
10177,II
10178,XXXV
10179,XXXV
10180,XXXV
10181,III
10182,XXXV
10183,XIV
10184,XXXV
10185,XXXV
10186,DISTRITO FEDERAL (INTEIRO)
10187,XXXV
10188,II
10189,XXXV
10190,DISTRITO FEDERAL (INTEIRO)
10191,XXXV
10192,XXXV
10193,II
10194,DISTRITO FEDERAL (INTEIRO)
10195,XXXV
10196,XXXV
10197,II
10198,DISTRITO FEDERAL (INTEIRO)
10199,DISTRITO FEDERAL (INTEIRO)
10200,DISTRITO FEDERAL (INTEIRO)
10201,DISTRITO FEDERAL (INTEIRO)
10202,DISTRITO FEDERAL (INTEIRO)
10203,XIV
10204,XII
10205,DISTRITO FEDERAL (INTEIRO)
10206,DISTRITO FEDERAL (INTEIRO)
10207,DISTRITO FEDERAL (INTEIRO)
10208,DISTRITO FEDERAL (INTEIRO)
10209,XII
10210,IV
10211,IV
10212,DISTRITO FEDERAL (INTEIRO)
10213,DISTRITO FEDERAL (INTEIRO)
10214,DISTRITO FEDERAL (INTEIRO)
10215,III
10216,IV
10217,IV
10218,DISTRITO FEDERAL (INTEIRO)
10219,IV
10220,IV
10221,DISTRITO FEDERAL (INTEIRO)
10222,DISTRITO FEDERAL (INTEIRO)
10223,DISTRITO FEDERAL (INTEIRO)
10224,DISTRITO FEDERAL (INTEIRO)
10225,DISTRITO FEDERAL (INTEIRO)
10226,DISTRITO FEDERAL (INTEIRO)
10227,DISTRITO FEDERAL (INTEIRO)
10228,DISTRITO FEDERAL (INTEIRO)
10229,DISTRITO FEDERAL (INTEIRO)
10230,IV
10231,IV
10232,IV
10233,IV
10234,DISTRITO FEDERAL (INTEIRO)
10235,DISTRITO FEDERAL (INTEIRO)
10236,DISTRITO FEDERAL (INTEIRO)
10237,DISTRITO FEDERAL (INTEIRO)
10238,IV
10239,IV
10240,XIV
10241,XIV
10242,XIV
10243,XXXV
10244,DISTRITO FEDERAL (INTEIRO)
10245,DISTRITO FEDERAL (INTEIRO)
10246,DISTRITO FEDERAL (INTEIRO)
10247,XXXV
10248,XIV
10249,DISTRITO FEDERAL (INTEIRO)
10250,XIV
10251,XIV
10252,V
10253,XXXII
10254,XXVI
10255,XXVI
10256,XXX
10257,DISTRITO FEDERAL (INTEIRO)
10258,XXX
10259,DISTRITO FEDERAL (INTEIRO)
10260,XXX
10261,V
10262,DISTRITO FEDERAL (INTEIRO)
10263,DISTRITO FEDERAL (INTEIRO)
10264,DISTRITO FEDERAL (INTEIRO)
10265,DISTRITO FEDERAL (INTEIRO)
10266,DISTRITO FEDERAL (INTEIRO)
10267,DISTRITO FEDERAL (INTEIRO)
10268,DISTRITO FEDERAL (INTEIRO)
10269,II
10270,X
10271,II
10272,II
10273,II
10274,DISTRITO FEDERAL (INTEIRO)
10275,DISTRITO FEDERAL (INTEIRO)
10276,DISTRITO FEDERAL (INTEIRO)
10277,DISTRITO FEDERAL (INTEIRO)
10278,DISTRITO FEDERAL (INTEIRO)
10279,I
10279,VI
10280,DISTRITO FEDERAL (INTEIRO)
10281,DISTRITO FEDERAL (INTEIRO)
10282,DISTRITO FEDERAL (INTEIRO)
10283,DISTRITO FEDERAL (INTEIRO)
10284,DISTRITO FEDERAL (INTEIRO)
10285,DISTRITO FEDERAL (INTEIRO)
10286,XXVIII
10287,XXVIII
10288,XXVIII
10289,DISTRITO FEDERAL (INTEIRO)
10290,DISTRITO FEDERAL (INTEIRO)
10291,DISTRITO FEDERAL (INTEIRO)
10292,II
10293,II
10294,II
10295,II
10296,II
10297,II
10298,II
10299,II
10300,II
10301,II
10302,II
10303,II
10304,II
10305,II
10306,II
10307,II
10308,II
10309,II
10310,II
10311,II
10312,II
10313,II
10314,II
10315,II
10316,II
10317,II
10318,II
10319,II
10320,II
10321,II
10322,II
10323,II
10324,II
10325,XIII
10326,IV
10327,XIII
10328,DISTRITO FEDERAL (INTEIRO)
10329,I
10330,DISTRITO FEDERAL (INTEIRO)
10331,DISTRITO FEDERAL (INTEIRO)
10332,DISTRITO FEDERAL (INTEIRO)
10333,DISTRITO FEDERAL (INTEIRO)
10334,DISTRITO FEDERAL (INTEIRO)
10335,DISTRITO FEDERAL (INTEIRO)
10336,DISTRITO FEDERAL (INTEIRO)
10337,DISTRITO FEDERAL (INTEIRO)
10338,DISTRITO FEDERAL (INTEIRO)
10339,DISTRITO FEDERAL (INTEIRO)
10340,DISTRITO FEDERAL (INTEIRO)
10341,DISTRITO FEDERAL (INTEIRO)
10342,DISTRITO FEDERAL (INTEIRO)
10343,DISTRITO FEDERAL (INTEIRO)
10344,DISTRITO FEDERAL (INTEIRO)
10345,DISTRITO FEDERAL (INTEIRO)
10346,I
10347,DISTRITO FEDERAL (INTEIRO)
10348,DISTRITO FEDERAL (INTEIRO)
10349,DISTRITO FEDERAL (INTEIRO)
10350,DISTRITO FEDERAL (INTEIRO)
10351,DISTRITO FEDERAL (INTEIRO)
10352,DISTRITO FEDERAL (INTEIRO)
10353,DISTRITO FEDERAL (INTEIRO)
10354,DISTRITO FEDERAL (INTEIRO)
10355,DISTRITO FEDERAL (INTEIRO)
10356,DISTRITO FEDERAL (INTEIRO)
10357,DISTRITO FEDERAL (INTEIRO)
10358,DISTRITO FEDERAL (INTEIRO)
10359,DISTRITO FEDERAL (INTEIRO)
10360,XV
10361,XV
10362,XV
10363,XV
10364,XV
10365,XV
10366,XV
10367,XV
10368,XV
10369,XV
10370,DISTRITO FEDERAL (INTEIRO)
10371,DISTRITO FEDERAL (INTEIRO)
10372,DISTRITO FEDERAL (INTEIRO)
10373,DISTRITO FEDERAL (INTEIRO)
10374,DISTRITO FEDERAL (INTEIRO)
10375,DISTRITO FEDERAL (INTEIRO)
10376,DISTRITO FEDERAL (INTEIRO)
10377,DISTRITO FEDERAL (INTEIRO)
10378,DISTRITO FEDERAL (INTEIRO)
10379,DISTRITO FEDERAL (INTEIRO)
10380,DISTRITO FEDERAL (INTEIRO)
10381,DISTRITO FEDERAL (INTEIRO)
10382,DISTRITO FEDERAL (INTEIRO)
10383,DISTRITO FEDERAL (INTEIRO)
10384,DISTRITO FEDERAL (INTEIRO)
10385,DISTRITO FEDERAL (INTEIRO)
10386,DISTRITO FEDERAL (INTEIRO)
10387,DISTRITO FEDERAL (INTEIRO)
10388,DISTRITO FEDERAL (INTEIRO)
10389,DISTRITO FEDERAL (INTEIRO)
10390,DISTRITO FEDERAL (INTEIRO)
10391,DISTRITO FEDERAL (INTEIRO)
10392,DISTRITO FEDERAL (INTEIRO)
10393,DISTRITO FEDERAL (INTEIRO)
10394,DISTRITO FEDERAL (INTEIRO)
10395,DISTRITO FEDERAL (INTEIRO)
10396,DISTRITO FEDERAL (INTEIRO)
10397,DISTRITO FEDERAL (INTEIRO)
10398,DISTRITO FEDERAL (INTEIRO)
10399,DISTRITO FEDERAL (INTEIRO)
10400,DISTRITO FEDERAL (INTEIRO)
10401,DISTRITO FEDERAL (INTEIRO)
10402,II
10403,XXXV
10404,XXXV
10405,XXXV
10406,XXXV
10407,DISTRITO FEDERAL (INTEIRO)
10408,DISTRITO FEDERAL (INTEIRO)
10409,DISTRITO FEDERAL (INTEIRO)
10410,DISTRITO FEDERAL (INTEIRO)
10411,DISTRITO FEDERAL (INTEIRO)
10412,DISTRITO FEDERAL (INTEIRO)
10413,DISTRITO FEDERAL (INTEIRO)
10414,DISTRITO FEDERAL (INTEIRO)
10415,DISTRITO FEDERAL (INTEIRO)
10416,DISTRITO FEDERAL (INTEIRO)
10417,DISTRITO FEDERAL (INTEIRO)
10418,DISTRITO FEDERAL (INTEIRO)
10419,DISTRITO FEDERAL (INTEIRO)
10420,XXXV
10421,XV
10422,XV
10423,XXI
10424,XIII
10425,DISTRITO FEDERAL (INTEIRO)
10426,XV
10427,XV
10428,DISTRITO FEDERAL (INTEIRO)
10429,DISTRITO FEDERAL (INTEIRO)
10430,DISTRITO FEDERAL (INTEIRO)
10431,DISTRITO FEDERAL (INTEIRO)
10432,DISTRITO FEDERAL (INTEIRO)
10433,DISTRITO FEDERAL (INTEIRO)
10434,DISTRITO FEDERAL (INTEIRO)
10435,DISTRITO FEDERAL (INTEIRO)
10436,DISTRITO FEDERAL (INTEIRO)
10437,DISTRITO FEDERAL (INTEIRO)
10438,DISTRITO FEDERAL (INTEIRO)
10439,DISTRITO FEDERAL (INTEIRO)
10440,DISTRITO FEDERAL (INTEIRO)
10441,XXXI
10442,II
10443,DISTRITO FEDERAL (INTEIRO)
10444,XV
10445,DISTRITO FEDERAL (INTEIRO)
10446,DISTRITO FEDERAL (INTEIRO)
10447,DISTRITO FEDERAL (INTEIRO)
10448,XV
10449,II
10450,XIII
10451,XIII
10452,III
10453,III
10454,XVII
10455,DISTRITO FEDERAL (INTEIRO)
10456,XIII
10457,XV
10458,XIII
10459,XV
10460,XV
10461,II
10462,DISTRITO FEDERAL (INTEIRO)
10463,II
10464,VII
10465,III
10466,XV
10467,II
10468,XXX
10469,XIII
10470,I
10471,II
10472,III
10473,II
10474,XII
10475,XIII
10476,XIII
10477,XIII
10478,XIII
10479,XIII
10480,DISTRITO FEDERAL (INTEIRO)
10481,DISTRITO FEDERAL (INTEIRO)
10482,DISTRITO FEDERAL (INTEIRO)
10483,DISTRITO FEDERAL (INTEIRO)
10484,DISTRITO FEDERAL (INTEIRO)
10485,XIII
10486,XIII
10487,XIII
10488,DISTRITO FEDERAL (INTEIRO)
10488,VII
10489,XIII
10490,XIII
10491,II
10492,DISTRITO FEDERAL (INTEIRO)
10493,II
10494,XIII
10495,XII
10496,DISTRITO FEDERAL (INTEIRO)
10496,XIV
10497,DISTRITO FEDERAL (INTEIRO)
10498,DISTRITO FEDERAL (INTEIRO)
10499,DISTRITO FEDERAL (INTEIRO)
10500,DISTRITO FEDERAL (INTEIRO)
10501,DISTRITO FEDERAL (INTEIRO)
10502,DISTRITO FEDERAL (INTEIRO)
10503,II
10504,III
10505,III
10506,XXI
10507,XXVIII
10508,II
10509,XIII
10510,II
10511,DISTRITO FEDERAL (INTEIRO)
10512,DISTRITO FEDERAL (INTEIRO)
10513,DISTRITO FEDERAL (INTEIRO)
10514,DISTRITO FEDERAL (INTEIRO)
10515,DISTRITO FEDERAL (INTEIRO)
10516,DISTRITO FEDERAL (INTEIRO)
10517,DISTRITO FEDERAL (INTEIRO)
10518,DISTRITO FEDERAL (INTEIRO)
10519,DISTRITO FEDERAL (INTEIRO)
10520,DISTRITO FEDERAL (INTEIRO)
10521,DISTRITO FEDERAL (INTEIRO)
10522,DISTRITO FEDERAL (INTEIRO)
10523,DISTRITO FEDERAL (INTEIRO)
10524,DISTRITO FEDERAL (INTEIRO)
10525,DISTRITO FEDERAL (INTEIRO)
10526,II
10527,XIII
10528,XII
10529,IX
10530,X
10531,XIII
10532,III
10533,XII
10534,XIII
10535,DISTRITO FEDERAL (INTEIRO)
10536,XII
10537,XIII
10538,DISTRITO FEDERAL (INTEIRO)
10539,DISTRITO FEDERAL (INTEIRO)
10540,DISTRITO FEDERAL (INTEIRO)
10541,DISTRITO FEDERAL (INTEIRO)
10542,DISTRITO FEDERAL (INTEIRO)
10543,DISTRITO FEDERAL (INTEIRO)
10543,I
10544,DISTRITO FEDERAL (INTEIRO)
10545,XIII
10546,DISTRITO FEDERAL (INTEIRO)
10546,XII
10547,DISTRITO FEDERAL (INTEIRO)
10548,DISTRITO FEDERAL (INTEIRO)
10549,DISTRITO FEDERAL (INTEIRO)
10550,DISTRITO FEDERAL (INTEIRO)
10551,DISTRITO FEDERAL (INTEIRO)
10552,DISTRITO FEDERAL (INTEIRO)
10553,DISTRITO FEDERAL (INTEIRO)
10554,DISTRITO FEDERAL (INTEIRO)
10555,DISTRITO FEDERAL (INTEIRO)
10556,DISTRITO FEDERAL (INTEIRO)
10557,DISTRITO FEDERAL (INTEIRO)
10558,DISTRITO FEDERAL (INTEIRO)
10558,I
10559,DISTRITO FEDERAL (INTEIRO)
10560,DISTRITO FEDERAL (INTEIRO)
10561,DISTRITO FEDERAL (INTEIRO)
10562,DISTRITO FEDERAL (INTEIRO)
10563,DISTRITO FEDERAL (INTEIRO)
10564,DISTRITO FEDERAL (INTEIRO)
10565,DISTRITO FEDERAL (INTEIRO)
10566,DISTRITO FEDERAL (INTEIRO)
10567,DISTRITO FEDERAL (INTEIRO)
10568,XIII
10569,DISTRITO FEDERAL (INTEIRO)
10570,DISTRITO FEDERAL (INTEIRO)
10571,DISTRITO FEDERAL (INTEIRO)
10572,DISTRITO FEDERAL (INTEIRO)
10573,DISTRITO FEDERAL (INTEIRO)
10574,DISTRITO FEDERAL (INTEIRO)
10575,DISTRITO FEDERAL (INTEIRO)
10576,DISTRITO FEDERAL (INTEIRO)
10577,DISTRITO FEDERAL (INTEIRO)
10578,DISTRITO FEDERAL (INTEIRO)
10579,DISTRITO FEDERAL (INTEIRO)
10580,DISTRITO FEDERAL (INTEIRO)
10581,DISTRITO FEDERAL (INTEIRO)
10582,DISTRITO FEDERAL (INTEIRO)
10583,DISTRITO FEDERAL (INTEIRO)
10584,DISTRITO FEDERAL (INTEIRO)
10585,DISTRITO FEDERAL (INTEIRO)
10586,DISTRITO FEDERAL (INTEIRO)
10587,DISTRITO FEDERAL (INTEIRO)
10588,DISTRITO FEDERAL (INTEIRO)
10589,DISTRITO FEDERAL (INTEIRO)
10590,DISTRITO FEDERAL (INTEIRO)
10591,DISTRITO FEDERAL (INTEIRO)
10592,DISTRITO FEDERAL (INTEIRO)
10593,DISTRITO FEDERAL (INTEIRO)
10594,DISTRITO FEDERAL (INTEIRO)
10595,DISTRITO FEDERAL (INTEIRO)
10596,DISTRITO FEDERAL (INTEIRO)
10597,DISTRITO FEDERAL (INTEIRO)
10598,DISTRITO FEDERAL (INTEIRO)
10599,XXVIII
10600,DISTRITO FEDERAL (INTEIRO)
10601,I
10602,DISTRITO FEDERAL (INTEIRO)
10603,DISTRITO FEDERAL (INTEIRO)
10604,DISTRITO FEDERAL (INTEIRO)
10605,XXXII
10606,V
10606,XXVI
10607,DISTRITO FEDERAL (INTEIRO)
10608,DISTRITO FEDERAL (INTEIRO)
10609,DISTRITO FEDERAL (INTEIRO)
10610,DISTRITO FEDERAL (INTEIRO)
10611,XIII
10612,DISTRITO FEDERAL (INTEIRO)
10613,VI
10614,VI
10615,V
10616,DISTRITO FEDERAL (INTEIRO)
10617,II
10617,IV
10617,IX
10617,V
10617,VI
10617,VII
10617,XIII
10617,XIV
10617,XV
10617,XXI
10617,XXIX
10617,XXVI
10617,XXXII
10618,DISTRITO FEDERAL (INTEIRO)
10619,DISTRITO FEDERAL (INTEIRO)
10620,DISTRITO FEDERAL (INTEIRO)
10621,DISTRITO FEDERAL (INTEIRO)
10622,DISTRITO FEDERAL (INTEIRO)
10623,DISTRITO FEDERAL (INTEIRO)
10624,DISTRITO FEDERAL (INTEIRO)
10625,DISTRITO FEDERAL (INTEIRO)
10626,I
10627,DISTRITO FEDERAL (INTEIRO)
10628,DISTRITO FEDERAL (INTEIRO)
10629,DISTRITO FEDERAL (INTEIRO)
10630,DISTRITO FEDERAL (INTEIRO)
10631,DISTRITO FEDERAL (INTEIRO)
10632,DISTRITO FEDERAL (INTEIRO)
10633,DISTRITO FEDERAL (INTEIRO)
10634,DISTRITO FEDERAL (INTEIRO)
10635,DISTRITO FEDERAL (INTEIRO)
10636,DISTRITO FEDERAL (INTEIRO)
10637,DISTRITO FEDERAL (INTEIRO)
10638,DISTRITO FEDERAL (INTEIRO)
10639,DISTRITO FEDERAL (INTEIRO)
10640,DISTRITO FEDERAL (INTEIRO)
10641,DISTRITO FEDERAL (INTEIRO)
10642,DISTRITO FEDERAL (INTEIRO)
10643,DISTRITO FEDERAL (INTEIRO)
10644,DISTRITO FEDERAL (INTEIRO)
10645,DISTRITO FEDERAL (INTEIRO)
10646,DISTRITO FEDERAL (INTEIRO)
10647,DISTRITO FEDERAL (INTEIRO)
10648,DISTRITO FEDERAL (INTEIRO)
10649,DISTRITO FEDERAL (INTEIRO)
10650,DISTRITO FEDERAL (INTEIRO)
10651,XIII
10652,II
10653,XIII
10654,XII
10655,XIII
10656,XIII
10657,VI
10658,XIV
10659,XIV
10660,XIV
10661,DISTRITO FEDERAL (INTEIRO)
10662,DISTRITO FEDERAL (INTEIRO)
10663,DISTRITO FEDERAL (INTEIRO)
10664,DISTRITO FEDERAL (INTEIRO)
10665,DISTRITO FEDERAL (INTEIRO)
10666,DISTRITO FEDERAL (INTEIRO)
10667,DISTRITO FEDERAL (INTEIRO)
10668,DISTRITO FEDERAL (INTEIRO)
10669,DISTRITO FEDERAL (INTEIRO)
10670,XIV
10671,VI
10672,DISTRITO FEDERAL (INTEIRO)
10673,DISTRITO FEDERAL (INTEIRO)
10674,DISTRITO FEDERAL (INTEIRO)
10675,DISTRITO FEDERAL (INTEIRO)
10676,VI
10677,XXXI
10678,XXXI
10679,XXXI
10680,XXXI
10681,XXXI
10682,XXXI
10683,XXXI
10684,XXXI
10685,DISTRITO FEDERAL (INTEIRO)
10686,DISTRITO FEDERAL (INTEIRO)
10687,VI
10688,V
10688,XXVI
10689,VI
10690,X
10691,DISTRITO FEDERAL (INTEIRO)
10692,VI
10693,VI
10694,DISTRITO FEDERAL (INTEIRO)
10695,DISTRITO FEDERAL (INTEIRO)
10696,XIII
10697,DISTRITO FEDERAL (INTEIRO)
10698,XIII
10699,XIII
10700,III
10701,I
10701,V
10702,DISTRITO FEDERAL (INTEIRO)
10703,III
10704,IX
10705,III
10706,X
10707,II
10708,II
10709,IV
10710,II
10711,VI
10712,DISTRITO FEDERAL (INTEIRO)
10713,VI
10714,II
10715,II
10716,II
10717,VI
10718,VI
10719,DISTRITO FEDERAL (INTEIRO)
10720,VI
10721,DISTRITO FEDERAL (INTEIRO)
10722,VI
10723,VI
10724,VI
10725,VI
10726,DISTRITO FEDERAL (INTEIRO)
10727,DISTRITO FEDERAL (INTEIRO)
10728,DISTRITO FEDERAL (INTEIRO)
10729,DISTRITO FEDERAL (INTEIRO)
10730,XIII
10731,XIII
10732,XIII
10733,DISTRITO FEDERAL (INTEIRO)
10734,DISTRITO FEDERAL (INTEIRO)
10735,DISTRITO FEDERAL (INTEIRO)
10736,DISTRITO FEDERAL (INTEIRO)
10737,DISTRITO FEDERAL (INTEIRO)
10738,DISTRITO FEDERAL (INTEIRO)
10739,DISTRITO FEDERAL (INTEIRO)
10740,DISTRITO FEDERAL (INTEIRO)
10741,DISTRITO FEDERAL (INTEIRO)
10742,DISTRITO FEDERAL (INTEIRO)
10743,DISTRITO FEDERAL (INTEIRO)
10744,DISTRITO FEDERAL (INTEIRO)
10745,DISTRITO FEDERAL (INTEIRO)
10746,DISTRITO FEDERAL (INTEIRO)
10747,DISTRITO FEDERAL (INTEIRO)
10748,DISTRITO FEDERAL (INTEIRO)
10749,VI
10750,VI
10751,DISTRITO FEDERAL (INTEIRO)
10752,DISTRITO FEDERAL (INTEIRO)
10753,VI
10754,VI
10755,VI
10756,DISTRITO FEDERAL (INTEIRO)
10756,VI
10757,VI
10758,VI
10759,XIV
10760,DISTRITO FEDERAL (INTEIRO)
10761,DISTRITO FEDERAL (INTEIRO)
10762,DISTRITO FEDERAL (INTEIRO)
10763,DISTRITO FEDERAL (INTEIRO)
10764,DISTRITO FEDERAL (INTEIRO)
10765,DISTRITO FEDERAL (INTEIRO)
10766,DISTRITO FEDERAL (INTEIRO)
10767,DISTRITO FEDERAL (INTEIRO)
10768,XXVI
10769,VI
10770,XXVI
10771,XXVI
10772,DISTRITO FEDERAL (INTEIRO)
10772,I
10773,XXVI
10774,XXVI
10775,XXVI
10776,VI
10777,VI
10778,DISTRITO FEDERAL (INTEIRO)
10779,XXVI
10780,DISTRITO FEDERAL (INTEIRO)
10781,XXVI
10782,XXVI
10783,VI
10784,VI
10785,VI
10786,XXVI
10787,XXVI
10788,DISTRITO FEDERAL (INTEIRO)
10788,VI
10789,II
10790,II
10791,DISTRITO FEDERAL (INTEIRO)
10792,DISTRITO FEDERAL (INTEIRO)
10793,DISTRITO FEDERAL (INTEIRO)
10794,DISTRITO FEDERAL (INTEIRO)
10795,VI
10796,II
10797,XXVI
10798,DISTRITO FEDERAL (INTEIRO)
10799,DISTRITO FEDERAL (INTEIRO)
10800,DISTRITO FEDERAL (INTEIRO)
10801,DISTRITO FEDERAL (INTEIRO)
10802,DISTRITO FEDERAL (INTEIRO)
10803,DISTRITO FEDERAL (INTEIRO)
10804,DISTRITO FEDERAL (INTEIRO)
10805,DISTRITO FEDERAL (INTEIRO)
10806,II
10807,II
10808,DISTRITO FEDERAL (INTEIRO)
10809,DISTRITO FEDERAL (INTEIRO)
10810,VI
10811,VI
10812,DISTRITO FEDERAL (INTEIRO)
10813,DISTRITO FEDERAL (INTEIRO)
10814,DISTRITO FEDERAL (INTEIRO)
10815,DISTRITO FEDERAL (INTEIRO)
10816,VI
10817,VI
10818,VI
10819,DISTRITO FEDERAL (INTEIRO)
10820,VI
10821,DISTRITO FEDERAL (INTEIRO)
10822,DISTRITO FEDERAL (INTEIRO)
10823,VI
10824,DISTRITO FEDERAL (INTEIRO)
10825,DISTRITO FEDERAL (INTEIRO)
10826,DISTRITO FEDERAL (INTEIRO)
10827,VI
10828,X
10829,XIII
10830,VI
10831,DISTRITO FEDERAL (INTEIRO)
10832,XXIX
10833,VI
10834,IX
10835,IX
10836,IX
10837,XXV
10838,DISTRITO FEDERAL (INTEIRO)
10839,DISTRITO FEDERAL (INTEIRO)
10840,DISTRITO FEDERAL (INTEIRO)
10841,DISTRITO FEDERAL (INTEIRO)
10842,DISTRITO FEDERAL (INTEIRO)
10843,XII
10844,XIII
10845,VI
10846,DISTRITO FEDERAL (INTEIRO)
10847,DISTRITO FEDERAL (INTEIRO)
10848,XIII
10849,DISTRITO FEDERAL (INTEIRO)
10850,XXVIII
10851,XIII
10852,VI
10853,II
10854,XII
10855,DISTRITO FEDERAL (INTEIRO)
10856,II
10857,II
10858,XIV
10859,II
10860,DISTRITO FEDERAL (INTEIRO)
10861,VI
10862,VI
10863,VI
10864,XIII
10865,XIII
10866,VI
10867,XIII
10868,XIII
10869,VI
10870,XIII
10871,XIII
10872,XIII
10873,XIII
10874,XIII
10875,XIII
10876,XIII
10877,XIII
10878,VI
10879,VI
10880,VI
10881,XIII
10882,XIII
10883,VI
10884,XIII
10885,VI
10886,VI
10887,VI
10888,VI
10889,VI
10890,VI
10891,DISTRITO FEDERAL (INTEIRO)
10892,VI
10893,VI
10894,VI
10895,VI
10896,VI
10897,VI
10898,I
10899,XIV
10900,XIV
10901,X
10902,V
10903,VI
10904,VI
10905,V
10906,II
10907,IX
10908,XV
10909,IX
10910,XII
10911,XXX
10912,II
10913,II
10914,XXX
10915,VI
10916,DISTRITO FEDERAL (INTEIRO)
10916,IX
10917,XVII
10918,VI
10919,DISTRITO FEDERAL (INTEIRO)
10920,VI
10921,VI
10922,DISTRITO FEDERAL (INTEIRO)
10923,XIII
10924,XIII
10925,XIII
10926,XIII
10927,XIII
10928,XV
10929,XV
10930,XV
10931,IX
10932,IX
10933,I
10934,VI
10935,IX
10936,VI
10937,IX
10938,IX
10939,IX
10940,XII
10941,VI
10942,XII
10943,XII
10944,XII
10945,XII
10946,III
10947,VI
10948,VI
10949,VI
10950,VI
10951,VI
10952,VI
10953,VI
10954,VI
10955,VI
10956,VI
10957,VI
10958,VI
10959,VI
10960,VI
10961,I
10962,VI
10963,VI
10964,VI
10965,DISTRITO FEDERAL (INTEIRO)
10966,VI
10967,VI
10968,DISTRITO FEDERAL (INTEIRO)
10969,VI
10970,DISTRITO FEDERAL (INTEIRO)
10971,DISTRITO FEDERAL (INTEIRO)
10972,DISTRITO FEDERAL (INTEIRO)
10973,DISTRITO FEDERAL (INTEIRO)
10974,DISTRITO FEDERAL (INTEIRO)
10975,DISTRITO FEDERAL (INTEIRO)
10976,DISTRITO FEDERAL (INTEIRO)
10977,DISTRITO FEDERAL (INTEIRO)
10978,DISTRITO FEDERAL (INTEIRO)
10979,VI
10980,VI
10981,VI
10982,VI
10983,XXXIV
10984,XXXIV
10985,VI
10985,XXXIV
10986,XXXIV
10987,XXXIV
10988,XXXIV
10989,XXXIV
10990,XXXIV
10991,VI
10992,VI
10993,VI
10994,XXXIV
10995,VI
10996,VI
10997,VI
10998,VI
10999,VI
11000,VI
11001,VI
11002,VI
11003,VI
11004,VI
11005,VI
11006,VI
11007,DISTRITO FEDERAL (INTEIRO)
11008,VI
11009,VI
11010,VI
11011,XIV
11012,DISTRITO FEDERAL (INTEIRO)
11013,VI
11014,VI
11015,VI
11016,VI
11017,VI
11018,VI
11019,VI
11020,VI
11021,VI
11022,DISTRITO FEDERAL (INTEIRO)
11023,DISTRITO FEDERAL (INTEIRO)
11024,V
11025,VI
11026,II
11027,II
11028,VI
11029,DISTRITO FEDERAL (INTEIRO)
11029,VI
11030,DISTRITO FEDERAL (INTEIRO)
11030,VI
11031,DISTRITO FEDERAL (INTEIRO)
11031,VI
11032,VI
11033,VI
11034,VI
11035,DISTRITO FEDERAL (INTEIRO)
11035,VI
11036,VI
11037,VI
11038,VI
11039,VI
11040,VI
11041,VI
11042,XIII
11043,XIII
11044,XIII
11045,VI
11046,XIII
11047,II
11048,II
11049,VI
11050,IX
11051,VI
11052,XIII
11053,XX
11054,VI
11055,VI
11056,DISTRITO FEDERAL (INTEIRO)
11057,VI
11058,VI
11059,VI
11060,VI
11061,VI
11062,VI
11062,XXXIV
11063,VI
11064,VI
11065,VI
11066,VI
11067,VI
11068,VI
11069,VI
11070,VI
11071,VI
11072,VI
11073,VI
11073,XXXIV
11074,VI
11075,VI
11076,DISTRITO FEDERAL (INTEIRO)
11077,DISTRITO FEDERAL (INTEIRO)
11078,DISTRITO FEDERAL (INTEIRO)
11079,DISTRITO FEDERAL (INTEIRO)
11080,DISTRITO FEDERAL (INTEIRO)
11081,DISTRITO FEDERAL (INTEIRO)
11082,DISTRITO FEDERAL (INTEIRO)
11083,DISTRITO FEDERAL (INTEIRO)
11084,VI
11085,VI
11086,VI
11087,VI
11088,VI
11089,VI
11090,VI
11091,VI
11092,VI
11093,VI
11094,VI
11095,VI
11096,VI
11097,VI
11098,VI
11099,VI
11100,VI
11101,VI
11102,VI
11103,VI
11104,VI
11105,VI
11105,XXXIV
11106,VI
11107,VI
11108,DISTRITO FEDERAL (INTEIRO)
11109,VI
11110,VI
11111,XX
11112,VI
11113,VI
11114,XXXIV
11115,VI
11116,VI
11117,VI
11118,VI
11119,VI
11120,XXXIV
11121,VI
11122,VI
11123,VI
11124,VI
11125,VI
11125,XXXIV
11126,VI
11127,VI
11127,XXXIV
11128,VI
11129,VI
11130,VI
11130,XXXIV
11131,VI
11132,XXXIV
11133,VI
11134,VI
11135,VI
11136,VI
11137,VI
11138,VI
11139,VI
11140,VI
11141,DISTRITO FEDERAL (INTEIRO)
11142,VI
11143,VI
11144,VI
11145,VI
11146,VI
11146,XXXIV
11147,VI
11148,VI
11149,VI
11149,XXXIV
11150,VI
11151,I
11152,VI
11153,VI
11153,XXXIV
11154,VI
11155,VI
11156,XXXIV
11157,VI
11157,XXXIV
11158,VI
11159,VI
11160,VI
11160,XXXIV
11161,VI
11162,VI
11163,VI
11164,VI
11165,VI
11166,VI
11167,VI
11168,VI
11169,VI
11170,VI
11171,VI
11172,VI
11173,VI
11174,VI
11175,VI
11176,VI
11177,VI
11178,VI
11179,DISTRITO FEDERAL (INTEIRO)
11180,VI
11181,VI
11182,VI
11183,VI
11184,VI
11185,DISTRITO FEDERAL (INTEIRO)
11186,VI
11187,VI
11188,VI
11189,DISTRITO FEDERAL (INTEIRO)
11190,VI
11191,VI
11192,VI
11193,VI
11194,VI
11195,VI
11196,VI
11197,VI
11198,VI
11199,DISTRITO FEDERAL (INTEIRO)
11200,VI
11201,DISTRITO FEDERAL (INTEIRO)
11202,VI
11203,DISTRITO FEDERAL (INTEIRO)
11204,VI
11205,VI
11206,VI
11207,VI
11208,VI
11209,DISTRITO FEDERAL (INTEIRO)
11210,VI
11211,VI
11212,VI
11213,VI
11214,VI
11215,DISTRITO FEDERAL (INTEIRO)
11216,DISTRITO FEDERAL (INTEIRO)
11217,DISTRITO FEDERAL (INTEIRO)
11218,VI
11219,VI
11220,VI
11221,XXXIV
11222,VI
11223,VI
11224,VI
11225,XXXIV
11226,VI
11227,VI
11228,VI
11229,VI
11230,VI
11231,VI
11232,VI
11233,VI
11234,VI
11235,VI
11236,VI
11237,VI
11238,VI
11239,DISTRITO FEDERAL (INTEIRO)
11240,DISTRITO FEDERAL (INTEIRO)
11241,DISTRITO FEDERAL (INTEIRO)
11242,DISTRITO FEDERAL (INTEIRO)
11243,DISTRITO FEDERAL (INTEIRO)
11244,DISTRITO FEDERAL (INTEIRO)
11245,DISTRITO FEDERAL (INTEIRO)
11246,DISTRITO FEDERAL (INTEIRO)
11247,VI
11248,DISTRITO FEDERAL (INTEIRO)
11249,DISTRITO FEDERAL (INTEIRO)
11250,DISTRITO FEDERAL (INTEIRO)
11251,DISTRITO FEDERAL (INTEIRO)
11252,DISTRITO FEDERAL (INTEIRO)
11253,DISTRITO FEDERAL (INTEIRO)
11254,DISTRITO FEDERAL (INTEIRO)
11255,DISTRITO FEDERAL (INTEIRO)
11256,DISTRITO FEDERAL (INTEIRO)
11257,DISTRITO FEDERAL (INTEIRO)
11258,DISTRITO FEDERAL (INTEIRO)
11259,VI
11260,VI
11261,VI
11262,VI
11263,VI
11264,VI
11265,DISTRITO FEDERAL (INTEIRO)
11266,DISTRITO FEDERAL (INTEIRO)
11267,VI
11268,VI
11269,DISTRITO FEDERAL (INTEIRO)
11270,VI
11271,VI
11272,VI
11273,VI
11274,VI
11275,VI
11276,VI
11277,VI
11278,VI
11279,VI
11280,VI
11281,VI
11282,DISTRITO FEDERAL (INTEIRO)
11283,DISTRITO FEDERAL (INTEIRO)
11284,DISTRITO FEDERAL (INTEIRO)
11285,VI
11286,VI
11287,DISTRITO FEDERAL (INTEIRO)
11288,VI
11289,I
11290,DISTRITO FEDERAL (INTEIRO)
11291,VI
11292,VI
11293,VI
11294,DISTRITO FEDERAL (INTEIRO)
11295,DISTRITO FEDERAL (INTEIRO)
11296,DISTRITO FEDERAL (INTEIRO)
11297,DISTRITO FEDERAL (INTEIRO)
11298,DISTRITO FEDERAL (INTEIRO)
11299,DISTRITO FEDERAL (INTEIRO)
11300,VI
11301,VI
11302,XXV
11303,VI
11304,VI
11305,DISTRITO FEDERAL (INTEIRO)
11306,VI
11307,VI
11308,VI
11309,DISTRITO FEDERAL (INTEIRO)
11310,VI
11311,VI
11312,VI
11313,VI
11314,VI
11315,VI
11316,VI
11317,DISTRITO FEDERAL (INTEIRO)
11318,XX
11319,VI
11320,XVII
11321,DISTRITO FEDERAL (INTEIRO)
11322,DISTRITO FEDERAL (INTEIRO)
11323,DISTRITO FEDERAL (INTEIRO)
11324,DISTRITO FEDERAL (INTEIRO)
11325,DISTRITO FEDERAL (INTEIRO)
11326,DISTRITO FEDERAL (INTEIRO)
11327,DISTRITO FEDERAL (INTEIRO)
11328,DISTRITO FEDERAL (INTEIRO)
11329,DISTRITO FEDERAL (INTEIRO)
11330,V
11331,DISTRITO FEDERAL (INTEIRO)
11331,VI
11332,DISTRITO FEDERAL (INTEIRO)
11332,VI
11333,DISTRITO FEDERAL (INTEIRO)
11333,VI
11334,I
11335,XX
11336,XX
11337,XIV
11338,V
11339,V
11340,II
11341,XIII
11342,VI
11343,VI
11344,XX
11345,DISTRITO FEDERAL (INTEIRO)
11346,DISTRITO FEDERAL (INTEIRO)
11347,DISTRITO FEDERAL (INTEIRO)
11348,II
11349,DISTRITO FEDERAL (INTEIRO)
11350,II
11351,II
11352,DISTRITO FEDERAL (INTEIRO)
11353,DISTRITO FEDERAL (INTEIRO)
11354,DISTRITO FEDERAL (INTEIRO)
11355,II
11356,II
11357,VI
11358,XV
11359,XIII
11360,DISTRITO FEDERAL (INTEIRO)
11361,XIII
11362,VI
11363,DISTRITO FEDERAL (INTEIRO)
11364,VI
11365,DISTRITO FEDERAL (INTEIRO)
11366,DISTRITO FEDERAL (INTEIRO)
11367,DISTRITO FEDERAL (INTEIRO)
11368,DISTRITO FEDERAL (INTEIRO)
11369,DISTRITO FEDERAL (INTEIRO)
11370,I
11371,DISTRITO FEDERAL (INTEIRO)
11372,DISTRITO FEDERAL (INTEIRO)
11373,XIII
11374,DISTRITO FEDERAL (INTEIRO)
11375,DISTRITO FEDERAL (INTEIRO)
11376,DISTRITO FEDERAL (INTEIRO)
11377,DISTRITO FEDERAL (INTEIRO)
11378,DISTRITO FEDERAL (INTEIRO)
11379,DISTRITO FEDERAL (INTEIRO)
11380,DISTRITO FEDERAL (INTEIRO)
11381,DISTRITO FEDERAL (INTEIRO)
11382,XIII
11383,XIII
11384,XIII
11385,XIII
11386,XIII
11387,XIII
11388,XIII
11389,XIII
11390,XIII
11391,XIII
11392,XIII
11393,XIII
11394,DISTRITO FEDERAL (INTEIRO)
11395,DISTRITO FEDERAL (INTEIRO)
11396,DISTRITO FEDERAL (INTEIRO)
11397,DISTRITO FEDERAL (INTEIRO)
11398,XIV
11399,DISTRITO FEDERAL (INTEIRO)
11400,II
11401,XIII
11402,II
11403,XIII
11404,IX
11405,XIII
11406,XIII
11407,XXXII
11408,II
11409,XXXII
11410,XXXI
11411,XXXII
11412,II
11413,XXXII
11414,XIII
11415,XIII
11416,XIII
11417,IX
11418,X
11419,II
11420,XII
11421,XII
11422,XIII
11423,DISTRITO FEDERAL (INTEIRO)
11424,XV
11425,II
11426,DISTRITO FEDERAL (INTEIRO)
11427,XIII
11428,XXI
11429,XXV
11430,II
11431,XIII
11432,VI
11433,DISTRITO FEDERAL (INTEIRO)
11434,DISTRITO FEDERAL (INTEIRO)
11435,XXXII
11436,XXXII
11437,II
11438,II
11439,XXXII
11440,DISTRITO FEDERAL (INTEIRO)
11441,II
11442,DISTRITO FEDERAL (INTEIRO)
11443,II
11444,II
11445,IX
11446,XXXII
11447,XIII
11448,IX
11449,DISTRITO FEDERAL (INTEIRO)
11450,XIII
11451,XXXV
11452,XXXV
11453,XXXV
11454,XXXV
11455,XXXV
11456,XXXV
11457,XXXV
11458,XXXV
11459,DISTRITO FEDERAL (INTEIRO)
11460,XXVI
11461,XXVI
11462,XXVI
11463,XXVI
11464,XXVI
11465,XXVI
11466,XXVI
11467,XXVI
11468,DISTRITO FEDERAL (INTEIRO)
11469,DISTRITO FEDERAL (INTEIRO)
11470,DISTRITO FEDERAL (INTEIRO)
11471,DISTRITO FEDERAL (INTEIRO)
11472,DISTRITO FEDERAL (INTEIRO)
11473,DISTRITO FEDERAL (INTEIRO)
11474,VI
11475,XXXII
11476,XIII
11477,XIII
11478,XIII
11479,XIII
11480,DISTRITO FEDERAL (INTEIRO)
11481,DISTRITO FEDERAL (INTEIRO)
11482,DISTRITO FEDERAL (INTEIRO)
11483,DISTRITO FEDERAL (INTEIRO)
11484,DISTRITO FEDERAL (INTEIRO)
11485,DISTRITO FEDERAL (INTEIRO)
11486,DISTRITO FEDERAL (INTEIRO)
11487,DISTRITO FEDERAL (INTEIRO)
11488,DISTRITO FEDERAL (INTEIRO)
11489,DISTRITO FEDERAL (INTEIRO)
11490,DISTRITO FEDERAL (INTEIRO)
11491,XIX
11492,XIX
11493,XIX
11494,XIX
11495,VIII
11496,VIII
11497,VIII
11498,VIII
11499,VII
11500,DISTRITO FEDERAL (INTEIRO)
11501,XIV
11502,V
11503,II
11504,XXXI
11505,DISTRITO FEDERAL (INTEIRO)
11506,XIII
11507,XIII
11508,XIII
11509,XIII
11510,XIII
11511,DISTRITO FEDERAL (INTEIRO)
11512,DISTRITO FEDERAL (INTEIRO)
11513,DISTRITO FEDERAL (INTEIRO)
11514,DISTRITO FEDERAL (INTEIRO)
11515,XIII
11516,XXVII
11517,XIII
11518,DISTRITO FEDERAL (INTEIRO)
11519,DISTRITO FEDERAL (INTEIRO)
11520,DISTRITO FEDERAL (INTEIRO)
11521,XXI
11522,DISTRITO FEDERAL (INTEIRO)
11523,DISTRITO FEDERAL (INTEIRO)
11524,II
11524,XIII
11524,XXIV
11525,DISTRITO FEDERAL (INTEIRO)
11526,DISTRITO FEDERAL (INTEIRO)
11527,DISTRITO FEDERAL (INTEIRO)
11528,DISTRITO FEDERAL (INTEIRO)
11529,DISTRITO FEDERAL (INTEIRO)
11530,XXV
11531,XXV
11532,XXVIII
11533,XII
11534,DISTRITO FEDERAL (INTEIRO)
11535,DISTRITO FEDERAL (INTEIRO)
11536,DISTRITO FEDERAL (INTEIRO)
11537,DISTRITO FEDERAL (INTEIRO)
11538,DISTRITO FEDERAL (INTEIRO)
11539,DISTRITO FEDERAL (INTEIRO)
11540,DISTRITO FEDERAL (INTEIRO)
11541,DISTRITO FEDERAL (INTEIRO)
11542,DISTRITO FEDERAL (INTEIRO)
11543,DISTRITO FEDERAL (INTEIRO)
11544,DISTRITO FEDERAL (INTEIRO)
11545,DISTRITO FEDERAL (INTEIRO)
11546,DISTRITO FEDERAL (INTEIRO)
11547,DISTRITO FEDERAL (INTEIRO)
11548,DISTRITO FEDERAL (INTEIRO)
11549,DISTRITO FEDERAL (INTEIRO)
11550,DISTRITO FEDERAL (INTEIRO)
11551,DISTRITO FEDERAL (INTEIRO)
11552,XVII
11553,XII
11554,IV
11555,X
11556,XIII
11557,DISTRITO FEDERAL (INTEIRO)
11558,DISTRITO FEDERAL (INTEIRO)
11559,IX
11560,DISTRITO FEDERAL (INTEIRO)
11561,DISTRITO FEDERAL (INTEIRO)
11562,DISTRITO FEDERAL (INTEIRO)
11563,DISTRITO FEDERAL (INTEIRO)
11564,DISTRITO FEDERAL (INTEIRO)
11565,DISTRITO FEDERAL (INTEIRO)
11566,DISTRITO FEDERAL (INTEIRO)
11567,DISTRITO FEDERAL (INTEIRO)
11568,XXXI
11569,XXXI
11570,DISTRITO FEDERAL (INTEIRO)
11571,DISTRITO FEDERAL (INTEIRO)
11572,DISTRITO FEDERAL (INTEIRO)
11573,DISTRITO FEDERAL (INTEIRO)
11574,DISTRITO FEDERAL (INTEIRO)
11575,DISTRITO FEDERAL (INTEIRO)
11576,DISTRITO FEDERAL (INTEIRO)
11577,DISTRITO FEDERAL (INTEIRO)
11578,DISTRITO FEDERAL (INTEIRO)
11579,DISTRITO FEDERAL (INTEIRO)
11580,DISTRITO FEDERAL (INTEIRO)
11581,DISTRITO FEDERAL (INTEIRO)
11582,DISTRITO FEDERAL (INTEIRO)
11583,DISTRITO FEDERAL (INTEIRO)
11584,DISTRITO FEDERAL (INTEIRO)
11585,XIV
11586,DISTRITO FEDERAL (INTEIRO)
11587,DISTRITO FEDERAL (INTEIRO)
11588,DISTRITO FEDERAL (INTEIRO)
11589,DISTRITO FEDERAL (INTEIRO)
11590,DISTRITO FEDERAL (INTEIRO)
11591,DISTRITO FEDERAL (INTEIRO)
11592,DISTRITO FEDERAL (INTEIRO)
11593,DISTRITO FEDERAL (INTEIRO)
11594,DISTRITO FEDERAL (INTEIRO)
11595,DISTRITO FEDERAL (INTEIRO)
11596,DISTRITO FEDERAL (INTEIRO)
11597,DISTRITO FEDERAL (INTEIRO)
11598,XIII
11599,XXII
11600,DISTRITO FEDERAL (INTEIRO)
11601,DISTRITO FEDERAL (INTEIRO)
11602,DISTRITO FEDERAL (INTEIRO)
11603,VI
11604,DISTRITO FEDERAL (INTEIRO)
11605,DISTRITO FEDERAL (INTEIRO)
11606,DISTRITO FEDERAL (INTEIRO)
11607,DISTRITO FEDERAL (INTEIRO)
11608,DISTRITO FEDERAL (INTEIRO)
11609,DISTRITO FEDERAL (INTEIRO)
11610,DISTRITO FEDERAL (INTEIRO)
11611,DISTRITO FEDERAL (INTEIRO)
11612,DISTRITO FEDERAL (INTEIRO)
11613,DISTRITO FEDERAL (INTEIRO)
11614,DISTRITO FEDERAL (INTEIRO)
11615,DISTRITO FEDERAL (INTEIRO)
11616,DISTRITO FEDERAL (INTEIRO)
11617,DISTRITO FEDERAL (INTEIRO)
11618,XIII
11619,I
11620,VI
11621,XIII
11622,DISTRITO FEDERAL (INTEIRO)
11623,XIII
11624,XIII
11625,XIII
11626,XIII
11627,XIII
11628,I
11629,DISTRITO FEDERAL (INTEIRO)
11630,XIII
11631,XIII
11632,XXXIV
11633,DISTRITO FEDERAL (INTEIRO)
11634,DISTRITO FEDERAL (INTEIRO)
11635,DISTRITO FEDERAL (INTEIRO)
11636,XIII
11637,XXXIV
11638,DISTRITO FEDERAL (INTEIRO)
11638,VI
11639,XXXIV
11640,XXXIV
11641,XXI
11642,III
11643,DISTRITO FEDERAL (INTEIRO)
11644,DISTRITO FEDERAL (INTEIRO)
11645,III
11646,DISTRITO FEDERAL (INTEIRO)
11647,X
11648,DISTRITO FEDERAL (INTEIRO)
11649,DISTRITO FEDERAL (INTEIRO)
11650,DISTRITO FEDERAL (INTEIRO)
11651,DISTRITO FEDERAL (INTEIRO)
11652,DISTRITO FEDERAL (INTEIRO)
11653,DISTRITO FEDERAL (INTEIRO)
11654,XIII
11655,DISTRITO FEDERAL (INTEIRO)
11656,XIII
11657,XIII
11658,IX
11659,XIII
11660,XIII
11661,III
11662,III
11663,DISTRITO FEDERAL (INTEIRO)
11664,III
11665,III
11666,X
11667,XVII
11668,DISTRITO FEDERAL (INTEIRO)
11669,X
11670,II
11671,DISTRITO FEDERAL (INTEIRO)
11672,II
11673,III
11674,DISTRITO FEDERAL (INTEIRO)
11675,DISTRITO FEDERAL (INTEIRO)
11676,DISTRITO FEDERAL (INTEIRO)
11677,I
11678,DISTRITO FEDERAL (INTEIRO)
11679,DISTRITO FEDERAL (INTEIRO)
11680,II
11681,DISTRITO FEDERAL (INTEIRO)
11682,III
11683,DISTRITO FEDERAL (INTEIRO)
11684,DISTRITO FEDERAL (INTEIRO)
11685,DISTRITO FEDERAL (INTEIRO)
11686,I
11687,III
11688,II
11689,DISTRITO FEDERAL (INTEIRO)
11690,XI
11691,VI
11692,DISTRITO FEDERAL (INTEIRO)
11693,DISTRITO FEDERAL (INTEIRO)
11694,II
11695,XIII
11696,XXVIII
11697,X
11698,DISTRITO FEDERAL (INTEIRO)
11699,DISTRITO FEDERAL (INTEIRO)
11700,DISTRITO FEDERAL (INTEIRO)
11701,DISTRITO FEDERAL (INTEIRO)
11702,DISTRITO FEDERAL (INTEIRO)
11703,DISTRITO FEDERAL (INTEIRO)
11704,DISTRITO FEDERAL (INTEIRO)
11705,DISTRITO FEDERAL (INTEIRO)
11706,DISTRITO FEDERAL (INTEIRO)
11707,DISTRITO FEDERAL (INTEIRO)
11708,DISTRITO FEDERAL (INTEIRO)
11709,XI
11710,DISTRITO FEDERAL (INTEIRO)
11711,DISTRITO FEDERAL (INTEIRO)
11712,DISTRITO FEDERAL (INTEIRO)
11713,VII
11714,XXX
11715,DISTRITO FEDERAL (INTEIRO)
11716,XIII
11717,DISTRITO FEDERAL (INTEIRO)
11718,XIII
11719,XIII
11720,DISTRITO FEDERAL (INTEIRO)
11721,XIII
11722,DISTRITO FEDERAL (INTEIRO)
11723,XII
11724,DISTRITO FEDERAL (INTEIRO)
11725,III
11726,XIX
11727,II
11728,XIII
11729,II
11730,XXI
11731,XV
11732,DISTRITO FEDERAL (INTEIRO)
11733,II
11734,II
11735,II
11736,XX
11737,XII
11738,XIII
11739,II
11740,XII
11741,XXXII
11742,XII
11743,VII
11744,DISTRITO FEDERAL (INTEIRO)
11745,XXIV
11746,XII
11747,XIV
11748,XIV
11749,IX
11750,XIII
11751,DISTRITO FEDERAL (INTEIRO)
11752,DISTRITO FEDERAL (INTEIRO)
11753,DISTRITO FEDERAL (INTEIRO)
11754,DISTRITO FEDERAL (INTEIRO)
11755,DISTRITO FEDERAL (INTEIRO)
11756,DISTRITO FEDERAL (INTEIRO)
11757,DISTRITO FEDERAL (INTEIRO)
11758,DISTRITO FEDERAL (INTEIRO)
11759,DISTRITO FEDERAL (INTEIRO)
11760,DISTRITO FEDERAL (INTEIRO)
11761,DISTRITO FEDERAL (INTEIRO)
11762,DISTRITO FEDERAL (INTEIRO)
11763,DISTRITO FEDERAL (INTEIRO)
11764,DISTRITO FEDERAL (INTEIRO)
11765,DISTRITO FEDERAL (INTEIRO)
11766,DISTRITO FEDERAL (INTEIRO)
11767,DISTRITO FEDERAL (INTEIRO)
11768,DISTRITO FEDERAL (INTEIRO)
11769,DISTRITO FEDERAL (INTEIRO)
11770,DISTRITO FEDERAL (INTEIRO)
11771,DISTRITO FEDERAL (INTEIRO)
11772,DISTRITO FEDERAL (INTEIRO)
11773,XIII
11774,XIII
11775,DISTRITO FEDERAL (INTEIRO)
11776,II
11777,XIII
11778,XII
11779,XII
11780,DISTRITO FEDERAL (INTEIRO)
11781,XXVIII
11782,XIII
11783,XIII
11784,DISTRITO FEDERAL (INTEIRO)
11785,I
11786,IX
11787,IX
11788,XI
11789,XIII
11790,XII
11791,XIII
11792,II
11793,XIII
11794,XIII
11795,XVII
11796,DISTRITO FEDERAL (INTEIRO)
11797,XIII
11798,II
11799,II
11800,XVII
11801,XIII
11802,XII
11803,DISTRITO FEDERAL (INTEIRO)
11804,DISTRITO FEDERAL (INTEIRO)
11805,DISTRITO FEDERAL (INTEIRO)
11806,DISTRITO FEDERAL (INTEIRO)
11807,DISTRITO FEDERAL (INTEIRO)
11808,III
11809,XIII
11810,XIII
11811,XII
11812,DISTRITO FEDERAL (INTEIRO)
11813,XII
11814,XII
11815,XII
11816,DISTRITO FEDERAL (INTEIRO)
11817,XII
11818,XII
11819,DISTRITO FEDERAL (INTEIRO)
11820,XII
11821,DISTRITO FEDERAL (INTEIRO)
11822,DISTRITO FEDERAL (INTEIRO)
11823,DISTRITO FEDERAL (INTEIRO)
11824,DISTRITO FEDERAL (INTEIRO)
11825,DISTRITO FEDERAL (INTEIRO)
11826,DISTRITO FEDERAL (INTEIRO)
11827,DISTRITO FEDERAL (INTEIRO)
11828,DISTRITO FEDERAL (INTEIRO)
11829,DISTRITO FEDERAL (INTEIRO)
11830,XII
11831,DISTRITO FEDERAL (INTEIRO)
11832,DISTRITO FEDERAL (INTEIRO)
11833,XII
11834,XII
11835,XII
11836,XII
11837,XII
11838,XII
11839,DISTRITO FEDERAL (INTEIRO)
11840,XII
11841,XII
11842,DISTRITO FEDERAL (INTEIRO)
11843,XII
11844,XII
11845,VII
11845,XXVIII
11846,XII
11847,IX
11848,II
11849,II
11850,DISTRITO FEDERAL (INTEIRO)
11851,DISTRITO FEDERAL (INTEIRO)
11852,DISTRITO FEDERAL (INTEIRO)
11853,DISTRITO FEDERAL (INTEIRO)
11854,DISTRITO FEDERAL (INTEIRO)
11855,DISTRITO FEDERAL (INTEIRO)
11856,DISTRITO FEDERAL (INTEIRO)
11857,DISTRITO FEDERAL (INTEIRO)
11858,II
11859,II
11860,II
11861,II
11862,DISTRITO FEDERAL (INTEIRO)
11863,XV
11864,XV
11865,DISTRITO FEDERAL (INTEIRO)
11866,XV
11867,DISTRITO FEDERAL (INTEIRO)
11868,XIII
11869,III
11870,XIII
11871,XIII
11872,XXXV
11873,DISTRITO FEDERAL (INTEIRO)
11874,DISTRITO FEDERAL (INTEIRO)
11875,DISTRITO FEDERAL (INTEIRO)
11876,DISTRITO FEDERAL (INTEIRO)
11877,DISTRITO FEDERAL (INTEIRO)
11878,XIV
11879,XII
11880,IX
11881,XII
11882,XII
11883,XII
11884,XII
11885,XIII
11886,XIII
11887,XII
11888,DISTRITO FEDERAL (INTEIRO)
11889,XII
11890,XII
11891,XII
11892,XII
11893,XII
11894,XII
11895,XII
11896,XII
11897,XII
11898,XII
11899,XII
11900,XII
11901,DISTRITO FEDERAL (INTEIRO)
11902,VII
11903,VII
11904,VII
11905,VII
11906,VII
11907,VII
11908,VII
11909,VII
11910,VII
11911,VII
11912,VIII
11913,XXXI
11914,XXXI
11915,XXXI
11916,XXXI
11917,XXXI
11918,XXXI
11919,XXXI
11920,DISTRITO FEDERAL (INTEIRO)
11921,DISTRITO FEDERAL (INTEIRO)
11922,DISTRITO FEDERAL (INTEIRO)
11923,DISTRITO FEDERAL (INTEIRO)
11924,DISTRITO FEDERAL (INTEIRO)
11925,I
11926,DISTRITO FEDERAL (INTEIRO)
11927,DISTRITO FEDERAL (INTEIRO)
11928,DISTRITO FEDERAL (INTEIRO)
11929,DISTRITO FEDERAL (INTEIRO)
11930,DISTRITO FEDERAL (INTEIRO)
11931,DISTRITO FEDERAL (INTEIRO)
11932,DISTRITO FEDERAL (INTEIRO)
11933,DISTRITO FEDERAL (INTEIRO)
11934,DISTRITO FEDERAL (INTEIRO)
11935,DISTRITO FEDERAL (INTEIRO)
11936,DISTRITO FEDERAL (INTEIRO)
11937,XXXI
11938,DISTRITO FEDERAL (INTEIRO)
11939,XXVIII
11940,DISTRITO FEDERAL (INTEIRO)
11941,DISTRITO FEDERAL (INTEIRO)
11942,DISTRITO FEDERAL (INTEIRO)
11943,XXXI
11944,DISTRITO FEDERAL (INTEIRO)
11945,DISTRITO FEDERAL (INTEIRO)
11946,DISTRITO FEDERAL (INTEIRO)
11947,DISTRITO FEDERAL (INTEIRO)
11947,XIV
11948,DISTRITO FEDERAL (INTEIRO)
11949,DISTRITO FEDERAL (INTEIRO)
11950,DISTRITO FEDERAL (INTEIRO)
11951,DISTRITO FEDERAL (INTEIRO)
11952,DISTRITO FEDERAL (INTEIRO)
11953,DISTRITO FEDERAL (INTEIRO)
11954,DISTRITO FEDERAL (INTEIRO)
11955,DISTRITO FEDERAL (INTEIRO)
11956,DISTRITO FEDERAL (INTEIRO)
11957,DISTRITO FEDERAL (INTEIRO)
11958,DISTRITO FEDERAL (INTEIRO)
11959,XIV
11960,XIV
11961,I
11962,XXVI
11963,XXXV
11964,DISTRITO FEDERAL (INTEIRO)
11965,XXXI
11966,XXXI
11967,DISTRITO FEDERAL (INTEIRO)
11968,DISTRITO FEDERAL (INTEIRO)
11969,DISTRITO FEDERAL (INTEIRO)
11970,DISTRITO FEDERAL (INTEIRO)
11971,DISTRITO FEDERAL (INTEIRO)
11972,DISTRITO FEDERAL (INTEIRO)
11973,DISTRITO FEDERAL (INTEIRO)
11974,DISTRITO FEDERAL (INTEIRO)
11975,DISTRITO FEDERAL (INTEIRO)
11976,XXXI
11977,XXXI
11978,XXXI
11979,XXXI
11980,XXXI
11981,XXXI
11982,XXXI
11983,XXXI
11984,XXXI
11985,DISTRITO FEDERAL (INTEIRO)
11986,XXXI
11987,XXXI
11988,XXXI
11989,XXXI
11990,XXXI
11991,XXXI
11992,XXXI
11993,DISTRITO FEDERAL (INTEIRO)
11994,XXXI
11995,XXXI
11996,XXXI
11997,XXXI
11998,XXXI
11999,XXXI
12000,XXXI
12001,XXXI
12002,XXXI
12003,DISTRITO FEDERAL (INTEIRO)
12004,XXXI
12005,XXXI
12006,XXXI
12007,XXXI
12008,XXXI
12009,XXXI
12010,XXXI
12011,XXXI
12012,DISTRITO FEDERAL (INTEIRO)
12013,DISTRITO FEDERAL (INTEIRO)
12014,DISTRITO FEDERAL (INTEIRO)
12015,DISTRITO FEDERAL (INTEIRO)
12016,DISTRITO FEDERAL (INTEIRO)
12017,DISTRITO FEDERAL (INTEIRO)
12018,XXXI
12019,DISTRITO FEDERAL (INTEIRO)
12020,DISTRITO FEDERAL (INTEIRO)
12021,DISTRITO FEDERAL (INTEIRO)
12022,DISTRITO FEDERAL (INTEIRO)
12023,XXXI
12024,XXXI
12025,XXXI
12026,XXXI
12027,XXXI
12028,DISTRITO FEDERAL (INTEIRO)
12028,XXXI
12029,DISTRITO FEDERAL (INTEIRO)
12030,XXXI
12031,XXXI
12032,XXXI
12033,XXXI
12034,XXXI
12035,XXXI
12036,XXXI
12037,XXXI
12038,XXXI
12039,XXXI
12040,XXXI
12041,XXXI
12042,XXXI
12043,DISTRITO FEDERAL (INTEIRO)
12044,DISTRITO FEDERAL (INTEIRO)
12045,XXXI
12046,XXXI
12047,DISTRITO FEDERAL (INTEIRO)
12048,DISTRITO FEDERAL (INTEIRO)
12049,DISTRITO FEDERAL (INTEIRO)
12050,DISTRITO FEDERAL (INTEIRO)
12051,XIV
12052,DISTRITO FEDERAL (INTEIRO)
12053,XXXI
12054,XXXI
12055,XXXI
12056,XXXI
12057,XXXI
12058,XXXI
12059,XXXI
12060,XXXI
12061,XXXI
12062,XIV
12063,DISTRITO FEDERAL (INTEIRO)
12064,DISTRITO FEDERAL (INTEIRO)
12065,XXXI
12066,XXXI
12067,XXXI
12068,XXXI
12069,VI
12070,XXXI
12071,XXXI
12072,XXXI
12073,DISTRITO FEDERAL (INTEIRO)
12074,XXXI
12075,XXXI
12076,XXXI
12077,XXXI
12078,XXXI
12079,DISTRITO FEDERAL (INTEIRO)
12080,DISTRITO FEDERAL (INTEIRO)
12081,DISTRITO FEDERAL (INTEIRO)
12082,DISTRITO FEDERAL (INTEIRO)
12083,DISTRITO FEDERAL (INTEIRO)
12084,XXXI
12085,XXXI
12086,XXXI
12087,XXXI
12088,XXXI
12089,DISTRITO FEDERAL (INTEIRO)
12090,DISTRITO FEDERAL (INTEIRO)
12091,DISTRITO FEDERAL (INTEIRO)
12092,XXXI
12093,XXXI
12094,XXXI
12095,DISTRITO FEDERAL (INTEIRO)
12096,DISTRITO FEDERAL (INTEIRO)
12097,XXXI
12098,XXXI
12099,I
12100,XXXI
12101,XXXI
12102,DISTRITO FEDERAL (INTEIRO)
12103,DISTRITO FEDERAL (INTEIRO)
12104,DISTRITO FEDERAL (INTEIRO)
12105,DISTRITO FEDERAL (INTEIRO)
12106,DISTRITO FEDERAL (INTEIRO)
12107,XXXI
12108,XXXI
12109,II
12110,XXXI
12111,DISTRITO FEDERAL (INTEIRO)
12112,XXXI
12113,XXXI
12114,XXXI
12115,VII
12116,XXXI
12117,XXXI
12118,VI
12119,XXXI
12120,XXXI
12121,XXXI
12122,XXXI
12123,XXXI
12124,DISTRITO FEDERAL (INTEIRO)
12125,XIV
12126,XXXI
12127,DISTRITO FEDERAL (INTEIRO)
12128,XIV
12129,XXXI
12130,XXXI
12131,XXXI
12132,XXXI
12133,XII
12134,XXXI
12135,XXXI
12136,DISTRITO FEDERAL (INTEIRO)
12137,XXXII
12138,DISTRITO FEDERAL (INTEIRO)
12139,DISTRITO FEDERAL (INTEIRO)
12140,XXXI
12141,XXXI
12142,XXXI
12143,XI
12144,XI
12145,XI
12146,XI
12147,XI
12148,XI
12149,XI
12150,XI
12151,XI
12152,XI
12153,XI
12154,XI
12155,XXXI
12156,XXXI
12157,XXXI
12158,XXXI
12159,XXXI
12160,XXXI
12161,DISTRITO FEDERAL (INTEIRO)
12162,XXXI
12163,DISTRITO FEDERAL (INTEIRO)
12164,XXXI
12165,XXXI
12166,XXXI
12167,DISTRITO FEDERAL (INTEIRO)
12168,XXXI
12169,DISTRITO FEDERAL (INTEIRO)
12170,DISTRITO FEDERAL (INTEIRO)
12171,DISTRITO FEDERAL (INTEIRO)
12172,DISTRITO FEDERAL (INTEIRO)
12173,DISTRITO FEDERAL (INTEIRO)
12174,DISTRITO FEDERAL (INTEIRO)
12175,DISTRITO FEDERAL (INTEIRO)
12176,DISTRITO FEDERAL (INTEIRO)
12177,DISTRITO FEDERAL (INTEIRO)
12178,DISTRITO FEDERAL (INTEIRO)
12179,XIII
12180,VI
12181,XIII
12182,XIII
12183,XIII
12184,DISTRITO FEDERAL (INTEIRO)
12185,DISTRITO FEDERAL (INTEIRO)
12186,XIII
12187,XIII
12188,XIII
12189,XIII
12190,XIII
12191,XIII
12192,XIII
12193,DISTRITO FEDERAL (INTEIRO)
12194,DISTRITO FEDERAL (INTEIRO)
12195,DISTRITO FEDERAL (INTEIRO)
12196,DISTRITO FEDERAL (INTEIRO)
12197,DISTRITO FEDERAL (INTEIRO)
12198,DISTRITO FEDERAL (INTEIRO)
12199,DISTRITO FEDERAL (INTEIRO)
12200,DISTRITO FEDERAL (INTEIRO)
12201,DISTRITO FEDERAL (INTEIRO)
12202,DISTRITO FEDERAL (INTEIRO)
12203,DISTRITO FEDERAL (INTEIRO)
12204,DISTRITO FEDERAL (INTEIRO)
12205,DISTRITO FEDERAL (INTEIRO)
12206,DISTRITO FEDERAL (INTEIRO)
12207,DISTRITO FEDERAL (INTEIRO)
12208,DISTRITO FEDERAL (INTEIRO)
12209,XII
12210,DISTRITO FEDERAL (INTEIRO)
12211,DISTRITO FEDERAL (INTEIRO)
12212,DISTRITO FEDERAL (INTEIRO)
12213,DISTRITO FEDERAL (INTEIRO)
12214,II
12215,DISTRITO FEDERAL (INTEIRO)
12216,VI
12217,VI
12218,VI
12219,VI
12220,VI
12221,VI
12222,VI
12223,VI
12224,VI
12225,VI
12226,VI
12227,VI
12228,XV
12229,DISTRITO FEDERAL (INTEIRO)
12230,DISTRITO FEDERAL (INTEIRO)
12231,DISTRITO FEDERAL (INTEIRO)
12232,DISTRITO FEDERAL (INTEIRO)
12233,X
12234,II
12235,XXI
12236,II
12237,DISTRITO FEDERAL (INTEIRO)
12238,DISTRITO FEDERAL (INTEIRO)
12239,DISTRITO FEDERAL (INTEIRO)
12240,DISTRITO FEDERAL (INTEIRO)
12241,XIII
12242,DISTRITO FEDERAL (INTEIRO)
12243,XV
12244,DISTRITO FEDERAL (INTEIRO)
12245,DISTRITO FEDERAL (INTEIRO)
12246,DISTRITO FEDERAL (INTEIRO)
12247,DISTRITO FEDERAL (INTEIRO)
12248,DISTRITO FEDERAL (INTEIRO)
12249,DISTRITO FEDERAL (INTEIRO)
12250,DISTRITO FEDERAL (INTEIRO)
12251,DISTRITO FEDERAL (INTEIRO)
12252,DISTRITO FEDERAL (INTEIRO)
12253,DISTRITO FEDERAL (INTEIRO)
12254,DISTRITO FEDERAL (INTEIRO)
12255,DISTRITO FEDERAL (INTEIRO)
12256,DISTRITO FEDERAL (INTEIRO)
12257,XIII
12258,XIII
12259,XIII
12260,XIII
12261,XIII
12262,XIII
12263,XIII
12264,DISTRITO FEDERAL (INTEIRO)
12265,XIII
12266,XIII
12267,XIII
12268,XXI
12269,XIII
12270,XIII
12271,DISTRITO FEDERAL (INTEIRO)
12272,XXXII
12273,DISTRITO FEDERAL (INTEIRO)
12274,II
12275,XII
12276,DISTRITO FEDERAL (INTEIRO)
12277,XII
12278,DISTRITO FEDERAL (INTEIRO)
12279,DISTRITO FEDERAL (INTEIRO)
12280,II
12281,II
12282,DISTRITO FEDERAL (INTEIRO)
12283,II
12284,II
12285,II
12286,II
12287,II
12288,DISTRITO FEDERAL (INTEIRO)
12289,III
12290,III
12291,III
12292,V
12293,II
12294,V
12295,V
12296,XXVI
12297,II
12298,XXVI
12299,DISTRITO FEDERAL (INTEIRO)
12300,DISTRITO FEDERAL (INTEIRO)
12301,DISTRITO FEDERAL (INTEIRO)
12302,DISTRITO FEDERAL (INTEIRO)
12303,DISTRITO FEDERAL (INTEIRO)
12304,XX
12305,XX
12306,DISTRITO FEDERAL (INTEIRO)
12307,DISTRITO FEDERAL (INTEIRO)
12308,DISTRITO FEDERAL (INTEIRO)
12309,DISTRITO FEDERAL (INTEIRO)
12310,III
12311,XXX
12312,DISTRITO FEDERAL (INTEIRO)
12313,XXXV
12314,DISTRITO FEDERAL (INTEIRO)
12315,III
12316,III
12317,XIII
12318,III
12319,III
12320,III
12321,III
12322,III
12323,III
12324,III
12325,III
12326,III
12327,III
12328,III
12329,DISTRITO FEDERAL (INTEIRO)
12330,IX
12331,IX
12332,DISTRITO FEDERAL (INTEIRO)
12333,IX
12334,IX
12335,DISTRITO FEDERAL (INTEIRO)
12336,IX
12337,XIV
12338,II
12339,XV
12340,II
12341,XXXII
12342,DISTRITO FEDERAL (INTEIRO)
12343,XXXV
12344,DISTRITO FEDERAL (INTEIRO)
12345,DISTRITO FEDERAL (INTEIRO)
12346,XX
12347,OUTROS ESTADOS
12348,II
12349,DISTRITO FEDERAL (INTEIRO)
12349,OUTROS ESTADOS
12350,DISTRITO FEDERAL (INTEIRO)
12351,XV
12352,DISTRITO FEDERAL (INTEIRO)
12353,DISTRITO FEDERAL (INTEIRO)
12354,XIV
12355,XIII
12356,II
12357,DISTRITO FEDERAL (INTEIRO)
12358,XV
12359,DISTRITO FEDERAL (INTEIRO)
12360,DISTRITO FEDERAL (INTEIRO)
12361,II
12362,DISTRITO FEDERAL (INTEIRO)
12363,DISTRITO FEDERAL (INTEIRO)
12364,DISTRITO FEDERAL (INTEIRO)
12365,DISTRITO FEDERAL (INTEIRO)
12366,II
12367,XII
12368,XII
12369,II
12370,XIII
12371,XIII
12372,DISTRITO FEDERAL (INTEIRO)
12373,IX
12374,III
12375,XIII
12376,III
12377,XXXII
12378,DISTRITO FEDERAL (INTEIRO)
12379,DISTRITO FEDERAL (INTEIRO)
12380,DISTRITO FEDERAL (INTEIRO)
12381,DISTRITO FEDERAL (INTEIRO)
12382,DISTRITO FEDERAL (INTEIRO)
12383,DISTRITO FEDERAL (INTEIRO)
12384,DISTRITO FEDERAL (INTEIRO)
12385,DISTRITO FEDERAL (INTEIRO)
12386,DISTRITO FEDERAL (INTEIRO)
12387,DISTRITO FEDERAL (INTEIRO)
12388,DISTRITO FEDERAL (INTEIRO)
12389,DISTRITO FEDERAL (INTEIRO)
12390,II
12391,XIV
12392,XIV
12393,XII
12394,XIV
12395,DISTRITO FEDERAL (INTEIRO)
12396,DISTRITO FEDERAL (INTEIRO)
12397,DISTRITO FEDERAL (INTEIRO)
12398,DISTRITO FEDERAL (INTEIRO)
12399,DISTRITO FEDERAL (INTEIRO)
12400,DISTRITO FEDERAL (INTEIRO)
12401,DISTRITO FEDERAL (INTEIRO)
12402,DISTRITO FEDERAL (INTEIRO)
12403,DISTRITO FEDERAL (INTEIRO)
12404,DISTRITO FEDERAL (INTEIRO)
12405,XV
12406,XV
12407,VI
12408,XV
12409,DISTRITO FEDERAL (INTEIRO)
12410,VI
12411,XIII
12412,VI
12413,XIV
12414,V
12415,V
12416,VI
12417,DISTRITO FEDERAL (INTEIRO)
12418,V
12419,V
12420,DISTRITO FEDERAL (INTEIRO)
12421,DISTRITO FEDERAL (INTEIRO)
12422,DISTRITO FEDERAL (INTEIRO)
12423,XXIV
12424,DISTRITO FEDERAL (INTEIRO)
12425,VIII
12426,DISTRITO FEDERAL (INTEIRO)
12427,VIII
12428,XIII
12429,VIII
12430,XIII
12431,XX
12432,X
12433,II
12434,I
12435,DISTRITO FEDERAL (INTEIRO)
12436,XII
12437,XX
12438,XI
12439,IX
12440,IX
12441,XIII
12442,IX
12443,XIII
12444,DISTRITO FEDERAL (INTEIRO)
12445,XXXII
12446,XII
12447,XIII
12448,XII
12449,DISTRITO FEDERAL (INTEIRO)
12450,XIII
12451,XIII
12452,DISTRITO FEDERAL (INTEIRO)
12453,XIII
12454,DISTRITO FEDERAL (INTEIRO)
12455,XXVI
12456,XIII
12457,DISTRITO FEDERAL (INTEIRO)
12458,DISTRITO FEDERAL (INTEIRO)
12459,V
12460,XIII
12461,XIII
12462,II
12463,II
12464,DISTRITO FEDERAL (INTEIRO)
12465,XII
12466,XV
12467,V
12468,I
12469,XXX
12470,XII
12471,XXX
12472,DISTRITO FEDERAL (INTEIRO)
12473,DISTRITO FEDERAL (INTEIRO)
12474,DISTRITO FEDERAL (INTEIRO)
12475,DISTRITO FEDERAL (INTEIRO)
12476,DISTRITO FEDERAL (INTEIRO)
12477,DISTRITO FEDERAL (INTEIRO)
12478,DISTRITO FEDERAL (INTEIRO)
12479,DISTRITO FEDERAL (INTEIRO)
12480,DISTRITO FEDERAL (INTEIRO)
12481,DISTRITO FEDERAL (INTEIRO)
12482,DISTRITO FEDERAL (INTEIRO)
12483,DISTRITO FEDERAL (INTEIRO)
12484,DISTRITO FEDERAL (INTEIRO)
12485,XV
12486,XV
12487,XII
12488,XII
12489,I
12490,II
12491,XII
12492,XV
12493,III
12494,XII
12495,XIII
12496,XIII
12497,DISTRITO FEDERAL (INTEIRO)
12498,XIII
12499,XIII
12500,XXVI
12501,XIII
12502,XIII
12503,XIII
12504,XXVI
12505,XIII
12506,XXVI
12507,XXVI
12508,II
12509,II
12510,II
12511,II
12512,II
12513,DISTRITO FEDERAL (INTEIRO)
12514,II
12515,I
12516,XXI
12517,DISTRITO FEDERAL (INTEIRO)
12518,II
12519,XXI
12520,XIII
12521,XVII
12522,II
12523,IV
12524,VI
12525,IX
12526,IX
12527,XIV
12528,XXVII
12529,I
12530,DISTRITO FEDERAL (INTEIRO)
12531,DISTRITO FEDERAL (INTEIRO)
12532,DISTRITO FEDERAL (INTEIRO)
12533,DISTRITO FEDERAL (INTEIRO)
12534,DISTRITO FEDERAL (INTEIRO)
12535,DISTRITO FEDERAL (INTEIRO)
12536,DISTRITO FEDERAL (INTEIRO)
12537,VII
12538,VII
12539,VII
12540,VII
12541,II
12542,II
12543,II
12544,II
12545,II
12546,II
12547,II
12548,II
12549,II
12550,II
12551,II
12552,DISTRITO FEDERAL (INTEIRO)
12553,DISTRITO FEDERAL (INTEIRO)
12554,DISTRITO FEDERAL (INTEIRO)
12555,DISTRITO FEDERAL (INTEIRO)
12556,DISTRITO FEDERAL (INTEIRO)
12557,DISTRITO FEDERAL (INTEIRO)
12558,DISTRITO FEDERAL (INTEIRO)
12559,DISTRITO FEDERAL (INTEIRO)
12560,DISTRITO FEDERAL (INTEIRO)
12561,DISTRITO FEDERAL (INTEIRO)
12562,DISTRITO FEDERAL (INTEIRO)
12563,DISTRITO FEDERAL (INTEIRO)
12564,DISTRITO FEDERAL (INTEIRO)
12565,DISTRITO FEDERAL (INTEIRO)
12566,DISTRITO FEDERAL (INTEIRO)
12567,DISTRITO FEDERAL (INTEIRO)
12568,DISTRITO FEDERAL (INTEIRO)
12569,DISTRITO FEDERAL (INTEIRO)
12570,DISTRITO FEDERAL (INTEIRO)
12571,DISTRITO FEDERAL (INTEIRO)
12572,DISTRITO FEDERAL (INTEIRO)
12573,DISTRITO FEDERAL (INTEIRO)
12574,XIII
12575,XIII
12576,I
12577,DISTRITO FEDERAL (INTEIRO)
12578,XIII
12579,DISTRITO FEDERAL (INTEIRO)
12580,XIII
12581,XIII
12582,XIII
12583,DISTRITO FEDERAL (INTEIRO)
12584,DISTRITO FEDERAL (INTEIRO)
12585,DISTRITO FEDERAL (INTEIRO)
12586,DISTRITO FEDERAL (INTEIRO)
12587,DISTRITO FEDERAL (INTEIRO)
12588,XIII
12589,DISTRITO FEDERAL (INTEIRO)
12590,XIII
12591,XIII
12592,DISTRITO FEDERAL (INTEIRO)
12593,DISTRITO FEDERAL (INTEIRO)
12594,DISTRITO FEDERAL (INTEIRO)
12595,DISTRITO FEDERAL (INTEIRO)
12596,DISTRITO FEDERAL (INTEIRO)
12597,DISTRITO FEDERAL (INTEIRO)
12598,DISTRITO FEDERAL (INTEIRO)
12599,DISTRITO FEDERAL (INTEIRO)
12600,DISTRITO FEDERAL (INTEIRO)
12601,DISTRITO FEDERAL (INTEIRO)
12602,II
12603,II
12604,V
12605,II
12606,DISTRITO FEDERAL (INTEIRO)
12607,XIV
12608,III
12609,XIV
12610,VII
12611,DISTRITO FEDERAL (INTEIRO)
12612,DISTRITO FEDERAL (INTEIRO)
12613,DISTRITO FEDERAL (INTEIRO)
12614,DISTRITO FEDERAL (INTEIRO)
12615,DISTRITO FEDERAL (INTEIRO)
12616,VII
12617,I
12618,XXVIII
12619,IX
12620,XI
12621,DISTRITO FEDERAL (INTEIRO)
12622,XVI
12623,XXV
12624,DISTRITO FEDERAL (INTEIRO)
12625,XXVI
12626,XXVI
12627,XXVI
12628,II
12629,VI
12630,XXII
12631,VII
12632,XXI
12633,DISTRITO FEDERAL (INTEIRO)
12634,DISTRITO FEDERAL (INTEIRO)
12635,DISTRITO FEDERAL (INTEIRO)
12636,DISTRITO FEDERAL (INTEIRO)
12637,DISTRITO FEDERAL (INTEIRO)
12638,DISTRITO FEDERAL (INTEIRO)
12639,DISTRITO FEDERAL (INTEIRO)
12640,DISTRITO FEDERAL (INTEIRO)
12641,DISTRITO FEDERAL (INTEIRO)
12642,DISTRITO FEDERAL (INTEIRO)
12643,DISTRITO FEDERAL (INTEIRO)
12644,VI
12644,XXXIV
12645,I
12646,I
12647,XV
12648,XXXV
12649,XXXV
12650,XXXV
12651,X
12652,DISTRITO FEDERAL (INTEIRO)
12653,VIII
12654,VIII
12655,VIII
12656,VIII
12657,VIII
12658,VIII
12659,VIII
12660,VIII
12661,DISTRITO FEDERAL (INTEIRO)
12662,XVIII
12663,XVIII
12664,I
12665,XX
12666,I
12667,XIII
12668,X
12669,XX
12670,XIII
12671,XII
12672,XIII
12673,DISTRITO FEDERAL (INTEIRO)
12674,DISTRITO FEDERAL (INTEIRO)
12675,DISTRITO FEDERAL (INTEIRO)
12676,XIII
12677,XIII
12678,XXI
12679,X
12680,DISTRITO FEDERAL (INTEIRO)
12681,DISTRITO FEDERAL (INTEIRO)
12682,DISTRITO FEDERAL (INTEIRO)
12683,DISTRITO FEDERAL (INTEIRO)
12684,DISTRITO FEDERAL (INTEIRO)
12685,DISTRITO FEDERAL (INTEIRO)
12686,DISTRITO FEDERAL (INTEIRO)
12687,DISTRITO FEDERAL (INTEIRO)
12688,DISTRITO FEDERAL (INTEIRO)
12689,XXVI
12690,II
12691,XIII
12692,XXXIII
12693,XIII
12694,I
12695,DISTRITO FEDERAL (INTEIRO)
12696,I
12697,XII
12698,XII
12699,XIII
12700,XII
12701,DISTRITO FEDERAL (INTEIRO)
12702,XIII
12703,DISTRITO FEDERAL (INTEIRO)
12704,DISTRITO FEDERAL (INTEIRO)
12705,DISTRITO FEDERAL (INTEIRO)
12706,DISTRITO FEDERAL (INTEIRO)
12707,DISTRITO FEDERAL (INTEIRO)
12708,DISTRITO FEDERAL (INTEIRO)
12709,XIV
12710,XIII
12711,XII
12712,IX
12713,XXXII
12714,XIII
12715,XXVI
12716,XII
12717,XII
12718,XX
12719,XXI
12720,XXXIII
12721,XIII
12722,IX
12723,XXVII
12724,XIII
12725,XXI
12726,XII
12727,DISTRITO FEDERAL (INTEIRO)
12728,II
12729,DISTRITO FEDERAL (INTEIRO)
12730,XXV
12731,IX
12732,XIII
12733,XXVIII
12734,XIV
12735,XV
12736,DISTRITO FEDERAL (INTEIRO)
12737,XII
12738,XIII
12739,XII
12740,IX
12741,II
12742,XIV
12743,V
12744,DISTRITO FEDERAL (INTEIRO)
12745,VI
12746,XII
12747,DISTRITO FEDERAL (INTEIRO)
12748,DISTRITO FEDERAL (INTEIRO)
12749,DISTRITO FEDERAL (INTEIRO)
12750,DISTRITO FEDERAL (INTEIRO)
12751,DISTRITO FEDERAL (INTEIRO)
12752,DISTRITO FEDERAL (INTEIRO)
12753,DISTRITO FEDERAL (INTEIRO)
12754,DISTRITO FEDERAL (INTEIRO)
12755,DISTRITO FEDERAL (INTEIRO)
12756,DISTRITO FEDERAL (INTEIRO)
12757,V
12758,III
12759,VI
12760,XIV
12761,XII
12762,XII
12763,DISTRITO FEDERAL (INTEIRO)
12764,VI
12765,DISTRITO FEDERAL (INTEIRO)
12766,DISTRITO FEDERAL (INTEIRO)
12767,XV
12768,DISTRITO FEDERAL (INTEIRO)
12769,DISTRITO FEDERAL (INTEIRO)
12770,IV
12771,IV
12772,IV
12773,IV
12774,IV
12775,IV
12776,IV
12777,IV
12778,DISTRITO FEDERAL (INTEIRO)
12779,XXX
12780,DISTRITO FEDERAL (INTEIRO)
12781,DISTRITO FEDERAL (INTEIRO)
12782,IX
12783,IX
12784,IX
12785,IX
12786,IX
12787,IX
12788,IX
12789,IX
12790,DISTRITO FEDERAL (INTEIRO)
12791,DISTRITO FEDERAL (INTEIRO)
12792,DISTRITO FEDERAL (INTEIRO)
12793,DISTRITO FEDERAL (INTEIRO)
12794,DISTRITO FEDERAL (INTEIRO)
12795,DISTRITO FEDERAL (INTEIRO)
12796,DISTRITO FEDERAL (INTEIRO)
12797,DISTRITO FEDERAL (INTEIRO)
12798,DISTRITO FEDERAL (INTEIRO)
12799,DISTRITO FEDERAL (INTEIRO)
12800,DISTRITO FEDERAL (INTEIRO)
12801,DISTRITO FEDERAL (INTEIRO)
12802,DISTRITO FEDERAL (INTEIRO)
12803,DISTRITO FEDERAL (INTEIRO)
12804,DISTRITO FEDERAL (INTEIRO)
12805,DISTRITO FEDERAL (INTEIRO)
12806,DISTRITO FEDERAL (INTEIRO)
12807,DISTRITO FEDERAL (INTEIRO)
12808,DISTRITO FEDERAL (INTEIRO)
12809,VI
12810,DISTRITO FEDERAL (INTEIRO)
12811,DISTRITO FEDERAL (INTEIRO)
12812,DISTRITO FEDERAL (INTEIRO)
12813,DISTRITO FEDERAL (INTEIRO)
12814,DISTRITO FEDERAL (INTEIRO)
12815,DISTRITO FEDERAL (INTEIRO)
12816,DISTRITO FEDERAL (INTEIRO)
12817,DISTRITO FEDERAL (INTEIRO)
12818,DISTRITO FEDERAL (INTEIRO)
12819,DISTRITO FEDERAL (INTEIRO)
12820,DISTRITO FEDERAL (INTEIRO)
12821,DISTRITO FEDERAL (INTEIRO)
12822,DISTRITO FEDERAL (INTEIRO)
12823,DISTRITO FEDERAL (INTEIRO)
12824,VII
12825,XIV
12826,DISTRITO FEDERAL (INTEIRO)
12827,DISTRITO FEDERAL (INTEIRO)
12828,XXI
12829,V
12830,XIII
12831,XXX
12832,DISTRITO FEDERAL (INTEIRO)
12833,III
12834,II
12835,XIII
12836,II
12837,IX
12838,XIII
12839,XIII
12840,DISTRITO FEDERAL (INTEIRO)
12841,DISTRITO FEDERAL (INTEIRO)
12842,DISTRITO FEDERAL (INTEIRO)
12843,DISTRITO FEDERAL (INTEIRO)
12844,III
12845,DISTRITO FEDERAL (INTEIRO)
12846,DISTRITO FEDERAL (INTEIRO)
12847,DISTRITO FEDERAL (INTEIRO)
12848,DISTRITO FEDERAL (INTEIRO)
12849,DISTRITO FEDERAL (INTEIRO)
12850,DISTRITO FEDERAL (INTEIRO)
12851,DISTRITO FEDERAL (INTEIRO)
12852,DISTRITO FEDERAL (INTEIRO)
12853,DISTRITO FEDERAL (INTEIRO)
12854,DISTRITO FEDERAL (INTEIRO)
12855,DISTRITO FEDERAL (INTEIRO)
12856,X
12857,DISTRITO FEDERAL (INTEIRO)
12858,DISTRITO FEDERAL (INTEIRO)
12859,DISTRITO FEDERAL (INTEIRO)
12860,DISTRITO FEDERAL (INTEIRO)
12861,DISTRITO FEDERAL (INTEIRO)
12862,DISTRITO FEDERAL (INTEIRO)
12863,DISTRITO FEDERAL (INTEIRO)
12864,DISTRITO FEDERAL (INTEIRO)
12865,XXVI
12866,XXVI
12867,XXVI
12868,XXVI
12869,DISTRITO FEDERAL (INTEIRO)
12870,DISTRITO FEDERAL (INTEIRO)
12871,DISTRITO FEDERAL (INTEIRO)
12872,DISTRITO FEDERAL (INTEIRO)
12873,DISTRITO FEDERAL (INTEIRO)
12874,DISTRITO FEDERAL (INTEIRO)
12875,DISTRITO FEDERAL (INTEIRO)
12876,DISTRITO FEDERAL (INTEIRO)
12877,DISTRITO FEDERAL (INTEIRO)
12878,XII
12879,XII
12880,XV
12881,DISTRITO FEDERAL (INTEIRO)
12882,DISTRITO FEDERAL (INTEIRO)
12883,DISTRITO FEDERAL (INTEIRO)
12884,DISTRITO FEDERAL (INTEIRO)
12885,DISTRITO FEDERAL (INTEIRO)
12886,DISTRITO FEDERAL (INTEIRO)
12887,DISTRITO FEDERAL (INTEIRO)
12888,DISTRITO FEDERAL (INTEIRO)
12889,DISTRITO FEDERAL (INTEIRO)
12890,VII
12891,DISTRITO FEDERAL (INTEIRO)
12892,DISTRITO FEDERAL (INTEIRO)
12893,DISTRITO FEDERAL (INTEIRO)
12894,DISTRITO FEDERAL (INTEIRO)
12895,DISTRITO FEDERAL (INTEIRO)
12896,DISTRITO FEDERAL (INTEIRO)
12897,DISTRITO FEDERAL (INTEIRO)
12898,DISTRITO FEDERAL (INTEIRO)
12899,XIII
12900,V
12901,XIII
12902,XIV
12903,DISTRITO FEDERAL (INTEIRO)
12904,XIII
12905,XIII
12906,XV
12907,DISTRITO FEDERAL (INTEIRO)
12908,XV
12909,XIII
12910,XIII
12911,XV
12912,XXVI
12913,DISTRITO FEDERAL (INTEIRO)
12914,DISTRITO FEDERAL (INTEIRO)
12915,XII
12916,XXVI
12917,DISTRITO FEDERAL (INTEIRO)
12918,DISTRITO FEDERAL (INTEIRO)
12919,DISTRITO FEDERAL (INTEIRO)
12920,DISTRITO FEDERAL (INTEIRO)
12921,DISTRITO FEDERAL (INTEIRO)
12922,DISTRITO FEDERAL (INTEIRO)
12923,IX
12924,IX
12925,XXV
12926,XXXV
12927,XII
12928,DISTRITO FEDERAL (INTEIRO)
12929,XII
12930,IX
12931,XIII
12932,IX
12933,II
12934,II
12935,II
12936,DISTRITO FEDERAL (INTEIRO)
12937,XIII
12938,XIII
12939,DISTRITO FEDERAL (INTEIRO)
12940,II
12941,DISTRITO FEDERAL (INTEIRO)
12942,XIII
12943,DISTRITO FEDERAL (INTEIRO)
12944,DISTRITO FEDERAL (INTEIRO)
12945,DISTRITO FEDERAL (INTEIRO)
12946,DISTRITO FEDERAL (INTEIRO)
12947,DISTRITO FEDERAL (INTEIRO)
12948,XIII
12949,XX
12950,DISTRITO FEDERAL (INTEIRO)
12951,DISTRITO FEDERAL (INTEIRO)
12952,III
12953,XIII
12954,XXI
12955,XIII
12956,IX
12957,I
12958,DISTRITO FEDERAL (INTEIRO)
12959,XIII
12960,DISTRITO FEDERAL (INTEIRO)
12961,II
12962,XIII
12963,XIII
12964,DISTRITO FEDERAL (INTEIRO)
12965,DISTRITO FEDERAL (INTEIRO)
12966,XIII
12967,VII
12968,VII
12969,DISTRITO FEDERAL (INTEIRO)
12970,DISTRITO FEDERAL (INTEIRO)
12971,XXI
12972,DISTRITO FEDERAL (INTEIRO)
12973,II
12974,DISTRITO FEDERAL (INTEIRO)
12975,DISTRITO FEDERAL (INTEIRO)
12976,DISTRITO FEDERAL (INTEIRO)
12977,II
12978,XV
12979,DISTRITO FEDERAL (INTEIRO)
12980,DISTRITO FEDERAL (INTEIRO)
12981,IX
12982,III
12983,IX
12984,DISTRITO FEDERAL (INTEIRO)
12985,XIII
12986,XXV
12987,XXV
12988,VII
12989,VII
12990,III
12991,XIV
12992,V
12993,II
12994,DISTRITO FEDERAL (INTEIRO)
12995,DISTRITO FEDERAL (INTEIRO)
12996,DISTRITO FEDERAL (INTEIRO)
12997,DISTRITO FEDERAL (INTEIRO)
12998,DISTRITO FEDERAL (INTEIRO)
12999,DISTRITO FEDERAL (INTEIRO)
13000,XI
13001,DISTRITO FEDERAL (INTEIRO)
13002,XXII
13003,DISTRITO FEDERAL (INTEIRO)
13004,DISTRITO FEDERAL (INTEIRO)
13005,XXV
13006,XII
13007,XIII
13008,XIII
13009,XIV
13010,DISTRITO FEDERAL (INTEIRO)
13011,DISTRITO FEDERAL (INTEIRO)
13012,DISTRITO FEDERAL (INTEIRO)
13013,DISTRITO FEDERAL (INTEIRO)
13014,II
13015,DISTRITO FEDERAL (INTEIRO)
13016,DISTRITO FEDERAL (INTEIRO)
13017,DISTRITO FEDERAL (INTEIRO)
13018,DISTRITO FEDERAL (INTEIRO)
13019,DISTRITO FEDERAL (INTEIRO)
13020,DISTRITO FEDERAL (INTEIRO)
13021,DISTRITO FEDERAL (INTEIRO)
13022,DISTRITO FEDERAL (INTEIRO)
13023,DISTRITO FEDERAL (INTEIRO)
13024,DISTRITO FEDERAL (INTEIRO)
13025,DISTRITO FEDERAL (INTEIRO)
13026,DISTRITO FEDERAL (INTEIRO)
13027,DISTRITO FEDERAL (INTEIRO)
13028,DISTRITO FEDERAL (INTEIRO)
13029,DISTRITO FEDERAL (INTEIRO)
13030,DISTRITO FEDERAL (INTEIRO)
13031,DISTRITO FEDERAL (INTEIRO)
13032,DISTRITO FEDERAL (INTEIRO)
13033,DISTRITO FEDERAL (INTEIRO)
13034,DISTRITO FEDERAL (INTEIRO)
13035,DISTRITO FEDERAL (INTEIRO)
13036,DISTRITO FEDERAL (INTEIRO)
13037,DISTRITO FEDERAL (INTEIRO)
13038,DISTRITO FEDERAL (INTEIRO)
13039,DISTRITO FEDERAL (INTEIRO)
13040,DISTRITO FEDERAL (INTEIRO)
13041,DISTRITO FEDERAL (INTEIRO)
13042,DISTRITO FEDERAL (INTEIRO)
13043,DISTRITO FEDERAL (INTEIRO)
13044,DISTRITO FEDERAL (INTEIRO)
13045,DISTRITO FEDERAL (INTEIRO)
13046,DISTRITO FEDERAL (INTEIRO)
13047,DISTRITO FEDERAL (INTEIRO)
13048,DISTRITO FEDERAL (INTEIRO)
13049,DISTRITO FEDERAL (INTEIRO)
13050,DISTRITO FEDERAL (INTEIRO)
13051,DISTRITO FEDERAL (INTEIRO)
13052,DISTRITO FEDERAL (INTEIRO)
13053,DISTRITO FEDERAL (INTEIRO)
13054,II
13055,DISTRITO FEDERAL (INTEIRO)
13056,XIII
13057,DISTRITO FEDERAL (INTEIRO)
13058,XIII
13059,III
13060,VI
13061,II
13062,XIII
13063,DISTRITO FEDERAL (INTEIRO)
13064,DISTRITO FEDERAL (INTEIRO)
13065,DISTRITO FEDERAL (INTEIRO)
13066,DISTRITO FEDERAL (INTEIRO)
13067,DISTRITO FEDERAL (INTEIRO)
13068,DISTRITO FEDERAL (INTEIRO)
13069,DISTRITO FEDERAL (INTEIRO)
13070,DISTRITO FEDERAL (INTEIRO)
13071,DISTRITO FEDERAL (INTEIRO)
13072,DISTRITO FEDERAL (INTEIRO)
13073,XII
13074,XX
13075,II
13076,II
13077,XIII
13078,XIII
13079,XIII
13080,DISTRITO FEDERAL (INTEIRO)
13081,DISTRITO FEDERAL (INTEIRO)
13082,DISTRITO FEDERAL (INTEIRO)
13083,II
13084,X
13085,X
13086,II
13087,XIII
13088,DISTRITO FEDERAL (INTEIRO)
13089,XIII
13090,XIII
13091,XIV
13092,II
13093,IV
13094,DISTRITO FEDERAL (INTEIRO)
13095,DISTRITO FEDERAL (INTEIRO)
13096,DISTRITO FEDERAL (INTEIRO)
13097,DISTRITO FEDERAL (INTEIRO)
13098,XIII
13099,XIII
13100,XIII
13101,VI
13102,DISTRITO FEDERAL (INTEIRO)
13103,DISTRITO FEDERAL (INTEIRO)
13104,DISTRITO FEDERAL (INTEIRO)
13105,DISTRITO FEDERAL (INTEIRO)
13106,XIII
13107,XIII
13108,XIII
13109,XIII
13110,XIII
13111,DISTRITO FEDERAL (INTEIRO)
13112,II
13113,DISTRITO FEDERAL (INTEIRO)
13114,XIV
13115,DISTRITO FEDERAL (INTEIRO)
13116,XII
13117,DISTRITO FEDERAL (INTEIRO)
13118,DISTRITO FEDERAL (INTEIRO)
13119,DISTRITO FEDERAL (INTEIRO)
13120,DISTRITO FEDERAL (INTEIRO)
13121,DISTRITO FEDERAL (INTEIRO)
13122,DISTRITO FEDERAL (INTEIRO)
13123,XIV
13124,DISTRITO FEDERAL (INTEIRO)
13125,DISTRITO FEDERAL (INTEIRO)
13126,DISTRITO FEDERAL (INTEIRO)
13127,DISTRITO FEDERAL (INTEIRO)
13128,DISTRITO FEDERAL (INTEIRO)
13129,DISTRITO FEDERAL (INTEIRO)
13130,DISTRITO FEDERAL (INTEIRO)
13131,DISTRITO FEDERAL (INTEIRO)
13132,DISTRITO FEDERAL (INTEIRO)
13133,DISTRITO FEDERAL (INTEIRO)
13134,DISTRITO FEDERAL (INTEIRO)
13135,II
13136,DISTRITO FEDERAL (INTEIRO)
13137,DISTRITO FEDERAL (INTEIRO)
13138,DISTRITO FEDERAL (INTEIRO)
13139,DISTRITO FEDERAL (INTEIRO)
13140,DISTRITO FEDERAL (INTEIRO)
13141,DISTRITO FEDERAL (INTEIRO)
13142,DISTRITO FEDERAL (INTEIRO)
13143,DISTRITO FEDERAL (INTEIRO)
13144,DISTRITO FEDERAL (INTEIRO)
13145,DISTRITO FEDERAL (INTEIRO)
13146,VI
13147,DISTRITO FEDERAL (INTEIRO)
13148,DISTRITO FEDERAL (INTEIRO)
13149,DISTRITO FEDERAL (INTEIRO)
13150,DISTRITO FEDERAL (INTEIRO)
13151,DISTRITO FEDERAL (INTEIRO)
13152,XIII
13153,DISTRITO FEDERAL (INTEIRO)
13154,XIII
13155,DISTRITO FEDERAL (INTEIRO)
13156,DISTRITO FEDERAL (INTEIRO)
13157,DISTRITO FEDERAL (INTEIRO)
13158,DISTRITO FEDERAL (INTEIRO)
13159,DISTRITO FEDERAL (INTEIRO)
13160,DISTRITO FEDERAL (INTEIRO)
13161,DISTRITO FEDERAL (INTEIRO)
13162,DISTRITO FEDERAL (INTEIRO)
13163,DISTRITO FEDERAL (INTEIRO)
13164,DISTRITO FEDERAL (INTEIRO)
13165,XIV
13166,III
13167,XIII
13168,XVII
13169,XVII
13170,DISTRITO FEDERAL (INTEIRO)
13171,XIII
13172,XIII
13173,XV
13174,DISTRITO FEDERAL (INTEIRO)
13175,X
13176,DISTRITO FEDERAL (INTEIRO)
13177,X
13178,XII
13179,DISTRITO FEDERAL (INTEIRO)
13180,DISTRITO FEDERAL (INTEIRO)
13181,DISTRITO FEDERAL (INTEIRO)
13182,DISTRITO FEDERAL (INTEIRO)
13183,IX
13184,XXXII
13185,DISTRITO FEDERAL (INTEIRO)
13186,II
13187,XIII
13188,II
13189,II
13189,XXVIII
13190,IX
13191,DISTRITO FEDERAL (INTEIRO)
13192,XIV
13193,XV
13194,DISTRITO FEDERAL (INTEIRO)
13195,XIII
13196,VII
13197,DISTRITO FEDERAL (INTEIRO)
13198,X
13199,DISTRITO FEDERAL (INTEIRO)
13200,XV
13201,XII
13202,XIII
13203,DISTRITO FEDERAL (INTEIRO)
13204,DISTRITO FEDERAL (INTEIRO)
13205,DISTRITO FEDERAL (INTEIRO)
13206,XXVI
13207,DISTRITO FEDERAL (INTEIRO)
13208,DISTRITO FEDERAL (INTEIRO)
13209,DISTRITO FEDERAL (INTEIRO)
13210,DISTRITO FEDERAL (INTEIRO)
13211,DISTRITO FEDERAL (INTEIRO)
13212,DISTRITO FEDERAL (INTEIRO)
13213,DISTRITO FEDERAL (INTEIRO)
13214,DISTRITO FEDERAL (INTEIRO)
13215,DISTRITO FEDERAL (INTEIRO)
13216,DISTRITO FEDERAL (INTEIRO)
13217,DISTRITO FEDERAL (INTEIRO)
13218,DISTRITO FEDERAL (INTEIRO)
13219,DISTRITO FEDERAL (INTEIRO)
13220,VI
13221,VI
13222,VI
13223,VI
13224,VI
13225,VI
13226,VI
13227,VI
13228,VI
13229,I
13230,II
13231,XXI
13232,XII
13233,XXI
13234,XIII
13235,VI
13236,IX
13237,DISTRITO FEDERAL (INTEIRO)
13238,XIII
13239,DISTRITO FEDERAL (INTEIRO)
13240,II
13241,II
13242,DISTRITO FEDERAL (INTEIRO)
13243,XIII
13244,XIII
13245,III
13246,II
13247,II
13248,II
13249,DISTRITO FEDERAL (INTEIRO)
13250,II
13251,XVII
13252,DISTRITO FEDERAL (INTEIRO)
13253,DISTRITO FEDERAL (INTEIRO)
13254,XXVI
13255,DISTRITO FEDERAL (INTEIRO)
13256,DISTRITO FEDERAL (INTEIRO)
13257,DISTRITO FEDERAL (INTEIRO)
13258,IX
13259,DISTRITO FEDERAL (INTEIRO)
13260,DISTRITO FEDERAL (INTEIRO)
13261,VII
13262,IX
13263,DISTRITO FEDERAL (INTEIRO)
13264,IX
13265,IX
13266,DISTRITO FEDERAL (INTEIRO)
13267,DISTRITO FEDERAL (INTEIRO)
13268,DISTRITO FEDERAL (INTEIRO)
13269,DISTRITO FEDERAL (INTEIRO)
13270,DISTRITO FEDERAL (INTEIRO)
13271,DISTRITO FEDERAL (INTEIRO)
13272,DISTRITO FEDERAL (INTEIRO)
13273,DISTRITO FEDERAL (INTEIRO)
13274,DISTRITO FEDERAL (INTEIRO)
13275,DISTRITO FEDERAL (INTEIRO)
13276,DISTRITO FEDERAL (INTEIRO)
13277,DISTRITO FEDERAL (INTEIRO)
13278,DISTRITO FEDERAL (INTEIRO)
13279,DISTRITO FEDERAL (INTEIRO)
13280,XXXII
13281,XXXII
13282,DISTRITO FEDERAL (INTEIRO)
13283,XXXII
13284,XXXII
13285,VI
13286,XXXII
13287,XXXII
13288,DISTRITO FEDERAL (INTEIRO)
13289,I
13290,XXXII
13291,DISTRITO FEDERAL (INTEIRO)
13292,XXXII
13293,XXXII
13294,DISTRITO FEDERAL (INTEIRO)
13295,DISTRITO FEDERAL (INTEIRO)
13296,II
13297,DISTRITO FEDERAL (INTEIRO)
13298,DISTRITO FEDERAL (INTEIRO)
13298,XXXII
13299,XXXII
13300,DISTRITO FEDERAL (INTEIRO)
13301,DISTRITO FEDERAL (INTEIRO)
13302,DISTRITO FEDERAL (INTEIRO)
13303,DISTRITO FEDERAL (INTEIRO)
13304,DISTRITO FEDERAL (INTEIRO)
13305,DISTRITO FEDERAL (INTEIRO)
13306,DISTRITO FEDERAL (INTEIRO)
13307,DISTRITO FEDERAL (INTEIRO)
13308,DISTRITO FEDERAL (INTEIRO)
13309,DISTRITO FEDERAL (INTEIRO)
13310,DISTRITO FEDERAL (INTEIRO)
13311,DISTRITO FEDERAL (INTEIRO)
13312,DISTRITO FEDERAL (INTEIRO)
13313,DISTRITO FEDERAL (INTEIRO)
13314,DISTRITO FEDERAL (INTEIRO)
13315,DISTRITO FEDERAL (INTEIRO)
13316,DISTRITO FEDERAL (INTEIRO)
13317,DISTRITO FEDERAL (INTEIRO)
13318,DISTRITO FEDERAL (INTEIRO)
13319,XXV
13320,DISTRITO FEDERAL (INTEIRO)
13320,XXXII
13321,DISTRITO FEDERAL (INTEIRO)
13322,DISTRITO FEDERAL (INTEIRO)
13323,DISTRITO FEDERAL (INTEIRO)
13324,DISTRITO FEDERAL (INTEIRO)
13325,VI
13326,X
13327,X
13328,IX
13329,DISTRITO FEDERAL (INTEIRO)
13330,DISTRITO FEDERAL (INTEIRO)
13331,DISTRITO FEDERAL (INTEIRO)
13332,XXXII
13333,II
13334,XXX
13335,II
13336,XXXII
13337,XX
13338,XXXII
13339,XXXII
13340,V
13341,XXXII
13342,DISTRITO FEDERAL (INTEIRO)
13343,DISTRITO FEDERAL (INTEIRO)
13344,DISTRITO FEDERAL (INTEIRO)
13345,DISTRITO FEDERAL (INTEIRO)
13346,DISTRITO FEDERAL (INTEIRO)
13347,DISTRITO FEDERAL (INTEIRO)
13348,XXXII
13349,XXXII
13350,XXXII
13351,DISTRITO FEDERAL (INTEIRO)
13351,XXXII
13352,XXXII
13353,DISTRITO FEDERAL (INTEIRO)
13354,XXXII
13355,XXXII
13356,XXXII
13357,XXXII
13358,XXXII
13359,XXXII
13360,XXXII
13361,XXXII
13362,DISTRITO FEDERAL (INTEIRO)
13362,XXXII
13363,XXXII
13364,XXXII
13365,XXXII
13366,XXXII
13367,XXXII
13368,XXXII
13369,XXXII
13370,XXXII
13371,XXXII
13372,VI
13373,XXXII
13374,XXXII
13375,XXXII
13376,XXXII
13377,XXXII
13378,XXXII
13379,XXXII
13380,XXXII
13381,XXXII
13382,II
13383,XXXII
13384,XXXII
13385,XXXII
13386,XXXII
13387,XXXII
13388,XXXII
13389,XXXII
13390,XXXII
13391,XXXII
13392,XXXII
13393,XXXII
13394,XXXII
13395,XXXII
13396,XXXII
13397,XXXII
13398,IX
13399,XXXII
13400,XXXII
13401,DISTRITO FEDERAL (INTEIRO)
13402,XXXII
13403,XXXII
13404,DISTRITO FEDERAL (INTEIRO)
13405,DISTRITO FEDERAL (INTEIRO)
13406,DISTRITO FEDERAL (INTEIRO)
13407,XXXII
13408,XXXII
13409,XXXII
13410,XXXII
13411,XXXII
13412,XXXII
13413,XXXII
13414,XXXII
13415,XXXII
13416,XXXII
13417,XXXII
13418,XXXII
13419,DISTRITO FEDERAL (INTEIRO)
13420,XX
13421,XXXII
13422,DISTRITO FEDERAL (INTEIRO)
13422,XXXII
13423,XXXII
13424,XXXII
13425,XXXII
13426,XXXII
13427,XXXII
13428,XXXII
13429,XXXII
13430,DISTRITO FEDERAL (INTEIRO)
13431,XXXII
13432,XXXII
13433,DISTRITO FEDERAL (INTEIRO)
13434,XXXII
13435,XXXII
13436,XXXII
13437,XXXII
13438,XIII
13439,XXXII
13440,VII
13441,XXXII
13442,XXXII
13443,XXXII
13444,DISTRITO FEDERAL (INTEIRO)
13445,XXXII
13446,XXXII
13447,XXXII
13448,XXXII
13449,I
13450,XXXII
13451,DISTRITO FEDERAL (INTEIRO)
13452,DISTRITO FEDERAL (INTEIRO)
13453,DISTRITO FEDERAL (INTEIRO)
13454,DISTRITO FEDERAL (INTEIRO)
13455,DISTRITO FEDERAL (INTEIRO)
13456,DISTRITO FEDERAL (INTEIRO)
13457,DISTRITO FEDERAL (INTEIRO)
13458,DISTRITO FEDERAL (INTEIRO)
13459,DISTRITO FEDERAL (INTEIRO)
13460,DISTRITO FEDERAL (INTEIRO)
13461,XXXII
13462,XXXII
13463,XXXII
13464,XXXII
13465,XXXII
13466,XXXII
13467,XXXII
13468,XXXII
13469,XXXII
13470,XXXII
13471,XXXII
13472,XXXII
13473,XXXII
13474,XXXII
13475,XXXII
13476,XXXII
13477,XXXII
13478,XXXII
13479,XXXII
13480,XXXII
13481,XXXII
13482,XXXII
13483,XXXII
13484,XXXII
13485,XXXII
13486,XXXII
13487,XXXII
13488,XXXII
13489,XXXII
13490,XXXII
13491,XXXII
13492,XXXII
13493,XXXII
13494,XXXII
13495,DISTRITO FEDERAL (INTEIRO)
13496,DISTRITO FEDERAL (INTEIRO)
13496,XXXII
13497,XXXII
13498,XXXII
13499,XXXII
13500,XXXII
13501,XXXII
13502,XXXII
13503,XXXII
13504,XXXII
13505,XXXII
13506,XXXII
13507,XXXII
13508,XXXII
13509,DISTRITO FEDERAL (INTEIRO)
13510,XXXII
13511,XXXII
13512,XXXII
13513,XXXII
13514,XXXII
13515,XXXII
13516,XXXII
13517,XXXII
13518,XXXII
13519,XXXII
13520,XXXII
13521,XXXII
13522,XXXII
13523,DISTRITO FEDERAL (INTEIRO)
13524,DISTRITO FEDERAL (INTEIRO)
13525,XXXII
13526,XXXII
13527,XXXII
13528,XXXII
13529,XXXII
13530,XXXII
13531,XXXII
13532,XXXII
13533,XIII
13534,XXXII
13535,XXXII
13536,XXXII
13537,XXXII
13538,XXXII
13539,XXXII
13540,XXVII
13541,XXXII
13542,XXXII
13543,XXXII
13544,XXXII
13545,XXXII
13546,XXXII
13547,DISTRITO FEDERAL (INTEIRO)
13548,XXXII
13549,XXXII
13550,XXXII
13551,DISTRITO FEDERAL (INTEIRO)
13552,DISTRITO FEDERAL (INTEIRO)
13553,XXXII
13554,XXXII
13555,XXXII
13556,DISTRITO FEDERAL (INTEIRO)
13557,DISTRITO FEDERAL (INTEIRO)
13558,DISTRITO FEDERAL (INTEIRO)
13559,DISTRITO FEDERAL (INTEIRO)
13560,XXXII
13561,XXXII
13562,XXXII
13563,XXXII
13564,XXXII
13565,XXXII
13566,DISTRITO FEDERAL (INTEIRO)
13567,DISTRITO FEDERAL (INTEIRO)
13568,DISTRITO FEDERAL (INTEIRO)
13569,DISTRITO FEDERAL (INTEIRO)
13570,DISTRITO FEDERAL (INTEIRO)
13571,XXXI
13572,DISTRITO FEDERAL (INTEIRO)
13573,XXVI
13574,DISTRITO FEDERAL (INTEIRO)
13575,DISTRITO FEDERAL (INTEIRO)
13576,DISTRITO FEDERAL (INTEIRO)
13577,DISTRITO FEDERAL (INTEIRO)
13578,DISTRITO FEDERAL (INTEIRO)
13579,XV
13580,DISTRITO FEDERAL (INTEIRO)
13581,DISTRITO FEDERAL (INTEIRO)
13582,XII
13583,DISTRITO FEDERAL (INTEIRO)
13584,DISTRITO FEDERAL (INTEIRO)
13585,I
13586,DISTRITO FEDERAL (INTEIRO)
13587,X
13588,DISTRITO FEDERAL (INTEIRO)
13589,DISTRITO FEDERAL (INTEIRO)
13590,DISTRITO FEDERAL (INTEIRO)
13591,DISTRITO FEDERAL (INTEIRO)
13592,DISTRITO FEDERAL (INTEIRO)
13593,DISTRITO FEDERAL (INTEIRO)
13594,DISTRITO FEDERAL (INTEIRO)
13595,I
13595,II
13595,IX
13596,XVIII
13597,XVIII
13598,XIV
13599,XXXII
13600,I
13600,II
13600,III
13600,XIV
13600,XV
13600,XVII
13601,DISTRITO FEDERAL (INTEIRO)
13602,XIV
13603,XIV
13604,DISTRITO FEDERAL (INTEIRO)
13605,III
13606,III
13607,XIV
13608,XIII
13609,DISTRITO FEDERAL (INTEIRO)
13610,XIII
13611,XIII
13612,DISTRITO FEDERAL (INTEIRO)
13613,I
13613,II
13613,III
13613,IX
13613,VI
13613,XII
13613,XV
13613,XVII
13613,XXV
13614,DISTRITO FEDERAL (INTEIRO)
13615,XV
13616,XIV
13617,DISTRITO FEDERAL (INTEIRO)
13618,II
13619,II
13620,XXI
13621,XXI
13622,DISTRITO FEDERAL (INTEIRO)
13623,XXI
13624,XXI
13625,XIII
13626,II
13627,II
13628,DISTRITO FEDERAL (INTEIRO)
13628,I
13629,DISTRITO FEDERAL (INTEIRO)
13630,DISTRITO FEDERAL (INTEIRO)
13631,DISTRITO FEDERAL (INTEIRO)
13632,DISTRITO FEDERAL (INTEIRO)
13633,DISTRITO FEDERAL (INTEIRO)
13634,DISTRITO FEDERAL (INTEIRO)
13635,DISTRITO FEDERAL (INTEIRO)
13636,DISTRITO FEDERAL (INTEIRO)
13637,DISTRITO FEDERAL (INTEIRO)
13638,DISTRITO FEDERAL (INTEIRO)
13639,DISTRITO FEDERAL (INTEIRO)
13640,DISTRITO FEDERAL (INTEIRO)
13641,DISTRITO FEDERAL (INTEIRO)
13642,DISTRITO FEDERAL (INTEIRO)
13643,DISTRITO FEDERAL (INTEIRO)
13644,DISTRITO FEDERAL (INTEIRO)
13645,XXIX
13646,DISTRITO FEDERAL (INTEIRO)
13647,III
13648,DISTRITO FEDERAL (INTEIRO)
13649,XIX
13650,II
13651,XIV
13652,DISTRITO FEDERAL (INTEIRO)
13653,XIII
13654,DISTRITO FEDERAL (INTEIRO)
13655,DISTRITO FEDERAL (INTEIRO)
13656,DISTRITO FEDERAL (INTEIRO)
13657,DISTRITO FEDERAL (INTEIRO)
13658,DISTRITO FEDERAL (INTEIRO)
13659,DISTRITO FEDERAL (INTEIRO)
13660,DISTRITO FEDERAL (INTEIRO)
13661,DISTRITO FEDERAL (INTEIRO)
13662,XIII
13663,DISTRITO FEDERAL (INTEIRO)
13664,III
13665,DISTRITO FEDERAL (INTEIRO)
13665,XIV
13666,DISTRITO FEDERAL (INTEIRO)
13667,DISTRITO FEDERAL (INTEIRO)
13668,XVI
13669,DISTRITO FEDERAL (INTEIRO)
13670,XVI
13671,II
13672,III
13673,XIII
13674,XIV
13675,XXXIII
13676,DISTRITO FEDERAL (INTEIRO)
13677,XIV
13678,XIV
13679,DISTRITO FEDERAL (INTEIRO)
13680,XXVI
13681,XIII
13682,XV
13683,X
13684,III
13685,XIV
13686,VI
13687,XXX
13688,VI
13689,VI
13690,II
13691,DISTRITO FEDERAL (INTEIRO)
13692,VI
13693,II
13694,XII
13695,XIV
13696,XIV
13697,DISTRITO FEDERAL (INTEIRO)
13698,DISTRITO FEDERAL (INTEIRO)
13699,DISTRITO FEDERAL (INTEIRO)
13700,XXXIV
13701,DISTRITO FEDERAL (INTEIRO)
13702,DISTRITO FEDERAL (INTEIRO)
13703,II
13704,II
13705,DISTRITO FEDERAL (INTEIRO)
13706,DISTRITO FEDERAL (INTEIRO)
13707,XV
13708,DISTRITO FEDERAL (INTEIRO)
13709,DISTRITO FEDERAL (INTEIRO)
13710,DISTRITO FEDERAL (INTEIRO)
13711,IX
13712,DISTRITO FEDERAL (INTEIRO)
13713,II
13714,II
13715,II
13716,II
13717,DISTRITO FEDERAL (INTEIRO)
13718,DISTRITO FEDERAL (INTEIRO)
13719,DISTRITO FEDERAL (INTEIRO)
13720,DISTRITO FEDERAL (INTEIRO)
13721,DISTRITO FEDERAL (INTEIRO)
13722,DISTRITO FEDERAL (INTEIRO)
13723,DISTRITO FEDERAL (INTEIRO)
13724,DISTRITO FEDERAL (INTEIRO)
13725,I
13726,DISTRITO FEDERAL (INTEIRO)
13727,VI
13728,DISTRITO FEDERAL (INTEIRO)
13729,VI
13730,IV
13731,IV
13732,II
13733,VI
13734,II
13735,XIV
13736,XIV
13737,X
13738,DISTRITO FEDERAL (INTEIRO)
13739,III
13740,XII
13741,DISTRITO FEDERAL (INTEIRO)
13742,VIII
13743,XV
13744,II
13745,XXXII
13746,III
13747,XIII
13748,DISTRITO FEDERAL (INTEIRO)
13749,DISTRITO FEDERAL (INTEIRO)
13750,DISTRITO FEDERAL (INTEIRO)
13751,II
13752,XIII
13753,XIV
13754,XIV
13755,XIV
13756,XIII
13757,DISTRITO FEDERAL (INTEIRO)
13758,DISTRITO FEDERAL (INTEIRO)
13759,VI
13760,DISTRITO FEDERAL (INTEIRO)
13761,DISTRITO FEDERAL (INTEIRO)
13762,DISTRITO FEDERAL (INTEIRO)
13762,XI
13763,DISTRITO FEDERAL (INTEIRO)
13764,II
13765,II
13766,XII
13767,DISTRITO FEDERAL (INTEIRO)
13768,II
13769,XXVII
13770,XXV
13771,XIV
13772,X
13773,II
13774,XIII
13775,XIV
13776,DISTRITO FEDERAL (INTEIRO)
13777,DISTRITO FEDERAL (INTEIRO)
13778,DISTRITO FEDERAL (INTEIRO)
13779,DISTRITO FEDERAL (INTEIRO)
13780,IX
13780,XXI
13781,IX
13782,IX
13783,IX
13784,XII
13785,VI
13786,VI
13787,DISTRITO FEDERAL (INTEIRO)
13788,XIV
13789,XIII
13790,DISTRITO FEDERAL (INTEIRO)
13791,XXXII
13792,X
13792,XIV
13792,XV
13792,XX
13793,DISTRITO FEDERAL (INTEIRO)
13794,DISTRITO FEDERAL (INTEIRO)
13795,II
13796,II
13797,I
13798,DISTRITO FEDERAL (INTEIRO)
13798,IX
13799,VI
13800,DISTRITO FEDERAL (INTEIRO)
13801,DISTRITO FEDERAL (INTEIRO)
13802,DISTRITO FEDERAL (INTEIRO)
13803,DISTRITO FEDERAL (INTEIRO)
13804,DISTRITO FEDERAL (INTEIRO)
13805,DISTRITO FEDERAL (INTEIRO)
13806,XXVI
13807,DISTRITO FEDERAL (INTEIRO)
13808,DISTRITO FEDERAL (INTEIRO)
13809,DISTRITO FEDERAL (INTEIRO)
13810,DISTRITO FEDERAL (INTEIRO)
13811,DISTRITO FEDERAL (INTEIRO)
13812,II
13813,V
13813,VI
13814,DISTRITO FEDERAL (INTEIRO)
13815,DISTRITO FEDERAL (INTEIRO)
13816,X
13817,DISTRITO FEDERAL (INTEIRO)
13818,DISTRITO FEDERAL (INTEIRO)
13819,DISTRITO FEDERAL (INTEIRO)
13820,DISTRITO FEDERAL (INTEIRO)
13821,X
13822,DISTRITO FEDERAL (INTEIRO)
13823,XXVII
13824,DISTRITO FEDERAL (INTEIRO)
13825,I
13826,DISTRITO FEDERAL (INTEIRO)
13827,DISTRITO FEDERAL (INTEIRO)
13828,DISTRITO FEDERAL (INTEIRO)
13829,II
13830,DISTRITO FEDERAL (INTEIRO)
13831,DISTRITO FEDERAL (INTEIRO)
13832,DISTRITO FEDERAL (INTEIRO)
13833,XIII
13834,VIII
13834,X
13834,XIX
13834,XVII
13834,XXI
13834,XXIV
13834,XXV
13835,DISTRITO FEDERAL (INTEIRO)
13836,DISTRITO FEDERAL (INTEIRO)
13837,DISTRITO FEDERAL (INTEIRO)
13838,X
13839,DISTRITO FEDERAL (INTEIRO)
13840,DISTRITO FEDERAL (INTEIRO)
13841,DISTRITO FEDERAL (INTEIRO)
13842,DISTRITO FEDERAL (INTEIRO)
13843,DISTRITO FEDERAL (INTEIRO)
13844,DISTRITO FEDERAL (INTEIRO)
13845,III
13846,XII
13847,DISTRITO FEDERAL (INTEIRO)
13848,DISTRITO FEDERAL (INTEIRO)
13849,DISTRITO FEDERAL (INTEIRO)
13850,VIII
13851,VIII
13852,DISTRITO FEDERAL (INTEIRO)
13853,III
13854,DISTRITO FEDERAL (INTEIRO)
13855,DISTRITO FEDERAL (INTEIRO)
13856,DISTRITO FEDERAL (INTEIRO)
13857,XII
13858,DISTRITO FEDERAL (INTEIRO)
13859,DISTRITO FEDERAL (INTEIRO)
13860,DISTRITO FEDERAL (INTEIRO)
13861,DISTRITO FEDERAL (INTEIRO)
13862,DISTRITO FEDERAL (INTEIRO)
13863,DISTRITO FEDERAL (INTEIRO)
13864,DISTRITO FEDERAL (INTEIRO)
13865,DISTRITO FEDERAL (INTEIRO)
13866,DISTRITO FEDERAL (INTEIRO)
13867,DISTRITO FEDERAL (INTEIRO)
13868,DISTRITO FEDERAL (INTEIRO)
13869,DISTRITO FEDERAL (INTEIRO)
13870,DISTRITO FEDERAL (INTEIRO)
13871,I
13872,DISTRITO FEDERAL (INTEIRO)
13873,DISTRITO FEDERAL (INTEIRO)
13874,DISTRITO FEDERAL (INTEIRO)
13875,DISTRITO FEDERAL (INTEIRO)
13876,DISTRITO FEDERAL (INTEIRO)
13877,DISTRITO FEDERAL (INTEIRO)
13878,DISTRITO FEDERAL (INTEIRO)
13879,DISTRITO FEDERAL (INTEIRO)
13880,I
13881,I
13882,I
13883,DISTRITO FEDERAL (INTEIRO)
13884,DISTRITO FEDERAL (INTEIRO)
13885,DISTRITO FEDERAL (INTEIRO)
13886,DISTRITO FEDERAL (INTEIRO)
13887,DISTRITO FEDERAL (INTEIRO)
13888,XIII
13889,XIII
13890,XII
13891,DISTRITO FEDERAL (INTEIRO)
13892,DISTRITO FEDERAL (INTEIRO)
13893,DISTRITO FEDERAL (INTEIRO)
13894,DISTRITO FEDERAL (INTEIRO)
13895,DISTRITO FEDERAL (INTEIRO)
13896,DISTRITO FEDERAL (INTEIRO)
13897,DISTRITO FEDERAL (INTEIRO)
13898,DISTRITO FEDERAL (INTEIRO)
13899,DISTRITO FEDERAL (INTEIRO)
13900,DISTRITO FEDERAL (INTEIRO)
13901,DISTRITO FEDERAL (INTEIRO)
13902,DISTRITO FEDERAL (INTEIRO)
13903,DISTRITO FEDERAL (INTEIRO)
13904,DISTRITO FEDERAL (INTEIRO)
13905,IX
13905,XII
13906,DISTRITO FEDERAL (INTEIRO)
13907,IX
13908,DISTRITO FEDERAL (INTEIRO)
13909,IX
13910,IX
13911,DISTRITO FEDERAL (INTEIRO)
13912,IX
13913,DISTRITO FEDERAL (INTEIRO)
13914,IX
13915,XIII
13916,DISTRITO FEDERAL (INTEIRO)
13917,DISTRITO FEDERAL (INTEIRO)
13918,DISTRITO FEDERAL (INTEIRO)
13919,DISTRITO FEDERAL (INTEIRO)
13920,DISTRITO FEDERAL (INTEIRO)
13921,DISTRITO FEDERAL (INTEIRO)
13922,DISTRITO FEDERAL (INTEIRO)
13923,DISTRITO FEDERAL (INTEIRO)
13924,DISTRITO FEDERAL (INTEIRO)
13925,DISTRITO FEDERAL (INTEIRO)
13926,DISTRITO FEDERAL (INTEIRO)
13927,DISTRITO FEDERAL (INTEIRO)
13928,XXX
13929,DISTRITO FEDERAL (INTEIRO)
13930,DISTRITO FEDERAL (INTEIRO)
13931,DISTRITO FEDERAL (INTEIRO)
13932,DISTRITO FEDERAL (INTEIRO)
13933,DISTRITO FEDERAL (INTEIRO)
13934,DISTRITO FEDERAL (INTEIRO)
13935,DISTRITO FEDERAL (INTEIRO)
13936,DISTRITO FEDERAL (INTEIRO)
13937,XII
13938,XXXII
13939,IV
13940,X
13941,X
13942,X
13943,X
13944,X
13945,X
13946,X
13947,X
13948,XXXII
13949,XXXII
13950,DISTRITO FEDERAL (INTEIRO)
13951,XXXII
13952,DISTRITO FEDERAL (INTEIRO)
13953,X
13954,DISTRITO FEDERAL (INTEIRO)
13955,DISTRITO FEDERAL (INTEIRO)
13956,DISTRITO FEDERAL (INTEIRO)
13957,DISTRITO FEDERAL (INTEIRO)
13958,DISTRITO FEDERAL (INTEIRO)
13959,DISTRITO FEDERAL (INTEIRO)
13960,DISTRITO FEDERAL (INTEIRO)
13961,DISTRITO FEDERAL (INTEIRO)
13962,DISTRITO FEDERAL (INTEIRO)
13963,DISTRITO FEDERAL (INTEIRO)
13964,DISTRITO FEDERAL (INTEIRO)
13965,DISTRITO FEDERAL (INTEIRO)
13966,DISTRITO FEDERAL (INTEIRO)
13967,DISTRITO FEDERAL (INTEIRO)
13968,DISTRITO FEDERAL (INTEIRO)
13969,DISTRITO FEDERAL (INTEIRO)
13970,DISTRITO FEDERAL (INTEIRO)
13971,DISTRITO FEDERAL (INTEIRO)
13972,DISTRITO FEDERAL (INTEIRO)
13973,DISTRITO FEDERAL (INTEIRO)
13974,DISTRITO FEDERAL (INTEIRO)
13975,XII
13976,XXXII
13977,V
13978,DISTRITO FEDERAL (INTEIRO)
13979,X
13980,DISTRITO FEDERAL (INTEIRO)
13981,DISTRITO FEDERAL (INTEIRO)
13982,X
13983,DISTRITO FEDERAL (INTEIRO)
13984,DISTRITO FEDERAL (INTEIRO)
13985,DISTRITO FEDERAL (INTEIRO)
13986,DISTRITO FEDERAL (INTEIRO)
13987,DISTRITO FEDERAL (INTEIRO)
13988,DISTRITO FEDERAL (INTEIRO)
13989,DISTRITO FEDERAL (INTEIRO)
13990,DISTRITO FEDERAL (INTEIRO)
13991,DISTRITO FEDERAL (INTEIRO)
13992,DISTRITO FEDERAL (INTEIRO)
13993,DISTRITO FEDERAL (INTEIRO)
13994,DISTRITO FEDERAL (INTEIRO)
13995,DISTRITO FEDERAL (INTEIRO)
13996,XXXI
13997,V
13998,DISTRITO FEDERAL (INTEIRO)
13999,XXVII
14000,XIV
14001,DISTRITO FEDERAL (INTEIRO)
14002,DISTRITO FEDERAL (INTEIRO)
14003,III
14004,XIII
14005,II
14006,XIII
14007,XIII
14008,VIII
14009,XIII
14010,XIII
14011,DISTRITO FEDERAL (INTEIRO)
14012,XXVIII
14013,DISTRITO FEDERAL (INTEIRO)
14014,DISTRITO FEDERAL (INTEIRO)
14015,DISTRITO FEDERAL (INTEIRO)
14016,DISTRITO FEDERAL (INTEIRO)
14017,DISTRITO FEDERAL (INTEIRO)
14018,DISTRITO FEDERAL (INTEIRO)
14019,DISTRITO FEDERAL (INTEIRO)
14020,DISTRITO FEDERAL (INTEIRO)
14021,DISTRITO FEDERAL (INTEIRO)
14022,IX
14023,DISTRITO FEDERAL (INTEIRO)
14024,DISTRITO FEDERAL (INTEIRO)
14025,DISTRITO FEDERAL (INTEIRO)
14026,DISTRITO FEDERAL (INTEIRO)
14027,DISTRITO FEDERAL (INTEIRO)
14028,DISTRITO FEDERAL (INTEIRO)
14029,DISTRITO FEDERAL (INTEIRO)
14030,DISTRITO FEDERAL (INTEIRO)
14031,DISTRITO FEDERAL (INTEIRO)
14032,DISTRITO FEDERAL (INTEIRO)
14033,DISTRITO FEDERAL (INTEIRO)
14034,DISTRITO FEDERAL (INTEIRO)
14035,DISTRITO FEDERAL (INTEIRO)
14036,DISTRITO FEDERAL (INTEIRO)
14037,DISTRITO FEDERAL (INTEIRO)
14038,DISTRITO FEDERAL (INTEIRO)
14039,DISTRITO FEDERAL (INTEIRO)
14040,DISTRITO FEDERAL (INTEIRO)
14041,DISTRITO FEDERAL (INTEIRO)
14042,DISTRITO FEDERAL (INTEIRO)
14043,DISTRITO FEDERAL (INTEIRO)
14044,DISTRITO FEDERAL (INTEIRO)
14045,DISTRITO FEDERAL (INTEIRO)
14046,DISTRITO FEDERAL (INTEIRO)
14047,DISTRITO FEDERAL (INTEIRO)
14048,DISTRITO FEDERAL (INTEIRO)
14049,DISTRITO FEDERAL (INTEIRO)
14050,DISTRITO FEDERAL (INTEIRO)
14051,DISTRITO FEDERAL (INTEIRO)
14052,DISTRITO FEDERAL (INTEIRO)
14053,DISTRITO FEDERAL (INTEIRO)
14054,DISTRITO FEDERAL (INTEIRO)
14055,DISTRITO FEDERAL (INTEIRO)
14056,DISTRITO FEDERAL (INTEIRO)
14057,DISTRITO FEDERAL (INTEIRO)
14058,DISTRITO FEDERAL (INTEIRO)
14059,DISTRITO FEDERAL (INTEIRO)
14060,DISTRITO FEDERAL (INTEIRO)
14061,DISTRITO FEDERAL (INTEIRO)
14062,DISTRITO FEDERAL (INTEIRO)
14063,DISTRITO FEDERAL (INTEIRO)
14064,DISTRITO FEDERAL (INTEIRO)
14065,DISTRITO FEDERAL (INTEIRO)
14066,DISTRITO FEDERAL (INTEIRO)
14067,DISTRITO FEDERAL (INTEIRO)
14068,DISTRITO FEDERAL (INTEIRO)
14069,DISTRITO FEDERAL (INTEIRO)
14070,DISTRITO FEDERAL (INTEIRO)
14071,DISTRITO FEDERAL (INTEIRO)
14072,DISTRITO FEDERAL (INTEIRO)
14073,DISTRITO FEDERAL (INTEIRO)
14074,DISTRITO FEDERAL (INTEIRO)
14075,DISTRITO FEDERAL (INTEIRO)
14076,DISTRITO FEDERAL (INTEIRO)
14077,DISTRITO FEDERAL (INTEIRO)
14078,DISTRITO FEDERAL (INTEIRO)
14079,DISTRITO FEDERAL (INTEIRO)
14080,DISTRITO FEDERAL (INTEIRO)
14081,DISTRITO FEDERAL (INTEIRO)
14082,DISTRITO FEDERAL (INTEIRO)
14083,DISTRITO FEDERAL (INTEIRO)
14084,DISTRITO FEDERAL (INTEIRO)
14085,DISTRITO FEDERAL (INTEIRO)
14086,DISTRITO FEDERAL (INTEIRO)
14087,DISTRITO FEDERAL (INTEIRO)
14088,XXV
14089,XXV
14090,XXV
14091,XXV
14092,XXV
14093,XXV
14094,DISTRITO FEDERAL (INTEIRO)
14095,DISTRITO FEDERAL (INTEIRO)
14096,DISTRITO FEDERAL (INTEIRO)
14097,DISTRITO FEDERAL (INTEIRO)
14098,DISTRITO FEDERAL (INTEIRO)
14099,DISTRITO FEDERAL (INTEIRO)
14100,DISTRITO FEDERAL (INTEIRO)
14101,DISTRITO FEDERAL (INTEIRO)
14102,DISTRITO FEDERAL (INTEIRO)
14103,DISTRITO FEDERAL (INTEIRO)
14104,DISTRITO FEDERAL (INTEIRO)
14105,DISTRITO FEDERAL (INTEIRO)
14106,DISTRITO FEDERAL (INTEIRO)
14107,DISTRITO FEDERAL (INTEIRO)
14108,DISTRITO FEDERAL (INTEIRO)
14109,DISTRITO FEDERAL (INTEIRO)
14110,DISTRITO FEDERAL (INTEIRO)
14111,DISTRITO FEDERAL (INTEIRO)
14112,DISTRITO FEDERAL (INTEIRO)
14113,DISTRITO FEDERAL (INTEIRO)
14114,DISTRITO FEDERAL (INTEIRO)
14115,XIII
14116,DISTRITO FEDERAL (INTEIRO)
14117,XIII
14118,DISTRITO FEDERAL (INTEIRO)
14119,DISTRITO FEDERAL (INTEIRO)
14120,DISTRITO FEDERAL (INTEIRO)
14121,DISTRITO FEDERAL (INTEIRO)
14122,DISTRITO FEDERAL (INTEIRO)
14123,DISTRITO FEDERAL (INTEIRO)
14124,DISTRITO FEDERAL (INTEIRO)
14125,DISTRITO FEDERAL (INTEIRO)
14126,DISTRITO FEDERAL (INTEIRO)
14127,DISTRITO FEDERAL (INTEIRO)
14128,DISTRITO FEDERAL (INTEIRO)
14129,DISTRITO FEDERAL (INTEIRO)
14130,DISTRITO FEDERAL (INTEIRO)
14131,DISTRITO FEDERAL (INTEIRO)
14132,DISTRITO FEDERAL (INTEIRO)
14133,DISTRITO FEDERAL (INTEIRO)
14134,DISTRITO FEDERAL (INTEIRO)
14135,V
14136,DISTRITO FEDERAL (INTEIRO)
14137,DISTRITO FEDERAL (INTEIRO)
14138,DISTRITO FEDERAL (INTEIRO)
14139,VII
14140,DISTRITO FEDERAL (INTEIRO)
14141,DISTRITO FEDERAL (INTEIRO)
14142,DISTRITO FEDERAL (INTEIRO)
14143,DISTRITO FEDERAL (INTEIRO)
14144,DISTRITO FEDERAL (INTEIRO)
14145,DISTRITO FEDERAL (INTEIRO)
14146,DISTRITO FEDERAL (INTEIRO)
14147,DISTRITO FEDERAL (INTEIRO)
14148,DISTRITO FEDERAL (INTEIRO)
14149,DISTRITO FEDERAL (INTEIRO)
14150,DISTRITO FEDERAL (INTEIRO)
14151,DISTRITO FEDERAL (INTEIRO)
14152,DISTRITO FEDERAL (INTEIRO)
14153,DISTRITO FEDERAL (INTEIRO)
14154,DISTRITO FEDERAL (INTEIRO)
14155,DISTRITO FEDERAL (INTEIRO)
14156,DISTRITO FEDERAL (INTEIRO)
14157,DISTRITO FEDERAL (INTEIRO)
14158,DISTRITO FEDERAL (INTEIRO)
14159,V
14160,DISTRITO FEDERAL (INTEIRO)
14161,XXVI
14162,DISTRITO FEDERAL (INTEIRO)
14163,DISTRITO FEDERAL (INTEIRO)
14164,DISTRITO FEDERAL (INTEIRO)
14165,DISTRITO FEDERAL (INTEIRO)
14166,DISTRITO FEDERAL (INTEIRO)
14167,DISTRITO FEDERAL (INTEIRO)
14168,DISTRITO FEDERAL (INTEIRO)
14169,DISTRITO FEDERAL (INTEIRO)
14170,DISTRITO FEDERAL (INTEIRO)
14171,DISTRITO FEDERAL (INTEIRO)
14172,DISTRITO FEDERAL (INTEIRO)
14173,DISTRITO FEDERAL (INTEIRO)
14174,DISTRITO FEDERAL (INTEIRO)
14175,DISTRITO FEDERAL (INTEIRO)
14176,DISTRITO FEDERAL (INTEIRO)
14177,DISTRITO FEDERAL (INTEIRO)
14178,DISTRITO FEDERAL (INTEIRO)
14179,DISTRITO FEDERAL (INTEIRO)
14180,DISTRITO FEDERAL (INTEIRO)
14181,DISTRITO FEDERAL (INTEIRO)
14182,DISTRITO FEDERAL (INTEIRO)
14183,DISTRITO FEDERAL (INTEIRO)
14184,DISTRITO FEDERAL (INTEIRO)
14185,DISTRITO FEDERAL (INTEIRO)
14186,XXVI
14187,DISTRITO FEDERAL (INTEIRO)
14188,DISTRITO FEDERAL (INTEIRO)
14189,DISTRITO FEDERAL (INTEIRO)
14190,DISTRITO FEDERAL (INTEIRO)
14191,DISTRITO FEDERAL (INTEIRO)
14192,DISTRITO FEDERAL (INTEIRO)
14193,DISTRITO FEDERAL (INTEIRO)
14194,DISTRITO FEDERAL (INTEIRO)
14195,DISTRITO FEDERAL (INTEIRO)
14196,DISTRITO FEDERAL (INTEIRO)
14197,DISTRITO FEDERAL (INTEIRO)
14198,DISTRITO FEDERAL (INTEIRO)
14199,DISTRITO FEDERAL (INTEIRO)
14200,DISTRITO FEDERAL (INTEIRO)
14201,DISTRITO FEDERAL (INTEIRO)
14202,DISTRITO FEDERAL (INTEIRO)
14203,DISTRITO FEDERAL (INTEIRO)
14204,IX
14205,XII
14206,II
14207,DISTRITO FEDERAL (INTEIRO)
14208,XXI
14209,DISTRITO FEDERAL (INTEIRO)
14210,DISTRITO FEDERAL (INTEIRO)
14211,DISTRITO FEDERAL (INTEIRO)
14212,III
14213,DISTRITO FEDERAL (INTEIRO)
14214,DISTRITO FEDERAL (INTEIRO)
14215,DISTRITO FEDERAL (INTEIRO)
14216,DISTRITO FEDERAL (INTEIRO)
14217,DISTRITO FEDERAL (INTEIRO)
14218,DISTRITO FEDERAL (INTEIRO)
14219,DISTRITO FEDERAL (INTEIRO)
14220,OUTROS ESTADOS
14221,DISTRITO FEDERAL (INTEIRO)
14222,DISTRITO FEDERAL (INTEIRO)
14223,IX
14224,III
14225,XV
14226,II
14227,XI
14228,II
14229,DISTRITO FEDERAL (INTEIRO)
14230,XIII
14231,XIII
14232,XXXII
14233,DISTRITO FEDERAL (INTEIRO)
14234,DISTRITO FEDERAL (INTEIRO)
14235,X
14236,XIII
14237,DISTRITO FEDERAL (INTEIRO)
14238,DISTRITO FEDERAL (INTEIRO)
14239,DISTRITO FEDERAL (INTEIRO)
14240,DISTRITO FEDERAL (INTEIRO)
14241,XXXII
14242,DISTRITO FEDERAL (INTEIRO)
14243,DISTRITO FEDERAL (INTEIRO)
14244,DISTRITO FEDERAL (INTEIRO)
14245,DISTRITO FEDERAL (INTEIRO)
14246,DISTRITO FEDERAL (INTEIRO)
14247,DISTRITO FEDERAL (INTEIRO)
14248,DISTRITO FEDERAL (INTEIRO)
14249,DISTRITO FEDERAL (INTEIRO)
14250,DISTRITO FEDERAL (INTEIRO)
14251,DISTRITO FEDERAL (INTEIRO)
14252,VIII
14253,DISTRITO FEDERAL (INTEIRO)
14254,DISTRITO FEDERAL (INTEIRO)
14255,DISTRITO FEDERAL (INTEIRO)
14256,DISTRITO FEDERAL (INTEIRO)
14257,DISTRITO FEDERAL (INTEIRO)
14258,DISTRITO FEDERAL (INTEIRO)
14259,DISTRITO FEDERAL (INTEIRO)
14260,DISTRITO FEDERAL (INTEIRO)
14261,DISTRITO FEDERAL (INTEIRO)
14262,DISTRITO FEDERAL (INTEIRO)
14263,DISTRITO FEDERAL (INTEIRO)
14264,DISTRITO FEDERAL (INTEIRO)
14265,DISTRITO FEDERAL (INTEIRO)
14266,DISTRITO FEDERAL (INTEIRO)
14267,DISTRITO FEDERAL (INTEIRO)
14268,DISTRITO FEDERAL (INTEIRO)
14269,DISTRITO FEDERAL (INTEIRO)
14270,VII
14271,DISTRITO FEDERAL (INTEIRO)
14272,DISTRITO FEDERAL (INTEIRO)
14273,DISTRITO FEDERAL (INTEIRO)
14274,DISTRITO FEDERAL (INTEIRO)
14275,DISTRITO FEDERAL (INTEIRO)
14276,DISTRITO FEDERAL (INTEIRO)
14277,DISTRITO FEDERAL (INTEIRO)
14278,DISTRITO FEDERAL (INTEIRO)
14279,DISTRITO FEDERAL (INTEIRO)
14280,DISTRITO FEDERAL (INTEIRO)
14281,DISTRITO FEDERAL (INTEIRO)
14282,DISTRITO FEDERAL (INTEIRO)
14283,DISTRITO FEDERAL (INTEIRO)
14284,DISTRITO FEDERAL (INTEIRO)
14285,DISTRITO FEDERAL (INTEIRO)
14286,DISTRITO FEDERAL (INTEIRO)
14287,DISTRITO FEDERAL (INTEIRO)
14288,DISTRITO FEDERAL (INTEIRO)
14289,DISTRITO FEDERAL (INTEIRO)
14290,DISTRITO FEDERAL (INTEIRO)
14291,DISTRITO FEDERAL (INTEIRO)
14291,III
14292,I
14293,DISTRITO FEDERAL (INTEIRO)
14294,DISTRITO FEDERAL (INTEIRO)
14295,DISTRITO FEDERAL (INTEIRO)
14296,DISTRITO FEDERAL (INTEIRO)
14297,DISTRITO FEDERAL (INTEIRO)
14297,IV
14298,DISTRITO FEDERAL (INTEIRO)
14299,DISTRITO FEDERAL (INTEIRO)
14300,VI
14301,XXXV
14302,DISTRITO FEDERAL (INTEIRO)
14303,DISTRITO FEDERAL (INTEIRO)
14304,DISTRITO FEDERAL (INTEIRO)
14305,XXX
14306,DISTRITO FEDERAL (INTEIRO)
14307,DISTRITO FEDERAL (INTEIRO)
14308,DISTRITO FEDERAL (INTEIRO)
14309,DISTRITO FEDERAL (INTEIRO)
14310,DISTRITO FEDERAL (INTEIRO)
14311,DISTRITO FEDERAL (INTEIRO)
14312,DISTRITO FEDERAL (INTEIRO)
14313,DISTRITO FEDERAL (INTEIRO)
14314,DISTRITO FEDERAL (INTEIRO)
14315,DISTRITO FEDERAL (INTEIRO)
14316,DISTRITO FEDERAL (INTEIRO)
14317,DISTRITO FEDERAL (INTEIRO)
14318,DISTRITO FEDERAL (INTEIRO)
14319,VI
14320,DISTRITO FEDERAL (INTEIRO)
14321,XV
14322,DISTRITO FEDERAL (INTEIRO)
14323,DISTRITO FEDERAL (INTEIRO)
14324,DISTRITO FEDERAL (INTEIRO)
14325,XXVI
14326,DISTRITO FEDERAL (INTEIRO)
14327,DISTRITO FEDERAL (INTEIRO)
14328,DISTRITO FEDERAL (INTEIRO)
14329,DISTRITO FEDERAL (INTEIRO)
14330,XX
14331,DISTRITO FEDERAL (INTEIRO)
14332,DISTRITO FEDERAL (INTEIRO)
14333,DISTRITO FEDERAL (INTEIRO)
14334,DISTRITO FEDERAL (INTEIRO)
14335,DISTRITO FEDERAL (INTEIRO)
14336,DISTRITO FEDERAL (INTEIRO)
14337,VI
14338,XII
14339,I
14340,DISTRITO FEDERAL (INTEIRO)
14341,DISTRITO FEDERAL (INTEIRO)
14342,DISTRITO FEDERAL (INTEIRO)
14343,VII
14344,DISTRITO FEDERAL (INTEIRO)
14345,DISTRITO FEDERAL (INTEIRO)
14346,DISTRITO FEDERAL (INTEIRO)
14347,DISTRITO FEDERAL (INTEIRO)
14348,DISTRITO FEDERAL (INTEIRO)
14349,DISTRITO FEDERAL (INTEIRO)
14350,DISTRITO FEDERAL (INTEIRO)
14351,DISTRITO FEDERAL (INTEIRO)
14352,DISTRITO FEDERAL (INTEIRO)
14353,DISTRITO FEDERAL (INTEIRO)
14354,DISTRITO FEDERAL (INTEIRO)
14355,DISTRITO FEDERAL (INTEIRO)
14356,DISTRITO FEDERAL (INTEIRO)
14357,DISTRITO FEDERAL (INTEIRO)
14358,DISTRITO FEDERAL (INTEIRO)
14359,DISTRITO FEDERAL (INTEIRO)
14360,DISTRITO FEDERAL (INTEIRO)
14361,XXXII
14362,III
14363,DISTRITO FEDERAL (INTEIRO)
14364,DISTRITO FEDERAL (INTEIRO)
14365,DISTRITO FEDERAL (INTEIRO)
14366,DISTRITO FEDERAL (INTEIRO)
14367,V
14368,DISTRITO FEDERAL (INTEIRO)
14369,XIV
14370,DISTRITO FEDERAL (INTEIRO)
14371,OUTROS ESTADOS
14372,II
14373,II
14374,DISTRITO FEDERAL (INTEIRO)
14375,DISTRITO FEDERAL (INTEIRO)
14376,DISTRITO FEDERAL (INTEIRO)
14377,DISTRITO FEDERAL (INTEIRO)
14378,DISTRITO FEDERAL (INTEIRO)
14379,DISTRITO FEDERAL (INTEIRO)
14380,DISTRITO FEDERAL (INTEIRO)
14381,DISTRITO FEDERAL (INTEIRO)
14382,DISTRITO FEDERAL (INTEIRO)
14383,DISTRITO FEDERAL (INTEIRO)
14384,DISTRITO FEDERAL (INTEIRO)
14385,DISTRITO FEDERAL (INTEIRO)
14386,DISTRITO FEDERAL (INTEIRO)
14387,DISTRITO FEDERAL (INTEIRO)
14388,DISTRITO FEDERAL (INTEIRO)
14389,DISTRITO FEDERAL (INTEIRO)
14390,DISTRITO FEDERAL (INTEIRO)
14391,DISTRITO FEDERAL (INTEIRO)
14392,DISTRITO FEDERAL (INTEIRO)
14393,DISTRITO FEDERAL (INTEIRO)
14394,DISTRITO FEDERAL (INTEIRO)
14395,DISTRITO FEDERAL (INTEIRO)
14396,DISTRITO FEDERAL (INTEIRO)
14397,DISTRITO FEDERAL (INTEIRO)
14398,DISTRITO FEDERAL (INTEIRO)
14399,DISTRITO FEDERAL (INTEIRO)
14400,XXXV
14401,XXXV
14402,XXXV
14403,XXXV
14404,DISTRITO FEDERAL (INTEIRO)
14405,XXXV
14406,XXXV
14407,XXXV
14408,XXXV
14409,XXXV
14410,DISTRITO FEDERAL (INTEIRO)
14411,DISTRITO FEDERAL (INTEIRO)
14412,DISTRITO FEDERAL (INTEIRO)
14413,DISTRITO FEDERAL (INTEIRO)
14414,DISTRITO FEDERAL (INTEIRO)
14415,DISTRITO FEDERAL (INTEIRO)
14416,DISTRITO FEDERAL (INTEIRO)
14417,DISTRITO FEDERAL (INTEIRO)
14418,DISTRITO FEDERAL (INTEIRO)
14419,XXVIII
14420,DISTRITO FEDERAL (INTEIRO)
14421,DISTRITO FEDERAL (INTEIRO)
14422,DISTRITO FEDERAL (INTEIRO)
14423,II
14424,DISTRITO FEDERAL (INTEIRO)
14425,DISTRITO FEDERAL (INTEIRO)
14426,DISTRITO FEDERAL (INTEIRO)
14427,IX
14428,IX
14429,DISTRITO FEDERAL (INTEIRO)
14430,DISTRITO FEDERAL (INTEIRO)
14431,XIV
14432,DISTRITO FEDERAL (INTEIRO)
14433,XXXII
14434,DISTRITO FEDERAL (INTEIRO)
14435,DISTRITO FEDERAL (INTEIRO)
14436,DISTRITO FEDERAL (INTEIRO)
14437,XXXII
14438,DISTRITO FEDERAL (INTEIRO)
14439,DISTRITO FEDERAL (INTEIRO)
14440,DISTRITO FEDERAL (INTEIRO)
14441,DISTRITO FEDERAL (INTEIRO)
14442,DISTRITO FEDERAL (INTEIRO)
14443,DISTRITO FEDERAL (INTEIRO)
14444,DISTRITO FEDERAL (INTEIRO)
14445,DISTRITO FEDERAL (INTEIRO)
14446,DISTRITO FEDERAL (INTEIRO)
14447,DISTRITO FEDERAL (INTEIRO)
14448,DISTRITO FEDERAL (INTEIRO)
14449,DISTRITO FEDERAL (INTEIRO)
14450,XXX
14451,DISTRITO FEDERAL (INTEIRO)
14452,DISTRITO FEDERAL (INTEIRO)
14453,DISTRITO FEDERAL (INTEIRO)
14454,DISTRITO FEDERAL (INTEIRO)
14455,DISTRITO FEDERAL (INTEIRO)
14456,DISTRITO FEDERAL (INTEIRO)
14457,DISTRITO FEDERAL (INTEIRO)
14458,DISTRITO FEDERAL (INTEIRO)
14459,DISTRITO FEDERAL (INTEIRO)
14460,XX
14461,XIV
14462,I
14463,V
14464,XIV
14465,IX
14466,DISTRITO FEDERAL (INTEIRO)
14467,XII
14468,DISTRITO FEDERAL (INTEIRO)
14469,DISTRITO FEDERAL (INTEIRO)
14470,DISTRITO FEDERAL (INTEIRO)
14471,DISTRITO FEDERAL (INTEIRO)
14472,XIV
14473,XIV
14474,DISTRITO FEDERAL (INTEIRO)
14475,DISTRITO FEDERAL (INTEIRO)
14476,DISTRITO FEDERAL (INTEIRO)
14477,DISTRITO FEDERAL (INTEIRO)
14478,DISTRITO FEDERAL (INTEIRO)
14479,DISTRITO FEDERAL (INTEIRO)
14480,DISTRITO FEDERAL (INTEIRO)
14481,DISTRITO FEDERAL (INTEIRO)
14482,III
14483,III
14484,DISTRITO FEDERAL (INTEIRO)
14485,III
14486,DISTRITO FEDERAL (INTEIRO)
14487,DISTRITO FEDERAL (INTEIRO)
14488,III
14489,DISTRITO FEDERAL (INTEIRO)
14490,DISTRITO FEDERAL (INTEIRO)
14491,DISTRITO FEDERAL (INTEIRO)
14492,DISTRITO FEDERAL (INTEIRO)
14493,DISTRITO FEDERAL (INTEIRO)
14494,DISTRITO FEDERAL (INTEIRO)
14495,DISTRITO FEDERAL (INTEIRO)
14496,DISTRITO FEDERAL (INTEIRO)
14497,XX
14498,DISTRITO FEDERAL (INTEIRO)
14499,DISTRITO FEDERAL (INTEIRO)
14500,DISTRITO FEDERAL (INTEIRO)
14501,DISTRITO FEDERAL (INTEIRO)
14502,DISTRITO FEDERAL (INTEIRO)
14503,DISTRITO FEDERAL (INTEIRO)
14504,DISTRITO FEDERAL (INTEIRO)
14505,DISTRITO FEDERAL (INTEIRO)
14506,DISTRITO FEDERAL (INTEIRO)
14507,XXI
14508,XXI
14509,XXI
14510,XII
14511,XXI
14512,DISTRITO FEDERAL (INTEIRO)
14513,DISTRITO FEDERAL (INTEIRO)
14514,DISTRITO FEDERAL (INTEIRO)
14515,DISTRITO FEDERAL (INTEIRO)
14516,DISTRITO FEDERAL (INTEIRO)
14517,DISTRITO FEDERAL (INTEIRO)
14518,DISTRITO FEDERAL (INTEIRO)
14519,DISTRITO FEDERAL (INTEIRO)
14520,DISTRITO FEDERAL (INTEIRO)
14521,DISTRITO FEDERAL (INTEIRO)
14522,DISTRITO FEDERAL (INTEIRO)
14523,DISTRITO FEDERAL (INTEIRO)
14524,DISTRITO FEDERAL (INTEIRO)
14525,DISTRITO FEDERAL (INTEIRO)
14526,DISTRITO FEDERAL (INTEIRO)
14527,DISTRITO FEDERAL (INTEIRO)
14528,DISTRITO FEDERAL (INTEIRO)
14529,DISTRITO FEDERAL (INTEIRO)
14530,DISTRITO FEDERAL (INTEIRO)
14531,DISTRITO FEDERAL (INTEIRO)
14532,DISTRITO FEDERAL (INTEIRO)
14533,DISTRITO FEDERAL (INTEIRO)
14534,DISTRITO FEDERAL (INTEIRO)
14535,DISTRITO FEDERAL (INTEIRO)
14536,DISTRITO FEDERAL (INTEIRO)
14537,DISTRITO FEDERAL (INTEIRO)
14538,DISTRITO FEDERAL (INTEIRO)
14539,XIV
14540,DISTRITO FEDERAL (INTEIRO)
14541,DISTRITO FEDERAL (INTEIRO)
14542,DISTRITO FEDERAL (INTEIRO)
14543,DISTRITO FEDERAL (INTEIRO)
14544,XIII
14545,XIII
14546,XIII
14547,XIII
14548,XIII
14549,XIII
14550,DISTRITO FEDERAL (INTEIRO)
14551,DISTRITO FEDERAL (INTEIRO)
14552,DISTRITO FEDERAL (INTEIRO)
14553,DISTRITO FEDERAL (INTEIRO)
14554,DISTRITO FEDERAL (INTEIRO)
14555,DISTRITO FEDERAL (INTEIRO)
14556,DISTRITO FEDERAL (INTEIRO)
14557,DISTRITO FEDERAL (INTEIRO)
14558,DISTRITO FEDERAL (INTEIRO)
14559,DISTRITO FEDERAL (INTEIRO)
14560,DISTRITO FEDERAL (INTEIRO)
14561,DISTRITO FEDERAL (INTEIRO)
14562,DISTRITO FEDERAL (INTEIRO)
14563,XVII
14564,XVII
14565,XVII
14566,XVII
14567,XVII
14568,XVII
14569,XVII
14570,XVII
14571,XVII
14572,XVII
14573,XVII
14574,XXIV
14575,XXIV
14576,XXIV
14577,XXIV
14578,XXIV
14579,XXIV
14580,XXIV
14581,XXIV
14582,XXIV
14583,XXIV
14584,XXIV
14585,DISTRITO FEDERAL (INTEIRO)
14586,XXV
14587,DISTRITO FEDERAL (INTEIRO)
14588,DISTRITO FEDERAL (INTEIRO)
14589,DISTRITO FEDERAL (INTEIRO)
14590,DISTRITO FEDERAL (INTEIRO)
14591,DISTRITO FEDERAL (INTEIRO)
14592,DISTRITO FEDERAL (INTEIRO)
14593,DISTRITO FEDERAL (INTEIRO)
14594,DISTRITO FEDERAL (INTEIRO)
14595,DISTRITO FEDERAL (INTEIRO)
14596,DISTRITO FEDERAL (INTEIRO)
14597,DISTRITO FEDERAL (INTEIRO)
14598,DISTRITO FEDERAL (INTEIRO)
14599,DISTRITO FEDERAL (INTEIRO)
14600,DISTRITO FEDERAL (INTEIRO)
14601,DISTRITO FEDERAL (INTEIRO)
14602,VIII
14602,XVII
14603,VIII
14604,DISTRITO FEDERAL (INTEIRO)
14605,XX
14606,III
14607,X
14608,DISTRITO FEDERAL (INTEIRO)
14608,I
14609,DISTRITO FEDERAL (INTEIRO)
14610,DISTRITO FEDERAL (INTEIRO)
14611,DISTRITO FEDERAL (INTEIRO)
14612,DISTRITO FEDERAL (INTEIRO)
14613,DISTRITO FEDERAL (INTEIRO)
14614,DISTRITO FEDERAL (INTEIRO)
14615,XIII
14616,XVII
14617,XVII
14618,IX
14619,DISTRITO FEDERAL (INTEIRO)
14620,DISTRITO FEDERAL (INTEIRO)
14621,DISTRITO FEDERAL (INTEIRO)
14622,DISTRITO FEDERAL (INTEIRO)
14623,II
14624,DISTRITO FEDERAL (INTEIRO)
14625,DISTRITO FEDERAL (INTEIRO)
14626,DISTRITO FEDERAL (INTEIRO)
14627,VI
14628,DISTRITO FEDERAL (INTEIRO)
14629,DISTRITO FEDERAL (INTEIRO)
14629,I
14630,DISTRITO FEDERAL (INTEIRO)
14631,DISTRITO FEDERAL (INTEIRO)
14632,DISTRITO FEDERAL (INTEIRO)
14633,DISTRITO FEDERAL (INTEIRO)
14634,DISTRITO FEDERAL (INTEIRO)
14635,DISTRITO FEDERAL (INTEIRO)
14636,VI
14637,DISTRITO FEDERAL (INTEIRO)
14638,DISTRITO FEDERAL (INTEIRO)
14639,DISTRITO FEDERAL (INTEIRO)
14640,DISTRITO FEDERAL (INTEIRO)
14641,DISTRITO FEDERAL (INTEIRO)
14642,DISTRITO FEDERAL (INTEIRO)
14643,VI
14644,DISTRITO FEDERAL (INTEIRO)
14645,DISTRITO FEDERAL (INTEIRO)
14646,DISTRITO FEDERAL (INTEIRO)
14647,XXV
14648,DISTRITO FEDERAL (INTEIRO)
14649,DISTRITO FEDERAL (INTEIRO)
14650,DISTRITO FEDERAL (INTEIRO)
14651,DISTRITO FEDERAL (INTEIRO)
14652,VI
14653,DISTRITO FEDERAL (INTEIRO)
14654,DISTRITO FEDERAL (INTEIRO)
14655,DISTRITO FEDERAL (INTEIRO)
14656,XII
14657,DISTRITO FEDERAL (INTEIRO)
14658,DISTRITO FEDERAL (INTEIRO)
14659,DISTRITO FEDERAL (INTEIRO)
14660,VI
14661,DISTRITO FEDERAL (INTEIRO)
14662,DISTRITO FEDERAL (INTEIRO)
14663,DISTRITO FEDERAL (INTEIRO)
14664,DISTRITO FEDERAL (INTEIRO)
14665,DISTRITO FEDERAL (INTEIRO)
14666,DISTRITO FEDERAL (INTEIRO)
14667,DISTRITO FEDERAL (INTEIRO)
14668,DISTRITO FEDERAL (INTEIRO)
14669,DISTRITO FEDERAL (INTEIRO)
14670,DISTRITO FEDERAL (INTEIRO)
14671,DISTRITO FEDERAL (INTEIRO)
14672,DISTRITO FEDERAL (INTEIRO)
14673,DISTRITO FEDERAL (INTEIRO)
14674,DISTRITO FEDERAL (INTEIRO)
14675,DISTRITO FEDERAL (INTEIRO)
14676,DISTRITO FEDERAL (INTEIRO)
14677,DISTRITO FEDERAL (INTEIRO)
14678,DISTRITO FEDERAL (INTEIRO)
14679,DISTRITO FEDERAL (INTEIRO)
14680,DISTRITO FEDERAL (INTEIRO)
14681,XIII
14682,DISTRITO FEDERAL (INTEIRO)
14683,DISTRITO FEDERAL (INTEIRO)
14684,DISTRITO FEDERAL (INTEIRO)
14685,DISTRITO FEDERAL (INTEIRO)
14686,DISTRITO FEDERAL (INTEIRO)
14687,DISTRITO FEDERAL (INTEIRO)
14688,DISTRITO FEDERAL (INTEIRO)
14689,DISTRITO FEDERAL (INTEIRO)
14690,DISTRITO FEDERAL (INTEIRO)
14691,DISTRITO FEDERAL (INTEIRO)
14692,DISTRITO FEDERAL (INTEIRO)
14693,DISTRITO FEDERAL (INTEIRO)
14694,DISTRITO FEDERAL (INTEIRO)
14695,DISTRITO FEDERAL (INTEIRO)
14696,DISTRITO FEDERAL (INTEIRO)
14697,DISTRITO FEDERAL (INTEIRO)
14698,DISTRITO FEDERAL (INTEIRO)
14699,DISTRITO FEDERAL (INTEIRO)
14700,DISTRITO FEDERAL (INTEIRO)
14701,DISTRITO FEDERAL (INTEIRO)
14702,DISTRITO FEDERAL (INTEIRO)
14703,DISTRITO FEDERAL (INTEIRO)
14704,DISTRITO FEDERAL (INTEIRO)
14705,DISTRITO FEDERAL (INTEIRO)
14706,DISTRITO FEDERAL (INTEIRO)
14707,DISTRITO FEDERAL (INTEIRO)
14708,DISTRITO FEDERAL (INTEIRO)
14709,DISTRITO FEDERAL (INTEIRO)
14710,DISTRITO FEDERAL (INTEIRO)
14711,DISTRITO FEDERAL (INTEIRO)
14712,XIII
14713,XIII
14714,XIII
14715,XIII
14716,XIII
14717,XIII
14718,XIII
14719,XIII
14720,XIII
14721,XIII
14722,XIII
14723,XIII
14724,XIII
14725,XIII
14726,XXXIV
14727,XIII
14728,XV
14729,XIII
14730,XIII
14731,DISTRITO FEDERAL (INTEIRO)
14732,XIII
14733,XIII
14734,XIII
14735,XIII
14736,XIII
14737,XIII
14738,XIII
14739,IV
14740,XXV
14741,DISTRITO FEDERAL (INTEIRO)
14742,DISTRITO FEDERAL (INTEIRO)
14743,DISTRITO FEDERAL (INTEIRO)
14744,DISTRITO FEDERAL (INTEIRO)
14745,DISTRITO FEDERAL (INTEIRO)
14746,DISTRITO FEDERAL (INTEIRO)
14747,DISTRITO FEDERAL (INTEIRO)
14748,DISTRITO FEDERAL (INTEIRO)
14749,DISTRITO FEDERAL (INTEIRO)
14750,DISTRITO FEDERAL (INTEIRO)
14751,DISTRITO FEDERAL (INTEIRO)
14752,DISTRITO FEDERAL (INTEIRO)
14753,DISTRITO FEDERAL (INTEIRO)
14754,DISTRITO FEDERAL (INTEIRO)
14755,DISTRITO FEDERAL (INTEIRO)
14756,DISTRITO FEDERAL (INTEIRO)
14757,DISTRITO FEDERAL (INTEIRO)
14758,DISTRITO FEDERAL (INTEIRO)
14759,DISTRITO FEDERAL (INTEIRO)
14760,DISTRITO FEDERAL (INTEIRO)
14761,DISTRITO FEDERAL (INTEIRO)
14762,DISTRITO FEDERAL (INTEIRO)
14763,DISTRITO FEDERAL (INTEIRO)
14764,DISTRITO FEDERAL (INTEIRO)
14765,DISTRITO FEDERAL (INTEIRO)
14766,DISTRITO FEDERAL (INTEIRO)
14767,DISTRITO FEDERAL (INTEIRO)
14768,DISTRITO FEDERAL (INTEIRO)
14769,DISTRITO FEDERAL (INTEIRO)
14770,DISTRITO FEDERAL (INTEIRO)
14771,DISTRITO FEDERAL (INTEIRO)
14772,DISTRITO FEDERAL (INTEIRO)
14773,DISTRITO FEDERAL (INTEIRO)
14774,XII
14775,DISTRITO FEDERAL (INTEIRO)
14776,DISTRITO FEDERAL (INTEIRO)
14777,DISTRITO FEDERAL (INTEIRO)
14778,DISTRITO FEDERAL (INTEIRO)
14779,DISTRITO FEDERAL (INTEIRO)
14780,DISTRITO FEDERAL (INTEIRO)
14781,DISTRITO FEDERAL (INTEIRO)
14782,DISTRITO FEDERAL (INTEIRO)
14783,DISTRITO FEDERAL (INTEIRO)
14784,DISTRITO FEDERAL (INTEIRO)
14785,DISTRITO FEDERAL (INTEIRO)
14786,DISTRITO FEDERAL (INTEIRO)
14787,DISTRITO FEDERAL (INTEIRO)
14788,XIV
14789,DISTRITO FEDERAL (INTEIRO)
14790,DISTRITO FEDERAL (INTEIRO)
14791,DISTRITO FEDERAL (INTEIRO)
14792,DISTRITO FEDERAL (INTEIRO)
14793,DISTRITO FEDERAL (INTEIRO)
14794,XIII
14795,DISTRITO FEDERAL (INTEIRO)
14796,DISTRITO FEDERAL (INTEIRO)
14797,DISTRITO FEDERAL (INTEIRO)
14798,DISTRITO FEDERAL (INTEIRO)
14799,DISTRITO FEDERAL (INTEIRO)
14800,XIII
14801,DISTRITO FEDERAL (INTEIRO)
14802,DISTRITO FEDERAL (INTEIRO)
14803,DISTRITO FEDERAL (INTEIRO)
14804,DISTRITO FEDERAL (INTEIRO)
14805,XIII
14806,XIII
14807,XIII
14808,XIII
14809,XIII
14810,XIII
14811,XIII
14812,XIII
14813,XIII
14814,XIII
14815,XIII
14816,DISTRITO FEDERAL (INTEIRO)
14817,XIII
14818,XIII
14819,XIII
14820,XIII
14821,DISTRITO FEDERAL (INTEIRO)
14822,XIII
14823,XIII
14824,XIII
14825,XIII
14826,XIII
14827,XIII
14828,XIII
14829,XIII
14830,XIII
14831,XIII
14832,DISTRITO FEDERAL (INTEIRO)
14833,DISTRITO FEDERAL (INTEIRO)
14834,DISTRITO FEDERAL (INTEIRO)
14835,DISTRITO FEDERAL (INTEIRO)
14836,DISTRITO FEDERAL (INTEIRO)
14837,DISTRITO FEDERAL (INTEIRO)
14838,XXV
14839,DISTRITO FEDERAL (INTEIRO)
14840,DISTRITO FEDERAL (INTEIRO)
14841,DISTRITO FEDERAL (INTEIRO)
14842,II
14843,II
14844,II
14845,DISTRITO FEDERAL (INTEIRO)
14846,II
14847,II
14848,II
14849,II
14850,II
14851,II
14852,DISTRITO FEDERAL (INTEIRO)
14853,XIII
14854,XIII
14855,XIII
14856,XIII
14857,XIII
14858,XIII
14859,XIII
14860,XIII
14861,XIII
14862,XIII
14863,XIII
14864,XIII
14865,XIII
14866,XIII
14867,XIII
14868,XIII
14869,XIII
14870,XIII
14871,XIII
14872,XIII
14873,XIII
14874,XIII
14875,XIII
14876,XIII
14877,XIII
14878,XIII
14879,XIII
14880,DISTRITO FEDERAL (INTEIRO)
14881,II
14882,DISTRITO FEDERAL (INTEIRO)
14883,DISTRITO FEDERAL (INTEIRO)
14884,DISTRITO FEDERAL (INTEIRO)
14885,X
14886,DISTRITO FEDERAL (INTEIRO)
14887,XIV
14888,XV
14889,DISTRITO FEDERAL (INTEIRO)
14890,DISTRITO FEDERAL (INTEIRO)
14891,DISTRITO FEDERAL (INTEIRO)
14892,XIII
14893,DISTRITO FEDERAL (INTEIRO)
14894,DISTRITO FEDERAL (INTEIRO)
14895,DISTRITO FEDERAL (INTEIRO)
14896,DISTRITO FEDERAL (INTEIRO)
14897,DISTRITO FEDERAL (INTEIRO)
14898,DISTRITO FEDERAL (INTEIRO)
14899,XIV
14900,DISTRITO FEDERAL (INTEIRO)
14901,DISTRITO FEDERAL (INTEIRO)
14902,DISTRITO FEDERAL (INTEIRO)
14903,DISTRITO FEDERAL (INTEIRO)
14904,DISTRITO FEDERAL (INTEIRO)
14905,DISTRITO FEDERAL (INTEIRO)
14906,DISTRITO FEDERAL (INTEIRO)
14907,DISTRITO FEDERAL (INTEIRO)
14908,XIII
14909,DISTRITO FEDERAL (INTEIRO)
14910,DISTRITO FEDERAL (INTEIRO)
14911,DISTRITO FEDERAL (INTEIRO)
14912,DISTRITO FEDERAL (INTEIRO)
14913,DISTRITO FEDERAL (INTEIRO)
14914,DISTRITO FEDERAL (INTEIRO)
14915,DISTRITO FEDERAL (INTEIRO)
14916,DISTRITO FEDERAL (INTEIRO)
14917,DISTRITO FEDERAL (INTEIRO)
14918,DISTRITO FEDERAL (INTEIRO)
14919,DISTRITO FEDERAL (INTEIRO)
14920,DISTRITO FEDERAL (INTEIRO)
14921,DISTRITO FEDERAL (INTEIRO)
14922,DISTRITO FEDERAL (INTEIRO)
14923,DISTRITO FEDERAL (INTEIRO)
14924,DISTRITO FEDERAL (INTEIRO)
14925,X
14926,DISTRITO FEDERAL (INTEIRO)
14927,DISTRITO FEDERAL (INTEIRO)
14928,DISTRITO FEDERAL (INTEIRO)
14929,DISTRITO FEDERAL (INTEIRO)
14930,DISTRITO FEDERAL (INTEIRO)
14931,DISTRITO FEDERAL (INTEIRO)
14932,DISTRITO FEDERAL (INTEIRO)
14933,DISTRITO FEDERAL (INTEIRO)
14934,DISTRITO FEDERAL (INTEIRO)
14935,I
14936,VI
14937,DISTRITO FEDERAL (INTEIRO)
14938,DISTRITO FEDERAL (INTEIRO)
14939,XIII
14940,XIII
14941,IX
14942,IX
14943,IX
14944,IX
14945,IX
14946,IX
14947,IX
14948,IX
14949,IX
14950,IX
14951,XIII
14952,XIII
14953,DISTRITO FEDERAL (INTEIRO)
14954,DISTRITO FEDERAL (INTEIRO)
14955,DISTRITO FEDERAL (INTEIRO)
14956,DISTRITO FEDERAL (INTEIRO)
14957,DISTRITO FEDERAL (INTEIRO)
14958,DISTRITO FEDERAL (INTEIRO)
14959,DISTRITO FEDERAL (INTEIRO)
14960,DISTRITO FEDERAL (INTEIRO)
14961,DISTRITO FEDERAL (INTEIRO)
14962,DISTRITO FEDERAL (INTEIRO)
14963,DISTRITO FEDERAL (INTEIRO)
14964,DISTRITO FEDERAL (INTEIRO)
14965,DISTRITO FEDERAL (INTEIRO)
14966,DISTRITO FEDERAL (INTEIRO)
14967,DISTRITO FEDERAL (INTEIRO)
14968,XXX
14969,DISTRITO FEDERAL (INTEIRO)
14970,DISTRITO FEDERAL (INTEIRO)
14971,XXX
14972,DISTRITO FEDERAL (INTEIRO)
14973,DISTRITO FEDERAL (INTEIRO)
14974,DISTRITO FEDERAL (INTEIRO)
14975,DISTRITO FEDERAL (INTEIRO)
14976,DISTRITO FEDERAL (INTEIRO)
14977,DISTRITO FEDERAL (INTEIRO)
14978,DISTRITO FEDERAL (INTEIRO)
14979,DISTRITO FEDERAL (INTEIRO)
14980,DISTRITO FEDERAL (INTEIRO)
14981,DISTRITO FEDERAL (INTEIRO)
14982,DISTRITO FEDERAL (INTEIRO)
14983,I
14984,I
14985,I
14986,I
14987,XXIV
14988,DISTRITO FEDERAL (INTEIRO)
14989,DISTRITO FEDERAL (INTEIRO)
14990,DISTRITO FEDERAL (INTEIRO)
14991,DISTRITO FEDERAL (INTEIRO)
14992,DISTRITO FEDERAL (INTEIRO)
14993,DISTRITO FEDERAL (INTEIRO)
14994,DISTRITO FEDERAL (INTEIRO)
14995,DISTRITO FEDERAL (INTEIRO)
14996,DISTRITO FEDERAL (INTEIRO)
14997,XXXII
14998,I
14999,DISTRITO FEDERAL (INTEIRO)
15000,DISTRITO FEDERAL (INTEIRO)
15001,DISTRITO FEDERAL (INTEIRO)
15002,DISTRITO FEDERAL (INTEIRO)
15003,III
15004,DISTRITO FEDERAL (INTEIRO)
15005,XVII
15006,DISTRITO FEDERAL (INTEIRO)
15007,DISTRITO FEDERAL (INTEIRO)
15008,DISTRITO FEDERAL (INTEIRO)
15009,DISTRITO FEDERAL (INTEIRO)
15010,DISTRITO FEDERAL (INTEIRO)
15011,DISTRITO FEDERAL (INTEIRO)
15012,DISTRITO FEDERAL (INTEIRO)
15013,DISTRITO FEDERAL (INTEIRO)
15014,DISTRITO FEDERAL (INTEIRO)
15015,II
15016,II
15017,II
15018,II
15019,II
15020,II
15021,II
15022,II
15023,II
15024,II
15025,II
15026,DISTRITO FEDERAL (INTEIRO)
15027,XIII
15028,DISTRITO FEDERAL (INTEIRO)
15029,XIII
15030,XIII
15031,XIII
15032,V
15033,DISTRITO FEDERAL (INTEIRO)
15034,DISTRITO FEDERAL (INTEIRO)
15035,DISTRITO FEDERAL (INTEIRO)
15036,DISTRITO FEDERAL (INTEIRO)
15037,DISTRITO FEDERAL (INTEIRO)
15038,DISTRITO FEDERAL (INTEIRO)
15039,DISTRITO FEDERAL (INTEIRO)
15040,DISTRITO FEDERAL (INTEIRO)
15041,XV
15042,XIII
15043,XIII
15044,DISTRITO FEDERAL (INTEIRO)
15045,II
15046,DISTRITO FEDERAL (INTEIRO)
15047,I
15048,DISTRITO FEDERAL (INTEIRO)
15049,II
15050,DISTRITO FEDERAL (INTEIRO)
15051,DISTRITO FEDERAL (INTEIRO)
15052,DISTRITO FEDERAL (INTEIRO)
15053,DISTRITO FEDERAL (INTEIRO)
15054,DISTRITO FEDERAL (INTEIRO)
15055,DISTRITO FEDERAL (INTEIRO)
15056,DISTRITO FEDERAL (INTEIRO)
15057,DISTRITO FEDERAL (INTEIRO)
15058,DISTRITO FEDERAL (INTEIRO)
15059,DISTRITO FEDERAL (INTEIRO)
15060,DISTRITO FEDERAL (INTEIRO)
15061,DISTRITO FEDERAL (INTEIRO)
15062,DISTRITO FEDERAL (INTEIRO)
15063,DISTRITO FEDERAL (INTEIRO)
15064,XIII
15065,DISTRITO FEDERAL (INTEIRO)
15066,DISTRITO FEDERAL (INTEIRO)
15067,I
15068,DISTRITO FEDERAL (INTEIRO)
15069,DISTRITO FEDERAL (INTEIRO)
15069,VII
15070,DISTRITO FEDERAL (INTEIRO)
15071,DISTRITO FEDERAL (INTEIRO)
15072,XIII
15073,XV
15074,IX
15075,IX
15076,IX
15077,XVII
15078,DISTRITO FEDERAL (INTEIRO)
15079,XIII
15080,I
15081,I
15082,DISTRITO FEDERAL (INTEIRO)
15083,DISTRITO FEDERAL (INTEIRO)
15084,DISTRITO FEDERAL (INTEIRO)
15085,DISTRITO FEDERAL (INTEIRO)
15086,DISTRITO FEDERAL (INTEIRO)
15087,DISTRITO FEDERAL (INTEIRO)
15088,DISTRITO FEDERAL (INTEIRO)
15089,DISTRITO FEDERAL (INTEIRO)
15090,DISTRITO FEDERAL (INTEIRO)
15091,DISTRITO FEDERAL (INTEIRO)
15092,DISTRITO FEDERAL (INTEIRO)
15093,DISTRITO FEDERAL (INTEIRO)
15094,DISTRITO FEDERAL (INTEIRO)
15095,DISTRITO FEDERAL (INTEIRO)
15095,IX
15096,DISTRITO FEDERAL (INTEIRO)
15097,DISTRITO FEDERAL (INTEIRO)
15098,DISTRITO FEDERAL (INTEIRO)
15099,DISTRITO FEDERAL (INTEIRO)
15100,DISTRITO FEDERAL (INTEIRO)
15101,DISTRITO FEDERAL (INTEIRO)
15102,DISTRITO FEDERAL (INTEIRO)
15103,DISTRITO FEDERAL (INTEIRO)
15104,DISTRITO FEDERAL (INTEIRO)
15105,DISTRITO FEDERAL (INTEIRO)
15106,DISTRITO FEDERAL (INTEIRO)
15107,DISTRITO FEDERAL (INTEIRO)
15108,DISTRITO FEDERAL (INTEIRO)
15109,DISTRITO FEDERAL (INTEIRO)
15110,DISTRITO FEDERAL (INTEIRO)
15111,DISTRITO FEDERAL (INTEIRO)
15112,DISTRITO FEDERAL (INTEIRO)
15113,DISTRITO FEDERAL (INTEIRO)
15114,DISTRITO FEDERAL (INTEIRO)
15115,DISTRITO FEDERAL (INTEIRO)
15116,I
15117,I
15118,I
15119,I
15120,III
15121,DISTRITO FEDERAL (INTEIRO)
15122,V
15123,V
15124,V
15125,DISTRITO FEDERAL (INTEIRO)
15126,DISTRITO FEDERAL (INTEIRO)
15127,DISTRITO FEDERAL (INTEIRO)
15128,DISTRITO FEDERAL (INTEIRO)
15129,DISTRITO FEDERAL (INTEIRO)
15130,DISTRITO FEDERAL (INTEIRO)
15131,DISTRITO FEDERAL (INTEIRO)
15132,DISTRITO FEDERAL (INTEIRO)
15133,DISTRITO FEDERAL (INTEIRO)
15134,DISTRITO FEDERAL (INTEIRO)
15135,DISTRITO FEDERAL (INTEIRO)
15136,DISTRITO FEDERAL (INTEIRO)
15137,XXVIII
15138,V
15139,XXVI
15140,DISTRITO FEDERAL (INTEIRO)
15141,DISTRITO FEDERAL (INTEIRO)
15142,DISTRITO FEDERAL (INTEIRO)
15143,DISTRITO FEDERAL (INTEIRO)
15144,DISTRITO FEDERAL (INTEIRO)
15145,DISTRITO FEDERAL (INTEIRO)
15146,DISTRITO FEDERAL (INTEIRO)
15147,DISTRITO FEDERAL (INTEIRO)
15148,DISTRITO FEDERAL (INTEIRO)
15148,ENTORNO
15148,I
15148,II
15148,III
15148,IV
15148,IX
15148,OUTROS ESTADOS
15148,V
15148,VI
15148,VII
15148,VIII
15148,X
15148,XI
15148,XII
15148,XIII
15148,XIV
15148,XIX
15148,XV
15148,XVI
15148,XVII
15148,XVIII
15148,XX
15148,XXI
15148,XXII
15148,XXIII
15148,XXIV
15148,XXIX
15148,XXV
15148,XXVI
15148,XXVII
15148,XXVIII
15148,XXX
15148,XXXI
15148,XXXII
15148,XXXIII
15148,XXXIV
15148,XXXV
15149,DISTRITO FEDERAL (INTEIRO)
15150,DISTRITO FEDERAL (INTEIRO)
15151,V
15152,DISTRITO FEDERAL (INTEIRO)
15153,DISTRITO FEDERAL (INTEIRO)
15154,XXV
15155,DISTRITO FEDERAL (INTEIRO)
15156,DISTRITO FEDERAL (INTEIRO)
15157,DISTRITO FEDERAL (INTEIRO)
15158,DISTRITO FEDERAL (INTEIRO)
15159,DISTRITO FEDERAL (INTEIRO)
15160,DISTRITO FEDERAL (INTEIRO)
15161,DISTRITO FEDERAL (INTEIRO)
15162,DISTRITO FEDERAL (INTEIRO)
15163,DISTRITO FEDERAL (INTEIRO)
15164,DISTRITO FEDERAL (INTEIRO)
15165,VI
15166,II
15167,DISTRITO FEDERAL (INTEIRO)
15168,III
15169,DISTRITO FEDERAL (INTEIRO)
15170,XIII
15171,XXXII
15172,XXXII
15173,VI
15174,VI
15175,DISTRITO FEDERAL (INTEIRO)
15176,DISTRITO FEDERAL (INTEIRO)
15177,XXV
15178,DISTRITO FEDERAL (INTEIRO)
15179,DISTRITO FEDERAL (INTEIRO)
15180,DISTRITO FEDERAL (INTEIRO)
15181,DISTRITO FEDERAL (INTEIRO)
15182,DISTRITO FEDERAL (INTEIRO)
15183,DISTRITO FEDERAL (INTEIRO)
15184,DISTRITO FEDERAL (INTEIRO)
15185,III
15186,DISTRITO FEDERAL (INTEIRO)
15187,III
15188,DISTRITO FEDERAL (INTEIRO)
15189,III
15190,IX
15191,DISTRITO FEDERAL (INTEIRO)
15192,DISTRITO FEDERAL (INTEIRO)
15193,II
15194,II
15195,II
15196,DISTRITO FEDERAL (INTEIRO)
15197,DISTRITO FEDERAL (INTEIRO)
15198,XIII
15199,XIII
15200,XIII
15201,XXI
15202,XXI
15203,DISTRITO FEDERAL (INTEIRO)
15204,DISTRITO FEDERAL (INTEIRO)
15204,ENTORNO
15204,I
15204,II
15204,III
15204,IV
15204,IX
15204,OUTROS ESTADOS
15204,V
15204,VI
15204,VII
15204,VIII
15204,X
15204,XI
15204,XII
15204,XIII
15204,XIV
15204,XIX
15204,XV
15204,XVI
15204,XVII
15204,XVIII
15204,XX
15204,XXI
15204,XXII
15204,XXIII
15204,XXIV
15204,XXIX
15204,XXV
15204,XXVI
15204,XXVII
15204,XXVIII
15204,XXX
15204,XXXI
15204,XXXII
15204,XXXIII
15204,XXXIV
15204,XXXV
15205,XIV
15206,DISTRITO FEDERAL (INTEIRO)
15207,DISTRITO FEDERAL (INTEIRO)
15208,DISTRITO FEDERAL (INTEIRO)
15209,DISTRITO FEDERAL (INTEIRO)
15210,DISTRITO FEDERAL (INTEIRO)
15211,DISTRITO FEDERAL (INTEIRO)
15212,DISTRITO FEDERAL (INTEIRO)
15213,DISTRITO FEDERAL (INTEIRO)
15214,DISTRITO FEDERAL (INTEIRO)
15215,DISTRITO FEDERAL (INTEIRO)
15216,DISTRITO FEDERAL (INTEIRO)
15217,DISTRITO FEDERAL (INTEIRO)
15218,DISTRITO FEDERAL (INTEIRO)
15219,DISTRITO FEDERAL (INTEIRO)
15220,DISTRITO FEDERAL (INTEIRO)
15221,DISTRITO FEDERAL (INTEIRO)
15222,DISTRITO FEDERAL (INTEIRO)
15223,DISTRITO FEDERAL (INTEIRO)
15224,DISTRITO FEDERAL (INTEIRO)
15225,DISTRITO FEDERAL (INTEIRO)
15226,DISTRITO FEDERAL (INTEIRO)
15227,DISTRITO FEDERAL (INTEIRO)
15228,DISTRITO FEDERAL (INTEIRO)
15229,DISTRITO FEDERAL (INTEIRO)
15230,DISTRITO FEDERAL (INTEIRO)
15231,DISTRITO FEDERAL (INTEIRO)
15232,DISTRITO FEDERAL (INTEIRO)
15233,DISTRITO FEDERAL (INTEIRO)
15234,DISTRITO FEDERAL (INTEIRO)
15235,DISTRITO FEDERAL (INTEIRO)
15236,DISTRITO FEDERAL (INTEIRO)
15237,DISTRITO FEDERAL (INTEIRO)
15238,XII
15239,XV
15240,XV
15241,XV
15242,XV
15243,XV
15244,XV
15245,XV
15246,XV
15247,II
15248,III
15249,XIII
15250,XII
15251,DISTRITO FEDERAL (INTEIRO)
15252,DISTRITO FEDERAL (INTEIRO)
15253,DISTRITO FEDERAL (INTEIRO)
15254,DISTRITO FEDERAL (INTEIRO)
15255,DISTRITO FEDERAL (INTEIRO)
15256,DISTRITO FEDERAL (INTEIRO)
15257,DISTRITO FEDERAL (INTEIRO)
15258,DISTRITO FEDERAL (INTEIRO)
15259,DISTRITO FEDERAL (INTEIRO)
15260,DISTRITO FEDERAL (INTEIRO)
15261,DISTRITO FEDERAL (INTEIRO)
15262,DISTRITO FEDERAL (INTEIRO)
15263,DISTRITO FEDERAL (INTEIRO)
15264,DISTRITO FEDERAL (INTEIRO)
15265,DISTRITO FEDERAL (INTEIRO)
15266,DISTRITO FEDERAL (INTEIRO)
15267,DISTRITO FEDERAL (INTEIRO)
15268,DISTRITO FEDERAL (INTEIRO)
15269,DISTRITO FEDERAL (INTEIRO)
15270,DISTRITO FEDERAL (INTEIRO)
15271,DISTRITO FEDERAL (INTEIRO)
15272,DISTRITO FEDERAL (INTEIRO)
15273,DISTRITO FEDERAL (INTEIRO)
15274,DISTRITO FEDERAL (INTEIRO)
15275,DISTRITO FEDERAL (INTEIRO)
15276,DISTRITO FEDERAL (INTEIRO)
15277,DISTRITO FEDERAL (INTEIRO)
15278,DISTRITO FEDERAL (INTEIRO)
15279,XX
15280,DISTRITO FEDERAL (INTEIRO)
15281,DISTRITO FEDERAL (INTEIRO)
15282,DISTRITO FEDERAL (INTEIRO)
15283,DISTRITO FEDERAL (INTEIRO)
15284,DISTRITO FEDERAL (INTEIRO)
15285,DISTRITO FEDERAL (INTEIRO)
15286,DISTRITO FEDERAL (INTEIRO)
15287,DISTRITO FEDERAL (INTEIRO)
15288,DISTRITO FEDERAL (INTEIRO)
15289,DISTRITO FEDERAL (INTEIRO)
15290,DISTRITO FEDERAL (INTEIRO)
15291,DISTRITO FEDERAL (INTEIRO)
15292,DISTRITO FEDERAL (INTEIRO)
15293,DISTRITO FEDERAL (INTEIRO)
15294,DISTRITO FEDERAL (INTEIRO)
15295,DISTRITO FEDERAL (INTEIRO)
15296,DISTRITO FEDERAL (INTEIRO)
15297,DISTRITO FEDERAL (INTEIRO)
15298,DISTRITO FEDERAL (INTEIRO)
15299,DISTRITO FEDERAL (INTEIRO)
15300,DISTRITO FEDERAL (INTEIRO)
15301,DISTRITO FEDERAL (INTEIRO)
15302,DISTRITO FEDERAL (INTEIRO)
15303,DISTRITO FEDERAL (INTEIRO)
15304,DISTRITO FEDERAL (INTEIRO)
15305,DISTRITO FEDERAL (INTEIRO)
15306,DISTRITO FEDERAL (INTEIRO)
15307,DISTRITO FEDERAL (INTEIRO)
15308,DISTRITO FEDERAL (INTEIRO)
15309,DISTRITO FEDERAL (INTEIRO)
15310,DISTRITO FEDERAL (INTEIRO)
15311,DISTRITO FEDERAL (INTEIRO)
15312,DISTRITO FEDERAL (INTEIRO)
15313,DISTRITO FEDERAL (INTEIRO)
15314,DISTRITO FEDERAL (INTEIRO)
15315,DISTRITO FEDERAL (INTEIRO)
15316,DISTRITO FEDERAL (INTEIRO)
15317,DISTRITO FEDERAL (INTEIRO)
15318,DISTRITO FEDERAL (INTEIRO)
15319,XXX
15320,DISTRITO FEDERAL (INTEIRO)
15321,DISTRITO FEDERAL (INTEIRO)
15322,XXXII
15323,II
15324,DISTRITO FEDERAL (INTEIRO)
15325,DISTRITO FEDERAL (INTEIRO)
15326,DISTRITO FEDERAL (INTEIRO)
15327,DISTRITO FEDERAL (INTEIRO)
15328,DISTRITO FEDERAL (INTEIRO)
15329,DISTRITO FEDERAL (INTEIRO)
15330,DISTRITO FEDERAL (INTEIRO)
15331,DISTRITO FEDERAL (INTEIRO)
15332,DISTRITO FEDERAL (INTEIRO)
15333,DISTRITO FEDERAL (INTEIRO)
15334,DISTRITO FEDERAL (INTEIRO)
15335,DISTRITO FEDERAL (INTEIRO)
15336,DISTRITO FEDERAL (INTEIRO)
15337,DISTRITO FEDERAL (INTEIRO)
15338,DISTRITO FEDERAL (INTEIRO)
15339,DISTRITO FEDERAL (INTEIRO)
15340,DISTRITO FEDERAL (INTEIRO)
15341,DISTRITO FEDERAL (INTEIRO)
15342,XII
15343,XIII
15344,VI
15345,XXVIII
15346,DISTRITO FEDERAL (INTEIRO)
15347,DISTRITO FEDERAL (INTEIRO)
15348,DISTRITO FEDERAL (INTEIRO)
15349,DISTRITO FEDERAL (INTEIRO)
15350,DISTRITO FEDERAL (INTEIRO)
15351,DISTRITO FEDERAL (INTEIRO)
15352,DISTRITO FEDERAL (INTEIRO)
15353,DISTRITO FEDERAL (INTEIRO)
15354,DISTRITO FEDERAL (INTEIRO)
15355,DISTRITO FEDERAL (INTEIRO)
15356,DISTRITO FEDERAL (INTEIRO)
15357,DISTRITO FEDERAL (INTEIRO)
15358,DISTRITO FEDERAL (INTEIRO)
15359,DISTRITO FEDERAL (INTEIRO)
15360,DISTRITO FEDERAL (INTEIRO)
15361,DISTRITO FEDERAL (INTEIRO)
15362,DISTRITO FEDERAL (INTEIRO)
15363,DISTRITO FEDERAL (INTEIRO)
15364,IX
15365,DISTRITO FEDERAL (INTEIRO)
15366,ENTORNO
15367,XX
15368,V
15369,DISTRITO FEDERAL (INTEIRO)
15370,DISTRITO FEDERAL (INTEIRO)
15371,DISTRITO FEDERAL (INTEIRO)
15372,DISTRITO FEDERAL (INTEIRO)
15373,DISTRITO FEDERAL (INTEIRO)
15374,DISTRITO FEDERAL (INTEIRO)
15375,DISTRITO FEDERAL (INTEIRO)
15376,DISTRITO FEDERAL (INTEIRO)
15377,DISTRITO FEDERAL (INTEIRO)
15378,DISTRITO FEDERAL (INTEIRO)
15379,DISTRITO FEDERAL (INTEIRO)
15380,DISTRITO FEDERAL (INTEIRO)
15381,DISTRITO FEDERAL (INTEIRO)
15382,XV
15383,DISTRITO FEDERAL (INTEIRO)
15384,DISTRITO FEDERAL (INTEIRO)
15385,DISTRITO FEDERAL (INTEIRO)
15386,XIII
15387,DISTRITO FEDERAL (INTEIRO)
15388,DISTRITO FEDERAL (INTEIRO)
15389,DISTRITO FEDERAL (INTEIRO)
15390,DISTRITO FEDERAL (INTEIRO)
15391,DISTRITO FEDERAL (INTEIRO)
15392,DISTRITO FEDERAL (INTEIRO)
15393,DISTRITO FEDERAL (INTEIRO)
15394,DISTRITO FEDERAL (INTEIRO)
15395,DISTRITO FEDERAL (INTEIRO)
15396,DISTRITO FEDERAL (INTEIRO)
15397,DISTRITO FEDERAL (INTEIRO)
15398,DISTRITO FEDERAL (INTEIRO)
15399,DISTRITO FEDERAL (INTEIRO)
15400,DISTRITO FEDERAL (INTEIRO)
15401,DISTRITO FEDERAL (INTEIRO)
15402,DISTRITO FEDERAL (INTEIRO)
15403,DISTRITO FEDERAL (INTEIRO)
15404,DISTRITO FEDERAL (INTEIRO)
15405,DISTRITO FEDERAL (INTEIRO)
15406,DISTRITO FEDERAL (INTEIRO)
15407,XII
15408,XX
15409,XII
15410,XVII
15410,XX
15411,DISTRITO FEDERAL (INTEIRO)
15412,DISTRITO FEDERAL (INTEIRO)
15413,DISTRITO FEDERAL (INTEIRO)
15414,DISTRITO FEDERAL (INTEIRO)
15415,DISTRITO FEDERAL (INTEIRO)
15416,DISTRITO FEDERAL (INTEIRO)
15417,DISTRITO FEDERAL (INTEIRO)
15418,DISTRITO FEDERAL (INTEIRO)
15419,DISTRITO FEDERAL (INTEIRO)
15420,III
15421,X
15422,X
15423,X
15424,X
15425,X
15426,X
15427,X
15428,X
15429,X
15430,X
15431,XIII
15432,DISTRITO FEDERAL (INTEIRO)
15433,IX
15434,XXXV
15435,DISTRITO FEDERAL (INTEIRO)
15436,DISTRITO FEDERAL (INTEIRO)
15437,DISTRITO FEDERAL (INTEIRO)
15438,DISTRITO FEDERAL (INTEIRO)
15439,DISTRITO FEDERAL (INTEIRO)
15440,DISTRITO FEDERAL (INTEIRO)
15441,DISTRITO FEDERAL (INTEIRO)
15442,DISTRITO FEDERAL (INTEIRO)
15443,XXX
15444,DISTRITO FEDERAL (INTEIRO)
15445,DISTRITO FEDERAL (INTEIRO)
15446,DISTRITO FEDERAL (INTEIRO)
15447,DISTRITO FEDERAL (INTEIRO)
15448,DISTRITO FEDERAL (INTEIRO)
15449,DISTRITO FEDERAL (INTEIRO)
15450,DISTRITO FEDERAL (INTEIRO)
15451,DISTRITO FEDERAL (INTEIRO)
15452,DISTRITO FEDERAL (INTEIRO)
15453,DISTRITO FEDERAL (INTEIRO)
15454,DISTRITO FEDERAL (INTEIRO)
15455,DISTRITO FEDERAL (INTEIRO)
15456,DISTRITO FEDERAL (INTEIRO)
15457,DISTRITO FEDERAL (INTEIRO)
15458,DISTRITO FEDERAL (INTEIRO)
15459,DISTRITO FEDERAL (INTEIRO)
15460,DISTRITO FEDERAL (INTEIRO)
15461,DISTRITO FEDERAL (INTEIRO)
15462,DISTRITO FEDERAL (INTEIRO)
15463,DISTRITO FEDERAL (INTEIRO)
15464,DISTRITO FEDERAL (INTEIRO)
15465,ENTORNO
15465,IV
15466,DISTRITO FEDERAL (INTEIRO)
15467,DISTRITO FEDERAL (INTEIRO)
15468,DISTRITO FEDERAL (INTEIRO)
15469,DISTRITO FEDERAL (INTEIRO)
15470,DISTRITO FEDERAL (INTEIRO)
15471,X
15472,II
15473,XIII
15474,XIII
15475,XIII
15476,III
15477,DISTRITO FEDERAL (INTEIRO)
15478,DISTRITO FEDERAL (INTEIRO)
15479,DISTRITO FEDERAL (INTEIRO)
15480,II
15481,DISTRITO FEDERAL (INTEIRO)
15482,XVII
15483,DISTRITO FEDERAL (INTEIRO)
15484,DISTRITO FEDERAL (INTEIRO)
15485,XXXIII
15486,DISTRITO FEDERAL (INTEIRO)
15487,XIII
15488,DISTRITO FEDERAL (INTEIRO)
15489,DISTRITO FEDERAL (INTEIRO)
15490,XIII
15491,DISTRITO FEDERAL (INTEIRO)
15492,XIII
15493,DISTRITO FEDERAL (INTEIRO)
15494,DISTRITO FEDERAL (INTEIRO)
15495,DISTRITO FEDERAL (INTEIRO)
15496,DISTRITO FEDERAL (INTEIRO)
15497,DISTRITO FEDERAL (INTEIRO)
15498,DISTRITO FEDERAL (INTEIRO)
15499,DISTRITO FEDERAL (INTEIRO)
15500,DISTRITO FEDERAL (INTEIRO)
15501,DISTRITO FEDERAL (INTEIRO)
15502,I
15502,XXIX
15503,XIII
15504,XIII
15505,DISTRITO FEDERAL (INTEIRO)
15506,IX
15507,IV
15508,X
15509,XXXV
15510,XXXII
15511,DISTRITO FEDERAL (INTEIRO)
15512,DISTRITO FEDERAL (INTEIRO)
15513,DISTRITO FEDERAL (INTEIRO)
15514,DISTRITO FEDERAL (INTEIRO)
15515,XIII
15516,DISTRITO FEDERAL (INTEIRO)
15517,DISTRITO FEDERAL (INTEIRO)
15518,XII
15519,XII
15520,DISTRITO FEDERAL (INTEIRO)
15521,IX
15522,DISTRITO FEDERAL (INTEIRO)
15523,XXXII
15524,XXIII
15525,XXI
15526,XXIII
15527,II
15528,XII
15529,DISTRITO FEDERAL (INTEIRO)
15530,XIII
15531,IX
15532,DISTRITO FEDERAL (INTEIRO)
15533,XIII
15534,DISTRITO FEDERAL (INTEIRO)
15535,XXIV
15536,XXVI
15537,DISTRITO FEDERAL (INTEIRO)
15538,DISTRITO FEDERAL (INTEIRO)
15539,III
15540,DISTRITO FEDERAL (INTEIRO)
15541,DISTRITO FEDERAL (INTEIRO)
15542,DISTRITO FEDERAL (INTEIRO)
15543,DISTRITO FEDERAL (INTEIRO)
15544,DISTRITO FEDERAL (INTEIRO)
15545,DISTRITO FEDERAL (INTEIRO)
15546,DISTRITO FEDERAL (INTEIRO)
15547,DISTRITO FEDERAL (INTEIRO)
15548,DISTRITO FEDERAL (INTEIRO)
15549,DISTRITO FEDERAL (INTEIRO)
15550,DISTRITO FEDERAL (INTEIRO)
15551,DISTRITO FEDERAL (INTEIRO)
15552,XIII
15553,XIII
15554,IX
15555,DISTRITO FEDERAL (INTEIRO)
15556,XXVII
15557,DISTRITO FEDERAL (INTEIRO)
15558,DISTRITO FEDERAL (INTEIRO)
15559,XXVII
15560,DISTRITO FEDERAL (INTEIRO)
15561,DISTRITO FEDERAL (INTEIRO)
15562,X
15563,DISTRITO FEDERAL (INTEIRO)
15564,X
15565,DISTRITO FEDERAL (INTEIRO)
15566,DISTRITO FEDERAL (INTEIRO)
15567,DISTRITO FEDERAL (INTEIRO)
15568,III
15569,DISTRITO FEDERAL (INTEIRO)
15570,DISTRITO FEDERAL (INTEIRO)
15571,XIII
15572,XXXII
15573,XXX
15574,DISTRITO FEDERAL (INTEIRO)
15575,DISTRITO FEDERAL (INTEIRO)
15576,DISTRITO FEDERAL (INTEIRO)
15577,DISTRITO FEDERAL (INTEIRO)
15578,DISTRITO FEDERAL (INTEIRO)
15579,DISTRITO FEDERAL (INTEIRO)
15580,DISTRITO FEDERAL (INTEIRO)
15581,DISTRITO FEDERAL (INTEIRO)
15582,DISTRITO FEDERAL (INTEIRO)
15583,DISTRITO FEDERAL (INTEIRO)
15584,I
15585,DISTRITO FEDERAL (INTEIRO)
15586,DISTRITO FEDERAL (INTEIRO)
15587,DISTRITO FEDERAL (INTEIRO)
15588,I
15589,DISTRITO FEDERAL (INTEIRO)
15590,DISTRITO FEDERAL (INTEIRO)
15591,XIV
15592,XIV
15593,XIII
15594,XIV
15595,II
15596,DISTRITO FEDERAL (INTEIRO)
15597,DISTRITO FEDERAL (INTEIRO)
15598,XIII
15599,XIII
15600,XIII
15601,DISTRITO FEDERAL (INTEIRO)
15602,DISTRITO FEDERAL (INTEIRO)
15603,DISTRITO FEDERAL (INTEIRO)
15604,DISTRITO FEDERAL (INTEIRO)
15605,DISTRITO FEDERAL (INTEIRO)
15606,DISTRITO FEDERAL (INTEIRO)
15607,DISTRITO FEDERAL (INTEIRO)
15608,II
15609,XIX
15610,XXI
15611,DISTRITO FEDERAL (INTEIRO)
15612,XXXIII
15613,DISTRITO FEDERAL (INTEIRO)
15614,DISTRITO FEDERAL (INTEIRO)
15615,DISTRITO FEDERAL (INTEIRO)
15616,DISTRITO FEDERAL (INTEIRO)
15617,VII
15618,DISTRITO FEDERAL (INTEIRO)
15619,IX
15620,DISTRITO FEDERAL (INTEIRO)
15621,DISTRITO FEDERAL (INTEIRO)
15622,DISTRITO FEDERAL (INTEIRO)
15623,DISTRITO FEDERAL (INTEIRO)
15624,DISTRITO FEDERAL (INTEIRO)
15625,DISTRITO FEDERAL (INTEIRO)
15626,DISTRITO FEDERAL (INTEIRO)
15627,DISTRITO FEDERAL (INTEIRO)
15628,DISTRITO FEDERAL (INTEIRO)
15629,DISTRITO FEDERAL (INTEIRO)
15630,DISTRITO FEDERAL (INTEIRO)
15631,DISTRITO FEDERAL (INTEIRO)
15632,DISTRITO FEDERAL (INTEIRO)
15633,DISTRITO FEDERAL (INTEIRO)
15634,DISTRITO FEDERAL (INTEIRO)
15635,X
15636,DISTRITO FEDERAL (INTEIRO)
15637,DISTRITO FEDERAL (INTEIRO)
15638,X
15639,XII
15640,XIII
15641,DISTRITO FEDERAL (INTEIRO)
15642,XIV
15643,VI
15644,V
15645,XV
15646,DISTRITO FEDERAL (INTEIRO)
15647,DISTRITO FEDERAL (INTEIRO)
15648,DISTRITO FEDERAL (INTEIRO)
15649,DISTRITO FEDERAL (INTEIRO)
15650,DISTRITO FEDERAL (INTEIRO)
15651,DISTRITO FEDERAL (INTEIRO)
15652,IX
15653,XXIV
15654,XXIV
15655,DISTRITO FEDERAL (INTEIRO)
15656,III
15657,II
15658,XV
15659,IX
15660,XIII
15661,XIII
15662,III
15663,DISTRITO FEDERAL (INTEIRO)
15664,III
15665,XX
15666,III
15667,XXX
15668,XIII
15669,XIII
15670,XXVI
15671,II
15672,XXXII
15673,XXXII
15674,XXXII
15675,XIII
15676,XXXII
15677,DISTRITO FEDERAL (INTEIRO)
15678,DISTRITO FEDERAL (INTEIRO)
15679,XXXII
15680,DISTRITO FEDERAL (INTEIRO)
15681,DISTRITO FEDERAL (INTEIRO)
15682,II
15683,DISTRITO FEDERAL (INTEIRO)
15684,DISTRITO FEDERAL (INTEIRO)
15685,DISTRITO FEDERAL (INTEIRO)
15686,DISTRITO FEDERAL (INTEIRO)
15687,DISTRITO FEDERAL (INTEIRO)
15688,DISTRITO FEDERAL (INTEIRO)
15689,DISTRITO FEDERAL (INTEIRO)
15690,DISTRITO FEDERAL (INTEIRO)
15691,DISTRITO FEDERAL (INTEIRO)
15692,DISTRITO FEDERAL (INTEIRO)
15693,DISTRITO FEDERAL (INTEIRO)
15694,DISTRITO FEDERAL (INTEIRO)
15695,DISTRITO FEDERAL (INTEIRO)
15696,DISTRITO FEDERAL (INTEIRO)
15697,DISTRITO FEDERAL (INTEIRO)
15698,II
15699,DISTRITO FEDERAL (INTEIRO)
15700,DISTRITO FEDERAL (INTEIRO)
15701,DISTRITO FEDERAL (INTEIRO)
15702,I
15703,II
15704,II
15705,II
15706,II
15707,DISTRITO FEDERAL (INTEIRO)
15708,XIII
15709,XVII
15710,II
15711,XIII
15712,DISTRITO FEDERAL (INTEIRO)
15713,II
15714,III
15714,XII
15715,XIII
15716,XXXIII
15717,XXI
15718,DISTRITO FEDERAL (INTEIRO)
15719,DISTRITO FEDERAL (INTEIRO)
15720,DISTRITO FEDERAL (INTEIRO)
15721,XXXII
15722,DISTRITO FEDERAL (INTEIRO)
15723,DISTRITO FEDERAL (INTEIRO)
15724,DISTRITO FEDERAL (INTEIRO)
15725,DISTRITO FEDERAL (INTEIRO)
15726,DISTRITO FEDERAL (INTEIRO)
15727,DISTRITO FEDERAL (INTEIRO)
15728,DISTRITO FEDERAL (INTEIRO)
15729,DISTRITO FEDERAL (INTEIRO)
15730,DISTRITO FEDERAL (INTEIRO)
15730,XV
15730,XXI
15731,IX
15732,DISTRITO FEDERAL (INTEIRO)
15733,DISTRITO FEDERAL (INTEIRO)
15734,XXVI
15735,XXVI
15736,XXVI
15737,DISTRITO FEDERAL (INTEIRO)
15737,VII
15738,XIV
15739,DISTRITO FEDERAL (INTEIRO)
15740,DISTRITO FEDERAL (INTEIRO)
15741,DISTRITO FEDERAL (INTEIRO)
15742,DISTRITO FEDERAL (INTEIRO)
15743,VIII
15744,DISTRITO FEDERAL (INTEIRO)
15745,DISTRITO FEDERAL (INTEIRO)
15746,XVIII
15747,X
15748,XXIV
15749,I
15750,DISTRITO FEDERAL (INTEIRO)
15751,DISTRITO FEDERAL (INTEIRO)
15752,XXVI
15753,DISTRITO FEDERAL (INTEIRO)
15754,XXXII
15755,XXXII
15756,XIII
15757,XII
15758,XIII
15759,XXXII
15760,XII
15761,V
15762,VI
15763,XIV
15764,XII
15765,III
15766,DISTRITO FEDERAL (INTEIRO)
15767,DISTRITO FEDERAL (INTEIRO)
15768,DISTRITO FEDERAL (INTEIRO)
15769,XXII
15770,DISTRITO FEDERAL (INTEIRO)
15771,DISTRITO FEDERAL (INTEIRO)
15772,DISTRITO FEDERAL (INTEIRO)
15773,DISTRITO FEDERAL (INTEIRO)
15774,DISTRITO FEDERAL (INTEIRO)
15775,DISTRITO FEDERAL (INTEIRO)
15776,DISTRITO FEDERAL (INTEIRO)
15777,DISTRITO FEDERAL (INTEIRO)
15778,DISTRITO FEDERAL (INTEIRO)
15779,DISTRITO FEDERAL (INTEIRO)
15780,DISTRITO FEDERAL (INTEIRO)
15781,DISTRITO FEDERAL (INTEIRO)
15782,DISTRITO FEDERAL (INTEIRO)
15783,DISTRITO FEDERAL (INTEIRO)
15784,DISTRITO FEDERAL (INTEIRO)
15785,DISTRITO FEDERAL (INTEIRO)
15786,DISTRITO FEDERAL (INTEIRO)
15787,DISTRITO FEDERAL (INTEIRO)
15788,DISTRITO FEDERAL (INTEIRO)
15789,DISTRITO FEDERAL (INTEIRO)
15790,DISTRITO FEDERAL (INTEIRO)
15791,DISTRITO FEDERAL (INTEIRO)
15792,DISTRITO FEDERAL (INTEIRO)
15793,DISTRITO FEDERAL (INTEIRO)
15794,XXVI
15795,XXVI
15796,XXVI
15797,XXVI
15798,XXVI
15799,XXVI
15800,XXVI
15801,XXVI
15802,XXVI
15803,XXVI
15804,XXVI
15805,XXVI
15806,XXVI
15807,XXVI
15808,DISTRITO FEDERAL (INTEIRO)
15809,I
15810,DISTRITO FEDERAL (INTEIRO)
15811,X
15812,II
15813,X
15814,XXXIII
15815,DISTRITO FEDERAL (INTEIRO)
15816,DISTRITO FEDERAL (INTEIRO)
15817,XIII
15818,DISTRITO FEDERAL (INTEIRO)
15819,XIII
15820,XIII
15821,DISTRITO FEDERAL (INTEIRO)
15822,XIII
15823,X
15824,II
15825,II
15826,XXIX
15827,DISTRITO FEDERAL (INTEIRO)
15828,XIV
15829,XIV
15830,DISTRITO FEDERAL (INTEIRO)
15831,DISTRITO FEDERAL (INTEIRO)
15832,DISTRITO FEDERAL (INTEIRO)
15833,I
15834,DISTRITO FEDERAL (INTEIRO)
15835,XXV
15836,XX
15837,DISTRITO FEDERAL (INTEIRO)
15838,DISTRITO FEDERAL (INTEIRO)
15839,DISTRITO FEDERAL (INTEIRO)
15840,II
15841,DISTRITO FEDERAL (INTEIRO)
15842,XII
15843,DISTRITO FEDERAL (INTEIRO)
15844,I
15845,DISTRITO FEDERAL (INTEIRO)
15846,III
15847,III
15848,DISTRITO FEDERAL (INTEIRO)
15849,IX
15850,IX
15851,IX
15852,DISTRITO FEDERAL (INTEIRO)
15853,DISTRITO FEDERAL (INTEIRO)
15854,DISTRITO FEDERAL (INTEIRO)
15855,DISTRITO FEDERAL (INTEIRO)
15856,DISTRITO FEDERAL (INTEIRO)
15857,DISTRITO FEDERAL (INTEIRO)
15858,DISTRITO FEDERAL (INTEIRO)
15859,DISTRITO FEDERAL (INTEIRO)
15860,DISTRITO FEDERAL (INTEIRO)
15861,DISTRITO FEDERAL (INTEIRO)
15862,DISTRITO FEDERAL (INTEIRO)
15863,DISTRITO FEDERAL (INTEIRO)
15864,DISTRITO FEDERAL (INTEIRO)
15865,DISTRITO FEDERAL (INTEIRO)
15866,DISTRITO FEDERAL (INTEIRO)
15867,DISTRITO FEDERAL (INTEIRO)
15868,XIII
15869,XIII
15870,XIII
15871,XIII
15872,DISTRITO FEDERAL (INTEIRO)
15873,DISTRITO FEDERAL (INTEIRO)
15874,DISTRITO FEDERAL (INTEIRO)
15875,XXXIV
15876,DISTRITO FEDERAL (INTEIRO)
15877,X
15878,XIV
15879,DISTRITO FEDERAL (INTEIRO)
15880,DISTRITO FEDERAL (INTEIRO)
15881,XV
15882,IV
15883,III
15883,IX
15884,DISTRITO FEDERAL (INTEIRO)
15885,DISTRITO FEDERAL (INTEIRO)
15886,XXV
15887,DISTRITO FEDERAL (INTEIRO)
15888,XXVI
15889,XXXV
15890,III
15891,XXX
15892,IV
15893,DISTRITO FEDERAL (INTEIRO)
15894,XXVII
15895,DISTRITO FEDERAL (INTEIRO)
15896,XXXII
15897,II
15898,DISTRITO FEDERAL (INTEIRO)
15899,DISTRITO FEDERAL (INTEIRO)
15900,III
15901,DISTRITO FEDERAL (INTEIRO)
15902,XXVI
15903,XXVI
15904,XXVI
15905,XXVI
15906,XXVI
15907,XXVI
15908,XXVI
15909,XXVI
15910,DISTRITO FEDERAL (INTEIRO)
15910,XXIX
15911,DISTRITO FEDERAL (INTEIRO)
15912,DISTRITO FEDERAL (INTEIRO)
15913,XIII
15914,XIII
15915,XIII
15916,XX
15917,DISTRITO FEDERAL (INTEIRO)
15918,XXXIII
15919,XXII
15920,XIII
15921,XXVI
15922,DISTRITO FEDERAL (INTEIRO)
15923,VI
15924,DISTRITO FEDERAL (INTEIRO)
15925,II
15926,DISTRITO FEDERAL (INTEIRO)
15927,DISTRITO FEDERAL (INTEIRO)
15928,DISTRITO FEDERAL (INTEIRO)
15929,DISTRITO FEDERAL (INTEIRO)
15930,DISTRITO FEDERAL (INTEIRO)
15931,XII
15932,XIII
15933,II
15934,XX
15935,X
15936,DISTRITO FEDERAL (INTEIRO)
15937,DISTRITO FEDERAL (INTEIRO)
15938,XXI
15939,XXXIII
15940,DISTRITO FEDERAL (INTEIRO)
15941,DISTRITO FEDERAL (INTEIRO)
15942,DISTRITO FEDERAL (INTEIRO)
15943,DISTRITO FEDERAL (INTEIRO)
15944,DISTRITO FEDERAL (INTEIRO)
15945,DISTRITO FEDERAL (INTEIRO)
15946,DISTRITO FEDERAL (INTEIRO)
15947,DISTRITO FEDERAL (INTEIRO)
15948,DISTRITO FEDERAL (INTEIRO)
15949,DISTRITO FEDERAL (INTEIRO)
15950,DISTRITO FEDERAL (INTEIRO)
15951,DISTRITO FEDERAL (INTEIRO)
15952,DISTRITO FEDERAL (INTEIRO)
15953,DISTRITO FEDERAL (INTEIRO)
15954,DISTRITO FEDERAL (INTEIRO)
15955,DISTRITO FEDERAL (INTEIRO)
15956,XIII
15957,XII
15958,DISTRITO FEDERAL (INTEIRO)
15959,XIII
15960,DISTRITO FEDERAL (INTEIRO)
15961,XIII
15962,III
15963,XII
15964,XII
15965,XII
15966,XXXV
15967,DISTRITO FEDERAL (INTEIRO)
15968,III
15969,IV
15970,XXXII
15971,DISTRITO FEDERAL (INTEIRO)
15972,DISTRITO FEDERAL (INTEIRO)
15973,DISTRITO FEDERAL (INTEIRO)
15974,DISTRITO FEDERAL (INTEIRO)
15975,DISTRITO FEDERAL (INTEIRO)
15976,DISTRITO FEDERAL (INTEIRO)
15977,DISTRITO FEDERAL (INTEIRO)
15978,DISTRITO FEDERAL (INTEIRO)
15979,DISTRITO FEDERAL (INTEIRO)
15980,V
15981,DISTRITO FEDERAL (INTEIRO)
15982,DISTRITO FEDERAL (INTEIRO)
15983,X
15984,DISTRITO FEDERAL (INTEIRO)
15985,DISTRITO FEDERAL (INTEIRO)
15986,DISTRITO FEDERAL (INTEIRO)
15987,DISTRITO FEDERAL (INTEIRO)
15988,DISTRITO FEDERAL (INTEIRO)
15989,DISTRITO FEDERAL (INTEIRO)
15990,DISTRITO FEDERAL (INTEIRO)
15991,DISTRITO FEDERAL (INTEIRO)
15992,DISTRITO FEDERAL (INTEIRO)
15993,DISTRITO FEDERAL (INTEIRO)
15994,DISTRITO FEDERAL (INTEIRO)
15995,DISTRITO FEDERAL (INTEIRO)
15996,DISTRITO FEDERAL (INTEIRO)
15997,DISTRITO FEDERAL (INTEIRO)
15998,DISTRITO FEDERAL (INTEIRO)
15999,XIII
16000,VI
16001,DISTRITO FEDERAL (INTEIRO)
16002,XI
16003,IX
16004,III
16005,XXX
16006,XXX
16007,XIII
16008,DISTRITO FEDERAL (INTEIRO)
16009,XI
16010,XXIV
16011,XXXIII
16012,DISTRITO FEDERAL (INTEIRO)
16013,DISTRITO FEDERAL (INTEIRO)
16014,DISTRITO FEDERAL (INTEIRO)
16015,DISTRITO FEDERAL (INTEIRO)
16016,I
16017,DISTRITO FEDERAL (INTEIRO)
16018,DISTRITO FEDERAL (INTEIRO)
16019,DISTRITO FEDERAL (INTEIRO)
16020,DISTRITO FEDERAL (INTEIRO)
16021,DISTRITO FEDERAL (INTEIRO)
16022,VII
16023,XX
16024,DISTRITO FEDERAL (INTEIRO)
16025,DISTRITO FEDERAL (INTEIRO)
16026,DISTRITO FEDERAL (INTEIRO)
16027,DISTRITO FEDERAL (INTEIRO)
16028,DISTRITO FEDERAL (INTEIRO)
16029,DISTRITO FEDERAL (INTEIRO)
16030,DISTRITO FEDERAL (INTEIRO)
16031,DISTRITO FEDERAL (INTEIRO)
16032,XIII
16033,DISTRITO FEDERAL (INTEIRO)
16034,X
16035,XVIII
16036,DISTRITO FEDERAL (INTEIRO)
16037,I
16037,XII
16038,DISTRITO FEDERAL (INTEIRO)
16039,DISTRITO FEDERAL (INTEIRO)
16040,DISTRITO FEDERAL (INTEIRO)
16041,DISTRITO FEDERAL (INTEIRO)
16042,DISTRITO FEDERAL (INTEIRO)
16043,DISTRITO FEDERAL (INTEIRO)
16044,XXII
16045,DISTRITO FEDERAL (INTEIRO)
16046,VII
16047,III
16048,IX
16049,XII
16050,DISTRITO FEDERAL (INTEIRO)
16051,XXI
16052,DISTRITO FEDERAL (INTEIRO)
16053,VI
16054,DISTRITO FEDERAL (INTEIRO)
16055,DISTRITO FEDERAL (INTEIRO)
16056,DISTRITO FEDERAL (INTEIRO)
16057,III
16058,XXXII
16059,XXXI
16060,DISTRITO FEDERAL (INTEIRO)
16061,DISTRITO FEDERAL (INTEIRO)
16062,DISTRITO FEDERAL (INTEIRO)
16063,DISTRITO FEDERAL (INTEIRO)
16064,DISTRITO FEDERAL (INTEIRO)
16065,DISTRITO FEDERAL (INTEIRO)
16066,DISTRITO FEDERAL (INTEIRO)
16067,DISTRITO FEDERAL (INTEIRO)
16068,DISTRITO FEDERAL (INTEIRO)
16069,II
16070,DISTRITO FEDERAL (INTEIRO)
16071,VI
16072,XIII
16073,XXXV
16074,DISTRITO FEDERAL (INTEIRO)
16075,XX
16076,XXI
16077,XIII
16078,XI
16079,XXVII
16080,XII
16081,III
16082,XII
16083,DISTRITO FEDERAL (INTEIRO)
16084,DISTRITO FEDERAL (INTEIRO)
16085,DISTRITO FEDERAL (INTEIRO)
16086,DISTRITO FEDERAL (INTEIRO)
16087,III
16088,XXI
16089,I
16090,DISTRITO FEDERAL (INTEIRO)
16091,DISTRITO FEDERAL (INTEIRO)
16092,DISTRITO FEDERAL (INTEIRO)
16093,DISTRITO FEDERAL (INTEIRO)
16094,DISTRITO FEDERAL (INTEIRO)
16095,DISTRITO FEDERAL (INTEIRO)
16096,DISTRITO FEDERAL (INTEIRO)
16097,DISTRITO FEDERAL (INTEIRO)
16098,DISTRITO FEDERAL (INTEIRO)
16099,DISTRITO FEDERAL (INTEIRO)
16100,DISTRITO FEDERAL (INTEIRO)
16101,DISTRITO FEDERAL (INTEIRO)
16102,I
16103,XIV
16104,I
16105,DISTRITO FEDERAL (INTEIRO)
16106,DISTRITO FEDERAL (INTEIRO)
16107,DISTRITO FEDERAL (INTEIRO)
16108,XXXIV
16109,DISTRITO FEDERAL (INTEIRO)
16110,XXVI
16111,XXIV
16112,X
16113,DISTRITO FEDERAL (INTEIRO)
16114,XIII
16115,VII
16116,DISTRITO FEDERAL (INTEIRO)
16117,DISTRITO FEDERAL (INTEIRO)
16118,DISTRITO FEDERAL (INTEIRO)
16119,DISTRITO FEDERAL (INTEIRO)
16120,DISTRITO FEDERAL (INTEIRO)
16121,DISTRITO FEDERAL (INTEIRO)
16122,DISTRITO FEDERAL (INTEIRO)
16123,XIV
16124,DISTRITO FEDERAL (INTEIRO)
16125,DISTRITO FEDERAL (INTEIRO)
16126,DISTRITO FEDERAL (INTEIRO)
16127,DISTRITO FEDERAL (INTEIRO)
16128,XX
16129,XXX
16130,V
16131,XXI
16132,XXX
16133,DISTRITO FEDERAL (INTEIRO)
16134,XXI
16135,XXX
16136,XXII
16137,XV
16138,XV
16139,XX
16140,XIII
16141,XII
16142,XIV
16143,DISTRITO FEDERAL (INTEIRO)
16144,V
16145,DISTRITO FEDERAL (INTEIRO)
16146,XXVII
16147,I
16148,DISTRITO FEDERAL (INTEIRO)
16149,DISTRITO FEDERAL (INTEIRO)
16150,DISTRITO FEDERAL (INTEIRO)
16151,DISTRITO FEDERAL (INTEIRO)
16152,DISTRITO FEDERAL (INTEIRO)
16153,DISTRITO FEDERAL (INTEIRO)
16154,DISTRITO FEDERAL (INTEIRO)
16155,DISTRITO FEDERAL (INTEIRO)
16156,XXVI
16157,DISTRITO FEDERAL (INTEIRO)
16158,XII
16159,III
16160,II
16161,XV
16162,DISTRITO FEDERAL (INTEIRO)
16163,XIV
16164,XIV
16165,XIV
16166,XIV
16167,XIV
16168,XIV
16169,XIV
16170,XIV
16171,XIV
16172,XIV
16173,XIV
16174,VIII
16175,XXXII
16176,DISTRITO FEDERAL (INTEIRO)
16177,DISTRITO FEDERAL (INTEIRO)
16178,DISTRITO FEDERAL (INTEIRO)
16179,DISTRITO FEDERAL (INTEIRO)
16180,DISTRITO FEDERAL (INTEIRO)
16181,DISTRITO FEDERAL (INTEIRO)
16182,DISTRITO FEDERAL (INTEIRO)
16183,V
16184,DISTRITO FEDERAL (INTEIRO)
16185,DISTRITO FEDERAL (INTEIRO)
16186,XXXII
16187,V
16188,DISTRITO FEDERAL (INTEIRO)
16189,II
16189,XIII
16190,DISTRITO FEDERAL (INTEIRO)
16191,DISTRITO FEDERAL (INTEIRO)
16192,XIV
16193,DISTRITO FEDERAL (INTEIRO)
16194,XXXII
16195,VII
16196,VI
16197,DISTRITO FEDERAL (INTEIRO)
16198,XII
16199,DISTRITO FEDERAL (INTEIRO)
16200,DISTRITO FEDERAL (INTEIRO)
16201,DISTRITO FEDERAL (INTEIRO)
16202,DISTRITO FEDERAL (INTEIRO)
16203,XXIII
16204,DISTRITO FEDERAL (INTEIRO)
16205,XV
16206,III
16207,VIII
16208,I
16209,XVII
16210,DISTRITO FEDERAL (INTEIRO)
16211,X
16212,IX
16213,XXVII
16214,XXVII
16215,XXVII
16216,DISTRITO FEDERAL (INTEIRO)
16217,DISTRITO FEDERAL (INTEIRO)
16218,DISTRITO FEDERAL (INTEIRO)
16219,DISTRITO FEDERAL (INTEIRO)
16220,DISTRITO FEDERAL (INTEIRO)
16221,DISTRITO FEDERAL (INTEIRO)
16222,DISTRITO FEDERAL (INTEIRO)
16223,IV
16224,DISTRITO FEDERAL (INTEIRO)
16225,II
16226,IX
16227,XX
16228,XIII
16229,DISTRITO FEDERAL (INTEIRO)
16230,DISTRITO FEDERAL (INTEIRO)
16231,DISTRITO FEDERAL (INTEIRO)
16232,DISTRITO FEDERAL (INTEIRO)
16233,DISTRITO FEDERAL (INTEIRO)
16234,DISTRITO FEDERAL (INTEIRO)
16235,DISTRITO FEDERAL (INTEIRO)
16236,DISTRITO FEDERAL (INTEIRO)
16237,DISTRITO FEDERAL (INTEIRO)
16238,II
16239,VII
16240,XIV
16241,XIV
16242,DISTRITO FEDERAL (INTEIRO)
16243,DISTRITO FEDERAL (INTEIRO)
16244,XX
16245,XXXIII
16246,II
16247,III
16248,XXI
16249,DISTRITO FEDERAL (INTEIRO)
16250,XXVI
16251,XII
16252,DISTRITO FEDERAL (INTEIRO)
16253,DISTRITO FEDERAL (INTEIRO)
16254,DISTRITO FEDERAL (INTEIRO)
16255,DISTRITO FEDERAL (INTEIRO)
16256,DISTRITO FEDERAL (INTEIRO)
16257,DISTRITO FEDERAL (INTEIRO)
16258,DISTRITO FEDERAL (INTEIRO)
16259,VI
16260,DISTRITO FEDERAL (INTEIRO)
16261,DISTRITO FEDERAL (INTEIRO)
16262,DISTRITO FEDERAL (INTEIRO)
16263,DISTRITO FEDERAL (INTEIRO)
16264,DISTRITO FEDERAL (INTEIRO)
16265,VI
16266,DISTRITO FEDERAL (INTEIRO)
16267,VI
16268,IX
16269,VI
16270,DISTRITO FEDERAL (INTEIRO)
16271,VI
16272,DISTRITO FEDERAL (INTEIRO)
16273,VI
16274,DISTRITO FEDERAL (INTEIRO)
16275,XXXIV
16276,DISTRITO FEDERAL (INTEIRO)
16277,DISTRITO FEDERAL (INTEIRO)
16278,DISTRITO FEDERAL (INTEIRO)
16279,XIV
16280,DISTRITO FEDERAL (INTEIRO)
16281,DISTRITO FEDERAL (INTEIRO)
16282,XXIII
16283,III
16284,III
16285,XV
16286,DISTRITO FEDERAL (INTEIRO)
16287,XXXII
16288,X
16289,XIV
16289,XXVII
16290,XXVIII
16291,DISTRITO FEDERAL (INTEIRO)
16292,XXI
16293,DISTRITO FEDERAL (INTEIRO)
16294,XVI
16295,IX
16296,IX
16297,IX
16298,DISTRITO FEDERAL (INTEIRO)
16299,DISTRITO FEDERAL (INTEIRO)
16300,V
16301,V
16302,V
16303,V
16304,V
16305,V
16306,V
16307,V
16308,DISTRITO FEDERAL (INTEIRO)
16309,DISTRITO FEDERAL (INTEIRO)
16310,DISTRITO FEDERAL (INTEIRO)
16311,XII
16312,IX
16313,XII
16314,XV
16315,XV
16316,IX
16317,XV
16318,XIII
16319,XI
16320,XX
16321,V
16322,XI
16323,XII
16324,III
16325,VI
16326,II
16327,XXII
16328,DISTRITO FEDERAL (INTEIRO)
16329,DISTRITO FEDERAL (INTEIRO)
16330,DISTRITO FEDERAL (INTEIRO)
16331,DISTRITO FEDERAL (INTEIRO)
16332,DISTRITO FEDERAL (INTEIRO)
16333,DISTRITO FEDERAL (INTEIRO)
16334,DISTRITO FEDERAL (INTEIRO)
16335,DISTRITO FEDERAL (INTEIRO)
16336,DISTRITO FEDERAL (INTEIRO)
16337,DISTRITO FEDERAL (INTEIRO)
16338,I
16339,X
16340,I
16341,II
16342,IX
16343,XXXII
16344,III
16345,II
16346,XXVIII
16347,XII
16348,XIII
16349,DISTRITO FEDERAL (INTEIRO)
16350,XIII
16351,XXXII
16352,XIII
16353,XIII
16354,III
16355,III
16356,XIII
16357,XII
16358,II
16359,XX
16360,III
16361,XIII
16362,XX
16363,XX
16364,XXVI
16365,DISTRITO FEDERAL (INTEIRO)
16366,DISTRITO FEDERAL (INTEIRO)
16367,DISTRITO FEDERAL (INTEIRO)
16368,X
16369,DISTRITO FEDERAL (INTEIRO)
16370,DISTRITO FEDERAL (INTEIRO)
16371,DISTRITO FEDERAL (INTEIRO)
16372,DISTRITO FEDERAL (INTEIRO)
16373,DISTRITO FEDERAL (INTEIRO)
16374,DISTRITO FEDERAL (INTEIRO)
16375,DISTRITO FEDERAL (INTEIRO)
16376,DISTRITO FEDERAL (INTEIRO)
16377,DISTRITO FEDERAL (INTEIRO)
16378,DISTRITO FEDERAL (INTEIRO)
16379,DISTRITO FEDERAL (INTEIRO)
16380,DISTRITO FEDERAL (INTEIRO)
16381,DISTRITO FEDERAL (INTEIRO)
16382,DISTRITO FEDERAL (INTEIRO)
16383,DISTRITO FEDERAL (INTEIRO)
16384,DISTRITO FEDERAL (INTEIRO)
16385,XV
16386,XV
16387,XII
16388,XII
16389,XII
16390,DISTRITO FEDERAL (INTEIRO)
16391,DISTRITO FEDERAL (INTEIRO)
16392,DISTRITO FEDERAL (INTEIRO)
16393,DISTRITO FEDERAL (INTEIRO)
16394,DISTRITO FEDERAL (INTEIRO)
16395,XII
16396,XXI
16397,XXV
16398,XXIV
16399,DISTRITO FEDERAL (INTEIRO)
16400,DISTRITO FEDERAL (INTEIRO)
16401,DISTRITO FEDERAL (INTEIRO)
16402,DISTRITO FEDERAL (INTEIRO)
16403,DISTRITO FEDERAL (INTEIRO)
16404,DISTRITO FEDERAL (INTEIRO)
16405,DISTRITO FEDERAL (INTEIRO)
16406,DISTRITO FEDERAL (INTEIRO)
16407,DISTRITO FEDERAL (INTEIRO)
16408,DISTRITO FEDERAL (INTEIRO)
16409,DISTRITO FEDERAL (INTEIRO)
16410,DISTRITO FEDERAL (INTEIRO)
16411,II
16412,DISTRITO FEDERAL (INTEIRO)
16413,DISTRITO FEDERAL (INTEIRO)
16413,XXIX
16414,DISTRITO FEDERAL (INTEIRO)
16414,XXIX
16415,DISTRITO FEDERAL (INTEIRO)
16416,XXXIII
16417,II
16418,XXX
16419,III
16420,XXXV
16421,XX
16422,DISTRITO FEDERAL (INTEIRO)
16423,DISTRITO FEDERAL (INTEIRO)
16424,DISTRITO FEDERAL (INTEIRO)
16425,DISTRITO FEDERAL (INTEIRO)
16426,DISTRITO FEDERAL (INTEIRO)
16427,DISTRITO FEDERAL (INTEIRO)
16428,DISTRITO FEDERAL (INTEIRO)
16429,DISTRITO FEDERAL (INTEIRO)
16430,DISTRITO FEDERAL (INTEIRO)
16431,DISTRITO FEDERAL (INTEIRO)
16432,DISTRITO FEDERAL (INTEIRO)
16433,DISTRITO FEDERAL (INTEIRO)
16434,DISTRITO FEDERAL (INTEIRO)
16435,DISTRITO FEDERAL (INTEIRO)
16436,DISTRITO FEDERAL (INTEIRO)
16437,XII
16438,IX
16439,XIV
16440,DISTRITO FEDERAL (INTEIRO)
16441,DISTRITO FEDERAL (INTEIRO)
16442,DISTRITO FEDERAL (INTEIRO)
16443,DISTRITO FEDERAL (INTEIRO)
16444,DISTRITO FEDERAL (INTEIRO)
16445,DISTRITO FEDERAL (INTEIRO)
16446,VII
16447,VIII
16448,III
16449,DISTRITO FEDERAL (INTEIRO)
16450,IV
16451,XIII
16452,XIII
16453,XXVII
16454,II
16455,XX
16456,XVIII
16457,II
16458,II
16459,XII
16460,XII
16461,VI
16462,DISTRITO FEDERAL (INTEIRO)
16463,DISTRITO FEDERAL (INTEIRO)
16464,X
16465,XII
16466,VI
16467,XX
16468,XXIII
16469,DISTRITO FEDERAL (INTEIRO)
16470,XXI
16471,XIII
16472,II
16473,DISTRITO FEDERAL (INTEIRO)
16474,XX
16475,XII
16476,XXVIII
16477,DISTRITO FEDERAL (INTEIRO)
16478,DISTRITO FEDERAL (INTEIRO)
16479,DISTRITO FEDERAL (INTEIRO)
16480,DISTRITO FEDERAL (INTEIRO)
16481,DISTRITO FEDERAL (INTEIRO)
16482,DISTRITO FEDERAL (INTEIRO)
16483,DISTRITO FEDERAL (INTEIRO)
16484,DISTRITO FEDERAL (INTEIRO)
16485,DISTRITO FEDERAL (INTEIRO)
16486,XIV
16487,DISTRITO FEDERAL (INTEIRO)
16488,XIV
16489,DISTRITO FEDERAL (INTEIRO)
16490,DISTRITO FEDERAL (INTEIRO)
16491,DISTRITO FEDERAL (INTEIRO)
16492,DISTRITO FEDERAL (INTEIRO)
16493,XIV
16494,V
16495,DISTRITO FEDERAL (INTEIRO)
16496,DISTRITO FEDERAL (INTEIRO)
16497,II
16498,DISTRITO FEDERAL (INTEIRO)
16499,I
16500,DISTRITO FEDERAL (INTEIRO)
16501,DISTRITO FEDERAL (INTEIRO)
16502,IX
16503,XXII
16504,DISTRITO FEDERAL (INTEIRO)
16505,DISTRITO FEDERAL (INTEIRO)
16506,I
16507,DISTRITO FEDERAL (INTEIRO)
16508,XII
16509,XII
16510,DISTRITO FEDERAL (INTEIRO)
16511,II
16512,XII
16513,XXI
16514,DISTRITO FEDERAL (INTEIRO)
16515,XIII
16516,DISTRITO FEDERAL (INTEIRO)
16517,XII
16518,DISTRITO FEDERAL (INTEIRO)
16519,XIII
16520,VI
16521,XVII
16522,VII
16523,DISTRITO FEDERAL (INTEIRO)
16523,V
16524,XII
16525,XXVIII
16526,VI
16527,DISTRITO FEDERAL (INTEIRO)
16528,III
16529,I
16530,XXXIII
16531,VI
16532,I
16533,I
16534,I
16535,XV
16536,DISTRITO FEDERAL (INTEIRO)
16537,IX
16538,DISTRITO FEDERAL (INTEIRO)
16538,XVII
16539,VI
16540,X
16541,VI
16542,DISTRITO FEDERAL (INTEIRO)
16543,VI
16544,DISTRITO FEDERAL (INTEIRO)
16545,VI
16546,X
16547,DISTRITO FEDERAL (INTEIRO)
16548,DISTRITO FEDERAL (INTEIRO)
16549,DISTRITO FEDERAL (INTEIRO)
16550,DISTRITO FEDERAL (INTEIRO)
16551,DISTRITO FEDERAL (INTEIRO)
16552,DISTRITO FEDERAL (INTEIRO)
16553,DISTRITO FEDERAL (INTEIRO)
16554,DISTRITO FEDERAL (INTEIRO)
16555,DISTRITO FEDERAL (INTEIRO)
16556,DISTRITO FEDERAL (INTEIRO)
16557,DISTRITO FEDERAL (INTEIRO)
16558,DISTRITO FEDERAL (INTEIRO)
16559,DISTRITO FEDERAL (INTEIRO)
16560,DISTRITO FEDERAL (INTEIRO)
16561,DISTRITO FEDERAL (INTEIRO)
16562,XXIV
16563,DISTRITO FEDERAL (INTEIRO)
16564,XIV
16565,IX
16566,XVIII
16567,IX
16568,XXXII
16569,XXV
16570,DISTRITO FEDERAL (INTEIRO)
16571,XXXII
16572,DISTRITO FEDERAL (INTEIRO)
16573,DISTRITO FEDERAL (INTEIRO)
16574,DISTRITO FEDERAL (INTEIRO)
16575,IX
16576,DISTRITO FEDERAL (INTEIRO)
16577,XXVI
16578,DISTRITO FEDERAL (INTEIRO)
16579,IX
16580,XXXII
16581,DISTRITO FEDERAL (INTEIRO)
16582,DISTRITO FEDERAL (INTEIRO)
16583,DISTRITO FEDERAL (INTEIRO)
16584,DISTRITO FEDERAL (INTEIRO)
16585,DISTRITO FEDERAL (INTEIRO)
16586,DISTRITO FEDERAL (INTEIRO)
16587,DISTRITO FEDERAL (INTEIRO)
16588,DISTRITO FEDERAL (INTEIRO)
16589,DISTRITO FEDERAL (INTEIRO)
16590,DISTRITO FEDERAL (INTEIRO)
16591,DISTRITO FEDERAL (INTEIRO)
16592,I
16593,DISTRITO FEDERAL (INTEIRO)
16594,DISTRITO FEDERAL (INTEIRO)
16595,VII
16596,X
16597,XVII
16598,V
16599,DISTRITO FEDERAL (INTEIRO)
16600,DISTRITO FEDERAL (INTEIRO)
16601,VI
16602,VI
16603,VI
16604,VI
16605,VI
16606,VI
16607,VI
16608,XIII
16609,IX
16610,XII
16611,XII
16612,XII
16613,XII
16614,II
16615,XII
16616,XXII
16617,XII
16618,XII
16619,XII
16620,XII
16621,XII
16622,XII
16623,XXVIII
16624,IX
16625,XXII
16626,DISTRITO FEDERAL (INTEIRO)
16627,DISTRITO FEDERAL (INTEIRO)
16628,II
16629,II
16630,DISTRITO FEDERAL (INTEIRO)
16631,DISTRITO FEDERAL (INTEIRO)
16632,V
16633,DISTRITO FEDERAL (INTEIRO)
16634,V
16635,V
16636,V
16637,V
16638,V
16639,V
16640,V
16641,V
16642,V
16643,V
16644,DISTRITO FEDERAL (INTEIRO)
16645,DISTRITO FEDERAL (INTEIRO)
16646,XII
16647,III
16648,II
16649,XIII
16650,IX
16651,DISTRITO FEDERAL (INTEIRO)
16652,DISTRITO FEDERAL (INTEIRO)
16653,X
16654,X
16655,X
16656,X
16657,X
16658,X
16659,X
16660,X
16661,X
16662,DISTRITO FEDERAL (INTEIRO)
16663,DISTRITO FEDERAL (INTEIRO)
16664,XX
16665,DISTRITO FEDERAL (INTEIRO)
16666,VI
16667,XIV
16668,XXI
16669,IX
16670,XII
16671,XII
16672,XII
16673,DISTRITO FEDERAL (INTEIRO)
16674,XXVI
16675,X
16676,DISTRITO FEDERAL (INTEIRO)
16677,DISTRITO FEDERAL (INTEIRO)
16678,DISTRITO FEDERAL (INTEIRO)
16679,DISTRITO FEDERAL (INTEIRO)
16680,DISTRITO FEDERAL (INTEIRO)
16681,DISTRITO FEDERAL (INTEIRO)
16682,DISTRITO FEDERAL (INTEIRO)
16683,DISTRITO FEDERAL (INTEIRO)
16684,DISTRITO FEDERAL (INTEIRO)
16685,DISTRITO FEDERAL (INTEIRO)
16686,DISTRITO FEDERAL (INTEIRO)
16687,DISTRITO FEDERAL (INTEIRO)
16688,I
16689,DISTRITO FEDERAL (INTEIRO)
16690,DISTRITO FEDERAL (INTEIRO)
16691,XIII
16692,XII
16693,XII
16694,X
16695,XXXII
16696,DISTRITO FEDERAL (INTEIRO)
16697,V
16698,X
16699,XV
16700,III
16701,XXVI
16702,XIII
16703,XXVIII
16704,II
16705,II
16706,DISTRITO FEDERAL (INTEIRO)
16707,DISTRITO FEDERAL (INTEIRO)
16708,DISTRITO FEDERAL (INTEIRO)
16709,DISTRITO FEDERAL (INTEIRO)
16710,DISTRITO FEDERAL (INTEIRO)
16711,DISTRITO FEDERAL (INTEIRO)
16712,DISTRITO FEDERAL (INTEIRO)
16713,DISTRITO FEDERAL (INTEIRO)
16714,DISTRITO FEDERAL (INTEIRO)
16715,DISTRITO FEDERAL (INTEIRO)
16716,XIV
16717,DISTRITO FEDERAL (INTEIRO)
16718,DISTRITO FEDERAL (INTEIRO)
16719,XXXII
16720,DISTRITO FEDERAL (INTEIRO)
16721,XXXIII
16722,XXXII
16723,IV
16724,III
16725,DISTRITO FEDERAL (INTEIRO)
16726,DISTRITO FEDERAL (INTEIRO)
16727,DISTRITO FEDERAL (INTEIRO)
16728,DISTRITO FEDERAL (INTEIRO)
16729,XIII
16730,DISTRITO FEDERAL (INTEIRO)
16731,DISTRITO FEDERAL (INTEIRO)
16732,XII
16733,II
16734,X
16735,DISTRITO FEDERAL (INTEIRO)
16736,VIII
16737,DISTRITO FEDERAL (INTEIRO)
16738,XXXIV
16739,DISTRITO FEDERAL (INTEIRO)
16740,DISTRITO FEDERAL (INTEIRO)
16741,DISTRITO FEDERAL (INTEIRO)
16742,I
16743,DISTRITO FEDERAL (INTEIRO)
16744,DISTRITO FEDERAL (INTEIRO)
16745,DISTRITO FEDERAL (INTEIRO)
16746,DISTRITO FEDERAL (INTEIRO)
16747,DISTRITO FEDERAL (INTEIRO)
16748,III
16749,XII
16750,III
16751,XX
16752,IV
16753,DISTRITO FEDERAL (INTEIRO)
16754,DISTRITO FEDERAL (INTEIRO)
16755,II
16756,XIII
16757,DISTRITO FEDERAL (INTEIRO)
16758,DISTRITO FEDERAL (INTEIRO)
16759,DISTRITO FEDERAL (INTEIRO)
16760,DISTRITO FEDERAL (INTEIRO)
16761,DISTRITO FEDERAL (INTEIRO)
16762,DISTRITO FEDERAL (INTEIRO)
16763,DISTRITO FEDERAL (INTEIRO)
16764,DISTRITO FEDERAL (INTEIRO)
16765,DISTRITO FEDERAL (INTEIRO)
16766,DISTRITO FEDERAL (INTEIRO)
16767,DISTRITO FEDERAL (INTEIRO)
16768,DISTRITO FEDERAL (INTEIRO)
16769,DISTRITO FEDERAL (INTEIRO)
16770,DISTRITO FEDERAL (INTEIRO)
16771,DISTRITO FEDERAL (INTEIRO)
16772,IX
16773,VI
16774,XXVII
16775,II
16776,DISTRITO FEDERAL (INTEIRO)
16777,DISTRITO FEDERAL (INTEIRO)
16778,I
16779,DISTRITO FEDERAL (INTEIRO)
16780,DISTRITO FEDERAL (INTEIRO)
16781,DISTRITO FEDERAL (INTEIRO)
16782,DISTRITO FEDERAL (INTEIRO)
16783,DISTRITO FEDERAL (INTEIRO)
16784,DISTRITO FEDERAL (INTEIRO)
16785,DISTRITO FEDERAL (INTEIRO)
16786,DISTRITO FEDERAL (INTEIRO)
16787,DISTRITO FEDERAL (INTEIRO)
16788,III
16789,IV
16790,XIII
16791,IX
16792,V
16793,V
16794,V
16795,V
16796,XIII
16797,DISTRITO FEDERAL (INTEIRO)
16798,X
16799,DISTRITO FEDERAL (INTEIRO)
16800,DISTRITO FEDERAL (INTEIRO)
16801,DISTRITO FEDERAL (INTEIRO)
16802,DISTRITO FEDERAL (INTEIRO)
16803,DISTRITO FEDERAL (INTEIRO)
16804,DISTRITO FEDERAL (INTEIRO)
16805,DISTRITO FEDERAL (INTEIRO)
16806,V
16807,V
16808,V
16809,V
16810,XIV
16811,DISTRITO FEDERAL (INTEIRO)
16812,I
16813,DISTRITO FEDERAL (INTEIRO)
16814,DISTRITO FEDERAL (INTEIRO)
16815,DISTRITO FEDERAL (INTEIRO)
16816,DISTRITO FEDERAL (INTEIRO)
16817,DISTRITO FEDERAL (INTEIRO)
16818,DISTRITO FEDERAL (INTEIRO)
16819,DISTRITO FEDERAL (INTEIRO)
16820,DISTRITO FEDERAL (INTEIRO)
16821,DISTRITO FEDERAL (INTEIRO)
16822,DISTRITO FEDERAL (INTEIRO)
16823,XXXIII
16824,XVIII
16825,XXVIII
16826,XXI
16827,DISTRITO FEDERAL (INTEIRO)
16828,DISTRITO FEDERAL (INTEIRO)
16829,DISTRITO FEDERAL (INTEIRO)
16830,II
16831,DISTRITO FEDERAL (INTEIRO)
16832,DISTRITO FEDERAL (INTEIRO)
16832,OUTROS ESTADOS
16833,DISTRITO FEDERAL (INTEIRO)
16833,OUTROS ESTADOS
16834,DISTRITO FEDERAL (INTEIRO)
16834,OUTROS ESTADOS
16835,DISTRITO FEDERAL (INTEIRO)
16835,OUTROS ESTADOS
16836,DISTRITO FEDERAL (INTEIRO)
16836,OUTROS ESTADOS
16837,DISTRITO FEDERAL (INTEIRO)
16838,IX
16839,DISTRITO FEDERAL (INTEIRO)
16840,XXXII
16841,DISTRITO FEDERAL (INTEIRO)
16841,XIII
16842,DISTRITO FEDERAL (INTEIRO)
16842,XIII
16843,DISTRITO FEDERAL (INTEIRO)
16844,V
16845,V
16846,V
16847,V
16848,DISTRITO FEDERAL (INTEIRO)
16848,XIII
16849,DISTRITO FEDERAL (INTEIRO)
16850,DISTRITO FEDERAL (INTEIRO)
16851,DISTRITO FEDERAL (INTEIRO)
16852,DISTRITO FEDERAL (INTEIRO)
16853,DISTRITO FEDERAL (INTEIRO)
16854,DISTRITO FEDERAL (INTEIRO)
16855,DISTRITO FEDERAL (INTEIRO)
16856,DISTRITO FEDERAL (INTEIRO)
16857,DISTRITO FEDERAL (INTEIRO)
16858,DISTRITO FEDERAL (INTEIRO)
16859,DISTRITO FEDERAL (INTEIRO)
16859,XIII
16860,DISTRITO FEDERAL (INTEIRO)
16861,V
16862,V
16863,V
16864,V
16865,XII
16866,X
16867,XIII
16868,XIII
16869,X
16870,DISTRITO FEDERAL (INTEIRO)
16871,III
16872,II
16873,V
16874,DISTRITO FEDERAL (INTEIRO)
16875,DISTRITO FEDERAL (INTEIRO)
16876,DISTRITO FEDERAL (INTEIRO)
16877,DISTRITO FEDERAL (INTEIRO)
16878,DISTRITO FEDERAL (INTEIRO)
16879,DISTRITO FEDERAL (INTEIRO)
16880,DISTRITO FEDERAL (INTEIRO)
16881,DISTRITO FEDERAL (INTEIRO)
16882,DISTRITO FEDERAL (INTEIRO)
16883,DISTRITO FEDERAL (INTEIRO)
16884,DISTRITO FEDERAL (INTEIRO)
16885,DISTRITO FEDERAL (INTEIRO)
16886,DISTRITO FEDERAL (INTEIRO)
16887,DISTRITO FEDERAL (INTEIRO)
16888,DISTRITO FEDERAL (INTEIRO)
16889,DISTRITO FEDERAL (INTEIRO)
16889,XIII
16890,DISTRITO FEDERAL (INTEIRO)
16891,DISTRITO FEDERAL (INTEIRO)
16892,III
16893,DISTRITO FEDERAL (INTEIRO)
16894,DISTRITO FEDERAL (INTEIRO)
16895,DISTRITO FEDERAL (INTEIRO)
16896,DISTRITO FEDERAL (INTEIRO)
16897,DISTRITO FEDERAL (INTEIRO)
16898,XII
16899,IX
16900,DISTRITO FEDERAL (INTEIRO)
16901,VI
16902,II
16903,XX
16904,XVII
16905,XVII
16906,DISTRITO FEDERAL (INTEIRO)
16907,DISTRITO FEDERAL (INTEIRO)
16908,DISTRITO FEDERAL (INTEIRO)
16909,DISTRITO FEDERAL (INTEIRO)
16910,DISTRITO FEDERAL (INTEIRO)
16911,DISTRITO FEDERAL (INTEIRO)
16912,DISTRITO FEDERAL (INTEIRO)
16913,DISTRITO FEDERAL (INTEIRO)
16914,DISTRITO FEDERAL (INTEIRO)
16915,DISTRITO FEDERAL (INTEIRO)
16916,DISTRITO FEDERAL (INTEIRO)
16917,DISTRITO FEDERAL (INTEIRO)
16918,DISTRITO FEDERAL (INTEIRO)
16919,XII
16920,XXI
16921,III
16922,XX
16923,II
16924,DISTRITO FEDERAL (INTEIRO)
16925,DISTRITO FEDERAL (INTEIRO)
16926,DISTRITO FEDERAL (INTEIRO)
16927,DISTRITO FEDERAL (INTEIRO)
16928,DISTRITO FEDERAL (INTEIRO)
16929,DISTRITO FEDERAL (INTEIRO)
16930,DISTRITO FEDERAL (INTEIRO)
16931,DISTRITO FEDERAL (INTEIRO)
16932,DISTRITO FEDERAL (INTEIRO)
16933,DISTRITO FEDERAL (INTEIRO)
16934,DISTRITO FEDERAL (INTEIRO)
16935,DISTRITO FEDERAL (INTEIRO)
16936,XII
16937,IX
16938,X
16939,XIII
16940,XXXII
16941,XIII
16942,DISTRITO FEDERAL (INTEIRO)
16943,DISTRITO FEDERAL (INTEIRO)
16944,DISTRITO FEDERAL (INTEIRO)
16945,DISTRITO FEDERAL (INTEIRO)
16946,DISTRITO FEDERAL (INTEIRO)
16947,DISTRITO FEDERAL (INTEIRO)
16948,DISTRITO FEDERAL (INTEIRO)
16949,DISTRITO FEDERAL (INTEIRO)
16950,DISTRITO FEDERAL (INTEIRO)
16951,DISTRITO FEDERAL (INTEIRO)
16952,XXVII
16953,XIII
16954,DISTRITO FEDERAL (INTEIRO)
16955,III
16956,DISTRITO FEDERAL (INTEIRO)
16957,DISTRITO FEDERAL (INTEIRO)
16958,DISTRITO FEDERAL (INTEIRO)
16959,DISTRITO FEDERAL (INTEIRO)
16960,DISTRITO FEDERAL (INTEIRO)
16961,DISTRITO FEDERAL (INTEIRO)
16962,DISTRITO FEDERAL (INTEIRO)
16963,DISTRITO FEDERAL (INTEIRO)
16964,V
16965,X
16966,DISTRITO FEDERAL (INTEIRO)
16967,DISTRITO FEDERAL (INTEIRO)
16968,XXVI
16969,DISTRITO FEDERAL (INTEIRO)
16970,DISTRITO FEDERAL (INTEIRO)
16971,DISTRITO FEDERAL (INTEIRO)
16972,DISTRITO FEDERAL (INTEIRO)
16973,DISTRITO FEDERAL (INTEIRO)
16974,DISTRITO FEDERAL (INTEIRO)
16975,DISTRITO FEDERAL (INTEIRO)
16976,XII
16977,DISTRITO FEDERAL (INTEIRO)
16978,XXXIII
16979,VI
16980,XXVI
16981,XXII
16982,IX
16983,XX
16984,DISTRITO FEDERAL (INTEIRO)
16985,DISTRITO FEDERAL (INTEIRO)
16986,DISTRITO FEDERAL (INTEIRO)
16987,DISTRITO FEDERAL (INTEIRO)
16988,DISTRITO FEDERAL (INTEIRO)
16989,DISTRITO FEDERAL (INTEIRO)
16990,DISTRITO FEDERAL (INTEIRO)
16991,DISTRITO FEDERAL (INTEIRO)
16992,DISTRITO FEDERAL (INTEIRO)
16993,DISTRITO FEDERAL (INTEIRO)
16994,DISTRITO FEDERAL (INTEIRO)
16995,DISTRITO FEDERAL (INTEIRO)
16996,DISTRITO FEDERAL (INTEIRO)
16997,DISTRITO FEDERAL (INTEIRO)
16998,DISTRITO FEDERAL (INTEIRO)
16999,DISTRITO FEDERAL (INTEIRO)
17000,DISTRITO FEDERAL (INTEIRO)
17001,DISTRITO FEDERAL (INTEIRO)
17002,DISTRITO FEDERAL (INTEIRO)
17003,DISTRITO FEDERAL (INTEIRO)
17004,DISTRITO FEDERAL (INTEIRO)
17005,DISTRITO FEDERAL (INTEIRO)
17006,XXIV
17007,DISTRITO FEDERAL (INTEIRO)
17008,XII
17009,XXXII
17010,XIV
17011,XIV
17012,XIII
17013,DISTRITO FEDERAL (INTEIRO)
17014,I
17015,XXXIV
17016,XIII
17017,III
17018,XII
17019,XIII
17020,VI
17021,DISTRITO FEDERAL (INTEIRO)
17022,DISTRITO FEDERAL (INTEIRO)
17023,II
17024,DISTRITO FEDERAL (INTEIRO)
17025,DISTRITO FEDERAL (INTEIRO)
17026,DISTRITO FEDERAL (INTEIRO)
17027,DISTRITO FEDERAL (INTEIRO)
17028,DISTRITO FEDERAL (INTEIRO)
17029,DISTRITO FEDERAL (INTEIRO)
17030,DISTRITO FEDERAL (INTEIRO)
17031,DISTRITO FEDERAL (INTEIRO)
17032,DISTRITO FEDERAL (INTEIRO)
17033,DISTRITO FEDERAL (INTEIRO)
17034,DISTRITO FEDERAL (INTEIRO)
17035,DISTRITO FEDERAL (INTEIRO)
17036,DISTRITO FEDERAL (INTEIRO)
17037,DISTRITO FEDERAL (INTEIRO)
17038,DISTRITO FEDERAL (INTEIRO)
17039,DISTRITO FEDERAL (INTEIRO)
17040,DISTRITO FEDERAL (INTEIRO)
17041,IV
17042,XII
17043,I
17044,VI
17045,IX
17046,I
17047,DISTRITO FEDERAL (INTEIRO)
17048,DISTRITO FEDERAL (INTEIRO)
17049,DISTRITO FEDERAL (INTEIRO)
17050,DISTRITO FEDERAL (INTEIRO)
17051,DISTRITO FEDERAL (INTEIRO)
17052,XII
17053,III
17054,VII
17055,XIII
17056,XXXIV
17057,II
17058,DISTRITO FEDERAL (INTEIRO)
17059,DISTRITO FEDERAL (INTEIRO)
17060,DISTRITO FEDERAL (INTEIRO)
17061,DISTRITO FEDERAL (INTEIRO)
17062,DISTRITO FEDERAL (INTEIRO)
17063,DISTRITO FEDERAL (INTEIRO)
17064,II
17065,IX
17066,X
17067,XX
17068,XIII
17069,IV
17070,IV
17071,IV
17072,IV
17073,IV
17074,IV
17075,IV
17076,IV
17077,DISTRITO FEDERAL (INTEIRO)
17078,II
17079,DISTRITO FEDERAL (INTEIRO)
17080,III
17081,DISTRITO FEDERAL (INTEIRO)
17082,X
17083,IV
17084,II
17085,XII
17086,DISTRITO FEDERAL (INTEIRO)
17087,DISTRITO FEDERAL (INTEIRO)
17088,DISTRITO FEDERAL (INTEIRO)
17089,XIII
17090,XIII
17091,V
17092,XIII
17093,DISTRITO FEDERAL (INTEIRO)
17094,XII
17095,XXIV
17096,XXIV
17097,X
17098,XXIV
17099,XVII
17100,DISTRITO FEDERAL (INTEIRO)
17101,XXVI
17102,DISTRITO FEDERAL (INTEIRO)
17103,XXVI
17104,XXVI
17105,XVII
17106,DISTRITO FEDERAL (INTEIRO)
17107,DISTRITO FEDERAL (INTEIRO)
17108,DISTRITO FEDERAL (INTEIRO)
17109,DISTRITO FEDERAL (INTEIRO)
17110,DISTRITO FEDERAL (INTEIRO)
17111,DISTRITO FEDERAL (INTEIRO)
17112,DISTRITO FEDERAL (INTEIRO)
17113,DISTRITO FEDERAL (INTEIRO)
17114,XVII
17115,I
17116,DISTRITO FEDERAL (INTEIRO)
17117,DISTRITO FEDERAL (INTEIRO)
17118,DISTRITO FEDERAL (INTEIRO)
17119,DISTRITO FEDERAL (INTEIRO)
17120,XIII
17121,DISTRITO FEDERAL (INTEIRO)
17122,II
17123,II
17124,XII
17125,DISTRITO FEDERAL (INTEIRO)
17126,XXXII
17127,VIII
17128,XIII
17129,XX
17130,I
17131,DISTRITO FEDERAL (INTEIRO)
17132,XXIV
17133,DISTRITO FEDERAL (INTEIRO)
17134,DISTRITO FEDERAL (INTEIRO)
17135,XII
17136,DISTRITO FEDERAL (INTEIRO)
17137,XXI
17138,IX
17139,II
17140,I
17141,DISTRITO FEDERAL (INTEIRO)
17142,DISTRITO FEDERAL (INTEIRO)
17143,X
17144,X
17145,DISTRITO FEDERAL (INTEIRO)
17146,DISTRITO FEDERAL (INTEIRO)
17147,DISTRITO FEDERAL (INTEIRO)
17148,DISTRITO FEDERAL (INTEIRO)
17149,II
17150,XIII
17151,XIII
17152,XIII
17153,X
17154,DISTRITO FEDERAL (INTEIRO)
17155,DISTRITO FEDERAL (INTEIRO)
17156,DISTRITO FEDERAL (INTEIRO)
17157,VI
17158,VI
17159,XII
17160,XX
17161,XXI
17162,III
17163,XXXIV
17164,III
17165,X
17166,XIII
17167,VII
17168,DISTRITO FEDERAL (INTEIRO)
17169,DISTRITO FEDERAL (INTEIRO)
17170,DISTRITO FEDERAL (INTEIRO)
17171,DISTRITO FEDERAL (INTEIRO)
17172,VI
17172,VII
17173,X
17174,VI
17175,DISTRITO FEDERAL (INTEIRO)
17176,DISTRITO FEDERAL (INTEIRO)
17177,DISTRITO FEDERAL (INTEIRO)
17178,X
17179,X
17180,DISTRITO FEDERAL (INTEIRO)
17181,DISTRITO FEDERAL (INTEIRO)
17182,DISTRITO FEDERAL (INTEIRO)
17183,DISTRITO FEDERAL (INTEIRO)
17184,DISTRITO FEDERAL (INTEIRO)
17185,DISTRITO FEDERAL (INTEIRO)
17186,DISTRITO FEDERAL (INTEIRO)
17187,DISTRITO FEDERAL (INTEIRO)
17188,DISTRITO FEDERAL (INTEIRO)
17189,XII
17190,III
17191,DISTRITO FEDERAL (INTEIRO)
17192,II
17193,X
17194,XIII
17195,XXX
17196,XXXII
17197,XIII
17198,XIII
17199,II
17200,DISTRITO FEDERAL (INTEIRO)
17201,DISTRITO FEDERAL (INTEIRO)
17202,XII
17203,DISTRITO FEDERAL (INTEIRO)
17204,DISTRITO FEDERAL (INTEIRO)
17205,VI
17206,DISTRITO FEDERAL (INTEIRO)
17207,DISTRITO FEDERAL (INTEIRO)
17208,DISTRITO FEDERAL (INTEIRO)
17209,XII
17210,DISTRITO FEDERAL (INTEIRO)
17211,XXVIII
17212,XXXII
17213,DISTRITO FEDERAL (INTEIRO)
17214,IV
17215,IX
17216,XII
17217,IV
17218,VI
17219,XV
17220,IV
17221,IV
17222,XV
17223,XVII
17224,XVII
17225,XIII
17226,XVII
17227,DISTRITO FEDERAL (INTEIRO)
17228,DISTRITO FEDERAL (INTEIRO)
17229,II
17230,XXVI
17231,X
17232,IX
17233,DISTRITO FEDERAL (INTEIRO)
17234,DISTRITO FEDERAL (INTEIRO)
17235,DISTRITO FEDERAL (INTEIRO)
17236,DISTRITO FEDERAL (INTEIRO)
17237,DISTRITO FEDERAL (INTEIRO)
17238,DISTRITO FEDERAL (INTEIRO)
17239,DISTRITO FEDERAL (INTEIRO)
17240,DISTRITO FEDERAL (INTEIRO)
17241,DISTRITO FEDERAL (INTEIRO)
17242,XII
17243,III
17244,IX
17245,DISTRITO FEDERAL (INTEIRO)
17246,XIII
17247,DISTRITO FEDERAL (INTEIRO)
17248,XIII
17249,X
17250,XIII
17251,II
17252,XX
17253,XIV
17254,XV
17255,XII
17256,XXX
17257,DISTRITO FEDERAL (INTEIRO)
17258,IV
17259,IV
17260,IV
17261,IV
17262,DISTRITO FEDERAL (INTEIRO)
17263,DISTRITO FEDERAL (INTEIRO)
17264,XII
17265,III
17266,VI
17267,X
17268,XXV
17269,XIII
17270,I
17271,DISTRITO FEDERAL (INTEIRO)
17272,VI
17273,DISTRITO FEDERAL (INTEIRO)
17274,VI
17275,DISTRITO FEDERAL (INTEIRO)
17276,DISTRITO FEDERAL (INTEIRO)
17277,DISTRITO FEDERAL (INTEIRO)
17278,XII
17279,DISTRITO FEDERAL (INTEIRO)
17280,DISTRITO FEDERAL (INTEIRO)
17281,DISTRITO FEDERAL (INTEIRO)
17282,DISTRITO FEDERAL (INTEIRO)
17283,DISTRITO FEDERAL (INTEIRO)
17284,DISTRITO FEDERAL (INTEIRO)
17285,X
17286,DISTRITO FEDERAL (INTEIRO)
17287,DISTRITO FEDERAL (INTEIRO)
17288,XII
17289,XVII
17290,DISTRITO FEDERAL (INTEIRO)
17291,IV
17292,III
17293,IX
17294,DISTRITO FEDERAL (INTEIRO)
17295,DISTRITO FEDERAL (INTEIRO)
17296,X
17297,XIV
17298,XIV
17299,XIV
17300,XIV
17301,XIV
17302,XIV
17303,XIV
17304,XIV
17305,DISTRITO FEDERAL (INTEIRO)
17306,DISTRITO FEDERAL (INTEIRO)
17307,DISTRITO FEDERAL (INTEIRO)
17307,XIII
17308,X
17309,VI
17310,VI
17311,VI
17312,VI
17313,VI
17314,VI
17315,VI
17316,VI
17317,VI
17318,VI
17319,XIII
17320,DISTRITO FEDERAL (INTEIRO)
17321,DISTRITO FEDERAL (INTEIRO)
17322,DISTRITO FEDERAL (INTEIRO)
17323,DISTRITO FEDERAL (INTEIRO)
17324,XII
17325,XX
17326,XXI
17327,DISTRITO FEDERAL (INTEIRO)
17328,VI
17329,X
17330,XXXII
17331,DISTRITO FEDERAL (INTEIRO)
17332,DISTRITO FEDERAL (INTEIRO)
17333,DISTRITO FEDERAL (INTEIRO)
17334,DISTRITO FEDERAL (INTEIRO)
17335,DISTRITO FEDERAL (INTEIRO)
17336,DISTRITO FEDERAL (INTEIRO)
17337,DISTRITO FEDERAL (INTEIRO)
17338,DISTRITO FEDERAL (INTEIRO)
17339,DISTRITO FEDERAL (INTEIRO)
17340,DISTRITO FEDERAL (INTEIRO)
17341,DISTRITO FEDERAL (INTEIRO)
17342,DISTRITO FEDERAL (INTEIRO)
17343,DISTRITO FEDERAL (INTEIRO)
17344,IX
17345,IX
17346,DISTRITO FEDERAL (INTEIRO)
17347,I
17348,DISTRITO FEDERAL (INTEIRO)
17349,XXVIII
17350,DISTRITO FEDERAL (INTEIRO)
17351,DISTRITO FEDERAL (INTEIRO)
17352,DISTRITO FEDERAL (INTEIRO)
17353,DISTRITO FEDERAL (INTEIRO)
17354,DISTRITO FEDERAL (INTEIRO)
17355,DISTRITO FEDERAL (INTEIRO)
17356,DISTRITO FEDERAL (INTEIRO)
17357,DISTRITO FEDERAL (INTEIRO)
17358,DISTRITO FEDERAL (INTEIRO)
17359,DISTRITO FEDERAL (INTEIRO)
17360,DISTRITO FEDERAL (INTEIRO)
17361,DISTRITO FEDERAL (INTEIRO)
17362,DISTRITO FEDERAL (INTEIRO)
17363,XIII
17364,XXXIV
17365,XXVIII
17366,XIX
17367,VIII
17368,DISTRITO FEDERAL (INTEIRO)
17369,DISTRITO FEDERAL (INTEIRO)
17370,DISTRITO FEDERAL (INTEIRO)
17371,DISTRITO FEDERAL (INTEIRO)
17372,DISTRITO FEDERAL (INTEIRO)
17373,DISTRITO FEDERAL (INTEIRO)
17374,DISTRITO FEDERAL (INTEIRO)
17375,DISTRITO FEDERAL (INTEIRO)
17375,IV
17376,DISTRITO FEDERAL (INTEIRO)
17376,IV
17377,DISTRITO FEDERAL (INTEIRO)
17377,IV
17378,DISTRITO FEDERAL (INTEIRO)
17379,DISTRITO FEDERAL (INTEIRO)
17380,DISTRITO FEDERAL (INTEIRO)
17381,DISTRITO FEDERAL (INTEIRO)
17382,DISTRITO FEDERAL (INTEIRO)
17383,DISTRITO FEDERAL (INTEIRO)
17384,DISTRITO FEDERAL (INTEIRO)
17385,DISTRITO FEDERAL (INTEIRO)
17386,DISTRITO FEDERAL (INTEIRO)
17387,XXIV
17388,DISTRITO FEDERAL (INTEIRO)
17389,IX
17390,XXIV
17391,DISTRITO FEDERAL (INTEIRO)
17392,DISTRITO FEDERAL (INTEIRO)
17393,DISTRITO FEDERAL (INTEIRO)
17394,DISTRITO FEDERAL (INTEIRO)
17395,DISTRITO FEDERAL (INTEIRO)
17396,DISTRITO FEDERAL (INTEIRO)
17397,DISTRITO FEDERAL (INTEIRO)
17398,DISTRITO FEDERAL (INTEIRO)
17399,DISTRITO FEDERAL (INTEIRO)
17400,XXXI
17401,DISTRITO FEDERAL (INTEIRO)
17402,DISTRITO FEDERAL (INTEIRO)
17403,XXXI
17404,DISTRITO FEDERAL (INTEIRO)
17405,XII
17406,DISTRITO FEDERAL (INTEIRO)
17407,IX
17408,DISTRITO FEDERAL (INTEIRO)
17409,DISTRITO FEDERAL (INTEIRO)
17410,XIII
17411,DISTRITO FEDERAL (INTEIRO)
17412,IX
17413,XIII
17414,XVII
17415,II
17416,XXXII
17417,IV
17418,X
17419,DISTRITO FEDERAL (INTEIRO)
17420,DISTRITO FEDERAL (INTEIRO)
17421,DISTRITO FEDERAL (INTEIRO)
17422,DISTRITO FEDERAL (INTEIRO)
17423,DISTRITO FEDERAL (INTEIRO)
17424,DISTRITO FEDERAL (INTEIRO)
17425,DISTRITO FEDERAL (INTEIRO)
17426,DISTRITO FEDERAL (INTEIRO)
17427,DISTRITO FEDERAL (INTEIRO)
17428,DISTRITO FEDERAL (INTEIRO)
17429,DISTRITO FEDERAL (INTEIRO)
17430,DISTRITO FEDERAL (INTEIRO)
17431,DISTRITO FEDERAL (INTEIRO)
17432,XII
17433,I
17434,DISTRITO FEDERAL (INTEIRO)
17435,DISTRITO FEDERAL (INTEIRO)
17436,DISTRITO FEDERAL (INTEIRO)
17437,DISTRITO FEDERAL (INTEIRO)
17438,DISTRITO FEDERAL (INTEIRO)
17439,DISTRITO FEDERAL (INTEIRO)
17440,DISTRITO FEDERAL (INTEIRO)
17441,DISTRITO FEDERAL (INTEIRO)
17442,DISTRITO FEDERAL (INTEIRO)
17443,IX
17444,DISTRITO FEDERAL (INTEIRO)
17445,DISTRITO FEDERAL (INTEIRO)
17446,DISTRITO FEDERAL (INTEIRO)
17447,DISTRITO FEDERAL (INTEIRO)
17448,DISTRITO FEDERAL (INTEIRO)
17449,DISTRITO FEDERAL (INTEIRO)
17450,DISTRITO FEDERAL (INTEIRO)
17451,DISTRITO FEDERAL (INTEIRO)
17452,DISTRITO FEDERAL (INTEIRO)
17453,DISTRITO FEDERAL (INTEIRO)
17454,DISTRITO FEDERAL (INTEIRO)
17455,DISTRITO FEDERAL (INTEIRO)
17456,DISTRITO FEDERAL (INTEIRO)
17457,DISTRITO FEDERAL (INTEIRO)
17458,DISTRITO FEDERAL (INTEIRO)
17459,DISTRITO FEDERAL (INTEIRO)
17460,DISTRITO FEDERAL (INTEIRO)
17461,I
17462,DISTRITO FEDERAL (INTEIRO)
17463,XXXV
17464,XIII
17465,DISTRITO FEDERAL (INTEIRO)
17466,XV
17467,IX
17468,IX
17469,VI
17470,IV
17471,XII
17472,III
17473,II
17474,DISTRITO FEDERAL (INTEIRO)
17475,DISTRITO FEDERAL (INTEIRO)
17475,XVI
17475,XVIII
17476,DISTRITO FEDERAL (INTEIRO)
17477,DISTRITO FEDERAL (INTEIRO)
17478,I
17479,DISTRITO FEDERAL (INTEIRO)
17480,DISTRITO FEDERAL (INTEIRO)
17481,DISTRITO FEDERAL (INTEIRO)
17482,DISTRITO FEDERAL (INTEIRO)
17483,IX
17484,DISTRITO FEDERAL (INTEIRO)
17485,DISTRITO FEDERAL (INTEIRO)
17486,III
17487,XI
17488,II
17489,XXXV
17490,VII
17491,DISTRITO FEDERAL (INTEIRO)
17492,DISTRITO FEDERAL (INTEIRO)
17493,DISTRITO FEDERAL (INTEIRO)
17494,II
17495,II
17496,II
17497,II
17498,II
17499,II
17500,II
17501,II
17502,II
17503,II
17504,DISTRITO FEDERAL (INTEIRO)
17505,DISTRITO FEDERAL (INTEIRO)
17506,X
17507,DISTRITO FEDERAL (INTEIRO)
17508,XII
17509,XIII
17510,VII
17511,XXIV
17512,IV
17513,DISTRITO FEDERAL (INTEIRO)
17514,IX
17515,DISTRITO FEDERAL (INTEIRO)
17516,DISTRITO FEDERAL (INTEIRO)
17517,XIV
17518,DISTRITO FEDERAL (INTEIRO)
17519,DISTRITO FEDERAL (INTEIRO)
17520,DISTRITO FEDERAL (INTEIRO)
17521,X
17522,XXXV
17523,DISTRITO FEDERAL (INTEIRO)
17524,DISTRITO FEDERAL (INTEIRO)
17525,DISTRITO FEDERAL (INTEIRO)
17526,DISTRITO FEDERAL (INTEIRO)
17527,DISTRITO FEDERAL (INTEIRO)
17528,V
17529,XIII
17530,X
17531,XX
17532,XXI
17533,VI
17534,XIII
17535,XIV
17536,XIII
17537,II
17538,XIII
17539,XIII
17540,XIII
17541,XIII
17542,DISTRITO FEDERAL (INTEIRO)
17543,IX
17544,IV
17545,DISTRITO FEDERAL (INTEIRO)
17546,DISTRITO FEDERAL (INTEIRO)
17547,DISTRITO FEDERAL (INTEIRO)
17548,DISTRITO FEDERAL (INTEIRO)
17549,DISTRITO FEDERAL (INTEIRO)
17550,DISTRITO FEDERAL (INTEIRO)
17551,X
17552,DISTRITO FEDERAL (INTEIRO)
17553,DISTRITO FEDERAL (INTEIRO)
17554,XVIII
17555,XIX
17556,X
17557,XVII
17558,XXII
17559,X
17560,VII
17561,DISTRITO FEDERAL (INTEIRO)
17562,DISTRITO FEDERAL (INTEIRO)
17563,DISTRITO FEDERAL (INTEIRO)
17564,DISTRITO FEDERAL (INTEIRO)
17565,III
17565,V
17565,VII
17565,XII
17565,XIV
17565,XV
17565,XXV
17566,XIII
17567,IV
17568,XIII
17569,XIII
17570,V
17571,DISTRITO FEDERAL (INTEIRO)
17572,DISTRITO FEDERAL (INTEIRO)
17573,DISTRITO FEDERAL (INTEIRO)
17574,DISTRITO FEDERAL (INTEIRO)
17575,XIII
17576,XIII
17577,V
17578,V
17579,XIII
17580,XII
17581,XII
17582,XII
17583,II
17584,III
17585,XIII
17586,XXXII
17587,XIII
17588,II
17589,XII
17590,V
17591,XIII
17592,XIII
17593,XIII
17594,DISTRITO FEDERAL (INTEIRO)
17595,DISTRITO FEDERAL (INTEIRO)
17596,DISTRITO FEDERAL (INTEIRO)
17597,DISTRITO FEDERAL (INTEIRO)
17598,DISTRITO FEDERAL (INTEIRO)
17599,VII
17600,DISTRITO FEDERAL (INTEIRO)
17601,DISTRITO FEDERAL (INTEIRO)
17602,DISTRITO FEDERAL (INTEIRO)
17603,DISTRITO FEDERAL (INTEIRO)
17604,DISTRITO FEDERAL (INTEIRO)
17605,DISTRITO FEDERAL (INTEIRO)
17606,DISTRITO FEDERAL (INTEIRO)
17607,XII
17608,XX
17609,XXXII
17610,VIII
17611,X
17612,DISTRITO FEDERAL (INTEIRO)
17613,DISTRITO FEDERAL (INTEIRO)
17614,DISTRITO FEDERAL (INTEIRO)
17615,DISTRITO FEDERAL (INTEIRO)
17616,DISTRITO FEDERAL (INTEIRO)
17617,DISTRITO FEDERAL (INTEIRO)
17618,DISTRITO FEDERAL (INTEIRO)
17619,XII
17620,IX
17621,XXI
17622,XXV
17623,XVIII
17624,II
17625,XIII
17626,DISTRITO FEDERAL (INTEIRO)
17627,XIII
17628,XIII
17629,XIII
17630,DISTRITO FEDERAL (INTEIRO)
17631,XII
17632,III
17633,II
17634,XXVI
17635,IV
17636,XIII
17637,XXVII
17638,XXVII
17639,XII
17640,XXVII
17641,VI
17642,DISTRITO FEDERAL (INTEIRO)
17643,DISTRITO FEDERAL (INTEIRO)
17644,DISTRITO FEDERAL (INTEIRO)
17645,DISTRITO FEDERAL (INTEIRO)
17646,DISTRITO FEDERAL (INTEIRO)
17647,DISTRITO FEDERAL (INTEIRO)
17648,DISTRITO FEDERAL (INTEIRO)
17649,DISTRITO FEDERAL (INTEIRO)
17650,XXVII
17651,VIII
17652,XIII
17653,XIII
17654,XII
17655,XIII
17656,XXVIII
17657,VI
17658,X
17659,XIII
17660,XIII
17661,DISTRITO FEDERAL (INTEIRO)
17662,DISTRITO FEDERAL (INTEIRO)
17662,ENTORNO
17663,XII
17664,III
17665,II
17666,XXXII
17667,XX
17668,DISTRITO FEDERAL (INTEIRO)
17669,DISTRITO FEDERAL (INTEIRO)
17670,DISTRITO FEDERAL (INTEIRO)
17671,DISTRITO FEDERAL (INTEIRO)
17672,IV
17673,IV
17674,IV
17675,IV
17676,IV
17677,IV
17678,IV
17679,IV
17680,IV
17681,XIII
17682,XIII
17683,XIII
17684,XX
17685,IX
17686,DISTRITO FEDERAL (INTEIRO)
17687,DISTRITO FEDERAL (INTEIRO)
17688,DISTRITO FEDERAL (INTEIRO)
17689,DISTRITO FEDERAL (INTEIRO)
17690,DISTRITO FEDERAL (INTEIRO)
17691,DISTRITO FEDERAL (INTEIRO)
17692,DISTRITO FEDERAL (INTEIRO)
17693,DISTRITO FEDERAL (INTEIRO)
17694,DISTRITO FEDERAL (INTEIRO)
17695,XII
17696,IV
17697,IX
17698,X
17699,XVII
17700,DISTRITO FEDERAL (INTEIRO)
17701,XXI
17702,XI
17703,VIII
17704,II
17705,XXXIII
17706,DISTRITO FEDERAL (INTEIRO)
17707,DISTRITO FEDERAL (INTEIRO)
17708,DISTRITO FEDERAL (INTEIRO)
17709,XXXV
17710,XXXV
17711,IX
17712,III
17713,XXVI
17714,XX
17715,VI
17716,XXXV
17717,XXXV
17718,XXVIII
17718,XXXIV
17719,X
17720,XXVIII
17721,XXVII
17722,XIV
17723,I
17724,DISTRITO FEDERAL (INTEIRO)
17724,III
17725,DISTRITO FEDERAL (INTEIRO)
17725,X
17726,DISTRITO FEDERAL (INTEIRO)
17727,XI
17728,II
17729,XXIV
17730,IV
17731,I
17732,IX
17733,II
17734,XI
17735,XXI
17736,III
17737,DISTRITO FEDERAL (INTEIRO)
17738,VI
17739,DISTRITO FEDERAL (INTEIRO)
17740,DISTRITO FEDERAL (INTEIRO)
17741,DISTRITO FEDERAL (INTEIRO)
17742,XII
17743,IV
17744,XX
17745,VII
17746,XIII
17747,DISTRITO FEDERAL (INTEIRO)
17748,XII
17749,VI
17750,XI
17751,IX
17752,XXXIII
17753,IX
17754,XIV
17755,XXVI
17756,XXII
17757,II
17758,XII
17759,DISTRITO FEDERAL (INTEIRO)
17760,DISTRITO FEDERAL (INTEIRO)
17761,DISTRITO FEDERAL (INTEIRO)
17762,DISTRITO FEDERAL (INTEIRO)
17763,XX
17764,XIX
17765,VI
17766,XXI
17767,DISTRITO FEDERAL (INTEIRO)
17768,DISTRITO FEDERAL (INTEIRO)
17769,DISTRITO FEDERAL (INTEIRO)
17770,DISTRITO FEDERAL (INTEIRO)
17771,XII
17772,XI
17773,XIII
17774,II
17775,XX
17776,XII
17777,XVII
17778,VII
17779,XXI
17780,X
17781,DISTRITO FEDERAL (INTEIRO)
17782,XIV
17783,DISTRITO FEDERAL (INTEIRO)
17784,XII
17785,XII
17785,XXXV
17786,II
17787,XX
17788,III
17789,DISTRITO FEDERAL (INTEIRO)
17790,DISTRITO FEDERAL (INTEIRO)
17791,DISTRITO FEDERAL (INTEIRO)
17792,DISTRITO FEDERAL (INTEIRO)
17793,DISTRITO FEDERAL (INTEIRO)
17794,DISTRITO FEDERAL (INTEIRO)
17795,DISTRITO FEDERAL (INTEIRO)
17796,DISTRITO FEDERAL (INTEIRO)
17797,VI
17798,VI
17799,DISTRITO FEDERAL (INTEIRO)
17800,DISTRITO FEDERAL (INTEIRO)
17801,DISTRITO FEDERAL (INTEIRO)
17802,DISTRITO FEDERAL (INTEIRO)
17803,DISTRITO FEDERAL (INTEIRO)
17804,DISTRITO FEDERAL (INTEIRO)
17805,XII
17806,X
17807,I
17808,XI
17809,XXXIII
17810,DISTRITO FEDERAL (INTEIRO)
17811,XIV
17812,DISTRITO FEDERAL (INTEIRO)
17813,DISTRITO FEDERAL (INTEIRO)
17814,DISTRITO FEDERAL (INTEIRO)
17815,DISTRITO FEDERAL (INTEIRO)
17816,VI
17817,DISTRITO FEDERAL (INTEIRO)
17818,XII
17819,IV
17820,X
17821,XVII
17822,XXIII
17823,I
17824,I
17825,DISTRITO FEDERAL (INTEIRO)
17826,XII
17827,IX
17828,VI
17829,II
17830,XX
17831,DISTRITO FEDERAL (INTEIRO)
17832,DISTRITO FEDERAL (INTEIRO)
17833,DISTRITO FEDERAL (INTEIRO)
17834,DISTRITO FEDERAL (INTEIRO)
17835,DISTRITO FEDERAL (INTEIRO)
17836,XIII
17837,DISTRITO FEDERAL (INTEIRO)
17838,XII
17839,III
17840,XI
17841,XXI
17842,X
17843,XII
17844,XII
17845,DISTRITO FEDERAL (INTEIRO)
17846,DISTRITO FEDERAL (INTEIRO)
17847,DISTRITO FEDERAL (INTEIRO)
17848,DISTRITO FEDERAL (INTEIRO)
17849,DISTRITO FEDERAL (INTEIRO)
17850,IX
17851,IX
17852,IX
17853,DISTRITO FEDERAL (INTEIRO)
17854,XII
17855,I
17856,I
17857,XV
17858,IV
17859,DISTRITO FEDERAL (INTEIRO)
17860,DISTRITO FEDERAL (INTEIRO)
17861,DISTRITO FEDERAL (INTEIRO)
17862,DISTRITO FEDERAL (INTEIRO)
17863,DISTRITO FEDERAL (INTEIRO)
17864,DISTRITO FEDERAL (INTEIRO)
17865,DISTRITO FEDERAL (INTEIRO)
17866,DISTRITO FEDERAL (INTEIRO)
17867,DISTRITO FEDERAL (INTEIRO)
17868,DISTRITO FEDERAL (INTEIRO)
17869,DISTRITO FEDERAL (INTEIRO)
17869,XXVI
17870,DISTRITO FEDERAL (INTEIRO)
17870,XXVI
17871,DISTRITO FEDERAL (INTEIRO)
17871,XXVI
17872,DISTRITO FEDERAL (INTEIRO)
17872,XXVI
17873,DISTRITO FEDERAL (INTEIRO)
17873,XXVI
17874,DISTRITO FEDERAL (INTEIRO)
17874,XXVI
17875,DISTRITO FEDERAL (INTEIRO)
17875,XXVI
17876,DISTRITO FEDERAL (INTEIRO)
17876,XXVI
17877,DISTRITO FEDERAL (INTEIRO)
17877,XXVI
17878,DISTRITO FEDERAL (INTEIRO)
17878,XXVI
17879,DISTRITO FEDERAL (INTEIRO)
17879,XXVI
17880,DISTRITO FEDERAL (INTEIRO)
17881,XXV
17882,XXV
17883,XII
17884,XXXV
17885,XXXIII
17886,XIX
17887,VIII
17888,DISTRITO FEDERAL (INTEIRO)
17889,DISTRITO FEDERAL (INTEIRO)
17890,DISTRITO FEDERAL (INTEIRO)
17891,DISTRITO FEDERAL (INTEIRO)
17892,DISTRITO FEDERAL (INTEIRO)
17893,XIV
17894,VI
17895,DISTRITO FEDERAL (INTEIRO)
17896,DISTRITO FEDERAL (INTEIRO)
17897,DISTRITO FEDERAL (INTEIRO)
17898,DISTRITO FEDERAL (INTEIRO)
17899,DISTRITO FEDERAL (INTEIRO)
17900,DISTRITO FEDERAL (INTEIRO)
17901,DISTRITO FEDERAL (INTEIRO)
17902,IV
17903,DISTRITO FEDERAL (INTEIRO)
17904,XII
17905,XXXI
17906,XXVI
17907,DISTRITO FEDERAL (INTEIRO)
17908,XIV
17909,XVII
17910,DISTRITO FEDERAL (INTEIRO)
17911,DISTRITO FEDERAL (INTEIRO)
17912,DISTRITO FEDERAL (INTEIRO)
17913,DISTRITO FEDERAL (INTEIRO)
17914,DISTRITO FEDERAL (INTEIRO)
17915,DISTRITO FEDERAL (INTEIRO)
17915,V
17916,DISTRITO FEDERAL (INTEIRO)
17917,DISTRITO FEDERAL (INTEIRO)
17918,DISTRITO FEDERAL (INTEIRO)
17919,DISTRITO FEDERAL (INTEIRO)
17920,DISTRITO FEDERAL (INTEIRO)
17921,DISTRITO FEDERAL (INTEIRO)
17922,DISTRITO FEDERAL (INTEIRO)
17923,DISTRITO FEDERAL (INTEIRO)
17924,DISTRITO FEDERAL (INTEIRO)
17925,I
17926,DISTRITO FEDERAL (INTEIRO)
17927,DISTRITO FEDERAL (INTEIRO)
17928,XXI
17929,DISTRITO FEDERAL (INTEIRO)
17930,DISTRITO FEDERAL (INTEIRO)
17931,DISTRITO FEDERAL (INTEIRO)
17932,DISTRITO FEDERAL (INTEIRO)
17933,DISTRITO FEDERAL (INTEIRO)
17934,I
17935,DISTRITO FEDERAL (INTEIRO)
17936,DISTRITO FEDERAL (INTEIRO)
17937,DISTRITO FEDERAL (INTEIRO)
17938,DISTRITO FEDERAL (INTEIRO)
17939,DISTRITO FEDERAL (INTEIRO)
17940,DISTRITO FEDERAL (INTEIRO)
17941,DISTRITO FEDERAL (INTEIRO)
17942,DISTRITO FEDERAL (INTEIRO)
17943,DISTRITO FEDERAL (INTEIRO)
17943,V
17944,XII
17945,V
17946,III
17947,II
17948,DISTRITO FEDERAL (INTEIRO)
17949,DISTRITO FEDERAL (INTEIRO)
17950,DISTRITO FEDERAL (INTEIRO)
17951,DISTRITO FEDERAL (INTEIRO)
17952,DISTRITO FEDERAL (INTEIRO)
17953,DISTRITO FEDERAL (INTEIRO)
17954,DISTRITO FEDERAL (INTEIRO)
17955,DISTRITO FEDERAL (INTEIRO)
17956,DISTRITO FEDERAL (INTEIRO)
17957,DISTRITO FEDERAL (INTEIRO)
17958,DISTRITO FEDERAL (INTEIRO)
17959,DISTRITO FEDERAL (INTEIRO)
17960,DISTRITO FEDERAL (INTEIRO)
17961,DISTRITO FEDERAL (INTEIRO)
17962,DISTRITO FEDERAL (INTEIRO)
17963,DISTRITO FEDERAL (INTEIRO)
17964,DISTRITO FEDERAL (INTEIRO)
17965,DISTRITO FEDERAL (INTEIRO)
17966,DISTRITO FEDERAL (INTEIRO)
17967,DISTRITO FEDERAL (INTEIRO)
17968,DISTRITO FEDERAL (INTEIRO)
17969,DISTRITO FEDERAL (INTEIRO)
17970,XXVIII
17971,IX
17972,DISTRITO FEDERAL (INTEIRO)
17973,DISTRITO FEDERAL (INTEIRO)
17974,VI
17975,XX
17976,VII
17977,I
17978,XII
17979,XII
17980,XXXII
17981,XXVII
17982,DISTRITO FEDERAL (INTEIRO)
17983,DISTRITO FEDERAL (INTEIRO)
17984,DISTRITO FEDERAL (INTEIRO)
17985,DISTRITO FEDERAL (INTEIRO)
17986,DISTRITO FEDERAL (INTEIRO)
17987,DISTRITO FEDERAL (INTEIRO)
17988,DISTRITO FEDERAL (INTEIRO)
17989,DISTRITO FEDERAL (INTEIRO)
17990,DISTRITO FEDERAL (INTEIRO)
17991,DISTRITO FEDERAL (INTEIRO)
17992,DISTRITO FEDERAL (INTEIRO)
17993,DISTRITO FEDERAL (INTEIRO)
17994,XII
17995,X
17996,XXI
17997,DISTRITO FEDERAL (INTEIRO)
17998,XIII
17999,DISTRITO FEDERAL (INTEIRO)
18000,DISTRITO FEDERAL (INTEIRO)
18001,XXVII
18002,II
18003,DISTRITO FEDERAL (INTEIRO)
18004,XIII
18005,DISTRITO FEDERAL (INTEIRO)
18006,XIII
18007,DISTRITO FEDERAL (INTEIRO)
18008,DISTRITO FEDERAL (INTEIRO)
18009,DISTRITO FEDERAL (INTEIRO)
18010,DISTRITO FEDERAL (INTEIRO)
18011,DISTRITO FEDERAL (INTEIRO)
18012,DISTRITO FEDERAL (INTEIRO)
18013,DISTRITO FEDERAL (INTEIRO)
18014,DISTRITO FEDERAL (INTEIRO)
18015,DISTRITO FEDERAL (INTEIRO)
18016,DISTRITO FEDERAL (INTEIRO)
18017,DISTRITO FEDERAL (INTEIRO)
18018,DISTRITO FEDERAL (INTEIRO)
18019,DISTRITO FEDERAL (INTEIRO)
18020,DISTRITO FEDERAL (INTEIRO)
18021,DISTRITO FEDERAL (INTEIRO)
18022,DISTRITO FEDERAL (INTEIRO)
18023,DISTRITO FEDERAL (INTEIRO)
18024,I
18025,DISTRITO FEDERAL (INTEIRO)
18026,DISTRITO FEDERAL (INTEIRO)
18027,DISTRITO FEDERAL (INTEIRO)
18028,DISTRITO FEDERAL (INTEIRO)
18029,DISTRITO FEDERAL (INTEIRO)
18030,DISTRITO FEDERAL (INTEIRO)
18031,DISTRITO FEDERAL (INTEIRO)
18032,DISTRITO FEDERAL (INTEIRO)
18033,DISTRITO FEDERAL (INTEIRO)
18034,XII
18035,IV
18036,DISTRITO FEDERAL (INTEIRO)
18037,XXVIII
18038,XV
18039,VIII
18040,DISTRITO FEDERAL (INTEIRO)
18041,DISTRITO FEDERAL (INTEIRO)
18042,IX
18043,II
18044,DISTRITO FEDERAL (INTEIRO)
18045,DISTRITO FEDERAL (INTEIRO)
18046,DISTRITO FEDERAL (INTEIRO)
18047,DISTRITO FEDERAL (INTEIRO)
18048,DISTRITO FEDERAL (INTEIRO)
18049,DISTRITO FEDERAL (INTEIRO)
18050,DISTRITO FEDERAL (INTEIRO)
18051,DISTRITO FEDERAL (INTEIRO)
18052,DISTRITO FEDERAL (INTEIRO)
18053,DISTRITO FEDERAL (INTEIRO)
18054,DISTRITO FEDERAL (INTEIRO)
18055,DISTRITO FEDERAL (INTEIRO)
18056,DISTRITO FEDERAL (INTEIRO)
18057,DISTRITO FEDERAL (INTEIRO)
18058,DISTRITO FEDERAL (INTEIRO)
18059,DISTRITO FEDERAL (INTEIRO)
18060,XXVIII
18061,DISTRITO FEDERAL (INTEIRO)
18062,DISTRITO FEDERAL (INTEIRO)
18063,IV
18064,XX
18065,XII
18066,XXX
18067,XVII
18068,XXX
18069,III
18070,XXV
18071,IV
18072,XXX
18073,XXX
18074,II
18075,IX
18076,IX
18077,IX
18078,IX
18079,VI
18080,IX
18081,IX
18082,XIV
18083,IX
18084,IX
18085,DISTRITO FEDERAL (INTEIRO)
18086,DISTRITO FEDERAL (INTEIRO)
18087,DISTRITO FEDERAL (INTEIRO)
18088,DISTRITO FEDERAL (INTEIRO)
18089,DISTRITO FEDERAL (INTEIRO)
18090,XII
18091,DISTRITO FEDERAL (INTEIRO)
18092,DISTRITO FEDERAL (INTEIRO)
18093,DISTRITO FEDERAL (INTEIRO)
18094,DISTRITO FEDERAL (INTEIRO)
18095,DISTRITO FEDERAL (INTEIRO)
18096,DISTRITO FEDERAL (INTEIRO)
18097,XVIII
18098,XII
18099,VII
18100,DISTRITO FEDERAL (INTEIRO)
18101,DISTRITO FEDERAL (INTEIRO)
18102,XII
18103,XXXI
18104,XXVI
18105,IV
18106,X
18107,XIII
18108,VI
18109,VI
18110,V
18111,XIII
18112,IX
18113,IX
18114,XXVIII
18115,DISTRITO FEDERAL (INTEIRO)
18116,VI
18117,XIV
18118,DISTRITO FEDERAL (INTEIRO)
18118,X
18119,DISTRITO FEDERAL (INTEIRO)
18120,DISTRITO FEDERAL (INTEIRO)
18121,IX
18122,DISTRITO FEDERAL (INTEIRO)
18123,DISTRITO FEDERAL (INTEIRO)
18124,DISTRITO FEDERAL (INTEIRO)
18125,DISTRITO FEDERAL (INTEIRO)
18126,DISTRITO FEDERAL (INTEIRO)
18127,XIII
18128,XII
18129,XIX
18130,XXX
18131,II
18132,XXX
18133,XXVIII
18134,XXX
18135,VI
18136,I
18137,DISTRITO FEDERAL (INTEIRO)
18138,DISTRITO FEDERAL (INTEIRO)
18139,XXXII
18140,XIII
18141,V
18142,XIII
18143,DISTRITO FEDERAL (INTEIRO)
18144,XIII
18145,DISTRITO FEDERAL (INTEIRO)
18146,DISTRITO FEDERAL (INTEIRO)
18147,V
18148,DISTRITO FEDERAL (INTEIRO)
18149,DISTRITO FEDERAL (INTEIRO)
18150,DISTRITO FEDERAL (INTEIRO)
18151,DISTRITO FEDERAL (INTEIRO)
18152,DISTRITO FEDERAL (INTEIRO)
18153,DISTRITO FEDERAL (INTEIRO)
18154,DISTRITO FEDERAL (INTEIRO)
18155,DISTRITO FEDERAL (INTEIRO)
18156,DISTRITO FEDERAL (INTEIRO)
18157,DISTRITO FEDERAL (INTEIRO)
18158,DISTRITO FEDERAL (INTEIRO)
18159,DISTRITO FEDERAL (INTEIRO)
18160,DISTRITO FEDERAL (INTEIRO)
18161,DISTRITO FEDERAL (INTEIRO)
18162,DISTRITO FEDERAL (INTEIRO)
18163,DISTRITO FEDERAL (INTEIRO)
18164,DISTRITO FEDERAL (INTEIRO)
18165,DISTRITO FEDERAL (INTEIRO)
18166,DISTRITO FEDERAL (INTEIRO)
18167,DISTRITO FEDERAL (INTEIRO)
18168,DISTRITO FEDERAL (INTEIRO)
18169,XIII
18170,DISTRITO FEDERAL (INTEIRO)
18171,XII
18172,XIII
18173,XII
18174,III
18175,V
18176,XXI
18177,DISTRITO FEDERAL (INTEIRO)
18178,DISTRITO FEDERAL (INTEIRO)
18179,XXVI
18180,DISTRITO FEDERAL (INTEIRO)
18181,IV
18182,IX
18183,DISTRITO FEDERAL (INTEIRO)
18184,V
18185,DISTRITO FEDERAL (INTEIRO)
18186,DISTRITO FEDERAL (INTEIRO)
18187,DISTRITO FEDERAL (INTEIRO)
18188,DISTRITO FEDERAL (INTEIRO)
18189,DISTRITO FEDERAL (INTEIRO)
18190,DISTRITO FEDERAL (INTEIRO)
18191,IX
18192,IV
18193,IV
18194,IV
18195,DISTRITO FEDERAL (INTEIRO)
18196,DISTRITO FEDERAL (INTEIRO)
18197,DISTRITO FEDERAL (INTEIRO)
18198,DISTRITO FEDERAL (INTEIRO)
18199,DISTRITO FEDERAL (INTEIRO)
18200,XIII
18201,XII
18202,XX
18203,XIV
18204,VIII
18205,DISTRITO FEDERAL (INTEIRO)
18206,XIII
18207,DISTRITO FEDERAL (INTEIRO)
18208,II
18209,DISTRITO FEDERAL (INTEIRO)
18210,XIII
18211,DISTRITO FEDERAL (INTEIRO)
18212,IX
18213,DISTRITO FEDERAL (INTEIRO)
18214,DISTRITO FEDERAL (INTEIRO)
18215,DISTRITO FEDERAL (INTEIRO)
18216,DISTRITO FEDERAL (INTEIRO)
18216,XXVII
18217,DISTRITO FEDERAL (INTEIRO)
18218,DISTRITO FEDERAL (INTEIRO)
18219,VII
18219,XVIII
18219,XXVIII
18220,DISTRITO FEDERAL (INTEIRO)
18221,DISTRITO FEDERAL (INTEIRO)
18222,XII
18223,IV
18224,IX
18225,VI
18226,XVII
18227,DISTRITO FEDERAL (INTEIRO)
18228,DISTRITO FEDERAL (INTEIRO)
18229,DISTRITO FEDERAL (INTEIRO)
18230,DISTRITO FEDERAL (INTEIRO)
18231,VI
18232,DISTRITO FEDERAL (INTEIRO)
18233,DISTRITO FEDERAL (INTEIRO)
18234,DISTRITO FEDERAL (INTEIRO)
18235,DISTRITO FEDERAL (INTEIRO)
18236,DISTRITO FEDERAL (INTEIRO)
18237,DISTRITO FEDERAL (INTEIRO)
18238,DISTRITO FEDERAL (INTEIRO)
18239,DISTRITO FEDERAL (INTEIRO)
18240,DISTRITO FEDERAL (INTEIRO)
18241,DISTRITO FEDERAL (INTEIRO)
18242,DISTRITO FEDERAL (INTEIRO)
18243,DISTRITO FEDERAL (INTEIRO)
18244,DISTRITO FEDERAL (INTEIRO)
18245,DISTRITO FEDERAL (INTEIRO)
18246,DISTRITO FEDERAL (INTEIRO)
18247,DISTRITO FEDERAL (INTEIRO)
18248,VIII
18249,VIII
18250,DISTRITO FEDERAL (INTEIRO)
18251,XII
18252,III
18253,I
18254,XIV
18255,DISTRITO FEDERAL (INTEIRO)
18256,XVI
18257,DISTRITO FEDERAL (INTEIRO)
18258,XVIII
18259,XXX
18260,VI
18261,DISTRITO FEDERAL (INTEIRO)
18262,DISTRITO FEDERAL (INTEIRO)
18263,III
18263,V
18263,VII
18263,X
18263,XII
18263,XIV
18263,XV
18263,XXV
18264,DISTRITO FEDERAL (INTEIRO)
18265,DISTRITO FEDERAL (INTEIRO)
18266,IX
18267,DISTRITO FEDERAL (INTEIRO)
18268,IX
18269,XII
18270,VI
18271,XIII
18272,XIV
18273,III
18274,DISTRITO FEDERAL (INTEIRO)
18275,DISTRITO FEDERAL (INTEIRO)
18276,DISTRITO FEDERAL (INTEIRO)
18277,DISTRITO FEDERAL (INTEIRO)
18278,DISTRITO FEDERAL (INTEIRO)
18279,DISTRITO FEDERAL (INTEIRO)
18280,DISTRITO FEDERAL (INTEIRO)
18281,DISTRITO FEDERAL (INTEIRO)
18282,DISTRITO FEDERAL (INTEIRO)
18283,DISTRITO FEDERAL (INTEIRO)
18284,DISTRITO FEDERAL (INTEIRO)
18285,DISTRITO FEDERAL (INTEIRO)
18286,DISTRITO FEDERAL (INTEIRO)
18287,DISTRITO FEDERAL (INTEIRO)
18288,DISTRITO FEDERAL (INTEIRO)
18289,XX
18290,IV
18291,X
18292,XVII
18293,V
18294,DISTRITO FEDERAL (INTEIRO)
18295,DISTRITO FEDERAL (INTEIRO)
18296,X
18297,DISTRITO FEDERAL (INTEIRO)
18298,DISTRITO FEDERAL (INTEIRO)
18299,DISTRITO FEDERAL (INTEIRO)
18300,DISTRITO FEDERAL (INTEIRO)
18301,DISTRITO FEDERAL (INTEIRO)
18302,XXX
18303,DISTRITO FEDERAL (INTEIRO)
18304,XIII
18305,XII
18306,DISTRITO FEDERAL (INTEIRO)
18307,IX
18308,DISTRITO FEDERAL (INTEIRO)
18309,XIII
18310,XII
18311,DISTRITO FEDERAL (INTEIRO)
18312,XII
18313,XXV
18314,XXXII
18315,XII
18316,XII
18317,XXI
18318,XII
18319,DISTRITO FEDERAL (INTEIRO)
18320,XXXIII
18321,XXXIII
18322,DISTRITO FEDERAL (INTEIRO)
18323,DISTRITO FEDERAL (INTEIRO)
18324,IX
18325,IX
18326,IX
18327,I
18328,DISTRITO FEDERAL (INTEIRO)
18329,DISTRITO FEDERAL (INTEIRO)
18330,DISTRITO FEDERAL (INTEIRO)
18331,DISTRITO FEDERAL (INTEIRO)
18332,DISTRITO FEDERAL (INTEIRO)
18333,DISTRITO FEDERAL (INTEIRO)
18334,DISTRITO FEDERAL (INTEIRO)
18335,DISTRITO FEDERAL (INTEIRO)
18336,DISTRITO FEDERAL (INTEIRO)
18337,DISTRITO FEDERAL (INTEIRO)
18338,DISTRITO FEDERAL (INTEIRO)
18339,DISTRITO FEDERAL (INTEIRO)
18340,DISTRITO FEDERAL (INTEIRO)
18341,DISTRITO FEDERAL (INTEIRO)
18342,DISTRITO FEDERAL (INTEIRO)
18343,DISTRITO FEDERAL (INTEIRO)
18344,DISTRITO FEDERAL (INTEIRO)
18345,DISTRITO FEDERAL (INTEIRO)
18346,DISTRITO FEDERAL (INTEIRO)
18347,V
18348,V
18349,V
18350,DISTRITO FEDERAL (INTEIRO)
18351,DISTRITO FEDERAL (INTEIRO)
18352,DISTRITO FEDERAL (INTEIRO)
18353,DISTRITO FEDERAL (INTEIRO)
18354,DISTRITO FEDERAL (INTEIRO)
18355,DISTRITO FEDERAL (INTEIRO)
18356,VI
18357,IX
18358,III
18359,XIII
18360,DISTRITO FEDERAL (INTEIRO)
18361,DISTRITO FEDERAL (INTEIRO)
18362,DISTRITO FEDERAL (INTEIRO)
18363,XXI
18364,XV
18365,II
18366,DISTRITO FEDERAL (INTEIRO)
18367,XXXIII
18368,DISTRITO FEDERAL (INTEIRO)
18369,DISTRITO FEDERAL (INTEIRO)
18370,X
18371,XII
18372,DISTRITO FEDERAL (INTEIRO)
18373,DISTRITO FEDERAL (INTEIRO)
18374,DISTRITO FEDERAL (INTEIRO)
18375,DISTRITO FEDERAL (INTEIRO)
18376,DISTRITO FEDERAL (INTEIRO)
18377,DISTRITO FEDERAL (INTEIRO)
18378,DISTRITO FEDERAL (INTEIRO)
18379,XXVIII
18380,DISTRITO FEDERAL (INTEIRO)
18381,DISTRITO FEDERAL (INTEIRO)
18381,XXVII
18382,DISTRITO FEDERAL (INTEIRO)
18382,XXVII
18383,DISTRITO FEDERAL (INTEIRO)
18383,XXVII
18384,DISTRITO FEDERAL (INTEIRO)
18384,XXVII
18385,DISTRITO FEDERAL (INTEIRO)
18385,XXVII
18386,DISTRITO FEDERAL (INTEIRO)
18386,XXVII
18387,DISTRITO FEDERAL (INTEIRO)
18387,XXVII
18388,DISTRITO FEDERAL (INTEIRO)
18388,XXVII
18389,DISTRITO FEDERAL (INTEIRO)
18389,XXVII
18390,DISTRITO FEDERAL (INTEIRO)
18391,XVIII
18392,DISTRITO FEDERAL (INTEIRO)
18393,DISTRITO FEDERAL (INTEIRO)
18394,DISTRITO FEDERAL (INTEIRO)
18395,DISTRITO FEDERAL (INTEIRO)
18395,IV
18396,XII
18397,III
18398,XIII
18399,IV
18400,XX
18401,DISTRITO FEDERAL (INTEIRO)
18402,DISTRITO FEDERAL (INTEIRO)
18403,XII
18404,XII
18405,II
18406,IX
18407,XIII
18408,II
18409,II
18410,II
18411,II
18412,XIII
18413,IX
18414,IX
18415,IX
18416,DISTRITO FEDERAL (INTEIRO)
18417,DISTRITO FEDERAL (INTEIRO)
18418,DISTRITO FEDERAL (INTEIRO)
18419,XIV
18420,II
18421,XXX
18422,XXX
18423,XII
18424,XXVII
18425,XVII
18426,XXXIII
18427,IX
18428,XXX
18429,II
18430,XXX
18431,DISTRITO FEDERAL (INTEIRO)
18432,DISTRITO FEDERAL (INTEIRO)
18433,II
18434,VI
18435,II
18436,XXX
18437,X
18438,V
18439,XXX
18440,XXV
18441,XXX
18442,XXX
18443,DISTRITO FEDERAL (INTEIRO)
18444,XXX
18445,DISTRITO FEDERAL (INTEIRO)
18446,VI
18447,DISTRITO FEDERAL (INTEIRO)
18448,DISTRITO FEDERAL (INTEIRO)
18449,DISTRITO FEDERAL (INTEIRO)
18450,DISTRITO FEDERAL (INTEIRO)
18451,DISTRITO FEDERAL (INTEIRO)
18452,DISTRITO FEDERAL (INTEIRO)
18453,DISTRITO FEDERAL (INTEIRO)
18454,DISTRITO FEDERAL (INTEIRO)
18455,DISTRITO FEDERAL (INTEIRO)
18456,DISTRITO FEDERAL (INTEIRO)
18457,XXX
18458,XXX
18459,DISTRITO FEDERAL (INTEIRO)
18460,IV
18461,XXX
18462,XXX
18463,XXX
18464,DISTRITO FEDERAL (INTEIRO)
18465,XXX
18466,XXX
18467,DISTRITO FEDERAL (INTEIRO)
18468,XV
18469,II
18470,XXXIII
18471,XXX
18472,XVII
18473,XXV
18474,XXX
18475,XVII
18476,XXX
18477,XXX
18478,XVII
18479,XXX
18480,DISTRITO FEDERAL (INTEIRO)
18481,DISTRITO FEDERAL (INTEIRO)
18482,DISTRITO FEDERAL (INTEIRO)
18483,DISTRITO FEDERAL (INTEIRO)
18484,DISTRITO FEDERAL (INTEIRO)
18485,XII
18486,XI
18487,II
18488,XXVIII
18489,XXI
18490,DISTRITO FEDERAL (INTEIRO)
18491,DISTRITO FEDERAL (INTEIRO)
18492,DISTRITO FEDERAL (INTEIRO)
18493,DISTRITO FEDERAL (INTEIRO)
18494,DISTRITO FEDERAL (INTEIRO)
18495,XVII
18496,XVIII
18497,XVII
18498,XXX
18499,XVII
18500,XXX
18501,XXXIV
18502,XXX
18503,XVII
18504,XXX
18505,XXX
18506,XXX
18507,XXX
18508,XXX
18509,XXX
18510,XXX
18511,XXX
18512,DISTRITO FEDERAL (INTEIRO)
18513,XXXIII
18514,VI
18515,DISTRITO FEDERAL (INTEIRO)
18516,XIII
18517,XXVI
18518,XIII
18519,I
18520,DISTRITO FEDERAL (INTEIRO)
18521,DISTRITO FEDERAL (INTEIRO)
18522,XIII
18523,X
18524,DISTRITO FEDERAL (INTEIRO)
18525,DISTRITO FEDERAL (INTEIRO)
18526,DISTRITO FEDERAL (INTEIRO)
18527,DISTRITO FEDERAL (INTEIRO)
18528,XXX
18529,XXX
18530,XXX
18531,XXX
18532,XXX
18533,XXXIII
18534,XXX
18535,XXX
18536,XXX
18537,XXVIII
18538,XXX
18539,XXX
18540,XXX
18541,XXX
18542,II
18543,II
18544,II
18545,II
18546,XII
18547,II
18548,II
18549,XXVII
18550,XV
18551,XXIII
18552,II
18553,II
18554,V
18555,II
18556,II
18557,II
18558,II
18559,DISTRITO FEDERAL (INTEIRO)
18560,DISTRITO FEDERAL (INTEIRO)
18561,X
18562,DISTRITO FEDERAL (INTEIRO)
18563,DISTRITO FEDERAL (INTEIRO)
18564,II
18565,XIII
18566,IX
18567,IX
18568,IX
18569,IX
18570,IX
18571,VI
18572,IX
18573,VI
18574,IX
18575,IX
18576,IX
18577,DISTRITO FEDERAL (INTEIRO)
18578,DISTRITO FEDERAL (INTEIRO)
18579,DISTRITO FEDERAL (INTEIRO)
18580,I
18581,DISTRITO FEDERAL (INTEIRO)
18582,DISTRITO FEDERAL (INTEIRO)
18583,DISTRITO FEDERAL (INTEIRO)
18584,DISTRITO FEDERAL (INTEIRO)
18585,DISTRITO FEDERAL (INTEIRO)
18586,DISTRITO FEDERAL (INTEIRO)
18587,XII
18588,XV
18589,XIII
18590,XXI
18591,XXV
18592,XXXII
18593,IX
18594,III
18595,II
18596,XII
18597,III
18598,VI
18599,X
18600,XX
18601,VI
18602,IX
18603,XXXII
18604,X
18605,X
18606,X
18607,X
18608,DISTRITO FEDERAL (INTEIRO)
18609,XII
18610,XXXII
18611,V
18612,V
18613,V
18614,V
18615,DISTRITO FEDERAL (INTEIRO)
18616,I
18617,DISTRITO FEDERAL (INTEIRO)
18618,DISTRITO FEDERAL (INTEIRO)
18619,DISTRITO FEDERAL (INTEIRO)
18620,DISTRITO FEDERAL (INTEIRO)
18621,DISTRITO FEDERAL (INTEIRO)
18622,DISTRITO FEDERAL (INTEIRO)
18623,DISTRITO FEDERAL (INTEIRO)
18624,DISTRITO FEDERAL (INTEIRO)
18625,XII
18626,II
18627,XVII
18628,X
18629,XXXII
18630,DISTRITO FEDERAL (INTEIRO)
18631,DISTRITO FEDERAL (INTEIRO)
18632,DISTRITO FEDERAL (INTEIRO)
18633,DISTRITO FEDERAL (INTEIRO)
18634,DISTRITO FEDERAL (INTEIRO)
18635,II
18636,DISTRITO FEDERAL (INTEIRO)
18637,DISTRITO FEDERAL (INTEIRO)
18638,II
18639,II
18640,X
18641,DISTRITO FEDERAL (INTEIRO)
18642,DISTRITO FEDERAL (INTEIRO)
18643,DISTRITO FEDERAL (INTEIRO)
18644,DISTRITO FEDERAL (INTEIRO)
18645,DISTRITO FEDERAL (INTEIRO)
18646,DISTRITO FEDERAL (INTEIRO)
18647,DISTRITO FEDERAL (INTEIRO)
18648,DISTRITO FEDERAL (INTEIRO)
18649,XIII
18650,DISTRITO FEDERAL (INTEIRO)
18651,XII
18652,DISTRITO FEDERAL (INTEIRO)
18653,DISTRITO FEDERAL (INTEIRO)
18654,DISTRITO FEDERAL (INTEIRO)
18655,DISTRITO FEDERAL (INTEIRO)
18656,DISTRITO FEDERAL (INTEIRO)
18657,DISTRITO FEDERAL (INTEIRO)
18658,XXXIII
18659,DISTRITO FEDERAL (INTEIRO)
18660,IV
18661,DISTRITO FEDERAL (INTEIRO)
18662,XIII
18663,XIV
18664,IX
18665,XXI
18666,II
18667,DISTRITO FEDERAL (INTEIRO)
18668,IV
18669,I
18670,X
18671,V
18672,IX
18673,XII
18674,XII
18675,IV
18676,DISTRITO FEDERAL (INTEIRO)
18677,DISTRITO FEDERAL (INTEIRO)
18678,DISTRITO FEDERAL (INTEIRO)
18679,DISTRITO FEDERAL (INTEIRO)
18680,DISTRITO FEDERAL (INTEIRO)
18681,DISTRITO FEDERAL (INTEIRO)
18682,DISTRITO FEDERAL (INTEIRO)
18683,DISTRITO FEDERAL (INTEIRO)
18684,DISTRITO FEDERAL (INTEIRO)
18685,DISTRITO FEDERAL (INTEIRO)
18686,DISTRITO FEDERAL (INTEIRO)
18687,VI
18688,DISTRITO FEDERAL (INTEIRO)
18689,DISTRITO FEDERAL (INTEIRO)
18690,DISTRITO FEDERAL (INTEIRO)
18691,DISTRITO FEDERAL (INTEIRO)
18692,VI
18693,V
18694,V
18695,DISTRITO FEDERAL (INTEIRO)
18696,DISTRITO FEDERAL (INTEIRO)
18697,DISTRITO FEDERAL (INTEIRO)
18698,DISTRITO FEDERAL (INTEIRO)
18699,DISTRITO FEDERAL (INTEIRO)
18700,DISTRITO FEDERAL (INTEIRO)
18701,DISTRITO FEDERAL (INTEIRO)
18702,DISTRITO FEDERAL (INTEIRO)
18703,DISTRITO FEDERAL (INTEIRO)
18704,DISTRITO FEDERAL (INTEIRO)
18705,III
18706,III
18707,III
18708,III
18709,XIII
18710,XIII
18711,XII
18712,XII
18713,DISTRITO FEDERAL (INTEIRO)
18714,DISTRITO FEDERAL (INTEIRO)
18715,XIII
18716,III
18717,XIII
18718,XIII
18719,DISTRITO FEDERAL (INTEIRO)
18720,V
18721,XIII
18722,XIII
18723,XIII
18724,XVII
18725,XIII
18726,DISTRITO FEDERAL (INTEIRO)
18727,X
18728,DISTRITO FEDERAL (INTEIRO)
18729,XIII
18730,V
18731,V
18732,DISTRITO FEDERAL (INTEIRO)
18733,DISTRITO FEDERAL (INTEIRO)
18734,DISTRITO FEDERAL (INTEIRO)
18735,DISTRITO FEDERAL (INTEIRO)
18736,XIX
18737,DISTRITO FEDERAL (INTEIRO)
18738,XIV
18739,XIV
18740,XIV
18741,XIV
18742,XIV
18743,XIV
18744,XIV
18745,XIV
18746,XIV
18747,XIV
18748,DISTRITO FEDERAL (INTEIRO)
18749,DISTRITO FEDERAL (INTEIRO)
18750,DISTRITO FEDERAL (INTEIRO)
18751,DISTRITO FEDERAL (INTEIRO)
18752,DISTRITO FEDERAL (INTEIRO)
18753,DISTRITO FEDERAL (INTEIRO)
18754,DISTRITO FEDERAL (INTEIRO)
18755,DISTRITO FEDERAL (INTEIRO)
18756,DISTRITO FEDERAL (INTEIRO)
18757,DISTRITO FEDERAL (INTEIRO)
18758,DISTRITO FEDERAL (INTEIRO)
18759,DISTRITO FEDERAL (INTEIRO)
18760,DISTRITO FEDERAL (INTEIRO)
18761,V
18762,XV
18763,DISTRITO FEDERAL (INTEIRO)
18764,DISTRITO FEDERAL (INTEIRO)
18765,DISTRITO FEDERAL (INTEIRO)
18766,DISTRITO FEDERAL (INTEIRO)
18767,VI
18768,DISTRITO FEDERAL (INTEIRO)
18769,DISTRITO FEDERAL (INTEIRO)
18770,XIV
18771,IX
18772,DISTRITO FEDERAL (INTEIRO)
18773,XII
18774,XX
18775,XXII
18776,IX
18777,DISTRITO FEDERAL (INTEIRO)
18778,XIII
18779,XXXII
18780,XIII
18781,I
18782,I
18783,DISTRITO FEDERAL (INTEIRO)
18784,DISTRITO FEDERAL (INTEIRO)
18785,DISTRITO FEDERAL (INTEIRO)
18786,XIII
18787,XIII
18788,DISTRITO FEDERAL (INTEIRO)
18789,V
18790,X
18791,DISTRITO FEDERAL (INTEIRO)
18792,XXVI
18793,VI
18794,I
18795,I
18796,VI
18797,DISTRITO FEDERAL (INTEIRO)
18798,I
18799,I
18800,XXXIV
18801,I
18802,I
18803,II
18804,DISTRITO FEDERAL (INTEIRO)
18805,DISTRITO FEDERAL (INTEIRO)
18806,DISTRITO FEDERAL (INTEIRO)
18807,DISTRITO FEDERAL (INTEIRO)
18808,DISTRITO FEDERAL (INTEIRO)
18809,XII
18810,II
18811,XXVIII
18812,XIV
18813,XXI
18814,DISTRITO FEDERAL (INTEIRO)
18815,DISTRITO FEDERAL (INTEIRO)
18815,IX
18816,DISTRITO FEDERAL (INTEIRO)
18817,DISTRITO FEDERAL (INTEIRO)
18818,DISTRITO FEDERAL (INTEIRO)
18819,DISTRITO FEDERAL (INTEIRO)
18820,DISTRITO FEDERAL (INTEIRO)
18821,DISTRITO FEDERAL (INTEIRO)
18822,DISTRITO FEDERAL (INTEIRO)
18822,IX
18823,DISTRITO FEDERAL (INTEIRO)
18824,DISTRITO FEDERAL (INTEIRO)
18824,IX
18825,DISTRITO FEDERAL (INTEIRO)
18825,IX
18826,DISTRITO FEDERAL (INTEIRO)
18826,IX
18827,DISTRITO FEDERAL (INTEIRO)
18827,IX
18828,DISTRITO FEDERAL (INTEIRO)
18829,XXVI
18830,DISTRITO FEDERAL (INTEIRO)
18831,DISTRITO FEDERAL (INTEIRO)
18831,X
18832,DISTRITO FEDERAL (INTEIRO)
18833,XXVI
18834,DISTRITO FEDERAL (INTEIRO)
18835,DISTRITO FEDERAL (INTEIRO)
18836,DISTRITO FEDERAL (INTEIRO)
18837,DISTRITO FEDERAL (INTEIRO)
18838,XXVI
18839,XXVI
18840,DISTRITO FEDERAL (INTEIRO)
18841,DISTRITO FEDERAL (INTEIRO)
18842,DISTRITO FEDERAL (INTEIRO)
18843,DISTRITO FEDERAL (INTEIRO)
18844,DISTRITO FEDERAL (INTEIRO)
18845,DISTRITO FEDERAL (INTEIRO)
18846,DISTRITO FEDERAL (INTEIRO)
18847,XII
18848,XXXV
18849,III
18850,XIX
18851,XXVIII
18852,XI
18853,X
18854,X
18855,X
18856,X
18857,V
18858,DISTRITO FEDERAL (INTEIRO)
18859,V
18860,V
18861,V
18862,V
18863,DISTRITO FEDERAL (INTEIRO)
18864,V
18865,DISTRITO FEDERAL (INTEIRO)
18866,DISTRITO FEDERAL (INTEIRO)
18867,DISTRITO FEDERAL (INTEIRO)
18868,DISTRITO FEDERAL (INTEIRO)
18869,DISTRITO FEDERAL (INTEIRO)
18870,DISTRITO FEDERAL (INTEIRO)
18871,DISTRITO FEDERAL (INTEIRO)
18872,DISTRITO FEDERAL (INTEIRO)
18873,IX
18874,XII
18875,DISTRITO FEDERAL (INTEIRO)
18876,III
18877,XXV
18878,II
18879,III
18880,III
18881,DISTRITO FEDERAL (INTEIRO)
18882,III
18883,DISTRITO FEDERAL (INTEIRO)
18884,XXIII
18885,X
18886,XXIII
18887,DISTRITO FEDERAL (INTEIRO)
18888,XXIII
18889,DISTRITO FEDERAL (INTEIRO)
18890,DISTRITO FEDERAL (INTEIRO)
18891,DISTRITO FEDERAL (INTEIRO)
18892,DISTRITO FEDERAL (INTEIRO)
18893,DISTRITO FEDERAL (INTEIRO)
18894,DISTRITO FEDERAL (INTEIRO)
18895,DISTRITO FEDERAL (INTEIRO)
18896,DISTRITO FEDERAL (INTEIRO)
18897,DISTRITO FEDERAL (INTEIRO)
18898,DISTRITO FEDERAL (INTEIRO)
18899,DISTRITO FEDERAL (INTEIRO)
18900,XXX
18901,XVIII
18902,XXX
18903,XXXIII
18904,XXI
18905,DISTRITO FEDERAL (INTEIRO)
18906,XII
18907,XII
18908,DISTRITO FEDERAL (INTEIRO)
18909,DISTRITO FEDERAL (INTEIRO)
18910,DISTRITO FEDERAL (INTEIRO)
18911,DISTRITO FEDERAL (INTEIRO)
18912,DISTRITO FEDERAL (INTEIRO)
18913,DISTRITO FEDERAL (INTEIRO)
18914,DISTRITO FEDERAL (INTEIRO)
18915,DISTRITO FEDERAL (INTEIRO)
18916,DISTRITO FEDERAL (INTEIRO)
18917,XV
18918,XII
18919,XX
18920,IV
18921,XXX
18922,IX
18923,XXXI
18924,DISTRITO FEDERAL (INTEIRO)
18925,XIV
18926,DISTRITO FEDERAL (INTEIRO)
18927,V
18928,DISTRITO FEDERAL (INTEIRO)
18929,III
18930,III
18931,V
18932,V
18933,I
18934,XXX
18935,V
18936,DISTRITO FEDERAL (INTEIRO)
18937,DISTRITO FEDERAL (INTEIRO)
18938,DISTRITO FEDERAL (INTEIRO)
18939,DISTRITO FEDERAL (INTEIRO)
18940,DISTRITO FEDERAL (INTEIRO)
18941,DISTRITO FEDERAL (INTEIRO)
18942,DISTRITO FEDERAL (INTEIRO)
18943,DISTRITO FEDERAL (INTEIRO)
18944,DISTRITO FEDERAL (INTEIRO)
18945,XXXI
18946,XXVI
18947,DISTRITO FEDERAL (INTEIRO)
18948,DISTRITO FEDERAL (INTEIRO)
18949,DISTRITO FEDERAL (INTEIRO)
18950,DISTRITO FEDERAL (INTEIRO)
18951,DISTRITO FEDERAL (INTEIRO)
18952,XXVI
18953,VI
18954,XXVI
18955,VI
18956,DISTRITO FEDERAL (INTEIRO)
18957,DISTRITO FEDERAL (INTEIRO)
18958,DISTRITO FEDERAL (INTEIRO)
18959,DISTRITO FEDERAL (INTEIRO)
18960,DISTRITO FEDERAL (INTEIRO)
18961,VI
18962,X
18963,XII
18964,XI
18965,VI
18966,XXII
18967,XXVI
18968,XIII
18969,I
18970,I
18971,I
18972,DISTRITO FEDERAL (INTEIRO)
18973,DISTRITO FEDERAL (INTEIRO)
18974,DISTRITO FEDERAL (INTEIRO)
18975,DISTRITO FEDERAL (INTEIRO)
18976,DISTRITO FEDERAL (INTEIRO)
18977,DISTRITO FEDERAL (INTEIRO)
18978,DISTRITO FEDERAL (INTEIRO)
18979,DISTRITO FEDERAL (INTEIRO)
18980,DISTRITO FEDERAL (INTEIRO)
18981,DISTRITO FEDERAL (INTEIRO)
18982,DISTRITO FEDERAL (INTEIRO)
18983,DISTRITO FEDERAL (INTEIRO)
18984,DISTRITO FEDERAL (INTEIRO)
18985,DISTRITO FEDERAL (INTEIRO)
18986,DISTRITO FEDERAL (INTEIRO)
18987,DISTRITO FEDERAL (INTEIRO)
18988,DISTRITO FEDERAL (INTEIRO)
18989,V
18990,DISTRITO FEDERAL (INTEIRO)
18991,X
18992,XXXIV
18993,DISTRITO FEDERAL (INTEIRO)
18994,DISTRITO FEDERAL (INTEIRO)
18995,III
18996,X
18997,XX
18998,XXI
18999,XIV
19000,IX
19001,IX
19002,DISTRITO FEDERAL (INTEIRO)
19003,DISTRITO FEDERAL (INTEIRO)
19004,DISTRITO FEDERAL (INTEIRO)
19005,DISTRITO FEDERAL (INTEIRO)
19006,DISTRITO FEDERAL (INTEIRO)
19007,XXX
19008,XXX
19009,XII
19010,XII
19011,XII
19012,II
19013,XXXV
19014,I
19015,XII
19016,XIII
19017,XIII
19018,XII
19019,XIII
19020,XV
19021,DISTRITO FEDERAL (INTEIRO)
19022,DISTRITO FEDERAL (INTEIRO)
19023,DISTRITO FEDERAL (INTEIRO)
19024,DISTRITO FEDERAL (INTEIRO)
19025,DISTRITO FEDERAL (INTEIRO)
19026,DISTRITO FEDERAL (INTEIRO)
19027,DISTRITO FEDERAL (INTEIRO)
19028,DISTRITO FEDERAL (INTEIRO)
19029,DISTRITO FEDERAL (INTEIRO)
19030,DISTRITO FEDERAL (INTEIRO)
19031,DISTRITO FEDERAL (INTEIRO)
19032,DISTRITO FEDERAL (INTEIRO)
19033,DISTRITO FEDERAL (INTEIRO)
19034,DISTRITO FEDERAL (INTEIRO)
19035,DISTRITO FEDERAL (INTEIRO)
19036,DISTRITO FEDERAL (INTEIRO)
19037,DISTRITO FEDERAL (INTEIRO)
19038,DISTRITO FEDERAL (INTEIRO)
19039,DISTRITO FEDERAL (INTEIRO)
19040,DISTRITO FEDERAL (INTEIRO)
19041,DISTRITO FEDERAL (INTEIRO)
19042,DISTRITO FEDERAL (INTEIRO)
19043,DISTRITO FEDERAL (INTEIRO)
19044,DISTRITO FEDERAL (INTEIRO)
19045,X
19046,X
19047,X
19048,DISTRITO FEDERAL (INTEIRO)
19049,DISTRITO FEDERAL (INTEIRO)
19050,X
19051,DISTRITO FEDERAL (INTEIRO)
19052,DISTRITO FEDERAL (INTEIRO)
19053,DISTRITO FEDERAL (INTEIRO)
19054,DISTRITO FEDERAL (INTEIRO)
19055,DISTRITO FEDERAL (INTEIRO)
19056,DISTRITO FEDERAL (INTEIRO)
19057,DISTRITO FEDERAL (INTEIRO)
19058,XXV
19059,XXV
19060,XXV
19061,XXV
19062,XIII
19063,III
19064,DISTRITO FEDERAL (INTEIRO)
19065,DISTRITO FEDERAL (INTEIRO)
19066,DISTRITO FEDERAL (INTEIRO)
19067,XII
19068,DISTRITO FEDERAL (INTEIRO)
19069,DISTRITO FEDERAL (INTEIRO)
19070,DISTRITO FEDERAL (INTEIRO)
19071,II
19072,DISTRITO FEDERAL (INTEIRO)
19073,XXXIV
19074,DISTRITO FEDERAL (INTEIRO)
19075,III
19076,XII
19077,XXXIII
19078,IV
19079,XXVII
19080,IX
19081,X
19082,X
19083,III
19084,DISTRITO FEDERAL (INTEIRO)
19085,XXVI
19086,DISTRITO FEDERAL (INTEIRO)
19087,XII
19088,DISTRITO FEDERAL (INTEIRO)
19089,DISTRITO FEDERAL (INTEIRO)
19090,DISTRITO FEDERAL (INTEIRO)
19091,DISTRITO FEDERAL (INTEIRO)
19092,DISTRITO FEDERAL (INTEIRO)
19093,XIV
19094,DISTRITO FEDERAL (INTEIRO)
19095,DISTRITO FEDERAL (INTEIRO)
19096,DISTRITO FEDERAL (INTEIRO)
19097,XII
19098,XXXV
19099,XIX
19100,XV
19101,XVII
19102,X
19103,DISTRITO FEDERAL (INTEIRO)
19104,VI
19105,XIV
19106,DISTRITO FEDERAL (INTEIRO)
19107,XIV
19108,DISTRITO FEDERAL (INTEIRO)
19109,DISTRITO FEDERAL (INTEIRO)
19110,DISTRITO FEDERAL (INTEIRO)
19111,DISTRITO FEDERAL (INTEIRO)
19112,DISTRITO FEDERAL (INTEIRO)
19113,DISTRITO FEDERAL (INTEIRO)
19114,DISTRITO FEDERAL (INTEIRO)
19115,DISTRITO FEDERAL (INTEIRO)
19116,DISTRITO FEDERAL (INTEIRO)
19117,XIV
19118,XIV
19119,DISTRITO FEDERAL (INTEIRO)
19120,DISTRITO FEDERAL (INTEIRO)
19121,VI
19122,VI
19123,VI
19124,DISTRITO FEDERAL (INTEIRO)
19125,DISTRITO FEDERAL (INTEIRO)
19126,DISTRITO FEDERAL (INTEIRO)
19127,XIV
19128,DISTRITO FEDERAL (INTEIRO)
19129,DISTRITO FEDERAL (INTEIRO)
19130,DISTRITO FEDERAL (INTEIRO)
19131,XIV
19132,XXXI
19133,XXVI
19134,XXVI
19135,XXVI
19136,XXVI
19137,XXVI
19138,XXVI
19139,XXVI
19140,XXVI
19141,XXVI
19142,DISTRITO FEDERAL (INTEIRO)
19143,XXVIII
19144,DISTRITO FEDERAL (INTEIRO)
19145,XIV
19146,XIV
19147,DISTRITO FEDERAL (INTEIRO)
19148,DISTRITO FEDERAL (INTEIRO)
19149,DISTRITO FEDERAL (INTEIRO)
19150,DISTRITO FEDERAL (INTEIRO)
19151,I
19152,XII
19153,DISTRITO FEDERAL (INTEIRO)
19154,IX
19155,II
19156,III
19157,XX
19158,DISTRITO FEDERAL (INTEIRO)
19159,III
19160,IX
19161,XIX
19162,DISTRITO FEDERAL (INTEIRO)
19163,X
19164,V
19165,DISTRITO FEDERAL (INTEIRO)
19166,DISTRITO FEDERAL (INTEIRO)
19167,DISTRITO FEDERAL (INTEIRO)
19168,DISTRITO FEDERAL (INTEIRO)
19169,DISTRITO FEDERAL (INTEIRO)
19170,DISTRITO FEDERAL (INTEIRO)
19171,DISTRITO FEDERAL (INTEIRO)
19172,XXVIII
19173,DISTRITO FEDERAL (INTEIRO)
19174,DISTRITO FEDERAL (INTEIRO)
19175,DISTRITO FEDERAL (INTEIRO)
19176,DISTRITO FEDERAL (INTEIRO)
19177,DISTRITO FEDERAL (INTEIRO)
19178,DISTRITO FEDERAL (INTEIRO)
19179,XXVI
19180,DISTRITO FEDERAL (INTEIRO)
19181,VI
19182,VI
19183,XXXIV
19184,XII
19185,DISTRITO FEDERAL (INTEIRO)
19186,DISTRITO FEDERAL (INTEIRO)
19187,DISTRITO FEDERAL (INTEIRO)
19188,DISTRITO FEDERAL (INTEIRO)
19189,DISTRITO FEDERAL (INTEIRO)
19190,DISTRITO FEDERAL (INTEIRO)
19191,DISTRITO FEDERAL (INTEIRO)
19192,DISTRITO FEDERAL (INTEIRO)
19193,DISTRITO FEDERAL (INTEIRO)
19194,DISTRITO FEDERAL (INTEIRO)
19195,DISTRITO FEDERAL (INTEIRO)
19196,DISTRITO FEDERAL (INTEIRO)
19197,DISTRITO FEDERAL (INTEIRO)
19198,DISTRITO FEDERAL (INTEIRO)
19199,XII
19200,XVII
19201,DISTRITO FEDERAL (INTEIRO)
19202,DISTRITO FEDERAL (INTEIRO)
19203,X
19204,XI
19205,XV
19206,IX
19207,DISTRITO FEDERAL (INTEIRO)
19208,XIV
19209,V
19210,DISTRITO FEDERAL (INTEIRO)
19211,DISTRITO FEDERAL (INTEIRO)
19212,DISTRITO FEDERAL (INTEIRO)
19213,DISTRITO FEDERAL (INTEIRO)
19214,DISTRITO FEDERAL (INTEIRO)
19215,DISTRITO FEDERAL (INTEIRO)
19216,DISTRITO FEDERAL (INTEIRO)
19217,DISTRITO FEDERAL (INTEIRO)
19218,DISTRITO FEDERAL (INTEIRO)
19219,DISTRITO FEDERAL (INTEIRO)
19220,DISTRITO FEDERAL (INTEIRO)
19221,I
19222,XII
19223,III
19224,II
19225,I
19226,XXVI
19227,XII
19228,XXI
19229,XII
19230,DISTRITO FEDERAL (INTEIRO)
19231,XII
19232,VI
19233,DISTRITO FEDERAL (INTEIRO)
19234,DISTRITO FEDERAL (INTEIRO)
19235,DISTRITO FEDERAL (INTEIRO)
19236,DISTRITO FEDERAL (INTEIRO)
19237,DISTRITO FEDERAL (INTEIRO)
19238,VI
19239,XXIII
19240,VI
19241,VI
19242,DISTRITO FEDERAL (INTEIRO)
19243,VI
19244,VI
19245,DISTRITO FEDERAL (INTEIRO)
19246,VI
19247,DISTRITO FEDERAL (INTEIRO)
19248,DISTRITO FEDERAL (INTEIRO)
19249,DISTRITO FEDERAL (INTEIRO)
19250,DISTRITO FEDERAL (INTEIRO)
19251,DISTRITO FEDERAL (INTEIRO)
19252,XII
19253,DISTRITO FEDERAL (INTEIRO)
19254,XIII
19255,DISTRITO FEDERAL (INTEIRO)
19256,XX
19257,XXXIV
19258,DISTRITO FEDERAL (INTEIRO)
19259,DISTRITO FEDERAL (INTEIRO)
19260,VII
19261,DISTRITO FEDERAL (INTEIRO)
19262,XVII
19263,II
19264,DISTRITO FEDERAL (INTEIRO)
19265,II
19266,II
19267,II
19268,II
19269,DISTRITO FEDERAL (INTEIRO)
19270,II
19271,DISTRITO FEDERAL (INTEIRO)
19272,DISTRITO FEDERAL (INTEIRO)
19273,DISTRITO FEDERAL (INTEIRO)
19274,DISTRITO FEDERAL (INTEIRO)
19275,DISTRITO FEDERAL (INTEIRO)
19276,DISTRITO FEDERAL (INTEIRO)
19277,DISTRITO FEDERAL (INTEIRO)
19278,DISTRITO FEDERAL (INTEIRO)
19279,DISTRITO FEDERAL (INTEIRO)
19280,DISTRITO FEDERAL (INTEIRO)
19281,VI
19282,VI
19283,DISTRITO FEDERAL (INTEIRO)
19284,DISTRITO FEDERAL (INTEIRO)
19285,DISTRITO FEDERAL (INTEIRO)
19286,DISTRITO FEDERAL (INTEIRO)
19287,DISTRITO FEDERAL (INTEIRO)
19288,VII
19288,XXVIII
19289,XII
19290,XXXIII
19291,XXVIII
19292,XIII
19293,XII
19294,XIV
19295,XIII
19296,DISTRITO FEDERAL (INTEIRO)
19297,XII
19298,XXXII
19299,XXXII
19300,IX
19301,XII
19302,IX
19303,II
19304,IX
19305,DISTRITO FEDERAL (INTEIRO)
19306,II
19307,DISTRITO FEDERAL (INTEIRO)
19308,IX
19309,DISTRITO FEDERAL (INTEIRO)
19310,DISTRITO FEDERAL (INTEIRO)
19311,DISTRITO FEDERAL (INTEIRO)
19311,XXX
19312,VI
19313,X
19314,DISTRITO FEDERAL (INTEIRO)
19315,DISTRITO FEDERAL (INTEIRO)
19316,DISTRITO FEDERAL (INTEIRO)
19317,DISTRITO FEDERAL (INTEIRO)
19318,DISTRITO FEDERAL (INTEIRO)
19319,DISTRITO FEDERAL (INTEIRO)
19320,DISTRITO FEDERAL (INTEIRO)
19321,XII
19322,XXII
19323,XXIV
19324,I
19325,DISTRITO FEDERAL (INTEIRO)
19326,IX
19327,DISTRITO FEDERAL (INTEIRO)
19328,II
19329,II
19330,II
19331,II
19332,II
19333,II
19334,II
19335,II
19336,DISTRITO FEDERAL (INTEIRO)
19337,DISTRITO FEDERAL (INTEIRO)
19338,DISTRITO FEDERAL (INTEIRO)
19339,DISTRITO FEDERAL (INTEIRO)
19340,DISTRITO FEDERAL (INTEIRO)
19341,DISTRITO FEDERAL (INTEIRO)
19342,DISTRITO FEDERAL (INTEIRO)
19343,IX
19344,DISTRITO FEDERAL (INTEIRO)
19345,DISTRITO FEDERAL (INTEIRO)
19346,XXV
19347,II
19348,II
19349,XII
19350,III
19351,II
19352,XXVIII
19353,II
19354,XIII
19355,XIV
19356,DISTRITO FEDERAL (INTEIRO)
19357,VI
19358,DISTRITO FEDERAL (INTEIRO)
19359,DISTRITO FEDERAL (INTEIRO)
19360,DISTRITO FEDERAL (INTEIRO)
19361,DISTRITO FEDERAL (INTEIRO)
19362,DISTRITO FEDERAL (INTEIRO)
19363,DISTRITO FEDERAL (INTEIRO)
19364,DISTRITO FEDERAL (INTEIRO)
19365,XII
19366,IX
19367,I
19368,XV
19369,XIII
19370,IV
19371,VI
19372,DISTRITO FEDERAL (INTEIRO)
19373,DISTRITO FEDERAL (INTEIRO)
19374,DISTRITO FEDERAL (INTEIRO)
19375,XIV
19376,DISTRITO FEDERAL (INTEIRO)
19377,DISTRITO FEDERAL (INTEIRO)
19378,VIII
19379,DISTRITO FEDERAL (INTEIRO)
19380,DISTRITO FEDERAL (INTEIRO)
19381,DISTRITO FEDERAL (INTEIRO)
19382,DISTRITO FEDERAL (INTEIRO)
19383,DISTRITO FEDERAL (INTEIRO)
19384,XXX
19385,XV
19386,XII
19387,X
19388,XXI
19389,XX
19390,XXVI
19391,DISTRITO FEDERAL (INTEIRO)
19392,DISTRITO FEDERAL (INTEIRO)
19393,DISTRITO FEDERAL (INTEIRO)
19394,DISTRITO FEDERAL (INTEIRO)
19395,V
19396,DISTRITO FEDERAL (INTEIRO)
19397,VI
19398,V
19399,VI
19400,VI
19401,VII
19402,VII
19403,VII
19404,VII
19405,VII
19406,VII
19407,VII
19408,VII
19409,VII
19410,VII
19411,DISTRITO FEDERAL (INTEIRO)
19412,VI
19413,DISTRITO FEDERAL (INTEIRO)
19414,DISTRITO FEDERAL (INTEIRO)
19415,DISTRITO FEDERAL (INTEIRO)
19416,DISTRITO FEDERAL (INTEIRO)
19417,DISTRITO FEDERAL (INTEIRO)
19418,XII
19419,XXXIV
19420,XI
19421,DISTRITO FEDERAL (INTEIRO)
19422,XIV
19423,I
19424,DISTRITO FEDERAL (INTEIRO)
19425,DISTRITO FEDERAL (INTEIRO)
19426,DISTRITO FEDERAL (INTEIRO)
19427,DISTRITO FEDERAL (INTEIRO)
19428,XIII
19429,DISTRITO FEDERAL (INTEIRO)
19430,DISTRITO FEDERAL (INTEIRO)
19431,DISTRITO FEDERAL (INTEIRO)
19432,DISTRITO FEDERAL (INTEIRO)
19433,DISTRITO FEDERAL (INTEIRO)
19434,DISTRITO FEDERAL (INTEIRO)
19435,DISTRITO FEDERAL (INTEIRO)
19436,DISTRITO FEDERAL (INTEIRO)
19437,DISTRITO FEDERAL (INTEIRO)
19438,DISTRITO FEDERAL (INTEIRO)
19439,DISTRITO FEDERAL (INTEIRO)
19440,DISTRITO FEDERAL (INTEIRO)
19441,XXVI
19442,XXVI
19443,XXVI
19444,XXVI
19445,DISTRITO FEDERAL (INTEIRO)
19446,DISTRITO FEDERAL (INTEIRO)
19447,DISTRITO FEDERAL (INTEIRO)
19448,XXIII
19449,XII
19450,VII
19451,XXIII
19452,XXXIII
19453,XXXV
19454,XVIII
19455,DISTRITO FEDERAL (INTEIRO)
19456,XXXII
19457,XXXII
19458,DISTRITO FEDERAL (INTEIRO)
19459,XXXII
19460,XXXII
19461,DISTRITO FEDERAL (INTEIRO)
19462,XXXII
19463,II
19464,XXXII
19465,XXXII
19466,DISTRITO FEDERAL (INTEIRO)
19467,DISTRITO FEDERAL (INTEIRO)
19468,DISTRITO FEDERAL (INTEIRO)
19469,VI
19470,VI
19471,DISTRITO FEDERAL (INTEIRO)
19472,DISTRITO FEDERAL (INTEIRO)
19473,XII
19474,DISTRITO FEDERAL (INTEIRO)
19475,III
19476,VI
19477,IX
19478,X
19479,DISTRITO FEDERAL (INTEIRO)
19480,DISTRITO FEDERAL (INTEIRO)
19481,DISTRITO FEDERAL (INTEIRO)
19482,DISTRITO FEDERAL (INTEIRO)
19483,DISTRITO FEDERAL (INTEIRO)
19484,DISTRITO FEDERAL (INTEIRO)
19485,DISTRITO FEDERAL (INTEIRO)
19486,DISTRITO FEDERAL (INTEIRO)
19487,DISTRITO FEDERAL (INTEIRO)
19488,DISTRITO FEDERAL (INTEIRO)
19489,DISTRITO FEDERAL (INTEIRO)
19490,DISTRITO FEDERAL (INTEIRO)
19491,XII
19492,XXI
19493,XXI
19494,XII
19495,II
19496,XV
19497,XIX
19498,XXI
19499,XXI
19500,XXI
19501,DISTRITO FEDERAL (INTEIRO)
19502,XXI
19503,DISTRITO FEDERAL (INTEIRO)
19504,DISTRITO FEDERAL (INTEIRO)
19505,DISTRITO FEDERAL (INTEIRO)
19506,DISTRITO FEDERAL (INTEIRO)
19507,DISTRITO FEDERAL (INTEIRO)
19508,DISTRITO FEDERAL (INTEIRO)
19509,X
19510,X
19511,X
19512,X
19513,X
19514,X
19515,X
19516,X
19517,DISTRITO FEDERAL (INTEIRO)
19518,DISTRITO FEDERAL (INTEIRO)
19519,DISTRITO FEDERAL (INTEIRO)
19520,DISTRITO FEDERAL (INTEIRO)
19521,DISTRITO FEDERAL (INTEIRO)
19522,DISTRITO FEDERAL (INTEIRO)
19523,DISTRITO FEDERAL (INTEIRO)
19524,DISTRITO FEDERAL (INTEIRO)
19525,DISTRITO FEDERAL (INTEIRO)
19526,DISTRITO FEDERAL (INTEIRO)
19527,DISTRITO FEDERAL (INTEIRO)
19528,DISTRITO FEDERAL (INTEIRO)
19529,DISTRITO FEDERAL (INTEIRO)
19530,V
19530,XXVI
19531,V
19531,XXVI
19532,V
19532,XXVI
19533,V
19533,XXVI
19534,DISTRITO FEDERAL (INTEIRO)
19535,DISTRITO FEDERAL (INTEIRO)
19536,DISTRITO FEDERAL (INTEIRO)
19537,XXVI
19538,XXVI
19539,XXVI
19540,XXVI
19541,XII
19542,XX
19543,XXII
19544,DISTRITO FEDERAL (INTEIRO)
19545,DISTRITO FEDERAL (INTEIRO)
19546,XXV
19547,I
19548,DISTRITO FEDERAL (INTEIRO)
19549,DISTRITO FEDERAL (INTEIRO)
19550,DISTRITO FEDERAL (INTEIRO)
19551,DISTRITO FEDERAL (INTEIRO)
19552,DISTRITO FEDERAL (INTEIRO)
19553,DISTRITO FEDERAL (INTEIRO)
19554,DISTRITO FEDERAL (INTEIRO)
19555,DISTRITO FEDERAL (INTEIRO)
19556,DISTRITO FEDERAL (INTEIRO)
19557,VI
19558,DISTRITO FEDERAL (INTEIRO)
19559,DISTRITO FEDERAL (INTEIRO)
19560,DISTRITO FEDERAL (INTEIRO)
19561,DISTRITO FEDERAL (INTEIRO)
19562,DISTRITO FEDERAL (INTEIRO)
19563,DISTRITO FEDERAL (INTEIRO)
19564,DISTRITO FEDERAL (INTEIRO)
19565,DISTRITO FEDERAL (INTEIRO)
19566,DISTRITO FEDERAL (INTEIRO)
19567,DISTRITO FEDERAL (INTEIRO)
19568,DISTRITO FEDERAL (INTEIRO)
19569,DISTRITO FEDERAL (INTEIRO)
19570,DISTRITO FEDERAL (INTEIRO)
19571,DISTRITO FEDERAL (INTEIRO)
19572,DISTRITO FEDERAL (INTEIRO)
19573,DISTRITO FEDERAL (INTEIRO)
19574,DISTRITO FEDERAL (INTEIRO)
19575,DISTRITO FEDERAL (INTEIRO)
19576,DISTRITO FEDERAL (INTEIRO)
19577,DISTRITO FEDERAL (INTEIRO)
19578,IV
19579,IV
19580,IV
19581,IV
19582,IV
19583,IV
19584,IV
19585,IV
19586,IV
19587,DISTRITO FEDERAL (INTEIRO)
19588,XII
19589,XXXIV
19590,IV
19591,III
19592,IX
19593,XXX
19594,XIII
19595,DISTRITO FEDERAL (INTEIRO)
19596,DISTRITO FEDERAL (INTEIRO)
19597,DISTRITO FEDERAL (INTEIRO)
19598,XII
19599,XII
19600,XII
19601,XII
19602,XII
19603,XII
19604,XII
19605,XII
19606,XII
19607,I
19608,DISTRITO FEDERAL (INTEIRO)
19609,DISTRITO FEDERAL (INTEIRO)
19610,DISTRITO FEDERAL (INTEIRO)
19611,DISTRITO FEDERAL (INTEIRO)
19612,DISTRITO FEDERAL (INTEIRO)
19613,XXX
19614,DISTRITO FEDERAL (INTEIRO)
19614,XVII
19615,XXX
19616,XXXIII
19617,XXXIII
19618,IV
19619,DISTRITO FEDERAL (INTEIRO)
19620,DISTRITO FEDERAL (INTEIRO)
19621,DISTRITO FEDERAL (INTEIRO)
19622,DISTRITO FEDERAL (INTEIRO)
19623,DISTRITO FEDERAL (INTEIRO)
19624,DISTRITO FEDERAL (INTEIRO)
19625,DISTRITO FEDERAL (INTEIRO)
19626,DISTRITO FEDERAL (INTEIRO)
19627,DISTRITO FEDERAL (INTEIRO)
19628,DISTRITO FEDERAL (INTEIRO)
19629,DISTRITO FEDERAL (INTEIRO)
19630,DISTRITO FEDERAL (INTEIRO)
19631,DISTRITO FEDERAL (INTEIRO)
19632,DISTRITO FEDERAL (INTEIRO)
19633,DISTRITO FEDERAL (INTEIRO)
19634,DISTRITO FEDERAL (INTEIRO)
19635,DISTRITO FEDERAL (INTEIRO)
19636,DISTRITO FEDERAL (INTEIRO)
19637,DISTRITO FEDERAL (INTEIRO)
19638,XII
19639,IX
19640,XV
19641,VI
19642,III
19643,DISTRITO FEDERAL (INTEIRO)
19644,DISTRITO FEDERAL (INTEIRO)
19645,DISTRITO FEDERAL (INTEIRO)
19646,DISTRITO FEDERAL (INTEIRO)
19647,V
19648,DISTRITO FEDERAL (INTEIRO)
19649,DISTRITO FEDERAL (INTEIRO)
19650,DISTRITO FEDERAL (INTEIRO)
19651,DISTRITO FEDERAL (INTEIRO)
19652,DISTRITO FEDERAL (INTEIRO)
19653,DISTRITO FEDERAL (INTEIRO)
19654,XIV
19655,DISTRITO FEDERAL (INTEIRO)
19656,DISTRITO FEDERAL (INTEIRO)
19657,DISTRITO FEDERAL (INTEIRO)
19658,DISTRITO FEDERAL (INTEIRO)
19659,DISTRITO FEDERAL (INTEIRO)
19660,DISTRITO FEDERAL (INTEIRO)
19661,XII
19662,XX
19663,XIX
19664,XIII
19665,XXX
19666,DISTRITO FEDERAL (INTEIRO)
19667,DISTRITO FEDERAL (INTEIRO)
19668,DISTRITO FEDERAL (INTEIRO)
19669,DISTRITO FEDERAL (INTEIRO)
19670,DISTRITO FEDERAL (INTEIRO)
19671,DISTRITO FEDERAL (INTEIRO)
19672,DISTRITO FEDERAL (INTEIRO)
19673,DISTRITO FEDERAL (INTEIRO)
19674,DISTRITO FEDERAL (INTEIRO)
19675,DISTRITO FEDERAL (INTEIRO)
19676,XII
19677,III
19678,DISTRITO FEDERAL (INTEIRO)
19679,DISTRITO FEDERAL (INTEIRO)
19680,DISTRITO FEDERAL (INTEIRO)
19681,DISTRITO FEDERAL (INTEIRO)
19682,DISTRITO FEDERAL (INTEIRO)
19683,DISTRITO FEDERAL (INTEIRO)
19684,DISTRITO FEDERAL (INTEIRO)
19685,XXXIII
19686,VI
19687,X
19688,DISTRITO FEDERAL (INTEIRO)
19689,VI
19690,DISTRITO FEDERAL (INTEIRO)
19691,VI
19692,DISTRITO FEDERAL (INTEIRO)
19693,DISTRITO FEDERAL (INTEIRO)
19694,DISTRITO FEDERAL (INTEIRO)
19695,DISTRITO FEDERAL (INTEIRO)
19696,DISTRITO FEDERAL (INTEIRO)
19697,DISTRITO FEDERAL (INTEIRO)
19698,DISTRITO FEDERAL (INTEIRO)
19699,II
19700,DISTRITO FEDERAL (INTEIRO)
19701,DISTRITO FEDERAL (INTEIRO)
19702,II
19703,III
19704,XII
19705,IX
19706,DISTRITO FEDERAL (INTEIRO)
19707,XXXIV
19708,IV
19709,DISTRITO FEDERAL (INTEIRO)
19710,XXI
19711,XII
19712,II
19713,II
19714,II
19715,XXXI
19716,II
19717,XIII
19718,DISTRITO FEDERAL (INTEIRO)
19719,DISTRITO FEDERAL (INTEIRO)
19720,DISTRITO FEDERAL (INTEIRO)
19721,DISTRITO FEDERAL (INTEIRO)
19722,DISTRITO FEDERAL (INTEIRO)
19723,DISTRITO FEDERAL (INTEIRO)
19724,V
19725,V
19726,VI
19727,DISTRITO FEDERAL (INTEIRO)
19728,V
19729,XXXII
19730,DISTRITO FEDERAL (INTEIRO)
19731,DISTRITO FEDERAL (INTEIRO)
19732,DISTRITO FEDERAL (INTEIRO)
19733,DISTRITO FEDERAL (INTEIRO)
19734,DISTRITO FEDERAL (INTEIRO)
19735,DISTRITO FEDERAL (INTEIRO)
19736,DISTRITO FEDERAL (INTEIRO)
19737,DISTRITO FEDERAL (INTEIRO)
19738,V
19739,V
19740,V
19741,DISTRITO FEDERAL (INTEIRO)
19742,DISTRITO FEDERAL (INTEIRO)
19743,DISTRITO FEDERAL (INTEIRO)
19744,DISTRITO FEDERAL (INTEIRO)
19745,DISTRITO FEDERAL (INTEIRO)
19746,DISTRITO FEDERAL (INTEIRO)
19747,DISTRITO FEDERAL (INTEIRO)
19748,DISTRITO FEDERAL (INTEIRO)
19749,DISTRITO FEDERAL (INTEIRO)
19750,XXX
19751,V
19752,DISTRITO FEDERAL (INTEIRO)
19752,XIV
19753,XIV
19754,DISTRITO FEDERAL (INTEIRO)
19755,XIX
19756,XIX
19757,XIX
19758,XIX
19759,XIX
19760,XIX
19761,XIX
19762,XIX
19763,XIX
19764,DISTRITO FEDERAL (INTEIRO)
19765,XIV
19766,XXVI
19767,XXVI
19768,XXVI
19769,XXVI
19770,DISTRITO FEDERAL (INTEIRO)
19771,XII
19772,XIV
19773,DISTRITO FEDERAL (INTEIRO)
19774,XVII
19775,II
19776,DISTRITO FEDERAL (INTEIRO)
19777,XIV
19778,XXII
19779,XII
19780,XIV
19781,DISTRITO FEDERAL (INTEIRO)
19782,DISTRITO FEDERAL (INTEIRO)
19783,VII
19784,DISTRITO FEDERAL (INTEIRO)
19785,XIV
19786,DISTRITO FEDERAL (INTEIRO)
19787,DISTRITO FEDERAL (INTEIRO)
19788,DISTRITO FEDERAL (INTEIRO)
19789,DISTRITO FEDERAL (INTEIRO)
19790,DISTRITO FEDERAL (INTEIRO)
19791,DISTRITO FEDERAL (INTEIRO)
19792,XIV
19793,DISTRITO FEDERAL (INTEIRO)
19794,DISTRITO FEDERAL (INTEIRO)
19795,DISTRITO FEDERAL (INTEIRO)
19796,DISTRITO FEDERAL (INTEIRO)
19797,DISTRITO FEDERAL (INTEIRO)
19798,VII
19799,XII
19800,DISTRITO FEDERAL (INTEIRO)
19801,DISTRITO FEDERAL (INTEIRO)
19802,DISTRITO FEDERAL (INTEIRO)
19803,XIX
19804,DISTRITO FEDERAL (INTEIRO)
19805,DISTRITO FEDERAL (INTEIRO)
19806,DISTRITO FEDERAL (INTEIRO)
19807,XIV
19808,XII
19809,I
19810,I
19811,V
19812,XXV
19813,DISTRITO FEDERAL (INTEIRO)
19814,DISTRITO FEDERAL (INTEIRO)
19815,DISTRITO FEDERAL (INTEIRO)
19816,DISTRITO FEDERAL (INTEIRO)
19817,DISTRITO FEDERAL (INTEIRO)
19818,VI
19819,V
19820,DISTRITO FEDERAL (INTEIRO)
19821,DISTRITO FEDERAL (INTEIRO)
19822,DISTRITO FEDERAL (INTEIRO)
19823,VI
19824,DISTRITO FEDERAL (INTEIRO)
19825,DISTRITO FEDERAL (INTEIRO)
19826,DISTRITO FEDERAL (INTEIRO)
19827,XIV
19828,VI
19829,XIV
19830,VI
19831,DISTRITO FEDERAL (INTEIRO)
19832,XII
19833,III
19834,II
19835,X
19836,XXI
19837,XII
19838,DISTRITO FEDERAL (INTEIRO)
19839,DISTRITO FEDERAL (INTEIRO)
19840,DISTRITO FEDERAL (INTEIRO)
19841,II
19842,DISTRITO FEDERAL (INTEIRO)
19843,DISTRITO FEDERAL (INTEIRO)
19844,DISTRITO FEDERAL (INTEIRO)
19845,DISTRITO FEDERAL (INTEIRO)
19846,DISTRITO FEDERAL (INTEIRO)
19847,DISTRITO FEDERAL (INTEIRO)
19848,DISTRITO FEDERAL (INTEIRO)
19849,DISTRITO FEDERAL (INTEIRO)
19850,I
19851,I
19852,I
19853,DISTRITO FEDERAL (INTEIRO)
19854,DISTRITO FEDERAL (INTEIRO)
19855,XII
19856,DISTRITO FEDERAL (INTEIRO)
19857,IX
19858,IV
19859,XI
19860,VI
19861,VII
19862,VI
19863,V
19864,XXVI
19865,DISTRITO FEDERAL (INTEIRO)
19866,DISTRITO FEDERAL (INTEIRO)
19867,DISTRITO FEDERAL (INTEIRO)
19868,DISTRITO FEDERAL (INTEIRO)
19869,DISTRITO FEDERAL (INTEIRO)
19870,V
19871,DISTRITO FEDERAL (INTEIRO)
19872,XIV
19873,DISTRITO FEDERAL (INTEIRO)
19874,DISTRITO FEDERAL (INTEIRO)
19875,DISTRITO FEDERAL (INTEIRO)
19876,DISTRITO FEDERAL (INTEIRO)
19877,DISTRITO FEDERAL (INTEIRO)
19878,DISTRITO FEDERAL (INTEIRO)
19879,DISTRITO FEDERAL (INTEIRO)
19880,DISTRITO FEDERAL (INTEIRO)
19881,VI
19882,X
19883,DISTRITO FEDERAL (INTEIRO)
19884,DISTRITO FEDERAL (INTEIRO)
19885,DISTRITO FEDERAL (INTEIRO)
19886,DISTRITO FEDERAL (INTEIRO)
19887,DISTRITO FEDERAL (INTEIRO)
19888,DISTRITO FEDERAL (INTEIRO)
19889,XII
19890,XX
19891,DISTRITO FEDERAL (INTEIRO)
19892,DISTRITO FEDERAL (INTEIRO)
19893,DISTRITO FEDERAL (INTEIRO)
19894,XXXIII
19895,XXXV
19896,XXXV
19897,XXXV
19898,XXXV
19899,XXXV
19900,XXXV
19901,XXXV
19902,XXXV
19903,XXXV
19904,XXXV
19905,V
19906,XXX
19907,XV
19908,DISTRITO FEDERAL (INTEIRO)
19909,XV
19910,DISTRITO FEDERAL (INTEIRO)
19911,DISTRITO FEDERAL (INTEIRO)
19912,DISTRITO FEDERAL (INTEIRO)
19913,DISTRITO FEDERAL (INTEIRO)
19914,DISTRITO FEDERAL (INTEIRO)
19915,DISTRITO FEDERAL (INTEIRO)
19916,DISTRITO FEDERAL (INTEIRO)
19917,XV
19918,XXX
19919,DISTRITO FEDERAL (INTEIRO)
19920,XV
19921,XXX
19922,XV
19923,XV
19924,XV
19925,DISTRITO FEDERAL (INTEIRO)
19926,DISTRITO FEDERAL (INTEIRO)
19927,DISTRITO FEDERAL (INTEIRO)
19928,DISTRITO FEDERAL (INTEIRO)
19929,DISTRITO FEDERAL (INTEIRO)
19930,DISTRITO FEDERAL (INTEIRO)
19931,VI
19932,VI
19933,DISTRITO FEDERAL (INTEIRO)
19934,DISTRITO FEDERAL (INTEIRO)
19935,DISTRITO FEDERAL (INTEIRO)
19936,VI
19937,VI
19938,DISTRITO FEDERAL (INTEIRO)
19939,DISTRITO FEDERAL (INTEIRO)
19940,DISTRITO FEDERAL (INTEIRO)
19941,DISTRITO FEDERAL (INTEIRO)
19942,DISTRITO FEDERAL (INTEIRO)
19943,XV
19944,XV
19945,XV
19946,X
19947,X
19948,XII
19949,XXXV
19950,XXII
19951,XVII
19952,XVIII
19953,DISTRITO FEDERAL (INTEIRO)
19954,DISTRITO FEDERAL (INTEIRO)
19955,XXVII
19956,DISTRITO FEDERAL (INTEIRO)
19957,DISTRITO FEDERAL (INTEIRO)
19958,DISTRITO FEDERAL (INTEIRO)
19959,VI
19960,DISTRITO FEDERAL (INTEIRO)
19961,VI
19962,DISTRITO FEDERAL (INTEIRO)
19963,VI
19964,VI
19965,DISTRITO FEDERAL (INTEIRO)
19966,DISTRITO FEDERAL (INTEIRO)
19967,DISTRITO FEDERAL (INTEIRO)
19968,DISTRITO FEDERAL (INTEIRO)
19969,XII
19970,XXXIV
19971,XIX
19972,XIV
19973,IX
19974,DISTRITO FEDERAL (INTEIRO)
19975,DISTRITO FEDERAL (INTEIRO)
19976,VII
19976,XIV
19976,XXVII
19976,XXVIII
19977,DISTRITO FEDERAL (INTEIRO)
19978,DISTRITO FEDERAL (INTEIRO)
19979,XII
19980,XII
19981,XII
19982,XII
19983,DISTRITO FEDERAL (INTEIRO)
19984,VII
19985,DISTRITO FEDERAL (INTEIRO)
19986,III
19987,XII
19988,DISTRITO FEDERAL (INTEIRO)
19989,DISTRITO FEDERAL (INTEIRO)
19990,DISTRITO FEDERAL (INTEIRO)
19991,DISTRITO FEDERAL (INTEIRO)
19992,X
19993,XXVII
19994,XXVII
19995,XXVII
19996,XXVII
19997,DISTRITO FEDERAL (INTEIRO)
19998,X
19999,DISTRITO FEDERAL (INTEIRO)
20000,DISTRITO FEDERAL (INTEIRO)
20001,XXVII
20002,XXVII
20003,XXVII
20004,XXVII
20005,XXVII
20006,XXVII
20007,XXVII
20008,XXVII
20009,XXVII
20010,V
20011,DISTRITO FEDERAL (INTEIRO)
20012,XII
20013,II
20014,XX
20015,IV
20016,X
20017,DISTRITO FEDERAL (INTEIRO)
20018,DISTRITO FEDERAL (INTEIRO)
20019,DISTRITO FEDERAL (INTEIRO)
20020,DISTRITO FEDERAL (INTEIRO)
20021,II
20022,DISTRITO FEDERAL (INTEIRO)
20023,DISTRITO FEDERAL (INTEIRO)
20024,II
20025,II
20026,II
20027,XII
20028,III
20029,XIV
20030,XXII
20031,XXI
20032,XIV
20033,DISTRITO FEDERAL (INTEIRO)
20034,DISTRITO FEDERAL (INTEIRO)
20035,DISTRITO FEDERAL (INTEIRO)
20036,DISTRITO FEDERAL (INTEIRO)
20037,DISTRITO FEDERAL (INTEIRO)
20038,VI
20039,VII
20040,VI
20041,DISTRITO FEDERAL (INTEIRO)
20042,DISTRITO FEDERAL (INTEIRO)
20043,VI
20044,VI
20045,XXVI
20046,DISTRITO FEDERAL (INTEIRO)
20047,DISTRITO FEDERAL (INTEIRO)
20048,DISTRITO FEDERAL (INTEIRO)
20049,DISTRITO FEDERAL (INTEIRO)
20050,DISTRITO FEDERAL (INTEIRO)
20051,DISTRITO FEDERAL (INTEIRO)
20052,I
20053,I
20054,I
20055,DISTRITO FEDERAL (INTEIRO)
20056,DISTRITO FEDERAL (INTEIRO)
20057,DISTRITO FEDERAL (INTEIRO)
20058,DISTRITO FEDERAL (INTEIRO)
20059,DISTRITO FEDERAL (INTEIRO)
20060,XII
20061,DISTRITO FEDERAL (INTEIRO)
20062,XXXIV
20063,IX
20064,XIII
20065,XXVII
20066,DISTRITO FEDERAL (INTEIRO)
20067,XIII
20068,IX
20069,XII
20070,III
20070,XII
20071,DISTRITO FEDERAL (INTEIRO)
20072,III
20073,DISTRITO FEDERAL (INTEIRO)
20074,DISTRITO FEDERAL (INTEIRO)
20075,DISTRITO FEDERAL (INTEIRO)
20076,DISTRITO FEDERAL (INTEIRO)
20077,DISTRITO FEDERAL (INTEIRO)
20078,VI
20079,VI
20080,VI
20081,DISTRITO FEDERAL (INTEIRO)
20082,VI
20083,VII
20084,VI
20085,DISTRITO FEDERAL (INTEIRO)
20086,DISTRITO FEDERAL (INTEIRO)
20086,I
20087,XIII
20088,XII
20089,II
20090,VI
20091,XX
20092,XXVI
20093,XII
20094,XII
20095,V
20096,XIII
20097,XIII
20098,DISTRITO FEDERAL (INTEIRO)
20099,DISTRITO FEDERAL (INTEIRO)
20100,DISTRITO FEDERAL (INTEIRO)
20101,IV
20102,DISTRITO FEDERAL (INTEIRO)
20103,DISTRITO FEDERAL (INTEIRO)
20104,DISTRITO FEDERAL (INTEIRO)
20105,DISTRITO FEDERAL (INTEIRO)
20106,DISTRITO FEDERAL (INTEIRO)
20107,DISTRITO FEDERAL (INTEIRO)
20108,DISTRITO FEDERAL (INTEIRO)
20109,DISTRITO FEDERAL (INTEIRO)
20110,DISTRITO FEDERAL (INTEIRO)
20111,DISTRITO FEDERAL (INTEIRO)
20112,DISTRITO FEDERAL (INTEIRO)
20113,DISTRITO FEDERAL (INTEIRO)
20114,DISTRITO FEDERAL (INTEIRO)
20115,DISTRITO FEDERAL (INTEIRO)
20116,DISTRITO FEDERAL (INTEIRO)
20117,DISTRITO FEDERAL (INTEIRO)
20118,XII
20119,XIV
20120,X
20121,III
20122,XXI
20123,XII
20124,XIV
20125,III
20126,III
20127,DISTRITO FEDERAL (INTEIRO)
20128,DISTRITO FEDERAL (INTEIRO)
20129,DISTRITO FEDERAL (INTEIRO)
20130,DISTRITO FEDERAL (INTEIRO)
20131,DISTRITO FEDERAL (INTEIRO)
20132,DISTRITO FEDERAL (INTEIRO)
20133,DISTRITO FEDERAL (INTEIRO)
20134,DISTRITO FEDERAL (INTEIRO)
20135,DISTRITO FEDERAL (INTEIRO)
20136,XII
20137,DISTRITO FEDERAL (INTEIRO)
20138,IX
20139,IV
20140,II
20141,XX
20142,DISTRITO FEDERAL (INTEIRO)
20143,DISTRITO FEDERAL (INTEIRO)
20144,DISTRITO FEDERAL (INTEIRO)
20145,DISTRITO FEDERAL (INTEIRO)
20146,DISTRITO FEDERAL (INTEIRO)
20147,DISTRITO FEDERAL (INTEIRO)
20148,DISTRITO FEDERAL (INTEIRO)
20149,DISTRITO FEDERAL (INTEIRO)
20150,VI
20151,VI
20152,VI
20153,VI
20154,VI
20155,VI
20156,VI
20157,VI
20158,DISTRITO FEDERAL (INTEIRO)
20158,XV
20159,DISTRITO FEDERAL (INTEIRO)
20160,DISTRITO FEDERAL (INTEIRO)
20161,DISTRITO FEDERAL (INTEIRO)
20162,DISTRITO FEDERAL (INTEIRO)
20163,DISTRITO FEDERAL (INTEIRO)
20164,DISTRITO FEDERAL (INTEIRO)
20165,DISTRITO FEDERAL (INTEIRO)
20166,XII
20167,X
20168,XXVI
20169,X
20170,XVIII
20171,DISTRITO FEDERAL (INTEIRO)
20172,X
20173,X
20174,III
20175,IV
20176,XII
20177,DISTRITO FEDERAL (INTEIRO)
20178,DISTRITO FEDERAL (INTEIRO)
20179,VI
20180,DISTRITO FEDERAL (INTEIRO)
20181,VI
20182,DISTRITO FEDERAL (INTEIRO)
20183,DISTRITO FEDERAL (INTEIRO)
20184,V
20185,DISTRITO FEDERAL (INTEIRO)
20186,VI
20187,DISTRITO FEDERAL (INTEIRO)
20188,VIII
20189,VIII
20190,VIII
20191,VIII
20192,VIII
20193,VIII
20194,VIII
20195,VIII
20196,VIII
20197,XII
20198,IV
20199,XXX
20200,IX
20201,XXII
20202,XVII
20203,DISTRITO FEDERAL (INTEIRO)
20204,XIII
20205,V
20206,DISTRITO FEDERAL (INTEIRO)
20207,V
20208,DISTRITO FEDERAL (INTEIRO)
20209,DISTRITO FEDERAL (INTEIRO)
20210,DISTRITO FEDERAL (INTEIRO)
20211,XXVI
20212,DISTRITO FEDERAL (INTEIRO)
20213,DISTRITO FEDERAL (INTEIRO)
20214,DISTRITO FEDERAL (INTEIRO)
20215,DISTRITO FEDERAL (INTEIRO)
20216,DISTRITO FEDERAL (INTEIRO)
20217,DISTRITO FEDERAL (INTEIRO)
20218,DISTRITO FEDERAL (INTEIRO)
20219,DISTRITO FEDERAL (INTEIRO)
20220,XII
20221,XIII
20222,XXVIII
20223,VI
20224,XXI
20225,DISTRITO FEDERAL (INTEIRO)
20226,DISTRITO FEDERAL (INTEIRO)
20227,DISTRITO FEDERAL (INTEIRO)
20228,DISTRITO FEDERAL (INTEIRO)
20229,DISTRITO FEDERAL (INTEIRO)
20230,DISTRITO FEDERAL (INTEIRO)
20231,DISTRITO FEDERAL (INTEIRO)
20232,X
20233,XII
20234,VI
20235,XXVI
20236,XXVI
20237,V
20238,V
20239,VI
20240,VI
20241,ENTORNO
20242,DISTRITO FEDERAL (INTEIRO)
20243,DISTRITO FEDERAL (INTEIRO)
20244,X
20245,XII
20246,III
20247,XX
20248,II
20249,IV
20250,DISTRITO FEDERAL (INTEIRO)
20251,X
20252,DISTRITO FEDERAL (INTEIRO)
20253,DISTRITO FEDERAL (INTEIRO)
20254,DISTRITO FEDERAL (INTEIRO)
20255,DISTRITO FEDERAL (INTEIRO)
20256,DISTRITO FEDERAL (INTEIRO)
20257,DISTRITO FEDERAL (INTEIRO)
20258,DISTRITO FEDERAL (INTEIRO)
20259,DISTRITO FEDERAL (INTEIRO)
20260,DISTRITO FEDERAL (INTEIRO)
20261,DISTRITO FEDERAL (INTEIRO)
20262,DISTRITO FEDERAL (INTEIRO)
20263,DISTRITO FEDERAL (INTEIRO)
20264,DISTRITO FEDERAL (INTEIRO)
20265,DISTRITO FEDERAL (INTEIRO)
20266,XII
20267,XXXIV
20268,XXX
20269,X
20270,VI
20271,XII
20272,XXXV
20273,IX
20274,XXI
20275,XIV
20276,XIV
20277,XVII
20278,DISTRITO FEDERAL (INTEIRO)
20279,DISTRITO FEDERAL (INTEIRO)
20280,DISTRITO FEDERAL (INTEIRO)
20281,VI
20282,DISTRITO FEDERAL (INTEIRO)
20283,DISTRITO FEDERAL (INTEIRO)
20284,DISTRITO FEDERAL (INTEIRO)
20285,DISTRITO FEDERAL (INTEIRO)
20286,DISTRITO FEDERAL (INTEIRO)
20287,II
20288,II
20289,II
20290,V
20291,V
20292,XII
20293,VIII
20294,III
20295,I
20296,XXII
20297,XXXII
20298,XVIII
20299,DISTRITO FEDERAL (INTEIRO)
20300,DISTRITO FEDERAL (INTEIRO)
20301,DISTRITO FEDERAL (INTEIRO)
20302,DISTRITO FEDERAL (INTEIRO)
20303,DISTRITO FEDERAL (INTEIRO)
20304,V
20305,V
20306,V
20307,DISTRITO FEDERAL (INTEIRO)
20308,DISTRITO FEDERAL (INTEIRO)
20309,DISTRITO FEDERAL (INTEIRO)
20310,DISTRITO FEDERAL (INTEIRO)
20311,X
20312,X
20313,DISTRITO FEDERAL (INTEIRO)
20314,DISTRITO FEDERAL (INTEIRO)
20315,DISTRITO FEDERAL (INTEIRO)
20316,DISTRITO FEDERAL (INTEIRO)
20317,DISTRITO FEDERAL (INTEIRO)
20318,DISTRITO FEDERAL (INTEIRO)
20319,DISTRITO FEDERAL (INTEIRO)
20320,II
20321,II
20322,DISTRITO FEDERAL (INTEIRO)
20323,XX
20324,XIII
20325,XXX
20326,X
20327,XII
20328,DISTRITO FEDERAL (INTEIRO)
20329,DISTRITO FEDERAL (INTEIRO)
20330,DISTRITO FEDERAL (INTEIRO)
20331,DISTRITO FEDERAL (INTEIRO)
20332,VI
20333,VI
20334,DISTRITO FEDERAL (INTEIRO)
20335,DISTRITO FEDERAL (INTEIRO)
20336,VI
20337,DISTRITO FEDERAL (INTEIRO)
20338,DISTRITO FEDERAL (INTEIRO)
20339,DISTRITO FEDERAL (INTEIRO)
20340,DISTRITO FEDERAL (INTEIRO)
20341,DISTRITO FEDERAL (INTEIRO)
20342,XII
20343,IX
20344,III
20345,XIII
20346,IV
20347,DISTRITO FEDERAL (INTEIRO)
20348,VI
20349,XXVI
20350,DISTRITO FEDERAL (INTEIRO)
20351,DISTRITO FEDERAL (INTEIRO)
20352,DISTRITO FEDERAL (INTEIRO)
20353,DISTRITO FEDERAL (INTEIRO)
20354,DISTRITO FEDERAL (INTEIRO)
20355,DISTRITO FEDERAL (INTEIRO)
20356,DISTRITO FEDERAL (INTEIRO)
20357,DISTRITO FEDERAL (INTEIRO)
20358,DISTRITO FEDERAL (INTEIRO)
20359,DISTRITO FEDERAL (INTEIRO)
20360,DISTRITO FEDERAL (INTEIRO)
20361,DISTRITO FEDERAL (INTEIRO)
20362,DISTRITO FEDERAL (INTEIRO)
20363,DISTRITO FEDERAL (INTEIRO)
20364,DISTRITO FEDERAL (INTEIRO)
20365,DISTRITO FEDERAL (INTEIRO)
20366,DISTRITO FEDERAL (INTEIRO)
20367,DISTRITO FEDERAL (INTEIRO)
20368,DISTRITO FEDERAL (INTEIRO)
20369,DISTRITO FEDERAL (INTEIRO)
20370,I
20371,DISTRITO FEDERAL (INTEIRO)
20372,XII
20373,XXIV
20374,XX
20375,DISTRITO FEDERAL (INTEIRO)
20376,XXXIV
20377,II
20378,XXI
20379,I
20380,DISTRITO FEDERAL (INTEIRO)
20381,DISTRITO FEDERAL (INTEIRO)
20382,DISTRITO FEDERAL (INTEIRO)
20383,VI
20384,DISTRITO FEDERAL (INTEIRO)
20385,DISTRITO FEDERAL (INTEIRO)
20386,DISTRITO FEDERAL (INTEIRO)
20387,DISTRITO FEDERAL (INTEIRO)
20388,DISTRITO FEDERAL (INTEIRO)
20389,XIV
20390,XIV
20391,XIV
20392,DISTRITO FEDERAL (INTEIRO)
20393,XIV
20394,XII
20395,XV
20396,XXXIII
20397,XXII
20398,VII
20399,XII
20400,V
20401,DISTRITO FEDERAL (INTEIRO)
20401,XVII
20402,DISTRITO FEDERAL (INTEIRO)
20403,XXXIV
20404,DISTRITO FEDERAL (INTEIRO)
20405,DISTRITO FEDERAL (INTEIRO)
20406,DISTRITO FEDERAL (INTEIRO)
20407,DISTRITO FEDERAL (INTEIRO)
20408,DISTRITO FEDERAL (INTEIRO)
20409,DISTRITO FEDERAL (INTEIRO)
20410,DISTRITO FEDERAL (INTEIRO)
20411,XII
20412,DISTRITO FEDERAL (INTEIRO)
20413,DISTRITO FEDERAL (INTEIRO)
20414,DISTRITO FEDERAL (INTEIRO)
20415,XII
20416,IX
20417,XXI
20418,II
20419,XIII
20420,XII
20421,DISTRITO FEDERAL (INTEIRO)
20422,DISTRITO FEDERAL (INTEIRO)
20423,DISTRITO FEDERAL (INTEIRO)
20424,DISTRITO FEDERAL (INTEIRO)
20425,DISTRITO FEDERAL (INTEIRO)
20426,DISTRITO FEDERAL (INTEIRO)
20427,DISTRITO FEDERAL (INTEIRO)
20428,DISTRITO FEDERAL (INTEIRO)
20429,DISTRITO FEDERAL (INTEIRO)
20430,DISTRITO FEDERAL (INTEIRO)
20431,DISTRITO FEDERAL (INTEIRO)
20432,DISTRITO FEDERAL (INTEIRO)
20433,DISTRITO FEDERAL (INTEIRO)
20434,DISTRITO FEDERAL (INTEIRO)
20435,DISTRITO FEDERAL (INTEIRO)
20436,DISTRITO FEDERAL (INTEIRO)
20437,DISTRITO FEDERAL (INTEIRO)
20438,DISTRITO FEDERAL (INTEIRO)
20439,DISTRITO FEDERAL (INTEIRO)
20440,DISTRITO FEDERAL (INTEIRO)
20441,DISTRITO FEDERAL (INTEIRO)
20442,DISTRITO FEDERAL (INTEIRO)
20443,DISTRITO FEDERAL (INTEIRO)
20444,DISTRITO FEDERAL (INTEIRO)
20445,XIV
20446,XII
20447,XX
20448,XV
20449,XIV
20450,XXX
20451,XXXII
20452,XXXII
20453,XXXII
20454,XXXII
20455,XXXII
20456,XXXII
20457,XXXII
20458,XXXII
20459,XXXII
20460,XXXII
20461,XXXII
20462,DISTRITO FEDERAL (INTEIRO)
20463,DISTRITO FEDERAL (INTEIRO)
20464,DISTRITO FEDERAL (INTEIRO)
20465,VI
20466,IV
20467,DISTRITO FEDERAL (INTEIRO)
20468,DISTRITO FEDERAL (INTEIRO)
20469,DISTRITO FEDERAL (INTEIRO)
20470,DISTRITO FEDERAL (INTEIRO)
20471,DISTRITO FEDERAL (INTEIRO)
20472,IX
20473,IX
20474,XII
20475,IX
20476,IX
20477,XII
20478,DISTRITO FEDERAL (INTEIRO)
20479,IX
20480,III
20481,XXII
20482,XXXII
20483,XVIII
20484,III
20485,DISTRITO FEDERAL (INTEIRO)
20486,IX
20487,XII
20488,III
20489,XII
20490,DISTRITO FEDERAL (INTEIRO)
20491,DISTRITO FEDERAL (INTEIRO)
20492,V
20493,V
20494,DISTRITO FEDERAL (INTEIRO)
20495,DISTRITO FEDERAL (INTEIRO)
20496,DISTRITO FEDERAL (INTEIRO)
20497,DISTRITO FEDERAL (INTEIRO)
20498,DISTRITO FEDERAL (INTEIRO)
20499,DISTRITO FEDERAL (INTEIRO)
20500,XXV
20501,DISTRITO FEDERAL (INTEIRO)
20502,DISTRITO FEDERAL (INTEIRO)
20503,DISTRITO FEDERAL (INTEIRO)
20504,XIII
20505,DISTRITO FEDERAL (INTEIRO)
20506,DISTRITO FEDERAL (INTEIRO)
20507,DISTRITO FEDERAL (INTEIRO)
20508,XII
20509,XXXIII
20510,XXIV
20511,VI
20512,XVII
20513,V
20514,I
20515,XVI
20516,DISTRITO FEDERAL (INTEIRO)
20517,DISTRITO FEDERAL (INTEIRO)
20518,XXV
20519,DISTRITO FEDERAL (INTEIRO)
20520,DISTRITO FEDERAL (INTEIRO)
20521,DISTRITO FEDERAL (INTEIRO)
20522,DISTRITO FEDERAL (INTEIRO)
20523,DISTRITO FEDERAL (INTEIRO)
20524,DISTRITO FEDERAL (INTEIRO)
20525,DISTRITO FEDERAL (INTEIRO)
20526,DISTRITO FEDERAL (INTEIRO)
20527,DISTRITO FEDERAL (INTEIRO)
20528,DISTRITO FEDERAL (INTEIRO)
20529,DISTRITO FEDERAL (INTEIRO)
20530,DISTRITO FEDERAL (INTEIRO)
20531,DISTRITO FEDERAL (INTEIRO)
20532,DISTRITO FEDERAL (INTEIRO)
20533,DISTRITO FEDERAL (INTEIRO)
20534,DISTRITO FEDERAL (INTEIRO)
20535,DISTRITO FEDERAL (INTEIRO)
20536,DISTRITO FEDERAL (INTEIRO)
20537,DISTRITO FEDERAL (INTEIRO)
20538,DISTRITO FEDERAL (INTEIRO)
20539,XII
20540,DISTRITO FEDERAL (INTEIRO)
20541,XXXIV
20542,XXIII
20543,V
20544,XIII
20545,DISTRITO FEDERAL (INTEIRO)
20546,DISTRITO FEDERAL (INTEIRO)
20547,DISTRITO FEDERAL (INTEIRO)
20548,DISTRITO FEDERAL (INTEIRO)
20549,XXX
20550,DISTRITO FEDERAL (INTEIRO)
20551,DISTRITO FEDERAL (INTEIRO)
20552,DISTRITO FEDERAL (INTEIRO)
20553,DISTRITO FEDERAL (INTEIRO)
20554,DISTRITO FEDERAL (INTEIRO)
20555,DISTRITO FEDERAL (INTEIRO)
20556,DISTRITO FEDERAL (INTEIRO)
20557,DISTRITO FEDERAL (INTEIRO)
20558,DISTRITO FEDERAL (INTEIRO)
20559,DISTRITO FEDERAL (INTEIRO)
20560,DISTRITO FEDERAL (INTEIRO)
20561,DISTRITO FEDERAL (INTEIRO)
20562,DISTRITO FEDERAL (INTEIRO)
20563,DISTRITO FEDERAL (INTEIRO)
20564,DISTRITO FEDERAL (INTEIRO)
20565,DISTRITO FEDERAL (INTEIRO)
20566,XXX
20567,XII
20568,XII
20569,XXX
20570,XII
20571,XII
20572,XXX
20573,XII
20574,XXX
20575,XII
20576,XII
20577,XXX
20578,XII
20579,XII
20580,XXX
20581,XII
20582,IX
20583,IX
20584,XII
20585,XII
20586,XII
20587,XII
20588,XII
20589,III
20590,II
20591,XV
20592,XXXII
20593,DISTRITO FEDERAL (INTEIRO)
20594,DISTRITO FEDERAL (INTEIRO)
20595,DISTRITO FEDERAL (INTEIRO)
20596,IV
20597,XII
20598,DISTRITO FEDERAL (INTEIRO)
20599,XII
20600,XII
20601,XII
20602,XII
20603,XII
20604,XII
20605,XII
20606,XII
20607,XII
20608,XII
20609,XII
20610,XII
20611,XII
20612,XII
20613,XII
20614,XII
20615,DISTRITO FEDERAL (INTEIRO)
20616,XII
20617,XII
20618,XII
20619,XII
20620,XII
20621,XII
20622,XII
20623,XII
20624,XII
20625,XII
20626,XII
20627,XII
20628,XII
20629,XII
20630,DISTRITO FEDERAL (INTEIRO)
20631,DISTRITO FEDERAL (INTEIRO)
20632,DISTRITO FEDERAL (INTEIRO)
20633,DISTRITO FEDERAL (INTEIRO)
20634,DISTRITO FEDERAL (INTEIRO)
20635,DISTRITO FEDERAL (INTEIRO)
20636,DISTRITO FEDERAL (INTEIRO)
20637,DISTRITO FEDERAL (INTEIRO)
20638,DISTRITO FEDERAL (INTEIRO)
20639,XII
20640,XX
20641,XIII
20642,IX
20643,XXI
20644,V
20645,XX
20646,II
20647,XII
20648,DISTRITO FEDERAL (INTEIRO)
20649,XXX
20650,DISTRITO FEDERAL (INTEIRO)
20651,DISTRITO FEDERAL (INTEIRO)
20652,DISTRITO FEDERAL (INTEIRO)
20653,DISTRITO FEDERAL (INTEIRO)
20654,IV
20655,DISTRITO FEDERAL (INTEIRO)
20656,DISTRITO FEDERAL (INTEIRO)
20657,DISTRITO FEDERAL (INTEIRO)
20658,DISTRITO FEDERAL (INTEIRO)
20659,DISTRITO FEDERAL (INTEIRO)
20660,DISTRITO FEDERAL (INTEIRO)
20661,DISTRITO FEDERAL (INTEIRO)
20662,DISTRITO FEDERAL (INTEIRO)
20663,DISTRITO FEDERAL (INTEIRO)
20664,DISTRITO FEDERAL (INTEIRO)
20665,DISTRITO FEDERAL (INTEIRO)
20666,DISTRITO FEDERAL (INTEIRO)
20667,DISTRITO FEDERAL (INTEIRO)
20668,XII
20669,DISTRITO FEDERAL (INTEIRO)
20670,XXXV
20671,XXXIV
20672,IV
20673,XXX
20674,DISTRITO FEDERAL (INTEIRO)
20675,DISTRITO FEDERAL (INTEIRO)
20676,DISTRITO FEDERAL (INTEIRO)
20677,VI
20678,DISTRITO FEDERAL (INTEIRO)
20679,VI
20680,DISTRITO FEDERAL (INTEIRO)
20681,DISTRITO FEDERAL (INTEIRO)
20682,IV
20683,XII
20684,XXXIII
20685,XIX
20686,IX
20687,XXVIII
20688,VI
20689,XIV
20690,XIV
20691,V
20692,XIV
20693,XII
20694,DISTRITO FEDERAL (INTEIRO)
20695,DISTRITO FEDERAL (INTEIRO)
20696,DISTRITO FEDERAL (INTEIRO)
20697,DISTRITO FEDERAL (INTEIRO)
20698,DISTRITO FEDERAL (INTEIRO)
20699,DISTRITO FEDERAL (INTEIRO)
20700,DISTRITO FEDERAL (INTEIRO)
20701,DISTRITO FEDERAL (INTEIRO)
20702,DISTRITO FEDERAL (INTEIRO)
20703,DISTRITO FEDERAL (INTEIRO)
20704,DISTRITO FEDERAL (INTEIRO)
20705,DISTRITO FEDERAL (INTEIRO)
20706,DISTRITO FEDERAL (INTEIRO)
20707,DISTRITO FEDERAL (INTEIRO)
20708,DISTRITO FEDERAL (INTEIRO)
20709,DISTRITO FEDERAL (INTEIRO)
20710,DISTRITO FEDERAL (INTEIRO)
20711,DISTRITO FEDERAL (INTEIRO)
20712,DISTRITO FEDERAL (INTEIRO)
20713,XII
20714,XXIII
20715,XVIII
20716,VI
20717,I
20718,DISTRITO FEDERAL (INTEIRO)
20719,DISTRITO FEDERAL (INTEIRO)
20720,DISTRITO FEDERAL (INTEIRO)
20721,III
20722,DISTRITO FEDERAL (INTEIRO)
20723,DISTRITO FEDERAL (INTEIRO)
20724,DISTRITO FEDERAL (INTEIRO)
20725,DISTRITO FEDERAL (INTEIRO)
20726,DISTRITO FEDERAL (INTEIRO)
20727,XII
20728,IX
20729,DISTRITO FEDERAL (INTEIRO)
20730,DISTRITO FEDERAL (INTEIRO)
20731,DISTRITO FEDERAL (INTEIRO)
20732,III
20733,XXI
20734,XIII
20735,DISTRITO FEDERAL (INTEIRO)
20736,DISTRITO FEDERAL (INTEIRO)
20737,XV
20738,XII
20739,DISTRITO FEDERAL (INTEIRO)
20740,DISTRITO FEDERAL (INTEIRO)
20741,DISTRITO FEDERAL (INTEIRO)
20742,DISTRITO FEDERAL (INTEIRO)
20743,VI
20744,XXXIV
20745,XX
20746,XXV
20747,XXV
20748,DISTRITO FEDERAL (INTEIRO)
20749,DISTRITO FEDERAL (INTEIRO)
20750,DISTRITO FEDERAL (INTEIRO)
20751,VI
20752,DISTRITO FEDERAL (INTEIRO)
20753,DISTRITO FEDERAL (INTEIRO)
20754,DISTRITO FEDERAL (INTEIRO)
20755,DISTRITO FEDERAL (INTEIRO)
20756,DISTRITO FEDERAL (INTEIRO)
20757,DISTRITO FEDERAL (INTEIRO)
20758,DISTRITO FEDERAL (INTEIRO)
20759,DISTRITO FEDERAL (INTEIRO)
20760,DISTRITO FEDERAL (INTEIRO)
20761,DISTRITO FEDERAL (INTEIRO)
20762,DISTRITO FEDERAL (INTEIRO)
20763,DISTRITO FEDERAL (INTEIRO)
20764,DISTRITO FEDERAL (INTEIRO)
20765,DISTRITO FEDERAL (INTEIRO)
20766,DISTRITO FEDERAL (INTEIRO)
20767,DISTRITO FEDERAL (INTEIRO)
20768,DISTRITO FEDERAL (INTEIRO)
20769,DISTRITO FEDERAL (INTEIRO)
20770,DISTRITO FEDERAL (INTEIRO)
20771,DISTRITO FEDERAL (INTEIRO)
20772,DISTRITO FEDERAL (INTEIRO)
20773,DISTRITO FEDERAL (INTEIRO)
20774,DISTRITO FEDERAL (INTEIRO)
20775,DISTRITO FEDERAL (INTEIRO)
20776,DISTRITO FEDERAL (INTEIRO)
20777,DISTRITO FEDERAL (INTEIRO)
20778,DISTRITO FEDERAL (INTEIRO)
20779,DISTRITO FEDERAL (INTEIRO)
20780,DISTRITO FEDERAL (INTEIRO)
20781,DISTRITO FEDERAL (INTEIRO)
20782,DISTRITO FEDERAL (INTEIRO)
20783,DISTRITO FEDERAL (INTEIRO)
20784,DISTRITO FEDERAL (INTEIRO)
20785,DISTRITO FEDERAL (INTEIRO)
20786,DISTRITO FEDERAL (INTEIRO)
20787,DISTRITO FEDERAL (INTEIRO)
20788,DISTRITO FEDERAL (INTEIRO)
20789,III
20790,DISTRITO FEDERAL (INTEIRO)
20791,VI
20792,XIII
20793,III
20794,XII
20795,XII
20796,XII
20797,XII
20798,XII
20799,XII
20800,XII
20801,XII
20802,XII
20803,XII
20804,XII
20805,XII
20806,DISTRITO FEDERAL (INTEIRO)
20807,XII
20808,XII
20809,XII
20810,XII
20811,XII
20812,XII
20813,XII
20814,XII
20815,DISTRITO FEDERAL (INTEIRO)
20816,XII
20817,XII
20818,XII
20819,XII
20820,XII
20821,XII
20822,XII
20823,XII
20824,XII
20825,XII
20826,XII
20827,XII
20828,XII
20829,XII
20830,XII
20831,XII
20832,XII
20833,XII
20834,XII
20835,XII
20836,XII
20837,XII
20838,XII
20839,XII
20840,XII
20841,XII
20842,XII
20843,XII
20844,XII
20845,XII
20846,XII
20847,XII
20848,XII
20849,XII
20850,XII
20851,XII
20852,XII
20853,XII
20854,DISTRITO FEDERAL (INTEIRO)
20855,DISTRITO FEDERAL (INTEIRO)
20856,XII
20857,XII
20858,XII
20859,XII
20860,XII
20861,XII
20862,XII
20863,XII
20864,XII
20865,XII
20866,XII
20867,XII
20868,XII
20869,XII
20870,XII
20871,XII
20872,XII
20873,XII
20874,XII
20875,XII
20876,XII
20877,XII
20878,XII
20879,XII
20880,XII
20881,XII
20882,XII
20883,XII
20884,XII
20885,XII
20886,XII
20887,XII
20888,XII
20889,XII
20890,XII
20891,XII
20892,XII
20893,XII
20894,XII
20895,XII
20896,XII
20897,DISTRITO FEDERAL (INTEIRO)
20898,DISTRITO FEDERAL (INTEIRO)
20899,DISTRITO FEDERAL (INTEIRO)
20900,VI
20901,DISTRITO FEDERAL (INTEIRO)
20902,DISTRITO FEDERAL (INTEIRO)
20903,III
20904,XVIII
20905,IX
20906,DISTRITO FEDERAL (INTEIRO)
20907,XII
20908,XXXIII
20909,V
20910,II
20911,XXX
20912,DISTRITO FEDERAL (INTEIRO)
20913,DISTRITO FEDERAL (INTEIRO)
20914,DISTRITO FEDERAL (INTEIRO)
20915,DISTRITO FEDERAL (INTEIRO)
20916,XII
20917,IV
20918,XXXV
20919,XXVIII
20920,XXVII
20921,XIV
20922,DISTRITO FEDERAL (INTEIRO)
20923,DISTRITO FEDERAL (INTEIRO)
20924,I
20925,DISTRITO FEDERAL (INTEIRO)
20926,DISTRITO FEDERAL (INTEIRO)
20927,DISTRITO FEDERAL (INTEIRO)
20928,DISTRITO FEDERAL (INTEIRO)
20929,XII
20930,XXVI
20931,XXII
20932,XXV
20933,XXIII
20934,DISTRITO FEDERAL (INTEIRO)
20935,XIV
20936,XXI
20937,XXVIII
20938,XII
20939,IX
20940,XV
20941,III
20942,XIII
20943,DISTRITO FEDERAL (INTEIRO)
20944,DISTRITO FEDERAL (INTEIRO)
20945,DISTRITO FEDERAL (INTEIRO)
20946,XII
20947,XX
20948,XI
20949,XXVIII
20950,XXIV
20951,DISTRITO FEDERAL (INTEIRO)
20952,XV
20953,DISTRITO FEDERAL (INTEIRO)
20954,XII
20955,DISTRITO FEDERAL (INTEIRO)
20956,XII
20957,V
20958,XXII
20959,II
20960,XXI
20961,V
20962,DISTRITO FEDERAL (INTEIRO)
20963,XXXIII
20964,DISTRITO FEDERAL (INTEIRO)
20965,DISTRITO FEDERAL (INTEIRO)
20966,DISTRITO FEDERAL (INTEIRO)
20967,DISTRITO FEDERAL (INTEIRO)
20968,XII
20969,XXXIV
20970,XXXV
20971,IX
20972,XV
20973,DISTRITO FEDERAL (INTEIRO)
20974,DISTRITO FEDERAL (INTEIRO)
20975,DISTRITO FEDERAL (INTEIRO)
20976,DISTRITO FEDERAL (INTEIRO)
20977,DISTRITO FEDERAL (INTEIRO)
20978,DISTRITO FEDERAL (INTEIRO)
20979,XII
20980,XIII
20981,II
20982,X
20983,XXI
20984,XII
20985,DISTRITO FEDERAL (INTEIRO)
20986,DISTRITO FEDERAL (INTEIRO)
20987,DISTRITO FEDERAL (INTEIRO)
20988,DISTRITO FEDERAL (INTEIRO)
20989,XII
20990,IX
20991,III
20992,II
20993,XV
20994,DISTRITO FEDERAL (INTEIRO)
20995,DISTRITO FEDERAL (INTEIRO)
20996,XII
20997,XXXII
20998,VI
20999,X
21000,V
21001,DISTRITO FEDERAL (INTEIRO)
21002,DISTRITO FEDERAL (INTEIRO)
21003,DISTRITO FEDERAL (INTEIRO)
21004,DISTRITO FEDERAL (INTEIRO)
21005,DISTRITO FEDERAL (INTEIRO)
21006,DISTRITO FEDERAL (INTEIRO)
21007,XII
21008,XX
21009,XIV
21010,XIII
21011,XXVIII
21012,DISTRITO FEDERAL (INTEIRO)
21013,XII
21014,XXXV
21015,XXXIII
21016,XI
21017,XXXI
21018,DISTRITO FEDERAL (INTEIRO)
21019,DISTRITO FEDERAL (INTEIRO)
21020,XIV
21021,XII
21022,XXI
21023,XXII
21024,IV
21025,XXXIV
21026,XII
21027,XXVII
21028,III
21029,XV
21030,VI
21031,XXXV
21032,DISTRITO FEDERAL (INTEIRO)
21033,DISTRITO FEDERAL (INTEIRO)
21034,XII
21035,IX
21036,II
21037,XIV
21038,X
21039,DISTRITO FEDERAL (INTEIRO)
21040,DISTRITO FEDERAL (INTEIRO)
21041,DISTRITO FEDERAL (INTEIRO)
21042,DISTRITO FEDERAL (INTEIRO)
21043,DISTRITO FEDERAL (INTEIRO)
21044,DISTRITO FEDERAL (INTEIRO)
21045,DISTRITO FEDERAL (INTEIRO)
21046,XII
21047,XVI
21048,III
21049,XX
21050,VI
21051,DISTRITO FEDERAL (INTEIRO)
21052,XIV
21053,DISTRITO FEDERAL (INTEIRO)
21054,XII
21055,DISTRITO FEDERAL (INTEIRO)
21056,XII
21057,XV
21058,XXXIV
21059,XIII
21060,XI
21061,DISTRITO FEDERAL (INTEIRO)
21062,DISTRITO FEDERAL (INTEIRO)
21063,DISTRITO FEDERAL (INTEIRO)
21064,DISTRITO FEDERAL (INTEIRO)
21065,XII
21066,XXXIII
21067,XXXI
21068,I
21069,XXI
21070,I
21071,XII
21072,XVIII
21073,V
21074,XXIV
21075,XXV
21076,DISTRITO FEDERAL (INTEIRO)
21077,XV
21078,DISTRITO FEDERAL (INTEIRO)
21079,DISTRITO FEDERAL (INTEIRO)
21080,DISTRITO FEDERAL (INTEIRO)
21081,XII
21082,XII
21083,III
21084,IX
21085,II
21086,VII
21087,DISTRITO FEDERAL (INTEIRO)
21088,XII
21089,I
21090,XXXIV
21091,XIII
21092,XX
21093,III
21093,XXXII
21094,XII
21095,XXX
21096,IV
21097,XI
21098,DISTRITO FEDERAL (INTEIRO)
21099,X
21100,DISTRITO FEDERAL (INTEIRO)
21101,DISTRITO FEDERAL (INTEIRO)
21102,DISTRITO FEDERAL (INTEIRO)
21103,DISTRITO FEDERAL (INTEIRO)
21104,XII
21105,VI
21106,V
21107,XIV
21108,XVII
21109,XII
21110,XV
21111,XIX
21112,XII
21113,DISTRITO FEDERAL (INTEIRO)
21113,I
21114,XXXIII
21115,I
21116,DISTRITO FEDERAL (INTEIRO)
21117,XII
21118,III
21119,IX
21120,XX
21121,XIII
21122,DISTRITO FEDERAL (INTEIRO)
21123,DISTRITO FEDERAL (INTEIRO)
21124,DISTRITO FEDERAL (INTEIRO)
21125,XII
21126,II
21127,XV
21128,XXXII
21129,XIV
21130,DISTRITO FEDERAL (INTEIRO)
21131,DISTRITO FEDERAL (INTEIRO)
21132,DISTRITO FEDERAL (INTEIRO)
21133,DISTRITO FEDERAL (INTEIRO)
21134,DISTRITO FEDERAL (INTEIRO)
21135,VI
21136,VI
21137,VI
21138,V
21139,V
21140,DISTRITO FEDERAL (INTEIRO)
21141,DISTRITO FEDERAL (INTEIRO)
21142,DISTRITO FEDERAL (INTEIRO)
21143,DISTRITO FEDERAL (INTEIRO)
21144,DISTRITO FEDERAL (INTEIRO)
21145,IX
21146,XII
21147,XXXIII
21148,DISTRITO FEDERAL (INTEIRO)
21149,XII
21150,XXXI
21151,V
21152,X
21153,DISTRITO FEDERAL (INTEIRO)
21154,IV
21155,XV
21156,DISTRITO FEDERAL (INTEIRO)
21157,DISTRITO FEDERAL (INTEIRO)
21158,VI
21159,VI
21160,VI
21161,VI
21162,II
21163,XII
21164,I
21165,XXII
21166,XIX
21167,DISTRITO FEDERAL (INTEIRO)
21168,DISTRITO FEDERAL (INTEIRO)
21169,VI
21170,I
21171,VI
21172,DISTRITO FEDERAL (INTEIRO)
21173,DISTRITO FEDERAL (INTEIRO)
21174,DISTRITO FEDERAL (INTEIRO)
21175,DISTRITO FEDERAL (INTEIRO)
21176,XIII
21177,DISTRITO FEDERAL (INTEIRO)
21178,DISTRITO FEDERAL (INTEIRO)
21179,DISTRITO FEDERAL (INTEIRO)
21180,DISTRITO FEDERAL (INTEIRO)
21181,XXXIV
21182,DISTRITO FEDERAL (INTEIRO)
21183,DISTRITO FEDERAL (INTEIRO)
21184,DISTRITO FEDERAL (INTEIRO)
21185,DISTRITO FEDERAL (INTEIRO)
21186,DISTRITO FEDERAL (INTEIRO)
21187,DISTRITO FEDERAL (INTEIRO)
21188,DISTRITO FEDERAL (INTEIRO)
21189,XII
21190,V
21191,XXXIII
21192,XXVIII
21193,XXX
21194,DISTRITO FEDERAL (INTEIRO)
21195,II
21196,DISTRITO FEDERAL (INTEIRO)
21197,DISTRITO FEDERAL (INTEIRO)
21198,DISTRITO FEDERAL (INTEIRO)
21199,III
21200,I
21201,DISTRITO FEDERAL (INTEIRO)
21202,DISTRITO FEDERAL (INTEIRO)
21203,DISTRITO FEDERAL (INTEIRO)
21204,DISTRITO FEDERAL (INTEIRO)
21205,DISTRITO FEDERAL (INTEIRO)
21206,DISTRITO FEDERAL (INTEIRO)
21207,DISTRITO FEDERAL (INTEIRO)
21208,DISTRITO FEDERAL (INTEIRO)
21209,DISTRITO FEDERAL (INTEIRO)
21210,DISTRITO FEDERAL (INTEIRO)
21211,DISTRITO FEDERAL (INTEIRO)
21212,DISTRITO FEDERAL (INTEIRO)
21213,XII
21214,XIV
21215,IX
21216,III
21217,II
21218,XIV
21219,XIV
21220,V
21221,DISTRITO FEDERAL (INTEIRO)
21222,DISTRITO FEDERAL (INTEIRO)
21223,DISTRITO FEDERAL (INTEIRO)
21224,VI
21225,DISTRITO FEDERAL (INTEIRO)
21226,VI
21227,VI
21228,DISTRITO FEDERAL (INTEIRO)
21229,DISTRITO FEDERAL (INTEIRO)
21230,DISTRITO FEDERAL (INTEIRO)
21231,XII
21232,DISTRITO FEDERAL (INTEIRO)
21233,VI
21234,XX
21235,XXXIV
21236,IV
21237,VII
21238,DISTRITO FEDERAL (INTEIRO)
21239,DISTRITO FEDERAL (INTEIRO)
21240,DISTRITO FEDERAL (INTEIRO)
21241,XXV
21242,VI
21243,VI
21244,XXV
21245,DISTRITO FEDERAL (INTEIRO)
21246,VI
21247,DISTRITO FEDERAL (INTEIRO)
21248,DISTRITO FEDERAL (INTEIRO)
21249,DISTRITO FEDERAL (INTEIRO)
21250,DISTRITO FEDERAL (INTEIRO)
21251,DISTRITO FEDERAL (INTEIRO)
21252,DISTRITO FEDERAL (INTEIRO)
21253,DISTRITO FEDERAL (INTEIRO)
21254,DISTRITO FEDERAL (INTEIRO)
21255,XII
21256,XXI
21257,VI
21258,DISTRITO FEDERAL (INTEIRO)
21259,XIII
21260,XXXII
21261,DISTRITO FEDERAL (INTEIRO)
21262,DISTRITO FEDERAL (INTEIRO)
21263,DISTRITO FEDERAL (INTEIRO)
21264,DISTRITO FEDERAL (INTEIRO)
21265,DISTRITO FEDERAL (INTEIRO)
21266,DISTRITO FEDERAL (INTEIRO)
21267,DISTRITO FEDERAL (INTEIRO)
21268,DISTRITO FEDERAL (INTEIRO)
21269,DISTRITO FEDERAL (INTEIRO)
21270,DISTRITO FEDERAL (INTEIRO)
21271,DISTRITO FEDERAL (INTEIRO)
21272,DISTRITO FEDERAL (INTEIRO)
21273,DISTRITO FEDERAL (INTEIRO)
21274,DISTRITO FEDERAL (INTEIRO)
21275,DISTRITO FEDERAL (INTEIRO)
21276,DISTRITO FEDERAL (INTEIRO)
21277,DISTRITO FEDERAL (INTEIRO)
21278,DISTRITO FEDERAL (INTEIRO)
21279,DISTRITO FEDERAL (INTEIRO)
21280,DISTRITO FEDERAL (INTEIRO)
21281,VI
21282,XXV
21283,VI
21284,VII
21285,DISTRITO FEDERAL (INTEIRO)
21286,DISTRITO FEDERAL (INTEIRO)
21287,DISTRITO FEDERAL (INTEIRO)
21288,DISTRITO FEDERAL (INTEIRO)
21289,III
21290,XII
21291,XVIII
21292,XV
21293,X
21294,XVII
21295,I
21296,DISTRITO FEDERAL (INTEIRO)
21297,XII
21298,V
21299,II
21300,V
21301,DISTRITO FEDERAL (INTEIRO)
21302,XXV
21303,V
21304,XXVI
21305,V
21306,V
21307,DISTRITO FEDERAL (INTEIRO)
21308,IX
21309,DISTRITO FEDERAL (INTEIRO)
21310,III
21311,DISTRITO FEDERAL (INTEIRO)
21312,XII
21313,V
21314,XXXIII
21315,XXIV
21316,XXVIII
21317,DISTRITO FEDERAL (INTEIRO)
21318,DISTRITO FEDERAL (INTEIRO)
21319,VI
21320,VI
21321,VI
21322,DISTRITO FEDERAL (INTEIRO)
21323,DISTRITO FEDERAL (INTEIRO)
21324,XXXIV
21325,V
21326,DISTRITO FEDERAL (INTEIRO)
21327,XII
21328,III
21329,IX
21330,IX
21331,XV
21332,II
21333,OUTROS ESTADOS
21334,DISTRITO FEDERAL (INTEIRO)
21335,IX
21336,DISTRITO FEDERAL (INTEIRO)
21337,DISTRITO FEDERAL (INTEIRO)
21338,DISTRITO FEDERAL (INTEIRO)
21339,DISTRITO FEDERAL (INTEIRO)
21340,IX
21341,XXXII
21342,IX
21343,DISTRITO FEDERAL (INTEIRO)
21344,DISTRITO FEDERAL (INTEIRO)
21345,DISTRITO FEDERAL (INTEIRO)
21346,DISTRITO FEDERAL (INTEIRO)
21347,DISTRITO FEDERAL (INTEIRO)
21348,DISTRITO FEDERAL (INTEIRO)
21349,DISTRITO FEDERAL (INTEIRO)
21350,DISTRITO FEDERAL (INTEIRO)
21351,XII
21352,XX
21353,X
21354,V
21355,XIV
21356,DISTRITO FEDERAL (INTEIRO)
21357,DISTRITO FEDERAL (INTEIRO)
21358,DISTRITO FEDERAL (INTEIRO)
21359,DISTRITO FEDERAL (INTEIRO)
21360,DISTRITO FEDERAL (INTEIRO)
21361,DISTRITO FEDERAL (INTEIRO)
21362,DISTRITO FEDERAL (INTEIRO)
21363,DISTRITO FEDERAL (INTEIRO)
21364,DISTRITO FEDERAL (INTEIRO)
21365,X
21366,XII
21367,IV
21368,DISTRITO FEDERAL (INTEIRO)
21369,XXXIV
21370,DISTRITO FEDERAL (INTEIRO)
21371,XIX
21372,XXXII
21373,DISTRITO FEDERAL (INTEIRO)
21374,DISTRITO FEDERAL (INTEIRO)
21375,DISTRITO FEDERAL (INTEIRO)
21376,DISTRITO FEDERAL (INTEIRO)
21377,DISTRITO FEDERAL (INTEIRO)
21378,DISTRITO FEDERAL (INTEIRO)
21379,I
21380,DISTRITO FEDERAL (INTEIRO)
21381,DISTRITO FEDERAL (INTEIRO)
21382,DISTRITO FEDERAL (INTEIRO)
21383,DISTRITO FEDERAL (INTEIRO)
21384,DISTRITO FEDERAL (INTEIRO)
21385,DISTRITO FEDERAL (INTEIRO)
21386,I
21387,DISTRITO FEDERAL (INTEIRO)
21388,DISTRITO FEDERAL (INTEIRO)
21389,DISTRITO FEDERAL (INTEIRO)
21390,DISTRITO FEDERAL (INTEIRO)
21391,XII
21392,III
21393,X
21394,XV
21395,VI
21396,XXI
21397,XII
21398,XII
21399,I
21400,XXIII
21401,I
21402,DISTRITO FEDERAL (INTEIRO)
21403,V
21404,DISTRITO FEDERAL (INTEIRO)
21405,V
21406,DISTRITO FEDERAL (INTEIRO)
21407,XIII
21408,DISTRITO FEDERAL (INTEIRO)
21409,VI
21410,DISTRITO FEDERAL (INTEIRO)
21411,I
21412,DISTRITO FEDERAL (INTEIRO)
21413,DISTRITO FEDERAL (INTEIRO)
21414,DISTRITO FEDERAL (INTEIRO)
21415,DISTRITO FEDERAL (INTEIRO)
21416,DISTRITO FEDERAL (INTEIRO)
21417,DISTRITO FEDERAL (INTEIRO)
21418,XII
21419,XII
21420,IX
21421,XXXIII
21422,XXII
21423,XII
21424,XXXI
21425,XII
21426,XII
21427,XXVII
21428,XVII
21429,XXIV
21430,DISTRITO FEDERAL (INTEIRO)
21431,DISTRITO FEDERAL (INTEIRO)
21432,DISTRITO FEDERAL (INTEIRO)
21433,DISTRITO FEDERAL (INTEIRO)
21434,DISTRITO FEDERAL (INTEIRO)
21435,DISTRITO FEDERAL (INTEIRO)
21436,DISTRITO FEDERAL (INTEIRO)
21437,DISTRITO FEDERAL (INTEIRO)
21438,DISTRITO FEDERAL (INTEIRO)
21439,DISTRITO FEDERAL (INTEIRO)
21440,DISTRITO FEDERAL (INTEIRO)
21441,XII
21442,III
21443,XV
21444,XIV
21445,II
21446,XII
21447,X
21448,DISTRITO FEDERAL (INTEIRO)
21449,DISTRITO FEDERAL (INTEIRO)
21450,DISTRITO FEDERAL (INTEIRO)
21451,DISTRITO FEDERAL (INTEIRO)
21452,IX
21453,DISTRITO FEDERAL (INTEIRO)
21454,DISTRITO FEDERAL (INTEIRO)
21455,XV
21456,XV
21457,XV
21458,XV
21459,XV
21460,XV
21461,XV
21462,XV
21463,XV
21464,XV
21465,XV
21466,XV
21467,XV
21468,XV
21469,XV
21470,XV
21471,XV
21472,XV
21473,XV
21474,XV
21475,XV
21476,XV
21477,XV
21478,XV
21479,XV
21480,XV
21481,XV
21482,XV
21483,XV
21484,XV
21485,XV
21486,XV
21487,XV
21488,XV
21489,XV
21490,XV
21491,XII
21492,XIII
21493,XVIII
21494,IX
21495,VII
21496,DISTRITO FEDERAL (INTEIRO)
21497,DISTRITO FEDERAL (INTEIRO)
21498,XXI
21499,IX
21500,DISTRITO FEDERAL (INTEIRO)
21501,DISTRITO FEDERAL (INTEIRO)
21502,XXV
21503,DISTRITO FEDERAL (INTEIRO)
21504,DISTRITO FEDERAL (INTEIRO)
21505,DISTRITO FEDERAL (INTEIRO)
21506,DISTRITO FEDERAL (INTEIRO)
21507,DISTRITO FEDERAL (INTEIRO)
21508,DISTRITO FEDERAL (INTEIRO)
21509,V
21510,DISTRITO FEDERAL (INTEIRO)
21511,DISTRITO FEDERAL (INTEIRO)
21512,XII
21513,XX
21514,XIX
21515,XXXIV
21516,I
21517,XII
21518,DISTRITO FEDERAL (INTEIRO)
21519,DISTRITO FEDERAL (INTEIRO)
21520,DISTRITO FEDERAL (INTEIRO)
21521,DISTRITO FEDERAL (INTEIRO)
21522,VI
21523,DISTRITO FEDERAL (INTEIRO)
21524,DISTRITO FEDERAL (INTEIRO)
21525,DISTRITO FEDERAL (INTEIRO)
21526,X
21527,VI
21528,DISTRITO FEDERAL (INTEIRO)
21529,X
21530,DISTRITO FEDERAL (INTEIRO)
21531,DISTRITO FEDERAL (INTEIRO)
21532,DISTRITO FEDERAL (INTEIRO)
21533,DISTRITO FEDERAL (INTEIRO)
21534,XII
21535,X
21536,XIV
21537,DISTRITO FEDERAL (INTEIRO)
21538,VI
21539,XVII
21540,DISTRITO FEDERAL (INTEIRO)
21541,DISTRITO FEDERAL (INTEIRO)
21542,DISTRITO FEDERAL (INTEIRO)
21543,DISTRITO FEDERAL (INTEIRO)
21544,DISTRITO FEDERAL (INTEIRO)
21545,DISTRITO FEDERAL (INTEIRO)
21546,DISTRITO FEDERAL (INTEIRO)
21547,DISTRITO FEDERAL (INTEIRO)
21548,DISTRITO FEDERAL (INTEIRO)
21549,DISTRITO FEDERAL (INTEIRO)
21550,DISTRITO FEDERAL (INTEIRO)
21550,XXXV
21551,DISTRITO FEDERAL (INTEIRO)
21552,DISTRITO FEDERAL (INTEIRO)
21553,DISTRITO FEDERAL (INTEIRO)
21554,DISTRITO FEDERAL (INTEIRO)
21555,XII
21556,III
21557,XXVIII
21558,II
21559,XXIV
21560,IX
21561,III
21562,IX
21563,DISTRITO FEDERAL (INTEIRO)
21564,DISTRITO FEDERAL (INTEIRO)
21565,DISTRITO FEDERAL (INTEIRO)
21566,DISTRITO FEDERAL (INTEIRO)
21567,III
21568,DISTRITO FEDERAL (INTEIRO)
21569,DISTRITO FEDERAL (INTEIRO)
21570,DISTRITO FEDERAL (INTEIRO)
21571,DISTRITO FEDERAL (INTEIRO)
21572,V
21573,X
21574,DISTRITO FEDERAL (INTEIRO)
21575,DISTRITO FEDERAL (INTEIRO)
21576,DISTRITO FEDERAL (INTEIRO)
21577,DISTRITO FEDERAL (INTEIRO)
21578,DISTRITO FEDERAL (INTEIRO)
21579,DISTRITO FEDERAL (INTEIRO)
21580,DISTRITO FEDERAL (INTEIRO)
21581,DISTRITO FEDERAL (INTEIRO)
21582,DISTRITO FEDERAL (INTEIRO)
21583,DISTRITO FEDERAL (INTEIRO)
21584,DISTRITO FEDERAL (INTEIRO)
21585,XII
21586,IX
21587,XIII
21588,XX
21589,V
21590,DISTRITO FEDERAL (INTEIRO)
21591,DISTRITO FEDERAL (INTEIRO)
21592,DISTRITO FEDERAL (INTEIRO)
21593,DISTRITO FEDERAL (INTEIRO)
21594,IX
21595,X
21596,DISTRITO FEDERAL (INTEIRO)
21597,DISTRITO FEDERAL (INTEIRO)
21598,XII
21599,III
21600,II
21601,XXXIV
21602,IV
21603,XXVII
21604,DISTRITO FEDERAL (INTEIRO)
21605,VI
21606,XIII
21607,DISTRITO FEDERAL (INTEIRO)
21608,DISTRITO FEDERAL (INTEIRO)
21609,DISTRITO FEDERAL (INTEIRO)
21610,DISTRITO FEDERAL (INTEIRO)
21611,DISTRITO FEDERAL (INTEIRO)
21612,DISTRITO FEDERAL (INTEIRO)
21613,XIII
21614,DISTRITO FEDERAL (INTEIRO)
21615,XII
21616,XIX
21617,VIII
21618,I
21619,XIV
21620,DISTRITO FEDERAL (INTEIRO)
21621,DISTRITO FEDERAL (INTEIRO)
21622,DISTRITO FEDERAL (INTEIRO)
21623,DISTRITO FEDERAL (INTEIRO)
21624,II
21624,IV
21624,IX
21624,V
21624,VII
21624,XII
21624,XIII
21624,XV
21624,XXI
21624,XXIII
21624,XXV
21624,XXVI
21624,XXVIII
21624,XXX
21624,XXXII
21624,XXXIII
21625,DISTRITO FEDERAL (INTEIRO)
21626,DISTRITO FEDERAL (INTEIRO)
21627,DISTRITO FEDERAL (INTEIRO)
21628,XII
21629,XVII
21630,XVIII
21631,XXXII
21632,XV
21633,XXXV
21634,DISTRITO FEDERAL (INTEIRO)
21635,XXXV
21636,V
21636,VI
21637,DISTRITO FEDERAL (INTEIRO)
21638,IX
21639,DISTRITO FEDERAL (INTEIRO)
21640,DISTRITO FEDERAL (INTEIRO)
21641,DISTRITO FEDERAL (INTEIRO)
21642,DISTRITO FEDERAL (INTEIRO)
21643,DISTRITO FEDERAL (INTEIRO)
21644,DISTRITO FEDERAL (INTEIRO)
21645,DISTRITO FEDERAL (INTEIRO)
21646,DISTRITO FEDERAL (INTEIRO)
21647,DISTRITO FEDERAL (INTEIRO)
21648,DISTRITO FEDERAL (INTEIRO)
21649,DISTRITO FEDERAL (INTEIRO)
21650,DISTRITO FEDERAL (INTEIRO)
21651,DISTRITO FEDERAL (INTEIRO)
21652,DISTRITO FEDERAL (INTEIRO)
21653,DISTRITO FEDERAL (INTEIRO)
21654,XII
21655,IX
21656,II
21657,III
21658,XIII
21659,DISTRITO FEDERAL (INTEIRO)
21660,XII
21661,DISTRITO FEDERAL (INTEIRO)
21662,DISTRITO FEDERAL (INTEIRO)
21663,DISTRITO FEDERAL (INTEIRO)
21664,DISTRITO FEDERAL (INTEIRO)
21665,DISTRITO FEDERAL (INTEIRO)
21666,DISTRITO FEDERAL (INTEIRO)
21667,DISTRITO FEDERAL (INTEIRO)
21668,DISTRITO FEDERAL (INTEIRO)
21669,DISTRITO FEDERAL (INTEIRO)
21670,DISTRITO FEDERAL (INTEIRO)
21671,DISTRITO FEDERAL (INTEIRO)
21672,DISTRITO FEDERAL (INTEIRO)
21673,DISTRITO FEDERAL (INTEIRO)
21674,DISTRITO FEDERAL (INTEIRO)
21675,DISTRITO FEDERAL (INTEIRO)
21676,DISTRITO FEDERAL (INTEIRO)
21677,DISTRITO FEDERAL (INTEIRO)
21678,DISTRITO FEDERAL (INTEIRO)
21679,DISTRITO FEDERAL (INTEIRO)
21680,DISTRITO FEDERAL (INTEIRO)
21681,XIII
21682,XII
21683,XXXIII
21684,XX
21685,XXI
21686,X
21687,DISTRITO FEDERAL (INTEIRO)
21688,DISTRITO FEDERAL (INTEIRO)
21689,DISTRITO FEDERAL (INTEIRO)
21690,DISTRITO FEDERAL (INTEIRO)
21691,X
21692,DISTRITO FEDERAL (INTEIRO)
21693,DISTRITO FEDERAL (INTEIRO)
21694,DISTRITO FEDERAL (INTEIRO)
21695,DISTRITO FEDERAL (INTEIRO)
21696,XIII
21697,DISTRITO FEDERAL (INTEIRO)
21698,DISTRITO FEDERAL (INTEIRO)
21699,DISTRITO FEDERAL (INTEIRO)
21700,DISTRITO FEDERAL (INTEIRO)
21701,DISTRITO FEDERAL (INTEIRO)
21702,DISTRITO FEDERAL (INTEIRO)
21703,DISTRITO FEDERAL (INTEIRO)
21704,DISTRITO FEDERAL (INTEIRO)
21705,DISTRITO FEDERAL (INTEIRO)
21706,XXXV
21707,XII
21708,VI
21709,XIII
21710,XXIV
21711,II
21712,V
21713,V
21714,V
21715,V
21716,DISTRITO FEDERAL (INTEIRO)
21717,DISTRITO FEDERAL (INTEIRO)
21718,DISTRITO FEDERAL (INTEIRO)
21719,DISTRITO FEDERAL (INTEIRO)
21720,II
21721,XII
21722,IX
21723,V
21724,XV
21725,XVII
21726,DISTRITO FEDERAL (INTEIRO)
21727,III
21728,DISTRITO FEDERAL (INTEIRO)
21729,XVII
21730,III
21731,III
21732,DISTRITO FEDERAL (INTEIRO)
21733,DISTRITO FEDERAL (INTEIRO)
21734,DISTRITO FEDERAL (INTEIRO)
21735,VII
21736,XII
21737,X
21738,XXVIII
21739,XVIII
21740,XXXII
21741,V
21742,XXXIII
21743,DISTRITO FEDERAL (INTEIRO)
21744,XIII
21745,II
21746,DISTRITO FEDERAL (INTEIRO)
21747,DISTRITO FEDERAL (INTEIRO)
21748,DISTRITO FEDERAL (INTEIRO)
21749,DISTRITO FEDERAL (INTEIRO)
21750,DISTRITO FEDERAL (INTEIRO)
21751,DISTRITO FEDERAL (INTEIRO)
21752,VI
21753,DISTRITO FEDERAL (INTEIRO)
21754,DISTRITO FEDERAL (INTEIRO)
21755,DISTRITO FEDERAL (INTEIRO)
21756,DISTRITO FEDERAL (INTEIRO)
21757,DISTRITO FEDERAL (INTEIRO)
21758,DISTRITO FEDERAL (INTEIRO)
21759,DISTRITO FEDERAL (INTEIRO)
21760,XXI
21761,DISTRITO FEDERAL (INTEIRO)
21762,DISTRITO FEDERAL (INTEIRO)
21763,DISTRITO FEDERAL (INTEIRO)
21764,DISTRITO FEDERAL (INTEIRO)
21765,DISTRITO FEDERAL (INTEIRO)
21766,XII
21767,III
21768,I
21769,XXII
21770,XXXI
21771,DISTRITO FEDERAL (INTEIRO)
21772,DISTRITO FEDERAL (INTEIRO)
21773,DISTRITO FEDERAL (INTEIRO)
21774,DISTRITO FEDERAL (INTEIRO)
21775,XX
21776,DISTRITO FEDERAL (INTEIRO)
21777,DISTRITO FEDERAL (INTEIRO)
21778,DISTRITO FEDERAL (INTEIRO)
21779,II
21780,DISTRITO FEDERAL (INTEIRO)
21781,DISTRITO FEDERAL (INTEIRO)
21782,III
21783,XII
21784,XXIII
21785,VI
21786,XV
21787,XIII
21788,DISTRITO FEDERAL (INTEIRO)
21789,XXIV
21790,DISTRITO FEDERAL (INTEIRO)
21791,DISTRITO FEDERAL (INTEIRO)
21792,III
21793,DISTRITO FEDERAL (INTEIRO)
21794,DISTRITO FEDERAL (INTEIRO)
21795,DISTRITO FEDERAL (INTEIRO)
21796,DISTRITO FEDERAL (INTEIRO)
21797,DISTRITO FEDERAL (INTEIRO)
21798,IV
21799,DISTRITO FEDERAL (INTEIRO)
21800,DISTRITO FEDERAL (INTEIRO)
21801,DISTRITO FEDERAL (INTEIRO)
21802,X
21803,DISTRITO FEDERAL (INTEIRO)
21804,DISTRITO FEDERAL (INTEIRO)
21805,DISTRITO FEDERAL (INTEIRO)
21806,XII
21807,DISTRITO FEDERAL (INTEIRO)
21808,XXXIV
21809,III
21810,IV
21811,XIV
21812,DISTRITO FEDERAL (INTEIRO)
21813,DISTRITO FEDERAL (INTEIRO)
21814,DISTRITO FEDERAL (INTEIRO)
21815,DISTRITO FEDERAL (INTEIRO)
21816,DISTRITO FEDERAL (INTEIRO)
21817,DISTRITO FEDERAL (INTEIRO)
21818,DISTRITO FEDERAL (INTEIRO)
21819,DISTRITO FEDERAL (INTEIRO)
21820,DISTRITO FEDERAL (INTEIRO)
21821,DISTRITO FEDERAL (INTEIRO)
21822,DISTRITO FEDERAL (INTEIRO)
21822,I
21823,DISTRITO FEDERAL (INTEIRO)
21824,XII
21825,IX
21826,XX
21827,XV
21828,I
21829,XII
21830,DISTRITO FEDERAL (INTEIRO)
21831,XII
21832,I
21833,I
21834,I
21835,VI
21836,III
21837,DISTRITO FEDERAL (INTEIRO)
21838,DISTRITO FEDERAL (INTEIRO)
21839,DISTRITO FEDERAL (INTEIRO)
21840,DISTRITO FEDERAL (INTEIRO)
21841,DISTRITO FEDERAL (INTEIRO)
21842,DISTRITO FEDERAL (INTEIRO)
21843,DISTRITO FEDERAL (INTEIRO)
21844,XII
21845,III
21846,X
21847,VI
21848,VII
21849,DISTRITO FEDERAL (INTEIRO)
21850,DISTRITO FEDERAL (INTEIRO)
21851,DISTRITO FEDERAL (INTEIRO)
21852,DISTRITO FEDERAL (INTEIRO)
21853,DISTRITO FEDERAL (INTEIRO)
21854,DISTRITO FEDERAL (INTEIRO)
21855,DISTRITO FEDERAL (INTEIRO)
21856,DISTRITO FEDERAL (INTEIRO)
21857,VII
21858,DISTRITO FEDERAL (INTEIRO)
21859,DISTRITO FEDERAL (INTEIRO)
21860,DISTRITO FEDERAL (INTEIRO)
21861,XXXIV
21862,DISTRITO FEDERAL (INTEIRO)
21863,DISTRITO FEDERAL (INTEIRO)
21864,DISTRITO FEDERAL (INTEIRO)
21865,DISTRITO FEDERAL (INTEIRO)
21866,DISTRITO FEDERAL (INTEIRO)
21867,XXVIII
21868,DISTRITO FEDERAL (INTEIRO)
21869,XXVIII
21870,XXVIII
21871,XXVIII
21872,DISTRITO FEDERAL (INTEIRO)
21873,XII
21874,XIII
21875,V
21876,IV
21877,XXI
21878,DISTRITO FEDERAL (INTEIRO)
21879,DISTRITO FEDERAL (INTEIRO)
21880,V
21880,XXVI
21881,DISTRITO FEDERAL (INTEIRO)
21882,DISTRITO FEDERAL (INTEIRO)
21883,DISTRITO FEDERAL (INTEIRO)
21884,DISTRITO FEDERAL (INTEIRO)
21885,DISTRITO FEDERAL (INTEIRO)
21886,DISTRITO FEDERAL (INTEIRO)
21887,DISTRITO FEDERAL (INTEIRO)
21888,DISTRITO FEDERAL (INTEIRO)
21889,DISTRITO FEDERAL (INTEIRO)
21890,DISTRITO FEDERAL (INTEIRO)
21891,DISTRITO FEDERAL (INTEIRO)
21892,XII
21893,DISTRITO FEDERAL (INTEIRO)
21894,XXXIII
21895,DISTRITO FEDERAL (INTEIRO)
21896,XXVIII
21897,XXVII
21898,XVIII
21899,DISTRITO FEDERAL (INTEIRO)
21899,X
21900,XXIV
21901,VI
21902,DISTRITO FEDERAL (INTEIRO)
21903,DISTRITO FEDERAL (INTEIRO)
21904,XXIV
21905,VII
21906,XXIV
21907,DISTRITO FEDERAL (INTEIRO)
21908,DISTRITO FEDERAL (INTEIRO)
21909,DISTRITO FEDERAL (INTEIRO)
21910,DISTRITO FEDERAL (INTEIRO)
21911,DISTRITO FEDERAL (INTEIRO)
21912,XXVIII
21913,DISTRITO FEDERAL (INTEIRO)
21914,DISTRITO FEDERAL (INTEIRO)
21915,DISTRITO FEDERAL (INTEIRO)
21916,DISTRITO FEDERAL (INTEIRO)
21917,DISTRITO FEDERAL (INTEIRO)
21918,DISTRITO FEDERAL (INTEIRO)
21919,DISTRITO FEDERAL (INTEIRO)
21920,XII
21921,II
21922,XXX
21923,XXII
21924,VIII
21925,DISTRITO FEDERAL (INTEIRO)
21926,DISTRITO FEDERAL (INTEIRO)
21927,DISTRITO FEDERAL (INTEIRO)
21928,DISTRITO FEDERAL (INTEIRO)
21929,DISTRITO FEDERAL (INTEIRO)
21930,DISTRITO FEDERAL (INTEIRO)
21931,DISTRITO FEDERAL (INTEIRO)
21932,DISTRITO FEDERAL (INTEIRO)
21933,IX
21934,DISTRITO FEDERAL (INTEIRO)
21935,DISTRITO FEDERAL (INTEIRO)
21936,V
21937,DISTRITO FEDERAL (INTEIRO)
21938,DISTRITO FEDERAL (INTEIRO)
21939,DISTRITO FEDERAL (INTEIRO)
21940,DISTRITO FEDERAL (INTEIRO)
21941,DISTRITO FEDERAL (INTEIRO)
21942,DISTRITO FEDERAL (INTEIRO)
21943,DISTRITO FEDERAL (INTEIRO)
21944,DISTRITO FEDERAL (INTEIRO)
21945,DISTRITO FEDERAL (INTEIRO)
21946,XII
21947,XXI
21948,IX
21949,V
21950,XV
21951,IX
21952,DISTRITO FEDERAL (INTEIRO)
21953,DISTRITO FEDERAL (INTEIRO)
21954,DISTRITO FEDERAL (INTEIRO)
21955,DISTRITO FEDERAL (INTEIRO)
21956,DISTRITO FEDERAL (INTEIRO)
21957,DISTRITO FEDERAL (INTEIRO)
21958,DISTRITO FEDERAL (INTEIRO)
21959,DISTRITO FEDERAL (INTEIRO)
21960,DISTRITO FEDERAL (INTEIRO)
21961,VI
21962,DISTRITO FEDERAL (INTEIRO)
21963,DISTRITO FEDERAL (INTEIRO)
21964,DISTRITO FEDERAL (INTEIRO)
21965,XII
21966,III
21967,VI
21968,X
21969,VII
21970,DISTRITO FEDERAL (INTEIRO)
21971,DISTRITO FEDERAL (INTEIRO)
21972,DISTRITO FEDERAL (INTEIRO)
21973,XXXIV
21974,DISTRITO FEDERAL (INTEIRO)
21975,XXIV
21976,DISTRITO FEDERAL (INTEIRO)
21977,DISTRITO FEDERAL (INTEIRO)
21978,DISTRITO FEDERAL (INTEIRO)
21979,III
21980,DISTRITO FEDERAL (INTEIRO)
21981,DISTRITO FEDERAL (INTEIRO)
21982,DISTRITO FEDERAL (INTEIRO)
21983,DISTRITO FEDERAL (INTEIRO)
21984,DISTRITO FEDERAL (INTEIRO)
21985,DISTRITO FEDERAL (INTEIRO)
21986,DISTRITO FEDERAL (INTEIRO)
21987,DISTRITO FEDERAL (INTEIRO)
21988,I
21989,DISTRITO FEDERAL (INTEIRO)
21990,DISTRITO FEDERAL (INTEIRO)
21991,DISTRITO FEDERAL (INTEIRO)
21992,DISTRITO FEDERAL (INTEIRO)
21993,DISTRITO FEDERAL (INTEIRO)
21994,XII
21995,XIV
21996,XXI
21997,IV
21998,DISTRITO FEDERAL (INTEIRO)
21999,DISTRITO FEDERAL (INTEIRO)
22000,X
22001,DISTRITO FEDERAL (INTEIRO)
22002,DISTRITO FEDERAL (INTEIRO)
22003,DISTRITO FEDERAL (INTEIRO)
22004,DISTRITO FEDERAL (INTEIRO)
22005,DISTRITO FEDERAL (INTEIRO)
22006,DISTRITO FEDERAL (INTEIRO)
22007,I
22008,DISTRITO FEDERAL (INTEIRO)
22009,DISTRITO FEDERAL (INTEIRO)
22010,DISTRITO FEDERAL (INTEIRO)
22011,DISTRITO FEDERAL (INTEIRO)
22012,XIII
22013,XII
22014,XX
22015,XXXV
22016,XI
22017,IX
22018,XVII
22019,XVIII
22020,DISTRITO FEDERAL (INTEIRO)
22021,DISTRITO FEDERAL (INTEIRO)
22021,I
22021,X
22022,DISTRITO FEDERAL (INTEIRO)
22023,DISTRITO FEDERAL (INTEIRO)
22024,DISTRITO FEDERAL (INTEIRO)
22025,DISTRITO FEDERAL (INTEIRO)
22026,DISTRITO FEDERAL (INTEIRO)
22026,XVIII
22027,DISTRITO FEDERAL (INTEIRO)
22028,DISTRITO FEDERAL (INTEIRO)
22028,XVIII
22029,DISTRITO FEDERAL (INTEIRO)
22030,X
22031,DISTRITO FEDERAL (INTEIRO)
22031,XVIII
22032,DISTRITO FEDERAL (INTEIRO)
22033,DISTRITO FEDERAL (INTEIRO)
22033,XVIII
22034,DISTRITO FEDERAL (INTEIRO)
22034,XVIII
22035,DISTRITO FEDERAL (INTEIRO)
22036,DISTRITO FEDERAL (INTEIRO)
22037,DISTRITO FEDERAL (INTEIRO)
22038,DISTRITO FEDERAL (INTEIRO)
22039,DISTRITO FEDERAL (INTEIRO)
22040,X
22041,X
22042,X
22043,DISTRITO FEDERAL (INTEIRO)
22044,DISTRITO FEDERAL (INTEIRO)
22044,III
22045,XII
22046,XXXIV
22047,XXXIII
22048,DISTRITO FEDERAL (INTEIRO)
22048,III
22049,XXX
22050,XXXII
22051,DISTRITO FEDERAL (INTEIRO)
22051,III
22052,DISTRITO FEDERAL (INTEIRO)
22053,DISTRITO FEDERAL (INTEIRO)
22053,III
22054,DISTRITO FEDERAL (INTEIRO)
22054,III
22055,DISTRITO FEDERAL (INTEIRO)
22055,III
22056,DISTRITO FEDERAL (INTEIRO)
22057,V
22058,DISTRITO FEDERAL (INTEIRO)
22058,XXVI
22059,DISTRITO FEDERAL (INTEIRO)
22059,XXVI
22060,DISTRITO FEDERAL (INTEIRO)
22061,DISTRITO FEDERAL (INTEIRO)
22061,XXVI
22062,DISTRITO FEDERAL (INTEIRO)
22062,XXVI
22063,DISTRITO FEDERAL (INTEIRO)
22063,XXVI
22064,DISTRITO FEDERAL (INTEIRO)
22064,XXVI
22065,DISTRITO FEDERAL (INTEIRO)
22065,XXVI
22066,DISTRITO FEDERAL (INTEIRO)
22066,XXVI
22067,DISTRITO FEDERAL (INTEIRO)
22068,DISTRITO FEDERAL (INTEIRO)
22069,DISTRITO FEDERAL (INTEIRO)
22069,IX
22070,DISTRITO FEDERAL (INTEIRO)
22070,IX
22071,DISTRITO FEDERAL (INTEIRO)
22071,IX
22072,DISTRITO FEDERAL (INTEIRO)
22072,IX
22073,DISTRITO FEDERAL (INTEIRO)
22073,IX
22074,DISTRITO FEDERAL (INTEIRO)
22075,DISTRITO FEDERAL (INTEIRO)
22076,DISTRITO FEDERAL (INTEIRO)
22077,DISTRITO FEDERAL (INTEIRO)
22078,DISTRITO FEDERAL (INTEIRO)
22079,XII
22080,IX
22081,V
22082,VI
22083,DISTRITO FEDERAL (INTEIRO)
22084,XIV
22085,I
22086,I
22087,IX
22088,II
22089,VII
22090,VI
22091,DISTRITO FEDERAL (INTEIRO)
22091,XXIX
22092,DISTRITO FEDERAL (INTEIRO)
22092,XXIX
22093,DISTRITO FEDERAL (INTEIRO)
22093,XXIX
22094,DISTRITO FEDERAL (INTEIRO)
22094,XXIX
22095,DISTRITO FEDERAL (INTEIRO)
22096,DISTRITO FEDERAL (INTEIRO)
22097,DISTRITO FEDERAL (INTEIRO)
22098,DISTRITO FEDERAL (INTEIRO)
22098,X
22099,DISTRITO FEDERAL (INTEIRO)
22100,III
22101,IX
22102,DISTRITO FEDERAL (INTEIRO)
22103,VI
22104,DISTRITO FEDERAL (INTEIRO)
22105,DISTRITO FEDERAL (INTEIRO)
22106,X
22107,X
22108,X
22109,X
22110,XII
22111,XI
22112,XXI
22113,VII
22114,IV
22115,X
22116,X
22117,DISTRITO FEDERAL (INTEIRO)
22118,X
22119,X
22120,VII
22120,XXVIII
22121,DISTRITO FEDERAL (INTEIRO)
22122,DISTRITO FEDERAL (INTEIRO)
22123,XXV
22124,DISTRITO FEDERAL (INTEIRO)
22125,DISTRITO FEDERAL (INTEIRO)
22126,DISTRITO FEDERAL (INTEIRO)
22127,VI
22128,X
22129,DISTRITO FEDERAL (INTEIRO)
22130,DISTRITO FEDERAL (INTEIRO)
22131,DISTRITO FEDERAL (INTEIRO)
22132,DISTRITO FEDERAL (INTEIRO)
22133,DISTRITO FEDERAL (INTEIRO)
22134,DISTRITO FEDERAL (INTEIRO)
22135,DISTRITO FEDERAL (INTEIRO)
22136,DISTRITO FEDERAL (INTEIRO)
22137,DISTRITO FEDERAL (INTEIRO)
22138,DISTRITO FEDERAL (INTEIRO)
22139,DISTRITO FEDERAL (INTEIRO)
22140,DISTRITO FEDERAL (INTEIRO)
22141,DISTRITO FEDERAL (INTEIRO)
22142,DISTRITO FEDERAL (INTEIRO)
22143,DISTRITO FEDERAL (INTEIRO)
22144,DISTRITO FEDERAL (INTEIRO)
22145,DISTRITO FEDERAL (INTEIRO)
22146,DISTRITO FEDERAL (INTEIRO)
22147,XII
22148,III
22149,XV
22150,XXII
22151,XXV
22152,DISTRITO FEDERAL (INTEIRO)
22153,DISTRITO FEDERAL (INTEIRO)
22154,DISTRITO FEDERAL (INTEIRO)
22155,X
22156,DISTRITO FEDERAL (INTEIRO)
22157,DISTRITO FEDERAL (INTEIRO)
22158,I
22158,XXV
22159,DISTRITO FEDERAL (INTEIRO)
22160,DISTRITO FEDERAL (INTEIRO)
22161,DISTRITO FEDERAL (INTEIRO)
22162,DISTRITO FEDERAL (INTEIRO)
22163,IX
22164,III
22165,IX
22166,DISTRITO FEDERAL (INTEIRO)
22167,XXIV
22168,XXIV
22169,XXX
22170,DISTRITO FEDERAL (INTEIRO)
22171,DISTRITO FEDERAL (INTEIRO)
22172,DISTRITO FEDERAL (INTEIRO)
22173,IV
22174,IV
22175,IX
22176,XII
22177,XIX
22178,X
22179,XXXV
22180,XXVII
22181,DISTRITO FEDERAL (INTEIRO)
22182,IX
22183,DISTRITO FEDERAL (INTEIRO)
22184,DISTRITO FEDERAL (INTEIRO)
22185,DISTRITO FEDERAL (INTEIRO)
22186,DISTRITO FEDERAL (INTEIRO)
22187,III
22188,IX
22189,DISTRITO FEDERAL (INTEIRO)
22190,DISTRITO FEDERAL (INTEIRO)
22191,XIII
22192,XII
22193,DISTRITO FEDERAL (INTEIRO)
22194,DISTRITO FEDERAL (INTEIRO)
22195,DISTRITO FEDERAL (INTEIRO)
22196,DISTRITO FEDERAL (INTEIRO)
22197,XII
22198,DISTRITO FEDERAL (INTEIRO)
22199,XXVIII
22200,XIII
22201,XX
22202,II
22203,XII
22204,XII
22205,DISTRITO FEDERAL (INTEIRO)
22206,IX
22207,DISTRITO FEDERAL (INTEIRO)
22208,DISTRITO FEDERAL (INTEIRO)
22209,DISTRITO FEDERAL (INTEIRO)
22210,DISTRITO FEDERAL (INTEIRO)
22211,DISTRITO FEDERAL (INTEIRO)
22212,DISTRITO FEDERAL (INTEIRO)
22213,DISTRITO FEDERAL (INTEIRO)
22214,XII
22215,II
22216,III
22217,VI
22218,V
22219,DISTRITO FEDERAL (INTEIRO)
22220,XV
22221,DISTRITO FEDERAL (INTEIRO)
22222,XII
22223,XX
22224,XVIII
22225,XV
22226,I
22227,XII
22228,DISTRITO FEDERAL (INTEIRO)
22229,DISTRITO FEDERAL (INTEIRO)
22230,DISTRITO FEDERAL (INTEIRO)
22231,VI
22232,DISTRITO FEDERAL (INTEIRO)
22233,VI
22234,DISTRITO FEDERAL (INTEIRO)
22235,DISTRITO FEDERAL (INTEIRO)
22236,DISTRITO FEDERAL (INTEIRO)
22237,DISTRITO FEDERAL (INTEIRO)
22238,XII
22239,XIV
22240,DISTRITO FEDERAL (INTEIRO)
22241,IV
22242,VI
22243,XXXIV
22244,XXV
22245,DISTRITO FEDERAL (INTEIRO)
22246,DISTRITO FEDERAL (INTEIRO)
22247,VI
22248,VI
22249,DISTRITO FEDERAL (INTEIRO)
22250,VI
22251,VI
22252,III
22253,DISTRITO FEDERAL (INTEIRO)
22254,DISTRITO FEDERAL (INTEIRO)
22255,XXX
22256,III
22257,DISTRITO FEDERAL (INTEIRO)
22258,DISTRITO FEDERAL (INTEIRO)
22259,XXX
22260,DISTRITO FEDERAL (INTEIRO)
22261,DISTRITO FEDERAL (INTEIRO)
22262,DISTRITO FEDERAL (INTEIRO)
22263,XXX
22264,DISTRITO FEDERAL (INTEIRO)
22265,XXX
22266,III
22267,III
22268,XXX
22269,DISTRITO FEDERAL (INTEIRO)
22270,DISTRITO FEDERAL (INTEIRO)
22271,DISTRITO FEDERAL (INTEIRO)
22272,DISTRITO FEDERAL (INTEIRO)
22273,DISTRITO FEDERAL (INTEIRO)
22274,XII
22275,XI
22276,XXVI
22277,XIII
22278,IX
22279,DISTRITO FEDERAL (INTEIRO)
22280,DISTRITO FEDERAL (INTEIRO)
22281,DISTRITO FEDERAL (INTEIRO)
22282,I
22283,DISTRITO FEDERAL (INTEIRO)
22284,XXX
22285,DISTRITO FEDERAL (INTEIRO)
22286,XXX
22287,DISTRITO FEDERAL (INTEIRO)
22288,DISTRITO FEDERAL (INTEIRO)
22289,XIV
22290,DISTRITO FEDERAL (INTEIRO)
22291,DISTRITO FEDERAL (INTEIRO)
22292,DISTRITO FEDERAL (INTEIRO)
22293,DISTRITO FEDERAL (INTEIRO)
22294,XII
22295,XXXIII
22296,XIII
22297,XIX
22298,XXVIII
22299,DISTRITO FEDERAL (INTEIRO)
22300,X
22301,V
22302,XXVI
22303,DISTRITO FEDERAL (INTEIRO)
22304,DISTRITO FEDERAL (INTEIRO)
22305,DISTRITO FEDERAL (INTEIRO)
22306,DISTRITO FEDERAL (INTEIRO)
22307,DISTRITO FEDERAL (INTEIRO)
22308,DISTRITO FEDERAL (INTEIRO)
22309,DISTRITO FEDERAL (INTEIRO)
22310,DISTRITO FEDERAL (INTEIRO)
22311,DISTRITO FEDERAL (INTEIRO)
22312,DISTRITO FEDERAL (INTEIRO)
22313,DISTRITO FEDERAL (INTEIRO)
22314,DISTRITO FEDERAL (INTEIRO)
22315,DISTRITO FEDERAL (INTEIRO)
22316,DISTRITO FEDERAL (INTEIRO)
22317,DISTRITO FEDERAL (INTEIRO)
22318,DISTRITO FEDERAL (INTEIRO)
22319,DISTRITO FEDERAL (INTEIRO)
22320,DISTRITO FEDERAL (INTEIRO)
22321,DISTRITO FEDERAL (INTEIRO)
22322,DISTRITO FEDERAL (INTEIRO)
22323,DISTRITO FEDERAL (INTEIRO)
22324,XXIII
22325,XIV
22326,DISTRITO FEDERAL (INTEIRO)
22327,V
22328,DISTRITO FEDERAL (INTEIRO)
22329,XIV
22330,DISTRITO FEDERAL (INTEIRO)
22331,V
22332,DISTRITO FEDERAL (INTEIRO)
22333,DISTRITO FEDERAL (INTEIRO)
22334,DISTRITO FEDERAL (INTEIRO)
22335,DISTRITO FEDERAL (INTEIRO)
22336,DISTRITO FEDERAL (INTEIRO)
22337,IV
22338,DISTRITO FEDERAL (INTEIRO)
22339,XII
22340,III
22341,II
22342,XX
22343,XXXIV
22344,DISTRITO FEDERAL (INTEIRO)
22345,DISTRITO FEDERAL (INTEIRO)
22346,XIII
22347,III
22348,DISTRITO FEDERAL (INTEIRO)
22349,DISTRITO FEDERAL (INTEIRO)
22350,DISTRITO FEDERAL (INTEIRO)
22351,DISTRITO FEDERAL (INTEIRO)
22352,DISTRITO FEDERAL (INTEIRO)
22353,DISTRITO FEDERAL (INTEIRO)
22354,DISTRITO FEDERAL (INTEIRO)
22355,DISTRITO FEDERAL (INTEIRO)
22356,DISTRITO FEDERAL (INTEIRO)
22356,XIII
22357,DISTRITO FEDERAL (INTEIRO)
22358,DISTRITO FEDERAL (INTEIRO)
22358,XIII
22359,DISTRITO FEDERAL (INTEIRO)
22359,II
22359,XIII
22360,DISTRITO FEDERAL (INTEIRO)
22360,XIII
22361,DISTRITO FEDERAL (INTEIRO)
22361,XIII
22362,DISTRITO FEDERAL (INTEIRO)
22362,XIII
22363,XII
22364,V
22365,VII
22366,XIII
22367,I
22368,DISTRITO FEDERAL (INTEIRO)
22369,XII
22370,DISTRITO FEDERAL (INTEIRO)
22371,XII
22372,XII
22373,DISTRITO FEDERAL (INTEIRO)
22374,DISTRITO FEDERAL (INTEIRO)
22375,DISTRITO FEDERAL (INTEIRO)
22376,XII
22377,XII
22378,XII
22379,XII
22380,XII
22381,XII
22382,XII
22383,XII
22384,XII
22385,XII
22386,XII
22387,DISTRITO FEDERAL (INTEIRO)
22388,XIX
22389,XXI
22390,DISTRITO FEDERAL (INTEIRO)
22391,DISTRITO FEDERAL (INTEIRO)
22392,V
22393,VII
22394,DISTRITO FEDERAL (INTEIRO)
22394,IX
22394,XXXII
22395,DISTRITO FEDERAL (INTEIRO)
22396,VII
22397,XII
22398,XXVI
22399,V
22400,X
22401,XXX
22402,DISTRITO FEDERAL (INTEIRO)
22403,XV
22404,XXI
22405,DISTRITO FEDERAL (INTEIRO)
22406,DISTRITO FEDERAL (INTEIRO)
22407,DISTRITO FEDERAL (INTEIRO)
22408,XXIV
22409,DISTRITO FEDERAL (INTEIRO)
22410,DISTRITO FEDERAL (INTEIRO)
22411,DISTRITO FEDERAL (INTEIRO)
22412,DISTRITO FEDERAL (INTEIRO)
22413,DISTRITO FEDERAL (INTEIRO)
22414,DISTRITO FEDERAL (INTEIRO)
22415,DISTRITO FEDERAL (INTEIRO)
22416,DISTRITO FEDERAL (INTEIRO)
22417,DISTRITO FEDERAL (INTEIRO)
22418,DISTRITO FEDERAL (INTEIRO)
22419,DISTRITO FEDERAL (INTEIRO)
22420,III
22421,XV
22422,DISTRITO FEDERAL (INTEIRO)
22423,XIV
22424,DISTRITO FEDERAL (INTEIRO)
22425,DISTRITO FEDERAL (INTEIRO)
22426,DISTRITO FEDERAL (INTEIRO)
22427,DISTRITO FEDERAL (INTEIRO)
22428,DISTRITO FEDERAL (INTEIRO)
22429,DISTRITO FEDERAL (INTEIRO)
22430,DISTRITO FEDERAL (INTEIRO)
22431,IX
22432,DISTRITO FEDERAL (INTEIRO)
22433,DISTRITO FEDERAL (INTEIRO)
22434,DISTRITO FEDERAL (INTEIRO)
22435,X
22436,DISTRITO FEDERAL (INTEIRO)
22437,DISTRITO FEDERAL (INTEIRO)
22438,DISTRITO FEDERAL (INTEIRO)
22439,DISTRITO FEDERAL (INTEIRO)
22440,DISTRITO FEDERAL (INTEIRO)
22441,DISTRITO FEDERAL (INTEIRO)
22442,DISTRITO FEDERAL (INTEIRO)
22443,DISTRITO FEDERAL (INTEIRO)
22444,XII
22445,XIX
22446,IX
22447,XVII
22448,I
22449,IV
22450,XXXIV
22451,DISTRITO FEDERAL (INTEIRO)
22452,DISTRITO FEDERAL (INTEIRO)
22453,DISTRITO FEDERAL (INTEIRO)
22454,DISTRITO FEDERAL (INTEIRO)
22455,V
22456,XII
22457,III
22458,II
22459,DISTRITO FEDERAL (INTEIRO)
22460,X
22461,V
22461,XXVI
22462,V
22463,IV
22464,IV
22465,DISTRITO FEDERAL (INTEIRO)
22466,DISTRITO FEDERAL (INTEIRO)
22467,VII
22468,DISTRITO FEDERAL (INTEIRO)
22469,DISTRITO FEDERAL (INTEIRO)
22470,DISTRITO FEDERAL (INTEIRO)
22471,DISTRITO FEDERAL (INTEIRO)
22472,DISTRITO FEDERAL (INTEIRO)
22473,DISTRITO FEDERAL (INTEIRO)
22474,DISTRITO FEDERAL (INTEIRO)
22475,V
22476,DISTRITO FEDERAL (INTEIRO)
22477,DISTRITO FEDERAL (INTEIRO)
22477,II
22477,XV
22478,DISTRITO FEDERAL (INTEIRO)
22479,DISTRITO FEDERAL (INTEIRO)
22479,XIV
22480,DISTRITO FEDERAL (INTEIRO)
22480,XIV
22481,DISTRITO FEDERAL (INTEIRO)
22482,DISTRITO FEDERAL (INTEIRO)
22482,XIV
22483,DISTRITO FEDERAL (INTEIRO)
22483,XIV
22484,DISTRITO FEDERAL (INTEIRO)
22485,XIX
22486,XII
22487,XX
22488,XIX
22489,XIX
22490,II
22491,XXXIII
22492,II
22493,V
22494,V
22495,XI
22496,V
22497,V
22498,IX
22499,XXXII
22500,IX
22501,DISTRITO FEDERAL (INTEIRO)
22502,DISTRITO FEDERAL (INTEIRO)
22503,XXXII
22504,DISTRITO FEDERAL (INTEIRO)
22505,XXX
22506,DISTRITO FEDERAL (INTEIRO)
22507,DISTRITO FEDERAL (INTEIRO)
22508,X
22509,X
22510,IX
22511,XII
22512,XV
22513,XVIII
22514,VI
22515,DISTRITO FEDERAL (INTEIRO)
22516,VII
22517,DISTRITO FEDERAL (INTEIRO)
22518,DISTRITO FEDERAL (INTEIRO)
22519,DISTRITO FEDERAL (INTEIRO)
22520,DISTRITO FEDERAL (INTEIRO)
22521,II
22522,V
22523,DISTRITO FEDERAL (INTEIRO)
22524,DISTRITO FEDERAL (INTEIRO)
22525,DISTRITO FEDERAL (INTEIRO)
22526,DISTRITO FEDERAL (INTEIRO)
22527,DISTRITO FEDERAL (INTEIRO)
22528,DISTRITO FEDERAL (INTEIRO)
22529,DISTRITO FEDERAL (INTEIRO)
22530,DISTRITO FEDERAL (INTEIRO)
22531,DISTRITO FEDERAL (INTEIRO)
22532,DISTRITO FEDERAL (INTEIRO)
22533,V
22534,DISTRITO FEDERAL (INTEIRO)
22535,XXIII
22536,III
22537,XII
22538,X
22539,II
22540,III
22541,XXII
22542,XII
22543,XIII
22544,DISTRITO FEDERAL (INTEIRO)
22545,III
22546,DISTRITO FEDERAL (INTEIRO)
22547,DISTRITO FEDERAL (INTEIRO)
22548,DISTRITO FEDERAL (INTEIRO)
22549,XII
22550,V
22551,XXXIV
22552,XX
22553,XIV
22554,DISTRITO FEDERAL (INTEIRO)
22555,XII
22556,DISTRITO FEDERAL (INTEIRO)
22557,DISTRITO FEDERAL (INTEIRO)
22558,DISTRITO FEDERAL (INTEIRO)
22559,DISTRITO FEDERAL (INTEIRO)
22560,DISTRITO FEDERAL (INTEIRO)
22561,DISTRITO FEDERAL (INTEIRO)
22562,DISTRITO FEDERAL (INTEIRO)
22563,IX
22564,DISTRITO FEDERAL (INTEIRO)
22565,DISTRITO FEDERAL (INTEIRO)
22566,I
22567,XII
22568,VI
22569,XI
22570,XXI
22571,XXXII
22572,XII
22573,DISTRITO FEDERAL (INTEIRO)
22574,DISTRITO FEDERAL (INTEIRO)
22575,V
22576,V
22577,V
22578,V
22579,DISTRITO FEDERAL (INTEIRO)
22579,OUTROS ESTADOS
22580,DISTRITO FEDERAL (INTEIRO)
22581,DISTRITO FEDERAL (INTEIRO)
22582,DISTRITO FEDERAL (INTEIRO)
22583,DISTRITO FEDERAL (INTEIRO)
22584,VI
22585,XV
22586,VI
22587,XVII
22588,DISTRITO FEDERAL (INTEIRO)
22589,OUTROS ESTADOS
22590,DISTRITO FEDERAL (INTEIRO)
22591,XII
22592,XXX
22593,XVIII
22594,I
22595,IV
22596,DISTRITO FEDERAL (INTEIRO)
22597,IV
22598,XXXII
22599,V
22600,III
22601,IX
22602,DISTRITO FEDERAL (INTEIRO)
22603,DISTRITO FEDERAL (INTEIRO)
22604,XII
22605,XII
22606,XII
22607,DISTRITO FEDERAL (INTEIRO)
22608,DISTRITO FEDERAL (INTEIRO)
22609,DISTRITO FEDERAL (INTEIRO)
22610,DISTRITO FEDERAL (INTEIRO)
22611,XXXV
22612,XXXV
22613,XXXV
22614,XXXV
22615,XXXV
22616,XXXV
22617,XXXV
22618,XXXV
22619,XXXV
22620,II
22621,DISTRITO FEDERAL (INTEIRO)
22622,II
22623,II
22624,II
22625,II
22626,I
22627,XII
22628,II
22629,IX
22630,III
22631,II
22632,IV
22633,II
22634,II
22635,II
22636,II
22637,II
22638,II
22639,II
22640,II
22641,DISTRITO FEDERAL (INTEIRO)
22642,DISTRITO FEDERAL (INTEIRO)
22643,DISTRITO FEDERAL (INTEIRO)
22644,DISTRITO FEDERAL (INTEIRO)
22645,DISTRITO FEDERAL (INTEIRO)
22646,IX
22647,DISTRITO FEDERAL (INTEIRO)
22648,DISTRITO FEDERAL (INTEIRO)
22649,XXI
22650,DISTRITO FEDERAL (INTEIRO)
22650,XVII
22651,DISTRITO FEDERAL (INTEIRO)
22652,DISTRITO FEDERAL (INTEIRO)
22653,DISTRITO FEDERAL (INTEIRO)
22654,XII
22655,VI
22656,V
22657,XIII
22658,XVIII
22659,DISTRITO FEDERAL (INTEIRO)
22660,DISTRITO FEDERAL (INTEIRO)
22661,DISTRITO FEDERAL (INTEIRO)
22662,III
22663,DISTRITO FEDERAL (INTEIRO)
22664,DISTRITO FEDERAL (INTEIRO)
22665,DISTRITO FEDERAL (INTEIRO)
22666,V
22667,DISTRITO FEDERAL (INTEIRO)
22668,V
22669,DISTRITO FEDERAL (INTEIRO)
22670,IV
22671,DISTRITO FEDERAL (INTEIRO)
22672,I
22673,I
22674,DISTRITO FEDERAL (INTEIRO)
22675,DISTRITO FEDERAL (INTEIRO)
22676,IX
22677,DISTRITO FEDERAL (INTEIRO)
22678,DISTRITO FEDERAL (INTEIRO)
22679,DISTRITO FEDERAL (INTEIRO)
22680,DISTRITO FEDERAL (INTEIRO)
22681,DISTRITO FEDERAL (INTEIRO)
22682,DISTRITO FEDERAL (INTEIRO)
22683,DISTRITO FEDERAL (INTEIRO)
22684,DISTRITO FEDERAL (INTEIRO)
22685,DISTRITO FEDERAL (INTEIRO)
22686,DISTRITO FEDERAL (INTEIRO)
22686,X
22687,DISTRITO FEDERAL (INTEIRO)
22688,XII
22689,DISTRITO FEDERAL (INTEIRO)
22690,XII
22691,DISTRITO FEDERAL (INTEIRO)
22692,XX
22693,XV
22694,I
22695,XXVI
22696,XXXII
22697,XXVI
22698,XXVI
22699,DISTRITO FEDERAL (INTEIRO)
22700,DISTRITO FEDERAL (INTEIRO)
22701,DISTRITO FEDERAL (INTEIRO)
22702,DISTRITO FEDERAL (INTEIRO)
22703,DISTRITO FEDERAL (INTEIRO)
22704,DISTRITO FEDERAL (INTEIRO)
22705,VII
22706,DISTRITO FEDERAL (INTEIRO)
22707,VI
22708,VI
22709,DISTRITO FEDERAL (INTEIRO)
22710,DISTRITO FEDERAL (INTEIRO)
22711,DISTRITO FEDERAL (INTEIRO)
22712,DISTRITO FEDERAL (INTEIRO)
22713,DISTRITO FEDERAL (INTEIRO)
22714,X
22715,DISTRITO FEDERAL (INTEIRO)
22716,DISTRITO FEDERAL (INTEIRO)
22717,DISTRITO FEDERAL (INTEIRO)
22718,VII
22719,DISTRITO FEDERAL (INTEIRO)
22720,IX
22721,IX
22722,DISTRITO FEDERAL (INTEIRO)
22722,III
22723,DISTRITO FEDERAL (INTEIRO)
22724,XII
22725,I
22726,XI
22727,XXVII
22728,DISTRITO FEDERAL (INTEIRO)
22729,III
22730,DISTRITO FEDERAL (INTEIRO)
22731,DISTRITO FEDERAL (INTEIRO)
22732,DISTRITO FEDERAL (INTEIRO)
22733,DISTRITO FEDERAL (INTEIRO)
22734,DISTRITO FEDERAL (INTEIRO)
22735,DISTRITO FEDERAL (INTEIRO)
22736,DISTRITO FEDERAL (INTEIRO)
22737,DISTRITO FEDERAL (INTEIRO)
22738,XII
22739,III
22740,II
22741,XXI
22742,VI
22743,DISTRITO FEDERAL (INTEIRO)
22744,I
22745,DISTRITO FEDERAL (INTEIRO)
22746,DISTRITO FEDERAL (INTEIRO)
22747,X
22748,DISTRITO FEDERAL (INTEIRO)
22749,DISTRITO FEDERAL (INTEIRO)
22750,DISTRITO FEDERAL (INTEIRO)
22751,DISTRITO FEDERAL (INTEIRO)
22752,VII
22753,VI
22754,XII
22755,IX
22756,IV
22757,V
22758,XIII
22759,DISTRITO FEDERAL (INTEIRO)
22760,DISTRITO FEDERAL (INTEIRO)
22761,IV
22762,V
22763,V
22764,V
22765,V
22766,IV
22767,DISTRITO FEDERAL (INTEIRO)
22768,DISTRITO FEDERAL (INTEIRO)
22769,DISTRITO FEDERAL (INTEIRO)
22770,XXIII
22771,DISTRITO FEDERAL (INTEIRO)
22772,DISTRITO FEDERAL (INTEIRO)
22773,DISTRITO FEDERAL (INTEIRO)
22774,XXIX
22775,DISTRITO FEDERAL (INTEIRO)
22776,DISTRITO FEDERAL (INTEIRO)
22777,V
22778,V
22779,V
22780,V
22781,II
22782,XIII
22783,XIII
22784,DISTRITO FEDERAL (INTEIRO)
22785,XII
22786,DISTRITO FEDERAL (INTEIRO)
22787,XX
22788,I
22789,XV
22790,DISTRITO FEDERAL (INTEIRO)
22791,VII
22792,DISTRITO FEDERAL (INTEIRO)
22793,DISTRITO FEDERAL (INTEIRO)
22794,DISTRITO FEDERAL (INTEIRO)
22795,DISTRITO FEDERAL (INTEIRO)
22796,XXV
22797,XXV
22798,XXV
22799,XXV
22800,XXV
22801,XXV
22802,XXV
22803,XXV
22804,XXV
22805,XXV
22806,VI
22807,DISTRITO FEDERAL (INTEIRO)
22808,DISTRITO FEDERAL (INTEIRO)
22809,DISTRITO FEDERAL (INTEIRO)
22810,DISTRITO FEDERAL (INTEIRO)
22811,DISTRITO FEDERAL (INTEIRO)
22812,DISTRITO FEDERAL (INTEIRO)
22813,DISTRITO FEDERAL (INTEIRO)
22814,DISTRITO FEDERAL (INTEIRO)
22815,VII
22816,VII
22817,XXVIII
22818,XXVIII
22819,DISTRITO FEDERAL (INTEIRO)
22820,DISTRITO FEDERAL (INTEIRO)
22821,XII
22822,XXXIII
22823,XXIII
22824,XXXII
22825,XXVIII
22826,XXXIV
22827,V
22828,XXXIV
22829,XXXIV
22830,DISTRITO FEDERAL (INTEIRO)
22831,DISTRITO FEDERAL (INTEIRO)
22832,XII
22833,DISTRITO FEDERAL (INTEIRO)
22833,XVIII
22834,DISTRITO FEDERAL (INTEIRO)
22835,DISTRITO FEDERAL (INTEIRO)
22836,DISTRITO FEDERAL (INTEIRO)
22837,DISTRITO FEDERAL (INTEIRO)
22838,DISTRITO FEDERAL (INTEIRO)
22839,DISTRITO FEDERAL (INTEIRO)
22840,IX
22841,XIV
22842,DISTRITO FEDERAL (INTEIRO)
22843,DISTRITO FEDERAL (INTEIRO)
22844,DISTRITO FEDERAL (INTEIRO)
22845,XII
22846,XXXIV
22847,XIV
22848,XXI
22849,X
22850,DISTRITO FEDERAL (INTEIRO)
22851,DISTRITO FEDERAL (INTEIRO)
22852,DISTRITO FEDERAL (INTEIRO)
22853,DISTRITO FEDERAL (INTEIRO)
22854,DISTRITO FEDERAL (INTEIRO)
22855,DISTRITO FEDERAL (INTEIRO)
22856,XII
22857,III
22858,DISTRITO FEDERAL (INTEIRO)
22859,DISTRITO FEDERAL (INTEIRO)
22860,III
22861,XIV
22862,DISTRITO FEDERAL (INTEIRO)
22863,DISTRITO FEDERAL (INTEIRO)
22864,XIV
22865,XIV
22866,DISTRITO FEDERAL (INTEIRO)
22867,DISTRITO FEDERAL (INTEIRO)
22868,DISTRITO FEDERAL (INTEIRO)
22869,DISTRITO FEDERAL (INTEIRO)
22870,DISTRITO FEDERAL (INTEIRO)
22871,XII
22872,III
22873,IX
22874,II
22875,VI
22876,DISTRITO FEDERAL (INTEIRO)
22877,DISTRITO FEDERAL (INTEIRO)
22878,DISTRITO FEDERAL (INTEIRO)
22879,DISTRITO FEDERAL (INTEIRO)
22880,DISTRITO FEDERAL (INTEIRO)
22881,DISTRITO FEDERAL (INTEIRO)
22882,DISTRITO FEDERAL (INTEIRO)
22883,DISTRITO FEDERAL (INTEIRO)
22884,IV
22885,DISTRITO FEDERAL (INTEIRO)
22886,DISTRITO FEDERAL (INTEIRO)
22887,XII
22888,XX
22889,V
22890,III
22891,XXI
22892,XIII
22893,I
22894,III
22895,III
22896,III
22897,DISTRITO FEDERAL (INTEIRO)
22898,IX
22899,IX
22900,IX
22901,IX
22902,DISTRITO FEDERAL (INTEIRO)
22903,III
22904,XX
22905,XX
22906,DISTRITO FEDERAL (INTEIRO)
22907,XX
22908,XX
22909,XX
22910,DISTRITO FEDERAL (INTEIRO)
22911,XII
22912,VI
22913,XIV
22914,VI
22915,VII
22916,IV
22917,XXXIV
22918,X
22919,DISTRITO FEDERAL (INTEIRO)
22920,DISTRITO FEDERAL (INTEIRO)
22921,DISTRITO FEDERAL (INTEIRO)
22922,DISTRITO FEDERAL (INTEIRO)
22923,DISTRITO FEDERAL (INTEIRO)
22924,DISTRITO FEDERAL (INTEIRO)
22925,VI
22926,DISTRITO FEDERAL (INTEIRO)
22927,DISTRITO FEDERAL (INTEIRO)
22928,DISTRITO FEDERAL (INTEIRO)
22929,DISTRITO FEDERAL (INTEIRO)
22930,XXIX
22931,DISTRITO FEDERAL (INTEIRO)
22932,XXIX
22933,DISTRITO FEDERAL (INTEIRO)
22934,XXIX
22935,DISTRITO FEDERAL (INTEIRO)
22936,DISTRITO FEDERAL (INTEIRO)
22937,DISTRITO FEDERAL (INTEIRO)
22938,DISTRITO FEDERAL (INTEIRO)
22939,XII
22940,XXI
22941,XV
22942,XXXII
22943,XXV
22944,XXXI
22945,XXXV
22946,XXXV
22947,XXXV
22948,III
22949,XXXV
22950,DISTRITO FEDERAL (INTEIRO)
22951,XXXV
22952,XXXV
22953,XXXV
22954,XXXV
22955,XXXV
22956,XXXV
22957,DISTRITO FEDERAL (INTEIRO)
22958,DISTRITO FEDERAL (INTEIRO)
22959,DISTRITO FEDERAL (INTEIRO)
22960,DISTRITO FEDERAL (INTEIRO)
22961,DISTRITO FEDERAL (INTEIRO)
22962,DISTRITO FEDERAL (INTEIRO)
22963,DISTRITO FEDERAL (INTEIRO)
22964,DISTRITO FEDERAL (INTEIRO)
22965,III
22965,IV
22966,X
22967,DISTRITO FEDERAL (INTEIRO)
22968,DISTRITO FEDERAL (INTEIRO)
22969,DISTRITO FEDERAL (INTEIRO)
22970,DISTRITO FEDERAL (INTEIRO)
22971,V
22972,DISTRITO FEDERAL (INTEIRO)
22973,XII
22974,III
22975,XXIII
22976,X
22977,XXVIII
22978,DISTRITO FEDERAL (INTEIRO)
22979,DISTRITO FEDERAL (INTEIRO)
22980,DISTRITO FEDERAL (INTEIRO)
22981,DISTRITO FEDERAL (INTEIRO)
22982,DISTRITO FEDERAL (INTEIRO)
22983,DISTRITO FEDERAL (INTEIRO)
22984,X
22985,DISTRITO FEDERAL (INTEIRO)
22986,DISTRITO FEDERAL (INTEIRO)
22987,DISTRITO FEDERAL (INTEIRO)
22988,DISTRITO FEDERAL (INTEIRO)
22989,DISTRITO FEDERAL (INTEIRO)
22990,DISTRITO FEDERAL (INTEIRO)
22991,DISTRITO FEDERAL (INTEIRO)
22992,DISTRITO FEDERAL (INTEIRO)
22993,XII
22994,IX
22995,XV
22996,II
22997,VI
22998,I
22999,DISTRITO FEDERAL (INTEIRO)
23000,DISTRITO FEDERAL (INTEIRO)
23000,X
23001,DISTRITO FEDERAL (INTEIRO)
23002,DISTRITO FEDERAL (INTEIRO)
23003,DISTRITO FEDERAL (INTEIRO)
23004,XXX
23005,I
23006,I
23007,III
23008,X
23009,X
23010,DISTRITO FEDERAL (INTEIRO)
23011,XII
23012,III
23013,X
23014,V
23015,DISTRITO FEDERAL (INTEIRO)
23016,XIII
23017,DISTRITO FEDERAL (INTEIRO)
23017,OUTROS ESTADOS
23018,DISTRITO FEDERAL (INTEIRO)
23019,DISTRITO FEDERAL (INTEIRO)
23020,DISTRITO FEDERAL (INTEIRO)
23021,DISTRITO FEDERAL (INTEIRO)
23022,DISTRITO FEDERAL (INTEIRO)
23023,DISTRITO FEDERAL (INTEIRO)
23024,DISTRITO FEDERAL (INTEIRO)
23025,IX
23026,DISTRITO FEDERAL (INTEIRO)
23027,IX
23028,DISTRITO FEDERAL (INTEIRO)
23029,DISTRITO FEDERAL (INTEIRO)
23030,DISTRITO FEDERAL (INTEIRO)
23031,DISTRITO FEDERAL (INTEIRO)
23032,DISTRITO FEDERAL (INTEIRO)
23033,DISTRITO FEDERAL (INTEIRO)
23034,DISTRITO FEDERAL (INTEIRO)
23034,OUTROS ESTADOS
23035,DISTRITO FEDERAL (INTEIRO)
23035,OUTROS ESTADOS
23036,XII
23037,XXXIV
23038,VII
23039,XIV
23040,DISTRITO FEDERAL (INTEIRO)
23041,VIII
23042,DISTRITO FEDERAL (INTEIRO)
23043,DISTRITO FEDERAL (INTEIRO)
23044,DISTRITO FEDERAL (INTEIRO)
23045,DISTRITO FEDERAL (INTEIRO)
23046,DISTRITO FEDERAL (INTEIRO)
23047,DISTRITO FEDERAL (INTEIRO)
23048,XIV
23049,DISTRITO FEDERAL (INTEIRO)
23050,DISTRITO FEDERAL (INTEIRO)
23051,DISTRITO FEDERAL (INTEIRO)
23052,XIV
23053,DISTRITO FEDERAL (INTEIRO)
23054,DISTRITO FEDERAL (INTEIRO)
23055,DISTRITO FEDERAL (INTEIRO)
23056,II
23057,XII
23058,XX
23059,IV
23060,XXVIII
23061,XXV
23062,DISTRITO FEDERAL (INTEIRO)
23063,X
23064,X
23065,X
23066,DISTRITO FEDERAL (INTEIRO)
23066,OUTROS ESTADOS
23067,DISTRITO FEDERAL (INTEIRO)
23068,DISTRITO FEDERAL (INTEIRO)
23069,DISTRITO FEDERAL (INTEIRO)
23070,DISTRITO FEDERAL (INTEIRO)
23071,DISTRITO FEDERAL (INTEIRO)
23072,DISTRITO FEDERAL (INTEIRO)
23073,DISTRITO FEDERAL (INTEIRO)
23074,DISTRITO FEDERAL (INTEIRO)
23075,DISTRITO FEDERAL (INTEIRO)
23076,DISTRITO FEDERAL (INTEIRO)
23077,DISTRITO FEDERAL (INTEIRO)
23078,DISTRITO FEDERAL (INTEIRO)
23079,I
23080,DISTRITO FEDERAL (INTEIRO)
23081,XXXIV
23082,IX
23083,XII
23084,XXXV
23085,XXVI
23086,XVI
23087,IX
23088,XV
23089,VI
23090,XIII
23091,XXV
23092,XVII
23093,XXI
23094,XXVIII
23095,V
23096,XXVI
23097,IV
23098,II
23099,IV
23100,IV
23101,IV
23102,IV
23103,IV
23104,IV
23105,IV
23106,DISTRITO FEDERAL (INTEIRO)
23107,IV
23108,DISTRITO FEDERAL (INTEIRO)
23109,II
23110,IV
23111,V
23111,XXVI
23112,DISTRITO FEDERAL (INTEIRO)
23113,DISTRITO FEDERAL (INTEIRO)
23114,DISTRITO FEDERAL (INTEIRO)
23115,DISTRITO FEDERAL (INTEIRO)
23116,DISTRITO FEDERAL (INTEIRO)
23117,DISTRITO FEDERAL (INTEIRO)
23118,DISTRITO FEDERAL (INTEIRO)
23119,DISTRITO FEDERAL (INTEIRO)
23120,IV
23121,IV
23122,IV
23123,IV
23124,DISTRITO FEDERAL (INTEIRO)
23125,XIV
23126,DISTRITO FEDERAL (INTEIRO)
23126,VII
23127,XII
23128,II
23129,XV
23130,III
23131,XIV
23132,DISTRITO FEDERAL (INTEIRO)
23133,DISTRITO FEDERAL (INTEIRO)
23134,DISTRITO FEDERAL (INTEIRO)
23134,ENTORNO
23134,I
23134,II
23134,III
23134,IV
23134,IX
23134,OUTROS ESTADOS
23134,V
23134,VI
23134,VII
23134,VIII
23134,X
23134,XI
23134,XII
23134,XIII
23134,XIV
23134,XIX
23134,XV
23134,XVI
23134,XVII
23134,XVIII
23134,XX
23134,XXI
23134,XXII
23134,XXIII
23134,XXIV
23134,XXIX
23134,XXV
23134,XXVI
23134,XXVII
23134,XXVIII
23134,XXX
23134,XXXI
23134,XXXII
23134,XXXIII
23134,XXXIV
23134,XXXV
23135,DISTRITO FEDERAL (INTEIRO)
23135,ENTORNO
23135,I
23135,II
23135,III
23135,IV
23135,IX
23135,OUTROS ESTADOS
23135,V
23135,VI
23135,VII
23135,VIII
23135,X
23135,XI
23135,XII
23135,XIII
23135,XIV
23135,XIX
23135,XV
23135,XVI
23135,XVII
23135,XVIII
23135,XX
23135,XXI
23135,XXII
23135,XXIII
23135,XXIV
23135,XXIX
23135,XXV
23135,XXVI
23135,XXVII
23135,XXVIII
23135,XXX
23135,XXXI
23135,XXXII
23135,XXXIII
23135,XXXIV
23135,XXXV
23136,DISTRITO FEDERAL (INTEIRO)
23136,XIV
23137,DISTRITO FEDERAL (INTEIRO)
23137,XIV
23138,XII
23139,IV
23140,IX
23141,VII
23142,XXVIII
23143,XII
23144,DISTRITO FEDERAL (INTEIRO)
23144,XIV
23145,DISTRITO FEDERAL (INTEIRO)
23146,DISTRITO FEDERAL (INTEIRO)
23147,IX
23148,XIV
23149,DISTRITO FEDERAL (INTEIRO)
23150,DISTRITO FEDERAL (INTEIRO)
23151,DISTRITO FEDERAL (INTEIRO)
23152,DISTRITO FEDERAL (INTEIRO)
23153,DISTRITO FEDERAL (INTEIRO)
23154,DISTRITO FEDERAL (INTEIRO)
23155,X
23156,X
23157,XII
23158,XII
23159,X
23160,X
23161,VI
23162,III
23163,XII
23164,X
23165,V
23166,XIII
23167,XXI
23168,XXII
23169,DISTRITO FEDERAL (INTEIRO)
23170,V
23171,DISTRITO FEDERAL (INTEIRO)
23172,VII
23173,DISTRITO FEDERAL (INTEIRO)
23174,DISTRITO FEDERAL (INTEIRO)
23175,DISTRITO FEDERAL (INTEIRO)
23176,DISTRITO FEDERAL (INTEIRO)
23177,DISTRITO FEDERAL (INTEIRO)
23178,DISTRITO FEDERAL (INTEIRO)
23179,DISTRITO FEDERAL (INTEIRO)
23180,DISTRITO FEDERAL (INTEIRO)
23181,V
23182,VII
23183,DISTRITO FEDERAL (INTEIRO)
23184,XXXII
23185,XXXII
23186,XII
23187,XX
23188,VI
23189,X
23190,XIII
23191,XXXIII
23192,DISTRITO FEDERAL (INTEIRO)
23193,DISTRITO FEDERAL (INTEIRO)
23194,DISTRITO FEDERAL (INTEIRO)
23195,DISTRITO FEDERAL (INTEIRO)
23196,DISTRITO FEDERAL (INTEIRO)
23197,DISTRITO FEDERAL (INTEIRO)
23198,DISTRITO FEDERAL (INTEIRO)
23199,DISTRITO FEDERAL (INTEIRO)
23200,DISTRITO FEDERAL (INTEIRO)
23200,I
23201,DISTRITO FEDERAL (INTEIRO)
23202,DISTRITO FEDERAL (INTEIRO)
23203,DISTRITO FEDERAL (INTEIRO)
23204,DISTRITO FEDERAL (INTEIRO)
23205,DISTRITO FEDERAL (INTEIRO)
23205,IX
23206,DISTRITO FEDERAL (INTEIRO)
23207,DISTRITO FEDERAL (INTEIRO)
23208,XIV
23209,DISTRITO FEDERAL (INTEIRO)
23210,DISTRITO FEDERAL (INTEIRO)
23211,II
23212,I
23213,DISTRITO FEDERAL (INTEIRO)
23214,XII
23215,XXXV
23216,XVIII
23217,XI
23218,III
23219,XII
23220,DISTRITO FEDERAL (INTEIRO)
23221,I
23222,DISTRITO FEDERAL (INTEIRO)
23223,DISTRITO FEDERAL (INTEIRO)
23224,DISTRITO FEDERAL (INTEIRO)
23225,DISTRITO FEDERAL (INTEIRO)
23226,DISTRITO FEDERAL (INTEIRO)
23227,DISTRITO FEDERAL (INTEIRO)
23228,XII
23229,II
23230,XXI
23231,XXVIII
23232,XXII
23233,VI
23234,VI
23235,VI
23236,DISTRITO FEDERAL (INTEIRO)
23237,DISTRITO FEDERAL (INTEIRO)
23238,DISTRITO FEDERAL (INTEIRO)
23239,DISTRITO FEDERAL (INTEIRO)
23240,VII
23241,VII
23242,VII
23243,VII
23244,DISTRITO FEDERAL (INTEIRO)
23245,XII
23246,DISTRITO FEDERAL (INTEIRO)
23247,III
23248,IX
23249,IV
23250,XIII
23251,XXXII
23252,DISTRITO FEDERAL (INTEIRO)
23253,III
23254,X
23255,XX
23256,DISTRITO FEDERAL (INTEIRO)
23257,DISTRITO FEDERAL (INTEIRO)
23258,DISTRITO FEDERAL (INTEIRO)
23259,DISTRITO FEDERAL (INTEIRO)
23260,DISTRITO FEDERAL (INTEIRO)
23261,DISTRITO FEDERAL (INTEIRO)
23262,DISTRITO FEDERAL (INTEIRO)
23263,DISTRITO FEDERAL (INTEIRO)
23264,DISTRITO FEDERAL (INTEIRO)
23265,I
23266,DISTRITO FEDERAL (INTEIRO)
23267,DISTRITO FEDERAL (INTEIRO)
23268,DISTRITO FEDERAL (INTEIRO)
23269,DISTRITO FEDERAL (INTEIRO)
23270,DISTRITO FEDERAL (INTEIRO)
23270,XVI
23271,DISTRITO FEDERAL (INTEIRO)
23272,DISTRITO FEDERAL (INTEIRO)
23273,XII
23274,XXXV
23275,X
23276,XXVII
23277,XVIII
23278,DISTRITO FEDERAL (INTEIRO)
23279,DISTRITO FEDERAL (INTEIRO)
23280,DISTRITO FEDERAL (INTEIRO)
23281,DISTRITO FEDERAL (INTEIRO)
23282,DISTRITO FEDERAL (INTEIRO)
23283,DISTRITO FEDERAL (INTEIRO)
23284,DISTRITO FEDERAL (INTEIRO)
23285,DISTRITO FEDERAL (INTEIRO)
23286,DISTRITO FEDERAL (INTEIRO)
23287,DISTRITO FEDERAL (INTEIRO)
23288,DISTRITO FEDERAL (INTEIRO)
23289,III
23290,XXV
23291,XII
23292,XX
23293,DISTRITO FEDERAL (INTEIRO)
23294,XXX
23295,VI
23296,V
23297,XXXII
23298,DISTRITO FEDERAL (INTEIRO)
23299,XXXII
23300,DISTRITO FEDERAL (INTEIRO)
23301,DISTRITO FEDERAL (INTEIRO)
23302,DISTRITO FEDERAL (INTEIRO)
23303,DISTRITO FEDERAL (INTEIRO)
23304,DISTRITO FEDERAL (INTEIRO)
23305,DISTRITO FEDERAL (INTEIRO)
23306,DISTRITO FEDERAL (INTEIRO)
23307,XXXII
23308,XV
23309,XXXII
23310,DISTRITO FEDERAL (INTEIRO)
23311,DISTRITO FEDERAL (INTEIRO)
23312,VI
23313,VI
23314,DISTRITO FEDERAL (INTEIRO)
23315,DISTRITO FEDERAL (INTEIRO)
23316,DISTRITO FEDERAL (INTEIRO)
23317,DISTRITO FEDERAL (INTEIRO)
23318,DISTRITO FEDERAL (INTEIRO)
23319,DISTRITO FEDERAL (INTEIRO)
23320,DISTRITO FEDERAL (INTEIRO)
23321,IX
23322,DISTRITO FEDERAL (INTEIRO)
23323,DISTRITO FEDERAL (INTEIRO)
23324,DISTRITO FEDERAL (INTEIRO)
23325,DISTRITO FEDERAL (INTEIRO)
23326,DISTRITO FEDERAL (INTEIRO)
23327,DISTRITO FEDERAL (INTEIRO)
23328,XII
23329,XIII
23330,DISTRITO FEDERAL (INTEIRO)
23331,DISTRITO FEDERAL (INTEIRO)
23332,XII
23333,III
23334,XXVI
23335,XXV
23336,XXVI
23337,XXXII
23338,I
23339,DISTRITO FEDERAL (INTEIRO)
23340,DISTRITO FEDERAL (INTEIRO)
23341,DISTRITO FEDERAL (INTEIRO)
23342,DISTRITO FEDERAL (INTEIRO)
23343,DISTRITO FEDERAL (INTEIRO)
23344,DISTRITO FEDERAL (INTEIRO)
23345,DISTRITO FEDERAL (INTEIRO)
23346,DISTRITO FEDERAL (INTEIRO)
23347,DISTRITO FEDERAL (INTEIRO)
23348,DISTRITO FEDERAL (INTEIRO)
23349,DISTRITO FEDERAL (INTEIRO)
23350,DISTRITO FEDERAL (INTEIRO)
23351,XII
23352,VI
23353,XIV
23354,IX
23355,II
23356,DISTRITO FEDERAL (INTEIRO)
23357,DISTRITO FEDERAL (INTEIRO)
23358,DISTRITO FEDERAL (INTEIRO)
23359,XII
23360,XXXIV
23361,IV
23362,X
23363,XV
23364,XII
23365,DISTRITO FEDERAL (INTEIRO)
23366,XXVI
23367,DISTRITO FEDERAL (INTEIRO)
23368,DISTRITO FEDERAL (INTEIRO)
23369,V
23370,DISTRITO FEDERAL (INTEIRO)
23371,VI
23372,DISTRITO FEDERAL (INTEIRO)
23373,VI
23374,DISTRITO FEDERAL (INTEIRO)
23375,DISTRITO FEDERAL (INTEIRO)
23376,DISTRITO FEDERAL (INTEIRO)
23377,DISTRITO FEDERAL (INTEIRO)
23378,VI
23379,DISTRITO FEDERAL (INTEIRO)
23380,DISTRITO FEDERAL (INTEIRO)
23381,DISTRITO FEDERAL (INTEIRO)
23382,IV
23383,XII
23384,III
23385,DISTRITO FEDERAL (INTEIRO)
23386,XXXI
23387,XXI
23388,V
23389,DISTRITO FEDERAL (INTEIRO)
23390,VI
23391,VI
23392,VI
23393,DISTRITO FEDERAL (INTEIRO)
23394,DISTRITO FEDERAL (INTEIRO)
23395,DISTRITO FEDERAL (INTEIRO)
23396,DISTRITO FEDERAL (INTEIRO)
23397,DISTRITO FEDERAL (INTEIRO)
23398,DISTRITO FEDERAL (INTEIRO)
23399,DISTRITO FEDERAL (INTEIRO)
23400,DISTRITO FEDERAL (INTEIRO)
23401,DISTRITO FEDERAL (INTEIRO)
23402,DISTRITO FEDERAL (INTEIRO)
23403,DISTRITO FEDERAL (INTEIRO)
23404,DISTRITO FEDERAL (INTEIRO)
23405,DISTRITO FEDERAL (INTEIRO)
23406,DISTRITO FEDERAL (INTEIRO)
23407,XII
23408,DISTRITO FEDERAL (INTEIRO)
23409,XXIII
23410,XXII
23411,I
23412,XIII
23413,DISTRITO FEDERAL (INTEIRO)
23414,DISTRITO FEDERAL (INTEIRO)
23415,VI
23416,VI
23417,VI
23418,VI
23419,DISTRITO FEDERAL (INTEIRO)
23420,DISTRITO FEDERAL (INTEIRO)
23421,XIII
23422,IX
23423,IX
23424,DISTRITO FEDERAL (INTEIRO)
23425,DISTRITO FEDERAL (INTEIRO)
23426,DISTRITO FEDERAL (INTEIRO)
23427,DISTRITO FEDERAL (INTEIRO)
23428,IV
23429,DISTRITO FEDERAL (INTEIRO)
23430,DISTRITO FEDERAL (INTEIRO)
23431,DISTRITO FEDERAL (INTEIRO)
23432,DISTRITO FEDERAL (INTEIRO)
23433,DISTRITO FEDERAL (INTEIRO)
23434,XII
23435,X
23436,IX
23437,VI
23438,II
23439,VI
23440,VI
23441,VI
23442,VI
23443,VI
23444,DISTRITO FEDERAL (INTEIRO)
23444,ENTORNO
23444,OUTROS ESTADOS
23445,DISTRITO FEDERAL (INTEIRO)
23446,II
23447,II
23448,DISTRITO FEDERAL (INTEIRO)
23449,XIV
23450,XXI
23451,XXIII
23452,XXV
23453,DISTRITO FEDERAL (INTEIRO)
23454,XXVIII
23455,XII
23456,XXXIV
23457,DISTRITO FEDERAL (INTEIRO)
23458,DISTRITO FEDERAL (INTEIRO)
23459,DISTRITO FEDERAL (INTEIRO)
23460,DISTRITO FEDERAL (INTEIRO)
23461,DISTRITO FEDERAL (INTEIRO)
23462,DISTRITO FEDERAL (INTEIRO)
23463,DISTRITO FEDERAL (INTEIRO)
23464,DISTRITO FEDERAL (INTEIRO)
23465,DISTRITO FEDERAL (INTEIRO)
23466,XII
23467,III
23468,XXXIII
23469,XXXIV
23470,XXII
23471,DISTRITO FEDERAL (INTEIRO)
23472,DISTRITO FEDERAL (INTEIRO)
23473,DISTRITO FEDERAL (INTEIRO)
23474,DISTRITO FEDERAL (INTEIRO)
23475,DISTRITO FEDERAL (INTEIRO)
23476,V
23477,V
23478,DISTRITO FEDERAL (INTEIRO)
23479,DISTRITO FEDERAL (INTEIRO)
23480,DISTRITO FEDERAL (INTEIRO)
23481,DISTRITO FEDERAL (INTEIRO)
23482,DISTRITO FEDERAL (INTEIRO)
23483,DISTRITO FEDERAL (INTEIRO)
23484,DISTRITO FEDERAL (INTEIRO)
23485,DISTRITO FEDERAL (INTEIRO)
23486,DISTRITO FEDERAL (INTEIRO)
23487,DISTRITO FEDERAL (INTEIRO)
23488,DISTRITO FEDERAL (INTEIRO)
23489,DISTRITO FEDERAL (INTEIRO)
23490,DISTRITO FEDERAL (INTEIRO)
23491,DISTRITO FEDERAL (INTEIRO)
23492,DISTRITO FEDERAL (INTEIRO)
23493,DISTRITO FEDERAL (INTEIRO)
23494,DISTRITO FEDERAL (INTEIRO)
23495,DISTRITO FEDERAL (INTEIRO)
23496,DISTRITO FEDERAL (INTEIRO)
23497,DISTRITO FEDERAL (INTEIRO)
23498,DISTRITO FEDERAL (INTEIRO)
23499,DISTRITO FEDERAL (INTEIRO)
23500,DISTRITO FEDERAL (INTEIRO)
23501,DISTRITO FEDERAL (INTEIRO)
23502,DISTRITO FEDERAL (INTEIRO)
23503,DISTRITO FEDERAL (INTEIRO)
23504,XII
23505,XX
23506,V
23507,XIII
23508,XIX
23509,II
23510,VI
23511,XII
23512,DISTRITO FEDERAL (INTEIRO)
23513,VI
23514,V
23514,VI
23515,I
23516,VI
23517,XXVIII
23518,DISTRITO FEDERAL (INTEIRO)
23519,DISTRITO FEDERAL (INTEIRO)
23520,DISTRITO FEDERAL (INTEIRO)
23521,DISTRITO FEDERAL (INTEIRO)
23522,DISTRITO FEDERAL (INTEIRO)
23523,XII
23524,DISTRITO FEDERAL (INTEIRO)
23525,IX
23526,XVIII
23527,XXXI
23528,II
23529,DISTRITO FEDERAL (INTEIRO)
23530,DISTRITO FEDERAL (INTEIRO)
23531,DISTRITO FEDERAL (INTEIRO)
23532,XXV
23533,DISTRITO FEDERAL (INTEIRO)
23534,DISTRITO FEDERAL (INTEIRO)
23535,XII
23536,III
23537,VI
23538,X
23539,XVII
23540,VI
23540,XXVI
23541,XXVI
23542,DISTRITO FEDERAL (INTEIRO)
23543,II
23544,XII
23545,IX
23546,II
23547,V
23548,XIII
23549,DISTRITO FEDERAL (INTEIRO)
23550,XIV
23551,DISTRITO FEDERAL (INTEIRO)
23552,XII
23553,XIV
23554,XX
23555,XXXIV
23556,XXXIII
23557,IX
23558,DISTRITO FEDERAL (INTEIRO)
23559,DISTRITO FEDERAL (INTEIRO)
23560,DISTRITO FEDERAL (INTEIRO)
23561,XIII
23562,DISTRITO FEDERAL (INTEIRO)
23563,DISTRITO FEDERAL (INTEIRO)
23564,DISTRITO FEDERAL (INTEIRO)
23565,DISTRITO FEDERAL (INTEIRO)
23566,DISTRITO FEDERAL (INTEIRO)
23567,DISTRITO FEDERAL (INTEIRO)
23568,DISTRITO FEDERAL (INTEIRO)
23569,DISTRITO FEDERAL (INTEIRO)
23570,DISTRITO FEDERAL (INTEIRO)
23571,XII
23572,XXVIII
23573,XXVII
23574,XVIII
23575,VIII
23576,DISTRITO FEDERAL (INTEIRO)
23577,DISTRITO FEDERAL (INTEIRO)
23578,XII
23579,X
23580,XI
23581,XV
23582,III
23583,DISTRITO FEDERAL (INTEIRO)
23584,DISTRITO FEDERAL (INTEIRO)
23585,DISTRITO FEDERAL (INTEIRO)
23586,XII
23587,IX
23588,II
23589,X
23590,XX
23591,DISTRITO FEDERAL (INTEIRO)
23592,DISTRITO FEDERAL (INTEIRO)
23593,DISTRITO FEDERAL (INTEIRO)
23594,II
23594,XIII
23595,XII
23596,VI
23597,III
23598,XXVIII
23599,XVIII
23600,DISTRITO FEDERAL (INTEIRO)
23601,DISTRITO FEDERAL (INTEIRO)
23602,DISTRITO FEDERAL (INTEIRO)
23603,DISTRITO FEDERAL (INTEIRO)
23604,XII
23605,XV
23606,XXXV
23607,XXXIII
23608,XI
23609,DISTRITO FEDERAL (INTEIRO)
23610,IX
23611,V
23612,V
23613,V
23614,XIII
23615,XIII
23616,I
23617,XII
23618,XII
23619,IV
23620,V
23621,I
23622,I
23623,DISTRITO FEDERAL (INTEIRO)
23624,DISTRITO FEDERAL (INTEIRO)
23625,XII
23626,XXXII
23627,XXV
23628,XIV
23629,XIII
23630,DISTRITO FEDERAL (INTEIRO)
23631,IX
23632,DISTRITO FEDERAL (INTEIRO)
23633,DISTRITO FEDERAL (INTEIRO)
23634,XII
23635,II
23636,IX
23637,III
23638,VI
23639,XII
23640,XXVIII
23641,XXI
23642,X
23643,I
23644,DISTRITO FEDERAL (INTEIRO)
23645,DISTRITO FEDERAL (INTEIRO)
23646,XII
23647,XX
23648,IV
23649,XI
23650,XVIII
23651,DISTRITO FEDERAL (INTEIRO)
23652,DISTRITO FEDERAL (INTEIRO)
23653,DISTRITO FEDERAL (INTEIRO)
23654,DISTRITO FEDERAL (INTEIRO)
23655,DISTRITO FEDERAL (INTEIRO)
23656,XII
23657,V
23658,XIV
23659,XIII
23660,XXX
23661,DISTRITO FEDERAL (INTEIRO)
23662,III
23662,XII
23663,IX
23664,XXXV
23665,XVII
23666,X
23667,DISTRITO FEDERAL (INTEIRO)
23668,DISTRITO FEDERAL (INTEIRO)
23669,XII
23670,IV
23671,II
23672,XX
23673,III
23674,XXV
23675,XII
23676,I
23677,XII
23678,X
23679,VI
23680,V
23681,XXXIII
23682,XII
23683,DISTRITO FEDERAL (INTEIRO)
23684,DISTRITO FEDERAL (INTEIRO)
23685,DISTRITO FEDERAL (INTEIRO)
23686,XII
23687,IX
23688,XXI
23689,XXXIV
23690,XVII
23691,DISTRITO FEDERAL (INTEIRO)
23692,DISTRITO FEDERAL (INTEIRO)
23693,DISTRITO FEDERAL (INTEIRO)
23694,III
23695,DISTRITO FEDERAL (INTEIRO)
23696,DISTRITO FEDERAL (INTEIRO)
23697,DISTRITO FEDERAL (INTEIRO)
23698,II
23699,II
23700,II
23701,DISTRITO FEDERAL (INTEIRO)
23702,DISTRITO FEDERAL (INTEIRO)
23703,DISTRITO FEDERAL (INTEIRO)
23704,DISTRITO FEDERAL (INTEIRO)
23705,DISTRITO FEDERAL (INTEIRO)
23706,XII
23707,XXX
23708,I
23709,XXXV
23710,I
23711,I
23712,I
23713,V
23714,XII
23715,XV
23716,XXVIII
23717,XVIII
23718,XXXI
23719,DISTRITO FEDERAL (INTEIRO)
23720,DISTRITO FEDERAL (INTEIRO)
23721,DISTRITO FEDERAL (INTEIRO)
23722,DISTRITO FEDERAL (INTEIRO)
23723,DISTRITO FEDERAL (INTEIRO)
23724,DISTRITO FEDERAL (INTEIRO)
23725,DISTRITO FEDERAL (INTEIRO)
23726,DISTRITO FEDERAL (INTEIRO)
23727,DISTRITO FEDERAL (INTEIRO)
23728,DISTRITO FEDERAL (INTEIRO)
23729,DISTRITO FEDERAL (INTEIRO)
23730,DISTRITO FEDERAL (INTEIRO)
23731,DISTRITO FEDERAL (INTEIRO)
23732,XII
23733,III
23734,V
23735,VI
23736,II
23737,XXI
23738,I
23739,DISTRITO FEDERAL (INTEIRO)
23740,XII
23741,IX
23742,XX
23743,XXI
23744,IV
23745,DISTRITO FEDERAL (INTEIRO)
23746,DISTRITO FEDERAL (INTEIRO)
23747,XII
23748,XV
23749,X
23750,XXIII
23751,XVII
23752,DISTRITO FEDERAL (INTEIRO)
23753,II
23753,XIII
23754,XIII
23755,XIII
23756,XIII
23757,DISTRITO FEDERAL (INTEIRO)
23758,DISTRITO FEDERAL (INTEIRO)
23759,DISTRITO FEDERAL (INTEIRO)
23760,XII
23761,XXXIII
23762,XXIV
23763,XIII
23763,XIV
23764,XXV
23765,II
23766,III
23767,II
23768,II
23769,III
23770,III
23771,II
23772,XX
23773,XX
23774,III
23775,XX
23776,XX
23777,XXX
23778,XX
23779,XX
23780,III
23780,VIII
23780,XIX
23780,XVII
23781,XX
23782,XX
23783,XXX
23784,III
23785,III
23786,III
23787,III
23788,VI
23789,VI
23790,X
23791,DISTRITO FEDERAL (INTEIRO)
23792,DISTRITO FEDERAL (INTEIRO)
23793,XII
23794,XXX
23795,VIII
23796,DISTRITO FEDERAL (INTEIRO)
23797,XXXIV
23798,IX
23799,DISTRITO FEDERAL (INTEIRO)
23800,DISTRITO FEDERAL (INTEIRO)
23801,DISTRITO FEDERAL (INTEIRO)
23802,DISTRITO FEDERAL (INTEIRO)
23803,DISTRITO FEDERAL (INTEIRO)
23804,DISTRITO FEDERAL (INTEIRO)
23805,DISTRITO FEDERAL (INTEIRO)
23806,DISTRITO FEDERAL (INTEIRO)
23807,XII
23808,III
23809,II
23810,XVII
23811,VI
23812,DISTRITO FEDERAL (INTEIRO)
23813,DISTRITO FEDERAL (INTEIRO)
23814,DISTRITO FEDERAL (INTEIRO)
23815,DISTRITO FEDERAL (INTEIRO)
23816,DISTRITO FEDERAL (INTEIRO)
23817,DISTRITO FEDERAL (INTEIRO)
23818,DISTRITO FEDERAL (INTEIRO)
23819,XII
23820,IX
23821,DISTRITO FEDERAL (INTEIRO)
23822,XIV
23823,X
23824,XXI
23825,IX
23826,DISTRITO FEDERAL (INTEIRO)
23827,XXXII
23828,XII
23829,XII
23830,XXI
23831,XIII
23832,DISTRITO FEDERAL (INTEIRO)
23833,XX
23834,DISTRITO FEDERAL (INTEIRO)
23835,DISTRITO FEDERAL (INTEIRO)
23836,DISTRITO FEDERAL (INTEIRO)
23837,DISTRITO FEDERAL (INTEIRO)
23838,DISTRITO FEDERAL (INTEIRO)
23839,DISTRITO FEDERAL (INTEIRO)
23840,XIV
23841,XIII
23842,XIII
23843,XII
23844,XIII
23845,XX
23846,XIII
23847,XXI
23848,V
23849,XVIII
23850,IX
23851,III
23852,VII
23853,IX
23854,DISTRITO FEDERAL (INTEIRO)
23855,DISTRITO FEDERAL (INTEIRO)
23856,DISTRITO FEDERAL (INTEIRO)
23857,DISTRITO FEDERAL (INTEIRO)
23858,DISTRITO FEDERAL (INTEIRO)
23859,DISTRITO FEDERAL (INTEIRO)
23860,DISTRITO FEDERAL (INTEIRO)
23861,DISTRITO FEDERAL (INTEIRO)
23862,DISTRITO FEDERAL (INTEIRO)
23863,XX
23864,XII
23865,XXXV
23866,XXXIII
23867,XXXI
23868,XXVII
23869,XXXI
23870,DISTRITO FEDERAL (INTEIRO)
23871,DISTRITO FEDERAL (INTEIRO)
23872,XXXI
23873,DISTRITO FEDERAL (INTEIRO)
23874,DISTRITO FEDERAL (INTEIRO)
23875,XXVIII
23876,XXVII
23877,DISTRITO FEDERAL (INTEIRO)
23878,DISTRITO FEDERAL (INTEIRO)
23879,DISTRITO FEDERAL (INTEIRO)
23880,DISTRITO FEDERAL (INTEIRO)
23881,DISTRITO FEDERAL (INTEIRO)
23882,DISTRITO FEDERAL (INTEIRO)
23883,DISTRITO FEDERAL (INTEIRO)
23884,DISTRITO FEDERAL (INTEIRO)
23885,XXXIII
23886,XXXIII
23887,XXXIII
23888,XII
23889,DISTRITO FEDERAL (INTEIRO)
23890,II
23891,IV
23892,XII
23893,VII
23894,IX
23895,X
23896,XV
23897,DISTRITO FEDERAL (INTEIRO)
23898,DISTRITO FEDERAL (INTEIRO)
23899,DISTRITO FEDERAL (INTEIRO)
23900,DISTRITO FEDERAL (INTEIRO)
23901,DISTRITO FEDERAL (INTEIRO)
23902,IX
23903,XII
23904,II
23905,XX
23906,IV
23907,VII
23908,DISTRITO FEDERAL (INTEIRO)
23909,DISTRITO FEDERAL (INTEIRO)
23910,DISTRITO FEDERAL (INTEIRO)
23911,XVII
23912,DISTRITO FEDERAL (INTEIRO)
23913,V
23914,X
23915,X
23916,DISTRITO FEDERAL (INTEIRO)
23917,DISTRITO FEDERAL (INTEIRO)
23918,DISTRITO FEDERAL (INTEIRO)
23919,DISTRITO FEDERAL (INTEIRO)
23920,DISTRITO FEDERAL (INTEIRO)
23921,XII
23922,III
23923,IX
23924,DISTRITO FEDERAL (INTEIRO)
23925,VI
23926,X
23927,DISTRITO FEDERAL (INTEIRO)
23928,DISTRITO FEDERAL (INTEIRO)
23929,DISTRITO FEDERAL (INTEIRO)
23930,DISTRITO FEDERAL (INTEIRO)
23931,DISTRITO FEDERAL (INTEIRO)
23932,DISTRITO FEDERAL (INTEIRO)
23933,DISTRITO FEDERAL (INTEIRO)
23934,DISTRITO FEDERAL (INTEIRO)
23935,DISTRITO FEDERAL (INTEIRO)
23936,DISTRITO FEDERAL (INTEIRO)
23937,DISTRITO FEDERAL (INTEIRO)
23938,DISTRITO FEDERAL (INTEIRO)
23939,IX
23940,IX
23941,DISTRITO FEDERAL (INTEIRO)
23942,DISTRITO FEDERAL (INTEIRO)
23943,DISTRITO FEDERAL (INTEIRO)
23944,IX
23945,DISTRITO FEDERAL (INTEIRO)
23946,DISTRITO FEDERAL (INTEIRO)
23947,XII
23948,DISTRITO FEDERAL (INTEIRO)
23949,DISTRITO FEDERAL (INTEIRO)
23950,DISTRITO FEDERAL (INTEIRO)
23951,DISTRITO FEDERAL (INTEIRO)
23952,DISTRITO FEDERAL (INTEIRO)
23953,XII
23954,V
23955,XX
23956,XXXV
23957,XXXIII
23958,DISTRITO FEDERAL (INTEIRO)
23959,DISTRITO FEDERAL (INTEIRO)
23960,DISTRITO FEDERAL (INTEIRO)
23961,DISTRITO FEDERAL (INTEIRO)
23962,DISTRITO FEDERAL (INTEIRO)
23963,DISTRITO FEDERAL (INTEIRO)
23964,DISTRITO FEDERAL (INTEIRO)
23965,DISTRITO FEDERAL (INTEIRO)
23966,DISTRITO FEDERAL (INTEIRO)
23967,DISTRITO FEDERAL (INTEIRO)
23968,DISTRITO FEDERAL (INTEIRO)
23969,DISTRITO FEDERAL (INTEIRO)
23970,DISTRITO FEDERAL (INTEIRO)
23971,DISTRITO FEDERAL (INTEIRO)
23972,XXXII
23973,DISTRITO FEDERAL (INTEIRO)
23974,XII
23975,XIII
23976,XV
23977,DISTRITO FEDERAL (INTEIRO)
23978,XXVIII
23979,DISTRITO FEDERAL (INTEIRO)
23980,XVIII
23981,DISTRITO FEDERAL (INTEIRO)
23982,VI
23983,DISTRITO FEDERAL (INTEIRO)
23984,DISTRITO FEDERAL (INTEIRO)
23985,DISTRITO FEDERAL (INTEIRO)
23986,V
23987,V
23988,DISTRITO FEDERAL (INTEIRO)
23989,DISTRITO FEDERAL (INTEIRO)
23990,DISTRITO FEDERAL (INTEIRO)
23991,V
23992,VII
23993,DISTRITO FEDERAL (INTEIRO)
23994,DISTRITO FEDERAL (INTEIRO)
23995,IX
23996,IX
23997,XXXIII
23998,DISTRITO FEDERAL (INTEIRO)
23999,DISTRITO FEDERAL (INTEIRO)
24000,XII
24001,VII
24002,III
24003,XVII
24004,XXXI
24005,V
24006,DISTRITO FEDERAL (INTEIRO)
24007,DISTRITO FEDERAL (INTEIRO)
24008,DISTRITO FEDERAL (INTEIRO)
24009,DISTRITO FEDERAL (INTEIRO)
24010,DISTRITO FEDERAL (INTEIRO)
24011,IX
24012,DISTRITO FEDERAL (INTEIRO)
24013,DISTRITO FEDERAL (INTEIRO)
24014,DISTRITO FEDERAL (INTEIRO)
24015,IX
24016,DISTRITO FEDERAL (INTEIRO)
24017,DISTRITO FEDERAL (INTEIRO)
24018,XII
24019,IX
24020,XV
24021,XVIII
24022,V
24023,DISTRITO FEDERAL (INTEIRO)
24024,DISTRITO FEDERAL (INTEIRO)
24025,DISTRITO FEDERAL (INTEIRO)
24026,DISTRITO FEDERAL (INTEIRO)
24027,DISTRITO FEDERAL (INTEIRO)
24028,DISTRITO FEDERAL (INTEIRO)
24029,DISTRITO FEDERAL (INTEIRO)
24030,XII
24031,VII
24032,V
24033,X
24034,XXI
24035,DISTRITO FEDERAL (INTEIRO)
24036,DISTRITO FEDERAL (INTEIRO)
24037,X
24038,I
24039,X
24040,XXXII
24041,DISTRITO FEDERAL (INTEIRO)
24042,DISTRITO FEDERAL (INTEIRO)
24043,VI
24044,DISTRITO FEDERAL (INTEIRO)
24045,DISTRITO FEDERAL (INTEIRO)
24046,VI
24047,DISTRITO FEDERAL (INTEIRO)
24048,DISTRITO FEDERAL (INTEIRO)
24049,DISTRITO FEDERAL (INTEIRO)
24050,DISTRITO FEDERAL (INTEIRO)
24051,DISTRITO FEDERAL (INTEIRO)
24052,DISTRITO FEDERAL (INTEIRO)
24053,DISTRITO FEDERAL (INTEIRO)
24054,DISTRITO FEDERAL (INTEIRO)
24055,DISTRITO FEDERAL (INTEIRO)
24056,DISTRITO FEDERAL (INTEIRO)
24057,DISTRITO FEDERAL (INTEIRO)
24057,OUTROS ESTADOS
24058,VI
24059,DISTRITO FEDERAL (INTEIRO)
24060,DISTRITO FEDERAL (INTEIRO)
24061,III
24062,XII
24063,III
24064,XIII
24065,IX
24066,XX
24067,XII
24068,DISTRITO FEDERAL (INTEIRO)
24069,XII
24070,DISTRITO FEDERAL (INTEIRO)
24071,DISTRITO FEDERAL (INTEIRO)
24072,DISTRITO FEDERAL (INTEIRO)
24073,DISTRITO FEDERAL (INTEIRO)
24074,DISTRITO FEDERAL (INTEIRO)
24075,DISTRITO FEDERAL (INTEIRO)
24076,VI
24077,XXXII
24078,XXXII
24079,DISTRITO FEDERAL (INTEIRO)
24080,I
24081,DISTRITO FEDERAL (INTEIRO)
24082,DISTRITO FEDERAL (INTEIRO)
24083,XXXII
24084,I
24085,XXXII
24086,DISTRITO FEDERAL (INTEIRO)
24087,I
24088,DISTRITO FEDERAL (INTEIRO)
24089,XIII
24090,DISTRITO FEDERAL (INTEIRO)
24091,IX
24092,DISTRITO FEDERAL (INTEIRO)
24093,XII
24094,DISTRITO FEDERAL (INTEIRO)
24095,XXXI
24096,XXVIII
24097,XXXIII
24098,II
24099,XXXIII
24100,I
24101,II
24102,DISTRITO FEDERAL (INTEIRO)
24103,XXXIII
24104,XXXIII
24105,IV
24106,DISTRITO FEDERAL (INTEIRO)
24106,XVI
24107,DISTRITO FEDERAL (INTEIRO)
24108,DISTRITO FEDERAL (INTEIRO)
24109,DISTRITO FEDERAL (INTEIRO)
24110,DISTRITO FEDERAL (INTEIRO)
24111,V
24112,DISTRITO FEDERAL (INTEIRO)
24113,DISTRITO FEDERAL (INTEIRO)
24114,XII
24115,VI
24116,X
24117,XIV
24118,IV
24119,II
24120,XIII
24121,XXVIII
24122,XXI
24123,XXI
24124,II
24125,DISTRITO FEDERAL (INTEIRO)
24126,IX
24127,II
24128,XIII
24129,II
24130,V
24131,DISTRITO FEDERAL (INTEIRO)
24132,DISTRITO FEDERAL (INTEIRO)
24133,DISTRITO FEDERAL (INTEIRO)
24134,DISTRITO FEDERAL (INTEIRO)
24135,DISTRITO FEDERAL (INTEIRO)
24136,XII
24137,II
24138,II
24139,XII
24140,III
24141,VII
24142,V
24143,XIII
24144,XX
24145,DISTRITO FEDERAL (INTEIRO)
24146,DISTRITO FEDERAL (INTEIRO)
24147,DISTRITO FEDERAL (INTEIRO)
24148,DISTRITO FEDERAL (INTEIRO)
24149,DISTRITO FEDERAL (INTEIRO)
24150,DISTRITO FEDERAL (INTEIRO)
24151,II
24152,DISTRITO FEDERAL (INTEIRO)
24153,XXXV
24154,DISTRITO FEDERAL (INTEIRO)
24155,XXXI
24156,DISTRITO FEDERAL (INTEIRO)
24157,XII
24158,DISTRITO FEDERAL (INTEIRO)
24158,OUTROS ESTADOS
24159,IX
24160,XXXIII
24161,XXVIII
24162,X
24163,DISTRITO FEDERAL (INTEIRO)
24164,DISTRITO FEDERAL (INTEIRO)
24165,DISTRITO FEDERAL (INTEIRO)
24166,DISTRITO FEDERAL (INTEIRO)
24167,DISTRITO FEDERAL (INTEIRO)
24168,VII
24169,DISTRITO FEDERAL (INTEIRO)
24170,DISTRITO FEDERAL (INTEIRO)
24171,XII
24172,I
24173,I
24174,VI
24175,II
24176,VII
24177,VI
24178,DISTRITO FEDERAL (INTEIRO)
24179,DISTRITO FEDERAL (INTEIRO)
24180,DISTRITO FEDERAL (INTEIRO)
24181,DISTRITO FEDERAL (INTEIRO)
24182,II
24183,DISTRITO FEDERAL (INTEIRO)
24184,DISTRITO FEDERAL (INTEIRO)
24185,DISTRITO FEDERAL (INTEIRO)
24186,DISTRITO FEDERAL (INTEIRO)
24187,V
24188,DISTRITO FEDERAL (INTEIRO)
24189,I
24190,DISTRITO FEDERAL (INTEIRO)
24191,DISTRITO FEDERAL (INTEIRO)
24192,III
24193,DISTRITO FEDERAL (INTEIRO)
24194,DISTRITO FEDERAL (INTEIRO)
24195,DISTRITO FEDERAL (INTEIRO)
24196,DISTRITO FEDERAL (INTEIRO)
24197,XII
24198,XXI
24199,XXXV
24200,VI
24201,XVIII
24202,DISTRITO FEDERAL (INTEIRO)
24203,XXVIII
24204,XIV
24205,DISTRITO FEDERAL (INTEIRO)
24206,DISTRITO FEDERAL (INTEIRO)
24207,XII
24208,XI
24209,XV
24210,XIII
24211,XXX
24212,X
24213,DISTRITO FEDERAL (INTEIRO)
24214,XIX
24215,DISTRITO FEDERAL (INTEIRO)
24215,X
24215,XIX
24216,DISTRITO FEDERAL (INTEIRO)
24216,XIX
24217,DISTRITO FEDERAL (INTEIRO)
24217,XIX
24218,DISTRITO FEDERAL (INTEIRO)
24218,XIX
24219,DISTRITO FEDERAL (INTEIRO)
24220,X
24220,XIX
24221,DISTRITO FEDERAL (INTEIRO)
24222,DISTRITO FEDERAL (INTEIRO)
24223,DISTRITO FEDERAL (INTEIRO)
24223,VIII
24223,XIX
24224,XII
24225,XXII
24226,II
24227,V
24228,X
24228,XXX
24229,DISTRITO FEDERAL (INTEIRO)
24229,XI
24229,XXII
24230,DISTRITO FEDERAL (INTEIRO)
24230,XI
24230,XXII
24231,DISTRITO FEDERAL (INTEIRO)
24231,XII
24231,XXXV
24232,VII
24233,DISTRITO FEDERAL (INTEIRO)
24234,III
24235,II
24236,DISTRITO FEDERAL (INTEIRO)
24237,DISTRITO FEDERAL (INTEIRO)
24238,DISTRITO FEDERAL (INTEIRO)
24239,DISTRITO FEDERAL (INTEIRO)
24240,DISTRITO FEDERAL (INTEIRO)
24241,DISTRITO FEDERAL (INTEIRO)
24242,DISTRITO FEDERAL (INTEIRO)
24243,DISTRITO FEDERAL (INTEIRO)
24244,DISTRITO FEDERAL (INTEIRO)
24245,DISTRITO FEDERAL (INTEIRO)
24246,DISTRITO FEDERAL (INTEIRO)
24247,DISTRITO FEDERAL (INTEIRO)
24248,DISTRITO FEDERAL (INTEIRO)
24249,III
24250,X
24251,XII
24252,XXXII
24253,IX
24254,III
24255,IX
24256,IX
24257,VI
24258,IX
24259,IX
24260,DISTRITO FEDERAL (INTEIRO)
24261,IX
24262,IX
24263,IX
24264,DISTRITO FEDERAL (INTEIRO)
24265,IX
24266,V
24267,DISTRITO FEDERAL (INTEIRO)
24268,DISTRITO FEDERAL (INTEIRO)
24269,DISTRITO FEDERAL (INTEIRO)
24270,DISTRITO FEDERAL (INTEIRO)
24271,DISTRITO FEDERAL (INTEIRO)
24272,XXIV
24273,DISTRITO FEDERAL (INTEIRO)
24274,DISTRITO FEDERAL (INTEIRO)
24275,XII
24276,VII
24277,XV
24278,XIII
24279,DISTRITO FEDERAL (INTEIRO)
24280,XIV
24281,DISTRITO FEDERAL (INTEIRO)
24282,DISTRITO FEDERAL (INTEIRO)
24283,DISTRITO FEDERAL (INTEIRO)
24284,DISTRITO FEDERAL (INTEIRO)
24285,DISTRITO FEDERAL (INTEIRO)
24286,DISTRITO FEDERAL (INTEIRO)
24287,I
24288,XIV
24289,DISTRITO FEDERAL (INTEIRO)
24290,DISTRITO FEDERAL (INTEIRO)
24290,XII
24291,DISTRITO FEDERAL (INTEIRO)
24292,DISTRITO FEDERAL (INTEIRO)
24293,VI
24294,DISTRITO FEDERAL (INTEIRO)
24295,DISTRITO FEDERAL (INTEIRO)
24296,DISTRITO FEDERAL (INTEIRO)
24297,DISTRITO FEDERAL (INTEIRO)
24298,DISTRITO FEDERAL (INTEIRO)
24299,DISTRITO FEDERAL (INTEIRO)
24300,DISTRITO FEDERAL (INTEIRO)
24301,DISTRITO FEDERAL (INTEIRO)
24302,DISTRITO FEDERAL (INTEIRO)
24303,DISTRITO FEDERAL (INTEIRO)
24304,DISTRITO FEDERAL (INTEIRO)
24305,DISTRITO FEDERAL (INTEIRO)
24306,DISTRITO FEDERAL (INTEIRO)
24307,DISTRITO FEDERAL (INTEIRO)
24308,DISTRITO FEDERAL (INTEIRO)
24309,DISTRITO FEDERAL (INTEIRO)
24310,DISTRITO FEDERAL (INTEIRO)
24311,DISTRITO FEDERAL (INTEIRO)
24312,DISTRITO FEDERAL (INTEIRO)
24313,DISTRITO FEDERAL (INTEIRO)
24314,VII
24315,III
24316,XII
24317,IV
24318,DISTRITO FEDERAL (INTEIRO)
24319,XI
24320,XXVIII
24321,VI
24322,XXI
24323,III
24324,III
24325,XXI
24326,III
24327,XXI
24328,XXI
24329,III
24330,III
24331,III
24332,III
24333,III
24334,III
24335,III
24336,DISTRITO FEDERAL (INTEIRO)
24337,III
24338,III
24339,III
24340,III
24341,III
24342,III
24343,VI
24344,DISTRITO FEDERAL (INTEIRO)
24345,DISTRITO FEDERAL (INTEIRO)
24346,DISTRITO FEDERAL (INTEIRO)
24346,XXIV
24347,DISTRITO FEDERAL (INTEIRO)
24348,XXXII
24349,DISTRITO FEDERAL (INTEIRO)
24350,DISTRITO FEDERAL (INTEIRO)
24351,XII
24352,XXXV
24353,VII
24354,XXXIV
24355,XVIII
24356,IX
24357,XXVIII
24358,DISTRITO FEDERAL (INTEIRO)
24359,DISTRITO FEDERAL (INTEIRO)
24360,DISTRITO FEDERAL (INTEIRO)
24361,DISTRITO FEDERAL (INTEIRO)
24362,DISTRITO FEDERAL (INTEIRO)
24363,DISTRITO FEDERAL (INTEIRO)
24364,DISTRITO FEDERAL (INTEIRO)
24365,DISTRITO FEDERAL (INTEIRO)
24366,DISTRITO FEDERAL (INTEIRO)
24367,DISTRITO FEDERAL (INTEIRO)
24368,DISTRITO FEDERAL (INTEIRO)
24369,XII
24370,IX
24371,XIII
24372,XV
24373,V
24374,VII
24375,DISTRITO FEDERAL (INTEIRO)
24376,DISTRITO FEDERAL (INTEIRO)
24377,DISTRITO FEDERAL (INTEIRO)
24378,DISTRITO FEDERAL (INTEIRO)
24379,DISTRITO FEDERAL (INTEIRO)
24380,DISTRITO FEDERAL (INTEIRO)
24381,DISTRITO FEDERAL (INTEIRO)
24382,DISTRITO FEDERAL (INTEIRO)
24383,DISTRITO FEDERAL (INTEIRO)
24384,DISTRITO FEDERAL (INTEIRO)
24385,XII
24386,VII
24386,XXVIII
24387,DISTRITO FEDERAL (INTEIRO)
24388,XIV
24389,X
24390,XXI
24391,DISTRITO FEDERAL (INTEIRO)
24392,VII
24393,DISTRITO FEDERAL (INTEIRO)
24394,X
24395,XV
24396,DISTRITO FEDERAL (INTEIRO)
24397,DISTRITO FEDERAL (INTEIRO)
24398,DISTRITO FEDERAL (INTEIRO)
24399,II
24400,II
24401,IX
24402,IX
24403,XXX
24404,IV
24405,IV
24406,IV
24407,IX
24408,IV
24409,XII
24410,IX
24411,XIV
24412,XIV
24413,XIV
24414,XIV
24415,XII
24416,XVII
24417,XIV
24418,XVIII
24419,XIV
24420,DISTRITO FEDERAL (INTEIRO)
24421,XIV
24422,DISTRITO FEDERAL (INTEIRO)
24423,XIV
24424,II
24425,XIV
24426,XXX
24427,XVII
24428,XXVIII
24429,XVII
24430,XXVIII
24431,XXVIII
24432,XXVIII
24433,XXVIII
24434,XXVIII
24435,XXVIII
24436,DISTRITO FEDERAL (INTEIRO)
24437,XXVIII
24438,XXVIII
24439,XXVIII
24440,XXVIII
24441,XXVIII
24442,XXVIII
24443,XXVIII
24444,XXVIII
24445,XXVIII
24446,XXVIII
24447,XXVIII
24448,XXVIII
24449,XXVIII
24450,XXVIII
24451,XXVIII
24452,XXVIII
24453,XXVIII
24454,DISTRITO FEDERAL (INTEIRO)
24455,XXVIII
24456,DISTRITO FEDERAL (INTEIRO)
24457,XXVIII
24458,XXVIII
24459,DISTRITO FEDERAL (INTEIRO)
24460,DISTRITO FEDERAL (INTEIRO)
24461,DISTRITO FEDERAL (INTEIRO)
24462,DISTRITO FEDERAL (INTEIRO)
24463,I
24464,DISTRITO FEDERAL (INTEIRO)
24465,XXVIII
24466,DISTRITO FEDERAL (INTEIRO)
24467,XXVIII
24468,XXVIII
24469,XXVIII
24470,XXVIII
24471,XXVIII
24472,DISTRITO FEDERAL (INTEIRO)
24473,DISTRITO FEDERAL (INTEIRO)
24474,DISTRITO FEDERAL (INTEIRO)
24475,DISTRITO FEDERAL (INTEIRO)
24476,XII
24477,XII
24478,XIII
24479,I
24480,XV
24481,I
24482,II
24483,DISTRITO FEDERAL (INTEIRO)
24484,DISTRITO FEDERAL (INTEIRO)
24485,DISTRITO FEDERAL (INTEIRO)
24486,IX
24487,XII
24488,DISTRITO FEDERAL (INTEIRO)
24489,DISTRITO FEDERAL (INTEIRO)
24490,DISTRITO FEDERAL (INTEIRO)
24491,DISTRITO FEDERAL (INTEIRO)
24492,DISTRITO FEDERAL (INTEIRO)
24493,DISTRITO FEDERAL (INTEIRO)
24494,DISTRITO FEDERAL (INTEIRO)
24495,DISTRITO FEDERAL (INTEIRO)
24496,DISTRITO FEDERAL (INTEIRO)
24497,DISTRITO FEDERAL (INTEIRO)
24498,DISTRITO FEDERAL (INTEIRO)
24499,DISTRITO FEDERAL (INTEIRO)
24500,DISTRITO FEDERAL (INTEIRO)
24501,II
24501,IV
24501,IX
24501,VI
24501,VII
24501,XII
24501,XIII
24501,XIV
24501,XV
24501,XXI
24501,XXIII
24501,XXV
24501,XXVI
24501,XXVIII
24501,XXXII
24501,XXXIII
24502,DISTRITO FEDERAL (INTEIRO)
24503,VIII
24504,II
24505,XII
24506,XI
24507,X
24508,IX
24509,III
24510,VI
24511,V
24512,II
24513,II
24514,DISTRITO FEDERAL (INTEIRO)
24515,II
24516,DISTRITO FEDERAL (INTEIRO)
24517,II
24518,DISTRITO FEDERAL (INTEIRO)
24518,I
24519,DISTRITO FEDERAL (INTEIRO)
24520,IX
24521,DISTRITO FEDERAL (INTEIRO)
24522,DISTRITO FEDERAL (INTEIRO)
24523,DISTRITO FEDERAL (INTEIRO)
24524,XII
24525,IX
24526,DISTRITO FEDERAL (INTEIRO)
24527,V
24528,XX
24529,II
24530,IX
24531,DISTRITO FEDERAL (INTEIRO)
24532,DISTRITO FEDERAL (INTEIRO)
24533,DISTRITO FEDERAL (INTEIRO)
24534,DISTRITO FEDERAL (INTEIRO)
24535,DISTRITO FEDERAL (INTEIRO)
24536,DISTRITO FEDERAL (INTEIRO)
24537,DISTRITO FEDERAL (INTEIRO)
24537,VII
24538,DISTRITO FEDERAL (INTEIRO)
24539,DISTRITO FEDERAL (INTEIRO)
24540,DISTRITO FEDERAL (INTEIRO)
24540,VII
24541,DISTRITO FEDERAL (INTEIRO)
24542,XIII
24543,DISTRITO FEDERAL (INTEIRO)
24544,XII
24544,XIII
24545,DISTRITO FEDERAL (INTEIRO)
24546,DISTRITO FEDERAL (INTEIRO)
24547,XII
24548,XV
24549,VI
24550,XVII
24551,VII
24552,DISTRITO FEDERAL (INTEIRO)
24553,XXX
24554,DISTRITO FEDERAL (INTEIRO)
24555,DISTRITO FEDERAL (INTEIRO)
24556,IX
24557,XXVIII
24558,XXVIII
24559,DISTRITO FEDERAL (INTEIRO)
24560,DISTRITO FEDERAL (INTEIRO)
24561,XII
24562,XXXIII
24563,X
24564,IV
24565,IX
24566,XXV
24567,IX
24568,DISTRITO FEDERAL (INTEIRO)
24569,DISTRITO FEDERAL (INTEIRO)
24570,DISTRITO FEDERAL (INTEIRO)
24571,DISTRITO FEDERAL (INTEIRO)
24572,IX
24573,IX
24574,DISTRITO FEDERAL (INTEIRO)
24575,DISTRITO FEDERAL (INTEIRO)
24576,DISTRITO FEDERAL (INTEIRO)
24577,DISTRITO FEDERAL (INTEIRO)
24578,II
24579,XXVII
24580,DISTRITO FEDERAL (INTEIRO)
24581,DISTRITO FEDERAL (INTEIRO)
24582,DISTRITO FEDERAL (INTEIRO)
24583,DISTRITO FEDERAL (INTEIRO)
24583,IV
24584,DISTRITO FEDERAL (INTEIRO)
24585,DISTRITO FEDERAL (INTEIRO)
24586,VI
24587,DISTRITO FEDERAL (INTEIRO)
24588,III
24589,XII
24590,DISTRITO FEDERAL (INTEIRO)
24591,XXXII
24592,XIII
24593,XIX
24594,IV
24595,DISTRITO FEDERAL (INTEIRO)
24595,XXI
24596,XXVII
24597,III
24598,IV
24599,DISTRITO FEDERAL (INTEIRO)
24600,DISTRITO FEDERAL (INTEIRO)
24601,DISTRITO FEDERAL (INTEIRO)
24602,III
24603,DISTRITO FEDERAL (INTEIRO)
24604,DISTRITO FEDERAL (INTEIRO)
24605,DISTRITO FEDERAL (INTEIRO)
24606,DISTRITO FEDERAL (INTEIRO)
24607,DISTRITO FEDERAL (INTEIRO)
24608,DISTRITO FEDERAL (INTEIRO)
24609,IX
24610,DISTRITO FEDERAL (INTEIRO)
24611,DISTRITO FEDERAL (INTEIRO)
24612,IV
24613,DISTRITO FEDERAL (INTEIRO)
24614,DISTRITO FEDERAL (INTEIRO)
24615,XII
24616,XXXV
24617,I
24618,XIV
24619,XXX
24620,DISTRITO FEDERAL (INTEIRO)
24621,DISTRITO FEDERAL (INTEIRO)
24622,DISTRITO FEDERAL (INTEIRO)
24623,IX
24624,DISTRITO FEDERAL (INTEIRO)
24625,IV
24626,XXVI
24627,DISTRITO FEDERAL (INTEIRO)
24628,DISTRITO FEDERAL (INTEIRO)
24629,DISTRITO FEDERAL (INTEIRO)
24630,DISTRITO FEDERAL (INTEIRO)
24631,DISTRITO FEDERAL (INTEIRO)
24632,XIII
24633,XII
24634,II
24635,V
24636,X
24637,IX
24638,XXIV
24639,DISTRITO FEDERAL (INTEIRO)
24640,DISTRITO FEDERAL (INTEIRO)
24641,DISTRITO FEDERAL (INTEIRO)
24642,III
24643,XII
24644,VI
24645,XXI
24646,I
24647,XI
24648,DISTRITO FEDERAL (INTEIRO)
24649,DISTRITO FEDERAL (INTEIRO)
24650,DISTRITO FEDERAL (INTEIRO)
24651,DISTRITO FEDERAL (INTEIRO)
24652,DISTRITO FEDERAL (INTEIRO)
24653,DISTRITO FEDERAL (INTEIRO)
24654,DISTRITO FEDERAL (INTEIRO)
24655,DISTRITO FEDERAL (INTEIRO)
24656,XII
24657,IX
24658,XIV
24659,XXVIII
24660,DISTRITO FEDERAL (INTEIRO)
24661,XVIII
24662,IV
24663,DISTRITO FEDERAL (INTEIRO)
24664,I
24665,XXX
24666,II
24667,V
24668,II
24669,II
24670,II
24671,X
24672,VI
24673,DISTRITO FEDERAL (INTEIRO)
24674,DISTRITO FEDERAL (INTEIRO)
24675,DISTRITO FEDERAL (INTEIRO)
24676,II
24677,DISTRITO FEDERAL (INTEIRO)
24678,III
24679,DISTRITO FEDERAL (INTEIRO)
24680,DISTRITO FEDERAL (INTEIRO)
24681,DISTRITO FEDERAL (INTEIRO)
24682,DISTRITO FEDERAL (INTEIRO)
24683,DISTRITO FEDERAL (INTEIRO)
24684,XII
24685,V
24686,XXXII
24687,VI
24688,XXV
24689,XVI
24690,XIX
24691,DISTRITO FEDERAL (INTEIRO)
24692,XIV
24692,XXVII
24693,XIII
24694,DISTRITO FEDERAL (INTEIRO)
24695,DISTRITO FEDERAL (INTEIRO)
24696,DISTRITO FEDERAL (INTEIRO)
24697,DISTRITO FEDERAL (INTEIRO)
24698,DISTRITO FEDERAL (INTEIRO)
24699,DISTRITO FEDERAL (INTEIRO)
24700,DISTRITO FEDERAL (INTEIRO)
24701,DISTRITO FEDERAL (INTEIRO)
24702,DISTRITO FEDERAL (INTEIRO)
24703,DISTRITO FEDERAL (INTEIRO)
24704,DISTRITO FEDERAL (INTEIRO)
24705,DISTRITO FEDERAL (INTEIRO)
24706,DISTRITO FEDERAL (INTEIRO)
24707,DISTRITO FEDERAL (INTEIRO)
24708,DISTRITO FEDERAL (INTEIRO)
24709,DISTRITO FEDERAL (INTEIRO)
24710,DISTRITO FEDERAL (INTEIRO)
24711,DISTRITO FEDERAL (INTEIRO)
24712,DISTRITO FEDERAL (INTEIRO)
24713,XII
24714,IX
24715,DISTRITO FEDERAL (INTEIRO)
24716,XXIII
24717,VI
24718,V
24719,DISTRITO FEDERAL (INTEIRO)
24720,XXVIII
24721,DISTRITO FEDERAL (INTEIRO)
24722,DISTRITO FEDERAL (INTEIRO)
24723,VI
24724,DISTRITO FEDERAL (INTEIRO)
24725,DISTRITO FEDERAL (INTEIRO)
24726,X
24727,X
24728,X
24729,X
24730,X
24731,X
24732,DISTRITO FEDERAL (INTEIRO)
24733,DISTRITO FEDERAL (INTEIRO)
24734,DISTRITO FEDERAL (INTEIRO)
24735,DISTRITO FEDERAL (INTEIRO)
24736,DISTRITO FEDERAL (INTEIRO)
24737,DISTRITO FEDERAL (INTEIRO)
24738,XVIII
24739,DISTRITO FEDERAL (INTEIRO)
24740,DISTRITO FEDERAL (INTEIRO)
24741,DISTRITO FEDERAL (INTEIRO)
24742,XII
24743,II
24744,XV
24745,DISTRITO FEDERAL (INTEIRO)
24746,XIX
24747,XIV
24748,VIII
24749,DISTRITO FEDERAL (INTEIRO)
24750,DISTRITO FEDERAL (INTEIRO)
24751,DISTRITO FEDERAL (INTEIRO)
24752,DISTRITO FEDERAL (INTEIRO)
24753,XXXIV
24754,XII
24755,IX
24756,III
24757,X
24758,VII
24759,DISTRITO FEDERAL (INTEIRO)
24760,XXVI
24761,XXVI
24762,V
24763,DISTRITO FEDERAL (INTEIRO)
24764,XXV
24765,II
24766,V
24767,V
24768,DISTRITO FEDERAL (INTEIRO)
24769,DISTRITO FEDERAL (INTEIRO)
24770,I
24771,III
24772,DISTRITO FEDERAL (INTEIRO)
24773,DISTRITO FEDERAL (INTEIRO)
24774,X
24775,X
24776,DISTRITO FEDERAL (INTEIRO)
24777,DISTRITO FEDERAL (INTEIRO)
24778,XII
24779,XX
24780,XIII
24781,XI
24782,X
24783,XVII
24784,X
24785,DISTRITO FEDERAL (INTEIRO)
24786,XXVIII
24787,XXVIII
24788,DISTRITO FEDERAL (INTEIRO)
24789,DISTRITO FEDERAL (INTEIRO)
24790,DISTRITO FEDERAL (INTEIRO)
24791,DISTRITO FEDERAL (INTEIRO)
24792,IX
24793,DISTRITO FEDERAL (INTEIRO)
24794,IX
24795,DISTRITO FEDERAL (INTEIRO)
24796,DISTRITO FEDERAL (INTEIRO)
24797,DISTRITO FEDERAL (INTEIRO)
24798,DISTRITO FEDERAL (INTEIRO)
24799,VII
24800,XIII
24801,XII
24802,XXVI
24803,XXI
24804,IV
24805,VI
24806,DISTRITO FEDERAL (INTEIRO)
24807,DISTRITO FEDERAL (INTEIRO)
24808,DISTRITO FEDERAL (INTEIRO)
24809,DISTRITO FEDERAL (INTEIRO)
24810,DISTRITO FEDERAL (INTEIRO)
24811,DISTRITO FEDERAL (INTEIRO)
24812,XIII
24813,DISTRITO FEDERAL (INTEIRO)
24814,XIII
24815,XIII
24816,DISTRITO FEDERAL (INTEIRO)
24817,DISTRITO FEDERAL (INTEIRO)
24818,DISTRITO FEDERAL (INTEIRO)
24819,DISTRITO FEDERAL (INTEIRO)
24820,XII
24821,VIII
24822,XXX
24823,XVI
24824,XXV
24825,DISTRITO FEDERAL (INTEIRO)
24826,DISTRITO FEDERAL (INTEIRO)
24827,XXVIII
24828,V
24829,DISTRITO FEDERAL (INTEIRO)
24830,DISTRITO FEDERAL (INTEIRO)
24831,XXVII
24832,DISTRITO FEDERAL (INTEIRO)
24833,DISTRITO FEDERAL (INTEIRO)
24834,DISTRITO FEDERAL (INTEIRO)
24835,DISTRITO FEDERAL (INTEIRO)
24836,DISTRITO FEDERAL (INTEIRO)
24837,DISTRITO FEDERAL (INTEIRO)
24838,DISTRITO FEDERAL (INTEIRO)
24839,DISTRITO FEDERAL (INTEIRO)
24840,XII
24841,III
24842,II
24843,IX
24844,VI
24845,VIII
24846,DISTRITO FEDERAL (INTEIRO)
24847,DISTRITO FEDERAL (INTEIRO)
24848,DISTRITO FEDERAL (INTEIRO)
24849,DISTRITO FEDERAL (INTEIRO)
24850,DISTRITO FEDERAL (INTEIRO)
24851,XII
24852,XX
24853,V
24854,XV
24855,XXI
24856,DISTRITO FEDERAL (INTEIRO)
24857,DISTRITO FEDERAL (INTEIRO)
24858,DISTRITO FEDERAL (INTEIRO)
24859,DISTRITO FEDERAL (INTEIRO)
24860,DISTRITO FEDERAL (INTEIRO)
24861,DISTRITO FEDERAL (INTEIRO)
24862,DISTRITO FEDERAL (INTEIRO)
24863,DISTRITO FEDERAL (INTEIRO)
24864,DISTRITO FEDERAL (INTEIRO)
24865,XII
24866,I
24867,II
24868,X
24869,IV
24870,VI
24871,XV
24872,III
24873,XXI
24874,II
24875,DISTRITO FEDERAL (INTEIRO)
24876,II
24877,DISTRITO FEDERAL (INTEIRO)
24878,DISTRITO FEDERAL (INTEIRO)
24879,DISTRITO FEDERAL (INTEIRO)
24880,DISTRITO FEDERAL (INTEIRO)
24881,DISTRITO FEDERAL (INTEIRO)
24882,DISTRITO FEDERAL (INTEIRO)
24883,IX
24884,DISTRITO FEDERAL (INTEIRO)
24885,DISTRITO FEDERAL (INTEIRO)
24886,DISTRITO FEDERAL (INTEIRO)
24887,DISTRITO FEDERAL (INTEIRO)
24888,DISTRITO FEDERAL (INTEIRO)
24889,DISTRITO FEDERAL (INTEIRO)
24890,DISTRITO FEDERAL (INTEIRO)
24891,DISTRITO FEDERAL (INTEIRO)
24892,DISTRITO FEDERAL (INTEIRO)
24893,VII
24894,DISTRITO FEDERAL (INTEIRO)
24895,DISTRITO FEDERAL (INTEIRO)
24896,DISTRITO FEDERAL (INTEIRO)
24897,DISTRITO FEDERAL (INTEIRO)
24898,I
24899,XXVIII
24900,XII
24901,XXXV
24902,XXXIII
24903,IV
24904,IX
24905,IX
24906,IX
24907,DISTRITO FEDERAL (INTEIRO)
24908,DISTRITO FEDERAL (INTEIRO)
24909,DISTRITO FEDERAL (INTEIRO)
24910,II
24911,DISTRITO FEDERAL (INTEIRO)
24912,DISTRITO FEDERAL (INTEIRO)
24913,DISTRITO FEDERAL (INTEIRO)
24914,DISTRITO FEDERAL (INTEIRO)
24915,DISTRITO FEDERAL (INTEIRO)
24916,DISTRITO FEDERAL (INTEIRO)
24917,IV
24918,I
24919,I
24920,DISTRITO FEDERAL (INTEIRO)
24921,DISTRITO FEDERAL (INTEIRO)
24922,DISTRITO FEDERAL (INTEIRO)
24923,IX
24924,XXVI
24925,I
24926,XII
24927,II
24928,XIII
24929,XVII
24930,II
24931,XIV
24932,XVIII
24933,DISTRITO FEDERAL (INTEIRO)
24934,DISTRITO FEDERAL (INTEIRO)
24935,DISTRITO FEDERAL (INTEIRO)
24936,DISTRITO FEDERAL (INTEIRO)
24937,DISTRITO FEDERAL (INTEIRO)
24938,DISTRITO FEDERAL (INTEIRO)
24939,VI
24940,DISTRITO FEDERAL (INTEIRO)
24941,DISTRITO FEDERAL (INTEIRO)
24942,XII
24943,III
24944,V
24945,XXVIII
24946,XVIII
24947,DISTRITO FEDERAL (INTEIRO)
24948,DISTRITO FEDERAL (INTEIRO)
24949,DISTRITO FEDERAL (INTEIRO)
24950,DISTRITO FEDERAL (INTEIRO)
24951,DISTRITO FEDERAL (INTEIRO)
24952,DISTRITO FEDERAL (INTEIRO)
24953,DISTRITO FEDERAL (INTEIRO)
24954,DISTRITO FEDERAL (INTEIRO)
24955,XII
24956,IX
24957,X
24958,XX
24959,XVII
24960,I
24961,I
24962,I
24963,I
24964,XIX
24965,DISTRITO FEDERAL (INTEIRO)
24966,DISTRITO FEDERAL (INTEIRO)
24967,X
24968,DISTRITO FEDERAL (INTEIRO)
24969,VI
24970,DISTRITO FEDERAL (INTEIRO)
24971,VI
24972,DISTRITO FEDERAL (INTEIRO)
24973,DISTRITO FEDERAL (INTEIRO)
24974,DISTRITO FEDERAL (INTEIRO)
24975,XXVI
24976,DISTRITO FEDERAL (INTEIRO)
24977,XII
24978,XXXIV
24979,VII
24980,IV
24981,I
24982,DISTRITO FEDERAL (INTEIRO)
24983,DISTRITO FEDERAL (INTEIRO)
24984,DISTRITO FEDERAL (INTEIRO)
24985,DISTRITO FEDERAL (INTEIRO)
24986,DISTRITO FEDERAL (INTEIRO)
24987,DISTRITO FEDERAL (INTEIRO)
24988,XII
24989,DISTRITO FEDERAL (INTEIRO)
24990,III
24991,DISTRITO FEDERAL (INTEIRO)
24992,DISTRITO FEDERAL (INTEIRO)
24993,XII
24994,III
24995,XIII
24996,XV
24997,XXI
24998,XXXIV
24999,VI
25000,XXVIII
25001,DISTRITO FEDERAL (INTEIRO)
25002,DISTRITO FEDERAL (INTEIRO)
25003,DISTRITO FEDERAL (INTEIRO)
25004,DISTRITO FEDERAL (INTEIRO)
25005,DISTRITO FEDERAL (INTEIRO)
25006,DISTRITO FEDERAL (INTEIRO)
25007,XXVI
25008,VI
25009,XII
25010,DISTRITO FEDERAL (INTEIRO)
25011,I
25012,DISTRITO FEDERAL (INTEIRO)
25013,XI
25014,XXX
25015,IX
25016,DISTRITO FEDERAL (INTEIRO)
25016,VI
25017,DISTRITO FEDERAL (INTEIRO)
25018,DISTRITO FEDERAL (INTEIRO)
25019,II
25020,DISTRITO FEDERAL (INTEIRO)
25021,DISTRITO FEDERAL (INTEIRO)
25022,DISTRITO FEDERAL (INTEIRO)
25023,XXXIV
25024,DISTRITO FEDERAL (INTEIRO)
25025,DISTRITO FEDERAL (INTEIRO)
25026,XXXII
25027,DISTRITO FEDERAL (INTEIRO)
25028,XXXII
25029,DISTRITO FEDERAL (INTEIRO)
25030,VI
25031,DISTRITO FEDERAL (INTEIRO)
25032,DISTRITO FEDERAL (INTEIRO)
25033,DISTRITO FEDERAL (INTEIRO)
25034,XII
25035,XV
25036,V
25037,XXXII
25038,VI
25039,DISTRITO FEDERAL (INTEIRO)
25040,DISTRITO FEDERAL (INTEIRO)
25041,DISTRITO FEDERAL (INTEIRO)
25042,DISTRITO FEDERAL (INTEIRO)
25043,IV
25044,DISTRITO FEDERAL (INTEIRO)
25045,DISTRITO FEDERAL (INTEIRO)
25046,DISTRITO FEDERAL (INTEIRO)
25047,DISTRITO FEDERAL (INTEIRO)
25048,DISTRITO FEDERAL (INTEIRO)
25049,DISTRITO FEDERAL (INTEIRO)
25050,DISTRITO FEDERAL (INTEIRO)
25050,XXVII
25051,XXVI
25052,XXVI
25053,XXVI
25054,DISTRITO FEDERAL (INTEIRO)
25055,XII
25056,IX
25057,III
25058,DISTRITO FEDERAL (INTEIRO)
25059,XXVIII
25060,XIV
25061,DISTRITO FEDERAL (INTEIRO)
25062,DISTRITO FEDERAL (INTEIRO)
25063,DISTRITO FEDERAL (INTEIRO)
25064,DISTRITO FEDERAL (INTEIRO)
25065,DISTRITO FEDERAL (INTEIRO)
25066,I
25067,II
25068,III
25069,IV
25070,V
25071,VI
25072,VII
25073,VIII
25074,IX
25075,X
25076,DISTRITO FEDERAL (INTEIRO)
25077,XI
25078,XII
25079,XIII
25080,XIV
25081,XV
25082,XVI
25083,XVII
25084,XVIII
25085,XIX
25086,XX
25087,XXI
25088,XXII
25089,XXIII
25090,XXIV
25091,XXV
25092,XXVI
25093,XXVII
25094,XXVIII
25095,XXIX
25096,XXX
25097,XXXI
25098,XXXII
25099,XXXIII
25100,XXXIV
25101,XXXV
25102,DISTRITO FEDERAL (INTEIRO)
25103,DISTRITO FEDERAL (INTEIRO)
25104,V
25105,V
25106,DISTRITO FEDERAL (INTEIRO)
25107,XII
25108,XVII
25109,XXV
25110,DISTRITO FEDERAL (INTEIRO)
25111,XXXII
25112,DISTRITO FEDERAL (INTEIRO)
25113,XI
25114,DISTRITO FEDERAL (INTEIRO)
25115,DISTRITO FEDERAL (INTEIRO)
25116,DISTRITO FEDERAL (INTEIRO)
25117,DISTRITO FEDERAL (INTEIRO)
25118,OUTROS ESTADOS
25119,DISTRITO FEDERAL (INTEIRO)
25120,DISTRITO FEDERAL (INTEIRO)
25121,DISTRITO FEDERAL (INTEIRO)
25122,DISTRITO FEDERAL (INTEIRO)
25123,DISTRITO FEDERAL (INTEIRO)
25123,III
25124,DISTRITO FEDERAL (INTEIRO)
25124,X
25125,DISTRITO FEDERAL (INTEIRO)
25125,II
25126,DISTRITO FEDERAL (INTEIRO)
25127,XII
25128,XXXIII
25129,XX
25130,IV
25131,DISTRITO FEDERAL (INTEIRO)
25132,VI
25133,DISTRITO FEDERAL (INTEIRO)
25134,DISTRITO FEDERAL (INTEIRO)
25135,DISTRITO FEDERAL (INTEIRO)
25136,DISTRITO FEDERAL (INTEIRO)
25137,DISTRITO FEDERAL (INTEIRO)
25138,DISTRITO FEDERAL (INTEIRO)
25139,DISTRITO FEDERAL (INTEIRO)
25140,DISTRITO FEDERAL (INTEIRO)
25141,DISTRITO FEDERAL (INTEIRO)
25142,DISTRITO FEDERAL (INTEIRO)
25143,DISTRITO FEDERAL (INTEIRO)
25144,DISTRITO FEDERAL (INTEIRO)
25145,DISTRITO FEDERAL (INTEIRO)
25146,DISTRITO FEDERAL (INTEIRO)
25147,DISTRITO FEDERAL (INTEIRO)
25148,DISTRITO FEDERAL (INTEIRO)
25149,XII
25150,DISTRITO FEDERAL (INTEIRO)
25151,DISTRITO FEDERAL (INTEIRO)
25152,DISTRITO FEDERAL (INTEIRO)
25153,XII
25154,XXIX
25155,XXI
25156,XVIII
25157,DISTRITO FEDERAL (INTEIRO)
25158,XXIV
25159,DISTRITO FEDERAL (INTEIRO)
25160,DISTRITO FEDERAL (INTEIRO)
25161,DISTRITO FEDERAL (INTEIRO)
25162,DISTRITO FEDERAL (INTEIRO)
25163,DISTRITO FEDERAL (INTEIRO)
25164,DISTRITO FEDERAL (INTEIRO)
25165,DISTRITO FEDERAL (INTEIRO)
25166,XII
25167,V
25168,VII
25169,III
25170,XXXI
25171,DISTRITO FEDERAL (INTEIRO)
25172,DISTRITO FEDERAL (INTEIRO)
25173,DISTRITO FEDERAL (INTEIRO)
25174,DISTRITO FEDERAL (INTEIRO)
25175,DISTRITO FEDERAL (INTEIRO)
25176,DISTRITO FEDERAL (INTEIRO)
25177,X
25178,DISTRITO FEDERAL (INTEIRO)
25179,X
25180,DISTRITO FEDERAL (INTEIRO)
25181,DISTRITO FEDERAL (INTEIRO)
25182,DISTRITO FEDERAL (INTEIRO)
25183,DISTRITO FEDERAL (INTEIRO)
25184,DISTRITO FEDERAL (INTEIRO)
25185,DISTRITO FEDERAL (INTEIRO)
25186,DISTRITO FEDERAL (INTEIRO)
25187,DISTRITO FEDERAL (INTEIRO)
25188,DISTRITO FEDERAL (INTEIRO)
25189,DISTRITO FEDERAL (INTEIRO)
25190,DISTRITO FEDERAL (INTEIRO)
25191,VI
25192,XIII
25193,II
25194,XII
25195,IX
25196,XXVIII
25197,XVII
25198,XIV
25199,XII
25200,XXXV
25201,DISTRITO FEDERAL (INTEIRO)
25202,XIII
25203,I
25204,DISTRITO FEDERAL (INTEIRO)
25205,I
25206,DISTRITO FEDERAL (INTEIRO)
25207,DISTRITO FEDERAL (INTEIRO)
25208,DISTRITO FEDERAL (INTEIRO)
25209,DISTRITO FEDERAL (INTEIRO)
25210,DISTRITO FEDERAL (INTEIRO)
25211,DISTRITO FEDERAL (INTEIRO)
25212,DISTRITO FEDERAL (INTEIRO)
25213,DISTRITO FEDERAL (INTEIRO)
25214,DISTRITO FEDERAL (INTEIRO)
25215,DISTRITO FEDERAL (INTEIRO)
25216,DISTRITO FEDERAL (INTEIRO)
25217,DISTRITO FEDERAL (INTEIRO)
25218,DISTRITO FEDERAL (INTEIRO)
25219,DISTRITO FEDERAL (INTEIRO)
25220,XIX
25221,DISTRITO FEDERAL (INTEIRO)
25222,DISTRITO FEDERAL (INTEIRO)
25223,DISTRITO FEDERAL (INTEIRO)
25224,DISTRITO FEDERAL (INTEIRO)
25225,DISTRITO FEDERAL (INTEIRO)
25226,DISTRITO FEDERAL (INTEIRO)
25227,DISTRITO FEDERAL (INTEIRO)
25228,DISTRITO FEDERAL (INTEIRO)
25229,DISTRITO FEDERAL (INTEIRO)
25230,DISTRITO FEDERAL (INTEIRO)
25231,DISTRITO FEDERAL (INTEIRO)
25232,DISTRITO FEDERAL (INTEIRO)
25233,DISTRITO FEDERAL (INTEIRO)
25234,DISTRITO FEDERAL (INTEIRO)
25235,XII
25236,XXXIII
25237,XVIII
25238,VI
25239,XXXII
25240,DISTRITO FEDERAL (INTEIRO)
25241,XXV
25242,VI
25243,DISTRITO FEDERAL (INTEIRO)
25244,DISTRITO FEDERAL (INTEIRO)
25245,XXXIV
25246,DISTRITO FEDERAL (INTEIRO)
25247,DISTRITO FEDERAL (INTEIRO)
25248,DISTRITO FEDERAL (INTEIRO)
25249,DISTRITO FEDERAL (INTEIRO)
25250,DISTRITO FEDERAL (INTEIRO)
25251,DISTRITO FEDERAL (INTEIRO)
25252,DISTRITO FEDERAL (INTEIRO)
25253,DISTRITO FEDERAL (INTEIRO)
25254,DISTRITO FEDERAL (INTEIRO)
25255,DISTRITO FEDERAL (INTEIRO)
25256,DISTRITO FEDERAL (INTEIRO)
25257,DISTRITO FEDERAL (INTEIRO)
25258,DISTRITO FEDERAL (INTEIRO)
25259,DISTRITO FEDERAL (INTEIRO)
25260,DISTRITO FEDERAL (INTEIRO)
25261,DISTRITO FEDERAL (INTEIRO)
25262,DISTRITO FEDERAL (INTEIRO)
25263,DISTRITO FEDERAL (INTEIRO)
25264,DISTRITO FEDERAL (INTEIRO)
25265,DISTRITO FEDERAL (INTEIRO)
25266,DISTRITO FEDERAL (INTEIRO)
25267,DISTRITO FEDERAL (INTEIRO)
25268,DISTRITO FEDERAL (INTEIRO)
25269,DISTRITO FEDERAL (INTEIRO)
25270,DISTRITO FEDERAL (INTEIRO)
25271,DISTRITO FEDERAL (INTEIRO)
25272,DISTRITO FEDERAL (INTEIRO)
25273,DISTRITO FEDERAL (INTEIRO)
25274,DISTRITO FEDERAL (INTEIRO)
25275,DISTRITO FEDERAL (INTEIRO)
25276,DISTRITO FEDERAL (INTEIRO)
25277,DISTRITO FEDERAL (INTEIRO)
25278,DISTRITO FEDERAL (INTEIRO)
25279,DISTRITO FEDERAL (INTEIRO)
25280,DISTRITO FEDERAL (INTEIRO)
25281,DISTRITO FEDERAL (INTEIRO)
25282,DISTRITO FEDERAL (INTEIRO)
25283,DISTRITO FEDERAL (INTEIRO)
25284,DISTRITO FEDERAL (INTEIRO)
25285,DISTRITO FEDERAL (INTEIRO)
25286,DISTRITO FEDERAL (INTEIRO)
25287,DISTRITO FEDERAL (INTEIRO)
25288,DISTRITO FEDERAL (INTEIRO)
25289,DISTRITO FEDERAL (INTEIRO)
25290,DISTRITO FEDERAL (INTEIRO)
25291,DISTRITO FEDERAL (INTEIRO)
25292,DISTRITO FEDERAL (INTEIRO)
25293,DISTRITO FEDERAL (INTEIRO)
25294,DISTRITO FEDERAL (INTEIRO)
25295,DISTRITO FEDERAL (INTEIRO)
25296,DISTRITO FEDERAL (INTEIRO)
25297,DISTRITO FEDERAL (INTEIRO)
25298,DISTRITO FEDERAL (INTEIRO)
25299,DISTRITO FEDERAL (INTEIRO)
25300,DISTRITO FEDERAL (INTEIRO)
25301,DISTRITO FEDERAL (INTEIRO)
25302,DISTRITO FEDERAL (INTEIRO)
25303,DISTRITO FEDERAL (INTEIRO)
25304,DISTRITO FEDERAL (INTEIRO)
25305,DISTRITO FEDERAL (INTEIRO)
25306,DISTRITO FEDERAL (INTEIRO)
25307,DISTRITO FEDERAL (INTEIRO)
25308,DISTRITO FEDERAL (INTEIRO)
25309,DISTRITO FEDERAL (INTEIRO)
25310,DISTRITO FEDERAL (INTEIRO)
25311,DISTRITO FEDERAL (INTEIRO)
25312,DISTRITO FEDERAL (INTEIRO)
25313,DISTRITO FEDERAL (INTEIRO)
25314,DISTRITO FEDERAL (INTEIRO)
25315,DISTRITO FEDERAL (INTEIRO)
25316,DISTRITO FEDERAL (INTEIRO)
25317,DISTRITO FEDERAL (INTEIRO)
25318,DISTRITO FEDERAL (INTEIRO)
25319,DISTRITO FEDERAL (INTEIRO)
25320,DISTRITO FEDERAL (INTEIRO)
25321,DISTRITO FEDERAL (INTEIRO)
25322,DISTRITO FEDERAL (INTEIRO)
25323,DISTRITO FEDERAL (INTEIRO)
25324,DISTRITO FEDERAL (INTEIRO)
25325,DISTRITO FEDERAL (INTEIRO)
25326,DISTRITO FEDERAL (INTEIRO)
25327,DISTRITO FEDERAL (INTEIRO)
25328,DISTRITO FEDERAL (INTEIRO)
25329,DISTRITO FEDERAL (INTEIRO)
25330,DISTRITO FEDERAL (INTEIRO)
25331,DISTRITO FEDERAL (INTEIRO)
25332,DISTRITO FEDERAL (INTEIRO)
25333,DISTRITO FEDERAL (INTEIRO)
25334,DISTRITO FEDERAL (INTEIRO)
25335,DISTRITO FEDERAL (INTEIRO)
25336,DISTRITO FEDERAL (INTEIRO)
25337,DISTRITO FEDERAL (INTEIRO)
25338,DISTRITO FEDERAL (INTEIRO)
25339,DISTRITO FEDERAL (INTEIRO)
25340,DISTRITO FEDERAL (INTEIRO)
25341,DISTRITO FEDERAL (INTEIRO)
25342,DISTRITO FEDERAL (INTEIRO)
25343,XII
25344,IX
25345,III
25346,II
25347,X
25348,III
25349,DISTRITO FEDERAL (INTEIRO)
25350,DISTRITO FEDERAL (INTEIRO)
25351,XXIV
25352,XXIV
25353,VI
25354,DISTRITO FEDERAL (INTEIRO)
25355,DISTRITO FEDERAL (INTEIRO)
25356,DISTRITO FEDERAL (INTEIRO)
25357,DISTRITO FEDERAL (INTEIRO)
25358,DISTRITO FEDERAL (INTEIRO)
25359,DISTRITO FEDERAL (INTEIRO)
25360,DISTRITO FEDERAL (INTEIRO)
25361,DISTRITO FEDERAL (INTEIRO)
25362,XII
25363,XV
25364,V
25365,XIII
25366,XXI
25367,DISTRITO FEDERAL (INTEIRO)
25368,DISTRITO FEDERAL (INTEIRO)
25369,DISTRITO FEDERAL (INTEIRO)
25370,DISTRITO FEDERAL (INTEIRO)
25371,DISTRITO FEDERAL (INTEIRO)
25372,DISTRITO FEDERAL (INTEIRO)
25373,DISTRITO FEDERAL (INTEIRO)
25374,DISTRITO FEDERAL (INTEIRO)
25375,DISTRITO FEDERAL (INTEIRO)
25376,DISTRITO FEDERAL (INTEIRO)
25377,ENTORNO
25378,DISTRITO FEDERAL (INTEIRO)
25379,DISTRITO FEDERAL (INTEIRO)
25380,DISTRITO FEDERAL (INTEIRO)
25381,DISTRITO FEDERAL (INTEIRO)
25382,DISTRITO FEDERAL (INTEIRO)
25383,DISTRITO FEDERAL (INTEIRO)
25384,DISTRITO FEDERAL (INTEIRO)
25385,DISTRITO FEDERAL (INTEIRO)
25386,XII
25387,XXXIV
25388,XXII
25389,VI
25390,X
25391,VII
25392,DISTRITO FEDERAL (INTEIRO)
25393,DISTRITO FEDERAL (INTEIRO)
25394,DISTRITO FEDERAL (INTEIRO)
25395,DISTRITO FEDERAL (INTEIRO)
25396,DISTRITO FEDERAL (INTEIRO)
25397,DISTRITO FEDERAL (INTEIRO)
25398,DISTRITO FEDERAL (INTEIRO)
25399,DISTRITO FEDERAL (INTEIRO)
25400,DISTRITO FEDERAL (INTEIRO)
25401,XV
25401,XXXV
25402,XII
25403,XXVI
25404,XXXII
25405,II
25406,XVII
25407,XIV
25408,DISTRITO FEDERAL (INTEIRO)
25409,DISTRITO FEDERAL (INTEIRO)
25410,DISTRITO FEDERAL (INTEIRO)
25411,XII
25412,DISTRITO FEDERAL (INTEIRO)
25413,VII
25414,VII
25415,DISTRITO FEDERAL (INTEIRO)
25416,VII
25417,DISTRITO FEDERAL (INTEIRO)
25418,VII
25419,V
25420,DISTRITO FEDERAL (INTEIRO)
25421,DISTRITO FEDERAL (INTEIRO)
25422,DISTRITO FEDERAL (INTEIRO)
25423,DISTRITO FEDERAL (INTEIRO)
25424,DISTRITO FEDERAL (INTEIRO)
25425,DISTRITO FEDERAL (INTEIRO)
25426,DISTRITO FEDERAL (INTEIRO)
25427,XII
25428,XX
25429,I
25430,XXIV
25431,I
25432,V
25433,DISTRITO FEDERAL (INTEIRO)
25434,DISTRITO FEDERAL (INTEIRO)
25435,DISTRITO FEDERAL (INTEIRO)
25436,DISTRITO FEDERAL (INTEIRO)
25437,XXXII
25438,XXXII
25439,XXXII
25440,DISTRITO FEDERAL (INTEIRO)
25441,DISTRITO FEDERAL (INTEIRO)
25442,DISTRITO FEDERAL (INTEIRO)
25443,DISTRITO FEDERAL (INTEIRO)
25444,DISTRITO FEDERAL (INTEIRO)
25445,DISTRITO FEDERAL (INTEIRO)
25446,VII
25446,XXVIII
25447,DISTRITO FEDERAL (INTEIRO)
25448,DISTRITO FEDERAL (INTEIRO)
25449,XII
25450,III
25451,IX
25452,II
25453,X
25454,DISTRITO FEDERAL (INTEIRO)
25455,DISTRITO FEDERAL (INTEIRO)
25456,XXXII
25457,XXXII
25458,XXXII
25459,DISTRITO FEDERAL (INTEIRO)
25460,DISTRITO FEDERAL (INTEIRO)
25461,XII
25462,IX
25463,VI
25464,IV
25465,XII
25466,V
25467,VI
25468,XXI
25469,XIV
25470,DISTRITO FEDERAL (INTEIRO)
25471,DISTRITO FEDERAL (INTEIRO)
25472,I
25473,VIII
25474,DISTRITO FEDERAL (INTEIRO)
25475,DISTRITO FEDERAL (INTEIRO)
25476,DISTRITO FEDERAL (INTEIRO)
25477,DISTRITO FEDERAL (INTEIRO)
25478,DISTRITO FEDERAL (INTEIRO)
25479,DISTRITO FEDERAL (INTEIRO)
25480,DISTRITO FEDERAL (INTEIRO)
25481,DISTRITO FEDERAL (INTEIRO)
25482,DISTRITO FEDERAL (INTEIRO)
25483,DISTRITO FEDERAL (INTEIRO)
25484,DISTRITO FEDERAL (INTEIRO)
25485,DISTRITO FEDERAL (INTEIRO)
25486,DISTRITO FEDERAL (INTEIRO)
25487,I
25488,DISTRITO FEDERAL (INTEIRO)
25489,XII
25490,DISTRITO FEDERAL (INTEIRO)
25491,XXXIV
25492,XX
25493,XXXIII
25494,IV
25495,DISTRITO FEDERAL (INTEIRO)
25496,VI
25497,DISTRITO FEDERAL (INTEIRO)
25498,VI
25499,DISTRITO FEDERAL (INTEIRO)
25500,VI
25501,DISTRITO FEDERAL (INTEIRO)
25502,DISTRITO FEDERAL (INTEIRO)
25503,DISTRITO FEDERAL (INTEIRO)
25504,DISTRITO FEDERAL (INTEIRO)
25505,DISTRITO FEDERAL (INTEIRO)
25506,IX
25507,DISTRITO FEDERAL (INTEIRO)
25508,DISTRITO FEDERAL (INTEIRO)
25509,DISTRITO FEDERAL (INTEIRO)
25510,VIII
25511,DISTRITO FEDERAL (INTEIRO)
25512,DISTRITO FEDERAL (INTEIRO)
25513,DISTRITO FEDERAL (INTEIRO)
25514,DISTRITO FEDERAL (INTEIRO)
25515,DISTRITO FEDERAL (INTEIRO)
25516,DISTRITO FEDERAL (INTEIRO)
25517,DISTRITO FEDERAL (INTEIRO)
25518,DISTRITO FEDERAL (INTEIRO)
25519,DISTRITO FEDERAL (INTEIRO)
25520,DISTRITO FEDERAL (INTEIRO)
25521,DISTRITO FEDERAL (INTEIRO)
25522,DISTRITO FEDERAL (INTEIRO)
25523,XII
25524,XVIII
25525,XI
25526,XXVIII
25527,XXV
25528,DISTRITO FEDERAL (INTEIRO)
25529,DISTRITO FEDERAL (INTEIRO)
25530,DISTRITO FEDERAL (INTEIRO)
25531,DISTRITO FEDERAL (INTEIRO)
25532,IX
25533,X
25534,X
25535,V
25536,V
25537,XXVI
25538,DISTRITO FEDERAL (INTEIRO)
25539,VI
25540,DISTRITO FEDERAL (INTEIRO)
25541,VI
25542,XII
25543,DISTRITO FEDERAL (INTEIRO)
25544,VIII
25545,DISTRITO FEDERAL (INTEIRO)
25546,XXXII
25547,IX
25548,XIII
25549,XIII
25550,DISTRITO FEDERAL (INTEIRO)
25551,V
25552,XII
25553,II
25554,DISTRITO FEDERAL (INTEIRO)
25555,III
25556,XXVI
25557,VI
25558,DISTRITO FEDERAL (INTEIRO)
25559,DISTRITO FEDERAL (INTEIRO)
25560,DISTRITO FEDERAL (INTEIRO)
25561,DISTRITO FEDERAL (INTEIRO)
25562,DISTRITO FEDERAL (INTEIRO)
25563,DISTRITO FEDERAL (INTEIRO)
25563,OUTROS ESTADOS
25564,DISTRITO FEDERAL (INTEIRO)
25565,DISTRITO FEDERAL (INTEIRO)
25566,DISTRITO FEDERAL (INTEIRO)
25567,DISTRITO FEDERAL (INTEIRO)
25568,DISTRITO FEDERAL (INTEIRO)
25569,DISTRITO FEDERAL (INTEIRO)
25570,XII
25571,X
25572,XV
25573,XXI
25574,DISTRITO FEDERAL (INTEIRO)
25575,XX
25576,DISTRITO FEDERAL (INTEIRO)
25577,DISTRITO FEDERAL (INTEIRO)
25578,DISTRITO FEDERAL (INTEIRO)
25579,DISTRITO FEDERAL (INTEIRO)
25580,DISTRITO FEDERAL (INTEIRO)
25581,DISTRITO FEDERAL (INTEIRO)
25582,DISTRITO FEDERAL (INTEIRO)
25582,XXXIV
25583,DISTRITO FEDERAL (INTEIRO)
25584,DISTRITO FEDERAL (INTEIRO)
25585,DISTRITO FEDERAL (INTEIRO)
25585,III
25586,DISTRITO FEDERAL (INTEIRO)
25586,I
25587,DISTRITO FEDERAL (INTEIRO)
25588,DISTRITO FEDERAL (INTEIRO)
25589,DISTRITO FEDERAL (INTEIRO)
25590,DISTRITO FEDERAL (INTEIRO)
25591,DISTRITO FEDERAL (INTEIRO)
25592,DISTRITO FEDERAL (INTEIRO)
25593,XII
25594,XXXIII
25595,V
25596,XXII
25597,XXV
25598,DISTRITO FEDERAL (INTEIRO)
25599,DISTRITO FEDERAL (INTEIRO)
25600,DISTRITO FEDERAL (INTEIRO)
25600,XVI
25601,DISTRITO FEDERAL (INTEIRO)
25602,DISTRITO FEDERAL (INTEIRO)
25603,X
25604,DISTRITO FEDERAL (INTEIRO)
25605,DISTRITO FEDERAL (INTEIRO)
25606,IX
25607,DISTRITO FEDERAL (INTEIRO)
25608,DISTRITO FEDERAL (INTEIRO)
25609,VI
25610,XII
25611,XXXII
25612,VI
25612,VII
25613,XXX
25614,XVI
25615,XXVIII
25616,V
25617,XIV
25618,DISTRITO FEDERAL (INTEIRO)
25619,DISTRITO FEDERAL (INTEIRO)
25620,DISTRITO FEDERAL (INTEIRO)
25621,DISTRITO FEDERAL (INTEIRO)
25622,DISTRITO FEDERAL (INTEIRO)
25623,DISTRITO FEDERAL (INTEIRO)
25624,DISTRITO FEDERAL (INTEIRO)
25625,DISTRITO FEDERAL (INTEIRO)
25626,II
25627,DISTRITO FEDERAL (INTEIRO)
25628,DISTRITO FEDERAL (INTEIRO)
25629,DISTRITO FEDERAL (INTEIRO)
25630,DISTRITO FEDERAL (INTEIRO)
25631,DISTRITO FEDERAL (INTEIRO)
25632,XII
25633,III
25634,IX
25635,X
25636,V
25637,DISTRITO FEDERAL (INTEIRO)
25638,DISTRITO FEDERAL (INTEIRO)
25639,DISTRITO FEDERAL (INTEIRO)
25640,DISTRITO FEDERAL (INTEIRO)
25641,DISTRITO FEDERAL (INTEIRO)
25642,DISTRITO FEDERAL (INTEIRO)
25643,DISTRITO FEDERAL (INTEIRO)
25644,DISTRITO FEDERAL (INTEIRO)
25645,DISTRITO FEDERAL (INTEIRO)
25646,DISTRITO FEDERAL (INTEIRO)
25647,DISTRITO FEDERAL (INTEIRO)
25648,DISTRITO FEDERAL (INTEIRO)
25649,DISTRITO FEDERAL (INTEIRO)
25650,XIII
25651,XII
25652,VI
25653,II
25653,XIII
25654,XXXII
25655,XX
25656,DISTRITO FEDERAL (INTEIRO)
25657,DISTRITO FEDERAL (INTEIRO)
25658,DISTRITO FEDERAL (INTEIRO)
25659,DISTRITO FEDERAL (INTEIRO)
25660,DISTRITO FEDERAL (INTEIRO)
25661,DISTRITO FEDERAL (INTEIRO)
25662,DISTRITO FEDERAL (INTEIRO)
25663,DISTRITO FEDERAL (INTEIRO)
25664,DISTRITO FEDERAL (INTEIRO)
25665,DISTRITO FEDERAL (INTEIRO)
25666,X
25667,DISTRITO FEDERAL (INTEIRO)
25668,DISTRITO FEDERAL (INTEIRO)
25669,DISTRITO FEDERAL (INTEIRO)
25670,DISTRITO FEDERAL (INTEIRO)
25671,DISTRITO FEDERAL (INTEIRO)
25672,DISTRITO FEDERAL (INTEIRO)
25673,DISTRITO FEDERAL (INTEIRO)
25674,DISTRITO FEDERAL (INTEIRO)
25675,DISTRITO FEDERAL (INTEIRO)
25676,DISTRITO FEDERAL (INTEIRO)
25677,DISTRITO FEDERAL (INTEIRO)
25678,XII
25679,XXV
25680,XXVI
25681,XV
25682,X
25683,XXI
25684,DISTRITO FEDERAL (INTEIRO)
25685,DISTRITO FEDERAL (INTEIRO)
25686,DISTRITO FEDERAL (INTEIRO)
25687,DISTRITO FEDERAL (INTEIRO)
25688,VII
25689,DISTRITO FEDERAL (INTEIRO)
25690,DISTRITO FEDERAL (INTEIRO)
25691,DISTRITO FEDERAL (INTEIRO)
25692,DISTRITO FEDERAL (INTEIRO)
25692,XXX
25693,III
25694,DISTRITO FEDERAL (INTEIRO)
25695,DISTRITO FEDERAL (INTEIRO)
25696,DISTRITO FEDERAL (INTEIRO)
25697,DISTRITO FEDERAL (INTEIRO)
25698,DISTRITO FEDERAL (INTEIRO)
25699,XII
25700,III
25701,XXX
25702,XXVIII
25703,IV
25704,DISTRITO FEDERAL (INTEIRO)
25705,DISTRITO FEDERAL (INTEIRO)
25706,DISTRITO FEDERAL (INTEIRO)
25707,DISTRITO FEDERAL (INTEIRO)
25708,DISTRITO FEDERAL (INTEIRO)
25709,DISTRITO FEDERAL (INTEIRO)
25710,DISTRITO FEDERAL (INTEIRO)
25711,DISTRITO FEDERAL (INTEIRO)
25712,DISTRITO FEDERAL (INTEIRO)
25713,DISTRITO FEDERAL (INTEIRO)
25714,XII
25715,II
25716,XV
25717,XIII
25718,IX
25719,X
25720,X
25721,X
25722,XXXII
25723,VI
25724,V
25725,DISTRITO FEDERAL (INTEIRO)
25726,DISTRITO FEDERAL (INTEIRO)
25727,DISTRITO FEDERAL (INTEIRO)
25728,DISTRITO FEDERAL (INTEIRO)
25729,DISTRITO FEDERAL (INTEIRO)
25730,DISTRITO FEDERAL (INTEIRO)
25731,DISTRITO FEDERAL (INTEIRO)
25732,XIII
25733,DISTRITO FEDERAL (INTEIRO)
25734,XII
25735,DISTRITO FEDERAL (INTEIRO)
25736,III
25737,V
25738,XXI
25739,XIX
25740,DISTRITO FEDERAL (INTEIRO)
25741,DISTRITO FEDERAL (INTEIRO)
25742,XXXII
25743,DISTRITO FEDERAL (INTEIRO)
25744,DISTRITO FEDERAL (INTEIRO)
25745,DISTRITO FEDERAL (INTEIRO)
25746,DISTRITO FEDERAL (INTEIRO)
25747,DISTRITO FEDERAL (INTEIRO)
25748,DISTRITO FEDERAL (INTEIRO)
25749,XII
25750,DISTRITO FEDERAL (INTEIRO)
25751,XVII
25752,XXXI
25753,XXIV
25754,I
25755,IV
25756,DISTRITO FEDERAL (INTEIRO)
25757,DISTRITO FEDERAL (INTEIRO)
25758,DISTRITO FEDERAL (INTEIRO)
25759,DISTRITO FEDERAL (INTEIRO)
25760,DISTRITO FEDERAL (INTEIRO)
25761,DISTRITO FEDERAL (INTEIRO)
25762,ENTORNO
25763,VIII
25764,XII
25765,II
25766,XXXII
25767,VI
25768,VI
25769,XXVIII
25770,VI
25771,IV
25772,DISTRITO FEDERAL (INTEIRO)
25773,DISTRITO FEDERAL (INTEIRO)
25774,DISTRITO FEDERAL (INTEIRO)
25775,DISTRITO FEDERAL (INTEIRO)
25776,DISTRITO FEDERAL (INTEIRO)
25777,DISTRITO FEDERAL (INTEIRO)
25778,XII
25779,III
25780,X
25781,XI
25782,XXXI
25783,XIV
25784,XIV
25785,XIV
25786,XIV
25787,DISTRITO FEDERAL (INTEIRO)
25788,DISTRITO FEDERAL (INTEIRO)
25789,DISTRITO FEDERAL (INTEIRO)
25790,DISTRITO FEDERAL (INTEIRO)
25791,DISTRITO FEDERAL (INTEIRO)
25792,DISTRITO FEDERAL (INTEIRO)
25793,DISTRITO FEDERAL (INTEIRO)
25794,DISTRITO FEDERAL (INTEIRO)
25795,DISTRITO FEDERAL (INTEIRO)
25796,DISTRITO FEDERAL (INTEIRO)
25797,DISTRITO FEDERAL (INTEIRO)
25798,DISTRITO FEDERAL (INTEIRO)
25799,DISTRITO FEDERAL (INTEIRO)
25800,DISTRITO FEDERAL (INTEIRO)
25801,XII
25802,III
25802,IX
25803,I
25804,VII
25804,XXVIII
25805,XXXII
25806,DISTRITO FEDERAL (INTEIRO)
25807,DISTRITO FEDERAL (INTEIRO)
25808,DISTRITO FEDERAL (INTEIRO)
25809,III
25809,XII
25810,XV
25811,II
25812,XX
25813,XXV
25814,X
25815,DISTRITO FEDERAL (INTEIRO)
25816,DISTRITO FEDERAL (INTEIRO)
25817,DISTRITO FEDERAL (INTEIRO)
25818,DISTRITO FEDERAL (INTEIRO)
25819,DISTRITO FEDERAL (INTEIRO)
25820,VI
25821,VIII
25822,VI
25823,X
25824,DISTRITO FEDERAL (INTEIRO)
25825,DISTRITO FEDERAL (INTEIRO)
25826,DISTRITO FEDERAL (INTEIRO)
25827,DISTRITO FEDERAL (INTEIRO)
25828,DISTRITO FEDERAL (INTEIRO)
25829,DISTRITO FEDERAL (INTEIRO)
25830,DISTRITO FEDERAL (INTEIRO)
25831,DISTRITO FEDERAL (INTEIRO)
25832,DISTRITO FEDERAL (INTEIRO)
25833,DISTRITO FEDERAL (INTEIRO)
25834,DISTRITO FEDERAL (INTEIRO)
25835,DISTRITO FEDERAL (INTEIRO)
25836,XXXIV
25837,XII
25838,XXXIII
25839,XI
25840,XXVIII
25841,DISTRITO FEDERAL (INTEIRO)
25841,XXXV
25842,XXIV
25843,DISTRITO FEDERAL (INTEIRO)
25844,DISTRITO FEDERAL (INTEIRO)
25845,DISTRITO FEDERAL (INTEIRO)
25846,DISTRITO FEDERAL (INTEIRO)
25847,II
25848,XXXIV
25849,II
25850,II
25851,II
25852,DISTRITO FEDERAL (INTEIRO)
25853,II
25854,DISTRITO FEDERAL (INTEIRO)
25855,II
25856,DISTRITO FEDERAL (INTEIRO)
25857,DISTRITO FEDERAL (INTEIRO)
25858,DISTRITO FEDERAL (INTEIRO)
25859,DISTRITO FEDERAL (INTEIRO)
25860,DISTRITO FEDERAL (INTEIRO)
25861,I
25862,I
25863,DISTRITO FEDERAL (INTEIRO)
25864,V
25865,VIII
25866,V
25867,V
25868,DISTRITO FEDERAL (INTEIRO)
25869,DISTRITO FEDERAL (INTEIRO)
25870,DISTRITO FEDERAL (INTEIRO)
25871,DISTRITO FEDERAL (INTEIRO)
25872,DISTRITO FEDERAL (INTEIRO)
25873,DISTRITO FEDERAL (INTEIRO)
25874,DISTRITO FEDERAL (INTEIRO)
25875,DISTRITO FEDERAL (INTEIRO)
25876,DISTRITO FEDERAL (INTEIRO)
25877,XII
25878,XX
25879,XXIII
25880,DISTRITO FEDERAL (INTEIRO)
25881,DISTRITO FEDERAL (INTEIRO)
25882,V
25883,XXII
25884,DISTRITO FEDERAL (INTEIRO)
25885,DISTRITO FEDERAL (INTEIRO)
25886,DISTRITO FEDERAL (INTEIRO)
25887,XII
25888,XXXIV
25889,I
25890,XXI
25891,XVI
25892,XII
25893,III
25894,IX
25895,II
25896,XV
25897,DISTRITO FEDERAL (INTEIRO)
25898,DISTRITO FEDERAL (INTEIRO)
25899,DISTRITO FEDERAL (INTEIRO)
25900,XII
25901,V
25902,XXXII
25903,XI
25904,VII
25905,XII
25906,XXXII
25907,XXXIII
25908,XVIII
25909,XXVIII
25910,DISTRITO FEDERAL (INTEIRO)
25911,DISTRITO FEDERAL (INTEIRO)
25912,DISTRITO FEDERAL (INTEIRO)
25913,XII
25914,XX
25915,II
25916,X
25917,XVII
25918,DISTRITO FEDERAL (INTEIRO)
25919,DISTRITO FEDERAL (INTEIRO)
25920,DISTRITO FEDERAL (INTEIRO)
25921,XXXV
25922,XII
25923,XXVII
25924,VIII
25925,XXV
25926,XXXV
25927,DISTRITO FEDERAL (INTEIRO)
25928,DISTRITO FEDERAL (INTEIRO)
25929,DISTRITO FEDERAL (INTEIRO)
25930,DISTRITO FEDERAL (INTEIRO)
25931,DISTRITO FEDERAL (INTEIRO)
25932,DISTRITO FEDERAL (INTEIRO)
25933,DISTRITO FEDERAL (INTEIRO)
25934,DISTRITO FEDERAL (INTEIRO)
25935,DISTRITO FEDERAL (INTEIRO)
25936,DISTRITO FEDERAL (INTEIRO)
25937,DISTRITO FEDERAL (INTEIRO)
25938,DISTRITO FEDERAL (INTEIRO)
25939,XVI
25940,XI
25940,XXII
25941,XXVI
25942,XIII
25943,DISTRITO FEDERAL (INTEIRO)
25944,DISTRITO FEDERAL (INTEIRO)
25945,DISTRITO FEDERAL (INTEIRO)
25946,DISTRITO FEDERAL (INTEIRO)
25947,DISTRITO FEDERAL (INTEIRO)
25948,DISTRITO FEDERAL (INTEIRO)
25949,DISTRITO FEDERAL (INTEIRO)
25950,DISTRITO FEDERAL (INTEIRO)
25951,IX
25952,I
25953,DISTRITO FEDERAL (INTEIRO)
25954,II
25955,DISTRITO FEDERAL (INTEIRO)
25956,DISTRITO FEDERAL (INTEIRO)
25957,DISTRITO FEDERAL (INTEIRO)
25958,XII
25959,III
25960,IX
25961,V
25962,II
25963,DISTRITO FEDERAL (INTEIRO)
25964,DISTRITO FEDERAL (INTEIRO)
25965,XII
25966,IX
25967,V
25968,IV
25969,III
25970,DISTRITO FEDERAL (INTEIRO)
25971,XII
25972,VI
25973,I
25974,II
25975,X
25976,XII
25977,XXI
25978,XIII
25979,XX
25980,XXXIV
25981,XII
25982,V
25983,XI
25984,XIV
25985,XXII
25986,DISTRITO FEDERAL (INTEIRO)
25987,DISTRITO FEDERAL (INTEIRO)
25988,XII
25989,III
25990,XV
25991,DISTRITO FEDERAL (INTEIRO)
25992,VI
25993,X
25994,XII
25995,XX
25996,V
25997,XIV
25998,XXXIII
25999,DISTRITO FEDERAL (INTEIRO)
26000,XII
26001,IV
26002,II
26003,XIX
26004,XXII
26005,DISTRITO FEDERAL (INTEIRO)
26006,XXVIII
26007,DISTRITO FEDERAL (INTEIRO)
26008,DISTRITO FEDERAL (INTEIRO)
26009,XII
26010,IX
26011,XVIII
26012,VIII
26013,XXIV
26014,DISTRITO FEDERAL (INTEIRO)
26015,DISTRITO FEDERAL (INTEIRO)
26016,XII
26017,III
26018,XXXIII
26019,XVI
26020,XIII
26021,DISTRITO FEDERAL (INTEIRO)
26022,DISTRITO FEDERAL (INTEIRO)
26023,DISTRITO FEDERAL (INTEIRO)
26024,XII
26025,V
26026,XX
26027,X
26028,XXIX
26029,XII
26030,IX
26031,III
26032,XXVI
26033,XV
26034,DISTRITO FEDERAL (INTEIRO)
26035,DISTRITO FEDERAL (INTEIRO)
26036,DISTRITO FEDERAL (INTEIRO)
26037,DISTRITO FEDERAL (INTEIRO)
26038,XII
26039,XX
26040,IV
26041,II
26042,XXXIV
26043,DISTRITO FEDERAL (INTEIRO)
26044,DISTRITO FEDERAL (INTEIRO)
26045,XII
26046,XIX
26047,XXII
26048,VI
26049,XVI
26050,DISTRITO FEDERAL (INTEIRO)
26051,DISTRITO FEDERAL (INTEIRO)
26052,XXXIV
26053,DISTRITO FEDERAL (INTEIRO)
26054,DISTRITO FEDERAL (INTEIRO)
26055,DISTRITO FEDERAL (INTEIRO)
26056,DISTRITO FEDERAL (INTEIRO)
26057,XII
26058,VIII
26059,XXI
26060,XVII
26061,XXIV
26062,XXV
26063,DISTRITO FEDERAL (INTEIRO)
26064,DISTRITO FEDERAL (INTEIRO)
26065,XII
26066,IX
26067,III
26068,II
26069,XV
26070,DISTRITO FEDERAL (INTEIRO)
26071,DISTRITO FEDERAL (INTEIRO)
26072,DISTRITO FEDERAL (INTEIRO)
26073,DISTRITO FEDERAL (INTEIRO)
26074,XII
26075,V
26076,X
26077,IV
26078,XX
26079,DISTRITO FEDERAL (INTEIRO)
26080,IX
26080,XII
26081,IX
26081,XII
26082,DISTRITO FEDERAL (INTEIRO)
26083,DISTRITO FEDERAL (INTEIRO)
26084,DISTRITO FEDERAL (INTEIRO)
26085,DISTRITO FEDERAL (INTEIRO)
26086,DISTRITO FEDERAL (INTEIRO)
26087,DISTRITO FEDERAL (INTEIRO)
26088,DISTRITO FEDERAL (INTEIRO)
26089,DISTRITO FEDERAL (INTEIRO)
26090,DISTRITO FEDERAL (INTEIRO)
26091,XII
26092,XXXV
26093,XXXIV
26094,VIII
26095,XXII
26096,DISTRITO FEDERAL (INTEIRO)
26097,DISTRITO FEDERAL (INTEIRO)
26098,DISTRITO FEDERAL (INTEIRO)
26099,I
26100,V
26101,DISTRITO FEDERAL (INTEIRO)
26102,DISTRITO FEDERAL (INTEIRO)
26103,XII
26104,VI
26105,XIV
26106,XVI
26107,XIII
26108,DISTRITO FEDERAL (INTEIRO)
26109,DISTRITO FEDERAL (INTEIRO)
26110,DISTRITO FEDERAL (INTEIRO)
26111,X
26112,DISTRITO FEDERAL (INTEIRO)
26113,DISTRITO FEDERAL (INTEIRO)
26114,DISTRITO FEDERAL (INTEIRO)
26115,XII
26116,XXI
26117,XVII
26118,XXIII
26119,XXX
26120,DISTRITO FEDERAL (INTEIRO)
26121,DISTRITO FEDERAL (INTEIRO)
26122,DISTRITO FEDERAL (INTEIRO)
26123,XII
26124,III
26125,IX
26126,XV
26127,IV
26128,DISTRITO FEDERAL (INTEIRO)
26129,DISTRITO FEDERAL (INTEIRO)
26130,DISTRITO FEDERAL (INTEIRO)
26131,XXV
26132,XII
26133,VI
26134,II
26135,V
26136,X
26137,DISTRITO FEDERAL (INTEIRO)
26138,DISTRITO FEDERAL (INTEIRO)
26139,DISTRITO FEDERAL (INTEIRO)
26140,DISTRITO FEDERAL (INTEIRO)
26141,DISTRITO FEDERAL (INTEIRO)
26142,DISTRITO FEDERAL (INTEIRO)
26143,DISTRITO FEDERAL (INTEIRO)
26144,DISTRITO FEDERAL (INTEIRO)
26145,DISTRITO FEDERAL (INTEIRO)
26146,DISTRITO FEDERAL (INTEIRO)
26147,DISTRITO FEDERAL (INTEIRO)
26148,XII
26149,DISTRITO FEDERAL (INTEIRO)
26150,XX
26151,DISTRITO FEDERAL (INTEIRO)
26152,XXXIII
26153,DISTRITO FEDERAL (INTEIRO)
26154,XXII
26155,XVII
26156,DISTRITO FEDERAL (INTEIRO)
26157,XXV
26158,DISTRITO FEDERAL (INTEIRO)
26159,DISTRITO FEDERAL (INTEIRO)
26160,DISTRITO FEDERAL (INTEIRO)
26161,DISTRITO FEDERAL (INTEIRO)
26162,DISTRITO FEDERAL (INTEIRO)
26163,DISTRITO FEDERAL (INTEIRO)
26164,DISTRITO FEDERAL (INTEIRO)
26165,DISTRITO FEDERAL (INTEIRO)
26166,DISTRITO FEDERAL (INTEIRO)
26167,DISTRITO FEDERAL (INTEIRO)
26168,DISTRITO FEDERAL (INTEIRO)
26169,DISTRITO FEDERAL (INTEIRO)
26170,DISTRITO FEDERAL (INTEIRO)
26171,DISTRITO FEDERAL (INTEIRO)
26172,DISTRITO FEDERAL (INTEIRO)
26173,DISTRITO FEDERAL (INTEIRO)
26174,DISTRITO FEDERAL (INTEIRO)
26175,DISTRITO FEDERAL (INTEIRO)
26176,XII
26177,XXXII
26178,XXV
26179,XXVIII
26180,III
26181,XXXV
26182,DISTRITO FEDERAL (INTEIRO)
26183,XIII
26184,III
26185,DISTRITO FEDERAL (INTEIRO)
26186,DISTRITO FEDERAL (INTEIRO)
26187,DISTRITO FEDERAL (INTEIRO)
26188,XXV
26189,DISTRITO FEDERAL (INTEIRO)
26190,DISTRITO FEDERAL (INTEIRO)
26191,DISTRITO FEDERAL (INTEIRO)
26192,XXV
26193,II
26194,XII
26195,XIII
26196,III
26197,XII
26198,XVIII
26199,VI
26200,I
26201,XVI
26202,XXV
26203,DISTRITO FEDERAL (INTEIRO)
26204,DISTRITO FEDERAL (INTEIRO)
26205,DISTRITO FEDERAL (INTEIRO)
26206,IV
26207,DISTRITO FEDERAL (INTEIRO)
26208,DISTRITO FEDERAL (INTEIRO)
26209,DISTRITO FEDERAL (INTEIRO)
26210,DISTRITO FEDERAL (INTEIRO)
26211,DISTRITO FEDERAL (INTEIRO)
26212,DISTRITO FEDERAL (INTEIRO)
26213,DISTRITO FEDERAL (INTEIRO)
26214,DISTRITO FEDERAL (INTEIRO)
26215,DISTRITO FEDERAL (INTEIRO)
26216,DISTRITO FEDERAL (INTEIRO)
26217,DISTRITO FEDERAL (INTEIRO)
26218,DISTRITO FEDERAL (INTEIRO)
26219,DISTRITO FEDERAL (INTEIRO)
26220,DISTRITO FEDERAL (INTEIRO)
26221,DISTRITO FEDERAL (INTEIRO)
26222,DISTRITO FEDERAL (INTEIRO)
26223,DISTRITO FEDERAL (INTEIRO)
26224,DISTRITO FEDERAL (INTEIRO)
26225,I
26226,DISTRITO FEDERAL (INTEIRO)
26227,DISTRITO FEDERAL (INTEIRO)
26228,DISTRITO FEDERAL (INTEIRO)
26229,DISTRITO FEDERAL (INTEIRO)
26230,DISTRITO FEDERAL (INTEIRO)
26231,DISTRITO FEDERAL (INTEIRO)
26232,DISTRITO FEDERAL (INTEIRO)
26233,XII
26234,III
26235,DISTRITO FEDERAL (INTEIRO)
26236,I
26237,XII
26238,XX
26239,II
26240,XXXII
26241,XV
26242,V
26243,XXXII
26244,DISTRITO FEDERAL (INTEIRO)
26245,DISTRITO FEDERAL (INTEIRO)
26246,DISTRITO FEDERAL (INTEIRO)
26247,DISTRITO FEDERAL (INTEIRO)
26248,DISTRITO FEDERAL (INTEIRO)
26249,DISTRITO FEDERAL (INTEIRO)
26250,DISTRITO FEDERAL (INTEIRO)
26251,DISTRITO FEDERAL (INTEIRO)
26252,DISTRITO FEDERAL (INTEIRO)
26253,DISTRITO FEDERAL (INTEIRO)
26254,XII
26255,X
26256,IV
26257,XIV
26258,XXII
26259,DISTRITO FEDERAL (INTEIRO)
26260,DISTRITO FEDERAL (INTEIRO)
26261,DISTRITO FEDERAL (INTEIRO)
26262,DISTRITO FEDERAL (INTEIRO)
26263,DISTRITO FEDERAL (INTEIRO)
26264,DISTRITO FEDERAL (INTEIRO)
26265,DISTRITO FEDERAL (INTEIRO)
26266,DISTRITO FEDERAL (INTEIRO)
26267,DISTRITO FEDERAL (INTEIRO)
26268,DISTRITO FEDERAL (INTEIRO)
26269,IX
26270,II
26271,XII
26272,XXVIII
26273,XVII
26274,XVI
26275,DISTRITO FEDERAL (INTEIRO)
26276,XXV
26277,I
26278,DISTRITO FEDERAL (INTEIRO)
26279,DISTRITO FEDERAL (INTEIRO)
26280,DISTRITO FEDERAL (INTEIRO)
26281,XXVIII
26282,XXVIII
26283,DISTRITO FEDERAL (INTEIRO)
26284,VIII
26285,V
26286,XVII
26287,XXIV
26288,XII
26289,XXI
26290,XIII
26291,XXXIII
26292,VI
26293,DISTRITO FEDERAL (INTEIRO)
26294,II
26295,II
26296,XIII
26297,XIII
26298,DISTRITO FEDERAL (INTEIRO)
26299,DISTRITO FEDERAL (INTEIRO)
26300,IV
26301,DISTRITO FEDERAL (INTEIRO)
26302,DISTRITO FEDERAL (INTEIRO)
26303,XX
26304,DISTRITO FEDERAL (INTEIRO)
26305,DISTRITO FEDERAL (INTEIRO)
26306,DISTRITO FEDERAL (INTEIRO)
26307,DISTRITO FEDERAL (INTEIRO)
26308,V
26309,XV
26310,XXX
26311,DISTRITO FEDERAL (INTEIRO)
26311,IX
26312,DISTRITO FEDERAL (INTEIRO)
26313,DISTRITO FEDERAL (INTEIRO)
26314,DISTRITO FEDERAL (INTEIRO)
26315,DISTRITO FEDERAL (INTEIRO)
26316,XII
26317,III
26318,IX
26319,XXXIV
26320,I
26321,XII
26322,XXXIII
26323,DISTRITO FEDERAL (INTEIRO)
26324,DISTRITO FEDERAL (INTEIRO)
26325,DISTRITO FEDERAL (INTEIRO)
26326,DISTRITO FEDERAL (INTEIRO)
26327,XII
26328,II
26329,XV
26330,DISTRITO FEDERAL (INTEIRO)
26331,V
26332,III
26333,DISTRITO FEDERAL (INTEIRO)
26334,DISTRITO FEDERAL (INTEIRO)
26335,DISTRITO FEDERAL (INTEIRO)
26336,XIII
26337,DISTRITO FEDERAL (INTEIRO)
26338,VII
26339,DISTRITO FEDERAL (INTEIRO)
26340,X
26341,XVIII
26342,XVIII
26343,DISTRITO FEDERAL (INTEIRO)
26344,XII
26345,IX
26346,X
26347,IV
26348,XXI
26349,DISTRITO FEDERAL (INTEIRO)
26350,DISTRITO FEDERAL (INTEIRO)
26351,DISTRITO FEDERAL (INTEIRO)
26352,DISTRITO FEDERAL (INTEIRO)
26353,DISTRITO FEDERAL (INTEIRO)
26354,IX
26355,DISTRITO FEDERAL (INTEIRO)
26356,DISTRITO FEDERAL (INTEIRO)
26357,DISTRITO FEDERAL (INTEIRO)
26358,DISTRITO FEDERAL (INTEIRO)
26359,XII
26360,XXXII
26361,II
26362,XV
26363,VIII
26364,DISTRITO FEDERAL (INTEIRO)
26365,XVIII
26366,DISTRITO FEDERAL (INTEIRO)
26367,VII
26368,VII
26369,DISTRITO FEDERAL (INTEIRO)
26370,XXVIII
26371,DISTRITO FEDERAL (INTEIRO)
26372,DISTRITO FEDERAL (INTEIRO)
26373,DISTRITO FEDERAL (INTEIRO)
26374,DISTRITO FEDERAL (INTEIRO)
26375,DISTRITO FEDERAL (INTEIRO)
26376,XII
26377,III
26378,IX
26379,XVII
26380,XX
26381,DISTRITO FEDERAL (INTEIRO)
26381,XVI
26382,XXV
26383,III
26384,DISTRITO FEDERAL (INTEIRO)
26385,DISTRITO FEDERAL (INTEIRO)
26386,DISTRITO FEDERAL (INTEIRO)
26387,DISTRITO FEDERAL (INTEIRO)
26388,IX
26389,DISTRITO FEDERAL (INTEIRO)
26390,DISTRITO FEDERAL (INTEIRO)
26391,DISTRITO FEDERAL (INTEIRO)
26392,DISTRITO FEDERAL (INTEIRO)
26393,DISTRITO FEDERAL (INTEIRO)
26394,DISTRITO FEDERAL (INTEIRO)
26395,I
26396,I
26397,DISTRITO FEDERAL (INTEIRO)
26398,XII
26399,VI
26400,XXXII
26401,XXV
26402,XI
26403,DISTRITO FEDERAL (INTEIRO)
26404,IX
26405,III
26405,IX
26406,DISTRITO FEDERAL (INTEIRO)
26407,IV
26408,DISTRITO FEDERAL (INTEIRO)
26409,DISTRITO FEDERAL (INTEIRO)
26410,DISTRITO FEDERAL (INTEIRO)
26411,DISTRITO FEDERAL (INTEIRO)
26412,DISTRITO FEDERAL (INTEIRO)
26413,XXVIII
26414,DISTRITO FEDERAL (INTEIRO)
26415,XV
26416,VII
26417,XII
26418,XXXIV
26419,XXVIII
26420,XXII
26421,XV
26422,DISTRITO FEDERAL (INTEIRO)
26423,DISTRITO FEDERAL (INTEIRO)
26424,DISTRITO FEDERAL (INTEIRO)
26425,DISTRITO FEDERAL (INTEIRO)
26426,IV
26427,DISTRITO FEDERAL (INTEIRO)
26428,DISTRITO FEDERAL (INTEIRO)
26429,DISTRITO FEDERAL (INTEIRO)
26430,DISTRITO FEDERAL (INTEIRO)
26431,XXII
26432,DISTRITO FEDERAL (INTEIRO)
26433,XII
26434,XIII
26435,XIV
26436,XXXIII
26437,DISTRITO FEDERAL (INTEIRO)
26438,XVIII
26439,DISTRITO FEDERAL (INTEIRO)
26440,IX
26441,DISTRITO FEDERAL (INTEIRO)
26442,DISTRITO FEDERAL (INTEIRO)
26443,DISTRITO FEDERAL (INTEIRO)
26444,DISTRITO FEDERAL (INTEIRO)
26445,IV
26446,VI
26447,VI
26448,DISTRITO FEDERAL (INTEIRO)
26449,VI
26450,DISTRITO FEDERAL (INTEIRO)
26451,DISTRITO FEDERAL (INTEIRO)
26452,DISTRITO FEDERAL (INTEIRO)
26453,XII
26454,III
26455,II
26456,XV
26457,V
26458,DISTRITO FEDERAL (INTEIRO)
26459,DISTRITO FEDERAL (INTEIRO)
26460,DISTRITO FEDERAL (INTEIRO)
26461,DISTRITO FEDERAL (INTEIRO)
26462,DISTRITO FEDERAL (INTEIRO)
26463,DISTRITO FEDERAL (INTEIRO)
26464,XXV
26465,X
26466,XXVI
26467,XXVI
26468,XXVI
26469,DISTRITO FEDERAL (INTEIRO)
26470,XII
26471,X
26472,IX
26473,XIII
26474,XXXIV
26475,VIII
26476,DISTRITO FEDERAL (INTEIRO)
26477,DISTRITO FEDERAL (INTEIRO)
26478,DISTRITO FEDERAL (INTEIRO)
26479,DISTRITO FEDERAL (INTEIRO)
26480,VII
26481,I
26482,DISTRITO FEDERAL (INTEIRO)
26483,I
26484,I
26485,I
26486,DISTRITO FEDERAL (INTEIRO)
26487,XXXI
26488,DISTRITO FEDERAL (INTEIRO)
26489,DISTRITO FEDERAL (INTEIRO)
26490,XII
26491,XXIII
26492,XXV
26493,DISTRITO FEDERAL (INTEIRO)
26494,DISTRITO FEDERAL (INTEIRO)
26495,XXI
26496,IV
26497,DISTRITO FEDERAL (INTEIRO)
26498,DISTRITO FEDERAL (INTEIRO)
26499,DISTRITO FEDERAL (INTEIRO)
26500,V
26501,DISTRITO FEDERAL (INTEIRO)
26502,DISTRITO FEDERAL (INTEIRO)
26503,DISTRITO FEDERAL (INTEIRO)
26504,DISTRITO FEDERAL (INTEIRO)
26505,DISTRITO FEDERAL (INTEIRO)
26506,DISTRITO FEDERAL (INTEIRO)
26507,DISTRITO FEDERAL (INTEIRO)
26508,DISTRITO FEDERAL (INTEIRO)
26509,DISTRITO FEDERAL (INTEIRO)
26510,DISTRITO FEDERAL (INTEIRO)
26511,DISTRITO FEDERAL (INTEIRO)
26512,DISTRITO FEDERAL (INTEIRO)
26513,XII
26514,XXXV
26515,XXII
26516,XXVIII
26517,DISTRITO FEDERAL (INTEIRO)
26518,XVI
26519,XVII
26520,XVII
26521,DISTRITO FEDERAL (INTEIRO)
26522,DISTRITO FEDERAL (INTEIRO)
26523,VII
26524,XX
26525,DISTRITO FEDERAL (INTEIRO)
26526,DISTRITO FEDERAL (INTEIRO)
26527,DISTRITO FEDERAL (INTEIRO)
26528,DISTRITO FEDERAL (INTEIRO)
26529,DISTRITO FEDERAL (INTEIRO)
26530,DISTRITO FEDERAL (INTEIRO)
26531,XII
26532,I
26533,XVII
26534,XXVI
26535,VIII
26536,DISTRITO FEDERAL (INTEIRO)
26537,DISTRITO FEDERAL (INTEIRO)
26538,DISTRITO FEDERAL (INTEIRO)
26539,DISTRITO FEDERAL (INTEIRO)
26540,DISTRITO FEDERAL (INTEIRO)
26541,DISTRITO FEDERAL (INTEIRO)
26542,DISTRITO FEDERAL (INTEIRO)
26543,DISTRITO FEDERAL (INTEIRO)
26544,DISTRITO FEDERAL (INTEIRO)
26545,DISTRITO FEDERAL (INTEIRO)
26546,DISTRITO FEDERAL (INTEIRO)
26547,DISTRITO FEDERAL (INTEIRO)
26548,DISTRITO FEDERAL (INTEIRO)
26549,DISTRITO FEDERAL (INTEIRO)
26550,DISTRITO FEDERAL (INTEIRO)
26551,DISTRITO FEDERAL (INTEIRO)
26552,XII
26553,I
26554,II
26555,IX
26556,X
26557,DISTRITO FEDERAL (INTEIRO)
26558,DISTRITO FEDERAL (INTEIRO)
26559,DISTRITO FEDERAL (INTEIRO)
26560,DISTRITO FEDERAL (INTEIRO)
26561,DISTRITO FEDERAL (INTEIRO)
26562,DISTRITO FEDERAL (INTEIRO)
26563,XII
26564,IV
26565,XXXIV
26566,V
26567,XXVIII
26568,XV
26569,X
26570,XII
26571,DISTRITO FEDERAL (INTEIRO)
26572,I
26573,DISTRITO FEDERAL (INTEIRO)
26574,DISTRITO FEDERAL (INTEIRO)
26575,DISTRITO FEDERAL (INTEIRO)
26576,DISTRITO FEDERAL (INTEIRO)
26577,DISTRITO FEDERAL (INTEIRO)
26578,DISTRITO FEDERAL (INTEIRO)
26579,IV
26580,IV
26581,DISTRITO FEDERAL (INTEIRO)
26582,DISTRITO FEDERAL (INTEIRO)
26583,DISTRITO FEDERAL (INTEIRO)
26584,DISTRITO FEDERAL (INTEIRO)
26585,XII
26586,XXXV
26587,XX
26588,VIII
26588,XXXIII
26589,III
26590,XXI
26591,IV
26592,XXVII
26593,III
26594,II
26595,DISTRITO FEDERAL (INTEIRO)
26596,II
26597,IX
26598,IV
26599,XXI
26600,IX
26601,XII
26602,DISTRITO FEDERAL (INTEIRO)
26603,XXI
26604,XII
26605,XII
26606,XXI
26607,XVII
26608,DISTRITO FEDERAL (INTEIRO)
26609,V
26610,DISTRITO FEDERAL (INTEIRO)
26611,DISTRITO FEDERAL (INTEIRO)
26612,DISTRITO FEDERAL (INTEIRO)
26613,DISTRITO FEDERAL (INTEIRO)
26614,DISTRITO FEDERAL (INTEIRO)
26615,DISTRITO FEDERAL (INTEIRO)
26616,DISTRITO FEDERAL (INTEIRO)
26617,DISTRITO FEDERAL (INTEIRO)
26618,DISTRITO FEDERAL (INTEIRO)
26619,DISTRITO FEDERAL (INTEIRO)
26620,DISTRITO FEDERAL (INTEIRO)
26621,DISTRITO FEDERAL (INTEIRO)
26622,DISTRITO FEDERAL (INTEIRO)
26623,DISTRITO FEDERAL (INTEIRO)
26624,XII
26625,XI
26626,I
26627,XIV
26628,II
26629,XII
26630,XII
26631,XVII
26632,XII
26633,I
26634,I
26635,I
26636,I
26637,XVII
26638,DISTRITO FEDERAL (INTEIRO)
26639,DISTRITO FEDERAL (INTEIRO)
26640,DISTRITO FEDERAL (INTEIRO)
26641,DISTRITO FEDERAL (INTEIRO)
26642,DISTRITO FEDERAL (INTEIRO)
26643,DISTRITO FEDERAL (INTEIRO)
26644,DISTRITO FEDERAL (INTEIRO)
26645,DISTRITO FEDERAL (INTEIRO)
26646,DISTRITO FEDERAL (INTEIRO)
26647,DISTRITO FEDERAL (INTEIRO)
26648,XX
26649,XX
26650,XX
26651,XX
26652,XX
26653,XXVIII
26654,DISTRITO FEDERAL (INTEIRO)
26655,XII
26656,XV
26657,XIII
26658,XVII
26659,XXI
26660,IX
26661,IX
26662,IX
26663,XVIII
26664,XVIII
26665,DISTRITO FEDERAL (INTEIRO)
26666,XXI
26667,XXI
26668,XXI
26669,XXI
26670,XXI
26671,IX
26672,IX
26673,DISTRITO FEDERAL (INTEIRO)
26674,DISTRITO FEDERAL (INTEIRO)
26674,ENTORNO
26674,I
26674,II
26674,III
26674,IV
26674,IX
26674,OUTROS ESTADOS
26674,V
26674,VI
26674,VII
26674,VIII
26674,X
26674,XI
26674,XII
26674,XIII
26674,XIV
26674,XIX
26674,XV
26674,XVI
26674,XVII
26674,XVIII
26674,XX
26674,XXI
26674,XXII
26674,XXIII
26674,XXIV
26674,XXIX
26674,XXV
26674,XXVI
26674,XXVII
26674,XXVIII
26674,XXX
26674,XXXI
26674,XXXII
26674,XXXIII
26674,XXXIV
26674,XXXV
26675,DISTRITO FEDERAL (INTEIRO)
26676,DISTRITO FEDERAL (INTEIRO)
26677,DISTRITO FEDERAL (INTEIRO)
26678,DISTRITO FEDERAL (INTEIRO)
26679,VI
26680,VI
26681,DISTRITO FEDERAL (INTEIRO)
26682,DISTRITO FEDERAL (INTEIRO)
26683,DISTRITO FEDERAL (INTEIRO)
26684,DISTRITO FEDERAL (INTEIRO)
26685,DISTRITO FEDERAL (INTEIRO)
26686,DISTRITO FEDERAL (INTEIRO)
26687,XXXII
26688,DISTRITO FEDERAL (INTEIRO)
26689,DISTRITO FEDERAL (INTEIRO)
26690,DISTRITO FEDERAL (INTEIRO)
26691,DISTRITO FEDERAL (INTEIRO)
26692,XII
26693,II
26694,III
26695,XV
26696,V
26697,DISTRITO FEDERAL (INTEIRO)
26698,DISTRITO FEDERAL (INTEIRO)
26699,DISTRITO FEDERAL (INTEIRO)
26700,DISTRITO FEDERAL (INTEIRO)
26701,DISTRITO FEDERAL (INTEIRO)
26702,DISTRITO FEDERAL (INTEIRO)
26703,DISTRITO FEDERAL (INTEIRO)
26704,DISTRITO FEDERAL (INTEIRO)
26705,DISTRITO FEDERAL (INTEIRO)
26706,XXI
26707,DISTRITO FEDERAL (INTEIRO)
26708,III
26709,XII
26710,XXXII
26711,IX
26712,X
26713,VI
26714,I
26715,XII
26716,I
26717,DISTRITO FEDERAL (INTEIRO)
26718,DISTRITO FEDERAL (INTEIRO)
26719,DISTRITO FEDERAL (INTEIRO)
26719,ENTORNO
26719,I
26719,II
26719,III
26719,IV
26719,IX
26719,OUTROS ESTADOS
26719,V
26719,VI
26719,VII
26719,VIII
26719,X
26719,XI
26719,XII
26719,XIII
26719,XIV
26719,XIX
26719,XV
26719,XVI
26719,XVII
26719,XVIII
26719,XX
26719,XXI
26719,XXII
26719,XXIII
26719,XXIV
26719,XXIX
26719,XXV
26719,XXVI
26719,XXVII
26719,XXVIII
26719,XXX
26719,XXXI
26719,XXXII
26719,XXXIII
26719,XXXIV
26719,XXXV
26720,XII
26721,IV
26722,XXXIV
26723,DISTRITO FEDERAL (INTEIRO)
26724,XXXIII
26725,DISTRITO FEDERAL (INTEIRO)
26726,XIV
26727,DISTRITO FEDERAL (INTEIRO)
26728,DISTRITO FEDERAL (INTEIRO)
26729,DISTRITO FEDERAL (INTEIRO)
26730,DISTRITO FEDERAL (INTEIRO)
26731,DISTRITO FEDERAL (INTEIRO)
26732,DISTRITO FEDERAL (INTEIRO)
26733,DISTRITO FEDERAL (INTEIRO)
26734,DISTRITO FEDERAL (INTEIRO)
26735,I
26736,II
26737,VI
26738,XII
26739,II
26740,VII
26740,XXVI
26741,VI
26742,VI
26743,XX
26744,I
26745,XXX
26746,XXII
26747,XII
26748,XII
26749,XII
26750,I
26751,DISTRITO FEDERAL (INTEIRO)
26752,XII
26753,DISTRITO FEDERAL (INTEIRO)
26754,DISTRITO FEDERAL (INTEIRO)
26755,DISTRITO FEDERAL (INTEIRO)
26756,DISTRITO FEDERAL (INTEIRO)
26757,DISTRITO FEDERAL (INTEIRO)
26758,DISTRITO FEDERAL (INTEIRO)
26759,DISTRITO FEDERAL (INTEIRO)
26760,DISTRITO FEDERAL (INTEIRO)
26761,DISTRITO FEDERAL (INTEIRO)
26762,XXI
26763,XXI
26764,XXI
26765,XXI
26766,XXI
26767,XXI
26768,XXI
26769,XXI
26770,XXI
26771,XII
26772,X
26773,X
26774,X
26775,II
26776,IX
26777,DISTRITO FEDERAL (INTEIRO)
26778,XXI
26779,XII
26780,VIII
26781,XXIV
26782,DISTRITO FEDERAL (INTEIRO)
26783,DISTRITO FEDERAL (INTEIRO)
26784,DISTRITO FEDERAL (INTEIRO)
26785,I
26786,XXI
26787,DISTRITO FEDERAL (INTEIRO)
26788,DISTRITO FEDERAL (INTEIRO)
26789,DISTRITO FEDERAL (INTEIRO)
26790,DISTRITO FEDERAL (INTEIRO)
26791,DISTRITO FEDERAL (INTEIRO)
26792,DISTRITO FEDERAL (INTEIRO)
26793,DISTRITO FEDERAL (INTEIRO)
26794,DISTRITO FEDERAL (INTEIRO)
26795,DISTRITO FEDERAL (INTEIRO)
26796,DISTRITO FEDERAL (INTEIRO)
26797,DISTRITO FEDERAL (INTEIRO)
26798,XII
26799,II
26800,IX
26801,III
26802,X
26803,DISTRITO FEDERAL (INTEIRO)
26804,DISTRITO FEDERAL (INTEIRO)
26805,DISTRITO FEDERAL (INTEIRO)
26806,DISTRITO FEDERAL (INTEIRO)
26807,DISTRITO FEDERAL (INTEIRO)
26808,DISTRITO FEDERAL (INTEIRO)
26809,DISTRITO FEDERAL (INTEIRO)
26810,XXXI
26811,XII
26812,XX
26813,XXXIV
26814,XXI
26815,XXXIII
26816,IV
26817,DISTRITO FEDERAL (INTEIRO)
26818,VI
26819,DISTRITO FEDERAL (INTEIRO)
26820,DISTRITO FEDERAL (INTEIRO)
26821,DISTRITO FEDERAL (INTEIRO)
26822,DISTRITO FEDERAL (INTEIRO)
26823,DISTRITO FEDERAL (INTEIRO)
26824,DISTRITO FEDERAL (INTEIRO)
26825,XII
26826,XI
26827,XVIII
26828,VIII
26829,DISTRITO FEDERAL (INTEIRO)
26830,VI
26831,XII
26832,IX
26833,II
26834,II
26835,II
26836,II
26837,II
26838,DISTRITO FEDERAL (INTEIRO)
26839,DISTRITO FEDERAL (INTEIRO)
26840,DISTRITO FEDERAL (INTEIRO)
26841,DISTRITO FEDERAL (INTEIRO)
26842,DISTRITO FEDERAL (INTEIRO)
26843,I
26844,DISTRITO FEDERAL (INTEIRO)
26845,DISTRITO FEDERAL (INTEIRO)
26846,DISTRITO FEDERAL (INTEIRO)
26847,DISTRITO FEDERAL (INTEIRO)
26848,DISTRITO FEDERAL (INTEIRO)
26849,DISTRITO FEDERAL (INTEIRO)
26850,XXX
26851,XII
26852,DISTRITO FEDERAL (INTEIRO)
26853,XIII
26854,XXXII
26855,XXVI
26856,XIV
26857,XII
26858,XXX
26859,XXXIV
26860,II
26861,II
26862,DISTRITO FEDERAL (INTEIRO)
26863,DISTRITO FEDERAL (INTEIRO)
26864,DISTRITO FEDERAL (INTEIRO)
26865,IX
26866,XVII
26867,DISTRITO FEDERAL (INTEIRO)
26868,DISTRITO FEDERAL (INTEIRO)
26869,DISTRITO FEDERAL (INTEIRO)
26870,DISTRITO FEDERAL (INTEIRO)
26871,DISTRITO FEDERAL (INTEIRO)
26872,DISTRITO FEDERAL (INTEIRO)
26873,DISTRITO FEDERAL (INTEIRO)
26874,DISTRITO FEDERAL (INTEIRO)
26875,DISTRITO FEDERAL (INTEIRO)
26876,DISTRITO FEDERAL (INTEIRO)
26877,DISTRITO FEDERAL (INTEIRO)
26878,IV
26879,DISTRITO FEDERAL (INTEIRO)
26880,XII
26881,XXXV
26882,II
26883,III
26884,XII
26885,XXVII
26886,III
26887,XXVIII
26888,XXIII
26889,DISTRITO FEDERAL (INTEIRO)
26890,V
26891,DISTRITO FEDERAL (INTEIRO)
26892,IX
26893,DISTRITO FEDERAL (INTEIRO)
26894,DISTRITO FEDERAL (INTEIRO)
26895,IX
26896,DISTRITO FEDERAL (INTEIRO)
26897,DISTRITO FEDERAL (INTEIRO)
26898,IX
26899,DISTRITO FEDERAL (INTEIRO)
26900,DISTRITO FEDERAL (INTEIRO)
26901,DISTRITO FEDERAL (INTEIRO)
26902,DISTRITO FEDERAL (INTEIRO)
26903,DISTRITO FEDERAL (INTEIRO)
26904,XII
26905,III
26906,IX
26907,II
26908,X
26909,DISTRITO FEDERAL (INTEIRO)
26910,DISTRITO FEDERAL (INTEIRO)
26911,VII
26912,DISTRITO FEDERAL (INTEIRO)
26913,DISTRITO FEDERAL (INTEIRO)
26914,DISTRITO FEDERAL (INTEIRO)
26915,DISTRITO FEDERAL (INTEIRO)
26916,DISTRITO FEDERAL (INTEIRO)
26917,DISTRITO FEDERAL (INTEIRO)
26918,XII
26919,IV
26920,DISTRITO FEDERAL (INTEIRO)
26921,XX
26922,XIV
26923,DISTRITO FEDERAL (INTEIRO)
26924,XV
26925,XI
26926,DISTRITO FEDERAL (INTEIRO)
26927,DISTRITO FEDERAL (INTEIRO)
26928,DISTRITO FEDERAL (INTEIRO)
26929,XII
26930,XXXIII
26931,II
26932,IV
26933,XVII
26934,XVI
26935,XVII
26936,IX
26937,XII
26938,XII
26939,XII
26940,XII
26941,II
26942,II
26943,DISTRITO FEDERAL (INTEIRO)
26944,XXXII
26945,DISTRITO FEDERAL (INTEIRO)
26946,DISTRITO FEDERAL (INTEIRO)
26947,DISTRITO FEDERAL (INTEIRO)
26948,DISTRITO FEDERAL (INTEIRO)
26949,DISTRITO FEDERAL (INTEIRO)
26950,DISTRITO FEDERAL (INTEIRO)
26951,DISTRITO FEDERAL (INTEIRO)
26952,DISTRITO FEDERAL (INTEIRO)
26953,DISTRITO FEDERAL (INTEIRO)
26954,XXIV
26955,DISTRITO FEDERAL (INTEIRO)
26956,DISTRITO FEDERAL (INTEIRO)
26957,XXII
26958,DISTRITO FEDERAL (INTEIRO)
26959,DISTRITO FEDERAL (INTEIRO)
26960,DISTRITO FEDERAL (INTEIRO)
26961,VII
26962,XII
26963,XXIV
26964,DISTRITO FEDERAL (INTEIRO)
26965,DISTRITO FEDERAL (INTEIRO)
26966,XXVII
26967,DISTRITO FEDERAL (INTEIRO)
26968,V
26969,XXVIII
26970,DISTRITO FEDERAL (INTEIRO)
26971,DISTRITO FEDERAL (INTEIRO)
26972,DISTRITO FEDERAL (INTEIRO)
26973,DISTRITO FEDERAL (INTEIRO)
26974,DISTRITO FEDERAL (INTEIRO)
26975,VII
26976,DISTRITO FEDERAL (INTEIRO)
26977,DISTRITO FEDERAL (INTEIRO)
26978,XII
26979,IX
26980,IX
26981,DISTRITO FEDERAL (INTEIRO)
26982,DISTRITO FEDERAL (INTEIRO)
26983,DISTRITO FEDERAL (INTEIRO)
26984,DISTRITO FEDERAL (INTEIRO)
26985,DISTRITO FEDERAL (INTEIRO)
26986,IV
26987,DISTRITO FEDERAL (INTEIRO)
26988,DISTRITO FEDERAL (INTEIRO)
26989,XII
26990,XXVI
26991,II
26992,I
26993,XVI
26994,DISTRITO FEDERAL (INTEIRO)
26995,DISTRITO FEDERAL (INTEIRO)
26996,DISTRITO FEDERAL (INTEIRO)
26997,DISTRITO FEDERAL (INTEIRO)
26998,DISTRITO FEDERAL (INTEIRO)
26999,DISTRITO FEDERAL (INTEIRO)
27000,II
27001,IX
27002,DISTRITO FEDERAL (INTEIRO)
27003,DISTRITO FEDERAL (INTEIRO)
27004,XII
27005,X
27006,III
27007,IX
27008,XV
27009,DISTRITO FEDERAL (INTEIRO)
27010,DISTRITO FEDERAL (INTEIRO)
27011,XXIV
27012,DISTRITO FEDERAL (INTEIRO)
27013,IX
27014,DISTRITO FEDERAL (INTEIRO)
27015,DISTRITO FEDERAL (INTEIRO)
27016,DISTRITO FEDERAL (INTEIRO)
27017,DISTRITO FEDERAL (INTEIRO)
27018,DISTRITO FEDERAL (INTEIRO)
27019,DISTRITO FEDERAL (INTEIRO)
27020,DISTRITO FEDERAL (INTEIRO)
27021,DISTRITO FEDERAL (INTEIRO)
27022,IX
27023,DISTRITO FEDERAL (INTEIRO)
27024,XII
27025,XVII
27026,VII
27026,XVIII
27026,XXIII
27027,VII
27028,XXI
27029,XXVIII
27030,DISTRITO FEDERAL (INTEIRO)
27031,DISTRITO FEDERAL (INTEIRO)
27032,DISTRITO FEDERAL (INTEIRO)
27033,DISTRITO FEDERAL (INTEIRO)
27034,DISTRITO FEDERAL (INTEIRO)
27035,DISTRITO FEDERAL (INTEIRO)
27036,DISTRITO FEDERAL (INTEIRO)
27037,DISTRITO FEDERAL (INTEIRO)
27038,XXXII
27039,I
27040,I
27041,I
27042,II
27043,V
27044,III
27045,I
27046,XII
27047,VI
27048,XXXIV
27049,VIII
27050,XXIII
27051,DISTRITO FEDERAL (INTEIRO)
27052,DISTRITO FEDERAL (INTEIRO)
27053,DISTRITO FEDERAL (INTEIRO)
27054,IX
27055,DISTRITO FEDERAL (INTEIRO)
27056,DISTRITO FEDERAL (INTEIRO)
27057,DISTRITO FEDERAL (INTEIRO)
27058,DISTRITO FEDERAL (INTEIRO)
27059,DISTRITO FEDERAL (INTEIRO)
27060,XII
27061,IX
27062,VI
27063,IV
27064,XI
27065,DISTRITO FEDERAL (INTEIRO)
27066,IX
27067,DISTRITO FEDERAL (INTEIRO)
27068,DISTRITO FEDERAL (INTEIRO)
27069,DISTRITO FEDERAL (INTEIRO)
27070,II
27071,DISTRITO FEDERAL (INTEIRO)
27071,XX
27072,XII
27073,III
27074,X
27075,XV
27076,XX
27077,II
27078,XXXIII
27079,III
27080,II
27081,DISTRITO FEDERAL (INTEIRO)
27081,II
27082,DISTRITO FEDERAL (INTEIRO)
27082,II
27083,DISTRITO FEDERAL (INTEIRO)
27084,DISTRITO FEDERAL (INTEIRO)
27085,DISTRITO FEDERAL (INTEIRO)
27086,DISTRITO FEDERAL (INTEIRO)
27087,DISTRITO FEDERAL (INTEIRO)
27088,VI
27089,DISTRITO FEDERAL (INTEIRO)
27090,I
27091,II
27092,XII
27093,DISTRITO FEDERAL (INTEIRO)
27094,V
27095,XIV
27096,XIII
27097,DISTRITO FEDERAL (INTEIRO)
27098,XXX
27099,XII
27100,DISTRITO FEDERAL (INTEIRO)
27101,XII
27102,DISTRITO FEDERAL (INTEIRO)
27103,XII
27104,XII
27105,DISTRITO FEDERAL (INTEIRO)
27106,DISTRITO FEDERAL (INTEIRO)
27107,DISTRITO FEDERAL (INTEIRO)
27108,DISTRITO FEDERAL (INTEIRO)
27109,II
27110,DISTRITO FEDERAL (INTEIRO)
27111,DISTRITO FEDERAL (INTEIRO)
27112,VIII
27113,DISTRITO FEDERAL (INTEIRO)
27114,XXXII
27115,VIII
27116,VIII
27117,II
27118,II
27119,DISTRITO FEDERAL (INTEIRO)
27120,DISTRITO FEDERAL (INTEIRO)
27121,DISTRITO FEDERAL (INTEIRO)
27122,DISTRITO FEDERAL (INTEIRO)
27123,XII
27124,IX
27125,XXX
27126,XVI
27127,DISTRITO FEDERAL (INTEIRO)
27128,XVII
27129,XXII
27130,XXI
27131,DISTRITO FEDERAL (INTEIRO)
27132,DISTRITO FEDERAL (INTEIRO)
27133,DISTRITO FEDERAL (INTEIRO)
27134,X
27135,I
27136,DISTRITO FEDERAL (INTEIRO)
27137,DISTRITO FEDERAL (INTEIRO)
27138,DISTRITO FEDERAL (INTEIRO)
27139,DISTRITO FEDERAL (INTEIRO)
27140,DISTRITO FEDERAL (INTEIRO)
27141,DISTRITO FEDERAL (INTEIRO)
27142,DISTRITO FEDERAL (INTEIRO)
27143,DISTRITO FEDERAL (INTEIRO)
27144,DISTRITO FEDERAL (INTEIRO)
27145,DISTRITO FEDERAL (INTEIRO)
27146,DISTRITO FEDERAL (INTEIRO)
27147,XII
27148,XXXIV
27149,VII
27150,II
27151,XXVII
27152,DISTRITO FEDERAL (INTEIRO)
27153,DISTRITO FEDERAL (INTEIRO)
27154,DISTRITO FEDERAL (INTEIRO)
27155,DISTRITO FEDERAL (INTEIRO)
27156,II
27157,DISTRITO FEDERAL (INTEIRO)
27158,DISTRITO FEDERAL (INTEIRO)
27159,DISTRITO FEDERAL (INTEIRO)
27160,DISTRITO FEDERAL (INTEIRO)
27161,DISTRITO FEDERAL (INTEIRO)
27162,DISTRITO FEDERAL (INTEIRO)
27163,DISTRITO FEDERAL (INTEIRO)
27164,DISTRITO FEDERAL (INTEIRO)
27165,DISTRITO FEDERAL (INTEIRO)
27166,DISTRITO FEDERAL (INTEIRO)
27167,DISTRITO FEDERAL (INTEIRO)
27168,V
27169,IX
27170,X
27171,II
27172,DISTRITO FEDERAL (INTEIRO)
27173,DISTRITO FEDERAL (INTEIRO)
27174,DISTRITO FEDERAL (INTEIRO)
27175,XIV
27176,DISTRITO FEDERAL (INTEIRO)
27177,DISTRITO FEDERAL (INTEIRO)
27178,DISTRITO FEDERAL (INTEIRO)
27179,IV
27180,IV
27181,IV
27182,IV
27183,IV
27184,IV
27185,IV
27186,IV
27187,IV
27188,IV
27189,IV
27190,IV
27191,IV
27192,DISTRITO FEDERAL (INTEIRO)
27193,IV
27194,DISTRITO FEDERAL (INTEIRO)
27195,XII
27196,III
27197,XV
27198,XI
27199,XIV
27200,DISTRITO FEDERAL (INTEIRO)
27201,II
27202,DISTRITO FEDERAL (INTEIRO)
27203,II
27204,XVII
27205,DISTRITO FEDERAL (INTEIRO)
27206,VIII
27207,VIII
27208,XIII
27209,DISTRITO FEDERAL (INTEIRO)
27210,XII
27211,VI
27212,XXVIII
27213,XXVI
27214,VIII
27215,XIX
27216,XIX
27217,XII
27218,XII
27219,XII
27220,XII
27221,XII
27222,XII
27223,XII
27224,XII
27225,I
27226,DISTRITO FEDERAL (INTEIRO)
27227,DISTRITO FEDERAL (INTEIRO)
27228,DISTRITO FEDERAL (INTEIRO)
27229,DISTRITO FEDERAL (INTEIRO)
27229,IX
27230,DISTRITO FEDERAL (INTEIRO)
27231,VII
27232,XII
27233,II
27234,IX
27235,IV
27236,XVIII
27237,V
27238,DISTRITO FEDERAL (INTEIRO)
27239,DISTRITO FEDERAL (INTEIRO)
27240,DISTRITO FEDERAL (INTEIRO)
27241,DISTRITO FEDERAL (INTEIRO)
27242,DISTRITO FEDERAL (INTEIRO)
27243,II
27244,V
27245,V
27246,I
27247,II
27248,II
27249,XII
27250,III
27251,X
27252,XV
27253,II
27254,XIII
27255,DISTRITO FEDERAL (INTEIRO)
27256,II
27257,XII
27258,XII
27259,DISTRITO FEDERAL (INTEIRO)
27260,DISTRITO FEDERAL (INTEIRO)
27261,DISTRITO FEDERAL (INTEIRO)
27262,DISTRITO FEDERAL (INTEIRO)
27263,DISTRITO FEDERAL (INTEIRO)
27264,XII
27265,XII
27266,DISTRITO FEDERAL (INTEIRO)
27267,XII
27268,DISTRITO FEDERAL (INTEIRO)
27269,DISTRITO FEDERAL (INTEIRO)
27270,DISTRITO FEDERAL (INTEIRO)
27271,DISTRITO FEDERAL (INTEIRO)
27272,DISTRITO FEDERAL (INTEIRO)
27273,DISTRITO FEDERAL (INTEIRO)
27274,DISTRITO FEDERAL (INTEIRO)
27275,XXIII
27276,XII
27277,XXXIV
27278,DISTRITO FEDERAL (INTEIRO)
27279,VI
27280,V
27281,XI
27282,XII
27283,DISTRITO FEDERAL (INTEIRO)
27284,DISTRITO FEDERAL (INTEIRO)
27285,DISTRITO FEDERAL (INTEIRO)
27286,DISTRITO FEDERAL (INTEIRO)
27287,DISTRITO FEDERAL (INTEIRO)
27288,DISTRITO FEDERAL (INTEIRO)
27289,DISTRITO FEDERAL (INTEIRO)
27290,DISTRITO FEDERAL (INTEIRO)
27291,DISTRITO FEDERAL (INTEIRO)
27292,DISTRITO FEDERAL (INTEIRO)
27293,DISTRITO FEDERAL (INTEIRO)
27294,VI
27295,DISTRITO FEDERAL (INTEIRO)
27296,DISTRITO FEDERAL (INTEIRO)
27297,DISTRITO FEDERAL (INTEIRO)
27298,DISTRITO FEDERAL (INTEIRO)
27299,DISTRITO FEDERAL (INTEIRO)
27300,DISTRITO FEDERAL (INTEIRO)
27301,II
27302,DISTRITO FEDERAL (INTEIRO)
27303,DISTRITO FEDERAL (INTEIRO)
27304,DISTRITO FEDERAL (INTEIRO)
27305,DISTRITO FEDERAL (INTEIRO)
27306,DISTRITO FEDERAL (INTEIRO)
27307,DISTRITO FEDERAL (INTEIRO)
27308,XII
27309,XX
27310,XVII
27311,VII
27311,XXVIII
27312,XIX
27313,XXXIII
27314,DISTRITO FEDERAL (INTEIRO)
27315,II
27316,I
27317,DISTRITO FEDERAL (INTEIRO)
27318,XXX
27319,II
27320,II
27321,IX
27322,VI
27323,II
27324,DISTRITO FEDERAL (INTEIRO)
27325,DISTRITO FEDERAL (INTEIRO)
27326,DISTRITO FEDERAL (INTEIRO)
27327,VI
27328,VI
27329,IX
27330,IX
27331,I
27332,DISTRITO FEDERAL (INTEIRO)
27333,DISTRITO FEDERAL (INTEIRO)
27334,XII
27335,XXX
27336,XXXII
27337,XXXII
27338,DISTRITO FEDERAL (INTEIRO)
27339,DISTRITO FEDERAL (INTEIRO)
27340,VI
27341,DISTRITO FEDERAL (INTEIRO)
27342,DISTRITO FEDERAL (INTEIRO)
27343,II
27344,DISTRITO FEDERAL (INTEIRO)
27345,DISTRITO FEDERAL (INTEIRO)
27346,X
27347,VII
27348,DISTRITO FEDERAL (INTEIRO)
27349,DISTRITO FEDERAL (INTEIRO)
27350,DISTRITO FEDERAL (INTEIRO)
27351,DISTRITO FEDERAL (INTEIRO)
27352,XXIII
27353,DISTRITO FEDERAL (INTEIRO)
27354,DISTRITO FEDERAL (INTEIRO)
27355,DISTRITO FEDERAL (INTEIRO)
27356,DISTRITO FEDERAL (INTEIRO)
27357,DISTRITO FEDERAL (INTEIRO)
27358,DISTRITO FEDERAL (INTEIRO)
27359,DISTRITO FEDERAL (INTEIRO)
27360,DISTRITO FEDERAL (INTEIRO)
27361,DISTRITO FEDERAL (INTEIRO)
27362,DISTRITO FEDERAL (INTEIRO)
27363,DISTRITO FEDERAL (INTEIRO)
27364,DISTRITO FEDERAL (INTEIRO)
27365,XII
27366,II
27367,IX
27368,III
27369,X
27370,XX
27371,III
27371,XIII
27371,XVII
27372,III
27373,XIII
27374,DISTRITO FEDERAL (INTEIRO)
27375,DISTRITO FEDERAL (INTEIRO)
27376,DISTRITO FEDERAL (INTEIRO)
27377,DISTRITO FEDERAL (INTEIRO)
27378,DISTRITO FEDERAL (INTEIRO)
27379,DISTRITO FEDERAL (INTEIRO)
27380,DISTRITO FEDERAL (INTEIRO)
27381,DISTRITO FEDERAL (INTEIRO)
27382,DISTRITO FEDERAL (INTEIRO)
27383,DISTRITO FEDERAL (INTEIRO)
27384,DISTRITO FEDERAL (INTEIRO)
27385,DISTRITO FEDERAL (INTEIRO)
27386,DISTRITO FEDERAL (INTEIRO)
27387,DISTRITO FEDERAL (INTEIRO)
27388,DISTRITO FEDERAL (INTEIRO)
27389,XII
27390,DISTRITO FEDERAL (INTEIRO)
27391,DISTRITO FEDERAL (INTEIRO)
27392,XX
27393,XXII
27394,XVIII
27395,XV
27396,XXXII
27397,DISTRITO FEDERAL (INTEIRO)
27398,DISTRITO FEDERAL (INTEIRO)
27399,DISTRITO FEDERAL (INTEIRO)
27400,DISTRITO FEDERAL (INTEIRO)
27401,DISTRITO FEDERAL (INTEIRO)
27402,DISTRITO FEDERAL (INTEIRO)
27403,DISTRITO FEDERAL (INTEIRO)
27404,XII
27405,XXI
27406,XIII
27407,V
27408,I
27409,XII
27410,XIII
27411,IV
27412,DISTRITO FEDERAL (INTEIRO)
27413,XXX
27414,DISTRITO FEDERAL (INTEIRO)
27414,XXVI
27415,V
27416,XXX
27417,XXIII
27418,I
27419,DISTRITO FEDERAL (INTEIRO)
27420,DISTRITO FEDERAL (INTEIRO)
27421,DISTRITO FEDERAL (INTEIRO)
27422,DISTRITO FEDERAL (INTEIRO)
27423,DISTRITO FEDERAL (INTEIRO)
27424,DISTRITO FEDERAL (INTEIRO)
27425,DISTRITO FEDERAL (INTEIRO)
27426,VI
27427,V
27428,II
27429,DISTRITO FEDERAL (INTEIRO)
27430,VI
27431,II
27432,VI
27433,DISTRITO FEDERAL (INTEIRO)
27434,DISTRITO FEDERAL (INTEIRO)
27435,XXX
27436,VI
27437,XII
27438,III
27439,XXXIV
27440,XXXIII
27441,VII
27442,VI
27443,II
27444,DISTRITO FEDERAL (INTEIRO)
27445,DISTRITO FEDERAL (INTEIRO)
27446,III
27447,DISTRITO FEDERAL (INTEIRO)
27448,DISTRITO FEDERAL (INTEIRO)
27449,DISTRITO FEDERAL (INTEIRO)
27450,DISTRITO FEDERAL (INTEIRO)
27451,DISTRITO FEDERAL (INTEIRO)
27452,DISTRITO FEDERAL (INTEIRO)
27453,DISTRITO FEDERAL (INTEIRO)
27454,DISTRITO FEDERAL (INTEIRO)
27455,DISTRITO FEDERAL (INTEIRO)
27456,DISTRITO FEDERAL (INTEIRO)
27457,DISTRITO FEDERAL (INTEIRO)
27458,DISTRITO FEDERAL (INTEIRO)
27459,DISTRITO FEDERAL (INTEIRO)
27460,DISTRITO FEDERAL (INTEIRO)
27461,XII
27462,III
27463,XXII
27464,XI
27465,II
27466,DISTRITO FEDERAL (INTEIRO)
27467,DISTRITO FEDERAL (INTEIRO)
27468,DISTRITO FEDERAL (INTEIRO)
27469,DISTRITO FEDERAL (INTEIRO)
27470,DISTRITO FEDERAL (INTEIRO)
27471,DISTRITO FEDERAL (INTEIRO)
27472,DISTRITO FEDERAL (INTEIRO)
27473,DISTRITO FEDERAL (INTEIRO)
27474,XII
27475,IX
27476,X
27477,IV
27478,VI
27479,XXIII
27480,DISTRITO FEDERAL (INTEIRO)
27481,DISTRITO FEDERAL (INTEIRO)
27482,DISTRITO FEDERAL (INTEIRO)
27483,DISTRITO FEDERAL (INTEIRO)
27484,DISTRITO FEDERAL (INTEIRO)
27485,DISTRITO FEDERAL (INTEIRO)
27486,DISTRITO FEDERAL (INTEIRO)
27487,DISTRITO FEDERAL (INTEIRO)
27488,DISTRITO FEDERAL (INTEIRO)
27489,DISTRITO FEDERAL (INTEIRO)
27490,DISTRITO FEDERAL (INTEIRO)
27491,DISTRITO FEDERAL (INTEIRO)
27492,DISTRITO FEDERAL (INTEIRO)
27493,DISTRITO FEDERAL (INTEIRO)
27494,DISTRITO FEDERAL (INTEIRO)
27495,XII
27496,DISTRITO FEDERAL (INTEIRO)
27497,VII
27498,V
27499,XXVI
27500,V
27501,XV
27502,XVII
27503,I
27504,XXXII
27505,DISTRITO FEDERAL (INTEIRO)
27506,DISTRITO FEDERAL (INTEIRO)
27507,V
27508,V
27509,V
27510,V
27511,DISTRITO FEDERAL (INTEIRO)
27512,DISTRITO FEDERAL (INTEIRO)
27513,DISTRITO FEDERAL (INTEIRO)
27514,DISTRITO FEDERAL (INTEIRO)
27515,DISTRITO FEDERAL (INTEIRO)
27516,DISTRITO FEDERAL (INTEIRO)
27517,DISTRITO FEDERAL (INTEIRO)
27518,DISTRITO FEDERAL (INTEIRO)
27519,DISTRITO FEDERAL (INTEIRO)
27520,DISTRITO FEDERAL (INTEIRO)
27521,DISTRITO FEDERAL (INTEIRO)
27522,DISTRITO FEDERAL (INTEIRO)
27523,DISTRITO FEDERAL (INTEIRO)
27524,DISTRITO FEDERAL (INTEIRO)
27525,DISTRITO FEDERAL (INTEIRO)
27526,DISTRITO FEDERAL (INTEIRO)
27527,DISTRITO FEDERAL (INTEIRO)
27528,IX
27529,XII
27530,V
27531,XXXIII
27532,XXXIV
27533,XX
27534,DISTRITO FEDERAL (INTEIRO)
27535,DISTRITO FEDERAL (INTEIRO)
27536,DISTRITO FEDERAL (INTEIRO)
27537,III
27538,DISTRITO FEDERAL (INTEIRO)
27539,DISTRITO FEDERAL (INTEIRO)
27540,DISTRITO FEDERAL (INTEIRO)
27541,DISTRITO FEDERAL (INTEIRO)
27542,DISTRITO FEDERAL (INTEIRO)
27543,XII
27544,DISTRITO FEDERAL (INTEIRO)
27545,DISTRITO FEDERAL (INTEIRO)
27546,DISTRITO FEDERAL (INTEIRO)
27547,DISTRITO FEDERAL (INTEIRO)
27548,DISTRITO FEDERAL (INTEIRO)
27549,XII
27550,VIII
27551,XXVIII
27552,XIV
27553,XXIV
27554,I
27555,DISTRITO FEDERAL (INTEIRO)
27556,DISTRITO FEDERAL (INTEIRO)
27557,DISTRITO FEDERAL (INTEIRO)
27558,III
27559,DISTRITO FEDERAL (INTEIRO)
27560,VI
27561,DISTRITO FEDERAL (INTEIRO)
27562,I
27563,VI
27564,XXVIII
27565,I
27566,DISTRITO FEDERAL (INTEIRO)
27567,XXXII
27568,DISTRITO FEDERAL (INTEIRO)
27569,II
27570,DISTRITO FEDERAL (INTEIRO)
27571,XII
27572,III
27573,IX
27574,II
27575,X
27576,DISTRITO FEDERAL (INTEIRO)
27577,DISTRITO FEDERAL (INTEIRO)
27578,DISTRITO FEDERAL (INTEIRO)
27579,DISTRITO FEDERAL (INTEIRO)
27580,DISTRITO FEDERAL (INTEIRO)
27581,DISTRITO FEDERAL (INTEIRO)
27582,DISTRITO FEDERAL (INTEIRO)
27583,DISTRITO FEDERAL (INTEIRO)
27584,DISTRITO FEDERAL (INTEIRO)
27585,I
27586,XII
27587,XV
27588,XXII
27589,XI
27590,XXXII
27591,DISTRITO FEDERAL (INTEIRO)
27592,VI
27593,XXXIV
27594,XII
27595,IX
27596,IX
27597,DISTRITO FEDERAL (INTEIRO)
27598,DISTRITO FEDERAL (INTEIRO)
27599,DISTRITO FEDERAL (INTEIRO)
27600,XII
27601,V
27602,IV
27603,VIII
27604,XXVII
27605,DISTRITO FEDERAL (INTEIRO)
27606,DISTRITO FEDERAL (INTEIRO)
27607,DISTRITO FEDERAL (INTEIRO)
27608,DISTRITO FEDERAL (INTEIRO)
27609,DISTRITO FEDERAL (INTEIRO)
27610,IV
27611,DISTRITO FEDERAL (INTEIRO)
27612,DISTRITO FEDERAL (INTEIRO)
27613,DISTRITO FEDERAL (INTEIRO)
27614,VI
27615,DISTRITO FEDERAL (INTEIRO)
27616,XXXIV
27617,DISTRITO FEDERAL (INTEIRO)
27618,DISTRITO FEDERAL (INTEIRO)
27619,DISTRITO FEDERAL (INTEIRO)
27620,DISTRITO FEDERAL (INTEIRO)
27621,VII
27622,VII
27623,VII
27624,VII
27625,VII
27626,VII
27627,VII
27628,XII
27629,XXI
27630,XXVIII
27631,XX
27632,VII
27633,DISTRITO FEDERAL (INTEIRO)
27634,DISTRITO FEDERAL (INTEIRO)
27635,DISTRITO FEDERAL (INTEIRO)
27636,DISTRITO FEDERAL (INTEIRO)
27637,XII
27638,DISTRITO FEDERAL (INTEIRO)
27639,DISTRITO FEDERAL (INTEIRO)
27640,III
27641,DISTRITO FEDERAL (INTEIRO)
27642,DISTRITO FEDERAL (INTEIRO)
27643,DISTRITO FEDERAL (INTEIRO)
27644,DISTRITO FEDERAL (INTEIRO)
27645,DISTRITO FEDERAL (INTEIRO)
27646,XII
27647,XIV
27648,VI
27649,XIII
27650,XXXIII
27651,DISTRITO FEDERAL (INTEIRO)
27652,DISTRITO FEDERAL (INTEIRO)
27653,DISTRITO FEDERAL (INTEIRO)
27654,DISTRITO FEDERAL (INTEIRO)
27655,DISTRITO FEDERAL (INTEIRO)
27656,DISTRITO FEDERAL (INTEIRO)
27657,DISTRITO FEDERAL (INTEIRO)
27658,DISTRITO FEDERAL (INTEIRO)
27659,DISTRITO FEDERAL (INTEIRO)
27660,DISTRITO FEDERAL (INTEIRO)
27661,DISTRITO FEDERAL (INTEIRO)
27662,DISTRITO FEDERAL (INTEIRO)
27663,DISTRITO FEDERAL (INTEIRO)
27664,DISTRITO FEDERAL (INTEIRO)
27665,DISTRITO FEDERAL (INTEIRO)
27666,DISTRITO FEDERAL (INTEIRO)
27667,DISTRITO FEDERAL (INTEIRO)
27668,DISTRITO FEDERAL (INTEIRO)
27669,DISTRITO FEDERAL (INTEIRO)
27670,DISTRITO FEDERAL (INTEIRO)
27671,DISTRITO FEDERAL (INTEIRO)
27672,DISTRITO FEDERAL (INTEIRO)
27673,XII
27674,II
27675,V
27676,IV
27677,X
27678,DISTRITO FEDERAL (INTEIRO)
27679,DISTRITO FEDERAL (INTEIRO)
27679,OUTROS ESTADOS
27680,DISTRITO FEDERAL (INTEIRO)
27681,DISTRITO FEDERAL (INTEIRO)
27682,DISTRITO FEDERAL (INTEIRO)
27683,IV
27684,DISTRITO FEDERAL (INTEIRO)
27685,XII
27686,IX
27687,DISTRITO FEDERAL (INTEIRO)
27688,III
27689,XI
27690,XXVIII
27691,DISTRITO FEDERAL (INTEIRO)
27692,DISTRITO FEDERAL (INTEIRO)
27693,DISTRITO FEDERAL (INTEIRO)
27694,XIV
27695,DISTRITO FEDERAL (INTEIRO)
27696,DISTRITO FEDERAL (INTEIRO)
27697,DISTRITO FEDERAL (INTEIRO)
27698,DISTRITO FEDERAL (INTEIRO)
27699,DISTRITO FEDERAL (INTEIRO)
27700,DISTRITO FEDERAL (INTEIRO)
27701,DISTRITO FEDERAL (INTEIRO)
27702,DISTRITO FEDERAL (INTEIRO)
27703,XII
27704,XX
27705,XV
27706,XVII
27707,VII
27708,DISTRITO FEDERAL (INTEIRO)
27709,DISTRITO FEDERAL (INTEIRO)
27710,DISTRITO FEDERAL (INTEIRO)
27711,DISTRITO FEDERAL (INTEIRO)
27712,DISTRITO FEDERAL (INTEIRO)
27713,DISTRITO FEDERAL (INTEIRO)
27714,DISTRITO FEDERAL (INTEIRO)
27715,DISTRITO FEDERAL (INTEIRO)
27716,DISTRITO FEDERAL (INTEIRO)
27717,DISTRITO FEDERAL (INTEIRO)
27718,DISTRITO FEDERAL (INTEIRO)
27719,DISTRITO FEDERAL (INTEIRO)
27720,XII
27721,XXX
27722,XIV
27723,XIII
27724,XXXI
27725,XII
27726,XII
27727,DISTRITO FEDERAL (INTEIRO)
27728,DISTRITO FEDERAL (INTEIRO)
27728,I
27728,XVII
27729,X
27730,DISTRITO FEDERAL (INTEIRO)
27731,DISTRITO FEDERAL (INTEIRO)
27732,DISTRITO FEDERAL (INTEIRO)
27733,DISTRITO FEDERAL (INTEIRO)
27734,VI
27735,DISTRITO FEDERAL (INTEIRO)
27736,VI
27737,DISTRITO FEDERAL (INTEIRO)
27738,XXIII
27739,DISTRITO FEDERAL (INTEIRO)
27740,IX
27740,XXXII
27741,IX
27742,II
27743,DISTRITO FEDERAL (INTEIRO)
27744,DISTRITO FEDERAL (INTEIRO)
27745,DISTRITO FEDERAL (INTEIRO)
27746,XII
27747,XXXIII
27748,DISTRITO FEDERAL (INTEIRO)
27749,XXIV
27750,VI
27751,XXI
27752,XII
27753,XII
27754,DISTRITO FEDERAL (INTEIRO)
27755,DISTRITO FEDERAL (INTEIRO)
27756,DISTRITO FEDERAL (INTEIRO)
27757,DISTRITO FEDERAL (INTEIRO)
27758,DISTRITO FEDERAL (INTEIRO)
27759,DISTRITO FEDERAL (INTEIRO)
27760,DISTRITO FEDERAL (INTEIRO)
27761,DISTRITO FEDERAL (INTEIRO)
27762,XII
27763,III
27764,IX
27765,V
27766,II
27767,DISTRITO FEDERAL (INTEIRO)
27768,V
27769,V
27770,DISTRITO FEDERAL (INTEIRO)
27771,XXVIII
27772,DISTRITO FEDERAL (INTEIRO)
27773,DISTRITO FEDERAL (INTEIRO)
27774,DISTRITO FEDERAL (INTEIRO)
27775,DISTRITO FEDERAL (INTEIRO)
27776,DISTRITO FEDERAL (INTEIRO)
27777,DISTRITO FEDERAL (INTEIRO)
27778,DISTRITO FEDERAL (INTEIRO)
27779,DISTRITO FEDERAL (INTEIRO)
27780,DISTRITO FEDERAL (INTEIRO)
27781,DISTRITO FEDERAL (INTEIRO)
27782,DISTRITO FEDERAL (INTEIRO)
27783,DISTRITO FEDERAL (INTEIRO)
27784,DISTRITO FEDERAL (INTEIRO)
27785,DISTRITO FEDERAL (INTEIRO)
27786,DISTRITO FEDERAL (INTEIRO)
27787,DISTRITO FEDERAL (INTEIRO)
27788,DISTRITO FEDERAL (INTEIRO)
27789,DISTRITO FEDERAL (INTEIRO)
27790,DISTRITO FEDERAL (INTEIRO)
27791,DISTRITO FEDERAL (INTEIRO)
27792,DISTRITO FEDERAL (INTEIRO)
27793,DISTRITO FEDERAL (INTEIRO)
27794,DISTRITO FEDERAL (INTEIRO)
27795,DISTRITO FEDERAL (INTEIRO)
27796,DISTRITO FEDERAL (INTEIRO)
27797,DISTRITO FEDERAL (INTEIRO)
27798,DISTRITO FEDERAL (INTEIRO)
27799,DISTRITO FEDERAL (INTEIRO)
27800,DISTRITO FEDERAL (INTEIRO)
27801,DISTRITO FEDERAL (INTEIRO)
27802,DISTRITO FEDERAL (INTEIRO)
27803,DISTRITO FEDERAL (INTEIRO)
27804,DISTRITO FEDERAL (INTEIRO)
27805,DISTRITO FEDERAL (INTEIRO)
27806,DISTRITO FEDERAL (INTEIRO)
27807,DISTRITO FEDERAL (INTEIRO)
27808,DISTRITO FEDERAL (INTEIRO)
27809,DISTRITO FEDERAL (INTEIRO)
27810,DISTRITO FEDERAL (INTEIRO)
27811,DISTRITO FEDERAL (INTEIRO)
27812,DISTRITO FEDERAL (INTEIRO)
27813,DISTRITO FEDERAL (INTEIRO)
27814,DISTRITO FEDERAL (INTEIRO)
27815,DISTRITO FEDERAL (INTEIRO)
27816,DISTRITO FEDERAL (INTEIRO)
27817,DISTRITO FEDERAL (INTEIRO)
27818,DISTRITO FEDERAL (INTEIRO)
27819,DISTRITO FEDERAL (INTEIRO)
27820,DISTRITO FEDERAL (INTEIRO)
27821,DISTRITO FEDERAL (INTEIRO)
27822,DISTRITO FEDERAL (INTEIRO)
27823,DISTRITO FEDERAL (INTEIRO)
27824,XII
27825,DISTRITO FEDERAL (INTEIRO)
27826,X
27827,DISTRITO FEDERAL (INTEIRO)
27828,DISTRITO FEDERAL (INTEIRO)
27829,DISTRITO FEDERAL (INTEIRO)
27830,IV
27831,DISTRITO FEDERAL (INTEIRO)
27832,XIV
27833,DISTRITO FEDERAL (INTEIRO)
27834,DISTRITO FEDERAL (INTEIRO)
27835,VII
27836,DISTRITO FEDERAL (INTEIRO)
27837,VII
27838,DISTRITO FEDERAL (INTEIRO)
27839,XV
27840,DISTRITO FEDERAL (INTEIRO)
27841,DISTRITO FEDERAL (INTEIRO)
27842,XV
27843,DISTRITO FEDERAL (INTEIRO)
27844,DISTRITO FEDERAL (INTEIRO)
27845,IX
27846,I
27847,DISTRITO FEDERAL (INTEIRO)
27848,DISTRITO FEDERAL (INTEIRO)
27849,DISTRITO FEDERAL (INTEIRO)
27850,DISTRITO FEDERAL (INTEIRO)
27851,DISTRITO FEDERAL (INTEIRO)
27852,DISTRITO FEDERAL (INTEIRO)
27853,DISTRITO FEDERAL (INTEIRO)
27854,DISTRITO FEDERAL (INTEIRO)
27855,DISTRITO FEDERAL (INTEIRO)
27856,DISTRITO FEDERAL (INTEIRO)
27857,DISTRITO FEDERAL (INTEIRO)
27858,DISTRITO FEDERAL (INTEIRO)
27859,DISTRITO FEDERAL (INTEIRO)
27860,DISTRITO FEDERAL (INTEIRO)
27861,DISTRITO FEDERAL (INTEIRO)
27862,DISTRITO FEDERAL (INTEIRO)
27863,I
27864,V
27865,DISTRITO FEDERAL (INTEIRO)
27866,DISTRITO FEDERAL (INTEIRO)
27867,DISTRITO FEDERAL (INTEIRO)
27868,DISTRITO FEDERAL (INTEIRO)
27869,DISTRITO FEDERAL (INTEIRO)
27870,DISTRITO FEDERAL (INTEIRO)
27871,XXIV
27872,DISTRITO FEDERAL (INTEIRO)
27873,DISTRITO FEDERAL (INTEIRO)
27874,DISTRITO FEDERAL (INTEIRO)
27875,DISTRITO FEDERAL (INTEIRO)
27876,DISTRITO FEDERAL (INTEIRO)
27877,DISTRITO FEDERAL (INTEIRO)
27878,DISTRITO FEDERAL (INTEIRO)
27879,DISTRITO FEDERAL (INTEIRO)
27880,DISTRITO FEDERAL (INTEIRO)
27881,DISTRITO FEDERAL (INTEIRO)
27882,DISTRITO FEDERAL (INTEIRO)
27883,DISTRITO FEDERAL (INTEIRO)
27884,DISTRITO FEDERAL (INTEIRO)
27885,DISTRITO FEDERAL (INTEIRO)
27886,DISTRITO FEDERAL (INTEIRO)
27887,DISTRITO FEDERAL (INTEIRO)
27888,DISTRITO FEDERAL (INTEIRO)
27889,DISTRITO FEDERAL (INTEIRO)
27890,DISTRITO FEDERAL (INTEIRO)
27891,DISTRITO FEDERAL (INTEIRO)
27892,DISTRITO FEDERAL (INTEIRO)
27893,DISTRITO FEDERAL (INTEIRO)
27894,DISTRITO FEDERAL (INTEIRO)
27895,DISTRITO FEDERAL (INTEIRO)
27896,DISTRITO FEDERAL (INTEIRO)
27897,DISTRITO FEDERAL (INTEIRO)
27898,DISTRITO FEDERAL (INTEIRO)
27899,DISTRITO FEDERAL (INTEIRO)
27900,DISTRITO FEDERAL (INTEIRO)
27901,DISTRITO FEDERAL (INTEIRO)
27902,DISTRITO FEDERAL (INTEIRO)
27903,DISTRITO FEDERAL (INTEIRO)
27904,DISTRITO FEDERAL (INTEIRO)
27905,DISTRITO FEDERAL (INTEIRO)
27906,DISTRITO FEDERAL (INTEIRO)
27907,DISTRITO FEDERAL (INTEIRO)
27908,DISTRITO FEDERAL (INTEIRO)
27909,DISTRITO FEDERAL (INTEIRO)
27910,DISTRITO FEDERAL (INTEIRO)
27911,IX
27912,IX
27913,XII
27914,XXX
27915,XV
27916,XX
27917,DISTRITO FEDERAL (INTEIRO)
27918,XXXII
27919,DISTRITO FEDERAL (INTEIRO)
27920,XII
27921,I
27922,XXXIV
27923,DISTRITO FEDERAL (INTEIRO)
27924,DISTRITO FEDERAL (INTEIRO)
27925,VII
27926,DISTRITO FEDERAL (INTEIRO)
27927,XXVIII
27928,DISTRITO FEDERAL (INTEIRO)
27929,DISTRITO FEDERAL (INTEIRO)
27930,DISTRITO FEDERAL (INTEIRO)
27931,DISTRITO FEDERAL (INTEIRO)
27932,DISTRITO FEDERAL (INTEIRO)
27933,DISTRITO FEDERAL (INTEIRO)
27934,XIII
27935,XIII
27936,XV
27937,II
27938,DISTRITO FEDERAL (INTEIRO)
27939,DISTRITO FEDERAL (INTEIRO)
27940,DISTRITO FEDERAL (INTEIRO)
27941,DISTRITO FEDERAL (INTEIRO)
27942,DISTRITO FEDERAL (INTEIRO)
27943,DISTRITO FEDERAL (INTEIRO)
27944,DISTRITO FEDERAL (INTEIRO)
27945,DISTRITO FEDERAL (INTEIRO)
27946,XII
27947,XXIII
27948,XIII
27949,XXXIII
27950,VIII
27951,DISTRITO FEDERAL (INTEIRO)
27952,II
27953,IX
27954,DISTRITO FEDERAL (INTEIRO)
27955,DISTRITO FEDERAL (INTEIRO)
27956,DISTRITO FEDERAL (INTEIRO)
27957,DISTRITO FEDERAL (INTEIRO)
27958,DISTRITO FEDERAL (INTEIRO)
27959,DISTRITO FEDERAL (INTEIRO)
27960,DISTRITO FEDERAL (INTEIRO)
27961,DISTRITO FEDERAL (INTEIRO)
27962,XII
27963,XXXIV
27964,VI
27965,XXXV
27966,DISTRITO FEDERAL (INTEIRO)
27967,DISTRITO FEDERAL (INTEIRO)
27968,DISTRITO FEDERAL (INTEIRO)
27969,II
27970,DISTRITO FEDERAL (INTEIRO)
27971,DISTRITO FEDERAL (INTEIRO)
27972,XII
27973,III
27974,IX
27975,II
27976,XXIX
27977,DISTRITO FEDERAL (INTEIRO)
27978,X
27979,V
27980,I
27981,DISTRITO FEDERAL (INTEIRO)
27982,DISTRITO FEDERAL (INTEIRO)
27983,DISTRITO FEDERAL (INTEIRO)
27984,XXI
27985,XXXIII
27986,XXXIII
27987,XXXIII
27988,XXXIII
27989,XXXIII
27990,XXV
27991,DISTRITO FEDERAL (INTEIRO)
27992,DISTRITO FEDERAL (INTEIRO)
27993,IX
27994,IX
27995,DISTRITO FEDERAL (INTEIRO)
27996,DISTRITO FEDERAL (INTEIRO)
27997,DISTRITO FEDERAL (INTEIRO)
27998,DISTRITO FEDERAL (INTEIRO)
27999,DISTRITO FEDERAL (INTEIRO)
28000,DISTRITO FEDERAL (INTEIRO)
28001,DISTRITO FEDERAL (INTEIRO)
28002,XII
28003,XX
28004,XXXIII
28005,XXXIV
28006,I
28007,XV
28008,IX
28009,XXXI
28010,XVIII
28011,II
28012,XX
28013,X
28014,DISTRITO FEDERAL (INTEIRO)
28015,VI
28016,VI
28017,VI
28018,VI
28019,VI
28020,VI
28021,DISTRITO FEDERAL (INTEIRO)
28022,DISTRITO FEDERAL (INTEIRO)
28023,DISTRITO FEDERAL (INTEIRO)
28024,DISTRITO FEDERAL (INTEIRO)
28025,DISTRITO FEDERAL (INTEIRO)
28026,DISTRITO FEDERAL (INTEIRO)
28027,IX
28028,XXVI
28029,DISTRITO FEDERAL (INTEIRO)
28030,DISTRITO FEDERAL (INTEIRO)
28031,XII
28032,DISTRITO FEDERAL (INTEIRO)
28033,DISTRITO FEDERAL (INTEIRO)
28034,XII
28035,XVII
28036,XXXII
28037,XVI
28038,XXVII
28039,DISTRITO FEDERAL (INTEIRO)
28040,I
28041,DISTRITO FEDERAL (INTEIRO)
28042,VI
28043,VI
28044,DISTRITO FEDERAL (INTEIRO)
28045,DISTRITO FEDERAL (INTEIRO)
28046,DISTRITO FEDERAL (INTEIRO)
28047,DISTRITO FEDERAL (INTEIRO)
28048,DISTRITO FEDERAL (INTEIRO)
28049,DISTRITO FEDERAL (INTEIRO)
28050,XII
28051,X
28052,V
28053,XV
28054,III
28055,DISTRITO FEDERAL (INTEIRO)
28056,DISTRITO FEDERAL (INTEIRO)
28057,DISTRITO FEDERAL (INTEIRO)
28058,DISTRITO FEDERAL (INTEIRO)
28059,DISTRITO FEDERAL (INTEIRO)
28060,DISTRITO FEDERAL (INTEIRO)
28061,DISTRITO FEDERAL (INTEIRO)
28062,DISTRITO FEDERAL (INTEIRO)
28063,DISTRITO FEDERAL (INTEIRO)
28064,DISTRITO FEDERAL (INTEIRO)
28065,DISTRITO FEDERAL (INTEIRO)
28066,DISTRITO FEDERAL (INTEIRO)
28067,DISTRITO FEDERAL (INTEIRO)
28068,DISTRITO FEDERAL (INTEIRO)
28069,DISTRITO FEDERAL (INTEIRO)
28070,DISTRITO FEDERAL (INTEIRO)
28071,DISTRITO FEDERAL (INTEIRO)
28072,DISTRITO FEDERAL (INTEIRO)
28073,DISTRITO FEDERAL (INTEIRO)
28074,XII
28075,XV
28076,III
28077,III
28078,DISTRITO FEDERAL (INTEIRO)
28079,DISTRITO FEDERAL (INTEIRO)
28080,DISTRITO FEDERAL (INTEIRO)
28081,DISTRITO FEDERAL (INTEIRO)
28082,DISTRITO FEDERAL (INTEIRO)
28083,DISTRITO FEDERAL (INTEIRO)
28084,DISTRITO FEDERAL (INTEIRO)
28085,VI
28086,DISTRITO FEDERAL (INTEIRO)
28087,XII
28088,II
28089,IX
28090,IV
28091,XXI
28092,XIV
28093,II
28094,XV
28095,VI
28096,DISTRITO FEDERAL (INTEIRO)
28097,DISTRITO FEDERAL (INTEIRO)
28098,DISTRITO FEDERAL (INTEIRO)
28099,DISTRITO FEDERAL (INTEIRO)
28100,DISTRITO FEDERAL (INTEIRO)
28101,DISTRITO FEDERAL (INTEIRO)
28102,DISTRITO FEDERAL (INTEIRO)
28103,DISTRITO FEDERAL (INTEIRO)
28104,DISTRITO FEDERAL (INTEIRO)
28105,DISTRITO FEDERAL (INTEIRO)
28106,DISTRITO FEDERAL (INTEIRO)
28107,DISTRITO FEDERAL (INTEIRO)
28108,DISTRITO FEDERAL (INTEIRO)
28109,VI
28110,VI
28111,XIII
28112,DISTRITO FEDERAL (INTEIRO)
28113,DISTRITO FEDERAL (INTEIRO)
28114,XII
28115,XXXV
28116,XXXII
28117,II
28118,XXVIII
28119,V
28120,DISTRITO FEDERAL (INTEIRO)
28121,DISTRITO FEDERAL (INTEIRO)
28122,DISTRITO FEDERAL (INTEIRO)
28123,DISTRITO FEDERAL (INTEIRO)
28124,IX
28125,DISTRITO FEDERAL (INTEIRO)
28126,DISTRITO FEDERAL (INTEIRO)
28127,XII
28128,XXXII
28129,DISTRITO FEDERAL (INTEIRO)
28130,XIII
28131,XXX
28132,XX
28133,DISTRITO FEDERAL (INTEIRO)
28134,DISTRITO FEDERAL (INTEIRO)
28135,DISTRITO FEDERAL (INTEIRO)
28136,III
28137,VI
28138,DISTRITO FEDERAL (INTEIRO)
28139,DISTRITO FEDERAL (INTEIRO)
28140,III
28141,II
28142,XV
28143,DISTRITO FEDERAL (INTEIRO)
28144,XIV
28145,I
28146,DISTRITO FEDERAL (INTEIRO)
28147,DISTRITO FEDERAL (INTEIRO)
28148,DISTRITO FEDERAL (INTEIRO)
28149,DISTRITO FEDERAL (INTEIRO)
28150,DISTRITO FEDERAL (INTEIRO)
28151,DISTRITO FEDERAL (INTEIRO)
28152,DISTRITO FEDERAL (INTEIRO)
28153,XII
28154,XXXIII
28155,XVII
28156,VII
28157,XXVII
28158,DISTRITO FEDERAL (INTEIRO)
28159,DISTRITO FEDERAL (INTEIRO)
28160,DISTRITO FEDERAL (INTEIRO)
28161,DISTRITO FEDERAL (INTEIRO)
28162,DISTRITO FEDERAL (INTEIRO)
28163,DISTRITO FEDERAL (INTEIRO)
28164,XIV
28165,IV
28166,DISTRITO FEDERAL (INTEIRO)
28167,XII
28168,IX
28169,X
28170,XV
28171,III
28172,DISTRITO FEDERAL (INTEIRO)
28173,DISTRITO FEDERAL (INTEIRO)
28174,DISTRITO FEDERAL (INTEIRO)
28175,DISTRITO FEDERAL (INTEIRO)
28176,DISTRITO FEDERAL (INTEIRO)
28177,DISTRITO FEDERAL (INTEIRO)
28178,DISTRITO FEDERAL (INTEIRO)
28179,DISTRITO FEDERAL (INTEIRO)
28180,DISTRITO FEDERAL (INTEIRO)
28181,DISTRITO FEDERAL (INTEIRO)
28182,DISTRITO FEDERAL (INTEIRO)
28183,XXIV
28184,DISTRITO FEDERAL (INTEIRO)
28185,XII
28186,II
28187,IV
28188,XIV
28189,V
28190,XII
28191,XV
28192,XXI
28193,II
28194,DISTRITO FEDERAL (INTEIRO)
28195,DISTRITO FEDERAL (INTEIRO)
28196,DISTRITO FEDERAL (INTEIRO)
28197,DISTRITO FEDERAL (INTEIRO)
28198,DISTRITO FEDERAL (INTEIRO)
28199,DISTRITO FEDERAL (INTEIRO)
28200,DISTRITO FEDERAL (INTEIRO)
28201,DISTRITO FEDERAL (INTEIRO)
28202,DISTRITO FEDERAL (INTEIRO)
28203,IV
28204,DISTRITO FEDERAL (INTEIRO)
28205,DISTRITO FEDERAL (INTEIRO)
28206,IV
28207,DISTRITO FEDERAL (INTEIRO)
28208,DISTRITO FEDERAL (INTEIRO)
28209,XII
28210,XX
28211,VIII
28212,XI
28213,XXI
28214,DISTRITO FEDERAL (INTEIRO)
28215,DISTRITO FEDERAL (INTEIRO)
28216,DISTRITO FEDERAL (INTEIRO)
28217,DISTRITO FEDERAL (INTEIRO)
28218,DISTRITO FEDERAL (INTEIRO)
28219,VII
28220,VII
28221,VII
28222,VII
28223,DISTRITO FEDERAL (INTEIRO)
28224,XXVIII
28225,DISTRITO FEDERAL (INTEIRO)
28226,DISTRITO FEDERAL (INTEIRO)
28227,DISTRITO FEDERAL (INTEIRO)
28228,XII
28229,XIII
28230,XVII
28231,XXXII
28232,XXV
28233,DISTRITO FEDERAL (INTEIRO)
28234,DISTRITO FEDERAL (INTEIRO)
28235,DISTRITO FEDERAL (INTEIRO)
28236,DISTRITO FEDERAL (INTEIRO)
28237,DISTRITO FEDERAL (INTEIRO)
28238,DISTRITO FEDERAL (INTEIRO)
28239,DISTRITO FEDERAL (INTEIRO)
28240,DISTRITO FEDERAL (INTEIRO)
28241,XII
28242,XXVI
28243,XXVIII
28244,XXIV
28245,VI
28246,DISTRITO FEDERAL (INTEIRO)
28247,DISTRITO FEDERAL (INTEIRO)
28248,DISTRITO FEDERAL (INTEIRO)
28249,DISTRITO FEDERAL (INTEIRO)
28250,DISTRITO FEDERAL (INTEIRO)
28251,DISTRITO FEDERAL (INTEIRO)
28252,XII
28253,II
28254,IX
28255,III
28256,X
28257,DISTRITO FEDERAL (INTEIRO)
28258,III
28259,DISTRITO FEDERAL (INTEIRO)
28260,DISTRITO FEDERAL (INTEIRO)
28261,DISTRITO FEDERAL (INTEIRO)
28262,DISTRITO FEDERAL (INTEIRO)
28263,DISTRITO FEDERAL (INTEIRO)
28264,DISTRITO FEDERAL (INTEIRO)
28265,DISTRITO FEDERAL (INTEIRO)
28266,DISTRITO FEDERAL (INTEIRO)
28267,DISTRITO FEDERAL (INTEIRO)
28268,DISTRITO FEDERAL (INTEIRO)
28269,XII
28270,DISTRITO FEDERAL (INTEIRO)
28271,IV
28272,DISTRITO FEDERAL (INTEIRO)
28273,DISTRITO FEDERAL (INTEIRO)
28274,XI
28275,DISTRITO FEDERAL (INTEIRO)
28276,XX
28277,XV
28278,DISTRITO FEDERAL (INTEIRO)
28279,DISTRITO FEDERAL (INTEIRO)
28280,DISTRITO FEDERAL (INTEIRO)
28281,DISTRITO FEDERAL (INTEIRO)
28282,DISTRITO FEDERAL (INTEIRO)
28283,DISTRITO FEDERAL (INTEIRO)
28284,DISTRITO FEDERAL (INTEIRO)
28285,XII
28286,XXX
28287,XXXII
28288,XVIII
28289,VII
28289,XXVIII
28290,DISTRITO FEDERAL (INTEIRO)
28291,XII
28292,IX
28293,XXV
28294,V
28295,I
28296,DISTRITO FEDERAL (INTEIRO)
28297,DISTRITO FEDERAL (INTEIRO)
28298,DISTRITO FEDERAL (INTEIRO)
28299,XII
28300,III
28301,II
28302,X
28303,XI
28304,XII
28305,XII
28306,IX
28307,XXXIV
28308,VII
28309,IV
28310,DISTRITO FEDERAL (INTEIRO)
28311,DISTRITO FEDERAL (INTEIRO)
28312,DISTRITO FEDERAL (INTEIRO)
28313,DISTRITO FEDERAL (INTEIRO)
28314,DISTRITO FEDERAL (INTEIRO)
28315,DISTRITO FEDERAL (INTEIRO)
28316,XII
28317,XX
28318,V
28319,XIV
28320,XXX
28321,DISTRITO FEDERAL (INTEIRO)
28322,DISTRITO FEDERAL (INTEIRO)
28323,DISTRITO FEDERAL (INTEIRO)
28324,DISTRITO FEDERAL (INTEIRO)
28325,DISTRITO FEDERAL (INTEIRO)
28326,DISTRITO FEDERAL (INTEIRO)
28327,DISTRITO FEDERAL (INTEIRO)
28328,DISTRITO FEDERAL (INTEIRO)
28329,DISTRITO FEDERAL (INTEIRO)
28330,DISTRITO FEDERAL (INTEIRO)
28331,XII
28332,XXXIII
28333,XVII
28334,XXVIII
28335,II
28336,X
28337,DISTRITO FEDERAL (INTEIRO)
28338,DISTRITO FEDERAL (INTEIRO)
28339,DISTRITO FEDERAL (INTEIRO)
28340,DISTRITO FEDERAL (INTEIRO)
28341,II
28342,XX
28343,XIV
28344,XXI
28345,IX
28346,XII
28347,XV
28348,XIII
28349,III
28350,XXII
28351,DISTRITO FEDERAL (INTEIRO)
28352,DISTRITO FEDERAL (INTEIRO)
28353,XII
28354,III
28355,IV
28356,IX
28357,XXXIV
28358,DISTRITO FEDERAL (INTEIRO)
28359,DISTRITO FEDERAL (INTEIRO)
28360,XX
28361,X
28362,XII
28363,XV
28364,VI
28365,XVII
28366,XX
28367,XII
28368,XII
28369,DISTRITO FEDERAL (INTEIRO)
28370,XXI
28371,XXI
28372,IX
28373,XIII
28374,XXXI
28375,DISTRITO FEDERAL (INTEIRO)
28376,DISTRITO FEDERAL (INTEIRO)
28377,DISTRITO FEDERAL (INTEIRO)
28378,DISTRITO FEDERAL (INTEIRO)
28379,XII
28380,XXX
28381,VII
28382,XXVI
28383,XXXII
28384,XXXIII
28385,DISTRITO FEDERAL (INTEIRO)
28386,DISTRITO FEDERAL (INTEIRO)
28387,DISTRITO FEDERAL (INTEIRO)
28388,DISTRITO FEDERAL (INTEIRO)
28389,DISTRITO FEDERAL (INTEIRO)
28390,DISTRITO FEDERAL (INTEIRO)
28391,DISTRITO FEDERAL (INTEIRO)
28392,XII
28393,X
28394,XXII
28395,II
28396,XI
28397,DISTRITO FEDERAL (INTEIRO)
28398,DISTRITO FEDERAL (INTEIRO)
28399,DISTRITO FEDERAL (INTEIRO)
28400,DISTRITO FEDERAL (INTEIRO)
28401,DISTRITO FEDERAL (INTEIRO)
28402,DISTRITO FEDERAL (INTEIRO)
28403,XII
28404,V
28405,XIV
28406,XXXIII
28407,III
28408,DISTRITO FEDERAL (INTEIRO)
28409,DISTRITO FEDERAL (INTEIRO)
28410,DISTRITO FEDERAL (INTEIRO)
28411,DISTRITO FEDERAL (INTEIRO)
28412,XII
28413,IX
28414,IV
28415,XX
28416,IX
28417,XII
28418,III
28419,XXXII
28420,VI
28420,XXII
28421,XI
28422,DISTRITO FEDERAL (INTEIRO)
28423,XII
28424,XV
28425,X
28426,XIII
28427,II
28428,DISTRITO FEDERAL (INTEIRO)
28429,DISTRITO FEDERAL (INTEIRO)
28430,DISTRITO FEDERAL (INTEIRO)
28431,DISTRITO FEDERAL (INTEIRO)
28432,DISTRITO FEDERAL (INTEIRO)
28433,III
28434,III
28435,VII
28436,XXVIII
28437,VII
28438,XXVIII
28439,VII
28440,VII
28441,VII
28442,VII
28443,XXVIII
28444,VII
28445,DISTRITO FEDERAL (INTEIRO)
28446,DISTRITO FEDERAL (INTEIRO)
28447,DISTRITO FEDERAL (INTEIRO)
28448,XII
28449,XXX
28450,V
28451,XXXIII
28452,VII
28453,II
28454,XXI
28455,DISTRITO FEDERAL (INTEIRO)
28456,XII
28457,III
28458,IV
28459,X
28460,XXXIV
28461,DISTRITO FEDERAL (INTEIRO)
28462,DISTRITO FEDERAL (INTEIRO)
28463,VII
28464,VII
28465,XXVIII
28466,VII
28467,VII
28468,XII
28469,IX
28470,XXVI
28471,XIII
28472,XX
28473,DISTRITO FEDERAL (INTEIRO)
28474,VII
28475,XXVIII
28476,DISTRITO FEDERAL (INTEIRO)
28477,XII
28478,IV
28479,III
28480,II
28481,XXI
28482,DISTRITO FEDERAL (INTEIRO)
28483,XXXII
28484,VII
28485,XXVIII
28486,VII
28487,VII
28488,VII
28489,VII
28490,XXVIII
28491,VII
28492,DISTRITO FEDERAL (INTEIRO)
28493,XII
28494,XV
28495,VI
28496,XXXIV
28497,VII
28498,DISTRITO FEDERAL (INTEIRO)
28499,IV
28500,XII
28501,XXIII
28502,XIV
28503,DISTRITO FEDERAL (INTEIRO)
28504,X
28505,III
28506,DISTRITO FEDERAL (INTEIRO)
28507,XXXIV
28508,XXXIV
28509,XXXIV
28510,DISTRITO FEDERAL (INTEIRO)
28511,XII
28512,IX
28513,IV
28514,XX
28515,II
28516,XXXIV
28517,XXXIV
28518,DISTRITO FEDERAL (INTEIRO)
28518,I
28519,DISTRITO FEDERAL (INTEIRO)
28520,VII
28521,VII
28522,XII
28523,III
28524,X
28525,XIII
28526,VII
28527,VII
28528,DISTRITO FEDERAL (INTEIRO)
28529,DISTRITO FEDERAL (INTEIRO)
28530,DISTRITO FEDERAL (INTEIRO)
28531,X
28532,DISTRITO FEDERAL (INTEIRO)
28533,XXX
28534,XII
28535,XIV
28536,I
28537,I
28538,XIV
28539,XXX
28540,XIV
28541,II
28542,DISTRITO FEDERAL (INTEIRO)
28543,V
28544,XII
28545,DISTRITO FEDERAL (INTEIRO)
28546,DISTRITO FEDERAL (INTEIRO)
28547,DISTRITO FEDERAL (INTEIRO)
28548,DISTRITO FEDERAL (INTEIRO)
28549,DISTRITO FEDERAL (INTEIRO)
28550,DISTRITO FEDERAL (INTEIRO)
28551,DISTRITO FEDERAL (INTEIRO)
28552,XII
28553,XV
28554,XXXII
28555,XXXIII
28556,XXVII
28557,III
28558,DISTRITO FEDERAL (INTEIRO)
28559,DISTRITO FEDERAL (INTEIRO)
28560,DISTRITO FEDERAL (INTEIRO)
28561,XXX
28562,DISTRITO FEDERAL (INTEIRO)
28563,DISTRITO FEDERAL (INTEIRO)
28564,XII
28565,VI
28566,IX
28567,XXI
28568,XXII
28569,XIV
28570,I
28571,DISTRITO FEDERAL (INTEIRO)
28572,DISTRITO FEDERAL (INTEIRO)
28573,DISTRITO FEDERAL (INTEIRO)
28574,DISTRITO FEDERAL (INTEIRO)
28575,XII
28576,II
28577,XIII
28578,DISTRITO FEDERAL (INTEIRO)
28579,X
28580,IV
28581,DISTRITO FEDERAL (INTEIRO)
28582,DISTRITO FEDERAL (INTEIRO)
28583,XII
28584,IX
28585,III
28586,DISTRITO FEDERAL (INTEIRO)
28587,XXXII
28588,XX
28589,DISTRITO FEDERAL (INTEIRO)
28590,DISTRITO FEDERAL (INTEIRO)
28591,V
28592,DISTRITO FEDERAL (INTEIRO)
28593,DISTRITO FEDERAL (INTEIRO)
28594,DISTRITO FEDERAL (INTEIRO)
28595,DISTRITO FEDERAL (INTEIRO)
28596,DISTRITO FEDERAL (INTEIRO)
28597,XII
28598,VI
28599,V
28600,VI
28601,XXI
28602,XXX
28603,DISTRITO FEDERAL (INTEIRO)
28604,DISTRITO FEDERAL (INTEIRO)
28605,DISTRITO FEDERAL (INTEIRO)
28606,DISTRITO FEDERAL (INTEIRO)
28607,VII
28608,DISTRITO FEDERAL (INTEIRO)
28609,DISTRITO FEDERAL (INTEIRO)
28610,DISTRITO FEDERAL (INTEIRO)
28611,XII
28612,XXVI
28613,XXII
28614,XXXIII
28615,XIV
28616,DISTRITO FEDERAL (INTEIRO)
28617,DISTRITO FEDERAL (INTEIRO)
28618,DISTRITO FEDERAL (INTEIRO)
28619,DISTRITO FEDERAL (INTEIRO)
28620,XXIV
28621,DISTRITO FEDERAL (INTEIRO)
28622,XXIV
28623,V
28624,DISTRITO FEDERAL (INTEIRO)
28625,I
28626,DISTRITO FEDERAL (INTEIRO)
28627,XII
28628,XXIII
28629,VII
28630,XV
28631,VIII
28632,DISTRITO FEDERAL (INTEIRO)
28633,DISTRITO FEDERAL (INTEIRO)
28634,DISTRITO FEDERAL (INTEIRO)
28635,DISTRITO FEDERAL (INTEIRO)
28636,DISTRITO FEDERAL (INTEIRO)
28637,DISTRITO FEDERAL (INTEIRO)
28638,DISTRITO FEDERAL (INTEIRO)
28639,XII
28640,III
28641,XV
28642,II
28643,I
28644,DISTRITO FEDERAL (INTEIRO)
28645,DISTRITO FEDERAL (INTEIRO)
28646,DISTRITO FEDERAL (INTEIRO)
28647,V
28648,DISTRITO FEDERAL (INTEIRO)
28649,DISTRITO FEDERAL (INTEIRO)
28650,DISTRITO FEDERAL (INTEIRO)
28651,XII
28652,IV
28653,X
28654,I
28655,XIV
28656,DISTRITO FEDERAL (INTEIRO)
28657,XII
28658,IX
28659,XX
28660,XV
28661,V
28662,DISTRITO FEDERAL (INTEIRO)
28663,DISTRITO FEDERAL (INTEIRO)
28664,DISTRITO FEDERAL (INTEIRO)
28665,DISTRITO FEDERAL (INTEIRO)
28666,DISTRITO FEDERAL (INTEIRO)
28667,DISTRITO FEDERAL (INTEIRO)
28668,DISTRITO FEDERAL (INTEIRO)
28669,XII
28670,XXXIII
28671,XXI
28672,III
28673,XXII
28674,XXVI
28675,XXVI
28676,DISTRITO FEDERAL (INTEIRO)
28677,DISTRITO FEDERAL (INTEIRO)
28678,DISTRITO FEDERAL (INTEIRO)
28679,DISTRITO FEDERAL (INTEIRO)
28680,DISTRITO FEDERAL (INTEIRO)
28681,DISTRITO FEDERAL (INTEIRO)
28682,DISTRITO FEDERAL (INTEIRO)
28683,DISTRITO FEDERAL (INTEIRO)
28684,DISTRITO FEDERAL (INTEIRO)
28685,DISTRITO FEDERAL (INTEIRO)
28686,DISTRITO FEDERAL (INTEIRO)
28687,DISTRITO FEDERAL (INTEIRO)
28688,DISTRITO FEDERAL (INTEIRO)
