sk_ato,proposicao_id,documento_id,comissao_sigla,verdict_estrutural,verdict_prosa,clausula,via
76269,5708,38444,GAB DEP MARTINS MACHADO,,,,parecer_autor
76270,5757,38442,GAB DEP MARTINS MACHADO,,,,parecer_autor
76271,5854,38437,GAB DEP MARTINS MACHADO,,,,parecer_autor
76272,5857,50640,GAB DEP IOLANDO,,,,parecer_autor
76273,5864,49352,GAB DEP MARTINS MACHADO,,,,parecer_autor
76274,5864,41205,GAB DEP ROBÉRIO NEGREIROS,,,,parecer_autor
76275,6017,42979,GAB DEP DANIEL DONIZET,,,,parecer_autor
76276,6017,38464,GAB DEP JOÃO CARDOSO,,,,parecer_autor
76277,6020,36245,GAB DEP MARTINS MACHADO,,,,parecer_autor
76278,6024,41273,GAB DEP ROBÉRIO NEGREIROS,,,,parecer_autor
76279,6058,46162,GAB DEP JOÃO CARDOSO,,,,parecer_autor
76280,6073,45110,GAB DEP IOLANDO,,,,parecer_autor
76281,6076,38432,GAB DEP MARTINS MACHADO,,,,parecer_autor
76282,6124,36352,GAB DEP JOÃO CARDOSO,,,,parecer_autor
76283,6126,53313,GAB DEP JAQUELINE SILVA,,,,parecer_autor
76284,6126,40865,GAB DEP MARTINS MACHADO,,,,parecer_autor
76285,6141,49443,GAB DEP ROBÉRIO NEGREIROS,,,,parecer_autor
76286,6278,38519,GAB DEP MARTINS MACHADO,,,,parecer_autor
76287,6278,42995,GAB DEP ROBÉRIO NEGREIROS,,,,parecer_autor
76288,6302,38547,GAB DEP JOÃO CARDOSO,,,,parecer_autor
76289,6304,38555,GAB DEP JOÃO CARDOSO,,,,parecer_autor
76290,6460,36176,GAB DEP MARTINS MACHADO,,,,parecer_autor
76291,6784,41201,GAB DEP ROBÉRIO NEGREIROS,,,,parecer_autor
76292,6826,45015,GAB DEP MARTINS MACHADO,,,,parecer_autor
76293,6908,42992,GAB DEP ROBÉRIO NEGREIROS,,,,parecer_autor
76294,6948,49170,GAB DEP JOÃO CARDOSO,,,,parecer_autor
76295,6972,48310,GAB DEP MARTINS MACHADO,,,,parecer_autor
76296,7074,43066,GAB DEP IOLANDO,,,,parecer_autor
76297,7076,49595,GAB DEP IOLANDO,,,,parecer_autor
76298,7165,41588,GAB DEP ROBÉRIO NEGREIROS,,,,parecer_autor
76299,7175,41171,GAB DEP ROBÉRIO NEGREIROS,,,,parecer_autor
76300,7177,41196,GAB DEP ROBÉRIO NEGREIROS,,,,parecer_autor
76301,7178,41195,GAB DEP ROBÉRIO NEGREIROS,,,,parecer_autor
76302,7179,40863,GAB DEP MARTINS MACHADO,,,,parecer_autor
76303,7190,41187,GAB DEP ROBÉRIO NEGREIROS,,,,parecer_autor
76304,7191,41180,GAB DEP ROBÉRIO NEGREIROS,,,,parecer_autor
76305,7192,41156,GAB DEP ROBÉRIO NEGREIROS,,,,parecer_autor
76306,7200,40862,GAB DEP MARTINS MACHADO,,,,parecer_autor
76307,7201,40861,GAB DEP MARTINS MACHADO,,,,parecer_autor
76308,7202,40858,GAB DEP MARTINS MACHADO,,,,parecer_autor
76309,7203,40857,GAB DEP MARTINS MACHADO,,,,parecer_autor
76310,7204,40854,GAB DEP MARTINS MACHADO,,,,parecer_autor
76311,7206,40864,GAB DEP MARTINS MACHADO,,,,parecer_autor
76312,7207,41198,GAB DEP ROBÉRIO NEGREIROS,,,,parecer_autor
76313,7208,41200,GAB DEP ROBÉRIO NEGREIROS,,,,parecer_autor
76314,7253,50221,GAB DEP DANIEL DONIZET,,,,parecer_autor
76315,7269,40878,GAB DEP MARTINS MACHADO,,,,parecer_autor
76316,7696,52353,GAB DEP JAQUELINE SILVA,,,,parecer_autor
76317,7751,46739,GAB DEP JOÃO CARDOSO,,,,parecer_autor
76318,7772,49549,GAB DEP CHICO VIGILANTE,,,,parecer_autor
76319,7785,43269,GAB DEP MARTINS MACHADO,,,,parecer_autor
76320,7904,47828,GAB DEP ROBÉRIO NEGREIROS,,,,parecer_autor
76321,7996,48007,GAB DEP HERMETO,,,,parecer_autor
76322,8021,45816,GAB DEP MARTINS MACHADO,,,,parecer_autor
76323,8023,48302,GAB DEP MARTINS MACHADO,,,,parecer_autor
76324,8036,49182,GAB DEP JOÃO CARDOSO,,,,parecer_autor
76325,8050,51008,GAB DEP IOLANDO,,,,parecer_autor
76326,8094,48303,GAB DEP MARTINS MACHADO,,,,parecer_autor
76327,8160,47505,GAB DEP ROBÉRIO NEGREIROS,,,,parecer_autor
76328,8181,44904,GAB DEP JAQUELINE SILVA,,,,parecer_autor
76329,8243,49865,GAB DEP MARTINS MACHADO,,,,parecer_autor
76330,8253,48347,GAB DEP MARTINS MACHADO,,,,parecer_autor
76331,8288,51010,GAB DEP IOLANDO,,,,parecer_autor
76332,8353,45609,GAB DEP ROOSEVELT VILELA,,,,parecer_autor
76333,8374,48181,GAB DEP MARTINS MACHADO,,,,parecer_autor
76334,8384,47513,GAB DEP ROBÉRIO NEGREIROS,,,,parecer_autor
76335,8682,50223,GAB DEP DANIEL DONIZET,,,,parecer_autor
76336,8758,50495,GAB DEP JOÃO CARDOSO,,,,parecer_autor
76337,8823,53157,GAB DEP JAQUELINE SILVA,,,,parecer_autor
76338,8942,49339,GAB DEP JAQUELINE SILVA,,,,parecer_autor
76339,8958,50283,GAB DEP FÁBIO FÉLIX,,,,parecer_autor
76340,8963,49336,GAB DEP JAQUELINE SILVA,,,,parecer_autor
76341,8964,48553,GAB DEP JAQUELINE SILVA,,,,parecer_autor
76342,8969,49591,GAB DEP IOLANDO,,,,parecer_autor
76343,9108,49596,GAB DEP IOLANDO,,,,parecer_autor
76344,9137,49338,GAB DEP JAQUELINE SILVA,,,,parecer_autor
76345,9187,49528,GAB DEP JAQUELINE SILVA,,,,parecer_autor
76346,9268,50224,GAB DEP DANIEL DONIZET,,,,parecer_autor
76347,9439,50903,GAB DEP IOLANDO,,,,parecer_autor
76348,9509,51181,GAB DEP ROOSEVELT VILELA,,,,parecer_autor
76349,9618,53638,GAB DEP MARTINS MACHADO,,,,parecer_autor
76350,9831,53024,GAB DEP JORGE VIANNA,,,,parecer_autor
76351,4418,85686,GAB DEP GABRIEL MAGNO,Aprovado(a),merito_favoravel,"Diante do exposto, no âmbito desta CESC, manifestamos voto pela aprovação, no mérito, do Projeto de Lei nº 2710/2022.",parecer_autor
76352,4491,59414,GAB DEP FÁBIO FÉLIX,,,,parecer_autor
76353,5292,61912,GAB DEP PR DANIEL DE CASTRO,,,,parecer_autor
76354,5439,76233,GAB DEP PR DANIEL DE CASTRO,Aprovado(a),merito_favoravel,"Sob os critérios desta Comissão de Assuntos Sociais, somos, pela APROVAÇÃO do Projeto de Decreto Legislativo nº 260/2022, de autoria do nobre deputado JOÃO CARDOSO, por tratar-se de justa e honrosa homenagem a uma ilustre cidadã com relevantes serviços à população desta Capital.",parecer_autor
76355,5439,97784,GAB DEP THIAGO MANZONI,Aprovado(a),admissivel,"da Resolução nº 334/2023. O Projeto em tela foi apenas o primeiro do gênero apresentado pelo Deputado João Cardoso na condição de primeiro subscritor na sessão legislativa do ano de 2022. Pelo exposto, manifestamos voto pela ADMISSIBILIDADE do Projeto de Decreto Legislativo nº 260/2022 no âmbito desta Comissão de Constituição e Justiça.",parecer_autor
76356,5442,81705,GAB DEP DAYSE AMARILIO,Aprovado(a),merito_favoravel,"Diante do exposto, no âmbito desta Comissão de Assuntos Sociais, o nosso voto é pela APROVAÇÃO do Projeto de Decreto Legislativo n° 261 de 2022.",parecer_autor
76357,5442,97986,GAB DEP THIAGO MANZONI,Aprovado(a),admissivel,"o na condição de primeiro subscritor na sessão legislativa de 2021. Em razão do exposto, e nada havendo qualquer reparo a apontar quanto aos aspectos de juridicidade, legalidade, regimentalidade, manifestamos nosso voto pela ADMISSIBILIDADE do Projeto de Decreto Legislativo nº 261/2022 no âmbito desta Comissão de Constituição e Justiça.",parecer_autor
76358,5826,79589,GAB DEP JOAQUIM RORIZ NETO,Aprovado(a),merito_favoravel,"roíbam a soltura de fogos de artifício e artefatos pirotécnicos que produzam estampido.[2] Por todo exposto, no âmbito da Comissão de Desenvolvimento Econômico, Sustentável, Ciência, Tecnologia, Meio Ambiente e Turismo, somos pela APROVAÇÃO do Projeto de Lei nº 2.521, de 2022.",parecer_autor
76359,5874,60498,GAB DEP PAULA BELMONTE,,,,parecer_autor
76360,6020,84033,GAB DEP JOAQUIM RORIZ NETO,Não apreciado(a),admissivel,"Diante dessas considerações, vota-se, no âmbito da CEOF, pela admissibilidade do PL nº 2.550/2022, nos termos do art. 64, II, do RICLDF.",parecer_autor
76361,6024,62006,GAB DEP RICARDO VALE,,,,parecer_autor
76362,6033,82109,GAB DEP FÁBIO FÉLIX,Aprovado(a),admissivel,"Portanto, a proposição reúne condições de constitucionalidade e juridicidade, motivo pelo qual nosso voto é pela admissibilidade do Projeto de Lei nº 2.473/2022.",parecer_autor
76363,6033,65558,GAB DEP JOAQUIM RORIZ NETO,Aprovado(a),merito_favoravel,"Por todo exposto, na análise desta Comissão de Desenvolvimento Econômico, Sustentável, Ciência, Tecnologia, Meio Ambiente e Turismo, somos pela APROVAÇÃO do Projeto de Lei nº 2.473, de 2022, de iniciativa do Deputado Iolando.",parecer_autor
76364,6035,64201,GAB DEP PR DANIEL DE CASTRO,Aprovado(a),merito_favoravel,"Frente ao exposto, manifestamo-nos pela APROVAÇÃO do Projeto de Lei 2474/2022, no âmbito da CAS.",parecer_autor
76365,6073,106812,GAB DEP JOÃO CARDOSO,Não apreciado(a),sem_clausula,,parecer_autor
76366,6124,101170,GAB DEP JAQUELINE SILVA,Aprovado(a),admissivel,"Ante o exposto, vota-se, no âmbito da CEOF, pela admissibilidade do PL nº 2.513/2022, com acolhimento da Emenda Supressiva nº 1 – CEOF, nos termos do art. 64, II, do RICLDF.",parecer_autor
76367,6126,66838,GAB DEP IOLANDO,Aprovado(a),inadmissivel,"mentário, em descompasso, portanto, com o art. 8º da Lei Complementar nº 13/1996. Por todo o exposto, considerados os insanáveis óbices de ordem constitucional, jurídica e regimental apontados, resta-nos manifestar voto pela INADMISSIBILIDADE do Projeto de Lei n.º 2.490/2022.",parecer_autor
76368,6261,61486,GAB DEP JORGE VIANNA,,,,parecer_autor
76369,6277,77546,GAB DEP IOLANDO,Aprovado(a),admissivel_com_ressalva,"Pelo exposto, nosso voto é pela ADMISSIBILIDADE do Projeto de Lei n° 2.507/2022, na forma do substitutivo da Comissão de Assuntos Sociais.",parecer_autor
76370,6277,59255,GAB DEP PR DANIEL DE CASTRO,,,,parecer_autor
76371,6278,79842,GAB DEP FÁBIO FÉLIX,Aprovado(a),admissivel,"Diante de todo o exposto, manifestamo-nos pela admissibilidade do Projeto de Lei nº 2508/22, no âmbito da CCJ, com uma emenda supressiva.",parecer_autor
76372,6278,59372,GAB DEP DOUTORA JANE,,,,parecer_autor
76373,6279,84043,GAB DEP JOAQUIM RORIZ NETO,Aprovado(a),inadmissivel,"Diante do exposto, vota-se, no âmbito da CEOF, pela inadmissibilidade do PL nº 2.509/2022, nos termos do art. 64, II, e § 2º, do RICLDF.",parecer_autor
76374,6302,60194,GAB DEP CHICO VIGILANTE,,,,parecer_autor
76375,6304,89909,GAB DEP ROBÉRIO NEGREIROS,Não apreciado(a),inadmissivel,"Pelo exposto, manifestamos voto pela INADMISSIBILIDADE do Projeto de Decreto Legislativo nº 253/2022 no âmbito desta Comissão de Constituição e Justiça.",parecer_autor
76376,6305,64550,GAB DEP MARTINS MACHADO,Aprovado(a),merito_favoravel,"Sob os critérios desta Comissão de Assuntos Sociais, somos, no mérito, pela APROVAÇÃO do Projeto de Decreto Legislativo nº 251/2022, por tratar-se de justa e honrosa homenagem.",parecer_autor
76377,6306,64302,GAB DEP PR DANIEL DE CASTRO,Aprovado(a),merito_favoravel,"Sob os critérios desta Comissão de Assuntos Sociais, somos, no mérito, pela APROVAÇÃO do Projeto de Decreto Legislativo nº 250/2022, de autoria do nobre Deputado Delmasso, por tratar-se de justa e honrosa homenagem a um ilustre cidadão desta Capital.",parecer_autor
76378,6307,67277,GAB DEP JOÃO CARDOSO,Aprovado(a),sem_clausula,,parecer_autor
76379,6403,67304,GAB DEP ROGÉRIO MORRO DA CRUZ,Aprovado(a),merito_favoravel,"Com efeito, ante tudo quanto exposto, estritamente no âmbito desta Comissão, somos pela APROVAÇÃO integral do Projeto de Lei nº 2514/2022.",parecer_autor
76380,6521,102061,GAB DEP MAX MACIEL,Aprovado(a),sem_clausula,,parecer_autor
76381,6524,63660,GAB DEP DAYSE AMARILIO,,,,parecer_autor
76382,6575,59746,GAB DEP DAYSE AMARILIO,,,,parecer_autor
76383,6620,61914,GAB DEP PR DANIEL DE CASTRO,,,,parecer_autor
76384,6620,70113,GAB DEP DOUTORA JANE,Aprovado(a),merito_favoravel,"re Secretaria de Segurança Pública, Polícia Civil e concessionárias /prestadoras de serviços públicos. ____________________________________________________________________________________________________ Ante o exposto, somos no âmbito desta Comissão de Segurança, pela APROVAÇÃO, no mérito, do Projeto de Lei nº 2.554, de 2022, na forma do Substitutivo anexo.",parecer_autor
76385,6620,106132,GAB DEP JOAQUIM RORIZ NETO,Não apreciado(a),admissivel_com_ressalva,"Assim, sob todos os critérios desta comissão, votamos pela ADMISSIBILIDADE do Projeto de Lei nº 2254, de 2022, na forma do Substitutivo da Comissão de Segurança.",parecer_autor
76386,6620,106222,GAB DEP THIAGO MANZONI,Aprovado(a),admissivel_com_ressalva,"Antes o exposto, votamos pela ADMISSIBILIDADE do Projeto de Lei n.º 2.554, de 2022, e do Substitutivo da Comissão de Segurança, na forma da subemenda em anexo.",parecer_autor
76387,6653,63927,GAB DEP PAULA BELMONTE,Aprovado(a),merito_favoravel,"Diante do exposto, manifestamos voto pela APROVAÇÃO do Projeto de Lei nº 2.529/2022, quanto ao mérito, no âmbito desta Comissão de Desenvolvimento Econômico Sustentável, Ciência, Tecnologia, Meio Ambiente e Turismo.",parecer_autor
76388,6676,59599,GAB DEP DAYSE AMARILIO,,,,parecer_autor
76389,6706,60237,GAB DEP CHICO VIGILANTE,,,,parecer_autor
76390,6726,84327,GAB DEP DAYSE AMARILIO,Aprovado(a),merito_favoravel,"Ante o exposto, no âmbito da Comissão de Assuntos Sociais, somos pela aprovação, no mérito, do Projeto de Lei nº 2.555, de 2022.",parecer_autor
76391,6784,89633,GAB DEP JAQUELINE SILVA,Aprovado(a),admissivel,"Pelo exposto, vota-se, no âmbito da CEOF, pela admissibilidade do PL nº 2.537/22, nos termos do art. 64, II, do RICLDF.",parecer_autor
76392,6784,71045,GAB DEP ROGÉRIO MORRO DA CRUZ,Aprovado(a),merito_favoravel,"Com efeito, por todo o exposto, no âmbito desta Comissão, somos pela APROVAÇÃO do Projeto de Lei n° 2537/2022. É o Voto.",parecer_autor
76393,6817,67282,GAB DEP DANIEL DONIZET,Aprovado(a),merito_favoravel,"Diante do exposto, no âmbito da Comissão de Defesa do Consumidor, no mérito, manifestamos voto pela APROVAÇÃO do Projeto de Lei n. 2.546/2022, com as duas emendas de relator anexas.",parecer_autor
76394,6827,66767,GAB DEP MARTINS MACHADO,Aprovado(a),merito_favoravel,"Ante o exposto, manifestamo-nos, no mérito, pela APROVAÇÃO do Projeto de Lei nº 2544/2022, nesta Comissão de Transporte e Mobilidade Urbana.",parecer_autor
76395,6866,85197,GAB DEP PR DANIEL DE CASTRO,Aprovado(a),merito_favoravel,"Sob os critérios desta Comissão de Assuntos Sociais, somos, pela APROVAÇÃO do Projeto de Lei nº 2548, de 2022. É o voto.",parecer_autor
76396,6866,68547,GAB DEP GABRIEL MAGNO,Aprovado(a),merito_favoravel,"Diante do exposto, no âmbito desta CESC, manifestamos voto pela aprovação, no mérito, do PL nº 2.548/2022.",parecer_autor
76397,6894,59412,GAB DEP FÁBIO FÉLIX,,,,parecer_autor
76398,7042,98029,GAB DEP CHICO VIGILANTE,Não apreciado(a),inadmissivel,"parágrafo único da Constituição Federal, nos arts. 15, XXII, 53 e 337 da Lei Orgânica do Distrito Federal, bem como nos arts. 7º, I, 12, I, 21, I a III, 22, I, 90, §1º e 91 do Código de Trânsito Brasileiro, nosso voto é pela INADMISSIBILIDADE do Projeto de Lei nº 2.566/2022 e do substitutivo a ele apresentado no âmbito da CMTU.",parecer_autor
76399,7042,74533,GAB DEP GABRIEL MAGNO,Aprovado(a),merito_favoravel,"Por esta razão, somos pela APROVAÇÃO do Projeto de Lei nº 2.566, de 2022, na forma do substitutivo, nesta Comissão de Transporte e Mobilidade Urbana.",parecer_autor
76400,7044,67724,GAB DEP DAYSE AMARILIO,Aprovado(a),merito_favoravel,"Dessa forma, oferecemos emenda, de modo que a presente proposição revogue apenas a Lei n° 6.559/2020, que trata especificamente da pandemia de COVID-19. Feitas essas considerações, quanto ao mérito, manifestamo-nos pela aprovação do Projeto de Lei nº 2.567, de 2022, com a emenda modificativa proposta, no âmbito desta Comissão de Educação, Saúde e Cultura.",parecer_autor
76401,7044,96692,GAB DEP DOUTORA JANE,Não apreciado(a),merito_favoravel,"Seguindo esta linha de intelecção, no âmbito desta Comissão de Desenvolvimento Econômico Sustentável, Ciência, Tecnologia, Meio Ambiente e Turismo – CDESCTMAT, manifestamos voto pela APROVAÇÃO, no mérito, do Projeto de Lei nº 2268/2021 (17434).",parecer_autor
76402,7082,59534,GAB DEP DAYSE AMARILIO,,,,parecer_autor
76403,7160,66901,GAB DEP PR DANIEL DE CASTRO,Não apreciado(a),merito_favoravel,"Sob os critérios desta Comissão de Assuntos Sociais, somos, pela APROVAÇÃO do Projeto de Decreto Legislativo nº 263/2022, de autoria do nobre deputado DELMASSO, por tratar-se de justa e honrosa homenagem a um ilustre cidadão com relevantes serviços aos comerciantes e moradores dessa Capital.",parecer_autor
76404,7161,82696,GAB DEP JOÃO CARDOSO,Não apreciado(a),sem_clausula,,parecer_autor
76405,7224,99430,GAB DEP PR DANIEL DE CASTRO,Não apreciado(a),merito_favoravel,"Com efeito, ante o exposto, no âmbito desta Comissão, somos favoráveis à APROVAÇÃO do Projeto de Lei nº2.648/2023.",parecer_autor
76406,7224,86002,GAB DEP GABRIEL MAGNO,Aprovado(a),merito_favoravel,"Pelo exposto, votamos, no âmbito da CMTU, pela APROVAÇÃO do Projeto de Lei nº 2.648/2022, de autoria da nobre Deputada Jaqueline Silva.",parecer_autor
76407,7250,60197,GAB DEP DOUTORA JANE,,,,parecer_autor
76408,7270,80380,GAB DEP DAYSE AMARILIO,Não apreciado(a),merito_contrario,"Assim, pelos motivos expostos, votamos pela rejeição, no mérito, do Projeto de Lei no 2.635, de 2022, nesta Comissão de Assuntos Sociais.",parecer_autor
76409,7271,79432,GAB DEP JOAQUIM RORIZ NETO,Aprovado(a),merito_favoravel,"Ante o exposto, no âmbito da Comissão de Desenvolvimento Econômico Sustentável, Ciência, Tecnologia, Meio Ambiente e Turismo, somos pela APROVAÇÃO do Projeto de Lei nº 2.636, de 2022.",parecer_autor
76410,7298,101352,GAB DEP MAX MACIEL,Aprovado(a),sem_clausula,,parecer_autor
76411,7298,60181,GAB DEP PEPA,,,,parecer_autor
76412,7707,59518,GAB DEP DAYSE AMARILIO,,,,parecer_autor
76413,7736,77532,GAB DEP IOLANDO,Não apreciado(a),admissivel_com_ressalva,"Diante dessas ponderações, manifestamos voto pela ADMISSIBILIDADE do Projeto de Lei nº 2.704/2022, no âmbito da CCJ, na forma do substitutivo apresentado.",parecer_autor
76414,7751,59303,GAB DEP CHICO VIGILANTE,,,,parecer_autor
76415,7772,61892,GAB DEP FÁBIO FÉLIX,,,,parecer_autor
76416,7772,70359,GAB DEP PR DANIEL DE CASTRO,Não apreciado(a),merito_favoravel,"Pelo exposto, verifica-se que em análise à proposição apresentada, reconhecemos a nobre intenção do autor, e votamos pela APROVAÇÃO do Projeto de Lei 2682/2022, na forma do substitutivo proposta na Emenda n 02, no âmbito desta Comissão de Assuntos Sociais.",parecer_autor
76417,7774,78440,GAB DEP MAX MACIEL,Aprovado(a),sem_clausula,,parecer_autor
76418,7786,61786,GAB DEP CHICO VIGILANTE,,,,parecer_autor
76419,7786,101244,GAB DEP ROGÉRIO MORRO DA CRUZ,Não apreciado(a),merito_favoravel,"Com efeito, no âmbito desta Comissão, manifestamos voto pela APROVAÇÃO do Projeto de Lei nº 2.735/2022, na forma do substitutivo n. 2 aprovado na Comissão de Direito do Consumidor.",parecer_autor
76420,7787,94491,GAB DEP JOÃO CARDOSO,Aprovado(a),merito_favoravel,"Pelas razões expostas, manifestamos no âmbito desta CAS pela APROVAÇÃO do Projeto de Lei nº 2739, de 2022. É o voto.",parecer_autor
76421,7791,70411,GAB DEP DAYSE AMARILIO,Não apreciado(a),merito_favoravel,"Diante do exposto, vota-se, no mérito, pela aprovação do PL nº 2.693/2022, no âmbito desta Comissão de Assuntos Sociais.",parecer_autor
76422,7809,61216,GAB DEP DAYSE AMARILIO,,,,parecer_autor
76423,7835,61890,GAB DEP FÁBIO FÉLIX,,,,parecer_autor
76424,7841,100965,GAB DEP JOÃO CARDOSO,Não apreciado(a),sem_clausula,,parecer_autor
76425,7843,104924,GAB DEP PEPA,Aprovado(a),merito_favoravel,"Diante do exposto, no âmbito desta Comissão de Transporte e Mobilidade Urbana, SOMOS pela APROVAÇÃO DO PROJETO DE LEI N° 2694/2023. É o voto.",parecer_autor
76426,7897,65173,GAB DEP JOAQUIM RORIZ NETO,Aprovado(a),merito_favoravel,"Pelo exposto, manifestamo-nos pela APROVAÇÃO do Projeto de Lei nº 2.785/2022, no âmbito da Comissão de Desenvolvimento Econômico Sustentável, Ciência, Tecnologia, Meio Ambiente e Turismo.",parecer_autor
76427,7904,60228,GAB DEP CHICO VIGILANTE,,,,parecer_autor
76428,7914,74691,GAB DEP DAYSE AMARILIO,Aprovado(a),merito_favoravel,"Assim, considerando os aspectos de conveniência, oportunidade, relevância social e viabilidade analisados, votamos, no mérito, pela APROVAÇÃO do Projeto de Lei nº 2.720, de 2022, no âmbito desta Comissão de Assuntos Sociais, na forma do SUBSTITUTIVO.",parecer_autor
76429,7935,64400,GAB DEP THIAGO MANZONI,Não apreciado(a),merito_favoravel,"Nesses termos, manifestamos voto pela APROVAÇÃO, no mérito, do Projeto de Lei nº 2.707/2022, na forma do Substitutivo n. 2 proposto, e pela REJEIÇÃO da emenda substitutiva 1, apresentada pelo Deputado Delmasso.",parecer_autor
76430,7959,78331,GAB DEP GABRIEL MAGNO,Não apreciado(a),merito_favoravel,"Assim, votamos pela aprovação, no mérito, do Projeto de Lei no 2.708, de 2022, nesta Comissão de Educação, Saúde e Cultura, com a aprovação das Emendas nº 01, 02, 03 e 15 e rejeição das Emendas nº 09, 16 e 18, as Emendas nº 07, 08 e 10 restam prejudicadas em razão da apresentação das Emen",parecer_autor
76431,7972,59687,GAB DEP IOLANDO,,,,parecer_autor
76432,7976,71579,GAB DEP DAYSE AMARILIO,Aprovado(a),merito_favoravel,"Assim, manifestamos voto pela APROVAÇÃO, no mérito, do Projeto de Lei nº 2.718 de 2022, nesta Comissão de Assuntos Sociais.",parecer_autor
76433,7978,92117,GAB DEP EDUARDO PEDROSA,Aprovado(a),admissivel,"Diante do exposto, vota-se, no âmbito da CEOF, pela admissibilidade do PL nº 2.734/2022, nos termos do art. 64, II, e § 2º, do RICLDF.",parecer_autor
76434,7978,65260,GAB DEP PAULA BELMONTE,Aprovado(a),merito_favoravel,"Diante do exposto, manifestamos voto pela APROVAÇÃO do Projeto de Lei nº 2.734/2022, quanto ao mérito, no âmbito desta Comissão de Desenvolvimento Econômico Sustentável, Ciência, Tecnologia, Meio Ambiente e Turismo.",parecer_autor
76435,7999,72637,GAB DEP DAYSE AMARILIO,Aprovado(a),merito_favoravel,"Assim, manifestamos voto pela APROVAÇÃO, no mérito, do Projeto de Lei nº 2741 de 2022, nesta Comissão de Assuntos Sociais.",parecer_autor
76436,7999,61327,GAB DEP GABRIEL MAGNO,,,,parecer_autor
76437,8008,66756,GAB DEP MARTINS MACHADO,Aprovado(a),merito_favoravel,"Ante o exposto, manifestamo-nos, especificamente quanto ao mérito, pela APROVAÇÃO do Projeto de Lei nº 2737/2022, nesta Comissão de Assuntos Sociais.",parecer_autor
76438,8008,97314,GAB DEP PAULA BELMONTE,Aprovado(a),merito_favoravel,"Diante do exposto, manifestamos voto pela APROVAÇÃO do Projeto de Lei nº 2.737/2022, quanto ao mérito, no âmbito desta Comissão de Desenvolvimento Econômico Sustentável, Ciência, Tecnologia, Meio Ambiente e Turismo.",parecer_autor
76439,8021,59450,GAB DEP FÁBIO FÉLIX,,,,parecer_autor
76440,8023,60589,GAB DEP PAULA BELMONTE,,,,parecer_autor
76441,8023,85199,GAB DEP THIAGO MANZONI,Aprovado(a),admissivel,"Diante de todo o exposto, manifestamo-nos pela ADMISSIBILIDADE do Projeto de Lei nº 2.746/2022, no âmbito da CCJ, com as emendas supressivas em anexo.",parecer_autor
76442,8050,64396,GAB DEP MARTINS MACHADO,Aprovado(a),merito_favoravel,"Sob os critérios desta Comissão de Assuntos Sociais, somos, no mérito, pela APROVAÇÃO do Projeto de Decreto Legislativo nº 270/2022, de autoria do nobre deputado Robério Negreiros, por tratar-se de justa e honrosa homenagem.",parecer_autor
76443,8050,78710,GAB DEP THIAGO MANZONI,Aprovado(a),admissivel,"Em razão do exposto, e nada havendo qualquer reparo a apontar quanto aos aspectos de juridicidade, legalidade, regimentalidade, manifestamos nosso voto pela ADMISSIBILIDADE do Projeto de Decreto Legislativo nº 270/2022 no âmbito desta Comissão de Constituição e Justiça.",parecer_autor
76444,8065,93743,GAB DEP JOÃO CARDOSO,Aprovado(a),sem_clausula,,parecer_autor
76445,8069,58640,GAB DEP ROBÉRIO NEGREIROS,,,,parecer_autor
76446,8092,89693,GAB DEP PR DANIEL DE CASTRO,Não apreciado(a),merito_favoravel,"Nesse sentido, somos favoráveis à APROVAÇÃO do PL 545/2023 nesta Comissão de Assuntos Sociais.",parecer_autor
76447,8094,93248,GAB DEP FÁBIO FÉLIX,Não apreciado(a),admissivel_com_ressalva,"Pelo exposto, nosso voto é pela ADMISSIBILIDADE do Projeto de Lei n.° 2.777, de 2022, e das emendas da Comissão de Economia, Orçamento e Finanças, na forma do substitutivo anexo.",parecer_autor
76448,8094,60770,GAB DEP JAQUELINE SILVA,,,,parecer_autor
76449,8095,67762,GAB DEP DAYSE AMARILIO,Aprovado(a),merito_favoravel,"Diante dessas considerações, manifestamos voto pela APROVAÇÃO, no mérito, do Projeto de Lei nº 2.742/2022, nesta Comissão de Assuntos Sociais.",parecer_autor
76450,8153,83302,GAB DEP ROBÉRIO NEGREIROS,Não apreciado(a),inadmissivel,"Em razão do exposto, manifesta-se voto pela INADMISSIBILIDADE do Projeto de Lei nº 2.747/2022 no âmbito desta CCJ.",parecer_autor
76451,8160,63855,GAB DEP JOAQUIM RORIZ NETO,Aprovado(a),merito_favoravel,"Dessa forma, tendo em vista que a proposição possui caráter meritório, bem como aperfeiçoa a prestação de política pública vigente, voto, no âmbito da Comissão de Economia, Orçamento e Finanças, pela APROVAÇÃO e ADMISSIBILIDADE do projeto de lei nº 2753/2022, de autoria do Deputado Eduardo Pedrosa, com o acatamento das emendas de nº 01, 02 e 03.",parecer_autor
76452,8160,78660,GAB DEP THIAGO MANZONI,Aprovado(a),admissivel,"Pelo exposto, nosso voto é pela ADMISSIBILIDADE do Projeto de Lei n.º 2.753, de 2022, com as Emendas n.º 1 e 2 da Comissão de Assuntos Sociais e pela INADMISSIBILIDADE da Emenda n.º 3 da mesma Comissão.",parecer_autor
76453,8176,60941,GAB DEP FÁBIO FÉLIX,,,,parecer_autor
76454,8202,59693,GAB DEP IOLANDO,,,,parecer_autor
76455,8243,68825,GAB DEP DOUTORA JANE,Aprovado(a),merito_favoravel,"Seguindo esta linha de intelecção, no âmbito desta Comissão de Desenvolvimento Econômico Sustentável, Ciência, Tecnologia, Meio Ambiente e Turismo, manifestamos voto pela APROVAÇÃO, no mérito, do Projeto de Lei nº 2.798/2022.",parecer_autor
76456,8253,82456,GAB DEP IOLANDO,Aprovado(a),admissivel,"Feitas essas ponderações, manifestamos voto pela ADMISSIBILIDADE do Projeto de Lei nº 2.765/2022, no âmbito da CCJ, conforme substitutivo anexo.",parecer_autor
76457,8258,79109,GAB DEP JAQUELINE SILVA,Não apreciado(a),merito_favoravel,"Ante todo o exposto, manifestamo-nos, no mérito, no que se refere ao âmbito de atuação desta CDDHCEDP, pela APROVAÇÃO do PL 2770 de 2022.",parecer_autor
76458,8262,70265,GAB DEP MARTINS MACHADO,Aprovado(a),merito_favoravel,"Pelo exposto, no âmbito desta Comissão de Assuntos Sociais, no mérito, votamos pela APROVAÇÃO do Projeto de Lei n. 2.767.",parecer_autor
76459,8285,64894,GAB DEP GABRIEL MAGNO,Não apreciado(a),merito_favoravel,"Diante do exposto, vota-se, no âmbito desta CTMU, pela aprovação, no que tange ao mérito, do PL no 2.773/2022, na forma das Emendas Modificativas nº 03, nº 04 e nº 05 – CTMU, nos termos da alínea “c” do inciso I do art. 69-D do RICLDF.",parecer_autor
76460,8297,106847,GAB DEP ROBÉRIO NEGREIROS,Aprovado(a),admissivel,"Diante do exposto, manifestamos voto pela ADMISSIBILIDADE do Projeto de Lei nº 2780/2022, no âmbito da Comissão de Constituição e Justiça, com o acolhimento do substitutivo anexo.",parecer_autor
76461,8297,89837,GAB DEP MAX MACIEL,Aprovado(a),sem_clausula,,parecer_autor
76462,8299,86478,GAB DEP JORGE VIANNA,Aprovado(a),merito_favoravel,"Dessa forma, ante o exposto, no âmbito da Comissão de Educação Saúde e Cultura, somos pela APROVAÇÃO, no mérito, do Projeto de Lei nº 2.787/2022. É o voto.",parecer_autor
76463,8301,59515,GAB DEP DAYSE AMARILIO,,,,parecer_autor
76464,8321,105962,GAB DEP IOLANDO,Aprovado(a),admissivel,"Por esses motivos, voto pela ADMISSIBILIDADE do Projeto de Decreto Legislativo nº 278/2022.",parecer_autor
76465,8321,63801,GAB DEP PR DANIEL DE CASTRO,Aprovado(a),merito_favoravel,"Sob os critérios desta Comissão de Assuntos Sociais, somos, pela APROVAÇÃO do Projeto de Decreto Legislativo nº 278/2022, de autoria dos nobres deputados, por tratar-se de justa e honrosa homenagem a um ilustre cidadão com relevantes serviços aos moradores dessa Capital.",parecer_autor
76466,8324,86453,GAB DEP JORGE VIANNA,Aprovado(a),merito_favoravel,"Dessa forma, ante o exposto, no âmbito da Comissão de Educação, Saúde e Cultura, somos pela APROVAÇÃO, no MÉRITO, do Projeto de Lei nº 2.797, de 2022. É o voto.",parecer_autor
76467,8335,106833,GAB DEP THIAGO MANZONI,Aprovado(a),merito_favoravel,"Diante do exposto, no âmbito desta Comissão de Educação, Saúde e Cultura, votamos pela APROVAÇÃO, no mérito, do Projeto de Lei nº 2.799, de 2022, na forma do Substitutivo anexo.",parecer_autor
76468,8359,78444,GAB DEP ROGÉRIO MORRO DA CRUZ,Aprovado(a),merito_favoravel,"Com efeito, ante tudo quanto exposto, no âmbito desta Comissão, manifestamo-nos pela APROVAÇÃO do Projeto de Lei n.° 2802/2022, que Institui a meia-entrada, na forma que especifica, para os servidores da Carreira Socioeducativa do Distrito Federal.",parecer_autor
76469,8363,65995,GAB DEP CHICO VIGILANTE,Aprovado(a),admissivel,"Por todo o exposto, nosso voto é pela ADMISSIBILIDADE do Projeto de Lei nº 2.779, de 2022 com a Emenda nº. 1, do Deputado Leandro Grass.",parecer_autor
76470,8367,81097,GAB DEP DAYSE AMARILIO,Não apreciado(a),merito_contrario,"Diante dessas considerações, manifestamos voto pela REJEIÇÃO, no mérito, do Projeto de Lei nº 2804 de 2022, nesta Comissão de Assuntos Sociais.",parecer_autor
76471,8367,68499,GAB DEP JOAQUIM RORIZ NETO,Aprovado(a),merito_favoravel,"Pelo exposto, manifestamo-nos pela APROVAÇÃO do Projeto de Lei nº 2.804/2022, no âmbito da Comissão de Desenvolvimento Econômico Sustentável, Ciência, Tecnologia, Meio Ambiente e Turismo.",parecer_autor
76472,8374,74911,GAB DEP FÁBIO FÉLIX,Aprovado(a),admissivel,"Diante de todo o exposto, manifestamo-nos pela ADMISSIBILIDADE do Projeto de Lei nº 2.817/2022, no âmbito da CCJ, com a emenda supressiva nº 1 da CEOF e com a emenda supressiva em anexo.",parecer_autor
76473,8374,60774,GAB DEP JAQUELINE SILVA,,,,parecer_autor
76474,8391,71791,GAB DEP DAYSE AMARILIO,Aprovado(a),merito_favoravel,"Ante o exposto, somos, no âmbito da Comissão de Assuntos Sociais, pela APROVAÇÃO, no mérito, do Projeto de Lei nº 2.811, de 2022.",parecer_autor
76475,8398,70213,GAB DEP JORGE VIANNA,Aprovado(a),merito_favoravel,"Dessa forma, no âmbito da Comissão de Educação, Saúde e Cultura, somos pela APROVAÇÃO, no mérito, do Projeto de Lei nº 2.814, de 2022. É o voto.",parecer_autor
76476,8398,92079,GAB DEP MARTINS MACHADO,Aprovado(a),merito_favoravel,"Ante o exposto, manifestamo-nos, no mérito, pela APROVAÇÃO do Projeto de Lei nº 2814/2022.",parecer_autor
76477,8431,84610,GAB DEP GABRIEL MAGNO,Não apreciado(a),merito_favoravel,"Diante do exposto, no âmbito da CESC, manifestamos voto pela aprovação, no mérito, do Projeto de Lei nº 2816/2022, na forma da Emenda Substitutiva nº 1.",parecer_autor
76478,8508,67303,GAB DEP ROGÉRIO MORRO DA CRUZ,Aprovado(a),merito_favoravel,"Com efeito, ante tudo quanto exposto, estritamente no âmbito desta Comissão, somos pela APROVAÇÃO integral do Projeto Lei n.° 2830/2022, que Dispõe sobre a proibição da produção, da importação, da comercialização e da publicidade de dispositivos eletrônicos para fumar, bem como acessórios e refis desses produtos no âmbito do Distrito Federal.",parecer_autor
76479,8520,58642,GAB DEP ROBÉRIO NEGREIROS,,,,parecer_autor
76480,8604,75389,GAB DEP DAYSE AMARILIO,Aprovado(a),merito_favoravel,"Diante dessas considerações, manifestamos voto pela APROVAÇÃO, no mérito, do Projeto de Lei nº 2.841 de 2022, nesta Comissão de Assuntos Sociais.",parecer_autor
76481,8607,59310,GAB DEP CHICO VIGILANTE,,,,parecer_autor
76482,8610,63930,GAB DEP PAULA BELMONTE,Aprovado(a),merito_favoravel,"Diante do exposto, manifestamos voto pela APROVAÇÃO do Projeto de Lei nº 2.842/2022, quanto ao mérito, no âmbito desta Comissão de Desenvolvimento Econômico Sustentável, Ciência, Tecnologia, Meio Ambiente e Turismo.",parecer_autor
76483,8637,92445,GAB DEP CHICO VIGILANTE,Aprovado(a),admissivel,"Pelo exposto, manifestamos voto pela ADMISSIBILIDADE do Projeto de Decreto Legislativo nº 279/2022 no âmbito desta Comissão de Constituição e Justiça.",parecer_autor
76484,8637,64394,GAB DEP MARTINS MACHADO,Aprovado(a),merito_favoravel,"Sob os critérios desta Comissão de Assuntos Sociais, somos, no mérito, pela APROVAÇÃO do Projeto de Decreto Legislativo nº 279/2022, de autoria do nobre deputado Eduardo Pedrosa, por tratar-se de justa e honrosa homenagem.",parecer_autor
76485,8672,92055,CEOF,Aprovado(a),admissivel,"Diante do exposto pugnamos pela admissibilidade e no mérito pela aprovação do Projeto de Lei Complementar nº 127/2022 no âmbito desta Comissão de Economia, Orçamento e Finanças.",parecer_autor
76486,8674,75393,GAB DEP DOUTORA JANE,Aprovado(a),merito_favoravel,"Seguindo esta linha de intelecção, no âmbito desta Comissão de Desenvolvimento Econômico Sustentável, Ciência, Tecnologia, Meio Ambiente e Turismo, manifestamos voto pela APROVAÇÃO, no mérito, do Projeto de Lei nº 2866/2022, que “Institui o Programa Distrital de Incentivo à Economia Circular, âmbito do Distrito Federal”.",parecer_autor
76487,8683,92081,GAB DEP MARTINS MACHADO,Aprovado(a),merito_favoravel,"Ante o exposto, manifestamo-nos, no mérito, pela APROVAÇÃO do Projeto de Lei nº 2867/2022.",parecer_autor
76488,8683,69535,GAB DEP GABRIEL MAGNO,Aprovado(a),merito_favoravel,"Por todo exposto, votamos, no âmbito da CESC, pela APROVAÇÃO do Projeto de Lei nº 2.867/2022, de autoria do nobre Deputado Robério Negreiros, que “Estabelece penalidades administrativas às pessoas físicas ou jurídicas e agentes públicos que discriminem as pessoas com Transtorno de Espectro Autista (TEA) no âmbito do Di",parecer_autor
76489,8695,92131,CEOF,Aprovado(a),admissivel,"Ante o exposto, conclui-se pela admissibilidade do PL nº 2.872/2022, bem como pela admissibilidade das Emendas nº 01, 02, 03, 04, 05, 06, 07, 08, 10 e 11. A emenda 09 foi cancelada.",parecer_autor
76490,8695,86132,GAB DEP MARTINS MACHADO,Aprovado(a),merito_favoravel,"Assim, voto pela APROVAÇÃO, do PL n° 2.872, de 2022, com acatamento das Emendas nºs 01, 02, 03, 04, 05, 06, 07, 08, 10, 11 e 13. As emendas 09 e 12 foram canceladas.",parecer_autor
76491,8695,80126,GAB DEP ROBÉRIO NEGREIROS,Não apreciado(a),merito_favoravel,"Portanto, votamos pela APROVAÇÃO, do PL n° 2.872, de 2022, com a Emenda Modificativa anexa; pela APROVAÇÃO das emendas aditivas n° 1, 2, 3, 4 (na forma de subemenda anexa), 5 e 6 e das emendas modificativas nº 8 e 10; e pela REJEIÇÃO da emenda nº 7 no âmbito desta Comissão de Fiscalização, G",parecer_autor
76492,8725,69018,GAB DEP GABRIEL MAGNO,Não apreciado(a),merito_contrario,"Ante o exposto, no âmbito da Comissão de Educação, Saúde e Cultura, votamos pela REJEIÇÃO, no mérito, do Projeto de Lei nº 2.881, de 2022.",parecer_autor
76493,8742,76939,GAB DEP HERMETO,Não apreciado(a),merito_favoravel,"Ante o exposto, no âmbito da Comissão de Segurança, votamos pela APROVAÇÃO do Projeto de Lei nº 2.880, de 2022, acatando-se a Emenda nº 01 desta relatoria.",parecer_autor
76494,8743,65100,GAB DEP PAULA BELMONTE,Aprovado(a),merito_favoravel,"Diante do exposto, manifestamos voto pela APROVAÇÃO do Projeto de Lei nº 2.937/2022, quanto ao mérito, no âmbito desta Comissão de Desenvolvimento Econômico Sustentável, Ciência, Tecnologia, Meio Ambiente e Turismo.",parecer_autor
76495,8762,61907,GAB DEP PR DANIEL DE CASTRO,,,,parecer_autor
76496,8786,59925,GAB DEP DAYSE AMARILIO,,,,parecer_autor
76497,8805,90418,GAB DEP MAX MACIEL,Aprovado(a),sem_clausula,,parecer_autor
76498,8806,64797,GAB DEP PR DANIEL DE CASTRO,Não apreciado(a),merito_favoravel,"Pelo exposto, verifica-se que em análise à proposição apresentada, reconhecemos a nobre intenção do autor, e votamos pela APROVAÇÃO do Projeto de Lei 2896/2022, no âmbito desta Comissão de Assuntos Sociais.",parecer_autor
76499,8819,98531,GAB DEP JOÃO CARDOSO,Não apreciado(a),sem_clausula,,parecer_autor
76500,8829,82612,GAB DEP ROOSEVELT VILELA,Não apreciado(a),admissivel,"Assim sendo, manifestamos nosso voto pela ADMISSIBILIDADE E APROVAÇÃO da PELO n° 43, de 2022, no âmbito desta Comissão Especial.",parecer_autor
76501,8829,68530,GAB DEP THIAGO MANZONI,Aprovado(a),admissivel,"Por todo o exposto, votamos pela ADMISSIBILIDADE da Proposta de Emenda à Lei Orgânica n.º 43/2022.",parecer_autor
76502,8832,79434,GAB DEP JOAQUIM RORIZ NETO,Aprovado(a),merito_favoravel,"Ante o exposto, no âmbito da Comissão de Desenvolvimento Econômico Sustentável, Ciência, Tecnologia, Meio Ambiente e Turismo, somos pela APROVAÇÃO do Projeto de Lei nº 2.898, de 2022.",parecer_autor
76503,8854,82694,GAB DEP THIAGO MANZONI,Aprovado(a),merito_favoravel,"Diante do exposto, restringindo-se a análise ao mérito da proposição, manifesta-se voto pela APROVAÇÃO do Projeto de Lei nº 2.905/2022 no âmbito desta Comissão de Educação, Saúde e Cultura.",parecer_autor
76504,8931,78598,GAB DEP CHICO VIGILANTE,Aprovado(a),admissivel,"Diante do exposto, manifestamos voto pela ADMISSIBILIDADE do Projeto de Lei nº 2.936/2022, no âmbito da Comissão de Constituição e Justiça, nos termos da emenda modificativa anexa.",parecer_autor
76505,8931,65254,GAB DEP PAULA BELMONTE,Aprovado(a),merito_favoravel,"Diante do exposto, manifestamos voto pela APROVAÇÃO do Projeto de Lei nº 2.936/2022, quanto ao mérito, no âmbito desta Comissão de Desenvolvimento Econômico Sustentável, Ciência, Tecnologia, Meio Ambiente e Turismo.",parecer_autor
76506,8936,81642,GAB DEP DAYSE AMARILIO,Aprovado(a),merito_favoravel,"Diante das considerações apresentadas, manifestamos voto pela APROVAÇÃO, no mérito, do Projeto de Lei nº 2.926 de 2022, nesta Comissão de Assuntos Sociais.",parecer_autor
76507,8936,67584,GAB DEP JOAQUIM RORIZ NETO,Aprovado(a),sem_clausula,,parecer_autor
76508,8938,65066,GAB DEP PAULA BELMONTE,Não apreciado(a),merito_favoravel,"Diante do exposto, manifestamos voto pela APROVAÇÃO do Projeto de Lei nº 2.928/2022, quanto ao mérito, no âmbito desta Comissão de Desenvolvimento Econômico Sustentável, Ciência, Tecnologia, Meio Ambiente e Turismo.",parecer_autor
76509,8939,84995,GAB DEP GABRIEL MAGNO,Aprovado(a),merito_favoravel,"Diante do exposto, somos pela APROVAÇÃO, no mérito, do Projeto de Lei nº 2.927/2022, no âmbito desta Comissão de Educação, Saúde e Cultura.",parecer_autor
76510,8941,63598,GAB DEP PR DANIEL DE CASTRO,,,,parecer_autor
76511,8941,79625,GAB DEP PAULA BELMONTE,Aprovado(a),admissivel,"Diante do exposto, vota-se, no âmbito da CEOF, pela admissibilidade do PL nº 2.910, de 2022, nos termos do art. 64, II, “a”, e §2º, do RICLDF.",parecer_autor
76512,8942,60750,CEOF,,,,parecer_autor
76513,8942,59545,GAB DEP DAYSE AMARILIO,,,,parecer_autor
76514,8942,57861,GAB DEP DOUTORA JANE,,,,parecer_autor
76515,8952,75517,GAB DEP DAYSE AMARILIO,Não apreciado(a),merito_favoravel,"Ante o exposto, manifestamo-nos, no âmbito desta Comissão de Assuntos Sociais, quanto ao mérito, pela aprovação do Projeto de Lei nº 2.935, de 2022, na forma do Substitutivo anexo.",parecer_autor
76516,8955,64434,GAB DEP THIAGO MANZONI,Aprovado(a),merito_favoravel,"Diante do exposto, somos pela APROVAÇÃO, no mérito, do Projeto de Lei nº 2.921/2022, no âmbito da Comissão de Educação, Saúde e Cultura.",parecer_autor
76517,8966,59475,GAB DEP THIAGO MANZONI,,,,parecer_autor
76518,8969,71013,GAB DEP EDUARDO PEDROSA,Aprovado(a),admissivel_com_ressalva,"Pelo exposto, vota-se, no âmbito da CEOF, pela ADMISSIBILIDADE do PL nº 2.916/2022, na forma da Emenda nº 01 da CAS.",parecer_autor
76519,8975,59559,GAB DEP DAYSE AMARILIO,,,,parecer_autor
76520,9000,65373,GAB DEP DAYSE AMARILIO,Aprovado(a),merito_favoravel,"Diante dessas considerações, manifestamos voto pela APROVAÇÃO, no mérito, do Projeto de Lei nº 2.907 de 2022, nesta Comissão de Assuntos Sociais.",parecer_autor
76521,9029,106412,GAB DEP THIAGO MANZONI,Aprovado(a),merito_favoravel,"Diante do exposto, somos pela APROVAÇÃO, no mérito, do Projeto de Lei nº 2911/2022, na forma do substitutivo, no âmbito da Comissão de Educação, Saúde e Cultura.",parecer_autor
76522,9200,76132,GAB DEP DOUTORA JANE,Aprovado(a),merito_favoravel,"Diante do exposto, no mérito, manifestamos voto pela APROVAÇÃO do Projeto de Lei 2955/2022, no âmbito desta Comissão de Desenvolvimento Econômico Sustentável, Ciência, Tecnologia, Meio Ambiente e Turismo.",parecer_autor
76523,9232,65898,GAB DEP PR DANIEL DE CASTRO,Não apreciado(a),merito_favoravel,"Portanto, nosso voto é pela APROVAÇÃO do Projeto de Lei 2969/2022 no âmbito desta Comissão de Assuntos Sociais.",parecer_autor
76524,9234,59555,GAB DEP DAYSE AMARILIO,,,,parecer_autor
76525,9234,60591,GAB DEP PAULA BELMONTE,,,,parecer_autor
76526,9234,66843,GAB DEP THIAGO MANZONI,Aprovado(a),admissivel_com_ressalva,"Por todo o exposto, nosso voto é pela ADMISSIBILIDADE constitucional e jurídica do Projeto de Lei nº 2.958, de 2022, na forma do substitutivo em anexo.",parecer_autor
76527,9242,81931,GAB DEP MAX MACIEL,Aprovado(a),sem_clausula,,parecer_autor
76528,9265,85358,GAB DEP HERMETO,Não apreciado(a),sem_clausula,,parecer_autor
76529,9265,64820,GAB DEP PR DANIEL DE CASTRO,Aprovado(a),merito_favoravel,"Feitas essas considerações, concluímos pelo mérito da temática e votamos pela APROVAÇÃO do PROJETO DE LEI Nº 2968/2022, no âmbito desta Comissão.",parecer_autor
76530,9268,78807,GAB DEP FÁBIO FÉLIX,Aprovado(a),admissivel,"Diante de todo o exposto, manifestamo-nos pela admissibilidade do Projeto de Lei nº 2963/2022, no âmbito da CCJ.",parecer_autor
76531,9321,63339,GAB DEP PR DANIEL DE CASTRO,,,,parecer_autor
76532,9348,65393,GAB DEP DAYSE AMARILIO,Aprovado(a),merito_favoravel,"Portanto, manifestamo-nos, no mérito, pela aprovação do Projeto de Lei nº 2979, de 2022.",parecer_autor
76533,9371,66671,GAB DEP PR DANIEL DE CASTRO,Não apreciado(a),merito_contrario,"Do exposto, manifestamos voto pela REJEIÇÃO do Projeto de Lei n.º 2.983/2022, bem como das Emendas n.º 1 e 2.",parecer_autor
76534,9377,71593,GAB DEP DAYSE AMARILIO,Aprovado(a),merito_favoravel,"Diante do exposto, votamos pela aprovação, no mérito, do Projeto de Lei nº 2.984, de 2022, no âmbito desta Comissão de Assuntos Sociais.",parecer_autor
76535,9413,68935,GAB DEP GABRIEL MAGNO,Não apreciado(a),merito_favoravel,"Portanto apresento a Emenda Supressiva nº 3 retirando do Art. 3º, a letra i. Ante o exposto, no âmbito da Comissão de Educação, Saúde e Cultura, somos pela APROVAÇÃO, no mérito, do Projeto de Lei nº 3.005, de 2022, com as Emendas nº 1, Emenda nº 2 e Emenda nº3.",parecer_autor
76536,9418,81854,GAB DEP MAX MACIEL,Aprovado(a),sem_clausula,,parecer_autor
76537,9432,83558,GAB DEP DAYSE AMARILIO,Aprovado(a),merito_favoravel,"Dessa forma, por considerarmos a proposição meritória, manifestamos voto pela APROVAÇÃO do Projeto de Lei nº 2995 de 2022, nesta Comissão de Assuntos Sociais.",parecer_autor
76538,9472,72829,GAB DEP DAYSE AMARILIO,Não apreciado(a),merito_favoravel,"Sob os critérios desta Comissão de Assuntos Sociais, somos, no mérito, pela APROVAÇÃO do Projeto de Decreto Legislativo nº 295/2022, por tratar-se de justa e honrosa homenagem.",parecer_autor
76539,9507,90416,GAB DEP CHICO VIGILANTE,Aprovado(a),admissivel,"Pelo exposto, manifestamos voto pela ADMISSIBILIDADE do Projeto de Decreto Legislativo nº 287/2022 no âmbito desta Comissão de Constituição e Justiça.",parecer_autor
76540,9507,64402,GAB DEP MARTINS MACHADO,Aprovado(a),merito_favoravel,"Sob os critérios desta Comissão de Assuntos Sociais, somos, no mérito, pela APROVAÇÃO do Projeto de Decreto Legislativo nº 287/2022, por tratar-se de justa e honrosa homenagem.",parecer_autor
76541,9509,81071,GAB DEP IOLANDO,Aprovado(a),admissivel,"Diante do exposto, manifestamos voto pela ADMISSIBILIDADE do Projeto de Lei nº 3.009/2022, no âmbito da Comissão de Constituição e Justiça.",parecer_autor
76542,9585,71883,GAB DEP DAYSE AMARILIO,Aprovado(a),merito_favoravel,"Diante dessas considerações, manifestamos voto pela APROVAÇÃO, no mérito, do Projeto de Lei nº 3.017/2022, no âmbito da Comissão de Educação, Saúde e Cultura.",parecer_autor
76543,9618,66184,GAB DEP JOÃO CARDOSO,Aprovado(a),sem_clausula,,parecer_autor
76544,9618,78715,GAB DEP THIAGO MANZONI,Aprovado(a),admissivel,"Em razão do exposto, e nada havendo qualquer reparo a apontar quanto aos aspectos de juridicidade, legalidade, regimentalidade, manifestamos nosso voto pela ADMISSIBILIDADE do Projeto de Decreto Legislativo nº 289/2022 no âmbito desta Comissão de Constituição e Justiça.",parecer_autor
76545,9649,79046,GAB DEP DOUTORA JANE,Aprovado(a),merito_favoravel,"Pelo até aqui exposto, no âmbito desta Comissão de Desenvolvimento Econômico Sustentável, Ciência, Tecnologia, Meio Ambiente e Turismo, manifestamos voto pela APROVAÇÃO, no mérito, do Projeto de Lei nº 3022, de 2022.",parecer_autor
76546,9661,66903,GAB DEP PR DANIEL DE CASTRO,Aprovado(a),merito_favoravel,"Diante do exposto, somos pela APROVAÇÃO, no mérito, do Projeto de Lei nº 3025/2022, no âmbito da Comissão de Assuntos Sociais.",parecer_autor
76547,9661,86213,GAB DEP JOAQUIM RORIZ NETO,Aprovado(a),admissivel_com_ressalva,"Dessa forma, tendo em vista que a proposição possuir carácter meritório, bem como aperfeiçoa a prestação de política pública constitucional, voto, no âmbito da Comissão de Econmia Orçamento e Finanças, pela ADMISSIBILIDADE e APROVAÇÃO do projeto de lei nº 3025/2022, de autoria do Deputado Jorge Vianna, na forma de sua redação original.",parecer_autor
76548,9661,61331,GAB DEP GABRIEL MAGNO,,,,parecer_autor
76549,9676,86104,GAB DEP DAYSE AMARILIO,Aprovado(a),merito_favoravel,"Assim, manifestamos voto, nesta Comissão de Assuntos Sociais, pela APROVAÇÃO do Projeto de Lei nº 3060 de 2022, com a Emenda Modificativa n° 1 na forma da subemenda proposta.",parecer_autor
76550,9676,68998,GAB DEP GABRIEL MAGNO,Aprovado(a),merito_favoravel,"Assim, pelos motivos expostos, votamos pela APROVAÇÃO, no mérito, do Projeto de Lei no 3.060, de 2022, com a Emenda nº 1, nesta Comissão de Educação, Saúde e Cultura.",parecer_autor
76551,9684,67220,GAB DEP PAULA BELMONTE,Aprovado(a),merito_favoravel,"Diante do exposto, manifestamos voto pela APROVAÇÃO do Projeto de Lei nº 3.026/2022, quanto ao mérito, no âmbito desta Comissão de Desenvolvimento Econômico Sustentável, Ciência, Tecnologia, Meio Ambiente e Turismo.",parecer_autor
76552,9694,83104,GAB DEP DAYSE AMARILIO,Não apreciado(a),merito_favoravel,"Pelo exposto, manifestamo-nos pela aprovação, no mérito, do Projeto de Lei Complementar nº 137/2022 nesta Comissão de Assuntos Sociais.",parecer_autor
76553,9700,99446,GAB DEP THIAGO MANZONI,Não apreciado(a),merito_favoravel,"Assim, pelos motivos expostos, votamos pela aprovação, no mérito, do Projeto de Lei no 3.053, de 2022, nesta Comissão de Educação, Saúde e Cultura, nos termos do Substitutivo anexo.",parecer_autor
76554,9710,69094,GAB DEP MARTINS MACHADO,Aprovado(a),merito_favoravel,"Diante do exposto, considerando atendido o interesse público, preenchidos os requisitos de conveniência, oportunidade e necessidade, votamos no âmbito desta CAS, pela APROVAÇÃO no mérito, do PL nº 3.029/2022.",parecer_autor
76555,9710,106730,GAB DEP RICARDO VALE,Aprovado(a),merito_favoravel,"Por isso, voto pela aprovação do Projeto de Lei nº 3.029, de 2022.",parecer_autor
76556,9762,79107,GAB DEP IOLANDO,Aprovado(a),admissivel,"ta), o numeral 30, referente ao dia do mês, não pode ser escrito por extenso entre parêntesis, pois isso está vedado pelo inciso IV do art. 50 da Lei Complementar nº 13/1996. Diante dessas ponderações, manifestamos voto pela ADMISSIBILIDADE do Projeto de Lei nº 3.046/2022, no âmbito da CCJ.",parecer_autor
76557,9762,66885,GAB DEP DAYSE AMARILIO,Aprovado(a),merito_favoravel,"sco de doença e de outros agravos e ao acesso universal e igualitário às ações e serviços para sua promoção, proteção e recuperação.” Assim, considerando que a proposição se reveste de mérito, relevância e oportunidade, manifestamos voto pela APROVAÇÃO, no mérito, do Projeto de Lei nº 3.046 de 2022, nesta Comissão de Educação, Saúde e Cultura.",parecer_autor
76558,9767,77477,GAB DEP RICARDO VALE,Aprovado(a),merito_favoravel,"Diante disso, creio que o Projeto de Lei ora analisado atende aos critérios de relevância e viabilidade, necessários à sua aprovação, razão pela qual, no mérito, voto pela APROVAÇÃO do Projeto de Lei nº 3.037/2023 do Deputado Chico Vigilante.",parecer_autor
76559,9767,97329,GAB DEP PAULA BELMONTE,Aprovado(a),merito_favoravel,"Diante do exposto, manifestamos voto pela APROVAÇÃO do Projeto de Lei nº 3.037/2022, quanto ao mérito, no âmbito desta Comissão de Desenvolvimento Econômico Sustentável, Ciência, Tecnologia, Meio Ambiente e Turismo.",parecer_autor
76560,9771,104891,GAB DEP MARTINS MACHADO,Não apreciado(a),sem_clausula,,parecer_autor
76561,9772,74812,GAB DEP DAYSE AMARILIO,Aprovado(a),merito_favoravel,"Diante dessas considerações, manifestamos voto pela APROVAÇÃO, no mérito, do Projeto de Lei nº 138 de 2023, nesta Comissão de Assuntos Sociais.",parecer_autor
76562,9830,68265,GAB DEP ROOSEVELT VILELA,Aprovado(a),merito_favoravel,"Ante o exposto, manifestamo-nos, no âmbito desta Comissão de Segurança, quanto ao mérito, pela aprovação do Projeto de Lei nº 3.045, de 2022.",parecer_autor
76563,9830,85164,GAB DEP THIAGO MANZONI,Aprovado(a),admissivel,"paro a ser empreendido, concluímos que o Projeto de Lei ora analisado está de acordo com a constitucionalidade, juridicidade, legalidade, regimentalidade, técnica legislativa e redação, razão pela qual se manifesta voto pela ADMISSIBILIDADE do Projeto de Lei nº 3045/2022.",parecer_autor
76564,9846,98020,GAB DEP CHICO VIGILANTE,Aprovado(a),admissivel,"Com essas considerações, manifestamos voto pela ADMISSIBILIDADE CONSTITUCIONAL E JURÍDICA do Projeto de Lei nº 3.050/2022, com a emenda da CESC e a emenda de relator anexa.",parecer_autor
76565,9846,69177,GAB DEP RICARDO VALE,Aprovado(a),merito_favoravel,"Pelas razões expostas, considero que projeto reforça o contido no ECA e voto, no mérito, pela APROVAÇÃO do Projeto de Lei nº 3050/2023, acrescentando-se a Emenda anexa.",parecer_autor
76566,9869,84702,GAB DEP DAYSE AMARILIO,Aprovado(a),merito_favoravel,"Diante do exposto, no âmbito desta Comissão de Assuntos Sociais, o nosso voto é pela APROVAÇÃO, no mérito, do Projeto de Decreto Legislativo n° 294 de 2022.",parecer_autor
76567,9873,82801,GAB DEP PR DANIEL DE CASTRO,Não apreciado(a),merito_favoravel,"Sob os critérios desta Comissão de Assuntos Sociais, somos, pela APROVAÇÃO do Projeto de Decreto Legislativo nº 296/2022, de autoria do nobre deputado ROBÉRIO NEGREIROS, tratando-se de justa e honrosa homenagem a um ilustre cidadão com relevantes serviços aos moradores dessa Capital.",parecer_autor
76568,9890,91203,GAB DEP CHICO VIGILANTE,Aprovado(a),merito_contrario,"Ante o exposto, somos pela REJEIÇÃO do Projeto de Lei no 3.071/2022, no âmbito desta Comissão de Defesa do Consumidor.",parecer_autor
76569,9890,65145,GAB DEP JOAQUIM RORIZ NETO,Aprovado(a),merito_favoravel,"Por todo exposto, na análise desta Comissão de Desenvolvimento Econômico, Sustentável, Ciência, Tecnologia, Meio Ambiente e Turismo, somos pela APROVAÇÃO do Projeto de Lei nº 3.071, de 2022, de autoria de vários Deputados.",parecer_autor
76570,9925,79804,GAB DEP PAULA BELMONTE,Não apreciado(a),admissivel,"Diante do exposto, vota-se, no âmbito desta CEOF, pela admissibilidade do PL nº 3.067, de 2022, nos termos do art. 64, II, “a”, e §2º, do RICLDF.",parecer_autor
76571,9926,94828,GAB DEP GABRIEL MAGNO,Não apreciado(a),merito_favoravel,"Diante do exposto, no âmbito da Comissão de Educação, Saúde e Cultura, manifestamos voto pela aprovação, no mérito, do Projeto de Lei nº 313/2023.",parecer_autor
76572,9927,99242,GAB DEP RICARDO VALE,Aprovado(a),merito_favoravel,"Por essas razões, considerando que o Projeto de Lei do Deputado Chico Vigilante se alinha com essas diretrizes, no mérito, voto pela APROVAÇÃO do Projeto de Lei nº 3.064, de 2022.",parecer_autor
76573,9928,85704,GAB DEP GABRIEL MAGNO,Não apreciado(a),merito_favoravel,"Diante do exposto, no âmbito desta CESC, manifestamos voto pela aprovação, no mérito, do Projeto de Lei nº 2710/2022.",parecer_autor
76574,9929,103418,GAB DEP IOLANDO,Aprovado(a),admissivel,"Diante do exposto, manifestamos voto pela ADMISSIBILIDADE do Projeto de Lei nº 3.066/2022, no âmbito da Comissão de Constituição e Justiça, com o acolhimento da emenda modificativa anexa.",parecer_autor
76575,9929,82823,GAB DEP RICARDO VALE,Não apreciado(a),merito_favoravel,"ráveis à tolerância política, ideológica e democrática, e luta contra a intolerância política, de todas as formas promocionais possíveis, com a utilização de tecnologias e meios de comunicação disponíveis.” Sendo assim, voto pela APROVAÇÃO, no mérito, do Projeto de Lei nº 3066/2023.",parecer_autor
76576,9930,103678,GAB DEP ROBÉRIO NEGREIROS,Aprovado(a),admissivel,"Diante do exposto, manifestamos voto pela ADMISSIBILIDADE do Projeto de Lei nº 3.063/2022, no âmbito da Comissão de Constituição e Justiça, nos termos do Substitutivo anexo.",parecer_autor
76577,9930,82826,GAB DEP RICARDO VALE,Não apreciado(a),merito_favoravel,"Sendo assim, voto pela APROVAÇÃO, no mérito, do Projeto de Lei nº 3.063/2023, com a emenda anexa.",parecer_autor
76578,9934,83491,GAB DEP JORGE VIANNA,Aprovado(a),merito_favoravel,"Considerando a importância da presente proposição ora apresentada, voto pela Aprovação do projeto de lei nº 3061/2023, medida que dará mais celeridade nos atendimentos dos consumidores das instituições financeiras.",parecer_autor
76579,9937,78790,GAB DEP DANIEL DONIZET,Aprovado(a),merito_favoravel,"Diante do exposto, no âmbito desta Comissão de Desenvolvimento Econômico Sustentável, Ciência, Tecnologia, Meio Ambiente e Turismo - CDESCTMAT, no mérito, manifestamos voto pela APROVAÇÃO do Projeto de Lei n. 3.069, de 2022, bem como das Emendas 1, 5, 7, 8, 9, 10 e 11, na forma da Emenda n. 13 (Substitutivo), com rejeição das demais emendas apresentadas.",parecer_autor
76580,9937,77819,CEOF,Aprovado(a),admissivel_com_ressalva,"Conclusão Diante do exposto, voto, no âmbito da Comissão de Economia, Orçamento e Finanças, pela ADMISSIBILIDADE do Projeto de Lei 3.069, de 2022, de autoria do Poder Executivo, com as emendas 1, 5, 7, 8, 9, 10 e 11, NA FORMA DA EMENDA 13 (SUBSTITUTIVO), e com a inadmissibilidade das demais emendas, nos termos do art. 64, II, alíneas ‘a’ e ‘c’ do RICLDF.",parecer_autor
76581,9937,79215,GAB DEP ROBÉRIO NEGREIROS,Não apreciado(a),admissivel_com_ressalva,"Por esses motivos, no âmbito da Comissão de Constituição e Justiça, nos manifestamos no pela ADMISSIBILIDADE ao Projeto de Lei nº 3069/2022, de autoria do Poder Executivo, na forma da Emenda Substitutiva 13 (SUBSTITUTIVO)",parecer_autor
76582,9937,77473,GAB DEP DAYSE AMARILIO,Aprovado(a),merito_favoravel,"Diante do exposto, voto, no âmbito da Comissão de Assuntos, pela aprovação, no mérito, do Projeto de Lei 3.069, de 2022, de autoria do Poder Executivo, na forma da emenda substitutiva da Relatora, com o acatamento das emendas 1, 5, 7, 8, 9, 10 e 11, na redação desta emenda, e com a rejeição da demais.",parecer_autor
76583,9950,65457,CEOF,Não apreciado(a),admissivel_com_ressalva,"Diante do exposto, manifestamos o voto pela ADMISSIBILIDADE do Projeto de Lei Complementar nº 141 de 2022, na forma da Emenda nº 2 e da Emenda Supressiva deste relator, e pela REJEIÇÃO da emenda aditiva nº 1.",parecer_autor
76584,9950,59915,GAB DEP THIAGO MANZONI,,,,parecer_autor
76585,9951,60347,CEOF,,,,parecer_autor
76586,9960,107023,GAB DEP THIAGO MANZONI,Aprovado(a),admissivel,"Ante o exposto, com fundamento no art. 63, inciso I e § 1º, do Regimento Interno, no âmbito desta Comissão de Constituição e Justiça manifesta-se voto pela ADMISSIBILIDADE dos Projetos de Lei nº 1/2023 e nº 467/2023, que tramitam em conjunto, nos termos do Substitutivo do Relator.",parecer_autor
76587,9962,80148,GAB DEP EDUARDO PEDROSA,Aprovado(a),admissivel,"Dessa forma, tendo em vista que a proposição observa as exigências formais e materiais do ordenamento jurídico e favorece o desenvolvimento da atuação governamental, voto pela ADMISSIBILIDADE e APROVAÇÃO do Projeto de Lei nº 2, de 2023, de autoria do Poder Executivo, no âmbito desta Comissão de Economia, Orçamento e Finanças.",parecer_autor
76588,9962,61456,GAB DEP DAYSE AMARILIO,,,,parecer_autor
76589,9963,60752,CEOF,,,,parecer_autor
76590,9963,59916,GAB DEP THIAGO MANZONI,,,,parecer_autor
76591,9964,61619,CEOF,,,,parecer_autor
76592,9965,64146,GAB DEP PR DANIEL DE CASTRO,Aprovado(a),merito_favoravel,"Assim, nosso voto é pela APROVAÇÃO do Projeto de Lei 16/2023, no âmbito desta Comissão de Assuntos Sociais.",parecer_autor
76593,9965,84805,GAB DEP PAULA BELMONTE,Aprovado(a),admissivel,"Diante do exposto, no âmbito desta CEOF, o voto é pela admissibilidade e aprovação do PL nº 16, de 2023, nos termos do art. 64, II, “a”, e §2º, do RICLDF.",parecer_autor
76594,9966,104451,GAB DEP PR DANIEL DE CASTRO,Aprovado(a),merito_favoravel,"Frente o exposto, no âmbito da Comissão de Assuntos Sociais, somos pela APROVAÇÃO do Projeto de Lei nº 15/2023.",parecer_autor
76595,9966,86795,GAB DEP GABRIEL MAGNO,Aprovado(a),merito_favoravel,"Diante do exposto, no âmbito da Comissão de Educação, Saúde e Cultura, manifestamos voto pela aprovação, no mérito, do Projeto de Lei nº 15/2023.",parecer_autor
76596,9967,70545,GAB DEP DAYSE AMARILIO,Aprovado(a),merito_favoravel,"Assim, votamos, no mérito, pela APROVAÇÃO do Projeto de Lei nº 14/2023, no âmbito desta Comissão de Assuntos Sociais.",parecer_autor
76597,9968,66892,GAB DEP DAYSE AMARILIO,Aprovado(a),merito_favoravel,"Diante dessas considerações, manifestamos voto pela APROVAÇÃO, no mérito, do Projeto de Lei nº 13 de 2023, nesta Comissão de Educação, Saúde e Cultura.",parecer_autor
76598,9968,80007,GAB DEP PAULA BELMONTE,Aprovado(a),admissivel,"Diante do exposto, no âmbito desta CEOF, o voto é pela admissibilidade do PL nº 13, de 2023, nos termos do art. 64, II, “a”, e §2º, do RICLDF.",parecer_autor
76599,9970,66824,GAB DEP MARTINS MACHADO,Aprovado(a),merito_favoravel,"Pelas razões expostas, manifestamos no âmbito desta CAS pela APROVAÇÃO do Projeto de Lei nº 10, de 2023. É o voto.",parecer_autor
76600,9971,61455,GAB DEP DAYSE AMARILIO,,,,parecer_autor
76601,9972,66203,GAB DEP JOÃO CARDOSO,Aprovado(a),sem_clausula,,parecer_autor
76602,9973,69536,GAB DEP GABRIEL MAGNO,Aprovado(a),merito_favoravel,"Diante do exposto, votamos, no âmbito desta Comissão de Educação, Saúde e Cultura, pela APROVAÇÃO, no mérito, do Projeto de Lei nº 7, de 2023, na forma do Substitutivo anexo, que busca torná-lo viável e adequá-lo à boa técnica legislativa.",parecer_autor
76603,9974,72145,GAB DEP ROOSEVELT VILELA,Aprovado(a),merito_favoravel,"Ante o exposto, no âmbito desta Comissão de Segurança, manifestamos voto pela APROVAÇÃO, no mérito, do Projeto de Lei nº 48, de 2023.",parecer_autor
76604,9974,80300,GAB DEP PR DANIEL DE CASTRO,Aprovado(a),merito_favoravel,"Ante o exposto, no âmbito desta Comissão de Segurança, manifestamos voto pela APROVAÇÃO, no mérito, do Projeto de Lei nº 48, de 2023.",parecer_autor
76605,9977,66785,GAB DEP MARTINS MACHADO,Aprovado(a),merito_favoravel,"Pelo exposto, somos favoráveis à APROVAÇÃO do Projeto de Lei nº 5, de 2023, no âmbito desta Comissão de Assuntos Sociais.",parecer_autor
76606,9977,86416,GAB DEP GABRIEL MAGNO,Aprovado(a),merito_favoravel,"Ante o exposto, somos, no âmbito da Comissão de Educação, Saúde e Cultura, pela aprovação, no mérito, do Projeto de Lei nº 5, de 2023, nos termos das Emendas Nº 1 e 2 apresentadas pelo Relator.",parecer_autor
76607,9979,61916,GAB DEP PR DANIEL DE CASTRO,,,,parecer_autor
76608,9979,104836,GAB DEP JOAQUIM RORIZ NETO,Aprovado(a),admissivel_com_ressalva,"Assim, tendo em vista que a presente proposição guarda pertinência com o ordenamento jurídico orçamentário vigente, vota-se, no âmbito da Comissão de Economia, Orçamento e Finanças, pela ADMISSIBILIDADE do Projeto de Lei nº 93, de 2023, de autoria do Deputado Eduardo Pedrosa, na forma de sua redação original.",parecer_autor
76609,9994,61867,GAB DEP MAX MACIEL,,,,parecer_autor
76610,9994,85335,GAB DEP GABRIEL MAGNO,Aprovado(a),merito_favoravel,"Diante de todo o exposto, no âmbito desta CTMU, manifestamos voto pela APROVAÇÃO, no mérito, do Projeto de Lei nº 44/2023.",parecer_autor
76611,10011,66760,GAB DEP THIAGO MANZONI,Aprovado(a),admissivel,"III – CONCLUSÃO Ante o exposto, com fundamento no art. 63, inciso I, § 1º e art. 210, ambos do Regimento Interno, no âmbito desta Comissão de Constituição e Justiça manifesta-se voto pela ADMISSIBILIDADE da Proposta de Emenda à Lei Orgânica n° 1/2023, com a Emenda Aditiva do Relator.",parecer_autor
76612,10023,81858,GAB DEP MAX MACIEL,Aprovado(a),sem_clausula,,parecer_autor
76613,10027,98264,GAB DEP JOÃO CARDOSO,Aprovado(a),sem_clausula,,parecer_autor
76614,10033,64094,GAB DEP MARTINS MACHADO,Aprovado(a),merito_favoravel,"Pelo exposto, somos pela APROVAÇÃO do Projeto de Decreto Legislativo nº 1, de 2023, no âmbito desta Comissão de Assuntos Sociais.",parecer_autor
76615,10045,70215,GAB DEP JORGE VIANNA,Aprovado(a),merito_favoravel,"Dessa forma, ante o exposto, no âmbito da Comissão de Educação, Saúde e Cultura, somos pela APROVAÇÃO, no mérito, do Projeto de Lei nº 28, de 2023. É o voto.",parecer_autor
76616,10046,85455,GAB DEP GABRIEL MAGNO,Aprovado(a),merito_favoravel,"Ante o exposto, no âmbito da Comissão de Educação, Saúde e Cultura, somos pela aprovação, no mérito, do Projeto de Lei nº 29, de 2023.",parecer_autor
76617,10049,78606,GAB DEP ROGÉRIO MORRO DA CRUZ,Não apreciado(a),sem_clausula,,parecer_autor
76618,10059,60898,GAB DEP JOÃO CARDOSO,,,,parecer_autor
76619,10067,66738,GAB DEP JORGE VIANNA,Aprovado(a),merito_favoravel,"Desta forma, em face do exposto, manifesta-se voto pela APROVAÇÃO, no mérito, do Projeto de Lei nº 76/2023 no âmbito da CESC.",parecer_autor
76620,10116,82985,GAB DEP ROGÉRIO MORRO DA CRUZ,Não apreciado(a),sem_clausula,,parecer_autor
76621,10120,71555,GAB DEP DAYSE AMARILIO,Aprovado(a),merito_favoravel,"Assim, considerando que a proposição se reveste de mérito, relevância e oportunidade, manifestamos voto, nesta Comissão de Educação, Saúde e Cultura, pela APROVAÇÃO do Projeto de Lei nº 33 de 2023, com o acolhimento da Emenda Modificativa proposta por esta Relatora.",parecer_autor
76622,10131,78814,GAB DEP ROGÉRIO MORRO DA CRUZ,Aprovado(a),merito_favoravel,"Ante tudo quanto exposto, no âmbito desta Comissão, somos favoráveis, à APROVAÇÃO do Projeto de Lei n° 279/2023, que Disciplina a prática e a fiscalização da pesca no Lago Paranoá, na forma da emenda supressiva n. 01. É o Voto.",parecer_autor
76623,10171,104034,GAB DEP ROBÉRIO NEGREIROS,Aprovado(a),admissivel,", com fundamento nos arts. 23, inciso VI, 24, inciso VI, e 225, todos da Constituição Federal, bem como nos arts. 17, inciso VI, 71, 279, incisos VI e XVII, e 288, todos da Lei Orgânica do Distrito Federal, nosso voto é pela ADMISSIBILIDADE do Projeto de Lei n.º 36, de 2023, com a emenda aditiva anexa.",parecer_autor
76624,10171,60414,GAB DEP PAULA BELMONTE,,,,parecer_autor
76625,10217,79373,GAB DEP FÁBIO FÉLIX,Não apreciado(a),admissivel_com_ressalva,"Diante do exposto, o parecer da Comissão de Constituição e Justiça é pela ADMISSIBILIDADE do Projeto de Lei nº 97/2023, na forma do Substitutivo da CESC, com a subemenda ora apresentada.",parecer_autor
76626,10217,78730,GAB DEP DAYSE AMARILIO,Não apreciado(a),merito_favoravel,"Diante do exposto, somos pela APROVAÇÃO, no mérito, do Projeto de Lei nº 97/2023, no âmbito da Comissão de Educação, Saúde e Cultura.",parecer_autor
76627,10231,76254,GAB DEP JOÃO CARDOSO,Aprovado(a),merito_favoravel,"Por todo o exposto, no âmbito da Comissão de Assuntos Sociais, votamos pela APROVAÇÃO do Projeto de Lei n.º 40, de 2023, na forma do substitutivo apresentado na Comissão de Educação, Saúde e Cultura.",parecer_autor
76628,10231,64384,GAB DEP THIAGO MANZONI,Aprovado(a),merito_favoravel,"Por todo o exposto, no âmbito da Comissão de Educação, Saúde e Cultura, votamos pela APROVAÇÃO do Projeto de Lei n.º 40 de 2023, na forma do substitutivo apresentado.",parecer_autor
76629,10233,68797,GAB DEP DOUTORA JANE,Aprovado(a),merito_favoravel,"Diante do exposto, no âmbito desta Comissão de Desenvolvimento Econômico Sustentável, Ciência, Tecnologia, Meio Ambiente e Turismo, manifestamos voto pela APROVAÇÃO, no mérito, do Projeto de Lei nº 58, de 2023.",parecer_autor
76630,10236,70451,GAB DEP MAX MACIEL,Aprovado(a),sem_clausula,,parecer_autor
76631,10238,62175,GAB DEP RICARDO VALE,,,,parecer_autor
76632,10241,68234,GAB DEP MARTINS MACHADO,Aprovado(a),merito_favoravel,"Diante do exposto, manifestamos voto pela APROVAÇÃO do Projeto de Lei nº 54/2023, quanto ao mérito, no âmbito desta Comissão de Assuntos Sociais.",parecer_autor
76633,10246,62248,GAB DEP RICARDO VALE,,,,parecer_autor
76634,10249,91660,GAB DEP FÁBIO FÉLIX,Não apreciado(a),admissivel,"Diante do exposto, manifestamos voto pela ADMISSIBILIDADE do Projeto de Lei nº 51/2023, no âmbito da Comissão de Constituição e Justiça, nos termos do Substitutivo anexo.",parecer_autor
76635,10249,70445,GAB DEP MAX MACIEL,Não apreciado(a),sem_clausula,,parecer_autor
76636,10250,68455,GAB DEP DAYSE AMARILIO,Aprovado(a),merito_favoravel,"Assim, manifestamo-nos pela aprovação do Projeto de Lei nº 50, de 2023, quanto ao mérito, no âmbito desta Comissão Assuntos Sociais.",parecer_autor
76637,10250,85146,GAB DEP THIAGO MANZONI,Aprovado(a),admissivel,"paro a ser empreendido, concluímos que o Projeto de Lei ora analisado está de acordo com a constitucionalidade, juridicidade, legalidade, regimentalidade, técnica legislativa e redação, razão pela qual se manifesta voto pela ADMISSIBILIDADE do Projeto de Lei nº 50/2023.",parecer_autor
76638,10253,65355,GAB DEP DAYSE AMARILIO,Aprovado(a),merito_favoravel,"Diante dessas considerações, manifestamos voto pela APROVAÇÃO, no mérito, do Projeto de Lei nº 75 de 2023, nesta Comissão de Educação, Saúde e Cultura.",parecer_autor
76639,10254,100966,GAB DEP JOÃO CARDOSO,Aprovado(a),sem_clausula,,parecer_autor
76640,10254,78563,GAB DEP MAX MACIEL,Aprovado(a),sem_clausula,,parecer_autor
76641,10257,61836,GAB DEP MAX MACIEL,,,,parecer_autor
76642,10259,101217,GAB DEP CHICO VIGILANTE,Aprovado(a),admissivel,"iretrizes e Bases da Educação”: Diante do exposto, tendo em vista que a proposição observa as exigências formais e materiais do ordenamento jurídico, no âmbito desta COMISSÃO DE CONSTITUIÇÃO E JUSTIÇA, manifestamos voto pela ADMISSIBILIDADE do Projeto de Lei nº 73, de 2023.",parecer_autor
76643,10259,67275,GAB DEP JOÃO CARDOSO,Aprovado(a),sem_clausula,,parecer_autor
76644,10260,65893,GAB DEP PR DANIEL DE CASTRO,Aprovado(a),merito_favoravel,"Diante do exposto, somos pela APROVAÇÃO, no mérito, do Projeto de Lei nº 72/2023, no âmbito da Comissão de Assuntos Sociais.",parecer_autor
76645,10265,104797,GAB DEP PR DANIEL DE CASTRO,Aprovado(a),merito_favoravel,"Pelo exposto, após análise à proposição apresentada, reconhecemos a nobre intenção do autor, e somos pela APROVAÇÃO do PL 43/2023 no âmbito desta Comissão de Assuntos Sociais.",parecer_autor
76646,10265,77735,GAB DEP DOUTORA JANE,Aprovado(a),merito_favoravel,"Seguindo esta linha de intelecção, no âmbito desta Comissão de Desenvolvimento Econômico Sustentável, Ciência, Tecnologia, Meio Ambiente e Turismo – CDESCTMAT, manifestamos voto pela APROVAÇÃO, no mérito, do Projeto de Lei nº 43/2023.",parecer_autor
76647,10270,64107,GAB DEP ROBÉRIO NEGREIROS,Aprovado(a),admissivel_com_ressalva,"Pelo exposto, manifestamo-nos pela ADMISSIBILIDADE da Proposta de Emenda à Lei Orgânica n.º 3/2023 nesta Comissão de Constituição e Justiça, na forma das emendas em anexo.",parecer_autor
76648,10270,97950,GAB DEP PAULA BELMONTE,Aprovado(a),merito_favoravel,"Diante do exposto, manifestamos voto pela APROVAÇÃO, quanto ao mérito, da Proposta de Emenda à Lei Orgânica nº 3/2023 nesta Comissão Especial, com o acatamento das emendas nº 01, 02 e 03 apresentadas na Comissão de Constituição e Justiça.",parecer_autor
76649,10275,67127,GAB DEP FÁBIO FÉLIX,Aprovado(a),admissivel_com_ressalva,"Diante do exposto, manifestamos voto pela ADMISSIBILIDADE do Projeto de Lei nº 80/2023, no âmbito da Comissão de Constituição e Justiça, na forma do Substitutivo anexo.",parecer_autor
76650,10275,61326,GAB DEP RICARDO VALE,,,,parecer_autor
76651,10276,85721,GAB DEP MAX MACIEL,Aprovado(a),sem_clausula,,parecer_autor
76652,10295,64610,GAB DEP PAULA BELMONTE,Aprovado(a),merito_favoravel,"Diante do exposto, manifestamos voto pela APROVAÇÃO do Projeto de Lei nº 47/2023, quanto ao mérito, no âmbito desta Comissão de Desenvolvimento Econômico Sustentável, Ciência, Tecnologia, Meio Ambiente e Turismo.",parecer_autor
76653,10298,61459,GAB DEP DAYSE AMARILIO,,,,parecer_autor
76654,10300,66251,GAB DEP JOÃO CARDOSO,Aprovado(a),sem_clausula,,parecer_autor
76655,10301,64524,GAB DEP DAYSE AMARILIO,Aprovado(a),merito_favoravel,"Diante do exposto, quanto ao mérito, manifestamo-nos pela aprovação do Projeto de Lei nº 63/2023, no âmbito desta Comissão de Educação, Saúde e Cultura.",parecer_autor
76656,10302,60148,GAB DEP PR DANIEL DE CASTRO,,,,parecer_autor
76657,10302,64381,GAB DEP THIAGO MANZONI,Aprovado(a),admissivel,"Por todo o exposto, nosso voto é pela ADMISSIBILIDADE do Projeto de Lei nº 4, de 2023.",parecer_autor
76658,10314,64103,GAB DEP DANIEL DONIZET,Aprovado(a),merito_favoravel,"Diante do exposto, no âmbito desta Comissão de Assuntos Fundiários, no mérito, manifestamos voto pela APROVAÇÃO do PL n. 64, de 2023.",parecer_autor
76659,10314,97957,GAB DEP DOUTORA JANE,Não apreciado(a),merito_favoravel,"Nesse contexto, exclusivamente quanto ao mérito, manifestamos voto pela APROVAÇÃO do Projeto de Lei 630/2023, no âmbito desta Comissão de Desenvolvimento Econômico Sustentável, Ciência, Tecnologia, Meio Ambiente e Turismo.",parecer_autor
76660,10331,98594,GAB DEP FÁBIO FÉLIX,Não apreciado(a),sem_clausula,,parecer_autor
76661,10332,68321,GAB DEP MARTINS MACHADO,Aprovado(a),merito_favoravel,"Diante do exposto, manifestamos voto pela APROVAÇÃO do Projeto de Lei nº 87/2023, quanto ao mérito, no âmbito desta Comissão de Assuntos Sociais.",parecer_autor
76662,10332,78662,GAB DEP THIAGO MANZONI,Aprovado(a),admissivel,"Feitas essas ponderações, manifestamos voto pela ADMISSIBILIDADE do Projeto de Lei nº 87/2023, no âmbito da CCJ.",parecer_autor
76663,10338,98604,GAB DEP FÁBIO FÉLIX,Aprovado(a),sem_clausula,,parecer_autor
76664,10338,68322,GAB DEP MARTINS MACHADO,Aprovado(a),merito_favoravel,"Diante do exposto, manifestamos voto pela APROVAÇÃO do Projeto de Lei nº 86/2023, quanto ao mérito, no âmbito desta Comissão de Assuntos Sociais.",parecer_autor
76665,10343,76695,GAB DEP DAYSE AMARILIO,Aprovado(a),merito_favoravel,"Assim, considerados os aspectos de necessidade, conveniência e relevância social da matéria, votamos, no mérito, pela APROVAÇÃO do Projeto de Lei Complementar nº 3/2023, no âmbito desta Comissão de Assuntos Sociais.",parecer_autor
76666,10345,64145,GAB DEP PR DANIEL DE CASTRO,Não apreciado(a),merito_favoravel,"Assim, nosso voto é pela APROVAÇÃO do Projeto de Lei 134/2023, no âmbito desta Comissão de Assuntos Sociais.",parecer_autor
76667,10346,68496,GAB DEP MAX MACIEL,Aprovado(a),merito_favoravel,"Diante do exposto, somos pela APROVAÇÃO, no mérito, do Projeto de Lei nº 78/2023, no âmbito da Comissão de Assuntos Sociais, na forma em que o projeto foi apresentado.",parecer_autor
76668,10347,61901,GAB DEP PR DANIEL DE CASTRO,,,,parecer_autor
76669,10349,104001,GAB DEP ROBÉRIO NEGREIROS,Aprovado(a),admissivel,"o art. 23 e no inciso XII do art. 24, no art. 196 e no inciso I do art. 198 da Constituição Federal, bem como no caput do art. 71, no art. 204 e no inciso II do art. 205 da Lei Orgânica do Distrito Federal, nosso voto é pela ADMISSIBILIDADE do Projeto de Lei nº 77/2023, nesta Comissão de Constituição e Justiça, com a emenda substitutiva anexa.",parecer_autor
76670,10350,100792,GAB DEP MAX MACIEL,Não apreciado(a),sem_clausula,,parecer_autor
76671,10350,78270,GAB DEP GABRIEL MAGNO,Aprovado(a),merito_favoravel,"Feitas essas considerações, manifestamo-nos pela aprovação, no mérito, do Projeto de Lei nº 79, de 2023, no âmbito desta Comissão de Educação, Saúde e Cultura.",parecer_autor
76672,10359,66741,GAB DEP JORGE VIANNA,Aprovado(a),merito_favoravel,"Dessa forma, ante o exposto, não havendo objeções de relevo ao seguimento da tramitação no âmbito desta Comissão de Educação, Saúde e Cultura, manifestamo-nos, pela APROVAÇÃO, no mérito, do Projeto de Lei nº 84/2023. É o voto.",parecer_autor
76673,10359,71325,GAB DEP MARTINS MACHADO,Aprovado(a),merito_favoravel,"Pelas razões expostas, manifestamos no âmbito desta CAS pela APROVAÇÃO do Projeto de Lei nº 84, de 2023. É o voto.",parecer_autor
76674,10361,79012,GAB DEP ROGÉRIO MORRO DA CRUZ,Aprovado(a),merito_favoravel,"Ante tudo quanto exposto, no âmbito desta Comissão, somos favoráveis à APROVAÇÃO do Projeto de Lei n° 105/2023, que Institui a Campanha de Incentivo ao Empreendedor Rural no âmbito do Distrito Federal É o Voto.",parecer_autor
76675,10365,74018,GAB DEP ROBÉRIO NEGREIROS,Aprovado(a),admissivel,"Pelo exposto, nosso voto é pela ADMISSIBILIDADE do Projeto de Lei n.º 88, de 2023, com as emendas anexas.",parecer_autor
76676,10365,61903,GAB DEP PR DANIEL DE CASTRO,,,,parecer_autor
76677,10369,63604,GAB DEP PR DANIEL DE CASTRO,,,,parecer_autor
76678,10371,62064,GAB DEP RICARDO VALE,,,,parecer_autor
76679,10381,92987,GAB DEP THIAGO MANZONI,Aprovado(a),merito_favoravel,"Ante o exposto, no âmbito da Comissão de Educação, Saúde e Cultura, somos pela aprovação, no mérito, do Projeto de Lei nº 90, de 2023, na forma do Substitutivo anexo.",parecer_autor
76680,10382,62428,GAB DEP RICARDO VALE,,,,parecer_autor
76681,10382,81661,GAB DEP DAYSE AMARILIO,Aprovado(a),merito_favoravel,"Assim, manifestamos voto pela APROVAÇÃO, no mérito, do Projeto de Lei nº 91 de 2023, nesta Comissão de Assuntos Sociais, com a Emenda Modificativa nº 1.",parecer_autor
76682,10399,60083,GAB DEP FÁBIO FÉLIX,,,,parecer_autor
76683,10401,91095,GAB DEP THIAGO MANZONI,Não apreciado(a),admissivel_com_ressalva,"Ante o exposto, manifestamo-nos pela ADMISSIBILIDADE do Projeto de Resolução nº 1/2023, na forma do substitutivo em anexo.",parecer_autor
76684,10408,82693,GAB DEP THIAGO MANZONI,Aprovado(a),merito_favoravel,"Ante o exposto, somos pela APROVAÇÃO, no mérito, do Projeto de Lei nº 98/2023, no âmbito desta Comissão de Educação, Saúde e Cultura.",parecer_autor
76685,10427,67271,GAB DEP GABRIEL MAGNO,Não apreciado(a),merito_favoravel,"Diante do exposto, no âmbito desta CTMU, manifestamos voto pela aprovação, no mérito, do PL no 100/2023.",parecer_autor
76686,10428,79844,GAB DEP FÁBIO FÉLIX,Não apreciado(a),merito_favoravel,"Para tanto, adotou-se parcialmente o previsto na Portaria SEMOB/DF nº 18/2019. Isso posto, vota-se, no âmbito da CTMU, pela aprovação do PL nº 99/2023, na forma do Substitutivo apresentado em anexo, nos termos do art. 69-D, I, ‘a’, do RICLDF.",parecer_autor
76687,10468,70097,GAB DEP THIAGO MANZONI,Aprovado(a),admissivel,"m havendo óbices quanto à juridicidade, legalidade e regimentalidade da proposta, entendemos que não há nada que possa obstar a admissão da presente peça legislativa no âmbito deste Colegiado Por todo o exposto, votamos pela ADMISSIBILIDADE da Proposta de Emenda à Lei Orgânica nº 5/2023.",parecer_autor
76688,10502,64345,GAB DEP RICARDO VALE,Não apreciado(a),merito_favoravel,"Dito isso, no mérito, voto pela APROVAÇÃO do Projeto de Lei nº 108/2023.",parecer_autor
76689,10510,65072,GAB DEP ROOSEVELT VILELA,Aprovado(a),merito_favoravel,"Diante do exposto, no âmbito desta Comissão, por entender que o tema se insere no rol de matérias atinentes à Segurança Pública, somos pela APROVAÇÃO do Projeto de Lei nº 110/2023, acatada a emenda de nº 01 desta relatoria.",parecer_autor
76690,10520,61871,GAB DEP ROBÉRIO NEGREIROS,,,,parecer_autor
76691,10520,62283,GAB DEP PR DANIEL DE CASTRO,,,,parecer_autor
76692,10522,99239,CEOF,Aprovado(a),admissivel,"Dessa forma, tendo em vista que a proposição observa as exigências formais e materiais do ordenamento jurídico e favorece o desenvolvimento da atuação governamental, voto pela ADMISSIBILIDADE e APROVAÇÃO do Projeto de Lei Complementar nº 6, de 2023, de autoria do Poder Executivo, no âmbito desta Comissão de Economia, Orçamento e Finanças, com acatamento da Emenda nº 1.",parecer_autor
76693,10522,86116,GAB DEP PEPA,Aprovado(a),merito_favoravel,"Diante do exposto, somos pela APROVAÇÃO do Projeto de Lei Complementar nº 6/2023, no âmbito desta Comissão de Assuntos Fundiários conforme a Emenda Modificativa apresentada.",parecer_autor
76694,10522,97775,GAB DEP THIAGO MANZONI,Aprovado(a),admissivel_com_ressalva,"Diante do exposto, somos pela ADMISSIBILIDADE do Projeto de Lei Complementar nº 6/2023, no âmbito desta Comissão de Constituição e Justiça, na forma da Emenda N. 1, da CAF, que retifica os mapas das Regiões Administrativas, conforme o Ofício nº 2631/2023-SEDUH-GAB.",parecer_autor
76695,10526,70823,GAB DEP DAYSE AMARILIO,Não apreciado(a),merito_favoravel,"sco de doença e de outros agravos e ao acesso universal e igualitário às ações e serviços para sua promoção, proteção e recuperação.” Assim, considerando que a proposição se reveste de mérito, relevância e oportunidade, manifestamos voto pela APROVAÇÃO, no mérito, do Projeto de Lei nº 111 de 2023, nesta Comissão de Educação, Saúde e Cultura.",parecer_autor
76696,10528,63778,GAB DEP PR DANIEL DE CASTRO,Não apreciado(a),merito_contrario,"Pelo exposto, manifestamos voto pela REJEIÇÃO do Projeto de Lei nº 113 de 2023, no âmbito desta Comissão de Assuntos Sociais.",parecer_autor
76697,10529,78232,GAB DEP GABRIEL MAGNO,Não apreciado(a),merito_favoravel,"Feitas essas considerações, manifestamo-nos pela aprovação, no mérito, do Projeto de Lei nº 112, de 2023, com as Emendas de nº 1 e nº 2, no âmbito desta Comissão de Educação, Saúde e Cultura,",parecer_autor
76698,10531,86422,GAB DEP JORGE VIANNA,Aprovado(a),merito_favoravel,"Dessa forma, somos pela APROVAÇÃO do Projeto de Lei nº 190, de 2023, no âmbito desta Comissão de Educação, Saúde e Cultura.",parecer_autor
76699,10533,70382,GAB DEP THIAGO MANZONI,Aprovado(a),merito_favoravel,"Feitas essas considerações, manifestamo-nos pela aprovação, no mérito, do Projeto de Lei nº 188, de 2023, no âmbito desta Comissão de Educação, Saúde e Cultura, nos termos da Emenda.",parecer_autor
76700,10534,70222,GAB DEP JORGE VIANNA,Aprovado(a),merito_favoravel,"Dessa forma, manifestamo-nos pela APROVAÇÃO, no mérito, do Projeto de Lei nº 187, de 2023, no âmbito desta Comissão de Educação, Saúde e Cultura.",parecer_autor
76701,10541,83943,GAB DEP MAX MACIEL,Aprovado(a),merito_favoravel,"Diante do exposto, somos pela APROVAÇÃO, no mérito, do Projeto de Lei nº 114/2023, no âmbito da Comissão de Assuntos Sociais, na forma em que o projeto foi apresentado.",parecer_autor
76702,10564,72541,GAB DEP DAYSE AMARILIO,Aprovado(a),merito_favoravel,"Ante o exposto, manifestamo-nos, nesta Comissão de Assuntos Sociais, pela aprovação do PL nº 118, de 2023, bem como da Emenda Modificativa n° 2.",parecer_autor
76703,10572,77836,GAB DEP JOAQUIM RORIZ NETO,Aprovado(a),merito_favoravel,"Portanto, na análise desta Comissão de Desenvolvimento Econômico, Sustentável, Ciência, Tecnologia, Meio Ambiente e Turismo, somos pela Aprovação do Projeto de Lei nº 123, de 2023, de autoria do Deputado Daniel Donizet.",parecer_autor
76704,10574,80101,GAB DEP FÁBIO FÉLIX,Não apreciado(a),admissivel,"iante do exposto, com fundamento nos arts. 24, VI e VII, 5°, XXXII, 170, V e 225, § 1º, VII, da Constituição Federal, bem como nos arts. 71, 158, V, 265, II e 296, todos da Lei Orgânica do Distrito Federal, nosso voto é pela ADMISSIBILIDADE do Projeto de Lei n.º 121/2023, com as emendas anexas.",parecer_autor
76705,10574,65125,GAB DEP JOAQUIM RORIZ NETO,Aprovado(a),sem_clausula,,parecer_autor
76706,10575,72287,GAB DEP PR DANIEL DE CASTRO,Aprovado(a),merito_favoravel,"Diante do exposto, somos pela APROVAÇÃO, no mérito, do Projeto de Lei nº 119/2023, no âmbito da Comissão de Assuntos Sociais.",parecer_autor
76707,10582,77547,GAB DEP IOLANDO,Aprovado(a),admissivel,"Por esses motivos, com fundamento nos arts. 27, 28 e 32 da Constituição Federal e nos incisos I e II do art. 130 do Regimento Interno da Câmara Legislativa do Distrito Federal, nosso voto é pela ADMISSIBILIDADE do Projeto de Lei nº 2/2023, com as emendas supressivas apresentadas em anexo.",parecer_autor
76708,10607,90551,GAB DEP MAX MACIEL,Aprovado(a),sem_clausula,,parecer_autor
76709,10624,62066,GAB DEP RICARDO VALE,,,,parecer_autor
76710,10627,74646,GAB DEP PAULA BELMONTE,Aprovado(a),merito_favoravel,"Diante do exposto, manifestamos voto pela APROVAÇÃO do Projeto de Lei nº 223/2023, quanto ao mérito, no âmbito desta Comissão de Desenvolvimento Econômico Sustentável, Ciência, Tecnologia, Meio Ambiente e Turismo.",parecer_autor
76711,10630,77944,GAB DEP FÁBIO FÉLIX,Aprovado(a),admissivel,"Diante de todo o exposto, manifestamo-nos pela admissibilidade do Projeto de Lei nº 128/2023, no âmbito da CCJ.",parecer_autor
76712,10630,65383,GAB DEP DAYSE AMARILIO,Aprovado(a),merito_favoravel,"Diante das considerações apresentadas, manifestamos voto pela APROVAÇÃO, no mérito, do Projeto de Lei nº 128 de 2023, nesta Comissão de Assuntos Sociais.",parecer_autor
76713,10631,90839,GAB DEP CHICO VIGILANTE,Aprovado(a),admissivel,"Diante do exposto, manifestamos voto pela ADMISSIBILIDADE do Projeto de Lei nº 166/2023, no âmbito da Comissão de Constituição e Justiça.",parecer_autor
76714,10631,67239,GAB DEP RICARDO VALE,Aprovado(a),merito_favoravel,"Feitas essas breves considerações, entendo ser importante a iniciativa do Deputado Joaquim Roriz Neto, razão por que voto pela APROVAÇÃO do Projeto de Lei nº 166/2023.",parecer_autor
76715,10682,101284,GAB DEP FÁBIO FÉLIX,Não apreciado(a),admissivel,"constantes do art. 3º, o PDL nº 6/2023 está em conformidade com o limite quantitativo de oito proposituras por sessão legislativa, veiculado pelo § 1º do art. 2º da Resolução nº 334/2023. Pelo exposto, manifestamos voto pela ADMISSIBILIDADE do Projeto de Decreto Legislativo nº 6/2023 no âmbito da CCJ.",parecer_autor
76716,10682,82699,GAB DEP JOÃO CARDOSO,Aprovado(a),sem_clausula,,parecer_autor
76717,10684,82625,GAB DEP GABRIEL MAGNO,Aprovado(a),merito_favoravel,"Diante de todo o exposto, no âmbito da CESC, manifestamos voto pela APROVAÇÃO, no mérito, do Projeto de Lei nº 162/2023.",parecer_autor
76718,10696,89631,GAB DEP JAQUELINE SILVA,Aprovado(a),merito_favoravel,"Feitas essas considerações, manifestamo-nos pela aprovação, no mérito, do Projeto de Lei nº 139, de 2023, no âmbito desta CDDHCEDP, na forma do Substitutivo anexo, que busca torná-lo viável e adequá-lo à boa técnica legislativa.",parecer_autor
76719,10696,66616,GAB DEP PR DANIEL DE CASTRO,Não apreciado(a),merito_favoravel,"Nesse sentido, somos favoráveis à aprovação do PL 139/2023.",parecer_autor
76720,10706,78462,GAB DEP DAYSE AMARILIO,Aprovado(a),merito_contrario,"Ante o exposto, no âmbito da Comissão de Educação, Saúde e Cultura, somos pela rejeição, no mérito, do Projeto de Lei nº 144, de 2023.",parecer_autor
76721,10730,106748,GAB DEP IOLANDO,Aprovado(a),admissivel_com_ressalva,", 30, inciso I e 32, § 1º, todos da Constituição Federal, Decreto Federal n.º 1.973/1996, bem como nos arts. 2º, inciso III, 3º, inciso I, 276, caput e inciso III, todos da Lei Orgânica do Distrito Federal, nosso voto é pela ADMISSIBILIDADE do Projeto de Lei n.º 141, de 2023, na forma do substitutivo em anexo.",parecer_autor
76722,10730,101174,GAB DEP JAQUELINE SILVA,Aprovado(a),merito_favoravel,"Feitas essas considerações, manifestamo-nos pela aprovação do Projeto de Lei nº 141, de 2023, quanto ao mérito, no âmbito desta Comissão de Defesa dos Direitos Humanos, Cidadania, Ética e Decoro Parlamentar, na forma do Substitutivo anexo.",parecer_autor
76723,10733,95441,GAB DEP PR DANIEL DE CASTRO,Não apreciado(a),merito_favoravel,"Assim, fica claro que o Projeto em análise tem inquestionável mérito, mostrando-se de grande relevância, oportunidade e interesse público, portanto somos favoráveis à APROVAÇÃO do PL 140/2023 no âmbito dessa Comissão de Assuntos Sociais.",parecer_autor
76724,10733,79887,GAB DEP GABRIEL MAGNO,Aprovado(a),merito_favoravel,"Diante do exposto, no âmbito desta CTMU, manifestamos voto pela aprovação, no mérito, do PL no 140/2023.",parecer_autor
76725,10735,75618,GAB DEP PR DANIEL DE CASTRO,Aprovado(a),merito_favoravel,"Diante do exposto, somos pela APROVAÇÃO, no mérito, do Projeto de Lei nº 135/2023, no âmbito da Comissão de Assuntos Sociais.",parecer_autor
76726,10735,66831,GAB DEP ROGÉRIO MORRO DA CRUZ,Aprovado(a),merito_favoravel,"Com efeito, ante tudo quanto exposto, no âmbito desta Comissão, somos pela APROVAÇÃO integral do Projeto de Lei n°. 135/2023, que “Altera a Lei nº 288, de 3 de julho de 1992 que autoriza o Governo do Distrito Federal a reservar áreas nas Regiões Administrativas para implantação do programa denominado ""Hortas Comunitárias"" e dá outras providên",parecer_autor
76727,10757,75633,GAB DEP PR DANIEL DE CASTRO,Aprovado(a),merito_favoravel,"Diante o exposto, reconhecemos a nobre intenção do autor, e somos pela APROVAÇÃO do PL 158/2023 no âmbito desta Comissão de Assuntos Sociais.",parecer_autor
76728,10757,67278,GAB DEP ROGÉRIO MORRO DA CRUZ,Aprovado(a),merito_favoravel,"Com efeito, ante tudo quanto exposto, no âmbito desta Comissão, somos pela APROVAÇÃO integral do Projeto de Lei 158/2023, que Cria Centros de Tecnologia com o objetivo de garantir ampla acessibilidade aos recursos tecnológicos à população de baixa renda do Distrito Federal e dá outras providências.",parecer_autor
76729,10789,70066,GAB DEP JORGE VIANNA,Não apreciado(a),merito_favoravel,"Dessa forma, ante o exposto, somos, no âmbito da Comissão de Defesa do Consumidor, pela Aprovação, no mérito, do Projeto de Lei nº 156, de 2023. É o voto.",parecer_autor
76730,10794,98177,GAB DEP JOÃO CARDOSO,Não apreciado(a),sem_clausula,,parecer_autor
76731,10819,92419,GAB DEP ROBÉRIO NEGREIROS,Não apreciado(a),admissivel,"Feitas essas ponderações, manifestamos voto pela ADMISSIBILIDADE do PLC nº 8/2023, no âmbito da CCJ, nos termos da emenda substitutiva em anexo.",parecer_autor
76732,10819,76451,GAB DEP PAULA BELMONTE,Não apreciado(a),admissivel,"Diante de todo o exposto, vota-se, no âmbito da CEOF, pela admissibilidade e aprovação do PLC nº 8/2023, nos termos do art. 64, II, “a” e “c”, do RICLDF.",parecer_autor
76733,10836,67401,GAB DEP RICARDO VALE,Não apreciado(a),merito_favoravel,"Por isso, no mérito, voto pela APROVAÇÃO do Projeto de Lei nº 148/2023 de iniciativa do Deputado Robério Negreiros.",parecer_autor
76734,10844,101077,GAB DEP THIAGO MANZONI,Aprovado(a),merito_favoravel,"Feitas essas considerações, manifestamo-nos pela aprovação, no mérito, do Projeto de Lei n° 149, de 2023, no âmbito desta Comissão de Educação, Saúde e Cultura.",parecer_autor
76735,10847,84276,GAB DEP ROBÉRIO NEGREIROS,Aprovado(a),admissivel,"Ante o exposto, esta Comissão de Constituição e Justiça se manifesta pela ADMISSIBILIDADE do Projeto de Resolução nº 05/2023 com a emenda aprovada pela Mesa Diretora e com as emendas de redação anexas.",parecer_autor
76736,10851,83916,GAB DEP FÁBIO FÉLIX,Aprovado(a),admissivel,"Ante o exposto, manifestamo-nos pela ADMISSIBILIDADE do Projeto de Resolução nº 4/2023 com a emenda de redação anexa. _______________________ ¹“Art. 66. A fórmula de promulgação contém: I – a denominação do órgão ou do cargo da autoridade que promulgar a lei; II – a designação de que a lei foi aprovada pela Câm",parecer_autor
76737,10856,90564,CDESCTMAT,Aprovado(a),merito_favoravel,"Diante do exposto, no âmbito desta Comissão de Desenvolvimento Econômico Sustentável, Ciência, Tecnologia, Meio Ambiente e Turismo, no mérito, manifestamos voto pela APROVAÇÃO do Projeto de Lei nº 152, de 2023.",parecer_autor
76738,10858,67225,GAB DEP RICARDO VALE,Aprovado(a),merito_favoravel,"Por essas razões, no mérito, voto pela APROVAÇÃO do Projeto de Lei nº 153/2023.",parecer_autor
76739,10865,101162,GAB DEP FÁBIO FÉLIX,Aprovado(a),admissivel,"Ante o exposto, manifestamo-nos pela ADMISSIBILIDADE do Projeto de Lei nº 157 de 2023.",parecer_autor
76740,10865,101173,GAB DEP JAQUELINE SILVA,Aprovado(a),admissivel,"Diante do exposto, vota-se, no âmbito da CEOF, pela admissibilidade do PL nº 157/2023, nos termos do art. 64, II, do RICLDF.",parecer_autor
76741,10865,77430,GAB DEP MAX MACIEL,Aprovado(a),sem_clausula,,parecer_autor
76742,10880,104944,GAB DEP DANIEL DONIZET,Não apreciado(a),merito_favoravel,"Assim, no âmbito desta Comissão de Defesa do Consumidor, no mérito, manifestamo-nos pela aprovação do Projeto de Lei nº 155, de 2023.",parecer_autor
76743,10966,64097,GAB DEP ROBÉRIO NEGREIROS,Não apreciado(a),inadmissivel,"Assim, considerando o exposto, voto pela INADMISSIBILIDADE E REJEIÇÃO do Projeto de Lei nº 186/2023, no âmbito desta Comissão de Constituição e Justiça.",parecer_autor
76744,10973,89917,GAB DEP ROBÉRIO NEGREIROS,Aprovado(a),admissivel,"Diante do exposto, manifestamos voto pela ADMISSIBILIDADE do Projeto de Lei nº 181/2023, no âmbito da Comissão de Constituição e Justiça, nos termos do SUBSTITUTIVO anexo.",parecer_autor
76745,10973,72780,GAB DEP DAYSE AMARILIO,Aprovado(a),merito_favoravel,"sco de doença e de outros agravos e ao acesso universal e igualitário às ações e serviços para sua promoção, proteção e recuperação.” Assim, considerando que a proposição se reveste de mérito, relevância e oportunidade, manifestamos voto pela APROVAÇÃO do Projeto de Lei nº 181 de 2023, nesta Comissão de Educação, Saúde e Cultura.",parecer_autor
76746,10989,67620,GAB DEP DAYSE AMARILIO,Aprovado(a),merito_favoravel,"Pelo exposto, manifestamo-nos pela aprovação, no mérito, nesta Comissão Assuntos Sociais, do Projeto de Lei Complementar nº 9/2023, bem como do apensado Projeto de Lei Complementar nº 10/2023, ambos na forma do Substitutivo n° 2.",parecer_autor
76747,10995,81829,GAB DEP FÁBIO FÉLIX,Aprovado(a),sem_clausula,,parecer_autor
76748,10997,79435,GAB DEP JOAQUIM RORIZ NETO,Aprovado(a),merito_favoravel,"Ante o exposto, no âmbito da Comissão de Desenvolvimento Econômico, Sustentável, Ciência, Tecnologia, Meio Ambiente e Turismo, somos pela APROVAÇÃO do Projeto de Lei nº 171/2023.",parecer_autor
76749,11011,98378,GAB DEP MARTINS MACHADO,Aprovado(a),merito_favoravel,"Por fim, não se vislumbrando nenhum óbice quanto ao aspecto meritório, no âmbito da Comissão de Transporte e Mobilidade Urbana, votamos pela aprovação do Projeto de Lei nº 372/2023. É o parecer, Senhor Presidente.",parecer_autor
76750,11025,83223,GAB DEP JAQUELINE SILVA,Aprovado(a),admissivel,"Pelo exposto, vota-se, no âmbito da CEOF, pela admissibilidade do PLC nº 11/2023, nos termos do art. 64, II, do RICLDF.",parecer_autor
76751,11025,68365,GAB DEP MARTINS MACHADO,Aprovado(a),merito_favoravel,"Feitas essas considerações, concluímos pelo mérito da temática e votamos pela APROVAÇÃO do PROJETO DE LEI COMPLEMENTAR Nº 11/2023, no âmbito desta Comissão.",parecer_autor
76752,11040,107096,GAB DEP CHICO VIGILANTE,Aprovado(a),admissivel,"Pelo exposto, manifestamos voto pela ADMISSIBILIDADE do Projeto de Decreto Legislativo nº 8/2023 no âmbito desta Comissão de Constituição e Justiça.",parecer_autor
76753,11040,72812,GAB DEP DAYSE AMARILIO,Aprovado(a),merito_favoravel,"Diante do exposto, no âmbito desta Comissão de Assuntos Sociais, o voto é pela APROVAÇÃO do Projeto de Decreto Legislativo n° 08, de 2023.",parecer_autor
76754,11042,85250,GAB DEP THIAGO MANZONI,Aprovado(a),admissivel,"Feitas essas ponderações, manifestamos voto pela ADMISSIBILIDADE do Projeto de Lei nº 176/2023, no âmbito da Comissão de Constituição e Justiça.",parecer_autor
76755,11042,68891,GAB DEP GABRIEL MAGNO,Aprovado(a),merito_favoravel,"Diante do exposto, no âmbito desta CESC, manifestamos voto pela aprovação, no mérito, do PL no 176/2023.",parecer_autor
76756,11050,76886,GAB DEP DAYSE AMARILIO,Aprovado(a),merito_favoravel,"Diante dessas considerações, manifestamos voto pela APROVAÇÃO, no mérito, do Projeto de Lei nº 168 de 2023, nesta Comissão de Assuntos Sociais.",parecer_autor
76757,11050,67203,GAB DEP PAULA BELMONTE,Aprovado(a),merito_favoravel,"Diante do exposto, manifestamos voto pela APROVAÇÃO do Projeto de Lei nº 168/2023, quanto ao mérito, no âmbito desta Comissão de Desenvolvimento Econômico Sustentável, Ciência, Tecnologia, Meio Ambiente e Turismo.",parecer_autor
76758,11072,81136,GAB DEP DAYSE AMARILIO,Aprovado(a),merito_favoravel,"Assim, considerando que a proposição cumpre os requisitos de mérito, relevância e oportunidade, manifestamos voto, nesta Comissão de Educação, Saúde e Cultura, pela APROVAÇÃO do Projeto de Lei nº 178 de 2023, na forma da Emenda Modificativa proposta.",parecer_autor
76759,11117,65278,GAB DEP THIAGO MANZONI,Aprovado(a),admissivel,"Por todo o exposto, no âmbito da Comissão de Constituição e Justiça, votamos pela ADMISSIBILIDADE do Projeto de Decreto Legislativo n.º 09 de 2023, de autoria da CEOF.",parecer_autor
76760,11125,78520,GAB DEP DAYSE AMARILIO,Aprovado(a),merito_favoravel,"Diante dessas considerações, manifestamos voto pela APROVAÇÃO, no mérito, do Projeto de Lei nº 182 de 2023, nesta Comissão de Educação, Saúde e Cultura.",parecer_autor
76761,11132,79960,GAB DEP DAYSE AMARILIO,Não apreciado(a),merito_favoravel,"Feitas essas considerações, manifestamo-nos, no mérito, pela APROVAÇÃO do Projeto de Lei nº 184 de 2023, no âmbito desta Comissão de Fiscalização, Governança, Transparência e Controle.",parecer_autor
76762,11133,66978,GAB DEP MARTINS MACHADO,Aprovado(a),merito_favoravel,"Em razão desses aspectos e diante da relevância da proposta, no mérito, voto pela APROVAÇÃO do Projeto de Lei nº 210/2023, com a emenda de relator anexa.",parecer_autor
76763,11134,72412,GAB DEP FÁBIO FÉLIX,Aprovado(a),merito_favoravel,"Diante do exposto, votamos, no âmbito desta Comissão de Transporte e Mobilidade Urbana, pela APROVAÇÃO, no mérito, do Projeto de Lei nº 185, de 2023.",parecer_autor
76764,11145,82617,GAB DEP CHICO VIGILANTE,Aprovado(a),admissivel,"III - CONCLUSÃO Diante do exposto, manifestamos voto pela ADMISSIBILIDADE do Projeto de Lei nº 193, de 2023, no âmbito desta Comissão de Constituição e Justiça",parecer_autor
76765,11145,67809,GAB DEP MARTINS MACHADO,Aprovado(a),merito_favoravel,"Ante o exposto, manifestamo-nos, no mérito, pela APROVAÇÃO do Projeto de Lei nº 193/2023, nesta Comissão de Assuntos Sociais.",parecer_autor
76766,11151,70228,GAB DEP RICARDO VALE,Aprovado(a),merito_favoravel,"Assim, pelos motivos expostos, voto pela aprovação, no mérito, do Projeto de Lei nº 199, de 2023, nesta Comissão de Educação, Saúde e Cultura, por ser oportuna a fixação da data mencionada.",parecer_autor
76767,11154,68326,GAB DEP PR DANIEL DE CASTRO,Aprovado(a),merito_favoravel,"Sob os critérios desta Comissão de Assuntos Sociais, somos, pela APROVAÇÃO do Projeto de Decreto Legislativo nº 10/2023, de autoria do nobre deputado JORGE VIANNA, por tratar-se de justa e honrosa homenagem a um ilustre cidadão com relevantes serviços aos moradores desta Capital.",parecer_autor
76768,11159,76895,GAB DEP GABRIEL MAGNO,Não apreciado(a),merito_favoravel,"Diante do exposto, no âmbito da Comissão de Educação, Saúde e Cultura, manifestamos voto pela aprovação, no mérito, do Projeto de Lei nº 212/2023.",parecer_autor
76769,11162,89838,GAB DEP MAX MACIEL,Aprovado(a),sem_clausula,,parecer_autor
76770,11170,78538,GAB DEP JOAQUIM RORIZ NETO,Aprovado(a),merito_favoravel,"Desta forma, somos pela APROVAÇÃO do Projeto de Lei nº 204, de 2023, no âmbito da Comissão de Desenvolvimento Econômico, Sustentável, Ciência, Tecnologia, Meio Ambiente e Turismo.",parecer_autor
76771,11173,101058,GAB DEP MARTINS MACHADO,Aprovado(a),merito_favoravel,"Diante do exposto, manifestamos voto pela APROVAÇÃO do Projeto de Lei nº 205/2023, quanto ao mérito, no âmbito desta Comissão de Assuntos Sociais.",parecer_autor
76772,11173,72926,GAB DEP DAYSE AMARILIO,Aprovado(a),merito_favoravel,"Assim, manifestamos voto pela APROVAÇÃO do Projeto de Lei nº 205 de 2023, nesta Comissão de Educação, Saúde e Cultura.",parecer_autor
76773,11178,83106,GAB DEP ROGÉRIO MORRO DA CRUZ,Não apreciado(a),merito_favoravel,"Desta feita, ante tudo quanto exposto, no âmbito desta Comissão, somos favoráveis à APROVAÇÃO integral do Projeto Lei n.° 206/2023, que “Institui a Política de Inteligência Climática para Agricultura, no âmbito do Distrito Federal.”",parecer_autor
76774,11205,82804,GAB DEP JOÃO CARDOSO,Aprovado(a),sem_clausula,,parecer_autor
76775,11206,63783,CEOF,Aprovado(a),admissivel_com_ressalva,"Ante a todo do exposto pugnamos, no âmbito desta Comissão de Economia, Orçamento e Finanças – CEOF, pela admissibilidade, e no mérito pela aprovação do Projeto de Lei nº 194/2023, na forma das 178 emendas aditivas desta CEOF.",parecer_autor
76776,11216,68829,GAB DEP PR DANIEL DE CASTRO,Aprovado(a),merito_favoravel,"Diante do exposto, manifestamo-nos pela APROVAÇÃO do Projeto de Lei 209/2023, no âmbito desta Comissão.",parecer_autor
76777,11241,80205,GAB DEP JOAQUIM RORIZ NETO,Aprovado(a),merito_favoravel,"Ante o exposto, no âmbito da Comissão de Desenvolvimento Econômico Sustentável, Ciência, Tecnologia, Meio Ambiente e Turismo, somos pela APROVAÇÃO do Projeto de Lei nº 235, de 2023.",parecer_autor
76778,11243,71000,GAB DEP DAYSE AMARILIO,Aprovado(a),merito_favoravel,"Pelo exposto, manifestamos voto pela APROVAÇÃO do Projeto de Lei nº 211/2023, no âmbito da Comissão de Educação, Saúde e Cultura.",parecer_autor
76779,11245,90593,GAB DEP GABRIEL MAGNO,Não apreciado(a),merito_favoravel,"Feitas essas considerações, manifestamo-nos no âmbito desta Comissão de Educação, Saúde e Cultura, pela aprovação, quanto ao mérito, do Projeto de Lei nº 234, de 2023, na forma do Substitutivo Nº 1.",parecer_autor
76780,11246,97777,GAB DEP THIAGO MANZONI,Aprovado(a),admissivel_com_ressalva,"Ante o exposto, manifesta-se voto pela ADMISSIBILIDADE do Projeto de Lei nº 233/2023, na forma do Substitutivo anexo.",parecer_autor
76781,11246,78364,GAB DEP GABRIEL MAGNO,Aprovado(a),merito_favoravel,"Feitas essas considerações, manifestamo-nos pela aprovação, no mérito, do Projeto de Lei nº 233, de 2023, no âmbito desta Comissão de Educação, Saúde e Cultura.",parecer_autor
76782,11249,74060,CEOF,Aprovado(a),merito_favoravel,"posto, tendo em vista que a proposição observa as exigências formais e materiais do ordenamento jurídico e favorece o desenvolvimento da atuação governamental, no âmbito desta COMISSÃO DE ECONOMIA, ORÇAMENTO E FINANÇAS, manifestamos voto pela APROVAÇÃO e ADMISSIBILIDADE do Projeto de Lei nº195/2023, de autoria do Poder Executivo.",parecer_autor
76783,11258,92983,GAB DEP IOLANDO,Aprovado(a),admissivel,"Por esses motivos, voto pela ADMISSIBILIDADE do Projeto de Decreto Legislativo nº 12/2023.",parecer_autor
76784,11258,80466,GAB DEP MAX MACIEL,Aprovado(a),sem_clausula,,parecer_autor
76785,11264,68510,GAB DEP MARTINS MACHADO,Aprovado(a),merito_favoravel,"Sob os critérios desta Comissão de Assuntos Sociais, somos, no mérito, pela APROVAÇÃO do Projeto de Decreto Legislativo nº 14/2023, de autoria do nobre deputado Wellington Luiz, por tratar-se de justa e honrosa homenagem.",parecer_autor
76786,11328,78960,GAB DEP ROGÉRIO MORRO DA CRUZ,Aprovado(a),merito_favoravel,"Ante tudo quanto exposto, no âmbito desta Comissão, somos favoráveis à APROVAÇÃO do Projeto de Lei n° Lei nº 216/2023, na forma da emenda de redação n.° 1. É o Voto.",parecer_autor
76787,11330,70376,GAB DEP RICARDO VALE,Aprovado(a),merito_favoravel,"A ciência salva vidas; a desinformação mata! Assim, pelos motivos expostos, voto pela aprovação, no mérito, do Projeto de Lei nº 226, de 2023, nesta Comissão de Educação, Saúde e Cultura.",parecer_autor
76788,11331,67267,GAB DEP JORGE VIANNA,Aprovado(a),merito_favoravel,"Por isso, voto pela APROVAÇÃO da indicação do Chefe do Poder Executivo, Dr. Juracy Cavalcante Lacerda Júnior, para ocupar o cargo de Diretor Presidente do Instituto de Gestão Estratégica de Saúde do Distrito Federal.",parecer_autor
76789,11334,101172,GAB DEP JAQUELINE SILVA,Aprovado(a),admissivel,"Diante do exposto, votamos, no âmbito desta CEOF, pela admissibilidade, no que concerne à adequação orçamentário-financeira, e pela aprovação, no atinente ao mérito, do PL nº 231/2023, com base nas alíneas “a” e “c” do inciso II do caput do art. 64 do RICLDF.",parecer_autor
76790,11337,77688,GAB DEP DAYSE AMARILIO,Aprovado(a),merito_favoravel,"Diante dessas considerações, manifestamos voto pela APROVAÇÃO, no mérito, do Projeto de Lei nº 305 de 2023, nesta Comissão de Assuntos Sociais.",parecer_autor
76791,11337,85453,GAB DEP PAULA BELMONTE,Aprovado(a),admissivel,"Posto isto, no âmbito desta CEOF, o voto é pela admissibilidade e aprovação do PL nº 305, de 2023, nos termos do art. 64, II, “a”, e § 1º, do RICLDF.",parecer_autor
76792,11355,76982,GAB DEP PAULA BELMONTE,Não apreciado(a),merito_favoravel,"Diante do exposto, manifestamos voto pela APROVAÇÃO do Projeto de Lei nº 318/2023, quanto ao mérito, no âmbito desta Comissão de Desenvolvimento Econômico Sustentável, Ciência, Tecnologia, Meio Ambiente e Turismo.",parecer_autor
76793,11356,68831,GAB DEP PR DANIEL DE CASTRO,Aprovado(a),merito_favoravel,"Pelo exposto, diante do inquestionável mérito da proposição, votamos pela APROVAÇÃO do Projeto de Lei Complementar 14/2023, no âmbito desta Comissão de Assuntos Sociais.",parecer_autor
76794,11393,98833,GAB DEP FÁBIO FÉLIX,Aprovado(a),admissivel,"Com essas razões, o parecer é pela ADMISSIBILIDADE, acatada a Emenda nº 1, da CESC.",parecer_autor
76795,11393,74895,GAB DEP GABRIEL MAGNO,Aprovado(a),merito_favoravel,"Em razão desses aspectos, no mérito, voto pela APROVAÇÃO do Projeto de Lei nº 227/2023 do Deputado Ricardo Vale, com a Emenda Modificativa nº 01.",parecer_autor
76796,11394,86463,GAB DEP JORGE VIANNA,Aprovado(a),merito_favoravel,"Dessa forma, ante o exposto, no âmbito da Comissão de Educação Saúde e Cultura, manifestamos voto pela APROVAÇÃO, no MÉRITO do Projeto de Lei nº 276/2023. É o voto.",parecer_autor
76797,11418,77127,CEOF,Aprovado(a),merito_favoravel,"Diante do exposto, tendo em vista que a proposição observa as exigências formais e materiais do ordenamento jurídico e favorece o desenvolvimento econômico, no âmbito desta COMISSÃO DE ECONOMIA, ORÇAMENTO E FINANÇAS, manifestamos voto pela APROVAÇÃO e ADMISSIBILIDADE do Projeto de Lei nº 219/2023, de autoria do Poder Executivo.",parecer_autor
76798,11418,78954,GAB DEP ROBÉRIO NEGREIROS,Não apreciado(a),merito_favoravel,"Por esses motivos, nos manifestamos pela APROVAÇÃO E ADMISSIBILIDADE ao Projeto de Lei nº 219/2023, acatando as Emendas Modificativas nº 01, 02, 03 e 04, no âmbito desta Comissão de Constituição e Justiça.",parecer_autor
76799,11418,76869,GAB DEP PAULA BELMONTE,Aprovado(a),merito_favoravel,"Diante do exposto, manifestamos voto pela APROVAÇÃO do Projeto de Lei nº 219/2023, quanto ao mérito, com o acatamento das Emendas Modificativas nº 01, 02, 03 e 04, no âmbito desta Comissão de Desenvolvimento Econômico Sustentável, Ciência, Tecnologia, Meio Ambiente e Turismo.",parecer_autor
76800,11435,79047,GAB DEP DOUTORA JANE,Aprovado(a),merito_favoravel,"Seguindo esta linha de intelecção, no âmbito desta Comissão de Desenvolvimento Econômico Sustentável, Ciência, Tecnologia, Meio Ambiente e Turismo, manifestamos voto pela APROVAÇÃO, no mérito, do Projeto de Lei nº 232, de 2023.",parecer_autor
76801,11454,65275,GAB DEP THIAGO MANZONI,Aprovado(a),admissivel,"Por todo o exposto, no âmbito da Comissão de Constituição e Justiça, votamos pela ADMISSIBILIDADE do Projeto de Decreto Legislativo n.º 13 de 2023, de autoria da CEOF.",parecer_autor
76802,11455,97997,GAB DEP CHICO VIGILANTE,Aprovado(a),admissivel,"Feitas essas considerações, somos pela ADMISSIBILIDADE do Projeto de Lei nº 229, de 2023, com uma emenda modificativa e uma emenda supressiva em anexo, no âmbito desta Comissão de Constituição e Justiça.",parecer_autor
76803,11455,74596,GAB DEP PAULA BELMONTE,Aprovado(a),merito_favoravel,"Diante do exposto, manifestamos voto pela APROVAÇÃO do Projeto de Lei nº 229/2023, quanto ao mérito, no âmbito desta Comissão de Desenvolvimento Econômico Sustentável, Ciência, Tecnologia, Meio Ambiente e Turismo.",parecer_autor
76804,11484,77755,GAB DEP RICARDO VALE,Aprovado(a),merito_favoravel,"Por essas razões, com o reconhecimento das importantes iniciativas do Deputado Fábio Felix em favor dos direitos humanos, voto pela APROVAÇÃO do Projeto de Lei nº 312/2023.",parecer_autor
76805,11530,77753,GAB DEP RICARDO VALE,Aprovado(a),merito_favoravel,"No mais, voto pela APROVAÇÃO do Projeto de Lei nº 243/2023, com a emenda anexa.",parecer_autor
76806,11592,86468,GAB DEP JORGE VIANNA,Aprovado(a),merito_favoravel,"Dessa forma, ante o exposto, no âmbito da Comissão de Educação Saúde e Cultura, manifestamos voto pela APROVAÇÃO, no mérito, do Projeto de Lei nº244 de 2023. É o voto.",parecer_autor
76807,11602,73080,GAB DEP RICARDO VALE,Não apreciado(a),merito_favoravel,"Em razão desses aspectos, no mérito, voto pela APROVAÇÃO do Projeto de Lei nº 257/2023 do Deputado Pastor Daniel de Castro e do Deputado Thiago Manzoni, com a emenda anexa.",parecer_autor
76808,11617,66054,GAB DEP IOLANDO,Não apreciado(a),admissivel,"do em vista que a proposição observa as exigências formais e materiais do ordenamento jurídico e favorece o desenvolvimento da atuação governamental, no âmbito desta COMISSÃO DE CONSTITUIÇÃO E JUSTIÇA, manifestamos voto pela ADMISSIBILIDADE do Projeto de Lei nº 237, de 2023, de autoria do Poder Executivo.",parecer_autor
76809,11617,66821,GAB DEP DAYSE AMARILIO,Aprovado(a),merito_favoravel,"Diante do exposto, no âmbito desta COMISSÃO DE ASSUNTOS SOCIAIS, manifestamos voto pela APROVAÇÃO do Projeto de Lei nº 237, de 2023, de autoria do Poder Executivo.",parecer_autor
76810,11620,66055,GAB DEP IOLANDO,Não apreciado(a),admissivel,"do em vista que a proposição observa as exigências formais e materiais do ordenamento jurídico e favorece o desenvolvimento da atuação governamental, no âmbito desta COMISSÃO DE CONSTITUIÇÃO E JUSTIÇA, manifestamos voto pela ADMISSIBILIDADE do Projeto de Lei nº 238, de 2023, de autoria do Poder Executivo.",parecer_autor
76811,11620,66801,GAB DEP JOÃO CARDOSO,Aprovado(a),sem_clausula,,parecer_autor
76812,11648,70074,CEOF,Não apreciado(a),merito_favoravel,"posto, tendo em vista que a proposição observa as exigências formais e materiais do ordenamento jurídico e favorece o desenvolvimento da atuação governamental, no âmbito desta COMISSÃO DE ECONOMIA, ORÇAMENTO E FINANÇAS, manifestamos voto pela APROVAÇÃO e ADMISSIBILIDADE do Projeto de Lei nº241, de 2023, de autoria do Poder Executivo.",parecer_autor
76813,11648,70099,GAB DEP IOLANDO,Aprovado(a),admissivel,"vista que a proposição observa todas as exigências formais e matérias do ordenamento jurídico e favorece o desenvolvimento da atuação governamental, no âmbito desta COMISSÃO DE CONSTITUIÇÃO E JUSTIÇA, manifestamos voto pela ADMISSIBILIDADE do Projeto de Lei nº 241, de 2023, do Poder Executivo.",parecer_autor
76814,11648,70503,GAB DEP PR DANIEL DE CASTRO,Não apreciado(a),merito_favoravel,"Portanto, votamos pela APROVAÇÃO do PL n° 241/2023, nesta Comissão.",parecer_autor
76815,11649,84942,GAB DEP PR DANIEL DE CASTRO,Não apreciado(a),admissivel,"Pelo exposto, manifestamo-nos pela ADMISSIBILIDADE da PELO nº 07/2023, vez que oportuna e conveniente.",parecer_autor
76816,11649,78963,GAB DEP THIAGO MANZONI,Aprovado(a),admissivel,"Pelo exposto, manifestamo-nos pela ADMISSIBILIDADE da PELO nº 07/2023, pela sua constitucionalidade e regimentalidade.",parecer_autor
76817,11682,82411,GAB DEP RICARDO VALE,Aprovado(a),merito_favoravel,"Por essas razões, no mérito voto pela APROVAÇÃO do Projeto de Lei nº 266/2023, na forma do Substitutivo nº 2, apresentado a esta Comissão.",parecer_autor
76818,11806,73647,GAB DEP RICARDO VALE,Aprovado(a),merito_favoravel,"Pelas razões expostas, considero a matéria oportuna e conveniente e voto, no mérito, pela APROVAÇÃO do Projeto de Lei nº 246/2023.",parecer_autor
76819,11807,82409,GAB DEP RICARDO VALE,Aprovado(a),merito_favoravel,"Dito isso, voto pela APROVAÇÃO do Projeto de Lei nº 398/2023 com a emenda anexa, bem como da Emenda nº 01 apresentada pelo Deputado Roosevelt.",parecer_autor
76820,11850,66877,GPVP,Não apreciado(a),sem_clausula,,parecer_autor
76821,11850,66877,GPVP,Não apreciado(a),sem_clausula,,parecer_autor
76822,11877,89608,GAB DEP DAYSE AMARILIO,Não apreciado(a),merito_favoravel,"Assim, considerando que a proposição se reveste de mérito, relevância e oportunidade, manifestamos voto pela APROVAÇÃO, no mérito, do Projeto de Lei nº 247 de 2023, na forma da Emenda n° 1 (Substitutivo), nesta Comissão de Educação, Saúde e Cultura.",parecer_autor
76823,11898,72549,GAB DEP JOÃO CARDOSO,Aprovado(a),sem_clausula,,parecer_autor
76824,11908,69900,GAB DEP ROOSEVELT VILELA,Aprovado(a),merito_favoravel,"Diante do exposto, por entender que a proposição é importante e atende ao interesse público voto pela aprovação Projeto de Lei n° 250 de 2023, no âmbito desta Comissão de Segurança.",parecer_autor
76825,11936,78589,GAB DEP DAYSE AMARILIO,Aprovado(a),merito_favoravel,"nça e de outros agravos e ao acesso universal e igualitário às ações e serviços para sua promoção, proteção e recuperação.” Assim, considerando que a proposição cumpre os requisitos de mérito, relevância e oportunidade, manifestamos voto, nesta Comissão de Educação, Saúde e Cultura, pela APROVAÇÃO do Projeto de Lei nº 298 de 2023.",parecer_autor
76826,11952,100979,GAB DEP FÁBIO FÉLIX,Aprovado(a),merito_favoravel,"Diante do exposto, vota-se, no âmbito desta CTMU, pela aprovação, no que tange ao mérito, do PL no 258/2023, na forma da Emenda Substitutiva (Substitutivo) nº 01 – CTMU, nos termos da alínea “a” do inciso I do art. 69-D do RICLDF.",parecer_autor
76827,11957,82862,GAB DEP MAX MACIEL,Aprovado(a),sem_clausula,,parecer_autor
76828,11974,84929,GAB DEP RICARDO VALE,Aprovado(a),merito_favoravel,"Por isso, no mérito, voto pela APROVAÇÃO do Projeto de Lei nº 420/2023.",parecer_autor
76829,11983,76231,GAB DEP PR DANIEL DE CASTRO,Aprovado(a),merito_favoravel,"Sob os critérios desta Comissão de Assuntos Sociais, somos, pela APROVAÇÃO do Projeto de Lei nº 334/2023, de autoria do nobre deputado THIAGO MANZONI.",parecer_autor
76830,11998,71412,GAB DEP MARTINS MACHADO,Aprovado(a),merito_favoravel,"Por essas razões, manifestamo-nos pela aprovação do Projeto de Lei n.º 294/2023, no âmbito desta Comissão.",parecer_autor
76831,11998,85094,GAB DEP ROBÉRIO NEGREIROS,Aprovado(a),admissivel,"Diante do exposto, manifestamos voto pela ADMISSIBILIDADE do Projeto de Lei nº 294/2023, no âmbito da Comissão de Constituição e Justiça, nos termos do Substitutivo anexo.",parecer_autor
76832,12004,78432,GAB DEP DAYSE AMARILIO,Aprovado(a),merito_favoravel,"Portanto, entendemos que a proposição se reveste de mérito, e, por isso, manifestamos voto pela APROVAÇÃO do Projeto de Lei nº 264/2023, no âmbito da Comissão de Educação, Saúde e Cultura.",parecer_autor
76833,12014,91668,GAB DEP THIAGO MANZONI,Aprovado(a),merito_favoravel,"Diante do exposto, somos pela APROVAÇÃO, no mérito, do Projeto de Lei nº 263/2023, no âmbito da Comissão de Educação, Saúde e Cultura, com o acolhimento da emenda modificativa anexa.",parecer_autor
76834,12017,89097,GAB DEP DAYSE AMARILIO,Aprovado(a),merito_favoravel,"Assim, manifestamos voto pela APROVAÇÃO, nesta Comissão de Assuntos Sociais, do Projeto de Lei nº 262 de 2023, na forma das Emendas Modificativas n° 1 e 2.",parecer_autor
76835,12017,78277,GAB DEP GABRIEL MAGNO,Aprovado(a),merito_favoravel,"Feitas essas considerações, manifestamo-nos pela aprovação, no mérito, do Projeto de Lei nº 262, de 2023, com as Emendas nº 1 e nº 2, no âmbito desta Comissão de Educação, Saúde e Cultura.",parecer_autor
76836,12111,98190,GAB DEP ROBÉRIO NEGREIROS,Não apreciado(a),admissivel,"Diante do exposto, manifestamos voto pela ADMISSIBILIDADE do Projeto de Lei nº 311/2023, no âmbito da Comissão de Constituição e Justiça.",parecer_autor
76837,12111,80149,GAB DEP DAYSE AMARILIO,Aprovado(a),merito_favoravel,"Portanto, entendemos que o projeto de lei se reveste de mérito, e, por isso, manifestamos voto pela APROVAÇÃO do Projeto de Lei nº 311/2023, no âmbito da Comissão de Educação, Saúde e Cultura.",parecer_autor
76838,12124,68487,CEOF,Aprovado(a),merito_favoravel,"posto, tendo em vista que a proposição observa as exigências formais e materiais do ordenamento jurídico e favorece o desenvolvimento da atuação governamental, no âmbito desta COMISSÃO DE ECONOMIA, ORÇAMENTO E FINANÇAS, manifestamos voto pela APROVAÇÃO e ADMISSIBILIDADE do Projeto de Lei nº 273, de 2023, de autoria do Poder Executivo com o acatamento das 3 emendas aditivas apresentadas a esta CEOF.",parecer_autor
76839,12127,74674,GAB DEP ROOSEVELT VILELA,Aprovado(a),merito_favoravel,"Diante do exposto, votamos, no âmbito desta Comissão de Segurança, pela APROVAÇÃO, no mérito, do Projeto de Lei nº 295, de 2023.",parecer_autor
76840,12129,83666,GAB DEP IOLANDO,Aprovado(a),merito_favoravel,"No âmbito da Comissão de Constituição e Justiça entendemos que o Projeto atende aos preceitos de constitucionalidade, juridicidade e técnica legislativa e, portanto, somos favoráveis à aprovação da matéria .",parecer_autor
76841,12129,73058,GAB DEP MAX MACIEL,Não apreciado(a),sem_clausula,,parecer_autor
76842,12142,73189,GAB DEP PR DANIEL DE CASTRO,Aprovado(a),merito_favoravel,"Frente ao exposto, reconhecemos a nobre intenção do autor, e somos pela APROVAÇÃO do PL 274/2023 no âmbito desta Comissão de Segurança.",parecer_autor
76843,12148,101692,GAB DEP DAYSE AMARILIO,Não apreciado(a),merito_favoravel,"Feitas essas considerações, manifestamo-nos, no mérito, pela APROVAÇÃO do Projeto de Lei nº 319 de 2023, no âmbito desta Comissão de Fiscalização, Governança, Transparência e Controle.",parecer_autor
76844,12148,77738,GAB DEP DOUTORA JANE,Aprovado(a),sem_clausula,,parecer_autor
76845,12149,97509,GAB DEP CHICO VIGILANTE,Não apreciado(a),merito_contrario,"Ante o exposto, no âmbito da Comissão de Defesa do Consumidor, somos pela rejeição, no mérito, do Projeto de Lei nº 277, de 2023.",parecer_autor
76846,12158,73155,GAB DEP JOÃO CARDOSO,Aprovado(a),sem_clausula,,parecer_autor
76847,12158,83023,GAB DEP MARTINS MACHADO,Aprovado(a),merito_favoravel,"Ante a inegável relevância da matéria, o voto é pela aprovação do PL n.º 281, de 2023.",parecer_autor
76848,12158,107138,GAB DEP ROBÉRIO NEGREIROS,Não apreciado(a),admissivel,"Feitas essas considerações, somos pela ADMISSIBILIDADE do Projeto de Lei nº 281, de 2023, com uma emenda modificativa, uma emenda de redação, uma emenda substitutiva, uma emenda aditiva e uma emenda supressiva em anexo, no âmbito desta Comissão de Constituição e Justiça.",parecer_autor
76849,12193,79841,GAB DEP DAYSE AMARILIO,Não apreciado(a),merito_favoravel,"de modo que a compatibilização do presente projeto de lei com a legislação de regência precisa ser avaliada, com a competência que lhe é peculiar, pela Comissão de Constituição de Justiça1. Diante dessas considerações, manifestamos voto pela APROVAÇÃO, no mérito, do Projeto de Lei nº 308 de 2023, nesta Comissão de Assuntos Sociais.",parecer_autor
76850,12204,90047,GAB DEP ROBÉRIO NEGREIROS,Aprovado(a),admissivel,"Em razão do exposto, manifesta-se voto pela ADMISSIBILIDADE do Projeto de Decreto Legislativo nº 16/2023 no âmbito desta CCJ.",parecer_autor
76851,12204,81478,GAB DEP MAX MACIEL,Aprovado(a),sem_clausula,,parecer_autor
76852,12206,79826,GAB DEP MARTINS MACHADO,Aprovado(a),merito_favoravel,"Feitas essas considerações, concluímos pelo mérito da temática e votamos pela APROVAÇÃO do PROJETO DE LEI Nº 293/2023, no âmbito desta Comissão.",parecer_autor
76853,12206,101143,GAB DEP PR DANIEL DE CASTRO,Não apreciado(a),merito_favoravel,"Com efeito, ante tudo quanto exposto, no âmbito desta Comissão, somos favoráveis à APROVAÇÃO do Projeto de Lei nº 293/2023, na forma do substitutivo.",parecer_autor
76854,12208,82717,GAB DEP THIAGO MANZONI,Aprovado(a),merito_favoravel,"Ante o exposto, restringindo-se a análise ao mérito da proposição, manifestamos voto pela APROVAÇÃO do Projeto de Lei nº 284/2023 no âmbito da CESC.",parecer_autor
76855,12235,74801,GAB DEP HERMETO,Aprovado(a),merito_favoravel,"Diante do exposto, manifestamos voto pela APROVAÇÃO do Projeto de Lei nº 285/2023, no âmbito da Comissão de Segurança.",parecer_autor
76856,12244,80295,GAB DEP JOAQUIM RORIZ NETO,Aprovado(a),merito_favoravel,"Ante o exposto, no âmbito da Comissão de Desenvolvimento Econômico, Sustentável, Ciência, Tecnologia, Meio Ambiente e Turismo, somos pela APROVAÇÃO do Projeto de lei nº 288/2023.",parecer_autor
76857,12246,72123,GAB DEP PEPA,Aprovado(a),merito_favoravel,"Logo, somos pela APROVAÇÃO do Projeto de Lei nº 289, de 2023, nesta Comissão de Assuntos Fundiários.",parecer_autor
76858,12248,72346,GAB DEP PR DANIEL DE CASTRO,Aprovado(a),merito_favoravel,"Frente ao exposto, reconhecemos a nobre intenção da autora, e somos pela APROVAÇÃO do PL 291/2023 no âmbito desta Comissão de Segurança.",parecer_autor
76859,12251,73190,GAB DEP PR DANIEL DE CASTRO,Não apreciado(a),merito_favoravel,"Frente ao exposto, reconhecemos a nobre intenção da autora, e somos pela APROVAÇÃO do PL 292/2023 no âmbito desta Comissão de Segurança.",parecer_autor
76860,12257,78884,GAB DEP DAYSE AMARILIO,Não apreciado(a),merito_favoravel,"Diante das considerações apresentadas, manifestamos voto pela APROVAÇÃO, no mérito, do Projeto de Lei nº 290 de 2023, nesta Comissão de Assuntos Sociais.",parecer_autor
76861,12262,99086,GAB DEP IOLANDO,Aprovado(a),admissivel_com_ressalva,"Diante do exposto, manifestamos voto pela ADMISSIBILIDADE do Projeto de Lei nº 330/2023, no âmbito da Comissão de Constituição e Justiça, na forma do Substitutivo.",parecer_autor
76862,12262,80895,GAB DEP DAYSE AMARILIO,Aprovado(a),merito_favoravel,"Portanto, manifestamos voto pela APROVAÇÃO do Projeto de Lei nº 330/2023, no âmbito da Comissão de Educação, Saúde e Cultura.",parecer_autor
76863,12266,84239,GAB DEP IOLANDO,Aprovado(a),merito_favoravel,"Diante do exposto, manifestamos voto pela APROVAÇÃO do Projeto de Lei nº 299/2023, no âmbito da Comissão de Segurança, na forma do Substitutivo anexo.",parecer_autor
76864,12280,100994,GAB DEP IOLANDO,Aprovado(a),admissivel_com_ressalva,"iante do exposto, com fundamento nos arts. 24, inciso VII, 30, inciso I, 32, §1º, 180, e 217, todos da Constituição Federal, bem como nos arts. 71, 182, 183 e 254, todos da Lei Orgânica do Distrito Federal, nosso voto é pela ADMISSIBILIDADE do Projeto de Lei n.º 296/2023, na forma do substitutivo apresentado e aprovado na CDESCTMAT, com a subemenda em anexo.",parecer_autor
76865,12280,79790,GAB DEP ROGÉRIO MORRO DA CRUZ,Aprovado(a),merito_favoravel,"Com efeito, ante tudo quanto exposto, no âmbito desta Comissão, somos favoráveis à APROVAÇÃO integral do Projeto de Lei nº 296/2023, na forma do substitutivo.",parecer_autor
76866,12286,101192,GAB DEP THIAGO MANZONI,Aprovado(a),admissivel,"constitucionais e legais, preenchendo, assim, os requisitos da juridicidade, legalidade, regimentalidade, técnica legislativa e redação, razão pela qual, com fundamento no art. 63, inciso I, do RICLDF, manifesta-se voto pela ADMISSIBILIDADE do PL nº 303/2023, no âmbito desta CCJ.",parecer_autor
76867,12302,75363,GAB DEP MARTINS MACHADO,Aprovado(a),merito_favoravel,"Pelo exposto, somos pela APROVAÇÃO do Projeto de Decreto Legislativo nº 18 de 2023. É o voto.",parecer_autor
76868,12302,84065,GAB DEP THIAGO MANZONI,Aprovado(a),admissivel,"Em razão do exposto, e nada havendo qualquer reparo a apontar quanto aos aspectos de juridicidade, legalidade, regimentalidade, manifestamos nosso voto pela ADMISSIBILIDADE do Projeto de Decreto Legislativo nº 18/2023 no âmbito desta Comissão de Constituição e Justiça.",parecer_autor
76869,12303,82268,GAB DEP ROBÉRIO NEGREIROS,Não apreciado(a),inadmissivel,"mento no inciso I e no §1º do art. 24, no inciso I do art. 22, e nos §§ 9º a 20 do art. 166 da Constituição Federal, bem como no art. 130, II, do Regimento Interno da Câmara Legislativa do Distrito Federal, nosso voto é pela INADMISSIBILIDADE da Proposta de Emenda à Lei Orgânica nº 10/2023.",parecer_autor
76870,12333,75456,GAB DEP PAULA BELMONTE,Aprovado(a),merito_favoravel,"Diante do exposto, manifestamos voto pela APROVAÇÃO do Projeto de Lei nº 302/2023, quanto ao mérito, no âmbito desta Comissão de Desenvolvimento Econômico Sustentável, Ciência, Tecnologia, Meio Ambiente e Turismo.",parecer_autor
76871,12339,96491,GAB DEP PR DANIEL DE CASTRO,Não apreciado(a),merito_favoravel,"Assim, fica claro que o PL 331/2023 tem inquestionável mérito, mostrando-se de grande relevância, oportunidade e interesse público, portanto somos favoráveis à aprovação do PL 331/2023.",parecer_autor
76872,12339,85998,GAB DEP GABRIEL MAGNO,Aprovado(a),merito_favoravel,"tinada às crianças podendo contribuir diretamente para ações de combate a redução da mortalidade neonatal, hipótese fática que plenamente se subsume as alterações normativas promovidas pelo PL nº 332/2023. Pelo exposto, votamos, no âmbito da CESC, pela APROVAÇÃO, no mérito, do Projeto de Lei nº 332/2023, de autoria da nobre Deputada Jaqueline Silva.",parecer_autor
76873,12350,75449,GAB DEP PAULA BELMONTE,Aprovado(a),merito_favoravel,"Diante do exposto, manifestamos voto pela APROVAÇÃO do Projeto de Lei nº 300/2023, quanto ao mérito, no âmbito desta Comissão de Desenvolvimento Econômico Sustentável, Ciência, Tecnologia, Meio Ambiente e Turismo.",parecer_autor
76874,12360,83018,GAB DEP MARTINS MACHADO,Aprovado(a),merito_favoravel,"Ante a inegável relevância da matéria, visando garantir a proteção e o bem estar animal, somos pela aprovação do PL nº 307, de 2023.",parecer_autor
76875,12371,77751,GAB DEP RICARDO VALE,Não apreciado(a),merito_favoravel,"Pelas razões expostas, considero a matéria oportuna e conveniente e voto, no mérito pela APROVAÇÃO do Projeto de Lei nº 306/2023, com a emenda anexa.",parecer_autor
76876,12384,76916,GAB DEP HERMETO,Aprovado(a),merito_favoravel,"Diante do exposto, manifestamos voto pela APROVAÇÃO do Projeto de Lei nº 316/2023, no âmbito da Comissão de Segurança.",parecer_autor
76877,12388,75384,GAB DEP MARTINS MACHADO,Aprovado(a),merito_favoravel,"Pelo exposto, somos pela APROVAÇÃO do Projeto de Decreto Legislativo nº 19 de 2023. É o voto.",parecer_autor
76878,12388,97786,GAB DEP THIAGO MANZONI,Aprovado(a),admissivel,"nstantes do art. 3º, o PDL nº 19/2023 está em conformidade com o limite quantitativo, de oito proposituras por sessão legislativa, veiculado pelo § 1º do art. 2º da Resolução nº 334/2023. Pelo exposto, manifestamos voto pela ADMISSIBILIDADE do Projeto de Decreto Legislativo nº 19/2023 no âmbito desta Comissão de Constituição e Justiça.",parecer_autor
76879,12390,78134,GAB DEP GABRIEL MAGNO,Aprovado(a),merito_favoravel,"Diante do exposto, no âmbito da Comissão de Educação, Saúde e Cultura, manifestamos voto pela aprovação, no mérito, do Projeto de Lei nº 313/2023.",parecer_autor
76880,12391,77235,GAB DEP RICARDO VALE,Aprovado(a),merito_favoravel,"Sendo assim, no mérito, voto pela APROVAÇÃO do Projeto de Resolução nº 317/2023.",parecer_autor
76881,12393,83753,GAB DEP RICARDO VALE,Aprovado(a),merito_favoravel,"Por isso, no mérito, voto pela APROVAÇÃO do Projeto de Lei nº 376/2023.",parecer_autor
76882,12395,85999,GAB DEP GABRIEL MAGNO,Aprovado(a),admissivel,"bsumiria a competência privativa do Governador em iniciar o processo legislativo, conforme art. 71, §1º, II, da Lei Orgânica do Distrito Federal, já se manifestou o Tribunal de Justiça do Distrito Federal e Territórios, pela constitucionalidade de Lei de iniciativa parlamentar que somente altera nomenclatura de carreira, verbis: CONSTITUCIONAL.",parecer_autor
76883,12401,86415,GAB DEP GABRIEL MAGNO,Aprovado(a),merito_favoravel,"Ante o exposto, somos, no âmbito da Comissão de Educação, Saúde e Cultura, pela aprovação, no mérito, do Projeto de Lei nº 337, de 2023.",parecer_autor
76884,12444,74448,CEOF,Aprovado(a),merito_favoravel,"posto, tendo em vista que a proposição observa as exigências formais e materiais do ordenamento jurídico e favorece o desenvolvimento da atuação governamental, no âmbito desta COMISSÃO DE ECONOMIA, ORÇAMENTO E FINANÇAS, manifestamos voto pela APROVAÇÃO e ADMISSIBILIDADE do Projeto de Lei nº 323/2023, de autoria do Poder Executivo, com o acatamento das emendas na forma constante do Quadro I acima, e das duas subemendas deste relator, para fazer correções da codificação orçamentária das emendas 138 e 147, con",parecer_autor
76885,12449,81077,GAB DEP DAYSE AMARILIO,Aprovado(a),merito_favoravel,"Feitas essas considerações, manifestamo-nos, no mérito, pela APROVAÇÃO do Projeto de Lei nº 344 de 2023, no âmbito desta Comissão de Fiscalização, Governança, Transparência e Controle.",parecer_autor
76886,12457,76938,GAB DEP PR DANIEL DE CASTRO,Aprovado(a),merito_favoravel,"Assim, fica claro que o PL 331/2023 tem inquestionável mérito, mostrando-se de grande relevância, oportunidade e interesse público, portanto somos favoráveis à aprovação do PL 331/2023.",parecer_autor
76887,12461,103967,GAB DEP HERMETO,Aprovado(a),sem_clausula,,parecer_autor
76888,12461,89982,GAB DEP MAX MACIEL,Aprovado(a),sem_clausula,,parecer_autor
76889,12471,78886,GAB DEP GABRIEL MAGNO,Aprovado(a),merito_favoravel,"Feitas essas considerações, no âmbito da CESC, manifestamo-nos pela aprovação, no mérito, do Projeto de Lei nº 333, de 2023, com as duas emendas anexas.",parecer_autor
76890,12494,82731,GAB DEP THIAGO MANZONI,Aprovado(a),merito_favoravel,"Ante o exposto, somos pela APROVAÇÃO, no mérito, do Projeto de Lei nº 338/2023, no âmbito da Comissão de Educação, Saúde e Cultura.",parecer_autor
76891,12519,76925,GAB DEP PR DANIEL DE CASTRO,Aprovado(a),merito_favoravel,"Assim, nosso voto é pela APROVAÇÃO do Projeto de Lei Complementar 2023, no âmbito desta Comissão de Assuntos Sociais.",parecer_autor
76892,12529,82805,GAB DEP JOÃO CARDOSO,Aprovado(a),sem_clausula,,parecer_autor
76893,12534,104907,GAB DEP MARTINS MACHADO,Aprovado(a),sem_clausula,,parecer_autor
76894,12547,84930,GAB DEP RICARDO VALE,Aprovado(a),merito_favoravel,"Pelas razões expostas, considero a matéria oportuna e conveniente e voto, no mérito, pela APROVAÇÃO do Projeto de Lei nº 410/2023.",parecer_autor
76895,12547,101268,GAB DEP MAX MACIEL,Não apreciado(a),sem_clausula,,parecer_autor
76896,12561,92956,GAB DEP JORGE VIANNA,Aprovado(a),sem_clausula,,parecer_autor
76897,12608,79059,GAB DEP PR DANIEL DE CASTRO,Não apreciado(a),merito_contrario,"Diante da extensa argumentação que traçamos e apesar dos esparsos dispositivos meritórios, que não são – ressaltamos – estritamente necessários à ordem jurídica, manifestamos voto pela REJEIÇÃO do Projeto de Lei nº 347/2023 no âmbito da CS.",parecer_autor
76898,12613,75655,GAB DEP PR DANIEL DE CASTRO,Não apreciado(a),merito_contrario,"mento do ICMS sobre armas não é uma abordagem efetiva para lidar com a segurança pública e uma vez que não atende aos requisitos necessários para a sua implementação efetiva e para o benefício da sociedade como um todo, manifestamos voto pela REJEIÇÃO do Projeto de Lei nº 346/2023 no âmbito da CS.",parecer_autor
76899,12617,86407,GAB DEP GABRIEL MAGNO,Não apreciado(a),merito_favoravel,"Ante o exposto, somos, no âmbito da Comissão de Educação, Saúde e Cultura, pela aprovação, no mérito, do Projeto de Lei nº 352, de 2023, nos termos das Emendas nº 1 e 2 propostas pelo relator.",parecer_autor
76900,12624,89980,GAB DEP MAX MACIEL,Aprovado(a),sem_clausula,,parecer_autor
76901,12639,93233,GAB DEP THIAGO MANZONI,Aprovado(a),merito_favoravel,"Diante do exposto, somos pela APROVAÇÃO, no mérito, do Projeto de Lei nº 359/2023, no âmbito da Comissão de Educação, Saúde e Cultura.",parecer_autor
76902,12646,79234,GAB DEP PAULA BELMONTE,Aprovado(a),merito_favoravel,"Diante do exposto, manifestamos voto pela APROVAÇÃO do Projeto de Lei nº 348/2023, quanto ao mérito, no âmbito desta Comissão de Fiscalização, Governança, Transparência e Controle.",parecer_autor
76903,12656,103983,GAB DEP ROBÉRIO NEGREIROS,Não apreciado(a),inadmissivel,"Por todo o exposto, nosso voto é pela INADMISSIBILIDADE do Projeto de Lei n.º 350, de 2023, haja vista a ocorrência de inconstitucionalidade formal, nos termos do art. 149 da Lei Orgânica do Distrito Federal.",parecer_autor
76904,12656,82092,GAB DEP DAYSE AMARILIO,Aprovado(a),merito_favoravel,"Dessa forma, esta relatoria entende como meritória e louvável a iniciativa da nobre parlamentar, e, por isso, manifestamos voto pela APROVAÇÃO, no mérito, do Projeto de Lei nº 350 de 2023, nesta Comissão de Assuntos Sociais.",parecer_autor
76905,12679,93234,GAB DEP THIAGO MANZONI,Aprovado(a),merito_favoravel,"Dessa forma, reconhecemos mérito na ideia de homenagear esses profissionais, cujo ofício, profundamente enraizado na cultura nacional, merece ser reconhecido, razão pela qual manifestamos voto pela APROVAÇÃO do Projeto de Lei nº 351/2023 no âmbito da CESC.",parecer_autor
76906,12728,104578,GAB DEP DAYSE AMARILIO,Não apreciado(a),merito_favoravel,"Ante o exposto, no âmbito desta Comissão de Educação, Saúde e Cultura, manifestamo-nos, no mérito, pela aprovação do Projeto de Lei nº 354/2023.",parecer_autor
76907,12769,87004,GAB DEP ROBÉRIO NEGREIROS,Aprovado(a),admissivel,"Em razão do exposto, manifesta-se voto pela ADMISSIBILIDADE do Projeto de Decreto Legislativo nº 21/2023 no âmbito desta CCJ.",parecer_autor
76908,12769,78041,GAB DEP PR DANIEL DE CASTRO,Aprovado(a),merito_favoravel,"Sob os critérios desta Comissão de Assuntos Sociais, somos, pela APROVAÇÃO do Projeto de Decreto Legislativo nº 21/2023, de autoria da nobre deputada Paula Belmonte, por tratar-se de justa e honrosa homenagem a um ilustre cidadão, com relevantes serviços à população desta Capital.",parecer_autor
76909,12792,106085,GAB DEP JOÃO CARDOSO,Não apreciado(a),sem_clausula,,parecer_autor
76910,12822,86176,GAB DEP PEPA,Aprovado(a),merito_favoravel,"Assim, considerando que o transporte metroviário do DF deve oferecer maior comodidade aos seus usuários, manifestamos voto pela aprovação, no mérito, do Projeto de Lei nº 357, de 2023.",parecer_autor
76911,12846,106805,GAB DEP MARTINS MACHADO,Não apreciado(a),sem_clausula,,parecer_autor
76912,12896,82966,GAB DEP MARTINS MACHADO,Aprovado(a),merito_favoravel,"Feitas essas considerações, concluímos pelo mérito da temática e votamos pela APROVAÇÃO do PROJETO DE LEI Nº 360/2023, no âmbito desta Comissão.",parecer_autor
76913,12985,90428,GAB DEP GABRIEL MAGNO,Aprovado(a),merito_favoravel,"Diante do exposto, no âmbito desta CTMU, manifestamos voto pela aprovação, no mérito, do PL no 402/2023.",parecer_autor
76914,13012,83397,GAB DEP RICARDO VALE,Não apreciado(a),merito_favoravel,"Por isso, no mérito, voto pela APROVAÇÃO do Projeto de Lei nº 396/2023.",parecer_autor
76915,13012,105862,GAB DEP DAYSE AMARILIO,Aprovado(a),merito_favoravel,"Diante dessas considerações, manifestamos voto pela APROVAÇÃO, no mérito, do Projeto de Lei nº 369 de 2023, nesta Comissão de Assuntos Sociais.",parecer_autor
76916,13021,82797,GAB DEP PR DANIEL DE CASTRO,Aprovado(a),sem_clausula,,parecer_autor
76917,13021,106188,GAB DEP ROGÉRIO MORRO DA CRUZ,Aprovado(a),merito_favoravel,"Ante tudo quanto exposto, no âmbito desta Comissão, somos favoráveis à APROVAÇÃO integral do Projeto de Lei nº 364/2023, que Dispõe sobre a obrigatoriedade de afixação de QR CODE em estabelecimentos públicos e privados no âmbito do Distrito Federal, que direcione os cidadãos para página de recebimento de denúncias que especifi",parecer_autor
76918,13024,107121,GAB DEP ROBÉRIO NEGREIROS,Não apreciado(a),inadmissivel,"Diante do exposto, com fundamento nos arts. 71, § 1º, inciso IV, 100, inciso X, 149, inciso III, e art. 151, § 4º, todos da Lei Orgânica do Distrito Federal, nosso voto é pela INADMISSIBILIDADE do Projeto de Lei n.º 362, de 2023.",parecer_autor
76919,13024,101206,GAB DEP DAYSE AMARILIO,Aprovado(a),merito_favoravel,"Diante do exposto, quanto ao mérito, manifestamo-nos pela aprovação do Projeto de Lei nº 362/2023, no âmbito desta Comissão de Assuntos Sociais.",parecer_autor
76920,13024,80091,GAB DEP PEPA,Aprovado(a),merito_favoravel,"om as disposições da Lei Orgânica do Distrito Federal (LODF), em especial nos seguintes artigos: 58, 335, 337 e 338. Por todo o exposto, na esfera da Comissão de Transporte e Mobilidade Urbana, exclusivamente no mérito, votamos pela APROVAÇÃO do Projeto de Lei n.º 362 de 2023.",parecer_autor
76921,13114,82836,GAB DEP JOÃO CARDOSO,Aprovado(a),sem_clausula,,parecer_autor
76922,13149,82837,GAB DEP JOÃO CARDOSO,Aprovado(a),sem_clausula,,parecer_autor
76923,13156,86682,GAB DEP DAYSE AMARILIO,Não apreciado(a),merito_favoravel,"Portanto, entendemos que a proposição se reveste de mérito, e, por isso, manifestamos voto pela APROVAÇÃO do Projeto de Lei nº 377 de 2023, no âmbito da Comissão de Educação, Saúde e Cultura.",parecer_autor
76924,13162,84986,GAB DEP DAYSE AMARILIO,Não apreciado(a),merito_favoravel,"sco de doença e de outros agravos e ao acesso universal e igualitário às ações e serviços para sua promoção, proteção e recuperação.” Assim, considerando que a proposição se reveste de mérito, relevância e oportunidade, manifestamos voto pela APROVAÇÃO, no mérito, do Projeto de Lei nº 375 de 2023, nesta Comissão de Educação, Saúde e Cultura.",parecer_autor
76925,13189,76820,CEOF,Aprovado(a),admissivel,"Diante do exposto, vota-se pela admissibilidade do Projeto de Lei nº 371/2023 e pela continuidade de sua tramitação, com o encaminhamento ao Poder Executivo da solicitação de informações complementares constantes do item 5 deste Parecer Preliminar.",parecer_autor
76926,13279,82474,CEOF,Aprovado(a),admissivel,"Por todo o exposto, vota-se, no âmbito da CEOF, pela admissibilidade e aprovação do PL nº 383/2023, nos termos do art. 64, II, “c”, do RICLDF.",parecer_autor
76927,13279,93205,GAB DEP THIAGO MANZONI,Aprovado(a),admissivel,"Por todo o exposto, vota-se, no âmbito da CCJ, pela admissibilidade do PL nº 383/2023, nos termos do art. 63, I, do RICLDF.",parecer_autor
76928,13283,82475,CEOF,Aprovado(a),admissivel,"Por todo o exposto, no âmbito da CEOF e nos termos do art. 64, II, e § 1º, I, do RICLDF, vota-se pela admissibilidade do PL nº 384/2023.",parecer_autor
76929,13330,89092,GAB DEP DAYSE AMARILIO,Aprovado(a),merito_favoravel,"Diante do exposto, no âmbito desta Comissão de Assuntos Sociais, o nosso voto é pela APROVAÇÃO do Projeto de Decreto Legislativo n° 22 de 2023.",parecer_autor
76930,13355,78104,CEOF,Aprovado(a),admissivel,"Ante o exposto, somos pela admissibilidade da homologação do Convênio ICMS nº 21, de 14 de abril de 2023, no âmbito de competência desta Comissão de Economia, Orçamento e Finanças, nos termos do Projeto de Decreto Legislativo em anexo.",parecer_autor
76931,13358,79939,GAB DEP ROOSEVELT VILELA,Não apreciado(a),merito_favoravel,"Do exposto, manifestamos voto pela APROVAÇÃO do Projeto de Resolução nº 10/2023 na forma do substitutivo anexo.",parecer_autor
76932,13378,89629,GAB DEP JAQUELINE SILVA,Aprovado(a),merito_favoravel,"A diferença essencial radica na manutenção da Semana da Mulher no Distrito Federal, sem alterações ao teor da Lei nº 3.299/2004. Pelo exposto, somos pela APROVAÇÃO, no mérito, do Projeto de Lei nº 393/2023, no âmbito da Comissão de Defesa dos Direitos Humanos, Cidadania, Ética e Decoro Parlamentar, na forma do Substitutivo anexo.",parecer_autor
76933,13388,98877,GAB DEP ROBÉRIO NEGREIROS,Não apreciado(a),admissivel,"Em vista do exposto, com fundamento nos arts. 24, VII e IX, 30, I e 32, § 1º, 37, §3º e 193 da CF/88, bem como nos arts. 17, VII e IX, 19 e 71, I da Lei Orgânica do Distrito Federal, nosso voto é pela ADMISSIBILIDADE do Projeto de Lei nº 397/2023.",parecer_autor
76934,13388,83717,GAB DEP RICARDO VALE,Aprovado(a),merito_favoravel,"Por isso, no mérito, voto pela APROVAÇÃO do Projeto de Lei nº 397/2023.",parecer_autor
76935,13394,97518,GAB DEP CHICO VIGILANTE,Aprovado(a),admissivel_com_ressalva,"Diante do exposto, com fundamento nos arts. 30, I, 32, § 1° e 180 da Constituição Federal, bem como nos 182 e 183, VIII, da Lei Orgânica do Distrito Federal, nosso voto é pela ADMISSIBILIDADE do Projeto de Lei n.º 405/2023, na forma do substitutivo anexo.",parecer_autor
76936,13394,78805,GAB DEP DOUTORA JANE,Aprovado(a),merito_favoravel,"Por todos os motivos expostos, votamos - NO MÉRITO - pela aprovação do Projeto de Lei nº 405, de 2023. É o Parecer.",parecer_autor
76937,13401,98828,GAB DEP FÁBIO FÉLIX,Não apreciado(a),admissivel_com_ressalva,"É nítido assim que a proposição atende aos constitucionalidade, juridicidade, legalidade, regimentalidade, técnica legislativa e redação, motivo pelo que somos pela ADMISSIBILIDADE da proposição, na forma da emenda apresentada nesta Comissão.",parecer_autor
76938,13401,83448,GAB DEP RICARDO VALE,Aprovado(a),merito_favoravel,"Pelas razões expostas, considero a matéria oportuna e conveniente e voto, no mérito pela APROVAÇÃO do Projeto de Lei nº 401/2023.",parecer_autor
76939,13404,101029,GAB DEP MAX MACIEL,Aprovado(a),sem_clausula,,parecer_autor
76940,13419,104464,GAB DEP MARTINS MACHADO,Aprovado(a),merito_favoravel,"Diante do exposto, manifestamos voto pela APROVAÇÃO do Projeto de Lei nº 404/2023, quanto ao mérito, no âmbito desta Comissão de Assuntos Sociais.",parecer_autor
76941,13419,79249,GAB DEP PAULA BELMONTE,Aprovado(a),merito_favoravel,"Diante do exposto, manifestamos voto pela APROVAÇÃO do Projeto de Lei nº 404/2023, quanto ao mérito, no âmbito desta Comissão de Desenvolvimento Econômico Sustentável, Ciência, Tecnologia, Meio Ambiente e Turismo.",parecer_autor
76942,13424,82987,GAB DEP ROGÉRIO MORRO DA CRUZ,Não apreciado(a),sem_clausula,,parecer_autor
76943,13427,95513,GAB DEP JOÃO CARDOSO,Não apreciado(a),sem_clausula,,parecer_autor
76944,13486,80219,GAB DEP DAYSE AMARILIO,Não apreciado(a),merito_favoravel,"Diante dessas considerações, manifestamos voto pela APROVAÇÃO, no mérito, do Projeto de Lei nº 416 de 2023, nesta Comissão de Assuntos Sociais.",parecer_autor
76945,13500,84413,GAB DEP HERMETO,Aprovado(a),merito_favoravel,"Distrito Federal - PDOT e dá outras providências, no qual não consta o tema da proposta apresentada a essa Casa Legislativa.” Por todo o exposto, conclui-se pela APROVAÇÃO, no mérito, do Projeto de Lei nº 408, de 2023, acatando as emendas aditivas nº 01 e 04, e as emendas modificativas nº 02 e 03, no âmbito desta Comissão de Assuntos Fundiários.",parecer_autor
76946,13500,86167,GAB DEP JOAQUIM RORIZ NETO,Aprovado(a),admissivel,"rrendo em aumento de despesas públicas, bem como atende ao interesse público, em especial dos moradores das Regiões Administrativas do Lago Sul e Lago Norte, voto, no âmbito da Comissão de Economia Orçamento e Finanças, pela admissibilidade do Projeto de Lei nº 408, de 2023, de autoria do Poder Executivo, com as 04 emendas apresentadas na Comissão de Assuntos Fundiários.",parecer_autor
76947,13500,89319,GAB DEP THIAGO MANZONI,Aprovado(a),admissivel,"Por todo o exposto, no âmbito desta Comissão de Constituição e Justiça, manifestamos voto pela ADMISSIBILIDADE do Projeto de Lei nº 408, de 2023, das Emendas Aditivas 1 e 4 e das Emendas Modificativas 2 e 3, todas apresentadas na CAF, com a apresentação das subemendas de redação em anexo.",parecer_autor
76948,13504,86738,GAB DEP DAYSE AMARILIO,Aprovado(a),merito_favoravel,"Pelo exposto, entendemos que a proposição é meritória e, por isso, manifestamos voto pela APROVAÇÃO do Projeto de Lei nº 413 de 2023, no âmbito da Comissão de Educação, Saúde e Cultura.",parecer_autor
76949,13533,82450,GAB DEP JOÃO CARDOSO,Não apreciado(a),sem_clausula,,parecer_autor
76950,13538,81913,GAB DEP MARTINS MACHADO,Aprovado(a),merito_favoravel,"Pelo exposto, somos pela APROVAÇÃO do Projeto de Decreto Legislativo nº 26, de 2023, no âmbito desta Comissão de Assuntos Sociais.",parecer_autor
76951,13552,82359,GAB DEP PR DANIEL DE CASTRO,Aprovado(a),merito_favoravel,"Atendendo aos critérios desta Comissão de Assuntos Sociais - CAS, somos, pela APROVAÇÃO do Projeto de Decreto Legislativo nº 24/2023, de autoria do nobre deputado Eduardo Pedrosa, tratando de justa e honrosa homenagem a um ilustre cidadão, com relevantes serviços prestado a comunidade da Capital.",parecer_autor
76952,13557,80243,GAB DEP EDUARDO PEDROSA,Aprovado(a),admissivel,"Dessa forma, tendo em vista que a proposição observa as exigências formais e materiais do ordenamento jurídico e favorece o desenvolvimento da atuação governamental, voto pela ADMISSIBILIDADE e APROVAÇÃO do Projeto de Lei nº 409, de 2023, de autoria do Poder Executivo, no âmbito desta Comissão de Economia, Orçamento e Finanças.",parecer_autor
76953,13557,80112,GAB DEP PR DANIEL DE CASTRO,Não apreciado(a),sem_clausula,,parecer_autor
76954,13570,82988,GAB DEP ROGÉRIO MORRO DA CRUZ,Não apreciado(a),sem_clausula,,parecer_autor
76955,13603,86157,CEOF,Aprovado(a),sem_clausula,,parecer_autor
76956,13603,82392,GAB DEP DAYSE AMARILIO,Aprovado(a),merito_favoravel,"Diante dessas considerações, manifestamos voto pela APROVAÇÃO, no mérito, do Projeto de Lei nº 422 de 2023, nesta Comissão de Assuntos Sociais.",parecer_autor
76957,13621,101059,GAB DEP MAX MACIEL,Aprovado(a),sem_clausula,,parecer_autor
76958,13627,85175,GAB DEP THIAGO MANZONI,Aprovado(a),admissivel,"paro a ser empreendido, concluímos que o Projeto de Lei ora analisado está de acordo com a constitucionalidade, juridicidade, legalidade, regimentalidade, técnica legislativa e redação, razão pela qual se manifesta voto pela ADMISSIBILIDADE do Projeto de Lei Complementar nº 23/2023.",parecer_autor
76959,13644,83073,GAB DEP DAYSE AMARILIO,Aprovado(a),merito_favoravel,"Diante do exposto, no âmbito desta Comissão de Assuntos Sociais, o nosso voto é pela APROVAÇÃO, no mérito, do Projeto de Decreto Legislativo n° 27, de 2023.",parecer_autor
76960,13704,97893,GAB DEP MARTINS MACHADO,Aprovado(a),merito_favoravel,"Por fim, não se vislumbrando nenhum óbice quanto ao aspecto meritório, no âmbito da Comissão de Transporte e Mobilidade Urbana, votamos pela aprovação do Projeto de Lei nº 546/2023. É o parecer, Senhor Presidente.",parecer_autor
76961,13721,83061,GAB DEP MARTINS MACHADO,Aprovado(a),merito_favoravel,"Dessa forma, tendo em vista que a proposição apresenta caráter meritório, aperfeiçoa a prestação de política pública por parte do Governo do Distrito Federal, bem como não possui óbice formal à sua aprovação, voto pela APROVAÇÃO do Projeto de Lei nº 433, de 2023.",parecer_autor
76962,13738,84355,GAB DEP DOUTORA JANE,Aprovado(a),merito_favoravel,"Seguindo esta linha de intelecção, no âmbito desta Comissão de Desenvolvimento Econômico Sustentável, Ciência, Tecnologia, Meio Ambiente e Turismo – CDESCTMAT, manifestamos voto pela APROVAÇÃO, no mérito, do Projeto de Lei nº 449/2023.",parecer_autor
76963,13755,82355,GAB DEP JOÃO CARDOSO,Aprovado(a),merito_favoravel,"Diante do exposto, no âmbito da Comissão de Assuntos Sociais, voto pela APROVAÇÃO do Projeto de Lei nº 427/2023, de autoria do Deputado Ricardo Vale, face tratar-se de norma complementar à Lei nº Lei nº 5.161, de 2013, tendo em vista que dispõe sobre as competências, atribuições e serviços das administrações regionais, observado os objetiv",parecer_autor
76964,13783,98548,GAB DEP FÁBIO FÉLIX,Aprovado(a),merito_favoravel,"É nítido, assim, que o projeto é meritório, motivo pelo que somos pela APROVAÇÃO nessa Comissão de Defesa dos Direitos Humanos, Cidadania, Ética e Decoro Parlamentar.",parecer_autor
76965,13850,82950,GAB DEP JOÃO CARDOSO,Não apreciado(a),admissivel,"Assim, nesse quesito de análise, fica claro que o PL 432/2023 tem pela ADMISSIBILIDADE, mostrando-se de grande relevância, oportunidade e interesse público.",parecer_autor
76966,13896,80146,GAB DEP EDUARDO PEDROSA,Aprovado(a),admissivel,"Dessa forma, tendo em vista que a proposição observa as exigências formais e materiais do ordenamento jurídico e favorece o desenvolvimento da atuação governamental, voto pela ADMISSIBILIDADE e APROVAÇÃO do Projeto de Lei Complementar nº 24, de 2.023, de autoria do Poder Executivo, no âmbito desta Comissão de Economia, Orçamento e Finanças.",parecer_autor
76967,13966,103074,GAB DEP DANIEL DONIZET,Aprovado(a),merito_favoravel,"Assim, no âmbito desta Comissão de Assuntos Fundiários, e considerando que o substitutivo apresentado sanou os óbices que poderiam comprometer a matéria, no mérito, manifestamos voto pela APROVAÇÃO do Projeto de Lei nº 436, de 2023, na forma do substitutivo apresentado.",parecer_autor
76968,13986,101338,GAB DEP MAX MACIEL,Aprovado(a),sem_clausula,,parecer_autor
76969,13990,84783,GAB DEP MARTINS MACHADO,Aprovado(a),merito_favoravel,"Diante o exposto, no âmbito desta Comissão de Assuntos Sociais, nosso voto é pela APROVAÇÃO do Projeto de Lei n.° 438/2023. É o parecer.",parecer_autor
76970,14004,93252,GAB DEP ROGÉRIO MORRO DA CRUZ,Aprovado(a),merito_favoravel,"Assim exposto, nos manifestamos, no mérito, pela APROVAÇÃO do Projeto de Lei no âmbito desta Comissão.",parecer_autor
76971,14068,91690,GAB DEP DAYSE AMARILIO,Aprovado(a),merito_favoravel,"Assim, considerando que a doação de órgãos é um ato de amor e de solidariedade, e que a proposição se reveste de mérito, relevância e oportunidade, manifestamos voto, nesta Comissão de Educação, Saúde e Cultura, pela APROVAÇÃO do Projeto de Lei nº 440 de 2023.",parecer_autor
76972,14081,86111,CEOF,Aprovado(a),admissivel,"ias formais e materiais do ordenamento jurídico, que favorece o desenvolvimento da atuação governamental e que tem adequação orçamentária e financeira votamos, no âmbito desta Comissão de Economia, Orçamento e Finanças, pela ADMISSIBILIDADE e APROVAÇÃO do PL nº 442/2023 de autoria do Poder Executivo.",parecer_autor
76973,14081,85220,GAB DEP PR DANIEL DE CASTRO,Não apreciado(a),merito_favoravel,"Nesse sentido, somos favoráveis à aprovação do PL442/2023.",parecer_autor
76974,14092,89277,GAB DEP DAYSE AMARILIO,Aprovado(a),merito_favoravel,"Diante das considerações apresentadas, manifestamos voto pela APROVAÇÃO, no mérito, do Projeto de Lei nº 443 de 2023, nesta Comissão de Assuntos Sociais.",parecer_autor
76975,14173,86539,GAB DEP HERMETO,Aprovado(a),merito_favoravel,"Em face da argumentação exposta, julgamos meritória a proposição em análise, razão pela qual manifestamos voto pela APROVAÇÃO do Projeto de Lei nº 459/2023 no âmbito da CS.",parecer_autor
76976,14180,90561,CDESCTMAT,Aprovado(a),merito_favoravel,"Diante do exposto, no âmbito desta Comissão de Desenvolvimento Econômico Sustentável, Ciência, Tecnologia, Meio Ambiente e Turismo, no mérito, manifestamos voto pela APROVAÇÃO do Projeto de Lei nº 451, de 2023.",parecer_autor
76977,14180,92439,GAB DEP DAYSE AMARILIO,Não apreciado(a),merito_favoravel,"Ante o exposto, no âmbito da Comissão de Assuntos Sociais, somos pela aprovação, no mérito, do Projeto de Lei nº 451, de 2023, com o acolhimento das Emendas 1 e 2, de relatora do Deputado Max Maciel e desta relatora.",parecer_autor
76978,14180,89321,GAB DEP THIAGO MANZONI,Aprovado(a),admissivel,"Diante do exposto, nosso voto é pela ADMISSIBILIDADE do Projeto de Lei nº 451/2023.",parecer_autor
76979,14181,89137,CAF,Retirado(a),merito_favoravel,"Diante do exposto, no âmbito desta Comissão de Assuntos Fundiários, manifestamos voto pela APROVAÇÃO, no mérito, do Projeto de Lei Complementar nº 25, de 2023, com as 5 emendas apresentadas nesta relatoria.",parecer_autor
76980,14181,106297,GAB DEP THIAGO MANZONI,Aprovado(a),admissivel_com_ressalva,"Diante do exposto, no âmbito desta Comissão de Constituição e Justiça, manifestamos voto pela ADMISSIBILIDADE do Projeto de Lei nº 452, de 2023, e das Emendas 4, 6, 7, 8, 9, 10, 11, 16, 17, 19, 24, 26 e da Subemenda 15, na forma do Substitutivo em anexo, e pela INADMISSIBILIDADE das Emendas 1, 2, 3, 5, 18, 20, 22, 23, 25 e das subemendas 14 e 27.",parecer_autor
76981,14193,94251,GAB DEP THIAGO MANZONI,Não apreciado(a),admissivel,"Por todo o exporto, nosso voto é pela ADMISSIBILIDADE do Projeto de Lei Complementar nº 25, de 2023, no âmbito desta Comissão de Constituição e Justiça, bem como das Emendas nº 1, nº 2, nº 3, nº 4, nº 5, nº 6, nº 7, nº 8, nº 9, nº 10, nº 11, nº 13, nº 14, nº 15, nº 16, nº 17, nº 18, nº 19, nº 22, nº 23, nº 24, n",parecer_autor
76982,14194,90562,CDESCTMAT,Aprovado(a),merito_favoravel,"Diante do exposto, no âmbito desta Comissão de Desenvolvimento Econômico Sustentável, Ciência, Tecnologia, Meio Ambiente e Turismo, no mérito, manifestamos voto pela APROVAÇÃO do Projeto de Lei nº 453, de 2023, e da Emenda nº 01.",parecer_autor
76983,14194,89324,GAB DEP THIAGO MANZONI,Aprovado(a),admissivel,"nciamento de obras e edificações destinadas ao atendimento de programas habitacionais de interesse social serão objeto de regulamentação específica por ato do chefe do Poder Executivo.” Feitas essas considerações, somos pela ADMISSIBILIDADE do Projeto de Lei nº 453, de 2023, com a Emenda de Redação, em anexo, nesta Comissão de Constituição e Justiça.",parecer_autor
76984,14199,91201,GAB DEP ROBÉRIO NEGREIROS,Não apreciado(a),admissivel,"Por esses motivos, no âmbito da Comissão de Constituição e Justiça, nos manifestamos pela ADMISSIBILIDADE ao Projeto de Lei nº 454/2023, de autoria do Poder Executivo.",parecer_autor
76985,14199,89753,GAB DEP PR DANIEL DE CASTRO,Não apreciado(a),merito_favoravel,"Assim, nosso voto é pela APROVAÇÃO do Projeto de Lei 454/2023, no âmbito desta Comissão de Assuntos Sociais.",parecer_autor
76986,14200,92053,CEOF,Aprovado(a),admissivel,"- LDO 2023 e com a Lei nº 7.061/2022 – LOA 2023. Dessa forma, tendo em vista que a proposição observa as exigências formais e materiais do ordenamento jurídico e favorece o desenvolvimento da atuação governamental, voto pela ADMISSIBILIDADE e APROVAÇÃO do Projeto de Lei nº 455, de 2.023, de autoria do Poder Executivo, no âmbito desta Comissão de Economia, Orçamento e Finanças.",parecer_autor
76987,14225,101705,GAB DEP DOUTORA JANE,Aprovado(a),merito_favoravel,"Seguindo esta linha de intelecção, no âmbito desta Comissão de Desenvolvimento Econômico Sustentável, Ciência, Tecnologia, Meio Ambiente e Turismo, manifestamos voto pela APROVAÇÃO, no mérito, do Projeto de Lei nº 476, de 2023.",parecer_autor
76988,14235,101074,GAB DEP THIAGO MANZONI,Aprovado(a),merito_favoravel,"Diante do exposto, somos pela APROVAÇÃO, no mérito, do Projeto de Lei nº 547/2023, no âmbito da Comissão de Educação, Saúde e Cultura.",parecer_autor
76989,14240,85592,GAB DEP DAYSE AMARILIO,Aprovado(a),merito_favoravel,"Diante do exposto, considerando a importância do reconhecimento de personalidades expressivas da nossa sociedade, manifestamos voto pela APROVAÇÃO do Projeto de Decreto Legislativo n° 37 de 2023, no âmbito desta Comissão de Assuntos Sociais.",parecer_autor
76990,14242,89724,GAB DEP RICARDO VALE,Aprovado(a),sem_clausula,,parecer_autor
76991,14249,92941,GAB DEP JORGE VIANNA,Aprovado(a),merito_favoravel,"Portanto, dada a importância desse projeto, voto pela aprovação do PL 512/2023. É o parecer.",parecer_autor
76992,14249,105645,GAB DEP RICARDO VALE,Aprovado(a),merito_favoravel,"Por isso, torna-se necessária a intervenção do Poder Público para garantir a liberdade de escolha dos formandos e seus familiares, motivos pelos quais voto pela APROVAÇÃO do Projeto de Lei nº 512/2023.",parecer_autor
76993,14256,82476,CEOF,Aprovado(a),admissivel,"Diante do exposto, no âmbito da CEOF e nos termos do art. 64, II, do RICLDF, vota-se pela admissibilidade do PL nº 463/2023.",parecer_autor
76994,14257,82491,CEOF,Aprovado(a),admissivel,"Por todo o exposto, vota-se, no âmbito da CEOF, pela admissibilidade e aprovação do PL nº 462/2023, nos termos do art. 64, II, “c”, do RICLDF.",parecer_autor
76995,14257,86100,GAB DEP MARTINS MACHADO,Aprovado(a),merito_favoravel,"Diante do exposto, manifestamo-nos, no âmbito desta Comissão de Transporte e Mobilidade Urbana - CTMU, pela APROVAÇÃO do Projeto de Lei nº 462, de 2023, de autoria do Poder Executivo.",parecer_autor
76996,14257,93169,GAB DEP THIAGO MANZONI,Aprovado(a),admissivel,"Por todo o exposto, vota-se, no âmbito da CCJ, pela ADMISSIBILIDADE do PL nº 462/2023.",parecer_autor
76997,14261,86345,GAB DEP DANIEL DONIZET,Aprovado(a),merito_favoravel,"Ante o exposto, no âmbito desta Comissão de Assuntos Fundiários, somos, no mérito, pela APROVAÇÃO do Projeto de Lei Complementar n. 26/2023",parecer_autor
76998,14334,94171,GAB DEP ROGÉRIO MORRO DA CRUZ,Aprovado(a),merito_favoravel,"Ante tudo quanto exposto, nos manifestamos, no mérito, pela APROVAÇÃO do Projeto de Lei nº 494, de 2023, no âmbito desta Comissão.",parecer_autor
76999,14350,83099,GAB DEP JORGE VIANNA,Aprovado(a),admissivel,"Por isso, no âmbito da Comissão de Economia, Orçamento e Finanças, voto pela admissibilidade e aprovação do Projeto de Lei nº 470/2023, com a Emenda de Redação nº 1.",parecer_autor
77000,14350,83147,GAB DEP DAYSE AMARILIO,Não apreciado(a),merito_favoravel,"eritório, tendo sido fruto de Pauta de Negociação do Governo com o Sindicato dos Professores do Distrito Federal (SINPRO/DF), que colocou fim à paralisação da categoria no exercício de 2023. Diante dessas considerações, manifestamos voto pela APROVAÇÃO, no mérito, do Projeto de Lei nº 470 de 2023, nesta Comissão de Assuntos Sociais.",parecer_autor
77001,14350,84097,GAB DEP THIAGO MANZONI,Aprovado(a),admissivel_com_ressalva,"paro a ser empreendido, concluímos que o Projeto de Lei ora analisado está de acordo com a constitucionalidade, juridicidade, legalidade, regimentalidade, técnica legislativa e redação, razão pela qual se manifesta voto pela ADMISSIBILIDADE do Projeto de Lei nº 470/2023, na forma da Subemenda de redação, apresentada nesta Comissão, à Emenda nº 1, apresentada na CEOF.",parecer_autor
77002,14352,91280,GAB DEP HERMETO,Aprovado(a),merito_favoravel,"Dessa forma, votamos, no mérito, pela APROVAÇÃO do Projeto de Lei no 480, de 2023, na forma do Substitutivo anexo, no âmbito desta Comissão de Defesa do Consumidor.",parecer_autor
77003,14365,91971,CEOF,Aprovado(a),admissivel_com_ressalva,"Pelo exposto, vota-se, no âmbito da CEOF, pela ADMISSIBILIDADE e APROVAÇÃO do PL nº 468/2023, na forma da Emenda Modificativa em anexo, nos termos do art. 64, II, “a” e “c”, do RICLDF.",parecer_autor
77004,14365,93165,GAB DEP THIAGO MANZONI,Aprovado(a),admissivel,"Seção II (Das Alterações na Legislação Tributária e das Demais Receitas) do Capítulo VIII da Lei de Diretrizes Orçamentária vigente, Lei nº 7.171, de 1º de agosto de 2022. Por todo o exposto, vota-se, no âmbito da CCJ, pela admissibilidade do PL nº 468/2023 e da Emenda Modificativa apresentada no âmbito da CEOF.",parecer_autor
77005,14366,91994,CEOF,Aprovado(a),admissivel,"Diante do exposto, vota-se, no âmbito da CEOF, pela admissibilidade e aprovação do PL nº 469/2023, nos termos do art. 64, II, do RICLDF.",parecer_autor
77006,14366,93198,GAB DEP THIAGO MANZONI,Aprovado(a),admissivel,"Por todo o exposto, vota-se, no âmbito da CCJ, pela admissibilidade do PL nº 469/2023, nos termos do art. 63, I, do RICLDF.",parecer_autor
77007,14374,97718,GAB DEP RICARDO VALE,Não apreciado(a),merito_favoravel,"Sendo assim, voto pela APROVAÇÃO, no mérito, do Projeto de Lei nº 518/2023. DEPUTADO gabriel magno Presidente DEPUTADO RICARDO VALE Relator",parecer_autor
77008,14414,83093,CEOF,Aprovado(a),admissivel,"Por todo o exposto, no âmbito da CEOF e nos termos do art. 64, II, e § 1º, I, do RICLDF, vota-se pela admissibilidade do PL nº 471/2023.",parecer_autor
77009,14421,89094,GAB DEP PR DANIEL DE CASTRO,Aprovado(a),merito_favoravel,"Frente ao exposto, reconhecemos a nobre intenção do autor, e somos pela APROVAÇÃO do PL 481/2023 no âmbito desta Comissão de Segurança.",parecer_autor
77010,14422,97440,GAB DEP PAULA BELMONTE,Aprovado(a),merito_favoravel,"Diante do exposto, no âmbito desta Comissão de Desenvolvimento Econômico Sustentável, Ciência, Tecnologia, Meio Ambiente e Turismo, manifestamos voto pela APROVAÇÃO do Projeto de Lei nº 483/2023, quanto ao mérito, na forma do substitutivo apresentado.",parecer_autor
77011,14424,89654,GAB DEP PR DANIEL DE CASTRO,Aprovado(a),merito_favoravel,"Frente ao exposto, reconhecemos a nobre intenção do autor, e somos pela APROVAÇÃO do PL 515, de 2023, no âmbito desta Comissão de Segurança.",parecer_autor
77012,14427,94479,GAB DEP JOÃO CARDOSO,Aprovado(a),merito_favoravel,"Diante do exposto, nosso voto é pela APROVAÇÃO do Projeto de Decreto Legislativo nº 36, de 2023, no âmbito desta Comissão de Assuntos Sociais - CAS.",parecer_autor
77013,14432,89095,GAB DEP PR DANIEL DE CASTRO,Aprovado(a),merito_favoravel,"Diante do exposto, manifestamo-nos pela APROVAÇÃO, no mérito, do Projeto de Lei nº 500/2023, no âmbito da Comissão de Assuntos Sociais.",parecer_autor
77014,14438,101279,GAB DEP DAYSE AMARILIO,Aprovado(a),merito_favoravel,"Assim, considerando que a proposição cumpre os requisitos de mérito, relevância e oportunidade, manifestamos voto, nesta Comissão de Educação, Saúde e Cultura, pela APROVAÇÃO do Projeto de Lei nº 489 de 2023.",parecer_autor
77015,14439,92063,CEOF,Não apreciado(a),admissivel,"Diante do exposto pugnamos pela admissibilidade e no mérito pela aprovação do Projeto de Lei Complementar nº 27/2023 no âmbito desta Comissão de Economia, Orçamento e Finanças.",parecer_autor
77016,14439,93201,GAB DEP THIAGO MANZONI,Aprovado(a),admissivel,"Por todo o exposto, vota-se, no âmbito da CCJ, pela admissibilidade do PLC nº 27/2023, nos termos do art. 63, I, do RICLDF.",parecer_autor
77017,14440,99710,GAB DEP DAYSE AMARILIO,Aprovado(a),merito_favoravel,"Assim, considerando que a proposição cumpre os requisitos de mérito, relevância e oportunidade, manifestamos voto, nesta Comissão de Educação, Saúde e Cultura, pela APROVAÇÃO do Projeto de Lei nº 490 de 2023.",parecer_autor
77018,14441,101507,GAB DEP HERMETO,Não apreciado(a),merito_favoravel,"Desse modo, manifestamos voto pela APROVAÇÃO do Projeto de Lei nº 491, de 2023, e do Projeto de Lei nº 597, de 2023, no âmbito desta Comissão de Assuntos Fundiários, na forma do substitutivo anexo.",parecer_autor
77019,14462,101166,GAB DEP FÁBIO FÉLIX,Aprovado(a),admissivel,"Diante do exposto, manifestamos voto pela ADMISSIBILIDADE do Projeto de Lei nº 503/2023, no âmbito da Comissão de Constituição e Justiça.",parecer_autor
77020,14471,97365,GAB DEP PAULA BELMONTE,Aprovado(a),merito_favoravel,"Diante do exposto, manifestamos voto pela APROVAÇÃO do Projeto de Lei nº 525/2023, quanto ao mérito, no âmbito desta Comissão de Desenvolvimento Econômico Sustentável, Ciência, Tecnologia, Meio Ambiente e Turismo.",parecer_autor
77021,14474,98882,GAB DEP RICARDO VALE,Aprovado(a),merito_favoravel,"Por isso, no mérito, voto pela APROVAÇÃO do Projeto de Lei nº 564/2023.",parecer_autor
77022,14530,107028,GAB DEP IOLANDO,Não apreciado(a),admissivel_com_ressalva,"Ante o exposto, manifesta-se voto pela ADMISSIBILIDADE do PL nº 502/2023 e do PL nº 794/2022, na forma do Substitutivo do Relator.",parecer_autor
77023,14530,88080,GAB DEP PR DANIEL DE CASTRO,Não apreciado(a),merito_favoravel,"Diante do exposto, manifestamo-nos pela APROVAÇÃO, no mérito, do Projeto de Lei nº 502/2023, no âmbito da Comissão de Assuntos Sociais.",parecer_autor
77024,14551,104785,GAB DEP PR DANIEL DE CASTRO,Aprovado(a),merito_favoravel,"Pelo exposto, após análise à proposição apresentada, reconhecemos a nobre intenção do autor, e somos pela APROVAÇÃO do PL 497/2023 no âmbito desta Comissão de Assuntos Sociais.",parecer_autor
77025,14551,89292,GAB DEP JOAQUIM RORIZ NETO,Aprovado(a),sem_clausula,,parecer_autor
77026,14621,102064,GAB DEP MAX MACIEL,Aprovado(a),sem_clausula,,parecer_autor
77027,14624,97737,GAB DEP RICARDO VALE,Não apreciado(a),merito_favoravel,"Diante do exposto, considero que a proposição atende aos critérios de relevância e necessidade, motivo pelo qual voto pela APROVAÇÃO do Projeto de Lei nº 520/2023.",parecer_autor
77028,14625,105553,CEOF,Aprovado(a),admissivel,"Ante o exposto, vota-se, no âmbito da CEOF, pela ADMISSIBILIDADE e APROVAÇÃO do PL nº 522/2023, nos termos do art. 64, II, do RICLDF.",parecer_autor
77029,14625,93887,GAB DEP JOAQUIM RORIZ NETO,Aprovado(a),merito_favoravel,"Portanto, na análise da Comissão de Desenvolvimento Econômico, Sustentável, Ciência, Tecnologia, Meio Ambiente e Turismo, voto pela APROVAÇÃO do Projeto de Lei nº 522, de 2023, com a emenda supressiva apresentada.",parecer_autor
77030,14626,103603,GAB DEP DAYSE AMARILIO,Aprovado(a),merito_favoravel,"Assim, considerando que a proposição se reveste de mérito, relevância e oportunidade, manifestamos voto pela APROVAÇÃO do Projeto de Lei nº 519 de 2023, nesta Comissão de Educação, Saúde e Cultura.",parecer_autor
77031,14629,92463,GAB DEP ROOSEVELT VILELA,Aprovado(a),merito_favoravel,"Por todo exposto, a medida se mostra oportuna e conveniente, pelo que manifestamos voto pela APROVAÇÃO do Projeto de Resolução n.º 17/2023. Sala de reuniões, ...",parecer_autor
77032,14651,103598,GAB DEP DAYSE AMARILIO,Aprovado(a),merito_favoravel,"Assim, considerando que a proposição cumpre os requisitos de mérito, relevância e oportunidade, manifestamos voto, nesta Comissão de Educação, Saúde e Cultura, pela APROVAÇÃO do Projeto de Lei nº 517 de 2023.",parecer_autor
77033,14659,97428,GAB DEP PAULA BELMONTE,Aprovado(a),merito_favoravel,"Diante do exposto, manifestamos voto pela APROVAÇÃO do Projeto de Lei nº 530/2023, quanto ao mérito, no âmbito desta Comissão de Desenvolvimento Econômico Sustentável, Ciência, Tecnologia, Meio Ambiente e Turismo.",parecer_autor
77034,14722,103515,GAB DEP IOLANDO,Aprovado(a),admissivel,"Por essa razão, propõe-se emenda modificativa para alterar a redação da ementa e do art. 1º. Diante do exposto, manifestamos voto pela ADMISSIBILIDADE do Projeto de Lei nº 534/2023, no âmbito da Comissão de Constituição e Justiça, com o acolhimento da emenda modificativa anexa.",parecer_autor
77035,14722,100952,GAB DEP JOÃO CARDOSO,Não apreciado(a),sem_clausula,,parecer_autor
77036,14755,98577,GAB DEP FÁBIO FÉLIX,Aprovado(a),sem_clausula,,parecer_autor
77037,14759,91108,GAB DEP PR DANIEL DE CASTRO,Não apreciado(a),merito_favoravel,"Assim, nosso voto é pela APROVAÇÃO do Projeto de Lei 527/2023, no âmbito desta Comissão de Assuntos Sociais.",parecer_autor
77038,14767,103381,GAB DEP CHICO VIGILANTE,Aprovado(a),admissivel,"Por essas razões, voto pela ADMISSIBILIDADE do Projeto de Lei nº 526/2023.",parecer_autor
77039,14767,98878,GAB DEP DAYSE AMARILIO,Aprovado(a),merito_favoravel,"Portanto, entendemos que a proposição se reveste de mérito, e, por isso, manifestamos voto pela APROVAÇÃO do Projeto de Lei nº 526 de 2023, no âmbito da Comissão de Educação, Saúde e Cultura.",parecer_autor
77040,14779,95072,GAB DEP ROBÉRIO NEGREIROS,Aprovado(a),admissivel,"nstantes do art. 3º, o PDL nº 39/2023 está em conformidade com o limite quantitativo, de oito proposituras por sessão legislativa, veiculado pelo § 1º do art. 2º da Resolução nº 334/2023. Pelo exposto, manifestamos voto pela ADMISSIBILIDADE do Projeto de Decreto Legislativo nº 39/2023 no âmbito desta Comissão de Constituição e Justiça.",parecer_autor
77041,14779,86836,GAB DEP DAYSE AMARILIO,Aprovado(a),merito_favoravel,"Diante do exposto, no âmbito desta Comissão de Assuntos Sociais, o nosso voto é pela APROVAÇÃO do Projeto de Decreto Legislativo n° 39, de 2023.",parecer_autor
77042,14794,92093,GAB DEP JOÃO CARDOSO,Não apreciado(a),sem_clausula,,parecer_autor
77043,14798,101081,GAB DEP GABRIEL MAGNO,Aprovado(a),merito_favoravel,"Ante o exposto, do ponto de vista da relevância, da oportunidade e da conveniência, manifestamo-nos pela aprovação, no mérito, do Projeto de Lei nº 583, de 2023, no âmbito desta Comissão de Educação, Saúde e Cultura, com as Emendas nº 1 e 2.",parecer_autor
77044,14889,98880,GAB DEP RICARDO VALE,Aprovado(a),merito_favoravel,"Por esses motivos, no mérito, voto pela APROVAÇÃO do Projeto de Lei nº 538, de 2023.",parecer_autor
77045,15146,98290,GAB DEP JOAQUIM RORIZ NETO,Aprovado(a),merito_favoravel,"Na análise da Comissão de Desenvolvimento Econômico, Sustentável, Ciência, Tecnologia, Meio Ambiente e Turismo, voto pela APROVAÇÃO do Projeto de Lei nº 550, de 2023.",parecer_autor
77046,15209,97452,GAB DEP ROOSEVELT VILELA,Aprovado(a),merito_favoravel,"Diante do exposto, votamos, no âmbito desta Comissão de Segurança, pela APROVAÇÃO, no mérito, do Projeto de Lei nº 541, de 2023.",parecer_autor
77047,15214,86073,CEOF,Aprovado(a),admissivel_com_ressalva,"90, de 29 de janeiro de 2020 – PPA DF 2020-2023. Dessa forma, tendo em vista que a proposição observa as exigências formais e materiais do ordenamento jurídico e favorece o desenvolvimento da atuação governamental, voto pela ADMISSIBILIDADE e APROVAÇÃO, com o acatamento das emendas e subemendas na forma do Quadro 01, do Projeto de Lei nº 535, de 2023, de autoria do Poder Executivo, no âmbito desta Comissão de Economia, Orçamento e Finanças.",parecer_autor
77048,15255,96356,GAB DEP PR DANIEL DE CASTRO,Não apreciado(a),merito_favoravel,"Diante do exposto, manifesto meu voto pela APROVAÇÃO do Projeto de Lei nº 558/2021, no âmbito desta Comissão de Assuntos Sociais.",parecer_autor
77049,15272,106801,GAB DEP DAYSE AMARILIO,Aprovado(a),merito_favoravel,"Pelo exposto, no âmbito desta Comissão de Educação, Saúde e Cultura, votamos pela APROVAÇÃO, no mérito, do Projeto de Lei n° 553 de 2023.",parecer_autor
77050,15275,106219,GAB DEP JORGE VIANNA,Aprovado(a),merito_favoravel,"Dada a importância desse projeto, manifestamos voto pela APROVAÇÃO do Projeto de Lei 552/2023 nesta Comissão de Defesa do Consumidor.",parecer_autor
77051,15298,104472,GAB DEP PR DANIEL DE CASTRO,Não apreciado(a),merito_favoravel,"Frente o exposto, no âmbito da Comissão de Assuntos Sociais, somos pela APROVAÇÃO do Projeto de Lei nº555/2023.",parecer_autor
77052,15406,101043,GAB DEP RICARDO VALE,Aprovado(a),merito_favoravel,"Nesse sentido, no mérito voto pela APROVAÇÃO do Projeto de Lei nº 580, de 2023.",parecer_autor
77053,15413,99304,GAB DEP RICARDO VALE,Não apreciado(a),merito_favoravel,"Por isso, no mérito, voto pela APROVAÇÃO do Projeto de Lei nº 572, de 2023, com uma emenda supressiva.",parecer_autor
77054,15447,100967,GAB DEP JOÃO CARDOSO,Aprovado(a),sem_clausula,,parecer_autor
77055,15450,101309,GAB DEP ROGÉRIO MORRO DA CRUZ,Aprovado(a),merito_favoravel,"Com efeito, diante de tudo quanto exposto, no âmbito desta comissão, quanto ao mérito, somos FAVORÁVEIS à aprovação Integral do PL 565, de 2023, que Institui a Região Administrativa da Fercal, como Patrimônio Distrital do Ecoturismo, no âmbito do Distrito Federal.",parecer_autor
77056,15455,101159,GAB DEP FÁBIO FÉLIX,Aprovado(a),admissivel,"Por fim, manifestamos voto pela ADMISSIBILIDADE do Projeto de Lei n° 567/2023, no âmbito desta Comissão de Constituição e Justiça.",parecer_autor
77057,15457,106468,GAB DEP THIAGO MANZONI,Aprovado(a),merito_favoravel,"Diante do exposto, somos pela APROVAÇÃO, no mérito, do Projeto de Lei nº 590/2023, no âmbito da Comissão de Educação, Saúde e Cultura.",parecer_autor
77058,15475,103894,GAB DEP HERMETO,Aprovado(a),merito_favoravel,"Ante o exposto, no âmbito da Comissão de Defesa do Consumidor, somos pela aprovação, no mérito, na forma do Substitutivo anexo, do Projeto de Lei nº 573, de 2023.",parecer_autor
77059,15511,103888,GAB DEP HERMETO,Aprovado(a),merito_favoravel,"Para tanto, apresentamos Substitutivo ao PL nº 589/2023. Ante o exposto, no âmbito desta Comissão de Defesa do Consumidor, manifestamos voto pela APROVAÇÃO, no mérito, do Projeto de Lei nº 589, de 2023, nos termos do SUBSTITUTIVO anexo.",parecer_autor
77060,15528,101176,GAB DEP JAQUELINE SILVA,Aprovado(a),merito_favoravel,"Pelo exposto, somos pela APROVAÇÃO, no mérito, do Projeto de Lei nº 576/2023, no âmbito da Comissão de Defesa dos Direitos Humanos, Cidadania, Ética e Decoro Parlamentar, com o acolhimento da emenda modificativa anexa.",parecer_autor
77061,15570,104839,GAB DEP ROBÉRIO NEGREIROS,Aprovado(a),admissivel,"Em face de todo o exposto, manifestamos nosso voto pela ADMISSIBILIDADE do Projeto de Lei nº 585, de 2023, no âmbito desta Comissão de Constituição e Justiça, com a emenda supressiva anexa.",parecer_autor
77062,15577,103939,CEOF,Não apreciado(a),admissivel,"Diante dessas considerações, tendo em vista a observância de todos os requisitos quanto à adequação orçamentária e financeira, bem como o caráter eminentemente meritório da proposta, vota-se, no âmbito da CEOF, pela Admissibilidade e Aprovação do PL nº 586/2023, nos termos do art. 64, II e § 1º, I, do RICLDF.",parecer_autor
77063,15577,106158,GAB DEP ROBÉRIO NEGREIROS,Aprovado(a),admissivel,"Em vista do exposto, nosso voto é pela ADMISSIBILIDADE do Projeto de Lei nº 586/2023.",parecer_autor
77064,15577,97224,GAB DEP DAYSE AMARILIO,Aprovado(a),merito_favoravel,"Diante do exposto, votamos pela aprovação, no mérito, do Projeto de Lei nº 586 de 2023, no âmbito desta Comissão de Assuntos Sociais.",parecer_autor
77065,15610,106209,GAB DEP IOLANDO,Aprovado(a),admissivel_com_ressalva,"Destarte, com fundamento no art. 63, inciso I, do RICLDF, manifesta-se voto pela ADMISSIBILIDADE do PL nº 587/2023, no âmbito desta CCJ, na forma do Substitutivo anexo.",parecer_autor
77066,15766,96472,GAB DEP JOAQUIM RORIZ NETO,Não apreciado(a),admissivel,"II.5 - CONCLUSÃO Pelo exposto, vota-se, no âmbito da CEOF, nos termos do art. 64, II, “a” e “c” do RICLDF, pela admissibilidade e aprovação do Projeto de Lei Complementar nº 31/2023, com as 2 emendas apresentadas por este Relator.",parecer_autor
77067,15766,94122,GAB DEP PAULA BELMONTE,Não apreciado(a),merito_favoravel,"Diante do exposto, no âmbito desta Comissão de Fiscalização, Governança, Transparência e Controle, manifestamos voto pela APROVAÇÃO, quanto ao mérito, do Projeto de Lei Complementar nº 31, de 2023, com o acatamento das emendas nº 02, 03 e 04 desta relatora.",parecer_autor
77068,15766,94022,GAB DEP THIAGO MANZONI,Aprovado(a),admissivel,"Por fim, não havendo ressalvas quanto à técnica legislativa ou à regimentalidade, manifestamos nosso voto pela ADMISSIBILIDADE do Projeto de Lei Complementar nº 31/2023 no âmbito desta Comissão de Constituição e Justiça.",parecer_autor
77069,15767,93773,GAB DEP ROBÉRIO NEGREIROS,Aprovado(a),admissivel,"Diante de todo o exposto e com fundamento no art. 63, inciso I, do RICLDF, vota-se nesta CCJ pela admissibilidade do Projeto de Lei nº 588/2023.",parecer_autor
77070,15767,94153,GAB DEP JOAQUIM RORIZ NETO,Aprovado(a),admissivel_com_ressalva,"tinência com o ordenamento jurídico orçamentário vigente, em especial ao Código Tributário Nacionaldo, Lei de Responsabilidade Fiscal e Constituição Federal, voto, no âmbito da Comissão de Economia Orçamento e Finanças, pela ADMISSIBILIDADE E APROVAÇÃO do Projeto de Lei nº 588, de 2023, de autoria do Poder Executivo, na forma de sua redação original.",parecer_autor
77071,15853,95393,GAB DEP PR DANIEL DE CASTRO,Aprovado(a),admissivel,"Frente ao exposto, por se tratar de meritório, justo e louvável, somos pela ADMISSIBILIDADE do Projeto de Lei n° 601/2023, no âmbito da Comissão de Assuntos Sociais.",parecer_autor
77072,15866,101076,GAB DEP MAX MACIEL,Aprovado(a),sem_clausula,,parecer_autor
77073,15867,107038,GAB DEP DOUTORA JANE,Não apreciado(a),sem_clausula,,parecer_autor
77074,15893,101010,GAB DEP GABRIEL MAGNO,Aprovado(a),merito_favoravel,"Como únicas ressalvas, sugerimos a observância das Emendas Modificativas nº 1 e nº 2, que fazem discretos ajustes de redação na Ementa e no inciso III do art. 3º. Feitas essas considerações, manifestamo-nos pela aprovação, no mérito, do Projeto de Lei nº 599, de 2023, com as Emendas de nº 1 e nº 2, no âmbito da CESC.",parecer_autor
77075,15933,106010,GAB DEP DAYSE AMARILIO,Não apreciado(a),merito_favoravel,"Diante dessas considerações, manifestamos voto pela APROVAÇÃO, no mérito, do Projeto de Lei nº 607 de 2023, nesta Comissão de Educação, Saúde e Cultura.",parecer_autor
77076,15979,106005,GAB DEP DAYSE AMARILIO,Aprovado(a),merito_favoravel,"Assim, a proposição, ao favorecer o consumo de arte em nossa cidade, certamente se reveste de mérito, e, por isso, manifestamos voto pela APROVAÇÃO do Projeto de Lei nº 606 de 2023, no âmbito da Comissão de Educação, Saúde e Cultura.",parecer_autor
77077,15983,107465,GAB DEP FÁBIO FÉLIX,Não apreciado(a),admissivel,"nstantes do art. 3º, o PDL nº 45/2023 está em conformidade com o limite quantitativo, de oito proposituras por sessão legislativa, veiculado pelo § 1º do art. 2º da Resolução nº 334/2023. Pelo exposto, manifestamos voto pela ADMISSIBILIDADE do Projeto de Decreto Legislativo nº 45/2023 no âmbito desta Comissão de Constituição e Justiça.",parecer_autor
77078,15983,95989,GAB DEP JOÃO CARDOSO,Aprovado(a),sem_clausula,,parecer_autor
77079,16062,101701,GAB DEP HERMETO,Não apreciado(a),merito_favoravel,"Diante do exposto, manifestamos voto pela APROVAÇÃO do Projeto de Lei nº 629/2023, no âmbito da Comissão de Segurança, na forma do Substitutivo anexo.",parecer_autor
77080,16063,99241,GAB DEP RICARDO VALE,Aprovado(a),merito_favoravel,"Por isso, no mérito, voto pela APROVAÇÃO do Projeto de Lei nº 628/2023.",parecer_autor
77081,16068,96310,CEOF,Aprovado(a),merito_favoravel,"or fim, considerando que o Projeto de Lei nº 612, de 2023, que “Dispõe sobre o Plano Plurianual do Distrito Federal para o quadriênio 2024-2027”, tramita regularmente na forma do Regimento Interno da Câmara Legislativa, vota-se pela aprovação desse Parecer Preliminar, com a solicitação das informações complementares ao Poder Executivo.",parecer_autor
77082,16068,103310,GAB DEP JAQUELINE SILVA,Aprovado(a),admissivel,"Por todo o exposto, e nos termos dos arts. 216, 217, 218, 219, 220, 221, 222 e 223 do RICLDF, esta relatoria parcial, no que se refere aos programas desta relatoria, se manifesta pela ADMISSIBILIDADE e APROVAÇÃO do PL nº 612, de 2023, que “dispõe sobre o Plano Plurianual do Distrito Federal para o quadriênio 2024-2027”, com a subemenda apresentada.",parecer_autor
77083,16068,102484,GAB DEP JORGE VIANNA,Aprovado(a),admissivel,"Por todo o exposto, e nos termos dos arts. 216, 217, 218, 219, 220, 221, 222 e 223 do RICLDF, esta relatoria parcial, no que se refere aos programas desta relatoria, se manifesta pela ADMISSIBILIDADE e APROVAÇÃO do PL nº 612/2023 e das 48 emendas apresentadas, com a subemenda apresentada.",parecer_autor
77084,16068,102949,GAB DEP JOAQUIM RORIZ NETO,Aprovado(a),admissivel_com_ressalva,"R$ 10.000.000,00 Acatada III - CONCLUSÃO Por todo o exposto, e nos termos dos arts. 216, 217, 218, 219, 220, 221, 222 e 223 do RICLDF, esta relatoria parcial, no que se refere aos programas desta relatoria, se manifesta pela ADMISSIBILIDADE e APROVAÇÃO do Projeto de Lei nº 612, de 2023, que “dispõe sobre o Plano Plurianual do Distrito Federal para o quadriênio 2024-2027”, bem como das emendas apresentadas, na forma dos quadros 4, 5, 6 e 7.",parecer_autor
77085,16068,101488,GAB DEP PAULA BELMONTE,Aprovado(a),merito_favoravel,"oráveis à APROVAÇÃO do Projeto de Lei nº 612 de 2023, que ""dispõe sobre o Plano Plurianual do Distrito Federal para o quadriênio 2024-2027"", de autoria do Poder Executivo, no que se refere aos programas desta relatoria, ACATANDO as emendas apresentadas, nos termos dos Quadros de 1 a 7 e das subemendas nºs 230, 231 e 232 apresentadas por esta relatora, e pela rejeição das emendas nº 105, 109 e 120. É o voto.",parecer_autor
77086,16070,96562,CEOF,Aprovado(a),merito_favoravel,"nsiderando que o Projeto de Lei nº 613, de 2023, que “Estima a Receita e fixa a Despesa do Distrito Federal para o exercício financeiro de 2024”, tramita regularmente na forma do Regimento Interno da Câmara Legislativa, voto pela APROVAÇÃO deste Parecer Preliminar e da solicitação das informações complementares ao Poder Executivo.",parecer_autor
77087,16070,103273,GAB DEP JAQUELINE SILVA,Aprovado(a),merito_favoravel,"dministrativa do Jardim Botânico Rogério Morro da Cruz Inadmissível 457 18101 20420 - Construção de unidade escolar Max Maciel Inadmissível III – CONCLUSÃO Por todo o exposto, e nos termos dos arts. 220 e 221 do RICLDF, somos favoráveis à APROVAÇÃO do Projeto de Lei 613/2023, que “Estima a Receita e fixa a Despesa do Distrito Federal, para o exercício financeiro de 2024”, de autoria do Poder Executivo, bem como das emendas elencadas no Quadro 4 e Quadro 5, com as subemendas em anexo relacion",parecer_autor
77088,16070,103097,GAB DEP JORGE VIANNA,Aprovado(a),merito_favoravel,"Por todo o exposto, e nos termos dos arts. 220 e 221 do RICLDF, somos favoráveis à APROVAÇÃO do Projeto de Lei 613/2023, que “Estima a Receita e fixa a Despesa do Distrito Federal, para o exercício financeiro de 2024”, de autoria do Poder Executivo, bem como das emendas elencadas no Quadro 4, com as subemendas nº 627, 629, 631, 640, 641,",parecer_autor
77089,16070,102574,GAB DEP JOAQUIM RORIZ NETO,Aprovado(a),merito_favoravel,"4 440 Thiago Manzoni Alteração da Função e Subfunção, de 1 - Legislativa e 31 - Ação Legislativa para 15 - Urbanismo e 451 - Infraestrutura III – CONCLUSÃO Por todo o exposto, e nos termos dos arts. 220 e 221 do RICLDF, somos favoráveis à APROVAÇÃO do Projeto de Lei nº 613 de 2023, que “Estima a Receita e fixa a Despesa do Distrito Federal para o exercício financeiro de 2024”, de autoria do Poder Executivo, com as emendas relacionadas no Quadro 4, com os seus respectivos pareceres, e subemen",parecer_autor
77090,16070,102333,GAB DEP PAULA BELMONTE,Aprovado(a),merito_favoravel,"para emendas parlamentares individuais ficou assim detalhada: Tabela VI - Apuração do limite da Reserva de Contingência II.4 – CONCLUSÃO Por todo o exposto, e nos termos dos artigos 219, 220 e 221 do Regimento Interno, somos favoráveis à APROVAÇÃO do Projeto de Lei nº 613 de 2023, que ""estima a receita e fixa a despesa do Distrito Federal para o exercício financeiro de 2024"", de autoria do Poder Executivo, com o ACATAMENTO das emendas constantes na Tabela II, das Subemendas nºs 585, 586, 58",parecer_autor
77091,16071,106139,GAB DEP ROGÉRIO MORRO DA CRUZ,Aprovado(a),merito_favoravel,"Ante tudo quanto exposto, no âmbito desta Comissão, somos favoráveis à APROVAÇÃO integral do Projeto de Lei n° 618/2023, que Institui a Carteira de Identidade do Empreendedor Rural e dá outras providências.",parecer_autor
77092,16083,101559,GAB DEP PR DANIEL DE CASTRO,Aprovado(a),merito_favoravel,"Com efeito, ante tudo quanto exposto, no âmbito desta Comissão, somos favoráveis à APROVAÇÃO do Projeto de Lei nº639/2023.",parecer_autor
77093,16089,99049,GAB DEP RICARDO VALE,Não apreciado(a),merito_favoravel,"Com essas considerações, no mérito, voto pela APROVAÇÃO do Projeto de Lei nº 564/2023, com a emenda supressiva anexa.",parecer_autor
77094,16122,105966,GAB DEP DAYSE AMARILIO,Aprovado(a),merito_favoravel,"Feitas essas considerações, manifestamo-nos, no mérito, pela APROVAÇÃO do Projeto de Lei nº 622 de 2023, no âmbito desta Comissão de Assuntos Sociais.",parecer_autor
77095,16125,106727,GAB DEP DAYSE AMARILIO,Aprovado(a),merito_favoravel,"Diante dessas considerações, manifestamos voto pela APROVAÇÃO, no mérito, do Projeto de Lei nº 624 de 2023, nesta Comissão de Educação, Saúde e Cultura.",parecer_autor
77096,16127,106937,GAB DEP CHICO VIGILANTE,Aprovado(a),merito_favoravel,"Ante o exposto, no âmbito desta Comissão de Defesa do Consumidor, manifestamos voto pela APROVAÇÃO, no mérito, do Projeto de Lei nº 625, de 2023, na forma do Substitutivo anexo.",parecer_autor
77097,16145,97447,GAB DEP DOUTORA JANE,Aprovado(a),merito_favoravel,"Seguindo esta linha de intelecção, no âmbito desta Comissão de Desenvolvimento Econômico Sustentável, Ciência, Tecnologia, Meio Ambiente e Turismo – CDESCTMAT, manifestamos voto pela APROVAÇÃO, no mérito, do Projeto de Lei nº 631/2023.",parecer_autor
77098,16146,102237,GAB DEP DOUTORA JANE,Aprovado(a),merito_favoravel,"Seguindo esta linha de intelecção, no âmbito desta Comissão de Desenvolvimento Econômico Sustentável, Ciência, Tecnologia, Meio Ambiente e Turismo, manifestamos voto pela APROVAÇÃO, no mérito, do Projeto de Lei nº 630, de 2023.",parecer_autor
77099,16188,97742,GAB DEP RICARDO VALE,Aprovado(a),merito_favoravel,"Por isso, voto pela APROVAÇÃO do Projeto de Lei nº 634/2023, bem como da Emenda nº 1.",parecer_autor
77100,16260,104950,GAB DEP DANIEL DONIZET,Aprovado(a),merito_favoravel,"Assim, no âmbito desta Comissão de Defesa do Consumidor, no mérito, manifestamo-nos pela aprovação do Projeto de Lei nº 635, de 2023.",parecer_autor
77101,16317,106394,GAB DEP PR DANIEL DE CASTRO,Aprovado(a),merito_favoravel,"Nesse sentido, somos favoráveis à APROVAÇÃO do PL 638/2023 nesta Comissão de Assuntos Sociais",parecer_autor
77102,16317,97942,GAB DEP PAULA BELMONTE,Aprovado(a),merito_favoravel,"Diante do exposto, manifestamos voto pela APROVAÇÃO do Projeto de Lei nº 638/2023, quanto ao mérito, no âmbito desta Comissão de Desenvolvimento Econômico Sustentável, Ciência, Tecnologia, Meio Ambiente e Turismo.",parecer_autor
77103,16318,101589,GAB DEP PR DANIEL DE CASTRO,Aprovado(a),admissivel,"Frente o exposto e sob os critérios desta Comissão de Assuntos Sociais - CAS, somos, pela ADMISSIBILIDADE do Projeto de Decreto Legislativo nº 56/2023. É o voto.",parecer_autor
77104,16384,103652,GAB DEP MARTINS MACHADO,Aprovado(a),merito_favoravel,"Além disso, a homenageado preenche cumulativamente todos os requisitos exigidos pela Resolução nº 334/2023. Pelo exposto, somos pela APROVAÇÃO do Projeto de Decreto Legislativo nº 48 de 2023. É o voto.",parecer_autor
77105,16391,93870,CEOF,Aprovado(a),admissivel,"Por fim, a matéria tratada não afronta as legislações de finanças e orçamentárias vigentes, concluindo-se, no âmbito da CEOF e nos termos do art. 64 do Regimento Interno desta casa, pela admissibilidade e aprovação do Projeto de Lei nº 640/2023. É o parecer.",parecer_autor
77106,16447,102063,GAB DEP MAX MACIEL,Aprovado(a),sem_clausula,,parecer_autor
77107,16450,106660,GAB DEP PAULA BELMONTE,Aprovado(a),merito_favoravel,"Diante do exposto, manifestamos voto pela APROVAÇÃO do Projeto de Lei nº 648/2023, quanto ao mérito, no âmbito desta Comissão de Desenvolvimento Econômico Sustentável, Ciência, Tecnologia, Meio Ambiente e Turismo.",parecer_autor
77108,16470,101599,GAB DEP PR DANIEL DE CASTRO,Aprovado(a),admissivel,"Frente o exposto e sob os critérios desta Comissão de Assuntos Sociais - CAS, somos, pela ADMISSIBILIDADE do Projeto de Decreto Legislativo nº 51/2023l. É o voto.",parecer_autor
77109,16472,105668,GAB DEP RICARDO VALE,Não apreciado(a),sem_clausula,,parecer_autor
77110,16501,106494,GAB DEP GABRIEL MAGNO,Não apreciado(a),merito_favoravel,"Assim, pelos motivos expostos nesta Comissão de Educação, Saúde e Cultura, voto pela aprovação, no mérito, do Projeto de Lei nº 650, de 2023.",parecer_autor
77111,16537,104453,GAB DEP MARTINS MACHADO,Aprovado(a),merito_favoravel,"Diante do exposto, manifestamos voto pela APROVAÇÃO do Projeto de Lei nº 658/2023, quanto ao mérito, no âmbito desta Comissão de Assuntos Sociais.",parecer_autor
77112,16563,104683,GAB DEP PR DANIEL DE CASTRO,Aprovado(a),merito_favoravel,"Frente o exposto, no âmbito da Comissão de Assuntos Sociais, somos pela APROVAÇÃO do Projeto de Lei nº. 690/2023.",parecer_autor
77113,16583,101792,GAB DEP PR DANIEL DE CASTRO,Não apreciado(a),merito_favoravel,"Nesse sentido, somos favoráveis à APROVAÇÃO do PL 670/2023 nesta Comissão de Assuntos Sociais.",parecer_autor
77114,16606,102060,GAB DEP MAX MACIEL,Aprovado(a),sem_clausula,,parecer_autor
77115,16660,97706,CEOF,Aprovado(a),admissivel,"Dessa forma, tendo em vista que a proposição observa as exigências formais e materiais do ordenamento jurídico e favorece o desenvolvimento da atuação governamental, voto pela ADMISSIBILIDADE e APROVAÇÃO do Projeto de Lei nº 663, de 2023, de autoria do Poder Executivo, no âmbito desta Comissão de Economia, Orçamento e Finanças, com acatamento das emendas número 1, 2, 3, 4, 5, 6, 7 e 8.",parecer_autor
77116,16677,103660,GAB DEP MARTINS MACHADO,Aprovado(a),merito_favoravel,"Portanto, votamos, no mérito, pela aprovação do Projeto de Lei n.º 681, de 2023.",parecer_autor
77117,16699,106375,GAB DEP JOAQUIM RORIZ NETO,Aprovado(a),sem_clausula,,parecer_autor
77118,16742,106797,GAB DEP MARTINS MACHADO,Aprovado(a),sem_clausula,,parecer_autor
77119,16859,101659,CEOF,Retirado(a),admissivel,"Seção II (Das Alterações na Legislação Tributária e das Demais Receitas) do Capítulo VIII da Lei de Diretrizes Orçamentária vigente, Lei nº 7.171, de 1º de agosto de 2022. Diante do exposto, vota-se, no âmbito da CEOF, pela admissibilidade do PL nº 698/2023 quanto a adequação orçamentária e financeira, haja vista que sua aprovação não gera renúncia fiscal, tampouco aumento de despesa pública.",parecer_autor
77120,16859,106230,GAB DEP THIAGO MANZONI,Aprovado(a),admissivel_com_ressalva,"III - CONCLUSÃO Ante o exposto, manifestamos voto pela ADMISSIBILIDADE do Projeto de Lei nº 698/2023 e da Emenda n.1, na forma da subemenda apresentada.",parecer_autor
77121,16868,105697,GAB DEP RICARDO VALE,Aprovado(a),merito_favoravel,"Por isso, voto pela APROVAÇÃO do Projeto de Lei nº 705/2023.",parecer_autor
77122,16872,101709,CEOF,Aprovado(a),merito_favoravel,"Diante do exposto, manifestamos voto pela APROVAÇÃO e ADMISSIBILIDADE do Projeto de Lei nº 702, de 2023, no âmbito desta Comissão de Economia, Orçamento e Finanças.",parecer_autor
77123,16906,98551,CEOF,Aprovado(a),admissivel,"Dessa forma, tendo em vista que a proposição observa as exigências formais e materiais do ordenamento jurídico e favorece o desenvolvimento da atuação governamental, voto pela ADMISSIBILIDADE e APROVAÇÃO do Projeto de Lei nº 704, de 2.023, de autoria do Poder Executivo, no âmbito desta Comissão de Economia, Orçamento e Finanças.",parecer_autor
77124,16911,106019,CEOF,Aprovado(a),admissivel,"Diante de todo o exposto, vota-se, no âmbito da CEOF, pela admissibilidade e aprovação do PL nº 710/2023, nos termos do art. 64, II do RICLDF.",parecer_autor
77125,16911,104841,GAB DEP ROBÉRIO NEGREIROS,Aprovado(a),admissivel,"Por todo o exposto, nosso voto é pela ADMISSIBILIDADE constitucional e jurídica do Projeto de Lei nº 710, de 2023, com a emenda de redação anexa.",parecer_autor
77126,16920,104696,GAB DEP MARTINS MACHADO,Aprovado(a),merito_favoravel,"Por fim, não se vislumbrando nenhum óbice quanto ao aspecto meritório, no âmbito da Comissão de Transporte e Mobilidade Urbana, votamos pela aprovação do Projeto de Lei nº 715/2023. É o parecer, Senhor Presidente.",parecer_autor
77127,17018,103688,GAB DEP THIAGO MANZONI,Aprovado(a),admissivel_com_ressalva,"Ante o exposto, manifestamos nosso voto pela ADMISSIBILIDADE do PR 22/2023, na forma das Emendas de Relator n.º 2, n.º3, n.º5, n.º6, n.º7 e n.º8.",parecer_autor
77128,17168,107239,GAB DEP ROBÉRIO NEGREIROS,Não apreciado(a),admissivel,"Diante do exposto, manifestamo-nos pela ADMISSIBILIDADE e APROVAÇÃO do Projeto de Resolução nº 23/2023, no âmbito da Comissão de Constituição e Justiça.",parecer_autor
77129,17197,106841,GAB DEP ROBÉRIO NEGREIROS,Retirado(a),admissivel,"Assim, no âmbito da CCJ, vota-se pela ADMISSIBILIDADE do PL nº 722/2023, nos termos do art. 63, I, do RICLDF e das emendas anexas.",parecer_autor
77130,17238,106164,CEOF,Aprovado(a),admissivel,"Pede-se vênia para colacionar quadros discriminando os valores constantes do estudo de impacto e da legislação pertinente: ****** ****** Pelo exposto, vota-se, no âmbito da CEOF, pela admissibilidade do Projeto de Lei nº 724/2023, devido à sua adequação orçamentária e financeira, nos termos do art. 64, II, “a” e “c”, do RICLDF, com acatamento da emenda modificativa anexa.",parecer_autor
77131,17238,106229,GAB DEP THIAGO MANZONI,Aprovado(a),admissivel,"Assim, com fundamento no art. 63, inciso I, do RICLDF, manifesta-se voto pela ADMISSIBILIDADE do PL nº 724/2023, no âmbito desta CCJ.",parecer_autor
77132,17250,105501,CEOF,Aprovado(a),admissivel,"Diante do exposto, vota-se, no âmbito da CEOF, pela admissibilidade e aprovação do PL nº 726/2023, nos termos do art. 64, II, “c”, do RICLDF.",parecer_autor
77133,17250,106159,GAB DEP ROBÉRIO NEGREIROS,Aprovado(a),admissivel,"Diante do exposto, vota-se, no âmbito da CCJ, pela ADMISSIBILIDADE do PL nº 726/2023, nos termos do art. 63, I, do RICLDF.",parecer_autor
77134,17266,105793,CEOF,Aprovado(a),admissivel,"Diante do exposto, votamos, no âmbito desta CEOF, pela admissibilidade, no que concerne à adequação orçamentário-financeira, e pela aprovação, no atinente ao mérito, do PL nº 732/2023, com base nas alíneas “a” e “c” do inciso II do caput do art. 64 do RICLDF.",parecer_autor
77135,17266,106170,GAB DEP ROBÉRIO NEGREIROS,Aprovado(a),admissivel,"dentifica óbices à continuidade da tramitação, uma vez que atende as exigências da Lei Complementar n° 13, de 03 de setembro de 1996. Por todo o exposto, com fundamento no art. 63, inciso I, do RICLDF, vota-se nesta CCJ pela ADMISSIBILIDADE do PL nº 732/2023.",parecer_autor
77136,17277,108129,GAB DEP PR DANIEL DE CASTRO,Aprovado(a),merito_favoravel,"Sob os critérios desta Comissão de Assuntos Sociais, somos, no mérito, pela APROVAÇÃO do Projeto de Lei nº735/2023, de autoria do nobre Deputado Joaquim Roriz Neto.",parecer_autor
77137,17353,107027,GAB DEP DOUTORA JANE,Aprovado(a),merito_favoravel,"Diante do exposto, no âmbito desta Comissão de Desenvolvimento Econômico Sustentável, Ciência, Tecnologia, Meio Ambiente e Turismo – CDESCTMAT, manifestamos voto pela APROVAÇÃO, no mérito, do Projeto de Lei nº 763/2023.",parecer_autor
77138,17575,107112,CEOF,Aprovado(a),admissivel,"Ante o exposto, vota-se, no âmbito da CEOF, pela admissibilidade do PL nº 784/2023, nos termos do art. 64, II, e § 2º, do RICLDF.",parecer_autor
77139,17575,107022,GAB DEP THIAGO MANZONI,Aprovado(a),admissivel,"III – CONCLUSÃO Ante o exposto, com fundamento no art. 63, inciso I e § 1º, do Regimento Interno, no âmbito desta Comissão de Constituição e Justiça manifesta-se voto pela ADMISSIBILIDADE do Projeto de Lei nº 784/2023.",parecer_autor
77140,17682,107164,CEOF,Aprovado(a),admissivel,"Ante o exposto, somos pela admissibilidade da homologação do Homologa dos Convênios ICMS nº 131, de 3 de setembro de 2021, e nº 43, de 14 de abril de 2023, no âmbito de competência desta Comissão de Economia, Orçamento e Finanças, nos termos do Projeto de Decreto Legislativo em anexo.",parecer_autor
77141,17718,107264,CEOF,Aprovado(a),sem_clausula,,parecer_autor
77142,17725,107265,CEOF,Aprovado(a),sem_clausula,,parecer_autor
77143,5826,111581,GAB DEP FÁBIO FÉLIX,Não apreciado(a),admissivel,"Por todo o exposto, conclui-se pela ADMISSIBILIDADE do Projeto de Lei n° 2.521, de 2022, no âmbito desta Comissão de Constituição e Justiça, com a emenda modificativa, em anexo.",parecer_autor
77144,6020,116328,GAB DEP FÁBIO FÉLIX,Aprovado(a),admissivel,"Diante de todo o exposto, manifestamo-nos pela admissibilidade do Projeto de Lei nº 2505/22, no âmbito da CCJ, com a Emenda Supressiva em anexo.",parecer_autor
77145,6170,274513,GAB DEP GABRIEL MAGNO,Não apreciado(a),merito_favoravel,"Ante o exposto, do ponto de vista da relevância, da oportunidade e da conveniência, manifestamo-nos pela aprovação, no mérito, do Projeto de Lei nº 2485, de 2022, no âmbito desta Comissão de Educação, Saúde e Cultura.",parecer_autor
77146,6305,113258,GAB DEP FÁBIO FÉLIX,Aprovado(a),admissivel,"§ 1º do art. 2º da Resolução nº 334/2023. Consulta ao sistema PLe nos informa que foi o quarto PDL congênere apresentado pelo autor, na condição de primeiro ou único subscritor, em 2022. Pelo exposto, manifestamos voto pela ADMISSIBILIDADE do Projeto de Decreto Legislativo nº 251/2022 no âmbito da CCJ.",parecer_autor
77147,6521,121282,GAB DEP ROBÉRIO NEGREIROS,Aprovado(a),admissivel_com_ressalva,"Pelo exposto, manifestamos voto pela ADMISSIBILIDADE do Projeto de Decreto Legislativo nº 245/2022 no âmbito da CCJ, na forma do substitutivo anexo.",parecer_autor
77148,6653,119474,GAB DEP MAX MACIEL,Aprovado(a),sem_clausula,,parecer_autor
77149,6811,129659,GAB DEP JORGE VIANNA,Aprovado(a),admissivel,"Ante o exposto, no âmbito da CEOF, voto pela admissibilidade do PL nº 2540/2022, nos termos do art. 64, II, “a”, do RICLDF.",parecer_autor
77150,6817,125003,GAB DEP DAYSE AMARILIO,Não apreciado(a),merito_favoravel,"Pelo exposto, manifestamo-nos, nesta Comissão de Educação, Saúde e Cultura, pela aprovação do PL nº 2546 de 2022, bem como da Emenda Aditiva n° 1 e da Emenda Modificativa n° 2.",parecer_autor
77151,7156,115909,GAB DEP JORGE VIANNA,Aprovado(a),sem_clausula,,parecer_autor
77152,7161,275140,GAB DEP FÁBIO FÉLIX,Aprovado(a),admissivel,"Pelo exposto, manifestamos voto pela ADMISSIBILIDADE do Projeto de Decreto Legislativo nº 262/2022 no âmbito da CCJ.",parecer_autor
77153,7250,124919,GAB DEP MAX MACIEL,Aprovado(a),sem_clausula,,parecer_autor
77154,7271,120334,GAB DEP DAYSE AMARILIO,Aprovado(a),merito_favoravel,"Diante dessas considerações, manifestamos voto pela APROVAÇÃO, no mérito, do Projeto de Lei nº 2.636/2022, no âmbito da Comissão de Assuntos Sociais.",parecer_autor
77155,7773,111482,GAB DEP FÁBIO FÉLIX,Aprovado(a),merito_favoravel,"Diante do exposto, manifestamo-nos pela APROVAÇÃO, no mérito, do Projeto de Lei nº 2.684, de 2022, no âmbito desta CDDHCEDP.",parecer_autor
77156,7787,109838,GAB DEP PAULA BELMONTE,Aprovado(a),admissivel,"Diante do exposto, no âmbito da Comissão de Economia, Orçamento e Finanças, somos pela ADMISSIBILIDADE do Projeto de Lei nº 2.739, de 2022, nos termos do art. 64, II, do RICLDF.",parecer_autor
77157,7843,118762,GAB DEP PR DANIEL DE CASTRO,Não apreciado(a),merito_favoravel,"Sob os critérios desta Comissão de Assuntos Sociais, somos, no mérito, pela APROVAÇÃO do Projeto de Decreto Legislativo nº2694/2022. É o voto.",parecer_autor
77158,7897,126968,GAB DEP MAX MACIEL,Não apreciado(a),sem_clausula,,parecer_autor
77159,7994,276973,GAB DEP PEPA,Aprovado(a),sem_clausula,,parecer_autor
77160,8036,108895,GAB DEP FÁBIO FÉLIX,Aprovado(a),admissivel,"nstantes do art. 3º, o PDL nº 271/2022 está em conformidade com o limite quantitativo de oito proposituras por sessão legislativa, veiculado pelo § 1º do art. 2º da Resolução nº 334/2023. Pelo exposto, manifestamos voto pela ADMISSIBILIDADE do Projeto de Decreto Legislativo nº 271/2022 no âmbito da CCJ.",parecer_autor
77161,8065,121286,GAB DEP ROBÉRIO NEGREIROS,Aprovado(a),admissivel_com_ressalva,"Pelo exposto, manifestamos voto pela ADMISSIBILIDADE do Projeto de Decreto Legislativo nº 272/2022 no âmbito da CCJ, na forma do substitutivo anexo.",parecer_autor
77162,8105,110273,GAB DEP ROGÉRIO MORRO DA CRUZ,Aprovado(a),merito_favoravel,"Com efeito, ante tudo quanto exposto, no âmbito desta Comissão, manifestamo-nos pela APROVAÇÃO do Projeto de Lei nº 2744/2022, que que “Dispõe sobre a obrigatoriedade de instalação de banheiros químicos na área externa dos locais de aplicação de provas de concursos públicos no âmbito do Distrito Federal.” É o Voto.",parecer_autor
77163,8153,134597,GAB DEP THIAGO MANZONI,Aprovado(a),merito_favoravel,"Diante do exposto, manifestamos voto pela APROVAÇÃO da Emenda Supressiva nº 1/CCJ ao Projeto de Lei nº 2.747/2022 no âmbito desta Comissão de Educação e Cultura.",parecer_autor
77164,8263,276975,GAB DEP PEPA,Aprovado(a),merito_favoravel,"Logo, somos pela APROVAÇÃO no mérito do Projeto de Lei nº 2768/2022, nesta Comissão de Transporte e Mobilidade Urbana.",parecer_autor
77165,8328,123742,GAB DEP THIAGO MANZONI,Aprovado(a),sem_clausula,,parecer_autor
77166,8330,123745,GAB DEP THIAGO MANZONI,Aprovado(a),sem_clausula,,parecer_autor
77167,8335,129353,GAB DEP PR DANIEL DE CASTRO,Aprovado(a),sem_clausula,,parecer_autor
77168,8508,119107,GAB DEP JOÃO CARDOSO,Aprovado(a),sem_clausula,,parecer_autor
77169,8511,129032,GAB DEP MARTINS MACHADO,Não apreciado(a),sem_clausula,,parecer_autor
77170,8742,130447,GAB DEP PR DANIEL DE CASTRO,Não apreciado(a),merito_favoravel,"mbito da Comissão de Segurança foi aprovada emenda n°1, que visa aprimorar o texto da proposição, de acordo com a técnica legislativa, bem como corrigir remissão feita ao art. 2º da Lei nº 6.333/2019. Diante do exposto, somos pela APROVAÇÃO, no mérito, do Projeto de Lei nº 2880/2022, com acatamento da Emenda nº 01, no âmbito da Comissão de Assuntos Sociais.",parecer_autor
77171,8805,108905,GAB DEP FÁBIO FÉLIX,Aprovado(a),admissivel,"Do exposto, manifestamos voto pela ADMISSIBILIDADE do Projeto de Lei nº 2.895/2022.",parecer_autor
77172,8832,119585,GAB DEP ROBÉRIO NEGREIROS,Aprovado(a),admissivel_com_ressalva,"Diante do exposto, manifestamos voto pela ADMISSIBILIDADE do Projeto de Lei nº 2.898/2022, no âmbito da Comissão de Constituição e Justiça, na forma do Substitutivo apresentado.",parecer_autor
77173,8937,133276,GAB DEP MAX MACIEL,Aprovado(a),sem_clausula,,parecer_autor
77174,8955,125677,GAB DEP CHICO VIGILANTE,Aprovado(a),admissivel,"Diante do exposto, manifestamos voto pela ADMISSIBILIDADE do Projeto de Lei nº 2.921/2022, no âmbito da Comissão de Constituição e Justiça.",parecer_autor
77175,9103,129988,GAB DEP HERMETO,Aprovado(a),merito_favoravel,"Diante do exposto, no âmbito da Comissão de Segurança, manifestamo-nos no mérito pela APROVAÇÃO do Projeto de Lei nº 2.974, de 2022.",parecer_autor
77176,9265,281648,GAB DEP ROBÉRIO NEGREIROS,Não apreciado(a),inadmissivel,"Diante do exposto, nosso voto é pela INADMISSIBILIDADE do Projeto de Lei nº 2.968 de 2022, no âmbito da Comissão de Constituição e Justiça.",parecer_autor
77177,9265,123957,GAB DEP PAULA BELMONTE,Aprovado(a),admissivel,"Diante do exposto, o voto, no âmbito desta Comissão de Economia, Orçamento e Finanças, é pela ADMISSIBILIDADE do Projeto de Lei nº 2.968, de 2022, nos termos do art. 64, II, § 1º, combinado com o disposto no art. 65, I, “d”, do RICLDF.",parecer_autor
77178,9394,118723,GAB DEP MARTINS MACHADO,Não apreciado(a),merito_favoravel,"Ante o exposto, no âmbito da Comissão de Assuntos Sociais, somos pela aprovação, no mérito, do Projeto de Lei nº 2.989, de 2022.",parecer_autor
77179,9413,109521,GAB DEP JOÃO CARDOSO,Aprovado(a),sem_clausula,,parecer_autor
77180,9413,127814,GAB DEP JOAQUIM RORIZ NETO,Não apreciado(a),admissivel,"Pelo exposto, vota-se, no âmbito da CEOF, pela admissibilidade do PL nº 3.005/2022, nos termos do art. 64, II do RICLDF.",parecer_autor
77181,9496,134093,GAB DEP RICARDO VALE,Não apreciado(a),merito_favoravel,"Diante disso, voto pela APROVAÇÃO, no mérito, do Projeto de Lei nº 3.021/2022.",parecer_autor
77182,9526,120479,GAB DEP FÁBIO FÉLIX,Aprovado(a),admissivel_com_ressalva,"Pelo exposto, manifestamos voto pela ADMISSIBILIDADE do Projeto de Decreto Legislativo nº 293/2022 no âmbito da CCJ, na forma do substitutivo anexo.",parecer_autor
77183,9526,111177,GAB DEP MAX MACIEL,Aprovado(a),sem_clausula,,parecer_autor
77184,9532,110274,GAB DEP ROGÉRIO MORRO DA CRUZ,Aprovado(a),merito_favoravel,"Ante tudo quanto exposto, no âmbito desta Comissão, manifestamo-nos pela APROVAÇÃO do Projeto de Lei nº 3013/2022, que que “Institui o Programa de Incentivo à Economia Solidária voltado para mulheres e dá outras providências.",parecer_autor
77185,9585,116173,GAB DEP MARTINS MACHADO,Aprovado(a),merito_favoravel,"Ante o exposto, no âmbito da Comissão de Assuntos Sociais, somos pela APROVAÇÃO, no mérito, do Projeto de Lei nº 3.017, de 2022.",parecer_autor
77186,9649,126782,GAB DEP FÁBIO FÉLIX,Não apreciado(a),admissivel,"III – CONCLUSÃO Diante do exposto, no âmbito desta Comissão de Constituição e Justiça, manifestamos voto pela ADMISSIBILIDADE do Projeto de Lei nº 3.022, de 2022.",parecer_autor
77187,9661,128194,GAB DEP ROBÉRIO NEGREIROS,Não apreciado(a),admissivel_com_ressalva,"exposto, com fundamento nos arts. 6º, 24, inciso XII, e 198 e seguintes, todos da Constituição Federal, bem como nos arts. 3º, inciso VI, 17, inciso X, 71, e 204, todos da Lei Orgânica do Distrito Federal, nosso voto é pela ADMISSIBILIDADE do Projeto de Lei n.º 3025/2022, na forma do substitutivo em anexo.",parecer_autor
77188,9732,121642,GAB DEP PR DANIEL DE CASTRO,Não apreciado(a),merito_favoravel,"Nesse sentido, somos favoráveis à APROVAÇÃO do PL 3035/2022.",parecer_autor
77189,9922,115676,GAB DEP MAX MACIEL,Aprovado(a),sem_clausula,,parecer_autor
77190,9927,121296,GAB DEP JAQUELINE SILVA,Não apreciado(a),admissivel,"Diante do exposto, vota-se, no âmbito da CEOF, pela admissibilidade do PL nº 3.064/2022, nos termos do art. 64, II, e § 2º, do RICLDF.",parecer_autor
77191,9934,108842,GAB DEP FÁBIO FÉLIX,Aprovado(a),admissivel_com_ressalva,"Diante do exposto, com fundamento nos arts. 24, VI e VIII, 5°, XXXII e 170, V da Constituição Federal, bem como nos arts. 71, 158, V e 264, todos da Lei Orgânica do Distrito Federal, nosso voto é pela ADMISSIBILIDADE do Projeto de Lei n.º 3.061/2022, na forma do substitutivo anexo.",parecer_autor
77192,9973,115928,GAB DEP MAX MACIEL,Não apreciado(a),sem_clausula,,parecer_autor
77193,9994,131050,GAB DEP PAULA BELMONTE,Aprovado(a),admissivel,"Diante do exposto, o voto, no âmbito desta Comissão de Economia, Orçamento e Finanças, é pela ADMISSIBILIDADE do Projeto de Lei nº 44, de 2023, nos termos do art. 64, II, § 1º do RICLDF.",parecer_autor
77194,10011,118061,GAB DEP ROOSEVELT VILELA,Não apreciado(a),sem_clausula,,parecer_autor
77195,10015,133275,GAB DEP MAX MACIEL,Aprovado(a),sem_clausula,,parecer_autor
77196,10120,131085,GAB DEP JORGE VIANNA,Aprovado(a),admissivel,"Ante o exposto, no âmbito da CEOF, nos termos do art. 64, II, “a”, do RICLDF, voto pela admissibilidade do PL nº 33/2023, com a aprovação das emendas nº 1 e nº 2.",parecer_autor
77197,10120,111441,GAB DEP MARTINS MACHADO,Aprovado(a),merito_favoravel,"Frente o exposto, somos, no âmbito desta Comissão de Assuntos Sociais, pela APROVAÇÃO do Projeto de Lei n.º 33, de 2023, com acatamento da emenda n.º 1. É o Voto.",parecer_autor
77198,10174,119576,GAB DEP FÁBIO FÉLIX,Aprovado(a),merito_favoravel,"Diante do exposto, vota-se, no âmbito desta CTMU, pela aprovação, no que tange ao mérito, do PL no 66/2023, na forma da Emenda Substitutiva nº 01 – CTMU (Substitutivo), nos termos da alínea “c” do inciso I do art. 69-D do RICLDF.",parecer_autor
77199,10207,128504,GAB DEP FÁBIO FÉLIX,Não apreciado(a),merito_favoravel,"Ante o exposto, no âmbito da Comissão de Defesa dos Direitos Humanos, Cidadania e Legislação Participativa, somos pela APROVAÇÃO, no mérito, do Projeto de Lei nº 41, de 2023, na forma do Substitutivo anexo.",parecer_autor
77200,10209,113996,GAB DEP PEPA,Não apreciado(a),merito_favoravel,"Diante de todo o exposto, no âmbito desta Comissão, somos pela APROVAÇÃO integral do Projeto Lei n° 42, de 2023, que Estabelece diretrizes para a instituição do programa Cartão-Reforma no Distrito Federal, altera a Lei nº 3.877/2016, que “Dispõe sobre a política habitacional do Distrito Federal”, e dá outras providências”.",parecer_autor
77201,10226,108825,GAB DEP FÁBIO FÉLIX,Aprovado(a),merito_favoravel,"Feitas essas considerações, manifestamo-nos pela APROVAÇÃO do Projeto de Lei nº 60, de 2023, quanto ao mérito, no âmbito desta Comissão de Defesa dos Direitos Humanos, Cidadania, Ética e Decoro Parlamentar.",parecer_autor
77202,10231,112016,GAB DEP JOAQUIM RORIZ NETO,Aprovado(a),admissivel_com_ressalva,"Diante do exposto, tendo em vista que a proposição guarda pertinência com o ordenamento jurídico vigente, bem como o aperfeiçoa, vota-se, no âmbito desta Comissão de Economia, Orçamento e Finanças, pela ADMISSIBILIDADE e APROVAÇÃO do projeto de lei nº 40 de 2023, de autoria do Deputado Pastor Daniel de Castro, na forma do substitutivo nº 01, apresentando na Comissão de Educação, Saúde e Cultura.",parecer_autor
77203,10250,133858,GAB DEP FÁBIO FÉLIX,Aprovado(a),merito_favoravel,"Diante do exposto, manifestamo-nos pela aprovação do Projeto de Lei nº 50, de 2023, quanto ao mérito, no âmbito desta Comissão de Defesa dos Direitos Humanos, Cidadania e Legislação Participativa.",parecer_autor
77204,10253,122277,GAB DEP JORGE VIANNA,Aprovado(a),admissivel,"Isso posto, no âmbito da CEOF, vota-se pela admissibilidade do PL nº 75/2023, conforme o art. 64, II, do RICLDF.",parecer_autor
77205,10254,132207,GAB DEP ROBÉRIO NEGREIROS,Aprovado(a),admissivel_com_ressalva,"6º, 24, inciso XV, 25, § 1º, 30, inciso I, 32, § 1º, 227 e 230, todos da Constituição Federal, bem como nos arts. 3º, inciso XII, 58, inciso III, 71, 267, 270 e 272, todos da Lei Orgânica do Distrito Federal, entendemos pela ADMISSIBILIDADE do Projeto de Lei n.º 74/2023, na forma do substitutivo em anexo.",parecer_autor
77206,10262,119151,GAB DEP GABRIEL MAGNO,Aprovado(a),merito_favoravel,"Por todo o exposto, no âmbito desta Comissão de Assuntos Fundiários, manifestamos voto pela APROVAÇÃO do Projeto de Lei nº 71, de 2023.",parecer_autor
77207,10265,139561,GAB DEP JOAQUIM RORIZ NETO,Aprovado(a),admissivel_com_ressalva,"Por essa razão, voto pela ADMISSIBILIDADE e APROVAÇÃO do projeto de lei nº 43/2023, de autoria do Deputado Rogério Morro da Cruz, na forma de sua redação original.",parecer_autor
77208,10276,120371,GAB DEP DAYSE AMARILIO,Não apreciado(a),merito_favoravel,"s que visem à redução do risco de doença e de outros agravos e ao acesso universal e igualitário às ações e serviços para sua promoção, proteção e recuperação.” Assim, considerando que a proposição se reveste de mérito, manifestamos voto, nesta Comissão de Educação, Saúde e Cultura, pela APROVAÇÃO do Projeto de Lei nº 81 de 2023.",parecer_autor
77209,10302,110570,CEOF,Aprovado(a),admissivel,"Dessa forma, tendo em vista que a proposição observa as exigências formais e materiais do ordenamento jurídico e favorece o desenvolvimento da atuação governamental, voto pela ADMISSIBILIDADE e APROVAÇÃO do Projeto de Lei nº 4, de 2023, de autoria do Poder Executivo, no âmbito desta Comissão de Economia, Orçamento e Finanças.",parecer_autor
77210,10314,280673,GAB DEP IOLANDO,Não apreciado(a),admissivel,"Pelo exposto, manifestamo-nos pela admissibilidade do Projeto de Lei nº 64/2023, no âmbito desta Comissão.",parecer_autor
77211,10314,110187,GAB DEP PAULA BELMONTE,Aprovado(a),admissivel,"Diante do exposto, no âmbito da Comissão de Economia, Orçamento e Finanças, somos pela ADMISSIBILIDADE do Projeto de Lei nº 64, de 2023, nos termos do art. 64, II, do RICLDF.",parecer_autor
77212,10343,127416,GAB DEP JORGE VIANNA,Aprovado(a),admissivel,"Diante do exposto, voto, no âmbito da CEOF, pela admissibilidade do PLC nº 3/2023, nos termos do art. 64, II, e § 2º, do RICLDF.",parecer_autor
77213,10349,117519,GAB DEP RICARDO VALE,Não apreciado(a),merito_favoravel,"Diante disso, voto pela APROVAÇÃO do Projeto de Lei nº 77/2023, na forma do Substitutivo da CCJ (Emenda nº 01).",parecer_autor
77214,10381,126904,GAB DEP MARTINS MACHADO,Aprovado(a),merito_favoravel,"Ante o exposto, no âmbito da Comissão de Assuntos Sociais, somos pela aprovação, no mérito, do Projeto de Lei nº 90, de 2023, com acatamento da Emenda n.º 1.",parecer_autor
77215,10408,108901,GAB DEP FÁBIO FÉLIX,Aprovado(a),admissivel,"Diante do exposto, manifestamos voto pela ADMISSIBILIDADE do Projeto de Lei nº 98/2023, no âmbito da CCJ.",parecer_autor
77216,10432,125421,GAB DEP IOLANDO,Aprovado(a),admissivel,"Diante do exposto, manifestamos voto pela ADMISSIBILIDADE do Projeto de Resolução nº 12/2023, no âmbito da Comissão de Constituição e Justiça.",parecer_autor
77217,10436,109533,GAB DEP JOÃO CARDOSO,Aprovado(a),sem_clausula,,parecer_autor
77218,10520,111366,GAB DEP JORGE VIANNA,Não apreciado(a),admissivel,"Isso posto, no âmbito da CEOF, voto pela admissibilidade e aprovação do PLC nº 8/2023, conforme o art. 64, II, do RICLDF, bem como das Emendas nos 1 e 2 apresentadas em Plenário.",parecer_autor
77219,10521,111557,GAB DEP MARTINS MACHADO,Não apreciado(a),sem_clausula,,parecer_autor
77220,10521,111495,GAB DEP ROBÉRIO NEGREIROS,Aprovado(a),admissivel,"vista que a proposição observa todas as exigências formais e matérias do ordenamento jurídico e favorece o desenvolvimento da atuação governamental, no âmbito desta COMISSÃO DE CONSTITUIÇÃO E JUSTIÇA, manifestamos voto pela ADMISSIBILIDADE do Projeto de Lei nº 107, de 2023, do Poder Executivo.",parecer_autor
77221,10529,134818,GAB DEP ROBÉRIO NEGREIROS,Aprovado(a),admissivel,"Por isso, defendo a permanência da proposta original do autor para o art. 3º. Diante do exposto, no âmbito da Comissão de Constituição e Justiça, manifestamos voto pela ADMISSIBILIDADE do Projeto de Lei nº 112/2023, com admissão das emendas 3 e 4 e inadmissibilidade da emenda nº 1.",parecer_autor
77222,10529,110083,GAB DEP DAYSE AMARILIO,Aprovado(a),merito_favoravel,"Pelo exposto, manifestamo-nos, no mérito, pela APROVAÇÃO do Projeto de Lei nº 112 de 2023, no âmbito desta Comissão de Assuntos Sociais, com o acolhimento das Emenda Supressiva nº 1, a Emenda Modificativa nº 3 e a Emenda Aditiva nº 4.",parecer_autor
77223,10529,123780,GAB DEP PAULA BELMONTE,Aprovado(a),admissivel,"Diante do exposto, no âmbito da Comissão de Economia, Orçamento e Finanças, somos pela ADMISSIBILIDADE do Projeto de Lei nº 112 de 2023, com o acolhimento das Emenda Supressiva nº 1, a Emenda Modificativa nº 3 e a Emenda Aditiva nº 4. É o voto.",parecer_autor
77224,10571,276208,GAB DEP PEPA,Não apreciado(a),merito_contrario,"Posto isso, no âmbito desta Comissão, somos pela REJEIÇÃO, no mérito, do Projeto de Lei 122/2023, que ""Dispõe sobre a proibição de perseguições seguidas de laçadas e derrubadas de animais, em rodeios ou eventos similares"".",parecer_autor
77225,10571,128597,GAB DEP ROGÉRIO MORRO DA CRUZ,Não apreciado(a),merito_favoravel,"Diante de todo o exposto, no âmbito desta Comissão, somos favoráveis à APROVAÇÃO do Projeto de Lei 112/2023, que ""Dispõe sobre a proibição de perseguições seguidas de laçadas e derrubadas de animais, em rodeios ou eventos similares"".",parecer_autor
77226,10572,119823,GAB DEP FÁBIO FÉLIX,Aprovado(a),admissivel_com_ressalva,"III – CONCLUSÃO Diante do exposto, no âmbito desta Comissão de Constituição e Justiça, manifestamos voto pela ADMISSIBILIDADE do Projeto de Lei nº 123, de 2023, na forma do substitutivo em anexo.",parecer_autor
77227,10575,121298,GAB DEP JAQUELINE SILVA,Aprovado(a),admissivel,"Isso posto, no âmbito da CEOF, vota-se pela admissibilidade do PL nº 119/2023, conforme o art. 64, II, do RICLDF.",parecer_autor
77228,10582,117129,GAB DEP ROBÉRIO NEGREIROS,Aprovado(a),inadmissivel,"O STF, porém, no ano passado, entendeu pela inconstitucionalidade desse quorum, fixando quorum igual ao necessário para emenda constitucional (ADI 7.205/DF, Rel.",parecer_autor
77229,10624,119265,GAB DEP ROBÉRIO NEGREIROS,Aprovado(a),admissivel_com_ressalva,"Diante do exposto, tendo em vista que a proposição observa as exigências formais e materiais do ordenamento jurídico, no âmbito desta COMISSÃO DE CONSTITUIÇÃO E JUSTIÇA, manifestamos voto pela ADMISSIBILIDADE do Projeto de Lei nº 130, de 2023, na forma da emenda 1 deste relator.",parecer_autor
77230,10627,121299,GAB DEP JAQUELINE SILVA,Não apreciado(a),admissivel_com_ressalva,"Diante dessas considerações, votamos, no âmbito da CEOF, pela admissibilidade do PL nº 223/2023, na forma da Emenda nº 01 (Supressiva) – CEOF, nos termos do art. 64, II, do RICLDF.",parecer_autor
77231,10696,280889,GAB DEP IOLANDO,Aprovado(a),admissivel_com_ressalva,"Ante o exposto, no tocante à competência regimental da Comissão de Constituição e Justiça, manifestamo-nos pela ADMISSIBILIDADE do Projeto de Lei nº 139/2023, na forma do substitutivo aprovado pela Comissão de Defesa dos Direitos Humanos, Cidadania e Legislação Participativa – CDDHCLP.",parecer_autor
77232,10696,109500,GAB DEP PAULA BELMONTE,Aprovado(a),merito_favoravel,"Diante do exposto, manifestamos voto pela APROVAÇÃO, no mérito, do Projeto de Lei nº 139/2023, na forma do substitutivo apresentado e aprovado no âmbito da Comissão de Defesa dos Direitos Humanos, Cidadania, Ética e Decoro Parlamentar, no âmbito desta Comissão de Desenvolvimento Econômico Sustentável, Ciência,",parecer_autor
77233,10724,118767,GAB DEP JOÃO CARDOSO,Aprovado(a),sem_clausula,,parecer_autor
77234,10730,115603,GAB DEP PAULA BELMONTE,Aprovado(a),merito_favoravel,"Diante do exposto, manifestamos voto pela APROVAÇÃO do Projeto de Lei nº 141/2023, quanto ao mérito, na forma do Substitutivo aprovado na CCJ, no âmbito desta Comissão de Desenvolvimento Econômico Sustentável, Ciência, Tecnologia, Meio Ambiente e Turismo.",parecer_autor
77235,10735,121285,GAB DEP JAQUELINE SILVA,Aprovado(a),admissivel,"Ante o exposto, vota-se, no âmbito da CEOF, pela admissibilidade do PL nº 135/2023, nos termos do art. 64, II, “a”, do RICLDF.",parecer_autor
77236,10816,128378,GAB DEP IOLANDO,Aprovado(a),merito_favoravel,"Ante o exposto, manifestamo-nos, no âmbito desta Comissão de Defesa do Consumidor, quanto ao mérito, pela aprovação do Projeto de Lei Complementar nº 7, de 2023, desde que acatada a Emenda Modificativa constante do Anexo I.",parecer_autor
77237,10844,124406,GAB DEP MARTINS MACHADO,Aprovado(a),merito_favoravel,"Assim exposto, nos manifestamos, no mérito, pela APROVAÇÃO do Projeto de Lei nº 149/2023, no âmbito desta Comissão.",parecer_autor
77238,10856,108904,GAB DEP FÁBIO FÉLIX,Aprovado(a),admissivel,"Diante de todo o exposto, manifestamo-nos pela ADMISSIBILIDADE do Projeto de Lei nº 152/23, no âmbito da CCJ.",parecer_autor
77239,10862,111931,GAB DEP THIAGO MANZONI,Aprovado(a),merito_favoravel,"Sendo assim, no âmbito desta Comissão de Educação, Saúde e Cultura, vota-se, no mérito, pela aprovação, do Projeto de Lei nº 154/2023.",parecer_autor
77240,10886,129084,GAB DEP GABRIEL MAGNO,Aprovado(a),merito_favoravel,"Por todo o exposto, no âmbito da CEC, manifestamos voto pela APROVAÇÃO, no mérito, do Projeto de Lei nº 160, de 2023.",parecer_autor
77241,11017,116148,GAB DEP JORGE VIANNA,Não apreciado(a),merito_favoravel,"Assim, considerando os aspectos meritórios apresentados e diante da necessidade, relevância social, oportunidade e conveniência ao interesse público da matéria, no âmbito desta Comissão de Educação, Saúde e Cultura, votamos, no mérito, pela aprovação do Projeto de Lei nº 201/2023. DEPUTADO(A) <Digite NOME> Presidente DEPUTADO(A) <Digite NOME> Relator(a) 1- Nos termos da Lei federal nº 13.185, de 6 de novembro de 2015, “considera-se intimidação sistemática (bullying) todo ato de violência física ou psicoló",parecer_autor
77242,11069,133473,GAB DEP IOLANDO,Não apreciado(a),merito_contrario,"Diante do exposto, votamos, no âmbito desta Comissão de Segurança, pela REJEIÇÃO, no mérito, do Projeto de Lei nº 173, de 2023.",parecer_autor
77243,11070,121280,GAB DEP JAQUELINE SILVA,Aprovado(a),merito_favoravel,"Diante do exposto, manifestamos voto pela APROVAÇÃO do Projeto de Lei nº 174/2023, no âmbito da Comissão de Defesa dos Direitos Humanos, Cidadania, Ética e Decoro Parlamentar, com o acolhimento do substitutivo anexo.",parecer_autor
77244,11125,110189,GAB DEP PAULA BELMONTE,Aprovado(a),admissivel,"Diante do exposto, no âmbito da Comissão de Economia, Orçamento e Finanças, somos pela ADMISSIBILIDADE do Projeto de Lei nº 182, de 2023, nos termos do art. 64, II, do RICLDF.",parecer_autor
77245,11173,127361,GAB DEP JAQUELINE SILVA,Não apreciado(a),admissivel,"Diante do exposto, vota-se, no âmbito da CEOF, pela admissibilidade do PL nº 205/2023, nos termos do art. 64, II, e § 2º, do RICLDF.",parecer_autor
77246,11205,126805,GAB DEP FÁBIO FÉLIX,Aprovado(a),admissivel,"são legislativa, veiculado pelo § 1º do art. 2º da Resolução nº 334/2023. Consulta ao sistema PLe nos informa que foi o segundo PDL congênere apresentado pelo primeiro subscritor em 2023. Pelo exposto, manifestamos voto pela ADMISSIBILIDADE do Projeto de Decreto Legislativo nº 11/2023 no âmbito da CCJ.",parecer_autor
77247,11243,117618,GAB DEP IOLANDO,Aprovado(a),admissivel,"Pelo exposto, considerando serem esses os aspectos pertinentes à apreciação desta Comissão, nosso voto é pela ADMISSIBILIDADE do Projeto de Lei nº 211, de 2023.",parecer_autor
77248,11328,126901,GAB DEP MARTINS MACHADO,Aprovado(a),merito_favoravel,"Ante o exposto, no âmbito da Comissão de Assuntos Sociais, somos pela aprovação, no mérito, do Projeto de Lei nº 216, de 2023, com acatamento da Emenda n.º 1.",parecer_autor
77249,11330,108908,GAB DEP FÁBIO FÉLIX,Aprovado(a),admissivel,"Diante do exposto, manifestamos voto pela ADMISSIBILIDADE do Projeto de Lei nº 226/2023, no âmbito da Comissão de Constituição e Justiça, com o acolhimento da emenda modificativa anexa.",parecer_autor
77250,11337,129393,GAB DEP IOLANDO,Aprovado(a),admissivel_com_ressalva,"Diante do exposto, manifestamos voto pela admissibilidade do Projeto de Lei nº 305/2023, na forma do substitutivo anexo.",parecer_autor
77251,11394,121264,GAB DEP ROBÉRIO NEGREIROS,Aprovado(a),admissivel_com_ressalva,"Diante do exposto, manifestamos voto pela ADMISSIBILIDADE do Projeto de Lei nº 276/2023, no âmbito da Comissão de Constituição e Justiça, na forma do substitutivo anexo.",parecer_autor
77252,11524,112071,GAB DEP CHICO VIGILANTE,Não apreciado(a),inadmissivel,"III – CONCLUSÃO Diante do exposto, no âmbito desta Comissão de Constituição e Justiça, manifestamos voto pela ADMISSIBILIDADE do Projeto de Lei nº 536, de 2023, na forma do substitutivo em anexo, e pela INADMISSIBILIDADE do substitutivo apresentado pela CDESTMAT.",parecer_autor
77253,11530,127629,GAB DEP GABRIEL MAGNO,Não apreciado(a),merito_favoravel,"Diante do exposto, no âmbito da Comissão de Educação, Saúde e Cultura, manifestamos voto pela APROVAÇÃO do Projeto de Lei nº 243/2023.",parecer_autor
77254,11602,113921,GAB DEP JOÃO CARDOSO,Não apreciado(a),sem_clausula,,parecer_autor
77255,11806,115647,GAB DEP MARTINS MACHADO,Não apreciado(a),merito_favoravel,"Pelo exposto, votamos, no âmbito da CMTU, pela APROVAÇÃO do Projeto de Lei nº 246 de 2023, de autoria da nobre Deputado Gabriel Magno, com Emenda Modificativa de Relator.",parecer_autor
77256,11917,277778,GAB DEP PAULA BELMONTE,Não apreciado(a),merito_favoravel,"Diante do exposto, no âmbito desta Comissão de Desenvolvimento Econômico Sustentável, Ciência, Tecnologia, Meio Ambiente e Turismo, manifestamos voto pela APROVAÇÃO do Projeto de Lei nº 448/2023, quanto ao mérito, na forma do substitutivo aprovado na CAF.",parecer_autor
77257,11917,132830,GAB DEP GABRIEL MAGNO,Aprovado(a),merito_favoravel,"Diante do exposto, votamos pela APROVAÇÃO do Projeto de Lei nº 448, de 2023, no âmbito desta Comissão de Assuntos Fundiários, na forma do substitutivo anexo.",parecer_autor
77258,11936,126971,GAB DEP MAX MACIEL,Não apreciado(a),sem_clausula,,parecer_autor
77259,11974,124913,GAB DEP MAX MACIEL,Aprovado(a),sem_clausula,,parecer_autor
77260,11983,111836,GAB DEP EDUARDO PEDROSA,Não apreciado(a),admissivel,"Diante do exposto, vota-se, no âmbito da CEOF, pela admissibilidade do PL nº 334, de 2023, nos termos do art. 64, II, e § 2º, do RICLDF.",parecer_autor
77261,12004,276371,GAB DEP IOLANDO,Não apreciado(a),admissivel,"Feitas essas ponderações, manifestamos voto pela ADMISSIBILIDADE do Projeto de Lei nº 264/2023, no âmbito da CCJ.",parecer_autor
77262,12043,109771,GAB DEP IOLANDO,Não apreciado(a),merito_favoravel,"Ante o exposto, no âmbito da Comissão de Segurança, votamos pela aprovação, no mérito, na forma do Substitutivo anexo, do Projeto de Lei nº 265, de 2023.",parecer_autor
77263,12048,118582,GAB DEP JORGE VIANNA,Aprovado(a),merito_favoravel,"Diante do exposto, votamos no âmbito desta Comissão de Educação, Saúde e Cultura, pela APROVAÇÃO, no mérito, do Projeto de Lei nº 268, de 2023. 1- DESMURGET, M. A fábrica de cretinos digitais: Os perigos das telas para nossas crianças.",parecer_autor
77264,12156,120114,GAB DEP HERMETO,Aprovado(a),merito_favoravel,"Em face do exposto, julgamos meritória a proposição em análise, razão pela qual manifestamos voto pela APROVAÇÃO do Projeto de Lei nº 339/2023 e do Projeto de Lei apensado nº 938/2024 na forma do substitutivo em anexo.",parecer_autor
77265,12156,129773,GAB DEP IOLANDO,Não apreciado(a),admissivel_com_ressalva,"Diante do exposto, tendo em vista que a proposição observa todas as exigências formais e matérias do ordenamento jurídico, no âmbito desta COMISSÃO DE CONSTITUIÇÃO E JUSTIÇA, manifestamos voto pela ADMISSIBILIDADE do Projeto de Lei nº 339/2023, em tramitação conjunta com o Projeto de Lei nº 938/2024, do Poder Executivo na forma da Emenda Substitutiva nº 1.",parecer_autor
77266,12156,125938,GAB DEP PAULA BELMONTE,Não apreciado(a),admissivel_com_ressalva,"Diante do exposto, o voto, no âmbito desta Comissão de Economia, Orçamento e Finanças, é pela admissibilidade do Projeto de Lei nº 339, de 2024, em tramitação conjunta com o Projeto de Lei nº 938, de 2024, na forma da Emenda Substitutiva nº 1, nos termos do art. 64, II, § 1º, do RICLDF, É o voto.",parecer_autor
77267,12203,120325,GAB DEP JOÃO CARDOSO,Aprovado(a),sem_clausula,,parecer_autor
77268,12208,112081,GAB DEP CHICO VIGILANTE,Aprovado(a),admissivel_com_ressalva,"Diante do exposto, manifestamos voto pela ADMISSIBILIDADE do Projeto de Lei nº 284/2023, no âmbito da Comissão de Constituição e Justiça, na forma do Substitutivo anexo.",parecer_autor
77269,12244,126747,GAB DEP FÁBIO FÉLIX,Aprovado(a),admissivel_com_ressalva,"III – CONCLUSÃO Diante do exposto, no âmbito desta Comissão de Constituição e Justiça, manifestamos voto pela ADMISSIBILIDADE do Projeto de Lei nº 288, de 2023, na forma do substitutivo em anexo.",parecer_autor
77270,12251,112045,GAB DEP JAQUELINE SILVA,Aprovado(a),admissivel,"Ante o exposto, vota-se, no âmbito da CEOF, pela admissibilidade e aprovação do PL nº 292/2023, nos termos do art. 64, II, “a”, do RICLDF.",parecer_autor
77271,12251,129421,GAB DEP ROBÉRIO NEGREIROS,Não apreciado(a),inadmissivel,"o, e de outro a Constituição Federal, a Lei Orgânica e as normas nacionais e distritais regentes do sistema de ensino público, sem embargo do elevado propósito do ilustre autor, resta-nos somente manifestar entendimento pela INADMISSIBILIDADE CONSTITUCIONAL E JURÍDICA do Projeto de Lei nº 292/2023.",parecer_autor
77272,12328,115501,GAB DEP MAX MACIEL,Aprovado(a),sem_clausula,,parecer_autor
77273,12340,129438,GAB DEP IOLANDO,Aprovado(a),merito_favoravel,"Em face do exposto, somos pela APROVAÇÃO, no mérito, do Projeto de Lei n° 301, de 2023, no âmbito desta Comissão de Segurança - CS.",parecer_autor
77274,12340,281507,GAB DEP ROBÉRIO NEGREIROS,Aprovado(a),admissivel_com_ressalva,"Pelo exposto, manifestamos voto pela ADMISSIBILIDADE constitucional e jurídica do Projeto de Lei n.º 301/2023, na forma do substitutivo em anexo.",parecer_autor
77275,12390,125204,GAB DEP JAQUELINE SILVA,Aprovado(a),admissivel,"Isso posto, no âmbito da CEOF, vota-se pela admissibilidade do PL nº 313/2023, conforme o art. 64, II, do RICLDF.",parecer_autor
77276,12390,139681,GAB DEP ROBÉRIO NEGREIROS,Não apreciado(a),admissivel_com_ressalva,"Por todo o exposto, nosso voto é pela ADMISSIBILIDADE constitucional e jurídica do Projeto de Lei nº 313, de 2023, na forma das emendas em anexo.",parecer_autor
77277,12390,115669,GAB DEP MAX MACIEL,Aprovado(a),sem_clausula,,parecer_autor
77278,12391,128910,GAB DEP FÁBIO FÉLIX,Aprovado(a),admissivel,"Diante do exposto, manifestamos voto pela ADMISSIBILIDADE do Projeto de Lei nº 317/2023, no âmbito da Comissão de Constituição e Justiça.",parecer_autor
77279,12393,112076,GAB DEP CHICO VIGILANTE,Aprovado(a),admissivel,"Diante do exposto, manifestamos voto pela ADMISSIBILIDADE do Projeto de Lei nº 376/2023, no âmbito da Comissão de Constituição e Justiça.",parecer_autor
77280,12401,108674,GAB DEP DAYSE AMARILIO,Aprovado(a),merito_favoravel,"Pelo exposto, manifestamos voto pela APROVAÇÃO do Projeto de Lei n° 337 de 2023, no âmbito desta Comissão de Assuntos Sociais.",parecer_autor
77281,12406,120563,GAB DEP FÁBIO FÉLIX,Aprovado(a),admissivel_com_ressalva,"III – CONCLUSÃO Diante do exposto, no âmbito desta Comissão de Constituição e Justiça, manifestamos voto pela ADMISSIBILIDADE do Projeto de Lei nº 801, de 2023, na forma do substitutivo apresentado em anexo neste parecer.",parecer_autor
77282,12406,111357,GAB DEP DOUTORA JANE,Aprovado(a),merito_favoravel,"Em vista disso, no âmbito desta Comissão de Desenvolvimento Econômico Sustentável, Ciência, Tecnologia, Meio Ambiente e Turismo – CDESCTMAT, manifestamos voto pela APROVAÇÃO, no mérito, do Projeto de Lei nº 801/2023.",parecer_autor
77283,12423,119316,GAB DEP JORGE VIANNA,Aprovado(a),merito_favoravel,"Ante o exposto, manifestamo-nos, no âmbito desta Comissão de Educação, Saúde e Cultura, quanto ao mérito, pela APROVAÇÃO do Projeto de Lei nº 324, de 2023 1- Estabelece as diretrizes para a formulação da Política Nacional da Agricultura Familiar e Empreendimentos Familiares Rurais.",parecer_autor
77284,12457,110496,GAB DEP PAULA BELMONTE,Aprovado(a),admissivel,"Por fim, asseveramos que a proposição observa as exigências formais e materiais do ordenamento jurídico, razão pela qual pugnamos pela ADMISSIBILIDADE do Projeto de Lei nº 331, de 2023, no âmbito desta Comissão de Economia, Orçamento e Finanças.",parecer_autor
77285,12471,117575,GAB DEP MARTINS MACHADO,Não apreciado(a),merito_favoravel,"Por todo o exposto, no âmbito desta Comissão de Assuntos Sociais, manifestamos voto pela aprovação, no mérito, do Projeto de Lei nº 333, de 2023, com acatamento das emendas n.º 1 e 2, aprovadas na CESC.",parecer_autor
77286,12494,114291,GAB DEP IOLANDO,Aprovado(a),admissivel,"Diante do exposto, manifestamos voto pela ADMISSIBILIDADE do Projeto de Lei nº 338/2023, no âmbito da Comissão de Constituição e Justiça, nos termos do Substitutivo anexo.",parecer_autor
77287,12534,131162,GAB DEP JORGE VIANNA,Aprovado(a),admissivel,"Diante do exposto, vota-se, no âmbito da CEOF, pela admissibilidade do PL nº 340/2023, conforme art. 64, II, do RICLDF.",parecer_autor
77288,12617,119937,GAB DEP JOÃO CARDOSO,Não apreciado(a),sem_clausula,,parecer_autor
77289,12624,109352,GAB DEP PAULA BELMONTE,Aprovado(a),admissivel,"Diante do exposto, vota-se, no âmbito da CEOF, pela admissibilidade e aprovação do PL nº 349, de 2023, nos termos do art. 64, II, “a”, do RICLDF.",parecer_autor
77290,12639,123400,GAB DEP IOLANDO,Aprovado(a),admissivel,"Diante do exposto, manifestamos voto pela ADMISSIBILIDADE do Projeto de Lei nº 359 de 2023, no âmbito da Comissão de Constituição e Justiça.",parecer_autor
77291,12656,109499,GAB DEP PAULA BELMONTE,Aprovado(a),admissivel,"Diante do exposto, vota-se, no âmbito da CEOF, pela admissibilidade e aprovação do PL nº 350, de 2023, nos termos do art. 64, II, “a”, do RICLDF.",parecer_autor
77292,12679,276372,GAB DEP IOLANDO,Aprovado(a),admissivel,"Diante do exposto, manifestamos voto pela ADMISSIBILIDADE do Projeto de Lei nº 351/2023, no âmbito da Comissão de Constituição e Justiça, com o acolhimento da emenda modificativa anexa.",parecer_autor
77293,12692,115582,GAB DEP CHICO VIGILANTE,Não apreciado(a),admissivel,"emenda àquela proposição, o que sugerimos desde logo ao nobre relator do Projeto de Resolução nº 24/2023. Por esses motivos, com fundamento nos arts. 19, caput, e 60, II, da Lei Orgânica do Distrito Federal nosso voto é pela ADMISSIBILIDADE do Projeto de Resolução nº 6/2023.",parecer_autor
77294,12785,278072,GAB DEP DOUTORA JANE,Não apreciado(a),merito_favoravel,"Com efeito, do quanto até aqui exposto, no âmbito desta Comissão de Desenvolvimento Econômico Sustentável, Ciência, Tecnologia, Meio Ambiente e Turismo, no mérito, manifestamos voto pela APROVAÇÃO do Projeto de Lei nº 388, de 2023, na forma do Substitutivo (Emenda nº 02) apresentado pelo autor do Projeto.",parecer_autor
77295,12830,131461,GAB DEP MARTINS MACHADO,Não apreciado(a),merito_favoravel,"Concluídas as considerações, no âmbito desta Comissão de Assuntos Sociais, votamos, no mérito, pela aprovação dos Projetos de Lei nº 830/2023 e 864/2024, nos termos do substitutivo de Relator.",parecer_autor
77296,12853,120184,GAB DEP GABRIEL MAGNO,Aprovado(a),merito_favoravel,"Ante o exposto, quanto aos critérios de oportunidade e conveniência, manifestamo-nos pela aprovação, no mérito, do Projeto de Lei nº 435, de 2023, no âmbito desta Comissão de Educação, Saúde e Cultura.",parecer_autor
77297,12896,111015,GAB DEP CHICO VIGILANTE,Aprovado(a),inadmissivel,".n.) Sendo assim, em face da inconstitucionalidade por usurpação da competência legislativa privativa da União para legislar sobre direito do trabalho e sobre condições para o exercício de profissões, só nos resta votar pela INADMISSIBILIDADE CONSTITUCIONAL E JURÍDICA do Projeto de Lei nº 360/2023, com fundamento no art. 22, incisos I e XVI, e parágrafo único, da Constituição Federal.",parecer_autor
77298,12985,109520,GAB DEP PAULA BELMONTE,Aprovado(a),admissivel,"Diante do exposto, o voto, no âmbito da CEOF, é pela admissibilidade e aprovação do PL nº 402, de 2023, nos termos do art. 64, II, “a” e “s”, do RICLDF.",parecer_autor
77299,13156,108906,GAB DEP FÁBIO FÉLIX,Aprovado(a),admissivel,"Diante do exposto, manifestamos voto pela ADMISSIBILIDADE do Projeto de Lei nº 377/2023, no âmbito da Comissão de Constituição e Justiça, com o acolhimento da emenda modificativa anexa.",parecer_autor
77300,13209,119627,GAB DEP PEPA,Não apreciado(a),merito_favoravel,"Diante do exposto, manifestamos voto pela APROVAÇÃO do Projeto de Lei nº 379, de 2023, no âmbito desta Comissão de Assuntos Fundiários.",parecer_autor
77301,13326,122183,GAB DEP JOÃO CARDOSO,Não apreciado(a),sem_clausula,,parecer_autor
77302,13345,120773,GAB DEP DAYSE AMARILIO,Aprovado(a),merito_favoravel,"Feitas essas considerações, manifestamo-nos, no mérito, pela APROVAÇÃO do Projeto de Lei nº 431 de 2023, no âmbito desta Comissão de Assuntos Sociais.",parecer_autor
77303,13345,110275,GAB DEP ROGÉRIO MORRO DA CRUZ,Aprovado(a),merito_favoravel,"Com efeito, considerando a importância da proposição para o avanço dos direitos das mulheres no esporte e sua contribuição para a construção de uma sociedade mais justa e igualitária, no âmbito desta Comissão, manifestamo-nos pela APROVAÇÃO do Projeto de Lei nº 431/2023, que Institui a Política Distrital de apoio e incentivo à mulher no esporte e dá outras providências.",parecer_autor
77304,13366,113301,GAB DEP CHICO VIGILANTE,Aprovado(a),merito_favoravel,"Pelo exposto, considerando o caráter protetivo aos direitos dos consumidores e a consonância com a jurisprudência consolidada, manifestamo-nos pela APROVAÇÃO do Projeto de Lei 391, de 2023, no âmbito da Comissão de Defesa do Consumidor.",parecer_autor
77305,13378,115803,GAB DEP ROBÉRIO NEGREIROS,Aprovado(a),admissivel_com_ressalva,"Diante do exposto, manifestamos voto pela ADMISSIBILIDADE do Projeto de Lei nº 393/2023, no âmbito da Comissão de Constituição e Justiça, na forma do substitutivo aprovado pela Comissão de Defesa dos Direitos Humanos, Cidadania, Ética e Decoro Parlamentar e com o acolhimento da emenda supressiva anexa.",parecer_autor
77306,13390,134614,GAB DEP THIAGO MANZONI,Não apreciado(a),merito_favoravel,"Diante do exposto, somos pela APROVAÇÃO, no mérito, do Projeto de Lei nº 424/2023, no âmbito da Comissão de Educação e Cultura.",parecer_autor
77307,13396,110765,GAB DEP PEPA,Não apreciado(a),merito_favoravel,"Diante do exposto, vota-se, no âmbito da CTMU, pela aprovação do PL no 472/2023, na forma da Emenda Modificativa nº 01 – CTMU, da Emenda Aditiva nº 01 – CTMU e da Emenda Supressiva nº 01 – CTMU anexas, nos termos da alínea “a” do inciso I do art. 69-D do RICLDF.",parecer_autor
77308,13424,111438,GAB DEP MARTINS MACHADO,Aprovado(a),merito_favoravel,"Frente o exposto, somos, no âmbito desta Comissão de Assuntos Sociais, pela APROVAÇÃO do Projeto de Lei n.º 415, de 2023. É o Voto.",parecer_autor
77309,13427,116862,GAB DEP CHICO VIGILANTE,Não apreciado(a),admissivel,"1º do art. 2º da Resolução nº 334/2023. Consulta ao sistema PLe nos informa que foi o primeiro PDL congênere apresentado pelo autor, na condição de primeiro ou único subscritor, em 2023. Pelo exposto, manifestamos voto pela ADMISSIBILIDADE do Projeto de Decreto Legislativo nº 35/2023 no âmbito da CCJ.",parecer_autor
77310,13484,111013,GAB DEP EDUARDO PEDROSA,Não apreciado(a),merito_favoravel,"Diante do exposto, no âmbito desta Comissão de Assuntos Fundiários, manifestamos voto pela APROVAÇÃO, no mérito, do Projeto de Lei nº 411, de 2023, com a emenda apresentada nesta relatoria.",parecer_autor
77311,13504,124914,GAB DEP MAX MACIEL,Não apreciado(a),sem_clausula,,parecer_autor
77312,13552,118979,GAB DEP IOLANDO,Aprovado(a),admissivel,"Diante do exposto, nosso voto é pela ADMISSIBILIDADE do Projeto de Decreto Legislativo nº 24, de 2023, no âmbito desta Comissão de Constituição e Justiça.",parecer_autor
77313,13570,111925,GAB DEP DAYSE AMARILIO,Aprovado(a),merito_favoravel,"Dessa forma, esta relatoria entende como meritória e louvável a iniciativa do nobre parlamentar, e, por isso, manifestamos voto pela APROVAÇÃO, no mérito, do Projeto de Lei nº 419 de 2023, nesta Comissão de Assuntos Sociais.",parecer_autor
77314,13621,115850,GAB DEP DOUTORA JANE,Aprovado(a),merito_favoravel,"Seguindo esta linha de intelecção, no âmbito da Comissão de Desenvolvimento Econômico Sustentável, Ciência, Tecnologia, Meio Ambiente e Turismo, o voto é pela APROVAÇÃO, no mérito, do Projeto de Lei nº 423/2023, de autoria do Deputado Iolando, por considerar que a proposta atende a uma demanda urgente e relevante para a segurança no trânsito e a valorização da vida no Distrito Federal.",parecer_autor
77315,13649,127324,GAB DEP FÁBIO FÉLIX,Não apreciado(a),admissivel,"alteração seja veiculada também por meio de emenda àquela proposição, o que sugerimos desde logo ao nobre relator do Projeto de Resolução nº 24/2023. Ante o exposto, esta Comissão de Constituição e Justiça se manifesta pela ADMISSIBILIDADE do Projeto de Resolução nº 11/2023 com a anexa subemenda à emenda aprovada pela Mesa Diretora.",parecer_autor
77316,13707,119612,GAB DEP FÁBIO FÉLIX,Aprovado(a),merito_favoravel,"Diante do exposto, votamos, no âmbito desta Comissão de Transporte e Mobilidade Urbana, pela APROVAÇÃO, no mérito, do Projeto de Lei nº 425, de 2023.",parecer_autor
77317,13721,109640,GAB DEP PAULA BELMONTE,Aprovado(a),admissivel,"Diante do exposto, o voto, no âmbito da CEOF, é pela admissibilidade e aprovação do PL nº 433, de 2023, nos termos do art. 64, II, § 1º, do RICLDF.",parecer_autor
77318,13738,281560,GAB DEP ROBÉRIO NEGREIROS,Aprovado(a),admissivel,"Dessa maneira, no âmbito desta Comissão de Constituição e Justiça, manifestamos voto pela ADMISSIBILIDADE do Projeto de Lei nº 449, de 2023, nos termos do Substitutivo anexo.",parecer_autor
77319,13738,131044,GAB DEP PAULA BELMONTE,Aprovado(a),admissivel,"Diante do exposto, e em face de não impactar, neste momento, no planejamento orçamentário deste exercício, o voto, no âmbito desta Comissão de Economia, Orçamento e Finanças, é pela admissibilidade do Projeto de Lei nº 449, de 2023, nos termos do art. 64, II, “a”, do RICLDF.",parecer_autor
77320,13783,118759,GAB DEP DAYSE AMARILIO,Aprovado(a),merito_favoravel,"Diante do exposto, manifestamos voto pela APROVAÇÃO, no mérito, do Projeto de Lei nº 429 de 2023, nesta Comissão de Assuntos Sociais.",parecer_autor
77321,13832,114739,GAB DEP MAX MACIEL,Aprovado(a),sem_clausula,,parecer_autor
77322,13904,126676,GAB DEP DAYSE AMARILIO,Aprovado(a),merito_favoravel,"Feitas essas considerações, manifestamo-nos, no âmbito desta Comissão de Assuntos Sociais, pela APROVAÇÃO do Projeto de Lei nº 447 de 2023, na forma da Emenda n° 1 (Substitutivo).",parecer_autor
77323,13990,124022,GAB DEP PAULA BELMONTE,Aprovado(a),admissivel_com_ressalva,"Diante do exposto, o voto, no âmbito desta Comissão de Economia, Orçamento e Finanças, é pela admissibilidade do Projeto de Lei nº 438, de 2023, nos termos do art. 64, II e § 1º, na forma da Emenda Substitutiva.",parecer_autor
77324,14004,116475,GAB DEP CHICO VIGILANTE,Aprovado(a),admissivel,"Diante do exposto, manifestamos voto pela ADMISSIBILIDADE do Projeto de Lei nº 521/2023, no âmbito da Comissão de Constituição e Justiça, com o acolhimento da emenda supressiva anexa.",parecer_autor
77325,14015,118659,GAB DEP JORGE VIANNA,Aprovado(a),merito_favoravel,"Dessa forma, votamos pela APROVAÇÃO, no mérito, do Projeto de Lei n° 439, de 2023. 1- O acolhimento deve ser determinado pela autoridade judicial e, no Distrito Federal, pode ocorrer nas seguintes modalidades: i) abrigo; ii) casa lar; iii) família acolhedora; e iv) república.",parecer_autor
77326,14173,115627,GAB DEP MARTINS MACHADO,Aprovado(a),merito_favoravel,"Assim, considerados os aspectos de necessidade, conveniência, oportunidade e viabilidade examinados, votamos, no mérito, pela APROVAÇÃO do Projeto de Lei nº 459/2023 no âmbito desta Comissão de Assuntos Sociais.",parecer_autor
77327,14219,125901,GAB DEP JOÃO CARDOSO,Não apreciado(a),sem_clausula,,parecer_autor
77328,14225,133283,GAB DEP MAX MACIEL,Não apreciado(a),sem_clausula,,parecer_autor
77329,14235,130024,GAB DEP ROBÉRIO NEGREIROS,Aprovado(a),admissivel,"Diante do exposto, manifestamos voto pela ADMISSIBILIDADE do Projeto de Lei nº 547/2023, no âmbito da Comissão de Constituição e Justiça.",parecer_autor
77330,14242,110442,GAB DEP PR DANIEL DE CASTRO,Aprovado(a),merito_favoravel,"Assim, pelos motivos expostos, votamos pela aprovação, no mérito, do Projeto de Lei nº 464 de 2023, nesta Comissão de Assuntos Sociais.",parecer_autor
77331,14249,281649,GAB DEP ROBÉRIO NEGREIROS,Aprovado(a),admissivel_com_ressalva,"Por todo o exposto, considerando a viabilidade de correção dos vícios identificados, nosso voto é pela ADMISSIBILIDADE do Projeto de Lei nº 512/2023, na forma do substitutivo anexo.",parecer_autor
77332,14307,125459,GAB DEP DAYSE AMARILIO,Não apreciado(a),merito_favoravel,"Pelo exposto, votamos pela aprovação do Projeto de Lei nº 542, de 2023, no âmbito desta Comissão de Educação, Saúde e Cultura.",parecer_autor
77333,14352,113472,GAB DEP CHICO VIGILANTE,Aprovado(a),admissivel_com_ressalva,"exposto, com fundamento nos artigos 5°, incisos X e LXXIX, 24, inciso V, 170, inciso V, da Constituição Federal, bem como nos artigos 17, inciso V, e art. 158, inciso V, da Lei Orgânica do Distrito Federal, nosso voto é pela ADMISSIBILIDADE do Projeto de Lei n.º 480, de 2023, na forma do substitutivo da Comissão de Defesa do Consumidor.",parecer_autor
77334,14369,130065,GAB DEP DAYSE AMARILIO,Aprovado(a),merito_favoravel,"Ante o exposto, manifestamo-nos, nesta Comissão de Assuntos Sociais, pela aprovação do Projeto de Lei nº 577 de 2023.",parecer_autor
77335,14422,124874,GAB DEP JOAQUIM RORIZ NETO,Não apreciado(a),sem_clausula,,parecer_autor
77336,14424,112399,GAB DEP JOAQUIM RORIZ NETO,Aprovado(a),merito_favoravel,"Diante do exposto, no âmbito desta Comissão de Desenvolvimento Econômico Sustentável, Ciência, Tecnologia, Meio Ambiente e Turismo, votamos pela APROVAÇÃO do Projeto de Lei nº 515, de 2023.",parecer_autor
77337,14432,138900,GAB DEP ROBÉRIO NEGREIROS,Não apreciado(a),admissivel_com_ressalva,"ir uma aplicação mais eficaz, as alterações necessárias para aprimorar a técnica legislativa levaram à apresentação de um substitutivo que revogará expressamente a Lei nº 5.607/2016. Diante do exposto, manifestamos voto pela ADMISSIBILIDADE do Projeto de Lei nº 500/2023, na forma do SUBSTITUTIVO anexo.",parecer_autor
77338,14432,110480,GAB DEP PAULA BELMONTE,Aprovado(a),admissivel,"Diante do exposto, o voto, no âmbito da CEOF, é pela ADMISSIBILIDADE do PL nº 500, de 2023, nos termos do art. 64, § 1º, II, do RICLDF.",parecer_autor
77339,14442,126962,GAB DEP MAX MACIEL,Aprovado(a),sem_clausula,,parecer_autor
77340,14443,118978,GAB DEP DAYSE AMARILIO,Aprovado(a),merito_favoravel,"Diante das considerações apresentadas, manifestamos voto pela APROVAÇÃO, no mérito, do Projeto de Lei nº 485 de 2023, nesta Comissão de Assuntos Sociais.",parecer_autor
77341,14444,108831,GAB DEP DAYSE AMARILIO,Não apreciado(a),merito_favoravel,"Diante dessas considerações, manifestamos voto pela APROVAÇÃO, no mérito, do Projeto de Lei nº 488 de 2023, nesta Comissão de Assuntos Sociais, com o acolhimento da emenda de redação nº 1.",parecer_autor
77342,14466,119878,GAB DEP DAYSE AMARILIO,Não apreciado(a),merito_favoravel,"Diante do exposto, votamos, no âmbito desta Comissão de Educação, Saúde e Cultura, pela APROVAÇÃO, no mérito, do Projeto de Lei nº 496, de 2023, na forma do SUBSTITUTIVO anexo.",parecer_autor
77343,14471,121079,GAB DEP JOÃO CARDOSO,Não apreciado(a),sem_clausula,,parecer_autor
77344,14474,123777,GAB DEP PAULA BELMONTE,Aprovado(a),admissivel,"Diante do exposto, o voto, no âmbito da CEOF, é pela admissibilidade do PL nº 564, de 2023, nos termos do art. 64, II, “a” e § 2º, do RICLDF.",parecer_autor
77345,14480,125670,GAB DEP CHICO VIGILANTE,Não apreciado(a),merito_contrario,"Por todo o exposto, considerando os aspectos de conveniência, relevância social e viabilidade analisados, votamos, no mérito, pela REJEIÇÃO do Projeto de Lei nº 531, de 2023, no âmbito desta Comissão de Defesa do Consumidor, em que pese à louvável intenção do Autor com a apresentação da Proposição.",parecer_autor
77346,14519,109752,GAB DEP PAULA BELMONTE,Aprovado(a),admissivel,"Diante do exposto, o voto, no âmbito da CEOF, é pela admissibilidade e aprovação do PL nº 498, de 2023, nos termos do art. 64, II, “a” e “c”, do RICLDF.",parecer_autor
77347,14520,126965,GAB DEP MAX MACIEL,Aprovado(a),sem_clausula,,parecer_autor
77348,14536,279433,GAB DEP ROBÉRIO NEGREIROS,Aprovado(a),admissivel_com_ressalva,"fundamento no art. 63, inciso I, do RICLDF, tendo em vista que a proposição observa todas as exigências formais e materiais do ordenamento jurídico, no âmbito desta COMISSÃO DE CONSTITUIÇÃO E JUSTIÇA, manifestamos voto pela ADMISSIBILIDADE do Projeto de Lei nº 501/2023 e do Projeto de Lei nº 1445/2024, na forma da Emenda Substitutiva apresentada por este relator.",parecer_autor
77349,14579,118839,GAB DEP ROBÉRIO NEGREIROS,Aprovado(a),admissivel,"Por todo o exposto, nosso voto é pela ADMISSIBILIDADE constitucional e jurídica do Projeto de Resolução n.º 16, de 2023.",parecer_autor
77350,14624,111447,GAB DEP FÁBIO FÉLIX,Aprovado(a),admissivel,"Diante do exposto, manifestamos voto pela ADMISSIBILIDADE do Projeto de Lei nº 520/2023, no âmbito da Comissão de Constituição e Justiça, com o acolhimento da emenda modificativa e da emenda supressiva anexas.",parecer_autor
77351,14629,116257,GAB DEP ROBÉRIO NEGREIROS,Aprovado(a),admissivel_com_ressalva,"Por todo o exposto, nosso voto é pela ADMISSIBILIDADE constitucional e jurídica do Projeto de Resolução n.º 17, de 2023, na forma do substitutivo em anexo.",parecer_autor
77352,14659,120091,GAB DEP DAYSE AMARILIO,Aprovado(a),merito_favoravel,"Assim, manifestamo-nos, no mérito, pela APROVAÇÃO do Projeto de Lei nº 530 de 2023, nesta Comissão de Assuntos Sociais.",parecer_autor
77353,14751,119589,GAB DEP GABRIEL MAGNO,Aprovado(a),merito_favoravel,"Ante o exposto, no âmbito da CTMU, somos pela aprovação, no mérito, do Projeto de Lei Complementar n.º 29 de 2023.",parecer_autor
77354,14755,116661,GAB DEP DAYSE AMARILIO,Aprovado(a),merito_favoravel,"Diante das considerações apresentadas, manifestamos voto pela APROVAÇÃO, no mérito, do Projeto de Lei nº 532 de 2023, nesta Comissão de Assuntos Sociais.",parecer_autor
77355,14764,123666,GAB DEP FÁBIO FÉLIX,Aprovado(a),merito_favoravel,"Pelo exposto, somos pela APROVAÇÃO, no mérito, do Projeto de Lei nº 528/2023, no âmbito da Comissão de Defesa dos Direitos Humanos, Cidadania e Legislação Participativa.",parecer_autor
77356,14798,118751,GAB DEP DAYSE AMARILIO,Aprovado(a),merito_favoravel,"Ante o exposto, somos, no âmbito da Comissão de Assuntos Sociais, pela APROVAÇÃO, no mérito, do Projeto de Lei nº 583 de 2023 e das Emendas Modificativas n. 1 e 2, na forma do Substitutivo apresentado por esta Relatoria.",parecer_autor
77357,14889,110479,GAB DEP ROGÉRIO MORRO DA CRUZ,Aprovado(a),merito_favoravel,"Com efeito, ante tudo quanto exposto no âmbito desta Comissão, manifestamo-nos pela APROVAÇÃO do Projeto de Lei nº 538/2023, que “Altera a Lei n° 4.757, de 14 de fevereiro de 2012, que “Dispõe sobre a instituição do Eixão do Lazer na Região Administrativa de Brasília – RA I” É o Voto.",parecer_autor
77358,14960,128371,GAB DEP IOLANDO,Aprovado(a),merito_favoravel,"Ante o exposto, no âmbito da Comissão de Defesa do Consumidor, somos pela aprovação, no mérito, do Projeto de Lei nº 539, de 2023, na forma do Substitutivo anexo.",parecer_autor
77359,15211,126723,GAB DEP MARTINS MACHADO,Não apreciado(a),merito_favoravel,"Ante o exposto, votamos, no âmbito desta Comissão de Assuntos Sociais, pela APROVAÇÃO, no mérito, do Projeto de Lei nº 540/2023.",parecer_autor
77360,15224,131812,GAB DEP IOLANDO,Não apreciado(a),merito_favoravel,"Diante do exposto, manifestamos voto pela APROVAÇÃO do Projeto de Lei nº 551/2023, no âmbito da Comissão de Segurança, na forma do substitutivo anexo.",parecer_autor
77361,15224,110276,GAB DEP ROGÉRIO MORRO DA CRUZ,Aprovado(a),merito_favoravel,"Ante tudo quanto exposto, no âmbito desta Comissão, manifestamo-nos pela APROVAÇÃO do Projeto de Lei nº 551/2023, que “Dispõe sobre a garantia de prioridade de tramitação dos procedimentos investigatórios que visem à apuração e responsabilização de crimes dolosos e culposos que tenham como vítimas crianças e adolescentes, no âmbito do Distr",parecer_autor
77362,15301,134059,GAB DEP RICARDO VALE,Não apreciado(a),merito_favoravel,"Diante disso, voto pela aprovação do Projeto de Lei nº 646, de 2023.",parecer_autor
77363,15406,120466,GAB DEP DAYSE AMARILIO,Aprovado(a),merito_favoravel,"Assim, manifestamos voto pela APROVAÇÃO do Projeto de Lei nº 580 de 2023, nesta Comissão de Assuntos Sociais.",parecer_autor
77364,15413,122235,GAB DEP ROBÉRIO NEGREIROS,Aprovado(a),admissivel_com_ressalva,"Diante do exposto, manifestamos voto pela ADMISSIBILIDADE do Projeto de Lei nº 572/2023, no âmbito da Comissão de Constituição e Justiça, na forma do substitutivo anexo.",parecer_autor
77365,15435,131395,GAB DEP DAYSE AMARILIO,Não apreciado(a),merito_favoravel,"Ante o exposto, vota-se, no âmbito desta Comissão, pela APROVAÇÃO do PL nº 561/2023.",parecer_autor
77366,15447,125261,GAB DEP ROGÉRIO MORRO DA CRUZ,Aprovado(a),sem_clausula,,parecer_autor
77367,15450,129918,GAB DEP FÁBIO FÉLIX,Aprovado(a),admissivel,"Diante do exposto, manifestamos voto pela ADMISSIBILIDADE do Projeto de Lei nº 565/2023, no âmbito da CCJ.",parecer_autor
77368,15457,126783,GAB DEP FÁBIO FÉLIX,Aprovado(a),admissivel,"Diante do exposto, manifestamos voto pela ADMISSIBILIDADE do Projeto de Lei nº 590/2023, no âmbito da Comissão de Constituição e Justiça.",parecer_autor
77369,15475,129171,GAB DEP PR DANIEL DE CASTRO,Aprovado(a),merito_favoravel,"Sob os critérios desta Comissão de Assuntos Sociais, somos, pela APROVAÇÃO do Projeto de Lei nº 573/2023 na forma do substitutivo apresentado.",parecer_autor
77370,15478,126045,GAB DEP DAYSE AMARILIO,Não apreciado(a),sem_clausula,,parecer_autor
77371,15509,109543,GAB DEP PR DANIEL DE CASTRO,Não apreciado(a),merito_favoravel,"Sob os critérios desta Comissão de Assuntos Sociais, somos, no mérito, pela APROVAÇÃO do Projeto de Decreto Legislativo nº63/2023, de autoria do nobre Deputado Iolando, por tratar-se de justa e honrosa homenagem a um ilustre cidadão desta Capital.",parecer_autor
77372,15510,109274,GAB DEP MARTINS MACHADO,Aprovado(a),merito_favoravel,"Além disso, a homenageado preenche cumulativamente todos os requisitos exigidos pela Resolução nº 334/2023. Pelo exposto, somos pela APROVAÇÃO do Projeto de Decreto Legislativo nº 62 de 2023. É o voto.",parecer_autor
77373,15528,117616,GAB DEP FÁBIO FÉLIX,Não apreciado(a),admissivel,"Diante do exposto, manifestamos voto pela ADMISSIBILIDADE do Projeto de Lei nº 576/2023, no âmbito da Comissão de Constituição e Justiça.",parecer_autor
77374,15611,117588,GAB DEP MARTINS MACHADO,Não apreciado(a),merito_favoravel,"Frente o exposto, somos, no âmbito desta Comissão de Assuntos Sociais, pela APROVAÇÃO do Projeto de Lei n.º 593, de 2023. É o Voto.",parecer_autor
77375,15855,134002,GAB DEP DANIEL DONIZET,Aprovado(a),merito_favoravel,"Ante o exposto, no âmbito desta Comissão de Defesa do Consumidor, o voto é pela APROVAÇÃO do PL n. 632 de 2023.",parecer_autor
77376,15855,118772,GAB DEP JORGE VIANNA,Aprovado(a),merito_favoravel,"Ante o exposto, no âmbito da Comissão de Educação, Saúde e Cultura, somos pela APROVAÇÃO, no mérito, do Projeto de Lei nº 632, de 2023. 1- Disponível em: https://cbo.mte.gov.br/cbosite/pages/pesquisas/ResultadoFamiliaAtividades.jsf.",parecer_autor
77377,15876,126970,GAB DEP MAX MACIEL,Aprovado(a),sem_clausula,,parecer_autor
77378,15946,128354,GAB DEP CHICO VIGILANTE,Não apreciado(a),admissivel,"Diante do exposto, manifestamos voto pela ADMISSIBILIDADE do Projeto de Lei nº 611/2023, no âmbito da Comissão de Constituição e Justiça.",parecer_autor
77379,15946,120490,GAB DEP GABRIEL MAGNO,Aprovado(a),merito_favoravel,"Em razão desses aspectos, no âmbito da Comissão de Educação, Saúde e Cultura, voto pela APROVAÇÃO, no mérito, do Projeto de Lei nº 611, de 2023.",parecer_autor
77380,15988,121228,GAB DEP JOAQUIM RORIZ NETO,Aprovado(a),merito_favoravel,"Frente a esses argumentos, no âmbito da CDESCTMAT, vota-se pela APROVAÇÃO do PL nº 831/2023, nos termos do art. 69-B, “a” e “b”, do RICLDF.",parecer_autor
77381,15988,133278,GAB DEP MAX MACIEL,Aprovado(a),sem_clausula,,parecer_autor
77382,16004,279306,GAB DEP ROGÉRIO MORRO DA CRUZ,Aprovado(a),sem_clausula,,parecer_autor
77383,16004,119152,GAB DEP GABRIEL MAGNO,Aprovado(a),merito_favoravel,"Diante disso, somos pela APROVAÇÃO, no mérito, do Projeto de Lei nº 627/2023, com a Emenda de Redação nº 1º.",parecer_autor
77384,16013,129024,GAB DEP MARTINS MACHADO,Não apreciado(a),merito_favoravel,"Diante do exposto, no âmbito desta COMISSÃO DE ASSUNTOS SOCIAIS, no mérito, manifestamos voto pela APROVAÇÃO do Projeto de Lei nº 608, de 2023.",parecer_autor
77385,16013,131365,GAB DEP ROBÉRIO NEGREIROS,Aprovado(a),admissivel,"ANTE O EXPOSTO, manifesta-se voto pela ADMISSIBILIDADE DO PROJETO DE LEI Nº 608/2023, com a emenda anexa.",parecer_autor
77386,16013,122933,GAB DEP PAULA BELMONTE,Aprovado(a),merito_favoravel,"Diante do exposto, manifestamos voto pela APROVAÇÃO do Projeto de Lei nº 608/2023, quanto ao mérito, no âmbito desta Comissão de Fiscalização, Governança, Transparência e Controle.",parecer_autor
77387,16049,274745,GAB DEP ROBÉRIO NEGREIROS,Aprovado(a),admissivel_com_ressalva,"Em relação à técnica legislativa, são necessários ajustes para atender às normas de boa técnica e corrigir erros de redação, conforme disposto na Lei Complementar Distrital nº 13/1996. Diante do exposto, nosso voto é pela ADMISSIBILIDADE do Projeto de Lei nº 615/2023, na forma do SUBSTITUTIVO anexo.",parecer_autor
77388,16049,126969,GAB DEP MAX MACIEL,Aprovado(a),sem_clausula,,parecer_autor
77389,16063,112079,GAB DEP CHICO VIGILANTE,Não apreciado(a),admissivel,"Diante do exposto, manifestamos voto pela ADMISSIBILIDADE do Projeto de Lei nº 628/2023, no âmbito da Comissão de Constituição e Justiça.",parecer_autor
77390,16083,276909,GAB DEP MAX MACIEL,Aprovado(a),sem_clausula,,parecer_autor
77391,16125,124978,GAB DEP PR DANIEL DE CASTRO,Aprovado(a),merito_favoravel,"Pelo exposto, somos pela APROVAÇÃO do Projeto de Lei 624/2023, no âmbito desta Comissão de Assuntos Sociais.",parecer_autor
77392,16127,126777,GAB DEP FÁBIO FÉLIX,Não apreciado(a),admissivel_com_ressalva,"com fundamento nos artigos 1º, inciso IV, 5º, inciso XXXIII, 22, inciso I, 24, incisos V, VIII e XV e 170, todos da Constituição Federal, e artigos 71, 263 e 267, todos da Lei Orgânica do Distrito Federal, nosso voto é pela ADMISSIBILIDADE do Projeto de Lei n.º 625/2023, na forma do Substitutivo n.º 1, apresentado e aprovado na CDC, e das subemendas anexas – uma modificativa e uma aditiva.",parecer_autor
77393,16129,121227,GAB DEP JOAQUIM RORIZ NETO,Aprovado(a),merito_favoravel,"Dessa maneira, em decorrência do exposto, votamos pela APROVAÇÃO do Projeto de Lei nº 633, de 2023, no âmbito desta Comissão de Desenvolvimento Econômico Sustentável, Ciência, Tecnologia, Meio Ambiente e Turismo.",parecer_autor
77394,16188,124916,GAB DEP MAX MACIEL,Não apreciado(a),sem_clausula,,parecer_autor
77395,16202,124343,GAB DEP DOUTORA JANE,Aprovado(a),merito_favoravel,"Seguindo esta linha de intelecção, no âmbito desta Comissão de Desenvolvimento Econômico Sustentável, Ciência, Tecnologia, Meio Ambiente e Turismo, manifestamos voto pela APROVAÇÃO, no mérito, do Projeto de Lei nº 661/2023, na forma da Emenda (Substitutivo) nº 1 proposto na Comissão de Assuntos Fundiários.",parecer_autor
77396,16260,128499,GAB DEP MARTINS MACHADO,Aprovado(a),merito_favoravel,"Ante o exposto, no âmbito da Comissão de Assuntos Sociais, somos pela aprovação, no mérito, do Projeto de Lei nº 635/2023.",parecer_autor
77397,16293,111353,GAB DEP GABRIEL MAGNO,Aprovado(a),merito_favoravel,"Diante do exposto, no âmbito da Comissão de Educação, Saúde e Cultura, somos pela aprovação, no mérito, do Projeto de Lei nº 833/2023.",parecer_autor
77398,16301,129343,GAB DEP IOLANDO,Não apreciado(a),admissivel,"Diante do exposto, manifestamos voto pela ADMISSIBILIDADE do Projeto de Lei nº 691/2023, no âmbito da Comissão de Constituição e Justiça, com acolhimento da subemenda supressiva anexa.",parecer_autor
77399,16301,117369,GAB DEP THIAGO MANZONI,Aprovado(a),merito_favoravel,"Diante do exposto, somos pela APROVAÇÃO, no mérito, do Projeto de Lei nº 691/2023, no âmbito da Comissão de Educação, Saúde e Cultura, na forma do Substitutivo anexo.",parecer_autor
77400,16328,124915,GAB DEP MAX MACIEL,Aprovado(a),sem_clausula,,parecer_autor
77401,16390,108735,GAB DEP DAYSE AMARILIO,Aprovado(a),merito_favoravel,"Diante do exposto, votamos pela aprovação, no mérito, do Projeto de Lei nº 660 de 2023, no âmbito desta Comissão de Assuntos Sociais.",parecer_autor
77402,16447,111435,GAB DEP FÁBIO FÉLIX,Aprovado(a),admissivel,"1º do art. 2º da Resolução nº 334/2023. Consulta ao sistema PLe nos informa que foi o terceiro PDL congênere apresentado pelo autor, na condição de primeiro ou único subscritor, em 2023. Pelo exposto, manifestamos voto pela ADMISSIBILIDADE do Projeto de Decreto Legislativo nº 49/2023 no âmbito da CCJ. ________________________ [1]https://pt.wikipedia.org/wiki/Tico_Magalh%C3%A3es [2]https://g1.globo.com/df/distrito-federal/noticia/2019/08/14/tico-magalhaes-mestra-maria-e-martinha-do-coco-sao-home",parecer_autor
77403,16462,108698,GAB DEP DAYSE AMARILIO,Não apreciado(a),merito_favoravel,"Diante do exposto, no âmbito desta Comissão de Assuntos Sociais, o nosso voto é pela APROVAÇÃO do Projeto de Decreto Legislativo n° 50 de 2023, apensado ao Projeto de Decreto Legislativo nº 61/2023.",parecer_autor
77404,16467,113469,GAB DEP CHICO VIGILANTE,Aprovado(a),admissivel,"Ante o exposto, manifestamo-nos pela ADMISSIBILIDADE do Projeto de Resolução nº 19/2023 no âmbito desta Comissão de Constituição e Justiça.",parecer_autor
77405,16470,116898,GAB DEP THIAGO MANZONI,Aprovado(a),admissivel,"nstantes do art. 3º, o PDL nº 51/2023 está em conformidade com o limite quantitativo, de oito proposituras por sessão legislativa, veiculado pelo § 1º do art. 2º da Resolução nº 334/2023. Pelo exposto, manifestamos voto pela ADMISSIBILIDADE do Projeto de Decreto Legislativo nº 51/2023 no âmbito desta Comissão de Constituição e Justiça.",parecer_autor
77406,16494,111756,GAB DEP JOÃO CARDOSO,Não apreciado(a),sem_clausula,,parecer_autor
77407,16501,274740,GAB DEP JOÃO CARDOSO,Aprovado(a),merito_favoravel,"Ante o exposto, no âmbito da Comissão de Assuntos Sociais, somos pela APROVAÇÃO, no mérito, do Projeto de Lei nº 650, de 2023. DEPUTADO DAYSE AMARILIO Presidente DEPUTADO JOÃO CARDOSO Relator",parecer_autor
77408,16504,127734,GAB DEP GABRIEL MAGNO,Aprovado(a),merito_favoravel,"Ante o exposto, no âmbito da CESC, somos pela APROVAÇÃO, no mérito, do PL 657/2023.",parecer_autor
77409,16510,111149,GAB DEP JOÃO CARDOSO,Não apreciado(a),sem_clausula,,parecer_autor
77410,16511,109753,GAB DEP DAYSE AMARILIO,Não apreciado(a),merito_favoravel,"Diante dessas considerações, manifestamos voto pela APROVAÇÃO, no mérito, do Projeto de Lei nº 652 de 2023, com a Emenda Modificativa proposta, nesta Comissão de Educação, Saúde e Cultura.",parecer_autor
77411,16526,126781,GAB DEP DAYSE AMARILIO,Aprovado(a),merito_favoravel,"Pelo exposto, manifestamos voto pela APROVAÇÃO, no mérito, do Projeto de Lei nº 693 de 2023, nesta Comissão de Assuntos Sociais.",parecer_autor
77412,16526,110368,GAB DEP ROGÉRIO MORRO DA CRUZ,Aprovado(a),merito_favoravel,"Ante tudo quanto exposto, no âmbito desta Comissão, manifestamo-nos pela APROVAÇÃO integral do Projeto de Lei nº 693/2023, que que “Institui a Complementação de Renda para Mães Atípicas ou Responsável Legal Atípico, no âmbito do Distrito Federal.” É o Voto.",parecer_autor
77413,16537,125671,GAB DEP CHICO VIGILANTE,Não apreciado(a),merito_favoravel,"Diante do exposto, manifestamo-nos, no âmbito da Comissão de Defesa do Consumidor, no mérito, pela aprovação do SUBSTITUTIVO ao Projeto de Lei nº 658/2023.",parecer_autor
77414,16539,125887,GAB DEP DAYSE AMARILIO,Aprovado(a),merito_favoravel,"do, garantido mediante políticas sociais e econômicas que visem à redução do risco de doença e de outros agravos e ao acesso universal e igualitário às ações e serviços para sua promoção, proteção e recuperação.” Assim, manifestamos voto pela APROVAÇÃO do Projeto de Lei nº 678 de 2023, nesta Comissão de Educação, Saúde e Cultura.",parecer_autor
77415,16569,115662,GAB DEP MAX MACIEL,Aprovado(a),sem_clausula,,parecer_autor
77416,16591,127996,GAB DEP HERMETO,Aprovado(a),merito_favoravel,"Diante do exposto, manifestamo-nos, no âmbito desta Comissão de Segurança, no mérito, pela APROVAÇÃO do Projeto de Lei nº 672/2023.",parecer_autor
77417,16592,118766,GAB DEP PR DANIEL DE CASTRO,Aprovado(a),merito_favoravel,"Frente o exposto, no âmbito desta Comissão de Assuntos Sociais, somos pela APROVAÇÃO do Projeto de Lei nº 667/2023.",parecer_autor
77418,16593,122440,GAB DEP DAYSE AMARILIO,Não apreciado(a),merito_favoravel,"Assim, considerados os aspectos de necessidade, conveniência e relevância social da matéria, votamos, no mérito, pela APROVAÇÃO do Projeto de Lei Complementar nº 33/2023, no âmbito desta Comissão de Assuntos Sociais.",parecer_autor
77419,16598,127363,GAB DEP JAQUELINE SILVA,Aprovado(a),admissivel,"Diante do exposto, votamos, no âmbito desta CEOF, pela admissibilidade, no que concerne à adequação orçamentário-financeira, do PL nº 666/2023, com base na alínea “a” do inciso II do caput do art. 64 do RICLDF.",parecer_autor
77420,16598,110953,GAB DEP MARTINS MACHADO,Aprovado(a),merito_favoravel,"Assim exposto, nos manifestamos, no mérito, pela APROVAÇÃO do Projeto de Lei nº 666/2023, no âmbito desta Comissão.",parecer_autor
77421,16609,127750,GAB DEP GABRIEL MAGNO,Não apreciado(a),merito_favoravel,"Ante o exposto, no âmbito da CESC, somos pela APROVAÇÃO, no mérito, do PL 657/2023.",parecer_autor
77422,16614,114750,GAB DEP MAX MACIEL,Aprovado(a),sem_clausula,,parecer_autor
77423,16619,117658,GAB DEP JOÃO CARDOSO,Não apreciado(a),sem_clausula,,parecer_autor
77424,16628,133712,GAB DEP IOLANDO,Não apreciado(a),merito_favoravel,"Ante o exposto, vota-se, no âmbito da CCJ, pela APROVAÇÃO e ADMISSIBILIDADE do PDL nº 59/2023, nos termos do art. 63, I, do RICLDF.",parecer_autor
77425,16628,117685,GAB DEP JOÃO CARDOSO,Aprovado(a),sem_clausula,,parecer_autor
77426,16650,121565,GAB DEP RICARDO VALE,Aprovado(a),merito_favoravel,"Por essas razões, voto pela APROVAÇÃO do Projeto de Lei nº 668/2023, com a emenda anexa.",parecer_autor
77427,16650,108708,GAB DEP DAYSE AMARILIO,Aprovado(a),merito_favoravel,"Feitas essas considerações, manifestamo-nos, no mérito, pela APROVAÇÃO do Projeto de Lei nº 668 de 2023, no âmbito desta Comissão de Assuntos Sociais.",parecer_autor
77428,16662,113339,GAB DEP DAYSE AMARILIO,Aprovado(a),merito_favoravel,"Diante do exposto, somos pela APROVAÇÃO, no mérito, do Projeto de Lei nº 669 de 2023, no âmbito da Comissão de Educação, Saúde e Cultura.",parecer_autor
77429,16668,126724,GAB DEP MARTINS MACHADO,Não apreciado(a),merito_favoravel,"No âmbito desta Comissão, somos favoráveis à APROVAÇÃO do Projeto de Lei n° 671/2023. É o Voto.",parecer_autor
77430,16673,126903,GAB DEP MARTINS MACHADO,Aprovado(a),merito_favoravel,"Ante o exposto, no âmbito da Comissão de Assuntos Sociais, somos pela aprovação, no mérito, do Projeto de Lei nº 673, de 2023, com acatamento da Emenda n.º 1.",parecer_autor
77431,16673,111215,GAB DEP GABRIEL MAGNO,Aprovado(a),merito_favoravel,"Ante o exposto, do ponto de vista da relevância, da oportunidade e da conveniência, manifestamo-nos pela aprovação, no mérito, do Projeto de Lei nº 673, de 2023, no âmbito desta Comissão de Educação, Saúde e Cultura, nos termos da Emenda Substitutiva n. 1.",parecer_autor
77432,16699,277620,GAB DEP ROOSEVELT VILELA,Aprovado(a),merito_favoravel,"Diante do exposto, votamos, no âmbito desta Comissão de Produção Rural e Abastecimento – CPRA, pela APROVAÇÃO, no mérito, do Projeto de Lei nº 674, de 2023, na forma da Emenda Substitutiva deste relator.",parecer_autor
77433,16712,128363,GAB DEP IOLANDO,Aprovado(a),merito_favoravel,"Dessa forma, votamos, no mérito, pela aprovação do Projeto de Lei no 686, de 2023, na forma do Substitutivo anexo, no âmbito desta Comissão de Defesa do Consumidor.",parecer_autor
77434,16713,121566,GAB DEP RICARDO VALE,Aprovado(a),merito_favoravel,"Por essas razões, voto pela APROVAÇÃO do Projeto de Lei nº 675/2023.",parecer_autor
77435,16714,108768,GAB DEP DAYSE AMARILIO,Aprovado(a),merito_favoravel,"Diante dessas considerações, manifestamos voto pela APROVAÇÃO, no mérito, do Projeto de Lei nº 676 de 2023, nesta Comissão de Assuntos Sociais.",parecer_autor
77436,16742,123953,GAB DEP EDUARDO PEDROSA,Aprovado(a),admissivel,"Diante do exposto, vota-se, no âmbito da CEOF, pela admissibilidade do PL nº 679, de 2.023.",parecer_autor
77437,16742,129076,GAB DEP IOLANDO,Aprovado(a),admissivel,"Com essas considerações, manifesta-se voto pela ADMISSIBILIDADE CONSTITUCIONAL E JURÍDICA do Projeto de Lei nº 679/2023, com as duas emendas de redação anexas.",parecer_autor
77438,16744,115461,GAB DEP DAYSE AMARILIO,Não apreciado(a),merito_favoravel,"Dessa forma, somos pela APROVAÇÃO do Projeto de Lei nº 688, de 2023, no âmbito desta Comissão de Educação, Saúde e Cultura.",parecer_autor
77439,16763,119319,GAB DEP DAYSE AMARILIO,Não apreciado(a),merito_favoravel,"sco de doença e de outros agravos e ao acesso universal e igualitário às ações e serviços para sua promoção, proteção e recuperação.” Assim, considerando que a proposição se reveste de mérito, relevância e oportunidade, manifestamos voto pela APROVAÇÃO do Projeto de Lei nº 700 de 2023, nesta Comissão de Educação, Saúde e Cultura.",parecer_autor
77440,16772,121061,GAB DEP DAYSE AMARILIO,Não apreciado(a),merito_favoravel,"Assim, considerando que a proposição se reveste de mérito, relevância e oportunidade, manifestamos voto pela APROVAÇÃO do Projeto de Lei nº 742 de 2023, nesta Comissão de Educação, Saúde e Cultura.",parecer_autor
77441,16784,128467,GAB DEP JOÃO CARDOSO,Não apreciado(a),sem_clausula,,parecer_autor
77442,16868,126722,GAB DEP MARTINS MACHADO,Aprovado(a),merito_favoravel,"iação e monitoramento de políticas públicas, respeitadas as normas do Ministério da Saúde sobre acesso a informações que exigem confidencialidade. (grifo nosso) Ante o exposto, no âmbito da Comissão de Assuntos Sociais, somos pela APROVAÇÃO, no mérito, do Projeto de Lei nº 705, de 2023.",parecer_autor
77443,16876,124921,GAB DEP MAX MACIEL,Aprovado(a),sem_clausula,,parecer_autor
77444,16876,111214,GAB DEP GABRIEL MAGNO,Aprovado(a),merito_favoravel,"Ante o exposto, do ponto de vista da relevância, da oportunidade e da conveniência, manifestamo-nos pela aprovação, no mérito, do Projeto de Lei nº 706, de 2023, no âmbito desta Comissão de Educação, Saúde e Cultura.",parecer_autor
77445,16892,111462,GAB DEP RICARDO VALE,Aprovado(a),merito_favoravel,"Por esses motivos, no mérito, voto pela APROVAÇÃO do Projeto de Lei nº 707/2023.",parecer_autor
77446,16892,277042,GAB DEP MAX MACIEL,Aprovado(a),sem_clausula,,parecer_autor
77447,16927,109276,GAB DEP MARTINS MACHADO,Aprovado(a),merito_favoravel,"Diante das considerações, manifestamos voto pela aprovação do Projeto de Lei nº 716/2023, no âmbito da Comissão de Assuntos Sociais.",parecer_autor
77448,17000,108733,GAB DEP PR DANIEL DE CASTRO,Não apreciado(a),merito_favoravel,"Sob os critérios desta Comissão de Assuntos Sociais, somos, no mérito, pela APROVAÇÃO na forma do substitutivo, do Projeto de Decreto Legislativo nº 64/2023, de autoria do nobre Deputado Thiago Manzoni, por tratar-se de justa e honrosa homenagem a uma ilustre cidadã desta Capital.",parecer_autor
77449,17056,126806,GAB DEP DAYSE AMARILIO,Aprovado(a),merito_favoravel,"Pelo exposto, manifestamos voto pela APROVAÇÃO, no mérito, do Projeto de Lei nº 720 de 2023, nesta Comissão de Assuntos Sociais.",parecer_autor
77450,17056,117692,GAB DEP GABRIEL MAGNO,Aprovado(a),merito_favoravel,"Ante o exposto, do ponto de vista da relevância, da oportunidade e da conveniência, manifestamo-nos pela aprovação, no mérito, do Projeto de Lei nº 720, de 2023, no âmbito desta Comissão de Educação, Saúde e Cultura.",parecer_autor
77451,17059,277832,GAB DEP ROBÉRIO NEGREIROS,Não apreciado(a),admissivel_com_ressalva,"I, 21, X, 23, 24, IX, 32, § 1º, 30, I, e 217, da Constituição Federal assim como nos arts. 3º, III e IV, 16, XII, 17, IX, e 254, da Lei Orgânica do Distrito Federal, esta Comissão de Constituição e Justiça se manifesta pela ADMISSIBILIDADE do Projeto de Lei nº 718/2023, na forma do Substitutivo apresentado pela CTMU, desde que acatadas as subemendas supressivas nos 1 e 2 e a subemenda modificativa nº 3, em anexo.",parecer_autor
77452,17059,120964,GAB DEP DOUTORA JANE,Aprovado(a),merito_favoravel,"princípios de sustentabilidade, saúde pública, preservação ambiental e participação democrática, em face desta Comissão de Desenvolvimento Econômico Sustentável, Ciência, Tecnologia, Meio Ambiente e Turismo – CDESCTMAT, manifestamos voto pela APROVAÇÃO, no mérito, do Projeto de Lei nº 718/2023, nos termos da Emenda (Substitutivo) 1 apresentada pela Comissão de Transporte e Mobilidade Urbana - CTMU.",parecer_autor
77453,17059,114748,GAB DEP MAX MACIEL,Aprovado(a),sem_clausula,,parecer_autor
77454,17130,117594,GAB DEP CHICO VIGILANTE,Aprovado(a),admissivel,"§ 1º do art. 2º da Resolução nº 334/2023. Consulta ao sistema PLe nos informa que foi o quarto PDL congênere apresentado pelo autor, na condição de primeiro ou único subscritor, em 2023. Pelo exposto, manifestamos voto pela ADMISSIBILIDADE do Projeto de Decreto Legislativo nº 58/2023 no âmbito da CCJ.",parecer_autor
77455,17130,111174,GAB DEP MAX MACIEL,Aprovado(a),sem_clausula,,parecer_autor
77456,17223,129463,GAB DEP ROBÉRIO NEGREIROS,Aprovado(a),admissivel,"Diante do exposto, manifestamos voto pela ADMISSIBILIDADE do Substitutivo ao Projeto de Lei nº 729/2023, no âmbito da Comissão de Constituição e Justiça.",parecer_autor
77457,17223,117363,GAB DEP THIAGO MANZONI,Aprovado(a),merito_favoravel,"Em segundo lugar, o art. 2º foi alterado meramente para suprimir o traço que antecede o texto, assim como foi feito em relação ao art. 1º. Diante do exposto, manifestamos voto pela APROVAÇÃO do Projeto de Lei nº 729/2023, no âmbito da Comissão de Educação, Saúde e Cultura, com o acolhimento do substitutivo anexo.",parecer_autor
77458,17263,128465,GAB DEP JOÃO CARDOSO,Aprovado(a),sem_clausula,,parecer_autor
77459,17318,130088,GAB DEP PR DANIEL DE CASTRO,Aprovado(a),merito_favoravel,"Pelo exposto, somos pela APROVAÇÃO do Projeto de Lei 771/2023, no âmbito desta Comissão de Assuntos Sociais.",parecer_autor
77460,17318,121024,GAB DEP PAULA BELMONTE,Aprovado(a),merito_favoravel,"Diante do exposto, manifestamos voto pela APROVAÇÃO do Projeto de Lei nº 771/2023, quanto ao mérito, no âmbito desta Comissão de Fiscalização, Governança, Transparência e Controle.",parecer_autor
77461,17321,121262,GAB DEP HERMETO,Aprovado(a),merito_favoravel,"Ante o exposto, no âmbito da Comissão de Defesa do Consumidor, somos pela aprovação, no mérito, do Projeto de Lei nº 740, de 2023, na forma do Substitutivo anexo.",parecer_autor
77462,17353,131438,GAB DEP ROBÉRIO NEGREIROS,Aprovado(a),admissivel_com_ressalva,"Quanto à técnica legislativa e à redação, há a necessidade de correção de erro de numeração no art. 4º, do qual constam 2 dispositivos numerados como § 1º. Por todo o exposto, manifesta-se voto pela ADMISSIBILIDADE constitucional e jurídica do Projeto de Lei nº 763/2023 na forma da emenda substitutiva apresentada pelo relator.",parecer_autor
77463,17390,110303,GAB DEP PR DANIEL DE CASTRO,Não apreciado(a),sem_clausula,,parecer_autor
77464,17394,116606,GAB DEP ROBÉRIO NEGREIROS,Não apreciado(a),admissivel,"Por todo o exposto, nosso voto é pela ADMISSIBILIDADE constitucional e jurídica do Projeto de Lei n.º 749, de 2023.",parecer_autor
77465,17394,116145,GAB DEP GABRIEL MAGNO,Não apreciado(a),merito_favoravel,"Diante do exposto, votamos pela APROVAÇÃO, quanto ao mérito, do PL nº 749/2023 nesta Comissão de Educação, Saúde e Cultura, nos termos das Emendas n.º 01 a 05, apresentadas na CDESCTMAT, e das Emendas de Relator n.º 06 a 13.",parecer_autor
77466,17402,117249,GAB DEP DAYSE AMARILIO,Aprovado(a),admissivel,"serviço público têm sido muito animadores, nos mais variados âmbitos em que tais ações são empregadas.[9] Especificamente no que concerne a ações afirmativas no acesso ao serviço público, o STF igualmente manifestou-se pela constitucionalidade plena de reserva de vagas em concurso público, no julgamento da Ação Declaratória de Constitucionalidade – ADC 41 – Distrito Federal, sob relatoria do Ministro Luís Roberto Barroso, de cujo Acórdão é extraído o excerto a seguir: Assim como o acesso a universi",parecer_autor
77467,17403,134097,GAB DEP RICARDO VALE,Aprovado(a),merito_favoravel,"Por essas razões, no mérito, voto pela APROVAÇÃO do Projeto de Lei nº 766/2023.",parecer_autor
77468,17403,122143,GAB DEP PR DANIEL DE CASTRO,Aprovado(a),merito_favoravel,"Nesse sentido, somos pela APROVACÃO do PL 766/2023.",parecer_autor
77469,17406,119584,GAB DEP FÁBIO FÉLIX,Aprovado(a),merito_favoravel,"Diante do exposto, considerando o atendimento ao interesse público verificado no projeto em exame, no âmbito desta Comissão de Transporte e Mobilidade Urbana, manifestamos voto pela APROVAÇÃO, no mérito, do Projeto de Lei nº 754, de 2023.",parecer_autor
77470,17407,110296,GAB DEP PR DANIEL DE CASTRO,Aprovado(a),merito_favoravel,"Sob os critérios desta Comissão de Assuntos Sociais, somos, no mérito, pela APROVAÇÃO do Projeto de Decreto Legislativo nº 65/2023, de autoria do nobre Deputado EDUARDO PEDROSA, por tratar-se de justa e honrosa homenagem a um ilustre cidadão desta Capital.",parecer_autor
77471,17415,114894,GAB DEP DOUTORA JANE,Aprovado(a),merito_favoravel,"Diante do exposto, no âmbito desta Comissão de Desenvolvimento Econômico Sustentável, Ciência, Tecnologia, Meio Ambiente e Turismo – CDESCTMAT, manifestamos voto pela APROVAÇÃO, no mérito, do Projeto de Lei Complementar nº 37/2023.",parecer_autor
77472,17430,115607,GAB DEP MAX MACIEL,Aprovado(a),sem_clausula,,parecer_autor
77473,17430,122451,GAB DEP PAULA BELMONTE,Aprovado(a),admissivel,"Diante do exposto, o voto, no âmbito da CEOF, é pela admissibilidade do PLC nº 34, de 2023, nos termos do art. 64, II, “a” e § 1º I, do RICLDF.",parecer_autor
77474,17437,111463,GAB DEP RICARDO VALE,Aprovado(a),merito_favoravel,"Por isso, no mérito voto pela APROVAÇÃO do Projeto de Lei nº 756/2023.",parecer_autor
77475,17437,127059,GAB DEP DAYSE AMARILIO,Não apreciado(a),merito_favoravel,"Assim, manifestamos voto pela APROVAÇÃO, no mérito, do Projeto de Lei nº 756 de 2023, nesta Comissão de Assuntos Sociais.",parecer_autor
77476,17452,274251,GAB DEP GABRIEL MAGNO,Aprovado(a),merito_favoravel,"Ante o exposto, do ponto de vista da relevância, da oportunidade e da conveniência, manifestamo-nos pela aprovação, no mérito, do Projeto de Lei nº 759, de 2023, no âmbito desta Comissão de Educação, Saúde e Cultura.",parecer_autor
77477,17467,128484,GAB DEP MARTINS MACHADO,Não apreciado(a),merito_favoravel,"Ante o exposto, no âmbito da Comissão de Assuntos Sociais, somos pela aprovação, no mérito, do Projeto de Lei Complementar nº 35, de 2023.",parecer_autor
77478,17471,280738,GAB DEP FÁBIO FÉLIX,Aprovado(a),admissivel_com_ressalva,"Nesse sentido, manifestamos voto pela ADMISSIBILIDADE do Projeto de Lei nº 780/2023, no âmbito da Comissão de Constituição e Justiça, na forma do substitutivo anexo.",parecer_autor
77479,17471,111465,GAB DEP RICARDO VALE,Aprovado(a),merito_favoravel,"Em razão desses aspectos, no mérito, voto pela APROVAÇÃO do Projeto de Lei nº 780, de 2023.",parecer_autor
77480,17495,130424,GAB DEP DANIEL DONIZET,Aprovado(a),merito_favoravel,"Nesse sentido, manifestamo-nos, no mérito, pela aprovação do PL nº 770, de 2023, e do PL nº 778, de 2023, que estão apensados, na forma do Substitutivo anexo, nesta Comissão de Defesa do Consumidor.",parecer_autor
77481,17496,112112,GAB DEP MARTINS MACHADO,Aprovado(a),sem_clausula,,parecer_autor
77482,17501,125201,GAB DEP JAQUELINE SILVA,Aprovado(a),admissivel,"Diante do exposto, vota-se, no âmbito da CEOF, pela admissibilidade do PL nº 775/2023, conforme art. 64, II, do RICLDF.",parecer_autor
77483,17501,137784,GAB DEP ROBÉRIO NEGREIROS,Aprovado(a),admissivel_com_ressalva,"Em vista do exposto, com fundamento nos arts. 227, § 2º e 244 da Constituição Federal; e nos arts. 71; 255, IV; 273; e 274 da Lei Orgânica do Distrito Federal, nosso voto nesta Comissão de Constituição e Justiça é pela ADMISSIBILIDADE do Projeto de Lei nº 775/2023, na forma do Substitutivo em anexo.",parecer_autor
77484,17501,109754,GAB DEP PR DANIEL DE CASTRO,Aprovado(a),merito_favoravel,"rações públicas no Distrito Federal é mais do que uma necessidade legal; é um imperativo moral e uma afirmação firme dos valores de igualdade, inclusão e respeito pela diversidade humana Diante do exposto, manifesto meu voto pela APROVAÇÃO do Projeto de Lei no 775/2023 no âmbito desta Comissão de Assuntos Sociais.",parecer_autor
77485,17530,278390,GAB DEP JAQUELINE SILVA,Aprovado(a),merito_favoravel,"Diante do exposto, restringindo-se a análise ao mérito da proposição, manifestamos voto pela APROVAÇÃO do Projeto de Lei nº 781/2023 no âmbito da Comissão de Defesa dos Diretos Humanos, Cidadania e Legislação Participativa.",parecer_autor
77486,17534,111221,GAB DEP RICARDO VALE,Aprovado(a),merito_favoravel,"Por essas razões, no mérito voto pela APROVAÇÃO do Projeto de Lei nº 782/2023.",parecer_autor
77487,17552,111005,GAB DEP DOUTORA JANE,Aprovado(a),sem_clausula,,parecer_autor
77488,17552,126973,GAB DEP MAX MACIEL,Não apreciado(a),sem_clausula,,parecer_autor
77489,17555,120498,GAB DEP ROGÉRIO MORRO DA CRUZ,Aprovado(a),merito_favoravel,"Com efeito, no âmbito desta Comissão, manifestamos voto pela APROVAÇÃO integral do Projeto de Lei nº 785/2023, que “Dispõe Dispõe sobre a Estratégia Distrital de Disseminação do Building Information Modelling e institui o Comitê Gestor da Estratégia do Building Information Modelling.”",parecer_autor
77490,17571,277037,GAB DEP MAX MACIEL,Aprovado(a),sem_clausula,,parecer_autor
77491,17584,274201,GAB DEP JOÃO CARDOSO,Aprovado(a),merito_favoravel,"Diante do exposto, manifestamos voto pela APROVAÇÃO do Projeto de Lei nº 837/2023, quanto ao mérito, no âmbito desta Comissão de Assuntos Sociais.",parecer_autor
77492,17584,114360,GAB DEP ROGÉRIO MORRO DA CRUZ,Aprovado(a),merito_favoravel,"Com efeito, no âmbito desta Comissão, manifestamos voto pela APROVAÇÃO integral do Projeto de Lei nº 837/2023, que “Dispõe sobre diretrizes de medidas de estímulo ao desenvolvimento de startups e às atividades de ciência, tecnologia e inovação no Distrito Federal”.",parecer_autor
77493,17590,118976,GAB DEP MARTINS MACHADO,Aprovado(a),sem_clausula,,parecer_autor
77494,17590,129766,GAB DEP ROBÉRIO NEGREIROS,Aprovado(a),admissivel,"1º do art. 2º da Resolução nº 334/2023. Consulta ao sistema PLe informa que o projeto foi o único congênere apresentado pela autora, na condição de primeira ou única subscritora, em 2023. Pelo exposto, manifestamos voto pela ADMISSIBILIDADE do Projeto de Decreto Legislativo nº 68/2024 no âmbito da CCJ.",parecer_autor
77495,17596,124866,GAB DEP IOLANDO,Aprovado(a),admissivel,"Por esses motivos, voto pela ADMISSIBILIDADE do Projeto de Decreto Legislativo nº 70/2023.",parecer_autor
77496,17596,115820,GAB DEP DAYSE AMARILIO,Não apreciado(a),sem_clausula,,parecer_autor
77497,17597,116564,GAB DEP PR DANIEL DE CASTRO,Aprovado(a),sem_clausula,,parecer_autor
77498,17597,110495,GAB DEP ROGÉRIO MORRO DA CRUZ,Aprovado(a),merito_favoravel,"Assim, diante de tudo quanto exposto, no âmbito desta Comissão, somos favoráveis à APROVAÇÃO do Projeto de Lei nº 788/2023, que “Institui o Plano de Desenvolvimento de Turismo Sustentável da Região Administrativa da Fercal, que cria a Rota 205 – RA Fercal, direcionada aos segmentos de turismo cultural, rural, histórico, religioso, científ",parecer_autor
77499,17625,134072,GAB DEP RICARDO VALE,Aprovado(a),merito_favoravel,"Sendo assim, voto pela APROVAÇÃO, no mérito, do Projeto de Lei nº 789/2023.",parecer_autor
77500,17664,281626,GAB DEP ROBÉRIO NEGREIROS,Não apreciado(a),merito_contrario,"Em face do exposto, nosso voto é pela REJEIÇÃO E INADMISSIBILIDADE do Projeto de Decreto Legislativo nº 69/2023.",parecer_autor
77501,17670,122216,GAB DEP DAYSE AMARILIO,Não apreciado(a),merito_favoravel,"Pelo exposto, manifestamos voto, nesta Comissão de Educação, Saúde e Cultura, pela APROVAÇÃO do Projeto de Lei nº 806 de 2023.",parecer_autor
77502,17674,134486,GAB DEP THIAGO MANZONI,Aprovado(a),admissivel_com_ressalva,"III - CONCLUSÃO Pelas razões expostas, nosso voto é pela ADMISSIBILIDADE do Projeto de Resolução n.º 24/2023 e das emendas 1, 2, 3, 4 e 5, na forma do substitutivo do relator.",parecer_autor
77503,17684,111466,GAB DEP RICARDO VALE,Aprovado(a),sem_clausula,,parecer_autor
77504,17701,112958,GAB DEP MARTINS MACHADO,Aprovado(a),merito_favoravel,"mulheres em casos de maior gravidade, com riscos inclusive para os demais envolvidos no programa, que, ao contrário dos policiais, não estão preparados nem equipados para lidar com situações extremas; Diante do exposto, vota-se, no âmbito da CTMU, pela aprovação do PL no 807/2023, na forma da Emenda Substitutiva nº 01 apresentada por este relator, nos termos do art. 69-D, I, ‘a’, do RICLDF.",parecer_autor
77505,17701,119867,GAB DEP PR DANIEL DE CASTRO,Não apreciado(a),admissivel_com_ressalva,"Frente o exposto, somos, no âmbito desta Comissão de Assuntos Sociais, pela ADMISSIBILIDADE do Projeto de Lei n.º 807 de 2023 na forma da emenda substitutiva apresentada.",parecer_autor
77506,17701,132396,GAB DEP DAYSE AMARILIO,Aprovado(a),merito_favoravel,"Diante dessas considerações, manifestamos voto pela APROVAÇÃO, no mérito, do Projeto de Lei nº 807 de 2023, na forma da Emenda Substitutiva n° 1, nesta Comissão de Assuntos Sociais.",parecer_autor
77507,17702,133604,GAB DEP DAYSE AMARILIO,Aprovado(a),merito_favoravel,"Ante o exposto, somos, no âmbito da Comissão de Assuntos Sociais, pela APROVAÇÃO, no mérito, do Projeto de Lei nº 805 de 2023.",parecer_autor
77508,17702,117078,GAB DEP GABRIEL MAGNO,Aprovado(a),merito_favoravel,"Ante o exposto, quanto à relevância, à oportunidade e à conveniência, manifestamo-nos pela aprovação, no mérito, do Projeto de Lei nº 805, de 2023, no âmbito desta Comissão de Educação, Saúde e Cultura.",parecer_autor
77509,17705,120872,GAB DEP DAYSE AMARILIO,Aprovado(a),merito_favoravel,"Feitas essas considerações, manifestamo-nos, no mérito, pela APROVAÇÃO do Projeto de Lei nº 991 de 2024, no âmbito desta Comissão de Fiscalização, Governança, Transparência e Controle.",parecer_autor
77510,17714,119591,GAB DEP THIAGO MANZONI,Aprovado(a),admissivel_com_ressalva,"Em razão do exposto, manifesta-se voto pela ADMISSIBILIDADE do Projeto de Lei nº 793, de 2023, na forma do substitutivo em anexo.",parecer_autor
77511,17730,126822,GAB DEP DAYSE AMARILIO,Não apreciado(a),merito_favoravel,"Dessa forma, somos pela APROVAÇÃO do Projeto de Lei nº 810 de 2023, no âmbito desta Comissão de Educação, Saúde e Cultura.",parecer_autor
77512,17736,120734,GAB DEP CHICO VIGILANTE,Aprovado(a),admissivel,"Diante do exposto, manifestamos voto pela ADMISSIBILIDADE do Projeto de Lei nº 811/2023, no âmbito da Comissão de Constituição e Justiça.",parecer_autor
77513,17736,111364,GAB DEP GABRIEL MAGNO,Aprovado(a),merito_favoravel,"sos nos arts. 6º e 7º da Constituição Federal de 1988. Instituir um dia no calendário de eventos para lembrar dessa importante classe de advogados parece-nos uma iniciativa acertada, motivo pelo qual, no âmbito da CESC, votamos pela APROVAÇÃO, no mérito, do Projeto de Lei nº 811/2023.",parecer_autor
77514,17744,130904,GAB DEP GABRIEL MAGNO,Aprovado(a),merito_favoravel,"Ante o exposto, no âmbito da CESC, manifestamo-nos pela APROVAÇÃO, no mérito, do Projeto de Lei nº 812, de 2023.",parecer_autor
77515,17749,110572,GAB DEP EDUARDO PEDROSA,Aprovado(a),admissivel,"Dessa forma, tendo em vista que a proposição observa as exigências formais e materiais do ordenamento jurídico e favorece o desenvolvimento da atuação governamental, voto pela ADMISSIBILIDADE e APROVAÇÃO do Projeto de Lei nº 813, de 2023, de autoria do Poder Executivo, no âmbito desta Comissão de Economia, Orçamento e Finanças.",parecer_autor
77516,17749,110665,GAB DEP MARTINS MACHADO,Aprovado(a),merito_favoravel,"Diante do exposto, no âmbito desta COMISSÃO DE ASSUNTOS SOCIAIS, manifestamos voto pela APROVAÇÃO do Projeto de Lei nº 813, de 2023, do Poder Executivo.",parecer_autor
77517,17763,119556,GAB DEP MARTINS MACHADO,Aprovado(a),sem_clausula,,parecer_autor
77518,17774,114721,GAB DEP PAULA BELMONTE,Não apreciado(a),merito_favoravel,"Diante do exposto, manifestamos voto pela APROVAÇÃO do Projeto de Lei nº 827/2023, quanto ao mérito, com o acatamento da Emenda Modificativa nº 01, no âmbito desta Comissão de Desenvolvimento Econômico Sustentável, Ciência, Tecnologia, Meio Ambiente e Turismo.",parecer_autor
77519,17816,277921,GAB DEP PAULA BELMONTE,Não apreciado(a),merito_favoravel,"Diante da relevância do tema e da abrangência das medidas propostas, recomendamos, portanto, o voto pela APROVAÇÃO do Projeto de Lei nº 825/2023, quanto ao mérito, no âmbito desta Comissão de Desenvolvimento Econômico Sustentável, Ciência, Tecnologia, Meio Ambiente e Turismo.",parecer_autor
77520,17843,118764,GAB DEP PR DANIEL DE CASTRO,Não apreciado(a),merito_favoravel,"Sob os critérios desta Comissão de Assuntos Sociais, somos, pela APROVAÇÃO do Projeto de Decreto Legislativo nº 77/2024, de autoria do nobre deputado Martins Machado.",parecer_autor
77521,17853,133461,GAB DEP FÁBIO FÉLIX,Não apreciado(a),merito_favoravel,"Diante do exposto, considerando a relevância social da Proposição e sua contribuição para a proteção dos direitos de gestantes e puérperas, votamos pela APROVAÇÃO do Projeto de Lei nº 838/2023 no âmbito desta Comissão de Defesa dos Direitos Humanos, Cidadania e Legislação Participativa.",parecer_autor
77522,17853,117434,GAB DEP RICARDO VALE,Aprovado(a),merito_favoravel,"Diante disso, voto pela APROVAÇÃO do Projeto de Lei nº 838/2023.",parecer_autor
77523,17864,119564,GAB DEP FÁBIO FÉLIX,Aprovado(a),merito_favoravel,"Portanto, considerando o atendimento ao interesse público verificado no projeto em exame, no que concerne ao mérito, somos PELA APROVAÇÃO do Projeto de Lei n.º 894/2024.",parecer_autor
77524,17876,121349,GAB DEP JOÃO CARDOSO,Não apreciado(a),sem_clausula,,parecer_autor
77525,17883,117563,GAB DEP RICARDO VALE,Aprovado(a),merito_favoravel,"Por isso, considero oportuna a medida e voto pela APROVAÇÃO do Projeto de Lei nº 924/2024.",parecer_autor
77526,17890,124760,GAB DEP MARTINS MACHADO,Aprovado(a),merito_favoravel,"Ante o exposto, no âmbito da Comissão de Comissão de Assuntos Sociais, votamos pela APROVAÇÃO, no mérito, do Projeto de Lei nº 858/2024.",parecer_autor
77527,17890,113513,GAB DEP DOUTORA JANE,Aprovado(a),sem_clausula,,parecer_autor
77528,17905,126744,GAB DEP FÁBIO FÉLIX,Aprovado(a),admissivel_com_ressalva,"Diante do exposto, manifestamos voto pela ADMISSIBILIDADE do Projeto de Lei nº 922/2024, no âmbito da Comissão de Constituição e Justiça, na forma do substitutivo anexo.",parecer_autor
77529,17905,117567,GAB DEP RICARDO VALE,Aprovado(a),merito_favoravel,"Por isso, considero oportuna a medida e voto pela APROVAÇÃO do Projeto de Lei nº 922/2024.",parecer_autor
77530,17906,114588,GAB DEP PR DANIEL DE CASTRO,Aprovado(a),merito_favoravel,"Sob os critérios desta Comissão de Assuntos Sociais, somos, no mérito, pela APROVAÇÃO do Projeto de Lei nº877/2024 É o voto.",parecer_autor
77531,17908,123587,GAB DEP GABRIEL MAGNO,Não apreciado(a),merito_favoravel,"Ante o exposto, do ponto de vista da relevância, da oportunidade e da conveniência, manifestamo-nos pela aprovação, no mérito, do Projeto de Lei nº 920, de 2024, no âmbito desta Comissão de Educação, Saúde e Cultura.",parecer_autor
77532,17909,274906,GAB DEP ROBÉRIO NEGREIROS,Aprovado(a),admissivel,"Diante do exposto, manifestamos voto pela ADMISSIBILIDADE do Projeto de Lei nº 919/2024, no âmbito da Comissão de Constituição e Justiça, com o acolhimento do Substitutivo anexo.",parecer_autor
77533,17909,114723,GAB DEP PAULA BELMONTE,Aprovado(a),merito_favoravel,"Recomendamos, portanto, voto pela APROVAÇÃO do Projeto de Lei nº 919/2024, quanto ao mérito, no âmbito desta Comissão de Desenvolvimento Econômico Sustentável, Ciência, Tecnologia, Meio Ambiente e Turismo, que certamente contribuirá para o avanço da educação e da cultura científica no Distrito Federal.",parecer_autor
77534,17910,115277,GAB DEP PEPA,Não apreciado(a),merito_favoravel,"Diante do exposto, no âmbito desta Comissão de Produção Rural e Abastecimento manifestamos o nosso voto, no mérito, pela APROVAÇÃO do Projeto de Lei nº 918/2024. É O VOTO",parecer_autor
77535,17911,124917,GAB DEP MAX MACIEL,Aprovado(a),sem_clausula,,parecer_autor
77536,17912,112110,GAB DEP MARTINS MACHADO,Não apreciado(a),sem_clausula,,parecer_autor
77537,17912,275332,GAB DEP GABRIEL MAGNO,Não apreciado(a),merito_favoravel,"III - CONCLUSÃO Ante o exposto, no âmbito desta Comissão de Educação e Cultura, manifestamos voto pela aprovação, no mérito, do Projeto de Lei nº 879, de 2024.",parecer_autor
77538,17914,126870,GAB DEP DAYSE AMARILIO,Não apreciado(a),merito_favoravel,"Pelo exposto, no mérito, votamos pela APROVAÇÃO do Projeto de Lei nº 862 de 2024, no âmbito desta Comissão de Educação, Saúde e Cultura.",parecer_autor
77539,17915,121567,GAB DEP RICARDO VALE,Aprovado(a),merito_favoravel,"Por essas razões, voto pela APROVAÇÃO do Projeto de Lei nº 866/2024.",parecer_autor
77540,17917,133024,GAB DEP JAQUELINE SILVA,Aprovado(a),merito_favoravel,"Feitas essas considerações, manifestamo-nos pela aprovação, no mérito, do Projeto de Lei nº 876, de 2024, no âmbito desta Comissão de Defesa dos Direitos Humanos, Cidadania e Legislação Participativa na forma do Substitutivo anexo.",parecer_autor
77541,17917,113712,GAB DEP PR DANIEL DE CASTRO,Aprovado(a),merito_favoravel,"Sob os critérios desta Comissão de Assuntos Sociais, somos, no mérito, pela APROVAÇÃO do Projeto de Lei 876/2024",parecer_autor
77542,17918,139687,GAB DEP ROBÉRIO NEGREIROS,Aprovado(a),admissivel,"Diante de todo o exposto, manifestamo-nos pela admissibilidade do Projeto de Lei nº 914/24, no âmbito da CCJ com a Emenda Modificativa aprovada na CESC.",parecer_autor
77543,17918,119562,GAB DEP GABRIEL MAGNO,Aprovado(a),merito_favoravel,"Feitas essas considerações, no âmbito da CESC, manifestamo-nos pela APROVAÇÃO, no mérito, do Projeto de Lei nº 914/2024, de autoria do Deputado Iolando, com a Emenda Modificativa nº 1.",parecer_autor
77544,17920,125262,GAB DEP ROGÉRIO MORRO DA CRUZ,Não apreciado(a),sem_clausula,,parecer_autor
77545,17923,129661,GAB DEP HERMETO,Aprovado(a),merito_favoravel,"Diante do exposto, votamos, no âmbito desta Comissão de Segurança, pela APROVAÇÃO, no mérito, do Projeto de Lei nº 863, de 2024.",parecer_autor
77546,17935,122555,GAB DEP DAYSE AMARILIO,Aprovado(a),merito_favoravel,"Assim, manifestamos voto pela APROVAÇÃO, no mérito, do Projeto de Lei nº 913 de 2024, nesta Comissão de Assuntos Sociais.",parecer_autor
77547,17936,277303,GAB DEP JORGE VIANNA,Aprovado(a),merito_favoravel,"Ante o exposto, no âmbito da Comissão de Defesa do Consumidor, somos pela APROVAÇÃO, no mérito, do Projeto de Lei nº 912, de 2024.",parecer_autor
77548,17939,126902,GAB DEP MARTINS MACHADO,Não apreciado(a),merito_favoravel,"Ante o exposto, no âmbito da Comissão de Assuntos Sociais, somos pela aprovação, no mérito, do Projeto de Lei nº 909, de 2024.",parecer_autor
77549,17939,117441,GAB DEP RICARDO VALE,Aprovado(a),merito_favoravel,"Nesse sentido, considero oportunas as sugestões e voto pela APROVAÇÃO do Projeto de Lei nº 909/2024.",parecer_autor
77550,17944,120111,GAB DEP GABRIEL MAGNO,Aprovado(a),merito_favoravel,"Mediante a prerrogativa de que pessoas com deficiência devem gozar plenamente de todos os direitos humanos e liberdades fundamentais em igualdade de oportunidades com as demais, manifestamo-nos pela APROVAÇÃO do Projeto de lei nº 880/2024, de autoria do Deputado Eduardo Pedrosa, que “Altera a Lei nº 5.065/2013, que dispõe sobre a disponibilização de equipamentos de lazer e recreação adaptados para pessoas com deficiência, para incluir brinquedos e equipamentos par",parecer_autor
77551,17948,114710,GAB DEP PR DANIEL DE CASTRO,Aprovado(a),merito_favoravel,"Sob os critérios desta Comissão de Segurança, somos, no mérito, pela APROVAÇÃO do Projeto de Lei nº 917/2024, de autoria da nobre Deputada Doutora Jane.",parecer_autor
77552,17961,130600,GAB DEP DANIEL DONIZET,Aprovado(a),merito_favoravel,"CONCLUSÃO Diante do exposto, no âmbito desta Comissão de Assuntos Fundiários, manifestamos voto pela APROVAÇÃO, no mérito, do Projeto de Lei nº 882, de 2023, apresentado nesta relatoria.",parecer_autor
77553,17962,126985,GAB DEP DAYSE AMARILIO,Não apreciado(a),merito_favoravel,"Pelo exposto, sob os critérios desta Comissão de Educação, Saúde e Cultura, somos, no mérito, pela APROVAÇÃO do Projeto de Lei nº 883 de 2024.",parecer_autor
77554,17963,126986,GAB DEP DAYSE AMARILIO,Não apreciado(a),merito_favoravel,"Pelo exposto, manifestamos voto, no mérito, pela APROVAÇÃO do Projeto de Lei nº 884 de 2024, no âmbito desta Comissão de Assuntos Sociais.",parecer_autor
77555,17967,129443,GAB DEP THIAGO MANZONI,Aprovado(a),merito_favoravel,"Diante do exposto, somos pela APROVAÇÃO, no mérito, do Projeto de Lei nº 925/2024, no âmbito da Comissão de Educação, Saúde e Cultura, na forma do substitutivo anexo.",parecer_autor
77556,17970,129775,GAB DEP IOLANDO,Aprovado(a),admissivel,"vista que a proposição observa todas as exigências formais e matérias do ordenamento jurídico e favorece o desenvolvimento da atuação governamental, no âmbito desta COMISSÃO DE CONSTITUIÇÃO E JUSTIÇA, manifestamos voto pela ADMISSIBILIDADE do Projeto de Lei nº 845, de 2024, do Poder Executivo.",parecer_autor
77557,17975,126888,GAB DEP ROBÉRIO NEGREIROS,Aprovado(a),admissivel,"Do exposto, manifestamos voto pela ADMISSIBILIDADE do Projeto de Lei nº 870/2024, com a emenda supressiva anexa.",parecer_autor
77558,17975,113519,GAB DEP DOUTORA JANE,Aprovado(a),sem_clausula,,parecer_autor
77559,17990,127752,GAB DEP GABRIEL MAGNO,Não apreciado(a),merito_favoravel,"Ante o exposto, no âmbito da CESC, somos pela APROVAÇÃO, no mérito, do PL 657/2023.",parecer_autor
77560,18005,277573,GAB DEP RICARDO VALE,Não apreciado(a),merito_favoravel,"Por isso, parece-me oportuno ter uma campanha permanente, como a aqui sugerida, para prevenir a doença, razão por que voto pela aprovação do Projeto de Lei nº 915, de 2024.",parecer_autor
77561,18012,123779,GAB DEP FÁBIO FÉLIX,Aprovado(a),merito_favoravel,"Ante o exposto, no âmbito da Comissão de Defesa dos Direitos Humanos, Cidadania e Legislação Participativa, somos pela aprovação, no mérito, do Projeto de Lei nº 890, de 2024, na forma das emendas anexas, com acatamento do conteúdo das Emendas nº 1, 2, 3, 4, 10, 11 e 12, nos termos das emendas apresentada por esta CDDHCLP.",parecer_autor
77562,18012,113176,GAB DEP PR DANIEL DE CASTRO,Não apreciado(a),merito_favoravel,"Por todo o exposto, no âmbito da Comissão de Assuntos Sociais , votamos pela APROVAÇÃO do Projeto de Lei n.º 890 de 2023, com acatamento das emendas apresentadas.",parecer_autor
77563,18020,115292,GAB DEP IOLANDO,Aprovado(a),admissivel,"la Lei distrital nº 2.638/2000 e reestruturada pela Lei distrital nº 3.322/2004. Por esses motivos, com fundamento nos artigos 71, § 1º, incisos II e 100, inciso X, todos da Lei Orgânica do Distrito Federal nosso voto é pela ADMISSIBILIDADE do Projeto de Lei nº 848/2024. [1] Texto original: Art. 71. A iniciativa das leis complementares e ordinárias cabe a qualquer membro ou comissão da Câmara Legislativa, ao Governador do Distrito Federal e, nos termos do art. 84, IV, ao Tribunal de Contas do Di",parecer_autor
77564,18020,117180,GAB DEP DAYSE AMARILIO,Aprovado(a),merito_favoravel,"Diante dessas considerações, manifestamos voto pela APROVAÇÃO, no mérito, do Projeto de Lei nº 848 de 2024, nesta Comissão de Assuntos Sociais.",parecer_autor
77565,18020,117307,GAB DEP GABRIEL MAGNO,Aprovado(a),merito_favoravel,"Ante o exposto, do ponto de vista da relevância, da oportunidade e da conveniência, manifestamo-nos pela aprovação, no mérito, do Projeto de Lei nº 848, de 2024, no âmbito desta Comissão de Educação, Saúde e Cultura.",parecer_autor
77566,18021,118536,GAB DEP EDUARDO PEDROSA,Aprovado(a),admissivel,"Ante o exposto, somos pela admissibilidade e aprovação do Projeto de Lei nº 885, de 2024, no âmbito da Comissão de Economia, Orçamento e Finanças.",parecer_autor
77567,18021,121488,GAB DEP IOLANDO,Aprovado(a),admissivel,"Por todo o exposto, vota-se, no âmbito da CCJ, pela admissibilidade do PL nº 885/2024, nos termos do art. 63, I, do RICLDF.",parecer_autor
77568,18050,115626,GAB DEP MARTINS MACHADO,Aprovado(a),merito_favoravel,"Diante do exposto, nosso voto é pela APROVAÇÃO do Projeto de Decreto Legislativo nº 79 de 2024, no âmbito desta Comissão de Assuntos Sociais - CAS.",parecer_autor
77569,18052,276365,GAB DEP IOLANDO,Aprovado(a),merito_favoravel,"Feitas essas considerações, manifestamo-nos pela aprovação do Projeto de Lei nº 887, de 2024, quanto ao mérito, no âmbito desta Comissão de Defesa do Consumidor, com a emenda supressiva anexa.",parecer_autor
77570,18053,117571,GAB DEP RICARDO VALE,Aprovado(a),merito_favoravel,"Nesse sentido, considero oportunas as sugestões e voto pela APROVAÇÃO do Projeto de Lei nº 888/2024.",parecer_autor
77571,18057,121187,GAB DEP GABRIEL MAGNO,Não apreciado(a),merito_favoravel,"Ante o exposto, do ponto de vista da relevância, da oportunidade e da conveniência, manifestamo-nos pela aprovação, no mérito, do Projeto de Lei nº 897, de 2024, no âmbito desta Comissão de Educação, Saúde e Cultura.",parecer_autor
77572,18062,117172,GAB DEP MAX MACIEL,Não apreciado(a),sem_clausula,,parecer_autor
77573,18067,127756,GAB DEP DAYSE AMARILIO,Não apreciado(a),merito_favoravel,"Feitas essas considerações, manifestamo-nos pela aprovação do Projeto de Lei nº 902, de 2024, quanto ao mérito, no âmbito desta Comissão de Educação e Cultura.",parecer_autor
77574,18078,115661,GAB DEP MARTINS MACHADO,Aprovado(a),merito_favoravel,"Portanto, considerando o interesse público e a importância estratégica do CONFAM na promoção do bem-estar familiar e no aprimoramento das políticas públicas, somos, no âmbito desta Comissão de Assuntos Sociais, pela APROVAÇÃO do Projeto de Lei n.º 895, de 2024. É o Voto.",parecer_autor
77575,18079,117445,GAB DEP RICARDO VALE,Aprovado(a),merito_favoravel,"Por essas razões, considero oportuna a medida e voto pela APROVAÇÃO do Projeto de Lei nº 899/2024.",parecer_autor
77576,18080,275343,GAB DEP GABRIEL MAGNO,Não apreciado(a),merito_favoravel,"III - CONCLUSÃO Ante o exposto, no âmbito da Comissão de Educação e Cultura, manifestamos voto pela aprovação, no mérito, do Projeto de Lei nº 898, de 2024.",parecer_autor
77577,18126,129396,GAB DEP IOLANDO,Aprovado(a),admissivel,"Diante do exposto, manifestamos voto pela ADMISSIBILIDADE do Projeto de Lei nº 904/2024, no âmbito da Comissão de Constituição e Justiça, com a emenda supressiva anexa.",parecer_autor
77578,18126,118960,GAB DEP MARTINS MACHADO,Aprovado(a),merito_favoravel,"Portanto, diante da necessidade do reconhecimento da importância do esporte paralímpico e de seus atletas, contribuindo para o desenvolvimento social, cultural e econômico do Distrito Federal, o voto é pela APROVAÇÃO do Projeto Lei nº 904/2024.",parecer_autor
77579,18165,131827,GAB DEP PR DANIEL DE CASTRO,Não apreciado(a),merito_favoravel,"Pelo exposto, somos pela APROVAÇÃO do Projeto de Lei 934/2024, no âmbito desta Comissão de Assuntos Sociais.",parecer_autor
77580,18165,115411,GAB DEP DOUTORA JANE,Não apreciado(a),sem_clausula,,parecer_autor
77581,18170,114695,GAB DEP PR DANIEL DE CASTRO,Aprovado(a),merito_favoravel,"Sob os critérios desta Comissão de Segurança, somos, no mérito, pela APROVAÇÃO do Projeto de Lei nº 932/2024, de autoria do nobre Deputado Hermeto.",parecer_autor
77582,18172,133004,GAB DEP CHICO VIGILANTE,Não apreciado(a),admissivel,"Diante do exposto, somos pela ADMISSIBILIDADE do Projeto de Lei nº 930/2024, no âmbito da Comissão de Constituição e Justiça.",parecer_autor
77583,18172,113729,GAB DEP ROOSEVELT VILELA,Aprovado(a),merito_favoravel,"Diante do exposto, manifestamos voto pela APROVAÇÃO do Projeto de Lei nº 930/2024, no âmbito da Comissão de Segurança, na forma do substitutivo anexo.",parecer_autor
77584,18175,129986,GAB DEP GABRIEL MAGNO,Não apreciado(a),merito_favoravel,"Ante o exposto, do ponto de vista da relevância, da oportunidade e da conveniência, votamos pela aprovação, no mérito, do Projeto de Lei nº 929, de 2024, no âmbito desta Comissão de Educação, Saúde e Cultura, com observância das Emendas Modificativas nº 1 e nº 2.",parecer_autor
77585,18189,120201,GAB DEP GABRIEL MAGNO,Não apreciado(a),merito_favoravel,"Ante o exposto, do ponto de vista da relevância, da oportunidade e da conveniência, manifestamo-nos pela aprovação, no mérito, do Projeto de Lei nº 935, de 2024, no âmbito desta Comissão de Educação, Saúde e Cultura.",parecer_autor
77586,18211,116009,GAB DEP PR DANIEL DE CASTRO,Aprovado(a),merito_favoravel,"Assim, sob os critérios desta Comissão de Segurança, somos, no mérito, pela APROVAÇÃO do Projeto de Lei nº 939/2024.",parecer_autor
77587,18225,118737,GAB DEP ROOSEVELT VILELA,Aprovado(a),merito_favoravel,"Diante do exposto, manifestamos voto pela APROVAÇÃO dos Projetos de Lei nºs 945, 946 e 947/2024, no âmbito da Comissão de Segurança, na forma do substitutivo anexo.",parecer_autor
77588,18262,120542,CEOF,Aprovado(a),admissivel,"- LDO 2024 e com a Lei nº 7.377/2023 – LOA 2024. Dessa forma, tendo em vista que a proposição observa as exigências formais e materiais do ordenamento jurídico e favorece o desenvolvimento da atuação governamental, voto pela ADMISSIBILIDADE e APROVAÇÃO do Projeto de Lei Complementar nº 40, de 2024, de autoria do Poder Executivo, no âmbito desta Comissão de Economia, Orçamento e Finanças.",parecer_autor
77589,18262,115278,GAB DEP IOLANDO,Aprovado(a),admissivel,"Por todo o exposto, nosso voto é pela ADMISSIBILIDADE constitucional e jurídica do Projeto de Lei Complementar n.º 40, de 2024.",parecer_autor
77590,18262,116175,GAB DEP MARTINS MACHADO,Aprovado(a),merito_favoravel,"Diante dessas considerações, manifestamos voto pela APROVAÇÃO, no mérito, do Projeto de Lei Complementar nº 40/2024, no âmbito desta Comissão de Assuntos Sociais - CAS.",parecer_autor
77591,18304,136648,GAB DEP JOÃO CARDOSO,Aprovado(a),merito_favoravel,"Pelo exposto, no mérito somos pela APROVAÇÃO do Projeto de lei nº 948 de 2024. É o parecer.",parecer_autor
77592,18311,124922,GAB DEP MAX MACIEL,Aprovado(a),sem_clausula,,parecer_autor
77593,18329,280742,GAB DEP DAYSE AMARILIO,Aprovado(a),merito_favoravel,"Nesse sentido, manifestamo-nos, no mérito, pela aprovação do PL nº 951, de 2024, nesta Comissão de Assuntos Sociais.",parecer_autor
77594,18332,130800,CEOF,Aprovado(a),admissivel,"Pelo exposto, vota-se, no âmbito da CEOF, pela admissibilidade da homologação dos convênios n° 132/21, n° 101/23 e n° 146/23 nos termos do Projeto de Decreto Legislativo em anexo.",parecer_autor
77595,18339,131341,GAB DEP ROBÉRIO NEGREIROS,Aprovado(a),admissivel_com_ressalva,"Diante do exposto, manifestamos voto pela ADMISSIBILIDADE do Projeto de Lei nº 954/2024, no âmbito da Comissão de Constituição e Justiça, na forma do Substitutivo anexo.",parecer_autor
77596,18339,114367,GAB DEP ROGÉRIO MORRO DA CRUZ,Aprovado(a),merito_favoravel,"Diante do exposto, no âmbito desta Comissão, somos favoráveis à APROVAÇÃO, integral, do Projeto de Lei n° 954/2024, que “Institui a Semana da Inteligência Artificial (IA) no âmbito do Distrito Federal e dá outras providências.” É o Voto.",parecer_autor
77597,18346,133273,GAB DEP MAX MACIEL,Aprovado(a),sem_clausula,,parecer_autor
77598,18352,115604,GAB DEP PR DANIEL DE CASTRO,Aprovado(a),merito_favoravel,"Sob os critérios desta Comissão de Assuntos Sociais, somos, pela APROVAÇÃO do Projeto de Decreto Legislativo nº 80/2024, de autoria do nobre deputado ROBÉRIO NEGREIROS.",parecer_autor
77599,18363,137901,GAB DEP IOLANDO,Aprovado(a),admissivel,"Por esses motivos, somos pela ADMISSIBILIDADE do projeto de Decreto Legislativo n° 86/2024.",parecer_autor
77600,18363,118173,GAB DEP PR DANIEL DE CASTRO,Aprovado(a),merito_favoravel,"Sob os critérios desta Comissão de Assuntos Sociais, somos, no mérito, pela APROVAÇÃO do Projeto de Decreto Legislativo nº 86/2024. É o voto.",parecer_autor
77601,18378,281628,GAB DEP ROBÉRIO NEGREIROS,Aprovado(a),admissivel_com_ressalva,"Nesse sentido, manifestamos voto pela ADMISSIBILIDADE do Projeto de Lei nº 955/2024, no âmbito da Comissão de Constituição e Justiça, na forma do substitutivo anexo.",parecer_autor
77602,18378,121502,GAB DEP DAYSE AMARILIO,Aprovado(a),merito_favoravel,"Diante dessas considerações, manifestamos voto pela APROVAÇÃO, no mérito, do Projeto de Lei nº 955 de 2024, no âmbito da Comissão de Assuntos Sociais.",parecer_autor
77603,18379,119544,GAB DEP GABRIEL MAGNO,Aprovado(a),merito_favoravel,"Feitas essas considerações, no âmbito da CESC, manifestamo-nos pela APROVAÇÃO, no mérito, do Projeto nº 956/2024, de autoria do Deputando Chico Vigilante.",parecer_autor
77604,18380,124918,GAB DEP MAX MACIEL,Aprovado(a),sem_clausula,,parecer_autor
77605,18383,121225,GAB DEP HERMETO,Aprovado(a),merito_favoravel,"Pelo exposto, considerando o caráter protetivo aos direitos dos consumidores, manifestamo-nos pela APROVAÇÃO do Projeto de Lei 959, de 2024, no âmbito da Comissão de Defesa do Consumidor.",parecer_autor
77606,18386,122026,GAB DEP FÁBIO FÉLIX,Aprovado(a),merito_favoravel,"Diante do exposto, reputamos válida a presente propositura e manifestamos voto pela APROVAÇÃO do Projeto de Lei nº 965/2024 no âmbito da CDDHCEDP, com o acolhimento do substitutivo anexo.",parecer_autor
77607,18394,129449,GAB DEP GABRIEL MAGNO,Aprovado(a),merito_favoravel,"Diante do exposto, somos pela APROVAÇÃO do Projeto de Lei nº 963, de 2024, no âmbito desta Comissão de Transporte e Mobilidade Urbana.",parecer_autor
77608,18437,127332,GAB DEP FÁBIO FÉLIX,Aprovado(a),admissivel,"1º do art. 2º da Resolução nº 334/2023. Consulta ao sistema PLe nos informa que foi o terceiro PDL congênere apresentado pelo autor, na condição de primeiro ou único subscritor, em 2024. Pelo exposto, manifestamos voto pela ADMISSIBILIDADE do Projeto de Decreto Legislativo nº 84/2024 no âmbito da CCJ.",parecer_autor
77609,18437,116240,GAB DEP MARTINS MACHADO,Aprovado(a),sem_clausula,,parecer_autor
77610,18447,123671,GAB DEP HERMETO,Aprovado(a),merito_favoravel,"Ante o exposto, no âmbito da Comissão de Segurança, voto pela APROVAÇÃO do PL n° 1.037, de 2024. [1] https://www.camara.leg.br/proposicoesWeb/fichadetramitacao?idProposicao=2348820#:~:text=PL%20530%2F2023%20Inteiro%20teor,Projeto%20de%20Lei&text=Altera%20as%20Leis%20n%C2%BA%2011530,cidad%C3%A3o%2C%20e%20d%C3%A1%20outras%20provid%",parecer_autor
77611,18452,112567,CEOF,Aprovado(a),merito_favoravel,"posto, tendo em vista que a proposição observa as exigências formais e materiais do ordenamento jurídico e favorece o desenvolvimento da atuação governamental, no âmbito desta Comissão de Economia, Orçamento e Finanças, manifestamos voto pela APROVAÇÃO e ADMISSIBILIDADE do Projeto de Lei nº 969/2024, de autoria do Poder Executivo.",parecer_autor
77612,18466,133383,GAB DEP EDUARDO PEDROSA,Aprovado(a),merito_favoravel,"III – CONCLUSÃO Diante do exposto, no âmbito desta Comissão de Assuntos Fundiários, manifestamos voto pela APROVAÇÃO do Projeto de Lei nº 970, de 2024, na forma das emendas em anexo.",parecer_autor
77613,18466,279019,GAB DEP ROGÉRIO MORRO DA CRUZ,Aprovado(a),sem_clausula,,parecer_autor
77614,18468,121568,GAB DEP RICARDO VALE,Aprovado(a),merito_favoravel,"Por essas razões, voto pela APROVAÇÃO do Projeto de Lei nº 1.017/2024, com a emenda anexa.",parecer_autor
77615,18469,125264,GAB DEP ROGÉRIO MORRO DA CRUZ,Aprovado(a),sem_clausula,,parecer_autor
77616,18482,123964,GAB DEP JOAQUIM RORIZ NETO,Aprovado(a),merito_favoravel,"Diante do exposto, votamos pela APROVAÇÃO do PL n° 980, de 2024, no âmbito desta Comissão de Desenvolvimento Econômico Sustentável, Ciência, Tecnologia, Meio Ambiente e Turismo.",parecer_autor
77617,18483,133034,GAB DEP JAQUELINE SILVA,Aprovado(a),merito_favoravel,"Feitas essas considerações, manifestamo-nos pela aprovação, no mérito, do Projeto de Lei nº 979, de 2024, no âmbito desta Comissão de Defesa dos Direitos Humanos, Cidadania e Legislação Participativa",parecer_autor
77618,18508,122029,GAB DEP FÁBIO FÉLIX,Aprovado(a),merito_favoravel,"Por esses fundamentos, somos pela APROVAÇÃO do PL nº 977/2024.",parecer_autor
77619,18517,117595,GAB DEP MARTINS MACHADO,Aprovado(a),sem_clausula,,parecer_autor
77620,18547,124429,GAB DEP GABRIEL MAGNO,Não apreciado(a),sem_clausula,,parecer_autor
77621,18567,116243,GAB DEP MARTINS MACHADO,Aprovado(a),sem_clausula,,parecer_autor
77622,18570,127326,GAB DEP FÁBIO FÉLIX,Aprovado(a),admissivel,"Diante do exposto, manifestamos voto pela ADMISSIBILIDADE do Projeto de Lei nº 1.022/2024, no âmbito da Comissão de Constituição e Justiça, com o acolhimento do Substitutivo anexo.",parecer_autor
77623,18570,118972,GAB DEP MARTINS MACHADO,Não apreciado(a),merito_favoravel,"Portanto, diante da necessidade do reconhecimento da importância do Krav Magá, o voto é pela APROVAÇÃO do Projeto Lei nº 1022/2024.",parecer_autor
77624,18582,126953,GAB DEP MARTINS MACHADO,Aprovado(a),merito_favoravel,"Concluídas as considerações, no âmbito desta Comissão de Assuntos Sociais, votamos, no mérito, pela aprovação do Projeto de Lei nº 986/2024, com acatamento da Emenda de Relator n.º 1,.",parecer_autor
77625,18582,135731,GAB DEP ROGÉRIO MORRO DA CRUZ,Aprovado(a),sem_clausula,,parecer_autor
77626,18604,123096,GAB DEP PR DANIEL DE CASTRO,Aprovado(a),merito_favoravel,"Frente o exposto, no âmbito desta Comissão de Segurança, somos pela APROVAÇÃO do Projeto de Lei nº 1035/2024. É o Voto.",parecer_autor
77627,18614,114719,CEOF,Não apreciado(a),merito_favoravel,"posto, tendo em vista que a proposição observa as exigências formais e materiais do ordenamento jurídico e favorece o desenvolvimento da atuação governamental, no âmbito desta COMISSÃO DE ECONOMIA, ORÇAMENTO E FINANÇAS, manifestamos voto pela APROVAÇÃO e ADMISSIBILIDADE do Projeto de Lei nº 989, 2024, de autoria do Poder Executivo.",parecer_autor
77628,18615,114732,CEOF,Aprovado(a),merito_favoravel,"posto, tendo em vista que a proposição observa as exigências formais e materiais do ordenamento jurídico e favorece o desenvolvimento da atuação governamental, no âmbito desta COMISSÃO DE ECONOMIA, ORÇAMENTO E FINANÇAS, manifestamos voto pela APROVAÇÃO e ADMISSIBILIDADE do Projeto de Lei nº 998 de 2024, de autoria do Poder Executivo.",parecer_autor
77629,18626,127128,GAB DEP DAYSE AMARILIO,Não apreciado(a),merito_favoravel,"Pelo exposto, manifestamos voto, nesta Comissão de Educação, Saúde e Cultura, pela APROVAÇÃO do Projeto de Lei nº 1.000 de 2024.",parecer_autor
77630,18648,274265,GAB DEP FÁBIO FÉLIX,Aprovado(a),admissivel,"Diante do exposto, manifestamos voto pela ADMISSIBILIDADE do Projeto de Lei nº 994/2024, no âmbito da Comissão de Constituição e Justiça, com o acolhimento do Substitutivo anexo.",parecer_autor
77631,18648,117067,GAB DEP DOUTORA JANE,Aprovado(a),merito_favoravel,"Diante do exposto, no âmbito desta Comissão de Desenvolvimento Econômico Sustentável, Ciência, Tecnologia, Meio Ambiente e Turismo – CDESCTMAT, manifestamos voto pela APROVAÇÃO, no mérito, do Projeto de Lei nº 994/2024.",parecer_autor
77632,18657,120804,GAB DEP RICARDO VALE,Não apreciado(a),merito_favoravel,"Nesse sentido, considero oportunas as alterações e voto pela APROVAÇÃO do Projeto de Lei nº 997/2024, com a Emenda anexa.",parecer_autor
77633,18663,128492,GAB DEP MARTINS MACHADO,Aprovado(a),merito_favoravel,"Ante o exposto, no âmbito da Comissão de Assuntos Sociais, somos pela aprovação, no mérito, do Projeto de Lei nº 1018/2024.",parecer_autor
77634,18663,119864,GAB DEP PR DANIEL DE CASTRO,Aprovado(a),admissivel,"Frente o exposto, somos, no âmbito desta Comissão de Segurança, pela ADMISSIBILIDADE do Projeto de Lei n.º 1018/2024.",parecer_autor
77635,18668,278949,GAB DEP PR DANIEL DE CASTRO,Aprovado(a),sem_clausula,,parecer_autor
77636,18701,117066,GAB DEP PR DANIEL DE CASTRO,Aprovado(a),merito_favoravel,"Portanto, considerando o evidente interesse público e a consonância da proposição, somos, no âmbito desta Comissão de Assuntos Sociais, pela APROVAÇÃO do PL nº 1.004/2024, no âmbito desta CCJ, com acatamento da emenda modificativa -3 do Deputado Thiago Manzoni.",parecer_autor
77637,18704,125935,CEOF,Aprovado(a),merito_favoravel,"posto, tendo em vista que a proposição observa as exigências formais e materiais do ordenamento jurídico e favorece o desenvolvimento da atuação governamental, no âmbito desta Comissão de Economia, Orçamento e Finanças, manifestamos voto pela APROVAÇÃO e ADMISSIBILIDADE do Projeto de Lei nº 1.002, de 2024, de autoria do Poder Executivo.",parecer_autor
77638,18705,116889,GAB DEP IOLANDO,Não apreciado(a),admissivel,"vista que a proposição observa todas as exigências formais e matérias do ordenamento jurídico e favorece o desenvolvimento da atuação governamental, no âmbito desta COMISSÃO DE CONSTITUIÇÃO E JUSTIÇA, manifestamos voto pela ADMISSIBILIDADE do Projeto de Lei nº 1.003, de 2024, do Poder Executivo.",parecer_autor
77639,18705,116439,GAB DEP JORGE VIANNA,Aprovado(a),admissivel,"Por isso, no âmbito da Comissão de Economia, Orçamento e Finanças, voto pela admissibilidade e aprovação do Projeto de Lei nº 1.003/2024. DEPUTADO EDUARDO PEDROSA Presidente DEPUTADO JORGE VIANNA Relator",parecer_autor
77640,18712,124218,GAB DEP EDUARDO PEDROSA,Aprovado(a),admissivel,"Ante ao exposto e com base no que dispõe o art. 64, II, “a” e “c” do RICLDF votamos, no âmbito desta CEOF, pela ADMISSIBILIDADE sob o ponto de vista da adequação orçamentária e financeira do PLC nº 43/2024.",parecer_autor
77641,18754,128330,GAB DEP MARTINS MACHADO,Aprovado(a),merito_favoravel,"Assim exposto, nos manifestamos, no mérito, pela APROVAÇÃO do Projeto de Lei nº 1015/2024, no âmbito desta Comissão.",parecer_autor
77642,18766,130423,GAB DEP DANIEL DONIZET,Aprovado(a),merito_favoravel,"III – CONCLUSÃO Diante do exposto, no âmbito desta Comissão de Assuntos Fundiários, manifestamos voto pela APROVAÇÃO do Projeto de Lei nº 1.014, de 2024, na forma do substitutivo em anexo.",parecer_autor
77643,18769,277742,GAB DEP PAULA BELMONTE,Não apreciado(a),merito_favoravel,"Diante da relevância do tema e da abrangência das medidas propostas, recomendamos, portanto, o voto pela APROVAÇÃO do Projeto de Lei nº 1.016/2024, quanto ao mérito, no âmbito desta Comissão de Desenvolvimento Econômico Sustentável, Ciência, Tecnologia, Meio Ambiente e Turismo.",parecer_autor
77644,18781,120183,GAB DEP PR DANIEL DE CASTRO,Aprovado(a),merito_favoravel,"Sendo assim, somos pela APROVAÇÃO do Projeto de Lei 1021 /2024 pela Câmara Legislativa do Distrito Federal, visando garantir os direitos e a dignidade desses cidadãos e contribuir para uma sociedade mais justa e igualitária.",parecer_autor
77645,18791,119978,GAB DEP DAYSE AMARILIO,Aprovado(a),merito_favoravel,"Diante do exposto, manifestamos voto pela APROVAÇÃO do Projeto de Decreto Legislativo nº 96/2024, quanto ao mérito, no âmbito desta Comissão de Assuntos Sociais.",parecer_autor
77646,18795,119565,GAB DEP MARTINS MACHADO,Não apreciado(a),sem_clausula,,parecer_autor
77647,18797,124923,GAB DEP MAX MACIEL,Aprovado(a),sem_clausula,,parecer_autor
77648,18799,119946,GAB DEP JOÃO CARDOSO,Aprovado(a),sem_clausula,,parecer_autor
77649,18831,120745,GAB DEP JOÃO CARDOSO,Aprovado(a),sem_clausula,,parecer_autor
77650,18841,118753,GAB DEP JOÃO CARDOSO,Aprovado(a),sem_clausula,,parecer_autor
77651,18846,122155,GAB DEP PR DANIEL DE CASTRO,Aprovado(a),merito_favoravel,"Pelo exposto, considerando a relevância social da matéria, somos favoráveis à aprovação do Projeto de Lei Complementar nº 45/2024 com acatamento da Emenda Modificativa nº01.",parecer_autor
77652,18857,133279,GAB DEP MAX MACIEL,Aprovado(a),sem_clausula,,parecer_autor
77653,18866,129431,GAB DEP THIAGO MANZONI,Não apreciado(a),merito_favoravel,"Diante do exposto, manifestamos voto pela APROVAÇÃO do Projeto de Lei nº 1.079/2022, no âmbito da Comissão de Educação, Saúde e Cultura, na forma do substitutivo anexo.",parecer_autor
77654,18906,124724,GAB DEP DAYSE AMARILIO,Não apreciado(a),merito_favoravel,"io de Brasília e de Cidadão Benemérito de Brasília, conforme prevê o art. 60, XLI, da Lei Orgânica do Distrito Federal, e dá outras providências."" Diante do exposto, no âmbito desta Comissão de Assuntos Sociais, o nosso voto é pela APROVAÇÃO do Projeto de Decreto Legislativo n° 99 de 2024.",parecer_autor
77655,18915,120532,GAB DEP RICARDO VALE,Aprovado(a),sem_clausula,,parecer_autor
77656,18953,119569,GAB DEP MARTINS MACHADO,Aprovado(a),sem_clausula,,parecer_autor
77657,18954,129318,GAB DEP HERMETO,Aprovado(a),merito_favoravel,"Assim, manifestamo-nos, no âmbito desta Comissão de Segurança, no mérito, pela APROVAÇÃO do Projeto de Lei nº 1.044/2024.",parecer_autor
77658,18967,128553,GAB DEP JOAQUIM RORIZ NETO,Aprovado(a),merito_favoravel,"Ante o exposto, no âmbito desta Comissão de Desenvolvimento Econômico Sustentável, Ciência, Tecnologia, Meio Ambiente e Turismo – CDESCTMAT, voto pela APROVAÇÃO do Projeto de Lei nº 1.036, de 2024.",parecer_autor
77659,18972,122253,GAB DEP PR DANIEL DE CASTRO,Aprovado(a),merito_favoravel,"Sob os critérios desta Comissão de Assuntos Sociais, somos, pela APROVAÇÃO do Projeto de Decreto Legislativo nº 103/2024, de autoria do nobre Deputado Joaquim Roriz Neto.",parecer_autor
77660,18985,132230,GAB DEP MARTINS MACHADO,Aprovado(a),merito_favoravel,"Pelo exposto, o voto é pela aprovação do Projeto de Lei 1038/2024.",parecer_autor
77661,18996,117073,CEOF,Aprovado(a),admissivel,"- LDO 2024 e com a Lei nº 7.377/2023 – LOA 2024. Dessa forma, tendo em vista que a proposição observa as exigências formais e materiais do ordenamento jurídico e favorece o desenvolvimento da atuação governamental, voto pela ADMISSIBILIDADE e APROVAÇÃO do Projeto de Lei nº 1.033, de 2024, de autoria do Poder Executivo, no âmbito desta Comissão de Economia, Orçamento e Finanças, com acatamento da emenda deste Relator.",parecer_autor
77662,19066,127117,GAB DEP DAYSE AMARILIO,Não apreciado(a),merito_favoravel,"Pelo exposto, nos manifestamos, no mérito, pela APROVAÇÃO do Projeto de Lei nº 1.041 de 2024, no âmbito desta Comissão de Assuntos Sociais.",parecer_autor
77663,19086,127067,GAB DEP DAYSE AMARILIO,Aprovado(a),merito_favoravel,"Diante do exposto, no âmbito desta Comissão de Assuntos Sociais, o nosso voto é pela APROVAÇÃO do Projeto de Decreto Legislativo n° 104 de 2024.",parecer_autor
77664,19098,138765,GAB DEP JOÃO CARDOSO,Não apreciado(a),sem_clausula,,parecer_autor
77665,19113,275141,GAB DEP FÁBIO FÉLIX,Aprovado(a),admissivel,"Diante do exposto, manifestamos voto pela ADMISSIBILIDADE do Projeto de Lei nº 1.051/2024, no âmbito da Comissão de Constituição e Justiça, com o acolhimento do Substitutivo anexo.",parecer_autor
77666,19113,127738,GAB DEP RICARDO VALE,Aprovado(a),merito_favoravel,"Por esses motivos, voto pela aprovação do Projeto de Lei nº 1.051, de 2024.",parecer_autor
77667,19128,132229,GAB DEP JAQUELINE SILVA,Aprovado(a),sem_clausula,,parecer_autor
77668,19133,132839,GAB DEP JOÃO CARDOSO,Não apreciado(a),sem_clausula,,parecer_autor
77669,19164,117770,CEOF,Aprovado(a),merito_favoravel,"posto, tendo em vista que a proposição observa as exigências formais e materiais do ordenamento jurídico e favorece o desenvolvimento da atuação governamental, no âmbito desta Comissão de Economia, Orçamento e Finanças, manifestamos voto pela APROVAÇÃO e ADMISSIBILIDADE do Projeto de Lei nº 1.058, de 2024, de autoria do Poder Executivo.",parecer_autor
77670,19221,127068,GAB DEP DAYSE AMARILIO,Aprovado(a),merito_favoravel,"Diante do exposto, no âmbito desta Comissão de Assuntos Sociais, o nosso voto é pela APROVAÇÃO do Projeto de Decreto Legislativo n° 107 de 2024.",parecer_autor
77671,19231,137893,GAB DEP IOLANDO,Aprovado(a),admissivel,"no enfatiza a importância do esporte como um agente de transformação social e coordena a Frente Parlamentar em Defesa do Esporte, promovendo iniciativas para o desenvolvimento esportivo no estado Por esses motivos, voto pela ADMISSIBILIDADE do Projeto de Decreto Legislativo nº 108/2024.",parecer_autor
77672,19231,122255,GAB DEP PR DANIEL DE CASTRO,Aprovado(a),merito_favoravel,"Sob os critérios desta Comissão de Assuntos Sociais, somos, pela APROVAÇÃO do Projeto de Decreto Legislativo nº 108/2024, de autoria do nobre Deputado Martins Machado, por tratar-se de justa e honrosa homenagem em reconhecimento aos relevantes serviços prestados ao Distrito Federal e a nossa população pelo agraciado.",parecer_autor
77673,19250,123131,GAB DEP MARTINS MACHADO,Aprovado(a),merito_favoravel,"Pelo exposto, manifestamos voto pela APROVAÇÃO do Projeto de Decreto Legislativo nº 110/2024 no âmbito da Comissão de Assuntos Sociais.",parecer_autor
77674,19250,128379,GAB DEP THIAGO MANZONI,Aprovado(a),admissivel,"1º do art. 2º da Resolução nº 334/2023. Consulta ao sistema PLe nos informa que foi o terceiro PDL congênere apresentado pelo autor, na condição de primeiro ou único subscritor, em 2024. Pelo exposto, manifestamos voto pela ADMISSIBILIDADE do Projeto de Decreto Legislativo nº 110/2024 no âmbito da Comissão de Constituição e Justiça.",parecer_autor
77675,19251,127148,GAB DEP DAYSE AMARILIO,Não apreciado(a),merito_favoravel,"Pelo exposto, manifestamos voto pela APROVAÇÃO do Projeto de Lei nº 1.069 de 2024, no âmbito da Comissão de Educação, Saúde e Cultura.",parecer_autor
77676,19265,124982,GAB DEP MARTINS MACHADO,Aprovado(a),merito_favoravel,"Ante o exposto, no âmbito da Comissão de Assuntos Sociais, somos pela aprovação, no mérito, do Projeto de Lei nº 1.071, de 2024, na forma do Substitutivo anexo.",parecer_autor
77677,19274,131820,GAB DEP FÁBIO FÉLIX,Aprovado(a),merito_favoravel,"Diante do exposto, manifestamos voto pela APROVAÇÃO do Projeto de Lei nº 1.072/2024, no âmbito da Comissão de Defesa dos Direitos Humanos, Cidadania e Legislação Participativa, na forma do substitutivo anexo.",parecer_autor
77678,19320,280012,GAB DEP PR DANIEL DE CASTRO,Não apreciado(a),merito_favoravel,"Por todo o exposto, somos pela APROVAÇÃO do Projeto de Lei 1218/2024, no âmbito desta Comissão de Assuntos Sociais.",parecer_autor
77679,19338,281226,GAB DEP ROGÉRIO MORRO DA CRUZ,Aprovado(a),merito_favoravel,"Com efeito, no âmbito desta Comissão, somos favoráveis à APROVAÇÃO do Projeto de Lei n.° 1078/2024, na forma do substitutivo aprovado na CAF.",parecer_autor
77680,19344,122251,GAB DEP PR DANIEL DE CASTRO,Aprovado(a),merito_favoravel,"Sob os critérios desta Comissão de Assuntos Sociais, somos, pela APROVAÇÃO do Projeto de Decreto Legislativo nº 112/2024, de autoria do nobre Deputado Eduardo Pedrosa.",parecer_autor
77681,19357,128578,GAB DEP HERMETO,Aprovado(a),merito_favoravel,"Ante o exposto, somos pela APROVAÇÃO do Projeto de Lei Complementar nº 46, de 2024, no âmbito da Comissão de Assuntos Fundiários.",parecer_autor
77682,19372,133281,GAB DEP MAX MACIEL,Não apreciado(a),sem_clausula,,parecer_autor
77683,19373,122605,GAB DEP PR DANIEL DE CASTRO,Não apreciado(a),merito_favoravel,"Sob os critérios desta Comissão de Assuntos Sociais, somos, pela APROVAÇÃO do Projeto de Decreto Legislativo nº 113/2024, de autoria do nobre Deputado Roosevelt Vilela, por tratar-se de justa e honrosa homenagem em reconhecimento aos relevantes serviços prestados ao Distrito Federal e a nossa população pelo agraciado.",parecer_autor
77684,19413,129953,GAB DEP DAYSE AMARILIO,Não apreciado(a),merito_favoravel,"Diante do exposto, no âmbito desta Comissão de Assuntos Sociais, o nosso voto é pela APROVAÇÃO do Projeto de Decreto Legislativo n° 115 de 2024.",parecer_autor
77685,19435,123135,GAB DEP MARTINS MACHADO,Não apreciado(a),merito_favoravel,"Pelo exposto, manifestamos voto pela APROVAÇÃO do Projeto de Decreto Legislativo nº 116/2024 no âmbito da Comissão de Assuntos Sociais.",parecer_autor
77686,19445,137752,GAB DEP JOÃO CARDOSO,Não apreciado(a),merito_favoravel,"Diante do exposto, manifestamos voto pela APROVAÇÃO do Projeto de Lei nº 1.100/2024, quanto ao mérito, no âmbito desta Comissão de Assuntos Sociais.",parecer_autor
77687,19509,123137,GAB DEP MARTINS MACHADO,Não apreciado(a),merito_favoravel,"Pelo exposto, manifestamos voto pela APROVAÇÃO do Projeto de Decreto Legislativo nº 118/2024 no âmbito da Comissão de Assuntos Sociais.",parecer_autor
77688,19514,122241,GAB DEP PR DANIEL DE CASTRO,Aprovado(a),merito_favoravel,"Sob os critérios desta Comissão de Assuntos Sociais, somos, pela APROVAÇÃO do Projeto de Decreto Legislativo nº 120/2024, de autoria do nobre Deputado Eduardo Pedrosa.",parecer_autor
77689,19520,128485,GAB DEP MARTINS MACHADO,Aprovado(a),sem_clausula,,parecer_autor
77690,19521,275144,GAB DEP FÁBIO FÉLIX,Aprovado(a),admissivel_com_ressalva,"Diante do exposto, manifestamos voto pela ADMISSIBILIDADE do Projeto de Lei nº 1082/2024, no âmbito da Comissão de Constituição e Justiça, na forma do substitutivo anexo.",parecer_autor
77691,19521,127739,GAB DEP RICARDO VALE,Aprovado(a),merito_favoravel,"Por esses motivos, voto pela aprovação do Projeto de Lei nº 1.082, de 2024.",parecer_autor
77692,19522,128650,GAB DEP MARTINS MACHADO,Aprovado(a),merito_favoravel,"Diante do exposto, nosso voto é pela APROVAÇÃO dos Projetos de Decretos Legislativos nºs 121/24 e 133/24, na forma do Substitutivo.",parecer_autor
77693,19530,133285,GAB DEP MAX MACIEL,Aprovado(a),sem_clausula,,parecer_autor
77694,19560,120557,CEOF,Aprovado(a),merito_favoravel,"posto, tendo em vista que a proposição observa as exigências formais e materiais do ordenamento jurídico e favorece o desenvolvimento da atuação governamental, no âmbito desta COMISSÃO DE ECONOMIA, ORÇAMENTO E FINANÇAS, manifestamos voto pela APROVAÇÃO e ADMISSIBILIDADE do Projeto de Lei nº 1081/2024.",parecer_autor
77695,19574,132791,GAB DEP DAYSE AMARILIO,Não apreciado(a),merito_favoravel,"Diante do exposto, no âmbito desta Comissão de Assuntos Sociais, o nosso voto é pela APROVAÇÃO do Projeto de Decreto Legislativo n° 123 de 2024.",parecer_autor
77696,19588,129991,GAB DEP GABRIEL MAGNO,Aprovado(a),merito_favoravel,"Diante do exposto, considerando o evidente mérito da Proposição, no âmbito da CESC, manifestamos voto pela aprovação, no mérito, do PL 1085/2024.",parecer_autor
77697,19599,123763,GAB DEP PR DANIEL DE CASTRO,Aprovado(a),merito_favoravel,"Sob os critérios desta Comissão de Assuntos Sociais, somos, pela APROVAÇÃO do Projeto de Decreto Legislativo nº 126/2024. É o voto.",parecer_autor
77698,19604,132761,GAB DEP PAULA BELMONTE,Aprovado(a),merito_favoravel,"Recomendamos, portanto, o voto pela APROVAÇÃO do Projeto de Lei nº 1.086/2024, quanto ao mérito, no âmbito desta Comissão de Desenvolvimento Econômico Sustentável, Ciência, Tecnologia, Meio Ambiente e Turismo, para garantir equidade tributária às cooperativas e associações de catadores de resíduos sólido",parecer_autor
77699,19610,131750,GAB DEP ROGÉRIO MORRO DA CRUZ,Aprovado(a),merito_favoravel,"Ante tudo quanto exposto, no âmbito desta Comissão, somos favoráveis à APROVAÇÃO integral do Projeto de Lei 1154/2024, que “Inclui no Calendário Oficial de eventos do Distrito Federal o dia da Câmara de Dirigentes lojistas do Distrito Federal.",parecer_autor
77700,19615,133026,GAB DEP JAQUELINE SILVA,Aprovado(a),merito_favoravel,"Em função disso, apresentamos Emenda Modificativa ao art. 3º. Pelo exposto, votamos nesta Comissão pela APROVAÇÃO, no mérito, do PL nº 1.089, de 2024, com as Emendas Modificativas anexas.",parecer_autor
77701,19641,127090,GAB DEP DAYSE AMARILIO,Não apreciado(a),merito_favoravel,"Pelo exposto, manifestamos voto pela APROVAÇÃO, no mérito, do Projeto de Lei nº 1090 de 2024, nesta Comissão de Assuntos Sociais.",parecer_autor
77702,19666,133218,GAB DEP FÁBIO FÉLIX,Aprovado(a),merito_favoravel,"Assim, considerando o alto impacto no combate à violência, manifestamo-nos, no mérito, pela APROVAÇÃO do Projeto de Lei nº 1097, de 2024, nesta Comissão de Defesa dos Direitos Humanos, Cidadania e Legislação Participativa.",parecer_autor
77703,19675,128292,GAB DEP MARTINS MACHADO,Não apreciado(a),merito_favoravel,"Assim exposto, nos manifestamos, no mérito, pela APROVAÇÃO do Projeto de Lei nº 1091/2024, no âmbito desta Comissão.",parecer_autor
77704,19736,127740,GAB DEP RICARDO VALE,Não apreciado(a),merito_favoravel,"Por esses motivos, voto pela aprovação do Projeto de Lei nº 1.096, de 2024.",parecer_autor
77705,19750,129984,GAB DEP RICARDO VALE,Aprovado(a),merito_favoravel,"Por essas razões, no mérito, voto pela APROVAÇÃO do Projeto de Lei nº 1.098/2024.",parecer_autor
77706,19771,124312,GAB DEP PR DANIEL DE CASTRO,Aprovado(a),merito_favoravel,"Sob os critérios desta Comissão de Assuntos Sociais, somos, pela APROVAÇÃO do Projeto de Decreto Legislativo nº 130/2024. É o voto.",parecer_autor
77707,19789,125114,GAB DEP HERMETO,Aprovado(a),merito_favoravel,"Ante o exposto, no âmbito desta Comissão de Defesa do Consumidor, somos pela aprovação,no mérito, do Projeto de Lei nº 1.102, de 2024, nos termos do Substitutivo anexo [1] Disponível em: https://www.gov.br/ans/pt-br/assuntos/noticias/beneficiario/nota-da-ans-sobre-cancelamento-e-rescisao-de-contratos Acesso em: 13/6/2024 [2] Disponível em: http",parecer_autor
77708,19793,131093,GAB DEP MARTINS MACHADO,Aprovado(a),merito_favoravel,"Diante do exposto, nosso voto é pela APROVAÇÃO do Projeto de Decreto Legislativo nº 128/24.",parecer_autor
77709,19798,276970,GAB DEP PEPA,Aprovado(a),merito_favoravel,"Logo, somos pela APROVAÇÃO no mérito do Projeto de Lei nº 1109/2024, nesta Comissão de Transporte e Mobilidade Urbana.",parecer_autor
77710,19807,129564,GAB DEP DAYSE AMARILIO,Aprovado(a),merito_favoravel,"Diante do exposto, manifestamos voto pela APROVAÇÃO, no mérito, do Projeto de Lei nº 1107 de 2024, nesta Comissão de Assuntos Sociais.",parecer_autor
77711,19808,129560,GAB DEP JOÃO CARDOSO,Aprovado(a),merito_favoravel,"Ante o exposto, vota-se, no âmbito da CAS, pela APROVAÇÃO do PDL nº 129/2024, nos termos do art. 65, I, “l” do RICLDF.",parecer_autor
77712,19809,124215,CEOF,Aprovado(a),admissivel,"Diante do exposto, vota-se pela admissibilidade do Projeto de Lei nº 1.108/2024 e pela continuidade de sua tramitação, com o encaminhamento ao Poder Executivo de solicitação de informações complementares constantes do item 5 deste Parecer Preliminar, cujas respostas devem ser apresentadas a esta Comissão d",parecer_autor
77713,19826,278543,GAB DEP DOUTORA JANE,Aprovado(a),merito_favoravel,"Com efeito, do quanto até aqui exposto, no âmbito desta Comissão de Desenvolvimento Econômico Sustentável, Ciência, Tecnologia, Meio Ambiente e Turismo, manifesto voto pela APROVAÇÃO, no mérito, do Projeto de Lei nº 1367/2024, por reconhecer sua importância na valorização e fortalecimento do Terceiro Setor no Distrito Federal.",parecer_autor
77714,19843,131652,CEOF,Aprovado(a),merito_favoravel,"posto, tendo em vista que a proposição observa as exigências formais e materiais do ordenamento jurídico e favorece o desenvolvimento da atuação governamental, no âmbito desta COMISSÃO DE ECONOMIA, ORÇAMENTO E FINANÇAS, manifestamos voto pela APROVAÇÃO e ADMISSIBILIDADE do Projeto de Lei nº 1.111/2024, de autoria do Poder Executivo.",parecer_autor
77715,19843,129028,GAB DEP MARTINS MACHADO,Aprovado(a),merito_favoravel,"Diante do exposto, no âmbito desta COMISSÃO DE ASSUNTOS SOCIAIS, no mérito, manifestamos voto pela APROVAÇÃO do Projeto de Lei nº 1111, de 2024.",parecer_autor
77716,19846,133000,GAB DEP CHICO VIGILANTE,Aprovado(a),admissivel,"Em vista do exposto, com fundamento no inciso I do art. 3º e no caput do art. 6º da Constituição Federal, bem como no inciso V do art. 58 da Lei Orgânica do Distrito Federal, manifestamos voto pela ADMISSIBILIDADE da Proposta de Emenda à Lei Orgânica nº 12/2024, com a emenda anexa, destinada ao aprimoramento da técnica legislativa e da redação da propositura.",parecer_autor
77717,19852,125913,CEOF,Aprovado(a),merito_favoravel,"posto, tendo em vista que a proposição observa as exigências formais e materiais do ordenamento jurídico e favorece o desenvolvimento da atuação governamental, no âmbito desta COMISSÃO DE ECONOMIA, ORÇAMENTO E FINANÇAS, manifestamos voto pela APROVAÇÃO e ADMISSIBILIDADE do Projeto de Lei nº 1.112 de 2024, de autoria do Poder Executivo, com rejeição da Emenda número 2.",parecer_autor
77718,19855,135051,GAB DEP JAQUELINE SILVA,Aprovado(a),merito_favoravel,"Ante o exposto, manifestamo-nos, no mérito, pela APROVAÇÃO do PL nº 1.114, de 2024, nesta Comissão de Defesa dos Direitos Humanos, Cidadania e Legislação Participativa, na forma do SUBSTITUTIVO em anexo.",parecer_autor
77719,19871,129983,GAB DEP RICARDO VALE,Aprovado(a),merito_favoravel,"Por essas razões, no mérito voto pela APROVAÇÃO do Projeto de Lei nº 1.145/2024.",parecer_autor
77720,19873,133008,GAB DEP RICARDO VALE,Não apreciado(a),merito_favoravel,"Diante do exposto, voto pela APROVAÇÃO do Projeto de Lei nº 1.117, de 2024.",parecer_autor
77721,19880,129380,GAB DEP PR DANIEL DE CASTRO,Não apreciado(a),merito_favoravel,"Diante do exposto, somos pela APROVAÇÃO do Projeto de Lei 1115/2024 no âmbito desta Comissão.",parecer_autor
77722,19883,129551,GAB DEP JOÃO CARDOSO,Aprovado(a),merito_favoravel,"Ante o exposto, vota-se, no âmbito da CAS, pela APROVAÇÃO do PDL nº 132/2024, nos termos do art. 65, I, “l” do RICLDF.",parecer_autor
77723,19893,126880,GAB DEP MARTINS MACHADO,Não apreciado(a),sem_clausula,,parecer_autor
77724,19913,128672,GAB DEP DAYSE AMARILIO,Não apreciado(a),merito_favoravel,"Ante o exposto, no âmbito da Comissão de Assuntos Sociais, somos pela aprovação, no mérito, do Projeto de Lei nº 1.119, de 2024, na forma do Substitutivo anexo.",parecer_autor
77725,19936,126879,GAB DEP MARTINS MACHADO,Não apreciado(a),sem_clausula,,parecer_autor
77726,19948,123038,GAB DEP JORGE VIANNA,Não apreciado(a),admissivel,"Assim, no âmbito da CEOF, voto pela admissibilidade e aprovação do PL nº 112½024, conforme o art. 64, II, do Regimento Interno dessa CLDF.",parecer_autor
77727,19963,126791,GAB DEP MARTINS MACHADO,Não apreciado(a),sem_clausula,,parecer_autor
77728,19981,139638,GAB DEP GABRIEL MAGNO,Aprovado(a),merito_favoravel,"III - CONCLUSÃO Ante o exposto, no âmbito da Comissão de Saúde, manifestamos voto pela aprovação, no mérito, do Projeto de Lei nº 1.124, de 2024.",parecer_autor
77729,20004,132312,GAB DEP PR DANIEL DE CASTRO,Não apreciado(a),sem_clausula,,parecer_autor
77730,20020,277738,GAB DEP RICARDO VALE,Aprovado(a),merito_favoravel,"Por isso, entendo que ter uma escola estruturalmente sustentável e adequada à sua missão institucional é o desafio que se coloca aos governantes nestes novos tempos, razões pelas quais voto pela APROVAÇÃO do Projeto de Lei nº 1.251, de 2024.",parecer_autor
77731,20045,129961,GAB DEP DAYSE AMARILIO,Aprovado(a),merito_favoravel,"Diante do exposto, no âmbito desta Comissão de Assuntos Sociais, o nosso voto é pela APROVAÇÃO do Projeto de Decreto Legislativo n° 137 de 2024.",parecer_autor
77732,20049,129557,GAB DEP JOÃO CARDOSO,Aprovado(a),merito_favoravel,"Ante o exposto, vota-se, no âmbito da CAS, pela APROVAÇÃO do PDL nº 140/2024, nos termos do art. 65, I, “l” do RICLDF.",parecer_autor
77733,20092,127747,GAB DEP RICARDO VALE,Aprovado(a),merito_favoravel,"Por esses motivos, voto pela aprovação do Projeto de Lei nº 1.129, de 2024.",parecer_autor
77734,20111,126790,GAB DEP MARTINS MACHADO,Aprovado(a),merito_favoravel,"Pelo exposto, manifestamos voto pela APROVAÇÃO do Projeto de Decreto Legislativo nº 141/2024 no âmbito da Comissão de Assuntos Sociais.",parecer_autor
77735,20189,279289,GAB DEP DAYSE AMARILIO,Não apreciado(a),merito_favoravel,"Em face do que foi apresentado, manifestamo-nos, no mérito, pela aprovação do PL nº 1.132, de 2024, na forma do Substitutivo anexo, nesta Comissão de Educação, Saúde e Cultura.",parecer_autor
77736,20251,132744,GAB DEP PAULA BELMONTE,Aprovado(a),merito_favoravel,"Recomendamos, portanto, o voto pela APROVAÇÃO do Projeto de Lei nº 1.137/2024, quanto ao mérito, no âmbito desta Comissão de Desenvolvimento Econômico Sustentável, Ciência, Tecnologia, Meio Ambiente e Turismo.",parecer_autor
77737,20284,130938,GAB DEP ROGÉRIO MORRO DA CRUZ,Aprovado(a),merito_favoravel,"Portanto, no âmbito desta Comissão, somos favoráveis à APROVAÇÃO do Projeto de Lei nº 1139/2024, que institui e inclui no Calendário Oficial de Eventos do Distrito Federal o Dia de Enfrentamento ao Racismo Ambiental e Defesa da Justiça Climática.",parecer_autor
77738,20285,277935,GAB DEP PAULA BELMONTE,Não apreciado(a),merito_favoravel,"Diante da relevância do tema e da abrangência das medidas propostas, recomendamos, portanto, o voto pela APROVAÇÃO do Projeto de Lei nº 1.138/2024, quanto ao mérito, no âmbito desta Comissão de Desenvolvimento Econômico Sustentável, Ciência, Tecnologia, Meio Ambiente e Turismo.",parecer_autor
77739,20302,134430,GAB DEP PR DANIEL DE CASTRO,Aprovado(a),merito_favoravel,"Pelo exposto, somos pela APROVAÇÃO do Projeto de Lei 1140/2024, no âmbito desta Comissão de Assuntos Sociais.",parecer_autor
77740,20315,128914,GAB DEP DAYSE AMARILIO,Aprovado(a),sem_clausula,,parecer_autor
77741,20332,128480,GAB DEP MARTINS MACHADO,Aprovado(a),merito_favoravel,"Pelo exposto, no âmbito desta Comissão de Transporte e Mobilidade Urbana, votamos pela APROVAÇÃO, no mérito, do Projeto de Lei nº 1142/2024.",parecer_autor
77742,20347,128372,GAB DEP MARTINS MACHADO,Aprovado(a),sem_clausula,,parecer_autor
77743,20349,128374,GAB DEP MARTINS MACHADO,Aprovado(a),sem_clausula,,parecer_autor
77744,20350,128370,GAB DEP PR DANIEL DE CASTRO,Não apreciado(a),merito_favoravel,"Ante o exposto, e considerando que a concessão do título de Cidadão Benemérito de Brasília ao Senhor Bruno Sartório Silva está em conformidade com as normas regimentais e atende ao interesse público, vota-se, no âmbito da CAS, pela APROVAÇÃO do PDL nº 151/2024, nos termos do art. 65, I, “l” do RICLDF.",parecer_autor
77745,20357,137642,GAB DEP JOAQUIM RORIZ NETO,Aprovado(a),merito_favoravel,"Desse modo, no âmbito da competência desta CDESCTMAT, votamos pela APROVAÇÃO do PL nº 1148, de 2024, na forma do substitutivo (Emenda nº 1).",parecer_autor
77746,20388,128464,GAB DEP JOÃO CARDOSO,Aprovado(a),merito_favoravel,"Ante o exposto, vota-se, no âmbito da CAS, pela APROVAÇÃO do PDL nº 153/2024, nos termos do art. 65, I, “l” do RICLDF.",parecer_autor
77747,20415,134084,GAB DEP RICARDO VALE,Aprovado(a),merito_favoravel,"Por isso, voto pela APROVAÇÃO do Projeto de Lei nº 1.150/2024. DEPUTADO GABRIEL MAGNO Presidente DEPUTADO ricardo vale Relator",parecer_autor
77748,20447,129980,GAB DEP RICARDO VALE,Aprovado(a),merito_favoravel,"Por essas razões, no mérito, voto pela APROVAÇÃO do Projeto de Lei nº 1.055/2024.",parecer_autor
77749,20454,132821,GAB DEP PR DANIEL DE CASTRO,Não apreciado(a),merito_favoravel,"Diante do exposto, somos pela APROVAÇÃO do Projeto de Lei 1183/2024 no âmbito desta Comissão.",parecer_autor
77750,20459,281458,GAB DEP DAYSE AMARILIO,Não apreciado(a),merito_favoravel,"Ante o exposto, no âmbito da Comissão de Educação, Saúde e Cultura, somos pela aprovação, no mérito, do Projeto de Lei nº 1.156, de 2024.",parecer_autor
77751,20460,278189,GAB DEP GABRIEL MAGNO,Aprovado(a),merito_favoravel,"Diante do exposto, no âmbito da CTMU, votamos, no mérito, pela aprovação do PL nº 1.158/2024, nos termos do art. 69-D, I, ‘a’, do RICLDF.",parecer_autor
77752,20480,139882,GAB DEP FÁBIO FÉLIX,Aprovado(a),merito_favoravel,"Do exposto, vota-se, no âmbito da CTMU, pela aprovação do PL nº 1162/2024, nos termos das emendas 1, 2, 3 e 4.",parecer_autor
77753,20481,132513,GAB DEP MARTINS MACHADO,Aprovado(a),merito_favoravel,"Ante o exposto, no âmbito da Comissão de Assuntos Sociais, somos pela aprovação, no mérito, do Projeto de Lei nº 1.167, de 2024.",parecer_autor
77754,20483,134923,GAB DEP DOUTORA JANE,Aprovado(a),merito_favoravel,"Seguindo esta linha de intelecção, no âmbito desta Comissão de Desenvolvimento Econômico Sustentável, Ciência, Tecnologia, Meio Ambiente e Turismo, manifestamos voto pela APROVAÇÃO, no mérito, do Projeto de Lei nº 1166/2024.",parecer_autor
77755,20504,131097,GAB DEP MARTINS MACHADO,Não apreciado(a),merito_favoravel,"Diante do exposto, nosso voto é pela APROVAÇÃO do Projeto de Decreto Legislativo nº 162/24.",parecer_autor
77756,20514,134869,GAB DEP PR DANIEL DE CASTRO,Aprovado(a),sem_clausula,,parecer_autor
77757,20537,129739,GAB DEP ROOSEVELT VILELA,Aprovado(a),sem_clausula,,parecer_autor
77758,20541,132201,GAB DEP MARTINS MACHADO,Aprovado(a),merito_favoravel,"Pelo exposto, o voto é pela aprovação do Projeto de Lei 1175/2024.",parecer_autor
77759,20732,132518,GAB DEP MARTINS MACHADO,Aprovado(a),merito_favoravel,"Ante o exposto, no âmbito da Comissão de Assuntos Sociais, somos pela aprovação, no mérito, do Projeto de Lei nº 1.184, de 2024.",parecer_autor
77760,20755,134037,GAB DEP RICARDO VALE,Aprovado(a),merito_favoravel,"Diante do exposto, voto pela APROVAÇÃO do Projeto de Lei nº 1.185, de 2024.",parecer_autor
77761,20780,281455,GAB DEP DAYSE AMARILIO,Não apreciado(a),merito_favoravel,"Feitas essas considerações, manifestamo-nos pela aprovação, no mérito, do Projeto de Lei nº 1.189, de 2024, no âmbito desta Comissão de Educação, Saúde e Cultura, na forma do Substitutivo anexo.",parecer_autor
77762,20803,132528,GAB DEP ROGÉRIO MORRO DA CRUZ,Aprovado(a),sem_clausula,,parecer_autor
77763,20808,133471,GAB DEP DAYSE AMARILIO,Aprovado(a),merito_favoravel,"Feitas essas considerações, manifestamo-nos, no mérito, pela APROVAÇÃO do Projeto de Lei nº 1192 de 2024, no âmbito desta Comissão de Assuntos Sociais.",parecer_autor
77764,20821,129031,GAB DEP IOLANDO,Não apreciado(a),admissivel,"vista que a proposição observa todas as exigências formais e matérias do ordenamento jurídico e favorece o desenvolvimento da atuação governamental, no âmbito desta COMISSÃO DE CONSTITUIÇÃO E JUSTIÇA, manifestamos voto pela ADMISSIBILIDADE do Projeto de Lei nº 1.169, de 2024, do Poder Executivo.",parecer_autor
77765,20826,131794,CEOF,Não apreciado(a),admissivel,"Pelo exposto, vota-se, no âmbito da CEOF, pela admissibilidade do PL nº 1.170/2024, nos termos do art. 64, II do RICLDF.",parecer_autor
77766,20826,131811,GAB DEP IOLANDO,Aprovado(a),admissivel,"vista que a proposição observa todas as exigências formais e matérias do ordenamento jurídico e favorece o desenvolvimento da atuação governamental, no âmbito desta COMISSÃO DE CONSTITUIÇÃO E JUSTIÇA, manifestamos voto pela ADMISSIBILIDADE do Projeto de Lei nº 1.170, de 2024, do Poder Executivo.",parecer_autor
77767,20827,132948,CEOF,Aprovado(a),admissivel,"- LDO 2024 e com a Lei nº 7.377/2023 – LOA 2024. Dessa forma, tendo em vista que a proposição observa as exigências formais e materiais do ordenamento jurídico e favorece o desenvolvimento da atuação governamental, voto pela ADMISSIBILIDADE e APROVAÇÃO do Projeto de Lei Complementar 51/2024, de autoria do Poder Executivo, no âmbito desta Comissão de Economia, Orçamento e Finanças, com acatamento de emenda aditiva apresentada por este relator.",parecer_autor
77768,20831,133521,GAB DEP ROOSEVELT VILELA,Não apreciado(a),merito_favoravel,"Pelo exposto, manifestamo-nos pela aprovação, no mérito, do Projeto de Lei nº 1.207, de 2024, no âmbito desta Comissão de Segurança, na forma do Substitutivo anexo.",parecer_autor
77769,20842,134038,GAB DEP RICARDO VALE,Não apreciado(a),merito_favoravel,"Diante do exposto, voto pela APROVAÇÃO do Projeto de Lei nº 1.220, de 2024.",parecer_autor
77770,20889,135327,GAB DEP GABRIEL MAGNO,Não apreciado(a),merito_favoravel,"Ante o exposto, do ponto de vista da relevância, da oportunidade e da conveniência, manifestamo-nos pela aprovação, no mérito, do Projeto de Lei nº 1209, de 2024, no âmbito desta Comissão de Educação, Saúde e Cultura.",parecer_autor
77771,20891,132986,GAB DEP DAYSE AMARILIO,Aprovado(a),merito_favoravel,"Diante do exposto, no âmbito desta Comissão de Assuntos Sociais, o nosso voto é pela APROVAÇÃO do Projeto de Decreto Legislativo n° 169 de 2024.",parecer_autor
77772,20909,134042,GAB DEP RICARDO VALE,Não apreciado(a),merito_favoravel,"Diante do exposto, voto pela APROVAÇÃO do Projeto de Lei nº 1.226, de 2024.",parecer_autor
77773,20919,280613,GAB DEP GABRIEL MAGNO,Aprovado(a),merito_favoravel,"Diante do exposto, no âmbito da CTMU, somos pela APROVAÇÃO, no mérito, do PL nº 1.228/2024, com a Emenda aditiva nº 1.",parecer_autor
77774,20967,131077,GAB DEP MARTINS MACHADO,Aprovado(a),merito_favoravel,"Concluídas as considerações, no âmbito desta Comissão de Assuntos Sociais, votamos, no mérito, pela aprovação do Projeto de Lei nº 1212/2024.",parecer_autor
77775,21037,131103,GAB DEP MARTINS MACHADO,Não apreciado(a),merito_favoravel,"Diante do exposto, nosso voto é pela APROVAÇÃO do Projeto de Decreto Legislativo nº 165/24. Deputado MARTINS MACHADO Relator",parecer_autor
77776,21062,136326,GAB DEP PR DANIEL DE CASTRO,Aprovado(a),merito_favoravel,"Por todo o exposto, somos pela APROVAÇÃO do Projeto de Lei 1218/2024, no âmbito desta Comissão de Assuntos Sociais.",parecer_autor
77777,21063,131106,GAB DEP MARTINS MACHADO,Não apreciado(a),merito_favoravel,"Diante do exposto, nosso voto é pela APROVAÇÃO do Projeto de Decreto Legislativo nº 168/2024. Deputado MARTINS MACHADO Relator",parecer_autor
77778,21099,134096,GAB DEP RICARDO VALE,Não apreciado(a),merito_favoravel,"Diante disso, voto pela APROVAÇÃO do Projeto de Lei nº 1.226, de 2024.",parecer_autor
77779,21152,135332,GAB DEP ROOSEVELT VILELA,Aprovado(a),sem_clausula,,parecer_autor
77780,21169,132379,GAB DEP JOAQUIM RORIZ NETO,Aprovado(a),merito_favoravel,"Ante o exposto, no âmbito da Comissão de Desenvolvimento Econômico, Sustentável, Ciência, Tecnologia, Meio Ambiente e Turismo, voto pela APROVAÇÃO do Projeto de Lei nº 1.237/2024.",parecer_autor
77781,21183,139374,GAB DEP ROBÉRIO NEGREIROS,Não apreciado(a),admissivel,"4. (...) (...) § 2º No caso de inadmissibilidade de impugnação contra o lançamento: I – o interessado será cientificado na forma do art. 11; II – caberá o recurso previsto no art. 110.” ANTE O EXPOSTO, manifesta-se voto pela ADMISSIBILIDADE CONSTITUCIONAL E JURÍDICA DO PROJETO DE LEI Nº 1.238/2024, com a emenda de relator anexa (de redação) e com as Emendas de Plenário nºs 3 e 4.",parecer_autor
77782,21232,134919,GAB DEP DOUTORA JANE,Aprovado(a),merito_favoravel,"Seguindo esta linha de intelecção, no âmbito desta Comissão de Desenvolvimento Econômico Sustentável, Ciência, Tecnologia, Meio Ambiente e Turismo, manifestamos voto pela APROVAÇÃO, no mérito, do Projeto de Lei nº 1245/2024.",parecer_autor
77783,21233,277739,GAB DEP RICARDO VALE,Aprovado(a),merito_favoravel,"Por esses motivos, voto pela aprovação do Projeto de Lei nº 1.279, de 2024.",parecer_autor
77784,21319,276319,GAB DEP MARTINS MACHADO,Não apreciado(a),merito_favoravel,"Portanto, votamos, no mérito, pela aprovação do Projeto de Lei n.º 1252, de 2024.",parecer_autor
77785,21322,134857,GAB DEP PR DANIEL DE CASTRO,Não apreciado(a),sem_clausula,,parecer_autor
77786,21416,131650,CEOF,Aprovado(a),merito_favoravel,"posto, tendo em vista que a proposição observa as exigências formais e materiais do ordenamento jurídico e favorece o desenvolvimento da atuação governamental, no âmbito desta COMISSÃO DE ECONOMIA, ORÇAMENTO E FINANÇAS, manifestamos voto pela APROVAÇÃO e ADMISSIBILIDADE do Projeto de Lei nº 1.257/2024, de autoria do Poder Executivo.",parecer_autor
77787,21418,131618,GAB DEP PEPA,Não apreciado(a),sem_clausula,,parecer_autor
77788,21470,139690,GAB DEP PR DANIEL DE CASTRO,Não apreciado(a),merito_favoravel,"Ante o exposto, voto pela aprovação do Projeto de Lei nº 1265 de 2024, por sua importância para a segurança e o reconhecimento profissional dos Agentes Socioeducativos e dos Agentes ou Comissários de Proteção da Infância e da Juventude no Distrito Federal.",parecer_autor
77789,21601,135013,GAB DEP PR DANIEL DE CASTRO,Não apreciado(a),sem_clausula,,parecer_autor
77790,21629,276346,GAB DEP MARTINS MACHADO,Não apreciado(a),merito_favoravel,"Portanto, votamos, no mérito, pela aprovação do Projeto de Lei n.º 1304, de 2024.",parecer_autor
77791,21646,131742,CEOF,Aprovado(a),merito_favoravel,"posto, tendo em vista que a proposição observa as exigências formais e materiais do ordenamento jurídico e favorece o desenvolvimento da atuação governamental, no âmbito desta COMISSÃO DE ECONOMIA, ORÇAMENTO E FINANÇAS, manifestamos voto pela APROVAÇÃO e ADMISSIBILIDADE do Projeto de Lei nº 1.283/2024, de autoria do Poder Executivo.",parecer_autor
77792,21658,277385,GAB DEP PR DANIEL DE CASTRO,Não apreciado(a),merito_favoravel,"Pelo exposto, somos pela APROVAÇÃO do Projeto de Lei 1218/2024, no âmbito desta Comissão de Assuntos Sociais.",parecer_autor
77793,21716,275416,GAB DEP PEPA,Aprovado(a),merito_favoravel,"Logo, somos pela APROVAÇÃO no mérito do Projeto de Lei nº 1293/2024, nesta Comissão de Transporte e Mobilidade Urbana.",parecer_autor
77794,21776,281508,GAB DEP DAYSE AMARILIO,Não apreciado(a),merito_favoravel,"Sob os critérios desta Comissão de Assuntos Sociais, somos, pela APROVAÇÃO do Projeto de Decreto Legislativo nº 193/2024, de autoria do nobre deputado MARTINS MACHADO, por tratar-se de justa e honrosa homenagem a uma ilustre cidadã com relevantes serviços prestados ao Distrito Federal.",parecer_autor
77795,21778,280786,GAB DEP PR DANIEL DE CASTRO,Não apreciado(a),merito_favoravel,"Diante do exposto, somos pela APROVAÇÃO do Projeto de Decreto Legislativo nº 192/2024, por tratar-se de uma homenagem justa, honrosa e alinhada aos valores de reconhecimento e gratidão àqueles que desempenham papel relevante em nossa sociedade.",parecer_autor
77796,21794,277577,GAB DEP DAYSE AMARILIO,Não apreciado(a),sem_clausula,,parecer_autor
77797,21803,276797,GAB DEP MARTINS MACHADO,Aprovado(a),merito_favoravel,"Ante o exposto, no âmbito da Comissão de Assuntos Sociais, somos pela aprovação, no mérito, do Projeto de Lei nº 1313, de 2024.",parecer_autor
77798,21819,135310,GAB DEP PR DANIEL DE CASTRO,Não apreciado(a),sem_clausula,,parecer_autor
77799,21825,136207,CEOF,Aprovado(a),sem_clausula,,parecer_autor
77800,21825,277135,GAB DEP JAQUELINE SILVA,Aprovado(a),merito_favoravel,"da natureza de despesa para 449051 456 9105 20398 - CONSTRUÇÃO DE CALÇADAS - GM Gabriel Magno Alteração da natureza de despesa para 339030 III – CONCLUSÃO Por todo o exposto, e nos termos dos arts. 220 e 221 do RICLDF, somos favoráveis à APROVAÇÃO do Projeto de Lei 1.294/2024, que “Estima a Receita e fixa a Despesa do Distrito Federal para o exercício financeiro de 2025”, de autoria do Poder Executivo, bem como das emendas elencadas no Quadro 4 e 5, com as subemendas em anexo relacionadas a",parecer_autor
77801,21825,275740,GAB DEP JORGE VIANNA,Aprovado(a),merito_favoravel,"Por todo o exposto, e nos termos dos arts. 220 e 221 do RICLDF, somos favoráveis à APROVAÇÃO do Projeto de Lei 1294, que “Estima a Receita e fixa a Despesa do Distrito Federal, para o exercício financeiro de 2025”, de autoria do Poder Executivo, bem como das emendas elencadas no Quadro 6, com os ajustes das subemendas nº 518, 520, 522, 52",parecer_autor
77802,21825,277229,GAB DEP JOAQUIM RORIZ NETO,Aprovado(a),merito_favoravel,"tureza de Despesa 507 453 João Cardoso Adequação no âmbito da Meta Física 508 466 Paula Belmonte Adequação no âmbito da Natureza de Despesa III – CONCLUSÃO Por todo o exposto, e nos termos dos arts. 220 e 221 do RICLDF, somos favoráveis à APROVAÇÃO do Projeto de Lei nº 1294 de 2024, que “Estima a Receita e fixa a Despesa do Distrito Federal para o exercício financeiro de 2025”, de autoria do Poder Executivo, com as emendas relacionadas no Quadro 5, com os seus respectivos pareceres, e das em",parecer_autor
77803,21825,277228,GAB DEP PAULA BELMONTE,Não apreciado(a),sem_clausula,,parecer_autor
77804,21846,281464,GAB DEP CHICO VIGILANTE,Aprovado(a),admissivel,"III - CONCLUSÃO Diante do exposto, no âmbito desta Comissão de Constituição e Justiça, votamos pela ADMISSIBILIDADE do Projeto de Lei nº 1.303, de 2024.",parecer_autor
77805,21846,135627,GAB DEP PAULA BELMONTE,Aprovado(a),merito_favoravel,"Diante da relevância do tema e da abrangência das medidas propostas, recomendamos, portanto, o voto pela APROVAÇÃO do Projeto de Lei nº 1.303/2024, quanto ao mérito, no âmbito desta Comissão de Desenvolvimento Econômico Sustentável, Ciência, Tecnologia, Meio Ambiente e Turismo.",parecer_autor
77806,21853,274928,GAB DEP MARTINS MACHADO,Não apreciado(a),merito_favoravel,"Diante dos relevantes serviços prestados para a cultura, nosso voto é pela APROVAÇÃO do Projeto de Decreto Legislativo nº 194/2024.",parecer_autor
77807,21858,133052,CEOF,Aprovado(a),merito_favoravel,"Diante do exposto, tendo em vista que a proposição observa as exigências formais e materiais do ordenamento jurídico somos, no âmbito desta COMISSÃO DE ECONOMIA, ORÇAMENTO E FINANÇAS, pela APROVAÇÃO e ADMISSIBILIDADE do Projeto de Lei nº 1.308/2024.",parecer_autor
77808,21868,277837,GAB DEP RICARDO VALE,Aprovado(a),merito_favoravel,"Por isso, voto pela aprovação do Projeto de Lei nº 1.305, de 2024.",parecer_autor
77809,21872,135605,GAB DEP PAULA BELMONTE,Aprovado(a),merito_favoravel,"Diante da relevância do tema e da abrangência das medidas propostas, recomendamos, portanto, o voto pela APROVAÇÃO do Projeto de Lei nº 1.309/2024, quanto ao mérito, no âmbito desta Comissão de Desenvolvimento Econômico Sustentável, Ciência, Tecnologia, Meio Ambiente e Turismo.",parecer_autor
77810,21876,280843,GAB DEP IOLANDO,Não apreciado(a),admissivel,"Diante do exposto, vota-se, no âmbito da CCJ, pela ADMISSIBILIDADE do PL nº 1295/2024, nos termos do art. 63, I, do RICLDF.",parecer_autor
77811,21959,276910,GAB DEP MAX MACIEL,Não apreciado(a),sem_clausula,,parecer_autor
77812,21960,274764,GAB DEP MARTINS MACHADO,Aprovado(a),merito_favoravel,"Diante dos relevantes serviços prestados para o desenvolvimento do Distrito Federal, nosso voto é pela APROVAÇÃO do Projeto de Decreto Legislativo nº 195/2024.",parecer_autor
77813,21979,279525,GAB DEP GABRIEL MAGNO,Não apreciado(a),merito_contrario,"III - CONCLUSÃO Ante o exposto, no âmbito da Comissão de Educação e Cultura, manifestamos voto pela rejeição, no mérito, do Projeto de Lei nº 1329/2024.",parecer_autor
77814,22006,277863,GAB DEP MARTINS MACHADO,Não apreciado(a),merito_favoravel,"Diante o exposto, somos pela APROVAÇÃO do Projeto de Lei nº 1321/2024, entendendo-o como um avanço indispensável para a mobilidade urbana inclusiva no Distrito Federal.",parecer_autor
77815,22021,278267,GAB DEP ROGÉRIO MORRO DA CRUZ,Aprovado(a),sem_clausula,,parecer_autor
77816,22099,280792,GAB DEP PR DANIEL DE CASTRO,Não apreciado(a),merito_favoravel,"Por todos os fundamentos apresentados, somos pela APROVAÇÃO do Projeto de Lei nº 1335/2024, considerando-o um marco relevante para a promoção dos direitos educacionais das pessoas com deficiência auditiva no Distrito Federal e um avanço no compromisso com a inclusão social.",parecer_autor
77817,22103,274823,GAB DEP MARTINS MACHADO,Aprovado(a),merito_favoravel,"Diante dos relevantes serviços prestados para a cultura, nosso voto é pela APROVAÇÃO do Projeto de Decreto Legislativo nº 200/2024. Deputado MARTINS MACHADO Relator",parecer_autor
77818,22163,275218,GAB DEP ROGÉRIO MORRO DA CRUZ,Não apreciado(a),sem_clausula,,parecer_autor
77819,22166,276216,GAB DEP MARTINS MACHADO,Aprovado(a),merito_favoravel,"Concluídas as considerações, no âmbito desta Comissão de Assuntos Sociais, votamos, no mérito, pela aprovação do Projeto de Lei nº 1343/2024.",parecer_autor
77820,22174,277576,GAB DEP DAYSE AMARILIO,Não apreciado(a),merito_favoravel,"Perante o exposto, manifestamos voto pela APROVAÇÃO do Projeto de Lei nº 1341/2024, no âmbito desta Comissão de Educação, Saúde e Cultura.",parecer_autor
77821,22189,139563,GAB DEP ROOSEVELT VILELA,Aprovado(a),merito_favoravel,"-vírgula para a separação entre os supracitados incisos, conforme previsto no art. 72, § 3º, incisos II e III, respectivamente, da mesma Lei Complementar nº 13/1996. Diante do exposto, no âmbito da Comissão de Segurança somos pela APROVAÇÃO, no mérito, do Projeto de Lei nº 1344/2024, na forma do substitutivo anexo.",parecer_autor
77822,22211,135315,GAB DEP JORGE VIANNA,Não apreciado(a),admissivel,"Dessa forma, no âmbito da Comissão de Economia, Orçamento e Finanças, voto pela admissibilidade e aprovação do Projeto de Lei nº 1347/2024. DEPUTADO JORGE VIANNA Relator",parecer_autor
77823,22228,278106,GAB DEP ROOSEVELT VILELA,Aprovado(a),sem_clausula,,parecer_autor
77824,22242,277929,GAB DEP PAULA BELMONTE,Não apreciado(a),merito_favoravel,"Diante da relevância do tema e da abrangência das medidas propostas, recomendamos, portanto, o voto pela APROVAÇÃO do Projeto de Lei nº 1.359/2024, quanto ao mérito, no âmbito desta Comissão de Desenvolvimento Econômico Sustentável, Ciência, Tecnologia, Meio Ambiente e Turismo.",parecer_autor
77825,22248,278080,GAB DEP ROGÉRIO MORRO DA CRUZ,Não apreciado(a),sem_clausula,,parecer_autor
77826,22455,278268,CEOF,Não apreciado(a),merito_favoravel,"61 consolidando as emendas de nº 04 a 60; acatou as emendas nº 01 e 02 e a emenda 03 na forma na nº 02. Portanto, considerando a inexistência de conflito com a legislação orçamentária e de finanças públicas pertinentes, vota-se, no âmbito da Comissão de Economia Orçamentos e Finanças, pela APROVAÇÃO e ADMISSIBILIDADE do Projeto de Lei nº 1.385/2024, com acatamento das emendas na forma descrita no parágrafo anterior.",parecer_autor
77827,22497,277809,GAB DEP PAULA BELMONTE,Não apreciado(a),merito_favoravel,"Diante da relevância do tema e da abrangência das medidas propostas, recomendamos, portanto, o voto pela APROVAÇÃO do Projeto de Lei nº 1.388/2024, quanto ao mérito, no âmbito desta Comissão de Desenvolvimento Econômico Sustentável, Ciência, Tecnologia, Meio Ambiente e Turismo.",parecer_autor
77828,22512,275530,CEOF,Não apreciado(a),admissivel,"ores venais de terrenos e edificações que serviram de base de cálculo do IPTU no corrente ano de 2024 vis-à-vis ao estabelecido para 2025 (PL nº 1.387/2024), conforme se seguem: Pelo exposto, vota-se, no âmbito da CEOF, pela admissibilidade do PL nº 1.387/2024, nos termos do art. 64, II do RICLDF.",parecer_autor
77829,22512,277383,GAB DEP ROBÉRIO NEGREIROS,Não apreciado(a),admissivel,"dentifica óbices à continuidade da tramitação, uma vez que atende as exigências da Lei Complementar n° 13, de 03 de setembro de 1996. Por todo o exposto, com fundamento no art. 63, inciso I, do RICLDF, vota-se nesta CCJ pela ADMISSIBILIDADE do PL nº 1387/2024.",parecer_autor
77830,22514,275659,CEOF,Não apreciado(a),admissivel,"Diante do exposto, vota-se, no âmbito da CEOF, pela admissibilidade e aprovação do PL nº 1386/2024, nos termos do art. 64, II, “c”, do RICLDF.",parecer_autor
77831,22514,277382,GAB DEP ROBÉRIO NEGREIROS,Não apreciado(a),admissivel,"Diante do exposto, vota-se, no âmbito da CCJ, pela ADMISSIBILIDADE do PL nº 1386/2024, nos termos do art. 63, I, do RICLDF.",parecer_autor
77832,22587,274191,CEOF,Aprovado(a),merito_favoravel,"posto, tendo em vista que a proposição observa as exigências formais e materiais do ordenamento jurídico e favorece o desenvolvimento da atuação governamental, no âmbito desta COMISSÃO DE ECONOMIA, ORÇAMENTO E FINANÇAS, manifestamos voto pela APROVAÇÃO e ADMISSIBILIDADE do Projeto de Lei nº 1.399/2024, de autoria do Poder Executivo.",parecer_autor
77833,22588,274127,CEOF,Aprovado(a),merito_favoravel,"Portanto, considerando a inexistência de conflito com a legislação orçamentária e de finanças públicas pertinentes, vota-se, no âmbito da Comissão de Economia Orçamentos e Finanças, pela APROVAÇÃO e ADMISSIBILIDADE do Projeto de Lei nº 1.400/2024, nos termos do art. 64, inciso II, alínea “b” do RICLDF.",parecer_autor
77834,149711,278273,GAB DEP DOUTORA JANE,Aprovado(a),merito_favoravel,"Seguindo esta linha de intelecção, no âmbito desta Comissão Permanente do Direito das Mulheres, manifestamos voto pela APROVAÇÃO, no mérito, do Projeto de Lei nº 1411/2024, que “Institui a Política Distrital de Prevenção e Combate à Divulgação de conteúdo íntimo sem consentimento da mulher, também conhecida como “revenge porn””.",parecer_autor
77835,149844,279514,GAB DEP CHICO VIGILANTE,Aprovado(a),merito_favoravel,"Pelo exposto, somos, no âmbito desta Comissão de Defesa do Consumidor, pela APROVAÇÃO do Projeto de Lei n.º 1.421/2024 no mérito, por atender aspectos relativos à necessidade, oportunidade, conveniência e relevância.",parecer_autor
77836,4418,294564,GAB DEP MAX MACIEL,Não apreciado(a),merito_favoravel,"Diante do exposto, votamos pela aprovação do Projeto de Lei nº 2710 de 2022, no âmbito desta Comissão de Assuntos Sociais.",parecer_autor
77837,6170,300955,GAB DEP MARTINS MACHADO,Aprovado(a),merito_favoravel,"Assim, o voto é pela APROVAÇÃO do Projeto de Lei n° 2485/2022.",parecer_autor
77838,6811,287587,GAB DEP FÁBIO FÉLIX,Não apreciado(a),admissivel_com_ressalva,"Pelo exposto, considerando a possibilidade de correção dos vícios identificados, nosso voto é pela ADMISSIBILIDADE do Projeto de Lei nº 2540/2022, na forma das EMENDAS anexas.",parecer_autor
77839,7156,312054,GAB DEP JOÃO CARDOSO,Não apreciado(a),sem_clausula,,parecer_autor
77840,7224,315834,GAB DEP JOÃO CARDOSO,Não apreciado(a),sem_clausula,,parecer_autor
77841,7298,286788,GAB DEP JOAQUIM RORIZ NETO,Aprovado(a),admissivel_com_ressalva,"ndo em vista que a proposição converge ao interesse de parcela da população, bem como atende aos requisitos do ordenamento jurídico orçamentário vigente, voto, no âmbito desta Comissão de Economia, Orçamento e Finanças, pela ADMISSIBILIDADE e APROVAÇÃO no mérito do PL nº 2.685/2022, na forma de sua redação original.",parecer_autor
77842,7727,283482,CEOF,Aprovado(a),sem_clausula,,parecer_autor
77843,7786,294511,GAB DEP ROBÉRIO NEGREIROS,Não apreciado(a),admissivel_com_ressalva,"Por todo o exposto, nosso voto é pela ADMISSIBILIDADE do Projeto de Lei n.º 2735, de 2022, na forma do substitutivo da Comissão de Defesa do Consumidor.",parecer_autor
77844,7914,301749,GAB DEP ROBÉRIO NEGREIROS,Não apreciado(a),admissivel_com_ressalva,"III - CONCLUSÃO Pelo exposto, manifestamos voto pela ADMISSIBILIDADE constitucional e jurídica do Projeto de Lei nº 2.720/2022, na forma do substitutivo aprovado no âmbito da CAS e da subemenda em anexo.",parecer_autor
77845,7959,289928,GAB DEP PEPA,Aprovado(a),merito_favoravel,"Assim, votamos pela aprovação, no mérito, do Projeto de Lei no 2.708, de 2022, nesta Comissão de Produção Rural e Abastecimento - CPRA, com a aprovação das Emendas nº 01, 02, 03, 07, 08, 09, 10, 12, 13, 14, 15, e 17 na forma do substitutivo e rejeição das Emendas nº 16 e 18. As Emendas nº",parecer_autor
77846,7978,304088,GAB DEP IOLANDO,Não apreciado(a),admissivel,"Pelo exposto, no âmbito desta Comissão de Constituição e Justiça, votamos pela ADMISSIBILIDADE do Projeto de Lei nº 2.734 /2022.",parecer_autor
77847,7994,287309,GAB DEP MARTINS MACHADO,Não apreciado(a),merito_favoravel,"III - CONCLUSÃO Dessa forma, no âmbito da Comissão de Assuntos Sociais, somos no mérito, pela APROVAÇÃO do Projeto de Lei n° 2824/2022.",parecer_autor
77848,7999,291873,GAB DEP JAQUELINE SILVA,Aprovado(a),admissivel,"Assim, no âmbito da CEOF, vota-se pela admissibilidade do PL nº 2.741/2022, conforme o art. 65, I, do RICLDF.",parecer_autor
77849,8263,301662,GAB DEP FÁBIO FÉLIX,Não apreciado(a),admissivel,"III - CONCLUSÃO Dessa maneira, no âmbito desta Comissão de Constituição e Justiça, manifestamos voto pela ADMISSIBILIDADE do Projeto de Lei nº 2.768, de 2022, com a Emenda Modificativa anexa.",parecer_autor
77850,8263,283745,GAB DEP DOUTORA JANE,Aprovado(a),merito_favoravel,"Seguindo esta linha de intelecção, no âmbito desta Comissão de Desenvolvimento Econômico Sustentável, Ciência, Tecnologia, Meio Ambiente e Turismo, manifestamos voto pela APROVAÇÃO, no mérito, do Projeto de Lei nº 2768/2022. É o parecer.",parecer_autor
77851,8310,288599,GAB DEP RICARDO VALE,Aprovado(a),merito_favoravel,"Por isso, voto pela APROVAÇÃO do Projeto de Lei nº 2.789/2022 com a emenda anexa para deixar a critério da direção escolar o momento mais oportuno para oferecer a merenda aos seus alunos.",parecer_autor
77852,8324,287932,GAB DEP MARTINS MACHADO,Aprovado(a),merito_favoravel,"Dessa forma, ante o exposto, no âmbito da Comissão de Assuntos Sociais, somos pela APROVAÇÃO do Projeto de Lei nº 2.797, de 2022.",parecer_autor
77853,8335,311735,GAB DEP JORGE VIANNA,Aprovado(a),admissivel_com_ressalva,"Assim, vota-se, no âmbito da CEOF, pela admissibilidade do PL nº 2.799/2022 na forma do Substitutivo nº 01 – CESC, conforme art. 65, I, do RICLDF",parecer_autor
77854,8431,301491,GAB DEP RICARDO VALE,Aprovado(a),merito_favoravel,"Por isso, a reflexão crítica dos estudantes pode fomentar, no ambiente escolar, a cultura da não violência e o respeito às diferenças e a cidadania mostra-se como fundamento relevante para meu voto pela APROVAÇÃO do Projeto de Lei nº 2.816/2022, na forma do Substitutivo (Emenda nº 01).",parecer_autor
77855,8742,314904,GAB DEP JOÃO CARDOSO,Não apreciado(a),sem_clausula,,parecer_autor
77856,8806,283801,GAB DEP MARTINS MACHADO,Aprovado(a),merito_favoravel,"Pelo exposto, verifica-se que em análise à proposição apresentada, reconhecemos a nobre intenção do autor, e votamos pela APROVAÇÃO do Projeto de Lei nº 2896/2022, no âmbito desta Comissão de Assuntos Sociais.",parecer_autor
77857,8937,295953,GAB DEP JAQUELINE SILVA,Aprovado(a),admissivel,"Assim, no âmbito da CEOF, vota-se pela admissibilidade do PL nº 2.929/2022, nos termos do art. 65, I, do RICLDF.",parecer_autor
77858,8952,311734,GAB DEP JOAQUIM RORIZ NETO,Aprovado(a),admissivel_com_ressalva,"ÕES Ante o exposto, uma vez que a proposição encontra conformidade com o ordenamento jurídico orçamentário vigente, bem como apresenta caráter meritório, voto, no âmbito desta Comissão de Economia, Orçamento e Finanças, pela ADMISSIBILIDADE e APROVAÇÃO no mérito do PL nº 2.935/2022, na forma do substitutivo nº 02 apresentado no âmbito da Comissão de Assuntos Socais.",parecer_autor
77859,9037,290727,GAB DEP ROGÉRIO MORRO DA CRUZ,Aprovado(a),sem_clausula,,parecer_autor
77860,9103,312615,GAB DEP JOÃO CARDOSO,Não apreciado(a),sem_clausula,,parecer_autor
77861,9371,301859,GAB DEP ROBÉRIO NEGREIROS,Não apreciado(a),merito_favoravel,"III – CONCLUSÃO Considerando todo o exposto, nosso voto é pela APROVAÇÃO do Projeto de Lei nº 2983/2022 e das emendas apresentadas na CAS, no âmbito da Comissão de Fiscalização, Governança, Transparência e Controle.",parecer_autor
77862,9432,312723,GAB DEP JAQUELINE SILVA,Aprovado(a),merito_favoravel,"III – CONCLUSÃO Diante do exposto, no âmbito da Comissão de Defesa dos Direitos Humanos, Cidadania e Legislação Participativa, manifestamo-nos, no mérito, pela aprovação do Projeto de Lei nº 2.995/2022 nos termos do Substitutivo anexo.",parecer_autor
77863,9496,320807,GAB DEP JOÃO CARDOSO,Não apreciado(a),merito_favoravel,"Por esse motivo, voto pela aprovação, no mérito, do Projeto de Lei nº 3021, de 2022.",parecer_autor
77864,9531,289882,GAB DEP PR DANIEL DE CASTRO,Aprovado(a),merito_favoravel,III - CONCLUSÕES Frente o exposto somos pela APROVAÇÃO do Projeto de Lei nº 3014/2022.,parecer_autor
77865,9531,306295,GAB DEP ROGÉRIO MORRO DA CRUZ,Aprovado(a),merito_favoravel,"III - CONCLUSÕES Ante o exposto, no âmbito desta Comissão de Assuntos Sociais, manifestamos voto pela APROVAÇÃO, no mérito, do Projeto de Lei nº 3.014, de 2022.",parecer_autor
77866,9676,293678,GAB DEP JAQUELINE SILVA,Aprovado(a),admissivel,"Assim, no âmbito da CEOF, vota-se pela admissibilidade do PL nº 3.060/2022, nos termos do art. 65, I, do RICLDF.",parecer_autor
77867,9710,311775,GAB DEP JAQUELINE SILVA,Aprovado(a),admissivel_com_ressalva,"Assim, no âmbito da CEOF, vota-se pela ADMISSIBILIDADE e APROVAÇÃO do PL nº 3.029/2022, na forma da Emenda Modificativa anexa, conforme o art. 65, I, “c”, RICLDF.",parecer_autor
77868,9767,312495,GAB DEP JOÃO CARDOSO,Não apreciado(a),merito_favoravel,"Por esse motivo, voto pela aprovação, no mérito, do Projeto de Lei nº 3.037, de 2022.",parecer_autor
77869,9925,305014,GAB DEP ROBÉRIO NEGREIROS,Não apreciado(a),inadmissivel,"Do exposto, louvando o indiscutível mérito da iniciativa, resta-nos tão somente manifestar voto pela INADMISSIBILIDADE JURÍDICA do Projeto de Lei nº 3.067/2022 e do substitutivo da Comissão de Economia, Orçamento e Finanças.",parecer_autor
77870,9926,298359,GAB DEP ROBÉRIO NEGREIROS,Não apreciado(a),admissivel_com_ressalva,"III – CONCLUSÃO Diante do exposto, manifestamos voto pela ADMISSIBILIDADE do Projeto de Lei nº 3.068/2022, no âmbito da Comissão de Constituição e Justiça, na forma do Substitutivo anexo.",parecer_autor
77871,9967,289779,GAB DEP PAULA BELMONTE,Aprovado(a),admissivel,"Diante do exposto, o voto, no âmbito desta Comissão de Economia, Orçamento e Finanças, é pela admissibilidade do Projeto de Lei nº 14, de 2023, nos termos do art. 65, I e III, § 1º, do RICLDF.",parecer_autor
77872,9969,320853,GAB DEP JOÃO CARDOSO,Não apreciado(a),sem_clausula,,parecer_autor
77873,9973,294547,GAB DEP ROBÉRIO NEGREIROS,Não apreciado(a),admissivel,"III - CONCLUSÃO Por todo o exposto, com fundamento nos arts. 18, 30, inciso I, e 32, § 1º, da Constituição, e no art. 71, § 1º, inciso IV, da Lei Orgânica do Distrito Federal, manifesta-se voto pela ADMISSIBILIDADE constitucional e jurídica do Projeto de Lei nº 7/2023 desde quena forma do substitutivo da CESC, com a subemenda da CEOF e com a subemenda de relator anexa a este parecer.",parecer_autor
77874,9973,290622,GAB DEP PAULA BELMONTE,Aprovado(a),sem_clausula,,parecer_autor
77875,9978,300577,GAB DEP JOÃO CARDOSO,Aprovado(a),sem_clausula,,parecer_autor
77876,9980,289782,GAB DEP PR DANIEL DE CASTRO,Aprovado(a),sem_clausula,,parecer_autor
77877,9980,291830,GAB DEP PAULA BELMONTE,Não apreciado(a),merito_favoravel,"Diante da relevância do tema e da abrangência das medidas propostas, recomendamos, portanto, o voto pela APROVAÇÃO do Projeto de Lei nº 94/2023, quanto ao mérito, no âmbito desta Comissão de Desenvolvimento Econômico Sustentável, Ciência, Tecnologia, Meio Ambiente e Turismo.",parecer_autor
77878,10015,308839,GAB DEP JOÃO CARDOSO,Aprovado(a),sem_clausula,,parecer_autor
77879,10033,291900,GAB DEP THIAGO MANZONI,Aprovado(a),admissivel,"Pelo exposto, manifestamos voto pela ADMISSIBILIDADE do Projeto de Decreto Legislativo nº 1/2023 no âmbito da CCJ.",parecer_autor
77880,10224,294977,GAB DEP FÁBIO FÉLIX,Aprovado(a),merito_favoravel,"Ante o exposto, no âmbito desta Comissão de Defesa dos Direitos Humanos, Cidadania e Legislação Participativa, manifestamo-nos, no mérito, pela APROVAÇÃO do Projeto de Lei nº 62/2023.",parecer_autor
77881,10224,292980,GAB DEP ROGÉRIO MORRO DA CRUZ,Não apreciado(a),sem_clausula,,parecer_autor
77882,10226,313140,GAB DEP JOÃO CARDOSO,Não apreciado(a),sem_clausula,,parecer_autor
77883,10253,292150,GAB DEP FÁBIO FÉLIX,Aprovado(a),admissivel,"Por todo o exposto, nosso voto é pela ADMISSIBILIDADE do Projeto de Lei nº 75/2023, no âmbito da Comissão de Constituição e Justiça.",parecer_autor
77884,10262,301242,GAB DEP MARTINS MACHADO,Aprovado(a),merito_favoravel,"III – CONCLUSÃO Portanto, votamos, no mérito, pela aprovação do Projeto de Lei n.º 71/2023.",parecer_autor
77885,10338,290974,GAB DEP ROGÉRIO MORRO DA CRUZ,Não apreciado(a),merito_favoravel,"III - CONCLUSÕES Ante o exposto, no âmbito desta Comissão de Assuntos Sociais, manifestamo-nos, quanto ao mérito, pela APROVAÇÃO do Projeto de Lei nº 86/2023.",parecer_autor
77886,10343,282299,GAB DEP FÁBIO FÉLIX,Não apreciado(a),admissivel,"Dessa forma, com fundamento nos arts. 15, inciso XIII, e 24, inciso XVI, da Constituição Federal, manifestamos voto pela ADMISSIBILIDADE constitucional e jurídica do Projeto de Lei Complementar n.º 3/2023.",parecer_autor
77887,10345,317803,GAB DEP IOLANDO,Aprovado(a),merito_favoravel,"III - CONCLUSÃO Pelo exposto, manifesta-se voto pela APROVAÇÃO do PL nº 134/2023 e do PL nº 400/2023, na forma do substitutivo em anexo.",parecer_autor
77888,10381,304953,GAB DEP ROBÉRIO NEGREIROS,Aprovado(a),admissivel_com_ressalva,"III – CONCLUSÃO Considerando todo o exposto, nosso voto é pela ADMISSIBILIDADE do Projeto de Lei nº 90/2023, na forma do Substitutivo nº 1, no âmbito desta Comissão de Constituição e Justiça.",parecer_autor
77889,10381,288690,GAB DEP PAULA BELMONTE,Aprovado(a),admissivel,"Diante do exposto, e considerando que a implementação do Programa atende aos requisitos de planejamento e orçamento, e que pode ser realizado considerando as instalações e programas existentes, o voto é pela admissibilidade e aprovação no âmbito desta CEOF do Projeto de Lei nº 90, de 2023, com o acatamento da Emenda nº 1, nos termos do art. 65, I e III, § 1º, do RICLDF.",parecer_autor
77890,10513,290975,GAB DEP ROGÉRIO MORRO DA CRUZ,Não apreciado(a),merito_favoravel,"III - CONCLUSÕES Diante do exposto, manifestamo-nos, no mérito, pela APROVAÇÃO do Projeto de Lei nº 191/2023, no âmbito desta Comissão.",parecer_autor
77891,10516,314012,GAB DEP PR DANIEL DE CASTRO,Não apreciado(a),merito_favoravel,"III - CONCLUSÃO Diante do exposto, voto pela APROVAÇÃO do Projeto de Lei nº 109/2023, por reconhecer sua relevância social, educacional e de promoção dos direitos das mulheres, especialmente das adolescentes e jovens em idade escolar.",parecer_autor
77892,10531,298201,GAB DEP ROBÉRIO NEGREIROS,Não apreciado(a),admissivel_com_ressalva,"III - CONCLUSÃO Pelo exposto, manifestamos voto pela ADMISSIBILIDADE constitucional e jurídica do Projeto de Lei nº 190/2023, na forma do substitutivo em anexo.",parecer_autor
77893,10533,311933,GAB DEP JOÃO CARDOSO,Não apreciado(a),sem_clausula,,parecer_autor
77894,10724,313243,GAB DEP JAQUELINE SILVA,Aprovado(a),admissivel,"III- CONCLUSÃO Assim, no âmbito da CEOF, vota-se pela ADMISSIBILIDADE do PL nº 142/2023, conforme o art. 65, I, do RICLDF.",parecer_autor
77895,10816,302595,GAB DEP JORGE VIANNA,Não apreciado(a),admissivel,"III - CONCLUSÕES Ante o exposto, no âmbito da CEOF, vota-se pela admissibilidade e aprovação do PLC nº 7/2023, nos termos do art.65, I, do RICLDF, nos termos da redação conferida pela Emenda Modificativa nº 1 da CDC.",parecer_autor
77896,10858,287804,GAB DEP JOÃO CARDOSO,Não apreciado(a),sem_clausula,,parecer_autor
77897,10989,300734,GAB DEP ROBÉRIO NEGREIROS,Não apreciado(a),inadmissivel,"III – CONCLUSÃO Diante do exposto, com fundamento nos arts. 53, 71, § 1º, inciso II, da Lei Orgânica do Distrito Federal, a Comissão de Constituição e Justiça conclui pela INADMISSIBILIDADE constitucional e jurídica do Projeto de Lei Complementar nº 09/2023, do Projeto de Lei Complementar nº 10/2023, bem como do Substitutivo aprovado no âmbito da Comissão de Assuntos Sociais.",parecer_autor
77898,11011,288763,GAB DEP IOLANDO,Aprovado(a),admissivel,"elecidos pela Lei Complementar nº 13/1995. III - CONCLUSÕES Nesse sentido, considerando que proposição se alinha à Carta da República e à Lei Maior do Distrito Federal, e se mostra conveniente e oportuna, o nosso voto é pela ADMISSIBILIDADE do Projeto de Lei nº 372/2023.",parecer_autor
77899,11017,308426,GAB DEP JOÃO CARDOSO,Não apreciado(a),sem_clausula,,parecer_autor
77900,11070,305631,GAB DEP CHICO VIGILANTE,Não apreciado(a),admissivel,"III - CONCLUSÕES Diante do exposto, somos pela ADMISSIBILIDADE do Projeto de Lei nº 174/2023, no âmbito da Comissão de Constituição e Justiça.",parecer_autor
77901,11174,290540,GAB DEP ROGÉRIO MORRO DA CRUZ,Não apreciado(a),merito_favoravel,"III - CONCLUSÕES Desta feita, ante tudo quanto exposto, no âmbito desta Comissão, somos favoráveis à APROVAÇÃO do Projeto de Lei nº 208/2023.",parecer_autor
77902,11238,294008,GAB DEP PEPA,Aprovado(a),merito_favoravel,"III - CONCLUSÕES Diante do exposto, o voto é pela APROVAÇÃO, NO MÉRITO, do Projeto de Lei nº 236/2023, por entender que a proposta promove o uso racional e socialmente justo do território, fomenta atividades econômicas sustentáveis e criativas, e contribui para o ordenamento urbano com inclusão social e dinamização ec",parecer_autor
77903,11245,290815,GAB DEP PR DANIEL DE CASTRO,Aprovado(a),sem_clausula,,parecer_autor
77904,11435,301240,GAB DEP JOÃO CARDOSO,Não apreciado(a),sem_clausula,,parecer_autor
77905,11455,312573,GAB DEP JOÃO CARDOSO,Aprovado(a),admissivel,"Nesse ínterim, o projeto tramitou na CCJ, que proferiu parecer pela admissibilidade, na 1ª Reunião Extraordinária realizada em 27 de fevereiro de 2024, com as seguintes emendas apresentadas pelo relator: Emenda Modificativa (Do Relator) Ao Projeto de Lei nº 229/2023, que “Dispõe sobre os pontos de apoio para motofretistas e mototaxistas nas",parecer_autor
77906,11484,292000,GAB DEP MAX MACIEL,Aprovado(a),merito_favoravel,"III - CONCLUSÕES Diante da relevância da matéria para a proteção dos direitos humanos e da população LGBTQIAP+, bem como da necessidade de medidas concretas para erradicar práticas discriminatórias, manifestamo-nos pela aprovação do Projeto de Lei nº 312/2023, no âmbito da Comissão de Assuntos Sociais.",parecer_autor
77907,11807,291775,GAB DEP MAX MACIEL,Aprovado(a),sem_clausula,,parecer_autor
77908,11877,304959,GAB DEP ROBÉRIO NEGREIROS,Não apreciado(a),inadmissivel,"III- CONCLUSÃO Pelo exposto, manifestamos voto pela INADMISSIBILIDADE constitucional do Projeto de Lei nº 247/2023 e do Substitutivo aprovado na CESC, restando prejudicada a análise dos demais aspectos pertinentes a esta Comissão.",parecer_autor
77909,11877,316306,GAB DEP PAULA BELMONTE,Aprovado(a),admissivel_com_ressalva,"III – CONCLUSÃO Em face do exposto, no âmbito da Comissão de Economia, Orçamento e Finanças, o voto é pela ADMISSIBILIDADE do Projeto de Lei nº 247, de 2023, na forma da Emenda Substitutiva nº 3, nos termos do art. 65, I e III, “a”, e § 1º, do Regimento Interno da CLDF.",parecer_autor
77910,11898,294515,GAB DEP ROBÉRIO NEGREIROS,Não apreciado(a),inadmissivel,"III - CONCLUSÕES Pelo exposto, manifestamos voto pela INADMISSIBILIDADE constitucional do Projeto de Lei Complementar n.º 15/2023, conforme art. 2º da CF e arts. 53, 71, § 1º, inciso II, e 100, inciso X, todos da LODF, restando prejudicada a análise dos demais aspectos pertinentes a esta Comissão.",parecer_autor
77911,11952,306909,GAB DEP JOÃO CARDOSO,Não apreciado(a),sem_clausula,,parecer_autor
77912,12001,283468,CEOF,Aprovado(a),sem_clausula,,parecer_autor
77913,12048,323423,GAB DEP ROBÉRIO NEGREIROS,Aprovado(a),admissivel,"III - CONCLUSÃO Pelo exposto, nosso voto é pela ADMISSIBILIDADE do Projeto de Lei nº 268, de 2023, no âmbito da Comissão de Constituição e Justiça.",parecer_autor
77914,12127,313247,GAB DEP JOÃO CARDOSO,Não apreciado(a),sem_clausula,,parecer_autor
77915,12149,292757,GAB DEP HERMETO,Aprovado(a),sem_clausula,,parecer_autor
77916,12149,294407,GAB DEP THIAGO MANZONI,Aprovado(a),admissivel,"III - CONCLUSÕES Nesse sentido, considerando que proposição se alinha à Carta da República, bem como à Lei Maior do Distrito Federal, e se mostra conveniente e oportuna, o nosso voto é pela admissibilidade do Projeto de Lei nº 277/2023, com a emenda de redação em anexo.",parecer_autor
77917,12245,301664,GAB DEP FÁBIO FÉLIX,Não apreciado(a),admissivel,"III - CONCLUSÕES Dessa maneira, no âmbito desta Comissão de Constituição e Justiça, manifestamos voto pela ADMISSIBILIDADE do Projeto de Lei nº 286, de 2023, nos termos do Substitutivo da Comissão de Defesa do Consumidor, com a Subemenda de Redação apresentada em anexo.",parecer_autor
77918,12245,289965,GAB DEP IOLANDO,Aprovado(a),sem_clausula,,parecer_autor
77919,12245,289290,GAB DEP DOUTORA JANE,Não apreciado(a),merito_favoravel,"Seguindo esta linha de intelecção, no âmbito desta Comissão de Desenvolvimento Econômico Sustentável, Ciência, Tecnologia, Meio Ambiente e Turismo, manifestamos voto pela APROVAÇÃO, no mérito, do Projeto de Lei nº 286/2023. É o parecer.",parecer_autor
77920,12248,314769,GAB DEP JOÃO CARDOSO,Não apreciado(a),sem_clausula,,parecer_autor
77921,12257,291664,GAB DEP PAULA BELMONTE,Aprovado(a),admissivel,"Dessa forma, no âmbito desta Comissão de Economia, Orçamento e Finanças, o voto é pela admissibilidade do Projeto de Lei nº 290, de 2023, nos termos do art. 65, I e III e § 1º, do RICLDF (Res. nº 353/2024).",parecer_autor
77922,12313,322387,GAB DEP JOÃO CARDOSO,Não apreciado(a),sem_clausula,,parecer_autor
77923,12339,291864,GAB DEP CHICO VIGILANTE,Não apreciado(a),admissivel,"exposto, com fundamento nos arts. 25, § 1º; 24, XII e XV; e 6º, caput, todos da Constituição Federal e arts. 14; 17, X e XIII; 217, parágrafo único; e 267, caput, todos da Lei Orgânica do Distrito Federal, nosso voto é pela ADMISSIBILIDADEconstitucional e jurídica do Projeto de Lei n.º 332/2023.",parecer_autor
77924,12371,292795,GAB DEP MARTINS MACHADO,Aprovado(a),merito_favoravel,"Assim, o voto é pela APROVAÇÃO do Projeto de Lei n° 306/2023, com acatamento da emenda modificativa n.º 1.",parecer_autor
77925,12384,297219,GAB DEP JOAQUIM RORIZ NETO,Aprovado(a),admissivel_com_ressalva,"III - CONCLUSÕES Dessa forma, tendo em vista que a proposição encontra conformidade com os instrumentos orçamentários vigentes, voto, no âmbito desta Comissão de Economia, Orçamento e Finanças, pela ADMISSIBILIDADE do Projeto de Lei nº 316/2023, de autoria do deputado Jorge Vianna, na forma do substitutivo nº 01, apresentado na CCJ.",parecer_autor
77926,12384,291768,GAB DEP THIAGO MANZONI,Não apreciado(a),inadmissivel,"III - CONCLUSÃO Por todo o exposto, manifesta-se voto pela INADMISSIBILIDADE do Projeto de Lei n.º 316/2023.",parecer_autor
77927,12401,289879,GAB DEP ROBÉRIO NEGREIROS,Aprovado(a),merito_favoravel,"Por esses motivos, nosso voto é pela APROVAÇÃO do Projeto de Lei nº 337/2023 nesta Comissão de Fiscalização, Governança, Transparência e Controle, na forma das emendas anexas.",parecer_autor
77928,12450,293989,GAB DEP PEPA,Aprovado(a),merito_favoravel,"III - CONCLUSÕES Diante do exposto, o voto é pela APROVAÇÃO, NO MÉRITO do Projeto de Lei nº 329/2023, por entender que a proposta contribui para o ordenamento territorial, o aperfeiçoamento da malha viária e a efetivação de políticas públicas voltadas ao desenvolvimento urbano do Distrito Federal, especialmente na Reg",parecer_autor
77929,12519,282513,GAB DEP JORGE VIANNA,Não apreciado(a),admissivel,"Diante do exposto, voto, no âmbito da CEOF, pela admissibilidade do PLC nº 20/2023, nos termos do art. 64, II, e § 2º, do RICLDF.",parecer_autor
77930,12542,319358,GAB DEP MARTINS MACHADO,Não apreciado(a),merito_favoravel,"III - CONCLUSÃO Diante dos benefícios sociais promovidos, o voto é pela APROVAÇÃO do Projeto de Lei nº 341/2023. É o Voto.",parecer_autor
77931,12580,292895,GAB DEP JORGE VIANNA,Aprovado(a),merito_favoravel,"III - CONCLUSÕES Diante do exposto, manifestamos voto pela APROVAÇÃO do Projeto de Lei nº 544/2023, no âmbito da Comissão de Educação e Cultura, na forma do substitutivo anexo.",parecer_autor
77932,12607,320009,GAB DEP JOÃO CARDOSO,Não apreciado(a),sem_clausula,,parecer_autor
77933,12802,323417,GAB DEP JOÃO CARDOSO,Aprovado(a),sem_clausula,,parecer_autor
77934,13012,300412,GAB DEP FÁBIO FÉLIX,Não apreciado(a),admissivel,"III - CONCLUSÃO Por esses motivos, com fundamento nos arts. 22, I; 24, XII e XIV; e 196 da Constituição Federal e nos arts. 71 e 204 da Lei Orgânica do Distrito Federal, nosso voto é pela ADMISSIBILIDADE do Projeto de Lei nº 369/2023.",parecer_autor
77935,13012,289787,GAB DEP PAULA BELMONTE,Aprovado(a),admissivel,"Diante do exposto, no âmbito desta Comissão de Economia, Orçamento e Finanças, o voto é pela admissibilidade do Projeto de Lei nº 369, de 2023, nos termos do art. 65, I e III e § 1º, do RICLDF.",parecer_autor
77936,13013,316207,GAB DEP JOÃO CARDOSO,Não apreciado(a),sem_clausula,,parecer_autor
77937,13051,291206,GAB DEP MARTINS MACHADO,Aprovado(a),merito_favoravel,"Assim, o voto é pela APROVAÇÃO do Projeto de Lei n° 363/2023.",parecer_autor
77938,13366,305010,GAB DEP ROBÉRIO NEGREIROS,Não apreciado(a),admissivel,"ROSA WEBER, Tribunal Pleno, julgado em 11/04/2019, PROCESSO ELETRÔNICO DJe-092 DIVULG 03-05-2019 PUBLIC 06-05-2019)” III - CONCLUSÕES Diante de todo o exposto, manifestamo-nos pela admissibilidade do Projeto de Lei nº 391/2023, no âmbito da CCJ.",parecer_autor
77939,13404,295839,GAB DEP CHICO VIGILANTE,Não apreciado(a),admissivel,"a-se que o Projeto de Lei Complementar n.º 22/2023 atende aos requisitos de constitucionalidade formal e material, juridicidade e compatibilidade com os princípios e normas da técnica legislativa, portanto, nosso voto é pela ADMISSIBILIDADE no âmbito da Comissão de Constituição e Justiça.",parecer_autor
77940,13404,293726,GAB DEP JAQUELINE SILVA,Aprovado(a),admissivel,"Assim, no âmbito da CEOF, vota-se pela admissibilidade do PLC nº 22/2023, conforme o art. 65, I, do RICLDF.",parecer_autor
77941,13469,312974,GAB DEP JOÃO CARDOSO,Aprovado(a),sem_clausula,,parecer_autor
77942,13556,282534,GAB DEP JORGE VIANNA,Aprovado(a),admissivel,"Pelo exposto, nos termos do art. 64, II, do Regimento Interno, voto pela admissibilidade do PL nº 421/2023.",parecer_autor
77943,13556,301860,GAB DEP ROBÉRIO NEGREIROS,Não apreciado(a),inadmissivel,"III – CONCLUSÃO Por todo exposto, com fundamento nos arts. 100 e 149 da Lei Orgânica do Distrito Federal, manifestamo-nos pela INADMISSIBILIDADE FORMAL do Projeto de Lei nº 421/2023 nesta Comissão de Constituição e Justiça.",parecer_autor
77944,13570,282525,GAB DEP JORGE VIANNA,Não apreciado(a),admissivel,"Pelo exposto, nos termos do art. 64, II, do Regimento Interno, voto pela admissibilidade do PL nº 419/2023.",parecer_autor
77945,13621,290412,GAB DEP PAULA BELMONTE,Aprovado(a),admissivel_com_ressalva,"Dessa forma, no âmbito desta Comissão de Economia, Orçamento e Finanças, o voto é pela admissibilidade do Projeto de Lei nº 423, de 2023, na forma do Substitutivo desta CEOF, nos termos do art. 65, I e III e § 1º, do RICLDF (Res. nº 353/2024).",parecer_autor
77946,13704,290449,GAB DEP DAYSE AMARILIO,Aprovado(a),merito_favoravel,"Ante o exposto, no âmbito da Comissão de Assuntos Sociais, somos pela aprovação, no mérito, do Projeto de Lei nº 546, de 2023, com a emenda modificativa nº 1. É o parecer.",parecer_autor
77947,13755,291118,GAB DEP PAULA BELMONTE,Aprovado(a),admissivel,"Dessa forma, no âmbito desta Comissão de Economia, Orçamento e Finanças, o voto é pela admissibilidade do Projeto de Lei nº 427, de 2023, por entender que a proposta contribui para o fortalecimento da gestão pública regionalizada, otimiza o uso dos recursos públicos e reforça princípios de eficiência e economicidade.",parecer_autor
77948,13832,294740,GAB DEP ROBÉRIO NEGREIROS,Não apreciado(a),inadmissivel,"III - CONCLUSÃO Pelo exposto, com fundamento no art. 2º da Constituição Federal e arts. 53; 71, § 1º, inciso IV, e § 2º; 100, incisos VI e X; e 336, todos da Lei Orgânica do Distrito Federal, nosso voto é pela INADMISSIBILIDADE do Projeto de Lei n.º 533/2023 e da Emenda nº 1 (Substitutivo) da CTMU.",parecer_autor
77949,13986,298387,GAB DEP ROBÉRIO NEGREIROS,Não apreciado(a),admissivel,"III - CONCLUSÃO Pelo exposto, manifestamos voto pela ADMISSIBILIDADE do Projeto de Lei nº 506/2023, nos termos do art. 63, I, do RICLDF.",parecer_autor
77950,14068,290163,GAB DEP CHICO VIGILANTE,Aprovado(a),admissivel,"Por isso, voto pela admissibilidade do Projeto de Lei nº 440/2023, com a emenda de redação anexa.",parecer_autor
77951,14068,288758,GAB DEP PAULA BELMONTE,Não apreciado(a),admissivel,"Diante do exposto, o voto, no âmbito da CEOF, é pela admissibilidade do PL nº 440, de 2023, nos termos do art. 65, I, III, “a” e § 1º, do RICLDF.",parecer_autor
77952,14069,311778,GAB DEP JOÃO CARDOSO,Não apreciado(a),sem_clausula,,parecer_autor
77953,14173,289759,GAB DEP PAULA BELMONTE,Aprovado(a),admissivel,"Diante do exposto, o voto, no âmbito desta Comissão de Economia, Orçamento e Finanças, é pela admissibilidade do Projeto de Lei nº 459, de 2023, nos termos do art. 65, I e III, § 1º, do RICLDF, É o voto.",parecer_autor
77954,14173,291769,GAB DEP THIAGO MANZONI,Aprovado(a),admissivel,"lativa; II – ao Governador; III – aos cidadãos; IV – ao Tribunal de Contas, nas matérias do art. 84, IV, e do art. 86; V – à Defensoria Pública, nas matérias do art. 114, § 4º.” Diante de todo o exposto, manifestamo-nos pela admissibilidade do Projeto de Lei nº 459/2023, no âmbito da CCJ.",parecer_autor
77955,14212,291846,GAB DEP PR DANIEL DE CASTRO,Aprovado(a),merito_favoravel,"III - CONCLUSÕES Ante o exposto, do ponto de vista da relevância, da oportunidade e da conveniência, manifestamo-nos pela aprovação, no mérito, do Projeto de Lei nº 457/2023, no âmbito desta Comissão.",parecer_autor
77956,14225,295122,GAB DEP JAQUELINE SILVA,Aprovado(a),admissivel_com_ressalva,"Assim, no âmbito da CEOF, conforme o art. 65, I, do RICLDF, vota-se pela admissibilidade do PL nº 476/2023, na forma do Substitutivo aprovado na CAS (Emenda n° 1) e das duas subemendas apresentadas por esta Relatoria.",parecer_autor
77957,14225,306798,GAB DEP ROBÉRIO NEGREIROS,Não apreciado(a),admissivel_com_ressalva,"III – CONCLUSÃO Por todo o exposto, com fundamento nos arts. 1º, III; 25, § 1º; 30, I; e 32, § 1º, todos da CF e nos arts. 2º, III; 3º, I; ambos da LODF, nosso voto é pela ADMISSIBILIDADE constitucional do Projeto de Lei nº 476/2023, na forma do substitutivo (CAS) e das duas subemendas (CEOF).",parecer_autor
77958,14241,292548,GAB DEP HERMETO,Não apreciado(a),merito_favoravel,"Feitas essas considerações, somos pela APROVAÇÃO do Projeto de Lei n° 465, de 2023, e do Projeto de Lei nº 776, de 2023, no âmbito desta Comissão, com as duas emendas de relator em anexo.",parecer_autor
77959,14241,288267,GAB DEP DOUTORA JANE,Aprovado(a),sem_clausula,,parecer_autor
77960,14265,292874,GAB DEP GABRIEL MAGNO,Aprovado(a),merito_favoravel,"III - CONCLUSÕES Ante o exposto, no âmbito da Comissão de Educação e Cultura, manifestamos voto pela aprovação, no mérito, do Projeto de Lei nº 484/2023.",parecer_autor
77961,14274,288750,GAB DEP DOUTORA JANE,Aprovado(a),sem_clausula,,parecer_autor
77962,14316,290807,GAB DEP PR DANIEL DE CASTRO,Aprovado(a),merito_favoravel,"III - CONCLUSÕES Ante o exposto, do ponto de vista da relevância, oportunidade e da conveniência, manifestamo-nos pela aprovação, no mérito, do Projeto de Lei nº 477/2023, no âmbito desta Comissão",parecer_autor
77963,14316,298353,GAB DEP ROGÉRIO MORRO DA CRUZ,Não apreciado(a),merito_favoravel,"III - CONCLUSÕES Ante o exposto, no âmbito desta Comissão de Assuntos Sociais, manifestamos voto pela APROVAÇÃO, no mérito, do Projeto de Lei nº 477, de 2023.",parecer_autor
77964,14438,291867,GAB DEP CHICO VIGILANTE,Não apreciado(a),admissivel,"..) (g.n.) Lei nº 8.078/1990 Art. 72. Impedir ou dificultar o acesso do consumidor às informações que sobre ele constem em cadastros, banco de dados, fichas e registros: (…) III - CONCLUSÕES Ante o exposto, nosso voto é pela ADMISSIBILIDADE constitucional e jurídica do Projeto de Lei nº 489/2023.",parecer_autor
77965,14440,289728,GAB DEP PAULA BELMONTE,Aprovado(a),admissivel,"Diante do exposto, o voto, no âmbito desta Comissão de Economia, Orçamento e Finanças, é pela admissibilidade do Projeto de Lei nº 490, de 2023, nos termos do art. 65, I e III, § 1º, do RICLDF, É o voto.",parecer_autor
77966,14442,305368,GAB DEP IOLANDO,Aprovado(a),merito_favoravel,"III - CONCLUSÕES Ante o exposto, manifestamo-nos, no mérito, pela APROVAÇÃO do PL nº 492, de 2023, nos termos do Substitutivo ora apresentado, nesta Comissão de Defesa do Consumidor.",parecer_autor
77967,14474,305013,GAB DEP ROBÉRIO NEGREIROS,Não apreciado(a),admissivel_com_ressalva,"Diante do exposto, considerando a possibilidade de correção dos vícios identificados, nosso voto é pela ADMISSIBILIDADE do Projeto de Lei nº 564/2023, na forma do SUBSTITUTIVO anexo.",parecer_autor
77968,14480,320503,GAB DEP JORGE VIANNA,Não apreciado(a),merito_favoravel,"II - VOTO DO RELATOR Diante do argumento aqui expendido, resta-me somente declarar a discordância quanto inaplicabilidade da matéria, razão pela qual voto pela APROVAÇÃO do Projeto de Lei nº 531/2023 no âmbito desta Comissão..",parecer_autor
77969,14496,288218,GAB DEP FÁBIO FÉLIX,Aprovado(a),merito_favoravel,"Dessa maneira, no âmbito da CTMU, vota-se pela aprovação do PL nº 524/2023, conforme o art. 74 do RICLDF.",parecer_autor
77970,14496,301588,GAB DEP MAX MACIEL,Não apreciado(a),merito_favoravel,"Assim, diante da relevância da matéria, bem como da necessidade e conveniência da medida veiculada pelo projeto, o voto manifesta-se pela aprovação, no âmbito da Comissão de Assuntos Sociais, do projeto de lei n.º 524/2023.",parecer_autor
77971,14520,314771,GAB DEP PAULA BELMONTE,Aprovado(a),admissivel_com_ressalva,"Dessa forma, no âmbito desta Comissão de Economia, Orçamento e Finanças, o voto é pela admissibilidade do Projeto de Lei Complementar nº 28, de 2023, na forma da Emenda Substitutiva nº 1 - CAS, nos termos do art. 65, I e III, “a”, e § 1º, do RICLDF.",parecer_autor
77972,14604,301733,GAB DEP GABRIEL MAGNO,Não apreciado(a),merito_favoravel,"III - CONCLUSÕES Diante do exposto, no âmbito da Comissão de Educação e Cultura, manifestamos voto pela aprovação, no mérito, do Projeto de Lei nº 505/2023.",parecer_autor
77973,14626,291836,GAB DEP ROBÉRIO NEGREIROS,Aprovado(a),admissivel_com_ressalva,"III – CONCLUSÃO Diante do exposto, manifestamos voto pela ADMISSIBILIDADE do Projeto de Lei nº 519/2023, no âmbito da Comissão de Constituição e Justiça, na forma do Substitutivo anexo.",parecer_autor
77974,14628,317219,GAB DEP ROGÉRIO MORRO DA CRUZ,Não apreciado(a),sem_clausula,,parecer_autor
77975,14651,292157,GAB DEP JAQUELINE SILVA,Aprovado(a),admissivel,"Assim, no âmbito da CEOF, vota-se pela admissibilidade do PL nº 517/2023, conforme o art. 65, I, do RICLDF.",parecer_autor
77976,14755,294487,GAB DEP CHICO VIGILANTE,Não apreciado(a),admissivel,"(ADI 2005 00 2 011064-0)” III - CONCLUSÕES Diante de todo o exposto, manifestamo-nos pela admissibilidade do Projeto de Lei nº 532/23, no âmbito da CCJ.",parecer_autor
77977,14755,281800,GAB DEP PAULA BELMONTE,Não apreciado(a),admissivel,"Programa atende aos requisitos de planejamento e orçamento, e que pode ser realizado considerando as instalações e programas existentes, bem como a faculdade de celebração de parcerias com outras instituições, o voto é pela admissibilidade e aprovação do Projeto de Lei nº 532, de 2023, no âmbito desta CEOF, nos termos do art. 64, II e § 1º, do RICLDF.",parecer_autor
77978,14798,301747,GAB DEP ROBÉRIO NEGREIROS,Não apreciado(a),admissivel_com_ressalva,"exposto, com fundamento nos arts. 6º, 23, inciso II, 24, inciso XII e § 2º, 196 e 198 da Constituição; na Lei federal nº 8.080/1990; e nos arts. 71, inciso I, e 207 da Lei Orgânica do Distrito Federal, manifesta-se voto pela ADMISSIBILIDADEconstitucional e jurídica do Projeto de Lei nº 583/2023 na forma da Emenda nº 3 (substitutivo) da Comissão de Assuntos Sociais, que incorporou as Emendas nºs 1 e 2 da Comissão de Educação, Saúde e Cultura.",parecer_autor
77979,14889,288911,GAB DEP FÁBIO FÉLIX,Aprovado(a),merito_favoravel,"Diante do exposto, somos pela APROVAÇÃO do Projeto de Lei nº 538, de 2023, no âmbito desta Comissão de Transporte e Mobilidade Urbana, nos termos da emenda modificativa em anexo.",parecer_autor
77980,15224,301585,GAB DEP MAX MACIEL,Aprovado(a),sem_clausula,,parecer_autor
77981,15224,311992,GAB DEP PAULA BELMONTE,Aprovado(a),admissivel_com_ressalva,"Diante do exposto, o voto, no âmbito desta Comissão de Economia, Orçamento e Finanças, é pela ADMISSIBILIDADE do Projeto de Lei nº 551, de 2023, de autoria do deputada Dayse Amarilio, na forma do substitutivo aprovado na Comissão de Segurança, nos termos do art. 65, I e III, “a”, e § 1º, do RICLDF.",parecer_autor
77982,15255,311289,GAB DEP JOÃO CARDOSO,Não apreciado(a),sem_clausula,,parecer_autor
77983,15255,307661,GAB DEP GABRIEL MAGNO,Não apreciado(a),merito_contrario,"III - CONCLUSÕES Diante do exposto, no âmbito da Comissão de Educação e Cultura, manifestamos voto pela rejeição, no mérito, do PL nº 558/2023.",parecer_autor
77984,15272,312929,GAB DEP JOÃO CARDOSO,Aprovado(a),sem_clausula,,parecer_autor
77985,15275,314088,GAB DEP JOÃO CARDOSO,Aprovado(a),sem_clausula,,parecer_autor
77986,15276,302234,GAB DEP FÁBIO FÉLIX,Aprovado(a),admissivel,"III - CONCLUSÃO Diante do exposto, manifestamos voto pela ADMISSIBILIDADE do Projeto de Lei nº 1.306/2024, no âmbito da Comissão de Constituição e Justiça, acatada a Emenda nº 1 da CEC.",parecer_autor
77987,15276,294538,GAB DEP THIAGO MANZONI,Aprovado(a),merito_favoravel,"Diante do exposto, manifestamos voto pela APROVAÇÃO do Projeto de Lei nº 1.306/2024, no âmbito da Comissão de Educação e Cultura, com a emenda modificativa anexa.",parecer_autor
77988,15283,293839,GAB DEP JOÃO CARDOSO,Não apreciado(a),sem_clausula,,parecer_autor
77989,15301,292982,GAB DEP ROGÉRIO MORRO DA CRUZ,Aprovado(a),merito_favoravel,"III - CONCLUSÕES Em face do exposto, no âmbito da Comissão de Assuntos Sociais, somos pela APROVAÇÃO, no mérito, do Projeto de Lei nº 646/2023, com o acatamento da Emenda Aditiva nº 1.",parecer_autor
77990,15406,291203,GAB DEP JORGE VIANNA,Aprovado(a),admissivel,"Assim, no âmbito da CEOF, voto pela admissibilidade do PL nº 580/2023, conforme o art. 65, I, do Regimento Interno da CLDF.",parecer_autor
77991,15409,294534,GAB DEP JOÃO CARDOSO,Não apreciado(a),sem_clausula,,parecer_autor
77992,15411,294281,GAB DEP ROGÉRIO MORRO DA CRUZ,Não apreciado(a),merito_favoravel,"III - CONCLUSÕES Ante o exposto, no âmbito da Comissão de Assuntos Sociais, somos pela APROVAÇÃO, no mérito, do Projeto de Lei nº 571, de 2023, na forma do Substitutivo, em anexo.",parecer_autor
77993,15451,295441,GAB DEP GABRIEL MAGNO,Aprovado(a),merito_favoravel,"III - CONCLUSÕES Diante do exposto, no âmbito da Comissão de Assuntos Fundiários, manifestamos voto pela aprovação, no mérito, do Projeto de Lei nº 566/2023, na forma do substitutivo anexo (Emenda nº 1).",parecer_autor
77994,15462,289080,GAB DEP FÁBIO FÉLIX,Não apreciado(a),merito_favoravel,"Ante o exposto, vota-se pela APROVAÇÃO do PL nº 569, de 2023, no âmbito desta Comissão de Transporte e Mobilidade Urbana – CTMU.",parecer_autor
77995,15462,291682,GAB DEP MARTINS MACHADO,Não apreciado(a),merito_favoravel,"Assim, o voto é pela APROVAÇÃO do Projeto de Lei n° 569/2023.",parecer_autor
77996,15475,311069,GAB DEP PAULA BELMONTE,Aprovado(a),admissivel,"Diante do exposto, o voto, no âmbito desta Comissão de Economia, Orçamento e Finanças, é pela admissibilidade do Projeto de Lei nº 573, de 2023, de autoria do deputado Jorge Vianna, termos do art. 65, I e III, “a”, e § 1º, do RICLDF.",parecer_autor
77997,15511,298376,GAB DEP ROBÉRIO NEGREIROS,Não apreciado(a),admissivel_com_ressalva,"III – CONCLUSÃO Ante todo o exposto, considerando a viabilidade de correção dos defeitos identificados, nosso voto é pela ADMISSIBILIDADE do Projeto de Lei nº 589/2023, na forma do substitutivo anexo, o qual já incorpora os aprimoramentos promovidos pelo Substitutivo nº 01, aprovado na CDC.",parecer_autor
77998,15781,311772,GAB DEP JOÃO CARDOSO,Não apreciado(a),sem_clausula,,parecer_autor
77999,15781,291889,GAB DEP ROOSEVELT VILELA,Não apreciado(a),merito_favoravel,"Diante do exposto, manifestamo-nos, no âmbito desta comissão, no mérito, pela APROVAÇÃO do Projeto de Lei nº 206, de 2023.",parecer_autor
78000,15855,312316,GAB DEP ROBÉRIO NEGREIROS,Não apreciado(a),admissivel,"III - CONCLUSÃO Ante o exposto, vota-se pela ADMISSIBILIDADE do Projeto de Lei nº 632/2023, nos termos do art. 64, I, do RICLDF.",parecer_autor
78001,15866,305316,GAB DEP MARTINS MACHADO,Aprovado(a),merito_favoravel,"Assim, o voto é pela APROVAÇÃO do Projeto de Lei n° 600/2023.",parecer_autor
78002,15933,323449,GAB DEP JOÃO CARDOSO,Não apreciado(a),sem_clausula,,parecer_autor
78003,15964,307672,GAB DEP JAQUELINE SILVA,Aprovado(a),admissivel,"Ante o exposto, vota-se, no âmbito da CEOF, pela admissibilidade do PL nº 604/2023, nos termos do art. 64, II, ‘a’, do RICLDF.",parecer_autor
78004,15965,291119,GAB DEP PR DANIEL DE CASTRO,Aprovado(a),sem_clausula,,parecer_autor
78005,16003,298357,GAB DEP ROGÉRIO MORRO DA CRUZ,Não apreciado(a),merito_favoravel,"III - CONCLUSÕES Ante o exposto, no âmbito desta Comissão de Assuntos Sociais, manifestamos voto pela APROVAÇÃO, no mérito, do Projeto de Lei nº 609, de 2023.",parecer_autor
78006,16004,300731,GAB DEP ROBÉRIO NEGREIROS,Não apreciado(a),inadmissivel,"III- CONCLUSÃO Por esses motivos, com fundamento nos arts. 37, caput, e inciso XXI, da Constituição Federal, e nos arts. 19, caput, e 47 da Lei Orgânica do Distrito Federal nosso voto é pela INADMISSIBILIDADE do Projeto de Lei nº 627/2023.",parecer_autor
78007,16062,301584,GAB DEP MAX MACIEL,Não apreciado(a),sem_clausula,,parecer_autor
78008,16122,291148,GAB DEP FÁBIO FÉLIX,Aprovado(a),merito_favoravel,"Diante do exposto, votamos pela aprovação, no mérito, do Projeto de Lei nº 622, de 2023, no âmbito desta Comissão de Defesa do Direitos Humanos, Cidadania e Legislação Participativa.",parecer_autor
78009,16125,305694,GAB DEP JORGE VIANNA,Aprovado(a),admissivel,"Assim, no âmbito da CEOF, vota-se pela admissibilidade do PL nº 624/2023, nos termos do art. 65, incisos I e III, “a”, do RICLDF.",parecer_autor
78010,16188,298412,GAB DEP ROBÉRIO NEGREIROS,Não apreciado(a),inadmissivel,"III- CONCLUSÃO Pelo exposto, manifestamos voto pela INADMISSIBILIDADE do Projeto de Lei n.º 634/2023, restando prejudicada a análise dos demais aspectos pertinentes a esta Comissão.",parecer_autor
78011,16202,312906,GAB DEP JOÃO CARDOSO,Não apreciado(a),sem_clausula,,parecer_autor
78012,16293,307704,GAB DEP IOLANDO,Aprovado(a),admissivel,"III - CONCLUSÕES Diante do exposto, manifestamos voto pela ADMISSIBILIDADE do Projeto de Lei nº 833/2023, no âmbito da Comissão de Constituição e Justiça.",parecer_autor
78013,16303,295432,GAB DEP MARTINS MACHADO,Não apreciado(a),merito_favoravel,"acadêmica, social e institucional, bem como sua consonância com as diretrizes nacionais de educação superior e com a missão da UnDF de ampliar e diversificar a oferta de cursos públicos no Distrito Federal e entorno, o voto é pela APROVAÇÃO do Projeto de Lei n° 637/2023.",parecer_autor
78014,16328,291874,GAB DEP JAQUELINE SILVA,Aprovado(a),admissivel,"Assim, no âmbito da CEOF, vota-se pela admissibilidade do PL nº 721/2023, conforme o art. 65, I, do Regimento Interno desta Casa.",parecer_autor
78015,16390,294488,GAB DEP CHICO VIGILANTE,Não apreciado(a),admissivel,"la lei complementar n.º 13/1996, que “Regulamenta o art. 69 da Lei Orgânica, dispondo sobre a elaboração, redação, alteração e consolidação das leis do Distrito Federal.” III - CONCLUSÕES Pelo exposto, manifestamos voto pela ADMISSIBILIDADE do Projeto de Lei n.º 660/2023, no âmbito da Comissão de Constituição e Justiça.",parecer_autor
78016,16390,290810,GAB DEP JORGE VIANNA,Aprovado(a),admissivel,Concluindo pela admissibilidade do PL n.º 660/2023 quanto à adequação orçamentária e financeira.,parecer_autor
78017,16490,292909,GAB DEP JORGE VIANNA,Aprovado(a),merito_favoravel,"III - CONCLUSÕES Diante do exposto, manifestamos voto pela APROVAÇÃO do Projeto de Lei nº 649/2023 no âmbito da CEC.",parecer_autor
78018,16496,312172,GAB DEP JOÃO CARDOSO,Não apreciado(a),sem_clausula,,parecer_autor
78019,16496,293701,GAB DEP PAULA BELMONTE,Aprovado(a),merito_favoravel,"Diante da relevância do tema e da abrangência das medidas propostas, recomendamos, portanto, o voto pela APROVAÇÃO do Projeto de Lei nº 687/2023, quanto ao mérito, na forma da Emenda Modificativa nº 01 apresentada por esta relatoria, no âmbito desta Comissão de Fiscalização, Governança, Transparência e Controle.",parecer_autor
78020,16501,290161,GAB DEP FÁBIO FÉLIX,Aprovado(a),admissivel,"Pelo exposto, manifesto voto pela ADMISSIBILIDADE do Projeto de Lei n.º 650/2023.",parecer_autor
78021,16501,311836,GAB DEP JOAQUIM RORIZ NETO,Aprovado(a),admissivel_com_ressalva,"III - CONCLUSÕES Ante o exposto, tendo em vista que a proposição atende requisitos de admissibilidade, bem como apresenta caráter meritório, voto, no âmbito desta Comissão de Economia, Orçamento e Finanças, pela ADMISSIBILIDADE e APROVAÇÃO no mérito do PL nº 650/2023, na forma de sua redação original.",parecer_autor
78022,16504,282034,GAB DEP FÁBIO FÉLIX,Aprovado(a),admissivel,"Diante do exposto, manifestamos voto pela ADMISSIBILIDADE do Projeto de Lei nº 657/2023, no âmbito da Comissão de Constituição e Justiça, com o acolhimento do Substitutivo anexo.",parecer_autor
78023,16511,292822,GAB DEP MARTINS MACHADO,Aprovado(a),merito_favoravel,"Diante dessas considerações, manifestamos voto pela APROVAÇÃO, no mérito, do Projeto de Lei nº 652 de 2023, com a Emenda Modificativa proposta, nesta Comissão de Saúde.",parecer_autor
78024,16520,300800,GAB DEP MARTINS MACHADO,Aprovado(a),merito_favoravel,"Assim, o voto é pela APROVAÇÃO do Projeto de Lei n° 655/2023.",parecer_autor
78025,16563,287027,GAB DEP JOAQUIM RORIZ NETO,Aprovado(a),merito_favoravel,"Diante do exposto, tendo em vista que a proposição observa as exigências formais e materiais do ordenamento, no âmbito desta COMISSÃO DE ECONOMIA, ORÇAMENTO E FINANÇAS, manifestamos voto pela APROVAÇÃO e ADMISSIBILIDADE do Projeto de Lei nº 690 de 2023, na forma de sua redação original.",parecer_autor
78026,16569,289865,GAB DEP FÁBIO FÉLIX,Aprovado(a),merito_favoravel,"Ante do exposto, voto pela APROVAÇÃO, no mérito, do Projeto de Lei nº 692, de 2023, no âmbito desta Comissão de Transporte e Mobilidade Urbana",parecer_autor
78027,16575,292994,GAB DEP ROGÉRIO MORRO DA CRUZ,Não apreciado(a),merito_favoravel,"III - CONCLUSÕES Em face do exposto, no âmbito da Comissão de Assuntos Sociais, somos pela APROVAÇÃO, no mérito, do Projeto de Lei nº 717, de 2023.",parecer_autor
78028,16593,298368,GAB DEP ROBÉRIO NEGREIROS,Não apreciado(a),inadmissivel,"III – CONCLUSÃO Ante o exposto, com fundamento nos arts. 53, 71, § 1º, inciso II, da Lei Orgânica do Distrito Federal, concluímos pela INADMISSIBILIDADE constitucional e jurídica do Projeto de Lei Complementar nº 33/2023, no âmbito da Comissão de Constituição e Justiça.",parecer_autor
78029,16606,300422,GAB DEP FÁBIO FÉLIX,Aprovado(a),admissivel_com_ressalva,"III - CONCLUSÕES Pelo exposto, manifestamos voto pela ADMISSIBILIDADE do Projeto de Decreto Legislativo nº 55/2023 no âmbito da CCJ, na forma do substitutivo anexo.",parecer_autor
78030,16609,282030,GAB DEP FÁBIO FÉLIX,Aprovado(a),admissivel_com_ressalva,"Diante do exposto, manifestamos voto pela ADMISSIBILIDADE do Projeto de Lei nº 733/2023, na forma do substitutivo proposto, no âmbito da Comissão de Constituição e Justiça.",parecer_autor
78031,16650,312069,GAB DEP IOLANDO,Não apreciado(a),admissivel,"III - CONCLUSÕES Pelo exposto, nosso voto é pela ADMISSIBILIDADE do Projeto de Lei nº 668/2023 com a emenda anexa.",parecer_autor
78032,16662,297300,GAB DEP CHICO VIGILANTE,Aprovado(a),admissivel,"III - CONCLUSÕES Diante do exposto, manifestamos voto pela ADMISSIBILIDADE do Projeto de Lei nº 669/2023, no âmbito da Comissão de Constituição e Justiça.",parecer_autor
78033,16712,291296,GAB DEP PAULA BELMONTE,Não apreciado(a),merito_favoravel,"Diante da relevância do tema e da abrangência das medidas propostas, recomendamos, portanto, o voto pela APROVAÇÃO do Projeto de Lei nº 686/2023, quanto ao mérito, na forma do SUBSTITUTIVO da CDC, no âmbito desta Comissão de Desenvolvimento Econômico Sustentável, Ciência, Tecnologia, Meio Ambiente e Turismo.",parecer_autor
78034,16716,294991,GAB DEP MARTINS MACHADO,Não apreciado(a),merito_favoravel,"ço significativo para a administração pública do Distrito Federal, ao promover uma comunicação mais eficiente, inclusiva e transparente, com benefícios diretos para a população e para a gestão pública, razão pela qual o voto é pela APROVAÇÃO do Projeto de Lei n° 714/2023.",parecer_autor
78035,16763,291191,GAB DEP MARTINS MACHADO,Não apreciado(a),merito_favoravel,"Sua implementação contribuirá para reduzir a carga das DTNs no DF, promover equidade em saúde e avançar nas metas da Agenda 2030. Assim, o voto é pela APROVAÇÃO do Projeto de Lei n° 700/2023.",parecer_autor
78036,16763,290957,GAB DEP PR DANIEL DE CASTRO,Aprovado(a),sem_clausula,,parecer_autor
78037,16772,320828,GAB DEP JOÃO CARDOSO,Não apreciado(a),sem_clausula,,parecer_autor
78038,16772,300799,GAB DEP MARTINS MACHADO,Aprovado(a),merito_favoravel,"sco de doença e de outros agravos e ao acesso universal e igualitário às ações e serviços para sua promoção, proteção e recuperação.” Assim, considerando que a proposição se reveste de mérito, relevância e oportunidade, manifestamos voto pela APROVAÇÃO do Projeto de Lei nº 742 de 2023, nesta Comissão de Saúde.",parecer_autor
78039,16773,295413,GAB DEP MARTINS MACHADO,Aprovado(a),merito_favoravel,"ntegradas de saúde pública e garantir mais proteção social e animal, reconhecendo a relevância do tema para a saúde coletiva e o desenvolvimento sustentável, equidade e inclusão social nas populações mais vulneráveis, o voto, no mérito, é pela aprovação do Projeto de Lei n.º 699, de 2023.",parecer_autor
78040,16811,307679,GAB DEP JAQUELINE SILVA,Aprovado(a),merito_favoravel,"III - CONCLUSÃO Diante do exposto, restringindo-se a análise ao mérito da proposição, manifestamos voto pela APROVAÇÃO do Projeto de Lei nº 683 de 2023, no âmbito da Comissão de Defesa dos Direitos Humanos, Cidadania e Legislação Participativa.",parecer_autor
78041,16868,311993,GAB DEP PAULA BELMONTE,Aprovado(a),admissivel,"Diante do exposto, o voto, no âmbito desta Comissão de Economia, Orçamento e Finanças, é pela ADMISSIBILIDADE do Projeto de Lei nº 705, de 2023, de autoria do deputado Pastor Daniel de Castro, nos termos do art. 65, I e III, “a”, e § 1º, do RICLDF.",parecer_autor
78042,16876,293695,GAB DEP JORGE VIANNA,Aprovado(a),admissivel,"Assim, no âmbito da CEOF, vota-se pela admissibilidade e aprovação Projeto de Lei nº 706/2023, conforme o art. 65, I e III, “c”, do RICLDF.",parecer_autor
78043,16892,289081,GAB DEP PAULA BELMONTE,Aprovado(a),admissivel,"Diante do exposto, o voto, no âmbito desta Comissão de Economia, Orçamento e Finanças, é pela admissibilidade do Projeto de Lei nº 707, de 2023, nos termos do art. 65, I e III, § 1º, do RICLDF, É o voto.",parecer_autor
78044,16909,292537,CEOF,Aprovado(a),admissivel,"rá compensado com aumento equivalente sobre a renda da população como se evidencia do trecho extraído do Estudo Técnico n.º 5/2023 - SEFAZ/SEF/SUAE/COPEF/GEMPE: III - CONCLUSÕES Pelo exposto, vota-se, no âmbito da CEOF, pela admissibilidade da homologação do Convênio ICMS nº 81, de 22 de junho de 2023, e do Convênio ICMS nº 122, de 9 de agosto de 2023 nos termos do Projeto de Decreto Legislativo em anexo.",parecer_autor
78045,16927,288745,GAB DEP IOLANDO,Aprovado(a),admissivel,"III - CONCLUSÕES Diante do exposto, manifestamos voto pela ADMISSIBILIDADE do Projeto de Lei nº 716/2023, no âmbito desta Comissão de Constituição e Justiça.",parecer_autor
78046,17166,314522,GAB DEP JOÃO CARDOSO,Aprovado(a),sem_clausula,,parecer_autor
78047,17199,301243,GAB DEP MARTINS MACHADO,Aprovado(a),merito_favoravel,"III – CONCLUSÃO Diante do exposto, o voto é pela APROVAÇÃO do Projeto de Lei n° 723/2023.",parecer_autor
78048,17263,316824,GAB DEP RICARDO VALE,Não apreciado(a),merito_favoravel,"Diante disso, no mérito, voto pela APROVAÇÃO do Projeto de Lei nº 730/2023.",parecer_autor
78049,17277,290512,GAB DEP JAQUELINE SILVA,Aprovado(a),admissivel,"Isso Posto, vota-se, no âmbito da CEOF, pela admissibilidade do PL nº 735/2023, no âmbito desta CEOF.",parecer_autor
78050,17318,291896,GAB DEP THIAGO MANZONI,Não apreciado(a),inadmissivel,"III – CONCLUSÃO Diante das razões expostas, manifesta-se pela INADMISSIBILIDADE do Projeto de Lei nº 771/2023, por padecer de vício de iniciativa e afronta ao princípio constitucional da separação e independência dos poderes, nos termos dos artigos 21, inciso XII, 96, inciso II, alínea “b”, e 236, §2º, todos da Constituição Federal de 19",parecer_autor
78051,17321,320198,GAB DEP JOÃO CARDOSO,Não apreciado(a),sem_clausula,,parecer_autor
78052,17336,320822,GAB DEP JOÃO CARDOSO,Aprovado(a),sem_clausula,,parecer_autor
78053,17339,305852,GAB DEP THIAGO MANZONI,Aprovado(a),merito_favoravel,"III - CONCLUSÃO Diante do exposto, manifestamos voto pela APROVAÇÃO do Projeto de Lei nº 741/2023, no âmbito da Comissão de Educação e Cultura, na forma do substitutivo anexo.",parecer_autor
78054,17359,320813,GAB DEP JOÃO CARDOSO,Não apreciado(a),sem_clausula,,parecer_autor
78055,17387,292853,GAB DEP JORGE VIANNA,Aprovado(a),merito_favoravel,"III - CONCLUSÕES Diante do exposto, no âmbito da Comissão de Educação e Cultura somos pela APROVAÇÃO, no mérito, do Projeto de Lei nº 824/2023, na forma do substitutivo anexo.",parecer_autor
78056,17402,307702,GAB DEP FÁBIO FÉLIX,Aprovado(a),sem_clausula,,parecer_autor
78057,17403,289604,GAB DEP PAULA BELMONTE,Aprovado(a),admissivel,"Diante do exposto, o voto, no âmbito desta Comissão de Economia, Orçamento e Finanças, é pela admissibilidade do Projeto de Lei nº 766, de 2023, nos termos do art. 65, I e III, § 1º, do RICLDF, É o voto.",parecer_autor
78058,17405,292996,GAB DEP ROGÉRIO MORRO DA CRUZ,Não apreciado(a),merito_favoravel,"III - CONCLUSÕES Em face do exposto, no âmbito da Comissão de Assuntos Sociais, somos pela APROVAÇÃO, no mérito, do Projeto de Lei nº 753, de 2023.",parecer_autor
78059,17407,300396,GAB DEP FÁBIO FÉLIX,Aprovado(a),admissivel_com_ressalva,"III - CONCLUSÃO Pelo exposto, manifestamos voto pela ADMISSIBILIDADE do Projeto de Decreto Legislativo nº 65/2023 no âmbito da CCJ, na forma do substitutivo anexo.",parecer_autor
78060,17408,295146,GAB DEP RICARDO VALE,Não apreciado(a),merito_favoravel,"Por isso, voto pela APROVAÇÃO do Projeto de Lei nº 1.356 /2024.",parecer_autor
78061,17408,284510,GAB DEP DAYSE AMARILIO,Aprovado(a),merito_favoravel,"III - CONCLUSÕES Diante dessas considerações, meu voto é pela APROVAÇÃO, no mérito, do Projeto de Lei nº 1356/2024, nesta Comissão de Defesa dos Direitos da Mulher.",parecer_autor
78062,17419,292887,GAB DEP JORGE VIANNA,Aprovado(a),merito_favoravel,"III - CONCLUSÕES Diante do exposto, somos pela APROVAÇÃO, no mérito, do Projeto de Lei nº 755/2023, no âmbito da Comissão de Educação e Cultura, na forma do substitutivo anexo.",parecer_autor
78063,17435,313722,GAB DEP JOÃO CARDOSO,Aprovado(a),sem_clausula,,parecer_autor
78064,17435,298355,GAB DEP ROGÉRIO MORRO DA CRUZ,Não apreciado(a),merito_favoravel,"III - CONCLUSÕES Ante o exposto, no âmbito desta Comissão de Assuntos Sociais, manifestamos voto pela APROVAÇÃO, no mérito, do Projeto de Lei nº 804, de 2023.",parecer_autor
78065,17443,321939,CEOF,Aprovado(a),admissivel_com_ressalva,"nº 180/2022, 42/2023 e 92/2023. III - CONCLUSÃO Dessa forma, tendo em vista que a proposição observa as exigências formais e materiais do ordenamento jurídico e favorece a execução de políticas públicas relevantes, voto pela ADMISSIBILIDADE e APROVAÇÃO do Processo n° 13/2023 na forma do projeto de decreto legislativo desta Comissão de Economia, Orçamento e Finanças, em anexo.",parecer_autor
78066,17452,312275,GAB DEP JOÃO CARDOSO,Não apreciado(a),sem_clausula,,parecer_autor
78067,17495,302686,GAB DEP RICARDO VALE,Aprovado(a),merito_favoravel,"Por isso, voto pela APROVAÇÃO dos Projetos de Lei nº 770/2023 e 778/2023, na forma do Substitutivo (Emenda nº 01).",parecer_autor
78068,17496,306911,GAB DEP JOÃO CARDOSO,Não apreciado(a),sem_clausula,,parecer_autor
78069,17500,300442,GAB DEP PR DANIEL DE CASTRO,Não apreciado(a),sem_clausula,,parecer_autor
78070,17525,283527,GAB DEP JOÃO CARDOSO,Não apreciado(a),sem_clausula,,parecer_autor
78071,17530,295342,GAB DEP FÁBIO FÉLIX,Não apreciado(a),admissivel_com_ressalva,"III - CONCLUSÕES Diante do exposto, manifestamos voto pela ADMISSIBILIDADE do Projeto de Lei nº 781/2023, no âmbito da Comissão de Constituição e Justiça, na forma do substitutivo anexo.",parecer_autor
78072,17534,310346,GAB DEP JOÃO CARDOSO,Não apreciado(a),sem_clausula,,parecer_autor
78073,17555,310338,GAB DEP JOÃO CARDOSO,Não apreciado(a),sem_clausula,,parecer_autor
78074,17571,293787,GAB DEP JAQUELINE SILVA,Aprovado(a),admissivel,"Assim, no âmbito da CEOF, vota-se pela admissibilidade do PL nº 821/2023, conforme o art. 65, I, do RICLDF.",parecer_autor
78075,17583,304643,GAB DEP THIAGO MANZONI,Não apreciado(a),merito_favoravel,"III - CONCLUSÃO Diante do exposto, no âmbito da Comissão de Educação e Cultura somos pela APROVAÇÃO, no mérito, do Projeto de Lei nº 800/2023.",parecer_autor
78076,17584,294480,GAB DEP JAQUELINE SILVA,Aprovado(a),admissivel,"Assim, vota-se, no âmbito da CEOF, pela admissibilidade do PL nº 837/2023, e respectiva Emenda Supressiva nº 1 da CCJ, conforme art. 65, I, do RICLDF.",parecer_autor
78077,17584,292078,GAB DEP THIAGO MANZONI,Aprovado(a),admissivel_com_ressalva,"s, a saber os arts. 4º ao 20 do Projeto de Lei nº 837/2023. III - CONCLUSÕES Por esses motivos, com fundamento no art. 24, IX, e § 1º da Constituição Federal e no art. 11, § 1º, da Lei Complementar 13/1996, nosso voto é pela ADMISSIBILIDADE do Projeto de Lei nº 837/2023, na forma da emenda supressiva em anexo.",parecer_autor
78078,17669,298361,GAB DEP ROGÉRIO MORRO DA CRUZ,Não apreciado(a),merito_favoravel,"III - CONCLUSÕES Ante o exposto, no âmbito desta Comissão de Assuntos Sociais, manifestamos voto pela APROVAÇÃO, no mérito, do Projeto de Lei nº 792, de 2023.",parecer_autor
78079,17681,301660,GAB DEP FÁBIO FÉLIX,Aprovado(a),admissivel,"ga a anterior, princípio esse consagrado no art. 2º, §1º, da Lei de Introdução às Normas do Direito Brasileiro e no art. 101, §1º, I, da Lei Complementar nº 13/1996. III - CONCLUSÕES Diante do exposto, manifestamos voto pela ADMISSIBILIDADE do Projeto de Lei nº 802/2023, no âmbito da Comissão de Constituição e Justiça, com o acolhimento da emenda supressiva anexa.",parecer_autor
78080,17681,290168,GAB DEP PR DANIEL DE CASTRO,Aprovado(a),sem_clausula,,parecer_autor
78081,17705,301570,GAB DEP MAX MACIEL,Não apreciado(a),sem_clausula,,parecer_autor
78082,17730,291842,GAB DEP PR DANIEL DE CASTRO,Aprovado(a),merito_favoravel,"III - CONCLUSÕES Frente o exposto, somos pela APROVAÇÃO do Projeto de Lei nº 810/2023.",parecer_autor
78083,17744,316001,GAB DEP CHICO VIGILANTE,Não apreciado(a),admissivel,"III - CONCLUSÃO Diante do exposto, manifestamos voto pela ADMISSIBILIDADE do Projeto de Lei nº 812/2023, no âmbito da Comissão de Constituição e Justiça.",parecer_autor
78084,17763,316199,GAB DEP PAULA BELMONTE,Aprovado(a),admissivel,"Dessa forma, no âmbito desta Comissão de Economia, Orçamento e Finanças, o voto é pela admissibilidade do Projeto de Lei nº 817, de 2023, nos termos do art. 65, I e III, “a”, e § 1º, do RICLDF.",parecer_autor
78085,17774,313901,GAB DEP ROGÉRIO MORRO DA CRUZ,Não apreciado(a),merito_favoravel,"Com efeito, impende salientar que a proposição alinha-se com o interesse público e atende aos critérios de conveniência e oportunidade III - CONCLUSÃO No âmbito desta Comissão, especialmente quanto ao mérito, somos pela APROVAÇÃO do Projeto de Lei nº 827/2023, com a Emenda Modificativa nº 1.",parecer_autor
78086,17818,314550,GAB DEP JOÃO CARDOSO,Não apreciado(a),sem_clausula,,parecer_autor
78087,17818,293698,GAB DEP PAULA BELMONTE,Aprovado(a),merito_favoravel,"Diante da relevância do tema e da abrangência das medidas propostas, recomendamos, portanto, o voto pela APROVAÇÃO do Projeto de Lei nº 826/2023, quanto ao mérito, no âmbito desta Comissão de Fiscalização, Governança, Transparência e Controle.",parecer_autor
78088,17843,291711,GAB DEP THIAGO MANZONI,Não apreciado(a),admissivel_com_ressalva,"Pelo exposto, manifestamos voto pela ADMISSIBILIDADE do Projeto de Decreto Legislativo nº 77/2024 no âmbito da CCJ, na forma do substitutivo anexo.",parecer_autor
78089,17843,283116,GAB DEP ROGÉRIO MORRO DA CRUZ,Aprovado(a),merito_favoravel,"istórico com a trajetória do homenageado.” III - CONCLUSÕES Diante do exposto, considerando a trajetória ímpar da Senhora Damares Regina Alves e seus inestimáveis serviços prestados à população brasiliense e brasileira, manifestamos, no âmbito desta Comissão de Assuntos Sociais, voto pela APROVAÇÃO do Projeto de Decreto Legislativo nº 77/2024. É o Voto.",parecer_autor
78090,17852,293675,GAB DEP IOLANDO,Aprovado(a),merito_favoravel,"III - CONCLUSÕES Considerando todo o exposto, nosso voto é pela APROVAÇÃO do Projeto de Lei nº 839/2023, no âmbito da Comissão de Fiscalização, Governança, Transparência e Controle.",parecer_autor
78091,17852,300723,GAB DEP MARTINS MACHADO,Aprovado(a),merito_favoravel,"oas práticas de gestão pública, o parecer é FAVORÁVEL à aprovação do Projeto de Lei que estabelece diretrizes para a transparência dos dados relacionados aos procedimentos de saúde no âmbito do Distrito Federal Assim, o voto é pela APROVAÇÃO do Projeto de Lei n° 839/2023.",parecer_autor
78092,17852,292989,GAB DEP ROGÉRIO MORRO DA CRUZ,Aprovado(a),merito_favoravel,"III - CONCLUSÕES Ante o exposto, no âmbito da Comissão de Assuntos Sociais, manifestamo-nos pela APROVAÇÃO do Projeto de Lei nº 839/2023.",parecer_autor
78093,17864,292159,GAB DEP JAQUELINE SILVA,Aprovado(a),admissivel_com_ressalva,"Assim, no âmbito da CEOF, vota-se pela admissibilidade do PL nº 894/2024, na forma das Emendas nºs 01 e 02, conforme o art. 65, I, do RICLDF.",parecer_autor
78094,17869,292002,GAB DEP MAX MACIEL,Aprovado(a),merito_favoravel,"Assim, diante da relevância da matéria, bem como da necessidade e conveniência da medida veiculada pelo projeto, o voto manifesta-se pela aprovação, no âmbito da Comissão de Transporte e Mobilidade Urbana, do projeto de lei n.º 850/2024.",parecer_autor
78095,17870,305937,GAB DEP THIAGO MANZONI,Aprovado(a),merito_favoravel,"III - CONCLUSÕES Diante do exposto, no âmbito da Comissão de Educação e Cultura somos pela APROVAÇÃO, no mérito, do Projeto de Lei nº 851/2024.",parecer_autor
78096,17871,305938,GAB DEP THIAGO MANZONI,Não apreciado(a),merito_favoravel,"III - CONCLUSÃO Diante do exposto, manifestamos voto pela APROVAÇÃO do Projeto de Lei nº 852/2024, no âmbito da Comissão de Educação e Cultura, na forma do substitutivo anexo.",parecer_autor
78097,17878,300798,GAB DEP JOÃO CARDOSO,Não apreciado(a),sem_clausula,,parecer_autor
78098,17882,288440,GAB DEP RICARDO VALE,Não apreciado(a),sem_clausula,,parecer_autor
78099,17882,298351,GAB DEP ROGÉRIO MORRO DA CRUZ,Não apreciado(a),merito_favoravel,"III - CONCLUSÕES Ante o exposto, no âmbito desta Comissão de Assuntos Sociais, manifestamos voto pela APROVAÇÃO, no mérito, do Projeto de Lei nº 855, de 2024.",parecer_autor
78100,17883,307234,GAB DEP ROBÉRIO NEGREIROS,Aprovado(a),admissivel_com_ressalva,"II – CONCLUSÃO Diante do exposto, manifestamos voto pela ADMISSIBILIDADE do Projeto de Lei nº 924/2024, no âmbito da Comissão de Constituição e Justiça, na forma do substitutivo anexo.",parecer_autor
78101,17886,289667,GAB DEP DOUTORA JANE,Não apreciado(a),merito_favoravel,"stitucionais e contribuir para a construção de uma sociedade mais justa e igualitária no Distrito Federal, no âmbito desta Comissão de Desenvolvimento Econômico Sustentável, Ciência, Tecnologia, Meio Ambiente e Turismo, manifestamos voto pela APROVAÇÃO, no mérito, do Projeto de Lei nº 856/2024. É o parecer.",parecer_autor
78102,17890,302646,GAB DEP JOAQUIM RORIZ NETO,Aprovado(a),admissivel,"III - CONCLUSÕES Ante o exposto, vota-se, no âmbito da CEOF, pela admissibilidade do PL nº 858/2024, nos termos do art. 65, I, do RICLDF, com a emenda modificativa deste Relator.",parecer_autor
78103,17894,323493,GAB DEP JOÃO CARDOSO,Não apreciado(a),sem_clausula,,parecer_autor
78104,17894,291976,GAB DEP GABRIEL MAGNO,Não apreciado(a),merito_favoravel,"III - CONCLUSÃO Diante do exposto, votamos pela aprovação, no mérito, do Projeto de Lei nº 873, de 2024, no âmbito desta Comissão de Saúde, na forma do Substitutivo anexo.",parecer_autor
78105,17908,295832,GAB DEP CHICO VIGILANTE,Aprovado(a),admissivel,"III - CONCLUSÕES Diante do exposto, manifestamos voto pela ADMISSIBILIDADE do Projeto de Lei nº 920/2024, no âmbito da Comissão de Constituição e Justiça.",parecer_autor
78106,17908,290002,GAB DEP PR DANIEL DE CASTRO,Aprovado(a),sem_clausula,,parecer_autor
78107,17936,289891,GAB DEP ROBÉRIO NEGREIROS,Aprovado(a),admissivel,"III – CONCLUSÃO Pelo exposto, manifestamos voto pela ADMISSIBILIDADE constitucional e jurídica do Projeto de Lei n.º 912, de 2024, com a emenda modificativa anexa.",parecer_autor
78108,17940,320796,GAB DEP JOÃO CARDOSO,Não apreciado(a),sem_clausula,,parecer_autor
78109,17944,311298,GAB DEP JOÃO CARDOSO,Não apreciado(a),sem_clausula,,parecer_autor
78110,17961,290174,GAB DEP MARTINS MACHADO,Aprovado(a),sem_clausula,,parecer_autor
78111,17963,301039,GAB DEP GABRIEL MAGNO,Aprovado(a),merito_favoravel,"III - CONCLUSÕES Ante o exposto, no âmbito da Comissão de Educação e Cultura, manifestamos voto pela aprovação, no mérito, do Projeto de Lei nº 884/2024.",parecer_autor
78112,17965,311978,GAB DEP DAYSE AMARILIO,Aprovado(a),merito_favoravel,"III - CONCLUSÃO Diante do exposto, no âmbito da Comissão de Saúde – CSA, somos pela aprovação, no mérito, do Projeto de Lei nº 907, de 2024.",parecer_autor
78113,17967,297854,GAB DEP ROBÉRIO NEGREIROS,Aprovado(a),admissivel,"III - CONCLUSÃO Diante do exposto, manifestamos voto pela ADMISSIBILIDADE do substitutivo ao Projeto de Lei nº 925/2024, no âmbito da Comissão de Constituição e Justiça.",parecer_autor
78114,18005,316854,GAB DEP DAYSE AMARILIO,Aprovado(a),merito_favoravel,"III - CONCLUSÃO Ante o exposto, no âmbito da Comissão de Saúde – CSA, somos pela aprovação, no mérito, do Projeto de Lei nº 915, de 2024.",parecer_autor
78115,18033,310109,GAB DEP HERMETO,Aprovado(a),admissivel,"III - CONCLUSÕES Diante do exposto, esta Comissão de Segurança manifesta-se pela CONSTITUCIONALIDADE, LEGALIDADE e MÉRITO FAVORÁVEL ao Projeto de Lei que Proíbe que condenados por crimes de racismo assumam cargos públicos no âmbito do Distrito Federal, recomendando sua aprovação nos termos apresentados.",parecer_autor
78116,18033,319773,GAB DEP JOÃO CARDOSO,Não apreciado(a),merito_favoravel,"Por esse motivo, voto pela aprovação, no mérito, do Projeto de Lei nº 886, de 2024 que “Proíbe que condenados por crimes de racismo assumam cargos públicos no âmbito do Distrito Federal”, de autoria de Deputado Pastor Daniel de Castro.",parecer_autor
78117,18041,314017,GAB DEP GABRIEL MAGNO,Rejeitado(a),admissivel,"utivo (já existe Lei local que determina a instalação de câmeras nas escolas públicas), é admitida sua iniciativa parlamentar nessa situação, conforme posição do Supremo Tribunal Federal, em caso semelhante, que decidiu pela constitucionalidade da Lei municipal nº 5.616, de 16 de agosto de 2013, que “dispõe sobre a instalação de câmeras de monitoramento de segurança nas escolas públicas municipais e cercanias”, conforme a seguir: Tema 917 - Competência para iniciativa de lei municipal que preveja a",parecer_autor
78118,18048,319833,GAB DEP JOÃO CARDOSO,Não apreciado(a),sem_clausula,,parecer_autor
78119,18048,295149,GAB DEP RICARDO VALE,Aprovado(a),merito_favoravel,"Por isso, voto pela APROVAÇÃO do Projeto de Lei nº 1.492/2024.",parecer_autor
78120,18052,290537,GAB DEP ROGÉRIO MORRO DA CRUZ,Não apreciado(a),merito_favoravel,"III - CONCLUSÕES Desta feita, ante tudo quanto exposto, no âmbito desta Comissão, somos favoráveis à APROVAÇÃO do Projeto de Lei nº 887/2024, na forma da Emenda Supressiva nº 1 aprovada pela Comissão de Defesa do Consumidor.",parecer_autor
78121,18053,305633,GAB DEP CHICO VIGILANTE,Aprovado(a),admissivel_com_ressalva,"III - CONCLUSÕES Diante do exposto, manifestamos voto pela ADMISSIBILIDADE do Projeto de Lei nº 888/2024, no âmbito da Comissão de Constituição e Justiça, na forma do substitutivo anexo.",parecer_autor
78122,18078,288811,GAB DEP JAQUELINE SILVA,Aprovado(a),admissivel,"Diante do exposto, vota-se, no âmbito da CEOF, pela admissibilidade do PL nº 895/2024, nos termos do art. 65, I e III, “a”, e § 1º, do RICLDF.",parecer_autor
78123,18165,308873,GAB DEP JOÃO CARDOSO,Não apreciado(a),sem_clausula,,parecer_autor
78124,18167,289514,GAB DEP CHICO VIGILANTE,Aprovado(a),merito_favoravel,"III - CONCLUSÕES Assim, após examinar os aspectos de necessidade, conveniência, oportunidade e viabilidade, votamos, no mérito, pela APROVAÇÃO do Projeto de Lei nº 927/2024, no âmbito desta Comissão de Defesa do Consumidor.",parecer_autor
78125,18167,291901,GAB DEP PAULA BELMONTE,Não apreciado(a),merito_favoravel,"Diante da relevância do tema e da abrangência das medidas propostas, recomendamos, portanto, o voto pela APROVAÇÃO do Projeto de Lei nº 927/2024, quanto ao mérito, no âmbito desta Comissão de Desenvolvimento Econômico Sustentável, Ciência, Tecnologia, Meio Ambiente e Turismo.",parecer_autor
78126,18169,294985,GAB DEP ROGÉRIO MORRO DA CRUZ,Não apreciado(a),merito_favoravel,"III - CONCLUSÕES Ante o exposto, no âmbito desta Comissão de Assuntos Sociais, manifestamos voto pela APROVAÇÃO, no mérito, do Projeto de Lei nº 933, de 2024.",parecer_autor
78127,18211,289659,GAB DEP PAULA BELMONTE,Aprovado(a),admissivel,"Diante do exposto, no âmbito desta Comissão de Economia, Orçamento e Finanças, o voto é pela admissibilidade do Projeto de Lei nº 939, de 2024, nos termos do art. 65, I e III e § 1º, do RICLDF, É o voto.",parecer_autor
78128,18322,290817,GAB DEP PR DANIEL DE CASTRO,Aprovado(a),merito_favoravel,"III - CONCLUSÕES Diante do exposto, voto pela aprovação do Projeto de Lei nº 1024, de 2024, de autoria do Deputado Gabriel Magno",parecer_autor
78129,18394,299787,GAB DEP DAYSE AMARILIO,Aprovado(a),merito_favoravel,"III - CONCLUSÕES Ante o exposto, no âmbito desta Comissão de Assuntos Sociais, somos pela aprovação no mérito, do Projeto de Lei nº 963, de 2024.",parecer_autor
78130,18396,298363,GAB DEP ROGÉRIO MORRO DA CRUZ,Não apreciado(a),merito_favoravel,"III - CONCLUSÕES Ante o exposto, no âmbito desta Comissão de Assuntos Sociais, manifestamos voto pela APROVAÇÃO, no mérito, do Projeto de Lei nº 962, de 2024.",parecer_autor
78131,18466,295335,GAB DEP MARTINS MACHADO,Aprovado(a),merito_favoravel,"resentar um avanço significativo para a administração pública do Distrito Federal, ao promover uma comunicação mais eficiente, inclusiva e transparente, com benefícios diretos para a população e para a gestão pública, o voto é pela APROVAÇÃO do Projeto de Lei n° 970/2024, com acatamento das emendas n.ºs 1, 2 , 3, 4 e 5.",parecer_autor
78132,18469,283805,GAB DEP MARTINS MACHADO,Aprovado(a),sem_clausula,,parecer_autor
78133,18479,314430,GAB DEP JOÃO CARDOSO,Não apreciado(a),sem_clausula,,parecer_autor
78134,18482,312572,GAB DEP JOÃO CARDOSO,Não apreciado(a),sem_clausula,,parecer_autor
78135,18511,292299,GAB DEP GABRIEL MAGNO,Aprovado(a),merito_favoravel,"III - CONCLUSÕES Diante do exposto, no âmbito da Comissão de Educação e Cultura, manifestamos voto pela aprovação, no mérito, do Projeto de Lei nº 976/2024.",parecer_autor
78136,18626,295771,GAB DEP PAULA BELMONTE,Não apreciado(a),merito_favoravel,"Diante da relevância do tema e da abrangência das medidas propostas, recomendamos, portanto, no âmbito desta Comissão de Defesa dos Direitos da Mulher, o voto pela APROVAÇÃO do Projeto de Lei nº 1.000/2024, quanto ao mérito, na forma do Substitutivo aprovado na Comissão de Saúde.",parecer_autor
78137,18635,291894,GAB DEP PAULA BELMONTE,Não apreciado(a),merito_favoravel,"Diante da relevância do tema e da abrangência das medidas propostas, recomendamos, portanto, o voto pela APROVAÇÃO do Projeto de Lei nº 995/2024, quanto ao mérito, no âmbito desta Comissão de Desenvolvimento Econômico Sustentável, Ciência, Tecnologia, Meio Ambiente e Turismo.",parecer_autor
78138,18635,317218,GAB DEP ROGÉRIO MORRO DA CRUZ,Aprovado(a),sem_clausula,,parecer_autor
78139,18635,290505,GAB DEP GABRIEL MAGNO,Aprovado(a),merito_favoravel,"III - CONCLUSÕES Diante do exposto, manifestamos voto pela APROVAÇÃO, no mérito, do Projeto de Lei nº 995 de 2024, no âmbito da Comissão de Educação e Cultura.",parecer_autor
78140,18645,294284,GAB DEP ROGÉRIO MORRO DA CRUZ,Não apreciado(a),merito_favoravel,"III - CONCLUSÕES Diante do exposto, nesta CAS, manifestamo-nos, no mérito, pela APROVAÇÃO do PL nº 993, de 2024.",parecer_autor
78141,18730,301551,CEOF,Aprovado(a),merito_favoravel,"ta que a proposição observa as exigências formais e materiais do ordenamento jurídico e favorece o desenvolvimento da atuação da gestão das unidades escolares, no âmbito desta COMISSÃO DE ECONOMIA, ORÇAMENTO E FINANÇAS, manifestamos voto pela APROVAÇÃO e ADMISSIBILIDADE do Projeto de Lei nº 1012, 2024, de autoria do nobre deputado Martins Machado, com acatamento da emenda modificativa nº 01.",parecer_autor
78142,18730,295371,GAB DEP JOÃO CARDOSO,Aprovado(a),merito_favoravel,"r incentivos financeiros à adoção de práticas sustentáveis nas escolas públicas, promovendo eficiência no uso de recursos, economia para o erário, educação ambiental e melhoria das condições de ensino, razão pela qual o voto é pela APROVAÇÃO do Projeto de Lei n° 1012/2024, com acatamento da emenda n.º 1, modificativa, a qual fez adequação à técnica legislativa.",parecer_autor
78143,18730,294336,GAB DEP GABRIEL MAGNO,Aprovado(a),merito_favoravel,"III - CONCLUSÕES Diante do exposto, no âmbito da Comissão de Educação e Cultura, manifestamos voto pela aprovação, no mérito, do Projeto de Lei nº 1012/2024, com o acatamento da Emenda nº 1.",parecer_autor
78144,18766,290173,GAB DEP MARTINS MACHADO,Não apreciado(a),merito_favoravel,"III CONCLUSÃO Dessa forma, no âmbito da Comissão de Assuntos Sociais, somos no mérito, pela APROVAÇÃO do Projeto de Lei n° 1014/2024.",parecer_autor
78145,18830,290526,GAB DEP MAX MACIEL,Aprovado(a),sem_clausula,,parecer_autor
78146,18841,289516,GAB DEP CHICO VIGILANTE,Aprovado(a),admissivel,"Resolução nº 334/2023. Consulta ao sistema PLe nos informa que foi o primeiro PDL congênere apresentado pelo autor, na condição de primeiro ou único subscritor, em 2024. III - CONCLUSÕES Pelo exposto, manifestamos voto pela ADMISSIBILIDADE do Projeto de Decreto Legislativo nº 98/2024 no âmbito da CCJ.",parecer_autor
78147,18857,301558,GAB DEP RICARDO VALE,Aprovado(a),merito_favoravel,"Por isso, creio que as alterações propostas devem prosperar, razão por que voto pela APROVAÇÃO do Projeto de Lei nº 1.034/2024, na forma do substitutivo (Emenda nº 01).",parecer_autor
78148,18902,321815,GAB DEP PR DANIEL DE CASTRO,Aprovado(a),merito_favoravel,"III - CONCLUSÃO Diante do exposto, no âmbito da Comissão de Saúde, voto PELA APROVAÇÃO DO PROJETO DE LEI Nº 1062/2024, por sua inegável relevância social, sanitária e humana, uma vez que contribui para o fortalecimento das políticas públicas de atenção à pessoa com Diabetes Mellitus tipo 1 no Distrito Federal.",parecer_autor
78149,18925,294990,GAB DEP MARTINS MACHADO,Não apreciado(a),merito_favoravel,"considerando o impacto positivo esperado para a inclusão e desenvolvimento das pessoas com Síndrome de Down no esporte, a consonância com as políticas públicas locais e nacionais e a promoção da cidadania e da saúde, o voto é pela APROVAÇÃO do Projeto de Lei n° 1029/2024.",parecer_autor
78150,18944,292257,GAB DEP GABRIEL MAGNO,Não apreciado(a),merito_favoravel,"III - CONCLUSÕES Ante o exposto, no âmbito da Comissão de Educação e Cultura, manifestamos voto pela aprovação, no mérito, do Projeto de Lei nº 1030/2024.",parecer_autor
78151,18949,294174,GAB DEP JORGE VIANNA,Aprovado(a),merito_favoravel,"III - CONCLUSÕES Diante do exposto, somos pela APROVAÇÃO, no mérito, do Projeto de Lei nº 1.031/2024, no âmbito da Comissão de Educação e Cultura, na forma do substitutivo anexo.",parecer_autor
78152,18954,317042,GAB DEP JOÃO CARDOSO,Não apreciado(a),sem_clausula,,parecer_autor
78153,18958,312149,GAB DEP JOÃO CARDOSO,Não apreciado(a),sem_clausula,,parecer_autor
78154,18985,301583,GAB DEP MAX MACIEL,Não apreciado(a),sem_clausula,,parecer_autor
78155,19002,300995,GAB DEP MARTINS MACHADO,Não apreciado(a),merito_favoravel,"Assim, o voto é pela aprovação do PL 1040/2024, no âmbito desta comissão.",parecer_autor
78156,19004,295324,GAB DEP FÁBIO FÉLIX,Aprovado(a),admissivel_com_ressalva,"III - CONCLUSÕES Diante do exposto, manifestamos voto pela ADMISSIBILIDADE do Projeto de Lei nº 1.039/2024, no âmbito da Comissão de Constituição e Justiça, na forma do Substitutivo anexo.",parecer_autor
78157,19004,291195,GAB DEP JOÃO CARDOSO,Aprovado(a),sem_clausula,,parecer_autor
78158,19015,294249,GAB DEP JORGE VIANNA,Aprovado(a),merito_favoravel,"III - CONCLUSÕES Desta forma, somos pela APROVAÇÃO, no mérito, do Projeto de Lei nº 1.054/2024, no âmbito da Comissão de Educação e Cultura, na forma do Substitutivo anexo.",parecer_autor
78159,19074,281764,GAB DEP RICARDO VALE,Não apreciado(a),merito_favoravel,"Por isso, voto pela aprovação do Projeto de Lei nº 1.061, de 2024.",parecer_autor
78160,19083,291709,GAB DEP MARTINS MACHADO,Aprovado(a),merito_favoravel,"Assim, o voto é pela APROVAÇÃO do Projeto de Lei n° 1052/2024.",parecer_autor
78161,19108,316856,GAB DEP DAYSE AMARILIO,Não apreciado(a),merito_favoravel,"III - CONCLUSÃO Ante o exposto, no âmbito desta Comissão de Saúde, somos pela aprovação no mérito, do Projeto de Lei nº 1050, de 2024.",parecer_autor
78162,19128,287500,GAB DEP DAYSE AMARILIO,Não apreciado(a),sem_clausula,,parecer_autor
78163,19128,311982,GAB DEP PAULA BELMONTE,Aprovado(a),admissivel_com_ressalva,"Diante do exposto, o voto, no âmbito desta Comissão de Economia, Orçamento e Finanças, é pela ADMISSIBILIDADE do Projeto de Lei nº 1055, de 2024, de autoria do deputado Pastor Daniel de Castro, na forma do substitutivo 1 e das subemendas 02 e 03, nos termos do art. 65, I e III, “a”, e § 1º, do RICLDF.",parecer_autor
78164,19189,312195,GAB DEP JOÃO CARDOSO,Não apreciado(a),merito_favoravel,"III - CONCLUSÕES Diante do exposto, nos manifestamos, no âmbito da Comissão de Assuntos Sociais, pela APROVAÇÃO, no mérito, do Projeto de Lei nº 1.063/2024 que ""Dispõe sobre a criação da Região Administrativa do Café Sem Troco – RA XXXVI, e dá outras providências"".",parecer_autor
78165,19190,288443,GAB DEP JOÃO CARDOSO,Aprovado(a),merito_favoravel,"uração, desmembramento e organização de atribuições de órgão público, e reconhecendo que a proposição representa um avanço significativo na racionalização administrativa do território do Distrito Federal, esta relatoria manifesta-se, no âmbito da Comissão de Assuntos Sociais, pela aprovação, no mérito, do Projeto de Lei nº 1.064, de 2024, de autoria do Deputado Rogério Morro da Cruz.",parecer_autor
78166,19221,294370,GAB DEP IOLANDO,Aprovado(a),admissivel,"III - CONCLUSÕES Pelo exposto, manifestamos voto pela ADMISSIBILIDADE do Projeto de Decreto Legislativo nº 107/2024 no âmbito da CCJ, com o acolhimento da emenda modificativa de redação anexa.",parecer_autor
78167,19235,291961,GAB DEP GABRIEL MAGNO,Aprovado(a),merito_favoravel,"III - CONCLUSÃO Diante do exposto, no âmbito da CTMU, manifestamos voto pela aprovação, no mérito, do Projeto de Lei nº 1068/2024.",parecer_autor
78168,19251,295336,GAB DEP FÁBIO FÉLIX,Não apreciado(a),admissivel_com_ressalva,"III - CONCLUSÕES Diante do exposto, manifestamos voto pela ADMISSIBILIDADE do Projeto de Lei nº 1.069/2024, no âmbito da Comissão de Constituição e Justiça, na forma do Substitutivo anexo.",parecer_autor
78169,19251,291712,GAB DEP MARTINS MACHADO,Aprovado(a),merito_favoravel,"III – CONCLUSÃO Portanto, votamos, no mérito, pela aprovação do Projeto de Lei n.º 1069, de 2024.",parecer_autor
78170,19265,291859,GAB DEP CHICO VIGILANTE,Não apreciado(a),admissivel_com_ressalva,"III - CONCLUSÕES Pelo exposto, nosso voto, no âmbito da Comissão de Constituição e Justiça, é pela ADMISSIBILIDADE do Projeto de Lei nº 1.071/2024 na forma do SUBSTITUTIVO aprovado pela CAS.",parecer_autor
78171,19265,310786,GAB DEP PAULA BELMONTE,Aprovado(a),admissivel_com_ressalva,"Diante do exposto, o voto, no âmbito desta Comissão de Economia, Orçamento e Finanças, é pela ADMISSIBILIDADE do Projeto de Lei nº 1071/2024, de autoria da deputada Dayse Amarilio, na forma do substitutivo 01, apresentado na CAS, nos termos do art. 65, I e III, “a”, e § 1º, do RICLDF.",parecer_autor
78172,19274,300739,GAB DEP ROBÉRIO NEGREIROS,Não apreciado(a),admissivel,"II – CONCLUSÃO Diante do exposto, manifestamos voto pela ADMISSIBILIDADE do Projeto de Lei nº 1.072/2024, no âmbito da Comissão de Constituição e Justiça.",parecer_autor
78173,19323,290811,GAB DEP PR DANIEL DE CASTRO,Aprovado(a),merito_favoravel,"III - CONCLUSÕES Ante o exposto, do ponto de vista da relevância, da oportunidade e da conveniência, manifestamo-nos pela aprovação, no mérito, do Projeto de Lei nº 1106/2024, no âmbito desta Comissão.",parecer_autor
78174,19338,312203,GAB DEP JOÃO CARDOSO,Não apreciado(a),sem_clausula,,parecer_autor
78175,19467,300959,GAB DEP MARTINS MACHADO,Não apreciado(a),merito_favoravel,"Assim, o voto é pela APROVAÇÃO do Projeto de Lei n° 1120/2024.",parecer_autor
78176,19588,318666,GAB DEP CHICO VIGILANTE,Não apreciado(a),admissivel,"III – CONCLUSÃO Diante do exposto, manifestamos voto pela ADMISSIBILIDADE do Projeto de Lei nº 1.085/2024, no âmbito da Comissão de Constituição e Justiça, com o acolhimento da emenda modificativa anexa.",parecer_autor
78177,19604,294477,GAB DEP JAQUELINE SILVA,Aprovado(a),admissivel,"Assim, no âmbito da CEOF, vota-se pela admissibilidade do PL nº 1.086/2024, conforme o art. 65, I, do RICLDF.",parecer_autor
78178,19615,301734,GAB DEP PR DANIEL DE CASTRO,Aprovado(a),sem_clausula,,parecer_autor
78179,19641,281841,GAB DEP PAULA BELMONTE,Não apreciado(a),admissivel,"Diante do exposto, e considerando que a Proposição encontra compatibilidade com a programação orçamentária prevista para este exercício de 2025, o voto é pela admissibilidade e aprovação do Projeto de Lei nº 1.090, de 2024, no âmbito desta CEOF, nos termos do art. 64, II e § 1º, do RICLDF.",parecer_autor
78180,19703,304113,GAB DEP JOÃO CARDOSO,Não apreciado(a),sem_clausula,,parecer_autor
78181,19710,302816,GAB DEP JOÃO CARDOSO,Aprovado(a),merito_favoravel,"III - CONCLUSÕES Diante do exposto, considerando a necessidade social, a relevância, a viabilidade, a efetividade e a proporcionalidade da iniciativa, voto pela APROVAÇÃO, no mérito, do Projeto de Lei nº 1.094, de 2024.",parecer_autor
78182,19731,323496,GAB DEP JOÃO CARDOSO,Não apreciado(a),merito_favoravel,"À vista do exposto, o voto é pela APROVAÇÃO do Projeto de Lei.",parecer_autor
78183,19750,293000,GAB DEP ROGÉRIO MORRO DA CRUZ,Não apreciado(a),merito_favoravel,"III - CONCLUSÕES Em face do exposto, no âmbito da Comissão de Assuntos Sociais, somos pela APROVAÇÃO, no mérito, do Projeto de Lei nº 1.098, de 2024.",parecer_autor
78184,19789,292249,GAB DEP PR DANIEL DE CASTRO,Não apreciado(a),sem_clausula,,parecer_autor
78185,19798,317509,GAB DEP JOÃO CARDOSO,Não apreciado(a),sem_clausula,,parecer_autor
78186,19807,290313,GAB DEP FÁBIO FÉLIX,Aprovado(a),merito_favoravel,"Ante o exposto, no âmbito da Comissão de Defesa dos Direitos Humanos, Cidadania e Legislação Participativa, somos pela APROVAÇÃO, no mérito, do Projeto de Lei nº 1.107, de 2024, com a emenda aditiva anexa.",parecer_autor
78187,19836,283103,GAB DEP JAQUELINE SILVA,Não apreciado(a),merito_favoravel,"Pelo exposto, somos pela Aprovação, no mérito, do PL nº 1.354/2024. [1] FÓRUM BRASILERO DE SEGURANÇA PÚBLICA.",parecer_autor
78188,19843,282519,GAB DEP ROBÉRIO NEGREIROS,Aprovado(a),admissivel,"Considerando todo o exposto, nosso voto é pela ADMISSIBILIDADE do Projeto de Lei nº 1.111/2024, no âmbito da Comissão de Constituição e Justiça.",parecer_autor
78189,19881,302433,GAB DEP DOUTORA JANE,Não apreciado(a),merito_favoravel,"III - CONCLUSÕES Diante do exposto, no mérito, o voto é pela APROVAÇÃO do Projeto de Lei nº 1116/2024, de autoria do Deputado Hermeto, no âmbito desta Comissão de Desenvolvimento Econômico Sustentável, Ciência, Tecnologia, Meio Ambiente e Turismo – CDESCTMAT.",parecer_autor
78190,19913,291377,GAB DEP JORGE VIANNA,Aprovado(a),admissivel,"Assim, no âmbito da CEOF, voto pela admissibilidade e aprovação do PL nº 1.119/2024, conforme o art. 65, I e II do Regimento Interno da CLDF.",parecer_autor
78191,19913,298124,GAB DEP ROBÉRIO NEGREIROS,Não apreciado(a),admissivel,"III- CONCLUSÃO Por esses motivos, nosso voto é pela ADMISSIBILIDADE do Projeto de Lei nº 1.119/2024.",parecer_autor
78192,19993,301593,GAB DEP MAX MACIEL,Não apreciado(a),sem_clausula,,parecer_autor
78193,20045,291861,GAB DEP CHICO VIGILANTE,Não apreciado(a),admissivel,"III - CONCLUSÃO Pelo exposto, manifestamos voto pela ADMISSIBILIDADE do Projeto de Decreto Legislativo nº 137/2024 no âmbito da CCJ.",parecer_autor
78194,20057,319359,GAB DEP MARTINS MACHADO,Aprovado(a),merito_favoravel,"III - CONCLUSÃO Diante do atendimento ao interesse público, aprimorando a gestão e o suporte estrutural do Poder Judiciário local, motivo pelo qual recomenda-se parecer favorável, razão pela qual o voto é pela APROVAÇÃO do Projeto de Lei nº 1981/2025. É o Voto.",parecer_autor
78195,20147,290808,GAB DEP GABRIEL MAGNO,Aprovado(a),merito_favoravel,"III - CONCLUSÕES Diante do exposto, reconhecida a relevância social do tema, voto pela APROVAÇÃO do Projeto de Lei nº 1146/2024.",parecer_autor
78196,20165,295339,GAB DEP FÁBIO FÉLIX,Não apreciado(a),admissivel,"III - CONCLUSÕES Diante do exposto, manifestamos voto pela ADMISSIBILIDADE do Projeto de Lei nº 1.185/2024, no âmbito da Comissão de Constituição e Justiça, com a aprovação da subemenda modificativa anexa.",parecer_autor
78197,20165,290516,GAB DEP DAYSE AMARILIO,Aprovado(a),merito_favoravel,"Diante do exposto, manifestamos voto pela APROVAÇÃO do Projeto de Lei nº 1.131/2024, no âmbito da Comissão de Saúde, na forma do substitutivo anexo.",parecer_autor
78198,20189,305634,GAB DEP MARTINS MACHADO,Não apreciado(a),merito_favoravel,"Assim, o voto é pela APROVAÇÃO do PL 1132/2024, com acatamento do substitutivo, emenda n.º 2.",parecer_autor
78199,20251,287512,GAB DEP MARTINS MACHADO,Não apreciado(a),merito_favoravel,"Considerando o exposto, somos pela APROVAÇÃO do Projeto de Lei nº 1.137/2024 no âmbito desta Comissão de Assuntos Sociais.",parecer_autor
78200,20284,282521,GAB DEP FÁBIO FÉLIX,Não apreciado(a),admissivel_com_ressalva,"Diante do exposto, manifestamos voto pela ADMISSIBILIDADE do Projeto de Lei nº 1.139/2024, no âmbito da Comissão de Constituição e Justiça, na forma do substitutivo anexo.",parecer_autor
78201,20285,290976,GAB DEP ROGÉRIO MORRO DA CRUZ,Não apreciado(a),merito_favoravel,"III - CONCLUSÕES Diante do exposto, nos manifestamos pela APROVAÇÃO, no mérito, do Projeto de Lei nº 1.138/2024, no âmbito desta Comissão de Assuntos Sociais.",parecer_autor
78202,20324,302393,GAB DEP GABRIEL MAGNO,Aprovado(a),merito_favoravel,"III - CONCLUSÕES Diante do exposto, no âmbito da Comissão de Educação e Cultura, manifestamos voto pela aprovação, no mérito, do Projeto de Lei nº 1.143/2024.",parecer_autor
78203,20327,290743,GAB DEP ROBÉRIO NEGREIROS,Não apreciado(a),inadmissivel,"Por esses motivos, com fundamento no art. 165 da Constituição Federal e nos arts. 100, VI; 149 e 151 da Lei Orgânica do Distrito Federal, nosso voto é pela INADMISSIBILIDADE da Proposta de Emenda à Lei Orgânica nº 13/2024.",parecer_autor
78204,20330,294988,GAB DEP MARTINS MACHADO,Aprovado(a),merito_favoravel,"III – Conclusão Diante do exposto, considerando a relevância social e o potencial de impacto positivo para a população idosa e para a sociedade em geral o voto é pela APROVAÇÃO do Projeto de Lei n° 1157/2024.",parecer_autor
78205,20374,305934,GAB DEP JOÃO CARDOSO,Aprovado(a),merito_favoravel,"III - CONCLUSÕES Diante do exposto, e considerando a relevância e oportunidade da matéria, mas reconhecendo a necessidade de seu aprimoramento técnico para garantir a proteção integral do serviço público educacional, o voto é pela APROVAÇÃO do Projeto de Lei nº 1149/2024, que “Dispõe sobre a prestação dos serviços da educação básica pela Administração Pública e dá outras providências.”, na forma da Emenda Supressiva que se segue.",parecer_autor
78206,20374,305496,GAB DEP GABRIEL MAGNO,Não apreciado(a),merito_favoravel,"III - CONCLUSÕES Ante o exposto, no âmbito da Comissão de Educação e Cultura, manifestamos voto pela aprovação, no mérito, do Projeto de Lei nº 1.149/2024.",parecer_autor
78207,20411,292211,GAB DEP PAULA BELMONTE,Não apreciado(a),merito_favoravel,"Diante da relevância do tema e da abrangência das medidas propostas, recomendamos, portanto, o voto pela APROVAÇÃO do Projeto de Lei nº 1.160/2024, quanto ao mérito, no âmbito desta Comissão de Desenvolvimento Econômico Sustentável, Ciência, Tecnologia, Meio Ambiente e Turismo.",parecer_autor
78208,20411,317204,GAB DEP ROGÉRIO MORRO DA CRUZ,Não apreciado(a),sem_clausula,,parecer_autor
78209,20415,298432,GAB DEP ROBÉRIO NEGREIROS,Não apreciado(a),admissivel_com_ressalva,"II – CONCLUSÃO Diante do exposto, manifestamos voto pela ADMISSIBILIDADE do Projeto de Lei nº 1.150/2024, no âmbito da Comissão de Constituição e Justiça, na forma do substitutivo anexo.",parecer_autor
78210,20447,282138,GAB DEP DAYSE AMARILIO,Aprovado(a),merito_favoravel,"Ante o exposto, no âmbito da Comissão de Assuntos Sociais, somos pela aprovação, no mérito, na forma do Substitutivo anexo, do Projeto de Lei nº 1.155, de 2024.",parecer_autor
78211,20452,294291,GAB DEP JOÃO CARDOSO,Aprovado(a),sem_clausula,,parecer_autor
78212,20454,283798,GAB DEP MARTINS MACHADO,Não apreciado(a),merito_favoravel,"Diante do exposto, somos pela APROVAÇÃO do Projeto de Lei 1183/2024 no âmbito desta Comissão.",parecer_autor
78213,20481,294727,GAB DEP ROBÉRIO NEGREIROS,Aprovado(a),admissivel,"III - CONCLUSÕES Ante o exposto, vota-se, no âmbito da CCJ, pela ADMISSIBILIDADE do PL nº 1167/2024, com o SUBSTITUTIVO em anexo, nos termos do art. 63, I, do RICLDF.",parecer_autor
78214,20481,321737,GAB DEP PR DANIEL DE CASTRO,Não apreciado(a),merito_favoravel,"III - CONCLUSÃO Diante do exposto, no âmbito da competência desta Comissão de Educação e Cultura, voto pela APROVAÇÃO do Projeto de Lei nº 1167/2025 na forma da emenda, de autoria do Deputado Wellington Luiz, por sua conveniência, oportunidade e relevante mérito educacional e social.",parecer_autor
78215,20483,294287,GAB DEP ROGÉRIO MORRO DA CRUZ,Não apreciado(a),merito_favoravel,"III - CONCLUSÃO Ante o exposto, no âmbito da Comissão de Assuntos Sociais, somos pela APROVAÇÃO, no mérito, do Projeto de Lei nº 1.166, de 2024, na forma do Substitutivo anexo.",parecer_autor
78216,20484,319356,GAB DEP MARTINS MACHADO,Não apreciado(a),merito_favoravel,"projeto de lei merece parecer favorável de mérito porque representa um avanço significativo na prevenção de conflitos de interesses, na promoção da confiança pública e no fortalecimento da governança, razão pela qual o voto pela APROVAÇÃO do Projeto de Lei nº 1.161/2024. É o Voto.",parecer_autor
78217,20484,292127,GAB DEP PAULA BELMONTE,Não apreciado(a),merito_favoravel,"Diante da relevância do tema e da abrangência das medidas propostas, recomendamos, portanto, o voto pela APROVAÇÃO do Projeto de Lei nº 1.161/2025, quanto ao mérito, no âmbito desta Comissão de Desenvolvimento Econômico Sustentável, Ciência, Tecnologia, Meio Ambiente e Turismo.",parecer_autor
78218,20486,312192,GAB DEP JOÃO CARDOSO,Não apreciado(a),sem_clausula,,parecer_autor
78219,20536,310145,GAB DEP HERMETO,Aprovado(a),admissivel,"III - CONCLUSÕES Diante do exposto, a Comissão de Segurança manifesta-se pela CONSTITUCIONALIDADE, LEGALIDADE e MÉRITO FAVORÁVEL, opinando pela aprovação do Projeto de Lei.",parecer_autor
78220,20537,301352,GAB DEP FÁBIO FÉLIX,Aprovado(a),admissivel,"III - CONCLUSÃO Diante do exposto, manifestamos voto pela ADMISSIBILIDADE do Projeto de Resolução nº 42/2024, com o Substitutivo do GMD, no âmbito da Comissão de Constituição e Justiça.",parecer_autor
78221,20541,301582,GAB DEP MAX MACIEL,Aprovado(a),sem_clausula,,parecer_autor
78222,20612,305265,GAB DEP IOLANDO,Aprovado(a),admissivel,"III - CONCLUSÕES Diante do exposto, manifestamos voto pela ADMISSIBILIDADE do Projeto de Lei nº 1.178/2024, no âmbito da Comissão de Constituição e Justiça, com o acolhimento da emenda modificativa anexa.",parecer_autor
78223,20612,287416,GAB DEP JOÃO CARDOSO,Aprovado(a),merito_favoravel,"III - CONCLUSÕES Portanto, votamos, no mérito, pela aprovação do Projeto de Lei n.º 1178, de 2024.",parecer_autor
78224,20669,284812,GAB DEP IOLANDO,Aprovado(a),merito_favoravel,"III - CONCLUSÕES Diante do exposto, no âmbito desta Comissão de Fiscalização, Governança, Transparência e Controle, no mérito, manifestamos voto pela APROVAÇÃO do Projeto de Lei nº 1.168, de 2024.",parecer_autor
78225,20688,308629,GAB DEP DOUTORA JANE,Aprovado(a),sem_clausula,,parecer_autor
78226,20688,311309,GAB DEP PAULA BELMONTE,Aprovado(a),merito_favoravel,"Diante da relevância do tema e da abrangência das medidas propostas, recomendamos, portanto, o voto pela APROVAÇÃO do Projeto de Lei nº 1.182/2024, quanto ao mérito, no âmbito desta Comissão de Defesa dos Direitos da Mulher.",parecer_autor
78227,20690,312090,GAB DEP JOÃO CARDOSO,Não apreciado(a),sem_clausula,,parecer_autor
78228,20690,288592,GAB DEP RICARDO VALE,Aprovado(a),merito_favoravel,"Por isso, voto pela APROVAÇÃO do Projeto de Lei nº 1.250/2024.",parecer_autor
78229,20716,292658,GAB DEP GABRIEL MAGNO,Aprovado(a),merito_favoravel,"III - CONCLUSÕES Diante do exposto, no âmbito da Comissão de Educação e Cultura, manifestamos voto pela aprovação, no mérito, do Projeto de Lei nº 1187/2024.",parecer_autor
78230,20732,302175,GAB DEP DOUTORA JANE,Não apreciado(a),sem_clausula,,parecer_autor
78231,20750,290510,GAB DEP ROGÉRIO MORRO DA CRUZ,Não apreciado(a),merito_favoravel,"III - CONCLUSÕES Desta feita, considerando a relevância do tema e a necessidade de promover ambientes de trabalho que favoreçam a saúde mental dos trabalhadores, somos favoráveis à APROVAÇÃO do Projeto de Lei nº 1193/2024, que institui o Certificado Empresa Promotora da Saúde Mental, na forma da emenda modificativa n° 1.",parecer_autor
78232,20750,301573,GAB DEP GABRIEL MAGNO,Aprovado(a),merito_favoravel,"III - CONCLUSÕES Ante o exposto, no âmbito da Comissão de Saúde, manifestamos voto pela aprovação, no mérito, do Projeto de Lei nº 1193/2024, com o acolhimento da Emenda (Modificativa) nº 1 da CDESCTMAT.",parecer_autor
78233,20755,300425,GAB DEP FÁBIO FÉLIX,Aprovado(a),admissivel_com_ressalva,"evocatória que não se aplica ao caso, visto que se trata de matéria não disciplinada anteriormente, conforme dispõe o art. 97, §2º da Lei complementar nº 13, de 1996. III - CONCLUSÃO Diante do exposto, manifestamos voto pela ADMISSIBILIDADE do Projeto de Lei nº 1185/2024, no âmbito da Comissão de Constituição e Justiça, na forma do substitutivo anexo.",parecer_autor
78234,20768,291821,GAB DEP PAULA BELMONTE,Não apreciado(a),merito_favoravel,"Diante da relevância do tema e da abrangência das medidas propostas, recomendamos, portanto, o voto pela APROVAÇÃO do Projeto de Lei nº 1.186/2024, quanto ao mérito, no âmbito desta Comissão de Desenvolvimento Econômico Sustentável, Ciência, Tecnologia, Meio Ambiente e Turismo.",parecer_autor
78235,20780,323504,GAB DEP JOÃO CARDOSO,Não apreciado(a),merito_favoravel,"Diante do exposto, o voto é pela aprovação do projeto de lei.",parecer_autor
78236,20832,308448,GAB DEP JOÃO CARDOSO,Não apreciado(a),sem_clausula,,parecer_autor
78237,20835,301854,GAB DEP ROBÉRIO NEGREIROS,Não apreciado(a),inadmissivel,"III - CONCLUSÃO Por todo o exposto, com fundamento nos arts. 22, incisos I e VII, da Constituição e no art. 71, § 1º, inciso IV, da Lei Orgânica do Distrito Federal, resta tão só manifestar voto pela INADMISSIBILIDADE constitucional e jurídica do Projeto de Lei nº 1.205/2024.",parecer_autor
78238,20835,292413,GAB DEP GABRIEL MAGNO,Aprovado(a),merito_favoravel,"III - CONCLUSÕES Ante o exposto, no âmbito da Comissão de Saúde, manifestamos voto pela aprovação, no mérito, do Projeto de Lei nº 1205/2024, com a Emenda nº 1.",parecer_autor
78239,20837,290177,GAB DEP MARTINS MACHADO,Não apreciado(a),merito_favoravel,"Assim, o voto é pela APROVAÇÃO do Projeto de Lei n° 1204/2024.",parecer_autor
78240,20837,301459,GAB DEP DAYSE AMARILIO,Aprovado(a),merito_favoravel,"III - CONCLUSÕES Diante do exposto, manifestamo-nos pela aprovação do Projeto de Lei nº 1204/2024, quanto ao mérito, no âmbito desta Comissão de Saúde.",parecer_autor
78241,20839,289872,GAB DEP FÁBIO FÉLIX,Aprovado(a),merito_favoravel,"sição não apenas contribui para a reintegração social das mulheres em situação de vulnerabilidade, mas também sinaliza um compromisso dos Poderes em promover a equidade de gênero e combater a marginalização e a pobreza, votamos pela APROVAÇÃO no mérito, do Projeto de Lei no 1.210, de 2024, nesta Comissão de Defesa dos Direitos Humanos, Cidadania e Legislação Participativa.",parecer_autor
78242,20839,316915,GAB DEP JOÃO CARDOSO,Aprovado(a),sem_clausula,,parecer_autor
78243,20841,284112,GAB DEP ROGÉRIO MORRO DA CRUZ,Aprovado(a),merito_favoravel,"III - CONCLUSÕES Diante do exposto, no âmbito desta Comissão, somos favoráveis à APROVAÇÃO integral do Projeto de Lei nº 1203/2024. É o voto.",parecer_autor
78244,20843,301571,GAB DEP MAX MACIEL,Não apreciado(a),sem_clausula,,parecer_autor
78245,20844,319499,GAB DEP JOÃO CARDOSO,Não apreciado(a),sem_clausula,,parecer_autor
78246,20845,289999,GAB DEP PR DANIEL DE CASTRO,Aprovado(a),sem_clausula,,parecer_autor
78247,20863,313253,GAB DEP JOÃO CARDOSO,Não apreciado(a),sem_clausula,,parecer_autor
78248,20895,304956,GAB DEP ROBÉRIO NEGREIROS,Não apreciado(a),inadmissivel,"III- CONCLUSÃO Por esses motivos, com fundamento no art. 1º, IV e art. 170, caput, da Constituição Federal, nosso voto é pela INADMISSIBILIDADE do Projeto de Lei nº 1.235/2024.",parecer_autor
78249,20895,292253,GAB DEP DOUTORA JANE,Aprovado(a),merito_favoravel,"Seguindo esta linha de intelecção, no âmbito desta Comissão de Desenvolvimento Econômico Sustentável, Ciência, Tecnologia, Meio Ambiente e Turismo, manifestamos voto pela APROVAÇÃO, no mérito, do Projeto de Lei nº 1235/2024. É o parecer.",parecer_autor
78250,20895,293686,GAB DEP MAX MACIEL,Aprovado(a),merito_favoravel,"Assim, diante da relevância da matéria, bem como da necessidade e conveniência da medida veiculada pelo projeto, o voto manifesta-se pela aprovação, no âmbito da Comissão de Assuntos Sociais, do projeto de lei n.º 1.235/2024.",parecer_autor
78251,20909,300183,GAB DEP FÁBIO FÉLIX,Aprovado(a),admissivel_com_ressalva,"Nesse sentido, manifestamos voto pela ADMISSIBILIDADE do Projeto de Lei nº 1224/2024, no âmbito da Comissão de Constituição e Justiça, na forma do substitutivo anexo.",parecer_autor
78252,20911,281805,GAB DEP RICARDO VALE,Não apreciado(a),merito_favoravel,"Diante do exposto, voto pela aprovação do Projeto de Lei nº 1.234/2024.",parecer_autor
78253,20919,290413,GAB DEP MARTINS MACHADO,Não apreciado(a),merito_favoravel,"Assim, o voto é pela APROVAÇÃO do Projeto de Lei n° 1228/2024, com acatamento da Emenda aditiva nº 1.",parecer_autor
78254,20921,291376,GAB DEP THIAGO MANZONI,Aprovado(a),merito_favoravel,"Diante do exposto, somos pela APROVAÇÃO, no mérito, do Projeto de Lei nº 1.276/2024, no âmbito da Comissão de Educação e Cultura, na forma do Substitutivo anexo.",parecer_autor
78255,20922,291975,GAB DEP GABRIEL MAGNO,Não apreciado(a),merito_favoravel,"la com a garantia dos direitos de alunos e professores, agregando, ainda, as contribuições trazidas pelos autores das Emendas de 1 a 4. III - CONCLUSÕES Diante do exposto, no âmbito desta Comissão de Educação e Cultura, manifestamos voto pela aprovação, no mérito, do Projeto de Lei nº 1211, de 2024, na forma da Emenda Substitutiva nº 5.",parecer_autor
78256,20925,292398,GAB DEP DAYSE AMARILIO,Não apreciado(a),merito_favoravel,"Diante do exposto, manifestamos voto pela APROVAÇÃO do Projeto de Lei nº 176/2024, no âmbito Comissão de Assuntos Sociais.",parecer_autor
78257,20967,293668,GAB DEP ROBÉRIO NEGREIROS,Aprovado(a),admissivel,"III- CONCLUSÃO Diante de todo o exposto, manifestamo-nos pela admissibilidade do Projeto de Lei nº 1212/24, no âmbito da CCJ com a Emenda Modificativa em anexo.",parecer_autor
78258,20974,291567,GAB DEP MAX MACIEL,Não apreciado(a),sem_clausula,,parecer_autor
78259,20975,290515,GAB DEP MAX MACIEL,Aprovado(a),merito_favoravel,"Pela relevância, conformidade jurídica e potencial transformador, voto pela aprovação do PL 1215/2024, no âmbito da Comissão de Assuntos Sociais.",parecer_autor
78260,20984,290642,GAB DEP MARTINS MACHADO,Não apreciado(a),merito_favoravel,"Assim, o voto é pela APROVAÇÃO do Projeto de Lei n° 1219/2024.",parecer_autor
78261,21037,301153,GAB DEP FÁBIO FÉLIX,Aprovado(a),admissivel,"o PDL nº 165/2024 e o PDL nº 168/2024 estão em conformidade com o limite quantitativo de oito proposituras por sessão legislativa, veiculado pelo § 1º do art. 2º da Resolução nº 334/2023. Pelo exposto, manifestamos voto pela ADMISSIBILIDADE do Projeto de Decreto Legislativo nº 165/2024 e do do Projeto de Decreto Legislativo nº 168/2024, no âmbito da CCJ, com o acatamento da Emenda Substitutiva nº 1 da CAS.",parecer_autor
78262,21090,310733,GAB DEP JOÃO CARDOSO,Aprovado(a),sem_clausula,,parecer_autor
78263,21096,284475,GAB DEP MARTINS MACHADO,Não apreciado(a),merito_favoravel,"Ante tudo quanto exposto, no âmbito desta Comissão, somos favoráveis à APROVAÇÃO do Projeto de Lei n° Lei nº 1225/2024. É o Voto.",parecer_autor
78264,21099,301746,GAB DEP MARTINS MACHADO,Não apreciado(a),sem_clausula,,parecer_autor
78265,21100,292122,GAB DEP PAULA BELMONTE,Não apreciado(a),merito_favoravel,"Diante da relevância do tema e da abrangência das medidas propostas, recomendamos, portanto, o voto pela APROVAÇÃO do Projeto de Lei nº 1.227/2024, quanto ao mérito, no âmbito desta Comissão de Desenvolvimento Econômico Sustentável, Ciência, Tecnologia, Meio Ambiente e Turismo.",parecer_autor
78266,21103,291202,GAB DEP MARTINS MACHADO,Aprovado(a),merito_favoravel,"Assim, o voto é pela APROVAÇÃO do Projeto de Lei n° 1246/2024, com acatamento da emenda n.º 1.",parecer_autor
78267,21111,289186,CEOF,Aprovado(a),admissivel,"Tendo em vista que a proposição observa as exigências formais e materiais do ordenamento jurídico e favorece o desenvolvimento da atuação governamental, voto pela ADMISSIBILIDADE e APROVAÇÃO do Projeto de Lei nº 1.223, de 2024, de autoria do Poder Executivo, no âmbito desta Comissão de Economia, Orçamento e Finanças.",parecer_autor
78268,21111,291766,GAB DEP THIAGO MANZONI,Aprovado(a),admissivel,"III - CONCLUSÕES Diante do exposto, no âmbito desta Comissão de Constituição e Justiça, manifestamos pela ADMISSIBILIDADE do Projeto de Lei nº 1.223, de 2024.",parecer_autor
78269,21121,321282,GAB DEP JOÃO CARDOSO,Não apreciado(a),sem_clausula,,parecer_autor
78270,21121,312577,GAB DEP GABRIEL MAGNO,Não apreciado(a),merito_favoravel,"III - CONCLUÃO Ante o exposto, no âmbito da Comissão de Educação e Cultura, manifestamos voto pela aprovação, no mérito, do Projeto de Lei nº 1231/2024, com a Emenda nº 01.",parecer_autor
78271,21122,281823,GAB DEP RICARDO VALE,Aprovado(a),merito_favoravel,"Por essa razão, voto pela aprovação do Projeto de Lei nº 1.229/2024.",parecer_autor
78272,21122,306275,GAB DEP GABRIEL MAGNO,Não apreciado(a),merito_favoravel,"III - CONCLUSÕES Ante o exposto, no âmbito da Comissão de Educação e Cultura, manifestamos voto pela aprovação, no mérito, do Projeto de Lei nº 1229/2024.",parecer_autor
78273,21124,306131,GAB DEP JAQUELINE SILVA,Não apreciado(a),merito_favoravel,"Por sua relevância social e por sua compatibilidade com o ordenamento jurídico vigente, somos favoráveis ao mérito da proposição.",parecer_autor
78274,21124,320755,GAB DEP JOÃO CARDOSO,Aprovado(a),sem_clausula,,parecer_autor
78275,21155,289491,GAB DEP CHICO VIGILANTE,Aprovado(a),merito_favoravel,"III - CONCLUSÕES Dessa forma, considerando que o projeto atende aos princípios de defesa do consumidor e amplia os direitos dos usuários de serviços de telecomunicações, somos pela aprovação do Projeto de Lei nº 1.236, de 2024, no âmbito desta Comissão.",parecer_autor
78276,21155,291741,GAB DEP ROGÉRIO MORRO DA CRUZ,Não apreciado(a),merito_favoravel,"III - CONCLUSÕES Desta feita, ante tudo quanto exposto, no âmbito desta Comissão, somos favoráveis à APROVAÇÃO do Projeto de Lei nº 1236/2024.",parecer_autor
78277,21173,317838,GAB DEP JOÃO CARDOSO,Não apreciado(a),sem_clausula,,parecer_autor
78278,21173,292311,GAB DEP DAYSE AMARILIO,Aprovado(a),merito_favoravel,"Ante o exposto, no âmbito desta Comissão de Saúde, somos pela aprovação, no mérito, na forma do SUBSTITUTIVO anexo, do Projeto de Lei nº 1.244, de 2024, nesta Comissão de Saúde.",parecer_autor
78279,21233,298572,GAB DEP FÁBIO FÉLIX,Aprovado(a),admissivel,"III - CONCLUSÕES Diante do exposto, manifestamos voto pela ADMISSIBILIDADE do Projeto de Lei nº 1.279/2024, no âmbito da Comissão de Constituição e Justiça, com o acolhimento da emenda modificativa anexa.",parecer_autor
78280,21242,305254,GAB DEP MARTINS MACHADO,Aprovado(a),merito_favoravel,"III – Conclusão Diante do exposto, o voto é pela APROVAÇÃO do Projeto de Lei n° 1248/2024.",parecer_autor
78281,21248,313164,GAB DEP JOÃO CARDOSO,Não apreciado(a),sem_clausula,,parecer_autor
78282,21305,313570,GAB DEP JOÃO CARDOSO,Não apreciado(a),sem_clausula,,parecer_autor
78283,21307,319865,GAB DEP JOÃO CARDOSO,Não apreciado(a),sem_clausula,,parecer_autor
78284,21322,284581,GAB DEP MARTINS MACHADO,Aprovado(a),merito_favoravel,"Pelo exposto, manifestamos voto pela APROVAÇÃO do Projeto de Decreto Legislativo nº 173/2024 no âmbito da Comissão de Assuntos Sociais.",parecer_autor
78285,21322,311287,GAB DEP ROBÉRIO NEGREIROS,Aprovado(a),admissivel,"III - CONCLUSÕES Pelo exposto, manifestamos voto pela ADMISSIBILIDADE do Projeto de Decreto Legislativo nº 173/2024 no âmbito da CCJ.",parecer_autor
78286,21336,321075,GAB DEP GABRIEL MAGNO,Aprovado(a),merito_favoravel,"III - CONCLUSÃO Ante o exposto, no âmbito da Comissão de Saúde, manifestamos voto pela aprovação, no mérito, do Projeto de Lei nº 1.264/2024.",parecer_autor
78287,21339,319455,GAB DEP JOÃO CARDOSO,Não apreciado(a),sem_clausula,,parecer_autor
78288,21346,291383,GAB DEP MARTINS MACHADO,Aprovado(a),merito_favoravel,"Assim, o voto é pela APROVAÇÃO do Projeto de Lei n° 1254/2024.",parecer_autor
78289,21346,307217,GAB DEP GABRIEL MAGNO,Aprovado(a),merito_favoravel,"III - CONCLUSÕES Ante o exposto, no âmbito da Comissão de Saúde, manifestamos voto pela aprovação, no mérito, do Projeto de Lei nº 1254, de 2024.",parecer_autor
78290,21351,289552,GAB DEP JOAQUIM RORIZ NETO,Não apreciado(a),merito_favoravel,"III - CONCLUSÕES Ante o exposto, no âmbito da Comissão de Desenvolvimento Econômico, Sustentável, Ciência, Tecnologia, Meio Ambiente e Turismo, voto pela APROVAÇÃO do Projeto de Lei nº 1.529/2024.",parecer_autor
78291,21470,308645,GAB DEP HERMETO,Aprovado(a),merito_favoravel,"Ante o exposto, manifestamo-nos, no âmbito desta Comissão de Segurança, quanto ao mérito, pela APROVAÇÃO do Projeto de Lei nº 1.265, de 2024, na forma do Substitutivo ora apresentado.",parecer_autor
78292,21470,319996,GAB DEP JOÃO CARDOSO,Não apreciado(a),sem_clausula,,parecer_autor
78293,21488,313177,GAB DEP JOÃO CARDOSO,Não apreciado(a),sem_clausula,,parecer_autor
78294,21499,283004,GAB DEP MARTINS MACHADO,Não apreciado(a),merito_favoravel,"Em vista do exposto, somos pela APROVAÇÃO do Projeto de Lei nº 1268/2024, no âmbito desta Comissão de Transporte e Mobilidade Urbana .",parecer_autor
78295,21502,314755,GAB DEP ROOSEVELT VILELA,Aprovado(a),merito_favoravel,"III - CONCLUSÃO Ante o exposto,somos, no âmbito da Comissão de Segurança, pela aprovação, no mérito, do Projeto de Lei nº 1.311, de 2024, na forma do Substitutivo anexo.",parecer_autor
78296,21502,301576,GAB DEP MAX MACIEL,Aprovado(a),sem_clausula,,parecer_autor
78297,21516,289974,GAB DEP IOLANDO,Aprovado(a),merito_favoravel,"Ante o exposto, votamos, no âmbito desta Comissão de Defesa do Consumidor, pela APROVAÇÃO, no mérito, do Projeto de Lei nº 1.272/2024.",parecer_autor
78298,21516,289164,GAB DEP DOUTORA JANE,Aprovado(a),sem_clausula,,parecer_autor
78299,21516,290538,GAB DEP ROGÉRIO MORRO DA CRUZ,Não apreciado(a),merito_favoravel,"III - CONCLUSÕES Desta feita, ante tudo quanto exposto, no âmbito desta Comissão, somos favoráveis à APROVAÇÃO do Projeto de Lei nº 1272/2024.",parecer_autor
78300,21517,284786,GAB DEP MARTINS MACHADO,Não apreciado(a),merito_favoravel,"Diante do exposto, somos pela APROVAÇÃO do Projeto de Lei 1271/2024 no âmbito desta Comissão.",parecer_autor
78301,21526,284460,GAB DEP MARTINS MACHADO,Aprovado(a),merito_favoravel,"Ante o exposto, no âmbito desta Comissão, somos favoráveis à APROVAÇÃO do Projeto de Lei n° Lei nº 1270/2024. É o Voto.",parecer_autor
78302,21605,291942,GAB DEP MAX MACIEL,Aprovado(a),sem_clausula,,parecer_autor
78303,21644,301575,GAB DEP MAX MACIEL,Não apreciado(a),sem_clausula,,parecer_autor
78304,21645,313159,GAB DEP JOÃO CARDOSO,Aprovado(a),sem_clausula,,parecer_autor
78305,21658,315921,GAB DEP JOÃO CARDOSO,Não apreciado(a),sem_clausula,,parecer_autor
78306,21668,289785,CAF,Aprovado(a),merito_favoravel,"III - CONCLUSÃO Ante às razões apresentadas, somos pela APROVAÇÃO do mérito do Projeto de Lei nº 1285/2024 nesta Comissão de Assuntos Fundiários.",parecer_autor
78307,21675,292843,GAB DEP JORGE VIANNA,Aprovado(a),merito_favoravel,"III - CONCLUSÕES Diante do exposto, somos pela APROVAÇÃO, no mérito, do Projeto de Lei nº 1.286/2024, no âmbito da Comissão de Educação e Cultura.",parecer_autor
78308,21700,314518,GAB DEP JOÃO CARDOSO,Aprovado(a),sem_clausula,,parecer_autor
78309,21700,292243,GAB DEP GABRIEL MAGNO,Aprovado(a),merito_favoravel,"os serviços do Eixão do Lazer, não há circulação de motoristas na via que justifique a manutenção da proibição prevista na Lei nº 2.098/1998. III - CONCLUSÕES Ante o exposto, no âmbito da Comissão de Educação e Cultura, manifestamos voto pela aprovação, no mérito, do Projeto de Lei nº 1289/2024.",parecer_autor
78310,21701,291406,GAB DEP THIAGO MANZONI,Aprovado(a),merito_favoravel,"Diante do exposto, reputamos válida a presente propositura e manifestamos voto pela APROVAÇÃO do Projeto de Lei nº 1.287/2024 no âmbito da CEC, com o acolhimento do Substitutivo anexo.",parecer_autor
78311,21732,317849,GAB DEP JOÃO CARDOSO,Não apreciado(a),sem_clausula,,parecer_autor
78312,21735,292003,GAB DEP MAX MACIEL,Aprovado(a),sem_clausula,,parecer_autor
78313,21735,293617,GAB DEP PAULA BELMONTE,Aprovado(a),merito_favoravel,"Diante da relevância do tema e da abrangência das medidas propostas, recomendamos, portanto, o voto pela APROVAÇÃO do Projeto de Lei nº 1.297/2024, quanto ao mérito, no âmbito desta Comissão de Defesa dos Direitos da Mulher.",parecer_autor
78314,21735,290977,GAB DEP ROGÉRIO MORRO DA CRUZ,Não apreciado(a),merito_favoravel,"III - CONCLUSÕES Diante do exposto, no âmbito desta Comissão de Assuntos Sociais, somos pela APROVAÇÃO, no mérito, do Projeto de Lei nº 1.297/2024.",parecer_autor
78315,21740,292967,GAB DEP ROGÉRIO MORRO DA CRUZ,Não apreciado(a),merito_favoravel,"III - CONCLUSÕES Ante o exposto, no âmbito da Comissão de Assuntos Sociais, manifestamo-nos pela APROVAÇÃO, no mérito, do Projeto de Lei nº 1.310/2024.",parecer_autor
78316,21778,306780,GAB DEP CHICO VIGILANTE,Aprovado(a),admissivel,"III - CONCLUSÕES Pelo exposto, manifestamos voto pela ADMISSIBILIDADE do Projeto de Decreto Legislativo nº 192/2024 no âmbito da CCJ.",parecer_autor
78317,21778,290706,GAB DEP ROGÉRIO MORRO DA CRUZ,Aprovado(a),merito_favoravel,"III - CONCLUSÕES Diante do exposto, somos pela APROVAÇÃO, no mérito, do Projeto de Decreto Legislativo nº 192/2024, no âmbito desta Comissão de Assuntos Sociais.""",parecer_autor
78318,21779,310954,GAB DEP FÁBIO FÉLIX,Aprovado(a),admissivel,"III - CONCLUSÃO Pelo exposto, manifestamos voto pela ADMISSIBILIDADE do Projeto de Decreto Legislativo nº 190/2024 no âmbito da CCJ.",parecer_autor
78319,21779,294478,GAB DEP DAYSE AMARILIO,Não apreciado(a),merito_favoravel,"Diante do exposto, manifestamos voto pela APROVAÇÃO do Projeto de Lei nº 190/2024, no âmbito Comissão de Assuntos Sociais.",parecer_autor
78320,21780,306778,GAB DEP CHICO VIGILANTE,Aprovado(a),admissivel,"III - CONCLUSÕES Pelo exposto, manifestamos voto pela ADMISSIBILIDADE do Projeto de Decreto Legislativo nº 191/2024 no âmbito da CCJ.",parecer_autor
78321,21780,288273,GAB DEP JOÃO CARDOSO,Aprovado(a),sem_clausula,,parecer_autor
78322,21793,319074,GAB DEP JOÃO CARDOSO,Não apreciado(a),sem_clausula,,parecer_autor
78323,21794,288458,GAB DEP RICARDO VALE,Não apreciado(a),merito_favoravel,"Por isso, voto pela APROVAÇÃO do Projeto de Lei nº 1.314/2024.",parecer_autor
78324,21797,283062,GAB DEP JOÃO CARDOSO,Aprovado(a),sem_clausula,,parecer_autor
78325,21800,292395,GAB DEP DAYSE AMARILIO,Não apreciado(a),merito_favoravel,"Diante do exposto, manifestamos voto pela APROVAÇÃO do Projeto de Lei nº 183/2024, no âmbito Comissão de Assuntos Sociais.",parecer_autor
78326,21803,294497,GAB DEP CHICO VIGILANTE,Aprovado(a),admissivel,"III - CONCLUSÕES Pelo exposto, manifestamos voto pela ADMISSIBILIDADE do Projeto de Lei n.º 1.313/2024, no âmbito da Comissão de Constituição e Justiça.",parecer_autor
78327,21803,290222,GAB DEP JORGE VIANNA,Aprovado(a),admissivel,"Assim, no âmbito da CEOF, vota-se pela admissibilidade do PL nº 1.313/2024, conforme o art. 65, I, do RICLDF.",parecer_autor
78328,21845,313002,GAB DEP JOÃO CARDOSO,Não apreciado(a),sem_clausula,,parecer_autor
78329,21853,292096,GAB DEP THIAGO MANZONI,Aprovado(a),admissivel,"Pelo exposto, manifestamos voto pela ADMISSIBILIDADE do Projeto de Decreto Legislativo nº 194/2024 no âmbito da CCJ.",parecer_autor
78330,21900,304994,GAB DEP DOUTORA JANE,Não apreciado(a),merito_favoravel,"III - CONCLUSÕES Diante do exposto, o voto é pela APROVAÇÃO do Projeto de Lei nº 1.785/2025, de autoria do Deputado Iolando, no âmbito da Comissão de Desenvolvimento Econômico Sustentável, Ciência, Tecnologia, Meio Ambiente e Turismo – CDESCTMAT.",parecer_autor
78331,21919,288313,GAB DEP FÁBIO FÉLIX,Aprovado(a),merito_favoravel,"Considerando a relevância da proposta e o impacto positivo que sua implementação poderá trazer para famílias em situação de vulnerabilidade, manifestamo-nos pela aprovação do Projeto de Lei nº 1.358/2024 no âmbito da Comissão de Defesa dos Direitos Humanos, Cidadania e Legislação Participativa.",parecer_autor
78332,21919,317554,GAB DEP ROGÉRIO MORRO DA CRUZ,Não apreciado(a),merito_favoravel,"III - CONCLUSÃO Ante o exposto, manifestamo-nos, no âmbito da Comissão de Assuntos Sociais, pela APROVAÇÃO, no mérito, do Projeto de Lei nº 1.358, de 2024, de autoria do Deputado Joaquim Roriz Neto, que ""Dispõe sobre o plano de ações para a realocação de famílias removidas compulsoriamente de ocupações coletivas a fim de preservar os direitos de crianças e adolesc",parecer_autor
78333,21925,290185,GAB DEP DAYSE AMARILIO,Não apreciado(a),merito_favoravel,"Sob os critérios desta Comissão de Assuntos Sociais, somos, pela APROVAÇÃO do Projeto de Decreto Legislativo nº 188/2024, de autoria do nobre deputado WELLINGTON LUIZ, por tratar-se de justa e honrosa homenagem a um ilustre cidadão com relevantes serviços prestados ao Distrito Federal.",parecer_autor
78334,21975,290415,GAB DEP MARTINS MACHADO,Não apreciado(a),merito_favoravel,"Assim, o voto é pela APROVAÇÃO do Projeto de Lei n° 1328/2024.",parecer_autor
78335,21976,291205,GAB DEP MARTINS MACHADO,Não apreciado(a),merito_favoravel,"Assim, o voto é pela APROVAÇÃO do Projeto de Lei n° 1319/2024.",parecer_autor
78336,21980,307666,GAB DEP GABRIEL MAGNO,Não apreciado(a),merito_contrario,"III - CONCLUSÕES Ante o exposto, no âmbito da Comissão de Educação e Cultura, manifestamos votos pela rejeição, no mérito, do Projeto de Lei nº 1327/2024.",parecer_autor
78337,22009,305153,GAB DEP MARTINS MACHADO,Aprovado(a),merito_favoravel,"III - Conclusão Diante do exposto, o voto é pela APROVAÇÃO do Projeto de Lei n° 1322/2024.",parecer_autor
78338,22009,284213,GAB DEP ROGÉRIO MORRO DA CRUZ,Aprovado(a),sem_clausula,,parecer_autor
78339,22017,291888,GAB DEP JAQUELINE SILVA,Não apreciado(a),admissivel,"Assim, no âmbito da CEOF, vota-se pela admissibilidade do PLC nº 59/2024, conforme o art. 65, I e III, “c”, do RICLDF.",parecer_autor
78340,22028,305152,GAB DEP MARTINS MACHADO,Não apreciado(a),merito_favoravel,"por tratar-se de iniciativa que visa garantir direitos sociais essenciais, promover a saúde pública e o bem-estar animal, alinhando-se aos princípios constitucionais e às necessidades da população do Distrito Federal, o voto é pela APROVAÇÃO dos Projetos de Lei nº 1.324, de 2024, e nº 1.380, de 2024, na forma do Substitutivo aprovado na Comissão de Desenvolvimento Econômico Sustentável, Ciência, Tecnologia, Meio Ambiente e Turismo.",parecer_autor
78341,22082,309186,GAB DEP CHICO VIGILANTE,Não apreciado(a),admissivel_com_ressalva,"III - CONCLUSÕES Diante do exposto, manifestamos voto pela ADMISSIBILIDADE do Projeto de Lei nº 1.334/2024 no âmbito da Comissão de Constituição e Justiça, na forma do substitutivo aprovado na Comissão de Educação e Cultura - CEC.",parecer_autor
78342,22082,291696,GAB DEP THIAGO MANZONI,Aprovado(a),merito_favoravel,"Diante do exposto, manifestamos voto pela APROVAÇÃO do Projeto de Lei nº 1334/2024 no âmbito da CEC, na forma do substitutivo anexo.",parecer_autor
78343,22119,313874,GAB DEP JAQUELINE SILVA,Aprovado(a),admissivel,"Assim, no âmbito da CEOF, vota-se pela admissibilidade do PL nº 1.336/2024, conforme o art. 65, I, do RICLDF.",parecer_autor
78344,22119,310939,GAB DEP ROBÉRIO NEGREIROS,Aprovado(a),admissivel,"III – CONCLUSÃO Diante do exposto, no âmbito desta Comissão de Constituição e Justiça, votamos pela ADMISSIBILIDADE do Projeto de Lei nº 1.336, de 2024.",parecer_autor
78345,22119,289423,GAB DEP JOAQUIM RORIZ NETO,Aprovado(a),merito_favoravel,"III - CONCLUSÕES Ante o exposto, no âmbito da Comissão de Desenvolvimento Econômico, Sustentável, Ciência, Tecnologia, Meio Ambiente e Turismo, voto pela APROVAÇÃO do Projeto de Lei nº 1.336/2024.",parecer_autor
78346,22152,288728,GAB DEP RICARDO VALE,Aprovado(a),merito_favoravel,"Por isso, voto pela APROVAÇÃO do Projeto de Lei nº 1.351/2024.",parecer_autor
78347,22154,283579,GAB DEP JOÃO CARDOSO,Não apreciado(a),sem_clausula,,parecer_autor
78348,22164,291978,GAB DEP PR DANIEL DE CASTRO,Não apreciado(a),sem_clausula,,parecer_autor
78349,22170,312596,GAB DEP JOÃO CARDOSO,Não apreciado(a),sem_clausula,,parecer_autor
78350,22174,288744,GAB DEP RICARDO VALE,Não apreciado(a),merito_favoravel,"Por isso, voto pela APROVAÇÃO do Projeto de Lei nº 1.341/2024.",parecer_autor
78351,22174,317202,GAB DEP ROGÉRIO MORRO DA CRUZ,Aprovado(a),sem_clausula,,parecer_autor
78352,22181,284591,GAB DEP MARTINS MACHADO,Não apreciado(a),merito_favoravel,"Pelo exposto, manifestamos voto pela APROVAÇÃO do Projeto de Decreto Legislativo nº 217/2024 no âmbito da Comissão de Assuntos Sociais.",parecer_autor
78353,22183,291990,GAB DEP GABRIEL MAGNO,Não apreciado(a),merito_favoravel,"III - CONCLUSÕES Ante o exposto, no âmbito da Comissão de Educação e Cultura, manifestamos voto pela aprovação, no mérito, do Projeto de Lei nº 1.348, de 2024, com a Emenda nº 1.",parecer_autor
78354,22189,293852,GAB DEP FÁBIO FÉLIX,Não apreciado(a),admissivel,"Diante do exposto, manifestamos voto pela ADMISSIBILIDADE do Projeto de Lei nº 1.344/2024, no âmbito da Comissão de Constituição e Justiça, com a aprovação da subemenda supressiva anexa.",parecer_autor
78355,22198,305431,GAB DEP PR DANIEL DE CASTRO,Aprovado(a),sem_clausula,,parecer_autor
78356,22198,284089,GAB DEP ROGÉRIO MORRO DA CRUZ,Aprovado(a),merito_favoravel,"III - CONCLUSÕES Diante do exposto, no âmbito desta Comissão, somos favoráveis à APROVAÇÃO do Projeto de Lei n.º 1345/2024.",parecer_autor
78357,22201,294318,GAB DEP MARTINS MACHADO,Não apreciado(a),merito_favoravel,"Pelo exposto, manifestamos voto pela APROVAÇÃO do Projeto de Decreto Legislativo nº 218/2024 no âmbito da Comissão de Assuntos Sociais.",parecer_autor
78358,22204,292004,GAB DEP MAX MACIEL,Aprovado(a),sem_clausula,,parecer_autor
78359,22210,291398,GAB DEP MARTINS MACHADO,Aprovado(a),merito_favoravel,"Assim, o voto é pela APROVAÇÃO do Projeto de Lei n° 1349/2024.",parecer_autor
78360,22210,281802,GAB DEP RICARDO VALE,Não apreciado(a),merito_favoravel,"Por esses motivos, voto pela aprovação do Projeto de Lei nº 1.349/2024.",parecer_autor
78361,22218,321950,CEOF,Aprovado(a),admissivel_com_ressalva,"III - CONCLUSÃO Dessa forma, tendo em vista que a proposição observa as exigências formais e materiais do ordenamento jurídico e favorece a execução de políticas públicas relevantes, voto pela ADMISSIBILIDADE e APROVAÇÃO do Projeto de Decreto Legislativo referente ao Processo nº 25/2025, de autoria do Poder Executivo, no âmbito desta Comissão de Economia, Orçamento e Finanças, na forma do projeto de decreto legislativo anxo.",parecer_autor
78362,22224,298354,GAB DEP ROGÉRIO MORRO DA CRUZ,Aprovado(a),merito_favoravel,"III - CONCLUSÕES Ante o exposto, no âmbito desta Comissão de Assuntos Sociais, manifestamos voto pela APROVAÇÃO, no mérito, do Projeto de Decreto Legislativo nº 206, de 2024.",parecer_autor
78363,22227,290175,GAB DEP MARTINS MACHADO,Aprovado(a),merito_favoravel,"Pelo exposto, no âmbito desta Comissão de Transporte e Mobilidade Urbana, votamos pela APROVAÇÃO, no mérito, do Projeto de Lei nº 1361/2024.",parecer_autor
78364,22244,288740,GAB DEP RICARDO VALE,Aprovado(a),merito_favoravel,"Por isso, voto pela APROVAÇÃO do Projeto de Lei nº 1.360/2024.",parecer_autor
78365,22246,288731,GAB DEP GABRIEL MAGNO,Aprovado(a),merito_favoravel,"III - CONCLUSÕES Ante o exposto, manifestamos voto pela APROVAÇÃO, no mérito, do Projeto de Lei nº 1362/2024, no âmbito da Comissão de Educação e Cultura.",parecer_autor
78366,22248,291330,GAB DEP THIAGO MANZONI,Aprovado(a),admissivel,"Ante o exposto, vota-se, no âmbito da CCJ, pela ADMISSIBILIDADE do PL nº 1363/2024, nos termos do art. 63, I, do RICLDF.",parecer_autor
78367,22271,281814,GAB DEP RICARDO VALE,Aprovado(a),merito_favoravel,"Por essas razões, voto pela APROVAÇÃO do Projeto de Lei nº 1.368/2024, com a emenda anexa.",parecer_autor
78368,22272,291189,GAB DEP MARTINS MACHADO,Aprovado(a),merito_favoravel,"Assim, o voto é pela APROVAÇÃO do Projeto de Lei n° 1369/2024.",parecer_autor
78369,22277,291767,GAB DEP THIAGO MANZONI,Aprovado(a),admissivel,"Em razão do exposto, manifesta-se voto pela ADMISSIBILIDADE do Projeto de Decreto Legislativo nº 209, de 2024, que homologa os convênios ICMS nº 132/21, nº 101/2023 e nº 146/2023, no âmbito desta Comissão de Constituição e Justiça.",parecer_autor
78370,22279,294781,GAB DEP THIAGO MANZONI,Aprovado(a),merito_favoravel,"Diante do exposto, manifestamos voto pela APROVAÇÃO do Projeto de Lei nº 1.364/2024, no âmbito da Comissão de Educação e Cultura, com a aprovação da emenda modificativa anexa.",parecer_autor
78371,22281,285333,GAB DEP JOÃO CARDOSO,Não apreciado(a),sem_clausula,,parecer_autor
78372,22297,319311,GAB DEP JOÃO CARDOSO,Não apreciado(a),sem_clausula,,parecer_autor
78373,22297,290117,GAB DEP ROOSEVELT VILELA,Aprovado(a),merito_favoravel,"III - CONCLUSÕES Diante do exposto, manifestamo-nos pela aprovação do Projeto de Lei nº 1366/2024, no âmbito desta Comissão de Segurança, na forma da Emenda Substitutiva nº 1.",parecer_autor
78374,22314,284214,GAB DEP ROGÉRIO MORRO DA CRUZ,Aprovado(a),merito_favoravel,"III - CONCLUSÕES Diante de tudo quanto exposto, no âmbito desta Comissão, somos favoráveis à APROVAÇÃO do Projeto de Lei nº 1371/2024, que dispõe sobre a criação do Programa QUERO GESTAR – Preservação de fertilidade em pessoas em tratamento oncológico.",parecer_autor
78375,22332,291182,GAB DEP GABRIEL MAGNO,Não apreciado(a),merito_favoravel,"III - CONCLUSÕES Diante do exposto, reconhecida a relevância histórica e humanitária do tema, no âmbito da Comissão de Educação e Cultura, manifestamos voto pela APROVAÇÃO, no mérito, do Projeto de Lei nº 1373/2024.",parecer_autor
78376,22346,295554,GAB DEP THIAGO MANZONI,Aprovado(a),merito_favoravel,"Diante do exposto, somos pela APROVAÇÃO, no mérito, do Projeto de Lei nº 1.382/2024, no âmbito da Comissão de Educação e Cultura, com o acolhimento da emenda supressiva anexa.",parecer_autor
78377,22388,313169,GAB DEP JOÃO CARDOSO,Não apreciado(a),sem_clausula,,parecer_autor
78378,22403,311987,GAB DEP GABRIEL MAGNO,Não apreciado(a),merito_favoravel,"III - CONCLUSÕES Diante do exposto, no âmbito da Comissão de Educação e Cultura, manifestamos voto pela aprovação, no mérito, do Projeto de Lei nº 1.377/2024, tão somente com o acatamento da Emenda nº 3, tendo em vista o cancelamento das Emendas nº 1 e 2.",parecer_autor
78379,22451,284536,GAB DEP JOÃO CARDOSO,Não apreciado(a),sem_clausula,,parecer_autor
78380,22454,283001,GAB DEP MARTINS MACHADO,Aprovado(a),merito_favoravel,"Pelo exposto, manifestamos voto pela APROVAÇÃO do Projeto de Decreto Legislativo nº 215/2024 no âmbito da Comissão de Assuntos Sociais.",parecer_autor
78381,22498,288727,GAB DEP RICARDO VALE,Aprovado(a),merito_favoravel,"Por isso, voto pela APROVAÇÃO do Projeto de Lei nº 1.401/2024.",parecer_autor
78382,22499,306787,GAB DEP ROGÉRIO MORRO DA CRUZ,Não apreciado(a),merito_favoravel,"III - CONCLUSÕES Diante do exposto, no âmbito desta Comissão, somos favoráveis à APROVAÇÃO do Projeto de Lei nº 1391/2024, na forma do Substitutivo (emenda nº 1).",parecer_autor
78383,22500,289518,GAB DEP GABRIEL MAGNO,Não apreciado(a),merito_favoravel,"III - CONCLUSÃO Ante o exposto, no âmbito da Comissão de Educação e Cultura, manifestamos voto pela aprovação, no mérito, do Projeto de Lei nº 1.392/2024.",parecer_autor
78384,22501,294485,GAB DEP CHICO VIGILANTE,Não apreciado(a),admissivel,"III - CONCLUSÕES Diante do exposto, manifestamos voto pela ADMISSIBILIDADE do Projeto de Lei nº 1.390/2024, no âmbito da Comissão de Constituição e Justiça.",parecer_autor
78385,22501,281804,GAB DEP RICARDO VALE,Aprovado(a),merito_favoravel,"Por essas razões, voto pela aprovação do Projeto de Lei nº 1.390/2024.",parecer_autor
78386,22516,290656,GAB DEP MARTINS MACHADO,Não apreciado(a),merito_favoravel,"Assim, o voto é pela APROVAÇÃO do Projeto de Lei n° 1389/2024.",parecer_autor
78387,22548,308579,GAB DEP MAX MACIEL,Aprovado(a),merito_favoravel,"Assim, diante da relevância da matéria, bem como da necessidade e conveniência da medida veiculada pelo projeto, o voto manifesta-se pela aprovação, no âmbito da Comissão de Transporte e Mobilidade Urbana, do projeto de lei n.º 1.398/2024, na forma da emenda aditiva anexa.",parecer_autor
78388,22579,307224,GAB DEP FÁBIO FÉLIX,Não apreciado(a),admissivel_com_ressalva,"III - CONCLUSÃO Diante do exposto, manifestamos voto pela ADMISSIBILIDADE do Projeto de Lei nº 1.430/2024, no âmbito da Comissão de Constituição e Justiça, na forma do substitutivo anexo.",parecer_autor
78389,22579,293739,GAB DEP RICARDO VALE,Aprovado(a),merito_favoravel,"Voto, então, pela APROVAÇÃO do Projeto de Lei nº 1.430, de 2024.",parecer_autor
78390,22600,319000,GAB DEP FÁBIO FÉLIX,Aprovado(a),admissivel,"III - CONCLUSÃO Diante do exposto, manifestamos voto pela ADMISSIBILIDADE do Projeto de Lei nº 1.403/2024, no âmbito da Comissão de Constituição e Justiça.",parecer_autor
78391,22600,288725,GAB DEP GABRIEL MAGNO,Aprovado(a),merito_favoravel,"III - CONCLUSÕES Ante o exposto, manifestamos voto pela APROVAÇÃO, no mérito, do Projeto de Lei nº 1403/2024, no âmbito da Comissão de Educação e Cultura.",parecer_autor
78392,149705,284774,GAB DEP JOÃO CARDOSO,Aprovado(a),sem_clausula,,parecer_autor
78393,149711,291318,GAB DEP ROGÉRIO MORRO DA CRUZ,Não apreciado(a),merito_favoravel,"III - CONCLUSÕES Diante do exposto, nos manifestamos, no mérito, pela APROVAÇÃO do Projeto de Lei nº 1.411, de 2024, no âmbito desta Comissão de Assuntos Sociais.",parecer_autor
78394,149764,293843,GAB DEP MARTINS MACHADO,Aprovado(a),merito_favoravel,"Assim, o voto é pela APROVAÇÃO do Projeto de Lei n° 1420/2024.",parecer_autor
78395,149764,316851,GAB DEP GABRIEL MAGNO,Não apreciado(a),merito_favoravel,"III - CONCLUSÃO Diante do exposto, no âmbito da Comissão de Educação e Cultura, manifestamos voto pela aprovação, no mérito, do Projeto de Lei nº 1.420/2024.",parecer_autor
78396,149790,291197,GAB DEP MARTINS MACHADO,Aprovado(a),merito_favoravel,"Assim, o voto é pela APROVAÇÃO do Projeto de Lei n° 1414/2024.",parecer_autor
78397,149835,291870,GAB DEP ROBÉRIO NEGREIROS,Não apreciado(a),merito_contrario,"Em face do exposto, manifestamos voto pela REJEIÇÃO E INADMISSIBILIDADE do Projeto de Decreto Legislativo n.º 220/2024.",parecer_autor
78398,149836,320854,GAB DEP JOÃO CARDOSO,Não apreciado(a),merito_favoravel,"III - CONCLUSÃO Diante das considerações expostas, voto pela APROVAÇÃO, no mérito, do Projeto de Lei n° 1.417, de 2024, com as emendas da Comissão de Saúde - CSA, por entender que a proposição atende aos critérios de relevância social, necessidade, oportunidade e conveniência, aprimorando os mecanismos de controle externo e cont",parecer_autor
78399,149836,291841,GAB DEP DAYSE AMARILIO,Aprovado(a),merito_favoravel,"Ante o exposto, no âmbito desta Comissão de Saúde, somos pela APROVAÇÃO, no mérito, do Projeto de Lei nº 1.417, de 2024, na forma das 4 Emendas anexas: 3 Emendas Modificativas e 1 Emenda Aditiva.",parecer_autor
78400,149844,294976,GAB DEP FÁBIO FÉLIX,Aprovado(a),merito_favoravel,"Do exposto, vota-se, no âmbito da CTMU, pela APROVAÇÃO do PL nº 1.421, de 2024, com a Emenda Aditiva nº 1-CTMU, a Emenda Aditiva nº 2-CTMU e a Emenda Modificativa nº 3-CTMU, nos termos do art. 74, incisos I, III e IV, do RICLDF.",parecer_autor
78401,149844,316909,GAB DEP DAYSE AMARILIO,Aprovado(a),sem_clausula,,parecer_autor
78402,149869,292813,GAB DEP MARTINS MACHADO,Aprovado(a),merito_favoravel,"Portanto, votamos, no mérito, pela aprovação do Projeto de Lei n.º 1423, de 2024.",parecer_autor
78403,149935,291570,GAB DEP MAX MACIEL,Aprovado(a),sem_clausula,,parecer_autor
78404,149999,295827,GAB DEP DAYSE AMARILIO,Não apreciado(a),merito_favoravel,"III - CONCLUSÕES Ante o exposto, no âmbito desta Comissão de Saúde, somos pela aprovação no mérito, do Projeto de Decreto Legislativo nº 227, de 2024.",parecer_autor
78405,150012,308449,GAB DEP JOÃO CARDOSO,Não apreciado(a),sem_clausula,,parecer_autor
78406,150018,323494,GAB DEP JOÃO CARDOSO,Não apreciado(a),sem_clausula,,parecer_autor
78407,150018,300794,GAB DEP MARTINS MACHADO,Aprovado(a),merito_favoravel,"Assim, o voto é pela APROVAÇÃO do Projeto de Lei n° 1437/2024.",parecer_autor
78408,150038,282995,GAB DEP MARTINS MACHADO,Aprovado(a),merito_favoravel,"Pelo exposto, manifestamos voto pela APROVAÇÃO do Projeto de Decreto Legislativo nº 225/2024 no âmbito da Comissão de Assuntos Sociais.",parecer_autor
78409,150040,282997,GAB DEP MARTINS MACHADO,Não apreciado(a),merito_favoravel,"Pelo exposto, manifestamos voto pela APROVAÇÃO do Projeto de Decreto Legislativo nº 226/2024 no âmbito da Comissão de Assuntos Sociais.",parecer_autor
78410,150041,290420,GAB DEP MARTINS MACHADO,Não apreciado(a),merito_favoravel,"Assim, o voto é pela APROVAÇÃO do Projeto de Lei n° 1452/2024.",parecer_autor
78411,150062,311167,GAB DEP GABRIEL MAGNO,Não apreciado(a),merito_favoravel,"III - CONCLUSÕES Ante o exposto, no âmbito da Comissão de Saúde, manifestamos voto pela aprovação, no mérito, do Projeto de Lei nº 1478/2024.",parecer_autor
78412,150063,281816,GAB DEP RICARDO VALE,Aprovado(a),merito_favoravel,"Por essas razões, voto pela APROVAÇÃO do Projeto de Lei nº 1.450/2024, com a emenda anexa.",parecer_autor
78413,150065,290176,GAB DEP FÁBIO FÉLIX,Aprovado(a),sem_clausula,,parecer_autor
78414,150065,311983,GAB DEP DAYSE AMARILIO,Não apreciado(a),merito_favoravel,"III - CONCLUSÃO Diante do exposto, no âmbito da Comissão de Assuntos Sociais – CAS, somos pela aprovação, no mérito, do Projeto de Lei nº 1462, de 2024, de autoria do Deputado Max Maciel.",parecer_autor
78415,150082,284410,GAB DEP PAULA BELMONTE,Não apreciado(a),merito_favoravel,"Diante da relevância do tema e da abrangência das medidas propostas, recomendamos, portanto, o voto pela APROVAÇÃO do Projeto de Lei nº 1.451/2024, quanto ao mérito, no âmbito desta Comissão de Desenvolvimento Econômico Sustentável, Ciência, Tecnologia, Meio Ambiente e Turismo.",parecer_autor
78416,150100,295386,GAB DEP PR DANIEL DE CASTRO,Não apreciado(a),merito_favoravel,"III - CONCLUSÕES Pelo exposto, somos pela APROVAÇÃO do Projeto de Lei nº. 1463/2024, no âmbito desta Comissão de Assuntos Sociais.",parecer_autor
78417,150175,292953,GAB DEP ROGÉRIO MORRO DA CRUZ,Aprovado(a),sem_clausula,,parecer_autor
78418,150176,286823,GAB DEP JOÃO CARDOSO,Aprovado(a),sem_clausula,,parecer_autor
78419,150176,294510,GAB DEP ROBÉRIO NEGREIROS,Aprovado(a),admissivel,"III - CONCLUSÃO Pelo exposto, manifestamos voto pela ADMISSIBILIDADE do Projeto de Decreto Legislativo nº 240/2024 no âmbito da CCJ.",parecer_autor
78420,150181,289770,GAB DEP RICARDO VALE,Aprovado(a),merito_favoravel,"Por essas razões, voto pela APROVAÇÃO do Projeto de Lei nº 1.468/2024, com a emenda anexa.",parecer_autor
78421,150189,288305,GAB DEP JOÃO CARDOSO,Não apreciado(a),sem_clausula,,parecer_autor
78422,150189,310341,GAB DEP ROBÉRIO NEGREIROS,Não apreciado(a),admissivel,"III - CONCLUSÕES Ante o exposto, VOTO PELA ADMISSIBILIDADE do Projeto de Decreto Legislativo nº 231/2024, por não apresentar óbices de natureza constitucional, legal ou regimental.",parecer_autor
78423,150202,285561,GAB DEP JOÃO CARDOSO,Não apreciado(a),sem_clausula,,parecer_autor
78424,150202,312071,GAB DEP ROBÉRIO NEGREIROS,Aprovado(a),admissivel,"III - CONCLUSÕES Assim, VOTO pela ADMISSIBILIDADE do Projeto de Decreto Legislativo nº 233/2024, recomendando sua tramitação às demais comissões competentes e posterior apreciação pelo Plenário desta Casa Legislativa.",parecer_autor
78425,150207,287262,GAB DEP JOÃO CARDOSO,Aprovado(a),sem_clausula,,parecer_autor
78426,150248,284564,GAB DEP MARTINS MACHADO,Não apreciado(a),merito_favoravel,"Pelo exposto, manifestamos voto pela APROVAÇÃO do Projeto de Decreto Legislativo nº 236/2024 no âmbito da Comissão de Assuntos Sociais.",parecer_autor
78427,150281,313773,GAB DEP PR DANIEL DE CASTRO,Aprovado(a),merito_favoravel,"III - CONCLUÃO Diante do exposto, voto pela APROVAÇÃO do Projeto de Lei nº 1469/2024, por entender que a matéria é conveniente e oportuna, representando avanço significativo na promoção da inclusão, da dignidade e da garantia de direitos das pessoas com Transtorno do Espectro Autista no Distrito Federal.",parecer_autor
78428,150285,301944,GAB DEP IOLANDO,Aprovado(a),admissivel,"III – CONCLUSÃO Diante do exposto, no âmbito desta Comissão de Constituição e Justiça, manifestamos voto pela ADMISSIBILIDADE do Projeto de Lei nº 1.466, de 2024.",parecer_autor
78429,150285,289441,CAF,Aprovado(a),merito_favoravel,"Assim sendo, manifestamos nosso voto pela APROVAÇÃO, NO MÉRITO do Projeto de Lei nº 1.466, de 2024, no âmbito desta Comissão de Assuntos Fundiários – CAF.",parecer_autor
78430,150287,292959,GAB DEP ROGÉRIO MORRO DA CRUZ,Não apreciado(a),sem_clausula,,parecer_autor
78431,150290,293743,GAB DEP RICARDO VALE,Aprovado(a),merito_favoravel,"Por isso, voto pela APROVAÇÃO do Projeto de Lei nº 1.470, de 2024.",parecer_autor
78432,150301,295831,GAB DEP DAYSE AMARILIO,Não apreciado(a),merito_favoravel,"III - CONCLUSÕES Ante o exposto, no âmbito desta Comissão de Assuntos Sociais, somos pela aprovação no mérito, do Projeto de Decreto Legislativo nº 237, de 2024. DEPUTADA Dayse AMARILIO Relatora",parecer_autor
78433,150304,299092,GAB DEP DAYSE AMARILIO,Não apreciado(a),merito_favoravel,"III - CONCLUSÕES Ante o exposto, no âmbito desta Comissão de Assuntos Sociais, manifestamos voto pela APROVAÇÃO, no mérito, do Projeto de Decreto Legislativo nº 241, de 2024.",parecer_autor
78434,150314,307226,GAB DEP FÁBIO FÉLIX,Aprovado(a),admissivel_com_ressalva,"III - CONCLUSÃO Diante do exposto, manifestamos voto pela ADMISSIBILIDADE do Projeto de Lei nº 1.473/2024, no âmbito da Comissão de Constituição e Justiça, na forma do substitutivo anexo.",parecer_autor
78435,150314,293752,GAB DEP RICARDO VALE,Aprovado(a),merito_favoravel,"Por isso, voto pela APROVAÇÃO do Projeto de Lei nº 1.473, de 2024.",parecer_autor
78436,150323,285678,GAB DEP DOUTORA JANE,Aprovado(a),merito_favoravel,"Seguindo esta linha de intelecção, no âmbito desta Comissão de Defesa dos Direitos da Mulher – CDDM, manifestamos voto pela APROVAÇÃO, no mérito, do Projeto de Lei nº 1474/2024. É o parecer.",parecer_autor
78437,150342,305255,GAB DEP MARTINS MACHADO,Não apreciado(a),merito_favoravel,"banas é um elemento essencial para garantir segurança, autonomia e inclusão social a mulheres, idosos e outros grupos vulneráveis, fortalecendo o direito à mobilidade segura e digna no espaço urbano Diante do exposto, o voto é pela APROVAÇÃO do Projeto de Lei n° 1477/2024.",parecer_autor
78438,150342,293959,GAB DEP PEPA,Aprovado(a),merito_favoravel,"Dessa forma, o voto do relator é pela APROVAÇÃO NO MÉRITO do Projeto de Lei n.º 1477/2024, por entender que a iniciativa trará benefícios concretos para a população do Distrito Federal, garantindo maior segurança e qualidade de vida aos pedestres.",parecer_autor
78439,150342,289605,GAB DEP ROGÉRIO MORRO DA CRUZ,Aprovado(a),merito_favoravel,"III - CONCLUSÕES Desta feita, ante tudo quanto exposto, no âmbito desta Comissão, somos favoráveis à APROVAÇÃO do Projeto de Lei nº 1477/2024, que dispõe sobre o direito do pedestre à iluminação pública em abrigos e paradas de ônibus, passarelas e passagens subterrâneas no Distrito Federal.",parecer_autor
78440,150354,284607,GAB DEP MARTINS MACHADO,Aprovado(a),merito_favoravel,"Pelo exposto, manifestamos voto pela APROVAÇÃO do Projeto de Decreto Legislativo nº 243/2024 no âmbito da Comissão de Assuntos Sociais.",parecer_autor
78441,150369,289678,GAB DEP DOUTORA JANE,Não apreciado(a),merito_favoravel,"Seguindo esta linha de intelecção, no âmbito desta Comissão de Desenvolvimento Econômico Sustentável, Ciência, Tecnologia, Meio Ambiente e Turismo, manifestamos voto pela APROVAÇÃO, no mérito, do Projeto de Lei nº 1475/2024. É o parecer.",parecer_autor
78442,150369,302459,GAB DEP MAX MACIEL,Aprovado(a),merito_favoravel,"Diante do exposto, o voto é pela aprovação do Projeto de Lei nº 1.475/2024, com as Emendas Modificativa nº 1 e Aditiva nº 2, no âmbito da Comissão de Assuntos Sociais.",parecer_autor
78443,150462,285388,GAB DEP JOÃO CARDOSO,Aprovado(a),sem_clausula,,parecer_autor
78444,150475,314497,GAB DEP JOÃO CARDOSO,Aprovado(a),sem_clausula,,parecer_autor
78445,150484,318374,GAB DEP JOÃO CARDOSO,Não apreciado(a),sem_clausula,,parecer_autor
78446,150495,290182,GAB DEP MARTINS MACHADO,Aprovado(a),merito_favoravel,"Assim, o voto é pela APROVAÇÃO do Projeto de Lei n° 1487/2024.",parecer_autor
78447,150495,295148,GAB DEP RICARDO VALE,Não apreciado(a),merito_favoravel,"Por isso, voto pela APROVAÇÃO do Projeto de Lei nº 1.487/2024.",parecer_autor
78448,150516,291475,GAB DEP MARTINS MACHADO,Não apreciado(a),merito_favoravel,"Assim, o voto é pela APROVAÇÃO do Projeto de Lei n° 1490/2024.",parecer_autor
78449,150516,284450,GAB DEP PAULA BELMONTE,Não apreciado(a),merito_favoravel,"Diante da relevância do tema e da abrangência das medidas propostas, recomendamos, portanto, o voto pela APROVAÇÃO do Projeto de Lei nº 1.490/2024, quanto ao mérito, no âmbito desta Comissão de Desenvolvimento Econômico Sustentável, Ciência, Tecnologia, Meio Ambiente e Turismo.",parecer_autor
78450,150533,291322,GAB DEP ROGÉRIO MORRO DA CRUZ,Não apreciado(a),merito_favoravel,"III - CONCLUSÕES Diante do exposto, no âmbito da Comissão de Assuntos Sociais, voto pela APROVAÇÃO, no mérito, do Projeto de Lei Complementar nº 62/2025.",parecer_autor
78451,150546,317216,GAB DEP ROGÉRIO MORRO DA CRUZ,Não apreciado(a),sem_clausula,,parecer_autor
78452,150556,284538,GAB DEP MARTINS MACHADO,Aprovado(a),merito_favoravel,"Pelo exposto, manifestamos voto pela APROVAÇÃO do Projeto de Decreto Legislativo nº 248/2025 no âmbito da Comissão de Assuntos Sociais.",parecer_autor
78453,150578,287180,GAB DEP JOÃO CARDOSO,Não apreciado(a),sem_clausula,,parecer_autor
78454,150579,319746,GAB DEP JOÃO CARDOSO,Não apreciado(a),sem_clausula,,parecer_autor
78455,150599,284552,GAB DEP MARTINS MACHADO,Aprovado(a),merito_favoravel,"Pelo exposto, manifestamos voto pela APROVAÇÃO do Projeto de Decreto Legislativo nº 249/2025 no âmbito da Comissão de Assuntos Sociais.",parecer_autor
78456,150601,291005,GAB DEP ROGÉRIO MORRO DA CRUZ,Não apreciado(a),merito_favoravel,"III - CONCLUSÕES Ante tudo quanto exposto, no âmbito desta Comissão, somos favoráveis à APROVAÇÃO do Projeto de Lei nº 1500/2025.",parecer_autor
78457,150602,301037,GAB DEP GABRIEL MAGNO,Aprovado(a),merito_favoravel,"III - CONCLUSÕES Ante o exposto, no âmbito da Comissão de Educação e Cultura, manifestamos voto pela aprovação, no mérito, do Projeto de Lei nº 1501/2025.",parecer_autor
78458,150603,301855,GAB DEP ROBÉRIO NEGREIROS,Aprovado(a),merito_contrario,"vista disso, não se verifica ato que exorbite o poder regulamentar na Instrução Normativa nº 01/2024 que fundamentaria a aprovação do Projeto de Decreto Legislativa nº 250/2025. III - CONCLUSÃO Em face do exposto, nosso voto é, por conseguinte, pela REJEIÇÃO E INADMISSIBILIDADE do Projeto de Decreto Legislativo nº 250/2025.",parecer_autor
78459,150609,305164,GAB DEP MARTINS MACHADO,Não apreciado(a),merito_favoravel,"Assim, o voto é pela APROVAÇÃO DO PL 1506/2025.",parecer_autor
78460,150616,304650,GAB DEP THIAGO MANZONI,Não apreciado(a),merito_favoravel,"III - CONCLUSÕES Diante do exposto, manifestamos voto pela APROVAÇÃO do Projeto de Lei nº 1.505/2025, no âmbito da Comissão de Educação e Cultura, na forma do substitutivo anexo.",parecer_autor
78461,150625,302179,GAB DEP RICARDO VALE,Não apreciado(a),merito_favoravel,"Por isso, apesar das restrições jurídicas, creio que a matéria pode ser aprovada para continuar sua tramitação e ampliar o debate, sem prejuízo da análise de sua juridicidade pela Comissão competente, razão por que voto pela APROVAÇÃO do Projeto de Lei nº 1.502/2025.",parecer_autor
78462,150657,290970,GAB DEP ROGÉRIO MORRO DA CRUZ,Aprovado(a),merito_favoravel,"III - CONCLUSÕES Diante do exposto, no âmbito desta Comissão, somos favoráveis à APROVAÇÃO do Projeto de Lei nº 1503/2025, que cria o Programa ""Caminhos para o Futuro"" voltado para crianças e adolescentes em situação de rua e vulnerabilidade social no Distrito Federal.",parecer_autor
78463,150665,293632,GAB DEP JORGE VIANNA,Aprovado(a),merito_favoravel,"Sendo assim, no âmbito desta Comissão de Saúde, manifestamo-nos, pela APROVAÇÃO, no mérito, do PL nº 1.507, de 2025.",parecer_autor
78464,150676,292110,GAB DEP PAULA BELMONTE,Não apreciado(a),merito_favoravel,"Diante da relevância do tema e da abrangência das medidas propostas, recomendamos, portanto, o voto pela APROVAÇÃO do Projeto de Lei nº 1.511/2025, quanto ao mérito, no âmbito desta Comissão de Desenvolvimento Econômico Sustentável, Ciência, Tecnologia, Meio Ambiente e Turismo.",parecer_autor
78465,150677,292119,GAB DEP PAULA BELMONTE,Não apreciado(a),merito_favoravel,"Diante da relevância do tema e da abrangência das medidas propostas, recomendamos, portanto, o voto pela APROVAÇÃO do Projeto de Lei nº 1.510/2025, quanto ao mérito, no âmbito desta Comissão de Desenvolvimento Econômico Sustentável, Ciência, Tecnologia, Meio Ambiente e Turismo.",parecer_autor
78466,150678,305166,GAB DEP MARTINS MACHADO,Aprovado(a),merito_favoravel,"Assim, o voto é pela APROVAÇÃO DO PL 1509/2025.",parecer_autor
78467,150678,290973,GAB DEP ROGÉRIO MORRO DA CRUZ,Aprovado(a),merito_favoravel,"III - CONCLUSÕES Diante do exposto, no âmbito desta Comissão, no mérito, somos favoráveis à APROVAÇÃO do Projeto de Lei nº 1509/2025.",parecer_autor
78468,150679,290541,GAB DEP ROGÉRIO MORRO DA CRUZ,Não apreciado(a),merito_favoravel,"III - CONCLUSÕES Diante tudo quanto exposto, no âmbito desta Comissão, somos favoráveis à APROVAÇÃO do Projeto de Lei nº 1508/2025.",parecer_autor
78469,150714,287172,GAB DEP RICARDO VALE,Aprovado(a),merito_favoravel,"Por isso, voto pela APROVAÇÃO do Projeto de Lei nº 1.515/2025.",parecer_autor
78470,150714,318770,GAB DEP GABRIEL MAGNO,Aprovado(a),merito_favoravel,"III - CONCLUSÃO Ante o exposto, no âmbito desta Comissão de Saúde, manifestamos voto pela aprovação, no mérito, do Projeto de Lei nº 1.515/2025.",parecer_autor
78471,150716,300796,GAB DEP MARTINS MACHADO,Aprovado(a),merito_favoravel,"Assim, o voto é pela APROVAÇÃO do Projeto de Lei n° 1516/2025.",parecer_autor
78472,150719,289851,GAB DEP RICARDO VALE,Aprovado(a),merito_favoravel,"Por isso, voto pela APROVAÇÃO do Projeto de Lei nº 1.518/2025.",parecer_autor
78473,150719,316015,GAB DEP PAULA BELMONTE,Não apreciado(a),admissivel,"Dessa forma, no âmbito desta Comissão de Economia, Orçamento e Finanças, o voto é pela admissibilidade do Projeto de Lei nº 1.518, de 2025, nos termos do art. 65, I e III, “a”, e § 1º, do RICLDF.",parecer_autor
78474,150762,308029,GAB DEP ROOSEVELT VILELA,Não apreciado(a),sem_clausula,,parecer_autor
78475,150763,300976,GAB DEP DAYSE AMARILIO,Aprovado(a),merito_favoravel,"III - CONCLUSÕES Ante o exposto, no âmbito desta Comissão de Assuntos Sociais, somos pela aprovação no mérito, do Projeto de Lei nº 1551, de 2025.",parecer_autor
78476,150787,294195,GAB DEP THIAGO MANZONI,Aprovado(a),merito_favoravel,"Diante do exposto, somos pela APROVAÇÃO, no mérito, do Projeto de Lei nº 1.522/2025, no âmbito da Comissão de Educação e Cultura.",parecer_autor
78477,150791,300394,GAB DEP PR DANIEL DE CASTRO,Aprovado(a),sem_clausula,,parecer_autor
78478,150794,301670,GAB DEP IOLANDO,Não apreciado(a),merito_favoravel,"III - CONCLUSÕES Portanto, votamos pela APROVAÇÃO do PL nº 1533, de 2025, com a Emenda nº1 (Aditiva) e com a Emenda nº 2 (Modificativa) propostas por este relator.",parecer_autor
78479,150797,314908,GAB DEP FÁBIO FÉLIX,Aprovado(a),admissivel,"III - CONCLUSÃO Diante do exposto, manifestamos voto pela ADMISSIBILIDADE do Substitutivo da CPRA ao Projeto de Lei nº 1.532/2025, no âmbito da Comissão de Constituição e Justiça.",parecer_autor
78480,150797,309001,GAB DEP IOLANDO,Aprovado(a),merito_favoravel,"III - CONCLUSÕES Diante do exposto, manifestamos voto pela APROVAÇÃO do Projeto de Lei nº 1.532/2025, no âmbito da Comissão de Produção Rural e Abastecimento, na forma do substitutivo anexo.",parecer_autor
78481,150800,298231,GAB DEP MARTINS MACHADO,Não apreciado(a),sem_clausula,,parecer_autor
78482,150801,292630,GAB DEP ROOSEVELT VILELA,Não apreciado(a),merito_favoravel,"Diante do exposto, no âmbito desta Comissão de Produção Rural e Abastecimento, votamos pela APROVAÇÃO do Projeto de Lei nº 1.531, de 2025, na forma do substitutivo apresentado em anexo.",parecer_autor
78483,150805,289998,GAB DEP PR DANIEL DE CASTRO,Aprovado(a),merito_favoravel,"III - CONCLUSÕES Ante o exposto, do ponto de vista da relevância, da oportunidade e da conveniência, manifestamo-nos pela aprovação, no mérito, do Projeto de Lei nº 1530/2025, no âmbito desta Comissão.",parecer_autor
78484,150806,295631,GAB DEP PR DANIEL DE CASTRO,Aprovado(a),sem_clausula,,parecer_autor
78485,150808,312124,GAB DEP JOÃO CARDOSO,Não apreciado(a),sem_clausula,,parecer_autor
78486,150810,293665,GAB DEP DOUTORA JANE,Não apreciado(a),merito_favoravel,"Seguindo esta linha de intelecção, no âmbito desta Comissão de Desenvolvimento Econômico Sustentável, Ciência, Tecnologia, Meio Ambiente e Turismo, manifestamos voto pela APROVAÇÃO, no mérito, do Projeto de Lei nº 1525/2025. É o parecer.",parecer_autor
78487,150819,290503,GAB DEP ROGÉRIO MORRO DA CRUZ,Aprovado(a),merito_favoravel,"Diante do exposto, o voto é pela aprovação do Projeto de Lei nº 1526/2025. III - CONCLUSÕES A Comissão de Assuntos Sociais, no uso de suas atribuições regimentais, opina pela aprovação do Projeto de Lei nº 1526/2025.",parecer_autor
78488,150820,289871,GAB DEP DOUTORA JANE,Não apreciado(a),merito_favoravel,"Seguindo esta linha de intelecção, no âmbito desta Comissão de Desenvolvimento Econômico Sustentável, Ciência, Tecnologia, Meio Ambiente e Turismo, manifestamos voto pela APROVAÇÃO, no mérito, do Projeto de Lei nº 1542/2025, de autoria do Deputado Robério Negreiros, que altera a Lei nº 6.138/2018 para incluir a obrigatoriedade de autovistoria periódica em determinadas edificações, garantindo a segurança estrutural, a preservação do patr",parecer_autor
78489,150825,315996,GAB DEP CHICO VIGILANTE,Aprovado(a),admissivel,"III - CONCLUSÃO Diante do exposto, manifestamos voto pela ADMISSIBILIDADE do Projeto de Lei nº 1561/2025, no âmbito da Comissão de Constituição e Justiça.",parecer_autor
78490,150825,301034,GAB DEP GABRIEL MAGNO,Aprovado(a),merito_favoravel,"III - CONCLUSÕES Ante o exposto, no âmbito da Comissão de Educação e Cultura, manifestamos voto pela aprovação, no mérito, do PL 1561/2025.",parecer_autor
78491,150827,290813,GAB DEP PR DANIEL DE CASTRO,Aprovado(a),merito_favoravel,III - CONCLUSÕES Diante do exposto somos pela APROVAÇÃO do PL 1527/2025 no âmbito dessa Comissão.,parecer_autor
78492,150837,289780,CAF,Aprovado(a),merito_favoravel,"III - CONCLUSÃO Ante às razões apresentadas, somos pela APROVAÇÃO do mérito do Projeto de Lei nº 1494/2025 nesta Comissão de Assuntos Fundiários.",parecer_autor
78493,150838,289949,GAB DEP IOLANDO,Aprovado(a),merito_favoravel,"III - CONCLUSÕES Diante do exposto, a Comissão de Fiscalização, Governança, Transparência e Controle - CFGTC manifesta-se pela APROVAÇÃO do Projeto de Lei Complementar nº 63 de 2025, com o acolhimento das emendas 1 e 2.",parecer_autor
78494,150844,284116,GAB DEP ROGÉRIO MORRO DA CRUZ,Aprovado(a),merito_favoravel,"ou de histórico com a trajetória do homenageado.” III - CONCLUSÕES Diante do exposto, considerando a trajetória da Senhora Deise Luci Belém de Andrade e os serviços prestados por ela à cidadania do Distrito Federal, nos manifestamos, no mérito, pela APROVAÇÃO do Projeto de Decreto Legislativo nº 256/2025. É o Voto.",parecer_autor
78495,150846,290424,GAB DEP MARTINS MACHADO,Aprovado(a),merito_favoravel,"Assim, o voto é pela APROVAÇÃO do Projeto de Lei n° 1541/2025.",parecer_autor
78496,150848,290721,GAB DEP ROGÉRIO MORRO DA CRUZ,Aprovado(a),merito_favoravel,"III – CONCLUSÃO Diante do exposto, manifesto voto pela APROVAÇÃO do Projeto de Decreto Legislativo nº 260, de 2025, no âmbito desta Comissão de Assuntos Sociais.",parecer_autor
78497,150850,293624,GAB DEP PAULA BELMONTE,Não apreciado(a),merito_favoravel,"Diante da relevância do tema e da abrangência das medidas propostas, recomendamos, portanto, o voto pela APROVAÇÃO do Projeto de Lei nº 1.540/2025, quanto ao mérito, no âmbito desta Comissão de Defesa dos Direitos da Mulher.",parecer_autor
78498,150866,293615,GAB DEP JORGE VIANNA,Aprovado(a),merito_favoravel,"Sendo assim no âmbito desta Comissão de Saúde, manifestamo-nos pela APROVAÇÃO, no mérito, do Projeto de Lei nº 1.537, de 2025.",parecer_autor
78499,150866,289778,GAB DEP PR DANIEL DE CASTRO,Aprovado(a),merito_favoravel,"III - CONCLUSÕES Ante o exposto, do ponto de vista da relevância, da oportunidade e da conveniência, manifestamo-nos pela aprovação, no mérito do Projeto de Lei nº 1537/2025, de autoria do nobre Deputado Eduardo Pedrosa.",parecer_autor
78500,150867,294512,GAB DEP PR DANIEL DE CASTRO,Aprovado(a),sem_clausula,,parecer_autor
78501,150869,295384,GAB DEP PR DANIEL DE CASTRO,Não apreciado(a),merito_favoravel,"III - CONCLUSÕES Pelo exposto, somos pela APROVAÇÃO do Projeto de Lei nº. 1535/2025, no âmbito desta Comissão de Assuntos Sociais.",parecer_autor
78502,150878,288529,GAB DEP DOUTORA JANE,Aprovado(a),sem_clausula,,parecer_autor
78503,150882,290539,GAB DEP ROGÉRIO MORRO DA CRUZ,Não apreciado(a),merito_favoravel,"III - CONCLUSÕES Desta feita, ante tudo quanto exposto, no âmbito desta Comissão, somos favoráveis à APROVAÇÃO do Projeto de Lei nº 1545/2025.",parecer_autor
78504,150883,308031,GAB DEP RICARDO VALE,Não apreciado(a),sem_clausula,,parecer_autor
78505,150884,289926,GAB DEP JORGE VIANNA,Aprovado(a),merito_favoravel,"Feitas essas considerações, manifestamo-nos pela aprovação do Projeto de Lei nº 1.546, de 2025, quanto ao mérito, no âmbito desta Comissão de Defesa do Consumidor, na forma do Substitutivo anexo.",parecer_autor
78506,150884,292603,GAB DEP PR DANIEL DE CASTRO,Não apreciado(a),sem_clausula,,parecer_autor
78507,150899,292602,GAB DEP PR DANIEL DE CASTRO,Aprovado(a),sem_clausula,,parecer_autor
78508,150901,288753,GAB DEP DOUTORA JANE,Aprovado(a),sem_clausula,,parecer_autor
78509,150935,305167,GAB DEP MARTINS MACHADO,Não apreciado(a),merito_favoravel,"Assim, o voto é pela APROVAÇÃO do Projeto de Lei n° 1558/2025.",parecer_autor
78510,150939,301045,GAB DEP MAX MACIEL,Aprovado(a),merito_favoravel,"Assim, diante da relevância da matéria, bem como da necessidade e conveniência da medida veiculada pelo projeto, o voto manifesta-se pela aprovação, no âmbito da Comissão de Transporte e Mobilidade Urbana, do projeto de lei n.º 1.616/2025.",parecer_autor
78511,150946,289796,GAB DEP PAULA BELMONTE,Não apreciado(a),merito_favoravel,"Diante da relevância do tema e da abrangência das medidas propostas, recomendamos, portanto, o voto pela APROVAÇÃO do Projeto de Lei nº 1.557/2025, quanto ao mérito, no âmbito desta Comissão de Desenvolvimento Econômico Sustentável, Ciência, Tecnologia, Meio Ambiente e Turismo.",parecer_autor
78512,150957,292128,GAB DEP PAULA BELMONTE,Não apreciado(a),merito_favoravel,"Diante da relevância do tema e da abrangência das medidas propostas, recomendamos, portanto, o voto pela APROVAÇÃO do Projeto de Lei nº 1.574/2025, quanto ao mérito, no âmbito desta Comissão de Desenvolvimento Econômico Sustentável, Ciência, Tecnologia, Meio Ambiente e Turismo.",parecer_autor
78513,150986,301472,GAB DEP ROOSEVELT VILELA,Aprovado(a),merito_favoravel,"III - CONCLUSÕES Ante o exposto, no âmbito da Comissão de Segurança, somos pela APROVAÇÃO, no mérito, do Projeto de Lei nº 1.564/2025.",parecer_autor
78514,150987,305320,GAB DEP MARTINS MACHADO,Aprovado(a),merito_favoravel,"Assim, o voto é pela APROVAÇÃO DO PL 1563/2025.",parecer_autor
78515,150990,299993,GAB DEP HERMETO,Aprovado(a),merito_favoravel,"III – CONCLUSÃO Diante do exposto, no âmbito desta Comissão de Segurança, votamos pela APROVAÇÃO, no mérito, do Projeto de Lei nº 1.602/2025, na forma do Substitutivo anexo.",parecer_autor
78516,150990,301566,GAB DEP RICARDO VALE,Aprovado(a),merito_favoravel,"Por isso, voto pela APROVAÇÃO do Projeto de Lei nº 1.602/2025, na forma do substitutivo (Emenda nº 01).",parecer_autor
78517,150991,289670,CAF,Aprovado(a),merito_favoravel,"III - CONCLUSÃO Ante às considerações apresentadas e a conveniência da medida, somos pela APROVAÇÃO do mérito do Projeto de Lei nº 1567/2025 nesta Comissão de Assuntos Fundiários.",parecer_autor
78518,151051,287514,CEOF,Aprovado(a),admissivel,"Dessa forma, tendo em vista que a proposição observa as exigências formais e materiais do ordenamento jurídico e favorece o desenvolvimento da atuação governamental, voto pela ADMISSIBILIDADE e APROVAÇÃO do Projeto de Lei nº 1.571, de 2025, de autoria do Poder Executivo, no âmbito desta Comissão de Economia, Orçamento e Finanças, com acatamento da emenda aditiva de número 01, de autoria da Mesa Diretora.",parecer_autor
78519,151055,292639,GAB DEP ROOSEVELT VILELA,Não apreciado(a),merito_favoravel,"edação ao PL nº 1.573, de 2025. Desse modo, diante do exposto, no âmbito desta Comissão de Produção Rural e Abastecimento, em consonância com a relevância e a necessidade de promover o turismo rural do Distrito Federal, votamos pela APROVAÇÃO do Projeto de Lei nº 1.573, de 2025, na forma do substitutivo apresentado em anexo.",parecer_autor
78520,151064,304965,GAB DEP ROBÉRIO NEGREIROS,Não apreciado(a),admissivel_com_ressalva,"V – CONCLUSÃO Diante do exposto, no âmbito desta Comissão de Constituição e Justiça, votamos pela ADMISSIBILIDADE do Projeto de Lei nº 1.572, de 2025, na forma da Emenda de Redação da Comissão de Desenvolvimento Econômico Sustentável, Ciência, Tecnologia, Meio Ambiente e Turismo – CDESCTMAT, com a Emenda Modificativa anexa.",parecer_autor
78521,151064,289537,GAB DEP DOUTORA JANE,Aprovado(a),merito_favoravel,"Seguindo esta linha de intelecção, no âmbito desta Comissão de Desenvolvimento Econômico Sustentável, Ciência, Tecnologia, Meio Ambiente e Turismo, manifestamos voto pela APROVAÇÃO, no mérito, do Projeto de Lei nº 1572/2025, nos termos da Emenda apresentada por esta relatoria.",parecer_autor
78522,151122,300949,GAB DEP MARTINS MACHADO,Aprovado(a),merito_favoravel,"Assim, o voto é pela APROVAÇÃO do Projeto de Lei n° 1576/2025.",parecer_autor
78523,151135,301380,GAB DEP JAQUELINE SILVA,Aprovado(a),sem_clausula,,parecer_autor
78524,151138,301738,GAB DEP MARTINS MACHADO,Não apreciado(a),merito_favoravel,"Assim, o voto é pela aprovação do PL 1580/2025, no âmbito desta comissão.",parecer_autor
78525,151147,313240,GAB DEP PR DANIEL DE CASTRO,Não apreciado(a),sem_clausula,,parecer_autor
78526,151147,307150,GAB DEP PEPA,Aprovado(a),merito_favoravel,"III - CONCLUSÕES Diante do exposto, vota-se, no âmbito da CTMU, pela APROVAÇÃO na forma da Emenda Substitutiva (SUBSTITUTIVO) em anexo, nos termos do art. 74, incisos I, III e IV, do RICLDF.",parecer_autor
78527,151148,294198,GAB DEP DAYSE AMARILIO,Não apreciado(a),merito_favoravel,"III - CONCLUSÕES Ante o exposto, no âmbito desta Comissão de Saúde, somos pela aprovação no mérito, do Projeto de Lei nº 1.589, de 2025.",parecer_autor
78528,151150,290641,GAB DEP JOÃO CARDOSO,Aprovado(a),sem_clausula,,parecer_autor
78529,151153,290536,GAB DEP ROGÉRIO MORRO DA CRUZ,Aprovado(a),merito_favoravel,"III - CONCLUSÕES Desta feita, ante tudo quanto exposto, no âmbito desta Comissão, somos favoráveis à APROVAÇÃO do Projeto de Lei Complementar nº 64/2025.",parecer_autor
78530,151153,294011,GAB DEP GABRIEL MAGNO,Aprovado(a),merito_favoravel,"III - CONCLUSÕES Ante o exposto, no âmbito da Comissão de Assuntos Fundiários, manifestamos voto pela aprovação, no mérito, do PLC 64/2025.",parecer_autor
78531,151154,301589,GAB DEP MAX MACIEL,Aprovado(a),merito_favoravel,"Assim, diante da relevância da matéria, bem como da necessidade e conveniência da medida veiculada pelo projeto, o voto manifesta-se pela aprovação, no âmbito da Comissão de Assuntos Sociais, do projeto de decreto legislativo n.º 265/2025.",parecer_autor
78532,151159,306448,GAB DEP DAYSE AMARILIO,Aprovado(a),merito_favoravel,"III - CONCLUSÕES Diante do exposto, somos pela aprovação do mérito do Projeto de Decreto Legislativo nº 266, de 2025, que concede o Título de Cidadão Honorário de Brasília ao Senhor Selton Mello.",parecer_autor
78533,151170,293673,GAB DEP PAULA BELMONTE,Não apreciado(a),merito_favoravel,"Diante da relevância do tema e da abrangência das medidas propostas, recomendamos, portanto, o voto pela APROVAÇÃO do Projeto de Lei nº 1.584/2025, quanto ao mérito, no âmbito desta Comissão de Defesa dos Direitos da Mulher.",parecer_autor
78534,151177,316267,GAB DEP IOLANDO,Não apreciado(a),admissivel,"III - CONCLUSÃO Considerando todo o exposto, nosso voto é pela ADMISSIBILIDADE do Projeto de Resolução nº 56/2025, no âmbito da Comissão de Constituição e Justiça.",parecer_autor
78535,151190,293684,GAB DEP PAULA BELMONTE,Não apreciado(a),merito_favoravel,"Diante da relevância do tema e da abrangência das medidas propostas, recomendamos, portanto, o voto pela APROVAÇÃO do Projeto de Lei nº 1.585/2025, quanto ao mérito, no âmbito desta Comissão de Defesa dos Direitos da Mulher.",parecer_autor
78536,151198,293844,GAB DEP MARTINS MACHADO,Aprovado(a),merito_favoravel,"Assim, o voto é pela APROVAÇÃO do Projeto de Lei n° 1594/2025.",parecer_autor
78537,151198,311304,GAB DEP PAULA BELMONTE,Aprovado(a),admissivel,"Diante do exposto, o voto, no âmbito desta Comissão de Economia, Orçamento e Finanças, é pela ADMISSIBILIDADE do Projeto de Lei nº 1594, de 2025, de autoria do deputado Roosevelt, nos termos do art. 65, I e III, “a”, e § 1º, do RICLDF.",parecer_autor
78538,151214,292965,GAB DEP ROGÉRIO MORRO DA CRUZ,Não apreciado(a),merito_favoravel,"III - CONCLUSÕES Ante o exposto, no âmbito da Comissão de Assuntos Sociais, manifestamo-nos pela APROVAÇÃO, no mérito, do Projeto de Decreto Legislativo nº 268/2025.",parecer_autor
78539,151225,305015,GAB DEP DOUTORA JANE,Aprovado(a),merito_favoravel,"III - CONCLUSÕES Diante do exposto, o voto é pela APROVAÇÃO do Projeto de Lei nº 1591/2025, de autoria do Deputado Pastor Daniel de Castro, no âmbito da Comissão de Segurança da Câmara Legislativa do Distrito Federal.",parecer_autor
78540,151225,294002,GAB DEP PEPA,Aprovado(a),merito_favoravel,"III - CONCLUSÕES Diante do exposto, o voto é pela APROVAÇÃO, NO MÉRITO, do Projeto de Lei nº 1.591/2024, por entender que a proposição contribui de forma significativa para a promoção da segurança no transporte por aplicativo no Distrito Federal, resguardando os interesses dos usuários e operadores do serviço, desde q",parecer_autor
78541,151228,289852,GAB DEP RICARDO VALE,Aprovado(a),merito_favoravel,"sposta positiva para neutralizar a alta internacional de alimentos é justamente a agricultura familiar, que tem recebido especial atenção do Governo Federal em todos os governos do Presidente LULA, desde 2003. Por isso, voto pela APROVAÇÃO do Projeto de Lei nº 1.592/2025.",parecer_autor
78542,151228,316244,GAB DEP PAULA BELMONTE,Não apreciado(a),admissivel,"Dessa forma, no âmbito desta Comissão de Economia, Orçamento e Finanças, o voto é pela admissibilidade do Projeto de Lei nº 1.592, de 2025, nos termos do art. 65, I e III, “a”, e § 1º, do RICLDF.",parecer_autor
78543,151249,289278,GAB DEP MARTINS MACHADO,Não apreciado(a),merito_favoravel,"Pelo exposto, manifestamos voto pela APROVAÇÃO do Projeto de Decreto Legislativo nº 269/2025 no âmbito da Comissão de Assuntos Sociais.",parecer_autor
78544,151250,289837,GAB DEP MARTINS MACHADO,Aprovado(a),merito_favoravel,"Diante do exposto, no âmbito desta Comissão de Saúde, manifesto voto pela APROVAÇÃO da Indicação do nome do Sr. Cleber Monteiro Fernandes, para ocupar o cargo de Diretor-Presidente do Instituto de Gestão Estratégica de Saúde do Distrito Federal - Iges/DF.",parecer_autor
78545,151258,295780,GAB DEP JAQUELINE SILVA,Aprovado(a),merito_favoravel,"posto, tendo em vista que a proposição observa as exigências formais e materiais do ordenamento jurídico e favorece o desenvolvimento da atuação governamental, no âmbito desta COMISSÃO DE ECONOMIA, ORÇAMENTO E FINANÇAS, manifestamos voto pela APROVAÇÃO e ADMISSIBILIDADE do Projeto de Lei nº 1.599 de 2025, de autoria do Poder Executivo.",parecer_autor
78546,151258,291946,GAB DEP MAX MACIEL,Aprovado(a),merito_favoravel,"Assim, diante da relevância da matéria, bem como da necessidade e conveniência da medida veiculada pelo projeto, o voto manifesta-se pela aprovação do projeto de lei n.º 1.599/2025.",parecer_autor
78547,151264,293609,GAB DEP PAULA BELMONTE,Não apreciado(a),merito_favoravel,"Diante da relevância do tema e da abrangência das medidas propostas, recomendamos, portanto, o voto pela APROVAÇÃO do Projeto de Lei nº 1.635/2025, quanto ao mérito, no âmbito desta Comissão de Desenvolvimento Econômico Sustentável, Ciência, Tecnologia, Meio Ambiente e Turismo.",parecer_autor
78548,151267,295068,GAB DEP IOLANDO,Não apreciado(a),admissivel,"III - CONCLUSÕES Nesse sentido, considerando que proposição se alinha à Carta da República e à Lei Maior do Distrito Federal, e se mostra conveniente e oportuna, o nosso voto é pela Admissibilidade da Proposta de Emenda à Lei Orgânica 16/2025, com a emenda de redação em anexo.",parecer_autor
78549,151268,305429,GAB DEP PR DANIEL DE CASTRO,Não apreciado(a),sem_clausula,,parecer_autor
78550,151279,321941,CEOF,Não apreciado(a),admissivel_com_ressalva,"III - CONCLUSÃO Dessa forma, tendo em vista que a proposição observa as exigências formais e materiais do ordenamento jurídico e favorece a execução de políticas públicas relevantes, voto pela ADMISSIBILIDADE e APROVAÇÃO do Projeto de Decreto Legislativo referente ao Processo nº 29/2025, de autoria do Poder Executivo, no âmbito desta Comissão de Economia, Orçamento e Finanças, na forma do projeto de decreto legislativo em anexo.",parecer_autor
78551,151281,290418,GAB DEP DOUTORA JANE,Não apreciado(a),merito_favoravel,"Seguindo esta linha de intelecção, no âmbito desta Comissão de Desenvolvimento Econômico Sustentável, Ciência, Tecnologia, Meio Ambiente e Turismo, manifestamos voto pela APROVAÇÃO, no mérito, do Projeto de Lei nº 1609/2025. É o parecer.",parecer_autor
78552,151289,295143,GAB DEP RICARDO VALE,Não apreciado(a),merito_favoravel,"Por isso, voto pela APROVAÇÃO do Projeto de Lei nº 1.608/2025.",parecer_autor
78553,151312,304961,GAB DEP ROBÉRIO NEGREIROS,Não apreciado(a),merito_favoravel,"XXIV, XXXVI, LIV, LV; 13; 37, caput; 170, I, II e parágrafo único; 173; 182, §§ 2º e 4º; 184; da Constituição Federal; art. 70, I e §§ 3º ao 5º, da Lei Orgânica do Distrito Federal e art. 137, I e §§ 1º ao 3º do RICLDF, manifestamos voto pela APROVAÇÃO e ADMISSIBILIDADE da Proposta de Emenda à Lei Orgânica nº 18/2025, com a emenda anexa.",parecer_autor
78554,151329,312039,GAB DEP JOÃO CARDOSO,Não apreciado(a),sem_clausula,,parecer_autor
78555,151363,301861,GAB DEP JAQUELINE SILVA,Aprovado(a),merito_favoravel,"Diante da relevância do tema e da abrangência das medidas propostas, recomendamos, portanto, o voto pela APROVAÇÃO do Projeto de Lei nº 1619/2025, quanto ao mérito, no âmbito desta Comissão de Defesa dos Direitos da Mulher.",parecer_autor
78556,151371,306923,GAB DEP JORGE VIANNA,Aprovado(a),merito_favoravel,"III - CONCLUSÕES Ante o exposto, por considerar a proposição meritória e de grande importância para a proteção dos consumidores, no âmbito da CDC, vota-se pela APROVAÇÃO do PL nº 1.617/2025, conforme o art. 67 do RICLDF.",parecer_autor
78557,151407,302173,GAB DEP DOUTORA JANE,Aprovado(a),sem_clausula,,parecer_autor
78558,151407,304486,GAB DEP GABRIEL MAGNO,Aprovado(a),merito_favoravel,"III - CONCLUSÕES Ante o exposto, no âmbito da Comissão de Transporte e Mobilidade Urbana, manifestamos voto pela aprovação, no mérito, do Projeto de Lei nº 1.628, de 2025.",parecer_autor
78559,151419,294007,GAB DEP PEPA,Aprovado(a),merito_favoravel,"III - CONCLUSÕES Diante do exposto, o voto é pela APROVAÇÃO, NO MÉRITO, do Projeto de Lei nº 1.631/2025, por entender que a proposta aprimora a legislação vigente quanto ao uso e ocupação de áreas públicas voltadas à infraestrutura logística e exportadora, em conformidade com os marcos fundiários e urbanísticos do Dis",parecer_autor
78560,151425,307177,CEOF,Aprovado(a),admissivel,"II – CONCLUSÃO Dessa forma, tendo em vista que a proposição observa as exigências formais e materiais do ordenamento jurídico e favorece a execução de políticas públicas relevantes, voto pela ADMISSIBILIDADE e APROVAÇÃO do Projeto de Lei nº 1.620, de 2025, de autoria do Poder Executivo, no âmbito desta Comissão de Economia, Orçamento e Finanças.",parecer_autor
78561,151442,294306,GAB DEP MARTINS MACHADO,Não apreciado(a),merito_favoravel,"Pelo exposto, manifestamos voto pela APROVAÇÃO do Projeto de Decreto Legislativo nº 272/2025 no âmbito da Comissão de Assuntos Sociais.",parecer_autor
78562,151461,315998,GAB DEP CHICO VIGILANTE,Não apreciado(a),admissivel,"III - CONCLUSÃO Diante do exposto, manifestamos voto pela ADMISSIBILIDADE do Projeto de Lei nº 1561/2025, no âmbito da Comissão de Constituição e Justiça.",parecer_autor
78563,151461,301446,GAB DEP DAYSE AMARILIO,Aprovado(a),merito_favoravel,"III - CONCLUSÃO Diante do exposto, manifestamo-nos pela aprovação do Projeto de Lei nº 1655/2025, quanto ao mérito, no âmbito desta Comissão de Saúde.",parecer_autor
78564,151464,317044,GAB DEP PAULA BELMONTE,Não apreciado(a),merito_favoravel,"Diante da relevância do tema e da abrangência das medidas propostas, recomendamos, portanto, o voto pela APROVAÇÃO do Projeto de Lei nº 1.933/2025, quanto ao mérito, no âmbito desta Comissão de Defesa dos Direitos da Mulher.",parecer_autor
78565,151476,293685,GAB DEP JOÃO CARDOSO,Aprovado(a),sem_clausula,,parecer_autor
78566,151478,316942,GAB DEP ROGÉRIO MORRO DA CRUZ,Aprovado(a),sem_clausula,,parecer_autor
78567,151480,296456,GAB DEP DAYSE AMARILIO,Não apreciado(a),merito_favoravel,"Portanto, nesta CAS, somos pela aprovação, no mérito, do Projeto de Lei nº 1.630, de 2025, na forma das 5 Emendas anexas: 4 Emendas Modificativas e 1 Emenda Substitutiva.",parecer_autor
78568,151500,294320,GAB DEP MARTINS MACHADO,Não apreciado(a),merito_favoravel,"Pelo exposto, manifestamos voto pela APROVAÇÃO do Projeto de Decreto Legislativo nº 286/2025 no âmbito da Comissão de Assuntos Sociais.",parecer_autor
78569,151501,320805,GAB DEP JOÃO CARDOSO,Não apreciado(a),sem_clausula,,parecer_autor
78570,151511,294312,GAB DEP MARTINS MACHADO,Não apreciado(a),merito_favoravel,"Pelo exposto, manifestamos voto pela APROVAÇÃO do Projeto de Decreto Legislativo nº 283/2025 no âmbito da Comissão de Assuntos Sociais.",parecer_autor
78571,151514,313902,GAB DEP ROGÉRIO MORRO DA CRUZ,Não apreciado(a),merito_favoravel,"III - CONCLUSÃO Ante tudo quanto exposto, no âmbito desta Comissão, especialmente quanto ao mérito, somos pela APROVAÇÃO do Projeto de Lei nº 1647/2025.",parecer_autor
78572,151518,321949,CEOF,Não apreciado(a),admissivel_com_ressalva,"III - CONCLUSÃO Dessa forma, tendo em vista que a proposição observa as exigências formais e materiais do ordenamento jurídico e favorece a execução de políticas públicas relevantes, voto pela ADMISSIBILIDADE e APROVAÇÃO do Projeto de Decreto Legislativo referente ao Processo nº 31/2025, de autoria do Poder Executivo, no âmbito desta Comissão de Economia, Orçamento e Finanças, na forma do projeto de decreto legislativo anexo.",parecer_autor
78573,151524,316286,GAB DEP ROGÉRIO MORRO DA CRUZ,Não apreciado(a),merito_favoravel,"III - CONCLUSÃO Diante do exposto, no âmbito desta Comissão, somos favoráveis à APROVAÇÃO do Projeto de Lei nº 1636/2025, que “Dispõe sobre a alteração da denominação do Setor Habitacional Bernardo Sayão, da Colônia Agrícola Águas Claras e da Colônia Agrícola IAPI para Setor Habitacional Guará Park – SHGP”",parecer_autor
78574,151535,306621,GAB DEP THIAGO MANZONI,Aprovado(a),admissivel_com_ressalva,"Assim, será apresentado substitutivo para promover essas correções, alinhando o texto aos requisitos da Lei Complementar nº 13, de 1996. III - CONCLUSÕES Ante o exposto, nosso voto é pela ADMISSIBILIDADE do Projeto de Lei nº 1.637, de 2025, na forma do substitutivo anexo.",parecer_autor
78575,151535,292973,GAB DEP ROGÉRIO MORRO DA CRUZ,Aprovado(a),sem_clausula,,parecer_autor
78576,151551,292393,GAB DEP EDUARDO PEDROSA,Aprovado(a),admissivel_com_ressalva,"Assim, no âmbito da CEOF, vota-se pela admissibilidade e aprovação do PROC nº 32/2025, conforme o art. 65, I e III, “c”, do RICLDF, na forma do Projeto de Decreto Legislativo anexo.",parecer_autor
78577,151570,306449,GAB DEP DAYSE AMARILIO,Não apreciado(a),merito_favoravel,"III - CONCLUSÕES Diante do exposto, somos pela aprovação do mérito do Projeto de Decreto Legislativo nº 279, de 2025, que concede o Título de Cidadão Honorário de Brasília ao Mestre Maçom Cassiano Teixeira de Morais.",parecer_autor
78578,151587,294751,GAB DEP MARTINS MACHADO,Não apreciado(a),merito_favoravel,"Pelo exposto, manifestamos voto pela APROVAÇÃO do Projeto de Decreto Legislativo nº 281/2025 no âmbito da Comissão de Assuntos Sociais.",parecer_autor
78579,151599,313254,GAB DEP ROGÉRIO MORRO DA CRUZ,Aprovado(a),merito_favoravel,"III - CONCLUSÃO Ante todo o exposto, especificamente no âmbito desta Comissão, quanto ao mérito, somos pela APROVAÇÃO do Projeto de Lei nº 1643/2025, que “Estabelece medidas de prevenção e combate ao etarismo (idadismo) no âmbito do Distrito Federal.”",parecer_autor
78580,151601,307677,GAB DEP JAQUELINE SILVA,Aprovado(a),merito_favoravel,"III - CONCLUSÃO Diante do exposto, restringindo-se a análise ao mérito da proposição, manifestamos voto pela APROVAÇÃO do Projeto de Lei nº 1644/2025 no âmbito da Comissão de Defesa dos Diretos Humanos, Cidadania e Legislação Participativa.",parecer_autor
78581,151613,307284,GAB DEP GABRIEL MAGNO,Aprovado(a),merito_favoravel,"III - CONCLUSÕES Ante o exposto, no âmbito da Comissão de Educação e Cultura, manifestamo-nos, voto pela aprovação, no mérito, do Projeto de Lei nº 1.645, de 2025.",parecer_autor
78582,151616,300182,GAB DEP IOLANDO,Não apreciado(a),admissivel,"III - CONCLUSÕES Diante do exposto, voto pela ADMISSIBILIDADE do Projeto de Lei Complementar nº 67/2025.",parecer_autor
78583,151616,298239,CAF,Aprovado(a),merito_favoravel,"III - CONCLUSÕES Ante às razões apresentadas, somos pela APROVAÇÃO do mérito do Projeto de Lei Complementar nº 67 de 2025, incluindo as Emendas de Redação nº 1 e 2 no âmbito da Comissão de Assuntos Fundiários.",parecer_autor
78584,151618,302119,GAB DEP CHICO VIGILANTE,Aprovado(a),merito_favoravel,"III - CONCLUSÕES Concluídas as considerações, no âmbito desta Comissão de Defesa do Consumidor, votamos, no mérito, pela aprovação do Projeto de Lei nº 1.668/2025, nos termos das Emendas modificativas.",parecer_autor
78585,151619,301236,GAB DEP MARTINS MACHADO,Não apreciado(a),merito_favoravel,"Assim, o voto é pela APROVAÇÃO do Projeto de Lei n° 1678/2025.",parecer_autor
78586,151627,301151,GAB DEP HERMETO,Aprovado(a),merito_favoravel,"III – CONCLUSÃO Diante do exposto, no âmbito desta Comissão de Segurança, como forma de promover a integração e a eficácia das políticas de segurança no Distrito Federal, votamos, no mérito, pela APROVAÇÃO do Projeto de Lei nº 1.657/2025, na forma do SUBSTITUTIVO anexo.",parecer_autor
78587,151627,310210,GAB DEP JORGE VIANNA,Aprovado(a),merito_favoravel,"III - CONCLUSÕES Ante o exposto, por considerar a proposição meritória e de grande importância para a proteção dos consumidores, no âmbito da CDC, vota-se pela APROVAÇÃO do PL nº 1.657/2025, na forma do Substitutivo apresentado pela Comissão de Segurança, conforme o art. 67 do RICLDF.",parecer_autor
78588,151631,305002,GAB DEP MARTINS MACHADO,Não apreciado(a),merito_favoravel,"ar reconhecer e valorizar o crescente cenário dos esportes eletrônicos no contexto educacional, promovendo o desenvolvimento de habilidades relevantes para o século XXI e fomentando a inclusão digital entre os jovens, o voto é pela aprovação do PL 1665/2025.",parecer_autor
78589,151633,293604,GAB DEP PAULA BELMONTE,Aprovado(a),merito_favoravel,"Diante da relevância do tema e da abrangência das medidas propostas, recomendamos, portanto, o voto pela APROVAÇÃO do Projeto de Lei nº 1.654/2025, quanto ao mérito, com o ACATAMENTO da Emenda Aditiva nº 01 apresentada, no âmbito desta Comissão de Desenvolvimento Econômico Sustentável, Ciência, Tecnologia, Meio Ambiente e Turismo.",parecer_autor
78590,151668,294594,CAF,Aprovado(a),merito_favoravel,"III - CONCLUSÕES Ante às razões apresentadas, somos pela APROVAÇÃO do mérito do Projeto de Lei nº 1652 de 2025 nesta Comissão de Assuntos Fundiários.",parecer_autor
78591,151669,292399,CEOF,Aprovado(a),admissivel,"III – CONCLUSÃO Dessa forma, tendo em vista que a proposição observa as exigências formais e materiais do ordenamento jurídico e favorece a execução de políticas públicas relevantes, voto pela ADMISSIBILIDADE e APROVAÇÃO do Projeto de Lei nº 1.653, de 2025, de autoria do Poder Executivo, no âmbito desta Comissão de Economia, Orçamento e Finanças.",parecer_autor
78592,151711,321032,GAB DEP JOÃO CARDOSO,Não apreciado(a),merito_favoravel,"Por fim, vale ressaltar que este parecer se coaduna com o parecer favorável da Comissão de Transporte e Mobilidade Urbana - CTMU, aprovado na 5ª Reunião Ordinária realizada em 08/10/2025. III - CONCLUSÃO Ante o exposto, votamos pela APROVAÇÃO, no mérito, do Projeto de Lei nº 1662, de 2025, que “Estabelece diretrizes para a instituição do Programa Mobilidade Azul no Distrito Federal”, no âmbito desta Comissão.",parecer_autor
78593,151711,301201,GAB DEP MARTINS MACHADO,Aprovado(a),merito_favoravel,"Assim, o voto é pela APROVAÇÃO do Projeto de Lei n° 1662/2025.",parecer_autor
78594,151720,301677,GAB DEP IOLANDO,Aprovado(a),merito_favoravel,"III - CONCLUSÕES Considerando todo o exposto, nosso voto é pela APROVAÇÃO do Projeto de Lei nº 1693/2025, no âmbito da Comissão de Fiscalização, Governança, Transparência e Controle.",parecer_autor
78595,151736,294756,GAB DEP MARTINS MACHADO,Não apreciado(a),merito_favoravel,"Pelo exposto, manifestamos voto pela APROVAÇÃO do Projeto de Decreto Legislativo nº 285/2025 no âmbito da Comissão de Assuntos Sociais.",parecer_autor
78596,151785,294755,GAB DEP MARTINS MACHADO,Não apreciado(a),merito_favoravel,"Pelo exposto, manifestamos voto pela APROVAÇÃO do Projeto de Decreto Legislativo nº 287/2025 no âmbito da Comissão de Assuntos Sociais.",parecer_autor
78597,151788,313411,GAB DEP PR DANIEL DE CASTRO,Aprovado(a),merito_favoravel,"III - CONCLUÃO Ante o exposto, voto pela APROVAÇÃO do Projeto de Lei nº 1676/2025, por reconhecer seu mérito técnico, sanitário e social, bem como sua contribuição para a regulamentação e qualificação do exercício da Enfermagem Estética no Distrito Federal.",parecer_autor
78598,151788,295790,GAB DEP PAULA BELMONTE,Aprovado(a),merito_favoravel,"Diante da relevância do tema e da abrangência das medidas propostas, recomendamos, portanto, o voto pela APROVAÇÃO do Projeto de Lei nº 1.676/2025, quanto ao mérito, no âmbito desta Comissão de Desenvolvimento Econômico Sustentável, Ciência, Tecnologia, Meio Ambiente e Turismo.",parecer_autor
78599,151798,310684,GAB DEP ROGÉRIO MORRO DA CRUZ,Aprovado(a),merito_favoravel,"III - CONCLUSÕES Ante o exposto, manifestamos, no mérito, no âmbito da Comissão de Assuntos Sociais, pela APROVAÇÃO do Projeto de Decreto Legislativo nº 302/2025.",parecer_autor
78600,151800,305016,GAB DEP DOUTORA JANE,Não apreciado(a),merito_favoravel,"III - CONCLUSÕES Diante do exposto, o voto é pela aprovação do Projeto de Lei nº 1669/2025, de autoria do Deputado Roosevelt, no âmbito da Comissão de Segurança da Câmara Legislativa do Distrito Federal.",parecer_autor
78601,151820,302930,CAS,Não apreciado(a),merito_favoravel,"III - CONCLUSÕES Ante o exposto, no âmbito da Comissão de Assuntos Sociais, manifestamo-nos pela APROVAÇÃO, no mérito, do Projeto de Decreto Legislativo nº 291/2025, de autoria do Deputado João Cardoso, que ""Concede o titulo de Cidadão Benemérito ao Sr. Kildare Araújo Meira"".",parecer_autor
78602,151835,320008,GAB DEP JOÃO CARDOSO,Não apreciado(a),sem_clausula,,parecer_autor
78603,151838,317546,GAB DEP GABRIEL MAGNO,Não apreciado(a),merito_favoravel,"III - CONCLUSÃO Ante o exposto, no âmbito da Comissão de Educação e Cultura, manifestamos voto pela aprovação, no mérito, do Projeto de Lei nº 1677/2025.",parecer_autor
78604,151900,294746,GAB DEP MARTINS MACHADO,Não apreciado(a),merito_favoravel,"Pelo exposto, manifestamos voto pela APROVAÇÃO do Projeto de Decreto Legislativo nº 296/2025 no âmbito da Comissão de Assuntos Sociais.",parecer_autor
78605,151948,301048,GAB DEP GABRIEL MAGNO,Aprovado(a),merito_favoravel,"III - CONCLUSÕES Ante o exposto, no âmbito da Comissão de Educação e Cultura, manifestamos voto pela aprovação, no mérito, do Projeto de Lei Complementar nº 69/2025, na forma das Emendas nº 1 e nº 2.",parecer_autor
78606,151961,306466,GAB DEP DAYSE AMARILIO,Não apreciado(a),merito_favoravel,"III - CONCLUSÕES Diante do exposto, somos pela aprovação do mérito do Projeto de Decreto Legislativo nº 298, de 2025, que concede o Título de Cidadã Honorária de Brasília à senhora Maria Bernadeth Gomes dos Santos.",parecer_autor
78607,151970,294503,GAB DEP IOLANDO,Não apreciado(a),merito_favoravel,"III - CONCLUSÕES Dessa forma, manifestamos nosso voto pela APROVAÇÃO do Projeto de Lei Complementar nº 70/2025, no âmbito desta Comissão.",parecer_autor
78608,151970,294498,GAB DEP ROGÉRIO MORRO DA CRUZ,Não apreciado(a),merito_favoravel,"ão do respectivo ente público, dos servidores ativos e dos aposentados, observados critérios que preservem o equilíbrio financeiro e atuarial."" III - CONCLUSÕES Ante o exposto, no âmbito da Comissão de Assuntos Sociais, manifestamo-nos pela APROVAÇÃO do Projeto de Lei Complementar nº 70/2025.",parecer_autor
78609,151999,306288,GAB DEP ROGÉRIO MORRO DA CRUZ,Aprovado(a),merito_favoravel,"III - CONCLUSÕES Ante o exposto, no âmbito desta Comissão de Assuntos Sociais, manifestamos voto pela APROVAÇÃO, no mérito, do Projeto de Lei Complementar nº 71, de 2025.",parecer_autor
78610,152042,306598,GAB DEP THIAGO MANZONI,Aprovado(a),admissivel,"III - CONCLUSÕES Pelo exposto, manifestamos voto pela ADMISSIBILIDADE e APROVAÇÃO do Projeto de Decreto Legislativo nº 321/2025.",parecer_autor
78611,152088,295788,GAB DEP PAULA BELMONTE,Não apreciado(a),merito_favoravel,"Diante da relevância do tema e da abrangência das medidas propostas, recomendamos, portanto, o voto pela APROVAÇÃO do Projeto de Lei nº 1.691/2025, quanto ao mérito, com o acatamento da emenda nº 01 apresentada, no âmbito desta Comissão de Desenvolvimento Econômico Sustentável, Ciência, Tecnologia, Meio Ambiente e Turismo.",parecer_autor
78612,152109,301366,GAB DEP JOÃO CARDOSO,Aprovado(a),sem_clausula,,parecer_autor
78613,152117,302282,GAB DEP RICARDO VALE,Aprovado(a),merito_favoravel,"Por isso, não vejo problemas na aprovação da matéria, razão por que voto pela APROVAÇÃO do Projeto de Lei nº 1.695/2025.",parecer_autor
78614,152118,304996,GAB DEP DOUTORA JANE,Não apreciado(a),sem_clausula,,parecer_autor
78615,152154,301378,GAB DEP JOÃO CARDOSO,Não apreciado(a),sem_clausula,,parecer_autor
78616,152181,307390,GAB DEP ROGÉRIO MORRO DA CRUZ,Não apreciado(a),merito_favoravel,"III - CONCLUSÕES Ante o exposto, manifestamo-nos, no âmbito da Comissão de Assuntos Sociais, pela APROVAÇÃO, no mérito, do Projeto de Decreto Legislativo nº 311, de 2025.",parecer_autor
78617,152196,295065,CEOF,Aprovado(a),admissivel,"III - CONCLUSÕES Dessa forma, tendo em vista que a proposição observa as exigências formais e materiais do ordenamento jurídico e favorece o desenvolvimento da atuação governamental, voto pela ADMISSIBILIDADE e APROVAÇÃO do Projeto de Lei nº 1.702, de 2025, de autoria do Poder Executivo, no âmbito desta Comissão de Economia, Orçamento e Finanças.",parecer_autor
78618,152198,310107,GAB DEP HERMETO,Não apreciado(a),sem_clausula,,parecer_autor
78619,152200,313299,GAB DEP JOÃO CARDOSO,Não apreciado(a),sem_clausula,,parecer_autor
78620,152204,299444,GAB DEP MARTINS MACHADO,Não apreciado(a),merito_favoravel,"Pelo exposto, manifestamos voto pela APROVAÇÃO do Projeto de Decreto Legislativo nº 308/2025 no âmbito da Comissão de Assuntos Sociais.",parecer_autor
78621,152230,305165,GAB DEP MARTINS MACHADO,Não apreciado(a),merito_favoravel,"Assim, o voto é pela APROVAÇÃO DO PL 1711/2025.",parecer_autor
78622,152232,305060,GAB DEP PR DANIEL DE CASTRO,Aprovado(a),sem_clausula,,parecer_autor
78623,152246,299443,GAB DEP MARTINS MACHADO,Não apreciado(a),merito_favoravel,"Pelo exposto, manifestamos voto pela APROVAÇÃO do Projeto de Decreto Legislativo nº 312/2025 no âmbito da Comissão de Assuntos Sociais.",parecer_autor
78624,152250,295314,CEOF,Aprovado(a),admissivel,"III - CONCLUSÕES Dessa forma, tendo em vista que a proposição observa as exigências formais e materiais do ordenamento jurídico e favorece o desenvolvimento da atuação governamental, voto pela ADMISSIBILIDADE e APROVAÇÃO do Projeto de Lei nº 1.709, de 2025, de autoria do Poder Executivo, no âmbito desta Comissão de Economia, Orçamento e Finanças, com acatamento da emenda de número 1. É o parecer.",parecer_autor
78625,152265,302771,GAB DEP ROOSEVELT VILELA,Não apreciado(a),merito_favoravel,"III - CONCLUSÕES Considerando todo o exposto, verificada a oportunidade e a conveniência, nosso voto é pela APROVAÇÃO do Projeto de Resolução nº 59/2025.",parecer_autor
78626,152267,311302,GAB DEP PAULA BELMONTE,Não apreciado(a),merito_favoravel,"Diante da relevância do tema e da abrangência das medidas propostas, recomendamos, portanto, o voto pela APROVAÇÃO do Projeto de Lei nº 1.878/2025, quanto ao mérito, no âmbito desta Comissão de Desenvolvimento Econômico Sustentável, Ciência, Tecnologia, Meio Ambiente e Turismo.",parecer_autor
78627,152273,302184,GAB DEP RICARDO VALE,Não apreciado(a),merito_favoravel,"Com essas ponderações, voto pela APROVAÇÃO do Projeto de Lei nº 1.714/2025, na forma do substitutivo anexo.",parecer_autor
78628,152283,309898,GAB DEP PR DANIEL DE CASTRO,Não apreciado(a),merito_favoravel,"III - CONCLUSÕES Ante o exposto, voto pela aprovação do Projeto de Lei nº 1718/2025, de autoria do Deputado Rogério Morro da Cruz, no mérito, por entender que a matéria contribui para a formação cidadã dos estudantes da rede pública do Distrito Federal e atende ao interesse público.",parecer_autor
78629,152331,311467,GAB DEP HERMETO,Não apreciado(a),admissivel,"III - CONCLUSÕES Diante do exposto, a Comissão de Segurança opina pela CONSTITUCIONALIDADE, LEGALIDADE e MÉRITO FAVORÁVEL, recomendando a aprovação do Projeto de Lei nº 1.721/2025 com a incorporação das Emendas 1 e 2, que estabelecem prazo para requerimento dos militares já inativados e a observância dos critérios de merecimento e antiguidade nos p",parecer_autor
78630,152347,310909,GAB DEP JOÃO CARDOSO,Aprovado(a),sem_clausula,,parecer_autor
78631,152398,299434,GAB DEP MARTINS MACHADO,Aprovado(a),merito_favoravel,"Pelo exposto, manifestamos voto pela APROVAÇÃO do Projeto de Decreto Legislativo nº 320/2025 no âmbito da Comissão de Assuntos Sociais.",parecer_autor
78632,152401,302300,GAB DEP RICARDO VALE,Aprovado(a),merito_favoravel,"Por isso, por considerar que a Proposição atende ao interesse público e apresenta relevante mérito cultural, social e econômico, voto pela aprovação do Projeto de Lei nº 1.725/2025.",parecer_autor
78633,152403,319689,GAB DEP JOÃO CARDOSO,Não apreciado(a),sem_clausula,,parecer_autor
78634,152407,301816,GAB DEP PAULA BELMONTE,Aprovado(a),merito_favoravel,"Diante da relevância do tema e da abrangência das medidas propostas, recomendamos, portanto, o voto pela APROVAÇÃO do Projeto de Lei nº 1.726/2025, quanto ao mérito, no âmbito desta Comissão de Defesa dos Direitos da Mulher.",parecer_autor
78635,152411,310312,GAB DEP ROGÉRIO MORRO DA CRUZ,Aprovado(a),merito_favoravel,"III - CONCLUSÕES Ante tudo quanto exposto, no âmbito desta Comissão, somos pela APROVAÇÃO do Projeto de Lei nº 1729/2025, que Dispõe sobre a Política de Acolhimento de crianças e adolescentes vítimas ou testemunhas de violência, no âmbito do Distrito Federal.",parecer_autor
78636,152414,305489,GAB DEP IOLANDO,Aprovado(a),merito_favoravel,"III - CONCLUSÕES Do exposto, vota-se, no âmbito da CFGTC, pela APROVAÇÃO do PL nº 1.728/2025, nos termos do art. 73, I, “d”, do RICLDF.",parecer_autor
78637,152415,305253,GAB DEP MARTINS MACHADO,Não apreciado(a),merito_favoravel,"Portanto, votamos, no mérito, pela aprovação do Projeto de Lei n.º 1757, de 2025.",parecer_autor
78638,152435,305006,GAB DEP DOUTORA JANE,Não apreciado(a),merito_favoravel,"III - CONCLUSÕES Diante do exposto, o voto é pela aprovação do Projeto de Lei nº 1733/2025, de autoria do Deputado Rogério Morro da Cruz, no âmbito da Comissão de Desenvolvimento Econômico Sustentável, Ciência, Tecnologia, Meio Ambiente e Turismo – CDESCTMAT.",parecer_autor
78639,152437,319021,GAB DEP MARTINS MACHADO,Aprovado(a),sem_clausula,,parecer_autor
78640,152472,301188,GAB DEP MARTINS MACHADO,Não apreciado(a),merito_favoravel,"Assim, o voto é pela APROVAÇÃO do Projeto de Lei n° 1735/2025.",parecer_autor
78641,152472,305430,GAB DEP PR DANIEL DE CASTRO,Não apreciado(a),sem_clausula,,parecer_autor
78642,152515,305031,GAB DEP DOUTORA JANE,Não apreciado(a),sem_clausula,,parecer_autor
78643,152515,301726,GAB DEP PAULA BELMONTE,Não apreciado(a),merito_favoravel,"Diante da relevância do tema e da abrangência das medidas propostas, recomendamos, portanto, o voto pela APROVAÇÃO do Projeto de Lei nº 1.736/2025, quanto ao mérito, no âmbito desta Comissão de Fiscalização, Governança, Transparência e Controle.",parecer_autor
78644,152518,310311,GAB DEP ROGÉRIO MORRO DA CRUZ,Aprovado(a),merito_favoravel,"III - CONCLUSÕES Ante todo o exposto, no âmbito desta Comissão, somos pela APROVAÇÃO do Projeto de Lei nº 1740/2025, que “Institui o Programa ‘COMIDA PARA TODOS’ nos restaurantes comunitários do Distrito Federal e dá outras providências.”",parecer_autor
78645,152555,311728,GAB DEP JOÃO CARDOSO,Aprovado(a),sem_clausula,,parecer_autor
78646,152574,301708,CEOF,Aprovado(a),sem_clausula,,parecer_autor
78647,152574,301537,GAB DEP PAULA BELMONTE,Não apreciado(a),sem_clausula,,parecer_autor
78648,152582,301819,GAB DEP PAULA BELMONTE,Não apreciado(a),merito_favoravel,"Diante da relevância do tema e da abrangência das medidas propostas, recomendamos, portanto, o voto pela APROVAÇÃO do Projeto de Lei nº 1.746/2025, quanto ao mérito, no âmbito desta Comissão de Desenvolvimento Econômico Sustentável, Ciência, Tecnologia, Meio Ambiente e Turismo.",parecer_autor
78649,152595,304995,GAB DEP DOUTORA JANE,Não apreciado(a),sem_clausula,,parecer_autor
78650,152597,305004,GAB DEP MARTINS MACHADO,Não apreciado(a),merito_favoravel,"III – CONCLUSÃO Pelo exposto, manifestamos voto pela APROVAÇÃO do Projeto de Decreto Legislativo nº 329/2025 no âmbito da Comissão de Assuntos Sociais.",parecer_autor
78651,152641,313702,GAB DEP CHICO VIGILANTE,Aprovado(a),merito_favoravel,"III – CONCLUSÃO Assim, considerados os aspectos de necessidade, conveniência e viabilidade examinados, votamos, no mérito, pela APROVAÇÃO do Projeto de Lei nº 1.751/2025 no âmbito desta Comissão de Defesa do Consumidor.",parecer_autor
78652,152642,310688,GAB DEP ROGÉRIO MORRO DA CRUZ,Não apreciado(a),merito_favoravel,"III - CONCLUSÕES Ante o exposto, manifestamos, no mérito, pela APROVAÇÃO do Projeto de Decreto Legislativo nº 336, de 2025, no âmbito desta Comissão de Assuntos Sociais.",parecer_autor
78653,152656,313913,GAB DEP ROGÉRIO MORRO DA CRUZ,Não apreciado(a),merito_favoravel,"III - CONCLUÃO Diante de tudo quanto exposto, no âmbito desta Comissão, no que tange ao mérito, somos pela APROVAÇÃO do Projeto de Lei nº 1760/2025.",parecer_autor
78654,152692,308294,GAB DEP JOÃO CARDOSO,Aprovado(a),sem_clausula,,parecer_autor
78655,152711,306246,GAB DEP ROOSEVELT VILELA,Aprovado(a),merito_favoravel,"III - CONCLUSÕES Diante do exposto, somos pela APROVAÇÃO, no mérito, do Projeto de Lei nº 1.761/2025, no âmbito da Comissão de Produção Rural e Abastecimento, na forma do substitutivo anexo.",parecer_autor
78656,152731,309751,GAB DEP IOLANDO,Aprovado(a),merito_favoravel,"III - CONCLUSÕES Considerando todo o exposto, nosso voto é pela APROVAÇÃO do Projeto de Lei nº 1.795/2025, no âmbito da Comissão de Fiscalização, Governança, Transparência e Controle.",parecer_autor
78657,152731,317553,GAB DEP ROGÉRIO MORRO DA CRUZ,Não apreciado(a),merito_favoravel,"III - CONCLUSÃO Ante o exposto, manifestamo-nos, no âmbito da Comissão de Assuntos Sociais, pela APROVAÇÃO, no mérito, do Projeto de Lei nº 1.795, de 2025, de autoria da nobre Deputada Paula Belmonte, que ""Dispõe sobre a avaliação periódica de políticas públicas no âmbito da Administração Pública do Distrito Federal, em cumprimento ao disposto no § 16 do art. 37 d",parecer_autor
78658,152738,305005,GAB DEP MARTINS MACHADO,Aprovado(a),merito_favoravel,"III – CONCLUSÃO Pelo exposto, manifestamos voto pela APROVAÇÃO do Projeto de Decreto Legislativo nº 325/2025 no âmbito da Comissão de Assuntos Sociais.",parecer_autor
78659,152751,304928,GAB DEP DAYSE AMARILIO,Não apreciado(a),merito_favoravel,"III - CONCLUSÕES Diante do exposto, no âmbito desta Comissão de Assuntos Sociais, somos pela aprovação do mérito do Projeto de Lei nº 1764, de 2025.",parecer_autor
78660,152782,310677,GAB DEP ROGÉRIO MORRO DA CRUZ,Não apreciado(a),merito_favoravel,"III - CONCLUSÕES Ante o exposto, manifestamo-nos, no âmbito da Comissão de Assuntos Sociais, pela APROVAÇÃO, no mérito, do Projeto de Decreto Legislativo nº 326/2025.",parecer_autor
78661,152789,301811,GAB DEP PAULA BELMONTE,Aprovado(a),merito_favoravel,"Diante da relevância do tema e da abrangência das medidas propostas, recomendamos, portanto, o voto pela APROVAÇÃO do Projeto de Lei nº 1.769/2025, quanto ao mérito, no âmbito desta Comissão de Defesa dos Direitos da Mulher.",parecer_autor
78662,152912,317555,GAB DEP ROGÉRIO MORRO DA CRUZ,Não apreciado(a),merito_favoravel,"III - CONCLUSÃO Ante o exposto, manifestamo-nos, no âmbito da Comissão de Assuntos Sociais, pela APROVAÇÃO, no mérito, do Projeto de Decreto Legislativo nº 328, de 2025, de autoria do Deputado Wellington Luiz, que ""Concede o Título de Cidadão Honorário de Brasília ao Excelentíssimo Ministro Luís Roberto Barroso"".",parecer_autor
78663,152946,303807,GAB DEP IOLANDO,Não apreciado(a),admissivel,"III - CONCLUSÕES Diante do exposto, no âmbito desta Comissão de Constituição e Justiça, manifestamos voto pela ADMISSIBILIDADE do Projeto de Lei nº 1780/2025.",parecer_autor
78664,152971,313410,GAB DEP PR DANIEL DE CASTRO,Não apreciado(a),merito_favoravel,"III - CONCLUÃO Diante do exposto, voto pela APROVAÇÃO do Projeto de Lei nº 1784/2025, por reconhecer seu mérito e relevância social, cultural e inclusiva.",parecer_autor
78665,152976,304916,GAB DEP DOUTORA JANE,Não apreciado(a),merito_favoravel,"III - CONCLUSÕES Diante do exposto, o voto é pela APROVAÇÃO do Projeto de Lei nº 1.785/2025, de autoria do Deputado Iolando, no âmbito da Comissão de Desenvolvimento Econômico Sustentável, Ciência, Tecnologia, Meio Ambiente e Turismo – CDESCTMAT.",parecer_autor
78666,152994,315933,GAB DEP RICARDO VALE,Aprovado(a),merito_favoravel,"Nesse sentido, considerando o mérito cultural, histórico e social da Proposição, bem como sua adequação às normas legais e regimentais, voto pela APROVAÇÃO do Projeto de Lei nº 1826/2025.",parecer_autor
78667,153000,306331,GAB DEP PEPA,Não apreciado(a),merito_favoravel,"IV - CONCLUSÕES À vista do exposto, a Comissão de Produção Rural e Abastecimento manifesta-se pela aprovação do Projeto de Lei nº 1787/2025, com a emenda aditiva apresentada, por considerar que o texto, assim modificado, reforça a segurança jurídica, a justiça social e a função social da terra no Distrito Federal.",parecer_autor
78668,153032,314761,GAB DEP JOÃO CARDOSO,Não apreciado(a),sem_clausula,,parecer_autor
78669,153045,307548,GAB DEP MARTINS MACHADO,Aprovado(a),merito_favoravel,"III – CONCLUSÃO Diante do exposto, votamos, no mérito, pela aprovação do Projeto de Lei n.º 1789, de 2025.",parecer_autor
78670,153052,305003,GAB DEP MARTINS MACHADO,Não apreciado(a),merito_favoravel,"III – CONCLUSÃO Pelo exposto, manifestamos voto pela APROVAÇÃO do Projeto de Decreto Legislativo nº 333/2025 , no âmbito da Comissão de Assuntos Sociais.",parecer_autor
78671,153069,307971,GAB DEP HERMETO,Aprovado(a),merito_favoravel,"III – CONCLUSÃO Diante do exposto, manifestamo-nos pela APROVAÇÃO, no mérito, do Projeto de Lei nº 1.803, de 2025, no âmbito desta Comissão de Defesa do Consumidor.",parecer_autor
78672,153069,313058,GAB DEP MAX MACIEL,Aprovado(a),sem_clausula,,parecer_autor
78673,153119,313190,GAB DEP PEPA,Aprovado(a),merito_favoravel,"regulamentação e implementação exigirão um planejamento cuidadoso para mitigar os riscos operacionais, de segurança e, sobretudo, para desestimular o comportamento de inadimplência estratégica III - CONCLUÃO Do exposto, vota-se, no âmbito da CTMU, pela APROVAÇÃO do PL nº 1.797, de 2025, com a Emenda Modificativa nº 1-CTMU e a Emenda Aditiva nº 2-CTMU, nos termos do art. 74, incisos I, II e IV, do RICLDF",parecer_autor
78674,153131,308633,GAB DEP DOUTORA JANE,Não apreciado(a),merito_favoravel,"III - CONCLUSÕES Diante do exposto, a Comissão de Desenvolvimento Econômico Sustentável, Ciência, Tecnologia, Meio Ambiente e Turismo – CDESCTMAT manifesta-se, no mérito, pela aprovação do Projeto de Lei nº 1812/2025, de autoria do Deputado Wellington Luiz, em sua forma original.",parecer_autor
78675,153132,305983,GAB DEP DAYSE AMARILIO,Aprovado(a),merito_favoravel,"III - CONCLUSÕES Ante o exposto, no âmbito desta Comissão de Assuntos Sociais, somos pela aprovação no mérito, do Projeto de Lei nº 1811, de 2025.",parecer_autor
78676,153185,316067,GAB DEP RICARDO VALE,Aprovado(a),merito_favoravel,"Por isso, voto pela APROVAÇÃO do Projeto de Lei nº 1.804/2025.",parecer_autor
78677,153197,307149,GAB DEP PEPA,Não apreciado(a),merito_favoravel,"e a espaços públicos e fomentar parcerias com a iniciativa privada no que tange à realização de eventos esportivos, culturais, recreativos e educativos, apresentamos o substitutivo anexo III - CONCLUSÕES Ante o exposto, somos pela APROVAÇÃO do Projeto de Lei nº 1.806, de 2025, no âmbito da Comissão de Assuntos Fundiários, na forma do substitutivo do relator.",parecer_autor
78678,153202,305919,GAB DEP JOÃO CARDOSO,Aprovado(a),sem_clausula,,parecer_autor
78679,153216,315992,GAB DEP CHICO VIGILANTE,Não apreciado(a),admissivel,"819/2025 não invade competência privativa da União ou do Poder Executivo, e que trata de medidas administrativas e de proteção social compatíveis com a competência legislativa e suplementar do Distrito Federal, o voto é pela ADMISSIBILIDADE no âmbito da Comissão de Constituição e Justiça.",parecer_autor
78680,153216,305867,GAB DEP PAULA BELMONTE,Aprovado(a),merito_favoravel,"Diante da relevância do tema e da abrangência das medidas propostas, recomendamos, portanto, o voto pela APROVAÇÃO do Projeto de Lei nº 1.819/2025, quanto ao mérito, no âmbito desta Comissão de Defesa dos Direitos da Mulher.",parecer_autor
78681,153219,312070,GAB DEP PR DANIEL DE CASTRO,Não apreciado(a),merito_favoravel,"III - CONCLUSÕES Diante do exposto, o voto é pela APROVAÇÃO do Projeto de Lei nº 1817, de 2025, de autoria do Deputado Max Maciel.",parecer_autor
78682,153224,317201,GAB DEP ROGÉRIO MORRO DA CRUZ,Aprovado(a),merito_favoravel,"III - CONCLUSÕES Ante o exposto, manifestamos, no mérito, pela APROVAÇÃO, no mérito, do Projeto de Lei nº 1.815, de 2025, de autoria do Deputado Max Maciel, que ""Institui a Política Distrital de Enfrentamento ao Racismo Obstétrico no âmbito do Distrito Federal."".",parecer_autor
78683,153225,307911,GAB DEP FÁBIO FÉLIX,Aprovado(a),merito_favoravel,"Assim, diante da relevância da matéria, bem como da necessidade e conveniência da medida veiculada pelo projeto, o voto manifesta-se pela aprovação, no âmbito da Comissão de Transporte e Mobilidade Urbana, do projeto de lei n.º 1.816/2025.",parecer_autor
78684,153247,306947,GAB DEP ROBÉRIO NEGREIROS,Não apreciado(a),inadmissivel,"III- CONCLUSÃO Por esses motivos, com fundamento no art. 60, inciso VI, da Lei Orgânica do Distrito Federal e no art. 64, I, do Regimento Interno da Câmara Legislativa do Distrito Federal, nosso voto é pela INADMISSIBILIDADE do Projeto de Decreto Legislativo nº 337/2025.",parecer_autor
78685,153249,312580,GAB DEP GABRIEL MAGNO,Aprovado(a),merito_favoravel,"III - CONCLUÃO Ante o exposto, no âmbito da Comissão de Transporte e Mobilidade Urbana, manifestamos voto pela aprovação, no mérito, do Projeto de Lei n° 1.821, de 2025, com a Emenda nº 01.",parecer_autor
78686,153276,315969,GAB DEP RICARDO VALE,Aprovado(a),merito_favoravel,"Por isso, voto pela APROVAÇÃO do Projeto de Lei nº 1829/2025.",parecer_autor
78687,153289,308293,GAB DEP JOÃO CARDOSO,Aprovado(a),sem_clausula,,parecer_autor
78688,153313,307530,GAB DEP MARTINS MACHADO,Não apreciado(a),merito_favoravel,"III – CONCLUSÃO Pelo exposto, manifestamos voto pela APROVAÇÃO do Projeto de Decreto Legislativo nº 339/2025 no âmbito da Comissão de Assuntos Sociais.",parecer_autor
78689,153363,307532,GAB DEP MARTINS MACHADO,Não apreciado(a),merito_favoravel,"III – CONCLUSÃO Pelo exposto, manifestamos voto pela APROVAÇÃO do Projeto de Decreto Legislativo nº 338/2025 no âmbito da Comissão de Assuntos Sociais.",parecer_autor
78690,153388,312642,GAB DEP GABRIEL MAGNO,Não apreciado(a),merito_favoravel,"III - CONCLUÃO Ante o exposto, no âmbito da Comissão de Educação e Cultura, manifestamos voto pela aprovação, no mérito, do Projeto de Lei nº 1832/2025.",parecer_autor
78691,153419,305927,GAB DEP RICARDO VALE,Aprovado(a),merito_favoravel,"Por isso, voto pela aprovação do Projeto de Lei nº 1.833, de 2025, com as emendas anexas.",parecer_autor
78692,153465,307540,GAB DEP MARTINS MACHADO,Não apreciado(a),merito_favoravel,"III – CONCLUSÃO Pelo exposto, manifestamos voto pela APROVAÇÃO do Projeto de Decreto Legislativo nº 342/2025 no âmbito da Comissão de Assuntos Sociais.",parecer_autor
78693,153530,306342,GAB DEP HERMETO,Não apreciado(a),merito_favoravel,"III – CONCLUSÃO Diante do exposto, no âmbito desta Comissão de Defesa do Consumidor, manifestamos voto pela APROVAÇÃO do Projeto de Lei nº 1846, de 2025, por atender aos aspectos de necessidade, conveniência, oportunidade e relevância.",parecer_autor
78694,153530,306701,GAB DEP MAX MACIEL,Não apreciado(a),merito_favoravel,"Assim, diante da relevância da matéria, bem como da necessidade e conveniência da medida veiculada pelo projeto, o voto manifesta-se pela aprovação do projeto de lei n.º 1.846/2025, na forma das emendas aditivas N.º 1 e N.º 2 apresentadas.",parecer_autor
78695,153551,316372,GAB DEP RICARDO VALE,Não apreciado(a),merito_favoravel,"Por isso, considerando o mérito histórico e social da Proposição, bem como sua adequação às normas legais e regimentais, voto pela APROVAÇÃO do Projeto de Lei nº 1871/2025.",parecer_autor
78696,153584,312707,GAB DEP ROBÉRIO NEGREIROS,Não apreciado(a),admissivel,"III – CONCLUSÃO Ante o exposto, no âmbito da Comissão de Constituição e Justiça, manifestamo-nos pela ADMISSIBILIDADE do Projeto de Resolução nº 64/2025, de autoria do Deputado Rogério Morro da Cruz, que ""institui o Prêmio Isaac Roitman, destinado a reconhecer produções acadêmicas e científicas de pesquisadores e pesquisadoras cujos trabalhos tenham contribuído de forma rele",parecer_autor
78697,153609,320021,GAB DEP GABRIEL MAGNO,Não apreciado(a),merito_favoravel,"III - CONCLUSÃO Ante o exposto, no âmbito da Comissão de Educação e Cultura, manifestamos voto pela aprovação, no mérito, do Projeto de Lei nº 1.863/2025.",parecer_autor
78698,153611,306764,GAB DEP HERMETO,Aprovado(a),merito_favoravel,"III – CONCLUSÃO Dessa forma, tendo em vista que a proposição observa as exigências formais e materiais do ordenamento jurídico, voto, no mérito, pela APROVAÇÃO do Projeto de Lei nº 1.864, de 2025, de autoria do Poder Executivo, no âmbito desta Comissão de Segurança.",parecer_autor
78699,153626,311830,GAB DEP RICARDO VALE,Não apreciado(a),merito_favoravel,"Por isso, a iniciativa pareceu-me oportuna, razão pela qual voto pela APROVAÇÃO do Projeto de Lei nº 1.914/2025.",parecer_autor
78700,153651,316216,GAB DEP RICARDO VALE,Aprovado(a),merito_favoravel,"Por isso, voto pela APROVAÇÃO do Projeto de Lei nº 1869/2025.",parecer_autor
78701,153672,319774,CEOF,Não apreciado(a),admissivel,", 31, 32, 33, 34, 35, 36, 37, 38, 39, 40, 41, 42, 43, 44, 45, 46, 47, 48, 49, 50, 51, 52, 53, 54, 55, 56, 57, 83, 110, 152, 153, 399, 410, 444, 461, 468, 584, 635 e 639. III – CONCLUSÃO Ante a todo o acima exposto somos pela ADMISSIBILIDADE, nesta Comissão de Orçamento e Finanças, do Projeto de Lei Complementar nº 78/2025, conforme o Parecer nº 1 aprovado na Comissão de Assuntos Fundiários, observando as disposições acima relatadas sobre as emendas apresentadas.",parecer_autor
78702,153672,319443,CAF,Não apreciado(a),sem_clausula,,parecer_autor
78703,153672,319777,GAB DEP ROBÉRIO NEGREIROS,Aprovado(a),admissivel,"III – Voto Por todo o exposto, considerado o disposto nos Anexos I e II do presente Parecer, somos pela ADMISSIBILIDADE do Projeto de Lei Complementar nº 78, de 2025: Sendo pela ADMISSIBILIADE as seguintes emendas: 02, 03, 58, 59, 60, 62, 65, 67, 69, 73, 76, 80, 86, 90, 92, 93, 97, 101, 106, 107, 108, 113, 114, 115, 117, 118, 121,125, 131, 132, 135, 136, 137, 138, 139, 142, 14",parecer_autor
78704,153684,321715,GAB DEP PR DANIEL DE CASTRO,Não apreciado(a),merito_favoravel,"III - CONCLUSÃO Diante do exposto, no âmbito da competência desta Comissão de Educação e Cultura, voto pela APROVAÇÃO DO PROJETO DE LEI Nº 1881/2025, de autoria do Deputado Jorge Vianna, por seus méritos, quanto à conveniência e à oportunidade.",parecer_autor
78705,153729,307534,GAB DEP MARTINS MACHADO,Não apreciado(a),merito_favoravel,"III – CONCLUSÃO Pelo exposto, manifestamos voto pela APROVAÇÃO do Projeto de Decreto Legislativo nº 343/2025 no âmbito da Comissão de Assuntos Sociais.",parecer_autor
78706,153745,314821,GAB DEP JOÃO CARDOSO,Não apreciado(a),sem_clausula,,parecer_autor
78707,153793,319019,GAB DEP MARTINS MACHADO,Não apreciado(a),merito_favoravel,"de e promoção do esporte, e contribui para o turismo e para a movimentação de diversos setores econômicos do Distrito Federal, consolidando Brasília como polo de grandes eventos esportivos alternativos, razão pela qual, votamos, no mérito, pela aprovação do Projeto de Lei n.º 1924, de 2025.",parecer_autor
78708,153860,310328,GAB DEP JOÃO CARDOSO,Não apreciado(a),sem_clausula,,parecer_autor
78709,153913,311305,GAB DEP HERMETO,Aprovado(a),admissivel,"III - CONCLUSÕES Diante do exposto, a Comissão de Segurança manifesta-se pela CONSTITUCIONALIDADE, LEGALIDADE e MÉRITO FAVORÁVEL, opinando pela aprovação do Projeto de Lei nº 1.908/2025, que institui o Dia do Oficial da Reserva do Exército R/2 no calendário oficial de eventos do Distrito Federal.",parecer_autor
78710,153935,316392,GAB DEP RICARDO VALE,Aprovado(a),merito_favoravel,"Nesse sentido, voto pela APROVAÇÃO do Projeto de Lei nº 1896/2025.",parecer_autor
78711,153953,316908,GAB DEP DAYSE AMARILIO,Aprovado(a),merito_favoravel,"Assim, diante da relevância da matéria, bem como da necessidade e conveniência da medida veiculada pelo projeto, o voto manifesta-se pela aprovação, no âmbito da Comissão de Assuntos Sociais, do projeto de lei n.º 1.895/2025.",parecer_autor
78712,153971,312127,GAB DEP IOLANDO,Aprovado(a),admissivel,"III - CONCLUSÕES Diante do exposto, no âmbito desta Comissão de Constituição e Justiça, manifestamos voto pela ADMISSIBILIDADE do Projeto de Lei nº 1894, de 2025.",parecer_autor
78713,153975,309979,GAB DEP JOÃO CARDOSO,Não apreciado(a),sem_clausula,,parecer_autor
78714,153993,310627,GAB DEP HERMETO,Aprovado(a),admissivel,"III - CONCLUSÕES Diante do exposto, a Comissão de Defesa do Consumidor opina pela CONSTITUCIONALIDADE, LEGALIDADE e MÉRITO FAVORÁVEL à aprovação do Projeto de Lei nº 1.899/2025, por fortalecer a proteção do consumidor, exigir transparência nas contratações e prevenir fraudes em débitos automáticos.",parecer_autor
78715,154011,313751,GAB DEP DOUTORA JANE,Não apreciado(a),merito_favoravel,"Sala de sessões… III - CONCLUSÕES Diante do exposto, o voto é pela APROVAÇÃO do Projeto de Lei nº 1903/2025, de autoria do Deputado Roosevelt, no âmbito da Comissão de Segurança (CS), por estar em consonância com os princípios constitucionais de proteção à vida, à segurança e à saúde pública, e por promover a cultura de prevenção e re",parecer_autor
78716,154036,318988,GAB DEP JOÃO CARDOSO,Não apreciado(a),sem_clausula,,parecer_autor
78717,154046,317091,CEOF,Aprovado(a),admissivel,"II – CONCLUSÃO Dessa forma, tendo em vista que a proposição observa as exigências formais e materiais do ordenamento jurídico e favorece a execução de políticas públicas relevantes, voto pela ADMISSIBILIDADE e APROVAÇÃO do Processo n° 37, de 2025, de autoria do Poder Executivo, no âmbito desta Comissão de Economia, Orçamento e Finanças nos termos do Projeto de Decreto Legislativo anexo.",parecer_autor
78718,154104,313258,GAB DEP GABRIEL MAGNO,Não apreciado(a),merito_favoravel,"III - CONCLUÃO Ante o exposto, no âmbito da Comissão de Educação e Cultura, manifestamos voto pela aprovação, no mérito, do Projeto de Lei nº 1910/2025.",parecer_autor
78719,154146,319013,GAB DEP MARTINS MACHADO,Não apreciado(a),merito_favoravel,"III – CONCLUSÃO Pelo exposto, manifestamos voto pela APROVAÇÃO do Projeto de Decreto Legislativo nº 353/2025 no âmbito da Comissão de Assuntos Sociais.",parecer_autor
78720,154167,317203,GAB DEP ROGÉRIO MORRO DA CRUZ,Não apreciado(a),sem_clausula,,parecer_autor
78721,154172,319018,GAB DEP MARTINS MACHADO,Não apreciado(a),merito_favoravel,"nto institucional da importância dos Jogos Interpenais como instrumento de fortalecimento da Polícia Penal do Distrito Federal, promovendo a integração, o respeito e a valorização de seus profissionais, razão pela qual, votamos, no mérito, pela aprovação do Projeto de Lei n.º 1930, de 2025.",parecer_autor
78722,154180,314611,GAB DEP JOAQUIM RORIZ NETO,Não apreciado(a),merito_favoravel,"III - CONCLUSÃO Ante o exposto, no âmbito desta Comissão de Desenvolvimento Econômico Sustentável, Ciência, Tecnologia, Meio Ambiente e Turismo - CDESCTMAT, voto pela APROVAÇÃO da indicação senhor Raimundo da Silva Ribeiro Neto para recondução ao cargo de Diretor-Presidente da Agência Reguladora de Águas, Energia e Saneamento Básico do Distrito Federal — ADASA.",parecer_autor
78723,154204,314851,GAB DEP JOÃO CARDOSO,Não apreciado(a),sem_clausula,,parecer_autor
78724,154275,323110,GAB DEP ROOSEVELT VILELA,Aprovado(a),merito_favoravel,"III - CONCLUSÃO Pelo disposto, votamos pela APROVAÇÃO do Projeto de Lei nº 1.926, de 2025, com a emenda substitutiva em anexo, no âmbito da Comissão de Segurança - CS.",parecer_autor
78725,154305,314826,GAB DEP JOÃO CARDOSO,Não apreciado(a),sem_clausula,,parecer_autor
78726,154308,314905,GAB DEP JOÃO CARDOSO,Não apreciado(a),sem_clausula,,parecer_autor
78727,154330,316274,GAB DEP JOÃO CARDOSO,Não apreciado(a),sem_clausula,,parecer_autor
78728,154350,319008,GAB DEP MARTINS MACHADO,Não apreciado(a),merito_favoravel,"III – CONCLUSÃO Pelo exposto, manifestamos voto pela APROVAÇÃO do Projeto de Decreto Legislativo nº 368/2025 no âmbito da Comissão de Assuntos Sociais.",parecer_autor
78729,154354,319015,GAB DEP MARTINS MACHADO,Não apreciado(a),merito_favoravel,"III – CONCLUSÃO Pelo exposto, manifestamos voto pela APROVAÇÃO do Projeto de Decreto Legislativo nº 364/2025 no âmbito da Comissão de Assuntos Sociais.",parecer_autor
78730,154385,314340,CEOF,Aprovado(a),sem_clausula,,parecer_autor
78731,154385,318744,GAB DEP JAQUELINE SILVA,Aprovado(a),merito_favoravel,"III - CONCLUSÃO Por todo o exposto, e nos termos do art. 229 do RICLDF, somos favoráveis à ADMISSIBILIDADE e APROVAÇÃO do Projeto de Lei 1.937/2025, que “Estima a Receita e fixa a Despesa do Distrito Federal para o exercício financeiro de 2026”, de autoria do Poder Executivo, bem como das emendas elencadas no Quadro 4 e Quadro 5, com as subemenda",parecer_autor
78732,154385,319056,GAB DEP JORGE VIANNA,Aprovado(a),merito_favoravel,"4.492.000,00. [4] Outras 3 emendas no respectivo programa de gestão (Direitos Humanos – Gestão e Manutenção), no valor de R$ 1.592.000,00. III - CONCLUSÃO Por todo o exposto, e nos termos dos arts. 228 e 229 do RICLDF, somos favoráveis à ADMISSIBILIDADE e APROVAÇÃO do Projeto de Lei nº 1.937, de 2025, que estima a receita e fixa a despesa do Distrito Federal para o exercício financeiro de 2026, de autoria do Poder Executivo, bem como das emendas elencadas nos Quadros 4 e 5 com as subemendas",parecer_autor
78733,154385,317850,GAB DEP JOAQUIM RORIZ NETO,Aprovado(a),sem_clausula,,parecer_autor
78734,154385,318231,GAB DEP PAULA BELMONTE,Aprovado(a),sem_clausula,,parecer_autor
78735,154423,312916,GAB DEP ROBÉRIO NEGREIROS,Não apreciado(a),admissivel_com_ressalva,"III – CONCLUSÃO Diante do exposto, considerando que a proposição atende aos pressupostos de constitucionalidade, legalidade, juridicidade, regimentalidade e técnica legislativa, o voto é pela ADMISSIBILIDADE do Projeto de Lei Complementar nº 81, de 2025, na forma do Substitutivo apresentado.",parecer_autor
78736,154499,321945,CEOF,Não apreciado(a),admissivel_com_ressalva,"III - CONCLUSÃO Dessa forma, tendo em vista que a proposição observa as exigências formais e materiais do ordenamento jurídico e favorece a execução de políticas públicas relevantes, voto pela ADMISSIBILIDADE e APROVAÇÃO do Processo n° 42, de 2025, de autoria do Poder Executivo, no âmbito desta Comissão de Economia, Orçamento e Finanças, na forma do projeto de decreto legislativo anexo.",parecer_autor
78737,154627,317852,GAB DEP GABRIEL MAGNO,Não apreciado(a),merito_favoravel,"III - CONCLUSÃO Diante do exposto, votamos pela APROVAÇÃO do Projeto de Lei nº 1.955, de 2025, no âmbito desta Comissão de Transporte e Mobilidade Urbana.",parecer_autor
78738,154677,317071,GAB DEP MAX MACIEL,Aprovado(a),sem_clausula,,parecer_autor
78739,154761,319020,GAB DEP MARTINS MACHADO,Aprovado(a),merito_favoravel,"os da promoção da cultura e contribui para o turismo e para a movimentação de diversos setores econômicos do Distrito Federal, consolidando Brasília como polo de grandes eventos esportivos alternativos, razão pela qual, votamos, no mérito, pela aprovação do Projeto de Lei n.º 1974, de 2025.",parecer_autor
78740,154762,316262,GAB DEP JOÃO CARDOSO,Não apreciado(a),sem_clausula,,parecer_autor
78741,154805,317040,GAB DEP PAULA BELMONTE,Não apreciado(a),merito_favoravel,"Diante da relevância do tema e da abrangência das medidas propostas, recomendamos, portanto, o voto pela APROVAÇÃO do Projeto de Lei nº 1.978/2025, quanto ao mérito, no âmbito desta Comissão de Defesa dos Direitos da Mulher.",parecer_autor
78742,154847,317292,GAB DEP DANIEL DONIZET,Aprovado(a),merito_favoravel,"III - CONCLUSÃO Pelo exposto, manifesta-se voto pela APROVAÇÃO do PL nº 1982/2025.",parecer_autor
78743,155034,317090,CEOF,Aprovado(a),admissivel,"II – CONCLUSÃO Dessa forma, tendo em vista que a proposição observa as exigências formais e materiais do ordenamento jurídico e favorece a execução de políticas públicas relevantes, voto pela ADMISSIBILIDADE e APROVAÇÃO do Processo, no âmbito desta Comissão de Economia, Orçamento e Finanças nos termos do Projeto de Decreto Legislativo anexo.",parecer_autor
78744,155080,319041,GAB DEP IOLANDO,Aprovado(a),merito_favoravel,"III - CONCLUSÃO Diante do exposto, no âmbito da Comissão de Fiscalização, Governança, Transparência e Controle, manifesto voto pela APROVAÇÃO do Projeto de Lei nº 2.001/2025.",parecer_autor
78745,155300,323241,GAB DEP JOÃO CARDOSO,Aprovado(a),sem_clausula,,parecer_autor
78746,155520,319467,CEOF,Aprovado(a),admissivel,"III - CONCLUSÃO Pelo exposto, vota-se, no âmbito da CEOF, pela admissibilidade e aprovação da indicação do Senhor Nelson Antônio de Souza para o cargo de Diretor-Presidente do Banco de Brasília – BRB, nos termos do art. 65, III, “i”, do RICLDF.",parecer_autor
78747,155647,322126,CEOF,Aprovado(a),admissivel_com_ressalva,"Economia, Orçamento e Finanças III - CONCLUSÃO Dessa forma, tendo em vista que a proposição observa as exigências formais e materiais do ordenamento jurídico e favorece a execução de políticas públicas relevantes, voto pela ADMISSIBILIDADE e APROVAÇÃO do Processo n° 46/2025 de autoria do Poder Executivo, no âmbito desta Comissão de Economia, Orçamento e Finanças, na forma do projeto de decreto legislativo anexo.",parecer_autor
78748,7675,334349,GAB DEP RICARDO VALE,Não apreciado(a),sem_clausula,,parecer_autor
78749,8761,331649,GAB DEP JAQUELINE SILVA,Não apreciado(a),merito_favoravel,"III- CONCLUSÃO Em face do que foi apresentado, manifestamo-nos, no mérito, pela aprovação do Projeto de Lei nº 2882/2022 , nesta CDDHCLP.",parecer_autor
78750,8940,335058,GAB DEP CHICO VIGILANTE,Não apreciado(a),admissivel,"ento nos arts. 23, inciso XII, 30, incisos I e V, e § 1º, todos da Constituição Federal; nos arts. 3º, inciso VI, 71, inciso I, 335, caput, e 342, inciso III; todos da Lei Orgânica do Distrito Federal; manifestamos voto pela ADMISSIBILIDADE constitucional e jurídica do Projeto de Lei nº 2.925, de 2022.",parecer_autor
78751,8952,325511,GAB DEP JAQUELINE SILVA,Não apreciado(a),merito_favoravel,"III- CONCLUSÃO Em face do que foi apresentado, manifestamo-nos, no mérito, pela aprovação do PL nº 2.935, de 2022, e do PL nº 3.073, de 2022, na forma do Substitutivo nº 2, apresentado pela CAS, nesta CDDHCLP.",parecer_autor
78752,9531,324917,GAB DEP ROBÉRIO NEGREIROS,Não apreciado(a),sem_clausula,,parecer_autor
78753,9978,334541,GAB DEP MARTINS MACHADO,Não apreciado(a),merito_favoravel,"umanização e equidade no cuidado a pacientes oncológicos e outras pessoas com alopecia, com baixo custo operacional e forte potencial de impacto positivo na qualidade de vida e na adesão ao tratamento, razão pela qual o voto pela APROVAÇÃO do projeto de lei n.º 92/2023.",parecer_autor
78754,10349,334076,GAB DEP MAX MACIEL,Não apreciado(a),admissivel,"O projeto tramitou na CCJ (RICL, art. 64, I), onde recebeu parecer pela admissibilidade, com a apresentação de um substitutivo.",parecer_autor
78755,10350,328681,GAB DEP ROBÉRIO NEGREIROS,Não apreciado(a),admissivel,"a nº 44, de 2005.)[5] (...) III - CONCLUSÃO Por esses motivos, com fundamento nos arts. 30, I; 32, § 1º; e 37, caput, da Constituição Federal e no art. 71, I, e § 1º,IV, da Lei Orgânica do Distrito Federal, nosso voto é pela ADMISSIBILIDADE do Projeto de Lei nº 79/2023.",parecer_autor
78756,10361,325755,GAB DEP JOAQUIM RORIZ NETO,Aprovado(a),admissivel,"Portanto, nesta CEOF, vota-se pela ADMISSIBILIDADE e APROVAÇÃO do PL nº 105, de 2023, nos termos do art. 65, I, RICLDF.",parecer_autor
78757,10513,325509,GAB DEP JAQUELINE SILVA,Aprovado(a),sem_clausula,,parecer_autor
78758,11069,326349,GAB DEP DAYSE AMARILIO,Não apreciado(a),merito_favoravel,"III - CONCLUSÃO Ante o exposto, no âmbito desta Comissão, voto pela aprovação, no mérito, do Projeto de Lei nº 173, de 2023.",parecer_autor
78759,11238,331643,GAB DEP JOAQUIM RORIZ NETO,Não apreciado(a),merito_favoravel,"Ante o exposto, manifestamo-nos pela APROVAÇÃO do PL 236/2023 no âmbito da Comissão de Desenvolvimento Econômico Sustentável, Ciência, Tecnologia, Meio Ambiente e Turismo.",parecer_autor
78760,11367,324620,GAB DEP JOÃO CARDOSO,Não apreciado(a),merito_favoravel,"Dessa forma, diante da consonância da proposição com o arcabouço jurídico vigente, de sua relevância social, de sua viabilidade prática e de sua potencial contribuição para a formação cultural da população, manifestamos voto pela APROVAÇÃO do Projeto de Lei nº 221/2023. III - CONCLUSÃO Diante dessas considerações, consignamos parecer pela APROVAÇÃO do Projeto de Lei nº 221/2023, que “Institui o serviço de biblioteca móvel na Rede de Bibliotecas Públicas do Distrito Federal, denominado Baú Liter",parecer_autor
78761,11807,326408,GAB DEP ROBÉRIO NEGREIROS,Não apreciado(a),admissivel,"III - CONCLUSÃO Diante de todo o exposto, manifestamo-nos pela admissibilidade do Projeto de Lei nº 398/23, no âmbito da CCJ com as emendas aprovadas na CDDHCLP e a Emenda Modificativa em anexo.",parecer_autor
78762,11974,325144,GAB DEP JAQUELINE SILVA,Não apreciado(a),admissivel,"Por todo o exposto, nesta CEOF, vota-se pela admissibilidade do PL nº 420, de 2023, nos termos do art. 65, I, RICLDF.",parecer_autor
78763,12246,331747,GAB DEP JOAQUIM RORIZ NETO,Não apreciado(a),merito_favoravel,"Ante o exposto, manifestamo-nos pela APROVAÇÃO do PL 289/2023 no âmbito da Comissão de Desenvolvimento Econômico Sustentável, Ciência, Tecnologia, Meio Ambiente e Turismo.",parecer_autor
78764,12338,333673,GAB DEP JOAQUIM RORIZ NETO,Não apreciado(a),merito_favoravel,"III - CONCLUSÃO Ante o exposto, manifestamo-nos pela APROVAÇÃO do Projeto de Lei Complementar nº 19/2023 no âmbito da Comissão de Assuntos Fundiários.",parecer_autor
78765,12395,327827,GAB DEP DAYSE AMARILIO,Não apreciado(a),merito_favoravel,"III - CONCLUSÃO Ante o exposto, no âmbito desta Comissão, voto pela aprovação, no mérito, do Projeto de Lei nº 314/2023.",parecer_autor
78766,12457,324145,GAB DEP ROBÉRIO NEGREIROS,Não apreciado(a),admissivel,"III - CONCLUSÃO Diante de todo o exposto, manifestamo-nos pela admissibilidade do Projeto de Lei nº 331/23, no âmbito da CCJ com a Emenda Supressiva em anexo.",parecer_autor
78767,12524,334023,GAB DEP GABRIEL MAGNO,Não apreciado(a),merito_favoravel,"III - CONCLUSÃO Diante do exposto, no âmbito da Comissão de Educação e Cultura, manifestamos voto pela aprovação, no mérito, do PL nº 368, de 2023.",parecer_autor
78768,12633,323978,GAB DEP DAYSE AMARILIO,Não apreciado(a),merito_favoravel,"III - CONCLUSÃO Ante o exposto, no âmbito da Comissão de Defesa dos Direitos da Mulher, somos pela aprovação, no mérito, do Projeto de Lei nº 487, de 2023.",parecer_autor
78769,12802,341036,GAB DEP PR DANIEL DE CASTRO,Não apreciado(a),merito_favoravel,"III - CONCLUSÃO Diante do exposto, no âmbito das competências desta Comissão de Saúde, somos pela APROVAÇÃO do Projeto de Lei nº 356, de 2023, no mérito, na forma apresentada.",parecer_autor
78770,12822,334077,GAB DEP MAX MACIEL,Não apreciado(a),merito_favoravel,"Diante da relevância da matéria, da necessidade factual constatada e de sua compatibilidade com o ordenamento jurídico, o voto manifesta-se pela aprovação, no mérito, do Projeto de Lei n.º 357/2023.",parecer_autor
78771,13116,341807,GAB DEP JAQUELINE SILVA,Não apreciado(a),sem_clausula,,parecer_autor
78772,13484,329954,GAB DEP JOAQUIM RORIZ NETO,Não apreciado(a),merito_favoravel,"Vê-se, pois, que a Emenda nº 1 é conveniente e oportuna, aperfeiçoando o texto do Projeto de Lei nº 411/2023. III - CONCLUSÃO Ante o exposto, manifestamo-nos pela APROVAÇÃO do Projeto de Lei 411, de 2023, bem como da Emenda Aditiva nº 01, no âmbito desta Comissão de Assuntos Fundiários.",parecer_autor
78773,13704,334024,GAB DEP IOLANDO,Não apreciado(a),admissivel,"III - CONCLUSÃO Por todo o exposto, manifestamos voto pela ADMISSIBILIDADE do Projeto de Lei nº 546/23, com as emendas supressiva e modificativa em anexo e com a Subemenda à Emenda nº 1 (modificativa), apresentada e aprovada na CAS.",parecer_autor
78774,14472,326323,GAB DEP JOÃO CARDOSO,Não apreciado(a),merito_favoravel,"Ante o exposto, voto pela APROVAÇÃO do Projeto de Lei nº 493, de 2023, na forma do Substitutivo anexo.",parecer_autor
78775,14519,330180,GAB DEP JOAQUIM RORIZ NETO,Não apreciado(a),merito_favoravel,"III - CONCLUSÃO Ante o exposto, manifestamo-nos pela APROVAÇÃO do Projeto de Lei nº 498/2023 no âmbito desta Comissão de Assuntos Fundiários.",parecer_autor
78776,14563,335284,GAB DEP JOAQUIM RORIZ NETO,Não apreciado(a),merito_favoravel,"III - CONCLUSÃO Ante o exposto, manifestamo-nos pela APROVAÇÃO do Projeto de Lei nº 747/2023 no âmbito da Comissão de Assuntos Fundiários.",parecer_autor
78777,16043,327271,GAB DEP DAYSE AMARILIO,Não apreciado(a),merito_favoravel,"III - CONCLUSÃO Ante o exposto, no âmbito desta Comissão, voto pela aprovação, no mérito, do Projeto de Lei nº 617, de 2023.",parecer_autor
78778,16122,334970,GAB DEP CHICO VIGILANTE,Não apreciado(a),admissivel,"III - CONCLUSÃO Pelo exposto, manifestamos voto pela ADMISSIBILIDADE do Projeto de Lei nº 622/2023, em sua forma original.",parecer_autor
78779,16125,335055,GAB DEP CHICO VIGILANTE,Não apreciado(a),sem_clausula,,parecer_autor
78780,17263,326204,GAB DEP PAULA BELMONTE,Não apreciado(a),merito_favoravel,"Diante da relevância do tema e da abrangência das medidas propostas, recomendamos, portanto, o voto pela APROVAÇÃO do Projeto de Lei nº 730/2023, quanto ao mérito, no âmbito desta Comissão de Defesa dos Direitos da Mulher.",parecer_autor
78781,17368,335285,GAB DEP JOAQUIM RORIZ NETO,Não apreciado(a),merito_favoravel,"III - CONCLUSÃO Ante o exposto, manifestamo-nos pela APROVAÇÃO do Projeto de Lei nº 748/2023 no âmbito da Comissão de Assuntos Fundiários.",parecer_autor
78782,17377,330211,GAB DEP JOAQUIM RORIZ NETO,Não apreciado(a),merito_favoravel,"III - CONCLUSÃO Ante o exposto, manifestamo-nos pela APROVAÇÃO do Projeto de Lei nº 761/2023 no âmbito desta Comissão de Desenvolvimento Econômico Sustentável, Ciência, Tecnologia, Meio Ambiente e Turismo.",parecer_autor
78783,17419,325745,GAB DEP FÁBIO FÉLIX,Não apreciado(a),admissivel,"III - CONCLUSÃO Diante do exposto, manifestamos voto pela ADMISSIBILIDADE do Projeto de Lei nº 755/2023, no âmbito da Comissão de Constituição e Justiça, com o acolhimento da subemenda modificativa anexa.",parecer_autor
78784,17625,324157,GAB DEP DAYSE AMARILIO,Não apreciado(a),merito_favoravel,"III - CONCLUSÃO Ante o exposto, no âmbito da Comissão de Assuntos Sociais, somos pela aprovação, no mérito, do Projeto de Lei nº 789, de 2023.",parecer_autor
78785,17730,334536,GAB DEP MARTINS MACHADO,Não apreciado(a),merito_favoravel,"ntação para a pessoa com TEA, promovendo proteção contra violência, acesso à saúde e inclusão social, com baixo custo operacional e forte potencial de impacto positivo na qualidade de vida das família, razão pela qual o voto pela APROVAÇÃO do projeto de lei 810/2023.",parecer_autor
78786,17869,334142,GAB DEP GABRIEL MAGNO,Não apreciado(a),merito_favoravel,"III - CONCLUSÃO Diante do exposto, no âmbito da Comissão de Educação e Cultura, manifestamos voto pela aprovação, no mérito, do Projeto de Lei nº 850, de 2024.",parecer_autor
78787,17880,326208,GAB DEP PAULA BELMONTE,Não apreciado(a),merito_favoravel,"Diante da relevância do tema e da abrangência das medidas propostas, recomendamos, portanto, o voto pela APROVAÇÃO do Projeto de Lei nº 854/2024, quanto ao mérito, no âmbito desta Comissão de Defesa dos Direitos da Mulher.",parecer_autor
78788,17890,324295,GAB DEP FÁBIO FÉLIX,Não apreciado(a),admissivel,"Voto, portanto, pela ADMISSIBILIDADE do Projeto de Lei nº 858/2024, no âmbito da Comissão de Constituição e Justiça.",parecer_autor
78789,17914,325901,GAB DEP JOÃO CARDOSO,Aprovado(a),sem_clausula,,parecer_autor
78790,17914,324234,GAB DEP MARTINS MACHADO,Não apreciado(a),merito_favoravel,"Assim, o voto é pela APROVAÇÃO do PL 862/2024.",parecer_autor
78791,17963,326619,GAB DEP PAULA BELMONTE,Aprovado(a),merito_favoravel,"Diante do exposto, vota-se, no âmbito desta Comissão de Economia, Orçamento e Finanças, pela APROVAÇÃO E ADMISSIBILIDADE do Projeto de Lei nº 884, de 2024, nos termos do art. 65, I e III, “a”, e § 1º, do RICLDF.",parecer_autor
78792,17965,341753,GAB DEP JAQUELINE SILVA,Não apreciado(a),admissivel,"III- CONCLUSÃO Por todo o exposto, no âmbito da CEOF, vota-se pela ADMISSIBILIDADE do PL nº 907/2024, nos termos da Emenda nº 1 (Supressiva) e do art. 65, I, RICLDF.",parecer_autor
78793,18005,330724,GAB DEP JOÃO CARDOSO,Não apreciado(a),merito_favoravel,"Diante do exposto, o voto é pela aprovação do Projeto de Lei.",parecer_autor
78794,18067,323994,GAB DEP JOÃO CARDOSO,Não apreciado(a),merito_favoravel,"Diante do exposto, o voto é pela aprovação do projeto de lei.",parecer_autor
78795,18080,327824,GAB DEP DAYSE AMARILIO,Não apreciado(a),merito_favoravel,"III - CONCLUSÃO Ante o exposto, no âmbito desta Comissão, voto pela aprovação, no mérito, do Projeto de Lei nº 898/2024.",parecer_autor
78796,18175,324279,GAB DEP MARTINS MACHADO,Não apreciado(a),sem_clausula,,parecer_autor
78797,18189,334248,GAB DEP MARTINS MACHADO,Não apreciado(a),merito_favoravel,"III - CONCLUSÃO Diante do exposto, por entender que a medida é socialmente relevante, e promover avanços relevantes na proteção da saúde pública, voto pela APROVAÇÃO do projeto de lei n.º 935/2024.",parecer_autor
78798,18295,333425,GAB DEP PR DANIEL DE CASTRO,Aprovado(a),merito_favoravel,"III - CONCLUSÃO Ante o exposto, no âmbito do mérito desta Comissão de Saúde, manifestamo-nos pela APROVAÇÃO do Projeto de Lei nº 940/2024, de autoria do Deputado Distrital Joaquim Roriz Neto, por reconhecer sua relevância social e sanitária para a proteção da saúde da população de baixa renda do Distrito Federal.",parecer_autor
78799,18329,325519,GAB DEP JAQUELINE SILVA,Não apreciado(a),admissivel_com_ressalva,"III- CONCLUSÃO Assim, no âmbito da CEOF, vota-se pela ADMISSIBILIDADE do PL nº 951/2024, na forma da Emenda Modificativa nº 1 – CEOF e do art. 65, I, do RICLDF.",parecer_autor
78800,18346,325148,GAB DEP JAQUELINE SILVA,Não apreciado(a),admissivel_com_ressalva,"III- CONCLUSÃO Assim, no âmbito da CEOF, vota-se pela ADMISSIBILIDADE do PL nº 952/2024, na forma da Emenda Modificativa nº 1 – CEOF e do art. 65, I, do RICLDF.",parecer_autor
78801,18379,323990,GAB DEP DAYSE AMARILIO,Não apreciado(a),merito_favoravel,"III - CONCLUSÃO Ante o exposto, no âmbito da Comissão de Assuntos Sociais, somos pela aprovação, no mérito, do Projeto de Lei nº 956/2024.",parecer_autor
78802,18383,331831,GAB DEP JOAQUIM RORIZ NETO,Não apreciado(a),merito_favoravel,"Ante o exposto, manifestamo-nos pela APROVAÇÃO do PL 959/2024 no âmbito da Comissão de Desenvolvimento Econômico Sustentável, Ciência, Tecnologia, Meio Ambiente e Turismo.",parecer_autor
78803,18645,330277,GAB DEP JOAQUIM RORIZ NETO,Não apreciado(a),merito_favoravel,"III - CONCLUSÃO Ante o exposto, manifestamo-nos pela APROVAÇÃO do Projeto de Lei nº 993/2024 no âmbito desta Comissão de Desenvolvimento Econômico Sustentável, Ciência, Tecnologia, Meio Ambiente e Turismo.",parecer_autor
78804,18666,333298,GAB DEP PR DANIEL DE CASTRO,Não apreciado(a),merito_favoravel,"III - CONCLUSÃO Ante o exposto, no mérito, esta Comissão de Saúde manifesta-se pela APROVAÇÃO do Projeto de Lei nº1001/2024, por reconhecer sua relevância social e seu importante avanço na promoção da inclusão e do acesso à saúde das pessoas com deficiência no Distrito Federal.",parecer_autor
78805,18698,324155,GAB DEP DAYSE AMARILIO,Não apreciado(a),merito_favoravel,"III - CONCLUSÃO Ante o exposto, no âmbito da Comissão de Assuntos Sociais, somos pela aprovação, no mérito, do Projeto de Lei nº 1.008/2024.",parecer_autor
78806,18915,333979,GAB DEP IOLANDO,Não apreciado(a),inadmissivel,"III - CONCLUSÃO Pelo exposto, com fundamento no art. 2º da Constituição Federal, arts. 53 e 100, XXVI, da Lei Orgânica do Distrito Federal, e artigo 8º da Lei Complementar n.º 13/1996, nosso voto é pela INADMISSIBILIDADE do Projeto de Lei n.º 1.028/2024.",parecer_autor
78807,18949,325735,GAB DEP FÁBIO FÉLIX,Aprovado(a),admissivel,"III - CONCLUSÃO Diante do exposto, manifestamos voto pela ADMISSIBILIDADE do Substitutivo da CEC ao Projeto de Lei nº 1.031/2024, no âmbito da Comissão de Constituição e Justiça.",parecer_autor
78808,19190,331935,GAB DEP JOAQUIM RORIZ NETO,Não apreciado(a),merito_favoravel,"Ante o exposto, manifestamo-nos pela APROVAÇÃO do PL 1.064/2024 no âmbito da Comissão de Desenvolvimento Econômico Sustentável, Ciência, Tecnologia, Meio Ambiente e Turismo.",parecer_autor
78809,19357,331548,GAB DEP JOAQUIM RORIZ NETO,Não apreciado(a),merito_favoravel,"Ante o exposto, manifestamo-nos pela APROVAÇÃO do PLC 46/2024 no âmbito da Comissão de Desenvolvimento Econômico Sustentável, Ciência, Tecnologia, Meio Ambiente e Turismo.",parecer_autor
78810,19376,323979,GAB DEP DAYSE AMARILIO,Não apreciado(a),merito_favoravel,"III - CONCLUSÃO Ante o exposto, no âmbito da Comissão de Defesa dos Direitos da Mulher, somos pela aprovação, no mérito, do Projeto de Lei nº 1.353, de 2024.",parecer_autor
78811,19619,326608,GAB DEP RICARDO VALE,Não apreciado(a),sem_clausula,,parecer_autor
78812,19636,327234,GAB DEP DAYSE AMARILIO,Não apreciado(a),merito_favoravel,"III - CONCLUSÃO Ante o exposto, no âmbito desta Comissão, voto pela aprovação, no mérito, do Projeto de Lei nº 1087, de 2024.",parecer_autor
78813,19703,330555,GAB DEP JOAQUIM RORIZ NETO,Não apreciado(a),merito_favoravel,"III - CONCLUSÃO Ante o exposto, manifestamo-nos pela APROVAÇÃO do PL 1.093/2024, bem como da Emenda Supressiva nº 1, no âmbito desta Comissão de Desenvolvimento Econômico Sustentável, Ciência, Tecnologia, Meio Ambiente e Turismo.",parecer_autor
78814,19710,325731,GAB DEP PR DANIEL DE CASTRO,Aprovado(a),merito_favoravel,"III - CONCLUSÃO Diante dessas considerações, entende-se que a proposição é oportuna, adequada e compatível com as atribuições desta Comissão de Saúde, razão pela qual o voto é pela aprovação do Projeto de Lei nº 1094/2024.",parecer_autor
78815,19981,324141,GAB DEP DAYSE AMARILIO,Não apreciado(a),merito_favoravel,"III - CONCLUSÃO Ante o exposto, no âmbito da Comissão de Defesa dos Direitos da Mulher, somos pela aprovação, no mérito, do Projeto de Lei nº 1.124, de 2024.",parecer_autor
78816,20357,324160,GAB DEP DAYSE AMARILIO,Aprovado(a),merito_favoravel,"III - CONCLUSÃO Ante o exposto, no âmbito da Comissão de Assuntos Sociais, somos pela aprovação, no mérito, do Projeto de Lei nº 1.148, de 2024, na forma do substitutivo apresentado.",parecer_autor
78817,20447,325522,GAB DEP JAQUELINE SILVA,Não apreciado(a),admissivel,"Assim, no âmbito da CEOF, vota-se pela admissibilidade do PL nº 1.155/2024, conforme o art. 65, I, do RICLDF.",parecer_autor
78818,20447,341581,GAB DEP ROBÉRIO NEGREIROS,Não apreciado(a),admissivel_com_ressalva,"III- CONCLUSÃO Diante de todo o exposto, manifestamo-nos pela admissibilidade do Projeto de Lei nº 1155/2024, no âmbito da CCJ, na forma do Substitutivo aprovado na Comissão de Assuntos Sociais.",parecer_autor
78819,20725,326200,GAB DEP PAULA BELMONTE,Não apreciado(a),merito_favoravel,"Diante da relevância do tema e da abrangência das medidas propostas, recomendamos, portanto, o voto pela APROVAÇÃO do Projeto de Lei nº 1.579/2025, quanto ao mérito, no âmbito desta Comissão de Defesa dos Direitos da Mulher.",parecer_autor
78820,20803,325010,GAB DEP ROBÉRIO NEGREIROS,Não apreciado(a),admissivel,"Para corrigir esses pequenos problemas formais III - CONCLUSÃO Diante do exposto, manifestamos voto pela ADMISSIBILIDADE do Projeto de Lei nº 1.194/2024, no âmbito da Comissão de Constituição e Justiça, com o acolhimento da emenda modificativa anexa.",parecer_autor
78821,20844,327266,GAB DEP DAYSE AMARILIO,Aprovado(a),merito_favoravel,"III - CONCLUSÃO Ante o exposto, no âmbito desta Comissão, voto pela aprovação, no mérito, do Projeto de Lei nº 1.199, de 2024.",parecer_autor
78822,20845,327398,GAB DEP DAYSE AMARILIO,Não apreciado(a),merito_favoravel,"III - CONCLUSÃO Ante o exposto, no âmbito desta Comissão, voto pela aprovação, no mérito, do Projeto de Lei nº 1200, de 2024.",parecer_autor
78823,21100,339189,GAB DEP JAQUELINE SILVA,Não apreciado(a),sem_clausula,,parecer_autor
78824,21124,327581,GAB DEP DAYSE AMARILIO,Não apreciado(a),merito_favoravel,"III - CONCLUSÃO Ante o exposto, no âmbito desta Comissão, voto pela aprovação, no mérito, do Projeto de Lei nº 1.230/2024, de 2024.",parecer_autor
78825,21380,324158,GAB DEP DAYSE AMARILIO,Não apreciado(a),merito_favoravel,"III - CONCLUSÃO Ante o exposto, no âmbito da Comissão de Assuntos Sociais, somos pela aprovação, no mérito, do Projeto de Lei nº 1.457, de 2024.",parecer_autor
78826,21498,333784,GAB DEP JOAQUIM RORIZ NETO,Não apreciado(a),merito_favoravel,"III - CONCLUSÃO Ante o exposto, manifestamo-nos pela APROVAÇÃO do Projeto de Lei Complementar nº 58/2024 no âmbito da Comissão de Assuntos Fundiários.",parecer_autor
78827,21498,326636,GAB DEP ROGÉRIO MORRO DA CRUZ,Não apreciado(a),merito_favoravel,"III - CONCLUSÃO Ante tudo quanto exposto, concluímos que a proposição cumpre os requisitos de mérito da alçada desta Comissão, em especial, necessidade e conveniência, razão pela qual manifestamos voto pela APROVAÇÃO do PLC nº 58, de 2024, na forma do substitutivo do relator anexo.",parecer_autor
78828,21502,333618,GAB DEP ROBÉRIO NEGREIROS,Não apreciado(a),admissivel_com_ressalva,"m fundamento nos arts. 23, incisos II e V, e 24, incisos IX e XIV, da Constituição, nos arts. 2 e 24 da Convenção sobre os Direitos das Pessoas com Deficiência e no art. 71, inciso II, da Lei Orgânica, manifesta-se voto pela ADMISSIBILIDADE constitucional e jurídica do Projeto de Lei nº 1.311/2024 na forma da Emenda nº 1 (substitutivo) da Comissão de Segurança.",parecer_autor
78829,21698,327752,GAB DEP JORGE VIANNA,Não apreciado(a),merito_favoravel,"III - CONCLUSÃO Voto pela APROVAÇÃO do Projeto de Lei nº 1.288/2024, por se revelar oportuno e conveniente no âmbito da Comissão de Defesa do Consumidor, diante de sua relevância social e de seu potencial de aprimoramento da proteção e autonomia do consumidor no ambiente digital.",parecer_autor
78830,21868,333189,GAB DEP MARTINS MACHADO,Não apreciado(a),merito_favoravel,"III – CONCLUSÃO Diante do exposto, o voto é pela aprovação do projeto de lei n.º 1305/2024.",parecer_autor
78831,21916,329907,GAB DEP ROBÉRIO NEGREIROS,Não apreciado(a),admissivel,"III - CONCLUSÃO Ante o exposto, nosso voto é pela ADMISSIBILIDADE da Proposta de Emenda à Lei Orgânica nº 15/2024, no âmbito desta Comissão de Constituição e Justiça, a fim de que a matéria possa ser devidamente apreciada pela Comissão Especial (CEPELO) quanto ao seu mérito.",parecer_autor
78832,21979,327571,GAB DEP DAYSE AMARILIO,Não apreciado(a),merito_favoravel,"III - CONCLUSÃO Ante o exposto, no âmbito desta Comissão, voto pela aprovação, no mérito, do Projeto de Lei nº 1.329/2024, de 2024.",parecer_autor
78833,21980,323705,GAB DEP JOÃO CARDOSO,Não apreciado(a),sem_clausula,,parecer_autor
78834,22164,327576,GAB DEP DAYSE AMARILIO,Não apreciado(a),merito_favoravel,"III - CONCLUSÃO Ante o exposto, no âmbito desta Comissão, voto pela aprovação, no mérito, do Projeto de Lei nº 1.376/2024.",parecer_autor
78835,22166,333346,GAB DEP JOAQUIM RORIZ NETO,Não apreciado(a),merito_favoravel,"Ante o exposto, manifestamo-nos pela APROVAÇÃO do PL 1.343/2024 no âmbito da Comissão de Desenvolvimento Econômico Sustentável, Ciência, Tecnologia, Meio Ambiente e Turismo.",parecer_autor
78836,22210,327595,GAB DEP DAYSE AMARILIO,Não apreciado(a),merito_favoravel,"III - CONCLUSÃO Ante o exposto, no âmbito desta Comissão, voto pela aprovação, no mérito, do Projeto de Lei nº 1.349/2024.",parecer_autor
78837,22279,325740,GAB DEP FÁBIO FÉLIX,Não apreciado(a),admissivel,"III - CONCLUSÃO Diante do exposto, manifestamos voto pela ADMISSIBILIDADE do Projeto de Lei nº 1.364/2024, no âmbito da Comissão de Constituição e Justiça.",parecer_autor
78838,22298,330739,GAB DEP JOAQUIM RORIZ NETO,Não apreciado(a),merito_favoravel,"III - CONCLUSÃO Ante o exposto, manifestamo-nos pela APROVAÇÃO do Projeto de Lei nº 1.365/2024 no âmbito da Comissão Desenvolvimento Econômico Sustentável, Ciência, Tecnologia, Meio Ambiente e Turismo.",parecer_autor
78839,22314,323963,GAB DEP DAYSE AMARILIO,Aprovado(a),merito_favoravel,"III - CONCLUSÃO Ante o exposto, no âmbito da Comissão de Saúde, somos pela aprovação, no mérito, do Projeto de Lei nº 1371, de 2024.",parecer_autor
78840,22346,325736,GAB DEP FÁBIO FÉLIX,Não apreciado(a),admissivel,"III - CONCLUSÃO Diante do exposto, manifestamos voto pela ADMISSIBILIDADE do Projeto de Lei nº 1.382/2024, no âmbito da Comissão de Constituição e Justiça, com o acolhimento da emenda modificativa anexa.",parecer_autor
78841,22353,326201,GAB DEP PAULA BELMONTE,Não apreciado(a),merito_favoravel,"Diante da relevância do tema e da abrangência das medidas propostas, recomendamos, portanto, o voto pela APROVAÇÃO do Projeto de Lei nº 1.379/2025, quanto ao mérito, no âmbito desta Comissão de Defesa dos Direitos da Mulher.",parecer_autor
78842,22500,333908,GAB DEP MAX MACIEL,Aprovado(a),merito_favoravel,"Assim, diante da relevância da matéria, bem como da necessidade e conveniência da medida veiculada pelo projeto, o voto manifesta-se pela aprovação, no âmbito da Comissão de Transporte e Mobilidade Urbana, do projeto de lei n.º 1.392/2024, na forma da Emenda Modificativa n.º 01.",parecer_autor
78843,22516,330839,GAB DEP JOAQUIM RORIZ NETO,Não apreciado(a),merito_favoravel,"III - CONCLUSÃO Ante o exposto, manifestamo-nos pela APROVAÇÃO do Projeto de Lei nº 1.389/2024 no âmbito da Comissão de Desenvolvimento Econômico Sustentável, Ciência, Tecnologia, Meio Ambiente e Turismo.",parecer_autor
78844,22548,326324,GAB DEP JOÃO CARDOSO,Não apreciado(a),sem_clausula,,parecer_autor
78845,149869,327400,GAB DEP DAYSE AMARILIO,Não apreciado(a),merito_favoravel,"III - CONCLUSÃO Ante o exposto, no âmbito desta Comissão, voto pela aprovação, no mérito, do Projeto de Lei nº 1.423, de 2024.",parecer_autor
78846,149921,327368,GAB DEP MAX MACIEL,Aprovado(a),sem_clausula,,parecer_autor
78847,150063,325644,GAB DEP JOÃO CARDOSO,Não apreciado(a),sem_clausula,,parecer_autor
78848,150281,324238,GAB DEP MARTINS MACHADO,Não apreciado(a),sem_clausula,,parecer_autor
78849,150472,331748,GAB DEP THIAGO MANZONI,Não apreciado(a),merito_favoravel,"III - CONCLUSÃO Diante do exposto, somos pela APROVAÇÃO, no mérito, do Projeto de Lei nº 1.488/2024, no âmbito da Comissão de Educação e Cultura, na forma do substitutivo anexo.",parecer_autor
78850,150564,331011,GAB DEP JOAQUIM RORIZ NETO,Não apreciado(a),merito_favoravel,"III - CONCLUSÃO Ante o exposto, manifestamo-nos pela APROVAÇÃO do Projeto de Lei nº 1.499/2025 no âmbito da Comissão de Desenvolvimento Econômico Sustentável, Ciência, Tecnologia, Meio Ambiente e Turismo.",parecer_autor
78851,150602,325742,GAB DEP FÁBIO FÉLIX,Aprovado(a),admissivel_com_ressalva,"III - CONCLUSÃO Diante do exposto, manifestamos voto pela ADMISSIBILIDADE do Projeto de Lei nº 1.501/2025, no âmbito da Comissão de Constituição e Justiça, na forma do substitutivo anexo.",parecer_autor
78852,150665,323976,GAB DEP DAYSE AMARILIO,Não apreciado(a),merito_favoravel,"III - CONCLUSÃO Ante o exposto, no âmbito da Comissão de Defesa dos Direitos da Mulher, somos pela aprovação, no mérito, do Projeto de Lei nº 1.507, de 2025.",parecer_autor
78853,150763,326598,GAB DEP PAULA BELMONTE,Aprovado(a),admissivel,"equisitos de planejamento e orçamento, e que pode ser realizado considerando as instalações e programas existentes, bem como a faculdade de celebração de parcerias com outras instituições, no âmbito desta CEOF, o voto é pela ADMISSIBILIDADE do Projeto de Lei nº 1.551, de 2025, nos termos do art. 65, I e III e § 1º, do RICLDF.",parecer_autor
78854,150801,324177,GAB DEP DAYSE AMARILIO,Não apreciado(a),merito_favoravel,"III - CONCLUSÃO Ante o exposto, no âmbito da Comissão de Defesa dos Direitos da Mulher, somos pela aprovação, no mérito, do Projeto de Lei nº 1.531/2025, na forma do substitutivo aprovado pela Comissão de Produção Rural e Abastecimento.",parecer_autor
78855,150824,324113,GAB DEP DAYSE AMARILIO,Não apreciado(a),merito_favoravel,"III - CONCLUSÃO Ante o exposto, no âmbito da Comissão de Assuntos Sociais, somos pela aprovação, no mérito, do Projeto de Lei nº 1.528, de 2025.",parecer_autor
78856,150846,331085,GAB DEP ROBÉRIO NEGREIROS,Não apreciado(a),admissivel,"III – CONCLUSÃO Por todo o exposto, nosso voto é pela ADMISSIBILIDADE do Projeto de Lei n. 1.541/2025, com as emendas em anexo, no âmbito da Comissão de Constituição e Justiça.",parecer_autor
78857,150872,331090,GAB DEP JOAQUIM RORIZ NETO,Não apreciado(a),sem_clausula,,parecer_autor
78858,150881,324180,GAB DEP DAYSE AMARILIO,Não apreciado(a),merito_favoravel,"III - CONCLUSÃO Ante o exposto, no âmbito da Comissão de Defesa dos Direitos da Mulher, somos pela aprovação, no mérito, do Projeto de Lei nº 1.544, de 2025.",parecer_autor
78859,150899,327570,GAB DEP DAYSE AMARILIO,Não apreciado(a),merito_favoravel,"III - CONCLUSÃO Ante o exposto, no âmbito desta Comissão, voto pela aprovação, no mérito, do Projeto de Lei nº 1.549, de 2025.",parecer_autor
78860,150911,326259,GAB DEP PAULA BELMONTE,Não apreciado(a),merito_favoravel,"Diante da relevância do tema e da abrangência das medidas propostas, recomendamos, portanto, o voto pela APROVAÇÃO do Projeto de Lei nº 1.550/2025, quanto ao mérito, no âmbito desta Comissão de Desenvolvimento Econômico Sustentável, Ciência, Tecnologia, Meio Ambiente e Turismo.",parecer_autor
78861,150939,328687,GAB DEP ROBÉRIO NEGREIROS,Não apreciado(a),inadmissivel,"uição Federal, art. 113 do Ato das Disposições Constitucionais Transitórias, e nos arts. 53; 71, § 1º, incisos IV e V, e § 2º; e 100, inciso X, todos da Lei Orgânica do Distrito Federal; resta-nos tão só manifestar voto pela INADMISSIBILIDADE constitucional e jurídica do Projeto de Lei nº 1.616/2025.",parecer_autor
78862,150987,326754,GAB DEP PAULA BELMONTE,Aprovado(a),admissivel_com_ressalva,"Diante do exposto, e considerando que o Projeto de Lei nº 1.563, de 2025 atende aos requisitos de planejamento e orçamento, o voto é pela ADMISSIBILIDADE no âmbito desta Comissão de Economia, Orçamento e Finanças, nos termos do art. 65, I e III e § 1º, do RICLDF, na forma do Substitutivo correspondente.",parecer_autor
78863,150990,333644,GAB DEP ROBÉRIO NEGREIROS,Não apreciado(a),admissivel_com_ressalva,"ento nos arts. 1º, inciso III, 5º, caput, 30, inciso I, e 32, § 1º, todos da Constituição Federal; nos arts. 2º, inciso III, 3º, incisos I e IV, 71, inciso I, todos da Lei Orgânica do Distrito Federal; manifestamos voto pela ADMISSIBILIDADE constitucional e jurídica do Projeto de Lei nº 1.602/2025, na forma da Emenda nº 1 (Substitutivo) apresentado na Comissão de Segurança, com a subemenda em anexo.",parecer_autor
78864,151055,338155,GAB DEP JOAQUIM RORIZ NETO,Não apreciado(a),merito_favoravel,"Ante o exposto, manifestamo-nos pela APROVAÇÃO do PL 1.573/2025, na forma do Substitutivo da CPRA, no âmbito da Comissão de Desenvolvimento Econômico Sustentável, Ciência, Tecnologia, Meio Ambiente e Turismo.",parecer_autor
78865,151073,326635,GAB DEP MARTINS MACHADO,Não apreciado(a),sem_clausula,,parecer_autor
78866,151135,326477,GAB DEP ROBÉRIO NEGREIROS,Não apreciado(a),sem_clausula,,parecer_autor
78867,151159,324916,GAB DEP FÁBIO FÉLIX,Não apreciado(a),admissivel,"III - CONCLUSÃO Pelo exposto, manifestamos voto pela ADMISSIBILIDADE do Projeto de Decreto Legislativo nº 266/2025 no âmbito da CCJ.",parecer_autor
78868,151233,327537,GAB DEP DAYSE AMARILIO,Não apreciado(a),merito_favoravel,"III - CONCLUSÃO Ante o exposto, no âmbito desta Comissão, voto pela aprovação, no mérito, do Projeto de Lei nº 1610/2025.",parecer_autor
78869,151268,327554,GAB DEP DAYSE AMARILIO,Não apreciado(a),merito_favoravel,"III - CONCLUSÃO Ante o exposto, no âmbito desta Comissão, voto pela aprovação, no mérito, do Projeto de Lei nº 1.601/2025.",parecer_autor
78870,151325,333193,GAB DEP MARTINS MACHADO,Não apreciado(a),merito_favoravel,"III – CONCLUSÃO Diante do exposto, por ser instrumento de inclusão social das mulheres no Distrito Federal, o voto é pela aprovação do projeto de lei n.º 1629/2025.",parecer_autor
78871,151347,326861,GAB DEP GABRIEL MAGNO,Não apreciado(a),merito_favoravel,"III - CONCLUSÃO Ante o exposto, no âmbito desta Comissão de Educação e Cultura, manifestamos voto pela aprovação, no mérito, do Projeto de Lei nº 1.611, de 2025.",parecer_autor
78872,151371,329473,GAB DEP ROBÉRIO NEGREIROS,Não apreciado(a),admissivel_com_ressalva,"III – CONCLUSÃO Ante o exposto, nosso voto é pela ADMISSIBILIDADE constitucional do Projeto de Lei nº 1.617, de 2025, na forma das cinco emendas anexas.",parecer_autor
78873,151419,333421,GAB DEP JOAQUIM RORIZ NETO,Não apreciado(a),merito_favoravel,"Ante o exposto, manifestamo-nos pela APROVAÇÃO do PL 1.631/2025 no âmbito da Comissão de Desenvolvimento Econômico Sustentável, Ciência, Tecnologia, Meio Ambiente e Turismo.",parecer_autor
78874,151486,326946,GAB DEP IOLANDO,Aprovado(a),merito_favoravel,"III - CONCLUSÃO Por todo o exposto, nosso voto é pela APROVAÇÃO do Projeto de Lei nº 1.939/2025, no âmbito da Comissão de Fiscalização, Governança, Transparência e Controle, na forma do substitutivo anexo.",parecer_autor
78875,151486,325614,GAB DEP JOÃO CARDOSO,Não apreciado(a),sem_clausula,,parecer_autor
78876,151588,331339,GAB DEP JOAQUIM RORIZ NETO,Não apreciado(a),merito_favoravel,"III - CONCLUSÃO Ante o exposto, manifestamo-nos pela APROVAÇÃO do Projeto de Lei nº 1.640/2025 no âmbito da Comissão de Assuntos Fundiários.",parecer_autor
78877,151618,324715,GAB DEP ROBÉRIO NEGREIROS,Não apreciado(a),admissivel_com_ressalva,"III- CONCLUSÃO Por esses motivos, com fundamento nos incisos XXXII do art. 5º, V do art. 24 e V do art. 170, todos da Constituição Federal, e no art. 71 da Lei Orgânica do Distrito Federal, nosso voto é pela ADMISSIBILIDADE do Projeto de Lei nº 1.668/2025. É admitida, também, a emenda modificativa CDC nº 2, na forma da subemenda em anexo, a emenda modificativa CDC nº 1, bem como a emenda de redação que faz parte deste parecer.",parecer_autor
78878,151619,331267,GAB DEP JOAQUIM RORIZ NETO,Não apreciado(a),merito_favoravel,"III - CONCLUSÃO Ante o exposto, manifestamo-nos pela APROVAÇÃO do Projeto de Lei nº 1.678/2025 no âmbito da Comissão de Assuntos Fundiários.",parecer_autor
78879,151739,324281,GAB DEP MARTINS MACHADO,Aprovado(a),merito_favoravel,"III - CONCLUSÃO Diante dos argumentos apresentados, e pelo fato de que o projeto é meritório, com foco em saúde e alinha-se perfeitamente às metas da Política Nacional de Transplantes, o voto é pela aprovação do projeto de lei 1675/2025.",parecer_autor
78880,151798,333041,GAB DEP ROBÉRIO NEGREIROS,Não apreciado(a),admissivel,"III – CONCLUSÃO Por todo o exposto, manifestamos voto pela ADMISSIBILIDADE do Projeto de Decreto Legislativo nº 302/2025 no âmbito da CCJ, com o acolhimento da emenda de redação anexa.",parecer_autor
78881,151838,334199,GAB DEP MARTINS MACHADO,Não apreciado(a),merito_favoravel,"III – CONCLUSÃO Diante do exposto, a proposição revela-se plenamente alinhado com os preceitos da promoção da saúde, razão pela qual, votamos, no mérito, pela aprovação do Projeto de Lei n.º 1677, de 2025.",parecer_autor
78882,151897,325147,GAB DEP JAQUELINE SILVA,Não apreciado(a),merito_favoravel,"III – CONCLUSÃO Ante o exposto, no âmbito desta Comissão de Defesa dos Direitos da Mulher, somos pela aprovação, no mérito, do Projeto de Lei nº 1.673/2025.",parecer_autor
78883,151994,323980,GAB DEP DAYSE AMARILIO,Não apreciado(a),merito_favoravel,"III - CONCLUSÃO Ante o exposto, no âmbito da Comissão de Defesa dos Direitos da Mulher, somos pela aprovação, no mérito, do Projeto de Lei nº 1.687, de 2025.",parecer_autor
78884,151999,325757,GAB DEP ROBÉRIO NEGREIROS,Não apreciado(a),sem_clausula,,parecer_autor
78885,151999,329459,GAB DEP JOAQUIM RORIZ NETO,Não apreciado(a),admissivel,"Portanto, nesta CEOF, vota-se pela ADMISSIBILIDADE do PLC nº 71, de 2025, nos termos do art. 65, I, RICLDF.",parecer_autor
78886,152117,333190,GAB DEP THIAGO MANZONI,Não apreciado(a),admissivel_com_ressalva,"III - CONCLUSÃO Ante o exposto, examinados os aspectos de constitucionalidade, juridicidade, legalidade, regimentalidade, técnica legislativa e redação, manifesto-me pela ADMISSIBILIDADE do Projeto de Lei nº 1695, de 2025, na forma do substitutivo apresentado, estando ambos em condições de prosseguir em sua tramitação para apreciação pelo Plenário desta Casa.",parecer_autor
78887,152213,324433,GAB DEP DAYSE AMARILIO,Aprovado(a),merito_favoravel,"III - CONCLUSÃO Ante o exposto, no âmbito da Comissão de Saúde, somos pela aprovação, no mérito, do Projeto de Lei nº 1.707, de 2025.",parecer_autor
78888,152296,331185,GAB DEP MAX MACIEL,Aprovado(a),merito_favoravel,"exposto, considerando a relevância da matéria para a valorização da memória da mobilidade, o fortalecimento da economia criativa e a qualificação do debate público sobre os sistemas de transporte no Distrito Federal, o voto deste relator é pela aprovação do Projeto de Lei nº 1716/2025.",parecer_autor
78889,152331,324278,GAB DEP MARTINS MACHADO,Não apreciado(a),sem_clausula,,parecer_autor
78890,152568,324790,GAB DEP MARTINS MACHADO,Não apreciado(a),merito_favoravel,"de e promoção do esporte, e contribui para o turismo e para a movimentação de diversos setores econômicos do Distrito Federal, consolidando Brasília como polo de grandes eventos esportivos alternativos, razão pela qual, votamos, no mérito, pela aprovação do Projeto de Lei n.º 1754, de 2025.",parecer_autor
78891,152583,330612,GAB DEP PAULA BELMONTE,Não apreciado(a),merito_favoravel,"Diante da relevância do tema e da abrangência das medidas propostas, recomendamos, portanto, o voto pela APROVAÇÃO do Projeto de Lei nº 1.747/2025, quanto ao mérito, no âmbito desta Comissão de Desenvolvimento Econômico Sustentável, Ciência, Tecnologia, Meio Ambiente e Turismo.",parecer_autor
78892,152641,333427,GAB DEP PR DANIEL DE CASTRO,Não apreciado(a),merito_favoravel,"consumidores com necessidades alimentares específicas, preservando, ao mesmo tempo, a razoabilidade na organização dos clubes recreativos e esportivo III - CONCLUSÃO Diante do exposto, no âmbito desta Comissão de Saúde, manifestamo-nos pela aprovação do Projeto de Lei nº 1.751/2025, com a emenda modificativa apresentada.",parecer_autor
78893,152685,327118,GAB DEP MARTINS MACHADO,Aprovado(a),merito_favoravel,"III - CONCLUSÃO Diante do exposto, reconhecendo a pertinência da proposta, o ganho de proteção por meio da vacinação e a manutenção da vida, voto pela aprovação do Projeto de Lei nº 1756, de 2025.",parecer_autor
78894,152713,340990,GAB DEP ROBÉRIO NEGREIROS,Não apreciado(a),admissivel,"XII e § 2º, 196 e 198 da Constituição; nas Leis federais nºs 8.080/1990 e 11.346/2006; no art. 71, inciso I, da Lei Orgânica do Distrito Federal; e no art. 109 da Lei Complementar distrital nº 13/1996, manifesta-se voto pela ADMISSIBILIDADE constitucional e jurídica do Projeto de Lei nº 1.775/2025 com emenda de redação anexa.",parecer_autor
78895,152713,325663,GAB DEP PR DANIEL DE CASTRO,Aprovado(a),merito_favoravel,"III - CONCLUSÃO Ante o exposto, no âmbito desta Comissão de Saúde, o voto é pela aprovação do Projeto de Lei nº 1775/2025.",parecer_autor
78896,152761,324119,GAB DEP JOÃO CARDOSO,Aprovado(a),sem_clausula,,parecer_autor
78897,152761,324172,GAB DEP DAYSE AMARILIO,Não apreciado(a),merito_favoravel,"III - CONCLUSÃO Ante o exposto, no âmbito da Comissão de Assuntos Sociais, somos pela aprovação, no mérito, do Projeto de Lei nº 1.765, de 2025.",parecer_autor
78898,152778,326628,GAB DEP MARTINS MACHADO,Não apreciado(a),sem_clausula,,parecer_autor
78899,152779,325721,GAB DEP JORGE VIANNA,Não apreciado(a),merito_favoravel,"III - CONCLUSÃO Diante do exposto, voto, no mérito, pela APROVAÇÃO do Projeto de Lei nº 1.768/2025, no âmbito desta comissão.",parecer_autor
78900,152787,324285,GAB DEP MARTINS MACHADO,Aprovado(a),merito_favoravel,"III - CONCLUSÃO Diante dos argumentos apresentados, e pelo fato de que o projeto é meritório, o voto é pela aprovação do projeto de lei 1766/2025.",parecer_autor
78901,152789,323958,GAB DEP DAYSE AMARILIO,Não apreciado(a),merito_favoravel,"III - CONCLUSÃO Ante o exposto, no âmbito da Comissão de Saúde, somos pela aprovação, no mérito, do Projeto de Lei nº 1769, de 2025.",parecer_autor
78902,152844,331669,GAB DEP THIAGO MANZONI,Não apreciado(a),merito_favoravel,"III - CONCLUSÃO Diante do exposto, somos pela APROVAÇÃO, no mérito, do Projeto de Lei nº 1.772/2025, no âmbito da Comissão de Educação e Cultura, na forma do Substitutivo anexo.",parecer_autor
78903,152906,324196,GAB DEP JOÃO CARDOSO,Não apreciado(a),sem_clausula,,parecer_autor
78904,153016,339093,GAB DEP JAQUELINE SILVA,Não apreciado(a),merito_favoravel,"III – CONCLUSÃO Considerando os motivos expostos, manifestamo-nos pela aprovação do Projeto de Lei nº 1.794, de 2025, quanto ao mérito, no âmbito desta Comissão de Defesa dos Direitos da Mulher, com as emendas modificativas anexas.",parecer_autor
78905,153106,325748,GAB DEP PR DANIEL DE CASTRO,Aprovado(a),merito_favoravel,"III - CONCLUSÃO Diante dessas considerações, no âmbito da Comissão de Saúde, o voto é pela aprovação do Projeto de Lei nº 1834/2025.",parecer_autor
78906,153129,326202,GAB DEP PAULA BELMONTE,Não apreciado(a),merito_favoravel,"Diante da relevância do tema e da abrangência das medidas propostas, recomendamos, portanto, o voto pela APROVAÇÃO do Projeto de Lei nº 1.946/2025, quanto ao mérito, no âmbito desta Comissão de Defesa dos Direitos da Mulher.",parecer_autor
78907,153217,339182,GAB DEP JAQUELINE SILVA,Não apreciado(a),merito_favoravel,"III – CONCLUSÃO Diante do exposto, no âmbito da Comissão de Defesa dos Direitos da Mulher, manifestamo-nos, no mérito, pela aprovação do Projeto de Lei nº 1.818/2025, na forma do Substitutivo anexo, dada sua fundamentação alinhada aos padrões internacionais protetivos e sua importância para o fortalecimento das políticas públicas de proteção à mulher e promoção da igualdade de gênero no Dis",parecer_autor
78908,153223,323961,GAB DEP DAYSE AMARILIO,Aprovado(a),merito_favoravel,"III - CONCLUSÃO Ante o exposto, no âmbito da Comissão de Saúde, somos pela aprovação, no mérito, do Projeto de Lei nº 1814, de 2025.",parecer_autor
78909,153224,323960,GAB DEP DAYSE AMARILIO,Não apreciado(a),merito_favoravel,"III - CONCLUSÃO Ante o exposto, no âmbito da Comissão de Saúde, somos pela aprovação, no mérito, do Projeto de Lei nº 1.815, de 2025.",parecer_autor
78910,153257,323703,GAB DEP JOÃO CARDOSO,Não apreciado(a),sem_clausula,,parecer_autor
78911,153296,324154,GAB DEP DAYSE AMARILIO,Aprovado(a),merito_favoravel,"III - CONCLUSÃO Ante o exposto, no âmbito da Comissão de Assuntos Sociais, somos pela aprovação, no mérito, do Projeto de Lei nº 1920, de 2025.",parecer_autor
78912,153355,323687,GAB DEP JOÃO CARDOSO,Aprovado(a),sem_clausula,,parecer_autor
78913,153383,324205,GAB DEP JOÃO CARDOSO,Não apreciado(a),sem_clausula,,parecer_autor
78914,153456,323959,GAB DEP DAYSE AMARILIO,Não apreciado(a),merito_favoravel,"III - CONCLUSÃO Ante o exposto, no âmbito da Comissão de Saúde, somos pela aprovação, no mérito, do Projeto de Lei nº 1.836, de 2025.",parecer_autor
78915,153457,326360,GAB DEP MARTINS MACHADO,Aprovado(a),merito_favoravel,"Assim, o voto é pela APROVAÇÃO do PL 1837/2025.",parecer_autor
78916,153458,336448,GAB DEP ROGÉRIO MORRO DA CRUZ,Não apreciado(a),merito_favoravel,"III - CONCLUSÃO No âmbito desta Comissão, especialmente quanto ao mérito, somos pela APROVAÇÃO do Projeto de Lei nº 1838/2025, que “Altera a Lei nº 4.159, de 13 de junho de 2008, que dispõe sobre a criação do programa de concessão de créditos para adquirentes de mercadorias ou bens e tomadores de serviços, nos termos que especifica”.",parecer_autor
78917,153459,323989,GAB DEP DAYSE AMARILIO,Não apreciado(a),merito_favoravel,"III - CONCLUSÃO Ante o exposto, no âmbito da Comissão de Assuntos Sociais, somos pela aprovação, no mérito, do Projeto de Lei nº 1.839, de 2025.",parecer_autor
78918,153461,325747,GAB DEP PR DANIEL DE CASTRO,Aprovado(a),merito_favoravel,"III - CONCLUSÃO Diante dessas considerações, no âmbito da Comissão de Saúde, o voto é pela aprovação do Projeto de Lei nº 1840/2025.",parecer_autor
78919,153463,324237,GAB DEP MARTINS MACHADO,Não apreciado(a),merito_favoravel,"Assim, o voto é pela APROVAÇÃO do PL 1842/2025.",parecer_autor
78920,153475,325730,GAB DEP PR DANIEL DE CASTRO,Aprovado(a),merito_favoravel,"III - CONCLUSÃO Diante dessas considerações, no âmbito desta Comissão de Saúde, o voto é pela aprovação do Projeto de Lei nº 1883/2025.",parecer_autor
78921,153489,334404,GAB DEP MARTINS MACHADO,Não apreciado(a),merito_favoravel,"ocial evidente ao criar órgão especializado de proteção, controle social e articulação intersetorial para enfrentar violações de direitos contra idosos, com previsão de governança, transparência e conformidade à LGPD, o voto pela APROVAÇÃO do projeto de lei 1844/2025.",parecer_autor
78922,153558,324287,GAB DEP MARTINS MACHADO,Aprovado(a),merito_favoravel,"ndo parcerias e educação –, e mensurável via redução de indicadores epidemiológicos, posiciona o DF como modelo em gerontologia preventiva, salvando vidas e otimizando recursos sanitários em uma população envelhecida, o voto é pela aprovação do projeto de lei 1866/2025.",parecer_autor
78923,153585,334967,GAB DEP PEPA,Não apreciado(a),merito_favoravel,"III - CONCLUSÃO Ante o exposto, no âmbito da Comissão de Transporte e Mobilidade Urbana, votamos pela APROVAÇÃO, no mérito do Projeto de Lei nº 1.852/2025.",parecer_autor
78924,153611,333638,GAB DEP ROBÉRIO NEGREIROS,Não apreciado(a),admissivel,"III- CONCLUSÃO Por esses motivos, com fundamento nos arts. 30, I, e 32, § 1º da Constituição Federal; e no arts. 71, II, e 100 da Lei Orgânica do Distrito Federal, nosso voto é pela ADMISSIBILIDADE do Projeto de Lei nº 1.864/2025.",parecer_autor
78925,153674,324175,GAB DEP DAYSE AMARILIO,Não apreciado(a),merito_favoravel,"III - CONCLUSÃO Ante o exposto, no âmbito da Comissão de Defesa dos Direitos da Mulher, somos pela aprovação, no mérito, do Projeto de Lei nº 1.916/2025, com a Emenda Aditiva apresentada.",parecer_autor
78926,153683,325518,GAB DEP JOÃO CARDOSO,Não apreciado(a),sem_clausula,,parecer_autor
78927,153726,325905,GAB DEP JOÃO CARDOSO,Não apreciado(a),sem_clausula,,parecer_autor
78928,153810,331144,GAB DEP JOAQUIM RORIZ NETO,Não apreciado(a),merito_favoravel,"III - CONCLUSÃO Ante o exposto, manifestamo-nos pela APROVAÇÃO do Projeto de Lei nº 1.887/2025 no âmbito da Comissão Desenvolvimento Econômico Sustentável, Ciência, Tecnologia, Meio Ambiente e Turismo.",parecer_autor
78929,153924,333428,GAB DEP PR DANIEL DE CASTRO,Não apreciado(a),merito_favoravel,"III - CONCLUSÃO Ante o exposto, votamos, no mérito, pela APROVAÇÃO do Projeto de Lei nº 1892/2025, de autoria do Deputado Iolando, com as emendas apresentadas.",parecer_autor
78930,153934,325145,GAB DEP JAQUELINE SILVA,Aprovado(a),merito_favoravel,"III – CONCLUSÃO Diante do exposto, somos pela aprovação do Projeto de Lei nº 1.893/2025, na forma do Substitutivo anexo, por entender que o PL se harmoniza com os princípios constitucionais da dignidade da pessoa humana, da igualdade racial e da não discriminação, além de contribuir para o fortalecimento da democr",parecer_autor
78931,153934,333461,GAB DEP JOAQUIM RORIZ NETO,Não apreciado(a),merito_favoravel,"Ante o exposto, manifestamo-nos pela APROVAÇÃO do PL 1.631/2025, na forma do Substitutivo da CDDHCLP, no âmbito da Comissão de Desenvolvimento Econômico Sustentável, Ciência, Tecnologia, Meio Ambiente e Turismo.",parecer_autor
78932,153939,323711,GAB DEP JOÃO CARDOSO,Não apreciado(a),sem_clausula,,parecer_autor
78933,154015,326345,GAB DEP MARTINS MACHADO,Não apreciado(a),sem_clausula,,parecer_autor
78934,154018,323689,GAB DEP JOÃO CARDOSO,Aprovado(a),sem_clausula,,parecer_autor
78935,154018,326210,GAB DEP PAULA BELMONTE,Aprovado(a),merito_favoravel,"Diante da relevância do tema e da abrangência das medidas propostas, recomendamos, portanto, o voto pela APROVAÇÃO do Projeto de Lei nº 1.906/2025, quanto ao mérito, no âmbito desta Comissão de Fiscalização, Governança, Transparência e Controle.",parecer_autor
78936,154102,327071,GAB DEP IOLANDO,Aprovado(a),merito_favoravel,"III - CONCLUSÃO Por todo o exposto, nosso voto é pela APROVAÇÃO do Projeto de Lei nº 1.911/2025, no âmbito da Comissão de Fiscalização, Governança, Transparência e Controle, na forma do substitutivo anexo.",parecer_autor
78937,154104,333187,GAB DEP THIAGO MANZONI,Não apreciado(a),admissivel,", juridicidade, legalidade, regimentalidade, técnica legislativa e redação, e considerando que a Emenda Modificativa nº 1 aperfeiçoa a proposição original ao sanar a ambiguidade quanto à data da celebração, manifesto-me pela ADMISSIBILIDADE do Projeto de Lei nº 1910, de 2025, e da Emenda Modificativa nº 1, da CEC, ambos em condições de prosseguirem em sua tramitação para apreciação do mérito pelo Plenário desta Casa.",parecer_autor
78938,154191,326073,GAB DEP CHICO VIGILANTE,Não apreciado(a),merito_favoravel,"III - CONCLUSÃO Ante o exposto, considerando os aspectos de mérito relacionados à proteção e defesa do consumidor, votamos pela APROVAÇÃO do Projeto de Lei nº 1.922/2025 no âmbito desta Comissão de Defesa do Consumidor.",parecer_autor
78939,154277,323996,GAB DEP JOÃO CARDOSO,Não apreciado(a),sem_clausula,,parecer_autor
78940,154303,325375,GAB DEP MAX MACIEL,Aprovado(a),merito_favoravel,"Ante o exposto, no âmbito desta Comissão de Assuntos Sociais, o voto é pela aprovação do Projeto de Decreto Legislativo nº 358/2025.",parecer_autor
78941,154313,337619,GAB DEP PAULA BELMONTE,Não apreciado(a),merito_favoravel,"Diante da relevância do tema e da abrangência das medidas propostas, recomendamos, portanto, no âmbito desta comissão, quanto ao mérito, o voto pela APROVAÇÃO do Projeto de Lei nº 1.935/2025. É o Voto.",parecer_autor
78942,154389,325677,CEOF,Não apreciado(a),admissivel_com_ressalva,"II – CONCLUSÃO Dessa forma, tendo em vista que a proposição observa as exigências formais e materiais do ordenamento jurídico e favorece a execução de políticas públicas relevantes, voto pela ADMISSIBILIDADE e APROVAÇÃO do processo n° 41/2025 na forma do Projeto de Decreto Legislativo anexo, de autoria desta CEOF, no âmbito desta Comissão de Economia, Orçamento e Finanças.",parecer_autor
78943,154417,339321,GAB DEP JOAQUIM RORIZ NETO,Não apreciado(a),merito_favoravel,"III - CONCLUSÃO Ante o exposto, manifestamo-nos pela APROVAÇÃO do Projeto de Lei nº 1.940/2025 no âmbito da Comissão de Desenvolvimento Econômico Sustentável, Ciência, Tecnologia, Meio Ambiente e Turismo, na forma do substitutivo do Relator.",parecer_autor
78944,154489,333195,GAB DEP MARTINS MACHADO,Não apreciado(a),sem_clausula,,parecer_autor
78945,154640,325928,GAB DEP JOÃO CARDOSO,Não apreciado(a),sem_clausula,,parecer_autor
78946,154759,334965,GAB DEP PEPA,Não apreciado(a),merito_favoravel,"III - CONCLUSÃO Ante o exposto, no âmbito da Comissão de Assuntos Fundiários, votamos pela APROVAÇÃO do Projeto de Lei nº 1.985/2025, por reconhecer seu relevante mérito social, urbanístico, ambiental e fundiário.",parecer_autor
78947,154763,336552,GAB DEP JOAQUIM RORIZ NETO,Não apreciado(a),merito_favoravel,"III - CONCLUSÃO Ante o exposto, manifestamo-nos pela APROVAÇÃO do Projeto de Lei nº 1.970/2025 no âmbito da Comissão de Desenvolvimento Econômico Sustentável, Ciência, Tecnologia, Meio Ambiente e Turismo, na forma do substitutivo do relator.",parecer_autor
78948,154764,326211,GAB DEP PAULA BELMONTE,Aprovado(a),merito_favoravel,"Diante da relevância do tema e da abrangência das medidas propostas, recomendamos, portanto, o voto pela APROVAÇÃO do Projeto de Lei nº 1.967/2025, quanto ao mérito, no âmbito desta Comissão de Fiscalização, Governança, Transparência e Controle.",parecer_autor
78949,154771,325141,GAB DEP JAQUELINE SILVA,Não apreciado(a),merito_favoravel,"III – CONCLUSÃO Ante o exposto,somos, no âmbito da Comissão de Defesa dos Direitos da Mulher, pela aprovação, no mérito, na forma do Substitutivo anexo, do Projeto de Lei nº 1.968, de 2025.",parecer_autor
78950,154786,327340,GAB DEP DAYSE AMARILIO,Aprovado(a),merito_favoravel,"III - CONCLUSÃO Ante o exposto, no âmbito desta Comissão, voto pela aprovação, no mérito, do Projeto de Lei nº 1.983, de 2025.",parecer_autor
78951,154788,342463,GAB DEP MAX MACIEL,Não apreciado(a),merito_contrario,"siderando a necessidade de preservação da prioridade conferida ao transporte público coletivo de alta capacidade, bem como a ausência de elementos empíricos conclusivos que demonstrem os benefícios da medida proposta, o voto desta Comissão de Transporte e Mobilidade Urbana é pela rejeição do Projeto de Lei nº 1.973/2025.",parecer_autor
78952,154847,326856,GAB DEP GABRIEL MAGNO,Aprovado(a),merito_favoravel,"III - CONCLUSÃO Diante do exposto, no âmbito desta Comissão de Saúde, manifestamos voto pela aprovação, no mérito, do PL nº 1.982, de 2025.",parecer_autor
78953,154870,336333,GAB DEP ROGÉRIO MORRO DA CRUZ,Não apreciado(a),merito_favoravel,"III - CONCLUSÃO No âmbito desta Comissão, especialmente quanto ao mérito, somos pela APROVAÇÃO do Projeto de Lei nº 1984/2025, que “Dispõe sobre a criação do Comitê de Diretrizes Procedimentais e Troca de Informações para o Combate aos Crimes Cibernéticos, no âmbito do Distrito Federal, e dá outras providências”.",parecer_autor
78954,154886,334082,GAB DEP MARTINS MACHADO,Não apreciado(a),merito_favoravel,"Pelo exposto, manifestamos voto pela APROVAÇÃO do Projeto de Decreto Legislativo nº 374/2025 no âmbito da Comissão de Assuntos Sociais.",parecer_autor
78955,155014,326093,GAB DEP DANIEL DONIZET,Não apreciado(a),merito_favoravel,"III - CONCLUSÃO Por todo o exposto, manifesta-se voto pela APROVAÇÃO do Projeto de Lei nº 1.994/2025.",parecer_autor
78956,155014,331080,GAB DEP ROBÉRIO NEGREIROS,Não apreciado(a),merito_favoravel,"III – CONCLUSÃO Considerando todo o exposto, nosso voto é pela APROVAÇÃO do Projeto de Lei nº 1.994/2025, no âmbito da Comissão de Fiscalização, Governança, Transparência e Controle.",parecer_autor
78957,155028,334204,GAB DEP MARTINS MACHADO,Não apreciado(a),merito_favoravel,"III – CONCLUSÃO Pelo exposto, manifestamos voto pela APROVAÇÃO do Projeto de Decreto Legislativo nº 380/2025 no âmbito da Comissão de Assuntos Sociais.",parecer_autor
78958,155042,327341,GAB DEP DAYSE AMARILIO,Não apreciado(a),merito_favoravel,"III - CONCLUSÃO Ante o exposto, no âmbito desta Comissão, voto pela aprovação, no mérito, do Projeto de Decreto Legislativo nº 378, de 2025.",parecer_autor
78959,155087,329748,GAB DEP JOÃO CARDOSO,Não apreciado(a),sem_clausula,,parecer_autor
78960,155158,325661,GAB DEP PR DANIEL DE CASTRO,Não apreciado(a),merito_favoravel,"III - CONCLUSÃO Diante dessas considerações, no âmbito desta Comissão de Defesa dos Direitos da Mulher, o voto é pela aprovação do Projeto de Lei nº 2008/2025.",parecer_autor
78961,155170,334396,GAB DEP MARTINS MACHADO,Não apreciado(a),merito_favoravel,"instrumentos objetivos de priorização, monitoramento e responsabilização sobre temas que mais impactam os cidadãos, potencializando a melhoria da qualidade dos serviços públicos e o fortalecimento do controle social, o voto pela APROVAÇÃO do projeto de lei 2007/2025.",parecer_autor
78962,155233,336251,GAB DEP JOAQUIM RORIZ NETO,Não apreciado(a),merito_favoravel,"III - CONCLUSÃO Ante o exposto, manifestamo-nos pela APROVAÇÃO do Projeto de Lei nº 2.010/2025 no âmbito da Comissão de Assuntos Fundiários, na forma do substitutivo do relator.",parecer_autor
78963,155239,340961,GAB DEP PR DANIEL DE CASTRO,Não apreciado(a),merito_favoravel,"III - CONCLUSÃO Diante do exposto, considerando a relevância da matéria para a saúde pública e a assistência integral no Distrito Federal, o nosso voto é pela APROVAÇÃO do Projeto de Lei nº 2011, de 2025, no âmbito da Comissão de Saúde.",parecer_autor
78964,155242,326273,GAB DEP PAULA BELMONTE,Não apreciado(a),merito_favoravel,"Diante da relevância do tema e da abrangência das medidas propostas, recomendamos, portanto, o voto pela APROVAÇÃO do Projeto de Lei nº 2.013/2025, quanto ao mérito, no âmbito desta Comissão de Desenvolvimento Econômico Sustentável, Ciência, Tecnologia, Meio Ambiente e Turismo.",parecer_autor
78965,155243,330996,GAB DEP JOÃO CARDOSO,Não apreciado(a),sem_clausula,,parecer_autor
78966,155251,324235,GAB DEP MARTINS MACHADO,Não apreciado(a),merito_favoravel,"Assim, o voto é pela APROVAÇÃO do PL 2026/2025.",parecer_autor
78967,155251,333431,GAB DEP PR DANIEL DE CASTRO,Não apreciado(a),merito_favoravel,III - CONCLUSÃO Diante do exposto somos pela aprovação do Projeto de Lei 2026/2025 no âmbito dessa Comissão.,parecer_autor
78968,155254,338235,GAB DEP JOAQUIM RORIZ NETO,Não apreciado(a),merito_favoravel,"III - CONCLUSÃO Ante o exposto, manifestamo-nos pela APROVAÇÃO do Projeto de Lei nº 2.031/2025, na forma do substitutivo do Relator, no âmbito da Comissão de Desenvolvimento Econômico Sustentável, Ciência, Tecnologia, Meio Ambiente e Turismo.",parecer_autor
78969,155297,331008,GAB DEP DAYSE AMARILIO,Não apreciado(a),merito_favoravel,"III - CONCLUSÃO Ante o exposto, no âmbito da Comissão de Assuntos Sociais, somos pela aprovação, no mérito, do Projeto de Lei nº 2.019, de 2025.",parecer_autor
78970,155297,326209,GAB DEP PAULA BELMONTE,Aprovado(a),merito_favoravel,"Diante da relevância do tema e da abrangência das medidas propostas, recomendamos, portanto, o voto pela APROVAÇÃO do Projeto de Lei nº 2.019/2025, quanto ao mérito, no âmbito desta Comissão de Fiscalização, Governança, Transparência e Controle.",parecer_autor
78971,155309,337617,GAB DEP PAULA BELMONTE,Não apreciado(a),merito_favoravel,"Diante da relevância do tema e da abrangência das medidas propostas, recomendamos, portanto, no âmbito desta comissão, quanto ao mérito, o voto pela APROVAÇÃO do Projeto de Lei nº 2.020/2025. É o Voto.",parecer_autor
78972,155316,329749,GAB DEP JOÃO CARDOSO,Não apreciado(a),sem_clausula,,parecer_autor
78973,155358,340993,GAB DEP PR DANIEL DE CASTRO,Não apreciado(a),merito_favoravel,"III - CONCLUSÃO Diante do exposto, no âmbito das competências desta Comissão de Assuntos Sociais, somos pela APROVAÇÃO do Projeto de Lei nº 2.055, de 2025, no mérito, na forma apresentada.",parecer_autor
78974,155361,330741,GAB DEP ROGÉRIO MORRO DA CRUZ,Não apreciado(a),merito_favoravel,"III - CONCLUSÃO Ante tudo quanto exposto, no âmbito desta Comissão, somos pela APROVAÇÃO do Projeto de Lei nº 2024/2025, que Institui o Programa Distrital de Qualificação, Registro e Apoio aos Cuidadores de Idosos no Distrito Federal e dá outras providências.",parecer_autor
78975,155367,325990,GAB DEP JOÃO CARDOSO,Não apreciado(a),sem_clausula,,parecer_autor
78976,155399,331755,GAB DEP ROGÉRIO MORRO DA CRUZ,Não apreciado(a),merito_favoravel,"III - CONCLUSÃO Pelo exposto, manifestamos voto pela APROVAÇÃO do Projeto de Decreto Legislativo nº 388/2025 no âmbito da Comissão de Assuntos Sociais.",parecer_autor
78977,155403,325660,GAB DEP PR DANIEL DE CASTRO,Não apreciado(a),merito_favoravel,"III - CONCLUSÃO Ante o exposto, no âmbito desta Comissão de Defesa dos Direitos da Mulher, o voto é pela APROVAÇÃO do Projeto de Lei nº 2037/2025.",parecer_autor
78978,155413,326762,GAB DEP ROGÉRIO MORRO DA CRUZ,Não apreciado(a),merito_favoravel,"III - CONCLUSÃO No âmbito desta Comissão, especialmente quanto ao mérito, somos pela APROVAÇÃO do Projeto de Lei n° 2038/2025, com a Emenda de Redação n. 1.",parecer_autor
78979,155422,327397,GAB DEP DAYSE AMARILIO,Não apreciado(a),merito_favoravel,"III - CONCLUSÃO Ante o exposto, no âmbito desta Comissão, voto pela aprovação, no mérito, do Projeto de Decreto Legislativo nº 389/2025.",parecer_autor
78980,155427,324437,GAB DEP DAYSE AMARILIO,Aprovado(a),merito_favoravel,"III - CONCLUSÃO Ante o exposto, no âmbito da Comissão de Saúde, somos pela aprovação, no mérito, do Projeto de Lei nº 2056, de 2025.",parecer_autor
78981,155439,340989,GAB DEP PR DANIEL DE CASTRO,Não apreciado(a),merito_favoravel,"III - CONCLUSÃO Diante do exposto, somos pela APROVAÇÃO do Projeto de Lei nº 2094, de 2025, no âmbito desta Comissão de Educação e Cultura.",parecer_autor
78982,155464,324124,GAB DEP DAYSE AMARILIO,Não apreciado(a),merito_favoravel,"III - CONCLUSÃO Ante o exposto, o voto é pela aprovação do Projeto de Lei nº 2.045, de 2025, no mérito, ressalvada a correção do erro material identificado.",parecer_autor
78983,155467,326198,GAB DEP PAULA BELMONTE,Não apreciado(a),merito_favoravel,"Diante da relevância do tema e da abrangência das medidas propostas, recomendamos, portanto, o voto pela APROVAÇÃO do Projeto de Lei nº 2.047/2025, quanto ao mérito, no âmbito desta Comissão de Defesa dos Direitos da Mulher.",parecer_autor
78984,155470,329692,GAB DEP ROGÉRIO MORRO DA CRUZ,Não apreciado(a),merito_favoravel,"III - CONCLUSÃO Ante tudo quanto exposto, no âmbito desta Comissão, somos pela APROVAÇÃO do Projeto de Lei nº 2048/2025, que ""Institui e inclui no calendário oficial de eventos do Distrito Federal o Dia da Santa Mãe de Deus - Sancta Dei Genitrix.”",parecer_autor
78985,155473,337584,GAB DEP PAULA BELMONTE,Não apreciado(a),merito_favoravel,"Diante da relevância do tema e da abrangência das medidas propostas, recomendamos, portanto, no âmbito desta comissão, o voto pela APROVAÇÃO do Projeto de Lei nº 2.051/2025, quanto ao mérito, por reconhecer sua relevância ambiental, educativa, cultural e social para o Distrito Federal.",parecer_autor
78986,155567,325749,GAB DEP PR DANIEL DE CASTRO,Não apreciado(a),merito_favoravel,"III - CONCLUSÃO Diante dessas considerações, no âmbito da Comissão de Defesa dos Direitos da Mulher, o voto é pela aprovação do Projeto de Lei nº 2067/2025",parecer_autor
78987,155571,333426,GAB DEP PR DANIEL DE CASTRO,Não apreciado(a),merito_favoravel,"III - CONCLUSÃO Ante o exposto, no âmbito do mérito desta Comissão de Educação e Cultura, manifestamo-nos pela APROVAÇÃO do Projeto de Lei nº 2064/2025, de autoria do Deputado Distrital Wellington Luiz, por reconhecer sua relevância cultural, social e comunitária para o Distrito Federal.",parecer_autor
78988,155580,327161,GAB DEP IOLANDO,Aprovado(a),merito_favoravel,"Assim, considerando a relevância do tema, esta Comissão manifesta-se pela APROVAÇÃO do projeto de lei n° 2065/2025. É o voto.",parecer_autor
78989,155602,337796,GAB DEP FÁBIO FÉLIX,Não apreciado(a),admissivel,"III - CONCLUSÃO Pelo exposto, no âmbito da Comissão de Constituição e Justiça, o voto é pela ADMISSIBILIDADE do Projeto de Decreto Legislativo nº 396/2025. DEPUTADO FÁBIO FELIX Relator",parecer_autor
78990,155602,329573,GAB DEP ROGÉRIO MORRO DA CRUZ,Aprovado(a),merito_favoravel,"Ante o exposto, no âmbito desta Comissão de Assuntos Sociais, o voto é pela aprovação do Projeto de Decreto Legislativo nº 396/2025.",parecer_autor
78991,155613,331756,GAB DEP GABRIEL MAGNO,Não apreciado(a),merito_favoravel,"III - CONCLUSÃO Ante o exposto, no âmbito da Comissão de Educação e Cultura, manifestamos voto pela aprovação, no mérito, do Projeto de Lei nº 2.068/2025.",parecer_autor
78992,155626,326633,GAB DEP MARTINS MACHADO,Não apreciado(a),sem_clausula,,parecer_autor
78993,155628,330447,GAB DEP DANIEL DONIZET,Não apreciado(a),merito_favoravel,"III - CONCLUSÃO Por todo o exposto, nosso voto é pela APROVAÇÃO do Projeto de Lei nº 2.070/2025, no âmbito da Comissão de Defesa do Consumidor.",parecer_autor
78994,155628,327345,GAB DEP MAX MACIEL,Aprovado(a),merito_favoravel,"Assim, diante da relevância da matéria, bem como da necessidade e conveniência da medida veiculada pelo projeto, o voto manifesta-se pela aprovação do Projeto de Lei n.º 2.070/2025.",parecer_autor
78995,155631,338495,GAB DEP JOAQUIM RORIZ NETO,Não apreciado(a),sem_clausula,,parecer_autor
78996,155671,324176,GAB DEP ROGÉRIO MORRO DA CRUZ,Não apreciado(a),merito_favoravel,"III - CONCLUSÃO Diante do exposto, voto pela APROVAÇÃO, no mérito, do Projeto de Lei nº 2.075/2025, e pela rejeição da Emenda nº 1 (Modificativa), no âmbito da Comissão de Assuntos Sociais.",parecer_autor
78997,155677,325999,GAB DEP JOÃO CARDOSO,Não apreciado(a),sem_clausula,,parecer_autor
78998,155702,334212,GAB DEP MARTINS MACHADO,Não apreciado(a),merito_favoravel,"III - CONCLUSÃO Pelo exposto, manifestamos voto pela APROVAÇÃO do Projeto de Decreto Legislativo nº 433/2026 no âmbito da Comissão de Assuntos Sociais.",parecer_autor
78999,155709,333199,GAB DEP MARTINS MACHADO,Não apreciado(a),merito_favoravel,"Pelo exposto, manifestamos voto pela APROVAÇÃO do Projeto de Decreto Legislativo nº 432/2026 no âmbito da Comissão de Assuntos Sociais.",parecer_autor
79000,155721,326600,GAB DEP RICARDO VALE,Aprovado(a),sem_clausula,,parecer_autor
79001,155726,327098,GAB DEP JOÃO CARDOSO,Não apreciado(a),sem_clausula,,parecer_autor
79002,155755,330451,GAB DEP IOLANDO,Não apreciado(a),merito_favoravel,"III - CONCLUSÃO Considerando todo o exposto, verificada a oportunidade e a conveniência, nosso voto é pela APROVAÇÃO do Projeto de Lei nº 2.087/2025, com as emendas modificativas em anexo.",parecer_autor
79003,155760,325185,GAB DEP ROBÉRIO NEGREIROS,Aprovado(a),admissivel,"III - CONCLUSÃO Por todo o exposto, no âmbito da CCJ e com fundamento no art. 64, I, RICLDF, vota-se pela ADMISSIBILIDADE do PDL nº 402/2025.",parecer_autor
79004,155816,327578,GAB DEP ROGÉRIO MORRO DA CRUZ,Não apreciado(a),merito_favoravel,"Ante o exposto, no âmbito desta Comissão de Assuntos Sociais, o voto é pela aprovação do Projeto de Decreto Legislativo nº 414/2026.",parecer_autor
79005,155877,331013,GAB DEP MARTINS MACHADO,Não apreciado(a),merito_favoravel,"III – CONCLUSÃO Pelo exposto, manifestamos voto pela APROVAÇÃO do Projeto de Decreto Legislativo nº 407/2025 no âmbito da Comissão de Assuntos Sociais.",parecer_autor
79006,155888,326716,GAB DEP RICARDO VALE,Aprovado(a),sem_clausula,,parecer_autor
79007,155911,327533,GAB DEP DAYSE AMARILIO,Não apreciado(a),merito_favoravel,"III - CONCLUSÃO Ante o exposto, no âmbito desta Comissão, voto pela aprovação, no mérito, do Projeto de Lei nº 2.107, de 2026.",parecer_autor
79008,155912,330215,GAB DEP JOÃO CARDOSO,Não apreciado(a),sem_clausula,,parecer_autor
79009,155912,326250,GAB DEP PAULA BELMONTE,Não apreciado(a),merito_favoravel,"Diante da relevância do tema e da abrangência das medidas propostas, recomendamos, portanto, o voto pela APROVAÇÃO do Projeto de Lei nº 2.103/2026, quanto ao mérito, no âmbito desta Comissão de Desenvolvimento Econômico Sustentável, Ciência, Tecnologia, Meio Ambiente e Turismo.",parecer_autor
79010,155944,334215,GAB DEP MARTINS MACHADO,Não apreciado(a),merito_favoravel,"S, apresenta alto mérito e relevância na área da saúde, ao promover diagnóstico precoce, atendimento multidisciplinar, acesso a medicamentos e tecnologias assistivas, e criação de centro de referência, razão pela qual o voto é pela APROVAÇÃO do Projeto de Lei n° 2106/2026.",parecer_autor
79011,155950,340965,GAB DEP PR DANIEL DE CASTRO,Não apreciado(a),merito_favoravel,"III - CONCLUSÃO Diante do exposto e considerando a inequívoca contribuição da matéria para a melhoria da qualidade, humanização e acessibilidade da rede pública de assistência especializada do Distrito Federal, o nosso voto é pela APROVAÇÃO do Projeto de Lei nº 2108, de 2026, no âmbito desta Comissão de Saúde.",parecer_autor
79012,155951,334217,GAB DEP MARTINS MACHADO,Não apreciado(a),merito_favoravel,"der que a matéria promove acessibilidade, favorece a continuidade do cuidado em saúde e fortalece a proteção das pessoas com TEA e de suas famílias, sem impor restrições incompatíveis com a finalidade social da norma, o voto é pela APROVAÇÃO do Projeto de Lei n° 2109/2026.",parecer_autor
79013,155968,329697,GAB DEP PEPA,Não apreciado(a),merito_favoravel,"Dessa forma, no mérito, vota-se pela APROVAÇÃO do Projeto de Lei nº 2.111, de 2026.",parecer_autor
79014,155969,338624,GAB DEP DOUTORA JANE,Não apreciado(a),merito_favoravel,"III - CONCLUSÃO Ante o exposto, no âmbito da COMISSÃO DE SEGURANÇA, voto: a) pela APROVAÇÃO do Projeto de Lei Complementar nº 96/2026; b) pela APROVAÇÃO da Emenda nº 1; c) pela REJEIÇÃO da Emenda nº 2; d) pela REJEIÇÃO da Emenda nº 3; e e) pela REJEIÇÃO da Emenda nº 4.",parecer_autor
79015,155976,336776,GAB DEP IOLANDO,Não apreciado(a),merito_favoravel,"Diante do exposto, vota-se, no âmbito da CDC, pela APROVAÇÃO do PL nº 2.112/2026, com as Emendas nº 01 e nº 02 anexas, nos termos do art. 67, I, III e VI do RICLDF.",parecer_autor
79016,155988,326011,GAB DEP JOÃO CARDOSO,Não apreciado(a),sem_clausula,,parecer_autor
79017,155989,326393,GAB DEP MARTINS MACHADO,Aprovado(a),merito_favoravel,"III – Conclusão Diante do exposto, entende-se que a matéria atende ao interesse público, confere segurança jurídica à categoria e à Administração Pública, razão pela qual o voto é pela APROVAÇÃO do Projeto de Lei n° 2119/2026, com acatamento da emenda n.º 1.",parecer_autor
79018,156004,327232,GAB DEP DAYSE AMARILIO,Não apreciado(a),merito_favoravel,"III - CONCLUSÃO Ante o exposto, no âmbito desta Comissão, voto pela aprovação, no mérito, do Projeto de Lei nº 2122, de 2026.",parecer_autor
79019,156005,326268,GAB DEP PAULA BELMONTE,Não apreciado(a),merito_favoravel,"Diante da relevância do tema e da abrangência das medidas propostas, recomendamos, portanto, o voto pela APROVAÇÃO do Projeto de Lei nº 2.123/2026, quanto ao mérito, no âmbito desta Comissão de Desenvolvimento Econômico Sustentável, Ciência, Tecnologia, Meio Ambiente e Turismo.",parecer_autor
79020,156070,327346,GAB DEP JOÃO CARDOSO,Não apreciado(a),sem_clausula,,parecer_autor
79021,156070,337597,GAB DEP JOAQUIM RORIZ NETO,Não apreciado(a),merito_favoravel,"III - CONCLUSÃO Ante o exposto, manifestamo-nos pela APROVAÇÃO do Projeto de Lei nº 2.126/2026 no âmbito da Comissão de Desenvolvimento Econômico Sustentável, Ciência, Tecnologia, Meio Ambiente e Turismo, na forma do substitutivo do relator.",parecer_autor
79022,156155,339210,GAB DEP JAQUELINE SILVA,Não apreciado(a),merito_favoravel,"III – CONCLUSÃO Em face do exposto, manifestamo-nos, no mérito, pela APROVAÇÃO do Projeto de Resolução nº 79/2026, com a incorporação da Emenda Aditiva nº 1, na forma do Substitutivo (Emenda nº 2) apresentado pela Mesa Diretora, nesta Comissão de Defesa dos Direitos da Mulher.",parecer_autor
79023,156169,331010,GAB DEP MARTINS MACHADO,Não apreciado(a),merito_favoravel,"III – CONCLUSÃO Pelo exposto, manifestamos voto pela APROVAÇÃO do Projeto de Decreto Legislativo nº 413/2026 no âmbito da Comissão de Assuntos Sociais.",parecer_autor
79024,156189,326270,GAB DEP PAULA BELMONTE,Não apreciado(a),merito_favoravel,"Diante da relevância do tema e da abrangência das medidas propostas, recomendamos, portanto, o voto pela APROVAÇÃO do Projeto de Lei nº 2.141/2026, quanto ao mérito, no âmbito desta Comissão de Desenvolvimento Econômico Sustentável, Ciência, Tecnologia, Meio Ambiente e Turismo.",parecer_autor
79025,156195,326742,GAB DEP RICARDO VALE,Não apreciado(a),sem_clausula,,parecer_autor
79026,156238,330698,GAB DEP JOÃO CARDOSO,Não apreciado(a),merito_favoravel,"Diante do exposto, o voto é pela aprovação do Projeto de Lei.",parecer_autor
79027,156238,333912,GAB DEP MAX MACIEL,Aprovado(a),merito_favoravel,"erando a relevância da matéria para o debate sobre mobilidade urbana, acesso ao transporte público e valorização dos profissionais que atuam na segurança pública e na organização do sistema viário do Distrito Federal, o voto manifesta-se pela aprovação, no âmbito da Comissão de Transporte e Mobilidade Urbana, do projeto de lei n.º 2.156/2026.",parecer_autor
79028,156259,327229,GAB DEP DAYSE AMARILIO,Não apreciado(a),merito_favoravel,"III - CONCLUSÃO Ante o exposto, no âmbito desta Comissão, voto pela aprovação, no mérito, do Projeto de Lei nº 2170, de 2026.",parecer_autor
79029,156264,325960,CEOF,Aprovado(a),merito_favoravel,"posto, tendo em vista que a proposição observa as exigências formais e materiais do ordenamento jurídico e favorece o desenvolvimento da atuação governamental, no âmbito desta COMISSÃO DE ECONOMIA, ORÇAMENTO E FINANÇAS, manifestamos voto pela APROVAÇÃO e ADMISSIBILIDADE do Projeto de Lei nº 2.151/2026, de autoria do Poder Executivo, com acatamento das emendas apresentadas.",parecer_autor
79030,156284,334893,GAB DEP JOAQUIM RORIZ NETO,Não apreciado(a),merito_favoravel,"III - CONCLUSÃO Ante o exposto, manifestamo-nos pela APROVAÇÃO do Projeto de Lei nº 2.153/2026 no âmbito da ?Comissão de Desenvolvimento Econômico Sustentável, Ciência, Tecnologia, Meio Ambiente e Turismo.",parecer_autor
79031,156288,334221,GAB DEP MARTINS MACHADO,Não apreciado(a),merito_favoravel,"III - CONCLUSÃO Diante do exposto, voto pela APROVAÇÃO do projeto de lei n.º 2154/2026, por entender que a medida é socialmente relevante, moderniza o serviço de táxi no Distrito Federal e amplia a acessibilidade e a eficiência do transporte individual regulamentado.",parecer_autor
79032,156300,334392,GAB DEP MARTINS MACHADO,Não apreciado(a),sem_clausula,,parecer_autor
79033,156303,327532,GAB DEP DAYSE AMARILIO,Não apreciado(a),merito_favoravel,"III - CONCLUSÃO Ante o exposto, no âmbito desta Comissão, voto pela aprovação, no mérito, do Projeto de Lei nº 2.163/2026.",parecer_autor
79034,156334,327357,GAB DEP JOÃO CARDOSO,Não apreciado(a),sem_clausula,,parecer_autor
79035,156405,331053,GAB DEP JOÃO CARDOSO,Não apreciado(a),sem_clausula,,parecer_autor
79036,156412,331162,GAB DEP JOÃO CARDOSO,Não apreciado(a),sem_clausula,,parecer_autor
79037,156437,326802,GAB DEP JOÃO CARDOSO,Não apreciado(a),merito_favoravel,"Diante do exposto, o voto é pela aprovação do projeto de lei complementar.",parecer_autor
79038,156441,327574,GAB DEP ROGÉRIO MORRO DA CRUZ,Não apreciado(a),merito_favoravel,"Ante o exposto, no âmbito desta Comissão de Assuntos Sociais, o voto é pela aprovação do Projeto de Decreto Legislativo nº 416/2026, que “Concede o Título de Cidadão Honorário de Brasília ao senhor Samer Agi.”",parecer_autor
79039,156493,331052,GAB DEP JOÃO CARDOSO,Não apreciado(a),sem_clausula,,parecer_autor
79040,156504,330669,GAB DEP PAULA BELMONTE,Não apreciado(a),merito_favoravel,"Diante da relevância do tema e da abrangência das medidas propostas, recomendamos, portanto, o voto pela APROVAÇÃO do Projeto de Lei nº 2.189/2026, quanto ao mérito, no âmbito desta Comissão de Fiscalização, Governança, Transparência e Controle.",parecer_autor
79041,156543,331121,GAB DEP JOÃO CARDOSO,Não apreciado(a),sem_clausula,,parecer_autor
79042,156543,334188,GAB DEP PR DANIEL DE CASTRO,Não apreciado(a),merito_favoravel,"is de saúde, contribuindo para a prevenção da violência nas unidades assistenciais e para a melhoria da qualidade e da continuidade do atendimento prestado à população do Distrito Federal III - CONCLUSÃO Ante o exposto, votamos, no mérito, pela APROVAÇÃO do Projeto de Lei nº 2200/2026, de autoria da Deputada Dayse Amarilio, com a emenda de redação apresentada.",parecer_autor
79043,156550,327521,GAB DEP DAYSE AMARILIO,Não apreciado(a),merito_favoravel,"III - CONCLUSÃO Ante o exposto, no âmbito desta Comissão, voto pela aprovação, no mérito, do Projeto de Lei nº 2.197/2026.",parecer_autor
79044,156559,332172,GAB DEP MARTINS MACHADO,Não apreciado(a),merito_favoravel,"Assim, o voto é pela APROVAÇÃO do PL 2195/2026.",parecer_autor
79045,156561,327596,GAB DEP ROGÉRIO MORRO DA CRUZ,Não apreciado(a),merito_favoravel,"Ante o exposto, no âmbito desta Comissão de Assuntos Sociais, o voto é pela aprovação do Projeto de Decreto Legislativo nº 418/2026.",parecer_autor
79046,156562,327586,GAB DEP ROGÉRIO MORRO DA CRUZ,Não apreciado(a),merito_favoravel,"Ante o exposto, no âmbito desta Comissão de Assuntos Sociais, o voto é pela aprovação do Projeto de Decreto Legislativo nº 419/2026.",parecer_autor
79047,156563,330838,GAB DEP JOÃO CARDOSO,Não apreciado(a),sem_clausula,,parecer_autor
79048,156629,333202,GAB DEP MARTINS MACHADO,Não apreciado(a),merito_favoravel,"Pelo exposto, manifestamos voto pela APROVAÇÃO do Projeto de Decreto Legislativo nº 425/2026 no âmbito da Comissão de Assuntos Sociais.",parecer_autor
79049,156726,334964,GAB DEP PEPA,Não apreciado(a),merito_favoravel,"III - CONCLUSÃO Ante o exposto, no âmbito da competência regimental desta Comissão de Assuntos Fundiários, votamos pela APROVAÇÃO do Projeto de Lei nº 2.216/2026.",parecer_autor
79050,156727,333015,GAB DEP PEPA,Não apreciado(a),merito_favoravel,"III - CONCLUSÃO Ante o exposto, no âmbito das competências desta Comissão de Assuntos Fundiários, votamos, no mérito, pela APROVAÇÃO do Projeto de Lei nº 2.215, de 2026.",parecer_autor
79051,156780,331225,GAB DEP JOÃO CARDOSO,Não apreciado(a),sem_clausula,,parecer_autor
79052,156814,331337,GAB DEP JOÃO CARDOSO,Não apreciado(a),sem_clausula,,parecer_autor
79053,156825,331854,GAB DEP ROOSEVELT VILELA,Não apreciado(a),merito_favoravel,"Assim, no âmbito da Comissão de Segurança, o voto é pela APROVAÇÃO do Projeto de Lei nº 2220/2026.",parecer_autor
79054,156841,329917,GAB DEP IOLANDO,Aprovado(a),merito_favoravel,"III - CONCLUSÃO Diante do exposto, no âmbito desta Comissão de Fiscalização, Governança, Transparência e Controle, no mérito, manifestamos voto pela APROVAÇÃO do Projeto de Lei nº 2.221, de 2026.",parecer_autor
79055,156883,331230,GAB DEP RICARDO VALE,Não apreciado(a),sem_clausula,,parecer_autor
79056,156905,334207,GAB DEP JOAQUIM RORIZ NETO,Não apreciado(a),merito_favoravel,"III - CONCLUSÃO Ante o exposto, manifestamo-nos pela APROVAÇÃO do Projeto de Lei nº 2.238/2026 no âmbito da Comissão de Desenvolvimento Econômico Sustentável, Ciência, Tecnologia, Meio Ambiente e Turismo.",parecer_autor
79057,156959,334358,GAB DEP IOLANDO,Não apreciado(a),sem_clausula,,parecer_autor
79058,157016,340963,GAB DEP PR DANIEL DE CASTRO,Não apreciado(a),merito_favoravel,"III - CONCLUSÃO Diante do exposto e considerando que a matéria consubstancia inegável avanço na política de recursos humanos da saúde pública e no atendimento à população do Distrito Federal, o nosso voto é pela APROVAÇÃO do Projeto de Lei nº 2297, de 2026, no mérito exarado por esta Comissão de Saúde.",parecer_autor
79059,157023,331018,GAB DEP MARTINS MACHADO,Não apreciado(a),merito_favoravel,"de, representa um importante passo para dar visibilidade a essa condição, promover a dignidade das pessoas afetadas e contribuir para a construção de uma sociedade mais inclusiva, informada e solidária, razão pela qual, votamos, no mérito, pela aprovação do Projeto de Lei n.º 2256, de 2026.",parecer_autor
79060,157042,333200,GAB DEP MARTINS MACHADO,Não apreciado(a),merito_favoravel,"Pelo exposto, manifestamos voto pela APROVAÇÃO do Projeto de Decreto Legislativo nº 438/2026 no âmbito da Comissão de Assuntos Sociais.",parecer_autor
79061,157052,336254,GAB DEP JOAQUIM RORIZ NETO,Não apreciado(a),merito_favoravel,"III - CONCLUSÃO Ante o exposto, manifestamo-nos pela APROVAÇÃO do Projeto de Lei nº 2.257/2026 no âmbito da Comissão de Assuntos Fundiários.",parecer_autor
79062,157052,330615,GAB DEP PAULA BELMONTE,Não apreciado(a),merito_favoravel,"Diante da relevância do tema e da abrangência das medidas propostas, recomendamos, portanto, o voto pela APROVAÇÃO do Projeto de Lei nº 2.257/2026, quanto ao mérito, no âmbito desta Comissão de Desenvolvimento Econômico Sustentável, Ciência, Tecnologia, Meio Ambiente e Turismo.",parecer_autor
79063,157082,331117,GAB DEP JOÃO CARDOSO,Não apreciado(a),sem_clausula,,parecer_autor
79064,157149,331180,GAB DEP JOÃO CARDOSO,Não apreciado(a),sem_clausula,,parecer_autor
79065,157155,334616,GAB DEP JOAQUIM RORIZ NETO,Não apreciado(a),sem_clausula,,parecer_autor
79066,157236,340955,GAB DEP PR DANIEL DE CASTRO,Não apreciado(a),merito_favoravel,"Ante o exposto, no âmbito desta Comissão de Educação, Saúde e Cultura, o voto é pela APROVAÇÃO do Projeto de Lei nº 2274/2026.",parecer_autor
79067,157237,334627,GAB DEP RICARDO VALE,Não apreciado(a),sem_clausula,,parecer_autor
79068,157254,333197,GAB DEP PAULA BELMONTE,Não apreciado(a),merito_favoravel,"Diante da relevância do tema e da abrangência das medidas propostas, recomendamos, portanto, o voto pela APROVAÇÃO do Projeto de Lei nº 2.276/2026, quanto ao mérito, no âmbito desta Comissão de Desenvolvimento Econômico Sustentável, Ciência, Tecnologia, Meio Ambiente e Turismo.",parecer_autor
79069,157279,334612,GAB DEP RICARDO VALE,Não apreciado(a),sem_clausula,,parecer_autor
79070,157297,334355,GAB DEP JOAQUIM RORIZ NETO,Não apreciado(a),merito_favoravel,"III - CONCLUSÃO Ante o exposto, manifestamo-nos pela APROVAÇÃO do Projeto de Lei nº 2.280/2026 no ãmbito da Comissão de Desenvolvimento Econômico Sustentável, Ciência, Tecnologia, Meio Ambiente e Turismo.",parecer_autor
79071,157305,340992,GAB DEP PR DANIEL DE CASTRO,Não apreciado(a),merito_favoravel,"Resta claro, portanto, o relevante mérito social e protetivo da matéria III - CONCLUSÃO Diante do exposto, no âmbito das competências desta Comissão de Assuntos Sociais, somos pela APROVAÇÃO do Projeto de Lei nº 2.281, de 2026, no mérito, na forma apresentada.",parecer_autor
79072,157320,331286,GAB DEP THIAGO MANZONI,Não apreciado(a),merito_favoravel,"ndicação atende aos pressupostos de competência e de elegibilidade e o perfil profissional da indicada revela aderência material às funções institucionais da PGDF e às competências de Procuradora-Geral, motivo pelo qual voto pela APROVAÇÃO da indicação da Sra. Diana de Almeida Ramos para o cargo de Procuradora-Geral do Distrito Federal, nos termos do Decreto Legislativo decorrente desta deliberação.",parecer_autor
79073,157328,334202,GAB DEP MARTINS MACHADO,Não apreciado(a),merito_favoravel,"III – CONCLUSÃO Pelo exposto, manifestamos voto pela APROVAÇÃO do Projeto de Decreto Legislativo nº 446/2026 no âmbito da Comissão de Assuntos Sociais.",parecer_autor
79074,157370,340765,GAB DEP JOÃO CARDOSO,Não apreciado(a),merito_favoravel,"Diante do exposto, o voto é pela aprovação do Projeto de Lei.",parecer_autor
79075,157429,340988,GAB DEP ROBÉRIO NEGREIROS,Não apreciado(a),inadmissivel,"III- CONCLUSÃO Por esses motivos, com fundamento no art. 60, inciso VI, da Lei Orgânica do Distrito Federal e no art. 64, I, III, “k”, do Regimento Interno da Câmara Legislativa do Distrito Federal, nosso voto é pela INADMISSIBILIDADE do Projeto de Decreto Legislativo nº 447/2026.",parecer_autor
79076,157446,342200,GAB DEP ROGÉRIO MORRO DA CRUZ,Não apreciado(a),merito_favoravel,"Ante o exposto, no âmbito desta Comissão de Assuntos Sociais, manifestamo-nos pela aprovação do Projeto de Decreto Legislativo nº 448/2026.",parecer_autor
79077,157478,331351,CEOF,Não apreciado(a),admissivel_com_ressalva,"III - CONCLUSÃO Dessa forma, tendo em vista que a proposição observa as exigências formais e materiais do ordenamento jurídico e encontra-se adequada sob os aspectos orçamentário e financeiro, voto pela admissibilidade e aprovação do Processo nº 50/2026, de autoria do Poder Executivo, no âmbito desta Comissão de Economia, Orçamento e Finanças, na forma da minuta do projeto de decreto legislativo anexa.",parecer_autor
79078,157557,341834,GAB DEP JAQUELINE SILVA,Não apreciado(a),sem_clausula,,parecer_autor
79079,157603,340499,GAB DEP DANIEL DONIZET,Não apreciado(a),merito_favoravel,"III - CONCLUSÃO Por todo o exposto, verificada a oportunidade e a conveniência, nosso voto é pela APROVAÇÃO do Projeto de Lei nº 2.313/2026.",parecer_autor
79080,157647,332761,GAB DEP MARTINS MACHADO,Aprovado(a),merito_favoravel,"Diante do exposto, no âmbito desta Comissão de Saúde, manifesto voto pela APROVAÇÃO da Indicação do nome da Sra. Eliane Souza de Abreu, para ocupar o cargo de Diretora-Presidente do Instituto de Gestão Estratégica de Saúde do Distrito Federal - Iges/DF.",parecer_autor
79081,157710,337611,GAB DEP PAULA BELMONTE,Não apreciado(a),merito_favoravel,"Diante da relevância do tema e da abrangência das medidas propostas, recomendamos, portanto, no âmbito desta comissão, o voto pela APROVAÇÃO do Projeto de Lei nº 2.346/2026, quanto ao mérito, por reconhecer sua contribuição para a valorização do empreendedorismo, do networking profissional e do fortalecimento do ambiente de negócios no Distrito Federal.",parecer_autor
79082,157727,334085,GAB DEP MARTINS MACHADO,Não apreciado(a),merito_favoravel,"Pelo exposto, manifestamos voto pela APROVAÇÃO do Projeto de Decreto Legislativo nº 455/2026 no âmbito da Comissão de Assuntos Sociais.",parecer_autor
79083,157731,334025,GAB DEP ROGÉRIO MORRO DA CRUZ,Não apreciado(a),merito_favoravel,"III - CONCLUSÃO Pelo exposto, manifestamos voto pela APROVAÇÃO do Projeto de Decreto Legislativo nº 459/2026 no âmbito da Comissão de Assuntos Sociais.",parecer_autor
79084,157743,336508,GAB DEP PEPA,Não apreciado(a),merito_favoravel,"III - CONCLUSÃO Ante o exposto, no âmbito da Comissão de Produção Rural e Abastecimento – CPRA, votamos pela APROVAÇÃO do Projeto de Lei Complementar nº 101/2026, na forma apresentada pelo Poder Executivo.",parecer_autor
79085,157770,335270,CEOF,Aprovado(a),sem_clausula,,parecer_autor
79086,157773,337616,GAB DEP PAULA BELMONTE,Não apreciado(a),merito_favoravel,"Diante da relevância do tema e da abrangência das medidas propostas, recomendamos, portanto, no âmbito desta comissão, o voto pela APROVAÇÃO do Projeto de Lei nº 2.327/2026, quanto ao mérito, por reconhecer sua relevante contribuição para o fortalecimento da educação, da pesquisa, da ciência, da tecnologia e da inovação no Distrito Federal.",parecer_autor
79087,157848,340501,GAB DEP DANIEL DONIZET,Não apreciado(a),merito_favoravel,"III - CONCLUSÃO Por todo o exposto, verificada a oportunidade e a conveniência, nosso voto é pela APROVAÇÃO do Projeto de Lei nº 2.347/2026, na forma do substitutivo anexo.",parecer_autor
79088,157858,336513,GAB DEP PEPA,Não apreciado(a),merito_favoravel,"III - CONCLUSÃO Ante o exposto, no âmbito da Comissão de Produção Rural e Abastecimento – CPRA, manifestamo-nos pela APROVAÇÃO, no mérito, do Projeto de Lei nº 2.332/2026, por reconhecer seu relevante interesse público e sua contribuição para o desenvolvimento sustentável das áreas rurais e turísticas do Distrito Federal e da RIDE.",parecer_autor
79089,157895,336756,GAB DEP PEPA,Não apreciado(a),merito_favoravel,"III - CONCLUSÃO Ante o exposto, no mérito, no âmbito desta Comissão de Produção Rural e Abastecimento, votamos pela APROVAÇÃO do Projeto de Lei nº 2.345/2026, com acolhimento das Emendas nºs 1, 2, 5 e 6. As emendas nº 3 e 4 foram canceladas por este relator.",parecer_autor
79090,158171,335871,GAB DEP CHICO VIGILANTE,Rejeitado(a),sem_clausula,,parecer_autor
79091,158197,338630,GAB DEP DOUTORA JANE,Não apreciado(a),sem_clausula,,parecer_autor
79092,158275,341303,GAB DEP JOAQUIM RORIZ NETO,Não apreciado(a),merito_favoravel,"III - CONCLUSÃO Ante o exposto, manifestamo-nos pela APROVAÇÃO do Projeto de Lei nº 2.368/2026 no âmbito da Comissão de Assuntos Fundiários.",parecer_autor
