sk_ato,sk_sessao,data_sessao,tipo_sessao,ambiente,partido,registros
122145,4,2020-02-04,SESSAO ORDINARIA,PRESENCIAL,PL,1
122146,4,2020-02-04,SESSAO ORDINARIA,PRESENCIAL,PT,1
122147,4,2020-02-04,SESSAO ORDINARIA,PRESENCIAL,PT,1
122148,4,2020-02-04,SESSAO ORDINARIA,PRESENCIAL,PDT,1
122149,4,2020-02-04,SESSAO ORDINARIA,PRESENCIAL,PL,1
122150,4,2020-02-04,SESSAO ORDINARIA,PRESENCIAL,PROS,1
122151,4,2020-02-04,SESSAO ORDINARIA,PRESENCIAL,REPUBLICANOS,1
122152,4,2020-02-04,SESSAO ORDINARIA,PRESENCIAL,PTC,1
122153,4,2020-02-04,SESSAO ORDINARIA,PRESENCIAL,PSOL,1
122154,4,2020-02-04,SESSAO ORDINARIA,PRESENCIAL,MDB,1
122155,4,2020-02-04,SESSAO ORDINARIA,PRESENCIAL,PSC,1
122156,4,2020-02-04,SESSAO ORDINARIA,PRESENCIAL,PTB,1
122157,4,2020-02-04,SESSAO ORDINARIA,PRESENCIAL,PODEMOS,1
122158,4,2020-02-04,SESSAO ORDINARIA,PRESENCIAL,PSB,1
122159,4,2020-02-04,SESSAO ORDINARIA,PRESENCIAL,AVANTE,1
122160,4,2020-02-04,SESSAO ORDINARIA,PRESENCIAL,NOVO,1
122161,4,2020-02-04,SESSAO ORDINARIA,PRESENCIAL,REDE,1
122162,4,2020-02-04,SESSAO ORDINARIA,PRESENCIAL,REPUBLICANOS,1
122163,4,2020-02-04,SESSAO ORDINARIA,PRESENCIAL,PDT,1
122164,4,2020-02-04,SESSAO ORDINARIA,PRESENCIAL,AVANTE,1
122165,4,2020-02-04,SESSAO ORDINARIA,PRESENCIAL,PSD,1
122166,4,2020-02-04,SESSAO ORDINARIA,PRESENCIAL,PSB,1
122167,4,2020-02-04,SESSAO ORDINARIA,PRESENCIAL,PP,1
122168,5,2020-02-05,SESSAO ORDINARIA,PRESENCIAL,PL,2
122169,5,2020-02-05,SESSAO ORDINARIA,PRESENCIAL,PT,1
122170,5,2020-02-05,SESSAO ORDINARIA,PRESENCIAL,PT,1
122171,5,2020-02-05,SESSAO ORDINARIA,PRESENCIAL,PDT,2
122172,5,2020-02-05,SESSAO ORDINARIA,PRESENCIAL,PL,2
122173,5,2020-02-05,SESSAO ORDINARIA,PRESENCIAL,PROS,2
122174,5,2020-02-05,SESSAO ORDINARIA,PRESENCIAL,REPUBLICANOS,2
122175,5,2020-02-05,SESSAO ORDINARIA,PRESENCIAL,PTC,2
122176,5,2020-02-05,SESSAO ORDINARIA,PRESENCIAL,PSOL,1
122177,5,2020-02-05,SESSAO ORDINARIA,PRESENCIAL,MDB,2
122178,5,2020-02-05,SESSAO ORDINARIA,PRESENCIAL,PSC,2
122179,5,2020-02-05,SESSAO ORDINARIA,PRESENCIAL,PTB,2
122180,5,2020-02-05,SESSAO ORDINARIA,PRESENCIAL,PODEMOS,2
122181,5,2020-02-05,SESSAO ORDINARIA,PRESENCIAL,AVANTE,2
122182,5,2020-02-05,SESSAO ORDINARIA,PRESENCIAL,NOVO,2
122183,5,2020-02-05,SESSAO ORDINARIA,PRESENCIAL,REDE,1
122184,5,2020-02-05,SESSAO ORDINARIA,PRESENCIAL,REPUBLICANOS,2
122185,5,2020-02-05,SESSAO ORDINARIA,PRESENCIAL,PDT,1
122186,5,2020-02-05,SESSAO ORDINARIA,PRESENCIAL,AVANTE,2
122187,5,2020-02-05,SESSAO ORDINARIA,PRESENCIAL,PSD,2
122188,5,2020-02-05,SESSAO ORDINARIA,PRESENCIAL,PSB,1
122189,5,2020-02-05,SESSAO ORDINARIA,PRESENCIAL,PP,2
122190,6,2020-02-11,SESSAO ORDINARIA,PRESENCIAL,PL,2
122191,6,2020-02-11,SESSAO ORDINARIA,PRESENCIAL,PT,2
122192,6,2020-02-11,SESSAO ORDINARIA,PRESENCIAL,PT,2
122193,6,2020-02-11,SESSAO ORDINARIA,PRESENCIAL,PDT,1
122194,6,2020-02-11,SESSAO ORDINARIA,PRESENCIAL,PL,2
122195,6,2020-02-11,SESSAO ORDINARIA,PRESENCIAL,PROS,2
122196,6,2020-02-11,SESSAO ORDINARIA,PRESENCIAL,REPUBLICANOS,2
122197,6,2020-02-11,SESSAO ORDINARIA,PRESENCIAL,PTC,2
122198,6,2020-02-11,SESSAO ORDINARIA,PRESENCIAL,PSOL,2
122199,6,2020-02-11,SESSAO ORDINARIA,PRESENCIAL,MDB,2
122200,6,2020-02-11,SESSAO ORDINARIA,PRESENCIAL,PSC,2
122201,6,2020-02-11,SESSAO ORDINARIA,PRESENCIAL,PTB,2
122202,6,2020-02-11,SESSAO ORDINARIA,PRESENCIAL,PODEMOS,2
122203,6,2020-02-11,SESSAO ORDINARIA,PRESENCIAL,PSB,2
122204,6,2020-02-11,SESSAO ORDINARIA,PRESENCIAL,AVANTE,1
122205,6,2020-02-11,SESSAO ORDINARIA,PRESENCIAL,NOVO,2
122206,6,2020-02-11,SESSAO ORDINARIA,PRESENCIAL,REDE,2
122207,6,2020-02-11,SESSAO ORDINARIA,PRESENCIAL,REPUBLICANOS,2
122208,6,2020-02-11,SESSAO ORDINARIA,PRESENCIAL,PDT,2
122209,6,2020-02-11,SESSAO ORDINARIA,PRESENCIAL,MDB,2
122210,6,2020-02-11,SESSAO ORDINARIA,PRESENCIAL,AVANTE,1
122211,6,2020-02-11,SESSAO ORDINARIA,PRESENCIAL,PSD,2
122212,6,2020-02-11,SESSAO ORDINARIA,PRESENCIAL,PSB,2
122213,6,2020-02-11,SESSAO ORDINARIA,PRESENCIAL,PP,2
122214,7,2020-02-11,SESSAO EXTRAORDINARIA,PRESENCIAL,PL,2
122215,7,2020-02-11,SESSAO EXTRAORDINARIA,PRESENCIAL,PT,2
122216,7,2020-02-11,SESSAO EXTRAORDINARIA,PRESENCIAL,PT,2
122217,7,2020-02-11,SESSAO EXTRAORDINARIA,PRESENCIAL,PDT,2
122218,7,2020-02-11,SESSAO EXTRAORDINARIA,PRESENCIAL,PL,1
122219,7,2020-02-11,SESSAO EXTRAORDINARIA,PRESENCIAL,PROS,1
122220,7,2020-02-11,SESSAO EXTRAORDINARIA,PRESENCIAL,REPUBLICANOS,2
122221,7,2020-02-11,SESSAO EXTRAORDINARIA,PRESENCIAL,PTC,1
122222,7,2020-02-11,SESSAO EXTRAORDINARIA,PRESENCIAL,PSOL,2
122223,7,2020-02-11,SESSAO EXTRAORDINARIA,PRESENCIAL,PSC,1
122224,7,2020-02-11,SESSAO EXTRAORDINARIA,PRESENCIAL,PTB,2
122225,7,2020-02-11,SESSAO EXTRAORDINARIA,PRESENCIAL,PODEMOS,2
122226,7,2020-02-11,SESSAO EXTRAORDINARIA,PRESENCIAL,NOVO,2
122227,7,2020-02-11,SESSAO EXTRAORDINARIA,PRESENCIAL,REDE,1
122228,7,2020-02-11,SESSAO EXTRAORDINARIA,PRESENCIAL,REPUBLICANOS,2
122229,7,2020-02-11,SESSAO EXTRAORDINARIA,PRESENCIAL,PDT,2
122230,7,2020-02-11,SESSAO EXTRAORDINARIA,PRESENCIAL,MDB,2
122231,7,2020-02-11,SESSAO EXTRAORDINARIA,PRESENCIAL,PP,2
122232,8,2020-02-12,SESSAO ORDINARIA,PRESENCIAL,PL,2
122233,8,2020-02-12,SESSAO ORDINARIA,PRESENCIAL,PT,1
122234,8,2020-02-12,SESSAO ORDINARIA,PRESENCIAL,PDT,2
122235,8,2020-02-12,SESSAO ORDINARIA,PRESENCIAL,PL,1
122236,8,2020-02-12,SESSAO ORDINARIA,PRESENCIAL,PROS,2
122237,8,2020-02-12,SESSAO ORDINARIA,PRESENCIAL,REPUBLICANOS,1
122238,8,2020-02-12,SESSAO ORDINARIA,PRESENCIAL,PTC,1
122239,8,2020-02-12,SESSAO ORDINARIA,PRESENCIAL,PSOL,1
122240,8,2020-02-12,SESSAO ORDINARIA,PRESENCIAL,MDB,1
122241,8,2020-02-12,SESSAO ORDINARIA,PRESENCIAL,PSC,1
122242,8,2020-02-12,SESSAO ORDINARIA,PRESENCIAL,PTB,1
122243,8,2020-02-12,SESSAO ORDINARIA,PRESENCIAL,PODEMOS,1
122244,8,2020-02-12,SESSAO ORDINARIA,PRESENCIAL,PSB,1
122245,8,2020-02-12,SESSAO ORDINARIA,PRESENCIAL,AVANTE,1
122246,8,2020-02-12,SESSAO ORDINARIA,PRESENCIAL,NOVO,2
122247,8,2020-02-12,SESSAO ORDINARIA,PRESENCIAL,REDE,1
122248,8,2020-02-12,SESSAO ORDINARIA,PRESENCIAL,REPUBLICANOS,1
122249,8,2020-02-12,SESSAO ORDINARIA,PRESENCIAL,PDT,2
122250,8,2020-02-12,SESSAO ORDINARIA,PRESENCIAL,MDB,1
122251,8,2020-02-12,SESSAO ORDINARIA,PRESENCIAL,AVANTE,2
122252,8,2020-02-12,SESSAO ORDINARIA,PRESENCIAL,PSD,1
122253,8,2020-02-12,SESSAO ORDINARIA,PRESENCIAL,PP,2
122254,9,2020-02-13,SESSAO ORDINARIA,PRESENCIAL,PL,1
122255,9,2020-02-13,SESSAO ORDINARIA,PRESENCIAL,PT,1
122256,9,2020-02-13,SESSAO ORDINARIA,PRESENCIAL,PDT,1
122257,9,2020-02-13,SESSAO ORDINARIA,PRESENCIAL,REPUBLICANOS,1
122258,9,2020-02-13,SESSAO ORDINARIA,PRESENCIAL,PTC,1
122259,9,2020-02-13,SESSAO ORDINARIA,PRESENCIAL,PSOL,1
122260,9,2020-02-13,SESSAO ORDINARIA,PRESENCIAL,PSC,1
122261,9,2020-02-13,SESSAO ORDINARIA,PRESENCIAL,PODEMOS,1
122262,9,2020-02-13,SESSAO ORDINARIA,PRESENCIAL,AVANTE,1
122263,9,2020-02-13,SESSAO ORDINARIA,PRESENCIAL,REDE,1
122264,9,2020-02-13,SESSAO ORDINARIA,PRESENCIAL,REPUBLICANOS,1
122265,9,2020-02-13,SESSAO ORDINARIA,PRESENCIAL,MDB,1
122266,9,2020-02-13,SESSAO ORDINARIA,PRESENCIAL,PSD,1
122267,9,2020-02-13,SESSAO ORDINARIA,PRESENCIAL,PSB,1
122268,10,2020-02-18,SESSAO ORDINARIA,PRESENCIAL,PL,2
122269,10,2020-02-18,SESSAO ORDINARIA,PRESENCIAL,PT,1
122270,10,2020-02-18,SESSAO ORDINARIA,PRESENCIAL,PT,1
122271,10,2020-02-18,SESSAO ORDINARIA,PRESENCIAL,PDT,1
122272,10,2020-02-18,SESSAO ORDINARIA,PRESENCIAL,PL,1
122273,10,2020-02-18,SESSAO ORDINARIA,PRESENCIAL,PROS,1
122274,10,2020-02-18,SESSAO ORDINARIA,PRESENCIAL,REPUBLICANOS,1
122275,10,2020-02-18,SESSAO ORDINARIA,PRESENCIAL,PTC,1
122276,10,2020-02-18,SESSAO ORDINARIA,PRESENCIAL,PSOL,1
122277,10,2020-02-18,SESSAO ORDINARIA,PRESENCIAL,PSC,1
122278,10,2020-02-18,SESSAO ORDINARIA,PRESENCIAL,PTB,1
122279,10,2020-02-18,SESSAO ORDINARIA,PRESENCIAL,PODEMOS,1
122280,10,2020-02-18,SESSAO ORDINARIA,PRESENCIAL,PSB,2
122281,10,2020-02-18,SESSAO ORDINARIA,PRESENCIAL,AVANTE,2
122282,10,2020-02-18,SESSAO ORDINARIA,PRESENCIAL,NOVO,1
122283,10,2020-02-18,SESSAO ORDINARIA,PRESENCIAL,REDE,1
122284,10,2020-02-18,SESSAO ORDINARIA,PRESENCIAL,REPUBLICANOS,1
122285,10,2020-02-18,SESSAO ORDINARIA,PRESENCIAL,PDT,2
122286,10,2020-02-18,SESSAO ORDINARIA,PRESENCIAL,MDB,1
122287,10,2020-02-18,SESSAO ORDINARIA,PRESENCIAL,AVANTE,1
122288,10,2020-02-18,SESSAO ORDINARIA,PRESENCIAL,PSD,1
122289,10,2020-02-18,SESSAO ORDINARIA,PRESENCIAL,PSB,1
122290,10,2020-02-18,SESSAO ORDINARIA,PRESENCIAL,PP,2
122291,11,2020-02-19,SESSAO ORDINARIA,PRESENCIAL,PL,1
122292,11,2020-02-19,SESSAO ORDINARIA,PRESENCIAL,PT,1
122293,11,2020-02-19,SESSAO ORDINARIA,PRESENCIAL,PT,1
122294,11,2020-02-19,SESSAO ORDINARIA,PRESENCIAL,PDT,1
122295,11,2020-02-19,SESSAO ORDINARIA,PRESENCIAL,PL,1
122296,11,2020-02-19,SESSAO ORDINARIA,PRESENCIAL,PROS,1
122297,11,2020-02-19,SESSAO ORDINARIA,PRESENCIAL,REPUBLICANOS,1
122298,11,2020-02-19,SESSAO ORDINARIA,PRESENCIAL,PTC,1
122299,11,2020-02-19,SESSAO ORDINARIA,PRESENCIAL,PSOL,1
122300,11,2020-02-19,SESSAO ORDINARIA,PRESENCIAL,MDB,1
122301,11,2020-02-19,SESSAO ORDINARIA,PRESENCIAL,PSC,1
122302,11,2020-02-19,SESSAO ORDINARIA,PRESENCIAL,PTB,1
122303,11,2020-02-19,SESSAO ORDINARIA,PRESENCIAL,PODEMOS,1
122304,11,2020-02-19,SESSAO ORDINARIA,PRESENCIAL,PSB,1
122305,11,2020-02-19,SESSAO ORDINARIA,PRESENCIAL,AVANTE,1
122306,11,2020-02-19,SESSAO ORDINARIA,PRESENCIAL,REDE,1
122307,11,2020-02-19,SESSAO ORDINARIA,PRESENCIAL,REPUBLICANOS,1
122308,11,2020-02-19,SESSAO ORDINARIA,PRESENCIAL,PDT,1
122309,11,2020-02-19,SESSAO ORDINARIA,PRESENCIAL,MDB,1
122310,11,2020-02-19,SESSAO ORDINARIA,PRESENCIAL,AVANTE,1
122311,11,2020-02-19,SESSAO ORDINARIA,PRESENCIAL,PSB,1
122312,11,2020-02-19,SESSAO ORDINARIA,PRESENCIAL,PP,1
122313,12,2020-02-20,SESSAO ORDINARIA,PRESENCIAL,PL,1
122314,12,2020-02-20,SESSAO ORDINARIA,PRESENCIAL,PT,1
122315,12,2020-02-20,SESSAO ORDINARIA,PRESENCIAL,PT,1
122316,12,2020-02-20,SESSAO ORDINARIA,PRESENCIAL,PDT,1
122317,12,2020-02-20,SESSAO ORDINARIA,PRESENCIAL,PROS,1
122318,12,2020-02-20,SESSAO ORDINARIA,PRESENCIAL,REPUBLICANOS,1
122319,12,2020-02-20,SESSAO ORDINARIA,PRESENCIAL,PTC,1
122320,12,2020-02-20,SESSAO ORDINARIA,PRESENCIAL,PSC,1
122321,12,2020-02-20,SESSAO ORDINARIA,PRESENCIAL,PTB,1
122322,12,2020-02-20,SESSAO ORDINARIA,PRESENCIAL,PODEMOS,1
122323,12,2020-02-20,SESSAO ORDINARIA,PRESENCIAL,AVANTE,1
122324,12,2020-02-20,SESSAO ORDINARIA,PRESENCIAL,REDE,1
122325,12,2020-02-20,SESSAO ORDINARIA,PRESENCIAL,REPUBLICANOS,1
122326,12,2020-02-20,SESSAO ORDINARIA,PRESENCIAL,PDT,1
122327,12,2020-02-20,SESSAO ORDINARIA,PRESENCIAL,MDB,1
122328,12,2020-02-20,SESSAO ORDINARIA,PRESENCIAL,PSB,1
122329,12,2020-02-20,SESSAO ORDINARIA,PRESENCIAL,PP,1
122330,13,2020-02-27,SESSAO ORDINARIA,PRESENCIAL,PT,1
122331,13,2020-02-27,SESSAO ORDINARIA,PRESENCIAL,PT,1
122332,13,2020-02-27,SESSAO ORDINARIA,PRESENCIAL,PDT,1
122333,13,2020-02-27,SESSAO ORDINARIA,PRESENCIAL,REPUBLICANOS,1
122334,13,2020-02-27,SESSAO ORDINARIA,PRESENCIAL,PTC,1
122335,13,2020-02-27,SESSAO ORDINARIA,PRESENCIAL,PSOL,1
122336,13,2020-02-27,SESSAO ORDINARIA,PRESENCIAL,PSC,1
122337,13,2020-02-27,SESSAO ORDINARIA,PRESENCIAL,PTB,1
122338,13,2020-02-27,SESSAO ORDINARIA,PRESENCIAL,AVANTE,1
122339,13,2020-02-27,SESSAO ORDINARIA,PRESENCIAL,REDE,1
122340,13,2020-02-27,SESSAO ORDINARIA,PRESENCIAL,PDT,1
122341,13,2020-02-27,SESSAO ORDINARIA,PRESENCIAL,MDB,1
122342,13,2020-02-27,SESSAO ORDINARIA,PRESENCIAL,PP,1
122343,14,2020-03-03,SESSAO ORDINARIA,PRESENCIAL,PT,2
122344,14,2020-03-03,SESSAO ORDINARIA,PRESENCIAL,PT,2
122345,14,2020-03-03,SESSAO ORDINARIA,PRESENCIAL,PDT,1
122346,14,2020-03-03,SESSAO ORDINARIA,PRESENCIAL,PL,2
122347,14,2020-03-03,SESSAO ORDINARIA,PRESENCIAL,PROS,1
122348,14,2020-03-03,SESSAO ORDINARIA,PRESENCIAL,REPUBLICANOS,2
122349,14,2020-03-03,SESSAO ORDINARIA,PRESENCIAL,PTC,1
122350,14,2020-03-03,SESSAO ORDINARIA,PRESENCIAL,PSOL,2
122351,14,2020-03-03,SESSAO ORDINARIA,PRESENCIAL,PSC,2
122352,14,2020-03-03,SESSAO ORDINARIA,PRESENCIAL,PTB,1
122353,14,2020-03-03,SESSAO ORDINARIA,PRESENCIAL,PODEMOS,2
122354,14,2020-03-03,SESSAO ORDINARIA,PRESENCIAL,PSB,1
122355,14,2020-03-03,SESSAO ORDINARIA,PRESENCIAL,AVANTE,1
122356,14,2020-03-03,SESSAO ORDINARIA,PRESENCIAL,NOVO,1
122357,14,2020-03-03,SESSAO ORDINARIA,PRESENCIAL,REDE,2
122358,14,2020-03-03,SESSAO ORDINARIA,PRESENCIAL,REPUBLICANOS,1
122359,14,2020-03-03,SESSAO ORDINARIA,PRESENCIAL,PDT,1
122360,14,2020-03-03,SESSAO ORDINARIA,PRESENCIAL,MDB,2
122361,14,2020-03-03,SESSAO ORDINARIA,PRESENCIAL,AVANTE,2
122362,14,2020-03-03,SESSAO ORDINARIA,PRESENCIAL,PSD,1
122363,14,2020-03-03,SESSAO ORDINARIA,PRESENCIAL,PSB,1
122364,14,2020-03-03,SESSAO ORDINARIA,PRESENCIAL,PP,2
122365,15,2020-03-04,SESSAO ORDINARIA,PRESENCIAL,PT,1
122366,15,2020-03-04,SESSAO ORDINARIA,PRESENCIAL,PT,1
122367,15,2020-03-04,SESSAO ORDINARIA,PRESENCIAL,PL,1
122368,15,2020-03-04,SESSAO ORDINARIA,PRESENCIAL,PROS,1
122369,15,2020-03-04,SESSAO ORDINARIA,PRESENCIAL,PSOL,1
122370,15,2020-03-04,SESSAO ORDINARIA,PRESENCIAL,PSC,1
122371,15,2020-03-04,SESSAO ORDINARIA,PRESENCIAL,PTB,1
122372,15,2020-03-04,SESSAO ORDINARIA,PRESENCIAL,PODEMOS,1
122373,15,2020-03-04,SESSAO ORDINARIA,PRESENCIAL,AVANTE,1
122374,15,2020-03-04,SESSAO ORDINARIA,PRESENCIAL,NOVO,1
122375,15,2020-03-04,SESSAO ORDINARIA,PRESENCIAL,REDE,1
122376,15,2020-03-04,SESSAO ORDINARIA,PRESENCIAL,REPUBLICANOS,1
122377,15,2020-03-04,SESSAO ORDINARIA,PRESENCIAL,PDT,1
122378,15,2020-03-04,SESSAO ORDINARIA,PRESENCIAL,MDB,1
122379,15,2020-03-04,SESSAO ORDINARIA,PRESENCIAL,AVANTE,1
122380,15,2020-03-04,SESSAO ORDINARIA,PRESENCIAL,PSD,1
122381,15,2020-03-04,SESSAO ORDINARIA,PRESENCIAL,PSB,1
122382,15,2020-03-04,SESSAO ORDINARIA,PRESENCIAL,PP,1
122383,16,2020-03-05,SESSAO ORDINARIA,PRESENCIAL,PT,1
122384,16,2020-03-05,SESSAO ORDINARIA,PRESENCIAL,PT,1
122385,16,2020-03-05,SESSAO ORDINARIA,PRESENCIAL,PTB,1
122386,16,2020-03-05,SESSAO ORDINARIA,PRESENCIAL,REDE,1
122387,16,2020-03-05,SESSAO ORDINARIA,PRESENCIAL,REPUBLICANOS,1
122388,16,2020-03-05,SESSAO ORDINARIA,PRESENCIAL,PDT,1
122389,16,2020-03-05,SESSAO ORDINARIA,PRESENCIAL,MDB,1
122390,16,2020-03-05,SESSAO ORDINARIA,PRESENCIAL,PP,1
122391,17,2020-03-10,SESSAO ORDINARIA,PRESENCIAL,PL,1
122392,17,2020-03-10,SESSAO ORDINARIA,PRESENCIAL,PT,2
122393,17,2020-03-10,SESSAO ORDINARIA,PRESENCIAL,PT,2
122394,17,2020-03-10,SESSAO ORDINARIA,PRESENCIAL,PL,2
122395,17,2020-03-10,SESSAO ORDINARIA,PRESENCIAL,PROS,2
122396,17,2020-03-10,SESSAO ORDINARIA,PRESENCIAL,REPUBLICANOS,2
122397,17,2020-03-10,SESSAO ORDINARIA,PRESENCIAL,PTC,2
122398,17,2020-03-10,SESSAO ORDINARIA,PRESENCIAL,PSOL,2
122399,17,2020-03-10,SESSAO ORDINARIA,PRESENCIAL,MDB,2
122400,17,2020-03-10,SESSAO ORDINARIA,PRESENCIAL,PSC,2
122401,17,2020-03-10,SESSAO ORDINARIA,PRESENCIAL,PTB,2
122402,17,2020-03-10,SESSAO ORDINARIA,PRESENCIAL,PODEMOS,2
122403,17,2020-03-10,SESSAO ORDINARIA,PRESENCIAL,PSB,1
122404,17,2020-03-10,SESSAO ORDINARIA,PRESENCIAL,AVANTE,2
122405,17,2020-03-10,SESSAO ORDINARIA,PRESENCIAL,NOVO,2
122406,17,2020-03-10,SESSAO ORDINARIA,PRESENCIAL,REDE,2
122407,17,2020-03-10,SESSAO ORDINARIA,PRESENCIAL,REPUBLICANOS,2
122408,17,2020-03-10,SESSAO ORDINARIA,PRESENCIAL,PDT,2
122409,17,2020-03-10,SESSAO ORDINARIA,PRESENCIAL,MDB,2
122410,17,2020-03-10,SESSAO ORDINARIA,PRESENCIAL,AVANTE,2
122411,17,2020-03-10,SESSAO ORDINARIA,PRESENCIAL,PSD,1
122412,17,2020-03-10,SESSAO ORDINARIA,PRESENCIAL,PSB,2
122413,17,2020-03-10,SESSAO ORDINARIA,PRESENCIAL,PP,2
122414,18,2020-03-11,SESSAO ORDINARIA,PRESENCIAL,PL,1
122415,18,2020-03-11,SESSAO ORDINARIA,PRESENCIAL,PT,1
122416,18,2020-03-11,SESSAO ORDINARIA,PRESENCIAL,PT,1
122417,18,2020-03-11,SESSAO ORDINARIA,PRESENCIAL,PL,1
122418,18,2020-03-11,SESSAO ORDINARIA,PRESENCIAL,PROS,1
122419,18,2020-03-11,SESSAO ORDINARIA,PRESENCIAL,REPUBLICANOS,1
122420,18,2020-03-11,SESSAO ORDINARIA,PRESENCIAL,PTC,1
122421,18,2020-03-11,SESSAO ORDINARIA,PRESENCIAL,PSOL,1
122422,18,2020-03-11,SESSAO ORDINARIA,PRESENCIAL,MDB,1
122423,18,2020-03-11,SESSAO ORDINARIA,PRESENCIAL,PSC,1
122424,18,2020-03-11,SESSAO ORDINARIA,PRESENCIAL,PTB,1
122425,18,2020-03-11,SESSAO ORDINARIA,PRESENCIAL,PODEMOS,1
122426,18,2020-03-11,SESSAO ORDINARIA,PRESENCIAL,PSB,1
122427,18,2020-03-11,SESSAO ORDINARIA,PRESENCIAL,AVANTE,1
122428,18,2020-03-11,SESSAO ORDINARIA,PRESENCIAL,NOVO,1
122429,18,2020-03-11,SESSAO ORDINARIA,PRESENCIAL,REDE,1
122430,18,2020-03-11,SESSAO ORDINARIA,PRESENCIAL,REPUBLICANOS,1
122431,18,2020-03-11,SESSAO ORDINARIA,PRESENCIAL,PDT,1
122432,18,2020-03-11,SESSAO ORDINARIA,PRESENCIAL,MDB,1
122433,18,2020-03-11,SESSAO ORDINARIA,PRESENCIAL,AVANTE,1
122434,18,2020-03-11,SESSAO ORDINARIA,PRESENCIAL,PSD,1
122435,18,2020-03-11,SESSAO ORDINARIA,PRESENCIAL,PSB,1
122436,18,2020-03-11,SESSAO ORDINARIA,PRESENCIAL,PP,1
122437,19,2020-03-11,SESSAO EXTRAORDINARIA,PRESENCIAL,PL,2
122438,19,2020-03-11,SESSAO EXTRAORDINARIA,PRESENCIAL,PT,1
122439,19,2020-03-11,SESSAO EXTRAORDINARIA,PRESENCIAL,PT,1
122440,19,2020-03-11,SESSAO EXTRAORDINARIA,PRESENCIAL,PL,1
122441,19,2020-03-11,SESSAO EXTRAORDINARIA,PRESENCIAL,PROS,1
122442,19,2020-03-11,SESSAO EXTRAORDINARIA,PRESENCIAL,REPUBLICANOS,1
122443,19,2020-03-11,SESSAO EXTRAORDINARIA,PRESENCIAL,PTC,1
122444,19,2020-03-11,SESSAO EXTRAORDINARIA,PRESENCIAL,PSOL,1
122445,19,2020-03-11,SESSAO EXTRAORDINARIA,PRESENCIAL,MDB,1
122446,19,2020-03-11,SESSAO EXTRAORDINARIA,PRESENCIAL,PTB,1
122447,19,2020-03-11,SESSAO EXTRAORDINARIA,PRESENCIAL,PODEMOS,1
122448,19,2020-03-11,SESSAO EXTRAORDINARIA,PRESENCIAL,PSB,1
122449,19,2020-03-11,SESSAO EXTRAORDINARIA,PRESENCIAL,AVANTE,1
122450,19,2020-03-11,SESSAO EXTRAORDINARIA,PRESENCIAL,NOVO,1
122451,19,2020-03-11,SESSAO EXTRAORDINARIA,PRESENCIAL,REPUBLICANOS,1
122452,19,2020-03-11,SESSAO EXTRAORDINARIA,PRESENCIAL,PDT,1
122453,19,2020-03-11,SESSAO EXTRAORDINARIA,PRESENCIAL,MDB,1
122454,19,2020-03-11,SESSAO EXTRAORDINARIA,PRESENCIAL,AVANTE,1
122455,19,2020-03-11,SESSAO EXTRAORDINARIA,PRESENCIAL,PSD,1
122456,19,2020-03-11,SESSAO EXTRAORDINARIA,PRESENCIAL,PSB,1
122457,19,2020-03-11,SESSAO EXTRAORDINARIA,PRESENCIAL,PP,1
122458,20,2020-03-12,SESSAO ORDINARIA,PRESENCIAL,PL,1
122459,20,2020-03-12,SESSAO ORDINARIA,PRESENCIAL,PT,1
122460,20,2020-03-12,SESSAO ORDINARIA,PRESENCIAL,PT,1
122461,20,2020-03-12,SESSAO ORDINARIA,PRESENCIAL,PROS,1
122462,20,2020-03-12,SESSAO ORDINARIA,PRESENCIAL,REPUBLICANOS,1
122463,20,2020-03-12,SESSAO ORDINARIA,PRESENCIAL,PTC,1
122464,20,2020-03-12,SESSAO ORDINARIA,PRESENCIAL,PSOL,1
122465,20,2020-03-12,SESSAO ORDINARIA,PRESENCIAL,PSC,1
122466,20,2020-03-12,SESSAO ORDINARIA,PRESENCIAL,PTB,1
122467,20,2020-03-12,SESSAO ORDINARIA,PRESENCIAL,PODEMOS,1
122468,20,2020-03-12,SESSAO ORDINARIA,PRESENCIAL,AVANTE,1
122469,20,2020-03-12,SESSAO ORDINARIA,PRESENCIAL,NOVO,1
122470,20,2020-03-12,SESSAO ORDINARIA,PRESENCIAL,REDE,1
122471,20,2020-03-12,SESSAO ORDINARIA,PRESENCIAL,REPUBLICANOS,1
122472,20,2020-03-12,SESSAO ORDINARIA,PRESENCIAL,PDT,1
122473,20,2020-03-12,SESSAO ORDINARIA,PRESENCIAL,MDB,1
122474,20,2020-03-12,SESSAO ORDINARIA,PRESENCIAL,PSD,1
122475,20,2020-03-12,SESSAO ORDINARIA,PRESENCIAL,PP,1
122476,21,2020-03-16,SESSAO EXTRAORDINARIA,PRESENCIAL,PL,1
122477,21,2020-03-16,SESSAO EXTRAORDINARIA,PRESENCIAL,PT,1
122478,21,2020-03-16,SESSAO EXTRAORDINARIA,PRESENCIAL,PT,1
122479,21,2020-03-16,SESSAO EXTRAORDINARIA,PRESENCIAL,PL,1
122480,21,2020-03-16,SESSAO EXTRAORDINARIA,PRESENCIAL,PROS,1
122481,21,2020-03-16,SESSAO EXTRAORDINARIA,PRESENCIAL,REPUBLICANOS,1
122482,21,2020-03-16,SESSAO EXTRAORDINARIA,PRESENCIAL,PTC,1
122483,21,2020-03-16,SESSAO EXTRAORDINARIA,PRESENCIAL,PSOL,1
122484,21,2020-03-16,SESSAO EXTRAORDINARIA,PRESENCIAL,MDB,1
122485,21,2020-03-16,SESSAO EXTRAORDINARIA,PRESENCIAL,PSC,1
122486,21,2020-03-16,SESSAO EXTRAORDINARIA,PRESENCIAL,PTB,1
122487,21,2020-03-16,SESSAO EXTRAORDINARIA,PRESENCIAL,PODEMOS,1
122488,21,2020-03-16,SESSAO EXTRAORDINARIA,PRESENCIAL,PSB,1
122489,21,2020-03-16,SESSAO EXTRAORDINARIA,PRESENCIAL,AVANTE,1
122490,21,2020-03-16,SESSAO EXTRAORDINARIA,PRESENCIAL,REDE,1
122491,21,2020-03-16,SESSAO EXTRAORDINARIA,PRESENCIAL,REPUBLICANOS,1
122492,21,2020-03-16,SESSAO EXTRAORDINARIA,PRESENCIAL,PDT,1
122493,21,2020-03-16,SESSAO EXTRAORDINARIA,PRESENCIAL,MDB,1
122494,21,2020-03-16,SESSAO EXTRAORDINARIA,PRESENCIAL,PSD,1
122495,21,2020-03-16,SESSAO EXTRAORDINARIA,PRESENCIAL,PSB,1
122496,22,2020-03-16,SESSAO EXTRAORDINARIA,PRESENCIAL,PL,1
122497,22,2020-03-16,SESSAO EXTRAORDINARIA,PRESENCIAL,PT,1
122498,22,2020-03-16,SESSAO EXTRAORDINARIA,PRESENCIAL,PT,1
122499,22,2020-03-16,SESSAO EXTRAORDINARIA,PRESENCIAL,PROS,1
122500,22,2020-03-16,SESSAO EXTRAORDINARIA,PRESENCIAL,REPUBLICANOS,1
122501,22,2020-03-16,SESSAO EXTRAORDINARIA,PRESENCIAL,PTC,1
122502,22,2020-03-16,SESSAO EXTRAORDINARIA,PRESENCIAL,PSOL,1
122503,22,2020-03-16,SESSAO EXTRAORDINARIA,PRESENCIAL,MDB,1
122504,22,2020-03-16,SESSAO EXTRAORDINARIA,PRESENCIAL,PSC,1
122505,22,2020-03-16,SESSAO EXTRAORDINARIA,PRESENCIAL,PODEMOS,1
122506,22,2020-03-16,SESSAO EXTRAORDINARIA,PRESENCIAL,PSB,1
122507,22,2020-03-16,SESSAO EXTRAORDINARIA,PRESENCIAL,AVANTE,1
122508,22,2020-03-16,SESSAO EXTRAORDINARIA,PRESENCIAL,REDE,1
122509,22,2020-03-16,SESSAO EXTRAORDINARIA,PRESENCIAL,REPUBLICANOS,1
122510,22,2020-03-16,SESSAO EXTRAORDINARIA,PRESENCIAL,PDT,1
122511,22,2020-03-16,SESSAO EXTRAORDINARIA,PRESENCIAL,MDB,1
122512,22,2020-03-16,SESSAO EXTRAORDINARIA,PRESENCIAL,PSD,1
122513,22,2020-03-16,SESSAO EXTRAORDINARIA,PRESENCIAL,PSB,1
122514,23,2020-03-17,SESSAO ORDINARIA,PRESENCIAL,PL,1
122515,23,2020-03-17,SESSAO ORDINARIA,PRESENCIAL,PT,1
122516,23,2020-03-17,SESSAO ORDINARIA,PRESENCIAL,PT,1
122517,23,2020-03-17,SESSAO ORDINARIA,PRESENCIAL,PDT,1
122518,23,2020-03-17,SESSAO ORDINARIA,PRESENCIAL,PL,1
122519,23,2020-03-17,SESSAO ORDINARIA,PRESENCIAL,PROS,1
122520,23,2020-03-17,SESSAO ORDINARIA,PRESENCIAL,REPUBLICANOS,1
122521,23,2020-03-17,SESSAO ORDINARIA,PRESENCIAL,PTC,1
122522,23,2020-03-17,SESSAO ORDINARIA,PRESENCIAL,PSOL,1
122523,23,2020-03-17,SESSAO ORDINARIA,PRESENCIAL,MDB,1
122524,23,2020-03-17,SESSAO ORDINARIA,PRESENCIAL,PTB,1
122525,23,2020-03-17,SESSAO ORDINARIA,PRESENCIAL,PODEMOS,1
122526,23,2020-03-17,SESSAO ORDINARIA,PRESENCIAL,PSB,1
122527,23,2020-03-17,SESSAO ORDINARIA,PRESENCIAL,AVANTE,1
122528,23,2020-03-17,SESSAO ORDINARIA,PRESENCIAL,REDE,1
122529,23,2020-03-17,SESSAO ORDINARIA,PRESENCIAL,REPUBLICANOS,1
122530,23,2020-03-17,SESSAO ORDINARIA,PRESENCIAL,PDT,1
122531,23,2020-03-17,SESSAO ORDINARIA,PRESENCIAL,MDB,1
122532,23,2020-03-17,SESSAO ORDINARIA,PRESENCIAL,AVANTE,1
122533,23,2020-03-17,SESSAO ORDINARIA,PRESENCIAL,PSD,1
122534,23,2020-03-17,SESSAO ORDINARIA,PRESENCIAL,PSB,1
122535,23,2020-03-17,SESSAO ORDINARIA,PRESENCIAL,PP,1
122536,24,2020-03-17,SESSAO EXTRAORDINARIA,PRESENCIAL,PL,1
122537,24,2020-03-17,SESSAO EXTRAORDINARIA,PRESENCIAL,PT,1
122538,24,2020-03-17,SESSAO EXTRAORDINARIA,PRESENCIAL,PT,1
122539,24,2020-03-17,SESSAO EXTRAORDINARIA,PRESENCIAL,PDT,1
122540,24,2020-03-17,SESSAO EXTRAORDINARIA,PRESENCIAL,PL,1
122541,24,2020-03-17,SESSAO EXTRAORDINARIA,PRESENCIAL,PROS,1
122542,24,2020-03-17,SESSAO EXTRAORDINARIA,PRESENCIAL,REPUBLICANOS,1
122543,24,2020-03-17,SESSAO EXTRAORDINARIA,PRESENCIAL,PTC,1
122544,24,2020-03-17,SESSAO EXTRAORDINARIA,PRESENCIAL,PSOL,1
122545,24,2020-03-17,SESSAO EXTRAORDINARIA,PRESENCIAL,PTB,1
122546,24,2020-03-17,SESSAO EXTRAORDINARIA,PRESENCIAL,PODEMOS,1
122547,24,2020-03-17,SESSAO EXTRAORDINARIA,PRESENCIAL,PSB,1
122548,24,2020-03-17,SESSAO EXTRAORDINARIA,PRESENCIAL,AVANTE,1
122549,24,2020-03-17,SESSAO EXTRAORDINARIA,PRESENCIAL,REDE,1
122550,24,2020-03-17,SESSAO EXTRAORDINARIA,PRESENCIAL,PDT,1
122551,24,2020-03-17,SESSAO EXTRAORDINARIA,PRESENCIAL,MDB,1
122552,24,2020-03-17,SESSAO EXTRAORDINARIA,PRESENCIAL,PSD,1
122553,24,2020-03-17,SESSAO EXTRAORDINARIA,PRESENCIAL,PSB,1
122554,24,2020-03-17,SESSAO EXTRAORDINARIA,PRESENCIAL,PP,1
122555,25,2020-03-24,SESSAO EXTRAORDINARIA,REMOTA,PL,1
122556,25,2020-03-24,SESSAO EXTRAORDINARIA,REMOTA,PT,1
122557,25,2020-03-24,SESSAO EXTRAORDINARIA,REMOTA,PT,1
122558,25,2020-03-24,SESSAO EXTRAORDINARIA,REMOTA,PDT,1
122559,25,2020-03-24,SESSAO EXTRAORDINARIA,REMOTA,PL,1
122560,25,2020-03-24,SESSAO EXTRAORDINARIA,REMOTA,PROS,1
122561,25,2020-03-24,SESSAO EXTRAORDINARIA,REMOTA,REPUBLICANOS,1
122562,25,2020-03-24,SESSAO EXTRAORDINARIA,REMOTA,PTC,1
122563,25,2020-03-24,SESSAO EXTRAORDINARIA,REMOTA,PSOL,1
122564,25,2020-03-24,SESSAO EXTRAORDINARIA,REMOTA,MDB,1
122565,25,2020-03-24,SESSAO EXTRAORDINARIA,REMOTA,PSC,1
122566,25,2020-03-24,SESSAO EXTRAORDINARIA,REMOTA,PTB,1
122567,25,2020-03-24,SESSAO EXTRAORDINARIA,REMOTA,PODEMOS,1
122568,25,2020-03-24,SESSAO EXTRAORDINARIA,REMOTA,PSB,2
122569,25,2020-03-24,SESSAO EXTRAORDINARIA,REMOTA,AVANTE,2
122570,25,2020-03-24,SESSAO EXTRAORDINARIA,REMOTA,NOVO,2
122571,25,2020-03-24,SESSAO EXTRAORDINARIA,REMOTA,REDE,2
122572,25,2020-03-24,SESSAO EXTRAORDINARIA,REMOTA,REPUBLICANOS,1
122573,25,2020-03-24,SESSAO EXTRAORDINARIA,REMOTA,PDT,1
122574,25,2020-03-24,SESSAO EXTRAORDINARIA,REMOTA,MDB,1
122575,25,2020-03-24,SESSAO EXTRAORDINARIA,REMOTA,AVANTE,1
122576,25,2020-03-24,SESSAO EXTRAORDINARIA,REMOTA,PSD,1
122577,25,2020-03-24,SESSAO EXTRAORDINARIA,REMOTA,PSB,1
122578,25,2020-03-24,SESSAO EXTRAORDINARIA,REMOTA,PP,1
122579,26,2020-03-24,SESSAO EXTRAORDINARIA,REMOTA,PL,2
122580,26,2020-03-24,SESSAO EXTRAORDINARIA,REMOTA,PT,1
122581,26,2020-03-24,SESSAO EXTRAORDINARIA,REMOTA,PT,1
122582,26,2020-03-24,SESSAO EXTRAORDINARIA,REMOTA,PDT,1
122583,26,2020-03-24,SESSAO EXTRAORDINARIA,REMOTA,PL,1
122584,26,2020-03-24,SESSAO EXTRAORDINARIA,REMOTA,PROS,1
122585,26,2020-03-24,SESSAO EXTRAORDINARIA,REMOTA,REPUBLICANOS,1
122586,26,2020-03-24,SESSAO EXTRAORDINARIA,REMOTA,PTC,1
122587,26,2020-03-24,SESSAO EXTRAORDINARIA,REMOTA,PSOL,1
122588,26,2020-03-24,SESSAO EXTRAORDINARIA,REMOTA,MDB,1
122589,26,2020-03-24,SESSAO EXTRAORDINARIA,REMOTA,PSC,1
122590,26,2020-03-24,SESSAO EXTRAORDINARIA,REMOTA,PTB,1
122591,26,2020-03-24,SESSAO EXTRAORDINARIA,REMOTA,PODEMOS,1
122592,26,2020-03-24,SESSAO EXTRAORDINARIA,REMOTA,PSB,1
122593,26,2020-03-24,SESSAO EXTRAORDINARIA,REMOTA,AVANTE,2
122594,26,2020-03-24,SESSAO EXTRAORDINARIA,REMOTA,NOVO,2
122595,26,2020-03-24,SESSAO EXTRAORDINARIA,REMOTA,REDE,2
122596,26,2020-03-24,SESSAO EXTRAORDINARIA,REMOTA,REPUBLICANOS,1
122597,26,2020-03-24,SESSAO EXTRAORDINARIA,REMOTA,PDT,1
122598,26,2020-03-24,SESSAO EXTRAORDINARIA,REMOTA,MDB,1
122599,26,2020-03-24,SESSAO EXTRAORDINARIA,REMOTA,AVANTE,1
122600,26,2020-03-24,SESSAO EXTRAORDINARIA,REMOTA,PSD,1
122601,26,2020-03-24,SESSAO EXTRAORDINARIA,REMOTA,PSB,1
122602,26,2020-03-24,SESSAO EXTRAORDINARIA,REMOTA,PP,1
122603,27,2020-03-25,SESSAO EXTRAORDINARIA,REMOTA,PL,1
122604,27,2020-03-25,SESSAO EXTRAORDINARIA,REMOTA,PT,1
122605,27,2020-03-25,SESSAO EXTRAORDINARIA,REMOTA,PT,1
122606,27,2020-03-25,SESSAO EXTRAORDINARIA,REMOTA,PDT,1
122607,27,2020-03-25,SESSAO EXTRAORDINARIA,REMOTA,PL,1
122608,27,2020-03-25,SESSAO EXTRAORDINARIA,REMOTA,PROS,1
122609,27,2020-03-25,SESSAO EXTRAORDINARIA,REMOTA,REPUBLICANOS,1
122610,27,2020-03-25,SESSAO EXTRAORDINARIA,REMOTA,PTC,1
122611,27,2020-03-25,SESSAO EXTRAORDINARIA,REMOTA,PSOL,1
122612,27,2020-03-25,SESSAO EXTRAORDINARIA,REMOTA,MDB,1
122613,27,2020-03-25,SESSAO EXTRAORDINARIA,REMOTA,PSC,1
122614,27,2020-03-25,SESSAO EXTRAORDINARIA,REMOTA,PTB,1
122615,27,2020-03-25,SESSAO EXTRAORDINARIA,REMOTA,PODEMOS,1
122616,27,2020-03-25,SESSAO EXTRAORDINARIA,REMOTA,PSB,1
122617,27,2020-03-25,SESSAO EXTRAORDINARIA,REMOTA,AVANTE,1
122618,27,2020-03-25,SESSAO EXTRAORDINARIA,REMOTA,NOVO,1
122619,27,2020-03-25,SESSAO EXTRAORDINARIA,REMOTA,REDE,1
122620,27,2020-03-25,SESSAO EXTRAORDINARIA,REMOTA,REPUBLICANOS,1
122621,27,2020-03-25,SESSAO EXTRAORDINARIA,REMOTA,PDT,1
122622,27,2020-03-25,SESSAO EXTRAORDINARIA,REMOTA,MDB,1
122623,27,2020-03-25,SESSAO EXTRAORDINARIA,REMOTA,AVANTE,1
122624,27,2020-03-25,SESSAO EXTRAORDINARIA,REMOTA,PSD,1
122625,27,2020-03-25,SESSAO EXTRAORDINARIA,REMOTA,PSB,1
122626,27,2020-03-25,SESSAO EXTRAORDINARIA,REMOTA,PP,1
122627,28,2020-03-25,SESSAO EXTRAORDINARIA,REMOTA,PL,1
122628,28,2020-03-25,SESSAO EXTRAORDINARIA,REMOTA,PT,1
122629,28,2020-03-25,SESSAO EXTRAORDINARIA,REMOTA,PT,1
122630,28,2020-03-25,SESSAO EXTRAORDINARIA,REMOTA,PDT,1
122631,28,2020-03-25,SESSAO EXTRAORDINARIA,REMOTA,PL,1
122632,28,2020-03-25,SESSAO EXTRAORDINARIA,REMOTA,PROS,1
122633,28,2020-03-25,SESSAO EXTRAORDINARIA,REMOTA,REPUBLICANOS,1
122634,28,2020-03-25,SESSAO EXTRAORDINARIA,REMOTA,PTC,1
122635,28,2020-03-25,SESSAO EXTRAORDINARIA,REMOTA,PSOL,1
122636,28,2020-03-25,SESSAO EXTRAORDINARIA,REMOTA,MDB,1
122637,28,2020-03-25,SESSAO EXTRAORDINARIA,REMOTA,PSC,1
122638,28,2020-03-25,SESSAO EXTRAORDINARIA,REMOTA,PTB,1
122639,28,2020-03-25,SESSAO EXTRAORDINARIA,REMOTA,PODEMOS,1
122640,28,2020-03-25,SESSAO EXTRAORDINARIA,REMOTA,PSB,1
122641,28,2020-03-25,SESSAO EXTRAORDINARIA,REMOTA,AVANTE,1
122642,28,2020-03-25,SESSAO EXTRAORDINARIA,REMOTA,NOVO,1
122643,28,2020-03-25,SESSAO EXTRAORDINARIA,REMOTA,REDE,1
122644,28,2020-03-25,SESSAO EXTRAORDINARIA,REMOTA,REPUBLICANOS,1
122645,28,2020-03-25,SESSAO EXTRAORDINARIA,REMOTA,PDT,1
122646,28,2020-03-25,SESSAO EXTRAORDINARIA,REMOTA,MDB,1
122647,28,2020-03-25,SESSAO EXTRAORDINARIA,REMOTA,PSD,1
122648,28,2020-03-25,SESSAO EXTRAORDINARIA,REMOTA,PSB,1
122649,28,2020-03-25,SESSAO EXTRAORDINARIA,REMOTA,PP,1
122650,29,2020-03-25,SESSAO EXTRAORDINARIA,REMOTA,PL,1
122651,29,2020-03-25,SESSAO EXTRAORDINARIA,REMOTA,PT,1
122652,29,2020-03-25,SESSAO EXTRAORDINARIA,REMOTA,PT,1
122653,29,2020-03-25,SESSAO EXTRAORDINARIA,REMOTA,PDT,1
122654,29,2020-03-25,SESSAO EXTRAORDINARIA,REMOTA,PL,1
122655,29,2020-03-25,SESSAO EXTRAORDINARIA,REMOTA,PROS,1
122656,29,2020-03-25,SESSAO EXTRAORDINARIA,REMOTA,REPUBLICANOS,1
122657,29,2020-03-25,SESSAO EXTRAORDINARIA,REMOTA,PTC,1
122658,29,2020-03-25,SESSAO EXTRAORDINARIA,REMOTA,PSOL,1
122659,29,2020-03-25,SESSAO EXTRAORDINARIA,REMOTA,MDB,1
122660,29,2020-03-25,SESSAO EXTRAORDINARIA,REMOTA,PSC,1
122661,29,2020-03-25,SESSAO EXTRAORDINARIA,REMOTA,PTB,1
122662,29,2020-03-25,SESSAO EXTRAORDINARIA,REMOTA,PODEMOS,1
122663,29,2020-03-25,SESSAO EXTRAORDINARIA,REMOTA,PSB,1
122664,29,2020-03-25,SESSAO EXTRAORDINARIA,REMOTA,AVANTE,1
122665,29,2020-03-25,SESSAO EXTRAORDINARIA,REMOTA,NOVO,1
122666,29,2020-03-25,SESSAO EXTRAORDINARIA,REMOTA,REDE,1
122667,29,2020-03-25,SESSAO EXTRAORDINARIA,REMOTA,REPUBLICANOS,1
122668,29,2020-03-25,SESSAO EXTRAORDINARIA,REMOTA,PDT,1
122669,29,2020-03-25,SESSAO EXTRAORDINARIA,REMOTA,MDB,1
122670,29,2020-03-25,SESSAO EXTRAORDINARIA,REMOTA,AVANTE,1
122671,29,2020-03-25,SESSAO EXTRAORDINARIA,REMOTA,PSD,1
122672,29,2020-03-25,SESSAO EXTRAORDINARIA,REMOTA,PSB,1
122673,29,2020-03-25,SESSAO EXTRAORDINARIA,REMOTA,PP,1
122674,30,2020-03-25,SESSAO EXTRAORDINARIA,REMOTA,PL,1
122675,30,2020-03-25,SESSAO EXTRAORDINARIA,REMOTA,PT,1
122676,30,2020-03-25,SESSAO EXTRAORDINARIA,REMOTA,PT,1
122677,30,2020-03-25,SESSAO EXTRAORDINARIA,REMOTA,PDT,1
122678,30,2020-03-25,SESSAO EXTRAORDINARIA,REMOTA,PL,1
122679,30,2020-03-25,SESSAO EXTRAORDINARIA,REMOTA,PROS,1
122680,30,2020-03-25,SESSAO EXTRAORDINARIA,REMOTA,REPUBLICANOS,1
122681,30,2020-03-25,SESSAO EXTRAORDINARIA,REMOTA,PTC,1
122682,30,2020-03-25,SESSAO EXTRAORDINARIA,REMOTA,PSOL,1
122683,30,2020-03-25,SESSAO EXTRAORDINARIA,REMOTA,MDB,1
122684,30,2020-03-25,SESSAO EXTRAORDINARIA,REMOTA,PSC,1
122685,30,2020-03-25,SESSAO EXTRAORDINARIA,REMOTA,PTB,1
122686,30,2020-03-25,SESSAO EXTRAORDINARIA,REMOTA,PODEMOS,1
122687,30,2020-03-25,SESSAO EXTRAORDINARIA,REMOTA,PSB,1
122688,30,2020-03-25,SESSAO EXTRAORDINARIA,REMOTA,AVANTE,1
122689,30,2020-03-25,SESSAO EXTRAORDINARIA,REMOTA,NOVO,1
122690,30,2020-03-25,SESSAO EXTRAORDINARIA,REMOTA,REDE,1
122691,30,2020-03-25,SESSAO EXTRAORDINARIA,REMOTA,REPUBLICANOS,1
122692,30,2020-03-25,SESSAO EXTRAORDINARIA,REMOTA,PDT,1
122693,30,2020-03-25,SESSAO EXTRAORDINARIA,REMOTA,MDB,1
122694,30,2020-03-25,SESSAO EXTRAORDINARIA,REMOTA,AVANTE,1
122695,30,2020-03-25,SESSAO EXTRAORDINARIA,REMOTA,PSD,1
122696,30,2020-03-25,SESSAO EXTRAORDINARIA,REMOTA,PSB,1
122697,30,2020-03-25,SESSAO EXTRAORDINARIA,REMOTA,PP,1
122698,31,2020-03-31,SESSAO EXTRAORDINARIA,REMOTA,PL,1
122699,31,2020-03-31,SESSAO EXTRAORDINARIA,REMOTA,PT,1
122700,31,2020-03-31,SESSAO EXTRAORDINARIA,REMOTA,PT,1
122701,31,2020-03-31,SESSAO EXTRAORDINARIA,REMOTA,PDT,1
122702,31,2020-03-31,SESSAO EXTRAORDINARIA,REMOTA,PL,1
122703,31,2020-03-31,SESSAO EXTRAORDINARIA,REMOTA,PROS,1
122704,31,2020-03-31,SESSAO EXTRAORDINARIA,REMOTA,REPUBLICANOS,1
122705,31,2020-03-31,SESSAO EXTRAORDINARIA,REMOTA,PTC,1
122706,31,2020-03-31,SESSAO EXTRAORDINARIA,REMOTA,PSOL,1
122707,31,2020-03-31,SESSAO EXTRAORDINARIA,REMOTA,MDB,1
122708,31,2020-03-31,SESSAO EXTRAORDINARIA,REMOTA,PSC,1
122709,31,2020-03-31,SESSAO EXTRAORDINARIA,REMOTA,PTB,2
122710,31,2020-03-31,SESSAO EXTRAORDINARIA,REMOTA,PODEMOS,2
122711,31,2020-03-31,SESSAO EXTRAORDINARIA,REMOTA,PSB,1
122712,31,2020-03-31,SESSAO EXTRAORDINARIA,REMOTA,AVANTE,1
122713,31,2020-03-31,SESSAO EXTRAORDINARIA,REMOTA,NOVO,1
122714,31,2020-03-31,SESSAO EXTRAORDINARIA,REMOTA,REDE,1
122715,31,2020-03-31,SESSAO EXTRAORDINARIA,REMOTA,REPUBLICANOS,1
122716,31,2020-03-31,SESSAO EXTRAORDINARIA,REMOTA,PDT,2
122717,31,2020-03-31,SESSAO EXTRAORDINARIA,REMOTA,MDB,1
122718,31,2020-03-31,SESSAO EXTRAORDINARIA,REMOTA,AVANTE,1
122719,31,2020-03-31,SESSAO EXTRAORDINARIA,REMOTA,PSD,1
122720,31,2020-03-31,SESSAO EXTRAORDINARIA,REMOTA,PSB,1
122721,31,2020-03-31,SESSAO EXTRAORDINARIA,REMOTA,PP,1
122722,32,2020-03-31,SESSAO EXTRAORDINARIA,REMOTA,PL,1
122723,32,2020-03-31,SESSAO EXTRAORDINARIA,REMOTA,PT,1
122724,32,2020-03-31,SESSAO EXTRAORDINARIA,REMOTA,PT,1
122725,32,2020-03-31,SESSAO EXTRAORDINARIA,REMOTA,PDT,1
122726,32,2020-03-31,SESSAO EXTRAORDINARIA,REMOTA,PL,1
122727,32,2020-03-31,SESSAO EXTRAORDINARIA,REMOTA,PROS,1
122728,32,2020-03-31,SESSAO EXTRAORDINARIA,REMOTA,REPUBLICANOS,1
122729,32,2020-03-31,SESSAO EXTRAORDINARIA,REMOTA,PTC,1
122730,32,2020-03-31,SESSAO EXTRAORDINARIA,REMOTA,PSOL,1
122731,32,2020-03-31,SESSAO EXTRAORDINARIA,REMOTA,MDB,1
122732,32,2020-03-31,SESSAO EXTRAORDINARIA,REMOTA,PSC,1
122733,32,2020-03-31,SESSAO EXTRAORDINARIA,REMOTA,PTB,1
122734,32,2020-03-31,SESSAO EXTRAORDINARIA,REMOTA,PODEMOS,1
122735,32,2020-03-31,SESSAO EXTRAORDINARIA,REMOTA,PSB,1
122736,32,2020-03-31,SESSAO EXTRAORDINARIA,REMOTA,AVANTE,1
122737,32,2020-03-31,SESSAO EXTRAORDINARIA,REMOTA,NOVO,1
122738,32,2020-03-31,SESSAO EXTRAORDINARIA,REMOTA,REDE,1
122739,32,2020-03-31,SESSAO EXTRAORDINARIA,REMOTA,REPUBLICANOS,1
122740,32,2020-03-31,SESSAO EXTRAORDINARIA,REMOTA,PDT,1
122741,32,2020-03-31,SESSAO EXTRAORDINARIA,REMOTA,MDB,1
122742,32,2020-03-31,SESSAO EXTRAORDINARIA,REMOTA,AVANTE,1
122743,32,2020-03-31,SESSAO EXTRAORDINARIA,REMOTA,PSB,1
122744,32,2020-03-31,SESSAO EXTRAORDINARIA,REMOTA,PP,1
122745,33,2020-03-31,SESSAO EXTRAORDINARIA,REMOTA,PL,1
122746,33,2020-03-31,SESSAO EXTRAORDINARIA,REMOTA,PT,1
122747,33,2020-03-31,SESSAO EXTRAORDINARIA,REMOTA,PT,1
122748,33,2020-03-31,SESSAO EXTRAORDINARIA,REMOTA,PDT,1
122749,33,2020-03-31,SESSAO EXTRAORDINARIA,REMOTA,PROS,1
122750,33,2020-03-31,SESSAO EXTRAORDINARIA,REMOTA,REPUBLICANOS,1
122751,33,2020-03-31,SESSAO EXTRAORDINARIA,REMOTA,MDB,1
122752,33,2020-03-31,SESSAO EXTRAORDINARIA,REMOTA,PSC,1
122753,33,2020-03-31,SESSAO EXTRAORDINARIA,REMOTA,PODEMOS,1
122754,33,2020-03-31,SESSAO EXTRAORDINARIA,REMOTA,PSB,1
122755,33,2020-03-31,SESSAO EXTRAORDINARIA,REMOTA,AVANTE,1
122756,33,2020-03-31,SESSAO EXTRAORDINARIA,REMOTA,NOVO,1
122757,33,2020-03-31,SESSAO EXTRAORDINARIA,REMOTA,REDE,1
122758,33,2020-03-31,SESSAO EXTRAORDINARIA,REMOTA,REPUBLICANOS,1
122759,33,2020-03-31,SESSAO EXTRAORDINARIA,REMOTA,PDT,1
122760,33,2020-03-31,SESSAO EXTRAORDINARIA,REMOTA,MDB,1
122761,33,2020-03-31,SESSAO EXTRAORDINARIA,REMOTA,AVANTE,1
122762,33,2020-03-31,SESSAO EXTRAORDINARIA,REMOTA,PSB,1
122763,33,2020-03-31,SESSAO EXTRAORDINARIA,REMOTA,PP,1
122764,34,2020-04-07,SESSAO EXTRAORDINARIA,REMOTA,PL,1
122765,34,2020-04-07,SESSAO EXTRAORDINARIA,REMOTA,PT,1
122766,34,2020-04-07,SESSAO EXTRAORDINARIA,REMOTA,PT,1
122767,34,2020-04-07,SESSAO EXTRAORDINARIA,REMOTA,PDT,1
122768,34,2020-04-07,SESSAO EXTRAORDINARIA,REMOTA,PL,1
122769,34,2020-04-07,SESSAO EXTRAORDINARIA,REMOTA,PROS,1
122770,34,2020-04-07,SESSAO EXTRAORDINARIA,REMOTA,REPUBLICANOS,1
122771,34,2020-04-07,SESSAO EXTRAORDINARIA,REMOTA,PTC,1
122772,34,2020-04-07,SESSAO EXTRAORDINARIA,REMOTA,PSOL,1
122773,34,2020-04-07,SESSAO EXTRAORDINARIA,REMOTA,MDB,1
122774,34,2020-04-07,SESSAO EXTRAORDINARIA,REMOTA,PSC,1
122775,34,2020-04-07,SESSAO EXTRAORDINARIA,REMOTA,PTB,1
122776,34,2020-04-07,SESSAO EXTRAORDINARIA,REMOTA,PODEMOS,1
122777,34,2020-04-07,SESSAO EXTRAORDINARIA,REMOTA,PSB,1
122778,34,2020-04-07,SESSAO EXTRAORDINARIA,REMOTA,AVANTE,1
122779,34,2020-04-07,SESSAO EXTRAORDINARIA,REMOTA,NOVO,1
122780,34,2020-04-07,SESSAO EXTRAORDINARIA,REMOTA,REDE,1
122781,34,2020-04-07,SESSAO EXTRAORDINARIA,REMOTA,REPUBLICANOS,1
122782,34,2020-04-07,SESSAO EXTRAORDINARIA,REMOTA,PDT,1
122783,34,2020-04-07,SESSAO EXTRAORDINARIA,REMOTA,MDB,1
122784,34,2020-04-07,SESSAO EXTRAORDINARIA,REMOTA,AVANTE,1
122785,34,2020-04-07,SESSAO EXTRAORDINARIA,REMOTA,PSD,1
122786,34,2020-04-07,SESSAO EXTRAORDINARIA,REMOTA,PSB,1
122787,34,2020-04-07,SESSAO EXTRAORDINARIA,REMOTA,PP,1
122788,35,2020-04-01,SESSAO EXTRAORDINARIA,REMOTA,PL,1
122789,35,2020-04-01,SESSAO EXTRAORDINARIA,REMOTA,PT,1
122790,35,2020-04-01,SESSAO EXTRAORDINARIA,REMOTA,PT,1
122791,35,2020-04-01,SESSAO EXTRAORDINARIA,REMOTA,PDT,1
122792,35,2020-04-01,SESSAO EXTRAORDINARIA,REMOTA,PL,1
122793,35,2020-04-01,SESSAO EXTRAORDINARIA,REMOTA,PROS,1
122794,35,2020-04-01,SESSAO EXTRAORDINARIA,REMOTA,REPUBLICANOS,1
122795,35,2020-04-01,SESSAO EXTRAORDINARIA,REMOTA,PTC,1
122796,35,2020-04-01,SESSAO EXTRAORDINARIA,REMOTA,PSOL,1
122797,35,2020-04-01,SESSAO EXTRAORDINARIA,REMOTA,MDB,1
122798,35,2020-04-01,SESSAO EXTRAORDINARIA,REMOTA,PSC,1
122799,35,2020-04-01,SESSAO EXTRAORDINARIA,REMOTA,PTB,1
122800,35,2020-04-01,SESSAO EXTRAORDINARIA,REMOTA,PODEMOS,1
122801,35,2020-04-01,SESSAO EXTRAORDINARIA,REMOTA,PSB,1
122802,35,2020-04-01,SESSAO EXTRAORDINARIA,REMOTA,AVANTE,1
122803,35,2020-04-01,SESSAO EXTRAORDINARIA,REMOTA,NOVO,1
122804,35,2020-04-01,SESSAO EXTRAORDINARIA,REMOTA,REDE,1
122805,35,2020-04-01,SESSAO EXTRAORDINARIA,REMOTA,REPUBLICANOS,1
122806,35,2020-04-01,SESSAO EXTRAORDINARIA,REMOTA,PDT,1
122807,35,2020-04-01,SESSAO EXTRAORDINARIA,REMOTA,MDB,1
122808,35,2020-04-01,SESSAO EXTRAORDINARIA,REMOTA,AVANTE,1
122809,35,2020-04-01,SESSAO EXTRAORDINARIA,REMOTA,PSD,1
122810,35,2020-04-01,SESSAO EXTRAORDINARIA,REMOTA,PSB,1
122811,35,2020-04-01,SESSAO EXTRAORDINARIA,REMOTA,PP,1
122812,36,2020-04-01,SESSAO EXTRAORDINARIA,REMOTA,PT,1
122813,36,2020-04-01,SESSAO EXTRAORDINARIA,REMOTA,PT,1
122814,36,2020-04-01,SESSAO EXTRAORDINARIA,REMOTA,PDT,1
122815,36,2020-04-01,SESSAO EXTRAORDINARIA,REMOTA,PL,1
122816,36,2020-04-01,SESSAO EXTRAORDINARIA,REMOTA,PROS,1
122817,36,2020-04-01,SESSAO EXTRAORDINARIA,REMOTA,REPUBLICANOS,1
122818,36,2020-04-01,SESSAO EXTRAORDINARIA,REMOTA,PTC,1
122819,36,2020-04-01,SESSAO EXTRAORDINARIA,REMOTA,PSOL,1
122820,36,2020-04-01,SESSAO EXTRAORDINARIA,REMOTA,MDB,1
122821,36,2020-04-01,SESSAO EXTRAORDINARIA,REMOTA,PSC,1
122822,36,2020-04-01,SESSAO EXTRAORDINARIA,REMOTA,PSB,1
122823,36,2020-04-01,SESSAO EXTRAORDINARIA,REMOTA,NOVO,1
122824,36,2020-04-01,SESSAO EXTRAORDINARIA,REMOTA,REPUBLICANOS,1
122825,36,2020-04-01,SESSAO EXTRAORDINARIA,REMOTA,PDT,1
122826,36,2020-04-01,SESSAO EXTRAORDINARIA,REMOTA,MDB,1
122827,36,2020-04-01,SESSAO EXTRAORDINARIA,REMOTA,AVANTE,1
122828,36,2020-04-01,SESSAO EXTRAORDINARIA,REMOTA,PSD,1
122829,36,2020-04-01,SESSAO EXTRAORDINARIA,REMOTA,PSB,1
122830,36,2020-04-01,SESSAO EXTRAORDINARIA,REMOTA,PP,1
122831,37,2020-04-07,SESSAO EXTRAORDINARIA,REMOTA,PL,1
122832,37,2020-04-07,SESSAO EXTRAORDINARIA,REMOTA,PT,1
122833,37,2020-04-07,SESSAO EXTRAORDINARIA,REMOTA,PT,1
122834,37,2020-04-07,SESSAO EXTRAORDINARIA,REMOTA,PDT,1
122835,37,2020-04-07,SESSAO EXTRAORDINARIA,REMOTA,PL,1
122836,37,2020-04-07,SESSAO EXTRAORDINARIA,REMOTA,PROS,1
122837,37,2020-04-07,SESSAO EXTRAORDINARIA,REMOTA,REPUBLICANOS,1
122838,37,2020-04-07,SESSAO EXTRAORDINARIA,REMOTA,PTC,1
122839,37,2020-04-07,SESSAO EXTRAORDINARIA,REMOTA,PSOL,1
122840,37,2020-04-07,SESSAO EXTRAORDINARIA,REMOTA,MDB,1
122841,37,2020-04-07,SESSAO EXTRAORDINARIA,REMOTA,PSC,1
122842,37,2020-04-07,SESSAO EXTRAORDINARIA,REMOTA,PTB,1
122843,37,2020-04-07,SESSAO EXTRAORDINARIA,REMOTA,PODEMOS,1
122844,37,2020-04-07,SESSAO EXTRAORDINARIA,REMOTA,PSB,1
122845,37,2020-04-07,SESSAO EXTRAORDINARIA,REMOTA,AVANTE,1
122846,37,2020-04-07,SESSAO EXTRAORDINARIA,REMOTA,NOVO,1
122847,37,2020-04-07,SESSAO EXTRAORDINARIA,REMOTA,REDE,1
122848,37,2020-04-07,SESSAO EXTRAORDINARIA,REMOTA,REPUBLICANOS,1
122849,37,2020-04-07,SESSAO EXTRAORDINARIA,REMOTA,PDT,1
122850,37,2020-04-07,SESSAO EXTRAORDINARIA,REMOTA,MDB,1
122851,37,2020-04-07,SESSAO EXTRAORDINARIA,REMOTA,PSD,1
122852,37,2020-04-07,SESSAO EXTRAORDINARIA,REMOTA,PSB,1
122853,37,2020-04-07,SESSAO EXTRAORDINARIA,REMOTA,PP,1
122854,38,2020-04-08,SESSAO EXTRAORDINARIA,REMOTA,PL,2
122855,38,2020-04-08,SESSAO EXTRAORDINARIA,REMOTA,PT,1
122856,38,2020-04-08,SESSAO EXTRAORDINARIA,REMOTA,PT,1
122857,38,2020-04-08,SESSAO EXTRAORDINARIA,REMOTA,PDT,1
122858,38,2020-04-08,SESSAO EXTRAORDINARIA,REMOTA,PL,1
122859,38,2020-04-08,SESSAO EXTRAORDINARIA,REMOTA,PROS,1
122860,38,2020-04-08,SESSAO EXTRAORDINARIA,REMOTA,PTC,1
122861,38,2020-04-08,SESSAO EXTRAORDINARIA,REMOTA,PSOL,1
122862,38,2020-04-08,SESSAO EXTRAORDINARIA,REMOTA,MDB,1
122863,38,2020-04-08,SESSAO EXTRAORDINARIA,REMOTA,PSC,1
122864,38,2020-04-08,SESSAO EXTRAORDINARIA,REMOTA,PTB,2
122865,38,2020-04-08,SESSAO EXTRAORDINARIA,REMOTA,PODEMOS,1
122866,38,2020-04-08,SESSAO EXTRAORDINARIA,REMOTA,PSB,1
122867,38,2020-04-08,SESSAO EXTRAORDINARIA,REMOTA,AVANTE,1
122868,38,2020-04-08,SESSAO EXTRAORDINARIA,REMOTA,NOVO,1
122869,38,2020-04-08,SESSAO EXTRAORDINARIA,REMOTA,REDE,1
122870,38,2020-04-08,SESSAO EXTRAORDINARIA,REMOTA,REPUBLICANOS,1
122871,38,2020-04-08,SESSAO EXTRAORDINARIA,REMOTA,PDT,1
122872,38,2020-04-08,SESSAO EXTRAORDINARIA,REMOTA,MDB,1
122873,38,2020-04-08,SESSAO EXTRAORDINARIA,REMOTA,AVANTE,1
122874,38,2020-04-08,SESSAO EXTRAORDINARIA,REMOTA,PSD,1
122875,38,2020-04-08,SESSAO EXTRAORDINARIA,REMOTA,PSB,1
122876,38,2020-04-08,SESSAO EXTRAORDINARIA,REMOTA,PP,1
122877,39,2020-04-14,SESSAO EXTRAORDINARIA,REMOTA,PL,1
122878,39,2020-04-14,SESSAO EXTRAORDINARIA,REMOTA,PT,1
122879,39,2020-04-14,SESSAO EXTRAORDINARIA,REMOTA,PT,1
122880,39,2020-04-14,SESSAO EXTRAORDINARIA,REMOTA,PDT,1
122881,39,2020-04-14,SESSAO EXTRAORDINARIA,REMOTA,PL,1
122882,39,2020-04-14,SESSAO EXTRAORDINARIA,REMOTA,PROS,1
122883,39,2020-04-14,SESSAO EXTRAORDINARIA,REMOTA,REPUBLICANOS,1
122884,39,2020-04-14,SESSAO EXTRAORDINARIA,REMOTA,PTC,1
122885,39,2020-04-14,SESSAO EXTRAORDINARIA,REMOTA,PSOL,1
122886,39,2020-04-14,SESSAO EXTRAORDINARIA,REMOTA,MDB,1
122887,39,2020-04-14,SESSAO EXTRAORDINARIA,REMOTA,PSC,1
122888,39,2020-04-14,SESSAO EXTRAORDINARIA,REMOTA,PTB,1
122889,39,2020-04-14,SESSAO EXTRAORDINARIA,REMOTA,PODEMOS,1
122890,39,2020-04-14,SESSAO EXTRAORDINARIA,REMOTA,PSB,1
122891,39,2020-04-14,SESSAO EXTRAORDINARIA,REMOTA,AVANTE,1
122892,39,2020-04-14,SESSAO EXTRAORDINARIA,REMOTA,NOVO,1
122893,39,2020-04-14,SESSAO EXTRAORDINARIA,REMOTA,REDE,1
122894,39,2020-04-14,SESSAO EXTRAORDINARIA,REMOTA,REPUBLICANOS,1
122895,39,2020-04-14,SESSAO EXTRAORDINARIA,REMOTA,PDT,1
122896,39,2020-04-14,SESSAO EXTRAORDINARIA,REMOTA,MDB,1
122897,39,2020-04-14,SESSAO EXTRAORDINARIA,REMOTA,AVANTE,1
122898,39,2020-04-14,SESSAO EXTRAORDINARIA,REMOTA,PSD,1
122899,39,2020-04-14,SESSAO EXTRAORDINARIA,REMOTA,PSB,1
122900,39,2020-04-14,SESSAO EXTRAORDINARIA,REMOTA,PP,1
122901,40,2020-04-14,SESSAO EXTRAORDINARIA,REMOTA,PT,1
122902,40,2020-04-14,SESSAO EXTRAORDINARIA,REMOTA,PT,1
122903,40,2020-04-14,SESSAO EXTRAORDINARIA,REMOTA,PDT,1
122904,40,2020-04-14,SESSAO EXTRAORDINARIA,REMOTA,PL,1
122905,40,2020-04-14,SESSAO EXTRAORDINARIA,REMOTA,PROS,1
122906,40,2020-04-14,SESSAO EXTRAORDINARIA,REMOTA,REPUBLICANOS,1
122907,40,2020-04-14,SESSAO EXTRAORDINARIA,REMOTA,PTC,1
122908,40,2020-04-14,SESSAO EXTRAORDINARIA,REMOTA,PSOL,1
122909,40,2020-04-14,SESSAO EXTRAORDINARIA,REMOTA,MDB,1
122910,40,2020-04-14,SESSAO EXTRAORDINARIA,REMOTA,PSC,1
122911,40,2020-04-14,SESSAO EXTRAORDINARIA,REMOTA,PTB,1
122912,40,2020-04-14,SESSAO EXTRAORDINARIA,REMOTA,PODEMOS,1
122913,40,2020-04-14,SESSAO EXTRAORDINARIA,REMOTA,PSB,1
122914,40,2020-04-14,SESSAO EXTRAORDINARIA,REMOTA,AVANTE,1
122915,40,2020-04-14,SESSAO EXTRAORDINARIA,REMOTA,NOVO,1
122916,40,2020-04-14,SESSAO EXTRAORDINARIA,REMOTA,REDE,1
122917,40,2020-04-14,SESSAO EXTRAORDINARIA,REMOTA,REPUBLICANOS,1
122918,40,2020-04-14,SESSAO EXTRAORDINARIA,REMOTA,PDT,1
122919,40,2020-04-14,SESSAO EXTRAORDINARIA,REMOTA,MDB,1
122920,40,2020-04-14,SESSAO EXTRAORDINARIA,REMOTA,PSD,1
122921,40,2020-04-14,SESSAO EXTRAORDINARIA,REMOTA,PSB,1
122922,40,2020-04-14,SESSAO EXTRAORDINARIA,REMOTA,PP,1
122923,41,2020-04-14,SESSAO EXTRAORDINARIA,REMOTA,PT,1
122924,41,2020-04-14,SESSAO EXTRAORDINARIA,REMOTA,PT,1
122925,41,2020-04-14,SESSAO EXTRAORDINARIA,REMOTA,PDT,1
122926,41,2020-04-14,SESSAO EXTRAORDINARIA,REMOTA,PROS,1
122927,41,2020-04-14,SESSAO EXTRAORDINARIA,REMOTA,REPUBLICANOS,1
122928,41,2020-04-14,SESSAO EXTRAORDINARIA,REMOTA,PTC,1
122929,41,2020-04-14,SESSAO EXTRAORDINARIA,REMOTA,PSOL,1
122930,41,2020-04-14,SESSAO EXTRAORDINARIA,REMOTA,MDB,1
122931,41,2020-04-14,SESSAO EXTRAORDINARIA,REMOTA,PSC,1
122932,41,2020-04-14,SESSAO EXTRAORDINARIA,REMOTA,PODEMOS,1
122933,41,2020-04-14,SESSAO EXTRAORDINARIA,REMOTA,PSB,1
122934,41,2020-04-14,SESSAO EXTRAORDINARIA,REMOTA,AVANTE,1
122935,41,2020-04-14,SESSAO EXTRAORDINARIA,REMOTA,NOVO,1
122936,41,2020-04-14,SESSAO EXTRAORDINARIA,REMOTA,REDE,1
122937,41,2020-04-14,SESSAO EXTRAORDINARIA,REMOTA,REPUBLICANOS,1
122938,41,2020-04-14,SESSAO EXTRAORDINARIA,REMOTA,PDT,1
122939,41,2020-04-14,SESSAO EXTRAORDINARIA,REMOTA,MDB,1
122940,41,2020-04-14,SESSAO EXTRAORDINARIA,REMOTA,PSD,1
122941,41,2020-04-14,SESSAO EXTRAORDINARIA,REMOTA,PSB,1
122942,41,2020-04-14,SESSAO EXTRAORDINARIA,REMOTA,PP,1
122943,42,2020-04-15,SESSAO EXTRAORDINARIA,REMOTA,PT,2
122944,42,2020-04-15,SESSAO EXTRAORDINARIA,REMOTA,PT,2
122945,42,2020-04-15,SESSAO EXTRAORDINARIA,REMOTA,PDT,2
122946,42,2020-04-15,SESSAO EXTRAORDINARIA,REMOTA,PL,2
122947,42,2020-04-15,SESSAO EXTRAORDINARIA,REMOTA,PROS,2
122948,42,2020-04-15,SESSAO EXTRAORDINARIA,REMOTA,REPUBLICANOS,2
122949,42,2020-04-15,SESSAO EXTRAORDINARIA,REMOTA,PTC,1
122950,42,2020-04-15,SESSAO EXTRAORDINARIA,REMOTA,PSOL,2
122951,42,2020-04-15,SESSAO EXTRAORDINARIA,REMOTA,MDB,2
122952,42,2020-04-15,SESSAO EXTRAORDINARIA,REMOTA,PSC,2
122953,42,2020-04-15,SESSAO EXTRAORDINARIA,REMOTA,PODEMOS,2
122954,42,2020-04-15,SESSAO EXTRAORDINARIA,REMOTA,PSB,2
122955,42,2020-04-15,SESSAO EXTRAORDINARIA,REMOTA,AVANTE,2
122956,42,2020-04-15,SESSAO EXTRAORDINARIA,REMOTA,NOVO,2
122957,42,2020-04-15,SESSAO EXTRAORDINARIA,REMOTA,REDE,2
122958,42,2020-04-15,SESSAO EXTRAORDINARIA,REMOTA,REPUBLICANOS,2
122959,42,2020-04-15,SESSAO EXTRAORDINARIA,REMOTA,PDT,2
122960,42,2020-04-15,SESSAO EXTRAORDINARIA,REMOTA,MDB,2
122961,42,2020-04-15,SESSAO EXTRAORDINARIA,REMOTA,AVANTE,1
122962,42,2020-04-15,SESSAO EXTRAORDINARIA,REMOTA,PSD,2
122963,42,2020-04-15,SESSAO EXTRAORDINARIA,REMOTA,PSB,1
122964,42,2020-04-15,SESSAO EXTRAORDINARIA,REMOTA,PP,2
122965,43,2020-04-15,SESSAO EXTRAORDINARIA,REMOTA,PT,1
122966,43,2020-04-15,SESSAO EXTRAORDINARIA,REMOTA,PT,1
122967,43,2020-04-15,SESSAO EXTRAORDINARIA,REMOTA,PDT,1
122968,43,2020-04-15,SESSAO EXTRAORDINARIA,REMOTA,PROS,1
122969,43,2020-04-15,SESSAO EXTRAORDINARIA,REMOTA,REPUBLICANOS,1
122970,43,2020-04-15,SESSAO EXTRAORDINARIA,REMOTA,PODEMOS,1
122971,43,2020-04-15,SESSAO EXTRAORDINARIA,REMOTA,AVANTE,1
122972,43,2020-04-15,SESSAO EXTRAORDINARIA,REMOTA,NOVO,1
122973,43,2020-04-15,SESSAO EXTRAORDINARIA,REMOTA,REDE,1
122974,43,2020-04-15,SESSAO EXTRAORDINARIA,REMOTA,REPUBLICANOS,1
122975,43,2020-04-15,SESSAO EXTRAORDINARIA,REMOTA,PDT,1
122976,43,2020-04-15,SESSAO EXTRAORDINARIA,REMOTA,MDB,1
122977,43,2020-04-15,SESSAO EXTRAORDINARIA,REMOTA,PP,1
122978,44,2020-04-22,SESSAO EXTRAORDINARIA,REMOTA,PT,1
122979,44,2020-04-22,SESSAO EXTRAORDINARIA,REMOTA,PT,1
122980,44,2020-04-22,SESSAO EXTRAORDINARIA,REMOTA,PDT,1
122981,44,2020-04-22,SESSAO EXTRAORDINARIA,REMOTA,PL,1
122982,44,2020-04-22,SESSAO EXTRAORDINARIA,REMOTA,PROS,1
122983,44,2020-04-22,SESSAO EXTRAORDINARIA,REMOTA,REPUBLICANOS,1
122984,44,2020-04-22,SESSAO EXTRAORDINARIA,REMOTA,PTC,1
122985,44,2020-04-22,SESSAO EXTRAORDINARIA,REMOTA,PSOL,1
122986,44,2020-04-22,SESSAO EXTRAORDINARIA,REMOTA,MDB,1
122987,44,2020-04-22,SESSAO EXTRAORDINARIA,REMOTA,PSC,1
122988,44,2020-04-22,SESSAO EXTRAORDINARIA,REMOTA,PTB,1
122989,44,2020-04-22,SESSAO EXTRAORDINARIA,REMOTA,PODEMOS,1
122990,44,2020-04-22,SESSAO EXTRAORDINARIA,REMOTA,PSB,1
122991,44,2020-04-22,SESSAO EXTRAORDINARIA,REMOTA,AVANTE,1
122992,44,2020-04-22,SESSAO EXTRAORDINARIA,REMOTA,NOVO,1
122993,44,2020-04-22,SESSAO EXTRAORDINARIA,REMOTA,REDE,1
122994,44,2020-04-22,SESSAO EXTRAORDINARIA,REMOTA,REPUBLICANOS,1
122995,44,2020-04-22,SESSAO EXTRAORDINARIA,REMOTA,PDT,1
122996,44,2020-04-22,SESSAO EXTRAORDINARIA,REMOTA,MDB,1
122997,44,2020-04-22,SESSAO EXTRAORDINARIA,REMOTA,AVANTE,1
122998,44,2020-04-22,SESSAO EXTRAORDINARIA,REMOTA,PSD,1
122999,44,2020-04-22,SESSAO EXTRAORDINARIA,REMOTA,PSB,1
123000,44,2020-04-22,SESSAO EXTRAORDINARIA,REMOTA,PP,1
123001,45,2020-04-22,SESSAO EXTRAORDINARIA,REMOTA,PT,1
123002,45,2020-04-22,SESSAO EXTRAORDINARIA,REMOTA,PT,1
123003,45,2020-04-22,SESSAO EXTRAORDINARIA,REMOTA,PDT,1
123004,45,2020-04-22,SESSAO EXTRAORDINARIA,REMOTA,PROS,1
123005,45,2020-04-22,SESSAO EXTRAORDINARIA,REMOTA,REPUBLICANOS,1
123006,45,2020-04-22,SESSAO EXTRAORDINARIA,REMOTA,PTC,1
123007,45,2020-04-22,SESSAO EXTRAORDINARIA,REMOTA,PSOL,1
123008,45,2020-04-22,SESSAO EXTRAORDINARIA,REMOTA,MDB,1
123009,45,2020-04-22,SESSAO EXTRAORDINARIA,REMOTA,PODEMOS,1
123010,45,2020-04-22,SESSAO EXTRAORDINARIA,REMOTA,PSB,1
123011,45,2020-04-22,SESSAO EXTRAORDINARIA,REMOTA,AVANTE,1
123012,45,2020-04-22,SESSAO EXTRAORDINARIA,REMOTA,NOVO,1
123013,45,2020-04-22,SESSAO EXTRAORDINARIA,REMOTA,REDE,1
123014,45,2020-04-22,SESSAO EXTRAORDINARIA,REMOTA,REPUBLICANOS,1
123015,45,2020-04-22,SESSAO EXTRAORDINARIA,REMOTA,PDT,1
123016,45,2020-04-22,SESSAO EXTRAORDINARIA,REMOTA,MDB,1
123017,45,2020-04-22,SESSAO EXTRAORDINARIA,REMOTA,AVANTE,1
123018,45,2020-04-22,SESSAO EXTRAORDINARIA,REMOTA,PP,1
123019,46,2020-04-22,SESSAO EXTRAORDINARIA,REMOTA,PT,1
123020,46,2020-04-22,SESSAO EXTRAORDINARIA,REMOTA,PT,1
123021,46,2020-04-22,SESSAO EXTRAORDINARIA,REMOTA,PDT,1
123022,46,2020-04-22,SESSAO EXTRAORDINARIA,REMOTA,PROS,1
123023,46,2020-04-22,SESSAO EXTRAORDINARIA,REMOTA,REPUBLICANOS,1
123024,46,2020-04-22,SESSAO EXTRAORDINARIA,REMOTA,PSOL,1
123025,46,2020-04-22,SESSAO EXTRAORDINARIA,REMOTA,MDB,1
123026,46,2020-04-22,SESSAO EXTRAORDINARIA,REMOTA,PODEMOS,1
123027,46,2020-04-22,SESSAO EXTRAORDINARIA,REMOTA,PSB,1
123028,46,2020-04-22,SESSAO EXTRAORDINARIA,REMOTA,AVANTE,1
123029,46,2020-04-22,SESSAO EXTRAORDINARIA,REMOTA,NOVO,1
123030,46,2020-04-22,SESSAO EXTRAORDINARIA,REMOTA,REDE,1
123031,46,2020-04-22,SESSAO EXTRAORDINARIA,REMOTA,REPUBLICANOS,1
123032,46,2020-04-22,SESSAO EXTRAORDINARIA,REMOTA,PDT,1
123033,46,2020-04-22,SESSAO EXTRAORDINARIA,REMOTA,MDB,1
123034,46,2020-04-22,SESSAO EXTRAORDINARIA,REMOTA,AVANTE,1
123035,46,2020-04-22,SESSAO EXTRAORDINARIA,REMOTA,PP,1
123036,47,2020-04-22,SESSAO EXTRAORDINARIA,REMOTA,PT,1
123037,47,2020-04-22,SESSAO EXTRAORDINARIA,REMOTA,PT,1
123038,47,2020-04-22,SESSAO EXTRAORDINARIA,REMOTA,PDT,1
123039,47,2020-04-22,SESSAO EXTRAORDINARIA,REMOTA,PROS,1
123040,47,2020-04-22,SESSAO EXTRAORDINARIA,REMOTA,REPUBLICANOS,1
123041,47,2020-04-22,SESSAO EXTRAORDINARIA,REMOTA,PSOL,1
123042,47,2020-04-22,SESSAO EXTRAORDINARIA,REMOTA,MDB,1
123043,47,2020-04-22,SESSAO EXTRAORDINARIA,REMOTA,PODEMOS,1
123044,47,2020-04-22,SESSAO EXTRAORDINARIA,REMOTA,PSB,1
123045,47,2020-04-22,SESSAO EXTRAORDINARIA,REMOTA,AVANTE,1
123046,47,2020-04-22,SESSAO EXTRAORDINARIA,REMOTA,NOVO,1
123047,47,2020-04-22,SESSAO EXTRAORDINARIA,REMOTA,REDE,1
123048,47,2020-04-22,SESSAO EXTRAORDINARIA,REMOTA,REPUBLICANOS,1
123049,47,2020-04-22,SESSAO EXTRAORDINARIA,REMOTA,PDT,1
123050,47,2020-04-22,SESSAO EXTRAORDINARIA,REMOTA,MDB,1
123051,47,2020-04-22,SESSAO EXTRAORDINARIA,REMOTA,PP,1
123052,48,2020-04-28,SESSAO EXTRAORDINARIA,REMOTA,PT,1
123053,48,2020-04-28,SESSAO EXTRAORDINARIA,REMOTA,PT,1
123054,48,2020-04-28,SESSAO EXTRAORDINARIA,REMOTA,PDT,1
123055,48,2020-04-28,SESSAO EXTRAORDINARIA,REMOTA,PL,1
123056,48,2020-04-28,SESSAO EXTRAORDINARIA,REMOTA,PROS,1
123057,48,2020-04-28,SESSAO EXTRAORDINARIA,REMOTA,REPUBLICANOS,1
123058,48,2020-04-28,SESSAO EXTRAORDINARIA,REMOTA,PTC,1
123059,48,2020-04-28,SESSAO EXTRAORDINARIA,REMOTA,PSOL,1
123060,48,2020-04-28,SESSAO EXTRAORDINARIA,REMOTA,MDB,1
123061,48,2020-04-28,SESSAO EXTRAORDINARIA,REMOTA,PSC,1
123062,48,2020-04-28,SESSAO EXTRAORDINARIA,REMOTA,PTB,1
123063,48,2020-04-28,SESSAO EXTRAORDINARIA,REMOTA,PODEMOS,1
123064,48,2020-04-28,SESSAO EXTRAORDINARIA,REMOTA,PSB,1
123065,48,2020-04-28,SESSAO EXTRAORDINARIA,REMOTA,AVANTE,1
123066,48,2020-04-28,SESSAO EXTRAORDINARIA,REMOTA,NOVO,1
123067,48,2020-04-28,SESSAO EXTRAORDINARIA,REMOTA,REDE,1
123068,48,2020-04-28,SESSAO EXTRAORDINARIA,REMOTA,REPUBLICANOS,1
123069,48,2020-04-28,SESSAO EXTRAORDINARIA,REMOTA,PDT,1
123070,48,2020-04-28,SESSAO EXTRAORDINARIA,REMOTA,MDB,1
123071,48,2020-04-28,SESSAO EXTRAORDINARIA,REMOTA,AVANTE,1
123072,48,2020-04-28,SESSAO EXTRAORDINARIA,REMOTA,PSD,1
123073,48,2020-04-28,SESSAO EXTRAORDINARIA,REMOTA,PSB,1
123074,48,2020-04-28,SESSAO EXTRAORDINARIA,REMOTA,PP,1
123075,49,2020-04-28,SESSAO EXTRAORDINARIA,REMOTA,PT,1
123076,49,2020-04-28,SESSAO EXTRAORDINARIA,REMOTA,PT,1
123077,49,2020-04-28,SESSAO EXTRAORDINARIA,REMOTA,PDT,1
123078,49,2020-04-28,SESSAO EXTRAORDINARIA,REMOTA,PROS,1
123079,49,2020-04-28,SESSAO EXTRAORDINARIA,REMOTA,REPUBLICANOS,1
123080,49,2020-04-28,SESSAO EXTRAORDINARIA,REMOTA,PSOL,1
123081,49,2020-04-28,SESSAO EXTRAORDINARIA,REMOTA,MDB,1
123082,49,2020-04-28,SESSAO EXTRAORDINARIA,REMOTA,PSC,1
123083,49,2020-04-28,SESSAO EXTRAORDINARIA,REMOTA,PTB,1
123084,49,2020-04-28,SESSAO EXTRAORDINARIA,REMOTA,PODEMOS,1
123085,49,2020-04-28,SESSAO EXTRAORDINARIA,REMOTA,PSB,1
123086,49,2020-04-28,SESSAO EXTRAORDINARIA,REMOTA,AVANTE,1
123087,49,2020-04-28,SESSAO EXTRAORDINARIA,REMOTA,NOVO,1
123088,49,2020-04-28,SESSAO EXTRAORDINARIA,REMOTA,REDE,1
123089,49,2020-04-28,SESSAO EXTRAORDINARIA,REMOTA,REPUBLICANOS,1
123090,49,2020-04-28,SESSAO EXTRAORDINARIA,REMOTA,PDT,1
123091,49,2020-04-28,SESSAO EXTRAORDINARIA,REMOTA,MDB,1
123092,49,2020-04-28,SESSAO EXTRAORDINARIA,REMOTA,AVANTE,1
123093,49,2020-04-28,SESSAO EXTRAORDINARIA,REMOTA,PP,1
123094,50,2020-04-29,SESSAO EXTRAORDINARIA,REMOTA,PT,1
123095,50,2020-04-29,SESSAO EXTRAORDINARIA,REMOTA,PT,1
123096,50,2020-04-29,SESSAO EXTRAORDINARIA,REMOTA,PDT,1
123097,50,2020-04-29,SESSAO EXTRAORDINARIA,REMOTA,PL,1
123098,50,2020-04-29,SESSAO EXTRAORDINARIA,REMOTA,PROS,1
123099,50,2020-04-29,SESSAO EXTRAORDINARIA,REMOTA,REPUBLICANOS,1
123100,50,2020-04-29,SESSAO EXTRAORDINARIA,REMOTA,PSOL,1
123101,50,2020-04-29,SESSAO EXTRAORDINARIA,REMOTA,PSC,1
123102,50,2020-04-29,SESSAO EXTRAORDINARIA,REMOTA,PODEMOS,1
123103,50,2020-04-29,SESSAO EXTRAORDINARIA,REMOTA,PSB,1
123104,50,2020-04-29,SESSAO EXTRAORDINARIA,REMOTA,AVANTE,1
123105,50,2020-04-29,SESSAO EXTRAORDINARIA,REMOTA,NOVO,1
123106,50,2020-04-29,SESSAO EXTRAORDINARIA,REMOTA,REDE,1
123107,50,2020-04-29,SESSAO EXTRAORDINARIA,REMOTA,REPUBLICANOS,1
123108,50,2020-04-29,SESSAO EXTRAORDINARIA,REMOTA,PDT,1
123109,50,2020-04-29,SESSAO EXTRAORDINARIA,REMOTA,AVANTE,1
123110,50,2020-04-29,SESSAO EXTRAORDINARIA,REMOTA,PSD,1
123111,50,2020-04-29,SESSAO EXTRAORDINARIA,REMOTA,PP,1
123112,51,2020-04-29,SESSAO EXTRAORDINARIA,REMOTA,PT,1
123113,51,2020-04-29,SESSAO EXTRAORDINARIA,REMOTA,PT,1
123114,51,2020-04-29,SESSAO EXTRAORDINARIA,REMOTA,PDT,1
123115,51,2020-04-29,SESSAO EXTRAORDINARIA,REMOTA,PROS,1
123116,51,2020-04-29,SESSAO EXTRAORDINARIA,REMOTA,REPUBLICANOS,1
123117,51,2020-04-29,SESSAO EXTRAORDINARIA,REMOTA,PSOL,1
123118,51,2020-04-29,SESSAO EXTRAORDINARIA,REMOTA,PODEMOS,1
123119,51,2020-04-29,SESSAO EXTRAORDINARIA,REMOTA,PSB,1
123120,51,2020-04-29,SESSAO EXTRAORDINARIA,REMOTA,AVANTE,1
123121,51,2020-04-29,SESSAO EXTRAORDINARIA,REMOTA,NOVO,1
123122,51,2020-04-29,SESSAO EXTRAORDINARIA,REMOTA,REDE,1
123123,51,2020-04-29,SESSAO EXTRAORDINARIA,REMOTA,REPUBLICANOS,1
123124,51,2020-04-29,SESSAO EXTRAORDINARIA,REMOTA,PDT,1
123125,51,2020-04-29,SESSAO EXTRAORDINARIA,REMOTA,PSB,1
123126,51,2020-04-29,SESSAO EXTRAORDINARIA,REMOTA,PP,1
123127,52,2020-05-05,SESSAO EXTRAORDINARIA,REMOTA,PL,1
123128,52,2020-05-05,SESSAO EXTRAORDINARIA,REMOTA,PT,1
123129,52,2020-05-05,SESSAO EXTRAORDINARIA,REMOTA,PT,1
123130,52,2020-05-05,SESSAO EXTRAORDINARIA,REMOTA,PDT,1
123131,52,2020-05-05,SESSAO EXTRAORDINARIA,REMOTA,PL,1
123132,52,2020-05-05,SESSAO EXTRAORDINARIA,REMOTA,PROS,1
123133,52,2020-05-05,SESSAO EXTRAORDINARIA,REMOTA,REPUBLICANOS,1
123134,52,2020-05-05,SESSAO EXTRAORDINARIA,REMOTA,PTC,1
123135,52,2020-05-05,SESSAO EXTRAORDINARIA,REMOTA,PSOL,1
123136,52,2020-05-05,SESSAO EXTRAORDINARIA,REMOTA,MDB,1
123137,52,2020-05-05,SESSAO EXTRAORDINARIA,REMOTA,PTB,1
123138,52,2020-05-05,SESSAO EXTRAORDINARIA,REMOTA,PODEMOS,1
123139,52,2020-05-05,SESSAO EXTRAORDINARIA,REMOTA,PSB,1
123140,52,2020-05-05,SESSAO EXTRAORDINARIA,REMOTA,AVANTE,1
123141,52,2020-05-05,SESSAO EXTRAORDINARIA,REMOTA,NOVO,1
123142,52,2020-05-05,SESSAO EXTRAORDINARIA,REMOTA,REDE,1
123143,52,2020-05-05,SESSAO EXTRAORDINARIA,REMOTA,REPUBLICANOS,1
123144,52,2020-05-05,SESSAO EXTRAORDINARIA,REMOTA,PDT,1
123145,52,2020-05-05,SESSAO EXTRAORDINARIA,REMOTA,MDB,1
123146,52,2020-05-05,SESSAO EXTRAORDINARIA,REMOTA,AVANTE,1
123147,52,2020-05-05,SESSAO EXTRAORDINARIA,REMOTA,PSD,1
123148,52,2020-05-05,SESSAO EXTRAORDINARIA,REMOTA,PSB,1
123149,52,2020-05-05,SESSAO EXTRAORDINARIA,REMOTA,PP,1
123150,53,2020-05-05,SESSAO EXTRAORDINARIA,REMOTA,PL,1
123151,53,2020-05-05,SESSAO EXTRAORDINARIA,REMOTA,PT,1
123152,53,2020-05-05,SESSAO EXTRAORDINARIA,REMOTA,PT,1
123153,53,2020-05-05,SESSAO EXTRAORDINARIA,REMOTA,PDT,1
123154,53,2020-05-05,SESSAO EXTRAORDINARIA,REMOTA,PROS,1
123155,53,2020-05-05,SESSAO EXTRAORDINARIA,REMOTA,REPUBLICANOS,1
123156,53,2020-05-05,SESSAO EXTRAORDINARIA,REMOTA,PTC,1
123157,53,2020-05-05,SESSAO EXTRAORDINARIA,REMOTA,PSOL,1
123158,53,2020-05-05,SESSAO EXTRAORDINARIA,REMOTA,MDB,1
123159,53,2020-05-05,SESSAO EXTRAORDINARIA,REMOTA,PTB,1
123160,53,2020-05-05,SESSAO EXTRAORDINARIA,REMOTA,PODEMOS,1
123161,53,2020-05-05,SESSAO EXTRAORDINARIA,REMOTA,AVANTE,1
123162,53,2020-05-05,SESSAO EXTRAORDINARIA,REMOTA,REDE,1
123163,53,2020-05-05,SESSAO EXTRAORDINARIA,REMOTA,REPUBLICANOS,1
123164,53,2020-05-05,SESSAO EXTRAORDINARIA,REMOTA,MDB,1
123165,53,2020-05-05,SESSAO EXTRAORDINARIA,REMOTA,AVANTE,1
123166,53,2020-05-05,SESSAO EXTRAORDINARIA,REMOTA,PSB,1
123167,53,2020-05-05,SESSAO EXTRAORDINARIA,REMOTA,PP,1
123168,54,2020-05-19,SESSAO EXTRAORDINARIA,REMOTA,PL,2
123169,54,2020-05-19,SESSAO EXTRAORDINARIA,REMOTA,PT,1
123170,54,2020-05-19,SESSAO EXTRAORDINARIA,REMOTA,PT,1
123171,54,2020-05-19,SESSAO EXTRAORDINARIA,REMOTA,PDT,2
123172,54,2020-05-19,SESSAO EXTRAORDINARIA,REMOTA,PL,2
123173,54,2020-05-19,SESSAO EXTRAORDINARIA,REMOTA,PROS,1
123174,54,2020-05-19,SESSAO EXTRAORDINARIA,REMOTA,REPUBLICANOS,1
123175,54,2020-05-19,SESSAO EXTRAORDINARIA,REMOTA,PTC,1
123176,54,2020-05-19,SESSAO EXTRAORDINARIA,REMOTA,PSOL,1
123177,54,2020-05-19,SESSAO EXTRAORDINARIA,REMOTA,MDB,1
123178,54,2020-05-19,SESSAO EXTRAORDINARIA,REMOTA,PSC,1
123179,54,2020-05-19,SESSAO EXTRAORDINARIA,REMOTA,PTB,1
123180,54,2020-05-19,SESSAO EXTRAORDINARIA,REMOTA,PODEMOS,1
123181,54,2020-05-19,SESSAO EXTRAORDINARIA,REMOTA,PSB,1
123182,54,2020-05-19,SESSAO EXTRAORDINARIA,REMOTA,AVANTE,1
123183,54,2020-05-19,SESSAO EXTRAORDINARIA,REMOTA,NOVO,1
123184,54,2020-05-19,SESSAO EXTRAORDINARIA,REMOTA,REDE,1
123185,54,2020-05-19,SESSAO EXTRAORDINARIA,REMOTA,REPUBLICANOS,1
123186,54,2020-05-19,SESSAO EXTRAORDINARIA,REMOTA,PDT,1
123187,54,2020-05-19,SESSAO EXTRAORDINARIA,REMOTA,MDB,1
123188,54,2020-05-19,SESSAO EXTRAORDINARIA,REMOTA,AVANTE,1
123189,54,2020-05-19,SESSAO EXTRAORDINARIA,REMOTA,PSD,1
123190,54,2020-05-19,SESSAO EXTRAORDINARIA,REMOTA,PSB,2
123191,54,2020-05-19,SESSAO EXTRAORDINARIA,REMOTA,PP,1
123192,55,2020-05-19,SESSAO EXTRAORDINARIA,REMOTA,PL,1
123193,55,2020-05-19,SESSAO EXTRAORDINARIA,REMOTA,PT,1
123194,55,2020-05-19,SESSAO EXTRAORDINARIA,REMOTA,PT,1
123195,55,2020-05-19,SESSAO EXTRAORDINARIA,REMOTA,PDT,1
123196,55,2020-05-19,SESSAO EXTRAORDINARIA,REMOTA,PL,1
123197,55,2020-05-19,SESSAO EXTRAORDINARIA,REMOTA,PROS,1
123198,55,2020-05-19,SESSAO EXTRAORDINARIA,REMOTA,REPUBLICANOS,1
123199,55,2020-05-19,SESSAO EXTRAORDINARIA,REMOTA,PTC,1
123200,55,2020-05-19,SESSAO EXTRAORDINARIA,REMOTA,PSOL,1
123201,55,2020-05-19,SESSAO EXTRAORDINARIA,REMOTA,PSC,1
123202,55,2020-05-19,SESSAO EXTRAORDINARIA,REMOTA,PTB,1
123203,55,2020-05-19,SESSAO EXTRAORDINARIA,REMOTA,PODEMOS,1
123204,55,2020-05-19,SESSAO EXTRAORDINARIA,REMOTA,AVANTE,1
123205,55,2020-05-19,SESSAO EXTRAORDINARIA,REMOTA,NOVO,1
123206,55,2020-05-19,SESSAO EXTRAORDINARIA,REMOTA,REDE,1
123207,55,2020-05-19,SESSAO EXTRAORDINARIA,REMOTA,REPUBLICANOS,1
123208,55,2020-05-19,SESSAO EXTRAORDINARIA,REMOTA,PDT,1
123209,55,2020-05-19,SESSAO EXTRAORDINARIA,REMOTA,MDB,1
123210,55,2020-05-19,SESSAO EXTRAORDINARIA,REMOTA,AVANTE,1
123211,55,2020-05-19,SESSAO EXTRAORDINARIA,REMOTA,PSD,1
123212,55,2020-05-19,SESSAO EXTRAORDINARIA,REMOTA,PP,1
123213,56,2020-05-20,SESSAO EXTRAORDINARIA,REMOTA,PL,1
123214,56,2020-05-20,SESSAO EXTRAORDINARIA,REMOTA,PT,1
123215,56,2020-05-20,SESSAO EXTRAORDINARIA,REMOTA,PT,1
123216,56,2020-05-20,SESSAO EXTRAORDINARIA,REMOTA,PDT,1
123217,56,2020-05-20,SESSAO EXTRAORDINARIA,REMOTA,PL,1
123218,56,2020-05-20,SESSAO EXTRAORDINARIA,REMOTA,PROS,1
123219,56,2020-05-20,SESSAO EXTRAORDINARIA,REMOTA,REPUBLICANOS,1
123220,56,2020-05-20,SESSAO EXTRAORDINARIA,REMOTA,PTC,1
123221,56,2020-05-20,SESSAO EXTRAORDINARIA,REMOTA,PSOL,1
123222,56,2020-05-20,SESSAO EXTRAORDINARIA,REMOTA,MDB,1
123223,56,2020-05-20,SESSAO EXTRAORDINARIA,REMOTA,PSC,1
123224,56,2020-05-20,SESSAO EXTRAORDINARIA,REMOTA,PTB,1
123225,56,2020-05-20,SESSAO EXTRAORDINARIA,REMOTA,PODEMOS,1
123226,56,2020-05-20,SESSAO EXTRAORDINARIA,REMOTA,PSB,1
123227,56,2020-05-20,SESSAO EXTRAORDINARIA,REMOTA,AVANTE,1
123228,56,2020-05-20,SESSAO EXTRAORDINARIA,REMOTA,NOVO,1
123229,56,2020-05-20,SESSAO EXTRAORDINARIA,REMOTA,REDE,1
123230,56,2020-05-20,SESSAO EXTRAORDINARIA,REMOTA,REPUBLICANOS,1
123231,56,2020-05-20,SESSAO EXTRAORDINARIA,REMOTA,PDT,1
123232,56,2020-05-20,SESSAO EXTRAORDINARIA,REMOTA,MDB,1
123233,56,2020-05-20,SESSAO EXTRAORDINARIA,REMOTA,AVANTE,1
123234,56,2020-05-20,SESSAO EXTRAORDINARIA,REMOTA,PSD,1
123235,56,2020-05-20,SESSAO EXTRAORDINARIA,REMOTA,PSB,1
123236,56,2020-05-20,SESSAO EXTRAORDINARIA,REMOTA,PP,1
123237,57,2020-05-20,SESSAO EXTRAORDINARIA,REMOTA,PT,1
123238,57,2020-05-20,SESSAO EXTRAORDINARIA,REMOTA,PT,1
123239,57,2020-05-20,SESSAO EXTRAORDINARIA,REMOTA,PDT,1
123240,57,2020-05-20,SESSAO EXTRAORDINARIA,REMOTA,PL,1
123241,57,2020-05-20,SESSAO EXTRAORDINARIA,REMOTA,PROS,1
123242,57,2020-05-20,SESSAO EXTRAORDINARIA,REMOTA,REPUBLICANOS,1
123243,57,2020-05-20,SESSAO EXTRAORDINARIA,REMOTA,PTC,1
123244,57,2020-05-20,SESSAO EXTRAORDINARIA,REMOTA,PSOL,1
123245,57,2020-05-20,SESSAO EXTRAORDINARIA,REMOTA,MDB,1
123246,57,2020-05-20,SESSAO EXTRAORDINARIA,REMOTA,PSC,1
123247,57,2020-05-20,SESSAO EXTRAORDINARIA,REMOTA,PTB,1
123248,57,2020-05-20,SESSAO EXTRAORDINARIA,REMOTA,PODEMOS,1
123249,57,2020-05-20,SESSAO EXTRAORDINARIA,REMOTA,PSB,1
123250,57,2020-05-20,SESSAO EXTRAORDINARIA,REMOTA,NOVO,1
123251,57,2020-05-20,SESSAO EXTRAORDINARIA,REMOTA,REDE,1
123252,57,2020-05-20,SESSAO EXTRAORDINARIA,REMOTA,REPUBLICANOS,1
123253,57,2020-05-20,SESSAO EXTRAORDINARIA,REMOTA,PDT,1
123254,57,2020-05-20,SESSAO EXTRAORDINARIA,REMOTA,MDB,1
123255,57,2020-05-20,SESSAO EXTRAORDINARIA,REMOTA,AVANTE,1
123256,57,2020-05-20,SESSAO EXTRAORDINARIA,REMOTA,PSD,1
123257,57,2020-05-20,SESSAO EXTRAORDINARIA,REMOTA,PSB,1
123258,57,2020-05-20,SESSAO EXTRAORDINARIA,REMOTA,PP,1
123259,58,2020-05-20,SESSAO EXTRAORDINARIA,REMOTA,PT,1
123260,58,2020-05-20,SESSAO EXTRAORDINARIA,REMOTA,PT,1
123261,58,2020-05-20,SESSAO EXTRAORDINARIA,REMOTA,PDT,1
123262,58,2020-05-20,SESSAO EXTRAORDINARIA,REMOTA,PL,1
123263,58,2020-05-20,SESSAO EXTRAORDINARIA,REMOTA,PROS,1
123264,58,2020-05-20,SESSAO EXTRAORDINARIA,REMOTA,REPUBLICANOS,1
123265,58,2020-05-20,SESSAO EXTRAORDINARIA,REMOTA,PTC,1
123266,58,2020-05-20,SESSAO EXTRAORDINARIA,REMOTA,PSOL,1
123267,58,2020-05-20,SESSAO EXTRAORDINARIA,REMOTA,MDB,1
123268,58,2020-05-20,SESSAO EXTRAORDINARIA,REMOTA,PSC,1
123269,58,2020-05-20,SESSAO EXTRAORDINARIA,REMOTA,PTB,1
123270,58,2020-05-20,SESSAO EXTRAORDINARIA,REMOTA,PODEMOS,1
123271,58,2020-05-20,SESSAO EXTRAORDINARIA,REMOTA,PSB,1
123272,58,2020-05-20,SESSAO EXTRAORDINARIA,REMOTA,AVANTE,1
123273,58,2020-05-20,SESSAO EXTRAORDINARIA,REMOTA,NOVO,1
123274,58,2020-05-20,SESSAO EXTRAORDINARIA,REMOTA,REDE,1
123275,58,2020-05-20,SESSAO EXTRAORDINARIA,REMOTA,REPUBLICANOS,1
123276,58,2020-05-20,SESSAO EXTRAORDINARIA,REMOTA,PDT,1
123277,58,2020-05-20,SESSAO EXTRAORDINARIA,REMOTA,MDB,1
123278,58,2020-05-20,SESSAO EXTRAORDINARIA,REMOTA,AVANTE,1
123279,58,2020-05-20,SESSAO EXTRAORDINARIA,REMOTA,PSD,1
123280,58,2020-05-20,SESSAO EXTRAORDINARIA,REMOTA,PSB,1
123281,58,2020-05-20,SESSAO EXTRAORDINARIA,REMOTA,PP,1
123282,59,2020-05-26,SESSAO EXTRAORDINARIA,REMOTA,PL,1
123283,59,2020-05-26,SESSAO EXTRAORDINARIA,REMOTA,PT,1
123284,59,2020-05-26,SESSAO EXTRAORDINARIA,REMOTA,PT,1
123285,59,2020-05-26,SESSAO EXTRAORDINARIA,REMOTA,PDT,1
123286,59,2020-05-26,SESSAO EXTRAORDINARIA,REMOTA,PL,1
123287,59,2020-05-26,SESSAO EXTRAORDINARIA,REMOTA,PROS,1
123288,59,2020-05-26,SESSAO EXTRAORDINARIA,REMOTA,REPUBLICANOS,1
123289,59,2020-05-26,SESSAO EXTRAORDINARIA,REMOTA,PTC,1
123290,59,2020-05-26,SESSAO EXTRAORDINARIA,REMOTA,PSOL,1
123291,59,2020-05-26,SESSAO EXTRAORDINARIA,REMOTA,MDB,1
123292,59,2020-05-26,SESSAO EXTRAORDINARIA,REMOTA,PSC,1
123293,59,2020-05-26,SESSAO EXTRAORDINARIA,REMOTA,PTB,1
123294,59,2020-05-26,SESSAO EXTRAORDINARIA,REMOTA,PODEMOS,1
123295,59,2020-05-26,SESSAO EXTRAORDINARIA,REMOTA,AVANTE,1
123296,59,2020-05-26,SESSAO EXTRAORDINARIA,REMOTA,NOVO,1
123297,59,2020-05-26,SESSAO EXTRAORDINARIA,REMOTA,REDE,1
123298,59,2020-05-26,SESSAO EXTRAORDINARIA,REMOTA,REPUBLICANOS,1
123299,59,2020-05-26,SESSAO EXTRAORDINARIA,REMOTA,PDT,1
123300,59,2020-05-26,SESSAO EXTRAORDINARIA,REMOTA,MDB,1
123301,59,2020-05-26,SESSAO EXTRAORDINARIA,REMOTA,PSD,1
123302,59,2020-05-26,SESSAO EXTRAORDINARIA,REMOTA,PSB,1
123303,59,2020-05-26,SESSAO EXTRAORDINARIA,REMOTA,PP,1
123304,60,2020-05-27,SESSAO EXTRAORDINARIA,REMOTA,PL,1
123305,60,2020-05-27,SESSAO EXTRAORDINARIA,REMOTA,PT,1
123306,60,2020-05-27,SESSAO EXTRAORDINARIA,REMOTA,PT,1
123307,60,2020-05-27,SESSAO EXTRAORDINARIA,REMOTA,PDT,1
123308,60,2020-05-27,SESSAO EXTRAORDINARIA,REMOTA,PL,1
123309,60,2020-05-27,SESSAO EXTRAORDINARIA,REMOTA,PROS,1
123310,60,2020-05-27,SESSAO EXTRAORDINARIA,REMOTA,REPUBLICANOS,1
123311,60,2020-05-27,SESSAO EXTRAORDINARIA,REMOTA,PTC,1
123312,60,2020-05-27,SESSAO EXTRAORDINARIA,REMOTA,PSOL,1
123313,60,2020-05-27,SESSAO EXTRAORDINARIA,REMOTA,MDB,1
123314,60,2020-05-27,SESSAO EXTRAORDINARIA,REMOTA,PSC,1
123315,60,2020-05-27,SESSAO EXTRAORDINARIA,REMOTA,PTB,1
123316,60,2020-05-27,SESSAO EXTRAORDINARIA,REMOTA,PODEMOS,1
123317,60,2020-05-27,SESSAO EXTRAORDINARIA,REMOTA,AVANTE,1
123318,60,2020-05-27,SESSAO EXTRAORDINARIA,REMOTA,NOVO,1
123319,60,2020-05-27,SESSAO EXTRAORDINARIA,REMOTA,REDE,1
123320,60,2020-05-27,SESSAO EXTRAORDINARIA,REMOTA,REPUBLICANOS,1
123321,60,2020-05-27,SESSAO EXTRAORDINARIA,REMOTA,PDT,1
123322,60,2020-05-27,SESSAO EXTRAORDINARIA,REMOTA,MDB,1
123323,60,2020-05-27,SESSAO EXTRAORDINARIA,REMOTA,AVANTE,1
123324,60,2020-05-27,SESSAO EXTRAORDINARIA,REMOTA,PSD,1
123325,60,2020-05-27,SESSAO EXTRAORDINARIA,REMOTA,PSB,1
123326,60,2020-05-27,SESSAO EXTRAORDINARIA,REMOTA,PP,1
123327,61,2020-06-02,SESSAO EXTRAORDINARIA,REMOTA,PL,1
123328,61,2020-06-02,SESSAO EXTRAORDINARIA,REMOTA,PT,1
123329,61,2020-06-02,SESSAO EXTRAORDINARIA,REMOTA,PT,1
123330,61,2020-06-02,SESSAO EXTRAORDINARIA,REMOTA,PDT,1
123331,61,2020-06-02,SESSAO EXTRAORDINARIA,REMOTA,PL,1
123332,61,2020-06-02,SESSAO EXTRAORDINARIA,REMOTA,PROS,1
123333,61,2020-06-02,SESSAO EXTRAORDINARIA,REMOTA,REPUBLICANOS,1
123334,61,2020-06-02,SESSAO EXTRAORDINARIA,REMOTA,PTC,1
123335,61,2020-06-02,SESSAO EXTRAORDINARIA,REMOTA,PSOL,1
123336,61,2020-06-02,SESSAO EXTRAORDINARIA,REMOTA,MDB,1
123337,61,2020-06-02,SESSAO EXTRAORDINARIA,REMOTA,PSC,1
123338,61,2020-06-02,SESSAO EXTRAORDINARIA,REMOTA,PTB,1
123339,61,2020-06-02,SESSAO EXTRAORDINARIA,REMOTA,PODEMOS,1
123340,61,2020-06-02,SESSAO EXTRAORDINARIA,REMOTA,AVANTE,1
123341,61,2020-06-02,SESSAO EXTRAORDINARIA,REMOTA,NOVO,1
123342,61,2020-06-02,SESSAO EXTRAORDINARIA,REMOTA,REDE,1
123343,61,2020-06-02,SESSAO EXTRAORDINARIA,REMOTA,REPUBLICANOS,1
123344,61,2020-06-02,SESSAO EXTRAORDINARIA,REMOTA,PDT,1
123345,61,2020-06-02,SESSAO EXTRAORDINARIA,REMOTA,MDB,1
123346,61,2020-06-02,SESSAO EXTRAORDINARIA,REMOTA,AVANTE,1
123347,61,2020-06-02,SESSAO EXTRAORDINARIA,REMOTA,PSD,1
123348,61,2020-06-02,SESSAO EXTRAORDINARIA,REMOTA,PSB,1
123349,61,2020-06-02,SESSAO EXTRAORDINARIA,REMOTA,PP,1
123350,62,2020-06-02,SESSAO EXTRAORDINARIA,REMOTA,PL,1
123351,62,2020-06-02,SESSAO EXTRAORDINARIA,REMOTA,PT,1
123352,62,2020-06-02,SESSAO EXTRAORDINARIA,REMOTA,PT,1
123353,62,2020-06-02,SESSAO EXTRAORDINARIA,REMOTA,PDT,1
123354,62,2020-06-02,SESSAO EXTRAORDINARIA,REMOTA,PL,1
123355,62,2020-06-02,SESSAO EXTRAORDINARIA,REMOTA,PROS,1
123356,62,2020-06-02,SESSAO EXTRAORDINARIA,REMOTA,REPUBLICANOS,1
123357,62,2020-06-02,SESSAO EXTRAORDINARIA,REMOTA,PSOL,1
123358,62,2020-06-02,SESSAO EXTRAORDINARIA,REMOTA,MDB,1
123359,62,2020-06-02,SESSAO EXTRAORDINARIA,REMOTA,PSC,1
123360,62,2020-06-02,SESSAO EXTRAORDINARIA,REMOTA,PTB,1
123361,62,2020-06-02,SESSAO EXTRAORDINARIA,REMOTA,AVANTE,1
123362,62,2020-06-02,SESSAO EXTRAORDINARIA,REMOTA,NOVO,1
123363,62,2020-06-02,SESSAO EXTRAORDINARIA,REMOTA,REDE,1
123364,62,2020-06-02,SESSAO EXTRAORDINARIA,REMOTA,REPUBLICANOS,1
123365,62,2020-06-02,SESSAO EXTRAORDINARIA,REMOTA,PDT,1
123366,62,2020-06-02,SESSAO EXTRAORDINARIA,REMOTA,MDB,1
123367,62,2020-06-02,SESSAO EXTRAORDINARIA,REMOTA,PSB,1
123368,62,2020-06-02,SESSAO EXTRAORDINARIA,REMOTA,PP,1
123369,63,2020-06-09,SESSAO EXTRAORDINARIA,REMOTA,PL,1
123370,63,2020-06-09,SESSAO EXTRAORDINARIA,REMOTA,PT,1
123371,63,2020-06-09,SESSAO EXTRAORDINARIA,REMOTA,PT,1
123372,63,2020-06-09,SESSAO EXTRAORDINARIA,REMOTA,PDT,1
123373,63,2020-06-09,SESSAO EXTRAORDINARIA,REMOTA,PL,1
123374,63,2020-06-09,SESSAO EXTRAORDINARIA,REMOTA,PROS,1
123375,63,2020-06-09,SESSAO EXTRAORDINARIA,REMOTA,REPUBLICANOS,1
123376,63,2020-06-09,SESSAO EXTRAORDINARIA,REMOTA,PTC,1
123377,63,2020-06-09,SESSAO EXTRAORDINARIA,REMOTA,PSOL,1
123378,63,2020-06-09,SESSAO EXTRAORDINARIA,REMOTA,MDB,1
123379,63,2020-06-09,SESSAO EXTRAORDINARIA,REMOTA,PSC,1
123380,63,2020-06-09,SESSAO EXTRAORDINARIA,REMOTA,PODEMOS,1
123381,63,2020-06-09,SESSAO EXTRAORDINARIA,REMOTA,PSB,1
123382,63,2020-06-09,SESSAO EXTRAORDINARIA,REMOTA,AVANTE,1
123383,63,2020-06-09,SESSAO EXTRAORDINARIA,REMOTA,NOVO,1
123384,63,2020-06-09,SESSAO EXTRAORDINARIA,REMOTA,REDE,1
123385,63,2020-06-09,SESSAO EXTRAORDINARIA,REMOTA,REPUBLICANOS,1
123386,63,2020-06-09,SESSAO EXTRAORDINARIA,REMOTA,PDT,1
123387,63,2020-06-09,SESSAO EXTRAORDINARIA,REMOTA,MDB,1
123388,63,2020-06-09,SESSAO EXTRAORDINARIA,REMOTA,AVANTE,1
123389,63,2020-06-09,SESSAO EXTRAORDINARIA,REMOTA,PSD,1
123390,63,2020-06-09,SESSAO EXTRAORDINARIA,REMOTA,PSB,1
123391,63,2020-06-09,SESSAO EXTRAORDINARIA,REMOTA,PP,1
123392,64,2020-06-10,SESSAO EXTRAORDINARIA,REMOTA,PL,1
123393,64,2020-06-10,SESSAO EXTRAORDINARIA,REMOTA,PT,1
123394,64,2020-06-10,SESSAO EXTRAORDINARIA,REMOTA,PT,1
123395,64,2020-06-10,SESSAO EXTRAORDINARIA,REMOTA,PL,1
123396,64,2020-06-10,SESSAO EXTRAORDINARIA,REMOTA,PROS,1
123397,64,2020-06-10,SESSAO EXTRAORDINARIA,REMOTA,REPUBLICANOS,1
123398,64,2020-06-10,SESSAO EXTRAORDINARIA,REMOTA,PSOL,1
123399,64,2020-06-10,SESSAO EXTRAORDINARIA,REMOTA,MDB,1
123400,64,2020-06-10,SESSAO EXTRAORDINARIA,REMOTA,PSC,1
123401,64,2020-06-10,SESSAO EXTRAORDINARIA,REMOTA,PTB,1
123402,64,2020-06-10,SESSAO EXTRAORDINARIA,REMOTA,PSB,1
123403,64,2020-06-10,SESSAO EXTRAORDINARIA,REMOTA,AVANTE,1
123404,64,2020-06-10,SESSAO EXTRAORDINARIA,REMOTA,NOVO,1
123405,64,2020-06-10,SESSAO EXTRAORDINARIA,REMOTA,REDE,1
123406,64,2020-06-10,SESSAO EXTRAORDINARIA,REMOTA,REPUBLICANOS,1
123407,64,2020-06-10,SESSAO EXTRAORDINARIA,REMOTA,PDT,1
123408,64,2020-06-10,SESSAO EXTRAORDINARIA,REMOTA,MDB,1
123409,64,2020-06-10,SESSAO EXTRAORDINARIA,REMOTA,AVANTE,1
123410,64,2020-06-10,SESSAO EXTRAORDINARIA,REMOTA,PSB,1
123411,64,2020-06-10,SESSAO EXTRAORDINARIA,REMOTA,PP,1
123412,65,2020-06-10,SESSAO EXTRAORDINARIA,REMOTA,PT,1
123413,65,2020-06-10,SESSAO EXTRAORDINARIA,REMOTA,PT,1
123414,65,2020-06-10,SESSAO EXTRAORDINARIA,REMOTA,PDT,1
123415,65,2020-06-10,SESSAO EXTRAORDINARIA,REMOTA,PL,1
123416,65,2020-06-10,SESSAO EXTRAORDINARIA,REMOTA,PROS,1
123417,65,2020-06-10,SESSAO EXTRAORDINARIA,REMOTA,REPUBLICANOS,1
123418,65,2020-06-10,SESSAO EXTRAORDINARIA,REMOTA,PTC,1
123419,65,2020-06-10,SESSAO EXTRAORDINARIA,REMOTA,PSOL,1
123420,65,2020-06-10,SESSAO EXTRAORDINARIA,REMOTA,MDB,1
123421,65,2020-06-10,SESSAO EXTRAORDINARIA,REMOTA,PSC,1
123422,65,2020-06-10,SESSAO EXTRAORDINARIA,REMOTA,PTB,1
123423,65,2020-06-10,SESSAO EXTRAORDINARIA,REMOTA,AVANTE,1
123424,65,2020-06-10,SESSAO EXTRAORDINARIA,REMOTA,NOVO,1
123425,65,2020-06-10,SESSAO EXTRAORDINARIA,REMOTA,REDE,1
123426,65,2020-06-10,SESSAO EXTRAORDINARIA,REMOTA,REPUBLICANOS,1
123427,65,2020-06-10,SESSAO EXTRAORDINARIA,REMOTA,PDT,1
123428,65,2020-06-10,SESSAO EXTRAORDINARIA,REMOTA,MDB,1
123429,65,2020-06-10,SESSAO EXTRAORDINARIA,REMOTA,AVANTE,1
123430,65,2020-06-10,SESSAO EXTRAORDINARIA,REMOTA,PSD,1
123431,65,2020-06-10,SESSAO EXTRAORDINARIA,REMOTA,PSB,1
123432,65,2020-06-10,SESSAO EXTRAORDINARIA,REMOTA,PP,1
123433,66,2020-06-10,SESSAO EXTRAORDINARIA,REMOTA,PL,1
123434,66,2020-06-10,SESSAO EXTRAORDINARIA,REMOTA,PT,1
123435,66,2020-06-10,SESSAO EXTRAORDINARIA,REMOTA,PT,1
123436,66,2020-06-10,SESSAO EXTRAORDINARIA,REMOTA,PL,1
123437,66,2020-06-10,SESSAO EXTRAORDINARIA,REMOTA,PROS,1
123438,66,2020-06-10,SESSAO EXTRAORDINARIA,REMOTA,REPUBLICANOS,1
123439,66,2020-06-10,SESSAO EXTRAORDINARIA,REMOTA,PTC,1
123440,66,2020-06-10,SESSAO EXTRAORDINARIA,REMOTA,PSOL,1
123441,66,2020-06-10,SESSAO EXTRAORDINARIA,REMOTA,MDB,1
123442,66,2020-06-10,SESSAO EXTRAORDINARIA,REMOTA,PSC,1
123443,66,2020-06-10,SESSAO EXTRAORDINARIA,REMOTA,PTB,1
123444,66,2020-06-10,SESSAO EXTRAORDINARIA,REMOTA,AVANTE,1
123445,66,2020-06-10,SESSAO EXTRAORDINARIA,REMOTA,NOVO,1
123446,66,2020-06-10,SESSAO EXTRAORDINARIA,REMOTA,REDE,1
123447,66,2020-06-10,SESSAO EXTRAORDINARIA,REMOTA,REPUBLICANOS,1
123448,66,2020-06-10,SESSAO EXTRAORDINARIA,REMOTA,PDT,1
123449,66,2020-06-10,SESSAO EXTRAORDINARIA,REMOTA,MDB,1
123450,66,2020-06-10,SESSAO EXTRAORDINARIA,REMOTA,AVANTE,1
123451,66,2020-06-10,SESSAO EXTRAORDINARIA,REMOTA,PSD,1
123452,66,2020-06-10,SESSAO EXTRAORDINARIA,REMOTA,PSB,1
123453,66,2020-06-10,SESSAO EXTRAORDINARIA,REMOTA,PP,1
123454,67,2020-06-16,SESSAO EXTRAORDINARIA,REMOTA,PL,1
123455,67,2020-06-16,SESSAO EXTRAORDINARIA,REMOTA,PT,1
123456,67,2020-06-16,SESSAO EXTRAORDINARIA,REMOTA,PT,1
123457,67,2020-06-16,SESSAO EXTRAORDINARIA,REMOTA,PDT,1
123458,67,2020-06-16,SESSAO EXTRAORDINARIA,REMOTA,PL,1
123459,67,2020-06-16,SESSAO EXTRAORDINARIA,REMOTA,PROS,1
123460,67,2020-06-16,SESSAO EXTRAORDINARIA,REMOTA,REPUBLICANOS,1
123461,67,2020-06-16,SESSAO EXTRAORDINARIA,REMOTA,PTC,1
123462,67,2020-06-16,SESSAO EXTRAORDINARIA,REMOTA,PSOL,1
123463,67,2020-06-16,SESSAO EXTRAORDINARIA,REMOTA,MDB,1
123464,67,2020-06-16,SESSAO EXTRAORDINARIA,REMOTA,PSC,1
123465,67,2020-06-16,SESSAO EXTRAORDINARIA,REMOTA,PTB,1
123466,67,2020-06-16,SESSAO EXTRAORDINARIA,REMOTA,PSB,1
123467,67,2020-06-16,SESSAO EXTRAORDINARIA,REMOTA,AVANTE,1
123468,67,2020-06-16,SESSAO EXTRAORDINARIA,REMOTA,NOVO,1
123469,67,2020-06-16,SESSAO EXTRAORDINARIA,REMOTA,REDE,1
123470,67,2020-06-16,SESSAO EXTRAORDINARIA,REMOTA,REPUBLICANOS,1
123471,67,2020-06-16,SESSAO EXTRAORDINARIA,REMOTA,PDT,1
123472,67,2020-06-16,SESSAO EXTRAORDINARIA,REMOTA,MDB,1
123473,67,2020-06-16,SESSAO EXTRAORDINARIA,REMOTA,AVANTE,1
123474,67,2020-06-16,SESSAO EXTRAORDINARIA,REMOTA,PSD,1
123475,67,2020-06-16,SESSAO EXTRAORDINARIA,REMOTA,PSB,1
123476,67,2020-06-16,SESSAO EXTRAORDINARIA,REMOTA,PP,1
123477,68,2020-06-16,SESSAO EXTRAORDINARIA,REMOTA,PT,1
123478,68,2020-06-16,SESSAO EXTRAORDINARIA,REMOTA,PT,1
123479,68,2020-06-16,SESSAO EXTRAORDINARIA,REMOTA,PDT,1
123480,68,2020-06-16,SESSAO EXTRAORDINARIA,REMOTA,PROS,1
123481,68,2020-06-16,SESSAO EXTRAORDINARIA,REMOTA,REPUBLICANOS,1
123482,68,2020-06-16,SESSAO EXTRAORDINARIA,REMOTA,PTC,1
123483,68,2020-06-16,SESSAO EXTRAORDINARIA,REMOTA,PSOL,1
123484,68,2020-06-16,SESSAO EXTRAORDINARIA,REMOTA,PSC,1
123485,68,2020-06-16,SESSAO EXTRAORDINARIA,REMOTA,AVANTE,1
123486,68,2020-06-16,SESSAO EXTRAORDINARIA,REMOTA,NOVO,1
123487,68,2020-06-16,SESSAO EXTRAORDINARIA,REMOTA,REDE,1
123488,68,2020-06-16,SESSAO EXTRAORDINARIA,REMOTA,REPUBLICANOS,1
123489,68,2020-06-16,SESSAO EXTRAORDINARIA,REMOTA,PDT,1
123490,68,2020-06-16,SESSAO EXTRAORDINARIA,REMOTA,MDB,1
123491,68,2020-06-16,SESSAO EXTRAORDINARIA,REMOTA,AVANTE,1
123492,68,2020-06-16,SESSAO EXTRAORDINARIA,REMOTA,PSD,1
123493,68,2020-06-16,SESSAO EXTRAORDINARIA,REMOTA,PSB,1
123494,68,2020-06-16,SESSAO EXTRAORDINARIA,REMOTA,PP,1
123495,69,2020-06-17,SESSAO EXTRAORDINARIA,REMOTA,PL,1
123496,69,2020-06-17,SESSAO EXTRAORDINARIA,REMOTA,PT,1
123497,69,2020-06-17,SESSAO EXTRAORDINARIA,REMOTA,PT,1
123498,69,2020-06-17,SESSAO EXTRAORDINARIA,REMOTA,PDT,1
123499,69,2020-06-17,SESSAO EXTRAORDINARIA,REMOTA,PL,1
123500,69,2020-06-17,SESSAO EXTRAORDINARIA,REMOTA,PROS,1
123501,69,2020-06-17,SESSAO EXTRAORDINARIA,REMOTA,REPUBLICANOS,1
123502,69,2020-06-17,SESSAO EXTRAORDINARIA,REMOTA,PTC,1
123503,69,2020-06-17,SESSAO EXTRAORDINARIA,REMOTA,PSOL,1
123504,69,2020-06-17,SESSAO EXTRAORDINARIA,REMOTA,PSC,1
123505,69,2020-06-17,SESSAO EXTRAORDINARIA,REMOTA,PTB,1
123506,69,2020-06-17,SESSAO EXTRAORDINARIA,REMOTA,PODEMOS,1
123507,69,2020-06-17,SESSAO EXTRAORDINARIA,REMOTA,PSB,1
123508,69,2020-06-17,SESSAO EXTRAORDINARIA,REMOTA,AVANTE,1
123509,69,2020-06-17,SESSAO EXTRAORDINARIA,REMOTA,NOVO,1
123510,69,2020-06-17,SESSAO EXTRAORDINARIA,REMOTA,REDE,1
123511,69,2020-06-17,SESSAO EXTRAORDINARIA,REMOTA,REPUBLICANOS,1
123512,69,2020-06-17,SESSAO EXTRAORDINARIA,REMOTA,PDT,1
123513,69,2020-06-17,SESSAO EXTRAORDINARIA,REMOTA,MDB,1
123514,69,2020-06-17,SESSAO EXTRAORDINARIA,REMOTA,AVANTE,1
123515,69,2020-06-17,SESSAO EXTRAORDINARIA,REMOTA,PSD,1
123516,69,2020-06-17,SESSAO EXTRAORDINARIA,REMOTA,PSB,1
123517,69,2020-06-17,SESSAO EXTRAORDINARIA,REMOTA,PP,1
123518,70,2020-06-17,SESSAO EXTRAORDINARIA,REMOTA,PT,1
123519,70,2020-06-17,SESSAO EXTRAORDINARIA,REMOTA,PT,1
123520,70,2020-06-17,SESSAO EXTRAORDINARIA,REMOTA,PDT,1
123521,70,2020-06-17,SESSAO EXTRAORDINARIA,REMOTA,PL,1
123522,70,2020-06-17,SESSAO EXTRAORDINARIA,REMOTA,PROS,1
123523,70,2020-06-17,SESSAO EXTRAORDINARIA,REMOTA,REPUBLICANOS,1
123524,70,2020-06-17,SESSAO EXTRAORDINARIA,REMOTA,PTC,1
123525,70,2020-06-17,SESSAO EXTRAORDINARIA,REMOTA,PSOL,1
123526,70,2020-06-17,SESSAO EXTRAORDINARIA,REMOTA,PTB,1
123527,70,2020-06-17,SESSAO EXTRAORDINARIA,REMOTA,PSB,1
123528,70,2020-06-17,SESSAO EXTRAORDINARIA,REMOTA,AVANTE,1
123529,70,2020-06-17,SESSAO EXTRAORDINARIA,REMOTA,NOVO,1
123530,70,2020-06-17,SESSAO EXTRAORDINARIA,REMOTA,REDE,1
123531,70,2020-06-17,SESSAO EXTRAORDINARIA,REMOTA,REPUBLICANOS,1
123532,70,2020-06-17,SESSAO EXTRAORDINARIA,REMOTA,PDT,1
123533,70,2020-06-17,SESSAO EXTRAORDINARIA,REMOTA,MDB,1
123534,70,2020-06-17,SESSAO EXTRAORDINARIA,REMOTA,AVANTE,1
123535,70,2020-06-17,SESSAO EXTRAORDINARIA,REMOTA,PSB,1
123536,70,2020-06-17,SESSAO EXTRAORDINARIA,REMOTA,PP,1
123537,71,2020-06-18,SESSAO EXTRAORDINARIA,REMOTA,PL,1
123538,71,2020-06-18,SESSAO EXTRAORDINARIA,REMOTA,PT,1
123539,71,2020-06-18,SESSAO EXTRAORDINARIA,REMOTA,PT,1
123540,71,2020-06-18,SESSAO EXTRAORDINARIA,REMOTA,PL,1
123541,71,2020-06-18,SESSAO EXTRAORDINARIA,REMOTA,PROS,1
123542,71,2020-06-18,SESSAO EXTRAORDINARIA,REMOTA,REPUBLICANOS,1
123543,71,2020-06-18,SESSAO EXTRAORDINARIA,REMOTA,PTC,1
123544,71,2020-06-18,SESSAO EXTRAORDINARIA,REMOTA,PSOL,1
123545,71,2020-06-18,SESSAO EXTRAORDINARIA,REMOTA,MDB,1
123546,71,2020-06-18,SESSAO EXTRAORDINARIA,REMOTA,PSC,1
123547,71,2020-06-18,SESSAO EXTRAORDINARIA,REMOTA,PTB,1
123548,71,2020-06-18,SESSAO EXTRAORDINARIA,REMOTA,PODEMOS,1
123549,71,2020-06-18,SESSAO EXTRAORDINARIA,REMOTA,PSB,1
123550,71,2020-06-18,SESSAO EXTRAORDINARIA,REMOTA,AVANTE,1
123551,71,2020-06-18,SESSAO EXTRAORDINARIA,REMOTA,NOVO,1
123552,71,2020-06-18,SESSAO EXTRAORDINARIA,REMOTA,REDE,1
123553,71,2020-06-18,SESSAO EXTRAORDINARIA,REMOTA,REPUBLICANOS,1
123554,71,2020-06-18,SESSAO EXTRAORDINARIA,REMOTA,PDT,1
123555,71,2020-06-18,SESSAO EXTRAORDINARIA,REMOTA,MDB,1
123556,71,2020-06-18,SESSAO EXTRAORDINARIA,REMOTA,AVANTE,1
123557,71,2020-06-18,SESSAO EXTRAORDINARIA,REMOTA,PSB,1
123558,71,2020-06-18,SESSAO EXTRAORDINARIA,REMOTA,PP,1
123559,72,2020-06-23,SESSAO EXTRAORDINARIA,REMOTA,PL,1
123560,72,2020-06-23,SESSAO EXTRAORDINARIA,REMOTA,PT,1
123561,72,2020-06-23,SESSAO EXTRAORDINARIA,REMOTA,PT,1
123562,72,2020-06-23,SESSAO EXTRAORDINARIA,REMOTA,PDT,1
123563,72,2020-06-23,SESSAO EXTRAORDINARIA,REMOTA,PL,1
123564,72,2020-06-23,SESSAO EXTRAORDINARIA,REMOTA,PROS,1
123565,72,2020-06-23,SESSAO EXTRAORDINARIA,REMOTA,REPUBLICANOS,1
123566,72,2020-06-23,SESSAO EXTRAORDINARIA,REMOTA,PTC,1
123567,72,2020-06-23,SESSAO EXTRAORDINARIA,REMOTA,PSOL,1
123568,72,2020-06-23,SESSAO EXTRAORDINARIA,REMOTA,MDB,1
123569,72,2020-06-23,SESSAO EXTRAORDINARIA,REMOTA,PSC,1
123570,72,2020-06-23,SESSAO EXTRAORDINARIA,REMOTA,PTB,1
123571,72,2020-06-23,SESSAO EXTRAORDINARIA,REMOTA,PODEMOS,1
123572,72,2020-06-23,SESSAO EXTRAORDINARIA,REMOTA,PSB,1
123573,72,2020-06-23,SESSAO EXTRAORDINARIA,REMOTA,AVANTE,1
123574,72,2020-06-23,SESSAO EXTRAORDINARIA,REMOTA,NOVO,1
123575,72,2020-06-23,SESSAO EXTRAORDINARIA,REMOTA,REDE,1
123576,72,2020-06-23,SESSAO EXTRAORDINARIA,REMOTA,REPUBLICANOS,1
123577,72,2020-06-23,SESSAO EXTRAORDINARIA,REMOTA,PDT,1
123578,72,2020-06-23,SESSAO EXTRAORDINARIA,REMOTA,MDB,1
123579,72,2020-06-23,SESSAO EXTRAORDINARIA,REMOTA,AVANTE,1
123580,72,2020-06-23,SESSAO EXTRAORDINARIA,REMOTA,PSD,1
123581,72,2020-06-23,SESSAO EXTRAORDINARIA,REMOTA,PSB,1
123582,72,2020-06-23,SESSAO EXTRAORDINARIA,REMOTA,PP,1
123583,73,2020-06-24,SESSAO EXTRAORDINARIA,REMOTA,PL,1
123584,73,2020-06-24,SESSAO EXTRAORDINARIA,REMOTA,PT,1
123585,73,2020-06-24,SESSAO EXTRAORDINARIA,REMOTA,PT,1
123586,73,2020-06-24,SESSAO EXTRAORDINARIA,REMOTA,PDT,1
123587,73,2020-06-24,SESSAO EXTRAORDINARIA,REMOTA,PL,1
123588,73,2020-06-24,SESSAO EXTRAORDINARIA,REMOTA,PROS,1
123589,73,2020-06-24,SESSAO EXTRAORDINARIA,REMOTA,REPUBLICANOS,1
123590,73,2020-06-24,SESSAO EXTRAORDINARIA,REMOTA,PTC,1
123591,73,2020-06-24,SESSAO EXTRAORDINARIA,REMOTA,PSOL,1
123592,73,2020-06-24,SESSAO EXTRAORDINARIA,REMOTA,MDB,1
123593,73,2020-06-24,SESSAO EXTRAORDINARIA,REMOTA,PSC,1
123594,73,2020-06-24,SESSAO EXTRAORDINARIA,REMOTA,PTB,1
123595,73,2020-06-24,SESSAO EXTRAORDINARIA,REMOTA,PODEMOS,1
123596,73,2020-06-24,SESSAO EXTRAORDINARIA,REMOTA,PSB,1
123597,73,2020-06-24,SESSAO EXTRAORDINARIA,REMOTA,AVANTE,1
123598,73,2020-06-24,SESSAO EXTRAORDINARIA,REMOTA,NOVO,1
123599,73,2020-06-24,SESSAO EXTRAORDINARIA,REMOTA,REDE,1
123600,73,2020-06-24,SESSAO EXTRAORDINARIA,REMOTA,REPUBLICANOS,1
123601,73,2020-06-24,SESSAO EXTRAORDINARIA,REMOTA,PDT,1
123602,73,2020-06-24,SESSAO EXTRAORDINARIA,REMOTA,MDB,1
123603,73,2020-06-24,SESSAO EXTRAORDINARIA,REMOTA,AVANTE,1
123604,73,2020-06-24,SESSAO EXTRAORDINARIA,REMOTA,PSD,1
123605,73,2020-06-24,SESSAO EXTRAORDINARIA,REMOTA,PSB,1
123606,73,2020-06-24,SESSAO EXTRAORDINARIA,REMOTA,PP,1
123607,74,2020-06-24,SESSAO EXTRAORDINARIA,REMOTA,PL,1
123608,74,2020-06-24,SESSAO EXTRAORDINARIA,REMOTA,PT,1
123609,74,2020-06-24,SESSAO EXTRAORDINARIA,REMOTA,PT,1
123610,74,2020-06-24,SESSAO EXTRAORDINARIA,REMOTA,PDT,1
123611,74,2020-06-24,SESSAO EXTRAORDINARIA,REMOTA,PROS,1
123612,74,2020-06-24,SESSAO EXTRAORDINARIA,REMOTA,REPUBLICANOS,1
123613,74,2020-06-24,SESSAO EXTRAORDINARIA,REMOTA,PSOL,1
123614,74,2020-06-24,SESSAO EXTRAORDINARIA,REMOTA,PTB,1
123615,74,2020-06-24,SESSAO EXTRAORDINARIA,REMOTA,PODEMOS,1
123616,74,2020-06-24,SESSAO EXTRAORDINARIA,REMOTA,AVANTE,1
123617,74,2020-06-24,SESSAO EXTRAORDINARIA,REMOTA,NOVO,1
123618,74,2020-06-24,SESSAO EXTRAORDINARIA,REMOTA,REDE,1
123619,74,2020-06-24,SESSAO EXTRAORDINARIA,REMOTA,REPUBLICANOS,1
123620,74,2020-06-24,SESSAO EXTRAORDINARIA,REMOTA,PDT,1
123621,74,2020-06-24,SESSAO EXTRAORDINARIA,REMOTA,MDB,1
123622,74,2020-06-24,SESSAO EXTRAORDINARIA,REMOTA,AVANTE,1
123623,74,2020-06-24,SESSAO EXTRAORDINARIA,REMOTA,PP,1
123624,75,2020-06-30,SESSAO EXTRAORDINARIA,REMOTA,PL,1
123625,75,2020-06-30,SESSAO EXTRAORDINARIA,REMOTA,PT,1
123626,75,2020-06-30,SESSAO EXTRAORDINARIA,REMOTA,PT,1
123627,75,2020-06-30,SESSAO EXTRAORDINARIA,REMOTA,PDT,1
123628,75,2020-06-30,SESSAO EXTRAORDINARIA,REMOTA,PL,1
123629,75,2020-06-30,SESSAO EXTRAORDINARIA,REMOTA,PROS,1
123630,75,2020-06-30,SESSAO EXTRAORDINARIA,REMOTA,REPUBLICANOS,1
123631,75,2020-06-30,SESSAO EXTRAORDINARIA,REMOTA,PTC,1
123632,75,2020-06-30,SESSAO EXTRAORDINARIA,REMOTA,PSOL,1
123633,75,2020-06-30,SESSAO EXTRAORDINARIA,REMOTA,MDB,1
123634,75,2020-06-30,SESSAO EXTRAORDINARIA,REMOTA,PSC,1
123635,75,2020-06-30,SESSAO EXTRAORDINARIA,REMOTA,PTB,1
123636,75,2020-06-30,SESSAO EXTRAORDINARIA,REMOTA,PODEMOS,1
123637,75,2020-06-30,SESSAO EXTRAORDINARIA,REMOTA,PSB,1
123638,75,2020-06-30,SESSAO EXTRAORDINARIA,REMOTA,AVANTE,1
123639,75,2020-06-30,SESSAO EXTRAORDINARIA,REMOTA,NOVO,1
123640,75,2020-06-30,SESSAO EXTRAORDINARIA,REMOTA,REDE,1
123641,75,2020-06-30,SESSAO EXTRAORDINARIA,REMOTA,REPUBLICANOS,1
123642,75,2020-06-30,SESSAO EXTRAORDINARIA,REMOTA,PDT,1
123643,75,2020-06-30,SESSAO EXTRAORDINARIA,REMOTA,MDB,1
123644,75,2020-06-30,SESSAO EXTRAORDINARIA,REMOTA,AVANTE,1
123645,75,2020-06-30,SESSAO EXTRAORDINARIA,REMOTA,PSD,1
123646,75,2020-06-30,SESSAO EXTRAORDINARIA,REMOTA,PSB,1
123647,75,2020-06-30,SESSAO EXTRAORDINARIA,REMOTA,PP,1
123648,76,2020-06-30,SESSAO EXTRAORDINARIA,REMOTA,PT,1
123649,76,2020-06-30,SESSAO EXTRAORDINARIA,REMOTA,PT,1
123650,76,2020-06-30,SESSAO EXTRAORDINARIA,REMOTA,PDT,1
123651,76,2020-06-30,SESSAO EXTRAORDINARIA,REMOTA,PL,1
123652,76,2020-06-30,SESSAO EXTRAORDINARIA,REMOTA,PROS,1
123653,76,2020-06-30,SESSAO EXTRAORDINARIA,REMOTA,REPUBLICANOS,1
123654,76,2020-06-30,SESSAO EXTRAORDINARIA,REMOTA,PTC,1
123655,76,2020-06-30,SESSAO EXTRAORDINARIA,REMOTA,PSOL,1
123656,76,2020-06-30,SESSAO EXTRAORDINARIA,REMOTA,MDB,1
123657,76,2020-06-30,SESSAO EXTRAORDINARIA,REMOTA,PSC,1
123658,76,2020-06-30,SESSAO EXTRAORDINARIA,REMOTA,PTB,1
123659,76,2020-06-30,SESSAO EXTRAORDINARIA,REMOTA,PODEMOS,1
123660,76,2020-06-30,SESSAO EXTRAORDINARIA,REMOTA,PSB,1
123661,76,2020-06-30,SESSAO EXTRAORDINARIA,REMOTA,AVANTE,1
123662,76,2020-06-30,SESSAO EXTRAORDINARIA,REMOTA,NOVO,1
123663,76,2020-06-30,SESSAO EXTRAORDINARIA,REMOTA,REDE,1
123664,76,2020-06-30,SESSAO EXTRAORDINARIA,REMOTA,REPUBLICANOS,1
123665,76,2020-06-30,SESSAO EXTRAORDINARIA,REMOTA,PDT,1
123666,76,2020-06-30,SESSAO EXTRAORDINARIA,REMOTA,MDB,1
123667,76,2020-06-30,SESSAO EXTRAORDINARIA,REMOTA,AVANTE,1
123668,76,2020-06-30,SESSAO EXTRAORDINARIA,REMOTA,PSD,1
123669,76,2020-06-30,SESSAO EXTRAORDINARIA,REMOTA,PSB,1
123670,76,2020-06-30,SESSAO EXTRAORDINARIA,REMOTA,PP,1
123671,77,2020-08-04,SESSAO EXTRAORDINARIA,REMOTA,PL,1
123672,77,2020-08-04,SESSAO EXTRAORDINARIA,REMOTA,PT,1
123673,77,2020-08-04,SESSAO EXTRAORDINARIA,REMOTA,PT,1
123674,77,2020-08-04,SESSAO EXTRAORDINARIA,REMOTA,PDT,1
123675,77,2020-08-04,SESSAO EXTRAORDINARIA,REMOTA,PL,1
123676,77,2020-08-04,SESSAO EXTRAORDINARIA,REMOTA,PROS,1
123677,77,2020-08-04,SESSAO EXTRAORDINARIA,REMOTA,REPUBLICANOS,1
123678,77,2020-08-04,SESSAO EXTRAORDINARIA,REMOTA,PSOL,1
123679,77,2020-08-04,SESSAO EXTRAORDINARIA,REMOTA,MDB,1
123680,77,2020-08-04,SESSAO EXTRAORDINARIA,REMOTA,PSC,1
123681,77,2020-08-04,SESSAO EXTRAORDINARIA,REMOTA,PTB,1
123682,77,2020-08-04,SESSAO EXTRAORDINARIA,REMOTA,PODEMOS,1
123683,77,2020-08-04,SESSAO EXTRAORDINARIA,REMOTA,AVANTE,1
123684,77,2020-08-04,SESSAO EXTRAORDINARIA,REMOTA,NOVO,1
123685,77,2020-08-04,SESSAO EXTRAORDINARIA,REMOTA,REDE,1
123686,77,2020-08-04,SESSAO EXTRAORDINARIA,REMOTA,REPUBLICANOS,1
123687,77,2020-08-04,SESSAO EXTRAORDINARIA,REMOTA,PDT,1
123688,77,2020-08-04,SESSAO EXTRAORDINARIA,REMOTA,MDB,1
123689,77,2020-08-04,SESSAO EXTRAORDINARIA,REMOTA,AVANTE,2
123690,77,2020-08-04,SESSAO EXTRAORDINARIA,REMOTA,PSB,1
123691,77,2020-08-04,SESSAO EXTRAORDINARIA,REMOTA,PP,1
123692,78,2020-08-05,SESSAO EXTRAORDINARIA,REMOTA,PL,1
123693,78,2020-08-05,SESSAO EXTRAORDINARIA,REMOTA,PT,1
123694,78,2020-08-05,SESSAO EXTRAORDINARIA,REMOTA,PT,1
123695,78,2020-08-05,SESSAO EXTRAORDINARIA,REMOTA,PDT,1
123696,78,2020-08-05,SESSAO EXTRAORDINARIA,REMOTA,PL,1
123697,78,2020-08-05,SESSAO EXTRAORDINARIA,REMOTA,PROS,1
123698,78,2020-08-05,SESSAO EXTRAORDINARIA,REMOTA,REPUBLICANOS,1
123699,78,2020-08-05,SESSAO EXTRAORDINARIA,REMOTA,PSOL,1
123700,78,2020-08-05,SESSAO EXTRAORDINARIA,REMOTA,MDB,1
123701,78,2020-08-05,SESSAO EXTRAORDINARIA,REMOTA,PSC,1
123702,78,2020-08-05,SESSAO EXTRAORDINARIA,REMOTA,PTB,1
123703,78,2020-08-05,SESSAO EXTRAORDINARIA,REMOTA,AVANTE,1
123704,78,2020-08-05,SESSAO EXTRAORDINARIA,REMOTA,NOVO,1
123705,78,2020-08-05,SESSAO EXTRAORDINARIA,REMOTA,REDE,1
123706,78,2020-08-05,SESSAO EXTRAORDINARIA,REMOTA,REPUBLICANOS,1
123707,78,2020-08-05,SESSAO EXTRAORDINARIA,REMOTA,PDT,1
123708,78,2020-08-05,SESSAO EXTRAORDINARIA,REMOTA,AVANTE,1
123709,78,2020-08-05,SESSAO EXTRAORDINARIA,REMOTA,PP,1
123710,79,2020-08-11,SESSAO EXTRAORDINARIA,REMOTA,PL,1
123711,79,2020-08-11,SESSAO EXTRAORDINARIA,REMOTA,PT,1
123712,79,2020-08-11,SESSAO EXTRAORDINARIA,REMOTA,PT,1
123713,79,2020-08-11,SESSAO EXTRAORDINARIA,REMOTA,PDT,1
123714,79,2020-08-11,SESSAO EXTRAORDINARIA,REMOTA,PL,1
123715,79,2020-08-11,SESSAO EXTRAORDINARIA,REMOTA,PROS,1
123716,79,2020-08-11,SESSAO EXTRAORDINARIA,REMOTA,REPUBLICANOS,1
123717,79,2020-08-11,SESSAO EXTRAORDINARIA,REMOTA,PSOL,1
123718,79,2020-08-11,SESSAO EXTRAORDINARIA,REMOTA,MDB,1
123719,79,2020-08-11,SESSAO EXTRAORDINARIA,REMOTA,PSC,1
123720,79,2020-08-11,SESSAO EXTRAORDINARIA,REMOTA,PTB,1
123721,79,2020-08-11,SESSAO EXTRAORDINARIA,REMOTA,PODEMOS,1
123722,79,2020-08-11,SESSAO EXTRAORDINARIA,REMOTA,AVANTE,1
123723,79,2020-08-11,SESSAO EXTRAORDINARIA,REMOTA,NOVO,1
123724,79,2020-08-11,SESSAO EXTRAORDINARIA,REMOTA,REDE,1
123725,79,2020-08-11,SESSAO EXTRAORDINARIA,REMOTA,REPUBLICANOS,1
123726,79,2020-08-11,SESSAO EXTRAORDINARIA,REMOTA,PDT,1
123727,79,2020-08-11,SESSAO EXTRAORDINARIA,REMOTA,MDB,1
123728,79,2020-08-11,SESSAO EXTRAORDINARIA,REMOTA,AVANTE,1
123729,79,2020-08-11,SESSAO EXTRAORDINARIA,REMOTA,PSD,1
123730,79,2020-08-11,SESSAO EXTRAORDINARIA,REMOTA,PSB,1
123731,79,2020-08-11,SESSAO EXTRAORDINARIA,REMOTA,PP,1
123732,80,2020-08-11,SESSAO EXTRAORDINARIA,REMOTA,PL,1
123733,80,2020-08-11,SESSAO EXTRAORDINARIA,REMOTA,PT,1
123734,80,2020-08-11,SESSAO EXTRAORDINARIA,REMOTA,PT,1
123735,80,2020-08-11,SESSAO EXTRAORDINARIA,REMOTA,PDT,1
123736,80,2020-08-11,SESSAO EXTRAORDINARIA,REMOTA,PROS,1
123737,80,2020-08-11,SESSAO EXTRAORDINARIA,REMOTA,REPUBLICANOS,1
123738,80,2020-08-11,SESSAO EXTRAORDINARIA,REMOTA,PSOL,1
123739,80,2020-08-11,SESSAO EXTRAORDINARIA,REMOTA,MDB,1
123740,80,2020-08-11,SESSAO EXTRAORDINARIA,REMOTA,PSC,1
123741,80,2020-08-11,SESSAO EXTRAORDINARIA,REMOTA,PTB,1
123742,80,2020-08-11,SESSAO EXTRAORDINARIA,REMOTA,PODEMOS,1
123743,80,2020-08-11,SESSAO EXTRAORDINARIA,REMOTA,AVANTE,1
123744,80,2020-08-11,SESSAO EXTRAORDINARIA,REMOTA,NOVO,1
123745,80,2020-08-11,SESSAO EXTRAORDINARIA,REMOTA,REDE,1
123746,80,2020-08-11,SESSAO EXTRAORDINARIA,REMOTA,REPUBLICANOS,1
123747,80,2020-08-11,SESSAO EXTRAORDINARIA,REMOTA,PDT,1
123748,80,2020-08-11,SESSAO EXTRAORDINARIA,REMOTA,MDB,1
123749,80,2020-08-11,SESSAO EXTRAORDINARIA,REMOTA,PSD,1
123750,80,2020-08-11,SESSAO EXTRAORDINARIA,REMOTA,PP,1
123751,81,2020-08-12,SESSAO EXTRAORDINARIA,REMOTA,PT,1
123752,81,2020-08-12,SESSAO EXTRAORDINARIA,REMOTA,PT,1
123753,81,2020-08-12,SESSAO EXTRAORDINARIA,REMOTA,PDT,1
123754,81,2020-08-12,SESSAO EXTRAORDINARIA,REMOTA,PROS,1
123755,81,2020-08-12,SESSAO EXTRAORDINARIA,REMOTA,REPUBLICANOS,1
123756,81,2020-08-12,SESSAO EXTRAORDINARIA,REMOTA,PSOL,1
123757,81,2020-08-12,SESSAO EXTRAORDINARIA,REMOTA,PSC,1
123758,81,2020-08-12,SESSAO EXTRAORDINARIA,REMOTA,PTB,1
123759,81,2020-08-12,SESSAO EXTRAORDINARIA,REMOTA,AVANTE,1
123760,81,2020-08-12,SESSAO EXTRAORDINARIA,REMOTA,NOVO,1
123761,81,2020-08-12,SESSAO EXTRAORDINARIA,REMOTA,REDE,1
123762,81,2020-08-12,SESSAO EXTRAORDINARIA,REMOTA,REPUBLICANOS,1
123763,81,2020-08-12,SESSAO EXTRAORDINARIA,REMOTA,PDT,1
123764,81,2020-08-12,SESSAO EXTRAORDINARIA,REMOTA,MDB,1
123765,81,2020-08-12,SESSAO EXTRAORDINARIA,REMOTA,PP,1
123766,82,2020-08-12,SESSAO EXTRAORDINARIA,REMOTA,PL,1
123767,82,2020-08-12,SESSAO EXTRAORDINARIA,REMOTA,PT,1
123768,82,2020-08-12,SESSAO EXTRAORDINARIA,REMOTA,PT,1
123769,82,2020-08-12,SESSAO EXTRAORDINARIA,REMOTA,PDT,1
123770,82,2020-08-12,SESSAO EXTRAORDINARIA,REMOTA,PL,1
123771,82,2020-08-12,SESSAO EXTRAORDINARIA,REMOTA,PROS,1
123772,82,2020-08-12,SESSAO EXTRAORDINARIA,REMOTA,REPUBLICANOS,1
123773,82,2020-08-12,SESSAO EXTRAORDINARIA,REMOTA,PSOL,1
123774,82,2020-08-12,SESSAO EXTRAORDINARIA,REMOTA,MDB,1
123775,82,2020-08-12,SESSAO EXTRAORDINARIA,REMOTA,PTB,1
123776,82,2020-08-12,SESSAO EXTRAORDINARIA,REMOTA,PODEMOS,1
123777,82,2020-08-12,SESSAO EXTRAORDINARIA,REMOTA,AVANTE,1
123778,82,2020-08-12,SESSAO EXTRAORDINARIA,REMOTA,NOVO,1
123779,82,2020-08-12,SESSAO EXTRAORDINARIA,REMOTA,REDE,1
123780,82,2020-08-12,SESSAO EXTRAORDINARIA,REMOTA,REPUBLICANOS,1
123781,82,2020-08-12,SESSAO EXTRAORDINARIA,REMOTA,PDT,1
123782,82,2020-08-12,SESSAO EXTRAORDINARIA,REMOTA,MDB,1
123783,82,2020-08-12,SESSAO EXTRAORDINARIA,REMOTA,AVANTE,1
123784,82,2020-08-12,SESSAO EXTRAORDINARIA,REMOTA,PSD,1
123785,82,2020-08-12,SESSAO EXTRAORDINARIA,REMOTA,PSB,1
123786,82,2020-08-12,SESSAO EXTRAORDINARIA,REMOTA,PP,1
123787,83,2020-08-18,SESSAO EXTRAORDINARIA,REMOTA,PL,1
123788,83,2020-08-18,SESSAO EXTRAORDINARIA,REMOTA,PT,1
123789,83,2020-08-18,SESSAO EXTRAORDINARIA,REMOTA,PT,1
123790,83,2020-08-18,SESSAO EXTRAORDINARIA,REMOTA,PDT,1
123791,83,2020-08-18,SESSAO EXTRAORDINARIA,REMOTA,PL,1
123792,83,2020-08-18,SESSAO EXTRAORDINARIA,REMOTA,PROS,1
123793,83,2020-08-18,SESSAO EXTRAORDINARIA,REMOTA,REPUBLICANOS,1
123794,83,2020-08-18,SESSAO EXTRAORDINARIA,REMOTA,PTC,1
123795,83,2020-08-18,SESSAO EXTRAORDINARIA,REMOTA,PSOL,1
123796,83,2020-08-18,SESSAO EXTRAORDINARIA,REMOTA,MDB,1
123797,83,2020-08-18,SESSAO EXTRAORDINARIA,REMOTA,PSC,1
123798,83,2020-08-18,SESSAO EXTRAORDINARIA,REMOTA,PTB,1
123799,83,2020-08-18,SESSAO EXTRAORDINARIA,REMOTA,PODEMOS,1
123800,83,2020-08-18,SESSAO EXTRAORDINARIA,REMOTA,PSB,1
123801,83,2020-08-18,SESSAO EXTRAORDINARIA,REMOTA,AVANTE,1
123802,83,2020-08-18,SESSAO EXTRAORDINARIA,REMOTA,NOVO,1
123803,83,2020-08-18,SESSAO EXTRAORDINARIA,REMOTA,REDE,1
123804,83,2020-08-18,SESSAO EXTRAORDINARIA,REMOTA,REPUBLICANOS,1
123805,83,2020-08-18,SESSAO EXTRAORDINARIA,REMOTA,PDT,1
123806,83,2020-08-18,SESSAO EXTRAORDINARIA,REMOTA,MDB,1
123807,83,2020-08-18,SESSAO EXTRAORDINARIA,REMOTA,AVANTE,1
123808,83,2020-08-18,SESSAO EXTRAORDINARIA,REMOTA,PSD,1
123809,83,2020-08-18,SESSAO EXTRAORDINARIA,REMOTA,PSB,1
123810,83,2020-08-18,SESSAO EXTRAORDINARIA,REMOTA,PP,1
123811,84,2020-08-19,SESSAO EXTRAORDINARIA,REMOTA,PL,1
123812,84,2020-08-19,SESSAO EXTRAORDINARIA,REMOTA,PT,1
123813,84,2020-08-19,SESSAO EXTRAORDINARIA,REMOTA,PT,1
123814,84,2020-08-19,SESSAO EXTRAORDINARIA,REMOTA,PDT,1
123815,84,2020-08-19,SESSAO EXTRAORDINARIA,REMOTA,PROS,1
123816,84,2020-08-19,SESSAO EXTRAORDINARIA,REMOTA,REPUBLICANOS,1
123817,84,2020-08-19,SESSAO EXTRAORDINARIA,REMOTA,PTC,1
123818,84,2020-08-19,SESSAO EXTRAORDINARIA,REMOTA,PSOL,1
123819,84,2020-08-19,SESSAO EXTRAORDINARIA,REMOTA,MDB,2
123820,84,2020-08-19,SESSAO EXTRAORDINARIA,REMOTA,PSC,1
123821,84,2020-08-19,SESSAO EXTRAORDINARIA,REMOTA,PODEMOS,2
123822,84,2020-08-19,SESSAO EXTRAORDINARIA,REMOTA,PSB,1
123823,84,2020-08-19,SESSAO EXTRAORDINARIA,REMOTA,AVANTE,1
123824,84,2020-08-19,SESSAO EXTRAORDINARIA,REMOTA,NOVO,1
123825,84,2020-08-19,SESSAO EXTRAORDINARIA,REMOTA,REDE,1
123826,84,2020-08-19,SESSAO EXTRAORDINARIA,REMOTA,REPUBLICANOS,1
123827,84,2020-08-19,SESSAO EXTRAORDINARIA,REMOTA,PDT,1
123828,84,2020-08-19,SESSAO EXTRAORDINARIA,REMOTA,MDB,1
123829,84,2020-08-19,SESSAO EXTRAORDINARIA,REMOTA,AVANTE,1
123830,84,2020-08-19,SESSAO EXTRAORDINARIA,REMOTA,PSB,1
123831,84,2020-08-19,SESSAO EXTRAORDINARIA,REMOTA,PP,1
123832,85,2020-08-19,SESSAO EXTRAORDINARIA,REMOTA,PL,1
123833,85,2020-08-19,SESSAO EXTRAORDINARIA,REMOTA,PT,1
123834,85,2020-08-19,SESSAO EXTRAORDINARIA,REMOTA,PT,1
123835,85,2020-08-19,SESSAO EXTRAORDINARIA,REMOTA,PDT,1
123836,85,2020-08-19,SESSAO EXTRAORDINARIA,REMOTA,PROS,1
123837,85,2020-08-19,SESSAO EXTRAORDINARIA,REMOTA,REPUBLICANOS,1
123838,85,2020-08-19,SESSAO EXTRAORDINARIA,REMOTA,PSOL,1
123839,85,2020-08-19,SESSAO EXTRAORDINARIA,REMOTA,PSC,1
123840,85,2020-08-19,SESSAO EXTRAORDINARIA,REMOTA,PODEMOS,1
123841,85,2020-08-19,SESSAO EXTRAORDINARIA,REMOTA,AVANTE,1
123842,85,2020-08-19,SESSAO EXTRAORDINARIA,REMOTA,REDE,1
123843,85,2020-08-19,SESSAO EXTRAORDINARIA,REMOTA,REPUBLICANOS,1
123844,85,2020-08-19,SESSAO EXTRAORDINARIA,REMOTA,PDT,1
123845,85,2020-08-19,SESSAO EXTRAORDINARIA,REMOTA,MDB,1
123846,85,2020-08-19,SESSAO EXTRAORDINARIA,REMOTA,AVANTE,1
123847,85,2020-08-19,SESSAO EXTRAORDINARIA,REMOTA,PP,1
123848,86,2020-08-25,SESSAO EXTRAORDINARIA,REMOTA,PL,1
123849,86,2020-08-25,SESSAO EXTRAORDINARIA,REMOTA,PT,1
123850,86,2020-08-25,SESSAO EXTRAORDINARIA,REMOTA,PT,1
123851,86,2020-08-25,SESSAO EXTRAORDINARIA,REMOTA,PDT,1
123852,86,2020-08-25,SESSAO EXTRAORDINARIA,REMOTA,PL,1
123853,86,2020-08-25,SESSAO EXTRAORDINARIA,REMOTA,PROS,1
123854,86,2020-08-25,SESSAO EXTRAORDINARIA,REMOTA,PSOL,1
123855,86,2020-08-25,SESSAO EXTRAORDINARIA,REMOTA,PSC,1
123856,86,2020-08-25,SESSAO EXTRAORDINARIA,REMOTA,PODEMOS,1
123857,86,2020-08-25,SESSAO EXTRAORDINARIA,REMOTA,AVANTE,1
123858,86,2020-08-25,SESSAO EXTRAORDINARIA,REMOTA,NOVO,1
123859,86,2020-08-25,SESSAO EXTRAORDINARIA,REMOTA,REDE,1
123860,86,2020-08-25,SESSAO EXTRAORDINARIA,REMOTA,REPUBLICANOS,1
123861,86,2020-08-25,SESSAO EXTRAORDINARIA,REMOTA,PDT,1
123862,86,2020-08-25,SESSAO EXTRAORDINARIA,REMOTA,MDB,1
123863,86,2020-08-25,SESSAO EXTRAORDINARIA,REMOTA,PSB,1
123864,86,2020-08-25,SESSAO EXTRAORDINARIA,REMOTA,PP,1
123865,87,2020-08-26,SESSAO EXTRAORDINARIA,REMOTA,PL,1
123866,87,2020-08-26,SESSAO EXTRAORDINARIA,REMOTA,PT,1
123867,87,2020-08-26,SESSAO EXTRAORDINARIA,REMOTA,PT,1
123868,87,2020-08-26,SESSAO EXTRAORDINARIA,REMOTA,PDT,1
123869,87,2020-08-26,SESSAO EXTRAORDINARIA,REMOTA,PROS,1
123870,87,2020-08-26,SESSAO EXTRAORDINARIA,REMOTA,REPUBLICANOS,1
123871,87,2020-08-26,SESSAO EXTRAORDINARIA,REMOTA,PTC,1
123872,87,2020-08-26,SESSAO EXTRAORDINARIA,REMOTA,PSOL,1
123873,87,2020-08-26,SESSAO EXTRAORDINARIA,REMOTA,MDB,1
123874,87,2020-08-26,SESSAO EXTRAORDINARIA,REMOTA,PODEMOS,1
123875,87,2020-08-26,SESSAO EXTRAORDINARIA,REMOTA,AVANTE,1
123876,87,2020-08-26,SESSAO EXTRAORDINARIA,REMOTA,NOVO,1
123877,87,2020-08-26,SESSAO EXTRAORDINARIA,REMOTA,REDE,1
123878,87,2020-08-26,SESSAO EXTRAORDINARIA,REMOTA,REPUBLICANOS,1
123879,87,2020-08-26,SESSAO EXTRAORDINARIA,REMOTA,PDT,1
123880,87,2020-08-26,SESSAO EXTRAORDINARIA,REMOTA,AVANTE,1
123881,87,2020-08-26,SESSAO EXTRAORDINARIA,REMOTA,PSB,1
123882,87,2020-08-26,SESSAO EXTRAORDINARIA,REMOTA,PP,1
123883,88,2020-09-01,SESSAO EXTRAORDINARIA,REMOTA,PL,1
123884,88,2020-09-01,SESSAO EXTRAORDINARIA,REMOTA,PT,1
123885,88,2020-09-01,SESSAO EXTRAORDINARIA,REMOTA,PT,1
123886,88,2020-09-01,SESSAO EXTRAORDINARIA,REMOTA,PL,1
123887,88,2020-09-01,SESSAO EXTRAORDINARIA,REMOTA,PROS,1
123888,88,2020-09-01,SESSAO EXTRAORDINARIA,REMOTA,REPUBLICANOS,1
123889,88,2020-09-01,SESSAO EXTRAORDINARIA,REMOTA,PTC,1
123890,88,2020-09-01,SESSAO EXTRAORDINARIA,REMOTA,PSOL,1
123891,88,2020-09-01,SESSAO EXTRAORDINARIA,REMOTA,PSC,1
123892,88,2020-09-01,SESSAO EXTRAORDINARIA,REMOTA,PTB,1
123893,88,2020-09-01,SESSAO EXTRAORDINARIA,REMOTA,PODEMOS,1
123894,88,2020-09-01,SESSAO EXTRAORDINARIA,REMOTA,AVANTE,1
123895,88,2020-09-01,SESSAO EXTRAORDINARIA,REMOTA,NOVO,1
123896,88,2020-09-01,SESSAO EXTRAORDINARIA,REMOTA,REDE,1
123897,88,2020-09-01,SESSAO EXTRAORDINARIA,REMOTA,REPUBLICANOS,1
123898,88,2020-09-01,SESSAO EXTRAORDINARIA,REMOTA,PDT,1
123899,88,2020-09-01,SESSAO EXTRAORDINARIA,REMOTA,MDB,1
123900,88,2020-09-01,SESSAO EXTRAORDINARIA,REMOTA,AVANTE,1
123901,88,2020-09-01,SESSAO EXTRAORDINARIA,REMOTA,PSD,1
123902,88,2020-09-01,SESSAO EXTRAORDINARIA,REMOTA,PSB,1
123903,88,2020-09-01,SESSAO EXTRAORDINARIA,REMOTA,PP,1
123904,89,2020-09-02,SESSAO EXTRAORDINARIA,REMOTA,PT,1
123905,89,2020-09-02,SESSAO EXTRAORDINARIA,REMOTA,PT,1
123906,89,2020-09-02,SESSAO EXTRAORDINARIA,REMOTA,PDT,1
123907,89,2020-09-02,SESSAO EXTRAORDINARIA,REMOTA,PL,1
123908,89,2020-09-02,SESSAO EXTRAORDINARIA,REMOTA,PROS,1
123909,89,2020-09-02,SESSAO EXTRAORDINARIA,REMOTA,REPUBLICANOS,1
123910,89,2020-09-02,SESSAO EXTRAORDINARIA,REMOTA,PTC,1
123911,89,2020-09-02,SESSAO EXTRAORDINARIA,REMOTA,PSOL,1
123912,89,2020-09-02,SESSAO EXTRAORDINARIA,REMOTA,PTB,1
123913,89,2020-09-02,SESSAO EXTRAORDINARIA,REMOTA,PODEMOS,1
123914,89,2020-09-02,SESSAO EXTRAORDINARIA,REMOTA,PSB,1
123915,89,2020-09-02,SESSAO EXTRAORDINARIA,REMOTA,AVANTE,1
123916,89,2020-09-02,SESSAO EXTRAORDINARIA,REMOTA,NOVO,1
123917,89,2020-09-02,SESSAO EXTRAORDINARIA,REMOTA,REDE,1
123918,89,2020-09-02,SESSAO EXTRAORDINARIA,REMOTA,REPUBLICANOS,1
123919,89,2020-09-02,SESSAO EXTRAORDINARIA,REMOTA,PDT,1
123920,89,2020-09-02,SESSAO EXTRAORDINARIA,REMOTA,MDB,1
123921,89,2020-09-02,SESSAO EXTRAORDINARIA,REMOTA,AVANTE,1
123922,89,2020-09-02,SESSAO EXTRAORDINARIA,REMOTA,PSB,1
123923,90,2020-09-08,SESSAO EXTRAORDINARIA,REMOTA,PL,1
123924,90,2020-09-08,SESSAO EXTRAORDINARIA,REMOTA,PT,1
123925,90,2020-09-08,SESSAO EXTRAORDINARIA,REMOTA,PT,1
123926,90,2020-09-08,SESSAO EXTRAORDINARIA,REMOTA,PDT,1
123927,90,2020-09-08,SESSAO EXTRAORDINARIA,REMOTA,PL,1
123928,90,2020-09-08,SESSAO EXTRAORDINARIA,REMOTA,PROS,1
123929,90,2020-09-08,SESSAO EXTRAORDINARIA,REMOTA,REPUBLICANOS,1
123930,90,2020-09-08,SESSAO EXTRAORDINARIA,REMOTA,PTC,1
123931,90,2020-09-08,SESSAO EXTRAORDINARIA,REMOTA,PSOL,1
123932,90,2020-09-08,SESSAO EXTRAORDINARIA,REMOTA,MDB,1
123933,90,2020-09-08,SESSAO EXTRAORDINARIA,REMOTA,PSC,1
123934,90,2020-09-08,SESSAO EXTRAORDINARIA,REMOTA,PTB,1
123935,90,2020-09-08,SESSAO EXTRAORDINARIA,REMOTA,PODEMOS,1
123936,90,2020-09-08,SESSAO EXTRAORDINARIA,REMOTA,PSB,1
123937,90,2020-09-08,SESSAO EXTRAORDINARIA,REMOTA,AVANTE,1
123938,90,2020-09-08,SESSAO EXTRAORDINARIA,REMOTA,NOVO,1
123939,90,2020-09-08,SESSAO EXTRAORDINARIA,REMOTA,REDE,1
123940,90,2020-09-08,SESSAO EXTRAORDINARIA,REMOTA,REPUBLICANOS,1
123941,90,2020-09-08,SESSAO EXTRAORDINARIA,REMOTA,PDT,1
123942,90,2020-09-08,SESSAO EXTRAORDINARIA,REMOTA,MDB,1
123943,90,2020-09-08,SESSAO EXTRAORDINARIA,REMOTA,AVANTE,1
123944,90,2020-09-08,SESSAO EXTRAORDINARIA,REMOTA,PSD,1
123945,90,2020-09-08,SESSAO EXTRAORDINARIA,REMOTA,PSB,1
123946,90,2020-09-08,SESSAO EXTRAORDINARIA,REMOTA,PP,1
123947,91,2020-09-09,SESSAO EXTRAORDINARIA,REMOTA,PL,1
123948,91,2020-09-09,SESSAO EXTRAORDINARIA,REMOTA,PT,1
123949,91,2020-09-09,SESSAO EXTRAORDINARIA,REMOTA,PT,1
123950,91,2020-09-09,SESSAO EXTRAORDINARIA,REMOTA,PDT,1
123951,91,2020-09-09,SESSAO EXTRAORDINARIA,REMOTA,PROS,1
123952,91,2020-09-09,SESSAO EXTRAORDINARIA,REMOTA,PTC,1
123953,91,2020-09-09,SESSAO EXTRAORDINARIA,REMOTA,PSOL,1
123954,91,2020-09-09,SESSAO EXTRAORDINARIA,REMOTA,PSC,1
123955,91,2020-09-09,SESSAO EXTRAORDINARIA,REMOTA,PTB,1
123956,91,2020-09-09,SESSAO EXTRAORDINARIA,REMOTA,PODEMOS,1
123957,91,2020-09-09,SESSAO EXTRAORDINARIA,REMOTA,PSB,1
123958,91,2020-09-09,SESSAO EXTRAORDINARIA,REMOTA,AVANTE,1
123959,91,2020-09-09,SESSAO EXTRAORDINARIA,REMOTA,NOVO,1
123960,91,2020-09-09,SESSAO EXTRAORDINARIA,REMOTA,REDE,1
123961,91,2020-09-09,SESSAO EXTRAORDINARIA,REMOTA,PDT,1
123962,91,2020-09-09,SESSAO EXTRAORDINARIA,REMOTA,AVANTE,1
123963,91,2020-09-09,SESSAO EXTRAORDINARIA,REMOTA,PSD,1
123964,91,2020-09-09,SESSAO EXTRAORDINARIA,REMOTA,PSB,1
123965,91,2020-09-09,SESSAO EXTRAORDINARIA,REMOTA,PP,1
123966,92,2020-09-15,SESSAO EXTRAORDINARIA,REMOTA,PL,1
123967,92,2020-09-15,SESSAO EXTRAORDINARIA,REMOTA,PT,1
123968,92,2020-09-15,SESSAO EXTRAORDINARIA,REMOTA,PT,1
123969,92,2020-09-15,SESSAO EXTRAORDINARIA,REMOTA,PDT,1
123970,92,2020-09-15,SESSAO EXTRAORDINARIA,REMOTA,PL,1
123971,92,2020-09-15,SESSAO EXTRAORDINARIA,REMOTA,PROS,1
123972,92,2020-09-15,SESSAO EXTRAORDINARIA,REMOTA,REPUBLICANOS,1
123973,92,2020-09-15,SESSAO EXTRAORDINARIA,REMOTA,PTC,1
123974,92,2020-09-15,SESSAO EXTRAORDINARIA,REMOTA,PSOL,1
123975,92,2020-09-15,SESSAO EXTRAORDINARIA,REMOTA,MDB,1
123976,92,2020-09-15,SESSAO EXTRAORDINARIA,REMOTA,PSC,1
123977,92,2020-09-15,SESSAO EXTRAORDINARIA,REMOTA,PTB,1
123978,92,2020-09-15,SESSAO EXTRAORDINARIA,REMOTA,PODEMOS,1
123979,92,2020-09-15,SESSAO EXTRAORDINARIA,REMOTA,PSB,1
123980,92,2020-09-15,SESSAO EXTRAORDINARIA,REMOTA,AVANTE,1
123981,92,2020-09-15,SESSAO EXTRAORDINARIA,REMOTA,NOVO,1
123982,92,2020-09-15,SESSAO EXTRAORDINARIA,REMOTA,REDE,1
123983,92,2020-09-15,SESSAO EXTRAORDINARIA,REMOTA,REPUBLICANOS,1
123984,92,2020-09-15,SESSAO EXTRAORDINARIA,REMOTA,PDT,1
123985,92,2020-09-15,SESSAO EXTRAORDINARIA,REMOTA,MDB,1
123986,92,2020-09-15,SESSAO EXTRAORDINARIA,REMOTA,AVANTE,1
123987,92,2020-09-15,SESSAO EXTRAORDINARIA,REMOTA,PSD,1
123988,92,2020-09-15,SESSAO EXTRAORDINARIA,REMOTA,PP,1
123989,93,2020-09-16,SESSAO EXTRAORDINARIA,REMOTA,PL,1
123990,93,2020-09-16,SESSAO EXTRAORDINARIA,REMOTA,PT,1
123991,93,2020-09-16,SESSAO EXTRAORDINARIA,REMOTA,PT,1
123992,93,2020-09-16,SESSAO EXTRAORDINARIA,REMOTA,PDT,1
123993,93,2020-09-16,SESSAO EXTRAORDINARIA,REMOTA,PL,1
123994,93,2020-09-16,SESSAO EXTRAORDINARIA,REMOTA,PROS,1
123995,93,2020-09-16,SESSAO EXTRAORDINARIA,REMOTA,REPUBLICANOS,1
123996,93,2020-09-16,SESSAO EXTRAORDINARIA,REMOTA,PTC,1
123997,93,2020-09-16,SESSAO EXTRAORDINARIA,REMOTA,PSOL,1
123998,93,2020-09-16,SESSAO EXTRAORDINARIA,REMOTA,MDB,1
123999,93,2020-09-16,SESSAO EXTRAORDINARIA,REMOTA,PSC,1
124000,93,2020-09-16,SESSAO EXTRAORDINARIA,REMOTA,PTB,1
124001,93,2020-09-16,SESSAO EXTRAORDINARIA,REMOTA,PODEMOS,1
124002,93,2020-09-16,SESSAO EXTRAORDINARIA,REMOTA,PSB,1
124003,93,2020-09-16,SESSAO EXTRAORDINARIA,REMOTA,AVANTE,1
124004,93,2020-09-16,SESSAO EXTRAORDINARIA,REMOTA,NOVO,1
124005,93,2020-09-16,SESSAO EXTRAORDINARIA,REMOTA,REDE,1
124006,93,2020-09-16,SESSAO EXTRAORDINARIA,REMOTA,REPUBLICANOS,1
124007,93,2020-09-16,SESSAO EXTRAORDINARIA,REMOTA,PDT,1
124008,93,2020-09-16,SESSAO EXTRAORDINARIA,REMOTA,MDB,1
124009,93,2020-09-16,SESSAO EXTRAORDINARIA,REMOTA,AVANTE,1
124010,93,2020-09-16,SESSAO EXTRAORDINARIA,REMOTA,PSD,1
124011,93,2020-09-16,SESSAO EXTRAORDINARIA,REMOTA,PSB,1
124012,93,2020-09-16,SESSAO EXTRAORDINARIA,REMOTA,PP,1
124013,94,2020-09-17,SESSAO EXTRAORDINARIA,REMOTA,PT,2
124014,94,2020-09-17,SESSAO EXTRAORDINARIA,REMOTA,PT,1
124015,94,2020-09-17,SESSAO EXTRAORDINARIA,REMOTA,PROS,2
124016,94,2020-09-17,SESSAO EXTRAORDINARIA,REMOTA,REPUBLICANOS,1
124017,94,2020-09-17,SESSAO EXTRAORDINARIA,REMOTA,PTC,1
124018,94,2020-09-17,SESSAO EXTRAORDINARIA,REMOTA,PSOL,2
124019,94,2020-09-17,SESSAO EXTRAORDINARIA,REMOTA,MDB,1
124020,94,2020-09-17,SESSAO EXTRAORDINARIA,REMOTA,PSC,2
124021,94,2020-09-17,SESSAO EXTRAORDINARIA,REMOTA,PTB,2
124022,94,2020-09-17,SESSAO EXTRAORDINARIA,REMOTA,PODEMOS,2
124023,94,2020-09-17,SESSAO EXTRAORDINARIA,REMOTA,PSB,1
124024,94,2020-09-17,SESSAO EXTRAORDINARIA,REMOTA,AVANTE,1
124025,94,2020-09-17,SESSAO EXTRAORDINARIA,REMOTA,NOVO,2
124026,94,2020-09-17,SESSAO EXTRAORDINARIA,REMOTA,REDE,2
124027,94,2020-09-17,SESSAO EXTRAORDINARIA,REMOTA,REPUBLICANOS,1
124028,94,2020-09-17,SESSAO EXTRAORDINARIA,REMOTA,PDT,1
124029,94,2020-09-17,SESSAO EXTRAORDINARIA,REMOTA,MDB,1
124030,94,2020-09-17,SESSAO EXTRAORDINARIA,REMOTA,AVANTE,2
124031,94,2020-09-17,SESSAO EXTRAORDINARIA,REMOTA,PSD,1
124032,94,2020-09-17,SESSAO EXTRAORDINARIA,REMOTA,PSB,1
124033,94,2020-09-17,SESSAO EXTRAORDINARIA,REMOTA,PP,2
124034,95,2020-09-22,SESSAO EXTRAORDINARIA,REMOTA,PL,1
124035,95,2020-09-22,SESSAO EXTRAORDINARIA,REMOTA,PT,2
124036,95,2020-09-22,SESSAO EXTRAORDINARIA,REMOTA,PT,2
124037,95,2020-09-22,SESSAO EXTRAORDINARIA,REMOTA,PDT,2
124038,95,2020-09-22,SESSAO EXTRAORDINARIA,REMOTA,PL,1
124039,95,2020-09-22,SESSAO EXTRAORDINARIA,REMOTA,PROS,2
124040,95,2020-09-22,SESSAO EXTRAORDINARIA,REMOTA,REPUBLICANOS,2
124041,95,2020-09-22,SESSAO EXTRAORDINARIA,REMOTA,PSOL,2
124042,95,2020-09-22,SESSAO EXTRAORDINARIA,REMOTA,MDB,2
124043,95,2020-09-22,SESSAO EXTRAORDINARIA,REMOTA,PSC,2
124044,95,2020-09-22,SESSAO EXTRAORDINARIA,REMOTA,PTB,1
124045,95,2020-09-22,SESSAO EXTRAORDINARIA,REMOTA,PODEMOS,2
124046,95,2020-09-22,SESSAO EXTRAORDINARIA,REMOTA,PSB,1
124047,95,2020-09-22,SESSAO EXTRAORDINARIA,REMOTA,AVANTE,2
124048,95,2020-09-22,SESSAO EXTRAORDINARIA,REMOTA,NOVO,2
124049,95,2020-09-22,SESSAO EXTRAORDINARIA,REMOTA,REDE,2
124050,95,2020-09-22,SESSAO EXTRAORDINARIA,REMOTA,REPUBLICANOS,2
124051,95,2020-09-22,SESSAO EXTRAORDINARIA,REMOTA,PDT,2
124052,95,2020-09-22,SESSAO EXTRAORDINARIA,REMOTA,MDB,2
124053,95,2020-09-22,SESSAO EXTRAORDINARIA,REMOTA,AVANTE,1
124054,95,2020-09-22,SESSAO EXTRAORDINARIA,REMOTA,PSB,1
124055,95,2020-09-22,SESSAO EXTRAORDINARIA,REMOTA,PP,1
124056,96,2020-09-23,SESSAO EXTRAORDINARIA,REMOTA,PL,2
124057,96,2020-09-23,SESSAO EXTRAORDINARIA,REMOTA,PT,2
124058,96,2020-09-23,SESSAO EXTRAORDINARIA,REMOTA,PT,1
124059,96,2020-09-23,SESSAO EXTRAORDINARIA,REMOTA,PDT,2
124060,96,2020-09-23,SESSAO EXTRAORDINARIA,REMOTA,PL,2
124061,96,2020-09-23,SESSAO EXTRAORDINARIA,REMOTA,PROS,2
124062,96,2020-09-23,SESSAO EXTRAORDINARIA,REMOTA,REPUBLICANOS,1
124063,96,2020-09-23,SESSAO EXTRAORDINARIA,REMOTA,PTC,2
124064,96,2020-09-23,SESSAO EXTRAORDINARIA,REMOTA,PSOL,2
124065,96,2020-09-23,SESSAO EXTRAORDINARIA,REMOTA,MDB,1
124066,96,2020-09-23,SESSAO EXTRAORDINARIA,REMOTA,PSC,1
124067,96,2020-09-23,SESSAO EXTRAORDINARIA,REMOTA,PTB,2
124068,96,2020-09-23,SESSAO EXTRAORDINARIA,REMOTA,PODEMOS,1
124069,96,2020-09-23,SESSAO EXTRAORDINARIA,REMOTA,PSB,1
124070,96,2020-09-23,SESSAO EXTRAORDINARIA,REMOTA,AVANTE,2
124071,96,2020-09-23,SESSAO EXTRAORDINARIA,REMOTA,NOVO,2
124072,96,2020-09-23,SESSAO EXTRAORDINARIA,REMOTA,REDE,2
124073,96,2020-09-23,SESSAO EXTRAORDINARIA,REMOTA,REPUBLICANOS,2
124074,96,2020-09-23,SESSAO EXTRAORDINARIA,REMOTA,PDT,2
124075,96,2020-09-23,SESSAO EXTRAORDINARIA,REMOTA,MDB,1
124076,96,2020-09-23,SESSAO EXTRAORDINARIA,REMOTA,PSB,1
124077,96,2020-09-23,SESSAO EXTRAORDINARIA,REMOTA,PP,1
124078,97,2020-09-23,SESSAO EXTRAORDINARIA,REMOTA,PT,1
124079,97,2020-09-23,SESSAO EXTRAORDINARIA,REMOTA,PT,1
124080,97,2020-09-23,SESSAO EXTRAORDINARIA,REMOTA,PDT,1
124081,97,2020-09-23,SESSAO EXTRAORDINARIA,REMOTA,PROS,1
124082,97,2020-09-23,SESSAO EXTRAORDINARIA,REMOTA,REPUBLICANOS,1
124083,97,2020-09-23,SESSAO EXTRAORDINARIA,REMOTA,PSOL,1
124084,97,2020-09-23,SESSAO EXTRAORDINARIA,REMOTA,PSC,1
124085,97,2020-09-23,SESSAO EXTRAORDINARIA,REMOTA,PTB,1
124086,97,2020-09-23,SESSAO EXTRAORDINARIA,REMOTA,PODEMOS,1
124087,97,2020-09-23,SESSAO EXTRAORDINARIA,REMOTA,AVANTE,1
124088,97,2020-09-23,SESSAO EXTRAORDINARIA,REMOTA,NOVO,1
124089,97,2020-09-23,SESSAO EXTRAORDINARIA,REMOTA,REDE,1
124090,97,2020-09-23,SESSAO EXTRAORDINARIA,REMOTA,REPUBLICANOS,1
124091,97,2020-09-23,SESSAO EXTRAORDINARIA,REMOTA,PDT,1
124092,97,2020-09-23,SESSAO EXTRAORDINARIA,REMOTA,MDB,1
124093,97,2020-09-23,SESSAO EXTRAORDINARIA,REMOTA,PSB,1
124094,97,2020-09-23,SESSAO EXTRAORDINARIA,REMOTA,PP,1
124095,98,2020-09-29,SESSAO EXTRAORDINARIA,REMOTA,PL,1
124096,98,2020-09-29,SESSAO EXTRAORDINARIA,REMOTA,PT,1
124097,98,2020-09-29,SESSAO EXTRAORDINARIA,REMOTA,PDT,1
124098,98,2020-09-29,SESSAO EXTRAORDINARIA,REMOTA,PL,1
124099,98,2020-09-29,SESSAO EXTRAORDINARIA,REMOTA,PROS,1
124100,98,2020-09-29,SESSAO EXTRAORDINARIA,REMOTA,REPUBLICANOS,1
124101,98,2020-09-29,SESSAO EXTRAORDINARIA,REMOTA,PTC,1
124102,98,2020-09-29,SESSAO EXTRAORDINARIA,REMOTA,PSOL,1
124103,98,2020-09-29,SESSAO EXTRAORDINARIA,REMOTA,MDB,1
124104,98,2020-09-29,SESSAO EXTRAORDINARIA,REMOTA,PSC,1
124105,98,2020-09-29,SESSAO EXTRAORDINARIA,REMOTA,PTB,1
124106,98,2020-09-29,SESSAO EXTRAORDINARIA,REMOTA,PODEMOS,1
124107,98,2020-09-29,SESSAO EXTRAORDINARIA,REMOTA,PSB,1
124108,98,2020-09-29,SESSAO EXTRAORDINARIA,REMOTA,AVANTE,1
124109,98,2020-09-29,SESSAO EXTRAORDINARIA,REMOTA,NOVO,1
124110,98,2020-09-29,SESSAO EXTRAORDINARIA,REMOTA,REDE,1
124111,98,2020-09-29,SESSAO EXTRAORDINARIA,REMOTA,REPUBLICANOS,1
124112,98,2020-09-29,SESSAO EXTRAORDINARIA,REMOTA,PDT,1
124113,98,2020-09-29,SESSAO EXTRAORDINARIA,REMOTA,MDB,1
124114,98,2020-09-29,SESSAO EXTRAORDINARIA,REMOTA,AVANTE,1
124115,98,2020-09-29,SESSAO EXTRAORDINARIA,REMOTA,PP,1
124116,99,2020-09-29,SESSAO EXTRAORDINARIA,REMOTA,PT,1
124117,99,2020-09-29,SESSAO EXTRAORDINARIA,REMOTA,PL,1
124118,99,2020-09-29,SESSAO EXTRAORDINARIA,REMOTA,PROS,1
124119,99,2020-09-29,SESSAO EXTRAORDINARIA,REMOTA,REPUBLICANOS,1
124120,99,2020-09-29,SESSAO EXTRAORDINARIA,REMOTA,PTC,1
124121,99,2020-09-29,SESSAO EXTRAORDINARIA,REMOTA,PSOL,1
124122,99,2020-09-29,SESSAO EXTRAORDINARIA,REMOTA,PSC,1
124123,99,2020-09-29,SESSAO EXTRAORDINARIA,REMOTA,PTB,1
124124,99,2020-09-29,SESSAO EXTRAORDINARIA,REMOTA,PODEMOS,1
124125,99,2020-09-29,SESSAO EXTRAORDINARIA,REMOTA,NOVO,1
124126,99,2020-09-29,SESSAO EXTRAORDINARIA,REMOTA,REDE,1
124127,99,2020-09-29,SESSAO EXTRAORDINARIA,REMOTA,REPUBLICANOS,1
124128,99,2020-09-29,SESSAO EXTRAORDINARIA,REMOTA,PDT,1
124129,99,2020-09-29,SESSAO EXTRAORDINARIA,REMOTA,MDB,1
124130,99,2020-09-29,SESSAO EXTRAORDINARIA,REMOTA,AVANTE,1
124131,99,2020-09-29,SESSAO EXTRAORDINARIA,REMOTA,PSB,1
124132,99,2020-09-29,SESSAO EXTRAORDINARIA,REMOTA,PP,1
124133,100,2020-09-30,SESSAO EXTRAORDINARIA,REMOTA,PL,1
124134,100,2020-09-30,SESSAO EXTRAORDINARIA,REMOTA,PT,1
124135,100,2020-09-30,SESSAO EXTRAORDINARIA,REMOTA,PDT,1
124136,100,2020-09-30,SESSAO EXTRAORDINARIA,REMOTA,PL,1
124137,100,2020-09-30,SESSAO EXTRAORDINARIA,REMOTA,PROS,1
124138,100,2020-09-30,SESSAO EXTRAORDINARIA,REMOTA,PSOL,1
124139,100,2020-09-30,SESSAO EXTRAORDINARIA,REMOTA,MDB,1
124140,100,2020-09-30,SESSAO EXTRAORDINARIA,REMOTA,PSC,1
124141,100,2020-09-30,SESSAO EXTRAORDINARIA,REMOTA,PTB,1
124142,100,2020-09-30,SESSAO EXTRAORDINARIA,REMOTA,PSB,1
124143,100,2020-09-30,SESSAO EXTRAORDINARIA,REMOTA,AVANTE,1
124144,100,2020-09-30,SESSAO EXTRAORDINARIA,REMOTA,NOVO,1
124145,100,2020-09-30,SESSAO EXTRAORDINARIA,REMOTA,REDE,1
124146,100,2020-09-30,SESSAO EXTRAORDINARIA,REMOTA,REPUBLICANOS,1
124147,100,2020-09-30,SESSAO EXTRAORDINARIA,REMOTA,PDT,1
124148,100,2020-09-30,SESSAO EXTRAORDINARIA,REMOTA,AVANTE,1
124149,100,2020-09-30,SESSAO EXTRAORDINARIA,REMOTA,PP,1
124150,101,2020-10-06,SESSAO EXTRAORDINARIA,REMOTA,PT,1
124151,101,2020-10-06,SESSAO EXTRAORDINARIA,REMOTA,PDT,1
124152,101,2020-10-06,SESSAO EXTRAORDINARIA,REMOTA,PROS,1
124153,101,2020-10-06,SESSAO EXTRAORDINARIA,REMOTA,PSOL,1
124154,101,2020-10-06,SESSAO EXTRAORDINARIA,REMOTA,MDB,1
124155,101,2020-10-06,SESSAO EXTRAORDINARIA,REMOTA,PTB,1
124156,101,2020-10-06,SESSAO EXTRAORDINARIA,REMOTA,PODEMOS,1
124157,101,2020-10-06,SESSAO EXTRAORDINARIA,REMOTA,PSB,1
124158,101,2020-10-06,SESSAO EXTRAORDINARIA,REMOTA,AVANTE,1
124159,101,2020-10-06,SESSAO EXTRAORDINARIA,REMOTA,NOVO,1
124160,101,2020-10-06,SESSAO EXTRAORDINARIA,REMOTA,REDE,1
124161,101,2020-10-06,SESSAO EXTRAORDINARIA,REMOTA,REPUBLICANOS,1
124162,101,2020-10-06,SESSAO EXTRAORDINARIA,REMOTA,PDT,1
124163,101,2020-10-06,SESSAO EXTRAORDINARIA,REMOTA,MDB,1
124164,101,2020-10-06,SESSAO EXTRAORDINARIA,REMOTA,AVANTE,1
124165,101,2020-10-06,SESSAO EXTRAORDINARIA,REMOTA,PP,1
124166,102,2020-10-07,SESSAO EXTRAORDINARIA,REMOTA,PL,1
124167,102,2020-10-07,SESSAO EXTRAORDINARIA,REMOTA,PT,1
124168,102,2020-10-07,SESSAO EXTRAORDINARIA,REMOTA,PDT,1
124169,102,2020-10-07,SESSAO EXTRAORDINARIA,REMOTA,PROS,1
124170,102,2020-10-07,SESSAO EXTRAORDINARIA,REMOTA,PSOL,1
124171,102,2020-10-07,SESSAO EXTRAORDINARIA,REMOTA,MDB,1
124172,102,2020-10-07,SESSAO EXTRAORDINARIA,REMOTA,PSC,1
124173,102,2020-10-07,SESSAO EXTRAORDINARIA,REMOTA,PTB,1
124174,102,2020-10-07,SESSAO EXTRAORDINARIA,REMOTA,PODEMOS,1
124175,102,2020-10-07,SESSAO EXTRAORDINARIA,REMOTA,PSB,1
124176,102,2020-10-07,SESSAO EXTRAORDINARIA,REMOTA,AVANTE,1
124177,102,2020-10-07,SESSAO EXTRAORDINARIA,REMOTA,NOVO,1
124178,102,2020-10-07,SESSAO EXTRAORDINARIA,REMOTA,REDE,1
124179,102,2020-10-07,SESSAO EXTRAORDINARIA,REMOTA,REPUBLICANOS,1
124180,102,2020-10-07,SESSAO EXTRAORDINARIA,REMOTA,PDT,1
124181,102,2020-10-07,SESSAO EXTRAORDINARIA,REMOTA,MDB,1
124182,102,2020-10-07,SESSAO EXTRAORDINARIA,REMOTA,PSD,1
124183,102,2020-10-07,SESSAO EXTRAORDINARIA,REMOTA,PP,1
124184,103,2020-10-07,SESSAO EXTRAORDINARIA,REMOTA,PT,1
124185,103,2020-10-07,SESSAO EXTRAORDINARIA,REMOTA,PROS,1
124186,103,2020-10-07,SESSAO EXTRAORDINARIA,REMOTA,PSC,1
124187,103,2020-10-07,SESSAO EXTRAORDINARIA,REMOTA,PTB,1
124188,103,2020-10-07,SESSAO EXTRAORDINARIA,REMOTA,AVANTE,1
124189,103,2020-10-07,SESSAO EXTRAORDINARIA,REMOTA,REDE,1
124190,103,2020-10-07,SESSAO EXTRAORDINARIA,REMOTA,PDT,1
124191,103,2020-10-07,SESSAO EXTRAORDINARIA,REMOTA,MDB,1
124192,103,2020-10-07,SESSAO EXTRAORDINARIA,REMOTA,PSD,1
124193,104,2020-10-13,SESSAO EXTRAORDINARIA,REMOTA,PL,1
124194,104,2020-10-13,SESSAO EXTRAORDINARIA,REMOTA,PT,1
124195,104,2020-10-13,SESSAO EXTRAORDINARIA,REMOTA,PT,1
124196,104,2020-10-13,SESSAO EXTRAORDINARIA,REMOTA,PROS,1
124197,104,2020-10-13,SESSAO EXTRAORDINARIA,REMOTA,PSOL,1
124198,104,2020-10-13,SESSAO EXTRAORDINARIA,REMOTA,MDB,1
124199,104,2020-10-13,SESSAO EXTRAORDINARIA,REMOTA,PSB,1
124200,104,2020-10-13,SESSAO EXTRAORDINARIA,REMOTA,AVANTE,1
124201,104,2020-10-13,SESSAO EXTRAORDINARIA,REMOTA,NOVO,1
124202,104,2020-10-13,SESSAO EXTRAORDINARIA,REMOTA,REDE,1
124203,104,2020-10-13,SESSAO EXTRAORDINARIA,REMOTA,REPUBLICANOS,1
124204,104,2020-10-13,SESSAO EXTRAORDINARIA,REMOTA,PDT,1
124205,104,2020-10-13,SESSAO EXTRAORDINARIA,REMOTA,MDB,1
124206,104,2020-10-13,SESSAO EXTRAORDINARIA,REMOTA,AVANTE,1
124207,105,2020-10-14,SESSAO EXTRAORDINARIA,REMOTA,PL,1
124208,105,2020-10-14,SESSAO EXTRAORDINARIA,REMOTA,PT,1
124209,105,2020-10-14,SESSAO EXTRAORDINARIA,REMOTA,PT,1
124210,105,2020-10-14,SESSAO EXTRAORDINARIA,REMOTA,PROS,1
124211,105,2020-10-14,SESSAO EXTRAORDINARIA,REMOTA,PTC,1
124212,105,2020-10-14,SESSAO EXTRAORDINARIA,REMOTA,PSOL,1
124213,105,2020-10-14,SESSAO EXTRAORDINARIA,REMOTA,MDB,1
124214,105,2020-10-14,SESSAO EXTRAORDINARIA,REMOTA,PSC,1
124215,105,2020-10-14,SESSAO EXTRAORDINARIA,REMOTA,PTB,1
124216,105,2020-10-14,SESSAO EXTRAORDINARIA,REMOTA,PODEMOS,1
124217,105,2020-10-14,SESSAO EXTRAORDINARIA,REMOTA,PSB,1
124218,105,2020-10-14,SESSAO EXTRAORDINARIA,REMOTA,AVANTE,1
124219,105,2020-10-14,SESSAO EXTRAORDINARIA,REMOTA,NOVO,1
124220,105,2020-10-14,SESSAO EXTRAORDINARIA,REMOTA,REDE,1
124221,105,2020-10-14,SESSAO EXTRAORDINARIA,REMOTA,REPUBLICANOS,1
124222,105,2020-10-14,SESSAO EXTRAORDINARIA,REMOTA,PDT,1
124223,105,2020-10-14,SESSAO EXTRAORDINARIA,REMOTA,MDB,1
124224,105,2020-10-14,SESSAO EXTRAORDINARIA,REMOTA,AVANTE,1
124225,105,2020-10-14,SESSAO EXTRAORDINARIA,REMOTA,PSD,1
124226,105,2020-10-14,SESSAO EXTRAORDINARIA,REMOTA,PSB,1
124227,105,2020-10-14,SESSAO EXTRAORDINARIA,REMOTA,PP,1
124228,106,2020-10-14,SESSAO EXTRAORDINARIA,REMOTA,PL,1
124229,106,2020-10-14,SESSAO EXTRAORDINARIA,REMOTA,PT,1
124230,106,2020-10-14,SESSAO EXTRAORDINARIA,REMOTA,PT,1
124231,106,2020-10-14,SESSAO EXTRAORDINARIA,REMOTA,PROS,1
124232,106,2020-10-14,SESSAO EXTRAORDINARIA,REMOTA,PSOL,1
124233,106,2020-10-14,SESSAO EXTRAORDINARIA,REMOTA,MDB,1
124234,106,2020-10-14,SESSAO EXTRAORDINARIA,REMOTA,PTB,1
124235,106,2020-10-14,SESSAO EXTRAORDINARIA,REMOTA,NOVO,1
124236,106,2020-10-14,SESSAO EXTRAORDINARIA,REMOTA,REDE,1
124237,106,2020-10-14,SESSAO EXTRAORDINARIA,REMOTA,REPUBLICANOS,1
124238,106,2020-10-14,SESSAO EXTRAORDINARIA,REMOTA,PDT,1
124239,106,2020-10-14,SESSAO EXTRAORDINARIA,REMOTA,MDB,1
124240,106,2020-10-14,SESSAO EXTRAORDINARIA,REMOTA,AVANTE,1
124241,106,2020-10-14,SESSAO EXTRAORDINARIA,REMOTA,PSD,1
124242,106,2020-10-14,SESSAO EXTRAORDINARIA,REMOTA,PSB,1
124243,106,2020-10-14,SESSAO EXTRAORDINARIA,REMOTA,PP,1
124244,107,2020-10-15,SESSAO EXTRAORDINARIA,REMOTA,PL,1
124245,107,2020-10-15,SESSAO EXTRAORDINARIA,REMOTA,PT,1
124246,107,2020-10-15,SESSAO EXTRAORDINARIA,REMOTA,PT,1
124247,107,2020-10-15,SESSAO EXTRAORDINARIA,REMOTA,PROS,1
124248,107,2020-10-15,SESSAO EXTRAORDINARIA,REMOTA,PSOL,1
124249,107,2020-10-15,SESSAO EXTRAORDINARIA,REMOTA,PSC,1
124250,107,2020-10-15,SESSAO EXTRAORDINARIA,REMOTA,PTB,1
124251,107,2020-10-15,SESSAO EXTRAORDINARIA,REMOTA,PSB,1
124252,107,2020-10-15,SESSAO EXTRAORDINARIA,REMOTA,AVANTE,1
124253,107,2020-10-15,SESSAO EXTRAORDINARIA,REMOTA,NOVO,1
124254,107,2020-10-15,SESSAO EXTRAORDINARIA,REMOTA,REDE,1
124255,107,2020-10-15,SESSAO EXTRAORDINARIA,REMOTA,REPUBLICANOS,1
124256,107,2020-10-15,SESSAO EXTRAORDINARIA,REMOTA,PDT,1
124257,107,2020-10-15,SESSAO EXTRAORDINARIA,REMOTA,MDB,1
124258,107,2020-10-15,SESSAO EXTRAORDINARIA,REMOTA,AVANTE,1
124259,107,2020-10-15,SESSAO EXTRAORDINARIA,REMOTA,PP,1
124260,108,2020-10-20,SESSAO EXTRAORDINARIA,REMOTA,PL,1
124261,108,2020-10-20,SESSAO EXTRAORDINARIA,REMOTA,PT,1
124262,108,2020-10-20,SESSAO EXTRAORDINARIA,REMOTA,PT,1
124263,108,2020-10-20,SESSAO EXTRAORDINARIA,REMOTA,PL,1
124264,108,2020-10-20,SESSAO EXTRAORDINARIA,REMOTA,PROS,1
124265,108,2020-10-20,SESSAO EXTRAORDINARIA,REMOTA,PTC,1
124266,108,2020-10-20,SESSAO EXTRAORDINARIA,REMOTA,PSOL,1
124267,108,2020-10-20,SESSAO EXTRAORDINARIA,REMOTA,MDB,2
124268,108,2020-10-20,SESSAO EXTRAORDINARIA,REMOTA,PSC,1
124269,108,2020-10-20,SESSAO EXTRAORDINARIA,REMOTA,PTB,1
124270,108,2020-10-20,SESSAO EXTRAORDINARIA,REMOTA,AVANTE,1
124271,108,2020-10-20,SESSAO EXTRAORDINARIA,REMOTA,NOVO,1
124272,108,2020-10-20,SESSAO EXTRAORDINARIA,REMOTA,REDE,1
124273,108,2020-10-20,SESSAO EXTRAORDINARIA,REMOTA,REPUBLICANOS,1
124274,108,2020-10-20,SESSAO EXTRAORDINARIA,REMOTA,PDT,1
124275,108,2020-10-20,SESSAO EXTRAORDINARIA,REMOTA,MDB,1
124276,108,2020-10-20,SESSAO EXTRAORDINARIA,REMOTA,AVANTE,1
124277,108,2020-10-20,SESSAO EXTRAORDINARIA,REMOTA,PSD,1
124278,108,2020-10-20,SESSAO EXTRAORDINARIA,REMOTA,PP,1
124279,109,2020-10-21,SESSAO EXTRAORDINARIA,REMOTA,PL,1
124280,109,2020-10-21,SESSAO EXTRAORDINARIA,REMOTA,PT,1
124281,109,2020-10-21,SESSAO EXTRAORDINARIA,REMOTA,PT,1
124282,109,2020-10-21,SESSAO EXTRAORDINARIA,REMOTA,PL,1
124283,109,2020-10-21,SESSAO EXTRAORDINARIA,REMOTA,PROS,1
124284,109,2020-10-21,SESSAO EXTRAORDINARIA,REMOTA,PTC,1
124285,109,2020-10-21,SESSAO EXTRAORDINARIA,REMOTA,PSOL,1
124286,109,2020-10-21,SESSAO EXTRAORDINARIA,REMOTA,MDB,1
124287,109,2020-10-21,SESSAO EXTRAORDINARIA,REMOTA,PSC,1
124288,109,2020-10-21,SESSAO EXTRAORDINARIA,REMOTA,PTB,1
124289,109,2020-10-21,SESSAO EXTRAORDINARIA,REMOTA,AVANTE,1
124290,109,2020-10-21,SESSAO EXTRAORDINARIA,REMOTA,NOVO,1
124291,109,2020-10-21,SESSAO EXTRAORDINARIA,REMOTA,REDE,1
124292,109,2020-10-21,SESSAO EXTRAORDINARIA,REMOTA,PSB,1
124293,109,2020-10-21,SESSAO EXTRAORDINARIA,REMOTA,REPUBLICANOS,1
124294,109,2020-10-21,SESSAO EXTRAORDINARIA,REMOTA,PDT,1
124295,109,2020-10-21,SESSAO EXTRAORDINARIA,REMOTA,MDB,1
124296,109,2020-10-21,SESSAO EXTRAORDINARIA,REMOTA,AVANTE,1
124297,109,2020-10-21,SESSAO EXTRAORDINARIA,REMOTA,PSD,1
124298,109,2020-10-21,SESSAO EXTRAORDINARIA,REMOTA,PSB,1
124299,109,2020-10-21,SESSAO EXTRAORDINARIA,REMOTA,PP,1
124300,110,2020-10-21,SESSAO EXTRAORDINARIA,REMOTA,PL,1
124301,110,2020-10-21,SESSAO EXTRAORDINARIA,REMOTA,PT,1
124302,110,2020-10-21,SESSAO EXTRAORDINARIA,REMOTA,PT,1
124303,110,2020-10-21,SESSAO EXTRAORDINARIA,REMOTA,PROS,1
124304,110,2020-10-21,SESSAO EXTRAORDINARIA,REMOTA,PSOL,1
124305,110,2020-10-21,SESSAO EXTRAORDINARIA,REMOTA,MDB,1
124306,110,2020-10-21,SESSAO EXTRAORDINARIA,REMOTA,PSC,1
124307,110,2020-10-21,SESSAO EXTRAORDINARIA,REMOTA,PTB,1
124308,110,2020-10-21,SESSAO EXTRAORDINARIA,REMOTA,AVANTE,1
124309,110,2020-10-21,SESSAO EXTRAORDINARIA,REMOTA,NOVO,1
124310,110,2020-10-21,SESSAO EXTRAORDINARIA,REMOTA,REDE,1
124311,110,2020-10-21,SESSAO EXTRAORDINARIA,REMOTA,PSB,1
124312,110,2020-10-21,SESSAO EXTRAORDINARIA,REMOTA,REPUBLICANOS,1
124313,110,2020-10-21,SESSAO EXTRAORDINARIA,REMOTA,MDB,1
124314,110,2020-10-21,SESSAO EXTRAORDINARIA,REMOTA,PSD,1
124315,110,2020-10-21,SESSAO EXTRAORDINARIA,REMOTA,PP,1
124316,111,2020-10-27,SESSAO EXTRAORDINARIA,REMOTA,PL,1
124317,111,2020-10-27,SESSAO EXTRAORDINARIA,REMOTA,PT,1
124318,111,2020-10-27,SESSAO EXTRAORDINARIA,REMOTA,PT,1
124319,111,2020-10-27,SESSAO EXTRAORDINARIA,REMOTA,PROS,1
124320,111,2020-10-27,SESSAO EXTRAORDINARIA,REMOTA,REPUBLICANOS,1
124321,111,2020-10-27,SESSAO EXTRAORDINARIA,REMOTA,PTC,1
124322,111,2020-10-27,SESSAO EXTRAORDINARIA,REMOTA,PSOL,1
124323,111,2020-10-27,SESSAO EXTRAORDINARIA,REMOTA,MDB,1
124324,111,2020-10-27,SESSAO EXTRAORDINARIA,REMOTA,PSC,1
124325,111,2020-10-27,SESSAO EXTRAORDINARIA,REMOTA,PTB,1
124326,111,2020-10-27,SESSAO EXTRAORDINARIA,REMOTA,PODEMOS,1
124327,111,2020-10-27,SESSAO EXTRAORDINARIA,REMOTA,AVANTE,1
124328,111,2020-10-27,SESSAO EXTRAORDINARIA,REMOTA,NOVO,1
124329,111,2020-10-27,SESSAO EXTRAORDINARIA,REMOTA,REDE,1
124330,111,2020-10-27,SESSAO EXTRAORDINARIA,REMOTA,PSB,1
124331,111,2020-10-27,SESSAO EXTRAORDINARIA,REMOTA,REPUBLICANOS,1
124332,111,2020-10-27,SESSAO EXTRAORDINARIA,REMOTA,PDT,1
124333,111,2020-10-27,SESSAO EXTRAORDINARIA,REMOTA,MDB,1
124334,111,2020-10-27,SESSAO EXTRAORDINARIA,REMOTA,AVANTE,1
124335,111,2020-10-27,SESSAO EXTRAORDINARIA,REMOTA,PSD,1
124336,111,2020-10-27,SESSAO EXTRAORDINARIA,REMOTA,PSB,1
124337,111,2020-10-27,SESSAO EXTRAORDINARIA,REMOTA,PP,1
124338,112,2020-10-28,SESSAO EXTRAORDINARIA,REMOTA,PL,1
124339,112,2020-10-28,SESSAO EXTRAORDINARIA,REMOTA,PT,1
124340,112,2020-10-28,SESSAO EXTRAORDINARIA,REMOTA,PT,1
124341,112,2020-10-28,SESSAO EXTRAORDINARIA,REMOTA,PROS,1
124342,112,2020-10-28,SESSAO EXTRAORDINARIA,REMOTA,REPUBLICANOS,1
124343,112,2020-10-28,SESSAO EXTRAORDINARIA,REMOTA,PSOL,1
124344,112,2020-10-28,SESSAO EXTRAORDINARIA,REMOTA,MDB,1
124345,112,2020-10-28,SESSAO EXTRAORDINARIA,REMOTA,PSC,1
124346,112,2020-10-28,SESSAO EXTRAORDINARIA,REMOTA,PTB,1
124347,112,2020-10-28,SESSAO EXTRAORDINARIA,REMOTA,PODEMOS,1
124348,112,2020-10-28,SESSAO EXTRAORDINARIA,REMOTA,AVANTE,1
124349,112,2020-10-28,SESSAO EXTRAORDINARIA,REMOTA,NOVO,1
124350,112,2020-10-28,SESSAO EXTRAORDINARIA,REMOTA,REDE,1
124351,112,2020-10-28,SESSAO EXTRAORDINARIA,REMOTA,PSB,1
124352,112,2020-10-28,SESSAO EXTRAORDINARIA,REMOTA,REPUBLICANOS,1
124353,112,2020-10-28,SESSAO EXTRAORDINARIA,REMOTA,PDT,1
124354,112,2020-10-28,SESSAO EXTRAORDINARIA,REMOTA,MDB,1
124355,112,2020-10-28,SESSAO EXTRAORDINARIA,REMOTA,AVANTE,1
124356,112,2020-10-28,SESSAO EXTRAORDINARIA,REMOTA,PSB,1
124357,112,2020-10-28,SESSAO EXTRAORDINARIA,REMOTA,PP,1
124358,113,2020-10-28,SESSAO EXTRAORDINARIA,REMOTA,PT,1
124359,113,2020-10-28,SESSAO EXTRAORDINARIA,REMOTA,PT,1
124360,113,2020-10-28,SESSAO EXTRAORDINARIA,REMOTA,REPUBLICANOS,1
124361,113,2020-10-28,SESSAO EXTRAORDINARIA,REMOTA,MDB,1
124362,113,2020-10-28,SESSAO EXTRAORDINARIA,REMOTA,PSC,1
124363,113,2020-10-28,SESSAO EXTRAORDINARIA,REMOTA,PODEMOS,1
124364,113,2020-10-28,SESSAO EXTRAORDINARIA,REMOTA,REDE,1
124365,113,2020-10-28,SESSAO EXTRAORDINARIA,REMOTA,PSB,1
124366,113,2020-10-28,SESSAO EXTRAORDINARIA,REMOTA,REPUBLICANOS,1
124367,113,2020-10-28,SESSAO EXTRAORDINARIA,REMOTA,PDT,1
124368,113,2020-10-28,SESSAO EXTRAORDINARIA,REMOTA,MDB,1
124369,113,2020-10-28,SESSAO EXTRAORDINARIA,REMOTA,PSB,1
124370,113,2020-10-28,SESSAO EXTRAORDINARIA,REMOTA,PP,1
124371,114,2020-11-03,SESSAO EXTRAORDINARIA,REMOTA,PL,1
124372,114,2020-11-03,SESSAO EXTRAORDINARIA,REMOTA,PT,1
124373,114,2020-11-03,SESSAO EXTRAORDINARIA,REMOTA,PT,1
124374,114,2020-11-03,SESSAO EXTRAORDINARIA,REMOTA,PDT,1
124375,114,2020-11-03,SESSAO EXTRAORDINARIA,REMOTA,PL,1
124376,114,2020-11-03,SESSAO EXTRAORDINARIA,REMOTA,PROS,1
124377,114,2020-11-03,SESSAO EXTRAORDINARIA,REMOTA,REPUBLICANOS,1
124378,114,2020-11-03,SESSAO EXTRAORDINARIA,REMOTA,PTC,1
124379,114,2020-11-03,SESSAO EXTRAORDINARIA,REMOTA,PSOL,1
124380,114,2020-11-03,SESSAO EXTRAORDINARIA,REMOTA,MDB,1
124381,114,2020-11-03,SESSAO EXTRAORDINARIA,REMOTA,PSC,1
124382,114,2020-11-03,SESSAO EXTRAORDINARIA,REMOTA,PTB,1
124383,114,2020-11-03,SESSAO EXTRAORDINARIA,REMOTA,PODEMOS,1
124384,114,2020-11-03,SESSAO EXTRAORDINARIA,REMOTA,PSB,1
124385,114,2020-11-03,SESSAO EXTRAORDINARIA,REMOTA,AVANTE,1
124386,114,2020-11-03,SESSAO EXTRAORDINARIA,REMOTA,NOVO,1
124387,114,2020-11-03,SESSAO EXTRAORDINARIA,REMOTA,REDE,1
124388,114,2020-11-03,SESSAO EXTRAORDINARIA,REMOTA,REPUBLICANOS,1
124389,114,2020-11-03,SESSAO EXTRAORDINARIA,REMOTA,PDT,1
124390,114,2020-11-03,SESSAO EXTRAORDINARIA,REMOTA,MDB,1
124391,114,2020-11-03,SESSAO EXTRAORDINARIA,REMOTA,AVANTE,1
124392,114,2020-11-03,SESSAO EXTRAORDINARIA,REMOTA,PSD,1
124393,114,2020-11-03,SESSAO EXTRAORDINARIA,REMOTA,PSB,1
124394,114,2020-11-03,SESSAO EXTRAORDINARIA,REMOTA,PP,1
124395,115,2020-11-03,SESSAO EXTRAORDINARIA,REMOTA,PL,1
124396,115,2020-11-03,SESSAO EXTRAORDINARIA,REMOTA,PT,1
124397,115,2020-11-03,SESSAO EXTRAORDINARIA,REMOTA,PT,1
124398,115,2020-11-03,SESSAO EXTRAORDINARIA,REMOTA,PDT,1
124399,115,2020-11-03,SESSAO EXTRAORDINARIA,REMOTA,PROS,1
124400,115,2020-11-03,SESSAO EXTRAORDINARIA,REMOTA,REPUBLICANOS,1
124401,115,2020-11-03,SESSAO EXTRAORDINARIA,REMOTA,PTC,1
124402,115,2020-11-03,SESSAO EXTRAORDINARIA,REMOTA,PSOL,1
124403,115,2020-11-03,SESSAO EXTRAORDINARIA,REMOTA,MDB,1
124404,115,2020-11-03,SESSAO EXTRAORDINARIA,REMOTA,PSC,1
124405,115,2020-11-03,SESSAO EXTRAORDINARIA,REMOTA,PTB,1
124406,115,2020-11-03,SESSAO EXTRAORDINARIA,REMOTA,PODEMOS,1
124407,115,2020-11-03,SESSAO EXTRAORDINARIA,REMOTA,PSB,1
124408,115,2020-11-03,SESSAO EXTRAORDINARIA,REMOTA,AVANTE,1
124409,115,2020-11-03,SESSAO EXTRAORDINARIA,REMOTA,NOVO,1
124410,115,2020-11-03,SESSAO EXTRAORDINARIA,REMOTA,REDE,1
124411,115,2020-11-03,SESSAO EXTRAORDINARIA,REMOTA,REPUBLICANOS,1
124412,115,2020-11-03,SESSAO EXTRAORDINARIA,REMOTA,PDT,1
124413,115,2020-11-03,SESSAO EXTRAORDINARIA,REMOTA,MDB,1
124414,115,2020-11-03,SESSAO EXTRAORDINARIA,REMOTA,AVANTE,1
124415,115,2020-11-03,SESSAO EXTRAORDINARIA,REMOTA,PSD,1
124416,115,2020-11-03,SESSAO EXTRAORDINARIA,REMOTA,PSB,1
124417,115,2020-11-03,SESSAO EXTRAORDINARIA,REMOTA,PP,1
124418,116,2020-11-04,SESSAO EXTRAORDINARIA,REMOTA,PL,1
124419,116,2020-11-04,SESSAO EXTRAORDINARIA,REMOTA,PT,1
124420,116,2020-11-04,SESSAO EXTRAORDINARIA,REMOTA,PT,1
124421,116,2020-11-04,SESSAO EXTRAORDINARIA,REMOTA,PL,1
124422,116,2020-11-04,SESSAO EXTRAORDINARIA,REMOTA,PROS,1
124423,116,2020-11-04,SESSAO EXTRAORDINARIA,REMOTA,REPUBLICANOS,1
124424,116,2020-11-04,SESSAO EXTRAORDINARIA,REMOTA,PSOL,1
124425,116,2020-11-04,SESSAO EXTRAORDINARIA,REMOTA,PSC,1
124426,116,2020-11-04,SESSAO EXTRAORDINARIA,REMOTA,PTB,1
124427,116,2020-11-04,SESSAO EXTRAORDINARIA,REMOTA,PSB,1
124428,116,2020-11-04,SESSAO EXTRAORDINARIA,REMOTA,AVANTE,1
124429,116,2020-11-04,SESSAO EXTRAORDINARIA,REMOTA,NOVO,1
124430,116,2020-11-04,SESSAO EXTRAORDINARIA,REMOTA,REDE,1
124431,116,2020-11-04,SESSAO EXTRAORDINARIA,REMOTA,REPUBLICANOS,1
124432,116,2020-11-04,SESSAO EXTRAORDINARIA,REMOTA,PDT,1
124433,116,2020-11-04,SESSAO EXTRAORDINARIA,REMOTA,PP,1
124434,117,2020-11-10,SESSAO EXTRAORDINARIA,REMOTA,PL,1
124435,117,2020-11-10,SESSAO EXTRAORDINARIA,REMOTA,PT,1
124436,117,2020-11-10,SESSAO EXTRAORDINARIA,REMOTA,PT,1
124437,117,2020-11-10,SESSAO EXTRAORDINARIA,REMOTA,PDT,1
124438,117,2020-11-10,SESSAO EXTRAORDINARIA,REMOTA,PL,1
124439,117,2020-11-10,SESSAO EXTRAORDINARIA,REMOTA,PROS,1
124440,117,2020-11-10,SESSAO EXTRAORDINARIA,REMOTA,REPUBLICANOS,1
124441,117,2020-11-10,SESSAO EXTRAORDINARIA,REMOTA,PTC,1
124442,117,2020-11-10,SESSAO EXTRAORDINARIA,REMOTA,PSOL,1
124443,117,2020-11-10,SESSAO EXTRAORDINARIA,REMOTA,MDB,1
124444,117,2020-11-10,SESSAO EXTRAORDINARIA,REMOTA,PSC,1
124445,117,2020-11-10,SESSAO EXTRAORDINARIA,REMOTA,PTB,1
124446,117,2020-11-10,SESSAO EXTRAORDINARIA,REMOTA,PODEMOS,1
124447,117,2020-11-10,SESSAO EXTRAORDINARIA,REMOTA,PSB,1
124448,117,2020-11-10,SESSAO EXTRAORDINARIA,REMOTA,AVANTE,1
124449,117,2020-11-10,SESSAO EXTRAORDINARIA,REMOTA,NOVO,1
124450,117,2020-11-10,SESSAO EXTRAORDINARIA,REMOTA,REDE,1
124451,117,2020-11-10,SESSAO EXTRAORDINARIA,REMOTA,REPUBLICANOS,1
124452,117,2020-11-10,SESSAO EXTRAORDINARIA,REMOTA,PDT,1
124453,117,2020-11-10,SESSAO EXTRAORDINARIA,REMOTA,MDB,1
124454,117,2020-11-10,SESSAO EXTRAORDINARIA,REMOTA,AVANTE,1
124455,117,2020-11-10,SESSAO EXTRAORDINARIA,REMOTA,PSB,1
124456,117,2020-11-10,SESSAO EXTRAORDINARIA,REMOTA,PP,1
124457,118,2020-11-10,SESSAO EXTRAORDINARIA,REMOTA,PT,1
124458,118,2020-11-10,SESSAO EXTRAORDINARIA,REMOTA,PT,1
124459,118,2020-11-10,SESSAO EXTRAORDINARIA,REMOTA,PDT,1
124460,118,2020-11-10,SESSAO EXTRAORDINARIA,REMOTA,PROS,1
124461,118,2020-11-10,SESSAO EXTRAORDINARIA,REMOTA,REPUBLICANOS,1
124462,118,2020-11-10,SESSAO EXTRAORDINARIA,REMOTA,PSOL,1
124463,118,2020-11-10,SESSAO EXTRAORDINARIA,REMOTA,MDB,1
124464,118,2020-11-10,SESSAO EXTRAORDINARIA,REMOTA,PSC,1
124465,118,2020-11-10,SESSAO EXTRAORDINARIA,REMOTA,PTB,1
124466,118,2020-11-10,SESSAO EXTRAORDINARIA,REMOTA,NOVO,1
124467,118,2020-11-10,SESSAO EXTRAORDINARIA,REMOTA,REDE,1
124468,118,2020-11-10,SESSAO EXTRAORDINARIA,REMOTA,REPUBLICANOS,1
124469,118,2020-11-10,SESSAO EXTRAORDINARIA,REMOTA,PDT,1
124470,118,2020-11-10,SESSAO EXTRAORDINARIA,REMOTA,MDB,1
124471,118,2020-11-10,SESSAO EXTRAORDINARIA,REMOTA,PP,1
124472,119,2020-11-11,SESSAO EXTRAORDINARIA,REMOTA,PL,1
124473,119,2020-11-11,SESSAO EXTRAORDINARIA,REMOTA,PT,1
124474,119,2020-11-11,SESSAO EXTRAORDINARIA,REMOTA,PT,1
124475,119,2020-11-11,SESSAO EXTRAORDINARIA,REMOTA,PL,1
124476,119,2020-11-11,SESSAO EXTRAORDINARIA,REMOTA,PROS,1
124477,119,2020-11-11,SESSAO EXTRAORDINARIA,REMOTA,REPUBLICANOS,1
124478,119,2020-11-11,SESSAO EXTRAORDINARIA,REMOTA,PTC,1
124479,119,2020-11-11,SESSAO EXTRAORDINARIA,REMOTA,PSOL,1
124480,119,2020-11-11,SESSAO EXTRAORDINARIA,REMOTA,PTB,1
124481,119,2020-11-11,SESSAO EXTRAORDINARIA,REMOTA,PSB,1
124482,119,2020-11-11,SESSAO EXTRAORDINARIA,REMOTA,AVANTE,1
124483,119,2020-11-11,SESSAO EXTRAORDINARIA,REMOTA,NOVO,1
124484,119,2020-11-11,SESSAO EXTRAORDINARIA,REMOTA,REDE,1
124485,119,2020-11-11,SESSAO EXTRAORDINARIA,REMOTA,REPUBLICANOS,1
124486,119,2020-11-11,SESSAO EXTRAORDINARIA,REMOTA,PDT,1
124487,119,2020-11-11,SESSAO EXTRAORDINARIA,REMOTA,AVANTE,1
124488,119,2020-11-11,SESSAO EXTRAORDINARIA,REMOTA,PP,1
124489,120,2020-11-17,SESSAO EXTRAORDINARIA,REMOTA,PL,1
124490,120,2020-11-17,SESSAO EXTRAORDINARIA,REMOTA,PT,1
124491,120,2020-11-17,SESSAO EXTRAORDINARIA,REMOTA,PT,1
124492,120,2020-11-17,SESSAO EXTRAORDINARIA,REMOTA,PDT,1
124493,120,2020-11-17,SESSAO EXTRAORDINARIA,REMOTA,PL,1
124494,120,2020-11-17,SESSAO EXTRAORDINARIA,REMOTA,PROS,1
124495,120,2020-11-17,SESSAO EXTRAORDINARIA,REMOTA,REPUBLICANOS,1
124496,120,2020-11-17,SESSAO EXTRAORDINARIA,REMOTA,PTC,1
124497,120,2020-11-17,SESSAO EXTRAORDINARIA,REMOTA,PSOL,1
124498,120,2020-11-17,SESSAO EXTRAORDINARIA,REMOTA,MDB,1
124499,120,2020-11-17,SESSAO EXTRAORDINARIA,REMOTA,PSC,1
124500,120,2020-11-17,SESSAO EXTRAORDINARIA,REMOTA,PTB,1
124501,120,2020-11-17,SESSAO EXTRAORDINARIA,REMOTA,PSB,1
124502,120,2020-11-17,SESSAO EXTRAORDINARIA,REMOTA,AVANTE,1
124503,120,2020-11-17,SESSAO EXTRAORDINARIA,REMOTA,NOVO,1
124504,120,2020-11-17,SESSAO EXTRAORDINARIA,REMOTA,REDE,1
124505,120,2020-11-17,SESSAO EXTRAORDINARIA,REMOTA,REPUBLICANOS,1
124506,120,2020-11-17,SESSAO EXTRAORDINARIA,REMOTA,PDT,1
124507,120,2020-11-17,SESSAO EXTRAORDINARIA,REMOTA,AVANTE,1
124508,120,2020-11-17,SESSAO EXTRAORDINARIA,REMOTA,PSB,1
124509,120,2020-11-17,SESSAO EXTRAORDINARIA,REMOTA,PP,1
124510,121,2020-11-17,SESSAO EXTRAORDINARIA,REMOTA,PL,1
124511,121,2020-11-17,SESSAO EXTRAORDINARIA,REMOTA,PT,1
124512,121,2020-11-17,SESSAO EXTRAORDINARIA,REMOTA,PT,1
124513,121,2020-11-17,SESSAO EXTRAORDINARIA,REMOTA,PDT,1
124514,121,2020-11-17,SESSAO EXTRAORDINARIA,REMOTA,PL,1
124515,121,2020-11-17,SESSAO EXTRAORDINARIA,REMOTA,PROS,1
124516,121,2020-11-17,SESSAO EXTRAORDINARIA,REMOTA,REPUBLICANOS,1
124517,121,2020-11-17,SESSAO EXTRAORDINARIA,REMOTA,PTC,1
124518,121,2020-11-17,SESSAO EXTRAORDINARIA,REMOTA,PSOL,1
124519,121,2020-11-17,SESSAO EXTRAORDINARIA,REMOTA,MDB,1
124520,121,2020-11-17,SESSAO EXTRAORDINARIA,REMOTA,PSC,1
124521,121,2020-11-17,SESSAO EXTRAORDINARIA,REMOTA,PTB,1
124522,121,2020-11-17,SESSAO EXTRAORDINARIA,REMOTA,PSB,1
124523,121,2020-11-17,SESSAO EXTRAORDINARIA,REMOTA,AVANTE,1
124524,121,2020-11-17,SESSAO EXTRAORDINARIA,REMOTA,NOVO,1
124525,121,2020-11-17,SESSAO EXTRAORDINARIA,REMOTA,REDE,1
124526,121,2020-11-17,SESSAO EXTRAORDINARIA,REMOTA,REPUBLICANOS,1
124527,121,2020-11-17,SESSAO EXTRAORDINARIA,REMOTA,PDT,1
124528,121,2020-11-17,SESSAO EXTRAORDINARIA,REMOTA,AVANTE,1
124529,121,2020-11-17,SESSAO EXTRAORDINARIA,REMOTA,PSB,1
124530,121,2020-11-17,SESSAO EXTRAORDINARIA,REMOTA,PP,1
124531,122,2020-11-18,SESSAO EXTRAORDINARIA,REMOTA,PT,1
124532,122,2020-11-18,SESSAO EXTRAORDINARIA,REMOTA,PT,2
124533,122,2020-11-18,SESSAO EXTRAORDINARIA,REMOTA,PL,1
124534,122,2020-11-18,SESSAO EXTRAORDINARIA,REMOTA,PROS,2
124535,122,2020-11-18,SESSAO EXTRAORDINARIA,REMOTA,REPUBLICANOS,2
124536,122,2020-11-18,SESSAO EXTRAORDINARIA,REMOTA,PTC,2
124537,122,2020-11-18,SESSAO EXTRAORDINARIA,REMOTA,PSOL,2
124538,122,2020-11-18,SESSAO EXTRAORDINARIA,REMOTA,MDB,2
124539,122,2020-11-18,SESSAO EXTRAORDINARIA,REMOTA,PSC,1
124540,122,2020-11-18,SESSAO EXTRAORDINARIA,REMOTA,PTB,2
124541,122,2020-11-18,SESSAO EXTRAORDINARIA,REMOTA,PODEMOS,2
124542,122,2020-11-18,SESSAO EXTRAORDINARIA,REMOTA,PSB,1
124543,122,2020-11-18,SESSAO EXTRAORDINARIA,REMOTA,AVANTE,1
124544,122,2020-11-18,SESSAO EXTRAORDINARIA,REMOTA,NOVO,2
124545,122,2020-11-18,SESSAO EXTRAORDINARIA,REMOTA,REDE,2
124546,122,2020-11-18,SESSAO EXTRAORDINARIA,REMOTA,REPUBLICANOS,2
124547,122,2020-11-18,SESSAO EXTRAORDINARIA,REMOTA,PDT,1
124548,122,2020-11-18,SESSAO EXTRAORDINARIA,REMOTA,MDB,2
124549,122,2020-11-18,SESSAO EXTRAORDINARIA,REMOTA,AVANTE,2
124550,122,2020-11-18,SESSAO EXTRAORDINARIA,REMOTA,PSD,1
124551,122,2020-11-18,SESSAO EXTRAORDINARIA,REMOTA,PSB,1
124552,122,2020-11-18,SESSAO EXTRAORDINARIA,REMOTA,PP,2
124553,123,2020-11-24,SESSAO EXTRAORDINARIA,REMOTA,PL,1
124554,123,2020-11-24,SESSAO EXTRAORDINARIA,REMOTA,PT,1
124555,123,2020-11-24,SESSAO EXTRAORDINARIA,REMOTA,PT,1
124556,123,2020-11-24,SESSAO EXTRAORDINARIA,REMOTA,PDT,1
124557,123,2020-11-24,SESSAO EXTRAORDINARIA,REMOTA,PL,1
124558,123,2020-11-24,SESSAO EXTRAORDINARIA,REMOTA,PROS,1
124559,123,2020-11-24,SESSAO EXTRAORDINARIA,REMOTA,REPUBLICANOS,1
124560,123,2020-11-24,SESSAO EXTRAORDINARIA,REMOTA,PTC,1
124561,123,2020-11-24,SESSAO EXTRAORDINARIA,REMOTA,PSOL,1
124562,123,2020-11-24,SESSAO EXTRAORDINARIA,REMOTA,PSC,1
124563,123,2020-11-24,SESSAO EXTRAORDINARIA,REMOTA,PTB,1
124564,123,2020-11-24,SESSAO EXTRAORDINARIA,REMOTA,PSB,1
124565,123,2020-11-24,SESSAO EXTRAORDINARIA,REMOTA,AVANTE,1
124566,123,2020-11-24,SESSAO EXTRAORDINARIA,REMOTA,NOVO,1
124567,123,2020-11-24,SESSAO EXTRAORDINARIA,REMOTA,PDT,1
124568,123,2020-11-24,SESSAO EXTRAORDINARIA,REMOTA,PSB,1
124569,123,2020-11-24,SESSAO EXTRAORDINARIA,REMOTA,PP,1
124570,124,2020-11-25,SESSAO EXTRAORDINARIA,REMOTA,PL,2
124571,124,2020-11-25,SESSAO EXTRAORDINARIA,REMOTA,PT,2
124572,124,2020-11-25,SESSAO EXTRAORDINARIA,REMOTA,PT,2
124573,124,2020-11-25,SESSAO EXTRAORDINARIA,REMOTA,PL,2
124574,124,2020-11-25,SESSAO EXTRAORDINARIA,REMOTA,PROS,2
124575,124,2020-11-25,SESSAO EXTRAORDINARIA,REMOTA,REPUBLICANOS,2
124576,124,2020-11-25,SESSAO EXTRAORDINARIA,REMOTA,PSOL,2
124577,124,2020-11-25,SESSAO EXTRAORDINARIA,REMOTA,PSC,1
124578,124,2020-11-25,SESSAO EXTRAORDINARIA,REMOTA,PTB,2
124579,124,2020-11-25,SESSAO EXTRAORDINARIA,REMOTA,PODEMOS,2
124580,124,2020-11-25,SESSAO EXTRAORDINARIA,REMOTA,PSB,2
124581,124,2020-11-25,SESSAO EXTRAORDINARIA,REMOTA,AVANTE,2
124582,124,2020-11-25,SESSAO EXTRAORDINARIA,REMOTA,NOVO,2
124583,124,2020-11-25,SESSAO EXTRAORDINARIA,REMOTA,REDE,2
124584,124,2020-11-25,SESSAO EXTRAORDINARIA,REMOTA,PDT,2
124585,124,2020-11-25,SESSAO EXTRAORDINARIA,REMOTA,MDB,1
124586,124,2020-11-25,SESSAO EXTRAORDINARIA,REMOTA,PSD,1
124587,124,2020-11-25,SESSAO EXTRAORDINARIA,REMOTA,PP,2
124588,125,2020-11-25,SESSAO EXTRAORDINARIA,REMOTA,PL,1
124589,125,2020-11-25,SESSAO EXTRAORDINARIA,REMOTA,PT,1
124590,125,2020-11-25,SESSAO EXTRAORDINARIA,REMOTA,PT,1
124591,125,2020-11-25,SESSAO EXTRAORDINARIA,REMOTA,PROS,1
124592,125,2020-11-25,SESSAO EXTRAORDINARIA,REMOTA,REPUBLICANOS,1
124593,125,2020-11-25,SESSAO EXTRAORDINARIA,REMOTA,PTC,1
124594,125,2020-11-25,SESSAO EXTRAORDINARIA,REMOTA,PSOL,1
124595,125,2020-11-25,SESSAO EXTRAORDINARIA,REMOTA,PTB,1
124596,125,2020-11-25,SESSAO EXTRAORDINARIA,REMOTA,PODEMOS,1
124597,125,2020-11-25,SESSAO EXTRAORDINARIA,REMOTA,PSB,1
124598,125,2020-11-25,SESSAO EXTRAORDINARIA,REMOTA,AVANTE,1
124599,125,2020-11-25,SESSAO EXTRAORDINARIA,REMOTA,NOVO,1
124600,125,2020-11-25,SESSAO EXTRAORDINARIA,REMOTA,REDE,1
124601,125,2020-11-25,SESSAO EXTRAORDINARIA,REMOTA,PDT,1
124602,125,2020-11-25,SESSAO EXTRAORDINARIA,REMOTA,PSD,1
124603,125,2020-11-25,SESSAO EXTRAORDINARIA,REMOTA,PP,1
124604,126,2020-12-01,SESSAO EXTRAORDINARIA,REMOTA,PL,1
124605,126,2020-12-01,SESSAO EXTRAORDINARIA,REMOTA,PT,2
124606,126,2020-12-01,SESSAO EXTRAORDINARIA,REMOTA,PT,2
124607,126,2020-12-01,SESSAO EXTRAORDINARIA,REMOTA,PDT,2
124608,126,2020-12-01,SESSAO EXTRAORDINARIA,REMOTA,PL,1
124609,126,2020-12-01,SESSAO EXTRAORDINARIA,REMOTA,PROS,2
124610,126,2020-12-01,SESSAO EXTRAORDINARIA,REMOTA,REPUBLICANOS,2
124611,126,2020-12-01,SESSAO EXTRAORDINARIA,REMOTA,PTC,2
124612,126,2020-12-01,SESSAO EXTRAORDINARIA,REMOTA,PSOL,2
124613,126,2020-12-01,SESSAO EXTRAORDINARIA,REMOTA,MDB,2
124614,126,2020-12-01,SESSAO EXTRAORDINARIA,REMOTA,PSC,2
124615,126,2020-12-01,SESSAO EXTRAORDINARIA,REMOTA,PTB,2
124616,126,2020-12-01,SESSAO EXTRAORDINARIA,REMOTA,PODEMOS,2
124617,126,2020-12-01,SESSAO EXTRAORDINARIA,REMOTA,PSB,1
124618,126,2020-12-01,SESSAO EXTRAORDINARIA,REMOTA,AVANTE,2
124619,126,2020-12-01,SESSAO EXTRAORDINARIA,REMOTA,NOVO,1
124620,126,2020-12-01,SESSAO EXTRAORDINARIA,REMOTA,REPUBLICANOS,1
124621,126,2020-12-01,SESSAO EXTRAORDINARIA,REMOTA,PDT,2
124622,126,2020-12-01,SESSAO EXTRAORDINARIA,REMOTA,MDB,1
124623,126,2020-12-01,SESSAO EXTRAORDINARIA,REMOTA,PSD,1
124624,126,2020-12-01,SESSAO EXTRAORDINARIA,REMOTA,PSB,1
124625,126,2020-12-01,SESSAO EXTRAORDINARIA,REMOTA,PP,2
124626,127,2020-12-01,SESSAO EXTRAORDINARIA,REMOTA,PT,1
124627,127,2020-12-01,SESSAO EXTRAORDINARIA,REMOTA,PT,1
124628,127,2020-12-01,SESSAO EXTRAORDINARIA,REMOTA,PDT,1
124629,127,2020-12-01,SESSAO EXTRAORDINARIA,REMOTA,PROS,1
124630,127,2020-12-01,SESSAO EXTRAORDINARIA,REMOTA,REPUBLICANOS,1
124631,127,2020-12-01,SESSAO EXTRAORDINARIA,REMOTA,PSOL,1
124632,127,2020-12-01,SESSAO EXTRAORDINARIA,REMOTA,PSC,1
124633,127,2020-12-01,SESSAO EXTRAORDINARIA,REMOTA,PTB,1
124634,127,2020-12-01,SESSAO EXTRAORDINARIA,REMOTA,PODEMOS,1
124635,127,2020-12-01,SESSAO EXTRAORDINARIA,REMOTA,PSB,1
124636,127,2020-12-01,SESSAO EXTRAORDINARIA,REMOTA,AVANTE,1
124637,127,2020-12-01,SESSAO EXTRAORDINARIA,REMOTA,REPUBLICANOS,1
124638,127,2020-12-01,SESSAO EXTRAORDINARIA,REMOTA,PDT,1
124639,127,2020-12-01,SESSAO EXTRAORDINARIA,REMOTA,PSB,1
124640,127,2020-12-01,SESSAO EXTRAORDINARIA,REMOTA,PP,1
124641,128,2020-12-02,SESSAO EXTRAORDINARIA,REMOTA,PL,1
124642,128,2020-12-02,SESSAO EXTRAORDINARIA,REMOTA,PT,1
124643,128,2020-12-02,SESSAO EXTRAORDINARIA,REMOTA,PT,1
124644,128,2020-12-02,SESSAO EXTRAORDINARIA,REMOTA,PDT,1
124645,128,2020-12-02,SESSAO EXTRAORDINARIA,REMOTA,REPUBLICANOS,1
124646,128,2020-12-02,SESSAO EXTRAORDINARIA,REMOTA,MDB,1
124647,128,2020-12-02,SESSAO EXTRAORDINARIA,REMOTA,PSB,1
124648,128,2020-12-02,SESSAO EXTRAORDINARIA,REMOTA,AVANTE,1
124649,128,2020-12-02,SESSAO EXTRAORDINARIA,REMOTA,REPUBLICANOS,1
124650,128,2020-12-02,SESSAO EXTRAORDINARIA,REMOTA,PDT,1
124651,128,2020-12-02,SESSAO EXTRAORDINARIA,REMOTA,MDB,1
124652,128,2020-12-02,SESSAO EXTRAORDINARIA,REMOTA,PP,1
124653,129,2020-12-08,SESSAO EXTRAORDINARIA,REMOTA,PL,1
124654,129,2020-12-08,SESSAO EXTRAORDINARIA,REMOTA,PT,1
124655,129,2020-12-08,SESSAO EXTRAORDINARIA,REMOTA,PT,1
124656,129,2020-12-08,SESSAO EXTRAORDINARIA,REMOTA,PDT,1
124657,129,2020-12-08,SESSAO EXTRAORDINARIA,REMOTA,PL,1
124658,129,2020-12-08,SESSAO EXTRAORDINARIA,REMOTA,PROS,1
124659,129,2020-12-08,SESSAO EXTRAORDINARIA,REMOTA,REPUBLICANOS,1
124660,129,2020-12-08,SESSAO EXTRAORDINARIA,REMOTA,PTC,1
124661,129,2020-12-08,SESSAO EXTRAORDINARIA,REMOTA,PSOL,1
124662,129,2020-12-08,SESSAO EXTRAORDINARIA,REMOTA,MDB,1
124663,129,2020-12-08,SESSAO EXTRAORDINARIA,REMOTA,PSC,1
124664,129,2020-12-08,SESSAO EXTRAORDINARIA,REMOTA,PTB,2
124665,129,2020-12-08,SESSAO EXTRAORDINARIA,REMOTA,PODEMOS,1
124666,129,2020-12-08,SESSAO EXTRAORDINARIA,REMOTA,PSB,2
124667,129,2020-12-08,SESSAO EXTRAORDINARIA,REMOTA,AVANTE,1
124668,129,2020-12-08,SESSAO EXTRAORDINARIA,REMOTA,NOVO,2
124669,129,2020-12-08,SESSAO EXTRAORDINARIA,REMOTA,REDE,1
124670,129,2020-12-08,SESSAO EXTRAORDINARIA,REMOTA,REPUBLICANOS,2
124671,129,2020-12-08,SESSAO EXTRAORDINARIA,REMOTA,PDT,1
124672,129,2020-12-08,SESSAO EXTRAORDINARIA,REMOTA,MDB,1
124673,129,2020-12-08,SESSAO EXTRAORDINARIA,REMOTA,AVANTE,1
124674,129,2020-12-08,SESSAO EXTRAORDINARIA,REMOTA,PSD,1
124675,129,2020-12-08,SESSAO EXTRAORDINARIA,REMOTA,PSB,2
124676,129,2020-12-08,SESSAO EXTRAORDINARIA,REMOTA,PP,1
124677,130,2020-12-09,SESSAO EXTRAORDINARIA,REMOTA,PL,1
124678,130,2020-12-09,SESSAO EXTRAORDINARIA,REMOTA,PT,1
124679,130,2020-12-09,SESSAO EXTRAORDINARIA,REMOTA,PT,1
124680,130,2020-12-09,SESSAO EXTRAORDINARIA,REMOTA,PDT,1
124681,130,2020-12-09,SESSAO EXTRAORDINARIA,REMOTA,PL,1
124682,130,2020-12-09,SESSAO EXTRAORDINARIA,REMOTA,PROS,1
124683,130,2020-12-09,SESSAO EXTRAORDINARIA,REMOTA,REPUBLICANOS,1
124684,130,2020-12-09,SESSAO EXTRAORDINARIA,REMOTA,PTC,1
124685,130,2020-12-09,SESSAO EXTRAORDINARIA,REMOTA,PSOL,1
124686,130,2020-12-09,SESSAO EXTRAORDINARIA,REMOTA,MDB,1
124687,130,2020-12-09,SESSAO EXTRAORDINARIA,REMOTA,PSC,1
124688,130,2020-12-09,SESSAO EXTRAORDINARIA,REMOTA,PTB,1
124689,130,2020-12-09,SESSAO EXTRAORDINARIA,REMOTA,PODEMOS,1
124690,130,2020-12-09,SESSAO EXTRAORDINARIA,REMOTA,PSB,1
124691,130,2020-12-09,SESSAO EXTRAORDINARIA,REMOTA,AVANTE,1
124692,130,2020-12-09,SESSAO EXTRAORDINARIA,REMOTA,NOVO,1
124693,130,2020-12-09,SESSAO EXTRAORDINARIA,REMOTA,REDE,1
124694,130,2020-12-09,SESSAO EXTRAORDINARIA,REMOTA,REPUBLICANOS,1
124695,130,2020-12-09,SESSAO EXTRAORDINARIA,REMOTA,PDT,1
124696,130,2020-12-09,SESSAO EXTRAORDINARIA,REMOTA,MDB,1
124697,130,2020-12-09,SESSAO EXTRAORDINARIA,REMOTA,AVANTE,1
124698,130,2020-12-09,SESSAO EXTRAORDINARIA,REMOTA,PSB,1
124699,130,2020-12-09,SESSAO EXTRAORDINARIA,REMOTA,PP,1
124700,131,2020-12-09,SESSAO EXTRAORDINARIA,REMOTA,PL,1
124701,131,2020-12-09,SESSAO EXTRAORDINARIA,REMOTA,PT,1
124702,131,2020-12-09,SESSAO EXTRAORDINARIA,REMOTA,PT,1
124703,131,2020-12-09,SESSAO EXTRAORDINARIA,REMOTA,PDT,1
124704,131,2020-12-09,SESSAO EXTRAORDINARIA,REMOTA,PROS,1
124705,131,2020-12-09,SESSAO EXTRAORDINARIA,REMOTA,REPUBLICANOS,1
124706,131,2020-12-09,SESSAO EXTRAORDINARIA,REMOTA,PSOL,1
124707,131,2020-12-09,SESSAO EXTRAORDINARIA,REMOTA,PSC,1
124708,131,2020-12-09,SESSAO EXTRAORDINARIA,REMOTA,PTB,1
124709,131,2020-12-09,SESSAO EXTRAORDINARIA,REMOTA,AVANTE,1
124710,131,2020-12-09,SESSAO EXTRAORDINARIA,REMOTA,NOVO,1
124711,131,2020-12-09,SESSAO EXTRAORDINARIA,REMOTA,REPUBLICANOS,1
124712,131,2020-12-09,SESSAO EXTRAORDINARIA,REMOTA,PDT,1
124713,131,2020-12-09,SESSAO EXTRAORDINARIA,REMOTA,MDB,1
124714,131,2020-12-09,SESSAO EXTRAORDINARIA,REMOTA,AVANTE,1
124715,131,2020-12-09,SESSAO EXTRAORDINARIA,REMOTA,PP,1
124716,132,2020-12-10,SESSAO EXTRAORDINARIA,REMOTA,PL,1
124717,132,2020-12-10,SESSAO EXTRAORDINARIA,REMOTA,PT,1
124718,132,2020-12-10,SESSAO EXTRAORDINARIA,REMOTA,PT,1
124719,132,2020-12-10,SESSAO EXTRAORDINARIA,REMOTA,PDT,1
124720,132,2020-12-10,SESSAO EXTRAORDINARIA,REMOTA,PROS,1
124721,132,2020-12-10,SESSAO EXTRAORDINARIA,REMOTA,REPUBLICANOS,1
124722,132,2020-12-10,SESSAO EXTRAORDINARIA,REMOTA,PTC,1
124723,132,2020-12-10,SESSAO EXTRAORDINARIA,REMOTA,PSOL,1
124724,132,2020-12-10,SESSAO EXTRAORDINARIA,REMOTA,MDB,1
124725,132,2020-12-10,SESSAO EXTRAORDINARIA,REMOTA,PSC,1
124726,132,2020-12-10,SESSAO EXTRAORDINARIA,REMOTA,PODEMOS,1
124727,132,2020-12-10,SESSAO EXTRAORDINARIA,REMOTA,PSB,1
124728,132,2020-12-10,SESSAO EXTRAORDINARIA,REMOTA,AVANTE,1
124729,132,2020-12-10,SESSAO EXTRAORDINARIA,REMOTA,NOVO,1
124730,132,2020-12-10,SESSAO EXTRAORDINARIA,REMOTA,REDE,1
124731,132,2020-12-10,SESSAO EXTRAORDINARIA,REMOTA,REPUBLICANOS,1
124732,132,2020-12-10,SESSAO EXTRAORDINARIA,REMOTA,PDT,1
124733,132,2020-12-10,SESSAO EXTRAORDINARIA,REMOTA,MDB,1
124734,132,2020-12-10,SESSAO EXTRAORDINARIA,REMOTA,PSD,1
124735,132,2020-12-10,SESSAO EXTRAORDINARIA,REMOTA,PP,1
124736,133,2020-12-10,SESSAO EXTRAORDINARIA,REMOTA,PL,2
124737,133,2020-12-10,SESSAO EXTRAORDINARIA,REMOTA,PT,2
124738,133,2020-12-10,SESSAO EXTRAORDINARIA,REMOTA,PT,2
124739,133,2020-12-10,SESSAO EXTRAORDINARIA,REMOTA,PDT,1
124740,133,2020-12-10,SESSAO EXTRAORDINARIA,REMOTA,PROS,1
124741,133,2020-12-10,SESSAO EXTRAORDINARIA,REMOTA,REPUBLICANOS,2
124742,133,2020-12-10,SESSAO EXTRAORDINARIA,REMOTA,PTC,2
124743,133,2020-12-10,SESSAO EXTRAORDINARIA,REMOTA,PSOL,2
124744,133,2020-12-10,SESSAO EXTRAORDINARIA,REMOTA,PSC,2
124745,133,2020-12-10,SESSAO EXTRAORDINARIA,REMOTA,PODEMOS,1
124746,133,2020-12-10,SESSAO EXTRAORDINARIA,REMOTA,PSB,1
124747,133,2020-12-10,SESSAO EXTRAORDINARIA,REMOTA,AVANTE,2
124748,133,2020-12-10,SESSAO EXTRAORDINARIA,REMOTA,NOVO,2
124749,133,2020-12-10,SESSAO EXTRAORDINARIA,REMOTA,REDE,2
124750,133,2020-12-10,SESSAO EXTRAORDINARIA,REMOTA,REPUBLICANOS,1
124751,133,2020-12-10,SESSAO EXTRAORDINARIA,REMOTA,PDT,2
124752,133,2020-12-10,SESSAO EXTRAORDINARIA,REMOTA,MDB,1
124753,133,2020-12-10,SESSAO EXTRAORDINARIA,REMOTA,PSD,1
124754,133,2020-12-10,SESSAO EXTRAORDINARIA,REMOTA,PSB,1
124755,133,2020-12-10,SESSAO EXTRAORDINARIA,REMOTA,PP,2
124756,134,2020-12-10,SESSAO EXTRAORDINARIA,REMOTA,PL,1
124757,134,2020-12-10,SESSAO EXTRAORDINARIA,REMOTA,PT,1
124758,134,2020-12-10,SESSAO EXTRAORDINARIA,REMOTA,PT,1
124759,134,2020-12-10,SESSAO EXTRAORDINARIA,REMOTA,REPUBLICANOS,1
124760,134,2020-12-10,SESSAO EXTRAORDINARIA,REMOTA,PTC,1
124761,134,2020-12-10,SESSAO EXTRAORDINARIA,REMOTA,PSOL,1
124762,134,2020-12-10,SESSAO EXTRAORDINARIA,REMOTA,PSC,1
124763,134,2020-12-10,SESSAO EXTRAORDINARIA,REMOTA,PODEMOS,1
124764,134,2020-12-10,SESSAO EXTRAORDINARIA,REMOTA,PSB,1
124765,134,2020-12-10,SESSAO EXTRAORDINARIA,REMOTA,AVANTE,1
124766,134,2020-12-10,SESSAO EXTRAORDINARIA,REMOTA,NOVO,1
124767,134,2020-12-10,SESSAO EXTRAORDINARIA,REMOTA,REDE,1
124768,134,2020-12-10,SESSAO EXTRAORDINARIA,REMOTA,REPUBLICANOS,1
124769,134,2020-12-10,SESSAO EXTRAORDINARIA,REMOTA,PDT,1
124770,134,2020-12-10,SESSAO EXTRAORDINARIA,REMOTA,MDB,1
124771,134,2020-12-10,SESSAO EXTRAORDINARIA,REMOTA,PSD,1
124772,134,2020-12-10,SESSAO EXTRAORDINARIA,REMOTA,PSB,1
124773,134,2020-12-10,SESSAO EXTRAORDINARIA,REMOTA,PP,1
124774,135,2020-12-15,SESSAO EXTRAORDINARIA,PRESENCIAL,PL,1
124775,135,2020-12-15,SESSAO EXTRAORDINARIA,PRESENCIAL,PT,1
124776,135,2020-12-15,SESSAO EXTRAORDINARIA,PRESENCIAL,PT,1
124777,135,2020-12-15,SESSAO EXTRAORDINARIA,PRESENCIAL,PDT,1
124778,135,2020-12-15,SESSAO EXTRAORDINARIA,PRESENCIAL,PL,1
124779,135,2020-12-15,SESSAO EXTRAORDINARIA,PRESENCIAL,PROS,1
124780,135,2020-12-15,SESSAO EXTRAORDINARIA,PRESENCIAL,REPUBLICANOS,1
124781,135,2020-12-15,SESSAO EXTRAORDINARIA,PRESENCIAL,PTC,1
124782,135,2020-12-15,SESSAO EXTRAORDINARIA,PRESENCIAL,PSOL,1
124783,135,2020-12-15,SESSAO EXTRAORDINARIA,PRESENCIAL,MDB,1
124784,135,2020-12-15,SESSAO EXTRAORDINARIA,PRESENCIAL,PSC,1
124785,135,2020-12-15,SESSAO EXTRAORDINARIA,PRESENCIAL,PTB,1
124786,135,2020-12-15,SESSAO EXTRAORDINARIA,PRESENCIAL,PODEMOS,1
124787,135,2020-12-15,SESSAO EXTRAORDINARIA,PRESENCIAL,PSB,1
124788,135,2020-12-15,SESSAO EXTRAORDINARIA,PRESENCIAL,AVANTE,1
124789,135,2020-12-15,SESSAO EXTRAORDINARIA,PRESENCIAL,NOVO,1
124790,135,2020-12-15,SESSAO EXTRAORDINARIA,PRESENCIAL,REDE,1
124791,135,2020-12-15,SESSAO EXTRAORDINARIA,PRESENCIAL,REPUBLICANOS,1
124792,135,2020-12-15,SESSAO EXTRAORDINARIA,PRESENCIAL,PDT,1
124793,135,2020-12-15,SESSAO EXTRAORDINARIA,PRESENCIAL,MDB,1
124794,135,2020-12-15,SESSAO EXTRAORDINARIA,PRESENCIAL,AVANTE,1
124795,135,2020-12-15,SESSAO EXTRAORDINARIA,PRESENCIAL,PSD,1
124796,135,2020-12-15,SESSAO EXTRAORDINARIA,PRESENCIAL,PSB,1
124797,135,2020-12-15,SESSAO EXTRAORDINARIA,PRESENCIAL,PP,1
124798,136,2021-02-02,SESSAO PREPARATORIA,REMOTA,PL,1
124799,136,2021-02-02,SESSAO PREPARATORIA,REMOTA,PT,1
124800,136,2021-02-02,SESSAO PREPARATORIA,REMOTA,PT,1
124801,136,2021-02-02,SESSAO PREPARATORIA,REMOTA,PDT,1
124802,136,2021-02-02,SESSAO PREPARATORIA,REMOTA,PL,1
124803,136,2021-02-02,SESSAO PREPARATORIA,REMOTA,PROS,1
124804,136,2021-02-02,SESSAO PREPARATORIA,REMOTA,REPUBLICANOS,1
124805,136,2021-02-02,SESSAO PREPARATORIA,REMOTA,PTC,1
124806,136,2021-02-02,SESSAO PREPARATORIA,REMOTA,PSOL,1
124807,136,2021-02-02,SESSAO PREPARATORIA,REMOTA,MDB,1
124808,136,2021-02-02,SESSAO PREPARATORIA,REMOTA,PSC,1
124809,136,2021-02-02,SESSAO PREPARATORIA,REMOTA,PTB,1
124810,136,2021-02-02,SESSAO PREPARATORIA,REMOTA,PODEMOS,1
124811,136,2021-02-02,SESSAO PREPARATORIA,REMOTA,PSB,1
124812,136,2021-02-02,SESSAO PREPARATORIA,REMOTA,NOVO,1
124813,136,2021-02-02,SESSAO PREPARATORIA,REMOTA,REDE,1
124814,136,2021-02-02,SESSAO PREPARATORIA,REMOTA,REPUBLICANOS,1
124815,136,2021-02-02,SESSAO PREPARATORIA,REMOTA,PDT,1
124816,136,2021-02-02,SESSAO PREPARATORIA,REMOTA,MDB,1
124817,136,2021-02-02,SESSAO PREPARATORIA,REMOTA,AVANTE,1
124818,136,2021-02-02,SESSAO PREPARATORIA,REMOTA,PSD,1
124819,136,2021-02-02,SESSAO PREPARATORIA,REMOTA,PP,1
124820,137,2021-02-03,SESSAO EXTRAORDINARIA,REMOTA,PL,1
124821,137,2021-02-03,SESSAO EXTRAORDINARIA,REMOTA,PT,1
124822,137,2021-02-03,SESSAO EXTRAORDINARIA,REMOTA,PT,1
124823,137,2021-02-03,SESSAO EXTRAORDINARIA,REMOTA,PDT,1
124824,137,2021-02-03,SESSAO EXTRAORDINARIA,REMOTA,PROS,1
124825,137,2021-02-03,SESSAO EXTRAORDINARIA,REMOTA,REPUBLICANOS,1
124826,137,2021-02-03,SESSAO EXTRAORDINARIA,REMOTA,PSOL,1
124827,137,2021-02-03,SESSAO EXTRAORDINARIA,REMOTA,MDB,1
124828,137,2021-02-03,SESSAO EXTRAORDINARIA,REMOTA,PSC,1
124829,137,2021-02-03,SESSAO EXTRAORDINARIA,REMOTA,PTB,1
124830,137,2021-02-03,SESSAO EXTRAORDINARIA,REMOTA,PODEMOS,1
124831,137,2021-02-03,SESSAO EXTRAORDINARIA,REMOTA,PSB,1
124832,137,2021-02-03,SESSAO EXTRAORDINARIA,REMOTA,AVANTE,1
124833,137,2021-02-03,SESSAO EXTRAORDINARIA,REMOTA,NOVO,1
124834,137,2021-02-03,SESSAO EXTRAORDINARIA,REMOTA,REDE,1
124835,137,2021-02-03,SESSAO EXTRAORDINARIA,REMOTA,REPUBLICANOS,1
124836,137,2021-02-03,SESSAO EXTRAORDINARIA,REMOTA,PDT,1
124837,137,2021-02-03,SESSAO EXTRAORDINARIA,REMOTA,AVANTE,1
124838,137,2021-02-03,SESSAO EXTRAORDINARIA,REMOTA,PP,1
124839,138,2021-02-09,SESSAO EXTRAORDINARIA,REMOTA,PL,1
124840,138,2021-02-09,SESSAO EXTRAORDINARIA,REMOTA,PT,2
124841,138,2021-02-09,SESSAO EXTRAORDINARIA,REMOTA,PT,2
124842,138,2021-02-09,SESSAO EXTRAORDINARIA,REMOTA,PDT,2
124843,138,2021-02-09,SESSAO EXTRAORDINARIA,REMOTA,PROS,2
124844,138,2021-02-09,SESSAO EXTRAORDINARIA,REMOTA,REPUBLICANOS,2
124845,138,2021-02-09,SESSAO EXTRAORDINARIA,REMOTA,PTC,1
124846,138,2021-02-09,SESSAO EXTRAORDINARIA,REMOTA,PSOL,2
124847,138,2021-02-09,SESSAO EXTRAORDINARIA,REMOTA,MDB,2
124848,138,2021-02-09,SESSAO EXTRAORDINARIA,REMOTA,PSC,2
124849,138,2021-02-09,SESSAO EXTRAORDINARIA,REMOTA,PTB,2
124850,138,2021-02-09,SESSAO EXTRAORDINARIA,REMOTA,PODEMOS,1
124851,138,2021-02-09,SESSAO EXTRAORDINARIA,REMOTA,PSB,2
124852,138,2021-02-09,SESSAO EXTRAORDINARIA,REMOTA,AVANTE,1
124853,138,2021-02-09,SESSAO EXTRAORDINARIA,REMOTA,NOVO,2
124854,138,2021-02-09,SESSAO EXTRAORDINARIA,REMOTA,REDE,2
124855,138,2021-02-09,SESSAO EXTRAORDINARIA,REMOTA,REPUBLICANOS,2
124856,138,2021-02-09,SESSAO EXTRAORDINARIA,REMOTA,PDT,2
124857,138,2021-02-09,SESSAO EXTRAORDINARIA,REMOTA,MDB,1
124858,138,2021-02-09,SESSAO EXTRAORDINARIA,REMOTA,AVANTE,2
124859,138,2021-02-09,SESSAO EXTRAORDINARIA,REMOTA,PSD,2
124860,138,2021-02-09,SESSAO EXTRAORDINARIA,REMOTA,PSB,1
124861,138,2021-02-09,SESSAO EXTRAORDINARIA,REMOTA,PP,2
124862,139,2021-02-10,SESSAO EXTRAORDINARIA,REMOTA,PL,1
124863,139,2021-02-10,SESSAO EXTRAORDINARIA,REMOTA,PT,1
124864,139,2021-02-10,SESSAO EXTRAORDINARIA,REMOTA,PT,1
124865,139,2021-02-10,SESSAO EXTRAORDINARIA,REMOTA,PDT,1
124866,139,2021-02-10,SESSAO EXTRAORDINARIA,REMOTA,PROS,1
124867,139,2021-02-10,SESSAO EXTRAORDINARIA,REMOTA,REPUBLICANOS,1
124868,139,2021-02-10,SESSAO EXTRAORDINARIA,REMOTA,PSOL,1
124869,139,2021-02-10,SESSAO EXTRAORDINARIA,REMOTA,MDB,1
124870,139,2021-02-10,SESSAO EXTRAORDINARIA,REMOTA,PTB,1
124871,139,2021-02-10,SESSAO EXTRAORDINARIA,REMOTA,PSB,1
124872,139,2021-02-10,SESSAO EXTRAORDINARIA,REMOTA,AVANTE,1
124873,139,2021-02-10,SESSAO EXTRAORDINARIA,REMOTA,NOVO,1
124874,139,2021-02-10,SESSAO EXTRAORDINARIA,REMOTA,REDE,1
124875,139,2021-02-10,SESSAO EXTRAORDINARIA,REMOTA,REPUBLICANOS,1
124876,139,2021-02-10,SESSAO EXTRAORDINARIA,REMOTA,PDT,1
124877,139,2021-02-10,SESSAO EXTRAORDINARIA,REMOTA,MDB,1
124878,139,2021-02-10,SESSAO EXTRAORDINARIA,REMOTA,AVANTE,1
124879,139,2021-02-10,SESSAO EXTRAORDINARIA,REMOTA,PSB,1
124880,139,2021-02-10,SESSAO EXTRAORDINARIA,REMOTA,PP,1
124881,140,2021-02-23,SESSAO EXTRAORDINARIA,REMOTA,PL,1
124882,140,2021-02-23,SESSAO EXTRAORDINARIA,REMOTA,PT,1
124883,140,2021-02-23,SESSAO EXTRAORDINARIA,REMOTA,PT,1
124884,140,2021-02-23,SESSAO EXTRAORDINARIA,REMOTA,PDT,1
124885,140,2021-02-23,SESSAO EXTRAORDINARIA,REMOTA,PROS,1
124886,140,2021-02-23,SESSAO EXTRAORDINARIA,REMOTA,REPUBLICANOS,1
124887,140,2021-02-23,SESSAO EXTRAORDINARIA,REMOTA,PTC,1
124888,140,2021-02-23,SESSAO EXTRAORDINARIA,REMOTA,PSOL,1
124889,140,2021-02-23,SESSAO EXTRAORDINARIA,REMOTA,MDB,1
124890,140,2021-02-23,SESSAO EXTRAORDINARIA,REMOTA,PSC,1
124891,140,2021-02-23,SESSAO EXTRAORDINARIA,REMOTA,PTB,1
124892,140,2021-02-23,SESSAO EXTRAORDINARIA,REMOTA,PODEMOS,1
124893,140,2021-02-23,SESSAO EXTRAORDINARIA,REMOTA,PSB,1
124894,140,2021-02-23,SESSAO EXTRAORDINARIA,REMOTA,AVANTE,1
124895,140,2021-02-23,SESSAO EXTRAORDINARIA,REMOTA,NOVO,1
124896,140,2021-02-23,SESSAO EXTRAORDINARIA,REMOTA,REDE,1
124897,140,2021-02-23,SESSAO EXTRAORDINARIA,REMOTA,REPUBLICANOS,1
124898,140,2021-02-23,SESSAO EXTRAORDINARIA,REMOTA,PDT,1
124899,140,2021-02-23,SESSAO EXTRAORDINARIA,REMOTA,MDB,1
124900,140,2021-02-23,SESSAO EXTRAORDINARIA,REMOTA,AVANTE,1
124901,140,2021-02-23,SESSAO EXTRAORDINARIA,REMOTA,PSD,1
124902,140,2021-02-23,SESSAO EXTRAORDINARIA,REMOTA,PSB,1
124903,140,2021-02-23,SESSAO EXTRAORDINARIA,REMOTA,PP,1
124904,141,2021-02-23,SESSAO EXTRAORDINARIA,REMOTA,PL,1
124905,141,2021-02-23,SESSAO EXTRAORDINARIA,REMOTA,PT,1
124906,141,2021-02-23,SESSAO EXTRAORDINARIA,REMOTA,PT,1
124907,141,2021-02-23,SESSAO EXTRAORDINARIA,REMOTA,PDT,1
124908,141,2021-02-23,SESSAO EXTRAORDINARIA,REMOTA,PROS,1
124909,141,2021-02-23,SESSAO EXTRAORDINARIA,REMOTA,REPUBLICANOS,1
124910,141,2021-02-23,SESSAO EXTRAORDINARIA,REMOTA,PSOL,1
124911,141,2021-02-23,SESSAO EXTRAORDINARIA,REMOTA,MDB,1
124912,141,2021-02-23,SESSAO EXTRAORDINARIA,REMOTA,PSC,1
124913,141,2021-02-23,SESSAO EXTRAORDINARIA,REMOTA,PTB,1
124914,141,2021-02-23,SESSAO EXTRAORDINARIA,REMOTA,PODEMOS,1
124915,141,2021-02-23,SESSAO EXTRAORDINARIA,REMOTA,PSB,1
124916,141,2021-02-23,SESSAO EXTRAORDINARIA,REMOTA,NOVO,1
124917,141,2021-02-23,SESSAO EXTRAORDINARIA,REMOTA,REPUBLICANOS,1
124918,141,2021-02-23,SESSAO EXTRAORDINARIA,REMOTA,PDT,1
124919,141,2021-02-23,SESSAO EXTRAORDINARIA,REMOTA,MDB,1
124920,141,2021-02-23,SESSAO EXTRAORDINARIA,REMOTA,AVANTE,1
124921,141,2021-02-23,SESSAO EXTRAORDINARIA,REMOTA,PSD,1
124922,141,2021-02-23,SESSAO EXTRAORDINARIA,REMOTA,PSB,1
124923,141,2021-02-23,SESSAO EXTRAORDINARIA,REMOTA,PP,1
124924,142,2021-02-24,SESSAO EXTRAORDINARIA,REMOTA,PL,1
124925,142,2021-02-24,SESSAO EXTRAORDINARIA,REMOTA,PT,1
124926,142,2021-02-24,SESSAO EXTRAORDINARIA,REMOTA,PT,1
124927,142,2021-02-24,SESSAO EXTRAORDINARIA,REMOTA,PDT,1
124928,142,2021-02-24,SESSAO EXTRAORDINARIA,REMOTA,PROS,1
124929,142,2021-02-24,SESSAO EXTRAORDINARIA,REMOTA,REPUBLICANOS,1
124930,142,2021-02-24,SESSAO EXTRAORDINARIA,REMOTA,PSOL,1
124931,142,2021-02-24,SESSAO EXTRAORDINARIA,REMOTA,MDB,1
124932,142,2021-02-24,SESSAO EXTRAORDINARIA,REMOTA,PSC,1
124933,142,2021-02-24,SESSAO EXTRAORDINARIA,REMOTA,PTB,1
124934,142,2021-02-24,SESSAO EXTRAORDINARIA,REMOTA,PSB,1
124935,142,2021-02-24,SESSAO EXTRAORDINARIA,REMOTA,AVANTE,1
124936,142,2021-02-24,SESSAO EXTRAORDINARIA,REMOTA,NOVO,1
124937,142,2021-02-24,SESSAO EXTRAORDINARIA,REMOTA,REDE,1
124938,142,2021-02-24,SESSAO EXTRAORDINARIA,REMOTA,REPUBLICANOS,1
124939,142,2021-02-24,SESSAO EXTRAORDINARIA,REMOTA,PDT,1
124940,142,2021-02-24,SESSAO EXTRAORDINARIA,REMOTA,MDB,1
124941,142,2021-02-24,SESSAO EXTRAORDINARIA,REMOTA,PSB,1
124942,142,2021-02-24,SESSAO EXTRAORDINARIA,REMOTA,PP,1
124943,143,2021-03-02,SESSAO EXTRAORDINARIA,REMOTA,PL,1
124944,143,2021-03-02,SESSAO EXTRAORDINARIA,REMOTA,PT,1
124945,143,2021-03-02,SESSAO EXTRAORDINARIA,REMOTA,PT,1
124946,143,2021-03-02,SESSAO EXTRAORDINARIA,REMOTA,PDT,1
124947,143,2021-03-02,SESSAO EXTRAORDINARIA,REMOTA,PL,1
124948,143,2021-03-02,SESSAO EXTRAORDINARIA,REMOTA,REPUBLICANOS,1
124949,143,2021-03-02,SESSAO EXTRAORDINARIA,REMOTA,PTC,1
124950,143,2021-03-02,SESSAO EXTRAORDINARIA,REMOTA,PSOL,1
124951,143,2021-03-02,SESSAO EXTRAORDINARIA,REMOTA,MDB,1
124952,143,2021-03-02,SESSAO EXTRAORDINARIA,REMOTA,PSC,1
124953,143,2021-03-02,SESSAO EXTRAORDINARIA,REMOTA,PTB,1
124954,143,2021-03-02,SESSAO EXTRAORDINARIA,REMOTA,PODEMOS,1
124955,143,2021-03-02,SESSAO EXTRAORDINARIA,REMOTA,PSB,1
124956,143,2021-03-02,SESSAO EXTRAORDINARIA,REMOTA,AVANTE,1
124957,143,2021-03-02,SESSAO EXTRAORDINARIA,REMOTA,NOVO,1
124958,143,2021-03-02,SESSAO EXTRAORDINARIA,REMOTA,REDE,1
124959,143,2021-03-02,SESSAO EXTRAORDINARIA,REMOTA,PDT,1
124960,143,2021-03-02,SESSAO EXTRAORDINARIA,REMOTA,MDB,1
124961,143,2021-03-02,SESSAO EXTRAORDINARIA,REMOTA,PSD,1
124962,143,2021-03-02,SESSAO EXTRAORDINARIA,REMOTA,PSB,1
124963,143,2021-03-02,SESSAO EXTRAORDINARIA,REMOTA,PP,1
124964,144,2021-03-03,SESSAO EXTRAORDINARIA,REMOTA,PL,1
124965,144,2021-03-03,SESSAO EXTRAORDINARIA,REMOTA,PT,1
124966,144,2021-03-03,SESSAO EXTRAORDINARIA,REMOTA,PT,1
124967,144,2021-03-03,SESSAO EXTRAORDINARIA,REMOTA,PDT,1
124968,144,2021-03-03,SESSAO EXTRAORDINARIA,REMOTA,REPUBLICANOS,1
124969,144,2021-03-03,SESSAO EXTRAORDINARIA,REMOTA,PTC,1
124970,144,2021-03-03,SESSAO EXTRAORDINARIA,REMOTA,PSOL,1
124971,144,2021-03-03,SESSAO EXTRAORDINARIA,REMOTA,MDB,1
124972,144,2021-03-03,SESSAO EXTRAORDINARIA,REMOTA,PSC,1
124973,144,2021-03-03,SESSAO EXTRAORDINARIA,REMOTA,PTB,1
124974,144,2021-03-03,SESSAO EXTRAORDINARIA,REMOTA,PODEMOS,1
124975,144,2021-03-03,SESSAO EXTRAORDINARIA,REMOTA,PSB,1
124976,144,2021-03-03,SESSAO EXTRAORDINARIA,REMOTA,AVANTE,1
124977,144,2021-03-03,SESSAO EXTRAORDINARIA,REMOTA,NOVO,1
124978,144,2021-03-03,SESSAO EXTRAORDINARIA,REMOTA,REDE,1
124979,144,2021-03-03,SESSAO EXTRAORDINARIA,REMOTA,PDT,1
124980,144,2021-03-03,SESSAO EXTRAORDINARIA,REMOTA,MDB,1
124981,144,2021-03-03,SESSAO EXTRAORDINARIA,REMOTA,PSD,1
124982,144,2021-03-03,SESSAO EXTRAORDINARIA,REMOTA,PP,1
124983,145,2021-03-09,SESSAO EXTRAORDINARIA,REMOTA,PL,1
124984,145,2021-03-09,SESSAO EXTRAORDINARIA,REMOTA,PT,2
124985,145,2021-03-09,SESSAO EXTRAORDINARIA,REMOTA,PT,2
124986,145,2021-03-09,SESSAO EXTRAORDINARIA,REMOTA,PDT,2
124987,145,2021-03-09,SESSAO EXTRAORDINARIA,REMOTA,REPUBLICANOS,2
124988,145,2021-03-09,SESSAO EXTRAORDINARIA,REMOTA,PTC,1
124989,145,2021-03-09,SESSAO EXTRAORDINARIA,REMOTA,PSOL,2
124990,145,2021-03-09,SESSAO EXTRAORDINARIA,REMOTA,MDB,2
124991,145,2021-03-09,SESSAO EXTRAORDINARIA,REMOTA,PSC,2
124992,145,2021-03-09,SESSAO EXTRAORDINARIA,REMOTA,PTB,2
124993,145,2021-03-09,SESSAO EXTRAORDINARIA,REMOTA,PODEMOS,2
124994,145,2021-03-09,SESSAO EXTRAORDINARIA,REMOTA,PSB,1
124995,145,2021-03-09,SESSAO EXTRAORDINARIA,REMOTA,AVANTE,2
124996,145,2021-03-09,SESSAO EXTRAORDINARIA,REMOTA,NOVO,2
124997,145,2021-03-09,SESSAO EXTRAORDINARIA,REMOTA,REDE,2
124998,145,2021-03-09,SESSAO EXTRAORDINARIA,REMOTA,PDT,2
124999,145,2021-03-09,SESSAO EXTRAORDINARIA,REMOTA,MDB,1
125000,145,2021-03-09,SESSAO EXTRAORDINARIA,REMOTA,AVANTE,1
125001,145,2021-03-09,SESSAO EXTRAORDINARIA,REMOTA,PSD,1
125002,145,2021-03-09,SESSAO EXTRAORDINARIA,REMOTA,PSB,1
125003,145,2021-03-09,SESSAO EXTRAORDINARIA,REMOTA,PP,1
125004,146,2021-03-09,SESSAO EXTRAORDINARIA,REMOTA,PT,1
125005,146,2021-03-09,SESSAO EXTRAORDINARIA,REMOTA,PT,1
125006,146,2021-03-09,SESSAO EXTRAORDINARIA,REMOTA,PDT,1
125007,146,2021-03-09,SESSAO EXTRAORDINARIA,REMOTA,REPUBLICANOS,1
125008,146,2021-03-09,SESSAO EXTRAORDINARIA,REMOTA,PTC,1
125009,146,2021-03-09,SESSAO EXTRAORDINARIA,REMOTA,PSOL,1
125010,146,2021-03-09,SESSAO EXTRAORDINARIA,REMOTA,MDB,1
125011,146,2021-03-09,SESSAO EXTRAORDINARIA,REMOTA,PSC,1
125012,146,2021-03-09,SESSAO EXTRAORDINARIA,REMOTA,PTB,1
125013,146,2021-03-09,SESSAO EXTRAORDINARIA,REMOTA,PODEMOS,1
125014,146,2021-03-09,SESSAO EXTRAORDINARIA,REMOTA,NOVO,1
125015,146,2021-03-09,SESSAO EXTRAORDINARIA,REMOTA,REDE,1
125016,146,2021-03-09,SESSAO EXTRAORDINARIA,REMOTA,PDT,1
125017,146,2021-03-09,SESSAO EXTRAORDINARIA,REMOTA,MDB,1
125018,146,2021-03-09,SESSAO EXTRAORDINARIA,REMOTA,PSD,1
125019,146,2021-03-09,SESSAO EXTRAORDINARIA,REMOTA,PP,1
125020,147,2021-03-10,SESSAO EXTRAORDINARIA,REMOTA,PL,1
125021,147,2021-03-10,SESSAO EXTRAORDINARIA,REMOTA,PT,1
125022,147,2021-03-10,SESSAO EXTRAORDINARIA,REMOTA,PT,1
125023,147,2021-03-10,SESSAO EXTRAORDINARIA,REMOTA,PDT,1
125024,147,2021-03-10,SESSAO EXTRAORDINARIA,REMOTA,PL,1
125025,147,2021-03-10,SESSAO EXTRAORDINARIA,REMOTA,REPUBLICANOS,1
125026,147,2021-03-10,SESSAO EXTRAORDINARIA,REMOTA,PTC,1
125027,147,2021-03-10,SESSAO EXTRAORDINARIA,REMOTA,PSOL,1
125028,147,2021-03-10,SESSAO EXTRAORDINARIA,REMOTA,MDB,1
125029,147,2021-03-10,SESSAO EXTRAORDINARIA,REMOTA,PSC,1
125030,147,2021-03-10,SESSAO EXTRAORDINARIA,REMOTA,PTB,1
125031,147,2021-03-10,SESSAO EXTRAORDINARIA,REMOTA,PODEMOS,1
125032,147,2021-03-10,SESSAO EXTRAORDINARIA,REMOTA,PSB,1
125033,147,2021-03-10,SESSAO EXTRAORDINARIA,REMOTA,AVANTE,1
125034,147,2021-03-10,SESSAO EXTRAORDINARIA,REMOTA,NOVO,1
125035,147,2021-03-10,SESSAO EXTRAORDINARIA,REMOTA,REDE,1
125036,147,2021-03-10,SESSAO EXTRAORDINARIA,REMOTA,PDT,1
125037,147,2021-03-10,SESSAO EXTRAORDINARIA,REMOTA,MDB,1
125038,147,2021-03-10,SESSAO EXTRAORDINARIA,REMOTA,AVANTE,2
125039,147,2021-03-10,SESSAO EXTRAORDINARIA,REMOTA,PSD,1
125040,147,2021-03-10,SESSAO EXTRAORDINARIA,REMOTA,PSB,1
125041,147,2021-03-10,SESSAO EXTRAORDINARIA,REMOTA,PP,1
125042,148,2021-03-16,SESSAO EXTRAORDINARIA,REMOTA,PL,1
125043,148,2021-03-16,SESSAO EXTRAORDINARIA,REMOTA,PT,1
125044,148,2021-03-16,SESSAO EXTRAORDINARIA,REMOTA,PT,1
125045,148,2021-03-16,SESSAO EXTRAORDINARIA,REMOTA,PDT,1
125046,148,2021-03-16,SESSAO EXTRAORDINARIA,REMOTA,REPUBLICANOS,1
125047,148,2021-03-16,SESSAO EXTRAORDINARIA,REMOTA,PTC,1
125048,148,2021-03-16,SESSAO EXTRAORDINARIA,REMOTA,PSOL,1
125049,148,2021-03-16,SESSAO EXTRAORDINARIA,REMOTA,MDB,1
125050,148,2021-03-16,SESSAO EXTRAORDINARIA,REMOTA,PSC,1
125051,148,2021-03-16,SESSAO EXTRAORDINARIA,REMOTA,PTB,1
125052,148,2021-03-16,SESSAO EXTRAORDINARIA,REMOTA,PODEMOS,1
125053,148,2021-03-16,SESSAO EXTRAORDINARIA,REMOTA,PSB,1
125054,148,2021-03-16,SESSAO EXTRAORDINARIA,REMOTA,AVANTE,1
125055,148,2021-03-16,SESSAO EXTRAORDINARIA,REMOTA,NOVO,1
125056,148,2021-03-16,SESSAO EXTRAORDINARIA,REMOTA,REDE,1
125057,148,2021-03-16,SESSAO EXTRAORDINARIA,REMOTA,PDT,1
125058,148,2021-03-16,SESSAO EXTRAORDINARIA,REMOTA,MDB,1
125059,148,2021-03-16,SESSAO EXTRAORDINARIA,REMOTA,AVANTE,1
125060,148,2021-03-16,SESSAO EXTRAORDINARIA,REMOTA,PSD,1
125061,148,2021-03-16,SESSAO EXTRAORDINARIA,REMOTA,PP,1
125062,149,2021-03-17,SESSAO EXTRAORDINARIA,REMOTA,PL,1
125063,149,2021-03-17,SESSAO EXTRAORDINARIA,REMOTA,PT,1
125064,149,2021-03-17,SESSAO EXTRAORDINARIA,REMOTA,PT,1
125065,149,2021-03-17,SESSAO EXTRAORDINARIA,REMOTA,PDT,1
125066,149,2021-03-17,SESSAO EXTRAORDINARIA,REMOTA,REPUBLICANOS,1
125067,149,2021-03-17,SESSAO EXTRAORDINARIA,REMOTA,PTC,1
125068,149,2021-03-17,SESSAO EXTRAORDINARIA,REMOTA,PSOL,1
125069,149,2021-03-17,SESSAO EXTRAORDINARIA,REMOTA,MDB,1
125070,149,2021-03-17,SESSAO EXTRAORDINARIA,REMOTA,PSC,1
125071,149,2021-03-17,SESSAO EXTRAORDINARIA,REMOTA,PTB,1
125072,149,2021-03-17,SESSAO EXTRAORDINARIA,REMOTA,PODEMOS,1
125073,149,2021-03-17,SESSAO EXTRAORDINARIA,REMOTA,PSB,1
125074,149,2021-03-17,SESSAO EXTRAORDINARIA,REMOTA,AVANTE,1
125075,149,2021-03-17,SESSAO EXTRAORDINARIA,REMOTA,REDE,1
125076,149,2021-03-17,SESSAO EXTRAORDINARIA,REMOTA,MDB,1
125077,149,2021-03-17,SESSAO EXTRAORDINARIA,REMOTA,AVANTE,1
125078,149,2021-03-17,SESSAO EXTRAORDINARIA,REMOTA,PSD,1
125079,149,2021-03-17,SESSAO EXTRAORDINARIA,REMOTA,PSB,1
125080,149,2021-03-17,SESSAO EXTRAORDINARIA,REMOTA,PP,1
125081,150,2021-03-23,SESSAO EXTRAORDINARIA,REMOTA,PL,1
125082,150,2021-03-23,SESSAO EXTRAORDINARIA,REMOTA,PT,1
125083,150,2021-03-23,SESSAO EXTRAORDINARIA,REMOTA,PT,1
125084,150,2021-03-23,SESSAO EXTRAORDINARIA,REMOTA,PDT,1
125085,150,2021-03-23,SESSAO EXTRAORDINARIA,REMOTA,PL,1
125086,150,2021-03-23,SESSAO EXTRAORDINARIA,REMOTA,REPUBLICANOS,1
125087,150,2021-03-23,SESSAO EXTRAORDINARIA,REMOTA,PTC,1
125088,150,2021-03-23,SESSAO EXTRAORDINARIA,REMOTA,PSOL,1
125089,150,2021-03-23,SESSAO EXTRAORDINARIA,REMOTA,MDB,1
125090,150,2021-03-23,SESSAO EXTRAORDINARIA,REMOTA,PSC,1
125091,150,2021-03-23,SESSAO EXTRAORDINARIA,REMOTA,PTB,1
125092,150,2021-03-23,SESSAO EXTRAORDINARIA,REMOTA,PODEMOS,1
125093,150,2021-03-23,SESSAO EXTRAORDINARIA,REMOTA,PSB,1
125094,150,2021-03-23,SESSAO EXTRAORDINARIA,REMOTA,AVANTE,1
125095,150,2021-03-23,SESSAO EXTRAORDINARIA,REMOTA,NOVO,1
125096,150,2021-03-23,SESSAO EXTRAORDINARIA,REMOTA,REDE,1
125097,150,2021-03-23,SESSAO EXTRAORDINARIA,REMOTA,PDT,1
125098,150,2021-03-23,SESSAO EXTRAORDINARIA,REMOTA,MDB,1
125099,150,2021-03-23,SESSAO EXTRAORDINARIA,REMOTA,AVANTE,1
125100,150,2021-03-23,SESSAO EXTRAORDINARIA,REMOTA,PSD,1
125101,150,2021-03-23,SESSAO EXTRAORDINARIA,REMOTA,PP,1
125102,151,2021-03-24,SESSAO EXTRAORDINARIA,REMOTA,PL,1
125103,151,2021-03-24,SESSAO EXTRAORDINARIA,REMOTA,PT,1
125104,151,2021-03-24,SESSAO EXTRAORDINARIA,REMOTA,PT,1
125105,151,2021-03-24,SESSAO EXTRAORDINARIA,REMOTA,PDT,1
125106,151,2021-03-24,SESSAO EXTRAORDINARIA,REMOTA,PL,1
125107,151,2021-03-24,SESSAO EXTRAORDINARIA,REMOTA,REPUBLICANOS,1
125108,151,2021-03-24,SESSAO EXTRAORDINARIA,REMOTA,PTC,1
125109,151,2021-03-24,SESSAO EXTRAORDINARIA,REMOTA,PSOL,1
125110,151,2021-03-24,SESSAO EXTRAORDINARIA,REMOTA,MDB,1
125111,151,2021-03-24,SESSAO EXTRAORDINARIA,REMOTA,PSC,1
125112,151,2021-03-24,SESSAO EXTRAORDINARIA,REMOTA,PTB,1
125113,151,2021-03-24,SESSAO EXTRAORDINARIA,REMOTA,PODEMOS,1
125114,151,2021-03-24,SESSAO EXTRAORDINARIA,REMOTA,PSB,1
125115,151,2021-03-24,SESSAO EXTRAORDINARIA,REMOTA,AVANTE,1
125116,151,2021-03-24,SESSAO EXTRAORDINARIA,REMOTA,NOVO,1
125117,151,2021-03-24,SESSAO EXTRAORDINARIA,REMOTA,REDE,1
125118,151,2021-03-24,SESSAO EXTRAORDINARIA,REMOTA,PDT,1
125119,151,2021-03-24,SESSAO EXTRAORDINARIA,REMOTA,MDB,1
125120,151,2021-03-24,SESSAO EXTRAORDINARIA,REMOTA,AVANTE,1
125121,151,2021-03-24,SESSAO EXTRAORDINARIA,REMOTA,PSD,1
125122,151,2021-03-24,SESSAO EXTRAORDINARIA,REMOTA,PSB,1
125123,151,2021-03-24,SESSAO EXTRAORDINARIA,REMOTA,PP,1
125124,152,2021-03-30,SESSAO EXTRAORDINARIA,REMOTA,PL,1
125125,152,2021-03-30,SESSAO EXTRAORDINARIA,REMOTA,PT,1
125126,152,2021-03-30,SESSAO EXTRAORDINARIA,REMOTA,PT,1
125127,152,2021-03-30,SESSAO EXTRAORDINARIA,REMOTA,PDT,1
125128,152,2021-03-30,SESSAO EXTRAORDINARIA,REMOTA,PL,1
125129,152,2021-03-30,SESSAO EXTRAORDINARIA,REMOTA,PROS,1
125130,152,2021-03-30,SESSAO EXTRAORDINARIA,REMOTA,REPUBLICANOS,1
125131,152,2021-03-30,SESSAO EXTRAORDINARIA,REMOTA,PTC,1
125132,152,2021-03-30,SESSAO EXTRAORDINARIA,REMOTA,PSOL,1
125133,152,2021-03-30,SESSAO EXTRAORDINARIA,REMOTA,MDB,1
125134,152,2021-03-30,SESSAO EXTRAORDINARIA,REMOTA,PSC,1
125135,152,2021-03-30,SESSAO EXTRAORDINARIA,REMOTA,PTB,1
125136,152,2021-03-30,SESSAO EXTRAORDINARIA,REMOTA,PODEMOS,1
125137,152,2021-03-30,SESSAO EXTRAORDINARIA,REMOTA,PSB,1
125138,152,2021-03-30,SESSAO EXTRAORDINARIA,REMOTA,AVANTE,1
125139,152,2021-03-30,SESSAO EXTRAORDINARIA,REMOTA,NOVO,1
125140,152,2021-03-30,SESSAO EXTRAORDINARIA,REMOTA,REDE,1
125141,152,2021-03-30,SESSAO EXTRAORDINARIA,REMOTA,PDT,1
125142,152,2021-03-30,SESSAO EXTRAORDINARIA,REMOTA,MDB,1
125143,152,2021-03-30,SESSAO EXTRAORDINARIA,REMOTA,AVANTE,1
125144,152,2021-03-30,SESSAO EXTRAORDINARIA,REMOTA,PSD,1
125145,152,2021-03-30,SESSAO EXTRAORDINARIA,REMOTA,PP,1
125146,153,2021-03-30,SESSAO EXTRAORDINARIA,REMOTA,PT,1
125147,153,2021-03-30,SESSAO EXTRAORDINARIA,REMOTA,PT,1
125148,153,2021-03-30,SESSAO EXTRAORDINARIA,REMOTA,PDT,1
125149,153,2021-03-30,SESSAO EXTRAORDINARIA,REMOTA,PROS,1
125150,153,2021-03-30,SESSAO EXTRAORDINARIA,REMOTA,REPUBLICANOS,1
125151,153,2021-03-30,SESSAO EXTRAORDINARIA,REMOTA,PSOL,1
125152,153,2021-03-30,SESSAO EXTRAORDINARIA,REMOTA,MDB,1
125153,153,2021-03-30,SESSAO EXTRAORDINARIA,REMOTA,PSC,1
125154,153,2021-03-30,SESSAO EXTRAORDINARIA,REMOTA,PODEMOS,1
125155,153,2021-03-30,SESSAO EXTRAORDINARIA,REMOTA,PSB,1
125156,153,2021-03-30,SESSAO EXTRAORDINARIA,REMOTA,AVANTE,1
125157,153,2021-03-30,SESSAO EXTRAORDINARIA,REMOTA,NOVO,1
125158,153,2021-03-30,SESSAO EXTRAORDINARIA,REMOTA,REDE,1
125159,153,2021-03-30,SESSAO EXTRAORDINARIA,REMOTA,MDB,1
125160,153,2021-03-30,SESSAO EXTRAORDINARIA,REMOTA,AVANTE,1
125161,153,2021-03-30,SESSAO EXTRAORDINARIA,REMOTA,PSD,1
125162,154,2021-03-31,SESSAO EXTRAORDINARIA,REMOTA,PL,2
125163,154,2021-03-31,SESSAO EXTRAORDINARIA,REMOTA,PT,2
125164,154,2021-03-31,SESSAO EXTRAORDINARIA,REMOTA,PT,2
125165,154,2021-03-31,SESSAO EXTRAORDINARIA,REMOTA,PL,1
125166,154,2021-03-31,SESSAO EXTRAORDINARIA,REMOTA,PROS,2
125167,154,2021-03-31,SESSAO EXTRAORDINARIA,REMOTA,REPUBLICANOS,2
125168,154,2021-03-31,SESSAO EXTRAORDINARIA,REMOTA,PSOL,2
125169,154,2021-03-31,SESSAO EXTRAORDINARIA,REMOTA,MDB,1
125170,154,2021-03-31,SESSAO EXTRAORDINARIA,REMOTA,PSC,2
125171,154,2021-03-31,SESSAO EXTRAORDINARIA,REMOTA,PTB,2
125172,154,2021-03-31,SESSAO EXTRAORDINARIA,REMOTA,PSB,2
125173,154,2021-03-31,SESSAO EXTRAORDINARIA,REMOTA,AVANTE,2
125174,154,2021-03-31,SESSAO EXTRAORDINARIA,REMOTA,NOVO,2
125175,154,2021-03-31,SESSAO EXTRAORDINARIA,REMOTA,REDE,2
125176,154,2021-03-31,SESSAO EXTRAORDINARIA,REMOTA,PDT,2
125177,154,2021-03-31,SESSAO EXTRAORDINARIA,REMOTA,MDB,1
125178,154,2021-03-31,SESSAO EXTRAORDINARIA,REMOTA,AVANTE,2
125179,154,2021-03-31,SESSAO EXTRAORDINARIA,REMOTA,PSD,2
125180,154,2021-03-31,SESSAO EXTRAORDINARIA,REMOTA,PP,2
125181,155,2021-04-06,SESSAO EXTRAORDINARIA,REMOTA,PL,1
125182,155,2021-04-06,SESSAO EXTRAORDINARIA,REMOTA,PT,1
125183,155,2021-04-06,SESSAO EXTRAORDINARIA,REMOTA,PT,1
125184,155,2021-04-06,SESSAO EXTRAORDINARIA,REMOTA,PROS,1
125185,155,2021-04-06,SESSAO EXTRAORDINARIA,REMOTA,REPUBLICANOS,1
125186,155,2021-04-06,SESSAO EXTRAORDINARIA,REMOTA,PTC,1
125187,155,2021-04-06,SESSAO EXTRAORDINARIA,REMOTA,PSOL,1
125188,155,2021-04-06,SESSAO EXTRAORDINARIA,REMOTA,PSC,1
125189,155,2021-04-06,SESSAO EXTRAORDINARIA,REMOTA,PTB,1
125190,155,2021-04-06,SESSAO EXTRAORDINARIA,REMOTA,PODEMOS,1
125191,155,2021-04-06,SESSAO EXTRAORDINARIA,REMOTA,PSB,2
125192,155,2021-04-06,SESSAO EXTRAORDINARIA,REMOTA,AVANTE,1
125193,155,2021-04-06,SESSAO EXTRAORDINARIA,REMOTA,NOVO,1
125194,155,2021-04-06,SESSAO EXTRAORDINARIA,REMOTA,REDE,1
125195,155,2021-04-06,SESSAO EXTRAORDINARIA,REMOTA,PDT,1
125196,155,2021-04-06,SESSAO EXTRAORDINARIA,REMOTA,MDB,1
125197,155,2021-04-06,SESSAO EXTRAORDINARIA,REMOTA,AVANTE,1
125198,155,2021-04-06,SESSAO EXTRAORDINARIA,REMOTA,PSD,1
125199,155,2021-04-06,SESSAO EXTRAORDINARIA,REMOTA,PSB,1
125200,155,2021-04-06,SESSAO EXTRAORDINARIA,REMOTA,PP,1
125201,156,2021-04-06,SESSAO EXTRAORDINARIA,REMOTA,PL,1
125202,156,2021-04-06,SESSAO EXTRAORDINARIA,REMOTA,PT,1
125203,156,2021-04-06,SESSAO EXTRAORDINARIA,REMOTA,PT,1
125204,156,2021-04-06,SESSAO EXTRAORDINARIA,REMOTA,PL,1
125205,156,2021-04-06,SESSAO EXTRAORDINARIA,REMOTA,PROS,1
125206,156,2021-04-06,SESSAO EXTRAORDINARIA,REMOTA,REPUBLICANOS,1
125207,156,2021-04-06,SESSAO EXTRAORDINARIA,REMOTA,PSOL,1
125208,156,2021-04-06,SESSAO EXTRAORDINARIA,REMOTA,PSC,1
125209,156,2021-04-06,SESSAO EXTRAORDINARIA,REMOTA,PTB,1
125210,156,2021-04-06,SESSAO EXTRAORDINARIA,REMOTA,PODEMOS,1
125211,156,2021-04-06,SESSAO EXTRAORDINARIA,REMOTA,PSB,1
125212,156,2021-04-06,SESSAO EXTRAORDINARIA,REMOTA,AVANTE,1
125213,156,2021-04-06,SESSAO EXTRAORDINARIA,REMOTA,NOVO,1
125214,156,2021-04-06,SESSAO EXTRAORDINARIA,REMOTA,REDE,1
125215,156,2021-04-06,SESSAO EXTRAORDINARIA,REMOTA,PDT,1
125216,156,2021-04-06,SESSAO EXTRAORDINARIA,REMOTA,AVANTE,1
125217,156,2021-04-06,SESSAO EXTRAORDINARIA,REMOTA,PSD,1
125218,156,2021-04-06,SESSAO EXTRAORDINARIA,REMOTA,PSB,1
125219,156,2021-04-06,SESSAO EXTRAORDINARIA,REMOTA,PP,1
125220,157,2021-04-07,SESSAO EXTRAORDINARIA,REMOTA,PL,1
125221,157,2021-04-07,SESSAO EXTRAORDINARIA,REMOTA,PT,1
125222,157,2021-04-07,SESSAO EXTRAORDINARIA,REMOTA,PT,1
125223,157,2021-04-07,SESSAO EXTRAORDINARIA,REMOTA,PROS,1
125224,157,2021-04-07,SESSAO EXTRAORDINARIA,REMOTA,REPUBLICANOS,1
125225,157,2021-04-07,SESSAO EXTRAORDINARIA,REMOTA,MDB,1
125226,157,2021-04-07,SESSAO EXTRAORDINARIA,REMOTA,PSC,1
125227,157,2021-04-07,SESSAO EXTRAORDINARIA,REMOTA,PTB,1
125228,157,2021-04-07,SESSAO EXTRAORDINARIA,REMOTA,PODEMOS,1
125229,157,2021-04-07,SESSAO EXTRAORDINARIA,REMOTA,PSB,1
125230,157,2021-04-07,SESSAO EXTRAORDINARIA,REMOTA,AVANTE,1
125231,157,2021-04-07,SESSAO EXTRAORDINARIA,REMOTA,NOVO,1
125232,157,2021-04-07,SESSAO EXTRAORDINARIA,REMOTA,REDE,1
125233,157,2021-04-07,SESSAO EXTRAORDINARIA,REMOTA,PDT,1
125234,157,2021-04-07,SESSAO EXTRAORDINARIA,REMOTA,MDB,1
125235,157,2021-04-07,SESSAO EXTRAORDINARIA,REMOTA,AVANTE,1
125236,157,2021-04-07,SESSAO EXTRAORDINARIA,REMOTA,PSB,1
125237,157,2021-04-07,SESSAO EXTRAORDINARIA,REMOTA,PP,1
125238,158,2021-04-13,SESSAO EXTRAORDINARIA,REMOTA,PL,1
125239,158,2021-04-13,SESSAO EXTRAORDINARIA,REMOTA,PT,1
125240,158,2021-04-13,SESSAO EXTRAORDINARIA,REMOTA,PT,1
125241,158,2021-04-13,SESSAO EXTRAORDINARIA,REMOTA,PDT,1
125242,158,2021-04-13,SESSAO EXTRAORDINARIA,REMOTA,PL,1
125243,158,2021-04-13,SESSAO EXTRAORDINARIA,REMOTA,PROS,1
125244,158,2021-04-13,SESSAO EXTRAORDINARIA,REMOTA,REPUBLICANOS,1
125245,158,2021-04-13,SESSAO EXTRAORDINARIA,REMOTA,PTC,1
125246,158,2021-04-13,SESSAO EXTRAORDINARIA,REMOTA,PSOL,1
125247,158,2021-04-13,SESSAO EXTRAORDINARIA,REMOTA,MDB,1
125248,158,2021-04-13,SESSAO EXTRAORDINARIA,REMOTA,PSC,1
125249,158,2021-04-13,SESSAO EXTRAORDINARIA,REMOTA,PTB,1
125250,158,2021-04-13,SESSAO EXTRAORDINARIA,REMOTA,PODEMOS,1
125251,158,2021-04-13,SESSAO EXTRAORDINARIA,REMOTA,PSB,1
125252,158,2021-04-13,SESSAO EXTRAORDINARIA,REMOTA,AVANTE,1
125253,158,2021-04-13,SESSAO EXTRAORDINARIA,REMOTA,NOVO,1
125254,158,2021-04-13,SESSAO EXTRAORDINARIA,REMOTA,REDE,1
125255,158,2021-04-13,SESSAO EXTRAORDINARIA,REMOTA,PDT,1
125256,158,2021-04-13,SESSAO EXTRAORDINARIA,REMOTA,MDB,1
125257,158,2021-04-13,SESSAO EXTRAORDINARIA,REMOTA,AVANTE,1
125258,158,2021-04-13,SESSAO EXTRAORDINARIA,REMOTA,PSD,1
125259,158,2021-04-13,SESSAO EXTRAORDINARIA,REMOTA,PSB,1
125260,158,2021-04-13,SESSAO EXTRAORDINARIA,REMOTA,PP,1
125261,159,2021-04-14,SESSAO EXTRAORDINARIA,REMOTA,PL,1
125262,159,2021-04-14,SESSAO EXTRAORDINARIA,REMOTA,PT,1
125263,159,2021-04-14,SESSAO EXTRAORDINARIA,REMOTA,PT,1
125264,159,2021-04-14,SESSAO EXTRAORDINARIA,REMOTA,PL,1
125265,159,2021-04-14,SESSAO EXTRAORDINARIA,REMOTA,PROS,1
125266,159,2021-04-14,SESSAO EXTRAORDINARIA,REMOTA,REPUBLICANOS,1
125267,159,2021-04-14,SESSAO EXTRAORDINARIA,REMOTA,PTC,1
125268,159,2021-04-14,SESSAO EXTRAORDINARIA,REMOTA,PSOL,1
125269,159,2021-04-14,SESSAO EXTRAORDINARIA,REMOTA,PSC,1
125270,159,2021-04-14,SESSAO EXTRAORDINARIA,REMOTA,PTB,1
125271,159,2021-04-14,SESSAO EXTRAORDINARIA,REMOTA,PODEMOS,1
125272,159,2021-04-14,SESSAO EXTRAORDINARIA,REMOTA,AVANTE,1
125273,159,2021-04-14,SESSAO EXTRAORDINARIA,REMOTA,NOVO,1
125274,159,2021-04-14,SESSAO EXTRAORDINARIA,REMOTA,REDE,1
125275,159,2021-04-14,SESSAO EXTRAORDINARIA,REMOTA,MDB,1
125276,159,2021-04-14,SESSAO EXTRAORDINARIA,REMOTA,AVANTE,1
125277,159,2021-04-14,SESSAO EXTRAORDINARIA,REMOTA,PSD,1
125278,159,2021-04-14,SESSAO EXTRAORDINARIA,REMOTA,PSB,1
125279,159,2021-04-14,SESSAO EXTRAORDINARIA,REMOTA,PP,1
125280,160,2021-04-14,SESSAO EXTRAORDINARIA,REMOTA,PL,1
125281,160,2021-04-14,SESSAO EXTRAORDINARIA,REMOTA,PT,1
125282,160,2021-04-14,SESSAO EXTRAORDINARIA,REMOTA,PT,1
125283,160,2021-04-14,SESSAO EXTRAORDINARIA,REMOTA,PROS,1
125284,160,2021-04-14,SESSAO EXTRAORDINARIA,REMOTA,REPUBLICANOS,1
125285,160,2021-04-14,SESSAO EXTRAORDINARIA,REMOTA,PTC,1
125286,160,2021-04-14,SESSAO EXTRAORDINARIA,REMOTA,PSOL,1
125287,160,2021-04-14,SESSAO EXTRAORDINARIA,REMOTA,PSC,1
125288,160,2021-04-14,SESSAO EXTRAORDINARIA,REMOTA,PTB,1
125289,160,2021-04-14,SESSAO EXTRAORDINARIA,REMOTA,PODEMOS,1
125290,160,2021-04-14,SESSAO EXTRAORDINARIA,REMOTA,AVANTE,1
125291,160,2021-04-14,SESSAO EXTRAORDINARIA,REMOTA,NOVO,1
125292,160,2021-04-14,SESSAO EXTRAORDINARIA,REMOTA,REDE,1
125293,160,2021-04-14,SESSAO EXTRAORDINARIA,REMOTA,MDB,1
125294,160,2021-04-14,SESSAO EXTRAORDINARIA,REMOTA,PSD,1
125295,160,2021-04-14,SESSAO EXTRAORDINARIA,REMOTA,PSB,1
125296,160,2021-04-14,SESSAO EXTRAORDINARIA,REMOTA,PP,1
125297,161,2021-04-20,SESSAO EXTRAORDINARIA,REMOTA,PL,2
125298,161,2021-04-20,SESSAO EXTRAORDINARIA,REMOTA,PT,2
125299,161,2021-04-20,SESSAO EXTRAORDINARIA,REMOTA,PT,2
125300,161,2021-04-20,SESSAO EXTRAORDINARIA,REMOTA,PDT,1
125301,161,2021-04-20,SESSAO EXTRAORDINARIA,REMOTA,PROS,1
125302,161,2021-04-20,SESSAO EXTRAORDINARIA,REMOTA,REPUBLICANOS,2
125303,161,2021-04-20,SESSAO EXTRAORDINARIA,REMOTA,PTC,1
125304,161,2021-04-20,SESSAO EXTRAORDINARIA,REMOTA,PSOL,2
125305,161,2021-04-20,SESSAO EXTRAORDINARIA,REMOTA,MDB,1
125306,161,2021-04-20,SESSAO EXTRAORDINARIA,REMOTA,PSC,2
125307,161,2021-04-20,SESSAO EXTRAORDINARIA,REMOTA,PTB,1
125308,161,2021-04-20,SESSAO EXTRAORDINARIA,REMOTA,AVANTE,2
125309,161,2021-04-20,SESSAO EXTRAORDINARIA,REMOTA,NOVO,2
125310,161,2021-04-20,SESSAO EXTRAORDINARIA,REMOTA,REDE,2
125311,161,2021-04-20,SESSAO EXTRAORDINARIA,REMOTA,PDT,2
125312,161,2021-04-20,SESSAO EXTRAORDINARIA,REMOTA,MDB,1
125313,161,2021-04-20,SESSAO EXTRAORDINARIA,REMOTA,AVANTE,2
125314,161,2021-04-20,SESSAO EXTRAORDINARIA,REMOTA,PSB,1
125315,161,2021-04-20,SESSAO EXTRAORDINARIA,REMOTA,PP,2
125316,162,2021-04-27,SESSAO EXTRAORDINARIA,REMOTA,PL,1
125317,162,2021-04-27,SESSAO EXTRAORDINARIA,REMOTA,PT,1
125318,162,2021-04-27,SESSAO EXTRAORDINARIA,REMOTA,PT,1
125319,162,2021-04-27,SESSAO EXTRAORDINARIA,REMOTA,PDT,1
125320,162,2021-04-27,SESSAO EXTRAORDINARIA,REMOTA,PROS,1
125321,162,2021-04-27,SESSAO EXTRAORDINARIA,REMOTA,REPUBLICANOS,1
125322,162,2021-04-27,SESSAO EXTRAORDINARIA,REMOTA,PTC,1
125323,162,2021-04-27,SESSAO EXTRAORDINARIA,REMOTA,PSOL,1
125324,162,2021-04-27,SESSAO EXTRAORDINARIA,REMOTA,MDB,1
125325,162,2021-04-27,SESSAO EXTRAORDINARIA,REMOTA,PSC,1
125326,162,2021-04-27,SESSAO EXTRAORDINARIA,REMOTA,PODEMOS,1
125327,162,2021-04-27,SESSAO EXTRAORDINARIA,REMOTA,PSB,1
125328,162,2021-04-27,SESSAO EXTRAORDINARIA,REMOTA,AVANTE,1
125329,162,2021-04-27,SESSAO EXTRAORDINARIA,REMOTA,NOVO,1
125330,162,2021-04-27,SESSAO EXTRAORDINARIA,REMOTA,REDE,1
125331,162,2021-04-27,SESSAO EXTRAORDINARIA,REMOTA,PDT,1
125332,162,2021-04-27,SESSAO EXTRAORDINARIA,REMOTA,MDB,1
125333,162,2021-04-27,SESSAO EXTRAORDINARIA,REMOTA,AVANTE,1
125334,162,2021-04-27,SESSAO EXTRAORDINARIA,REMOTA,PSD,1
125335,162,2021-04-27,SESSAO EXTRAORDINARIA,REMOTA,PP,1
125336,163,2021-04-27,SESSAO EXTRAORDINARIA,REMOTA,PL,1
125337,163,2021-04-27,SESSAO EXTRAORDINARIA,REMOTA,PT,1
125338,163,2021-04-27,SESSAO EXTRAORDINARIA,REMOTA,PT,1
125339,163,2021-04-27,SESSAO EXTRAORDINARIA,REMOTA,PDT,1
125340,163,2021-04-27,SESSAO EXTRAORDINARIA,REMOTA,PL,1
125341,163,2021-04-27,SESSAO EXTRAORDINARIA,REMOTA,PROS,1
125342,163,2021-04-27,SESSAO EXTRAORDINARIA,REMOTA,REPUBLICANOS,1
125343,163,2021-04-27,SESSAO EXTRAORDINARIA,REMOTA,PTC,1
125344,163,2021-04-27,SESSAO EXTRAORDINARIA,REMOTA,PSOL,1
125345,163,2021-04-27,SESSAO EXTRAORDINARIA,REMOTA,MDB,1
125346,163,2021-04-27,SESSAO EXTRAORDINARIA,REMOTA,PSC,1
125347,163,2021-04-27,SESSAO EXTRAORDINARIA,REMOTA,PTB,1
125348,163,2021-04-27,SESSAO EXTRAORDINARIA,REMOTA,PODEMOS,1
125349,163,2021-04-27,SESSAO EXTRAORDINARIA,REMOTA,NOVO,1
125350,163,2021-04-27,SESSAO EXTRAORDINARIA,REMOTA,REDE,1
125351,163,2021-04-27,SESSAO EXTRAORDINARIA,REMOTA,PDT,1
125352,163,2021-04-27,SESSAO EXTRAORDINARIA,REMOTA,MDB,1
125353,163,2021-04-27,SESSAO EXTRAORDINARIA,REMOTA,PP,1
125354,164,2021-04-27,SESSAO EXTRAORDINARIA,REMOTA,PT,1
125355,164,2021-04-27,SESSAO EXTRAORDINARIA,REMOTA,PT,1
125356,164,2021-04-27,SESSAO EXTRAORDINARIA,REMOTA,PDT,1
125357,164,2021-04-27,SESSAO EXTRAORDINARIA,REMOTA,REPUBLICANOS,1
125358,164,2021-04-27,SESSAO EXTRAORDINARIA,REMOTA,PTC,1
125359,164,2021-04-27,SESSAO EXTRAORDINARIA,REMOTA,PSOL,1
125360,164,2021-04-27,SESSAO EXTRAORDINARIA,REMOTA,MDB,1
125361,164,2021-04-27,SESSAO EXTRAORDINARIA,REMOTA,PTB,1
125362,164,2021-04-27,SESSAO EXTRAORDINARIA,REMOTA,PODEMOS,1
125363,164,2021-04-27,SESSAO EXTRAORDINARIA,REMOTA,NOVO,1
125364,164,2021-04-27,SESSAO EXTRAORDINARIA,REMOTA,REDE,1
125365,164,2021-04-27,SESSAO EXTRAORDINARIA,REMOTA,PDT,1
125366,164,2021-04-27,SESSAO EXTRAORDINARIA,REMOTA,PP,1
125367,165,2021-04-28,SESSAO EXTRAORDINARIA,REMOTA,PL,1
125368,165,2021-04-28,SESSAO EXTRAORDINARIA,REMOTA,PT,1
125369,165,2021-04-28,SESSAO EXTRAORDINARIA,REMOTA,PT,1
125370,165,2021-04-28,SESSAO EXTRAORDINARIA,REMOTA,PROS,1
125371,165,2021-04-28,SESSAO EXTRAORDINARIA,REMOTA,REPUBLICANOS,1
125372,165,2021-04-28,SESSAO EXTRAORDINARIA,REMOTA,PSOL,1
125373,165,2021-04-28,SESSAO EXTRAORDINARIA,REMOTA,MDB,1
125374,165,2021-04-28,SESSAO EXTRAORDINARIA,REMOTA,PTB,1
125375,165,2021-04-28,SESSAO EXTRAORDINARIA,REMOTA,PODEMOS,1
125376,165,2021-04-28,SESSAO EXTRAORDINARIA,REMOTA,PSB,1
125377,165,2021-04-28,SESSAO EXTRAORDINARIA,REMOTA,AVANTE,1
125378,165,2021-04-28,SESSAO EXTRAORDINARIA,REMOTA,NOVO,1
125379,165,2021-04-28,SESSAO EXTRAORDINARIA,REMOTA,REDE,1
125380,165,2021-04-28,SESSAO EXTRAORDINARIA,REMOTA,PDT,1
125381,165,2021-04-28,SESSAO EXTRAORDINARIA,REMOTA,MDB,1
125382,165,2021-04-28,SESSAO EXTRAORDINARIA,REMOTA,AVANTE,1
125383,165,2021-04-28,SESSAO EXTRAORDINARIA,REMOTA,PP,1
125384,166,2021-05-04,SESSAO EXTRAORDINARIA,REMOTA,PL,2
125385,166,2021-05-04,SESSAO EXTRAORDINARIA,REMOTA,PT,2
125386,166,2021-05-04,SESSAO EXTRAORDINARIA,REMOTA,PT,2
125387,166,2021-05-04,SESSAO EXTRAORDINARIA,REMOTA,PDT,2
125388,166,2021-05-04,SESSAO EXTRAORDINARIA,REMOTA,PROS,1
125389,166,2021-05-04,SESSAO EXTRAORDINARIA,REMOTA,REPUBLICANOS,2
125390,166,2021-05-04,SESSAO EXTRAORDINARIA,REMOTA,PTC,1
125391,166,2021-05-04,SESSAO EXTRAORDINARIA,REMOTA,PSOL,2
125392,166,2021-05-04,SESSAO EXTRAORDINARIA,REMOTA,PSC,1
125393,166,2021-05-04,SESSAO EXTRAORDINARIA,REMOTA,PODEMOS,2
125394,166,2021-05-04,SESSAO EXTRAORDINARIA,REMOTA,PSB,1
125395,166,2021-05-04,SESSAO EXTRAORDINARIA,REMOTA,AVANTE,2
125396,166,2021-05-04,SESSAO EXTRAORDINARIA,REMOTA,NOVO,2
125397,166,2021-05-04,SESSAO EXTRAORDINARIA,REMOTA,REDE,1
125398,166,2021-05-04,SESSAO EXTRAORDINARIA,REMOTA,REPUBLICANOS,2
125399,166,2021-05-04,SESSAO EXTRAORDINARIA,REMOTA,PDT,2
125400,166,2021-05-04,SESSAO EXTRAORDINARIA,REMOTA,MDB,2
125401,166,2021-05-04,SESSAO EXTRAORDINARIA,REMOTA,AVANTE,2
125402,166,2021-05-04,SESSAO EXTRAORDINARIA,REMOTA,PSD,1
125403,166,2021-05-04,SESSAO EXTRAORDINARIA,REMOTA,PP,2
125404,167,2021-05-05,SESSAO EXTRAORDINARIA,REMOTA,PT,1
125405,167,2021-05-05,SESSAO EXTRAORDINARIA,REMOTA,PT,1
125406,167,2021-05-05,SESSAO EXTRAORDINARIA,REMOTA,REPUBLICANOS,1
125407,167,2021-05-05,SESSAO EXTRAORDINARIA,REMOTA,PSOL,1
125408,167,2021-05-05,SESSAO EXTRAORDINARIA,REMOTA,PSC,1
125409,167,2021-05-05,SESSAO EXTRAORDINARIA,REMOTA,PTB,1
125410,167,2021-05-05,SESSAO EXTRAORDINARIA,REMOTA,AVANTE,1
125411,167,2021-05-05,SESSAO EXTRAORDINARIA,REMOTA,NOVO,1
125412,167,2021-05-05,SESSAO EXTRAORDINARIA,REMOTA,REDE,1
125413,167,2021-05-05,SESSAO EXTRAORDINARIA,REMOTA,PP,1
125414,168,2021-05-11,SESSAO EXTRAORDINARIA,REMOTA,PT,1
125415,168,2021-05-11,SESSAO EXTRAORDINARIA,REMOTA,PT,1
125416,168,2021-05-11,SESSAO EXTRAORDINARIA,REMOTA,PDT,1
125417,168,2021-05-11,SESSAO EXTRAORDINARIA,REMOTA,PROS,1
125418,168,2021-05-11,SESSAO EXTRAORDINARIA,REMOTA,REPUBLICANOS,1
125419,168,2021-05-11,SESSAO EXTRAORDINARIA,REMOTA,PTC,1
125420,168,2021-05-11,SESSAO EXTRAORDINARIA,REMOTA,PSOL,1
125421,168,2021-05-11,SESSAO EXTRAORDINARIA,REMOTA,MDB,1
125422,168,2021-05-11,SESSAO EXTRAORDINARIA,REMOTA,PSC,1
125423,168,2021-05-11,SESSAO EXTRAORDINARIA,REMOTA,PODEMOS,1
125424,168,2021-05-11,SESSAO EXTRAORDINARIA,REMOTA,PSB,1
125425,168,2021-05-11,SESSAO EXTRAORDINARIA,REMOTA,AVANTE,1
125426,168,2021-05-11,SESSAO EXTRAORDINARIA,REMOTA,NOVO,1
125427,168,2021-05-11,SESSAO EXTRAORDINARIA,REMOTA,REDE,1
125428,168,2021-05-11,SESSAO EXTRAORDINARIA,REMOTA,REPUBLICANOS,1
125429,168,2021-05-11,SESSAO EXTRAORDINARIA,REMOTA,PDT,1
125430,168,2021-05-11,SESSAO EXTRAORDINARIA,REMOTA,AVANTE,1
125431,168,2021-05-11,SESSAO EXTRAORDINARIA,REMOTA,PP,1
125432,169,2021-05-11,SESSAO EXTRAORDINARIA,REMOTA,PL,1
125433,169,2021-05-11,SESSAO EXTRAORDINARIA,REMOTA,PT,1
125434,169,2021-05-11,SESSAO EXTRAORDINARIA,REMOTA,PT,1
125435,169,2021-05-11,SESSAO EXTRAORDINARIA,REMOTA,REPUBLICANOS,1
125436,169,2021-05-11,SESSAO EXTRAORDINARIA,REMOTA,PSOL,1
125437,169,2021-05-11,SESSAO EXTRAORDINARIA,REMOTA,MDB,1
125438,169,2021-05-11,SESSAO EXTRAORDINARIA,REMOTA,PSC,1
125439,169,2021-05-11,SESSAO EXTRAORDINARIA,REMOTA,PODEMOS,1
125440,169,2021-05-11,SESSAO EXTRAORDINARIA,REMOTA,AVANTE,1
125441,169,2021-05-11,SESSAO EXTRAORDINARIA,REMOTA,NOVO,1
125442,169,2021-05-11,SESSAO EXTRAORDINARIA,REMOTA,REDE,1
125443,169,2021-05-11,SESSAO EXTRAORDINARIA,REMOTA,REPUBLICANOS,1
125444,169,2021-05-11,SESSAO EXTRAORDINARIA,REMOTA,PDT,1
125445,169,2021-05-11,SESSAO EXTRAORDINARIA,REMOTA,MDB,1
125446,169,2021-05-11,SESSAO EXTRAORDINARIA,REMOTA,AVANTE,1
125447,169,2021-05-11,SESSAO EXTRAORDINARIA,REMOTA,PSB,1
125448,169,2021-05-11,SESSAO EXTRAORDINARIA,REMOTA,PP,1
125449,170,2021-05-12,SESSAO EXTRAORDINARIA,REMOTA,PL,1
125450,170,2021-05-12,SESSAO EXTRAORDINARIA,REMOTA,PT,1
125451,170,2021-05-12,SESSAO EXTRAORDINARIA,REMOTA,PT,1
125452,170,2021-05-12,SESSAO EXTRAORDINARIA,REMOTA,PROS,1
125453,170,2021-05-12,SESSAO EXTRAORDINARIA,REMOTA,REPUBLICANOS,1
125454,170,2021-05-12,SESSAO EXTRAORDINARIA,REMOTA,PTC,1
125455,170,2021-05-12,SESSAO EXTRAORDINARIA,REMOTA,PSOL,1
125456,170,2021-05-12,SESSAO EXTRAORDINARIA,REMOTA,MDB,1
125457,170,2021-05-12,SESSAO EXTRAORDINARIA,REMOTA,PSC,1
125458,170,2021-05-12,SESSAO EXTRAORDINARIA,REMOTA,PODEMOS,1
125459,170,2021-05-12,SESSAO EXTRAORDINARIA,REMOTA,PSB,1
125460,170,2021-05-12,SESSAO EXTRAORDINARIA,REMOTA,AVANTE,1
125461,170,2021-05-12,SESSAO EXTRAORDINARIA,REMOTA,NOVO,1
125462,170,2021-05-12,SESSAO EXTRAORDINARIA,REMOTA,REDE,1
125463,170,2021-05-12,SESSAO EXTRAORDINARIA,REMOTA,REPUBLICANOS,1
125464,170,2021-05-12,SESSAO EXTRAORDINARIA,REMOTA,PDT,1
125465,170,2021-05-12,SESSAO EXTRAORDINARIA,REMOTA,MDB,1
125466,170,2021-05-12,SESSAO EXTRAORDINARIA,REMOTA,AVANTE,1
125467,170,2021-05-12,SESSAO EXTRAORDINARIA,REMOTA,PP,1
125468,171,2021-05-18,SESSAO EXTRAORDINARIA,REMOTA,PT,1
125469,171,2021-05-18,SESSAO EXTRAORDINARIA,REMOTA,PT,1
125470,171,2021-05-18,SESSAO EXTRAORDINARIA,REMOTA,PDT,1
125471,171,2021-05-18,SESSAO EXTRAORDINARIA,REMOTA,PL,1
125472,171,2021-05-18,SESSAO EXTRAORDINARIA,REMOTA,PROS,1
125473,171,2021-05-18,SESSAO EXTRAORDINARIA,REMOTA,PTC,1
125474,171,2021-05-18,SESSAO EXTRAORDINARIA,REMOTA,PSOL,1
125475,171,2021-05-18,SESSAO EXTRAORDINARIA,REMOTA,MDB,1
125476,171,2021-05-18,SESSAO EXTRAORDINARIA,REMOTA,PSC,1
125477,171,2021-05-18,SESSAO EXTRAORDINARIA,REMOTA,PSB,1
125478,171,2021-05-18,SESSAO EXTRAORDINARIA,REMOTA,AVANTE,1
125479,171,2021-05-18,SESSAO EXTRAORDINARIA,REMOTA,NOVO,1
125480,171,2021-05-18,SESSAO EXTRAORDINARIA,REMOTA,REDE,1
125481,171,2021-05-18,SESSAO EXTRAORDINARIA,REMOTA,REPUBLICANOS,1
125482,171,2021-05-18,SESSAO EXTRAORDINARIA,REMOTA,PDT,1
125483,171,2021-05-18,SESSAO EXTRAORDINARIA,REMOTA,MDB,1
125484,171,2021-05-18,SESSAO EXTRAORDINARIA,REMOTA,AVANTE,1
125485,171,2021-05-18,SESSAO EXTRAORDINARIA,REMOTA,PSB,1
125486,171,2021-05-18,SESSAO EXTRAORDINARIA,REMOTA,PP,1
125487,172,2021-05-19,SESSAO EXTRAORDINARIA,REMOTA,PL,1
125488,172,2021-05-19,SESSAO EXTRAORDINARIA,REMOTA,PT,1
125489,172,2021-05-19,SESSAO EXTRAORDINARIA,REMOTA,PT,1
125490,172,2021-05-19,SESSAO EXTRAORDINARIA,REMOTA,PDT,1
125491,172,2021-05-19,SESSAO EXTRAORDINARIA,REMOTA,PL,1
125492,172,2021-05-19,SESSAO EXTRAORDINARIA,REMOTA,PROS,1
125493,172,2021-05-19,SESSAO EXTRAORDINARIA,REMOTA,REPUBLICANOS,1
125494,172,2021-05-19,SESSAO EXTRAORDINARIA,REMOTA,PTC,1
125495,172,2021-05-19,SESSAO EXTRAORDINARIA,REMOTA,PSOL,1
125496,172,2021-05-19,SESSAO EXTRAORDINARIA,REMOTA,MDB,1
125497,172,2021-05-19,SESSAO EXTRAORDINARIA,REMOTA,PSC,1
125498,172,2021-05-19,SESSAO EXTRAORDINARIA,REMOTA,AVANTE,1
125499,172,2021-05-19,SESSAO EXTRAORDINARIA,REMOTA,NOVO,1
125500,172,2021-05-19,SESSAO EXTRAORDINARIA,REMOTA,REDE,1
125501,172,2021-05-19,SESSAO EXTRAORDINARIA,REMOTA,REPUBLICANOS,1
125502,172,2021-05-19,SESSAO EXTRAORDINARIA,REMOTA,PDT,1
125503,172,2021-05-19,SESSAO EXTRAORDINARIA,REMOTA,MDB,1
125504,172,2021-05-19,SESSAO EXTRAORDINARIA,REMOTA,AVANTE,1
125505,172,2021-05-19,SESSAO EXTRAORDINARIA,REMOTA,PSD,1
125506,172,2021-05-19,SESSAO EXTRAORDINARIA,REMOTA,PSB,1
125507,172,2021-05-19,SESSAO EXTRAORDINARIA,REMOTA,PP,1
125508,173,2021-05-19,SESSAO EXTRAORDINARIA,REMOTA,PL,1
125509,173,2021-05-19,SESSAO EXTRAORDINARIA,REMOTA,PT,2
125510,173,2021-05-19,SESSAO EXTRAORDINARIA,REMOTA,PT,2
125511,173,2021-05-19,SESSAO EXTRAORDINARIA,REMOTA,PDT,2
125512,173,2021-05-19,SESSAO EXTRAORDINARIA,REMOTA,PL,1
125513,173,2021-05-19,SESSAO EXTRAORDINARIA,REMOTA,REPUBLICANOS,1
125514,173,2021-05-19,SESSAO EXTRAORDINARIA,REMOTA,PTC,1
125515,173,2021-05-19,SESSAO EXTRAORDINARIA,REMOTA,PSOL,2
125516,173,2021-05-19,SESSAO EXTRAORDINARIA,REMOTA,MDB,2
125517,173,2021-05-19,SESSAO EXTRAORDINARIA,REMOTA,PSC,2
125518,173,2021-05-19,SESSAO EXTRAORDINARIA,REMOTA,AVANTE,2
125519,173,2021-05-19,SESSAO EXTRAORDINARIA,REMOTA,NOVO,2
125520,173,2021-05-19,SESSAO EXTRAORDINARIA,REMOTA,REDE,1
125521,173,2021-05-19,SESSAO EXTRAORDINARIA,REMOTA,REPUBLICANOS,2
125522,173,2021-05-19,SESSAO EXTRAORDINARIA,REMOTA,MDB,1
125523,173,2021-05-19,SESSAO EXTRAORDINARIA,REMOTA,AVANTE,1
125524,173,2021-05-19,SESSAO EXTRAORDINARIA,REMOTA,PSD,1
125525,173,2021-05-19,SESSAO EXTRAORDINARIA,REMOTA,PSB,1
125526,173,2021-05-19,SESSAO EXTRAORDINARIA,REMOTA,PP,2
125527,174,2021-05-25,SESSAO EXTRAORDINARIA,REMOTA,PL,1
125528,174,2021-05-25,SESSAO EXTRAORDINARIA,REMOTA,PT,1
125529,174,2021-05-25,SESSAO EXTRAORDINARIA,REMOTA,PT,1
125530,174,2021-05-25,SESSAO EXTRAORDINARIA,REMOTA,PDT,1
125531,174,2021-05-25,SESSAO EXTRAORDINARIA,REMOTA,PL,1
125532,174,2021-05-25,SESSAO EXTRAORDINARIA,REMOTA,PROS,1
125533,174,2021-05-25,SESSAO EXTRAORDINARIA,REMOTA,REPUBLICANOS,1
125534,174,2021-05-25,SESSAO EXTRAORDINARIA,REMOTA,PTC,1
125535,174,2021-05-25,SESSAO EXTRAORDINARIA,REMOTA,PSOL,1
125536,174,2021-05-25,SESSAO EXTRAORDINARIA,REMOTA,MDB,1
125537,174,2021-05-25,SESSAO EXTRAORDINARIA,REMOTA,PSC,1
125538,174,2021-05-25,SESSAO EXTRAORDINARIA,REMOTA,PTB,1
125539,174,2021-05-25,SESSAO EXTRAORDINARIA,REMOTA,PODEMOS,1
125540,174,2021-05-25,SESSAO EXTRAORDINARIA,REMOTA,NÃO INFORMADO,1
125541,174,2021-05-25,SESSAO EXTRAORDINARIA,REMOTA,AVANTE,1
125542,174,2021-05-25,SESSAO EXTRAORDINARIA,REMOTA,NOVO,1
125543,174,2021-05-25,SESSAO EXTRAORDINARIA,REMOTA,REDE,1
125544,174,2021-05-25,SESSAO EXTRAORDINARIA,REMOTA,REPUBLICANOS,1
125545,174,2021-05-25,SESSAO EXTRAORDINARIA,REMOTA,PDT,1
125546,174,2021-05-25,SESSAO EXTRAORDINARIA,REMOTA,MDB,1
125547,174,2021-05-25,SESSAO EXTRAORDINARIA,REMOTA,PSB,2
125548,174,2021-05-25,SESSAO EXTRAORDINARIA,REMOTA,PP,1
125549,175,2021-05-25,SESSAO EXTRAORDINARIA,REMOTA,PL,1
125550,175,2021-05-25,SESSAO EXTRAORDINARIA,REMOTA,PT,1
125551,175,2021-05-25,SESSAO EXTRAORDINARIA,REMOTA,PT,1
125552,175,2021-05-25,SESSAO EXTRAORDINARIA,REMOTA,PDT,1
125553,175,2021-05-25,SESSAO EXTRAORDINARIA,REMOTA,PL,1
125554,175,2021-05-25,SESSAO EXTRAORDINARIA,REMOTA,PROS,1
125555,175,2021-05-25,SESSAO EXTRAORDINARIA,REMOTA,REPUBLICANOS,1
125556,175,2021-05-25,SESSAO EXTRAORDINARIA,REMOTA,PTC,1
125557,175,2021-05-25,SESSAO EXTRAORDINARIA,REMOTA,PSOL,1
125558,175,2021-05-25,SESSAO EXTRAORDINARIA,REMOTA,MDB,1
125559,175,2021-05-25,SESSAO EXTRAORDINARIA,REMOTA,PSC,1
125560,175,2021-05-25,SESSAO EXTRAORDINARIA,REMOTA,PTB,1
125561,175,2021-05-25,SESSAO EXTRAORDINARIA,REMOTA,PODEMOS,1
125562,175,2021-05-25,SESSAO EXTRAORDINARIA,REMOTA,NOVO,1
125563,175,2021-05-25,SESSAO EXTRAORDINARIA,REMOTA,REPUBLICANOS,1
125564,175,2021-05-25,SESSAO EXTRAORDINARIA,REMOTA,MDB,1
125565,175,2021-05-25,SESSAO EXTRAORDINARIA,REMOTA,AVANTE,1
125566,175,2021-05-25,SESSAO EXTRAORDINARIA,REMOTA,PSB,1
125567,175,2021-05-25,SESSAO EXTRAORDINARIA,REMOTA,PP,1
125568,176,2021-05-26,SESSAO EXTRAORDINARIA,REMOTA,PL,1
125569,176,2021-05-26,SESSAO EXTRAORDINARIA,REMOTA,PT,2
125570,176,2021-05-26,SESSAO EXTRAORDINARIA,REMOTA,PT,2
125571,176,2021-05-26,SESSAO EXTRAORDINARIA,REMOTA,PDT,2
125572,176,2021-05-26,SESSAO EXTRAORDINARIA,REMOTA,PL,1
125573,176,2021-05-26,SESSAO EXTRAORDINARIA,REMOTA,PROS,2
125574,176,2021-05-26,SESSAO EXTRAORDINARIA,REMOTA,REPUBLICANOS,2
125575,176,2021-05-26,SESSAO EXTRAORDINARIA,REMOTA,PTC,1
125576,176,2021-05-26,SESSAO EXTRAORDINARIA,REMOTA,PSOL,2
125577,176,2021-05-26,SESSAO EXTRAORDINARIA,REMOTA,MDB,2
125578,176,2021-05-26,SESSAO EXTRAORDINARIA,REMOTA,PSC,2
125579,176,2021-05-26,SESSAO EXTRAORDINARIA,REMOTA,PTB,2
125580,176,2021-05-26,SESSAO EXTRAORDINARIA,REMOTA,PODEMOS,1
125581,176,2021-05-26,SESSAO EXTRAORDINARIA,REMOTA,NÃO INFORMADO,1
125582,176,2021-05-26,SESSAO EXTRAORDINARIA,REMOTA,NOVO,2
125583,176,2021-05-26,SESSAO EXTRAORDINARIA,REMOTA,REPUBLICANOS,2
125584,176,2021-05-26,SESSAO EXTRAORDINARIA,REMOTA,PDT,2
125585,176,2021-05-26,SESSAO EXTRAORDINARIA,REMOTA,MDB,1
125586,176,2021-05-26,SESSAO EXTRAORDINARIA,REMOTA,AVANTE,1
125587,176,2021-05-26,SESSAO EXTRAORDINARIA,REMOTA,PSD,1
125588,176,2021-05-26,SESSAO EXTRAORDINARIA,REMOTA,PSB,1
125589,176,2021-05-26,SESSAO EXTRAORDINARIA,REMOTA,PP,2
125590,177,2021-06-01,SESSAO EXTRAORDINARIA,REMOTA,PL,1
125591,177,2021-06-01,SESSAO EXTRAORDINARIA,REMOTA,PT,1
125592,177,2021-06-01,SESSAO EXTRAORDINARIA,REMOTA,PT,1
125593,177,2021-06-01,SESSAO EXTRAORDINARIA,REMOTA,PDT,2
125594,177,2021-06-01,SESSAO EXTRAORDINARIA,REMOTA,PROS,1
125595,177,2021-06-01,SESSAO EXTRAORDINARIA,REMOTA,REPUBLICANOS,1
125596,177,2021-06-01,SESSAO EXTRAORDINARIA,REMOTA,PTC,1
125597,177,2021-06-01,SESSAO EXTRAORDINARIA,REMOTA,PSOL,1
125598,177,2021-06-01,SESSAO EXTRAORDINARIA,REMOTA,MDB,1
125599,177,2021-06-01,SESSAO EXTRAORDINARIA,REMOTA,PSC,1
125600,177,2021-06-01,SESSAO EXTRAORDINARIA,REMOTA,PTB,1
125601,177,2021-06-01,SESSAO EXTRAORDINARIA,REMOTA,PODEMOS,2
125602,177,2021-06-01,SESSAO EXTRAORDINARIA,REMOTA,NÃO INFORMADO,1
125603,177,2021-06-01,SESSAO EXTRAORDINARIA,REMOTA,AVANTE,1
125604,177,2021-06-01,SESSAO EXTRAORDINARIA,REMOTA,NOVO,1
125605,177,2021-06-01,SESSAO EXTRAORDINARIA,REMOTA,REPUBLICANOS,1
125606,177,2021-06-01,SESSAO EXTRAORDINARIA,REMOTA,PDT,1
125607,177,2021-06-01,SESSAO EXTRAORDINARIA,REMOTA,MDB,1
125608,177,2021-06-01,SESSAO EXTRAORDINARIA,REMOTA,AVANTE,1
125609,177,2021-06-01,SESSAO EXTRAORDINARIA,REMOTA,PSD,1
125610,177,2021-06-01,SESSAO EXTRAORDINARIA,REMOTA,PSB,1
125611,177,2021-06-01,SESSAO EXTRAORDINARIA,REMOTA,PP,1
125612,178,2021-06-02,SESSAO EXTRAORDINARIA,REMOTA,PL,1
125613,178,2021-06-02,SESSAO EXTRAORDINARIA,REMOTA,PT,1
125614,178,2021-06-02,SESSAO EXTRAORDINARIA,REMOTA,PT,1
125615,178,2021-06-02,SESSAO EXTRAORDINARIA,REMOTA,PDT,1
125616,178,2021-06-02,SESSAO EXTRAORDINARIA,REMOTA,PROS,1
125617,178,2021-06-02,SESSAO EXTRAORDINARIA,REMOTA,PTB,1
125618,178,2021-06-02,SESSAO EXTRAORDINARIA,REMOTA,PODEMOS,1
125619,178,2021-06-02,SESSAO EXTRAORDINARIA,REMOTA,AVANTE,1
125620,178,2021-06-02,SESSAO EXTRAORDINARIA,REMOTA,NOVO,1
125621,178,2021-06-02,SESSAO EXTRAORDINARIA,REMOTA,REPUBLICANOS,1
125622,178,2021-06-02,SESSAO EXTRAORDINARIA,REMOTA,PDT,1
125623,178,2021-06-02,SESSAO EXTRAORDINARIA,REMOTA,MDB,1
125624,178,2021-06-02,SESSAO EXTRAORDINARIA,REMOTA,AVANTE,1
125625,178,2021-06-02,SESSAO EXTRAORDINARIA,REMOTA,PSB,1
125626,178,2021-06-02,SESSAO EXTRAORDINARIA,REMOTA,PP,1
125627,179,2021-06-08,SESSAO EXTRAORDINARIA,REMOTA,PL,1
125628,179,2021-06-08,SESSAO EXTRAORDINARIA,REMOTA,PT,1
125629,179,2021-06-08,SESSAO EXTRAORDINARIA,REMOTA,PT,1
125630,179,2021-06-08,SESSAO EXTRAORDINARIA,REMOTA,PDT,1
125631,179,2021-06-08,SESSAO EXTRAORDINARIA,REMOTA,PL,1
125632,179,2021-06-08,SESSAO EXTRAORDINARIA,REMOTA,PROS,1
125633,179,2021-06-08,SESSAO EXTRAORDINARIA,REMOTA,REPUBLICANOS,1
125634,179,2021-06-08,SESSAO EXTRAORDINARIA,REMOTA,PTC,1
125635,179,2021-06-08,SESSAO EXTRAORDINARIA,REMOTA,PSOL,1
125636,179,2021-06-08,SESSAO EXTRAORDINARIA,REMOTA,MDB,1
125637,179,2021-06-08,SESSAO EXTRAORDINARIA,REMOTA,PSC,1
125638,179,2021-06-08,SESSAO EXTRAORDINARIA,REMOTA,PTB,1
125639,179,2021-06-08,SESSAO EXTRAORDINARIA,REMOTA,PODEMOS,1
125640,179,2021-06-08,SESSAO EXTRAORDINARIA,REMOTA,NÃO INFORMADO,1
125641,179,2021-06-08,SESSAO EXTRAORDINARIA,REMOTA,AVANTE,1
125642,179,2021-06-08,SESSAO EXTRAORDINARIA,REMOTA,NOVO,1
125643,179,2021-06-08,SESSAO EXTRAORDINARIA,REMOTA,REDE,1
125644,179,2021-06-08,SESSAO EXTRAORDINARIA,REMOTA,REPUBLICANOS,1
125645,179,2021-06-08,SESSAO EXTRAORDINARIA,REMOTA,PDT,1
125646,179,2021-06-08,SESSAO EXTRAORDINARIA,REMOTA,MDB,1
125647,179,2021-06-08,SESSAO EXTRAORDINARIA,REMOTA,AVANTE,1
125648,179,2021-06-08,SESSAO EXTRAORDINARIA,REMOTA,PSD,1
125649,179,2021-06-08,SESSAO EXTRAORDINARIA,REMOTA,PP,1
125650,180,2021-06-08,SESSAO EXTRAORDINARIA,REMOTA,PL,1
125651,180,2021-06-08,SESSAO EXTRAORDINARIA,REMOTA,PT,1
125652,180,2021-06-08,SESSAO EXTRAORDINARIA,REMOTA,PT,1
125653,180,2021-06-08,SESSAO EXTRAORDINARIA,REMOTA,PDT,1
125654,180,2021-06-08,SESSAO EXTRAORDINARIA,REMOTA,PL,1
125655,180,2021-06-08,SESSAO EXTRAORDINARIA,REMOTA,PROS,1
125656,180,2021-06-08,SESSAO EXTRAORDINARIA,REMOTA,REPUBLICANOS,1
125657,180,2021-06-08,SESSAO EXTRAORDINARIA,REMOTA,PTC,1
125658,180,2021-06-08,SESSAO EXTRAORDINARIA,REMOTA,PSOL,1
125659,180,2021-06-08,SESSAO EXTRAORDINARIA,REMOTA,MDB,1
125660,180,2021-06-08,SESSAO EXTRAORDINARIA,REMOTA,PSC,1
125661,180,2021-06-08,SESSAO EXTRAORDINARIA,REMOTA,PTB,1
125662,180,2021-06-08,SESSAO EXTRAORDINARIA,REMOTA,PODEMOS,1
125663,180,2021-06-08,SESSAO EXTRAORDINARIA,REMOTA,NÃO INFORMADO,1
125664,180,2021-06-08,SESSAO EXTRAORDINARIA,REMOTA,AVANTE,1
125665,180,2021-06-08,SESSAO EXTRAORDINARIA,REMOTA,NOVO,1
125666,180,2021-06-08,SESSAO EXTRAORDINARIA,REMOTA,REDE,1
125667,180,2021-06-08,SESSAO EXTRAORDINARIA,REMOTA,REPUBLICANOS,1
125668,180,2021-06-08,SESSAO EXTRAORDINARIA,REMOTA,PDT,1
125669,180,2021-06-08,SESSAO EXTRAORDINARIA,REMOTA,MDB,1
125670,180,2021-06-08,SESSAO EXTRAORDINARIA,REMOTA,AVANTE,1
125671,180,2021-06-08,SESSAO EXTRAORDINARIA,REMOTA,PSD,1
125672,180,2021-06-08,SESSAO EXTRAORDINARIA,REMOTA,PSB,1
125673,180,2021-06-08,SESSAO EXTRAORDINARIA,REMOTA,PP,1
125674,181,2021-06-09,SESSAO EXTRAORDINARIA,REMOTA,PL,1
125675,181,2021-06-09,SESSAO EXTRAORDINARIA,REMOTA,PT,1
125676,181,2021-06-09,SESSAO EXTRAORDINARIA,REMOTA,PT,1
125677,181,2021-06-09,SESSAO EXTRAORDINARIA,REMOTA,PDT,1
125678,181,2021-06-09,SESSAO EXTRAORDINARIA,REMOTA,PL,1
125679,181,2021-06-09,SESSAO EXTRAORDINARIA,REMOTA,PROS,1
125680,181,2021-06-09,SESSAO EXTRAORDINARIA,REMOTA,REPUBLICANOS,1
125681,181,2021-06-09,SESSAO EXTRAORDINARIA,REMOTA,PTC,1
125682,181,2021-06-09,SESSAO EXTRAORDINARIA,REMOTA,PSOL,1
125683,181,2021-06-09,SESSAO EXTRAORDINARIA,REMOTA,MDB,1
125684,181,2021-06-09,SESSAO EXTRAORDINARIA,REMOTA,PSC,1
125685,181,2021-06-09,SESSAO EXTRAORDINARIA,REMOTA,PTB,1
125686,181,2021-06-09,SESSAO EXTRAORDINARIA,REMOTA,PODEMOS,1
125687,181,2021-06-09,SESSAO EXTRAORDINARIA,REMOTA,AVANTE,1
125688,181,2021-06-09,SESSAO EXTRAORDINARIA,REMOTA,NOVO,1
125689,181,2021-06-09,SESSAO EXTRAORDINARIA,REMOTA,REDE,1
125690,181,2021-06-09,SESSAO EXTRAORDINARIA,REMOTA,REPUBLICANOS,1
125691,181,2021-06-09,SESSAO EXTRAORDINARIA,REMOTA,PDT,1
125692,181,2021-06-09,SESSAO EXTRAORDINARIA,REMOTA,MDB,1
125693,181,2021-06-09,SESSAO EXTRAORDINARIA,REMOTA,AVANTE,1
125694,181,2021-06-09,SESSAO EXTRAORDINARIA,REMOTA,PSB,1
125695,181,2021-06-09,SESSAO EXTRAORDINARIA,REMOTA,PP,1
125696,182,2021-06-15,SESSAO EXTRAORDINARIA,REMOTA,PL,1
125697,182,2021-06-15,SESSAO EXTRAORDINARIA,REMOTA,PT,1
125698,182,2021-06-15,SESSAO EXTRAORDINARIA,REMOTA,PT,1
125699,182,2021-06-15,SESSAO EXTRAORDINARIA,REMOTA,PDT,1
125700,182,2021-06-15,SESSAO EXTRAORDINARIA,REMOTA,PL,1
125701,182,2021-06-15,SESSAO EXTRAORDINARIA,REMOTA,PROS,1
125702,182,2021-06-15,SESSAO EXTRAORDINARIA,REMOTA,REPUBLICANOS,1
125703,182,2021-06-15,SESSAO EXTRAORDINARIA,REMOTA,PTC,1
125704,182,2021-06-15,SESSAO EXTRAORDINARIA,REMOTA,PSOL,1
125705,182,2021-06-15,SESSAO EXTRAORDINARIA,REMOTA,MDB,1
125706,182,2021-06-15,SESSAO EXTRAORDINARIA,REMOTA,PSC,1
125707,182,2021-06-15,SESSAO EXTRAORDINARIA,REMOTA,PTB,1
125708,182,2021-06-15,SESSAO EXTRAORDINARIA,REMOTA,PODEMOS,1
125709,182,2021-06-15,SESSAO EXTRAORDINARIA,REMOTA,NÃO INFORMADO,1
125710,182,2021-06-15,SESSAO EXTRAORDINARIA,REMOTA,AVANTE,1
125711,182,2021-06-15,SESSAO EXTRAORDINARIA,REMOTA,NOVO,1
125712,182,2021-06-15,SESSAO EXTRAORDINARIA,REMOTA,REDE,1
125713,182,2021-06-15,SESSAO EXTRAORDINARIA,REMOTA,REPUBLICANOS,1
125714,182,2021-06-15,SESSAO EXTRAORDINARIA,REMOTA,PDT,1
125715,182,2021-06-15,SESSAO EXTRAORDINARIA,REMOTA,MDB,1
125716,182,2021-06-15,SESSAO EXTRAORDINARIA,REMOTA,AVANTE,1
125717,182,2021-06-15,SESSAO EXTRAORDINARIA,REMOTA,PSD,1
125718,182,2021-06-15,SESSAO EXTRAORDINARIA,REMOTA,PSB,1
125719,182,2021-06-15,SESSAO EXTRAORDINARIA,REMOTA,PP,1
125720,183,2021-06-15,SESSAO EXTRAORDINARIA,REMOTA,PL,1
125721,183,2021-06-15,SESSAO EXTRAORDINARIA,REMOTA,PT,1
125722,183,2021-06-15,SESSAO EXTRAORDINARIA,REMOTA,PT,1
125723,183,2021-06-15,SESSAO EXTRAORDINARIA,REMOTA,PL,1
125724,183,2021-06-15,SESSAO EXTRAORDINARIA,REMOTA,PROS,1
125725,183,2021-06-15,SESSAO EXTRAORDINARIA,REMOTA,REPUBLICANOS,1
125726,183,2021-06-15,SESSAO EXTRAORDINARIA,REMOTA,PTC,1
125727,183,2021-06-15,SESSAO EXTRAORDINARIA,REMOTA,PSOL,1
125728,183,2021-06-15,SESSAO EXTRAORDINARIA,REMOTA,MDB,1
125729,183,2021-06-15,SESSAO EXTRAORDINARIA,REMOTA,PSC,1
125730,183,2021-06-15,SESSAO EXTRAORDINARIA,REMOTA,PTB,1
125731,183,2021-06-15,SESSAO EXTRAORDINARIA,REMOTA,PODEMOS,1
125732,183,2021-06-15,SESSAO EXTRAORDINARIA,REMOTA,NOVO,1
125733,183,2021-06-15,SESSAO EXTRAORDINARIA,REMOTA,REPUBLICANOS,1
125734,183,2021-06-15,SESSAO EXTRAORDINARIA,REMOTA,PDT,1
125735,183,2021-06-15,SESSAO EXTRAORDINARIA,REMOTA,MDB,1
125736,183,2021-06-15,SESSAO EXTRAORDINARIA,REMOTA,AVANTE,1
125737,183,2021-06-15,SESSAO EXTRAORDINARIA,REMOTA,PSD,1
125738,183,2021-06-15,SESSAO EXTRAORDINARIA,REMOTA,PSB,1
125739,184,2021-06-16,SESSAO EXTRAORDINARIA,REMOTA,PL,1
125740,184,2021-06-16,SESSAO EXTRAORDINARIA,REMOTA,PT,1
125741,184,2021-06-16,SESSAO EXTRAORDINARIA,REMOTA,PT,1
125742,184,2021-06-16,SESSAO EXTRAORDINARIA,REMOTA,PDT,1
125743,184,2021-06-16,SESSAO EXTRAORDINARIA,REMOTA,PROS,1
125744,184,2021-06-16,SESSAO EXTRAORDINARIA,REMOTA,REPUBLICANOS,1
125745,184,2021-06-16,SESSAO EXTRAORDINARIA,REMOTA,PTC,1
125746,184,2021-06-16,SESSAO EXTRAORDINARIA,REMOTA,PSOL,1
125747,184,2021-06-16,SESSAO EXTRAORDINARIA,REMOTA,MDB,1
125748,184,2021-06-16,SESSAO EXTRAORDINARIA,REMOTA,PSC,1
125749,184,2021-06-16,SESSAO EXTRAORDINARIA,REMOTA,PTB,1
125750,184,2021-06-16,SESSAO EXTRAORDINARIA,REMOTA,NOVO,1
125751,184,2021-06-16,SESSAO EXTRAORDINARIA,REMOTA,REDE,1
125752,184,2021-06-16,SESSAO EXTRAORDINARIA,REMOTA,REPUBLICANOS,1
125753,184,2021-06-16,SESSAO EXTRAORDINARIA,REMOTA,PDT,1
125754,184,2021-06-16,SESSAO EXTRAORDINARIA,REMOTA,MDB,1
125755,184,2021-06-16,SESSAO EXTRAORDINARIA,REMOTA,AVANTE,1
125756,184,2021-06-16,SESSAO EXTRAORDINARIA,REMOTA,PSD,1
125757,184,2021-06-16,SESSAO EXTRAORDINARIA,REMOTA,PSB,1
125758,185,2021-06-22,SESSAO EXTRAORDINARIA,REMOTA,PL,1
125759,185,2021-06-22,SESSAO EXTRAORDINARIA,REMOTA,PT,1
125760,185,2021-06-22,SESSAO EXTRAORDINARIA,REMOTA,PT,1
125761,185,2021-06-22,SESSAO EXTRAORDINARIA,REMOTA,PDT,1
125762,185,2021-06-22,SESSAO EXTRAORDINARIA,REMOTA,PL,1
125763,185,2021-06-22,SESSAO EXTRAORDINARIA,REMOTA,REPUBLICANOS,1
125764,185,2021-06-22,SESSAO EXTRAORDINARIA,REMOTA,PSOL,1
125765,185,2021-06-22,SESSAO EXTRAORDINARIA,REMOTA,PROS,1
125766,185,2021-06-22,SESSAO EXTRAORDINARIA,REMOTA,MDB,1
125767,185,2021-06-22,SESSAO EXTRAORDINARIA,REMOTA,PSC,1
125768,185,2021-06-22,SESSAO EXTRAORDINARIA,REMOTA,PTB,1
125769,185,2021-06-22,SESSAO EXTRAORDINARIA,REMOTA,PODEMOS,1
125770,185,2021-06-22,SESSAO EXTRAORDINARIA,REMOTA,NÃO INFORMADO,1
125771,185,2021-06-22,SESSAO EXTRAORDINARIA,REMOTA,AVANTE,1
125772,185,2021-06-22,SESSAO EXTRAORDINARIA,REMOTA,NOVO,1
125773,185,2021-06-22,SESSAO EXTRAORDINARIA,REMOTA,REDE,1
125774,185,2021-06-22,SESSAO EXTRAORDINARIA,REMOTA,REPUBLICANOS,1
125775,185,2021-06-22,SESSAO EXTRAORDINARIA,REMOTA,PDT,1
125776,185,2021-06-22,SESSAO EXTRAORDINARIA,REMOTA,MDB,1
125777,185,2021-06-22,SESSAO EXTRAORDINARIA,REMOTA,AVANTE,1
125778,185,2021-06-22,SESSAO EXTRAORDINARIA,REMOTA,PSB,1
125779,185,2021-06-22,SESSAO EXTRAORDINARIA,REMOTA,PP,1
125780,186,2021-06-23,SESSAO EXTRAORDINARIA,REMOTA,PL,1
125781,186,2021-06-23,SESSAO EXTRAORDINARIA,REMOTA,PT,1
125782,186,2021-06-23,SESSAO EXTRAORDINARIA,REMOTA,PT,1
125783,186,2021-06-23,SESSAO EXTRAORDINARIA,REMOTA,PDT,1
125784,186,2021-06-23,SESSAO EXTRAORDINARIA,REMOTA,REPUBLICANOS,1
125785,186,2021-06-23,SESSAO EXTRAORDINARIA,REMOTA,PTC,1
125786,186,2021-06-23,SESSAO EXTRAORDINARIA,REMOTA,PSOL,1
125787,186,2021-06-23,SESSAO EXTRAORDINARIA,REMOTA,PROS,1
125788,186,2021-06-23,SESSAO EXTRAORDINARIA,REMOTA,MDB,1
125789,186,2021-06-23,SESSAO EXTRAORDINARIA,REMOTA,PSC,1
125790,186,2021-06-23,SESSAO EXTRAORDINARIA,REMOTA,PTB,1
125791,186,2021-06-23,SESSAO EXTRAORDINARIA,REMOTA,PODEMOS,1
125792,186,2021-06-23,SESSAO EXTRAORDINARIA,REMOTA,NÃO INFORMADO,1
125793,186,2021-06-23,SESSAO EXTRAORDINARIA,REMOTA,AVANTE,1
125794,186,2021-06-23,SESSAO EXTRAORDINARIA,REMOTA,NOVO,1
125795,186,2021-06-23,SESSAO EXTRAORDINARIA,REMOTA,REPUBLICANOS,1
125796,186,2021-06-23,SESSAO EXTRAORDINARIA,REMOTA,PDT,1
125797,186,2021-06-23,SESSAO EXTRAORDINARIA,REMOTA,MDB,1
125798,186,2021-06-23,SESSAO EXTRAORDINARIA,REMOTA,AVANTE,1
125799,186,2021-06-23,SESSAO EXTRAORDINARIA,REMOTA,PP,1
125800,187,2021-06-23,SESSAO EXTRAORDINARIA,REMOTA,PL,1
125801,187,2021-06-23,SESSAO EXTRAORDINARIA,REMOTA,PT,1
125802,187,2021-06-23,SESSAO EXTRAORDINARIA,REMOTA,PT,1
125803,187,2021-06-23,SESSAO EXTRAORDINARIA,REMOTA,REPUBLICANOS,1
125804,187,2021-06-23,SESSAO EXTRAORDINARIA,REMOTA,PTC,1
125805,187,2021-06-23,SESSAO EXTRAORDINARIA,REMOTA,PSOL,1
125806,187,2021-06-23,SESSAO EXTRAORDINARIA,REMOTA,PROS,1
125807,187,2021-06-23,SESSAO EXTRAORDINARIA,REMOTA,MDB,1
125808,187,2021-06-23,SESSAO EXTRAORDINARIA,REMOTA,PSC,1
125809,187,2021-06-23,SESSAO EXTRAORDINARIA,REMOTA,PTB,1
125810,187,2021-06-23,SESSAO EXTRAORDINARIA,REMOTA,AVANTE,1
125811,187,2021-06-23,SESSAO EXTRAORDINARIA,REMOTA,NOVO,1
125812,187,2021-06-23,SESSAO EXTRAORDINARIA,REMOTA,REPUBLICANOS,1
125813,187,2021-06-23,SESSAO EXTRAORDINARIA,REMOTA,PDT,1
125814,187,2021-06-23,SESSAO EXTRAORDINARIA,REMOTA,MDB,1
125815,187,2021-06-23,SESSAO EXTRAORDINARIA,REMOTA,PSD,1
125816,188,2021-06-29,SESSAO EXTRAORDINARIA,REMOTA,PL,1
125817,188,2021-06-29,SESSAO EXTRAORDINARIA,REMOTA,PT,1
125818,188,2021-06-29,SESSAO EXTRAORDINARIA,REMOTA,PT,1
125819,188,2021-06-29,SESSAO EXTRAORDINARIA,REMOTA,PDT,1
125820,188,2021-06-29,SESSAO EXTRAORDINARIA,REMOTA,PL,1
125821,188,2021-06-29,SESSAO EXTRAORDINARIA,REMOTA,REPUBLICANOS,1
125822,188,2021-06-29,SESSAO EXTRAORDINARIA,REMOTA,PTC,1
125823,188,2021-06-29,SESSAO EXTRAORDINARIA,REMOTA,PSOL,1
125824,188,2021-06-29,SESSAO EXTRAORDINARIA,REMOTA,PROS,1
125825,188,2021-06-29,SESSAO EXTRAORDINARIA,REMOTA,MDB,1
125826,188,2021-06-29,SESSAO EXTRAORDINARIA,REMOTA,PSC,1
125827,188,2021-06-29,SESSAO EXTRAORDINARIA,REMOTA,PTB,1
125828,188,2021-06-29,SESSAO EXTRAORDINARIA,REMOTA,PODEMOS,1
125829,188,2021-06-29,SESSAO EXTRAORDINARIA,REMOTA,NÃO INFORMADO,1
125830,188,2021-06-29,SESSAO EXTRAORDINARIA,REMOTA,AVANTE,1
125831,188,2021-06-29,SESSAO EXTRAORDINARIA,REMOTA,NOVO,1
125832,188,2021-06-29,SESSAO EXTRAORDINARIA,REMOTA,REDE,1
125833,188,2021-06-29,SESSAO EXTRAORDINARIA,REMOTA,REPUBLICANOS,1
125834,188,2021-06-29,SESSAO EXTRAORDINARIA,REMOTA,PDT,1
125835,188,2021-06-29,SESSAO EXTRAORDINARIA,REMOTA,MDB,1
125836,188,2021-06-29,SESSAO EXTRAORDINARIA,REMOTA,AVANTE,1
125837,188,2021-06-29,SESSAO EXTRAORDINARIA,REMOTA,PSD,1
125838,188,2021-06-29,SESSAO EXTRAORDINARIA,REMOTA,PSB,1
125839,188,2021-06-29,SESSAO EXTRAORDINARIA,REMOTA,PP,1
125840,189,2021-06-29,SESSAO EXTRAORDINARIA,REMOTA,PL,1
125841,189,2021-06-29,SESSAO EXTRAORDINARIA,REMOTA,PT,1
125842,189,2021-06-29,SESSAO EXTRAORDINARIA,REMOTA,PDT,1
125843,189,2021-06-29,SESSAO EXTRAORDINARIA,REMOTA,REPUBLICANOS,1
125844,189,2021-06-29,SESSAO EXTRAORDINARIA,REMOTA,PSOL,1
125845,189,2021-06-29,SESSAO EXTRAORDINARIA,REMOTA,PROS,1
125846,189,2021-06-29,SESSAO EXTRAORDINARIA,REMOTA,MDB,1
125847,189,2021-06-29,SESSAO EXTRAORDINARIA,REMOTA,PSC,1
125848,189,2021-06-29,SESSAO EXTRAORDINARIA,REMOTA,PODEMOS,1
125849,189,2021-06-29,SESSAO EXTRAORDINARIA,REMOTA,NÃO INFORMADO,1
125850,189,2021-06-29,SESSAO EXTRAORDINARIA,REMOTA,NOVO,1
125851,189,2021-06-29,SESSAO EXTRAORDINARIA,REMOTA,REDE,1
125852,189,2021-06-29,SESSAO EXTRAORDINARIA,REMOTA,REPUBLICANOS,1
125853,189,2021-06-29,SESSAO EXTRAORDINARIA,REMOTA,PDT,1
125854,189,2021-06-29,SESSAO EXTRAORDINARIA,REMOTA,MDB,1
125855,189,2021-06-29,SESSAO EXTRAORDINARIA,REMOTA,AVANTE,1
125856,189,2021-06-29,SESSAO EXTRAORDINARIA,REMOTA,PSD,1
125857,189,2021-06-29,SESSAO EXTRAORDINARIA,REMOTA,PSB,1
125858,190,2021-08-03,SESSAO ORDINARIA,PRESENCIAL,PT,1
125859,190,2021-08-03,SESSAO ORDINARIA,PRESENCIAL,PT,1
125860,190,2021-08-03,SESSAO ORDINARIA,PRESENCIAL,PDT,1
125861,190,2021-08-03,SESSAO ORDINARIA,PRESENCIAL,PL,1
125862,190,2021-08-03,SESSAO ORDINARIA,PRESENCIAL,REPUBLICANOS,1
125863,190,2021-08-03,SESSAO ORDINARIA,PRESENCIAL,PTC,1
125864,190,2021-08-03,SESSAO ORDINARIA,PRESENCIAL,PSOL,1
125865,190,2021-08-03,SESSAO ORDINARIA,PRESENCIAL,MDB,1
125866,190,2021-08-03,SESSAO ORDINARIA,PRESENCIAL,PSC,1
125867,190,2021-08-03,SESSAO ORDINARIA,PRESENCIAL,PTB,1
125868,190,2021-08-03,SESSAO ORDINARIA,PRESENCIAL,AVANTE,1
125869,190,2021-08-03,SESSAO ORDINARIA,PRESENCIAL,REDE,1
125870,190,2021-08-03,SESSAO ORDINARIA,PRESENCIAL,REPUBLICANOS,1
125871,190,2021-08-03,SESSAO ORDINARIA,PRESENCIAL,PDT,1
125872,190,2021-08-03,SESSAO ORDINARIA,PRESENCIAL,MDB,1
125873,190,2021-08-03,SESSAO ORDINARIA,PRESENCIAL,AVANTE,1
125874,190,2021-08-03,SESSAO ORDINARIA,PRESENCIAL,PSD,1
125875,190,2021-08-03,SESSAO ORDINARIA,PRESENCIAL,PP,1
125876,191,2022-02-01,SESSAO ORDINARIA,PRESENCIAL,PL,1
125877,191,2022-02-01,SESSAO ORDINARIA,PRESENCIAL,PT,1
125878,191,2022-02-01,SESSAO ORDINARIA,PRESENCIAL,PT,1
125879,191,2022-02-01,SESSAO ORDINARIA,PRESENCIAL,PDT,1
125880,191,2022-02-01,SESSAO ORDINARIA,PRESENCIAL,PL,1
125881,191,2022-02-01,SESSAO ORDINARIA,PRESENCIAL,REPUBLICANOS,1
125882,191,2022-02-01,SESSAO ORDINARIA,PRESENCIAL,DEM,1
125883,191,2022-02-01,SESSAO ORDINARIA,PRESENCIAL,PSOL,1
125884,191,2022-02-01,SESSAO ORDINARIA,PRESENCIAL,PROS,1
125885,191,2022-02-01,SESSAO ORDINARIA,PRESENCIAL,MDB,1
125886,191,2022-02-01,SESSAO ORDINARIA,PRESENCIAL,PSC,1
125887,191,2022-02-01,SESSAO ORDINARIA,PRESENCIAL,PTB,1
125888,191,2022-02-01,SESSAO ORDINARIA,PRESENCIAL,PODEMOS,1
125889,191,2022-02-01,SESSAO ORDINARIA,PRESENCIAL,PTB,1
125890,191,2022-02-01,SESSAO ORDINARIA,PRESENCIAL,AVANTE,1
125891,191,2022-02-01,SESSAO ORDINARIA,PRESENCIAL,NOVO,1
125892,191,2022-02-01,SESSAO ORDINARIA,PRESENCIAL,REDE,1
125893,191,2022-02-01,SESSAO ORDINARIA,PRESENCIAL,SD,1
125894,191,2022-02-01,SESSAO ORDINARIA,PRESENCIAL,PDT,1
125895,191,2022-02-01,SESSAO ORDINARIA,PRESENCIAL,MDB,1
125896,191,2022-02-01,SESSAO ORDINARIA,PRESENCIAL,AVANTE,1
125897,191,2022-02-01,SESSAO ORDINARIA,PRESENCIAL,PSD,1
125898,191,2022-02-01,SESSAO ORDINARIA,PRESENCIAL,PSB,1
125899,192,2021-08-04,SESSAO ORDINARIA,PRESENCIAL,PT,2
125900,192,2021-08-04,SESSAO ORDINARIA,PRESENCIAL,PT,2
125901,192,2021-08-04,SESSAO ORDINARIA,PRESENCIAL,PDT,2
125902,192,2021-08-04,SESSAO ORDINARIA,PRESENCIAL,PL,2
125903,192,2021-08-04,SESSAO ORDINARIA,PRESENCIAL,REPUBLICANOS,2
125904,192,2021-08-04,SESSAO ORDINARIA,PRESENCIAL,PTC,2
125905,192,2021-08-04,SESSAO ORDINARIA,PRESENCIAL,PSOL,2
125906,192,2021-08-04,SESSAO ORDINARIA,PRESENCIAL,MDB,2
125907,192,2021-08-04,SESSAO ORDINARIA,PRESENCIAL,PSC,2
125908,192,2021-08-04,SESSAO ORDINARIA,PRESENCIAL,PTB,2
125909,192,2021-08-04,SESSAO ORDINARIA,PRESENCIAL,AVANTE,1
125910,192,2021-08-04,SESSAO ORDINARIA,PRESENCIAL,REDE,2
125911,192,2021-08-04,SESSAO ORDINARIA,PRESENCIAL,REPUBLICANOS,2
125912,192,2021-08-04,SESSAO ORDINARIA,PRESENCIAL,PDT,2
125913,192,2021-08-04,SESSAO ORDINARIA,PRESENCIAL,MDB,2
125914,192,2021-08-04,SESSAO ORDINARIA,PRESENCIAL,AVANTE,2
125915,192,2021-08-04,SESSAO ORDINARIA,PRESENCIAL,PSD,2
125916,192,2021-08-04,SESSAO ORDINARIA,PRESENCIAL,PSB,2
125917,192,2021-08-04,SESSAO ORDINARIA,PRESENCIAL,PP,2
125918,193,2021-08-04,SESSAO EXTRAORDINARIA,PRESENCIAL,PT,1
125919,193,2021-08-04,SESSAO EXTRAORDINARIA,PRESENCIAL,PT,1
125920,193,2021-08-04,SESSAO EXTRAORDINARIA,PRESENCIAL,PDT,1
125921,193,2021-08-04,SESSAO EXTRAORDINARIA,PRESENCIAL,PL,1
125922,193,2021-08-04,SESSAO EXTRAORDINARIA,PRESENCIAL,REPUBLICANOS,1
125923,193,2021-08-04,SESSAO EXTRAORDINARIA,PRESENCIAL,PTC,1
125924,193,2021-08-04,SESSAO EXTRAORDINARIA,PRESENCIAL,PSOL,1
125925,193,2021-08-04,SESSAO EXTRAORDINARIA,PRESENCIAL,MDB,1
125926,193,2021-08-04,SESSAO EXTRAORDINARIA,PRESENCIAL,PSC,1
125927,193,2021-08-04,SESSAO EXTRAORDINARIA,PRESENCIAL,PTB,1
125928,193,2021-08-04,SESSAO EXTRAORDINARIA,PRESENCIAL,REDE,1
125929,193,2021-08-04,SESSAO EXTRAORDINARIA,PRESENCIAL,REPUBLICANOS,1
125930,193,2021-08-04,SESSAO EXTRAORDINARIA,PRESENCIAL,PDT,1
125931,193,2021-08-04,SESSAO EXTRAORDINARIA,PRESENCIAL,MDB,1
125932,193,2021-08-04,SESSAO EXTRAORDINARIA,PRESENCIAL,AVANTE,1
125933,193,2021-08-04,SESSAO EXTRAORDINARIA,PRESENCIAL,PSD,1
125934,193,2021-08-04,SESSAO EXTRAORDINARIA,PRESENCIAL,PSB,1
125935,193,2021-08-04,SESSAO EXTRAORDINARIA,PRESENCIAL,PP,1
125936,194,2021-08-05,SESSAO ORDINARIA,PRESENCIAL,PT,1
125937,194,2021-08-05,SESSAO ORDINARIA,PRESENCIAL,PSOL,1
125938,195,2021-08-05,SESSAO ORDINARIA,PRESENCIAL,PT,1
125939,195,2021-08-05,SESSAO ORDINARIA,PRESENCIAL,PT,1
125940,195,2021-08-05,SESSAO ORDINARIA,PRESENCIAL,REPUBLICANOS,1
125941,195,2021-08-05,SESSAO ORDINARIA,PRESENCIAL,PTC,1
125942,195,2021-08-05,SESSAO ORDINARIA,PRESENCIAL,PSOL,1
125943,195,2021-08-05,SESSAO ORDINARIA,PRESENCIAL,PSC,1
125944,195,2021-08-05,SESSAO ORDINARIA,PRESENCIAL,REPUBLICANOS,1
125945,195,2021-08-05,SESSAO ORDINARIA,PRESENCIAL,PDT,1
125946,195,2021-08-05,SESSAO ORDINARIA,PRESENCIAL,PP,1
125947,196,2021-08-10,SESSAO ORDINARIA,PRESENCIAL,PL,1
125948,196,2021-08-10,SESSAO ORDINARIA,PRESENCIAL,PT,1
125949,196,2021-08-10,SESSAO ORDINARIA,PRESENCIAL,PT,1
125950,196,2021-08-10,SESSAO ORDINARIA,PRESENCIAL,PDT,1
125951,196,2021-08-10,SESSAO ORDINARIA,PRESENCIAL,REPUBLICANOS,1
125952,196,2021-08-10,SESSAO ORDINARIA,PRESENCIAL,PTC,1
125953,196,2021-08-10,SESSAO ORDINARIA,PRESENCIAL,PSOL,1
125954,196,2021-08-10,SESSAO ORDINARIA,PRESENCIAL,MDB,1
125955,196,2021-08-10,SESSAO ORDINARIA,PRESENCIAL,PSC,1
125956,196,2021-08-10,SESSAO ORDINARIA,PRESENCIAL,PTB,1
125957,196,2021-08-10,SESSAO ORDINARIA,PRESENCIAL,NÃO INFORMADO,1
125958,196,2021-08-10,SESSAO ORDINARIA,PRESENCIAL,AVANTE,1
125959,196,2021-08-10,SESSAO ORDINARIA,PRESENCIAL,NOVO,1
125960,196,2021-08-10,SESSAO ORDINARIA,PRESENCIAL,REDE,1
125961,196,2021-08-10,SESSAO ORDINARIA,PRESENCIAL,REPUBLICANOS,1
125962,196,2021-08-10,SESSAO ORDINARIA,PRESENCIAL,PDT,1
125963,196,2021-08-10,SESSAO ORDINARIA,PRESENCIAL,MDB,1
125964,196,2021-08-10,SESSAO ORDINARIA,PRESENCIAL,AVANTE,1
125965,196,2021-08-10,SESSAO ORDINARIA,PRESENCIAL,PSD,1
125966,196,2021-08-10,SESSAO ORDINARIA,PRESENCIAL,PP,1
125967,197,2021-08-10,SESSAO EXTRAORDINARIA,PRESENCIAL,PL,1
125968,197,2021-08-10,SESSAO EXTRAORDINARIA,PRESENCIAL,PT,2
125969,197,2021-08-10,SESSAO EXTRAORDINARIA,PRESENCIAL,PT,2
125970,197,2021-08-10,SESSAO EXTRAORDINARIA,PRESENCIAL,PDT,2
125971,197,2021-08-10,SESSAO EXTRAORDINARIA,PRESENCIAL,REPUBLICANOS,2
125972,197,2021-08-10,SESSAO EXTRAORDINARIA,PRESENCIAL,PTC,2
125973,197,2021-08-10,SESSAO EXTRAORDINARIA,PRESENCIAL,PSOL,2
125974,197,2021-08-10,SESSAO EXTRAORDINARIA,PRESENCIAL,MDB,1
125975,197,2021-08-10,SESSAO EXTRAORDINARIA,PRESENCIAL,PSC,2
125976,197,2021-08-10,SESSAO EXTRAORDINARIA,PRESENCIAL,PTB,2
125977,197,2021-08-10,SESSAO EXTRAORDINARIA,PRESENCIAL,NÃO INFORMADO,2
125978,197,2021-08-10,SESSAO EXTRAORDINARIA,PRESENCIAL,AVANTE,2
125979,197,2021-08-10,SESSAO EXTRAORDINARIA,PRESENCIAL,NOVO,2
125980,197,2021-08-10,SESSAO EXTRAORDINARIA,PRESENCIAL,REDE,2
125981,197,2021-08-10,SESSAO EXTRAORDINARIA,PRESENCIAL,PDT,2
125982,197,2021-08-10,SESSAO EXTRAORDINARIA,PRESENCIAL,MDB,1
125983,197,2021-08-10,SESSAO EXTRAORDINARIA,PRESENCIAL,AVANTE,2
125984,197,2021-08-10,SESSAO EXTRAORDINARIA,PRESENCIAL,PSD,2
125985,197,2021-08-10,SESSAO EXTRAORDINARIA,PRESENCIAL,PP,1
125986,198,2021-08-11,SESSAO ORDINARIA,PRESENCIAL,PL,1
125987,198,2021-08-11,SESSAO ORDINARIA,PRESENCIAL,PT,1
125988,198,2021-08-11,SESSAO ORDINARIA,PRESENCIAL,PT,1
125989,198,2021-08-11,SESSAO ORDINARIA,PRESENCIAL,REPUBLICANOS,1
125990,198,2021-08-11,SESSAO ORDINARIA,PRESENCIAL,PTC,1
125991,198,2021-08-11,SESSAO ORDINARIA,PRESENCIAL,PSOL,1
125992,198,2021-08-11,SESSAO ORDINARIA,PRESENCIAL,PTB,1
125993,198,2021-08-11,SESSAO ORDINARIA,PRESENCIAL,AVANTE,1
125994,198,2021-08-11,SESSAO ORDINARIA,PRESENCIAL,NOVO,1
125995,198,2021-08-11,SESSAO ORDINARIA,PRESENCIAL,REDE,1
125996,198,2021-08-11,SESSAO ORDINARIA,PRESENCIAL,REPUBLICANOS,1
125997,198,2021-08-11,SESSAO ORDINARIA,PRESENCIAL,MDB,1
125998,198,2021-08-11,SESSAO ORDINARIA,PRESENCIAL,AVANTE,1
125999,198,2021-08-11,SESSAO ORDINARIA,PRESENCIAL,PP,1
126000,199,2021-08-12,SESSAO ORDINARIA,PRESENCIAL,PT,1
126001,199,2021-08-12,SESSAO ORDINARIA,PRESENCIAL,PT,1
126002,199,2021-08-12,SESSAO ORDINARIA,PRESENCIAL,REPUBLICANOS,1
126003,199,2021-08-12,SESSAO ORDINARIA,PRESENCIAL,PTC,1
126004,199,2021-08-12,SESSAO ORDINARIA,PRESENCIAL,PSOL,1
126005,199,2021-08-12,SESSAO ORDINARIA,PRESENCIAL,MDB,1
126006,199,2021-08-12,SESSAO ORDINARIA,PRESENCIAL,AVANTE,1
126007,199,2021-08-12,SESSAO ORDINARIA,PRESENCIAL,NOVO,1
126008,199,2021-08-12,SESSAO ORDINARIA,PRESENCIAL,REDE,1
126009,199,2021-08-12,SESSAO ORDINARIA,PRESENCIAL,PSD,1
126010,199,2021-08-12,SESSAO ORDINARIA,PRESENCIAL,PP,1
126011,200,2021-08-17,SESSAO ORDINARIA,PRESENCIAL,PL,1
126012,200,2021-08-17,SESSAO ORDINARIA,PRESENCIAL,PT,1
126013,200,2021-08-17,SESSAO ORDINARIA,PRESENCIAL,PT,1
126014,200,2021-08-17,SESSAO ORDINARIA,PRESENCIAL,REPUBLICANOS,1
126015,200,2021-08-17,SESSAO ORDINARIA,PRESENCIAL,PTC,1
126016,200,2021-08-17,SESSAO ORDINARIA,PRESENCIAL,PSOL,1
126017,200,2021-08-17,SESSAO ORDINARIA,PRESENCIAL,MDB,1
126018,200,2021-08-17,SESSAO ORDINARIA,PRESENCIAL,PSC,1
126019,200,2021-08-17,SESSAO ORDINARIA,PRESENCIAL,PTB,1
126020,200,2021-08-17,SESSAO ORDINARIA,PRESENCIAL,NÃO INFORMADO,1
126021,200,2021-08-17,SESSAO ORDINARIA,PRESENCIAL,NOVO,1
126022,200,2021-08-17,SESSAO ORDINARIA,PRESENCIAL,REDE,1
126023,200,2021-08-17,SESSAO ORDINARIA,PRESENCIAL,REPUBLICANOS,1
126024,200,2021-08-17,SESSAO ORDINARIA,PRESENCIAL,PDT,1
126025,200,2021-08-17,SESSAO ORDINARIA,PRESENCIAL,MDB,1
126026,200,2021-08-17,SESSAO ORDINARIA,PRESENCIAL,AVANTE,1
126027,200,2021-08-17,SESSAO ORDINARIA,PRESENCIAL,PSD,1
126028,200,2021-08-17,SESSAO ORDINARIA,PRESENCIAL,PP,1
126029,201,2021-08-17,SESSAO EXTRAORDINARIA,PRESENCIAL,PL,1
126030,201,2021-08-17,SESSAO EXTRAORDINARIA,PRESENCIAL,PT,1
126031,201,2021-08-17,SESSAO EXTRAORDINARIA,PRESENCIAL,PT,1
126032,201,2021-08-17,SESSAO EXTRAORDINARIA,PRESENCIAL,REPUBLICANOS,1
126033,201,2021-08-17,SESSAO EXTRAORDINARIA,PRESENCIAL,PTC,1
126034,201,2021-08-17,SESSAO EXTRAORDINARIA,PRESENCIAL,PSOL,1
126035,201,2021-08-17,SESSAO EXTRAORDINARIA,PRESENCIAL,MDB,1
126036,201,2021-08-17,SESSAO EXTRAORDINARIA,PRESENCIAL,PSC,1
126037,201,2021-08-17,SESSAO EXTRAORDINARIA,PRESENCIAL,PTB,1
126038,201,2021-08-17,SESSAO EXTRAORDINARIA,PRESENCIAL,NOVO,1
126039,201,2021-08-17,SESSAO EXTRAORDINARIA,PRESENCIAL,REDE,1
126040,201,2021-08-17,SESSAO EXTRAORDINARIA,PRESENCIAL,REPUBLICANOS,1
126041,201,2021-08-17,SESSAO EXTRAORDINARIA,PRESENCIAL,PDT,1
126042,201,2021-08-17,SESSAO EXTRAORDINARIA,PRESENCIAL,MDB,1
126043,201,2021-08-17,SESSAO EXTRAORDINARIA,PRESENCIAL,AVANTE,1
126044,201,2021-08-17,SESSAO EXTRAORDINARIA,PRESENCIAL,PSD,1
126045,201,2021-08-17,SESSAO EXTRAORDINARIA,PRESENCIAL,PSB,1
126046,201,2021-08-17,SESSAO EXTRAORDINARIA,PRESENCIAL,PP,1
126047,202,2021-08-17,SESSAO EXTRAORDINARIA,PRESENCIAL,PL,1
126048,202,2021-08-17,SESSAO EXTRAORDINARIA,PRESENCIAL,PT,1
126049,202,2021-08-17,SESSAO EXTRAORDINARIA,PRESENCIAL,PT,1
126050,202,2021-08-17,SESSAO EXTRAORDINARIA,PRESENCIAL,REPUBLICANOS,1
126051,202,2021-08-17,SESSAO EXTRAORDINARIA,PRESENCIAL,PTC,1
126052,202,2021-08-17,SESSAO EXTRAORDINARIA,PRESENCIAL,PSOL,1
126053,202,2021-08-17,SESSAO EXTRAORDINARIA,PRESENCIAL,MDB,1
126054,202,2021-08-17,SESSAO EXTRAORDINARIA,PRESENCIAL,PSC,1
126055,202,2021-08-17,SESSAO EXTRAORDINARIA,PRESENCIAL,PTB,1
126056,202,2021-08-17,SESSAO EXTRAORDINARIA,PRESENCIAL,NOVO,1
126057,202,2021-08-17,SESSAO EXTRAORDINARIA,PRESENCIAL,REDE,1
126058,202,2021-08-17,SESSAO EXTRAORDINARIA,PRESENCIAL,REPUBLICANOS,1
126059,202,2021-08-17,SESSAO EXTRAORDINARIA,PRESENCIAL,PDT,1
126060,202,2021-08-17,SESSAO EXTRAORDINARIA,PRESENCIAL,MDB,1
126061,202,2021-08-17,SESSAO EXTRAORDINARIA,PRESENCIAL,AVANTE,1
126062,202,2021-08-17,SESSAO EXTRAORDINARIA,PRESENCIAL,PSD,1
126063,202,2021-08-17,SESSAO EXTRAORDINARIA,PRESENCIAL,PSB,1
126064,202,2021-08-17,SESSAO EXTRAORDINARIA,PRESENCIAL,PP,1
126065,203,2021-08-18,SESSAO ORDINARIA,PRESENCIAL,PT,1
126066,203,2021-08-18,SESSAO ORDINARIA,PRESENCIAL,PT,1
126067,203,2021-08-18,SESSAO ORDINARIA,PRESENCIAL,PDT,1
126068,203,2021-08-18,SESSAO ORDINARIA,PRESENCIAL,REPUBLICANOS,1
126069,203,2021-08-18,SESSAO ORDINARIA,PRESENCIAL,PTC,1
126070,203,2021-08-18,SESSAO ORDINARIA,PRESENCIAL,PSOL,1
126071,203,2021-08-18,SESSAO ORDINARIA,PRESENCIAL,PSC,1
126072,203,2021-08-18,SESSAO ORDINARIA,PRESENCIAL,AVANTE,1
126073,203,2021-08-18,SESSAO ORDINARIA,PRESENCIAL,NOVO,1
126074,203,2021-08-18,SESSAO ORDINARIA,PRESENCIAL,REDE,1
126075,203,2021-08-18,SESSAO ORDINARIA,PRESENCIAL,PDT,1
126076,203,2021-08-18,SESSAO ORDINARIA,PRESENCIAL,AVANTE,1
126077,203,2021-08-18,SESSAO ORDINARIA,PRESENCIAL,PSB,1
126078,203,2021-08-18,SESSAO ORDINARIA,PRESENCIAL,PP,1
126079,204,2021-08-19,SESSAO ORDINARIA,PRESENCIAL,PL,1
126080,204,2021-08-19,SESSAO ORDINARIA,PRESENCIAL,PT,1
126081,204,2021-08-19,SESSAO ORDINARIA,PRESENCIAL,PT,1
126082,204,2021-08-19,SESSAO ORDINARIA,PRESENCIAL,PSOL,1
126083,204,2021-08-19,SESSAO ORDINARIA,PRESENCIAL,PTB,1
126084,204,2021-08-19,SESSAO ORDINARIA,PRESENCIAL,AVANTE,1
126085,204,2021-08-19,SESSAO ORDINARIA,PRESENCIAL,NOVO,1
126086,204,2021-08-19,SESSAO ORDINARIA,PRESENCIAL,REDE,1
126087,204,2021-08-19,SESSAO ORDINARIA,PRESENCIAL,PDT,1
126088,204,2021-08-19,SESSAO ORDINARIA,PRESENCIAL,MDB,1
126089,204,2021-08-19,SESSAO ORDINARIA,PRESENCIAL,AVANTE,1
126090,204,2021-08-19,SESSAO ORDINARIA,PRESENCIAL,PP,1
126091,205,2021-08-24,SESSAO ORDINARIA,PRESENCIAL,PL,1
126092,205,2021-08-24,SESSAO ORDINARIA,PRESENCIAL,PT,2
126093,205,2021-08-24,SESSAO ORDINARIA,PRESENCIAL,PT,2
126094,205,2021-08-24,SESSAO ORDINARIA,PRESENCIAL,PDT,1
126095,205,2021-08-24,SESSAO ORDINARIA,PRESENCIAL,PL,2
126096,205,2021-08-24,SESSAO ORDINARIA,PRESENCIAL,REPUBLICANOS,2
126097,205,2021-08-24,SESSAO ORDINARIA,PRESENCIAL,PTC,1
126098,205,2021-08-24,SESSAO ORDINARIA,PRESENCIAL,PSOL,2
126099,205,2021-08-24,SESSAO ORDINARIA,PRESENCIAL,MDB,2
126100,205,2021-08-24,SESSAO ORDINARIA,PRESENCIAL,PSC,2
126101,205,2021-08-24,SESSAO ORDINARIA,PRESENCIAL,PTB,1
126102,205,2021-08-24,SESSAO ORDINARIA,PRESENCIAL,AVANTE,2
126103,205,2021-08-24,SESSAO ORDINARIA,PRESENCIAL,NOVO,1
126104,205,2021-08-24,SESSAO ORDINARIA,PRESENCIAL,REDE,1
126105,205,2021-08-24,SESSAO ORDINARIA,PRESENCIAL,REPUBLICANOS,1
126106,205,2021-08-24,SESSAO ORDINARIA,PRESENCIAL,PDT,2
126107,205,2021-08-24,SESSAO ORDINARIA,PRESENCIAL,MDB,2
126108,205,2021-08-24,SESSAO ORDINARIA,PRESENCIAL,AVANTE,2
126109,205,2021-08-24,SESSAO ORDINARIA,PRESENCIAL,PSD,1
126110,205,2021-08-24,SESSAO ORDINARIA,PRESENCIAL,PSB,1
126111,205,2021-08-24,SESSAO ORDINARIA,PRESENCIAL,PP,1
126112,206,2021-08-25,SESSAO ORDINARIA,PRESENCIAL,PL,1
126113,206,2021-08-25,SESSAO ORDINARIA,PRESENCIAL,PT,2
126114,206,2021-08-25,SESSAO ORDINARIA,PRESENCIAL,PT,2
126115,206,2021-08-25,SESSAO ORDINARIA,PRESENCIAL,PDT,2
126116,206,2021-08-25,SESSAO ORDINARIA,PRESENCIAL,PTC,1
126117,206,2021-08-25,SESSAO ORDINARIA,PRESENCIAL,PSOL,2
126118,206,2021-08-25,SESSAO ORDINARIA,PRESENCIAL,MDB,2
126119,206,2021-08-25,SESSAO ORDINARIA,PRESENCIAL,PSC,2
126120,206,2021-08-25,SESSAO ORDINARIA,PRESENCIAL,PTB,2
126121,206,2021-08-25,SESSAO ORDINARIA,PRESENCIAL,AVANTE,2
126122,206,2021-08-25,SESSAO ORDINARIA,PRESENCIAL,NOVO,2
126123,206,2021-08-25,SESSAO ORDINARIA,PRESENCIAL,REDE,2
126124,206,2021-08-25,SESSAO ORDINARIA,PRESENCIAL,REPUBLICANOS,1
126125,206,2021-08-25,SESSAO ORDINARIA,PRESENCIAL,PDT,2
126126,206,2021-08-25,SESSAO ORDINARIA,PRESENCIAL,MDB,1
126127,206,2021-08-25,SESSAO ORDINARIA,PRESENCIAL,AVANTE,2
126128,206,2021-08-25,SESSAO ORDINARIA,PRESENCIAL,PP,1
126129,207,2021-08-26,SESSAO ORDINARIA,PRESENCIAL,PT,1
126130,207,2021-08-26,SESSAO ORDINARIA,PRESENCIAL,PT,1
126131,207,2021-08-26,SESSAO ORDINARIA,PRESENCIAL,REPUBLICANOS,1
126132,207,2021-08-26,SESSAO ORDINARIA,PRESENCIAL,PSOL,1
126133,207,2021-08-26,SESSAO ORDINARIA,PRESENCIAL,PTB,1
126134,207,2021-08-26,SESSAO ORDINARIA,PRESENCIAL,REPUBLICANOS,1
126135,207,2021-08-26,SESSAO ORDINARIA,PRESENCIAL,PDT,1
126136,207,2021-08-26,SESSAO ORDINARIA,PRESENCIAL,AVANTE,1
126137,207,2021-08-26,SESSAO ORDINARIA,PRESENCIAL,PP,1
126138,208,2021-08-31,SESSAO ORDINARIA,PRESENCIAL,PT,1
126139,208,2021-08-31,SESSAO ORDINARIA,PRESENCIAL,PT,1
126140,208,2021-08-31,SESSAO ORDINARIA,PRESENCIAL,PDT,2
126141,208,2021-08-31,SESSAO ORDINARIA,PRESENCIAL,PL,1
126142,208,2021-08-31,SESSAO ORDINARIA,PRESENCIAL,REPUBLICANOS,2
126143,208,2021-08-31,SESSAO ORDINARIA,PRESENCIAL,PTC,2
126144,208,2021-08-31,SESSAO ORDINARIA,PRESENCIAL,PSOL,1
126145,208,2021-08-31,SESSAO ORDINARIA,PRESENCIAL,PROS,1
126146,208,2021-08-31,SESSAO ORDINARIA,PRESENCIAL,MDB,1
126147,208,2021-08-31,SESSAO ORDINARIA,PRESENCIAL,PSC,1
126148,208,2021-08-31,SESSAO ORDINARIA,PRESENCIAL,PTB,2
126149,208,2021-08-31,SESSAO ORDINARIA,PRESENCIAL,AVANTE,1
126150,208,2021-08-31,SESSAO ORDINARIA,PRESENCIAL,NOVO,1
126151,208,2021-08-31,SESSAO ORDINARIA,PRESENCIAL,REDE,1
126152,208,2021-08-31,SESSAO ORDINARIA,PRESENCIAL,REPUBLICANOS,1
126153,208,2021-08-31,SESSAO ORDINARIA,PRESENCIAL,PDT,1
126154,208,2021-08-31,SESSAO ORDINARIA,PRESENCIAL,MDB,1
126155,208,2021-08-31,SESSAO ORDINARIA,PRESENCIAL,AVANTE,2
126156,208,2021-08-31,SESSAO ORDINARIA,PRESENCIAL,PSD,1
126157,208,2021-08-31,SESSAO ORDINARIA,PRESENCIAL,PSB,1
126158,208,2021-08-31,SESSAO ORDINARIA,PRESENCIAL,PP,1
126159,209,2021-08-31,SESSAO EXTRAORDINARIA,PRESENCIAL,PT,1
126160,209,2021-08-31,SESSAO EXTRAORDINARIA,PRESENCIAL,PT,2
126161,209,2021-08-31,SESSAO EXTRAORDINARIA,PRESENCIAL,PL,1
126162,209,2021-08-31,SESSAO EXTRAORDINARIA,PRESENCIAL,REPUBLICANOS,1
126163,209,2021-08-31,SESSAO EXTRAORDINARIA,PRESENCIAL,PTC,1
126164,209,2021-08-31,SESSAO EXTRAORDINARIA,PRESENCIAL,PSOL,2
126165,209,2021-08-31,SESSAO EXTRAORDINARIA,PRESENCIAL,MDB,2
126166,209,2021-08-31,SESSAO EXTRAORDINARIA,PRESENCIAL,PSC,1
126167,209,2021-08-31,SESSAO EXTRAORDINARIA,PRESENCIAL,PTB,2
126168,209,2021-08-31,SESSAO EXTRAORDINARIA,PRESENCIAL,NOVO,1
126169,209,2021-08-31,SESSAO EXTRAORDINARIA,PRESENCIAL,REDE,2
126170,209,2021-08-31,SESSAO EXTRAORDINARIA,PRESENCIAL,REPUBLICANOS,1
126171,209,2021-08-31,SESSAO EXTRAORDINARIA,PRESENCIAL,PDT,1
126172,209,2021-08-31,SESSAO EXTRAORDINARIA,PRESENCIAL,MDB,1
126173,209,2021-08-31,SESSAO EXTRAORDINARIA,PRESENCIAL,AVANTE,1
126174,209,2021-08-31,SESSAO EXTRAORDINARIA,PRESENCIAL,PSD,1
126175,209,2021-08-31,SESSAO EXTRAORDINARIA,PRESENCIAL,PSB,1
126176,209,2021-08-31,SESSAO EXTRAORDINARIA,PRESENCIAL,PP,1
126177,210,2021-08-31,SESSAO EXTRAORDINARIA,PRESENCIAL,PT,1
126178,210,2021-08-31,SESSAO EXTRAORDINARIA,PRESENCIAL,PT,1
126179,210,2021-08-31,SESSAO EXTRAORDINARIA,PRESENCIAL,PTC,1
126180,210,2021-08-31,SESSAO EXTRAORDINARIA,PRESENCIAL,PSOL,1
126181,210,2021-08-31,SESSAO EXTRAORDINARIA,PRESENCIAL,MDB,1
126182,210,2021-08-31,SESSAO EXTRAORDINARIA,PRESENCIAL,PSC,1
126183,210,2021-08-31,SESSAO EXTRAORDINARIA,PRESENCIAL,PTB,1
126184,210,2021-08-31,SESSAO EXTRAORDINARIA,PRESENCIAL,NOVO,1
126185,210,2021-08-31,SESSAO EXTRAORDINARIA,PRESENCIAL,REDE,1
126186,210,2021-08-31,SESSAO EXTRAORDINARIA,PRESENCIAL,REPUBLICANOS,1
126187,210,2021-08-31,SESSAO EXTRAORDINARIA,PRESENCIAL,MDB,1
126188,210,2021-08-31,SESSAO EXTRAORDINARIA,PRESENCIAL,PSD,1
126189,210,2021-08-31,SESSAO EXTRAORDINARIA,PRESENCIAL,PP,1
126190,211,2021-09-01,SESSAO ORDINARIA,PRESENCIAL,PT,1
126191,211,2021-09-01,SESSAO ORDINARIA,PRESENCIAL,PT,1
126192,211,2021-09-01,SESSAO ORDINARIA,PRESENCIAL,REPUBLICANOS,1
126193,211,2021-09-01,SESSAO ORDINARIA,PRESENCIAL,PTC,1
126194,211,2021-09-01,SESSAO ORDINARIA,PRESENCIAL,PSOL,1
126195,211,2021-09-01,SESSAO ORDINARIA,PRESENCIAL,MDB,1
126196,211,2021-09-01,SESSAO ORDINARIA,PRESENCIAL,PTB,1
126197,211,2021-09-01,SESSAO ORDINARIA,PRESENCIAL,NOVO,1
126198,211,2021-09-01,SESSAO ORDINARIA,PRESENCIAL,REDE,1
126199,211,2021-09-01,SESSAO ORDINARIA,PRESENCIAL,REPUBLICANOS,1
126200,211,2021-09-01,SESSAO ORDINARIA,PRESENCIAL,PDT,1
126201,211,2021-09-01,SESSAO ORDINARIA,PRESENCIAL,AVANTE,1
126202,211,2021-09-01,SESSAO ORDINARIA,PRESENCIAL,PP,1
126203,212,2021-09-02,SESSAO ORDINARIA,PRESENCIAL,PT,1
126204,212,2021-09-02,SESSAO ORDINARIA,PRESENCIAL,PT,1
126205,212,2021-09-02,SESSAO ORDINARIA,PRESENCIAL,PSOL,1
126206,212,2021-09-02,SESSAO ORDINARIA,PRESENCIAL,NOVO,1
126207,212,2021-09-02,SESSAO ORDINARIA,PRESENCIAL,AVANTE,1
126208,212,2021-09-02,SESSAO ORDINARIA,PRESENCIAL,PP,1
126209,213,2021-09-08,SESSAO ORDINARIA,PRESENCIAL,PT,1
126210,213,2021-09-08,SESSAO ORDINARIA,PRESENCIAL,REPUBLICANOS,1
126211,213,2021-09-08,SESSAO ORDINARIA,PRESENCIAL,PTC,1
126212,213,2021-09-08,SESSAO ORDINARIA,PRESENCIAL,PSOL,1
126213,213,2021-09-08,SESSAO ORDINARIA,PRESENCIAL,PROS,1
126214,213,2021-09-08,SESSAO ORDINARIA,PRESENCIAL,MDB,1
126215,213,2021-09-08,SESSAO ORDINARIA,PRESENCIAL,PSC,1
126216,213,2021-09-08,SESSAO ORDINARIA,PRESENCIAL,PTB,1
126217,213,2021-09-08,SESSAO ORDINARIA,PRESENCIAL,PODEMOS,1
126218,213,2021-09-08,SESSAO ORDINARIA,PRESENCIAL,AVANTE,1
126219,213,2021-09-08,SESSAO ORDINARIA,PRESENCIAL,NOVO,1
126220,213,2021-09-08,SESSAO ORDINARIA,PRESENCIAL,REDE,1
126221,213,2021-09-08,SESSAO ORDINARIA,PRESENCIAL,REPUBLICANOS,1
126222,213,2021-09-08,SESSAO ORDINARIA,PRESENCIAL,PDT,1
126223,213,2021-09-08,SESSAO ORDINARIA,PRESENCIAL,MDB,1
126224,213,2021-09-08,SESSAO ORDINARIA,PRESENCIAL,AVANTE,1
126225,213,2021-09-08,SESSAO ORDINARIA,PRESENCIAL,PSD,1
126226,214,2021-09-09,SESSAO ORDINARIA,PRESENCIAL,PT,1
126227,214,2021-09-09,SESSAO ORDINARIA,PRESENCIAL,PSOL,1
126228,214,2021-09-09,SESSAO ORDINARIA,PRESENCIAL,PROS,1
126229,214,2021-09-09,SESSAO ORDINARIA,PRESENCIAL,MDB,1
126230,214,2021-09-09,SESSAO ORDINARIA,PRESENCIAL,AVANTE,1
126231,215,2021-09-14,SESSAO ORDINARIA,PRESENCIAL,PL,1
126232,215,2021-09-14,SESSAO ORDINARIA,PRESENCIAL,PT,2
126233,215,2021-09-14,SESSAO ORDINARIA,PRESENCIAL,PT,2
126234,215,2021-09-14,SESSAO ORDINARIA,PRESENCIAL,PDT,1
126235,215,2021-09-14,SESSAO ORDINARIA,PRESENCIAL,PL,1
126236,215,2021-09-14,SESSAO ORDINARIA,PRESENCIAL,REPUBLICANOS,2
126237,215,2021-09-14,SESSAO ORDINARIA,PRESENCIAL,DEM,2
126238,215,2021-09-14,SESSAO ORDINARIA,PRESENCIAL,PSOL,2
126239,215,2021-09-14,SESSAO ORDINARIA,PRESENCIAL,PROS,1
126240,215,2021-09-14,SESSAO ORDINARIA,PRESENCIAL,MDB,2
126241,215,2021-09-14,SESSAO ORDINARIA,PRESENCIAL,PSC,1
126242,215,2021-09-14,SESSAO ORDINARIA,PRESENCIAL,PTB,2
126243,215,2021-09-14,SESSAO ORDINARIA,PRESENCIAL,PODEMOS,2
126244,215,2021-09-14,SESSAO ORDINARIA,PRESENCIAL,NÃO INFORMADO,1
126245,215,2021-09-14,SESSAO ORDINARIA,PRESENCIAL,AVANTE,1
126246,215,2021-09-14,SESSAO ORDINARIA,PRESENCIAL,NOVO,1
126247,215,2021-09-14,SESSAO ORDINARIA,PRESENCIAL,REDE,2
126248,215,2021-09-14,SESSAO ORDINARIA,PRESENCIAL,REPUBLICANOS,2
126249,215,2021-09-14,SESSAO ORDINARIA,PRESENCIAL,PDT,2
126250,215,2021-09-14,SESSAO ORDINARIA,PRESENCIAL,MDB,2
126251,215,2021-09-14,SESSAO ORDINARIA,PRESENCIAL,AVANTE,2
126252,215,2021-09-14,SESSAO ORDINARIA,PRESENCIAL,PSD,1
126253,215,2021-09-14,SESSAO ORDINARIA,PRESENCIAL,PSB,1
126254,216,2021-09-15,SESSAO ORDINARIA,PRESENCIAL,PL,1
126255,216,2021-09-15,SESSAO ORDINARIA,PRESENCIAL,PT,1
126256,216,2021-09-15,SESSAO ORDINARIA,PRESENCIAL,PT,1
126257,216,2021-09-15,SESSAO ORDINARIA,PRESENCIAL,PDT,1
126258,216,2021-09-15,SESSAO ORDINARIA,PRESENCIAL,REPUBLICANOS,1
126259,216,2021-09-15,SESSAO ORDINARIA,PRESENCIAL,DEM,1
126260,216,2021-09-15,SESSAO ORDINARIA,PRESENCIAL,PSOL,1
126261,216,2021-09-15,SESSAO ORDINARIA,PRESENCIAL,PROS,1
126262,216,2021-09-15,SESSAO ORDINARIA,PRESENCIAL,MDB,1
126263,216,2021-09-15,SESSAO ORDINARIA,PRESENCIAL,PSC,1
126264,216,2021-09-15,SESSAO ORDINARIA,PRESENCIAL,PTB,1
126265,216,2021-09-15,SESSAO ORDINARIA,PRESENCIAL,PODEMOS,1
126266,216,2021-09-15,SESSAO ORDINARIA,PRESENCIAL,REDE,1
126267,216,2021-09-15,SESSAO ORDINARIA,PRESENCIAL,REPUBLICANOS,1
126268,216,2021-09-15,SESSAO ORDINARIA,PRESENCIAL,PDT,1
126269,216,2021-09-15,SESSAO ORDINARIA,PRESENCIAL,MDB,1
126270,216,2021-09-15,SESSAO ORDINARIA,PRESENCIAL,AVANTE,1
126271,216,2021-09-15,SESSAO ORDINARIA,PRESENCIAL,PSD,1
126272,216,2021-09-15,SESSAO ORDINARIA,PRESENCIAL,PSB,1
126273,217,2021-09-15,SESSAO EXTRAORDINARIA,PRESENCIAL,PL,1
126274,217,2021-09-15,SESSAO EXTRAORDINARIA,PRESENCIAL,PT,1
126275,217,2021-09-15,SESSAO EXTRAORDINARIA,PRESENCIAL,PT,1
126276,217,2021-09-15,SESSAO EXTRAORDINARIA,PRESENCIAL,REPUBLICANOS,1
126277,217,2021-09-15,SESSAO EXTRAORDINARIA,PRESENCIAL,DEM,1
126278,217,2021-09-15,SESSAO EXTRAORDINARIA,PRESENCIAL,PSOL,1
126279,217,2021-09-15,SESSAO EXTRAORDINARIA,PRESENCIAL,PROS,1
126280,217,2021-09-15,SESSAO EXTRAORDINARIA,PRESENCIAL,MDB,1
126281,217,2021-09-15,SESSAO EXTRAORDINARIA,PRESENCIAL,PSC,1
126282,217,2021-09-15,SESSAO EXTRAORDINARIA,PRESENCIAL,PTB,1
126283,217,2021-09-15,SESSAO EXTRAORDINARIA,PRESENCIAL,PODEMOS,1
126284,217,2021-09-15,SESSAO EXTRAORDINARIA,PRESENCIAL,REDE,1
126285,217,2021-09-15,SESSAO EXTRAORDINARIA,PRESENCIAL,REPUBLICANOS,1
126286,217,2021-09-15,SESSAO EXTRAORDINARIA,PRESENCIAL,PDT,1
126287,217,2021-09-15,SESSAO EXTRAORDINARIA,PRESENCIAL,MDB,1
126288,217,2021-09-15,SESSAO EXTRAORDINARIA,PRESENCIAL,AVANTE,1
126289,217,2021-09-15,SESSAO EXTRAORDINARIA,PRESENCIAL,PSB,1
126290,218,2021-09-16,SESSAO ORDINARIA,PRESENCIAL,PT,1
126291,218,2021-09-16,SESSAO ORDINARIA,PRESENCIAL,PT,1
126292,218,2021-09-16,SESSAO ORDINARIA,PRESENCIAL,PSOL,1
126293,218,2021-09-16,SESSAO ORDINARIA,PRESENCIAL,PROS,1
126294,218,2021-09-16,SESSAO ORDINARIA,PRESENCIAL,PSC,1
126295,218,2021-09-16,SESSAO ORDINARIA,PRESENCIAL,REPUBLICANOS,1
126296,218,2021-09-16,SESSAO ORDINARIA,PRESENCIAL,PDT,1
126297,218,2021-09-16,SESSAO ORDINARIA,PRESENCIAL,MDB,1
126298,218,2021-09-16,SESSAO ORDINARIA,PRESENCIAL,AVANTE,1
126299,219,2021-09-21,SESSAO ORDINARIA,PRESENCIAL,PL,1
126300,219,2021-09-21,SESSAO ORDINARIA,PRESENCIAL,PT,1
126301,219,2021-09-21,SESSAO ORDINARIA,PRESENCIAL,PT,1
126302,219,2021-09-21,SESSAO ORDINARIA,PRESENCIAL,PDT,1
126303,219,2021-09-21,SESSAO ORDINARIA,PRESENCIAL,REPUBLICANOS,1
126304,219,2021-09-21,SESSAO ORDINARIA,PRESENCIAL,DEM,1
126305,219,2021-09-21,SESSAO ORDINARIA,PRESENCIAL,PSOL,1
126306,219,2021-09-21,SESSAO ORDINARIA,PRESENCIAL,PROS,1
126307,219,2021-09-21,SESSAO ORDINARIA,PRESENCIAL,MDB,1
126308,219,2021-09-21,SESSAO ORDINARIA,PRESENCIAL,PSC,1
126309,219,2021-09-21,SESSAO ORDINARIA,PRESENCIAL,PTB,1
126310,219,2021-09-21,SESSAO ORDINARIA,PRESENCIAL,PODEMOS,1
126311,219,2021-09-21,SESSAO ORDINARIA,PRESENCIAL,NÃO INFORMADO,1
126312,219,2021-09-21,SESSAO ORDINARIA,PRESENCIAL,NOVO,1
126313,219,2021-09-21,SESSAO ORDINARIA,PRESENCIAL,REDE,1
126314,219,2021-09-21,SESSAO ORDINARIA,PRESENCIAL,REPUBLICANOS,1
126315,219,2021-09-21,SESSAO ORDINARIA,PRESENCIAL,PDT,1
126316,219,2021-09-21,SESSAO ORDINARIA,PRESENCIAL,MDB,1
126317,219,2021-09-21,SESSAO ORDINARIA,PRESENCIAL,AVANTE,1
126318,219,2021-09-21,SESSAO ORDINARIA,PRESENCIAL,PSD,1
126319,219,2021-09-21,SESSAO ORDINARIA,PRESENCIAL,PSB,1
126320,219,2021-09-21,SESSAO ORDINARIA,PRESENCIAL,PP,1
126321,220,2021-09-21,SESSAO EXTRAORDINARIA,PRESENCIAL,PL,1
126322,220,2021-09-21,SESSAO EXTRAORDINARIA,PRESENCIAL,PT,1
126323,220,2021-09-21,SESSAO EXTRAORDINARIA,PRESENCIAL,PT,1
126324,220,2021-09-21,SESSAO EXTRAORDINARIA,PRESENCIAL,PL,1
126325,220,2021-09-21,SESSAO EXTRAORDINARIA,PRESENCIAL,REPUBLICANOS,1
126326,220,2021-09-21,SESSAO EXTRAORDINARIA,PRESENCIAL,PSOL,1
126327,220,2021-09-21,SESSAO EXTRAORDINARIA,PRESENCIAL,PROS,1
126328,220,2021-09-21,SESSAO EXTRAORDINARIA,PRESENCIAL,MDB,1
126329,220,2021-09-21,SESSAO EXTRAORDINARIA,PRESENCIAL,PSC,1
126330,220,2021-09-21,SESSAO EXTRAORDINARIA,PRESENCIAL,PTB,1
126331,220,2021-09-21,SESSAO EXTRAORDINARIA,PRESENCIAL,PODEMOS,1
126332,220,2021-09-21,SESSAO EXTRAORDINARIA,PRESENCIAL,NOVO,1
126333,220,2021-09-21,SESSAO EXTRAORDINARIA,PRESENCIAL,REDE,1
126334,220,2021-09-21,SESSAO EXTRAORDINARIA,PRESENCIAL,PDT,1
126335,220,2021-09-21,SESSAO EXTRAORDINARIA,PRESENCIAL,MDB,1
126336,220,2021-09-21,SESSAO EXTRAORDINARIA,PRESENCIAL,AVANTE,1
126337,220,2021-09-21,SESSAO EXTRAORDINARIA,PRESENCIAL,PSB,1
126338,221,2021-09-22,SESSAO ORDINARIA,PRESENCIAL,PT,1
126339,221,2021-09-22,SESSAO ORDINARIA,PRESENCIAL,PT,1
126340,221,2021-09-22,SESSAO ORDINARIA,PRESENCIAL,REPUBLICANOS,1
126341,221,2021-09-22,SESSAO ORDINARIA,PRESENCIAL,PSOL,1
126342,221,2021-09-22,SESSAO ORDINARIA,PRESENCIAL,PROS,1
126343,221,2021-09-22,SESSAO ORDINARIA,PRESENCIAL,MDB,1
126344,221,2021-09-22,SESSAO ORDINARIA,PRESENCIAL,PSC,1
126345,221,2021-09-22,SESSAO ORDINARIA,PRESENCIAL,PTB,1
126346,221,2021-09-22,SESSAO ORDINARIA,PRESENCIAL,NOVO,1
126347,221,2021-09-22,SESSAO ORDINARIA,PRESENCIAL,REDE,1
126348,221,2021-09-22,SESSAO ORDINARIA,PRESENCIAL,PDT,1
126349,221,2021-09-22,SESSAO ORDINARIA,PRESENCIAL,MDB,1
126350,221,2021-09-22,SESSAO ORDINARIA,PRESENCIAL,AVANTE,1
126351,221,2021-09-22,SESSAO ORDINARIA,PRESENCIAL,PSB,1
126352,222,2021-09-23,SESSAO ORDINARIA,PRESENCIAL,PL,1
126353,222,2021-09-23,SESSAO ORDINARIA,PRESENCIAL,PT,1
126354,222,2021-09-23,SESSAO ORDINARIA,PRESENCIAL,PT,1
126355,222,2021-09-23,SESSAO ORDINARIA,PRESENCIAL,REPUBLICANOS,1
126356,222,2021-09-23,SESSAO ORDINARIA,PRESENCIAL,PSOL,1
126357,222,2021-09-23,SESSAO ORDINARIA,PRESENCIAL,PROS,1
126358,222,2021-09-23,SESSAO ORDINARIA,PRESENCIAL,PTB,1
126359,222,2021-09-23,SESSAO ORDINARIA,PRESENCIAL,PDT,1
126360,222,2021-09-23,SESSAO ORDINARIA,PRESENCIAL,AVANTE,1
126361,222,2021-09-23,SESSAO ORDINARIA,PRESENCIAL,PSB,1
126362,222,2021-09-23,SESSAO ORDINARIA,PRESENCIAL,PP,1
126363,223,2021-09-28,SESSAO ORDINARIA,PRESENCIAL,PL,1
126364,223,2021-09-28,SESSAO ORDINARIA,PRESENCIAL,PT,1
126365,223,2021-09-28,SESSAO ORDINARIA,PRESENCIAL,PT,1
126366,223,2021-09-28,SESSAO ORDINARIA,PRESENCIAL,PDT,1
126367,223,2021-09-28,SESSAO ORDINARIA,PRESENCIAL,REPUBLICANOS,1
126368,223,2021-09-28,SESSAO ORDINARIA,PRESENCIAL,DEM,1
126369,223,2021-09-28,SESSAO ORDINARIA,PRESENCIAL,PSOL,1
126370,223,2021-09-28,SESSAO ORDINARIA,PRESENCIAL,PROS,1
126371,223,2021-09-28,SESSAO ORDINARIA,PRESENCIAL,MDB,1
126372,223,2021-09-28,SESSAO ORDINARIA,PRESENCIAL,PSC,1
126373,223,2021-09-28,SESSAO ORDINARIA,PRESENCIAL,PTB,1
126374,223,2021-09-28,SESSAO ORDINARIA,PRESENCIAL,NÃO INFORMADO,1
126375,223,2021-09-28,SESSAO ORDINARIA,PRESENCIAL,AVANTE,1
126376,223,2021-09-28,SESSAO ORDINARIA,PRESENCIAL,NOVO,1
126377,223,2021-09-28,SESSAO ORDINARIA,PRESENCIAL,REDE,1
126378,223,2021-09-28,SESSAO ORDINARIA,PRESENCIAL,REPUBLICANOS,1
126379,223,2021-09-28,SESSAO ORDINARIA,PRESENCIAL,PDT,1
126380,223,2021-09-28,SESSAO ORDINARIA,PRESENCIAL,MDB,1
126381,223,2021-09-28,SESSAO ORDINARIA,PRESENCIAL,AVANTE,1
126382,223,2021-09-28,SESSAO ORDINARIA,PRESENCIAL,PSB,1
126383,223,2021-09-28,SESSAO ORDINARIA,PRESENCIAL,PP,1
126384,224,2021-09-29,SESSAO ORDINARIA,PRESENCIAL,PL,1
126385,224,2021-09-29,SESSAO ORDINARIA,PRESENCIAL,PT,1
126386,224,2021-09-29,SESSAO ORDINARIA,PRESENCIAL,PT,1
126387,224,2021-09-29,SESSAO ORDINARIA,PRESENCIAL,PDT,1
126388,224,2021-09-29,SESSAO ORDINARIA,PRESENCIAL,DEM,1
126389,224,2021-09-29,SESSAO ORDINARIA,PRESENCIAL,PSOL,1
126390,224,2021-09-29,SESSAO ORDINARIA,PRESENCIAL,PROS,1
126391,224,2021-09-29,SESSAO ORDINARIA,PRESENCIAL,MDB,1
126392,224,2021-09-29,SESSAO ORDINARIA,PRESENCIAL,PSC,1
126393,224,2021-09-29,SESSAO ORDINARIA,PRESENCIAL,PTB,1
126394,224,2021-09-29,SESSAO ORDINARIA,PRESENCIAL,PTB,1
126395,224,2021-09-29,SESSAO ORDINARIA,PRESENCIAL,AVANTE,1
126396,224,2021-09-29,SESSAO ORDINARIA,PRESENCIAL,NOVO,1
126397,224,2021-09-29,SESSAO ORDINARIA,PRESENCIAL,REDE,1
126398,224,2021-09-29,SESSAO ORDINARIA,PRESENCIAL,REPUBLICANOS,1
126399,224,2021-09-29,SESSAO ORDINARIA,PRESENCIAL,MDB,1
126400,224,2021-09-29,SESSAO ORDINARIA,PRESENCIAL,AVANTE,1
126401,224,2021-09-29,SESSAO ORDINARIA,PRESENCIAL,PSD,1
126402,224,2021-09-29,SESSAO ORDINARIA,PRESENCIAL,PSB,1
126403,224,2021-09-29,SESSAO ORDINARIA,PRESENCIAL,PP,1
126404,225,2021-09-30,SESSAO ORDINARIA,PRESENCIAL,PT,1
126405,225,2021-09-30,SESSAO ORDINARIA,PRESENCIAL,PT,1
126406,225,2021-09-30,SESSAO ORDINARIA,PRESENCIAL,AVANTE,1
126407,225,2021-09-30,SESSAO ORDINARIA,PRESENCIAL,NOVO,1
126408,225,2021-09-30,SESSAO ORDINARIA,PRESENCIAL,AVANTE,1
126409,225,2021-09-30,SESSAO ORDINARIA,PRESENCIAL,PSB,1
126410,225,2021-09-30,SESSAO ORDINARIA,PRESENCIAL,PP,1
126411,226,2021-10-05,SESSAO ORDINARIA,PRESENCIAL,PT,1
126412,226,2021-10-05,SESSAO ORDINARIA,PRESENCIAL,PT,1
126413,226,2021-10-05,SESSAO ORDINARIA,PRESENCIAL,PDT,1
126414,226,2021-10-05,SESSAO ORDINARIA,PRESENCIAL,REPUBLICANOS,1
126415,226,2021-10-05,SESSAO ORDINARIA,PRESENCIAL,DEM,1
126416,226,2021-10-05,SESSAO ORDINARIA,PRESENCIAL,PSOL,1
126417,226,2021-10-05,SESSAO ORDINARIA,PRESENCIAL,PROS,1
126418,226,2021-10-05,SESSAO ORDINARIA,PRESENCIAL,MDB,1
126419,226,2021-10-05,SESSAO ORDINARIA,PRESENCIAL,PSC,1
126420,226,2021-10-05,SESSAO ORDINARIA,PRESENCIAL,PTB,1
126421,226,2021-10-05,SESSAO ORDINARIA,PRESENCIAL,PODEMOS,1
126422,226,2021-10-05,SESSAO ORDINARIA,PRESENCIAL,PTB,1
126423,226,2021-10-05,SESSAO ORDINARIA,PRESENCIAL,AVANTE,1
126424,226,2021-10-05,SESSAO ORDINARIA,PRESENCIAL,NOVO,1
126425,226,2021-10-05,SESSAO ORDINARIA,PRESENCIAL,REDE,1
126426,226,2021-10-05,SESSAO ORDINARIA,PRESENCIAL,REPUBLICANOS,1
126427,226,2021-10-05,SESSAO ORDINARIA,PRESENCIAL,PDT,1
126428,226,2021-10-05,SESSAO ORDINARIA,PRESENCIAL,MDB,1
126429,226,2021-10-05,SESSAO ORDINARIA,PRESENCIAL,AVANTE,1
126430,226,2021-10-05,SESSAO ORDINARIA,PRESENCIAL,PSD,1
126431,226,2021-10-05,SESSAO ORDINARIA,PRESENCIAL,PSB,1
126432,226,2021-10-05,SESSAO ORDINARIA,PRESENCIAL,PP,1
126433,227,2021-10-05,SESSAO EXTRAORDINARIA,PRESENCIAL,PT,1
126434,227,2021-10-05,SESSAO EXTRAORDINARIA,PRESENCIAL,PT,1
126435,227,2021-10-05,SESSAO EXTRAORDINARIA,PRESENCIAL,PDT,1
126436,227,2021-10-05,SESSAO EXTRAORDINARIA,PRESENCIAL,REPUBLICANOS,1
126437,227,2021-10-05,SESSAO EXTRAORDINARIA,PRESENCIAL,DEM,1
126438,227,2021-10-05,SESSAO EXTRAORDINARIA,PRESENCIAL,PSOL,1
126439,227,2021-10-05,SESSAO EXTRAORDINARIA,PRESENCIAL,PROS,1
126440,227,2021-10-05,SESSAO EXTRAORDINARIA,PRESENCIAL,MDB,1
126441,227,2021-10-05,SESSAO EXTRAORDINARIA,PRESENCIAL,PSC,1
126442,227,2021-10-05,SESSAO EXTRAORDINARIA,PRESENCIAL,PTB,1
126443,227,2021-10-05,SESSAO EXTRAORDINARIA,PRESENCIAL,PODEMOS,1
126444,227,2021-10-05,SESSAO EXTRAORDINARIA,PRESENCIAL,PTB,1
126445,227,2021-10-05,SESSAO EXTRAORDINARIA,PRESENCIAL,NOVO,1
126446,227,2021-10-05,SESSAO EXTRAORDINARIA,PRESENCIAL,REDE,1
126447,227,2021-10-05,SESSAO EXTRAORDINARIA,PRESENCIAL,REPUBLICANOS,1
126448,227,2021-10-05,SESSAO EXTRAORDINARIA,PRESENCIAL,PDT,1
126449,227,2021-10-05,SESSAO EXTRAORDINARIA,PRESENCIAL,MDB,1
126450,227,2021-10-05,SESSAO EXTRAORDINARIA,PRESENCIAL,PSD,1
126451,228,2021-10-06,SESSAO ORDINARIA,PRESENCIAL,PL,1
126452,228,2021-10-06,SESSAO ORDINARIA,PRESENCIAL,PT,1
126453,228,2021-10-06,SESSAO ORDINARIA,PRESENCIAL,PT,2
126454,228,2021-10-06,SESSAO ORDINARIA,PRESENCIAL,PDT,1
126455,228,2021-10-06,SESSAO ORDINARIA,PRESENCIAL,DEM,1
126456,228,2021-10-06,SESSAO ORDINARIA,PRESENCIAL,PSOL,1
126457,228,2021-10-06,SESSAO ORDINARIA,PRESENCIAL,PROS,1
126458,228,2021-10-06,SESSAO ORDINARIA,PRESENCIAL,MDB,1
126459,228,2021-10-06,SESSAO ORDINARIA,PRESENCIAL,PSC,1
126460,228,2021-10-06,SESSAO ORDINARIA,PRESENCIAL,PTB,1
126461,228,2021-10-06,SESSAO ORDINARIA,PRESENCIAL,PODEMOS,1
126462,228,2021-10-06,SESSAO ORDINARIA,PRESENCIAL,AVANTE,1
126463,228,2021-10-06,SESSAO ORDINARIA,PRESENCIAL,NOVO,1
126464,228,2021-10-06,SESSAO ORDINARIA,PRESENCIAL,REDE,1
126465,228,2021-10-06,SESSAO ORDINARIA,PRESENCIAL,REPUBLICANOS,1
126466,228,2021-10-06,SESSAO ORDINARIA,PRESENCIAL,PDT,1
126467,228,2021-10-06,SESSAO ORDINARIA,PRESENCIAL,MDB,1
126468,228,2021-10-06,SESSAO ORDINARIA,PRESENCIAL,AVANTE,1
126469,228,2021-10-06,SESSAO ORDINARIA,PRESENCIAL,PSB,1
126470,228,2021-10-06,SESSAO ORDINARIA,PRESENCIAL,PP,1
126471,229,2021-10-06,SESSAO EXTRAORDINARIA,PRESENCIAL,PT,1
126472,229,2021-10-06,SESSAO EXTRAORDINARIA,PRESENCIAL,PT,1
126473,229,2021-10-06,SESSAO EXTRAORDINARIA,PRESENCIAL,PDT,1
126474,229,2021-10-06,SESSAO EXTRAORDINARIA,PRESENCIAL,DEM,2
126475,229,2021-10-06,SESSAO EXTRAORDINARIA,PRESENCIAL,PSOL,1
126476,229,2021-10-06,SESSAO EXTRAORDINARIA,PRESENCIAL,PROS,1
126477,229,2021-10-06,SESSAO EXTRAORDINARIA,PRESENCIAL,MDB,1
126478,229,2021-10-06,SESSAO EXTRAORDINARIA,PRESENCIAL,PSC,1
126479,229,2021-10-06,SESSAO EXTRAORDINARIA,PRESENCIAL,PTB,1
126480,229,2021-10-06,SESSAO EXTRAORDINARIA,PRESENCIAL,PODEMOS,1
126481,229,2021-10-06,SESSAO EXTRAORDINARIA,PRESENCIAL,AVANTE,2
126482,229,2021-10-06,SESSAO EXTRAORDINARIA,PRESENCIAL,NOVO,1
126483,229,2021-10-06,SESSAO EXTRAORDINARIA,PRESENCIAL,REDE,1
126484,229,2021-10-06,SESSAO EXTRAORDINARIA,PRESENCIAL,REPUBLICANOS,1
126485,229,2021-10-06,SESSAO EXTRAORDINARIA,PRESENCIAL,PDT,1
126486,229,2021-10-06,SESSAO EXTRAORDINARIA,PRESENCIAL,MDB,1
126487,229,2021-10-06,SESSAO EXTRAORDINARIA,PRESENCIAL,AVANTE,2
126488,229,2021-10-06,SESSAO EXTRAORDINARIA,PRESENCIAL,PSB,1
126489,229,2021-10-06,SESSAO EXTRAORDINARIA,PRESENCIAL,PP,2
126490,230,2021-10-06,SESSAO EXTRAORDINARIA,PRESENCIAL,PT,1
126491,230,2021-10-06,SESSAO EXTRAORDINARIA,PRESENCIAL,PT,1
126492,230,2021-10-06,SESSAO EXTRAORDINARIA,PRESENCIAL,PDT,1
126493,230,2021-10-06,SESSAO EXTRAORDINARIA,PRESENCIAL,DEM,1
126494,230,2021-10-06,SESSAO EXTRAORDINARIA,PRESENCIAL,PSOL,1
126495,230,2021-10-06,SESSAO EXTRAORDINARIA,PRESENCIAL,PROS,1
126496,230,2021-10-06,SESSAO EXTRAORDINARIA,PRESENCIAL,MDB,1
126497,230,2021-10-06,SESSAO EXTRAORDINARIA,PRESENCIAL,PSC,1
126498,230,2021-10-06,SESSAO EXTRAORDINARIA,PRESENCIAL,PTB,1
126499,230,2021-10-06,SESSAO EXTRAORDINARIA,PRESENCIAL,PODEMOS,1
126500,230,2021-10-06,SESSAO EXTRAORDINARIA,PRESENCIAL,NOVO,1
126501,230,2021-10-06,SESSAO EXTRAORDINARIA,PRESENCIAL,REDE,1
126502,230,2021-10-06,SESSAO EXTRAORDINARIA,PRESENCIAL,PDT,1
126503,230,2021-10-06,SESSAO EXTRAORDINARIA,PRESENCIAL,MDB,1
126504,230,2021-10-06,SESSAO EXTRAORDINARIA,PRESENCIAL,AVANTE,1
126505,230,2021-10-06,SESSAO EXTRAORDINARIA,PRESENCIAL,PSB,1
126506,230,2021-10-06,SESSAO EXTRAORDINARIA,PRESENCIAL,PP,1
126507,231,2021-10-07,SESSAO ORDINARIA,PRESENCIAL,PT,1
126508,231,2021-10-07,SESSAO ORDINARIA,PRESENCIAL,DEM,1
126509,231,2021-10-07,SESSAO ORDINARIA,PRESENCIAL,NOVO,1
126510,231,2021-10-07,SESSAO ORDINARIA,PRESENCIAL,REDE,1
126511,231,2021-10-07,SESSAO ORDINARIA,PRESENCIAL,PDT,1
126512,231,2021-10-07,SESSAO ORDINARIA,PRESENCIAL,AVANTE,1
126513,231,2021-10-07,SESSAO ORDINARIA,PRESENCIAL,PSB,1
126514,231,2021-10-07,SESSAO ORDINARIA,PRESENCIAL,PP,1
126515,232,2021-10-13,SESSAO ORDINARIA,PRESENCIAL,PL,1
126516,232,2021-10-13,SESSAO ORDINARIA,PRESENCIAL,PT,2
126517,232,2021-10-13,SESSAO ORDINARIA,PRESENCIAL,PT,2
126518,232,2021-10-13,SESSAO ORDINARIA,PRESENCIAL,PDT,2
126519,232,2021-10-13,SESSAO ORDINARIA,PRESENCIAL,REPUBLICANOS,2
126520,232,2021-10-13,SESSAO ORDINARIA,PRESENCIAL,DEM,1
126521,232,2021-10-13,SESSAO ORDINARIA,PRESENCIAL,PSOL,2
126522,232,2021-10-13,SESSAO ORDINARIA,PRESENCIAL,PROS,2
126523,232,2021-10-13,SESSAO ORDINARIA,PRESENCIAL,MDB,3
126524,232,2021-10-13,SESSAO ORDINARIA,PRESENCIAL,PSC,2
126525,232,2021-10-13,SESSAO ORDINARIA,PRESENCIAL,PTB,1
126526,232,2021-10-13,SESSAO ORDINARIA,PRESENCIAL,PODEMOS,2
126527,232,2021-10-13,SESSAO ORDINARIA,PRESENCIAL,AVANTE,1
126528,232,2021-10-13,SESSAO ORDINARIA,PRESENCIAL,NOVO,2
126529,232,2021-10-13,SESSAO ORDINARIA,PRESENCIAL,REDE,2
126530,232,2021-10-13,SESSAO ORDINARIA,PRESENCIAL,PDT,2
126531,232,2021-10-13,SESSAO ORDINARIA,PRESENCIAL,MDB,1
126532,232,2021-10-13,SESSAO ORDINARIA,PRESENCIAL,AVANTE,1
126533,232,2021-10-13,SESSAO ORDINARIA,PRESENCIAL,PSB,1
126534,232,2021-10-13,SESSAO ORDINARIA,PRESENCIAL,PP,2
126535,233,2021-10-14,SESSAO ORDINARIA,PRESENCIAL,PL,1
126536,233,2021-10-14,SESSAO ORDINARIA,PRESENCIAL,PT,1
126537,233,2021-10-14,SESSAO ORDINARIA,PRESENCIAL,PT,1
126538,233,2021-10-14,SESSAO ORDINARIA,PRESENCIAL,DEM,1
126539,233,2021-10-14,SESSAO ORDINARIA,PRESENCIAL,PROS,1
126540,233,2021-10-14,SESSAO ORDINARIA,PRESENCIAL,PODEMOS,1
126541,233,2021-10-14,SESSAO ORDINARIA,PRESENCIAL,NOVO,1
126542,233,2021-10-14,SESSAO ORDINARIA,PRESENCIAL,PDT,1
126543,233,2021-10-14,SESSAO ORDINARIA,PRESENCIAL,AVANTE,1
126544,233,2021-10-14,SESSAO ORDINARIA,PRESENCIAL,PSB,1
126545,233,2021-10-14,SESSAO ORDINARIA,PRESENCIAL,PP,1
126546,234,2021-10-19,SESSAO ORDINARIA,PRESENCIAL,PL,1
126547,234,2021-10-19,SESSAO ORDINARIA,PRESENCIAL,PT,3
126548,234,2021-10-19,SESSAO ORDINARIA,PRESENCIAL,PT,3
126549,234,2021-10-19,SESSAO ORDINARIA,PRESENCIAL,PDT,3
126550,234,2021-10-19,SESSAO ORDINARIA,PRESENCIAL,PL,1
126551,234,2021-10-19,SESSAO ORDINARIA,PRESENCIAL,REPUBLICANOS,3
126552,234,2021-10-19,SESSAO ORDINARIA,PRESENCIAL,DEM,1
126553,234,2021-10-19,SESSAO ORDINARIA,PRESENCIAL,PSOL,3
126554,234,2021-10-19,SESSAO ORDINARIA,PRESENCIAL,PROS,3
126555,234,2021-10-19,SESSAO ORDINARIA,PRESENCIAL,MDB,2
126556,234,2021-10-19,SESSAO ORDINARIA,PRESENCIAL,PSC,3
126557,234,2021-10-19,SESSAO ORDINARIA,PRESENCIAL,PTB,1
126558,234,2021-10-19,SESSAO ORDINARIA,PRESENCIAL,PODEMOS,3
126559,234,2021-10-19,SESSAO ORDINARIA,PRESENCIAL,PTB,1
126560,234,2021-10-19,SESSAO ORDINARIA,PRESENCIAL,AVANTE,3
126561,234,2021-10-19,SESSAO ORDINARIA,PRESENCIAL,NOVO,2
126562,234,2021-10-19,SESSAO ORDINARIA,PRESENCIAL,REDE,1
126563,234,2021-10-19,SESSAO ORDINARIA,PRESENCIAL,REPUBLICANOS,3
126564,234,2021-10-19,SESSAO ORDINARIA,PRESENCIAL,PDT,3
126565,234,2021-10-19,SESSAO ORDINARIA,PRESENCIAL,MDB,3
126566,234,2021-10-19,SESSAO ORDINARIA,PRESENCIAL,AVANTE,3
126567,234,2021-10-19,SESSAO ORDINARIA,PRESENCIAL,PSD,1
126568,234,2021-10-19,SESSAO ORDINARIA,PRESENCIAL,PSB,1
126569,234,2021-10-19,SESSAO ORDINARIA,PRESENCIAL,PP,3
126570,235,2021-10-20,SESSAO ORDINARIA,PRESENCIAL,PL,2
126571,235,2021-10-20,SESSAO ORDINARIA,PRESENCIAL,PT,2
126572,235,2021-10-20,SESSAO ORDINARIA,PRESENCIAL,PT,2
126573,235,2021-10-20,SESSAO ORDINARIA,PRESENCIAL,PDT,2
126574,235,2021-10-20,SESSAO ORDINARIA,PRESENCIAL,REPUBLICANOS,2
126575,235,2021-10-20,SESSAO ORDINARIA,PRESENCIAL,DEM,1
126576,235,2021-10-20,SESSAO ORDINARIA,PRESENCIAL,PSOL,2
126577,235,2021-10-20,SESSAO ORDINARIA,PRESENCIAL,PROS,2
126578,235,2021-10-20,SESSAO ORDINARIA,PRESENCIAL,MDB,2
126579,235,2021-10-20,SESSAO ORDINARIA,PRESENCIAL,PSC,2
126580,235,2021-10-20,SESSAO ORDINARIA,PRESENCIAL,PTB,2
126581,235,2021-10-20,SESSAO ORDINARIA,PRESENCIAL,PODEMOS,2
126582,235,2021-10-20,SESSAO ORDINARIA,PRESENCIAL,AVANTE,1
126583,235,2021-10-20,SESSAO ORDINARIA,PRESENCIAL,NOVO,2
126584,235,2021-10-20,SESSAO ORDINARIA,PRESENCIAL,REDE,2
126585,235,2021-10-20,SESSAO ORDINARIA,PRESENCIAL,REPUBLICANOS,2
126586,235,2021-10-20,SESSAO ORDINARIA,PRESENCIAL,PDT,2
126587,235,2021-10-20,SESSAO ORDINARIA,PRESENCIAL,MDB,2
126588,235,2021-10-20,SESSAO ORDINARIA,PRESENCIAL,AVANTE,2
126589,235,2021-10-20,SESSAO ORDINARIA,PRESENCIAL,PSD,1
126590,235,2021-10-20,SESSAO ORDINARIA,PRESENCIAL,PSB,2
126591,235,2021-10-20,SESSAO ORDINARIA,PRESENCIAL,PP,2
126592,236,2021-10-20,SESSAO EXTRAORDINARIA,PRESENCIAL,PT,1
126593,236,2021-10-20,SESSAO EXTRAORDINARIA,PRESENCIAL,PT,1
126594,236,2021-10-20,SESSAO EXTRAORDINARIA,PRESENCIAL,REPUBLICANOS,1
126595,236,2021-10-20,SESSAO EXTRAORDINARIA,PRESENCIAL,PSOL,1
126596,236,2021-10-20,SESSAO EXTRAORDINARIA,PRESENCIAL,PROS,1
126597,236,2021-10-20,SESSAO EXTRAORDINARIA,PRESENCIAL,MDB,1
126598,236,2021-10-20,SESSAO EXTRAORDINARIA,PRESENCIAL,PSC,1
126599,236,2021-10-20,SESSAO EXTRAORDINARIA,PRESENCIAL,NOVO,1
126600,236,2021-10-20,SESSAO EXTRAORDINARIA,PRESENCIAL,REDE,1
126601,236,2021-10-20,SESSAO EXTRAORDINARIA,PRESENCIAL,REPUBLICANOS,1
126602,236,2021-10-20,SESSAO EXTRAORDINARIA,PRESENCIAL,PDT,1
126603,236,2021-10-20,SESSAO EXTRAORDINARIA,PRESENCIAL,AVANTE,1
126604,236,2021-10-20,SESSAO EXTRAORDINARIA,PRESENCIAL,PP,1
126605,237,2021-10-21,SESSAO ORDINARIA,PRESENCIAL,PT,1
126606,237,2021-10-21,SESSAO ORDINARIA,PRESENCIAL,PT,1
126607,237,2021-10-21,SESSAO ORDINARIA,PRESENCIAL,REPUBLICANOS,1
126608,237,2021-10-21,SESSAO ORDINARIA,PRESENCIAL,PSOL,1
126609,237,2021-10-21,SESSAO ORDINARIA,PRESENCIAL,PROS,1
126610,237,2021-10-21,SESSAO ORDINARIA,PRESENCIAL,PDT,1
126611,237,2021-10-21,SESSAO ORDINARIA,PRESENCIAL,AVANTE,1
126612,237,2021-10-21,SESSAO ORDINARIA,PRESENCIAL,PSB,1
126613,237,2021-10-21,SESSAO ORDINARIA,PRESENCIAL,PP,1
126614,238,2021-10-26,SESSAO ORDINARIA,PRESENCIAL,PL,1
126615,238,2021-10-26,SESSAO ORDINARIA,PRESENCIAL,PT,1
126616,238,2021-10-26,SESSAO ORDINARIA,PRESENCIAL,PT,1
126617,238,2021-10-26,SESSAO ORDINARIA,PRESENCIAL,PDT,1
126618,238,2021-10-26,SESSAO ORDINARIA,PRESENCIAL,PL,1
126619,238,2021-10-26,SESSAO ORDINARIA,PRESENCIAL,REPUBLICANOS,1
126620,238,2021-10-26,SESSAO ORDINARIA,PRESENCIAL,PSOL,2
126621,238,2021-10-26,SESSAO ORDINARIA,PRESENCIAL,PROS,1
126622,238,2021-10-26,SESSAO ORDINARIA,PRESENCIAL,MDB,1
126623,238,2021-10-26,SESSAO ORDINARIA,PRESENCIAL,PSC,2
126624,238,2021-10-26,SESSAO ORDINARIA,PRESENCIAL,PTB,1
126625,238,2021-10-26,SESSAO ORDINARIA,PRESENCIAL,PODEMOS,2
126626,238,2021-10-26,SESSAO ORDINARIA,PRESENCIAL,AVANTE,1
126627,238,2021-10-26,SESSAO ORDINARIA,PRESENCIAL,NOVO,2
126628,238,2021-10-26,SESSAO ORDINARIA,PRESENCIAL,REDE,2
126629,238,2021-10-26,SESSAO ORDINARIA,PRESENCIAL,REPUBLICANOS,1
126630,238,2021-10-26,SESSAO ORDINARIA,PRESENCIAL,PDT,2
126631,238,2021-10-26,SESSAO ORDINARIA,PRESENCIAL,MDB,1
126632,238,2021-10-26,SESSAO ORDINARIA,PRESENCIAL,AVANTE,2
126633,238,2021-10-26,SESSAO ORDINARIA,PRESENCIAL,PSD,1
126634,238,2021-10-26,SESSAO ORDINARIA,PRESENCIAL,PSB,1
126635,238,2021-10-26,SESSAO ORDINARIA,PRESENCIAL,PP,1
126636,239,2021-10-27,SESSAO ORDINARIA,PRESENCIAL,PL,1
126637,239,2021-10-27,SESSAO ORDINARIA,PRESENCIAL,PT,1
126638,239,2021-10-27,SESSAO ORDINARIA,PRESENCIAL,PT,2
126639,239,2021-10-27,SESSAO ORDINARIA,PRESENCIAL,PL,1
126640,239,2021-10-27,SESSAO ORDINARIA,PRESENCIAL,REPUBLICANOS,2
126641,239,2021-10-27,SESSAO ORDINARIA,PRESENCIAL,PSOL,2
126642,239,2021-10-27,SESSAO ORDINARIA,PRESENCIAL,PROS,3
126643,239,2021-10-27,SESSAO ORDINARIA,PRESENCIAL,MDB,2
126644,239,2021-10-27,SESSAO ORDINARIA,PRESENCIAL,PSC,2
126645,239,2021-10-27,SESSAO ORDINARIA,PRESENCIAL,PTB,1
126646,239,2021-10-27,SESSAO ORDINARIA,PRESENCIAL,PODEMOS,2
126647,239,2021-10-27,SESSAO ORDINARIA,PRESENCIAL,AVANTE,1
126648,239,2021-10-27,SESSAO ORDINARIA,PRESENCIAL,REDE,2
126649,239,2021-10-27,SESSAO ORDINARIA,PRESENCIAL,REPUBLICANOS,2
126650,239,2021-10-27,SESSAO ORDINARIA,PRESENCIAL,PDT,1
126651,239,2021-10-27,SESSAO ORDINARIA,PRESENCIAL,MDB,2
126652,239,2021-10-27,SESSAO ORDINARIA,PRESENCIAL,AVANTE,2
126653,239,2021-10-27,SESSAO ORDINARIA,PRESENCIAL,PSB,1
126654,239,2021-10-27,SESSAO ORDINARIA,PRESENCIAL,PP,2
126655,240,2021-10-28,SESSAO ORDINARIA,PRESENCIAL,PT,1
126656,240,2021-10-28,SESSAO ORDINARIA,PRESENCIAL,PT,1
126657,240,2021-10-28,SESSAO ORDINARIA,PRESENCIAL,REPUBLICANOS,1
126658,240,2021-10-28,SESSAO ORDINARIA,PRESENCIAL,PROS,1
126659,240,2021-10-28,SESSAO ORDINARIA,PRESENCIAL,PTB,1
126660,240,2021-10-28,SESSAO ORDINARIA,PRESENCIAL,REDE,1
126661,240,2021-10-28,SESSAO ORDINARIA,PRESENCIAL,PDT,1
126662,240,2021-10-28,SESSAO ORDINARIA,PRESENCIAL,AVANTE,1
126663,240,2021-10-28,SESSAO ORDINARIA,PRESENCIAL,PSD,1
126664,240,2021-10-28,SESSAO ORDINARIA,PRESENCIAL,PSB,1
126665,241,2021-11-03,SESSAO ORDINARIA,PRESENCIAL,PT,1
126666,241,2021-11-03,SESSAO ORDINARIA,PRESENCIAL,PT,1
126667,241,2021-11-03,SESSAO ORDINARIA,PRESENCIAL,PL,1
126668,241,2021-11-03,SESSAO ORDINARIA,PRESENCIAL,REPUBLICANOS,1
126669,241,2021-11-03,SESSAO ORDINARIA,PRESENCIAL,PSOL,1
126670,241,2021-11-03,SESSAO ORDINARIA,PRESENCIAL,PROS,1
126671,241,2021-11-03,SESSAO ORDINARIA,PRESENCIAL,MDB,1
126672,241,2021-11-03,SESSAO ORDINARIA,PRESENCIAL,PSC,1
126673,241,2021-11-03,SESSAO ORDINARIA,PRESENCIAL,PTB,1
126674,241,2021-11-03,SESSAO ORDINARIA,PRESENCIAL,PODEMOS,1
126675,241,2021-11-03,SESSAO ORDINARIA,PRESENCIAL,AVANTE,1
126676,241,2021-11-03,SESSAO ORDINARIA,PRESENCIAL,NOVO,1
126677,241,2021-11-03,SESSAO ORDINARIA,PRESENCIAL,REPUBLICANOS,1
126678,241,2021-11-03,SESSAO ORDINARIA,PRESENCIAL,PDT,1
126679,241,2021-11-03,SESSAO ORDINARIA,PRESENCIAL,AVANTE,1
126680,241,2021-11-03,SESSAO ORDINARIA,PRESENCIAL,PSD,1
126681,241,2021-11-03,SESSAO ORDINARIA,PRESENCIAL,PSB,1
126682,241,2021-11-03,SESSAO ORDINARIA,PRESENCIAL,PP,1
126683,242,2021-11-03,SESSAO EXTRAORDINARIA,PRESENCIAL,REPUBLICANOS,1
126684,242,2021-11-03,SESSAO EXTRAORDINARIA,PRESENCIAL,MDB,1
126685,242,2021-11-03,SESSAO EXTRAORDINARIA,PRESENCIAL,PSC,1
126686,242,2021-11-03,SESSAO EXTRAORDINARIA,PRESENCIAL,PODEMOS,1
126687,242,2021-11-03,SESSAO EXTRAORDINARIA,PRESENCIAL,AVANTE,1
126688,242,2021-11-03,SESSAO EXTRAORDINARIA,PRESENCIAL,NOVO,1
126689,242,2021-11-03,SESSAO EXTRAORDINARIA,PRESENCIAL,AVANTE,1
126690,243,2021-11-03,SESSAO EXTRAORDINARIA,PRESENCIAL,REPUBLICANOS,1
126691,243,2021-11-03,SESSAO EXTRAORDINARIA,PRESENCIAL,MDB,1
126692,243,2021-11-03,SESSAO EXTRAORDINARIA,PRESENCIAL,PSC,1
126693,243,2021-11-03,SESSAO EXTRAORDINARIA,PRESENCIAL,PODEMOS,1
126694,243,2021-11-03,SESSAO EXTRAORDINARIA,PRESENCIAL,AVANTE,1
126695,243,2021-11-03,SESSAO EXTRAORDINARIA,PRESENCIAL,NOVO,1
126696,243,2021-11-03,SESSAO EXTRAORDINARIA,PRESENCIAL,AVANTE,1
126697,244,2021-11-04,SESSAO ORDINARIA,PRESENCIAL,PT,1
126698,244,2021-11-04,SESSAO ORDINARIA,PRESENCIAL,PT,1
126699,244,2021-11-04,SESSAO ORDINARIA,PRESENCIAL,PSOL,1
126700,244,2021-11-04,SESSAO ORDINARIA,PRESENCIAL,PROS,1
126701,244,2021-11-04,SESSAO ORDINARIA,PRESENCIAL,PTB,1
126702,244,2021-11-04,SESSAO ORDINARIA,PRESENCIAL,NOVO,1
126703,244,2021-11-04,SESSAO ORDINARIA,PRESENCIAL,REPUBLICANOS,1
126704,244,2021-11-04,SESSAO ORDINARIA,PRESENCIAL,PDT,1
126705,244,2021-11-04,SESSAO ORDINARIA,PRESENCIAL,AVANTE,1
126706,244,2021-11-04,SESSAO ORDINARIA,PRESENCIAL,PSD,1
126707,244,2021-11-04,SESSAO ORDINARIA,PRESENCIAL,PSB,1
126708,244,2021-11-04,SESSAO ORDINARIA,PRESENCIAL,PP,1
126709,245,2021-11-09,SESSAO ORDINARIA,PRESENCIAL,PL,3
126710,245,2021-11-09,SESSAO ORDINARIA,PRESENCIAL,PT,2
126711,245,2021-11-09,SESSAO ORDINARIA,PRESENCIAL,PDT,2
126712,245,2021-11-09,SESSAO ORDINARIA,PRESENCIAL,PL,1
126713,245,2021-11-09,SESSAO ORDINARIA,PRESENCIAL,DEM,1
126714,245,2021-11-09,SESSAO ORDINARIA,PRESENCIAL,PSOL,2
126715,245,2021-11-09,SESSAO ORDINARIA,PRESENCIAL,PROS,2
126716,245,2021-11-09,SESSAO ORDINARIA,PRESENCIAL,MDB,2
126717,245,2021-11-09,SESSAO ORDINARIA,PRESENCIAL,PSC,2
126718,245,2021-11-09,SESSAO ORDINARIA,PRESENCIAL,PTB,1
126719,245,2021-11-09,SESSAO ORDINARIA,PRESENCIAL,PODEMOS,2
126720,245,2021-11-09,SESSAO ORDINARIA,PRESENCIAL,PTB,1
126721,245,2021-11-09,SESSAO ORDINARIA,PRESENCIAL,AVANTE,1
126722,245,2021-11-09,SESSAO ORDINARIA,PRESENCIAL,NOVO,2
126723,245,2021-11-09,SESSAO ORDINARIA,PRESENCIAL,REDE,2
126724,245,2021-11-09,SESSAO ORDINARIA,PRESENCIAL,REPUBLICANOS,3
126725,245,2021-11-09,SESSAO ORDINARIA,PRESENCIAL,PDT,2
126726,245,2021-11-09,SESSAO ORDINARIA,PRESENCIAL,MDB,2
126727,245,2021-11-09,SESSAO ORDINARIA,PRESENCIAL,AVANTE,1
126728,245,2021-11-09,SESSAO ORDINARIA,PRESENCIAL,PSB,2
126729,245,2021-11-09,SESSAO ORDINARIA,PRESENCIAL,PP,3
126730,246,2021-11-09,SESSAO EXTRAORDINARIA,PRESENCIAL,PL,1
126731,246,2021-11-09,SESSAO EXTRAORDINARIA,PRESENCIAL,PT,1
126732,246,2021-11-09,SESSAO EXTRAORDINARIA,PRESENCIAL,PSOL,1
126733,246,2021-11-09,SESSAO EXTRAORDINARIA,PRESENCIAL,PROS,1
126734,246,2021-11-09,SESSAO EXTRAORDINARIA,PRESENCIAL,MDB,1
126735,246,2021-11-09,SESSAO EXTRAORDINARIA,PRESENCIAL,PSC,1
126736,246,2021-11-09,SESSAO EXTRAORDINARIA,PRESENCIAL,PODEMOS,1
126737,246,2021-11-09,SESSAO EXTRAORDINARIA,PRESENCIAL,AVANTE,1
126738,246,2021-11-09,SESSAO EXTRAORDINARIA,PRESENCIAL,NOVO,1
126739,246,2021-11-09,SESSAO EXTRAORDINARIA,PRESENCIAL,REDE,1
126740,246,2021-11-09,SESSAO EXTRAORDINARIA,PRESENCIAL,REPUBLICANOS,1
126741,246,2021-11-09,SESSAO EXTRAORDINARIA,PRESENCIAL,PDT,1
126742,246,2021-11-09,SESSAO EXTRAORDINARIA,PRESENCIAL,MDB,1
126743,246,2021-11-09,SESSAO EXTRAORDINARIA,PRESENCIAL,PSB,1
126744,246,2021-11-09,SESSAO EXTRAORDINARIA,PRESENCIAL,PP,1
126745,247,2021-11-10,SESSAO ORDINARIA,PRESENCIAL,PL,2
126746,247,2021-11-10,SESSAO ORDINARIA,PRESENCIAL,PT,1
126747,247,2021-11-10,SESSAO ORDINARIA,PRESENCIAL,PL,1
126748,247,2021-11-10,SESSAO ORDINARIA,PRESENCIAL,DEM,1
126749,247,2021-11-10,SESSAO ORDINARIA,PRESENCIAL,PSOL,1
126750,247,2021-11-10,SESSAO ORDINARIA,PRESENCIAL,PROS,1
126751,247,2021-11-10,SESSAO ORDINARIA,PRESENCIAL,MDB,1
126752,247,2021-11-10,SESSAO ORDINARIA,PRESENCIAL,PSC,1
126753,247,2021-11-10,SESSAO ORDINARIA,PRESENCIAL,PTB,1
126754,247,2021-11-10,SESSAO ORDINARIA,PRESENCIAL,PODEMOS,1
126755,247,2021-11-10,SESSAO ORDINARIA,PRESENCIAL,AVANTE,1
126756,247,2021-11-10,SESSAO ORDINARIA,PRESENCIAL,NOVO,1
126757,247,2021-11-10,SESSAO ORDINARIA,PRESENCIAL,REDE,1
126758,247,2021-11-10,SESSAO ORDINARIA,PRESENCIAL,REPUBLICANOS,1
126759,247,2021-11-10,SESSAO ORDINARIA,PRESENCIAL,PDT,1
126760,247,2021-11-10,SESSAO ORDINARIA,PRESENCIAL,MDB,1
126761,247,2021-11-10,SESSAO ORDINARIA,PRESENCIAL,AVANTE,1
126762,247,2021-11-10,SESSAO ORDINARIA,PRESENCIAL,PSD,1
126763,247,2021-11-10,SESSAO ORDINARIA,PRESENCIAL,PSB,1
126764,247,2021-11-10,SESSAO ORDINARIA,PRESENCIAL,PP,1
126765,248,2021-11-10,SESSAO EXTRAORDINARIA,PRESENCIAL,PL,1
126766,248,2021-11-10,SESSAO EXTRAORDINARIA,PRESENCIAL,PT,1
126767,248,2021-11-10,SESSAO EXTRAORDINARIA,PRESENCIAL,PL,1
126768,248,2021-11-10,SESSAO EXTRAORDINARIA,PRESENCIAL,DEM,1
126769,248,2021-11-10,SESSAO EXTRAORDINARIA,PRESENCIAL,PSOL,1
126770,248,2021-11-10,SESSAO EXTRAORDINARIA,PRESENCIAL,PROS,1
126771,248,2021-11-10,SESSAO EXTRAORDINARIA,PRESENCIAL,MDB,1
126772,248,2021-11-10,SESSAO EXTRAORDINARIA,PRESENCIAL,PSC,1
126773,248,2021-11-10,SESSAO EXTRAORDINARIA,PRESENCIAL,PTB,1
126774,248,2021-11-10,SESSAO EXTRAORDINARIA,PRESENCIAL,PODEMOS,1
126775,248,2021-11-10,SESSAO EXTRAORDINARIA,PRESENCIAL,NOVO,1
126776,248,2021-11-10,SESSAO EXTRAORDINARIA,PRESENCIAL,REDE,1
126777,248,2021-11-10,SESSAO EXTRAORDINARIA,PRESENCIAL,REPUBLICANOS,1
126778,248,2021-11-10,SESSAO EXTRAORDINARIA,PRESENCIAL,PDT,1
126779,248,2021-11-10,SESSAO EXTRAORDINARIA,PRESENCIAL,MDB,1
126780,248,2021-11-10,SESSAO EXTRAORDINARIA,PRESENCIAL,AVANTE,1
126781,248,2021-11-10,SESSAO EXTRAORDINARIA,PRESENCIAL,PSD,1
126782,248,2021-11-10,SESSAO EXTRAORDINARIA,PRESENCIAL,PSB,1
126783,248,2021-11-10,SESSAO EXTRAORDINARIA,PRESENCIAL,PP,1
126784,249,2021-11-11,SESSAO ORDINARIA,PRESENCIAL,PT,1
126785,249,2021-11-11,SESSAO ORDINARIA,PRESENCIAL,PROS,1
126786,249,2021-11-11,SESSAO ORDINARIA,PRESENCIAL,AVANTE,1
126787,249,2021-11-11,SESSAO ORDINARIA,PRESENCIAL,NOVO,1
126788,249,2021-11-11,SESSAO ORDINARIA,PRESENCIAL,AVANTE,1
126789,249,2021-11-11,SESSAO ORDINARIA,PRESENCIAL,PSD,1
126790,249,2021-11-11,SESSAO ORDINARIA,PRESENCIAL,PSB,1
126791,249,2021-11-11,SESSAO ORDINARIA,PRESENCIAL,PP,1
126792,250,2021-11-16,SESSAO ORDINARIA,PRESENCIAL,PT,1
126793,250,2021-11-16,SESSAO ORDINARIA,PRESENCIAL,PDT,1
126794,250,2021-11-16,SESSAO ORDINARIA,PRESENCIAL,REPUBLICANOS,1
126795,250,2021-11-16,SESSAO ORDINARIA,PRESENCIAL,PSOL,1
126796,250,2021-11-16,SESSAO ORDINARIA,PRESENCIAL,PROS,1
126797,250,2021-11-16,SESSAO ORDINARIA,PRESENCIAL,PSC,1
126798,250,2021-11-16,SESSAO ORDINARIA,PRESENCIAL,PTB,1
126799,250,2021-11-16,SESSAO ORDINARIA,PRESENCIAL,AVANTE,1
126800,250,2021-11-16,SESSAO ORDINARIA,PRESENCIAL,NOVO,1
126801,250,2021-11-16,SESSAO ORDINARIA,PRESENCIAL,REDE,1
126802,250,2021-11-16,SESSAO ORDINARIA,PRESENCIAL,REPUBLICANOS,1
126803,250,2021-11-16,SESSAO ORDINARIA,PRESENCIAL,PDT,1
126804,250,2021-11-16,SESSAO ORDINARIA,PRESENCIAL,AVANTE,1
126805,250,2021-11-16,SESSAO ORDINARIA,PRESENCIAL,PSD,1
126806,250,2021-11-16,SESSAO ORDINARIA,PRESENCIAL,PSB,1
126807,250,2021-11-16,SESSAO ORDINARIA,PRESENCIAL,PP,1
126808,251,2021-11-17,SESSAO ORDINARIA,PRESENCIAL,PT,1
126809,251,2021-11-17,SESSAO ORDINARIA,PRESENCIAL,PDT,1
126810,251,2021-11-17,SESSAO ORDINARIA,PRESENCIAL,PL,1
126811,251,2021-11-17,SESSAO ORDINARIA,PRESENCIAL,REPUBLICANOS,1
126812,251,2021-11-17,SESSAO ORDINARIA,PRESENCIAL,DEM,1
126813,251,2021-11-17,SESSAO ORDINARIA,PRESENCIAL,PSOL,1
126814,251,2021-11-17,SESSAO ORDINARIA,PRESENCIAL,PROS,1
126815,251,2021-11-17,SESSAO ORDINARIA,PRESENCIAL,AVANTE,1
126816,251,2021-11-17,SESSAO ORDINARIA,PRESENCIAL,NOVO,1
126817,251,2021-11-17,SESSAO ORDINARIA,PRESENCIAL,REDE,1
126818,251,2021-11-17,SESSAO ORDINARIA,PRESENCIAL,REPUBLICANOS,1
126819,251,2021-11-17,SESSAO ORDINARIA,PRESENCIAL,PDT,1
126820,251,2021-11-17,SESSAO ORDINARIA,PRESENCIAL,AVANTE,1
126821,251,2021-11-17,SESSAO ORDINARIA,PRESENCIAL,PSB,1
126822,251,2021-11-17,SESSAO ORDINARIA,PRESENCIAL,PP,1
126823,252,2021-11-18,SESSAO ORDINARIA,PRESENCIAL,PT,1
126824,252,2021-11-18,SESSAO ORDINARIA,PRESENCIAL,DEM,1
126825,252,2021-11-18,SESSAO ORDINARIA,PRESENCIAL,PSOL,1
126826,252,2021-11-18,SESSAO ORDINARIA,PRESENCIAL,PROS,1
126827,252,2021-11-18,SESSAO ORDINARIA,PRESENCIAL,PTB,1
126828,252,2021-11-18,SESSAO ORDINARIA,PRESENCIAL,AVANTE,1
126829,252,2021-11-18,SESSAO ORDINARIA,PRESENCIAL,NOVO,1
126830,252,2021-11-18,SESSAO ORDINARIA,PRESENCIAL,REDE,1
126831,252,2021-11-18,SESSAO ORDINARIA,PRESENCIAL,PDT,1
126832,252,2021-11-18,SESSAO ORDINARIA,PRESENCIAL,AVANTE,1
126833,252,2021-11-18,SESSAO ORDINARIA,PRESENCIAL,PSB,1
126834,252,2021-11-18,SESSAO ORDINARIA,PRESENCIAL,PP,1
126835,253,2021-11-23,SESSAO ORDINARIA,PRESENCIAL,PL,1
126836,253,2021-11-23,SESSAO ORDINARIA,PRESENCIAL,PT,1
126837,253,2021-11-23,SESSAO ORDINARIA,PRESENCIAL,PT,1
126838,253,2021-11-23,SESSAO ORDINARIA,PRESENCIAL,PDT,1
126839,253,2021-11-23,SESSAO ORDINARIA,PRESENCIAL,REPUBLICANOS,1
126840,253,2021-11-23,SESSAO ORDINARIA,PRESENCIAL,DEM,1
126841,253,2021-11-23,SESSAO ORDINARIA,PRESENCIAL,PSOL,1
126842,253,2021-11-23,SESSAO ORDINARIA,PRESENCIAL,PROS,1
126843,253,2021-11-23,SESSAO ORDINARIA,PRESENCIAL,MDB,1
126844,253,2021-11-23,SESSAO ORDINARIA,PRESENCIAL,PSC,1
126845,253,2021-11-23,SESSAO ORDINARIA,PRESENCIAL,PTB,1
126846,253,2021-11-23,SESSAO ORDINARIA,PRESENCIAL,PODEMOS,1
126847,253,2021-11-23,SESSAO ORDINARIA,PRESENCIAL,AVANTE,1
126848,253,2021-11-23,SESSAO ORDINARIA,PRESENCIAL,NOVO,1
126849,253,2021-11-23,SESSAO ORDINARIA,PRESENCIAL,REDE,1
126850,253,2021-11-23,SESSAO ORDINARIA,PRESENCIAL,REPUBLICANOS,1
126851,253,2021-11-23,SESSAO ORDINARIA,PRESENCIAL,PDT,1
126852,253,2021-11-23,SESSAO ORDINARIA,PRESENCIAL,MDB,1
126853,253,2021-11-23,SESSAO ORDINARIA,PRESENCIAL,AVANTE,1
126854,253,2021-11-23,SESSAO ORDINARIA,PRESENCIAL,PSB,1
126855,253,2021-11-23,SESSAO ORDINARIA,PRESENCIAL,PP,1
126856,254,2021-11-23,SESSAO EXTRAORDINARIA,PRESENCIAL,PL,1
126857,254,2021-11-23,SESSAO EXTRAORDINARIA,PRESENCIAL,PT,1
126858,254,2021-11-23,SESSAO EXTRAORDINARIA,PRESENCIAL,PT,1
126859,254,2021-11-23,SESSAO EXTRAORDINARIA,PRESENCIAL,REPUBLICANOS,1
126860,254,2021-11-23,SESSAO EXTRAORDINARIA,PRESENCIAL,PSOL,1
126861,254,2021-11-23,SESSAO EXTRAORDINARIA,PRESENCIAL,PROS,1
126862,254,2021-11-23,SESSAO EXTRAORDINARIA,PRESENCIAL,MDB,1
126863,254,2021-11-23,SESSAO EXTRAORDINARIA,PRESENCIAL,PSC,1
126864,254,2021-11-23,SESSAO EXTRAORDINARIA,PRESENCIAL,PTB,1
126865,254,2021-11-23,SESSAO EXTRAORDINARIA,PRESENCIAL,PODEMOS,1
126866,254,2021-11-23,SESSAO EXTRAORDINARIA,PRESENCIAL,AVANTE,1
126867,254,2021-11-23,SESSAO EXTRAORDINARIA,PRESENCIAL,NOVO,1
126868,254,2021-11-23,SESSAO EXTRAORDINARIA,PRESENCIAL,REDE,1
126869,254,2021-11-23,SESSAO EXTRAORDINARIA,PRESENCIAL,REPUBLICANOS,1
126870,254,2021-11-23,SESSAO EXTRAORDINARIA,PRESENCIAL,PDT,1
126871,254,2021-11-23,SESSAO EXTRAORDINARIA,PRESENCIAL,MDB,1
126872,254,2021-11-23,SESSAO EXTRAORDINARIA,PRESENCIAL,AVANTE,1
126873,254,2021-11-23,SESSAO EXTRAORDINARIA,PRESENCIAL,PSB,1
126874,254,2021-11-23,SESSAO EXTRAORDINARIA,PRESENCIAL,PP,1
126875,255,2021-11-24,SESSAO ORDINARIA,PRESENCIAL,PL,1
126876,255,2021-11-24,SESSAO ORDINARIA,PRESENCIAL,PT,1
126877,255,2021-11-24,SESSAO ORDINARIA,PRESENCIAL,PT,1
126878,255,2021-11-24,SESSAO ORDINARIA,PRESENCIAL,PDT,1
126879,255,2021-11-24,SESSAO ORDINARIA,PRESENCIAL,DEM,1
126880,255,2021-11-24,SESSAO ORDINARIA,PRESENCIAL,PSOL,1
126881,255,2021-11-24,SESSAO ORDINARIA,PRESENCIAL,PROS,1
126882,255,2021-11-24,SESSAO ORDINARIA,PRESENCIAL,MDB,1
126883,255,2021-11-24,SESSAO ORDINARIA,PRESENCIAL,PTB,1
126884,255,2021-11-24,SESSAO ORDINARIA,PRESENCIAL,AVANTE,1
126885,255,2021-11-24,SESSAO ORDINARIA,PRESENCIAL,NOVO,1
126886,255,2021-11-24,SESSAO ORDINARIA,PRESENCIAL,REPUBLICANOS,1
126887,255,2021-11-24,SESSAO ORDINARIA,PRESENCIAL,PDT,1
126888,255,2021-11-24,SESSAO ORDINARIA,PRESENCIAL,MDB,1
126889,255,2021-11-24,SESSAO ORDINARIA,PRESENCIAL,AVANTE,1
126890,255,2021-11-24,SESSAO ORDINARIA,PRESENCIAL,PSB,1
126891,255,2021-11-24,SESSAO ORDINARIA,PRESENCIAL,PP,1
126892,256,2021-11-25,SESSAO ORDINARIA,PRESENCIAL,PT,1
126893,256,2021-11-25,SESSAO ORDINARIA,PRESENCIAL,PT,1
126894,256,2021-11-25,SESSAO ORDINARIA,PRESENCIAL,PROS,1
126895,256,2021-11-25,SESSAO ORDINARIA,PRESENCIAL,PODEMOS,1
126896,256,2021-11-25,SESSAO ORDINARIA,PRESENCIAL,NOVO,1
126897,256,2021-11-25,SESSAO ORDINARIA,PRESENCIAL,REDE,1
126898,256,2021-11-25,SESSAO ORDINARIA,PRESENCIAL,MDB,1
126899,256,2021-11-25,SESSAO ORDINARIA,PRESENCIAL,AVANTE,1
126900,256,2021-11-25,SESSAO ORDINARIA,PRESENCIAL,PSD,1
126901,256,2021-11-25,SESSAO ORDINARIA,PRESENCIAL,PSB,1
126902,256,2021-11-25,SESSAO ORDINARIA,PRESENCIAL,PP,1
126903,257,2021-12-01,SESSAO ORDINARIA,PRESENCIAL,PL,1
126904,257,2021-12-01,SESSAO ORDINARIA,PRESENCIAL,PT,1
126905,257,2021-12-01,SESSAO ORDINARIA,PRESENCIAL,PT,1
126906,257,2021-12-01,SESSAO ORDINARIA,PRESENCIAL,PDT,1
126907,257,2021-12-01,SESSAO ORDINARIA,PRESENCIAL,PL,1
126908,257,2021-12-01,SESSAO ORDINARIA,PRESENCIAL,REPUBLICANOS,1
126909,257,2021-12-01,SESSAO ORDINARIA,PRESENCIAL,DEM,1
126910,257,2021-12-01,SESSAO ORDINARIA,PRESENCIAL,PSOL,1
126911,257,2021-12-01,SESSAO ORDINARIA,PRESENCIAL,MDB,1
126912,257,2021-12-01,SESSAO ORDINARIA,PRESENCIAL,PSC,1
126913,257,2021-12-01,SESSAO ORDINARIA,PRESENCIAL,PTB,1
126914,257,2021-12-01,SESSAO ORDINARIA,PRESENCIAL,PTB,1
126915,257,2021-12-01,SESSAO ORDINARIA,PRESENCIAL,NOVO,1
126916,257,2021-12-01,SESSAO ORDINARIA,PRESENCIAL,REDE,1
126917,257,2021-12-01,SESSAO ORDINARIA,PRESENCIAL,REPUBLICANOS,1
126918,257,2021-12-01,SESSAO ORDINARIA,PRESENCIAL,PDT,1
126919,257,2021-12-01,SESSAO ORDINARIA,PRESENCIAL,MDB,1
126920,257,2021-12-01,SESSAO ORDINARIA,PRESENCIAL,AVANTE,1
126921,257,2021-12-01,SESSAO ORDINARIA,PRESENCIAL,PSB,1
126922,257,2021-12-01,SESSAO ORDINARIA,PRESENCIAL,PP,1
126923,258,2021-12-01,SESSAO EXTRAORDINARIA,PRESENCIAL,PL,1
126924,258,2021-12-01,SESSAO EXTRAORDINARIA,PRESENCIAL,PT,2
126925,258,2021-12-01,SESSAO EXTRAORDINARIA,PRESENCIAL,PT,2
126926,258,2021-12-01,SESSAO EXTRAORDINARIA,PRESENCIAL,PL,1
126927,258,2021-12-01,SESSAO EXTRAORDINARIA,PRESENCIAL,REPUBLICANOS,2
126928,258,2021-12-01,SESSAO EXTRAORDINARIA,PRESENCIAL,PSOL,2
126929,258,2021-12-01,SESSAO EXTRAORDINARIA,PRESENCIAL,MDB,2
126930,258,2021-12-01,SESSAO EXTRAORDINARIA,PRESENCIAL,PSC,1
126931,258,2021-12-01,SESSAO EXTRAORDINARIA,PRESENCIAL,PTB,2
126932,258,2021-12-01,SESSAO EXTRAORDINARIA,PRESENCIAL,NOVO,2
126933,258,2021-12-01,SESSAO EXTRAORDINARIA,PRESENCIAL,REDE,1
126934,258,2021-12-01,SESSAO EXTRAORDINARIA,PRESENCIAL,REPUBLICANOS,2
126935,258,2021-12-01,SESSAO EXTRAORDINARIA,PRESENCIAL,PDT,2
126936,258,2021-12-01,SESSAO EXTRAORDINARIA,PRESENCIAL,MDB,2
126937,258,2021-12-01,SESSAO EXTRAORDINARIA,PRESENCIAL,PSB,1
126938,259,2021-12-02,SESSAO EXTRAORDINARIA,PRESENCIAL,PL,1
126939,259,2021-12-02,SESSAO EXTRAORDINARIA,PRESENCIAL,PT,1
126940,259,2021-12-02,SESSAO EXTRAORDINARIA,PRESENCIAL,PT,1
126941,259,2021-12-02,SESSAO EXTRAORDINARIA,PRESENCIAL,PDT,1
126942,259,2021-12-02,SESSAO EXTRAORDINARIA,PRESENCIAL,PL,1
126943,259,2021-12-02,SESSAO EXTRAORDINARIA,PRESENCIAL,REPUBLICANOS,1
126944,259,2021-12-02,SESSAO EXTRAORDINARIA,PRESENCIAL,DEM,1
126945,259,2021-12-02,SESSAO EXTRAORDINARIA,PRESENCIAL,PSOL,1
126946,259,2021-12-02,SESSAO EXTRAORDINARIA,PRESENCIAL,MDB,1
126947,259,2021-12-02,SESSAO EXTRAORDINARIA,PRESENCIAL,PSC,1
126948,259,2021-12-02,SESSAO EXTRAORDINARIA,PRESENCIAL,PTB,1
126949,259,2021-12-02,SESSAO EXTRAORDINARIA,PRESENCIAL,PTB,1
126950,259,2021-12-02,SESSAO EXTRAORDINARIA,PRESENCIAL,NOVO,1
126951,259,2021-12-02,SESSAO EXTRAORDINARIA,PRESENCIAL,REDE,1
126952,259,2021-12-02,SESSAO EXTRAORDINARIA,PRESENCIAL,REPUBLICANOS,1
126953,259,2021-12-02,SESSAO EXTRAORDINARIA,PRESENCIAL,PDT,1
126954,259,2021-12-02,SESSAO EXTRAORDINARIA,PRESENCIAL,MDB,1
126955,259,2021-12-02,SESSAO EXTRAORDINARIA,PRESENCIAL,AVANTE,1
126956,259,2021-12-02,SESSAO EXTRAORDINARIA,PRESENCIAL,PSD,1
126957,259,2021-12-02,SESSAO EXTRAORDINARIA,PRESENCIAL,PSB,1
126958,259,2021-12-02,SESSAO EXTRAORDINARIA,PRESENCIAL,PP,1
126959,260,2021-12-02,SESSAO ORDINARIA,PRESENCIAL,PL,1
126960,260,2021-12-02,SESSAO ORDINARIA,PRESENCIAL,PT,1
126961,260,2021-12-02,SESSAO ORDINARIA,PRESENCIAL,PDT,1
126962,260,2021-12-02,SESSAO ORDINARIA,PRESENCIAL,REPUBLICANOS,1
126963,260,2021-12-02,SESSAO ORDINARIA,PRESENCIAL,DEM,1
126964,260,2021-12-02,SESSAO ORDINARIA,PRESENCIAL,PSOL,1
126965,260,2021-12-02,SESSAO ORDINARIA,PRESENCIAL,MDB,1
126966,260,2021-12-02,SESSAO ORDINARIA,PRESENCIAL,PSC,1
126967,260,2021-12-02,SESSAO ORDINARIA,PRESENCIAL,NOVO,1
126968,260,2021-12-02,SESSAO ORDINARIA,PRESENCIAL,PDT,1
126969,260,2021-12-02,SESSAO ORDINARIA,PRESENCIAL,MDB,1
126970,260,2021-12-02,SESSAO ORDINARIA,PRESENCIAL,PSD,1
126971,260,2021-12-02,SESSAO ORDINARIA,PRESENCIAL,PSB,1
126972,260,2021-12-02,SESSAO ORDINARIA,PRESENCIAL,PP,1
126973,261,2021-12-07,SESSAO ORDINARIA,PRESENCIAL,PL,1
126974,261,2021-12-07,SESSAO ORDINARIA,PRESENCIAL,PT,2
126975,261,2021-12-07,SESSAO ORDINARIA,PRESENCIAL,PT,2
126976,261,2021-12-07,SESSAO ORDINARIA,PRESENCIAL,PDT,1
126977,261,2021-12-07,SESSAO ORDINARIA,PRESENCIAL,PL,2
126978,261,2021-12-07,SESSAO ORDINARIA,PRESENCIAL,REPUBLICANOS,2
126979,261,2021-12-07,SESSAO ORDINARIA,PRESENCIAL,DEM,1
126980,261,2021-12-07,SESSAO ORDINARIA,PRESENCIAL,PSOL,2
126981,261,2021-12-07,SESSAO ORDINARIA,PRESENCIAL,PROS,2
126982,261,2021-12-07,SESSAO ORDINARIA,PRESENCIAL,MDB,2
126983,261,2021-12-07,SESSAO ORDINARIA,PRESENCIAL,PSC,2
126984,261,2021-12-07,SESSAO ORDINARIA,PRESENCIAL,PTB,2
126985,261,2021-12-07,SESSAO ORDINARIA,PRESENCIAL,PODEMOS,1
126986,261,2021-12-07,SESSAO ORDINARIA,PRESENCIAL,AVANTE,2
126987,261,2021-12-07,SESSAO ORDINARIA,PRESENCIAL,NOVO,2
126988,261,2021-12-07,SESSAO ORDINARIA,PRESENCIAL,REDE,2
126989,261,2021-12-07,SESSAO ORDINARIA,PRESENCIAL,REPUBLICANOS,2
126990,261,2021-12-07,SESSAO ORDINARIA,PRESENCIAL,PDT,1
126991,261,2021-12-07,SESSAO ORDINARIA,PRESENCIAL,MDB,2
126992,261,2021-12-07,SESSAO ORDINARIA,PRESENCIAL,AVANTE,1
126993,261,2021-12-07,SESSAO ORDINARIA,PRESENCIAL,PSD,2
126994,261,2021-12-07,SESSAO ORDINARIA,PRESENCIAL,PSB,1
126995,261,2021-12-07,SESSAO ORDINARIA,PRESENCIAL,PP,2
126996,262,2021-12-07,SESSAO EXTRAORDINARIA,PRESENCIAL,PT,1
126997,262,2021-12-07,SESSAO EXTRAORDINARIA,PRESENCIAL,PT,1
126998,262,2021-12-07,SESSAO EXTRAORDINARIA,PRESENCIAL,PL,1
126999,262,2021-12-07,SESSAO EXTRAORDINARIA,PRESENCIAL,REPUBLICANOS,1
127000,262,2021-12-07,SESSAO EXTRAORDINARIA,PRESENCIAL,DEM,1
127001,262,2021-12-07,SESSAO EXTRAORDINARIA,PRESENCIAL,PSOL,1
127002,262,2021-12-07,SESSAO EXTRAORDINARIA,PRESENCIAL,PROS,1
127003,262,2021-12-07,SESSAO EXTRAORDINARIA,PRESENCIAL,MDB,1
127004,262,2021-12-07,SESSAO EXTRAORDINARIA,PRESENCIAL,PSC,1
127005,262,2021-12-07,SESSAO EXTRAORDINARIA,PRESENCIAL,PTB,1
127006,262,2021-12-07,SESSAO EXTRAORDINARIA,PRESENCIAL,NOVO,1
127007,262,2021-12-07,SESSAO EXTRAORDINARIA,PRESENCIAL,REDE,1
127008,262,2021-12-07,SESSAO EXTRAORDINARIA,PRESENCIAL,REPUBLICANOS,1
127009,262,2021-12-07,SESSAO EXTRAORDINARIA,PRESENCIAL,MDB,1
127010,262,2021-12-07,SESSAO EXTRAORDINARIA,PRESENCIAL,PP,1
127011,263,2021-12-08,SESSAO ORDINARIA,PRESENCIAL,PL,2
127012,263,2021-12-08,SESSAO ORDINARIA,PRESENCIAL,PT,2
127013,263,2021-12-08,SESSAO ORDINARIA,PRESENCIAL,PT,2
127014,263,2021-12-08,SESSAO ORDINARIA,PRESENCIAL,PDT,2
127015,263,2021-12-08,SESSAO ORDINARIA,PRESENCIAL,PL,2
127016,263,2021-12-08,SESSAO ORDINARIA,PRESENCIAL,REPUBLICANOS,2
127017,263,2021-12-08,SESSAO ORDINARIA,PRESENCIAL,DEM,2
127018,263,2021-12-08,SESSAO ORDINARIA,PRESENCIAL,PSOL,2
127019,263,2021-12-08,SESSAO ORDINARIA,PRESENCIAL,PROS,2
127020,263,2021-12-08,SESSAO ORDINARIA,PRESENCIAL,MDB,2
127021,263,2021-12-08,SESSAO ORDINARIA,PRESENCIAL,PSC,1
127022,263,2021-12-08,SESSAO ORDINARIA,PRESENCIAL,PTB,2
127023,263,2021-12-08,SESSAO ORDINARIA,PRESENCIAL,PODEMOS,2
127024,263,2021-12-08,SESSAO ORDINARIA,PRESENCIAL,AVANTE,1
127025,263,2021-12-08,SESSAO ORDINARIA,PRESENCIAL,NOVO,2
127026,263,2021-12-08,SESSAO ORDINARIA,PRESENCIAL,REDE,1
127027,263,2021-12-08,SESSAO ORDINARIA,PRESENCIAL,REPUBLICANOS,2
127028,263,2021-12-08,SESSAO ORDINARIA,PRESENCIAL,PDT,2
127029,263,2021-12-08,SESSAO ORDINARIA,PRESENCIAL,MDB,2
127030,263,2021-12-08,SESSAO ORDINARIA,PRESENCIAL,AVANTE,1
127031,263,2021-12-08,SESSAO ORDINARIA,PRESENCIAL,PSB,1
127032,263,2021-12-08,SESSAO ORDINARIA,PRESENCIAL,PP,1
127033,264,2021-12-08,SESSAO EXTRAORDINARIA,PRESENCIAL,PL,1
127034,264,2021-12-08,SESSAO EXTRAORDINARIA,PRESENCIAL,PT,1
127035,264,2021-12-08,SESSAO EXTRAORDINARIA,PRESENCIAL,PT,1
127036,264,2021-12-08,SESSAO EXTRAORDINARIA,PRESENCIAL,PL,1
127037,264,2021-12-08,SESSAO EXTRAORDINARIA,PRESENCIAL,REPUBLICANOS,1
127038,264,2021-12-08,SESSAO EXTRAORDINARIA,PRESENCIAL,DEM,1
127039,264,2021-12-08,SESSAO EXTRAORDINARIA,PRESENCIAL,PSOL,1
127040,264,2021-12-08,SESSAO EXTRAORDINARIA,PRESENCIAL,PROS,1
127041,264,2021-12-08,SESSAO EXTRAORDINARIA,PRESENCIAL,MDB,1
127042,264,2021-12-08,SESSAO EXTRAORDINARIA,PRESENCIAL,PSC,1
127043,264,2021-12-08,SESSAO EXTRAORDINARIA,PRESENCIAL,PTB,1
127044,264,2021-12-08,SESSAO EXTRAORDINARIA,PRESENCIAL,PODEMOS,1
127045,264,2021-12-08,SESSAO EXTRAORDINARIA,PRESENCIAL,NOVO,1
127046,264,2021-12-08,SESSAO EXTRAORDINARIA,PRESENCIAL,PDT,1
127047,264,2021-12-08,SESSAO EXTRAORDINARIA,PRESENCIAL,MDB,1
127048,265,2021-12-09,SESSAO ORDINARIA,PRESENCIAL,PL,1
127049,265,2021-12-09,SESSAO ORDINARIA,PRESENCIAL,PT,1
127050,265,2021-12-09,SESSAO ORDINARIA,PRESENCIAL,PT,1
127051,265,2021-12-09,SESSAO ORDINARIA,PRESENCIAL,PDT,1
127052,265,2021-12-09,SESSAO ORDINARIA,PRESENCIAL,PL,1
127053,265,2021-12-09,SESSAO ORDINARIA,PRESENCIAL,REPUBLICANOS,1
127054,265,2021-12-09,SESSAO ORDINARIA,PRESENCIAL,DEM,2
127055,265,2021-12-09,SESSAO ORDINARIA,PRESENCIAL,PSOL,1
127056,265,2021-12-09,SESSAO ORDINARIA,PRESENCIAL,PROS,1
127057,265,2021-12-09,SESSAO ORDINARIA,PRESENCIAL,MDB,1
127058,265,2021-12-09,SESSAO ORDINARIA,PRESENCIAL,PSC,1
127059,265,2021-12-09,SESSAO ORDINARIA,PRESENCIAL,PTB,1
127060,265,2021-12-09,SESSAO ORDINARIA,PRESENCIAL,PODEMOS,1
127061,265,2021-12-09,SESSAO ORDINARIA,PRESENCIAL,PTB,1
127062,265,2021-12-09,SESSAO ORDINARIA,PRESENCIAL,NOVO,2
127063,265,2021-12-09,SESSAO ORDINARIA,PRESENCIAL,REDE,1
127064,265,2021-12-09,SESSAO ORDINARIA,PRESENCIAL,REPUBLICANOS,1
127065,265,2021-12-09,SESSAO ORDINARIA,PRESENCIAL,PDT,1
127066,265,2021-12-09,SESSAO ORDINARIA,PRESENCIAL,MDB,1
127067,265,2021-12-09,SESSAO ORDINARIA,PRESENCIAL,AVANTE,1
127068,265,2021-12-09,SESSAO ORDINARIA,PRESENCIAL,PSD,1
127069,265,2021-12-09,SESSAO ORDINARIA,PRESENCIAL,PSB,1
127070,265,2021-12-09,SESSAO ORDINARIA,PRESENCIAL,PP,1
127071,266,2021-12-09,SESSAO EXTRAORDINARIA,PRESENCIAL,PL,1
127072,266,2021-12-09,SESSAO EXTRAORDINARIA,PRESENCIAL,PT,1
127073,266,2021-12-09,SESSAO EXTRAORDINARIA,PRESENCIAL,PT,1
127074,266,2021-12-09,SESSAO EXTRAORDINARIA,PRESENCIAL,PDT,1
127075,266,2021-12-09,SESSAO EXTRAORDINARIA,PRESENCIAL,REPUBLICANOS,1
127076,266,2021-12-09,SESSAO EXTRAORDINARIA,PRESENCIAL,DEM,1
127077,266,2021-12-09,SESSAO EXTRAORDINARIA,PRESENCIAL,PROS,1
127078,266,2021-12-09,SESSAO EXTRAORDINARIA,PRESENCIAL,MDB,1
127079,266,2021-12-09,SESSAO EXTRAORDINARIA,PRESENCIAL,PTB,1
127080,266,2021-12-09,SESSAO EXTRAORDINARIA,PRESENCIAL,PTB,1
127081,266,2021-12-09,SESSAO EXTRAORDINARIA,PRESENCIAL,NOVO,1
127082,266,2021-12-09,SESSAO EXTRAORDINARIA,PRESENCIAL,PDT,1
127083,266,2021-12-09,SESSAO EXTRAORDINARIA,PRESENCIAL,MDB,1
127084,266,2021-12-09,SESSAO EXTRAORDINARIA,PRESENCIAL,PSD,1
127085,266,2021-12-09,SESSAO EXTRAORDINARIA,PRESENCIAL,PP,1
127086,267,2021-12-14,SESSAO EXTRAORDINARIA,PRESENCIAL,PL,1
127087,267,2021-12-14,SESSAO EXTRAORDINARIA,PRESENCIAL,PT,2
127088,267,2021-12-14,SESSAO EXTRAORDINARIA,PRESENCIAL,PT,3
127089,267,2021-12-14,SESSAO EXTRAORDINARIA,PRESENCIAL,PDT,1
127090,267,2021-12-14,SESSAO EXTRAORDINARIA,PRESENCIAL,REPUBLICANOS,2
127091,267,2021-12-14,SESSAO EXTRAORDINARIA,PRESENCIAL,DEM,1
127092,267,2021-12-14,SESSAO EXTRAORDINARIA,PRESENCIAL,PSOL,2
127093,267,2021-12-14,SESSAO EXTRAORDINARIA,PRESENCIAL,PROS,2
127094,267,2021-12-14,SESSAO EXTRAORDINARIA,PRESENCIAL,MDB,2
127095,267,2021-12-14,SESSAO EXTRAORDINARIA,PRESENCIAL,PSC,2
127096,267,2021-12-14,SESSAO EXTRAORDINARIA,PRESENCIAL,PTB,2
127097,267,2021-12-14,SESSAO EXTRAORDINARIA,PRESENCIAL,PODEMOS,3
127098,267,2021-12-14,SESSAO EXTRAORDINARIA,PRESENCIAL,PTB,2
127099,267,2021-12-14,SESSAO EXTRAORDINARIA,PRESENCIAL,AVANTE,2
127100,267,2021-12-14,SESSAO EXTRAORDINARIA,PRESENCIAL,NOVO,2
127101,267,2021-12-14,SESSAO EXTRAORDINARIA,PRESENCIAL,REDE,2
127102,267,2021-12-14,SESSAO EXTRAORDINARIA,PRESENCIAL,REPUBLICANOS,2
127103,267,2021-12-14,SESSAO EXTRAORDINARIA,PRESENCIAL,PDT,2
127104,267,2021-12-14,SESSAO EXTRAORDINARIA,PRESENCIAL,MDB,2
127105,267,2021-12-14,SESSAO EXTRAORDINARIA,PRESENCIAL,AVANTE,2
127106,267,2021-12-14,SESSAO EXTRAORDINARIA,PRESENCIAL,PSD,1
127107,267,2021-12-14,SESSAO EXTRAORDINARIA,PRESENCIAL,PSB,2
127108,267,2021-12-14,SESSAO EXTRAORDINARIA,PRESENCIAL,PP,2
127109,268,2021-12-14,SESSAO ORDINARIA,PRESENCIAL,PL,1
127110,268,2021-12-14,SESSAO ORDINARIA,PRESENCIAL,PT,1
127111,268,2021-12-14,SESSAO ORDINARIA,PRESENCIAL,PT,1
127112,268,2021-12-14,SESSAO ORDINARIA,PRESENCIAL,PDT,1
127113,268,2021-12-14,SESSAO ORDINARIA,PRESENCIAL,REPUBLICANOS,1
127114,268,2021-12-14,SESSAO ORDINARIA,PRESENCIAL,DEM,1
127115,268,2021-12-14,SESSAO ORDINARIA,PRESENCIAL,PSOL,1
127116,268,2021-12-14,SESSAO ORDINARIA,PRESENCIAL,PROS,1
127117,268,2021-12-14,SESSAO ORDINARIA,PRESENCIAL,PSC,1
127118,268,2021-12-14,SESSAO ORDINARIA,PRESENCIAL,NOVO,1
127119,268,2021-12-14,SESSAO ORDINARIA,PRESENCIAL,REDE,1
127120,268,2021-12-14,SESSAO ORDINARIA,PRESENCIAL,REPUBLICANOS,1
127121,268,2021-12-14,SESSAO ORDINARIA,PRESENCIAL,MDB,1
127122,268,2021-12-14,SESSAO ORDINARIA,PRESENCIAL,AVANTE,1
127123,268,2021-12-14,SESSAO ORDINARIA,PRESENCIAL,PSD,1
127124,268,2021-12-14,SESSAO ORDINARIA,PRESENCIAL,PSB,1
127125,268,2021-12-14,SESSAO ORDINARIA,PRESENCIAL,PP,1
127126,269,2021-12-14,SESSAO EXTRAORDINARIA,PRESENCIAL,PL,1
127127,269,2021-12-14,SESSAO EXTRAORDINARIA,PRESENCIAL,PT,2
127128,269,2021-12-14,SESSAO EXTRAORDINARIA,PRESENCIAL,PT,1
127129,269,2021-12-14,SESSAO EXTRAORDINARIA,PRESENCIAL,PDT,2
127130,269,2021-12-14,SESSAO EXTRAORDINARIA,PRESENCIAL,REPUBLICANOS,2
127131,269,2021-12-14,SESSAO EXTRAORDINARIA,PRESENCIAL,DEM,1
127132,269,2021-12-14,SESSAO EXTRAORDINARIA,PRESENCIAL,PSOL,1
127133,269,2021-12-14,SESSAO EXTRAORDINARIA,PRESENCIAL,PROS,1
127134,269,2021-12-14,SESSAO EXTRAORDINARIA,PRESENCIAL,MDB,1
127135,269,2021-12-14,SESSAO EXTRAORDINARIA,PRESENCIAL,PSC,2
127136,269,2021-12-14,SESSAO EXTRAORDINARIA,PRESENCIAL,PTB,2
127137,269,2021-12-14,SESSAO EXTRAORDINARIA,PRESENCIAL,PODEMOS,1
127138,269,2021-12-14,SESSAO EXTRAORDINARIA,PRESENCIAL,PTB,1
127139,269,2021-12-14,SESSAO EXTRAORDINARIA,PRESENCIAL,AVANTE,1
127140,269,2021-12-14,SESSAO EXTRAORDINARIA,PRESENCIAL,NOVO,2
127141,269,2021-12-14,SESSAO EXTRAORDINARIA,PRESENCIAL,REDE,1
127142,269,2021-12-14,SESSAO EXTRAORDINARIA,PRESENCIAL,REPUBLICANOS,2
127143,269,2021-12-14,SESSAO EXTRAORDINARIA,PRESENCIAL,PDT,2
127144,269,2021-12-14,SESSAO EXTRAORDINARIA,PRESENCIAL,MDB,1
127145,269,2021-12-14,SESSAO EXTRAORDINARIA,PRESENCIAL,AVANTE,2
127146,269,2021-12-14,SESSAO EXTRAORDINARIA,PRESENCIAL,PSD,2
127147,269,2021-12-14,SESSAO EXTRAORDINARIA,PRESENCIAL,PSB,2
127148,269,2021-12-14,SESSAO EXTRAORDINARIA,PRESENCIAL,PP,1
127149,270,2021-12-14,SESSAO EXTRAORDINARIA,PRESENCIAL,PL,2
127150,270,2021-12-14,SESSAO EXTRAORDINARIA,PRESENCIAL,PT,2
127151,270,2021-12-14,SESSAO EXTRAORDINARIA,PRESENCIAL,PT,2
127152,270,2021-12-14,SESSAO EXTRAORDINARIA,PRESENCIAL,PDT,2
127153,270,2021-12-14,SESSAO EXTRAORDINARIA,PRESENCIAL,REPUBLICANOS,2
127154,270,2021-12-14,SESSAO EXTRAORDINARIA,PRESENCIAL,DEM,2
127155,270,2021-12-14,SESSAO EXTRAORDINARIA,PRESENCIAL,PSOL,2
127156,270,2021-12-14,SESSAO EXTRAORDINARIA,PRESENCIAL,PROS,2
127157,270,2021-12-14,SESSAO EXTRAORDINARIA,PRESENCIAL,MDB,2
127158,270,2021-12-14,SESSAO EXTRAORDINARIA,PRESENCIAL,PSC,2
127159,270,2021-12-14,SESSAO EXTRAORDINARIA,PRESENCIAL,PTB,1
127160,270,2021-12-14,SESSAO EXTRAORDINARIA,PRESENCIAL,PODEMOS,2
127161,270,2021-12-14,SESSAO EXTRAORDINARIA,PRESENCIAL,PTB,2
127162,270,2021-12-14,SESSAO EXTRAORDINARIA,PRESENCIAL,AVANTE,2
127163,270,2021-12-14,SESSAO EXTRAORDINARIA,PRESENCIAL,NOVO,3
127164,270,2021-12-14,SESSAO EXTRAORDINARIA,PRESENCIAL,REDE,2
127165,270,2021-12-14,SESSAO EXTRAORDINARIA,PRESENCIAL,REPUBLICANOS,2
127166,270,2021-12-14,SESSAO EXTRAORDINARIA,PRESENCIAL,PDT,1
127167,270,2021-12-14,SESSAO EXTRAORDINARIA,PRESENCIAL,MDB,2
127168,270,2021-12-14,SESSAO EXTRAORDINARIA,PRESENCIAL,AVANTE,2
127169,270,2021-12-14,SESSAO EXTRAORDINARIA,PRESENCIAL,PSD,3
127170,270,2021-12-14,SESSAO EXTRAORDINARIA,PRESENCIAL,PSB,3
127171,270,2021-12-14,SESSAO EXTRAORDINARIA,PRESENCIAL,PP,1
127172,271,2021-12-14,SESSAO EXTRAORDINARIA,PRESENCIAL,PL,1
127173,271,2021-12-14,SESSAO EXTRAORDINARIA,PRESENCIAL,PT,1
127174,271,2021-12-14,SESSAO EXTRAORDINARIA,PRESENCIAL,PT,1
127175,271,2021-12-14,SESSAO EXTRAORDINARIA,PRESENCIAL,PDT,1
127176,271,2021-12-14,SESSAO EXTRAORDINARIA,PRESENCIAL,DEM,2
127177,271,2021-12-14,SESSAO EXTRAORDINARIA,PRESENCIAL,PROS,1
127178,271,2021-12-14,SESSAO EXTRAORDINARIA,PRESENCIAL,MDB,1
127179,271,2021-12-14,SESSAO EXTRAORDINARIA,PRESENCIAL,PSC,1
127180,271,2021-12-14,SESSAO EXTRAORDINARIA,PRESENCIAL,PTB,1
127181,271,2021-12-14,SESSAO EXTRAORDINARIA,PRESENCIAL,PODEMOS,1
127182,271,2021-12-14,SESSAO EXTRAORDINARIA,PRESENCIAL,PTB,1
127183,271,2021-12-14,SESSAO EXTRAORDINARIA,PRESENCIAL,AVANTE,1
127184,271,2021-12-14,SESSAO EXTRAORDINARIA,PRESENCIAL,NOVO,1
127185,271,2021-12-14,SESSAO EXTRAORDINARIA,PRESENCIAL,REDE,2
127186,271,2021-12-14,SESSAO EXTRAORDINARIA,PRESENCIAL,PDT,1
127187,271,2021-12-14,SESSAO EXTRAORDINARIA,PRESENCIAL,MDB,1
127188,271,2021-12-14,SESSAO EXTRAORDINARIA,PRESENCIAL,AVANTE,1
127189,271,2021-12-14,SESSAO EXTRAORDINARIA,PRESENCIAL,PSD,1
127190,271,2021-12-14,SESSAO EXTRAORDINARIA,PRESENCIAL,PSB,1
127191,271,2021-12-14,SESSAO EXTRAORDINARIA,PRESENCIAL,PP,1
127192,272,2021-12-15,SESSAO ORDINARIA,PRESENCIAL,PDT,1
127193,272,2021-12-15,SESSAO ORDINARIA,PRESENCIAL,DEM,1
127194,272,2021-12-15,SESSAO ORDINARIA,PRESENCIAL,REPUBLICANOS,1
127195,273,2022-02-02,SESSAO ORDINARIA,PRESENCIAL,PL,1
127196,273,2022-02-02,SESSAO ORDINARIA,PRESENCIAL,PT,1
127197,273,2022-02-02,SESSAO ORDINARIA,PRESENCIAL,PT,1
127198,273,2022-02-02,SESSAO ORDINARIA,PRESENCIAL,PDT,1
127199,273,2022-02-02,SESSAO ORDINARIA,PRESENCIAL,PL,1
127200,273,2022-02-02,SESSAO ORDINARIA,PRESENCIAL,REPUBLICANOS,1
127201,273,2022-02-02,SESSAO ORDINARIA,PRESENCIAL,DEM,1
127202,273,2022-02-02,SESSAO ORDINARIA,PRESENCIAL,PSOL,1
127203,273,2022-02-02,SESSAO ORDINARIA,PRESENCIAL,PROS,1
127204,273,2022-02-02,SESSAO ORDINARIA,PRESENCIAL,PSC,1
127205,273,2022-02-02,SESSAO ORDINARIA,PRESENCIAL,PTB,1
127206,273,2022-02-02,SESSAO ORDINARIA,PRESENCIAL,AVANTE,1
127207,273,2022-02-02,SESSAO ORDINARIA,PRESENCIAL,NOVO,1
127208,273,2022-02-02,SESSAO ORDINARIA,PRESENCIAL,REDE,1
127209,273,2022-02-02,SESSAO ORDINARIA,PRESENCIAL,SD,1
127210,273,2022-02-02,SESSAO ORDINARIA,PRESENCIAL,PDT,1
127211,273,2022-02-02,SESSAO ORDINARIA,PRESENCIAL,MDB,1
127212,273,2022-02-02,SESSAO ORDINARIA,PRESENCIAL,AVANTE,1
127213,273,2022-02-02,SESSAO ORDINARIA,PRESENCIAL,PSD,1
127214,273,2022-02-02,SESSAO ORDINARIA,PRESENCIAL,PSB,1
127215,274,2022-02-03,SESSAO ORDINARIA,PRESENCIAL,PT,1
127216,274,2022-02-03,SESSAO ORDINARIA,PRESENCIAL,PT,1
127217,274,2022-02-03,SESSAO ORDINARIA,PRESENCIAL,REPUBLICANOS,1
127218,274,2022-02-03,SESSAO ORDINARIA,PRESENCIAL,PSOL,1
127219,274,2022-02-03,SESSAO ORDINARIA,PRESENCIAL,PTB,1
127220,274,2022-02-03,SESSAO ORDINARIA,PRESENCIAL,AVANTE,1
127221,274,2022-02-03,SESSAO ORDINARIA,PRESENCIAL,REDE,1
127222,274,2022-02-03,SESSAO ORDINARIA,PRESENCIAL,PDT,1
127223,274,2022-02-03,SESSAO ORDINARIA,PRESENCIAL,PSB,1
127224,275,2022-02-08,SESSAO ORDINARIA,PRESENCIAL,PL,2
127225,275,2022-02-08,SESSAO ORDINARIA,PRESENCIAL,PT,2
127226,275,2022-02-08,SESSAO ORDINARIA,PRESENCIAL,PT,2
127227,275,2022-02-08,SESSAO ORDINARIA,PRESENCIAL,PDT,2
127228,275,2022-02-08,SESSAO ORDINARIA,PRESENCIAL,PL,1
127229,275,2022-02-08,SESSAO ORDINARIA,PRESENCIAL,REPUBLICANOS,2
127230,275,2022-02-08,SESSAO ORDINARIA,PRESENCIAL,DEM,2
127231,275,2022-02-08,SESSAO ORDINARIA,PRESENCIAL,PSOL,2
127232,275,2022-02-08,SESSAO ORDINARIA,PRESENCIAL,PROS,3
127233,275,2022-02-08,SESSAO ORDINARIA,PRESENCIAL,MDB,1
127234,275,2022-02-08,SESSAO ORDINARIA,PRESENCIAL,PSC,2
127235,275,2022-02-08,SESSAO ORDINARIA,PRESENCIAL,PTB,2
127236,275,2022-02-08,SESSAO ORDINARIA,PRESENCIAL,AVANTE,1
127237,275,2022-02-08,SESSAO ORDINARIA,PRESENCIAL,NOVO,2
127238,275,2022-02-08,SESSAO ORDINARIA,PRESENCIAL,REDE,2
127239,275,2022-02-08,SESSAO ORDINARIA,PRESENCIAL,SD,3
127240,275,2022-02-08,SESSAO ORDINARIA,PRESENCIAL,PDT,2
127241,275,2022-02-08,SESSAO ORDINARIA,PRESENCIAL,MDB,1
127242,275,2022-02-08,SESSAO ORDINARIA,PRESENCIAL,AVANTE,2
127243,275,2022-02-08,SESSAO ORDINARIA,PRESENCIAL,PSD,1
127244,275,2022-02-08,SESSAO ORDINARIA,PRESENCIAL,PSB,1
127245,275,2022-02-08,SESSAO ORDINARIA,PRESENCIAL,PP,2
127246,276,2022-02-08,SESSAO EXTRAORDINARIA,PRESENCIAL,PL,1
127247,276,2022-02-08,SESSAO EXTRAORDINARIA,PRESENCIAL,PT,1
127248,276,2022-02-08,SESSAO EXTRAORDINARIA,PRESENCIAL,PT,1
127249,276,2022-02-08,SESSAO EXTRAORDINARIA,PRESENCIAL,REPUBLICANOS,1
127250,276,2022-02-08,SESSAO EXTRAORDINARIA,PRESENCIAL,DEM,1
127251,276,2022-02-08,SESSAO EXTRAORDINARIA,PRESENCIAL,PSOL,1
127252,276,2022-02-08,SESSAO EXTRAORDINARIA,PRESENCIAL,PROS,1
127253,276,2022-02-08,SESSAO EXTRAORDINARIA,PRESENCIAL,PSC,1
127254,276,2022-02-08,SESSAO EXTRAORDINARIA,PRESENCIAL,PTB,1
127255,276,2022-02-08,SESSAO EXTRAORDINARIA,PRESENCIAL,NOVO,1
127256,276,2022-02-08,SESSAO EXTRAORDINARIA,PRESENCIAL,REDE,1
127257,276,2022-02-08,SESSAO EXTRAORDINARIA,PRESENCIAL,SD,1
127258,276,2022-02-08,SESSAO EXTRAORDINARIA,PRESENCIAL,PDT,1
127259,276,2022-02-08,SESSAO EXTRAORDINARIA,PRESENCIAL,AVANTE,1
127260,276,2022-02-08,SESSAO EXTRAORDINARIA,PRESENCIAL,PSB,1
127261,276,2022-02-08,SESSAO EXTRAORDINARIA,PRESENCIAL,PP,1
127262,277,2022-02-08,SESSAO EXTRAORDINARIA,PRESENCIAL,PL,1
127263,277,2022-02-08,SESSAO EXTRAORDINARIA,PRESENCIAL,PT,1
127264,277,2022-02-08,SESSAO EXTRAORDINARIA,PRESENCIAL,PT,1
127265,277,2022-02-08,SESSAO EXTRAORDINARIA,PRESENCIAL,REPUBLICANOS,1
127266,277,2022-02-08,SESSAO EXTRAORDINARIA,PRESENCIAL,PSOL,1
127267,277,2022-02-08,SESSAO EXTRAORDINARIA,PRESENCIAL,PROS,1
127268,277,2022-02-08,SESSAO EXTRAORDINARIA,PRESENCIAL,PSC,1
127269,277,2022-02-08,SESSAO EXTRAORDINARIA,PRESENCIAL,PTB,1
127270,277,2022-02-08,SESSAO EXTRAORDINARIA,PRESENCIAL,NOVO,1
127271,277,2022-02-08,SESSAO EXTRAORDINARIA,PRESENCIAL,REDE,1
127272,277,2022-02-08,SESSAO EXTRAORDINARIA,PRESENCIAL,SD,1
127273,277,2022-02-08,SESSAO EXTRAORDINARIA,PRESENCIAL,PDT,1
127274,277,2022-02-08,SESSAO EXTRAORDINARIA,PRESENCIAL,AVANTE,1
127275,277,2022-02-08,SESSAO EXTRAORDINARIA,PRESENCIAL,PSB,1
127276,277,2022-02-08,SESSAO EXTRAORDINARIA,PRESENCIAL,PP,1
127277,278,2022-02-09,SESSAO ORDINARIA,PRESENCIAL,PL,1
127278,278,2022-02-09,SESSAO ORDINARIA,PRESENCIAL,PT,1
127279,278,2022-02-09,SESSAO ORDINARIA,PRESENCIAL,PT,1
127280,278,2022-02-09,SESSAO ORDINARIA,PRESENCIAL,REPUBLICANOS,1
127281,278,2022-02-09,SESSAO ORDINARIA,PRESENCIAL,DEM,1
127282,278,2022-02-09,SESSAO ORDINARIA,PRESENCIAL,PSOL,1
127283,278,2022-02-09,SESSAO ORDINARIA,PRESENCIAL,PROS,1
127284,278,2022-02-09,SESSAO ORDINARIA,PRESENCIAL,PSC,1
127285,278,2022-02-09,SESSAO ORDINARIA,PRESENCIAL,PTB,1
127286,278,2022-02-09,SESSAO ORDINARIA,PRESENCIAL,AVANTE,1
127287,278,2022-02-09,SESSAO ORDINARIA,PRESENCIAL,NOVO,1
127288,278,2022-02-09,SESSAO ORDINARIA,PRESENCIAL,REDE,1
127289,278,2022-02-09,SESSAO ORDINARIA,PRESENCIAL,SD,1
127290,278,2022-02-09,SESSAO ORDINARIA,PRESENCIAL,PDT,1
127291,278,2022-02-09,SESSAO ORDINARIA,PRESENCIAL,MDB,1
127292,278,2022-02-09,SESSAO ORDINARIA,PRESENCIAL,AVANTE,1
127293,278,2022-02-09,SESSAO ORDINARIA,PRESENCIAL,PSB,1
127294,278,2022-02-09,SESSAO ORDINARIA,PRESENCIAL,PP,1
127295,279,2022-02-10,SESSAO ORDINARIA,PRESENCIAL,PL,1
127296,279,2022-02-10,SESSAO ORDINARIA,PRESENCIAL,PT,1
127297,279,2022-02-10,SESSAO ORDINARIA,PRESENCIAL,PT,1
127298,279,2022-02-10,SESSAO ORDINARIA,PRESENCIAL,DEM,1
127299,279,2022-02-10,SESSAO ORDINARIA,PRESENCIAL,PSOL,1
127300,279,2022-02-10,SESSAO ORDINARIA,PRESENCIAL,PROS,1
127301,279,2022-02-10,SESSAO ORDINARIA,PRESENCIAL,AVANTE,1
127302,279,2022-02-10,SESSAO ORDINARIA,PRESENCIAL,NOVO,1
127303,279,2022-02-10,SESSAO ORDINARIA,PRESENCIAL,REDE,1
127304,279,2022-02-10,SESSAO ORDINARIA,PRESENCIAL,SD,1
127305,279,2022-02-10,SESSAO ORDINARIA,PRESENCIAL,PDT,1
127306,279,2022-02-10,SESSAO ORDINARIA,PRESENCIAL,AVANTE,1
127307,279,2022-02-10,SESSAO ORDINARIA,PRESENCIAL,PSD,1
127308,279,2022-02-10,SESSAO ORDINARIA,PRESENCIAL,PSB,1
127309,280,2022-02-15,SESSAO ORDINARIA,PRESENCIAL,PL,1
127310,280,2022-02-15,SESSAO ORDINARIA,PRESENCIAL,PT,1
127311,280,2022-02-15,SESSAO ORDINARIA,PRESENCIAL,PT,1
127312,280,2022-02-15,SESSAO ORDINARIA,PRESENCIAL,PDT,1
127313,280,2022-02-15,SESSAO ORDINARIA,PRESENCIAL,PL,1
127314,280,2022-02-15,SESSAO ORDINARIA,PRESENCIAL,REPUBLICANOS,1
127315,280,2022-02-15,SESSAO ORDINARIA,PRESENCIAL,DEM,1
127316,280,2022-02-15,SESSAO ORDINARIA,PRESENCIAL,PSOL,1
127317,280,2022-02-15,SESSAO ORDINARIA,PRESENCIAL,PROS,1
127318,280,2022-02-15,SESSAO ORDINARIA,PRESENCIAL,MDB,2
127319,280,2022-02-15,SESSAO ORDINARIA,PRESENCIAL,PSC,1
127320,280,2022-02-15,SESSAO ORDINARIA,PRESENCIAL,PTB,1
127321,280,2022-02-15,SESSAO ORDINARIA,PRESENCIAL,PODEMOS,1
127322,280,2022-02-15,SESSAO ORDINARIA,PRESENCIAL,NOVO,1
127323,280,2022-02-15,SESSAO ORDINARIA,PRESENCIAL,REDE,1
127324,280,2022-02-15,SESSAO ORDINARIA,PRESENCIAL,SD,1
127325,280,2022-02-15,SESSAO ORDINARIA,PRESENCIAL,PDT,1
127326,280,2022-02-15,SESSAO ORDINARIA,PRESENCIAL,MDB,1
127327,280,2022-02-15,SESSAO ORDINARIA,PRESENCIAL,AVANTE,1
127328,280,2022-02-15,SESSAO ORDINARIA,PRESENCIAL,PSD,1
127329,280,2022-02-15,SESSAO ORDINARIA,PRESENCIAL,PSB,1
127330,280,2022-02-15,SESSAO ORDINARIA,PRESENCIAL,PP,1
127331,281,2022-02-15,SESSAO EXTRAORDINARIA,PRESENCIAL,PL,1
127332,281,2022-02-15,SESSAO EXTRAORDINARIA,PRESENCIAL,PT,1
127333,281,2022-02-15,SESSAO EXTRAORDINARIA,PRESENCIAL,PT,1
127334,281,2022-02-15,SESSAO EXTRAORDINARIA,PRESENCIAL,PDT,2
127335,281,2022-02-15,SESSAO EXTRAORDINARIA,PRESENCIAL,PL,1
127336,281,2022-02-15,SESSAO EXTRAORDINARIA,PRESENCIAL,REPUBLICANOS,1
127337,281,2022-02-15,SESSAO EXTRAORDINARIA,PRESENCIAL,DEM,1
127338,281,2022-02-15,SESSAO EXTRAORDINARIA,PRESENCIAL,PSOL,1
127339,281,2022-02-15,SESSAO EXTRAORDINARIA,PRESENCIAL,PROS,1
127340,281,2022-02-15,SESSAO EXTRAORDINARIA,PRESENCIAL,MDB,2
127341,281,2022-02-15,SESSAO EXTRAORDINARIA,PRESENCIAL,PSC,1
127342,281,2022-02-15,SESSAO EXTRAORDINARIA,PRESENCIAL,PTB,1
127343,281,2022-02-15,SESSAO EXTRAORDINARIA,PRESENCIAL,PODEMOS,1
127344,281,2022-02-15,SESSAO EXTRAORDINARIA,PRESENCIAL,NOVO,1
127345,281,2022-02-15,SESSAO EXTRAORDINARIA,PRESENCIAL,REDE,1
127346,281,2022-02-15,SESSAO EXTRAORDINARIA,PRESENCIAL,SD,1
127347,281,2022-02-15,SESSAO EXTRAORDINARIA,PRESENCIAL,PDT,1
127348,281,2022-02-15,SESSAO EXTRAORDINARIA,PRESENCIAL,MDB,1
127349,281,2022-02-15,SESSAO EXTRAORDINARIA,PRESENCIAL,AVANTE,1
127350,281,2022-02-15,SESSAO EXTRAORDINARIA,PRESENCIAL,PSD,1
127351,281,2022-02-15,SESSAO EXTRAORDINARIA,PRESENCIAL,PSB,1
127352,281,2022-02-15,SESSAO EXTRAORDINARIA,PRESENCIAL,PP,1
127353,282,2022-02-16,SESSAO ORDINARIA,PRESENCIAL,PL,1
127354,282,2022-02-16,SESSAO ORDINARIA,PRESENCIAL,PT,1
127355,282,2022-02-16,SESSAO ORDINARIA,PRESENCIAL,PT,1
127356,282,2022-02-16,SESSAO ORDINARIA,PRESENCIAL,PDT,1
127357,282,2022-02-16,SESSAO ORDINARIA,PRESENCIAL,REPUBLICANOS,1
127358,282,2022-02-16,SESSAO ORDINARIA,PRESENCIAL,DEM,1
127359,282,2022-02-16,SESSAO ORDINARIA,PRESENCIAL,PSOL,1
127360,282,2022-02-16,SESSAO ORDINARIA,PRESENCIAL,PROS,1
127361,282,2022-02-16,SESSAO ORDINARIA,PRESENCIAL,MDB,1
127362,282,2022-02-16,SESSAO ORDINARIA,PRESENCIAL,PSC,1
127363,282,2022-02-16,SESSAO ORDINARIA,PRESENCIAL,PTB,1
127364,282,2022-02-16,SESSAO ORDINARIA,PRESENCIAL,NOVO,1
127365,282,2022-02-16,SESSAO ORDINARIA,PRESENCIAL,REDE,1
127366,282,2022-02-16,SESSAO ORDINARIA,PRESENCIAL,SD,1
127367,282,2022-02-16,SESSAO ORDINARIA,PRESENCIAL,PDT,1
127368,282,2022-02-16,SESSAO ORDINARIA,PRESENCIAL,MDB,1
127369,282,2022-02-16,SESSAO ORDINARIA,PRESENCIAL,AVANTE,1
127370,282,2022-02-16,SESSAO ORDINARIA,PRESENCIAL,PSD,1
127371,282,2022-02-16,SESSAO ORDINARIA,PRESENCIAL,PSB,1
127372,283,2022-02-16,SESSAO EXTRAORDINARIA,PRESENCIAL,PL,1
127373,283,2022-02-16,SESSAO EXTRAORDINARIA,PRESENCIAL,PT,1
127374,283,2022-02-16,SESSAO EXTRAORDINARIA,PRESENCIAL,PT,1
127375,283,2022-02-16,SESSAO EXTRAORDINARIA,PRESENCIAL,PDT,1
127376,283,2022-02-16,SESSAO EXTRAORDINARIA,PRESENCIAL,REPUBLICANOS,1
127377,283,2022-02-16,SESSAO EXTRAORDINARIA,PRESENCIAL,DEM,1
127378,283,2022-02-16,SESSAO EXTRAORDINARIA,PRESENCIAL,PSOL,2
127379,283,2022-02-16,SESSAO EXTRAORDINARIA,PRESENCIAL,PROS,1
127380,283,2022-02-16,SESSAO EXTRAORDINARIA,PRESENCIAL,MDB,1
127381,283,2022-02-16,SESSAO EXTRAORDINARIA,PRESENCIAL,PSC,1
127382,283,2022-02-16,SESSAO EXTRAORDINARIA,PRESENCIAL,PTB,1
127383,283,2022-02-16,SESSAO EXTRAORDINARIA,PRESENCIAL,PODEMOS,1
127384,283,2022-02-16,SESSAO EXTRAORDINARIA,PRESENCIAL,NOVO,1
127385,283,2022-02-16,SESSAO EXTRAORDINARIA,PRESENCIAL,REDE,1
127386,283,2022-02-16,SESSAO EXTRAORDINARIA,PRESENCIAL,SD,1
127387,283,2022-02-16,SESSAO EXTRAORDINARIA,PRESENCIAL,PDT,1
127388,283,2022-02-16,SESSAO EXTRAORDINARIA,PRESENCIAL,MDB,1
127389,283,2022-02-16,SESSAO EXTRAORDINARIA,PRESENCIAL,PSB,1
127390,283,2022-02-16,SESSAO EXTRAORDINARIA,PRESENCIAL,PP,2
127391,284,2022-02-17,SESSAO ORDINARIA,PRESENCIAL,PT,1
127392,284,2022-02-17,SESSAO ORDINARIA,PRESENCIAL,PT,1
127393,284,2022-02-17,SESSAO ORDINARIA,PRESENCIAL,DEM,1
127394,284,2022-02-17,SESSAO ORDINARIA,PRESENCIAL,NOVO,1
127395,284,2022-02-17,SESSAO ORDINARIA,PRESENCIAL,SD,1
127396,284,2022-02-17,SESSAO ORDINARIA,PRESENCIAL,PDT,1
127397,284,2022-02-17,SESSAO ORDINARIA,PRESENCIAL,AVANTE,1
127398,284,2022-02-17,SESSAO ORDINARIA,PRESENCIAL,PSD,1
127399,285,2022-02-22,SESSAO ORDINARIA,PRESENCIAL,PL,1
127400,285,2022-02-22,SESSAO ORDINARIA,PRESENCIAL,PT,1
127401,285,2022-02-22,SESSAO ORDINARIA,PRESENCIAL,PT,1
127402,285,2022-02-22,SESSAO ORDINARIA,PRESENCIAL,PL,1
127403,285,2022-02-22,SESSAO ORDINARIA,PRESENCIAL,REPUBLICANOS,1
127404,285,2022-02-22,SESSAO ORDINARIA,PRESENCIAL,DEM,1
127405,285,2022-02-22,SESSAO ORDINARIA,PRESENCIAL,PSOL,1
127406,285,2022-02-22,SESSAO ORDINARIA,PRESENCIAL,PROS,1
127407,285,2022-02-22,SESSAO ORDINARIA,PRESENCIAL,MDB,1
127408,285,2022-02-22,SESSAO ORDINARIA,PRESENCIAL,PSC,1
127409,285,2022-02-22,SESSAO ORDINARIA,PRESENCIAL,PTB,1
127410,285,2022-02-22,SESSAO ORDINARIA,PRESENCIAL,PODEMOS,2
127411,285,2022-02-22,SESSAO ORDINARIA,PRESENCIAL,AVANTE,3
127412,285,2022-02-22,SESSAO ORDINARIA,PRESENCIAL,NOVO,1
127413,285,2022-02-22,SESSAO ORDINARIA,PRESENCIAL,REDE,1
127414,285,2022-02-22,SESSAO ORDINARIA,PRESENCIAL,SD,1
127415,285,2022-02-22,SESSAO ORDINARIA,PRESENCIAL,PDT,1
127416,285,2022-02-22,SESSAO ORDINARIA,PRESENCIAL,MDB,1
127417,285,2022-02-22,SESSAO ORDINARIA,PRESENCIAL,AVANTE,1
127418,285,2022-02-22,SESSAO ORDINARIA,PRESENCIAL,PSD,1
127419,285,2022-02-22,SESSAO ORDINARIA,PRESENCIAL,PSB,1
127420,285,2022-02-22,SESSAO ORDINARIA,PRESENCIAL,PP,2
127421,286,2022-02-22,SESSAO EXTRAORDINARIA,PRESENCIAL,PL,1
127422,286,2022-02-22,SESSAO EXTRAORDINARIA,PRESENCIAL,PT,2
127423,286,2022-02-22,SESSAO EXTRAORDINARIA,PRESENCIAL,PT,2
127424,286,2022-02-22,SESSAO EXTRAORDINARIA,PRESENCIAL,REPUBLICANOS,2
127425,286,2022-02-22,SESSAO EXTRAORDINARIA,PRESENCIAL,DEM,2
127426,286,2022-02-22,SESSAO EXTRAORDINARIA,PRESENCIAL,PSOL,2
127427,286,2022-02-22,SESSAO EXTRAORDINARIA,PRESENCIAL,PROS,1
127428,286,2022-02-22,SESSAO EXTRAORDINARIA,PRESENCIAL,MDB,1
127429,286,2022-02-22,SESSAO EXTRAORDINARIA,PRESENCIAL,PSC,2
127430,286,2022-02-22,SESSAO EXTRAORDINARIA,PRESENCIAL,PTB,1
127431,286,2022-02-22,SESSAO EXTRAORDINARIA,PRESENCIAL,PODEMOS,1
127432,286,2022-02-22,SESSAO EXTRAORDINARIA,PRESENCIAL,AVANTE,2
127433,286,2022-02-22,SESSAO EXTRAORDINARIA,PRESENCIAL,NOVO,1
127434,286,2022-02-22,SESSAO EXTRAORDINARIA,PRESENCIAL,REDE,2
127435,286,2022-02-22,SESSAO EXTRAORDINARIA,PRESENCIAL,SD,2
127436,286,2022-02-22,SESSAO EXTRAORDINARIA,PRESENCIAL,PDT,2
127437,286,2022-02-22,SESSAO EXTRAORDINARIA,PRESENCIAL,MDB,1
127438,286,2022-02-22,SESSAO EXTRAORDINARIA,PRESENCIAL,AVANTE,2
127439,286,2022-02-22,SESSAO EXTRAORDINARIA,PRESENCIAL,PSD,1
127440,286,2022-02-22,SESSAO EXTRAORDINARIA,PRESENCIAL,PSB,1
127441,287,2022-02-23,SESSAO ORDINARIA,PRESENCIAL,PL,1
127442,287,2022-02-23,SESSAO ORDINARIA,PRESENCIAL,PT,1
127443,287,2022-02-23,SESSAO ORDINARIA,PRESENCIAL,PT,1
127444,287,2022-02-23,SESSAO ORDINARIA,PRESENCIAL,REPUBLICANOS,1
127445,287,2022-02-23,SESSAO ORDINARIA,PRESENCIAL,DEM,1
127446,287,2022-02-23,SESSAO ORDINARIA,PRESENCIAL,PSOL,1
127447,287,2022-02-23,SESSAO ORDINARIA,PRESENCIAL,PROS,1
127448,287,2022-02-23,SESSAO ORDINARIA,PRESENCIAL,PSC,1
127449,287,2022-02-23,SESSAO ORDINARIA,PRESENCIAL,PTB,1
127450,287,2022-02-23,SESSAO ORDINARIA,PRESENCIAL,PODEMOS,1
127451,287,2022-02-23,SESSAO ORDINARIA,PRESENCIAL,AVANTE,1
127452,287,2022-02-23,SESSAO ORDINARIA,PRESENCIAL,NOVO,1
127453,287,2022-02-23,SESSAO ORDINARIA,PRESENCIAL,SD,1
127454,287,2022-02-23,SESSAO ORDINARIA,PRESENCIAL,PDT,1
127455,287,2022-02-23,SESSAO ORDINARIA,PRESENCIAL,MDB,1
127456,287,2022-02-23,SESSAO ORDINARIA,PRESENCIAL,AVANTE,1
127457,287,2022-02-23,SESSAO ORDINARIA,PRESENCIAL,PSD,1
127458,287,2022-02-23,SESSAO ORDINARIA,PRESENCIAL,PP,1
127459,288,2022-03-08,SESSAO EXTRAORDINARIA,PRESENCIAL,PL,1
127460,288,2022-03-08,SESSAO EXTRAORDINARIA,PRESENCIAL,PT,1
127461,288,2022-03-08,SESSAO EXTRAORDINARIA,PRESENCIAL,PDT,1
127462,288,2022-03-08,SESSAO EXTRAORDINARIA,PRESENCIAL,PL,1
127463,288,2022-03-08,SESSAO EXTRAORDINARIA,PRESENCIAL,REPUBLICANOS,1
127464,288,2022-03-08,SESSAO EXTRAORDINARIA,PRESENCIAL,DEM,1
127465,288,2022-03-08,SESSAO EXTRAORDINARIA,PRESENCIAL,PSOL,1
127466,288,2022-03-08,SESSAO EXTRAORDINARIA,PRESENCIAL,PROS,2
127467,288,2022-03-08,SESSAO EXTRAORDINARIA,PRESENCIAL,MDB,1
127468,288,2022-03-08,SESSAO EXTRAORDINARIA,PRESENCIAL,PSC,1
127469,288,2022-03-08,SESSAO EXTRAORDINARIA,PRESENCIAL,PTB,1
127470,288,2022-03-08,SESSAO EXTRAORDINARIA,PRESENCIAL,PODEMOS,1
127471,288,2022-03-08,SESSAO EXTRAORDINARIA,PRESENCIAL,AVANTE,1
127472,288,2022-03-08,SESSAO EXTRAORDINARIA,PRESENCIAL,NOVO,1
127473,288,2022-03-08,SESSAO EXTRAORDINARIA,PRESENCIAL,SD,1
127474,288,2022-03-08,SESSAO EXTRAORDINARIA,PRESENCIAL,PDT,1
127475,288,2022-03-08,SESSAO EXTRAORDINARIA,PRESENCIAL,MDB,1
127476,288,2022-03-08,SESSAO EXTRAORDINARIA,PRESENCIAL,PSD,1
127477,288,2022-03-08,SESSAO EXTRAORDINARIA,PRESENCIAL,PP,1
127478,289,2022-02-24,SESSAO ORDINARIA,PRESENCIAL,PT,1
127479,289,2022-02-24,SESSAO ORDINARIA,PRESENCIAL,DEM,1
127480,289,2022-02-24,SESSAO ORDINARIA,PRESENCIAL,AVANTE,1
127481,289,2022-02-24,SESSAO ORDINARIA,PRESENCIAL,REDE,1
127482,289,2022-02-24,SESSAO ORDINARIA,PRESENCIAL,PDT,1
127483,289,2022-02-24,SESSAO ORDINARIA,PRESENCIAL,AVANTE,1
127484,289,2022-02-24,SESSAO ORDINARIA,PRESENCIAL,PP,1
127485,290,2022-03-03,SESSAO ORDINARIA,PRESENCIAL,PL,1
127486,290,2022-03-03,SESSAO ORDINARIA,PRESENCIAL,PT,1
127487,290,2022-03-03,SESSAO ORDINARIA,PRESENCIAL,REPUBLICANOS,1
127488,290,2022-03-03,SESSAO ORDINARIA,PRESENCIAL,PSOL,1
127489,290,2022-03-03,SESSAO ORDINARIA,PRESENCIAL,PROS,1
127490,290,2022-03-03,SESSAO ORDINARIA,PRESENCIAL,PTB,1
127491,290,2022-03-03,SESSAO ORDINARIA,PRESENCIAL,PODEMOS,1
127492,290,2022-03-03,SESSAO ORDINARIA,PRESENCIAL,AVANTE,1
127493,290,2022-03-03,SESSAO ORDINARIA,PRESENCIAL,REDE,1
127494,290,2022-03-03,SESSAO ORDINARIA,PRESENCIAL,SD,1
127495,290,2022-03-03,SESSAO ORDINARIA,PRESENCIAL,PDT,1
127496,290,2022-03-03,SESSAO ORDINARIA,PRESENCIAL,PSB,1
127497,291,2022-03-08,SESSAO ORDINARIA,PRESENCIAL,PL,1
127498,291,2022-03-08,SESSAO ORDINARIA,PRESENCIAL,PT,1
127499,291,2022-03-08,SESSAO ORDINARIA,PRESENCIAL,PT,1
127500,291,2022-03-08,SESSAO ORDINARIA,PRESENCIAL,PDT,1
127501,291,2022-03-08,SESSAO ORDINARIA,PRESENCIAL,PL,1
127502,291,2022-03-08,SESSAO ORDINARIA,PRESENCIAL,REPUBLICANOS,1
127503,291,2022-03-08,SESSAO ORDINARIA,PRESENCIAL,DEM,1
127504,291,2022-03-08,SESSAO ORDINARIA,PRESENCIAL,PSOL,1
127505,291,2022-03-08,SESSAO ORDINARIA,PRESENCIAL,PROS,1
127506,291,2022-03-08,SESSAO ORDINARIA,PRESENCIAL,MDB,1
127507,291,2022-03-08,SESSAO ORDINARIA,PRESENCIAL,PSC,1
127508,291,2022-03-08,SESSAO ORDINARIA,PRESENCIAL,PTB,1
127509,291,2022-03-08,SESSAO ORDINARIA,PRESENCIAL,PODEMOS,1
127510,291,2022-03-08,SESSAO ORDINARIA,PRESENCIAL,PTB,1
127511,291,2022-03-08,SESSAO ORDINARIA,PRESENCIAL,AVANTE,1
127512,291,2022-03-08,SESSAO ORDINARIA,PRESENCIAL,NOVO,1
127513,291,2022-03-08,SESSAO ORDINARIA,PRESENCIAL,NÃO INFORMADO,1
127514,291,2022-03-08,SESSAO ORDINARIA,PRESENCIAL,SD,1
127515,291,2022-03-08,SESSAO ORDINARIA,PRESENCIAL,PDT,1
127516,291,2022-03-08,SESSAO ORDINARIA,PRESENCIAL,MDB,1
127517,291,2022-03-08,SESSAO ORDINARIA,PRESENCIAL,AVANTE,1
127518,291,2022-03-08,SESSAO ORDINARIA,PRESENCIAL,PSD,1
127519,291,2022-03-08,SESSAO ORDINARIA,PRESENCIAL,PL,1
127520,291,2022-03-08,SESSAO ORDINARIA,PRESENCIAL,PP,1
127521,292,2022-03-09,SESSAO ORDINARIA,PRESENCIAL,PL,2
127522,292,2022-03-09,SESSAO ORDINARIA,PRESENCIAL,PT,1
127523,292,2022-03-09,SESSAO ORDINARIA,PRESENCIAL,PT,2
127524,292,2022-03-09,SESSAO ORDINARIA,PRESENCIAL,PDT,1
127525,292,2022-03-09,SESSAO ORDINARIA,PRESENCIAL,REPUBLICANOS,1
127526,292,2022-03-09,SESSAO ORDINARIA,PRESENCIAL,DEM,1
127527,292,2022-03-09,SESSAO ORDINARIA,PRESENCIAL,MDB,1
127528,292,2022-03-09,SESSAO ORDINARIA,PRESENCIAL,NÃO INFORMADO,2
127529,292,2022-03-09,SESSAO ORDINARIA,PRESENCIAL,PTB,1
127530,292,2022-03-09,SESSAO ORDINARIA,PRESENCIAL,PODEMOS,1
127531,292,2022-03-09,SESSAO ORDINARIA,PRESENCIAL,AVANTE,2
127532,292,2022-03-09,SESSAO ORDINARIA,PRESENCIAL,NOVO,1
127533,292,2022-03-09,SESSAO ORDINARIA,PRESENCIAL,PV,2
127534,292,2022-03-09,SESSAO ORDINARIA,PRESENCIAL,SD,1
127535,292,2022-03-09,SESSAO ORDINARIA,PRESENCIAL,PDT,2
127536,292,2022-03-09,SESSAO ORDINARIA,PRESENCIAL,MDB,1
127537,292,2022-03-09,SESSAO ORDINARIA,PRESENCIAL,AVANTE,1
127538,292,2022-03-09,SESSAO ORDINARIA,PRESENCIAL,PSD,1
127539,292,2022-03-09,SESSAO ORDINARIA,PRESENCIAL,PP,1
127540,293,2022-03-09,SESSAO EXTRAORDINARIA,PRESENCIAL,PL,1
127541,293,2022-03-09,SESSAO EXTRAORDINARIA,PRESENCIAL,PT,1
127542,293,2022-03-09,SESSAO EXTRAORDINARIA,PRESENCIAL,PDT,1
127543,293,2022-03-09,SESSAO EXTRAORDINARIA,PRESENCIAL,REPUBLICANOS,1
127544,293,2022-03-09,SESSAO EXTRAORDINARIA,PRESENCIAL,DEM,1
127545,293,2022-03-09,SESSAO EXTRAORDINARIA,PRESENCIAL,MDB,1
127546,293,2022-03-09,SESSAO EXTRAORDINARIA,PRESENCIAL,NÃO INFORMADO,1
127547,293,2022-03-09,SESSAO EXTRAORDINARIA,PRESENCIAL,PTB,1
127548,293,2022-03-09,SESSAO EXTRAORDINARIA,PRESENCIAL,PODEMOS,1
127549,293,2022-03-09,SESSAO EXTRAORDINARIA,PRESENCIAL,AVANTE,1
127550,293,2022-03-09,SESSAO EXTRAORDINARIA,PRESENCIAL,PV,1
127551,293,2022-03-09,SESSAO EXTRAORDINARIA,PRESENCIAL,SD,1
127552,293,2022-03-09,SESSAO EXTRAORDINARIA,PRESENCIAL,PDT,1
127553,293,2022-03-09,SESSAO EXTRAORDINARIA,PRESENCIAL,PP,1
127554,294,2022-03-10,SESSAO ORDINARIA,PRESENCIAL,PL,1
127555,294,2022-03-10,SESSAO ORDINARIA,PRESENCIAL,PT,1
127556,294,2022-03-10,SESSAO ORDINARIA,PRESENCIAL,PT,1
127557,294,2022-03-10,SESSAO ORDINARIA,PRESENCIAL,DEM,1
127558,294,2022-03-10,SESSAO ORDINARIA,PRESENCIAL,PSOL,1
127559,294,2022-03-10,SESSAO ORDINARIA,PRESENCIAL,SD,1
127560,294,2022-03-10,SESSAO ORDINARIA,PRESENCIAL,PDT,1
127561,294,2022-03-10,SESSAO ORDINARIA,PRESENCIAL,MDB,1
127562,294,2022-03-10,SESSAO ORDINARIA,PRESENCIAL,AVANTE,1
127563,294,2022-03-10,SESSAO ORDINARIA,PRESENCIAL,PSD,1
127564,294,2022-03-10,SESSAO ORDINARIA,PRESENCIAL,PL,1
127565,294,2022-03-10,SESSAO ORDINARIA,PRESENCIAL,PP,1
127566,295,2022-03-15,SESSAO EXTRAORDINARIA,PRESENCIAL,PL,1
127567,295,2022-03-15,SESSAO EXTRAORDINARIA,PRESENCIAL,PT,2
127568,295,2022-03-15,SESSAO EXTRAORDINARIA,PRESENCIAL,PT,2
127569,295,2022-03-15,SESSAO EXTRAORDINARIA,PRESENCIAL,PDT,1
127570,295,2022-03-15,SESSAO EXTRAORDINARIA,PRESENCIAL,PL,1
127571,295,2022-03-15,SESSAO EXTRAORDINARIA,PRESENCIAL,REPUBLICANOS,1
127572,295,2022-03-15,SESSAO EXTRAORDINARIA,PRESENCIAL,DEM,2
127573,295,2022-03-15,SESSAO EXTRAORDINARIA,PRESENCIAL,PSOL,2
127574,295,2022-03-15,SESSAO EXTRAORDINARIA,PRESENCIAL,MDB,1
127575,295,2022-03-15,SESSAO EXTRAORDINARIA,PRESENCIAL,MDB,2
127576,295,2022-03-15,SESSAO EXTRAORDINARIA,PRESENCIAL,PTB,1
127577,295,2022-03-15,SESSAO EXTRAORDINARIA,PRESENCIAL,PODEMOS,1
127578,295,2022-03-15,SESSAO EXTRAORDINARIA,PRESENCIAL,NÃO INFORMADO,1
127579,295,2022-03-15,SESSAO EXTRAORDINARIA,PRESENCIAL,PV,2
127580,295,2022-03-15,SESSAO EXTRAORDINARIA,PRESENCIAL,REPUBLICANOS,2
127581,295,2022-03-15,SESSAO EXTRAORDINARIA,PRESENCIAL,PDT,1
127582,295,2022-03-15,SESSAO EXTRAORDINARIA,PRESENCIAL,MDB,1
127583,295,2022-03-15,SESSAO EXTRAORDINARIA,PRESENCIAL,AVANTE,2
127584,295,2022-03-15,SESSAO EXTRAORDINARIA,PRESENCIAL,PSD,1
127585,295,2022-03-15,SESSAO EXTRAORDINARIA,PRESENCIAL,PROS,2
127586,296,2022-03-23,SESSAO EXTRAORDINARIA,PRESENCIAL,PL,1
127587,296,2022-03-23,SESSAO EXTRAORDINARIA,PRESENCIAL,PT,1
127588,296,2022-03-23,SESSAO EXTRAORDINARIA,PRESENCIAL,PT,1
127589,296,2022-03-23,SESSAO EXTRAORDINARIA,PRESENCIAL,REPUBLICANOS,1
127590,296,2022-03-23,SESSAO EXTRAORDINARIA,PRESENCIAL,DEM,1
127591,296,2022-03-23,SESSAO EXTRAORDINARIA,PRESENCIAL,MDB,1
127592,296,2022-03-23,SESSAO EXTRAORDINARIA,PRESENCIAL,PTB,1
127593,296,2022-03-23,SESSAO EXTRAORDINARIA,PRESENCIAL,PODEMOS,1
127594,296,2022-03-23,SESSAO EXTRAORDINARIA,PRESENCIAL,AVANTE,1
127595,296,2022-03-23,SESSAO EXTRAORDINARIA,PRESENCIAL,NÃO INFORMADO,1
127596,296,2022-03-23,SESSAO EXTRAORDINARIA,PRESENCIAL,REPUBLICANOS,1
127597,296,2022-03-23,SESSAO EXTRAORDINARIA,PRESENCIAL,PDT,1
127598,296,2022-03-23,SESSAO EXTRAORDINARIA,PRESENCIAL,MDB,1
127599,296,2022-03-23,SESSAO EXTRAORDINARIA,PRESENCIAL,NÃO INFORMADO,1
127600,296,2022-03-23,SESSAO EXTRAORDINARIA,PRESENCIAL,PROS,1
127601,296,2022-03-23,SESSAO EXTRAORDINARIA,PRESENCIAL,PP,1
127602,297,2022-03-15,SESSAO ORDINARIA,PRESENCIAL,PL,1
127603,297,2022-03-15,SESSAO ORDINARIA,PRESENCIAL,PT,1
127604,297,2022-03-15,SESSAO ORDINARIA,PRESENCIAL,PT,1
127605,297,2022-03-15,SESSAO ORDINARIA,PRESENCIAL,PDT,1
127606,297,2022-03-15,SESSAO ORDINARIA,PRESENCIAL,PL,1
127607,297,2022-03-15,SESSAO ORDINARIA,PRESENCIAL,REPUBLICANOS,1
127608,297,2022-03-15,SESSAO ORDINARIA,PRESENCIAL,DEM,1
127609,297,2022-03-15,SESSAO ORDINARIA,PRESENCIAL,PSOL,1
127610,297,2022-03-15,SESSAO ORDINARIA,PRESENCIAL,MDB,1
127611,297,2022-03-15,SESSAO ORDINARIA,PRESENCIAL,MDB,1
127612,297,2022-03-15,SESSAO ORDINARIA,PRESENCIAL,PTB,1
127613,297,2022-03-15,SESSAO ORDINARIA,PRESENCIAL,PTB,1
127614,297,2022-03-15,SESSAO ORDINARIA,PRESENCIAL,AVANTE,1
127615,297,2022-03-15,SESSAO ORDINARIA,PRESENCIAL,NÃO INFORMADO,1
127616,297,2022-03-15,SESSAO ORDINARIA,PRESENCIAL,PV,1
127617,297,2022-03-15,SESSAO ORDINARIA,PRESENCIAL,REPUBLICANOS,1
127618,297,2022-03-15,SESSAO ORDINARIA,PRESENCIAL,PDT,1
127619,297,2022-03-15,SESSAO ORDINARIA,PRESENCIAL,MDB,1
127620,297,2022-03-15,SESSAO ORDINARIA,PRESENCIAL,AVANTE,1
127621,297,2022-03-15,SESSAO ORDINARIA,PRESENCIAL,PL,1
127622,297,2022-03-15,SESSAO ORDINARIA,PRESENCIAL,PROS,1
127623,298,2022-03-16,SESSAO ORDINARIA,PRESENCIAL,PL,1
127624,298,2022-03-16,SESSAO ORDINARIA,PRESENCIAL,PT,1
127625,298,2022-03-16,SESSAO ORDINARIA,PRESENCIAL,PT,1
127626,298,2022-03-16,SESSAO ORDINARIA,PRESENCIAL,DEM,1
127627,298,2022-03-16,SESSAO ORDINARIA,PRESENCIAL,PSOL,1
127628,298,2022-03-16,SESSAO ORDINARIA,PRESENCIAL,MDB,1
127629,298,2022-03-16,SESSAO ORDINARIA,PRESENCIAL,MDB,1
127630,298,2022-03-16,SESSAO ORDINARIA,PRESENCIAL,PODEMOS,1
127631,298,2022-03-16,SESSAO ORDINARIA,PRESENCIAL,PV,1
127632,298,2022-03-16,SESSAO ORDINARIA,PRESENCIAL,REPUBLICANOS,1
127633,298,2022-03-16,SESSAO ORDINARIA,PRESENCIAL,PDT,1
127634,298,2022-03-16,SESSAO ORDINARIA,PRESENCIAL,AVANTE,1
127635,298,2022-03-16,SESSAO ORDINARIA,PRESENCIAL,PSD,1
127636,298,2022-03-16,SESSAO ORDINARIA,PRESENCIAL,PL,1
127637,298,2022-03-16,SESSAO ORDINARIA,PRESENCIAL,PROS,1
127638,299,2022-03-17,SESSAO ORDINARIA,PRESENCIAL,PT,1
127639,299,2022-03-17,SESSAO ORDINARIA,PRESENCIAL,PT,1
127640,299,2022-03-17,SESSAO ORDINARIA,PRESENCIAL,PSOL,1
127641,299,2022-03-17,SESSAO ORDINARIA,PRESENCIAL,PV,1
127642,299,2022-03-17,SESSAO ORDINARIA,PRESENCIAL,PDT,1
127643,299,2022-03-17,SESSAO ORDINARIA,PRESENCIAL,MDB,1
127644,299,2022-03-17,SESSAO ORDINARIA,PRESENCIAL,NÃO INFORMADO,1
127645,299,2022-03-17,SESSAO ORDINARIA,PRESENCIAL,PSD,1
127646,299,2022-03-17,SESSAO ORDINARIA,PRESENCIAL,PL,1
127647,299,2022-03-17,SESSAO ORDINARIA,PRESENCIAL,PROS,1
127648,300,2022-03-22,SESSAO ORDINARIA,PRESENCIAL,PL,1
127649,300,2022-03-22,SESSAO ORDINARIA,PRESENCIAL,PT,1
127650,300,2022-03-22,SESSAO ORDINARIA,PRESENCIAL,PT,1
127651,300,2022-03-22,SESSAO ORDINARIA,PRESENCIAL,PDT,1
127652,300,2022-03-22,SESSAO ORDINARIA,PRESENCIAL,PL,1
127653,300,2022-03-22,SESSAO ORDINARIA,PRESENCIAL,REPUBLICANOS,1
127654,300,2022-03-22,SESSAO ORDINARIA,PRESENCIAL,DEM,1
127655,300,2022-03-22,SESSAO ORDINARIA,PRESENCIAL,PSOL,1
127656,300,2022-03-22,SESSAO ORDINARIA,PRESENCIAL,MDB,1
127657,300,2022-03-22,SESSAO ORDINARIA,PRESENCIAL,MDB,1
127658,300,2022-03-22,SESSAO ORDINARIA,PRESENCIAL,PTB,1
127659,300,2022-03-22,SESSAO ORDINARIA,PRESENCIAL,PODEMOS,1
127660,300,2022-03-22,SESSAO ORDINARIA,PRESENCIAL,PTB,1
127661,300,2022-03-22,SESSAO ORDINARIA,PRESENCIAL,AVANTE,1
127662,300,2022-03-22,SESSAO ORDINARIA,PRESENCIAL,NÃO INFORMADO,1
127663,300,2022-03-22,SESSAO ORDINARIA,PRESENCIAL,PV,1
127664,300,2022-03-22,SESSAO ORDINARIA,PRESENCIAL,REPUBLICANOS,1
127665,300,2022-03-22,SESSAO ORDINARIA,PRESENCIAL,PDT,1
127666,300,2022-03-22,SESSAO ORDINARIA,PRESENCIAL,MDB,1
127667,300,2022-03-22,SESSAO ORDINARIA,PRESENCIAL,NÃO INFORMADO,1
127668,300,2022-03-22,SESSAO ORDINARIA,PRESENCIAL,PSD,1
127669,300,2022-03-22,SESSAO ORDINARIA,PRESENCIAL,PL,1
127670,300,2022-03-22,SESSAO ORDINARIA,PRESENCIAL,PROS,1
127671,300,2022-03-22,SESSAO ORDINARIA,PRESENCIAL,PP,1
127672,301,2022-03-23,SESSAO ORDINARIA,PRESENCIAL,PL,1
127673,301,2022-03-23,SESSAO ORDINARIA,PRESENCIAL,PT,1
127674,301,2022-03-23,SESSAO ORDINARIA,PRESENCIAL,PT,1
127675,301,2022-03-23,SESSAO ORDINARIA,PRESENCIAL,REPUBLICANOS,1
127676,301,2022-03-23,SESSAO ORDINARIA,PRESENCIAL,DEM,1
127677,301,2022-03-23,SESSAO ORDINARIA,PRESENCIAL,PSOL,1
127678,301,2022-03-23,SESSAO ORDINARIA,PRESENCIAL,MDB,1
127679,301,2022-03-23,SESSAO ORDINARIA,PRESENCIAL,PTB,1
127680,301,2022-03-23,SESSAO ORDINARIA,PRESENCIAL,PODEMOS,1
127681,301,2022-03-23,SESSAO ORDINARIA,PRESENCIAL,AVANTE,1
127682,301,2022-03-23,SESSAO ORDINARIA,PRESENCIAL,NÃO INFORMADO,1
127683,301,2022-03-23,SESSAO ORDINARIA,PRESENCIAL,REPUBLICANOS,1
127684,301,2022-03-23,SESSAO ORDINARIA,PRESENCIAL,PDT,1
127685,301,2022-03-23,SESSAO ORDINARIA,PRESENCIAL,MDB,1
127686,301,2022-03-23,SESSAO ORDINARIA,PRESENCIAL,NÃO INFORMADO,1
127687,301,2022-03-23,SESSAO ORDINARIA,PRESENCIAL,PSD,1
127688,301,2022-03-23,SESSAO ORDINARIA,PRESENCIAL,PL,1
127689,301,2022-03-23,SESSAO ORDINARIA,PRESENCIAL,PROS,1
127690,301,2022-03-23,SESSAO ORDINARIA,PRESENCIAL,PP,1
127691,302,2022-03-29,SESSAO EXTRAORDINARIA,PRESENCIAL,PL,1
127692,302,2022-03-29,SESSAO EXTRAORDINARIA,PRESENCIAL,PT,1
127693,302,2022-03-29,SESSAO EXTRAORDINARIA,PRESENCIAL,PT,1
127694,302,2022-03-29,SESSAO EXTRAORDINARIA,PRESENCIAL,PDT,1
127695,302,2022-03-29,SESSAO EXTRAORDINARIA,PRESENCIAL,PL,1
127696,302,2022-03-29,SESSAO EXTRAORDINARIA,PRESENCIAL,PROS,1
127697,302,2022-03-29,SESSAO EXTRAORDINARIA,PRESENCIAL,REPUBLICANOS,1
127698,302,2022-03-29,SESSAO EXTRAORDINARIA,PRESENCIAL,UNIÃO,1
127699,302,2022-03-29,SESSAO EXTRAORDINARIA,PRESENCIAL,PSOL,1
127700,302,2022-03-29,SESSAO EXTRAORDINARIA,PRESENCIAL,MDB,1
127701,302,2022-03-29,SESSAO EXTRAORDINARIA,PRESENCIAL,MDB,1
127702,302,2022-03-29,SESSAO EXTRAORDINARIA,PRESENCIAL,PTB,1
127703,302,2022-03-29,SESSAO EXTRAORDINARIA,PRESENCIAL,PODEMOS,1
127704,302,2022-03-29,SESSAO EXTRAORDINARIA,PRESENCIAL,AVANTE,1
127705,302,2022-03-29,SESSAO EXTRAORDINARIA,PRESENCIAL,NÃO INFORMADO,1
127706,302,2022-03-29,SESSAO EXTRAORDINARIA,PRESENCIAL,PV,1
127707,302,2022-03-29,SESSAO EXTRAORDINARIA,PRESENCIAL,REPUBLICANOS,1
127708,302,2022-03-29,SESSAO EXTRAORDINARIA,PRESENCIAL,NÃO INFORMADO,1
127709,302,2022-03-29,SESSAO EXTRAORDINARIA,PRESENCIAL,MDB,1
127710,302,2022-03-29,SESSAO EXTRAORDINARIA,PRESENCIAL,NÃO INFORMADO,1
127711,302,2022-03-29,SESSAO EXTRAORDINARIA,PRESENCIAL,PSD,1
127712,302,2022-03-29,SESSAO EXTRAORDINARIA,PRESENCIAL,PL,1
127713,302,2022-03-29,SESSAO EXTRAORDINARIA,PRESENCIAL,PP,1
127714,303,2022-03-24,SESSAO ORDINARIA,PRESENCIAL,PT,1
127715,303,2022-03-24,SESSAO ORDINARIA,PRESENCIAL,PT,1
127716,303,2022-03-24,SESSAO ORDINARIA,PRESENCIAL,DEM,1
127717,303,2022-03-24,SESSAO ORDINARIA,PRESENCIAL,PDT,1
127718,303,2022-03-24,SESSAO ORDINARIA,PRESENCIAL,NÃO INFORMADO,1
127719,303,2022-03-24,SESSAO ORDINARIA,PRESENCIAL,PSD,1
127720,303,2022-03-24,SESSAO ORDINARIA,PRESENCIAL,PL,1
127721,303,2022-03-24,SESSAO ORDINARIA,PRESENCIAL,PROS,1
127722,304,2022-03-29,SESSAO ORDINARIA,PRESENCIAL,PL,3
127723,304,2022-03-29,SESSAO ORDINARIA,PRESENCIAL,PT,2
127724,304,2022-03-29,SESSAO ORDINARIA,PRESENCIAL,PT,2
127725,304,2022-03-29,SESSAO ORDINARIA,PRESENCIAL,PDT,3
127726,304,2022-03-29,SESSAO ORDINARIA,PRESENCIAL,PL,2
127727,304,2022-03-29,SESSAO ORDINARIA,PRESENCIAL,PROS,2
127728,304,2022-03-29,SESSAO ORDINARIA,PRESENCIAL,REPUBLICANOS,2
127729,304,2022-03-29,SESSAO ORDINARIA,PRESENCIAL,UNIÃO,2
127730,304,2022-03-29,SESSAO ORDINARIA,PRESENCIAL,PSOL,2
127731,304,2022-03-29,SESSAO ORDINARIA,PRESENCIAL,MDB,2
127732,304,2022-03-29,SESSAO ORDINARIA,PRESENCIAL,MDB,2
127733,304,2022-03-29,SESSAO ORDINARIA,PRESENCIAL,PTB,2
127734,304,2022-03-29,SESSAO ORDINARIA,PRESENCIAL,PODEMOS,2
127735,304,2022-03-29,SESSAO ORDINARIA,PRESENCIAL,PTB,1
127736,304,2022-03-29,SESSAO ORDINARIA,PRESENCIAL,AVANTE,3
127737,304,2022-03-29,SESSAO ORDINARIA,PRESENCIAL,NÃO INFORMADO,3
127738,304,2022-03-29,SESSAO ORDINARIA,PRESENCIAL,PV,2
127739,304,2022-03-29,SESSAO ORDINARIA,PRESENCIAL,REPUBLICANOS,2
127740,304,2022-03-29,SESSAO ORDINARIA,PRESENCIAL,NÃO INFORMADO,3
127741,304,2022-03-29,SESSAO ORDINARIA,PRESENCIAL,MDB,2
127742,304,2022-03-29,SESSAO ORDINARIA,PRESENCIAL,NÃO INFORMADO,2
127743,304,2022-03-29,SESSAO ORDINARIA,PRESENCIAL,PSD,2
127744,304,2022-03-29,SESSAO ORDINARIA,PRESENCIAL,PL,2
127745,304,2022-03-29,SESSAO ORDINARIA,PRESENCIAL,PP,2
127746,305,2022-03-30,SESSAO ORDINARIA,PRESENCIAL,PL,2
127747,305,2022-03-30,SESSAO ORDINARIA,PRESENCIAL,PT,3
127748,305,2022-03-30,SESSAO ORDINARIA,PRESENCIAL,PT,2
127749,305,2022-03-30,SESSAO ORDINARIA,PRESENCIAL,PDT,2
127750,305,2022-03-30,SESSAO ORDINARIA,PRESENCIAL,PROS,2
127751,305,2022-03-30,SESSAO ORDINARIA,PRESENCIAL,REPUBLICANOS,1
127752,305,2022-03-30,SESSAO ORDINARIA,PRESENCIAL,UNIÃO,2
127753,305,2022-03-30,SESSAO ORDINARIA,PRESENCIAL,PSOL,2
127754,305,2022-03-30,SESSAO ORDINARIA,PRESENCIAL,MDB,1
127755,305,2022-03-30,SESSAO ORDINARIA,PRESENCIAL,MDB,2
127756,305,2022-03-30,SESSAO ORDINARIA,PRESENCIAL,PTB,2
127757,305,2022-03-30,SESSAO ORDINARIA,PRESENCIAL,PODEMOS,2
127758,305,2022-03-30,SESSAO ORDINARIA,PRESENCIAL,AVANTE,2
127759,305,2022-03-30,SESSAO ORDINARIA,PRESENCIAL,NÃO INFORMADO,2
127760,305,2022-03-30,SESSAO ORDINARIA,PRESENCIAL,PV,2
127761,305,2022-03-30,SESSAO ORDINARIA,PRESENCIAL,REPUBLICANOS,2
127762,305,2022-03-30,SESSAO ORDINARIA,PRESENCIAL,NÃO INFORMADO,2
127763,305,2022-03-30,SESSAO ORDINARIA,PRESENCIAL,MDB,2
127764,305,2022-03-30,SESSAO ORDINARIA,PRESENCIAL,NÃO INFORMADO,2
127765,305,2022-03-30,SESSAO ORDINARIA,PRESENCIAL,PSD,1
127766,305,2022-03-30,SESSAO ORDINARIA,PRESENCIAL,PL,1
127767,305,2022-03-30,SESSAO ORDINARIA,PRESENCIAL,PP,2
127768,306,2022-03-30,SESSAO EXTRAORDINARIA,PRESENCIAL,PL,1
127769,306,2022-03-30,SESSAO EXTRAORDINARIA,PRESENCIAL,PT,2
127770,306,2022-03-30,SESSAO EXTRAORDINARIA,PRESENCIAL,PT,2
127771,306,2022-03-30,SESSAO EXTRAORDINARIA,PRESENCIAL,PDT,2
127772,306,2022-03-30,SESSAO EXTRAORDINARIA,PRESENCIAL,PROS,2
127773,306,2022-03-30,SESSAO EXTRAORDINARIA,PRESENCIAL,REPUBLICANOS,2
127774,306,2022-03-30,SESSAO EXTRAORDINARIA,PRESENCIAL,UNIÃO,2
127775,306,2022-03-30,SESSAO EXTRAORDINARIA,PRESENCIAL,PSOL,2
127776,306,2022-03-30,SESSAO EXTRAORDINARIA,PRESENCIAL,MDB,2
127777,306,2022-03-30,SESSAO EXTRAORDINARIA,PRESENCIAL,PTB,2
127778,306,2022-03-30,SESSAO EXTRAORDINARIA,PRESENCIAL,PODEMOS,2
127779,306,2022-03-30,SESSAO EXTRAORDINARIA,PRESENCIAL,AVANTE,2
127780,306,2022-03-30,SESSAO EXTRAORDINARIA,PRESENCIAL,NÃO INFORMADO,2
127781,306,2022-03-30,SESSAO EXTRAORDINARIA,PRESENCIAL,PV,2
127782,306,2022-03-30,SESSAO EXTRAORDINARIA,PRESENCIAL,REPUBLICANOS,1
127783,306,2022-03-30,SESSAO EXTRAORDINARIA,PRESENCIAL,NÃO INFORMADO,2
127784,306,2022-03-30,SESSAO EXTRAORDINARIA,PRESENCIAL,MDB,1
127785,306,2022-03-30,SESSAO EXTRAORDINARIA,PRESENCIAL,PP,2
127786,307,2022-03-31,SESSAO EXTRAORDINARIA,PRESENCIAL,PT,1
127787,307,2022-03-31,SESSAO EXTRAORDINARIA,PRESENCIAL,PT,1
127788,307,2022-03-31,SESSAO EXTRAORDINARIA,PRESENCIAL,PROS,1
127789,307,2022-03-31,SESSAO EXTRAORDINARIA,PRESENCIAL,MDB,1
127790,307,2022-03-31,SESSAO EXTRAORDINARIA,PRESENCIAL,PTB,1
127791,307,2022-03-31,SESSAO EXTRAORDINARIA,PRESENCIAL,AVANTE,1
127792,307,2022-03-31,SESSAO EXTRAORDINARIA,PRESENCIAL,PV,1
127793,307,2022-03-31,SESSAO EXTRAORDINARIA,PRESENCIAL,PP,1
127794,308,2022-03-31,SESSAO ORDINARIA,PRESENCIAL,PL,2
127795,308,2022-03-31,SESSAO ORDINARIA,PRESENCIAL,PT,2
127796,308,2022-03-31,SESSAO ORDINARIA,PRESENCIAL,PT,2
127797,308,2022-03-31,SESSAO ORDINARIA,PRESENCIAL,PSD,2
127798,308,2022-03-31,SESSAO ORDINARIA,PRESENCIAL,PROS,2
127799,308,2022-03-31,SESSAO ORDINARIA,PRESENCIAL,REPUBLICANOS,1
127800,308,2022-03-31,SESSAO ORDINARIA,PRESENCIAL,UNIÃO,1
127801,308,2022-03-31,SESSAO ORDINARIA,PRESENCIAL,PSOL,2
127802,308,2022-03-31,SESSAO ORDINARIA,PRESENCIAL,MDB,2
127803,308,2022-03-31,SESSAO ORDINARIA,PRESENCIAL,PTB,2
127804,308,2022-03-31,SESSAO ORDINARIA,PRESENCIAL,PSD,2
127805,308,2022-03-31,SESSAO ORDINARIA,PRESENCIAL,PTB,1
127806,308,2022-03-31,SESSAO ORDINARIA,PRESENCIAL,AVANTE,2
127807,308,2022-03-31,SESSAO ORDINARIA,PRESENCIAL,UNIÃO,1
127808,308,2022-03-31,SESSAO ORDINARIA,PRESENCIAL,PV,2
127809,308,2022-03-31,SESSAO ORDINARIA,PRESENCIAL,REPUBLICANOS,2
127810,308,2022-03-31,SESSAO ORDINARIA,PRESENCIAL,PV,2
127811,308,2022-03-31,SESSAO ORDINARIA,PRESENCIAL,MDB,1
127812,308,2022-03-31,SESSAO ORDINARIA,PRESENCIAL,PL,2
127813,308,2022-03-31,SESSAO ORDINARIA,PRESENCIAL,PSD,1
127814,308,2022-03-31,SESSAO ORDINARIA,PRESENCIAL,PL,2
127815,308,2022-03-31,SESSAO ORDINARIA,PRESENCIAL,PP,1
127816,309,2022-03-31,SESSAO EXTRAORDINARIA,PRESENCIAL,PL,2
127817,309,2022-03-31,SESSAO EXTRAORDINARIA,PRESENCIAL,PT,2
127818,309,2022-03-31,SESSAO EXTRAORDINARIA,PRESENCIAL,PT,2
127819,309,2022-03-31,SESSAO EXTRAORDINARIA,PRESENCIAL,PSD,1
127820,309,2022-03-31,SESSAO EXTRAORDINARIA,PRESENCIAL,PROS,2
127821,309,2022-03-31,SESSAO EXTRAORDINARIA,PRESENCIAL,REPUBLICANOS,2
127822,309,2022-03-31,SESSAO EXTRAORDINARIA,PRESENCIAL,UNIÃO,1
127823,309,2022-03-31,SESSAO EXTRAORDINARIA,PRESENCIAL,PSOL,2
127824,309,2022-03-31,SESSAO EXTRAORDINARIA,PRESENCIAL,MDB,2
127825,309,2022-03-31,SESSAO EXTRAORDINARIA,PRESENCIAL,PTB,2
127826,309,2022-03-31,SESSAO EXTRAORDINARIA,PRESENCIAL,PSD,2
127827,309,2022-03-31,SESSAO EXTRAORDINARIA,PRESENCIAL,PTB,1
127828,309,2022-03-31,SESSAO EXTRAORDINARIA,PRESENCIAL,AVANTE,2
127829,309,2022-03-31,SESSAO EXTRAORDINARIA,PRESENCIAL,UNIÃO,2
127830,309,2022-03-31,SESSAO EXTRAORDINARIA,PRESENCIAL,PV,2
127831,309,2022-03-31,SESSAO EXTRAORDINARIA,PRESENCIAL,REPUBLICANOS,1
127832,309,2022-03-31,SESSAO EXTRAORDINARIA,PRESENCIAL,PV,2
127833,309,2022-03-31,SESSAO EXTRAORDINARIA,PRESENCIAL,MDB,1
127834,309,2022-03-31,SESSAO EXTRAORDINARIA,PRESENCIAL,PL,2
127835,309,2022-03-31,SESSAO EXTRAORDINARIA,PRESENCIAL,PSD,2
127836,309,2022-03-31,SESSAO EXTRAORDINARIA,PRESENCIAL,PP,1
127837,310,2022-03-31,SESSAO EXTRAORDINARIA,PRESENCIAL,PL,1
127838,310,2022-03-31,SESSAO EXTRAORDINARIA,PRESENCIAL,PT,2
127839,310,2022-03-31,SESSAO EXTRAORDINARIA,PRESENCIAL,PT,1
127840,310,2022-03-31,SESSAO EXTRAORDINARIA,PRESENCIAL,PSD,1
127841,310,2022-03-31,SESSAO EXTRAORDINARIA,PRESENCIAL,PROS,1
127842,310,2022-03-31,SESSAO EXTRAORDINARIA,PRESENCIAL,UNIÃO,1
127843,310,2022-03-31,SESSAO EXTRAORDINARIA,PRESENCIAL,PSOL,1
127844,310,2022-03-31,SESSAO EXTRAORDINARIA,PRESENCIAL,MDB,1
127845,310,2022-03-31,SESSAO EXTRAORDINARIA,PRESENCIAL,PTB,1
127846,310,2022-03-31,SESSAO EXTRAORDINARIA,PRESENCIAL,PSD,1
127847,310,2022-03-31,SESSAO EXTRAORDINARIA,PRESENCIAL,AVANTE,1
127848,310,2022-03-31,SESSAO EXTRAORDINARIA,PRESENCIAL,UNIÃO,1
127849,310,2022-03-31,SESSAO EXTRAORDINARIA,PRESENCIAL,MDB,1
127850,310,2022-03-31,SESSAO EXTRAORDINARIA,PRESENCIAL,PL,1
127851,310,2022-03-31,SESSAO EXTRAORDINARIA,PRESENCIAL,PP,1
127852,311,2022-03-31,SESSAO EXTRAORDINARIA,PRESENCIAL,PL,1
127853,311,2022-03-31,SESSAO EXTRAORDINARIA,PRESENCIAL,PT,1
127854,311,2022-03-31,SESSAO EXTRAORDINARIA,PRESENCIAL,PT,1
127855,311,2022-03-31,SESSAO EXTRAORDINARIA,PRESENCIAL,PSD,1
127856,311,2022-03-31,SESSAO EXTRAORDINARIA,PRESENCIAL,PROS,1
127857,311,2022-03-31,SESSAO EXTRAORDINARIA,PRESENCIAL,UNIÃO,1
127858,311,2022-03-31,SESSAO EXTRAORDINARIA,PRESENCIAL,PSOL,1
127859,311,2022-03-31,SESSAO EXTRAORDINARIA,PRESENCIAL,MDB,1
127860,311,2022-03-31,SESSAO EXTRAORDINARIA,PRESENCIAL,PTB,1
127861,311,2022-03-31,SESSAO EXTRAORDINARIA,PRESENCIAL,PSD,1
127862,311,2022-03-31,SESSAO EXTRAORDINARIA,PRESENCIAL,AVANTE,1
127863,311,2022-03-31,SESSAO EXTRAORDINARIA,PRESENCIAL,UNIÃO,1
127864,311,2022-03-31,SESSAO EXTRAORDINARIA,PRESENCIAL,MDB,1
127865,311,2022-03-31,SESSAO EXTRAORDINARIA,PRESENCIAL,PL,1
127866,311,2022-03-31,SESSAO EXTRAORDINARIA,PRESENCIAL,PP,1
127867,312,2022-04-05,SESSAO ORDINARIA,PRESENCIAL,PL,1
127868,312,2022-04-05,SESSAO ORDINARIA,PRESENCIAL,PT,1
127869,312,2022-04-05,SESSAO ORDINARIA,PRESENCIAL,PT,1
127870,312,2022-04-05,SESSAO ORDINARIA,PRESENCIAL,PSD,1
127871,312,2022-04-05,SESSAO ORDINARIA,PRESENCIAL,PL,1
127872,312,2022-04-05,SESSAO ORDINARIA,PRESENCIAL,PROS,1
127873,312,2022-04-05,SESSAO ORDINARIA,PRESENCIAL,REPUBLICANOS,1
127874,312,2022-04-05,SESSAO ORDINARIA,PRESENCIAL,PSOL,1
127875,312,2022-04-05,SESSAO ORDINARIA,PRESENCIAL,MDB,1
127876,312,2022-04-05,SESSAO ORDINARIA,PRESENCIAL,PSD,1
127877,312,2022-04-05,SESSAO ORDINARIA,PRESENCIAL,AVANTE,1
127878,312,2022-04-05,SESSAO ORDINARIA,PRESENCIAL,PV,1
127879,312,2022-04-05,SESSAO ORDINARIA,PRESENCIAL,REPUBLICANOS,1
127880,312,2022-04-05,SESSAO ORDINARIA,PRESENCIAL,PV,1
127881,312,2022-04-05,SESSAO ORDINARIA,PRESENCIAL,MDB,1
127882,312,2022-04-05,SESSAO ORDINARIA,PRESENCIAL,PL,1
127883,312,2022-04-05,SESSAO ORDINARIA,PRESENCIAL,PSD,1
127884,312,2022-04-05,SESSAO ORDINARIA,PRESENCIAL,PL,1
127885,312,2022-04-05,SESSAO ORDINARIA,PRESENCIAL,PP,1
127886,313,2022-04-12,SESSAO EXTRAORDINARIA,PRESENCIAL,PL,2
127887,313,2022-04-12,SESSAO EXTRAORDINARIA,PRESENCIAL,PT,2
127888,313,2022-04-12,SESSAO EXTRAORDINARIA,PRESENCIAL,PSD,2
127889,313,2022-04-12,SESSAO EXTRAORDINARIA,PRESENCIAL,REPUBLICANOS,2
127890,313,2022-04-12,SESSAO EXTRAORDINARIA,PRESENCIAL,UNIÃO,1
127891,313,2022-04-12,SESSAO EXTRAORDINARIA,PRESENCIAL,PSOL,2
127892,313,2022-04-12,SESSAO EXTRAORDINARIA,PRESENCIAL,MDB,2
127893,313,2022-04-12,SESSAO EXTRAORDINARIA,PRESENCIAL,MDB,1
127894,313,2022-04-12,SESSAO EXTRAORDINARIA,PRESENCIAL,AGIR,2
127895,313,2022-04-12,SESSAO EXTRAORDINARIA,PRESENCIAL,AVANTE,2
127896,313,2022-04-12,SESSAO EXTRAORDINARIA,PRESENCIAL,UNIÃO,2
127897,313,2022-04-12,SESSAO EXTRAORDINARIA,PRESENCIAL,PV,1
127898,313,2022-04-12,SESSAO EXTRAORDINARIA,PRESENCIAL,REPUBLICANOS,1
127899,313,2022-04-12,SESSAO EXTRAORDINARIA,PRESENCIAL,PV,2
127900,313,2022-04-12,SESSAO EXTRAORDINARIA,PRESENCIAL,MDB,2
127901,313,2022-04-12,SESSAO EXTRAORDINARIA,PRESENCIAL,PSD,1
127902,313,2022-04-12,SESSAO EXTRAORDINARIA,PRESENCIAL,PL,2
127903,313,2022-04-12,SESSAO EXTRAORDINARIA,PRESENCIAL,PP,1
127904,314,2022-04-06,SESSAO ORDINARIA,PRESENCIAL,PT,1
127905,314,2022-04-06,SESSAO ORDINARIA,PRESENCIAL,PT,1
127906,314,2022-04-06,SESSAO ORDINARIA,PRESENCIAL,REPUBLICANOS,1
127907,314,2022-04-06,SESSAO ORDINARIA,PRESENCIAL,PV,1
127908,314,2022-04-06,SESSAO ORDINARIA,PRESENCIAL,PL,1
127909,315,2022-04-12,SESSAO EXTRAORDINARIA,PRESENCIAL,PL,2
127910,315,2022-04-12,SESSAO EXTRAORDINARIA,PRESENCIAL,PT,2
127911,315,2022-04-12,SESSAO EXTRAORDINARIA,PRESENCIAL,PSD,1
127912,315,2022-04-12,SESSAO EXTRAORDINARIA,PRESENCIAL,REPUBLICANOS,2
127913,315,2022-04-12,SESSAO EXTRAORDINARIA,PRESENCIAL,PSOL,1
127914,315,2022-04-12,SESSAO EXTRAORDINARIA,PRESENCIAL,MDB,2
127915,315,2022-04-12,SESSAO EXTRAORDINARIA,PRESENCIAL,MDB,2
127916,315,2022-04-12,SESSAO EXTRAORDINARIA,PRESENCIAL,AGIR,2
127917,315,2022-04-12,SESSAO EXTRAORDINARIA,PRESENCIAL,AVANTE,2
127918,315,2022-04-12,SESSAO EXTRAORDINARIA,PRESENCIAL,UNIÃO,2
127919,315,2022-04-12,SESSAO EXTRAORDINARIA,PRESENCIAL,PV,1
127920,315,2022-04-12,SESSAO EXTRAORDINARIA,PRESENCIAL,REPUBLICANOS,2
127921,315,2022-04-12,SESSAO EXTRAORDINARIA,PRESENCIAL,PV,2
127922,315,2022-04-12,SESSAO EXTRAORDINARIA,PRESENCIAL,MDB,2
127923,315,2022-04-12,SESSAO EXTRAORDINARIA,PRESENCIAL,PSD,1
127924,315,2022-04-12,SESSAO EXTRAORDINARIA,PRESENCIAL,PL,2
127925,315,2022-04-12,SESSAO EXTRAORDINARIA,PRESENCIAL,PP,2
127926,316,2022-05-10,SESSAO EXTRAORDINARIA,PRESENCIAL,PL,1
127927,316,2022-05-10,SESSAO EXTRAORDINARIA,PRESENCIAL,PT,1
127928,316,2022-05-10,SESSAO EXTRAORDINARIA,PRESENCIAL,PT,1
127929,316,2022-05-10,SESSAO EXTRAORDINARIA,PRESENCIAL,PROS,1
127930,316,2022-05-10,SESSAO EXTRAORDINARIA,PRESENCIAL,REPUBLICANOS,1
127931,316,2022-05-10,SESSAO EXTRAORDINARIA,PRESENCIAL,UNIÃO,1
127932,316,2022-05-10,SESSAO EXTRAORDINARIA,PRESENCIAL,PSOL,1
127933,316,2022-05-10,SESSAO EXTRAORDINARIA,PRESENCIAL,MDB,1
127934,316,2022-05-10,SESSAO EXTRAORDINARIA,PRESENCIAL,MDB,1
127935,316,2022-05-10,SESSAO EXTRAORDINARIA,PRESENCIAL,AGIR,1
127936,316,2022-05-10,SESSAO EXTRAORDINARIA,PRESENCIAL,PP,1
127937,316,2022-05-10,SESSAO EXTRAORDINARIA,PRESENCIAL,PV,1
127938,316,2022-05-10,SESSAO EXTRAORDINARIA,PRESENCIAL,REPUBLICANOS,1
127939,316,2022-05-10,SESSAO EXTRAORDINARIA,PRESENCIAL,PV,1
127940,316,2022-05-10,SESSAO EXTRAORDINARIA,PRESENCIAL,MDB,1
127941,316,2022-05-10,SESSAO EXTRAORDINARIA,PRESENCIAL,PL,1
127942,316,2022-05-10,SESSAO EXTRAORDINARIA,PRESENCIAL,PSD,1
127943,317,2022-04-07,SESSAO ORDINARIA,PRESENCIAL,PL,1
127944,317,2022-04-07,SESSAO ORDINARIA,PRESENCIAL,PT,1
127945,317,2022-04-07,SESSAO ORDINARIA,PRESENCIAL,PT,1
127946,317,2022-04-07,SESSAO ORDINARIA,PRESENCIAL,REPUBLICANOS,1
127947,317,2022-04-07,SESSAO ORDINARIA,PRESENCIAL,UNIÃO,1
127948,317,2022-04-07,SESSAO ORDINARIA,PRESENCIAL,PSOL,1
127949,317,2022-04-07,SESSAO ORDINARIA,PRESENCIAL,AVANTE,1
127950,317,2022-04-07,SESSAO ORDINARIA,PRESENCIAL,PV,1
127951,317,2022-04-07,SESSAO ORDINARIA,PRESENCIAL,PL,1
127952,317,2022-04-07,SESSAO ORDINARIA,PRESENCIAL,PSD,1
127953,317,2022-04-07,SESSAO ORDINARIA,PRESENCIAL,PL,1
127954,317,2022-04-07,SESSAO ORDINARIA,PRESENCIAL,PP,1
127955,318,2022-04-12,SESSAO ORDINARIA,PRESENCIAL,PL,1
127956,318,2022-04-12,SESSAO ORDINARIA,PRESENCIAL,PT,1
127957,318,2022-04-12,SESSAO ORDINARIA,PRESENCIAL,PT,1
127958,318,2022-04-12,SESSAO ORDINARIA,PRESENCIAL,PSD,1
127959,318,2022-04-12,SESSAO ORDINARIA,PRESENCIAL,PL,1
127960,318,2022-04-12,SESSAO ORDINARIA,PRESENCIAL,PROS,1
127961,318,2022-04-12,SESSAO ORDINARIA,PRESENCIAL,REPUBLICANOS,1
127962,318,2022-04-12,SESSAO ORDINARIA,PRESENCIAL,UNIÃO,1
127963,318,2022-04-12,SESSAO ORDINARIA,PRESENCIAL,PSOL,1
127964,318,2022-04-12,SESSAO ORDINARIA,PRESENCIAL,MDB,1
127965,318,2022-04-12,SESSAO ORDINARIA,PRESENCIAL,MDB,1
127966,318,2022-04-12,SESSAO ORDINARIA,PRESENCIAL,AGIR,1
127967,318,2022-04-12,SESSAO ORDINARIA,PRESENCIAL,PSD,1
127968,318,2022-04-12,SESSAO ORDINARIA,PRESENCIAL,PP,1
127969,318,2022-04-12,SESSAO ORDINARIA,PRESENCIAL,AVANTE,1
127970,318,2022-04-12,SESSAO ORDINARIA,PRESENCIAL,UNIÃO,2
127971,318,2022-04-12,SESSAO ORDINARIA,PRESENCIAL,PV,1
127972,318,2022-04-12,SESSAO ORDINARIA,PRESENCIAL,REPUBLICANOS,1
127973,318,2022-04-12,SESSAO ORDINARIA,PRESENCIAL,PV,1
127974,318,2022-04-12,SESSAO ORDINARIA,PRESENCIAL,MDB,1
127975,318,2022-04-12,SESSAO ORDINARIA,PRESENCIAL,PL,1
127976,318,2022-04-12,SESSAO ORDINARIA,PRESENCIAL,PSD,1
127977,318,2022-04-12,SESSAO ORDINARIA,PRESENCIAL,PL,1
127978,318,2022-04-12,SESSAO ORDINARIA,PRESENCIAL,PP,2
127979,319,2022-04-13,SESSAO ORDINARIA,PRESENCIAL,PT,1
127980,319,2022-04-13,SESSAO ORDINARIA,PRESENCIAL,PT,1
127981,319,2022-04-13,SESSAO ORDINARIA,PRESENCIAL,REPUBLICANOS,1
127982,319,2022-04-13,SESSAO ORDINARIA,PRESENCIAL,PSOL,1
127983,319,2022-04-13,SESSAO ORDINARIA,PRESENCIAL,PV,1
127984,319,2022-04-13,SESSAO ORDINARIA,PRESENCIAL,PP,1
127985,320,2022-04-19,SESSAO ORDINARIA,PRESENCIAL,PL,1
127986,320,2022-04-19,SESSAO ORDINARIA,PRESENCIAL,PT,1
127987,320,2022-04-19,SESSAO ORDINARIA,PRESENCIAL,PT,1
127988,320,2022-04-19,SESSAO ORDINARIA,PRESENCIAL,PL,1
127989,320,2022-04-19,SESSAO ORDINARIA,PRESENCIAL,PROS,1
127990,320,2022-04-19,SESSAO ORDINARIA,PRESENCIAL,REPUBLICANOS,1
127991,320,2022-04-19,SESSAO ORDINARIA,PRESENCIAL,UNIÃO,1
127992,320,2022-04-19,SESSAO ORDINARIA,PRESENCIAL,PSOL,1
127993,320,2022-04-19,SESSAO ORDINARIA,PRESENCIAL,MDB,1
127994,320,2022-04-19,SESSAO ORDINARIA,PRESENCIAL,MDB,1
127995,320,2022-04-19,SESSAO ORDINARIA,PRESENCIAL,AGIR,1
127996,320,2022-04-19,SESSAO ORDINARIA,PRESENCIAL,PSD,1
127997,320,2022-04-19,SESSAO ORDINARIA,PRESENCIAL,PP,1
127998,320,2022-04-19,SESSAO ORDINARIA,PRESENCIAL,AVANTE,1
127999,320,2022-04-19,SESSAO ORDINARIA,PRESENCIAL,UNIÃO,1
128000,320,2022-04-19,SESSAO ORDINARIA,PRESENCIAL,PV,1
128001,320,2022-04-19,SESSAO ORDINARIA,PRESENCIAL,REPUBLICANOS,1
128002,320,2022-04-19,SESSAO ORDINARIA,PRESENCIAL,MDB,2
128003,320,2022-04-19,SESSAO ORDINARIA,PRESENCIAL,PSD,2
128004,320,2022-04-19,SESSAO ORDINARIA,PRESENCIAL,PL,2
128005,320,2022-04-19,SESSAO ORDINARIA,PRESENCIAL,PP,1
128006,321,2022-04-20,SESSAO ORDINARIA,PRESENCIAL,PT,1
128007,321,2022-04-20,SESSAO ORDINARIA,PRESENCIAL,PROS,1
128008,321,2022-04-20,SESSAO ORDINARIA,PRESENCIAL,UNIÃO,1
128009,321,2022-04-20,SESSAO ORDINARIA,PRESENCIAL,PSOL,1
128010,321,2022-04-20,SESSAO ORDINARIA,PRESENCIAL,PSD,1
128011,321,2022-04-20,SESSAO ORDINARIA,PRESENCIAL,AVANTE,1
128012,321,2022-04-20,SESSAO ORDINARIA,PRESENCIAL,PV,1
128013,321,2022-04-20,SESSAO ORDINARIA,PRESENCIAL,PSD,1
128014,321,2022-04-20,SESSAO ORDINARIA,PRESENCIAL,PL,1
128015,321,2022-04-20,SESSAO ORDINARIA,PRESENCIAL,PP,1
128016,322,2022-04-26,SESSAO ORDINARIA,PRESENCIAL,PL,1
128017,322,2022-04-26,SESSAO ORDINARIA,PRESENCIAL,PT,2
128018,322,2022-04-26,SESSAO ORDINARIA,PRESENCIAL,PT,2
128019,322,2022-04-26,SESSAO ORDINARIA,PRESENCIAL,PROS,2
128020,322,2022-04-26,SESSAO ORDINARIA,PRESENCIAL,REPUBLICANOS,2
128021,322,2022-04-26,SESSAO ORDINARIA,PRESENCIAL,UNIÃO,2
128022,322,2022-04-26,SESSAO ORDINARIA,PRESENCIAL,PSOL,2
128023,322,2022-04-26,SESSAO ORDINARIA,PRESENCIAL,MDB,2
128024,322,2022-04-26,SESSAO ORDINARIA,PRESENCIAL,AGIR,2
128025,322,2022-04-26,SESSAO ORDINARIA,PRESENCIAL,PSD,1
128026,322,2022-04-26,SESSAO ORDINARIA,PRESENCIAL,AVANTE,1
128027,322,2022-04-26,SESSAO ORDINARIA,PRESENCIAL,PV,2
128028,322,2022-04-26,SESSAO ORDINARIA,PRESENCIAL,REPUBLICANOS,2
128029,322,2022-04-26,SESSAO ORDINARIA,PRESENCIAL,MDB,2
128030,322,2022-04-26,SESSAO ORDINARIA,PRESENCIAL,PL,1
128031,322,2022-04-26,SESSAO ORDINARIA,PRESENCIAL,PSD,1
128032,322,2022-04-26,SESSAO ORDINARIA,PRESENCIAL,PL,1
128033,323,2022-04-27,SESSAO ORDINARIA,PRESENCIAL,PL,1
128034,323,2022-04-27,SESSAO ORDINARIA,PRESENCIAL,PT,1
128035,323,2022-04-27,SESSAO ORDINARIA,PRESENCIAL,PT,1
128036,323,2022-04-27,SESSAO ORDINARIA,PRESENCIAL,PROS,1
128037,323,2022-04-27,SESSAO ORDINARIA,PRESENCIAL,PSOL,1
128038,323,2022-04-27,SESSAO ORDINARIA,PRESENCIAL,MDB,1
128039,323,2022-04-27,SESSAO ORDINARIA,PRESENCIAL,MDB,1
128040,323,2022-04-27,SESSAO ORDINARIA,PRESENCIAL,AGIR,1
128041,323,2022-04-27,SESSAO ORDINARIA,PRESENCIAL,PV,1
128042,323,2022-04-27,SESSAO ORDINARIA,PRESENCIAL,REPUBLICANOS,1
128043,323,2022-04-27,SESSAO ORDINARIA,PRESENCIAL,MDB,1
128044,323,2022-04-27,SESSAO ORDINARIA,PRESENCIAL,PL,1
128045,323,2022-04-27,SESSAO ORDINARIA,PRESENCIAL,PSD,1
128046,323,2022-04-27,SESSAO ORDINARIA,PRESENCIAL,PL,1
128047,323,2022-04-27,SESSAO ORDINARIA,PRESENCIAL,PP,1
128048,324,2022-04-28,SESSAO ORDINARIA,PRESENCIAL,PT,1
128049,324,2022-04-28,SESSAO ORDINARIA,PRESENCIAL,PT,1
128050,324,2022-04-28,SESSAO ORDINARIA,PRESENCIAL,PV,1
128051,324,2022-04-28,SESSAO ORDINARIA,PRESENCIAL,PL,1
128052,324,2022-04-28,SESSAO ORDINARIA,PRESENCIAL,PSD,1
128053,324,2022-04-28,SESSAO ORDINARIA,PRESENCIAL,PL,1
128054,324,2022-04-28,SESSAO ORDINARIA,PRESENCIAL,PP,1
128055,325,2022-05-03,SESSAO ORDINARIA,PRESENCIAL,PT,2
128056,325,2022-05-03,SESSAO ORDINARIA,PRESENCIAL,PT,2
128057,325,2022-05-03,SESSAO ORDINARIA,PRESENCIAL,PL,1
128058,325,2022-05-03,SESSAO ORDINARIA,PRESENCIAL,PROS,2
128059,325,2022-05-03,SESSAO ORDINARIA,PRESENCIAL,REPUBLICANOS,2
128060,325,2022-05-03,SESSAO ORDINARIA,PRESENCIAL,UNIÃO,2
128061,325,2022-05-03,SESSAO ORDINARIA,PRESENCIAL,PSOL,2
128062,325,2022-05-03,SESSAO ORDINARIA,PRESENCIAL,MDB,2
128063,325,2022-05-03,SESSAO ORDINARIA,PRESENCIAL,MDB,2
128064,325,2022-05-03,SESSAO ORDINARIA,PRESENCIAL,AGIR,2
128065,325,2022-05-03,SESSAO ORDINARIA,PRESENCIAL,PSD,2
128066,325,2022-05-03,SESSAO ORDINARIA,PRESENCIAL,PP,2
128067,325,2022-05-03,SESSAO ORDINARIA,PRESENCIAL,AVANTE,2
128068,325,2022-05-03,SESSAO ORDINARIA,PRESENCIAL,UNIÃO,1
128069,325,2022-05-03,SESSAO ORDINARIA,PRESENCIAL,PV,2
128070,325,2022-05-03,SESSAO ORDINARIA,PRESENCIAL,REPUBLICANOS,2
128071,325,2022-05-03,SESSAO ORDINARIA,PRESENCIAL,PV,2
128072,325,2022-05-03,SESSAO ORDINARIA,PRESENCIAL,MDB,2
128073,325,2022-05-03,SESSAO ORDINARIA,PRESENCIAL,PL,1
128074,325,2022-05-03,SESSAO ORDINARIA,PRESENCIAL,PSD,2
128075,325,2022-05-03,SESSAO ORDINARIA,PRESENCIAL,PP,1
128076,326,2022-05-04,SESSAO ORDINARIA,PRESENCIAL,PT,1
128077,326,2022-05-04,SESSAO ORDINARIA,PRESENCIAL,PT,1
128078,326,2022-05-04,SESSAO ORDINARIA,PRESENCIAL,PSOL,1
128079,326,2022-05-04,SESSAO ORDINARIA,PRESENCIAL,MDB,1
128080,326,2022-05-04,SESSAO ORDINARIA,PRESENCIAL,AGIR,1
128081,326,2022-05-04,SESSAO ORDINARIA,PRESENCIAL,AVANTE,1
128082,326,2022-05-04,SESSAO ORDINARIA,PRESENCIAL,PV,1
128083,326,2022-05-04,SESSAO ORDINARIA,PRESENCIAL,PL,1
128084,327,2022-05-05,SESSAO ORDINARIA,PRESENCIAL,PT,1
128085,327,2022-05-05,SESSAO ORDINARIA,PRESENCIAL,PT,1
128086,327,2022-05-05,SESSAO ORDINARIA,PRESENCIAL,PSOL,1
128087,327,2022-05-05,SESSAO ORDINARIA,PRESENCIAL,AGIR,1
128088,327,2022-05-05,SESSAO ORDINARIA,PRESENCIAL,AVANTE,1
128089,327,2022-05-05,SESSAO ORDINARIA,PRESENCIAL,PL,1
128090,327,2022-05-05,SESSAO ORDINARIA,PRESENCIAL,PSD,1
128091,328,2022-05-10,SESSAO ORDINARIA,PRESENCIAL,PL,1
128092,328,2022-05-10,SESSAO ORDINARIA,PRESENCIAL,PT,2
128093,328,2022-05-10,SESSAO ORDINARIA,PRESENCIAL,PT,1
128094,328,2022-05-10,SESSAO ORDINARIA,PRESENCIAL,PROS,1
128095,328,2022-05-10,SESSAO ORDINARIA,PRESENCIAL,REPUBLICANOS,1
128096,328,2022-05-10,SESSAO ORDINARIA,PRESENCIAL,UNIÃO,1
128097,328,2022-05-10,SESSAO ORDINARIA,PRESENCIAL,PSOL,1
128098,328,2022-05-10,SESSAO ORDINARIA,PRESENCIAL,MDB,2
128099,328,2022-05-10,SESSAO ORDINARIA,PRESENCIAL,MDB,2
128100,328,2022-05-10,SESSAO ORDINARIA,PRESENCIAL,AGIR,1
128101,328,2022-05-10,SESSAO ORDINARIA,PRESENCIAL,PSD,2
128102,328,2022-05-10,SESSAO ORDINARIA,PRESENCIAL,PP,1
128103,328,2022-05-10,SESSAO ORDINARIA,PRESENCIAL,UNIÃO,1
128104,328,2022-05-10,SESSAO ORDINARIA,PRESENCIAL,PV,1
128105,328,2022-05-10,SESSAO ORDINARIA,PRESENCIAL,REPUBLICANOS,2
128106,328,2022-05-10,SESSAO ORDINARIA,PRESENCIAL,PV,1
128107,328,2022-05-10,SESSAO ORDINARIA,PRESENCIAL,MDB,1
128108,328,2022-05-10,SESSAO ORDINARIA,PRESENCIAL,PL,2
128109,328,2022-05-10,SESSAO ORDINARIA,PRESENCIAL,PSD,1
128110,329,2022-05-11,SESSAO ORDINARIA,PRESENCIAL,PL,1
128111,329,2022-05-11,SESSAO ORDINARIA,PRESENCIAL,PT,1
128112,329,2022-05-11,SESSAO ORDINARIA,PRESENCIAL,PT,1
128113,329,2022-05-11,SESSAO ORDINARIA,PRESENCIAL,PROS,1
128114,329,2022-05-11,SESSAO ORDINARIA,PRESENCIAL,REPUBLICANOS,1
128115,329,2022-05-11,SESSAO ORDINARIA,PRESENCIAL,PSOL,1
128116,329,2022-05-11,SESSAO ORDINARIA,PRESENCIAL,AGIR,1
128117,329,2022-05-11,SESSAO ORDINARIA,PRESENCIAL,AVANTE,1
128118,329,2022-05-11,SESSAO ORDINARIA,PRESENCIAL,UNIÃO,1
128119,329,2022-05-11,SESSAO ORDINARIA,PRESENCIAL,REPUBLICANOS,1
128120,329,2022-05-11,SESSAO ORDINARIA,PRESENCIAL,PV,1
128121,329,2022-05-11,SESSAO ORDINARIA,PRESENCIAL,PL,1
128122,329,2022-05-11,SESSAO ORDINARIA,PRESENCIAL,PSD,1
128123,329,2022-05-11,SESSAO ORDINARIA,PRESENCIAL,PP,1
128124,330,2022-05-17,SESSAO EXTRAORDINARIA,PRESENCIAL,PL,1
128125,330,2022-05-17,SESSAO EXTRAORDINARIA,PRESENCIAL,PT,1
128126,330,2022-05-17,SESSAO EXTRAORDINARIA,PRESENCIAL,PT,1
128127,330,2022-05-17,SESSAO EXTRAORDINARIA,PRESENCIAL,PSD,1
128128,330,2022-05-17,SESSAO EXTRAORDINARIA,PRESENCIAL,PL,1
128129,330,2022-05-17,SESSAO EXTRAORDINARIA,PRESENCIAL,PROS,1
128130,330,2022-05-17,SESSAO EXTRAORDINARIA,PRESENCIAL,REPUBLICANOS,1
128131,330,2022-05-17,SESSAO EXTRAORDINARIA,PRESENCIAL,PSOL,1
128132,330,2022-05-17,SESSAO EXTRAORDINARIA,PRESENCIAL,MDB,1
128133,330,2022-05-17,SESSAO EXTRAORDINARIA,PRESENCIAL,MDB,1
128134,330,2022-05-17,SESSAO EXTRAORDINARIA,PRESENCIAL,AGIR,1
128135,330,2022-05-17,SESSAO EXTRAORDINARIA,PRESENCIAL,PSD,1
128136,330,2022-05-17,SESSAO EXTRAORDINARIA,PRESENCIAL,PP,1
128137,330,2022-05-17,SESSAO EXTRAORDINARIA,PRESENCIAL,UNIÃO,1
128138,330,2022-05-17,SESSAO EXTRAORDINARIA,PRESENCIAL,PV,1
128139,330,2022-05-17,SESSAO EXTRAORDINARIA,PRESENCIAL,REPUBLICANOS,1
128140,330,2022-05-17,SESSAO EXTRAORDINARIA,PRESENCIAL,PV,1
128141,330,2022-05-17,SESSAO EXTRAORDINARIA,PRESENCIAL,MDB,1
128142,330,2022-05-17,SESSAO EXTRAORDINARIA,PRESENCIAL,PSD,1
128143,330,2022-05-17,SESSAO EXTRAORDINARIA,PRESENCIAL,PP,1
128144,331,2022-05-12,SESSAO ORDINARIA,PRESENCIAL,PL,1
128145,331,2022-05-12,SESSAO ORDINARIA,PRESENCIAL,PT,1
128146,331,2022-05-12,SESSAO ORDINARIA,PRESENCIAL,PT,1
128147,331,2022-05-12,SESSAO ORDINARIA,PRESENCIAL,PROS,1
128148,331,2022-05-12,SESSAO ORDINARIA,PRESENCIAL,PSOL,1
128149,331,2022-05-12,SESSAO ORDINARIA,PRESENCIAL,AGIR,1
128150,331,2022-05-12,SESSAO ORDINARIA,PRESENCIAL,AVANTE,1
128151,331,2022-05-12,SESSAO ORDINARIA,PRESENCIAL,PV,1
128152,331,2022-05-12,SESSAO ORDINARIA,PRESENCIAL,REPUBLICANOS,1
128153,331,2022-05-12,SESSAO ORDINARIA,PRESENCIAL,PV,1
128154,331,2022-05-12,SESSAO ORDINARIA,PRESENCIAL,PL,1
128155,331,2022-05-12,SESSAO ORDINARIA,PRESENCIAL,PSD,1
128156,331,2022-05-12,SESSAO ORDINARIA,PRESENCIAL,PP,1
128157,332,2022-06-07,SESSAO EXTRAORDINARIA,PRESENCIAL,PL,2
128158,332,2022-06-07,SESSAO EXTRAORDINARIA,PRESENCIAL,PT,2
128159,332,2022-06-07,SESSAO EXTRAORDINARIA,PRESENCIAL,PT,2
128160,332,2022-06-07,SESSAO EXTRAORDINARIA,PRESENCIAL,PSD,1
128161,332,2022-06-07,SESSAO EXTRAORDINARIA,PRESENCIAL,REPUBLICANOS,2
128162,332,2022-06-07,SESSAO EXTRAORDINARIA,PRESENCIAL,PSOL,1
128163,332,2022-06-07,SESSAO EXTRAORDINARIA,PRESENCIAL,MDB,2
128164,332,2022-06-07,SESSAO EXTRAORDINARIA,PRESENCIAL,MDB,2
128165,332,2022-06-07,SESSAO EXTRAORDINARIA,PRESENCIAL,AGIR,1
128166,332,2022-06-07,SESSAO EXTRAORDINARIA,PRESENCIAL,PSD,2
128167,332,2022-06-07,SESSAO EXTRAORDINARIA,PRESENCIAL,PP,1
128168,332,2022-06-07,SESSAO EXTRAORDINARIA,PRESENCIAL,UNIÃO,3
128169,332,2022-06-07,SESSAO EXTRAORDINARIA,PRESENCIAL,REPUBLICANOS,2
128170,332,2022-06-07,SESSAO EXTRAORDINARIA,PRESENCIAL,PV,1
128171,332,2022-06-07,SESSAO EXTRAORDINARIA,PRESENCIAL,MDB,2
128172,332,2022-06-07,SESSAO EXTRAORDINARIA,PRESENCIAL,PSD,2
128173,332,2022-06-07,SESSAO EXTRAORDINARIA,PRESENCIAL,PL,1
128174,333,2022-05-12,SESSAO ORDINARIA,PRESENCIAL,PL,1
128175,333,2022-05-12,SESSAO ORDINARIA,PRESENCIAL,PT,1
128176,333,2022-05-12,SESSAO ORDINARIA,PRESENCIAL,PSOL,1
128177,333,2022-05-12,SESSAO ORDINARIA,PRESENCIAL,AVANTE,1
128178,333,2022-05-12,SESSAO ORDINARIA,PRESENCIAL,PV,1
128179,333,2022-05-12,SESSAO ORDINARIA,PRESENCIAL,PP,1
128180,334,2022-05-17,SESSAO ORDINARIA,PRESENCIAL,PL,1
128181,334,2022-05-17,SESSAO ORDINARIA,PRESENCIAL,PT,1
128182,334,2022-05-17,SESSAO ORDINARIA,PRESENCIAL,PT,1
128183,334,2022-05-17,SESSAO ORDINARIA,PRESENCIAL,PSD,1
128184,334,2022-05-17,SESSAO ORDINARIA,PRESENCIAL,PL,1
128185,334,2022-05-17,SESSAO ORDINARIA,PRESENCIAL,PROS,1
128186,334,2022-05-17,SESSAO ORDINARIA,PRESENCIAL,REPUBLICANOS,1
128187,334,2022-05-17,SESSAO ORDINARIA,PRESENCIAL,UNIÃO,1
128188,334,2022-05-17,SESSAO ORDINARIA,PRESENCIAL,PSOL,1
128189,334,2022-05-17,SESSAO ORDINARIA,PRESENCIAL,MDB,1
128190,334,2022-05-17,SESSAO ORDINARIA,PRESENCIAL,MDB,1
128191,334,2022-05-17,SESSAO ORDINARIA,PRESENCIAL,AGIR,1
128192,334,2022-05-17,SESSAO ORDINARIA,PRESENCIAL,PSD,1
128193,334,2022-05-17,SESSAO ORDINARIA,PRESENCIAL,PP,1
128194,334,2022-05-17,SESSAO ORDINARIA,PRESENCIAL,AVANTE,1
128195,334,2022-05-17,SESSAO ORDINARIA,PRESENCIAL,UNIÃO,1
128196,334,2022-05-17,SESSAO ORDINARIA,PRESENCIAL,PV,1
128197,334,2022-05-17,SESSAO ORDINARIA,PRESENCIAL,REPUBLICANOS,1
128198,334,2022-05-17,SESSAO ORDINARIA,PRESENCIAL,PV,1
128199,334,2022-05-17,SESSAO ORDINARIA,PRESENCIAL,MDB,1
128200,334,2022-05-17,SESSAO ORDINARIA,PRESENCIAL,PL,1
128201,334,2022-05-17,SESSAO ORDINARIA,PRESENCIAL,PSD,1
128202,334,2022-05-17,SESSAO ORDINARIA,PRESENCIAL,PL,1
128203,334,2022-05-17,SESSAO ORDINARIA,PRESENCIAL,PP,1
128204,335,2022-05-18,SESSAO ORDINARIA,PRESENCIAL,PL,1
128205,335,2022-05-18,SESSAO ORDINARIA,PRESENCIAL,PT,1
128206,335,2022-05-18,SESSAO ORDINARIA,PRESENCIAL,PT,1
128207,335,2022-05-18,SESSAO ORDINARIA,PRESENCIAL,PROS,1
128208,335,2022-05-18,SESSAO ORDINARIA,PRESENCIAL,REPUBLICANOS,1
128209,335,2022-05-18,SESSAO ORDINARIA,PRESENCIAL,PSOL,1
128210,335,2022-05-18,SESSAO ORDINARIA,PRESENCIAL,AGIR,1
128211,335,2022-05-18,SESSAO ORDINARIA,PRESENCIAL,AVANTE,1
128212,335,2022-05-18,SESSAO ORDINARIA,PRESENCIAL,UNIÃO,1
128213,335,2022-05-18,SESSAO ORDINARIA,PRESENCIAL,PV,1
128214,335,2022-05-18,SESSAO ORDINARIA,PRESENCIAL,REPUBLICANOS,1
128215,335,2022-05-18,SESSAO ORDINARIA,PRESENCIAL,PV,1
128216,335,2022-05-18,SESSAO ORDINARIA,PRESENCIAL,PL,1
128217,335,2022-05-18,SESSAO ORDINARIA,PRESENCIAL,PSD,1
128218,335,2022-05-18,SESSAO ORDINARIA,PRESENCIAL,PP,1
128219,336,2022-05-19,SESSAO ORDINARIA,PRESENCIAL,PL,1
128220,336,2022-05-19,SESSAO ORDINARIA,PRESENCIAL,PT,1
128221,336,2022-05-19,SESSAO ORDINARIA,PRESENCIAL,PL,1
128222,336,2022-05-19,SESSAO ORDINARIA,PRESENCIAL,PP,1
128223,337,2022-05-24,SESSAO ORDINARIA,PRESENCIAL,PL,1
128224,337,2022-05-24,SESSAO ORDINARIA,PRESENCIAL,PT,1
128225,337,2022-05-24,SESSAO ORDINARIA,PRESENCIAL,PT,1
128226,337,2022-05-24,SESSAO ORDINARIA,PRESENCIAL,PSD,1
128227,337,2022-05-24,SESSAO ORDINARIA,PRESENCIAL,REPUBLICANOS,1
128228,337,2022-05-24,SESSAO ORDINARIA,PRESENCIAL,PSOL,1
128229,337,2022-05-24,SESSAO ORDINARIA,PRESENCIAL,MDB,1
128230,337,2022-05-24,SESSAO ORDINARIA,PRESENCIAL,PSD,1
128231,337,2022-05-24,SESSAO ORDINARIA,PRESENCIAL,AVANTE,1
128232,337,2022-05-24,SESSAO ORDINARIA,PRESENCIAL,PV,1
128233,337,2022-05-24,SESSAO ORDINARIA,PRESENCIAL,REPUBLICANOS,1
128234,337,2022-05-24,SESSAO ORDINARIA,PRESENCIAL,MDB,1
128235,337,2022-05-24,SESSAO ORDINARIA,PRESENCIAL,PL,1
128236,337,2022-05-24,SESSAO ORDINARIA,PRESENCIAL,PSD,1
128237,337,2022-05-24,SESSAO ORDINARIA,PRESENCIAL,PL,1
128238,337,2022-05-24,SESSAO ORDINARIA,PRESENCIAL,PP,1
128239,338,2022-05-25,SESSAO ORDINARIA,PRESENCIAL,PL,1
128240,338,2022-05-25,SESSAO ORDINARIA,PRESENCIAL,PT,1
128241,338,2022-05-25,SESSAO ORDINARIA,PRESENCIAL,PT,1
128242,338,2022-05-25,SESSAO ORDINARIA,PRESENCIAL,PL,1
128243,338,2022-05-25,SESSAO ORDINARIA,PRESENCIAL,PROS,1
128244,338,2022-05-25,SESSAO ORDINARIA,PRESENCIAL,PSOL,1
128245,338,2022-05-25,SESSAO ORDINARIA,PRESENCIAL,MDB,1
128246,338,2022-05-25,SESSAO ORDINARIA,PRESENCIAL,UNIÃO,1
128247,338,2022-05-25,SESSAO ORDINARIA,PRESENCIAL,PV,1
128248,338,2022-05-25,SESSAO ORDINARIA,PRESENCIAL,REPUBLICANOS,1
128249,338,2022-05-25,SESSAO ORDINARIA,PRESENCIAL,PV,1
128250,338,2022-05-25,SESSAO ORDINARIA,PRESENCIAL,PL,1
128251,338,2022-05-25,SESSAO ORDINARIA,PRESENCIAL,PL,1
128252,338,2022-05-25,SESSAO ORDINARIA,PRESENCIAL,PP,1
128253,339,2022-05-26,SESSAO ORDINARIA,PRESENCIAL,PL,1
128254,339,2022-05-26,SESSAO ORDINARIA,PRESENCIAL,PT,1
128255,339,2022-05-26,SESSAO ORDINARIA,PRESENCIAL,PT,1
128256,339,2022-05-26,SESSAO ORDINARIA,PRESENCIAL,REPUBLICANOS,1
128257,339,2022-05-26,SESSAO ORDINARIA,PRESENCIAL,UNIÃO,1
128258,339,2022-05-26,SESSAO ORDINARIA,PRESENCIAL,AVANTE,1
128259,339,2022-05-26,SESSAO ORDINARIA,PRESENCIAL,UNIÃO,1
128260,339,2022-05-26,SESSAO ORDINARIA,PRESENCIAL,PV,1
128261,339,2022-05-26,SESSAO ORDINARIA,PRESENCIAL,PV,1
128262,339,2022-05-26,SESSAO ORDINARIA,PRESENCIAL,MDB,1
128263,339,2022-05-26,SESSAO ORDINARIA,PRESENCIAL,PL,1
128264,339,2022-05-26,SESSAO ORDINARIA,PRESENCIAL,PL,1
128265,339,2022-05-26,SESSAO ORDINARIA,PRESENCIAL,PP,1
128266,340,2022-05-31,SESSAO ORDINARIA,PRESENCIAL,PL,2
128267,340,2022-05-31,SESSAO ORDINARIA,PRESENCIAL,PT,2
128268,340,2022-05-31,SESSAO ORDINARIA,PRESENCIAL,PT,2
128269,340,2022-05-31,SESSAO ORDINARIA,PRESENCIAL,PSD,2
128270,340,2022-05-31,SESSAO ORDINARIA,PRESENCIAL,PL,2
128271,340,2022-05-31,SESSAO ORDINARIA,PRESENCIAL,PROS,2
128272,340,2022-05-31,SESSAO ORDINARIA,PRESENCIAL,REPUBLICANOS,2
128273,340,2022-05-31,SESSAO ORDINARIA,PRESENCIAL,UNIÃO,1
128274,340,2022-05-31,SESSAO ORDINARIA,PRESENCIAL,PSOL,2
128275,340,2022-05-31,SESSAO ORDINARIA,PRESENCIAL,MDB,1
128276,340,2022-05-31,SESSAO ORDINARIA,PRESENCIAL,MDB,2
128277,340,2022-05-31,SESSAO ORDINARIA,PRESENCIAL,AGIR,1
128278,340,2022-05-31,SESSAO ORDINARIA,PRESENCIAL,PSD,2
128279,340,2022-05-31,SESSAO ORDINARIA,PRESENCIAL,PP,2
128280,340,2022-05-31,SESSAO ORDINARIA,PRESENCIAL,AVANTE,2
128281,340,2022-05-31,SESSAO ORDINARIA,PRESENCIAL,UNIÃO,1
128282,340,2022-05-31,SESSAO ORDINARIA,PRESENCIAL,PV,2
128283,340,2022-05-31,SESSAO ORDINARIA,PRESENCIAL,REPUBLICANOS,2
128284,340,2022-05-31,SESSAO ORDINARIA,PRESENCIAL,PV,2
128285,340,2022-05-31,SESSAO ORDINARIA,PRESENCIAL,MDB,2
128286,340,2022-05-31,SESSAO ORDINARIA,PRESENCIAL,PL,2
128287,340,2022-05-31,SESSAO ORDINARIA,PRESENCIAL,PSD,2
128288,340,2022-05-31,SESSAO ORDINARIA,PRESENCIAL,PL,2
128289,341,2022-06-01,SESSAO ORDINARIA,PRESENCIAL,PL,1
128290,341,2022-06-01,SESSAO ORDINARIA,PRESENCIAL,PT,1
128291,341,2022-06-01,SESSAO ORDINARIA,PRESENCIAL,PT,1
128292,341,2022-06-01,SESSAO ORDINARIA,PRESENCIAL,PROS,1
128293,341,2022-06-01,SESSAO ORDINARIA,PRESENCIAL,REPUBLICANOS,1
128294,341,2022-06-01,SESSAO ORDINARIA,PRESENCIAL,PSOL,1
128295,341,2022-06-01,SESSAO ORDINARIA,PRESENCIAL,MDB,1
128296,341,2022-06-01,SESSAO ORDINARIA,PRESENCIAL,MDB,1
128297,341,2022-06-01,SESSAO ORDINARIA,PRESENCIAL,AGIR,1
128298,341,2022-06-01,SESSAO ORDINARIA,PRESENCIAL,AVANTE,1
128299,341,2022-06-01,SESSAO ORDINARIA,PRESENCIAL,PV,1
128300,341,2022-06-01,SESSAO ORDINARIA,PRESENCIAL,REPUBLICANOS,1
128301,341,2022-06-01,SESSAO ORDINARIA,PRESENCIAL,PV,1
128302,341,2022-06-01,SESSAO ORDINARIA,PRESENCIAL,MDB,1
128303,341,2022-06-01,SESSAO ORDINARIA,PRESENCIAL,PL,1
128304,341,2022-06-01,SESSAO ORDINARIA,PRESENCIAL,PL,1
128305,341,2022-06-01,SESSAO ORDINARIA,PRESENCIAL,PP,1
128306,342,2022-06-02,SESSAO ORDINARIA,PRESENCIAL,PL,1
128307,342,2022-06-02,SESSAO ORDINARIA,PRESENCIAL,PT,1
128308,342,2022-06-02,SESSAO ORDINARIA,PRESENCIAL,PT,1
128309,342,2022-06-02,SESSAO ORDINARIA,PRESENCIAL,REPUBLICANOS,1
128310,342,2022-06-02,SESSAO ORDINARIA,PRESENCIAL,AVANTE,1
128311,342,2022-06-02,SESSAO ORDINARIA,PRESENCIAL,UNIÃO,1
128312,342,2022-06-02,SESSAO ORDINARIA,PRESENCIAL,PV,1
128313,342,2022-06-02,SESSAO ORDINARIA,PRESENCIAL,PV,1
128314,342,2022-06-02,SESSAO ORDINARIA,PRESENCIAL,PL,1
128315,342,2022-06-02,SESSAO ORDINARIA,PRESENCIAL,PSD,1
128316,342,2022-06-02,SESSAO ORDINARIA,PRESENCIAL,PL,1
128317,342,2022-06-02,SESSAO ORDINARIA,PRESENCIAL,PP,1
128318,343,2022-06-07,SESSAO ORDINARIA,PRESENCIAL,PL,1
128319,343,2022-06-07,SESSAO ORDINARIA,PRESENCIAL,PT,1
128320,343,2022-06-07,SESSAO ORDINARIA,PRESENCIAL,PT,1
128321,343,2022-06-07,SESSAO ORDINARIA,PRESENCIAL,PSD,1
128322,343,2022-06-07,SESSAO ORDINARIA,PRESENCIAL,PROS,1
128323,343,2022-06-07,SESSAO ORDINARIA,PRESENCIAL,REPUBLICANOS,1
128324,343,2022-06-07,SESSAO ORDINARIA,PRESENCIAL,UNIÃO,1
128325,343,2022-06-07,SESSAO ORDINARIA,PRESENCIAL,PSOL,1
128326,343,2022-06-07,SESSAO ORDINARIA,PRESENCIAL,MDB,1
128327,343,2022-06-07,SESSAO ORDINARIA,PRESENCIAL,MDB,1
128328,343,2022-06-07,SESSAO ORDINARIA,PRESENCIAL,AGIR,1
128329,343,2022-06-07,SESSAO ORDINARIA,PRESENCIAL,PSD,1
128330,343,2022-06-07,SESSAO ORDINARIA,PRESENCIAL,PP,1
128331,343,2022-06-07,SESSAO ORDINARIA,PRESENCIAL,UNIÃO,1
128332,343,2022-06-07,SESSAO ORDINARIA,PRESENCIAL,PV,1
128333,343,2022-06-07,SESSAO ORDINARIA,PRESENCIAL,REPUBLICANOS,1
128334,343,2022-06-07,SESSAO ORDINARIA,PRESENCIAL,PV,1
128335,343,2022-06-07,SESSAO ORDINARIA,PRESENCIAL,MDB,1
128336,343,2022-06-07,SESSAO ORDINARIA,PRESENCIAL,PL,1
128337,343,2022-06-07,SESSAO ORDINARIA,PRESENCIAL,PSD,1
128338,343,2022-06-07,SESSAO ORDINARIA,PRESENCIAL,PL,1
128339,343,2022-06-07,SESSAO ORDINARIA,PRESENCIAL,PP,1
128340,344,2022-06-08,SESSAO ORDINARIA,PRESENCIAL,PL,1
128341,344,2022-06-08,SESSAO ORDINARIA,PRESENCIAL,PT,1
128342,344,2022-06-08,SESSAO ORDINARIA,PRESENCIAL,PT,1
128343,344,2022-06-08,SESSAO ORDINARIA,PRESENCIAL,PSD,1
128344,344,2022-06-08,SESSAO ORDINARIA,PRESENCIAL,PROS,1
128345,344,2022-06-08,SESSAO ORDINARIA,PRESENCIAL,REPUBLICANOS,1
128346,344,2022-06-08,SESSAO ORDINARIA,PRESENCIAL,UNIÃO,1
128347,344,2022-06-08,SESSAO ORDINARIA,PRESENCIAL,PSOL,1
128348,344,2022-06-08,SESSAO ORDINARIA,PRESENCIAL,MDB,1
128349,344,2022-06-08,SESSAO ORDINARIA,PRESENCIAL,MDB,1
128350,344,2022-06-08,SESSAO ORDINARIA,PRESENCIAL,AVANTE,1
128351,344,2022-06-08,SESSAO ORDINARIA,PRESENCIAL,UNIÃO,1
128352,344,2022-06-08,SESSAO ORDINARIA,PRESENCIAL,PV,1
128353,344,2022-06-08,SESSAO ORDINARIA,PRESENCIAL,PV,1
128354,344,2022-06-08,SESSAO ORDINARIA,PRESENCIAL,MDB,1
128355,344,2022-06-08,SESSAO ORDINARIA,PRESENCIAL,PL,1
128356,344,2022-06-08,SESSAO ORDINARIA,PRESENCIAL,PSD,1
128357,344,2022-06-08,SESSAO ORDINARIA,PRESENCIAL,PL,1
128358,344,2022-06-08,SESSAO ORDINARIA,PRESENCIAL,PP,1
128359,345,2022-06-21,SESSAO EXTRAORDINARIA,PRESENCIAL,PL,1
128360,345,2022-06-21,SESSAO EXTRAORDINARIA,PRESENCIAL,PT,1
128361,345,2022-06-21,SESSAO EXTRAORDINARIA,PRESENCIAL,PT,1
128362,345,2022-06-21,SESSAO EXTRAORDINARIA,PRESENCIAL,PROS,1
128363,345,2022-06-21,SESSAO EXTRAORDINARIA,PRESENCIAL,REPUBLICANOS,1
128364,345,2022-06-21,SESSAO EXTRAORDINARIA,PRESENCIAL,UNIÃO,1
128365,345,2022-06-21,SESSAO EXTRAORDINARIA,PRESENCIAL,PSOL,1
128366,345,2022-06-21,SESSAO EXTRAORDINARIA,PRESENCIAL,MDB,1
128367,345,2022-06-21,SESSAO EXTRAORDINARIA,PRESENCIAL,AGIR,1
128368,345,2022-06-21,SESSAO EXTRAORDINARIA,PRESENCIAL,PSD,1
128369,345,2022-06-21,SESSAO EXTRAORDINARIA,PRESENCIAL,REPUBLICANOS,1
128370,345,2022-06-21,SESSAO EXTRAORDINARIA,PRESENCIAL,PV,1
128371,345,2022-06-21,SESSAO EXTRAORDINARIA,PRESENCIAL,PP,1
128372,346,2022-06-09,SESSAO ORDINARIA,PRESENCIAL,PT,1
128373,346,2022-06-09,SESSAO ORDINARIA,PRESENCIAL,UNIÃO,1
128374,346,2022-06-09,SESSAO ORDINARIA,PRESENCIAL,PSOL,1
128375,346,2022-06-09,SESSAO ORDINARIA,PRESENCIAL,AGIR,1
128376,346,2022-06-09,SESSAO ORDINARIA,PRESENCIAL,PL,1
128377,347,2022-06-14,SESSAO ORDINARIA,PRESENCIAL,PT,1
128378,347,2022-06-14,SESSAO ORDINARIA,PRESENCIAL,PT,1
128379,347,2022-06-14,SESSAO ORDINARIA,PRESENCIAL,PSD,1
128380,347,2022-06-14,SESSAO ORDINARIA,PRESENCIAL,PROS,1
128381,347,2022-06-14,SESSAO ORDINARIA,PRESENCIAL,REPUBLICANOS,1
128382,347,2022-06-14,SESSAO ORDINARIA,PRESENCIAL,UNIÃO,1
128383,347,2022-06-14,SESSAO ORDINARIA,PRESENCIAL,PSOL,1
128384,347,2022-06-14,SESSAO ORDINARIA,PRESENCIAL,MDB,1
128385,347,2022-06-14,SESSAO ORDINARIA,PRESENCIAL,MDB,1
128386,347,2022-06-14,SESSAO ORDINARIA,PRESENCIAL,PSD,1
128387,347,2022-06-14,SESSAO ORDINARIA,PRESENCIAL,AVANTE,1
128388,347,2022-06-14,SESSAO ORDINARIA,PRESENCIAL,UNIÃO,1
128389,347,2022-06-14,SESSAO ORDINARIA,PRESENCIAL,PV,1
128390,347,2022-06-14,SESSAO ORDINARIA,PRESENCIAL,PV,1
128391,347,2022-06-14,SESSAO ORDINARIA,PRESENCIAL,PL,1
128392,347,2022-06-14,SESSAO ORDINARIA,PRESENCIAL,PSD,1
128393,347,2022-06-14,SESSAO ORDINARIA,PRESENCIAL,PL,1
128394,347,2022-06-14,SESSAO ORDINARIA,PRESENCIAL,PP,1
128395,348,2022-06-15,SESSAO ORDINARIA,PRESENCIAL,PT,1
128396,348,2022-06-15,SESSAO ORDINARIA,PRESENCIAL,PT,1
128397,348,2022-06-15,SESSAO ORDINARIA,PRESENCIAL,PROS,1
128398,348,2022-06-15,SESSAO ORDINARIA,PRESENCIAL,AGIR,1
128399,348,2022-06-15,SESSAO ORDINARIA,PRESENCIAL,AVANTE,1
128400,348,2022-06-15,SESSAO ORDINARIA,PRESENCIAL,PV,1
128401,349,2022-06-21,SESSAO ORDINARIA,PRESENCIAL,PL,1
128402,349,2022-06-21,SESSAO ORDINARIA,PRESENCIAL,PT,1
128403,349,2022-06-21,SESSAO ORDINARIA,PRESENCIAL,PT,1
128404,349,2022-06-21,SESSAO ORDINARIA,PRESENCIAL,PSD,1
128405,349,2022-06-21,SESSAO ORDINARIA,PRESENCIAL,PL,1
128406,349,2022-06-21,SESSAO ORDINARIA,PRESENCIAL,PROS,1
128407,349,2022-06-21,SESSAO ORDINARIA,PRESENCIAL,REPUBLICANOS,1
128408,349,2022-06-21,SESSAO ORDINARIA,PRESENCIAL,UNIÃO,1
128409,349,2022-06-21,SESSAO ORDINARIA,PRESENCIAL,PSOL,1
128410,349,2022-06-21,SESSAO ORDINARIA,PRESENCIAL,MDB,1
128411,349,2022-06-21,SESSAO ORDINARIA,PRESENCIAL,MDB,1
128412,349,2022-06-21,SESSAO ORDINARIA,PRESENCIAL,AGIR,1
128413,349,2022-06-21,SESSAO ORDINARIA,PRESENCIAL,PSD,1
128414,349,2022-06-21,SESSAO ORDINARIA,PRESENCIAL,AVANTE,1
128415,349,2022-06-21,SESSAO ORDINARIA,PRESENCIAL,UNIÃO,1
128416,349,2022-06-21,SESSAO ORDINARIA,PRESENCIAL,PV,1
128417,349,2022-06-21,SESSAO ORDINARIA,PRESENCIAL,REPUBLICANOS,1
128418,349,2022-06-21,SESSAO ORDINARIA,PRESENCIAL,PV,1
128419,349,2022-06-21,SESSAO ORDINARIA,PRESENCIAL,MDB,1
128420,349,2022-06-21,SESSAO ORDINARIA,PRESENCIAL,PL,1
128421,349,2022-06-21,SESSAO ORDINARIA,PRESENCIAL,PL,1
128422,349,2022-06-21,SESSAO ORDINARIA,PRESENCIAL,PP,1
128423,350,2022-06-22,SESSAO ORDINARIA,PRESENCIAL,PL,1
128424,350,2022-06-22,SESSAO ORDINARIA,PRESENCIAL,PT,1
128425,350,2022-06-22,SESSAO ORDINARIA,PRESENCIAL,PT,1
128426,350,2022-06-22,SESSAO ORDINARIA,PRESENCIAL,PROS,1
128427,350,2022-06-22,SESSAO ORDINARIA,PRESENCIAL,REPUBLICANOS,1
128428,350,2022-06-22,SESSAO ORDINARIA,PRESENCIAL,UNIÃO,1
128429,350,2022-06-22,SESSAO ORDINARIA,PRESENCIAL,PSOL,1
128430,350,2022-06-22,SESSAO ORDINARIA,PRESENCIAL,AGIR,1
128431,350,2022-06-22,SESSAO ORDINARIA,PRESENCIAL,PSD,1
128432,350,2022-06-22,SESSAO ORDINARIA,PRESENCIAL,UNIÃO,1
128433,350,2022-06-22,SESSAO ORDINARIA,PRESENCIAL,REPUBLICANOS,1
128434,350,2022-06-22,SESSAO ORDINARIA,PRESENCIAL,PV,1
128435,350,2022-06-22,SESSAO ORDINARIA,PRESENCIAL,MDB,1
128436,350,2022-06-22,SESSAO ORDINARIA,PRESENCIAL,PL,1
128437,350,2022-06-22,SESSAO ORDINARIA,PRESENCIAL,PSD,1
128438,350,2022-06-22,SESSAO ORDINARIA,PRESENCIAL,PL,1
128439,350,2022-06-22,SESSAO ORDINARIA,PRESENCIAL,PP,1
128440,351,2022-06-23,SESSAO ORDINARIA,PRESENCIAL,PT,1
128441,351,2022-06-23,SESSAO ORDINARIA,PRESENCIAL,REPUBLICANOS,1
128442,351,2022-06-23,SESSAO ORDINARIA,PRESENCIAL,PSOL,1
128443,351,2022-06-23,SESSAO ORDINARIA,PRESENCIAL,AVANTE,1
128444,351,2022-06-23,SESSAO ORDINARIA,PRESENCIAL,PV,1
128445,351,2022-06-23,SESSAO ORDINARIA,PRESENCIAL,PV,1
128446,351,2022-06-23,SESSAO ORDINARIA,PRESENCIAL,PL,1
128447,351,2022-06-23,SESSAO ORDINARIA,PRESENCIAL,PSD,1
128448,351,2022-06-23,SESSAO ORDINARIA,PRESENCIAL,PL,1
128449,351,2022-06-23,SESSAO ORDINARIA,PRESENCIAL,PP,1
128450,352,2022-06-28,SESSAO ORDINARIA,PRESENCIAL,PL,2
128451,352,2022-06-28,SESSAO ORDINARIA,PRESENCIAL,PT,2
128452,352,2022-06-28,SESSAO ORDINARIA,PRESENCIAL,PT,2
128453,352,2022-06-28,SESSAO ORDINARIA,PRESENCIAL,PSD,2
128454,352,2022-06-28,SESSAO ORDINARIA,PRESENCIAL,PL,1
128455,352,2022-06-28,SESSAO ORDINARIA,PRESENCIAL,PROS,2
128456,352,2022-06-28,SESSAO ORDINARIA,PRESENCIAL,REPUBLICANOS,1
128457,352,2022-06-28,SESSAO ORDINARIA,PRESENCIAL,UNIÃO,2
128458,352,2022-06-28,SESSAO ORDINARIA,PRESENCIAL,PSOL,2
128459,352,2022-06-28,SESSAO ORDINARIA,PRESENCIAL,MDB,1
128460,352,2022-06-28,SESSAO ORDINARIA,PRESENCIAL,MDB,1
128461,352,2022-06-28,SESSAO ORDINARIA,PRESENCIAL,AGIR,2
128462,352,2022-06-28,SESSAO ORDINARIA,PRESENCIAL,PSD,2
128463,352,2022-06-28,SESSAO ORDINARIA,PRESENCIAL,PP,1
128464,352,2022-06-28,SESSAO ORDINARIA,PRESENCIAL,AVANTE,1
128465,352,2022-06-28,SESSAO ORDINARIA,PRESENCIAL,UNIÃO,2
128466,352,2022-06-28,SESSAO ORDINARIA,PRESENCIAL,PV,3
128467,352,2022-06-28,SESSAO ORDINARIA,PRESENCIAL,REPUBLICANOS,1
128468,352,2022-06-28,SESSAO ORDINARIA,PRESENCIAL,PV,2
128469,352,2022-06-28,SESSAO ORDINARIA,PRESENCIAL,MDB,1
128470,352,2022-06-28,SESSAO ORDINARIA,PRESENCIAL,PL,1
128471,352,2022-06-28,SESSAO ORDINARIA,PRESENCIAL,PSD,1
128472,352,2022-06-28,SESSAO ORDINARIA,PRESENCIAL,PL,2
128473,352,2022-06-28,SESSAO ORDINARIA,PRESENCIAL,PP,2
128474,353,2022-06-29,SESSAO EXTRAORDINARIA,PRESENCIAL,PL,2
128475,353,2022-06-29,SESSAO EXTRAORDINARIA,PRESENCIAL,PT,1
128476,353,2022-06-29,SESSAO EXTRAORDINARIA,PRESENCIAL,PT,1
128477,353,2022-06-29,SESSAO EXTRAORDINARIA,PRESENCIAL,PSD,1
128478,353,2022-06-29,SESSAO EXTRAORDINARIA,PRESENCIAL,PROS,1
128479,353,2022-06-29,SESSAO EXTRAORDINARIA,PRESENCIAL,REPUBLICANOS,1
128480,353,2022-06-29,SESSAO EXTRAORDINARIA,PRESENCIAL,PSOL,2
128481,353,2022-06-29,SESSAO EXTRAORDINARIA,PRESENCIAL,MDB,1
128482,353,2022-06-29,SESSAO EXTRAORDINARIA,PRESENCIAL,MDB,1
128483,353,2022-06-29,SESSAO EXTRAORDINARIA,PRESENCIAL,AGIR,1
128484,353,2022-06-29,SESSAO EXTRAORDINARIA,PRESENCIAL,PSD,2
128485,353,2022-06-29,SESSAO EXTRAORDINARIA,PRESENCIAL,PP,1
128486,353,2022-06-29,SESSAO EXTRAORDINARIA,PRESENCIAL,AVANTE,1
128487,353,2022-06-29,SESSAO EXTRAORDINARIA,PRESENCIAL,UNIÃO,1
128488,353,2022-06-29,SESSAO EXTRAORDINARIA,PRESENCIAL,PV,1
128489,353,2022-06-29,SESSAO EXTRAORDINARIA,PRESENCIAL,REPUBLICANOS,1
128490,353,2022-06-29,SESSAO EXTRAORDINARIA,PRESENCIAL,PV,1
128491,353,2022-06-29,SESSAO EXTRAORDINARIA,PRESENCIAL,MDB,1
128492,353,2022-06-29,SESSAO EXTRAORDINARIA,PRESENCIAL,PL,1
128493,353,2022-06-29,SESSAO EXTRAORDINARIA,PRESENCIAL,PSD,1
128494,353,2022-06-29,SESSAO EXTRAORDINARIA,PRESENCIAL,PL,1
128495,353,2022-06-29,SESSAO EXTRAORDINARIA,PRESENCIAL,PP,1
128496,354,2022-06-29,SESSAO ORDINARIA,PRESENCIAL,PL,1
128497,354,2022-06-29,SESSAO ORDINARIA,PRESENCIAL,PT,1
128498,354,2022-06-29,SESSAO ORDINARIA,PRESENCIAL,PT,1
128499,354,2022-06-29,SESSAO ORDINARIA,PRESENCIAL,PSD,1
128500,354,2022-06-29,SESSAO ORDINARIA,PRESENCIAL,PL,1
128501,354,2022-06-29,SESSAO ORDINARIA,PRESENCIAL,PROS,1
128502,354,2022-06-29,SESSAO ORDINARIA,PRESENCIAL,REPUBLICANOS,1
128503,354,2022-06-29,SESSAO ORDINARIA,PRESENCIAL,UNIÃO,1
128504,354,2022-06-29,SESSAO ORDINARIA,PRESENCIAL,PSOL,1
128505,354,2022-06-29,SESSAO ORDINARIA,PRESENCIAL,MDB,1
128506,354,2022-06-29,SESSAO ORDINARIA,PRESENCIAL,MDB,1
128507,354,2022-06-29,SESSAO ORDINARIA,PRESENCIAL,AGIR,1
128508,354,2022-06-29,SESSAO ORDINARIA,PRESENCIAL,PSD,1
128509,354,2022-06-29,SESSAO ORDINARIA,PRESENCIAL,PP,1
128510,354,2022-06-29,SESSAO ORDINARIA,PRESENCIAL,AVANTE,1
128511,354,2022-06-29,SESSAO ORDINARIA,PRESENCIAL,UNIÃO,1
128512,354,2022-06-29,SESSAO ORDINARIA,PRESENCIAL,PV,1
128513,354,2022-06-29,SESSAO ORDINARIA,PRESENCIAL,REPUBLICANOS,1
128514,354,2022-06-29,SESSAO ORDINARIA,PRESENCIAL,PV,1
128515,354,2022-06-29,SESSAO ORDINARIA,PRESENCIAL,MDB,1
128516,354,2022-06-29,SESSAO ORDINARIA,PRESENCIAL,PL,1
128517,354,2022-06-29,SESSAO ORDINARIA,PRESENCIAL,PSD,1
128518,354,2022-06-29,SESSAO ORDINARIA,PRESENCIAL,PL,1
128519,354,2022-06-29,SESSAO ORDINARIA,PRESENCIAL,PP,1
128520,355,2022-06-29,SESSAO EXTRAORDINARIA,PRESENCIAL,PL,1
128521,355,2022-06-29,SESSAO EXTRAORDINARIA,PRESENCIAL,PT,1
128522,355,2022-06-29,SESSAO EXTRAORDINARIA,PRESENCIAL,PT,1
128523,355,2022-06-29,SESSAO EXTRAORDINARIA,PRESENCIAL,PSD,1
128524,355,2022-06-29,SESSAO EXTRAORDINARIA,PRESENCIAL,PROS,1
128525,355,2022-06-29,SESSAO EXTRAORDINARIA,PRESENCIAL,PSOL,1
128526,355,2022-06-29,SESSAO EXTRAORDINARIA,PRESENCIAL,PSD,1
128527,355,2022-06-29,SESSAO EXTRAORDINARIA,PRESENCIAL,AVANTE,1
128528,355,2022-06-29,SESSAO EXTRAORDINARIA,PRESENCIAL,REPUBLICANOS,1
128529,355,2022-06-29,SESSAO EXTRAORDINARIA,PRESENCIAL,PV,1
128530,355,2022-06-29,SESSAO EXTRAORDINARIA,PRESENCIAL,MDB,1
128531,355,2022-06-29,SESSAO EXTRAORDINARIA,PRESENCIAL,PL,1
128532,355,2022-06-29,SESSAO EXTRAORDINARIA,PRESENCIAL,PSD,1
128533,355,2022-06-29,SESSAO EXTRAORDINARIA,PRESENCIAL,PL,1
128534,355,2022-06-29,SESSAO EXTRAORDINARIA,PRESENCIAL,PP,1
128535,356,2022-06-30,SESSAO ORDINARIA,PRESENCIAL,PT,1
128536,356,2022-06-30,SESSAO ORDINARIA,PRESENCIAL,AVANTE,1
128537,357,2022-08-02,SESSAO ORDINARIA,PRESENCIAL,PL,1
128538,357,2022-08-02,SESSAO ORDINARIA,PRESENCIAL,PT,1
128539,357,2022-08-02,SESSAO ORDINARIA,PRESENCIAL,PT,1
128540,357,2022-08-02,SESSAO ORDINARIA,PRESENCIAL,PSD,1
128541,357,2022-08-02,SESSAO ORDINARIA,PRESENCIAL,PROS,1
128542,357,2022-08-02,SESSAO ORDINARIA,PRESENCIAL,REPUBLICANOS,1
128543,357,2022-08-02,SESSAO ORDINARIA,PRESENCIAL,PSOL,1
128544,357,2022-08-02,SESSAO ORDINARIA,PRESENCIAL,MDB,1
128545,357,2022-08-02,SESSAO ORDINARIA,PRESENCIAL,MDB,1
128546,357,2022-08-02,SESSAO ORDINARIA,PRESENCIAL,AGIR,1
128547,357,2022-08-02,SESSAO ORDINARIA,PRESENCIAL,UNIÃO,1
128548,357,2022-08-02,SESSAO ORDINARIA,PRESENCIAL,PV,1
128549,357,2022-08-02,SESSAO ORDINARIA,PRESENCIAL,REPUBLICANOS,1
128550,357,2022-08-02,SESSAO ORDINARIA,PRESENCIAL,PV,1
128551,357,2022-08-02,SESSAO ORDINARIA,PRESENCIAL,MDB,1
128552,357,2022-08-02,SESSAO ORDINARIA,PRESENCIAL,PL,1
128553,357,2022-08-02,SESSAO ORDINARIA,PRESENCIAL,PP,1
128554,358,2022-08-30,SESSAO EXTRAORDINARIA,PRESENCIAL,PL,1
128555,358,2022-08-30,SESSAO EXTRAORDINARIA,PRESENCIAL,PT,1
128556,358,2022-08-30,SESSAO EXTRAORDINARIA,PRESENCIAL,PT,1
128557,358,2022-08-30,SESSAO EXTRAORDINARIA,PRESENCIAL,PSD,1
128558,358,2022-08-30,SESSAO EXTRAORDINARIA,PRESENCIAL,PL,1
128559,358,2022-08-30,SESSAO EXTRAORDINARIA,PRESENCIAL,PSOL,1
128560,358,2022-08-30,SESSAO EXTRAORDINARIA,PRESENCIAL,MDB,1
128561,358,2022-08-30,SESSAO EXTRAORDINARIA,PRESENCIAL,AGIR,1
128562,358,2022-08-30,SESSAO EXTRAORDINARIA,PRESENCIAL,PP,1
128563,358,2022-08-30,SESSAO EXTRAORDINARIA,PRESENCIAL,UNIÃO,1
128564,358,2022-08-30,SESSAO EXTRAORDINARIA,PRESENCIAL,REPUBLICANOS,1
128565,358,2022-08-30,SESSAO EXTRAORDINARIA,PRESENCIAL,PV,1
128566,358,2022-08-30,SESSAO EXTRAORDINARIA,PRESENCIAL,MDB,1
128567,358,2022-08-30,SESSAO EXTRAORDINARIA,PRESENCIAL,PL,1
128568,359,2022-08-03,SESSAO ORDINARIA,PRESENCIAL,PL,1
128569,359,2022-08-03,SESSAO ORDINARIA,PRESENCIAL,PT,1
128570,359,2022-08-03,SESSAO ORDINARIA,PRESENCIAL,PT,1
128571,359,2022-08-03,SESSAO ORDINARIA,PRESENCIAL,PROS,1
128572,359,2022-08-03,SESSAO ORDINARIA,PRESENCIAL,REPUBLICANOS,1
128573,359,2022-08-03,SESSAO ORDINARIA,PRESENCIAL,PSOL,1
128574,359,2022-08-03,SESSAO ORDINARIA,PRESENCIAL,MDB,1
128575,359,2022-08-03,SESSAO ORDINARIA,PRESENCIAL,AGIR,1
128576,359,2022-08-03,SESSAO ORDINARIA,PRESENCIAL,PV,1
128577,359,2022-08-03,SESSAO ORDINARIA,PRESENCIAL,PV,1
128578,359,2022-08-03,SESSAO ORDINARIA,PRESENCIAL,MDB,1
128579,359,2022-08-03,SESSAO ORDINARIA,PRESENCIAL,PL,1
128580,360,2022-08-04,SESSAO ORDINARIA,PRESENCIAL,PL,1
128581,360,2022-08-04,SESSAO ORDINARIA,PRESENCIAL,PT,1
128582,360,2022-08-04,SESSAO ORDINARIA,PRESENCIAL,PT,1
128583,360,2022-08-04,SESSAO ORDINARIA,PRESENCIAL,REPUBLICANOS,1
128584,360,2022-08-04,SESSAO ORDINARIA,PRESENCIAL,PV,1
128585,360,2022-08-04,SESSAO ORDINARIA,PRESENCIAL,PL,1
128586,360,2022-08-04,SESSAO ORDINARIA,PRESENCIAL,PL,1
128587,360,2022-08-04,SESSAO ORDINARIA,PRESENCIAL,PP,1
128588,361,2022-08-09,SESSAO ORDINARIA,PRESENCIAL,PL,1
128589,361,2022-08-09,SESSAO ORDINARIA,PRESENCIAL,PT,2
128590,361,2022-08-09,SESSAO ORDINARIA,PRESENCIAL,PT,2
128591,361,2022-08-09,SESSAO ORDINARIA,PRESENCIAL,PSD,1
128592,361,2022-08-09,SESSAO ORDINARIA,PRESENCIAL,PROS,2
128593,361,2022-08-09,SESSAO ORDINARIA,PRESENCIAL,REPUBLICANOS,2
128594,361,2022-08-09,SESSAO ORDINARIA,PRESENCIAL,UNIÃO,1
128595,361,2022-08-09,SESSAO ORDINARIA,PRESENCIAL,PSOL,1
128596,361,2022-08-09,SESSAO ORDINARIA,PRESENCIAL,MDB,1
128597,361,2022-08-09,SESSAO ORDINARIA,PRESENCIAL,MDB,2
128598,361,2022-08-09,SESSAO ORDINARIA,PRESENCIAL,AGIR,2
128599,361,2022-08-09,SESSAO ORDINARIA,PRESENCIAL,PSD,2
128600,361,2022-08-09,SESSAO ORDINARIA,PRESENCIAL,UNIÃO,2
128601,361,2022-08-09,SESSAO ORDINARIA,PRESENCIAL,PV,2
128602,361,2022-08-09,SESSAO ORDINARIA,PRESENCIAL,REPUBLICANOS,2
128603,361,2022-08-09,SESSAO ORDINARIA,PRESENCIAL,MDB,1
128604,361,2022-08-09,SESSAO ORDINARIA,PRESENCIAL,PL,1
128605,361,2022-08-09,SESSAO ORDINARIA,PRESENCIAL,PSD,2
128606,361,2022-08-09,SESSAO ORDINARIA,PRESENCIAL,PL,1
128607,361,2022-08-09,SESSAO ORDINARIA,PRESENCIAL,PP,2
128608,362,2022-08-10,SESSAO ORDINARIA,PRESENCIAL,PV,1
128609,362,2022-08-10,SESSAO ORDINARIA,PRESENCIAL,MDB,1
128610,362,2022-08-10,SESSAO ORDINARIA,PRESENCIAL,PL,1
128611,362,2022-08-10,SESSAO ORDINARIA,PRESENCIAL,PL,1
128612,363,2022-08-11,SESSAO ORDINARIA,PRESENCIAL,PT,1
128613,363,2022-08-11,SESSAO ORDINARIA,PRESENCIAL,PT,1
128614,363,2022-08-11,SESSAO ORDINARIA,PRESENCIAL,PV,1
128615,363,2022-08-11,SESSAO ORDINARIA,PRESENCIAL,PV,1
128616,363,2022-08-11,SESSAO ORDINARIA,PRESENCIAL,PL,1
128617,363,2022-08-11,SESSAO ORDINARIA,PRESENCIAL,PP,1
128618,364,2022-08-16,SESSAO ORDINARIA,PRESENCIAL,PL,1
128619,364,2022-08-16,SESSAO ORDINARIA,PRESENCIAL,PT,1
128620,364,2022-08-16,SESSAO ORDINARIA,PRESENCIAL,PT,1
128621,364,2022-08-16,SESSAO ORDINARIA,PRESENCIAL,PSD,1
128622,364,2022-08-16,SESSAO ORDINARIA,PRESENCIAL,REPUBLICANOS,1
128623,364,2022-08-16,SESSAO ORDINARIA,PRESENCIAL,UNIÃO,1
128624,364,2022-08-16,SESSAO ORDINARIA,PRESENCIAL,PSOL,1
128625,364,2022-08-16,SESSAO ORDINARIA,PRESENCIAL,MDB,1
128626,364,2022-08-16,SESSAO ORDINARIA,PRESENCIAL,MDB,1
128627,364,2022-08-16,SESSAO ORDINARIA,PRESENCIAL,AGIR,1
128628,364,2022-08-16,SESSAO ORDINARIA,PRESENCIAL,PSD,1
128629,364,2022-08-16,SESSAO ORDINARIA,PRESENCIAL,AVANTE,1
128630,364,2022-08-16,SESSAO ORDINARIA,PRESENCIAL,UNIÃO,1
128631,364,2022-08-16,SESSAO ORDINARIA,PRESENCIAL,PV,1
128632,364,2022-08-16,SESSAO ORDINARIA,PRESENCIAL,REPUBLICANOS,1
128633,364,2022-08-16,SESSAO ORDINARIA,PRESENCIAL,PV,1
128634,364,2022-08-16,SESSAO ORDINARIA,PRESENCIAL,MDB,1
128635,364,2022-08-16,SESSAO ORDINARIA,PRESENCIAL,PSD,1
128636,364,2022-08-16,SESSAO ORDINARIA,PRESENCIAL,PL,1
128637,365,2022-08-17,SESSAO ORDINARIA,PRESENCIAL,PL,1
128638,365,2022-08-17,SESSAO ORDINARIA,PRESENCIAL,PT,1
128639,365,2022-08-17,SESSAO ORDINARIA,PRESENCIAL,PT,1
128640,365,2022-08-17,SESSAO ORDINARIA,PRESENCIAL,PROS,1
128641,365,2022-08-17,SESSAO ORDINARIA,PRESENCIAL,PSOL,1
128642,365,2022-08-17,SESSAO ORDINARIA,PRESENCIAL,MDB,1
128643,365,2022-08-17,SESSAO ORDINARIA,PRESENCIAL,AGIR,1
128644,365,2022-08-17,SESSAO ORDINARIA,PRESENCIAL,AVANTE,1
128645,365,2022-08-17,SESSAO ORDINARIA,PRESENCIAL,UNIÃO,1
128646,365,2022-08-17,SESSAO ORDINARIA,PRESENCIAL,PV,1
128647,365,2022-08-17,SESSAO ORDINARIA,PRESENCIAL,REPUBLICANOS,1
128648,365,2022-08-17,SESSAO ORDINARIA,PRESENCIAL,MDB,1
128649,365,2022-08-17,SESSAO ORDINARIA,PRESENCIAL,PL,1
128650,365,2022-08-17,SESSAO ORDINARIA,PRESENCIAL,PP,1
128651,366,2022-08-18,SESSAO ORDINARIA,PRESENCIAL,PT,1
128652,366,2022-08-18,SESSAO ORDINARIA,PRESENCIAL,PT,1
128653,366,2022-08-18,SESSAO ORDINARIA,PRESENCIAL,PSOL,1
128654,367,2022-08-23,SESSAO ORDINARIA,PRESENCIAL,PL,2
128655,367,2022-08-23,SESSAO ORDINARIA,PRESENCIAL,PT,2
128656,367,2022-08-23,SESSAO ORDINARIA,PRESENCIAL,PT,2
128657,367,2022-08-23,SESSAO ORDINARIA,PRESENCIAL,PSD,2
128658,367,2022-08-23,SESSAO ORDINARIA,PRESENCIAL,PROS,2
128659,367,2022-08-23,SESSAO ORDINARIA,PRESENCIAL,REPUBLICANOS,2
128660,367,2022-08-23,SESSAO ORDINARIA,PRESENCIAL,UNIÃO,1
128661,367,2022-08-23,SESSAO ORDINARIA,PRESENCIAL,PSOL,2
128662,367,2022-08-23,SESSAO ORDINARIA,PRESENCIAL,MDB,1
128663,367,2022-08-23,SESSAO ORDINARIA,PRESENCIAL,MDB,2
128664,367,2022-08-23,SESSAO ORDINARIA,PRESENCIAL,AGIR,2
128665,367,2022-08-23,SESSAO ORDINARIA,PRESENCIAL,PSD,1
128666,367,2022-08-23,SESSAO ORDINARIA,PRESENCIAL,REPUBLICANOS,2
128667,367,2022-08-23,SESSAO ORDINARIA,PRESENCIAL,PV,2
128668,367,2022-08-23,SESSAO ORDINARIA,PRESENCIAL,PL,2
128669,367,2022-08-23,SESSAO ORDINARIA,PRESENCIAL,PSD,1
128670,367,2022-08-23,SESSAO ORDINARIA,PRESENCIAL,PL,2
128671,367,2022-08-23,SESSAO ORDINARIA,PRESENCIAL,PP,2
128672,368,2022-08-24,SESSAO ORDINARIA,PRESENCIAL,PL,1
128673,368,2022-08-24,SESSAO ORDINARIA,PRESENCIAL,PT,1
128674,368,2022-08-24,SESSAO ORDINARIA,PRESENCIAL,PT,1
128675,368,2022-08-24,SESSAO ORDINARIA,PRESENCIAL,REPUBLICANOS,1
128676,368,2022-08-24,SESSAO ORDINARIA,PRESENCIAL,PSOL,1
128677,368,2022-08-24,SESSAO ORDINARIA,PRESENCIAL,AGIR,1
128678,368,2022-08-24,SESSAO ORDINARIA,PRESENCIAL,PSD,1
128679,368,2022-08-24,SESSAO ORDINARIA,PRESENCIAL,PV,1
128680,368,2022-08-24,SESSAO ORDINARIA,PRESENCIAL,REPUBLICANOS,1
128681,368,2022-08-24,SESSAO ORDINARIA,PRESENCIAL,PL,1
128682,368,2022-08-24,SESSAO ORDINARIA,PRESENCIAL,PL,1
128683,368,2022-08-24,SESSAO ORDINARIA,PRESENCIAL,PP,1
128684,369,2022-08-25,SESSAO ORDINARIA,PRESENCIAL,PT,1
128685,369,2022-08-25,SESSAO ORDINARIA,PRESENCIAL,PT,1
128686,369,2022-08-25,SESSAO ORDINARIA,PRESENCIAL,PV,1
128687,369,2022-08-25,SESSAO ORDINARIA,PRESENCIAL,MDB,1
128688,369,2022-08-25,SESSAO ORDINARIA,PRESENCIAL,PP,1
128689,370,2022-08-30,SESSAO ORDINARIA,PRESENCIAL,PL,2
128690,370,2022-08-30,SESSAO ORDINARIA,PRESENCIAL,PT,2
128691,370,2022-08-30,SESSAO ORDINARIA,PRESENCIAL,PT,2
128692,370,2022-08-30,SESSAO ORDINARIA,PRESENCIAL,PSD,1
128693,370,2022-08-30,SESSAO ORDINARIA,PRESENCIAL,PL,2
128694,370,2022-08-30,SESSAO ORDINARIA,PRESENCIAL,PROS,1
128695,370,2022-08-30,SESSAO ORDINARIA,PRESENCIAL,UNIÃO,1
128696,370,2022-08-30,SESSAO ORDINARIA,PRESENCIAL,PSOL,2
128697,370,2022-08-30,SESSAO ORDINARIA,PRESENCIAL,MDB,1
128698,370,2022-08-30,SESSAO ORDINARIA,PRESENCIAL,MDB,2
128699,370,2022-08-30,SESSAO ORDINARIA,PRESENCIAL,AGIR,2
128700,370,2022-08-30,SESSAO ORDINARIA,PRESENCIAL,PSD,2
128701,370,2022-08-30,SESSAO ORDINARIA,PRESENCIAL,PP,2
128702,370,2022-08-30,SESSAO ORDINARIA,PRESENCIAL,UNIÃO,2
128703,370,2022-08-30,SESSAO ORDINARIA,PRESENCIAL,PV,1
128704,370,2022-08-30,SESSAO ORDINARIA,PRESENCIAL,REPUBLICANOS,2
128705,370,2022-08-30,SESSAO ORDINARIA,PRESENCIAL,PV,2
128706,370,2022-08-30,SESSAO ORDINARIA,PRESENCIAL,MDB,2
128707,370,2022-08-30,SESSAO ORDINARIA,PRESENCIAL,PSD,1
128708,370,2022-08-30,SESSAO ORDINARIA,PRESENCIAL,PL,2
128709,370,2022-08-30,SESSAO ORDINARIA,PRESENCIAL,PP,1
128710,371,2022-08-31,SESSAO ORDINARIA,PRESENCIAL,PL,1
128711,371,2022-08-31,SESSAO ORDINARIA,PRESENCIAL,PT,1
128712,371,2022-08-31,SESSAO ORDINARIA,PRESENCIAL,PT,1
128713,371,2022-08-31,SESSAO ORDINARIA,PRESENCIAL,PSOL,1
128714,371,2022-08-31,SESSAO ORDINARIA,PRESENCIAL,MDB,1
128715,371,2022-08-31,SESSAO ORDINARIA,PRESENCIAL,AGIR,1
128716,371,2022-08-31,SESSAO ORDINARIA,PRESENCIAL,AVANTE,1
128717,371,2022-08-31,SESSAO ORDINARIA,PRESENCIAL,PV,1
128718,371,2022-08-31,SESSAO ORDINARIA,PRESENCIAL,REPUBLICANOS,1
128719,371,2022-08-31,SESSAO ORDINARIA,PRESENCIAL,PV,1
128720,371,2022-08-31,SESSAO ORDINARIA,PRESENCIAL,PL,1
128721,372,2022-09-13,SESSAO EXTRAORDINARIA,PRESENCIAL,PL,2
128722,372,2022-09-13,SESSAO EXTRAORDINARIA,PRESENCIAL,PT,1
128723,372,2022-09-13,SESSAO EXTRAORDINARIA,PRESENCIAL,PT,2
128724,372,2022-09-13,SESSAO EXTRAORDINARIA,PRESENCIAL,UNIÃO,1
128725,372,2022-09-13,SESSAO EXTRAORDINARIA,PRESENCIAL,PSOL,1
128726,372,2022-09-13,SESSAO EXTRAORDINARIA,PRESENCIAL,MDB,1
128727,372,2022-09-13,SESSAO EXTRAORDINARIA,PRESENCIAL,MDB,1
128728,372,2022-09-13,SESSAO EXTRAORDINARIA,PRESENCIAL,AGIR,2
128729,372,2022-09-13,SESSAO EXTRAORDINARIA,PRESENCIAL,AVANTE,1
128730,372,2022-09-13,SESSAO EXTRAORDINARIA,PRESENCIAL,REPUBLICANOS,2
128731,372,2022-09-13,SESSAO EXTRAORDINARIA,PRESENCIAL,MDB,1
128732,372,2022-09-13,SESSAO EXTRAORDINARIA,PRESENCIAL,PL,1
128733,372,2022-09-13,SESSAO EXTRAORDINARIA,PRESENCIAL,PP,1
128734,373,2022-09-01,SESSAO ORDINARIA,PRESENCIAL,PT,1
128735,373,2022-09-01,SESSAO ORDINARIA,PRESENCIAL,PSOL,1
128736,374,2022-09-08,SESSAO ORDINARIA,PRESENCIAL,PL,1
128737,374,2022-09-08,SESSAO ORDINARIA,PRESENCIAL,PT,1
128738,374,2022-09-08,SESSAO ORDINARIA,PRESENCIAL,PT,1
128739,374,2022-09-08,SESSAO ORDINARIA,PRESENCIAL,PSOL,1
128740,374,2022-09-08,SESSAO ORDINARIA,PRESENCIAL,AVANTE,1
128741,375,2022-09-13,SESSAO ORDINARIA,PRESENCIAL,PL,1
128742,375,2022-09-13,SESSAO ORDINARIA,PRESENCIAL,PT,1
128743,375,2022-09-13,SESSAO ORDINARIA,PRESENCIAL,PT,1
128744,375,2022-09-13,SESSAO ORDINARIA,PRESENCIAL,PSD,1
128745,375,2022-09-13,SESSAO ORDINARIA,PRESENCIAL,PROS,1
128746,375,2022-09-13,SESSAO ORDINARIA,PRESENCIAL,UNIÃO,1
128747,375,2022-09-13,SESSAO ORDINARIA,PRESENCIAL,PSOL,1
128748,375,2022-09-13,SESSAO ORDINARIA,PRESENCIAL,MDB,1
128749,375,2022-09-13,SESSAO ORDINARIA,PRESENCIAL,MDB,1
128750,375,2022-09-13,SESSAO ORDINARIA,PRESENCIAL,AGIR,1
128751,375,2022-09-13,SESSAO ORDINARIA,PRESENCIAL,AVANTE,1
128752,375,2022-09-13,SESSAO ORDINARIA,PRESENCIAL,UNIÃO,1
128753,375,2022-09-13,SESSAO ORDINARIA,PRESENCIAL,PV,1
128754,375,2022-09-13,SESSAO ORDINARIA,PRESENCIAL,REPUBLICANOS,1
128755,375,2022-09-13,SESSAO ORDINARIA,PRESENCIAL,PV,1
128756,375,2022-09-13,SESSAO ORDINARIA,PRESENCIAL,MDB,1
128757,375,2022-09-13,SESSAO ORDINARIA,PRESENCIAL,PL,1
128758,375,2022-09-13,SESSAO ORDINARIA,PRESENCIAL,PP,1
128759,376,2022-09-14,SESSAO ORDINARIA,PRESENCIAL,PL,1
128760,376,2022-09-14,SESSAO ORDINARIA,PRESENCIAL,PT,1
128761,376,2022-09-14,SESSAO ORDINARIA,PRESENCIAL,UNIÃO,1
128762,376,2022-09-14,SESSAO ORDINARIA,PRESENCIAL,PSOL,1
128763,376,2022-09-14,SESSAO ORDINARIA,PRESENCIAL,AVANTE,1
128764,376,2022-09-14,SESSAO ORDINARIA,PRESENCIAL,PV,1
128765,376,2022-09-14,SESSAO ORDINARIA,PRESENCIAL,PL,1
128766,377,2022-09-15,SESSAO ORDINARIA,PRESENCIAL,PT,1
128767,377,2022-09-15,SESSAO ORDINARIA,PRESENCIAL,PSOL,1
128768,377,2022-09-15,SESSAO ORDINARIA,PRESENCIAL,PSD,1
128769,377,2022-09-15,SESSAO ORDINARIA,PRESENCIAL,AVANTE,1
128770,377,2022-09-15,SESSAO ORDINARIA,PRESENCIAL,PV,1
128771,377,2022-09-15,SESSAO ORDINARIA,PRESENCIAL,PP,1
128772,378,2022-09-20,SESSAO ORDINARIA,PRESENCIAL,PL,1
128773,378,2022-09-20,SESSAO ORDINARIA,PRESENCIAL,PT,2
128774,378,2022-09-20,SESSAO ORDINARIA,PRESENCIAL,PT,2
128775,378,2022-09-20,SESSAO ORDINARIA,PRESENCIAL,PSD,1
128776,378,2022-09-20,SESSAO ORDINARIA,PRESENCIAL,REPUBLICANOS,1
128777,378,2022-09-20,SESSAO ORDINARIA,PRESENCIAL,UNIÃO,1
128778,378,2022-09-20,SESSAO ORDINARIA,PRESENCIAL,PSOL,2
128779,378,2022-09-20,SESSAO ORDINARIA,PRESENCIAL,MDB,2
128780,378,2022-09-20,SESSAO ORDINARIA,PRESENCIAL,AGIR,1
128781,378,2022-09-20,SESSAO ORDINARIA,PRESENCIAL,PSD,1
128782,378,2022-09-20,SESSAO ORDINARIA,PRESENCIAL,AVANTE,2
128783,378,2022-09-20,SESSAO ORDINARIA,PRESENCIAL,UNIÃO,1
128784,378,2022-09-20,SESSAO ORDINARIA,PRESENCIAL,PV,1
128785,378,2022-09-20,SESSAO ORDINARIA,PRESENCIAL,REPUBLICANOS,1
128786,378,2022-09-20,SESSAO ORDINARIA,PRESENCIAL,MDB,1
128787,378,2022-09-20,SESSAO ORDINARIA,PRESENCIAL,PL,2
128788,378,2022-09-20,SESSAO ORDINARIA,PRESENCIAL,PSD,1
128789,378,2022-09-20,SESSAO ORDINARIA,PRESENCIAL,PL,2
128790,378,2022-09-20,SESSAO ORDINARIA,PRESENCIAL,PP,1
128791,379,2022-10-25,SESSAO EXTRAORDINARIA,PRESENCIAL,PT,1
128792,379,2022-10-25,SESSAO EXTRAORDINARIA,PRESENCIAL,PT,1
128793,379,2022-10-25,SESSAO EXTRAORDINARIA,PRESENCIAL,PSD,1
128794,379,2022-10-25,SESSAO EXTRAORDINARIA,PRESENCIAL,PL,1
128795,379,2022-10-25,SESSAO EXTRAORDINARIA,PRESENCIAL,PROS,1
128796,379,2022-10-25,SESSAO EXTRAORDINARIA,PRESENCIAL,REPUBLICANOS,1
128797,379,2022-10-25,SESSAO EXTRAORDINARIA,PRESENCIAL,PSOL,1
128798,379,2022-10-25,SESSAO EXTRAORDINARIA,PRESENCIAL,MDB,1
128799,379,2022-10-25,SESSAO EXTRAORDINARIA,PRESENCIAL,MDB,1
128800,379,2022-10-25,SESSAO EXTRAORDINARIA,PRESENCIAL,AVANTE,1
128801,379,2022-10-25,SESSAO EXTRAORDINARIA,PRESENCIAL,UNIÃO,1
128802,379,2022-10-25,SESSAO EXTRAORDINARIA,PRESENCIAL,PV,2
128803,379,2022-10-25,SESSAO EXTRAORDINARIA,PRESENCIAL,REPUBLICANOS,1
128804,379,2022-10-25,SESSAO EXTRAORDINARIA,PRESENCIAL,PV,1
128805,379,2022-10-25,SESSAO EXTRAORDINARIA,PRESENCIAL,MDB,1
128806,379,2022-10-25,SESSAO EXTRAORDINARIA,PRESENCIAL,PL,1
128807,379,2022-10-25,SESSAO EXTRAORDINARIA,PRESENCIAL,PL,1
128808,379,2022-10-25,SESSAO EXTRAORDINARIA,PRESENCIAL,PP,1
128809,380,2022-09-21,SESSAO ORDINARIA,PRESENCIAL,PL,1
128810,380,2022-09-21,SESSAO ORDINARIA,PRESENCIAL,PT,1
128811,380,2022-09-21,SESSAO ORDINARIA,PRESENCIAL,PT,1
128812,380,2022-09-21,SESSAO ORDINARIA,PRESENCIAL,PSOL,1
128813,380,2022-09-21,SESSAO ORDINARIA,PRESENCIAL,AVANTE,1
128814,380,2022-09-21,SESSAO ORDINARIA,PRESENCIAL,PV,1
128815,380,2022-09-21,SESSAO ORDINARIA,PRESENCIAL,PL,1
128816,381,2022-09-22,SESSAO ORDINARIA,PRESENCIAL,PT,1
128817,381,2022-09-22,SESSAO ORDINARIA,PRESENCIAL,AVANTE,1
128818,382,2022-09-27,SESSAO ORDINARIA,PRESENCIAL,PL,1
128819,382,2022-09-27,SESSAO ORDINARIA,PRESENCIAL,PT,1
128820,382,2022-09-27,SESSAO ORDINARIA,PRESENCIAL,PT,1
128821,382,2022-09-27,SESSAO ORDINARIA,PRESENCIAL,UNIÃO,1
128822,382,2022-09-27,SESSAO ORDINARIA,PRESENCIAL,PSOL,1
128823,382,2022-09-27,SESSAO ORDINARIA,PRESENCIAL,AGIR,1
128824,382,2022-09-27,SESSAO ORDINARIA,PRESENCIAL,AVANTE,1
128825,382,2022-09-27,SESSAO ORDINARIA,PRESENCIAL,PV,1
128826,382,2022-09-27,SESSAO ORDINARIA,PRESENCIAL,MDB,1
128827,383,2022-09-28,SESSAO ORDINARIA,PRESENCIAL,PL,1
128828,383,2022-09-28,SESSAO ORDINARIA,PRESENCIAL,PT,1
128829,383,2022-09-28,SESSAO ORDINARIA,PRESENCIAL,PSOL,1
128830,383,2022-09-28,SESSAO ORDINARIA,PRESENCIAL,PV,1
128831,384,2022-09-29,SESSAO ORDINARIA,PRESENCIAL,PL,1
128832,384,2022-09-29,SESSAO ORDINARIA,PRESENCIAL,PT,1
128833,384,2022-09-29,SESSAO ORDINARIA,PRESENCIAL,PT,1
128834,385,2022-10-04,SESSAO ORDINARIA,PRESENCIAL,PL,1
128835,385,2022-10-04,SESSAO ORDINARIA,PRESENCIAL,PT,1
128836,385,2022-10-04,SESSAO ORDINARIA,PRESENCIAL,PT,1
128837,385,2022-10-04,SESSAO ORDINARIA,PRESENCIAL,PL,1
128838,385,2022-10-04,SESSAO ORDINARIA,PRESENCIAL,PROS,1
128839,385,2022-10-04,SESSAO ORDINARIA,PRESENCIAL,UNIÃO,1
128840,385,2022-10-04,SESSAO ORDINARIA,PRESENCIAL,PSOL,1
128841,385,2022-10-04,SESSAO ORDINARIA,PRESENCIAL,MDB,1
128842,385,2022-10-04,SESSAO ORDINARIA,PRESENCIAL,MDB,1
128843,385,2022-10-04,SESSAO ORDINARIA,PRESENCIAL,AGIR,1
128844,385,2022-10-04,SESSAO ORDINARIA,PRESENCIAL,PSD,1
128845,385,2022-10-04,SESSAO ORDINARIA,PRESENCIAL,AVANTE,1
128846,385,2022-10-04,SESSAO ORDINARIA,PRESENCIAL,PV,1
128847,385,2022-10-04,SESSAO ORDINARIA,PRESENCIAL,REPUBLICANOS,1
128848,385,2022-10-04,SESSAO ORDINARIA,PRESENCIAL,PV,1
128849,385,2022-10-04,SESSAO ORDINARIA,PRESENCIAL,MDB,1
128850,385,2022-10-04,SESSAO ORDINARIA,PRESENCIAL,PSD,1
128851,385,2022-10-04,SESSAO ORDINARIA,PRESENCIAL,PL,1
128852,386,2022-10-05,SESSAO ORDINARIA,PRESENCIAL,PL,1
128853,386,2022-10-05,SESSAO ORDINARIA,PRESENCIAL,PT,1
128854,386,2022-10-05,SESSAO ORDINARIA,PRESENCIAL,PT,1
128855,386,2022-10-05,SESSAO ORDINARIA,PRESENCIAL,AGIR,1
128856,386,2022-10-05,SESSAO ORDINARIA,PRESENCIAL,PL,1
128857,386,2022-10-05,SESSAO ORDINARIA,PRESENCIAL,PL,1
128858,387,2022-10-06,SESSAO ORDINARIA,PRESENCIAL,PT,1
128859,387,2022-10-06,SESSAO ORDINARIA,PRESENCIAL,PT,1
128860,387,2022-10-06,SESSAO ORDINARIA,PRESENCIAL,PSOL,1
128861,387,2022-10-06,SESSAO ORDINARIA,PRESENCIAL,PV,1
128862,387,2022-10-06,SESSAO ORDINARIA,PRESENCIAL,PSD,1
128863,387,2022-10-06,SESSAO ORDINARIA,PRESENCIAL,PL,1
128864,388,2022-10-11,SESSAO ORDINARIA,PRESENCIAL,PT,1
128865,388,2022-10-11,SESSAO ORDINARIA,PRESENCIAL,PT,1
128866,388,2022-10-11,SESSAO ORDINARIA,PRESENCIAL,PSD,1
128867,388,2022-10-11,SESSAO ORDINARIA,PRESENCIAL,PROS,1
128868,388,2022-10-11,SESSAO ORDINARIA,PRESENCIAL,UNIÃO,1
128869,388,2022-10-11,SESSAO ORDINARIA,PRESENCIAL,PSOL,1
128870,388,2022-10-11,SESSAO ORDINARIA,PRESENCIAL,AGIR,1
128871,388,2022-10-11,SESSAO ORDINARIA,PRESENCIAL,UNIÃO,1
128872,388,2022-10-11,SESSAO ORDINARIA,PRESENCIAL,PV,1
128873,388,2022-10-11,SESSAO ORDINARIA,PRESENCIAL,REPUBLICANOS,1
128874,388,2022-10-11,SESSAO ORDINARIA,PRESENCIAL,PV,1
128875,388,2022-10-11,SESSAO ORDINARIA,PRESENCIAL,PL,1
128876,389,2022-10-13,SESSAO ORDINARIA,PRESENCIAL,PT,1
128877,389,2022-10-13,SESSAO ORDINARIA,PRESENCIAL,PT,1
128878,389,2022-10-13,SESSAO ORDINARIA,PRESENCIAL,PV,1
128879,390,2022-10-18,SESSAO ORDINARIA,PRESENCIAL,PT,1
128880,390,2022-10-18,SESSAO ORDINARIA,PRESENCIAL,PT,1
128881,390,2022-10-18,SESSAO ORDINARIA,PRESENCIAL,PROS,1
128882,390,2022-10-18,SESSAO ORDINARIA,PRESENCIAL,PV,1
128883,390,2022-10-18,SESSAO ORDINARIA,PRESENCIAL,PP,1
128884,391,2022-10-19,SESSAO ORDINARIA,PRESENCIAL,PT,1
128885,391,2022-10-19,SESSAO ORDINARIA,PRESENCIAL,PT,1
128886,391,2022-10-19,SESSAO ORDINARIA,PRESENCIAL,PSD,1
128887,391,2022-10-19,SESSAO ORDINARIA,PRESENCIAL,PL,1
128888,391,2022-10-19,SESSAO ORDINARIA,PRESENCIAL,UNIÃO,1
128889,391,2022-10-19,SESSAO ORDINARIA,PRESENCIAL,PSOL,1
128890,391,2022-10-19,SESSAO ORDINARIA,PRESENCIAL,MDB,1
128891,391,2022-10-19,SESSAO ORDINARIA,PRESENCIAL,AGIR,1
128892,391,2022-10-19,SESSAO ORDINARIA,PRESENCIAL,UNIÃO,1
128893,391,2022-10-19,SESSAO ORDINARIA,PRESENCIAL,PV,1
128894,391,2022-10-19,SESSAO ORDINARIA,PRESENCIAL,PL,1
128895,391,2022-10-19,SESSAO ORDINARIA,PRESENCIAL,PSD,1
128896,391,2022-10-19,SESSAO ORDINARIA,PRESENCIAL,PL,1
128897,391,2022-10-19,SESSAO ORDINARIA,PRESENCIAL,PP,1
128898,392,2022-10-20,SESSAO ORDINARIA,PRESENCIAL,PT,1
128899,392,2022-10-20,SESSAO ORDINARIA,PRESENCIAL,PT,1
128900,392,2022-10-20,SESSAO ORDINARIA,PRESENCIAL,PSOL,1
128901,392,2022-10-20,SESSAO ORDINARIA,PRESENCIAL,UNIÃO,1
128902,392,2022-10-20,SESSAO ORDINARIA,PRESENCIAL,PV,1
128903,392,2022-10-20,SESSAO ORDINARIA,PRESENCIAL,PSD,1
128904,392,2022-10-20,SESSAO ORDINARIA,PRESENCIAL,PL,1
128905,393,2022-10-25,SESSAO ORDINARIA,PRESENCIAL,PL,1
128906,393,2022-10-25,SESSAO ORDINARIA,PRESENCIAL,PT,1
128907,393,2022-10-25,SESSAO ORDINARIA,PRESENCIAL,PT,1
128908,393,2022-10-25,SESSAO ORDINARIA,PRESENCIAL,PSD,1
128909,393,2022-10-25,SESSAO ORDINARIA,PRESENCIAL,PL,1
128910,393,2022-10-25,SESSAO ORDINARIA,PRESENCIAL,PROS,1
128911,393,2022-10-25,SESSAO ORDINARIA,PRESENCIAL,REPUBLICANOS,1
128912,393,2022-10-25,SESSAO ORDINARIA,PRESENCIAL,UNIÃO,1
128913,393,2022-10-25,SESSAO ORDINARIA,PRESENCIAL,PSOL,1
128914,393,2022-10-25,SESSAO ORDINARIA,PRESENCIAL,MDB,1
128915,393,2022-10-25,SESSAO ORDINARIA,PRESENCIAL,MDB,1
128916,393,2022-10-25,SESSAO ORDINARIA,PRESENCIAL,AVANTE,1
128917,393,2022-10-25,SESSAO ORDINARIA,PRESENCIAL,UNIÃO,1
128918,393,2022-10-25,SESSAO ORDINARIA,PRESENCIAL,PV,1
128919,393,2022-10-25,SESSAO ORDINARIA,PRESENCIAL,REPUBLICANOS,1
128920,393,2022-10-25,SESSAO ORDINARIA,PRESENCIAL,PV,1
128921,393,2022-10-25,SESSAO ORDINARIA,PRESENCIAL,MDB,1
128922,393,2022-10-25,SESSAO ORDINARIA,PRESENCIAL,PL,1
128923,393,2022-10-25,SESSAO ORDINARIA,PRESENCIAL,PL,1
128924,393,2022-10-25,SESSAO ORDINARIA,PRESENCIAL,PP,1
128925,394,2022-10-25,SESSAO EXTRAORDINARIA,PRESENCIAL,PT,1
128926,394,2022-10-25,SESSAO EXTRAORDINARIA,PRESENCIAL,PT,1
128927,394,2022-10-25,SESSAO EXTRAORDINARIA,PRESENCIAL,PSD,1
128928,394,2022-10-25,SESSAO EXTRAORDINARIA,PRESENCIAL,PL,1
128929,394,2022-10-25,SESSAO EXTRAORDINARIA,PRESENCIAL,REPUBLICANOS,1
128930,394,2022-10-25,SESSAO EXTRAORDINARIA,PRESENCIAL,PSOL,1
128931,394,2022-10-25,SESSAO EXTRAORDINARIA,PRESENCIAL,MDB,1
128932,394,2022-10-25,SESSAO EXTRAORDINARIA,PRESENCIAL,MDB,1
128933,394,2022-10-25,SESSAO EXTRAORDINARIA,PRESENCIAL,AVANTE,1
128934,394,2022-10-25,SESSAO EXTRAORDINARIA,PRESENCIAL,UNIÃO,1
128935,394,2022-10-25,SESSAO EXTRAORDINARIA,PRESENCIAL,REPUBLICANOS,1
128936,394,2022-10-25,SESSAO EXTRAORDINARIA,PRESENCIAL,MDB,1
128937,394,2022-10-25,SESSAO EXTRAORDINARIA,PRESENCIAL,PL,1
128938,394,2022-10-25,SESSAO EXTRAORDINARIA,PRESENCIAL,PL,1
128939,394,2022-10-25,SESSAO EXTRAORDINARIA,PRESENCIAL,PP,1
128940,395,2022-10-26,SESSAO ORDINARIA,PRESENCIAL,PL,1
128941,395,2022-10-26,SESSAO ORDINARIA,PRESENCIAL,PT,1
128942,395,2022-10-26,SESSAO ORDINARIA,PRESENCIAL,PT,1
128943,395,2022-10-26,SESSAO ORDINARIA,PRESENCIAL,PL,1
128944,395,2022-10-26,SESSAO ORDINARIA,PRESENCIAL,PROS,1
128945,395,2022-10-26,SESSAO ORDINARIA,PRESENCIAL,PSOL,1
128946,395,2022-10-26,SESSAO ORDINARIA,PRESENCIAL,AVANTE,1
128947,395,2022-10-26,SESSAO ORDINARIA,PRESENCIAL,PV,1
128948,395,2022-10-26,SESSAO ORDINARIA,PRESENCIAL,REPUBLICANOS,1
128949,395,2022-10-26,SESSAO ORDINARIA,PRESENCIAL,PV,1
128950,395,2022-10-26,SESSAO ORDINARIA,PRESENCIAL,MDB,1
128951,395,2022-10-26,SESSAO ORDINARIA,PRESENCIAL,PSD,1
128952,395,2022-10-26,SESSAO ORDINARIA,PRESENCIAL,PL,1
128953,396,2022-10-27,SESSAO ORDINARIA,PRESENCIAL,PSOL,1
128954,396,2022-10-27,SESSAO ORDINARIA,PRESENCIAL,AVANTE,1
128955,396,2022-10-27,SESSAO ORDINARIA,PRESENCIAL,PV,1
128956,396,2022-10-27,SESSAO ORDINARIA,PRESENCIAL,PSD,1
128957,396,2022-10-27,SESSAO ORDINARIA,PRESENCIAL,PL,1
128958,397,2022-11-03,SESSAO ORDINARIA,PRESENCIAL,PL,1
128959,397,2022-11-03,SESSAO ORDINARIA,PRESENCIAL,PT,1
128960,397,2022-11-03,SESSAO ORDINARIA,PRESENCIAL,PT,1
128961,397,2022-11-03,SESSAO ORDINARIA,PRESENCIAL,PSOL,1
128962,397,2022-11-03,SESSAO ORDINARIA,PRESENCIAL,UNIÃO,1
128963,397,2022-11-03,SESSAO ORDINARIA,PRESENCIAL,PV,1
128964,397,2022-11-03,SESSAO ORDINARIA,PRESENCIAL,PL,1
128965,398,2022-11-08,SESSAO ORDINARIA,PRESENCIAL,PL,1
128966,398,2022-11-08,SESSAO ORDINARIA,PRESENCIAL,PT,1
128967,398,2022-11-08,SESSAO ORDINARIA,PRESENCIAL,PT,1
128968,398,2022-11-08,SESSAO ORDINARIA,PRESENCIAL,PSD,1
128969,398,2022-11-08,SESSAO ORDINARIA,PRESENCIAL,PL,1
128970,398,2022-11-08,SESSAO ORDINARIA,PRESENCIAL,PROS,1
128971,398,2022-11-08,SESSAO ORDINARIA,PRESENCIAL,REPUBLICANOS,1
128972,398,2022-11-08,SESSAO ORDINARIA,PRESENCIAL,UNIÃO,1
128973,398,2022-11-08,SESSAO ORDINARIA,PRESENCIAL,MDB,1
128974,398,2022-11-08,SESSAO ORDINARIA,PRESENCIAL,MDB,1
128975,398,2022-11-08,SESSAO ORDINARIA,PRESENCIAL,PSD,1
128976,398,2022-11-08,SESSAO ORDINARIA,PRESENCIAL,AVANTE,1
128977,398,2022-11-08,SESSAO ORDINARIA,PRESENCIAL,UNIÃO,1
128978,398,2022-11-08,SESSAO ORDINARIA,PRESENCIAL,PV,1
128979,398,2022-11-08,SESSAO ORDINARIA,PRESENCIAL,PV,1
128980,398,2022-11-08,SESSAO ORDINARIA,PRESENCIAL,PL,1
128981,398,2022-11-08,SESSAO ORDINARIA,PRESENCIAL,PL,1
128982,398,2022-11-08,SESSAO ORDINARIA,PRESENCIAL,PP,1
128983,399,2022-11-08,SESSAO EXTRAORDINARIA,PRESENCIAL,PL,1
128984,399,2022-11-08,SESSAO EXTRAORDINARIA,PRESENCIAL,PT,1
128985,399,2022-11-08,SESSAO EXTRAORDINARIA,PRESENCIAL,PT,1
128986,399,2022-11-08,SESSAO EXTRAORDINARIA,PRESENCIAL,PSD,1
128987,399,2022-11-08,SESSAO EXTRAORDINARIA,PRESENCIAL,PL,1
128988,399,2022-11-08,SESSAO EXTRAORDINARIA,PRESENCIAL,PROS,1
128989,399,2022-11-08,SESSAO EXTRAORDINARIA,PRESENCIAL,REPUBLICANOS,1
128990,399,2022-11-08,SESSAO EXTRAORDINARIA,PRESENCIAL,UNIÃO,1
128991,399,2022-11-08,SESSAO EXTRAORDINARIA,PRESENCIAL,MDB,1
128992,399,2022-11-08,SESSAO EXTRAORDINARIA,PRESENCIAL,MDB,1
128993,399,2022-11-08,SESSAO EXTRAORDINARIA,PRESENCIAL,PSD,1
128994,399,2022-11-08,SESSAO EXTRAORDINARIA,PRESENCIAL,AVANTE,1
128995,399,2022-11-08,SESSAO EXTRAORDINARIA,PRESENCIAL,UNIÃO,1
128996,399,2022-11-08,SESSAO EXTRAORDINARIA,PRESENCIAL,PV,1
128997,399,2022-11-08,SESSAO EXTRAORDINARIA,PRESENCIAL,PV,1
128998,399,2022-11-08,SESSAO EXTRAORDINARIA,PRESENCIAL,PL,1
128999,399,2022-11-08,SESSAO EXTRAORDINARIA,PRESENCIAL,PSD,1
129000,399,2022-11-08,SESSAO EXTRAORDINARIA,PRESENCIAL,PP,1
129001,400,2022-11-09,SESSAO ORDINARIA,PRESENCIAL,PL,1
129002,400,2022-11-09,SESSAO ORDINARIA,PRESENCIAL,PT,1
129003,400,2022-11-09,SESSAO ORDINARIA,PRESENCIAL,AVANTE,1
129004,400,2022-11-09,SESSAO ORDINARIA,PRESENCIAL,PV,1
129005,400,2022-11-09,SESSAO ORDINARIA,PRESENCIAL,PL,1
129006,400,2022-11-09,SESSAO ORDINARIA,PRESENCIAL,PSD,1
129007,401,2022-11-22,SESSAO EXTRAORDINARIA,PRESENCIAL,PL,1
129008,401,2022-11-22,SESSAO EXTRAORDINARIA,PRESENCIAL,PT,1
129009,401,2022-11-22,SESSAO EXTRAORDINARIA,PRESENCIAL,PT,1
129010,401,2022-11-22,SESSAO EXTRAORDINARIA,PRESENCIAL,PSD,1
129011,401,2022-11-22,SESSAO EXTRAORDINARIA,PRESENCIAL,PL,1
129012,401,2022-11-22,SESSAO EXTRAORDINARIA,PRESENCIAL,UNIÃO,1
129013,401,2022-11-22,SESSAO EXTRAORDINARIA,PRESENCIAL,PSOL,1
129014,401,2022-11-22,SESSAO EXTRAORDINARIA,PRESENCIAL,AVANTE,1
129015,401,2022-11-22,SESSAO EXTRAORDINARIA,PRESENCIAL,UNIÃO,1
129016,401,2022-11-22,SESSAO EXTRAORDINARIA,PRESENCIAL,REPUBLICANOS,1
129017,401,2022-11-22,SESSAO EXTRAORDINARIA,PRESENCIAL,PV,1
129018,401,2022-11-22,SESSAO EXTRAORDINARIA,PRESENCIAL,MDB,1
129019,401,2022-11-22,SESSAO EXTRAORDINARIA,PRESENCIAL,PL,1
129020,401,2022-11-22,SESSAO EXTRAORDINARIA,PRESENCIAL,PP,1
129021,402,2022-11-10,SESSAO ORDINARIA,PRESENCIAL,PL,1
129022,402,2022-11-10,SESSAO ORDINARIA,PRESENCIAL,PT,1
129023,402,2022-11-10,SESSAO ORDINARIA,PRESENCIAL,PT,1
129024,402,2022-11-10,SESSAO ORDINARIA,PRESENCIAL,AVANTE,1
129025,402,2022-11-10,SESSAO ORDINARIA,PRESENCIAL,PV,1
129026,402,2022-11-10,SESSAO ORDINARIA,PRESENCIAL,PSD,1
129027,403,2022-12-06,SESSAO EXTRAORDINARIA,PRESENCIAL,PT,1
129028,403,2022-12-06,SESSAO EXTRAORDINARIA,PRESENCIAL,PT,1
129029,403,2022-12-06,SESSAO EXTRAORDINARIA,PRESENCIAL,UNIÃO,1
129030,403,2022-12-06,SESSAO EXTRAORDINARIA,PRESENCIAL,PSOL,1
129031,403,2022-12-06,SESSAO EXTRAORDINARIA,PRESENCIAL,MDB,1
129032,403,2022-12-06,SESSAO EXTRAORDINARIA,PRESENCIAL,PSD,1
129033,403,2022-12-06,SESSAO EXTRAORDINARIA,PRESENCIAL,UNIÃO,1
129034,403,2022-12-06,SESSAO EXTRAORDINARIA,PRESENCIAL,PV,1
129035,403,2022-12-06,SESSAO EXTRAORDINARIA,PRESENCIAL,REPUBLICANOS,1
129036,403,2022-12-06,SESSAO EXTRAORDINARIA,PRESENCIAL,PV,1
129037,403,2022-12-06,SESSAO EXTRAORDINARIA,PRESENCIAL,MDB,1
129038,403,2022-12-06,SESSAO EXTRAORDINARIA,PRESENCIAL,PL,1
129039,403,2022-12-06,SESSAO EXTRAORDINARIA,PRESENCIAL,PL,1
129040,404,2022-11-16,SESSAO ORDINARIA,PRESENCIAL,PL,1
129041,404,2022-11-16,SESSAO ORDINARIA,PRESENCIAL,PT,1
129042,404,2022-11-16,SESSAO ORDINARIA,PRESENCIAL,PT,1
129043,404,2022-11-16,SESSAO ORDINARIA,PRESENCIAL,PSOL,1
129044,404,2022-11-16,SESSAO ORDINARIA,PRESENCIAL,AGIR,1
129045,404,2022-11-16,SESSAO ORDINARIA,PRESENCIAL,AVANTE,1
129046,404,2022-11-16,SESSAO ORDINARIA,PRESENCIAL,PV,1
129047,404,2022-11-16,SESSAO ORDINARIA,PRESENCIAL,PV,1
129048,404,2022-11-16,SESSAO ORDINARIA,PRESENCIAL,MDB,1
129049,405,2022-11-17,SESSAO ORDINARIA,PRESENCIAL,PT,1
129050,405,2022-11-17,SESSAO ORDINARIA,PRESENCIAL,UNIÃO,1
129051,405,2022-11-17,SESSAO ORDINARIA,PRESENCIAL,PSOL,1
129052,405,2022-11-17,SESSAO ORDINARIA,PRESENCIAL,PSD,1
129053,405,2022-11-17,SESSAO ORDINARIA,PRESENCIAL,AVANTE,1
129054,405,2022-11-17,SESSAO ORDINARIA,PRESENCIAL,PV,1
129055,405,2022-11-17,SESSAO ORDINARIA,PRESENCIAL,PV,1
129056,406,2022-11-22,SESSAO ORDINARIA,PRESENCIAL,PL,2
129057,406,2022-11-22,SESSAO ORDINARIA,PRESENCIAL,PT,2
129058,406,2022-11-22,SESSAO ORDINARIA,PRESENCIAL,PT,1
129059,406,2022-11-22,SESSAO ORDINARIA,PRESENCIAL,PSD,2
129060,406,2022-11-22,SESSAO ORDINARIA,PRESENCIAL,PL,2
129061,406,2022-11-22,SESSAO ORDINARIA,PRESENCIAL,PROS,1
129062,406,2022-11-22,SESSAO ORDINARIA,PRESENCIAL,REPUBLICANOS,2
129063,406,2022-11-22,SESSAO ORDINARIA,PRESENCIAL,UNIÃO,2
129064,406,2022-11-22,SESSAO ORDINARIA,PRESENCIAL,PSOL,2
129065,406,2022-11-22,SESSAO ORDINARIA,PRESENCIAL,MDB,2
129066,406,2022-11-22,SESSAO ORDINARIA,PRESENCIAL,MDB,1
129067,406,2022-11-22,SESSAO ORDINARIA,PRESENCIAL,AGIR,1
129068,406,2022-11-22,SESSAO ORDINARIA,PRESENCIAL,AVANTE,2
129069,406,2022-11-22,SESSAO ORDINARIA,PRESENCIAL,UNIÃO,2
129070,406,2022-11-22,SESSAO ORDINARIA,PRESENCIAL,REPUBLICANOS,2
129071,406,2022-11-22,SESSAO ORDINARIA,PRESENCIAL,PV,2
129072,406,2022-11-22,SESSAO ORDINARIA,PRESENCIAL,MDB,2
129073,406,2022-11-22,SESSAO ORDINARIA,PRESENCIAL,PL,1
129074,406,2022-11-22,SESSAO ORDINARIA,PRESENCIAL,PL,1
129075,406,2022-11-22,SESSAO ORDINARIA,PRESENCIAL,PP,2
129076,407,2022-11-23,SESSAO ORDINARIA,PRESENCIAL,PL,1
129077,407,2022-11-23,SESSAO ORDINARIA,PRESENCIAL,PT,1
129078,407,2022-11-23,SESSAO ORDINARIA,PRESENCIAL,PSOL,1
129079,407,2022-11-23,SESSAO ORDINARIA,PRESENCIAL,AVANTE,1
129080,407,2022-11-23,SESSAO ORDINARIA,PRESENCIAL,PV,1
129081,408,2022-11-29,SESSAO ORDINARIA,PRESENCIAL,PT,2
129082,408,2022-11-29,SESSAO ORDINARIA,PRESENCIAL,PT,2
129083,408,2022-11-29,SESSAO ORDINARIA,PRESENCIAL,PSD,2
129084,408,2022-11-29,SESSAO ORDINARIA,PRESENCIAL,REPUBLICANOS,2
129085,408,2022-11-29,SESSAO ORDINARIA,PRESENCIAL,UNIÃO,2
129086,408,2022-11-29,SESSAO ORDINARIA,PRESENCIAL,PSOL,2
129087,408,2022-11-29,SESSAO ORDINARIA,PRESENCIAL,MDB,2
129088,408,2022-11-29,SESSAO ORDINARIA,PRESENCIAL,AGIR,2
129089,408,2022-11-29,SESSAO ORDINARIA,PRESENCIAL,PSD,2
129090,408,2022-11-29,SESSAO ORDINARIA,PRESENCIAL,AVANTE,2
129091,408,2022-11-29,SESSAO ORDINARIA,PRESENCIAL,UNIÃO,2
129092,408,2022-11-29,SESSAO ORDINARIA,PRESENCIAL,REPUBLICANOS,2
129093,408,2022-11-29,SESSAO ORDINARIA,PRESENCIAL,PV,2
129094,408,2022-11-29,SESSAO ORDINARIA,PRESENCIAL,MDB,2
129095,408,2022-11-29,SESSAO ORDINARIA,PRESENCIAL,PSD,1
129096,408,2022-11-29,SESSAO ORDINARIA,PRESENCIAL,PL,2
129097,408,2022-11-29,SESSAO ORDINARIA,PRESENCIAL,PP,1
129098,409,2022-12-01,SESSAO ORDINARIA,PRESENCIAL,PT,1
129099,409,2022-12-01,SESSAO ORDINARIA,PRESENCIAL,PT,1
129100,409,2022-12-01,SESSAO ORDINARIA,PRESENCIAL,PSOL,1
129101,409,2022-12-01,SESSAO ORDINARIA,PRESENCIAL,REPUBLICANOS,1
129102,409,2022-12-01,SESSAO ORDINARIA,PRESENCIAL,PV,1
129103,409,2022-12-01,SESSAO ORDINARIA,PRESENCIAL,PSD,1
129104,409,2022-12-01,SESSAO ORDINARIA,PRESENCIAL,PL,1
129105,409,2022-12-01,SESSAO ORDINARIA,PRESENCIAL,PP,1
129106,410,2022-12-06,SESSAO ORDINARIA,PRESENCIAL,PL,2
129107,410,2022-12-06,SESSAO ORDINARIA,PRESENCIAL,PT,2
129108,410,2022-12-06,SESSAO ORDINARIA,PRESENCIAL,PT,2
129109,410,2022-12-06,SESSAO ORDINARIA,PRESENCIAL,PSD,1
129110,410,2022-12-06,SESSAO ORDINARIA,PRESENCIAL,PL,2
129111,410,2022-12-06,SESSAO ORDINARIA,PRESENCIAL,REPUBLICANOS,2
129112,410,2022-12-06,SESSAO ORDINARIA,PRESENCIAL,UNIÃO,2
129113,410,2022-12-06,SESSAO ORDINARIA,PRESENCIAL,PSOL,2
129114,410,2022-12-06,SESSAO ORDINARIA,PRESENCIAL,MDB,2
129115,410,2022-12-06,SESSAO ORDINARIA,PRESENCIAL,MDB,2
129116,410,2022-12-06,SESSAO ORDINARIA,PRESENCIAL,AGIR,2
129117,410,2022-12-06,SESSAO ORDINARIA,PRESENCIAL,PSD,2
129118,410,2022-12-06,SESSAO ORDINARIA,PRESENCIAL,AVANTE,2
129119,410,2022-12-06,SESSAO ORDINARIA,PRESENCIAL,UNIÃO,1
129120,410,2022-12-06,SESSAO ORDINARIA,PRESENCIAL,PV,1
129121,410,2022-12-06,SESSAO ORDINARIA,PRESENCIAL,REPUBLICANOS,2
129122,410,2022-12-06,SESSAO ORDINARIA,PRESENCIAL,PV,2
129123,410,2022-12-06,SESSAO ORDINARIA,PRESENCIAL,MDB,2
129124,410,2022-12-06,SESSAO ORDINARIA,PRESENCIAL,PL,1
129125,410,2022-12-06,SESSAO ORDINARIA,PRESENCIAL,PSD,2
129126,410,2022-12-06,SESSAO ORDINARIA,PRESENCIAL,PL,2
129127,410,2022-12-06,SESSAO ORDINARIA,PRESENCIAL,PP,1
129128,411,2022-12-07,SESSAO ORDINARIA,PRESENCIAL,PL,1
129129,411,2022-12-07,SESSAO ORDINARIA,PRESENCIAL,PT,2
129130,411,2022-12-07,SESSAO ORDINARIA,PRESENCIAL,PT,2
129131,411,2022-12-07,SESSAO ORDINARIA,PRESENCIAL,PSD,1
129132,411,2022-12-07,SESSAO ORDINARIA,PRESENCIAL,REPUBLICANOS,2
129133,411,2022-12-07,SESSAO ORDINARIA,PRESENCIAL,UNIÃO,2
129134,411,2022-12-07,SESSAO ORDINARIA,PRESENCIAL,PSOL,2
129135,411,2022-12-07,SESSAO ORDINARIA,PRESENCIAL,MDB,2
129136,411,2022-12-07,SESSAO ORDINARIA,PRESENCIAL,MDB,1
129137,411,2022-12-07,SESSAO ORDINARIA,PRESENCIAL,AGIR,2
129138,411,2022-12-07,SESSAO ORDINARIA,PRESENCIAL,PSD,2
129139,411,2022-12-07,SESSAO ORDINARIA,PRESENCIAL,AVANTE,2
129140,411,2022-12-07,SESSAO ORDINARIA,PRESENCIAL,UNIÃO,2
129141,411,2022-12-07,SESSAO ORDINARIA,PRESENCIAL,PV,2
129142,411,2022-12-07,SESSAO ORDINARIA,PRESENCIAL,REPUBLICANOS,2
129143,411,2022-12-07,SESSAO ORDINARIA,PRESENCIAL,PV,2
129144,411,2022-12-07,SESSAO ORDINARIA,PRESENCIAL,MDB,2
129145,411,2022-12-07,SESSAO ORDINARIA,PRESENCIAL,PSD,2
129146,411,2022-12-07,SESSAO ORDINARIA,PRESENCIAL,PL,2
129147,411,2022-12-07,SESSAO ORDINARIA,PRESENCIAL,PP,2
129148,412,2022-12-07,SESSAO EXTRAORDINARIA,PRESENCIAL,PT,1
129149,412,2022-12-07,SESSAO EXTRAORDINARIA,PRESENCIAL,PT,1
129150,412,2022-12-07,SESSAO EXTRAORDINARIA,PRESENCIAL,UNIÃO,1
129151,412,2022-12-07,SESSAO EXTRAORDINARIA,PRESENCIAL,PSOL,1
129152,412,2022-12-07,SESSAO EXTRAORDINARIA,PRESENCIAL,MDB,1
129153,412,2022-12-07,SESSAO EXTRAORDINARIA,PRESENCIAL,MDB,1
129154,412,2022-12-07,SESSAO EXTRAORDINARIA,PRESENCIAL,AGIR,1
129155,412,2022-12-07,SESSAO EXTRAORDINARIA,PRESENCIAL,PSD,2
129156,412,2022-12-07,SESSAO EXTRAORDINARIA,PRESENCIAL,AVANTE,1
129157,412,2022-12-07,SESSAO EXTRAORDINARIA,PRESENCIAL,UNIÃO,2
129158,412,2022-12-07,SESSAO EXTRAORDINARIA,PRESENCIAL,PV,2
129159,412,2022-12-07,SESSAO EXTRAORDINARIA,PRESENCIAL,REPUBLICANOS,1
129160,412,2022-12-07,SESSAO EXTRAORDINARIA,PRESENCIAL,PV,1
129161,412,2022-12-07,SESSAO EXTRAORDINARIA,PRESENCIAL,MDB,1
129162,412,2022-12-07,SESSAO EXTRAORDINARIA,PRESENCIAL,PSD,1
129163,412,2022-12-07,SESSAO EXTRAORDINARIA,PRESENCIAL,PP,1
129164,413,2022-12-08,SESSAO ORDINARIA,PRESENCIAL,PL,1
129165,413,2022-12-08,SESSAO ORDINARIA,PRESENCIAL,PT,1
129166,413,2022-12-08,SESSAO ORDINARIA,PRESENCIAL,PT,1
129167,413,2022-12-08,SESSAO ORDINARIA,PRESENCIAL,UNIÃO,1
129168,413,2022-12-08,SESSAO ORDINARIA,PRESENCIAL,REPUBLICANOS,1
129169,413,2022-12-08,SESSAO ORDINARIA,PRESENCIAL,PV,1
129170,413,2022-12-08,SESSAO ORDINARIA,PRESENCIAL,MDB,1
129171,413,2022-12-08,SESSAO ORDINARIA,PRESENCIAL,PL,1
129172,414,2022-12-13,SESSAO ORDINARIA,PRESENCIAL,PL,2
129173,414,2022-12-13,SESSAO ORDINARIA,PRESENCIAL,PT,3
129174,414,2022-12-13,SESSAO ORDINARIA,PRESENCIAL,PT,3
129175,414,2022-12-13,SESSAO ORDINARIA,PRESENCIAL,PSD,3
129176,414,2022-12-13,SESSAO ORDINARIA,PRESENCIAL,PL,2
129177,414,2022-12-13,SESSAO ORDINARIA,PRESENCIAL,PROS,2
129178,414,2022-12-13,SESSAO ORDINARIA,PRESENCIAL,REPUBLICANOS,3
129179,414,2022-12-13,SESSAO ORDINARIA,PRESENCIAL,UNIÃO,3
129180,414,2022-12-13,SESSAO ORDINARIA,PRESENCIAL,PSOL,3
129181,414,2022-12-13,SESSAO ORDINARIA,PRESENCIAL,MDB,3
129182,414,2022-12-13,SESSAO ORDINARIA,PRESENCIAL,MDB,3
129183,414,2022-12-13,SESSAO ORDINARIA,PRESENCIAL,AGIR,2
129184,414,2022-12-13,SESSAO ORDINARIA,PRESENCIAL,PSD,3
129185,414,2022-12-13,SESSAO ORDINARIA,PRESENCIAL,PP,1
129186,414,2022-12-13,SESSAO ORDINARIA,PRESENCIAL,AVANTE,3
129187,414,2022-12-13,SESSAO ORDINARIA,PRESENCIAL,UNIÃO,2
129188,414,2022-12-13,SESSAO ORDINARIA,PRESENCIAL,PV,2
129189,414,2022-12-13,SESSAO ORDINARIA,PRESENCIAL,REPUBLICANOS,3
129190,414,2022-12-13,SESSAO ORDINARIA,PRESENCIAL,PV,2
129191,414,2022-12-13,SESSAO ORDINARIA,PRESENCIAL,MDB,3
129192,414,2022-12-13,SESSAO ORDINARIA,PRESENCIAL,PL,3
129193,414,2022-12-13,SESSAO ORDINARIA,PRESENCIAL,PSD,1
129194,414,2022-12-13,SESSAO ORDINARIA,PRESENCIAL,PL,2
129195,414,2022-12-13,SESSAO ORDINARIA,PRESENCIAL,PP,3
129196,415,2022-12-13,SESSAO EXTRAORDINARIA,PRESENCIAL,PL,1
129197,415,2022-12-13,SESSAO EXTRAORDINARIA,PRESENCIAL,PT,1
129198,415,2022-12-13,SESSAO EXTRAORDINARIA,PRESENCIAL,PT,1
129199,415,2022-12-13,SESSAO EXTRAORDINARIA,PRESENCIAL,PSD,1
129200,415,2022-12-13,SESSAO EXTRAORDINARIA,PRESENCIAL,REPUBLICANOS,1
129201,415,2022-12-13,SESSAO EXTRAORDINARIA,PRESENCIAL,UNIÃO,1
129202,415,2022-12-13,SESSAO EXTRAORDINARIA,PRESENCIAL,PSOL,1
129203,415,2022-12-13,SESSAO EXTRAORDINARIA,PRESENCIAL,MDB,1
129204,415,2022-12-13,SESSAO EXTRAORDINARIA,PRESENCIAL,MDB,1
129205,415,2022-12-13,SESSAO EXTRAORDINARIA,PRESENCIAL,AGIR,1
129206,415,2022-12-13,SESSAO EXTRAORDINARIA,PRESENCIAL,AVANTE,1
129207,415,2022-12-13,SESSAO EXTRAORDINARIA,PRESENCIAL,UNIÃO,1
129208,415,2022-12-13,SESSAO EXTRAORDINARIA,PRESENCIAL,PV,1
129209,415,2022-12-13,SESSAO EXTRAORDINARIA,PRESENCIAL,REPUBLICANOS,1
129210,415,2022-12-13,SESSAO EXTRAORDINARIA,PRESENCIAL,PV,1
129211,415,2022-12-13,SESSAO EXTRAORDINARIA,PRESENCIAL,MDB,1
129212,415,2022-12-13,SESSAO EXTRAORDINARIA,PRESENCIAL,PP,1
129213,416,2022-12-14,SESSAO ORDINARIA,PRESENCIAL,PT,1
129214,416,2022-12-14,SESSAO ORDINARIA,PRESENCIAL,REPUBLICANOS,1
129215,416,2022-12-14,SESSAO ORDINARIA,PRESENCIAL,PL,1
129216,417,2022-12-15,SESSAO ORDINARIA,PRESENCIAL,PT,1
129217,417,2022-12-15,SESSAO ORDINARIA,PRESENCIAL,PT,1
129218,418,2023-02-01,SESSAO ORDINARIA,PRESENCIAL,PT,1
129219,418,2023-02-01,SESSAO ORDINARIA,PRESENCIAL,PL,1
129220,418,2023-02-01,SESSAO ORDINARIA,PRESENCIAL,PSB,1
129221,418,2023-02-01,SESSAO ORDINARIA,PRESENCIAL,AGIR,1
129222,418,2023-02-01,SESSAO ORDINARIA,PRESENCIAL,UNIÃO,1
129223,418,2023-02-01,SESSAO ORDINARIA,PRESENCIAL,PSOL,1
129224,418,2023-02-01,SESSAO ORDINARIA,PRESENCIAL,PT,1
129225,418,2023-02-01,SESSAO ORDINARIA,PRESENCIAL,MDB,1
129226,418,2023-02-01,SESSAO ORDINARIA,PRESENCIAL,MDB,1
129227,418,2023-02-01,SESSAO ORDINARIA,PRESENCIAL,AGIR,1
129228,418,2023-02-01,SESSAO ORDINARIA,PRESENCIAL,PL,1
129229,418,2023-02-01,SESSAO ORDINARIA,PRESENCIAL,PSD,1
129230,418,2023-02-01,SESSAO ORDINARIA,PRESENCIAL,AVANTE,1
129231,418,2023-02-01,SESSAO ORDINARIA,PRESENCIAL,REPUBLICANOS,1
129232,418,2023-02-01,SESSAO ORDINARIA,PRESENCIAL,PSOL,1
129233,418,2023-02-01,SESSAO ORDINARIA,PRESENCIAL,PP,1
129234,418,2023-02-01,SESSAO ORDINARIA,PRESENCIAL,CIDADANIA,1
129235,418,2023-02-01,SESSAO ORDINARIA,PRESENCIAL,PP,1
129236,418,2023-02-01,SESSAO ORDINARIA,PRESENCIAL,PT,1
129237,418,2023-02-01,SESSAO ORDINARIA,PRESENCIAL,PSD,1
129238,418,2023-02-01,SESSAO ORDINARIA,PRESENCIAL,PMN,1
129239,418,2023-02-01,SESSAO ORDINARIA,PRESENCIAL,PL,1
129240,418,2023-02-01,SESSAO ORDINARIA,PRESENCIAL,PL,1
129241,418,2023-02-01,SESSAO ORDINARIA,PRESENCIAL,MDB,1
129242,419,2023-02-02,SESSAO ORDINARIA,PRESENCIAL,PT,1
129243,419,2023-02-02,SESSAO ORDINARIA,PRESENCIAL,PSB,1
129244,419,2023-02-02,SESSAO ORDINARIA,PRESENCIAL,AGIR,1
129245,419,2023-02-02,SESSAO ORDINARIA,PRESENCIAL,UNIÃO,1
129246,419,2023-02-02,SESSAO ORDINARIA,PRESENCIAL,PSOL,1
129247,419,2023-02-02,SESSAO ORDINARIA,PRESENCIAL,PT,1
129248,419,2023-02-02,SESSAO ORDINARIA,PRESENCIAL,MDB,1
129249,419,2023-02-02,SESSAO ORDINARIA,PRESENCIAL,AGIR,1
129250,419,2023-02-02,SESSAO ORDINARIA,PRESENCIAL,PL,1
129251,419,2023-02-02,SESSAO ORDINARIA,PRESENCIAL,PSD,1
129252,419,2023-02-02,SESSAO ORDINARIA,PRESENCIAL,AVANTE,1
129253,419,2023-02-02,SESSAO ORDINARIA,PRESENCIAL,REPUBLICANOS,1
129254,419,2023-02-02,SESSAO ORDINARIA,PRESENCIAL,PSOL,1
129255,419,2023-02-02,SESSAO ORDINARIA,PRESENCIAL,PP,1
129256,419,2023-02-02,SESSAO ORDINARIA,PRESENCIAL,CIDADANIA,1
129257,419,2023-02-02,SESSAO ORDINARIA,PRESENCIAL,PP,1
129258,419,2023-02-02,SESSAO ORDINARIA,PRESENCIAL,PT,1
129259,419,2023-02-02,SESSAO ORDINARIA,PRESENCIAL,PSD,1
129260,419,2023-02-02,SESSAO ORDINARIA,PRESENCIAL,PMN,1
129261,419,2023-02-02,SESSAO ORDINARIA,PRESENCIAL,PL,1
129262,419,2023-02-02,SESSAO ORDINARIA,PRESENCIAL,PL,1
129263,419,2023-02-02,SESSAO ORDINARIA,PRESENCIAL,MDB,1
129264,420,2023-02-07,SESSAO ORDINARIA,PRESENCIAL,PT,1
129265,420,2023-02-07,SESSAO ORDINARIA,PRESENCIAL,PL,1
129266,420,2023-02-07,SESSAO ORDINARIA,PRESENCIAL,PSB,1
129267,420,2023-02-07,SESSAO ORDINARIA,PRESENCIAL,AGIR,1
129268,420,2023-02-07,SESSAO ORDINARIA,PRESENCIAL,PSOL,1
129269,420,2023-02-07,SESSAO ORDINARIA,PRESENCIAL,PT,1
129270,420,2023-02-07,SESSAO ORDINARIA,PRESENCIAL,MDB,1
129271,420,2023-02-07,SESSAO ORDINARIA,PRESENCIAL,MDB,1
129272,420,2023-02-07,SESSAO ORDINARIA,PRESENCIAL,AGIR,1
129273,420,2023-02-07,SESSAO ORDINARIA,PRESENCIAL,PL,1
129274,420,2023-02-07,SESSAO ORDINARIA,PRESENCIAL,PSD,1
129275,420,2023-02-07,SESSAO ORDINARIA,PRESENCIAL,AVANTE,1
129276,420,2023-02-07,SESSAO ORDINARIA,PRESENCIAL,REPUBLICANOS,1
129277,420,2023-02-07,SESSAO ORDINARIA,PRESENCIAL,PSOL,1
129278,420,2023-02-07,SESSAO ORDINARIA,PRESENCIAL,PP,1
129279,420,2023-02-07,SESSAO ORDINARIA,PRESENCIAL,CIDADANIA,1
129280,420,2023-02-07,SESSAO ORDINARIA,PRESENCIAL,PP,1
129281,420,2023-02-07,SESSAO ORDINARIA,PRESENCIAL,PT,1
129282,420,2023-02-07,SESSAO ORDINARIA,PRESENCIAL,PSD,1
129283,420,2023-02-07,SESSAO ORDINARIA,PRESENCIAL,PMN,1
129284,420,2023-02-07,SESSAO ORDINARIA,PRESENCIAL,PL,1
129285,420,2023-02-07,SESSAO ORDINARIA,PRESENCIAL,PL,1
129286,420,2023-02-07,SESSAO ORDINARIA,PRESENCIAL,MDB,1
129287,421,2023-02-08,SESSAO ORDINARIA,PRESENCIAL,PT,1
129288,421,2023-02-08,SESSAO ORDINARIA,PRESENCIAL,PSB,1
129289,421,2023-02-08,SESSAO ORDINARIA,PRESENCIAL,AGIR,1
129290,421,2023-02-08,SESSAO ORDINARIA,PRESENCIAL,PSOL,1
129291,421,2023-02-08,SESSAO ORDINARIA,PRESENCIAL,PT,1
129292,421,2023-02-08,SESSAO ORDINARIA,PRESENCIAL,MDB,1
129293,421,2023-02-08,SESSAO ORDINARIA,PRESENCIAL,MDB,2
129294,421,2023-02-08,SESSAO ORDINARIA,PRESENCIAL,AGIR,1
129295,421,2023-02-08,SESSAO ORDINARIA,PRESENCIAL,PL,1
129296,421,2023-02-08,SESSAO ORDINARIA,PRESENCIAL,PSD,1
129297,421,2023-02-08,SESSAO ORDINARIA,PRESENCIAL,AVANTE,1
129298,421,2023-02-08,SESSAO ORDINARIA,PRESENCIAL,REPUBLICANOS,1
129299,421,2023-02-08,SESSAO ORDINARIA,PRESENCIAL,PSOL,1
129300,421,2023-02-08,SESSAO ORDINARIA,PRESENCIAL,PP,1
129301,421,2023-02-08,SESSAO ORDINARIA,PRESENCIAL,CIDADANIA,1
129302,421,2023-02-08,SESSAO ORDINARIA,PRESENCIAL,PP,2
129303,421,2023-02-08,SESSAO ORDINARIA,PRESENCIAL,PT,1
129304,421,2023-02-08,SESSAO ORDINARIA,PRESENCIAL,PSD,1
129305,421,2023-02-08,SESSAO ORDINARIA,PRESENCIAL,PMN,1
129306,421,2023-02-08,SESSAO ORDINARIA,PRESENCIAL,PL,1
129307,421,2023-02-08,SESSAO ORDINARIA,PRESENCIAL,PL,1
129308,421,2023-02-08,SESSAO ORDINARIA,PRESENCIAL,MDB,1
129309,422,2023-02-14,SESSAO EXTRAORDINARIA,PRESENCIAL,PT,1
129310,422,2023-02-14,SESSAO EXTRAORDINARIA,PRESENCIAL,PSOL,1
129311,422,2023-02-14,SESSAO EXTRAORDINARIA,PRESENCIAL,PT,1
129312,422,2023-02-14,SESSAO EXTRAORDINARIA,PRESENCIAL,MDB,1
129313,422,2023-02-14,SESSAO EXTRAORDINARIA,PRESENCIAL,AGIR,1
129314,422,2023-02-14,SESSAO EXTRAORDINARIA,PRESENCIAL,PL,1
129315,422,2023-02-14,SESSAO EXTRAORDINARIA,PRESENCIAL,PP,1
129316,422,2023-02-14,SESSAO EXTRAORDINARIA,PRESENCIAL,CIDADANIA,1
129317,422,2023-02-14,SESSAO EXTRAORDINARIA,PRESENCIAL,PSD,1
129318,423,2023-02-09,SESSAO ORDINARIA,PRESENCIAL,PT,1
129319,423,2023-02-09,SESSAO ORDINARIA,PRESENCIAL,PSB,1
129320,423,2023-02-09,SESSAO ORDINARIA,PRESENCIAL,AGIR,1
129321,423,2023-02-09,SESSAO ORDINARIA,PRESENCIAL,UNIÃO,1
129322,423,2023-02-09,SESSAO ORDINARIA,PRESENCIAL,PT,1
129323,423,2023-02-09,SESSAO ORDINARIA,PRESENCIAL,PL,1
129324,423,2023-02-09,SESSAO ORDINARIA,PRESENCIAL,AVANTE,1
129325,423,2023-02-09,SESSAO ORDINARIA,PRESENCIAL,PSOL,1
129326,423,2023-02-09,SESSAO ORDINARIA,PRESENCIAL,CIDADANIA,1
129327,423,2023-02-09,SESSAO ORDINARIA,PRESENCIAL,PP,1
129328,423,2023-02-09,SESSAO ORDINARIA,PRESENCIAL,PT,1
129329,423,2023-02-09,SESSAO ORDINARIA,PRESENCIAL,PMN,1
129330,423,2023-02-09,SESSAO ORDINARIA,PRESENCIAL,PL,1
129331,423,2023-02-09,SESSAO ORDINARIA,PRESENCIAL,PL,1
129332,424,2023-02-16,SESSAO EXTRAORDINARIA,PRESENCIAL,PT,1
129333,424,2023-02-16,SESSAO EXTRAORDINARIA,PRESENCIAL,PSB,1
129334,424,2023-02-16,SESSAO EXTRAORDINARIA,PRESENCIAL,UNIÃO,1
129335,424,2023-02-16,SESSAO EXTRAORDINARIA,PRESENCIAL,PSOL,1
129336,424,2023-02-16,SESSAO EXTRAORDINARIA,PRESENCIAL,PT,1
129337,424,2023-02-16,SESSAO EXTRAORDINARIA,PRESENCIAL,MDB,1
129338,424,2023-02-16,SESSAO EXTRAORDINARIA,PRESENCIAL,PL,1
129339,424,2023-02-16,SESSAO EXTRAORDINARIA,PRESENCIAL,AVANTE,1
129340,424,2023-02-16,SESSAO EXTRAORDINARIA,PRESENCIAL,REPUBLICANOS,1
129341,424,2023-02-16,SESSAO EXTRAORDINARIA,PRESENCIAL,PSOL,1
129342,424,2023-02-16,SESSAO EXTRAORDINARIA,PRESENCIAL,PP,1
129343,424,2023-02-16,SESSAO EXTRAORDINARIA,PRESENCIAL,CIDADANIA,1
129344,424,2023-02-16,SESSAO EXTRAORDINARIA,PRESENCIAL,PP,1
129345,424,2023-02-16,SESSAO EXTRAORDINARIA,PRESENCIAL,PMN,1
129346,424,2023-02-16,SESSAO EXTRAORDINARIA,PRESENCIAL,PL,1
129347,425,2023-02-14,SESSAO ORDINARIA,PRESENCIAL,PT,1
129348,425,2023-02-14,SESSAO ORDINARIA,PRESENCIAL,PL,1
129349,425,2023-02-14,SESSAO ORDINARIA,PRESENCIAL,PSB,1
129350,425,2023-02-14,SESSAO ORDINARIA,PRESENCIAL,AGIR,1
129351,425,2023-02-14,SESSAO ORDINARIA,PRESENCIAL,PSOL,1
129352,425,2023-02-14,SESSAO ORDINARIA,PRESENCIAL,PT,1
129353,425,2023-02-14,SESSAO ORDINARIA,PRESENCIAL,MDB,1
129354,425,2023-02-14,SESSAO ORDINARIA,PRESENCIAL,MDB,1
129355,425,2023-02-14,SESSAO ORDINARIA,PRESENCIAL,NÃO INFORMADO,1
129356,425,2023-02-14,SESSAO ORDINARIA,PRESENCIAL,PL,1
129357,425,2023-02-14,SESSAO ORDINARIA,PRESENCIAL,PSD,1
129358,425,2023-02-14,SESSAO ORDINARIA,PRESENCIAL,AVANTE,1
129359,425,2023-02-14,SESSAO ORDINARIA,PRESENCIAL,REPUBLICANOS,1
129360,425,2023-02-14,SESSAO ORDINARIA,PRESENCIAL,PSOL,1
129361,425,2023-02-14,SESSAO ORDINARIA,PRESENCIAL,PP,1
129362,425,2023-02-14,SESSAO ORDINARIA,PRESENCIAL,CIDADANIA,1
129363,425,2023-02-14,SESSAO ORDINARIA,PRESENCIAL,PP,1
129364,425,2023-02-14,SESSAO ORDINARIA,PRESENCIAL,PT,1
129365,425,2023-02-14,SESSAO ORDINARIA,PRESENCIAL,PMN,1
129366,425,2023-02-14,SESSAO ORDINARIA,PRESENCIAL,PL,1
129367,425,2023-02-14,SESSAO ORDINARIA,PRESENCIAL,PL,1
129368,425,2023-02-14,SESSAO ORDINARIA,PRESENCIAL,MDB,1
129369,426,2023-02-15,SESSAO ORDINARIA,PRESENCIAL,PT,1
129370,426,2023-02-15,SESSAO ORDINARIA,PRESENCIAL,PSB,1
129371,426,2023-02-15,SESSAO ORDINARIA,PRESENCIAL,AGIR,1
129372,426,2023-02-15,SESSAO ORDINARIA,PRESENCIAL,UNIÃO,1
129373,426,2023-02-15,SESSAO ORDINARIA,PRESENCIAL,PSOL,1
129374,426,2023-02-15,SESSAO ORDINARIA,PRESENCIAL,MDB,1
129375,426,2023-02-15,SESSAO ORDINARIA,PRESENCIAL,NÃO INFORMADO,1
129376,426,2023-02-15,SESSAO ORDINARIA,PRESENCIAL,PL,1
129377,426,2023-02-15,SESSAO ORDINARIA,PRESENCIAL,PSD,1
129378,426,2023-02-15,SESSAO ORDINARIA,PRESENCIAL,AVANTE,1
129379,426,2023-02-15,SESSAO ORDINARIA,PRESENCIAL,REPUBLICANOS,1
129380,426,2023-02-15,SESSAO ORDINARIA,PRESENCIAL,PSOL,1
129381,426,2023-02-15,SESSAO ORDINARIA,PRESENCIAL,PP,1
129382,426,2023-02-15,SESSAO ORDINARIA,PRESENCIAL,CIDADANIA,1
129383,426,2023-02-15,SESSAO ORDINARIA,PRESENCIAL,PP,1
129384,426,2023-02-15,SESSAO ORDINARIA,PRESENCIAL,PT,1
129385,426,2023-02-15,SESSAO ORDINARIA,PRESENCIAL,PSD,1
129386,426,2023-02-15,SESSAO ORDINARIA,PRESENCIAL,PMN,1
129387,426,2023-02-15,SESSAO ORDINARIA,PRESENCIAL,PL,1
129388,426,2023-02-15,SESSAO ORDINARIA,PRESENCIAL,PL,1
129389,426,2023-02-15,SESSAO ORDINARIA,PRESENCIAL,MDB,1
129390,427,2023-02-16,SESSAO ORDINARIA,PRESENCIAL,PT,1
129391,427,2023-02-16,SESSAO ORDINARIA,PRESENCIAL,PSB,1
129392,427,2023-02-16,SESSAO ORDINARIA,PRESENCIAL,UNIÃO,1
129393,427,2023-02-16,SESSAO ORDINARIA,PRESENCIAL,PSOL,1
129394,427,2023-02-16,SESSAO ORDINARIA,PRESENCIAL,PT,1
129395,427,2023-02-16,SESSAO ORDINARIA,PRESENCIAL,MDB,1
129396,427,2023-02-16,SESSAO ORDINARIA,PRESENCIAL,PL,1
129397,427,2023-02-16,SESSAO ORDINARIA,PRESENCIAL,AVANTE,1
129398,427,2023-02-16,SESSAO ORDINARIA,PRESENCIAL,REPUBLICANOS,1
129399,427,2023-02-16,SESSAO ORDINARIA,PRESENCIAL,PSOL,1
129400,427,2023-02-16,SESSAO ORDINARIA,PRESENCIAL,PP,1
129401,427,2023-02-16,SESSAO ORDINARIA,PRESENCIAL,CIDADANIA,1
129402,427,2023-02-16,SESSAO ORDINARIA,PRESENCIAL,PP,1
129403,427,2023-02-16,SESSAO ORDINARIA,PRESENCIAL,PMN,1
129404,427,2023-02-16,SESSAO ORDINARIA,PRESENCIAL,PL,1
129405,427,2023-02-16,SESSAO ORDINARIA,PRESENCIAL,PL,1
129406,428,2023-02-23,SESSAO ORDINARIA,PRESENCIAL,PT,1
129407,428,2023-02-23,SESSAO ORDINARIA,PRESENCIAL,PSOL,1
129408,428,2023-02-23,SESSAO ORDINARIA,PRESENCIAL,PT,1
129409,428,2023-02-23,SESSAO ORDINARIA,PRESENCIAL,PL,1
129410,428,2023-02-23,SESSAO ORDINARIA,PRESENCIAL,AVANTE,1
129411,428,2023-02-23,SESSAO ORDINARIA,PRESENCIAL,PSOL,1
129412,428,2023-02-23,SESSAO ORDINARIA,PRESENCIAL,PP,1
129413,428,2023-02-23,SESSAO ORDINARIA,PRESENCIAL,CIDADANIA,1
129414,428,2023-02-23,SESSAO ORDINARIA,PRESENCIAL,PP,1
129415,428,2023-02-23,SESSAO ORDINARIA,PRESENCIAL,PMN,1
129416,428,2023-02-23,SESSAO ORDINARIA,PRESENCIAL,PL,1
129417,428,2023-02-23,SESSAO ORDINARIA,PRESENCIAL,PL,1
129418,429,2023-02-28,SESSAO ORDINARIA,PRESENCIAL,PT,1
129419,429,2023-02-28,SESSAO ORDINARIA,PRESENCIAL,PL,1
129420,429,2023-02-28,SESSAO ORDINARIA,PRESENCIAL,PSB,1
129421,429,2023-02-28,SESSAO ORDINARIA,PRESENCIAL,AGIR,1
129422,429,2023-02-28,SESSAO ORDINARIA,PRESENCIAL,UNIÃO,1
129423,429,2023-02-28,SESSAO ORDINARIA,PRESENCIAL,PSOL,1
129424,429,2023-02-28,SESSAO ORDINARIA,PRESENCIAL,PT,1
129425,429,2023-02-28,SESSAO ORDINARIA,PRESENCIAL,MDB,1
129426,429,2023-02-28,SESSAO ORDINARIA,PRESENCIAL,MDB,1
129427,429,2023-02-28,SESSAO ORDINARIA,PRESENCIAL,NÃO INFORMADO,1
129428,429,2023-02-28,SESSAO ORDINARIA,PRESENCIAL,PL,1
129429,429,2023-02-28,SESSAO ORDINARIA,PRESENCIAL,PSD,1
129430,429,2023-02-28,SESSAO ORDINARIA,PRESENCIAL,AVANTE,1
129431,429,2023-02-28,SESSAO ORDINARIA,PRESENCIAL,REPUBLICANOS,1
129432,429,2023-02-28,SESSAO ORDINARIA,PRESENCIAL,PSOL,1
129433,429,2023-02-28,SESSAO ORDINARIA,PRESENCIAL,PP,1
129434,429,2023-02-28,SESSAO ORDINARIA,PRESENCIAL,CIDADANIA,1
129435,429,2023-02-28,SESSAO ORDINARIA,PRESENCIAL,PP,1
129436,429,2023-02-28,SESSAO ORDINARIA,PRESENCIAL,PT,1
129437,429,2023-02-28,SESSAO ORDINARIA,PRESENCIAL,PMN,1
129438,429,2023-02-28,SESSAO ORDINARIA,PRESENCIAL,PL,1
129439,429,2023-02-28,SESSAO ORDINARIA,PRESENCIAL,PL,1
129440,429,2023-02-28,SESSAO ORDINARIA,PRESENCIAL,MDB,1
129441,430,2023-03-01,SESSAO ORDINARIA,PRESENCIAL,PT,1
129442,430,2023-03-01,SESSAO ORDINARIA,PRESENCIAL,PSB,2
129443,430,2023-03-01,SESSAO ORDINARIA,PRESENCIAL,AGIR,2
129444,430,2023-03-01,SESSAO ORDINARIA,PRESENCIAL,UNIÃO,2
129445,430,2023-03-01,SESSAO ORDINARIA,PRESENCIAL,PSOL,2
129446,430,2023-03-01,SESSAO ORDINARIA,PRESENCIAL,PT,2
129447,430,2023-03-01,SESSAO ORDINARIA,PRESENCIAL,MDB,1
129448,430,2023-03-01,SESSAO ORDINARIA,PRESENCIAL,NÃO INFORMADO,2
129449,430,2023-03-01,SESSAO ORDINARIA,PRESENCIAL,PL,2
129450,430,2023-03-01,SESSAO ORDINARIA,PRESENCIAL,PSD,2
129451,430,2023-03-01,SESSAO ORDINARIA,PRESENCIAL,AVANTE,2
129452,430,2023-03-01,SESSAO ORDINARIA,PRESENCIAL,REPUBLICANOS,2
129453,430,2023-03-01,SESSAO ORDINARIA,PRESENCIAL,PSOL,2
129454,430,2023-03-01,SESSAO ORDINARIA,PRESENCIAL,PP,2
129455,430,2023-03-01,SESSAO ORDINARIA,PRESENCIAL,CIDADANIA,2
129456,430,2023-03-01,SESSAO ORDINARIA,PRESENCIAL,PP,1
129457,430,2023-03-01,SESSAO ORDINARIA,PRESENCIAL,PT,2
129458,430,2023-03-01,SESSAO ORDINARIA,PRESENCIAL,PMN,1
129459,430,2023-03-01,SESSAO ORDINARIA,PRESENCIAL,PL,1
129460,430,2023-03-01,SESSAO ORDINARIA,PRESENCIAL,PL,2
129461,430,2023-03-01,SESSAO ORDINARIA,PRESENCIAL,MDB,2
129462,431,2023-03-21,SESSAO EXTRAORDINARIA,PRESENCIAL,PT,1
129463,431,2023-03-21,SESSAO EXTRAORDINARIA,PRESENCIAL,PSB,1
129464,431,2023-03-21,SESSAO EXTRAORDINARIA,PRESENCIAL,AGIR,1
129465,431,2023-03-21,SESSAO EXTRAORDINARIA,PRESENCIAL,UNIÃO,1
129466,431,2023-03-21,SESSAO EXTRAORDINARIA,PRESENCIAL,PSOL,1
129467,431,2023-03-21,SESSAO EXTRAORDINARIA,PRESENCIAL,PT,1
129468,431,2023-03-21,SESSAO EXTRAORDINARIA,PRESENCIAL,MDB,1
129469,431,2023-03-21,SESSAO EXTRAORDINARIA,PRESENCIAL,AVANTE,1
129470,431,2023-03-21,SESSAO EXTRAORDINARIA,PRESENCIAL,REPUBLICANOS,1
129471,431,2023-03-21,SESSAO EXTRAORDINARIA,PRESENCIAL,PSOL,1
129472,431,2023-03-21,SESSAO EXTRAORDINARIA,PRESENCIAL,PP,1
129473,431,2023-03-21,SESSAO EXTRAORDINARIA,PRESENCIAL,PP,1
129474,431,2023-03-21,SESSAO EXTRAORDINARIA,PRESENCIAL,PT,1
129475,431,2023-03-21,SESSAO EXTRAORDINARIA,PRESENCIAL,PSD,1
129476,431,2023-03-21,SESSAO EXTRAORDINARIA,PRESENCIAL,PL,1
129477,431,2023-03-21,SESSAO EXTRAORDINARIA,PRESENCIAL,MDB,1
129478,432,2023-03-02,SESSAO ORDINARIA,PRESENCIAL,PT,1
129479,432,2023-03-02,SESSAO ORDINARIA,PRESENCIAL,PSB,1
129480,432,2023-03-02,SESSAO ORDINARIA,PRESENCIAL,UNIÃO,1
129481,432,2023-03-02,SESSAO ORDINARIA,PRESENCIAL,PT,1
129482,432,2023-03-02,SESSAO ORDINARIA,PRESENCIAL,AVANTE,1
129483,432,2023-03-02,SESSAO ORDINARIA,PRESENCIAL,PSOL,1
129484,432,2023-03-02,SESSAO ORDINARIA,PRESENCIAL,PP,1
129485,432,2023-03-02,SESSAO ORDINARIA,PRESENCIAL,CIDADANIA,1
129486,432,2023-03-02,SESSAO ORDINARIA,PRESENCIAL,PP,1
129487,432,2023-03-02,SESSAO ORDINARIA,PRESENCIAL,PT,1
129488,432,2023-03-02,SESSAO ORDINARIA,PRESENCIAL,PSD,1
129489,432,2023-03-02,SESSAO ORDINARIA,PRESENCIAL,PL,1
129490,432,2023-03-02,SESSAO ORDINARIA,PRESENCIAL,PL,1
129491,433,2023-03-07,SESSAO ORDINARIA,PRESENCIAL,PT,1
129492,433,2023-03-07,SESSAO ORDINARIA,PRESENCIAL,PSB,1
129493,433,2023-03-07,SESSAO ORDINARIA,PRESENCIAL,AGIR,1
129494,433,2023-03-07,SESSAO ORDINARIA,PRESENCIAL,UNIÃO,1
129495,433,2023-03-07,SESSAO ORDINARIA,PRESENCIAL,PSOL,1
129496,433,2023-03-07,SESSAO ORDINARIA,PRESENCIAL,PT,1
129497,433,2023-03-07,SESSAO ORDINARIA,PRESENCIAL,MDB,1
129498,433,2023-03-07,SESSAO ORDINARIA,PRESENCIAL,MDB,1
129499,433,2023-03-07,SESSAO ORDINARIA,PRESENCIAL,NÃO INFORMADO,1
129500,433,2023-03-07,SESSAO ORDINARIA,PRESENCIAL,PL,1
129501,433,2023-03-07,SESSAO ORDINARIA,PRESENCIAL,PSD,1
129502,433,2023-03-07,SESSAO ORDINARIA,PRESENCIAL,AVANTE,1
129503,433,2023-03-07,SESSAO ORDINARIA,PRESENCIAL,REPUBLICANOS,1
129504,433,2023-03-07,SESSAO ORDINARIA,PRESENCIAL,PSOL,1
129505,433,2023-03-07,SESSAO ORDINARIA,PRESENCIAL,PP,1
129506,433,2023-03-07,SESSAO ORDINARIA,PRESENCIAL,CIDADANIA,1
129507,433,2023-03-07,SESSAO ORDINARIA,PRESENCIAL,PP,1
129508,433,2023-03-07,SESSAO ORDINARIA,PRESENCIAL,PT,1
129509,433,2023-03-07,SESSAO ORDINARIA,PRESENCIAL,PSD,1
129510,433,2023-03-07,SESSAO ORDINARIA,PRESENCIAL,PMN,1
129511,433,2023-03-07,SESSAO ORDINARIA,PRESENCIAL,PL,1
129512,433,2023-03-07,SESSAO ORDINARIA,PRESENCIAL,PL,1
129513,433,2023-03-07,SESSAO ORDINARIA,PRESENCIAL,MDB,1
129514,434,2023-03-08,SESSAO ORDINARIA,PRESENCIAL,PT,1
129515,434,2023-03-08,SESSAO ORDINARIA,PRESENCIAL,PL,1
129516,434,2023-03-08,SESSAO ORDINARIA,PRESENCIAL,PSB,1
129517,434,2023-03-08,SESSAO ORDINARIA,PRESENCIAL,AGIR,1
129518,434,2023-03-08,SESSAO ORDINARIA,PRESENCIAL,UNIÃO,1
129519,434,2023-03-08,SESSAO ORDINARIA,PRESENCIAL,PSOL,1
129520,434,2023-03-08,SESSAO ORDINARIA,PRESENCIAL,PT,1
129521,434,2023-03-08,SESSAO ORDINARIA,PRESENCIAL,MDB,1
129522,434,2023-03-08,SESSAO ORDINARIA,PRESENCIAL,NÃO INFORMADO,1
129523,434,2023-03-08,SESSAO ORDINARIA,PRESENCIAL,PL,1
129524,434,2023-03-08,SESSAO ORDINARIA,PRESENCIAL,PSD,1
129525,434,2023-03-08,SESSAO ORDINARIA,PRESENCIAL,AVANTE,1
129526,434,2023-03-08,SESSAO ORDINARIA,PRESENCIAL,REPUBLICANOS,1
129527,434,2023-03-08,SESSAO ORDINARIA,PRESENCIAL,PSOL,1
129528,434,2023-03-08,SESSAO ORDINARIA,PRESENCIAL,PP,1
129529,434,2023-03-08,SESSAO ORDINARIA,PRESENCIAL,CIDADANIA,1
129530,434,2023-03-08,SESSAO ORDINARIA,PRESENCIAL,PP,1
129531,434,2023-03-08,SESSAO ORDINARIA,PRESENCIAL,PT,1
129532,434,2023-03-08,SESSAO ORDINARIA,PRESENCIAL,PSD,1
129533,434,2023-03-08,SESSAO ORDINARIA,PRESENCIAL,PMN,1
129534,434,2023-03-08,SESSAO ORDINARIA,PRESENCIAL,PL,1
129535,434,2023-03-08,SESSAO ORDINARIA,PRESENCIAL,PL,1
129536,434,2023-03-08,SESSAO ORDINARIA,PRESENCIAL,MDB,1
129537,435,2023-03-09,SESSAO ORDINARIA,PRESENCIAL,PSB,1
129538,435,2023-03-09,SESSAO ORDINARIA,PRESENCIAL,AGIR,1
129539,435,2023-03-09,SESSAO ORDINARIA,PRESENCIAL,UNIÃO,1
129540,435,2023-03-09,SESSAO ORDINARIA,PRESENCIAL,PT,1
129541,435,2023-03-09,SESSAO ORDINARIA,PRESENCIAL,PL,1
129542,435,2023-03-09,SESSAO ORDINARIA,PRESENCIAL,PSOL,1
129543,435,2023-03-09,SESSAO ORDINARIA,PRESENCIAL,CIDADANIA,1
129544,435,2023-03-09,SESSAO ORDINARIA,PRESENCIAL,PP,1
129545,435,2023-03-09,SESSAO ORDINARIA,PRESENCIAL,PT,1
129546,435,2023-03-09,SESSAO ORDINARIA,PRESENCIAL,PSD,1
129547,435,2023-03-09,SESSAO ORDINARIA,PRESENCIAL,PL,1
129548,435,2023-03-09,SESSAO ORDINARIA,PRESENCIAL,PL,1
129549,436,2023-03-14,SESSAO ORDINARIA,PRESENCIAL,PT,1
129550,436,2023-03-14,SESSAO ORDINARIA,PRESENCIAL,PL,1
129551,436,2023-03-14,SESSAO ORDINARIA,PRESENCIAL,PSB,1
129552,436,2023-03-14,SESSAO ORDINARIA,PRESENCIAL,AGIR,1
129553,436,2023-03-14,SESSAO ORDINARIA,PRESENCIAL,PSOL,1
129554,436,2023-03-14,SESSAO ORDINARIA,PRESENCIAL,PT,1
129555,436,2023-03-14,SESSAO ORDINARIA,PRESENCIAL,MDB,1
129556,436,2023-03-14,SESSAO ORDINARIA,PRESENCIAL,MDB,1
129557,436,2023-03-14,SESSAO ORDINARIA,PRESENCIAL,NÃO INFORMADO,1
129558,436,2023-03-14,SESSAO ORDINARIA,PRESENCIAL,PL,1
129559,436,2023-03-14,SESSAO ORDINARIA,PRESENCIAL,AVANTE,1
129560,436,2023-03-14,SESSAO ORDINARIA,PRESENCIAL,REPUBLICANOS,1
129561,436,2023-03-14,SESSAO ORDINARIA,PRESENCIAL,PSOL,1
129562,436,2023-03-14,SESSAO ORDINARIA,PRESENCIAL,PP,1
129563,436,2023-03-14,SESSAO ORDINARIA,PRESENCIAL,CIDADANIA,1
129564,436,2023-03-14,SESSAO ORDINARIA,PRESENCIAL,PP,1
129565,436,2023-03-14,SESSAO ORDINARIA,PRESENCIAL,PT,1
129566,436,2023-03-14,SESSAO ORDINARIA,PRESENCIAL,PSD,1
129567,436,2023-03-14,SESSAO ORDINARIA,PRESENCIAL,PL,1
129568,436,2023-03-14,SESSAO ORDINARIA,PRESENCIAL,PL,1
129569,436,2023-03-14,SESSAO ORDINARIA,PRESENCIAL,MDB,1
129570,437,2023-03-15,SESSAO ORDINARIA,PRESENCIAL,PT,1
129571,437,2023-03-15,SESSAO ORDINARIA,PRESENCIAL,PSB,1
129572,437,2023-03-15,SESSAO ORDINARIA,PRESENCIAL,AGIR,1
129573,437,2023-03-15,SESSAO ORDINARIA,PRESENCIAL,PSOL,1
129574,437,2023-03-15,SESSAO ORDINARIA,PRESENCIAL,PT,1
129575,437,2023-03-15,SESSAO ORDINARIA,PRESENCIAL,MDB,1
129576,437,2023-03-15,SESSAO ORDINARIA,PRESENCIAL,PL,1
129577,437,2023-03-15,SESSAO ORDINARIA,PRESENCIAL,AVANTE,1
129578,437,2023-03-15,SESSAO ORDINARIA,PRESENCIAL,REPUBLICANOS,1
129579,437,2023-03-15,SESSAO ORDINARIA,PRESENCIAL,PSOL,1
129580,437,2023-03-15,SESSAO ORDINARIA,PRESENCIAL,PP,1
129581,437,2023-03-15,SESSAO ORDINARIA,PRESENCIAL,CIDADANIA,1
129582,437,2023-03-15,SESSAO ORDINARIA,PRESENCIAL,PP,1
129583,437,2023-03-15,SESSAO ORDINARIA,PRESENCIAL,PT,1
129584,437,2023-03-15,SESSAO ORDINARIA,PRESENCIAL,PSD,1
129585,437,2023-03-15,SESSAO ORDINARIA,PRESENCIAL,PL,1
129586,437,2023-03-15,SESSAO ORDINARIA,PRESENCIAL,PL,1
129587,437,2023-03-15,SESSAO ORDINARIA,PRESENCIAL,MDB,1
129588,438,2023-03-16,SESSAO ORDINARIA,PRESENCIAL,PT,1
129589,438,2023-03-16,SESSAO ORDINARIA,PRESENCIAL,PSB,1
129590,438,2023-03-16,SESSAO ORDINARIA,PRESENCIAL,AGIR,1
129591,438,2023-03-16,SESSAO ORDINARIA,PRESENCIAL,PT,1
129592,438,2023-03-16,SESSAO ORDINARIA,PRESENCIAL,NÃO INFORMADO,1
129593,438,2023-03-16,SESSAO ORDINARIA,PRESENCIAL,PL,1
129594,438,2023-03-16,SESSAO ORDINARIA,PRESENCIAL,AVANTE,1
129595,438,2023-03-16,SESSAO ORDINARIA,PRESENCIAL,PSOL,1
129596,438,2023-03-16,SESSAO ORDINARIA,PRESENCIAL,PP,1
129597,438,2023-03-16,SESSAO ORDINARIA,PRESENCIAL,CIDADANIA,1
129598,438,2023-03-16,SESSAO ORDINARIA,PRESENCIAL,PP,1
129599,438,2023-03-16,SESSAO ORDINARIA,PRESENCIAL,PT,1
129600,438,2023-03-16,SESSAO ORDINARIA,PRESENCIAL,PSD,1
129601,438,2023-03-16,SESSAO ORDINARIA,PRESENCIAL,PL,1
129602,438,2023-03-16,SESSAO ORDINARIA,PRESENCIAL,PL,1
129603,439,2023-03-21,SESSAO ORDINARIA,PRESENCIAL,PT,1
129604,439,2023-03-21,SESSAO ORDINARIA,PRESENCIAL,PL,1
129605,439,2023-03-21,SESSAO ORDINARIA,PRESENCIAL,PSB,1
129606,439,2023-03-21,SESSAO ORDINARIA,PRESENCIAL,AGIR,2
129607,439,2023-03-21,SESSAO ORDINARIA,PRESENCIAL,UNIÃO,1
129608,439,2023-03-21,SESSAO ORDINARIA,PRESENCIAL,PSOL,2
129609,439,2023-03-21,SESSAO ORDINARIA,PRESENCIAL,PT,1
129610,439,2023-03-21,SESSAO ORDINARIA,PRESENCIAL,MDB,2
129611,439,2023-03-21,SESSAO ORDINARIA,PRESENCIAL,MDB,2
129612,439,2023-03-21,SESSAO ORDINARIA,PRESENCIAL,NÃO INFORMADO,1
129613,439,2023-03-21,SESSAO ORDINARIA,PRESENCIAL,PL,1
129614,439,2023-03-21,SESSAO ORDINARIA,PRESENCIAL,PSD,2
129615,439,2023-03-21,SESSAO ORDINARIA,PRESENCIAL,AVANTE,1
129616,439,2023-03-21,SESSAO ORDINARIA,PRESENCIAL,REPUBLICANOS,2
129617,439,2023-03-21,SESSAO ORDINARIA,PRESENCIAL,PSOL,1
129618,439,2023-03-21,SESSAO ORDINARIA,PRESENCIAL,PP,1
129619,439,2023-03-21,SESSAO ORDINARIA,PRESENCIAL,CIDADANIA,1
129620,439,2023-03-21,SESSAO ORDINARIA,PRESENCIAL,PP,1
129621,439,2023-03-21,SESSAO ORDINARIA,PRESENCIAL,PT,1
129622,439,2023-03-21,SESSAO ORDINARIA,PRESENCIAL,PSD,2
129623,439,2023-03-21,SESSAO ORDINARIA,PRESENCIAL,PMN,1
129624,439,2023-03-21,SESSAO ORDINARIA,PRESENCIAL,PL,1
129625,439,2023-03-21,SESSAO ORDINARIA,PRESENCIAL,PL,1
129626,439,2023-03-21,SESSAO ORDINARIA,PRESENCIAL,MDB,1
129627,440,2023-03-22,SESSAO ORDINARIA,PRESENCIAL,PT,1
129628,440,2023-03-22,SESSAO ORDINARIA,PRESENCIAL,PL,1
129629,440,2023-03-22,SESSAO ORDINARIA,PRESENCIAL,PSB,1
129630,440,2023-03-22,SESSAO ORDINARIA,PRESENCIAL,AGIR,1
129631,440,2023-03-22,SESSAO ORDINARIA,PRESENCIAL,UNIÃO,1
129632,440,2023-03-22,SESSAO ORDINARIA,PRESENCIAL,PSOL,1
129633,440,2023-03-22,SESSAO ORDINARIA,PRESENCIAL,PT,1
129634,440,2023-03-22,SESSAO ORDINARIA,PRESENCIAL,MDB,1
129635,440,2023-03-22,SESSAO ORDINARIA,PRESENCIAL,MDB,1
129636,440,2023-03-22,SESSAO ORDINARIA,PRESENCIAL,PL,1
129637,440,2023-03-22,SESSAO ORDINARIA,PRESENCIAL,AVANTE,1
129638,440,2023-03-22,SESSAO ORDINARIA,PRESENCIAL,REPUBLICANOS,1
129639,440,2023-03-22,SESSAO ORDINARIA,PRESENCIAL,PSOL,1
129640,440,2023-03-22,SESSAO ORDINARIA,PRESENCIAL,PP,1
129641,440,2023-03-22,SESSAO ORDINARIA,PRESENCIAL,PT,1
129642,440,2023-03-22,SESSAO ORDINARIA,PRESENCIAL,PSD,1
129643,440,2023-03-22,SESSAO ORDINARIA,PRESENCIAL,PMN,1
129644,440,2023-03-22,SESSAO ORDINARIA,PRESENCIAL,PL,1
129645,440,2023-03-22,SESSAO ORDINARIA,PRESENCIAL,PL,1
129646,440,2023-03-22,SESSAO ORDINARIA,PRESENCIAL,MDB,1
129647,441,2023-03-23,SESSAO ORDINARIA,PRESENCIAL,PT,1
129648,441,2023-03-23,SESSAO ORDINARIA,PRESENCIAL,PSB,1
129649,441,2023-03-23,SESSAO ORDINARIA,PRESENCIAL,AGIR,1
129650,441,2023-03-23,SESSAO ORDINARIA,PRESENCIAL,PSOL,1
129651,441,2023-03-23,SESSAO ORDINARIA,PRESENCIAL,PT,1
129652,441,2023-03-23,SESSAO ORDINARIA,PRESENCIAL,NÃO INFORMADO,1
129653,441,2023-03-23,SESSAO ORDINARIA,PRESENCIAL,PL,1
129654,441,2023-03-23,SESSAO ORDINARIA,PRESENCIAL,PSOL,1
129655,441,2023-03-23,SESSAO ORDINARIA,PRESENCIAL,PP,1
129656,441,2023-03-23,SESSAO ORDINARIA,PRESENCIAL,PP,1
129657,441,2023-03-23,SESSAO ORDINARIA,PRESENCIAL,PT,1
129658,441,2023-03-23,SESSAO ORDINARIA,PRESENCIAL,PSD,1
129659,441,2023-03-23,SESSAO ORDINARIA,PRESENCIAL,PL,1
129660,442,2023-03-21,SESSAO EXTRAORDINARIA,PRESENCIAL,PSB,1
129661,442,2023-03-21,SESSAO EXTRAORDINARIA,PRESENCIAL,AGIR,1
129662,442,2023-03-21,SESSAO EXTRAORDINARIA,PRESENCIAL,UNIÃO,1
129663,442,2023-03-21,SESSAO EXTRAORDINARIA,PRESENCIAL,PSOL,1
129664,442,2023-03-21,SESSAO EXTRAORDINARIA,PRESENCIAL,PT,1
129665,442,2023-03-21,SESSAO EXTRAORDINARIA,PRESENCIAL,MDB,1
129666,442,2023-03-21,SESSAO EXTRAORDINARIA,PRESENCIAL,AVANTE,1
129667,442,2023-03-21,SESSAO EXTRAORDINARIA,PRESENCIAL,REPUBLICANOS,1
129668,442,2023-03-21,SESSAO EXTRAORDINARIA,PRESENCIAL,PSOL,1
129669,442,2023-03-21,SESSAO EXTRAORDINARIA,PRESENCIAL,PP,1
129670,442,2023-03-21,SESSAO EXTRAORDINARIA,PRESENCIAL,PP,1
129671,442,2023-03-21,SESSAO EXTRAORDINARIA,PRESENCIAL,PT,1
129672,442,2023-03-21,SESSAO EXTRAORDINARIA,PRESENCIAL,PSD,1
129673,442,2023-03-21,SESSAO EXTRAORDINARIA,PRESENCIAL,MDB,1
129674,443,2023-04-04,SESSAO EXTRAORDINARIA,PRESENCIAL,PT,1
129675,443,2023-04-04,SESSAO EXTRAORDINARIA,PRESENCIAL,PSB,1
129676,443,2023-04-04,SESSAO EXTRAORDINARIA,PRESENCIAL,UNIÃO,1
129677,443,2023-04-04,SESSAO EXTRAORDINARIA,PRESENCIAL,PT,1
129678,443,2023-04-04,SESSAO EXTRAORDINARIA,PRESENCIAL,MDB,1
129679,443,2023-04-04,SESSAO EXTRAORDINARIA,PRESENCIAL,MDB,1
129680,443,2023-04-04,SESSAO EXTRAORDINARIA,PRESENCIAL,NÃO INFORMADO,1
129681,443,2023-04-04,SESSAO EXTRAORDINARIA,PRESENCIAL,PL,1
129682,443,2023-04-04,SESSAO EXTRAORDINARIA,PRESENCIAL,PSD,1
129683,443,2023-04-04,SESSAO EXTRAORDINARIA,PRESENCIAL,REPUBLICANOS,1
129684,443,2023-04-04,SESSAO EXTRAORDINARIA,PRESENCIAL,PSOL,1
129685,443,2023-04-04,SESSAO EXTRAORDINARIA,PRESENCIAL,PP,1
129686,443,2023-04-04,SESSAO EXTRAORDINARIA,PRESENCIAL,CIDADANIA,1
129687,443,2023-04-04,SESSAO EXTRAORDINARIA,PRESENCIAL,PP,1
129688,443,2023-04-04,SESSAO EXTRAORDINARIA,PRESENCIAL,PT,1
129689,443,2023-04-04,SESSAO EXTRAORDINARIA,PRESENCIAL,PMN,1
129690,443,2023-04-04,SESSAO EXTRAORDINARIA,PRESENCIAL,PL,1
129691,443,2023-04-04,SESSAO EXTRAORDINARIA,PRESENCIAL,MDB,1
129692,444,2023-03-28,SESSAO ORDINARIA,PRESENCIAL,PT,2
129693,444,2023-03-28,SESSAO ORDINARIA,PRESENCIAL,PSB,2
129694,444,2023-03-28,SESSAO ORDINARIA,PRESENCIAL,AGIR,2
129695,444,2023-03-28,SESSAO ORDINARIA,PRESENCIAL,UNIÃO,2
129696,444,2023-03-28,SESSAO ORDINARIA,PRESENCIAL,PSOL,2
129697,444,2023-03-28,SESSAO ORDINARIA,PRESENCIAL,PT,2
129698,444,2023-03-28,SESSAO ORDINARIA,PRESENCIAL,MDB,1
129699,444,2023-03-28,SESSAO ORDINARIA,PRESENCIAL,MDB,2
129700,444,2023-03-28,SESSAO ORDINARIA,PRESENCIAL,NÃO INFORMADO,2
129701,444,2023-03-28,SESSAO ORDINARIA,PRESENCIAL,PL,1
129702,444,2023-03-28,SESSAO ORDINARIA,PRESENCIAL,PSD,1
129703,444,2023-03-28,SESSAO ORDINARIA,PRESENCIAL,AVANTE,1
129704,444,2023-03-28,SESSAO ORDINARIA,PRESENCIAL,REPUBLICANOS,2
129705,444,2023-03-28,SESSAO ORDINARIA,PRESENCIAL,PSOL,2
129706,444,2023-03-28,SESSAO ORDINARIA,PRESENCIAL,PP,2
129707,444,2023-03-28,SESSAO ORDINARIA,PRESENCIAL,CIDADANIA,2
129708,444,2023-03-28,SESSAO ORDINARIA,PRESENCIAL,PP,2
129709,444,2023-03-28,SESSAO ORDINARIA,PRESENCIAL,PT,2
129710,444,2023-03-28,SESSAO ORDINARIA,PRESENCIAL,PMN,2
129711,444,2023-03-28,SESSAO ORDINARIA,PRESENCIAL,PL,1
129712,444,2023-03-28,SESSAO ORDINARIA,PRESENCIAL,PL,2
129713,444,2023-03-28,SESSAO ORDINARIA,PRESENCIAL,MDB,2
129714,445,2023-03-29,SESSAO ORDINARIA,PRESENCIAL,PT,1
129715,445,2023-03-29,SESSAO ORDINARIA,PRESENCIAL,PSB,1
129716,445,2023-03-29,SESSAO ORDINARIA,PRESENCIAL,AGIR,1
129717,445,2023-03-29,SESSAO ORDINARIA,PRESENCIAL,UNIÃO,1
129718,445,2023-03-29,SESSAO ORDINARIA,PRESENCIAL,PSOL,1
129719,445,2023-03-29,SESSAO ORDINARIA,PRESENCIAL,PT,1
129720,445,2023-03-29,SESSAO ORDINARIA,PRESENCIAL,MDB,1
129721,445,2023-03-29,SESSAO ORDINARIA,PRESENCIAL,NÃO INFORMADO,1
129722,445,2023-03-29,SESSAO ORDINARIA,PRESENCIAL,PL,1
129723,445,2023-03-29,SESSAO ORDINARIA,PRESENCIAL,PSD,1
129724,445,2023-03-29,SESSAO ORDINARIA,PRESENCIAL,AVANTE,1
129725,445,2023-03-29,SESSAO ORDINARIA,PRESENCIAL,REPUBLICANOS,1
129726,445,2023-03-29,SESSAO ORDINARIA,PRESENCIAL,PSOL,1
129727,445,2023-03-29,SESSAO ORDINARIA,PRESENCIAL,PP,1
129728,445,2023-03-29,SESSAO ORDINARIA,PRESENCIAL,CIDADANIA,1
129729,445,2023-03-29,SESSAO ORDINARIA,PRESENCIAL,PP,1
129730,445,2023-03-29,SESSAO ORDINARIA,PRESENCIAL,PT,1
129731,445,2023-03-29,SESSAO ORDINARIA,PRESENCIAL,PMN,1
129732,445,2023-03-29,SESSAO ORDINARIA,PRESENCIAL,PL,1
129733,445,2023-03-29,SESSAO ORDINARIA,PRESENCIAL,MDB,1
129734,446,2023-03-30,SESSAO ORDINARIA,PRESENCIAL,PT,1
129735,446,2023-03-30,SESSAO ORDINARIA,PRESENCIAL,PSB,1
129736,446,2023-03-30,SESSAO ORDINARIA,PRESENCIAL,AGIR,1
129737,446,2023-03-30,SESSAO ORDINARIA,PRESENCIAL,UNIÃO,1
129738,446,2023-03-30,SESSAO ORDINARIA,PRESENCIAL,PSOL,1
129739,446,2023-03-30,SESSAO ORDINARIA,PRESENCIAL,PT,1
129740,446,2023-03-30,SESSAO ORDINARIA,PRESENCIAL,NÃO INFORMADO,1
129741,446,2023-03-30,SESSAO ORDINARIA,PRESENCIAL,AVANTE,1
129742,446,2023-03-30,SESSAO ORDINARIA,PRESENCIAL,PSOL,1
129743,446,2023-03-30,SESSAO ORDINARIA,PRESENCIAL,CIDADANIA,1
129744,446,2023-03-30,SESSAO ORDINARIA,PRESENCIAL,PP,1
129745,446,2023-03-30,SESSAO ORDINARIA,PRESENCIAL,PT,1
129746,446,2023-03-30,SESSAO ORDINARIA,PRESENCIAL,PMN,1
129747,446,2023-03-30,SESSAO ORDINARIA,PRESENCIAL,PL,1
129748,447,2023-04-04,SESSAO ORDINARIA,PRESENCIAL,PT,1
129749,447,2023-04-04,SESSAO ORDINARIA,PRESENCIAL,PSB,1
129750,447,2023-04-04,SESSAO ORDINARIA,PRESENCIAL,UNIÃO,1
129751,447,2023-04-04,SESSAO ORDINARIA,PRESENCIAL,PSOL,1
129752,447,2023-04-04,SESSAO ORDINARIA,PRESENCIAL,PT,1
129753,447,2023-04-04,SESSAO ORDINARIA,PRESENCIAL,MDB,1
129754,447,2023-04-04,SESSAO ORDINARIA,PRESENCIAL,MDB,1
129755,447,2023-04-04,SESSAO ORDINARIA,PRESENCIAL,NÃO INFORMADO,1
129756,447,2023-04-04,SESSAO ORDINARIA,PRESENCIAL,PL,1
129757,447,2023-04-04,SESSAO ORDINARIA,PRESENCIAL,PSD,1
129758,447,2023-04-04,SESSAO ORDINARIA,PRESENCIAL,AVANTE,1
129759,447,2023-04-04,SESSAO ORDINARIA,PRESENCIAL,REPUBLICANOS,1
129760,447,2023-04-04,SESSAO ORDINARIA,PRESENCIAL,PSOL,1
129761,447,2023-04-04,SESSAO ORDINARIA,PRESENCIAL,PP,1
129762,447,2023-04-04,SESSAO ORDINARIA,PRESENCIAL,CIDADANIA,1
129763,447,2023-04-04,SESSAO ORDINARIA,PRESENCIAL,PP,1
129764,447,2023-04-04,SESSAO ORDINARIA,PRESENCIAL,PT,1
129765,447,2023-04-04,SESSAO ORDINARIA,PRESENCIAL,PMN,1
129766,447,2023-04-04,SESSAO ORDINARIA,PRESENCIAL,PL,1
129767,447,2023-04-04,SESSAO ORDINARIA,PRESENCIAL,MDB,1
129768,448,2023-04-05,SESSAO ORDINARIA,PRESENCIAL,PT,1
129769,448,2023-04-05,SESSAO ORDINARIA,PRESENCIAL,AGIR,1
129770,448,2023-04-05,SESSAO ORDINARIA,PRESENCIAL,UNIÃO,1
129771,448,2023-04-05,SESSAO ORDINARIA,PRESENCIAL,PSOL,1
129772,448,2023-04-05,SESSAO ORDINARIA,PRESENCIAL,PT,1
129773,448,2023-04-05,SESSAO ORDINARIA,PRESENCIAL,NÃO INFORMADO,1
129774,448,2023-04-05,SESSAO ORDINARIA,PRESENCIAL,PL,1
129775,448,2023-04-05,SESSAO ORDINARIA,PRESENCIAL,REPUBLICANOS,1
129776,448,2023-04-05,SESSAO ORDINARIA,PRESENCIAL,PSOL,1
129777,448,2023-04-05,SESSAO ORDINARIA,PRESENCIAL,PP,1
129778,448,2023-04-05,SESSAO ORDINARIA,PRESENCIAL,CIDADANIA,1
129779,448,2023-04-05,SESSAO ORDINARIA,PRESENCIAL,PT,1
129780,448,2023-04-05,SESSAO ORDINARIA,PRESENCIAL,PMN,1
129781,449,2023-04-11,SESSAO EXTRAORDINARIA,PRESENCIAL,PT,1
129782,449,2023-04-11,SESSAO EXTRAORDINARIA,PRESENCIAL,UNIÃO,1
129783,449,2023-04-11,SESSAO EXTRAORDINARIA,PRESENCIAL,PSOL,1
129784,449,2023-04-11,SESSAO EXTRAORDINARIA,PRESENCIAL,PT,1
129785,449,2023-04-11,SESSAO EXTRAORDINARIA,PRESENCIAL,MDB,1
129786,449,2023-04-11,SESSAO EXTRAORDINARIA,PRESENCIAL,NÃO INFORMADO,1
129787,449,2023-04-11,SESSAO EXTRAORDINARIA,PRESENCIAL,PL,1
129788,449,2023-04-11,SESSAO EXTRAORDINARIA,PRESENCIAL,PSD,1
129789,449,2023-04-11,SESSAO EXTRAORDINARIA,PRESENCIAL,AVANTE,1
129790,449,2023-04-11,SESSAO EXTRAORDINARIA,PRESENCIAL,REPUBLICANOS,1
129791,449,2023-04-11,SESSAO EXTRAORDINARIA,PRESENCIAL,PSOL,1
129792,449,2023-04-11,SESSAO EXTRAORDINARIA,PRESENCIAL,PP,1
129793,449,2023-04-11,SESSAO EXTRAORDINARIA,PRESENCIAL,CIDADANIA,1
129794,449,2023-04-11,SESSAO EXTRAORDINARIA,PRESENCIAL,PT,1
129795,449,2023-04-11,SESSAO EXTRAORDINARIA,PRESENCIAL,PSD,1
129796,449,2023-04-11,SESSAO EXTRAORDINARIA,PRESENCIAL,PMN,1
129797,449,2023-04-11,SESSAO EXTRAORDINARIA,PRESENCIAL,PL,1
129798,449,2023-04-11,SESSAO EXTRAORDINARIA,PRESENCIAL,MDB,1
129799,450,2023-04-11,SESSAO ORDINARIA,PRESENCIAL,PT,1
129800,450,2023-04-11,SESSAO ORDINARIA,PRESENCIAL,PL,1
129801,450,2023-04-11,SESSAO ORDINARIA,PRESENCIAL,PSB,1
129802,450,2023-04-11,SESSAO ORDINARIA,PRESENCIAL,AGIR,1
129803,450,2023-04-11,SESSAO ORDINARIA,PRESENCIAL,UNIÃO,1
129804,450,2023-04-11,SESSAO ORDINARIA,PRESENCIAL,PSOL,1
129805,450,2023-04-11,SESSAO ORDINARIA,PRESENCIAL,PT,1
129806,450,2023-04-11,SESSAO ORDINARIA,PRESENCIAL,MDB,1
129807,450,2023-04-11,SESSAO ORDINARIA,PRESENCIAL,NÃO INFORMADO,1
129808,450,2023-04-11,SESSAO ORDINARIA,PRESENCIAL,PL,1
129809,450,2023-04-11,SESSAO ORDINARIA,PRESENCIAL,PSD,1
129810,450,2023-04-11,SESSAO ORDINARIA,PRESENCIAL,AVANTE,1
129811,450,2023-04-11,SESSAO ORDINARIA,PRESENCIAL,REPUBLICANOS,1
129812,450,2023-04-11,SESSAO ORDINARIA,PRESENCIAL,PSOL,1
129813,450,2023-04-11,SESSAO ORDINARIA,PRESENCIAL,PP,1
129814,450,2023-04-11,SESSAO ORDINARIA,PRESENCIAL,CIDADANIA,1
129815,450,2023-04-11,SESSAO ORDINARIA,PRESENCIAL,PT,1
129816,450,2023-04-11,SESSAO ORDINARIA,PRESENCIAL,PSD,1
129817,450,2023-04-11,SESSAO ORDINARIA,PRESENCIAL,PMN,1
129818,450,2023-04-11,SESSAO ORDINARIA,PRESENCIAL,PL,1
129819,450,2023-04-11,SESSAO ORDINARIA,PRESENCIAL,PL,1
129820,450,2023-04-11,SESSAO ORDINARIA,PRESENCIAL,MDB,1
129821,451,2023-04-12,SESSAO ORDINARIA,PRESENCIAL,PT,2
129822,451,2023-04-12,SESSAO ORDINARIA,PRESENCIAL,PL,1
129823,451,2023-04-12,SESSAO ORDINARIA,PRESENCIAL,PSB,2
129824,451,2023-04-12,SESSAO ORDINARIA,PRESENCIAL,AGIR,2
129825,451,2023-04-12,SESSAO ORDINARIA,PRESENCIAL,PSOL,2
129826,451,2023-04-12,SESSAO ORDINARIA,PRESENCIAL,PT,2
129827,451,2023-04-12,SESSAO ORDINARIA,PRESENCIAL,MDB,2
129828,451,2023-04-12,SESSAO ORDINARIA,PRESENCIAL,NÃO INFORMADO,1
129829,451,2023-04-12,SESSAO ORDINARIA,PRESENCIAL,PL,1
129830,451,2023-04-12,SESSAO ORDINARIA,PRESENCIAL,AVANTE,2
129831,451,2023-04-12,SESSAO ORDINARIA,PRESENCIAL,REPUBLICANOS,2
129832,451,2023-04-12,SESSAO ORDINARIA,PRESENCIAL,PSOL,2
129833,451,2023-04-12,SESSAO ORDINARIA,PRESENCIAL,PP,2
129834,451,2023-04-12,SESSAO ORDINARIA,PRESENCIAL,CIDADANIA,2
129835,451,2023-04-12,SESSAO ORDINARIA,PRESENCIAL,PP,1
129836,451,2023-04-12,SESSAO ORDINARIA,PRESENCIAL,PT,2
129837,451,2023-04-12,SESSAO ORDINARIA,PRESENCIAL,PSD,2
129838,451,2023-04-12,SESSAO ORDINARIA,PRESENCIAL,PMN,1
129839,451,2023-04-12,SESSAO ORDINARIA,PRESENCIAL,PL,2
129840,451,2023-04-12,SESSAO ORDINARIA,PRESENCIAL,PL,1
129841,451,2023-04-12,SESSAO ORDINARIA,PRESENCIAL,MDB,2
129842,452,2023-04-13,SESSAO ORDINARIA,PRESENCIAL,PSB,1
129843,452,2023-04-13,SESSAO ORDINARIA,PRESENCIAL,AGIR,1
129844,452,2023-04-13,SESSAO ORDINARIA,PRESENCIAL,PSOL,1
129845,452,2023-04-13,SESSAO ORDINARIA,PRESENCIAL,PT,1
129846,452,2023-04-13,SESSAO ORDINARIA,PRESENCIAL,PL,1
129847,452,2023-04-13,SESSAO ORDINARIA,PRESENCIAL,PSOL,1
129848,452,2023-04-13,SESSAO ORDINARIA,PRESENCIAL,PP,1
129849,452,2023-04-13,SESSAO ORDINARIA,PRESENCIAL,CIDADANIA,1
129850,452,2023-04-13,SESSAO ORDINARIA,PRESENCIAL,PP,1
129851,452,2023-04-13,SESSAO ORDINARIA,PRESENCIAL,PT,1
129852,452,2023-04-13,SESSAO ORDINARIA,PRESENCIAL,PSD,1
129853,452,2023-04-13,SESSAO ORDINARIA,PRESENCIAL,PL,1
129854,452,2023-04-13,SESSAO ORDINARIA,PRESENCIAL,PL,1
129855,453,2023-04-18,SESSAO ORDINARIA,PRESENCIAL,PT,1
129856,453,2023-04-18,SESSAO ORDINARIA,PRESENCIAL,PL,1
129857,453,2023-04-18,SESSAO ORDINARIA,PRESENCIAL,PSB,1
129858,453,2023-04-18,SESSAO ORDINARIA,PRESENCIAL,AGIR,1
129859,453,2023-04-18,SESSAO ORDINARIA,PRESENCIAL,UNIÃO,1
129860,453,2023-04-18,SESSAO ORDINARIA,PRESENCIAL,PSOL,1
129861,453,2023-04-18,SESSAO ORDINARIA,PRESENCIAL,PT,1
129862,453,2023-04-18,SESSAO ORDINARIA,PRESENCIAL,MDB,1
129863,453,2023-04-18,SESSAO ORDINARIA,PRESENCIAL,MDB,1
129864,453,2023-04-18,SESSAO ORDINARIA,PRESENCIAL,NÃO INFORMADO,1
129865,453,2023-04-18,SESSAO ORDINARIA,PRESENCIAL,PL,1
129866,453,2023-04-18,SESSAO ORDINARIA,PRESENCIAL,PSD,1
129867,453,2023-04-18,SESSAO ORDINARIA,PRESENCIAL,AVANTE,1
129868,453,2023-04-18,SESSAO ORDINARIA,PRESENCIAL,REPUBLICANOS,1
129869,453,2023-04-18,SESSAO ORDINARIA,PRESENCIAL,PSOL,1
129870,453,2023-04-18,SESSAO ORDINARIA,PRESENCIAL,PP,1
129871,453,2023-04-18,SESSAO ORDINARIA,PRESENCIAL,CIDADANIA,1
129872,453,2023-04-18,SESSAO ORDINARIA,PRESENCIAL,PP,1
129873,453,2023-04-18,SESSAO ORDINARIA,PRESENCIAL,PT,1
129874,453,2023-04-18,SESSAO ORDINARIA,PRESENCIAL,PSD,1
129875,453,2023-04-18,SESSAO ORDINARIA,PRESENCIAL,NÃO INFORMADO,1
129876,453,2023-04-18,SESSAO ORDINARIA,PRESENCIAL,PL,1
129877,453,2023-04-18,SESSAO ORDINARIA,PRESENCIAL,PL,1
129878,453,2023-04-18,SESSAO ORDINARIA,PRESENCIAL,MDB,1
129879,454,2023-04-19,SESSAO ORDINARIA,PRESENCIAL,PT,1
129880,454,2023-04-19,SESSAO ORDINARIA,PRESENCIAL,PSB,1
129881,454,2023-04-19,SESSAO ORDINARIA,PRESENCIAL,AGIR,1
129882,454,2023-04-19,SESSAO ORDINARIA,PRESENCIAL,UNIÃO,1
129883,454,2023-04-19,SESSAO ORDINARIA,PRESENCIAL,PSOL,1
129884,454,2023-04-19,SESSAO ORDINARIA,PRESENCIAL,PT,1
129885,454,2023-04-19,SESSAO ORDINARIA,PRESENCIAL,MDB,1
129886,454,2023-04-19,SESSAO ORDINARIA,PRESENCIAL,MDB,1
129887,454,2023-04-19,SESSAO ORDINARIA,PRESENCIAL,NÃO INFORMADO,1
129888,454,2023-04-19,SESSAO ORDINARIA,PRESENCIAL,PL,1
129889,454,2023-04-19,SESSAO ORDINARIA,PRESENCIAL,AVANTE,1
129890,454,2023-04-19,SESSAO ORDINARIA,PRESENCIAL,REPUBLICANOS,1
129891,454,2023-04-19,SESSAO ORDINARIA,PRESENCIAL,PSOL,2
129892,454,2023-04-19,SESSAO ORDINARIA,PRESENCIAL,PP,1
129893,454,2023-04-19,SESSAO ORDINARIA,PRESENCIAL,CIDADANIA,1
129894,454,2023-04-19,SESSAO ORDINARIA,PRESENCIAL,PP,1
129895,454,2023-04-19,SESSAO ORDINARIA,PRESENCIAL,PT,1
129896,454,2023-04-19,SESSAO ORDINARIA,PRESENCIAL,PSD,1
129897,454,2023-04-19,SESSAO ORDINARIA,PRESENCIAL,NÃO INFORMADO,1
129898,454,2023-04-19,SESSAO ORDINARIA,PRESENCIAL,PL,1
129899,454,2023-04-19,SESSAO ORDINARIA,PRESENCIAL,MDB,1
129900,455,2023-04-20,SESSAO ORDINARIA,PRESENCIAL,PT,1
129901,455,2023-04-20,SESSAO ORDINARIA,PRESENCIAL,PSB,1
129902,455,2023-04-20,SESSAO ORDINARIA,PRESENCIAL,AGIR,1
129903,455,2023-04-20,SESSAO ORDINARIA,PRESENCIAL,PSOL,1
129904,455,2023-04-20,SESSAO ORDINARIA,PRESENCIAL,PL,1
129905,455,2023-04-20,SESSAO ORDINARIA,PRESENCIAL,AVANTE,1
129906,455,2023-04-20,SESSAO ORDINARIA,PRESENCIAL,PSOL,1
129907,455,2023-04-20,SESSAO ORDINARIA,PRESENCIAL,PP,1
129908,455,2023-04-20,SESSAO ORDINARIA,PRESENCIAL,CIDADANIA,1
129909,455,2023-04-20,SESSAO ORDINARIA,PRESENCIAL,PP,1
129910,455,2023-04-20,SESSAO ORDINARIA,PRESENCIAL,PT,1
129911,456,2023-04-25,SESSAO ORDINARIA,PRESENCIAL,PT,1
129912,456,2023-04-25,SESSAO ORDINARIA,PRESENCIAL,PL,1
129913,456,2023-04-25,SESSAO ORDINARIA,PRESENCIAL,PSB,1
129914,456,2023-04-25,SESSAO ORDINARIA,PRESENCIAL,AGIR,1
129915,456,2023-04-25,SESSAO ORDINARIA,PRESENCIAL,UNIÃO,1
129916,456,2023-04-25,SESSAO ORDINARIA,PRESENCIAL,PSOL,1
129917,456,2023-04-25,SESSAO ORDINARIA,PRESENCIAL,PT,1
129918,456,2023-04-25,SESSAO ORDINARIA,PRESENCIAL,MDB,1
129919,456,2023-04-25,SESSAO ORDINARIA,PRESENCIAL,MDB,1
129920,456,2023-04-25,SESSAO ORDINARIA,PRESENCIAL,NÃO INFORMADO,1
129921,456,2023-04-25,SESSAO ORDINARIA,PRESENCIAL,PL,1
129922,456,2023-04-25,SESSAO ORDINARIA,PRESENCIAL,PSD,1
129923,456,2023-04-25,SESSAO ORDINARIA,PRESENCIAL,AVANTE,1
129924,456,2023-04-25,SESSAO ORDINARIA,PRESENCIAL,REPUBLICANOS,1
129925,456,2023-04-25,SESSAO ORDINARIA,PRESENCIAL,PSOL,1
129926,456,2023-04-25,SESSAO ORDINARIA,PRESENCIAL,PP,1
129927,456,2023-04-25,SESSAO ORDINARIA,PRESENCIAL,CIDADANIA,1
129928,456,2023-04-25,SESSAO ORDINARIA,PRESENCIAL,PP,1
129929,456,2023-04-25,SESSAO ORDINARIA,PRESENCIAL,PT,1
129930,456,2023-04-25,SESSAO ORDINARIA,PRESENCIAL,PSD,1
129931,456,2023-04-25,SESSAO ORDINARIA,PRESENCIAL,NÃO INFORMADO,1
129932,456,2023-04-25,SESSAO ORDINARIA,PRESENCIAL,PL,1
129933,456,2023-04-25,SESSAO ORDINARIA,PRESENCIAL,PL,1
129934,456,2023-04-25,SESSAO ORDINARIA,PRESENCIAL,MDB,1
129935,457,2023-04-26,SESSAO ORDINARIA,PRESENCIAL,UNIÃO,1
129936,457,2023-04-26,SESSAO ORDINARIA,PRESENCIAL,PSOL,1
129937,457,2023-04-26,SESSAO ORDINARIA,PRESENCIAL,PT,1
129938,457,2023-04-26,SESSAO ORDINARIA,PRESENCIAL,MDB,1
129939,457,2023-04-26,SESSAO ORDINARIA,PRESENCIAL,NÃO INFORMADO,1
129940,457,2023-04-26,SESSAO ORDINARIA,PRESENCIAL,PL,1
129941,457,2023-04-26,SESSAO ORDINARIA,PRESENCIAL,AVANTE,1
129942,457,2023-04-26,SESSAO ORDINARIA,PRESENCIAL,REPUBLICANOS,1
129943,457,2023-04-26,SESSAO ORDINARIA,PRESENCIAL,PSOL,1
129944,457,2023-04-26,SESSAO ORDINARIA,PRESENCIAL,PP,1
129945,457,2023-04-26,SESSAO ORDINARIA,PRESENCIAL,CIDADANIA,1
129946,457,2023-04-26,SESSAO ORDINARIA,PRESENCIAL,PP,1
129947,457,2023-04-26,SESSAO ORDINARIA,PRESENCIAL,PT,1
129948,457,2023-04-26,SESSAO ORDINARIA,PRESENCIAL,PSD,1
129949,457,2023-04-26,SESSAO ORDINARIA,PRESENCIAL,NÃO INFORMADO,1
129950,457,2023-04-26,SESSAO ORDINARIA,PRESENCIAL,PL,1
129951,457,2023-04-26,SESSAO ORDINARIA,PRESENCIAL,PL,1
129952,457,2023-04-26,SESSAO ORDINARIA,PRESENCIAL,MDB,1
129953,458,2023-04-27,SESSAO ORDINARIA,PRESENCIAL,PT,1
129954,458,2023-04-27,SESSAO ORDINARIA,PRESENCIAL,PL,1
129955,458,2023-04-27,SESSAO ORDINARIA,PRESENCIAL,PSB,1
129956,458,2023-04-27,SESSAO ORDINARIA,PRESENCIAL,UNIÃO,1
129957,458,2023-04-27,SESSAO ORDINARIA,PRESENCIAL,PSOL,1
129958,458,2023-04-27,SESSAO ORDINARIA,PRESENCIAL,PT,1
129959,458,2023-04-27,SESSAO ORDINARIA,PRESENCIAL,MDB,1
129960,458,2023-04-27,SESSAO ORDINARIA,PRESENCIAL,NÃO INFORMADO,1
129961,458,2023-04-27,SESSAO ORDINARIA,PRESENCIAL,PL,1
129962,458,2023-04-27,SESSAO ORDINARIA,PRESENCIAL,AVANTE,1
129963,458,2023-04-27,SESSAO ORDINARIA,PRESENCIAL,REPUBLICANOS,1
129964,458,2023-04-27,SESSAO ORDINARIA,PRESENCIAL,PSOL,1
129965,458,2023-04-27,SESSAO ORDINARIA,PRESENCIAL,PP,1
129966,458,2023-04-27,SESSAO ORDINARIA,PRESENCIAL,CIDADANIA,1
129967,458,2023-04-27,SESSAO ORDINARIA,PRESENCIAL,PP,1
129968,458,2023-04-27,SESSAO ORDINARIA,PRESENCIAL,PT,1
129969,458,2023-04-27,SESSAO ORDINARIA,PRESENCIAL,PSD,1
129970,458,2023-04-27,SESSAO ORDINARIA,PRESENCIAL,PL,1
129971,458,2023-04-27,SESSAO ORDINARIA,PRESENCIAL,PL,1
129972,458,2023-04-27,SESSAO ORDINARIA,PRESENCIAL,MDB,1
129973,459,2023-05-02,SESSAO ORDINARIA,PRESENCIAL,PT,1
129974,459,2023-05-02,SESSAO ORDINARIA,PRESENCIAL,PL,1
129975,459,2023-05-02,SESSAO ORDINARIA,PRESENCIAL,PSB,1
129976,459,2023-05-02,SESSAO ORDINARIA,PRESENCIAL,AGIR,1
129977,459,2023-05-02,SESSAO ORDINARIA,PRESENCIAL,UNIÃO,1
129978,459,2023-05-02,SESSAO ORDINARIA,PRESENCIAL,PSOL,1
129979,459,2023-05-02,SESSAO ORDINARIA,PRESENCIAL,PT,1
129980,459,2023-05-02,SESSAO ORDINARIA,PRESENCIAL,MDB,1
129981,459,2023-05-02,SESSAO ORDINARIA,PRESENCIAL,MDB,1
129982,459,2023-05-02,SESSAO ORDINARIA,PRESENCIAL,NÃO INFORMADO,1
129983,459,2023-05-02,SESSAO ORDINARIA,PRESENCIAL,PL,1
129984,459,2023-05-02,SESSAO ORDINARIA,PRESENCIAL,PSD,1
129985,459,2023-05-02,SESSAO ORDINARIA,PRESENCIAL,REPUBLICANOS,1
129986,459,2023-05-02,SESSAO ORDINARIA,PRESENCIAL,PSOL,1
129987,459,2023-05-02,SESSAO ORDINARIA,PRESENCIAL,PP,1
129988,459,2023-05-02,SESSAO ORDINARIA,PRESENCIAL,CIDADANIA,1
129989,459,2023-05-02,SESSAO ORDINARIA,PRESENCIAL,PP,1
129990,459,2023-05-02,SESSAO ORDINARIA,PRESENCIAL,PT,1
129991,459,2023-05-02,SESSAO ORDINARIA,PRESENCIAL,PSD,1
129992,459,2023-05-02,SESSAO ORDINARIA,PRESENCIAL,NÃO INFORMADO,1
129993,459,2023-05-02,SESSAO ORDINARIA,PRESENCIAL,PL,1
129994,459,2023-05-02,SESSAO ORDINARIA,PRESENCIAL,PL,1
129995,459,2023-05-02,SESSAO ORDINARIA,PRESENCIAL,MDB,1
129996,460,2023-05-03,SESSAO ORDINARIA,PRESENCIAL,PT,1
129997,460,2023-05-03,SESSAO ORDINARIA,PRESENCIAL,PL,1
129998,460,2023-05-03,SESSAO ORDINARIA,PRESENCIAL,PSB,1
129999,460,2023-05-03,SESSAO ORDINARIA,PRESENCIAL,AGIR,1
130000,460,2023-05-03,SESSAO ORDINARIA,PRESENCIAL,PSOL,1
130001,460,2023-05-03,SESSAO ORDINARIA,PRESENCIAL,PT,1
130002,460,2023-05-03,SESSAO ORDINARIA,PRESENCIAL,MDB,1
130003,460,2023-05-03,SESSAO ORDINARIA,PRESENCIAL,MDB,1
130004,460,2023-05-03,SESSAO ORDINARIA,PRESENCIAL,NÃO INFORMADO,1
130005,460,2023-05-03,SESSAO ORDINARIA,PRESENCIAL,PL,1
130006,460,2023-05-03,SESSAO ORDINARIA,PRESENCIAL,PSD,1
130007,460,2023-05-03,SESSAO ORDINARIA,PRESENCIAL,REPUBLICANOS,1
130008,460,2023-05-03,SESSAO ORDINARIA,PRESENCIAL,PSOL,1
130009,460,2023-05-03,SESSAO ORDINARIA,PRESENCIAL,PP,1
130010,460,2023-05-03,SESSAO ORDINARIA,PRESENCIAL,CIDADANIA,1
130011,460,2023-05-03,SESSAO ORDINARIA,PRESENCIAL,PP,1
130012,460,2023-05-03,SESSAO ORDINARIA,PRESENCIAL,PT,1
130013,460,2023-05-03,SESSAO ORDINARIA,PRESENCIAL,PSD,1
130014,460,2023-05-03,SESSAO ORDINARIA,PRESENCIAL,NÃO INFORMADO,1
130015,460,2023-05-03,SESSAO ORDINARIA,PRESENCIAL,PL,1
130016,460,2023-05-03,SESSAO ORDINARIA,PRESENCIAL,PL,1
130017,460,2023-05-03,SESSAO ORDINARIA,PRESENCIAL,MDB,1
130018,461,2023-05-04,SESSAO ORDINARIA,PRESENCIAL,PT,1
130019,461,2023-05-04,SESSAO ORDINARIA,PRESENCIAL,PSB,1
130020,461,2023-05-04,SESSAO ORDINARIA,PRESENCIAL,PSOL,1
130021,461,2023-05-04,SESSAO ORDINARIA,PRESENCIAL,PT,1
130022,461,2023-05-04,SESSAO ORDINARIA,PRESENCIAL,NÃO INFORMADO,1
130023,461,2023-05-04,SESSAO ORDINARIA,PRESENCIAL,PL,1
130024,461,2023-05-04,SESSAO ORDINARIA,PRESENCIAL,AVANTE,1
130025,461,2023-05-04,SESSAO ORDINARIA,PRESENCIAL,REPUBLICANOS,1
130026,461,2023-05-04,SESSAO ORDINARIA,PRESENCIAL,PSOL,1
130027,461,2023-05-04,SESSAO ORDINARIA,PRESENCIAL,PP,1
130028,461,2023-05-04,SESSAO ORDINARIA,PRESENCIAL,CIDADANIA,1
130029,461,2023-05-04,SESSAO ORDINARIA,PRESENCIAL,PP,1
130030,461,2023-05-04,SESSAO ORDINARIA,PRESENCIAL,PT,1
130031,461,2023-05-04,SESSAO ORDINARIA,PRESENCIAL,NÃO INFORMADO,1
130032,461,2023-05-04,SESSAO ORDINARIA,PRESENCIAL,PL,1
130033,461,2023-05-04,SESSAO ORDINARIA,PRESENCIAL,PL,1
130034,462,2023-05-09,SESSAO EXTRAORDINARIA,PRESENCIAL,PT,1
130035,462,2023-05-09,SESSAO EXTRAORDINARIA,PRESENCIAL,UNIÃO,1
130036,462,2023-05-09,SESSAO EXTRAORDINARIA,PRESENCIAL,PSOL,1
130037,462,2023-05-09,SESSAO EXTRAORDINARIA,PRESENCIAL,PT,1
130038,462,2023-05-09,SESSAO EXTRAORDINARIA,PRESENCIAL,MDB,1
130039,462,2023-05-09,SESSAO EXTRAORDINARIA,PRESENCIAL,MDB,1
130040,462,2023-05-09,SESSAO EXTRAORDINARIA,PRESENCIAL,NÃO INFORMADO,1
130041,462,2023-05-09,SESSAO EXTRAORDINARIA,PRESENCIAL,AVANTE,1
130042,462,2023-05-09,SESSAO EXTRAORDINARIA,PRESENCIAL,REPUBLICANOS,1
130043,462,2023-05-09,SESSAO EXTRAORDINARIA,PRESENCIAL,PP,1
130044,462,2023-05-09,SESSAO EXTRAORDINARIA,PRESENCIAL,PP,1
130045,462,2023-05-09,SESSAO EXTRAORDINARIA,PRESENCIAL,PT,1
130046,462,2023-05-09,SESSAO EXTRAORDINARIA,PRESENCIAL,PSD,1
130047,462,2023-05-09,SESSAO EXTRAORDINARIA,PRESENCIAL,NÃO INFORMADO,1
130048,462,2023-05-09,SESSAO EXTRAORDINARIA,PRESENCIAL,PL,1
130049,462,2023-05-09,SESSAO EXTRAORDINARIA,PRESENCIAL,MDB,1
130050,463,2023-05-09,SESSAO ORDINARIA,PRESENCIAL,PT,1
130051,463,2023-05-09,SESSAO ORDINARIA,PRESENCIAL,AGIR,1
130052,463,2023-05-09,SESSAO ORDINARIA,PRESENCIAL,UNIÃO,1
130053,463,2023-05-09,SESSAO ORDINARIA,PRESENCIAL,PSOL,1
130054,463,2023-05-09,SESSAO ORDINARIA,PRESENCIAL,PT,1
130055,463,2023-05-09,SESSAO ORDINARIA,PRESENCIAL,MDB,1
130056,463,2023-05-09,SESSAO ORDINARIA,PRESENCIAL,MDB,1
130057,463,2023-05-09,SESSAO ORDINARIA,PRESENCIAL,NÃO INFORMADO,1
130058,463,2023-05-09,SESSAO ORDINARIA,PRESENCIAL,PSD,1
130059,463,2023-05-09,SESSAO ORDINARIA,PRESENCIAL,AVANTE,1
130060,463,2023-05-09,SESSAO ORDINARIA,PRESENCIAL,REPUBLICANOS,1
130061,463,2023-05-09,SESSAO ORDINARIA,PRESENCIAL,PSOL,1
130062,463,2023-05-09,SESSAO ORDINARIA,PRESENCIAL,PP,1
130063,463,2023-05-09,SESSAO ORDINARIA,PRESENCIAL,CIDADANIA,1
130064,463,2023-05-09,SESSAO ORDINARIA,PRESENCIAL,PP,1
130065,463,2023-05-09,SESSAO ORDINARIA,PRESENCIAL,PT,1
130066,463,2023-05-09,SESSAO ORDINARIA,PRESENCIAL,PSD,1
130067,463,2023-05-09,SESSAO ORDINARIA,PRESENCIAL,NÃO INFORMADO,1
130068,463,2023-05-09,SESSAO ORDINARIA,PRESENCIAL,PL,1
130069,463,2023-05-09,SESSAO ORDINARIA,PRESENCIAL,MDB,1
130070,464,2023-05-10,SESSAO ORDINARIA,PRESENCIAL,PT,1
130071,464,2023-05-10,SESSAO ORDINARIA,PRESENCIAL,PL,1
130072,464,2023-05-10,SESSAO ORDINARIA,PRESENCIAL,AGIR,1
130073,464,2023-05-10,SESSAO ORDINARIA,PRESENCIAL,PSOL,1
130074,464,2023-05-10,SESSAO ORDINARIA,PRESENCIAL,PT,1
130075,464,2023-05-10,SESSAO ORDINARIA,PRESENCIAL,PL,1
130076,464,2023-05-10,SESSAO ORDINARIA,PRESENCIAL,PSOL,1
130077,464,2023-05-10,SESSAO ORDINARIA,PRESENCIAL,PP,1
130078,464,2023-05-10,SESSAO ORDINARIA,PRESENCIAL,CIDADANIA,1
130079,464,2023-05-10,SESSAO ORDINARIA,PRESENCIAL,PP,1
130080,464,2023-05-10,SESSAO ORDINARIA,PRESENCIAL,PT,1
130081,464,2023-05-10,SESSAO ORDINARIA,PRESENCIAL,PSD,1
130082,464,2023-05-10,SESSAO ORDINARIA,PRESENCIAL,NÃO INFORMADO,1
130083,464,2023-05-10,SESSAO ORDINARIA,PRESENCIAL,PL,1
130084,464,2023-05-10,SESSAO ORDINARIA,PRESENCIAL,PL,1
130085,464,2023-05-10,SESSAO ORDINARIA,PRESENCIAL,MDB,1
130086,465,2023-05-11,SESSAO ORDINARIA,PRESENCIAL,PT,1
130087,465,2023-05-11,SESSAO ORDINARIA,PRESENCIAL,AGIR,1
130088,465,2023-05-11,SESSAO ORDINARIA,PRESENCIAL,UNIÃO,1
130089,465,2023-05-11,SESSAO ORDINARIA,PRESENCIAL,PSOL,1
130090,465,2023-05-11,SESSAO ORDINARIA,PRESENCIAL,PT,1
130091,465,2023-05-11,SESSAO ORDINARIA,PRESENCIAL,MDB,1
130092,465,2023-05-11,SESSAO ORDINARIA,PRESENCIAL,MDB,1
130093,465,2023-05-11,SESSAO ORDINARIA,PRESENCIAL,NÃO INFORMADO,1
130094,465,2023-05-11,SESSAO ORDINARIA,PRESENCIAL,PL,1
130095,465,2023-05-11,SESSAO ORDINARIA,PRESENCIAL,PSD,1
130096,465,2023-05-11,SESSAO ORDINARIA,PRESENCIAL,AVANTE,1
130097,465,2023-05-11,SESSAO ORDINARIA,PRESENCIAL,REPUBLICANOS,1
130098,465,2023-05-11,SESSAO ORDINARIA,PRESENCIAL,PP,1
130099,465,2023-05-11,SESSAO ORDINARIA,PRESENCIAL,CIDADANIA,1
130100,465,2023-05-11,SESSAO ORDINARIA,PRESENCIAL,PP,1
130101,465,2023-05-11,SESSAO ORDINARIA,PRESENCIAL,PT,1
130102,465,2023-05-11,SESSAO ORDINARIA,PRESENCIAL,PSD,1
130103,465,2023-05-11,SESSAO ORDINARIA,PRESENCIAL,NÃO INFORMADO,1
130104,465,2023-05-11,SESSAO ORDINARIA,PRESENCIAL,PL,1
130105,466,2023-05-16,SESSAO EXTRAORDINARIA,PRESENCIAL,UNIÃO,1
130106,466,2023-05-16,SESSAO EXTRAORDINARIA,PRESENCIAL,PSOL,1
130107,466,2023-05-16,SESSAO EXTRAORDINARIA,PRESENCIAL,PT,1
130108,466,2023-05-16,SESSAO EXTRAORDINARIA,PRESENCIAL,NÃO INFORMADO,1
130109,466,2023-05-16,SESSAO EXTRAORDINARIA,PRESENCIAL,REPUBLICANOS,1
130110,466,2023-05-16,SESSAO EXTRAORDINARIA,PRESENCIAL,PSOL,1
130111,466,2023-05-16,SESSAO EXTRAORDINARIA,PRESENCIAL,PP,1
130112,466,2023-05-16,SESSAO EXTRAORDINARIA,PRESENCIAL,CIDADANIA,1
130113,466,2023-05-16,SESSAO EXTRAORDINARIA,PRESENCIAL,PP,1
130114,466,2023-05-16,SESSAO EXTRAORDINARIA,PRESENCIAL,PT,1
130115,466,2023-05-16,SESSAO EXTRAORDINARIA,PRESENCIAL,PSD,1
130116,466,2023-05-16,SESSAO EXTRAORDINARIA,PRESENCIAL,PL,1
130117,466,2023-05-16,SESSAO EXTRAORDINARIA,PRESENCIAL,MDB,1
130118,467,2023-05-16,SESSAO ORDINARIA,PRESENCIAL,PT,1
130119,467,2023-05-16,SESSAO ORDINARIA,PRESENCIAL,PL,1
130120,467,2023-05-16,SESSAO ORDINARIA,PRESENCIAL,AGIR,1
130121,467,2023-05-16,SESSAO ORDINARIA,PRESENCIAL,UNIÃO,1
130122,467,2023-05-16,SESSAO ORDINARIA,PRESENCIAL,PSOL,1
130123,467,2023-05-16,SESSAO ORDINARIA,PRESENCIAL,PT,1
130124,467,2023-05-16,SESSAO ORDINARIA,PRESENCIAL,MDB,1
130125,467,2023-05-16,SESSAO ORDINARIA,PRESENCIAL,NÃO INFORMADO,1
130126,467,2023-05-16,SESSAO ORDINARIA,PRESENCIAL,PSD,1
130127,467,2023-05-16,SESSAO ORDINARIA,PRESENCIAL,AVANTE,1
130128,467,2023-05-16,SESSAO ORDINARIA,PRESENCIAL,REPUBLICANOS,1
130129,467,2023-05-16,SESSAO ORDINARIA,PRESENCIAL,PSOL,1
130130,467,2023-05-16,SESSAO ORDINARIA,PRESENCIAL,PP,1
130131,467,2023-05-16,SESSAO ORDINARIA,PRESENCIAL,CIDADANIA,1
130132,467,2023-05-16,SESSAO ORDINARIA,PRESENCIAL,PP,1
130133,467,2023-05-16,SESSAO ORDINARIA,PRESENCIAL,PT,1
130134,467,2023-05-16,SESSAO ORDINARIA,PRESENCIAL,PSD,1
130135,467,2023-05-16,SESSAO ORDINARIA,PRESENCIAL,NÃO INFORMADO,1
130136,467,2023-05-16,SESSAO ORDINARIA,PRESENCIAL,PL,1
130137,467,2023-05-16,SESSAO ORDINARIA,PRESENCIAL,MDB,1
130138,468,2023-05-17,SESSAO ORDINARIA,PRESENCIAL,PT,1
130139,468,2023-05-17,SESSAO ORDINARIA,PRESENCIAL,AGIR,1
130140,468,2023-05-17,SESSAO ORDINARIA,PRESENCIAL,UNIÃO,1
130141,468,2023-05-17,SESSAO ORDINARIA,PRESENCIAL,PSOL,1
130142,468,2023-05-17,SESSAO ORDINARIA,PRESENCIAL,PT,1
130143,468,2023-05-17,SESSAO ORDINARIA,PRESENCIAL,MDB,1
130144,468,2023-05-17,SESSAO ORDINARIA,PRESENCIAL,NÃO INFORMADO,1
130145,468,2023-05-17,SESSAO ORDINARIA,PRESENCIAL,PL,1
130146,468,2023-05-17,SESSAO ORDINARIA,PRESENCIAL,REPUBLICANOS,1
130147,468,2023-05-17,SESSAO ORDINARIA,PRESENCIAL,PSOL,1
130148,468,2023-05-17,SESSAO ORDINARIA,PRESENCIAL,PP,1
130149,468,2023-05-17,SESSAO ORDINARIA,PRESENCIAL,CIDADANIA,1
130150,468,2023-05-17,SESSAO ORDINARIA,PRESENCIAL,PP,1
130151,468,2023-05-17,SESSAO ORDINARIA,PRESENCIAL,PT,1
130152,468,2023-05-17,SESSAO ORDINARIA,PRESENCIAL,NÃO INFORMADO,1
130153,468,2023-05-17,SESSAO ORDINARIA,PRESENCIAL,PL,1
130154,468,2023-05-17,SESSAO ORDINARIA,PRESENCIAL,MDB,1
130155,469,2023-05-18,SESSAO ORDINARIA,PRESENCIAL,AGIR,1
130156,469,2023-05-18,SESSAO ORDINARIA,PRESENCIAL,PSOL,1
130157,469,2023-05-18,SESSAO ORDINARIA,PRESENCIAL,PT,1
130158,469,2023-05-18,SESSAO ORDINARIA,PRESENCIAL,PL,1
130159,469,2023-05-18,SESSAO ORDINARIA,PRESENCIAL,AVANTE,1
130160,469,2023-05-18,SESSAO ORDINARIA,PRESENCIAL,PSOL,1
130161,469,2023-05-18,SESSAO ORDINARIA,PRESENCIAL,PP,1
130162,469,2023-05-18,SESSAO ORDINARIA,PRESENCIAL,CIDADANIA,1
130163,469,2023-05-18,SESSAO ORDINARIA,PRESENCIAL,PP,1
130164,469,2023-05-18,SESSAO ORDINARIA,PRESENCIAL,PT,1
130165,469,2023-05-18,SESSAO ORDINARIA,PRESENCIAL,PSD,1
130166,469,2023-05-18,SESSAO ORDINARIA,PRESENCIAL,PL,1
130167,469,2023-05-18,SESSAO ORDINARIA,PRESENCIAL,MDB,1
130168,470,2023-05-23,SESSAO ORDINARIA,PRESENCIAL,PT,1
130169,470,2023-05-23,SESSAO ORDINARIA,PRESENCIAL,PL,1
130170,470,2023-05-23,SESSAO ORDINARIA,PRESENCIAL,PSB,1
130171,470,2023-05-23,SESSAO ORDINARIA,PRESENCIAL,AGIR,1
130172,470,2023-05-23,SESSAO ORDINARIA,PRESENCIAL,UNIÃO,1
130173,470,2023-05-23,SESSAO ORDINARIA,PRESENCIAL,PSOL,1
130174,470,2023-05-23,SESSAO ORDINARIA,PRESENCIAL,PT,1
130175,470,2023-05-23,SESSAO ORDINARIA,PRESENCIAL,NÃO INFORMADO,1
130176,470,2023-05-23,SESSAO ORDINARIA,PRESENCIAL,PL,1
130177,470,2023-05-23,SESSAO ORDINARIA,PRESENCIAL,PSD,1
130178,470,2023-05-23,SESSAO ORDINARIA,PRESENCIAL,AVANTE,1
130179,470,2023-05-23,SESSAO ORDINARIA,PRESENCIAL,REPUBLICANOS,1
130180,470,2023-05-23,SESSAO ORDINARIA,PRESENCIAL,PSOL,1
130181,470,2023-05-23,SESSAO ORDINARIA,PRESENCIAL,PP,1
130182,470,2023-05-23,SESSAO ORDINARIA,PRESENCIAL,CIDADANIA,2
130183,470,2023-05-23,SESSAO ORDINARIA,PRESENCIAL,PP,1
130184,470,2023-05-23,SESSAO ORDINARIA,PRESENCIAL,PSD,1
130185,470,2023-05-23,SESSAO ORDINARIA,PRESENCIAL,NÃO INFORMADO,1
130186,470,2023-05-23,SESSAO ORDINARIA,PRESENCIAL,PL,2
130187,470,2023-05-23,SESSAO ORDINARIA,PRESENCIAL,MDB,1
130188,471,2023-05-24,SESSAO ORDINARIA,PRESENCIAL,PT,1
130189,471,2023-05-24,SESSAO ORDINARIA,PRESENCIAL,PL,1
130190,471,2023-05-24,SESSAO ORDINARIA,PRESENCIAL,PSB,1
130191,471,2023-05-24,SESSAO ORDINARIA,PRESENCIAL,PSOL,1
130192,471,2023-05-24,SESSAO ORDINARIA,PRESENCIAL,PT,1
130193,471,2023-05-24,SESSAO ORDINARIA,PRESENCIAL,NÃO INFORMADO,1
130194,471,2023-05-24,SESSAO ORDINARIA,PRESENCIAL,PL,1
130195,471,2023-05-24,SESSAO ORDINARIA,PRESENCIAL,AVANTE,1
130196,471,2023-05-24,SESSAO ORDINARIA,PRESENCIAL,PSOL,1
130197,471,2023-05-24,SESSAO ORDINARIA,PRESENCIAL,PP,1
130198,471,2023-05-24,SESSAO ORDINARIA,PRESENCIAL,PL,1
130199,471,2023-05-24,SESSAO ORDINARIA,PRESENCIAL,MDB,1
130200,472,2023-05-25,SESSAO ORDINARIA,PRESENCIAL,PT,1
130201,472,2023-05-25,SESSAO ORDINARIA,PRESENCIAL,PL,1
130202,472,2023-05-25,SESSAO ORDINARIA,PRESENCIAL,PSB,1
130203,472,2023-05-25,SESSAO ORDINARIA,PRESENCIAL,AGIR,1
130204,472,2023-05-25,SESSAO ORDINARIA,PRESENCIAL,PSOL,1
130205,472,2023-05-25,SESSAO ORDINARIA,PRESENCIAL,PT,1
130206,472,2023-05-25,SESSAO ORDINARIA,PRESENCIAL,PL,1
130207,472,2023-05-25,SESSAO ORDINARIA,PRESENCIAL,PSOL,1
130208,472,2023-05-25,SESSAO ORDINARIA,PRESENCIAL,PP,1
130209,472,2023-05-25,SESSAO ORDINARIA,PRESENCIAL,CIDADANIA,1
130210,472,2023-05-25,SESSAO ORDINARIA,PRESENCIAL,PSD,1
130211,473,2023-05-30,SESSAO ORDINARIA,PRESENCIAL,PT,1
130212,473,2023-05-30,SESSAO ORDINARIA,PRESENCIAL,PL,1
130213,473,2023-05-30,SESSAO ORDINARIA,PRESENCIAL,PSB,1
130214,473,2023-05-30,SESSAO ORDINARIA,PRESENCIAL,AGIR,1
130215,473,2023-05-30,SESSAO ORDINARIA,PRESENCIAL,UNIÃO,1
130216,473,2023-05-30,SESSAO ORDINARIA,PRESENCIAL,PSOL,1
130217,473,2023-05-30,SESSAO ORDINARIA,PRESENCIAL,PT,1
130218,473,2023-05-30,SESSAO ORDINARIA,PRESENCIAL,MDB,1
130219,473,2023-05-30,SESSAO ORDINARIA,PRESENCIAL,MDB,1
130220,473,2023-05-30,SESSAO ORDINARIA,PRESENCIAL,NÃO INFORMADO,1
130221,473,2023-05-30,SESSAO ORDINARIA,PRESENCIAL,PL,1
130222,473,2023-05-30,SESSAO ORDINARIA,PRESENCIAL,PSD,1
130223,473,2023-05-30,SESSAO ORDINARIA,PRESENCIAL,AVANTE,1
130224,473,2023-05-30,SESSAO ORDINARIA,PRESENCIAL,REPUBLICANOS,1
130225,473,2023-05-30,SESSAO ORDINARIA,PRESENCIAL,PSOL,1
130226,473,2023-05-30,SESSAO ORDINARIA,PRESENCIAL,PP,1
130227,473,2023-05-30,SESSAO ORDINARIA,PRESENCIAL,CIDADANIA,1
130228,473,2023-05-30,SESSAO ORDINARIA,PRESENCIAL,PP,1
130229,473,2023-05-30,SESSAO ORDINARIA,PRESENCIAL,PT,1
130230,473,2023-05-30,SESSAO ORDINARIA,PRESENCIAL,PSD,1
130231,473,2023-05-30,SESSAO ORDINARIA,PRESENCIAL,NÃO INFORMADO,1
130232,473,2023-05-30,SESSAO ORDINARIA,PRESENCIAL,PL,1
130233,473,2023-05-30,SESSAO ORDINARIA,PRESENCIAL,MDB,1
130234,474,2023-05-31,SESSAO EXTRAORDINARIA,PRESENCIAL,PT,1
130235,474,2023-05-31,SESSAO EXTRAORDINARIA,PRESENCIAL,PSB,1
130236,474,2023-05-31,SESSAO EXTRAORDINARIA,PRESENCIAL,AGIR,1
130237,474,2023-05-31,SESSAO EXTRAORDINARIA,PRESENCIAL,PSOL,1
130238,474,2023-05-31,SESSAO EXTRAORDINARIA,PRESENCIAL,PT,1
130239,474,2023-05-31,SESSAO EXTRAORDINARIA,PRESENCIAL,PSD,1
130240,474,2023-05-31,SESSAO EXTRAORDINARIA,PRESENCIAL,AVANTE,1
130241,474,2023-05-31,SESSAO EXTRAORDINARIA,PRESENCIAL,REPUBLICANOS,1
130242,474,2023-05-31,SESSAO EXTRAORDINARIA,PRESENCIAL,PSOL,1
130243,474,2023-05-31,SESSAO EXTRAORDINARIA,PRESENCIAL,PP,1
130244,474,2023-05-31,SESSAO EXTRAORDINARIA,PRESENCIAL,PP,1
130245,474,2023-05-31,SESSAO EXTRAORDINARIA,PRESENCIAL,NÃO INFORMADO,1
130246,474,2023-05-31,SESSAO EXTRAORDINARIA,PRESENCIAL,PL,1
130247,474,2023-05-31,SESSAO EXTRAORDINARIA,PRESENCIAL,PL,1
130248,474,2023-05-31,SESSAO EXTRAORDINARIA,PRESENCIAL,MDB,1
130249,475,2023-05-31,SESSAO ORDINARIA,PRESENCIAL,PT,1
130250,475,2023-05-31,SESSAO ORDINARIA,PRESENCIAL,PL,1
130251,475,2023-05-31,SESSAO ORDINARIA,PRESENCIAL,PSB,1
130252,475,2023-05-31,SESSAO ORDINARIA,PRESENCIAL,AGIR,1
130253,475,2023-05-31,SESSAO ORDINARIA,PRESENCIAL,PSOL,1
130254,475,2023-05-31,SESSAO ORDINARIA,PRESENCIAL,PT,1
130255,475,2023-05-31,SESSAO ORDINARIA,PRESENCIAL,MDB,1
130256,475,2023-05-31,SESSAO ORDINARIA,PRESENCIAL,NÃO INFORMADO,1
130257,475,2023-05-31,SESSAO ORDINARIA,PRESENCIAL,PL,1
130258,475,2023-05-31,SESSAO ORDINARIA,PRESENCIAL,PSD,1
130259,475,2023-05-31,SESSAO ORDINARIA,PRESENCIAL,AVANTE,1
130260,475,2023-05-31,SESSAO ORDINARIA,PRESENCIAL,REPUBLICANOS,1
130261,475,2023-05-31,SESSAO ORDINARIA,PRESENCIAL,PSOL,1
130262,475,2023-05-31,SESSAO ORDINARIA,PRESENCIAL,PP,1
130263,475,2023-05-31,SESSAO ORDINARIA,PRESENCIAL,CIDADANIA,1
130264,475,2023-05-31,SESSAO ORDINARIA,PRESENCIAL,PP,1
130265,475,2023-05-31,SESSAO ORDINARIA,PRESENCIAL,PT,1
130266,475,2023-05-31,SESSAO ORDINARIA,PRESENCIAL,PSD,1
130267,475,2023-05-31,SESSAO ORDINARIA,PRESENCIAL,NÃO INFORMADO,1
130268,475,2023-05-31,SESSAO ORDINARIA,PRESENCIAL,PL,1
130269,475,2023-05-31,SESSAO ORDINARIA,PRESENCIAL,PL,2
130270,475,2023-05-31,SESSAO ORDINARIA,PRESENCIAL,MDB,1
130271,476,2023-06-01,SESSAO ORDINARIA,PRESENCIAL,PT,1
130272,476,2023-06-01,SESSAO ORDINARIA,PRESENCIAL,PSB,1
130273,476,2023-06-01,SESSAO ORDINARIA,PRESENCIAL,AGIR,1
130274,476,2023-06-01,SESSAO ORDINARIA,PRESENCIAL,PT,1
130275,476,2023-06-01,SESSAO ORDINARIA,PRESENCIAL,AVANTE,1
130276,476,2023-06-01,SESSAO ORDINARIA,PRESENCIAL,PSOL,1
130277,476,2023-06-01,SESSAO ORDINARIA,PRESENCIAL,PP,1
130278,476,2023-06-01,SESSAO ORDINARIA,PRESENCIAL,CIDADANIA,1
130279,476,2023-06-01,SESSAO ORDINARIA,PRESENCIAL,PP,1
130280,476,2023-06-01,SESSAO ORDINARIA,PRESENCIAL,PT,1
130281,476,2023-06-01,SESSAO ORDINARIA,PRESENCIAL,PSD,1
130282,476,2023-06-01,SESSAO ORDINARIA,PRESENCIAL,NÃO INFORMADO,1
130283,476,2023-06-01,SESSAO ORDINARIA,PRESENCIAL,PL,1
130284,476,2023-06-01,SESSAO ORDINARIA,PRESENCIAL,PL,1
130285,477,2023-06-06,SESSAO ORDINARIA,PRESENCIAL,PT,1
130286,477,2023-06-06,SESSAO ORDINARIA,PRESENCIAL,PL,1
130287,477,2023-06-06,SESSAO ORDINARIA,PRESENCIAL,PSB,1
130288,477,2023-06-06,SESSAO ORDINARIA,PRESENCIAL,AGIR,1
130289,477,2023-06-06,SESSAO ORDINARIA,PRESENCIAL,UNIÃO,1
130290,477,2023-06-06,SESSAO ORDINARIA,PRESENCIAL,PSOL,1
130291,477,2023-06-06,SESSAO ORDINARIA,PRESENCIAL,PT,1
130292,477,2023-06-06,SESSAO ORDINARIA,PRESENCIAL,MDB,1
130293,477,2023-06-06,SESSAO ORDINARIA,PRESENCIAL,MDB,1
130294,477,2023-06-06,SESSAO ORDINARIA,PRESENCIAL,NÃO INFORMADO,1
130295,477,2023-06-06,SESSAO ORDINARIA,PRESENCIAL,PL,1
130296,477,2023-06-06,SESSAO ORDINARIA,PRESENCIAL,PSD,1
130297,477,2023-06-06,SESSAO ORDINARIA,PRESENCIAL,AVANTE,1
130298,477,2023-06-06,SESSAO ORDINARIA,PRESENCIAL,REPUBLICANOS,1
130299,477,2023-06-06,SESSAO ORDINARIA,PRESENCIAL,PSOL,1
130300,477,2023-06-06,SESSAO ORDINARIA,PRESENCIAL,PP,1
130301,477,2023-06-06,SESSAO ORDINARIA,PRESENCIAL,CIDADANIA,1
130302,477,2023-06-06,SESSAO ORDINARIA,PRESENCIAL,PP,1
130303,477,2023-06-06,SESSAO ORDINARIA,PRESENCIAL,PT,1
130304,477,2023-06-06,SESSAO ORDINARIA,PRESENCIAL,PSD,1
130305,477,2023-06-06,SESSAO ORDINARIA,PRESENCIAL,NÃO INFORMADO,1
130306,477,2023-06-06,SESSAO ORDINARIA,PRESENCIAL,PL,1
130307,477,2023-06-06,SESSAO ORDINARIA,PRESENCIAL,PL,1
130308,477,2023-06-06,SESSAO ORDINARIA,PRESENCIAL,MDB,1
130309,478,2023-06-07,SESSAO ORDINARIA,PRESENCIAL,PT,1
130310,478,2023-06-07,SESSAO ORDINARIA,PRESENCIAL,PT,1
130311,478,2023-06-07,SESSAO ORDINARIA,PRESENCIAL,MDB,1
130312,478,2023-06-07,SESSAO ORDINARIA,PRESENCIAL,MDB,1
130313,478,2023-06-07,SESSAO ORDINARIA,PRESENCIAL,PL,1
130314,478,2023-06-07,SESSAO ORDINARIA,PRESENCIAL,PSOL,1
130315,478,2023-06-07,SESSAO ORDINARIA,PRESENCIAL,PP,1
130316,478,2023-06-07,SESSAO ORDINARIA,PRESENCIAL,PP,1
130317,478,2023-06-07,SESSAO ORDINARIA,PRESENCIAL,PT,1
130318,478,2023-06-07,SESSAO ORDINARIA,PRESENCIAL,PL,1
130319,478,2023-06-07,SESSAO ORDINARIA,PRESENCIAL,PL,1
130320,479,2023-06-13,SESSAO ORDINARIA,PRESENCIAL,PT,1
130321,479,2023-06-13,SESSAO ORDINARIA,PRESENCIAL,AGIR,1
130322,479,2023-06-13,SESSAO ORDINARIA,PRESENCIAL,PT,1
130323,479,2023-06-13,SESSAO ORDINARIA,PRESENCIAL,MDB,1
130324,479,2023-06-13,SESSAO ORDINARIA,PRESENCIAL,MDB,1
130325,479,2023-06-13,SESSAO ORDINARIA,PRESENCIAL,REPUBLICANOS,1
130326,479,2023-06-13,SESSAO ORDINARIA,PRESENCIAL,PP,1
130327,479,2023-06-13,SESSAO ORDINARIA,PRESENCIAL,PP,1
130328,479,2023-06-13,SESSAO ORDINARIA,PRESENCIAL,PSD,1
130329,479,2023-06-13,SESSAO ORDINARIA,PRESENCIAL,PL,1
130330,480,2023-06-14,SESSAO ORDINARIA,PRESENCIAL,PT,1
130331,480,2023-06-14,SESSAO ORDINARIA,PRESENCIAL,PL,1
130332,480,2023-06-14,SESSAO ORDINARIA,PRESENCIAL,PSB,1
130333,480,2023-06-14,SESSAO ORDINARIA,PRESENCIAL,AGIR,1
130334,480,2023-06-14,SESSAO ORDINARIA,PRESENCIAL,PSOL,1
130335,480,2023-06-14,SESSAO ORDINARIA,PRESENCIAL,PT,1
130336,480,2023-06-14,SESSAO ORDINARIA,PRESENCIAL,NÃO INFORMADO,1
130337,480,2023-06-14,SESSAO ORDINARIA,PRESENCIAL,AVANTE,1
130338,480,2023-06-14,SESSAO ORDINARIA,PRESENCIAL,REPUBLICANOS,1
130339,480,2023-06-14,SESSAO ORDINARIA,PRESENCIAL,PSOL,1
130340,480,2023-06-14,SESSAO ORDINARIA,PRESENCIAL,PP,1
130341,480,2023-06-14,SESSAO ORDINARIA,PRESENCIAL,CIDADANIA,1
130342,480,2023-06-14,SESSAO ORDINARIA,PRESENCIAL,PP,1
130343,480,2023-06-14,SESSAO ORDINARIA,PRESENCIAL,PT,1
130344,480,2023-06-14,SESSAO ORDINARIA,PRESENCIAL,NÃO INFORMADO,1
130345,480,2023-06-14,SESSAO ORDINARIA,PRESENCIAL,PL,1
130346,481,2023-06-20,SESSAO EXTRAORDINARIA,PRESENCIAL,PT,1
130347,481,2023-06-20,SESSAO EXTRAORDINARIA,PRESENCIAL,PL,1
130348,481,2023-06-20,SESSAO EXTRAORDINARIA,PRESENCIAL,PSB,1
130349,481,2023-06-20,SESSAO EXTRAORDINARIA,PRESENCIAL,AGIR,1
130350,481,2023-06-20,SESSAO EXTRAORDINARIA,PRESENCIAL,UNIÃO,1
130351,481,2023-06-20,SESSAO EXTRAORDINARIA,PRESENCIAL,PSOL,1
130352,481,2023-06-20,SESSAO EXTRAORDINARIA,PRESENCIAL,PT,1
130353,481,2023-06-20,SESSAO EXTRAORDINARIA,PRESENCIAL,MDB,1
130354,481,2023-06-20,SESSAO EXTRAORDINARIA,PRESENCIAL,MDB,1
130355,481,2023-06-20,SESSAO EXTRAORDINARIA,PRESENCIAL,NÃO INFORMADO,1
130356,481,2023-06-20,SESSAO EXTRAORDINARIA,PRESENCIAL,PL,1
130357,481,2023-06-20,SESSAO EXTRAORDINARIA,PRESENCIAL,PSD,1
130358,481,2023-06-20,SESSAO EXTRAORDINARIA,PRESENCIAL,REPUBLICANOS,1
130359,481,2023-06-20,SESSAO EXTRAORDINARIA,PRESENCIAL,PSOL,1
130360,481,2023-06-20,SESSAO EXTRAORDINARIA,PRESENCIAL,PP,1
130361,481,2023-06-20,SESSAO EXTRAORDINARIA,PRESENCIAL,CIDADANIA,1
130362,481,2023-06-20,SESSAO EXTRAORDINARIA,PRESENCIAL,PP,1
130363,481,2023-06-20,SESSAO EXTRAORDINARIA,PRESENCIAL,PT,1
130364,481,2023-06-20,SESSAO EXTRAORDINARIA,PRESENCIAL,PSD,1
130365,481,2023-06-20,SESSAO EXTRAORDINARIA,PRESENCIAL,NÃO INFORMADO,1
130366,481,2023-06-20,SESSAO EXTRAORDINARIA,PRESENCIAL,PL,1
130367,481,2023-06-20,SESSAO EXTRAORDINARIA,PRESENCIAL,PL,1
130368,481,2023-06-20,SESSAO EXTRAORDINARIA,PRESENCIAL,MDB,1
130369,482,2023-06-20,SESSAO ORDINARIA,PRESENCIAL,PT,2
130370,482,2023-06-20,SESSAO ORDINARIA,PRESENCIAL,PL,1
130371,482,2023-06-20,SESSAO ORDINARIA,PRESENCIAL,PSB,1
130372,482,2023-06-20,SESSAO ORDINARIA,PRESENCIAL,AGIR,1
130373,482,2023-06-20,SESSAO ORDINARIA,PRESENCIAL,UNIÃO,1
130374,482,2023-06-20,SESSAO ORDINARIA,PRESENCIAL,PSOL,1
130375,482,2023-06-20,SESSAO ORDINARIA,PRESENCIAL,PT,1
130376,482,2023-06-20,SESSAO ORDINARIA,PRESENCIAL,MDB,1
130377,482,2023-06-20,SESSAO ORDINARIA,PRESENCIAL,MDB,1
130378,482,2023-06-20,SESSAO ORDINARIA,PRESENCIAL,NÃO INFORMADO,1
130379,482,2023-06-20,SESSAO ORDINARIA,PRESENCIAL,PL,1
130380,482,2023-06-20,SESSAO ORDINARIA,PRESENCIAL,PSD,1
130381,482,2023-06-20,SESSAO ORDINARIA,PRESENCIAL,REPUBLICANOS,1
130382,482,2023-06-20,SESSAO ORDINARIA,PRESENCIAL,PSOL,1
130383,482,2023-06-20,SESSAO ORDINARIA,PRESENCIAL,PP,1
130384,482,2023-06-20,SESSAO ORDINARIA,PRESENCIAL,CIDADANIA,1
130385,482,2023-06-20,SESSAO ORDINARIA,PRESENCIAL,PP,1
130386,482,2023-06-20,SESSAO ORDINARIA,PRESENCIAL,PT,1
130387,482,2023-06-20,SESSAO ORDINARIA,PRESENCIAL,PSD,1
130388,482,2023-06-20,SESSAO ORDINARIA,PRESENCIAL,NÃO INFORMADO,1
130389,482,2023-06-20,SESSAO ORDINARIA,PRESENCIAL,PL,1
130390,482,2023-06-20,SESSAO ORDINARIA,PRESENCIAL,PL,1
130391,482,2023-06-20,SESSAO ORDINARIA,PRESENCIAL,MDB,1
130392,483,2023-06-21,SESSAO ORDINARIA,PRESENCIAL,PT,1
130393,483,2023-06-21,SESSAO ORDINARIA,PRESENCIAL,PL,1
130394,483,2023-06-21,SESSAO ORDINARIA,PRESENCIAL,PSB,1
130395,483,2023-06-21,SESSAO ORDINARIA,PRESENCIAL,AGIR,1
130396,483,2023-06-21,SESSAO ORDINARIA,PRESENCIAL,UNIÃO,1
130397,483,2023-06-21,SESSAO ORDINARIA,PRESENCIAL,PSOL,1
130398,483,2023-06-21,SESSAO ORDINARIA,PRESENCIAL,PT,1
130399,483,2023-06-21,SESSAO ORDINARIA,PRESENCIAL,MDB,1
130400,483,2023-06-21,SESSAO ORDINARIA,PRESENCIAL,NÃO INFORMADO,1
130401,483,2023-06-21,SESSAO ORDINARIA,PRESENCIAL,PL,1
130402,483,2023-06-21,SESSAO ORDINARIA,PRESENCIAL,PSD,1
130403,483,2023-06-21,SESSAO ORDINARIA,PRESENCIAL,REPUBLICANOS,1
130404,483,2023-06-21,SESSAO ORDINARIA,PRESENCIAL,PSOL,1
130405,483,2023-06-21,SESSAO ORDINARIA,PRESENCIAL,PP,1
130406,483,2023-06-21,SESSAO ORDINARIA,PRESENCIAL,CIDADANIA,1
130407,483,2023-06-21,SESSAO ORDINARIA,PRESENCIAL,PP,1
130408,483,2023-06-21,SESSAO ORDINARIA,PRESENCIAL,PT,1
130409,483,2023-06-21,SESSAO ORDINARIA,PRESENCIAL,PSD,1
130410,483,2023-06-21,SESSAO ORDINARIA,PRESENCIAL,NÃO INFORMADO,1
130411,483,2023-06-21,SESSAO ORDINARIA,PRESENCIAL,PL,1
130412,483,2023-06-21,SESSAO ORDINARIA,PRESENCIAL,PL,1
130413,483,2023-06-21,SESSAO ORDINARIA,PRESENCIAL,MDB,1
130414,484,2023-06-22,SESSAO ORDINARIA,PRESENCIAL,PT,1
130415,484,2023-06-22,SESSAO ORDINARIA,PRESENCIAL,PL,1
130416,484,2023-06-22,SESSAO ORDINARIA,PRESENCIAL,PSB,1
130417,484,2023-06-22,SESSAO ORDINARIA,PRESENCIAL,AGIR,1
130418,484,2023-06-22,SESSAO ORDINARIA,PRESENCIAL,PSOL,1
130419,484,2023-06-22,SESSAO ORDINARIA,PRESENCIAL,PT,1
130420,484,2023-06-22,SESSAO ORDINARIA,PRESENCIAL,MDB,1
130421,484,2023-06-22,SESSAO ORDINARIA,PRESENCIAL,REPUBLICANOS,1
130422,484,2023-06-22,SESSAO ORDINARIA,PRESENCIAL,PSOL,1
130423,484,2023-06-22,SESSAO ORDINARIA,PRESENCIAL,PP,1
130424,484,2023-06-22,SESSAO ORDINARIA,PRESENCIAL,CIDADANIA,1
130425,484,2023-06-22,SESSAO ORDINARIA,PRESENCIAL,PP,1
130426,484,2023-06-22,SESSAO ORDINARIA,PRESENCIAL,PT,1
130427,484,2023-06-22,SESSAO ORDINARIA,PRESENCIAL,PSD,1
130428,484,2023-06-22,SESSAO ORDINARIA,PRESENCIAL,NÃO INFORMADO,1
130429,484,2023-06-22,SESSAO ORDINARIA,PRESENCIAL,PL,1
130430,484,2023-06-22,SESSAO ORDINARIA,PRESENCIAL,PL,1
130431,484,2023-06-22,SESSAO ORDINARIA,PRESENCIAL,MDB,1
130432,485,2023-06-27,SESSAO EXTRAORDINARIA,PRESENCIAL,PSB,1
130433,485,2023-06-27,SESSAO EXTRAORDINARIA,PRESENCIAL,MDB,1
130434,485,2023-06-27,SESSAO EXTRAORDINARIA,PRESENCIAL,UNIÃO,1
130435,485,2023-06-27,SESSAO EXTRAORDINARIA,PRESENCIAL,PSOL,1
130436,485,2023-06-27,SESSAO EXTRAORDINARIA,PRESENCIAL,PT,1
130437,485,2023-06-27,SESSAO EXTRAORDINARIA,PRESENCIAL,MDB,1
130438,485,2023-06-27,SESSAO EXTRAORDINARIA,PRESENCIAL,MDB,2
130439,485,2023-06-27,SESSAO EXTRAORDINARIA,PRESENCIAL,MDB,2
130440,485,2023-06-27,SESSAO EXTRAORDINARIA,PRESENCIAL,PL,1
130441,485,2023-06-27,SESSAO EXTRAORDINARIA,PRESENCIAL,PSD,1
130442,485,2023-06-27,SESSAO EXTRAORDINARIA,PRESENCIAL,REPUBLICANOS,1
130443,485,2023-06-27,SESSAO EXTRAORDINARIA,PRESENCIAL,PSOL,1
130444,485,2023-06-27,SESSAO EXTRAORDINARIA,PRESENCIAL,PP,2
130445,485,2023-06-27,SESSAO EXTRAORDINARIA,PRESENCIAL,CIDADANIA,2
130446,485,2023-06-27,SESSAO EXTRAORDINARIA,PRESENCIAL,PP,1
130447,485,2023-06-27,SESSAO EXTRAORDINARIA,PRESENCIAL,PT,1
130448,485,2023-06-27,SESSAO EXTRAORDINARIA,PRESENCIAL,PSD,1
130449,485,2023-06-27,SESSAO EXTRAORDINARIA,PRESENCIAL,NÃO INFORMADO,1
130450,485,2023-06-27,SESSAO EXTRAORDINARIA,PRESENCIAL,PL,1
130451,485,2023-06-27,SESSAO EXTRAORDINARIA,PRESENCIAL,PL,2
130452,485,2023-06-27,SESSAO EXTRAORDINARIA,PRESENCIAL,MDB,1
130453,486,2023-06-27,SESSAO ORDINARIA,PRESENCIAL,PT,1
130454,486,2023-06-27,SESSAO ORDINARIA,PRESENCIAL,PL,1
130455,486,2023-06-27,SESSAO ORDINARIA,PRESENCIAL,PSB,2
130456,486,2023-06-27,SESSAO ORDINARIA,PRESENCIAL,MDB,2
130457,486,2023-06-27,SESSAO ORDINARIA,PRESENCIAL,UNIÃO,1
130458,486,2023-06-27,SESSAO ORDINARIA,PRESENCIAL,PSOL,2
130459,486,2023-06-27,SESSAO ORDINARIA,PRESENCIAL,PT,1
130460,486,2023-06-27,SESSAO ORDINARIA,PRESENCIAL,MDB,1
130461,486,2023-06-27,SESSAO ORDINARIA,PRESENCIAL,MDB,2
130462,486,2023-06-27,SESSAO ORDINARIA,PRESENCIAL,MDB,1
130463,486,2023-06-27,SESSAO ORDINARIA,PRESENCIAL,PL,2
130464,486,2023-06-27,SESSAO ORDINARIA,PRESENCIAL,PSD,2
130465,486,2023-06-27,SESSAO ORDINARIA,PRESENCIAL,AVANTE,1
130466,486,2023-06-27,SESSAO ORDINARIA,PRESENCIAL,REPUBLICANOS,1
130467,486,2023-06-27,SESSAO ORDINARIA,PRESENCIAL,PSOL,1
130468,486,2023-06-27,SESSAO ORDINARIA,PRESENCIAL,PP,2
130469,486,2023-06-27,SESSAO ORDINARIA,PRESENCIAL,CIDADANIA,2
130470,486,2023-06-27,SESSAO ORDINARIA,PRESENCIAL,PP,2
130471,486,2023-06-27,SESSAO ORDINARIA,PRESENCIAL,PT,1
130472,486,2023-06-27,SESSAO ORDINARIA,PRESENCIAL,PSD,1
130473,486,2023-06-27,SESSAO ORDINARIA,PRESENCIAL,NÃO INFORMADO,2
130474,486,2023-06-27,SESSAO ORDINARIA,PRESENCIAL,PL,2
130475,486,2023-06-27,SESSAO ORDINARIA,PRESENCIAL,PL,2
130476,486,2023-06-27,SESSAO ORDINARIA,PRESENCIAL,MDB,1
130477,487,2023-08-01,SESSAO ORDINARIA,PRESENCIAL,PT,1
130478,487,2023-08-01,SESSAO ORDINARIA,PRESENCIAL,PL,1
130479,487,2023-08-01,SESSAO ORDINARIA,PRESENCIAL,PSB,1
130480,487,2023-08-01,SESSAO ORDINARIA,PRESENCIAL,MDB,1
130481,487,2023-08-01,SESSAO ORDINARIA,PRESENCIAL,UNIÃO,1
130482,487,2023-08-01,SESSAO ORDINARIA,PRESENCIAL,PSOL,1
130483,487,2023-08-01,SESSAO ORDINARIA,PRESENCIAL,PT,1
130484,487,2023-08-01,SESSAO ORDINARIA,PRESENCIAL,MDB,1
130485,487,2023-08-01,SESSAO ORDINARIA,PRESENCIAL,MDB,1
130486,487,2023-08-01,SESSAO ORDINARIA,PRESENCIAL,MDB,1
130487,487,2023-08-01,SESSAO ORDINARIA,PRESENCIAL,PL,1
130488,487,2023-08-01,SESSAO ORDINARIA,PRESENCIAL,PSD,1
130489,487,2023-08-01,SESSAO ORDINARIA,PRESENCIAL,AVANTE,1
130490,487,2023-08-01,SESSAO ORDINARIA,PRESENCIAL,REPUBLICANOS,1
130491,487,2023-08-01,SESSAO ORDINARIA,PRESENCIAL,PSOL,1
130492,487,2023-08-01,SESSAO ORDINARIA,PRESENCIAL,PP,1
130493,487,2023-08-01,SESSAO ORDINARIA,PRESENCIAL,CIDADANIA,1
130494,487,2023-08-01,SESSAO ORDINARIA,PRESENCIAL,PP,1
130495,487,2023-08-01,SESSAO ORDINARIA,PRESENCIAL,PT,1
130496,487,2023-08-01,SESSAO ORDINARIA,PRESENCIAL,PSD,1
130497,487,2023-08-01,SESSAO ORDINARIA,PRESENCIAL,NÃO INFORMADO,1
130498,487,2023-08-01,SESSAO ORDINARIA,PRESENCIAL,PL,1
130499,487,2023-08-01,SESSAO ORDINARIA,PRESENCIAL,PL,1
130500,487,2023-08-01,SESSAO ORDINARIA,PRESENCIAL,MDB,1
130501,488,2023-08-02,SESSAO ORDINARIA,PRESENCIAL,PT,1
130502,488,2023-08-02,SESSAO ORDINARIA,PRESENCIAL,PL,1
130503,488,2023-08-02,SESSAO ORDINARIA,PRESENCIAL,PSB,1
130504,488,2023-08-02,SESSAO ORDINARIA,PRESENCIAL,MDB,1
130505,488,2023-08-02,SESSAO ORDINARIA,PRESENCIAL,UNIÃO,1
130506,488,2023-08-02,SESSAO ORDINARIA,PRESENCIAL,PSOL,1
130507,488,2023-08-02,SESSAO ORDINARIA,PRESENCIAL,PT,1
130508,488,2023-08-02,SESSAO ORDINARIA,PRESENCIAL,MDB,1
130509,488,2023-08-02,SESSAO ORDINARIA,PRESENCIAL,MDB,1
130510,488,2023-08-02,SESSAO ORDINARIA,PRESENCIAL,MDB,1
130511,488,2023-08-02,SESSAO ORDINARIA,PRESENCIAL,PL,1
130512,488,2023-08-02,SESSAO ORDINARIA,PRESENCIAL,PSD,1
130513,488,2023-08-02,SESSAO ORDINARIA,PRESENCIAL,AVANTE,1
130514,488,2023-08-02,SESSAO ORDINARIA,PRESENCIAL,REPUBLICANOS,1
130515,488,2023-08-02,SESSAO ORDINARIA,PRESENCIAL,PSOL,1
130516,488,2023-08-02,SESSAO ORDINARIA,PRESENCIAL,PP,1
130517,488,2023-08-02,SESSAO ORDINARIA,PRESENCIAL,CIDADANIA,1
130518,488,2023-08-02,SESSAO ORDINARIA,PRESENCIAL,PP,1
130519,488,2023-08-02,SESSAO ORDINARIA,PRESENCIAL,PT,1
130520,488,2023-08-02,SESSAO ORDINARIA,PRESENCIAL,PSD,1
130521,488,2023-08-02,SESSAO ORDINARIA,PRESENCIAL,NÃO INFORMADO,1
130522,488,2023-08-02,SESSAO ORDINARIA,PRESENCIAL,PL,1
130523,488,2023-08-02,SESSAO ORDINARIA,PRESENCIAL,PL,1
130524,488,2023-08-02,SESSAO ORDINARIA,PRESENCIAL,MDB,1
130525,489,2023-08-03,SESSAO ORDINARIA,PRESENCIAL,PT,1
130526,489,2023-08-03,SESSAO ORDINARIA,PRESENCIAL,PSB,1
130527,489,2023-08-03,SESSAO ORDINARIA,PRESENCIAL,UNIÃO,1
130528,489,2023-08-03,SESSAO ORDINARIA,PRESENCIAL,PSOL,1
130529,489,2023-08-03,SESSAO ORDINARIA,PRESENCIAL,PT,1
130530,489,2023-08-03,SESSAO ORDINARIA,PRESENCIAL,PL,1
130531,489,2023-08-03,SESSAO ORDINARIA,PRESENCIAL,AVANTE,1
130532,489,2023-08-03,SESSAO ORDINARIA,PRESENCIAL,PSOL,1
130533,489,2023-08-03,SESSAO ORDINARIA,PRESENCIAL,PP,1
130534,489,2023-08-03,SESSAO ORDINARIA,PRESENCIAL,CIDADANIA,1
130535,489,2023-08-03,SESSAO ORDINARIA,PRESENCIAL,PP,1
130536,489,2023-08-03,SESSAO ORDINARIA,PRESENCIAL,PT,1
130537,489,2023-08-03,SESSAO ORDINARIA,PRESENCIAL,PSD,1
130538,489,2023-08-03,SESSAO ORDINARIA,PRESENCIAL,NÃO INFORMADO,1
130539,490,2023-08-08,SESSAO ORDINARIA,PRESENCIAL,PT,1
130540,490,2023-08-08,SESSAO ORDINARIA,PRESENCIAL,PL,1
130541,490,2023-08-08,SESSAO ORDINARIA,PRESENCIAL,PSB,1
130542,490,2023-08-08,SESSAO ORDINARIA,PRESENCIAL,MDB,1
130543,490,2023-08-08,SESSAO ORDINARIA,PRESENCIAL,UNIÃO,1
130544,490,2023-08-08,SESSAO ORDINARIA,PRESENCIAL,PSOL,1
130545,490,2023-08-08,SESSAO ORDINARIA,PRESENCIAL,PT,1
130546,490,2023-08-08,SESSAO ORDINARIA,PRESENCIAL,MDB,1
130547,490,2023-08-08,SESSAO ORDINARIA,PRESENCIAL,MDB,1
130548,490,2023-08-08,SESSAO ORDINARIA,PRESENCIAL,PL,1
130549,490,2023-08-08,SESSAO ORDINARIA,PRESENCIAL,PSD,1
130550,490,2023-08-08,SESSAO ORDINARIA,PRESENCIAL,AVANTE,1
130551,490,2023-08-08,SESSAO ORDINARIA,PRESENCIAL,REPUBLICANOS,1
130552,490,2023-08-08,SESSAO ORDINARIA,PRESENCIAL,PSOL,1
130553,490,2023-08-08,SESSAO ORDINARIA,PRESENCIAL,PP,1
130554,490,2023-08-08,SESSAO ORDINARIA,PRESENCIAL,CIDADANIA,1
130555,490,2023-08-08,SESSAO ORDINARIA,PRESENCIAL,PP,1
130556,490,2023-08-08,SESSAO ORDINARIA,PRESENCIAL,PT,1
130557,490,2023-08-08,SESSAO ORDINARIA,PRESENCIAL,PSD,1
130558,490,2023-08-08,SESSAO ORDINARIA,PRESENCIAL,NÃO INFORMADO,1
130559,490,2023-08-08,SESSAO ORDINARIA,PRESENCIAL,PL,1
130560,490,2023-08-08,SESSAO ORDINARIA,PRESENCIAL,PL,1
130561,490,2023-08-08,SESSAO ORDINARIA,PRESENCIAL,MDB,1
130562,491,2023-08-09,SESSAO ORDINARIA,PRESENCIAL,PT,1
130563,491,2023-08-09,SESSAO ORDINARIA,PRESENCIAL,PSB,1
130564,491,2023-08-09,SESSAO ORDINARIA,PRESENCIAL,MDB,1
130565,491,2023-08-09,SESSAO ORDINARIA,PRESENCIAL,UNIÃO,1
130566,491,2023-08-09,SESSAO ORDINARIA,PRESENCIAL,PSOL,1
130567,491,2023-08-09,SESSAO ORDINARIA,PRESENCIAL,PT,1
130568,491,2023-08-09,SESSAO ORDINARIA,PRESENCIAL,MDB,1
130569,491,2023-08-09,SESSAO ORDINARIA,PRESENCIAL,MDB,1
130570,491,2023-08-09,SESSAO ORDINARIA,PRESENCIAL,PL,1
130571,491,2023-08-09,SESSAO ORDINARIA,PRESENCIAL,PSD,1
130572,491,2023-08-09,SESSAO ORDINARIA,PRESENCIAL,AVANTE,1
130573,491,2023-08-09,SESSAO ORDINARIA,PRESENCIAL,REPUBLICANOS,1
130574,491,2023-08-09,SESSAO ORDINARIA,PRESENCIAL,PSOL,1
130575,491,2023-08-09,SESSAO ORDINARIA,PRESENCIAL,PP,1
130576,491,2023-08-09,SESSAO ORDINARIA,PRESENCIAL,CIDADANIA,1
130577,491,2023-08-09,SESSAO ORDINARIA,PRESENCIAL,PP,1
130578,491,2023-08-09,SESSAO ORDINARIA,PRESENCIAL,PT,1
130579,491,2023-08-09,SESSAO ORDINARIA,PRESENCIAL,NÃO INFORMADO,1
130580,491,2023-08-09,SESSAO ORDINARIA,PRESENCIAL,PL,1
130581,491,2023-08-09,SESSAO ORDINARIA,PRESENCIAL,PL,1
130582,491,2023-08-09,SESSAO ORDINARIA,PRESENCIAL,MDB,1
130583,492,2023-08-10,SESSAO ORDINARIA,PRESENCIAL,PT,1
130584,492,2023-08-10,SESSAO ORDINARIA,PRESENCIAL,PL,1
130585,492,2023-08-10,SESSAO ORDINARIA,PRESENCIAL,MDB,1
130586,492,2023-08-10,SESSAO ORDINARIA,PRESENCIAL,UNIÃO,1
130587,492,2023-08-10,SESSAO ORDINARIA,PRESENCIAL,PSOL,1
130588,492,2023-08-10,SESSAO ORDINARIA,PRESENCIAL,PT,1
130589,492,2023-08-10,SESSAO ORDINARIA,PRESENCIAL,MDB,1
130590,492,2023-08-10,SESSAO ORDINARIA,PRESENCIAL,PL,1
130591,492,2023-08-10,SESSAO ORDINARIA,PRESENCIAL,AVANTE,1
130592,492,2023-08-10,SESSAO ORDINARIA,PRESENCIAL,PSOL,1
130593,492,2023-08-10,SESSAO ORDINARIA,PRESENCIAL,PP,1
130594,492,2023-08-10,SESSAO ORDINARIA,PRESENCIAL,CIDADANIA,1
130595,492,2023-08-10,SESSAO ORDINARIA,PRESENCIAL,PP,1
130596,492,2023-08-10,SESSAO ORDINARIA,PRESENCIAL,PT,1
130597,492,2023-08-10,SESSAO ORDINARIA,PRESENCIAL,PSD,1
130598,492,2023-08-10,SESSAO ORDINARIA,PRESENCIAL,NÃO INFORMADO,1
130599,492,2023-08-10,SESSAO ORDINARIA,PRESENCIAL,PL,1
130600,492,2023-08-10,SESSAO ORDINARIA,PRESENCIAL,PL,1
130601,493,2023-08-15,SESSAO ORDINARIA,PRESENCIAL,PT,1
130602,493,2023-08-15,SESSAO ORDINARIA,PRESENCIAL,PSB,1
130603,493,2023-08-15,SESSAO ORDINARIA,PRESENCIAL,MDB,1
130604,493,2023-08-15,SESSAO ORDINARIA,PRESENCIAL,UNIÃO,1
130605,493,2023-08-15,SESSAO ORDINARIA,PRESENCIAL,PSOL,1
130606,493,2023-08-15,SESSAO ORDINARIA,PRESENCIAL,PT,1
130607,493,2023-08-15,SESSAO ORDINARIA,PRESENCIAL,MDB,1
130608,493,2023-08-15,SESSAO ORDINARIA,PRESENCIAL,MDB,1
130609,493,2023-08-15,SESSAO ORDINARIA,PRESENCIAL,PL,1
130610,493,2023-08-15,SESSAO ORDINARIA,PRESENCIAL,PSD,1
130611,493,2023-08-15,SESSAO ORDINARIA,PRESENCIAL,AVANTE,1
130612,493,2023-08-15,SESSAO ORDINARIA,PRESENCIAL,REPUBLICANOS,1
130613,493,2023-08-15,SESSAO ORDINARIA,PRESENCIAL,PSOL,1
130614,493,2023-08-15,SESSAO ORDINARIA,PRESENCIAL,PP,1
130615,493,2023-08-15,SESSAO ORDINARIA,PRESENCIAL,CIDADANIA,1
130616,493,2023-08-15,SESSAO ORDINARIA,PRESENCIAL,PP,1
130617,493,2023-08-15,SESSAO ORDINARIA,PRESENCIAL,PT,1
130618,493,2023-08-15,SESSAO ORDINARIA,PRESENCIAL,NÃO INFORMADO,1
130619,493,2023-08-15,SESSAO ORDINARIA,PRESENCIAL,PL,1
130620,493,2023-08-15,SESSAO ORDINARIA,PRESENCIAL,MDB,1
130621,494,2023-08-15,SESSAO EXTRAORDINARIA,PRESENCIAL,PT,1
130622,494,2023-08-15,SESSAO EXTRAORDINARIA,PRESENCIAL,PSB,1
130623,494,2023-08-15,SESSAO EXTRAORDINARIA,PRESENCIAL,UNIÃO,1
130624,494,2023-08-15,SESSAO EXTRAORDINARIA,PRESENCIAL,PSOL,1
130625,494,2023-08-15,SESSAO EXTRAORDINARIA,PRESENCIAL,PT,1
130626,494,2023-08-15,SESSAO EXTRAORDINARIA,PRESENCIAL,MDB,1
130627,494,2023-08-15,SESSAO EXTRAORDINARIA,PRESENCIAL,MDB,1
130628,494,2023-08-15,SESSAO EXTRAORDINARIA,PRESENCIAL,PSD,1
130629,494,2023-08-15,SESSAO EXTRAORDINARIA,PRESENCIAL,AVANTE,1
130630,494,2023-08-15,SESSAO EXTRAORDINARIA,PRESENCIAL,REPUBLICANOS,1
130631,494,2023-08-15,SESSAO EXTRAORDINARIA,PRESENCIAL,PSOL,1
130632,494,2023-08-15,SESSAO EXTRAORDINARIA,PRESENCIAL,PP,1
130633,494,2023-08-15,SESSAO EXTRAORDINARIA,PRESENCIAL,CIDADANIA,1
130634,494,2023-08-15,SESSAO EXTRAORDINARIA,PRESENCIAL,PP,1
130635,494,2023-08-15,SESSAO EXTRAORDINARIA,PRESENCIAL,PT,1
130636,494,2023-08-15,SESSAO EXTRAORDINARIA,PRESENCIAL,NÃO INFORMADO,1
130637,494,2023-08-15,SESSAO EXTRAORDINARIA,PRESENCIAL,PL,1
130638,494,2023-08-15,SESSAO EXTRAORDINARIA,PRESENCIAL,MDB,1
130639,495,2023-08-16,SESSAO ORDINARIA,PRESENCIAL,PT,1
130640,495,2023-08-16,SESSAO ORDINARIA,PRESENCIAL,PSB,1
130641,495,2023-08-16,SESSAO ORDINARIA,PRESENCIAL,MDB,1
130642,495,2023-08-16,SESSAO ORDINARIA,PRESENCIAL,PSOL,1
130643,495,2023-08-16,SESSAO ORDINARIA,PRESENCIAL,PT,1
130644,495,2023-08-16,SESSAO ORDINARIA,PRESENCIAL,MDB,1
130645,495,2023-08-16,SESSAO ORDINARIA,PRESENCIAL,MDB,1
130646,495,2023-08-16,SESSAO ORDINARIA,PRESENCIAL,PL,1
130647,495,2023-08-16,SESSAO ORDINARIA,PRESENCIAL,REPUBLICANOS,1
130648,495,2023-08-16,SESSAO ORDINARIA,PRESENCIAL,PSOL,1
130649,495,2023-08-16,SESSAO ORDINARIA,PRESENCIAL,PP,1
130650,495,2023-08-16,SESSAO ORDINARIA,PRESENCIAL,CIDADANIA,1
130651,495,2023-08-16,SESSAO ORDINARIA,PRESENCIAL,PP,1
130652,495,2023-08-16,SESSAO ORDINARIA,PRESENCIAL,PT,1
130653,495,2023-08-16,SESSAO ORDINARIA,PRESENCIAL,NÃO INFORMADO,1
130654,495,2023-08-16,SESSAO ORDINARIA,PRESENCIAL,PL,1
130655,495,2023-08-16,SESSAO ORDINARIA,PRESENCIAL,MDB,1
130656,496,2023-08-22,SESSAO ORDINARIA,PRESENCIAL,PT,1
130657,496,2023-08-22,SESSAO ORDINARIA,PRESENCIAL,PL,1
130658,496,2023-08-22,SESSAO ORDINARIA,PRESENCIAL,PSB,1
130659,496,2023-08-22,SESSAO ORDINARIA,PRESENCIAL,MDB,1
130660,496,2023-08-22,SESSAO ORDINARIA,PRESENCIAL,UNIÃO,1
130661,496,2023-08-22,SESSAO ORDINARIA,PRESENCIAL,PSOL,1
130662,496,2023-08-22,SESSAO ORDINARIA,PRESENCIAL,PT,1
130663,496,2023-08-22,SESSAO ORDINARIA,PRESENCIAL,MDB,1
130664,496,2023-08-22,SESSAO ORDINARIA,PRESENCIAL,MDB,1
130665,496,2023-08-22,SESSAO ORDINARIA,PRESENCIAL,MDB,1
130666,496,2023-08-22,SESSAO ORDINARIA,PRESENCIAL,PL,1
130667,496,2023-08-22,SESSAO ORDINARIA,PRESENCIAL,PSD,2
130668,496,2023-08-22,SESSAO ORDINARIA,PRESENCIAL,AVANTE,1
130669,496,2023-08-22,SESSAO ORDINARIA,PRESENCIAL,REPUBLICANOS,1
130670,496,2023-08-22,SESSAO ORDINARIA,PRESENCIAL,PSOL,1
130671,496,2023-08-22,SESSAO ORDINARIA,PRESENCIAL,PP,1
130672,496,2023-08-22,SESSAO ORDINARIA,PRESENCIAL,CIDADANIA,1
130673,496,2023-08-22,SESSAO ORDINARIA,PRESENCIAL,PP,1
130674,496,2023-08-22,SESSAO ORDINARIA,PRESENCIAL,PT,1
130675,496,2023-08-22,SESSAO ORDINARIA,PRESENCIAL,PSD,1
130676,496,2023-08-22,SESSAO ORDINARIA,PRESENCIAL,NÃO INFORMADO,1
130677,496,2023-08-22,SESSAO ORDINARIA,PRESENCIAL,PL,1
130678,496,2023-08-22,SESSAO ORDINARIA,PRESENCIAL,PL,1
130679,496,2023-08-22,SESSAO ORDINARIA,PRESENCIAL,MDB,1
130680,497,2023-08-22,SESSAO EXTRAORDINARIA,PRESENCIAL,PT,1
130681,497,2023-08-22,SESSAO EXTRAORDINARIA,PRESENCIAL,PL,1
130682,497,2023-08-22,SESSAO EXTRAORDINARIA,PRESENCIAL,PSB,1
130683,497,2023-08-22,SESSAO EXTRAORDINARIA,PRESENCIAL,MDB,1
130684,497,2023-08-22,SESSAO EXTRAORDINARIA,PRESENCIAL,UNIÃO,1
130685,497,2023-08-22,SESSAO EXTRAORDINARIA,PRESENCIAL,PSOL,1
130686,497,2023-08-22,SESSAO EXTRAORDINARIA,PRESENCIAL,PT,1
130687,497,2023-08-22,SESSAO EXTRAORDINARIA,PRESENCIAL,MDB,1
130688,497,2023-08-22,SESSAO EXTRAORDINARIA,PRESENCIAL,MDB,1
130689,497,2023-08-22,SESSAO EXTRAORDINARIA,PRESENCIAL,PL,1
130690,497,2023-08-22,SESSAO EXTRAORDINARIA,PRESENCIAL,PSD,1
130691,497,2023-08-22,SESSAO EXTRAORDINARIA,PRESENCIAL,AVANTE,1
130692,497,2023-08-22,SESSAO EXTRAORDINARIA,PRESENCIAL,REPUBLICANOS,1
130693,497,2023-08-22,SESSAO EXTRAORDINARIA,PRESENCIAL,PSOL,1
130694,497,2023-08-22,SESSAO EXTRAORDINARIA,PRESENCIAL,CIDADANIA,1
130695,497,2023-08-22,SESSAO EXTRAORDINARIA,PRESENCIAL,PP,1
130696,497,2023-08-22,SESSAO EXTRAORDINARIA,PRESENCIAL,PT,1
130697,497,2023-08-22,SESSAO EXTRAORDINARIA,PRESENCIAL,PSD,1
130698,497,2023-08-22,SESSAO EXTRAORDINARIA,PRESENCIAL,NÃO INFORMADO,1
130699,497,2023-08-22,SESSAO EXTRAORDINARIA,PRESENCIAL,PL,1
130700,497,2023-08-22,SESSAO EXTRAORDINARIA,PRESENCIAL,PL,1
130701,497,2023-08-22,SESSAO EXTRAORDINARIA,PRESENCIAL,MDB,1
130702,498,2023-08-23,SESSAO ORDINARIA,PRESENCIAL,PT,1
130703,498,2023-08-23,SESSAO ORDINARIA,PRESENCIAL,PSB,1
130704,498,2023-08-23,SESSAO ORDINARIA,PRESENCIAL,MDB,1
130705,498,2023-08-23,SESSAO ORDINARIA,PRESENCIAL,UNIÃO,1
130706,498,2023-08-23,SESSAO ORDINARIA,PRESENCIAL,PSOL,1
130707,498,2023-08-23,SESSAO ORDINARIA,PRESENCIAL,PT,1
130708,498,2023-08-23,SESSAO ORDINARIA,PRESENCIAL,MDB,1
130709,498,2023-08-23,SESSAO ORDINARIA,PRESENCIAL,MDB,1
130710,498,2023-08-23,SESSAO ORDINARIA,PRESENCIAL,MDB,1
130711,498,2023-08-23,SESSAO ORDINARIA,PRESENCIAL,PL,1
130712,498,2023-08-23,SESSAO ORDINARIA,PRESENCIAL,AVANTE,1
130713,498,2023-08-23,SESSAO ORDINARIA,PRESENCIAL,REPUBLICANOS,1
130714,498,2023-08-23,SESSAO ORDINARIA,PRESENCIAL,PSOL,1
130715,498,2023-08-23,SESSAO ORDINARIA,PRESENCIAL,PP,1
130716,498,2023-08-23,SESSAO ORDINARIA,PRESENCIAL,CIDADANIA,1
130717,498,2023-08-23,SESSAO ORDINARIA,PRESENCIAL,PT,1
130718,498,2023-08-23,SESSAO ORDINARIA,PRESENCIAL,NÃO INFORMADO,1
130719,498,2023-08-23,SESSAO ORDINARIA,PRESENCIAL,PL,1
130720,498,2023-08-23,SESSAO ORDINARIA,PRESENCIAL,PL,1
130721,498,2023-08-23,SESSAO ORDINARIA,PRESENCIAL,MDB,1
130722,499,2023-08-24,SESSAO ORDINARIA,PRESENCIAL,PT,1
130723,499,2023-08-24,SESSAO ORDINARIA,PRESENCIAL,PL,1
130724,499,2023-08-24,SESSAO ORDINARIA,PRESENCIAL,PSOL,1
130725,499,2023-08-24,SESSAO ORDINARIA,PRESENCIAL,PT,1
130726,499,2023-08-24,SESSAO ORDINARIA,PRESENCIAL,PL,1
130727,499,2023-08-24,SESSAO ORDINARIA,PRESENCIAL,PSOL,1
130728,499,2023-08-24,SESSAO ORDINARIA,PRESENCIAL,PP,1
130729,499,2023-08-24,SESSAO ORDINARIA,PRESENCIAL,PP,1
130730,499,2023-08-24,SESSAO ORDINARIA,PRESENCIAL,PT,1
130731,499,2023-08-24,SESSAO ORDINARIA,PRESENCIAL,PSD,1
130732,499,2023-08-24,SESSAO ORDINARIA,PRESENCIAL,NÃO INFORMADO,1
130733,499,2023-08-24,SESSAO ORDINARIA,PRESENCIAL,PL,1
130734,500,2023-08-29,SESSAO ORDINARIA,PRESENCIAL,PT,1
130735,500,2023-08-29,SESSAO ORDINARIA,PRESENCIAL,PSB,1
130736,500,2023-08-29,SESSAO ORDINARIA,PRESENCIAL,MDB,1
130737,500,2023-08-29,SESSAO ORDINARIA,PRESENCIAL,UNIÃO,1
130738,500,2023-08-29,SESSAO ORDINARIA,PRESENCIAL,PSOL,1
130739,500,2023-08-29,SESSAO ORDINARIA,PRESENCIAL,PT,1
130740,500,2023-08-29,SESSAO ORDINARIA,PRESENCIAL,MDB,1
130741,500,2023-08-29,SESSAO ORDINARIA,PRESENCIAL,MDB,1
130742,500,2023-08-29,SESSAO ORDINARIA,PRESENCIAL,MDB,1
130743,500,2023-08-29,SESSAO ORDINARIA,PRESENCIAL,PL,1
130744,500,2023-08-29,SESSAO ORDINARIA,PRESENCIAL,PSD,1
130745,500,2023-08-29,SESSAO ORDINARIA,PRESENCIAL,AVANTE,1
130746,500,2023-08-29,SESSAO ORDINARIA,PRESENCIAL,REPUBLICANOS,1
130747,500,2023-08-29,SESSAO ORDINARIA,PRESENCIAL,PSOL,1
130748,500,2023-08-29,SESSAO ORDINARIA,PRESENCIAL,PP,2
130749,500,2023-08-29,SESSAO ORDINARIA,PRESENCIAL,CIDADANIA,1
130750,500,2023-08-29,SESSAO ORDINARIA,PRESENCIAL,PP,1
130751,500,2023-08-29,SESSAO ORDINARIA,PRESENCIAL,PT,1
130752,500,2023-08-29,SESSAO ORDINARIA,PRESENCIAL,PSD,1
130753,500,2023-08-29,SESSAO ORDINARIA,PRESENCIAL,NÃO INFORMADO,2
130754,500,2023-08-29,SESSAO ORDINARIA,PRESENCIAL,PL,1
130755,500,2023-08-29,SESSAO ORDINARIA,PRESENCIAL,PL,1
130756,500,2023-08-29,SESSAO ORDINARIA,PRESENCIAL,MDB,1
130757,501,2023-08-29,SESSAO EXTRAORDINARIA,PRESENCIAL,PT,1
130758,501,2023-08-29,SESSAO EXTRAORDINARIA,PRESENCIAL,PSB,1
130759,501,2023-08-29,SESSAO EXTRAORDINARIA,PRESENCIAL,MDB,1
130760,501,2023-08-29,SESSAO EXTRAORDINARIA,PRESENCIAL,UNIÃO,1
130761,501,2023-08-29,SESSAO EXTRAORDINARIA,PRESENCIAL,PSOL,1
130762,501,2023-08-29,SESSAO EXTRAORDINARIA,PRESENCIAL,PT,1
130763,501,2023-08-29,SESSAO EXTRAORDINARIA,PRESENCIAL,MDB,1
130764,501,2023-08-29,SESSAO EXTRAORDINARIA,PRESENCIAL,MDB,1
130765,501,2023-08-29,SESSAO EXTRAORDINARIA,PRESENCIAL,MDB,1
130766,501,2023-08-29,SESSAO EXTRAORDINARIA,PRESENCIAL,PL,1
130767,501,2023-08-29,SESSAO EXTRAORDINARIA,PRESENCIAL,PSD,1
130768,501,2023-08-29,SESSAO EXTRAORDINARIA,PRESENCIAL,REPUBLICANOS,1
130769,501,2023-08-29,SESSAO EXTRAORDINARIA,PRESENCIAL,PSOL,1
130770,501,2023-08-29,SESSAO EXTRAORDINARIA,PRESENCIAL,PP,2
130771,501,2023-08-29,SESSAO EXTRAORDINARIA,PRESENCIAL,CIDADANIA,1
130772,501,2023-08-29,SESSAO EXTRAORDINARIA,PRESENCIAL,PP,1
130773,501,2023-08-29,SESSAO EXTRAORDINARIA,PRESENCIAL,PT,1
130774,501,2023-08-29,SESSAO EXTRAORDINARIA,PRESENCIAL,PSD,1
130775,501,2023-08-29,SESSAO EXTRAORDINARIA,PRESENCIAL,NÃO INFORMADO,1
130776,501,2023-08-29,SESSAO EXTRAORDINARIA,PRESENCIAL,PL,1
130777,501,2023-08-29,SESSAO EXTRAORDINARIA,PRESENCIAL,PL,1
130778,502,2023-08-29,SESSAO EXTRAORDINARIA,PRESENCIAL,PT,1
130779,502,2023-08-29,SESSAO EXTRAORDINARIA,PRESENCIAL,MDB,1
130780,502,2023-08-29,SESSAO EXTRAORDINARIA,PRESENCIAL,UNIÃO,1
130781,502,2023-08-29,SESSAO EXTRAORDINARIA,PRESENCIAL,PSOL,1
130782,502,2023-08-29,SESSAO EXTRAORDINARIA,PRESENCIAL,PT,1
130783,502,2023-08-29,SESSAO EXTRAORDINARIA,PRESENCIAL,MDB,1
130784,502,2023-08-29,SESSAO EXTRAORDINARIA,PRESENCIAL,MDB,1
130785,502,2023-08-29,SESSAO EXTRAORDINARIA,PRESENCIAL,PL,1
130786,502,2023-08-29,SESSAO EXTRAORDINARIA,PRESENCIAL,PSD,1
130787,502,2023-08-29,SESSAO EXTRAORDINARIA,PRESENCIAL,REPUBLICANOS,1
130788,502,2023-08-29,SESSAO EXTRAORDINARIA,PRESENCIAL,PSOL,1
130789,502,2023-08-29,SESSAO EXTRAORDINARIA,PRESENCIAL,PP,1
130790,502,2023-08-29,SESSAO EXTRAORDINARIA,PRESENCIAL,CIDADANIA,1
130791,502,2023-08-29,SESSAO EXTRAORDINARIA,PRESENCIAL,PP,1
130792,502,2023-08-29,SESSAO EXTRAORDINARIA,PRESENCIAL,PT,1
130793,502,2023-08-29,SESSAO EXTRAORDINARIA,PRESENCIAL,PSD,1
130794,502,2023-08-29,SESSAO EXTRAORDINARIA,PRESENCIAL,NÃO INFORMADO,1
130795,502,2023-08-29,SESSAO EXTRAORDINARIA,PRESENCIAL,PL,1
130796,502,2023-08-29,SESSAO EXTRAORDINARIA,PRESENCIAL,PL,1
130797,503,2023-08-30,SESSAO ORDINARIA,PRESENCIAL,PT,1
130798,503,2023-08-30,SESSAO ORDINARIA,PRESENCIAL,PSB,1
130799,503,2023-08-30,SESSAO ORDINARIA,PRESENCIAL,MDB,1
130800,503,2023-08-30,SESSAO ORDINARIA,PRESENCIAL,PSOL,1
130801,503,2023-08-30,SESSAO ORDINARIA,PRESENCIAL,PT,1
130802,503,2023-08-30,SESSAO ORDINARIA,PRESENCIAL,MDB,1
130803,503,2023-08-30,SESSAO ORDINARIA,PRESENCIAL,PL,1
130804,503,2023-08-30,SESSAO ORDINARIA,PRESENCIAL,PSD,1
130805,503,2023-08-30,SESSAO ORDINARIA,PRESENCIAL,AVANTE,1
130806,503,2023-08-30,SESSAO ORDINARIA,PRESENCIAL,REPUBLICANOS,1
130807,503,2023-08-30,SESSAO ORDINARIA,PRESENCIAL,PSOL,1
130808,503,2023-08-30,SESSAO ORDINARIA,PRESENCIAL,PP,1
130809,503,2023-08-30,SESSAO ORDINARIA,PRESENCIAL,PP,1
130810,503,2023-08-30,SESSAO ORDINARIA,PRESENCIAL,PT,1
130811,503,2023-08-30,SESSAO ORDINARIA,PRESENCIAL,NÃO INFORMADO,1
130812,503,2023-08-30,SESSAO ORDINARIA,PRESENCIAL,PL,1
130813,503,2023-08-30,SESSAO ORDINARIA,PRESENCIAL,PL,1
130814,504,2023-08-31,SESSAO ORDINARIA,PRESENCIAL,PSB,1
130815,504,2023-08-31,SESSAO ORDINARIA,PRESENCIAL,PSOL,1
130816,504,2023-08-31,SESSAO ORDINARIA,PRESENCIAL,PT,1
130817,504,2023-08-31,SESSAO ORDINARIA,PRESENCIAL,PL,1
130818,504,2023-08-31,SESSAO ORDINARIA,PRESENCIAL,AVANTE,1
130819,504,2023-08-31,SESSAO ORDINARIA,PRESENCIAL,REPUBLICANOS,1
130820,504,2023-08-31,SESSAO ORDINARIA,PRESENCIAL,PSOL,1
130821,504,2023-08-31,SESSAO ORDINARIA,PRESENCIAL,PP,1
130822,504,2023-08-31,SESSAO ORDINARIA,PRESENCIAL,PT,1
130823,504,2023-08-31,SESSAO ORDINARIA,PRESENCIAL,PSD,1
130824,504,2023-08-31,SESSAO ORDINARIA,PRESENCIAL,NÃO INFORMADO,1
130825,504,2023-08-31,SESSAO ORDINARIA,PRESENCIAL,PL,1
130826,505,2023-09-05,SESSAO ORDINARIA,PRESENCIAL,PT,1
130827,505,2023-09-05,SESSAO ORDINARIA,PRESENCIAL,PSB,1
130828,505,2023-09-05,SESSAO ORDINARIA,PRESENCIAL,MDB,1
130829,505,2023-09-05,SESSAO ORDINARIA,PRESENCIAL,PSOL,1
130830,505,2023-09-05,SESSAO ORDINARIA,PRESENCIAL,PT,1
130831,505,2023-09-05,SESSAO ORDINARIA,PRESENCIAL,MDB,1
130832,505,2023-09-05,SESSAO ORDINARIA,PRESENCIAL,MDB,1
130833,505,2023-09-05,SESSAO ORDINARIA,PRESENCIAL,MDB,1
130834,505,2023-09-05,SESSAO ORDINARIA,PRESENCIAL,PL,1
130835,505,2023-09-05,SESSAO ORDINARIA,PRESENCIAL,AVANTE,1
130836,505,2023-09-05,SESSAO ORDINARIA,PRESENCIAL,REPUBLICANOS,1
130837,505,2023-09-05,SESSAO ORDINARIA,PRESENCIAL,PSOL,1
130838,505,2023-09-05,SESSAO ORDINARIA,PRESENCIAL,CIDADANIA,1
130839,505,2023-09-05,SESSAO ORDINARIA,PRESENCIAL,PT,1
130840,505,2023-09-05,SESSAO ORDINARIA,PRESENCIAL,NÃO INFORMADO,1
130841,505,2023-09-05,SESSAO ORDINARIA,PRESENCIAL,PL,1
130842,505,2023-09-05,SESSAO ORDINARIA,PRESENCIAL,MDB,1
130843,506,2023-09-12,SESSAO ORDINARIA,PRESENCIAL,PT,1
130844,506,2023-09-12,SESSAO ORDINARIA,PRESENCIAL,PSB,1
130845,506,2023-09-12,SESSAO ORDINARIA,PRESENCIAL,MDB,1
130846,506,2023-09-12,SESSAO ORDINARIA,PRESENCIAL,UNIÃO,1
130847,506,2023-09-12,SESSAO ORDINARIA,PRESENCIAL,PSOL,1
130848,506,2023-09-12,SESSAO ORDINARIA,PRESENCIAL,PT,1
130849,506,2023-09-12,SESSAO ORDINARIA,PRESENCIAL,MDB,1
130850,506,2023-09-12,SESSAO ORDINARIA,PRESENCIAL,MDB,1
130851,506,2023-09-12,SESSAO ORDINARIA,PRESENCIAL,MDB,1
130852,506,2023-09-12,SESSAO ORDINARIA,PRESENCIAL,PL,1
130853,506,2023-09-12,SESSAO ORDINARIA,PRESENCIAL,PSD,1
130854,506,2023-09-12,SESSAO ORDINARIA,PRESENCIAL,AVANTE,1
130855,506,2023-09-12,SESSAO ORDINARIA,PRESENCIAL,REPUBLICANOS,1
130856,506,2023-09-12,SESSAO ORDINARIA,PRESENCIAL,PSOL,1
130857,506,2023-09-12,SESSAO ORDINARIA,PRESENCIAL,CIDADANIA,1
130858,506,2023-09-12,SESSAO ORDINARIA,PRESENCIAL,PP,1
130859,506,2023-09-12,SESSAO ORDINARIA,PRESENCIAL,PT,1
130860,506,2023-09-12,SESSAO ORDINARIA,PRESENCIAL,PSD,1
130861,506,2023-09-12,SESSAO ORDINARIA,PRESENCIAL,NÃO INFORMADO,1
130862,506,2023-09-12,SESSAO ORDINARIA,PRESENCIAL,PL,1
130863,506,2023-09-12,SESSAO ORDINARIA,PRESENCIAL,PL,1
130864,507,2023-09-13,SESSAO ORDINARIA,PRESENCIAL,PT,1
130865,507,2023-09-13,SESSAO ORDINARIA,PRESENCIAL,PSB,1
130866,507,2023-09-13,SESSAO ORDINARIA,PRESENCIAL,MDB,1
130867,507,2023-09-13,SESSAO ORDINARIA,PRESENCIAL,UNIÃO,1
130868,507,2023-09-13,SESSAO ORDINARIA,PRESENCIAL,PSOL,1
130869,507,2023-09-13,SESSAO ORDINARIA,PRESENCIAL,PT,1
130870,507,2023-09-13,SESSAO ORDINARIA,PRESENCIAL,MDB,1
130871,507,2023-09-13,SESSAO ORDINARIA,PRESENCIAL,MDB,1
130872,507,2023-09-13,SESSAO ORDINARIA,PRESENCIAL,MDB,1
130873,507,2023-09-13,SESSAO ORDINARIA,PRESENCIAL,PSD,1
130874,507,2023-09-13,SESSAO ORDINARIA,PRESENCIAL,AVANTE,1
130875,507,2023-09-13,SESSAO ORDINARIA,PRESENCIAL,REPUBLICANOS,1
130876,507,2023-09-13,SESSAO ORDINARIA,PRESENCIAL,PSOL,1
130877,507,2023-09-13,SESSAO ORDINARIA,PRESENCIAL,CIDADANIA,1
130878,507,2023-09-13,SESSAO ORDINARIA,PRESENCIAL,PP,1
130879,507,2023-09-13,SESSAO ORDINARIA,PRESENCIAL,PT,1
130880,507,2023-09-13,SESSAO ORDINARIA,PRESENCIAL,PSD,1
130881,507,2023-09-13,SESSAO ORDINARIA,PRESENCIAL,NÃO INFORMADO,1
130882,507,2023-09-13,SESSAO ORDINARIA,PRESENCIAL,PL,1
130883,507,2023-09-13,SESSAO ORDINARIA,PRESENCIAL,PL,1
130884,508,2023-09-19,SESSAO EXTRAORDINARIA,PRESENCIAL,PL,1
130885,508,2023-09-19,SESSAO EXTRAORDINARIA,PRESENCIAL,MDB,1
130886,508,2023-09-19,SESSAO EXTRAORDINARIA,PRESENCIAL,PSOL,1
130887,508,2023-09-19,SESSAO EXTRAORDINARIA,PRESENCIAL,PT,1
130888,508,2023-09-19,SESSAO EXTRAORDINARIA,PRESENCIAL,MDB,1
130889,508,2023-09-19,SESSAO EXTRAORDINARIA,PRESENCIAL,MDB,1
130890,508,2023-09-19,SESSAO EXTRAORDINARIA,PRESENCIAL,MDB,1
130891,508,2023-09-19,SESSAO EXTRAORDINARIA,PRESENCIAL,AVANTE,1
130892,508,2023-09-19,SESSAO EXTRAORDINARIA,PRESENCIAL,REPUBLICANOS,1
130893,508,2023-09-19,SESSAO EXTRAORDINARIA,PRESENCIAL,PSOL,1
130894,508,2023-09-19,SESSAO EXTRAORDINARIA,PRESENCIAL,PP,1
130895,508,2023-09-19,SESSAO EXTRAORDINARIA,PRESENCIAL,CIDADANIA,1
130896,508,2023-09-19,SESSAO EXTRAORDINARIA,PRESENCIAL,PP,1
130897,508,2023-09-19,SESSAO EXTRAORDINARIA,PRESENCIAL,PSD,1
130898,508,2023-09-19,SESSAO EXTRAORDINARIA,PRESENCIAL,NÃO INFORMADO,1
130899,508,2023-09-19,SESSAO EXTRAORDINARIA,PRESENCIAL,PL,1
130900,508,2023-09-19,SESSAO EXTRAORDINARIA,PRESENCIAL,PL,1
130901,508,2023-09-19,SESSAO EXTRAORDINARIA,PRESENCIAL,MDB,1
130902,509,2023-09-19,SESSAO ORDINARIA,PRESENCIAL,PT,1
130903,509,2023-09-19,SESSAO ORDINARIA,PRESENCIAL,PL,1
130904,509,2023-09-19,SESSAO ORDINARIA,PRESENCIAL,PSB,2
130905,509,2023-09-19,SESSAO ORDINARIA,PRESENCIAL,MDB,1
130906,509,2023-09-19,SESSAO ORDINARIA,PRESENCIAL,PSOL,1
130907,509,2023-09-19,SESSAO ORDINARIA,PRESENCIAL,PT,1
130908,509,2023-09-19,SESSAO ORDINARIA,PRESENCIAL,MDB,1
130909,509,2023-09-19,SESSAO ORDINARIA,PRESENCIAL,MDB,1
130910,509,2023-09-19,SESSAO ORDINARIA,PRESENCIAL,MDB,1
130911,509,2023-09-19,SESSAO ORDINARIA,PRESENCIAL,PL,1
130912,509,2023-09-19,SESSAO ORDINARIA,PRESENCIAL,AVANTE,1
130913,509,2023-09-19,SESSAO ORDINARIA,PRESENCIAL,REPUBLICANOS,1
130914,509,2023-09-19,SESSAO ORDINARIA,PRESENCIAL,PSOL,2
130915,509,2023-09-19,SESSAO ORDINARIA,PRESENCIAL,PP,2
130916,509,2023-09-19,SESSAO ORDINARIA,PRESENCIAL,CIDADANIA,1
130917,509,2023-09-19,SESSAO ORDINARIA,PRESENCIAL,PP,2
130918,509,2023-09-19,SESSAO ORDINARIA,PRESENCIAL,PT,1
130919,509,2023-09-19,SESSAO ORDINARIA,PRESENCIAL,PSD,1
130920,509,2023-09-19,SESSAO ORDINARIA,PRESENCIAL,NÃO INFORMADO,1
130921,509,2023-09-19,SESSAO ORDINARIA,PRESENCIAL,PL,2
130922,509,2023-09-19,SESSAO ORDINARIA,PRESENCIAL,PL,1
130923,509,2023-09-19,SESSAO ORDINARIA,PRESENCIAL,MDB,1
130924,510,2023-09-20,SESSAO ORDINARIA,PRESENCIAL,PT,1
130925,510,2023-09-20,SESSAO ORDINARIA,PRESENCIAL,PL,1
130926,510,2023-09-20,SESSAO ORDINARIA,PRESENCIAL,PSB,1
130927,510,2023-09-20,SESSAO ORDINARIA,PRESENCIAL,MDB,1
130928,510,2023-09-20,SESSAO ORDINARIA,PRESENCIAL,PSOL,1
130929,510,2023-09-20,SESSAO ORDINARIA,PRESENCIAL,PT,1
130930,510,2023-09-20,SESSAO ORDINARIA,PRESENCIAL,MDB,1
130931,510,2023-09-20,SESSAO ORDINARIA,PRESENCIAL,MDB,1
130932,510,2023-09-20,SESSAO ORDINARIA,PRESENCIAL,MDB,1
130933,510,2023-09-20,SESSAO ORDINARIA,PRESENCIAL,PL,1
130934,510,2023-09-20,SESSAO ORDINARIA,PRESENCIAL,REPUBLICANOS,1
130935,510,2023-09-20,SESSAO ORDINARIA,PRESENCIAL,PSOL,1
130936,510,2023-09-20,SESSAO ORDINARIA,PRESENCIAL,PP,1
130937,510,2023-09-20,SESSAO ORDINARIA,PRESENCIAL,CIDADANIA,1
130938,510,2023-09-20,SESSAO ORDINARIA,PRESENCIAL,PP,1
130939,510,2023-09-20,SESSAO ORDINARIA,PRESENCIAL,PT,1
130940,510,2023-09-20,SESSAO ORDINARIA,PRESENCIAL,PSD,1
130941,510,2023-09-20,SESSAO ORDINARIA,PRESENCIAL,PL,1
130942,510,2023-09-20,SESSAO ORDINARIA,PRESENCIAL,PL,1
130943,510,2023-09-20,SESSAO ORDINARIA,PRESENCIAL,MDB,1
130944,511,2023-09-21,SESSAO ORDINARIA,PRESENCIAL,PT,1
130945,511,2023-09-21,SESSAO ORDINARIA,PRESENCIAL,PSB,1
130946,511,2023-09-21,SESSAO ORDINARIA,PRESENCIAL,PSOL,1
130947,511,2023-09-21,SESSAO ORDINARIA,PRESENCIAL,PT,1
130948,511,2023-09-21,SESSAO ORDINARIA,PRESENCIAL,PSOL,1
130949,511,2023-09-21,SESSAO ORDINARIA,PRESENCIAL,PP,1
130950,511,2023-09-21,SESSAO ORDINARIA,PRESENCIAL,CIDADANIA,1
130951,511,2023-09-21,SESSAO ORDINARIA,PRESENCIAL,PP,1
130952,511,2023-09-21,SESSAO ORDINARIA,PRESENCIAL,PL,1
130953,511,2023-09-21,SESSAO ORDINARIA,PRESENCIAL,PL,1
130954,512,2023-09-26,SESSAO EXTRAORDINARIA,PRESENCIAL,PT,1
130955,512,2023-09-26,SESSAO EXTRAORDINARIA,PRESENCIAL,PL,1
130956,512,2023-09-26,SESSAO EXTRAORDINARIA,PRESENCIAL,PSB,1
130957,512,2023-09-26,SESSAO EXTRAORDINARIA,PRESENCIAL,MDB,1
130958,512,2023-09-26,SESSAO EXTRAORDINARIA,PRESENCIAL,UNIÃO,1
130959,512,2023-09-26,SESSAO EXTRAORDINARIA,PRESENCIAL,MDB,1
130960,512,2023-09-26,SESSAO EXTRAORDINARIA,PRESENCIAL,MDB,1
130961,512,2023-09-26,SESSAO EXTRAORDINARIA,PRESENCIAL,MDB,1
130962,512,2023-09-26,SESSAO EXTRAORDINARIA,PRESENCIAL,AVANTE,1
130963,512,2023-09-26,SESSAO EXTRAORDINARIA,PRESENCIAL,REPUBLICANOS,1
130964,512,2023-09-26,SESSAO EXTRAORDINARIA,PRESENCIAL,PSOL,1
130965,512,2023-09-26,SESSAO EXTRAORDINARIA,PRESENCIAL,PP,1
130966,512,2023-09-26,SESSAO EXTRAORDINARIA,PRESENCIAL,CIDADANIA,1
130967,512,2023-09-26,SESSAO EXTRAORDINARIA,PRESENCIAL,PP,1
130968,512,2023-09-26,SESSAO EXTRAORDINARIA,PRESENCIAL,PT,1
130969,512,2023-09-26,SESSAO EXTRAORDINARIA,PRESENCIAL,PSD,1
130970,512,2023-09-26,SESSAO EXTRAORDINARIA,PRESENCIAL,PL,1
130971,512,2023-09-26,SESSAO EXTRAORDINARIA,PRESENCIAL,MDB,1
130972,513,2023-09-26,SESSAO ORDINARIA,PRESENCIAL,PT,1
130973,513,2023-09-26,SESSAO ORDINARIA,PRESENCIAL,PL,2
130974,513,2023-09-26,SESSAO ORDINARIA,PRESENCIAL,PSB,1
130975,513,2023-09-26,SESSAO ORDINARIA,PRESENCIAL,MDB,2
130976,513,2023-09-26,SESSAO ORDINARIA,PRESENCIAL,UNIÃO,2
130977,513,2023-09-26,SESSAO ORDINARIA,PRESENCIAL,PT,2
130978,513,2023-09-26,SESSAO ORDINARIA,PRESENCIAL,MDB,1
130979,513,2023-09-26,SESSAO ORDINARIA,PRESENCIAL,MDB,1
130980,513,2023-09-26,SESSAO ORDINARIA,PRESENCIAL,MDB,1
130981,513,2023-09-26,SESSAO ORDINARIA,PRESENCIAL,PL,1
130982,513,2023-09-26,SESSAO ORDINARIA,PRESENCIAL,PSD,1
130983,513,2023-09-26,SESSAO ORDINARIA,PRESENCIAL,AVANTE,1
130984,513,2023-09-26,SESSAO ORDINARIA,PRESENCIAL,REPUBLICANOS,2
130985,513,2023-09-26,SESSAO ORDINARIA,PRESENCIAL,PSOL,1
130986,513,2023-09-26,SESSAO ORDINARIA,PRESENCIAL,PP,1
130987,513,2023-09-26,SESSAO ORDINARIA,PRESENCIAL,CIDADANIA,1
130988,513,2023-09-26,SESSAO ORDINARIA,PRESENCIAL,PP,1
130989,513,2023-09-26,SESSAO ORDINARIA,PRESENCIAL,PT,2
130990,513,2023-09-26,SESSAO ORDINARIA,PRESENCIAL,PSD,1
130991,513,2023-09-26,SESSAO ORDINARIA,PRESENCIAL,NÃO INFORMADO,1
130992,513,2023-09-26,SESSAO ORDINARIA,PRESENCIAL,PL,1
130993,513,2023-09-26,SESSAO ORDINARIA,PRESENCIAL,PL,1
130994,513,2023-09-26,SESSAO ORDINARIA,PRESENCIAL,MDB,1
130995,514,2023-09-27,SESSAO ORDINARIA,PRESENCIAL,PT,1
130996,514,2023-09-27,SESSAO ORDINARIA,PRESENCIAL,PL,1
130997,514,2023-09-27,SESSAO ORDINARIA,PRESENCIAL,PSB,1
130998,514,2023-09-27,SESSAO ORDINARIA,PRESENCIAL,UNIÃO,1
130999,514,2023-09-27,SESSAO ORDINARIA,PRESENCIAL,PSOL,1
131000,514,2023-09-27,SESSAO ORDINARIA,PRESENCIAL,PT,1
131001,514,2023-09-27,SESSAO ORDINARIA,PRESENCIAL,MDB,1
131002,514,2023-09-27,SESSAO ORDINARIA,PRESENCIAL,MDB,1
131003,514,2023-09-27,SESSAO ORDINARIA,PRESENCIAL,MDB,1
131004,514,2023-09-27,SESSAO ORDINARIA,PRESENCIAL,PSD,1
131005,514,2023-09-27,SESSAO ORDINARIA,PRESENCIAL,AVANTE,1
131006,514,2023-09-27,SESSAO ORDINARIA,PRESENCIAL,REPUBLICANOS,1
131007,514,2023-09-27,SESSAO ORDINARIA,PRESENCIAL,PSOL,1
131008,514,2023-09-27,SESSAO ORDINARIA,PRESENCIAL,PP,1
131009,514,2023-09-27,SESSAO ORDINARIA,PRESENCIAL,CIDADANIA,1
131010,514,2023-09-27,SESSAO ORDINARIA,PRESENCIAL,PP,1
131011,514,2023-09-27,SESSAO ORDINARIA,PRESENCIAL,PT,1
131012,514,2023-09-27,SESSAO ORDINARIA,PRESENCIAL,PL,1
131013,514,2023-09-27,SESSAO ORDINARIA,PRESENCIAL,PL,1
131014,514,2023-09-27,SESSAO ORDINARIA,PRESENCIAL,MDB,1
131015,515,2023-09-28,SESSAO ORDINARIA,PRESENCIAL,PT,1
131016,515,2023-09-28,SESSAO ORDINARIA,PRESENCIAL,PSB,1
131017,515,2023-09-28,SESSAO ORDINARIA,PRESENCIAL,MDB,1
131018,515,2023-09-28,SESSAO ORDINARIA,PRESENCIAL,UNIÃO,1
131019,515,2023-09-28,SESSAO ORDINARIA,PRESENCIAL,PSOL,1
131020,515,2023-09-28,SESSAO ORDINARIA,PRESENCIAL,PT,1
131021,515,2023-09-28,SESSAO ORDINARIA,PRESENCIAL,MDB,1
131022,515,2023-09-28,SESSAO ORDINARIA,PRESENCIAL,MDB,1
131023,515,2023-09-28,SESSAO ORDINARIA,PRESENCIAL,PL,1
131024,515,2023-09-28,SESSAO ORDINARIA,PRESENCIAL,PSD,1
131025,515,2023-09-28,SESSAO ORDINARIA,PRESENCIAL,AVANTE,1
131026,515,2023-09-28,SESSAO ORDINARIA,PRESENCIAL,REPUBLICANOS,1
131027,515,2023-09-28,SESSAO ORDINARIA,PRESENCIAL,PSOL,1
131028,515,2023-09-28,SESSAO ORDINARIA,PRESENCIAL,PP,1
131029,515,2023-09-28,SESSAO ORDINARIA,PRESENCIAL,CIDADANIA,1
131030,515,2023-09-28,SESSAO ORDINARIA,PRESENCIAL,PP,1
131031,515,2023-09-28,SESSAO ORDINARIA,PRESENCIAL,PT,1
131032,515,2023-09-28,SESSAO ORDINARIA,PRESENCIAL,PSD,1
131033,515,2023-09-28,SESSAO ORDINARIA,PRESENCIAL,NÃO INFORMADO,1
131034,515,2023-09-28,SESSAO ORDINARIA,PRESENCIAL,PL,1
131035,515,2023-09-28,SESSAO ORDINARIA,PRESENCIAL,PL,1
131036,516,2023-10-03,SESSAO EXTRAORDINARIA,PRESENCIAL,PT,1
131037,516,2023-10-03,SESSAO EXTRAORDINARIA,PRESENCIAL,PL,1
131038,516,2023-10-03,SESSAO EXTRAORDINARIA,PRESENCIAL,PSB,1
131039,516,2023-10-03,SESSAO EXTRAORDINARIA,PRESENCIAL,MDB,1
131040,516,2023-10-03,SESSAO EXTRAORDINARIA,PRESENCIAL,PSOL,1
131041,516,2023-10-03,SESSAO EXTRAORDINARIA,PRESENCIAL,PT,1
131042,516,2023-10-03,SESSAO EXTRAORDINARIA,PRESENCIAL,MDB,1
131043,516,2023-10-03,SESSAO EXTRAORDINARIA,PRESENCIAL,MDB,1
131044,516,2023-10-03,SESSAO EXTRAORDINARIA,PRESENCIAL,MDB,1
131045,516,2023-10-03,SESSAO EXTRAORDINARIA,PRESENCIAL,PL,1
131046,516,2023-10-03,SESSAO EXTRAORDINARIA,PRESENCIAL,PSD,1
131047,516,2023-10-03,SESSAO EXTRAORDINARIA,PRESENCIAL,AVANTE,1
131048,516,2023-10-03,SESSAO EXTRAORDINARIA,PRESENCIAL,REPUBLICANOS,1
131049,516,2023-10-03,SESSAO EXTRAORDINARIA,PRESENCIAL,PSOL,1
131050,516,2023-10-03,SESSAO EXTRAORDINARIA,PRESENCIAL,PP,1
131051,516,2023-10-03,SESSAO EXTRAORDINARIA,PRESENCIAL,CIDADANIA,1
131052,516,2023-10-03,SESSAO EXTRAORDINARIA,PRESENCIAL,PP,1
131053,516,2023-10-03,SESSAO EXTRAORDINARIA,PRESENCIAL,PT,1
131054,516,2023-10-03,SESSAO EXTRAORDINARIA,PRESENCIAL,PSD,1
131055,516,2023-10-03,SESSAO EXTRAORDINARIA,PRESENCIAL,NÃO INFORMADO,1
131056,516,2023-10-03,SESSAO EXTRAORDINARIA,PRESENCIAL,PL,1
131057,516,2023-10-03,SESSAO EXTRAORDINARIA,PRESENCIAL,PL,1
131058,516,2023-10-03,SESSAO EXTRAORDINARIA,PRESENCIAL,MDB,1
131059,517,2023-10-03,SESSAO ORDINARIA,PRESENCIAL,PT,1
131060,517,2023-10-03,SESSAO ORDINARIA,PRESENCIAL,PL,1
131061,517,2023-10-03,SESSAO ORDINARIA,PRESENCIAL,PSB,1
131062,517,2023-10-03,SESSAO ORDINARIA,PRESENCIAL,MDB,1
131063,517,2023-10-03,SESSAO ORDINARIA,PRESENCIAL,PSOL,1
131064,517,2023-10-03,SESSAO ORDINARIA,PRESENCIAL,PT,1
131065,517,2023-10-03,SESSAO ORDINARIA,PRESENCIAL,MDB,1
131066,517,2023-10-03,SESSAO ORDINARIA,PRESENCIAL,MDB,1
131067,517,2023-10-03,SESSAO ORDINARIA,PRESENCIAL,MDB,1
131068,517,2023-10-03,SESSAO ORDINARIA,PRESENCIAL,PL,1
131069,517,2023-10-03,SESSAO ORDINARIA,PRESENCIAL,PSD,2
131070,517,2023-10-03,SESSAO ORDINARIA,PRESENCIAL,AVANTE,1
131071,517,2023-10-03,SESSAO ORDINARIA,PRESENCIAL,REPUBLICANOS,1
131072,517,2023-10-03,SESSAO ORDINARIA,PRESENCIAL,PSOL,2
131073,517,2023-10-03,SESSAO ORDINARIA,PRESENCIAL,PP,1
131074,517,2023-10-03,SESSAO ORDINARIA,PRESENCIAL,CIDADANIA,2
131075,517,2023-10-03,SESSAO ORDINARIA,PRESENCIAL,PP,1
131076,517,2023-10-03,SESSAO ORDINARIA,PRESENCIAL,PT,1
131077,517,2023-10-03,SESSAO ORDINARIA,PRESENCIAL,PSD,1
131078,517,2023-10-03,SESSAO ORDINARIA,PRESENCIAL,NÃO INFORMADO,1
131079,517,2023-10-03,SESSAO ORDINARIA,PRESENCIAL,PL,1
131080,517,2023-10-03,SESSAO ORDINARIA,PRESENCIAL,PL,1
131081,517,2023-10-03,SESSAO ORDINARIA,PRESENCIAL,MDB,1
131082,518,2023-10-04,SESSAO ORDINARIA,PRESENCIAL,PT,1
131083,518,2023-10-04,SESSAO ORDINARIA,PRESENCIAL,PL,1
131084,518,2023-10-04,SESSAO ORDINARIA,PRESENCIAL,PSB,1
131085,518,2023-10-04,SESSAO ORDINARIA,PRESENCIAL,MDB,1
131086,518,2023-10-04,SESSAO ORDINARIA,PRESENCIAL,PSOL,1
131087,518,2023-10-04,SESSAO ORDINARIA,PRESENCIAL,PT,1
131088,518,2023-10-04,SESSAO ORDINARIA,PRESENCIAL,MDB,1
131089,518,2023-10-04,SESSAO ORDINARIA,PRESENCIAL,MDB,1
131090,518,2023-10-04,SESSAO ORDINARIA,PRESENCIAL,PL,1
131091,518,2023-10-04,SESSAO ORDINARIA,PRESENCIAL,PSD,1
131092,518,2023-10-04,SESSAO ORDINARIA,PRESENCIAL,AVANTE,1
131093,518,2023-10-04,SESSAO ORDINARIA,PRESENCIAL,REPUBLICANOS,1
131094,518,2023-10-04,SESSAO ORDINARIA,PRESENCIAL,PSOL,1
131095,518,2023-10-04,SESSAO ORDINARIA,PRESENCIAL,PP,1
131096,518,2023-10-04,SESSAO ORDINARIA,PRESENCIAL,CIDADANIA,1
131097,518,2023-10-04,SESSAO ORDINARIA,PRESENCIAL,PP,1
131098,518,2023-10-04,SESSAO ORDINARIA,PRESENCIAL,PT,1
131099,518,2023-10-04,SESSAO ORDINARIA,PRESENCIAL,PSD,1
131100,518,2023-10-04,SESSAO ORDINARIA,PRESENCIAL,NÃO INFORMADO,1
131101,518,2023-10-04,SESSAO ORDINARIA,PRESENCIAL,PL,1
131102,518,2023-10-04,SESSAO ORDINARIA,PRESENCIAL,PL,1
131103,518,2023-10-04,SESSAO ORDINARIA,PRESENCIAL,MDB,1
131104,519,2023-10-05,SESSAO ORDINARIA,PRESENCIAL,PT,1
131105,519,2023-10-05,SESSAO ORDINARIA,PRESENCIAL,PSB,1
131106,519,2023-10-05,SESSAO ORDINARIA,PRESENCIAL,PSOL,1
131107,519,2023-10-05,SESSAO ORDINARIA,PRESENCIAL,PT,1
131108,519,2023-10-05,SESSAO ORDINARIA,PRESENCIAL,MDB,1
131109,519,2023-10-05,SESSAO ORDINARIA,PRESENCIAL,AVANTE,1
131110,519,2023-10-05,SESSAO ORDINARIA,PRESENCIAL,REPUBLICANOS,1
131111,519,2023-10-05,SESSAO ORDINARIA,PRESENCIAL,PSOL,1
131112,519,2023-10-05,SESSAO ORDINARIA,PRESENCIAL,PP,1
131113,519,2023-10-05,SESSAO ORDINARIA,PRESENCIAL,CIDADANIA,1
131114,519,2023-10-05,SESSAO ORDINARIA,PRESENCIAL,PP,1
131115,519,2023-10-05,SESSAO ORDINARIA,PRESENCIAL,PSD,1
131116,519,2023-10-05,SESSAO ORDINARIA,PRESENCIAL,NÃO INFORMADO,1
131117,519,2023-10-05,SESSAO ORDINARIA,PRESENCIAL,PL,1
131118,519,2023-10-05,SESSAO ORDINARIA,PRESENCIAL,PL,1
131119,519,2023-10-05,SESSAO ORDINARIA,PRESENCIAL,MDB,1
131120,520,2023-10-10,SESSAO ORDINARIA,PRESENCIAL,PT,1
131121,520,2023-10-10,SESSAO ORDINARIA,PRESENCIAL,PSB,1
131122,520,2023-10-10,SESSAO ORDINARIA,PRESENCIAL,MDB,1
131123,520,2023-10-10,SESSAO ORDINARIA,PRESENCIAL,UNIÃO,1
131124,520,2023-10-10,SESSAO ORDINARIA,PRESENCIAL,PSOL,1
131125,520,2023-10-10,SESSAO ORDINARIA,PRESENCIAL,PT,1
131126,520,2023-10-10,SESSAO ORDINARIA,PRESENCIAL,MDB,1
131127,520,2023-10-10,SESSAO ORDINARIA,PRESENCIAL,MDB,1
131128,520,2023-10-10,SESSAO ORDINARIA,PRESENCIAL,MDB,1
131129,520,2023-10-10,SESSAO ORDINARIA,PRESENCIAL,PL,1
131130,520,2023-10-10,SESSAO ORDINARIA,PRESENCIAL,PSD,1
131131,520,2023-10-10,SESSAO ORDINARIA,PRESENCIAL,AVANTE,1
131132,520,2023-10-10,SESSAO ORDINARIA,PRESENCIAL,REPUBLICANOS,1
131133,520,2023-10-10,SESSAO ORDINARIA,PRESENCIAL,PSOL,1
131134,520,2023-10-10,SESSAO ORDINARIA,PRESENCIAL,PP,1
131135,520,2023-10-10,SESSAO ORDINARIA,PRESENCIAL,CIDADANIA,1
131136,520,2023-10-10,SESSAO ORDINARIA,PRESENCIAL,PP,1
131137,520,2023-10-10,SESSAO ORDINARIA,PRESENCIAL,PT,1
131138,520,2023-10-10,SESSAO ORDINARIA,PRESENCIAL,PSD,1
131139,520,2023-10-10,SESSAO ORDINARIA,PRESENCIAL,NÃO INFORMADO,1
131140,520,2023-10-10,SESSAO ORDINARIA,PRESENCIAL,PL,2
131141,520,2023-10-10,SESSAO ORDINARIA,PRESENCIAL,PL,1
131142,520,2023-10-10,SESSAO ORDINARIA,PRESENCIAL,MDB,1
131143,521,2023-10-10,SESSAO EXTRAORDINARIA,PRESENCIAL,PT,1
131144,521,2023-10-10,SESSAO EXTRAORDINARIA,PRESENCIAL,PSB,1
131145,521,2023-10-10,SESSAO EXTRAORDINARIA,PRESENCIAL,MDB,1
131146,521,2023-10-10,SESSAO EXTRAORDINARIA,PRESENCIAL,UNIÃO,1
131147,521,2023-10-10,SESSAO EXTRAORDINARIA,PRESENCIAL,PSOL,1
131148,521,2023-10-10,SESSAO EXTRAORDINARIA,PRESENCIAL,PT,1
131149,521,2023-10-10,SESSAO EXTRAORDINARIA,PRESENCIAL,MDB,2
131150,521,2023-10-10,SESSAO EXTRAORDINARIA,PRESENCIAL,MDB,2
131151,521,2023-10-10,SESSAO EXTRAORDINARIA,PRESENCIAL,MDB,1
131152,521,2023-10-10,SESSAO EXTRAORDINARIA,PRESENCIAL,PL,1
131153,521,2023-10-10,SESSAO EXTRAORDINARIA,PRESENCIAL,PSD,1
131154,521,2023-10-10,SESSAO EXTRAORDINARIA,PRESENCIAL,AVANTE,1
131155,521,2023-10-10,SESSAO EXTRAORDINARIA,PRESENCIAL,REPUBLICANOS,1
131156,521,2023-10-10,SESSAO EXTRAORDINARIA,PRESENCIAL,PSOL,1
131157,521,2023-10-10,SESSAO EXTRAORDINARIA,PRESENCIAL,PP,1
131158,521,2023-10-10,SESSAO EXTRAORDINARIA,PRESENCIAL,CIDADANIA,2
131159,521,2023-10-10,SESSAO EXTRAORDINARIA,PRESENCIAL,PP,2
131160,521,2023-10-10,SESSAO EXTRAORDINARIA,PRESENCIAL,PT,1
131161,521,2023-10-10,SESSAO EXTRAORDINARIA,PRESENCIAL,PSD,2
131162,521,2023-10-10,SESSAO EXTRAORDINARIA,PRESENCIAL,NÃO INFORMADO,1
131163,521,2023-10-10,SESSAO EXTRAORDINARIA,PRESENCIAL,PL,2
131164,521,2023-10-10,SESSAO EXTRAORDINARIA,PRESENCIAL,PL,2
131165,521,2023-10-10,SESSAO EXTRAORDINARIA,PRESENCIAL,MDB,1
131166,522,2023-10-11,SESSAO ORDINARIA,PRESENCIAL,PT,1
131167,522,2023-10-11,SESSAO ORDINARIA,PRESENCIAL,PSB,1
131168,522,2023-10-11,SESSAO ORDINARIA,PRESENCIAL,MDB,1
131169,522,2023-10-11,SESSAO ORDINARIA,PRESENCIAL,PSOL,1
131170,522,2023-10-11,SESSAO ORDINARIA,PRESENCIAL,PT,1
131171,522,2023-10-11,SESSAO ORDINARIA,PRESENCIAL,MDB,1
131172,522,2023-10-11,SESSAO ORDINARIA,PRESENCIAL,PL,1
131173,522,2023-10-11,SESSAO ORDINARIA,PRESENCIAL,AVANTE,1
131174,522,2023-10-11,SESSAO ORDINARIA,PRESENCIAL,REPUBLICANOS,1
131175,522,2023-10-11,SESSAO ORDINARIA,PRESENCIAL,PT,1
131176,522,2023-10-11,SESSAO ORDINARIA,PRESENCIAL,PSD,1
131177,522,2023-10-11,SESSAO ORDINARIA,PRESENCIAL,PL,1
131178,523,2023-10-17,SESSAO EXTRAORDINARIA,PRESENCIAL,PT,1
131179,523,2023-10-17,SESSAO EXTRAORDINARIA,PRESENCIAL,MDB,1
131180,523,2023-10-17,SESSAO EXTRAORDINARIA,PRESENCIAL,PSB,1
131181,523,2023-10-17,SESSAO EXTRAORDINARIA,PRESENCIAL,MDB,1
131182,523,2023-10-17,SESSAO EXTRAORDINARIA,PRESENCIAL,UNIÃO,1
131183,523,2023-10-17,SESSAO EXTRAORDINARIA,PRESENCIAL,PSOL,1
131184,523,2023-10-17,SESSAO EXTRAORDINARIA,PRESENCIAL,PT,1
131185,523,2023-10-17,SESSAO EXTRAORDINARIA,PRESENCIAL,MDB,1
131186,523,2023-10-17,SESSAO EXTRAORDINARIA,PRESENCIAL,MDB,1
131187,523,2023-10-17,SESSAO EXTRAORDINARIA,PRESENCIAL,MDB,1
131188,523,2023-10-17,SESSAO EXTRAORDINARIA,PRESENCIAL,PL,1
131189,523,2023-10-17,SESSAO EXTRAORDINARIA,PRESENCIAL,REPUBLICANOS,1
131190,523,2023-10-17,SESSAO EXTRAORDINARIA,PRESENCIAL,PSOL,1
131191,523,2023-10-17,SESSAO EXTRAORDINARIA,PRESENCIAL,PP,1
131192,523,2023-10-17,SESSAO EXTRAORDINARIA,PRESENCIAL,PP,1
131193,523,2023-10-17,SESSAO EXTRAORDINARIA,PRESENCIAL,PT,1
131194,523,2023-10-17,SESSAO EXTRAORDINARIA,PRESENCIAL,PSD,1
131195,523,2023-10-17,SESSAO EXTRAORDINARIA,PRESENCIAL,NÃO INFORMADO,1
131196,523,2023-10-17,SESSAO EXTRAORDINARIA,PRESENCIAL,PL,1
131197,523,2023-10-17,SESSAO EXTRAORDINARIA,PRESENCIAL,PL,1
131198,523,2023-10-17,SESSAO EXTRAORDINARIA,PRESENCIAL,MDB,1
131199,524,2023-10-17,SESSAO ORDINARIA,PRESENCIAL,PT,1
131200,524,2023-10-17,SESSAO ORDINARIA,PRESENCIAL,MDB,1
131201,524,2023-10-17,SESSAO ORDINARIA,PRESENCIAL,PSB,1
131202,524,2023-10-17,SESSAO ORDINARIA,PRESENCIAL,MDB,1
131203,524,2023-10-17,SESSAO ORDINARIA,PRESENCIAL,UNIÃO,1
131204,524,2023-10-17,SESSAO ORDINARIA,PRESENCIAL,PSOL,1
131205,524,2023-10-17,SESSAO ORDINARIA,PRESENCIAL,PT,1
131206,524,2023-10-17,SESSAO ORDINARIA,PRESENCIAL,MDB,1
131207,524,2023-10-17,SESSAO ORDINARIA,PRESENCIAL,MDB,1
131208,524,2023-10-17,SESSAO ORDINARIA,PRESENCIAL,MDB,1
131209,524,2023-10-17,SESSAO ORDINARIA,PRESENCIAL,PL,1
131210,524,2023-10-17,SESSAO ORDINARIA,PRESENCIAL,PSD,1
131211,524,2023-10-17,SESSAO ORDINARIA,PRESENCIAL,REPUBLICANOS,1
131212,524,2023-10-17,SESSAO ORDINARIA,PRESENCIAL,PSOL,1
131213,524,2023-10-17,SESSAO ORDINARIA,PRESENCIAL,PP,1
131214,524,2023-10-17,SESSAO ORDINARIA,PRESENCIAL,CIDADANIA,1
131215,524,2023-10-17,SESSAO ORDINARIA,PRESENCIAL,PP,1
131216,524,2023-10-17,SESSAO ORDINARIA,PRESENCIAL,PT,1
131217,524,2023-10-17,SESSAO ORDINARIA,PRESENCIAL,PSD,1
131218,524,2023-10-17,SESSAO ORDINARIA,PRESENCIAL,NÃO INFORMADO,1
131219,524,2023-10-17,SESSAO ORDINARIA,PRESENCIAL,PL,1
131220,524,2023-10-17,SESSAO ORDINARIA,PRESENCIAL,PL,1
131221,524,2023-10-17,SESSAO ORDINARIA,PRESENCIAL,MDB,1
131222,525,2023-10-18,SESSAO ORDINARIA,PRESENCIAL,PT,1
131223,525,2023-10-18,SESSAO ORDINARIA,PRESENCIAL,MDB,1
131224,525,2023-10-18,SESSAO ORDINARIA,PRESENCIAL,PSB,1
131225,525,2023-10-18,SESSAO ORDINARIA,PRESENCIAL,MDB,1
131226,525,2023-10-18,SESSAO ORDINARIA,PRESENCIAL,PSOL,1
131227,525,2023-10-18,SESSAO ORDINARIA,PRESENCIAL,PT,1
131228,525,2023-10-18,SESSAO ORDINARIA,PRESENCIAL,MDB,1
131229,525,2023-10-18,SESSAO ORDINARIA,PRESENCIAL,PL,1
131230,525,2023-10-18,SESSAO ORDINARIA,PRESENCIAL,REPUBLICANOS,1
131231,525,2023-10-18,SESSAO ORDINARIA,PRESENCIAL,PSOL,1
131232,525,2023-10-18,SESSAO ORDINARIA,PRESENCIAL,PP,1
131233,525,2023-10-18,SESSAO ORDINARIA,PRESENCIAL,CIDADANIA,1
131234,525,2023-10-18,SESSAO ORDINARIA,PRESENCIAL,PP,1
131235,525,2023-10-18,SESSAO ORDINARIA,PRESENCIAL,PT,1
131236,525,2023-10-18,SESSAO ORDINARIA,PRESENCIAL,PL,1
131237,525,2023-10-18,SESSAO ORDINARIA,PRESENCIAL,MDB,1
131238,526,2023-10-19,SESSAO ORDINARIA,PRESENCIAL,PT,1
131239,526,2023-10-19,SESSAO ORDINARIA,PRESENCIAL,MDB,1
131240,526,2023-10-19,SESSAO ORDINARIA,PRESENCIAL,MDB,1
131241,526,2023-10-19,SESSAO ORDINARIA,PRESENCIAL,UNIÃO,1
131242,526,2023-10-19,SESSAO ORDINARIA,PRESENCIAL,PSOL,1
131243,526,2023-10-19,SESSAO ORDINARIA,PRESENCIAL,PT,1
131244,526,2023-10-19,SESSAO ORDINARIA,PRESENCIAL,MDB,1
131245,526,2023-10-19,SESSAO ORDINARIA,PRESENCIAL,PSD,1
131246,526,2023-10-19,SESSAO ORDINARIA,PRESENCIAL,REPUBLICANOS,1
131247,526,2023-10-19,SESSAO ORDINARIA,PRESENCIAL,PSOL,1
131248,526,2023-10-19,SESSAO ORDINARIA,PRESENCIAL,PP,1
131249,526,2023-10-19,SESSAO ORDINARIA,PRESENCIAL,CIDADANIA,1
131250,526,2023-10-19,SESSAO ORDINARIA,PRESENCIAL,PP,1
131251,526,2023-10-19,SESSAO ORDINARIA,PRESENCIAL,PT,1
131252,526,2023-10-19,SESSAO ORDINARIA,PRESENCIAL,PSD,1
131253,526,2023-10-19,SESSAO ORDINARIA,PRESENCIAL,NÃO INFORMADO,1
131254,526,2023-10-19,SESSAO ORDINARIA,PRESENCIAL,PL,1
131255,527,2023-10-24,SESSAO EXTRAORDINARIA,PRESENCIAL,PT,1
131256,527,2023-10-24,SESSAO EXTRAORDINARIA,PRESENCIAL,MDB,1
131257,527,2023-10-24,SESSAO EXTRAORDINARIA,PRESENCIAL,MDB,1
131258,527,2023-10-24,SESSAO EXTRAORDINARIA,PRESENCIAL,UNIÃO,1
131259,527,2023-10-24,SESSAO EXTRAORDINARIA,PRESENCIAL,PSOL,1
131260,527,2023-10-24,SESSAO EXTRAORDINARIA,PRESENCIAL,PT,1
131261,527,2023-10-24,SESSAO EXTRAORDINARIA,PRESENCIAL,MDB,1
131262,527,2023-10-24,SESSAO EXTRAORDINARIA,PRESENCIAL,MDB,1
131263,527,2023-10-24,SESSAO EXTRAORDINARIA,PRESENCIAL,PL,1
131264,527,2023-10-24,SESSAO EXTRAORDINARIA,PRESENCIAL,AVANTE,1
131265,527,2023-10-24,SESSAO EXTRAORDINARIA,PRESENCIAL,REPUBLICANOS,1
131266,527,2023-10-24,SESSAO EXTRAORDINARIA,PRESENCIAL,PSOL,1
131267,527,2023-10-24,SESSAO EXTRAORDINARIA,PRESENCIAL,PP,1
131268,527,2023-10-24,SESSAO EXTRAORDINARIA,PRESENCIAL,CIDADANIA,1
131269,527,2023-10-24,SESSAO EXTRAORDINARIA,PRESENCIAL,PP,1
131270,527,2023-10-24,SESSAO EXTRAORDINARIA,PRESENCIAL,PT,1
131271,527,2023-10-24,SESSAO EXTRAORDINARIA,PRESENCIAL,PSD,1
131272,527,2023-10-24,SESSAO EXTRAORDINARIA,PRESENCIAL,NÃO INFORMADO,1
131273,527,2023-10-24,SESSAO EXTRAORDINARIA,PRESENCIAL,PL,1
131274,527,2023-10-24,SESSAO EXTRAORDINARIA,PRESENCIAL,PL,1
131275,527,2023-10-24,SESSAO EXTRAORDINARIA,PRESENCIAL,MDB,1
131276,528,2023-10-24,SESSAO ORDINARIA,PRESENCIAL,PT,1
131277,528,2023-10-24,SESSAO ORDINARIA,PRESENCIAL,MDB,1
131278,528,2023-10-24,SESSAO ORDINARIA,PRESENCIAL,MDB,1
131279,528,2023-10-24,SESSAO ORDINARIA,PRESENCIAL,UNIÃO,1
131280,528,2023-10-24,SESSAO ORDINARIA,PRESENCIAL,PSOL,1
131281,528,2023-10-24,SESSAO ORDINARIA,PRESENCIAL,PT,1
131282,528,2023-10-24,SESSAO ORDINARIA,PRESENCIAL,MDB,1
131283,528,2023-10-24,SESSAO ORDINARIA,PRESENCIAL,MDB,1
131284,528,2023-10-24,SESSAO ORDINARIA,PRESENCIAL,MDB,1
131285,528,2023-10-24,SESSAO ORDINARIA,PRESENCIAL,PL,1
131286,528,2023-10-24,SESSAO ORDINARIA,PRESENCIAL,AVANTE,1
131287,528,2023-10-24,SESSAO ORDINARIA,PRESENCIAL,REPUBLICANOS,1
131288,528,2023-10-24,SESSAO ORDINARIA,PRESENCIAL,PSOL,1
131289,528,2023-10-24,SESSAO ORDINARIA,PRESENCIAL,PP,1
131290,528,2023-10-24,SESSAO ORDINARIA,PRESENCIAL,CIDADANIA,1
131291,528,2023-10-24,SESSAO ORDINARIA,PRESENCIAL,PP,1
131292,528,2023-10-24,SESSAO ORDINARIA,PRESENCIAL,PT,1
131293,528,2023-10-24,SESSAO ORDINARIA,PRESENCIAL,PSD,1
131294,528,2023-10-24,SESSAO ORDINARIA,PRESENCIAL,NÃO INFORMADO,1
131295,528,2023-10-24,SESSAO ORDINARIA,PRESENCIAL,PL,1
131296,528,2023-10-24,SESSAO ORDINARIA,PRESENCIAL,PL,1
131297,528,2023-10-24,SESSAO ORDINARIA,PRESENCIAL,MDB,1
131298,529,2023-10-25,SESSAO ORDINARIA,PRESENCIAL,PT,1
131299,529,2023-10-25,SESSAO ORDINARIA,PRESENCIAL,MDB,1
131300,529,2023-10-25,SESSAO ORDINARIA,PRESENCIAL,PSB,1
131301,529,2023-10-25,SESSAO ORDINARIA,PRESENCIAL,MDB,1
131302,529,2023-10-25,SESSAO ORDINARIA,PRESENCIAL,PSOL,1
131303,529,2023-10-25,SESSAO ORDINARIA,PRESENCIAL,PT,1
131304,529,2023-10-25,SESSAO ORDINARIA,PRESENCIAL,MDB,1
131305,529,2023-10-25,SESSAO ORDINARIA,PRESENCIAL,MDB,1
131306,529,2023-10-25,SESSAO ORDINARIA,PRESENCIAL,MDB,1
131307,529,2023-10-25,SESSAO ORDINARIA,PRESENCIAL,AVANTE,1
131308,529,2023-10-25,SESSAO ORDINARIA,PRESENCIAL,REPUBLICANOS,1
131309,529,2023-10-25,SESSAO ORDINARIA,PRESENCIAL,PSOL,1
131310,529,2023-10-25,SESSAO ORDINARIA,PRESENCIAL,PP,1
131311,529,2023-10-25,SESSAO ORDINARIA,PRESENCIAL,CIDADANIA,1
131312,529,2023-10-25,SESSAO ORDINARIA,PRESENCIAL,PP,1
131313,529,2023-10-25,SESSAO ORDINARIA,PRESENCIAL,PT,1
131314,529,2023-10-25,SESSAO ORDINARIA,PRESENCIAL,PSD,1
131315,529,2023-10-25,SESSAO ORDINARIA,PRESENCIAL,NÃO INFORMADO,1
131316,529,2023-10-25,SESSAO ORDINARIA,PRESENCIAL,PL,1
131317,529,2023-10-25,SESSAO ORDINARIA,PRESENCIAL,PL,1
131318,529,2023-10-25,SESSAO ORDINARIA,PRESENCIAL,MDB,1
131319,530,2023-10-31,SESSAO ORDINARIA,PRESENCIAL,PT,1
131320,530,2023-10-31,SESSAO ORDINARIA,PRESENCIAL,MDB,1
131321,530,2023-10-31,SESSAO ORDINARIA,PRESENCIAL,PSB,1
131322,530,2023-10-31,SESSAO ORDINARIA,PRESENCIAL,MDB,1
131323,530,2023-10-31,SESSAO ORDINARIA,PRESENCIAL,UNIÃO,1
131324,530,2023-10-31,SESSAO ORDINARIA,PRESENCIAL,PSOL,1
131325,530,2023-10-31,SESSAO ORDINARIA,PRESENCIAL,PT,1
131326,530,2023-10-31,SESSAO ORDINARIA,PRESENCIAL,MDB,1
131327,530,2023-10-31,SESSAO ORDINARIA,PRESENCIAL,MDB,1
131328,530,2023-10-31,SESSAO ORDINARIA,PRESENCIAL,MDB,1
131329,530,2023-10-31,SESSAO ORDINARIA,PRESENCIAL,PL,1
131330,530,2023-10-31,SESSAO ORDINARIA,PRESENCIAL,AVANTE,1
131331,530,2023-10-31,SESSAO ORDINARIA,PRESENCIAL,REPUBLICANOS,1
131332,530,2023-10-31,SESSAO ORDINARIA,PRESENCIAL,PSOL,1
131333,530,2023-10-31,SESSAO ORDINARIA,PRESENCIAL,PP,1
131334,530,2023-10-31,SESSAO ORDINARIA,PRESENCIAL,CIDADANIA,1
131335,530,2023-10-31,SESSAO ORDINARIA,PRESENCIAL,PT,1
131336,530,2023-10-31,SESSAO ORDINARIA,PRESENCIAL,PSD,1
131337,530,2023-10-31,SESSAO ORDINARIA,PRESENCIAL,NÃO INFORMADO,1
131338,530,2023-10-31,SESSAO ORDINARIA,PRESENCIAL,PL,1
131339,530,2023-10-31,SESSAO ORDINARIA,PRESENCIAL,PL,1
131340,530,2023-10-31,SESSAO ORDINARIA,PRESENCIAL,MDB,1
131341,531,2023-10-31,SESSAO EXTRAORDINARIA,PRESENCIAL,PT,1
131342,531,2023-10-31,SESSAO EXTRAORDINARIA,PRESENCIAL,MDB,1
131343,531,2023-10-31,SESSAO EXTRAORDINARIA,PRESENCIAL,PSB,1
131344,531,2023-10-31,SESSAO EXTRAORDINARIA,PRESENCIAL,MDB,1
131345,531,2023-10-31,SESSAO EXTRAORDINARIA,PRESENCIAL,UNIÃO,1
131346,531,2023-10-31,SESSAO EXTRAORDINARIA,PRESENCIAL,PSOL,1
131347,531,2023-10-31,SESSAO EXTRAORDINARIA,PRESENCIAL,PT,1
131348,531,2023-10-31,SESSAO EXTRAORDINARIA,PRESENCIAL,MDB,1
131349,531,2023-10-31,SESSAO EXTRAORDINARIA,PRESENCIAL,MDB,1
131350,531,2023-10-31,SESSAO EXTRAORDINARIA,PRESENCIAL,MDB,1
131351,531,2023-10-31,SESSAO EXTRAORDINARIA,PRESENCIAL,PL,1
131352,531,2023-10-31,SESSAO EXTRAORDINARIA,PRESENCIAL,AVANTE,1
131353,531,2023-10-31,SESSAO EXTRAORDINARIA,PRESENCIAL,REPUBLICANOS,1
131354,531,2023-10-31,SESSAO EXTRAORDINARIA,PRESENCIAL,PSOL,1
131355,531,2023-10-31,SESSAO EXTRAORDINARIA,PRESENCIAL,PP,1
131356,531,2023-10-31,SESSAO EXTRAORDINARIA,PRESENCIAL,CIDADANIA,1
131357,531,2023-10-31,SESSAO EXTRAORDINARIA,PRESENCIAL,PT,1
131358,531,2023-10-31,SESSAO EXTRAORDINARIA,PRESENCIAL,PSD,1
131359,531,2023-10-31,SESSAO EXTRAORDINARIA,PRESENCIAL,NÃO INFORMADO,1
131360,531,2023-10-31,SESSAO EXTRAORDINARIA,PRESENCIAL,PL,1
131361,531,2023-10-31,SESSAO EXTRAORDINARIA,PRESENCIAL,PL,1
131362,531,2023-10-31,SESSAO EXTRAORDINARIA,PRESENCIAL,MDB,1
131363,532,2023-11-01,SESSAO ORDINARIA,PRESENCIAL,PT,1
131364,532,2023-11-01,SESSAO ORDINARIA,PRESENCIAL,MDB,1
131365,532,2023-11-01,SESSAO ORDINARIA,PRESENCIAL,PSB,1
131366,532,2023-11-01,SESSAO ORDINARIA,PRESENCIAL,MDB,1
131367,532,2023-11-01,SESSAO ORDINARIA,PRESENCIAL,UNIÃO,1
131368,532,2023-11-01,SESSAO ORDINARIA,PRESENCIAL,PSOL,1
131369,532,2023-11-01,SESSAO ORDINARIA,PRESENCIAL,PT,1
131370,532,2023-11-01,SESSAO ORDINARIA,PRESENCIAL,MDB,1
131371,532,2023-11-01,SESSAO ORDINARIA,PRESENCIAL,MDB,1
131372,532,2023-11-01,SESSAO ORDINARIA,PRESENCIAL,MDB,1
131373,532,2023-11-01,SESSAO ORDINARIA,PRESENCIAL,PL,1
131374,532,2023-11-01,SESSAO ORDINARIA,PRESENCIAL,PSD,1
131375,532,2023-11-01,SESSAO ORDINARIA,PRESENCIAL,AVANTE,1
131376,532,2023-11-01,SESSAO ORDINARIA,PRESENCIAL,REPUBLICANOS,1
131377,532,2023-11-01,SESSAO ORDINARIA,PRESENCIAL,PSOL,1
131378,532,2023-11-01,SESSAO ORDINARIA,PRESENCIAL,PP,1
131379,532,2023-11-01,SESSAO ORDINARIA,PRESENCIAL,CIDADANIA,1
131380,532,2023-11-01,SESSAO ORDINARIA,PRESENCIAL,PT,1
131381,532,2023-11-01,SESSAO ORDINARIA,PRESENCIAL,PSD,1
131382,532,2023-11-01,SESSAO ORDINARIA,PRESENCIAL,PL,1
131383,532,2023-11-01,SESSAO ORDINARIA,PRESENCIAL,PL,1
131384,532,2023-11-01,SESSAO ORDINARIA,PRESENCIAL,MDB,1
131385,533,2023-11-07,SESSAO ORDINARIA,PRESENCIAL,PT,1
131386,533,2023-11-07,SESSAO ORDINARIA,PRESENCIAL,MDB,1
131387,533,2023-11-07,SESSAO ORDINARIA,PRESENCIAL,PSB,1
131388,533,2023-11-07,SESSAO ORDINARIA,PRESENCIAL,UNIÃO,1
131389,533,2023-11-07,SESSAO ORDINARIA,PRESENCIAL,PSOL,1
131390,533,2023-11-07,SESSAO ORDINARIA,PRESENCIAL,PT,2
131391,533,2023-11-07,SESSAO ORDINARIA,PRESENCIAL,MDB,1
131392,533,2023-11-07,SESSAO ORDINARIA,PRESENCIAL,MDB,1
131393,533,2023-11-07,SESSAO ORDINARIA,PRESENCIAL,MDB,1
131394,533,2023-11-07,SESSAO ORDINARIA,PRESENCIAL,PL,1
131395,533,2023-11-07,SESSAO ORDINARIA,PRESENCIAL,AVANTE,1
131396,533,2023-11-07,SESSAO ORDINARIA,PRESENCIAL,REPUBLICANOS,1
131397,533,2023-11-07,SESSAO ORDINARIA,PRESENCIAL,PSOL,2
131398,533,2023-11-07,SESSAO ORDINARIA,PRESENCIAL,PP,1
131399,533,2023-11-07,SESSAO ORDINARIA,PRESENCIAL,PP,1
131400,533,2023-11-07,SESSAO ORDINARIA,PRESENCIAL,PT,1
131401,533,2023-11-07,SESSAO ORDINARIA,PRESENCIAL,PSD,1
131402,533,2023-11-07,SESSAO ORDINARIA,PRESENCIAL,NÃO INFORMADO,1
131403,533,2023-11-07,SESSAO ORDINARIA,PRESENCIAL,PL,1
131404,533,2023-11-07,SESSAO ORDINARIA,PRESENCIAL,PL,1
131405,533,2023-11-07,SESSAO ORDINARIA,PRESENCIAL,MDB,1
131406,534,2023-11-07,SESSAO EXTRAORDINARIA,PRESENCIAL,PT,1
131407,534,2023-11-07,SESSAO EXTRAORDINARIA,PRESENCIAL,MDB,1
131408,534,2023-11-07,SESSAO EXTRAORDINARIA,PRESENCIAL,PSB,1
131409,534,2023-11-07,SESSAO EXTRAORDINARIA,PRESENCIAL,UNIÃO,1
131410,534,2023-11-07,SESSAO EXTRAORDINARIA,PRESENCIAL,PSOL,1
131411,534,2023-11-07,SESSAO EXTRAORDINARIA,PRESENCIAL,PT,1
131412,534,2023-11-07,SESSAO EXTRAORDINARIA,PRESENCIAL,MDB,1
131413,534,2023-11-07,SESSAO EXTRAORDINARIA,PRESENCIAL,MDB,1
131414,534,2023-11-07,SESSAO EXTRAORDINARIA,PRESENCIAL,AVANTE,1
131415,534,2023-11-07,SESSAO EXTRAORDINARIA,PRESENCIAL,REPUBLICANOS,1
131416,534,2023-11-07,SESSAO EXTRAORDINARIA,PRESENCIAL,PSOL,1
131417,534,2023-11-07,SESSAO EXTRAORDINARIA,PRESENCIAL,PP,1
131418,534,2023-11-07,SESSAO EXTRAORDINARIA,PRESENCIAL,PP,1
131419,534,2023-11-07,SESSAO EXTRAORDINARIA,PRESENCIAL,PT,1
131420,534,2023-11-07,SESSAO EXTRAORDINARIA,PRESENCIAL,NÃO INFORMADO,1
131421,534,2023-11-07,SESSAO EXTRAORDINARIA,PRESENCIAL,PL,1
131422,534,2023-11-07,SESSAO EXTRAORDINARIA,PRESENCIAL,MDB,1
131423,535,2023-11-08,SESSAO ORDINARIA,PRESENCIAL,PT,1
131424,535,2023-11-08,SESSAO ORDINARIA,PRESENCIAL,MDB,1
131425,535,2023-11-08,SESSAO ORDINARIA,PRESENCIAL,PSB,1
131426,535,2023-11-08,SESSAO ORDINARIA,PRESENCIAL,UNIÃO,1
131427,535,2023-11-08,SESSAO ORDINARIA,PRESENCIAL,PSOL,1
131428,535,2023-11-08,SESSAO ORDINARIA,PRESENCIAL,PT,1
131429,535,2023-11-08,SESSAO ORDINARIA,PRESENCIAL,MDB,1
131430,535,2023-11-08,SESSAO ORDINARIA,PRESENCIAL,MDB,1
131431,535,2023-11-08,SESSAO ORDINARIA,PRESENCIAL,MDB,1
131432,535,2023-11-08,SESSAO ORDINARIA,PRESENCIAL,PL,1
131433,535,2023-11-08,SESSAO ORDINARIA,PRESENCIAL,AVANTE,1
131434,535,2023-11-08,SESSAO ORDINARIA,PRESENCIAL,REPUBLICANOS,1
131435,535,2023-11-08,SESSAO ORDINARIA,PRESENCIAL,PSOL,1
131436,535,2023-11-08,SESSAO ORDINARIA,PRESENCIAL,PP,1
131437,535,2023-11-08,SESSAO ORDINARIA,PRESENCIAL,PP,1
131438,535,2023-11-08,SESSAO ORDINARIA,PRESENCIAL,PT,1
131439,535,2023-11-08,SESSAO ORDINARIA,PRESENCIAL,PSD,1
131440,535,2023-11-08,SESSAO ORDINARIA,PRESENCIAL,NÃO INFORMADO,1
131441,535,2023-11-08,SESSAO ORDINARIA,PRESENCIAL,MDB,1
131442,536,2023-11-09,SESSAO ORDINARIA,PRESENCIAL,PT,1
131443,536,2023-11-09,SESSAO ORDINARIA,PRESENCIAL,PSB,1
131444,536,2023-11-09,SESSAO ORDINARIA,PRESENCIAL,PSOL,1
131445,536,2023-11-09,SESSAO ORDINARIA,PRESENCIAL,PT,1
131446,536,2023-11-09,SESSAO ORDINARIA,PRESENCIAL,MDB,1
131447,536,2023-11-09,SESSAO ORDINARIA,PRESENCIAL,PL,1
131448,536,2023-11-09,SESSAO ORDINARIA,PRESENCIAL,REPUBLICANOS,1
131449,536,2023-11-09,SESSAO ORDINARIA,PRESENCIAL,PSOL,1
131450,536,2023-11-09,SESSAO ORDINARIA,PRESENCIAL,PP,1
131451,536,2023-11-09,SESSAO ORDINARIA,PRESENCIAL,CIDADANIA,1
131452,536,2023-11-09,SESSAO ORDINARIA,PRESENCIAL,PP,1
131453,536,2023-11-09,SESSAO ORDINARIA,PRESENCIAL,PT,1
131454,536,2023-11-09,SESSAO ORDINARIA,PRESENCIAL,PSD,1
131455,537,2023-11-14,SESSAO EXTRAORDINARIA,PRESENCIAL,PT,1
131456,537,2023-11-14,SESSAO EXTRAORDINARIA,PRESENCIAL,PSB,1
131457,537,2023-11-14,SESSAO EXTRAORDINARIA,PRESENCIAL,MDB,1
131458,537,2023-11-14,SESSAO EXTRAORDINARIA,PRESENCIAL,UNIÃO,1
131459,537,2023-11-14,SESSAO EXTRAORDINARIA,PRESENCIAL,PSOL,1
131460,537,2023-11-14,SESSAO EXTRAORDINARIA,PRESENCIAL,PT,1
131461,537,2023-11-14,SESSAO EXTRAORDINARIA,PRESENCIAL,MDB,1
131462,537,2023-11-14,SESSAO EXTRAORDINARIA,PRESENCIAL,MDB,1
131463,537,2023-11-14,SESSAO EXTRAORDINARIA,PRESENCIAL,MDB,1
131464,537,2023-11-14,SESSAO EXTRAORDINARIA,PRESENCIAL,PL,1
131465,537,2023-11-14,SESSAO EXTRAORDINARIA,PRESENCIAL,PSD,1
131466,537,2023-11-14,SESSAO EXTRAORDINARIA,PRESENCIAL,AVANTE,1
131467,537,2023-11-14,SESSAO EXTRAORDINARIA,PRESENCIAL,REPUBLICANOS,1
131468,537,2023-11-14,SESSAO EXTRAORDINARIA,PRESENCIAL,PSOL,1
131469,537,2023-11-14,SESSAO EXTRAORDINARIA,PRESENCIAL,PP,1
131470,537,2023-11-14,SESSAO EXTRAORDINARIA,PRESENCIAL,CIDADANIA,1
131471,537,2023-11-14,SESSAO EXTRAORDINARIA,PRESENCIAL,PP,1
131472,537,2023-11-14,SESSAO EXTRAORDINARIA,PRESENCIAL,PT,1
131473,537,2023-11-14,SESSAO EXTRAORDINARIA,PRESENCIAL,NÃO INFORMADO,1
131474,537,2023-11-14,SESSAO EXTRAORDINARIA,PRESENCIAL,MDB,1
131475,538,2023-11-14,SESSAO ORDINARIA,PRESENCIAL,PT,1
131476,538,2023-11-14,SESSAO ORDINARIA,PRESENCIAL,MDB,1
131477,538,2023-11-14,SESSAO ORDINARIA,PRESENCIAL,PSB,1
131478,538,2023-11-14,SESSAO ORDINARIA,PRESENCIAL,MDB,1
131479,538,2023-11-14,SESSAO ORDINARIA,PRESENCIAL,UNIÃO,1
131480,538,2023-11-14,SESSAO ORDINARIA,PRESENCIAL,PSOL,1
131481,538,2023-11-14,SESSAO ORDINARIA,PRESENCIAL,PT,1
131482,538,2023-11-14,SESSAO ORDINARIA,PRESENCIAL,MDB,1
131483,538,2023-11-14,SESSAO ORDINARIA,PRESENCIAL,MDB,1
131484,538,2023-11-14,SESSAO ORDINARIA,PRESENCIAL,MDB,1
131485,538,2023-11-14,SESSAO ORDINARIA,PRESENCIAL,PL,1
131486,538,2023-11-14,SESSAO ORDINARIA,PRESENCIAL,PSD,1
131487,538,2023-11-14,SESSAO ORDINARIA,PRESENCIAL,AVANTE,1
131488,538,2023-11-14,SESSAO ORDINARIA,PRESENCIAL,REPUBLICANOS,1
131489,538,2023-11-14,SESSAO ORDINARIA,PRESENCIAL,PSOL,1
131490,538,2023-11-14,SESSAO ORDINARIA,PRESENCIAL,PP,1
131491,538,2023-11-14,SESSAO ORDINARIA,PRESENCIAL,CIDADANIA,1
131492,538,2023-11-14,SESSAO ORDINARIA,PRESENCIAL,PP,1
131493,538,2023-11-14,SESSAO ORDINARIA,PRESENCIAL,PT,1
131494,538,2023-11-14,SESSAO ORDINARIA,PRESENCIAL,PSD,1
131495,538,2023-11-14,SESSAO ORDINARIA,PRESENCIAL,NÃO INFORMADO,1
131496,538,2023-11-14,SESSAO ORDINARIA,PRESENCIAL,PL,1
131497,538,2023-11-14,SESSAO ORDINARIA,PRESENCIAL,MDB,1
131498,539,2023-11-16,SESSAO ORDINARIA,PRESENCIAL,PT,1
131499,539,2023-11-16,SESSAO ORDINARIA,PRESENCIAL,UNIÃO,1
131500,539,2023-11-16,SESSAO ORDINARIA,PRESENCIAL,PSOL,1
131501,539,2023-11-16,SESSAO ORDINARIA,PRESENCIAL,PT,1
131502,539,2023-11-16,SESSAO ORDINARIA,PRESENCIAL,PL,1
131503,539,2023-11-16,SESSAO ORDINARIA,PRESENCIAL,PSOL,1
131504,539,2023-11-16,SESSAO ORDINARIA,PRESENCIAL,PP,1
131505,539,2023-11-16,SESSAO ORDINARIA,PRESENCIAL,CIDADANIA,1
131506,539,2023-11-16,SESSAO ORDINARIA,PRESENCIAL,PP,1
131507,539,2023-11-16,SESSAO ORDINARIA,PRESENCIAL,NÃO INFORMADO,1
131508,539,2023-11-16,SESSAO ORDINARIA,PRESENCIAL,PL,1
131509,540,2023-11-21,SESSAO ORDINARIA,PRESENCIAL,PT,1
131510,540,2023-11-21,SESSAO ORDINARIA,PRESENCIAL,MDB,1
131511,540,2023-11-21,SESSAO ORDINARIA,PRESENCIAL,PSB,1
131512,540,2023-11-21,SESSAO ORDINARIA,PRESENCIAL,MDB,1
131513,540,2023-11-21,SESSAO ORDINARIA,PRESENCIAL,UNIÃO,1
131514,540,2023-11-21,SESSAO ORDINARIA,PRESENCIAL,PSOL,1
131515,540,2023-11-21,SESSAO ORDINARIA,PRESENCIAL,PT,1
131516,540,2023-11-21,SESSAO ORDINARIA,PRESENCIAL,MDB,1
131517,540,2023-11-21,SESSAO ORDINARIA,PRESENCIAL,MDB,1
131518,540,2023-11-21,SESSAO ORDINARIA,PRESENCIAL,MDB,1
131519,540,2023-11-21,SESSAO ORDINARIA,PRESENCIAL,PL,1
131520,540,2023-11-21,SESSAO ORDINARIA,PRESENCIAL,PSD,1
131521,540,2023-11-21,SESSAO ORDINARIA,PRESENCIAL,REPUBLICANOS,1
131522,540,2023-11-21,SESSAO ORDINARIA,PRESENCIAL,PSOL,1
131523,540,2023-11-21,SESSAO ORDINARIA,PRESENCIAL,PP,1
131524,540,2023-11-21,SESSAO ORDINARIA,PRESENCIAL,CIDADANIA,1
131525,540,2023-11-21,SESSAO ORDINARIA,PRESENCIAL,PP,1
131526,540,2023-11-21,SESSAO ORDINARIA,PRESENCIAL,PT,1
131527,540,2023-11-21,SESSAO ORDINARIA,PRESENCIAL,PSD,1
131528,540,2023-11-21,SESSAO ORDINARIA,PRESENCIAL,NÃO INFORMADO,1
131529,540,2023-11-21,SESSAO ORDINARIA,PRESENCIAL,PL,1
131530,540,2023-11-21,SESSAO ORDINARIA,PRESENCIAL,MDB,1
131531,541,2023-11-21,SESSAO EXTRAORDINARIA,PRESENCIAL,PT,1
131532,541,2023-11-21,SESSAO EXTRAORDINARIA,PRESENCIAL,PSB,1
131533,541,2023-11-21,SESSAO EXTRAORDINARIA,PRESENCIAL,MDB,1
131534,541,2023-11-21,SESSAO EXTRAORDINARIA,PRESENCIAL,UNIÃO,1
131535,541,2023-11-21,SESSAO EXTRAORDINARIA,PRESENCIAL,PSOL,1
131536,541,2023-11-21,SESSAO EXTRAORDINARIA,PRESENCIAL,PT,1
131537,541,2023-11-21,SESSAO EXTRAORDINARIA,PRESENCIAL,MDB,1
131538,541,2023-11-21,SESSAO EXTRAORDINARIA,PRESENCIAL,MDB,1
131539,541,2023-11-21,SESSAO EXTRAORDINARIA,PRESENCIAL,MDB,1
131540,541,2023-11-21,SESSAO EXTRAORDINARIA,PRESENCIAL,PSD,1
131541,541,2023-11-21,SESSAO EXTRAORDINARIA,PRESENCIAL,REPUBLICANOS,1
131542,541,2023-11-21,SESSAO EXTRAORDINARIA,PRESENCIAL,PSOL,1
131543,541,2023-11-21,SESSAO EXTRAORDINARIA,PRESENCIAL,CIDADANIA,1
131544,541,2023-11-21,SESSAO EXTRAORDINARIA,PRESENCIAL,PP,1
131545,541,2023-11-21,SESSAO EXTRAORDINARIA,PRESENCIAL,PT,1
131546,541,2023-11-21,SESSAO EXTRAORDINARIA,PRESENCIAL,PSD,1
131547,541,2023-11-21,SESSAO EXTRAORDINARIA,PRESENCIAL,NÃO INFORMADO,1
131548,541,2023-11-21,SESSAO EXTRAORDINARIA,PRESENCIAL,PL,1
131549,541,2023-11-21,SESSAO EXTRAORDINARIA,PRESENCIAL,MDB,1
131550,542,2023-11-21,SESSAO EXTRAORDINARIA,PRESENCIAL,PT,1
131551,542,2023-11-21,SESSAO EXTRAORDINARIA,PRESENCIAL,PSB,1
131552,542,2023-11-21,SESSAO EXTRAORDINARIA,PRESENCIAL,MDB,1
131553,542,2023-11-21,SESSAO EXTRAORDINARIA,PRESENCIAL,UNIÃO,1
131554,542,2023-11-21,SESSAO EXTRAORDINARIA,PRESENCIAL,PSOL,1
131555,542,2023-11-21,SESSAO EXTRAORDINARIA,PRESENCIAL,PT,1
131556,542,2023-11-21,SESSAO EXTRAORDINARIA,PRESENCIAL,MDB,1
131557,542,2023-11-21,SESSAO EXTRAORDINARIA,PRESENCIAL,MDB,1
131558,542,2023-11-21,SESSAO EXTRAORDINARIA,PRESENCIAL,MDB,1
131559,542,2023-11-21,SESSAO EXTRAORDINARIA,PRESENCIAL,PSD,1
131560,542,2023-11-21,SESSAO EXTRAORDINARIA,PRESENCIAL,REPUBLICANOS,1
131561,542,2023-11-21,SESSAO EXTRAORDINARIA,PRESENCIAL,PSOL,1
131562,542,2023-11-21,SESSAO EXTRAORDINARIA,PRESENCIAL,CIDADANIA,1
131563,542,2023-11-21,SESSAO EXTRAORDINARIA,PRESENCIAL,PP,1
131564,542,2023-11-21,SESSAO EXTRAORDINARIA,PRESENCIAL,PT,1
131565,542,2023-11-21,SESSAO EXTRAORDINARIA,PRESENCIAL,NÃO INFORMADO,1
131566,542,2023-11-21,SESSAO EXTRAORDINARIA,PRESENCIAL,PL,1
131567,542,2023-11-21,SESSAO EXTRAORDINARIA,PRESENCIAL,MDB,1
131568,543,2023-11-22,SESSAO ORDINARIA,PRESENCIAL,PT,1
131569,543,2023-11-22,SESSAO ORDINARIA,PRESENCIAL,MDB,1
131570,543,2023-11-22,SESSAO ORDINARIA,PRESENCIAL,PSB,1
131571,543,2023-11-22,SESSAO ORDINARIA,PRESENCIAL,MDB,1
131572,543,2023-11-22,SESSAO ORDINARIA,PRESENCIAL,UNIÃO,1
131573,543,2023-11-22,SESSAO ORDINARIA,PRESENCIAL,PSOL,1
131574,543,2023-11-22,SESSAO ORDINARIA,PRESENCIAL,PT,1
131575,543,2023-11-22,SESSAO ORDINARIA,PRESENCIAL,MDB,1
131576,543,2023-11-22,SESSAO ORDINARIA,PRESENCIAL,MDB,1
131577,543,2023-11-22,SESSAO ORDINARIA,PRESENCIAL,PL,1
131578,543,2023-11-22,SESSAO ORDINARIA,PRESENCIAL,PSD,1
131579,543,2023-11-22,SESSAO ORDINARIA,PRESENCIAL,AVANTE,1
131580,543,2023-11-22,SESSAO ORDINARIA,PRESENCIAL,REPUBLICANOS,1
131581,543,2023-11-22,SESSAO ORDINARIA,PRESENCIAL,PSOL,1
131582,543,2023-11-22,SESSAO ORDINARIA,PRESENCIAL,PP,1
131583,543,2023-11-22,SESSAO ORDINARIA,PRESENCIAL,CIDADANIA,1
131584,543,2023-11-22,SESSAO ORDINARIA,PRESENCIAL,PP,1
131585,543,2023-11-22,SESSAO ORDINARIA,PRESENCIAL,PT,1
131586,543,2023-11-22,SESSAO ORDINARIA,PRESENCIAL,PSD,1
131587,543,2023-11-22,SESSAO ORDINARIA,PRESENCIAL,NÃO INFORMADO,1
131588,543,2023-11-22,SESSAO ORDINARIA,PRESENCIAL,PL,1
131589,543,2023-11-22,SESSAO ORDINARIA,PRESENCIAL,PL,1
131590,543,2023-11-22,SESSAO ORDINARIA,PRESENCIAL,MDB,1
131591,544,2023-11-23,SESSAO ORDINARIA,PRESENCIAL,PT,1
131592,544,2023-11-23,SESSAO ORDINARIA,PRESENCIAL,PSB,1
131593,544,2023-11-23,SESSAO ORDINARIA,PRESENCIAL,MDB,1
131594,544,2023-11-23,SESSAO ORDINARIA,PRESENCIAL,UNIÃO,1
131595,544,2023-11-23,SESSAO ORDINARIA,PRESENCIAL,PSOL,1
131596,544,2023-11-23,SESSAO ORDINARIA,PRESENCIAL,PT,1
131597,544,2023-11-23,SESSAO ORDINARIA,PRESENCIAL,AVANTE,1
131598,544,2023-11-23,SESSAO ORDINARIA,PRESENCIAL,PSOL,1
131599,544,2023-11-23,SESSAO ORDINARIA,PRESENCIAL,CIDADANIA,1
131600,544,2023-11-23,SESSAO ORDINARIA,PRESENCIAL,PP,1
131601,544,2023-11-23,SESSAO ORDINARIA,PRESENCIAL,PT,1
131602,544,2023-11-23,SESSAO ORDINARIA,PRESENCIAL,PL,1
131603,545,2023-11-28,SESSAO EXTRAORDINARIA,PRESENCIAL,MDB,1
131604,545,2023-11-28,SESSAO EXTRAORDINARIA,PRESENCIAL,PP,1
131605,545,2023-11-28,SESSAO EXTRAORDINARIA,PRESENCIAL,PT,1
131606,545,2023-11-28,SESSAO EXTRAORDINARIA,PRESENCIAL,NÃO INFORMADO,1
131607,546,2023-11-28,SESSAO ORDINARIA,PRESENCIAL,PT,1
131608,546,2023-11-28,SESSAO ORDINARIA,PRESENCIAL,MDB,1
131609,546,2023-11-28,SESSAO ORDINARIA,PRESENCIAL,PSB,1
131610,546,2023-11-28,SESSAO ORDINARIA,PRESENCIAL,MDB,1
131611,546,2023-11-28,SESSAO ORDINARIA,PRESENCIAL,UNIÃO,1
131612,546,2023-11-28,SESSAO ORDINARIA,PRESENCIAL,PSOL,1
131613,546,2023-11-28,SESSAO ORDINARIA,PRESENCIAL,PT,1
131614,546,2023-11-28,SESSAO ORDINARIA,PRESENCIAL,MDB,1
131615,546,2023-11-28,SESSAO ORDINARIA,PRESENCIAL,MDB,1
131616,546,2023-11-28,SESSAO ORDINARIA,PRESENCIAL,PL,1
131617,546,2023-11-28,SESSAO ORDINARIA,PRESENCIAL,AVANTE,1
131618,546,2023-11-28,SESSAO ORDINARIA,PRESENCIAL,REPUBLICANOS,1
131619,546,2023-11-28,SESSAO ORDINARIA,PRESENCIAL,PSOL,1
131620,546,2023-11-28,SESSAO ORDINARIA,PRESENCIAL,PP,1
131621,546,2023-11-28,SESSAO ORDINARIA,PRESENCIAL,CIDADANIA,1
131622,546,2023-11-28,SESSAO ORDINARIA,PRESENCIAL,PP,1
131623,546,2023-11-28,SESSAO ORDINARIA,PRESENCIAL,PT,1
131624,546,2023-11-28,SESSAO ORDINARIA,PRESENCIAL,PSD,1
131625,546,2023-11-28,SESSAO ORDINARIA,PRESENCIAL,NÃO INFORMADO,1
131626,546,2023-11-28,SESSAO ORDINARIA,PRESENCIAL,PL,1
131627,546,2023-11-28,SESSAO ORDINARIA,PRESENCIAL,PL,1
131628,546,2023-11-28,SESSAO ORDINARIA,PRESENCIAL,MDB,1
131629,547,2023-11-28,SESSAO EXTRAORDINARIA,PRESENCIAL,PT,1
131630,547,2023-11-28,SESSAO EXTRAORDINARIA,PRESENCIAL,PSB,1
131631,547,2023-11-28,SESSAO EXTRAORDINARIA,PRESENCIAL,UNIÃO,1
131632,547,2023-11-28,SESSAO EXTRAORDINARIA,PRESENCIAL,PSOL,1
131633,547,2023-11-28,SESSAO EXTRAORDINARIA,PRESENCIAL,PT,1
131634,547,2023-11-28,SESSAO EXTRAORDINARIA,PRESENCIAL,MDB,2
131635,547,2023-11-28,SESSAO EXTRAORDINARIA,PRESENCIAL,MDB,1
131636,547,2023-11-28,SESSAO EXTRAORDINARIA,PRESENCIAL,PL,1
131637,547,2023-11-28,SESSAO EXTRAORDINARIA,PRESENCIAL,AVANTE,1
131638,547,2023-11-28,SESSAO EXTRAORDINARIA,PRESENCIAL,REPUBLICANOS,2
131639,547,2023-11-28,SESSAO EXTRAORDINARIA,PRESENCIAL,PSOL,1
131640,547,2023-11-28,SESSAO EXTRAORDINARIA,PRESENCIAL,PP,1
131641,547,2023-11-28,SESSAO EXTRAORDINARIA,PRESENCIAL,CIDADANIA,1
131642,547,2023-11-28,SESSAO EXTRAORDINARIA,PRESENCIAL,PP,1
131643,547,2023-11-28,SESSAO EXTRAORDINARIA,PRESENCIAL,PT,1
131644,547,2023-11-28,SESSAO EXTRAORDINARIA,PRESENCIAL,PSD,1
131645,547,2023-11-28,SESSAO EXTRAORDINARIA,PRESENCIAL,NÃO INFORMADO,1
131646,547,2023-11-28,SESSAO EXTRAORDINARIA,PRESENCIAL,PL,1
131647,547,2023-11-28,SESSAO EXTRAORDINARIA,PRESENCIAL,PL,1
131648,547,2023-11-28,SESSAO EXTRAORDINARIA,PRESENCIAL,MDB,1
131649,548,2023-12-05,SESSAO ORDINARIA,PRESENCIAL,PT,1
131650,548,2023-12-05,SESSAO ORDINARIA,PRESENCIAL,MDB,1
131651,548,2023-12-05,SESSAO ORDINARIA,PRESENCIAL,PSB,1
131652,548,2023-12-05,SESSAO ORDINARIA,PRESENCIAL,MDB,1
131653,548,2023-12-05,SESSAO ORDINARIA,PRESENCIAL,UNIÃO,1
131654,548,2023-12-05,SESSAO ORDINARIA,PRESENCIAL,PSOL,1
131655,548,2023-12-05,SESSAO ORDINARIA,PRESENCIAL,PT,1
131656,548,2023-12-05,SESSAO ORDINARIA,PRESENCIAL,MDB,1
131657,548,2023-12-05,SESSAO ORDINARIA,PRESENCIAL,MDB,1
131658,548,2023-12-05,SESSAO ORDINARIA,PRESENCIAL,MDB,1
131659,548,2023-12-05,SESSAO ORDINARIA,PRESENCIAL,PL,1
131660,548,2023-12-05,SESSAO ORDINARIA,PRESENCIAL,PSD,1
131661,548,2023-12-05,SESSAO ORDINARIA,PRESENCIAL,AVANTE,1
131662,548,2023-12-05,SESSAO ORDINARIA,PRESENCIAL,REPUBLICANOS,1
131663,548,2023-12-05,SESSAO ORDINARIA,PRESENCIAL,PSOL,1
131664,548,2023-12-05,SESSAO ORDINARIA,PRESENCIAL,PP,1
131665,548,2023-12-05,SESSAO ORDINARIA,PRESENCIAL,CIDADANIA,1
131666,548,2023-12-05,SESSAO ORDINARIA,PRESENCIAL,PP,1
131667,548,2023-12-05,SESSAO ORDINARIA,PRESENCIAL,PT,1
131668,548,2023-12-05,SESSAO ORDINARIA,PRESENCIAL,PSD,1
131669,548,2023-12-05,SESSAO ORDINARIA,PRESENCIAL,NÃO INFORMADO,1
131670,548,2023-12-05,SESSAO ORDINARIA,PRESENCIAL,PL,1
131671,548,2023-12-05,SESSAO ORDINARIA,PRESENCIAL,PL,1
131672,548,2023-12-05,SESSAO ORDINARIA,PRESENCIAL,MDB,1
131673,549,2023-12-05,SESSAO EXTRAORDINARIA,PRESENCIAL,PT,1
131674,549,2023-12-05,SESSAO EXTRAORDINARIA,PRESENCIAL,MDB,1
131675,549,2023-12-05,SESSAO EXTRAORDINARIA,PRESENCIAL,PSB,1
131676,549,2023-12-05,SESSAO EXTRAORDINARIA,PRESENCIAL,MDB,1
131677,549,2023-12-05,SESSAO EXTRAORDINARIA,PRESENCIAL,UNIÃO,1
131678,549,2023-12-05,SESSAO EXTRAORDINARIA,PRESENCIAL,PSOL,1
131679,549,2023-12-05,SESSAO EXTRAORDINARIA,PRESENCIAL,PT,1
131680,549,2023-12-05,SESSAO EXTRAORDINARIA,PRESENCIAL,MDB,1
131681,549,2023-12-05,SESSAO EXTRAORDINARIA,PRESENCIAL,MDB,1
131682,549,2023-12-05,SESSAO EXTRAORDINARIA,PRESENCIAL,MDB,1
131683,549,2023-12-05,SESSAO EXTRAORDINARIA,PRESENCIAL,AVANTE,1
131684,549,2023-12-05,SESSAO EXTRAORDINARIA,PRESENCIAL,REPUBLICANOS,1
131685,549,2023-12-05,SESSAO EXTRAORDINARIA,PRESENCIAL,PSOL,1
131686,549,2023-12-05,SESSAO EXTRAORDINARIA,PRESENCIAL,PP,1
131687,549,2023-12-05,SESSAO EXTRAORDINARIA,PRESENCIAL,CIDADANIA,1
131688,549,2023-12-05,SESSAO EXTRAORDINARIA,PRESENCIAL,PP,1
131689,549,2023-12-05,SESSAO EXTRAORDINARIA,PRESENCIAL,PT,1
131690,549,2023-12-05,SESSAO EXTRAORDINARIA,PRESENCIAL,PSD,1
131691,549,2023-12-05,SESSAO EXTRAORDINARIA,PRESENCIAL,NÃO INFORMADO,1
131692,549,2023-12-05,SESSAO EXTRAORDINARIA,PRESENCIAL,PL,1
131693,549,2023-12-05,SESSAO EXTRAORDINARIA,PRESENCIAL,PL,1
131694,549,2023-12-05,SESSAO EXTRAORDINARIA,PRESENCIAL,MDB,1
131695,550,2023-12-06,SESSAO ORDINARIA,PRESENCIAL,PT,1
131696,550,2023-12-06,SESSAO ORDINARIA,PRESENCIAL,PSB,1
131697,550,2023-12-06,SESSAO ORDINARIA,PRESENCIAL,MDB,1
131698,550,2023-12-06,SESSAO ORDINARIA,PRESENCIAL,PT,1
131699,550,2023-12-06,SESSAO ORDINARIA,PRESENCIAL,MDB,1
131700,550,2023-12-06,SESSAO ORDINARIA,PRESENCIAL,MDB,1
131701,550,2023-12-06,SESSAO ORDINARIA,PRESENCIAL,PL,1
131702,550,2023-12-06,SESSAO ORDINARIA,PRESENCIAL,AVANTE,1
131703,550,2023-12-06,SESSAO ORDINARIA,PRESENCIAL,REPUBLICANOS,1
131704,550,2023-12-06,SESSAO ORDINARIA,PRESENCIAL,PSOL,1
131705,550,2023-12-06,SESSAO ORDINARIA,PRESENCIAL,PP,1
131706,550,2023-12-06,SESSAO ORDINARIA,PRESENCIAL,CIDADANIA,1
131707,550,2023-12-06,SESSAO ORDINARIA,PRESENCIAL,PP,1
131708,550,2023-12-06,SESSAO ORDINARIA,PRESENCIAL,PT,1
131709,550,2023-12-06,SESSAO ORDINARIA,PRESENCIAL,NÃO INFORMADO,1
131710,550,2023-12-06,SESSAO ORDINARIA,PRESENCIAL,PL,1
131711,550,2023-12-06,SESSAO ORDINARIA,PRESENCIAL,MDB,1
131712,551,2023-12-07,SESSAO ORDINARIA,PRESENCIAL,PT,1
131713,551,2023-12-07,SESSAO ORDINARIA,PRESENCIAL,PSB,1
131714,551,2023-12-07,SESSAO ORDINARIA,PRESENCIAL,MDB,1
131715,551,2023-12-07,SESSAO ORDINARIA,PRESENCIAL,UNIÃO,1
131716,551,2023-12-07,SESSAO ORDINARIA,PRESENCIAL,PT,1
131717,551,2023-12-07,SESSAO ORDINARIA,PRESENCIAL,PL,1
131718,551,2023-12-07,SESSAO ORDINARIA,PRESENCIAL,AVANTE,1
131719,551,2023-12-07,SESSAO ORDINARIA,PRESENCIAL,PSOL,1
131720,551,2023-12-07,SESSAO ORDINARIA,PRESENCIAL,PP,1
131721,551,2023-12-07,SESSAO ORDINARIA,PRESENCIAL,CIDADANIA,1
131722,551,2023-12-07,SESSAO ORDINARIA,PRESENCIAL,PSD,1
131723,551,2023-12-07,SESSAO ORDINARIA,PRESENCIAL,NÃO INFORMADO,1
131724,551,2023-12-07,SESSAO ORDINARIA,PRESENCIAL,PL,1
131725,551,2023-12-07,SESSAO ORDINARIA,PRESENCIAL,PL,1
131726,552,2023-12-12,SESSAO EXTRAORDINARIA,PRESENCIAL,PT,1
131727,552,2023-12-12,SESSAO EXTRAORDINARIA,PRESENCIAL,MDB,1
131728,552,2023-12-12,SESSAO EXTRAORDINARIA,PRESENCIAL,PSB,1
131729,552,2023-12-12,SESSAO EXTRAORDINARIA,PRESENCIAL,MDB,1
131730,552,2023-12-12,SESSAO EXTRAORDINARIA,PRESENCIAL,UNIÃO,1
131731,552,2023-12-12,SESSAO EXTRAORDINARIA,PRESENCIAL,PSOL,1
131732,552,2023-12-12,SESSAO EXTRAORDINARIA,PRESENCIAL,PT,1
131733,552,2023-12-12,SESSAO EXTRAORDINARIA,PRESENCIAL,MDB,1
131734,552,2023-12-12,SESSAO EXTRAORDINARIA,PRESENCIAL,MDB,1
131735,552,2023-12-12,SESSAO EXTRAORDINARIA,PRESENCIAL,MDB,1
131736,552,2023-12-12,SESSAO EXTRAORDINARIA,PRESENCIAL,PL,1
131737,552,2023-12-12,SESSAO EXTRAORDINARIA,PRESENCIAL,PSD,1
131738,552,2023-12-12,SESSAO EXTRAORDINARIA,PRESENCIAL,AVANTE,1
131739,552,2023-12-12,SESSAO EXTRAORDINARIA,PRESENCIAL,REPUBLICANOS,1
131740,552,2023-12-12,SESSAO EXTRAORDINARIA,PRESENCIAL,PSOL,1
131741,552,2023-12-12,SESSAO EXTRAORDINARIA,PRESENCIAL,PP,1
131742,552,2023-12-12,SESSAO EXTRAORDINARIA,PRESENCIAL,CIDADANIA,1
131743,552,2023-12-12,SESSAO EXTRAORDINARIA,PRESENCIAL,PT,1
131744,552,2023-12-12,SESSAO EXTRAORDINARIA,PRESENCIAL,PSD,1
131745,552,2023-12-12,SESSAO EXTRAORDINARIA,PRESENCIAL,NÃO INFORMADO,1
131746,552,2023-12-12,SESSAO EXTRAORDINARIA,PRESENCIAL,PL,1
131747,552,2023-12-12,SESSAO EXTRAORDINARIA,PRESENCIAL,PL,1
131748,552,2023-12-12,SESSAO EXTRAORDINARIA,PRESENCIAL,MDB,1
131749,553,2023-12-12,SESSAO ORDINARIA,PRESENCIAL,PT,1
131750,553,2023-12-12,SESSAO ORDINARIA,PRESENCIAL,MDB,1
131751,553,2023-12-12,SESSAO ORDINARIA,PRESENCIAL,PSB,1
131752,553,2023-12-12,SESSAO ORDINARIA,PRESENCIAL,MDB,1
131753,553,2023-12-12,SESSAO ORDINARIA,PRESENCIAL,UNIÃO,1
131754,553,2023-12-12,SESSAO ORDINARIA,PRESENCIAL,PSOL,1
131755,553,2023-12-12,SESSAO ORDINARIA,PRESENCIAL,PT,1
131756,553,2023-12-12,SESSAO ORDINARIA,PRESENCIAL,MDB,1
131757,553,2023-12-12,SESSAO ORDINARIA,PRESENCIAL,MDB,1
131758,553,2023-12-12,SESSAO ORDINARIA,PRESENCIAL,MDB,1
131759,553,2023-12-12,SESSAO ORDINARIA,PRESENCIAL,PL,1
131760,553,2023-12-12,SESSAO ORDINARIA,PRESENCIAL,PSD,1
131761,553,2023-12-12,SESSAO ORDINARIA,PRESENCIAL,AVANTE,1
131762,553,2023-12-12,SESSAO ORDINARIA,PRESENCIAL,REPUBLICANOS,1
131763,553,2023-12-12,SESSAO ORDINARIA,PRESENCIAL,PSOL,1
131764,553,2023-12-12,SESSAO ORDINARIA,PRESENCIAL,PP,1
131765,553,2023-12-12,SESSAO ORDINARIA,PRESENCIAL,CIDADANIA,2
131766,553,2023-12-12,SESSAO ORDINARIA,PRESENCIAL,PP,1
131767,553,2023-12-12,SESSAO ORDINARIA,PRESENCIAL,PT,1
131768,553,2023-12-12,SESSAO ORDINARIA,PRESENCIAL,PSD,1
131769,553,2023-12-12,SESSAO ORDINARIA,PRESENCIAL,NÃO INFORMADO,1
131770,553,2023-12-12,SESSAO ORDINARIA,PRESENCIAL,PL,1
131771,553,2023-12-12,SESSAO ORDINARIA,PRESENCIAL,PL,1
131772,553,2023-12-12,SESSAO ORDINARIA,PRESENCIAL,MDB,1
131773,554,2023-12-13,SESSAO ORDINARIA,PRESENCIAL,PT,1
131774,554,2023-12-13,SESSAO ORDINARIA,PRESENCIAL,MDB,1
131775,554,2023-12-13,SESSAO ORDINARIA,PRESENCIAL,PSB,1
131776,554,2023-12-13,SESSAO ORDINARIA,PRESENCIAL,MDB,1
131777,554,2023-12-13,SESSAO ORDINARIA,PRESENCIAL,UNIÃO,1
131778,554,2023-12-13,SESSAO ORDINARIA,PRESENCIAL,PSOL,1
131779,554,2023-12-13,SESSAO ORDINARIA,PRESENCIAL,PT,1
131780,554,2023-12-13,SESSAO ORDINARIA,PRESENCIAL,MDB,1
131781,554,2023-12-13,SESSAO ORDINARIA,PRESENCIAL,MDB,1
131782,554,2023-12-13,SESSAO ORDINARIA,PRESENCIAL,MDB,1
131783,554,2023-12-13,SESSAO ORDINARIA,PRESENCIAL,PL,1
131784,554,2023-12-13,SESSAO ORDINARIA,PRESENCIAL,PSD,1
131785,554,2023-12-13,SESSAO ORDINARIA,PRESENCIAL,AVANTE,1
131786,554,2023-12-13,SESSAO ORDINARIA,PRESENCIAL,REPUBLICANOS,1
131787,554,2023-12-13,SESSAO ORDINARIA,PRESENCIAL,PSOL,1
131788,554,2023-12-13,SESSAO ORDINARIA,PRESENCIAL,PP,1
131789,554,2023-12-13,SESSAO ORDINARIA,PRESENCIAL,CIDADANIA,1
131790,554,2023-12-13,SESSAO ORDINARIA,PRESENCIAL,PT,1
131791,554,2023-12-13,SESSAO ORDINARIA,PRESENCIAL,PSD,1
131792,554,2023-12-13,SESSAO ORDINARIA,PRESENCIAL,NÃO INFORMADO,1
131793,554,2023-12-13,SESSAO ORDINARIA,PRESENCIAL,PL,1
131794,554,2023-12-13,SESSAO ORDINARIA,PRESENCIAL,PL,1
131795,554,2023-12-13,SESSAO ORDINARIA,PRESENCIAL,MDB,1
131796,555,2023-12-13,SESSAO EXTRAORDINARIA,PRESENCIAL,PT,1
131797,555,2023-12-13,SESSAO EXTRAORDINARIA,PRESENCIAL,MDB,1
131798,555,2023-12-13,SESSAO EXTRAORDINARIA,PRESENCIAL,PSOL,1
131799,555,2023-12-13,SESSAO EXTRAORDINARIA,PRESENCIAL,PT,1
131800,555,2023-12-13,SESSAO EXTRAORDINARIA,PRESENCIAL,MDB,1
131801,555,2023-12-13,SESSAO EXTRAORDINARIA,PRESENCIAL,PL,1
131802,555,2023-12-13,SESSAO EXTRAORDINARIA,PRESENCIAL,PSOL,1
131803,555,2023-12-13,SESSAO EXTRAORDINARIA,PRESENCIAL,PT,1
131804,555,2023-12-13,SESSAO EXTRAORDINARIA,PRESENCIAL,NÃO INFORMADO,1
131805,555,2023-12-13,SESSAO EXTRAORDINARIA,PRESENCIAL,PL,1
131806,555,2023-12-13,SESSAO EXTRAORDINARIA,PRESENCIAL,MDB,1
131807,556,2023-12-13,SESSAO EXTRAORDINARIA,PRESENCIAL,PT,1
131808,556,2023-12-13,SESSAO EXTRAORDINARIA,PRESENCIAL,MDB,1
131809,556,2023-12-13,SESSAO EXTRAORDINARIA,PRESENCIAL,PSB,1
131810,556,2023-12-13,SESSAO EXTRAORDINARIA,PRESENCIAL,MDB,1
131811,556,2023-12-13,SESSAO EXTRAORDINARIA,PRESENCIAL,UNIÃO,1
131812,556,2023-12-13,SESSAO EXTRAORDINARIA,PRESENCIAL,PSOL,1
131813,556,2023-12-13,SESSAO EXTRAORDINARIA,PRESENCIAL,PT,1
131814,556,2023-12-13,SESSAO EXTRAORDINARIA,PRESENCIAL,MDB,1
131815,556,2023-12-13,SESSAO EXTRAORDINARIA,PRESENCIAL,MDB,2
131816,556,2023-12-13,SESSAO EXTRAORDINARIA,PRESENCIAL,MDB,1
131817,556,2023-12-13,SESSAO EXTRAORDINARIA,PRESENCIAL,PL,1
131818,556,2023-12-13,SESSAO EXTRAORDINARIA,PRESENCIAL,PSD,1
131819,556,2023-12-13,SESSAO EXTRAORDINARIA,PRESENCIAL,REPUBLICANOS,2
131820,556,2023-12-13,SESSAO EXTRAORDINARIA,PRESENCIAL,PSOL,1
131821,556,2023-12-13,SESSAO EXTRAORDINARIA,PRESENCIAL,PP,1
131822,556,2023-12-13,SESSAO EXTRAORDINARIA,PRESENCIAL,CIDADANIA,2
131823,556,2023-12-13,SESSAO EXTRAORDINARIA,PRESENCIAL,PT,1
131824,556,2023-12-13,SESSAO EXTRAORDINARIA,PRESENCIAL,PSD,1
131825,556,2023-12-13,SESSAO EXTRAORDINARIA,PRESENCIAL,NÃO INFORMADO,1
131826,556,2023-12-13,SESSAO EXTRAORDINARIA,PRESENCIAL,PL,1
131827,556,2023-12-13,SESSAO EXTRAORDINARIA,PRESENCIAL,PL,1
131828,556,2023-12-13,SESSAO EXTRAORDINARIA,PRESENCIAL,MDB,2
131829,557,2024-02-01,SESSAO ORDINARIA,PRESENCIAL,PT,1
131830,557,2024-02-01,SESSAO ORDINARIA,PRESENCIAL,MDB,1
131831,557,2024-02-01,SESSAO ORDINARIA,PRESENCIAL,PSB,1
131832,557,2024-02-01,SESSAO ORDINARIA,PRESENCIAL,MDB,1
131833,557,2024-02-01,SESSAO ORDINARIA,PRESENCIAL,UNIÃO,1
131834,557,2024-02-01,SESSAO ORDINARIA,PRESENCIAL,PSOL,1
131835,557,2024-02-01,SESSAO ORDINARIA,PRESENCIAL,PT,1
131836,557,2024-02-01,SESSAO ORDINARIA,PRESENCIAL,MDB,1
131837,557,2024-02-01,SESSAO ORDINARIA,PRESENCIAL,MDB,1
131838,557,2024-02-01,SESSAO ORDINARIA,PRESENCIAL,MDB,1
131839,557,2024-02-01,SESSAO ORDINARIA,PRESENCIAL,AVANTE,1
131840,557,2024-02-01,SESSAO ORDINARIA,PRESENCIAL,REPUBLICANOS,1
131841,557,2024-02-01,SESSAO ORDINARIA,PRESENCIAL,PSOL,1
131842,557,2024-02-01,SESSAO ORDINARIA,PRESENCIAL,PP,1
131843,557,2024-02-01,SESSAO ORDINARIA,PRESENCIAL,CIDADANIA,1
131844,557,2024-02-01,SESSAO ORDINARIA,PRESENCIAL,PP,1
131845,557,2024-02-01,SESSAO ORDINARIA,PRESENCIAL,PT,1
131846,557,2024-02-01,SESSAO ORDINARIA,PRESENCIAL,PSD,1
131847,557,2024-02-01,SESSAO ORDINARIA,PRESENCIAL,NÃO INFORMADO,1
131848,557,2024-02-01,SESSAO ORDINARIA,PRESENCIAL,PL,1
131849,557,2024-02-01,SESSAO ORDINARIA,PRESENCIAL,PL,1
131850,557,2024-02-01,SESSAO ORDINARIA,PRESENCIAL,MDB,1
131851,558,2024-02-01,SESSAO EXTRAORDINARIA,PRESENCIAL,PT,1
131852,558,2024-02-01,SESSAO EXTRAORDINARIA,PRESENCIAL,MDB,1
131853,558,2024-02-01,SESSAO EXTRAORDINARIA,PRESENCIAL,MDB,1
131854,558,2024-02-01,SESSAO EXTRAORDINARIA,PRESENCIAL,UNIÃO,1
131855,558,2024-02-01,SESSAO EXTRAORDINARIA,PRESENCIAL,PSOL,1
131856,558,2024-02-01,SESSAO EXTRAORDINARIA,PRESENCIAL,PT,1
131857,558,2024-02-01,SESSAO EXTRAORDINARIA,PRESENCIAL,MDB,1
131858,558,2024-02-01,SESSAO EXTRAORDINARIA,PRESENCIAL,MDB,1
131859,558,2024-02-01,SESSAO EXTRAORDINARIA,PRESENCIAL,AVANTE,1
131860,558,2024-02-01,SESSAO EXTRAORDINARIA,PRESENCIAL,REPUBLICANOS,1
131861,558,2024-02-01,SESSAO EXTRAORDINARIA,PRESENCIAL,PSOL,1
131862,558,2024-02-01,SESSAO EXTRAORDINARIA,PRESENCIAL,PP,1
131863,558,2024-02-01,SESSAO EXTRAORDINARIA,PRESENCIAL,CIDADANIA,1
131864,558,2024-02-01,SESSAO EXTRAORDINARIA,PRESENCIAL,PP,1
131865,558,2024-02-01,SESSAO EXTRAORDINARIA,PRESENCIAL,PT,1
131866,558,2024-02-01,SESSAO EXTRAORDINARIA,PRESENCIAL,PSD,1
131867,558,2024-02-01,SESSAO EXTRAORDINARIA,PRESENCIAL,NÃO INFORMADO,1
131868,558,2024-02-01,SESSAO EXTRAORDINARIA,PRESENCIAL,PL,1
131869,558,2024-02-01,SESSAO EXTRAORDINARIA,PRESENCIAL,PL,1
131870,558,2024-02-01,SESSAO EXTRAORDINARIA,PRESENCIAL,MDB,1
131871,559,2024-02-01,SESSAO EXTRAORDINARIA,PRESENCIAL,PT,1
131872,559,2024-02-01,SESSAO EXTRAORDINARIA,PRESENCIAL,MDB,1
131873,559,2024-02-01,SESSAO EXTRAORDINARIA,PRESENCIAL,PSB,1
131874,559,2024-02-01,SESSAO EXTRAORDINARIA,PRESENCIAL,MDB,1
131875,559,2024-02-01,SESSAO EXTRAORDINARIA,PRESENCIAL,UNIÃO,1
131876,559,2024-02-01,SESSAO EXTRAORDINARIA,PRESENCIAL,PSOL,1
131877,559,2024-02-01,SESSAO EXTRAORDINARIA,PRESENCIAL,PT,1
131878,559,2024-02-01,SESSAO EXTRAORDINARIA,PRESENCIAL,MDB,1
131879,559,2024-02-01,SESSAO EXTRAORDINARIA,PRESENCIAL,MDB,1
131880,559,2024-02-01,SESSAO EXTRAORDINARIA,PRESENCIAL,AVANTE,1
131881,559,2024-02-01,SESSAO EXTRAORDINARIA,PRESENCIAL,REPUBLICANOS,1
131882,559,2024-02-01,SESSAO EXTRAORDINARIA,PRESENCIAL,PSOL,1
131883,559,2024-02-01,SESSAO EXTRAORDINARIA,PRESENCIAL,PP,1
131884,559,2024-02-01,SESSAO EXTRAORDINARIA,PRESENCIAL,CIDADANIA,1
131885,559,2024-02-01,SESSAO EXTRAORDINARIA,PRESENCIAL,PP,1
131886,559,2024-02-01,SESSAO EXTRAORDINARIA,PRESENCIAL,PT,1
131887,559,2024-02-01,SESSAO EXTRAORDINARIA,PRESENCIAL,PSD,1
131888,559,2024-02-01,SESSAO EXTRAORDINARIA,PRESENCIAL,NÃO INFORMADO,1
131889,559,2024-02-01,SESSAO EXTRAORDINARIA,PRESENCIAL,PL,1
131890,559,2024-02-01,SESSAO EXTRAORDINARIA,PRESENCIAL,PL,1
131891,559,2024-02-01,SESSAO EXTRAORDINARIA,PRESENCIAL,MDB,1
131892,560,2024-02-06,SESSAO EXTRAORDINARIA,PRESENCIAL,PT,1
131893,560,2024-02-06,SESSAO EXTRAORDINARIA,PRESENCIAL,MDB,1
131894,560,2024-02-06,SESSAO EXTRAORDINARIA,PRESENCIAL,UNIÃO,1
131895,560,2024-02-06,SESSAO EXTRAORDINARIA,PRESENCIAL,PSOL,1
131896,560,2024-02-06,SESSAO EXTRAORDINARIA,PRESENCIAL,PT,1
131897,560,2024-02-06,SESSAO EXTRAORDINARIA,PRESENCIAL,MDB,1
131898,560,2024-02-06,SESSAO EXTRAORDINARIA,PRESENCIAL,MDB,1
131899,560,2024-02-06,SESSAO EXTRAORDINARIA,PRESENCIAL,MDB,1
131900,560,2024-02-06,SESSAO EXTRAORDINARIA,PRESENCIAL,AVANTE,1
131901,560,2024-02-06,SESSAO EXTRAORDINARIA,PRESENCIAL,REPUBLICANOS,1
131902,560,2024-02-06,SESSAO EXTRAORDINARIA,PRESENCIAL,PSOL,1
131903,560,2024-02-06,SESSAO EXTRAORDINARIA,PRESENCIAL,PP,1
131904,560,2024-02-06,SESSAO EXTRAORDINARIA,PRESENCIAL,CIDADANIA,1
131905,560,2024-02-06,SESSAO EXTRAORDINARIA,PRESENCIAL,PP,1
131906,560,2024-02-06,SESSAO EXTRAORDINARIA,PRESENCIAL,PT,1
131907,560,2024-02-06,SESSAO EXTRAORDINARIA,PRESENCIAL,PSD,1
131908,560,2024-02-06,SESSAO EXTRAORDINARIA,PRESENCIAL,NÃO INFORMADO,1
131909,560,2024-02-06,SESSAO EXTRAORDINARIA,PRESENCIAL,PL,1
131910,560,2024-02-06,SESSAO EXTRAORDINARIA,PRESENCIAL,PL,1
131911,560,2024-02-06,SESSAO EXTRAORDINARIA,PRESENCIAL,MDB,1
131912,561,2024-02-06,SESSAO ORDINARIA,PRESENCIAL,PT,1
131913,561,2024-02-06,SESSAO ORDINARIA,PRESENCIAL,MDB,1
131914,561,2024-02-06,SESSAO ORDINARIA,PRESENCIAL,MDB,1
131915,561,2024-02-06,SESSAO ORDINARIA,PRESENCIAL,UNIÃO,1
131916,561,2024-02-06,SESSAO ORDINARIA,PRESENCIAL,PSOL,1
131917,561,2024-02-06,SESSAO ORDINARIA,PRESENCIAL,PT,1
131918,561,2024-02-06,SESSAO ORDINARIA,PRESENCIAL,MDB,1
131919,561,2024-02-06,SESSAO ORDINARIA,PRESENCIAL,MDB,1
131920,561,2024-02-06,SESSAO ORDINARIA,PRESENCIAL,MDB,1
131921,561,2024-02-06,SESSAO ORDINARIA,PRESENCIAL,PSD,1
131922,561,2024-02-06,SESSAO ORDINARIA,PRESENCIAL,AVANTE,1
131923,561,2024-02-06,SESSAO ORDINARIA,PRESENCIAL,REPUBLICANOS,1
131924,561,2024-02-06,SESSAO ORDINARIA,PRESENCIAL,PSOL,1
131925,561,2024-02-06,SESSAO ORDINARIA,PRESENCIAL,PP,1
131926,561,2024-02-06,SESSAO ORDINARIA,PRESENCIAL,CIDADANIA,1
131927,561,2024-02-06,SESSAO ORDINARIA,PRESENCIAL,PP,1
131928,561,2024-02-06,SESSAO ORDINARIA,PRESENCIAL,PT,1
131929,561,2024-02-06,SESSAO ORDINARIA,PRESENCIAL,PSD,1
131930,561,2024-02-06,SESSAO ORDINARIA,PRESENCIAL,NÃO INFORMADO,1
131931,561,2024-02-06,SESSAO ORDINARIA,PRESENCIAL,PL,1
131932,561,2024-02-06,SESSAO ORDINARIA,PRESENCIAL,PL,1
131933,561,2024-02-06,SESSAO ORDINARIA,PRESENCIAL,MDB,1
131934,562,2024-02-07,SESSAO ORDINARIA,PRESENCIAL,PT,1
131935,562,2024-02-07,SESSAO ORDINARIA,PRESENCIAL,MDB,1
131936,562,2024-02-07,SESSAO ORDINARIA,PRESENCIAL,UNIÃO,1
131937,562,2024-02-07,SESSAO ORDINARIA,PRESENCIAL,PSOL,1
131938,562,2024-02-07,SESSAO ORDINARIA,PRESENCIAL,PT,1
131939,562,2024-02-07,SESSAO ORDINARIA,PRESENCIAL,MDB,1
131940,562,2024-02-07,SESSAO ORDINARIA,PRESENCIAL,MDB,1
131941,562,2024-02-07,SESSAO ORDINARIA,PRESENCIAL,MDB,1
131942,562,2024-02-07,SESSAO ORDINARIA,PRESENCIAL,AVANTE,1
131943,562,2024-02-07,SESSAO ORDINARIA,PRESENCIAL,REPUBLICANOS,1
131944,562,2024-02-07,SESSAO ORDINARIA,PRESENCIAL,PSOL,1
131945,562,2024-02-07,SESSAO ORDINARIA,PRESENCIAL,PP,1
131946,562,2024-02-07,SESSAO ORDINARIA,PRESENCIAL,CIDADANIA,1
131947,562,2024-02-07,SESSAO ORDINARIA,PRESENCIAL,PP,1
131948,562,2024-02-07,SESSAO ORDINARIA,PRESENCIAL,PT,1
131949,562,2024-02-07,SESSAO ORDINARIA,PRESENCIAL,PSD,1
131950,562,2024-02-07,SESSAO ORDINARIA,PRESENCIAL,NÃO INFORMADO,1
131951,562,2024-02-07,SESSAO ORDINARIA,PRESENCIAL,PL,1
131952,562,2024-02-07,SESSAO ORDINARIA,PRESENCIAL,PL,1
131953,562,2024-02-07,SESSAO ORDINARIA,PRESENCIAL,MDB,1
131954,563,2024-02-08,SESSAO ORDINARIA,PRESENCIAL,PT,1
131955,563,2024-02-08,SESSAO ORDINARIA,PRESENCIAL,PSOL,1
131956,563,2024-02-08,SESSAO ORDINARIA,PRESENCIAL,PT,1
131957,563,2024-02-08,SESSAO ORDINARIA,PRESENCIAL,AVANTE,1
131958,563,2024-02-08,SESSAO ORDINARIA,PRESENCIAL,PSOL,1
131959,563,2024-02-08,SESSAO ORDINARIA,PRESENCIAL,PP,1
131960,563,2024-02-08,SESSAO ORDINARIA,PRESENCIAL,CIDADANIA,1
131961,563,2024-02-08,SESSAO ORDINARIA,PRESENCIAL,PP,1
131962,563,2024-02-08,SESSAO ORDINARIA,PRESENCIAL,PT,1
131963,563,2024-02-08,SESSAO ORDINARIA,PRESENCIAL,NÃO INFORMADO,1
131964,564,2024-02-15,SESSAO ORDINARIA,PRESENCIAL,PSB,1
131965,564,2024-02-15,SESSAO ORDINARIA,PRESENCIAL,UNIÃO,1
131966,564,2024-02-15,SESSAO ORDINARIA,PRESENCIAL,PT,1
131967,564,2024-02-15,SESSAO ORDINARIA,PRESENCIAL,MDB,1
131968,564,2024-02-15,SESSAO ORDINARIA,PRESENCIAL,PSD,1
131969,564,2024-02-15,SESSAO ORDINARIA,PRESENCIAL,AVANTE,1
131970,564,2024-02-15,SESSAO ORDINARIA,PRESENCIAL,REPUBLICANOS,1
131971,564,2024-02-15,SESSAO ORDINARIA,PRESENCIAL,PSOL,1
131972,564,2024-02-15,SESSAO ORDINARIA,PRESENCIAL,PP,1
131973,564,2024-02-15,SESSAO ORDINARIA,PRESENCIAL,CIDADANIA,1
131974,564,2024-02-15,SESSAO ORDINARIA,PRESENCIAL,PP,1
131975,564,2024-02-15,SESSAO ORDINARIA,PRESENCIAL,PT,1
131976,564,2024-02-15,SESSAO ORDINARIA,PRESENCIAL,NÃO INFORMADO,1
131977,564,2024-02-15,SESSAO ORDINARIA,PRESENCIAL,PL,1
131978,564,2024-02-15,SESSAO ORDINARIA,PRESENCIAL,PL,1
131979,564,2024-02-15,SESSAO ORDINARIA,PRESENCIAL,MDB,1
131980,565,2024-02-20,SESSAO EXTRAORDINARIA,PRESENCIAL,PSB,1
131981,565,2024-02-20,SESSAO EXTRAORDINARIA,PRESENCIAL,MDB,1
131982,565,2024-02-20,SESSAO EXTRAORDINARIA,PRESENCIAL,UNIÃO,1
131983,565,2024-02-20,SESSAO EXTRAORDINARIA,PRESENCIAL,PSOL,1
131984,565,2024-02-20,SESSAO EXTRAORDINARIA,PRESENCIAL,PT,2
131985,565,2024-02-20,SESSAO EXTRAORDINARIA,PRESENCIAL,MDB,1
131986,565,2024-02-20,SESSAO EXTRAORDINARIA,PRESENCIAL,MDB,1
131987,565,2024-02-20,SESSAO EXTRAORDINARIA,PRESENCIAL,MDB,1
131988,565,2024-02-20,SESSAO EXTRAORDINARIA,PRESENCIAL,PL,1
131989,565,2024-02-20,SESSAO EXTRAORDINARIA,PRESENCIAL,AVANTE,1
131990,565,2024-02-20,SESSAO EXTRAORDINARIA,PRESENCIAL,REPUBLICANOS,1
131991,565,2024-02-20,SESSAO EXTRAORDINARIA,PRESENCIAL,PSOL,1
131992,565,2024-02-20,SESSAO EXTRAORDINARIA,PRESENCIAL,PP,1
131993,565,2024-02-20,SESSAO EXTRAORDINARIA,PRESENCIAL,CIDADANIA,1
131994,565,2024-02-20,SESSAO EXTRAORDINARIA,PRESENCIAL,PP,1
131995,565,2024-02-20,SESSAO EXTRAORDINARIA,PRESENCIAL,PT,1
131996,565,2024-02-20,SESSAO EXTRAORDINARIA,PRESENCIAL,PL,1
131997,565,2024-02-20,SESSAO EXTRAORDINARIA,PRESENCIAL,PL,1
131998,565,2024-02-20,SESSAO EXTRAORDINARIA,PRESENCIAL,MDB,1
131999,566,2024-02-20,SESSAO ORDINARIA,PRESENCIAL,MDB,1
132000,566,2024-02-20,SESSAO ORDINARIA,PRESENCIAL,PSB,1
132001,566,2024-02-20,SESSAO ORDINARIA,PRESENCIAL,MDB,1
132002,566,2024-02-20,SESSAO ORDINARIA,PRESENCIAL,UNIÃO,1
132003,566,2024-02-20,SESSAO ORDINARIA,PRESENCIAL,PSOL,1
132004,566,2024-02-20,SESSAO ORDINARIA,PRESENCIAL,PT,1
132005,566,2024-02-20,SESSAO ORDINARIA,PRESENCIAL,MDB,1
132006,566,2024-02-20,SESSAO ORDINARIA,PRESENCIAL,MDB,1
132007,566,2024-02-20,SESSAO ORDINARIA,PRESENCIAL,MDB,1
132008,566,2024-02-20,SESSAO ORDINARIA,PRESENCIAL,PL,1
132009,566,2024-02-20,SESSAO ORDINARIA,PRESENCIAL,AVANTE,1
132010,566,2024-02-20,SESSAO ORDINARIA,PRESENCIAL,REPUBLICANOS,1
132011,566,2024-02-20,SESSAO ORDINARIA,PRESENCIAL,PSOL,1
132012,566,2024-02-20,SESSAO ORDINARIA,PRESENCIAL,PP,1
132013,566,2024-02-20,SESSAO ORDINARIA,PRESENCIAL,CIDADANIA,1
132014,566,2024-02-20,SESSAO ORDINARIA,PRESENCIAL,PP,1
132015,566,2024-02-20,SESSAO ORDINARIA,PRESENCIAL,PT,1
132016,566,2024-02-20,SESSAO ORDINARIA,PRESENCIAL,NÃO INFORMADO,1
132017,566,2024-02-20,SESSAO ORDINARIA,PRESENCIAL,PL,1
132018,566,2024-02-20,SESSAO ORDINARIA,PRESENCIAL,PL,1
132019,566,2024-02-20,SESSAO ORDINARIA,PRESENCIAL,MDB,1
132020,567,2024-02-21,SESSAO ORDINARIA,PRESENCIAL,MDB,1
132021,567,2024-02-21,SESSAO ORDINARIA,PRESENCIAL,PSB,1
132022,567,2024-02-21,SESSAO ORDINARIA,PRESENCIAL,MDB,1
132023,567,2024-02-21,SESSAO ORDINARIA,PRESENCIAL,UNIÃO,1
132024,567,2024-02-21,SESSAO ORDINARIA,PRESENCIAL,PSOL,1
132025,567,2024-02-21,SESSAO ORDINARIA,PRESENCIAL,PT,1
132026,567,2024-02-21,SESSAO ORDINARIA,PRESENCIAL,MDB,1
132027,567,2024-02-21,SESSAO ORDINARIA,PRESENCIAL,MDB,1
132028,567,2024-02-21,SESSAO ORDINARIA,PRESENCIAL,PL,1
132029,567,2024-02-21,SESSAO ORDINARIA,PRESENCIAL,AVANTE,1
132030,567,2024-02-21,SESSAO ORDINARIA,PRESENCIAL,REPUBLICANOS,1
132031,567,2024-02-21,SESSAO ORDINARIA,PRESENCIAL,PSOL,1
132032,567,2024-02-21,SESSAO ORDINARIA,PRESENCIAL,PP,1
132033,567,2024-02-21,SESSAO ORDINARIA,PRESENCIAL,CIDADANIA,1
132034,567,2024-02-21,SESSAO ORDINARIA,PRESENCIAL,PP,1
132035,567,2024-02-21,SESSAO ORDINARIA,PRESENCIAL,PT,1
132036,567,2024-02-21,SESSAO ORDINARIA,PRESENCIAL,NÃO INFORMADO,1
132037,567,2024-02-21,SESSAO ORDINARIA,PRESENCIAL,PL,1
132038,567,2024-02-21,SESSAO ORDINARIA,PRESENCIAL,PL,1
132039,567,2024-02-21,SESSAO ORDINARIA,PRESENCIAL,MDB,1
132040,568,2024-02-22,SESSAO ORDINARIA,PRESENCIAL,PSB,1
132041,568,2024-02-22,SESSAO ORDINARIA,PRESENCIAL,MDB,1
132042,568,2024-02-22,SESSAO ORDINARIA,PRESENCIAL,UNIÃO,1
132043,568,2024-02-22,SESSAO ORDINARIA,PRESENCIAL,PSOL,1
132044,568,2024-02-22,SESSAO ORDINARIA,PRESENCIAL,PT,1
132045,568,2024-02-22,SESSAO ORDINARIA,PRESENCIAL,MDB,1
132046,568,2024-02-22,SESSAO ORDINARIA,PRESENCIAL,PL,1
132047,568,2024-02-22,SESSAO ORDINARIA,PRESENCIAL,AVANTE,1
132048,568,2024-02-22,SESSAO ORDINARIA,PRESENCIAL,REPUBLICANOS,1
132049,568,2024-02-22,SESSAO ORDINARIA,PRESENCIAL,PSOL,1
132050,568,2024-02-22,SESSAO ORDINARIA,PRESENCIAL,PP,1
132051,568,2024-02-22,SESSAO ORDINARIA,PRESENCIAL,CIDADANIA,1
132052,568,2024-02-22,SESSAO ORDINARIA,PRESENCIAL,PP,1
132053,568,2024-02-22,SESSAO ORDINARIA,PRESENCIAL,PT,1
132054,568,2024-02-22,SESSAO ORDINARIA,PRESENCIAL,NÃO INFORMADO,1
132055,568,2024-02-22,SESSAO ORDINARIA,PRESENCIAL,PL,1
132056,569,2024-02-27,SESSAO EXTRAORDINARIA,PRESENCIAL,PSB,1
132057,569,2024-02-27,SESSAO EXTRAORDINARIA,PRESENCIAL,MDB,1
132058,569,2024-02-27,SESSAO EXTRAORDINARIA,PRESENCIAL,PSOL,1
132059,569,2024-02-27,SESSAO EXTRAORDINARIA,PRESENCIAL,PT,1
132060,569,2024-02-27,SESSAO EXTRAORDINARIA,PRESENCIAL,MDB,1
132061,569,2024-02-27,SESSAO EXTRAORDINARIA,PRESENCIAL,MDB,1
132062,569,2024-02-27,SESSAO EXTRAORDINARIA,PRESENCIAL,MDB,1
132063,569,2024-02-27,SESSAO EXTRAORDINARIA,PRESENCIAL,AVANTE,1
132064,569,2024-02-27,SESSAO EXTRAORDINARIA,PRESENCIAL,REPUBLICANOS,1
132065,569,2024-02-27,SESSAO EXTRAORDINARIA,PRESENCIAL,PSOL,1
132066,569,2024-02-27,SESSAO EXTRAORDINARIA,PRESENCIAL,PP,1
132067,569,2024-02-27,SESSAO EXTRAORDINARIA,PRESENCIAL,CIDADANIA,1
132068,569,2024-02-27,SESSAO EXTRAORDINARIA,PRESENCIAL,PP,1
132069,569,2024-02-27,SESSAO EXTRAORDINARIA,PRESENCIAL,PT,1
132070,569,2024-02-27,SESSAO EXTRAORDINARIA,PRESENCIAL,PSD,1
132071,569,2024-02-27,SESSAO EXTRAORDINARIA,PRESENCIAL,NÃO INFORMADO,1
132072,569,2024-02-27,SESSAO EXTRAORDINARIA,PRESENCIAL,PL,1
132073,569,2024-02-27,SESSAO EXTRAORDINARIA,PRESENCIAL,PL,1
132074,569,2024-02-27,SESSAO EXTRAORDINARIA,PRESENCIAL,MDB,1
132075,570,2024-02-27,SESSAO ORDINARIA,PRESENCIAL,PT,1
132076,570,2024-02-27,SESSAO ORDINARIA,PRESENCIAL,MDB,1
132077,570,2024-02-27,SESSAO ORDINARIA,PRESENCIAL,PSB,1
132078,570,2024-02-27,SESSAO ORDINARIA,PRESENCIAL,MDB,1
132079,570,2024-02-27,SESSAO ORDINARIA,PRESENCIAL,UNIÃO,1
132080,570,2024-02-27,SESSAO ORDINARIA,PRESENCIAL,PSOL,1
132081,570,2024-02-27,SESSAO ORDINARIA,PRESENCIAL,PT,1
132082,570,2024-02-27,SESSAO ORDINARIA,PRESENCIAL,MDB,1
132083,570,2024-02-27,SESSAO ORDINARIA,PRESENCIAL,MDB,1
132084,570,2024-02-27,SESSAO ORDINARIA,PRESENCIAL,MDB,1
132085,570,2024-02-27,SESSAO ORDINARIA,PRESENCIAL,PL,1
132086,570,2024-02-27,SESSAO ORDINARIA,PRESENCIAL,AVANTE,1
132087,570,2024-02-27,SESSAO ORDINARIA,PRESENCIAL,REPUBLICANOS,1
132088,570,2024-02-27,SESSAO ORDINARIA,PRESENCIAL,PSOL,1
132089,570,2024-02-27,SESSAO ORDINARIA,PRESENCIAL,PP,1
132090,570,2024-02-27,SESSAO ORDINARIA,PRESENCIAL,CIDADANIA,1
132091,570,2024-02-27,SESSAO ORDINARIA,PRESENCIAL,PP,1
132092,570,2024-02-27,SESSAO ORDINARIA,PRESENCIAL,PT,1
132093,570,2024-02-27,SESSAO ORDINARIA,PRESENCIAL,PSD,1
132094,570,2024-02-27,SESSAO ORDINARIA,PRESENCIAL,NÃO INFORMADO,1
132095,570,2024-02-27,SESSAO ORDINARIA,PRESENCIAL,PL,1
132096,570,2024-02-27,SESSAO ORDINARIA,PRESENCIAL,PL,1
132097,570,2024-02-27,SESSAO ORDINARIA,PRESENCIAL,MDB,1
132098,571,2024-02-27,SESSAO EXTRAORDINARIA,PRESENCIAL,MDB,1
132099,571,2024-02-27,SESSAO EXTRAORDINARIA,PRESENCIAL,PSOL,1
132100,571,2024-02-27,SESSAO EXTRAORDINARIA,PRESENCIAL,PT,1
132101,571,2024-02-27,SESSAO EXTRAORDINARIA,PRESENCIAL,MDB,1
132102,571,2024-02-27,SESSAO EXTRAORDINARIA,PRESENCIAL,MDB,1
132103,571,2024-02-27,SESSAO EXTRAORDINARIA,PRESENCIAL,MDB,1
132104,571,2024-02-27,SESSAO EXTRAORDINARIA,PRESENCIAL,AVANTE,1
132105,571,2024-02-27,SESSAO EXTRAORDINARIA,PRESENCIAL,REPUBLICANOS,1
132106,571,2024-02-27,SESSAO EXTRAORDINARIA,PRESENCIAL,PSOL,1
132107,571,2024-02-27,SESSAO EXTRAORDINARIA,PRESENCIAL,PP,1
132108,571,2024-02-27,SESSAO EXTRAORDINARIA,PRESENCIAL,PP,1
132109,571,2024-02-27,SESSAO EXTRAORDINARIA,PRESENCIAL,PT,1
132110,571,2024-02-27,SESSAO EXTRAORDINARIA,PRESENCIAL,PSD,1
132111,571,2024-02-27,SESSAO EXTRAORDINARIA,PRESENCIAL,NÃO INFORMADO,1
132112,571,2024-02-27,SESSAO EXTRAORDINARIA,PRESENCIAL,PL,1
132113,571,2024-02-27,SESSAO EXTRAORDINARIA,PRESENCIAL,PL,1
132114,571,2024-02-27,SESSAO EXTRAORDINARIA,PRESENCIAL,MDB,1
132115,572,2024-02-27,SESSAO EXTRAORDINARIA,PRESENCIAL,MDB,1
132116,572,2024-02-27,SESSAO EXTRAORDINARIA,PRESENCIAL,PSOL,1
132117,572,2024-02-27,SESSAO EXTRAORDINARIA,PRESENCIAL,PT,1
132118,572,2024-02-27,SESSAO EXTRAORDINARIA,PRESENCIAL,MDB,1
132119,572,2024-02-27,SESSAO EXTRAORDINARIA,PRESENCIAL,MDB,1
132120,572,2024-02-27,SESSAO EXTRAORDINARIA,PRESENCIAL,AVANTE,1
132121,572,2024-02-27,SESSAO EXTRAORDINARIA,PRESENCIAL,REPUBLICANOS,1
132122,572,2024-02-27,SESSAO EXTRAORDINARIA,PRESENCIAL,PSOL,1
132123,572,2024-02-27,SESSAO EXTRAORDINARIA,PRESENCIAL,PP,1
132124,572,2024-02-27,SESSAO EXTRAORDINARIA,PRESENCIAL,PP,1
132125,572,2024-02-27,SESSAO EXTRAORDINARIA,PRESENCIAL,PT,1
132126,572,2024-02-27,SESSAO EXTRAORDINARIA,PRESENCIAL,PSD,1
132127,572,2024-02-27,SESSAO EXTRAORDINARIA,PRESENCIAL,NÃO INFORMADO,1
132128,572,2024-02-27,SESSAO EXTRAORDINARIA,PRESENCIAL,PL,1
132129,572,2024-02-27,SESSAO EXTRAORDINARIA,PRESENCIAL,PL,1
132130,572,2024-02-27,SESSAO EXTRAORDINARIA,PRESENCIAL,MDB,1
132131,573,2024-02-28,SESSAO ORDINARIA,PRESENCIAL,PT,1
132132,573,2024-02-28,SESSAO ORDINARIA,PRESENCIAL,MDB,1
132133,573,2024-02-28,SESSAO ORDINARIA,PRESENCIAL,MDB,1
132134,573,2024-02-28,SESSAO ORDINARIA,PRESENCIAL,UNIÃO,1
132135,573,2024-02-28,SESSAO ORDINARIA,PRESENCIAL,PSOL,1
132136,573,2024-02-28,SESSAO ORDINARIA,PRESENCIAL,PT,1
132137,573,2024-02-28,SESSAO ORDINARIA,PRESENCIAL,MDB,1
132138,573,2024-02-28,SESSAO ORDINARIA,PRESENCIAL,MDB,1
132139,573,2024-02-28,SESSAO ORDINARIA,PRESENCIAL,MDB,1
132140,573,2024-02-28,SESSAO ORDINARIA,PRESENCIAL,PL,1
132141,573,2024-02-28,SESSAO ORDINARIA,PRESENCIAL,AVANTE,1
132142,573,2024-02-28,SESSAO ORDINARIA,PRESENCIAL,REPUBLICANOS,1
132143,573,2024-02-28,SESSAO ORDINARIA,PRESENCIAL,PSOL,1
132144,573,2024-02-28,SESSAO ORDINARIA,PRESENCIAL,PP,1
132145,573,2024-02-28,SESSAO ORDINARIA,PRESENCIAL,CIDADANIA,1
132146,573,2024-02-28,SESSAO ORDINARIA,PRESENCIAL,PT,1
132147,573,2024-02-28,SESSAO ORDINARIA,PRESENCIAL,PSD,1
132148,573,2024-02-28,SESSAO ORDINARIA,PRESENCIAL,NÃO INFORMADO,1
132149,573,2024-02-28,SESSAO ORDINARIA,PRESENCIAL,PL,1
132150,573,2024-02-28,SESSAO ORDINARIA,PRESENCIAL,PL,1
132151,574,2024-02-29,SESSAO ORDINARIA,PRESENCIAL,PT,1
132152,574,2024-02-29,SESSAO ORDINARIA,PRESENCIAL,UNIÃO,1
132153,574,2024-02-29,SESSAO ORDINARIA,PRESENCIAL,PSOL,1
132154,574,2024-02-29,SESSAO ORDINARIA,PRESENCIAL,PT,1
132155,574,2024-02-29,SESSAO ORDINARIA,PRESENCIAL,AVANTE,1
132156,574,2024-02-29,SESSAO ORDINARIA,PRESENCIAL,PSOL,1
132157,574,2024-02-29,SESSAO ORDINARIA,PRESENCIAL,CIDADANIA,1
132158,574,2024-02-29,SESSAO ORDINARIA,PRESENCIAL,PSD,1
132159,574,2024-02-29,SESSAO ORDINARIA,PRESENCIAL,NÃO INFORMADO,1
132160,574,2024-02-29,SESSAO ORDINARIA,PRESENCIAL,PL,1
132161,575,2024-03-05,SESSAO EXTRAORDINARIA,PRESENCIAL,PT,1
132162,575,2024-03-05,SESSAO EXTRAORDINARIA,PRESENCIAL,MDB,1
132163,575,2024-03-05,SESSAO EXTRAORDINARIA,PRESENCIAL,PSB,1
132164,575,2024-03-05,SESSAO EXTRAORDINARIA,PRESENCIAL,MDB,1
132165,575,2024-03-05,SESSAO EXTRAORDINARIA,PRESENCIAL,UNIÃO,1
132166,575,2024-03-05,SESSAO EXTRAORDINARIA,PRESENCIAL,PSOL,1
132167,575,2024-03-05,SESSAO EXTRAORDINARIA,PRESENCIAL,MDB,1
132168,575,2024-03-05,SESSAO EXTRAORDINARIA,PRESENCIAL,MDB,1
132169,575,2024-03-05,SESSAO EXTRAORDINARIA,PRESENCIAL,MDB,1
132170,575,2024-03-05,SESSAO EXTRAORDINARIA,PRESENCIAL,PL,1
132171,575,2024-03-05,SESSAO EXTRAORDINARIA,PRESENCIAL,AVANTE,1
132172,575,2024-03-05,SESSAO EXTRAORDINARIA,PRESENCIAL,REPUBLICANOS,1
132173,575,2024-03-05,SESSAO EXTRAORDINARIA,PRESENCIAL,PSOL,1
132174,575,2024-03-05,SESSAO EXTRAORDINARIA,PRESENCIAL,PP,1
132175,575,2024-03-05,SESSAO EXTRAORDINARIA,PRESENCIAL,PP,1
132176,575,2024-03-05,SESSAO EXTRAORDINARIA,PRESENCIAL,PT,1
132177,575,2024-03-05,SESSAO EXTRAORDINARIA,PRESENCIAL,NÃO INFORMADO,1
132178,575,2024-03-05,SESSAO EXTRAORDINARIA,PRESENCIAL,PL,1
132179,575,2024-03-05,SESSAO EXTRAORDINARIA,PRESENCIAL,PL,1
132180,575,2024-03-05,SESSAO EXTRAORDINARIA,PRESENCIAL,MDB,1
132181,576,2024-03-05,SESSAO ORDINARIA,PRESENCIAL,PT,1
132182,576,2024-03-05,SESSAO ORDINARIA,PRESENCIAL,MDB,1
132183,576,2024-03-05,SESSAO ORDINARIA,PRESENCIAL,PSB,1
132184,576,2024-03-05,SESSAO ORDINARIA,PRESENCIAL,MDB,1
132185,576,2024-03-05,SESSAO ORDINARIA,PRESENCIAL,UNIÃO,1
132186,576,2024-03-05,SESSAO ORDINARIA,PRESENCIAL,PSOL,1
132187,576,2024-03-05,SESSAO ORDINARIA,PRESENCIAL,MDB,1
132188,576,2024-03-05,SESSAO ORDINARIA,PRESENCIAL,MDB,1
132189,576,2024-03-05,SESSAO ORDINARIA,PRESENCIAL,MDB,1
132190,576,2024-03-05,SESSAO ORDINARIA,PRESENCIAL,PL,1
132191,576,2024-03-05,SESSAO ORDINARIA,PRESENCIAL,AVANTE,1
132192,576,2024-03-05,SESSAO ORDINARIA,PRESENCIAL,REPUBLICANOS,1
132193,576,2024-03-05,SESSAO ORDINARIA,PRESENCIAL,PSOL,1
132194,576,2024-03-05,SESSAO ORDINARIA,PRESENCIAL,PP,1
132195,576,2024-03-05,SESSAO ORDINARIA,PRESENCIAL,CIDADANIA,1
132196,576,2024-03-05,SESSAO ORDINARIA,PRESENCIAL,PP,1
132197,576,2024-03-05,SESSAO ORDINARIA,PRESENCIAL,PT,1
132198,576,2024-03-05,SESSAO ORDINARIA,PRESENCIAL,PSD,1
132199,576,2024-03-05,SESSAO ORDINARIA,PRESENCIAL,NÃO INFORMADO,1
132200,576,2024-03-05,SESSAO ORDINARIA,PRESENCIAL,PL,1
132201,576,2024-03-05,SESSAO ORDINARIA,PRESENCIAL,PL,1
132202,576,2024-03-05,SESSAO ORDINARIA,PRESENCIAL,MDB,1
132203,577,2024-03-06,SESSAO ORDINARIA,PRESENCIAL,PT,1
132204,577,2024-03-06,SESSAO ORDINARIA,PRESENCIAL,PSB,1
132205,577,2024-03-06,SESSAO ORDINARIA,PRESENCIAL,MDB,1
132206,577,2024-03-06,SESSAO ORDINARIA,PRESENCIAL,PSOL,1
132207,577,2024-03-06,SESSAO ORDINARIA,PRESENCIAL,MDB,1
132208,577,2024-03-06,SESSAO ORDINARIA,PRESENCIAL,PL,1
132209,577,2024-03-06,SESSAO ORDINARIA,PRESENCIAL,AVANTE,1
132210,577,2024-03-06,SESSAO ORDINARIA,PRESENCIAL,REPUBLICANOS,1
132211,577,2024-03-06,SESSAO ORDINARIA,PRESENCIAL,PSOL,1
132212,577,2024-03-06,SESSAO ORDINARIA,PRESENCIAL,PP,1
132213,577,2024-03-06,SESSAO ORDINARIA,PRESENCIAL,PSD,1
132214,577,2024-03-06,SESSAO ORDINARIA,PRESENCIAL,PL,1
132215,577,2024-03-06,SESSAO ORDINARIA,PRESENCIAL,PL,1
132216,578,2024-03-07,SESSAO ORDINARIA,PRESENCIAL,PT,1
132217,578,2024-03-07,SESSAO ORDINARIA,PRESENCIAL,MDB,1
132218,578,2024-03-07,SESSAO ORDINARIA,PRESENCIAL,UNIÃO,1
132219,578,2024-03-07,SESSAO ORDINARIA,PRESENCIAL,PSOL,1
132220,578,2024-03-07,SESSAO ORDINARIA,PRESENCIAL,PT,1
132221,578,2024-03-07,SESSAO ORDINARIA,PRESENCIAL,PL,1
132222,578,2024-03-07,SESSAO ORDINARIA,PRESENCIAL,PSOL,1
132223,578,2024-03-07,SESSAO ORDINARIA,PRESENCIAL,PP,1
132224,578,2024-03-07,SESSAO ORDINARIA,PRESENCIAL,PP,1
132225,578,2024-03-07,SESSAO ORDINARIA,PRESENCIAL,PSD,1
132226,578,2024-03-07,SESSAO ORDINARIA,PRESENCIAL,NÃO INFORMADO,1
132227,578,2024-03-07,SESSAO ORDINARIA,PRESENCIAL,MDB,1
132228,579,2024-03-13,SESSAO ORDINARIA,PRESENCIAL,PT,1
132229,579,2024-03-13,SESSAO ORDINARIA,PRESENCIAL,MDB,1
132230,579,2024-03-13,SESSAO ORDINARIA,PRESENCIAL,PSB,1
132231,579,2024-03-13,SESSAO ORDINARIA,PRESENCIAL,MDB,1
132232,579,2024-03-13,SESSAO ORDINARIA,PRESENCIAL,UNIÃO,1
132233,579,2024-03-13,SESSAO ORDINARIA,PRESENCIAL,PSOL,1
132234,579,2024-03-13,SESSAO ORDINARIA,PRESENCIAL,PT,1
132235,579,2024-03-13,SESSAO ORDINARIA,PRESENCIAL,MDB,1
132236,579,2024-03-13,SESSAO ORDINARIA,PRESENCIAL,MDB,1
132237,579,2024-03-13,SESSAO ORDINARIA,PRESENCIAL,MDB,1
132238,579,2024-03-13,SESSAO ORDINARIA,PRESENCIAL,PL,1
132239,579,2024-03-13,SESSAO ORDINARIA,PRESENCIAL,AVANTE,1
132240,579,2024-03-13,SESSAO ORDINARIA,PRESENCIAL,REPUBLICANOS,1
132241,579,2024-03-13,SESSAO ORDINARIA,PRESENCIAL,PSOL,1
132242,579,2024-03-13,SESSAO ORDINARIA,PRESENCIAL,PP,1
132243,579,2024-03-13,SESSAO ORDINARIA,PRESENCIAL,PP,1
132244,579,2024-03-13,SESSAO ORDINARIA,PRESENCIAL,PT,1
132245,579,2024-03-13,SESSAO ORDINARIA,PRESENCIAL,PSD,1
132246,579,2024-03-13,SESSAO ORDINARIA,PRESENCIAL,NÃO INFORMADO,1
132247,579,2024-03-13,SESSAO ORDINARIA,PRESENCIAL,PL,1
132248,579,2024-03-13,SESSAO ORDINARIA,PRESENCIAL,MDB,1
132249,580,2024-03-14,SESSAO ORDINARIA,PRESENCIAL,PT,1
132250,580,2024-03-14,SESSAO ORDINARIA,PRESENCIAL,PSB,1
132251,580,2024-03-14,SESSAO ORDINARIA,PRESENCIAL,MDB,1
132252,580,2024-03-14,SESSAO ORDINARIA,PRESENCIAL,UNIÃO,1
132253,580,2024-03-14,SESSAO ORDINARIA,PRESENCIAL,PSOL,1
132254,580,2024-03-14,SESSAO ORDINARIA,PRESENCIAL,PT,1
132255,580,2024-03-14,SESSAO ORDINARIA,PRESENCIAL,PL,1
132256,580,2024-03-14,SESSAO ORDINARIA,PRESENCIAL,AVANTE,1
132257,580,2024-03-14,SESSAO ORDINARIA,PRESENCIAL,PSOL,1
132258,580,2024-03-14,SESSAO ORDINARIA,PRESENCIAL,PP,1
132259,580,2024-03-14,SESSAO ORDINARIA,PRESENCIAL,PP,1
132260,580,2024-03-14,SESSAO ORDINARIA,PRESENCIAL,PT,1
132261,580,2024-03-14,SESSAO ORDINARIA,PRESENCIAL,PSD,1
132262,580,2024-03-14,SESSAO ORDINARIA,PRESENCIAL,NÃO INFORMADO,1
132263,580,2024-03-14,SESSAO ORDINARIA,PRESENCIAL,PL,1
132264,581,2024-03-19,SESSAO EXTRAORDINARIA,PRESENCIAL,PT,1
132265,581,2024-03-19,SESSAO EXTRAORDINARIA,PRESENCIAL,PSB,1
132266,581,2024-03-19,SESSAO EXTRAORDINARIA,PRESENCIAL,MDB,1
132267,581,2024-03-19,SESSAO EXTRAORDINARIA,PRESENCIAL,UNIÃO,1
132268,581,2024-03-19,SESSAO EXTRAORDINARIA,PRESENCIAL,PSOL,1
132269,581,2024-03-19,SESSAO EXTRAORDINARIA,PRESENCIAL,PT,1
132270,581,2024-03-19,SESSAO EXTRAORDINARIA,PRESENCIAL,MDB,1
132271,581,2024-03-19,SESSAO EXTRAORDINARIA,PRESENCIAL,MDB,1
132272,581,2024-03-19,SESSAO EXTRAORDINARIA,PRESENCIAL,MDB,1
132273,581,2024-03-19,SESSAO EXTRAORDINARIA,PRESENCIAL,PL,1
132274,581,2024-03-19,SESSAO EXTRAORDINARIA,PRESENCIAL,PSD,1
132275,581,2024-03-19,SESSAO EXTRAORDINARIA,PRESENCIAL,AVANTE,1
132276,581,2024-03-19,SESSAO EXTRAORDINARIA,PRESENCIAL,REPUBLICANOS,1
132277,581,2024-03-19,SESSAO EXTRAORDINARIA,PRESENCIAL,PSOL,1
132278,581,2024-03-19,SESSAO EXTRAORDINARIA,PRESENCIAL,PP,1
132279,581,2024-03-19,SESSAO EXTRAORDINARIA,PRESENCIAL,PP,1
132280,581,2024-03-19,SESSAO EXTRAORDINARIA,PRESENCIAL,PT,1
132281,581,2024-03-19,SESSAO EXTRAORDINARIA,PRESENCIAL,PSD,1
132282,581,2024-03-19,SESSAO EXTRAORDINARIA,PRESENCIAL,NÃO INFORMADO,1
132283,581,2024-03-19,SESSAO EXTRAORDINARIA,PRESENCIAL,PL,1
132284,581,2024-03-19,SESSAO EXTRAORDINARIA,PRESENCIAL,PL,1
132285,581,2024-03-19,SESSAO EXTRAORDINARIA,PRESENCIAL,MDB,1
132286,582,2024-03-19,SESSAO ORDINARIA,PRESENCIAL,PT,1
132287,582,2024-03-19,SESSAO ORDINARIA,PRESENCIAL,PSB,1
132288,582,2024-03-19,SESSAO ORDINARIA,PRESENCIAL,MDB,1
132289,582,2024-03-19,SESSAO ORDINARIA,PRESENCIAL,UNIÃO,1
132290,582,2024-03-19,SESSAO ORDINARIA,PRESENCIAL,PSOL,1
132291,582,2024-03-19,SESSAO ORDINARIA,PRESENCIAL,PT,1
132292,582,2024-03-19,SESSAO ORDINARIA,PRESENCIAL,MDB,1
132293,582,2024-03-19,SESSAO ORDINARIA,PRESENCIAL,MDB,1
132294,582,2024-03-19,SESSAO ORDINARIA,PRESENCIAL,PL,1
132295,582,2024-03-19,SESSAO ORDINARIA,PRESENCIAL,PSD,1
132296,582,2024-03-19,SESSAO ORDINARIA,PRESENCIAL,AVANTE,1
132297,582,2024-03-19,SESSAO ORDINARIA,PRESENCIAL,REPUBLICANOS,1
132298,582,2024-03-19,SESSAO ORDINARIA,PRESENCIAL,PSOL,1
132299,582,2024-03-19,SESSAO ORDINARIA,PRESENCIAL,PP,1
132300,582,2024-03-19,SESSAO ORDINARIA,PRESENCIAL,PP,1
132301,582,2024-03-19,SESSAO ORDINARIA,PRESENCIAL,PT,1
132302,582,2024-03-19,SESSAO ORDINARIA,PRESENCIAL,PSD,1
132303,582,2024-03-19,SESSAO ORDINARIA,PRESENCIAL,PL,1
132304,582,2024-03-19,SESSAO ORDINARIA,PRESENCIAL,PL,1
132305,582,2024-03-19,SESSAO ORDINARIA,PRESENCIAL,MDB,1
132306,583,2024-03-20,SESSAO ORDINARIA,PRESENCIAL,PT,1
132307,583,2024-03-20,SESSAO ORDINARIA,PRESENCIAL,PSB,1
132308,583,2024-03-20,SESSAO ORDINARIA,PRESENCIAL,MDB,1
132309,583,2024-03-20,SESSAO ORDINARIA,PRESENCIAL,PSOL,1
132310,583,2024-03-20,SESSAO ORDINARIA,PRESENCIAL,PT,1
132311,583,2024-03-20,SESSAO ORDINARIA,PRESENCIAL,MDB,1
132312,583,2024-03-20,SESSAO ORDINARIA,PRESENCIAL,MDB,1
132313,583,2024-03-20,SESSAO ORDINARIA,PRESENCIAL,PL,1
132314,583,2024-03-20,SESSAO ORDINARIA,PRESENCIAL,PSD,1
132315,583,2024-03-20,SESSAO ORDINARIA,PRESENCIAL,AVANTE,1
132316,583,2024-03-20,SESSAO ORDINARIA,PRESENCIAL,REPUBLICANOS,1
132317,583,2024-03-20,SESSAO ORDINARIA,PRESENCIAL,PSOL,1
132318,583,2024-03-20,SESSAO ORDINARIA,PRESENCIAL,PP,1
132319,583,2024-03-20,SESSAO ORDINARIA,PRESENCIAL,PP,1
132320,583,2024-03-20,SESSAO ORDINARIA,PRESENCIAL,PT,1
132321,583,2024-03-20,SESSAO ORDINARIA,PRESENCIAL,PSD,1
132322,583,2024-03-20,SESSAO ORDINARIA,PRESENCIAL,NÃO INFORMADO,1
132323,583,2024-03-20,SESSAO ORDINARIA,PRESENCIAL,PL,1
132324,583,2024-03-20,SESSAO ORDINARIA,PRESENCIAL,PL,1
132325,583,2024-03-20,SESSAO ORDINARIA,PRESENCIAL,MDB,1
132326,584,2024-03-21,SESSAO ORDINARIA,PRESENCIAL,PT,1
132327,584,2024-03-21,SESSAO ORDINARIA,PRESENCIAL,MDB,1
132328,584,2024-03-21,SESSAO ORDINARIA,PRESENCIAL,PSOL,1
132329,584,2024-03-21,SESSAO ORDINARIA,PRESENCIAL,PT,1
132330,584,2024-03-21,SESSAO ORDINARIA,PRESENCIAL,PL,1
132331,584,2024-03-21,SESSAO ORDINARIA,PRESENCIAL,PSD,1
132332,584,2024-03-21,SESSAO ORDINARIA,PRESENCIAL,REPUBLICANOS,1
132333,584,2024-03-21,SESSAO ORDINARIA,PRESENCIAL,PSOL,1
132334,584,2024-03-21,SESSAO ORDINARIA,PRESENCIAL,CIDADANIA,1
132335,584,2024-03-21,SESSAO ORDINARIA,PRESENCIAL,PP,1
132336,584,2024-03-21,SESSAO ORDINARIA,PRESENCIAL,PT,1
132337,584,2024-03-21,SESSAO ORDINARIA,PRESENCIAL,PSD,1
132338,585,2024-03-26,SESSAO EXTRAORDINARIA,PRESENCIAL,MDB,1
132339,585,2024-03-26,SESSAO EXTRAORDINARIA,PRESENCIAL,PSB,1
132340,585,2024-03-26,SESSAO EXTRAORDINARIA,PRESENCIAL,MDB,1
132341,585,2024-03-26,SESSAO EXTRAORDINARIA,PRESENCIAL,UNIÃO,1
132342,585,2024-03-26,SESSAO EXTRAORDINARIA,PRESENCIAL,PSOL,1
132343,585,2024-03-26,SESSAO EXTRAORDINARIA,PRESENCIAL,PT,1
132344,585,2024-03-26,SESSAO EXTRAORDINARIA,PRESENCIAL,MDB,1
132345,585,2024-03-26,SESSAO EXTRAORDINARIA,PRESENCIAL,MDB,1
132346,585,2024-03-26,SESSAO EXTRAORDINARIA,PRESENCIAL,REPUBLICANOS,1
132347,585,2024-03-26,SESSAO EXTRAORDINARIA,PRESENCIAL,PSOL,1
132348,585,2024-03-26,SESSAO EXTRAORDINARIA,PRESENCIAL,PP,1
132349,585,2024-03-26,SESSAO EXTRAORDINARIA,PRESENCIAL,PP,1
132350,585,2024-03-26,SESSAO EXTRAORDINARIA,PRESENCIAL,PSD,1
132351,585,2024-03-26,SESSAO EXTRAORDINARIA,PRESENCIAL,NÃO INFORMADO,1
132352,585,2024-03-26,SESSAO EXTRAORDINARIA,PRESENCIAL,PL,1
132353,585,2024-03-26,SESSAO EXTRAORDINARIA,PRESENCIAL,PL,1
132354,586,2024-03-26,SESSAO ORDINARIA,PRESENCIAL,PT,1
132355,586,2024-03-26,SESSAO ORDINARIA,PRESENCIAL,MDB,1
132356,586,2024-03-26,SESSAO ORDINARIA,PRESENCIAL,PSB,1
132357,586,2024-03-26,SESSAO ORDINARIA,PRESENCIAL,MDB,1
132358,586,2024-03-26,SESSAO ORDINARIA,PRESENCIAL,UNIÃO,1
132359,586,2024-03-26,SESSAO ORDINARIA,PRESENCIAL,PSOL,1
132360,586,2024-03-26,SESSAO ORDINARIA,PRESENCIAL,PT,1
132361,586,2024-03-26,SESSAO ORDINARIA,PRESENCIAL,MDB,1
132362,586,2024-03-26,SESSAO ORDINARIA,PRESENCIAL,MDB,1
132363,586,2024-03-26,SESSAO ORDINARIA,PRESENCIAL,MDB,1
132364,586,2024-03-26,SESSAO ORDINARIA,PRESENCIAL,PL,1
132365,586,2024-03-26,SESSAO ORDINARIA,PRESENCIAL,PSD,1
132366,586,2024-03-26,SESSAO ORDINARIA,PRESENCIAL,REPUBLICANOS,1
132367,586,2024-03-26,SESSAO ORDINARIA,PRESENCIAL,PSOL,1
132368,586,2024-03-26,SESSAO ORDINARIA,PRESENCIAL,PP,1
132369,586,2024-03-26,SESSAO ORDINARIA,PRESENCIAL,PP,1
132370,586,2024-03-26,SESSAO ORDINARIA,PRESENCIAL,PT,1
132371,586,2024-03-26,SESSAO ORDINARIA,PRESENCIAL,PSD,1
132372,586,2024-03-26,SESSAO ORDINARIA,PRESENCIAL,NÃO INFORMADO,1
132373,586,2024-03-26,SESSAO ORDINARIA,PRESENCIAL,PL,1
132374,586,2024-03-26,SESSAO ORDINARIA,PRESENCIAL,PL,1
132375,586,2024-03-26,SESSAO ORDINARIA,PRESENCIAL,MDB,1
132376,587,2024-03-27,SESSAO ORDINARIA,PRESENCIAL,PT,1
132377,587,2024-03-27,SESSAO ORDINARIA,PRESENCIAL,MDB,1
132378,587,2024-03-27,SESSAO ORDINARIA,PRESENCIAL,PSB,1
132379,587,2024-03-27,SESSAO ORDINARIA,PRESENCIAL,MDB,1
132380,587,2024-03-27,SESSAO ORDINARIA,PRESENCIAL,PSOL,1
132381,587,2024-03-27,SESSAO ORDINARIA,PRESENCIAL,PT,1
132382,587,2024-03-27,SESSAO ORDINARIA,PRESENCIAL,MDB,1
132383,587,2024-03-27,SESSAO ORDINARIA,PRESENCIAL,MDB,1
132384,587,2024-03-27,SESSAO ORDINARIA,PRESENCIAL,MDB,1
132385,587,2024-03-27,SESSAO ORDINARIA,PRESENCIAL,PL,1
132386,587,2024-03-27,SESSAO ORDINARIA,PRESENCIAL,AVANTE,1
132387,587,2024-03-27,SESSAO ORDINARIA,PRESENCIAL,REPUBLICANOS,1
132388,587,2024-03-27,SESSAO ORDINARIA,PRESENCIAL,PSOL,1
132389,587,2024-03-27,SESSAO ORDINARIA,PRESENCIAL,PP,1
132390,587,2024-03-27,SESSAO ORDINARIA,PRESENCIAL,PP,1
132391,587,2024-03-27,SESSAO ORDINARIA,PRESENCIAL,PT,1
132392,587,2024-03-27,SESSAO ORDINARIA,PRESENCIAL,PSD,1
132393,587,2024-03-27,SESSAO ORDINARIA,PRESENCIAL,NÃO INFORMADO,1
132394,587,2024-03-27,SESSAO ORDINARIA,PRESENCIAL,PL,1
132395,587,2024-03-27,SESSAO ORDINARIA,PRESENCIAL,PL,1
132396,588,2024-04-02,SESSAO EXTRAORDINARIA,PRESENCIAL,PT,1
132397,588,2024-04-02,SESSAO EXTRAORDINARIA,PRESENCIAL,MDB,1
132398,588,2024-04-02,SESSAO EXTRAORDINARIA,PRESENCIAL,PSB,1
132399,588,2024-04-02,SESSAO EXTRAORDINARIA,PRESENCIAL,MDB,1
132400,588,2024-04-02,SESSAO EXTRAORDINARIA,PRESENCIAL,UNIÃO,1
132401,588,2024-04-02,SESSAO EXTRAORDINARIA,PRESENCIAL,PSOL,1
132402,588,2024-04-02,SESSAO EXTRAORDINARIA,PRESENCIAL,PT,1
132403,588,2024-04-02,SESSAO EXTRAORDINARIA,PRESENCIAL,MDB,1
132404,588,2024-04-02,SESSAO EXTRAORDINARIA,PRESENCIAL,MDB,1
132405,588,2024-04-02,SESSAO EXTRAORDINARIA,PRESENCIAL,MDB,1
132406,588,2024-04-02,SESSAO EXTRAORDINARIA,PRESENCIAL,PL,1
132407,588,2024-04-02,SESSAO EXTRAORDINARIA,PRESENCIAL,PSD,1
132408,588,2024-04-02,SESSAO EXTRAORDINARIA,PRESENCIAL,AVANTE,1
132409,588,2024-04-02,SESSAO EXTRAORDINARIA,PRESENCIAL,REPUBLICANOS,1
132410,588,2024-04-02,SESSAO EXTRAORDINARIA,PRESENCIAL,PSOL,1
132411,588,2024-04-02,SESSAO EXTRAORDINARIA,PRESENCIAL,PP,1
132412,588,2024-04-02,SESSAO EXTRAORDINARIA,PRESENCIAL,CIDADANIA,1
132413,588,2024-04-02,SESSAO EXTRAORDINARIA,PRESENCIAL,PP,1
132414,588,2024-04-02,SESSAO EXTRAORDINARIA,PRESENCIAL,PT,1
132415,588,2024-04-02,SESSAO EXTRAORDINARIA,PRESENCIAL,PSD,1
132416,588,2024-04-02,SESSAO EXTRAORDINARIA,PRESENCIAL,NÃO INFORMADO,1
132417,588,2024-04-02,SESSAO EXTRAORDINARIA,PRESENCIAL,PL,1
132418,588,2024-04-02,SESSAO EXTRAORDINARIA,PRESENCIAL,PL,1
132419,588,2024-04-02,SESSAO EXTRAORDINARIA,PRESENCIAL,MDB,1
132420,589,2024-04-02,SESSAO ORDINARIA,PRESENCIAL,PT,1
132421,589,2024-04-02,SESSAO ORDINARIA,PRESENCIAL,MDB,1
132422,589,2024-04-02,SESSAO ORDINARIA,PRESENCIAL,PSB,1
132423,589,2024-04-02,SESSAO ORDINARIA,PRESENCIAL,MDB,1
132424,589,2024-04-02,SESSAO ORDINARIA,PRESENCIAL,UNIÃO,1
132425,589,2024-04-02,SESSAO ORDINARIA,PRESENCIAL,PSOL,1
132426,589,2024-04-02,SESSAO ORDINARIA,PRESENCIAL,PT,1
132427,589,2024-04-02,SESSAO ORDINARIA,PRESENCIAL,MDB,1
132428,589,2024-04-02,SESSAO ORDINARIA,PRESENCIAL,MDB,1
132429,589,2024-04-02,SESSAO ORDINARIA,PRESENCIAL,MDB,1
132430,589,2024-04-02,SESSAO ORDINARIA,PRESENCIAL,PL,1
132431,589,2024-04-02,SESSAO ORDINARIA,PRESENCIAL,PSD,1
132432,589,2024-04-02,SESSAO ORDINARIA,PRESENCIAL,AVANTE,1
132433,589,2024-04-02,SESSAO ORDINARIA,PRESENCIAL,REPUBLICANOS,1
132434,589,2024-04-02,SESSAO ORDINARIA,PRESENCIAL,PSOL,1
132435,589,2024-04-02,SESSAO ORDINARIA,PRESENCIAL,PP,1
132436,589,2024-04-02,SESSAO ORDINARIA,PRESENCIAL,CIDADANIA,1
132437,589,2024-04-02,SESSAO ORDINARIA,PRESENCIAL,PP,1
132438,589,2024-04-02,SESSAO ORDINARIA,PRESENCIAL,PT,1
132439,589,2024-04-02,SESSAO ORDINARIA,PRESENCIAL,PSD,1
132440,589,2024-04-02,SESSAO ORDINARIA,PRESENCIAL,NÃO INFORMADO,1
132441,589,2024-04-02,SESSAO ORDINARIA,PRESENCIAL,PL,1
132442,589,2024-04-02,SESSAO ORDINARIA,PRESENCIAL,PL,1
132443,589,2024-04-02,SESSAO ORDINARIA,PRESENCIAL,MDB,1
132444,590,2024-04-03,SESSAO ORDINARIA,PRESENCIAL,PT,1
132445,590,2024-04-03,SESSAO ORDINARIA,PRESENCIAL,PSB,1
132446,590,2024-04-03,SESSAO ORDINARIA,PRESENCIAL,MDB,1
132447,590,2024-04-03,SESSAO ORDINARIA,PRESENCIAL,UNIÃO,1
132448,590,2024-04-03,SESSAO ORDINARIA,PRESENCIAL,PSOL,1
132449,590,2024-04-03,SESSAO ORDINARIA,PRESENCIAL,PT,1
132450,590,2024-04-03,SESSAO ORDINARIA,PRESENCIAL,MDB,1
132451,590,2024-04-03,SESSAO ORDINARIA,PRESENCIAL,MDB,1
132452,590,2024-04-03,SESSAO ORDINARIA,PRESENCIAL,MDB,1
132453,590,2024-04-03,SESSAO ORDINARIA,PRESENCIAL,PL,1
132454,590,2024-04-03,SESSAO ORDINARIA,PRESENCIAL,PSD,1
132455,590,2024-04-03,SESSAO ORDINARIA,PRESENCIAL,AVANTE,1
132456,590,2024-04-03,SESSAO ORDINARIA,PRESENCIAL,REPUBLICANOS,1
132457,590,2024-04-03,SESSAO ORDINARIA,PRESENCIAL,PSOL,1
132458,590,2024-04-03,SESSAO ORDINARIA,PRESENCIAL,CIDADANIA,1
132459,590,2024-04-03,SESSAO ORDINARIA,PRESENCIAL,PP,1
132460,590,2024-04-03,SESSAO ORDINARIA,PRESENCIAL,PSD,1
132461,590,2024-04-03,SESSAO ORDINARIA,PRESENCIAL,NOVO,1
132462,590,2024-04-03,SESSAO ORDINARIA,PRESENCIAL,PL,1
132463,590,2024-04-03,SESSAO ORDINARIA,PRESENCIAL,PL,1
132464,590,2024-04-03,SESSAO ORDINARIA,PRESENCIAL,MDB,1
132465,591,2024-04-04,SESSAO ORDINARIA,PRESENCIAL,PT,1
132466,591,2024-04-04,SESSAO ORDINARIA,PRESENCIAL,PSB,1
132467,591,2024-04-04,SESSAO ORDINARIA,PRESENCIAL,MDB,1
132468,591,2024-04-04,SESSAO ORDINARIA,PRESENCIAL,PSOL,1
132469,591,2024-04-04,SESSAO ORDINARIA,PRESENCIAL,PT,1
132470,591,2024-04-04,SESSAO ORDINARIA,PRESENCIAL,PL,1
132471,591,2024-04-04,SESSAO ORDINARIA,PRESENCIAL,AVANTE,1
132472,591,2024-04-04,SESSAO ORDINARIA,PRESENCIAL,PSOL,1
132473,591,2024-04-04,SESSAO ORDINARIA,PRESENCIAL,PP,1
132474,591,2024-04-04,SESSAO ORDINARIA,PRESENCIAL,CIDADANIA,1
132475,591,2024-04-04,SESSAO ORDINARIA,PRESENCIAL,PP,1
132476,591,2024-04-04,SESSAO ORDINARIA,PRESENCIAL,PT,1
132477,591,2024-04-04,SESSAO ORDINARIA,PRESENCIAL,NOVO,1
132478,591,2024-04-04,SESSAO ORDINARIA,PRESENCIAL,PL,1
132479,591,2024-04-04,SESSAO ORDINARIA,PRESENCIAL,PL,1
132480,591,2024-04-04,SESSAO ORDINARIA,PRESENCIAL,MDB,1
132481,592,2024-04-23,SESSAO ORDINARIA,PRESENCIAL,PT,1
132482,592,2024-04-23,SESSAO ORDINARIA,PRESENCIAL,MDB,1
132483,592,2024-04-23,SESSAO ORDINARIA,PRESENCIAL,PSB,1
132484,592,2024-04-23,SESSAO ORDINARIA,PRESENCIAL,MDB,1
132485,592,2024-04-23,SESSAO ORDINARIA,PRESENCIAL,UNIÃO,1
132486,592,2024-04-23,SESSAO ORDINARIA,PRESENCIAL,PSOL,2
132487,592,2024-04-23,SESSAO ORDINARIA,PRESENCIAL,PT,1
132488,592,2024-04-23,SESSAO ORDINARIA,PRESENCIAL,MDB,1
132489,592,2024-04-23,SESSAO ORDINARIA,PRESENCIAL,MDB,1
132490,592,2024-04-23,SESSAO ORDINARIA,PRESENCIAL,MDB,1
132491,592,2024-04-23,SESSAO ORDINARIA,PRESENCIAL,PL,1
132492,592,2024-04-23,SESSAO ORDINARIA,PRESENCIAL,PSD,1
132493,592,2024-04-23,SESSAO ORDINARIA,PRESENCIAL,REPUBLICANOS,1
132494,592,2024-04-23,SESSAO ORDINARIA,PRESENCIAL,PSOL,1
132495,592,2024-04-23,SESSAO ORDINARIA,PRESENCIAL,PP,2
132496,592,2024-04-23,SESSAO ORDINARIA,PRESENCIAL,CIDADANIA,1
132497,592,2024-04-23,SESSAO ORDINARIA,PRESENCIAL,PP,1
132498,592,2024-04-23,SESSAO ORDINARIA,PRESENCIAL,PT,1
132499,592,2024-04-23,SESSAO ORDINARIA,PRESENCIAL,PSD,1
132500,592,2024-04-23,SESSAO ORDINARIA,PRESENCIAL,NOVO,1
132501,592,2024-04-23,SESSAO ORDINARIA,PRESENCIAL,PL,1
132502,592,2024-04-23,SESSAO ORDINARIA,PRESENCIAL,PL,1
132503,592,2024-04-23,SESSAO ORDINARIA,PRESENCIAL,MDB,1
132504,593,2024-04-09,SESSAO EXTRAORDINARIA,PRESENCIAL,PT,1
132505,593,2024-04-09,SESSAO EXTRAORDINARIA,PRESENCIAL,MDB,1
132506,593,2024-04-09,SESSAO EXTRAORDINARIA,PRESENCIAL,PSB,1
132507,593,2024-04-09,SESSAO EXTRAORDINARIA,PRESENCIAL,MDB,1
132508,593,2024-04-09,SESSAO EXTRAORDINARIA,PRESENCIAL,UNIÃO,1
132509,593,2024-04-09,SESSAO EXTRAORDINARIA,PRESENCIAL,PSOL,1
132510,593,2024-04-09,SESSAO EXTRAORDINARIA,PRESENCIAL,PT,1
132511,593,2024-04-09,SESSAO EXTRAORDINARIA,PRESENCIAL,MDB,1
132512,593,2024-04-09,SESSAO EXTRAORDINARIA,PRESENCIAL,MDB,1
132513,593,2024-04-09,SESSAO EXTRAORDINARIA,PRESENCIAL,MDB,1
132514,593,2024-04-09,SESSAO EXTRAORDINARIA,PRESENCIAL,REPUBLICANOS,1
132515,593,2024-04-09,SESSAO EXTRAORDINARIA,PRESENCIAL,PSOL,1
132516,593,2024-04-09,SESSAO EXTRAORDINARIA,PRESENCIAL,PP,1
132517,593,2024-04-09,SESSAO EXTRAORDINARIA,PRESENCIAL,PT,1
132518,593,2024-04-09,SESSAO EXTRAORDINARIA,PRESENCIAL,PSD,1
132519,593,2024-04-09,SESSAO EXTRAORDINARIA,PRESENCIAL,PL,1
132520,593,2024-04-09,SESSAO EXTRAORDINARIA,PRESENCIAL,PL,1
132521,593,2024-04-09,SESSAO EXTRAORDINARIA,PRESENCIAL,MDB,1
132522,594,2024-04-09,SESSAO ORDINARIA,PRESENCIAL,PT,1
132523,594,2024-04-09,SESSAO ORDINARIA,PRESENCIAL,MDB,1
132524,594,2024-04-09,SESSAO ORDINARIA,PRESENCIAL,PSB,1
132525,594,2024-04-09,SESSAO ORDINARIA,PRESENCIAL,MDB,1
132526,594,2024-04-09,SESSAO ORDINARIA,PRESENCIAL,UNIÃO,1
132527,594,2024-04-09,SESSAO ORDINARIA,PRESENCIAL,PSOL,1
132528,594,2024-04-09,SESSAO ORDINARIA,PRESENCIAL,PT,1
132529,594,2024-04-09,SESSAO ORDINARIA,PRESENCIAL,MDB,1
132530,594,2024-04-09,SESSAO ORDINARIA,PRESENCIAL,MDB,1
132531,594,2024-04-09,SESSAO ORDINARIA,PRESENCIAL,MDB,1
132532,594,2024-04-09,SESSAO ORDINARIA,PRESENCIAL,PL,1
132533,594,2024-04-09,SESSAO ORDINARIA,PRESENCIAL,PSD,1
132534,594,2024-04-09,SESSAO ORDINARIA,PRESENCIAL,REPUBLICANOS,1
132535,594,2024-04-09,SESSAO ORDINARIA,PRESENCIAL,PSOL,1
132536,594,2024-04-09,SESSAO ORDINARIA,PRESENCIAL,PP,1
132537,594,2024-04-09,SESSAO ORDINARIA,PRESENCIAL,CIDADANIA,1
132538,594,2024-04-09,SESSAO ORDINARIA,PRESENCIAL,PT,1
132539,594,2024-04-09,SESSAO ORDINARIA,PRESENCIAL,PSD,1
132540,594,2024-04-09,SESSAO ORDINARIA,PRESENCIAL,PL,1
132541,594,2024-04-09,SESSAO ORDINARIA,PRESENCIAL,PL,1
132542,594,2024-04-09,SESSAO ORDINARIA,PRESENCIAL,MDB,1
132543,595,2024-04-10,SESSAO ORDINARIA,PRESENCIAL,PT,1
132544,595,2024-04-10,SESSAO ORDINARIA,PRESENCIAL,MDB,1
132545,595,2024-04-10,SESSAO ORDINARIA,PRESENCIAL,PSB,1
132546,595,2024-04-10,SESSAO ORDINARIA,PRESENCIAL,UNIÃO,1
132547,595,2024-04-10,SESSAO ORDINARIA,PRESENCIAL,PSOL,1
132548,595,2024-04-10,SESSAO ORDINARIA,PRESENCIAL,PT,1
132549,595,2024-04-10,SESSAO ORDINARIA,PRESENCIAL,MDB,1
132550,595,2024-04-10,SESSAO ORDINARIA,PRESENCIAL,MDB,1
132551,595,2024-04-10,SESSAO ORDINARIA,PRESENCIAL,MDB,1
132552,595,2024-04-10,SESSAO ORDINARIA,PRESENCIAL,PL,1
132553,595,2024-04-10,SESSAO ORDINARIA,PRESENCIAL,REPUBLICANOS,1
132554,595,2024-04-10,SESSAO ORDINARIA,PRESENCIAL,PSOL,1
132555,595,2024-04-10,SESSAO ORDINARIA,PRESENCIAL,PP,1
132556,595,2024-04-10,SESSAO ORDINARIA,PRESENCIAL,PT,1
132557,595,2024-04-10,SESSAO ORDINARIA,PRESENCIAL,PSD,1
132558,595,2024-04-10,SESSAO ORDINARIA,PRESENCIAL,NOVO,1
132559,595,2024-04-10,SESSAO ORDINARIA,PRESENCIAL,PL,1
132560,595,2024-04-10,SESSAO ORDINARIA,PRESENCIAL,MDB,1
132561,596,2024-04-09,SESSAO EXTRAORDINARIA,PRESENCIAL,PT,1
132562,596,2024-04-09,SESSAO EXTRAORDINARIA,PRESENCIAL,PSB,1
132563,596,2024-04-09,SESSAO EXTRAORDINARIA,PRESENCIAL,MDB,1
132564,596,2024-04-09,SESSAO EXTRAORDINARIA,PRESENCIAL,UNIÃO,1
132565,596,2024-04-09,SESSAO EXTRAORDINARIA,PRESENCIAL,PSOL,1
132566,596,2024-04-09,SESSAO EXTRAORDINARIA,PRESENCIAL,PT,1
132567,596,2024-04-09,SESSAO EXTRAORDINARIA,PRESENCIAL,MDB,1
132568,596,2024-04-09,SESSAO EXTRAORDINARIA,PRESENCIAL,MDB,1
132569,596,2024-04-09,SESSAO EXTRAORDINARIA,PRESENCIAL,REPUBLICANOS,1
132570,596,2024-04-09,SESSAO EXTRAORDINARIA,PRESENCIAL,PSOL,1
132571,596,2024-04-09,SESSAO EXTRAORDINARIA,PRESENCIAL,PP,1
132572,596,2024-04-09,SESSAO EXTRAORDINARIA,PRESENCIAL,PT,1
132573,596,2024-04-09,SESSAO EXTRAORDINARIA,PRESENCIAL,PL,1
132574,596,2024-04-09,SESSAO EXTRAORDINARIA,PRESENCIAL,PL,1
132575,596,2024-04-09,SESSAO EXTRAORDINARIA,PRESENCIAL,MDB,1
132576,597,2024-04-11,SESSAO ORDINARIA,PRESENCIAL,UNIÃO,1
132577,597,2024-04-11,SESSAO ORDINARIA,PRESENCIAL,PSOL,1
132578,597,2024-04-11,SESSAO ORDINARIA,PRESENCIAL,PL,1
132579,597,2024-04-11,SESSAO ORDINARIA,PRESENCIAL,PP,1
132580,597,2024-04-11,SESSAO ORDINARIA,PRESENCIAL,CIDADANIA,1
132581,597,2024-04-11,SESSAO ORDINARIA,PRESENCIAL,NOVO,1
132582,598,2024-04-23,SESSAO EXTRAORDINARIA,PRESENCIAL,PT,1
132583,598,2024-04-23,SESSAO EXTRAORDINARIA,PRESENCIAL,PSB,1
132584,598,2024-04-23,SESSAO EXTRAORDINARIA,PRESENCIAL,MDB,1
132585,598,2024-04-23,SESSAO EXTRAORDINARIA,PRESENCIAL,UNIÃO,1
132586,598,2024-04-23,SESSAO EXTRAORDINARIA,PRESENCIAL,PSOL,1
132587,598,2024-04-23,SESSAO EXTRAORDINARIA,PRESENCIAL,PT,1
132588,598,2024-04-23,SESSAO EXTRAORDINARIA,PRESENCIAL,MDB,1
132589,598,2024-04-23,SESSAO EXTRAORDINARIA,PRESENCIAL,MDB,1
132590,598,2024-04-23,SESSAO EXTRAORDINARIA,PRESENCIAL,MDB,1
132591,598,2024-04-23,SESSAO EXTRAORDINARIA,PRESENCIAL,PSD,1
132592,598,2024-04-23,SESSAO EXTRAORDINARIA,PRESENCIAL,REPUBLICANOS,1
132593,598,2024-04-23,SESSAO EXTRAORDINARIA,PRESENCIAL,PP,1
132594,598,2024-04-23,SESSAO EXTRAORDINARIA,PRESENCIAL,CIDADANIA,1
132595,598,2024-04-23,SESSAO EXTRAORDINARIA,PRESENCIAL,PP,1
132596,598,2024-04-23,SESSAO EXTRAORDINARIA,PRESENCIAL,PT,1
132597,598,2024-04-23,SESSAO EXTRAORDINARIA,PRESENCIAL,NOVO,1
132598,598,2024-04-23,SESSAO EXTRAORDINARIA,PRESENCIAL,PL,1
132599,598,2024-04-23,SESSAO EXTRAORDINARIA,PRESENCIAL,PL,1
132600,598,2024-04-23,SESSAO EXTRAORDINARIA,PRESENCIAL,MDB,1
132601,599,2024-05-07,SESSAO EXTRAORDINARIA,PRESENCIAL,PT,1
132602,599,2024-05-07,SESSAO EXTRAORDINARIA,PRESENCIAL,PSB,1
132603,599,2024-05-07,SESSAO EXTRAORDINARIA,PRESENCIAL,UNIÃO,1
132604,599,2024-05-07,SESSAO EXTRAORDINARIA,PRESENCIAL,PT,1
132605,599,2024-05-07,SESSAO EXTRAORDINARIA,PRESENCIAL,MDB,1
132606,599,2024-05-07,SESSAO EXTRAORDINARIA,PRESENCIAL,MDB,1
132607,599,2024-05-07,SESSAO EXTRAORDINARIA,PRESENCIAL,REPUBLICANOS,1
132608,599,2024-05-07,SESSAO EXTRAORDINARIA,PRESENCIAL,PP,1
132609,599,2024-05-07,SESSAO EXTRAORDINARIA,PRESENCIAL,CIDADANIA,1
132610,599,2024-05-07,SESSAO EXTRAORDINARIA,PRESENCIAL,PT,1
132611,599,2024-05-07,SESSAO EXTRAORDINARIA,PRESENCIAL,PSD,1
132612,599,2024-05-07,SESSAO EXTRAORDINARIA,PRESENCIAL,PL,1
132613,599,2024-05-07,SESSAO EXTRAORDINARIA,PRESENCIAL,MDB,1
132614,600,2024-04-16,SESSAO ORDINARIA,PRESENCIAL,PT,1
132615,600,2024-04-16,SESSAO ORDINARIA,PRESENCIAL,MDB,1
132616,600,2024-04-16,SESSAO ORDINARIA,PRESENCIAL,PSB,1
132617,600,2024-04-16,SESSAO ORDINARIA,PRESENCIAL,MDB,1
132618,600,2024-04-16,SESSAO ORDINARIA,PRESENCIAL,UNIÃO,1
132619,600,2024-04-16,SESSAO ORDINARIA,PRESENCIAL,PSOL,1
132620,600,2024-04-16,SESSAO ORDINARIA,PRESENCIAL,PT,1
132621,600,2024-04-16,SESSAO ORDINARIA,PRESENCIAL,MDB,1
132622,600,2024-04-16,SESSAO ORDINARIA,PRESENCIAL,MDB,1
132623,600,2024-04-16,SESSAO ORDINARIA,PRESENCIAL,PL,1
132624,600,2024-04-16,SESSAO ORDINARIA,PRESENCIAL,PSOL,1
132625,600,2024-04-16,SESSAO ORDINARIA,PRESENCIAL,PP,1
132626,600,2024-04-16,SESSAO ORDINARIA,PRESENCIAL,CIDADANIA,1
132627,600,2024-04-16,SESSAO ORDINARIA,PRESENCIAL,PT,1
132628,600,2024-04-16,SESSAO ORDINARIA,PRESENCIAL,PSD,1
132629,600,2024-04-16,SESSAO ORDINARIA,PRESENCIAL,NOVO,1
132630,600,2024-04-16,SESSAO ORDINARIA,PRESENCIAL,PL,1
132631,600,2024-04-16,SESSAO ORDINARIA,PRESENCIAL,PL,1
132632,600,2024-04-16,SESSAO ORDINARIA,PRESENCIAL,MDB,1
132633,601,2024-04-17,SESSAO ORDINARIA,PRESENCIAL,PT,1
132634,601,2024-04-17,SESSAO ORDINARIA,PRESENCIAL,PSB,1
132635,601,2024-04-17,SESSAO ORDINARIA,PRESENCIAL,MDB,1
132636,601,2024-04-17,SESSAO ORDINARIA,PRESENCIAL,UNIÃO,1
132637,601,2024-04-17,SESSAO ORDINARIA,PRESENCIAL,PSOL,1
132638,601,2024-04-17,SESSAO ORDINARIA,PRESENCIAL,PT,1
132639,601,2024-04-17,SESSAO ORDINARIA,PRESENCIAL,MDB,1
132640,601,2024-04-17,SESSAO ORDINARIA,PRESENCIAL,PL,1
132641,601,2024-04-17,SESSAO ORDINARIA,PRESENCIAL,PSOL,1
132642,601,2024-04-17,SESSAO ORDINARIA,PRESENCIAL,PP,1
132643,601,2024-04-17,SESSAO ORDINARIA,PRESENCIAL,CIDADANIA,1
132644,601,2024-04-17,SESSAO ORDINARIA,PRESENCIAL,PT,1
132645,601,2024-04-17,SESSAO ORDINARIA,PRESENCIAL,NOVO,1
132646,601,2024-04-17,SESSAO ORDINARIA,PRESENCIAL,PL,1
132647,601,2024-04-17,SESSAO ORDINARIA,PRESENCIAL,PL,1
132648,602,2024-04-18,SESSAO ORDINARIA,PRESENCIAL,PT,1
132649,602,2024-04-18,SESSAO ORDINARIA,PRESENCIAL,PSB,1
132650,602,2024-04-18,SESSAO ORDINARIA,PRESENCIAL,UNIÃO,1
132651,602,2024-04-18,SESSAO ORDINARIA,PRESENCIAL,PT,1
132652,602,2024-04-18,SESSAO ORDINARIA,PRESENCIAL,PSOL,1
132653,602,2024-04-18,SESSAO ORDINARIA,PRESENCIAL,PP,1
132654,602,2024-04-18,SESSAO ORDINARIA,PRESENCIAL,CIDADANIA,1
132655,602,2024-04-18,SESSAO ORDINARIA,PRESENCIAL,PT,1
132656,602,2024-04-18,SESSAO ORDINARIA,PRESENCIAL,PSD,1
132657,602,2024-04-18,SESSAO ORDINARIA,PRESENCIAL,PL,1
132658,603,2024-04-24,SESSAO ORDINARIA,PRESENCIAL,PT,1
132659,603,2024-04-24,SESSAO ORDINARIA,PRESENCIAL,PSB,1
132660,603,2024-04-24,SESSAO ORDINARIA,PRESENCIAL,MDB,1
132661,603,2024-04-24,SESSAO ORDINARIA,PRESENCIAL,UNIÃO,1
132662,603,2024-04-24,SESSAO ORDINARIA,PRESENCIAL,PSOL,1
132663,603,2024-04-24,SESSAO ORDINARIA,PRESENCIAL,PT,1
132664,603,2024-04-24,SESSAO ORDINARIA,PRESENCIAL,MDB,1
132665,603,2024-04-24,SESSAO ORDINARIA,PRESENCIAL,MDB,1
132666,603,2024-04-24,SESSAO ORDINARIA,PRESENCIAL,MDB,1
132667,603,2024-04-24,SESSAO ORDINARIA,PRESENCIAL,PL,1
132668,603,2024-04-24,SESSAO ORDINARIA,PRESENCIAL,PSD,1
132669,603,2024-04-24,SESSAO ORDINARIA,PRESENCIAL,REPUBLICANOS,1
132670,603,2024-04-24,SESSAO ORDINARIA,PRESENCIAL,PSOL,1
132671,603,2024-04-24,SESSAO ORDINARIA,PRESENCIAL,PP,1
132672,603,2024-04-24,SESSAO ORDINARIA,PRESENCIAL,CIDADANIA,1
132673,603,2024-04-24,SESSAO ORDINARIA,PRESENCIAL,PP,1
132674,603,2024-04-24,SESSAO ORDINARIA,PRESENCIAL,PT,1
132675,603,2024-04-24,SESSAO ORDINARIA,PRESENCIAL,NOVO,1
132676,603,2024-04-24,SESSAO ORDINARIA,PRESENCIAL,PL,1
132677,603,2024-04-24,SESSAO ORDINARIA,PRESENCIAL,PL,1
132678,603,2024-04-24,SESSAO ORDINARIA,PRESENCIAL,MDB,1
132679,604,2024-04-25,SESSAO ORDINARIA,PRESENCIAL,PT,1
132680,604,2024-04-25,SESSAO ORDINARIA,PRESENCIAL,MDB,1
132681,604,2024-04-25,SESSAO ORDINARIA,PRESENCIAL,UNIÃO,1
132682,604,2024-04-25,SESSAO ORDINARIA,PRESENCIAL,PSOL,1
132683,604,2024-04-25,SESSAO ORDINARIA,PRESENCIAL,PT,1
132684,604,2024-04-25,SESSAO ORDINARIA,PRESENCIAL,PL,1
132685,604,2024-04-25,SESSAO ORDINARIA,PRESENCIAL,PSD,1
132686,604,2024-04-25,SESSAO ORDINARIA,PRESENCIAL,PSOL,1
132687,604,2024-04-25,SESSAO ORDINARIA,PRESENCIAL,CIDADANIA,1
132688,604,2024-04-25,SESSAO ORDINARIA,PRESENCIAL,PP,1
132689,604,2024-04-25,SESSAO ORDINARIA,PRESENCIAL,PT,1
132690,604,2024-04-25,SESSAO ORDINARIA,PRESENCIAL,PSD,1
132691,604,2024-04-25,SESSAO ORDINARIA,PRESENCIAL,PL,1
132692,605,2024-05-21,SESSAO EXTRAORDINARIA,PRESENCIAL,PT,1
132693,605,2024-05-21,SESSAO EXTRAORDINARIA,PRESENCIAL,PSB,1
132694,605,2024-05-21,SESSAO EXTRAORDINARIA,PRESENCIAL,MDB,1
132695,605,2024-05-21,SESSAO EXTRAORDINARIA,PRESENCIAL,UNIÃO,1
132696,605,2024-05-21,SESSAO EXTRAORDINARIA,PRESENCIAL,PSOL,1
132697,605,2024-05-21,SESSAO EXTRAORDINARIA,PRESENCIAL,PT,1
132698,605,2024-05-21,SESSAO EXTRAORDINARIA,PRESENCIAL,MDB,1
132699,605,2024-05-21,SESSAO EXTRAORDINARIA,PRESENCIAL,MDB,1
132700,605,2024-05-21,SESSAO EXTRAORDINARIA,PRESENCIAL,MDB,1
132701,605,2024-05-21,SESSAO EXTRAORDINARIA,PRESENCIAL,PL,1
132702,605,2024-05-21,SESSAO EXTRAORDINARIA,PRESENCIAL,PSD,1
132703,605,2024-05-21,SESSAO EXTRAORDINARIA,PRESENCIAL,REPUBLICANOS,1
132704,605,2024-05-21,SESSAO EXTRAORDINARIA,PRESENCIAL,PP,1
132705,605,2024-05-21,SESSAO EXTRAORDINARIA,PRESENCIAL,CIDADANIA,1
132706,605,2024-05-21,SESSAO EXTRAORDINARIA,PRESENCIAL,PP,1
132707,605,2024-05-21,SESSAO EXTRAORDINARIA,PRESENCIAL,PT,1
132708,605,2024-05-21,SESSAO EXTRAORDINARIA,PRESENCIAL,PSD,1
132709,605,2024-05-21,SESSAO EXTRAORDINARIA,PRESENCIAL,NOVO,1
132710,605,2024-05-21,SESSAO EXTRAORDINARIA,PRESENCIAL,PL,1
132711,605,2024-05-21,SESSAO EXTRAORDINARIA,PRESENCIAL,MDB,1
132712,606,2024-04-30,SESSAO ORDINARIA,PRESENCIAL,PT,1
132713,606,2024-04-30,SESSAO ORDINARIA,PRESENCIAL,PSB,1
132714,606,2024-04-30,SESSAO ORDINARIA,PRESENCIAL,MDB,1
132715,606,2024-04-30,SESSAO ORDINARIA,PRESENCIAL,UNIÃO,1
132716,606,2024-04-30,SESSAO ORDINARIA,PRESENCIAL,PSOL,1
132717,606,2024-04-30,SESSAO ORDINARIA,PRESENCIAL,PT,1
132718,606,2024-04-30,SESSAO ORDINARIA,PRESENCIAL,MDB,1
132719,606,2024-04-30,SESSAO ORDINARIA,PRESENCIAL,MDB,1
132720,606,2024-04-30,SESSAO ORDINARIA,PRESENCIAL,PL,1
132721,606,2024-04-30,SESSAO ORDINARIA,PRESENCIAL,PSD,1
132722,606,2024-04-30,SESSAO ORDINARIA,PRESENCIAL,REPUBLICANOS,1
132723,606,2024-04-30,SESSAO ORDINARIA,PRESENCIAL,PSOL,1
132724,606,2024-04-30,SESSAO ORDINARIA,PRESENCIAL,PP,1
132725,606,2024-04-30,SESSAO ORDINARIA,PRESENCIAL,CIDADANIA,1
132726,606,2024-04-30,SESSAO ORDINARIA,PRESENCIAL,PP,1
132727,606,2024-04-30,SESSAO ORDINARIA,PRESENCIAL,PT,1
132728,606,2024-04-30,SESSAO ORDINARIA,PRESENCIAL,PSD,1
132729,606,2024-04-30,SESSAO ORDINARIA,PRESENCIAL,NOVO,1
132730,606,2024-04-30,SESSAO ORDINARIA,PRESENCIAL,PL,1
132731,606,2024-04-30,SESSAO ORDINARIA,PRESENCIAL,PL,1
132732,606,2024-04-30,SESSAO ORDINARIA,PRESENCIAL,MDB,1
132733,607,2024-05-02,SESSAO ORDINARIA,PRESENCIAL,PT,1
132734,607,2024-05-02,SESSAO ORDINARIA,PRESENCIAL,PSB,1
132735,607,2024-05-02,SESSAO ORDINARIA,PRESENCIAL,UNIÃO,1
132736,607,2024-05-02,SESSAO ORDINARIA,PRESENCIAL,PSOL,1
132737,607,2024-05-02,SESSAO ORDINARIA,PRESENCIAL,PT,1
132738,607,2024-05-02,SESSAO ORDINARIA,PRESENCIAL,PL,1
132739,607,2024-05-02,SESSAO ORDINARIA,PRESENCIAL,REPUBLICANOS,1
132740,607,2024-05-02,SESSAO ORDINARIA,PRESENCIAL,PSOL,1
132741,607,2024-05-02,SESSAO ORDINARIA,PRESENCIAL,PP,1
132742,607,2024-05-02,SESSAO ORDINARIA,PRESENCIAL,CIDADANIA,1
132743,607,2024-05-02,SESSAO ORDINARIA,PRESENCIAL,PP,1
132744,607,2024-05-02,SESSAO ORDINARIA,PRESENCIAL,PT,1
132745,607,2024-05-02,SESSAO ORDINARIA,PRESENCIAL,NOVO,1
132746,608,2024-05-07,SESSAO ORDINARIA,PRESENCIAL,PT,1
132747,608,2024-05-07,SESSAO ORDINARIA,PRESENCIAL,MDB,1
132748,608,2024-05-07,SESSAO ORDINARIA,PRESENCIAL,PSB,1
132749,608,2024-05-07,SESSAO ORDINARIA,PRESENCIAL,MDB,1
132750,608,2024-05-07,SESSAO ORDINARIA,PRESENCIAL,UNIÃO,1
132751,608,2024-05-07,SESSAO ORDINARIA,PRESENCIAL,PSOL,1
132752,608,2024-05-07,SESSAO ORDINARIA,PRESENCIAL,PT,1
132753,608,2024-05-07,SESSAO ORDINARIA,PRESENCIAL,MDB,1
132754,608,2024-05-07,SESSAO ORDINARIA,PRESENCIAL,MDB,1
132755,608,2024-05-07,SESSAO ORDINARIA,PRESENCIAL,MDB,1
132756,608,2024-05-07,SESSAO ORDINARIA,PRESENCIAL,PL,1
132757,608,2024-05-07,SESSAO ORDINARIA,PRESENCIAL,PSD,1
132758,608,2024-05-07,SESSAO ORDINARIA,PRESENCIAL,REPUBLICANOS,1
132759,608,2024-05-07,SESSAO ORDINARIA,PRESENCIAL,PSOL,1
132760,608,2024-05-07,SESSAO ORDINARIA,PRESENCIAL,PP,1
132761,608,2024-05-07,SESSAO ORDINARIA,PRESENCIAL,CIDADANIA,1
132762,608,2024-05-07,SESSAO ORDINARIA,PRESENCIAL,PT,1
132763,608,2024-05-07,SESSAO ORDINARIA,PRESENCIAL,PSD,1
132764,608,2024-05-07,SESSAO ORDINARIA,PRESENCIAL,NOVO,1
132765,608,2024-05-07,SESSAO ORDINARIA,PRESENCIAL,PL,1
132766,608,2024-05-07,SESSAO ORDINARIA,PRESENCIAL,MDB,1
132767,609,2024-05-08,SESSAO ORDINARIA,PRESENCIAL,MDB,1
132768,609,2024-05-08,SESSAO ORDINARIA,PRESENCIAL,PSB,1
132769,609,2024-05-08,SESSAO ORDINARIA,PRESENCIAL,UNIÃO,1
132770,609,2024-05-08,SESSAO ORDINARIA,PRESENCIAL,PSOL,1
132771,609,2024-05-08,SESSAO ORDINARIA,PRESENCIAL,MDB,1
132772,609,2024-05-08,SESSAO ORDINARIA,PRESENCIAL,MDB,1
132773,609,2024-05-08,SESSAO ORDINARIA,PRESENCIAL,MDB,1
132774,609,2024-05-08,SESSAO ORDINARIA,PRESENCIAL,PL,1
132775,609,2024-05-08,SESSAO ORDINARIA,PRESENCIAL,PSD,1
132776,609,2024-05-08,SESSAO ORDINARIA,PRESENCIAL,AVANTE,1
132777,609,2024-05-08,SESSAO ORDINARIA,PRESENCIAL,REPUBLICANOS,1
132778,609,2024-05-08,SESSAO ORDINARIA,PRESENCIAL,PSOL,1
132779,609,2024-05-08,SESSAO ORDINARIA,PRESENCIAL,PP,1
132780,609,2024-05-08,SESSAO ORDINARIA,PRESENCIAL,CIDADANIA,1
132781,609,2024-05-08,SESSAO ORDINARIA,PRESENCIAL,PT,1
132782,609,2024-05-08,SESSAO ORDINARIA,PRESENCIAL,PSD,1
132783,609,2024-05-08,SESSAO ORDINARIA,PRESENCIAL,NOVO,1
132784,609,2024-05-08,SESSAO ORDINARIA,PRESENCIAL,PL,1
132785,609,2024-05-08,SESSAO ORDINARIA,PRESENCIAL,MDB,1
132786,610,2024-05-09,SESSAO ORDINARIA,PRESENCIAL,UNIÃO,1
132787,610,2024-05-09,SESSAO ORDINARIA,PRESENCIAL,PSOL,1
132788,610,2024-05-09,SESSAO ORDINARIA,PRESENCIAL,PT,1
132789,610,2024-05-09,SESSAO ORDINARIA,PRESENCIAL,AVANTE,1
132790,610,2024-05-09,SESSAO ORDINARIA,PRESENCIAL,PSOL,1
132791,610,2024-05-09,SESSAO ORDINARIA,PRESENCIAL,PP,1
132792,610,2024-05-09,SESSAO ORDINARIA,PRESENCIAL,CIDADANIA,1
132793,610,2024-05-09,SESSAO ORDINARIA,PRESENCIAL,PT,1
132794,610,2024-05-09,SESSAO ORDINARIA,PRESENCIAL,NOVO,1
132795,610,2024-05-09,SESSAO ORDINARIA,PRESENCIAL,PL,1
132796,611,2024-05-28,SESSAO EXTRAORDINARIA,PRESENCIAL,PT,1
132797,611,2024-05-28,SESSAO EXTRAORDINARIA,PRESENCIAL,PSB,1
132798,611,2024-05-28,SESSAO EXTRAORDINARIA,PRESENCIAL,UNIÃO,1
132799,611,2024-05-28,SESSAO EXTRAORDINARIA,PRESENCIAL,PSOL,1
132800,611,2024-05-28,SESSAO EXTRAORDINARIA,PRESENCIAL,PT,1
132801,611,2024-05-28,SESSAO EXTRAORDINARIA,PRESENCIAL,MDB,1
132802,611,2024-05-28,SESSAO EXTRAORDINARIA,PRESENCIAL,MDB,1
132803,611,2024-05-28,SESSAO EXTRAORDINARIA,PRESENCIAL,PSD,1
132804,611,2024-05-28,SESSAO EXTRAORDINARIA,PRESENCIAL,AVANTE,1
132805,611,2024-05-28,SESSAO EXTRAORDINARIA,PRESENCIAL,REPUBLICANOS,1
132806,611,2024-05-28,SESSAO EXTRAORDINARIA,PRESENCIAL,PSOL,1
132807,611,2024-05-28,SESSAO EXTRAORDINARIA,PRESENCIAL,CIDADANIA,1
132808,611,2024-05-28,SESSAO EXTRAORDINARIA,PRESENCIAL,PP,1
132809,611,2024-05-28,SESSAO EXTRAORDINARIA,PRESENCIAL,PT,1
132810,611,2024-05-28,SESSAO EXTRAORDINARIA,PRESENCIAL,PSD,1
132811,611,2024-05-28,SESSAO EXTRAORDINARIA,PRESENCIAL,MDB,1
132812,612,2024-05-14,SESSAO ORDINARIA,PRESENCIAL,PT,1
132813,612,2024-05-14,SESSAO ORDINARIA,PRESENCIAL,MDB,1
132814,612,2024-05-14,SESSAO ORDINARIA,PRESENCIAL,PSB,1
132815,612,2024-05-14,SESSAO ORDINARIA,PRESENCIAL,PSOL,1
132816,612,2024-05-14,SESSAO ORDINARIA,PRESENCIAL,PT,1
132817,612,2024-05-14,SESSAO ORDINARIA,PRESENCIAL,MDB,1
132818,612,2024-05-14,SESSAO ORDINARIA,PRESENCIAL,MDB,1
132819,612,2024-05-14,SESSAO ORDINARIA,PRESENCIAL,MDB,1
132820,612,2024-05-14,SESSAO ORDINARIA,PRESENCIAL,AVANTE,1
132821,612,2024-05-14,SESSAO ORDINARIA,PRESENCIAL,REPUBLICANOS,1
132822,612,2024-05-14,SESSAO ORDINARIA,PRESENCIAL,PSOL,1
132823,612,2024-05-14,SESSAO ORDINARIA,PRESENCIAL,PP,1
132824,612,2024-05-14,SESSAO ORDINARIA,PRESENCIAL,CIDADANIA,1
132825,612,2024-05-14,SESSAO ORDINARIA,PRESENCIAL,PP,1
132826,612,2024-05-14,SESSAO ORDINARIA,PRESENCIAL,PT,1
132827,612,2024-05-14,SESSAO ORDINARIA,PRESENCIAL,NOVO,1
132828,612,2024-05-14,SESSAO ORDINARIA,PRESENCIAL,PL,1
132829,612,2024-05-14,SESSAO ORDINARIA,PRESENCIAL,PL,1
132830,613,2024-05-15,SESSAO ORDINARIA,PRESENCIAL,PT,1
132831,613,2024-05-15,SESSAO ORDINARIA,PRESENCIAL,PSOL,1
132832,613,2024-05-15,SESSAO ORDINARIA,PRESENCIAL,PP,1
132833,613,2024-05-15,SESSAO ORDINARIA,PRESENCIAL,PSD,1
132834,614,2024-05-16,SESSAO ORDINARIA,PRESENCIAL,PP,1
132835,614,2024-05-16,SESSAO ORDINARIA,PRESENCIAL,PSD,1
132836,615,2024-05-21,SESSAO ORDINARIA,PRESENCIAL,PT,1
132837,615,2024-05-21,SESSAO ORDINARIA,PRESENCIAL,MDB,1
132838,615,2024-05-21,SESSAO ORDINARIA,PRESENCIAL,PSB,1
132839,615,2024-05-21,SESSAO ORDINARIA,PRESENCIAL,MDB,1
132840,615,2024-05-21,SESSAO ORDINARIA,PRESENCIAL,UNIÃO,2
132841,615,2024-05-21,SESSAO ORDINARIA,PRESENCIAL,PSOL,1
132842,615,2024-05-21,SESSAO ORDINARIA,PRESENCIAL,PT,1
132843,615,2024-05-21,SESSAO ORDINARIA,PRESENCIAL,MDB,1
132844,615,2024-05-21,SESSAO ORDINARIA,PRESENCIAL,MDB,2
132845,615,2024-05-21,SESSAO ORDINARIA,PRESENCIAL,MDB,1
132846,615,2024-05-21,SESSAO ORDINARIA,PRESENCIAL,PL,1
132847,615,2024-05-21,SESSAO ORDINARIA,PRESENCIAL,PSD,1
132848,615,2024-05-21,SESSAO ORDINARIA,PRESENCIAL,AVANTE,1
132849,615,2024-05-21,SESSAO ORDINARIA,PRESENCIAL,REPUBLICANOS,1
132850,615,2024-05-21,SESSAO ORDINARIA,PRESENCIAL,PSOL,2
132851,615,2024-05-21,SESSAO ORDINARIA,PRESENCIAL,PP,1
132852,615,2024-05-21,SESSAO ORDINARIA,PRESENCIAL,CIDADANIA,1
132853,615,2024-05-21,SESSAO ORDINARIA,PRESENCIAL,PP,1
132854,615,2024-05-21,SESSAO ORDINARIA,PRESENCIAL,PT,1
132855,615,2024-05-21,SESSAO ORDINARIA,PRESENCIAL,PSD,1
132856,615,2024-05-21,SESSAO ORDINARIA,PRESENCIAL,NOVO,1
132857,615,2024-05-21,SESSAO ORDINARIA,PRESENCIAL,PL,1
132858,615,2024-05-21,SESSAO ORDINARIA,PRESENCIAL,MDB,1
132859,616,2024-05-22,SESSAO ORDINARIA,PRESENCIAL,MDB,1
132860,616,2024-05-22,SESSAO ORDINARIA,PRESENCIAL,PSOL,1
132861,616,2024-05-22,SESSAO ORDINARIA,PRESENCIAL,PSOL,1
132862,616,2024-05-22,SESSAO ORDINARIA,PRESENCIAL,PL,1
132863,617,2024-05-23,SESSAO ORDINARIA,PRESENCIAL,PT,1
132864,617,2024-05-23,SESSAO ORDINARIA,PRESENCIAL,PSB,1
132865,617,2024-05-23,SESSAO ORDINARIA,PRESENCIAL,PSOL,1
132866,617,2024-05-23,SESSAO ORDINARIA,PRESENCIAL,PT,1
132867,617,2024-05-23,SESSAO ORDINARIA,PRESENCIAL,PSD,1
132868,617,2024-05-23,SESSAO ORDINARIA,PRESENCIAL,REPUBLICANOS,1
132869,617,2024-05-23,SESSAO ORDINARIA,PRESENCIAL,PSOL,1
132870,617,2024-05-23,SESSAO ORDINARIA,PRESENCIAL,CIDADANIA,1
132871,617,2024-05-23,SESSAO ORDINARIA,PRESENCIAL,PT,1
132872,617,2024-05-23,SESSAO ORDINARIA,PRESENCIAL,MDB,1
132873,618,2024-05-28,SESSAO ORDINARIA,PRESENCIAL,PT,1
132874,618,2024-05-28,SESSAO ORDINARIA,PRESENCIAL,PSB,1
132875,618,2024-05-28,SESSAO ORDINARIA,PRESENCIAL,UNIÃO,1
132876,618,2024-05-28,SESSAO ORDINARIA,PRESENCIAL,PSOL,1
132877,618,2024-05-28,SESSAO ORDINARIA,PRESENCIAL,PT,1
132878,618,2024-05-28,SESSAO ORDINARIA,PRESENCIAL,MDB,1
132879,618,2024-05-28,SESSAO ORDINARIA,PRESENCIAL,MDB,1
132880,618,2024-05-28,SESSAO ORDINARIA,PRESENCIAL,MDB,1
132881,618,2024-05-28,SESSAO ORDINARIA,PRESENCIAL,PSD,1
132882,618,2024-05-28,SESSAO ORDINARIA,PRESENCIAL,AVANTE,1
132883,618,2024-05-28,SESSAO ORDINARIA,PRESENCIAL,REPUBLICANOS,1
132884,618,2024-05-28,SESSAO ORDINARIA,PRESENCIAL,PSOL,1
132885,618,2024-05-28,SESSAO ORDINARIA,PRESENCIAL,CIDADANIA,1
132886,618,2024-05-28,SESSAO ORDINARIA,PRESENCIAL,PP,1
132887,618,2024-05-28,SESSAO ORDINARIA,PRESENCIAL,PT,1
132888,618,2024-05-28,SESSAO ORDINARIA,PRESENCIAL,PSD,1
132889,618,2024-05-28,SESSAO ORDINARIA,PRESENCIAL,MDB,1
132890,619,2024-06-04,SESSAO EXTRAORDINARIA,PRESENCIAL,PT,1
132891,619,2024-06-04,SESSAO EXTRAORDINARIA,PRESENCIAL,MDB,1
132892,619,2024-06-04,SESSAO EXTRAORDINARIA,PRESENCIAL,PSB,1
132893,619,2024-06-04,SESSAO EXTRAORDINARIA,PRESENCIAL,MDB,1
132894,619,2024-06-04,SESSAO EXTRAORDINARIA,PRESENCIAL,UNIÃO,1
132895,619,2024-06-04,SESSAO EXTRAORDINARIA,PRESENCIAL,PSOL,1
132896,619,2024-06-04,SESSAO EXTRAORDINARIA,PRESENCIAL,PT,1
132897,619,2024-06-04,SESSAO EXTRAORDINARIA,PRESENCIAL,MDB,1
132898,619,2024-06-04,SESSAO EXTRAORDINARIA,PRESENCIAL,MDB,1
132899,619,2024-06-04,SESSAO EXTRAORDINARIA,PRESENCIAL,PSD,1
132900,619,2024-06-04,SESSAO EXTRAORDINARIA,PRESENCIAL,REPUBLICANOS,1
132901,619,2024-06-04,SESSAO EXTRAORDINARIA,PRESENCIAL,PSOL,1
132902,619,2024-06-04,SESSAO EXTRAORDINARIA,PRESENCIAL,PP,1
132903,619,2024-06-04,SESSAO EXTRAORDINARIA,PRESENCIAL,PP,1
132904,619,2024-06-04,SESSAO EXTRAORDINARIA,PRESENCIAL,PT,1
132905,619,2024-06-04,SESSAO EXTRAORDINARIA,PRESENCIAL,PSD,1
132906,619,2024-06-04,SESSAO EXTRAORDINARIA,PRESENCIAL,NOVO,1
132907,619,2024-06-04,SESSAO EXTRAORDINARIA,PRESENCIAL,PL,1
132908,619,2024-06-04,SESSAO EXTRAORDINARIA,PRESENCIAL,MDB,1
132909,620,2024-05-29,SESSAO ORDINARIA,PRESENCIAL,PT,1
132910,620,2024-05-29,SESSAO ORDINARIA,PRESENCIAL,PSB,1
132911,620,2024-05-29,SESSAO ORDINARIA,PRESENCIAL,MDB,1
132912,620,2024-05-29,SESSAO ORDINARIA,PRESENCIAL,PSOL,1
132913,620,2024-05-29,SESSAO ORDINARIA,PRESENCIAL,PT,1
132914,620,2024-05-29,SESSAO ORDINARIA,PRESENCIAL,MDB,1
132915,620,2024-05-29,SESSAO ORDINARIA,PRESENCIAL,PSD,1
132916,620,2024-05-29,SESSAO ORDINARIA,PRESENCIAL,REPUBLICANOS,1
132917,620,2024-05-29,SESSAO ORDINARIA,PRESENCIAL,PSOL,1
132918,620,2024-05-29,SESSAO ORDINARIA,PRESENCIAL,CIDADANIA,1
132919,620,2024-05-29,SESSAO ORDINARIA,PRESENCIAL,PP,1
132920,620,2024-05-29,SESSAO ORDINARIA,PRESENCIAL,PT,1
132921,620,2024-05-29,SESSAO ORDINARIA,PRESENCIAL,PL,1
132922,621,2024-06-04,SESSAO EXTRAORDINARIA,PRESENCIAL,PSB,1
132923,621,2024-06-04,SESSAO EXTRAORDINARIA,PRESENCIAL,MDB,1
132924,621,2024-06-04,SESSAO EXTRAORDINARIA,PRESENCIAL,PSOL,1
132925,621,2024-06-04,SESSAO EXTRAORDINARIA,PRESENCIAL,PT,1
132926,621,2024-06-04,SESSAO EXTRAORDINARIA,PRESENCIAL,MDB,1
132927,621,2024-06-04,SESSAO EXTRAORDINARIA,PRESENCIAL,MDB,1
132928,621,2024-06-04,SESSAO EXTRAORDINARIA,PRESENCIAL,PSD,1
132929,621,2024-06-04,SESSAO EXTRAORDINARIA,PRESENCIAL,REPUBLICANOS,1
132930,621,2024-06-04,SESSAO EXTRAORDINARIA,PRESENCIAL,PSOL,1
132931,621,2024-06-04,SESSAO EXTRAORDINARIA,PRESENCIAL,PP,1
132932,621,2024-06-04,SESSAO EXTRAORDINARIA,PRESENCIAL,PP,1
132933,621,2024-06-04,SESSAO EXTRAORDINARIA,PRESENCIAL,NOVO,1
132934,621,2024-06-04,SESSAO EXTRAORDINARIA,PRESENCIAL,MDB,1
132935,622,2024-06-04,SESSAO ORDINARIA,PRESENCIAL,PT,1
132936,622,2024-06-04,SESSAO ORDINARIA,PRESENCIAL,MDB,1
132937,622,2024-06-04,SESSAO ORDINARIA,PRESENCIAL,PSB,1
132938,622,2024-06-04,SESSAO ORDINARIA,PRESENCIAL,MDB,1
132939,622,2024-06-04,SESSAO ORDINARIA,PRESENCIAL,UNIÃO,1
132940,622,2024-06-04,SESSAO ORDINARIA,PRESENCIAL,PSOL,1
132941,622,2024-06-04,SESSAO ORDINARIA,PRESENCIAL,PT,1
132942,622,2024-06-04,SESSAO ORDINARIA,PRESENCIAL,MDB,1
132943,622,2024-06-04,SESSAO ORDINARIA,PRESENCIAL,MDB,1
132944,622,2024-06-04,SESSAO ORDINARIA,PRESENCIAL,MDB,1
132945,622,2024-06-04,SESSAO ORDINARIA,PRESENCIAL,PSD,1
132946,622,2024-06-04,SESSAO ORDINARIA,PRESENCIAL,AVANTE,1
132947,622,2024-06-04,SESSAO ORDINARIA,PRESENCIAL,REPUBLICANOS,1
132948,622,2024-06-04,SESSAO ORDINARIA,PRESENCIAL,PSOL,1
132949,622,2024-06-04,SESSAO ORDINARIA,PRESENCIAL,PP,1
132950,622,2024-06-04,SESSAO ORDINARIA,PRESENCIAL,CIDADANIA,1
132951,622,2024-06-04,SESSAO ORDINARIA,PRESENCIAL,PP,1
132952,622,2024-06-04,SESSAO ORDINARIA,PRESENCIAL,PT,1
132953,622,2024-06-04,SESSAO ORDINARIA,PRESENCIAL,PSD,1
132954,622,2024-06-04,SESSAO ORDINARIA,PRESENCIAL,NOVO,1
132955,622,2024-06-04,SESSAO ORDINARIA,PRESENCIAL,PL,1
132956,622,2024-06-04,SESSAO ORDINARIA,PRESENCIAL,MDB,1
132957,623,2024-06-05,SESSAO ORDINARIA,PRESENCIAL,MDB,1
132958,623,2024-06-05,SESSAO ORDINARIA,PRESENCIAL,PSB,1
132959,623,2024-06-05,SESSAO ORDINARIA,PRESENCIAL,MDB,1
132960,623,2024-06-05,SESSAO ORDINARIA,PRESENCIAL,PSOL,1
132961,623,2024-06-05,SESSAO ORDINARIA,PRESENCIAL,PT,1
132962,623,2024-06-05,SESSAO ORDINARIA,PRESENCIAL,MDB,1
132963,623,2024-06-05,SESSAO ORDINARIA,PRESENCIAL,MDB,1
132964,623,2024-06-05,SESSAO ORDINARIA,PRESENCIAL,REPUBLICANOS,1
132965,623,2024-06-05,SESSAO ORDINARIA,PRESENCIAL,PSOL,1
132966,623,2024-06-05,SESSAO ORDINARIA,PRESENCIAL,PP,1
132967,623,2024-06-05,SESSAO ORDINARIA,PRESENCIAL,CIDADANIA,1
132968,623,2024-06-05,SESSAO ORDINARIA,PRESENCIAL,PP,1
132969,623,2024-06-05,SESSAO ORDINARIA,PRESENCIAL,PT,1
132970,623,2024-06-05,SESSAO ORDINARIA,PRESENCIAL,NOVO,1
132971,623,2024-06-05,SESSAO ORDINARIA,PRESENCIAL,PL,1
132972,624,2024-06-11,SESSAO EXTRAORDINARIA,PRESENCIAL,PT,1
132973,624,2024-06-11,SESSAO EXTRAORDINARIA,PRESENCIAL,PSB,1
132974,624,2024-06-11,SESSAO EXTRAORDINARIA,PRESENCIAL,UNIÃO,2
132975,624,2024-06-11,SESSAO EXTRAORDINARIA,PRESENCIAL,PSOL,1
132976,624,2024-06-11,SESSAO EXTRAORDINARIA,PRESENCIAL,PT,1
132977,624,2024-06-11,SESSAO EXTRAORDINARIA,PRESENCIAL,MDB,1
132978,624,2024-06-11,SESSAO EXTRAORDINARIA,PRESENCIAL,PL,1
132979,624,2024-06-11,SESSAO EXTRAORDINARIA,PRESENCIAL,AVANTE,1
132980,624,2024-06-11,SESSAO EXTRAORDINARIA,PRESENCIAL,REPUBLICANOS,1
132981,624,2024-06-11,SESSAO EXTRAORDINARIA,PRESENCIAL,PSOL,1
132982,624,2024-06-11,SESSAO EXTRAORDINARIA,PRESENCIAL,PP,1
132983,624,2024-06-11,SESSAO EXTRAORDINARIA,PRESENCIAL,PP,1
132984,624,2024-06-11,SESSAO EXTRAORDINARIA,PRESENCIAL,PSD,1
132985,624,2024-06-11,SESSAO EXTRAORDINARIA,PRESENCIAL,NOVO,1
132986,624,2024-06-11,SESSAO EXTRAORDINARIA,PRESENCIAL,PL,1
132987,624,2024-06-11,SESSAO EXTRAORDINARIA,PRESENCIAL,PL,1
132988,624,2024-06-11,SESSAO EXTRAORDINARIA,PRESENCIAL,MDB,2
132989,625,2024-06-18,SESSAO EXTRAORDINARIA,PRESENCIAL,PT,1
132990,625,2024-06-18,SESSAO EXTRAORDINARIA,PRESENCIAL,PSB,1
132991,625,2024-06-18,SESSAO EXTRAORDINARIA,PRESENCIAL,MDB,1
132992,625,2024-06-18,SESSAO EXTRAORDINARIA,PRESENCIAL,UNIÃO,1
132993,625,2024-06-18,SESSAO EXTRAORDINARIA,PRESENCIAL,PSOL,1
132994,625,2024-06-18,SESSAO EXTRAORDINARIA,PRESENCIAL,PT,1
132995,625,2024-06-18,SESSAO EXTRAORDINARIA,PRESENCIAL,MDB,1
132996,625,2024-06-18,SESSAO EXTRAORDINARIA,PRESENCIAL,MDB,1
132997,625,2024-06-18,SESSAO EXTRAORDINARIA,PRESENCIAL,AVANTE,1
132998,625,2024-06-18,SESSAO EXTRAORDINARIA,PRESENCIAL,REPUBLICANOS,1
132999,625,2024-06-18,SESSAO EXTRAORDINARIA,PRESENCIAL,PSOL,1
133000,625,2024-06-18,SESSAO EXTRAORDINARIA,PRESENCIAL,PP,1
133001,625,2024-06-18,SESSAO EXTRAORDINARIA,PRESENCIAL,CIDADANIA,1
133002,625,2024-06-18,SESSAO EXTRAORDINARIA,PRESENCIAL,PP,1
133003,625,2024-06-18,SESSAO EXTRAORDINARIA,PRESENCIAL,PT,1
133004,625,2024-06-18,SESSAO EXTRAORDINARIA,PRESENCIAL,PSD,1
133005,625,2024-06-18,SESSAO EXTRAORDINARIA,PRESENCIAL,NOVO,1
133006,625,2024-06-18,SESSAO EXTRAORDINARIA,PRESENCIAL,PL,1
133007,625,2024-06-18,SESSAO EXTRAORDINARIA,PRESENCIAL,PL,1
133008,625,2024-06-18,SESSAO EXTRAORDINARIA,PRESENCIAL,MDB,1
133009,626,2024-06-06,SESSAO ORDINARIA,PRESENCIAL,CIDADANIA,1
133010,626,2024-06-06,SESSAO ORDINARIA,PRESENCIAL,PL,1
133011,627,2024-06-11,SESSAO ORDINARIA,PRESENCIAL,PT,1
133012,627,2024-06-11,SESSAO ORDINARIA,PRESENCIAL,PSB,1
133013,627,2024-06-11,SESSAO ORDINARIA,PRESENCIAL,MDB,1
133014,627,2024-06-11,SESSAO ORDINARIA,PRESENCIAL,UNIÃO,1
133015,627,2024-06-11,SESSAO ORDINARIA,PRESENCIAL,PSOL,2
133016,627,2024-06-11,SESSAO ORDINARIA,PRESENCIAL,PT,1
133017,627,2024-06-11,SESSAO ORDINARIA,PRESENCIAL,MDB,1
133018,627,2024-06-11,SESSAO ORDINARIA,PRESENCIAL,MDB,1
133019,627,2024-06-11,SESSAO ORDINARIA,PRESENCIAL,PL,1
133020,627,2024-06-11,SESSAO ORDINARIA,PRESENCIAL,PSD,1
133021,627,2024-06-11,SESSAO ORDINARIA,PRESENCIAL,AVANTE,1
133022,627,2024-06-11,SESSAO ORDINARIA,PRESENCIAL,REPUBLICANOS,1
133023,627,2024-06-11,SESSAO ORDINARIA,PRESENCIAL,PSOL,1
133024,627,2024-06-11,SESSAO ORDINARIA,PRESENCIAL,PP,1
133025,627,2024-06-11,SESSAO ORDINARIA,PRESENCIAL,PP,1
133026,627,2024-06-11,SESSAO ORDINARIA,PRESENCIAL,PSD,2
133027,627,2024-06-11,SESSAO ORDINARIA,PRESENCIAL,NOVO,1
133028,627,2024-06-11,SESSAO ORDINARIA,PRESENCIAL,PL,1
133029,627,2024-06-11,SESSAO ORDINARIA,PRESENCIAL,PL,1
133030,627,2024-06-11,SESSAO ORDINARIA,PRESENCIAL,MDB,1
133031,628,2024-06-12,SESSAO ORDINARIA,PRESENCIAL,PT,1
133032,628,2024-06-12,SESSAO ORDINARIA,PRESENCIAL,PSB,1
133033,628,2024-06-12,SESSAO ORDINARIA,PRESENCIAL,MDB,1
133034,628,2024-06-12,SESSAO ORDINARIA,PRESENCIAL,UNIÃO,1
133035,628,2024-06-12,SESSAO ORDINARIA,PRESENCIAL,PSOL,1
133036,628,2024-06-12,SESSAO ORDINARIA,PRESENCIAL,PT,1
133037,628,2024-06-12,SESSAO ORDINARIA,PRESENCIAL,MDB,1
133038,628,2024-06-12,SESSAO ORDINARIA,PRESENCIAL,MDB,1
133039,628,2024-06-12,SESSAO ORDINARIA,PRESENCIAL,PL,1
133040,628,2024-06-12,SESSAO ORDINARIA,PRESENCIAL,PSD,1
133041,628,2024-06-12,SESSAO ORDINARIA,PRESENCIAL,AVANTE,1
133042,628,2024-06-12,SESSAO ORDINARIA,PRESENCIAL,REPUBLICANOS,1
133043,628,2024-06-12,SESSAO ORDINARIA,PRESENCIAL,PSOL,1
133044,628,2024-06-12,SESSAO ORDINARIA,PRESENCIAL,PP,1
133045,628,2024-06-12,SESSAO ORDINARIA,PRESENCIAL,PP,1
133046,628,2024-06-12,SESSAO ORDINARIA,PRESENCIAL,PT,1
133047,628,2024-06-12,SESSAO ORDINARIA,PRESENCIAL,NOVO,1
133048,628,2024-06-12,SESSAO ORDINARIA,PRESENCIAL,PL,1
133049,628,2024-06-12,SESSAO ORDINARIA,PRESENCIAL,MDB,1
133050,629,2024-06-13,SESSAO ORDINARIA,PRESENCIAL,PT,1
133051,629,2024-06-13,SESSAO ORDINARIA,PRESENCIAL,PSB,1
133052,629,2024-06-13,SESSAO ORDINARIA,PRESENCIAL,PSOL,1
133053,629,2024-06-13,SESSAO ORDINARIA,PRESENCIAL,PT,1
133054,629,2024-06-13,SESSAO ORDINARIA,PRESENCIAL,MDB,1
133055,629,2024-06-13,SESSAO ORDINARIA,PRESENCIAL,PSOL,1
133056,629,2024-06-13,SESSAO ORDINARIA,PRESENCIAL,PP,1
133057,629,2024-06-13,SESSAO ORDINARIA,PRESENCIAL,PT,1
133058,629,2024-06-13,SESSAO ORDINARIA,PRESENCIAL,PL,1
133059,629,2024-06-13,SESSAO ORDINARIA,PRESENCIAL,MDB,1
133060,630,2024-06-18,SESSAO ORDINARIA,PRESENCIAL,PT,1
133061,630,2024-06-18,SESSAO ORDINARIA,PRESENCIAL,MDB,1
133062,630,2024-06-18,SESSAO ORDINARIA,PRESENCIAL,PSB,1
133063,630,2024-06-18,SESSAO ORDINARIA,PRESENCIAL,MDB,1
133064,630,2024-06-18,SESSAO ORDINARIA,PRESENCIAL,UNIÃO,1
133065,630,2024-06-18,SESSAO ORDINARIA,PRESENCIAL,PSOL,1
133066,630,2024-06-18,SESSAO ORDINARIA,PRESENCIAL,PT,1
133067,630,2024-06-18,SESSAO ORDINARIA,PRESENCIAL,MDB,1
133068,630,2024-06-18,SESSAO ORDINARIA,PRESENCIAL,MDB,1
133069,630,2024-06-18,SESSAO ORDINARIA,PRESENCIAL,MDB,1
133070,630,2024-06-18,SESSAO ORDINARIA,PRESENCIAL,PSD,1
133071,630,2024-06-18,SESSAO ORDINARIA,PRESENCIAL,AVANTE,1
133072,630,2024-06-18,SESSAO ORDINARIA,PRESENCIAL,REPUBLICANOS,2
133073,630,2024-06-18,SESSAO ORDINARIA,PRESENCIAL,PSOL,1
133074,630,2024-06-18,SESSAO ORDINARIA,PRESENCIAL,PP,1
133075,630,2024-06-18,SESSAO ORDINARIA,PRESENCIAL,CIDADANIA,1
133076,630,2024-06-18,SESSAO ORDINARIA,PRESENCIAL,PP,1
133077,630,2024-06-18,SESSAO ORDINARIA,PRESENCIAL,PT,1
133078,630,2024-06-18,SESSAO ORDINARIA,PRESENCIAL,PSD,1
133079,630,2024-06-18,SESSAO ORDINARIA,PRESENCIAL,NOVO,1
133080,630,2024-06-18,SESSAO ORDINARIA,PRESENCIAL,PL,1
133081,630,2024-06-18,SESSAO ORDINARIA,PRESENCIAL,MDB,1
133082,631,2024-06-19,SESSAO ORDINARIA,PRESENCIAL,PT,1
133083,631,2024-06-19,SESSAO ORDINARIA,PRESENCIAL,MDB,1
133084,631,2024-06-19,SESSAO ORDINARIA,PRESENCIAL,PSB,1
133085,631,2024-06-19,SESSAO ORDINARIA,PRESENCIAL,MDB,1
133086,631,2024-06-19,SESSAO ORDINARIA,PRESENCIAL,UNIÃO,1
133087,631,2024-06-19,SESSAO ORDINARIA,PRESENCIAL,PSOL,1
133088,631,2024-06-19,SESSAO ORDINARIA,PRESENCIAL,PT,1
133089,631,2024-06-19,SESSAO ORDINARIA,PRESENCIAL,MDB,1
133090,631,2024-06-19,SESSAO ORDINARIA,PRESENCIAL,MDB,1
133091,631,2024-06-19,SESSAO ORDINARIA,PRESENCIAL,MDB,1
133092,631,2024-06-19,SESSAO ORDINARIA,PRESENCIAL,PL,1
133093,631,2024-06-19,SESSAO ORDINARIA,PRESENCIAL,PSD,1
133094,631,2024-06-19,SESSAO ORDINARIA,PRESENCIAL,AVANTE,1
133095,631,2024-06-19,SESSAO ORDINARIA,PRESENCIAL,REPUBLICANOS,1
133096,631,2024-06-19,SESSAO ORDINARIA,PRESENCIAL,PSOL,1
133097,631,2024-06-19,SESSAO ORDINARIA,PRESENCIAL,PP,1
133098,631,2024-06-19,SESSAO ORDINARIA,PRESENCIAL,CIDADANIA,2
133099,631,2024-06-19,SESSAO ORDINARIA,PRESENCIAL,PP,1
133100,631,2024-06-19,SESSAO ORDINARIA,PRESENCIAL,PT,1
133101,631,2024-06-19,SESSAO ORDINARIA,PRESENCIAL,PSD,1
133102,631,2024-06-19,SESSAO ORDINARIA,PRESENCIAL,NOVO,1
133103,631,2024-06-19,SESSAO ORDINARIA,PRESENCIAL,PL,1
133104,631,2024-06-19,SESSAO ORDINARIA,PRESENCIAL,PL,1
133105,631,2024-06-19,SESSAO ORDINARIA,PRESENCIAL,MDB,1
133106,632,2024-06-20,SESSAO ORDINARIA,PRESENCIAL,PT,1
133107,632,2024-06-20,SESSAO ORDINARIA,PRESENCIAL,PSB,1
133108,632,2024-06-20,SESSAO ORDINARIA,PRESENCIAL,UNIÃO,1
133109,632,2024-06-20,SESSAO ORDINARIA,PRESENCIAL,PSOL,1
133110,632,2024-06-20,SESSAO ORDINARIA,PRESENCIAL,PT,1
133111,632,2024-06-20,SESSAO ORDINARIA,PRESENCIAL,PL,1
133112,632,2024-06-20,SESSAO ORDINARIA,PRESENCIAL,AVANTE,1
133113,632,2024-06-20,SESSAO ORDINARIA,PRESENCIAL,REPUBLICANOS,1
133114,632,2024-06-20,SESSAO ORDINARIA,PRESENCIAL,PSOL,1
133115,632,2024-06-20,SESSAO ORDINARIA,PRESENCIAL,PP,1
133116,632,2024-06-20,SESSAO ORDINARIA,PRESENCIAL,CIDADANIA,1
133117,632,2024-06-20,SESSAO ORDINARIA,PRESENCIAL,PP,1
133118,632,2024-06-20,SESSAO ORDINARIA,PRESENCIAL,PT,1
133119,632,2024-06-20,SESSAO ORDINARIA,PRESENCIAL,PSD,1
133120,632,2024-06-20,SESSAO ORDINARIA,PRESENCIAL,PL,1
133121,632,2024-06-20,SESSAO ORDINARIA,PRESENCIAL,PL,1
133122,633,2024-06-18,SESSAO EXTRAORDINARIA,PRESENCIAL,PT,1
133123,633,2024-06-18,SESSAO EXTRAORDINARIA,PRESENCIAL,PSB,1
133124,633,2024-06-18,SESSAO EXTRAORDINARIA,PRESENCIAL,UNIÃO,1
133125,633,2024-06-18,SESSAO EXTRAORDINARIA,PRESENCIAL,PSOL,1
133126,633,2024-06-18,SESSAO EXTRAORDINARIA,PRESENCIAL,PT,1
133127,633,2024-06-18,SESSAO EXTRAORDINARIA,PRESENCIAL,MDB,1
133128,633,2024-06-18,SESSAO EXTRAORDINARIA,PRESENCIAL,MDB,1
133129,633,2024-06-18,SESSAO EXTRAORDINARIA,PRESENCIAL,AVANTE,1
133130,633,2024-06-18,SESSAO EXTRAORDINARIA,PRESENCIAL,REPUBLICANOS,1
133131,633,2024-06-18,SESSAO EXTRAORDINARIA,PRESENCIAL,PSOL,1
133132,633,2024-06-18,SESSAO EXTRAORDINARIA,PRESENCIAL,PP,1
133133,633,2024-06-18,SESSAO EXTRAORDINARIA,PRESENCIAL,CIDADANIA,1
133134,633,2024-06-18,SESSAO EXTRAORDINARIA,PRESENCIAL,PP,1
133135,633,2024-06-18,SESSAO EXTRAORDINARIA,PRESENCIAL,PT,1
133136,633,2024-06-18,SESSAO EXTRAORDINARIA,PRESENCIAL,PSD,1
133137,633,2024-06-18,SESSAO EXTRAORDINARIA,PRESENCIAL,NOVO,1
133138,633,2024-06-18,SESSAO EXTRAORDINARIA,PRESENCIAL,PL,1
133139,633,2024-06-18,SESSAO EXTRAORDINARIA,PRESENCIAL,PL,1
133140,633,2024-06-18,SESSAO EXTRAORDINARIA,PRESENCIAL,MDB,1
133141,634,2024-06-19,SESSAO EXTRAORDINARIA,PRESENCIAL,PT,1
133142,634,2024-06-19,SESSAO EXTRAORDINARIA,PRESENCIAL,MDB,1
133143,634,2024-06-19,SESSAO EXTRAORDINARIA,PRESENCIAL,PSB,1
133144,634,2024-06-19,SESSAO EXTRAORDINARIA,PRESENCIAL,MDB,1
133145,634,2024-06-19,SESSAO EXTRAORDINARIA,PRESENCIAL,UNIÃO,1
133146,634,2024-06-19,SESSAO EXTRAORDINARIA,PRESENCIAL,PSOL,1
133147,634,2024-06-19,SESSAO EXTRAORDINARIA,PRESENCIAL,PT,1
133148,634,2024-06-19,SESSAO EXTRAORDINARIA,PRESENCIAL,MDB,1
133149,634,2024-06-19,SESSAO EXTRAORDINARIA,PRESENCIAL,MDB,1
133150,634,2024-06-19,SESSAO EXTRAORDINARIA,PRESENCIAL,MDB,1
133151,634,2024-06-19,SESSAO EXTRAORDINARIA,PRESENCIAL,PL,1
133152,634,2024-06-19,SESSAO EXTRAORDINARIA,PRESENCIAL,PSD,1
133153,634,2024-06-19,SESSAO EXTRAORDINARIA,PRESENCIAL,AVANTE,1
133154,634,2024-06-19,SESSAO EXTRAORDINARIA,PRESENCIAL,REPUBLICANOS,1
133155,634,2024-06-19,SESSAO EXTRAORDINARIA,PRESENCIAL,PSOL,1
133156,634,2024-06-19,SESSAO EXTRAORDINARIA,PRESENCIAL,PP,1
133157,634,2024-06-19,SESSAO EXTRAORDINARIA,PRESENCIAL,CIDADANIA,1
133158,634,2024-06-19,SESSAO EXTRAORDINARIA,PRESENCIAL,PP,1
133159,634,2024-06-19,SESSAO EXTRAORDINARIA,PRESENCIAL,PT,1
133160,634,2024-06-19,SESSAO EXTRAORDINARIA,PRESENCIAL,PSD,1
133161,634,2024-06-19,SESSAO EXTRAORDINARIA,PRESENCIAL,NOVO,1
133162,634,2024-06-19,SESSAO EXTRAORDINARIA,PRESENCIAL,PL,1
133163,634,2024-06-19,SESSAO EXTRAORDINARIA,PRESENCIAL,PL,1
133164,634,2024-06-19,SESSAO EXTRAORDINARIA,PRESENCIAL,MDB,1
133165,635,2024-06-25,SESSAO EXTRAORDINARIA,PRESENCIAL,PT,1
133166,635,2024-06-25,SESSAO EXTRAORDINARIA,PRESENCIAL,MDB,1
133167,635,2024-06-25,SESSAO EXTRAORDINARIA,PRESENCIAL,PSB,1
133168,635,2024-06-25,SESSAO EXTRAORDINARIA,PRESENCIAL,UNIÃO,1
133169,635,2024-06-25,SESSAO EXTRAORDINARIA,PRESENCIAL,PSOL,1
133170,635,2024-06-25,SESSAO EXTRAORDINARIA,PRESENCIAL,PT,1
133171,635,2024-06-25,SESSAO EXTRAORDINARIA,PRESENCIAL,MDB,1
133172,635,2024-06-25,SESSAO EXTRAORDINARIA,PRESENCIAL,MDB,1
133173,635,2024-06-25,SESSAO EXTRAORDINARIA,PRESENCIAL,MDB,1
133174,635,2024-06-25,SESSAO EXTRAORDINARIA,PRESENCIAL,PL,1
133175,635,2024-06-25,SESSAO EXTRAORDINARIA,PRESENCIAL,PSD,1
133176,635,2024-06-25,SESSAO EXTRAORDINARIA,PRESENCIAL,AVANTE,2
133177,635,2024-06-25,SESSAO EXTRAORDINARIA,PRESENCIAL,REPUBLICANOS,1
133178,635,2024-06-25,SESSAO EXTRAORDINARIA,PRESENCIAL,PSOL,1
133179,635,2024-06-25,SESSAO EXTRAORDINARIA,PRESENCIAL,PP,1
133180,635,2024-06-25,SESSAO EXTRAORDINARIA,PRESENCIAL,PP,1
133181,635,2024-06-25,SESSAO EXTRAORDINARIA,PRESENCIAL,PT,1
133182,635,2024-06-25,SESSAO EXTRAORDINARIA,PRESENCIAL,PSD,1
133183,635,2024-06-25,SESSAO EXTRAORDINARIA,PRESENCIAL,NOVO,1
133184,635,2024-06-25,SESSAO EXTRAORDINARIA,PRESENCIAL,PL,1
133185,635,2024-06-25,SESSAO EXTRAORDINARIA,PRESENCIAL,PL,1
133186,635,2024-06-25,SESSAO EXTRAORDINARIA,PRESENCIAL,MDB,1
133187,636,2024-06-25,SESSAO ORDINARIA,PRESENCIAL,PT,1
133188,636,2024-06-25,SESSAO ORDINARIA,PRESENCIAL,MDB,1
133189,636,2024-06-25,SESSAO ORDINARIA,PRESENCIAL,PSB,1
133190,636,2024-06-25,SESSAO ORDINARIA,PRESENCIAL,UNIÃO,1
133191,636,2024-06-25,SESSAO ORDINARIA,PRESENCIAL,PSOL,1
133192,636,2024-06-25,SESSAO ORDINARIA,PRESENCIAL,PT,1
133193,636,2024-06-25,SESSAO ORDINARIA,PRESENCIAL,MDB,1
133194,636,2024-06-25,SESSAO ORDINARIA,PRESENCIAL,MDB,1
133195,636,2024-06-25,SESSAO ORDINARIA,PRESENCIAL,MDB,1
133196,636,2024-06-25,SESSAO ORDINARIA,PRESENCIAL,PL,1
133197,636,2024-06-25,SESSAO ORDINARIA,PRESENCIAL,PSD,1
133198,636,2024-06-25,SESSAO ORDINARIA,PRESENCIAL,AVANTE,1
133199,636,2024-06-25,SESSAO ORDINARIA,PRESENCIAL,REPUBLICANOS,1
133200,636,2024-06-25,SESSAO ORDINARIA,PRESENCIAL,PSOL,1
133201,636,2024-06-25,SESSAO ORDINARIA,PRESENCIAL,PP,1
133202,636,2024-06-25,SESSAO ORDINARIA,PRESENCIAL,PP,1
133203,636,2024-06-25,SESSAO ORDINARIA,PRESENCIAL,PT,1
133204,636,2024-06-25,SESSAO ORDINARIA,PRESENCIAL,PSD,1
133205,636,2024-06-25,SESSAO ORDINARIA,PRESENCIAL,NOVO,1
133206,636,2024-06-25,SESSAO ORDINARIA,PRESENCIAL,PL,1
133207,636,2024-06-25,SESSAO ORDINARIA,PRESENCIAL,PL,1
133208,636,2024-06-25,SESSAO ORDINARIA,PRESENCIAL,MDB,1
133209,637,2024-08-01,SESSAO ORDINARIA,PRESENCIAL,PT,1
133210,637,2024-08-01,SESSAO ORDINARIA,PRESENCIAL,MDB,1
133211,637,2024-08-01,SESSAO ORDINARIA,PRESENCIAL,PSB,1
133212,637,2024-08-01,SESSAO ORDINARIA,PRESENCIAL,MDB,1
133213,637,2024-08-01,SESSAO ORDINARIA,PRESENCIAL,PSOL,1
133214,637,2024-08-01,SESSAO ORDINARIA,PRESENCIAL,PT,1
133215,637,2024-08-01,SESSAO ORDINARIA,PRESENCIAL,MDB,1
133216,637,2024-08-01,SESSAO ORDINARIA,PRESENCIAL,MDB,1
133217,637,2024-08-01,SESSAO ORDINARIA,PRESENCIAL,PL,1
133218,637,2024-08-01,SESSAO ORDINARIA,PRESENCIAL,REPUBLICANOS,1
133219,637,2024-08-01,SESSAO ORDINARIA,PRESENCIAL,PP,1
133220,637,2024-08-01,SESSAO ORDINARIA,PRESENCIAL,PP,1
133221,637,2024-08-01,SESSAO ORDINARIA,PRESENCIAL,PT,1
133222,637,2024-08-01,SESSAO ORDINARIA,PRESENCIAL,NOVO,1
133223,637,2024-08-01,SESSAO ORDINARIA,PRESENCIAL,PL,1
133224,637,2024-08-01,SESSAO ORDINARIA,PRESENCIAL,PL,1
133225,637,2024-08-01,SESSAO ORDINARIA,PRESENCIAL,MDB,1
133226,638,2024-08-06,SESSAO ORDINARIA,PRESENCIAL,PT,1
133227,638,2024-08-06,SESSAO ORDINARIA,PRESENCIAL,MDB,1
133228,638,2024-08-06,SESSAO ORDINARIA,PRESENCIAL,PSB,1
133229,638,2024-08-06,SESSAO ORDINARIA,PRESENCIAL,MDB,1
133230,638,2024-08-06,SESSAO ORDINARIA,PRESENCIAL,UNIÃO,1
133231,638,2024-08-06,SESSAO ORDINARIA,PRESENCIAL,PSOL,1
133232,638,2024-08-06,SESSAO ORDINARIA,PRESENCIAL,PT,1
133233,638,2024-08-06,SESSAO ORDINARIA,PRESENCIAL,MDB,1
133234,638,2024-08-06,SESSAO ORDINARIA,PRESENCIAL,MDB,1
133235,638,2024-08-06,SESSAO ORDINARIA,PRESENCIAL,PL,1
133236,638,2024-08-06,SESSAO ORDINARIA,PRESENCIAL,PSOL,1
133237,638,2024-08-06,SESSAO ORDINARIA,PRESENCIAL,PP,1
133238,638,2024-08-06,SESSAO ORDINARIA,PRESENCIAL,CIDADANIA,1
133239,638,2024-08-06,SESSAO ORDINARIA,PRESENCIAL,PP,1
133240,638,2024-08-06,SESSAO ORDINARIA,PRESENCIAL,PT,1
133241,638,2024-08-06,SESSAO ORDINARIA,PRESENCIAL,PSD,1
133242,638,2024-08-06,SESSAO ORDINARIA,PRESENCIAL,NOVO,1
133243,638,2024-08-06,SESSAO ORDINARIA,PRESENCIAL,PL,1
133244,638,2024-08-06,SESSAO ORDINARIA,PRESENCIAL,PL,1
133245,638,2024-08-06,SESSAO ORDINARIA,PRESENCIAL,MDB,1
133246,639,2024-08-07,SESSAO EXTRAORDINARIA,PRESENCIAL,PT,1
133247,639,2024-08-07,SESSAO EXTRAORDINARIA,PRESENCIAL,MDB,1
133248,639,2024-08-07,SESSAO EXTRAORDINARIA,PRESENCIAL,PSB,1
133249,639,2024-08-07,SESSAO EXTRAORDINARIA,PRESENCIAL,MDB,1
133250,639,2024-08-07,SESSAO EXTRAORDINARIA,PRESENCIAL,UNIÃO,1
133251,639,2024-08-07,SESSAO EXTRAORDINARIA,PRESENCIAL,PSOL,1
133252,639,2024-08-07,SESSAO EXTRAORDINARIA,PRESENCIAL,PT,1
133253,639,2024-08-07,SESSAO EXTRAORDINARIA,PRESENCIAL,MDB,1
133254,639,2024-08-07,SESSAO EXTRAORDINARIA,PRESENCIAL,MDB,1
133255,639,2024-08-07,SESSAO EXTRAORDINARIA,PRESENCIAL,MDB,1
133256,639,2024-08-07,SESSAO EXTRAORDINARIA,PRESENCIAL,PL,1
133257,639,2024-08-07,SESSAO EXTRAORDINARIA,PRESENCIAL,PSD,1
133258,639,2024-08-07,SESSAO EXTRAORDINARIA,PRESENCIAL,REPUBLICANOS,1
133259,639,2024-08-07,SESSAO EXTRAORDINARIA,PRESENCIAL,PSOL,1
133260,639,2024-08-07,SESSAO EXTRAORDINARIA,PRESENCIAL,PP,1
133261,639,2024-08-07,SESSAO EXTRAORDINARIA,PRESENCIAL,CIDADANIA,1
133262,639,2024-08-07,SESSAO EXTRAORDINARIA,PRESENCIAL,PP,1
133263,639,2024-08-07,SESSAO EXTRAORDINARIA,PRESENCIAL,PT,1
133264,639,2024-08-07,SESSAO EXTRAORDINARIA,PRESENCIAL,PSD,1
133265,639,2024-08-07,SESSAO EXTRAORDINARIA,PRESENCIAL,NOVO,1
133266,639,2024-08-07,SESSAO EXTRAORDINARIA,PRESENCIAL,PL,1
133267,639,2024-08-07,SESSAO EXTRAORDINARIA,PRESENCIAL,PL,1
133268,639,2024-08-07,SESSAO EXTRAORDINARIA,PRESENCIAL,MDB,1
133269,640,2024-08-07,SESSAO EXTRAORDINARIA,PRESENCIAL,PT,1
133270,640,2024-08-07,SESSAO EXTRAORDINARIA,PRESENCIAL,MDB,1
133271,640,2024-08-07,SESSAO EXTRAORDINARIA,PRESENCIAL,PSB,1
133272,640,2024-08-07,SESSAO EXTRAORDINARIA,PRESENCIAL,UNIÃO,1
133273,640,2024-08-07,SESSAO EXTRAORDINARIA,PRESENCIAL,PSOL,1
133274,640,2024-08-07,SESSAO EXTRAORDINARIA,PRESENCIAL,PT,1
133275,640,2024-08-07,SESSAO EXTRAORDINARIA,PRESENCIAL,MDB,1
133276,640,2024-08-07,SESSAO EXTRAORDINARIA,PRESENCIAL,MDB,1
133277,640,2024-08-07,SESSAO EXTRAORDINARIA,PRESENCIAL,PSD,1
133278,640,2024-08-07,SESSAO EXTRAORDINARIA,PRESENCIAL,REPUBLICANOS,1
133279,640,2024-08-07,SESSAO EXTRAORDINARIA,PRESENCIAL,PSOL,1
133280,640,2024-08-07,SESSAO EXTRAORDINARIA,PRESENCIAL,PP,1
133281,640,2024-08-07,SESSAO EXTRAORDINARIA,PRESENCIAL,CIDADANIA,1
133282,640,2024-08-07,SESSAO EXTRAORDINARIA,PRESENCIAL,PP,1
133283,640,2024-08-07,SESSAO EXTRAORDINARIA,PRESENCIAL,PT,1
133284,640,2024-08-07,SESSAO EXTRAORDINARIA,PRESENCIAL,PSD,1
133285,640,2024-08-07,SESSAO EXTRAORDINARIA,PRESENCIAL,NOVO,1
133286,640,2024-08-07,SESSAO EXTRAORDINARIA,PRESENCIAL,PL,1
133287,640,2024-08-07,SESSAO EXTRAORDINARIA,PRESENCIAL,MDB,1
133288,641,2024-08-07,SESSAO ORDINARIA,PRESENCIAL,PT,1
133289,641,2024-08-07,SESSAO ORDINARIA,PRESENCIAL,MDB,1
133290,641,2024-08-07,SESSAO ORDINARIA,PRESENCIAL,PSB,1
133291,641,2024-08-07,SESSAO ORDINARIA,PRESENCIAL,MDB,1
133292,641,2024-08-07,SESSAO ORDINARIA,PRESENCIAL,UNIÃO,1
133293,641,2024-08-07,SESSAO ORDINARIA,PRESENCIAL,PSOL,1
133294,641,2024-08-07,SESSAO ORDINARIA,PRESENCIAL,PT,1
133295,641,2024-08-07,SESSAO ORDINARIA,PRESENCIAL,MDB,1
133296,641,2024-08-07,SESSAO ORDINARIA,PRESENCIAL,MDB,1
133297,641,2024-08-07,SESSAO ORDINARIA,PRESENCIAL,MDB,1
133298,641,2024-08-07,SESSAO ORDINARIA,PRESENCIAL,PL,1
133299,641,2024-08-07,SESSAO ORDINARIA,PRESENCIAL,PSD,1
133300,641,2024-08-07,SESSAO ORDINARIA,PRESENCIAL,REPUBLICANOS,1
133301,641,2024-08-07,SESSAO ORDINARIA,PRESENCIAL,PSOL,1
133302,641,2024-08-07,SESSAO ORDINARIA,PRESENCIAL,PP,1
133303,641,2024-08-07,SESSAO ORDINARIA,PRESENCIAL,CIDADANIA,1
133304,641,2024-08-07,SESSAO ORDINARIA,PRESENCIAL,PP,1
133305,641,2024-08-07,SESSAO ORDINARIA,PRESENCIAL,PT,1
133306,641,2024-08-07,SESSAO ORDINARIA,PRESENCIAL,PSD,1
133307,641,2024-08-07,SESSAO ORDINARIA,PRESENCIAL,NOVO,1
133308,641,2024-08-07,SESSAO ORDINARIA,PRESENCIAL,PL,1
133309,641,2024-08-07,SESSAO ORDINARIA,PRESENCIAL,PL,1
133310,641,2024-08-07,SESSAO ORDINARIA,PRESENCIAL,MDB,1
133311,642,2024-08-07,SESSAO EXTRAORDINARIA,PRESENCIAL,PT,1
133312,642,2024-08-07,SESSAO EXTRAORDINARIA,PRESENCIAL,MDB,1
133313,642,2024-08-07,SESSAO EXTRAORDINARIA,PRESENCIAL,PSB,1
133314,642,2024-08-07,SESSAO EXTRAORDINARIA,PRESENCIAL,MDB,1
133315,642,2024-08-07,SESSAO EXTRAORDINARIA,PRESENCIAL,UNIÃO,1
133316,642,2024-08-07,SESSAO EXTRAORDINARIA,PRESENCIAL,PSOL,1
133317,642,2024-08-07,SESSAO EXTRAORDINARIA,PRESENCIAL,PT,1
133318,642,2024-08-07,SESSAO EXTRAORDINARIA,PRESENCIAL,MDB,1
133319,642,2024-08-07,SESSAO EXTRAORDINARIA,PRESENCIAL,MDB,1
133320,642,2024-08-07,SESSAO EXTRAORDINARIA,PRESENCIAL,MDB,1
133321,642,2024-08-07,SESSAO EXTRAORDINARIA,PRESENCIAL,PL,1
133322,642,2024-08-07,SESSAO EXTRAORDINARIA,PRESENCIAL,PSD,1
133323,642,2024-08-07,SESSAO EXTRAORDINARIA,PRESENCIAL,REPUBLICANOS,1
133324,642,2024-08-07,SESSAO EXTRAORDINARIA,PRESENCIAL,PSOL,1
133325,642,2024-08-07,SESSAO EXTRAORDINARIA,PRESENCIAL,PP,1
133326,642,2024-08-07,SESSAO EXTRAORDINARIA,PRESENCIAL,CIDADANIA,1
133327,642,2024-08-07,SESSAO EXTRAORDINARIA,PRESENCIAL,PP,1
133328,642,2024-08-07,SESSAO EXTRAORDINARIA,PRESENCIAL,PT,1
133329,642,2024-08-07,SESSAO EXTRAORDINARIA,PRESENCIAL,PSD,1
133330,642,2024-08-07,SESSAO EXTRAORDINARIA,PRESENCIAL,NOVO,1
133331,642,2024-08-07,SESSAO EXTRAORDINARIA,PRESENCIAL,PL,1
133332,642,2024-08-07,SESSAO EXTRAORDINARIA,PRESENCIAL,PL,1
133333,642,2024-08-07,SESSAO EXTRAORDINARIA,PRESENCIAL,MDB,1
133334,643,2024-08-08,SESSAO ORDINARIA,PRESENCIAL,PT,1
133335,643,2024-08-08,SESSAO ORDINARIA,PRESENCIAL,CIDADANIA,1
133336,643,2024-08-08,SESSAO ORDINARIA,PRESENCIAL,PL,1
133337,644,2024-08-14,SESSAO ORDINARIA,PRESENCIAL,PT,1
133338,644,2024-08-14,SESSAO ORDINARIA,PRESENCIAL,MDB,1
133339,644,2024-08-14,SESSAO ORDINARIA,PRESENCIAL,PSB,1
133340,644,2024-08-14,SESSAO ORDINARIA,PRESENCIAL,UNIÃO,1
133341,644,2024-08-14,SESSAO ORDINARIA,PRESENCIAL,PSOL,1
133342,644,2024-08-14,SESSAO ORDINARIA,PRESENCIAL,PT,1
133343,644,2024-08-14,SESSAO ORDINARIA,PRESENCIAL,MDB,1
133344,644,2024-08-14,SESSAO ORDINARIA,PRESENCIAL,MDB,1
133345,644,2024-08-14,SESSAO ORDINARIA,PRESENCIAL,PL,1
133346,644,2024-08-14,SESSAO ORDINARIA,PRESENCIAL,PSD,1
133347,644,2024-08-14,SESSAO ORDINARIA,PRESENCIAL,AVANTE,1
133348,644,2024-08-14,SESSAO ORDINARIA,PRESENCIAL,REPUBLICANOS,1
133349,644,2024-08-14,SESSAO ORDINARIA,PRESENCIAL,PSOL,1
133350,644,2024-08-14,SESSAO ORDINARIA,PRESENCIAL,PP,1
133351,644,2024-08-14,SESSAO ORDINARIA,PRESENCIAL,CIDADANIA,1
133352,644,2024-08-14,SESSAO ORDINARIA,PRESENCIAL,PP,1
133353,644,2024-08-14,SESSAO ORDINARIA,PRESENCIAL,PT,1
133354,644,2024-08-14,SESSAO ORDINARIA,PRESENCIAL,PL,1
133355,644,2024-08-14,SESSAO ORDINARIA,PRESENCIAL,PL,1
133356,644,2024-08-14,SESSAO ORDINARIA,PRESENCIAL,MDB,1
133357,645,2024-08-15,SESSAO ORDINARIA,PRESENCIAL,PT,1
133358,645,2024-08-15,SESSAO ORDINARIA,PRESENCIAL,PSB,1
133359,645,2024-08-15,SESSAO ORDINARIA,PRESENCIAL,PT,1
133360,645,2024-08-15,SESSAO ORDINARIA,PRESENCIAL,PL,1
133361,645,2024-08-15,SESSAO ORDINARIA,PRESENCIAL,AVANTE,1
133362,645,2024-08-15,SESSAO ORDINARIA,PRESENCIAL,REPUBLICANOS,1
133363,645,2024-08-15,SESSAO ORDINARIA,PRESENCIAL,PSOL,1
133364,645,2024-08-15,SESSAO ORDINARIA,PRESENCIAL,CIDADANIA,1
133365,645,2024-08-15,SESSAO ORDINARIA,PRESENCIAL,PT,1
133366,645,2024-08-15,SESSAO ORDINARIA,PRESENCIAL,PL,1
133367,646,2024-08-14,SESSAO EXTRAORDINARIA,PRESENCIAL,PSB,1
133368,646,2024-08-14,SESSAO EXTRAORDINARIA,PRESENCIAL,UNIÃO,1
133369,646,2024-08-14,SESSAO EXTRAORDINARIA,PRESENCIAL,PSOL,1
133370,646,2024-08-14,SESSAO EXTRAORDINARIA,PRESENCIAL,PT,1
133371,646,2024-08-14,SESSAO EXTRAORDINARIA,PRESENCIAL,MDB,1
133372,646,2024-08-14,SESSAO EXTRAORDINARIA,PRESENCIAL,AVANTE,1
133373,646,2024-08-14,SESSAO EXTRAORDINARIA,PRESENCIAL,REPUBLICANOS,1
133374,646,2024-08-14,SESSAO EXTRAORDINARIA,PRESENCIAL,PSOL,1
133375,646,2024-08-14,SESSAO EXTRAORDINARIA,PRESENCIAL,PP,1
133376,646,2024-08-14,SESSAO EXTRAORDINARIA,PRESENCIAL,CIDADANIA,1
133377,646,2024-08-14,SESSAO EXTRAORDINARIA,PRESENCIAL,PT,1
133378,646,2024-08-14,SESSAO EXTRAORDINARIA,PRESENCIAL,PL,1
133379,646,2024-08-14,SESSAO EXTRAORDINARIA,PRESENCIAL,PL,1
133380,646,2024-08-14,SESSAO EXTRAORDINARIA,PRESENCIAL,MDB,1
133381,647,2024-08-20,SESSAO ORDINARIA,PRESENCIAL,PT,1
133382,647,2024-08-20,SESSAO ORDINARIA,PRESENCIAL,MDB,1
133383,647,2024-08-20,SESSAO ORDINARIA,PRESENCIAL,PSB,1
133384,647,2024-08-20,SESSAO ORDINARIA,PRESENCIAL,UNIÃO,1
133385,647,2024-08-20,SESSAO ORDINARIA,PRESENCIAL,PSOL,1
133386,647,2024-08-20,SESSAO ORDINARIA,PRESENCIAL,PT,1
133387,647,2024-08-20,SESSAO ORDINARIA,PRESENCIAL,MDB,1
133388,647,2024-08-20,SESSAO ORDINARIA,PRESENCIAL,MDB,1
133389,647,2024-08-20,SESSAO ORDINARIA,PRESENCIAL,MDB,1
133390,647,2024-08-20,SESSAO ORDINARIA,PRESENCIAL,PL,1
133391,647,2024-08-20,SESSAO ORDINARIA,PRESENCIAL,PSD,1
133392,647,2024-08-20,SESSAO ORDINARIA,PRESENCIAL,AVANTE,1
133393,647,2024-08-20,SESSAO ORDINARIA,PRESENCIAL,REPUBLICANOS,1
133394,647,2024-08-20,SESSAO ORDINARIA,PRESENCIAL,PSOL,1
133395,647,2024-08-20,SESSAO ORDINARIA,PRESENCIAL,CIDADANIA,1
133396,647,2024-08-20,SESSAO ORDINARIA,PRESENCIAL,PP,1
133397,647,2024-08-20,SESSAO ORDINARIA,PRESENCIAL,PT,1
133398,647,2024-08-20,SESSAO ORDINARIA,PRESENCIAL,PSD,1
133399,647,2024-08-20,SESSAO ORDINARIA,PRESENCIAL,PL,1
133400,647,2024-08-20,SESSAO ORDINARIA,PRESENCIAL,PL,1
133401,647,2024-08-20,SESSAO ORDINARIA,PRESENCIAL,MDB,1
133402,648,2024-08-21,SESSAO ORDINARIA,PRESENCIAL,PT,1
133403,648,2024-08-21,SESSAO ORDINARIA,PRESENCIAL,MDB,1
133404,648,2024-08-21,SESSAO ORDINARIA,PRESENCIAL,PSB,1
133405,648,2024-08-21,SESSAO ORDINARIA,PRESENCIAL,UNIÃO,1
133406,648,2024-08-21,SESSAO ORDINARIA,PRESENCIAL,PSOL,1
133407,648,2024-08-21,SESSAO ORDINARIA,PRESENCIAL,PT,1
133408,648,2024-08-21,SESSAO ORDINARIA,PRESENCIAL,MDB,1
133409,648,2024-08-21,SESSAO ORDINARIA,PRESENCIAL,MDB,1
133410,648,2024-08-21,SESSAO ORDINARIA,PRESENCIAL,MDB,1
133411,648,2024-08-21,SESSAO ORDINARIA,PRESENCIAL,PL,1
133412,648,2024-08-21,SESSAO ORDINARIA,PRESENCIAL,PSD,1
133413,648,2024-08-21,SESSAO ORDINARIA,PRESENCIAL,AVANTE,1
133414,648,2024-08-21,SESSAO ORDINARIA,PRESENCIAL,REPUBLICANOS,1
133415,648,2024-08-21,SESSAO ORDINARIA,PRESENCIAL,PSOL,1
133416,648,2024-08-21,SESSAO ORDINARIA,PRESENCIAL,CIDADANIA,1
133417,648,2024-08-21,SESSAO ORDINARIA,PRESENCIAL,PT,1
133418,648,2024-08-21,SESSAO ORDINARIA,PRESENCIAL,PSD,1
133419,648,2024-08-21,SESSAO ORDINARIA,PRESENCIAL,PL,1
133420,648,2024-08-21,SESSAO ORDINARIA,PRESENCIAL,PL,1
133421,648,2024-08-21,SESSAO ORDINARIA,PRESENCIAL,MDB,1
133422,649,2024-08-27,SESSAO ORDINARIA,PRESENCIAL,MDB,1
133423,649,2024-08-27,SESSAO ORDINARIA,PRESENCIAL,PSB,1
133424,649,2024-08-27,SESSAO ORDINARIA,PRESENCIAL,UNIÃO,1
133425,649,2024-08-27,SESSAO ORDINARIA,PRESENCIAL,PSOL,1
133426,649,2024-08-27,SESSAO ORDINARIA,PRESENCIAL,PT,2
133427,649,2024-08-27,SESSAO ORDINARIA,PRESENCIAL,MDB,1
133428,649,2024-08-27,SESSAO ORDINARIA,PRESENCIAL,MDB,1
133429,649,2024-08-27,SESSAO ORDINARIA,PRESENCIAL,PL,1
133430,649,2024-08-27,SESSAO ORDINARIA,PRESENCIAL,PSD,2
133431,649,2024-08-27,SESSAO ORDINARIA,PRESENCIAL,AVANTE,1
133432,649,2024-08-27,SESSAO ORDINARIA,PRESENCIAL,REPUBLICANOS,1
133433,649,2024-08-27,SESSAO ORDINARIA,PRESENCIAL,PSOL,1
133434,649,2024-08-27,SESSAO ORDINARIA,PRESENCIAL,PP,1
133435,649,2024-08-27,SESSAO ORDINARIA,PRESENCIAL,CIDADANIA,2
133436,649,2024-08-27,SESSAO ORDINARIA,PRESENCIAL,PP,1
133437,649,2024-08-27,SESSAO ORDINARIA,PRESENCIAL,PT,1
133438,649,2024-08-27,SESSAO ORDINARIA,PRESENCIAL,PSD,1
133439,649,2024-08-27,SESSAO ORDINARIA,PRESENCIAL,PL,1
133440,649,2024-08-27,SESSAO ORDINARIA,PRESENCIAL,PL,1
133441,649,2024-08-27,SESSAO ORDINARIA,PRESENCIAL,MDB,2
133442,650,2024-08-28,SESSAO ORDINARIA,PRESENCIAL,MDB,1
133443,650,2024-08-28,SESSAO ORDINARIA,PRESENCIAL,PSB,1
133444,650,2024-08-28,SESSAO ORDINARIA,PRESENCIAL,MDB,1
133445,650,2024-08-28,SESSAO ORDINARIA,PRESENCIAL,UNIÃO,1
133446,650,2024-08-28,SESSAO ORDINARIA,PRESENCIAL,PSOL,1
133447,650,2024-08-28,SESSAO ORDINARIA,PRESENCIAL,PT,1
133448,650,2024-08-28,SESSAO ORDINARIA,PRESENCIAL,MDB,1
133449,650,2024-08-28,SESSAO ORDINARIA,PRESENCIAL,MDB,1
133450,650,2024-08-28,SESSAO ORDINARIA,PRESENCIAL,PL,1
133451,650,2024-08-28,SESSAO ORDINARIA,PRESENCIAL,PSD,1
133452,650,2024-08-28,SESSAO ORDINARIA,PRESENCIAL,AVANTE,1
133453,650,2024-08-28,SESSAO ORDINARIA,PRESENCIAL,PSOL,1
133454,650,2024-08-28,SESSAO ORDINARIA,PRESENCIAL,PP,1
133455,650,2024-08-28,SESSAO ORDINARIA,PRESENCIAL,CIDADANIA,1
133456,650,2024-08-28,SESSAO ORDINARIA,PRESENCIAL,PP,1
133457,650,2024-08-28,SESSAO ORDINARIA,PRESENCIAL,PT,1
133458,650,2024-08-28,SESSAO ORDINARIA,PRESENCIAL,PSD,1
133459,650,2024-08-28,SESSAO ORDINARIA,PRESENCIAL,PL,1
133460,650,2024-08-28,SESSAO ORDINARIA,PRESENCIAL,PL,1
133461,650,2024-08-28,SESSAO ORDINARIA,PRESENCIAL,MDB,1
133462,651,2024-08-29,SESSAO ORDINARIA,PRESENCIAL,PSB,1
133463,651,2024-08-29,SESSAO ORDINARIA,PRESENCIAL,PSOL,1
133464,651,2024-08-29,SESSAO ORDINARIA,PRESENCIAL,PT,1
133465,651,2024-08-29,SESSAO ORDINARIA,PRESENCIAL,PL,1
133466,651,2024-08-29,SESSAO ORDINARIA,PRESENCIAL,PSD,1
133467,651,2024-08-29,SESSAO ORDINARIA,PRESENCIAL,PSOL,1
133468,651,2024-08-29,SESSAO ORDINARIA,PRESENCIAL,PP,1
133469,651,2024-08-29,SESSAO ORDINARIA,PRESENCIAL,CIDADANIA,1
133470,651,2024-08-29,SESSAO ORDINARIA,PRESENCIAL,PT,1
133471,651,2024-08-29,SESSAO ORDINARIA,PRESENCIAL,PL,1
133472,652,2024-09-03,SESSAO EXTRAORDINARIA,PRESENCIAL,PSB,1
133473,652,2024-09-03,SESSAO EXTRAORDINARIA,PRESENCIAL,UNIÃO,1
133474,652,2024-09-03,SESSAO EXTRAORDINARIA,PRESENCIAL,PSOL,1
133475,652,2024-09-03,SESSAO EXTRAORDINARIA,PRESENCIAL,PT,1
133476,652,2024-09-03,SESSAO EXTRAORDINARIA,PRESENCIAL,PSD,1
133477,652,2024-09-03,SESSAO EXTRAORDINARIA,PRESENCIAL,REPUBLICANOS,1
133478,652,2024-09-03,SESSAO EXTRAORDINARIA,PRESENCIAL,PSOL,1
133479,652,2024-09-03,SESSAO EXTRAORDINARIA,PRESENCIAL,PP,1
133480,652,2024-09-03,SESSAO EXTRAORDINARIA,PRESENCIAL,CIDADANIA,1
133481,652,2024-09-03,SESSAO EXTRAORDINARIA,PRESENCIAL,PP,1
133482,652,2024-09-03,SESSAO EXTRAORDINARIA,PRESENCIAL,PT,1
133483,652,2024-09-03,SESSAO EXTRAORDINARIA,PRESENCIAL,NOVO,1
133484,652,2024-09-03,SESSAO EXTRAORDINARIA,PRESENCIAL,PL,1
133485,652,2024-09-03,SESSAO EXTRAORDINARIA,PRESENCIAL,PL,1
133486,653,2024-09-03,SESSAO ORDINARIA,PRESENCIAL,PT,1
133487,653,2024-09-03,SESSAO ORDINARIA,PRESENCIAL,PSB,1
133488,653,2024-09-03,SESSAO ORDINARIA,PRESENCIAL,MDB,1
133489,653,2024-09-03,SESSAO ORDINARIA,PRESENCIAL,UNIÃO,1
133490,653,2024-09-03,SESSAO ORDINARIA,PRESENCIAL,PSOL,1
133491,653,2024-09-03,SESSAO ORDINARIA,PRESENCIAL,PT,1
133492,653,2024-09-03,SESSAO ORDINARIA,PRESENCIAL,MDB,1
133493,653,2024-09-03,SESSAO ORDINARIA,PRESENCIAL,MDB,1
133494,653,2024-09-03,SESSAO ORDINARIA,PRESENCIAL,PSD,1
133495,653,2024-09-03,SESSAO ORDINARIA,PRESENCIAL,REPUBLICANOS,1
133496,653,2024-09-03,SESSAO ORDINARIA,PRESENCIAL,PSOL,1
133497,653,2024-09-03,SESSAO ORDINARIA,PRESENCIAL,PP,1
133498,653,2024-09-03,SESSAO ORDINARIA,PRESENCIAL,CIDADANIA,1
133499,653,2024-09-03,SESSAO ORDINARIA,PRESENCIAL,PP,1
133500,653,2024-09-03,SESSAO ORDINARIA,PRESENCIAL,PT,1
133501,653,2024-09-03,SESSAO ORDINARIA,PRESENCIAL,PSD,1
133502,653,2024-09-03,SESSAO ORDINARIA,PRESENCIAL,NOVO,1
133503,653,2024-09-03,SESSAO ORDINARIA,PRESENCIAL,PL,1
133504,653,2024-09-03,SESSAO ORDINARIA,PRESENCIAL,PL,1
133505,654,2024-09-04,SESSAO ORDINARIA,PRESENCIAL,PT,1
133506,654,2024-09-04,SESSAO ORDINARIA,PRESENCIAL,MDB,1
133507,654,2024-09-04,SESSAO ORDINARIA,PRESENCIAL,PSB,1
133508,654,2024-09-04,SESSAO ORDINARIA,PRESENCIAL,MDB,1
133509,654,2024-09-04,SESSAO ORDINARIA,PRESENCIAL,PSOL,1
133510,654,2024-09-04,SESSAO ORDINARIA,PRESENCIAL,PT,1
133511,654,2024-09-04,SESSAO ORDINARIA,PRESENCIAL,PL,1
133512,654,2024-09-04,SESSAO ORDINARIA,PRESENCIAL,PSD,1
133513,654,2024-09-04,SESSAO ORDINARIA,PRESENCIAL,REPUBLICANOS,1
133514,654,2024-09-04,SESSAO ORDINARIA,PRESENCIAL,PSOL,1
133515,654,2024-09-04,SESSAO ORDINARIA,PRESENCIAL,PP,1
133516,654,2024-09-04,SESSAO ORDINARIA,PRESENCIAL,CIDADANIA,1
133517,654,2024-09-04,SESSAO ORDINARIA,PRESENCIAL,PT,1
133518,654,2024-09-04,SESSAO ORDINARIA,PRESENCIAL,NOVO,1
133519,654,2024-09-04,SESSAO ORDINARIA,PRESENCIAL,PL,1
133520,655,2024-09-05,SESSAO ORDINARIA,PRESENCIAL,PT,1
133521,655,2024-09-05,SESSAO ORDINARIA,PRESENCIAL,PSOL,1
133522,655,2024-09-05,SESSAO ORDINARIA,PRESENCIAL,PT,1
133523,655,2024-09-05,SESSAO ORDINARIA,PRESENCIAL,PSD,1
133524,655,2024-09-05,SESSAO ORDINARIA,PRESENCIAL,REPUBLICANOS,1
133525,655,2024-09-05,SESSAO ORDINARIA,PRESENCIAL,PSOL,1
133526,655,2024-09-05,SESSAO ORDINARIA,PRESENCIAL,PP,1
133527,655,2024-09-05,SESSAO ORDINARIA,PRESENCIAL,CIDADANIA,1
133528,655,2024-09-05,SESSAO ORDINARIA,PRESENCIAL,PT,1
133529,656,2024-09-10,SESSAO EXTRAORDINARIA,PRESENCIAL,PT,1
133530,656,2024-09-10,SESSAO EXTRAORDINARIA,PRESENCIAL,PSB,1
133531,656,2024-09-10,SESSAO EXTRAORDINARIA,PRESENCIAL,MDB,1
133532,656,2024-09-10,SESSAO EXTRAORDINARIA,PRESENCIAL,UNIÃO,1
133533,656,2024-09-10,SESSAO EXTRAORDINARIA,PRESENCIAL,PSOL,1
133534,656,2024-09-10,SESSAO EXTRAORDINARIA,PRESENCIAL,PT,1
133535,656,2024-09-10,SESSAO EXTRAORDINARIA,PRESENCIAL,MDB,1
133536,656,2024-09-10,SESSAO EXTRAORDINARIA,PRESENCIAL,MDB,1
133537,656,2024-09-10,SESSAO EXTRAORDINARIA,PRESENCIAL,AVANTE,1
133538,656,2024-09-10,SESSAO EXTRAORDINARIA,PRESENCIAL,REPUBLICANOS,1
133539,656,2024-09-10,SESSAO EXTRAORDINARIA,PRESENCIAL,PSOL,1
133540,656,2024-09-10,SESSAO EXTRAORDINARIA,PRESENCIAL,PP,1
133541,656,2024-09-10,SESSAO EXTRAORDINARIA,PRESENCIAL,CIDADANIA,1
133542,656,2024-09-10,SESSAO EXTRAORDINARIA,PRESENCIAL,PP,1
133543,656,2024-09-10,SESSAO EXTRAORDINARIA,PRESENCIAL,NOVO,1
133544,656,2024-09-10,SESSAO EXTRAORDINARIA,PRESENCIAL,MDB,1
133545,657,2024-09-10,SESSAO ORDINARIA,PRESENCIAL,PT,1
133546,657,2024-09-10,SESSAO ORDINARIA,PRESENCIAL,PSB,1
133547,657,2024-09-10,SESSAO ORDINARIA,PRESENCIAL,MDB,1
133548,657,2024-09-10,SESSAO ORDINARIA,PRESENCIAL,UNIÃO,1
133549,657,2024-09-10,SESSAO ORDINARIA,PRESENCIAL,PSOL,1
133550,657,2024-09-10,SESSAO ORDINARIA,PRESENCIAL,PT,1
133551,657,2024-09-10,SESSAO ORDINARIA,PRESENCIAL,MDB,1
133552,657,2024-09-10,SESSAO ORDINARIA,PRESENCIAL,MDB,1
133553,657,2024-09-10,SESSAO ORDINARIA,PRESENCIAL,MDB,1
133554,657,2024-09-10,SESSAO ORDINARIA,PRESENCIAL,PL,1
133555,657,2024-09-10,SESSAO ORDINARIA,PRESENCIAL,AVANTE,1
133556,657,2024-09-10,SESSAO ORDINARIA,PRESENCIAL,REPUBLICANOS,1
133557,657,2024-09-10,SESSAO ORDINARIA,PRESENCIAL,PSOL,2
133558,657,2024-09-10,SESSAO ORDINARIA,PRESENCIAL,PP,1
133559,657,2024-09-10,SESSAO ORDINARIA,PRESENCIAL,CIDADANIA,1
133560,657,2024-09-10,SESSAO ORDINARIA,PRESENCIAL,PP,1
133561,657,2024-09-10,SESSAO ORDINARIA,PRESENCIAL,PT,1
133562,657,2024-09-10,SESSAO ORDINARIA,PRESENCIAL,PSD,1
133563,657,2024-09-10,SESSAO ORDINARIA,PRESENCIAL,NOVO,1
133564,657,2024-09-10,SESSAO ORDINARIA,PRESENCIAL,PL,1
133565,657,2024-09-10,SESSAO ORDINARIA,PRESENCIAL,MDB,1
133566,658,2024-09-11,SESSAO ORDINARIA,PRESENCIAL,MDB,1
133567,658,2024-09-11,SESSAO ORDINARIA,PRESENCIAL,PSB,1
133568,658,2024-09-11,SESSAO ORDINARIA,PRESENCIAL,MDB,1
133569,658,2024-09-11,SESSAO ORDINARIA,PRESENCIAL,UNIÃO,1
133570,658,2024-09-11,SESSAO ORDINARIA,PRESENCIAL,PSOL,1
133571,658,2024-09-11,SESSAO ORDINARIA,PRESENCIAL,PT,1
133572,658,2024-09-11,SESSAO ORDINARIA,PRESENCIAL,MDB,1
133573,658,2024-09-11,SESSAO ORDINARIA,PRESENCIAL,MDB,1
133574,658,2024-09-11,SESSAO ORDINARIA,PRESENCIAL,MDB,1
133575,658,2024-09-11,SESSAO ORDINARIA,PRESENCIAL,PL,1
133576,658,2024-09-11,SESSAO ORDINARIA,PRESENCIAL,AVANTE,1
133577,658,2024-09-11,SESSAO ORDINARIA,PRESENCIAL,REPUBLICANOS,1
133578,658,2024-09-11,SESSAO ORDINARIA,PRESENCIAL,PSOL,1
133579,658,2024-09-11,SESSAO ORDINARIA,PRESENCIAL,PP,1
133580,658,2024-09-11,SESSAO ORDINARIA,PRESENCIAL,CIDADANIA,1
133581,658,2024-09-11,SESSAO ORDINARIA,PRESENCIAL,PP,1
133582,658,2024-09-11,SESSAO ORDINARIA,PRESENCIAL,PSD,1
133583,658,2024-09-11,SESSAO ORDINARIA,PRESENCIAL,NOVO,1
133584,658,2024-09-11,SESSAO ORDINARIA,PRESENCIAL,PL,1
133585,658,2024-09-11,SESSAO ORDINARIA,PRESENCIAL,MDB,1
133586,659,2024-09-12,SESSAO ORDINARIA,PRESENCIAL,PT,1
133587,659,2024-09-12,SESSAO ORDINARIA,PRESENCIAL,PSOL,1
133588,660,2024-09-17,SESSAO ORDINARIA,PRESENCIAL,PT,1
133589,660,2024-09-17,SESSAO ORDINARIA,PRESENCIAL,MDB,1
133590,660,2024-09-17,SESSAO ORDINARIA,PRESENCIAL,PSB,1
133591,660,2024-09-17,SESSAO ORDINARIA,PRESENCIAL,MDB,1
133592,660,2024-09-17,SESSAO ORDINARIA,PRESENCIAL,UNIÃO,1
133593,660,2024-09-17,SESSAO ORDINARIA,PRESENCIAL,PSOL,1
133594,660,2024-09-17,SESSAO ORDINARIA,PRESENCIAL,PT,1
133595,660,2024-09-17,SESSAO ORDINARIA,PRESENCIAL,MDB,2
133596,660,2024-09-17,SESSAO ORDINARIA,PRESENCIAL,MDB,1
133597,660,2024-09-17,SESSAO ORDINARIA,PRESENCIAL,MDB,1
133598,660,2024-09-17,SESSAO ORDINARIA,PRESENCIAL,PL,1
133599,660,2024-09-17,SESSAO ORDINARIA,PRESENCIAL,AVANTE,1
133600,660,2024-09-17,SESSAO ORDINARIA,PRESENCIAL,REPUBLICANOS,1
133601,660,2024-09-17,SESSAO ORDINARIA,PRESENCIAL,PSOL,1
133602,660,2024-09-17,SESSAO ORDINARIA,PRESENCIAL,PP,1
133603,660,2024-09-17,SESSAO ORDINARIA,PRESENCIAL,CIDADANIA,1
133604,660,2024-09-17,SESSAO ORDINARIA,PRESENCIAL,PP,1
133605,660,2024-09-17,SESSAO ORDINARIA,PRESENCIAL,PT,1
133606,660,2024-09-17,SESSAO ORDINARIA,PRESENCIAL,NOVO,1
133607,660,2024-09-17,SESSAO ORDINARIA,PRESENCIAL,PL,1
133608,660,2024-09-17,SESSAO ORDINARIA,PRESENCIAL,PL,2
133609,660,2024-09-17,SESSAO ORDINARIA,PRESENCIAL,MDB,1
133610,661,2024-09-17,SESSAO EXTRAORDINARIA,PRESENCIAL,PT,1
133611,661,2024-09-17,SESSAO EXTRAORDINARIA,PRESENCIAL,MDB,1
133612,661,2024-09-17,SESSAO EXTRAORDINARIA,PRESENCIAL,PSB,1
133613,661,2024-09-17,SESSAO EXTRAORDINARIA,PRESENCIAL,MDB,1
133614,661,2024-09-17,SESSAO EXTRAORDINARIA,PRESENCIAL,UNIÃO,1
133615,661,2024-09-17,SESSAO EXTRAORDINARIA,PRESENCIAL,PSOL,1
133616,661,2024-09-17,SESSAO EXTRAORDINARIA,PRESENCIAL,PT,1
133617,661,2024-09-17,SESSAO EXTRAORDINARIA,PRESENCIAL,MDB,1
133618,661,2024-09-17,SESSAO EXTRAORDINARIA,PRESENCIAL,MDB,1
133619,661,2024-09-17,SESSAO EXTRAORDINARIA,PRESENCIAL,MDB,1
133620,661,2024-09-17,SESSAO EXTRAORDINARIA,PRESENCIAL,AVANTE,1
133621,661,2024-09-17,SESSAO EXTRAORDINARIA,PRESENCIAL,REPUBLICANOS,1
133622,661,2024-09-17,SESSAO EXTRAORDINARIA,PRESENCIAL,PSOL,1
133623,661,2024-09-17,SESSAO EXTRAORDINARIA,PRESENCIAL,PP,1
133624,661,2024-09-17,SESSAO EXTRAORDINARIA,PRESENCIAL,CIDADANIA,1
133625,661,2024-09-17,SESSAO EXTRAORDINARIA,PRESENCIAL,PP,1
133626,661,2024-09-17,SESSAO EXTRAORDINARIA,PRESENCIAL,PT,1
133627,661,2024-09-17,SESSAO EXTRAORDINARIA,PRESENCIAL,NOVO,1
133628,661,2024-09-17,SESSAO EXTRAORDINARIA,PRESENCIAL,PL,1
133629,661,2024-09-17,SESSAO EXTRAORDINARIA,PRESENCIAL,MDB,1
133630,662,2024-09-18,SESSAO ORDINARIA,PRESENCIAL,PT,1
133631,662,2024-09-18,SESSAO ORDINARIA,PRESENCIAL,MDB,1
133632,662,2024-09-18,SESSAO ORDINARIA,PRESENCIAL,PSOL,1
133633,662,2024-09-18,SESSAO ORDINARIA,PRESENCIAL,PT,1
133634,662,2024-09-18,SESSAO ORDINARIA,PRESENCIAL,MDB,1
133635,662,2024-09-18,SESSAO ORDINARIA,PRESENCIAL,MDB,1
133636,662,2024-09-18,SESSAO ORDINARIA,PRESENCIAL,PL,1
133637,662,2024-09-18,SESSAO ORDINARIA,PRESENCIAL,REPUBLICANOS,1
133638,662,2024-09-18,SESSAO ORDINARIA,PRESENCIAL,PSOL,1
133639,662,2024-09-18,SESSAO ORDINARIA,PRESENCIAL,CIDADANIA,1
133640,662,2024-09-18,SESSAO ORDINARIA,PRESENCIAL,PP,1
133641,662,2024-09-18,SESSAO ORDINARIA,PRESENCIAL,PT,1
133642,662,2024-09-18,SESSAO ORDINARIA,PRESENCIAL,NOVO,1
133643,662,2024-09-18,SESSAO ORDINARIA,PRESENCIAL,PL,1
133644,662,2024-09-18,SESSAO ORDINARIA,PRESENCIAL,PL,1
133645,663,2024-09-19,SESSAO ORDINARIA,PRESENCIAL,PT,1
133646,663,2024-09-19,SESSAO ORDINARIA,PRESENCIAL,PSB,1
133647,663,2024-09-19,SESSAO ORDINARIA,PRESENCIAL,UNIÃO,1
133648,663,2024-09-19,SESSAO ORDINARIA,PRESENCIAL,PSOL,1
133649,663,2024-09-19,SESSAO ORDINARIA,PRESENCIAL,PT,1
133650,663,2024-09-19,SESSAO ORDINARIA,PRESENCIAL,PL,1
133651,663,2024-09-19,SESSAO ORDINARIA,PRESENCIAL,REPUBLICANOS,1
133652,663,2024-09-19,SESSAO ORDINARIA,PRESENCIAL,PSOL,1
133653,663,2024-09-19,SESSAO ORDINARIA,PRESENCIAL,PT,1
133654,663,2024-09-19,SESSAO ORDINARIA,PRESENCIAL,PL,1
133655,664,2024-09-24,SESSAO EXTRAORDINARIA,PRESENCIAL,PT,1
133656,664,2024-09-24,SESSAO EXTRAORDINARIA,PRESENCIAL,UNIÃO,1
133657,664,2024-09-24,SESSAO EXTRAORDINARIA,PRESENCIAL,PSOL,1
133658,664,2024-09-24,SESSAO EXTRAORDINARIA,PRESENCIAL,PT,1
133659,664,2024-09-24,SESSAO EXTRAORDINARIA,PRESENCIAL,MDB,1
133660,664,2024-09-24,SESSAO EXTRAORDINARIA,PRESENCIAL,MDB,1
133661,664,2024-09-24,SESSAO EXTRAORDINARIA,PRESENCIAL,PSD,1
133662,664,2024-09-24,SESSAO EXTRAORDINARIA,PRESENCIAL,REPUBLICANOS,1
133663,664,2024-09-24,SESSAO EXTRAORDINARIA,PRESENCIAL,PP,1
133664,664,2024-09-24,SESSAO EXTRAORDINARIA,PRESENCIAL,PT,1
133665,664,2024-09-24,SESSAO EXTRAORDINARIA,PRESENCIAL,PSD,1
133666,664,2024-09-24,SESSAO EXTRAORDINARIA,PRESENCIAL,NOVO,1
133667,664,2024-09-24,SESSAO EXTRAORDINARIA,PRESENCIAL,MDB,1
133668,665,2024-09-24,SESSAO ORDINARIA,PRESENCIAL,PT,1
133669,665,2024-09-24,SESSAO ORDINARIA,PRESENCIAL,UNIÃO,1
133670,665,2024-09-24,SESSAO ORDINARIA,PRESENCIAL,PSOL,1
133671,665,2024-09-24,SESSAO ORDINARIA,PRESENCIAL,PT,1
133672,665,2024-09-24,SESSAO ORDINARIA,PRESENCIAL,MDB,1
133673,665,2024-09-24,SESSAO ORDINARIA,PRESENCIAL,MDB,1
133674,665,2024-09-24,SESSAO ORDINARIA,PRESENCIAL,PSD,1
133675,665,2024-09-24,SESSAO ORDINARIA,PRESENCIAL,REPUBLICANOS,1
133676,665,2024-09-24,SESSAO ORDINARIA,PRESENCIAL,PSOL,1
133677,665,2024-09-24,SESSAO ORDINARIA,PRESENCIAL,PP,1
133678,665,2024-09-24,SESSAO ORDINARIA,PRESENCIAL,CIDADANIA,1
133679,665,2024-09-24,SESSAO ORDINARIA,PRESENCIAL,PT,1
133680,665,2024-09-24,SESSAO ORDINARIA,PRESENCIAL,PSD,1
133681,665,2024-09-24,SESSAO ORDINARIA,PRESENCIAL,NOVO,1
133682,665,2024-09-24,SESSAO ORDINARIA,PRESENCIAL,PL,1
133683,665,2024-09-24,SESSAO ORDINARIA,PRESENCIAL,PL,1
133684,665,2024-09-24,SESSAO ORDINARIA,PRESENCIAL,MDB,1
133685,666,2024-09-25,SESSAO ORDINARIA,PRESENCIAL,PT,1
133686,666,2024-09-25,SESSAO ORDINARIA,PRESENCIAL,UNIÃO,1
133687,666,2024-09-25,SESSAO ORDINARIA,PRESENCIAL,PSOL,1
133688,666,2024-09-25,SESSAO ORDINARIA,PRESENCIAL,PT,1
133689,666,2024-09-25,SESSAO ORDINARIA,PRESENCIAL,MDB,1
133690,666,2024-09-25,SESSAO ORDINARIA,PRESENCIAL,PSD,1
133691,666,2024-09-25,SESSAO ORDINARIA,PRESENCIAL,REPUBLICANOS,1
133692,666,2024-09-25,SESSAO ORDINARIA,PRESENCIAL,PSOL,1
133693,666,2024-09-25,SESSAO ORDINARIA,PRESENCIAL,PP,1
133694,666,2024-09-25,SESSAO ORDINARIA,PRESENCIAL,CIDADANIA,1
133695,666,2024-09-25,SESSAO ORDINARIA,PRESENCIAL,PT,1
133696,666,2024-09-25,SESSAO ORDINARIA,PRESENCIAL,NOVO,1
133697,666,2024-09-25,SESSAO ORDINARIA,PRESENCIAL,PL,1
133698,666,2024-09-25,SESSAO ORDINARIA,PRESENCIAL,MDB,1
133699,667,2024-09-26,SESSAO ORDINARIA,PRESENCIAL,PT,1
133700,667,2024-09-26,SESSAO ORDINARIA,PRESENCIAL,PSOL,1
133701,667,2024-09-26,SESSAO ORDINARIA,PRESENCIAL,PT,1
133702,667,2024-09-26,SESSAO ORDINARIA,PRESENCIAL,REPUBLICANOS,1
133703,667,2024-09-26,SESSAO ORDINARIA,PRESENCIAL,PP,1
133704,667,2024-09-26,SESSAO ORDINARIA,PRESENCIAL,PT,1
133705,667,2024-09-26,SESSAO ORDINARIA,PRESENCIAL,PL,1
133706,667,2024-09-26,SESSAO ORDINARIA,PRESENCIAL,MDB,1
133707,668,2024-08-27,SESSAO EXTRAORDINARIA,PRESENCIAL,MDB,1
133708,668,2024-08-27,SESSAO EXTRAORDINARIA,PRESENCIAL,PSB,1
133709,668,2024-08-27,SESSAO EXTRAORDINARIA,PRESENCIAL,UNIÃO,1
133710,668,2024-08-27,SESSAO EXTRAORDINARIA,PRESENCIAL,PSOL,1
133711,668,2024-08-27,SESSAO EXTRAORDINARIA,PRESENCIAL,PT,1
133712,668,2024-08-27,SESSAO EXTRAORDINARIA,PRESENCIAL,MDB,1
133713,668,2024-08-27,SESSAO EXTRAORDINARIA,PRESENCIAL,MDB,1
133714,668,2024-08-27,SESSAO EXTRAORDINARIA,PRESENCIAL,PL,1
133715,668,2024-08-27,SESSAO EXTRAORDINARIA,PRESENCIAL,PSD,1
133716,668,2024-08-27,SESSAO EXTRAORDINARIA,PRESENCIAL,REPUBLICANOS,1
133717,668,2024-08-27,SESSAO EXTRAORDINARIA,PRESENCIAL,PSOL,1
133718,668,2024-08-27,SESSAO EXTRAORDINARIA,PRESENCIAL,PP,1
133719,668,2024-08-27,SESSAO EXTRAORDINARIA,PRESENCIAL,CIDADANIA,1
133720,668,2024-08-27,SESSAO EXTRAORDINARIA,PRESENCIAL,PP,1
133721,668,2024-08-27,SESSAO EXTRAORDINARIA,PRESENCIAL,PT,1
133722,668,2024-08-27,SESSAO EXTRAORDINARIA,PRESENCIAL,PSD,1
133723,668,2024-08-27,SESSAO EXTRAORDINARIA,PRESENCIAL,PL,1
133724,668,2024-08-27,SESSAO EXTRAORDINARIA,PRESENCIAL,MDB,1
133725,669,2024-10-01,SESSAO EXTRAORDINARIA,PRESENCIAL,PT,1
133726,669,2024-10-01,SESSAO EXTRAORDINARIA,PRESENCIAL,UNIÃO,1
133727,669,2024-10-01,SESSAO EXTRAORDINARIA,PRESENCIAL,PSOL,1
133728,669,2024-10-01,SESSAO EXTRAORDINARIA,PRESENCIAL,PT,1
133729,669,2024-10-01,SESSAO EXTRAORDINARIA,PRESENCIAL,MDB,1
133730,669,2024-10-01,SESSAO EXTRAORDINARIA,PRESENCIAL,MDB,1
133731,669,2024-10-01,SESSAO EXTRAORDINARIA,PRESENCIAL,PL,1
133732,669,2024-10-01,SESSAO EXTRAORDINARIA,PRESENCIAL,AVANTE,1
133733,669,2024-10-01,SESSAO EXTRAORDINARIA,PRESENCIAL,REPUBLICANOS,1
133734,669,2024-10-01,SESSAO EXTRAORDINARIA,PRESENCIAL,PSOL,1
133735,669,2024-10-01,SESSAO EXTRAORDINARIA,PRESENCIAL,PP,1
133736,669,2024-10-01,SESSAO EXTRAORDINARIA,PRESENCIAL,PSD,1
133737,669,2024-10-01,SESSAO EXTRAORDINARIA,PRESENCIAL,PL,1
133738,669,2024-10-01,SESSAO EXTRAORDINARIA,PRESENCIAL,MDB,1
133739,670,2024-10-01,SESSAO ORDINARIA,PRESENCIAL,PT,1
133740,670,2024-10-01,SESSAO ORDINARIA,PRESENCIAL,MDB,1
133741,670,2024-10-01,SESSAO ORDINARIA,PRESENCIAL,UNIÃO,1
133742,670,2024-10-01,SESSAO ORDINARIA,PRESENCIAL,PSOL,1
133743,670,2024-10-01,SESSAO ORDINARIA,PRESENCIAL,PT,1
133744,670,2024-10-01,SESSAO ORDINARIA,PRESENCIAL,MDB,1
133745,670,2024-10-01,SESSAO ORDINARIA,PRESENCIAL,MDB,1
133746,670,2024-10-01,SESSAO ORDINARIA,PRESENCIAL,PL,1
133747,670,2024-10-01,SESSAO ORDINARIA,PRESENCIAL,PSD,1
133748,670,2024-10-01,SESSAO ORDINARIA,PRESENCIAL,AVANTE,1
133749,670,2024-10-01,SESSAO ORDINARIA,PRESENCIAL,REPUBLICANOS,1
133750,670,2024-10-01,SESSAO ORDINARIA,PRESENCIAL,PSOL,1
133751,670,2024-10-01,SESSAO ORDINARIA,PRESENCIAL,PP,1
133752,670,2024-10-01,SESSAO ORDINARIA,PRESENCIAL,PSD,1
133753,670,2024-10-01,SESSAO ORDINARIA,PRESENCIAL,NOVO,1
133754,670,2024-10-01,SESSAO ORDINARIA,PRESENCIAL,PL,1
133755,670,2024-10-01,SESSAO ORDINARIA,PRESENCIAL,PL,1
133756,670,2024-10-01,SESSAO ORDINARIA,PRESENCIAL,MDB,1
133757,671,2024-10-02,SESSAO ORDINARIA,PRESENCIAL,PT,1
133758,671,2024-10-02,SESSAO ORDINARIA,PRESENCIAL,MDB,1
133759,671,2024-10-02,SESSAO ORDINARIA,PRESENCIAL,UNIÃO,1
133760,671,2024-10-02,SESSAO ORDINARIA,PRESENCIAL,PSOL,1
133761,671,2024-10-02,SESSAO ORDINARIA,PRESENCIAL,PT,1
133762,671,2024-10-02,SESSAO ORDINARIA,PRESENCIAL,MDB,1
133763,671,2024-10-02,SESSAO ORDINARIA,PRESENCIAL,REPUBLICANOS,1
133764,671,2024-10-02,SESSAO ORDINARIA,PRESENCIAL,PSOL,1
133765,671,2024-10-02,SESSAO ORDINARIA,PRESENCIAL,CIDADANIA,1
133766,671,2024-10-02,SESSAO ORDINARIA,PRESENCIAL,PP,1
133767,671,2024-10-02,SESSAO ORDINARIA,PRESENCIAL,PSD,1
133768,671,2024-10-02,SESSAO ORDINARIA,PRESENCIAL,NOVO,1
133769,671,2024-10-02,SESSAO ORDINARIA,PRESENCIAL,PL,1
133770,671,2024-10-02,SESSAO ORDINARIA,PRESENCIAL,PL,1
133771,671,2024-10-02,SESSAO ORDINARIA,PRESENCIAL,MDB,1
133772,672,2024-10-03,SESSAO ORDINARIA,PRESENCIAL,PT,1
133773,672,2024-10-03,SESSAO ORDINARIA,PRESENCIAL,PSOL,1
133774,672,2024-10-03,SESSAO ORDINARIA,PRESENCIAL,PT,1
133775,672,2024-10-03,SESSAO ORDINARIA,PRESENCIAL,PL,1
133776,672,2024-10-03,SESSAO ORDINARIA,PRESENCIAL,AVANTE,1
133777,672,2024-10-03,SESSAO ORDINARIA,PRESENCIAL,PSOL,1
133778,672,2024-10-03,SESSAO ORDINARIA,PRESENCIAL,PP,1
133779,672,2024-10-03,SESSAO ORDINARIA,PRESENCIAL,CIDADANIA,1
133780,672,2024-10-03,SESSAO ORDINARIA,PRESENCIAL,NOVO,1
133781,673,2024-10-08,SESSAO EXTRAORDINARIA,PRESENCIAL,PT,1
133782,673,2024-10-08,SESSAO EXTRAORDINARIA,PRESENCIAL,MDB,1
133783,673,2024-10-08,SESSAO EXTRAORDINARIA,PRESENCIAL,PSB,1
133784,673,2024-10-08,SESSAO EXTRAORDINARIA,PRESENCIAL,MDB,1
133785,673,2024-10-08,SESSAO EXTRAORDINARIA,PRESENCIAL,UNIÃO,1
133786,673,2024-10-08,SESSAO EXTRAORDINARIA,PRESENCIAL,PSOL,1
133787,673,2024-10-08,SESSAO EXTRAORDINARIA,PRESENCIAL,PT,1
133788,673,2024-10-08,SESSAO EXTRAORDINARIA,PRESENCIAL,MDB,1
133789,673,2024-10-08,SESSAO EXTRAORDINARIA,PRESENCIAL,MDB,1
133790,673,2024-10-08,SESSAO EXTRAORDINARIA,PRESENCIAL,MDB,1
133791,673,2024-10-08,SESSAO EXTRAORDINARIA,PRESENCIAL,PL,1
133792,673,2024-10-08,SESSAO EXTRAORDINARIA,PRESENCIAL,PSD,1
133793,673,2024-10-08,SESSAO EXTRAORDINARIA,PRESENCIAL,REPUBLICANOS,1
133794,673,2024-10-08,SESSAO EXTRAORDINARIA,PRESENCIAL,PSOL,1
133795,673,2024-10-08,SESSAO EXTRAORDINARIA,PRESENCIAL,PP,1
133796,673,2024-10-08,SESSAO EXTRAORDINARIA,PRESENCIAL,CIDADANIA,1
133797,673,2024-10-08,SESSAO EXTRAORDINARIA,PRESENCIAL,PP,1
133798,673,2024-10-08,SESSAO EXTRAORDINARIA,PRESENCIAL,PT,1
133799,673,2024-10-08,SESSAO EXTRAORDINARIA,PRESENCIAL,PSD,1
133800,673,2024-10-08,SESSAO EXTRAORDINARIA,PRESENCIAL,NOVO,1
133801,673,2024-10-08,SESSAO EXTRAORDINARIA,PRESENCIAL,PL,1
133802,673,2024-10-08,SESSAO EXTRAORDINARIA,PRESENCIAL,PL,1
133803,673,2024-10-08,SESSAO EXTRAORDINARIA,PRESENCIAL,MDB,1
133804,674,2024-10-08,SESSAO ORDINARIA,PRESENCIAL,PT,1
133805,674,2024-10-08,SESSAO ORDINARIA,PRESENCIAL,MDB,1
133806,674,2024-10-08,SESSAO ORDINARIA,PRESENCIAL,PSB,1
133807,674,2024-10-08,SESSAO ORDINARIA,PRESENCIAL,MDB,1
133808,674,2024-10-08,SESSAO ORDINARIA,PRESENCIAL,UNIÃO,1
133809,674,2024-10-08,SESSAO ORDINARIA,PRESENCIAL,PSOL,1
133810,674,2024-10-08,SESSAO ORDINARIA,PRESENCIAL,PT,1
133811,674,2024-10-08,SESSAO ORDINARIA,PRESENCIAL,MDB,1
133812,674,2024-10-08,SESSAO ORDINARIA,PRESENCIAL,MDB,1
133813,674,2024-10-08,SESSAO ORDINARIA,PRESENCIAL,MDB,1
133814,674,2024-10-08,SESSAO ORDINARIA,PRESENCIAL,PL,1
133815,674,2024-10-08,SESSAO ORDINARIA,PRESENCIAL,PSD,1
133816,674,2024-10-08,SESSAO ORDINARIA,PRESENCIAL,AVANTE,1
133817,674,2024-10-08,SESSAO ORDINARIA,PRESENCIAL,REPUBLICANOS,1
133818,674,2024-10-08,SESSAO ORDINARIA,PRESENCIAL,PSOL,1
133819,674,2024-10-08,SESSAO ORDINARIA,PRESENCIAL,PP,1
133820,674,2024-10-08,SESSAO ORDINARIA,PRESENCIAL,CIDADANIA,1
133821,674,2024-10-08,SESSAO ORDINARIA,PRESENCIAL,PP,1
133822,674,2024-10-08,SESSAO ORDINARIA,PRESENCIAL,PT,1
133823,674,2024-10-08,SESSAO ORDINARIA,PRESENCIAL,PSD,1
133824,674,2024-10-08,SESSAO ORDINARIA,PRESENCIAL,NOVO,1
133825,674,2024-10-08,SESSAO ORDINARIA,PRESENCIAL,PL,1
133826,674,2024-10-08,SESSAO ORDINARIA,PRESENCIAL,PL,1
133827,674,2024-10-08,SESSAO ORDINARIA,PRESENCIAL,MDB,1
133828,675,2024-10-09,SESSAO ORDINARIA,PRESENCIAL,PT,1
133829,675,2024-10-09,SESSAO ORDINARIA,PRESENCIAL,MDB,1
133830,675,2024-10-09,SESSAO ORDINARIA,PRESENCIAL,PSB,1
133831,675,2024-10-09,SESSAO ORDINARIA,PRESENCIAL,MDB,1
133832,675,2024-10-09,SESSAO ORDINARIA,PRESENCIAL,UNIÃO,1
133833,675,2024-10-09,SESSAO ORDINARIA,PRESENCIAL,PSOL,1
133834,675,2024-10-09,SESSAO ORDINARIA,PRESENCIAL,PT,1
133835,675,2024-10-09,SESSAO ORDINARIA,PRESENCIAL,MDB,1
133836,675,2024-10-09,SESSAO ORDINARIA,PRESENCIAL,MDB,1
133837,675,2024-10-09,SESSAO ORDINARIA,PRESENCIAL,MDB,1
133838,675,2024-10-09,SESSAO ORDINARIA,PRESENCIAL,AVANTE,1
133839,675,2024-10-09,SESSAO ORDINARIA,PRESENCIAL,REPUBLICANOS,1
133840,675,2024-10-09,SESSAO ORDINARIA,PRESENCIAL,PSOL,1
133841,675,2024-10-09,SESSAO ORDINARIA,PRESENCIAL,PP,1
133842,675,2024-10-09,SESSAO ORDINARIA,PRESENCIAL,CIDADANIA,1
133843,675,2024-10-09,SESSAO ORDINARIA,PRESENCIAL,PP,1
133844,675,2024-10-09,SESSAO ORDINARIA,PRESENCIAL,PT,1
133845,675,2024-10-09,SESSAO ORDINARIA,PRESENCIAL,PSD,1
133846,675,2024-10-09,SESSAO ORDINARIA,PRESENCIAL,NOVO,1
133847,675,2024-10-09,SESSAO ORDINARIA,PRESENCIAL,PL,1
133848,675,2024-10-09,SESSAO ORDINARIA,PRESENCIAL,PL,1
133849,675,2024-10-09,SESSAO ORDINARIA,PRESENCIAL,MDB,1
133850,676,2024-10-10,SESSAO ORDINARIA,PRESENCIAL,PT,1
133851,676,2024-10-10,SESSAO ORDINARIA,PRESENCIAL,PSOL,1
133852,676,2024-10-10,SESSAO ORDINARIA,PRESENCIAL,PP,1
133853,677,2024-10-15,SESSAO ORDINARIA,PRESENCIAL,PT,1
133854,677,2024-10-15,SESSAO ORDINARIA,PRESENCIAL,PSB,1
133855,677,2024-10-15,SESSAO ORDINARIA,PRESENCIAL,MDB,1
133856,677,2024-10-15,SESSAO ORDINARIA,PRESENCIAL,UNIÃO,1
133857,677,2024-10-15,SESSAO ORDINARIA,PRESENCIAL,PSOL,1
133858,677,2024-10-15,SESSAO ORDINARIA,PRESENCIAL,PT,1
133859,677,2024-10-15,SESSAO ORDINARIA,PRESENCIAL,MDB,1
133860,677,2024-10-15,SESSAO ORDINARIA,PRESENCIAL,MDB,1
133861,677,2024-10-15,SESSAO ORDINARIA,PRESENCIAL,MDB,1
133862,677,2024-10-15,SESSAO ORDINARIA,PRESENCIAL,PL,1
133863,677,2024-10-15,SESSAO ORDINARIA,PRESENCIAL,AVANTE,1
133864,677,2024-10-15,SESSAO ORDINARIA,PRESENCIAL,REPUBLICANOS,1
133865,677,2024-10-15,SESSAO ORDINARIA,PRESENCIAL,PSOL,1
133866,677,2024-10-15,SESSAO ORDINARIA,PRESENCIAL,PP,1
133867,677,2024-10-15,SESSAO ORDINARIA,PRESENCIAL,CIDADANIA,1
133868,677,2024-10-15,SESSAO ORDINARIA,PRESENCIAL,NOVO,1
133869,677,2024-10-15,SESSAO ORDINARIA,PRESENCIAL,PL,1
133870,677,2024-10-15,SESSAO ORDINARIA,PRESENCIAL,PL,1
133871,677,2024-10-15,SESSAO ORDINARIA,PRESENCIAL,MDB,1
133872,678,2024-10-16,SESSAO ORDINARIA,PRESENCIAL,PT,1
133873,678,2024-10-16,SESSAO ORDINARIA,PRESENCIAL,PSB,1
133874,678,2024-10-16,SESSAO ORDINARIA,PRESENCIAL,MDB,1
133875,678,2024-10-16,SESSAO ORDINARIA,PRESENCIAL,UNIÃO,1
133876,678,2024-10-16,SESSAO ORDINARIA,PRESENCIAL,PSOL,1
133877,678,2024-10-16,SESSAO ORDINARIA,PRESENCIAL,PT,1
133878,678,2024-10-16,SESSAO ORDINARIA,PRESENCIAL,MDB,1
133879,678,2024-10-16,SESSAO ORDINARIA,PRESENCIAL,MDB,1
133880,678,2024-10-16,SESSAO ORDINARIA,PRESENCIAL,MDB,1
133881,678,2024-10-16,SESSAO ORDINARIA,PRESENCIAL,PSD,1
133882,678,2024-10-16,SESSAO ORDINARIA,PRESENCIAL,AVANTE,1
133883,678,2024-10-16,SESSAO ORDINARIA,PRESENCIAL,REPUBLICANOS,1
133884,678,2024-10-16,SESSAO ORDINARIA,PRESENCIAL,PSOL,1
133885,678,2024-10-16,SESSAO ORDINARIA,PRESENCIAL,PP,1
133886,678,2024-10-16,SESSAO ORDINARIA,PRESENCIAL,CIDADANIA,1
133887,678,2024-10-16,SESSAO ORDINARIA,PRESENCIAL,PT,1
133888,678,2024-10-16,SESSAO ORDINARIA,PRESENCIAL,NOVO,1
133889,678,2024-10-16,SESSAO ORDINARIA,PRESENCIAL,PL,1
133890,678,2024-10-16,SESSAO ORDINARIA,PRESENCIAL,MDB,1
133891,679,2024-10-17,SESSAO ORDINARIA,PRESENCIAL,PSOL,1
133892,680,2024-10-22,SESSAO EXTRAORDINARIA,PRESENCIAL,PT,1
133893,680,2024-10-22,SESSAO EXTRAORDINARIA,PRESENCIAL,MDB,1
133894,680,2024-10-22,SESSAO EXTRAORDINARIA,PRESENCIAL,PSB,1
133895,680,2024-10-22,SESSAO EXTRAORDINARIA,PRESENCIAL,MDB,1
133896,680,2024-10-22,SESSAO EXTRAORDINARIA,PRESENCIAL,UNIÃO,1
133897,680,2024-10-22,SESSAO EXTRAORDINARIA,PRESENCIAL,PSOL,1
133898,680,2024-10-22,SESSAO EXTRAORDINARIA,PRESENCIAL,PT,1
133899,680,2024-10-22,SESSAO EXTRAORDINARIA,PRESENCIAL,MDB,1
133900,680,2024-10-22,SESSAO EXTRAORDINARIA,PRESENCIAL,MDB,1
133901,680,2024-10-22,SESSAO EXTRAORDINARIA,PRESENCIAL,MDB,1
133902,680,2024-10-22,SESSAO EXTRAORDINARIA,PRESENCIAL,PL,1
133903,680,2024-10-22,SESSAO EXTRAORDINARIA,PRESENCIAL,PSD,1
133904,680,2024-10-22,SESSAO EXTRAORDINARIA,PRESENCIAL,AVANTE,1
133905,680,2024-10-22,SESSAO EXTRAORDINARIA,PRESENCIAL,REPUBLICANOS,1
133906,680,2024-10-22,SESSAO EXTRAORDINARIA,PRESENCIAL,PSOL,1
133907,680,2024-10-22,SESSAO EXTRAORDINARIA,PRESENCIAL,PP,1
133908,680,2024-10-22,SESSAO EXTRAORDINARIA,PRESENCIAL,PT,1
133909,680,2024-10-22,SESSAO EXTRAORDINARIA,PRESENCIAL,PSD,1
133910,680,2024-10-22,SESSAO EXTRAORDINARIA,PRESENCIAL,NOVO,1
133911,680,2024-10-22,SESSAO EXTRAORDINARIA,PRESENCIAL,PL,1
133912,681,2024-10-22,SESSAO ORDINARIA,PRESENCIAL,PT,1
133913,681,2024-10-22,SESSAO ORDINARIA,PRESENCIAL,MDB,1
133914,681,2024-10-22,SESSAO ORDINARIA,PRESENCIAL,PSB,1
133915,681,2024-10-22,SESSAO ORDINARIA,PRESENCIAL,MDB,2
133916,681,2024-10-22,SESSAO ORDINARIA,PRESENCIAL,UNIÃO,1
133917,681,2024-10-22,SESSAO ORDINARIA,PRESENCIAL,PSOL,1
133918,681,2024-10-22,SESSAO ORDINARIA,PRESENCIAL,PT,1
133919,681,2024-10-22,SESSAO ORDINARIA,PRESENCIAL,MDB,1
133920,681,2024-10-22,SESSAO ORDINARIA,PRESENCIAL,MDB,1
133921,681,2024-10-22,SESSAO ORDINARIA,PRESENCIAL,MDB,2
133922,681,2024-10-22,SESSAO ORDINARIA,PRESENCIAL,PL,1
133923,681,2024-10-22,SESSAO ORDINARIA,PRESENCIAL,PSD,1
133924,681,2024-10-22,SESSAO ORDINARIA,PRESENCIAL,AVANTE,2
133925,681,2024-10-22,SESSAO ORDINARIA,PRESENCIAL,REPUBLICANOS,1
133926,681,2024-10-22,SESSAO ORDINARIA,PRESENCIAL,PSOL,1
133927,681,2024-10-22,SESSAO ORDINARIA,PRESENCIAL,PP,1
133928,681,2024-10-22,SESSAO ORDINARIA,PRESENCIAL,CIDADANIA,1
133929,681,2024-10-22,SESSAO ORDINARIA,PRESENCIAL,PP,1
133930,681,2024-10-22,SESSAO ORDINARIA,PRESENCIAL,PT,1
133931,681,2024-10-22,SESSAO ORDINARIA,PRESENCIAL,PSD,1
133932,681,2024-10-22,SESSAO ORDINARIA,PRESENCIAL,NOVO,1
133933,681,2024-10-22,SESSAO ORDINARIA,PRESENCIAL,PL,1
133934,681,2024-10-22,SESSAO ORDINARIA,PRESENCIAL,PL,1
133935,682,2024-10-23,SESSAO ORDINARIA,PRESENCIAL,PT,1
133936,682,2024-10-23,SESSAO ORDINARIA,PRESENCIAL,MDB,1
133937,682,2024-10-23,SESSAO ORDINARIA,PRESENCIAL,PSB,1
133938,682,2024-10-23,SESSAO ORDINARIA,PRESENCIAL,MDB,1
133939,682,2024-10-23,SESSAO ORDINARIA,PRESENCIAL,UNIÃO,1
133940,682,2024-10-23,SESSAO ORDINARIA,PRESENCIAL,PSOL,1
133941,682,2024-10-23,SESSAO ORDINARIA,PRESENCIAL,PT,1
133942,682,2024-10-23,SESSAO ORDINARIA,PRESENCIAL,MDB,1
133943,682,2024-10-23,SESSAO ORDINARIA,PRESENCIAL,MDB,1
133944,682,2024-10-23,SESSAO ORDINARIA,PRESENCIAL,PL,1
133945,682,2024-10-23,SESSAO ORDINARIA,PRESENCIAL,PSD,1
133946,682,2024-10-23,SESSAO ORDINARIA,PRESENCIAL,AVANTE,1
133947,682,2024-10-23,SESSAO ORDINARIA,PRESENCIAL,REPUBLICANOS,1
133948,682,2024-10-23,SESSAO ORDINARIA,PRESENCIAL,PSOL,1
133949,682,2024-10-23,SESSAO ORDINARIA,PRESENCIAL,CIDADANIA,1
133950,682,2024-10-23,SESSAO ORDINARIA,PRESENCIAL,PP,1
133951,682,2024-10-23,SESSAO ORDINARIA,PRESENCIAL,PT,1
133952,682,2024-10-23,SESSAO ORDINARIA,PRESENCIAL,PSD,1
133953,682,2024-10-23,SESSAO ORDINARIA,PRESENCIAL,NOVO,1
133954,682,2024-10-23,SESSAO ORDINARIA,PRESENCIAL,PL,1
133955,682,2024-10-23,SESSAO ORDINARIA,PRESENCIAL,PL,1
133956,683,2024-10-24,SESSAO ORDINARIA,PRESENCIAL,PT,1
133957,684,2024-10-29,SESSAO EXTRAORDINARIA,PRESENCIAL,PT,1
133958,684,2024-10-29,SESSAO EXTRAORDINARIA,PRESENCIAL,PSB,1
133959,684,2024-10-29,SESSAO EXTRAORDINARIA,PRESENCIAL,MDB,1
133960,684,2024-10-29,SESSAO EXTRAORDINARIA,PRESENCIAL,UNIÃO,1
133961,684,2024-10-29,SESSAO EXTRAORDINARIA,PRESENCIAL,PSOL,1
133962,684,2024-10-29,SESSAO EXTRAORDINARIA,PRESENCIAL,PT,1
133963,684,2024-10-29,SESSAO EXTRAORDINARIA,PRESENCIAL,MDB,1
133964,684,2024-10-29,SESSAO EXTRAORDINARIA,PRESENCIAL,MDB,1
133965,684,2024-10-29,SESSAO EXTRAORDINARIA,PRESENCIAL,REPUBLICANOS,1
133966,684,2024-10-29,SESSAO EXTRAORDINARIA,PRESENCIAL,PSOL,1
133967,684,2024-10-29,SESSAO EXTRAORDINARIA,PRESENCIAL,PP,1
133968,684,2024-10-29,SESSAO EXTRAORDINARIA,PRESENCIAL,PP,1
133969,684,2024-10-29,SESSAO EXTRAORDINARIA,PRESENCIAL,PT,1
133970,684,2024-10-29,SESSAO EXTRAORDINARIA,PRESENCIAL,MDB,1
133971,685,2024-10-29,SESSAO ORDINARIA,PRESENCIAL,PT,1
133972,685,2024-10-29,SESSAO ORDINARIA,PRESENCIAL,MDB,1
133973,685,2024-10-29,SESSAO ORDINARIA,PRESENCIAL,PSB,1
133974,685,2024-10-29,SESSAO ORDINARIA,PRESENCIAL,MDB,1
133975,685,2024-10-29,SESSAO ORDINARIA,PRESENCIAL,UNIÃO,1
133976,685,2024-10-29,SESSAO ORDINARIA,PRESENCIAL,PSOL,1
133977,685,2024-10-29,SESSAO ORDINARIA,PRESENCIAL,PT,1
133978,685,2024-10-29,SESSAO ORDINARIA,PRESENCIAL,MDB,1
133979,685,2024-10-29,SESSAO ORDINARIA,PRESENCIAL,MDB,1
133980,685,2024-10-29,SESSAO ORDINARIA,PRESENCIAL,MDB,1
133981,685,2024-10-29,SESSAO ORDINARIA,PRESENCIAL,PL,1
133982,685,2024-10-29,SESSAO ORDINARIA,PRESENCIAL,PSD,1
133983,685,2024-10-29,SESSAO ORDINARIA,PRESENCIAL,AVANTE,1
133984,685,2024-10-29,SESSAO ORDINARIA,PRESENCIAL,REPUBLICANOS,1
133985,685,2024-10-29,SESSAO ORDINARIA,PRESENCIAL,PSOL,1
133986,685,2024-10-29,SESSAO ORDINARIA,PRESENCIAL,PP,1
133987,685,2024-10-29,SESSAO ORDINARIA,PRESENCIAL,CIDADANIA,1
133988,685,2024-10-29,SESSAO ORDINARIA,PRESENCIAL,PP,1
133989,685,2024-10-29,SESSAO ORDINARIA,PRESENCIAL,PT,1
133990,685,2024-10-29,SESSAO ORDINARIA,PRESENCIAL,PSD,1
133991,685,2024-10-29,SESSAO ORDINARIA,PRESENCIAL,NOVO,1
133992,685,2024-10-29,SESSAO ORDINARIA,PRESENCIAL,PL,1
133993,685,2024-10-29,SESSAO ORDINARIA,PRESENCIAL,PL,1
133994,685,2024-10-29,SESSAO ORDINARIA,PRESENCIAL,MDB,1
133995,686,2024-10-30,SESSAO ORDINARIA,PRESENCIAL,PT,1
133996,686,2024-10-30,SESSAO ORDINARIA,PRESENCIAL,MDB,1
133997,686,2024-10-30,SESSAO ORDINARIA,PRESENCIAL,PSB,1
133998,686,2024-10-30,SESSAO ORDINARIA,PRESENCIAL,MDB,1
133999,686,2024-10-30,SESSAO ORDINARIA,PRESENCIAL,UNIÃO,1
134000,686,2024-10-30,SESSAO ORDINARIA,PRESENCIAL,PSOL,1
134001,686,2024-10-30,SESSAO ORDINARIA,PRESENCIAL,PT,1
134002,686,2024-10-30,SESSAO ORDINARIA,PRESENCIAL,MDB,1
134003,686,2024-10-30,SESSAO ORDINARIA,PRESENCIAL,MDB,1
134004,686,2024-10-30,SESSAO ORDINARIA,PRESENCIAL,MDB,1
134005,686,2024-10-30,SESSAO ORDINARIA,PRESENCIAL,PL,1
134006,686,2024-10-30,SESSAO ORDINARIA,PRESENCIAL,AVANTE,1
134007,686,2024-10-30,SESSAO ORDINARIA,PRESENCIAL,REPUBLICANOS,1
134008,686,2024-10-30,SESSAO ORDINARIA,PRESENCIAL,PSOL,1
134009,686,2024-10-30,SESSAO ORDINARIA,PRESENCIAL,PP,1
134010,686,2024-10-30,SESSAO ORDINARIA,PRESENCIAL,CIDADANIA,1
134011,686,2024-10-30,SESSAO ORDINARIA,PRESENCIAL,PP,1
134012,686,2024-10-30,SESSAO ORDINARIA,PRESENCIAL,PT,1
134013,686,2024-10-30,SESSAO ORDINARIA,PRESENCIAL,PSD,1
134014,686,2024-10-30,SESSAO ORDINARIA,PRESENCIAL,NOVO,1
134015,686,2024-10-30,SESSAO ORDINARIA,PRESENCIAL,PL,1
134016,686,2024-10-30,SESSAO ORDINARIA,PRESENCIAL,PL,1
134017,686,2024-10-30,SESSAO ORDINARIA,PRESENCIAL,MDB,1
134018,687,2024-10-30,SESSAO EXTRAORDINARIA,PRESENCIAL,PT,1
134019,687,2024-10-30,SESSAO EXTRAORDINARIA,PRESENCIAL,MDB,1
134020,687,2024-10-30,SESSAO EXTRAORDINARIA,PRESENCIAL,UNIÃO,1
134021,687,2024-10-30,SESSAO EXTRAORDINARIA,PRESENCIAL,PSOL,1
134022,687,2024-10-30,SESSAO EXTRAORDINARIA,PRESENCIAL,MDB,1
134023,687,2024-10-30,SESSAO EXTRAORDINARIA,PRESENCIAL,MDB,1
134024,687,2024-10-30,SESSAO EXTRAORDINARIA,PRESENCIAL,MDB,1
134025,687,2024-10-30,SESSAO EXTRAORDINARIA,PRESENCIAL,PSD,1
134026,687,2024-10-30,SESSAO EXTRAORDINARIA,PRESENCIAL,AVANTE,1
134027,687,2024-10-30,SESSAO EXTRAORDINARIA,PRESENCIAL,REPUBLICANOS,1
134028,687,2024-10-30,SESSAO EXTRAORDINARIA,PRESENCIAL,PSD,1
134029,687,2024-10-30,SESSAO EXTRAORDINARIA,PRESENCIAL,PL,1
134030,688,2024-10-31,SESSAO ORDINARIA,PRESENCIAL,AVANTE,1
134031,689,2024-11-05,SESSAO ORDINARIA,PRESENCIAL,PT,1
134032,689,2024-11-05,SESSAO ORDINARIA,PRESENCIAL,MDB,1
134033,689,2024-11-05,SESSAO ORDINARIA,PRESENCIAL,PSB,1
134034,689,2024-11-05,SESSAO ORDINARIA,PRESENCIAL,MDB,2
134035,689,2024-11-05,SESSAO ORDINARIA,PRESENCIAL,UNIÃO,1
134036,689,2024-11-05,SESSAO ORDINARIA,PRESENCIAL,PSOL,1
134037,689,2024-11-05,SESSAO ORDINARIA,PRESENCIAL,PT,1
134038,689,2024-11-05,SESSAO ORDINARIA,PRESENCIAL,MDB,1
134039,689,2024-11-05,SESSAO ORDINARIA,PRESENCIAL,MDB,1
134040,689,2024-11-05,SESSAO ORDINARIA,PRESENCIAL,MDB,1
134041,689,2024-11-05,SESSAO ORDINARIA,PRESENCIAL,PL,1
134042,689,2024-11-05,SESSAO ORDINARIA,PRESENCIAL,PSD,1
134043,689,2024-11-05,SESSAO ORDINARIA,PRESENCIAL,REPUBLICANOS,1
134044,689,2024-11-05,SESSAO ORDINARIA,PRESENCIAL,PSOL,1
134045,689,2024-11-05,SESSAO ORDINARIA,PRESENCIAL,PP,1
134046,689,2024-11-05,SESSAO ORDINARIA,PRESENCIAL,CIDADANIA,1
134047,689,2024-11-05,SESSAO ORDINARIA,PRESENCIAL,PP,1
134048,689,2024-11-05,SESSAO ORDINARIA,PRESENCIAL,PT,1
134049,689,2024-11-05,SESSAO ORDINARIA,PRESENCIAL,PSD,1
134050,689,2024-11-05,SESSAO ORDINARIA,PRESENCIAL,NOVO,1
134051,689,2024-11-05,SESSAO ORDINARIA,PRESENCIAL,PL,1
134052,689,2024-11-05,SESSAO ORDINARIA,PRESENCIAL,PL,1
134053,689,2024-11-05,SESSAO ORDINARIA,PRESENCIAL,MDB,1
134054,690,2024-11-05,SESSAO EXTRAORDINARIA,PRESENCIAL,PT,1
134055,690,2024-11-05,SESSAO EXTRAORDINARIA,PRESENCIAL,MDB,1
134056,690,2024-11-05,SESSAO EXTRAORDINARIA,PRESENCIAL,PSB,1
134057,690,2024-11-05,SESSAO EXTRAORDINARIA,PRESENCIAL,MDB,1
134058,690,2024-11-05,SESSAO EXTRAORDINARIA,PRESENCIAL,UNIÃO,1
134059,690,2024-11-05,SESSAO EXTRAORDINARIA,PRESENCIAL,PSOL,1
134060,690,2024-11-05,SESSAO EXTRAORDINARIA,PRESENCIAL,PT,1
134061,690,2024-11-05,SESSAO EXTRAORDINARIA,PRESENCIAL,MDB,1
134062,690,2024-11-05,SESSAO EXTRAORDINARIA,PRESENCIAL,MDB,1
134063,690,2024-11-05,SESSAO EXTRAORDINARIA,PRESENCIAL,MDB,1
134064,690,2024-11-05,SESSAO EXTRAORDINARIA,PRESENCIAL,PL,1
134065,690,2024-11-05,SESSAO EXTRAORDINARIA,PRESENCIAL,PSD,1
134066,690,2024-11-05,SESSAO EXTRAORDINARIA,PRESENCIAL,REPUBLICANOS,1
134067,690,2024-11-05,SESSAO EXTRAORDINARIA,PRESENCIAL,PSOL,1
134068,690,2024-11-05,SESSAO EXTRAORDINARIA,PRESENCIAL,PP,1
134069,690,2024-11-05,SESSAO EXTRAORDINARIA,PRESENCIAL,CIDADANIA,1
134070,690,2024-11-05,SESSAO EXTRAORDINARIA,PRESENCIAL,PP,1
134071,690,2024-11-05,SESSAO EXTRAORDINARIA,PRESENCIAL,PT,1
134072,690,2024-11-05,SESSAO EXTRAORDINARIA,PRESENCIAL,PSD,1
134073,690,2024-11-05,SESSAO EXTRAORDINARIA,PRESENCIAL,NOVO,1
134074,690,2024-11-05,SESSAO EXTRAORDINARIA,PRESENCIAL,PL,1
134075,690,2024-11-05,SESSAO EXTRAORDINARIA,PRESENCIAL,MDB,1
134076,691,2024-11-06,SESSAO ORDINARIA,PRESENCIAL,PT,1
134077,691,2024-11-06,SESSAO ORDINARIA,PRESENCIAL,PSB,1
134078,691,2024-11-06,SESSAO ORDINARIA,PRESENCIAL,MDB,1
134079,691,2024-11-06,SESSAO ORDINARIA,PRESENCIAL,UNIÃO,1
134080,691,2024-11-06,SESSAO ORDINARIA,PRESENCIAL,PSOL,1
134081,691,2024-11-06,SESSAO ORDINARIA,PRESENCIAL,PT,1
134082,691,2024-11-06,SESSAO ORDINARIA,PRESENCIAL,MDB,1
134083,691,2024-11-06,SESSAO ORDINARIA,PRESENCIAL,MDB,1
134084,691,2024-11-06,SESSAO ORDINARIA,PRESENCIAL,MDB,1
134085,691,2024-11-06,SESSAO ORDINARIA,PRESENCIAL,PL,1
134086,691,2024-11-06,SESSAO ORDINARIA,PRESENCIAL,AVANTE,1
134087,691,2024-11-06,SESSAO ORDINARIA,PRESENCIAL,REPUBLICANOS,1
134088,691,2024-11-06,SESSAO ORDINARIA,PRESENCIAL,PSOL,1
134089,691,2024-11-06,SESSAO ORDINARIA,PRESENCIAL,PP,1
134090,691,2024-11-06,SESSAO ORDINARIA,PRESENCIAL,CIDADANIA,1
134091,691,2024-11-06,SESSAO ORDINARIA,PRESENCIAL,PP,1
134092,691,2024-11-06,SESSAO ORDINARIA,PRESENCIAL,PT,1
134093,691,2024-11-06,SESSAO ORDINARIA,PRESENCIAL,PSD,1
134094,691,2024-11-06,SESSAO ORDINARIA,PRESENCIAL,NOVO,1
134095,691,2024-11-06,SESSAO ORDINARIA,PRESENCIAL,PL,1
134096,691,2024-11-06,SESSAO ORDINARIA,PRESENCIAL,PL,1
134097,691,2024-11-06,SESSAO ORDINARIA,PRESENCIAL,MDB,1
134098,692,2024-11-07,SESSAO ORDINARIA,PRESENCIAL,PT,1
134099,692,2024-11-07,SESSAO ORDINARIA,PRESENCIAL,MDB,1
134100,692,2024-11-07,SESSAO ORDINARIA,PRESENCIAL,UNIÃO,1
134101,692,2024-11-07,SESSAO ORDINARIA,PRESENCIAL,PSOL,1
134102,692,2024-11-07,SESSAO ORDINARIA,PRESENCIAL,PT,1
134103,692,2024-11-07,SESSAO ORDINARIA,PRESENCIAL,PL,1
134104,692,2024-11-07,SESSAO ORDINARIA,PRESENCIAL,REPUBLICANOS,1
134105,692,2024-11-07,SESSAO ORDINARIA,PRESENCIAL,PP,1
134106,692,2024-11-07,SESSAO ORDINARIA,PRESENCIAL,CIDADANIA,1
134107,692,2024-11-07,SESSAO ORDINARIA,PRESENCIAL,PT,1
134108,692,2024-11-07,SESSAO ORDINARIA,PRESENCIAL,PL,1
134109,692,2024-11-07,SESSAO ORDINARIA,PRESENCIAL,PL,1
134110,693,2024-11-12,SESSAO EXTRAORDINARIA,PRESENCIAL,PT,1
134111,693,2024-11-12,SESSAO EXTRAORDINARIA,PRESENCIAL,PSB,1
134112,693,2024-11-12,SESSAO EXTRAORDINARIA,PRESENCIAL,MDB,1
134113,693,2024-11-12,SESSAO EXTRAORDINARIA,PRESENCIAL,UNIÃO,1
134114,693,2024-11-12,SESSAO EXTRAORDINARIA,PRESENCIAL,PSOL,1
134115,693,2024-11-12,SESSAO EXTRAORDINARIA,PRESENCIAL,PT,1
134116,693,2024-11-12,SESSAO EXTRAORDINARIA,PRESENCIAL,MDB,1
134117,693,2024-11-12,SESSAO EXTRAORDINARIA,PRESENCIAL,MDB,1
134118,693,2024-11-12,SESSAO EXTRAORDINARIA,PRESENCIAL,MDB,1
134119,693,2024-11-12,SESSAO EXTRAORDINARIA,PRESENCIAL,PL,1
134120,693,2024-11-12,SESSAO EXTRAORDINARIA,PRESENCIAL,PSD,1
134121,693,2024-11-12,SESSAO EXTRAORDINARIA,PRESENCIAL,AVANTE,1
134122,693,2024-11-12,SESSAO EXTRAORDINARIA,PRESENCIAL,REPUBLICANOS,1
134123,693,2024-11-12,SESSAO EXTRAORDINARIA,PRESENCIAL,PSOL,1
134124,693,2024-11-12,SESSAO EXTRAORDINARIA,PRESENCIAL,PP,1
134125,693,2024-11-12,SESSAO EXTRAORDINARIA,PRESENCIAL,CIDADANIA,1
134126,693,2024-11-12,SESSAO EXTRAORDINARIA,PRESENCIAL,PT,1
134127,693,2024-11-12,SESSAO EXTRAORDINARIA,PRESENCIAL,PSD,1
134128,693,2024-11-12,SESSAO EXTRAORDINARIA,PRESENCIAL,NOVO,1
134129,693,2024-11-12,SESSAO EXTRAORDINARIA,PRESENCIAL,PL,1
134130,693,2024-11-12,SESSAO EXTRAORDINARIA,PRESENCIAL,MDB,1
134131,694,2024-11-12,SESSAO ORDINARIA,PRESENCIAL,PT,1
134132,694,2024-11-12,SESSAO ORDINARIA,PRESENCIAL,PSB,1
134133,694,2024-11-12,SESSAO ORDINARIA,PRESENCIAL,MDB,1
134134,694,2024-11-12,SESSAO ORDINARIA,PRESENCIAL,UNIÃO,1
134135,694,2024-11-12,SESSAO ORDINARIA,PRESENCIAL,PSOL,2
134136,694,2024-11-12,SESSAO ORDINARIA,PRESENCIAL,PT,1
134137,694,2024-11-12,SESSAO ORDINARIA,PRESENCIAL,MDB,1
134138,694,2024-11-12,SESSAO ORDINARIA,PRESENCIAL,MDB,1
134139,694,2024-11-12,SESSAO ORDINARIA,PRESENCIAL,MDB,1
134140,694,2024-11-12,SESSAO ORDINARIA,PRESENCIAL,PL,1
134141,694,2024-11-12,SESSAO ORDINARIA,PRESENCIAL,PSD,1
134142,694,2024-11-12,SESSAO ORDINARIA,PRESENCIAL,AVANTE,1
134143,694,2024-11-12,SESSAO ORDINARIA,PRESENCIAL,REPUBLICANOS,1
134144,694,2024-11-12,SESSAO ORDINARIA,PRESENCIAL,PSOL,1
134145,694,2024-11-12,SESSAO ORDINARIA,PRESENCIAL,PP,1
134146,694,2024-11-12,SESSAO ORDINARIA,PRESENCIAL,CIDADANIA,1
134147,694,2024-11-12,SESSAO ORDINARIA,PRESENCIAL,PP,1
134148,694,2024-11-12,SESSAO ORDINARIA,PRESENCIAL,PT,1
134149,694,2024-11-12,SESSAO ORDINARIA,PRESENCIAL,PSD,1
134150,694,2024-11-12,SESSAO ORDINARIA,PRESENCIAL,NOVO,1
134151,694,2024-11-12,SESSAO ORDINARIA,PRESENCIAL,PL,2
134152,694,2024-11-12,SESSAO ORDINARIA,PRESENCIAL,MDB,1
134153,1693,2024-11-13,SESSAO ORDINARIA,PRESENCIAL,PT,1
134154,1693,2024-11-13,SESSAO ORDINARIA,PRESENCIAL,MDB,1
134155,1693,2024-11-13,SESSAO ORDINARIA,PRESENCIAL,MDB,1
134156,1693,2024-11-13,SESSAO ORDINARIA,PRESENCIAL,PSOL,1
134157,1693,2024-11-13,SESSAO ORDINARIA,PRESENCIAL,PT,1
134158,1693,2024-11-13,SESSAO ORDINARIA,PRESENCIAL,MDB,1
134159,1693,2024-11-13,SESSAO ORDINARIA,PRESENCIAL,MDB,1
134160,1693,2024-11-13,SESSAO ORDINARIA,PRESENCIAL,MDB,1
134161,1693,2024-11-13,SESSAO ORDINARIA,PRESENCIAL,PL,1
134162,1693,2024-11-13,SESSAO ORDINARIA,PRESENCIAL,PSD,1
134163,1693,2024-11-13,SESSAO ORDINARIA,PRESENCIAL,AVANTE,1
134164,1693,2024-11-13,SESSAO ORDINARIA,PRESENCIAL,PSOL,1
134165,1693,2024-11-13,SESSAO ORDINARIA,PRESENCIAL,PP,1
134166,1693,2024-11-13,SESSAO ORDINARIA,PRESENCIAL,CIDADANIA,1
134167,1693,2024-11-13,SESSAO ORDINARIA,PRESENCIAL,PSD,1
134168,1693,2024-11-13,SESSAO ORDINARIA,PRESENCIAL,NOVO,1
134169,1693,2024-11-13,SESSAO ORDINARIA,PRESENCIAL,PL,1
134170,1693,2024-11-13,SESSAO ORDINARIA,PRESENCIAL,PL,1
134171,1693,2024-11-13,SESSAO ORDINARIA,PRESENCIAL,MDB,1
134172,1694,2024-11-14,SESSAO ORDINARIA,PRESENCIAL,PT,1
134173,1694,2024-11-14,SESSAO ORDINARIA,PRESENCIAL,PSOL,1
134174,1695,2024-11-19,SESSAO ORDINARIA,PRESENCIAL,PT,1
134175,1695,2024-11-19,SESSAO ORDINARIA,PRESENCIAL,MDB,1
134176,1695,2024-11-19,SESSAO ORDINARIA,PRESENCIAL,PSOL,1
134177,1695,2024-11-19,SESSAO ORDINARIA,PRESENCIAL,PT,1
134178,1695,2024-11-19,SESSAO ORDINARIA,PRESENCIAL,MDB,1
134179,1695,2024-11-19,SESSAO ORDINARIA,PRESENCIAL,MDB,1
134180,1695,2024-11-19,SESSAO ORDINARIA,PRESENCIAL,MDB,1
134181,1695,2024-11-19,SESSAO ORDINARIA,PRESENCIAL,PL,1
134182,1695,2024-11-19,SESSAO ORDINARIA,PRESENCIAL,PSD,1
134183,1695,2024-11-19,SESSAO ORDINARIA,PRESENCIAL,AVANTE,1
134184,1695,2024-11-19,SESSAO ORDINARIA,PRESENCIAL,REPUBLICANOS,1
134185,1695,2024-11-19,SESSAO ORDINARIA,PRESENCIAL,PSOL,1
134186,1695,2024-11-19,SESSAO ORDINARIA,PRESENCIAL,PP,1
134187,1695,2024-11-19,SESSAO ORDINARIA,PRESENCIAL,PP,1
134188,1695,2024-11-19,SESSAO ORDINARIA,PRESENCIAL,PT,1
134189,1695,2024-11-19,SESSAO ORDINARIA,PRESENCIAL,PSD,1
134190,1695,2024-11-19,SESSAO ORDINARIA,PRESENCIAL,NOVO,1
134191,1695,2024-11-19,SESSAO ORDINARIA,PRESENCIAL,PL,1
134192,1695,2024-11-19,SESSAO ORDINARIA,PRESENCIAL,MDB,1
134193,1696,2024-11-26,SESSAO EXTRAORDINARIA,PRESENCIAL,PT,1
134194,1696,2024-11-26,SESSAO EXTRAORDINARIA,PRESENCIAL,PSB,1
134195,1696,2024-11-26,SESSAO EXTRAORDINARIA,PRESENCIAL,MDB,2
134196,1696,2024-11-26,SESSAO EXTRAORDINARIA,PRESENCIAL,UNIÃO,1
134197,1696,2024-11-26,SESSAO EXTRAORDINARIA,PRESENCIAL,PSOL,1
134198,1696,2024-11-26,SESSAO EXTRAORDINARIA,PRESENCIAL,PT,1
134199,1696,2024-11-26,SESSAO EXTRAORDINARIA,PRESENCIAL,MDB,1
134200,1696,2024-11-26,SESSAO EXTRAORDINARIA,PRESENCIAL,MDB,1
134201,1696,2024-11-26,SESSAO EXTRAORDINARIA,PRESENCIAL,MDB,1
134202,1696,2024-11-26,SESSAO EXTRAORDINARIA,PRESENCIAL,REPUBLICANOS,1
134203,1696,2024-11-26,SESSAO EXTRAORDINARIA,PRESENCIAL,PSOL,1
134204,1696,2024-11-26,SESSAO EXTRAORDINARIA,PRESENCIAL,PP,1
134205,1696,2024-11-26,SESSAO EXTRAORDINARIA,PRESENCIAL,PP,1
134206,1696,2024-11-26,SESSAO EXTRAORDINARIA,PRESENCIAL,PT,1
134207,1696,2024-11-26,SESSAO EXTRAORDINARIA,PRESENCIAL,PSD,1
134208,1696,2024-11-26,SESSAO EXTRAORDINARIA,PRESENCIAL,NOVO,1
134209,1696,2024-11-26,SESSAO EXTRAORDINARIA,PRESENCIAL,PL,1
134210,1696,2024-11-26,SESSAO EXTRAORDINARIA,PRESENCIAL,PL,1
134211,1696,2024-11-26,SESSAO EXTRAORDINARIA,PRESENCIAL,MDB,1
134212,1697,2024-11-26,SESSAO ORDINARIA,PRESENCIAL,PT,1
134213,1697,2024-11-26,SESSAO ORDINARIA,PRESENCIAL,PSB,1
134214,1697,2024-11-26,SESSAO ORDINARIA,PRESENCIAL,MDB,1
134215,1697,2024-11-26,SESSAO ORDINARIA,PRESENCIAL,UNIÃO,1
134216,1697,2024-11-26,SESSAO ORDINARIA,PRESENCIAL,PSOL,1
134217,1697,2024-11-26,SESSAO ORDINARIA,PRESENCIAL,PT,1
134218,1697,2024-11-26,SESSAO ORDINARIA,PRESENCIAL,MDB,1
134219,1697,2024-11-26,SESSAO ORDINARIA,PRESENCIAL,MDB,1
134220,1697,2024-11-26,SESSAO ORDINARIA,PRESENCIAL,MDB,1
134221,1697,2024-11-26,SESSAO ORDINARIA,PRESENCIAL,AVANTE,1
134222,1697,2024-11-26,SESSAO ORDINARIA,PRESENCIAL,REPUBLICANOS,1
134223,1697,2024-11-26,SESSAO ORDINARIA,PRESENCIAL,PSOL,1
134224,1697,2024-11-26,SESSAO ORDINARIA,PRESENCIAL,PP,1
134225,1697,2024-11-26,SESSAO ORDINARIA,PRESENCIAL,CIDADANIA,1
134226,1697,2024-11-26,SESSAO ORDINARIA,PRESENCIAL,PP,1
134227,1697,2024-11-26,SESSAO ORDINARIA,PRESENCIAL,PT,1
134228,1697,2024-11-26,SESSAO ORDINARIA,PRESENCIAL,PSD,1
134229,1697,2024-11-26,SESSAO ORDINARIA,PRESENCIAL,NOVO,1
134230,1697,2024-11-26,SESSAO ORDINARIA,PRESENCIAL,PL,1
134231,1697,2024-11-26,SESSAO ORDINARIA,PRESENCIAL,PL,1
134232,1697,2024-11-26,SESSAO ORDINARIA,PRESENCIAL,MDB,1
134233,1698,2024-11-26,SESSAO EXTRAORDINARIA,PRESENCIAL,PSB,1
134234,1698,2024-11-26,SESSAO EXTRAORDINARIA,PRESENCIAL,MDB,1
134235,1698,2024-11-26,SESSAO EXTRAORDINARIA,PRESENCIAL,UNIÃO,1
134236,1698,2024-11-26,SESSAO EXTRAORDINARIA,PRESENCIAL,PSOL,1
134237,1698,2024-11-26,SESSAO EXTRAORDINARIA,PRESENCIAL,PT,1
134238,1698,2024-11-26,SESSAO EXTRAORDINARIA,PRESENCIAL,MDB,1
134239,1698,2024-11-26,SESSAO EXTRAORDINARIA,PRESENCIAL,MDB,1
134240,1698,2024-11-26,SESSAO EXTRAORDINARIA,PRESENCIAL,MDB,1
134241,1698,2024-11-26,SESSAO EXTRAORDINARIA,PRESENCIAL,REPUBLICANOS,1
134242,1698,2024-11-26,SESSAO EXTRAORDINARIA,PRESENCIAL,PSOL,1
134243,1698,2024-11-26,SESSAO EXTRAORDINARIA,PRESENCIAL,PP,1
134244,1698,2024-11-26,SESSAO EXTRAORDINARIA,PRESENCIAL,PP,1
134245,1698,2024-11-26,SESSAO EXTRAORDINARIA,PRESENCIAL,PT,1
134246,1698,2024-11-26,SESSAO EXTRAORDINARIA,PRESENCIAL,PSD,1
134247,1698,2024-11-26,SESSAO EXTRAORDINARIA,PRESENCIAL,NOVO,1
134248,1698,2024-11-26,SESSAO EXTRAORDINARIA,PRESENCIAL,PL,1
134249,1698,2024-11-26,SESSAO EXTRAORDINARIA,PRESENCIAL,PL,1
134250,1698,2024-11-26,SESSAO EXTRAORDINARIA,PRESENCIAL,MDB,1
134251,1699,2024-11-27,SESSAO ORDINARIA,PRESENCIAL,PT,1
134252,1699,2024-11-27,SESSAO ORDINARIA,PRESENCIAL,MDB,1
134253,1699,2024-11-27,SESSAO ORDINARIA,PRESENCIAL,UNIÃO,1
134254,1699,2024-11-27,SESSAO ORDINARIA,PRESENCIAL,PSOL,1
134255,1699,2024-11-27,SESSAO ORDINARIA,PRESENCIAL,PT,1
134256,1699,2024-11-27,SESSAO ORDINARIA,PRESENCIAL,MDB,1
134257,1699,2024-11-27,SESSAO ORDINARIA,PRESENCIAL,MDB,1
134258,1699,2024-11-27,SESSAO ORDINARIA,PRESENCIAL,MDB,1
134259,1699,2024-11-27,SESSAO ORDINARIA,PRESENCIAL,PSD,1
134260,1699,2024-11-27,SESSAO ORDINARIA,PRESENCIAL,AVANTE,1
134261,1699,2024-11-27,SESSAO ORDINARIA,PRESENCIAL,REPUBLICANOS,1
134262,1699,2024-11-27,SESSAO ORDINARIA,PRESENCIAL,PSOL,1
134263,1699,2024-11-27,SESSAO ORDINARIA,PRESENCIAL,PP,1
134264,1699,2024-11-27,SESSAO ORDINARIA,PRESENCIAL,PP,1
134265,1699,2024-11-27,SESSAO ORDINARIA,PRESENCIAL,PT,1
134266,1699,2024-11-27,SESSAO ORDINARIA,PRESENCIAL,PSD,1
134267,1699,2024-11-27,SESSAO ORDINARIA,PRESENCIAL,NOVO,1
134268,1699,2024-11-27,SESSAO ORDINARIA,PRESENCIAL,PL,1
134269,1699,2024-11-27,SESSAO ORDINARIA,PRESENCIAL,PL,1
134270,1699,2024-11-27,SESSAO ORDINARIA,PRESENCIAL,MDB,1
134271,1700,2024-11-27,SESSAO EXTRAORDINARIA,PRESENCIAL,PT,1
134272,1700,2024-11-27,SESSAO EXTRAORDINARIA,PRESENCIAL,PSOL,1
134273,1700,2024-11-27,SESSAO EXTRAORDINARIA,PRESENCIAL,PT,1
134274,1700,2024-11-27,SESSAO EXTRAORDINARIA,PRESENCIAL,MDB,1
134275,1700,2024-11-27,SESSAO EXTRAORDINARIA,PRESENCIAL,MDB,1
134276,1700,2024-11-27,SESSAO EXTRAORDINARIA,PRESENCIAL,PSD,1
134277,1700,2024-11-27,SESSAO EXTRAORDINARIA,PRESENCIAL,AVANTE,1
134278,1700,2024-11-27,SESSAO EXTRAORDINARIA,PRESENCIAL,REPUBLICANOS,1
134279,1700,2024-11-27,SESSAO EXTRAORDINARIA,PRESENCIAL,PP,1
134280,1700,2024-11-27,SESSAO EXTRAORDINARIA,PRESENCIAL,PP,1
134281,1700,2024-11-27,SESSAO EXTRAORDINARIA,PRESENCIAL,PT,1
134282,1700,2024-11-27,SESSAO EXTRAORDINARIA,PRESENCIAL,PSD,1
134283,1700,2024-11-27,SESSAO EXTRAORDINARIA,PRESENCIAL,NOVO,1
134284,1700,2024-11-27,SESSAO EXTRAORDINARIA,PRESENCIAL,PL,1
134285,1700,2024-11-27,SESSAO EXTRAORDINARIA,PRESENCIAL,MDB,1
134286,1701,2024-11-28,SESSAO ORDINARIA,PRESENCIAL,PT,1
134287,1702,2024-12-03,SESSAO ORDINARIA,PRESENCIAL,PT,1
134288,1702,2024-12-03,SESSAO ORDINARIA,PRESENCIAL,MDB,1
134289,1702,2024-12-03,SESSAO ORDINARIA,PRESENCIAL,PSB,1
134290,1702,2024-12-03,SESSAO ORDINARIA,PRESENCIAL,MDB,1
134291,1702,2024-12-03,SESSAO ORDINARIA,PRESENCIAL,UNIÃO,1
134292,1702,2024-12-03,SESSAO ORDINARIA,PRESENCIAL,PSOL,1
134293,1702,2024-12-03,SESSAO ORDINARIA,PRESENCIAL,PT,1
134294,1702,2024-12-03,SESSAO ORDINARIA,PRESENCIAL,MDB,1
134295,1702,2024-12-03,SESSAO ORDINARIA,PRESENCIAL,MDB,1
134296,1702,2024-12-03,SESSAO ORDINARIA,PRESENCIAL,MDB,1
134297,1702,2024-12-03,SESSAO ORDINARIA,PRESENCIAL,PL,1
134298,1702,2024-12-03,SESSAO ORDINARIA,PRESENCIAL,PSD,1
134299,1702,2024-12-03,SESSAO ORDINARIA,PRESENCIAL,AVANTE,1
134300,1702,2024-12-03,SESSAO ORDINARIA,PRESENCIAL,REPUBLICANOS,1
134301,1702,2024-12-03,SESSAO ORDINARIA,PRESENCIAL,PSOL,1
134302,1702,2024-12-03,SESSAO ORDINARIA,PRESENCIAL,PP,1
134303,1702,2024-12-03,SESSAO ORDINARIA,PRESENCIAL,CIDADANIA,1
134304,1702,2024-12-03,SESSAO ORDINARIA,PRESENCIAL,PP,1
134305,1702,2024-12-03,SESSAO ORDINARIA,PRESENCIAL,PT,1
134306,1702,2024-12-03,SESSAO ORDINARIA,PRESENCIAL,PSD,1
134307,1702,2024-12-03,SESSAO ORDINARIA,PRESENCIAL,NOVO,1
134308,1702,2024-12-03,SESSAO ORDINARIA,PRESENCIAL,PL,1
134309,1702,2024-12-03,SESSAO ORDINARIA,PRESENCIAL,MDB,1
134310,1703,2024-12-03,SESSAO EXTRAORDINARIA,PRESENCIAL,PT,1
134311,1703,2024-12-03,SESSAO EXTRAORDINARIA,PRESENCIAL,MDB,1
134312,1703,2024-12-03,SESSAO EXTRAORDINARIA,PRESENCIAL,PSB,1
134313,1703,2024-12-03,SESSAO EXTRAORDINARIA,PRESENCIAL,MDB,1
134314,1703,2024-12-03,SESSAO EXTRAORDINARIA,PRESENCIAL,UNIÃO,1
134315,1703,2024-12-03,SESSAO EXTRAORDINARIA,PRESENCIAL,PSOL,1
134316,1703,2024-12-03,SESSAO EXTRAORDINARIA,PRESENCIAL,PT,1
134317,1703,2024-12-03,SESSAO EXTRAORDINARIA,PRESENCIAL,MDB,1
134318,1703,2024-12-03,SESSAO EXTRAORDINARIA,PRESENCIAL,MDB,1
134319,1703,2024-12-03,SESSAO EXTRAORDINARIA,PRESENCIAL,MDB,1
134320,1703,2024-12-03,SESSAO EXTRAORDINARIA,PRESENCIAL,PL,1
134321,1703,2024-12-03,SESSAO EXTRAORDINARIA,PRESENCIAL,PSD,1
134322,1703,2024-12-03,SESSAO EXTRAORDINARIA,PRESENCIAL,AVANTE,1
134323,1703,2024-12-03,SESSAO EXTRAORDINARIA,PRESENCIAL,REPUBLICANOS,1
134324,1703,2024-12-03,SESSAO EXTRAORDINARIA,PRESENCIAL,PSOL,1
134325,1703,2024-12-03,SESSAO EXTRAORDINARIA,PRESENCIAL,PP,1
134326,1703,2024-12-03,SESSAO EXTRAORDINARIA,PRESENCIAL,CIDADANIA,1
134327,1703,2024-12-03,SESSAO EXTRAORDINARIA,PRESENCIAL,PP,1
134328,1703,2024-12-03,SESSAO EXTRAORDINARIA,PRESENCIAL,PT,1
134329,1703,2024-12-03,SESSAO EXTRAORDINARIA,PRESENCIAL,PSD,1
134330,1703,2024-12-03,SESSAO EXTRAORDINARIA,PRESENCIAL,NOVO,1
134331,1703,2024-12-03,SESSAO EXTRAORDINARIA,PRESENCIAL,PL,1
134332,1703,2024-12-03,SESSAO EXTRAORDINARIA,PRESENCIAL,MDB,1
134333,1704,2024-12-04,SESSAO EXTRAORDINARIA,PRESENCIAL,PT,1
134334,1704,2024-12-04,SESSAO EXTRAORDINARIA,PRESENCIAL,MDB,1
134335,1704,2024-12-04,SESSAO EXTRAORDINARIA,PRESENCIAL,UNIÃO,1
134336,1704,2024-12-04,SESSAO EXTRAORDINARIA,PRESENCIAL,PSOL,1
134337,1704,2024-12-04,SESSAO EXTRAORDINARIA,PRESENCIAL,PT,1
134338,1704,2024-12-04,SESSAO EXTRAORDINARIA,PRESENCIAL,MDB,1
134339,1704,2024-12-04,SESSAO EXTRAORDINARIA,PRESENCIAL,MDB,1
134340,1704,2024-12-04,SESSAO EXTRAORDINARIA,PRESENCIAL,PL,1
134341,1704,2024-12-04,SESSAO EXTRAORDINARIA,PRESENCIAL,REPUBLICANOS,1
134342,1704,2024-12-04,SESSAO EXTRAORDINARIA,PRESENCIAL,PSOL,1
134343,1704,2024-12-04,SESSAO EXTRAORDINARIA,PRESENCIAL,PP,1
134344,1704,2024-12-04,SESSAO EXTRAORDINARIA,PRESENCIAL,CIDADANIA,1
134345,1704,2024-12-04,SESSAO EXTRAORDINARIA,PRESENCIAL,PP,1
134346,1704,2024-12-04,SESSAO EXTRAORDINARIA,PRESENCIAL,PT,1
134347,1704,2024-12-04,SESSAO EXTRAORDINARIA,PRESENCIAL,PSD,1
134348,1704,2024-12-04,SESSAO EXTRAORDINARIA,PRESENCIAL,NOVO,1
134349,1705,2024-12-04,SESSAO ORDINARIA,PRESENCIAL,PT,1
134350,1705,2024-12-04,SESSAO ORDINARIA,PRESENCIAL,MDB,1
134351,1705,2024-12-04,SESSAO ORDINARIA,PRESENCIAL,PSB,1
134352,1705,2024-12-04,SESSAO ORDINARIA,PRESENCIAL,MDB,1
134353,1705,2024-12-04,SESSAO ORDINARIA,PRESENCIAL,UNIÃO,1
134354,1705,2024-12-04,SESSAO ORDINARIA,PRESENCIAL,PSOL,1
134355,1705,2024-12-04,SESSAO ORDINARIA,PRESENCIAL,PT,1
134356,1705,2024-12-04,SESSAO ORDINARIA,PRESENCIAL,MDB,1
134357,1705,2024-12-04,SESSAO ORDINARIA,PRESENCIAL,MDB,1
134358,1705,2024-12-04,SESSAO ORDINARIA,PRESENCIAL,MDB,1
134359,1705,2024-12-04,SESSAO ORDINARIA,PRESENCIAL,PL,1
134360,1705,2024-12-04,SESSAO ORDINARIA,PRESENCIAL,PSD,1
134361,1705,2024-12-04,SESSAO ORDINARIA,PRESENCIAL,AVANTE,1
134362,1705,2024-12-04,SESSAO ORDINARIA,PRESENCIAL,REPUBLICANOS,1
134363,1705,2024-12-04,SESSAO ORDINARIA,PRESENCIAL,PSOL,1
134364,1705,2024-12-04,SESSAO ORDINARIA,PRESENCIAL,PP,1
134365,1705,2024-12-04,SESSAO ORDINARIA,PRESENCIAL,CIDADANIA,2
134366,1705,2024-12-04,SESSAO ORDINARIA,PRESENCIAL,PP,1
134367,1705,2024-12-04,SESSAO ORDINARIA,PRESENCIAL,PT,1
134368,1705,2024-12-04,SESSAO ORDINARIA,PRESENCIAL,PSD,1
134369,1705,2024-12-04,SESSAO ORDINARIA,PRESENCIAL,NOVO,1
134370,1705,2024-12-04,SESSAO ORDINARIA,PRESENCIAL,PL,1
134371,1705,2024-12-04,SESSAO ORDINARIA,PRESENCIAL,MDB,1
134372,1706,2024-12-10,SESSAO EXTRAORDINARIA,PRESENCIAL,PT,1
134373,1706,2024-12-10,SESSAO EXTRAORDINARIA,PRESENCIAL,MDB,1
134374,1706,2024-12-10,SESSAO EXTRAORDINARIA,PRESENCIAL,PSB,1
134375,1706,2024-12-10,SESSAO EXTRAORDINARIA,PRESENCIAL,MDB,1
134376,1706,2024-12-10,SESSAO EXTRAORDINARIA,PRESENCIAL,UNIÃO,1
134377,1706,2024-12-10,SESSAO EXTRAORDINARIA,PRESENCIAL,PSOL,1
134378,1706,2024-12-10,SESSAO EXTRAORDINARIA,PRESENCIAL,PT,2
134379,1706,2024-12-10,SESSAO EXTRAORDINARIA,PRESENCIAL,MDB,1
134380,1706,2024-12-10,SESSAO EXTRAORDINARIA,PRESENCIAL,MDB,1
134381,1706,2024-12-10,SESSAO EXTRAORDINARIA,PRESENCIAL,MDB,1
134382,1706,2024-12-10,SESSAO EXTRAORDINARIA,PRESENCIAL,PL,1
134383,1706,2024-12-10,SESSAO EXTRAORDINARIA,PRESENCIAL,PSD,2
134384,1706,2024-12-10,SESSAO EXTRAORDINARIA,PRESENCIAL,AVANTE,1
134385,1706,2024-12-10,SESSAO EXTRAORDINARIA,PRESENCIAL,REPUBLICANOS,1
134386,1706,2024-12-10,SESSAO EXTRAORDINARIA,PRESENCIAL,PSOL,1
134387,1706,2024-12-10,SESSAO EXTRAORDINARIA,PRESENCIAL,PP,1
134388,1706,2024-12-10,SESSAO EXTRAORDINARIA,PRESENCIAL,CIDADANIA,2
134389,1706,2024-12-10,SESSAO EXTRAORDINARIA,PRESENCIAL,PP,1
134390,1706,2024-12-10,SESSAO EXTRAORDINARIA,PRESENCIAL,PT,1
134391,1706,2024-12-10,SESSAO EXTRAORDINARIA,PRESENCIAL,NOVO,1
134392,1706,2024-12-10,SESSAO EXTRAORDINARIA,PRESENCIAL,PL,2
134393,1706,2024-12-10,SESSAO EXTRAORDINARIA,PRESENCIAL,MDB,1
134394,1707,2024-12-10,SESSAO ORDINARIA,PRESENCIAL,PT,1
134395,1707,2024-12-10,SESSAO ORDINARIA,PRESENCIAL,MDB,1
134396,1707,2024-12-10,SESSAO ORDINARIA,PRESENCIAL,PSB,1
134397,1707,2024-12-10,SESSAO ORDINARIA,PRESENCIAL,MDB,2
134398,1707,2024-12-10,SESSAO ORDINARIA,PRESENCIAL,UNIÃO,1
134399,1707,2024-12-10,SESSAO ORDINARIA,PRESENCIAL,PSOL,1
134400,1707,2024-12-10,SESSAO ORDINARIA,PRESENCIAL,PT,1
134401,1707,2024-12-10,SESSAO ORDINARIA,PRESENCIAL,MDB,1
134402,1707,2024-12-10,SESSAO ORDINARIA,PRESENCIAL,MDB,1
134403,1707,2024-12-10,SESSAO ORDINARIA,PRESENCIAL,MDB,1
134404,1707,2024-12-10,SESSAO ORDINARIA,PRESENCIAL,PL,1
134405,1707,2024-12-10,SESSAO ORDINARIA,PRESENCIAL,PSD,1
134406,1707,2024-12-10,SESSAO ORDINARIA,PRESENCIAL,AVANTE,1
134407,1707,2024-12-10,SESSAO ORDINARIA,PRESENCIAL,REPUBLICANOS,2
134408,1707,2024-12-10,SESSAO ORDINARIA,PRESENCIAL,PSOL,1
134409,1707,2024-12-10,SESSAO ORDINARIA,PRESENCIAL,PP,1
134410,1707,2024-12-10,SESSAO ORDINARIA,PRESENCIAL,CIDADANIA,1
134411,1707,2024-12-10,SESSAO ORDINARIA,PRESENCIAL,PP,1
134412,1707,2024-12-10,SESSAO ORDINARIA,PRESENCIAL,PT,1
134413,1707,2024-12-10,SESSAO ORDINARIA,PRESENCIAL,NOVO,1
134414,1707,2024-12-10,SESSAO ORDINARIA,PRESENCIAL,PL,1
134415,1707,2024-12-10,SESSAO ORDINARIA,PRESENCIAL,MDB,1
134416,1708,2024-12-10,SESSAO EXTRAORDINARIA,PRESENCIAL,PT,1
134417,1708,2024-12-10,SESSAO EXTRAORDINARIA,PRESENCIAL,MDB,1
134418,1708,2024-12-10,SESSAO EXTRAORDINARIA,PRESENCIAL,PSB,1
134419,1708,2024-12-10,SESSAO EXTRAORDINARIA,PRESENCIAL,MDB,1
134420,1708,2024-12-10,SESSAO EXTRAORDINARIA,PRESENCIAL,UNIÃO,1
134421,1708,2024-12-10,SESSAO EXTRAORDINARIA,PRESENCIAL,PSOL,1
134422,1708,2024-12-10,SESSAO EXTRAORDINARIA,PRESENCIAL,PT,1
134423,1708,2024-12-10,SESSAO EXTRAORDINARIA,PRESENCIAL,MDB,1
134424,1708,2024-12-10,SESSAO EXTRAORDINARIA,PRESENCIAL,MDB,1
134425,1708,2024-12-10,SESSAO EXTRAORDINARIA,PRESENCIAL,MDB,1
134426,1708,2024-12-10,SESSAO EXTRAORDINARIA,PRESENCIAL,PL,1
134427,1708,2024-12-10,SESSAO EXTRAORDINARIA,PRESENCIAL,PSD,1
134428,1708,2024-12-10,SESSAO EXTRAORDINARIA,PRESENCIAL,AVANTE,1
134429,1708,2024-12-10,SESSAO EXTRAORDINARIA,PRESENCIAL,REPUBLICANOS,1
134430,1708,2024-12-10,SESSAO EXTRAORDINARIA,PRESENCIAL,PSOL,1
134431,1708,2024-12-10,SESSAO EXTRAORDINARIA,PRESENCIAL,PP,1
134432,1708,2024-12-10,SESSAO EXTRAORDINARIA,PRESENCIAL,CIDADANIA,1
134433,1708,2024-12-10,SESSAO EXTRAORDINARIA,PRESENCIAL,PP,1
134434,1708,2024-12-10,SESSAO EXTRAORDINARIA,PRESENCIAL,PT,1
134435,1708,2024-12-10,SESSAO EXTRAORDINARIA,PRESENCIAL,NOVO,1
134436,1708,2024-12-10,SESSAO EXTRAORDINARIA,PRESENCIAL,PL,1
134437,1708,2024-12-10,SESSAO EXTRAORDINARIA,PRESENCIAL,MDB,1
134438,1709,2024-03-12,SESSAO EXTRAORDINARIA,PRESENCIAL,PT,1
134439,1709,2024-03-12,SESSAO EXTRAORDINARIA,PRESENCIAL,MDB,1
134440,1709,2024-03-12,SESSAO EXTRAORDINARIA,PRESENCIAL,PSB,1
134441,1709,2024-03-12,SESSAO EXTRAORDINARIA,PRESENCIAL,MDB,1
134442,1709,2024-03-12,SESSAO EXTRAORDINARIA,PRESENCIAL,UNIÃO,1
134443,1709,2024-03-12,SESSAO EXTRAORDINARIA,PRESENCIAL,PSOL,1
134444,1709,2024-03-12,SESSAO EXTRAORDINARIA,PRESENCIAL,PT,1
134445,1709,2024-03-12,SESSAO EXTRAORDINARIA,PRESENCIAL,MDB,1
134446,1709,2024-03-12,SESSAO EXTRAORDINARIA,PRESENCIAL,MDB,1
134447,1709,2024-03-12,SESSAO EXTRAORDINARIA,PRESENCIAL,MDB,1
134448,1709,2024-03-12,SESSAO EXTRAORDINARIA,PRESENCIAL,AVANTE,1
134449,1709,2024-03-12,SESSAO EXTRAORDINARIA,PRESENCIAL,REPUBLICANOS,1
134450,1709,2024-03-12,SESSAO EXTRAORDINARIA,PRESENCIAL,PSOL,1
134451,1709,2024-03-12,SESSAO EXTRAORDINARIA,PRESENCIAL,PP,1
134452,1709,2024-03-12,SESSAO EXTRAORDINARIA,PRESENCIAL,CIDADANIA,1
134453,1709,2024-03-12,SESSAO EXTRAORDINARIA,PRESENCIAL,PP,2
134454,1709,2024-03-12,SESSAO EXTRAORDINARIA,PRESENCIAL,PT,1
134455,1709,2024-03-12,SESSAO EXTRAORDINARIA,PRESENCIAL,PSD,1
134456,1709,2024-03-12,SESSAO EXTRAORDINARIA,PRESENCIAL,NÃO INFORMADO,1
134457,1709,2024-03-12,SESSAO EXTRAORDINARIA,PRESENCIAL,PL,1
134458,1709,2024-03-12,SESSAO EXTRAORDINARIA,PRESENCIAL,MDB,1
134459,1710,2024-03-12,SESSAO EXTRAORDINARIA,PRESENCIAL,PT,1
134460,1710,2024-03-12,SESSAO EXTRAORDINARIA,PRESENCIAL,PSB,1
134461,1710,2024-03-12,SESSAO EXTRAORDINARIA,PRESENCIAL,MDB,1
134462,1710,2024-03-12,SESSAO EXTRAORDINARIA,PRESENCIAL,PSOL,1
134463,1710,2024-03-12,SESSAO EXTRAORDINARIA,PRESENCIAL,PT,1
134464,1710,2024-03-12,SESSAO EXTRAORDINARIA,PRESENCIAL,MDB,1
134465,1710,2024-03-12,SESSAO EXTRAORDINARIA,PRESENCIAL,AVANTE,1
134466,1710,2024-03-12,SESSAO EXTRAORDINARIA,PRESENCIAL,REPUBLICANOS,1
134467,1710,2024-03-12,SESSAO EXTRAORDINARIA,PRESENCIAL,PSOL,1
134468,1710,2024-03-12,SESSAO EXTRAORDINARIA,PRESENCIAL,PP,1
134469,1710,2024-03-12,SESSAO EXTRAORDINARIA,PRESENCIAL,CIDADANIA,1
134470,1710,2024-03-12,SESSAO EXTRAORDINARIA,PRESENCIAL,PP,1
134471,1710,2024-03-12,SESSAO EXTRAORDINARIA,PRESENCIAL,MDB,1
134472,1711,2024-03-12,SESSAO ORDINARIA,PRESENCIAL,PT,1
134473,1711,2024-03-12,SESSAO ORDINARIA,PRESENCIAL,MDB,1
134474,1711,2024-03-12,SESSAO ORDINARIA,PRESENCIAL,PSB,1
134475,1711,2024-03-12,SESSAO ORDINARIA,PRESENCIAL,MDB,1
134476,1711,2024-03-12,SESSAO ORDINARIA,PRESENCIAL,UNIÃO,1
134477,1711,2024-03-12,SESSAO ORDINARIA,PRESENCIAL,PT,1
134478,1711,2024-03-12,SESSAO ORDINARIA,PRESENCIAL,MDB,1
134479,1711,2024-03-12,SESSAO ORDINARIA,PRESENCIAL,MDB,1
134480,1711,2024-03-12,SESSAO ORDINARIA,PRESENCIAL,MDB,1
134481,1711,2024-03-12,SESSAO ORDINARIA,PRESENCIAL,AVANTE,1
134482,1711,2024-03-12,SESSAO ORDINARIA,PRESENCIAL,REPUBLICANOS,1
134483,1711,2024-03-12,SESSAO ORDINARIA,PRESENCIAL,PSOL,1
134484,1711,2024-03-12,SESSAO ORDINARIA,PRESENCIAL,PP,1
134485,1711,2024-03-12,SESSAO ORDINARIA,PRESENCIAL,CIDADANIA,1
134486,1711,2024-03-12,SESSAO ORDINARIA,PRESENCIAL,PP,1
134487,1711,2024-03-12,SESSAO ORDINARIA,PRESENCIAL,PT,1
134488,1711,2024-03-12,SESSAO ORDINARIA,PRESENCIAL,PSD,1
134489,1711,2024-03-12,SESSAO ORDINARIA,PRESENCIAL,NÃO INFORMADO,1
134490,1711,2024-03-12,SESSAO ORDINARIA,PRESENCIAL,PL,1
134491,1711,2024-03-12,SESSAO ORDINARIA,PRESENCIAL,MDB,1
134492,1713,2025-02-11,ORDINARIA,PRESENCIAL,PT,1
134493,1713,2025-02-11,ORDINARIA,PRESENCIAL,MDB,1
134494,1713,2025-02-11,ORDINARIA,PRESENCIAL,PSB,1
134495,1713,2025-02-11,ORDINARIA,PRESENCIAL,MDB,1
134496,1713,2025-02-11,ORDINARIA,PRESENCIAL,UNIÃO,1
134497,1713,2025-02-11,ORDINARIA,PRESENCIAL,PSOL,1
134498,1713,2025-02-11,ORDINARIA,PRESENCIAL,PT,1
134499,1713,2025-02-11,ORDINARIA,PRESENCIAL,MDB,1
134500,1713,2025-02-11,ORDINARIA,PRESENCIAL,MDB,1
134501,1713,2025-02-11,ORDINARIA,PRESENCIAL,PSD,1
134502,1713,2025-02-11,ORDINARIA,PRESENCIAL,AVANTE,1
134503,1713,2025-02-11,ORDINARIA,PRESENCIAL,REPUBLICANOS,1
134504,1713,2025-02-11,ORDINARIA,PRESENCIAL,PSOL,1
134505,1713,2025-02-11,ORDINARIA,PRESENCIAL,PP,1
134506,1713,2025-02-11,ORDINARIA,PRESENCIAL,CIDADANIA,1
134507,1713,2025-02-11,ORDINARIA,PRESENCIAL,PP,1
134508,1713,2025-02-11,ORDINARIA,PRESENCIAL,PT,1
134509,1713,2025-02-11,ORDINARIA,PRESENCIAL,PSD,1
134510,1713,2025-02-11,ORDINARIA,PRESENCIAL,PRD,1
134511,1713,2025-02-11,ORDINARIA,PRESENCIAL,PL,1
134512,1713,2025-02-11,ORDINARIA,PRESENCIAL,PL,1
134513,1713,2025-02-11,ORDINARIA,PRESENCIAL,MDB,1
134514,1715,2025-02-12,ORDINARIA,PRESENCIAL,PT,1
134515,1715,2025-02-12,ORDINARIA,PRESENCIAL,MDB,1
134516,1715,2025-02-12,ORDINARIA,PRESENCIAL,UNIÃO,1
134517,1715,2025-02-12,ORDINARIA,PRESENCIAL,PSOL,1
134518,1715,2025-02-12,ORDINARIA,PRESENCIAL,MDB,1
134519,1715,2025-02-12,ORDINARIA,PRESENCIAL,PSD,1
134520,1715,2025-02-12,ORDINARIA,PRESENCIAL,AVANTE,1
134521,1715,2025-02-12,ORDINARIA,PRESENCIAL,REPUBLICANOS,1
134522,1715,2025-02-12,ORDINARIA,PRESENCIAL,PSOL,1
134523,1715,2025-02-12,ORDINARIA,PRESENCIAL,CIDADANIA,1
134524,1715,2025-02-12,ORDINARIA,PRESENCIAL,PP,1
134525,1715,2025-02-12,ORDINARIA,PRESENCIAL,PT,1
134526,1715,2025-02-12,ORDINARIA,PRESENCIAL,PSD,1
134527,1715,2025-02-12,ORDINARIA,PRESENCIAL,PRD,1
134528,1715,2025-02-12,ORDINARIA,PRESENCIAL,PL,1
134529,1715,2025-02-12,ORDINARIA,PRESENCIAL,PL,1
134530,1715,2025-02-12,ORDINARIA,PRESENCIAL,MDB,1
134531,1716,2025-02-13,ORDINARIA,PRESENCIAL,PT,1
134532,1717,2025-02-18,ORDINARIA,PRESENCIAL,PT,1
134533,1717,2025-02-18,ORDINARIA,PRESENCIAL,MDB,1
134534,1717,2025-02-18,ORDINARIA,PRESENCIAL,PSB,1
134535,1717,2025-02-18,ORDINARIA,PRESENCIAL,MDB,1
134536,1717,2025-02-18,ORDINARIA,PRESENCIAL,UNIÃO,1
134537,1717,2025-02-18,ORDINARIA,PRESENCIAL,PSOL,1
134538,1717,2025-02-18,ORDINARIA,PRESENCIAL,PT,1
134539,1717,2025-02-18,ORDINARIA,PRESENCIAL,MDB,1
134540,1717,2025-02-18,ORDINARIA,PRESENCIAL,MDB,1
134541,1717,2025-02-18,ORDINARIA,PRESENCIAL,MDB,1
134542,1717,2025-02-18,ORDINARIA,PRESENCIAL,PL,1
134543,1717,2025-02-18,ORDINARIA,PRESENCIAL,PSD,1
134544,1717,2025-02-18,ORDINARIA,PRESENCIAL,AVANTE,1
134545,1717,2025-02-18,ORDINARIA,PRESENCIAL,REPUBLICANOS,1
134546,1717,2025-02-18,ORDINARIA,PRESENCIAL,PSOL,1
134547,1717,2025-02-18,ORDINARIA,PRESENCIAL,PP,1
134548,1717,2025-02-18,ORDINARIA,PRESENCIAL,CIDADANIA,1
134549,1717,2025-02-18,ORDINARIA,PRESENCIAL,PP,1
134550,1717,2025-02-18,ORDINARIA,PRESENCIAL,PT,1
134551,1717,2025-02-18,ORDINARIA,PRESENCIAL,PSD,1
134552,1717,2025-02-18,ORDINARIA,PRESENCIAL,PRD,1
134553,1717,2025-02-18,ORDINARIA,PRESENCIAL,PL,1
134554,1717,2025-02-18,ORDINARIA,PRESENCIAL,PL,1
134555,1717,2025-02-18,ORDINARIA,PRESENCIAL,MDB,1
134556,1719,2025-02-19,ORDINARIA,PRESENCIAL,PT,1
134557,1719,2025-02-19,ORDINARIA,PRESENCIAL,UNIÃO,1
134558,1719,2025-02-19,ORDINARIA,PRESENCIAL,PSOL,1
134559,1719,2025-02-19,ORDINARIA,PRESENCIAL,PT,1
134560,1719,2025-02-19,ORDINARIA,PRESENCIAL,MDB,1
134561,1719,2025-02-19,ORDINARIA,PRESENCIAL,MDB,1
134562,1719,2025-02-19,ORDINARIA,PRESENCIAL,MDB,1
134563,1719,2025-02-19,ORDINARIA,PRESENCIAL,PL,1
134564,1719,2025-02-19,ORDINARIA,PRESENCIAL,PSD,1
134565,1719,2025-02-19,ORDINARIA,PRESENCIAL,AVANTE,1
134566,1719,2025-02-19,ORDINARIA,PRESENCIAL,REPUBLICANOS,1
134567,1719,2025-02-19,ORDINARIA,PRESENCIAL,PSOL,1
134568,1719,2025-02-19,ORDINARIA,PRESENCIAL,PP,1
134569,1719,2025-02-19,ORDINARIA,PRESENCIAL,CIDADANIA,1
134570,1719,2025-02-19,ORDINARIA,PRESENCIAL,PP,1
134571,1719,2025-02-19,ORDINARIA,PRESENCIAL,PT,1
134572,1719,2025-02-19,ORDINARIA,PRESENCIAL,PSD,1
134573,1719,2025-02-19,ORDINARIA,PRESENCIAL,PRD,1
134574,1719,2025-02-19,ORDINARIA,PRESENCIAL,PL,1
134575,1719,2025-02-19,ORDINARIA,PRESENCIAL,PL,1
134576,1719,2025-02-19,ORDINARIA,PRESENCIAL,MDB,1
134577,1720,2025-02-25,ORDINARIA,PRESENCIAL,PT,2
134578,1720,2025-02-25,ORDINARIA,PRESENCIAL,PSB,1
134579,1720,2025-02-25,ORDINARIA,PRESENCIAL,UNIÃO,1
134580,1720,2025-02-25,ORDINARIA,PRESENCIAL,PSOL,2
134581,1720,2025-02-25,ORDINARIA,PRESENCIAL,PT,2
134582,1720,2025-02-25,ORDINARIA,PRESENCIAL,MDB,1
134583,1720,2025-02-25,ORDINARIA,PRESENCIAL,MDB,1
134584,1720,2025-02-25,ORDINARIA,PRESENCIAL,MDB,1
134585,1720,2025-02-25,ORDINARIA,PRESENCIAL,PL,1
134586,1720,2025-02-25,ORDINARIA,PRESENCIAL,AVANTE,1
134587,1720,2025-02-25,ORDINARIA,PRESENCIAL,PSOL,2
134588,1720,2025-02-25,ORDINARIA,PRESENCIAL,PP,1
134589,1720,2025-02-25,ORDINARIA,PRESENCIAL,CIDADANIA,1
134590,1720,2025-02-25,ORDINARIA,PRESENCIAL,PRD,1
134591,1720,2025-02-25,ORDINARIA,PRESENCIAL,PL,1
134592,1720,2025-02-25,ORDINARIA,PRESENCIAL,PL,1
134593,1720,2025-02-25,ORDINARIA,PRESENCIAL,MDB,1
134594,1721,2025-02-20,ORDINARIA,PRESENCIAL,PT,1
134595,1724,2025-02-26,ORDINARIA,PRESENCIAL,PT,1
134596,1724,2025-02-26,ORDINARIA,PRESENCIAL,UNIÃO,1
134597,1724,2025-02-26,ORDINARIA,PRESENCIAL,PSOL,1
134598,1724,2025-02-26,ORDINARIA,PRESENCIAL,PT,1
134599,1724,2025-02-26,ORDINARIA,PRESENCIAL,MDB,1
134600,1724,2025-02-26,ORDINARIA,PRESENCIAL,MDB,1
134601,1724,2025-02-26,ORDINARIA,PRESENCIAL,PL,1
134602,1724,2025-02-26,ORDINARIA,PRESENCIAL,AVANTE,1
134603,1724,2025-02-26,ORDINARIA,PRESENCIAL,PSOL,1
134604,1724,2025-02-26,ORDINARIA,PRESENCIAL,PP,1
134605,1724,2025-02-26,ORDINARIA,PRESENCIAL,CIDADANIA,1
134606,1724,2025-02-26,ORDINARIA,PRESENCIAL,PSD,1
134607,1724,2025-02-26,ORDINARIA,PRESENCIAL,PRD,1
134608,1724,2025-02-26,ORDINARIA,PRESENCIAL,PL,1
134609,1724,2025-02-26,ORDINARIA,PRESENCIAL,PL,1
134610,1727,2025-02-27,ORDINARIA,PRESENCIAL,PT,1
134611,1730,2025-03-06,ORDINARIA,PRESENCIAL,PT,1
134612,1730,2025-03-06,ORDINARIA,PRESENCIAL,CIDADANIA,1
134613,1733,2025-03-11,ORDINARIA,PRESENCIAL,PT,1
134614,1733,2025-03-11,ORDINARIA,PRESENCIAL,PSB,2
134615,1733,2025-03-11,ORDINARIA,PRESENCIAL,UNIÃO,1
134616,1733,2025-03-11,ORDINARIA,PRESENCIAL,PSOL,2
134617,1733,2025-03-11,ORDINARIA,PRESENCIAL,PT,2
134618,1733,2025-03-11,ORDINARIA,PRESENCIAL,MDB,1
134619,1733,2025-03-11,ORDINARIA,PRESENCIAL,MDB,1
134620,1733,2025-03-11,ORDINARIA,PRESENCIAL,MDB,1
134621,1733,2025-03-11,ORDINARIA,PRESENCIAL,PL,1
134622,1733,2025-03-11,ORDINARIA,PRESENCIAL,PSD,1
134623,1733,2025-03-11,ORDINARIA,PRESENCIAL,AVANTE,2
134624,1733,2025-03-11,ORDINARIA,PRESENCIAL,REPUBLICANOS,2
134625,1733,2025-03-11,ORDINARIA,PRESENCIAL,PSOL,1
134626,1733,2025-03-11,ORDINARIA,PRESENCIAL,PP,1
134627,1733,2025-03-11,ORDINARIA,PRESENCIAL,CIDADANIA,1
134628,1733,2025-03-11,ORDINARIA,PRESENCIAL,PP,1
134629,1733,2025-03-11,ORDINARIA,PRESENCIAL,PT,2
134630,1733,2025-03-11,ORDINARIA,PRESENCIAL,PSD,1
134631,1733,2025-03-11,ORDINARIA,PRESENCIAL,PRD,2
134632,1733,2025-03-11,ORDINARIA,PRESENCIAL,PL,1
134633,1733,2025-03-11,ORDINARIA,PRESENCIAL,PL,2
134634,1733,2025-03-11,ORDINARIA,PRESENCIAL,MDB,2
134635,1734,2025-03-11,EXTRAORDINARIA,PRESENCIAL,PSB,1
134636,1734,2025-03-11,EXTRAORDINARIA,PRESENCIAL,UNIÃO,1
134637,1734,2025-03-11,EXTRAORDINARIA,PRESENCIAL,PSOL,1
134638,1734,2025-03-11,EXTRAORDINARIA,PRESENCIAL,PT,1
134639,1734,2025-03-11,EXTRAORDINARIA,PRESENCIAL,MDB,1
134640,1734,2025-03-11,EXTRAORDINARIA,PRESENCIAL,MDB,1
134641,1734,2025-03-11,EXTRAORDINARIA,PRESENCIAL,MDB,1
134642,1734,2025-03-11,EXTRAORDINARIA,PRESENCIAL,PL,1
134643,1734,2025-03-11,EXTRAORDINARIA,PRESENCIAL,AVANTE,1
134644,1734,2025-03-11,EXTRAORDINARIA,PRESENCIAL,REPUBLICANOS,1
134645,1734,2025-03-11,EXTRAORDINARIA,PRESENCIAL,PSOL,1
134646,1734,2025-03-11,EXTRAORDINARIA,PRESENCIAL,PP,1
134647,1734,2025-03-11,EXTRAORDINARIA,PRESENCIAL,CIDADANIA,1
134648,1734,2025-03-11,EXTRAORDINARIA,PRESENCIAL,PT,1
134649,1734,2025-03-11,EXTRAORDINARIA,PRESENCIAL,PRD,1
134650,1734,2025-03-11,EXTRAORDINARIA,PRESENCIAL,PL,1
134651,1734,2025-03-11,EXTRAORDINARIA,PRESENCIAL,MDB,1
134652,1736,2025-03-12,ORDINARIA,PRESENCIAL,PT,1
134653,1736,2025-03-12,ORDINARIA,PRESENCIAL,MDB,1
134654,1736,2025-03-12,ORDINARIA,PRESENCIAL,PSB,1
134655,1736,2025-03-12,ORDINARIA,PRESENCIAL,PSOL,1
134656,1736,2025-03-12,ORDINARIA,PRESENCIAL,PT,1
134657,1736,2025-03-12,ORDINARIA,PRESENCIAL,MDB,1
134658,1736,2025-03-12,ORDINARIA,PRESENCIAL,MDB,1
134659,1736,2025-03-12,ORDINARIA,PRESENCIAL,PSD,1
134660,1736,2025-03-12,ORDINARIA,PRESENCIAL,AVANTE,1
134661,1736,2025-03-12,ORDINARIA,PRESENCIAL,REPUBLICANOS,1
134662,1736,2025-03-12,ORDINARIA,PRESENCIAL,PSOL,1
134663,1736,2025-03-12,ORDINARIA,PRESENCIAL,PP,1
134664,1736,2025-03-12,ORDINARIA,PRESENCIAL,CIDADANIA,1
134665,1736,2025-03-12,ORDINARIA,PRESENCIAL,PP,1
134666,1736,2025-03-12,ORDINARIA,PRESENCIAL,PT,1
134667,1736,2025-03-12,ORDINARIA,PRESENCIAL,PSD,1
134668,1736,2025-03-12,ORDINARIA,PRESENCIAL,PRD,1
134669,1736,2025-03-12,ORDINARIA,PRESENCIAL,PL,1
134670,1736,2025-03-12,ORDINARIA,PRESENCIAL,PL,1
134671,1739,2025-03-13,ORDINARIA,PRESENCIAL,PT,1
134672,1739,2025-03-13,ORDINARIA,PRESENCIAL,PSB,1
134673,1739,2025-03-13,ORDINARIA,PRESENCIAL,UNIÃO,1
134674,1739,2025-03-13,ORDINARIA,PRESENCIAL,PSOL,1
134675,1739,2025-03-13,ORDINARIA,PRESENCIAL,PT,1
134676,1739,2025-03-13,ORDINARIA,PRESENCIAL,MDB,1
134677,1739,2025-03-13,ORDINARIA,PRESENCIAL,PL,1
134678,1739,2025-03-13,ORDINARIA,PRESENCIAL,REPUBLICANOS,1
134679,1739,2025-03-13,ORDINARIA,PRESENCIAL,PSOL,1
134680,1739,2025-03-13,ORDINARIA,PRESENCIAL,CIDADANIA,1
134681,1739,2025-03-13,ORDINARIA,PRESENCIAL,PT,1
134682,1739,2025-03-13,ORDINARIA,PRESENCIAL,PSD,1
134683,1739,2025-03-13,ORDINARIA,PRESENCIAL,PRD,1
134684,1739,2025-03-13,ORDINARIA,PRESENCIAL,PL,1
134685,1739,2025-03-13,ORDINARIA,PRESENCIAL,PL,1
134686,1739,2025-03-13,ORDINARIA,PRESENCIAL,MDB,1
134687,1740,2025-03-18,EXTRAORDINARIA,PRESENCIAL,MDB,1
134688,1740,2025-03-18,EXTRAORDINARIA,PRESENCIAL,PT,1
134689,1740,2025-03-18,EXTRAORDINARIA,PRESENCIAL,CIDADANIA,1
134690,1740,2025-03-18,EXTRAORDINARIA,PRESENCIAL,PRD,1
134691,1740,2025-03-18,EXTRAORDINARIA,PRESENCIAL,PL,1
134692,1741,2025-03-18,ORDINARIA,PRESENCIAL,PT,1
134693,1741,2025-03-18,ORDINARIA,PRESENCIAL,MDB,1
134694,1741,2025-03-18,ORDINARIA,PRESENCIAL,PSB,1
134695,1741,2025-03-18,ORDINARIA,PRESENCIAL,UNIÃO,1
134696,1741,2025-03-18,ORDINARIA,PRESENCIAL,PSOL,1
134697,1741,2025-03-18,ORDINARIA,PRESENCIAL,PT,1
134698,1741,2025-03-18,ORDINARIA,PRESENCIAL,MDB,1
134699,1741,2025-03-18,ORDINARIA,PRESENCIAL,MDB,1
134700,1741,2025-03-18,ORDINARIA,PRESENCIAL,MDB,1
134701,1741,2025-03-18,ORDINARIA,PRESENCIAL,PL,1
134702,1741,2025-03-18,ORDINARIA,PRESENCIAL,PSD,1
134703,1741,2025-03-18,ORDINARIA,PRESENCIAL,AVANTE,1
134704,1741,2025-03-18,ORDINARIA,PRESENCIAL,REPUBLICANOS,1
134705,1741,2025-03-18,ORDINARIA,PRESENCIAL,PSOL,1
134706,1741,2025-03-18,ORDINARIA,PRESENCIAL,PP,1
134707,1741,2025-03-18,ORDINARIA,PRESENCIAL,CIDADANIA,1
134708,1741,2025-03-18,ORDINARIA,PRESENCIAL,PP,1
134709,1741,2025-03-18,ORDINARIA,PRESENCIAL,PT,1
134710,1741,2025-03-18,ORDINARIA,PRESENCIAL,PSD,1
134711,1741,2025-03-18,ORDINARIA,PRESENCIAL,PRD,1
134712,1741,2025-03-18,ORDINARIA,PRESENCIAL,PL,1
134713,1741,2025-03-18,ORDINARIA,PRESENCIAL,PL,1
134714,1741,2025-03-18,ORDINARIA,PRESENCIAL,MDB,1
134715,1742,2025-03-18,EXTRAORDINARIA,PRESENCIAL,PT,1
134716,1742,2025-03-18,EXTRAORDINARIA,PRESENCIAL,MDB,1
134717,1742,2025-03-18,EXTRAORDINARIA,PRESENCIAL,PSB,1
134718,1742,2025-03-18,EXTRAORDINARIA,PRESENCIAL,UNIÃO,1
134719,1742,2025-03-18,EXTRAORDINARIA,PRESENCIAL,PSOL,1
134720,1742,2025-03-18,EXTRAORDINARIA,PRESENCIAL,PT,1
134721,1742,2025-03-18,EXTRAORDINARIA,PRESENCIAL,MDB,1
134722,1742,2025-03-18,EXTRAORDINARIA,PRESENCIAL,MDB,1
134723,1742,2025-03-18,EXTRAORDINARIA,PRESENCIAL,MDB,1
134724,1742,2025-03-18,EXTRAORDINARIA,PRESENCIAL,PSD,1
134725,1742,2025-03-18,EXTRAORDINARIA,PRESENCIAL,REPUBLICANOS,1
134726,1742,2025-03-18,EXTRAORDINARIA,PRESENCIAL,PSOL,1
134727,1742,2025-03-18,EXTRAORDINARIA,PRESENCIAL,PP,1
134728,1742,2025-03-18,EXTRAORDINARIA,PRESENCIAL,CIDADANIA,1
134729,1742,2025-03-18,EXTRAORDINARIA,PRESENCIAL,PP,1
134730,1742,2025-03-18,EXTRAORDINARIA,PRESENCIAL,PT,1
134731,1742,2025-03-18,EXTRAORDINARIA,PRESENCIAL,PRD,1
134732,1742,2025-03-18,EXTRAORDINARIA,PRESENCIAL,PL,1
134733,1742,2025-03-18,EXTRAORDINARIA,PRESENCIAL,PL,1
134734,1742,2025-03-18,EXTRAORDINARIA,PRESENCIAL,MDB,1
134735,1743,2025-03-18,EXTRAORDINARIA,PRESENCIAL,PT,1
134736,1743,2025-03-18,EXTRAORDINARIA,PRESENCIAL,MDB,1
134737,1743,2025-03-18,EXTRAORDINARIA,PRESENCIAL,PSB,1
134738,1743,2025-03-18,EXTRAORDINARIA,PRESENCIAL,PT,1
134739,1743,2025-03-18,EXTRAORDINARIA,PRESENCIAL,MDB,1
134740,1743,2025-03-18,EXTRAORDINARIA,PRESENCIAL,MDB,1
134741,1743,2025-03-18,EXTRAORDINARIA,PRESENCIAL,PSD,1
134742,1743,2025-03-18,EXTRAORDINARIA,PRESENCIAL,REPUBLICANOS,1
134743,1743,2025-03-18,EXTRAORDINARIA,PRESENCIAL,PSOL,1
134744,1743,2025-03-18,EXTRAORDINARIA,PRESENCIAL,PP,1
134745,1743,2025-03-18,EXTRAORDINARIA,PRESENCIAL,PP,1
134746,1743,2025-03-18,EXTRAORDINARIA,PRESENCIAL,PT,1
134747,1743,2025-03-18,EXTRAORDINARIA,PRESENCIAL,PRD,1
134748,1743,2025-03-18,EXTRAORDINARIA,PRESENCIAL,PL,1
134749,1743,2025-03-18,EXTRAORDINARIA,PRESENCIAL,MDB,1
134750,1744,2025-03-19,ORDINARIA,PRESENCIAL,PT,1
134751,1744,2025-03-19,ORDINARIA,PRESENCIAL,MDB,1
134752,1744,2025-03-19,ORDINARIA,PRESENCIAL,PSB,1
134753,1744,2025-03-19,ORDINARIA,PRESENCIAL,UNIÃO,1
134754,1744,2025-03-19,ORDINARIA,PRESENCIAL,PSOL,1
134755,1744,2025-03-19,ORDINARIA,PRESENCIAL,PT,1
134756,1744,2025-03-19,ORDINARIA,PRESENCIAL,MDB,1
134757,1744,2025-03-19,ORDINARIA,PRESENCIAL,MDB,1
134758,1744,2025-03-19,ORDINARIA,PRESENCIAL,MDB,1
134759,1744,2025-03-19,ORDINARIA,PRESENCIAL,PL,1
134760,1744,2025-03-19,ORDINARIA,PRESENCIAL,PSD,1
134761,1744,2025-03-19,ORDINARIA,PRESENCIAL,AVANTE,1
134762,1744,2025-03-19,ORDINARIA,PRESENCIAL,REPUBLICANOS,1
134763,1744,2025-03-19,ORDINARIA,PRESENCIAL,PSOL,1
134764,1744,2025-03-19,ORDINARIA,PRESENCIAL,PP,1
134765,1744,2025-03-19,ORDINARIA,PRESENCIAL,CIDADANIA,1
134766,1744,2025-03-19,ORDINARIA,PRESENCIAL,PP,1
134767,1744,2025-03-19,ORDINARIA,PRESENCIAL,PT,1
134768,1744,2025-03-19,ORDINARIA,PRESENCIAL,PSD,1
134769,1744,2025-03-19,ORDINARIA,PRESENCIAL,PRD,1
134770,1744,2025-03-19,ORDINARIA,PRESENCIAL,PL,1
134771,1744,2025-03-19,ORDINARIA,PRESENCIAL,PL,1
134772,1746,2025-03-20,ORDINARIA,PRESENCIAL,PSB,1
134773,1746,2025-03-20,ORDINARIA,PRESENCIAL,UNIÃO,1
134774,1746,2025-03-20,ORDINARIA,PRESENCIAL,PT,1
134775,1746,2025-03-20,ORDINARIA,PRESENCIAL,MDB,1
134776,1746,2025-03-20,ORDINARIA,PRESENCIAL,REPUBLICANOS,1
134777,1746,2025-03-20,ORDINARIA,PRESENCIAL,PSOL,1
134778,1746,2025-03-20,ORDINARIA,PRESENCIAL,PP,1
134779,1746,2025-03-20,ORDINARIA,PRESENCIAL,CIDADANIA,1
134780,1746,2025-03-20,ORDINARIA,PRESENCIAL,PT,1
134781,1746,2025-03-20,ORDINARIA,PRESENCIAL,PSD,1
134782,1746,2025-03-20,ORDINARIA,PRESENCIAL,PRD,1
134783,1746,2025-03-20,ORDINARIA,PRESENCIAL,PL,1
134784,1746,2025-03-20,ORDINARIA,PRESENCIAL,MDB,1
134785,1752,2025-03-25,ORDINARIA,PRESENCIAL,PT,1
134786,1752,2025-03-25,ORDINARIA,PRESENCIAL,PSB,1
134787,1752,2025-03-25,ORDINARIA,PRESENCIAL,MDB,1
134788,1752,2025-03-25,ORDINARIA,PRESENCIAL,UNIÃO,1
134789,1752,2025-03-25,ORDINARIA,PRESENCIAL,PSOL,1
134790,1752,2025-03-25,ORDINARIA,PRESENCIAL,PT,1
134791,1752,2025-03-25,ORDINARIA,PRESENCIAL,MDB,1
134792,1752,2025-03-25,ORDINARIA,PRESENCIAL,MDB,1
134793,1752,2025-03-25,ORDINARIA,PRESENCIAL,MDB,1
134794,1752,2025-03-25,ORDINARIA,PRESENCIAL,PL,1
134795,1752,2025-03-25,ORDINARIA,PRESENCIAL,PSD,1
134796,1752,2025-03-25,ORDINARIA,PRESENCIAL,AVANTE,1
134797,1752,2025-03-25,ORDINARIA,PRESENCIAL,REPUBLICANOS,1
134798,1752,2025-03-25,ORDINARIA,PRESENCIAL,PSOL,1
134799,1752,2025-03-25,ORDINARIA,PRESENCIAL,PP,1
134800,1752,2025-03-25,ORDINARIA,PRESENCIAL,CIDADANIA,1
134801,1752,2025-03-25,ORDINARIA,PRESENCIAL,PP,1
134802,1752,2025-03-25,ORDINARIA,PRESENCIAL,PT,1
134803,1752,2025-03-25,ORDINARIA,PRESENCIAL,PSD,1
134804,1752,2025-03-25,ORDINARIA,PRESENCIAL,PRD,1
134805,1752,2025-03-25,ORDINARIA,PRESENCIAL,PL,1
134806,1752,2025-03-25,ORDINARIA,PRESENCIAL,PL,1
134807,1752,2025-03-25,ORDINARIA,PRESENCIAL,MDB,1
134808,1754,2025-03-25,EXTRAORDINARIA,PRESENCIAL,PT,1
134809,1754,2025-03-25,EXTRAORDINARIA,PRESENCIAL,PSB,1
134810,1754,2025-03-25,EXTRAORDINARIA,PRESENCIAL,MDB,1
134811,1754,2025-03-25,EXTRAORDINARIA,PRESENCIAL,UNIÃO,1
134812,1754,2025-03-25,EXTRAORDINARIA,PRESENCIAL,PSOL,1
134813,1754,2025-03-25,EXTRAORDINARIA,PRESENCIAL,PT,1
134814,1754,2025-03-25,EXTRAORDINARIA,PRESENCIAL,MDB,1
134815,1754,2025-03-25,EXTRAORDINARIA,PRESENCIAL,MDB,1
134816,1754,2025-03-25,EXTRAORDINARIA,PRESENCIAL,MDB,1
134817,1754,2025-03-25,EXTRAORDINARIA,PRESENCIAL,PL,1
134818,1754,2025-03-25,EXTRAORDINARIA,PRESENCIAL,REPUBLICANOS,1
134819,1754,2025-03-25,EXTRAORDINARIA,PRESENCIAL,PSOL,1
134820,1754,2025-03-25,EXTRAORDINARIA,PRESENCIAL,PP,1
134821,1754,2025-03-25,EXTRAORDINARIA,PRESENCIAL,CIDADANIA,1
134822,1754,2025-03-25,EXTRAORDINARIA,PRESENCIAL,PP,1
134823,1754,2025-03-25,EXTRAORDINARIA,PRESENCIAL,PT,1
134824,1754,2025-03-25,EXTRAORDINARIA,PRESENCIAL,PL,1
134825,1754,2025-03-25,EXTRAORDINARIA,PRESENCIAL,MDB,1
134826,1755,2025-03-26,ORDINARIA,PRESENCIAL,PT,1
134827,1755,2025-03-26,ORDINARIA,PRESENCIAL,MDB,1
134828,1755,2025-03-26,ORDINARIA,PRESENCIAL,UNIÃO,1
134829,1755,2025-03-26,ORDINARIA,PRESENCIAL,PSOL,1
134830,1755,2025-03-26,ORDINARIA,PRESENCIAL,PT,1
134831,1755,2025-03-26,ORDINARIA,PRESENCIAL,MDB,1
134832,1755,2025-03-26,ORDINARIA,PRESENCIAL,MDB,1
134833,1755,2025-03-26,ORDINARIA,PRESENCIAL,MDB,1
134834,1755,2025-03-26,ORDINARIA,PRESENCIAL,PL,1
134835,1755,2025-03-26,ORDINARIA,PRESENCIAL,PSD,1
134836,1755,2025-03-26,ORDINARIA,PRESENCIAL,AVANTE,1
134837,1755,2025-03-26,ORDINARIA,PRESENCIAL,REPUBLICANOS,1
134838,1755,2025-03-26,ORDINARIA,PRESENCIAL,PSOL,1
134839,1755,2025-03-26,ORDINARIA,PRESENCIAL,CIDADANIA,1
134840,1755,2025-03-26,ORDINARIA,PRESENCIAL,PP,1
134841,1755,2025-03-26,ORDINARIA,PRESENCIAL,PT,1
134842,1755,2025-03-26,ORDINARIA,PRESENCIAL,PSD,1
134843,1755,2025-03-26,ORDINARIA,PRESENCIAL,PRD,1
134844,1755,2025-03-26,ORDINARIA,PRESENCIAL,PL,1
134845,1755,2025-03-26,ORDINARIA,PRESENCIAL,MDB,1
134846,1756,2025-04-02,EXTRAORDINARIA,PRESENCIAL,PT,1
134847,1756,2025-04-02,EXTRAORDINARIA,PRESENCIAL,MDB,1
134848,1756,2025-04-02,EXTRAORDINARIA,PRESENCIAL,UNIÃO,1
134849,1756,2025-04-02,EXTRAORDINARIA,PRESENCIAL,PSOL,1
134850,1756,2025-04-02,EXTRAORDINARIA,PRESENCIAL,PT,1
134851,1756,2025-04-02,EXTRAORDINARIA,PRESENCIAL,MDB,1
134852,1756,2025-04-02,EXTRAORDINARIA,PRESENCIAL,MDB,1
134853,1756,2025-04-02,EXTRAORDINARIA,PRESENCIAL,MDB,1
134854,1756,2025-04-02,EXTRAORDINARIA,PRESENCIAL,PL,1
134855,1756,2025-04-02,EXTRAORDINARIA,PRESENCIAL,PSD,1
134856,1756,2025-04-02,EXTRAORDINARIA,PRESENCIAL,REPUBLICANOS,1
134857,1756,2025-04-02,EXTRAORDINARIA,PRESENCIAL,PSOL,1
134858,1756,2025-04-02,EXTRAORDINARIA,PRESENCIAL,PP,1
134859,1756,2025-04-02,EXTRAORDINARIA,PRESENCIAL,PT,1
134860,1756,2025-04-02,EXTRAORDINARIA,PRESENCIAL,PRD,1
134861,1756,2025-04-02,EXTRAORDINARIA,PRESENCIAL,PL,1
134862,1756,2025-04-02,EXTRAORDINARIA,PRESENCIAL,PL,1
134863,1756,2025-04-02,EXTRAORDINARIA,PRESENCIAL,MDB,1
134864,1757,2025-03-27,ORDINARIA,PRESENCIAL,UNIÃO,1
134865,1757,2025-03-27,ORDINARIA,PRESENCIAL,PRD,1
134866,1759,2025-04-01,ORDINARIA,PRESENCIAL,PT,1
134867,1759,2025-04-01,ORDINARIA,PRESENCIAL,PSB,1
134868,1759,2025-04-01,ORDINARIA,PRESENCIAL,MDB,1
134869,1759,2025-04-01,ORDINARIA,PRESENCIAL,UNIÃO,1
134870,1759,2025-04-01,ORDINARIA,PRESENCIAL,PSOL,1
134871,1759,2025-04-01,ORDINARIA,PRESENCIAL,PT,1
134872,1759,2025-04-01,ORDINARIA,PRESENCIAL,MDB,2
134873,1759,2025-04-01,ORDINARIA,PRESENCIAL,MDB,1
134874,1759,2025-04-01,ORDINARIA,PRESENCIAL,MDB,1
134875,1759,2025-04-01,ORDINARIA,PRESENCIAL,PL,1
134876,1759,2025-04-01,ORDINARIA,PRESENCIAL,REPUBLICANOS,1
134877,1759,2025-04-01,ORDINARIA,PRESENCIAL,PSOL,1
134878,1759,2025-04-01,ORDINARIA,PRESENCIAL,PP,1
134879,1759,2025-04-01,ORDINARIA,PRESENCIAL,CIDADANIA,2
134880,1759,2025-04-01,ORDINARIA,PRESENCIAL,PT,1
134881,1759,2025-04-01,ORDINARIA,PRESENCIAL,PSD,1
134882,1759,2025-04-01,ORDINARIA,PRESENCIAL,PRD,1
134883,1759,2025-04-01,ORDINARIA,PRESENCIAL,PL,1
134884,1759,2025-04-01,ORDINARIA,PRESENCIAL,PL,1
134885,1759,2025-04-01,ORDINARIA,PRESENCIAL,MDB,1
134886,1762,2025-04-02,ORDINARIA,PRESENCIAL,PT,2
134887,1762,2025-04-02,ORDINARIA,PRESENCIAL,MDB,2
134888,1762,2025-04-02,ORDINARIA,PRESENCIAL,UNIÃO,2
134889,1762,2025-04-02,ORDINARIA,PRESENCIAL,PSOL,1
134890,1762,2025-04-02,ORDINARIA,PRESENCIAL,PT,2
134891,1762,2025-04-02,ORDINARIA,PRESENCIAL,MDB,1
134892,1762,2025-04-02,ORDINARIA,PRESENCIAL,MDB,2
134893,1762,2025-04-02,ORDINARIA,PRESENCIAL,MDB,2
134894,1762,2025-04-02,ORDINARIA,PRESENCIAL,PL,2
134895,1762,2025-04-02,ORDINARIA,PRESENCIAL,PSD,2
134896,1762,2025-04-02,ORDINARIA,PRESENCIAL,REPUBLICANOS,2
134897,1762,2025-04-02,ORDINARIA,PRESENCIAL,PSOL,2
134898,1762,2025-04-02,ORDINARIA,PRESENCIAL,PP,2
134899,1762,2025-04-02,ORDINARIA,PRESENCIAL,PT,1
134900,1762,2025-04-02,ORDINARIA,PRESENCIAL,PSD,1
134901,1762,2025-04-02,ORDINARIA,PRESENCIAL,PRD,2
134902,1762,2025-04-02,ORDINARIA,PRESENCIAL,PL,1
134903,1762,2025-04-02,ORDINARIA,PRESENCIAL,PL,2
134904,1762,2025-04-02,ORDINARIA,PRESENCIAL,MDB,2
134905,1763,2025-04-03,ORDINARIA,PRESENCIAL,MDB,1
134906,1763,2025-04-03,ORDINARIA,PRESENCIAL,CIDADANIA,1
134907,1763,2025-04-03,ORDINARIA,PRESENCIAL,PRD,1
134908,1765,2025-04-03,ORDINARIA,PRESENCIAL,PT,1
134909,1765,2025-04-03,ORDINARIA,PRESENCIAL,PT,1
134910,1765,2025-04-03,ORDINARIA,PRESENCIAL,PSOL,1
134911,1765,2025-04-03,ORDINARIA,PRESENCIAL,PT,1
134912,1769,2025-04-08,ORDINARIA,PRESENCIAL,PT,1
134913,1769,2025-04-08,ORDINARIA,PRESENCIAL,PSB,1
134914,1769,2025-04-08,ORDINARIA,PRESENCIAL,MDB,1
134915,1769,2025-04-08,ORDINARIA,PRESENCIAL,UNIÃO,1
134916,1769,2025-04-08,ORDINARIA,PRESENCIAL,PSOL,1
134917,1769,2025-04-08,ORDINARIA,PRESENCIAL,PT,1
134918,1769,2025-04-08,ORDINARIA,PRESENCIAL,MDB,1
134919,1769,2025-04-08,ORDINARIA,PRESENCIAL,MDB,1
134920,1769,2025-04-08,ORDINARIA,PRESENCIAL,MDB,1
134921,1769,2025-04-08,ORDINARIA,PRESENCIAL,PL,1
134922,1769,2025-04-08,ORDINARIA,PRESENCIAL,PSD,1
134923,1769,2025-04-08,ORDINARIA,PRESENCIAL,AVANTE,1
134924,1769,2025-04-08,ORDINARIA,PRESENCIAL,REPUBLICANOS,1
134925,1769,2025-04-08,ORDINARIA,PRESENCIAL,PSOL,1
134926,1769,2025-04-08,ORDINARIA,PRESENCIAL,PP,1
134927,1769,2025-04-08,ORDINARIA,PRESENCIAL,CIDADANIA,1
134928,1769,2025-04-08,ORDINARIA,PRESENCIAL,PP,1
134929,1769,2025-04-08,ORDINARIA,PRESENCIAL,PT,1
134930,1769,2025-04-08,ORDINARIA,PRESENCIAL,PRD,1
134931,1769,2025-04-08,ORDINARIA,PRESENCIAL,PL,1
134932,1769,2025-04-08,ORDINARIA,PRESENCIAL,PL,1
134933,1769,2025-04-08,ORDINARIA,PRESENCIAL,MDB,1
134934,1770,2025-04-08,EXTRAORDINARIA,PRESENCIAL,PT,1
134935,1770,2025-04-08,EXTRAORDINARIA,PRESENCIAL,PSB,1
134936,1770,2025-04-08,EXTRAORDINARIA,PRESENCIAL,MDB,1
134937,1770,2025-04-08,EXTRAORDINARIA,PRESENCIAL,UNIÃO,1
134938,1770,2025-04-08,EXTRAORDINARIA,PRESENCIAL,PSOL,1
134939,1770,2025-04-08,EXTRAORDINARIA,PRESENCIAL,PT,1
134940,1770,2025-04-08,EXTRAORDINARIA,PRESENCIAL,MDB,1
134941,1770,2025-04-08,EXTRAORDINARIA,PRESENCIAL,MDB,1
134942,1770,2025-04-08,EXTRAORDINARIA,PRESENCIAL,PL,1
134943,1770,2025-04-08,EXTRAORDINARIA,PRESENCIAL,AVANTE,1
134944,1770,2025-04-08,EXTRAORDINARIA,PRESENCIAL,REPUBLICANOS,1
134945,1770,2025-04-08,EXTRAORDINARIA,PRESENCIAL,PSOL,1
134946,1770,2025-04-08,EXTRAORDINARIA,PRESENCIAL,PP,1
134947,1770,2025-04-08,EXTRAORDINARIA,PRESENCIAL,CIDADANIA,1
134948,1770,2025-04-08,EXTRAORDINARIA,PRESENCIAL,PP,1
134949,1770,2025-04-08,EXTRAORDINARIA,PRESENCIAL,PT,1
134950,1770,2025-04-08,EXTRAORDINARIA,PRESENCIAL,PRD,1
134951,1770,2025-04-08,EXTRAORDINARIA,PRESENCIAL,PL,1
134952,1770,2025-04-08,EXTRAORDINARIA,PRESENCIAL,MDB,1
134953,1773,2025-04-09,ORDINARIA,PRESENCIAL,PT,1
134954,1773,2025-04-09,ORDINARIA,PRESENCIAL,PSB,1
134955,1773,2025-04-09,ORDINARIA,PRESENCIAL,MDB,1
134956,1773,2025-04-09,ORDINARIA,PRESENCIAL,PSOL,1
134957,1773,2025-04-09,ORDINARIA,PRESENCIAL,PT,1
134958,1773,2025-04-09,ORDINARIA,PRESENCIAL,MDB,1
134959,1773,2025-04-09,ORDINARIA,PRESENCIAL,MDB,1
134960,1773,2025-04-09,ORDINARIA,PRESENCIAL,MDB,1
134961,1773,2025-04-09,ORDINARIA,PRESENCIAL,PL,1
134962,1773,2025-04-09,ORDINARIA,PRESENCIAL,PSD,1
134963,1773,2025-04-09,ORDINARIA,PRESENCIAL,AVANTE,1
134964,1773,2025-04-09,ORDINARIA,PRESENCIAL,REPUBLICANOS,1
134965,1773,2025-04-09,ORDINARIA,PRESENCIAL,PSOL,1
134966,1773,2025-04-09,ORDINARIA,PRESENCIAL,PP,1
134967,1773,2025-04-09,ORDINARIA,PRESENCIAL,PP,1
134968,1773,2025-04-09,ORDINARIA,PRESENCIAL,PT,1
134969,1773,2025-04-09,ORDINARIA,PRESENCIAL,PRD,1
134970,1773,2025-04-09,ORDINARIA,PRESENCIAL,PL,1
134971,1773,2025-04-09,ORDINARIA,PRESENCIAL,PL,1
134972,1773,2025-04-09,ORDINARIA,PRESENCIAL,MDB,1
134973,1775,2025-04-10,ORDINARIA,PRESENCIAL,PT,1
134974,1775,2025-04-10,ORDINARIA,PRESENCIAL,CIDADANIA,1
134975,1776,2025-04-10,ORDINARIA,PRESENCIAL,PT,1
134976,1776,2025-04-10,ORDINARIA,PRESENCIAL,CIDADANIA,1
134977,1780,2025-04-15,ORDINARIA,PRESENCIAL,PT,1
134978,1780,2025-04-15,ORDINARIA,PRESENCIAL,PSB,1
134979,1780,2025-04-15,ORDINARIA,PRESENCIAL,MDB,1
134980,1780,2025-04-15,ORDINARIA,PRESENCIAL,UNIÃO,1
134981,1780,2025-04-15,ORDINARIA,PRESENCIAL,PSOL,1
134982,1780,2025-04-15,ORDINARIA,PRESENCIAL,PT,1
134983,1780,2025-04-15,ORDINARIA,PRESENCIAL,MDB,1
134984,1780,2025-04-15,ORDINARIA,PRESENCIAL,MDB,1
134985,1780,2025-04-15,ORDINARIA,PRESENCIAL,MDB,1
134986,1780,2025-04-15,ORDINARIA,PRESENCIAL,PSD,1
134987,1780,2025-04-15,ORDINARIA,PRESENCIAL,AVANTE,1
134988,1780,2025-04-15,ORDINARIA,PRESENCIAL,REPUBLICANOS,1
134989,1780,2025-04-15,ORDINARIA,PRESENCIAL,PSOL,1
134990,1780,2025-04-15,ORDINARIA,PRESENCIAL,PP,1
134991,1780,2025-04-15,ORDINARIA,PRESENCIAL,CIDADANIA,1
134992,1780,2025-04-15,ORDINARIA,PRESENCIAL,PP,1
134993,1780,2025-04-15,ORDINARIA,PRESENCIAL,PL,1
134994,1780,2025-04-15,ORDINARIA,PRESENCIAL,PL,1
134995,1780,2025-04-15,ORDINARIA,PRESENCIAL,MDB,1
134996,1783,2025-04-16,ORDINARIA,PRESENCIAL,PT,1
134997,1783,2025-04-16,ORDINARIA,PRESENCIAL,MDB,1
134998,1783,2025-04-16,ORDINARIA,PRESENCIAL,UNIÃO,1
134999,1783,2025-04-16,ORDINARIA,PRESENCIAL,PSOL,1
135000,1783,2025-04-16,ORDINARIA,PRESENCIAL,PT,1
135001,1783,2025-04-16,ORDINARIA,PRESENCIAL,MDB,1
135002,1783,2025-04-16,ORDINARIA,PRESENCIAL,REPUBLICANOS,1
135003,1783,2025-04-16,ORDINARIA,PRESENCIAL,PSOL,1
135004,1783,2025-04-16,ORDINARIA,PRESENCIAL,PP,1
135005,1783,2025-04-16,ORDINARIA,PRESENCIAL,CIDADANIA,1
135006,1783,2025-04-16,ORDINARIA,PRESENCIAL,PT,1
135007,1785,2025-04-22,ORDINARIA,PRESENCIAL,PT,1
135008,1785,2025-04-22,ORDINARIA,PRESENCIAL,PSB,1
135009,1785,2025-04-22,ORDINARIA,PRESENCIAL,MDB,1
135010,1785,2025-04-22,ORDINARIA,PRESENCIAL,UNIÃO,1
135011,1785,2025-04-22,ORDINARIA,PRESENCIAL,PSOL,1
135012,1785,2025-04-22,ORDINARIA,PRESENCIAL,PT,1
135013,1785,2025-04-22,ORDINARIA,PRESENCIAL,MDB,1
135014,1785,2025-04-22,ORDINARIA,PRESENCIAL,PL,1
135015,1785,2025-04-22,ORDINARIA,PRESENCIAL,PSD,1
135016,1785,2025-04-22,ORDINARIA,PRESENCIAL,AVANTE,1
135017,1785,2025-04-22,ORDINARIA,PRESENCIAL,REPUBLICANOS,1
135018,1785,2025-04-22,ORDINARIA,PRESENCIAL,PSOL,1
135019,1785,2025-04-22,ORDINARIA,PRESENCIAL,PP,1
135020,1785,2025-04-22,ORDINARIA,PRESENCIAL,CIDADANIA,1
135021,1785,2025-04-22,ORDINARIA,PRESENCIAL,PP,1
135022,1785,2025-04-22,ORDINARIA,PRESENCIAL,PT,1
135023,1785,2025-04-22,ORDINARIA,PRESENCIAL,PRD,1
135024,1785,2025-04-22,ORDINARIA,PRESENCIAL,PL,1
135025,1785,2025-04-22,ORDINARIA,PRESENCIAL,PL,1
135026,1785,2025-04-22,ORDINARIA,PRESENCIAL,MDB,1
135027,1786,2025-04-23,ORDINARIA,PRESENCIAL,PT,1
135028,1786,2025-04-23,ORDINARIA,PRESENCIAL,MDB,1
135029,1786,2025-04-23,ORDINARIA,PRESENCIAL,UNIÃO,1
135030,1786,2025-04-23,ORDINARIA,PRESENCIAL,PSOL,1
135031,1786,2025-04-23,ORDINARIA,PRESENCIAL,PT,1
135032,1786,2025-04-23,ORDINARIA,PRESENCIAL,MDB,1
135033,1786,2025-04-23,ORDINARIA,PRESENCIAL,MDB,1
135034,1786,2025-04-23,ORDINARIA,PRESENCIAL,PSD,1
135035,1786,2025-04-23,ORDINARIA,PRESENCIAL,AVANTE,1
135036,1786,2025-04-23,ORDINARIA,PRESENCIAL,REPUBLICANOS,1
135037,1786,2025-04-23,ORDINARIA,PRESENCIAL,PSOL,1
135038,1786,2025-04-23,ORDINARIA,PRESENCIAL,PP,1
135039,1786,2025-04-23,ORDINARIA,PRESENCIAL,CIDADANIA,1
135040,1786,2025-04-23,ORDINARIA,PRESENCIAL,PP,1
135041,1786,2025-04-23,ORDINARIA,PRESENCIAL,PT,1
135042,1786,2025-04-23,ORDINARIA,PRESENCIAL,PSD,1
135043,1786,2025-04-23,ORDINARIA,PRESENCIAL,PL,1
135044,1786,2025-04-23,ORDINARIA,PRESENCIAL,PL,1
135045,1786,2025-04-23,ORDINARIA,PRESENCIAL,MDB,1
135046,1788,2025-04-24,ORDINARIA,PRESENCIAL,PT,1
135047,1788,2025-04-24,ORDINARIA,PRESENCIAL,CIDADANIA,1
135048,1789,2025-04-24,ORDINARIA,PRESENCIAL,PT,1
135049,1790,2025-04-29,ORDINARIA,PRESENCIAL,PT,1
135050,1790,2025-04-29,ORDINARIA,PRESENCIAL,PSB,1
135051,1790,2025-04-29,ORDINARIA,PRESENCIAL,MDB,1
135052,1790,2025-04-29,ORDINARIA,PRESENCIAL,PSOL,1
135053,1790,2025-04-29,ORDINARIA,PRESENCIAL,PT,1
135054,1790,2025-04-29,ORDINARIA,PRESENCIAL,MDB,1
135055,1790,2025-04-29,ORDINARIA,PRESENCIAL,MDB,1
135056,1790,2025-04-29,ORDINARIA,PRESENCIAL,MDB,1
135057,1790,2025-04-29,ORDINARIA,PRESENCIAL,PSD,1
135058,1790,2025-04-29,ORDINARIA,PRESENCIAL,AVANTE,1
135059,1790,2025-04-29,ORDINARIA,PRESENCIAL,REPUBLICANOS,1
135060,1790,2025-04-29,ORDINARIA,PRESENCIAL,PSOL,1
135061,1790,2025-04-29,ORDINARIA,PRESENCIAL,PP,1
135062,1790,2025-04-29,ORDINARIA,PRESENCIAL,CIDADANIA,1
135063,1790,2025-04-29,ORDINARIA,PRESENCIAL,PP,1
135064,1790,2025-04-29,ORDINARIA,PRESENCIAL,PL,1
135065,1790,2025-04-29,ORDINARIA,PRESENCIAL,MDB,1
135066,1792,2025-04-30,ORDINARIA,PRESENCIAL,PT,1
135067,1792,2025-04-30,ORDINARIA,PRESENCIAL,MDB,1
135068,1792,2025-04-30,ORDINARIA,PRESENCIAL,UNIÃO,1
135069,1792,2025-04-30,ORDINARIA,PRESENCIAL,PT,1
135070,1792,2025-04-30,ORDINARIA,PRESENCIAL,MDB,1
135071,1792,2025-04-30,ORDINARIA,PRESENCIAL,MDB,1
135072,1792,2025-04-30,ORDINARIA,PRESENCIAL,PL,1
135073,1792,2025-04-30,ORDINARIA,PRESENCIAL,AVANTE,1
135074,1792,2025-04-30,ORDINARIA,PRESENCIAL,PP,1
135075,1792,2025-04-30,ORDINARIA,PRESENCIAL,CIDADANIA,1
135076,1792,2025-04-30,ORDINARIA,PRESENCIAL,PP,1
135077,1792,2025-04-30,ORDINARIA,PRESENCIAL,PL,1
135078,1792,2025-04-30,ORDINARIA,PRESENCIAL,MDB,1
135079,1794,2025-05-06,ORDINARIA,PRESENCIAL,PT,1
135080,1794,2025-05-06,ORDINARIA,PRESENCIAL,PSB,2
135081,1794,2025-05-06,ORDINARIA,PRESENCIAL,MDB,2
135082,1794,2025-05-06,ORDINARIA,PRESENCIAL,UNIÃO,1
135083,1794,2025-05-06,ORDINARIA,PRESENCIAL,PSOL,1
135084,1794,2025-05-06,ORDINARIA,PRESENCIAL,PT,2
135085,1794,2025-05-06,ORDINARIA,PRESENCIAL,MDB,1
135086,1794,2025-05-06,ORDINARIA,PRESENCIAL,MDB,1
135087,1794,2025-05-06,ORDINARIA,PRESENCIAL,MDB,2
135088,1794,2025-05-06,ORDINARIA,PRESENCIAL,PL,2
135089,1794,2025-05-06,ORDINARIA,PRESENCIAL,PSD,1
135090,1794,2025-05-06,ORDINARIA,PRESENCIAL,AVANTE,1
135091,1794,2025-05-06,ORDINARIA,PRESENCIAL,REPUBLICANOS,1
135092,1794,2025-05-06,ORDINARIA,PRESENCIAL,PSOL,1
135093,1794,2025-05-06,ORDINARIA,PRESENCIAL,PP,1
135094,1794,2025-05-06,ORDINARIA,PRESENCIAL,CIDADANIA,2
135095,1794,2025-05-06,ORDINARIA,PRESENCIAL,PP,2
135096,1794,2025-05-06,ORDINARIA,PRESENCIAL,PSD,2
135097,1794,2025-05-06,ORDINARIA,PRESENCIAL,PRD,1
135098,1794,2025-05-06,ORDINARIA,PRESENCIAL,PL,2
135099,1794,2025-05-06,ORDINARIA,PRESENCIAL,PL,2
135100,1794,2025-05-06,ORDINARIA,PRESENCIAL,MDB,2
135101,1795,2025-05-06,EXTRAORDINARIA,PRESENCIAL,PT,1
135102,1795,2025-05-06,EXTRAORDINARIA,PRESENCIAL,PSB,1
135103,1795,2025-05-06,EXTRAORDINARIA,PRESENCIAL,MDB,1
135104,1795,2025-05-06,EXTRAORDINARIA,PRESENCIAL,UNIÃO,1
135105,1795,2025-05-06,EXTRAORDINARIA,PRESENCIAL,MDB,1
135106,1795,2025-05-06,EXTRAORDINARIA,PRESENCIAL,MDB,1
135107,1795,2025-05-06,EXTRAORDINARIA,PRESENCIAL,MDB,1
135108,1795,2025-05-06,EXTRAORDINARIA,PRESENCIAL,PSD,1
135109,1795,2025-05-06,EXTRAORDINARIA,PRESENCIAL,AVANTE,1
135110,1795,2025-05-06,EXTRAORDINARIA,PRESENCIAL,PP,1
135111,1795,2025-05-06,EXTRAORDINARIA,PRESENCIAL,CIDADANIA,1
135112,1795,2025-05-06,EXTRAORDINARIA,PRESENCIAL,PP,1
135113,1795,2025-05-06,EXTRAORDINARIA,PRESENCIAL,PRD,1
135114,1795,2025-05-06,EXTRAORDINARIA,PRESENCIAL,PL,1
135115,1795,2025-05-06,EXTRAORDINARIA,PRESENCIAL,PL,1
135116,1795,2025-05-06,EXTRAORDINARIA,PRESENCIAL,MDB,1
135117,1796,2025-05-07,ORDINARIA,PRESENCIAL,PT,1
135118,1796,2025-05-07,ORDINARIA,PRESENCIAL,PSB,1
135119,1796,2025-05-07,ORDINARIA,PRESENCIAL,MDB,1
135120,1796,2025-05-07,ORDINARIA,PRESENCIAL,UNIÃO,1
135121,1796,2025-05-07,ORDINARIA,PRESENCIAL,PSOL,1
135122,1796,2025-05-07,ORDINARIA,PRESENCIAL,PT,1
135123,1796,2025-05-07,ORDINARIA,PRESENCIAL,MDB,1
135124,1796,2025-05-07,ORDINARIA,PRESENCIAL,MDB,1
135125,1796,2025-05-07,ORDINARIA,PRESENCIAL,MDB,1
135126,1796,2025-05-07,ORDINARIA,PRESENCIAL,PSD,1
135127,1796,2025-05-07,ORDINARIA,PRESENCIAL,AVANTE,1
135128,1796,2025-05-07,ORDINARIA,PRESENCIAL,REPUBLICANOS,1
135129,1796,2025-05-07,ORDINARIA,PRESENCIAL,PSOL,1
135130,1796,2025-05-07,ORDINARIA,PRESENCIAL,PP,1
135131,1796,2025-05-07,ORDINARIA,PRESENCIAL,PP,1
135132,1796,2025-05-07,ORDINARIA,PRESENCIAL,PT,1
135133,1796,2025-05-07,ORDINARIA,PRESENCIAL,PSD,1
135134,1796,2025-05-07,ORDINARIA,PRESENCIAL,PRD,1
135135,1796,2025-05-07,ORDINARIA,PRESENCIAL,PL,1
135136,1796,2025-05-07,ORDINARIA,PRESENCIAL,PL,1
135137,1797,2025-05-13,EXTRAORDINARIA,PRESENCIAL,PT,1
135138,1797,2025-05-13,EXTRAORDINARIA,PRESENCIAL,MDB,1
135139,1797,2025-05-13,EXTRAORDINARIA,PRESENCIAL,PSB,1
135140,1797,2025-05-13,EXTRAORDINARIA,PRESENCIAL,MDB,1
135141,1797,2025-05-13,EXTRAORDINARIA,PRESENCIAL,UNIÃO,1
135142,1797,2025-05-13,EXTRAORDINARIA,PRESENCIAL,PSOL,1
135143,1797,2025-05-13,EXTRAORDINARIA,PRESENCIAL,PT,1
135144,1797,2025-05-13,EXTRAORDINARIA,PRESENCIAL,MDB,1
135145,1797,2025-05-13,EXTRAORDINARIA,PRESENCIAL,MDB,1
135146,1797,2025-05-13,EXTRAORDINARIA,PRESENCIAL,PSD,1
135147,1797,2025-05-13,EXTRAORDINARIA,PRESENCIAL,AVANTE,1
135148,1797,2025-05-13,EXTRAORDINARIA,PRESENCIAL,REPUBLICANOS,1
135149,1797,2025-05-13,EXTRAORDINARIA,PRESENCIAL,PSOL,1
135150,1797,2025-05-13,EXTRAORDINARIA,PRESENCIAL,PP,1
135151,1797,2025-05-13,EXTRAORDINARIA,PRESENCIAL,CIDADANIA,1
135152,1797,2025-05-13,EXTRAORDINARIA,PRESENCIAL,PP,1
135153,1797,2025-05-13,EXTRAORDINARIA,PRESENCIAL,PT,1
135154,1797,2025-05-13,EXTRAORDINARIA,PRESENCIAL,PRD,1
135155,1797,2025-05-13,EXTRAORDINARIA,PRESENCIAL,PL,1
135156,1797,2025-05-13,EXTRAORDINARIA,PRESENCIAL,MDB,1
135157,1798,2025-05-08,ORDINARIA,PRESENCIAL,PT,1
135158,1798,2025-05-08,ORDINARIA,PRESENCIAL,MDB,1
135159,1798,2025-05-08,ORDINARIA,PRESENCIAL,PL,1
135160,1798,2025-05-08,ORDINARIA,PRESENCIAL,CIDADANIA,1
135161,1798,2025-05-08,ORDINARIA,PRESENCIAL,PRD,1
135162,1799,2025-05-08,ORDINARIA,PRESENCIAL,PT,1
135163,1802,2025-05-13,ORDINARIA,PRESENCIAL,PT,2
135164,1802,2025-05-13,ORDINARIA,PRESENCIAL,MDB,2
135165,1802,2025-05-13,ORDINARIA,PRESENCIAL,PSB,1
135166,1802,2025-05-13,ORDINARIA,PRESENCIAL,MDB,2
135167,1802,2025-05-13,ORDINARIA,PRESENCIAL,UNIÃO,2
135168,1802,2025-05-13,ORDINARIA,PRESENCIAL,PSOL,2
135169,1802,2025-05-13,ORDINARIA,PRESENCIAL,PT,2
135170,1802,2025-05-13,ORDINARIA,PRESENCIAL,MDB,1
135171,1802,2025-05-13,ORDINARIA,PRESENCIAL,MDB,2
135172,1802,2025-05-13,ORDINARIA,PRESENCIAL,MDB,2
135173,1802,2025-05-13,ORDINARIA,PRESENCIAL,PSD,1
135174,1802,2025-05-13,ORDINARIA,PRESENCIAL,AVANTE,1
135175,1802,2025-05-13,ORDINARIA,PRESENCIAL,REPUBLICANOS,2
135176,1802,2025-05-13,ORDINARIA,PRESENCIAL,PSOL,2
135177,1802,2025-05-13,ORDINARIA,PRESENCIAL,PP,2
135178,1802,2025-05-13,ORDINARIA,PRESENCIAL,CIDADANIA,2
135179,1802,2025-05-13,ORDINARIA,PRESENCIAL,PP,1
135180,1802,2025-05-13,ORDINARIA,PRESENCIAL,PT,2
135181,1802,2025-05-13,ORDINARIA,PRESENCIAL,PSD,1
135182,1802,2025-05-13,ORDINARIA,PRESENCIAL,PRD,2
135183,1802,2025-05-13,ORDINARIA,PRESENCIAL,PL,1
135184,1802,2025-05-13,ORDINARIA,PRESENCIAL,PL,1
135185,1802,2025-05-13,ORDINARIA,PRESENCIAL,MDB,1
135186,1803,2025-05-20,EXTRAORDINARIA,PRESENCIAL,PT,1
135187,1803,2025-05-20,EXTRAORDINARIA,PRESENCIAL,MDB,1
135188,1803,2025-05-20,EXTRAORDINARIA,PRESENCIAL,PSB,1
135189,1803,2025-05-20,EXTRAORDINARIA,PRESENCIAL,MDB,1
135190,1803,2025-05-20,EXTRAORDINARIA,PRESENCIAL,UNIÃO,1
135191,1803,2025-05-20,EXTRAORDINARIA,PRESENCIAL,PSOL,1
135192,1803,2025-05-20,EXTRAORDINARIA,PRESENCIAL,MDB,1
135193,1803,2025-05-20,EXTRAORDINARIA,PRESENCIAL,MDB,1
135194,1803,2025-05-20,EXTRAORDINARIA,PRESENCIAL,PSD,1
135195,1803,2025-05-20,EXTRAORDINARIA,PRESENCIAL,AVANTE,1
135196,1803,2025-05-20,EXTRAORDINARIA,PRESENCIAL,REPUBLICANOS,1
135197,1803,2025-05-20,EXTRAORDINARIA,PRESENCIAL,PSOL,1
135198,1803,2025-05-20,EXTRAORDINARIA,PRESENCIAL,PP,1
135199,1803,2025-05-20,EXTRAORDINARIA,PRESENCIAL,PP,1
135200,1803,2025-05-20,EXTRAORDINARIA,PRESENCIAL,PT,1
135201,1803,2025-05-20,EXTRAORDINARIA,PRESENCIAL,PSD,1
135202,1803,2025-05-20,EXTRAORDINARIA,PRESENCIAL,PL,1
135203,1803,2025-05-20,EXTRAORDINARIA,PRESENCIAL,PL,1
135204,1803,2025-05-20,EXTRAORDINARIA,PRESENCIAL,MDB,1
135205,1805,2025-05-14,ORDINARIA,PRESENCIAL,PT,1
135206,1805,2025-05-14,ORDINARIA,PRESENCIAL,MDB,1
135207,1805,2025-05-14,ORDINARIA,PRESENCIAL,UNIÃO,1
135208,1805,2025-05-14,ORDINARIA,PRESENCIAL,PSOL,1
135209,1805,2025-05-14,ORDINARIA,PRESENCIAL,PT,1
135210,1805,2025-05-14,ORDINARIA,PRESENCIAL,MDB,1
135211,1805,2025-05-14,ORDINARIA,PRESENCIAL,MDB,1
135212,1805,2025-05-14,ORDINARIA,PRESENCIAL,MDB,1
135213,1805,2025-05-14,ORDINARIA,PRESENCIAL,PSD,1
135214,1805,2025-05-14,ORDINARIA,PRESENCIAL,AVANTE,1
135215,1805,2025-05-14,ORDINARIA,PRESENCIAL,REPUBLICANOS,1
135216,1805,2025-05-14,ORDINARIA,PRESENCIAL,PSOL,1
135217,1805,2025-05-14,ORDINARIA,PRESENCIAL,PP,1
135218,1805,2025-05-14,ORDINARIA,PRESENCIAL,CIDADANIA,1
135219,1805,2025-05-14,ORDINARIA,PRESENCIAL,PP,1
135220,1805,2025-05-14,ORDINARIA,PRESENCIAL,PT,1
135221,1805,2025-05-14,ORDINARIA,PRESENCIAL,PSD,1
135222,1805,2025-05-14,ORDINARIA,PRESENCIAL,PRD,1
135223,1805,2025-05-14,ORDINARIA,PRESENCIAL,PL,1
135224,1805,2025-05-14,ORDINARIA,PRESENCIAL,PL,1
135225,1805,2025-05-14,ORDINARIA,PRESENCIAL,MDB,1
135226,1807,2025-05-27,EXTRAORDINARIA,PRESENCIAL,PT,1
135227,1807,2025-05-27,EXTRAORDINARIA,PRESENCIAL,MDB,1
135228,1807,2025-05-27,EXTRAORDINARIA,PRESENCIAL,PSB,2
135229,1807,2025-05-27,EXTRAORDINARIA,PRESENCIAL,MDB,1
135230,1807,2025-05-27,EXTRAORDINARIA,PRESENCIAL,UNIÃO,1
135231,1807,2025-05-27,EXTRAORDINARIA,PRESENCIAL,PSOL,1
135232,1807,2025-05-27,EXTRAORDINARIA,PRESENCIAL,PT,1
135233,1807,2025-05-27,EXTRAORDINARIA,PRESENCIAL,MDB,1
135234,1807,2025-05-27,EXTRAORDINARIA,PRESENCIAL,MDB,1
135235,1807,2025-05-27,EXTRAORDINARIA,PRESENCIAL,MDB,1
135236,1807,2025-05-27,EXTRAORDINARIA,PRESENCIAL,PSD,1
135237,1807,2025-05-27,EXTRAORDINARIA,PRESENCIAL,AVANTE,1
135238,1807,2025-05-27,EXTRAORDINARIA,PRESENCIAL,REPUBLICANOS,1
135239,1807,2025-05-27,EXTRAORDINARIA,PRESENCIAL,PSOL,1
135240,1807,2025-05-27,EXTRAORDINARIA,PRESENCIAL,PP,1
135241,1807,2025-05-27,EXTRAORDINARIA,PRESENCIAL,CIDADANIA,1
135242,1807,2025-05-27,EXTRAORDINARIA,PRESENCIAL,PP,1
135243,1807,2025-05-27,EXTRAORDINARIA,PRESENCIAL,PT,1
135244,1807,2025-05-27,EXTRAORDINARIA,PRESENCIAL,PRD,1
135245,1807,2025-05-27,EXTRAORDINARIA,PRESENCIAL,PL,1
135246,1807,2025-05-27,EXTRAORDINARIA,PRESENCIAL,PL,1
135247,1807,2025-05-27,EXTRAORDINARIA,PRESENCIAL,MDB,1
135248,1813,2025-05-20,ORDINARIA,PRESENCIAL,PT,2
135249,1813,2025-05-20,ORDINARIA,PRESENCIAL,MDB,1
135250,1813,2025-05-20,ORDINARIA,PRESENCIAL,PSB,2
135251,1813,2025-05-20,ORDINARIA,PRESENCIAL,MDB,2
135252,1813,2025-05-20,ORDINARIA,PRESENCIAL,UNIÃO,1
135253,1813,2025-05-20,ORDINARIA,PRESENCIAL,PSOL,1
135254,1813,2025-05-20,ORDINARIA,PRESENCIAL,PT,2
135255,1813,2025-05-20,ORDINARIA,PRESENCIAL,MDB,2
135256,1813,2025-05-20,ORDINARIA,PRESENCIAL,MDB,1
135257,1813,2025-05-20,ORDINARIA,PRESENCIAL,MDB,2
135258,1813,2025-05-20,ORDINARIA,PRESENCIAL,PSD,1
135259,1813,2025-05-20,ORDINARIA,PRESENCIAL,AVANTE,1
135260,1813,2025-05-20,ORDINARIA,PRESENCIAL,REPUBLICANOS,2
135261,1813,2025-05-20,ORDINARIA,PRESENCIAL,PSOL,1
135262,1813,2025-05-20,ORDINARIA,PRESENCIAL,PP,1
135263,1813,2025-05-20,ORDINARIA,PRESENCIAL,CIDADANIA,1
135264,1813,2025-05-20,ORDINARIA,PRESENCIAL,PP,1
135265,1813,2025-05-20,ORDINARIA,PRESENCIAL,PT,1
135266,1813,2025-05-20,ORDINARIA,PRESENCIAL,PSD,1
135267,1813,2025-05-20,ORDINARIA,PRESENCIAL,PRD,1
135268,1813,2025-05-20,ORDINARIA,PRESENCIAL,PL,2
135269,1813,2025-05-20,ORDINARIA,PRESENCIAL,PL,2
135270,1813,2025-05-20,ORDINARIA,PRESENCIAL,MDB,2
135271,1817,2025-05-21,ORDINARIA,PRESENCIAL,PT,1
135272,1817,2025-05-21,ORDINARIA,PRESENCIAL,PSB,1
135273,1817,2025-05-21,ORDINARIA,PRESENCIAL,UNIÃO,1
135274,1817,2025-05-21,ORDINARIA,PRESENCIAL,PSOL,1
135275,1817,2025-05-21,ORDINARIA,PRESENCIAL,PT,1
135276,1817,2025-05-21,ORDINARIA,PRESENCIAL,MDB,1
135277,1817,2025-05-21,ORDINARIA,PRESENCIAL,MDB,1
135278,1817,2025-05-21,ORDINARIA,PRESENCIAL,AVANTE,1
135279,1817,2025-05-21,ORDINARIA,PRESENCIAL,REPUBLICANOS,1
135280,1817,2025-05-21,ORDINARIA,PRESENCIAL,PP,1
135281,1817,2025-05-21,ORDINARIA,PRESENCIAL,PP,1
135282,1817,2025-05-21,ORDINARIA,PRESENCIAL,PRD,1
135283,1817,2025-05-21,ORDINARIA,PRESENCIAL,MDB,1
135284,1819,2025-05-22,ORDINARIA,PRESENCIAL,CIDADANIA,1
135285,1820,2025-05-27,ORDINARIA,PRESENCIAL,PT,1
135286,1820,2025-05-27,ORDINARIA,PRESENCIAL,MDB,1
135287,1820,2025-05-27,ORDINARIA,PRESENCIAL,PSB,1
135288,1820,2025-05-27,ORDINARIA,PRESENCIAL,MDB,1
135289,1820,2025-05-27,ORDINARIA,PRESENCIAL,UNIÃO,1
135290,1820,2025-05-27,ORDINARIA,PRESENCIAL,PSOL,1
135291,1820,2025-05-27,ORDINARIA,PRESENCIAL,PT,1
135292,1820,2025-05-27,ORDINARIA,PRESENCIAL,MDB,1
135293,1820,2025-05-27,ORDINARIA,PRESENCIAL,MDB,1
135294,1820,2025-05-27,ORDINARIA,PRESENCIAL,MDB,1
135295,1820,2025-05-27,ORDINARIA,PRESENCIAL,PSD,1
135296,1820,2025-05-27,ORDINARIA,PRESENCIAL,AVANTE,1
135297,1820,2025-05-27,ORDINARIA,PRESENCIAL,REPUBLICANOS,1
135298,1820,2025-05-27,ORDINARIA,PRESENCIAL,PSOL,1
135299,1820,2025-05-27,ORDINARIA,PRESENCIAL,PP,1
135300,1820,2025-05-27,ORDINARIA,PRESENCIAL,CIDADANIA,1
135301,1820,2025-05-27,ORDINARIA,PRESENCIAL,PP,1
135302,1820,2025-05-27,ORDINARIA,PRESENCIAL,PT,1
135303,1820,2025-05-27,ORDINARIA,PRESENCIAL,PRD,1
135304,1820,2025-05-27,ORDINARIA,PRESENCIAL,PL,1
135305,1820,2025-05-27,ORDINARIA,PRESENCIAL,PL,1
135306,1820,2025-05-27,ORDINARIA,PRESENCIAL,MDB,1
135307,1825,2025-05-27,EXTRAORDINARIA,PRESENCIAL,PSB,1
135308,1825,2025-05-27,EXTRAORDINARIA,PRESENCIAL,MDB,1
135309,1825,2025-05-27,EXTRAORDINARIA,PRESENCIAL,PSOL,1
135310,1825,2025-05-27,EXTRAORDINARIA,PRESENCIAL,PT,1
135311,1825,2025-05-27,EXTRAORDINARIA,PRESENCIAL,MDB,1
135312,1825,2025-05-27,EXTRAORDINARIA,PRESENCIAL,MDB,1
135313,1825,2025-05-27,EXTRAORDINARIA,PRESENCIAL,MDB,1
135314,1825,2025-05-27,EXTRAORDINARIA,PRESENCIAL,PSD,1
135315,1825,2025-05-27,EXTRAORDINARIA,PRESENCIAL,AVANTE,1
135316,1825,2025-05-27,EXTRAORDINARIA,PRESENCIAL,PSOL,1
135317,1825,2025-05-27,EXTRAORDINARIA,PRESENCIAL,PP,1
135318,1825,2025-05-27,EXTRAORDINARIA,PRESENCIAL,PP,1
135319,1825,2025-05-27,EXTRAORDINARIA,PRESENCIAL,PT,1
135320,1825,2025-05-27,EXTRAORDINARIA,PRESENCIAL,PRD,1
135321,1825,2025-05-27,EXTRAORDINARIA,PRESENCIAL,PL,1
135322,1825,2025-05-27,EXTRAORDINARIA,PRESENCIAL,MDB,1
135323,1827,2025-05-28,ORDINARIA,PRESENCIAL,PT,1
135324,1827,2025-05-28,ORDINARIA,PRESENCIAL,MDB,1
135325,1827,2025-05-28,ORDINARIA,PRESENCIAL,PSOL,1
135326,1827,2025-05-28,ORDINARIA,PRESENCIAL,PT,1
135327,1827,2025-05-28,ORDINARIA,PRESENCIAL,MDB,1
135328,1827,2025-05-28,ORDINARIA,PRESENCIAL,PSD,1
135329,1827,2025-05-28,ORDINARIA,PRESENCIAL,REPUBLICANOS,1
135330,1827,2025-05-28,ORDINARIA,PRESENCIAL,PSOL,1
135331,1827,2025-05-28,ORDINARIA,PRESENCIAL,PP,1
135332,1827,2025-05-28,ORDINARIA,PRESENCIAL,PT,1
135333,1827,2025-05-28,ORDINARIA,PRESENCIAL,PL,1
135334,1827,2025-05-28,ORDINARIA,PRESENCIAL,PL,1
135335,1829,2025-05-29,ORDINARIA,PRESENCIAL,PT,1
135336,1829,2025-05-29,ORDINARIA,PRESENCIAL,CIDADANIA,1
135337,1830,2025-05-29,ORDINARIA,PRESENCIAL,PT,1
135338,1833,2025-06-03,ORDINARIA,PRESENCIAL,PT,2
135339,1833,2025-06-03,ORDINARIA,PRESENCIAL,PSB,1
135340,1833,2025-06-03,ORDINARIA,PRESENCIAL,MDB,2
135341,1833,2025-06-03,ORDINARIA,PRESENCIAL,UNIÃO,1
135342,1833,2025-06-03,ORDINARIA,PRESENCIAL,PSOL,2
135343,1833,2025-06-03,ORDINARIA,PRESENCIAL,PT,2
135344,1833,2025-06-03,ORDINARIA,PRESENCIAL,MDB,1
135345,1833,2025-06-03,ORDINARIA,PRESENCIAL,MDB,2
135346,1833,2025-06-03,ORDINARIA,PRESENCIAL,MDB,2
135347,1833,2025-06-03,ORDINARIA,PRESENCIAL,PL,2
135348,1833,2025-06-03,ORDINARIA,PRESENCIAL,PSD,1
135349,1833,2025-06-03,ORDINARIA,PRESENCIAL,AVANTE,1
135350,1833,2025-06-03,ORDINARIA,PRESENCIAL,PSOL,1
135351,1833,2025-06-03,ORDINARIA,PRESENCIAL,CIDADANIA,1
135352,1833,2025-06-03,ORDINARIA,PRESENCIAL,PP,1
135353,1833,2025-06-03,ORDINARIA,PRESENCIAL,PT,2
135354,1833,2025-06-03,ORDINARIA,PRESENCIAL,PRD,2
135355,1833,2025-06-03,ORDINARIA,PRESENCIAL,PL,1
135356,1833,2025-06-03,ORDINARIA,PRESENCIAL,PL,1
135357,1833,2025-06-03,ORDINARIA,PRESENCIAL,MDB,2
135358,1834,2025-06-17,EXTRAORDINARIA,PRESENCIAL,PT,1
135359,1834,2025-06-17,EXTRAORDINARIA,PRESENCIAL,MDB,1
135360,1834,2025-06-17,EXTRAORDINARIA,PRESENCIAL,PSB,1
135361,1834,2025-06-17,EXTRAORDINARIA,PRESENCIAL,MDB,1
135362,1834,2025-06-17,EXTRAORDINARIA,PRESENCIAL,UNIÃO,1
135363,1834,2025-06-17,EXTRAORDINARIA,PRESENCIAL,PSOL,1
135364,1834,2025-06-17,EXTRAORDINARIA,PRESENCIAL,PT,1
135365,1834,2025-06-17,EXTRAORDINARIA,PRESENCIAL,MDB,1
135366,1834,2025-06-17,EXTRAORDINARIA,PRESENCIAL,MDB,1
135367,1834,2025-06-17,EXTRAORDINARIA,PRESENCIAL,MDB,1
135368,1834,2025-06-17,EXTRAORDINARIA,PRESENCIAL,PSD,1
135369,1834,2025-06-17,EXTRAORDINARIA,PRESENCIAL,REPUBLICANOS,1
135370,1834,2025-06-17,EXTRAORDINARIA,PRESENCIAL,PSOL,1
135371,1834,2025-06-17,EXTRAORDINARIA,PRESENCIAL,PP,1
135372,1834,2025-06-17,EXTRAORDINARIA,PRESENCIAL,PP,1
135373,1834,2025-06-17,EXTRAORDINARIA,PRESENCIAL,PT,1
135374,1834,2025-06-17,EXTRAORDINARIA,PRESENCIAL,PSD,1
135375,1834,2025-06-17,EXTRAORDINARIA,PRESENCIAL,PRD,1
135376,1834,2025-06-17,EXTRAORDINARIA,PRESENCIAL,PL,1
135377,1834,2025-06-17,EXTRAORDINARIA,PRESENCIAL,MDB,1
135378,1836,2025-06-04,ORDINARIA,PRESENCIAL,PT,1
135379,1836,2025-06-04,ORDINARIA,PRESENCIAL,PSB,1
135380,1836,2025-06-04,ORDINARIA,PRESENCIAL,MDB,1
135381,1836,2025-06-04,ORDINARIA,PRESENCIAL,PSOL,1
135382,1836,2025-06-04,ORDINARIA,PRESENCIAL,PT,1
135383,1836,2025-06-04,ORDINARIA,PRESENCIAL,MDB,1
135384,1836,2025-06-04,ORDINARIA,PRESENCIAL,MDB,1
135385,1836,2025-06-04,ORDINARIA,PRESENCIAL,MDB,1
135386,1836,2025-06-04,ORDINARIA,PRESENCIAL,PL,1
135387,1836,2025-06-04,ORDINARIA,PRESENCIAL,PSD,1
135388,1836,2025-06-04,ORDINARIA,PRESENCIAL,AVANTE,1
135389,1836,2025-06-04,ORDINARIA,PRESENCIAL,PSOL,1
135390,1836,2025-06-04,ORDINARIA,PRESENCIAL,CIDADANIA,1
135391,1836,2025-06-04,ORDINARIA,PRESENCIAL,PT,1
135392,1836,2025-06-04,ORDINARIA,PRESENCIAL,PRD,1
135393,1836,2025-06-04,ORDINARIA,PRESENCIAL,PL,1
135394,1836,2025-06-04,ORDINARIA,PRESENCIAL,PL,1
135395,1838,2025-06-05,ORDINARIA,PRESENCIAL,PT,1
135396,1838,2025-06-05,ORDINARIA,PRESENCIAL,UNIÃO,1
135397,1838,2025-06-05,ORDINARIA,PRESENCIAL,PSOL,1
135398,1838,2025-06-05,ORDINARIA,PRESENCIAL,PL,1
135399,1838,2025-06-05,ORDINARIA,PRESENCIAL,PSOL,1
135400,1838,2025-06-05,ORDINARIA,PRESENCIAL,PT,1
135401,1838,2025-06-05,ORDINARIA,PRESENCIAL,PRD,1
135402,1838,2025-06-05,ORDINARIA,PRESENCIAL,PL,1
135403,1838,2025-06-05,ORDINARIA,PRESENCIAL,PL,1
135404,1842,2025-06-10,ORDINARIA,PRESENCIAL,PT,1
135405,1842,2025-06-10,ORDINARIA,PRESENCIAL,PSB,1
135406,1842,2025-06-10,ORDINARIA,PRESENCIAL,MDB,1
135407,1842,2025-06-10,ORDINARIA,PRESENCIAL,UNIÃO,1
135408,1842,2025-06-10,ORDINARIA,PRESENCIAL,PSOL,1
135409,1842,2025-06-10,ORDINARIA,PRESENCIAL,PT,1
135410,1842,2025-06-10,ORDINARIA,PRESENCIAL,MDB,1
135411,1842,2025-06-10,ORDINARIA,PRESENCIAL,MDB,1
135412,1842,2025-06-10,ORDINARIA,PRESENCIAL,MDB,1
135413,1842,2025-06-10,ORDINARIA,PRESENCIAL,PSD,1
135414,1842,2025-06-10,ORDINARIA,PRESENCIAL,REPUBLICANOS,1
135415,1842,2025-06-10,ORDINARIA,PRESENCIAL,PP,1
135416,1842,2025-06-10,ORDINARIA,PRESENCIAL,CIDADANIA,1
135417,1842,2025-06-10,ORDINARIA,PRESENCIAL,PP,1
135418,1842,2025-06-10,ORDINARIA,PRESENCIAL,PT,1
135419,1842,2025-06-10,ORDINARIA,PRESENCIAL,PSD,1
135420,1842,2025-06-10,ORDINARIA,PRESENCIAL,PRD,1
135421,1842,2025-06-10,ORDINARIA,PRESENCIAL,PL,1
135422,1842,2025-06-10,ORDINARIA,PRESENCIAL,PL,1
135423,1844,2025-06-11,ORDINARIA,PRESENCIAL,PT,1
135424,1844,2025-06-11,ORDINARIA,PRESENCIAL,MDB,1
135425,1844,2025-06-11,ORDINARIA,PRESENCIAL,PSB,1
135426,1844,2025-06-11,ORDINARIA,PRESENCIAL,MDB,1
135427,1844,2025-06-11,ORDINARIA,PRESENCIAL,UNIÃO,1
135428,1844,2025-06-11,ORDINARIA,PRESENCIAL,PSOL,1
135429,1844,2025-06-11,ORDINARIA,PRESENCIAL,PT,1
135430,1844,2025-06-11,ORDINARIA,PRESENCIAL,MDB,1
135431,1844,2025-06-11,ORDINARIA,PRESENCIAL,PSD,1
135432,1844,2025-06-11,ORDINARIA,PRESENCIAL,REPUBLICANOS,1
135433,1844,2025-06-11,ORDINARIA,PRESENCIAL,PSOL,1
135434,1844,2025-06-11,ORDINARIA,PRESENCIAL,PP,1
135435,1844,2025-06-11,ORDINARIA,PRESENCIAL,PT,1
135436,1844,2025-06-11,ORDINARIA,PRESENCIAL,PRD,1
135437,1844,2025-06-11,ORDINARIA,PRESENCIAL,PL,1
135438,1844,2025-06-11,ORDINARIA,PRESENCIAL,PL,1
135439,1844,2025-06-11,ORDINARIA,PRESENCIAL,MDB,1
135440,1846,2025-06-12,ORDINARIA,PRESENCIAL,PT,1
135441,1847,2025-06-12,ORDINARIA,PRESENCIAL,PT,1
135442,1847,2025-06-12,ORDINARIA,PRESENCIAL,MDB,1
135443,1847,2025-06-12,ORDINARIA,PRESENCIAL,CIDADANIA,1
135444,1848,2025-06-17,ORDINARIA,PRESENCIAL,PT,1
135445,1848,2025-06-17,ORDINARIA,PRESENCIAL,MDB,1
135446,1848,2025-06-17,ORDINARIA,PRESENCIAL,PSB,1
135447,1848,2025-06-17,ORDINARIA,PRESENCIAL,MDB,1
135448,1848,2025-06-17,ORDINARIA,PRESENCIAL,UNIÃO,1
135449,1848,2025-06-17,ORDINARIA,PRESENCIAL,PSOL,1
135450,1848,2025-06-17,ORDINARIA,PRESENCIAL,PT,1
135451,1848,2025-06-17,ORDINARIA,PRESENCIAL,MDB,1
135452,1848,2025-06-17,ORDINARIA,PRESENCIAL,MDB,1
135453,1848,2025-06-17,ORDINARIA,PRESENCIAL,MDB,1
135454,1848,2025-06-17,ORDINARIA,PRESENCIAL,PSD,1
135455,1848,2025-06-17,ORDINARIA,PRESENCIAL,REPUBLICANOS,1
135456,1848,2025-06-17,ORDINARIA,PRESENCIAL,PSOL,1
135457,1848,2025-06-17,ORDINARIA,PRESENCIAL,PP,1
135458,1848,2025-06-17,ORDINARIA,PRESENCIAL,PP,1
135459,1848,2025-06-17,ORDINARIA,PRESENCIAL,PT,1
135460,1848,2025-06-17,ORDINARIA,PRESENCIAL,PSD,1
135461,1848,2025-06-17,ORDINARIA,PRESENCIAL,PRD,1
135462,1848,2025-06-17,ORDINARIA,PRESENCIAL,PL,1
135463,1848,2025-06-17,ORDINARIA,PRESENCIAL,PL,1
135464,1848,2025-06-17,ORDINARIA,PRESENCIAL,MDB,1
135465,1851,2025-06-17,EXTRAORDINARIA,PRESENCIAL,PT,1
135466,1851,2025-06-17,EXTRAORDINARIA,PRESENCIAL,MDB,1
135467,1851,2025-06-17,EXTRAORDINARIA,PRESENCIAL,MDB,1
135468,1851,2025-06-17,EXTRAORDINARIA,PRESENCIAL,UNIÃO,1
135469,1851,2025-06-17,EXTRAORDINARIA,PRESENCIAL,PSOL,1
135470,1851,2025-06-17,EXTRAORDINARIA,PRESENCIAL,MDB,1
135471,1851,2025-06-17,EXTRAORDINARIA,PRESENCIAL,MDB,1
135472,1851,2025-06-17,EXTRAORDINARIA,PRESENCIAL,MDB,1
135473,1851,2025-06-17,EXTRAORDINARIA,PRESENCIAL,PSD,1
135474,1851,2025-06-17,EXTRAORDINARIA,PRESENCIAL,REPUBLICANOS,1
135475,1851,2025-06-17,EXTRAORDINARIA,PRESENCIAL,PP,1
135476,1851,2025-06-17,EXTRAORDINARIA,PRESENCIAL,PP,1
135477,1851,2025-06-17,EXTRAORDINARIA,PRESENCIAL,PSD,1
135478,1851,2025-06-17,EXTRAORDINARIA,PRESENCIAL,PRD,1
135479,1851,2025-06-17,EXTRAORDINARIA,PRESENCIAL,PL,1
135480,1851,2025-06-17,EXTRAORDINARIA,PRESENCIAL,MDB,1
135481,1854,2025-06-18,ORDINARIA,PRESENCIAL,PT,1
135482,1854,2025-06-18,ORDINARIA,PRESENCIAL,MDB,1
135483,1854,2025-06-18,ORDINARIA,PRESENCIAL,PSOL,1
135484,1854,2025-06-18,ORDINARIA,PRESENCIAL,PT,1
135485,1854,2025-06-18,ORDINARIA,PRESENCIAL,MDB,1
135486,1854,2025-06-18,ORDINARIA,PRESENCIAL,REPUBLICANOS,1
135487,1854,2025-06-18,ORDINARIA,PRESENCIAL,PSOL,1
135488,1854,2025-06-18,ORDINARIA,PRESENCIAL,PP,1
135489,1854,2025-06-18,ORDINARIA,PRESENCIAL,PT,1
135490,1854,2025-06-18,ORDINARIA,PRESENCIAL,PSD,1
135491,1854,2025-06-18,ORDINARIA,PRESENCIAL,PRD,1
135492,1854,2025-06-18,ORDINARIA,PRESENCIAL,PL,1
135493,1854,2025-06-18,ORDINARIA,PRESENCIAL,MDB,1
135494,1856,2025-06-24,ORDINARIA,PRESENCIAL,PT,1
135495,1856,2025-06-24,ORDINARIA,PRESENCIAL,MDB,1
135496,1856,2025-06-24,ORDINARIA,PRESENCIAL,PSB,1
135497,1856,2025-06-24,ORDINARIA,PRESENCIAL,UNIÃO,1
135498,1856,2025-06-24,ORDINARIA,PRESENCIAL,PSOL,1
135499,1856,2025-06-24,ORDINARIA,PRESENCIAL,PT,1
135500,1856,2025-06-24,ORDINARIA,PRESENCIAL,MDB,1
135501,1856,2025-06-24,ORDINARIA,PRESENCIAL,MDB,1
135502,1856,2025-06-24,ORDINARIA,PRESENCIAL,MDB,1
135503,1856,2025-06-24,ORDINARIA,PRESENCIAL,PL,1
135504,1856,2025-06-24,ORDINARIA,PRESENCIAL,PSD,1
135505,1856,2025-06-24,ORDINARIA,PRESENCIAL,REPUBLICANOS,1
135506,1856,2025-06-24,ORDINARIA,PRESENCIAL,PSOL,1
135507,1856,2025-06-24,ORDINARIA,PRESENCIAL,PP,2
135508,1856,2025-06-24,ORDINARIA,PRESENCIAL,CIDADANIA,1
135509,1856,2025-06-24,ORDINARIA,PRESENCIAL,PP,1
135510,1856,2025-06-24,ORDINARIA,PRESENCIAL,PT,1
135511,1856,2025-06-24,ORDINARIA,PRESENCIAL,PSD,1
135512,1856,2025-06-24,ORDINARIA,PRESENCIAL,PRD,1
135513,1856,2025-06-24,ORDINARIA,PRESENCIAL,PL,1
135514,1856,2025-06-24,ORDINARIA,PRESENCIAL,MDB,1
135515,1858,2025-06-24,EXTRAORDINARIA,PRESENCIAL,PT,1
135516,1858,2025-06-24,EXTRAORDINARIA,PRESENCIAL,MDB,1
135517,1858,2025-06-24,EXTRAORDINARIA,PRESENCIAL,PSB,1
135518,1858,2025-06-24,EXTRAORDINARIA,PRESENCIAL,UNIÃO,1
135519,1858,2025-06-24,EXTRAORDINARIA,PRESENCIAL,PSOL,1
135520,1858,2025-06-24,EXTRAORDINARIA,PRESENCIAL,PT,1
135521,1858,2025-06-24,EXTRAORDINARIA,PRESENCIAL,MDB,1
135522,1858,2025-06-24,EXTRAORDINARIA,PRESENCIAL,MDB,1
135523,1858,2025-06-24,EXTRAORDINARIA,PRESENCIAL,MDB,1
135524,1858,2025-06-24,EXTRAORDINARIA,PRESENCIAL,PSD,1
135525,1858,2025-06-24,EXTRAORDINARIA,PRESENCIAL,REPUBLICANOS,1
135526,1858,2025-06-24,EXTRAORDINARIA,PRESENCIAL,PSOL,1
135527,1858,2025-06-24,EXTRAORDINARIA,PRESENCIAL,PP,1
135528,1858,2025-06-24,EXTRAORDINARIA,PRESENCIAL,CIDADANIA,1
135529,1858,2025-06-24,EXTRAORDINARIA,PRESENCIAL,PP,1
135530,1858,2025-06-24,EXTRAORDINARIA,PRESENCIAL,PT,1
135531,1858,2025-06-24,EXTRAORDINARIA,PRESENCIAL,PRD,1
135532,1858,2025-06-24,EXTRAORDINARIA,PRESENCIAL,PL,1
135533,1858,2025-06-24,EXTRAORDINARIA,PRESENCIAL,MDB,1
135534,1859,2025-08-07,EXTRAORDINARIA,PRESENCIAL,PT,1
135535,1859,2025-08-07,EXTRAORDINARIA,PRESENCIAL,MDB,1
135536,1859,2025-08-07,EXTRAORDINARIA,PRESENCIAL,PSOL,1
135537,1859,2025-08-07,EXTRAORDINARIA,PRESENCIAL,PT,2
135538,1859,2025-08-07,EXTRAORDINARIA,PRESENCIAL,MDB,2
135539,1859,2025-08-07,EXTRAORDINARIA,PRESENCIAL,MDB,2
135540,1859,2025-08-07,EXTRAORDINARIA,PRESENCIAL,MDB,1
135541,1859,2025-08-07,EXTRAORDINARIA,PRESENCIAL,PL,2
135542,1859,2025-08-07,EXTRAORDINARIA,PRESENCIAL,PSD,1
135543,1859,2025-08-07,EXTRAORDINARIA,PRESENCIAL,AVANTE,2
135544,1859,2025-08-07,EXTRAORDINARIA,PRESENCIAL,REPUBLICANOS,2
135545,1859,2025-08-07,EXTRAORDINARIA,PRESENCIAL,PSOL,1
135546,1859,2025-08-07,EXTRAORDINARIA,PRESENCIAL,PP,2
135547,1859,2025-08-07,EXTRAORDINARIA,PRESENCIAL,PSD,1
135548,1859,2025-08-07,EXTRAORDINARIA,PRESENCIAL,PRD,2
135549,1859,2025-08-07,EXTRAORDINARIA,PRESENCIAL,PL,1
135550,1862,2025-06-25,ORDINARIA,PRESENCIAL,PSOL,1
135551,1864,2025-06-26,ORDINARIA,PRESENCIAL,PT,1
135552,1864,2025-06-26,ORDINARIA,PRESENCIAL,MDB,1
135553,1864,2025-06-26,ORDINARIA,PRESENCIAL,CIDADANIA,1
135554,1865,2025-06-26,ORDINARIA,PRESENCIAL,PT,1
135555,1870,2025-08-05,ORDINARIA,PRESENCIAL,PT,1
135556,1870,2025-08-05,ORDINARIA,PRESENCIAL,PSOL,1
135557,1870,2025-08-05,ORDINARIA,PRESENCIAL,PT,1
135558,1870,2025-08-05,ORDINARIA,PRESENCIAL,MDB,1
135559,1870,2025-08-05,ORDINARIA,PRESENCIAL,MDB,1
135560,1870,2025-08-05,ORDINARIA,PRESENCIAL,MDB,1
135561,1870,2025-08-05,ORDINARIA,PRESENCIAL,PSD,1
135562,1870,2025-08-05,ORDINARIA,PRESENCIAL,AVANTE,1
135563,1870,2025-08-05,ORDINARIA,PRESENCIAL,REPUBLICANOS,1
135564,1870,2025-08-05,ORDINARIA,PRESENCIAL,PSOL,1
135565,1870,2025-08-05,ORDINARIA,PRESENCIAL,PP,1
135566,1870,2025-08-05,ORDINARIA,PRESENCIAL,PT,1
135567,1870,2025-08-05,ORDINARIA,PRESENCIAL,PSD,1
135568,1870,2025-08-05,ORDINARIA,PRESENCIAL,PL,1
135569,1870,2025-08-05,ORDINARIA,PRESENCIAL,MDB,1
135570,1873,2025-08-06,ORDINARIA,PRESENCIAL,PT,1
135571,1873,2025-08-06,ORDINARIA,PRESENCIAL,PSOL,2
135572,1873,2025-08-06,ORDINARIA,PRESENCIAL,PT,1
135573,1873,2025-08-06,ORDINARIA,PRESENCIAL,MDB,2
135574,1873,2025-08-06,ORDINARIA,PRESENCIAL,MDB,2
135575,1873,2025-08-06,ORDINARIA,PRESENCIAL,PL,2
135576,1873,2025-08-06,ORDINARIA,PRESENCIAL,PSD,2
135577,1873,2025-08-06,ORDINARIA,PRESENCIAL,AVANTE,1
135578,1873,2025-08-06,ORDINARIA,PRESENCIAL,REPUBLICANOS,2
135579,1873,2025-08-06,ORDINARIA,PRESENCIAL,PSOL,1
135580,1873,2025-08-06,ORDINARIA,PRESENCIAL,PP,2
135581,1873,2025-08-06,ORDINARIA,PRESENCIAL,PT,1
135582,1873,2025-08-06,ORDINARIA,PRESENCIAL,PSD,1
135583,1873,2025-08-06,ORDINARIA,PRESENCIAL,PRD,2
135584,1873,2025-08-06,ORDINARIA,PRESENCIAL,MDB,2
135585,1875,2025-08-07,ORDINARIA,PRESENCIAL,PT,1
135586,1875,2025-08-07,ORDINARIA,PRESENCIAL,PT,1
135587,1875,2025-08-07,ORDINARIA,PRESENCIAL,MDB,1
135588,1875,2025-08-07,ORDINARIA,PRESENCIAL,MDB,1
135589,1875,2025-08-07,ORDINARIA,PRESENCIAL,PRD,1
135590,1875,2025-08-07,ORDINARIA,PRESENCIAL,PL,1
135591,1876,2025-08-07,EXTRAORDINARIA,PRESENCIAL,PT,1
135592,1876,2025-08-07,EXTRAORDINARIA,PRESENCIAL,MDB,1
135593,1876,2025-08-07,EXTRAORDINARIA,PRESENCIAL,PSOL,1
135594,1876,2025-08-07,EXTRAORDINARIA,PRESENCIAL,PT,1
135595,1876,2025-08-07,EXTRAORDINARIA,PRESENCIAL,MDB,1
135596,1876,2025-08-07,EXTRAORDINARIA,PRESENCIAL,MDB,1
135597,1876,2025-08-07,EXTRAORDINARIA,PRESENCIAL,MDB,1
135598,1876,2025-08-07,EXTRAORDINARIA,PRESENCIAL,PL,1
135599,1876,2025-08-07,EXTRAORDINARIA,PRESENCIAL,PSD,1
135600,1876,2025-08-07,EXTRAORDINARIA,PRESENCIAL,AVANTE,1
135601,1876,2025-08-07,EXTRAORDINARIA,PRESENCIAL,REPUBLICANOS,1
135602,1876,2025-08-07,EXTRAORDINARIA,PRESENCIAL,PP,1
135603,1876,2025-08-07,EXTRAORDINARIA,PRESENCIAL,PSD,1
135604,1876,2025-08-07,EXTRAORDINARIA,PRESENCIAL,PRD,1
135605,1876,2025-08-07,EXTRAORDINARIA,PRESENCIAL,PL,1
135606,1879,2025-08-12,ORDINARIA,PRESENCIAL,PT,2
135607,1879,2025-08-12,ORDINARIA,PRESENCIAL,UNIÃO,1
135608,1879,2025-08-12,ORDINARIA,PRESENCIAL,PSOL,2
135609,1879,2025-08-12,ORDINARIA,PRESENCIAL,PT,2
135610,1879,2025-08-12,ORDINARIA,PRESENCIAL,MDB,1
135611,1879,2025-08-12,ORDINARIA,PRESENCIAL,MDB,2
135612,1879,2025-08-12,ORDINARIA,PRESENCIAL,MDB,2
135613,1879,2025-08-12,ORDINARIA,PRESENCIAL,AVANTE,2
135614,1879,2025-08-12,ORDINARIA,PRESENCIAL,REPUBLICANOS,2
135615,1879,2025-08-12,ORDINARIA,PRESENCIAL,PSOL,1
135616,1879,2025-08-12,ORDINARIA,PRESENCIAL,PP,1
135617,1879,2025-08-12,ORDINARIA,PRESENCIAL,CIDADANIA,2
135618,1879,2025-08-12,ORDINARIA,PRESENCIAL,PP,2
135619,1879,2025-08-12,ORDINARIA,PRESENCIAL,PT,2
135620,1879,2025-08-12,ORDINARIA,PRESENCIAL,PSD,1
135621,1879,2025-08-12,ORDINARIA,PRESENCIAL,PRD,2
135622,1879,2025-08-12,ORDINARIA,PRESENCIAL,PL,1
135623,1879,2025-08-12,ORDINARIA,PRESENCIAL,PL,2
135624,1880,2025-08-12,EXTRAORDINARIA,PRESENCIAL,PT,1
135625,1880,2025-08-12,EXTRAORDINARIA,PRESENCIAL,UNIÃO,1
135626,1880,2025-08-12,EXTRAORDINARIA,PRESENCIAL,PSOL,1
135627,1880,2025-08-12,EXTRAORDINARIA,PRESENCIAL,PT,1
135628,1880,2025-08-12,EXTRAORDINARIA,PRESENCIAL,MDB,1
135629,1880,2025-08-12,EXTRAORDINARIA,PRESENCIAL,MDB,1
135630,1880,2025-08-12,EXTRAORDINARIA,PRESENCIAL,MDB,1
135631,1880,2025-08-12,EXTRAORDINARIA,PRESENCIAL,AVANTE,1
135632,1880,2025-08-12,EXTRAORDINARIA,PRESENCIAL,REPUBLICANOS,1
135633,1880,2025-08-12,EXTRAORDINARIA,PRESENCIAL,PSOL,1
135634,1880,2025-08-12,EXTRAORDINARIA,PRESENCIAL,PP,1
135635,1880,2025-08-12,EXTRAORDINARIA,PRESENCIAL,CIDADANIA,1
135636,1880,2025-08-12,EXTRAORDINARIA,PRESENCIAL,PP,1
135637,1880,2025-08-12,EXTRAORDINARIA,PRESENCIAL,PT,1
135638,1880,2025-08-12,EXTRAORDINARIA,PRESENCIAL,PRD,1
135639,1880,2025-08-12,EXTRAORDINARIA,PRESENCIAL,PL,1
135640,1880,2025-08-12,EXTRAORDINARIA,PRESENCIAL,PL,1
135641,1882,2025-08-13,ORDINARIA,PRESENCIAL,PT,1
135642,1882,2025-08-13,ORDINARIA,PRESENCIAL,UNIÃO,1
135643,1882,2025-08-13,ORDINARIA,PRESENCIAL,PSOL,1
135644,1882,2025-08-13,ORDINARIA,PRESENCIAL,PT,1
135645,1882,2025-08-13,ORDINARIA,PRESENCIAL,MDB,1
135646,1882,2025-08-13,ORDINARIA,PRESENCIAL,MDB,1
135647,1882,2025-08-13,ORDINARIA,PRESENCIAL,PSD,1
135648,1882,2025-08-13,ORDINARIA,PRESENCIAL,AVANTE,1
135649,1882,2025-08-13,ORDINARIA,PRESENCIAL,REPUBLICANOS,1
135650,1882,2025-08-13,ORDINARIA,PRESENCIAL,PSOL,1
135651,1882,2025-08-13,ORDINARIA,PRESENCIAL,PP,1
135652,1882,2025-08-13,ORDINARIA,PRESENCIAL,PP,1
135653,1882,2025-08-13,ORDINARIA,PRESENCIAL,PT,1
135654,1882,2025-08-13,ORDINARIA,PRESENCIAL,PSD,1
135655,1882,2025-08-13,ORDINARIA,PRESENCIAL,PRD,1
135656,1882,2025-08-13,ORDINARIA,PRESENCIAL,PL,1
135657,1884,2025-08-14,ORDINARIA,PRESENCIAL,PT,1
135658,1884,2025-08-14,ORDINARIA,PRESENCIAL,MDB,1
135659,1884,2025-08-14,ORDINARIA,PRESENCIAL,CIDADANIA,1
135660,1884,2025-08-14,ORDINARIA,PRESENCIAL,PRD,1
135661,1885,2025-08-14,ORDINARIA,PRESENCIAL,REPUBLICANOS,1
135662,1885,2025-08-14,ORDINARIA,PRESENCIAL,PSOL,1
135663,1885,2025-08-14,ORDINARIA,PRESENCIAL,PT,1
135664,1885,2025-08-14,ORDINARIA,PRESENCIAL,PL,1
135665,1891,2025-08-19,ORDINARIA,PRESENCIAL,PT,1
135666,1891,2025-08-19,ORDINARIA,PRESENCIAL,PSB,1
135667,1891,2025-08-19,ORDINARIA,PRESENCIAL,MDB,1
135668,1891,2025-08-19,ORDINARIA,PRESENCIAL,UNIÃO,1
135669,1891,2025-08-19,ORDINARIA,PRESENCIAL,PSOL,1
135670,1891,2025-08-19,ORDINARIA,PRESENCIAL,PT,1
135671,1891,2025-08-19,ORDINARIA,PRESENCIAL,MDB,1
135672,1891,2025-08-19,ORDINARIA,PRESENCIAL,MDB,1
135673,1891,2025-08-19,ORDINARIA,PRESENCIAL,MDB,1
135674,1891,2025-08-19,ORDINARIA,PRESENCIAL,PSD,1
135675,1891,2025-08-19,ORDINARIA,PRESENCIAL,AVANTE,1
135676,1891,2025-08-19,ORDINARIA,PRESENCIAL,REPUBLICANOS,1
135677,1891,2025-08-19,ORDINARIA,PRESENCIAL,PSOL,1
135678,1891,2025-08-19,ORDINARIA,PRESENCIAL,PP,1
135679,1891,2025-08-19,ORDINARIA,PRESENCIAL,CIDADANIA,1
135680,1891,2025-08-19,ORDINARIA,PRESENCIAL,PP,1
135681,1891,2025-08-19,ORDINARIA,PRESENCIAL,PT,1
135682,1891,2025-08-19,ORDINARIA,PRESENCIAL,PSD,1
135683,1891,2025-08-19,ORDINARIA,PRESENCIAL,PRD,1
135684,1891,2025-08-19,ORDINARIA,PRESENCIAL,PL,1
135685,1891,2025-08-19,ORDINARIA,PRESENCIAL,PL,1
135686,1891,2025-08-19,ORDINARIA,PRESENCIAL,MDB,1
135687,1892,2025-08-19,EXTRAORDINARIA,PRESENCIAL,PT,1
135688,1892,2025-08-19,EXTRAORDINARIA,PRESENCIAL,PSB,1
135689,1892,2025-08-19,EXTRAORDINARIA,PRESENCIAL,MDB,1
135690,1892,2025-08-19,EXTRAORDINARIA,PRESENCIAL,UNIÃO,1
135691,1892,2025-08-19,EXTRAORDINARIA,PRESENCIAL,PSOL,1
135692,1892,2025-08-19,EXTRAORDINARIA,PRESENCIAL,PT,1
135693,1892,2025-08-19,EXTRAORDINARIA,PRESENCIAL,MDB,1
135694,1892,2025-08-19,EXTRAORDINARIA,PRESENCIAL,MDB,1
135695,1892,2025-08-19,EXTRAORDINARIA,PRESENCIAL,MDB,1
135696,1892,2025-08-19,EXTRAORDINARIA,PRESENCIAL,PSD,1
135697,1892,2025-08-19,EXTRAORDINARIA,PRESENCIAL,AVANTE,1
135698,1892,2025-08-19,EXTRAORDINARIA,PRESENCIAL,REPUBLICANOS,1
135699,1892,2025-08-19,EXTRAORDINARIA,PRESENCIAL,PSOL,1
135700,1892,2025-08-19,EXTRAORDINARIA,PRESENCIAL,PP,1
135701,1892,2025-08-19,EXTRAORDINARIA,PRESENCIAL,CIDADANIA,1
135702,1892,2025-08-19,EXTRAORDINARIA,PRESENCIAL,PP,1
135703,1892,2025-08-19,EXTRAORDINARIA,PRESENCIAL,PT,1
135704,1892,2025-08-19,EXTRAORDINARIA,PRESENCIAL,PSD,1
135705,1892,2025-08-19,EXTRAORDINARIA,PRESENCIAL,PRD,1
135706,1892,2025-08-19,EXTRAORDINARIA,PRESENCIAL,PL,1
135707,1892,2025-08-19,EXTRAORDINARIA,PRESENCIAL,PL,2
135708,1892,2025-08-19,EXTRAORDINARIA,PRESENCIAL,MDB,1
135709,1895,2025-08-20,ORDINARIA,PRESENCIAL,PT,1
135710,1895,2025-08-20,ORDINARIA,PRESENCIAL,PSB,1
135711,1895,2025-08-20,ORDINARIA,PRESENCIAL,MDB,1
135712,1895,2025-08-20,ORDINARIA,PRESENCIAL,UNIÃO,1
135713,1895,2025-08-20,ORDINARIA,PRESENCIAL,PSOL,1
135714,1895,2025-08-20,ORDINARIA,PRESENCIAL,PT,1
135715,1895,2025-08-20,ORDINARIA,PRESENCIAL,MDB,1
135716,1895,2025-08-20,ORDINARIA,PRESENCIAL,MDB,1
135717,1895,2025-08-20,ORDINARIA,PRESENCIAL,PL,1
135718,1895,2025-08-20,ORDINARIA,PRESENCIAL,REPUBLICANOS,1
135719,1895,2025-08-20,ORDINARIA,PRESENCIAL,PSOL,1
135720,1895,2025-08-20,ORDINARIA,PRESENCIAL,PP,1
135721,1895,2025-08-20,ORDINARIA,PRESENCIAL,CIDADANIA,1
135722,1895,2025-08-20,ORDINARIA,PRESENCIAL,PP,1
135723,1895,2025-08-20,ORDINARIA,PRESENCIAL,PT,1
135724,1895,2025-08-20,ORDINARIA,PRESENCIAL,PRD,1
135725,1895,2025-08-20,ORDINARIA,PRESENCIAL,PL,1
135726,1895,2025-08-20,ORDINARIA,PRESENCIAL,PL,1
135727,1895,2025-08-20,ORDINARIA,PRESENCIAL,MDB,1
135728,1896,2025-08-26,EXTRAORDINARIA,PRESENCIAL,PT,1
135729,1896,2025-08-26,EXTRAORDINARIA,PRESENCIAL,PSB,1
135730,1896,2025-08-26,EXTRAORDINARIA,PRESENCIAL,MDB,1
135731,1896,2025-08-26,EXTRAORDINARIA,PRESENCIAL,UNIÃO,1
135732,1896,2025-08-26,EXTRAORDINARIA,PRESENCIAL,PSOL,1
135733,1896,2025-08-26,EXTRAORDINARIA,PRESENCIAL,PT,1
135734,1896,2025-08-26,EXTRAORDINARIA,PRESENCIAL,MDB,1
135735,1896,2025-08-26,EXTRAORDINARIA,PRESENCIAL,MDB,1
135736,1896,2025-08-26,EXTRAORDINARIA,PRESENCIAL,MDB,1
135737,1896,2025-08-26,EXTRAORDINARIA,PRESENCIAL,PL,1
135738,1896,2025-08-26,EXTRAORDINARIA,PRESENCIAL,PSD,1
135739,1896,2025-08-26,EXTRAORDINARIA,PRESENCIAL,REPUBLICANOS,1
135740,1896,2025-08-26,EXTRAORDINARIA,PRESENCIAL,PSOL,1
135741,1896,2025-08-26,EXTRAORDINARIA,PRESENCIAL,PP,1
135742,1896,2025-08-26,EXTRAORDINARIA,PRESENCIAL,PP,1
135743,1896,2025-08-26,EXTRAORDINARIA,PRESENCIAL,PT,1
135744,1896,2025-08-26,EXTRAORDINARIA,PRESENCIAL,PRD,1
135745,1896,2025-08-26,EXTRAORDINARIA,PRESENCIAL,PL,1
135746,1897,2025-08-21,SOLENE,PRESENCIAL,PP,1
135747,1897,2025-08-21,SOLENE,PRESENCIAL,CIDADANIA,1
135748,1899,2025-08-22,SOLENE,PRESENCIAL,CIDADANIA,1
135749,1903,2025-08-26,ORDINARIA,PRESENCIAL,PT,2
135750,1903,2025-08-26,ORDINARIA,PRESENCIAL,PSB,2
135751,1903,2025-08-26,ORDINARIA,PRESENCIAL,MDB,2
135752,1903,2025-08-26,ORDINARIA,PRESENCIAL,UNIÃO,2
135753,1903,2025-08-26,ORDINARIA,PRESENCIAL,PSOL,2
135754,1903,2025-08-26,ORDINARIA,PRESENCIAL,PT,2
135755,1903,2025-08-26,ORDINARIA,PRESENCIAL,MDB,2
135756,1903,2025-08-26,ORDINARIA,PRESENCIAL,MDB,2
135757,1903,2025-08-26,ORDINARIA,PRESENCIAL,MDB,2
135758,1903,2025-08-26,ORDINARIA,PRESENCIAL,PL,2
135759,1903,2025-08-26,ORDINARIA,PRESENCIAL,PSD,2
135760,1903,2025-08-26,ORDINARIA,PRESENCIAL,AVANTE,2
135761,1903,2025-08-26,ORDINARIA,PRESENCIAL,REPUBLICANOS,2
135762,1903,2025-08-26,ORDINARIA,PRESENCIAL,PSOL,3
135763,1903,2025-08-26,ORDINARIA,PRESENCIAL,PP,2
135764,1903,2025-08-26,ORDINARIA,PRESENCIAL,CIDADANIA,2
135765,1903,2025-08-26,ORDINARIA,PRESENCIAL,PP,2
135766,1903,2025-08-26,ORDINARIA,PRESENCIAL,PT,2
135767,1903,2025-08-26,ORDINARIA,PRESENCIAL,PSD,2
135768,1903,2025-08-26,ORDINARIA,PRESENCIAL,PRD,2
135769,1903,2025-08-26,ORDINARIA,PRESENCIAL,PL,2
135770,1903,2025-08-26,ORDINARIA,PRESENCIAL,PL,2
135771,1903,2025-08-26,ORDINARIA,PRESENCIAL,MDB,1
135772,1904,2025-08-27,ORDINARIA,PRESENCIAL,PT,1
135773,1904,2025-08-27,ORDINARIA,PRESENCIAL,MDB,1
135774,1904,2025-08-27,ORDINARIA,PRESENCIAL,UNIÃO,1
135775,1904,2025-08-27,ORDINARIA,PRESENCIAL,PSOL,1
135776,1904,2025-08-27,ORDINARIA,PRESENCIAL,PT,1
135777,1904,2025-08-27,ORDINARIA,PRESENCIAL,MDB,1
135778,1904,2025-08-27,ORDINARIA,PRESENCIAL,MDB,1
135779,1904,2025-08-27,ORDINARIA,PRESENCIAL,MDB,1
135780,1904,2025-08-27,ORDINARIA,PRESENCIAL,PL,1
135781,1904,2025-08-27,ORDINARIA,PRESENCIAL,PSD,1
135782,1904,2025-08-27,ORDINARIA,PRESENCIAL,REPUBLICANOS,1
135783,1904,2025-08-27,ORDINARIA,PRESENCIAL,PSOL,1
135784,1904,2025-08-27,ORDINARIA,PRESENCIAL,PP,1
135785,1904,2025-08-27,ORDINARIA,PRESENCIAL,CIDADANIA,1
135786,1904,2025-08-27,ORDINARIA,PRESENCIAL,PP,1
135787,1904,2025-08-27,ORDINARIA,PRESENCIAL,PT,1
135788,1904,2025-08-27,ORDINARIA,PRESENCIAL,PSD,1
135789,1904,2025-08-27,ORDINARIA,PRESENCIAL,PRD,1
135790,1904,2025-08-27,ORDINARIA,PRESENCIAL,PL,1
135791,1904,2025-08-27,ORDINARIA,PRESENCIAL,PL,1
135792,1904,2025-08-27,ORDINARIA,PRESENCIAL,MDB,1
135793,1905,2025-09-09,EXTRAORDINARIA,PRESENCIAL,PT,1
135794,1905,2025-09-09,EXTRAORDINARIA,PRESENCIAL,MDB,1
135795,1905,2025-09-09,EXTRAORDINARIA,PRESENCIAL,PSOL,1
135796,1905,2025-09-09,EXTRAORDINARIA,PRESENCIAL,PT,1
135797,1905,2025-09-09,EXTRAORDINARIA,PRESENCIAL,MDB,1
135798,1905,2025-09-09,EXTRAORDINARIA,PRESENCIAL,MDB,1
135799,1905,2025-09-09,EXTRAORDINARIA,PRESENCIAL,PL,1
135800,1905,2025-09-09,EXTRAORDINARIA,PRESENCIAL,AVANTE,1
135801,1905,2025-09-09,EXTRAORDINARIA,PRESENCIAL,REPUBLICANOS,1
135802,1905,2025-09-09,EXTRAORDINARIA,PRESENCIAL,CIDADANIA,1
135803,1905,2025-09-09,EXTRAORDINARIA,PRESENCIAL,PP,1
135804,1905,2025-09-09,EXTRAORDINARIA,PRESENCIAL,PT,1
135805,1905,2025-09-09,EXTRAORDINARIA,PRESENCIAL,PRD,1
135806,1905,2025-09-09,EXTRAORDINARIA,PRESENCIAL,PL,1
135807,1905,2025-09-09,EXTRAORDINARIA,PRESENCIAL,PL,1
135808,1905,2025-09-09,EXTRAORDINARIA,PRESENCIAL,MDB,1
135809,1906,2025-08-28,ORDINARIA,PRESENCIAL,PT,1
135810,1906,2025-08-28,ORDINARIA,PRESENCIAL,MDB,1
135811,1906,2025-08-28,ORDINARIA,PRESENCIAL,CIDADANIA,1
135812,1907,2025-08-28,ORDINARIA,PRESENCIAL,PSOL,1
135813,1911,2025-09-02,ORDINARIA,PRESENCIAL,PT,1
135814,1911,2025-09-02,ORDINARIA,PRESENCIAL,PSB,1
135815,1911,2025-09-02,ORDINARIA,PRESENCIAL,MDB,1
135816,1911,2025-09-02,ORDINARIA,PRESENCIAL,UNIÃO,1
135817,1911,2025-09-02,ORDINARIA,PRESENCIAL,PSOL,1
135818,1911,2025-09-02,ORDINARIA,PRESENCIAL,PT,1
135819,1911,2025-09-02,ORDINARIA,PRESENCIAL,MDB,1
135820,1911,2025-09-02,ORDINARIA,PRESENCIAL,MDB,1
135821,1911,2025-09-02,ORDINARIA,PRESENCIAL,MDB,1
135822,1911,2025-09-02,ORDINARIA,PRESENCIAL,PL,1
135823,1911,2025-09-02,ORDINARIA,PRESENCIAL,PSD,1
135824,1911,2025-09-02,ORDINARIA,PRESENCIAL,AVANTE,1
135825,1911,2025-09-02,ORDINARIA,PRESENCIAL,REPUBLICANOS,1
135826,1911,2025-09-02,ORDINARIA,PRESENCIAL,PSOL,1
135827,1911,2025-09-02,ORDINARIA,PRESENCIAL,PP,1
135828,1911,2025-09-02,ORDINARIA,PRESENCIAL,CIDADANIA,1
135829,1911,2025-09-02,ORDINARIA,PRESENCIAL,PP,1
135830,1911,2025-09-02,ORDINARIA,PRESENCIAL,PT,1
135831,1911,2025-09-02,ORDINARIA,PRESENCIAL,PSD,1
135832,1911,2025-09-02,ORDINARIA,PRESENCIAL,PRD,1
135833,1911,2025-09-02,ORDINARIA,PRESENCIAL,PL,1
135834,1911,2025-09-02,ORDINARIA,PRESENCIAL,MDB,1
135835,1913,2025-09-03,ORDINARIA,PRESENCIAL,PT,1
135836,1913,2025-09-03,ORDINARIA,PRESENCIAL,PSB,1
135837,1913,2025-09-03,ORDINARIA,PRESENCIAL,UNIÃO,1
135838,1913,2025-09-03,ORDINARIA,PRESENCIAL,PSOL,1
135839,1913,2025-09-03,ORDINARIA,PRESENCIAL,PT,1
135840,1913,2025-09-03,ORDINARIA,PRESENCIAL,MDB,1
135841,1913,2025-09-03,ORDINARIA,PRESENCIAL,MDB,1
135842,1913,2025-09-03,ORDINARIA,PRESENCIAL,PSD,1
135843,1913,2025-09-03,ORDINARIA,PRESENCIAL,AVANTE,1
135844,1913,2025-09-03,ORDINARIA,PRESENCIAL,REPUBLICANOS,1
135845,1913,2025-09-03,ORDINARIA,PRESENCIAL,PSOL,1
135846,1913,2025-09-03,ORDINARIA,PRESENCIAL,PP,1
135847,1913,2025-09-03,ORDINARIA,PRESENCIAL,PT,1
135848,1913,2025-09-03,ORDINARIA,PRESENCIAL,PSD,1
135849,1913,2025-09-03,ORDINARIA,PRESENCIAL,PRD,1
135850,1913,2025-09-03,ORDINARIA,PRESENCIAL,PL,1
135851,1914,2025-09-04,ORDINARIA,PRESENCIAL,PSB,1
135852,1915,2025-09-04,ORDINARIA,PRESENCIAL,CIDADANIA,1
135853,1916,2025-09-09,ORDINARIA,PRESENCIAL,PT,2
135854,1916,2025-09-09,ORDINARIA,PRESENCIAL,MDB,1
135855,1916,2025-09-09,ORDINARIA,PRESENCIAL,UNIÃO,1
135856,1916,2025-09-09,ORDINARIA,PRESENCIAL,PSOL,1
135857,1916,2025-09-09,ORDINARIA,PRESENCIAL,PT,2
135858,1916,2025-09-09,ORDINARIA,PRESENCIAL,MDB,1
135859,1916,2025-09-09,ORDINARIA,PRESENCIAL,MDB,1
135860,1916,2025-09-09,ORDINARIA,PRESENCIAL,MDB,2
135861,1916,2025-09-09,ORDINARIA,PRESENCIAL,PL,2
135862,1916,2025-09-09,ORDINARIA,PRESENCIAL,AVANTE,2
135863,1916,2025-09-09,ORDINARIA,PRESENCIAL,REPUBLICANOS,2
135864,1916,2025-09-09,ORDINARIA,PRESENCIAL,PSOL,1
135865,1916,2025-09-09,ORDINARIA,PRESENCIAL,CIDADANIA,2
135866,1916,2025-09-09,ORDINARIA,PRESENCIAL,PP,1
135867,1916,2025-09-09,ORDINARIA,PRESENCIAL,PT,2
135868,1916,2025-09-09,ORDINARIA,PRESENCIAL,PSD,1
135869,1916,2025-09-09,ORDINARIA,PRESENCIAL,PRD,1
135870,1916,2025-09-09,ORDINARIA,PRESENCIAL,PL,2
135871,1916,2025-09-09,ORDINARIA,PRESENCIAL,PL,2
135872,1916,2025-09-09,ORDINARIA,PRESENCIAL,MDB,2
135873,1917,2025-09-10,ORDINARIA,PRESENCIAL,PT,1
135874,1917,2025-09-10,ORDINARIA,PRESENCIAL,MDB,1
135875,1917,2025-09-10,ORDINARIA,PRESENCIAL,UNIÃO,1
135876,1917,2025-09-10,ORDINARIA,PRESENCIAL,PSOL,1
135877,1917,2025-09-10,ORDINARIA,PRESENCIAL,PT,1
135878,1917,2025-09-10,ORDINARIA,PRESENCIAL,MDB,1
135879,1917,2025-09-10,ORDINARIA,PRESENCIAL,MDB,1
135880,1917,2025-09-10,ORDINARIA,PRESENCIAL,MDB,1
135881,1917,2025-09-10,ORDINARIA,PRESENCIAL,PL,1
135882,1917,2025-09-10,ORDINARIA,PRESENCIAL,AVANTE,1
135883,1917,2025-09-10,ORDINARIA,PRESENCIAL,PSOL,1
135884,1917,2025-09-10,ORDINARIA,PRESENCIAL,CIDADANIA,1
135885,1917,2025-09-10,ORDINARIA,PRESENCIAL,PP,1
135886,1917,2025-09-10,ORDINARIA,PRESENCIAL,PT,1
135887,1917,2025-09-10,ORDINARIA,PRESENCIAL,PRD,1
135888,1917,2025-09-10,ORDINARIA,PRESENCIAL,PL,1
135889,1917,2025-09-10,ORDINARIA,PRESENCIAL,PL,1
135890,1917,2025-09-10,ORDINARIA,PRESENCIAL,MDB,1
135891,1919,2025-09-11,ORDINARIA,PRESENCIAL,PT,1
135892,1919,2025-09-11,ORDINARIA,PRESENCIAL,MDB,1
135893,1919,2025-09-11,ORDINARIA,PRESENCIAL,CIDADANIA,1
135894,1919,2025-09-11,ORDINARIA,PRESENCIAL,PRD,1
135895,1920,2025-09-11,ORDINARIA,PRESENCIAL,PT,1
135896,1920,2025-09-11,ORDINARIA,PRESENCIAL,PSOL,1
135897,1920,2025-09-11,ORDINARIA,PRESENCIAL,PT,1
135898,1920,2025-09-11,ORDINARIA,PRESENCIAL,PL,1
135899,1927,2025-09-16,ORDINARIA,PRESENCIAL,PT,2
135900,1927,2025-09-16,ORDINARIA,PRESENCIAL,PSB,2
135901,1927,2025-09-16,ORDINARIA,PRESENCIAL,MDB,2
135902,1927,2025-09-16,ORDINARIA,PRESENCIAL,UNIÃO,2
135903,1927,2025-09-16,ORDINARIA,PRESENCIAL,PSOL,2
135904,1927,2025-09-16,ORDINARIA,PRESENCIAL,PT,2
135905,1927,2025-09-16,ORDINARIA,PRESENCIAL,MDB,1
135906,1927,2025-09-16,ORDINARIA,PRESENCIAL,MDB,2
135907,1927,2025-09-16,ORDINARIA,PRESENCIAL,MDB,2
135908,1927,2025-09-16,ORDINARIA,PRESENCIAL,PL,1
135909,1927,2025-09-16,ORDINARIA,PRESENCIAL,PSD,1
135910,1927,2025-09-16,ORDINARIA,PRESENCIAL,REPUBLICANOS,1
135911,1927,2025-09-16,ORDINARIA,PRESENCIAL,PSOL,1
135912,1927,2025-09-16,ORDINARIA,PRESENCIAL,PP,2
135913,1927,2025-09-16,ORDINARIA,PRESENCIAL,CIDADANIA,2
135914,1927,2025-09-16,ORDINARIA,PRESENCIAL,PP,2
135915,1927,2025-09-16,ORDINARIA,PRESENCIAL,PT,1
135916,1927,2025-09-16,ORDINARIA,PRESENCIAL,PSD,2
135917,1927,2025-09-16,ORDINARIA,PRESENCIAL,PRD,2
135918,1927,2025-09-16,ORDINARIA,PRESENCIAL,PL,1
135919,1927,2025-09-16,ORDINARIA,PRESENCIAL,PL,2
135920,1927,2025-09-16,ORDINARIA,PRESENCIAL,MDB,1
135921,1928,2025-09-16,EXTRAORDINARIA,PRESENCIAL,PT,1
135922,1928,2025-09-16,EXTRAORDINARIA,PRESENCIAL,PSB,2
135923,1928,2025-09-16,EXTRAORDINARIA,PRESENCIAL,UNIÃO,2
135924,1928,2025-09-16,EXTRAORDINARIA,PRESENCIAL,PT,1
135925,1928,2025-09-16,EXTRAORDINARIA,PRESENCIAL,MDB,1
135926,1928,2025-09-16,EXTRAORDINARIA,PRESENCIAL,MDB,1
135927,1928,2025-09-16,EXTRAORDINARIA,PRESENCIAL,MDB,2
135928,1928,2025-09-16,EXTRAORDINARIA,PRESENCIAL,PSD,1
135929,1928,2025-09-16,EXTRAORDINARIA,PRESENCIAL,REPUBLICANOS,2
135930,1928,2025-09-16,EXTRAORDINARIA,PRESENCIAL,PSOL,1
135931,1928,2025-09-16,EXTRAORDINARIA,PRESENCIAL,PP,1
135932,1928,2025-09-16,EXTRAORDINARIA,PRESENCIAL,CIDADANIA,2
135933,1928,2025-09-16,EXTRAORDINARIA,PRESENCIAL,PP,2
135934,1928,2025-09-16,EXTRAORDINARIA,PRESENCIAL,PT,2
135935,1928,2025-09-16,EXTRAORDINARIA,PRESENCIAL,PSD,1
135936,1928,2025-09-16,EXTRAORDINARIA,PRESENCIAL,PRD,2
135937,1928,2025-09-16,EXTRAORDINARIA,PRESENCIAL,PL,1
135938,1929,2025-09-23,EXTRAORDINARIA,PRESENCIAL,PSB,1
135939,1929,2025-09-23,EXTRAORDINARIA,PRESENCIAL,MDB,1
135940,1929,2025-09-23,EXTRAORDINARIA,PRESENCIAL,UNIÃO,1
135941,1929,2025-09-23,EXTRAORDINARIA,PRESENCIAL,MDB,1
135942,1929,2025-09-23,EXTRAORDINARIA,PRESENCIAL,MDB,1
135943,1929,2025-09-23,EXTRAORDINARIA,PRESENCIAL,MDB,1
135944,1929,2025-09-23,EXTRAORDINARIA,PRESENCIAL,PL,1
135945,1929,2025-09-23,EXTRAORDINARIA,PRESENCIAL,AVANTE,1
135946,1929,2025-09-23,EXTRAORDINARIA,PRESENCIAL,PSOL,1
135947,1929,2025-09-23,EXTRAORDINARIA,PRESENCIAL,PP,1
135948,1929,2025-09-23,EXTRAORDINARIA,PRESENCIAL,PT,1
135949,1929,2025-09-23,EXTRAORDINARIA,PRESENCIAL,PL,1
135950,1929,2025-09-23,EXTRAORDINARIA,PRESENCIAL,MDB,1
135951,1930,2025-09-17,ORDINARIA,PRESENCIAL,PT,1
135952,1930,2025-09-17,ORDINARIA,PRESENCIAL,MDB,1
135953,1930,2025-09-17,ORDINARIA,PRESENCIAL,UNIÃO,1
135954,1930,2025-09-17,ORDINARIA,PRESENCIAL,PSOL,1
135955,1930,2025-09-17,ORDINARIA,PRESENCIAL,PT,1
135956,1930,2025-09-17,ORDINARIA,PRESENCIAL,MDB,1
135957,1930,2025-09-17,ORDINARIA,PRESENCIAL,MDB,1
135958,1930,2025-09-17,ORDINARIA,PRESENCIAL,MDB,1
135959,1930,2025-09-17,ORDINARIA,PRESENCIAL,PSD,1
135960,1930,2025-09-17,ORDINARIA,PRESENCIAL,REPUBLICANOS,1
135961,1930,2025-09-17,ORDINARIA,PRESENCIAL,PSOL,1
135962,1930,2025-09-17,ORDINARIA,PRESENCIAL,PP,1
135963,1930,2025-09-17,ORDINARIA,PRESENCIAL,CIDADANIA,1
135964,1930,2025-09-17,ORDINARIA,PRESENCIAL,PP,1
135965,1930,2025-09-17,ORDINARIA,PRESENCIAL,PT,1
135966,1930,2025-09-17,ORDINARIA,PRESENCIAL,PSD,1
135967,1930,2025-09-17,ORDINARIA,PRESENCIAL,PRD,1
135968,1930,2025-09-17,ORDINARIA,PRESENCIAL,PL,1
135969,1930,2025-09-17,ORDINARIA,PRESENCIAL,PL,1
135970,1932,2025-09-18,ORDINARIA,PRESENCIAL,PT,1
135971,1932,2025-09-18,ORDINARIA,PRESENCIAL,MDB,1
135972,1932,2025-09-18,ORDINARIA,PRESENCIAL,CIDADANIA,1
135973,1933,2025-09-18,ORDINARIA,PRESENCIAL,PP,2
135974,1939,2025-09-23,ORDINARIA,PRESENCIAL,PT,1
135975,1939,2025-09-23,ORDINARIA,PRESENCIAL,PSB,1
135976,1939,2025-09-23,ORDINARIA,PRESENCIAL,MDB,1
135977,1939,2025-09-23,ORDINARIA,PRESENCIAL,UNIÃO,1
135978,1939,2025-09-23,ORDINARIA,PRESENCIAL,PSOL,1
135979,1939,2025-09-23,ORDINARIA,PRESENCIAL,PT,1
135980,1939,2025-09-23,ORDINARIA,PRESENCIAL,MDB,1
135981,1939,2025-09-23,ORDINARIA,PRESENCIAL,MDB,1
135982,1939,2025-09-23,ORDINARIA,PRESENCIAL,MDB,1
135983,1939,2025-09-23,ORDINARIA,PRESENCIAL,PL,1
135984,1939,2025-09-23,ORDINARIA,PRESENCIAL,PSD,1
135985,1939,2025-09-23,ORDINARIA,PRESENCIAL,AVANTE,1
135986,1939,2025-09-23,ORDINARIA,PRESENCIAL,REPUBLICANOS,1
135987,1939,2025-09-23,ORDINARIA,PRESENCIAL,PSOL,1
135988,1939,2025-09-23,ORDINARIA,PRESENCIAL,PP,1
135989,1939,2025-09-23,ORDINARIA,PRESENCIAL,CIDADANIA,1
135990,1939,2025-09-23,ORDINARIA,PRESENCIAL,PP,1
135991,1939,2025-09-23,ORDINARIA,PRESENCIAL,PT,1
135992,1939,2025-09-23,ORDINARIA,PRESENCIAL,PSD,1
135993,1939,2025-09-23,ORDINARIA,PRESENCIAL,PRD,1
135994,1939,2025-09-23,ORDINARIA,PRESENCIAL,PL,1
135995,1939,2025-09-23,ORDINARIA,PRESENCIAL,PL,1
135996,1939,2025-09-23,ORDINARIA,PRESENCIAL,MDB,1
135997,1941,2025-09-24,ORDINARIA,PRESENCIAL,PT,1
135998,1941,2025-09-24,ORDINARIA,PRESENCIAL,MDB,1
135999,1941,2025-09-24,ORDINARIA,PRESENCIAL,UNIÃO,1
136000,1941,2025-09-24,ORDINARIA,PRESENCIAL,PSOL,1
136001,1941,2025-09-24,ORDINARIA,PRESENCIAL,PT,1
136002,1941,2025-09-24,ORDINARIA,PRESENCIAL,MDB,1
136003,1941,2025-09-24,ORDINARIA,PRESENCIAL,MDB,1
136004,1941,2025-09-24,ORDINARIA,PRESENCIAL,MDB,1
136005,1941,2025-09-24,ORDINARIA,PRESENCIAL,PL,1
136006,1941,2025-09-24,ORDINARIA,PRESENCIAL,PSD,1
136007,1941,2025-09-24,ORDINARIA,PRESENCIAL,AVANTE,1
136008,1941,2025-09-24,ORDINARIA,PRESENCIAL,PSOL,1
136009,1941,2025-09-24,ORDINARIA,PRESENCIAL,PP,1
136010,1941,2025-09-24,ORDINARIA,PRESENCIAL,CIDADANIA,1
136011,1941,2025-09-24,ORDINARIA,PRESENCIAL,PP,1
136012,1941,2025-09-24,ORDINARIA,PRESENCIAL,PT,1
136013,1941,2025-09-24,ORDINARIA,PRESENCIAL,PRD,1
136014,1941,2025-09-24,ORDINARIA,PRESENCIAL,PL,1
136015,1941,2025-09-24,ORDINARIA,PRESENCIAL,PL,1
136016,1944,2025-09-25,ORDINARIA,PRESENCIAL,PT,1
136017,1944,2025-09-25,ORDINARIA,PRESENCIAL,PL,1
136018,1944,2025-09-25,ORDINARIA,PRESENCIAL,CIDADANIA,1
136019,1945,2025-09-25,ORDINARIA,PRESENCIAL,PT,1
136020,1950,2025-09-30,ORDINARIA,PRESENCIAL,PT,1
136021,1950,2025-09-30,ORDINARIA,PRESENCIAL,PSB,1
136022,1950,2025-09-30,ORDINARIA,PRESENCIAL,REPUBLICANOS,1
136023,1950,2025-09-30,ORDINARIA,PRESENCIAL,UNIÃO,1
136024,1950,2025-09-30,ORDINARIA,PRESENCIAL,PSOL,1
136025,1950,2025-09-30,ORDINARIA,PRESENCIAL,PT,1
136026,1950,2025-09-30,ORDINARIA,PRESENCIAL,MDB,1
136027,1950,2025-09-30,ORDINARIA,PRESENCIAL,MDB,1
136028,1950,2025-09-30,ORDINARIA,PRESENCIAL,MDB,1
136029,1950,2025-09-30,ORDINARIA,PRESENCIAL,PL,1
136030,1950,2025-09-30,ORDINARIA,PRESENCIAL,PSD,1
136031,1950,2025-09-30,ORDINARIA,PRESENCIAL,AVANTE,1
136032,1950,2025-09-30,ORDINARIA,PRESENCIAL,REPUBLICANOS,1
136033,1950,2025-09-30,ORDINARIA,PRESENCIAL,PSOL,1
136034,1950,2025-09-30,ORDINARIA,PRESENCIAL,PP,1
136035,1950,2025-09-30,ORDINARIA,PRESENCIAL,CIDADANIA,1
136036,1950,2025-09-30,ORDINARIA,PRESENCIAL,PP,1
136037,1950,2025-09-30,ORDINARIA,PRESENCIAL,PT,1
136038,1950,2025-09-30,ORDINARIA,PRESENCIAL,PL,1
136039,1950,2025-09-30,ORDINARIA,PRESENCIAL,PL,1
136040,1950,2025-09-30,ORDINARIA,PRESENCIAL,MDB,1
136041,1951,2025-09-30,EXTRAORDINARIA,PRESENCIAL,PT,1
136042,1951,2025-09-30,EXTRAORDINARIA,PRESENCIAL,PSB,1
136043,1951,2025-09-30,EXTRAORDINARIA,PRESENCIAL,REPUBLICANOS,1
136044,1951,2025-09-30,EXTRAORDINARIA,PRESENCIAL,UNIÃO,1
136045,1951,2025-09-30,EXTRAORDINARIA,PRESENCIAL,PSOL,1
136046,1951,2025-09-30,EXTRAORDINARIA,PRESENCIAL,PT,1
136047,1951,2025-09-30,EXTRAORDINARIA,PRESENCIAL,MDB,1
136048,1951,2025-09-30,EXTRAORDINARIA,PRESENCIAL,MDB,1
136049,1951,2025-09-30,EXTRAORDINARIA,PRESENCIAL,MDB,1
136050,1951,2025-09-30,EXTRAORDINARIA,PRESENCIAL,PL,1
136051,1951,2025-09-30,EXTRAORDINARIA,PRESENCIAL,PSD,1
136052,1951,2025-09-30,EXTRAORDINARIA,PRESENCIAL,AVANTE,1
136053,1951,2025-09-30,EXTRAORDINARIA,PRESENCIAL,REPUBLICANOS,1
136054,1951,2025-09-30,EXTRAORDINARIA,PRESENCIAL,PSOL,1
136055,1951,2025-09-30,EXTRAORDINARIA,PRESENCIAL,PP,1
136056,1951,2025-09-30,EXTRAORDINARIA,PRESENCIAL,CIDADANIA,2
136057,1951,2025-09-30,EXTRAORDINARIA,PRESENCIAL,PP,1
136058,1951,2025-09-30,EXTRAORDINARIA,PRESENCIAL,PT,1
136059,1951,2025-09-30,EXTRAORDINARIA,PRESENCIAL,PL,1
136060,1951,2025-09-30,EXTRAORDINARIA,PRESENCIAL,PL,1
136061,1951,2025-09-30,EXTRAORDINARIA,PRESENCIAL,MDB,1
136062,1954,2025-10-01,ORDINARIA,PRESENCIAL,MDB,1
136063,1956,2025-10-02,ORDINARIA,PRESENCIAL,PSOL,1
136064,1963,2025-10-07,ORDINARIA,PRESENCIAL,PT,2
136065,1963,2025-10-07,ORDINARIA,PRESENCIAL,PSOL,1
136066,1963,2025-10-07,ORDINARIA,PRESENCIAL,PT,1
136067,1963,2025-10-07,ORDINARIA,PRESENCIAL,MDB,1
136068,1963,2025-10-07,ORDINARIA,PRESENCIAL,MDB,1
136069,1963,2025-10-07,ORDINARIA,PRESENCIAL,PL,1
136070,1963,2025-10-07,ORDINARIA,PRESENCIAL,PSD,1
136071,1963,2025-10-07,ORDINARIA,PRESENCIAL,AVANTE,2
136072,1963,2025-10-07,ORDINARIA,PRESENCIAL,PSOL,1
136073,1963,2025-10-07,ORDINARIA,PRESENCIAL,PP,1
136074,1963,2025-10-07,ORDINARIA,PRESENCIAL,CIDADANIA,2
136075,1963,2025-10-07,ORDINARIA,PRESENCIAL,PP,2
136076,1963,2025-10-07,ORDINARIA,PRESENCIAL,PT,2
136077,1963,2025-10-07,ORDINARIA,PRESENCIAL,PRD,2
136078,1963,2025-10-07,ORDINARIA,PRESENCIAL,PL,1
136079,1963,2025-10-07,ORDINARIA,PRESENCIAL,MDB,2
136080,1964,2025-10-08,EXTRAORDINARIA,PRESENCIAL,PT,1
136081,1964,2025-10-08,EXTRAORDINARIA,PRESENCIAL,PSB,1
136082,1964,2025-10-08,EXTRAORDINARIA,PRESENCIAL,REPUBLICANOS,1
136083,1964,2025-10-08,EXTRAORDINARIA,PRESENCIAL,UNIÃO,1
136084,1964,2025-10-08,EXTRAORDINARIA,PRESENCIAL,PT,1
136085,1964,2025-10-08,EXTRAORDINARIA,PRESENCIAL,MDB,1
136086,1964,2025-10-08,EXTRAORDINARIA,PRESENCIAL,MDB,1
136087,1964,2025-10-08,EXTRAORDINARIA,PRESENCIAL,MDB,1
136088,1964,2025-10-08,EXTRAORDINARIA,PRESENCIAL,PL,1
136089,1964,2025-10-08,EXTRAORDINARIA,PRESENCIAL,AVANTE,1
136090,1964,2025-10-08,EXTRAORDINARIA,PRESENCIAL,REPUBLICANOS,1
136091,1964,2025-10-08,EXTRAORDINARIA,PRESENCIAL,PSOL,1
136092,1964,2025-10-08,EXTRAORDINARIA,PRESENCIAL,PP,1
136093,1964,2025-10-08,EXTRAORDINARIA,PRESENCIAL,PP,1
136094,1964,2025-10-08,EXTRAORDINARIA,PRESENCIAL,PT,1
136095,1964,2025-10-08,EXTRAORDINARIA,PRESENCIAL,PRD,1
136096,1964,2025-10-08,EXTRAORDINARIA,PRESENCIAL,PL,1
136097,1964,2025-10-08,EXTRAORDINARIA,PRESENCIAL,PL,1
136098,1964,2025-10-08,EXTRAORDINARIA,PRESENCIAL,MDB,1
136099,1966,2025-10-08,ORDINARIA,PRESENCIAL,PT,1
136100,1966,2025-10-08,ORDINARIA,PRESENCIAL,PSB,1
136101,1966,2025-10-08,ORDINARIA,PRESENCIAL,REPUBLICANOS,1
136102,1966,2025-10-08,ORDINARIA,PRESENCIAL,UNIÃO,1
136103,1966,2025-10-08,ORDINARIA,PRESENCIAL,PSOL,1
136104,1966,2025-10-08,ORDINARIA,PRESENCIAL,PT,1
136105,1966,2025-10-08,ORDINARIA,PRESENCIAL,MDB,1
136106,1966,2025-10-08,ORDINARIA,PRESENCIAL,MDB,1
136107,1966,2025-10-08,ORDINARIA,PRESENCIAL,MDB,1
136108,1966,2025-10-08,ORDINARIA,PRESENCIAL,PL,1
136109,1966,2025-10-08,ORDINARIA,PRESENCIAL,PSD,1
136110,1966,2025-10-08,ORDINARIA,PRESENCIAL,AVANTE,1
136111,1966,2025-10-08,ORDINARIA,PRESENCIAL,REPUBLICANOS,1
136112,1966,2025-10-08,ORDINARIA,PRESENCIAL,PSOL,1
136113,1966,2025-10-08,ORDINARIA,PRESENCIAL,PP,1
136114,1966,2025-10-08,ORDINARIA,PRESENCIAL,CIDADANIA,1
136115,1966,2025-10-08,ORDINARIA,PRESENCIAL,PP,1
136116,1966,2025-10-08,ORDINARIA,PRESENCIAL,PT,1
136117,1966,2025-10-08,ORDINARIA,PRESENCIAL,PRD,1
136118,1966,2025-10-08,ORDINARIA,PRESENCIAL,PL,1
136119,1966,2025-10-08,ORDINARIA,PRESENCIAL,PL,1
136120,1966,2025-10-08,ORDINARIA,PRESENCIAL,MDB,1
136121,1967,2025-10-09,ORDINARIA,PRESENCIAL,PT,1
136122,1967,2025-10-09,ORDINARIA,PRESENCIAL,MDB,1
136123,1967,2025-10-09,ORDINARIA,PRESENCIAL,CIDADANIA,1
136124,1968,2025-10-09,ORDINARIA,PRESENCIAL,PT,1
136125,1974,2025-10-14,ORDINARIA,PRESENCIAL,PT,2
136126,1974,2025-10-14,ORDINARIA,PRESENCIAL,PSB,2
136127,1974,2025-10-14,ORDINARIA,PRESENCIAL,REPUBLICANOS,2
136128,1974,2025-10-14,ORDINARIA,PRESENCIAL,UNIÃO,2
136129,1974,2025-10-14,ORDINARIA,PRESENCIAL,PSOL,2
136130,1974,2025-10-14,ORDINARIA,PRESENCIAL,PT,2
136131,1974,2025-10-14,ORDINARIA,PRESENCIAL,MDB,2
136132,1974,2025-10-14,ORDINARIA,PRESENCIAL,MDB,1
136133,1974,2025-10-14,ORDINARIA,PRESENCIAL,PL,1
136134,1974,2025-10-14,ORDINARIA,PRESENCIAL,PSD,1
136135,1974,2025-10-14,ORDINARIA,PRESENCIAL,AVANTE,2
136136,1974,2025-10-14,ORDINARIA,PRESENCIAL,REPUBLICANOS,2
136137,1974,2025-10-14,ORDINARIA,PRESENCIAL,PSOL,1
136138,1974,2025-10-14,ORDINARIA,PRESENCIAL,PP,2
136139,1974,2025-10-14,ORDINARIA,PRESENCIAL,CIDADANIA,1
136140,1974,2025-10-14,ORDINARIA,PRESENCIAL,PT,2
136141,1974,2025-10-14,ORDINARIA,PRESENCIAL,PSD,1
136142,1974,2025-10-14,ORDINARIA,PRESENCIAL,PRD,2
136143,1974,2025-10-14,ORDINARIA,PRESENCIAL,PL,2
136144,1974,2025-10-14,ORDINARIA,PRESENCIAL,PL,2
136145,1975,2025-10-15,EXTRAORDINARIA,PRESENCIAL,PT,1
136146,1975,2025-10-15,EXTRAORDINARIA,PRESENCIAL,REPUBLICANOS,1
136147,1975,2025-10-15,EXTRAORDINARIA,PRESENCIAL,UNIÃO,1
136148,1975,2025-10-15,EXTRAORDINARIA,PRESENCIAL,PSOL,1
136149,1975,2025-10-15,EXTRAORDINARIA,PRESENCIAL,PT,1
136150,1975,2025-10-15,EXTRAORDINARIA,PRESENCIAL,MDB,1
136151,1975,2025-10-15,EXTRAORDINARIA,PRESENCIAL,MDB,1
136152,1975,2025-10-15,EXTRAORDINARIA,PRESENCIAL,MDB,1
136153,1975,2025-10-15,EXTRAORDINARIA,PRESENCIAL,AVANTE,1
136154,1975,2025-10-15,EXTRAORDINARIA,PRESENCIAL,REPUBLICANOS,1
136155,1975,2025-10-15,EXTRAORDINARIA,PRESENCIAL,PSOL,1
136156,1975,2025-10-15,EXTRAORDINARIA,PRESENCIAL,PT,1
136157,1975,2025-10-15,EXTRAORDINARIA,PRESENCIAL,PRD,1
136158,1977,2025-10-15,ORDINARIA,PRESENCIAL,PT,2
136159,1977,2025-10-15,ORDINARIA,PRESENCIAL,REPUBLICANOS,2
136160,1977,2025-10-15,ORDINARIA,PRESENCIAL,UNIÃO,1
136161,1977,2025-10-15,ORDINARIA,PRESENCIAL,PSOL,2
136162,1977,2025-10-15,ORDINARIA,PRESENCIAL,PT,2
136163,1977,2025-10-15,ORDINARIA,PRESENCIAL,MDB,2
136164,1977,2025-10-15,ORDINARIA,PRESENCIAL,MDB,2
136165,1977,2025-10-15,ORDINARIA,PRESENCIAL,MDB,2
136166,1977,2025-10-15,ORDINARIA,PRESENCIAL,PL,2
136167,1977,2025-10-15,ORDINARIA,PRESENCIAL,PSD,1
136168,1977,2025-10-15,ORDINARIA,PRESENCIAL,AVANTE,2
136169,1977,2025-10-15,ORDINARIA,PRESENCIAL,REPUBLICANOS,2
136170,1977,2025-10-15,ORDINARIA,PRESENCIAL,PSOL,1
136171,1977,2025-10-15,ORDINARIA,PRESENCIAL,PP,2
136172,1977,2025-10-15,ORDINARIA,PRESENCIAL,CIDADANIA,1
136173,1977,2025-10-15,ORDINARIA,PRESENCIAL,PT,2
136174,1977,2025-10-15,ORDINARIA,PRESENCIAL,PSD,1
136175,1977,2025-10-15,ORDINARIA,PRESENCIAL,PRD,2
136176,1977,2025-10-15,ORDINARIA,PRESENCIAL,PL,2
136177,1977,2025-10-15,ORDINARIA,PRESENCIAL,PL,2
136178,1979,2025-10-16,ORDINARIA,PRESENCIAL,PT,1
136179,1985,2025-10-21,ORDINARIA,PRESENCIAL,PT,2
136180,1985,2025-10-21,ORDINARIA,PRESENCIAL,MDB,1
136181,1985,2025-10-21,ORDINARIA,PRESENCIAL,PSB,2
136182,1985,2025-10-21,ORDINARIA,PRESENCIAL,REPUBLICANOS,1
136183,1985,2025-10-21,ORDINARIA,PRESENCIAL,UNIÃO,1
136184,1985,2025-10-21,ORDINARIA,PRESENCIAL,PSOL,2
136185,1985,2025-10-21,ORDINARIA,PRESENCIAL,PT,2
136186,1985,2025-10-21,ORDINARIA,PRESENCIAL,MDB,1
136187,1985,2025-10-21,ORDINARIA,PRESENCIAL,MDB,2
136188,1985,2025-10-21,ORDINARIA,PRESENCIAL,PL,2
136189,1985,2025-10-21,ORDINARIA,PRESENCIAL,PSD,1
136190,1985,2025-10-21,ORDINARIA,PRESENCIAL,AVANTE,1
136191,1985,2025-10-21,ORDINARIA,PRESENCIAL,REPUBLICANOS,1
136192,1985,2025-10-21,ORDINARIA,PRESENCIAL,PSOL,1
136193,1985,2025-10-21,ORDINARIA,PRESENCIAL,PP,2
136194,1985,2025-10-21,ORDINARIA,PRESENCIAL,PP,2
136195,1985,2025-10-21,ORDINARIA,PRESENCIAL,PT,2
136196,1985,2025-10-21,ORDINARIA,PRESENCIAL,PRD,2
136197,1985,2025-10-21,ORDINARIA,PRESENCIAL,PL,1
136198,1985,2025-10-21,ORDINARIA,PRESENCIAL,PL,2
136199,1985,2025-10-21,ORDINARIA,PRESENCIAL,MDB,2
136200,1986,2025-10-21,EXTRAORDINARIA,PRESENCIAL,PT,1
136201,1986,2025-10-21,EXTRAORDINARIA,PRESENCIAL,MDB,1
136202,1986,2025-10-21,EXTRAORDINARIA,PRESENCIAL,PSB,1
136203,1986,2025-10-21,EXTRAORDINARIA,PRESENCIAL,REPUBLICANOS,1
136204,1986,2025-10-21,EXTRAORDINARIA,PRESENCIAL,UNIÃO,1
136205,1986,2025-10-21,EXTRAORDINARIA,PRESENCIAL,PSOL,1
136206,1986,2025-10-21,EXTRAORDINARIA,PRESENCIAL,MDB,1
136207,1986,2025-10-21,EXTRAORDINARIA,PRESENCIAL,MDB,1
136208,1986,2025-10-21,EXTRAORDINARIA,PRESENCIAL,PL,1
136209,1986,2025-10-21,EXTRAORDINARIA,PRESENCIAL,PSD,1
136210,1986,2025-10-21,EXTRAORDINARIA,PRESENCIAL,AVANTE,1
136211,1986,2025-10-21,EXTRAORDINARIA,PRESENCIAL,REPUBLICANOS,1
136212,1986,2025-10-21,EXTRAORDINARIA,PRESENCIAL,PSOL,1
136213,1986,2025-10-21,EXTRAORDINARIA,PRESENCIAL,PP,1
136214,1986,2025-10-21,EXTRAORDINARIA,PRESENCIAL,PP,1
136215,1986,2025-10-21,EXTRAORDINARIA,PRESENCIAL,PT,1
136216,1986,2025-10-21,EXTRAORDINARIA,PRESENCIAL,PRD,1
136217,1986,2025-10-21,EXTRAORDINARIA,PRESENCIAL,PL,1
136218,1986,2025-10-21,EXTRAORDINARIA,PRESENCIAL,PL,1
136219,1986,2025-10-21,EXTRAORDINARIA,PRESENCIAL,MDB,1
136220,1988,2025-10-22,ORDINARIA,PRESENCIAL,PT,1
136221,1988,2025-10-22,ORDINARIA,PRESENCIAL,REPUBLICANOS,1
136222,1988,2025-10-22,ORDINARIA,PRESENCIAL,PSOL,1
136223,1988,2025-10-22,ORDINARIA,PRESENCIAL,PT,1
136224,1988,2025-10-22,ORDINARIA,PRESENCIAL,AVANTE,1
136225,1988,2025-10-22,ORDINARIA,PRESENCIAL,REPUBLICANOS,1
136226,1988,2025-10-22,ORDINARIA,PRESENCIAL,PSOL,1
136227,1988,2025-10-22,ORDINARIA,PRESENCIAL,PP,1
136228,1988,2025-10-22,ORDINARIA,PRESENCIAL,PT,1
136229,1988,2025-10-22,ORDINARIA,PRESENCIAL,PRD,1
136230,1988,2025-10-22,ORDINARIA,PRESENCIAL,PL,1
136231,1988,2025-10-22,ORDINARIA,PRESENCIAL,MDB,1
136232,1989,2025-11-04,EXTRAORDINARIA,PRESENCIAL,PT,1
136233,1989,2025-11-04,EXTRAORDINARIA,PRESENCIAL,MDB,1
136234,1989,2025-11-04,EXTRAORDINARIA,PRESENCIAL,PSB,1
136235,1989,2025-11-04,EXTRAORDINARIA,PRESENCIAL,UNIÃO,1
136236,1989,2025-11-04,EXTRAORDINARIA,PRESENCIAL,PSOL,1
136237,1989,2025-11-04,EXTRAORDINARIA,PRESENCIAL,PT,1
136238,1989,2025-11-04,EXTRAORDINARIA,PRESENCIAL,MDB,1
136239,1989,2025-11-04,EXTRAORDINARIA,PRESENCIAL,MDB,1
136240,1989,2025-11-04,EXTRAORDINARIA,PRESENCIAL,PSD,1
136241,1989,2025-11-04,EXTRAORDINARIA,PRESENCIAL,REPUBLICANOS,1
136242,1989,2025-11-04,EXTRAORDINARIA,PRESENCIAL,PSOL,1
136243,1989,2025-11-04,EXTRAORDINARIA,PRESENCIAL,PP,1
136244,1989,2025-11-04,EXTRAORDINARIA,PRESENCIAL,CIDADANIA,1
136245,1989,2025-11-04,EXTRAORDINARIA,PRESENCIAL,PP,1
136246,1989,2025-11-04,EXTRAORDINARIA,PRESENCIAL,PT,1
136247,1989,2025-11-04,EXTRAORDINARIA,PRESENCIAL,PSD,1
136248,1989,2025-11-04,EXTRAORDINARIA,PRESENCIAL,PRD,1
136249,1989,2025-11-04,EXTRAORDINARIA,PRESENCIAL,PL,1
136250,1989,2025-11-04,EXTRAORDINARIA,PRESENCIAL,PL,1
136251,1989,2025-11-04,EXTRAORDINARIA,PRESENCIAL,MDB,1
136252,1990,2025-10-23,ORDINARIA,PRESENCIAL,PT,1
136253,1992,2025-10-29,ORDINARIA,PRESENCIAL,PT,1
136254,1992,2025-10-29,ORDINARIA,PRESENCIAL,REPUBLICANOS,1
136255,1992,2025-10-29,ORDINARIA,PRESENCIAL,UNIÃO,1
136256,1992,2025-10-29,ORDINARIA,PRESENCIAL,PSOL,1
136257,1992,2025-10-29,ORDINARIA,PRESENCIAL,PT,1
136258,1992,2025-10-29,ORDINARIA,PRESENCIAL,MDB,1
136259,1992,2025-10-29,ORDINARIA,PRESENCIAL,MDB,1
136260,1992,2025-10-29,ORDINARIA,PRESENCIAL,MDB,1
136261,1992,2025-10-29,ORDINARIA,PRESENCIAL,PL,1
136262,1992,2025-10-29,ORDINARIA,PRESENCIAL,PSD,1
136263,1992,2025-10-29,ORDINARIA,PRESENCIAL,AVANTE,1
136264,1992,2025-10-29,ORDINARIA,PRESENCIAL,REPUBLICANOS,1
136265,1992,2025-10-29,ORDINARIA,PRESENCIAL,PSOL,1
136266,1992,2025-10-29,ORDINARIA,PRESENCIAL,PP,1
136267,1992,2025-10-29,ORDINARIA,PRESENCIAL,CIDADANIA,1
136268,1992,2025-10-29,ORDINARIA,PRESENCIAL,PP,1
136269,1992,2025-10-29,ORDINARIA,PRESENCIAL,PRD,1
136270,1992,2025-10-29,ORDINARIA,PRESENCIAL,PL,1
136271,1992,2025-10-29,ORDINARIA,PRESENCIAL,MDB,1
136272,1994,2025-10-30,ORDINARIA,PRESENCIAL,PT,1
136273,1994,2025-10-30,ORDINARIA,PRESENCIAL,MDB,1
136274,1994,2025-10-30,ORDINARIA,PRESENCIAL,PL,1
136275,1994,2025-10-30,ORDINARIA,PRESENCIAL,REPUBLICANOS,1
136276,1994,2025-10-30,ORDINARIA,PRESENCIAL,CIDADANIA,1
136277,1995,2025-10-30,ORDINARIA,PRESENCIAL,PSOL,1
136278,1995,2025-10-30,ORDINARIA,PRESENCIAL,PP,1
136279,1995,2025-10-30,ORDINARIA,PRESENCIAL,CIDADANIA,1
136280,2000,2025-11-04,ORDINARIA,PRESENCIAL,PT,1
136281,2000,2025-11-04,ORDINARIA,PRESENCIAL,MDB,1
136282,2000,2025-11-04,ORDINARIA,PRESENCIAL,PSB,1
136283,2000,2025-11-04,ORDINARIA,PRESENCIAL,REPUBLICANOS,1
136284,2000,2025-11-04,ORDINARIA,PRESENCIAL,UNIÃO,1
136285,2000,2025-11-04,ORDINARIA,PRESENCIAL,PSOL,1
136286,2000,2025-11-04,ORDINARIA,PRESENCIAL,PT,1
136287,2000,2025-11-04,ORDINARIA,PRESENCIAL,MDB,1
136288,2000,2025-11-04,ORDINARIA,PRESENCIAL,MDB,1
136289,2000,2025-11-04,ORDINARIA,PRESENCIAL,PL,1
136290,2000,2025-11-04,ORDINARIA,PRESENCIAL,PSD,1
136291,2000,2025-11-04,ORDINARIA,PRESENCIAL,AVANTE,1
136292,2000,2025-11-04,ORDINARIA,PRESENCIAL,REPUBLICANOS,1
136293,2000,2025-11-04,ORDINARIA,PRESENCIAL,PSOL,1
136294,2000,2025-11-04,ORDINARIA,PRESENCIAL,PP,2
136295,2000,2025-11-04,ORDINARIA,PRESENCIAL,CIDADANIA,1
136296,2000,2025-11-04,ORDINARIA,PRESENCIAL,PP,1
136297,2000,2025-11-04,ORDINARIA,PRESENCIAL,PT,1
136298,2000,2025-11-04,ORDINARIA,PRESENCIAL,PSD,1
136299,2000,2025-11-04,ORDINARIA,PRESENCIAL,PRD,1
136300,2000,2025-11-04,ORDINARIA,PRESENCIAL,PL,1
136301,2000,2025-11-04,ORDINARIA,PRESENCIAL,PL,1
136302,2000,2025-11-04,ORDINARIA,PRESENCIAL,MDB,1
136303,2003,2025-11-05,ORDINARIA,PRESENCIAL,PT,1
136304,2003,2025-11-05,ORDINARIA,PRESENCIAL,MDB,1
136305,2003,2025-11-05,ORDINARIA,PRESENCIAL,PSB,1
136306,2003,2025-11-05,ORDINARIA,PRESENCIAL,REPUBLICANOS,1
136307,2003,2025-11-05,ORDINARIA,PRESENCIAL,UNIÃO,1
136308,2003,2025-11-05,ORDINARIA,PRESENCIAL,PSOL,1
136309,2003,2025-11-05,ORDINARIA,PRESENCIAL,PT,1
136310,2003,2025-11-05,ORDINARIA,PRESENCIAL,MDB,1
136311,2003,2025-11-05,ORDINARIA,PRESENCIAL,MDB,1
136312,2003,2025-11-05,ORDINARIA,PRESENCIAL,PSD,1
136313,2003,2025-11-05,ORDINARIA,PRESENCIAL,AVANTE,1
136314,2003,2025-11-05,ORDINARIA,PRESENCIAL,REPUBLICANOS,1
136315,2003,2025-11-05,ORDINARIA,PRESENCIAL,PSOL,1
136316,2003,2025-11-05,ORDINARIA,PRESENCIAL,PP,1
136317,2003,2025-11-05,ORDINARIA,PRESENCIAL,CIDADANIA,1
136318,2003,2025-11-05,ORDINARIA,PRESENCIAL,PP,1
136319,2003,2025-11-05,ORDINARIA,PRESENCIAL,PT,1
136320,2003,2025-11-05,ORDINARIA,PRESENCIAL,PSD,1
136321,2003,2025-11-05,ORDINARIA,PRESENCIAL,PL,1
136322,2003,2025-11-05,ORDINARIA,PRESENCIAL,PL,1
136323,2003,2025-11-05,ORDINARIA,PRESENCIAL,MDB,1
136324,2004,2025-11-11,EXTRAORDINARIA,PRESENCIAL,PT,1
136325,2004,2025-11-11,EXTRAORDINARIA,PRESENCIAL,REPUBLICANOS,2
136326,2004,2025-11-11,EXTRAORDINARIA,PRESENCIAL,UNIÃO,1
136327,2004,2025-11-11,EXTRAORDINARIA,PRESENCIAL,PSOL,2
136328,2004,2025-11-11,EXTRAORDINARIA,PRESENCIAL,PT,2
136329,2004,2025-11-11,EXTRAORDINARIA,PRESENCIAL,MDB,1
136330,2004,2025-11-11,EXTRAORDINARIA,PRESENCIAL,MDB,1
136331,2004,2025-11-11,EXTRAORDINARIA,PRESENCIAL,PL,1
136332,2004,2025-11-11,EXTRAORDINARIA,PRESENCIAL,PSD,1
136333,2004,2025-11-11,EXTRAORDINARIA,PRESENCIAL,AVANTE,1
136334,2004,2025-11-11,EXTRAORDINARIA,PRESENCIAL,REPUBLICANOS,1
136335,2004,2025-11-11,EXTRAORDINARIA,PRESENCIAL,PSOL,1
136336,2004,2025-11-11,EXTRAORDINARIA,PRESENCIAL,PP,1
136337,2004,2025-11-11,EXTRAORDINARIA,PRESENCIAL,PP,1
136338,2004,2025-11-11,EXTRAORDINARIA,PRESENCIAL,PT,1
136339,2004,2025-11-11,EXTRAORDINARIA,PRESENCIAL,PSD,1
136340,2004,2025-11-11,EXTRAORDINARIA,PRESENCIAL,PRD,1
136341,2004,2025-11-11,EXTRAORDINARIA,PRESENCIAL,PL,1
136342,2004,2025-11-11,EXTRAORDINARIA,PRESENCIAL,PL,1
136343,2004,2025-11-11,EXTRAORDINARIA,PRESENCIAL,MDB,1
136344,2006,2025-11-06,ORDINARIA,PRESENCIAL,PT,1
136345,2013,2025-11-11,ORDINARIA,PRESENCIAL,PT,2
136346,2013,2025-11-11,ORDINARIA,PRESENCIAL,PSB,2
136347,2013,2025-11-11,ORDINARIA,PRESENCIAL,REPUBLICANOS,1
136348,2013,2025-11-11,ORDINARIA,PRESENCIAL,UNIÃO,1
136349,2013,2025-11-11,ORDINARIA,PRESENCIAL,PSOL,2
136350,2013,2025-11-11,ORDINARIA,PRESENCIAL,PT,1
136351,2013,2025-11-11,ORDINARIA,PRESENCIAL,MDB,1
136352,2013,2025-11-11,ORDINARIA,PRESENCIAL,MDB,2
136353,2013,2025-11-11,ORDINARIA,PRESENCIAL,PL,2
136354,2013,2025-11-11,ORDINARIA,PRESENCIAL,PSD,1
136355,2013,2025-11-11,ORDINARIA,PRESENCIAL,AVANTE,2
136356,2013,2025-11-11,ORDINARIA,PRESENCIAL,REPUBLICANOS,1
136357,2013,2025-11-11,ORDINARIA,PRESENCIAL,PSOL,1
136358,2013,2025-11-11,ORDINARIA,PRESENCIAL,PP,2
136359,2013,2025-11-11,ORDINARIA,PRESENCIAL,PP,2
136360,2013,2025-11-11,ORDINARIA,PRESENCIAL,PT,2
136361,2013,2025-11-11,ORDINARIA,PRESENCIAL,PSD,1
136362,2013,2025-11-11,ORDINARIA,PRESENCIAL,PRD,2
136363,2013,2025-11-11,ORDINARIA,PRESENCIAL,PL,2
136364,2013,2025-11-11,ORDINARIA,PRESENCIAL,PL,2
136365,2013,2025-11-11,ORDINARIA,PRESENCIAL,MDB,2
136366,2014,2025-11-11,EXTRAORDINARIA,PRESENCIAL,PT,1
136367,2014,2025-11-11,EXTRAORDINARIA,PRESENCIAL,REPUBLICANOS,2
136368,2014,2025-11-11,EXTRAORDINARIA,PRESENCIAL,UNIÃO,1
136369,2014,2025-11-11,EXTRAORDINARIA,PRESENCIAL,PSOL,1
136370,2014,2025-11-11,EXTRAORDINARIA,PRESENCIAL,PT,1
136371,2014,2025-11-11,EXTRAORDINARIA,PRESENCIAL,MDB,2
136372,2014,2025-11-11,EXTRAORDINARIA,PRESENCIAL,MDB,1
136373,2014,2025-11-11,EXTRAORDINARIA,PRESENCIAL,PL,1
136374,2014,2025-11-11,EXTRAORDINARIA,PRESENCIAL,PSD,1
136375,2014,2025-11-11,EXTRAORDINARIA,PRESENCIAL,AVANTE,2
136376,2014,2025-11-11,EXTRAORDINARIA,PRESENCIAL,REPUBLICANOS,1
136377,2014,2025-11-11,EXTRAORDINARIA,PRESENCIAL,PSOL,1
136378,2014,2025-11-11,EXTRAORDINARIA,PRESENCIAL,PP,1
136379,2014,2025-11-11,EXTRAORDINARIA,PRESENCIAL,PP,1
136380,2014,2025-11-11,EXTRAORDINARIA,PRESENCIAL,PT,1
136381,2014,2025-11-11,EXTRAORDINARIA,PRESENCIAL,PSD,2
136382,2014,2025-11-11,EXTRAORDINARIA,PRESENCIAL,PRD,1
136383,2014,2025-11-11,EXTRAORDINARIA,PRESENCIAL,PL,1
136384,2014,2025-11-11,EXTRAORDINARIA,PRESENCIAL,PL,1
136385,2014,2025-11-11,EXTRAORDINARIA,PRESENCIAL,MDB,1
136386,2015,2025-11-11,EXTRAORDINARIA,PRESENCIAL,PT,1
136387,2015,2025-11-11,EXTRAORDINARIA,PRESENCIAL,UNIÃO,1
136388,2015,2025-11-11,EXTRAORDINARIA,PRESENCIAL,PT,1
136389,2015,2025-11-11,EXTRAORDINARIA,PRESENCIAL,MDB,1
136390,2015,2025-11-11,EXTRAORDINARIA,PRESENCIAL,PL,1
136391,2015,2025-11-11,EXTRAORDINARIA,PRESENCIAL,PSD,1
136392,2015,2025-11-11,EXTRAORDINARIA,PRESENCIAL,AVANTE,1
136393,2015,2025-11-11,EXTRAORDINARIA,PRESENCIAL,REPUBLICANOS,1
136394,2015,2025-11-11,EXTRAORDINARIA,PRESENCIAL,PSOL,1
136395,2015,2025-11-11,EXTRAORDINARIA,PRESENCIAL,PP,1
136396,2015,2025-11-11,EXTRAORDINARIA,PRESENCIAL,PT,1
136397,2015,2025-11-11,EXTRAORDINARIA,PRESENCIAL,PL,1
136398,2015,2025-11-11,EXTRAORDINARIA,PRESENCIAL,PL,1
136399,2015,2025-11-11,EXTRAORDINARIA,PRESENCIAL,MDB,1
136400,2018,2025-11-12,ORDINARIA,PRESENCIAL,PT,1
136401,2018,2025-11-12,ORDINARIA,PRESENCIAL,PSB,1
136402,2018,2025-11-12,ORDINARIA,PRESENCIAL,REPUBLICANOS,1
136403,2018,2025-11-12,ORDINARIA,PRESENCIAL,UNIÃO,1
136404,2018,2025-11-12,ORDINARIA,PRESENCIAL,PSOL,1
136405,2018,2025-11-12,ORDINARIA,PRESENCIAL,PT,1
136406,2018,2025-11-12,ORDINARIA,PRESENCIAL,MDB,1
136407,2018,2025-11-12,ORDINARIA,PRESENCIAL,MDB,1
136408,2018,2025-11-12,ORDINARIA,PRESENCIAL,PSOL,1
136409,2018,2025-11-12,ORDINARIA,PRESENCIAL,PP,1
136410,2018,2025-11-12,ORDINARIA,PRESENCIAL,PP,1
136411,2018,2025-11-12,ORDINARIA,PRESENCIAL,PT,1
136412,2018,2025-11-12,ORDINARIA,PRESENCIAL,PSD,1
136413,2018,2025-11-12,ORDINARIA,PRESENCIAL,PRD,1
136414,2018,2025-11-12,ORDINARIA,PRESENCIAL,PL,1
136415,2020,2025-11-13,ORDINARIA,PRESENCIAL,PP,1
136416,2020,2025-11-13,ORDINARIA,PRESENCIAL,PT,1
136417,2027,2025-11-18,ORDINARIA,PRESENCIAL,PT,1
136418,2027,2025-11-18,ORDINARIA,PRESENCIAL,REPUBLICANOS,1
136419,2027,2025-11-18,ORDINARIA,PRESENCIAL,PSOL,1
136420,2027,2025-11-18,ORDINARIA,PRESENCIAL,PT,1
136421,2027,2025-11-18,ORDINARIA,PRESENCIAL,MDB,1
136422,2027,2025-11-18,ORDINARIA,PRESENCIAL,MDB,1
136423,2027,2025-11-18,ORDINARIA,PRESENCIAL,MDB,1
136424,2027,2025-11-18,ORDINARIA,PRESENCIAL,REPUBLICANOS,1
136425,2027,2025-11-18,ORDINARIA,PRESENCIAL,PSOL,1
136426,2027,2025-11-18,ORDINARIA,PRESENCIAL,PP,1
136427,2027,2025-11-18,ORDINARIA,PRESENCIAL,CIDADANIA,1
136428,2027,2025-11-18,ORDINARIA,PRESENCIAL,PP,1
136429,2027,2025-11-18,ORDINARIA,PRESENCIAL,PT,1
136430,2027,2025-11-18,ORDINARIA,PRESENCIAL,PSD,1
136431,2027,2025-11-18,ORDINARIA,PRESENCIAL,PL,1
136432,2027,2025-11-18,ORDINARIA,PRESENCIAL,MDB,1
136433,2028,2025-11-25,EXTRAORDINARIA,PRESENCIAL,PT,1
136434,2028,2025-11-25,EXTRAORDINARIA,PRESENCIAL,MDB,1
136435,2028,2025-11-25,EXTRAORDINARIA,PRESENCIAL,PSB,1
136436,2028,2025-11-25,EXTRAORDINARIA,PRESENCIAL,REPUBLICANOS,1
136437,2028,2025-11-25,EXTRAORDINARIA,PRESENCIAL,UNIÃO,1
136438,2028,2025-11-25,EXTRAORDINARIA,PRESENCIAL,PSOL,1
136439,2028,2025-11-25,EXTRAORDINARIA,PRESENCIAL,PT,1
136440,2028,2025-11-25,EXTRAORDINARIA,PRESENCIAL,MDB,1
136441,2028,2025-11-25,EXTRAORDINARIA,PRESENCIAL,MDB,1
136442,2028,2025-11-25,EXTRAORDINARIA,PRESENCIAL,MDB,1
136443,2028,2025-11-25,EXTRAORDINARIA,PRESENCIAL,PL,1
136444,2028,2025-11-25,EXTRAORDINARIA,PRESENCIAL,AVANTE,1
136445,2028,2025-11-25,EXTRAORDINARIA,PRESENCIAL,REPUBLICANOS,1
136446,2028,2025-11-25,EXTRAORDINARIA,PRESENCIAL,PSOL,1
136447,2028,2025-11-25,EXTRAORDINARIA,PRESENCIAL,PP,1
136448,2028,2025-11-25,EXTRAORDINARIA,PRESENCIAL,CIDADANIA,1
136449,2028,2025-11-25,EXTRAORDINARIA,PRESENCIAL,PP,1
136450,2028,2025-11-25,EXTRAORDINARIA,PRESENCIAL,PT,1
136451,2028,2025-11-25,EXTRAORDINARIA,PRESENCIAL,PSD,1
136452,2028,2025-11-25,EXTRAORDINARIA,PRESENCIAL,PRD,1
136453,2028,2025-11-25,EXTRAORDINARIA,PRESENCIAL,PL,1
136454,2028,2025-11-25,EXTRAORDINARIA,PRESENCIAL,PL,1
136455,2028,2025-11-25,EXTRAORDINARIA,PRESENCIAL,MDB,1
136456,2030,2025-11-19,ORDINARIA,PRESENCIAL,PT,1
136457,2030,2025-11-19,ORDINARIA,PRESENCIAL,REPUBLICANOS,1
136458,2030,2025-11-19,ORDINARIA,PRESENCIAL,PSOL,1
136459,2030,2025-11-19,ORDINARIA,PRESENCIAL,MDB,1
136460,2030,2025-11-19,ORDINARIA,PRESENCIAL,MDB,1
136461,2030,2025-11-19,ORDINARIA,PRESENCIAL,PSD,1
136462,2030,2025-11-19,ORDINARIA,PRESENCIAL,REPUBLICANOS,1
136463,2030,2025-11-19,ORDINARIA,PRESENCIAL,PSOL,1
136464,2030,2025-11-19,ORDINARIA,PRESENCIAL,PT,1
136465,2030,2025-11-19,ORDINARIA,PRESENCIAL,PSD,1
136466,2030,2025-11-19,ORDINARIA,PRESENCIAL,PRD,1
136467,2034,2025-11-25,ORDINARIA,PRESENCIAL,PT,1
136468,2034,2025-11-25,ORDINARIA,PRESENCIAL,MDB,1
136469,2034,2025-11-25,ORDINARIA,PRESENCIAL,PSB,1
136470,2034,2025-11-25,ORDINARIA,PRESENCIAL,REPUBLICANOS,2
136471,2034,2025-11-25,ORDINARIA,PRESENCIAL,UNIÃO,2
136472,2034,2025-11-25,ORDINARIA,PRESENCIAL,PSOL,1
136473,2034,2025-11-25,ORDINARIA,PRESENCIAL,PT,1
136474,2034,2025-11-25,ORDINARIA,PRESENCIAL,MDB,1
136475,2034,2025-11-25,ORDINARIA,PRESENCIAL,MDB,1
136476,2034,2025-11-25,ORDINARIA,PRESENCIAL,MDB,1
136477,2034,2025-11-25,ORDINARIA,PRESENCIAL,PL,1
136478,2034,2025-11-25,ORDINARIA,PRESENCIAL,PSD,1
136479,2034,2025-11-25,ORDINARIA,PRESENCIAL,AVANTE,2
136480,2034,2025-11-25,ORDINARIA,PRESENCIAL,REPUBLICANOS,1
136481,2034,2025-11-25,ORDINARIA,PRESENCIAL,PSOL,1
136482,2034,2025-11-25,ORDINARIA,PRESENCIAL,PP,1
136483,2034,2025-11-25,ORDINARIA,PRESENCIAL,CIDADANIA,1
136484,2034,2025-11-25,ORDINARIA,PRESENCIAL,PP,1
136485,2034,2025-11-25,ORDINARIA,PRESENCIAL,PT,1
136486,2034,2025-11-25,ORDINARIA,PRESENCIAL,PSD,1
136487,2034,2025-11-25,ORDINARIA,PRESENCIAL,PRD,1
136488,2034,2025-11-25,ORDINARIA,PRESENCIAL,PL,1
136489,2034,2025-11-25,ORDINARIA,PRESENCIAL,PL,1
136490,2034,2025-11-25,ORDINARIA,PRESENCIAL,MDB,1
136491,2035,2025-11-26,EXTRAORDINARIA,PRESENCIAL,PT,1
136492,2035,2025-11-26,EXTRAORDINARIA,PRESENCIAL,MDB,1
136493,2035,2025-11-26,EXTRAORDINARIA,PRESENCIAL,PSB,1
136494,2035,2025-11-26,EXTRAORDINARIA,PRESENCIAL,UNIÃO,1
136495,2035,2025-11-26,EXTRAORDINARIA,PRESENCIAL,MDB,1
136496,2035,2025-11-26,EXTRAORDINARIA,PRESENCIAL,MDB,1
136497,2035,2025-11-26,EXTRAORDINARIA,PRESENCIAL,MDB,1
136498,2035,2025-11-26,EXTRAORDINARIA,PRESENCIAL,REPUBLICANOS,1
136499,2035,2025-11-26,EXTRAORDINARIA,PRESENCIAL,PSOL,1
136500,2035,2025-11-26,EXTRAORDINARIA,PRESENCIAL,PP,1
136501,2035,2025-11-26,EXTRAORDINARIA,PRESENCIAL,PP,1
136502,2035,2025-11-26,EXTRAORDINARIA,PRESENCIAL,PL,1
136503,2035,2025-11-26,EXTRAORDINARIA,PRESENCIAL,MDB,1
136504,2037,2025-11-26,ORDINARIA,PRESENCIAL,PT,1
136505,2037,2025-11-26,ORDINARIA,PRESENCIAL,MDB,1
136506,2037,2025-11-26,ORDINARIA,PRESENCIAL,PSB,1
136507,2037,2025-11-26,ORDINARIA,PRESENCIAL,UNIÃO,1
136508,2037,2025-11-26,ORDINARIA,PRESENCIAL,PSOL,1
136509,2037,2025-11-26,ORDINARIA,PRESENCIAL,PT,1
136510,2037,2025-11-26,ORDINARIA,PRESENCIAL,MDB,1
136511,2037,2025-11-26,ORDINARIA,PRESENCIAL,MDB,1
136512,2037,2025-11-26,ORDINARIA,PRESENCIAL,MDB,1
136513,2037,2025-11-26,ORDINARIA,PRESENCIAL,PSD,1
136514,2037,2025-11-26,ORDINARIA,PRESENCIAL,AVANTE,1
136515,2037,2025-11-26,ORDINARIA,PRESENCIAL,REPUBLICANOS,1
136516,2037,2025-11-26,ORDINARIA,PRESENCIAL,PSOL,1
136517,2037,2025-11-26,ORDINARIA,PRESENCIAL,PP,1
136518,2037,2025-11-26,ORDINARIA,PRESENCIAL,PP,1
136519,2037,2025-11-26,ORDINARIA,PRESENCIAL,PSD,1
136520,2037,2025-11-26,ORDINARIA,PRESENCIAL,PRD,2
136521,2037,2025-11-26,ORDINARIA,PRESENCIAL,PL,1
136522,2037,2025-11-26,ORDINARIA,PRESENCIAL,PL,1
136523,2037,2025-11-26,ORDINARIA,PRESENCIAL,MDB,1
136524,2038,2025-11-26,EXTRAORDINARIA,PRESENCIAL,PT,1
136525,2038,2025-11-26,EXTRAORDINARIA,PRESENCIAL,MDB,1
136526,2038,2025-11-26,EXTRAORDINARIA,PRESENCIAL,PSB,1
136527,2038,2025-11-26,EXTRAORDINARIA,PRESENCIAL,UNIÃO,1
136528,2038,2025-11-26,EXTRAORDINARIA,PRESENCIAL,MDB,1
136529,2038,2025-11-26,EXTRAORDINARIA,PRESENCIAL,MDB,1
136530,2038,2025-11-26,EXTRAORDINARIA,PRESENCIAL,MDB,1
136531,2038,2025-11-26,EXTRAORDINARIA,PRESENCIAL,REPUBLICANOS,1
136532,2038,2025-11-26,EXTRAORDINARIA,PRESENCIAL,PSOL,1
136533,2038,2025-11-26,EXTRAORDINARIA,PRESENCIAL,PP,1
136534,2038,2025-11-26,EXTRAORDINARIA,PRESENCIAL,PP,1
136535,2038,2025-11-26,EXTRAORDINARIA,PRESENCIAL,PL,1
136536,2038,2025-11-26,EXTRAORDINARIA,PRESENCIAL,MDB,1
136537,2039,2025-11-27,ORDINARIA,PRESENCIAL,MDB,1
136538,2040,2025-11-27,ORDINARIA,PRESENCIAL,PSOL,1
136539,2040,2025-11-27,ORDINARIA,PRESENCIAL,PL,1
136540,2045,2025-12-02,ORDINARIA,PRESENCIAL,PT,2
136541,2045,2025-12-02,ORDINARIA,PRESENCIAL,MDB,1
136542,2045,2025-12-02,ORDINARIA,PRESENCIAL,PSB,2
136543,2045,2025-12-02,ORDINARIA,PRESENCIAL,REPUBLICANOS,2
136544,2045,2025-12-02,ORDINARIA,PRESENCIAL,UNIÃO,2
136545,2045,2025-12-02,ORDINARIA,PRESENCIAL,PSOL,2
136546,2045,2025-12-02,ORDINARIA,PRESENCIAL,PT,2
136547,2045,2025-12-02,ORDINARIA,PRESENCIAL,MDB,2
136548,2045,2025-12-02,ORDINARIA,PRESENCIAL,MDB,2
136549,2045,2025-12-02,ORDINARIA,PRESENCIAL,MDB,2
136550,2045,2025-12-02,ORDINARIA,PRESENCIAL,PL,2
136551,2045,2025-12-02,ORDINARIA,PRESENCIAL,PSD,2
136552,2045,2025-12-02,ORDINARIA,PRESENCIAL,AVANTE,2
136553,2045,2025-12-02,ORDINARIA,PRESENCIAL,REPUBLICANOS,2
136554,2045,2025-12-02,ORDINARIA,PRESENCIAL,PSOL,1
136555,2045,2025-12-02,ORDINARIA,PRESENCIAL,PP,2
136556,2045,2025-12-02,ORDINARIA,PRESENCIAL,CIDADANIA,1
136557,2045,2025-12-02,ORDINARIA,PRESENCIAL,PP,2
136558,2045,2025-12-02,ORDINARIA,PRESENCIAL,PSD,1
136559,2045,2025-12-02,ORDINARIA,PRESENCIAL,PRD,2
136560,2045,2025-12-02,ORDINARIA,PRESENCIAL,PL,1
136561,2045,2025-12-02,ORDINARIA,PRESENCIAL,MDB,2
136562,2046,2025-12-02,EXTRAORDINARIA,PRESENCIAL,PSB,1
136563,2046,2025-12-02,EXTRAORDINARIA,PRESENCIAL,REPUBLICANOS,1
136564,2046,2025-12-02,EXTRAORDINARIA,PRESENCIAL,UNIÃO,1
136565,2046,2025-12-02,EXTRAORDINARIA,PRESENCIAL,PSOL,1
136566,2046,2025-12-02,EXTRAORDINARIA,PRESENCIAL,PT,1
136567,2046,2025-12-02,EXTRAORDINARIA,PRESENCIAL,MDB,1
136568,2046,2025-12-02,EXTRAORDINARIA,PRESENCIAL,MDB,1
136569,2046,2025-12-02,EXTRAORDINARIA,PRESENCIAL,MDB,1
136570,2046,2025-12-02,EXTRAORDINARIA,PRESENCIAL,PSD,1
136571,2046,2025-12-02,EXTRAORDINARIA,PRESENCIAL,AVANTE,1
136572,2046,2025-12-02,EXTRAORDINARIA,PRESENCIAL,REPUBLICANOS,1
136573,2046,2025-12-02,EXTRAORDINARIA,PRESENCIAL,PSOL,1
136574,2046,2025-12-02,EXTRAORDINARIA,PRESENCIAL,PP,1
136575,2046,2025-12-02,EXTRAORDINARIA,PRESENCIAL,PRD,1
136576,2046,2025-12-02,EXTRAORDINARIA,PRESENCIAL,PL,1
136577,2046,2025-12-02,EXTRAORDINARIA,PRESENCIAL,MDB,1
136578,2047,2025-12-03,EXTRAORDINARIA,PRESENCIAL,PT,1
136579,2047,2025-12-03,EXTRAORDINARIA,PRESENCIAL,MDB,1
136580,2047,2025-12-03,EXTRAORDINARIA,PRESENCIAL,REPUBLICANOS,1
136581,2047,2025-12-03,EXTRAORDINARIA,PRESENCIAL,UNIÃO,1
136582,2047,2025-12-03,EXTRAORDINARIA,PRESENCIAL,PSOL,1
136583,2047,2025-12-03,EXTRAORDINARIA,PRESENCIAL,PT,1
136584,2047,2025-12-03,EXTRAORDINARIA,PRESENCIAL,MDB,1
136585,2047,2025-12-03,EXTRAORDINARIA,PRESENCIAL,MDB,1
136586,2047,2025-12-03,EXTRAORDINARIA,PRESENCIAL,MDB,1
136587,2047,2025-12-03,EXTRAORDINARIA,PRESENCIAL,PL,1
136588,2047,2025-12-03,EXTRAORDINARIA,PRESENCIAL,AVANTE,1
136589,2047,2025-12-03,EXTRAORDINARIA,PRESENCIAL,REPUBLICANOS,1
136590,2047,2025-12-03,EXTRAORDINARIA,PRESENCIAL,PSOL,1
136591,2047,2025-12-03,EXTRAORDINARIA,PRESENCIAL,PP,1
136592,2047,2025-12-03,EXTRAORDINARIA,PRESENCIAL,PT,1
136593,2047,2025-12-03,EXTRAORDINARIA,PRESENCIAL,PSD,1
136594,2047,2025-12-03,EXTRAORDINARIA,PRESENCIAL,PRD,1
136595,2047,2025-12-03,EXTRAORDINARIA,PRESENCIAL,PL,1
136596,2047,2025-12-03,EXTRAORDINARIA,PRESENCIAL,PL,2
136597,2047,2025-12-03,EXTRAORDINARIA,PRESENCIAL,MDB,1
136598,2050,2025-12-03,ORDINARIA,PRESENCIAL,PT,1
136599,2050,2025-12-03,ORDINARIA,PRESENCIAL,MDB,2
136600,2050,2025-12-03,ORDINARIA,PRESENCIAL,PSB,1
136601,2050,2025-12-03,ORDINARIA,PRESENCIAL,REPUBLICANOS,1
136602,2050,2025-12-03,ORDINARIA,PRESENCIAL,UNIÃO,2
136603,2050,2025-12-03,ORDINARIA,PRESENCIAL,PSOL,2
136604,2050,2025-12-03,ORDINARIA,PRESENCIAL,PT,1
136605,2050,2025-12-03,ORDINARIA,PRESENCIAL,MDB,1
136606,2050,2025-12-03,ORDINARIA,PRESENCIAL,MDB,1
136607,2050,2025-12-03,ORDINARIA,PRESENCIAL,MDB,1
136608,2050,2025-12-03,ORDINARIA,PRESENCIAL,PL,1
136609,2050,2025-12-03,ORDINARIA,PRESENCIAL,AVANTE,1
136610,2050,2025-12-03,ORDINARIA,PRESENCIAL,REPUBLICANOS,1
136611,2050,2025-12-03,ORDINARIA,PRESENCIAL,PSOL,1
136612,2050,2025-12-03,ORDINARIA,PRESENCIAL,PP,1
136613,2050,2025-12-03,ORDINARIA,PRESENCIAL,PT,1
136614,2050,2025-12-03,ORDINARIA,PRESENCIAL,PSD,1
136615,2050,2025-12-03,ORDINARIA,PRESENCIAL,PRD,1
136616,2050,2025-12-03,ORDINARIA,PRESENCIAL,PL,1
136617,2050,2025-12-03,ORDINARIA,PRESENCIAL,PL,1
136618,2050,2025-12-03,ORDINARIA,PRESENCIAL,MDB,1
136619,2053,2025-12-04,ORDINARIA,PRESENCIAL,CIDADANIA,1
136620,2057,2025-12-09,ORDINARIA,PRESENCIAL,PT,1
136621,2057,2025-12-09,ORDINARIA,PRESENCIAL,MDB,1
136622,2057,2025-12-09,ORDINARIA,PRESENCIAL,PSB,1
136623,2057,2025-12-09,ORDINARIA,PRESENCIAL,REPUBLICANOS,1
136624,2057,2025-12-09,ORDINARIA,PRESENCIAL,UNIÃO,1
136625,2057,2025-12-09,ORDINARIA,PRESENCIAL,PSOL,1
136626,2057,2025-12-09,ORDINARIA,PRESENCIAL,PT,2
136627,2057,2025-12-09,ORDINARIA,PRESENCIAL,MDB,1
136628,2057,2025-12-09,ORDINARIA,PRESENCIAL,MDB,1
136629,2057,2025-12-09,ORDINARIA,PRESENCIAL,MDB,1
136630,2057,2025-12-09,ORDINARIA,PRESENCIAL,PL,1
136631,2057,2025-12-09,ORDINARIA,PRESENCIAL,PSD,1
136632,2057,2025-12-09,ORDINARIA,PRESENCIAL,AVANTE,1
136633,2057,2025-12-09,ORDINARIA,PRESENCIAL,REPUBLICANOS,2
136634,2057,2025-12-09,ORDINARIA,PRESENCIAL,PSOL,2
136635,2057,2025-12-09,ORDINARIA,PRESENCIAL,PP,1
136636,2057,2025-12-09,ORDINARIA,PRESENCIAL,INVÁLIDO,1
136637,2057,2025-12-09,ORDINARIA,PRESENCIAL,PP,1
136638,2057,2025-12-09,ORDINARIA,PRESENCIAL,PT,2
136639,2057,2025-12-09,ORDINARIA,PRESENCIAL,PSD,1
136640,2057,2025-12-09,ORDINARIA,PRESENCIAL,PRD,1
136641,2057,2025-12-09,ORDINARIA,PRESENCIAL,PL,1
136642,2057,2025-12-09,ORDINARIA,PRESENCIAL,PL,1
136643,2057,2025-12-09,ORDINARIA,PRESENCIAL,MDB,2
136644,2058,2025-12-09,EXTRAORDINARIA,PRESENCIAL,PT,1
136645,2058,2025-12-09,EXTRAORDINARIA,PRESENCIAL,PSB,1
136646,2058,2025-12-09,EXTRAORDINARIA,PRESENCIAL,REPUBLICANOS,1
136647,2058,2025-12-09,EXTRAORDINARIA,PRESENCIAL,UNIÃO,1
136648,2058,2025-12-09,EXTRAORDINARIA,PRESENCIAL,PSOL,1
136649,2058,2025-12-09,EXTRAORDINARIA,PRESENCIAL,PT,1
136650,2058,2025-12-09,EXTRAORDINARIA,PRESENCIAL,MDB,1
136651,2058,2025-12-09,EXTRAORDINARIA,PRESENCIAL,MDB,1
136652,2058,2025-12-09,EXTRAORDINARIA,PRESENCIAL,MDB,1
136653,2058,2025-12-09,EXTRAORDINARIA,PRESENCIAL,PL,1
136654,2058,2025-12-09,EXTRAORDINARIA,PRESENCIAL,PSD,1
136655,2058,2025-12-09,EXTRAORDINARIA,PRESENCIAL,AVANTE,1
136656,2058,2025-12-09,EXTRAORDINARIA,PRESENCIAL,REPUBLICANOS,1
136657,2058,2025-12-09,EXTRAORDINARIA,PRESENCIAL,PSOL,1
136658,2058,2025-12-09,EXTRAORDINARIA,PRESENCIAL,PP,1
136659,2058,2025-12-09,EXTRAORDINARIA,PRESENCIAL,INVÁLIDO,1
136660,2058,2025-12-09,EXTRAORDINARIA,PRESENCIAL,PP,1
136661,2058,2025-12-09,EXTRAORDINARIA,PRESENCIAL,PT,1
136662,2058,2025-12-09,EXTRAORDINARIA,PRESENCIAL,PSD,1
136663,2058,2025-12-09,EXTRAORDINARIA,PRESENCIAL,PRD,1
136664,2058,2025-12-09,EXTRAORDINARIA,PRESENCIAL,PL,1
136665,2058,2025-12-09,EXTRAORDINARIA,PRESENCIAL,PL,1
136666,2058,2025-12-09,EXTRAORDINARIA,PRESENCIAL,MDB,1
136667,2060,2025-12-10,EXTRAORDINARIA,PRESENCIAL,PT,1
136668,2060,2025-12-10,EXTRAORDINARIA,PRESENCIAL,MDB,1
136669,2060,2025-12-10,EXTRAORDINARIA,PRESENCIAL,PSB,1
136670,2060,2025-12-10,EXTRAORDINARIA,PRESENCIAL,REPUBLICANOS,1
136671,2060,2025-12-10,EXTRAORDINARIA,PRESENCIAL,UNIÃO,1
136672,2060,2025-12-10,EXTRAORDINARIA,PRESENCIAL,PSOL,2
136673,2060,2025-12-10,EXTRAORDINARIA,PRESENCIAL,PT,1
136674,2060,2025-12-10,EXTRAORDINARIA,PRESENCIAL,MDB,1
136675,2060,2025-12-10,EXTRAORDINARIA,PRESENCIAL,MDB,1
136676,2060,2025-12-10,EXTRAORDINARIA,PRESENCIAL,MDB,1
136677,2060,2025-12-10,EXTRAORDINARIA,PRESENCIAL,PL,1
136678,2060,2025-12-10,EXTRAORDINARIA,PRESENCIAL,PSD,1
136679,2060,2025-12-10,EXTRAORDINARIA,PRESENCIAL,AVANTE,1
136680,2060,2025-12-10,EXTRAORDINARIA,PRESENCIAL,REPUBLICANOS,1
136681,2060,2025-12-10,EXTRAORDINARIA,PRESENCIAL,PSOL,1
136682,2060,2025-12-10,EXTRAORDINARIA,PRESENCIAL,PP,1
136683,2060,2025-12-10,EXTRAORDINARIA,PRESENCIAL,INVÁLIDO,1
136684,2060,2025-12-10,EXTRAORDINARIA,PRESENCIAL,PP,1
136685,2060,2025-12-10,EXTRAORDINARIA,PRESENCIAL,PT,1
136686,2060,2025-12-10,EXTRAORDINARIA,PRESENCIAL,PSD,1
136687,2060,2025-12-10,EXTRAORDINARIA,PRESENCIAL,PRD,1
136688,2060,2025-12-10,EXTRAORDINARIA,PRESENCIAL,PL,1
136689,2060,2025-12-10,EXTRAORDINARIA,PRESENCIAL,PL,1
136690,2060,2025-12-10,EXTRAORDINARIA,PRESENCIAL,MDB,1
136691,2061,2025-12-10,EXTRAORDINARIA,PRESENCIAL,PT,2
136692,2061,2025-12-10,EXTRAORDINARIA,PRESENCIAL,MDB,2
136693,2061,2025-12-10,EXTRAORDINARIA,PRESENCIAL,PSB,2
136694,2061,2025-12-10,EXTRAORDINARIA,PRESENCIAL,REPUBLICANOS,1
136695,2061,2025-12-10,EXTRAORDINARIA,PRESENCIAL,UNIÃO,1
136696,2061,2025-12-10,EXTRAORDINARIA,PRESENCIAL,PSOL,2
136697,2061,2025-12-10,EXTRAORDINARIA,PRESENCIAL,PT,2
136698,2061,2025-12-10,EXTRAORDINARIA,PRESENCIAL,MDB,1
136699,2061,2025-12-10,EXTRAORDINARIA,PRESENCIAL,MDB,1
136700,2061,2025-12-10,EXTRAORDINARIA,PRESENCIAL,MDB,2
136701,2061,2025-12-10,EXTRAORDINARIA,PRESENCIAL,PL,1
136702,2061,2025-12-10,EXTRAORDINARIA,PRESENCIAL,PSD,2
136703,2061,2025-12-10,EXTRAORDINARIA,PRESENCIAL,AVANTE,2
136704,2061,2025-12-10,EXTRAORDINARIA,PRESENCIAL,REPUBLICANOS,2
136705,2061,2025-12-10,EXTRAORDINARIA,PRESENCIAL,PSOL,2
136706,2061,2025-12-10,EXTRAORDINARIA,PRESENCIAL,PP,1
136707,2061,2025-12-10,EXTRAORDINARIA,PRESENCIAL,INVÁLIDO,2
136708,2061,2025-12-10,EXTRAORDINARIA,PRESENCIAL,PP,2
136709,2061,2025-12-10,EXTRAORDINARIA,PRESENCIAL,PT,2
136710,2061,2025-12-10,EXTRAORDINARIA,PRESENCIAL,PSD,2
136711,2061,2025-12-10,EXTRAORDINARIA,PRESENCIAL,PRD,2
136712,2061,2025-12-10,EXTRAORDINARIA,PRESENCIAL,PL,1
136713,2061,2025-12-10,EXTRAORDINARIA,PRESENCIAL,PL,1
136714,2061,2025-12-10,EXTRAORDINARIA,PRESENCIAL,MDB,2
136715,2062,2025-12-10,EXTRAORDINARIA,PRESENCIAL,PT,1
136716,2062,2025-12-10,EXTRAORDINARIA,PRESENCIAL,MDB,1
136717,2062,2025-12-10,EXTRAORDINARIA,PRESENCIAL,PSB,1
136718,2062,2025-12-10,EXTRAORDINARIA,PRESENCIAL,REPUBLICANOS,1
136719,2062,2025-12-10,EXTRAORDINARIA,PRESENCIAL,UNIÃO,1
136720,2062,2025-12-10,EXTRAORDINARIA,PRESENCIAL,PSOL,1
136721,2062,2025-12-10,EXTRAORDINARIA,PRESENCIAL,PT,1
136722,2062,2025-12-10,EXTRAORDINARIA,PRESENCIAL,MDB,1
136723,2062,2025-12-10,EXTRAORDINARIA,PRESENCIAL,MDB,1
136724,2062,2025-12-10,EXTRAORDINARIA,PRESENCIAL,MDB,1
136725,2062,2025-12-10,EXTRAORDINARIA,PRESENCIAL,PSD,1
136726,2062,2025-12-10,EXTRAORDINARIA,PRESENCIAL,AVANTE,1
136727,2062,2025-12-10,EXTRAORDINARIA,PRESENCIAL,REPUBLICANOS,1
136728,2062,2025-12-10,EXTRAORDINARIA,PRESENCIAL,PSOL,1
136729,2062,2025-12-10,EXTRAORDINARIA,PRESENCIAL,INVÁLIDO,1
136730,2062,2025-12-10,EXTRAORDINARIA,PRESENCIAL,PP,1
136731,2062,2025-12-10,EXTRAORDINARIA,PRESENCIAL,PT,1
136732,2062,2025-12-10,EXTRAORDINARIA,PRESENCIAL,PSD,1
136733,2062,2025-12-10,EXTRAORDINARIA,PRESENCIAL,PRD,1
136734,2062,2025-12-10,EXTRAORDINARIA,PRESENCIAL,PL,1
136735,2062,2025-12-10,EXTRAORDINARIA,PRESENCIAL,MDB,1
136736,2065,2025-12-15,ORDINARIA,PRESENCIAL,PT,1
136737,2065,2025-12-15,ORDINARIA,PRESENCIAL,MDB,1
136738,2065,2025-12-15,ORDINARIA,PRESENCIAL,PL,1
136739,2065,2025-12-15,ORDINARIA,PRESENCIAL,REPUBLICANOS,1
136740,2065,2025-12-15,ORDINARIA,PRESENCIAL,INVÁLIDO,1
136741,2066,2025-12-23,EXTRAORDINARIA,PRESENCIAL,PT,1
136742,2066,2025-12-23,EXTRAORDINARIA,PRESENCIAL,MDB,1
136743,2066,2025-12-23,EXTRAORDINARIA,PRESENCIAL,PSB,1
136744,2066,2025-12-23,EXTRAORDINARIA,PRESENCIAL,REPUBLICANOS,1
136745,2066,2025-12-23,EXTRAORDINARIA,PRESENCIAL,UNIÃO,1
136746,2066,2025-12-23,EXTRAORDINARIA,PRESENCIAL,PSOL,1
136747,2066,2025-12-23,EXTRAORDINARIA,PRESENCIAL,PT,1
136748,2066,2025-12-23,EXTRAORDINARIA,PRESENCIAL,MDB,1
136749,2066,2025-12-23,EXTRAORDINARIA,PRESENCIAL,MDB,1
136750,2066,2025-12-23,EXTRAORDINARIA,PRESENCIAL,MDB,1
136751,2066,2025-12-23,EXTRAORDINARIA,PRESENCIAL,PL,1
136752,2066,2025-12-23,EXTRAORDINARIA,PRESENCIAL,PSD,1
136753,2066,2025-12-23,EXTRAORDINARIA,PRESENCIAL,AVANTE,1
136754,2066,2025-12-23,EXTRAORDINARIA,PRESENCIAL,REPUBLICANOS,1
136755,2066,2025-12-23,EXTRAORDINARIA,PRESENCIAL,PSOL,1
136756,2066,2025-12-23,EXTRAORDINARIA,PRESENCIAL,PP,1
136757,2066,2025-12-23,EXTRAORDINARIA,PRESENCIAL,INVÁLIDO,1
136758,2066,2025-12-23,EXTRAORDINARIA,PRESENCIAL,PP,1
136759,2066,2025-12-23,EXTRAORDINARIA,PRESENCIAL,PT,1
136760,2066,2025-12-23,EXTRAORDINARIA,PRESENCIAL,PSD,1
136761,2066,2025-12-23,EXTRAORDINARIA,PRESENCIAL,PRD,1
136762,2066,2025-12-23,EXTRAORDINARIA,PRESENCIAL,PL,1
136763,2066,2025-12-23,EXTRAORDINARIA,PRESENCIAL,PL,1
136764,2066,2025-12-23,EXTRAORDINARIA,PRESENCIAL,MDB,1
136765,2067,2025-12-23,EXTRAORDINARIA,PRESENCIAL,PT,1
136766,2067,2025-12-23,EXTRAORDINARIA,PRESENCIAL,MDB,1
136767,2067,2025-12-23,EXTRAORDINARIA,PRESENCIAL,PSB,1
136768,2067,2025-12-23,EXTRAORDINARIA,PRESENCIAL,REPUBLICANOS,1
136769,2067,2025-12-23,EXTRAORDINARIA,PRESENCIAL,UNIÃO,1
136770,2067,2025-12-23,EXTRAORDINARIA,PRESENCIAL,PSOL,1
136771,2067,2025-12-23,EXTRAORDINARIA,PRESENCIAL,PT,1
136772,2067,2025-12-23,EXTRAORDINARIA,PRESENCIAL,MDB,1
136773,2067,2025-12-23,EXTRAORDINARIA,PRESENCIAL,MDB,1
136774,2067,2025-12-23,EXTRAORDINARIA,PRESENCIAL,MDB,1
136775,2067,2025-12-23,EXTRAORDINARIA,PRESENCIAL,PSD,1
136776,2067,2025-12-23,EXTRAORDINARIA,PRESENCIAL,AVANTE,1
136777,2067,2025-12-23,EXTRAORDINARIA,PRESENCIAL,REPUBLICANOS,1
136778,2067,2025-12-23,EXTRAORDINARIA,PRESENCIAL,PSOL,1
136779,2067,2025-12-23,EXTRAORDINARIA,PRESENCIAL,PP,1
136780,2067,2025-12-23,EXTRAORDINARIA,PRESENCIAL,INVÁLIDO,1
136781,2067,2025-12-23,EXTRAORDINARIA,PRESENCIAL,PP,1
136782,2067,2025-12-23,EXTRAORDINARIA,PRESENCIAL,PT,1
136783,2067,2025-12-23,EXTRAORDINARIA,PRESENCIAL,PSD,1
136784,2067,2025-12-23,EXTRAORDINARIA,PRESENCIAL,PRD,1
136785,2067,2025-12-23,EXTRAORDINARIA,PRESENCIAL,PL,1
136786,2067,2025-12-23,EXTRAORDINARIA,PRESENCIAL,PL,1
136787,2067,2025-12-23,EXTRAORDINARIA,PRESENCIAL,MDB,1
136788,2069,2026-02-03,ORDINARIA,PRESENCIAL,PT,1
136789,2069,2026-02-03,ORDINARIA,PRESENCIAL,PSB,1
136790,2069,2026-02-03,ORDINARIA,PRESENCIAL,UNIÃO,1
136791,2069,2026-02-03,ORDINARIA,PRESENCIAL,PSOL,1
136792,2069,2026-02-03,ORDINARIA,PRESENCIAL,PT,1
136793,2069,2026-02-03,ORDINARIA,PRESENCIAL,MDB,1
136794,2069,2026-02-03,ORDINARIA,PRESENCIAL,MDB,1
136795,2069,2026-02-03,ORDINARIA,PRESENCIAL,MDB,1
136796,2069,2026-02-03,ORDINARIA,PRESENCIAL,PL,1
136797,2069,2026-02-03,ORDINARIA,PRESENCIAL,PSD,1
136798,2069,2026-02-03,ORDINARIA,PRESENCIAL,AVANTE,1
136799,2069,2026-02-03,ORDINARIA,PRESENCIAL,PSOL,1
136800,2069,2026-02-03,ORDINARIA,PRESENCIAL,PP,1
136801,2069,2026-02-03,ORDINARIA,PRESENCIAL,INVÁLIDO,1
136802,2069,2026-02-03,ORDINARIA,PRESENCIAL,PP,1
136803,2069,2026-02-03,ORDINARIA,PRESENCIAL,PT,1
136804,2069,2026-02-03,ORDINARIA,PRESENCIAL,PSD,1
136805,2069,2026-02-03,ORDINARIA,PRESENCIAL,PRD,1
136806,2069,2026-02-03,ORDINARIA,PRESENCIAL,PL,1
136807,2069,2026-02-03,ORDINARIA,PRESENCIAL,PL,1
136808,2069,2026-02-03,ORDINARIA,PRESENCIAL,MDB,1
136809,2070,2026-02-04,ORDINARIA,PRESENCIAL,PT,1
136810,2070,2026-02-04,ORDINARIA,PRESENCIAL,REPUBLICANOS,1
136811,2070,2026-02-04,ORDINARIA,PRESENCIAL,UNIÃO,1
136812,2070,2026-02-04,ORDINARIA,PRESENCIAL,PSOL,1
136813,2070,2026-02-04,ORDINARIA,PRESENCIAL,PT,1
136814,2070,2026-02-04,ORDINARIA,PRESENCIAL,MDB,1
136815,2070,2026-02-04,ORDINARIA,PRESENCIAL,MDB,1
136816,2070,2026-02-04,ORDINARIA,PRESENCIAL,PL,1
136817,2070,2026-02-04,ORDINARIA,PRESENCIAL,PSD,1
136818,2070,2026-02-04,ORDINARIA,PRESENCIAL,AVANTE,1
136819,2070,2026-02-04,ORDINARIA,PRESENCIAL,PSOL,1
136820,2070,2026-02-04,ORDINARIA,PRESENCIAL,PP,1
136821,2070,2026-02-04,ORDINARIA,PRESENCIAL,INVÁLIDO,1
136822,2070,2026-02-04,ORDINARIA,PRESENCIAL,PP,1
136823,2070,2026-02-04,ORDINARIA,PRESENCIAL,PT,1
136824,2070,2026-02-04,ORDINARIA,PRESENCIAL,PSD,1
136825,2070,2026-02-04,ORDINARIA,PRESENCIAL,PRD,1
136826,2070,2026-02-04,ORDINARIA,PRESENCIAL,PL,1
136827,2070,2026-02-04,ORDINARIA,PRESENCIAL,PL,1
136828,2072,2026-02-05,ORDINARIA,PRESENCIAL,PT,1
136829,2074,2026-02-10,ORDINARIA,PRESENCIAL,PT,1
136830,2074,2026-02-10,ORDINARIA,PRESENCIAL,PSB,1
136831,2074,2026-02-10,ORDINARIA,PRESENCIAL,REPUBLICANOS,1
136832,2074,2026-02-10,ORDINARIA,PRESENCIAL,UNIÃO,1
136833,2074,2026-02-10,ORDINARIA,PRESENCIAL,PSOL,1
136834,2074,2026-02-10,ORDINARIA,PRESENCIAL,PT,1
136835,2074,2026-02-10,ORDINARIA,PRESENCIAL,MDB,1
136836,2074,2026-02-10,ORDINARIA,PRESENCIAL,MDB,1
136837,2074,2026-02-10,ORDINARIA,PRESENCIAL,MDB,1
136838,2074,2026-02-10,ORDINARIA,PRESENCIAL,PL,1
136839,2074,2026-02-10,ORDINARIA,PRESENCIAL,PSD,1
136840,2074,2026-02-10,ORDINARIA,PRESENCIAL,AVANTE,1
136841,2074,2026-02-10,ORDINARIA,PRESENCIAL,REPUBLICANOS,1
136842,2074,2026-02-10,ORDINARIA,PRESENCIAL,PSOL,1
136843,2074,2026-02-10,ORDINARIA,PRESENCIAL,PP,1
136844,2074,2026-02-10,ORDINARIA,PRESENCIAL,INVÁLIDO,1
136845,2074,2026-02-10,ORDINARIA,PRESENCIAL,PT,1
136846,2074,2026-02-10,ORDINARIA,PRESENCIAL,PSD,1
136847,2074,2026-02-10,ORDINARIA,PRESENCIAL,PRD,1
136848,2074,2026-02-10,ORDINARIA,PRESENCIAL,PL,1
136849,2074,2026-02-10,ORDINARIA,PRESENCIAL,PL,1
136850,2074,2026-02-10,ORDINARIA,PRESENCIAL,MDB,1
136851,2075,2026-02-10,EXTRAORDINARIA,PRESENCIAL,PT,1
136852,2075,2026-02-10,EXTRAORDINARIA,PRESENCIAL,PSB,1
136853,2075,2026-02-10,EXTRAORDINARIA,PRESENCIAL,REPUBLICANOS,1
136854,2075,2026-02-10,EXTRAORDINARIA,PRESENCIAL,UNIÃO,1
136855,2075,2026-02-10,EXTRAORDINARIA,PRESENCIAL,PSOL,1
136856,2075,2026-02-10,EXTRAORDINARIA,PRESENCIAL,PT,1
136857,2075,2026-02-10,EXTRAORDINARIA,PRESENCIAL,MDB,1
136858,2075,2026-02-10,EXTRAORDINARIA,PRESENCIAL,MDB,1
136859,2075,2026-02-10,EXTRAORDINARIA,PRESENCIAL,MDB,1
136860,2075,2026-02-10,EXTRAORDINARIA,PRESENCIAL,PSD,1
136861,2075,2026-02-10,EXTRAORDINARIA,PRESENCIAL,AVANTE,1
136862,2075,2026-02-10,EXTRAORDINARIA,PRESENCIAL,REPUBLICANOS,1
136863,2075,2026-02-10,EXTRAORDINARIA,PRESENCIAL,PSOL,1
136864,2075,2026-02-10,EXTRAORDINARIA,PRESENCIAL,INVÁLIDO,1
136865,2075,2026-02-10,EXTRAORDINARIA,PRESENCIAL,PL,1
136866,2075,2026-02-10,EXTRAORDINARIA,PRESENCIAL,MDB,1
136867,2078,2026-02-11,ORDINARIA,PRESENCIAL,REPUBLICANOS,1
136868,2078,2026-02-11,ORDINARIA,PRESENCIAL,UNIÃO,1
136869,2078,2026-02-11,ORDINARIA,PRESENCIAL,PSOL,1
136870,2078,2026-02-11,ORDINARIA,PRESENCIAL,PT,1
136871,2078,2026-02-11,ORDINARIA,PRESENCIAL,MDB,1
136872,2078,2026-02-11,ORDINARIA,PRESENCIAL,REPUBLICANOS,1
136873,2078,2026-02-11,ORDINARIA,PRESENCIAL,PSOL,1
136874,2078,2026-02-11,ORDINARIA,PRESENCIAL,PP,1
136875,2078,2026-02-11,ORDINARIA,PRESENCIAL,PT,1
136876,2078,2026-02-11,ORDINARIA,PRESENCIAL,PRD,1
136877,2079,2026-03-03,EXTRAORDINARIA,PRESENCIAL,PT,1
136878,2079,2026-03-03,EXTRAORDINARIA,PRESENCIAL,MDB,1
136879,2079,2026-03-03,EXTRAORDINARIA,PRESENCIAL,PSB,1
136880,2079,2026-03-03,EXTRAORDINARIA,PRESENCIAL,REPUBLICANOS,1
136881,2079,2026-03-03,EXTRAORDINARIA,PRESENCIAL,UNIÃO,1
136882,2079,2026-03-03,EXTRAORDINARIA,PRESENCIAL,PSOL,1
136883,2079,2026-03-03,EXTRAORDINARIA,PRESENCIAL,PT,1
136884,2079,2026-03-03,EXTRAORDINARIA,PRESENCIAL,MDB,1
136885,2079,2026-03-03,EXTRAORDINARIA,PRESENCIAL,MDB,1
136886,2079,2026-03-03,EXTRAORDINARIA,PRESENCIAL,MDB,1
136887,2079,2026-03-03,EXTRAORDINARIA,PRESENCIAL,PL,1
136888,2079,2026-03-03,EXTRAORDINARIA,PRESENCIAL,PSD,1
136889,2079,2026-03-03,EXTRAORDINARIA,PRESENCIAL,AVANTE,1
136890,2079,2026-03-03,EXTRAORDINARIA,PRESENCIAL,REPUBLICANOS,1
136891,2079,2026-03-03,EXTRAORDINARIA,PRESENCIAL,PSOL,1
136892,2079,2026-03-03,EXTRAORDINARIA,PRESENCIAL,PP,1
136893,2079,2026-03-03,EXTRAORDINARIA,PRESENCIAL,INVÁLIDO,1
136894,2079,2026-03-03,EXTRAORDINARIA,PRESENCIAL,PP,1
136895,2079,2026-03-03,EXTRAORDINARIA,PRESENCIAL,PT,1
136896,2079,2026-03-03,EXTRAORDINARIA,PRESENCIAL,PSD,1
136897,2079,2026-03-03,EXTRAORDINARIA,PRESENCIAL,PRD,1
136898,2079,2026-03-03,EXTRAORDINARIA,PRESENCIAL,PL,1
136899,2079,2026-03-03,EXTRAORDINARIA,PRESENCIAL,PL,1
136900,2079,2026-03-03,EXTRAORDINARIA,PRESENCIAL,MDB,1
136901,2081,2026-02-12,ORDINARIA,PRESENCIAL,PSOL,1
136902,2081,2026-02-12,ORDINARIA,PRESENCIAL,PT,1
136903,2081,2026-02-12,ORDINARIA,PRESENCIAL,PSOL,1
136904,2081,2026-02-12,ORDINARIA,PRESENCIAL,PT,1
136905,2081,2026-02-12,ORDINARIA,PRESENCIAL,PRD,1
136906,2082,2026-02-19,ORDINARIA,PRESENCIAL,PT,1
136907,2082,2026-02-19,ORDINARIA,PRESENCIAL,PSOL,1
136908,2082,2026-02-19,ORDINARIA,PRESENCIAL,AVANTE,1
136909,2082,2026-02-19,ORDINARIA,PRESENCIAL,REPUBLICANOS,1
136910,2082,2026-02-19,ORDINARIA,PRESENCIAL,PSOL,1
136911,2082,2026-02-19,ORDINARIA,PRESENCIAL,PP,1
136912,2082,2026-02-19,ORDINARIA,PRESENCIAL,PT,1
136913,2082,2026-02-19,ORDINARIA,PRESENCIAL,PRD,1
136914,2082,2026-02-19,ORDINARIA,PRESENCIAL,MDB,1
136915,2084,2026-02-24,ORDINARIA,PRESENCIAL,PT,1
136916,2084,2026-02-24,ORDINARIA,PRESENCIAL,PSB,1
136917,2084,2026-02-24,ORDINARIA,PRESENCIAL,REPUBLICANOS,1
136918,2084,2026-02-24,ORDINARIA,PRESENCIAL,UNIÃO,1
136919,2084,2026-02-24,ORDINARIA,PRESENCIAL,PSOL,1
136920,2084,2026-02-24,ORDINARIA,PRESENCIAL,PT,1
136921,2084,2026-02-24,ORDINARIA,PRESENCIAL,MDB,1
136922,2084,2026-02-24,ORDINARIA,PRESENCIAL,MDB,1
136923,2084,2026-02-24,ORDINARIA,PRESENCIAL,MDB,1
136924,2084,2026-02-24,ORDINARIA,PRESENCIAL,PSD,1
136925,2084,2026-02-24,ORDINARIA,PRESENCIAL,AVANTE,1
136926,2084,2026-02-24,ORDINARIA,PRESENCIAL,REPUBLICANOS,1
136927,2084,2026-02-24,ORDINARIA,PRESENCIAL,PSOL,1
136928,2084,2026-02-24,ORDINARIA,PRESENCIAL,PP,1
136929,2084,2026-02-24,ORDINARIA,PRESENCIAL,INVÁLIDO,1
136930,2084,2026-02-24,ORDINARIA,PRESENCIAL,PP,1
136931,2084,2026-02-24,ORDINARIA,PRESENCIAL,PT,1
136932,2084,2026-02-24,ORDINARIA,PRESENCIAL,PSD,1
136933,2084,2026-02-24,ORDINARIA,PRESENCIAL,PRD,1
136934,2084,2026-02-24,ORDINARIA,PRESENCIAL,PL,1
136935,2084,2026-02-24,ORDINARIA,PRESENCIAL,MDB,1
136936,2085,2026-02-25,ORDINARIA,PRESENCIAL,PT,1
136937,2085,2026-02-25,ORDINARIA,PRESENCIAL,REPUBLICANOS,1
136938,2085,2026-02-25,ORDINARIA,PRESENCIAL,UNIÃO,1
136939,2085,2026-02-25,ORDINARIA,PRESENCIAL,PSOL,1
136940,2085,2026-02-25,ORDINARIA,PRESENCIAL,PT,1
136941,2085,2026-02-25,ORDINARIA,PRESENCIAL,MDB,1
136942,2085,2026-02-25,ORDINARIA,PRESENCIAL,MDB,1
136943,2085,2026-02-25,ORDINARIA,PRESENCIAL,PSD,1
136944,2085,2026-02-25,ORDINARIA,PRESENCIAL,AVANTE,1
136945,2085,2026-02-25,ORDINARIA,PRESENCIAL,REPUBLICANOS,1
136946,2085,2026-02-25,ORDINARIA,PRESENCIAL,PSOL,1
136947,2085,2026-02-25,ORDINARIA,PRESENCIAL,PP,1
136948,2085,2026-02-25,ORDINARIA,PRESENCIAL,INVÁLIDO,1
136949,2085,2026-02-25,ORDINARIA,PRESENCIAL,PP,1
136950,2085,2026-02-25,ORDINARIA,PRESENCIAL,PT,1
136951,2085,2026-02-25,ORDINARIA,PRESENCIAL,PSD,1
136952,2085,2026-02-25,ORDINARIA,PRESENCIAL,PRD,1
136953,2085,2026-02-25,ORDINARIA,PRESENCIAL,PL,1
136954,2085,2026-02-25,ORDINARIA,PRESENCIAL,PL,1
136955,2088,2026-02-26,ORDINARIA,PRESENCIAL,PT,1
136956,2088,2026-02-26,ORDINARIA,PRESENCIAL,UNIÃO,1
136957,2088,2026-02-26,ORDINARIA,PRESENCIAL,PSOL,1
136958,2088,2026-02-26,ORDINARIA,PRESENCIAL,PT,1
136959,2088,2026-02-26,ORDINARIA,PRESENCIAL,PSOL,1
136960,2088,2026-02-26,ORDINARIA,PRESENCIAL,PSD,1
136961,2088,2026-02-26,ORDINARIA,PRESENCIAL,PRD,1
136962,2088,2026-02-26,ORDINARIA,PRESENCIAL,PL,1
136963,2092,2026-03-03,ORDINARIA,PRESENCIAL,PT,1
136964,2092,2026-03-03,ORDINARIA,PRESENCIAL,MDB,1
136965,2092,2026-03-03,ORDINARIA,PRESENCIAL,PSB,1
136966,2092,2026-03-03,ORDINARIA,PRESENCIAL,REPUBLICANOS,1
136967,2092,2026-03-03,ORDINARIA,PRESENCIAL,UNIÃO,1
136968,2092,2026-03-03,ORDINARIA,PRESENCIAL,PSOL,1
136969,2092,2026-03-03,ORDINARIA,PRESENCIAL,PT,1
136970,2092,2026-03-03,ORDINARIA,PRESENCIAL,MDB,1
136971,2092,2026-03-03,ORDINARIA,PRESENCIAL,MDB,1
136972,2092,2026-03-03,ORDINARIA,PRESENCIAL,MDB,1
136973,2092,2026-03-03,ORDINARIA,PRESENCIAL,PL,1
136974,2092,2026-03-03,ORDINARIA,PRESENCIAL,PSD,1
136975,2092,2026-03-03,ORDINARIA,PRESENCIAL,AVANTE,2
136976,2092,2026-03-03,ORDINARIA,PRESENCIAL,REPUBLICANOS,1
136977,2092,2026-03-03,ORDINARIA,PRESENCIAL,PSOL,1
136978,2092,2026-03-03,ORDINARIA,PRESENCIAL,PP,1
136979,2092,2026-03-03,ORDINARIA,PRESENCIAL,INVÁLIDO,1
136980,2092,2026-03-03,ORDINARIA,PRESENCIAL,PP,1
136981,2092,2026-03-03,ORDINARIA,PRESENCIAL,PT,1
136982,2092,2026-03-03,ORDINARIA,PRESENCIAL,PSD,1
136983,2092,2026-03-03,ORDINARIA,PRESENCIAL,PRD,1
136984,2092,2026-03-03,ORDINARIA,PRESENCIAL,PL,1
136985,2092,2026-03-03,ORDINARIA,PRESENCIAL,PL,1
136986,2092,2026-03-03,ORDINARIA,PRESENCIAL,MDB,1
136987,2093,2026-03-04,ORDINARIA,PRESENCIAL,PT,1
136988,2093,2026-03-04,ORDINARIA,PRESENCIAL,PSB,1
136989,2093,2026-03-04,ORDINARIA,PRESENCIAL,REPUBLICANOS,1
136990,2093,2026-03-04,ORDINARIA,PRESENCIAL,UNIÃO,1
136991,2093,2026-03-04,ORDINARIA,PRESENCIAL,PSOL,1
136992,2093,2026-03-04,ORDINARIA,PRESENCIAL,PT,1
136993,2093,2026-03-04,ORDINARIA,PRESENCIAL,MDB,1
136994,2093,2026-03-04,ORDINARIA,PRESENCIAL,AVANTE,1
136995,2093,2026-03-04,ORDINARIA,PRESENCIAL,REPUBLICANOS,1
136996,2093,2026-03-04,ORDINARIA,PRESENCIAL,PSOL,1
136997,2093,2026-03-04,ORDINARIA,PRESENCIAL,PP,1
136998,2093,2026-03-04,ORDINARIA,PRESENCIAL,PP,1
136999,2093,2026-03-04,ORDINARIA,PRESENCIAL,PT,1
137000,2093,2026-03-04,ORDINARIA,PRESENCIAL,PRD,1
137001,2093,2026-03-04,ORDINARIA,PRESENCIAL,PL,1
137002,2093,2026-03-04,ORDINARIA,PRESENCIAL,PL,1
137003,2096,2026-03-05,SOLENE,PRESENCIAL,AVANTE,1
137004,2096,2026-03-05,SOLENE,PRESENCIAL,PSOL,1
137005,2096,2026-03-05,SOLENE,PRESENCIAL,PL,1
137006,2096,2026-03-05,SOLENE,PRESENCIAL,MDB,1
137007,2101,2026-03-31,EXTRAORDINARIA,PRESENCIAL,PT,1
137008,2101,2026-03-31,EXTRAORDINARIA,PRESENCIAL,PSB,1
137009,2101,2026-03-31,EXTRAORDINARIA,PRESENCIAL,UNIÃO,1
137010,2101,2026-03-31,EXTRAORDINARIA,PRESENCIAL,PSOL,1
137011,2101,2026-03-31,EXTRAORDINARIA,PRESENCIAL,PT,1
137012,2101,2026-03-31,EXTRAORDINARIA,PRESENCIAL,MDB,1
137013,2101,2026-03-31,EXTRAORDINARIA,PRESENCIAL,MDB,1
137014,2101,2026-03-31,EXTRAORDINARIA,PRESENCIAL,MDB,1
137015,2101,2026-03-31,EXTRAORDINARIA,PRESENCIAL,PL,1
137016,2101,2026-03-31,EXTRAORDINARIA,PRESENCIAL,INVÁLIDO,1
137017,2101,2026-03-31,EXTRAORDINARIA,PRESENCIAL,PL,1
137018,2101,2026-03-31,EXTRAORDINARIA,PRESENCIAL,REPUBLICANOS,1
137019,2101,2026-03-31,EXTRAORDINARIA,PRESENCIAL,PP,1
137020,2101,2026-03-31,EXTRAORDINARIA,PRESENCIAL,INVÁLIDO,1
137021,2101,2026-03-31,EXTRAORDINARIA,PRESENCIAL,PP,1
137022,2101,2026-03-31,EXTRAORDINARIA,PRESENCIAL,PT,1
137023,2101,2026-03-31,EXTRAORDINARIA,PRESENCIAL,PRD,1
137024,2101,2026-03-31,EXTRAORDINARIA,PRESENCIAL,PL,1
137025,2101,2026-03-31,EXTRAORDINARIA,PRESENCIAL,MDB,1
137026,2102,2026-03-31,EXTRAORDINARIA,PRESENCIAL,PT,1
137027,2102,2026-03-31,EXTRAORDINARIA,PRESENCIAL,PSB,1
137028,2102,2026-03-31,EXTRAORDINARIA,PRESENCIAL,UNIÃO,1
137029,2102,2026-03-31,EXTRAORDINARIA,PRESENCIAL,PSOL,1
137030,2102,2026-03-31,EXTRAORDINARIA,PRESENCIAL,PT,1
137031,2102,2026-03-31,EXTRAORDINARIA,PRESENCIAL,MDB,1
137032,2102,2026-03-31,EXTRAORDINARIA,PRESENCIAL,PL,1
137033,2102,2026-03-31,EXTRAORDINARIA,PRESENCIAL,INVÁLIDO,1
137034,2102,2026-03-31,EXTRAORDINARIA,PRESENCIAL,PL,1
137035,2102,2026-03-31,EXTRAORDINARIA,PRESENCIAL,REPUBLICANOS,1
137036,2102,2026-03-31,EXTRAORDINARIA,PRESENCIAL,PP,1
137037,2102,2026-03-31,EXTRAORDINARIA,PRESENCIAL,INVÁLIDO,1
137038,2102,2026-03-31,EXTRAORDINARIA,PRESENCIAL,PP,1
137039,2102,2026-03-31,EXTRAORDINARIA,PRESENCIAL,PT,1
137040,2102,2026-03-31,EXTRAORDINARIA,PRESENCIAL,PRD,1
137041,2102,2026-03-31,EXTRAORDINARIA,PRESENCIAL,PL,1
137042,2102,2026-03-31,EXTRAORDINARIA,PRESENCIAL,MDB,1
137043,2103,2026-04-01,ORDINARIA,PRESENCIAL,PT,1
137044,2103,2026-04-01,ORDINARIA,PRESENCIAL,PSOL,1
137045,2103,2026-04-01,ORDINARIA,PRESENCIAL,PT,1
137046,2103,2026-04-01,ORDINARIA,PRESENCIAL,MDB,1
137047,2103,2026-04-01,ORDINARIA,PRESENCIAL,MDB,1
137048,2103,2026-04-01,ORDINARIA,PRESENCIAL,INVÁLIDO,1
137049,2103,2026-04-01,ORDINARIA,PRESENCIAL,PSOL,1
137050,2103,2026-04-01,ORDINARIA,PRESENCIAL,PP,1
137051,2103,2026-04-01,ORDINARIA,PRESENCIAL,PT,1
137052,2103,2026-04-01,ORDINARIA,PRESENCIAL,PODEMOS,1
137053,2103,2026-04-01,ORDINARIA,PRESENCIAL,PRD,1
137054,2103,2026-04-01,ORDINARIA,PRESENCIAL,PL,1
137055,2106,2026-04-07,ORDINARIA,PRESENCIAL,PT,1
137056,2106,2026-04-07,ORDINARIA,PRESENCIAL,MDB,1
137057,2106,2026-04-07,ORDINARIA,PRESENCIAL,REPUBLICANOS,1
137058,2106,2026-04-07,ORDINARIA,PRESENCIAL,UNIÃO,1
137059,2106,2026-04-07,ORDINARIA,PRESENCIAL,PSOL,1
137060,2106,2026-04-07,ORDINARIA,PRESENCIAL,PT,1
137061,2106,2026-04-07,ORDINARIA,PRESENCIAL,MDB,1
137062,2106,2026-04-07,ORDINARIA,PRESENCIAL,MDB,1
137063,2106,2026-04-07,ORDINARIA,PRESENCIAL,MDB,1
137064,2106,2026-04-07,ORDINARIA,PRESENCIAL,PL,1
137065,2106,2026-04-07,ORDINARIA,PRESENCIAL,INVÁLIDO,1
137066,2106,2026-04-07,ORDINARIA,PRESENCIAL,PL,1
137067,2106,2026-04-07,ORDINARIA,PRESENCIAL,REPUBLICANOS,1
137068,2106,2026-04-07,ORDINARIA,PRESENCIAL,PSOL,1
137069,2106,2026-04-07,ORDINARIA,PRESENCIAL,PP,1
137070,2106,2026-04-07,ORDINARIA,PRESENCIAL,INVÁLIDO,1
137071,2106,2026-04-07,ORDINARIA,PRESENCIAL,PP,1
137072,2106,2026-04-07,ORDINARIA,PRESENCIAL,PT,1
137073,2106,2026-04-07,ORDINARIA,PRESENCIAL,PODEMOS,1
137074,2106,2026-04-07,ORDINARIA,PRESENCIAL,PSD,1
137075,2106,2026-04-07,ORDINARIA,PRESENCIAL,PL,1
137076,2106,2026-04-07,ORDINARIA,PRESENCIAL,PL,1
137077,2106,2026-04-07,ORDINARIA,PRESENCIAL,MDB,1
137078,2107,2026-04-08,EXTRAORDINARIA,PRESENCIAL,PT,2
137079,2107,2026-04-08,EXTRAORDINARIA,PRESENCIAL,REPUBLICANOS,2
137080,2107,2026-04-08,EXTRAORDINARIA,PRESENCIAL,UNIÃO,1
137081,2107,2026-04-08,EXTRAORDINARIA,PRESENCIAL,PSOL,2
137082,2107,2026-04-08,EXTRAORDINARIA,PRESENCIAL,PT,2
137083,2107,2026-04-08,EXTRAORDINARIA,PRESENCIAL,MDB,1
137084,2107,2026-04-08,EXTRAORDINARIA,PRESENCIAL,MDB,1
137085,2107,2026-04-08,EXTRAORDINARIA,PRESENCIAL,PL,2
137086,2107,2026-04-08,EXTRAORDINARIA,PRESENCIAL,REPUBLICANOS,2
137087,2107,2026-04-08,EXTRAORDINARIA,PRESENCIAL,PSOL,2
137088,2107,2026-04-08,EXTRAORDINARIA,PRESENCIAL,PP,2
137089,2107,2026-04-08,EXTRAORDINARIA,PRESENCIAL,PP,2
137090,2107,2026-04-08,EXTRAORDINARIA,PRESENCIAL,PT,2
137091,2107,2026-04-08,EXTRAORDINARIA,PRESENCIAL,PSD,2
137092,2107,2026-04-08,EXTRAORDINARIA,PRESENCIAL,PL,2
137093,2108,2026-04-08,ORDINARIA,PRESENCIAL,PT,1
137094,2108,2026-04-08,ORDINARIA,PRESENCIAL,REPUBLICANOS,1
137095,2108,2026-04-08,ORDINARIA,PRESENCIAL,UNIÃO,1
137096,2108,2026-04-08,ORDINARIA,PRESENCIAL,PSOL,1
137097,2108,2026-04-08,ORDINARIA,PRESENCIAL,PT,1
137098,2108,2026-04-08,ORDINARIA,PRESENCIAL,MDB,1
137099,2108,2026-04-08,ORDINARIA,PRESENCIAL,MDB,1
137100,2108,2026-04-08,ORDINARIA,PRESENCIAL,MDB,1
137101,2108,2026-04-08,ORDINARIA,PRESENCIAL,PL,1
137102,2108,2026-04-08,ORDINARIA,PRESENCIAL,REPUBLICANOS,1
137103,2108,2026-04-08,ORDINARIA,PRESENCIAL,PSOL,1
137104,2108,2026-04-08,ORDINARIA,PRESENCIAL,PP,1
137105,2108,2026-04-08,ORDINARIA,PRESENCIAL,PP,1
137106,2108,2026-04-08,ORDINARIA,PRESENCIAL,PT,1
137107,2108,2026-04-08,ORDINARIA,PRESENCIAL,PSD,1
137108,2108,2026-04-08,ORDINARIA,PRESENCIAL,PL,1
137109,2109,2026-04-09,ORDINARIA,PRESENCIAL,PT,1
137110,2112,2026-04-14,ORDINARIA,PRESENCIAL,PT,2
137111,2112,2026-04-14,ORDINARIA,PRESENCIAL,PSB,2
137112,2112,2026-04-14,ORDINARIA,PRESENCIAL,REPUBLICANOS,1
137113,2112,2026-04-14,ORDINARIA,PRESENCIAL,UNIÃO,1
137114,2112,2026-04-14,ORDINARIA,PRESENCIAL,PSOL,1
137115,2112,2026-04-14,ORDINARIA,PRESENCIAL,PT,2
137116,2112,2026-04-14,ORDINARIA,PRESENCIAL,MDB,1
137117,2112,2026-04-14,ORDINARIA,PRESENCIAL,MDB,1
137118,2112,2026-04-14,ORDINARIA,PRESENCIAL,MDB,2
137119,2112,2026-04-14,ORDINARIA,PRESENCIAL,PL,1
137120,2112,2026-04-14,ORDINARIA,PRESENCIAL,INVÁLIDO,1
137121,2112,2026-04-14,ORDINARIA,PRESENCIAL,PL,1
137122,2112,2026-04-14,ORDINARIA,PRESENCIAL,REPUBLICANOS,2
137123,2112,2026-04-14,ORDINARIA,PRESENCIAL,INVÁLIDO,1
137124,2112,2026-04-14,ORDINARIA,PRESENCIAL,PP,2
137125,2112,2026-04-14,ORDINARIA,PRESENCIAL,PT,1
137126,2112,2026-04-14,ORDINARIA,PRESENCIAL,PODEMOS,1
137127,2112,2026-04-14,ORDINARIA,PRESENCIAL,PSD,1
137128,2112,2026-04-14,ORDINARIA,PRESENCIAL,PL,2
137129,2112,2026-04-14,ORDINARIA,PRESENCIAL,PL,2
137130,2112,2026-04-14,ORDINARIA,PRESENCIAL,MDB,1
137131,2113,2026-04-14,EXTRAORDINARIA,PRESENCIAL,PT,1
137132,2113,2026-04-14,EXTRAORDINARIA,PRESENCIAL,PSB,1
137133,2113,2026-04-14,EXTRAORDINARIA,PRESENCIAL,UNIÃO,1
137134,2113,2026-04-14,EXTRAORDINARIA,PRESENCIAL,PSOL,1
137135,2113,2026-04-14,EXTRAORDINARIA,PRESENCIAL,PT,1
137136,2113,2026-04-14,EXTRAORDINARIA,PRESENCIAL,MDB,1
137137,2113,2026-04-14,EXTRAORDINARIA,PRESENCIAL,INVÁLIDO,1
137138,2113,2026-04-14,EXTRAORDINARIA,PRESENCIAL,REPUBLICANOS,1
137139,2113,2026-04-14,EXTRAORDINARIA,PRESENCIAL,PP,1
137140,2113,2026-04-14,EXTRAORDINARIA,PRESENCIAL,PT,1
137141,2113,2026-04-14,EXTRAORDINARIA,PRESENCIAL,PL,1
137142,2113,2026-04-14,EXTRAORDINARIA,PRESENCIAL,PL,1
137143,2113,2026-04-14,EXTRAORDINARIA,PRESENCIAL,MDB,1
137144,2114,2026-04-15,ORDINARIA,PRESENCIAL,PT,1
137145,2114,2026-04-15,ORDINARIA,PRESENCIAL,PSOL,1
137146,2114,2026-04-15,ORDINARIA,PRESENCIAL,PT,1
137147,2114,2026-04-15,ORDINARIA,PRESENCIAL,MDB,1
137148,2114,2026-04-15,ORDINARIA,PRESENCIAL,MDB,1
137149,2114,2026-04-15,ORDINARIA,PRESENCIAL,INVÁLIDO,1
137150,2114,2026-04-15,ORDINARIA,PRESENCIAL,PL,1
137151,2114,2026-04-15,ORDINARIA,PRESENCIAL,REPUBLICANOS,1
137152,2114,2026-04-15,ORDINARIA,PRESENCIAL,PP,1
137153,2114,2026-04-15,ORDINARIA,PRESENCIAL,PODEMOS,1
137154,2114,2026-04-15,ORDINARIA,PRESENCIAL,PSD,1
137155,2114,2026-04-15,ORDINARIA,PRESENCIAL,PL,1
137156,2114,2026-04-15,ORDINARIA,PRESENCIAL,PL,1
137157,2115,2026-04-29,EXTRAORDINARIA,PRESENCIAL,PT,1
137158,2115,2026-04-29,EXTRAORDINARIA,PRESENCIAL,REPUBLICANOS,1
137159,2115,2026-04-29,EXTRAORDINARIA,PRESENCIAL,UNIÃO,1
137160,2115,2026-04-29,EXTRAORDINARIA,PRESENCIAL,PSOL,1
137161,2115,2026-04-29,EXTRAORDINARIA,PRESENCIAL,PT,1
137162,2115,2026-04-29,EXTRAORDINARIA,PRESENCIAL,MDB,1
137163,2115,2026-04-29,EXTRAORDINARIA,PRESENCIAL,MDB,1
137164,2115,2026-04-29,EXTRAORDINARIA,PRESENCIAL,MDB,1
137165,2115,2026-04-29,EXTRAORDINARIA,PRESENCIAL,PL,1
137166,2115,2026-04-29,EXTRAORDINARIA,PRESENCIAL,INVÁLIDO,1
137167,2115,2026-04-29,EXTRAORDINARIA,PRESENCIAL,REPUBLICANOS,1
137168,2115,2026-04-29,EXTRAORDINARIA,PRESENCIAL,PSOL,1
137169,2115,2026-04-29,EXTRAORDINARIA,PRESENCIAL,PP,1
137170,2115,2026-04-29,EXTRAORDINARIA,PRESENCIAL,PP,1
137171,2115,2026-04-29,EXTRAORDINARIA,PRESENCIAL,PT,1
137172,2115,2026-04-29,EXTRAORDINARIA,PRESENCIAL,PSD,1
137173,2115,2026-04-29,EXTRAORDINARIA,PRESENCIAL,MDB,1
137174,2116,2026-04-16,ORDINARIA,PRESENCIAL,PT,1
137175,2118,2026-04-22,ORDINARIA,PRESENCIAL,PT,1
137176,2118,2026-04-22,ORDINARIA,PRESENCIAL,PSOL,1
137177,2118,2026-04-22,ORDINARIA,PRESENCIAL,PT,1
137178,2118,2026-04-22,ORDINARIA,PRESENCIAL,MDB,1
137179,2118,2026-04-22,ORDINARIA,PRESENCIAL,INVÁLIDO,1
137180,2118,2026-04-22,ORDINARIA,PRESENCIAL,PL,1
137181,2118,2026-04-22,ORDINARIA,PRESENCIAL,REPUBLICANOS,1
137182,2118,2026-04-22,ORDINARIA,PRESENCIAL,PSOL,1
137183,2118,2026-04-22,ORDINARIA,PRESENCIAL,INVÁLIDO,1
137184,2118,2026-04-22,ORDINARIA,PRESENCIAL,PT,1
137185,2118,2026-04-22,ORDINARIA,PRESENCIAL,PODEMOS,1
137186,2118,2026-04-22,ORDINARIA,PRESENCIAL,PSD,1
137187,2118,2026-04-22,ORDINARIA,PRESENCIAL,PL,1
137188,2118,2026-04-22,ORDINARIA,PRESENCIAL,MDB,1
137189,2119,2026-04-23,ORDINARIA,PRESENCIAL,PT,1
137190,2122,2026-04-28,ORDINARIA,PRESENCIAL,PT,1
137191,2122,2026-04-28,ORDINARIA,PRESENCIAL,REPUBLICANOS,1
137192,2122,2026-04-28,ORDINARIA,PRESENCIAL,UNIÃO,1
137193,2122,2026-04-28,ORDINARIA,PRESENCIAL,PSOL,1
137194,2122,2026-04-28,ORDINARIA,PRESENCIAL,PT,1
137195,2122,2026-04-28,ORDINARIA,PRESENCIAL,MDB,1
137196,2122,2026-04-28,ORDINARIA,PRESENCIAL,MDB,1
137197,2122,2026-04-28,ORDINARIA,PRESENCIAL,PL,1
137198,2122,2026-04-28,ORDINARIA,PRESENCIAL,INVÁLIDO,1
137199,2122,2026-04-28,ORDINARIA,PRESENCIAL,REPUBLICANOS,1
137200,2122,2026-04-28,ORDINARIA,PRESENCIAL,PSOL,1
137201,2122,2026-04-28,ORDINARIA,PRESENCIAL,PP,1
137202,2122,2026-04-28,ORDINARIA,PRESENCIAL,PP,1
137203,2122,2026-04-28,ORDINARIA,PRESENCIAL,PT,1
137204,2122,2026-04-28,ORDINARIA,PRESENCIAL,PSD,1
137205,2122,2026-04-28,ORDINARIA,PRESENCIAL,PL,1
137206,2122,2026-04-28,ORDINARIA,PRESENCIAL,MDB,1
137207,2125,2026-04-29,ORDINARIA,PRESENCIAL,PT,2
137208,2125,2026-04-29,ORDINARIA,PRESENCIAL,REPUBLICANOS,2
137209,2125,2026-04-29,ORDINARIA,PRESENCIAL,UNIÃO,2
137210,2125,2026-04-29,ORDINARIA,PRESENCIAL,PSOL,2
137211,2125,2026-04-29,ORDINARIA,PRESENCIAL,PT,2
137212,2125,2026-04-29,ORDINARIA,PRESENCIAL,MDB,2
137213,2125,2026-04-29,ORDINARIA,PRESENCIAL,MDB,2
137214,2125,2026-04-29,ORDINARIA,PRESENCIAL,MDB,2
137215,2125,2026-04-29,ORDINARIA,PRESENCIAL,PL,2
137216,2125,2026-04-29,ORDINARIA,PRESENCIAL,INVÁLIDO,1
137217,2125,2026-04-29,ORDINARIA,PRESENCIAL,PL,1
137218,2125,2026-04-29,ORDINARIA,PRESENCIAL,REPUBLICANOS,2
137219,2125,2026-04-29,ORDINARIA,PRESENCIAL,PSOL,1
137220,2125,2026-04-29,ORDINARIA,PRESENCIAL,PP,1
137221,2125,2026-04-29,ORDINARIA,PRESENCIAL,PP,2
137222,2125,2026-04-29,ORDINARIA,PRESENCIAL,PT,1
137223,2125,2026-04-29,ORDINARIA,PRESENCIAL,PSD,2
137224,2125,2026-04-29,ORDINARIA,PRESENCIAL,PL,1
137225,2125,2026-04-29,ORDINARIA,PRESENCIAL,PL,1
137226,2125,2026-04-29,ORDINARIA,PRESENCIAL,MDB,2
137227,2126,2026-03-17,ORDINARIA,PRESENCIAL,PT,1
137228,2126,2026-03-17,ORDINARIA,PRESENCIAL,PSB,1
137229,2126,2026-03-17,ORDINARIA,PRESENCIAL,REPUBLICANOS,1
137230,2126,2026-03-17,ORDINARIA,PRESENCIAL,UNIÃO,1
137231,2126,2026-03-17,ORDINARIA,PRESENCIAL,PSOL,1
137232,2126,2026-03-17,ORDINARIA,PRESENCIAL,PT,1
137233,2126,2026-03-17,ORDINARIA,PRESENCIAL,MDB,1
137234,2126,2026-03-17,ORDINARIA,PRESENCIAL,MDB,1
137235,2126,2026-03-17,ORDINARIA,PRESENCIAL,MDB,1
137236,2126,2026-03-17,ORDINARIA,PRESENCIAL,PSD,1
137237,2126,2026-03-17,ORDINARIA,PRESENCIAL,PL,1
137238,2126,2026-03-17,ORDINARIA,PRESENCIAL,PSOL,1
137239,2126,2026-03-17,ORDINARIA,PRESENCIAL,PP,1
137240,2126,2026-03-17,ORDINARIA,PRESENCIAL,INVÁLIDO,1
137241,2126,2026-03-17,ORDINARIA,PRESENCIAL,PP,1
137242,2126,2026-03-17,ORDINARIA,PRESENCIAL,PT,1
137243,2126,2026-03-17,ORDINARIA,PRESENCIAL,PSD,1
137244,2126,2026-03-17,ORDINARIA,PRESENCIAL,PRD,1
137245,2126,2026-03-17,ORDINARIA,PRESENCIAL,PL,1
137246,2126,2026-03-17,ORDINARIA,PRESENCIAL,MDB,1
137247,2127,2026-03-18,ORDINARIA,PRESENCIAL,PT,1
137248,2127,2026-03-18,ORDINARIA,PRESENCIAL,REPUBLICANOS,1
137249,2127,2026-03-18,ORDINARIA,PRESENCIAL,PSOL,1
137250,2127,2026-03-18,ORDINARIA,PRESENCIAL,PT,1
137251,2127,2026-03-18,ORDINARIA,PRESENCIAL,MDB,1
137252,2127,2026-03-18,ORDINARIA,PRESENCIAL,PSD,1
137253,2127,2026-03-18,ORDINARIA,PRESENCIAL,PL,1
137254,2127,2026-03-18,ORDINARIA,PRESENCIAL,PSOL,1
137255,2127,2026-03-18,ORDINARIA,PRESENCIAL,PP,1
137256,2127,2026-03-18,ORDINARIA,PRESENCIAL,PP,1
137257,2127,2026-03-18,ORDINARIA,PRESENCIAL,PT,1
137258,2127,2026-03-18,ORDINARIA,PRESENCIAL,PSD,1
137259,2127,2026-03-18,ORDINARIA,PRESENCIAL,PRD,1
137260,2127,2026-03-18,ORDINARIA,PRESENCIAL,PL,1
137261,2127,2026-03-18,ORDINARIA,PRESENCIAL,PL,1
137262,2127,2026-03-18,ORDINARIA,PRESENCIAL,MDB,1
137263,2128,2026-03-25,EXTRAORDINARIA,PRESENCIAL,PT,1
137264,2128,2026-03-25,EXTRAORDINARIA,PRESENCIAL,PSB,1
137265,2128,2026-03-25,EXTRAORDINARIA,PRESENCIAL,REPUBLICANOS,1
137266,2128,2026-03-25,EXTRAORDINARIA,PRESENCIAL,UNIÃO,1
137267,2128,2026-03-25,EXTRAORDINARIA,PRESENCIAL,PSOL,1
137268,2128,2026-03-25,EXTRAORDINARIA,PRESENCIAL,PT,1
137269,2128,2026-03-25,EXTRAORDINARIA,PRESENCIAL,MDB,1
137270,2128,2026-03-25,EXTRAORDINARIA,PRESENCIAL,MDB,1
137271,2128,2026-03-25,EXTRAORDINARIA,PRESENCIAL,PSD,1
137272,2128,2026-03-25,EXTRAORDINARIA,PRESENCIAL,PL,1
137273,2128,2026-03-25,EXTRAORDINARIA,PRESENCIAL,REPUBLICANOS,1
137274,2128,2026-03-25,EXTRAORDINARIA,PRESENCIAL,PSOL,1
137275,2128,2026-03-25,EXTRAORDINARIA,PRESENCIAL,PP,1
137276,2128,2026-03-25,EXTRAORDINARIA,PRESENCIAL,INVÁLIDO,1
137277,2128,2026-03-25,EXTRAORDINARIA,PRESENCIAL,PP,1
137278,2128,2026-03-25,EXTRAORDINARIA,PRESENCIAL,PT,1
137279,2128,2026-03-25,EXTRAORDINARIA,PRESENCIAL,PSD,1
137280,2128,2026-03-25,EXTRAORDINARIA,PRESENCIAL,PRD,1
137281,2128,2026-03-25,EXTRAORDINARIA,PRESENCIAL,PL,1
137282,2128,2026-03-25,EXTRAORDINARIA,PRESENCIAL,PL,1
137283,2128,2026-03-25,EXTRAORDINARIA,PRESENCIAL,MDB,1
137284,2131,2026-03-19,ORDINARIA,PRESENCIAL,PT,1
137285,2131,2026-03-19,ORDINARIA,PRESENCIAL,PT,1
137286,2131,2026-03-19,ORDINARIA,PRESENCIAL,PSD,1
137287,2131,2026-03-19,ORDINARIA,PRESENCIAL,PSOL,1
137288,2136,2026-03-24,ORDINARIA,PRESENCIAL,PT,1
137289,2136,2026-03-24,ORDINARIA,PRESENCIAL,MDB,1
137290,2136,2026-03-24,ORDINARIA,PRESENCIAL,PSB,1
137291,2136,2026-03-24,ORDINARIA,PRESENCIAL,REPUBLICANOS,1
137292,2136,2026-03-24,ORDINARIA,PRESENCIAL,UNIÃO,1
137293,2136,2026-03-24,ORDINARIA,PRESENCIAL,PSOL,1
137294,2136,2026-03-24,ORDINARIA,PRESENCIAL,PT,1
137295,2136,2026-03-24,ORDINARIA,PRESENCIAL,MDB,1
137296,2136,2026-03-24,ORDINARIA,PRESENCIAL,MDB,1
137297,2136,2026-03-24,ORDINARIA,PRESENCIAL,MDB,1
137298,2136,2026-03-24,ORDINARIA,PRESENCIAL,PL,1
137299,2136,2026-03-24,ORDINARIA,PRESENCIAL,PL,1
137300,2136,2026-03-24,ORDINARIA,PRESENCIAL,REPUBLICANOS,1
137301,2136,2026-03-24,ORDINARIA,PRESENCIAL,PSOL,1
137302,2136,2026-03-24,ORDINARIA,PRESENCIAL,PP,1
137303,2136,2026-03-24,ORDINARIA,PRESENCIAL,PP,1
137304,2136,2026-03-24,ORDINARIA,PRESENCIAL,PT,1
137305,2136,2026-03-24,ORDINARIA,PRESENCIAL,PSD,1
137306,2136,2026-03-24,ORDINARIA,PRESENCIAL,PRD,1
137307,2136,2026-03-24,ORDINARIA,PRESENCIAL,PL,1
137308,2136,2026-03-24,ORDINARIA,PRESENCIAL,PL,1
137309,2136,2026-03-24,ORDINARIA,PRESENCIAL,MDB,1
137310,2138,2026-03-25,ORDINARIA,PRESENCIAL,PT,1
137311,2138,2026-03-25,ORDINARIA,PRESENCIAL,PSB,1
137312,2138,2026-03-25,ORDINARIA,PRESENCIAL,REPUBLICANOS,1
137313,2138,2026-03-25,ORDINARIA,PRESENCIAL,UNIÃO,1
137314,2138,2026-03-25,ORDINARIA,PRESENCIAL,PSOL,1
137315,2138,2026-03-25,ORDINARIA,PRESENCIAL,PT,1
137316,2138,2026-03-25,ORDINARIA,PRESENCIAL,MDB,1
137317,2138,2026-03-25,ORDINARIA,PRESENCIAL,MDB,1
137318,2138,2026-03-25,ORDINARIA,PRESENCIAL,MDB,1
137319,2138,2026-03-25,ORDINARIA,PRESENCIAL,PL,1
137320,2138,2026-03-25,ORDINARIA,PRESENCIAL,PSD,1
137321,2138,2026-03-25,ORDINARIA,PRESENCIAL,PL,1
137322,2138,2026-03-25,ORDINARIA,PRESENCIAL,REPUBLICANOS,1
137323,2138,2026-03-25,ORDINARIA,PRESENCIAL,PSOL,1
137324,2138,2026-03-25,ORDINARIA,PRESENCIAL,PP,1
137325,2138,2026-03-25,ORDINARIA,PRESENCIAL,INVÁLIDO,1
137326,2138,2026-03-25,ORDINARIA,PRESENCIAL,PP,1
137327,2138,2026-03-25,ORDINARIA,PRESENCIAL,PT,1
137328,2138,2026-03-25,ORDINARIA,PRESENCIAL,PSD,1
137329,2138,2026-03-25,ORDINARIA,PRESENCIAL,PRD,1
137330,2138,2026-03-25,ORDINARIA,PRESENCIAL,PL,1
137331,2138,2026-03-25,ORDINARIA,PRESENCIAL,PL,1
137332,2138,2026-03-25,ORDINARIA,PRESENCIAL,MDB,1
137333,2139,2026-03-25,EXTRAORDINARIA,PRESENCIAL,PT,1
137334,2139,2026-03-25,EXTRAORDINARIA,PRESENCIAL,PSB,1
137335,2139,2026-03-25,EXTRAORDINARIA,PRESENCIAL,REPUBLICANOS,1
137336,2139,2026-03-25,EXTRAORDINARIA,PRESENCIAL,UNIÃO,1
137337,2139,2026-03-25,EXTRAORDINARIA,PRESENCIAL,PSOL,1
137338,2139,2026-03-25,EXTRAORDINARIA,PRESENCIAL,PT,1
137339,2139,2026-03-25,EXTRAORDINARIA,PRESENCIAL,MDB,1
137340,2139,2026-03-25,EXTRAORDINARIA,PRESENCIAL,MDB,1
137341,2139,2026-03-25,EXTRAORDINARIA,PRESENCIAL,PSD,1
137342,2139,2026-03-25,EXTRAORDINARIA,PRESENCIAL,PL,1
137343,2139,2026-03-25,EXTRAORDINARIA,PRESENCIAL,REPUBLICANOS,1
137344,2139,2026-03-25,EXTRAORDINARIA,PRESENCIAL,PSOL,1
137345,2139,2026-03-25,EXTRAORDINARIA,PRESENCIAL,PP,1
137346,2139,2026-03-25,EXTRAORDINARIA,PRESENCIAL,PP,1
137347,2139,2026-03-25,EXTRAORDINARIA,PRESENCIAL,PT,1
137348,2139,2026-03-25,EXTRAORDINARIA,PRESENCIAL,PRD,1
137349,2139,2026-03-25,EXTRAORDINARIA,PRESENCIAL,PL,1
137350,2139,2026-03-25,EXTRAORDINARIA,PRESENCIAL,MDB,1
137351,2141,2026-03-26,ORDINARIA,PRESENCIAL,PT,1
137352,2141,2026-03-26,ORDINARIA,PRESENCIAL,PT,1
137353,2141,2026-03-26,ORDINARIA,PRESENCIAL,PSOL,1
137354,2143,2026-03-31,ORDINARIA,PRESENCIAL,PT,1
137355,2143,2026-03-31,ORDINARIA,PRESENCIAL,PSB,1
137356,2143,2026-03-31,ORDINARIA,PRESENCIAL,UNIÃO,1
137357,2143,2026-03-31,ORDINARIA,PRESENCIAL,PSOL,1
137358,2143,2026-03-31,ORDINARIA,PRESENCIAL,PT,1
137359,2143,2026-03-31,ORDINARIA,PRESENCIAL,MDB,1
137360,2143,2026-03-31,ORDINARIA,PRESENCIAL,MDB,1
137361,2143,2026-03-31,ORDINARIA,PRESENCIAL,MDB,1
137362,2143,2026-03-31,ORDINARIA,PRESENCIAL,PL,1
137363,2143,2026-03-31,ORDINARIA,PRESENCIAL,INVÁLIDO,1
137364,2143,2026-03-31,ORDINARIA,PRESENCIAL,PL,1
137365,2143,2026-03-31,ORDINARIA,PRESENCIAL,REPUBLICANOS,1
137366,2143,2026-03-31,ORDINARIA,PRESENCIAL,PSOL,1
137367,2143,2026-03-31,ORDINARIA,PRESENCIAL,PP,1
137368,2143,2026-03-31,ORDINARIA,PRESENCIAL,PP,1
137369,2143,2026-03-31,ORDINARIA,PRESENCIAL,PT,1
137370,2143,2026-03-31,ORDINARIA,PRESENCIAL,PODEMOS,1
137371,2143,2026-03-31,ORDINARIA,PRESENCIAL,PRD,1
137372,2143,2026-03-31,ORDINARIA,PRESENCIAL,PL,1
137373,2143,2026-03-31,ORDINARIA,PRESENCIAL,PL,1
137374,2143,2026-03-31,ORDINARIA,PRESENCIAL,MDB,1
137375,2145,2026-04-30,ORDINARIA,PRESENCIAL,PSOL,1
137376,2148,2026-05-05,ORDINARIA,PRESENCIAL,PT,1
137377,2148,2026-05-05,ORDINARIA,PRESENCIAL,MDB,1
137378,2148,2026-05-05,ORDINARIA,PRESENCIAL,PSB,1
137379,2148,2026-05-05,ORDINARIA,PRESENCIAL,REPUBLICANOS,1
137380,2148,2026-05-05,ORDINARIA,PRESENCIAL,UNIÃO,1
137381,2148,2026-05-05,ORDINARIA,PRESENCIAL,PSOL,1
137382,2148,2026-05-05,ORDINARIA,PRESENCIAL,PT,2
137383,2148,2026-05-05,ORDINARIA,PRESENCIAL,MDB,1
137384,2148,2026-05-05,ORDINARIA,PRESENCIAL,MDB,1
137385,2148,2026-05-05,ORDINARIA,PRESENCIAL,MDB,1
137386,2148,2026-05-05,ORDINARIA,PRESENCIAL,PL,1
137387,2148,2026-05-05,ORDINARIA,PRESENCIAL,INVÁLIDO,1
137388,2148,2026-05-05,ORDINARIA,PRESENCIAL,PL,1
137389,2148,2026-05-05,ORDINARIA,PRESENCIAL,REPUBLICANOS,1
137390,2148,2026-05-05,ORDINARIA,PRESENCIAL,PSOL,2
137391,2148,2026-05-05,ORDINARIA,PRESENCIAL,PP,1
137392,2148,2026-05-05,ORDINARIA,PRESENCIAL,INVÁLIDO,1
137393,2148,2026-05-05,ORDINARIA,PRESENCIAL,PP,1
137394,2148,2026-05-05,ORDINARIA,PRESENCIAL,PT,1
137395,2148,2026-05-05,ORDINARIA,PRESENCIAL,PSD,1
137396,2148,2026-05-05,ORDINARIA,PRESENCIAL,PL,1
137397,2148,2026-05-05,ORDINARIA,PRESENCIAL,PL,1
137398,2148,2026-05-05,ORDINARIA,PRESENCIAL,MDB,1
137399,2149,2026-05-12,EXTRAORDINARIA,PRESENCIAL,PT,1
137400,2149,2026-05-12,EXTRAORDINARIA,PRESENCIAL,PSB,1
137401,2149,2026-05-12,EXTRAORDINARIA,PRESENCIAL,REPUBLICANOS,1
137402,2149,2026-05-12,EXTRAORDINARIA,PRESENCIAL,UNIÃO,1
137403,2149,2026-05-12,EXTRAORDINARIA,PRESENCIAL,PSOL,1
137404,2149,2026-05-12,EXTRAORDINARIA,PRESENCIAL,PT,1
137405,2149,2026-05-12,EXTRAORDINARIA,PRESENCIAL,MDB,1
137406,2149,2026-05-12,EXTRAORDINARIA,PRESENCIAL,MDB,1
137407,2149,2026-05-12,EXTRAORDINARIA,PRESENCIAL,MDB,1
137408,2149,2026-05-12,EXTRAORDINARIA,PRESENCIAL,PL,1
137409,2149,2026-05-12,EXTRAORDINARIA,PRESENCIAL,REPUBLICANOS,1
137410,2149,2026-05-12,EXTRAORDINARIA,PRESENCIAL,PSOL,1
137411,2149,2026-05-12,EXTRAORDINARIA,PRESENCIAL,PP,1
137412,2149,2026-05-12,EXTRAORDINARIA,PRESENCIAL,PP,1
137413,2149,2026-05-12,EXTRAORDINARIA,PRESENCIAL,PT,1
137414,2149,2026-05-12,EXTRAORDINARIA,PRESENCIAL,PSD,1
137415,2149,2026-05-12,EXTRAORDINARIA,PRESENCIAL,PL,1
137416,2149,2026-05-12,EXTRAORDINARIA,PRESENCIAL,MDB,1
137417,2150,2026-05-06,ORDINARIA,PRESENCIAL,PT,1
137418,2150,2026-05-06,ORDINARIA,PRESENCIAL,REPUBLICANOS,1
137419,2150,2026-05-06,ORDINARIA,PRESENCIAL,PSOL,1
137420,2150,2026-05-06,ORDINARIA,PRESENCIAL,PT,1
137421,2150,2026-05-06,ORDINARIA,PRESENCIAL,MDB,1
137422,2150,2026-05-06,ORDINARIA,PRESENCIAL,MDB,1
137423,2150,2026-05-06,ORDINARIA,PRESENCIAL,PL,1
137424,2150,2026-05-06,ORDINARIA,PRESENCIAL,REPUBLICANOS,1
137425,2150,2026-05-06,ORDINARIA,PRESENCIAL,PSOL,1
137426,2150,2026-05-06,ORDINARIA,PRESENCIAL,PP,1
137427,2150,2026-05-06,ORDINARIA,PRESENCIAL,PP,1
137428,2150,2026-05-06,ORDINARIA,PRESENCIAL,PT,1
137429,2150,2026-05-06,ORDINARIA,PRESENCIAL,PSD,1
137430,2150,2026-05-06,ORDINARIA,PRESENCIAL,PL,1
137431,2150,2026-05-06,ORDINARIA,PRESENCIAL,PL,1
137432,2152,2026-05-07,ORDINARIA,PRESENCIAL,PP,1
137433,2152,2026-05-07,ORDINARIA,PRESENCIAL,PT,1
137434,2159,2026-05-12,ORDINARIA,PRESENCIAL,PT,1
137435,2159,2026-05-12,ORDINARIA,PRESENCIAL,PSB,1
137436,2159,2026-05-12,ORDINARIA,PRESENCIAL,REPUBLICANOS,1
137437,2159,2026-05-12,ORDINARIA,PRESENCIAL,UNIÃO,1
137438,2159,2026-05-12,ORDINARIA,PRESENCIAL,PSOL,1
137439,2159,2026-05-12,ORDINARIA,PRESENCIAL,PT,1
137440,2159,2026-05-12,ORDINARIA,PRESENCIAL,MDB,1
137441,2159,2026-05-12,ORDINARIA,PRESENCIAL,MDB,1
137442,2159,2026-05-12,ORDINARIA,PRESENCIAL,MDB,1
137443,2159,2026-05-12,ORDINARIA,PRESENCIAL,PL,1
137444,2159,2026-05-12,ORDINARIA,PRESENCIAL,INVÁLIDO,1
137445,2159,2026-05-12,ORDINARIA,PRESENCIAL,PL,1
137446,2159,2026-05-12,ORDINARIA,PRESENCIAL,REPUBLICANOS,1
137447,2159,2026-05-12,ORDINARIA,PRESENCIAL,PSOL,1
137448,2159,2026-05-12,ORDINARIA,PRESENCIAL,PP,1
137449,2159,2026-05-12,ORDINARIA,PRESENCIAL,INVÁLIDO,1
137450,2159,2026-05-12,ORDINARIA,PRESENCIAL,PP,1
137451,2159,2026-05-12,ORDINARIA,PRESENCIAL,PT,1
137452,2159,2026-05-12,ORDINARIA,PRESENCIAL,PODEMOS,1
137453,2159,2026-05-12,ORDINARIA,PRESENCIAL,PSD,1
137454,2159,2026-05-12,ORDINARIA,PRESENCIAL,PL,1
137455,2159,2026-05-12,ORDINARIA,PRESENCIAL,PL,1
137456,2159,2026-05-12,ORDINARIA,PRESENCIAL,MDB,1
137457,2161,2026-05-13,ORDINARIA,PRESENCIAL,PT,1
137458,2161,2026-05-13,ORDINARIA,PRESENCIAL,REPUBLICANOS,1
137459,2161,2026-05-13,ORDINARIA,PRESENCIAL,UNIÃO,1
137460,2161,2026-05-13,ORDINARIA,PRESENCIAL,PSOL,1
137461,2161,2026-05-13,ORDINARIA,PRESENCIAL,PT,1
137462,2161,2026-05-13,ORDINARIA,PRESENCIAL,MDB,1
137463,2161,2026-05-13,ORDINARIA,PRESENCIAL,PL,1
137464,2161,2026-05-13,ORDINARIA,PRESENCIAL,REPUBLICANOS,1
137465,2161,2026-05-13,ORDINARIA,PRESENCIAL,PSOL,1
137466,2161,2026-05-13,ORDINARIA,PRESENCIAL,PP,1
137467,2161,2026-05-13,ORDINARIA,PRESENCIAL,PP,1
137468,2161,2026-05-13,ORDINARIA,PRESENCIAL,PSD,1
137469,2161,2026-05-13,ORDINARIA,PRESENCIAL,PL,1
137470,2161,2026-05-13,ORDINARIA,PRESENCIAL,MDB,1
137471,2163,2026-05-14,ORDINARIA,PRESENCIAL,INVÁLIDO,1
137472,2170,2026-05-19,ORDINARIA,PRESENCIAL,PT,2
137473,2170,2026-05-19,ORDINARIA,PRESENCIAL,REPUBLICANOS,1
137474,2170,2026-05-19,ORDINARIA,PRESENCIAL,UNIÃO,2
137475,2170,2026-05-19,ORDINARIA,PRESENCIAL,PSOL,2
137476,2170,2026-05-19,ORDINARIA,PRESENCIAL,PT,2
137477,2170,2026-05-19,ORDINARIA,PRESENCIAL,MDB,2
137478,2170,2026-05-19,ORDINARIA,PRESENCIAL,MDB,1
137479,2170,2026-05-19,ORDINARIA,PRESENCIAL,MDB,2
137480,2170,2026-05-19,ORDINARIA,PRESENCIAL,PL,1
137481,2170,2026-05-19,ORDINARIA,PRESENCIAL,INVÁLIDO,1
137482,2170,2026-05-19,ORDINARIA,PRESENCIAL,REPUBLICANOS,1
137483,2170,2026-05-19,ORDINARIA,PRESENCIAL,PSOL,1
137484,2170,2026-05-19,ORDINARIA,PRESENCIAL,PP,2
137485,2170,2026-05-19,ORDINARIA,PRESENCIAL,PP,2
137486,2170,2026-05-19,ORDINARIA,PRESENCIAL,PT,1
137487,2170,2026-05-19,ORDINARIA,PRESENCIAL,PODEMOS,1
137488,2170,2026-05-19,ORDINARIA,PRESENCIAL,PSD,1
137489,2170,2026-05-19,ORDINARIA,PRESENCIAL,PL,2
137490,2170,2026-05-19,ORDINARIA,PRESENCIAL,MDB,2
137491,2171,2026-03-10,ORDINARIA,PRESENCIAL,PT,1
137492,2171,2026-03-10,ORDINARIA,PRESENCIAL,PSB,1
137493,2171,2026-03-10,ORDINARIA,PRESENCIAL,REPUBLICANOS,1
137494,2171,2026-03-10,ORDINARIA,PRESENCIAL,UNIÃO,1
137495,2171,2026-03-10,ORDINARIA,PRESENCIAL,PSOL,1
137496,2171,2026-03-10,ORDINARIA,PRESENCIAL,PT,1
137497,2171,2026-03-10,ORDINARIA,PRESENCIAL,MDB,1
137498,2171,2026-03-10,ORDINARIA,PRESENCIAL,MDB,1
137499,2171,2026-03-10,ORDINARIA,PRESENCIAL,AVANTE,1
137500,2171,2026-03-10,ORDINARIA,PRESENCIAL,REPUBLICANOS,1
137501,2171,2026-03-10,ORDINARIA,PRESENCIAL,PSOL,1
137502,2171,2026-03-10,ORDINARIA,PRESENCIAL,PP,1
137503,2171,2026-03-10,ORDINARIA,PRESENCIAL,PP,1
137504,2171,2026-03-10,ORDINARIA,PRESENCIAL,PT,1
137505,2171,2026-03-10,ORDINARIA,PRESENCIAL,PSD,1
137506,2171,2026-03-10,ORDINARIA,PRESENCIAL,PRD,1
137507,2171,2026-03-10,ORDINARIA,PRESENCIAL,PL,1
137508,2171,2026-03-10,ORDINARIA,PRESENCIAL,MDB,1
137509,2172,2026-03-17,EXTRAORDINARIA,PRESENCIAL,PT,1
137510,2172,2026-03-17,EXTRAORDINARIA,PRESENCIAL,PSB,1
137511,2172,2026-03-17,EXTRAORDINARIA,PRESENCIAL,REPUBLICANOS,1
137512,2172,2026-03-17,EXTRAORDINARIA,PRESENCIAL,UNIÃO,1
137513,2172,2026-03-17,EXTRAORDINARIA,PRESENCIAL,PSOL,1
137514,2172,2026-03-17,EXTRAORDINARIA,PRESENCIAL,MDB,1
137515,2172,2026-03-17,EXTRAORDINARIA,PRESENCIAL,MDB,1
137516,2172,2026-03-17,EXTRAORDINARIA,PRESENCIAL,PL,1
137517,2172,2026-03-17,EXTRAORDINARIA,PRESENCIAL,PSOL,1
137518,2172,2026-03-17,EXTRAORDINARIA,PRESENCIAL,PP,1
137519,2172,2026-03-17,EXTRAORDINARIA,PRESENCIAL,PP,1
137520,2172,2026-03-17,EXTRAORDINARIA,PRESENCIAL,PT,1
137521,2172,2026-03-17,EXTRAORDINARIA,PRESENCIAL,PSD,1
137522,2172,2026-03-17,EXTRAORDINARIA,PRESENCIAL,PRD,1
137523,2172,2026-03-17,EXTRAORDINARIA,PRESENCIAL,PL,1
137524,2172,2026-03-17,EXTRAORDINARIA,PRESENCIAL,MDB,1
137525,2173,2026-03-11,ORDINARIA,PRESENCIAL,PT,1
137526,2173,2026-03-11,ORDINARIA,PRESENCIAL,REPUBLICANOS,1
137527,2173,2026-03-11,ORDINARIA,PRESENCIAL,PSOL,1
137528,2173,2026-03-11,ORDINARIA,PRESENCIAL,PT,1
137529,2173,2026-03-11,ORDINARIA,PRESENCIAL,MDB,1
137530,2173,2026-03-11,ORDINARIA,PRESENCIAL,MDB,1
137531,2173,2026-03-11,ORDINARIA,PRESENCIAL,AVANTE,1
137532,2173,2026-03-11,ORDINARIA,PRESENCIAL,REPUBLICANOS,1
137533,2173,2026-03-11,ORDINARIA,PRESENCIAL,PSOL,1
137534,2173,2026-03-11,ORDINARIA,PRESENCIAL,PP,1
137535,2173,2026-03-11,ORDINARIA,PRESENCIAL,PP,1
137536,2173,2026-03-11,ORDINARIA,PRESENCIAL,PT,1
137537,2173,2026-03-11,ORDINARIA,PRESENCIAL,PRD,1
137538,2173,2026-03-11,ORDINARIA,PRESENCIAL,PL,1
137539,2173,2026-03-11,ORDINARIA,PRESENCIAL,PL,1
137540,2176,2026-03-12,ORDINARIA,PRESENCIAL,INVÁLIDO,1
137541,2183,2026-05-19,EXTRAORDINARIA,PRESENCIAL,PT,1
137542,2183,2026-05-19,EXTRAORDINARIA,PRESENCIAL,REPUBLICANOS,1
137543,2183,2026-05-19,EXTRAORDINARIA,PRESENCIAL,UNIÃO,1
137544,2183,2026-05-19,EXTRAORDINARIA,PRESENCIAL,PSOL,1
137545,2183,2026-05-19,EXTRAORDINARIA,PRESENCIAL,PT,1
137546,2183,2026-05-19,EXTRAORDINARIA,PRESENCIAL,MDB,1
137547,2183,2026-05-19,EXTRAORDINARIA,PRESENCIAL,MDB,1
137548,2183,2026-05-19,EXTRAORDINARIA,PRESENCIAL,MDB,1
137549,2183,2026-05-19,EXTRAORDINARIA,PRESENCIAL,INVÁLIDO,1
137550,2183,2026-05-19,EXTRAORDINARIA,PRESENCIAL,REPUBLICANOS,1
137551,2183,2026-05-19,EXTRAORDINARIA,PRESENCIAL,PSOL,1
137552,2183,2026-05-19,EXTRAORDINARIA,PRESENCIAL,PP,1
137553,2183,2026-05-19,EXTRAORDINARIA,PRESENCIAL,PP,1
137554,2183,2026-05-19,EXTRAORDINARIA,PRESENCIAL,PSD,1
137555,2183,2026-05-19,EXTRAORDINARIA,PRESENCIAL,MDB,1
137556,2185,2026-05-20,ORDINARIA,PRESENCIAL,PT,1
137557,2185,2026-05-20,ORDINARIA,PRESENCIAL,REPUBLICANOS,1
137558,2185,2026-05-20,ORDINARIA,PRESENCIAL,UNIÃO,1
137559,2185,2026-05-20,ORDINARIA,PRESENCIAL,PSOL,1
137560,2185,2026-05-20,ORDINARIA,PRESENCIAL,PT,1
137561,2185,2026-05-20,ORDINARIA,PRESENCIAL,MDB,1
137562,2185,2026-05-20,ORDINARIA,PRESENCIAL,PL,1
137563,2185,2026-05-20,ORDINARIA,PRESENCIAL,REPUBLICANOS,1
137564,2185,2026-05-20,ORDINARIA,PRESENCIAL,PSOL,1
137565,2185,2026-05-20,ORDINARIA,PRESENCIAL,PP,1
137566,2185,2026-05-20,ORDINARIA,PRESENCIAL,PT,1
137567,2185,2026-05-20,ORDINARIA,PRESENCIAL,PSD,1
137568,2185,2026-05-20,ORDINARIA,PRESENCIAL,PL,1
137569,2185,2026-05-20,ORDINARIA,PRESENCIAL,PL,1
137570,2185,2026-05-20,ORDINARIA,PRESENCIAL,MDB,1
137571,2186,2026-06-09,EXTRAORDINARIA,PRESENCIAL,PT,1
137572,2186,2026-06-09,EXTRAORDINARIA,PRESENCIAL,PSB,1
137573,2186,2026-06-09,EXTRAORDINARIA,PRESENCIAL,REPUBLICANOS,1
137574,2186,2026-06-09,EXTRAORDINARIA,PRESENCIAL,UNIÃO,1
137575,2186,2026-06-09,EXTRAORDINARIA,PRESENCIAL,PSOL,1
137576,2186,2026-06-09,EXTRAORDINARIA,PRESENCIAL,PT,1
137577,2186,2026-06-09,EXTRAORDINARIA,PRESENCIAL,MDB,1
137578,2186,2026-06-09,EXTRAORDINARIA,PRESENCIAL,MDB,1
137579,2186,2026-06-09,EXTRAORDINARIA,PRESENCIAL,MDB,1
137580,2186,2026-06-09,EXTRAORDINARIA,PRESENCIAL,PL,1
137581,2186,2026-06-09,EXTRAORDINARIA,PRESENCIAL,INVÁLIDO,1
137582,2186,2026-06-09,EXTRAORDINARIA,PRESENCIAL,REPUBLICANOS,1
137583,2186,2026-06-09,EXTRAORDINARIA,PRESENCIAL,PSOL,1
137584,2186,2026-06-09,EXTRAORDINARIA,PRESENCIAL,PP,1
137585,2186,2026-06-09,EXTRAORDINARIA,PRESENCIAL,INVÁLIDO,1
137586,2186,2026-06-09,EXTRAORDINARIA,PRESENCIAL,PP,1
137587,2186,2026-06-09,EXTRAORDINARIA,PRESENCIAL,PT,1
137588,2186,2026-06-09,EXTRAORDINARIA,PRESENCIAL,PODEMOS,1
137589,2186,2026-06-09,EXTRAORDINARIA,PRESENCIAL,PSD,1
137590,2186,2026-06-09,EXTRAORDINARIA,PRESENCIAL,PL,1
137591,2186,2026-06-09,EXTRAORDINARIA,PRESENCIAL,MDB,1
137592,2188,2026-05-21,ORDINARIA,PRESENCIAL,PT,1
137593,2191,2026-05-26,ORDINARIA,PRESENCIAL,PT,1
137594,2191,2026-05-26,ORDINARIA,PRESENCIAL,MDB,1
137595,2191,2026-05-26,ORDINARIA,PRESENCIAL,PSB,1
137596,2191,2026-05-26,ORDINARIA,PRESENCIAL,REPUBLICANOS,1
137597,2191,2026-05-26,ORDINARIA,PRESENCIAL,UNIÃO,1
137598,2191,2026-05-26,ORDINARIA,PRESENCIAL,PSOL,1
137599,2191,2026-05-26,ORDINARIA,PRESENCIAL,PT,1
137600,2191,2026-05-26,ORDINARIA,PRESENCIAL,MDB,1
137601,2191,2026-05-26,ORDINARIA,PRESENCIAL,MDB,1
137602,2191,2026-05-26,ORDINARIA,PRESENCIAL,MDB,1
137603,2191,2026-05-26,ORDINARIA,PRESENCIAL,PL,1
137604,2191,2026-05-26,ORDINARIA,PRESENCIAL,REPUBLICANOS,1
137605,2191,2026-05-26,ORDINARIA,PRESENCIAL,PSOL,1
137606,2191,2026-05-26,ORDINARIA,PRESENCIAL,PP,1
137607,2191,2026-05-26,ORDINARIA,PRESENCIAL,PP,1
137608,2191,2026-05-26,ORDINARIA,PRESENCIAL,PT,1
137609,2191,2026-05-26,ORDINARIA,PRESENCIAL,PODEMOS,1
137610,2191,2026-05-26,ORDINARIA,PRESENCIAL,PSD,1
137611,2191,2026-05-26,ORDINARIA,PRESENCIAL,PL,1
137612,2191,2026-05-26,ORDINARIA,PRESENCIAL,PL,1
137613,2191,2026-05-26,ORDINARIA,PRESENCIAL,MDB,1
137614,2192,2026-05-27,ORDINARIA,PRESENCIAL,PT,1
137615,2192,2026-05-27,ORDINARIA,PRESENCIAL,UNIÃO,1
137616,2192,2026-05-27,ORDINARIA,PRESENCIAL,PSOL,1
137617,2192,2026-05-27,ORDINARIA,PRESENCIAL,PT,1
137618,2192,2026-05-27,ORDINARIA,PRESENCIAL,MDB,1
137619,2192,2026-05-27,ORDINARIA,PRESENCIAL,PL,1
137620,2192,2026-05-27,ORDINARIA,PRESENCIAL,REPUBLICANOS,1
137621,2192,2026-05-27,ORDINARIA,PRESENCIAL,PSOL,1
137622,2192,2026-05-27,ORDINARIA,PRESENCIAL,PP,1
137623,2192,2026-05-27,ORDINARIA,PRESENCIAL,PP,1
137624,2192,2026-05-27,ORDINARIA,PRESENCIAL,PODEMOS,1
137625,2192,2026-05-27,ORDINARIA,PRESENCIAL,PSD,1
137626,2192,2026-05-27,ORDINARIA,PRESENCIAL,PL,1
137627,2192,2026-05-27,ORDINARIA,PRESENCIAL,PL,1
137628,2193,2026-05-28,ORDINARIA,PRESENCIAL,PSOL,1
137629,2199,2026-06-02,ORDINARIA,PRESENCIAL,MDB,1
137630,2199,2026-06-02,ORDINARIA,PRESENCIAL,REPUBLICANOS,1
137631,2199,2026-06-02,ORDINARIA,PRESENCIAL,PSOL,1
137632,2199,2026-06-02,ORDINARIA,PRESENCIAL,PT,1
137633,2199,2026-06-02,ORDINARIA,PRESENCIAL,MDB,1
137634,2199,2026-06-02,ORDINARIA,PRESENCIAL,MDB,1
137635,2199,2026-06-02,ORDINARIA,PRESENCIAL,PL,1
137636,2199,2026-06-02,ORDINARIA,PRESENCIAL,INVÁLIDO,1
137637,2199,2026-06-02,ORDINARIA,PRESENCIAL,PL,1
137638,2199,2026-06-02,ORDINARIA,PRESENCIAL,REPUBLICANOS,1
137639,2199,2026-06-02,ORDINARIA,PRESENCIAL,PSOL,1
137640,2199,2026-06-02,ORDINARIA,PRESENCIAL,PP,1
137641,2199,2026-06-02,ORDINARIA,PRESENCIAL,PT,1
137642,2199,2026-06-02,ORDINARIA,PRESENCIAL,PODEMOS,1
137643,2199,2026-06-02,ORDINARIA,PRESENCIAL,PSD,1
137644,2199,2026-06-02,ORDINARIA,PRESENCIAL,MDB,1
137645,2200,2026-06-03,ORDINARIA,PRESENCIAL,PT,1
137646,2200,2026-06-03,ORDINARIA,PRESENCIAL,PSB,1
137647,2200,2026-06-03,ORDINARIA,PRESENCIAL,REPUBLICANOS,1
137648,2200,2026-06-03,ORDINARIA,PRESENCIAL,PSOL,1
137649,2200,2026-06-03,ORDINARIA,PRESENCIAL,PT,1
137650,2200,2026-06-03,ORDINARIA,PRESENCIAL,MDB,1
137651,2200,2026-06-03,ORDINARIA,PRESENCIAL,MDB,1
137652,2200,2026-06-03,ORDINARIA,PRESENCIAL,INVÁLIDO,1
137653,2200,2026-06-03,ORDINARIA,PRESENCIAL,REPUBLICANOS,1
137654,2200,2026-06-03,ORDINARIA,PRESENCIAL,PSOL,1
137655,2200,2026-06-03,ORDINARIA,PRESENCIAL,PT,1
137656,2200,2026-06-03,ORDINARIA,PRESENCIAL,PSD,1
137657,2203,2026-06-09,ORDINARIA,PRESENCIAL,PT,2
137658,2203,2026-06-09,ORDINARIA,PRESENCIAL,PSB,2
137659,2203,2026-06-09,ORDINARIA,PRESENCIAL,REPUBLICANOS,3
137660,2203,2026-06-09,ORDINARIA,PRESENCIAL,UNIÃO,2
137661,2203,2026-06-09,ORDINARIA,PRESENCIAL,PSOL,2
137662,2203,2026-06-09,ORDINARIA,PRESENCIAL,PT,2
137663,2203,2026-06-09,ORDINARIA,PRESENCIAL,MDB,1
137664,2203,2026-06-09,ORDINARIA,PRESENCIAL,MDB,2
137665,2203,2026-06-09,ORDINARIA,PRESENCIAL,MDB,2
137666,2203,2026-06-09,ORDINARIA,PRESENCIAL,PL,2
137667,2203,2026-06-09,ORDINARIA,PRESENCIAL,INVÁLIDO,2
137668,2203,2026-06-09,ORDINARIA,PRESENCIAL,REPUBLICANOS,2
137669,2203,2026-06-09,ORDINARIA,PRESENCIAL,PSOL,1
137670,2203,2026-06-09,ORDINARIA,PRESENCIAL,PP,1
137671,2203,2026-06-09,ORDINARIA,PRESENCIAL,INVÁLIDO,2
137672,2203,2026-06-09,ORDINARIA,PRESENCIAL,PP,2
137673,2203,2026-06-09,ORDINARIA,PRESENCIAL,PT,2
137674,2203,2026-06-09,ORDINARIA,PRESENCIAL,PODEMOS,1
137675,2203,2026-06-09,ORDINARIA,PRESENCIAL,PSD,1
137676,2203,2026-06-09,ORDINARIA,PRESENCIAL,PL,2
137677,2203,2026-06-09,ORDINARIA,PRESENCIAL,PL,1
137678,2203,2026-06-09,ORDINARIA,PRESENCIAL,MDB,2
137679,2204,2026-06-10,ORDINARIA,PRESENCIAL,PT,1
137680,2204,2026-06-10,ORDINARIA,PRESENCIAL,REPUBLICANOS,1
137681,2204,2026-06-10,ORDINARIA,PRESENCIAL,PSOL,1
137682,2204,2026-06-10,ORDINARIA,PRESENCIAL,PT,1
137683,2204,2026-06-10,ORDINARIA,PRESENCIAL,MDB,1
137684,2204,2026-06-10,ORDINARIA,PRESENCIAL,PL,1
137685,2204,2026-06-10,ORDINARIA,PRESENCIAL,PL,1
137686,2204,2026-06-10,ORDINARIA,PRESENCIAL,REPUBLICANOS,1
137687,2204,2026-06-10,ORDINARIA,PRESENCIAL,PSOL,1
137688,2204,2026-06-10,ORDINARIA,PRESENCIAL,PP,1
137689,2204,2026-06-10,ORDINARIA,PRESENCIAL,PP,1
137690,2204,2026-06-10,ORDINARIA,PRESENCIAL,PT,1
137691,2204,2026-06-10,ORDINARIA,PRESENCIAL,PSD,1
137692,2204,2026-06-10,ORDINARIA,PRESENCIAL,PL,1
137693,2204,2026-06-10,ORDINARIA,PRESENCIAL,PL,1
137694,2205,2026-06-11,ORDINARIA,PRESENCIAL,PP,1
137695,2213,2026-06-23,ORDINARIA,PRESENCIAL,PT,1
137696,2213,2026-06-23,ORDINARIA,PRESENCIAL,REPUBLICANOS,1
137697,2213,2026-06-23,ORDINARIA,PRESENCIAL,UNIÃO,1
137698,2213,2026-06-23,ORDINARIA,PRESENCIAL,PSOL,1
137699,2213,2026-06-23,ORDINARIA,PRESENCIAL,PT,1
137700,2213,2026-06-23,ORDINARIA,PRESENCIAL,MDB,1
137701,2213,2026-06-23,ORDINARIA,PRESENCIAL,MDB,1
137702,2213,2026-06-23,ORDINARIA,PRESENCIAL,INVÁLIDO,1
137703,2213,2026-06-23,ORDINARIA,PRESENCIAL,PSOL,1
137704,2213,2026-06-23,ORDINARIA,PRESENCIAL,PP,1
137705,2213,2026-06-23,ORDINARIA,PRESENCIAL,INVÁLIDO,1
137706,2213,2026-06-23,ORDINARIA,PRESENCIAL,PP,1
137707,2213,2026-06-23,ORDINARIA,PRESENCIAL,PT,1
137708,2213,2026-06-23,ORDINARIA,PRESENCIAL,PODEMOS,1
137709,2213,2026-06-23,ORDINARIA,PRESENCIAL,PSD,1
137710,2213,2026-06-23,ORDINARIA,PRESENCIAL,PL,1
137711,2213,2026-06-23,ORDINARIA,PRESENCIAL,PL,1
137712,2213,2026-06-23,ORDINARIA,PRESENCIAL,MDB,1
137713,2218,2026-06-30,ORDINARIA,PRESENCIAL,PT,1
137714,2218,2026-06-30,ORDINARIA,PRESENCIAL,PSB,1
137715,2218,2026-06-30,ORDINARIA,PRESENCIAL,REPUBLICANOS,1
137716,2218,2026-06-30,ORDINARIA,PRESENCIAL,UNIÃO,1
137717,2218,2026-06-30,ORDINARIA,PRESENCIAL,PSOL,1
137718,2218,2026-06-30,ORDINARIA,PRESENCIAL,PT,1
137719,2218,2026-06-30,ORDINARIA,PRESENCIAL,MDB,1
137720,2218,2026-06-30,ORDINARIA,PRESENCIAL,MDB,1
137721,2218,2026-06-30,ORDINARIA,PRESENCIAL,MDB,1
137722,2218,2026-06-30,ORDINARIA,PRESENCIAL,PL,1
137723,2218,2026-06-30,ORDINARIA,PRESENCIAL,INVÁLIDO,1
137724,2218,2026-06-30,ORDINARIA,PRESENCIAL,REPUBLICANOS,2
137725,2218,2026-06-30,ORDINARIA,PRESENCIAL,PSOL,1
137726,2218,2026-06-30,ORDINARIA,PRESENCIAL,PP,1
137727,2218,2026-06-30,ORDINARIA,PRESENCIAL,INVÁLIDO,2
137728,2218,2026-06-30,ORDINARIA,PRESENCIAL,PP,1
137729,2218,2026-06-30,ORDINARIA,PRESENCIAL,PT,1
137730,2218,2026-06-30,ORDINARIA,PRESENCIAL,PODEMOS,1
137731,2218,2026-06-30,ORDINARIA,PRESENCIAL,PSD,1
137732,2218,2026-06-30,ORDINARIA,PRESENCIAL,PL,1
137733,2218,2026-06-30,ORDINARIA,PRESENCIAL,PL,1
137734,2218,2026-06-30,ORDINARIA,PRESENCIAL,MDB,1
137735,2219,2026-06-30,EXTRAORDINARIA,PRESENCIAL,PT,1
137736,2219,2026-06-30,EXTRAORDINARIA,PRESENCIAL,PSB,1
137737,2219,2026-06-30,EXTRAORDINARIA,PRESENCIAL,REPUBLICANOS,1
137738,2219,2026-06-30,EXTRAORDINARIA,PRESENCIAL,UNIÃO,1
137739,2219,2026-06-30,EXTRAORDINARIA,PRESENCIAL,PSOL,1
137740,2219,2026-06-30,EXTRAORDINARIA,PRESENCIAL,PT,1
137741,2219,2026-06-30,EXTRAORDINARIA,PRESENCIAL,MDB,1
137742,2219,2026-06-30,EXTRAORDINARIA,PRESENCIAL,MDB,1
137743,2219,2026-06-30,EXTRAORDINARIA,PRESENCIAL,PL,1
137744,2219,2026-06-30,EXTRAORDINARIA,PRESENCIAL,INVÁLIDO,1
137745,2219,2026-06-30,EXTRAORDINARIA,PRESENCIAL,REPUBLICANOS,1
137746,2219,2026-06-30,EXTRAORDINARIA,PRESENCIAL,PSOL,1
137747,2219,2026-06-30,EXTRAORDINARIA,PRESENCIAL,PP,1
137748,2219,2026-06-30,EXTRAORDINARIA,PRESENCIAL,PP,1
137749,2219,2026-06-30,EXTRAORDINARIA,PRESENCIAL,PT,1
137750,2219,2026-06-30,EXTRAORDINARIA,PRESENCIAL,PODEMOS,1
137751,2219,2026-06-30,EXTRAORDINARIA,PRESENCIAL,PSD,1
137752,2219,2026-06-30,EXTRAORDINARIA,PRESENCIAL,PL,1
137753,2219,2026-06-30,EXTRAORDINARIA,PRESENCIAL,PL,1
137754,2219,2026-06-30,EXTRAORDINARIA,PRESENCIAL,MDB,1
137755,2220,2026-06-30,EXTRAORDINARIA,PRESENCIAL,PT,1
137756,2220,2026-06-30,EXTRAORDINARIA,PRESENCIAL,PSB,1
137757,2220,2026-06-30,EXTRAORDINARIA,PRESENCIAL,REPUBLICANOS,1
137758,2220,2026-06-30,EXTRAORDINARIA,PRESENCIAL,UNIÃO,1
137759,2220,2026-06-30,EXTRAORDINARIA,PRESENCIAL,PSOL,1
137760,2220,2026-06-30,EXTRAORDINARIA,PRESENCIAL,PT,1
137761,2220,2026-06-30,EXTRAORDINARIA,PRESENCIAL,MDB,1
137762,2220,2026-06-30,EXTRAORDINARIA,PRESENCIAL,MDB,2
137763,2220,2026-06-30,EXTRAORDINARIA,PRESENCIAL,MDB,1
137764,2220,2026-06-30,EXTRAORDINARIA,PRESENCIAL,PL,1
137765,2220,2026-06-30,EXTRAORDINARIA,PRESENCIAL,REPUBLICANOS,1
137766,2220,2026-06-30,EXTRAORDINARIA,PRESENCIAL,PSOL,1
137767,2220,2026-06-30,EXTRAORDINARIA,PRESENCIAL,PP,1
137768,2220,2026-06-30,EXTRAORDINARIA,PRESENCIAL,INVÁLIDO,1
137769,2220,2026-06-30,EXTRAORDINARIA,PRESENCIAL,PP,1
137770,2220,2026-06-30,EXTRAORDINARIA,PRESENCIAL,PT,1
137771,2220,2026-06-30,EXTRAORDINARIA,PRESENCIAL,PODEMOS,1
137772,2220,2026-06-30,EXTRAORDINARIA,PRESENCIAL,PSD,1
137773,2220,2026-06-30,EXTRAORDINARIA,PRESENCIAL,PL,1
137774,2220,2026-06-30,EXTRAORDINARIA,PRESENCIAL,PL,1
137775,2220,2026-06-30,EXTRAORDINARIA,PRESENCIAL,MDB,1
137776,2225,2026-08-04,ORDINARIA,PRESENCIAL,PT,1
137777,2225,2026-08-04,ORDINARIA,PRESENCIAL,MDB,1
137778,2225,2026-08-04,ORDINARIA,PRESENCIAL,REPUBLICANOS,1
137779,2225,2026-08-04,ORDINARIA,PRESENCIAL,UNIÃO,1
137780,2225,2026-08-04,ORDINARIA,PRESENCIAL,PSOL,1
137781,2225,2026-08-04,ORDINARIA,PRESENCIAL,PT,1
137782,2225,2026-08-04,ORDINARIA,PRESENCIAL,MDB,1
137783,2225,2026-08-04,ORDINARIA,PRESENCIAL,MDB,1
137784,2225,2026-08-04,ORDINARIA,PRESENCIAL,MDB,1
137785,2225,2026-08-04,ORDINARIA,PRESENCIAL,INVÁLIDO,1
137786,2225,2026-08-04,ORDINARIA,PRESENCIAL,REPUBLICANOS,1
137787,2225,2026-08-04,ORDINARIA,PRESENCIAL,PSOL,1
137788,2225,2026-08-04,ORDINARIA,PRESENCIAL,PP,1
137789,2225,2026-08-04,ORDINARIA,PRESENCIAL,INVÁLIDO,1
137790,2225,2026-08-04,ORDINARIA,PRESENCIAL,PT,1
137791,2225,2026-08-04,ORDINARIA,PRESENCIAL,PODEMOS,1
137792,2225,2026-08-04,ORDINARIA,PRESENCIAL,PSD,1
137793,2225,2026-08-04,ORDINARIA,PRESENCIAL,PL,1
137794,2225,2026-08-04,ORDINARIA,PRESENCIAL,PL,1
137795,2225,2026-08-04,ORDINARIA,PRESENCIAL,MDB,1
137796,2228,2026-08-05,ORDINARIA,PRESENCIAL,REPUBLICANOS,1
137797,2228,2026-08-05,ORDINARIA,PRESENCIAL,PSOL,1
137798,2228,2026-08-05,ORDINARIA,PRESENCIAL,MDB,1
137799,2228,2026-08-05,ORDINARIA,PRESENCIAL,REPUBLICANOS,1
137800,2228,2026-08-05,ORDINARIA,PRESENCIAL,PSOL,1
137801,2228,2026-08-05,ORDINARIA,PRESENCIAL,PODEMOS,1
137802,2228,2026-08-05,ORDINARIA,PRESENCIAL,PSD,1
137803,2229,2026-08-06,ORDINARIA,PRESENCIAL,PSOL,1
137804,2233,2026-06-16,ORDINARIA,PRESENCIAL,PT,1
137805,2233,2026-06-16,ORDINARIA,PRESENCIAL,PSB,2
137806,2233,2026-06-16,ORDINARIA,PRESENCIAL,REPUBLICANOS,2
137807,2233,2026-06-16,ORDINARIA,PRESENCIAL,UNIÃO,2
137808,2233,2026-06-16,ORDINARIA,PRESENCIAL,PSOL,1
137809,2233,2026-06-16,ORDINARIA,PRESENCIAL,PT,2
137810,2233,2026-06-16,ORDINARIA,PRESENCIAL,MDB,1
137811,2233,2026-06-16,ORDINARIA,PRESENCIAL,MDB,1
137812,2233,2026-06-16,ORDINARIA,PRESENCIAL,MDB,2
137813,2233,2026-06-16,ORDINARIA,PRESENCIAL,PL,1
137814,2233,2026-06-16,ORDINARIA,PRESENCIAL,INVÁLIDO,1
137815,2233,2026-06-16,ORDINARIA,PRESENCIAL,PL,2
137816,2233,2026-06-16,ORDINARIA,PRESENCIAL,REPUBLICANOS,2
137817,2233,2026-06-16,ORDINARIA,PRESENCIAL,PSOL,1
137818,2233,2026-06-16,ORDINARIA,PRESENCIAL,PP,2
137819,2233,2026-06-16,ORDINARIA,PRESENCIAL,INVÁLIDO,1
137820,2233,2026-06-16,ORDINARIA,PRESENCIAL,PP,1
137821,2233,2026-06-16,ORDINARIA,PRESENCIAL,PT,1
137822,2233,2026-06-16,ORDINARIA,PRESENCIAL,PODEMOS,1
137823,2233,2026-06-16,ORDINARIA,PRESENCIAL,PSD,2
137824,2233,2026-06-16,ORDINARIA,PRESENCIAL,PL,1
137825,2233,2026-06-16,ORDINARIA,PRESENCIAL,PL,2
137826,2233,2026-06-16,ORDINARIA,PRESENCIAL,MDB,2
137827,2234,2026-06-16,EXTRAORDINARIA,PRESENCIAL,PSB,1
137828,2234,2026-06-16,EXTRAORDINARIA,PRESENCIAL,REPUBLICANOS,1
137829,2234,2026-06-16,EXTRAORDINARIA,PRESENCIAL,UNIÃO,1
137830,2234,2026-06-16,EXTRAORDINARIA,PRESENCIAL,PSOL,1
137831,2234,2026-06-16,EXTRAORDINARIA,PRESENCIAL,MDB,1
137832,2234,2026-06-16,EXTRAORDINARIA,PRESENCIAL,MDB,1
137833,2234,2026-06-16,EXTRAORDINARIA,PRESENCIAL,PL,1
137834,2234,2026-06-16,EXTRAORDINARIA,PRESENCIAL,INVÁLIDO,1
137835,2234,2026-06-16,EXTRAORDINARIA,PRESENCIAL,PL,1
137836,2234,2026-06-16,EXTRAORDINARIA,PRESENCIAL,REPUBLICANOS,1
137837,2234,2026-06-16,EXTRAORDINARIA,PRESENCIAL,PP,1
137838,2234,2026-06-16,EXTRAORDINARIA,PRESENCIAL,PP,1
137839,2234,2026-06-16,EXTRAORDINARIA,PRESENCIAL,PSD,1
137840,2234,2026-06-16,EXTRAORDINARIA,PRESENCIAL,PL,2
137841,2234,2026-06-16,EXTRAORDINARIA,PRESENCIAL,MDB,1
137842,2235,2026-06-30,EXTRAORDINARIA,PRESENCIAL,PT,1
137843,2235,2026-06-30,EXTRAORDINARIA,PRESENCIAL,PSB,1
137844,2235,2026-06-30,EXTRAORDINARIA,PRESENCIAL,REPUBLICANOS,1
137845,2235,2026-06-30,EXTRAORDINARIA,PRESENCIAL,UNIÃO,1
137846,2235,2026-06-30,EXTRAORDINARIA,PRESENCIAL,PSOL,1
137847,2235,2026-06-30,EXTRAORDINARIA,PRESENCIAL,PT,1
137848,2235,2026-06-30,EXTRAORDINARIA,PRESENCIAL,MDB,1
137849,2235,2026-06-30,EXTRAORDINARIA,PRESENCIAL,MDB,1
137850,2235,2026-06-30,EXTRAORDINARIA,PRESENCIAL,MDB,1
137851,2235,2026-06-30,EXTRAORDINARIA,PRESENCIAL,PL,1
137852,2235,2026-06-30,EXTRAORDINARIA,PRESENCIAL,INVÁLIDO,1
137853,2235,2026-06-30,EXTRAORDINARIA,PRESENCIAL,REPUBLICANOS,1
137854,2235,2026-06-30,EXTRAORDINARIA,PRESENCIAL,PSOL,1
137855,2235,2026-06-30,EXTRAORDINARIA,PRESENCIAL,PP,1
137856,2235,2026-06-30,EXTRAORDINARIA,PRESENCIAL,INVÁLIDO,1
137857,2235,2026-06-30,EXTRAORDINARIA,PRESENCIAL,PP,1
137858,2235,2026-06-30,EXTRAORDINARIA,PRESENCIAL,PT,1
137859,2235,2026-06-30,EXTRAORDINARIA,PRESENCIAL,PODEMOS,1
137860,2235,2026-06-30,EXTRAORDINARIA,PRESENCIAL,PSD,1
137861,2235,2026-06-30,EXTRAORDINARIA,PRESENCIAL,PL,1
137862,2235,2026-06-30,EXTRAORDINARIA,PRESENCIAL,PL,1
137863,2235,2026-06-30,EXTRAORDINARIA,PRESENCIAL,MDB,1
137864,2237,2026-06-17,ORDINARIA,PRESENCIAL,PT,1
137865,2237,2026-06-17,ORDINARIA,PRESENCIAL,REPUBLICANOS,1
137866,2237,2026-06-17,ORDINARIA,PRESENCIAL,PSOL,1
137867,2237,2026-06-17,ORDINARIA,PRESENCIAL,PT,1
137868,2237,2026-06-17,ORDINARIA,PRESENCIAL,MDB,1
137869,2237,2026-06-17,ORDINARIA,PRESENCIAL,MDB,1
137870,2237,2026-06-17,ORDINARIA,PRESENCIAL,INVÁLIDO,1
137871,2237,2026-06-17,ORDINARIA,PRESENCIAL,PL,1
137872,2237,2026-06-17,ORDINARIA,PRESENCIAL,REPUBLICANOS,1
137873,2237,2026-06-17,ORDINARIA,PRESENCIAL,PSOL,1
137874,2237,2026-06-17,ORDINARIA,PRESENCIAL,PP,1
137875,2237,2026-06-17,ORDINARIA,PRESENCIAL,PT,1
137876,2237,2026-06-17,ORDINARIA,PRESENCIAL,PODEMOS,1
137877,2237,2026-06-17,ORDINARIA,PRESENCIAL,PSD,1
137878,2237,2026-06-17,ORDINARIA,PRESENCIAL,PL,1
137879,2237,2026-06-17,ORDINARIA,PRESENCIAL,PL,1
137880,2239,2026-06-18,ORDINARIA,PRESENCIAL,PT,1
137881,2239,2026-06-18,ORDINARIA,PRESENCIAL,PT,1
137882,2241,2026-08-11,ORDINARIA,PRESENCIAL,PT,1
137883,2241,2026-08-11,ORDINARIA,PRESENCIAL,PSB,1
137884,2241,2026-08-11,ORDINARIA,PRESENCIAL,REPUBLICANOS,1
137885,2241,2026-08-11,ORDINARIA,PRESENCIAL,UNIÃO,1
137886,2241,2026-08-11,ORDINARIA,PRESENCIAL,PSOL,1
137887,2241,2026-08-11,ORDINARIA,PRESENCIAL,PT,1
137888,2241,2026-08-11,ORDINARIA,PRESENCIAL,MDB,1
137889,2241,2026-08-11,ORDINARIA,PRESENCIAL,MDB,1
137890,2241,2026-08-11,ORDINARIA,PRESENCIAL,PL,1
137891,2241,2026-08-11,ORDINARIA,PRESENCIAL,INVÁLIDO,1
137892,2241,2026-08-11,ORDINARIA,PRESENCIAL,REPUBLICANOS,1
137893,2241,2026-08-11,ORDINARIA,PRESENCIAL,PSOL,1
137894,2241,2026-08-11,ORDINARIA,PRESENCIAL,PP,1
137895,2241,2026-08-11,ORDINARIA,PRESENCIAL,INVÁLIDO,1
137896,2241,2026-08-11,ORDINARIA,PRESENCIAL,PP,1
137897,2241,2026-08-11,ORDINARIA,PRESENCIAL,PT,1
137898,2241,2026-08-11,ORDINARIA,PRESENCIAL,PODEMOS,1
137899,2241,2026-08-11,ORDINARIA,PRESENCIAL,PSD,1
137900,2241,2026-08-11,ORDINARIA,PRESENCIAL,PL,1
137901,2241,2026-08-11,ORDINARIA,PRESENCIAL,MDB,1
137902,2244,2026-08-12,ORDINARIA,PRESENCIAL,PT,1
137903,2244,2026-08-12,ORDINARIA,PRESENCIAL,MDB,1
137904,2244,2026-08-12,ORDINARIA,PRESENCIAL,REPUBLICANOS,1
137905,2244,2026-08-12,ORDINARIA,PRESENCIAL,PSOL,1
137906,2244,2026-08-12,ORDINARIA,PRESENCIAL,PT,1
137907,2244,2026-08-12,ORDINARIA,PRESENCIAL,MDB,1
137908,2244,2026-08-12,ORDINARIA,PRESENCIAL,INVÁLIDO,1
137909,2244,2026-08-12,ORDINARIA,PRESENCIAL,PSOL,1
137910,2244,2026-08-12,ORDINARIA,PRESENCIAL,PP,1
137911,2244,2026-08-12,ORDINARIA,PRESENCIAL,PT,1
137912,2244,2026-08-12,ORDINARIA,PRESENCIAL,PODEMOS,1
137913,2244,2026-08-12,ORDINARIA,PRESENCIAL,PSD,1
137914,2245,2026-08-13,ORDINARIA,PRESENCIAL,PT,1
137915,2250,2026-08-18,ORDINARIA,PRESENCIAL,PT,1
137916,2250,2026-08-18,ORDINARIA,PRESENCIAL,REPUBLICANOS,1
137917,2250,2026-08-18,ORDINARIA,PRESENCIAL,UNIÃO,1
137918,2250,2026-08-18,ORDINARIA,PRESENCIAL,PSOL,1
137919,2250,2026-08-18,ORDINARIA,PRESENCIAL,PT,1
137920,2250,2026-08-18,ORDINARIA,PRESENCIAL,MDB,1
137921,2250,2026-08-18,ORDINARIA,PRESENCIAL,MDB,1
137922,2250,2026-08-18,ORDINARIA,PRESENCIAL,PL,1
137923,2250,2026-08-18,ORDINARIA,PRESENCIAL,INVÁLIDO,1
137924,2250,2026-08-18,ORDINARIA,PRESENCIAL,PL,1
137925,2250,2026-08-18,ORDINARIA,PRESENCIAL,REPUBLICANOS,1
137926,2250,2026-08-18,ORDINARIA,PRESENCIAL,PSOL,1
137927,2250,2026-08-18,ORDINARIA,PRESENCIAL,PP,1
137928,2250,2026-08-18,ORDINARIA,PRESENCIAL,INVÁLIDO,1
137929,2250,2026-08-18,ORDINARIA,PRESENCIAL,PP,1
137930,2250,2026-08-18,ORDINARIA,PRESENCIAL,PT,1
137931,2250,2026-08-18,ORDINARIA,PRESENCIAL,PODEMOS,1
137932,2250,2026-08-18,ORDINARIA,PRESENCIAL,PSD,1
137933,2250,2026-08-18,ORDINARIA,PRESENCIAL,PL,1
137934,2250,2026-08-18,ORDINARIA,PRESENCIAL,PL,1
137935,2250,2026-08-18,ORDINARIA,PRESENCIAL,MDB,1
137936,2253,2026-08-19,ORDINARIA,PRESENCIAL,PT,1
137937,2253,2026-08-19,ORDINARIA,PRESENCIAL,MDB,1
137938,2253,2026-08-19,ORDINARIA,PRESENCIAL,INVÁLIDO,1
137939,2253,2026-08-19,ORDINARIA,PRESENCIAL,REPUBLICANOS,1
137940,2253,2026-08-19,ORDINARIA,PRESENCIAL,PSOL,1
137941,2253,2026-08-19,ORDINARIA,PRESENCIAL,PT,1
137942,2253,2026-08-19,ORDINARIA,PRESENCIAL,PSD,1
137943,2253,2026-08-19,ORDINARIA,PRESENCIAL,PL,1
137944,2255,2026-08-20,ORDINARIA,PRESENCIAL,PL,1
137945,2258,2026-08-25,ORDINARIA,PRESENCIAL,PT,1
137946,2258,2026-08-25,ORDINARIA,PRESENCIAL,PSB,1
137947,2258,2026-08-25,ORDINARIA,PRESENCIAL,REPUBLICANOS,1
137948,2258,2026-08-25,ORDINARIA,PRESENCIAL,UNIÃO,1
137949,2258,2026-08-25,ORDINARIA,PRESENCIAL,PSOL,1
137950,2258,2026-08-25,ORDINARIA,PRESENCIAL,PT,1
137951,2258,2026-08-25,ORDINARIA,PRESENCIAL,MDB,1
137952,2258,2026-08-25,ORDINARIA,PRESENCIAL,MDB,1
137953,2258,2026-08-25,ORDINARIA,PRESENCIAL,INVÁLIDO,1
137954,2258,2026-08-25,ORDINARIA,PRESENCIAL,PL,1
137955,2258,2026-08-25,ORDINARIA,PRESENCIAL,PSOL,1
137956,2258,2026-08-25,ORDINARIA,PRESENCIAL,PP,1
137957,2258,2026-08-25,ORDINARIA,PRESENCIAL,INVÁLIDO,1
137958,2258,2026-08-25,ORDINARIA,PRESENCIAL,PP,1
137959,2258,2026-08-25,ORDINARIA,PRESENCIAL,PT,1
137960,2258,2026-08-25,ORDINARIA,PRESENCIAL,PSD,1
137961,2258,2026-08-25,ORDINARIA,PRESENCIAL,PL,1
137962,2258,2026-08-25,ORDINARIA,PRESENCIAL,PL,1
137963,2258,2026-08-25,ORDINARIA,PRESENCIAL,MDB,1
