sk_ato,ordem,tipo_movimento,unidade_orcamentaria,funcao,subfuncao,programa,acao,subtitulo,codigo_ra,natureza,fonte,valor_centavos
141250,1,decrescimo,16101,13,392,6219,9112,4,DISTRITO FEDERAL (INTEIRO),335041,100,10000000
141250,2,acrescimo,22201,15,451,6209,1110,9998,DISTRITO FEDERAL (INTEIRO),449051,100,10000000
141251,1,decrescimo,23901,10,122,6202,4166,74,DISTRITO FEDERAL (INTEIRO),339039,100,100000000
141251,2,acrescimo,23901,10,302,6202,2145,20005,DISTRITO FEDERAL (INTEIRO),339039,100,100000000
141252,1,decrescimo,23901,10,302,6202,4009,16,DISTRITO FEDERAL (INTEIRO),339030,100,100000000
141252,2,acrescimo,23901,10,302,6202,2145,20006,DISTRITO FEDERAL (INTEIRO),339039,100,100000000
141253,1,decrescimo,90101,99,999,9999,9999,1,DISTRITO FEDERAL (INTEIRO),999999,100,100000000
141253,2,acrescimo,23901,10,302,6202,2145,20008,DISTRITO FEDERAL (INTEIRO),339039,100,100000000
141254,1,decrescimo,90101,99,999,9999,9999,1,DISTRITO FEDERAL (INTEIRO),999999,100,100000000
141254,2,acrescimo,23901,10,302,6202,2145,20009,DISTRITO FEDERAL (INTEIRO),339039,100,100000000
141255,1,decrescimo,90101,99,999,9999,9999,1,DISTRITO FEDERAL (INTEIRO),999999,100,100000000
141255,2,acrescimo,23901,10,122,6202,4166,20010,DISTRITO FEDERAL (INTEIRO),339039,100,100000000
141256,1,decrescimo,90101,99,999,9999,9999,1,DISTRITO FEDERAL (INTEIRO),999999,100,100000000
141256,2,acrescimo,23901,10,302,6202,2145,20012,DISTRITO FEDERAL (INTEIRO),339039,100,100000000
141257,1,decrescimo,90101,99,999,9999,9999,1,DISTRITO FEDERAL (INTEIRO),999999,100,100000000
141257,2,acrescimo,23901,10,302,6202,2145,20011,DISTRITO FEDERAL (INTEIRO),339039,100,100000000
141258,1,decrescimo,90101,99,999,9999,9999,1,DISTRITO FEDERAL (INTEIRO),999999,100,100000000
141258,2,acrescimo,23901,10,302,6202,2145,20016,DISTRITO FEDERAL (INTEIRO),339039,100,100000000
141259,1,decrescimo,23901,10,122,6202,4166,71,DISTRITO FEDERAL (INTEIRO),339039,100,100000000
141259,2,acrescimo,23901,10,302,6202,2145,20017,DISTRITO FEDERAL (INTEIRO),339039,100,100000000
141260,1,decrescimo,90101,99,999,9999,9999,1,DISTRITO FEDERAL (INTEIRO),999999,100,100000000
141260,2,acrescimo,23901,10,302,6202,2145,20018,DISTRITO FEDERAL (INTEIRO),339039,100,100000000
141261,1,decrescimo,16101,13,392,6219,9075,281,DISTRITO FEDERAL (INTEIRO),335041,100,10000000
141261,2,decrescimo,20101,11,333,6207,9122,13,DISTRITO FEDERAL (INTEIRO),335041,100,15000000
141261,3,decrescimo,25101,11,333,6207,9122,15,DISTRITO FEDERAL (INTEIRO),335041,100,15000000
141261,4,decrescimo,23901,10,302,6202,3140,14,I,449051,100,20000000
141261,5,decrescimo,22101,15,752,6209,8507,6554,DISTRITO FEDERAL (INTEIRO),339039,100,20000000
141261,6,decrescimo,26205,26,782,6216,5745,58,DISTRITO FEDERAL (INTEIRO),449051,100,20000000
141261,7,acrescimo,23901,10,302,6202,2145,20015,DISTRITO FEDERAL (INTEIRO),339039,100,100000000
141262,1,decrescimo,90101,99,999,9999,9999,1,DISTRITO FEDERAL (INTEIRO),999999,100,100000000
141262,2,acrescimo,23901,10,302,6202,2145,20020,DISTRITO FEDERAL (INTEIRO),339039,100,100000000
141263,1,decrescimo,90101,99,999,9999,9999,1,DISTRITO FEDERAL (INTEIRO),999999,100,100000000
141263,2,acrescimo,23901,10,302,6202,2145,20019,DISTRITO FEDERAL (INTEIRO),339039,100,100000000
141264,1,decrescimo,23901,10,122,6202,4166,81,DISTRITO FEDERAL (INTEIRO),339039,100,100000000
141264,2,acrescimo,23901,10,302,6202,2145,20021,DISTRITO FEDERAL (INTEIRO),339039,100,100000000
141265,1,decrescimo,22201,15,451,6209,1110,9560,DISTRITO FEDERAL (INTEIRO),449051,100,100000000
141265,2,acrescimo,23901,10,302,6202,2145,20022,DISTRITO FEDERAL (INTEIRO),339039,100,100000000
141266,1,decrescimo,90101,99,999,9999,9999,1,DISTRITO FEDERAL (INTEIRO),999999,100,100000000
141266,2,acrescimo,23901,10,302,6202,2145,20023,DISTRITO FEDERAL (INTEIRO),339039,100,100000000
141267,1,decrescimo,90101,99,999,9999,9999,1,DISTRITO FEDERAL (INTEIRO),999999,100,100000000
141267,2,acrescimo,23901,10,302,6202,2145,20024,DISTRITO FEDERAL (INTEIRO),339039,100,100000000
141268,1,decrescimo,90101,99,999,9999,9999,1,DISTRITO FEDERAL (INTEIRO),999999,100,100000000
141268,2,acrescimo,23901,10,302,6202,2145,20025,DISTRITO FEDERAL (INTEIRO),339039,100,100000000
141269,1,decrescimo,24103,10,301,8217,4057,19,DISTRITO FEDERAL (INTEIRO),339039,100,100000000
141269,2,acrescimo,23901,10,302,6202,2145,20026,DISTRITO FEDERAL (INTEIRO),339039,100,100000000
141270,1,decrescimo,90101,99,999,9999,9999,1,DISTRITO FEDERAL (INTEIRO),999999,100,100000000
141270,2,acrescimo,23901,10,302,6202,2145,20027,DISTRITO FEDERAL (INTEIRO),339039,100,100000000
141271,1,decrescimo,23901,10,122,6202,4166,72,DISTRITO FEDERAL (INTEIRO),339039,100,100000000
141271,2,acrescimo,23901,10,302,6202,2145,20028,DISTRITO FEDERAL (INTEIRO),339039,100,100000000
141272,1,decrescimo,23901,10,122,6202,4166,82,DISTRITO FEDERAL (INTEIRO),339039,100,100000000
141272,2,acrescimo,23901,10,302,6202,2145,20029,DISTRITO FEDERAL (INTEIRO),339039,100,100000000
141273,1,decrescimo,20101,11,333,6207,9107,212,DISTRITO FEDERAL (INTEIRO),335041,100,100000000
141273,2,acrescimo,23901,10,302,6202,2145,20030,DISTRITO FEDERAL (INTEIRO),339039,100,100000000
141274,1,decrescimo,21208,18,542,6210,2536,22,DISTRITO FEDERAL (INTEIRO),339039,100,100000000
141274,2,acrescimo,23901,10,302,6202,2145,20031,DISTRITO FEDERAL (INTEIRO),339039,100,100000000
141275,1,decrescimo,23901,10,122,6202,4166,74,DISTRITO FEDERAL (INTEIRO),339039,100,100000000
141275,2,acrescimo,23901,10,302,6202,4166,20032,DISTRITO FEDERAL (INTEIRO),339039,100,100000000
141276,1,decrescimo,23901,10,122,6202,4166,74,DISTRITO FEDERAL (INTEIRO),339039,100,100000000
141276,2,acrescimo,23901,10,302,6202,2145,20033,DISTRITO FEDERAL (INTEIRO),339039,100,100000000
141277,1,decrescimo,27101,23,695,6207,9085,62,DISTRITO FEDERAL (INTEIRO),335041,100,100000000
141277,2,acrescimo,23901,10,122,6202,4166,20034,DISTRITO FEDERAL (INTEIRO),339039,100,100000000
141278,1,decrescimo,27101,23,695,6207,9085,62,DISTRITO FEDERAL (INTEIRO),335041,100,100000000
141278,2,acrescimo,23901,10,302,6202,2145,20035,DISTRITO FEDERAL (INTEIRO),339039,100,100000000
141279,1,decrescimo,17101,8,306,6228,4173,15,DISTRITO FEDERAL (INTEIRO),339032,100,60000000
141279,2,acrescimo,17902,8,244,6228,9073,20182,DISTRITO FEDERAL (INTEIRO),335043,100,60000000
141280,1,decrescimo,90101,99,999,9999,9999,1,DISTRITO FEDERAL (INTEIRO),999999,100,50000000
141280,2,acrescimo,34101,27,811,6206,9080,20036,DISTRITO FEDERAL (INTEIRO),335041,100,50000000
141281,1,decrescimo,17101,8,306,6228,4173,15,DISTRITO FEDERAL (INTEIRO),339032,100,60000000
141281,2,acrescimo,17902,8,244,6228,9073,20037,DISTRITO FEDERAL (INTEIRO),335043,100,60000000
141282,1,decrescimo,90101,99,999,9999,9999,1,DISTRITO FEDERAL (INTEIRO),999999,100,200000000
141282,2,acrescimo,18101,12,122,6221,9068,20084,DISTRITO FEDERAL (INTEIRO),445042,100,200000000
141283,1,decrescimo,90101,99,999,9999,9999,1,DISTRITO FEDERAL (INTEIRO),999999,100,20000000
141283,2,acrescimo,57101,14,122,6211,9107,20085,DISTRITO FEDERAL (INTEIRO),335041,100,20000000
141284,1,decrescimo,90101,99,999,9999,9999,1,DISTRITO FEDERAL (INTEIRO),999999,100,50000000
141284,2,acrescimo,9105,15,451,6209,1110,20071,III,449051,100,50000000
141285,1,decrescimo,90101,99,999,9999,9999,1,DISTRITO FEDERAL (INTEIRO),999999,100,70000000
141285,2,acrescimo,9103,15,451,6209,1110,20072,I,449051,100,70000000
141286,1,decrescimo,90101,99,999,9999,9999,1,DISTRITO FEDERAL (INTEIRO),999999,100,80000000
141286,2,acrescimo,9103,15,451,6209,1836,20073,I,449051,100,80000000
141287,1,decrescimo,90101,99,999,9999,9999,1,DISTRITO FEDERAL (INTEIRO),999999,100,30000000
141287,2,acrescimo,22201,15,451,6209,1110,20074,DISTRITO FEDERAL (INTEIRO),449051,100,30000000
141288,1,decrescimo,90101,99,999,9999,9999,1,DISTRITO FEDERAL (INTEIRO),999999,100,25000000
141288,2,acrescimo,14203,20,606,6201,3724,20075,DISTRITO FEDERAL (INTEIRO),449051,100,25000000
141289,1,decrescimo,90101,99,999,9999,9999,1,DISTRITO FEDERAL (INTEIRO),999999,100,115000000
141289,2,acrescimo,23901,10,122,6202,4166,20076,DISTRITO FEDERAL (INTEIRO),339039,100,115000000
141290,1,decrescimo,90101,99,999,9999,9999,1,DISTRITO FEDERAL (INTEIRO),999999,100,250000000
141290,2,acrescimo,16101,13,392,6219,9075,20077,DISTRITO FEDERAL (INTEIRO),335043,100,250000000
141291,1,decrescimo,90101,99,999,9999,9999,1,DISTRITO FEDERAL (INTEIRO),999999,100,10000000
141291,2,acrescimo,17101,8,244,6228,9107,20078,DISTRITO FEDERAL (INTEIRO),335043,100,10000000
141292,1,decrescimo,90101,99,999,9999,9999,1,DISTRITO FEDERAL (INTEIRO),999999,100,40000000
141292,2,acrescimo,44101,14,422,6211,9107,20079,DISTRITO FEDERAL (INTEIRO),335041,100,40000000
141293,1,decrescimo,90101,99,999,9999,9999,1,DISTRITO FEDERAL (INTEIRO),999999,100,80000000
141293,2,acrescimo,27101,23,695,6207,9085,20080,DISTRITO FEDERAL (INTEIRO),335041,100,80000000
141294,1,decrescimo,90101,99,999,9999,9999,1,DISTRITO FEDERAL (INTEIRO),999999,100,30000000
141294,2,acrescimo,34101,27,812,6206,9080,20081,DISTRITO FEDERAL (INTEIRO),335041,100,30000000
141295,1,decrescimo,90101,99,999,9999,9999,1,DISTRITO FEDERAL (INTEIRO),999999,100,400000000
141295,2,acrescimo,18101,12,122,6221,9068,20083,DISTRITO FEDERAL (INTEIRO),335043,100,400000000
141296,1,decrescimo,20101,11,333,6207,9107,210,DISTRITO FEDERAL (INTEIRO),335041,100,50000000
141296,2,decrescimo,23901,10,302,6202,9107,222,DISTRITO FEDERAL (INTEIRO),445042,100,30000000
141296,3,acrescimo,16101,13,392,6219,9075,278,DISTRITO FEDERAL (INTEIRO),335041,100,80000000
141297,1,decrescimo,23901,10,302,6202,9107,222,DISTRITO FEDERAL (INTEIRO),445042,100,80000000
141297,2,acrescimo,34101,27,811,6206,9080,20066,DISTRITO FEDERAL (INTEIRO),335041,100,80000000
141298,1,decrescimo,23901,10,302,6202,9107,222,DISTRITO FEDERAL (INTEIRO),445042,100,60000000
141298,2,acrescimo,22201,15,451,6209,1110,20087,DISTRITO FEDERAL (INTEIRO),449051,100,60000000
141299,1,decrescimo,18101,12,122,6221,9068,330,DISTRITO FEDERAL (INTEIRO),335043,100,100000000
141299,2,acrescimo,23901,10,122,6202,4166,72,DISTRITO FEDERAL (INTEIRO),339039,100,100000000
141300,1,decrescimo,90101,99,999,9999,9999,1,DISTRITO FEDERAL (INTEIRO),999999,100,80000000
141300,2,acrescimo,9103,25,752,6209,1836,20112,I,449051,100,80000000
141301,1,decrescimo,90101,99,999,9999,9999,1,DISTRITO FEDERAL (INTEIRO),999999,100,250000000
141301,2,acrescimo,16101,13,392,6219,9075,20113,DISTRITO FEDERAL (INTEIRO),335041,100,250000000
141302,1,decrescimo,57101,14,422,6211,4211,7,DISTRITO FEDERAL (INTEIRO),449052,100,30000000
141302,2,acrescimo,57101,14,422,6211,9107,20045,DISTRITO FEDERAL (INTEIRO),335041,100,30000000
141303,1,decrescimo,21208,18,542,6210,9088,17,III,335041,100,20000000
141303,2,acrescimo,21208,18,541,6210,9121,20047,DISTRITO FEDERAL (INTEIRO),335041,100,20000000
141304,1,decrescimo,19211,12,367,6211,3711,6207,DISTRITO FEDERAL (INTEIRO),339036,100,15000000
141304,2,acrescimo,19219,12,367,6211,3711,20163,DISTRITO FEDERAL (INTEIRO),339036,100,15000000
141305,1,decrescimo,9103,25,752,6209,1836,7085,I,449051,100,50000000
141305,2,acrescimo,9103,25,752,6209,8507,6540,I,339039,100,50000000
141306,1,decrescimo,21101,18,541,6210,9107,217,DISTRITO FEDERAL (INTEIRO),335041,100,15000000
141306,2,acrescimo,40201,19,573,6207,9118,20049,DISTRITO FEDERAL (INTEIRO),335041,100,15000000
141307,1,decrescimo,23901,10,122,6202,4166,82,DISTRITO FEDERAL (INTEIRO),339039,100,100000000
141307,2,acrescimo,22201,15,302,6202,3222,20172,II,449051,100,100000000
141308,1,decrescimo,22201,15,451,6209,1110,9562,DISTRITO FEDERAL (INTEIRO),449051,100,25900000
141308,2,acrescimo,9106,15,752,6209,1836,20174,IV,449051,100,25900000
141309,1,decrescimo,90101,99,999,9999,9999,1,DISTRITO FEDERAL (INTEIRO),999999,100,400000000
141309,2,acrescimo,18101,12,122,6221,9068,20084,DISTRITO FEDERAL (INTEIRO),335043,100,400000000
141310,1,decrescimo,90101,99,999,9999,9999,1,DISTRITO FEDERAL (INTEIRO),999999,100,200000000
141310,2,acrescimo,18101,12,122,6221,9068,20084,DISTRITO FEDERAL (INTEIRO),335043,100,200000000
141311,1,decrescimo,90101,99,999,9999,9999,1,DISTRITO FEDERAL (INTEIRO),999999,100,100000000
141311,2,acrescimo,44101,4,122,6211,3009,20183,VI,449051,100,100000000
141312,1,decrescimo,34101,27,812,6206,3048,9648,DISTRITO FEDERAL (INTEIRO),339039,100,20000000
141312,2,decrescimo,34101,27,812,6206,3048,9648,DISTRITO FEDERAL (INTEIRO),449051,100,5000000
141312,3,acrescimo,9128,15,752,6209,8507,6552,XXVI,339039,100,25000000
141313,1,decrescimo,34101,27,812,6206,3048,9648,DISTRITO FEDERAL (INTEIRO),449051,100,15000000
141313,2,decrescimo,9135,15,752,6209,1836,7101,XXXI,449051,100,15000000
141313,3,acrescimo,9107,15,752,6209,8507,6544,V,339039,100,30000000
141314,1,decrescimo,9135,15,752,6209,1836,7101,XXXI,449051,100,5000000
141314,2,acrescimo,9128,15,752,6209,8507,6552,XXVI,339039,100,5000000
141315,1,decrescimo,34101,27,812,6206,1079,49,DISTRITO FEDERAL (INTEIRO),449051,100,50000000
141315,2,decrescimo,26101,26,451,6216,7220,7922,DISTRITO FEDERAL (INTEIRO),449051,100,50000000
141315,3,acrescimo,22201,15,451,6209,1110,9559,DISTRITO FEDERAL (INTEIRO),449051,100,100000000
141316,1,decrescimo,21208,18,542,6210,2536,20,DISTRITO FEDERAL (INTEIRO),339039,100,20000000
141316,2,decrescimo,22201,15,451,6207,3247,9258,DISTRITO FEDERAL (INTEIRO),449051,100,10000000
141316,3,acrescimo,26205,26,782,6217,4197,1,DISTRITO FEDERAL (INTEIRO),339030,100,30000000
141317,1,decrescimo,22201,27,812,6206,3048,9646,DISTRITO FEDERAL (INTEIRO),339039,100,10000000
141317,2,acrescimo,9128,4,122,8205,8517,88,XXVI,339030,100,10000000
141318,1,decrescimo,22201,27,812,6206,3048,9646,DISTRITO FEDERAL (INTEIRO),339039,100,10000000
141318,2,acrescimo,9128,4,122,8205,8517,88,XXVI,449052,100,10000000
141319,1,decrescimo,17101,8,244,6228,9073,23,DISTRITO FEDERAL (INTEIRO),335043,100,35000000
141319,2,acrescimo,17101,8,244,6228,9073,20186,DISTRITO FEDERAL (INTEIRO),335043,100,35000000
141320,1,decrescimo,23901,10,301,6202,4208,5614,DISTRITO FEDERAL (INTEIRO),449052,100,50000000
141320,2,acrescimo,23901,10,122,6202,4166,72,DISTRITO FEDERAL (INTEIRO),339039,100,50000000
141321,1,decrescimo,16101,13,392,6219,9112,1,I,335041,100,10000000
141321,2,acrescimo,16101,13,392,6219,9075,20190,DISTRITO FEDERAL (INTEIRO),335041,100,10000000
141322,1,decrescimo,90101,99,999,9999,9999,1,DISTRITO FEDERAL (INTEIRO),999999,100,100000000
141322,2,acrescimo,27101,23,695,6207,9085,20195,DISTRITO FEDERAL (INTEIRO),335042,100,100000000
141323,1,decrescimo,90101,99,999,9999,9999,1,DISTRITO FEDERAL (INTEIRO),999999,100,50000000
141323,2,acrescimo,57101,14,422,6211,9116,20196,DISTRITO FEDERAL (INTEIRO),335042,100,50000000
141324,1,decrescimo,90101,99,999,9999,9999,1,DISTRITO FEDERAL (INTEIRO),999999,100,70000000
141324,2,acrescimo,17101,8,244,6228,9073,20197,DISTRITO FEDERAL (INTEIRO),335043,100,70000000
141325,1,decrescimo,90101,99,999,9999,9999,1,DISTRITO FEDERAL (INTEIRO),999999,100,66700000
141325,2,acrescimo,26205,26,782,6216,4195,20198,DISTRITO FEDERAL (INTEIRO),339030,100,66700000
141326,1,decrescimo,90101,99,999,9999,9999,1,DISTRITO FEDERAL (INTEIRO),999999,100,107641000
141326,2,acrescimo,22201,15,451,6209,1110,20199,DISTRITO FEDERAL (INTEIRO),449051,100,107641000
141327,1,decrescimo,90101,99,999,9999,9999,1,DISTRITO FEDERAL (INTEIRO),999999,100,70000000
141327,2,acrescimo,26101,26,451,6216,1506,20200,DISTRITO FEDERAL (INTEIRO),449051,100,70000000
141328,1,decrescimo,90101,99,999,9999,9999,1,DISTRITO FEDERAL (INTEIRO),999999,100,1041000
141328,2,acrescimo,24201,6,181,6217,2801,20201,DISTRITO FEDERAL (INTEIRO),449052,100,1041000
141329,1,decrescimo,90101,99,999,9999,9999,1,DISTRITO FEDERAL (INTEIRO),999999,100,66700000
141329,2,acrescimo,22101,15,752,6209,8507,20202,DISTRITO FEDERAL (INTEIRO),339039,100,66700000
141330,1,decrescimo,90101,99,999,9999,9999,1,DISTRITO FEDERAL (INTEIRO),999999,100,140000000
141330,2,acrescimo,18101,12,122,6221,9068,20158,DISTRITO FEDERAL (INTEIRO),335043,100,140000000
141331,1,decrescimo,90101,99,999,9999,9999,1,DISTRITO FEDERAL (INTEIRO),999999,100,60000000
141331,2,acrescimo,18101,12,122,6221,9068,20159,DISTRITO FEDERAL (INTEIRO),445042,100,60000000
141332,1,decrescimo,90101,99,999,9999,9999,1,DISTRITO FEDERAL (INTEIRO),999999,100,300000000
141332,2,acrescimo,16101,13,392,6219,9075,20160,DISTRITO FEDERAL (INTEIRO),335041,100,300000000
141333,1,decrescimo,90101,99,999,9999,9999,1,DISTRITO FEDERAL (INTEIRO),999999,100,105000000
141333,2,acrescimo,34101,27,812,6206,9080,20162,DISTRITO FEDERAL (INTEIRO),335041,100,105000000
141334,1,decrescimo,90101,99,999,9999,9999,1,DISTRITO FEDERAL (INTEIRO),999999,100,200000000
141334,2,acrescimo,23901,10,122,6202,4166,20164,DISTRITO FEDERAL (INTEIRO),339039,100,200000000
141335,1,decrescimo,90101,99,999,9999,9999,1,DISTRITO FEDERAL (INTEIRO),999999,100,22500000
141335,2,acrescimo,22201,15,451,6206,1079,20166,DISTRITO FEDERAL (INTEIRO),449051,100,22500000
141336,1,decrescimo,90101,99,999,9999,9999,1,DISTRITO FEDERAL (INTEIRO),999999,100,22500000
141336,2,acrescimo,22201,27,812,6206,3048,20167,DISTRITO FEDERAL (INTEIRO),339039,100,22500000
141337,1,decrescimo,90101,99,999,9999,9999,1,DISTRITO FEDERAL (INTEIRO),999999,100,20000000
141337,2,acrescimo,24201,6,181,6217,2801,20207,DISTRITO FEDERAL (INTEIRO),449052,100,20000000
141338,1,decrescimo,90101,99,999,9999,9999,1,DISTRITO FEDERAL (INTEIRO),999999,100,200000000
141338,2,acrescimo,22201,15,451,6209,1110,20223,DISTRITO FEDERAL (INTEIRO),339039,100,200000000
141339,1,decrescimo,90101,99,999,9999,9999,1,DISTRITO FEDERAL (INTEIRO),999999,100,75000000
141339,2,acrescimo,9103,15,451,6209,8507,20224,DISTRITO FEDERAL (INTEIRO),339039,100,75000000
141340,1,decrescimo,90101,99,999,9999,9999,1,DISTRITO FEDERAL (INTEIRO),999999,100,18183800
141340,2,acrescimo,14203,20,606,6201,2173,20225,DISTRITO FEDERAL (INTEIRO),339014,100,18183800
141341,1,decrescimo,90101,99,999,9999,9999,1,DISTRITO FEDERAL (INTEIRO),999999,100,30000000
141341,2,acrescimo,14203,20,606,6201,2173,20226,DISTRITO FEDERAL (INTEIRO),339030,100,30000000
141342,1,decrescimo,90101,99,999,9999,9999,1,DISTRITO FEDERAL (INTEIRO),999999,100,16040000
141342,2,acrescimo,14203,20,606,6201,2173,20227,DISTRITO FEDERAL (INTEIRO),339033,100,16040000
141343,1,decrescimo,90101,99,999,9999,9999,1,DISTRITO FEDERAL (INTEIRO),999999,100,57000000
141343,2,acrescimo,14203,20,606,6201,2173,20227,DISTRITO FEDERAL (INTEIRO),339039,100,57000000
141344,1,decrescimo,90101,99,999,9999,9999,1,DISTRITO FEDERAL (INTEIRO),999999,100,23000000
141344,2,acrescimo,14203,20,606,6201,2173,20225,DISTRITO FEDERAL (INTEIRO),449052,100,23000000
141345,1,decrescimo,90101,99,999,9999,9999,1,DISTRITO FEDERAL (INTEIRO),999999,100,40000000
141345,2,acrescimo,18101,12,365,6221,9107,20228,DISTRITO FEDERAL (INTEIRO),335041,100,40000000
141346,1,decrescimo,90101,99,999,9999,9999,1,DISTRITO FEDERAL (INTEIRO),999999,100,100000000
141346,2,acrescimo,23901,10,302,6202,3223,20203,DISTRITO FEDERAL (INTEIRO),449051,100,100000000
141347,1,decrescimo,90101,99,999,9999,9999,1,DISTRITO FEDERAL (INTEIRO),999999,100,60000000
141347,2,acrescimo,44101,14,422,6211,9107,20229,DISTRITO FEDERAL (INTEIRO),335041,100,60000000
141348,1,decrescimo,90101,99,999,9999,9999,1,DISTRITO FEDERAL (INTEIRO),999999,100,50000000
141348,2,acrescimo,23901,10,122,6202,4166,20204,DISTRITO FEDERAL (INTEIRO),339039,100,50000000
141349,1,decrescimo,90101,99,999,9999,9999,1,DISTRITO FEDERAL (INTEIRO),999999,100,25000000
141349,2,acrescimo,27101,23,695,6207,9085,20230,DISTRITO FEDERAL (INTEIRO),335041,100,25000000
141350,1,decrescimo,90101,99,999,9999,9999,1,DISTRITO FEDERAL (INTEIRO),999999,100,50000000
141350,2,acrescimo,23901,10,302,6202,4206,20205,DISTRITO FEDERAL (INTEIRO),339039,100,50000000
141351,1,decrescimo,90101,99,999,9999,9999,1,DISTRITO FEDERAL (INTEIRO),999999,100,25000000
141351,2,acrescimo,23901,10,302,6202,2145,20206,DISTRITO FEDERAL (INTEIRO),339039,100,25000000
141352,1,decrescimo,90101,99,999,9999,9999,1,DISTRITO FEDERAL (INTEIRO),999999,100,140000000
141352,2,acrescimo,18101,12,122,6221,9068,20208,DISTRITO FEDERAL (INTEIRO),335043,100,140000000
141353,1,decrescimo,90101,99,999,9999,9999,1,DISTRITO FEDERAL (INTEIRO),999999,100,60000000
141353,2,acrescimo,18101,12,122,6221,9068,20209,DISTRITO FEDERAL (INTEIRO),445042,100,60000000
141354,1,decrescimo,90101,99,999,9999,9999,1,DISTRITO FEDERAL (INTEIRO),999999,100,50000000
141354,2,acrescimo,34101,27,812,6206,9080,20210,DISTRITO FEDERAL (INTEIRO),335041,100,50000000
141355,1,decrescimo,90101,99,999,9999,9999,1,DISTRITO FEDERAL (INTEIRO),999999,100,100000000
141355,2,acrescimo,17101,8,244,6228,9107,20219,DISTRITO FEDERAL (INTEIRO),335041,100,100000000
141356,1,decrescimo,90101,99,999,9999,9999,1,DISTRITO FEDERAL (INTEIRO),999999,100,200000000
141356,2,acrescimo,25101,11,333,6207,9107,20222,DISTRITO FEDERAL (INTEIRO),335041,100,200000000
141357,1,decrescimo,90101,99,999,9999,9999,1,DISTRITO FEDERAL (INTEIRO),999999,100,350000000
141357,2,acrescimo,27101,23,695,6207,9085,20064,DISTRITO FEDERAL (INTEIRO),335041,100,350000000
141358,1,decrescimo,90101,99,999,9999,9999,1,DISTRITO FEDERAL (INTEIRO),999999,100,150000000
141358,2,acrescimo,34101,27,811,6206,9080,20065,DISTRITO FEDERAL (INTEIRO),335041,100,150000000
141359,1,decrescimo,90101,99,999,9999,9999,1,DISTRITO FEDERAL (INTEIRO),999999,100,50000000
141359,2,acrescimo,23901,10,122,6202,4166,20237,DISTRITO FEDERAL (INTEIRO),339039,100,50000000
141360,1,decrescimo,90101,99,999,9999,9999,1,DISTRITO FEDERAL (INTEIRO),999999,100,150000000
141360,2,acrescimo,26205,26,782,6216,4195,20070,DISTRITO FEDERAL (INTEIRO),339039,100,150000000
141361,1,decrescimo,90101,99,999,9999,9999,1,DISTRITO FEDERAL (INTEIRO),999999,100,150000000
141361,2,acrescimo,22201,15,451,6206,3596,20086,DISTRITO FEDERAL (INTEIRO),449051,100,150000000
141362,1,decrescimo,90101,99,999,9999,9999,1,DISTRITO FEDERAL (INTEIRO),999999,100,50000000
141362,2,acrescimo,18101,12,122,6221,9068,20067,DISTRITO FEDERAL (INTEIRO),445042,100,50000000
141363,1,decrescimo,90101,99,999,9999,9999,1,DISTRITO FEDERAL (INTEIRO),999999,100,50000000
141363,2,acrescimo,23901,10,122,8202,2396,20068,DISTRITO FEDERAL (INTEIRO),339039,100,50000000
141364,1,decrescimo,90101,99,999,9999,9999,1,DISTRITO FEDERAL (INTEIRO),999999,100,150000000
141364,2,acrescimo,16101,13,392,6219,9075,20175,DISTRITO FEDERAL (INTEIRO),335041,100,150000000
141365,1,decrescimo,90101,99,999,9999,9999,1,DISTRITO FEDERAL (INTEIRO),999999,100,150000000
141365,2,acrescimo,57101,14,422,6211,9107,20177,DISTRITO FEDERAL (INTEIRO),335041,100,150000000
141366,1,decrescimo,90101,99,999,9999,9999,1,DISTRITO FEDERAL (INTEIRO),999999,100,50000000
141366,2,acrescimo,9108,25,752,6209,8507,20178,VI,339039,100,50000000
141367,1,decrescimo,90101,99,999,9999,9999,1,DISTRITO FEDERAL (INTEIRO),999999,100,50000000
141367,2,acrescimo,22201,15,451,6206,3902,20069,DISTRITO FEDERAL (INTEIRO),449051,100,50000000
141368,1,decrescimo,90101,99,999,9999,9999,1,DISTRITO FEDERAL (INTEIRO),999999,100,50000000
141368,2,acrescimo,9108,15,752,6209,1836,20082,VI,449051,100,50000000
141369,1,decrescimo,22201,27,812,6206,1079,48,DISTRITO FEDERAL (INTEIRO),449051,100,20000000
141369,2,acrescimo,18101,12,122,6221,9068,336,DISTRITO FEDERAL (INTEIRO),445042,100,20000000
141370,1,decrescimo,9121,15,451,6209,1110,9990,XIX,449051,100,100000000
141370,2,decrescimo,9126,4,451,6209,8508,9239,XXIV,339030,100,30000000
141370,3,decrescimo,22201,15,812,6206,4170,14,DISTRITO FEDERAL (INTEIRO),339039,100,50000000
141370,4,acrescimo,16101,13,392,6219,9075,287,DISTRITO FEDERAL (INTEIRO),335041,100,180000000
141371,1,decrescimo,9110,15,752,6209,8507,6545,VIII,339039,100,40000000
141371,2,acrescimo,27101,23,695,6207,9085,66,DISTRITO FEDERAL (INTEIRO),335041,100,40000000
141372,1,decrescimo,9110,15,752,6209,8507,6545,VIII,339039,100,60000000
141372,2,acrescimo,9126,15,122,6207,3247,20212,I,449051,100,60000000
141373,1,decrescimo,9110,15,752,6209,8507,6545,VIII,339039,100,40000000
141373,2,acrescimo,9126,4,451,6209,8508,20213,I,449052,100,40000000
141374,1,decrescimo,9110,15,451,6209,1836,7091,VIII,449051,100,50000000
141374,2,acrescimo,16101,13,392,6219,9075,287,DISTRITO FEDERAL (INTEIRO),335041,100,50000000
141375,1,decrescimo,9110,4,451,6209,8508,9236,VIII,339039,100,200000000
141375,2,acrescimo,22201,15,451,6209,1110,20214,DISTRITO FEDERAL (INTEIRO),449051,100,200000000
141376,1,decrescimo,9110,4,122,8205,3467,9658,VIII,449052,100,30000000
141376,2,acrescimo,34101,27,812,6206,9080,188,DISTRITO FEDERAL (INTEIRO),335041,100,30000000
141377,1,decrescimo,9112,15,451,6209,1836,7093,X,449051,100,20000000
141377,2,acrescimo,22201,15,451,6206,3048,20216,I,339039,100,20000000
141378,1,decrescimo,9112,15,451,6209,1836,7093,X,449051,100,25000000
141378,2,acrescimo,22201,15,451,6206,3048,20217,DISTRITO FEDERAL (INTEIRO),339039,100,25000000
141379,1,decrescimo,9121,4,122,8205,2396,5425,XIX,339039,100,50000000
141379,2,acrescimo,27101,23,695,6207,9085,66,DISTRITO FEDERAL (INTEIRO),335041,100,50000000
141380,1,decrescimo,9112,15,451,6209,1836,7093,X,449051,100,5000000
141380,2,acrescimo,22201,15,451,6209,1110,20218,I,449051,100,5000000
141381,1,decrescimo,22201,15,451,6209,1110,9999,DISTRITO FEDERAL (INTEIRO),449051,100,100000000
141381,2,acrescimo,22201,15,451,6209,1110,20220,I,449051,100,100000000
141382,1,decrescimo,22201,27,812,6206,1079,48,DISTRITO FEDERAL (INTEIRO),449051,100,50000000
141382,2,acrescimo,26205,26,782,6217,4197,20221,DISTRITO FEDERAL (INTEIRO),339030,100,50000000
141383,1,decrescimo,22201,27,812,6206,1079,48,DISTRITO FEDERAL (INTEIRO),449051,100,30000000
141383,2,acrescimo,18101,12,122,6221,9068,335,DISTRITO FEDERAL (INTEIRO),335043,100,30000000
141384,1,decrescimo,90101,99,999,9999,9999,1,DISTRITO FEDERAL (INTEIRO),999999,100,150000000
141384,2,acrescimo,26205,26,782,6216,4195,20258,DISTRITO FEDERAL (INTEIRO),339039,100,150000000
141385,1,decrescimo,90101,99,999,9999,9999,1,DISTRITO FEDERAL (INTEIRO),999999,100,50000000
141385,2,acrescimo,9108,15,752,6209,1836,20259,VI,449051,100,50000000
141386,1,decrescimo,90101,99,999,9999,9999,1,DISTRITO FEDERAL (INTEIRO),999999,100,50000000
141386,2,acrescimo,9108,25,752,6209,8507,20261,VI,339039,100,50000000
141387,1,decrescimo,90101,99,999,9999,9999,1,DISTRITO FEDERAL (INTEIRO),999999,100,50000000
141387,2,acrescimo,23901,10,122,6202,4166,20262,DISTRITO FEDERAL (INTEIRO),339039,100,50000000
141388,1,decrescimo,90101,99,999,9999,9999,1,DISTRITO FEDERAL (INTEIRO),999999,100,238000000
141388,2,acrescimo,16101,13,392,6219,9075,20281,DISTRITO FEDERAL (INTEIRO),335041,100,238000000
141389,1,decrescimo,18101,12,122,6221,9068,339,DISTRITO FEDERAL (INTEIRO),335043,100,200000000
141389,2,acrescimo,23901,10,122,6202,4166,20280,DISTRITO FEDERAL (INTEIRO),339039,100,200000000
141390,1,decrescimo,26205,26,782,6216,5745,60,DISTRITO FEDERAL (INTEIRO),449051,100,50000000
141390,2,decrescimo,26205,26,451,6216,3090,5337,DISTRITO FEDERAL (INTEIRO),449051,100,50000000
141390,3,decrescimo,18101,12,122,6221,9068,339,DISTRITO FEDERAL (INTEIRO),335043,100,100000000
141390,4,acrescimo,26205,26,782,6216,4195,20279,DISTRITO FEDERAL (INTEIRO),339039,100,200000000
141391,1,decrescimo,90101,99,999,9999,9999,1,DISTRITO FEDERAL (INTEIRO),999999,100,30000000
141391,2,acrescimo,16101,13,392,6219,4023,20282,DISTRITO FEDERAL (INTEIRO),339039,100,30000000
141392,1,decrescimo,90101,99,999,9999,9999,1,DISTRITO FEDERAL (INTEIRO),999999,100,28000000
141392,2,acrescimo,34101,27,812,6206,9080,20283,DISTRITO FEDERAL (INTEIRO),335041,100,28000000
141393,1,decrescimo,90101,99,999,9999,9999,1,DISTRITO FEDERAL (INTEIRO),999999,100,482763100
141393,2,acrescimo,18101,12,122,6221,9068,20284,DISTRITO FEDERAL (INTEIRO),335043,100,482763100
141394,1,decrescimo,90101,99,999,9999,9999,1,DISTRITO FEDERAL (INTEIRO),999999,100,17000000
141394,2,acrescimo,17101,8,244,6228,9073,20285,DISTRITO FEDERAL (INTEIRO),335043,100,17000000
141395,1,decrescimo,90101,99,999,9999,9999,1,DISTRITO FEDERAL (INTEIRO),999999,100,20000000
141395,2,acrescimo,17101,8,122,8228,8517,20286,DISTRITO FEDERAL (INTEIRO),449052,100,20000000
141396,1,decrescimo,90101,99,999,9999,9999,1,DISTRITO FEDERAL (INTEIRO),999999,100,100000000
141396,2,acrescimo,23901,10,303,6202,4216,20287,DISTRITO FEDERAL (INTEIRO),339030,100,100000000
141397,1,decrescimo,90101,99,999,9999,9999,1,DISTRITO FEDERAL (INTEIRO),999999,100,200000000
141397,2,acrescimo,18101,12,122,6221,9068,20288,DISTRITO FEDERAL (INTEIRO),335043,100,200000000
141398,1,decrescimo,90101,99,999,9999,9999,1,DISTRITO FEDERAL (INTEIRO),999999,100,100000000
141398,2,acrescimo,18101,12,122,6221,9068,20288,DISTRITO FEDERAL (INTEIRO),335043,100,100000000
141399,1,decrescimo,90101,99,999,9999,9999,1,DISTRITO FEDERAL (INTEIRO),999999,100,100000000
141399,2,acrescimo,18101,12,122,6221,9068,20288,DISTRITO FEDERAL (INTEIRO),445042,100,100000000
141400,1,decrescimo,23901,10,301,6202,3135,59,DISTRITO FEDERAL (INTEIRO),449051,100,15000000
141400,2,acrescimo,44101,14,243,6211,9078,20289,DISTRITO FEDERAL (INTEIRO),335043,100,15000000
141401,1,decrescimo,23901,10,301,6202,3135,59,DISTRITO FEDERAL (INTEIRO),449051,100,10000000
141401,2,acrescimo,20101,11,333,6207,9107,20290,DISTRITO FEDERAL (INTEIRO),335041,100,10000000
141402,1,decrescimo,23901,10,301,6202,3135,59,DISTRITO FEDERAL (INTEIRO),449051,100,75000000
141402,2,acrescimo,23901,10,122,6202,4166,72,DISTRITO FEDERAL (INTEIRO),339039,100,75000000
141403,1,decrescimo,25101,11,334,6207,9107,253,DISTRITO FEDERAL (INTEIRO),335041,100,200000000
141403,2,acrescimo,27101,23,695,6207,9085,70,DISTRITO FEDERAL (INTEIRO),335041,100,200000000
141404,1,decrescimo,9104,15,451,6209,1110,9987,II,449051,100,50000000
141404,2,decrescimo,18101,12,122,6221,9068,341,DISTRITO FEDERAL (INTEIRO),445042,100,50000000
141404,3,decrescimo,18101,12,122,6221,9068,341,DISTRITO FEDERAL (INTEIRO),335043,100,50000000
141404,4,acrescimo,21207,18,541,6210,3129,20180,XIX,339039,100,150000000
141405,1,decrescimo,90101,99,999,9999,9999,1,DISTRITO FEDERAL (INTEIRO),999999,100,35000000
141405,2,acrescimo,22214,15,452,6209,3002,20295,IX,449051,100,35000000
141406,1,decrescimo,90101,99,999,9999,9999,1,DISTRITO FEDERAL (INTEIRO),999999,100,120690800
141406,2,acrescimo,18101,12,122,6221,9068,20291,DISTRITO FEDERAL (INTEIRO),445042,100,120690800
141407,1,decrescimo,16101,13,392,6219,9112,1,I,335041,100,10000000
141407,2,acrescimo,22201,15,451,6209,1110,9998,DISTRITO FEDERAL (INTEIRO),449051,100,10000000
141408,1,decrescimo,90101,99,999,9999,9999,1,DISTRITO FEDERAL (INTEIRO),999999,100,15400000
141408,2,acrescimo,26206,26,453,6216,3467,20300,DISTRITO FEDERAL (INTEIRO),449052,100,15400000
141409,1,decrescimo,90101,99,999,9999,9999,1,DISTRITO FEDERAL (INTEIRO),999999,100,50000000
141409,2,acrescimo,9133,25,752,6209,8507,20304,DISTRITO FEDERAL (INTEIRO),339039,100,50000000
141410,1,decrescimo,90101,99,999,9999,9999,1,DISTRITO FEDERAL (INTEIRO),999999,100,35000000
141410,2,acrescimo,22214,15,452,6209,3002,20305,XXXII.2,449051,100,35000000
141411,1,decrescimo,90101,99,999,9999,9999,1,DISTRITO FEDERAL (INTEIRO),999999,100,80000000
141411,2,acrescimo,9122,25,752,6209,8507,20309,XX,339039,100,80000000
141412,1,decrescimo,90101,99,999,9999,9999,1,DISTRITO FEDERAL (INTEIRO),999999,100,100000000
141412,2,acrescimo,23901,10,301,6202,4208,20320,XIII,445052,100,100000000
141413,1,decrescimo,90101,99,999,9999,9999,1,DISTRITO FEDERAL (INTEIRO),999999,100,100000000
141413,2,acrescimo,23901,10,301,6202,4208,20314,XIII,445052,100,100000000
141414,1,decrescimo,90101,99,999,9999,9999,1,DISTRITO FEDERAL (INTEIRO),999999,100,50000000
141414,2,acrescimo,23901,10,302,8202,2396,20328,III,339039,100,50000000
141415,1,decrescimo,90101,99,999,9999,9999,1,DISTRITO FEDERAL (INTEIRO),999999,100,150000000
141415,2,acrescimo,9103,15,451,6209,8507,20267,DISTRITO FEDERAL (INTEIRO),339039,100,150000000
141416,1,decrescimo,90101,99,999,9999,9999,1,DISTRITO FEDERAL (INTEIRO),999999,100,45000000
141416,2,acrescimo,22201,15,451,6209,8508,20327,DISTRITO FEDERAL (INTEIRO),339039,100,45000000
141417,1,decrescimo,90101,99,999,9999,9999,1,DISTRITO FEDERAL (INTEIRO),999999,100,60000000
141417,2,acrescimo,14203,20,606,6201,2173,20268,DISTRITO FEDERAL (INTEIRO),339039,100,60000000
141418,1,decrescimo,90101,99,999,9999,9999,1,DISTRITO FEDERAL (INTEIRO),999999,100,30000000
141418,2,acrescimo,23901,10,302,6202,9107,20269,DISTRITO FEDERAL (INTEIRO),445042,100,30000000
141419,1,decrescimo,90101,99,999,9999,9999,1,DISTRITO FEDERAL (INTEIRO),999999,100,200000000
141419,2,acrescimo,61101,8,244,6228,9107,20313,DISTRITO FEDERAL (INTEIRO),335043,100,200000000
141420,1,decrescimo,90101,99,999,9999,9999,1,DISTRITO FEDERAL (INTEIRO),999999,100,25000000
141420,2,acrescimo,23901,10,302,6202,9107,20270,DISTRITO FEDERAL (INTEIRO),335043,100,25000000
141421,1,decrescimo,90101,99,999,9999,9999,1,DISTRITO FEDERAL (INTEIRO),999999,100,100000000
141421,2,acrescimo,24103,6,181,6217,3029,20316,DISTRITO FEDERAL (INTEIRO),449052,100,100000000
141422,1,decrescimo,90101,99,999,9999,9999,1,DISTRITO FEDERAL (INTEIRO),999999,100,25000000
141422,2,acrescimo,23901,10,302,6202,9107,20271,DISTRITO FEDERAL (INTEIRO),335043,100,25000000
141423,1,decrescimo,90101,99,999,9999,9999,1,DISTRITO FEDERAL (INTEIRO),999999,100,35000000
141423,2,acrescimo,61101,8,244,6203,2954,20272,DISTRITO FEDERAL (INTEIRO),449052,100,35000000
141424,1,decrescimo,90101,99,999,9999,9999,1,DISTRITO FEDERAL (INTEIRO),999999,100,40000000
141424,2,acrescimo,61101,8,244,6203,2954,20273,DISTRITO FEDERAL (INTEIRO),339039,100,40000000
141425,1,decrescimo,90101,99,999,9999,9999,1,DISTRITO FEDERAL (INTEIRO),999999,100,90000000
141425,2,acrescimo,14101,20,606,6201,4107,20322,DISTRITO FEDERAL (INTEIRO),339039,100,90000000
141426,1,decrescimo,90101,99,999,9999,9999,1,DISTRITO FEDERAL (INTEIRO),999999,100,100000000
141426,2,acrescimo,18101,12,363,6221,9107,20292,DISTRITO FEDERAL (INTEIRO),335043,100,100000000
141427,1,decrescimo,90101,99,999,9999,9999,1,DISTRITO FEDERAL (INTEIRO),999999,100,20000000
141427,2,acrescimo,57101,14,422,6211,9107,20311,DISTRITO FEDERAL (INTEIRO),335041,100,20000000
141428,1,decrescimo,90101,99,999,9999,9999,1,DISTRITO FEDERAL (INTEIRO),999999,100,140000000
141428,2,acrescimo,26205,26,782,6216,4195,20253,DISTRITO FEDERAL (INTEIRO),339030,100,140000000
141429,1,decrescimo,90101,99,999,9999,9999,1,DISTRITO FEDERAL (INTEIRO),999999,100,30000000
141429,2,acrescimo,26205,26,782,6216,1968,20254,DISTRITO FEDERAL (INTEIRO),449051,100,30000000
141430,1,decrescimo,90101,99,999,9999,9999,1,DISTRITO FEDERAL (INTEIRO),999999,100,175000000
141430,2,acrescimo,16101,13,392,6219,9075,20255,DISTRITO FEDERAL (INTEIRO),335041,100,175000000
141431,1,decrescimo,90101,99,999,9999,9999,1,DISTRITO FEDERAL (INTEIRO),999999,100,100000000
141431,2,acrescimo,27101,23,695,6207,9085,20256,DISTRITO FEDERAL (INTEIRO),335041,100,100000000
141432,1,decrescimo,90101,99,999,9999,9999,1,DISTRITO FEDERAL (INTEIRO),999999,100,35000000
141432,2,acrescimo,22214,15,452,6209,2079,20257,VII,449051,100,35000000
141433,1,decrescimo,90101,99,999,9999,9999,1,DISTRITO FEDERAL (INTEIRO),999999,100,20000000
141433,2,acrescimo,24101,6,181,6217,4031,20231,VII,449052,100,20000000
141434,1,decrescimo,90101,99,999,9999,9999,1,DISTRITO FEDERAL (INTEIRO),999999,100,35000000
141434,2,acrescimo,22214,15,452,6209,2079,20260,DISTRITO FEDERAL (INTEIRO),449052,100,35000000
141435,1,decrescimo,90101,99,999,9999,9999,1,DISTRITO FEDERAL (INTEIRO),999999,100,20000000
141435,2,acrescimo,24101,6,181,6217,4031,20232,VII,339039,100,20000000
141436,1,decrescimo,90101,99,999,9999,9999,1,DISTRITO FEDERAL (INTEIRO),999999,100,100000000
141436,2,acrescimo,34101,27,812,6206,9080,20233,DISTRITO FEDERAL (INTEIRO),335041,100,100000000
141437,1,decrescimo,90101,99,999,9999,9999,1,DISTRITO FEDERAL (INTEIRO),999999,100,64400000
141437,2,acrescimo,9109,15,752,6209,8507,20184,VII,339039,100,64400000
141438,1,decrescimo,90101,99,999,9999,9999,1,DISTRITO FEDERAL (INTEIRO),999999,100,100000000
141438,2,acrescimo,18101,12,122,6221,9068,20187,DISTRITO FEDERAL (INTEIRO),445042,100,100000000
141439,1,decrescimo,90101,99,999,9999,9999,1,DISTRITO FEDERAL (INTEIRO),999999,100,35000000
141439,2,acrescimo,24105,6,128,8217,8517,20318,EXTERIOR,339014,100,35000000
141440,1,decrescimo,90101,99,999,9999,9999,1,DISTRITO FEDERAL (INTEIRO),999999,100,180000000
141440,2,acrescimo,18101,12,122,6221,9068,20188,DISTRITO FEDERAL (INTEIRO),335043,100,180000000
141441,1,decrescimo,90101,99,999,9999,9999,1,DISTRITO FEDERAL (INTEIRO),999999,100,155600000
141441,2,acrescimo,23901,10,122,6202,4166,20189,DISTRITO FEDERAL (INTEIRO),339039,100,155600000
141442,1,decrescimo,90101,99,999,9999,9999,1,DISTRITO FEDERAL (INTEIRO),999999,100,190000000
141442,2,acrescimo,22201,15,451,6209,1110,20191,DISTRITO FEDERAL (INTEIRO),449051,100,190000000
141443,1,decrescimo,90101,99,999,9999,9999,1,DISTRITO FEDERAL (INTEIRO),999999,100,65000000
141443,2,acrescimo,18101,12,122,6221,9068,20334,III,335043,100,65000000
141444,1,decrescimo,90101,99,999,9999,9999,1,DISTRITO FEDERAL (INTEIRO),999999,100,18000000
141444,2,acrescimo,22214,15,452,6209,2079,20336,DISTRITO FEDERAL (INTEIRO),339039,100,18000000
141445,1,decrescimo,90101,99,999,9999,9999,1,DISTRITO FEDERAL (INTEIRO),999999,100,35000000
141445,2,acrescimo,18101,12,122,6221,9068,20341,III,445042,100,35000000
141446,1,decrescimo,90101,99,999,9999,9999,1,DISTRITO FEDERAL (INTEIRO),999999,100,100000000
141446,2,acrescimo,18101,12,122,6221,9068,20344,XIII,335043,100,100000000
141447,1,decrescimo,90101,99,999,9999,9999,1,DISTRITO FEDERAL (INTEIRO),999999,100,30000000
141447,2,acrescimo,9111,15,451,8205,3903,20348,IX,339030,100,30000000
141448,1,decrescimo,90101,99,999,9999,9999,1,DISTRITO FEDERAL (INTEIRO),999999,100,100000000
141448,2,acrescimo,22201,15,451,6206,4170,20349,DISTRITO FEDERAL (INTEIRO),339039,100,100000000
141449,1,decrescimo,90101,99,999,9999,9999,1,DISTRITO FEDERAL (INTEIRO),999999,100,100000000
141449,2,acrescimo,22201,15,451,6209,1110,20350,DISTRITO FEDERAL (INTEIRO),449051,100,100000000
141450,1,decrescimo,90101,99,999,9999,9999,1,DISTRITO FEDERAL (INTEIRO),999999,100,5000000
141450,2,acrescimo,22201,15,451,6209,1110,20351,IX,449051,100,5000000
141451,1,decrescimo,90101,99,999,9999,9999,1,DISTRITO FEDERAL (INTEIRO),999999,100,100000000
141451,2,acrescimo,22201,12,451,6206,1950,20353,DISTRITO FEDERAL (INTEIRO),449051,100,100000000
141452,1,decrescimo,90101,99,999,9999,9999,1,DISTRITO FEDERAL (INTEIRO),999999,100,95000000
141452,2,acrescimo,22201,15,451,6206,1950,20355,XXXII.2,449051,100,95000000
141453,1,decrescimo,90101,99,999,9999,9999,1,DISTRITO FEDERAL (INTEIRO),999999,100,100000000
141453,2,acrescimo,34101,27,811,6206,9080,20357,DISTRITO FEDERAL (INTEIRO),335041,100,100000000
141454,1,decrescimo,90101,99,999,9999,9999,1,DISTRITO FEDERAL (INTEIRO),999999,100,50000000
141454,2,acrescimo,22201,15,512,6209,2903,20362,IX,449051,100,50000000
141455,1,decrescimo,90101,99,999,9999,9999,1,DISTRITO FEDERAL (INTEIRO),999999,100,100000000
141455,2,acrescimo,57101,14,422,6211,9107,20363,DISTRITO FEDERAL (INTEIRO),335043,100,100000000
141456,1,decrescimo,90101,99,999,9999,9999,1,DISTRITO FEDERAL (INTEIRO),999999,100,30000000
141456,2,acrescimo,60101,14,243,6211,9078,20359,DISTRITO FEDERAL (INTEIRO),335041,100,30000000
141457,1,decrescimo,90101,99,999,9999,9999,1,DISTRITO FEDERAL (INTEIRO),999999,100,15000000
141457,2,acrescimo,57101,14,122,6211,9107,20339,DISTRITO FEDERAL (INTEIRO),335041,100,15000000
141458,1,decrescimo,90101,99,999,9999,9999,1,DISTRITO FEDERAL (INTEIRO),999999,100,35000000
141458,2,acrescimo,9105,15,451,6209,1110,20342,III,449051,100,35000000
141459,1,decrescimo,90101,99,999,9999,9999,1,DISTRITO FEDERAL (INTEIRO),999999,100,20000000
141459,2,acrescimo,14203,20,606,6201,3724,20346,DISTRITO FEDERAL (INTEIRO),449051,100,20000000
141460,1,decrescimo,90101,99,999,9999,9999,1,DISTRITO FEDERAL (INTEIRO),999999,100,35000000
141460,2,acrescimo,44101,14,422,6211,9107,20347,DISTRITO FEDERAL (INTEIRO),335041,100,35000000
141461,1,decrescimo,90101,99,999,9999,9999,1,DISTRITO FEDERAL (INTEIRO),999999,100,82500000
141461,2,acrescimo,16101,13,392,6219,9075,20358,DISTRITO FEDERAL (INTEIRO),335041,100,82500000
141462,1,decrescimo,90101,99,999,9999,9999,1,DISTRITO FEDERAL (INTEIRO),999999,100,10000000
141462,2,acrescimo,23901,10,301,6202,9107,20360,DISTRITO FEDERAL (INTEIRO),335041,100,10000000
141463,1,decrescimo,90101,99,999,9999,9999,1,DISTRITO FEDERAL (INTEIRO),999999,100,175000000
141463,2,acrescimo,40101,19,573,6207,9118,20330,DISTRITO FEDERAL (INTEIRO),335041,100,175000000
141464,1,decrescimo,90101,99,999,9999,9999,1,DISTRITO FEDERAL (INTEIRO),999999,100,7500000
141464,2,acrescimo,18101,12,243,6221,9107,20364,DISTRITO FEDERAL (INTEIRO),335041,100,7500000
141465,1,decrescimo,90101,99,999,9999,9999,1,DISTRITO FEDERAL (INTEIRO),999999,100,125000000
141465,2,acrescimo,18101,12,122,6221,9068,20179,DISTRITO FEDERAL (INTEIRO),335043,100,125000000
141466,1,decrescimo,90101,99,999,9999,9999,1,DISTRITO FEDERAL (INTEIRO),999999,100,75000000
141466,2,acrescimo,22201,15,451,6209,1110,20154,DISTRITO FEDERAL (INTEIRO),449051,100,75000000
141467,1,decrescimo,90101,99,999,9999,9999,1,DISTRITO FEDERAL (INTEIRO),999999,100,25000000
141467,2,acrescimo,9131,15,451,6209,1110,20337,XXIX,449051,100,25000000
141468,1,decrescimo,90101,99,999,9999,9999,1,DISTRITO FEDERAL (INTEIRO),999999,100,125000000
141468,2,acrescimo,18101,12,122,6221,9068,20181,DISTRITO FEDERAL (INTEIRO),445042,100,125000000
141469,1,decrescimo,90101,99,999,9999,9999,1,DISTRITO FEDERAL (INTEIRO),999999,100,75000000
141469,2,acrescimo,9114,4,122,8205,8517,20315,XII,339039,100,75000000
141470,1,decrescimo,90101,99,999,9999,9999,1,DISTRITO FEDERAL (INTEIRO),999999,100,30000000
141470,2,acrescimo,16101,13,392,6219,9075,20376,DISTRITO FEDERAL (INTEIRO),335041,100,30000000
141471,1,decrescimo,90101,99,999,9999,9999,1,DISTRITO FEDERAL (INTEIRO),999999,100,150000000
141471,2,acrescimo,27101,23,695,6207,9085,20319,DISTRITO FEDERAL (INTEIRO),335041,100,150000000
141472,1,decrescimo,90101,99,999,9999,9999,1,DISTRITO FEDERAL (INTEIRO),999999,100,200000000
141472,2,acrescimo,23901,10,122,6202,4166,20302,DISTRITO FEDERAL (INTEIRO),339039,100,200000000
141473,1,decrescimo,90101,99,999,9999,9999,1,DISTRITO FEDERAL (INTEIRO),999999,100,120000000
141473,2,acrescimo,34101,27,812,6206,9080,20352,DISTRITO FEDERAL (INTEIRO),335041,100,120000000
141474,1,decrescimo,90101,99,999,9999,9999,1,DISTRITO FEDERAL (INTEIRO),999999,100,75000000
141474,2,acrescimo,26205,26,782,6216,1475,20323,DISTRITO FEDERAL (INTEIRO),449051,100,75000000
141475,1,decrescimo,90101,99,999,9999,9999,1,DISTRITO FEDERAL (INTEIRO),999999,100,50000000
141475,2,acrescimo,25101,11,333,6207,9107,20325,DISTRITO FEDERAL (INTEIRO),335041,100,50000000
141476,1,decrescimo,90101,99,999,9999,9999,1,DISTRITO FEDERAL (INTEIRO),999999,100,75000000
141476,2,acrescimo,57101,14,422,6211,4091,20356,DISTRITO FEDERAL (INTEIRO),339039,100,75000000
141477,1,decrescimo,90101,99,999,9999,9999,1,DISTRITO FEDERAL (INTEIRO),999999,100,360000000
141477,2,acrescimo,22201,15,451,6209,1110,20308,DISTRITO FEDERAL (INTEIRO),449051,100,360000000
141478,1,decrescimo,90101,99,999,9999,9999,1,DISTRITO FEDERAL (INTEIRO),999999,100,300000000
141478,2,acrescimo,28209,16,482,6208,1213,20373,DISTRITO FEDERAL (INTEIRO),449051,100,300000000
141479,1,decrescimo,90101,99,999,9999,9999,1,DISTRITO FEDERAL (INTEIRO),999999,100,100000000
141479,2,acrescimo,16101,13,392,6219,9075,20361,DISTRITO FEDERAL (INTEIRO),335041,100,100000000
141480,1,decrescimo,90101,99,999,9999,9999,1,DISTRITO FEDERAL (INTEIRO),999999,100,50000000
141480,2,acrescimo,24105,6,128,8217,8517,20378,DISTRITO FEDERAL (INTEIRO),339014,100,50000000
141481,1,decrescimo,90101,99,999,9999,9999,1,DISTRITO FEDERAL (INTEIRO),999999,100,50000000
141481,2,acrescimo,27101,23,695,6207,9085,20366,DISTRITO FEDERAL (INTEIRO),335041,100,50000000
141482,1,decrescimo,90101,99,999,9999,9999,1,DISTRITO FEDERAL (INTEIRO),999999,100,100000000
141482,2,acrescimo,23901,10,122,6202,4166,20382,DISTRITO FEDERAL (INTEIRO),339039,100,100000000
141483,1,decrescimo,90101,99,999,9999,9999,1,DISTRITO FEDERAL (INTEIRO),999999,100,50000000
141483,2,acrescimo,34101,27,812,6206,9080,20371,DISTRITO FEDERAL (INTEIRO),335041,100,50000000
141484,1,decrescimo,90101,99,999,9999,9999,1,DISTRITO FEDERAL (INTEIRO),999999,100,40000000
141484,2,acrescimo,17101,8,244,6228,9071,20372,DISTRITO FEDERAL (INTEIRO),335041,100,40000000
141485,1,decrescimo,22101,15,752,6209,1836,7104,DISTRITO FEDERAL (INTEIRO),449051,100,15000000
141485,2,acrescimo,9125,4,421,6217,2426,20338,XXIII,339139,100,15000000
141486,1,decrescimo,90101,99,999,9999,9999,1,DISTRITO FEDERAL (INTEIRO),999999,100,30000000
141486,2,acrescimo,27101,23,695,6207,9085,20326,DISTRITO FEDERAL (INTEIRO),335041,100,30000000
141487,1,decrescimo,90101,99,999,9999,9999,1,DISTRITO FEDERAL (INTEIRO),999999,100,35000000
141487,2,acrescimo,9116,4,122,8205,8517,20388,XIV,339030,100,35000000
141488,1,decrescimo,90101,99,999,9999,9999,1,DISTRITO FEDERAL (INTEIRO),999999,100,50000000
141488,2,acrescimo,23901,10,302,6202,3140,20310,XIV,449051,100,50000000
141489,1,decrescimo,90101,99,999,9999,9999,1,DISTRITO FEDERAL (INTEIRO),999999,100,30000000
141489,2,acrescimo,24101,6,181,6217,3029,20329,DISTRITO FEDERAL (INTEIRO),449052,100,30000000
141490,1,decrescimo,90101,99,999,9999,9999,1,DISTRITO FEDERAL (INTEIRO),999999,100,60000000
141490,2,acrescimo,9116,25,752,6209,1836,20391,XIV,449051,100,60000000
141491,1,decrescimo,90101,99,999,9999,9999,1,DISTRITO FEDERAL (INTEIRO),999999,100,65000000
141491,2,acrescimo,18101,12,122,6221,9068,20392,DISTRITO FEDERAL (INTEIRO),445042,100,65000000
141492,1,decrescimo,90101,99,999,9999,9999,1,DISTRITO FEDERAL (INTEIRO),999999,100,30000000
141492,2,acrescimo,26205,26,782,6217,4197,20332,DISTRITO FEDERAL (INTEIRO),339030,100,30000000
141493,1,decrescimo,90101,99,999,9999,9999,1,DISTRITO FEDERAL (INTEIRO),999999,100,35000000
141493,2,acrescimo,9129,15,752,6209,3205,20343,XXVII,339039,100,35000000
141494,1,decrescimo,90101,99,999,9999,9999,1,DISTRITO FEDERAL (INTEIRO),999999,100,50000000
141494,2,acrescimo,23901,10,302,6202,9107,20375,XIV,445042,100,50000000
141495,1,decrescimo,90101,99,999,9999,9999,1,DISTRITO FEDERAL (INTEIRO),999999,100,120000000
141495,2,acrescimo,18101,12,122,6221,9068,20296,DISTRITO FEDERAL (INTEIRO),335043,100,120000000
141496,1,decrescimo,90101,99,999,9999,9999,1,DISTRITO FEDERAL (INTEIRO),999999,100,110000000
141496,2,acrescimo,34101,27,812,6206,9080,20297,DISTRITO FEDERAL (INTEIRO),335041,100,110000000
141497,1,decrescimo,90101,99,999,9999,9999,1,DISTRITO FEDERAL (INTEIRO),999999,100,100000000
141497,2,acrescimo,28209,15,127,6208,4011,20298,DISTRITO FEDERAL (INTEIRO),339039,100,100000000
141498,1,decrescimo,90101,99,999,9999,9999,1,DISTRITO FEDERAL (INTEIRO),999999,100,100000000
141498,2,acrescimo,16101,13,392,6219,9075,20299,DISTRITO FEDERAL (INTEIRO),335041,100,100000000
141499,1,decrescimo,90101,99,999,9999,9999,1,DISTRITO FEDERAL (INTEIRO),999999,100,60000000
141499,2,acrescimo,23901,10,122,6202,4166,20317,DISTRITO FEDERAL (INTEIRO),449052,100,60000000
141500,1,decrescimo,90101,99,999,9999,9999,1,DISTRITO FEDERAL (INTEIRO),999999,100,25000000
141500,2,acrescimo,9116,4,122,8205,8517,20379,XIV,449052,100,25000000
141501,1,decrescimo,90101,99,999,9999,9999,1,DISTRITO FEDERAL (INTEIRO),999999,100,220000000
141501,2,acrescimo,22201,15,451,6209,1110,20380,DISTRITO FEDERAL (INTEIRO),449051,100,220000000
141502,1,decrescimo,90101,99,999,9999,9999,1,DISTRITO FEDERAL (INTEIRO),999999,100,150000000
141502,2,acrescimo,9116,25,752,6209,8507,20384,XIV,339039,100,150000000
141503,1,decrescimo,90101,99,999,9999,9999,1,DISTRITO FEDERAL (INTEIRO),999999,100,80000000
141503,2,acrescimo,23901,10,122,6202,4166,20385,DISTRITO FEDERAL (INTEIRO),339039,100,80000000
141504,1,decrescimo,90101,99,999,9999,9999,1,DISTRITO FEDERAL (INTEIRO),999999,100,50000000
141504,2,acrescimo,48101,3,122,6211,3030,20307,DISTRITO FEDERAL (INTEIRO),449052,100,50000000
141505,1,decrescimo,90101,99,999,9999,9999,1,DISTRITO FEDERAL (INTEIRO),999999,100,50000000
141505,2,acrescimo,44101,14,422,6211,9107,20365,DISTRITO FEDERAL (INTEIRO),335043,100,50000000
141506,1,decrescimo,90101,99,999,9999,9999,1,DISTRITO FEDERAL (INTEIRO),999999,100,50000000
141506,2,acrescimo,16101,13,392,6219,9075,20367,DISTRITO FEDERAL (INTEIRO),335041,100,50000000
141507,1,decrescimo,90101,99,999,9999,9999,1,DISTRITO FEDERAL (INTEIRO),999999,100,100000000
141507,2,acrescimo,26205,26,451,8216,2396,20374,DISTRITO FEDERAL (INTEIRO),339039,100,100000000
141508,1,decrescimo,90101,99,999,9999,9999,1,DISTRITO FEDERAL (INTEIRO),999999,100,50000000
141508,2,acrescimo,44101,14,422,6211,9107,20368,DISTRITO FEDERAL (INTEIRO),335043,100,50000000
141509,1,decrescimo,90101,99,999,9999,9999,1,DISTRITO FEDERAL (INTEIRO),999999,100,20000000
141509,2,acrescimo,26101,26,782,6216,7220,20369,DISTRITO FEDERAL (INTEIRO),449051,100,20000000
141510,1,decrescimo,90101,99,999,9999,9999,1,DISTRITO FEDERAL (INTEIRO),999999,100,50000000
141510,2,acrescimo,60101,13,392,6203,4090,20370,DISTRITO FEDERAL (INTEIRO),335043,100,50000000
141511,1,decrescimo,90101,99,999,9999,9999,1,DISTRITO FEDERAL (INTEIRO),999999,100,100000000
141511,2,acrescimo,23901,10,302,6202,9107,20399,I,445052,100,100000000
141512,1,decrescimo,90101,99,999,9999,9999,1,DISTRITO FEDERAL (INTEIRO),999999,100,112146100
141512,2,acrescimo,22101,25,752,6209,8507,20401,DISTRITO FEDERAL (INTEIRO),339039,100,112146100
141513,1,decrescimo,90101,99,999,9999,9999,1,DISTRITO FEDERAL (INTEIRO),999999,100,80000000
141513,2,acrescimo,9122,25,752,6209,8507,20386,XX,339039,100,80000000
141514,1,decrescimo,90101,99,999,9999,9999,1,DISTRITO FEDERAL (INTEIRO),999999,100,100000000
141514,2,acrescimo,57101,14,422,6211,9107,20387,DISTRITO FEDERAL (INTEIRO),335043,100,100000000
141515,1,decrescimo,90101,99,999,9999,9999,1,DISTRITO FEDERAL (INTEIRO),999999,100,100000000
141515,2,acrescimo,23901,10,301,6202,4208,20390,XIII,445052,100,100000000
141516,1,decrescimo,90101,99,999,9999,9999,1,DISTRITO FEDERAL (INTEIRO),999999,100,100000000
141516,2,acrescimo,22201,15,451,6206,1950,20403,DISTRITO FEDERAL (INTEIRO),449051,100,100000000
141517,1,decrescimo,90101,99,999,9999,9999,1,DISTRITO FEDERAL (INTEIRO),999999,100,50000000
141517,2,acrescimo,9133,25,752,6209,8507,20383,XXX,339039,100,50000000
141518,1,decrescimo,90101,99,999,9999,9999,1,DISTRITO FEDERAL (INTEIRO),999999,100,50000000
141518,2,acrescimo,9112,15,752,6209,1836,20250,X,449051,100,50000000
141519,1,decrescimo,90101,99,999,9999,9999,1,DISTRITO FEDERAL (INTEIRO),999999,100,200000000
141519,2,acrescimo,23901,10,122,6202,4166,20251,DISTRITO FEDERAL (INTEIRO),339039,100,200000000
141520,1,decrescimo,90101,99,999,9999,9999,1,DISTRITO FEDERAL (INTEIRO),999999,100,100000000
141520,2,acrescimo,44101,14,422,6211,9107,20389,DISTRITO FEDERAL (INTEIRO),335041,100,100000000
141521,1,decrescimo,90101,99,999,9999,9999,1,DISTRITO FEDERAL (INTEIRO),999999,100,84000000
141521,2,acrescimo,23901,10,302,6202,3223,20252,I,339039,100,84000000
141522,1,decrescimo,90101,99,999,9999,9999,1,DISTRITO FEDERAL (INTEIRO),999999,100,150000000
141522,2,acrescimo,17101,8,244,8228,2396,20396,DISTRITO FEDERAL (INTEIRO),339039,100,150000000
141523,1,decrescimo,90101,99,999,9999,9999,1,DISTRITO FEDERAL (INTEIRO),999999,100,7000000
141523,2,acrescimo,26101,26,451,6216,1506,20234,X,449051,100,7000000
141524,1,decrescimo,90101,99,999,9999,9999,1,DISTRITO FEDERAL (INTEIRO),999999,100,30000000
141524,2,acrescimo,9112,15,451,6206,4092,20263,X,339039,100,30000000
141525,1,decrescimo,90101,99,999,9999,9999,1,DISTRITO FEDERAL (INTEIRO),999999,100,70000000
141525,2,acrescimo,9112,15,451,6206,4170,20264,X,339039,100,70000000
141526,1,decrescimo,90101,99,999,9999,9999,1,DISTRITO FEDERAL (INTEIRO),999999,100,419000000
141526,2,acrescimo,18101,12,122,6221,9068,20265,DISTRITO FEDERAL (INTEIRO),335043,100,419000000
141527,1,decrescimo,90101,99,999,9999,9999,1,DISTRITO FEDERAL (INTEIRO),999999,100,50000000
141527,2,acrescimo,18101,12,122,6221,9068,20266,DISTRITO FEDERAL (INTEIRO),445042,100,50000000
141528,1,decrescimo,90101,99,999,9999,9999,1,DISTRITO FEDERAL (INTEIRO),999999,100,20000000
141528,2,acrescimo,16101,13,392,6219,4090,20240,DISTRITO FEDERAL (INTEIRO),339039,100,20000000
141529,1,decrescimo,90101,99,999,9999,9999,1,DISTRITO FEDERAL (INTEIRO),999999,100,20000000
141529,2,acrescimo,27101,23,695,6207,3678,20241,DISTRITO FEDERAL (INTEIRO),339039,100,20000000
141530,1,decrescimo,90101,99,999,9999,9999,1,DISTRITO FEDERAL (INTEIRO),999999,100,70000000
141530,2,acrescimo,9112,15,451,6209,1110,20246,X,449051,100,70000000
141531,1,decrescimo,90101,99,999,9999,9999,1,DISTRITO FEDERAL (INTEIRO),999999,100,30000000
141531,2,acrescimo,9105,15,451,6209,1110,20247,III,449051,100,30000000
141532,1,decrescimo,90101,99,999,9999,9999,1,DISTRITO FEDERAL (INTEIRO),999999,100,100000000
141532,2,acrescimo,9112,15,752,6209,8507,20249,X,339039,100,100000000
141533,1,decrescimo,90101,99,999,9999,9999,1,DISTRITO FEDERAL (INTEIRO),999999,100,50000000
141533,2,acrescimo,17101,8,244,6228,9107,20407,DISTRITO FEDERAL (INTEIRO),335043,100,50000000
141534,1,decrescimo,22201,15,451,6209,1110,9560,DISTRITO FEDERAL (INTEIRO),449051,100,89000000
141534,2,acrescimo,27101,23,695,6207,9085,20194,DISTRITO FEDERAL (INTEIRO),335041,100,89000000
141535,1,decrescimo,22201,15,452,6209,8508,9243,DISTRITO FEDERAL (INTEIRO),449052,100,60000000
141535,2,acrescimo,24101,6,181,6217,3029,20345,DISTRITO FEDERAL (INTEIRO),449052,100,60000000
141536,1,decrescimo,24103,6,181,8217,8502,8930,DISTRITO FEDERAL (INTEIRO),319004,100,30000000
141536,2,decrescimo,22201,15,122,8209,1968,3236,I,449051,100,20000000
141536,3,acrescimo,24103,6,181,6217,3029,20331,DISTRITO FEDERAL (INTEIRO),449052,100,50000000
141537,1,decrescimo,18101,12,122,6221,9068,337,DISTRITO FEDERAL (INTEIRO),445042,100,60000000
141537,2,decrescimo,24104,6,181,6217,3029,9538,DISTRITO FEDERAL (INTEIRO),449052,100,100000000
141537,3,decrescimo,23901,10,302,6202,9107,224,DISTRITO FEDERAL (INTEIRO),445042,100,100000000
141537,4,acrescimo,18101,12,122,6221,9068,337,DISTRITO FEDERAL (INTEIRO),335043,100,260000000
141538,1,decrescimo,22201,15,452,6209,8508,9243,DISTRITO FEDERAL (INTEIRO),449052,100,60000000
141538,2,acrescimo,23901,10,122,6202,4166,78,DISTRITO FEDERAL (INTEIRO),339039,100,60000000
141539,1,decrescimo,22201,15,451,6209,1110,9560,DISTRITO FEDERAL (INTEIRO),449051,100,60000000
141539,2,acrescimo,9109,25,752,6209,1836,20354,VII,449051,100,60000000
141540,1,decrescimo,24103,6,181,6217,3029,9535,DISTRITO FEDERAL (INTEIRO),339030,100,49100000
141540,2,acrescimo,24103,6,181,6217,3029,20324,DISTRITO FEDERAL (INTEIRO),339030,100,49100000
141541,1,decrescimo,14203,20,122,8201,2396,5426,II,339039,100,60000000
141541,2,acrescimo,14203,20,122,8201,3903,20193,II,449051,100,60000000
141542,1,decrescimo,90101,99,999,9999,9999,1,DISTRITO FEDERAL (INTEIRO),999999,100,18400000
141542,2,acrescimo,26206,26,453,6216,3467,20409,DISTRITO FEDERAL (INTEIRO),449052,100,18400000
141543,1,decrescimo,90101,99,999,9999,9999,1,DISTRITO FEDERAL (INTEIRO),999999,100,50000000
141543,2,acrescimo,44101,14,422,6211,9107,20405,DISTRITO FEDERAL (INTEIRO),335041,100,50000000
141544,1,decrescimo,90101,99,999,9999,9999,1,DISTRITO FEDERAL (INTEIRO),999999,100,50000000
141544,2,acrescimo,23901,10,122,6202,4166,20377,IX,339039,100,50000000
141545,1,decrescimo,90101,99,999,9999,9999,1,DISTRITO FEDERAL (INTEIRO),999999,100,150000000
141545,2,acrescimo,16101,13,392,6219,9075,20393,DISTRITO FEDERAL (INTEIRO),335041,100,150000000
141546,1,decrescimo,90101,99,999,9999,9999,1,DISTRITO FEDERAL (INTEIRO),999999,100,50000000
141546,2,acrescimo,44201,14,421,6217,2426,20408,DISTRITO FEDERAL (INTEIRO),335041,100,50000000
141547,1,decrescimo,90101,99,999,9999,9999,1,DISTRITO FEDERAL (INTEIRO),999999,100,150000000
141547,2,acrescimo,34101,27,812,6206,9080,20394,DISTRITO FEDERAL (INTEIRO),335041,100,150000000
141548,1,decrescimo,90101,99,999,9999,9999,1,DISTRITO FEDERAL (INTEIRO),999999,100,400000000
141548,2,acrescimo,18101,12,122,6221,9068,20333,DISTRITO FEDERAL (INTEIRO),335043,100,400000000
141549,1,decrescimo,90101,99,999,9999,9999,1,DISTRITO FEDERAL (INTEIRO),999999,100,30000000
141549,2,acrescimo,9111,15,752,6209,8507,20395,IX,339039,100,30000000
141550,1,decrescimo,90101,99,999,9999,9999,1,DISTRITO FEDERAL (INTEIRO),999999,100,50000000
141550,2,acrescimo,44101,14,243,6211,2579,20411,DISTRITO FEDERAL (INTEIRO),339039,100,50000000
141551,1,decrescimo,90101,99,999,9999,9999,1,DISTRITO FEDERAL (INTEIRO),999999,100,50000000
141551,2,acrescimo,23901,10,122,6202,4166,20381,DISTRITO FEDERAL (INTEIRO),339039,100,50000000
141552,1,decrescimo,90101,99,999,9999,9999,1,DISTRITO FEDERAL (INTEIRO),999999,100,220000000
141552,2,acrescimo,22201,15,451,6209,1110,20400,DISTRITO FEDERAL (INTEIRO),449051,100,220000000
141553,1,decrescimo,90101,99,999,9999,9999,1,DISTRITO FEDERAL (INTEIRO),999999,100,200000000
141553,2,acrescimo,18101,12,122,6221,9068,20340,DISTRITO FEDERAL (INTEIRO),445042,100,200000000
141554,1,decrescimo,22201,15,451,6206,3902,9566,DISTRITO FEDERAL (INTEIRO),449051,100,10000000
141554,2,decrescimo,23901,10,302,6202,9107,225,DISTRITO FEDERAL (INTEIRO),445042,100,5000000
141554,3,decrescimo,17101,8,244,8228,3903,9847,II,449051,100,10000000
141554,4,decrescimo,23901,10,302,6202,9107,225,DISTRITO FEDERAL (INTEIRO),445042,100,5000000
141554,5,acrescimo,9115,4,421,6217,2426,20404,XIII,339139,100,30000000
141555,1,decrescimo,23901,10,302,6202,9107,225,DISTRITO FEDERAL (INTEIRO),445042,100,20000000
141555,2,acrescimo,23901,10,302,6202,9107,20274,DISTRITO FEDERAL (INTEIRO),335042,100,20000000
141556,1,decrescimo,25101,11,333,6207,9107,255,DISTRITO FEDERAL (INTEIRO),335041,100,100000000
141556,2,acrescimo,57101,14,422,6211,9107,20398,DISTRITO FEDERAL (INTEIRO),335041,100,100000000
141557,1,decrescimo,23901,10,302,6202,9107,225,DISTRITO FEDERAL (INTEIRO),445042,100,5000000
141557,2,acrescimo,9115,4,122,8205,8517,20412,XIII,449052,100,5000000
141558,1,decrescimo,21208,18,542,6210,2536,17,XIII,339039,100,15000000
141558,2,acrescimo,9115,4,122,8205,8517,72,XIII,449052,100,15000000
141559,1,decrescimo,17101,8,244,8228,3903,9847,II,449051,100,20000000
141559,2,acrescimo,17101,8,244,6206,3048,20278,II,449051,100,20000000
141560,1,decrescimo,26205,26,782,6216,5745,61,DISTRITO FEDERAL (INTEIRO),449051,100,100000000
141560,2,decrescimo,22201,15,451,6206,3902,9566,DISTRITO FEDERAL (INTEIRO),449051,100,90000000
141560,3,acrescimo,27101,27,392,6219,9075,20402,DISTRITO FEDERAL (INTEIRO),335041,100,190000000
141561,1,decrescimo,25101,11,333,6207,9122,17,DISTRITO FEDERAL (INTEIRO),335041,100,100000000
141561,2,acrescimo,27101,23,695,6207,9085,68,DISTRITO FEDERAL (INTEIRO),335041,100,100000000
141562,1,decrescimo,22101,15,752,6209,8507,6554,DISTRITO FEDERAL (INTEIRO),339039,100,4000000
141562,2,acrescimo,9104,25,752,6209,8507,20417,II,339039,100,4000000
141563,1,decrescimo,23901,10,302,6202,4166,75,DISTRITO FEDERAL (INTEIRO),339039,100,30000000
141563,2,acrescimo,23901,10,122,6202,4166,20406,DISTRITO FEDERAL (INTEIRO),339039,100,30000000
141564,1,decrescimo,22201,15,451,6206,3902,9565,DISTRITO FEDERAL (INTEIRO),339039,100,20000000
141564,2,acrescimo,22201,15,452,6209,8508,20420,II,339039,100,20000000
141565,1,decrescimo,25101,11,333,6207,9122,15,DISTRITO FEDERAL (INTEIRO),335041,100,16000000
141565,2,decrescimo,25101,11,333,6207,9122,17,DISTRITO FEDERAL (INTEIRO),335041,100,14000000
141565,3,decrescimo,22101,15,752,6209,1836,7102,DISTRITO FEDERAL (INTEIRO),449051,100,21000000
141565,4,acrescimo,16101,13,392,6219,9075,281,DISTRITO FEDERAL (INTEIRO),335041,100,51000000
141566,1,decrescimo,22201,27,812,6206,3048,9642,DISTRITO FEDERAL (INTEIRO),339039,100,28000000
141566,2,acrescimo,9135,27,812,6206,3048,20421,XXXI,339039,100,28000000
141567,1,decrescimo,26205,26,782,6216,4195,11,DISTRITO FEDERAL (INTEIRO),339030,100,20000000
141567,2,acrescimo,26205,26,451,6209,1110,20422,II,449051,100,20000000
141568,1,decrescimo,25101,11,333,6207,9122,17,DISTRITO FEDERAL (INTEIRO),335041,100,10000000
141568,2,acrescimo,44101,14,422,6211,9107,20423,DISTRITO FEDERAL (INTEIRO),335041,100,10000000
141569,1,decrescimo,23901,10,302,6202,3140,14,I,449051,100,80000000
141569,2,decrescimo,23901,10,302,6202,4166,75,DISTRITO FEDERAL (INTEIRO),339039,100,20000000
141569,3,decrescimo,18101,12,122,6221,9068,328,DISTRITO FEDERAL (INTEIRO),335043,100,15000000
141569,4,decrescimo,22101,15,752,6209,8507,6554,DISTRITO FEDERAL (INTEIRO),339039,100,30000000
141569,5,decrescimo,26205,26,782,6216,5745,58,DISTRITO FEDERAL (INTEIRO),449051,100,20000000
141569,6,decrescimo,26205,26,782,6216,4195,11,DISTRITO FEDERAL (INTEIRO),339030,100,30000000
141569,7,decrescimo,25101,11,333,6207,9122,17,DISTRITO FEDERAL (INTEIRO),335041,100,120000000
141569,8,acrescimo,40101,19,573,6207,9107,20397,DISTRITO FEDERAL (INTEIRO),335041,100,315000000
141570,1,decrescimo,22101,15,752,6209,8507,6554,DISTRITO FEDERAL (INTEIRO),339039,100,16000000
141570,2,acrescimo,9114,25,752,6209,8507,20413,XII,339039,100,16000000
141571,1,decrescimo,22101,15,752,6209,1836,7102,DISTRITO FEDERAL (INTEIRO),449051,100,20500000
141571,2,acrescimo,9117,25,752,6209,1110,20415,XV,449051,100,20500000
141572,1,decrescimo,22101,15,752,6209,1836,7102,DISTRITO FEDERAL (INTEIRO),449051,100,8500000
141572,2,acrescimo,9104,25,752,6209,1110,20416,II,449051,100,8500000
141573,1,decrescimo,22201,15,451,6209,1110,9993,DISTRITO FEDERAL (INTEIRO),459051,100,100000000
141573,2,acrescimo,27101,23,695,6219,9075,20042,DISTRITO FEDERAL (INTEIRO),335041,100,100000000
141574,1,decrescimo,16101,13,392,6219,9075,277,DISTRITO FEDERAL (INTEIRO),335041,100,100000000
141574,2,acrescimo,27101,23,695,6219,9075,20043,DISTRITO FEDERAL (INTEIRO),335041,100,100000000
141575,1,decrescimo,9106,15,451,6209,1110,9989,IV,339030,100,200000000
141575,2,acrescimo,18101,12,122,6221,9068,20044,DISTRITO FEDERAL (INTEIRO),335043,100,200000000
141576,1,decrescimo,23901,10,122,6202,4166,71,DISTRITO FEDERAL (INTEIRO),339039,100,100000000
141576,2,acrescimo,23901,10,305,6202,4166,20046,DISTRITO FEDERAL (INTEIRO),335042,100,100000000
141577,1,decrescimo,20101,4,122,6207,9120,17,DISTRITO FEDERAL (INTEIRO),335041,100,26000000
141577,2,acrescimo,34101,27,811,6206,9080,20048,DISTRITO FEDERAL (INTEIRO),335041,100,26000000
141578,1,decrescimo,20101,4,122,6207,9120,17,DISTRITO FEDERAL (INTEIRO),335041,100,55000000
141578,2,acrescimo,34101,27,812,6206,9080,20242,DISTRITO FEDERAL (INTEIRO),335041,100,55000000
141579,1,decrescimo,20101,4,122,6207,9120,17,DISTRITO FEDERAL (INTEIRO),335041,100,45000000
141579,2,acrescimo,40101,19,573,6207,9118,20243,DISTRITO FEDERAL (INTEIRO),335041,100,45000000
141580,1,decrescimo,22201,15,451,6209,1110,9993,DISTRITO FEDERAL (INTEIRO),459051,100,60000000
141580,2,acrescimo,18101,12,122,6221,9068,20039,DISTRITO FEDERAL (INTEIRO),335043,100,60000000
141581,1,decrescimo,22201,15,451,6209,1110,9993,DISTRITO FEDERAL (INTEIRO),459051,100,40000000
141581,2,acrescimo,44101,14,422,6211,9107,20040,DISTRITO FEDERAL (INTEIRO),335041,100,40000000
141582,1,decrescimo,22201,15,451,6209,1110,9993,DISTRITO FEDERAL (INTEIRO),459051,100,100000000
141582,2,decrescimo,23901,10,122,6202,4166,71,DISTRITO FEDERAL (INTEIRO),339039,100,100000000
141582,3,acrescimo,23901,10,305,6202,9107,20041,DISTRITO FEDERAL (INTEIRO),335042,100,200000000
141583,1,decrescimo,18101,12,122,6221,9068,337,DISTRITO FEDERAL (INTEIRO),335043,100,30000000
141583,2,decrescimo,23901,10,302,6202,9107,224,DISTRITO FEDERAL (INTEIRO),445042,100,100000000
141583,3,decrescimo,24104,6,181,6217,3029,9538,DISTRITO FEDERAL (INTEIRO),449052,100,100000000
141583,4,acrescimo,18101,12,122,6221,9068,337,DISTRITO FEDERAL (INTEIRO),445042,100,230000000
141584,1,decrescimo,23901,10,301,6202,3135,59,DISTRITO FEDERAL (INTEIRO),449051,100,10000000
141584,2,acrescimo,20101,11,333,6207,9120,20424,DISTRITO FEDERAL (INTEIRO),339039,100,10000000
141585,1,decrescimo,90101,99,999,9999,9999,1,DISTRITO FEDERAL (INTEIRO),999999,100,20000000
141585,2,acrescimo,14101,20,122,8201,8517,20425,DISTRITO FEDERAL (INTEIRO),449052,100,20000000
141586,1,decrescimo,90101,99,999,9999,9999,1,DISTRITO FEDERAL (INTEIRO),999999,100,70000000
141586,2,acrescimo,14101,20,606,6201,3467,20426,DISTRITO FEDERAL (INTEIRO),449052,100,70000000
141587,1,decrescimo,21208,18,542,6210,2536,17,XIII,339039,100,20000000
141587,2,acrescimo,9115,4,122,8205,8517,20428,XIII,339030,100,20000000
141588,1,decrescimo,21208,18,542,6210,2536,17,XIII,339039,100,15000000
141588,2,acrescimo,9115,4,122,8205,8517,72,XIII,339030,100,15000000
141589,1,decrescimo,9110,4,122,8205,3467,9658,VIII,449052,100,30000000
141589,2,acrescimo,34101,27,812,6206,9080,20427,DISTRITO FEDERAL (INTEIRO),339033,100,30000000
141590,1,decrescimo,22201,15,452,6209,8508,9243,DISTRITO FEDERAL (INTEIRO),449052,100,30000000
141590,2,acrescimo,48101,3,122,6211,3030,20429,DISTRITO FEDERAL (INTEIRO),449052,100,30000000
141591,1,decrescimo,90101,99,999,9999,9999,1,DISTRITO FEDERAL (INTEIRO),999999,100,35000000
141591,2,acrescimo,48101,3,122,6211,3030,20430,DISTRITO FEDERAL (INTEIRO),449052,100,35000000
141592,1,decrescimo,90101,99,999,9999,9999,1,DISTRITO FEDERAL (INTEIRO),999999,100,100000000
141592,2,acrescimo,23901,10,302,6202,9107,20431,DISTRITO FEDERAL (INTEIRO),335042,100,100000000
141593,1,decrescimo,90101,99,999,9999,9999,1,DISTRITO FEDERAL (INTEIRO),999999,100,65000000
141593,2,acrescimo,44101,14,422,6211,9107,20432,DISTRITO FEDERAL (INTEIRO),335043,100,65000000
141594,1,decrescimo,90101,99,999,9999,9999,1,DISTRITO FEDERAL (INTEIRO),999999,100,41500000
141594,2,acrescimo,14101,20,606,6201,3467,20426,DISTRITO FEDERAL (INTEIRO),449052,100,41500000
141595,1,decrescimo,90101,99,999,9999,9999,1,DISTRITO FEDERAL (INTEIRO),999999,100,18500000
141595,2,acrescimo,14101,20,122,8201,8517,20433,DISTRITO FEDERAL (INTEIRO),449052,100,18500000
141596,1,decrescimo,90101,99,999,9999,9999,1,DISTRITO FEDERAL (INTEIRO),999999,100,90000000
141596,2,acrescimo,17101,8,244,6228,9107,20434,DISTRITO FEDERAL (INTEIRO),335041,100,90000000
141597,1,decrescimo,90101,99,999,9999,9999,1,DISTRITO FEDERAL (INTEIRO),999999,100,100000000
141597,2,acrescimo,61101,8,244,6228,9107,20435,DISTRITO FEDERAL (INTEIRO),335041,100,100000000
141598,1,decrescimo,90101,99,999,9999,9999,1,DISTRITO FEDERAL (INTEIRO),999999,100,90000000
141598,2,acrescimo,44101,8,244,6228,9107,20436,DISTRITO FEDERAL (INTEIRO),335041,100,90000000
141599,1,decrescimo,90101,99,999,9999,9999,1,DISTRITO FEDERAL (INTEIRO),999999,100,30000000
141599,2,acrescimo,17902,8,244,6228,9073,20437,DISTRITO FEDERAL (INTEIRO),335043,100,30000000
141600,1,decrescimo,26101,26,453,6216,2455,2,DISTRITO FEDERAL (INTEIRO),339039,100,6305807000
141600,2,acrescimo,90101,99,999,9999,9999,20442,DISTRITO FEDERAL (INTEIRO),999999,100,6305807000
141601,1,decrescimo,26101,26,453,6216,2455,2,DISTRITO FEDERAL (INTEIRO),339039,100,1000000000
141601,2,acrescimo,17101,8,244,6228,1235,20438,DISTRITO FEDERAL (INTEIRO),449051,100,1000000000
141602,1,decrescimo,18101,12,122,6221,9068,341,DISTRITO FEDERAL (INTEIRO),445042,100,51735000
141602,2,decrescimo,9104,13,392,6219,3678,6129,II,339039,100,30000000
141602,3,decrescimo,22201,15,451,6206,3048,9645,DISTRITO FEDERAL (INTEIRO),339039,100,60000000
141602,4,decrescimo,25101,11,333,6207,9107,231,DISTRITO FEDERAL (INTEIRO),335041,100,140000000
141602,5,acrescimo,21101,18,541,6210,9107,20443,DISTRITO FEDERAL (INTEIRO),335041,100,281735000
141603,1,decrescimo,21208,18,542,6210,9088,19,DISTRITO FEDERAL (INTEIRO),335041,100,300000000
141603,2,acrescimo,21101,18,542,6210,9088,20440,DISTRITO FEDERAL (INTEIRO),335041,100,300000000
141604,1,decrescimo,21208,18,542,6210,2536,22,DISTRITO FEDERAL (INTEIRO),339039,100,100000000
141604,2,acrescimo,21101,18,542,6210,2536,20441,DISTRITO FEDERAL (INTEIRO),339039,100,100000000
141605,1,decrescimo,26101,26,453,6216,2455,2,DISTRITO FEDERAL (INTEIRO),339039,100,7305807000
141605,2,acrescimo,90101,99,999,9999,9999,20444,DISTRITO FEDERAL (INTEIRO),999999,100,7305807000
141606,1,decrescimo,21208,18,542,6210,2536,17,XIII,339039,100,15000000
141606,2,acrescimo,9115,4,122,8205,8517,72,XIII,339030,100,15000000
141607,1,decrescimo,90101,99,999,9999,9999,1,DISTRITO FEDERAL (INTEIRO),999999,100,401041000
141607,2,acrescimo,18101,12,122,6221,9068,20084,DISTRITO FEDERAL (INTEIRO),335043,100,401041000
141608,1,decrescimo,90101,99,999,9999,9999,1,DISTRITO FEDERAL (INTEIRO),999999,100,150000000
141608,2,acrescimo,40101,14,243,6211,9107,237,DISTRITO FEDERAL (INTEIRO),335041,100,150000000
141609,1,decrescimo,90101,99,999,9999,9999,1,DISTRITO FEDERAL (INTEIRO),999999,100,600000000
141609,2,acrescimo,34101,27,812,6206,4090,187,DISTRITO FEDERAL (INTEIRO),339039,100,600000000
141610,1,decrescimo,90101,99,999,9999,9999,1,DISTRITO FEDERAL (INTEIRO),999999,100,500000000
141610,2,acrescimo,40101,19,573,6207,9118,25,DISTRITO FEDERAL (INTEIRO),335041,100,500000000
141611,1,decrescimo,90101,99,999,9999,9999,1,DISTRITO FEDERAL (INTEIRO),999999,100,1500000000
141611,2,acrescimo,22201,15,451,6209,1110,20445,XXVIII,449051,100,1500000000
141612,1,decrescimo,90101,99,999,9999,9999,1,DISTRITO FEDERAL (INTEIRO),999999,100,800000000
141612,2,acrescimo,57101,14,422,6211,4240,10,DISTRITO FEDERAL (INTEIRO),339039,100,800000000
141613,1,decrescimo,26101,26,453,6216,2455,2,DISTRITO FEDERAL (INTEIRO),339039,100,7305807000
141613,2,acrescimo,90101,99,999,9999,9999,1,DISTRITO FEDERAL (INTEIRO),999999,100,7305807000
141614,1,decrescimo,34101,27,812,6206,2631,16,DISTRITO FEDERAL (INTEIRO),339033,100,100000000
141614,2,acrescimo,34101,27,812,6206,9080,181,DISTRITO FEDERAL (INTEIRO),335041,100,100000000
141615,1,decrescimo,25101,11,334,6207,2900,7563,DISTRITO FEDERAL (INTEIRO),339039,100,15000000
141615,2,acrescimo,24103,6,181,8217,8517,20450,DISTRITO FEDERAL (INTEIRO),339039,100,15000000
141616,1,decrescimo,25101,11,334,6207,2900,7563,DISTRITO FEDERAL (INTEIRO),339039,100,80000000
141616,2,acrescimo,18101,12,243,6221,9107,20451,DISTRITO FEDERAL (INTEIRO),335043,100,80000000
141617,1,decrescimo,90101,99,999,9999,9999,2,DISTRITO FEDERAL (INTEIRO),999999,100,100000000
141617,2,acrescimo,44101,14,422,6211,9107,20446,DISTRITO FEDERAL (INTEIRO),335041,100,100000000
141618,1,decrescimo,9111,25,752,6209,1836,7092,IX,449051,100,115000000
141618,2,acrescimo,9111,25,752,6209,8507,20447,IX,339039,100,115000000
141619,1,decrescimo,22214,15,452,6209,2079,6122,I,339039,100,58800000
141619,2,acrescimo,22214,15,452,6209,2079,6122,I,449052,100,58800000
141620,1,decrescimo,23901,10,122,6202,4166,82,DISTRITO FEDERAL (INTEIRO),339039,100,30000000
141620,2,acrescimo,18101,12,122,6221,9068,342,DISTRITO FEDERAL (INTEIRO),445042,100,30000000
141621,1,decrescimo,23901,10,122,6202,4166,82,DISTRITO FEDERAL (INTEIRO),339039,100,70000000
141621,2,acrescimo,18101,12,122,6221,9068,342,DISTRITO FEDERAL (INTEIRO),335043,100,70000000
141622,1,decrescimo,22201,15,451,6209,1110,9562,DISTRITO FEDERAL (INTEIRO),449051,100,33050000
141622,2,acrescimo,34101,27,812,6206,9080,20458,DISTRITO FEDERAL (INTEIRO),335041,100,33050000
141623,1,decrescimo,18101,12,122,6221,9068,339,DISTRITO FEDERAL (INTEIRO),445042,100,100000000
141623,2,acrescimo,16101,13,392,6219,9075,291,DISTRITO FEDERAL (INTEIRO),335041,100,100000000
141624,1,decrescimo,25101,11,333,6207,4102,17,DISTRITO FEDERAL (INTEIRO),339032,100,200000000
141624,2,acrescimo,26205,26,782,6216,4195,20461,DISTRITO FEDERAL (INTEIRO),339039,100,200000000
141625,1,decrescimo,25101,11,333,6207,2900,7564,DISTRITO FEDERAL (INTEIRO),339048,100,150000000
141625,2,acrescimo,26205,26,451,8216,2396,5432,DISTRITO FEDERAL (INTEIRO),339039,100,150000000
141626,1,decrescimo,25101,11,333,6207,4102,17,DISTRITO FEDERAL (INTEIRO),339032,100,50000000
141626,2,decrescimo,25101,11,333,6207,4102,17,DISTRITO FEDERAL (INTEIRO),339039,100,30000000
141626,3,decrescimo,9103,15,752,6209,8507,6539,I,339039,100,70000000
141626,4,acrescimo,26205,26,782,6216,4195,20462,DISTRITO FEDERAL (INTEIRO),339039,100,150000000
141627,1,decrescimo,25101,11,333,6207,2900,7565,DISTRITO FEDERAL (INTEIRO),339048,100,50000000
141627,2,decrescimo,25101,11,244,8207,2396,5431,DISTRITO FEDERAL (INTEIRO),339039,100,30000000
141627,3,acrescimo,27101,23,695,6207,9085,20464,DISTRITO FEDERAL (INTEIRO),335041,100,80000000
141628,1,decrescimo,25101,11,122,8207,8517,9863,DISTRITO FEDERAL (INTEIRO),449052,100,20000000
141628,2,decrescimo,25101,11,333,6207,4102,17,DISTRITO FEDERAL (INTEIRO),339039,100,20000000
141628,3,acrescimo,25101,11,334,6207,9107,228,DISTRITO FEDERAL (INTEIRO),335041,100,40000000
141629,1,decrescimo,25101,11,333,6207,2900,7565,DISTRITO FEDERAL (INTEIRO),339039,100,150000000
141629,2,acrescimo,22201,15,451,6209,1110,9998,DISTRITO FEDERAL (INTEIRO),449051,100,150000000
141630,1,decrescimo,25101,11,333,6207,2667,21,DISTRITO FEDERAL (INTEIRO),339048,100,50000000
141630,2,decrescimo,25101,11,333,6207,2667,21,DISTRITO FEDERAL (INTEIRO),339030,100,50000000
141630,3,acrescimo,16101,13,392,6219,9075,284,DISTRITO FEDERAL (INTEIRO),335041,100,100000000
141631,1,decrescimo,25101,11,122,8207,8517,9863,DISTRITO FEDERAL (INTEIRO),449052,100,10000000
141631,2,acrescimo,23901,10,122,6202,4166,20465,III,339039,100,10000000
141632,1,decrescimo,18101,12,122,6221,9068,331,DISTRITO FEDERAL (INTEIRO),445042,100,50000000
141632,2,acrescimo,60101,14,243,6211,9078,20452,DISTRITO FEDERAL (INTEIRO),335041,100,50000000
141633,1,decrescimo,18101,12,122,6221,9068,331,DISTRITO FEDERAL (INTEIRO),445042,100,50000000
141633,2,acrescimo,27101,23,695,6207,9085,20453,DISTRITO FEDERAL (INTEIRO),335041,100,50000000
141634,1,decrescimo,18101,12,122,6221,9068,330,DISTRITO FEDERAL (INTEIRO),335043,100,10000000
141634,2,acrescimo,27101,23,695,6207,9085,20454,DISTRITO FEDERAL (INTEIRO),335041,100,10000000
141635,1,decrescimo,18101,12,122,6221,9068,330,DISTRITO FEDERAL (INTEIRO),335043,100,10000000
141635,2,acrescimo,34101,27,812,6206,9080,20455,DISTRITO FEDERAL (INTEIRO),335041,100,10000000
141636,1,decrescimo,18101,12,122,6221,9068,330,DISTRITO FEDERAL (INTEIRO),335043,100,30000000
141636,2,acrescimo,16101,13,392,6219,9075,278,DISTRITO FEDERAL (INTEIRO),335041,100,30000000
141637,1,decrescimo,18101,12,122,6221,9068,330,DISTRITO FEDERAL (INTEIRO),335043,100,20000000
141637,2,acrescimo,23901,10,122,8202,8517,20457,DISTRITO FEDERAL (INTEIRO),339039,100,20000000
141638,1,decrescimo,25101,11,333,6207,4102,17,DISTRITO FEDERAL (INTEIRO),339032,100,50000000
141638,2,decrescimo,25101,11,333,6207,4102,17,DISTRITO FEDERAL (INTEIRO),339039,100,50000000
141638,3,acrescimo,23901,10,305,6202,9107,20471,DISTRITO FEDERAL (INTEIRO),335042,100,100000000
141639,1,decrescimo,22201,15,451,6209,1110,9993,DISTRITO FEDERAL (INTEIRO),459051,100,100000000
141639,2,acrescimo,27101,23,695,6207,9085,20474,DISTRITO FEDERAL (INTEIRO),335041,100,100000000
141640,1,decrescimo,16101,13,392,6219,9075,277,DISTRITO FEDERAL (INTEIRO),335041,100,100000000
141640,2,acrescimo,27101,23,695,6207,9085,20475,DISTRITO FEDERAL (INTEIRO),335041,100,100000000
141641,1,decrescimo,34101,27,811,6206,9080,209,DISTRITO FEDERAL (INTEIRO),335041,100,26000000
141641,2,acrescimo,40101,19,573,6207,9118,20476,DISTRITO FEDERAL (INTEIRO),335041,100,26000000
141642,1,decrescimo,18101,12,122,6221,9068,339,DISTRITO FEDERAL (INTEIRO),445042,100,20000000
141642,2,acrescimo,64101,6,421,6217,2727,20469,DISTRITO FEDERAL (INTEIRO),339014,100,20000000
141643,1,decrescimo,18101,12,122,6221,9068,339,DISTRITO FEDERAL (INTEIRO),445042,100,15000000
141643,2,acrescimo,24103,6,181,8217,8517,20477,DISTRITO FEDERAL (INTEIRO),339039,100,15000000
141644,1,decrescimo,18101,12,122,6221,9068,339,DISTRITO FEDERAL (INTEIRO),445042,100,20000000
141644,2,acrescimo,9108,15,752,6209,8507,20478,VI,339039,100,20000000
141645,1,decrescimo,18101,12,122,6221,9068,339,DISTRITO FEDERAL (INTEIRO),445042,100,25000000
141645,2,acrescimo,34101,27,812,6206,9080,194,DISTRITO FEDERAL (INTEIRO),335041,100,25000000
141646,1,decrescimo,18101,12,122,6221,9068,339,DISTRITO FEDERAL (INTEIRO),445042,100,20000000
141646,2,acrescimo,9105,15,752,6209,8507,20466,III,339039,100,20000000
141647,1,decrescimo,23901,10,302,6202,3467,9663,DISTRITO FEDERAL (INTEIRO),449052,100,15000000
141647,2,acrescimo,23901,10,122,6202,4166,20494,DISTRITO FEDERAL (INTEIRO),339039,100,15000000
141648,1,decrescimo,90101,99,999,9999,9999,2,DISTRITO FEDERAL (INTEIRO),999999,100,50000000
141648,2,acrescimo,24105,6,128,6206,2024,20504,DISTRITO FEDERAL (INTEIRO),339014,100,50000000
141649,1,decrescimo,34101,27,812,6206,9080,218,DISTRITO FEDERAL (INTEIRO),335041,100,10000000
141649,2,acrescimo,24105,6,128,6206,2024,20505,DISTRITO FEDERAL (INTEIRO),339014,100,10000000
141650,1,decrescimo,34101,27,812,6206,9080,218,DISTRITO FEDERAL (INTEIRO),335041,100,10000000
141650,2,acrescimo,24103,6,128,6206,2024,20506,DISTRITO FEDERAL (INTEIRO),339014,100,10000000
141651,1,decrescimo,16101,13,392,6219,9075,277,DISTRITO FEDERAL (INTEIRO),335041,100,30000000
141651,2,acrescimo,27101,23,695,6207,9085,20508,DISTRITO FEDERAL (INTEIRO),335041,100,30000000
141652,1,decrescimo,57101,14,422,6211,4211,7,DISTRITO FEDERAL (INTEIRO),449052,100,8000000
141652,2,acrescimo,57101,14,422,6211,9107,287,DISTRITO FEDERAL (INTEIRO),335041,100,8000000
141653,1,decrescimo,57101,14,422,6211,4211,7,DISTRITO FEDERAL (INTEIRO),449052,100,20000000
141653,2,acrescimo,27101,23,695,6207,9085,67,DISTRITO FEDERAL (INTEIRO),335041,100,20000000
141654,1,decrescimo,57101,14,422,6211,4211,7,DISTRITO FEDERAL (INTEIRO),449052,100,22000000
141654,2,acrescimo,16101,13,392,6219,9075,289,DISTRITO FEDERAL (INTEIRO),335041,100,22000000
141655,1,decrescimo,17101,8,244,6228,9073,22,DISTRITO FEDERAL (INTEIRO),335043,100,25000000
141655,2,acrescimo,25101,11,333,6207,9107,20512,DISTRITO FEDERAL (INTEIRO),335041,100,25000000
141656,1,decrescimo,34101,27,812,6206,9080,211,DISTRITO FEDERAL (INTEIRO),339033,100,30000000
141656,2,acrescimo,24103,6,181,8217,8517,20514,DISTRITO FEDERAL (INTEIRO),339015,100,30000000
141657,1,decrescimo,26205,15,451,6216,3090,5336,DISTRITO FEDERAL (INTEIRO),449051,100,20000000
141657,2,acrescimo,9126,4,122,8205,8517,20521,XXIV,339039,100,20000000
141658,1,decrescimo,26205,15,451,6216,3090,5336,DISTRITO FEDERAL (INTEIRO),449051,100,20000000
141658,2,acrescimo,24103,6,181,8217,8517,20515,DISTRITO FEDERAL (INTEIRO),339015,100,20000000
141659,1,decrescimo,9121,4,421,6217,2426,8574,XXIV,339139,100,15000000
141659,2,acrescimo,9126,15,122,6207,3247,20522,XXIV,339039,100,15000000
141660,1,decrescimo,9121,15,451,6209,1110,9990,XIX,449051,100,40000000
141660,2,acrescimo,34101,27,812,6206,9080,188,DISTRITO FEDERAL (INTEIRO),335041,100,40000000
141661,1,decrescimo,26205,15,451,6216,3090,5336,DISTRITO FEDERAL (INTEIRO),449051,100,20000000
141661,2,acrescimo,9110,15,451,6209,1836,7091,VIII,449051,100,20000000
141662,1,decrescimo,26205,15,451,6216,3090,5336,DISTRITO FEDERAL (INTEIRO),449051,100,20000000
141662,2,acrescimo,23901,10,301,8202,2396,20510,DISTRITO FEDERAL (INTEIRO),339039,100,20000000
141663,1,decrescimo,26205,15,451,6216,3090,5336,DISTRITO FEDERAL (INTEIRO),449051,100,20000000
141663,2,acrescimo,23901,10,122,6202,4166,20511,DISTRITO FEDERAL (INTEIRO),339039,100,20000000
141664,1,decrescimo,22201,15,451,6206,3596,8578,DISTRITO FEDERAL (INTEIRO),449051,100,36000000
141664,2,acrescimo,23901,10,302,6202,9107,20507,DISTRITO FEDERAL (INTEIRO),445042,100,36000000
141665,1,decrescimo,9106,15,451,6209,1110,9989,IV,339030,100,50000000
141665,2,acrescimo,27101,23,695,6207,9085,20527,DISTRITO FEDERAL (INTEIRO),335041,100,50000000
141666,1,decrescimo,34101,27,812,6206,9080,218,DISTRITO FEDERAL (INTEIRO),335041,100,10000000
141666,2,acrescimo,64101,6,421,6217,2727,20541,DISTRITO FEDERAL (INTEIRO),339014,100,10000000
141667,1,decrescimo,34101,27,812,6206,9080,218,DISTRITO FEDERAL (INTEIRO),335041,100,10000000
141667,2,acrescimo,24103,6,181,8217,8517,20543,DISTRITO FEDERAL (INTEIRO),339039,100,10000000
141668,1,decrescimo,90101,99,999,9999,9999,1,DISTRITO FEDERAL (INTEIRO),999999,100,75000000
141668,2,acrescimo,26205,26,782,6216,1968,20534,DISTRITO FEDERAL (INTEIRO),449051,100,75000000
141669,1,decrescimo,90101,99,999,9999,9999,1,DISTRITO FEDERAL (INTEIRO),999999,100,175000000
141669,2,acrescimo,16101,13,392,6219,9075,20536,DISTRITO FEDERAL (INTEIRO),335041,100,175000000
141670,1,decrescimo,90101,99,999,9999,9999,1,DISTRITO FEDERAL (INTEIRO),999999,100,190000000
141670,2,acrescimo,40101,19,573,6207,9118,20537,DISTRITO FEDERAL (INTEIRO),335041,100,190000000
141671,1,decrescimo,90101,99,999,9999,9999,1,DISTRITO FEDERAL (INTEIRO),999999,100,5000000
141671,2,acrescimo,24105,6,128,6206,2024,20538,DISTRITO FEDERAL (INTEIRO),339014,100,5000000
141672,1,decrescimo,90101,99,999,9999,9999,1,DISTRITO FEDERAL (INTEIRO),999999,100,50000000
141672,2,acrescimo,34101,27,812,6206,9080,20524,DISTRITO FEDERAL (INTEIRO),335041,100,50000000
141673,1,decrescimo,90101,99,999,9999,9999,1,DISTRITO FEDERAL (INTEIRO),999999,100,50000000
141673,2,acrescimo,23901,10,122,8202,2396,20525,DISTRITO FEDERAL (INTEIRO),339039,100,50000000
141674,1,decrescimo,90101,99,999,9999,9999,1,DISTRITO FEDERAL (INTEIRO),999999,100,100000000
141674,2,acrescimo,23901,10,302,6202,9107,20529,DISTRITO FEDERAL (INTEIRO),445042,100,100000000
141675,1,decrescimo,90101,99,999,9999,9999,1,DISTRITO FEDERAL (INTEIRO),999999,100,100000000
141675,2,acrescimo,18101,12,122,6221,9068,20530,DISTRITO FEDERAL (INTEIRO),445042,100,100000000
141676,1,decrescimo,90101,99,999,9999,9999,1,DISTRITO FEDERAL (INTEIRO),999999,100,50000000
141676,2,acrescimo,9108,15,451,6209,1110,20546,VI,449051,100,50000000
141677,1,decrescimo,90101,99,999,9999,9999,1,DISTRITO FEDERAL (INTEIRO),999999,100,100000000
141677,2,acrescimo,22201,15,451,6209,1110,20531,DISTRITO FEDERAL (INTEIRO),449052,100,100000000
141678,1,decrescimo,90101,99,999,9999,9999,1,DISTRITO FEDERAL (INTEIRO),999999,100,100000000
141678,2,acrescimo,26205,26,782,6216,1347,20532,DISTRITO FEDERAL (INTEIRO),449051,100,100000000
141679,1,decrescimo,90101,99,999,9999,9999,1,DISTRITO FEDERAL (INTEIRO),999999,100,45000000
141679,2,acrescimo,26205,26,782,6216,1968,20533,DISTRITO FEDERAL (INTEIRO),449051,100,45000000
141680,1,decrescimo,90101,99,999,9999,9999,1,DISTRITO FEDERAL (INTEIRO),999999,100,10000000
141680,2,acrescimo,24103,6,181,8217,8517,20539,DISTRITO FEDERAL (INTEIRO),339039,100,10000000
141681,1,decrescimo,23901,10,122,6202,4166,85,DISTRITO FEDERAL (INTEIRO),339039,100,13000000
141681,2,acrescimo,64101,6,421,6217,2727,20549,DISTRITO FEDERAL (INTEIRO),339014,100,13000000
141682,1,decrescimo,90101,99,999,9999,9999,2,DISTRITO FEDERAL (INTEIRO),999999,100,100000000
141682,2,acrescimo,23901,10,301,6202,4208,20472,XIII,449052,100,100000000
141683,1,decrescimo,90101,99,999,9999,9999,2,DISTRITO FEDERAL (INTEIRO),999999,100,50000000
141683,2,acrescimo,60101,14,422,6211,9107,20473,DISTRITO FEDERAL (INTEIRO),335043,100,50000000
141684,1,decrescimo,90101,99,999,9999,9999,1,DISTRITO FEDERAL (INTEIRO),999999,100,10000000
141684,2,acrescimo,9128,25,752,6209,8507,20482,XXVI,339039,100,10000000
141685,1,decrescimo,90101,99,999,9999,9999,2,DISTRITO FEDERAL (INTEIRO),999999,100,15000000
141685,2,acrescimo,9135,15,752,6209,1836,20483,XXXI,449051,100,15000000
141686,1,decrescimo,90101,99,999,9999,9999,2,DISTRITO FEDERAL (INTEIRO),999999,100,4000000
141686,2,acrescimo,9122,15,452,6209,8508,20479,XX,339030,100,4000000
141687,1,decrescimo,90101,99,999,9999,9999,2,DISTRITO FEDERAL (INTEIRO),999999,100,6000000
141687,2,acrescimo,9122,4,122,8205,8517,20480,XX,449052,100,6000000
141688,1,decrescimo,90101,99,999,9999,9999,2,DISTRITO FEDERAL (INTEIRO),999999,100,10000000
141688,2,acrescimo,9107,25,752,6209,8507,20481,XX,339039,100,10000000
141689,1,decrescimo,90101,99,999,9999,9999,2,DISTRITO FEDERAL (INTEIRO),999999,100,80000000
141689,2,acrescimo,23901,10,302,6202,9107,20486,DISTRITO FEDERAL (INTEIRO),335042,100,80000000
141690,1,decrescimo,90101,99,999,9999,9999,2,DISTRITO FEDERAL (INTEIRO),999999,100,25000000
141690,2,acrescimo,23901,10,122,6202,4166,20487,DISTRITO FEDERAL (INTEIRO),339039,100,25000000
141691,1,decrescimo,90101,99,999,9999,9999,2,DISTRITO FEDERAL (INTEIRO),999999,100,35000000
141691,2,acrescimo,18101,12,122,6221,9068,20489,DISTRITO FEDERAL (INTEIRO),335043,100,35000000
141692,1,decrescimo,90101,99,999,9999,9999,2,DISTRITO FEDERAL (INTEIRO),999999,100,20000000
141692,2,acrescimo,18101,12,122,6221,9068,20493,VI,335043,100,20000000
141693,1,decrescimo,90101,99,999,9999,9999,2,DISTRITO FEDERAL (INTEIRO),999999,100,35000000
141693,2,acrescimo,44101,14,422,6211,9107,20500,DISTRITO FEDERAL (INTEIRO),335043,100,35000000
141694,1,decrescimo,90101,99,999,9999,9999,2,DISTRITO FEDERAL (INTEIRO),999999,100,20000000
141694,2,acrescimo,24105,6,128,6206,2024,20501,DISTRITO FEDERAL (INTEIRO),339014,100,20000000
141695,1,decrescimo,90101,99,999,9999,9999,2,DISTRITO FEDERAL (INTEIRO),999999,100,150000000
141695,2,acrescimo,57101,14,422,6211,9107,20502,DISTRITO FEDERAL (INTEIRO),335043,100,150000000
141696,1,decrescimo,90101,99,999,9999,9999,2,DISTRITO FEDERAL (INTEIRO),999999,100,10000000
141696,2,acrescimo,18101,12,122,6221,9068,20495,V,445042,100,10000000
141697,1,decrescimo,90101,99,999,9999,9999,2,DISTRITO FEDERAL (INTEIRO),999999,100,24000000
141697,2,acrescimo,18101,12,122,6221,9068,20496,IV,335043,100,24000000
141698,1,decrescimo,90101,99,999,9999,9999,2,DISTRITO FEDERAL (INTEIRO),999999,100,150000000
141698,2,acrescimo,34101,27,811,6206,9080,20497,DISTRITO FEDERAL (INTEIRO),335041,100,150000000
141699,1,decrescimo,90101,99,999,9999,9999,2,DISTRITO FEDERAL (INTEIRO),999999,100,100000000
141699,2,acrescimo,60101,14,422,6211,9107,20519,DISTRITO FEDERAL (INTEIRO),335043,100,100000000
141700,1,decrescimo,90101,99,999,9999,9999,2,DISTRITO FEDERAL (INTEIRO),999999,100,61000000
141700,2,acrescimo,16101,13,392,6219,9075,20520,DISTRITO FEDERAL (INTEIRO),335041,100,61000000
141701,1,decrescimo,90101,99,999,9999,9999,2,DISTRITO FEDERAL (INTEIRO),999999,100,200000000
141701,2,acrescimo,22201,15,451,6209,1110,20518,DISTRITO FEDERAL (INTEIRO),449051,100,200000000
141702,1,decrescimo,90101,99,999,9999,9999,2,DISTRITO FEDERAL (INTEIRO),999999,100,35000000
141702,2,acrescimo,23901,10,122,6202,4166,20558,IV,339039,100,35000000
141703,1,decrescimo,26205,26,451,8216,2396,117,DISTRITO FEDERAL (INTEIRO),339039,100,100000000
141703,2,acrescimo,26205,26,782,6216,1968,20560,DISTRITO FEDERAL (INTEIRO),449051,100,100000000
141704,1,decrescimo,90101,99,999,9999,9999,2,DISTRITO FEDERAL (INTEIRO),999999,100,35090000
141704,2,acrescimo,22214,15,452,6209,3002,20526,VII,449051,100,35090000
141705,1,decrescimo,90101,99,999,9999,9999,2,DISTRITO FEDERAL (INTEIRO),999999,100,34910000
141705,2,decrescimo,9109,15,752,6209,8507,93,VII,339039,100,15690000
141705,3,acrescimo,24105,6,128,6206,2024,20561,DISTRITO FEDERAL (INTEIRO),339014,100,50600000
141706,1,decrescimo,16101,13,392,6219,9075,321,DISTRITO FEDERAL (INTEIRO),335041,100,14700000
141706,2,decrescimo,44101,14,422,6211,9107,266,DISTRITO FEDERAL (INTEIRO),335041,100,50000000
141706,3,decrescimo,34101,27,812,6206,9080,208,DISTRITO FEDERAL (INTEIRO),335041,100,22300000
141706,4,acrescimo,57101,14,422,6211,9107,20552,DISTRITO FEDERAL (INTEIRO),335041,100,87000000
141707,1,decrescimo,22201,15,451,6209,1110,377,DISTRITO FEDERAL (INTEIRO),449051,100,40000000
141707,2,acrescimo,22201,15,451,6206,1950,20485,XV,449051,100,40000000
141708,1,decrescimo,22201,15,451,6209,1110,377,DISTRITO FEDERAL (INTEIRO),449051,100,20000000
141708,2,acrescimo,26205,26,782,6209,1968,20503,DISTRITO FEDERAL (INTEIRO),449051,100,20000000
141709,1,decrescimo,22201,15,451,6209,1110,377,DISTRITO FEDERAL (INTEIRO),449051,100,19700000
141709,2,acrescimo,9111,15,451,6209,1836,20488,IX,449051,100,19700000
141710,1,decrescimo,22201,15,451,6209,1110,377,DISTRITO FEDERAL (INTEIRO),449051,100,28000000
141710,2,acrescimo,14203,20,606,6201,2173,20490,DISTRITO FEDERAL (INTEIRO),339030,100,28000000
141711,1,decrescimo,90101,99,999,9999,9999,2,DISTRITO FEDERAL (INTEIRO),999999,100,50000000
141711,2,acrescimo,64101,6,421,6217,9107,20491,II,335041,100,50000000
141712,1,decrescimo,34101,27,812,6206,9080,208,DISTRITO FEDERAL (INTEIRO),335041,100,7200000
141712,2,decrescimo,16101,13,392,6219,9075,321,DISTRITO FEDERAL (INTEIRO),335041,100,9700000
141712,3,acrescimo,17101,8,242,6228,9107,20547,DISTRITO FEDERAL (INTEIRO),335041,100,16900000
141713,1,decrescimo,34101,27,812,6206,9080,208,DISTRITO FEDERAL (INTEIRO),335041,100,30000000
141713,2,acrescimo,17101,8,244,6228,9107,20548,DISTRITO FEDERAL (INTEIRO),335041,100,30000000
141714,1,decrescimo,18101,12,122,6221,9068,299,DISTRITO FEDERAL (INTEIRO),335043,100,20000000
141714,2,acrescimo,27101,23,695,6207,9085,20562,DISTRITO FEDERAL (INTEIRO),335041,100,20000000
141715,1,decrescimo,18101,12,122,6221,9068,299,DISTRITO FEDERAL (INTEIRO),335043,100,50000000
141715,2,acrescimo,26205,26,451,6216,3090,20563,X,339030,100,50000000
141716,1,decrescimo,18101,12,122,6221,9068,299,DISTRITO FEDERAL (INTEIRO),335043,100,33400000
141716,2,acrescimo,23901,10,302,6202,4206,20564,I,445042,100,33400000
141717,1,decrescimo,18101,12,122,6221,9068,299,DISTRITO FEDERAL (INTEIRO),335043,100,30000000
141717,2,acrescimo,34101,27,812,6206,9080,20565,DISTRITO FEDERAL (INTEIRO),335041,100,30000000
141718,1,decrescimo,18101,12,122,6221,9068,299,DISTRITO FEDERAL (INTEIRO),335043,100,5000000
141718,2,acrescimo,16101,13,392,6219,9075,20566,DISTRITO FEDERAL (INTEIRO),335041,100,5000000
141719,1,decrescimo,14203,20,606,6201,2173,42,DISTRITO FEDERAL (INTEIRO),339039,100,60000000
141719,2,acrescimo,27101,23,695,6207,9085,20570,DISTRITO FEDERAL (INTEIRO),335041,100,60000000
141720,1,decrescimo,61101,8,244,6228,9107,272,DISTRITO FEDERAL (INTEIRO),335041,100,100000000
141720,2,acrescimo,60101,8,244,6211,9107,20571,DISTRITO FEDERAL (INTEIRO),335041,100,100000000
141721,1,decrescimo,17101,8,244,6228,9107,271,DISTRITO FEDERAL (INTEIRO),335041,100,50000000
141721,2,acrescimo,25101,11,333,6207,9107,20572,DISTRITO FEDERAL (INTEIRO),335041,100,50000000
141722,1,decrescimo,22201,15,451,6209,1110,5,DISTRITO FEDERAL (INTEIRO),449051,100,25000000
141722,2,decrescimo,18101,12,122,6221,9068,3,DISTRITO FEDERAL (INTEIRO),335043,100,25000000
141722,3,decrescimo,18101,12,122,6221,9068,4,DISTRITO FEDERAL (INTEIRO),445042,100,25000000
141722,4,decrescimo,16101,13,392,6219,9075,3,DISTRITO FEDERAL (INTEIRO),335041,100,30000000
141722,5,decrescimo,23901,10,122,6202,4166,1,DISTRITO FEDERAL (INTEIRO),339039,100,25000000
141722,6,decrescimo,34101,27,812,6206,9080,6,DISTRITO FEDERAL (INTEIRO),335041,100,25000000
141722,7,decrescimo,26205,26,782,6216,1475,1,DISTRITO FEDERAL (INTEIRO),449051,100,50000000
141722,8,decrescimo,57101,14,422,6211,4091,9,DISTRITO FEDERAL (INTEIRO),339039,100,45000000
141722,9,acrescimo,16101,13,392,6219,9075,2,DISTRITO FEDERAL (INTEIRO),335041,100,250000000
141723,1,decrescimo,18101,12,122,6221,9068,4,DISTRITO FEDERAL (INTEIRO),445042,100,25000000
141723,2,decrescimo,23901,10,122,6202,4166,1,DISTRITO FEDERAL (INTEIRO),339039,100,25000000
141723,3,acrescimo,27101,23,695,6207,9085,1,DISTRITO FEDERAL (INTEIRO),335041,100,50000000
141724,1,decrescimo,57101,14,422,6211,4091,9,DISTRITO FEDERAL (INTEIRO),339039,100,30000000
141724,2,acrescimo,9102,13,122,8203,2396,20573,DISTRITO FEDERAL (INTEIRO),339039,100,30000000
141725,1,decrescimo,22101,25,752,6209,8507,88,DISTRITO FEDERAL (INTEIRO),339039,100,15000000
141725,2,acrescimo,22201,15,451,6209,1110,20550,IX,449051,100,15000000
141726,1,decrescimo,22101,25,752,6209,8507,88,DISTRITO FEDERAL (INTEIRO),339039,100,20146100
141726,2,acrescimo,9111,4,122,8205,8517,20551,IX,449052,100,20146100
141727,1,decrescimo,22101,25,752,6209,8507,88,DISTRITO FEDERAL (INTEIRO),339039,100,30000000
141727,2,acrescimo,9111,15,451,6209,1110,20553,IX,339030,100,30000000
141728,1,decrescimo,22101,25,752,6209,8507,88,DISTRITO FEDERAL (INTEIRO),339039,100,7000000
141728,2,acrescimo,14203,20,606,6201,2173,20554,DISTRITO FEDERAL (INTEIRO),339030,100,7000000
141729,1,decrescimo,90101,99,999,9999,9999,2,DISTRITO FEDERAL (INTEIRO),999999,100,30000000
141729,2,acrescimo,22201,15,452,8205,2396,20542,IX,339030,100,30000000
141730,1,decrescimo,18101,12,122,6221,9068,351,DISTRITO FEDERAL (INTEIRO),335043,100,39000000
141730,2,acrescimo,14203,20,606,6201,2173,20555,DISTRITO FEDERAL (INTEIRO),339030,100,39000000
141731,1,decrescimo,18101,12,122,6221,9068,351,DISTRITO FEDERAL (INTEIRO),335043,100,2000000
141731,2,acrescimo,14203,20,606,6201,2173,20556,DISTRITO FEDERAL (INTEIRO),449052,100,2000000
141732,1,decrescimo,17101,8,244,6228,9073,26,DISTRITO FEDERAL (INTEIRO),335043,100,17000000
141732,2,acrescimo,17101,8,244,6228,9071,20568,DISTRITO FEDERAL (INTEIRO),335043,100,17000000
141733,1,decrescimo,90101,99,999,9999,9999,2,DISTRITO FEDERAL (INTEIRO),999999,100,50000000
141733,2,acrescimo,22201,17,512,6209,2903,20544,IX,339039,100,50000000
141734,1,decrescimo,22101,25,752,6209,8507,88,DISTRITO FEDERAL (INTEIRO),339039,100,40000000
141734,2,acrescimo,9111,25,752,6209,8507,20545,IX,339039,100,40000000
141735,1,decrescimo,22214,15,452,6209,2079,5,DISTRITO FEDERAL (INTEIRO),339039,100,18000000
141735,2,acrescimo,22214,15,452,6209,2079,20569,DISTRITO FEDERAL (INTEIRO),449052,100,18000000
141736,1,decrescimo,9114,25,752,6209,1836,7095,XII,449051,100,10000000
141736,2,acrescimo,44101,8,244,6228,9107,20470,DISTRITO FEDERAL (INTEIRO),335041,100,10000000
141737,1,decrescimo,17101,8,244,6228,9073,27,DISTRITO FEDERAL (INTEIRO),335043,100,25000000
141737,2,acrescimo,14203,20,606,6201,2173,20559,DISTRITO FEDERAL (INTEIRO),449052,100,25000000
141738,1,decrescimo,17101,8,244,6228,9073,27,DISTRITO FEDERAL (INTEIRO),335043,100,25000000
141738,2,acrescimo,21208,18,541,6210,9121,20557,DISTRITO FEDERAL (INTEIRO),335041,100,25000000
141739,1,decrescimo,22201,15,452,6209,8508,9243,DISTRITO FEDERAL (INTEIRO),449052,100,100000000
141739,2,acrescimo,27101,23,695,6207,9085,75,DISTRITO FEDERAL (INTEIRO),335041,100,100000000
141740,1,decrescimo,18101,12,122,6221,9068,337,DISTRITO FEDERAL (INTEIRO),445042,100,113240000
141740,2,decrescimo,23901,10,302,6202,9107,224,DISTRITO FEDERAL (INTEIRO),445042,100,81000000
141740,3,decrescimo,34101,27,812,6206,9080,190,DISTRITO FEDERAL (INTEIRO),335041,100,2900000
141740,4,decrescimo,9111,15,752,6209,8507,6547,IX,339039,100,20000000
141740,5,acrescimo,18101,12,122,6221,9068,337,DISTRITO FEDERAL (INTEIRO),335043,100,217140000
141741,1,decrescimo,23901,10,302,6202,9107,224,DISTRITO FEDERAL (INTEIRO),445042,100,103400000
141741,2,acrescimo,23901,10,302,6202,9107,224,DISTRITO FEDERAL (INTEIRO),335042,100,103400000
141742,1,decrescimo,22201,15,451,6209,1110,9560,DISTRITO FEDERAL (INTEIRO),449051,100,65000000
141742,2,acrescimo,25101,11,333,6207,9107,20567,DISTRITO FEDERAL (INTEIRO),335041,100,65000000
141743,1,decrescimo,9119,15,752,6209,8507,6551,XVII,339039,100,15000000
141743,2,decrescimo,9114,15,752,6209,8507,6548,XII,339039,100,25000000
141743,3,acrescimo,22201,15,451,6209,1110,20586,II,449051,100,40000000
141744,1,decrescimo,21208,18,542,6210,2536,17,XIII,339039,100,5000100
141744,2,acrescimo,9115,4,122,8205,8517,20575,XIII,449052,100,5000100
141745,1,decrescimo,22201,15,451,6206,3902,9566,DISTRITO FEDERAL (INTEIRO),449051,100,15000000
141745,2,acrescimo,57101,14,422,6211,9107,20576,DISTRITO FEDERAL (INTEIRO),335041,100,15000000
141746,1,decrescimo,22201,15,451,6206,3902,9566,DISTRITO FEDERAL (INTEIRO),449051,100,6000000
141746,2,acrescimo,21208,18,541,6210,9121,20577,DISTRITO FEDERAL (INTEIRO),335041,100,6000000
141747,1,decrescimo,22201,15,451,6206,3902,9566,DISTRITO FEDERAL (INTEIRO),449051,100,11000000
141747,2,acrescimo,9123,15,752,6209,1836,20582,XXI,449051,100,11000000
141748,1,decrescimo,34101,27,812,6206,3048,9647,DISTRITO FEDERAL (INTEIRO),449051,100,20000000
141748,2,acrescimo,34101,27,812,6206,3048,20583,II,339039,100,20000000
141749,1,decrescimo,22201,15,451,6206,3902,9566,DISTRITO FEDERAL (INTEIRO),449051,100,65000000
141749,2,acrescimo,9123,15,813,6206,1950,20585,XXI,449051,100,65000000
141750,1,decrescimo,23901,10,122,6202,4166,85,DISTRITO FEDERAL (INTEIRO),339039,100,30000000
141750,2,acrescimo,34101,27,812,6206,9080,194,DISTRITO FEDERAL (INTEIRO),335041,100,30000000
141751,1,decrescimo,23901,10,122,6202,4166,85,DISTRITO FEDERAL (INTEIRO),339039,100,40000000
141751,2,acrescimo,17101,8,244,6228,9107,20592,DISTRITO FEDERAL (INTEIRO),335043,100,40000000
141752,1,decrescimo,23901,10,122,6202,4166,85,DISTRITO FEDERAL (INTEIRO),339039,100,12000000
141752,2,acrescimo,9107,4,122,8205,8517,20594,V,339030,100,12000000
141753,1,decrescimo,23901,10,122,6202,4166,85,DISTRITO FEDERAL (INTEIRO),339039,100,5000000
141753,2,acrescimo,9107,4,122,8205,8517,20584,V,449052,100,5000000
141754,1,decrescimo,9135,27,812,6206,3048,55,XXXI,339039,100,28000000
141754,2,acrescimo,9135,27,812,6206,3048,20587,XXXI,449051,100,28000000
141755,1,decrescimo,27101,23,695,6207,9085,68,DISTRITO FEDERAL (INTEIRO),335041,100,19000000
141755,2,acrescimo,16101,13,392,6219,9075,281,DISTRITO FEDERAL (INTEIRO),335041,100,19000000
141756,1,decrescimo,22101,15,752,6209,8507,6554,DISTRITO FEDERAL (INTEIRO),339039,100,8000000
141756,2,acrescimo,9128,15,752,6209,8507,20589,XXVI,339039,100,8000000
141757,1,decrescimo,22101,15,752,6209,8507,6554,DISTRITO FEDERAL (INTEIRO),339039,100,14000000
141757,2,acrescimo,14101,15,752,6209,8507,20590,DISTRITO FEDERAL (INTEIRO),339039,100,14000000
141758,1,decrescimo,22101,15,752,6209,1836,7102,DISTRITO FEDERAL (INTEIRO),449051,100,21000000
141758,2,acrescimo,9117,15,752,6209,1836,20591,XV,449051,100,21000000
141759,1,decrescimo,22101,15,752,6209,1836,7102,DISTRITO FEDERAL (INTEIRO),449051,100,8000000
141759,2,decrescimo,9104,25,752,6209,8507,83,II,339039,100,4000000
141759,3,acrescimo,14101,15,752,6209,1836,20593,DISTRITO FEDERAL (INTEIRO),449051,100,12000000
141760,1,decrescimo,23901,10,122,6202,4166,83,DISTRITO FEDERAL (INTEIRO),339039,100,26000000
141760,2,decrescimo,18101,12,122,6221,9068,328,DISTRITO FEDERAL (INTEIRO),335043,100,4000000
141760,3,acrescimo,23901,10,302,6202,3140,20595,DISTRITO FEDERAL (INTEIRO),449051,100,30000000
141761,1,decrescimo,22201,15,451,6206,3902,9565,DISTRITO FEDERAL (INTEIRO),339039,100,15000000
141761,2,acrescimo,64101,6,421,6217,2727,6,DISTRITO FEDERAL (INTEIRO),339039,100,15000000
141762,1,decrescimo,22201,15,451,6206,3902,9565,DISTRITO FEDERAL (INTEIRO),339039,100,9000000
141762,2,acrescimo,25101,11,333,6207,9122,15,DISTRITO FEDERAL (INTEIRO),335041,100,9000000
141763,1,decrescimo,9135,27,812,6206,3048,55,XXXI,339039,100,28000000
141763,2,acrescimo,9135,27,812,6206,3048,20601,XXXI,449051,100,28000000
141764,1,decrescimo,23901,10,301,6202,3135,59,DISTRITO FEDERAL (INTEIRO),449051,100,10000000
141764,2,acrescimo,20101,11,333,6207,4089,20602,DISTRITO FEDERAL (INTEIRO),339039,100,10000000
141765,1,decrescimo,17101,8,244,6228,9107,271,DISTRITO FEDERAL (INTEIRO),335041,100,90000000
141765,2,acrescimo,60101,8,244,6211,9107,20571,DISTRITO FEDERAL (INTEIRO),335041,100,90000000
141766,1,decrescimo,61101,8,244,6228,9107,272,DISTRITO FEDERAL (INTEIRO),335041,100,80000000
141766,2,acrescimo,22201,15,451,6209,1110,20604,DISTRITO FEDERAL (INTEIRO),339039,100,80000000
141767,1,decrescimo,61101,8,244,6228,9107,272,DISTRITO FEDERAL (INTEIRO),335041,100,20000000
141767,2,acrescimo,14101,20,606,6201,2889,20606,DISTRITO FEDERAL (INTEIRO),339032,100,20000000
141768,1,decrescimo,21101,18,541,6210,3983,14,DISTRITO FEDERAL (INTEIRO),339035,100,50000000
141768,2,acrescimo,21101,18,541,6210,9107,20827,DISTRITO FEDERAL (INTEIRO),335041,100,50000000
141769,1,decrescimo,23901,10,122,6202,4166,100,DISTRITO FEDERAL (INTEIRO),449052,100,15000000
141769,2,acrescimo,27101,23,695,6207,9085,96,DISTRITO FEDERAL (INTEIRO),335041,100,15000000
141770,1,decrescimo,26205,26,782,6216,1968,71,DISTRITO FEDERAL (INTEIRO),449051,100,50000000
141770,2,acrescimo,27101,23,695,6207,9085,96,DISTRITO FEDERAL (INTEIRO),335041,100,50000000
141771,1,decrescimo,22201,15,451,6209,1110,7,DISTRITO FEDERAL (INTEIRO),449051,100,25000000
141771,2,acrescimo,22201,15,451,6209,1110,20828,DISTRITO FEDERAL (INTEIRO),339039,100,25000000
141772,1,decrescimo,22201,15,451,6209,1110,7,DISTRITO FEDERAL (INTEIRO),449051,100,15000000
141772,2,acrescimo,9105,15,452,6209,8508,20829,III,339039,100,15000000
141773,1,decrescimo,23901,10,122,6202,4166,93,DISTRITO FEDERAL (INTEIRO),339039,100,20000000
141773,2,acrescimo,18101,12,122,6221,9068,312,DISTRITO FEDERAL (INTEIRO),335043,100,20000000
141774,1,decrescimo,23901,10,122,6202,4166,93,DISTRITO FEDERAL (INTEIRO),339039,100,80000000
141774,2,acrescimo,22101,15,752,6209,8507,20830,DISTRITO FEDERAL (INTEIRO),339039,100,80000000
141775,1,decrescimo,22201,15,451,6209,1110,9998,DISTRITO FEDERAL (INTEIRO),449051,100,50000000
141775,2,acrescimo,34101,27,811,6206,9080,185,DISTRITO FEDERAL (INTEIRO),335041,100,50000000
141776,1,decrescimo,18101,12,122,6221,9068,332,DISTRITO FEDERAL (INTEIRO),445042,100,5000000
141776,2,acrescimo,25101,11,128,8207,4088,5,DISTRITO FEDERAL (INTEIRO),339039,100,5000000
141777,1,decrescimo,22214,15,452,6209,2079,6123,DISTRITO FEDERAL (INTEIRO),339039,100,35000000
141777,2,acrescimo,22214,15,452,6209,2079,6123,DISTRITO FEDERAL (INTEIRO),449052,100,35000000
141778,1,decrescimo,22201,15,451,6209,1110,9998,DISTRITO FEDERAL (INTEIRO),449051,100,46735000
141778,2,acrescimo,27101,23,695,6207,9085,88,DISTRITO FEDERAL (INTEIRO),335041,100,46735000
141779,1,decrescimo,34101,27,812,6206,9080,214,DISTRITO FEDERAL (INTEIRO),335041,100,8000000
141779,2,acrescimo,34101,27,812,6206,4170,20834,DISTRITO FEDERAL (INTEIRO),339039,100,8000000
141780,1,decrescimo,23901,10,302,6202,9107,319,XIII,445042,100,10000000
141780,2,acrescimo,34101,27,812,6206,4170,20833,DISTRITO FEDERAL (INTEIRO),339039,100,10000000
141781,1,decrescimo,23901,10,302,6202,9107,319,XIII,445042,100,40000000
141781,2,acrescimo,27101,23,695,6207,9085,20835,DISTRITO FEDERAL (INTEIRO),335041,100,40000000
141782,1,decrescimo,23901,10,302,6202,9107,269,DISTRITO FEDERAL (INTEIRO),335042,100,50000000
141782,2,acrescimo,34101,27,812,6206,4170,20832,DISTRITO FEDERAL (INTEIRO),339039,100,50000000
141783,1,decrescimo,22201,15,451,6207,3247,45,DISTRITO FEDERAL (INTEIRO),449051,100,70000000
141783,2,acrescimo,18101,12,122,6221,9068,358,DISTRITO FEDERAL (INTEIRO),335043,100,70000000
141784,1,decrescimo,22101,15,752,6209,8507,94,DISTRITO FEDERAL (INTEIRO),339039,100,40000000
141784,2,acrescimo,22201,15,752,6209,8507,20842,V,339039,100,40000000
141785,1,decrescimo,22101,15,752,6209,8507,94,DISTRITO FEDERAL (INTEIRO),339039,100,32000000
141785,2,acrescimo,9128,15,752,6209,8507,20837,XXVI,339039,100,32000000
141786,1,decrescimo,22101,15,752,6209,8507,94,DISTRITO FEDERAL (INTEIRO),339039,100,8000000
141786,2,acrescimo,9128,15,752,6209,1836,20839,XXVI,449051,100,8000000
141787,1,decrescimo,22201,27,812,6206,3048,56,DISTRITO FEDERAL (INTEIRO),339039,100,30000000
141787,2,acrescimo,22201,27,812,6206,3048,20840,DISTRITO FEDERAL (INTEIRO),449052,100,30000000
141788,1,decrescimo,24201,6,181,6217,2801,2,DISTRITO FEDERAL (INTEIRO),449052,100,20000000
141788,2,acrescimo,18101,12,122,6221,9068,358,DISTRITO FEDERAL (INTEIRO),335043,100,20000000
141789,1,decrescimo,24201,6,181,6217,2801,2,DISTRITO FEDERAL (INTEIRO),449052,100,20000000
141789,2,acrescimo,16101,13,392,6219,9075,331,DISTRITO FEDERAL (INTEIRO),335041,100,20000000
141790,1,decrescimo,23901,10,302,6202,3140,15,DISTRITO FEDERAL (INTEIRO),449051,100,10000000
141790,2,acrescimo,23901,10,122,6202,4166,110,DISTRITO FEDERAL (INTEIRO),339030,100,10000000
141791,1,decrescimo,23901,10,302,6202,3140,15,DISTRITO FEDERAL (INTEIRO),449051,100,30000000
141791,2,acrescimo,23901,10,122,8202,2396,20845,DISTRITO FEDERAL (INTEIRO),339039,100,30000000
141792,1,decrescimo,23901,10,122,6202,4166,88,DISTRITO FEDERAL (INTEIRO),449052,100,11700000
141792,2,acrescimo,34101,27,812,6206,9080,226,DISTRITO FEDERAL (INTEIRO),335041,100,11700000
141793,1,decrescimo,23901,10,122,6202,4166,88,DISTRITO FEDERAL (INTEIRO),449052,100,33300000
141793,2,decrescimo,23901,10,122,6202,4166,88,DISTRITO FEDERAL (INTEIRO),339039,100,16700000
141793,3,acrescimo,9112,15,451,6209,1110,369,X,449051,100,50000000
141794,1,decrescimo,23901,10,302,6202,3223,10,I,339039,100,84000000
141794,2,decrescimo,23901,10,122,6202,4166,88,DISTRITO FEDERAL (INTEIRO),339039,100,16000000
141794,3,acrescimo,18101,12,122,6221,9068,299,DISTRITO FEDERAL (INTEIRO),445042,100,100000000
141795,1,decrescimo,23901,10,122,6202,4166,88,DISTRITO FEDERAL (INTEIRO),339039,100,10300000
141795,2,decrescimo,9112,15,451,6206,4092,6,X,339039,100,2500000
141795,3,decrescimo,27101,23,695,6207,9085,90,DISTRITO FEDERAL (INTEIRO),335041,100,5000000
141795,4,decrescimo,34101,27,812,6206,9080,222,DISTRITO FEDERAL (INTEIRO),335041,100,1700000
141795,5,acrescimo,18101,12,122,6221,9068,299,DISTRITO FEDERAL (INTEIRO),335043,100,19500000
141796,1,decrescimo,23901,10,122,6202,4166,98,DISTRITO FEDERAL (INTEIRO),339039,100,20000000
141796,2,decrescimo,23901,10,301,8202,2396,123,DISTRITO FEDERAL (INTEIRO),339039,100,20000000
141796,3,acrescimo,23901,10,302,6202,9107,20848,DISTRITO FEDERAL (INTEIRO),445042,100,40000000
141797,1,decrescimo,22101,15,752,6209,1836,7104,DISTRITO FEDERAL (INTEIRO),449051,100,45000000
141797,2,decrescimo,34101,27,812,6206,3596,8582,DISTRITO FEDERAL (INTEIRO),449051,100,15000000
141797,3,acrescimo,34101,27,812,6206,4170,20843,DISTRITO FEDERAL (INTEIRO),339039,100,60000000
141798,1,decrescimo,34101,27,812,6206,2631,16,DISTRITO FEDERAL (INTEIRO),339033,100,30000000
141798,2,decrescimo,25101,11,334,6207,2900,7563,DISTRITO FEDERAL (INTEIRO),339039,100,5000000
141798,3,acrescimo,21101,18,541,6210,9121,20844,DISTRITO FEDERAL (INTEIRO),335041,100,35000000
141799,1,decrescimo,22201,15,451,6206,3048,9643,DISTRITO FEDERAL (INTEIRO),339039,100,8000000
141799,2,acrescimo,60101,14,422,6211,9107,331,DISTRITO FEDERAL (INTEIRO),335041,100,8000000
141800,1,decrescimo,22101,15,752,6209,1836,7104,DISTRITO FEDERAL (INTEIRO),449051,100,40000000
141800,2,acrescimo,34101,27,812,6206,9080,181,DISTRITO FEDERAL (INTEIRO),335041,100,40000000
141801,1,decrescimo,18101,12,122,6221,9068,362,DISTRITO FEDERAL (INTEIRO),449052,100,15000000
141801,2,acrescimo,34101,27,811,6206,9080,20862,DISTRITO FEDERAL (INTEIRO),335041,100,15000000
141802,1,decrescimo,18101,12,122,6221,9068,362,DISTRITO FEDERAL (INTEIRO),449052,100,15000000
141802,2,acrescimo,34101,27,812,6206,4170,20863,DISTRITO FEDERAL (INTEIRO),339039,100,15000000
141803,1,decrescimo,23901,10,122,6202,4166,99,DISTRITO FEDERAL (INTEIRO),449052,100,50000000
141803,2,acrescimo,27101,23,695,6207,9085,20857,DISTRITO FEDERAL (INTEIRO),335041,100,50000000
141804,1,decrescimo,18101,12,122,6221,9068,362,DISTRITO FEDERAL (INTEIRO),449052,100,30000000
141804,2,acrescimo,40101,8,244,6207,9118,20860,DISTRITO FEDERAL (INTEIRO),335041,100,30000000
141805,1,decrescimo,23901,10,122,6202,4166,104,DISTRITO FEDERAL (INTEIRO),449052,100,50000000
141805,2,acrescimo,27101,23,695,6207,9085,20854,DISTRITO FEDERAL (INTEIRO),335041,100,50000000
141806,1,decrescimo,44101,14,422,6211,9107,275,DISTRITO FEDERAL (INTEIRO),335041,100,40000000
141806,2,decrescimo,44101,14,422,6211,9107,315,DISTRITO FEDERAL (INTEIRO),335041,100,15000000
141806,3,acrescimo,27101,23,695,6207,9085,20874,DISTRITO FEDERAL (INTEIRO),335041,100,55000000
141807,1,decrescimo,22201,15,451,6206,3048,53,XI,339039,100,20000000
141807,2,decrescimo,22201,15,451,6209,1110,372,III,449051,100,5000000
141807,3,decrescimo,34101,27,812,6206,9080,211,DISTRITO FEDERAL (INTEIRO),339033,100,7500000
141807,4,decrescimo,26205,26,782,6217,4197,7,DISTRITO FEDERAL (INTEIRO),339030,100,2500000
141807,5,acrescimo,34101,27,812,6206,9080,188,DISTRITO FEDERAL (INTEIRO),335041,100,35000000
141808,1,decrescimo,23901,10,122,6202,4166,78,DISTRITO FEDERAL (INTEIRO),449052,100,4500000
141808,2,decrescimo,18101,12,122,6221,9068,337,DISTRITO FEDERAL (INTEIRO),335043,100,91800000
141808,3,acrescimo,16101,13,392,6219,9075,340,DISTRITO FEDERAL (INTEIRO),335041,100,96300000
141809,1,decrescimo,18101,12,122,6221,9068,337,DISTRITO FEDERAL (INTEIRO),335043,100,42000000
141809,2,decrescimo,18101,12,122,6221,9068,337,DISTRITO FEDERAL (INTEIRO),445042,100,50000000
141809,3,acrescimo,27101,23,695,6207,9085,75,DISTRITO FEDERAL (INTEIRO),335041,100,92000000
141810,1,decrescimo,22201,15,451,6209,1110,9997,DISTRITO FEDERAL (INTEIRO),459051,100,20000000
141810,2,acrescimo,34101,27,812,6206,4170,20881,DISTRITO FEDERAL (INTEIRO),339039,100,20000000
141811,1,decrescimo,23901,10,302,6202,3140,1,XIV,449151,100,30000000
141811,2,acrescimo,25101,11,333,6207,2900,20875,DISTRITO FEDERAL (INTEIRO),339030,100,30000000
141812,1,decrescimo,27101,23,695,6207,9085,81,DISTRITO FEDERAL (INTEIRO),335041,100,20000000
141812,2,acrescimo,23901,10,301,6202,3135,20876,II,449051,100,20000000
141813,1,decrescimo,9116,25,752,6209,8507,87,XIV,339039,100,80000000
141813,2,decrescimo,23901,10,302,6202,3140,1,XIV,449151,100,20000000
141813,3,acrescimo,26205,26,782,6216,4195,20864,DISTRITO FEDERAL (INTEIRO),339030,100,100000000
141814,1,decrescimo,34101,27,812,6206,9080,219,DISTRITO FEDERAL (INTEIRO),335041,100,35000000
141814,2,acrescimo,22201,15,451,6206,3596,20880,DISTRITO FEDERAL (INTEIRO),449051,100,35000000
141815,1,decrescimo,34101,27,812,6206,9080,219,DISTRITO FEDERAL (INTEIRO),335041,100,5000000
141815,2,acrescimo,22201,15,451,6206,3596,34,DISTRITO FEDERAL (INTEIRO),449052,100,5000000
141816,1,decrescimo,44101,14,422,6228,9107,341,DISTRITO FEDERAL (INTEIRO),335041,100,15000000
141816,2,acrescimo,9116,4,421,6217,2426,20869,XIV,339139,100,15000000
141817,1,decrescimo,9116,4,122,8205,8517,201,XIV,449052,100,6800000
141817,2,acrescimo,9116,4,122,8205,8517,205,XIV,339030,100,6800000
141818,1,decrescimo,16101,13,392,6219,9075,325,DISTRITO FEDERAL (INTEIRO),335041,100,38000000
141818,2,decrescimo,24101,6,181,6217,4031,33,VII,339039,100,12000000
141818,3,acrescimo,18101,12,122,6221,9068,352,DISTRITO FEDERAL (INTEIRO),335043,100,50000000
141819,1,decrescimo,23901,10,122,6202,4166,91,DISTRITO FEDERAL (INTEIRO),339039,100,100000000
141819,2,acrescimo,24105,6,846,1,9050,20877,DISTRITO FEDERAL (INTEIRO),319094,100,100000000
141820,1,decrescimo,23901,10,122,6202,4166,91,DISTRITO FEDERAL (INTEIRO),449052,100,60000000
141820,2,acrescimo,9107,15,752,6209,8507,20868,V,339039,100,60000000
141821,1,decrescimo,9130,15,752,6209,8507,117,XXVIII,339039,100,32000000
141821,2,decrescimo,22214,15,452,6209,3002,49,VII,449051,100,29090000
141821,3,acrescimo,27101,23,695,6207,9085,76,DISTRITO FEDERAL (INTEIRO),335041,100,61090000
141822,1,decrescimo,24101,6,181,6217,4031,33,VII,339039,100,8000000
141822,2,acrescimo,22201,15,451,6206,3596,33,DISTRITO FEDERAL (INTEIRO),449052,100,8000000
141823,1,decrescimo,90101,99,999,9999,9999,2,DISTRITO FEDERAL (INTEIRO),999999,100,19500000
141823,2,acrescimo,18101,12,122,6221,9068,356,DISTRITO FEDERAL (INTEIRO),445042,100,19500000
141824,1,decrescimo,90101,99,999,9999,9999,2,DISTRITO FEDERAL (INTEIRO),999999,100,60500000
141824,2,acrescimo,34101,27,812,6206,9080,215,DISTRITO FEDERAL (INTEIRO),335041,100,60500000
141825,1,decrescimo,22214,15,452,6209,3002,49,VII,449051,100,6000000
141825,2,acrescimo,22201,15,451,6216,1223,20872,VII,339030,100,6000000
141826,1,decrescimo,57101,14,422,6211,9107,292,DISTRITO FEDERAL (INTEIRO),335041,100,30000000
141826,2,acrescimo,9105,15,452,6209,8508,20849,III,339030,100,30000000
141827,1,decrescimo,18101,12,122,6221,9107,325,DISTRITO FEDERAL (INTEIRO),335041,100,10000000
141827,2,acrescimo,18101,12,243,6221,9107,20850,DISTRITO FEDERAL (INTEIRO),335043,100,10000000
141828,1,decrescimo,9103,15,451,6206,3596,30,I,449051,100,10000000
141828,2,decrescimo,9111,15,752,6209,8507,85,IX,339039,100,3000000
141828,3,acrescimo,22201,15,451,6206,3596,20852,I,449051,100,13000000
141829,1,decrescimo,9111,15,752,6209,8507,85,IX,339039,100,3900000
141829,2,decrescimo,16101,13,392,6219,9075,321,DISTRITO FEDERAL (INTEIRO),335041,100,2300000
141829,3,decrescimo,23901,10,122,6202,4166,86,DISTRITO FEDERAL (INTEIRO),339039,100,50000000
141829,4,decrescimo,57101,14,422,6211,9107,292,DISTRITO FEDERAL (INTEIRO),335041,100,1500000
141829,5,decrescimo,44101,14,422,6211,9107,326,DISTRITO FEDERAL (INTEIRO),335041,100,15000000
141829,6,decrescimo,57101,14,422,6211,9107,321,DISTRITO FEDERAL (INTEIRO),335041,100,5000000
141829,7,decrescimo,34101,27,812,6206,9080,208,DISTRITO FEDERAL (INTEIRO),335041,100,7300000
141829,8,acrescimo,22201,15,451,6206,3048,20853,IX,339039,100,85000000
141830,1,decrescimo,23901,10,122,6202,4166,84,IX,339039,100,33000000
141830,2,acrescimo,22201,15,451,6209,1110,20855,IX,449051,100,33000000
141831,1,decrescimo,23901,10,122,6202,4166,84,IX,339039,100,17000000
141831,2,decrescimo,34101,27,812,6206,9080,208,DISTRITO FEDERAL (INTEIRO),335041,100,3200000
141831,3,acrescimo,22201,15,451,6209,1110,20856,IX,449051,100,20200000
141832,1,decrescimo,57101,14,422,6211,9107,292,DISTRITO FEDERAL (INTEIRO),335041,100,10000000
141832,2,acrescimo,25101,11,333,6207,9107,20858,DISTRITO FEDERAL (INTEIRO),335041,100,10000000
141833,1,decrescimo,57101,14,422,6211,9107,292,DISTRITO FEDERAL (INTEIRO),335041,100,44500000
141833,2,acrescimo,44101,14,422,6228,9107,20859,DISTRITO FEDERAL (INTEIRO),335041,100,44500000
141834,1,decrescimo,22201,15,451,6207,3247,9257,XIII,449051,100,5000000
141834,2,decrescimo,18101,12,122,6221,9068,333,DISTRITO FEDERAL (INTEIRO),335043,100,20000000
141834,3,decrescimo,18101,12,122,6221,9068,333,DISTRITO FEDERAL (INTEIRO),445042,100,5000000
141834,4,decrescimo,23901,10,302,6202,2145,14,DISTRITO FEDERAL (INTEIRO),339039,100,50000000
141834,5,decrescimo,44101,14,422,6211,9107,320,DISTRITO FEDERAL (INTEIRO),449051,100,3900000
141834,6,decrescimo,9123,15,752,6209,1836,137,XXI,449051,100,4510000
141834,7,decrescimo,9115,15,752,6209,1836,7096,XIII,449051,100,590000
141834,8,decrescimo,9111,15,752,6209,8507,104,IX,339039,100,16000000
141834,9,acrescimo,16101,13,392,6219,9075,20879,DISTRITO FEDERAL (INTEIRO),335041,100,105000000
141835,1,decrescimo,18101,12,122,6221,9068,333,DISTRITO FEDERAL (INTEIRO),335043,100,10000000
141835,2,acrescimo,60101,14,243,6211,9078,20882,DISTRITO FEDERAL (INTEIRO),335041,100,10000000
141836,1,decrescimo,22201,15,451,6207,3247,9257,XIII,449051,100,30000000
141836,2,acrescimo,22201,15,451,6206,3048,20883,DISTRITO FEDERAL (INTEIRO),449051,100,30000000
141837,1,decrescimo,22201,15,451,6209,1110,392,II,449051,100,40000000
141837,2,decrescimo,34101,27,812,6206,9080,186,DISTRITO FEDERAL (INTEIRO),335041,100,30000000
141837,3,decrescimo,34101,27,812,6206,3048,58,II,339039,100,20000000
141837,4,decrescimo,23901,10,302,6202,2145,14,DISTRITO FEDERAL (INTEIRO),339039,100,50000000
141837,5,decrescimo,44101,14,422,6211,9107,320,DISTRITO FEDERAL (INTEIRO),335041,100,11100000
141837,6,acrescimo,27101,27,392,6219,9075,20884,DISTRITO FEDERAL (INTEIRO),335041,100,151100000
141838,1,decrescimo,34101,27,812,6206,9080,219,DISTRITO FEDERAL (INTEIRO),335041,100,35000000
141838,2,acrescimo,22201,15,451,6206,3596,20887,DISTRITO FEDERAL (INTEIRO),449051,100,35000000
141839,1,decrescimo,22201,15,451,6206,4170,18,DISTRITO FEDERAL (INTEIRO),339039,100,20000000
141839,2,acrescimo,34101,27,812,6206,1950,20888,DISTRITO FEDERAL (INTEIRO),449051,100,20000000
141840,1,decrescimo,22201,15,451,6206,4170,18,DISTRITO FEDERAL (INTEIRO),339039,100,20000000
141840,2,acrescimo,22201,27,812,6206,1950,20889,DISTRITO FEDERAL (INTEIRO),449051,100,20000000
141841,1,decrescimo,9131,15,451,6209,1110,6,XXIX,449051,100,10000000
141841,2,decrescimo,9127,4,122,8205,8517,221,XXIX,449052,100,15000000
141841,3,acrescimo,9131,4,122,8205,8517,20873,XXIX,449052,100,25000000
141842,1,decrescimo,14101,20,304,6201,4022,4,DISTRITO FEDERAL (INTEIRO),339030,100,70900000
141842,2,acrescimo,21101,18,542,6210,9088,12,DISTRITO FEDERAL (INTEIRO),335041,100,70900000
141843,1,decrescimo,14101,20,304,6201,4022,4,DISTRITO FEDERAL (INTEIRO),339030,100,4100000
141843,2,decrescimo,18101,12,122,6221,9068,341,DISTRITO FEDERAL (INTEIRO),335043,100,75000000
141843,3,decrescimo,34101,27,812,6206,9080,195,DISTRITO FEDERAL (INTEIRO),335041,100,8000000
141843,4,decrescimo,21101,18,541,6210,9107,285,DISTRITO FEDERAL (INTEIRO),335041,100,735000
141843,5,acrescimo,27101,23,695,6207,9085,70,DISTRITO FEDERAL (INTEIRO),335041,100,87835000
141844,1,decrescimo,22101,15,752,6209,1836,7104,DISTRITO FEDERAL (INTEIRO),449051,100,5000000
141844,2,acrescimo,27101,23,695,6219,9075,306,DISTRITO FEDERAL (INTEIRO),335041,100,5000000
141845,1,decrescimo,22201,15,451,6209,1110,9997,DISTRITO FEDERAL (INTEIRO),459051,100,10000000
141845,2,acrescimo,34101,27,812,6206,9080,181,DISTRITO FEDERAL (INTEIRO),335041,100,10000000
141846,1,decrescimo,23901,10,302,6202,3223,10,I,339039,100,49000000
141846,2,decrescimo,23901,10,122,6202,4166,88,DISTRITO FEDERAL (INTEIRO),339039,100,26300000
141846,3,decrescimo,9112,15,451,6206,4092,6,X,339039,100,2500000
141846,4,decrescimo,34101,27,812,6206,9080,222,DISTRITO FEDERAL (INTEIRO),335041,100,1700000
141846,5,acrescimo,18101,12,122,6221,9068,299,DISTRITO FEDERAL (INTEIRO),445042,100,79500000
141847,1,decrescimo,23901,10,302,6202,3223,10,I,339039,100,35000000
141847,2,acrescimo,18101,12,122,6221,9068,299,DISTRITO FEDERAL (INTEIRO),335043,100,35000000
141848,1,decrescimo,9128,15,752,6209,8507,6552,XXVI,339039,100,50000000
141848,2,acrescimo,22201,27,812,6206,3048,9644,DISTRITO FEDERAL (INTEIRO),449051,100,50000000
141849,1,decrescimo,23901,10,122,6202,4166,85,DISTRITO FEDERAL (INTEIRO),339039,100,20000000
141849,2,decrescimo,9107,4,122,8205,8517,209,V,339030,100,12000000
141849,3,acrescimo,16101,13,392,6219,9075,291,DISTRITO FEDERAL (INTEIRO),335041,100,32000000
141850,1,decrescimo,22201,15,451,6209,1110,9559,DISTRITO FEDERAL (INTEIRO),449051,100,30000000
141850,2,acrescimo,22201,15,451,6206,3596,20890,DISTRITO FEDERAL (INTEIRO),449051,100,30000000
141851,1,decrescimo,34101,27,812,6206,9080,194,DISTRITO FEDERAL (INTEIRO),335041,100,5000000
141851,2,acrescimo,14101,20,606,6201,3467,20892,DISTRITO FEDERAL (INTEIRO),449052,100,5000000
141852,1,decrescimo,28209,16,482,6208,4187,1,DISTRITO FEDERAL (INTEIRO),339048,100,150000000
141852,2,acrescimo,24105,6,846,1,9050,7137,DISTRITO FEDERAL (INTEIRO),319094,100,150000000
141853,1,decrescimo,23901,10,302,6202,9107,335,DISTRITO FEDERAL (INTEIRO),335043,100,130000000
141853,2,decrescimo,23901,10,302,6202,9107,303,DISTRITO FEDERAL (INTEIRO),445043,100,30000000
141853,3,acrescimo,23901,10,122,6202,4166,20847,DISTRITO FEDERAL (INTEIRO),449052,100,160000000
141854,1,decrescimo,9123,15,451,6207,3247,46,DISTRITO FEDERAL (INTEIRO),449051,100,15000000
141854,2,decrescimo,14101,20,122,8201,8517,200,DISTRITO FEDERAL (INTEIRO),449052,100,18500000
141854,3,acrescimo,22201,15,451,6209,1110,395,DISTRITO FEDERAL (INTEIRO),449051,100,33500000
141855,1,decrescimo,18101,12,363,6221,9107,280,DISTRITO FEDERAL (INTEIRO),335043,100,50000000
141855,2,acrescimo,16101,13,392,6219,9075,20885,DISTRITO FEDERAL (INTEIRO),335041,100,50000000
141856,1,decrescimo,18101,12,365,6221,9107,339,DISTRITO FEDERAL (INTEIRO),335043,100,20000000
141856,2,acrescimo,18101,12,361,6221,9107,20886,DISTRITO FEDERAL (INTEIRO),335043,100,20000000
141857,1,decrescimo,10101,8,244,6211,9107,313,DISTRITO FEDERAL (INTEIRO),335041,100,90000000
141857,2,decrescimo,57101,14,422,6211,9107,337,DISTRITO FEDERAL (INTEIRO),335043,100,45000000
141857,3,decrescimo,23901,10,302,6202,9107,278,DISTRITO FEDERAL (INTEIRO),335043,100,25000000
141857,4,decrescimo,23901,10,302,6202,9107,279,DISTRITO FEDERAL (INTEIRO),335043,100,25000000
141857,5,acrescimo,18101,12,122,6221,9068,367,DISTRITO FEDERAL (INTEIRO),335043,100,185000000
141858,1,decrescimo,34101,27,812,6206,9107,336,DISTRITO FEDERAL (INTEIRO),335043,100,70000000
141858,2,decrescimo,40101,19,573,6207,9118,33,DISTRITO FEDERAL (INTEIRO),335043,100,230000000
141858,3,acrescimo,18101,12,122,6221,9068,368,DISTRITO FEDERAL (INTEIRO),445042,100,300000000
141859,1,decrescimo,18101,12,363,6221,9107,280,DISTRITO FEDERAL (INTEIRO),335043,100,50000000
141859,2,acrescimo,21208,18,541,6210,9107,20846,DISTRITO FEDERAL (INTEIRO),335041,100,50000000
141860,1,decrescimo,34101,27,812,6206,9080,225,DISTRITO FEDERAL (INTEIRO),335041,100,22000000
141860,2,decrescimo,25101,11,333,6207,9107,338,DISTRITO FEDERAL (INTEIRO),335043,100,30000000
141860,3,decrescimo,44101,14,422,6211,9107,307,DISTRITO FEDERAL (INTEIRO),335043,100,90000000
141860,4,decrescimo,24103,6,181,6217,3029,33,DISTRITO FEDERAL (INTEIRO),449052,100,50000000
141860,5,acrescimo,18101,12,122,6221,9068,368,DISTRITO FEDERAL (INTEIRO),445042,100,192000000
141861,1,decrescimo,24201,6,181,6217,2801,2,DISTRITO FEDERAL (INTEIRO),449052,100,20000000
141861,2,acrescimo,27101,23,695,6207,9085,79,DISTRITO FEDERAL (INTEIRO),335042,100,20000000
141862,1,decrescimo,34101,27,812,6206,9080,220,DISTRITO FEDERAL (INTEIRO),335041,100,15000000
141862,2,acrescimo,34101,27,812,6206,4091,20893,DISTRITO FEDERAL (INTEIRO),339031,100,15000000
141863,1,decrescimo,34101,27,812,6206,9080,220,DISTRITO FEDERAL (INTEIRO),335041,100,30000000
141863,2,acrescimo,34101,27,812,6206,4091,20894,DISTRITO FEDERAL (INTEIRO),339030,100,30000000
141864,1,decrescimo,18101,12,243,6221,9107,333,DISTRITO FEDERAL (INTEIRO),335041,100,30000000
141864,2,decrescimo,25101,11,122,8207,8517,9863,DISTRITO FEDERAL (INTEIRO),449052,100,50000000
141864,3,acrescimo,26205,26,782,6216,4195,17,DISTRITO FEDERAL (INTEIRO),339039,100,80000000
141865,1,decrescimo,22101,15,752,6209,8507,94,DISTRITO FEDERAL (INTEIRO),339039,100,40000000
141865,2,acrescimo,9107,15,752,6209,8507,20896,V,339039,100,40000000
141866,1,decrescimo,23901,10,302,6202,3140,15,DISTRITO FEDERAL (INTEIRO),449051,100,1000000
141866,2,acrescimo,14101,20,606,6201,3467,20897,DISTRITO FEDERAL (INTEIRO),449052,100,1000000
141867,1,decrescimo,23901,10,302,6202,3140,15,DISTRITO FEDERAL (INTEIRO),449051,100,9000000
141867,2,acrescimo,23901,10,122,6202,4166,110,DISTRITO FEDERAL (INTEIRO),339030,100,9000000
141868,1,decrescimo,28209,16,482,6208,4187,1,DISTRITO FEDERAL (INTEIRO),339048,100,150000000
141868,2,acrescimo,24105,6,846,1,9050,20898,DISTRITO FEDERAL (INTEIRO),319094,100,150000000
141869,1,decrescimo,34101,27,811,6206,9080,212,DISTRITO FEDERAL (INTEIRO),335041,100,50000000
141869,2,acrescimo,21101,18,541,6210,3983,20612,DISTRITO FEDERAL (INTEIRO),339035,100,50000000
141870,1,decrescimo,17101,8,244,6228,9071,30,DISTRITO FEDERAL (INTEIRO),335041,100,40000000
141870,2,acrescimo,17101,8,244,6228,9073,20609,DISTRITO FEDERAL (INTEIRO),335043,100,40000000
141871,1,decrescimo,28209,16,482,6208,1213,2,DISTRITO FEDERAL (INTEIRO),449051,100,150000000
141871,2,acrescimo,28209,15,451,6208,1110,20610,DISTRITO FEDERAL (INTEIRO),449051,100,150000000
141872,1,decrescimo,28209,16,482,6208,1213,2,DISTRITO FEDERAL (INTEIRO),449051,100,150000000
141872,2,acrescimo,22201,15,451,6209,1110,20611,DISTRITO FEDERAL (INTEIRO),449051,100,150000000
141873,1,decrescimo,90101,99,999,9999,9999,2,DISTRITO FEDERAL (INTEIRO),999999,100,250000000
141873,2,acrescimo,22201,15,451,6209,1110,7,DISTRITO FEDERAL (INTEIRO),449051,100,250000000
141874,1,decrescimo,90101,99,999,9999,9999,2,DISTRITO FEDERAL (INTEIRO),999999,100,63000000
141874,2,acrescimo,27101,23,695,6207,9085,80,DISTRITO FEDERAL (INTEIRO),335041,100,63000000
141875,1,decrescimo,90101,99,999,9999,9999,2,DISTRITO FEDERAL (INTEIRO),999999,100,50000000
141875,2,acrescimo,16101,13,392,6219,9075,5,DISTRITO FEDERAL (INTEIRO),335041,100,50000000
141876,1,decrescimo,90101,99,999,9999,9999,2,DISTRITO FEDERAL (INTEIRO),999999,100,50000000
141876,2,acrescimo,34101,27,812,6206,9080,218,DISTRITO FEDERAL (INTEIRO),335041,100,50000000
141877,1,decrescimo,90101,99,999,9999,9999,2,DISTRITO FEDERAL (INTEIRO),999999,100,37000000
141877,2,acrescimo,24105,6,128,6206,2024,27,DISTRITO FEDERAL (INTEIRO),339014,100,37000000
141878,1,decrescimo,90101,99,999,9999,9999,2,DISTRITO FEDERAL (INTEIRO),999999,100,400000000
141878,2,acrescimo,28209,16,482,6208,4187,20613,DISTRITO FEDERAL (INTEIRO),339048,100,400000000
141879,1,decrescimo,90101,99,999,9999,9999,2,DISTRITO FEDERAL (INTEIRO),999999,100,100000000
141879,2,acrescimo,64101,6,422,6217,2726,20614,DISTRITO FEDERAL (INTEIRO),449052,100,100000000
141880,1,decrescimo,23901,10,301,6202,4208,6,XIII,449052,100,100000000
141880,2,acrescimo,23901,10,302,6202,9107,20608,DISTRITO FEDERAL (INTEIRO),445052,100,100000000
141881,1,decrescimo,90101,99,999,9999,9999,2,DISTRITO FEDERAL (INTEIRO),999999,100,500000000
141881,2,acrescimo,26205,26,782,6216,1475,20615,DISTRITO FEDERAL (INTEIRO),449051,100,500000000
141882,1,decrescimo,90101,99,999,9999,9999,2,DISTRITO FEDERAL (INTEIRO),999999,100,185000000
141882,2,acrescimo,23901,10,122,6202,4166,20619,DISTRITO FEDERAL (INTEIRO),449052,100,185000000
141883,1,decrescimo,90101,99,999,9999,9999,2,DISTRITO FEDERAL (INTEIRO),999999,100,35000000
141883,2,acrescimo,44101,14,422,6211,9107,20620,DISTRITO FEDERAL (INTEIRO),335043,100,35000000
141884,1,decrescimo,90101,99,999,9999,9999,2,DISTRITO FEDERAL (INTEIRO),999999,100,50000000
141884,2,acrescimo,60101,14,422,6211,9107,20621,DISTRITO FEDERAL (INTEIRO),335043,100,50000000
141885,1,decrescimo,90101,99,999,9999,9999,2,DISTRITO FEDERAL (INTEIRO),999999,100,30000000
141885,2,acrescimo,18101,12,122,6221,9068,20622,DISTRITO FEDERAL (INTEIRO),335043,100,30000000
141886,1,decrescimo,90101,99,999,9999,9999,2,DISTRITO FEDERAL (INTEIRO),999999,100,40000000
141886,2,acrescimo,18101,12,122,6221,9068,20623,DISTRITO FEDERAL (INTEIRO),335043,100,40000000
141887,1,decrescimo,90101,99,999,9999,9999,2,DISTRITO FEDERAL (INTEIRO),999999,100,40000000
141887,2,acrescimo,18101,12,122,6221,9068,20624,DISTRITO FEDERAL (INTEIRO),335043,100,40000000
141888,1,decrescimo,90101,99,999,9999,9999,2,DISTRITO FEDERAL (INTEIRO),999999,100,40000000
141888,2,acrescimo,18101,12,122,6221,9068,20625,DISTRITO FEDERAL (INTEIRO),335043,100,40000000
141889,1,decrescimo,22201,15,451,6206,4170,16,DISTRITO FEDERAL (INTEIRO),339039,100,50000000
141889,2,acrescimo,22201,15,451,6209,1110,20616,DISTRITO FEDERAL (INTEIRO),449051,100,50000000
141890,1,decrescimo,22201,15,451,6206,1950,30,DISTRITO FEDERAL (INTEIRO),449051,100,100000000
141890,2,acrescimo,22201,15,451,6209,1110,20617,DISTRITO FEDERAL (INTEIRO),449051,100,100000000
141891,1,decrescimo,90101,99,999,9999,9999,2,DISTRITO FEDERAL (INTEIRO),999999,100,30000000
141891,2,acrescimo,24105,6,128,6206,2024,20618,DISTRITO FEDERAL (INTEIRO),339014,100,30000000
141892,1,decrescimo,90101,99,999,9999,9999,2,DISTRITO FEDERAL (INTEIRO),999999,100,50000000
141892,2,acrescimo,23901,10,302,6202,9107,286,XIV,445042,100,50000000
141893,1,decrescimo,23901,10,302,6202,3140,8,XIV,449051,100,50000000
141893,2,acrescimo,23901,10,302,6202,3140,20651,XIV,449151,100,50000000
141894,1,decrescimo,90101,99,999,9999,9999,2,DISTRITO FEDERAL (INTEIRO),999999,100,200000000
141894,2,acrescimo,26205,26,782,6216,5745,20635,DISTRITO FEDERAL (INTEIRO),449051,100,200000000
141895,1,decrescimo,90101,99,999,9999,9999,2,DISTRITO FEDERAL (INTEIRO),999999,100,50000000
141895,2,acrescimo,9104,25,752,6209,1836,20638,II,449051,100,50000000
141896,1,decrescimo,90101,99,999,9999,9999,2,DISTRITO FEDERAL (INTEIRO),999999,100,150000000
141896,2,acrescimo,9116,25,752,6209,1836,134,XIV,449051,100,150000000
141897,1,decrescimo,90101,99,999,9999,9999,2,DISTRITO FEDERAL (INTEIRO),999999,100,155000000
141897,2,acrescimo,9116,25,752,6209,8507,87,XIV,339039,100,155000000
141898,1,decrescimo,90101,99,999,9999,9999,2,DISTRITO FEDERAL (INTEIRO),999999,100,50000000
141898,2,acrescimo,27101,23,695,6207,9085,81,DISTRITO FEDERAL (INTEIRO),335041,100,50000000
141899,1,decrescimo,90101,99,999,9999,9999,2,DISTRITO FEDERAL (INTEIRO),999999,100,60000000
141899,2,acrescimo,34101,27,812,6206,9080,219,DISTRITO FEDERAL (INTEIRO),335041,100,60000000
141900,1,decrescimo,48101,3,122,6211,3030,3,DISTRITO FEDERAL (INTEIRO),449052,100,25000000
141900,2,acrescimo,44101,14,422,6211,9107,20641,DISTRITO FEDERAL (INTEIRO),335041,100,25000000
141901,1,decrescimo,90101,99,999,9999,9999,2,DISTRITO FEDERAL (INTEIRO),999999,100,55000000
141901,2,acrescimo,16101,13,392,6219,9075,330,DISTRITO FEDERAL (INTEIRO),335041,100,55000000
141902,1,decrescimo,17902,8,244,6228,9073,25,DISTRITO FEDERAL (INTEIRO),335043,100,15000000
141902,2,acrescimo,22201,15,451,6206,3596,20643,DISTRITO FEDERAL (INTEIRO),449052,100,15000000
141903,1,decrescimo,17902,8,244,6228,9073,25,DISTRITO FEDERAL (INTEIRO),335043,100,5000000
141903,2,decrescimo,9116,4,122,8205,8517,205,XIV,339030,100,20000000
141903,3,decrescimo,9116,4,122,8205,8517,201,XIV,449052,100,5000000
141903,4,acrescimo,26205,26,782,6216,1968,20644,DISTRITO FEDERAL (INTEIRO),449051,100,30000000
141904,1,decrescimo,90101,99,999,9999,9999,2,DISTRITO FEDERAL (INTEIRO),999999,100,80000000
141904,2,acrescimo,22201,15,452,6209,8508,20645,DISTRITO FEDERAL (INTEIRO),339030,100,80000000
141905,1,decrescimo,9129,15,752,6209,3205,2,XXVII,339039,100,35000000
141905,2,acrescimo,9129,25,752,6209,8507,20649,XXVII,339039,100,35000000
141906,1,decrescimo,18101,12,122,6221,9068,357,DISTRITO FEDERAL (INTEIRO),445042,100,30000000
141906,2,acrescimo,18101,12,122,6221,9068,359,DISTRITO FEDERAL (INTEIRO),335043,100,30000000
141907,1,decrescimo,90101,99,999,9999,9999,2,DISTRITO FEDERAL (INTEIRO),999999,100,50000000
141907,2,acrescimo,22201,15,451,6209,1110,379,DISTRITO FEDERAL (INTEIRO),449051,100,50000000
141908,1,decrescimo,48101,3,122,6211,3030,3,DISTRITO FEDERAL (INTEIRO),449052,100,25000000
141908,2,acrescimo,22214,15,452,6209,2079,20633,DISTRITO FEDERAL (INTEIRO),449052,100,25000000
141909,1,decrescimo,90101,99,999,9999,9999,2,DISTRITO FEDERAL (INTEIRO),999999,100,100000000
141909,2,acrescimo,23901,10,302,6202,9107,286,XIV,445042,100,100000000
141910,1,decrescimo,90101,99,999,9999,9999,2,DISTRITO FEDERAL (INTEIRO),999999,100,100000000
141910,2,acrescimo,18101,12,122,6221,9068,348,DISTRITO FEDERAL (INTEIRO),445042,100,100000000
141911,1,decrescimo,90101,99,999,9999,9999,2,DISTRITO FEDERAL (INTEIRO),999999,100,250000000
141911,2,acrescimo,18101,12,122,6221,9068,310,DISTRITO FEDERAL (INTEIRO),335043,100,250000000
141912,1,decrescimo,90101,99,999,9999,9999,2,DISTRITO FEDERAL (INTEIRO),999999,100,175000000
141912,2,acrescimo,16101,13,392,6219,9075,328,DISTRITO FEDERAL (INTEIRO),335041,100,175000000
141913,1,decrescimo,90101,99,999,9999,9999,2,DISTRITO FEDERAL (INTEIRO),999999,100,30000000
141913,2,acrescimo,17101,8,244,6228,9107,283,DISTRITO FEDERAL (INTEIRO),335043,100,30000000
141914,1,decrescimo,90101,99,999,9999,9999,2,DISTRITO FEDERAL (INTEIRO),999999,100,75000000
141914,2,acrescimo,27101,23,695,6207,9085,78,DISTRITO FEDERAL (INTEIRO),335041,100,75000000
141915,1,decrescimo,90101,99,999,9999,9999,2,DISTRITO FEDERAL (INTEIRO),999999,100,50000000
141915,2,acrescimo,9103,25,752,6209,1836,133,I,449051,100,50000000
141916,1,decrescimo,90101,99,999,9999,9999,2,DISTRITO FEDERAL (INTEIRO),999999,100,30000000
141916,2,acrescimo,22201,15,451,6209,1110,382,DISTRITO FEDERAL (INTEIRO),449051,100,30000000
141917,1,decrescimo,90101,99,999,9999,9999,2,DISTRITO FEDERAL (INTEIRO),999999,100,15000000
141917,2,acrescimo,21208,18,541,6210,4094,20654,DISTRITO FEDERAL (INTEIRO),339039,100,15000000
141918,1,decrescimo,90101,99,999,9999,9999,2,DISTRITO FEDERAL (INTEIRO),999999,100,15000000
141918,2,acrescimo,22101,15,752,6209,8507,20655,XV,339039,100,15000000
141919,1,decrescimo,90101,99,999,9999,9999,2,DISTRITO FEDERAL (INTEIRO),999999,100,10000000
141919,2,acrescimo,9105,13,392,6219,2831,20658,III,339039,100,10000000
141920,1,decrescimo,90101,99,999,9999,9999,2,DISTRITO FEDERAL (INTEIRO),999999,100,25000000
141920,2,acrescimo,18101,12,361,6221,9107,20659,DISTRITO FEDERAL (INTEIRO),335043,100,25000000
141921,1,decrescimo,90101,99,999,9999,9999,2,DISTRITO FEDERAL (INTEIRO),999999,100,50000000
141921,2,acrescimo,23901,10,302,6202,9107,20660,DISTRITO FEDERAL (INTEIRO),445042,100,50000000
141922,1,decrescimo,90101,99,999,9999,9999,2,DISTRITO FEDERAL (INTEIRO),999999,100,50000000
141922,2,acrescimo,23901,10,122,6202,4166,92,DISTRITO FEDERAL (INTEIRO),339039,100,50000000
141923,1,decrescimo,90101,99,999,9999,9999,2,DISTRITO FEDERAL (INTEIRO),999999,100,30000000
141923,2,acrescimo,9129,15,752,6209,8507,20667,XXVII,339039,100,30000000
141924,1,decrescimo,90101,99,999,9999,9999,2,DISTRITO FEDERAL (INTEIRO),999999,100,15000000
141924,2,acrescimo,21101,18,541,6210,3210,20669,DISTRITO FEDERAL (INTEIRO),339039,100,15000000
141925,1,decrescimo,90101,99,999,9999,9999,2,DISTRITO FEDERAL (INTEIRO),999999,100,20000000
141925,2,acrescimo,22214,15,452,6209,2582,20671,EXTERIOR,339039,100,20000000
141926,1,decrescimo,90101,99,999,9999,9999,2,DISTRITO FEDERAL (INTEIRO),999999,100,10000000
141926,2,acrescimo,22214,15,452,6209,3013,20672,DISTRITO FEDERAL (INTEIRO),449051,100,10000000
141927,1,decrescimo,9119,4,451,6209,8508,9237,XVII,339039,100,50000000
141927,2,acrescimo,22201,15,451,6209,1110,371,DISTRITO FEDERAL (INTEIRO),449051,100,50000000
141928,1,decrescimo,9110,4,451,6209,8508,9236,VIII,339030,100,30000000
141928,2,acrescimo,27101,23,695,6207,9085,66,DISTRITO FEDERAL (INTEIRO),335041,100,30000000
141929,1,decrescimo,9126,15,122,6207,3247,44,XXIV,339039,100,15000000
141929,2,acrescimo,27101,23,695,6207,9085,66,DISTRITO FEDERAL (INTEIRO),335041,100,15000000
141930,1,decrescimo,9121,4,122,8205,8517,9861,XIX,449052,100,6000000
141930,2,acrescimo,21208,18,451,6210,9121,20661,XVII,335041,100,6000000
141931,1,decrescimo,22201,15,451,6207,3247,43,VI,449051,100,25000000
141931,2,acrescimo,27101,23,695,6207,9085,66,DISTRITO FEDERAL (INTEIRO),335041,100,25000000
141932,1,decrescimo,9121,4,451,6209,8508,9238,XIX,339030,100,7500000
141932,2,acrescimo,34101,27,812,6206,9080,211,DISTRITO FEDERAL (INTEIRO),339033,100,7500000
141933,1,decrescimo,9110,4,421,6217,2426,8572,VIII,339139,100,10000000
141933,2,acrescimo,24101,6,181,6217,3029,20662,DISTRITO FEDERAL (INTEIRO),449052,100,10000000
141934,1,decrescimo,9110,15,451,6209,1836,7091,VIII,449051,100,25000000
141934,2,acrescimo,16101,13,392,6219,9075,287,DISTRITO FEDERAL (INTEIRO),335041,100,25000000
141935,1,decrescimo,22201,15,451,6209,1110,373,I,449051,100,31000000
141935,2,acrescimo,24101,6,181,6217,3029,20663,DISTRITO FEDERAL (INTEIRO),449052,100,31000000
141936,1,decrescimo,9110,4,122,8205,2396,5424,VIII,339039,100,40000000
141936,2,acrescimo,18101,12,122,6221,9068,335,DISTRITO FEDERAL (INTEIRO),335043,100,40000000
141937,1,decrescimo,23901,10,122,6202,4166,82,DISTRITO FEDERAL (INTEIRO),339039,100,15000000
141937,2,acrescimo,17101,8,243,6228,9107,20673,II,335041,100,15000000
141938,1,decrescimo,16101,13,392,6219,9112,2,I,335041,100,10000000
141938,2,acrescimo,9103,25,752,6209,1836,20674,I,449051,100,10000000
141939,1,decrescimo,16101,13,392,6219,9075,293,DISTRITO FEDERAL (INTEIRO),335041,100,82915000
141939,2,acrescimo,18101,12,122,6221,9068,342,DISTRITO FEDERAL (INTEIRO),335043,100,82915000
141940,1,decrescimo,16101,13,392,6219,9075,293,DISTRITO FEDERAL (INTEIRO),335041,100,33019000
141940,2,decrescimo,16101,13,392,6219,9112,2,I,335041,100,20000000
141940,3,decrescimo,22201,15,451,6209,1110,9562,DISTRITO FEDERAL (INTEIRO),449051,100,5981000
141940,4,decrescimo,23901,10,122,6202,4166,82,DISTRITO FEDERAL (INTEIRO),339039,100,1000000
141940,5,acrescimo,18101,12,122,6221,9068,342,DISTRITO FEDERAL (INTEIRO),445042,100,60000000
141941,1,decrescimo,23901,10,122,6202,4166,82,DISTRITO FEDERAL (INTEIRO),339039,100,50000000
141941,2,acrescimo,23901,10,302,6202,9107,20664,XIII,445042,100,50000000
141942,1,decrescimo,23901,10,122,6202,4166,82,DISTRITO FEDERAL (INTEIRO),339039,100,60000000
141942,2,acrescimo,23901,10,302,6202,9107,20665,XIII,445042,100,60000000
141943,1,decrescimo,23901,10,122,6202,4166,82,DISTRITO FEDERAL (INTEIRO),339039,100,54000000
141943,2,acrescimo,23901,10,302,6202,9107,20666,DISTRITO FEDERAL (INTEIRO),445042,100,54000000
141944,1,decrescimo,23901,10,122,6202,4166,82,DISTRITO FEDERAL (INTEIRO),339039,100,100000000
141944,2,acrescimo,9111,15,451,6209,1110,20668,IX,449051,100,100000000
141945,1,decrescimo,23901,10,122,6202,4166,82,DISTRITO FEDERAL (INTEIRO),339039,100,20000000
141945,2,acrescimo,24105,6,128,6206,2024,20670,DISTRITO FEDERAL (INTEIRO),339014,100,20000000
141946,1,decrescimo,26205,26,782,6217,4197,7,DISTRITO FEDERAL (INTEIRO),339030,100,15000000
141946,2,acrescimo,9126,4,122,8205,8517,20685,VIII,449052,100,15000000
141947,1,decrescimo,25101,11,244,8207,2396,5431,DISTRITO FEDERAL (INTEIRO),339039,100,5000000
141947,2,acrescimo,23901,10,122,6202,4166,20680,XII,339039,100,5000000
141948,1,decrescimo,25101,11,244,8207,2396,5431,DISTRITO FEDERAL (INTEIRO),339039,100,5000000
141948,2,acrescimo,23901,10,122,6202,4166,20681,XV,339039,100,5000000
141949,1,decrescimo,25101,11,333,6207,4102,17,DISTRITO FEDERAL (INTEIRO),339032,100,50000000
141949,2,decrescimo,25101,11,333,6207,2900,7565,DISTRITO FEDERAL (INTEIRO),339039,100,50000000
141949,3,decrescimo,25101,11,333,6207,2900,7565,DISTRITO FEDERAL (INTEIRO),339048,100,50000000
141949,4,acrescimo,26205,26,782,6210,2562,20675,DISTRITO FEDERAL (INTEIRO),339039,100,150000000
141950,1,decrescimo,23901,10,305,6202,9107,301,DISTRITO FEDERAL (INTEIRO),335042,100,50000000
141950,2,acrescimo,34101,27,811,6206,9080,185,DISTRITO FEDERAL (INTEIRO),335041,100,50000000
141951,1,decrescimo,25101,11,333,6207,2900,7564,DISTRITO FEDERAL (INTEIRO),339048,100,40000000
141951,2,acrescimo,23901,10,302,6202,9107,20676,XIII,445042,100,40000000
141952,1,decrescimo,23901,10,305,6202,9107,301,DISTRITO FEDERAL (INTEIRO),335042,100,20000000
141952,2,acrescimo,16101,13,392,6219,9075,284,DISTRITO FEDERAL (INTEIRO),335041,100,20000000
141953,1,decrescimo,25101,11,333,6207,2667,21,DISTRITO FEDERAL (INTEIRO),339030,100,50000000
141953,2,decrescimo,25101,11,333,6207,2667,21,DISTRITO FEDERAL (INTEIRO),339048,100,50000000
141953,3,decrescimo,18101,12,122,6221,9068,332,DISTRITO FEDERAL (INTEIRO),445042,100,20000000
141953,4,decrescimo,18101,12,122,6221,9068,332,DISTRITO FEDERAL (INTEIRO),335043,100,30000000
141953,5,acrescimo,23901,10,302,6202,9107,20677,DISTRITO FEDERAL (INTEIRO),445042,100,150000000
141954,1,decrescimo,23901,10,305,6202,9107,301,DISTRITO FEDERAL (INTEIRO),335042,100,30000000
141954,2,decrescimo,9135,15,752,6209,1836,7100,XXXI,449051,100,25000000
141954,3,decrescimo,9135,15,452,6209,8508,9240,XXXI,339030,100,5000000
141954,4,decrescimo,9135,15,452,6209,8508,9240,XXXI,339039,100,5000000
141954,5,decrescimo,25101,11,122,8207,8517,9863,DISTRITO FEDERAL (INTEIRO),449052,100,20000000
141954,6,decrescimo,25101,11,244,8207,2396,5431,DISTRITO FEDERAL (INTEIRO),339039,100,10000000
141954,7,decrescimo,22201,15,451,6209,1110,9998,DISTRITO FEDERAL (INTEIRO),449051,100,105000000
141954,8,acrescimo,26205,26,782,6216,4195,17,DISTRITO FEDERAL (INTEIRO),339039,100,200000000
141955,1,decrescimo,25101,11,333,6207,4102,17,DISTRITO FEDERAL (INTEIRO),339039,100,15000000
141955,2,acrescimo,23901,10,122,6202,4166,20678,I,339039,100,15000000
141956,1,decrescimo,25101,11,333,6207,4102,17,DISTRITO FEDERAL (INTEIRO),339039,100,15000000
141956,2,acrescimo,23901,10,122,6202,4166,20679,I,339039,100,15000000
141957,1,decrescimo,25101,11,333,6207,2900,7564,DISTRITO FEDERAL (INTEIRO),339048,100,10000000
141957,2,acrescimo,23901,10,122,6202,4166,96,III,339039,100,10000000
141958,1,decrescimo,90101,99,999,9999,9999,2,DISTRITO FEDERAL (INTEIRO),999999,100,100000000
141958,2,acrescimo,22201,15,451,6209,1110,7,DISTRITO FEDERAL (INTEIRO),449051,100,100000000
141959,1,decrescimo,90101,99,999,9999,9999,2,DISTRITO FEDERAL (INTEIRO),999999,100,150000000
141959,2,acrescimo,9103,15,752,6209,8507,20650,DISTRITO FEDERAL (INTEIRO),339039,100,150000000
141960,1,decrescimo,26205,26,782,6216,5745,59,DISTRITO FEDERAL (INTEIRO),449051,100,50000000
141960,2,acrescimo,26205,15,451,6216,3467,20687,DISTRITO FEDERAL (INTEIRO),449052,100,50000000
141961,1,decrescimo,26205,26,782,6216,5745,59,DISTRITO FEDERAL (INTEIRO),449051,100,30000000
141961,2,acrescimo,14101,20,845,6201,9107,20646,EXTERIOR,335041,100,30000000
141962,1,decrescimo,22201,15,451,6206,3048,9643,DISTRITO FEDERAL (INTEIRO),339039,100,12000000
141962,2,acrescimo,60101,14,422,6211,9107,20647,DISTRITO FEDERAL (INTEIRO),335041,100,12000000
141963,1,decrescimo,22201,15,451,6206,3048,9643,DISTRITO FEDERAL (INTEIRO),339039,100,80000000
141963,2,acrescimo,34101,27,812,6206,9080,181,DISTRITO FEDERAL (INTEIRO),335041,100,80000000
141964,1,decrescimo,26205,26,782,6216,5745,59,DISTRITO FEDERAL (INTEIRO),449051,100,70000000
141964,2,decrescimo,48101,3,61,8211,2422,9659,DISTRITO FEDERAL (INTEIRO),339039,100,30000000
141964,3,decrescimo,21208,18,542,6210,2536,19,DISTRITO FEDERAL (INTEIRO),339039,100,10000000
141964,4,decrescimo,22201,15,451,6209,1110,9997,DISTRITO FEDERAL (INTEIRO),459051,100,20000000
141964,5,acrescimo,16101,13,392,6219,9075,280,DISTRITO FEDERAL (INTEIRO),335041,100,130000000
141965,1,decrescimo,22201,15,451,6209,1110,9997,DISTRITO FEDERAL (INTEIRO),459051,100,50000000
141965,2,decrescimo,22101,15,752,6209,1836,7104,DISTRITO FEDERAL (INTEIRO),449051,100,20000000
141965,3,acrescimo,27101,23,695,6219,9075,306,DISTRITO FEDERAL (INTEIRO),335041,100,70000000
141966,1,decrescimo,24103,6,181,8217,8517,210,DISTRITO FEDERAL (INTEIRO),339039,100,15000000
141966,2,decrescimo,22201,15,451,6206,3596,8578,DISTRITO FEDERAL (INTEIRO),449051,100,14000000
141966,3,acrescimo,16101,13,392,6219,9075,280,DISTRITO FEDERAL (INTEIRO),335041,100,29000000
141967,1,decrescimo,34101,27,812,6206,2631,16,DISTRITO FEDERAL (INTEIRO),339033,100,20000000
141967,2,decrescimo,34101,27,812,6206,3596,8582,DISTRITO FEDERAL (INTEIRO),449051,100,10000000
141967,3,acrescimo,44101,14,422,6211,9107,20689,DISTRITO FEDERAL (INTEIRO),335041,100,30000000
141968,1,decrescimo,17101,8,244,6206,3048,52,II,449051,100,7000000
141968,2,acrescimo,9104,15,752,6209,8507,20692,II,339039,100,7000000
141969,1,decrescimo,18101,12,122,6221,9068,333,DISTRITO FEDERAL (INTEIRO),445042,100,3000000
141969,2,decrescimo,18101,12,122,6221,9068,333,DISTRITO FEDERAL (INTEIRO),335043,100,22000000
141969,3,acrescimo,9117,15,752,6209,8507,20693,XV,339039,100,25000000
141970,1,decrescimo,18101,12,122,6221,9068,333,DISTRITO FEDERAL (INTEIRO),335043,100,55000000
141970,2,decrescimo,22201,15,451,6207,3247,9257,XIII,449051,100,30000000
141970,3,acrescimo,9115,15,122,8205,3086,20694,XIII,449051,100,85000000
141971,1,decrescimo,18101,12,122,6221,9068,333,DISTRITO FEDERAL (INTEIRO),445042,100,5000000
141971,2,acrescimo,9115,4,122,8205,2557,20695,XIII,449052,100,5000000
141972,1,decrescimo,26205,26,782,6216,5745,61,DISTRITO FEDERAL (INTEIRO),449051,100,40000000
141972,2,decrescimo,22201,15,451,6206,3596,8579,DISTRITO FEDERAL (INTEIRO),449052,100,42000000
141972,3,decrescimo,22201,15,451,6206,3902,9566,DISTRITO FEDERAL (INTEIRO),449051,100,3000000
141972,4,decrescimo,9115,15,451,6208,1968,3235,XIII,339039,100,49000000
141972,5,decrescimo,17101,8,244,6206,3048,52,II,449051,100,7000000
141972,6,acrescimo,16101,13,392,6219,9075,20696,DISTRITO FEDERAL (INTEIRO),335041,100,141000000
141973,1,decrescimo,26205,26,782,6216,5745,61,DISTRITO FEDERAL (INTEIRO),449051,100,40000000
141973,2,acrescimo,26205,26,782,6216,4195,20697,DISTRITO FEDERAL (INTEIRO),339039,100,40000000
141974,1,decrescimo,26205,26,782,6216,5745,61,DISTRITO FEDERAL (INTEIRO),449051,100,30000000
141974,2,decrescimo,23901,10,302,6202,9107,264,DISTRITO FEDERAL (INTEIRO),335042,100,20000000
141974,3,decrescimo,9115,15,451,6208,1968,3235,XIII,339039,100,31000000
141974,4,decrescimo,34101,27,812,6206,3048,9647,DISTRITO FEDERAL (INTEIRO),449051,100,30000000
141974,5,decrescimo,18101,12,122,6221,9068,333,DISTRITO FEDERAL (INTEIRO),445042,100,23000000
141974,6,acrescimo,27101,27,392,6219,9075,20698,DISTRITO FEDERAL (INTEIRO),335041,100,134000000
141975,1,decrescimo,9115,15,451,8205,3903,9846,XIII,449051,100,15000000
141975,2,acrescimo,44101,14,422,6211,9107,20699,DISTRITO FEDERAL (INTEIRO),335041,100,15000000
141976,1,decrescimo,9115,15,752,6209,1836,7096,XIII,449051,100,30000000
141976,2,decrescimo,18101,12,122,6221,9068,333,DISTRITO FEDERAL (INTEIRO),445042,100,10000000
141976,3,acrescimo,9115,15,752,6209,8507,20690,XIII,339039,100,40000000
141977,1,decrescimo,17101,8,244,6206,3048,52,II,449051,100,6000000
141977,2,decrescimo,9114,15,752,6209,8507,6548,XII,339039,100,10000000
141977,3,acrescimo,9111,15,752,6209,8507,20691,IX,339039,100,16000000
141978,1,decrescimo,90101,99,999,9999,9999,1,DISTRITO FEDERAL (INTEIRO),999999,100,50000000
141978,2,acrescimo,40101,8,244,6207,9118,20708,DISTRITO FEDERAL (INTEIRO),335041,100,50000000
141979,1,decrescimo,90101,99,999,9999,9999,1,DISTRITO FEDERAL (INTEIRO),999999,100,5000000
141979,2,acrescimo,61101,8,244,6203,2954,20709,DISTRITO FEDERAL (INTEIRO),339039,100,5000000
141980,1,decrescimo,90101,99,999,9999,9999,1,DISTRITO FEDERAL (INTEIRO),999999,100,10000000
141980,2,acrescimo,61101,8,244,6203,2954,20710,DISTRITO FEDERAL (INTEIRO),449052,100,10000000
141981,1,decrescimo,90101,99,999,9999,9999,1,DISTRITO FEDERAL (INTEIRO),999999,100,5000000
141981,2,acrescimo,61101,8,244,6228,9107,20711,DISTRITO FEDERAL (INTEIRO),335041,100,5000000
141982,1,decrescimo,90101,99,999,9999,9999,1,DISTRITO FEDERAL (INTEIRO),999999,100,50000000
141982,2,acrescimo,23901,10,122,8202,2396,20712,DISTRITO FEDERAL (INTEIRO),339039,100,50000000
141983,1,decrescimo,90101,99,999,9999,9999,1,DISTRITO FEDERAL (INTEIRO),999999,100,330000000
141983,2,acrescimo,27101,23,695,6207,9085,20700,DISTRITO FEDERAL (INTEIRO),335041,100,330000000
141984,1,decrescimo,90101,99,999,9999,9999,1,DISTRITO FEDERAL (INTEIRO),999999,100,100000000
141984,2,acrescimo,16101,13,392,6219,9075,20701,DISTRITO FEDERAL (INTEIRO),335041,100,100000000
141985,1,decrescimo,90101,99,999,9999,9999,1,DISTRITO FEDERAL (INTEIRO),999999,100,100000000
141985,2,acrescimo,34101,27,811,6206,9080,20702,DISTRITO FEDERAL (INTEIRO),335041,100,100000000
141986,1,decrescimo,90101,99,999,9999,9999,1,DISTRITO FEDERAL (INTEIRO),999999,100,75000000
141986,2,acrescimo,18101,12,122,6221,9068,20703,DISTRITO FEDERAL (INTEIRO),445042,100,75000000
141987,1,decrescimo,90101,99,999,9999,9999,1,DISTRITO FEDERAL (INTEIRO),999999,100,75000000
141987,2,acrescimo,18101,12,122,6221,9068,20704,DISTRITO FEDERAL (INTEIRO),335043,100,75000000
141988,1,decrescimo,90101,99,999,9999,9999,1,DISTRITO FEDERAL (INTEIRO),999999,100,50000000
141988,2,acrescimo,23901,10,122,6202,4166,20705,DISTRITO FEDERAL (INTEIRO),449052,100,50000000
141989,1,decrescimo,90101,99,999,9999,9999,1,DISTRITO FEDERAL (INTEIRO),999999,100,50000000
141989,2,acrescimo,23901,10,122,6202,4166,20706,DISTRITO FEDERAL (INTEIRO),339039,100,50000000
141990,1,decrescimo,90101,99,999,9999,9999,1,DISTRITO FEDERAL (INTEIRO),999999,100,100000000
141990,2,acrescimo,22201,15,451,6209,1110,20707,DISTRITO FEDERAL (INTEIRO),449051,100,100000000
141991,1,decrescimo,90101,99,999,9999,9999,2,DISTRITO FEDERAL (INTEIRO),999999,100,50000000
141991,2,acrescimo,27101,23,695,6207,9085,20713,DISTRITO FEDERAL (INTEIRO),335041,100,50000000
141992,1,decrescimo,90101,99,999,9999,9999,2,DISTRITO FEDERAL (INTEIRO),999999,100,30000000
141992,2,acrescimo,9107,4,122,8205,3903,20716,V,339039,100,30000000
141993,1,decrescimo,90101,99,999,9999,9999,2,DISTRITO FEDERAL (INTEIRO),999999,100,50000000
141993,2,acrescimo,18101,12,122,6221,9068,20717,DISTRITO FEDERAL (INTEIRO),335043,100,50000000
141994,1,decrescimo,90101,99,999,9999,9999,2,DISTRITO FEDERAL (INTEIRO),999999,100,135000000
141994,2,acrescimo,23901,10,122,6202,4166,20718,DISTRITO FEDERAL (INTEIRO),449052,100,135000000
141995,1,decrescimo,23901,10,305,6202,9107,276,DISTRITO FEDERAL (INTEIRO),335042,100,200000000
141995,2,decrescimo,23901,10,302,6202,2145,25,DISTRITO FEDERAL (INTEIRO),339039,100,50000000
141995,3,acrescimo,27101,23,695,6207,9085,20714,DISTRITO FEDERAL (INTEIRO),335041,100,250000000
141996,1,decrescimo,34101,27,812,6206,9080,179,DISTRITO FEDERAL (INTEIRO),335041,100,10000000
141996,2,decrescimo,18101,12,122,6221,9068,307,DISTRITO FEDERAL (INTEIRO),335043,100,30000000
141996,3,decrescimo,18101,12,122,6221,9068,305,DISTRITO FEDERAL (INTEIRO),335043,100,90000000
141996,4,decrescimo,23901,10,302,6202,2145,25,DISTRITO FEDERAL (INTEIRO),339039,100,50000000
141996,5,acrescimo,16101,13,392,6219,9075,20715,DISTRITO FEDERAL (INTEIRO),335041,100,180000000
141997,1,decrescimo,22201,15,451,6209,1110,9993,DISTRITO FEDERAL (INTEIRO),459051,100,100000000
141997,2,decrescimo,18101,12,122,6221,9068,307,DISTRITO FEDERAL (INTEIRO),335043,100,15000000
141997,3,decrescimo,18101,12,122,6221,9068,305,DISTRITO FEDERAL (INTEIRO),335043,100,30000000
141997,4,acrescimo,34101,27,812,6206,9080,20719,DISTRITO FEDERAL (INTEIRO),335041,100,145000000
141998,1,decrescimo,18101,12,122,6221,9068,307,DISTRITO FEDERAL (INTEIRO),335043,100,15000000
141998,2,acrescimo,44101,14,422,6211,9107,20720,DISTRITO FEDERAL (INTEIRO),335041,100,15000000
141999,1,decrescimo,34101,27,811,6206,9080,217,DISTRITO FEDERAL (INTEIRO),335041,100,13000000
141999,2,acrescimo,60101,14,422,6211,9107,20735,DISTRITO FEDERAL (INTEIRO),335043,100,13000000
142000,1,decrescimo,90101,99,999,9999,9999,2,DISTRITO FEDERAL (INTEIRO),999999,100,85000000
142000,2,acrescimo,22201,15,451,6206,4170,20733,DISTRITO FEDERAL (INTEIRO),339039,100,85000000
142001,1,decrescimo,90101,99,999,9999,9999,2,DISTRITO FEDERAL (INTEIRO),999999,100,40000000
142001,2,acrescimo,22201,15,451,6206,3596,20736,DISTRITO FEDERAL (INTEIRO),449051,100,40000000
142002,1,decrescimo,9114,15,451,8205,2396,122,XII,339039,100,40000000
142002,2,acrescimo,26205,26,782,6217,4197,20738,DISTRITO FEDERAL (INTEIRO),339030,100,40000000
142003,1,decrescimo,9114,4,122,8205,8517,28,XII,339039,100,25000000
142003,2,acrescimo,22201,15,451,6209,1110,5,DISTRITO FEDERAL (INTEIRO),449051,100,25000000
142004,1,decrescimo,90101,99,999,9999,9999,2,DISTRITO FEDERAL (INTEIRO),999999,100,35000000
142004,2,acrescimo,23901,10,122,6202,4166,1,DISTRITO FEDERAL (INTEIRO),449052,100,35000000
142005,1,decrescimo,90101,99,999,9999,9999,2,DISTRITO FEDERAL (INTEIRO),999999,100,90000000
142005,2,acrescimo,23901,10,122,6202,4166,1,DISTRITO FEDERAL (INTEIRO),339039,100,90000000
142006,1,decrescimo,90101,99,999,9999,9999,2,DISTRITO FEDERAL (INTEIRO),999999,100,125000000
142006,2,acrescimo,18101,12,122,6221,9068,3,DISTRITO FEDERAL (INTEIRO),335043,100,125000000
142007,1,decrescimo,90101,99,999,9999,9999,2,DISTRITO FEDERAL (INTEIRO),999999,100,98500000
142007,2,acrescimo,9114,15,752,6209,8507,20721,XII,339039,100,98500000
142008,1,decrescimo,90101,99,999,9999,9999,2,DISTRITO FEDERAL (INTEIRO),999999,100,1500000
142008,2,acrescimo,9114,25,752,6209,1836,20722,XII,449051,100,1500000
142009,1,decrescimo,90101,99,999,9999,9999,2,DISTRITO FEDERAL (INTEIRO),999999,100,50000000
142009,2,acrescimo,16101,13,392,6219,9075,2,DISTRITO FEDERAL (INTEIRO),335041,100,50000000
142010,1,decrescimo,90101,99,999,9999,9999,2,DISTRITO FEDERAL (INTEIRO),999999,100,55000000
142010,2,acrescimo,34101,27,812,6206,9080,6,DISTRITO FEDERAL (INTEIRO),335041,100,55000000
142011,1,decrescimo,90101,99,999,9999,9999,2,DISTRITO FEDERAL (INTEIRO),999999,100,100000000
142011,2,acrescimo,27101,23,695,6207,9085,1,DISTRITO FEDERAL (INTEIRO),335041,100,100000000
142012,1,decrescimo,90101,99,999,9999,9999,2,DISTRITO FEDERAL (INTEIRO),999999,100,20000000
142012,2,acrescimo,24105,6,128,6206,2024,20723,DISTRITO FEDERAL (INTEIRO),339014,100,20000000
142013,1,decrescimo,90101,99,999,9999,9999,2,DISTRITO FEDERAL (INTEIRO),999999,100,25000000
142013,2,acrescimo,9117,15,451,6206,3902,20724,XV,449051,100,25000000
142014,1,decrescimo,90101,99,999,9999,9999,2,DISTRITO FEDERAL (INTEIRO),999999,100,15000000
142014,2,acrescimo,9115,15,752,6209,8507,20725,XIII,339039,100,15000000
142015,1,decrescimo,90101,99,999,9999,9999,2,DISTRITO FEDERAL (INTEIRO),999999,100,15000000
142015,2,acrescimo,9111,15,752,6209,8507,20726,IX,339039,100,15000000
142016,1,decrescimo,90101,99,999,9999,9999,2,DISTRITO FEDERAL (INTEIRO),999999,100,15000000
142016,2,acrescimo,9123,15,752,6209,8507,20727,XXI,339039,100,15000000
142017,1,decrescimo,90101,99,999,9999,9999,2,DISTRITO FEDERAL (INTEIRO),999999,100,15000000
142017,2,acrescimo,9105,15,752,6209,8507,20728,III,339039,100,15000000
142018,1,decrescimo,90101,99,999,9999,9999,2,DISTRITO FEDERAL (INTEIRO),999999,100,15000000
142018,2,acrescimo,9127,15,752,6209,8507,20730,XXIX,339039,100,15000000
142019,1,decrescimo,90101,99,999,9999,9999,2,DISTRITO FEDERAL (INTEIRO),999999,100,150000000
142019,2,acrescimo,22201,15,451,6209,1110,5,DISTRITO FEDERAL (INTEIRO),449051,100,150000000
142020,1,decrescimo,18101,12,122,6221,9068,4,DISTRITO FEDERAL (INTEIRO),445042,100,15000000
142020,2,acrescimo,18101,12,122,6221,9068,3,DISTRITO FEDERAL (INTEIRO),335043,100,15000000
142021,1,decrescimo,9111,25,752,6209,8507,99,IX,339039,100,11500000
142021,2,acrescimo,9111,25,752,6209,1836,20740,IX,449051,100,11500000
142022,1,decrescimo,23901,10,122,6202,4166,95,DISTRITO FEDERAL (INTEIRO),339039,100,25000000
142022,2,acrescimo,23901,10,302,6202,9107,20686,DISTRITO FEDERAL (INTEIRO),335042,100,25000000
142023,1,decrescimo,26101,26,451,6216,1506,15,DISTRITO FEDERAL (INTEIRO),449051,100,7500000
142023,2,acrescimo,22201,15,451,6209,1110,388,DISTRITO FEDERAL (INTEIRO),449051,100,7500000
142024,1,decrescimo,22201,15,451,6206,1079,50,DISTRITO FEDERAL (INTEIRO),449051,100,17500000
142024,2,acrescimo,26205,26,782,6216,4195,16,DISTRITO FEDERAL (INTEIRO),339030,100,17500000
142025,1,decrescimo,22201,15,451,6206,1079,50,DISTRITO FEDERAL (INTEIRO),449051,100,5000000
142025,2,acrescimo,21208,18,541,6210,9121,17,DISTRITO FEDERAL (INTEIRO),335041,100,5000000
142026,1,decrescimo,90101,99,999,9999,9999,2,DISTRITO FEDERAL (INTEIRO),999999,100,100000000
142026,2,acrescimo,27101,23,695,6207,9085,79,DISTRITO FEDERAL (INTEIRO),335042,100,100000000
142027,1,decrescimo,90101,99,999,9999,9999,2,DISTRITO FEDERAL (INTEIRO),999999,100,195000000
142027,2,acrescimo,22201,15,451,6209,1110,388,DISTRITO FEDERAL (INTEIRO),449051,100,195000000
142028,1,decrescimo,22201,15,451,6209,1110,388,DISTRITO FEDERAL (INTEIRO),449051,100,50000000
142028,2,acrescimo,22101,15,752,6209,8507,94,DISTRITO FEDERAL (INTEIRO),339039,100,50000000
142029,1,decrescimo,22201,15,451,6209,1110,388,DISTRITO FEDERAL (INTEIRO),449051,100,50000000
142029,2,acrescimo,18101,12,122,6221,9068,358,DISTRITO FEDERAL (INTEIRO),335043,100,50000000
142030,1,decrescimo,90101,99,999,9999,9999,2,DISTRITO FEDERAL (INTEIRO),999999,100,80000000
142030,2,acrescimo,18101,12,122,6221,9068,358,DISTRITO FEDERAL (INTEIRO),445042,100,80000000
142031,1,decrescimo,90101,99,999,9999,9999,2,DISTRITO FEDERAL (INTEIRO),999999,100,150000000
142031,2,acrescimo,16101,13,392,6219,9075,331,DISTRITO FEDERAL (INTEIRO),335041,100,150000000
142032,1,decrescimo,90101,99,999,9999,9999,2,DISTRITO FEDERAL (INTEIRO),999999,100,60000000
142032,2,acrescimo,34101,27,812,6206,9080,220,DISTRITO FEDERAL (INTEIRO),335041,100,60000000
142033,1,decrescimo,90101,99,999,9999,9999,2,DISTRITO FEDERAL (INTEIRO),999999,100,255000000
142033,2,acrescimo,22201,27,812,6206,3048,56,DISTRITO FEDERAL (INTEIRO),339039,100,255000000
142034,1,decrescimo,90101,99,999,9999,9999,2,DISTRITO FEDERAL (INTEIRO),999999,100,90000000
142034,2,acrescimo,22201,15,451,6207,3247,20683,DISTRITO FEDERAL (INTEIRO),449051,100,90000000
142035,1,decrescimo,90101,99,999,9999,9999,2,DISTRITO FEDERAL (INTEIRO),999999,100,15000000
142035,2,acrescimo,44101,14,422,6211,9107,20729,DISTRITO FEDERAL (INTEIRO),335042,100,15000000
142036,1,decrescimo,90101,99,999,9999,9999,2,DISTRITO FEDERAL (INTEIRO),999999,100,5000000
142036,2,acrescimo,14203,20,606,6201,2173,20731,DISTRITO FEDERAL (INTEIRO),449052,100,5000000
142037,1,decrescimo,26101,26,451,6216,1506,15,DISTRITO FEDERAL (INTEIRO),449051,100,7500000
142037,2,acrescimo,26205,26,782,6216,4195,16,DISTRITO FEDERAL (INTEIRO),339030,100,7500000
142038,1,decrescimo,26205,26,782,6216,4195,15,DISTRITO FEDERAL (INTEIRO),339039,100,20000000
142038,2,acrescimo,26205,26,782,6216,1968,20741,DISTRITO FEDERAL (INTEIRO),449051,100,20000000
142039,1,decrescimo,23901,10,301,6202,4208,6,XIII,449052,100,100000000
142039,2,acrescimo,23901,10,302,6202,9107,20742,XIII,445042,100,100000000
142040,1,decrescimo,9103,25,752,6209,1836,7085,I,449051,100,119424000
142040,2,acrescimo,16101,13,392,6219,9075,289,DISTRITO FEDERAL (INTEIRO),335041,100,119424000
142041,1,decrescimo,57101,14,422,6211,9107,287,DISTRITO FEDERAL (INTEIRO),335041,100,8000000
142041,2,acrescimo,16101,13,392,6219,9075,289,DISTRITO FEDERAL (INTEIRO),335041,100,8000000
142042,1,decrescimo,10101,13,243,6211,9078,74,DISTRITO FEDERAL (INTEIRO),335041,100,10000000
142042,2,acrescimo,18101,12,122,6221,9068,338,DISTRITO FEDERAL (INTEIRO),335043,100,10000000
142043,1,decrescimo,10101,13,243,6211,9078,74,DISTRITO FEDERAL (INTEIRO),335041,100,20000000
142043,2,acrescimo,18101,12,122,6221,9068,338,DISTRITO FEDERAL (INTEIRO),445042,100,20000000
142044,1,decrescimo,34101,27,812,6206,9080,191,DISTRITO FEDERAL (INTEIRO),335041,100,15000000
142044,2,acrescimo,34101,27,812,6206,2631,18,DISTRITO FEDERAL (INTEIRO),339033,100,15000000
142045,1,decrescimo,90101,99,999,9999,9999,2,DISTRITO FEDERAL (INTEIRO),999999,100,130000000
142045,2,acrescimo,23901,10,302,6202,9107,20634,DISTRITO FEDERAL (INTEIRO),335043,100,130000000
142046,1,decrescimo,90101,99,999,9999,9999,2,DISTRITO FEDERAL (INTEIRO),999999,100,50000000
142046,2,acrescimo,24103,6,181,6217,3029,33,DISTRITO FEDERAL (INTEIRO),449052,100,50000000
142047,1,decrescimo,27101,23,695,6207,9085,81,DISTRITO FEDERAL (INTEIRO),335041,100,30000000
142047,2,acrescimo,16101,13,392,6219,9075,20732,DISTRITO FEDERAL (INTEIRO),335043,100,30000000
142048,1,decrescimo,90101,99,999,9999,9999,2,DISTRITO FEDERAL (INTEIRO),999999,100,230000000
142048,2,acrescimo,40101,19,573,6207,9118,20636,DISTRITO FEDERAL (INTEIRO),335043,100,230000000
142049,1,decrescimo,90101,99,999,9999,9999,2,DISTRITO FEDERAL (INTEIRO),999999,100,70000000
142049,2,acrescimo,34101,27,812,6206,9107,20637,DISTRITO FEDERAL (INTEIRO),335043,100,70000000
142050,1,decrescimo,90101,99,999,9999,9999,2,DISTRITO FEDERAL (INTEIRO),999999,100,45000000
142050,2,acrescimo,57101,14,422,6211,9107,20734,DISTRITO FEDERAL (INTEIRO),335043,100,45000000
142051,1,decrescimo,22201,15,451,6209,1110,395,DISTRITO FEDERAL (INTEIRO),449051,100,30000000
142051,2,acrescimo,25101,11,333,6207,9107,20737,DISTRITO FEDERAL (INTEIRO),335043,100,30000000
142052,1,decrescimo,90101,99,999,9999,9999,2,DISTRITO FEDERAL (INTEIRO),999999,100,55000000
142052,2,acrescimo,22214,15,451,6209,3467,20739,DISTRITO FEDERAL (INTEIRO),449052,100,55000000
142053,1,decrescimo,22201,15,451,6207,3247,42,DISTRITO FEDERAL (INTEIRO),449051,100,15000000
142053,2,acrescimo,9123,15,451,6207,3247,20640,DISTRITO FEDERAL (INTEIRO),449051,100,15000000
142054,1,decrescimo,22201,15,451,6207,3247,42,DISTRITO FEDERAL (INTEIRO),449051,100,30000000
142054,2,acrescimo,44101,14,422,6211,9107,307,DISTRITO FEDERAL (INTEIRO),335043,100,30000000
142055,1,decrescimo,61101,8,244,6203,2954,3,DISTRITO FEDERAL (INTEIRO),339039,100,40000000
142055,2,acrescimo,61101,8,244,6203,2954,3,DISTRITO FEDERAL (INTEIRO),449052,100,40000000
142056,1,decrescimo,90101,99,999,9999,9999,2,DISTRITO FEDERAL (INTEIRO),999999,100,200000000
142056,2,acrescimo,18101,12,122,6221,9068,20629,DISTRITO FEDERAL (INTEIRO),335043,100,200000000
142057,1,decrescimo,22201,15,451,6209,1110,395,DISTRITO FEDERAL (INTEIRO),339039,100,80000000
142057,2,decrescimo,22201,15,451,6209,1110,395,DISTRITO FEDERAL (INTEIRO),449051,100,120000000
142057,3,acrescimo,18101,12,122,6221,9068,20630,DISTRITO FEDERAL (INTEIRO),445042,100,200000000
142058,1,decrescimo,90101,99,999,9999,9999,2,DISTRITO FEDERAL (INTEIRO),999999,100,70000000
142058,2,acrescimo,18101,12,365,6221,9107,20631,DISTRITO FEDERAL (INTEIRO),335043,100,70000000
142059,1,decrescimo,90101,99,999,9999,9999,2,DISTRITO FEDERAL (INTEIRO),999999,100,100000000
142059,2,acrescimo,23901,10,122,6202,4166,20632,DISTRITO FEDERAL (INTEIRO),339039,100,100000000
142060,1,decrescimo,9103,15,451,6206,3902,9563,I,449051,100,30000000
142060,2,acrescimo,9114,25,752,6209,1836,7095,XII,449051,100,30000000
142061,1,decrescimo,21208,18,542,6210,2536,21,DISTRITO FEDERAL (INTEIRO),339039,100,20000000
142061,2,acrescimo,18101,12,122,6221,9068,338,DISTRITO FEDERAL (INTEIRO),445042,100,20000000
142062,1,decrescimo,9108,15,752,6209,1836,7089,VI,339039,100,35000000
142062,2,acrescimo,18101,12,122,6221,9068,338,DISTRITO FEDERAL (INTEIRO),335043,100,35000000
142063,1,decrescimo,44101,14,243,6211,1564,15,DISTRITO FEDERAL (INTEIRO),339039,100,20000000
142063,2,acrescimo,23901,10,122,6202,4166,79,DISTRITO FEDERAL (INTEIRO),339039,100,20000000
142064,1,decrescimo,23901,10,302,6202,3140,14,I,449051,100,10000000
142064,2,decrescimo,23901,10,122,6202,4166,83,DISTRITO FEDERAL (INTEIRO),339039,100,4000000
142064,3,acrescimo,23901,10,302,6202,9107,20745,XIII,445042,100,14000000
142065,1,decrescimo,22101,15,752,6209,1836,7102,DISTRITO FEDERAL (INTEIRO),449051,100,8500000
142065,2,decrescimo,22101,15,752,6209,8507,6554,DISTRITO FEDERAL (INTEIRO),339039,100,8000000
142065,3,decrescimo,9117,15,752,6209,1836,138,XV,449051,100,12500000
142065,4,decrescimo,22201,15,451,6206,3902,9565,DISTRITO FEDERAL (INTEIRO),339039,100,1000000
142065,5,acrescimo,26205,26,782,6216,4195,11,DISTRITO FEDERAL (INTEIRO),339030,100,30000000
142066,1,decrescimo,22201,15,451,6206,3902,9565,DISTRITO FEDERAL (INTEIRO),339039,100,5000000
142066,2,decrescimo,22201,27,812,6206,3048,9642,DISTRITO FEDERAL (INTEIRO),339039,100,22000000
142066,3,decrescimo,22201,15,452,6209,8508,69,II,339039,100,20000000
142066,4,acrescimo,22201,15,451,6209,1110,20682,DISTRITO FEDERAL (INTEIRO),449051,100,47000000
142067,1,decrescimo,17101,8,244,6228,9071,29,DISTRITO FEDERAL (INTEIRO),335041,100,20735000
142067,2,decrescimo,25101,11,333,6207,9122,17,DISTRITO FEDERAL (INTEIRO),335041,100,10000000
142067,3,acrescimo,25101,11,333,6207,9122,15,DISTRITO FEDERAL (INTEIRO),335041,100,30735000
142068,1,decrescimo,23901,10,302,6202,3140,14,I,449051,100,10000000
142068,2,acrescimo,23901,10,122,6202,4166,20743,DISTRITO FEDERAL (INTEIRO),449052,100,10000000
142069,1,decrescimo,90101,99,999,9999,9999,2,DISTRITO FEDERAL (INTEIRO),999999,100,33400000
142069,2,acrescimo,23901,10,302,6202,9107,20744,DISTRITO FEDERAL (INTEIRO),445042,100,33400000
142070,1,decrescimo,90101,99,999,9999,9999,2,DISTRITO FEDERAL (INTEIRO),999999,100,174000000
142070,2,acrescimo,18101,12,122,6221,9068,299,DISTRITO FEDERAL (INTEIRO),335043,100,174000000
142071,1,decrescimo,90101,99,999,9999,9999,2,DISTRITO FEDERAL (INTEIRO),999999,100,342600000
142071,2,acrescimo,18101,12,122,6221,9068,299,DISTRITO FEDERAL (INTEIRO),445042,100,342600000
142072,1,decrescimo,90101,99,999,9999,9999,2,DISTRITO FEDERAL (INTEIRO),999999,100,5000000
142072,2,acrescimo,27101,23,695,6207,9085,90,DISTRITO FEDERAL (INTEIRO),335041,100,5000000
142073,1,decrescimo,90101,99,999,9999,9999,2,DISTRITO FEDERAL (INTEIRO),999999,100,50000000
142073,2,acrescimo,34101,27,812,6206,9080,226,DISTRITO FEDERAL (INTEIRO),335041,100,50000000
142074,1,decrescimo,90101,99,999,9999,9999,2,DISTRITO FEDERAL (INTEIRO),999999,100,10000000
142074,2,acrescimo,9112,15,451,6209,1110,369,X,449051,100,10000000
142075,1,decrescimo,90101,99,999,9999,9999,2,DISTRITO FEDERAL (INTEIRO),999999,100,77000000
142075,2,acrescimo,23901,10,122,6202,4166,88,DISTRITO FEDERAL (INTEIRO),339039,100,77000000
142076,1,decrescimo,90101,99,999,9999,9999,2,DISTRITO FEDERAL (INTEIRO),999999,100,258000000
142076,2,acrescimo,23901,10,122,6202,4166,88,DISTRITO FEDERAL (INTEIRO),449052,100,258000000
142077,1,decrescimo,90101,99,999,9999,9999,2,DISTRITO FEDERAL (INTEIRO),999999,100,50000000
142077,2,acrescimo,9104,25,752,6209,1836,20747,II,449051,100,50000000
142078,1,decrescimo,18101,12,122,6221,9068,341,DISTRITO FEDERAL (INTEIRO),335043,100,45000000
142078,2,decrescimo,21207,18,541,6210,3129,2,XIX,339039,100,75000000
142078,3,decrescimo,21101,18,542,6210,2536,23,DISTRITO FEDERAL (INTEIRO),339039,100,25000000
142078,4,acrescimo,34101,27,812,6206,9080,195,DISTRITO FEDERAL (INTEIRO),335041,100,145000000
142079,1,decrescimo,22201,15,451,6209,1110,9561,DISTRITO FEDERAL (INTEIRO),449051,100,50000000
142079,2,acrescimo,27101,23,695,6207,9085,70,DISTRITO FEDERAL (INTEIRO),335041,100,50000000
142080,1,decrescimo,23901,10,122,6202,4166,85,DISTRITO FEDERAL (INTEIRO),339039,100,50000000
142080,2,acrescimo,9128,15,752,6209,8507,6552,XXVI,339039,100,50000000
142081,1,decrescimo,23901,10,122,6202,4166,85,DISTRITO FEDERAL (INTEIRO),339039,100,20000000
142081,2,acrescimo,9107,15,752,6209,1836,7087,V,449051,100,20000000
142082,1,decrescimo,22201,15,451,6209,1110,9998,DISTRITO FEDERAL (INTEIRO),449051,100,30000000
142082,2,acrescimo,18101,12,243,6221,9107,20749,DISTRITO FEDERAL (INTEIRO),335041,100,30000000
142083,1,decrescimo,23901,10,122,6202,4166,85,DISTRITO FEDERAL (INTEIRO),339039,100,10000000
142083,2,acrescimo,9120,15,752,6209,1836,7098,XVIII,449051,100,10000000
142084,1,decrescimo,22214,15,452,6209,2079,6123,DISTRITO FEDERAL (INTEIRO),339039,100,35000000
142084,2,acrescimo,22214,15,452,6209,2079,6123,DISTRITO FEDERAL (INTEIRO),449051,100,35000000
142085,1,decrescimo,22201,15,451,6206,3902,9565,DISTRITO FEDERAL (INTEIRO),339039,100,5000000
142085,2,decrescimo,22201,27,812,6206,3048,9642,DISTRITO FEDERAL (INTEIRO),339039,100,22000000
142085,3,decrescimo,22201,15,452,6209,8508,69,II,339039,100,13000000
142085,4,acrescimo,22201,15,451,6209,1110,20682,DISTRITO FEDERAL (INTEIRO),449051,100,40000000
142086,1,decrescimo,22201,15,452,6209,8508,69,II,339039,100,7000000
142086,2,acrescimo,16101,13,392,6219,9075,281,DISTRITO FEDERAL (INTEIRO),335041,100,7000000
142087,1,decrescimo,90101,99,999,9999,9999,2,DISTRITO FEDERAL (INTEIRO),999999,100,140000000
142087,2,acrescimo,23901,10,301,8202,2396,20759,IX,339039,100,140000000
142088,1,decrescimo,90101,99,999,9999,9999,2,DISTRITO FEDERAL (INTEIRO),999999,100,80000000
142088,2,acrescimo,16101,13,392,6219,9075,327,DISTRITO FEDERAL (INTEIRO),335041,100,80000000
142089,1,decrescimo,90101,99,999,9999,9999,2,DISTRITO FEDERAL (INTEIRO),999999,100,30000000
142089,2,acrescimo,23901,10,122,6202,4166,20760,DISTRITO FEDERAL (INTEIRO),339030,100,30000000
142090,1,decrescimo,90101,99,999,9999,9999,2,DISTRITO FEDERAL (INTEIRO),999999,100,20000000
142090,2,acrescimo,23901,10,122,6202,4166,20761,DISTRITO FEDERAL (INTEIRO),449052,100,20000000
142091,1,decrescimo,90101,99,999,9999,9999,2,DISTRITO FEDERAL (INTEIRO),999999,100,50000000
142091,2,acrescimo,16101,13,392,6219,9075,4,DISTRITO FEDERAL (INTEIRO),335041,100,50000000
142092,1,decrescimo,90101,99,999,9999,9999,2,DISTRITO FEDERAL (INTEIRO),999999,100,20000000
142092,2,acrescimo,27101,23,695,6207,9085,20755,DISTRITO FEDERAL (INTEIRO),335041,100,20000000
142093,1,decrescimo,90101,99,999,9999,9999,2,DISTRITO FEDERAL (INTEIRO),999999,100,150000000
142093,2,acrescimo,22201,15,451,6209,1110,20756,IX,449051,100,150000000
142094,1,decrescimo,90101,99,999,9999,9999,2,DISTRITO FEDERAL (INTEIRO),999999,100,50000000
142094,2,acrescimo,22201,17,512,6209,2903,7,IX,339039,100,50000000
142095,1,decrescimo,90101,99,999,9999,9999,2,DISTRITO FEDERAL (INTEIRO),999999,100,80000000
142095,2,acrescimo,22201,15,451,6206,3596,20757,I,449052,100,80000000
142096,1,decrescimo,90101,99,999,9999,9999,2,DISTRITO FEDERAL (INTEIRO),999999,100,150000000
142096,2,acrescimo,23901,10,122,6202,4166,20758,DISTRITO FEDERAL (INTEIRO),339039,100,150000000
142097,1,decrescimo,26205,26,782,6216,4195,15,DISTRITO FEDERAL (INTEIRO),339039,100,15000000
142097,2,acrescimo,26205,26,782,6216,1968,20768,DISTRITO FEDERAL (INTEIRO),449051,100,15000000
142098,1,decrescimo,90101,99,999,9999,9999,2,DISTRITO FEDERAL (INTEIRO),999999,100,140000000
142098,2,acrescimo,23901,10,301,8202,2396,20785,DISTRITO FEDERAL (INTEIRO),339039,100,140000000
142099,1,decrescimo,48101,3,61,8211,2422,9660,DISTRITO FEDERAL (INTEIRO),339039,100,25000000
142099,2,acrescimo,23901,10,122,6202,4166,79,DISTRITO FEDERAL (INTEIRO),449052,100,25000000
142100,1,decrescimo,17101,8,306,6228,4173,15,DISTRITO FEDERAL (INTEIRO),339032,100,15000000
142100,2,acrescimo,9110,4,122,8205,2396,20794,VIII,339039,100,15000000
142101,1,decrescimo,90101,99,999,9999,9999,2,DISTRITO FEDERAL (INTEIRO),999999,100,30000000
142101,2,acrescimo,26205,26,782,6216,1968,70,DISTRITO FEDERAL (INTEIRO),449051,100,30000000
142102,1,decrescimo,90101,99,999,9999,9999,2,DISTRITO FEDERAL (INTEIRO),999999,100,50000000
142102,2,acrescimo,27101,23,695,6207,9085,76,DISTRITO FEDERAL (INTEIRO),335041,100,50000000
142103,1,decrescimo,90101,99,999,9999,9999,2,DISTRITO FEDERAL (INTEIRO),999999,100,230000000
142103,2,acrescimo,16101,13,392,6219,9075,325,DISTRITO FEDERAL (INTEIRO),335041,100,230000000
142104,1,decrescimo,90101,99,999,9999,9999,2,DISTRITO FEDERAL (INTEIRO),999999,100,25000000
142104,2,acrescimo,40101,19,573,6207,9118,20765,DISTRITO FEDERAL (INTEIRO),335041,100,25000000
142105,1,decrescimo,90101,99,999,9999,9999,2,DISTRITO FEDERAL (INTEIRO),999999,100,59132700
142105,2,acrescimo,22214,15,452,6209,2079,4,DISTRITO FEDERAL (INTEIRO),449052,100,59132700
142106,1,decrescimo,90101,99,999,9999,9999,2,DISTRITO FEDERAL (INTEIRO),999999,100,100000000
142106,2,acrescimo,23901,10,122,6202,4166,91,DISTRITO FEDERAL (INTEIRO),449052,100,100000000
142107,1,decrescimo,90101,99,999,9999,9999,2,DISTRITO FEDERAL (INTEIRO),999999,100,31867300
142107,2,acrescimo,9107,4,122,8205,3903,20795,V,339039,100,31867300
142108,1,decrescimo,22201,15,451,6209,1110,383,DISTRITO FEDERAL (INTEIRO),449051,100,32000000
142108,2,acrescimo,9130,15,752,6209,8507,20796,XXVIII,339039,100,32000000
142109,1,decrescimo,90101,99,999,9999,9999,2,DISTRITO FEDERAL (INTEIRO),999999,100,100000000
142109,2,acrescimo,23901,10,305,6202,9107,20770,DISTRITO FEDERAL (INTEIRO),335042,100,100000000
142110,1,decrescimo,24101,6,181,6217,4031,32,VII,449052,100,10000000
142110,2,acrescimo,9109,4,122,8205,8517,20797,VII,449052,100,10000000
142111,1,decrescimo,24101,6,181,6217,4031,32,VII,449052,100,10000000
142111,2,acrescimo,9130,4,122,8205,8517,20798,XXVIII,449052,100,10000000
142112,1,decrescimo,90101,99,999,9999,9999,2,DISTRITO FEDERAL (INTEIRO),999999,100,30000000
142112,2,decrescimo,23901,10,122,6202,4166,91,DISTRITO FEDERAL (INTEIRO),339039,100,45723800
142112,3,acrescimo,18101,12,122,6221,9068,352,DISTRITO FEDERAL (INTEIRO),335043,100,75723800
142113,1,decrescimo,90101,99,999,9999,9999,2,DISTRITO FEDERAL (INTEIRO),999999,100,33500000
142113,2,acrescimo,18101,12,122,6221,9068,356,DISTRITO FEDERAL (INTEIRO),445042,100,33500000
142114,1,decrescimo,90101,99,999,9999,9999,2,DISTRITO FEDERAL (INTEIRO),999999,100,80000000
142114,2,acrescimo,17902,8,244,6228,4188,20772,DISTRITO FEDERAL (INTEIRO),335043,100,80000000
142115,1,decrescimo,90101,99,999,9999,9999,2,DISTRITO FEDERAL (INTEIRO),999999,100,16000000
142115,2,acrescimo,22201,15,451,6206,1950,20774,DISTRITO FEDERAL (INTEIRO),449052,100,16000000
142116,1,decrescimo,90101,99,999,9999,9999,2,DISTRITO FEDERAL (INTEIRO),999999,100,80000000
142116,2,acrescimo,22201,15,451,6206,3048,20775,DISTRITO FEDERAL (INTEIRO),339039,100,80000000
142117,1,decrescimo,90101,99,999,9999,9999,2,DISTRITO FEDERAL (INTEIRO),999999,100,50500000
142117,2,acrescimo,34101,27,812,6206,1079,20746,VII,449051,100,50500000
142118,1,decrescimo,90101,99,999,9999,9999,2,DISTRITO FEDERAL (INTEIRO),999999,100,34000000
142118,2,acrescimo,34101,27,812,6206,9080,215,DISTRITO FEDERAL (INTEIRO),335041,100,34000000
142119,1,decrescimo,9104,25,752,6209,1836,7086,II,449051,100,15000000
142119,2,acrescimo,9105,25,752,6209,8507,20784,III,339039,100,15000000
142120,1,decrescimo,23901,10,122,6202,4166,72,DISTRITO FEDERAL (INTEIRO),339039,100,90000000
142120,2,acrescimo,23901,10,122,6202,4166,20762,DISTRITO FEDERAL (INTEIRO),449052,100,90000000
142121,1,decrescimo,9104,25,752,6209,1836,7086,II,449051,100,5000000
142121,2,acrescimo,22201,15,452,6209,8508,20787,III,339030,100,5000000
142122,1,decrescimo,27101,23,695,6207,9085,86,DISTRITO FEDERAL (INTEIRO),335041,100,10000000
142122,2,acrescimo,27101,23,695,6207,9085,20764,DISTRITO FEDERAL (INTEIRO),335041,100,10000000
142123,1,decrescimo,44101,14,243,6211,9078,67,DISTRITO FEDERAL (INTEIRO),335043,100,15000000
142123,2,decrescimo,9108,25,752,6209,1836,7088,VI,449051,100,35000000
142123,3,acrescimo,9123,4,122,8205,2396,20789,XXI,339039,100,50000000
142124,1,decrescimo,23901,10,122,8202,8517,217,DISTRITO FEDERAL (INTEIRO),339039,100,20000000
142124,2,acrescimo,23901,10,122,6202,4166,72,DISTRITO FEDERAL (INTEIRO),339039,100,20000000
142125,1,decrescimo,23901,10,302,6202,3736,7,DISTRITO FEDERAL (INTEIRO),449051,100,50000000
142125,2,acrescimo,23901,10,302,6202,9107,20766,DISTRITO FEDERAL (INTEIRO),449052,100,50000000
142126,1,decrescimo,23901,10,122,8203,2422,9658,DISTRITO FEDERAL (INTEIRO),339018,100,30000000
142126,2,acrescimo,14203,20,511,6210,3043,20793,DISTRITO FEDERAL (INTEIRO),339039,100,30000000
142127,1,decrescimo,23901,10,122,8203,2422,9658,DISTRITO FEDERAL (INTEIRO),339018,100,20000000
142127,2,acrescimo,9117,4,128,8205,8517,20799,XV,339039,100,20000000
142128,1,decrescimo,23901,10,122,8203,2422,9658,DISTRITO FEDERAL (INTEIRO),339018,100,10000000
142128,2,acrescimo,9117,4,128,8205,8517,20778,XV,339030,100,10000000
142129,1,decrescimo,23901,10,122,8203,2422,9658,DISTRITO FEDERAL (INTEIRO),339018,100,10000000
142129,2,acrescimo,9117,4,128,8205,8517,20779,XV,449052,100,10000000
142130,1,decrescimo,23901,10,122,8203,2422,9658,DISTRITO FEDERAL (INTEIRO),339018,100,10000000
142130,2,acrescimo,9117,4,451,8205,3903,20781,XV,339039,100,10000000
142131,1,decrescimo,9104,25,752,6209,1836,7086,II,449051,100,20000000
142131,2,acrescimo,9117,4,451,8205,3903,20782,XV,449051,100,20000000
142132,1,decrescimo,9104,25,752,6209,1836,7086,II,449051,100,10000000
142132,2,acrescimo,9117,4,451,8205,3903,20783,XV,339030,100,10000000
142133,1,decrescimo,90101,99,999,9999,9999,2,DISTRITO FEDERAL (INTEIRO),999999,100,20000000
142133,2,acrescimo,27101,23,695,6207,9085,20788,DISTRITO FEDERAL (INTEIRO),335041,100,20000000
142134,1,decrescimo,90101,99,999,9999,9999,2,DISTRITO FEDERAL (INTEIRO),999999,100,50000000
142134,2,acrescimo,22201,17,512,6209,2903,7,IX,339039,100,50000000
142135,1,decrescimo,90101,99,999,9999,9999,2,DISTRITO FEDERAL (INTEIRO),999999,100,16000000
142135,2,acrescimo,22201,15,451,6206,3596,20801,DISTRITO FEDERAL (INTEIRO),449052,100,16000000
142136,1,decrescimo,90101,99,999,9999,9999,2,DISTRITO FEDERAL (INTEIRO),999999,100,31867300
142136,2,acrescimo,9107,4,122,8205,3903,20802,V,339039,100,31867300
142137,1,decrescimo,23901,10,301,6202,9107,9,DISTRITO FEDERAL (INTEIRO),335041,100,10000000
142137,2,acrescimo,60101,14,243,6211,9078,20803,DISTRITO FEDERAL (INTEIRO),335041,100,10000000
142138,1,decrescimo,90101,99,999,9999,9999,2,DISTRITO FEDERAL (INTEIRO),999999,100,230000000
142138,2,acrescimo,16101,13,392,6219,9075,4,DISTRITO FEDERAL (INTEIRO),335041,100,230000000
142139,1,decrescimo,18101,12,122,6221,9068,339,DISTRITO FEDERAL (INTEIRO),335043,100,56735000
142139,2,acrescimo,18101,12,122,6221,9068,339,DISTRITO FEDERAL (INTEIRO),445042,100,56735000
142140,1,decrescimo,26101,26,451,6216,1506,2502,DISTRITO FEDERAL (INTEIRO),449051,100,20000000
142140,2,acrescimo,16101,13,392,6219,9075,291,DISTRITO FEDERAL (INTEIRO),335041,100,20000000
142141,1,decrescimo,17101,8,244,6228,9073,28,DISTRITO FEDERAL (INTEIRO),335043,100,30000000
142141,2,acrescimo,9107,4,122,8205,3903,67,V,339039,100,30000000
142142,1,decrescimo,17101,8,244,6228,9073,28,DISTRITO FEDERAL (INTEIRO),335043,100,5000000
142142,2,acrescimo,34101,27,812,6206,9080,194,DISTRITO FEDERAL (INTEIRO),335041,100,5000000
142143,1,decrescimo,22201,15,451,6209,1110,9997,DISTRITO FEDERAL (INTEIRO),459051,100,15000000
142143,2,acrescimo,17101,8,244,6228,9073,20806,DISTRITO FEDERAL (INTEIRO),335043,100,15000000
142144,1,decrescimo,34101,27,812,6206,9080,214,DISTRITO FEDERAL (INTEIRO),335041,100,20000000
142144,2,acrescimo,34101,27,811,6206,2631,20807,DISTRITO FEDERAL (INTEIRO),339033,100,20000000
142145,1,decrescimo,90101,99,999,9999,9999,2,DISTRITO FEDERAL (INTEIRO),999999,100,50000000
142145,2,acrescimo,60101,14,243,6211,9078,20786,DISTRITO FEDERAL (INTEIRO),335041,100,50000000
142146,1,decrescimo,90101,99,999,9999,9999,2,DISTRITO FEDERAL (INTEIRO),999999,100,25000000
142146,2,acrescimo,16101,13,392,6219,9075,20790,DISTRITO FEDERAL (INTEIRO),335041,100,25000000
142147,1,decrescimo,90101,99,999,9999,9999,2,DISTRITO FEDERAL (INTEIRO),999999,100,44000000
142147,2,acrescimo,57101,14,422,6211,9107,292,DISTRITO FEDERAL (INTEIRO),335041,100,44000000
142148,1,decrescimo,22201,15,451,6209,1110,377,DISTRITO FEDERAL (INTEIRO),449051,100,30000000
142148,2,acrescimo,21208,18,542,6210,9088,20767,DISTRITO FEDERAL (INTEIRO),335041,100,30000000
142149,1,decrescimo,90101,99,999,9999,9999,2,DISTRITO FEDERAL (INTEIRO),999999,100,98000000
142149,2,acrescimo,34101,27,812,6206,9080,208,DISTRITO FEDERAL (INTEIRO),335041,100,98000000
142150,1,decrescimo,22201,15,451,6209,1110,377,DISTRITO FEDERAL (INTEIRO),449051,100,5000000
142150,2,acrescimo,57101,14,422,6211,9107,20769,DISTRITO FEDERAL (INTEIRO),335041,100,5000000
142151,1,decrescimo,22201,15,451,6209,1110,377,DISTRITO FEDERAL (INTEIRO),449051,100,15000000
142151,2,acrescimo,25101,11,333,6207,9107,20771,DISTRITO FEDERAL (INTEIRO),335041,100,15000000
142152,1,decrescimo,90101,99,999,9999,9999,2,DISTRITO FEDERAL (INTEIRO),999999,100,159000000
142152,2,acrescimo,18101,12,122,6221,9068,303,DISTRITO FEDERAL (INTEIRO),335043,100,159000000
142153,1,decrescimo,90101,99,999,9999,9999,2,DISTRITO FEDERAL (INTEIRO),999999,100,141000000
142153,2,acrescimo,18101,12,122,6221,9068,309,DISTRITO FEDERAL (INTEIRO),445042,100,141000000
142154,1,decrescimo,90101,99,999,9999,9999,2,DISTRITO FEDERAL (INTEIRO),999999,100,50000000
142154,2,acrescimo,23901,10,122,6202,4166,20751,DISTRITO FEDERAL (INTEIRO),339039,100,50000000
142155,1,decrescimo,90101,99,999,9999,9999,2,DISTRITO FEDERAL (INTEIRO),999999,100,50000000
142155,2,acrescimo,23901,10,122,6202,4166,20752,DISTRITO FEDERAL (INTEIRO),339039,100,50000000
142156,1,decrescimo,22201,15,451,6209,1110,377,DISTRITO FEDERAL (INTEIRO),449051,100,30000000
142156,2,acrescimo,40101,19,573,6207,9107,20776,DISTRITO FEDERAL (INTEIRO),335041,100,30000000
142157,1,decrescimo,90101,99,999,9999,9999,2,DISTRITO FEDERAL (INTEIRO),999999,100,50000000
142157,2,acrescimo,23901,10,122,6202,4166,20753,DISTRITO FEDERAL (INTEIRO),339039,100,50000000
142158,1,decrescimo,17101,8,242,6228,9107,294,DISTRITO FEDERAL (INTEIRO),335041,100,16900000
142158,2,acrescimo,17101,8,244,6228,9073,20626,DISTRITO FEDERAL (INTEIRO),335043,100,16900000
142159,1,decrescimo,64101,6,421,6217,9107,293,DISTRITO FEDERAL (INTEIRO),335041,100,10000000
142159,2,acrescimo,9103,15,451,6206,3596,20754,I,449051,100,10000000
142160,1,decrescimo,22201,15,451,6206,1950,32,XV,449051,100,40000000
142160,2,acrescimo,9117,15,451,6206,1950,20627,XV,449051,100,40000000
142161,1,decrescimo,64101,6,421,6217,9107,293,DISTRITO FEDERAL (INTEIRO),335041,100,40000000
142161,2,acrescimo,25101,11,333,6207,9107,20628,DISTRITO FEDERAL (INTEIRO),335041,100,40000000
142162,1,decrescimo,22201,15,451,6209,1110,377,DISTRITO FEDERAL (INTEIRO),449051,100,10000000
142162,2,acrescimo,18101,12,122,6221,9107,20780,DISTRITO FEDERAL (INTEIRO),335041,100,10000000
142163,1,decrescimo,90101,99,999,9999,9999,2,DISTRITO FEDERAL (INTEIRO),999999,100,208000000
142163,2,acrescimo,16101,13,392,6219,9075,321,DISTRITO FEDERAL (INTEIRO),335041,100,208000000
142164,1,decrescimo,22201,15,451,6209,1110,377,DISTRITO FEDERAL (INTEIRO),449051,100,2300000
142164,2,acrescimo,16101,13,392,6219,9075,321,DISTRITO FEDERAL (INTEIRO),335041,100,2300000
142165,1,decrescimo,22201,15,451,6209,1110,377,DISTRITO FEDERAL (INTEIRO),449051,100,15000000
142165,2,acrescimo,44101,14,422,6211,9107,20804,DISTRITO FEDERAL (INTEIRO),335041,100,15000000
142166,1,decrescimo,90101,99,999,9999,9999,2,DISTRITO FEDERAL (INTEIRO),999999,100,20000000
142166,2,acrescimo,16101,13,392,6219,9075,20791,DISTRITO FEDERAL (INTEIRO),335041,100,20000000
142167,1,decrescimo,90101,99,999,9999,9999,2,DISTRITO FEDERAL (INTEIRO),999999,100,30000000
142167,2,acrescimo,9111,18,544,6210,3266,20792,IX,449051,100,30000000
142168,1,decrescimo,90101,99,999,9999,9999,2,DISTRITO FEDERAL (INTEIRO),999999,100,25000000
142168,2,acrescimo,9111,15,451,6206,3596,20805,IX,449051,100,25000000
142169,1,decrescimo,90101,99,999,9999,9999,2,DISTRITO FEDERAL (INTEIRO),999999,100,80000000
142169,2,acrescimo,22201,15,451,6206,3596,20808,DISTRITO FEDERAL (INTEIRO),449052,100,80000000
142170,1,decrescimo,44101,14,243,6211,2579,44,DISTRITO FEDERAL (INTEIRO),339039,100,50000000
142170,2,acrescimo,44101,14,422,6211,9107,20810,DISTRITO FEDERAL (INTEIRO),335041,100,50000000
142171,1,decrescimo,23901,10,122,8202,2396,5430,DISTRITO FEDERAL (INTEIRO),339039,100,75000000
142171,2,acrescimo,25101,11,333,6207,9107,299,DISTRITO FEDERAL (INTEIRO),335041,100,75000000
142172,1,decrescimo,26205,15,451,6216,3467,9664,DISTRITO FEDERAL (INTEIRO),449052,100,50000000
142172,2,decrescimo,22201,15,452,6209,8508,9243,DISTRITO FEDERAL (INTEIRO),449052,100,38000000
142172,3,decrescimo,22201,15,451,6209,1110,9560,DISTRITO FEDERAL (INTEIRO),449051,100,200000
142172,4,acrescimo,14101,20,845,6201,9107,203,DISTRITO FEDERAL (INTEIRO),335041,100,88200000
142173,1,decrescimo,24104,6,181,8217,8502,8931,DISTRITO FEDERAL (INTEIRO),319004,100,30000000
142173,2,decrescimo,9111,15,752,6209,8507,6547,IX,339039,100,7800000
142173,3,acrescimo,22214,15,452,6209,2079,20811,DISTRITO FEDERAL (INTEIRO),449052,100,37800000
142174,1,decrescimo,23901,10,122,6202,4166,78,DISTRITO FEDERAL (INTEIRO),339039,100,30000000
142174,2,acrescimo,18101,12,122,6221,9068,337,DISTRITO FEDERAL (INTEIRO),445042,100,30000000
142175,1,decrescimo,23901,10,122,6202,4166,78,DISTRITO FEDERAL (INTEIRO),339039,100,5700000
142175,2,acrescimo,23901,10,122,6202,4166,78,DISTRITO FEDERAL (INTEIRO),449052,100,5700000
142176,1,decrescimo,23901,10,301,6202,4208,5615,DISTRITO FEDERAL (INTEIRO),449052,100,20000000
142176,2,decrescimo,48101,3,122,6211,3030,4,DISTRITO FEDERAL (INTEIRO),449052,100,30000000
142176,3,decrescimo,9114,15,752,6209,8507,6549,XII,339039,100,4770000
142176,4,decrescimo,23901,10,122,8202,2396,5430,DISTRITO FEDERAL (INTEIRO),339039,100,25000000
142176,5,decrescimo,22201,15,451,6209,1110,9560,DISTRITO FEDERAL (INTEIRO),449051,100,20230000
142176,6,acrescimo,16101,13,392,6219,9075,20812,DISTRITO FEDERAL (INTEIRO),335041,100,100000000
142177,1,decrescimo,23901,10,122,6202,4166,78,DISTRITO FEDERAL (INTEIRO),339039,100,17300000
142177,2,decrescimo,22201,15,451,6209,1110,9560,DISTRITO FEDERAL (INTEIRO),449051,100,5505000
142177,3,decrescimo,9111,15,752,6209,8507,6547,IX,339039,100,2200000
142177,4,acrescimo,27101,23,695,6207,9085,75,DISTRITO FEDERAL (INTEIRO),335041,100,25005000
142178,1,decrescimo,9114,15,752,6209,8507,6549,XII,339039,100,25230000
142178,2,acrescimo,26205,26,782,6217,4197,20809,DISTRITO FEDERAL (INTEIRO),339030,100,25230000
142179,1,decrescimo,14203,20,606,6201,3724,16,DISTRITO FEDERAL (INTEIRO),449051,100,20000000
142179,2,acrescimo,14203,20,511,6210,3043,20813,DISTRITO FEDERAL (INTEIRO),339039,100,20000000
142180,1,decrescimo,22201,15,451,6209,1110,395,DISTRITO FEDERAL (INTEIRO),339039,100,80000000
142180,2,decrescimo,22201,15,451,6209,1110,395,DISTRITO FEDERAL (INTEIRO),449051,100,50000000
142180,3,acrescimo,18101,12,122,6221,9068,20630,DISTRITO FEDERAL (INTEIRO),445042,100,130000000
142181,1,decrescimo,9131,15,451,6209,1110,6,XXIX,449051,100,15000000
142181,2,acrescimo,9127,4,122,8205,8517,20814,XXIX,449052,100,15000000
142182,1,decrescimo,22201,15,452,6209,8508,9244,DISTRITO FEDERAL (INTEIRO),339039,100,5000000
142182,2,acrescimo,25101,11,128,8207,4088,5,DISTRITO FEDERAL (INTEIRO),339039,100,5000000
142183,1,decrescimo,26101,26,782,6216,7220,2,DISTRITO FEDERAL (INTEIRO),449051,100,20000000
142183,2,acrescimo,60101,14,422,6211,9107,20815,DISTRITO FEDERAL (INTEIRO),335043,100,20000000
142184,1,decrescimo,90101,99,999,9999,9999,2,DISTRITO FEDERAL (INTEIRO),999999,100,40030000
142184,2,acrescimo,18101,12,122,6221,9068,309,DISTRITO FEDERAL (INTEIRO),445042,100,40030000
142185,1,decrescimo,90101,99,999,9999,9999,2,DISTRITO FEDERAL (INTEIRO),999999,100,50000000
142185,2,acrescimo,23901,10,122,6202,4166,20816,DISTRITO FEDERAL (INTEIRO),339039,100,50000000
142186,1,decrescimo,90101,99,999,9999,9999,2,DISTRITO FEDERAL (INTEIRO),999999,100,50000000
142186,2,acrescimo,23901,10,122,6202,4166,20817,DISTRITO FEDERAL (INTEIRO),339039,100,50000000
142187,1,decrescimo,90101,99,999,9999,9999,2,DISTRITO FEDERAL (INTEIRO),999999,100,50000000
142187,2,acrescimo,23901,10,122,6202,4166,20819,DISTRITO FEDERAL (INTEIRO),339039,100,50000000
142188,1,decrescimo,90101,99,999,9999,9999,2,DISTRITO FEDERAL (INTEIRO),999999,100,208000000
142188,2,acrescimo,16101,13,392,6219,9075,321,DISTRITO FEDERAL (INTEIRO),335041,100,208000000
142189,1,decrescimo,90101,99,999,9999,9999,2,DISTRITO FEDERAL (INTEIRO),999999,100,20000000
142189,2,acrescimo,16101,13,392,6219,9075,20820,DISTRITO FEDERAL (INTEIRO),335041,100,20000000
142190,1,decrescimo,90101,99,999,9999,9999,2,DISTRITO FEDERAL (INTEIRO),999999,100,30000000
142190,2,acrescimo,9111,18,544,6210,3266,20821,IX,449051,100,30000000
142191,1,decrescimo,34101,27,812,6206,9080,179,DISTRITO FEDERAL (INTEIRO),335041,100,25000000
142191,2,acrescimo,9111,15,451,6206,3596,20823,IX,449051,100,25000000
142192,1,decrescimo,18101,12,122,6221,9068,369,DISTRITO FEDERAL (INTEIRO),449052,100,50000000
142192,2,acrescimo,16101,13,392,6219,9075,20825,DISTRITO FEDERAL (INTEIRO),335043,100,50000000
142193,1,decrescimo,24103,6,181,6217,3029,33,DISTRITO FEDERAL (INTEIRO),449052,100,50000000
142193,2,acrescimo,21208,18,541,6210,9107,20826,DISTRITO FEDERAL (INTEIRO),335043,100,50000000
142194,1,decrescimo,22201,15,451,6206,1950,31,XXXII.2,449051,100,20000000
142194,2,acrescimo,23901,10,301,8202,2396,128,DISTRITO FEDERAL (INTEIRO),339039,100,20000000
142195,1,decrescimo,22201,15,451,6206,1950,31,XXXII.2,449051,100,75000000
142195,2,acrescimo,23901,10,122,6202,4166,108,DISTRITO FEDERAL (INTEIRO),339030,100,75000000
142196,1,decrescimo,23901,10,122,6202,4166,110,DISTRITO FEDERAL (INTEIRO),449052,100,10000000
142196,2,acrescimo,23901,10,122,6202,4166,110,DISTRITO FEDERAL (INTEIRO),339030,100,10000000
142197,1,decrescimo,90101,99,999,9999,9999,2,DISTRITO FEDERAL (INTEIRO),999999,100,80000000
142197,2,acrescimo,22201,15,451,6209,1110,20911,DISTRITO FEDERAL (INTEIRO),449051,100,80000000
142198,1,decrescimo,90101,99,999,9999,9999,2,DISTRITO FEDERAL (INTEIRO),999999,100,32000000
142198,2,acrescimo,9117,15,812,6206,1079,20915,XV,449051,100,32000000
142199,1,decrescimo,90101,99,999,9999,9999,2,DISTRITO FEDERAL (INTEIRO),999999,100,36000000
142199,2,acrescimo,9103,25,752,6209,1836,20912,I,449051,100,36000000
142200,1,decrescimo,90101,99,999,9999,9999,2,DISTRITO FEDERAL (INTEIRO),999999,100,51500000
142200,2,acrescimo,22201,15,451,6206,3048,20913,IX,339039,100,51500000
142201,1,decrescimo,90101,99,999,9999,9999,2,DISTRITO FEDERAL (INTEIRO),999999,100,7000000
142201,2,acrescimo,9117,15,752,6209,8507,20914,XV,339039,100,7000000
142202,1,decrescimo,90101,99,999,9999,9999,2,DISTRITO FEDERAL (INTEIRO),999999,100,191530000
142202,2,acrescimo,18101,12,122,6221,9068,303,DISTRITO FEDERAL (INTEIRO),335043,100,191530000
142203,1,decrescimo,90101,99,999,9999,9999,2,DISTRITO FEDERAL (INTEIRO),999999,100,100000000
142203,2,acrescimo,18101,12,122,6221,9068,309,DISTRITO FEDERAL (INTEIRO),445042,100,100000000
142204,1,decrescimo,90101,99,999,9999,9999,2,DISTRITO FEDERAL (INTEIRO),999999,100,30000000
142204,2,acrescimo,9111,18,544,6210,3266,20916,IX,449051,100,30000000
142205,1,decrescimo,90101,99,999,9999,9999,2,DISTRITO FEDERAL (INTEIRO),999999,100,25000000
142205,2,acrescimo,9111,15,451,6206,3596,20917,IX,449051,100,25000000
142206,1,decrescimo,17101,8,243,6228,9107,15,II,335041,100,15000000
142206,2,decrescimo,44101,8,244,6228,9107,298,DISTRITO FEDERAL (INTEIRO),335041,100,10000000
142206,3,acrescimo,18101,12,122,6221,9068,342,DISTRITO FEDERAL (INTEIRO),335043,100,25000000
142207,1,decrescimo,9112,15,451,6206,4170,15,X,339039,100,12500000
142207,2,decrescimo,9112,15,451,6206,4092,6,X,339039,100,27500000
142207,3,acrescimo,9112,15,451,6209,1110,369,X,449051,100,40000000
142208,1,decrescimo,9112,15,451,6206,4170,15,X,339039,100,57500000
142208,2,decrescimo,26101,26,451,6216,1506,14,X,449051,100,7000000
142208,3,acrescimo,23901,10,122,6202,4166,88,DISTRITO FEDERAL (INTEIRO),339030,100,64500000
142209,1,decrescimo,16101,13,392,6219,4023,1,DISTRITO FEDERAL (INTEIRO),339039,100,20000000
142209,2,acrescimo,18101,12,122,6221,9068,351,DISTRITO FEDERAL (INTEIRO),335043,100,20000000
142210,1,decrescimo,16101,13,392,6219,9075,4,DISTRITO FEDERAL (INTEIRO),335041,100,30000000
142210,2,acrescimo,18101,12,122,6221,9068,345,DISTRITO FEDERAL (INTEIRO),445042,100,30000000
142211,1,decrescimo,16101,13,392,6219,9075,327,DISTRITO FEDERAL (INTEIRO),335041,100,16000000
142211,2,acrescimo,18101,12,122,6221,9068,351,DISTRITO FEDERAL (INTEIRO),335043,100,16000000
142212,1,decrescimo,22101,15,752,6209,8507,94,DISTRITO FEDERAL (INTEIRO),339039,100,27800000
142212,2,acrescimo,22201,15,451,6209,1110,388,DISTRITO FEDERAL (INTEIRO),449051,100,27800000
142213,1,decrescimo,34101,27,812,6206,9080,220,DISTRITO FEDERAL (INTEIRO),335041,100,40000000
142213,2,acrescimo,22201,15,451,6209,1110,388,DISTRITO FEDERAL (INTEIRO),449051,100,40000000
142214,1,decrescimo,21208,18,541,6210,9121,17,DISTRITO FEDERAL (INTEIRO),335041,100,30000000
142214,2,acrescimo,22201,15,451,6209,1110,388,DISTRITO FEDERAL (INTEIRO),449051,100,30000000
142215,1,decrescimo,44101,14,422,6211,9107,318,DISTRITO FEDERAL (INTEIRO),335042,100,10000000
142215,2,acrescimo,22201,15,451,6209,1110,388,DISTRITO FEDERAL (INTEIRO),449051,100,10000000
142216,1,decrescimo,14203,20,606,6201,2173,58,DISTRITO FEDERAL (INTEIRO),449052,100,5000000
142216,2,acrescimo,22201,15,451,6209,1110,388,DISTRITO FEDERAL (INTEIRO),449051,100,5000000
142217,1,decrescimo,9114,15,752,6209,8507,6549,XII,339039,100,8700000
142217,2,decrescimo,14203,20,122,8201,3903,99,II,449051,100,60000000
142217,3,acrescimo,18101,12,122,6221,9068,337,DISTRITO FEDERAL (INTEIRO),445042,100,68700000
142218,1,decrescimo,23901,10,305,6202,9107,345,DISTRITO FEDERAL (INTEIRO),335042,100,100000000
142218,2,acrescimo,27101,23,695,6207,9085,76,DISTRITO FEDERAL (INTEIRO),335041,100,100000000
142219,1,decrescimo,44101,14,422,6211,9107,320,DISTRITO FEDERAL (INTEIRO),335041,100,3900000
142219,2,decrescimo,34101,27,812,6206,9080,186,DISTRITO FEDERAL (INTEIRO),335041,100,10000000
142219,3,acrescimo,16101,13,392,6219,9075,341,DISTRITO FEDERAL (INTEIRO),335041,100,13900000
142220,1,decrescimo,21208,18,541,6210,4094,8,DISTRITO FEDERAL (INTEIRO),339039,100,15000000
142220,2,decrescimo,9105,13,392,6219,2831,93,III,339039,100,10000000
142220,3,acrescimo,18101,12,122,6221,9068,348,DISTRITO FEDERAL (INTEIRO),445042,100,25000000
142221,1,decrescimo,57101,14,122,6211,9107,284,DISTRITO FEDERAL (INTEIRO),335041,100,15000000
142221,2,decrescimo,17101,8,244,6228,9107,283,DISTRITO FEDERAL (INTEIRO),335043,100,10000000
142221,3,acrescimo,18101,12,122,6221,9068,310,DISTRITO FEDERAL (INTEIRO),335043,100,25000000
142222,1,decrescimo,28209,16,482,6208,4187,1,DISTRITO FEDERAL (INTEIRO),339048,100,250000000
142222,2,acrescimo,22201,15,451,6209,1110,7,DISTRITO FEDERAL (INTEIRO),449051,100,250000000
142223,1,decrescimo,23901,10,122,6202,4166,100,DISTRITO FEDERAL (INTEIRO),449052,100,35000000
142223,2,acrescimo,60101,14,422,6211,9107,316,DISTRITO FEDERAL (INTEIRO),335041,100,35000000
142224,1,decrescimo,23901,10,122,8202,2396,126,DISTRITO FEDERAL (INTEIRO),339039,100,50000000
142224,2,acrescimo,27101,23,695,6207,9085,94,DISTRITO FEDERAL (INTEIRO),335041,100,50000000
142225,1,decrescimo,9111,15,451,6209,1110,15,IX,449051,100,100000000
142225,2,acrescimo,22201,15,451,6209,1110,9562,DISTRITO FEDERAL (INTEIRO),449051,100,100000000
142226,1,decrescimo,9114,25,752,6209,1836,7095,XII,449051,100,12291500
142226,2,acrescimo,9114,25,752,6209,1836,7095,XII,339039,100,12291500
142227,1,decrescimo,34101,27,811,6206,9080,221,DISTRITO FEDERAL (INTEIRO),335041,100,10000000
142227,2,acrescimo,20101,11,333,6207,4089,20900,DISTRITO FEDERAL (INTEIRO),339039,100,10000000
142228,1,decrescimo,23901,10,302,6202,9107,334,DISTRITO FEDERAL (INTEIRO),449052,100,50000000
142228,2,acrescimo,23901,10,302,6202,9107,20899,DISTRITO FEDERAL (INTEIRO),445052,100,50000000
142229,1,decrescimo,9104,15,752,6209,8507,112,II,339039,100,800000
142229,2,decrescimo,16101,13,392,6219,9075,341,DISTRITO FEDERAL (INTEIRO),335041,100,11000000
142229,3,decrescimo,34101,27,812,6206,9080,186,DISTRITO FEDERAL (INTEIRO),335041,100,16300000
142229,4,decrescimo,9123,15,752,6209,1836,137,XXI,449051,100,130000
142229,5,acrescimo,27101,27,392,6219,9075,20902,DISTRITO FEDERAL (INTEIRO),335041,100,28230000
142230,1,decrescimo,57101,14,422,6211,9116,5,DISTRITO FEDERAL (INTEIRO),335042,100,25000000
142230,2,acrescimo,16101,13,392,6219,9075,331,DISTRITO FEDERAL (INTEIRO),335041,100,25000000
142231,1,decrescimo,23901,10,122,6202,4166,95,DISTRITO FEDERAL (INTEIRO),339039,100,30000000
142231,2,acrescimo,23901,10,302,6202,9107,317,DISTRITO FEDERAL (INTEIRO),335041,100,30000000
142232,1,decrescimo,23901,10,122,6202,4166,95,DISTRITO FEDERAL (INTEIRO),339039,100,100000000
142232,2,acrescimo,23901,10,303,6202,4216,20901,DISTRITO FEDERAL (INTEIRO),339032,100,100000000
142233,1,decrescimo,57101,14,422,6211,9116,5,DISTRITO FEDERAL (INTEIRO),335042,100,25000000
142233,2,acrescimo,44101,14,422,6211,9107,318,DISTRITO FEDERAL (INTEIRO),335041,100,25000000
142234,1,decrescimo,14101,20,845,6201,9107,330,DISTRITO FEDERAL (INTEIRO),335041,100,30000000
142234,2,acrescimo,14101,20,608,6201,2889,20903,DISTRITO FEDERAL (INTEIRO),339039,100,30000000
142235,1,decrescimo,23901,10,302,6202,2145,18,DISTRITO FEDERAL (INTEIRO),339039,100,35000000
142235,2,acrescimo,21101,18,541,6210,9121,20904,DISTRITO FEDERAL (INTEIRO),335041,100,35000000
142236,1,decrescimo,23901,10,302,6202,2145,18,DISTRITO FEDERAL (INTEIRO),339039,100,20000000
142236,2,acrescimo,16101,13,392,6219,9075,20905,DISTRITO FEDERAL (INTEIRO),335041,100,20000000
142237,1,decrescimo,16101,13,392,6219,9075,328,DISTRITO FEDERAL (INTEIRO),335041,100,20000000
142237,2,decrescimo,9105,13,392,6219,2831,93,III,339039,100,10000000
142237,3,decrescimo,18101,12,361,6221,9107,342,DISTRITO FEDERAL (INTEIRO),335043,100,25000000
142237,4,acrescimo,18101,12,122,6221,9068,310,DISTRITO FEDERAL (INTEIRO),335043,100,55000000
142238,1,decrescimo,23901,10,122,6202,4166,88,DISTRITO FEDERAL (INTEIRO),449052,100,15000000
142238,2,acrescimo,27101,23,695,6207,9085,90,DISTRITO FEDERAL (INTEIRO),335041,100,15000000
142239,1,decrescimo,23901,10,122,6202,4166,88,DISTRITO FEDERAL (INTEIRO),449052,100,15000000
142239,2,decrescimo,23901,10,122,6202,4166,88,DISTRITO FEDERAL (INTEIRO),339039,100,5000000
142239,3,acrescimo,18101,12,122,6221,9068,299,DISTRITO FEDERAL (INTEIRO),335043,100,20000000
142240,1,decrescimo,23901,10,122,6202,4166,88,DISTRITO FEDERAL (INTEIRO),449052,100,20000000
142240,2,acrescimo,34101,4,122,8206,8517,20907,DISTRITO FEDERAL (INTEIRO),449052,100,20000000
142241,1,decrescimo,23901,10,122,6202,4166,88,DISTRITO FEDERAL (INTEIRO),339039,100,4999800
142241,2,acrescimo,34101,4,122,8206,8517,20908,DISTRITO FEDERAL (INTEIRO),339030,100,4999800
142242,1,decrescimo,48101,3,122,6211,3030,2,DISTRITO FEDERAL (INTEIRO),449052,100,35000000
142242,2,acrescimo,18101,12,122,6221,9068,20909,V,335043,100,35000000
142243,1,decrescimo,23901,10,122,6202,4166,100,DISTRITO FEDERAL (INTEIRO),449052,100,10000000
142243,2,acrescimo,60101,14,422,6211,9107,316,DISTRITO FEDERAL (INTEIRO),335041,100,10000000
142244,1,decrescimo,23901,10,122,6202,4166,100,DISTRITO FEDERAL (INTEIRO),449052,100,40000000
142244,2,acrescimo,18101,12,122,6221,9068,353,III,335043,100,40000000
142245,1,decrescimo,26101,26,451,6216,1506,15,DISTRITO FEDERAL (INTEIRO),449051,100,30000000
142245,2,acrescimo,18101,12,122,6221,9068,358,DISTRITO FEDERAL (INTEIRO),445042,100,30000000
142246,1,decrescimo,26101,26,451,6216,1506,15,DISTRITO FEDERAL (INTEIRO),449051,100,25000000
142246,2,acrescimo,27101,23,695,6207,9085,79,DISTRITO FEDERAL (INTEIRO),335041,100,25000000
142247,1,decrescimo,9120,15,752,6209,1836,7098,XVIII,449051,100,50000000
142247,2,decrescimo,9108,15,752,6209,8507,95,VI,339039,100,20000000
142247,3,decrescimo,22201,15,451,6209,1110,9559,DISTRITO FEDERAL (INTEIRO),449051,100,30000000
142247,4,decrescimo,18101,12,122,6221,9068,339,DISTRITO FEDERAL (INTEIRO),335043,100,20000000
142247,5,acrescimo,9107,15,752,6209,1836,7087,V,449051,100,120000000
142248,1,decrescimo,34101,14,243,6211,9078,69,DISTRITO FEDERAL (INTEIRO),335041,100,30000000
142248,2,decrescimo,18101,12,361,6221,9107,342,DISTRITO FEDERAL (INTEIRO),335043,100,25000000
142248,3,acrescimo,18101,12,122,6221,9068,310,DISTRITO FEDERAL (INTEIRO),335043,100,55000000
142249,1,decrescimo,22101,15,752,6209,8507,116,XV,339039,100,15000000
142249,2,acrescimo,18101,12,122,6221,9068,348,DISTRITO FEDERAL (INTEIRO),445042,100,15000000
142250,1,decrescimo,9114,25,752,6209,1836,7095,XII,449051,100,12291500
142250,2,acrescimo,9114,25,752,6209,1836,7095,XII,339039,100,12291500
142251,1,decrescimo,9111,15,451,6209,1110,15,IX,449051,100,100000000
142251,2,acrescimo,22201,15,451,6209,1110,20910,IX,449051,100,100000000
142252,1,decrescimo,22201,15,451,6209,1110,8154,DISTRITO FEDERAL (INTEIRO),449051,100,200000000
142252,2,decrescimo,26205,26,782,6216,4195,18,DISTRITO FEDERAL (INTEIRO),339030,100,100000000
142252,3,decrescimo,9110,15,451,6209,1836,7111,VIII,449051,100,100000000
142252,4,decrescimo,9110,4,122,8205,8517,9868,VIII,339039,100,20000000
142252,5,decrescimo,9110,4,122,8205,8517,9868,VIII,339030,100,20000000
142252,6,decrescimo,9119,4,122,8205,8517,9870,XVII,449052,100,50000000
142252,7,decrescimo,23901,10,122,6202,4166,102,DISTRITO FEDERAL (INTEIRO),449052,100,50000000
142252,8,decrescimo,9121,15,451,6206,3902,9569,XIX,449051,100,100000000
142252,9,decrescimo,9119,15,752,6209,8507,6576,XVII,339039,100,60000000
142252,10,acrescimo,90101,99,999,9999,9999,1,DISTRITO FEDERAL (INTEIRO),999999,100,700000000
142253,1,decrescimo,24104,6,181,6217,3029,9544,DISTRITO FEDERAL (INTEIRO),339030,100,100000000
142253,2,decrescimo,24103,6,181,6217,3029,9541,DISTRITO FEDERAL (INTEIRO),449052,100,35000000
142253,3,decrescimo,24101,6,181,6217,3029,9539,DISTRITO FEDERAL (INTEIRO),449052,100,50000000
142253,4,decrescimo,23901,10,122,6202,4166,106,DISTRITO FEDERAL (INTEIRO),339039,100,30000000
142253,5,decrescimo,23901,10,122,6202,4166,106,DISTRITO FEDERAL (INTEIRO),449052,100,20000000
142253,6,decrescimo,23901,10,302,6202,9107,316,DISTRITO FEDERAL (INTEIRO),335043,100,15000000
142253,7,decrescimo,22201,15,452,6209,8508,9253,DISTRITO FEDERAL (INTEIRO),449052,100,100000000
142253,8,decrescimo,22201,15,451,6209,1110,8160,DISTRITO FEDERAL (INTEIRO),449051,100,150000000
142253,9,acrescimo,90101,99,999,9999,9999,1,DISTRITO FEDERAL (INTEIRO),999999,100,500000000
142254,1,decrescimo,45101,4,126,8203,1471,5901,DISTRITO FEDERAL (INTEIRO),449052,100,10000000
142254,2,acrescimo,45101,4,126,8203,1471,20003,DISTRITO FEDERAL (INTEIRO),339040,100,10000000
142255,1,decrescimo,18101,12,122,6221,9068,367,DISTRITO FEDERAL (INTEIRO),445042,100,50000000
142255,2,acrescimo,34101,27,812,6206,9080,224,DISTRITO FEDERAL (INTEIRO),335041,100,50000000
142256,1,decrescimo,18101,12,122,6221,9068,374,DISTRITO FEDERAL (INTEIRO),335043,100,200000000
142256,2,acrescimo,18101,12,122,6221,9068,374,DISTRITO FEDERAL (INTEIRO),445042,100,200000000
142257,1,decrescimo,24105,6,181,6217,3097,5828,DISTRITO FEDERAL (INTEIRO),449051,100,400000000
142257,2,acrescimo,24105,6,181,6217,3098,20004,DISTRITO FEDERAL (INTEIRO),449051,100,400000000
142258,1,decrescimo,64101,6,421,6217,5029,2,DISTRITO FEDERAL (INTEIRO),449051,100,200000000
142258,2,acrescimo,64101,6,422,6217,2726,20005,DISTRITO FEDERAL (INTEIRO),449052,100,200000000
142259,1,decrescimo,22201,15,451,6209,1110,8155,DISTRITO FEDERAL (INTEIRO),449051,100,20000000
142259,2,acrescimo,34101,27,812,6206,9080,20011,DISTRITO FEDERAL (INTEIRO),335041,100,20000000
142260,1,decrescimo,22201,15,451,6209,1110,8155,DISTRITO FEDERAL (INTEIRO),449051,100,15000000
142260,2,acrescimo,16101,13,392,6219,9075,20012,XXXII.2,335041,100,15000000
142261,1,decrescimo,9108,15,752,6209,8507,6562,VI,339039,100,30000000
142261,2,acrescimo,22201,15,451,6209,1110,8153,DISTRITO FEDERAL (INTEIRO),449051,100,30000000
142262,1,decrescimo,9107,15,752,6209,8507,6560,V,339039,100,60000000
142262,2,acrescimo,22201,15,451,6209,1110,8153,DISTRITO FEDERAL (INTEIRO),449051,100,60000000
142263,1,decrescimo,9128,15,752,6209,8507,6581,XXVI,339039,100,60000000
142263,2,acrescimo,22201,15,451,6209,1110,8153,DISTRITO FEDERAL (INTEIRO),449051,100,60000000
142264,1,decrescimo,9136,15,752,6209,8507,6584,XXXII.2,339039,100,60000000
142264,2,acrescimo,22201,15,451,6209,1110,8153,DISTRITO FEDERAL (INTEIRO),449051,100,60000000
142265,1,decrescimo,9107,15,451,6207,3247,9259,V,449051,100,20000000
142265,2,acrescimo,9107,15,451,6207,3247,9259,V,339039,100,20000000
142266,1,decrescimo,9127,15,752,6209,8507,6579,XXV,339039,100,30000000
142266,2,acrescimo,22201,15,451,6209,1110,8153,DISTRITO FEDERAL (INTEIRO),449051,100,30000000
142267,1,decrescimo,9103,15,451,6209,1110,8136,I,339030,100,122000000
142267,2,acrescimo,9103,15,451,6209,1110,20007,I,449051,100,122000000
142268,1,decrescimo,9103,15,752,6209,1836,7105,I,449051,100,100000000
142268,2,acrescimo,40201,19,573,6207,9118,20015,DISTRITO FEDERAL (INTEIRO),445042,100,100000000
142269,1,decrescimo,18101,12,122,6221,9068,372,DISTRITO FEDERAL (INTEIRO),335043,100,50000000
142269,2,acrescimo,27101,23,695,6219,9075,358,DISTRITO FEDERAL (INTEIRO),335041,100,50000000
142270,1,decrescimo,90101,99,999,9999,9999,3,DISTRITO FEDERAL (INTEIRO),999999,100,50000000
142270,2,acrescimo,60101,14,422,6211,9107,20016,DISTRITO FEDERAL (INTEIRO),335041,100,50000000
142271,1,decrescimo,18101,12,122,6221,9068,372,DISTRITO FEDERAL (INTEIRO),335043,100,130000000
142271,2,acrescimo,21101,18,541,6210,9121,20002,DISTRITO FEDERAL (INTEIRO),335041,100,130000000
142272,1,decrescimo,34101,27,812,6206,4091,5931,DISTRITO FEDERAL (INTEIRO),339039,100,200000000
142272,2,acrescimo,34101,27,812,6206,9080,231,DISTRITO FEDERAL (INTEIRO),335041,100,200000000
142273,1,decrescimo,18101,12,122,6221,9068,373,DISTRITO FEDERAL (INTEIRO),445042,100,50000000
142273,2,acrescimo,57101,14,422,6211,9116,20020,DISTRITO FEDERAL (INTEIRO),335041,100,50000000
142274,1,decrescimo,18101,12,122,6221,9068,383,DISTRITO FEDERAL (INTEIRO),335043,100,20000000
142274,2,acrescimo,40201,12,573,6207,9118,20031,DISTRITO FEDERAL (INTEIRO),445042,100,20000000
142275,1,decrescimo,10101,14,243,6211,9078,70,DISTRITO FEDERAL (INTEIRO),335041,100,50000000
142275,2,acrescimo,44101,14,243,6211,9078,20051,DISTRITO FEDERAL (INTEIRO),335041,100,50000000
142276,1,decrescimo,23901,10,301,8202,2396,5444,DISTRITO FEDERAL (INTEIRO),339039,100,40000000
142276,2,acrescimo,23901,10,302,8202,2396,20026,DISTRITO FEDERAL (INTEIRO),339039,100,40000000
142277,1,decrescimo,40101,19,573,6207,9107,335,DISTRITO FEDERAL (INTEIRO),335041,100,15000000
142277,2,decrescimo,57101,14,422,6211,9107,352,DISTRITO FEDERAL (INTEIRO),335041,100,10000000
142277,3,acrescimo,27101,23,695,6207,9085,99,DISTRITO FEDERAL (INTEIRO),335041,100,25000000
142278,1,decrescimo,22201,15,451,6209,1110,8167,DISTRITO FEDERAL (INTEIRO),449051,100,20000000
142278,2,decrescimo,18101,12,122,6221,9068,388,DISTRITO FEDERAL (INTEIRO),335043,100,10000000
142278,3,decrescimo,23901,10,302,6202,9107,310,XIV,445042,100,20000000
142278,4,acrescimo,22101,15,451,6208,1968,20021,XIV,339035,100,50000000
142279,1,decrescimo,25101,11,333,6207,9107,330,DISTRITO FEDERAL (INTEIRO),335041,100,50000000
142279,2,acrescimo,16101,13,392,6219,9075,354,DISTRITO FEDERAL (INTEIRO),335041,100,50000000
142280,1,decrescimo,90101,99,999,9999,9999,1,DISTRITO FEDERAL (INTEIRO),999999,100,250000000
142280,2,acrescimo,9116,25,752,6209,1836,20008,XIV,449051,100,250000000
142281,1,decrescimo,90101,99,999,9999,9999,1,DISTRITO FEDERAL (INTEIRO),999999,100,100000000
142281,2,acrescimo,34101,27,812,6206,9080,20009,DISTRITO FEDERAL (INTEIRO),335041,100,100000000
142282,1,decrescimo,90101,99,999,9999,9999,1,DISTRITO FEDERAL (INTEIRO),999999,100,100000000
142282,2,acrescimo,9129,25,752,6209,1836,20010,XXVII,449051,100,100000000
142283,1,decrescimo,18101,12,122,6221,9068,388,DISTRITO FEDERAL (INTEIRO),445042,100,20000000
142283,2,decrescimo,18101,12,122,6221,9068,388,DISTRITO FEDERAL (INTEIRO),335043,100,20000000
142283,3,decrescimo,22201,15,451,6209,1110,8167,DISTRITO FEDERAL (INTEIRO),449051,100,50000000
142283,4,decrescimo,23901,10,122,6202,4166,119,DISTRITO FEDERAL (INTEIRO),449052,100,20000000
142283,5,decrescimo,23901,10,122,6202,4166,119,DISTRITO FEDERAL (INTEIRO),339039,100,20000000
142283,6,decrescimo,26101,26,451,6216,1506,2504,DISTRITO FEDERAL (INTEIRO),449051,100,40000000
142283,7,decrescimo,22201,15,451,6206,3596,8591,DISTRITO FEDERAL (INTEIRO),449051,100,30000000
142283,8,acrescimo,28209,15,127,6208,4011,26,DISTRITO FEDERAL (INTEIRO),339039,100,200000000
142284,1,decrescimo,22201,15,451,6206,3596,8591,DISTRITO FEDERAL (INTEIRO),449051,100,5000000
142284,2,decrescimo,22214,15,452,6209,2079,6127,DISTRITO FEDERAL (INTEIRO),449052,100,10000000
142284,3,decrescimo,22201,15,451,6206,3596,8590,DISTRITO FEDERAL (INTEIRO),449052,100,20000000
142284,4,decrescimo,17902,8,244,6228,4188,16,DISTRITO FEDERAL (INTEIRO),339039,100,3000000
142284,5,decrescimo,17902,8,244,6228,4188,16,DISTRITO FEDERAL (INTEIRO),339048,100,5000000
142284,6,decrescimo,17902,8,244,6228,4188,16,DISTRITO FEDERAL (INTEIRO),339030,100,2000000
142284,7,acrescimo,22214,15,452,6209,3002,20055,II,449051,100,45000000
142285,1,decrescimo,22201,15,451,6206,4170,23,DISTRITO FEDERAL (INTEIRO),449052,100,250000000
142285,2,acrescimo,16101,13,392,6219,9075,352,DISTRITO FEDERAL (INTEIRO),335041,100,250000000
142286,1,decrescimo,22201,15,451,6206,4170,23,DISTRITO FEDERAL (INTEIRO),449052,100,50000000
142286,2,decrescimo,22201,15,451,6209,1110,8165,DISTRITO FEDERAL (INTEIRO),449051,100,200000000
142286,3,acrescimo,27101,23,695,6207,9085,98,DISTRITO FEDERAL (INTEIRO),335041,100,250000000
142287,1,decrescimo,23901,10,122,6202,4166,113,DISTRITO FEDERAL (INTEIRO),339030,100,50000000
142287,2,decrescimo,22201,15,451,6206,3596,8586,DISTRITO FEDERAL (INTEIRO),449052,100,50000000
142287,3,acrescimo,40101,19,573,6207,9118,32,DISTRITO FEDERAL (INTEIRO),335041,100,100000000
142288,1,decrescimo,23901,10,122,6202,4166,113,DISTRITO FEDERAL (INTEIRO),339030,100,50000000
142288,2,decrescimo,23901,10,122,6202,4166,113,DISTRITO FEDERAL (INTEIRO),449052,100,50000000
142288,3,acrescimo,22214,15,452,6209,2079,20060,DISTRITO FEDERAL (INTEIRO),449052,100,100000000
142289,1,decrescimo,14203,20,511,6210,3043,5610,DISTRITO FEDERAL (INTEIRO),339039,100,25000000
142289,2,acrescimo,14203,20,511,6210,3043,20032,DISTRITO FEDERAL (INTEIRO),339039,100,25000000
142290,1,decrescimo,9103,15,752,6209,1836,7105,I,449051,100,30000000
142290,2,acrescimo,44101,14,422,6211,9107,340,DISTRITO FEDERAL (INTEIRO),335043,100,30000000
142291,1,decrescimo,34101,27,812,6206,9080,237,DISTRITO FEDERAL (INTEIRO),335041,100,25000000
142291,2,acrescimo,25101,11,333,6207,9107,20033,DISTRITO FEDERAL (INTEIRO),335041,100,25000000
142292,1,decrescimo,9117,15,752,6209,8507,6574,XV,339039,100,15000000
142292,2,acrescimo,9117,15,451,6206,3048,20037,XV,339039,100,15000000
142293,1,decrescimo,22201,15,451,6216,3087,7,DISTRITO FEDERAL (INTEIRO),449051,100,80000000
142293,2,acrescimo,22201,17,512,6209,2903,20027,DISTRITO FEDERAL (INTEIRO),339039,100,80000000
142294,1,decrescimo,14101,15,752,6209,1836,7123,DISTRITO FEDERAL (INTEIRO),449051,100,2500000
142294,2,acrescimo,14101,20,606,6201,3467,20040,DISTRITO FEDERAL (INTEIRO),449052,100,2500000
142295,1,decrescimo,40101,19,573,6207,9107,334,DISTRITO FEDERAL (INTEIRO),335041,100,27000000
142295,2,decrescimo,34101,27,812,6206,9080,234,DISTRITO FEDERAL (INTEIRO),335041,100,50000000
142295,3,acrescimo,27101,23,695,6207,9085,91,DISTRITO FEDERAL (INTEIRO),335041,100,77000000
142296,1,decrescimo,14101,15,752,6209,1836,7123,DISTRITO FEDERAL (INTEIRO),449051,100,27500000
142296,2,acrescimo,34101,27,812,6206,9080,234,DISTRITO FEDERAL (INTEIRO),335041,100,27500000
142297,1,decrescimo,17101,8,244,6228,9107,295,DISTRITO FEDERAL (INTEIRO),335043,100,27000000
142297,2,acrescimo,16101,13,392,6219,9075,353,DISTRITO FEDERAL (INTEIRO),335041,100,27000000
142298,1,decrescimo,17101,8,244,6228,9107,295,DISTRITO FEDERAL (INTEIRO),335043,100,43000000
142298,2,acrescimo,44101,14,422,6211,9107,20029,DISTRITO FEDERAL (INTEIRO),335043,100,43000000
142299,1,decrescimo,17101,8,244,6228,9107,295,DISTRITO FEDERAL (INTEIRO),335043,100,15000000
142299,2,acrescimo,25101,11,334,6207,9107,20028,DISTRITO FEDERAL (INTEIRO),335041,100,15000000
142300,1,decrescimo,9105,15,451,8205,3903,9848,III,339030,100,25000000
142300,2,acrescimo,9105,4,122,8205,2396,20082,III,339030,100,25000000
142301,1,decrescimo,9106,15,451,6209,1110,8140,IV,339030,100,100000000
142301,2,acrescimo,18101,12,122,6221,9068,20077,DISTRITO FEDERAL (INTEIRO),335043,100,100000000
142302,1,decrescimo,22201,15,451,6209,1110,8150,DISTRITO FEDERAL (INTEIRO),449051,100,150000000
142302,2,acrescimo,27101,23,695,6207,9085,20080,DISTRITO FEDERAL (INTEIRO),335041,100,150000000
142303,1,decrescimo,9106,15,451,6209,1110,8140,IV,339030,100,300000000
142303,2,acrescimo,40101,19,573,6207,9118,20073,DISTRITO FEDERAL (INTEIRO),335041,100,300000000
142304,1,decrescimo,25101,11,333,6207,9107,329,DISTRITO FEDERAL (INTEIRO),335041,100,15000000
142304,2,acrescimo,60101,14,243,6211,9078,20076,DISTRITO FEDERAL (INTEIRO),335041,100,15000000
142305,1,decrescimo,9115,15,752,6209,1836,7113,XIII,449051,100,30000000
142305,2,decrescimo,9115,15,752,6209,8507,6573,DISTRITO FEDERAL (INTEIRO),339039,100,70000000
142305,3,acrescimo,16101,13,392,6219,9075,20062,DISTRITO FEDERAL (INTEIRO),335041,100,100000000
142306,1,decrescimo,9115,15,752,6209,1836,7113,XIII,449051,100,100000000
142306,2,decrescimo,9104,15,752,6209,1836,7107,II,449051,100,20000000
142306,3,decrescimo,9104,15,752,6209,8507,6558,II,339039,100,20000000
142306,4,decrescimo,9114,15,752,6209,8507,6571,XII,339039,100,20000000
142306,5,decrescimo,9111,15,752,6209,8507,6567,IX,339039,100,15000000
142306,6,acrescimo,27101,27,392,6219,9075,20066,DISTRITO FEDERAL (INTEIRO),335041,100,175000000
142307,1,decrescimo,34101,27,812,6206,9080,245,DISTRITO FEDERAL (INTEIRO),335041,100,70000000
142307,2,acrescimo,40201,19,573,6207,9118,20081,DISTRITO FEDERAL (INTEIRO),335041,100,70000000
142308,1,decrescimo,22201,15,451,6209,1110,8170,DISTRITO FEDERAL (INTEIRO),449051,100,30000000
142308,2,acrescimo,22201,15,451,6209,1110,20068,DISTRITO FEDERAL (INTEIRO),339039,100,30000000
142309,1,decrescimo,22201,15,451,6209,1110,8170,DISTRITO FEDERAL (INTEIRO),449051,100,20000000
142309,2,decrescimo,9111,15,752,6209,8507,6567,IX,339039,100,5000000
142309,3,acrescimo,23901,10,122,6202,4166,20072,DISTRITO FEDERAL (INTEIRO),339039,100,25000000
142310,1,decrescimo,26205,26,782,6217,4197,9,DISTRITO FEDERAL (INTEIRO),339030,100,150000000
142310,2,acrescimo,26205,26,782,6216,1968,20039,DISTRITO FEDERAL (INTEIRO),449051,100,150000000
142311,1,decrescimo,22214,15,452,6209,2079,6124,XXX,339039,100,16200000
142311,2,acrescimo,22214,15,452,6209,2079,20042,DISTRITO FEDERAL (INTEIRO),449052,100,16200000
142312,1,decrescimo,21101,25,752,6209,3773,4,DISTRITO FEDERAL (INTEIRO),339039,100,50000000
142312,2,acrescimo,16101,13,392,6219,9075,337,DISTRITO FEDERAL (INTEIRO),335041,100,50000000
142313,1,decrescimo,18101,12,363,6221,9107,298,DISTRITO FEDERAL (INTEIRO),335043,100,50000000
142313,2,acrescimo,18101,12,361,6221,9107,20044,DISTRITO FEDERAL (INTEIRO),335043,100,50000000
142314,1,decrescimo,21101,25,752,6209,3773,4,DISTRITO FEDERAL (INTEIRO),339039,100,100000000
142314,2,acrescimo,27101,23,695,6207,9085,86,DISTRITO FEDERAL (INTEIRO),335041,100,100000000
142315,1,decrescimo,22201,15,451,6206,1079,54,DISTRITO FEDERAL (INTEIRO),449051,100,120000000
142315,2,decrescimo,22201,15,451,6206,1079,53,DISTRITO FEDERAL (INTEIRO),449052,100,80000000
142315,3,acrescimo,22101,15,752,6209,3205,20045,DISTRITO FEDERAL (INTEIRO),449051,100,200000000
142316,1,decrescimo,34101,27,811,6206,2631,22,DISTRITO FEDERAL (INTEIRO),339033,100,20000000
142316,2,acrescimo,34101,27,812,6206,9080,227,DISTRITO FEDERAL (INTEIRO),335041,100,20000000
142317,1,decrescimo,9122,15,451,6206,4170,21,DISTRITO FEDERAL (INTEIRO),339039,100,50000000
142317,2,acrescimo,34101,27,812,6206,9080,227,DISTRITO FEDERAL (INTEIRO),335041,100,50000000
142318,1,decrescimo,90101,99,999,9999,9999,3,DISTRITO FEDERAL (INTEIRO),999999,100,40000000
142318,2,decrescimo,22214,15,452,6209,2079,6124,XXX,339039,100,3800000
142318,3,decrescimo,9122,15,452,6209,8508,9248,XX,339030,100,10000000
142318,4,decrescimo,22201,15,451,6206,3596,8588,DISTRITO FEDERAL (INTEIRO),449051,100,50000000
142318,5,decrescimo,22201,15,451,6209,1110,8159,DISTRITO FEDERAL (INTEIRO),449051,100,11900000
142318,6,acrescimo,22214,15,452,6209,3002,20047,DISTRITO FEDERAL (INTEIRO),449051,100,115700000
142319,1,decrescimo,90101,99,999,9999,9999,3,DISTRITO FEDERAL (INTEIRO),999999,100,30000000
142319,2,acrescimo,40101,19,573,6207,9107,20057,DISTRITO FEDERAL (INTEIRO),335041,100,30000000
142320,1,decrescimo,90101,99,999,9999,9999,3,DISTRITO FEDERAL (INTEIRO),999999,100,30000000
142320,2,acrescimo,16101,13,392,6219,9075,337,DISTRITO FEDERAL (INTEIRO),335041,100,30000000
142321,1,decrescimo,90101,99,999,9999,9999,3,DISTRITO FEDERAL (INTEIRO),999999,100,50000000
142321,2,acrescimo,44101,14,422,6211,9091,20059,DISTRITO FEDERAL (INTEIRO),335041,100,50000000
142322,1,decrescimo,22201,15,451,6209,1110,8155,DISTRITO FEDERAL (INTEIRO),449051,100,40000000
142322,2,acrescimo,60101,14,243,6211,9107,20063,DISTRITO FEDERAL (INTEIRO),335041,100,40000000
142323,1,decrescimo,22201,15,451,6209,1110,8155,DISTRITO FEDERAL (INTEIRO),449051,100,15000000
142323,2,acrescimo,17101,8,243,6228,9071,20052,II,335043,100,15000000
142324,1,decrescimo,22201,15,451,6209,1110,8155,DISTRITO FEDERAL (INTEIRO),449051,100,26900000
142324,2,acrescimo,22214,15,452,6209,2079,20085,DISTRITO FEDERAL (INTEIRO),449052,100,26900000
142325,1,decrescimo,9103,15,752,6209,1836,7105,I,449051,100,30000000
142325,2,acrescimo,44101,14,422,6211,9091,20087,DISTRITO FEDERAL (INTEIRO),335043,100,30000000
142326,1,decrescimo,26205,26,782,6216,4195,23,DISTRITO FEDERAL (INTEIRO),339030,100,70000000
142326,2,decrescimo,22201,15,451,6206,3596,8587,DISTRITO FEDERAL (INTEIRO),449052,100,50000000
142326,3,decrescimo,18101,12,122,6221,9068,385,DISTRITO FEDERAL (INTEIRO),445042,100,90000000
142326,4,decrescimo,9109,4,122,8205,8517,9867,VII,339030,100,10000000
142326,5,decrescimo,9109,4,122,8205,8517,9867,VII,339039,100,5000000
142326,6,decrescimo,9109,4,122,8205,8517,9866,VII,449052,100,15000000
142326,7,decrescimo,9130,4,122,8205,8517,9874,XXVIII,339030,100,10000000
142326,8,decrescimo,9130,4,122,8205,8517,9874,XXVIII,339039,100,5000000
142326,9,decrescimo,9130,4,122,8205,8517,9873,XXVIII,449052,100,15000000
142326,10,decrescimo,22201,15,451,6206,1079,55,DISTRITO FEDERAL (INTEIRO),449052,100,26000000
142326,11,acrescimo,27101,23,695,6207,9085,97,DISTRITO FEDERAL (INTEIRO),335041,100,296000000
142327,1,decrescimo,9130,15,752,6209,8507,6582,XXVIII,339039,100,30000000
142327,2,decrescimo,9107,15,752,6209,8507,6561,V,339039,100,20500000
142327,3,acrescimo,34101,27,812,6206,1079,20043,DISTRITO FEDERAL (INTEIRO),449051,100,50500000
142328,1,decrescimo,9107,15,752,6209,8507,6561,V,339039,100,19500000
142328,2,decrescimo,24105,6,181,6217,3098,10,DISTRITO FEDERAL (INTEIRO),449051,100,19837500
142328,3,decrescimo,23901,10,122,6202,4166,118,DISTRITO FEDERAL (INTEIRO),449052,100,70000000
142328,4,decrescimo,23901,10,122,6202,4166,118,DISTRITO FEDERAL (INTEIRO),339039,100,100000000
142328,5,decrescimo,18101,12,122,6221,9068,385,DISTRITO FEDERAL (INTEIRO),335043,100,150000000
142328,6,decrescimo,22201,15,451,6209,1110,8168,DISTRITO FEDERAL (INTEIRO),449051,100,100000000
142328,7,decrescimo,18101,12,122,6221,9068,385,DISTRITO FEDERAL (INTEIRO),445042,100,10000000
142328,8,acrescimo,57101,14,422,6211,9107,350,DISTRITO FEDERAL (INTEIRO),335041,100,469337500
142329,1,decrescimo,24105,6,181,6217,3098,10,DISTRITO FEDERAL (INTEIRO),449051,100,38562500
142329,2,acrescimo,22214,15,452,6209,3002,20035,DISTRITO FEDERAL (INTEIRO),449051,100,38562500
142330,1,decrescimo,22201,15,451,6206,1079,55,DISTRITO FEDERAL (INTEIRO),449052,100,40000000
142330,2,decrescimo,22201,15,451,6206,3048,9655,DISTRITO FEDERAL (INTEIRO),449051,100,150000000
142330,3,decrescimo,45101,4,124,6203,4093,3,DISTRITO FEDERAL (INTEIRO),339031,100,16000000
142330,4,acrescimo,40101,19,573,6207,9118,33,DISTRITO FEDERAL (INTEIRO),335041,100,206000000
142331,1,decrescimo,24105,6,181,6217,3098,10,DISTRITO FEDERAL (INTEIRO),449051,100,21600000
142331,2,acrescimo,22214,15,452,6209,2079,20036,DISTRITO FEDERAL (INTEIRO),449052,100,21600000
142332,1,decrescimo,26101,26,451,6216,1506,2503,DISTRITO FEDERAL (INTEIRO),449051,100,82000000
142332,2,decrescimo,23901,10,305,6202,9107,317,DISTRITO FEDERAL (INTEIRO),335042,100,100000000
142332,3,acrescimo,16101,13,392,6219,9075,351,DISTRITO FEDERAL (INTEIRO),335041,100,182000000
142333,1,decrescimo,24101,6,422,6217,2775,2,DISTRITO FEDERAL (INTEIRO),339039,100,40000000
142333,2,acrescimo,25101,11,333,6207,9107,326,DISTRITO FEDERAL (INTEIRO),335041,100,40000000
142334,1,decrescimo,9109,15,752,6209,8507,6565,VII,339039,100,30000000
142334,2,acrescimo,44101,14,422,6211,9107,20038,DISTRITO FEDERAL (INTEIRO),335041,100,30000000
142335,1,decrescimo,17101,8,244,6228,9107,295,DISTRITO FEDERAL (INTEIRO),335043,100,43000000
142335,2,acrescimo,44101,14,422,6211,9107,20030,DISTRITO FEDERAL (INTEIRO),335041,100,43000000
142336,1,decrescimo,22201,15,451,6209,1110,8157,DISTRITO FEDERAL (INTEIRO),449051,100,140000000
142336,2,acrescimo,14101,20,605,6201,3534,20088,DISTRITO FEDERAL (INTEIRO),449051,100,140000000
142337,1,decrescimo,27101,23,695,6207,9085,84,DISTRITO FEDERAL (INTEIRO),335041,100,50000000
142337,2,acrescimo,25101,11,333,6207,9107,20089,DISTRITO FEDERAL (INTEIRO),335041,100,50000000
142338,1,decrescimo,18101,12,122,6221,9068,383,DISTRITO FEDERAL (INTEIRO),335043,100,20000000
142338,2,acrescimo,40201,19,573,6207,9118,20090,DISTRITO FEDERAL (INTEIRO),445042,100,20000000
142339,1,decrescimo,27101,23,695,6207,9085,95,DISTRITO FEDERAL (INTEIRO),335041,100,1860000
142339,2,acrescimo,19219,4,122,8203,8517,20006,DISTRITO FEDERAL (INTEIRO),339039,100,1860000
142340,1,decrescimo,27101,23,695,6207,9085,95,DISTRITO FEDERAL (INTEIRO),335041,100,10000000
142340,2,decrescimo,18203,12,122,8221,2396,5440,XVIII,339039,100,40000000
142340,3,decrescimo,27101,23,695,6207,9085,95,DISTRITO FEDERAL (INTEIRO),335041,100,50000000
142340,4,acrescimo,40201,19,573,6207,9118,20064,I,445042,100,100000000
142341,1,decrescimo,27101,23,695,6207,9085,95,DISTRITO FEDERAL (INTEIRO),335041,100,40000000
142341,2,acrescimo,25101,11,333,6207,9107,328,DISTRITO FEDERAL (INTEIRO),335041,100,40000000
142342,1,decrescimo,45101,4,122,8203,8517,9880,DISTRITO FEDERAL (INTEIRO),449052,100,1500000
142342,2,acrescimo,45101,4,122,8203,8517,20070,DISTRITO FEDERAL (INTEIRO),339030,100,1500000
142343,1,decrescimo,24103,10,301,8217,4057,21,DISTRITO FEDERAL (INTEIRO),339039,100,30000000
142343,2,decrescimo,9126,4,451,6209,8508,9249,XXIV,339030,100,25000000
142343,3,decrescimo,23901,10,122,6202,4166,102,DISTRITO FEDERAL (INTEIRO),339039,100,50000000
142343,4,acrescimo,22201,15,451,6209,1110,8154,DISTRITO FEDERAL (INTEIRO),449051,100,105000000
142344,1,decrescimo,9121,25,752,6209,1836,7116,XIX,449051,100,13000000
142344,2,acrescimo,34101,27,812,6206,9080,230,DISTRITO FEDERAL (INTEIRO),335041,100,13000000
142345,1,decrescimo,9126,4,451,6209,8508,9249,XXIV,339030,100,25000000
142345,2,acrescimo,9126,4,421,6217,2426,20079,XXIV,339139,100,25000000
142346,1,decrescimo,24103,10,301,8217,4057,21,DISTRITO FEDERAL (INTEIRO),339039,100,35000000
142346,2,acrescimo,25101,11,333,6207,2667,20069,DISTRITO FEDERAL (INTEIRO),339030,100,35000000
142347,1,decrescimo,24103,10,301,8217,4057,21,DISTRITO FEDERAL (INTEIRO),339039,100,15000000
142347,2,acrescimo,25101,11,333,6207,2667,20071,DISTRITO FEDERAL (INTEIRO),339039,100,15000000
142348,1,decrescimo,24103,10,301,8217,4057,21,DISTRITO FEDERAL (INTEIRO),339039,100,20000000
142348,2,acrescimo,9110,4,421,6217,2426,20075,VIII,339139,100,20000000
142349,1,decrescimo,22201,15,451,6209,1110,8163,DISTRITO FEDERAL (INTEIRO),449051,100,50000000
142349,2,acrescimo,27101,23,695,6207,9085,96,DISTRITO FEDERAL (INTEIRO),335041,100,50000000
142350,1,decrescimo,23901,10,301,6202,4208,5618,DISTRITO FEDERAL (INTEIRO),449052,100,40000000
142350,2,acrescimo,23901,10,301,6202,4208,20084,DISTRITO FEDERAL (INTEIRO),449052,100,40000000
142351,1,decrescimo,25101,11,333,6207,2900,7570,DF ENTORNO,339039,100,11000000
142351,2,acrescimo,22214,15,452,6209,2079,20086,DISTRITO FEDERAL (INTEIRO),449052,100,11000000
142352,1,decrescimo,25101,11,333,6207,2900,7570,DF ENTORNO,339048,100,10000000
142352,2,acrescimo,18101,12,122,6221,9068,20074,DISTRITO FEDERAL (INTEIRO),335043,100,10000000
142353,1,decrescimo,22101,15,752,6209,1836,7124,DISTRITO FEDERAL (INTEIRO),449051,100,100000000
142353,2,acrescimo,27101,23,695,6207,9085,93,DISTRITO FEDERAL (INTEIRO),335041,100,100000000
142354,1,decrescimo,22101,15,752,6209,1836,7124,DISTRITO FEDERAL (INTEIRO),449051,100,100000000
142354,2,acrescimo,40101,19,573,6207,9118,20091,DISTRITO FEDERAL (INTEIRO),335041,100,100000000
142355,1,decrescimo,18101,12,361,6221,9107,300,DISTRITO FEDERAL (INTEIRO),335043,100,50000000
142355,2,acrescimo,44101,14,422,6211,9107,20022,DISTRITO FEDERAL (INTEIRO),335043,100,50000000
142356,1,decrescimo,61101,8,244,6228,9107,361,DISTRITO FEDERAL (INTEIRO),335041,100,90000000
142356,2,acrescimo,44101,14,422,6211,9107,20022,DISTRITO FEDERAL (INTEIRO),335043,100,90000000
142357,1,decrescimo,18101,12,122,6221,9068,386,DISTRITO FEDERAL (INTEIRO),335043,100,50000000
142357,2,decrescimo,18101,12,122,6221,9068,387,DISTRITO FEDERAL (INTEIRO),445042,100,50000000
142357,3,acrescimo,14101,20,608,6201,2620,4,DISTRITO FEDERAL (INTEIRO),339030,100,100000000
142358,1,decrescimo,14101,20,606,6201,3467,9666,DISTRITO FEDERAL (INTEIRO),449052,100,90000000
142358,2,acrescimo,14101,20,606,6201,2889,5,DISTRITO FEDERAL (INTEIRO),339030,100,90000000
142359,1,decrescimo,9103,15,451,6209,8507,6556,DISTRITO FEDERAL (INTEIRO),339039,100,50000000
142359,2,acrescimo,9131,15,752,6209,8507,20023,XXIX,339039,100,50000000
142360,1,decrescimo,23901,10,122,6202,4166,117,DISTRITO FEDERAL (INTEIRO),449052,100,75000000
142360,2,acrescimo,16101,13,392,6219,9075,356,DISTRITO FEDERAL (INTEIRO),335041,100,75000000
142361,1,decrescimo,24103,6,181,6217,3029,9543,DISTRITO FEDERAL (INTEIRO),449052,100,100000000
142361,2,acrescimo,10101,8,243,6228,9107,20024,DISTRITO FEDERAL (INTEIRO),335043,100,100000000
142362,1,decrescimo,90101,99,999,9999,9999,3,DISTRITO FEDERAL (INTEIRO),999999,100,25000000
142362,2,acrescimo,25101,11,333,6207,9107,20092,DISTRITO FEDERAL (INTEIRO),335041,100,25000000
142363,1,decrescimo,23901,1,31,6202,9107,318,DISTRITO FEDERAL (INTEIRO),445052,100,50000000
142363,2,acrescimo,34101,27,812,6206,9080,244,DISTRITO FEDERAL (INTEIRO),335041,100,50000000
142364,1,decrescimo,23901,1,31,6202,9107,318,DISTRITO FEDERAL (INTEIRO),445052,100,200000000
142364,2,acrescimo,23901,10,302,6202,9107,20025,DISTRITO FEDERAL (INTEIRO),445052,100,200000000
142365,1,decrescimo,90101,99,999,9999,9999,3,DISTRITO FEDERAL (INTEIRO),999999,100,100000000
142365,2,acrescimo,40101,19,573,6207,9118,34,DISTRITO FEDERAL (INTEIRO),335041,100,100000000
142366,1,decrescimo,90101,99,999,9999,9999,3,DISTRITO FEDERAL (INTEIRO),999999,100,75000000
142366,2,acrescimo,17101,8,243,6228,9107,20017,DISTRITO FEDERAL (INTEIRO),335043,100,75000000
142367,1,decrescimo,90101,99,999,9999,9999,3,DISTRITO FEDERAL (INTEIRO),999999,100,50000000
142367,2,acrescimo,21106,18,451,8210,3903,20018,XVI,449051,100,50000000
142368,1,decrescimo,21106,18,541,6210,3467,9668,DISTRITO FEDERAL (INTEIRO),449052,100,43000000
142368,2,acrescimo,21106,18,122,8210,8517,9658,DISTRITO FEDERAL (INTEIRO),339030,100,43000000
142369,1,decrescimo,21106,18,541,6210,3467,9668,DISTRITO FEDERAL (INTEIRO),449052,100,7000000
142369,2,acrescimo,21106,18,122,8210,8517,20019,DISTRITO FEDERAL (INTEIRO),449052,100,7000000
142370,1,decrescimo,21106,18,541,6210,3467,9668,DISTRITO FEDERAL (INTEIRO),449052,100,50000000
142370,2,acrescimo,21106,18,122,8210,2396,5305,XVI,339039,100,50000000
142371,1,decrescimo,23901,10,122,6202,4166,117,DISTRITO FEDERAL (INTEIRO),449052,100,75000000
142371,2,acrescimo,27101,23,695,6207,9107,331,DISTRITO FEDERAL (INTEIRO),335041,100,75000000
142372,1,decrescimo,25101,11,333,6207,9107,325,DISTRITO FEDERAL (INTEIRO),335041,100,20000000
142372,2,acrescimo,61101,14,244,6228,9107,20061,DISTRITO FEDERAL (INTEIRO),335041,100,20000000
142373,1,decrescimo,23901,10,122,6202,4166,111,DISTRITO FEDERAL (INTEIRO),449052,100,30000000
142373,2,decrescimo,23901,10,122,6202,4166,111,DISTRITO FEDERAL (INTEIRO),339039,100,10000000
142373,3,decrescimo,23901,10,122,6202,4166,110,DISTRITO FEDERAL (INTEIRO),339039,100,10000000
142373,4,decrescimo,23901,10,122,6202,4166,110,DISTRITO FEDERAL (INTEIRO),449052,100,30000000
142373,5,decrescimo,23901,10,122,6202,4166,109,DISTRITO FEDERAL (INTEIRO),339039,100,10000000
142373,6,decrescimo,23901,10,122,6202,4166,109,DISTRITO FEDERAL (INTEIRO),449052,100,30000000
142373,7,decrescimo,23901,10,122,6202,4166,114,DISTRITO FEDERAL (INTEIRO),449052,100,15000000
142373,8,decrescimo,23901,10,122,6202,4166,114,DISTRITO FEDERAL (INTEIRO),339039,100,5000000
142373,9,decrescimo,18101,12,122,6221,9068,382,DISTRITO FEDERAL (INTEIRO),335043,100,30000000
142373,10,acrescimo,44101,14,422,6211,9107,20065,DISTRITO FEDERAL (INTEIRO),335041,100,170000000
142374,1,decrescimo,90101,99,999,9999,9999,3,DISTRITO FEDERAL (INTEIRO),999999,100,60000000
142374,2,acrescimo,27101,23,695,6207,9085,20067,DISTRITO FEDERAL (INTEIRO),335041,100,60000000
142375,1,decrescimo,9136,15,451,6209,1110,8145,XXXII.2,449051,100,30000000
142375,2,decrescimo,18101,12,122,6221,9068,382,DISTRITO FEDERAL (INTEIRO),445042,100,3000000
142375,3,acrescimo,9136,15,451,6206,3048,20093,XXXII.2,339039,100,33000000
142376,1,decrescimo,9111,15,451,6209,1110,8141,IX,449051,100,11000000
142376,2,acrescimo,9111,15,451,6206,3596,20094,IX,449051,100,11000000
142377,1,decrescimo,9111,15,451,6209,1110,8141,IX,449051,100,2000000
142377,2,acrescimo,9111,15,451,6206,3596,20094,IX,449052,100,2000000
142378,1,decrescimo,57101,1,31,6211,9107,355,DISTRITO FEDERAL (INTEIRO),335041,100,68000000
142378,2,acrescimo,40101,19,573,6207,9107,20046,DISTRITO FEDERAL (INTEIRO),335041,100,68000000
142379,1,decrescimo,9111,15,451,6209,1110,8141,IX,449051,100,17000000
142379,2,acrescimo,9111,15,451,6209,1110,8141,IX,449030,100,17000000
142380,1,decrescimo,9105,15,451,6209,1110,8139,III,312091,100,30000000
142380,2,acrescimo,9105,15,451,6209,1110,8139,III,449051,100,30000000
142381,1,decrescimo,57101,1,31,6211,9107,355,DISTRITO FEDERAL (INTEIRO),335041,100,25000000
142381,2,acrescimo,57101,14,422,6211,9107,20013,DISTRITO FEDERAL (INTEIRO),335041,100,25000000
142382,1,decrescimo,26205,26,451,6216,3090,5338,DISTRITO FEDERAL (INTEIRO),449051,100,100000000
142382,2,decrescimo,22201,15,451,6209,1110,8164,DISTRITO FEDERAL (INTEIRO),449051,100,54000000
142382,3,acrescimo,16101,13,392,6219,9075,349,DISTRITO FEDERAL (INTEIRO),335041,100,154000000
142383,1,decrescimo,90101,99,999,9999,9999,3,DISTRITO FEDERAL (INTEIRO),999999,100,34100000
142383,2,decrescimo,57101,1,31,6211,9107,355,DISTRITO FEDERAL (INTEIRO),335041,100,7000000
142383,3,decrescimo,25101,11,333,6207,9107,325,DISTRITO FEDERAL (INTEIRO),335041,100,8000000
142383,4,decrescimo,18101,12,368,6221,3991,4,DISTRITO FEDERAL (INTEIRO),449051,100,3900000
142383,5,decrescimo,22201,15,451,6209,1110,8164,DISTRITO FEDERAL (INTEIRO),449051,100,8000000
142383,6,decrescimo,18101,12,122,6221,9068,382,DISTRITO FEDERAL (INTEIRO),445042,100,9000000
142383,7,acrescimo,40201,19,573,6207,9118,20078,DISTRITO FEDERAL (INTEIRO),335041,100,70000000
142384,1,decrescimo,22201,15,451,6209,1110,8164,DISTRITO FEDERAL (INTEIRO),449051,100,38000000
142384,2,acrescimo,17101,8,244,6228,9107,20053,DISTRITO FEDERAL (INTEIRO),335043,100,38000000
142385,1,decrescimo,18101,12,368,6221,3991,4,DISTRITO FEDERAL (INTEIRO),449051,100,55000000
142385,2,acrescimo,18101,12,243,6221,9107,20054,DISTRITO FEDERAL (INTEIRO),335043,100,55000000
142386,1,decrescimo,18101,12,122,6221,9068,382,DISTRITO FEDERAL (INTEIRO),445042,100,15900000
142386,2,acrescimo,22214,15,452,6209,2079,20083,DISTRITO FEDERAL (INTEIRO),449052,100,15900000
142387,1,decrescimo,14203,20,511,6201,3043,5611,DISTRITO FEDERAL (INTEIRO),339039,100,50000000
142387,2,acrescimo,14203,20,608,6201,2620,20056,DISTRITO FEDERAL (INTEIRO),339030,100,50000000
142388,1,decrescimo,18101,12,368,6221,3991,4,DISTRITO FEDERAL (INTEIRO),449051,100,41100000
142388,2,acrescimo,34101,27,812,6206,9080,241,DISTRITO FEDERAL (INTEIRO),335041,100,41100000
142389,1,decrescimo,90101,99,999,9999,9999,3,DISTRITO FEDERAL (INTEIRO),999999,100,95900000
142389,2,acrescimo,10101,14,243,6211,9078,20058,DISTRITO FEDERAL (INTEIRO),335041,100,95900000
142390,1,decrescimo,22101,15,752,6209,8507,6586,DISTRITO FEDERAL (INTEIRO),339039,100,30000000
142390,2,acrescimo,40201,19,573,6207,9118,20097,DISTRITO FEDERAL (INTEIRO),445042,100,30000000
142391,1,decrescimo,18101,12,122,6221,9068,375,DISTRITO FEDERAL (INTEIRO),445042,100,15000000
142391,2,acrescimo,40201,19,573,6207,9118,20104,DISTRITO FEDERAL (INTEIRO),445042,100,15000000
142392,1,decrescimo,9112,15,752,6209,8507,6568,X,339039,100,20000000
142392,2,acrescimo,34101,4,122,8206,8517,20105,DISTRITO FEDERAL (INTEIRO),449052,100,20000000
142393,1,decrescimo,9112,15,752,6209,8507,6568,X,339039,100,49000000
142393,2,decrescimo,23901,10,302,6202,2885,8,DISTRITO FEDERAL (INTEIRO),339039,100,1000000
142393,3,acrescimo,22214,15,452,6209,2079,20106,X,339039,100,50000000
142394,1,decrescimo,23901,10,302,6202,2885,8,DISTRITO FEDERAL (INTEIRO),339039,100,1000000
142394,2,decrescimo,44101,14,243,6211,3009,3,X,449051,100,15000000
142394,3,acrescimo,18101,12,122,6221,9068,369,DISTRITO FEDERAL (INTEIRO),335043,100,16000000
142395,1,decrescimo,25101,11,334,6207,9107,321,DISTRITO FEDERAL (INTEIRO),335041,100,150000000
142395,2,acrescimo,44101,14,422,6211,9107,20107,DISTRITO FEDERAL (INTEIRO),335043,100,150000000
142396,1,decrescimo,9112,15,752,6209,8507,6568,X,339039,100,21000000
142396,2,acrescimo,44101,14,422,6211,9107,337,DISTRITO FEDERAL (INTEIRO),335041,100,21000000
142397,1,decrescimo,23901,10,302,6202,2885,8,DISTRITO FEDERAL (INTEIRO),339039,100,70000000
142397,2,acrescimo,34101,27,812,6206,9080,228,DISTRITO FEDERAL (INTEIRO),335041,100,70000000
142398,1,decrescimo,16101,13,392,6219,9075,339,DISTRITO FEDERAL (INTEIRO),335041,100,50000000
142398,2,acrescimo,27101,23,695,6207,9085,87,DISTRITO FEDERAL (INTEIRO),335041,100,50000000
142399,1,decrescimo,44101,14,243,6211,3009,3,X,449051,100,135000000
142399,2,acrescimo,57101,14,422,6211,9107,347,DISTRITO FEDERAL (INTEIRO),335041,100,135000000
142400,1,decrescimo,16101,13,392,6219,9075,339,DISTRITO FEDERAL (INTEIRO),335041,100,20000000
142400,2,acrescimo,18101,12,122,6221,9068,369,DISTRITO FEDERAL (INTEIRO),335043,100,20000000
142401,1,decrescimo,17101,8,122,6228,1142,16,DISTRITO FEDERAL (INTEIRO),449052,100,30000000
142401,2,acrescimo,22201,15,451,6206,3596,20102,X,449051,100,30000000
142402,1,decrescimo,9112,15,752,6209,8507,6568,X,339039,100,60000000
142402,2,acrescimo,27101,23,695,6207,9085,87,DISTRITO FEDERAL (INTEIRO),335041,100,60000000
142403,1,decrescimo,17101,8,122,6228,1142,16,DISTRITO FEDERAL (INTEIRO),449052,100,20000000
142403,2,decrescimo,17101,8,244,8228,2396,5438,DISTRITO FEDERAL (INTEIRO),339039,100,50000000
142403,3,acrescimo,22201,15,451,6206,1079,20103,X,449051,100,70000000
142404,1,decrescimo,44101,14,422,6211,9107,337,DISTRITO FEDERAL (INTEIRO),335041,100,20000000
142404,2,acrescimo,21101,18,541,6210,9107,20111,DISTRITO FEDERAL (INTEIRO),335041,100,20000000
142405,1,decrescimo,57101,14,422,6211,9107,349,DISTRITO FEDERAL (INTEIRO),335041,100,50000000
142405,2,acrescimo,34101,27,811,6206,9080,233,DISTRITO FEDERAL (INTEIRO),335041,100,50000000
142406,1,decrescimo,16101,13,392,6219,9075,341,DISTRITO FEDERAL (INTEIRO),335041,100,50000000
142406,2,acrescimo,34101,27,811,6206,9080,233,DISTRITO FEDERAL (INTEIRO),335041,100,50000000
142407,1,decrescimo,25101,11,333,6207,2900,7569,DF ENTORNO,339039,100,50000000
142407,2,acrescimo,34101,27,811,6206,9080,233,DISTRITO FEDERAL (INTEIRO),335041,100,50000000
142408,1,decrescimo,23901,10,122,6202,4166,105,DISTRITO FEDERAL (INTEIRO),449052,100,50000000
142408,2,acrescimo,34101,27,812,6206,1079,20112,DISTRITO FEDERAL (INTEIRO),449051,100,50000000
142409,1,decrescimo,18101,12,122,6221,9068,382,DISTRITO FEDERAL (INTEIRO),335043,100,12500000
142409,2,acrescimo,40201,19,573,6207,9118,20113,DISTRITO FEDERAL (INTEIRO),445042,100,12500000
142410,1,decrescimo,18101,12,122,6221,9068,376,DISTRITO FEDERAL (INTEIRO),335043,100,50000000
142410,2,acrescimo,25101,11,334,6207,9107,20095,DISTRITO FEDERAL (INTEIRO),335041,100,50000000
142411,1,decrescimo,22201,15,451,6209,1110,8156,DISTRITO FEDERAL (INTEIRO),449051,100,50000000
142411,2,acrescimo,40101,19,573,6207,9118,20096,DISTRITO FEDERAL (INTEIRO),335041,100,50000000
142412,1,decrescimo,21101,18,541,6210,9107,303,DISTRITO FEDERAL (INTEIRO),335041,100,200000000
142412,2,acrescimo,27101,23,695,6207,9085,90,DISTRITO FEDERAL (INTEIRO),335041,100,200000000
142413,1,decrescimo,16101,13,392,6219,9075,352,DISTRITO FEDERAL (INTEIRO),335041,100,25000000
142413,2,decrescimo,27101,23,695,6207,9085,98,DISTRITO FEDERAL (INTEIRO),335041,100,25000000
142413,3,decrescimo,18101,12,122,6221,9068,384,DISTRITO FEDERAL (INTEIRO),335043,100,25000000
142413,4,acrescimo,40101,19,573,6207,9118,32,DISTRITO FEDERAL (INTEIRO),335041,100,75000000
142414,1,decrescimo,9114,15,752,6209,8507,6570,XII,339039,100,25000000
142414,2,acrescimo,9120,15,752,6209,8507,20114,XVIII,339039,100,25000000
142415,1,decrescimo,23901,10,122,6202,4166,103,DISTRITO FEDERAL (INTEIRO),339039,100,20000000
142415,2,acrescimo,57101,14,422,6211,9107,20115,DISTRITO FEDERAL (INTEIRO),335041,100,20000000
142416,1,decrescimo,18101,12,122,6221,9068,370,DISTRITO FEDERAL (INTEIRO),445042,100,5000000
142416,2,acrescimo,40201,19,573,6207,9118,20108,DISTRITO FEDERAL (INTEIRO),445042,100,5000000
142417,1,decrescimo,9121,25,752,6209,1836,7116,XIX,449051,100,17000000
142417,2,decrescimo,9121,4,122,8205,2396,5436,XIX,339039,100,33000000
142417,3,acrescimo,44101,14,422,6211,9107,20117,DISTRITO FEDERAL (INTEIRO),335041,100,50000000
142418,1,decrescimo,23901,10,122,6202,4166,119,DISTRITO FEDERAL (INTEIRO),449052,100,20000000
142418,2,decrescimo,23901,10,122,6202,4166,119,DISTRITO FEDERAL (INTEIRO),339039,100,20000000
142418,3,acrescimo,23901,10,302,6202,3223,20118,XIV,339039,100,40000000
142419,1,decrescimo,22201,15,451,6209,1110,8152,DISTRITO FEDERAL (INTEIRO),449051,100,20000000
142419,2,acrescimo,22214,15,452,6209,2079,20119,DISTRITO FEDERAL (INTEIRO),449052,100,20000000
142420,1,decrescimo,23901,10,122,6202,4166,117,DISTRITO FEDERAL (INTEIRO),449052,100,55000000
142420,2,acrescimo,61101,4,122,8228,8517,10,DISTRITO FEDERAL (INTEIRO),339039,100,55000000
142421,1,decrescimo,23901,10,122,6202,4166,117,DISTRITO FEDERAL (INTEIRO),449052,100,20000000
142421,2,acrescimo,61101,4,122,8228,8517,10,DISTRITO FEDERAL (INTEIRO),449052,100,20000000
142422,1,decrescimo,18203,12,122,8221,2396,5440,XVIII,339039,100,15000000
142422,2,acrescimo,18203,12,364,6221,9060,20120,I,339020,100,15000000
142423,1,decrescimo,18203,12,122,8221,2396,5440,XVIII,339039,100,10000000
142423,2,acrescimo,18203,12,364,6221,4976,20121,I,339033,100,10000000
142424,1,decrescimo,18203,12,122,8221,2396,5440,XVIII,339039,100,15000000
142424,2,acrescimo,18203,12,364,6221,9131,20122,I,339018,100,15000000
142425,1,decrescimo,18203,12,122,8221,2396,5440,XVIII,339039,100,10000000
142425,2,acrescimo,18203,12,364,6221,9131,20122,I,339048,100,10000000
142426,1,decrescimo,18101,12,122,6221,9068,369,DISTRITO FEDERAL (INTEIRO),335043,100,30000000
142426,2,acrescimo,34101,27,812,6206,9080,228,DISTRITO FEDERAL (INTEIRO),335041,100,30000000
142427,1,decrescimo,18101,12,122,6221,9068,369,DISTRITO FEDERAL (INTEIRO),335043,100,4500000
142427,2,decrescimo,16101,13,392,6219,9075,339,DISTRITO FEDERAL (INTEIRO),335041,100,15000000
142427,3,acrescimo,27101,23,695,6207,9085,87,DISTRITO FEDERAL (INTEIRO),335041,100,19500000
142428,1,decrescimo,22214,15,452,6209,2079,9,X,339039,100,50000000
142428,2,acrescimo,22214,15,452,6209,2079,9,X,449052,100,50000000
142429,1,decrescimo,18101,12,122,6221,9068,369,DISTRITO FEDERAL (INTEIRO),335043,100,19000000
142429,2,acrescimo,19219,4,122,6203,2912,20137,DF ENTORNO,339020,100,19000000
142430,1,decrescimo,18101,12,122,6221,9068,369,DISTRITO FEDERAL (INTEIRO),335043,100,3500000
142430,2,acrescimo,19219,4,122,6203,2912,20138,DF ENTORNO,339039,100,3500000
142431,1,decrescimo,25101,11,333,6207,2667,22,DF ENTORNO,339030,100,100000000
142431,2,acrescimo,18101,12,243,6221,9107,299,DISTRITO FEDERAL (INTEIRO),335043,100,100000000
142432,1,decrescimo,25101,11,333,6207,4102,19,DISTRITO FEDERAL (INTEIRO),339032,100,100000000
142432,2,decrescimo,25101,11,333,6207,2900,7570,DF ENTORNO,339048,100,50000000
142432,3,acrescimo,26205,26,782,6216,4195,22,DISTRITO FEDERAL (INTEIRO),339039,100,150000000
142433,1,decrescimo,25101,11,333,6207,2900,7570,DF ENTORNO,339039,100,25000000
142433,2,acrescimo,18101,12,122,6221,9068,278,DISTRITO FEDERAL (INTEIRO),335043,100,25000000
142434,1,decrescimo,25101,11,333,6207,2900,7570,DF ENTORNO,339039,100,25000000
142434,2,acrescimo,18101,12,122,6221,9068,20139,DISTRITO FEDERAL (INTEIRO),449052,100,25000000
142435,1,decrescimo,25101,11,333,6207,2900,7570,DF ENTORNO,339039,100,32000000
142435,2,acrescimo,34101,27,811,6206,9080,238,DISTRITO FEDERAL (INTEIRO),335041,100,32000000
142436,1,decrescimo,25101,11,333,6207,2900,7570,DF ENTORNO,339039,100,1000000
142436,2,decrescimo,25101,11,333,6207,2900,7570,DF ENTORNO,339048,100,40000000
142436,3,acrescimo,16101,13,392,6219,9075,350,DISTRITO FEDERAL (INTEIRO),335041,100,41000000
142437,1,decrescimo,25101,11,333,6207,2900,7570,DF ENTORNO,339039,100,6000000
142437,2,decrescimo,25101,11,333,6207,2900,7571,DF ENTORNO,339039,100,90000000
142437,3,decrescimo,25101,11,334,6207,9107,324,DISTRITO FEDERAL (INTEIRO),335041,100,29000000
142437,4,acrescimo,27101,23,695,6207,9085,96,DISTRITO FEDERAL (INTEIRO),335041,100,125000000
142438,1,decrescimo,9121,15,451,6206,3048,9651,XIX,459051,100,30000000
142438,2,acrescimo,9121,25,752,6209,1836,7116,XIX,449051,100,30000000
142439,1,decrescimo,9110,4,451,6206,3902,9567,VIII,449051,100,100000000
142439,2,acrescimo,16101,13,392,6219,9075,340,DISTRITO FEDERAL (INTEIRO),335041,100,100000000
142440,1,decrescimo,9119,15,451,8205,2396,5435,XVII,339039,100,30000000
142440,2,acrescimo,44101,14,243,6211,4217,20148,DISTRITO FEDERAL (INTEIRO),449052,100,30000000
142441,1,decrescimo,9119,15,451,8205,2396,5435,XVII,339039,100,30000000
142441,2,acrescimo,34101,27,812,6206,9080,230,DISTRITO FEDERAL (INTEIRO),335041,100,30000000
142442,1,decrescimo,9119,15,451,8205,2396,5435,XVII,339039,100,60000000
142442,2,acrescimo,27101,23,695,6207,9085,88,DISTRITO FEDERAL (INTEIRO),335041,100,60000000
142443,1,decrescimo,9110,4,451,6206,3902,9567,VIII,449051,100,6000000
142443,2,acrescimo,22214,15,452,6209,2079,20150,XIX,335041,100,6000000
142444,1,decrescimo,9119,15,451,6206,3048,9650,XVII,449051,100,30000000
142444,2,acrescimo,34101,27,812,6206,9080,230,DISTRITO FEDERAL (INTEIRO),335041,100,30000000
142445,1,decrescimo,9119,25,752,6209,1836,7115,XVII,449051,100,22500000
142445,2,acrescimo,9123,25,752,6209,1836,20156,XXI,449051,100,22500000
142446,1,decrescimo,9116,25,752,6209,1836,121,XIV,449051,100,250000000
142446,2,decrescimo,9129,25,752,6209,1836,122,XXVII,449051,100,100000000
142446,3,decrescimo,22201,15,122,8209,1968,3240,DISTRITO FEDERAL (INTEIRO),449051,100,50000000
142446,4,decrescimo,25101,11,333,6207,9107,330,DISTRITO FEDERAL (INTEIRO),335041,100,5000000
142446,5,decrescimo,17902,8,244,6228,9073,37,DISTRITO FEDERAL (INTEIRO),335043,100,10000000
142446,6,decrescimo,21101,18,541,6210,9107,308,DISTRITO FEDERAL (INTEIRO),335041,100,10000000
142446,7,decrescimo,44101,14,422,6228,9107,341,DISTRITO FEDERAL (INTEIRO),335043,100,10000000
142446,8,acrescimo,23901,10,122,6202,1968,20162,DISTRITO FEDERAL (INTEIRO),339139,100,435000000
142447,1,decrescimo,44101,14,422,6228,9107,341,DISTRITO FEDERAL (INTEIRO),335043,100,10000000
142447,2,acrescimo,18101,12,361,6221,9107,20141,DISTRITO FEDERAL (INTEIRO),335043,100,10000000
142448,1,decrescimo,9133,15,452,6209,8508,9250,XXX,339030,100,10000000
142448,2,acrescimo,9122,4,122,8205,8517,20145,XX,449052,100,10000000
142449,1,decrescimo,22214,15,452,6209,2079,15,DISTRITO FEDERAL (INTEIRO),449052,100,14800000
142449,2,acrescimo,18101,12,122,6221,9068,361,III,335043,100,14800000
142450,1,decrescimo,9133,25,752,6209,8507,6583,XXX,339039,100,100000000
142450,2,acrescimo,26205,26,782,6216,5745,20146,DISTRITO FEDERAL (INTEIRO),449051,100,100000000
142451,1,decrescimo,22214,15,452,6209,2079,15,DISTRITO FEDERAL (INTEIRO),449052,100,1400000
142451,2,acrescimo,44101,14,422,6211,9091,10,DISTRITO FEDERAL (INTEIRO),335041,100,1400000
142452,1,decrescimo,22201,15,451,6209,1110,8158,DISTRITO FEDERAL (INTEIRO),449051,100,56000000
142452,2,acrescimo,27101,23,695,6207,9085,86,DISTRITO FEDERAL (INTEIRO),335041,100,56000000
142453,1,decrescimo,9122,15,451,6209,1836,7117,XX,449051,100,33600000
142453,2,acrescimo,44101,14,422,6211,9091,10,DISTRITO FEDERAL (INTEIRO),335041,100,33600000
142454,1,decrescimo,22201,15,451,6209,1110,8158,DISTRITO FEDERAL (INTEIRO),449051,100,44000000
142454,2,acrescimo,34101,27,812,6206,9080,227,DISTRITO FEDERAL (INTEIRO),335041,100,44000000
142455,1,decrescimo,9133,25,752,6209,8507,6583,XXX,339039,100,20000000
142455,2,acrescimo,40101,19,573,6207,9107,392,DISTRITO FEDERAL (INTEIRO),335041,100,20000000
142456,1,decrescimo,22201,15,451,6209,1110,8159,DISTRITO FEDERAL (INTEIRO),449051,100,45000000
142456,2,acrescimo,16101,13,392,6219,9075,337,DISTRITO FEDERAL (INTEIRO),335041,100,45000000
142457,1,decrescimo,9122,25,752,6209,8507,6577,XX,339039,100,30000000
142457,2,acrescimo,40101,19,573,6207,9107,392,DISTRITO FEDERAL (INTEIRO),335041,100,30000000
142458,1,decrescimo,9122,25,752,6209,8507,6577,XX,339039,100,35000000
142458,2,acrescimo,18101,4,122,8205,3903,20147,V,339039,100,35000000
142459,1,decrescimo,9122,25,752,6209,8507,6577,XX,339039,100,15000000
142459,2,acrescimo,18101,12,122,6221,9068,361,III,445042,100,15000000
142460,1,decrescimo,9122,15,451,6209,1836,7117,XX,449051,100,16400000
142460,2,acrescimo,18101,12,122,6221,9068,361,III,445042,100,16400000
142461,1,decrescimo,22201,15,451,6209,1110,8159,DISTRITO FEDERAL (INTEIRO),449051,100,16600000
142461,2,acrescimo,18101,12,122,6221,9068,361,III,335043,100,16600000
142462,1,decrescimo,22201,15,451,6209,1110,8159,DISTRITO FEDERAL (INTEIRO),449051,100,26500000
142462,2,acrescimo,57101,14,422,6211,9107,346,DISTRITO FEDERAL (INTEIRO),335041,100,26500000
142463,1,decrescimo,21101,18,541,6210,9107,301,DISTRITO FEDERAL (INTEIRO),335041,100,50000000
142463,2,acrescimo,26205,26,782,6216,3467,20149,DISTRITO FEDERAL (INTEIRO),449052,100,50000000
142464,1,decrescimo,57101,14,422,6211,9107,345,DISTRITO FEDERAL (INTEIRO),335041,100,50000000
142464,2,acrescimo,27101,23,695,6207,9085,85,DISTRITO FEDERAL (INTEIRO),335041,100,50000000
142465,1,decrescimo,57101,14,422,6211,9107,345,DISTRITO FEDERAL (INTEIRO),335041,100,30000000
142465,2,acrescimo,17902,8,244,6228,9073,35,DISTRITO FEDERAL (INTEIRO),335043,100,30000000
142466,1,decrescimo,21101,18,541,6210,9107,301,DISTRITO FEDERAL (INTEIRO),335041,100,50000000
142466,2,acrescimo,26205,26,782,6216,5745,20151,DISTRITO FEDERAL (INTEIRO),449051,100,50000000
142467,1,decrescimo,34101,27,812,6206,9080,226,DISTRITO FEDERAL (INTEIRO),335041,100,28000000
142467,2,acrescimo,17902,8,244,6228,9073,35,DISTRITO FEDERAL (INTEIRO),335043,100,28000000
142468,1,decrescimo,23901,10,122,6202,4166,99,DISTRITO FEDERAL (INTEIRO),339039,100,85000000
142468,2,acrescimo,23901,10,122,8202,8517,20152,DISTRITO FEDERAL (INTEIRO),449052,100,85000000
142469,1,decrescimo,23901,10,122,6202,4166,99,DISTRITO FEDERAL (INTEIRO),339039,100,15000000
142469,2,acrescimo,44101,14,243,6211,9078,20154,DISTRITO FEDERAL (INTEIRO),335041,100,15000000
142470,1,decrescimo,16101,13,392,6219,9075,335,DISTRITO FEDERAL (INTEIRO),335041,100,20000000
142470,2,acrescimo,14101,20,845,6201,9107,20163,DISTRITO FEDERAL (INTEIRO),335041,100,20000000
142471,1,decrescimo,16101,13,392,6219,9075,335,DISTRITO FEDERAL (INTEIRO),335041,100,10000000
142471,2,acrescimo,27101,23,695,6207,9085,85,DISTRITO FEDERAL (INTEIRO),335041,100,10000000
142472,1,decrescimo,22201,15,451,6209,1110,8151,DISTRITO FEDERAL (INTEIRO),449051,100,70000000
142472,2,acrescimo,22201,15,451,6209,1110,8151,DISTRITO FEDERAL (INTEIRO),339039,100,70000000
142473,1,decrescimo,22214,15,452,6209,3002,33,DISTRITO FEDERAL (INTEIRO),449051,100,1437500
142473,2,acrescimo,18101,12,122,6221,9068,361,III,445042,100,1437500
142474,1,decrescimo,9111,15,451,6206,3596,27,IX,449051,100,11000000
142474,2,acrescimo,22201,15,451,6206,3596,20165,IX,449051,100,11000000
142475,1,decrescimo,9111,15,451,6206,3596,27,IX,449052,100,2000000
142475,2,acrescimo,22201,15,451,6206,3596,20166,IX,449052,100,2000000
142476,1,decrescimo,9136,15,451,6206,3048,49,XXXII.2,339039,100,33000000
142476,2,acrescimo,22201,15,451,6206,3048,20169,XXXII.2,449051,100,33000000
142477,1,decrescimo,18101,12,122,6221,9068,382,DISTRITO FEDERAL (INTEIRO),335043,100,25000000
142477,2,acrescimo,16101,13,392,6219,9075,20176,DISTRITO FEDERAL (INTEIRO),335041,100,25000000
142478,1,decrescimo,61101,14,244,6228,9107,383,DISTRITO FEDERAL (INTEIRO),335041,100,20000000
142478,2,decrescimo,10101,14,243,6211,9078,76,DISTRITO FEDERAL (INTEIRO),335041,100,18000000
142478,3,acrescimo,27101,23,695,6207,9085,52,DISTRITO FEDERAL (INTEIRO),335041,100,38000000
142479,1,decrescimo,10101,14,243,6211,9078,76,DISTRITO FEDERAL (INTEIRO),335041,100,15000000
142479,2,acrescimo,34101,27,812,6206,9080,241,DISTRITO FEDERAL (INTEIRO),335041,100,15000000
142480,1,decrescimo,18101,12,122,6221,9068,382,DISTRITO FEDERAL (INTEIRO),335043,100,24951000
142480,2,decrescimo,10101,14,243,6211,9078,76,DISTRITO FEDERAL (INTEIRO),335041,100,22900000
142480,3,acrescimo,40101,19,573,6207,9107,370,DISTRITO FEDERAL (INTEIRO),335041,100,47851000
142481,1,decrescimo,23901,10,122,6202,4166,114,DISTRITO FEDERAL (INTEIRO),449052,100,15000000
142481,2,decrescimo,23901,10,122,6202,4166,114,DISTRITO FEDERAL (INTEIRO),339039,100,5000000
142481,3,acrescimo,23901,10,302,8202,2396,20170,DISTRITO FEDERAL (INTEIRO),339039,100,20000000
142482,1,decrescimo,9117,15,451,6209,1110,8143,XV,449051,100,30000000
142482,2,acrescimo,9117,15,451,6206,3048,20164,XV,449051,100,30000000
142483,1,decrescimo,18101,12,122,6221,9068,382,DISTRITO FEDERAL (INTEIRO),335043,100,70000000
142483,2,decrescimo,18101,12,122,6221,9068,382,DISTRITO FEDERAL (INTEIRO),445042,100,30000000
142483,3,acrescimo,22201,15,451,8209,3903,20171,VI,449051,100,100000000
142484,1,decrescimo,9111,15,451,6209,1110,8141,IX,449030,100,17000000
142484,2,acrescimo,9111,15,451,6209,1110,8141,IX,339030,100,17000000
142485,1,decrescimo,22201,15,451,6209,1110,8152,DISTRITO FEDERAL (INTEIRO),449051,100,50000000
142485,2,decrescimo,44101,14,422,6211,9091,16,DISTRITO FEDERAL (INTEIRO),335041,100,50000000
142485,3,decrescimo,26205,26,782,6216,5745,63,DISTRITO FEDERAL (INTEIRO),449051,100,50000000
142485,4,decrescimo,14203,20,511,6210,3043,5608,DISTRITO FEDERAL (INTEIRO),339039,100,30000000
142485,5,decrescimo,60101,14,422,6211,9107,363,DISTRITO FEDERAL (INTEIRO),335041,100,20000000
142485,6,acrescimo,18101,12,122,6221,9068,20182,DISTRITO FEDERAL (INTEIRO),335043,100,200000000
142486,1,decrescimo,22214,15,452,6209,2079,10,DISTRITO FEDERAL (INTEIRO),449052,100,20000000
142486,2,acrescimo,18101,12,122,6221,9068,373,DISTRITO FEDERAL (INTEIRO),445042,100,20000000
142487,1,decrescimo,34101,27,812,6206,2631,19,DISTRITO FEDERAL (INTEIRO),339033,100,50000000
142487,2,decrescimo,22201,15,451,6209,1110,8152,DISTRITO FEDERAL (INTEIRO),449051,100,40000000
142487,3,acrescimo,34101,27,812,6206,9080,231,DISTRITO FEDERAL (INTEIRO),335041,100,90000000
142488,1,decrescimo,60101,14,422,6211,9107,363,DISTRITO FEDERAL (INTEIRO),335041,100,5000000
142488,2,acrescimo,24103,6,181,6217,3029,20175,DISTRITO FEDERAL (INTEIRO),449052,100,5000000
142489,1,decrescimo,23901,10,122,6202,9107,314,DISTRITO FEDERAL (INTEIRO),445042,100,100000000
142489,2,acrescimo,18101,12,243,6221,9107,20177,DISTRITO FEDERAL (INTEIRO),335041,100,100000000
142490,1,decrescimo,34101,27,812,6206,4091,5930,DISTRITO FEDERAL (INTEIRO),339039,100,80000000
142490,2,acrescimo,26206,26,451,6216,5071,20180,DISTRITO FEDERAL (INTEIRO),445042,100,80000000
142491,1,decrescimo,22201,15,451,6209,1110,8152,DISTRITO FEDERAL (INTEIRO),449051,100,30000000
142491,2,acrescimo,22201,15,451,6206,3596,20181,DISTRITO FEDERAL (INTEIRO),449051,100,30000000
142492,1,decrescimo,23901,1,31,6202,9107,318,DISTRITO FEDERAL (INTEIRO),445052,100,150000000
142492,2,acrescimo,23901,10,302,6202,9107,20159,DISTRITO FEDERAL (INTEIRO),445042,100,150000000
142493,1,decrescimo,22201,15,451,6209,1110,8169,DISTRITO FEDERAL (INTEIRO),449051,100,20000000
142493,2,decrescimo,17101,8,243,6228,9107,382,DISTRITO FEDERAL (INTEIRO),335043,100,25000000
142493,3,decrescimo,9103,15,451,6209,8507,6556,DISTRITO FEDERAL (INTEIRO),339039,100,10000000
142493,4,acrescimo,14101,20,845,6201,9107,20187,DISTRITO FEDERAL (INTEIRO),335041,100,55000000
142494,1,decrescimo,22201,15,451,6209,1110,8169,DISTRITO FEDERAL (INTEIRO),449051,100,80000000
142494,2,acrescimo,10101,8,243,6228,9107,379,DISTRITO FEDERAL (INTEIRO),335043,100,80000000
142495,1,decrescimo,21208,18,541,6210,9107,309,DISTRITO FEDERAL (INTEIRO),335041,100,25000000
142495,2,decrescimo,9103,15,451,6209,8507,6556,DISTRITO FEDERAL (INTEIRO),339039,100,5000000
142495,3,acrescimo,26206,26,453,6216,3467,20188,DISTRITO FEDERAL (INTEIRO),449052,100,30000000
142496,1,decrescimo,23901,1,31,6202,9107,318,DISTRITO FEDERAL (INTEIRO),445052,100,50000000
142496,2,acrescimo,23901,10,122,6202,4166,20190,DISTRITO FEDERAL (INTEIRO),449052,100,50000000
142497,1,decrescimo,9131,15,752,6209,8507,80,XXIX,339039,100,50000000
142497,2,acrescimo,16101,13,392,6219,9075,356,DISTRITO FEDERAL (INTEIRO),335041,100,50000000
142498,1,decrescimo,9103,15,451,6209,8507,6556,DISTRITO FEDERAL (INTEIRO),339039,100,135000000
142498,2,acrescimo,27101,23,695,6207,9107,331,DISTRITO FEDERAL (INTEIRO),335041,100,135000000
142499,1,decrescimo,22101,15,752,6209,1836,7124,DISTRITO FEDERAL (INTEIRO),449051,100,100000000
142499,2,acrescimo,17101,8,242,6228,9073,20185,DISTRITO FEDERAL (INTEIRO),335043,100,100000000
142500,1,decrescimo,9128,4,451,6209,1968,3237,XXVI,339039,100,10000000
142500,2,decrescimo,9128,4,451,6209,1968,3238,XXVI,339039,100,10000000
142500,3,acrescimo,34101,27,812,6206,9080,236,DISTRITO FEDERAL (INTEIRO),335041,100,20000000
142501,1,decrescimo,18101,12,122,6221,9068,375,DISTRITO FEDERAL (INTEIRO),335043,100,50000000
142501,2,decrescimo,18101,12,122,6221,9068,375,DISTRITO FEDERAL (INTEIRO),445042,100,50000000
142501,3,acrescimo,18101,12,243,6221,9107,20191,DISTRITO FEDERAL (INTEIRO),335043,100,100000000
142502,1,decrescimo,22101,15,752,6209,1836,7124,DISTRITO FEDERAL (INTEIRO),449051,100,100000000
142502,2,decrescimo,22201,27,812,6206,3048,9654,DISTRITO FEDERAL (INTEIRO),449051,100,50000000
142502,3,acrescimo,16101,13,392,6219,9075,346,DISTRITO FEDERAL (INTEIRO),335041,100,150000000
142503,1,decrescimo,18101,12,122,6221,9068,378,DISTRITO FEDERAL (INTEIRO),335043,100,40000000
142503,2,acrescimo,18101,12,122,6221,9068,378,DISTRITO FEDERAL (INTEIRO),445042,100,40000000
142504,1,decrescimo,18101,12,122,6221,9068,378,DISTRITO FEDERAL (INTEIRO),335043,100,34700000
142504,2,decrescimo,23901,10,122,6202,4166,106,DISTRITO FEDERAL (INTEIRO),339039,100,300000
142504,3,decrescimo,24103,6,181,6217,3029,9541,DISTRITO FEDERAL (INTEIRO),449052,100,5000000
142504,4,acrescimo,57101,14,422,6211,9107,20199,DISTRITO FEDERAL (INTEIRO),335041,100,40000000
142505,1,decrescimo,24103,6,181,6217,3029,9541,DISTRITO FEDERAL (INTEIRO),449052,100,60000000
142505,2,decrescimo,34101,27,812,6206,9080,235,DISTRITO FEDERAL (INTEIRO),335041,100,12500000
142505,3,acrescimo,16101,13,392,6219,9075,345,DISTRITO FEDERAL (INTEIRO),335041,100,72500000
142506,1,decrescimo,34101,27,812,6206,9080,235,DISTRITO FEDERAL (INTEIRO),335041,100,48000000
142506,2,acrescimo,27101,23,695,6207,9085,92,DISTRITO FEDERAL (INTEIRO),335041,100,48000000
142507,1,decrescimo,25101,11,333,6207,2900,7573,DISTRITO FEDERAL (INTEIRO),339039,100,100000000
142507,2,acrescimo,25101,11,333,6207,9107,323,DISTRITO FEDERAL (INTEIRO),335041,100,100000000
142508,1,decrescimo,18101,12,122,6221,9068,378,DISTRITO FEDERAL (INTEIRO),335043,100,20000000
142508,2,acrescimo,14101,20,845,6201,9107,290,DISTRITO FEDERAL (INTEIRO),335041,100,20000000
142509,1,decrescimo,23901,10,302,6202,9107,319,DISTRITO FEDERAL (INTEIRO),445042,100,10000000
142509,2,acrescimo,23901,10,302,6202,9107,319,DISTRITO FEDERAL (INTEIRO),335041,100,10000000
142510,1,decrescimo,9115,4,122,8205,1471,5899,XIII,449052,100,4500000
142510,2,decrescimo,9115,15,451,6206,3902,9568,XIII,449051,100,45500000
142510,3,acrescimo,57101,14,422,6211,9107,20200,DISTRITO FEDERAL (INTEIRO),335041,100,50000000
142511,1,decrescimo,26205,26,782,6216,5745,64,DISTRITO FEDERAL (INTEIRO),449051,100,20000000
142511,2,acrescimo,9115,15,451,6209,1110,20201,XIII,449051,100,20000000
142512,1,decrescimo,26205,26,782,6216,5745,64,DISTRITO FEDERAL (INTEIRO),449051,100,30000000
142512,2,acrescimo,9115,4,421,6217,2426,20202,XIII,339139,100,30000000
142513,1,decrescimo,22201,15,451,6209,1110,8153,DISTRITO FEDERAL (INTEIRO),449051,100,70000000
142513,2,acrescimo,27101,23,695,6207,9085,83,DISTRITO FEDERAL (INTEIRO),335041,100,70000000
142514,1,decrescimo,57101,14,422,6211,9107,348,DISTRITO FEDERAL (INTEIRO),335041,100,25000000
142514,2,acrescimo,27101,23,695,6207,9085,83,DISTRITO FEDERAL (INTEIRO),335041,100,25000000
142515,1,decrescimo,22201,27,812,6206,3048,9652,DISTRITO FEDERAL (INTEIRO),339039,100,170000000
142515,2,acrescimo,34101,27,812,6206,1079,20203,DISTRITO FEDERAL (INTEIRO),449051,100,170000000
142516,1,decrescimo,22201,15,451,6209,1110,8153,DISTRITO FEDERAL (INTEIRO),449051,100,10000000
142516,2,acrescimo,34101,27,812,6206,1079,20203,DISTRITO FEDERAL (INTEIRO),449051,100,10000000
142517,1,decrescimo,22201,15,451,6209,1110,8153,DISTRITO FEDERAL (INTEIRO),449051,100,20000000
142517,2,acrescimo,34101,27,812,6206,9080,229,DISTRITO FEDERAL (INTEIRO),335041,100,20000000
142518,1,decrescimo,22201,15,451,6209,1110,8153,DISTRITO FEDERAL (INTEIRO),449051,100,50000000
142518,2,acrescimo,16101,13,392,6219,9075,338,DISTRITO FEDERAL (INTEIRO),335041,100,50000000
142519,1,decrescimo,57101,14,422,6211,9107,348,DISTRITO FEDERAL (INTEIRO),335041,100,25000000
142519,2,acrescimo,16101,13,392,6219,9075,338,DISTRITO FEDERAL (INTEIRO),335041,100,25000000
142520,1,decrescimo,24101,6,181,6217,4031,34,DISTRITO FEDERAL (INTEIRO),449052,100,5000000
142520,2,acrescimo,16101,13,392,6219,9075,338,DISTRITO FEDERAL (INTEIRO),335041,100,5000000
142521,1,decrescimo,17101,8,244,6228,9073,30,DISTRITO FEDERAL (INTEIRO),335043,100,5000000
142521,2,acrescimo,16101,13,392,6219,9075,338,DISTRITO FEDERAL (INTEIRO),335041,100,5000000
142522,1,decrescimo,24101,6,181,6217,4031,34,DISTRITO FEDERAL (INTEIRO),449052,100,10000000
142522,2,acrescimo,21101,18,542,6210,9107,304,DISTRITO FEDERAL (INTEIRO),335041,100,10000000
142523,1,decrescimo,22201,15,451,6209,1110,8146,XXI,449051,100,12000000
142523,2,acrescimo,21101,18,541,6210,9107,20206,DISTRITO FEDERAL (INTEIRO),335041,100,12000000
142524,1,decrescimo,22201,15,451,6209,1110,8146,XXI,449051,100,8000000
142524,2,acrescimo,25101,11,334,6207,9107,20207,DISTRITO FEDERAL (INTEIRO),335041,100,8000000
142525,1,decrescimo,22201,15,451,6209,1110,8153,DISTRITO FEDERAL (INTEIRO),449051,100,17000000
142525,2,acrescimo,25101,11,334,6207,9107,20207,DISTRITO FEDERAL (INTEIRO),335041,100,17000000
142526,1,decrescimo,23901,10,122,6202,4166,103,DISTRITO FEDERAL (INTEIRO),339039,100,50000000
142526,2,acrescimo,25101,11,334,6207,9107,20173,IX,335041,100,50000000
142527,1,decrescimo,22201,15,451,6209,1110,8155,DISTRITO FEDERAL (INTEIRO),449051,100,20000000
142527,2,acrescimo,27101,23,695,6207,9085,20158,IX,335041,100,20000000
142528,1,decrescimo,23901,10,122,6202,4166,103,DISTRITO FEDERAL (INTEIRO),339039,100,30000000
142528,2,acrescimo,57101,14,422,6211,9107,20184,XXXII.2,335041,100,30000000
142529,1,decrescimo,23901,10,122,6202,4166,103,DISTRITO FEDERAL (INTEIRO),339039,100,10000000
142529,2,acrescimo,57101,14,422,6211,9107,20186,IX,335041,100,10000000
142530,1,decrescimo,23901,10,122,6202,4166,103,DISTRITO FEDERAL (INTEIRO),339039,100,20000000
142530,2,acrescimo,34101,27,812,6206,9080,20140,DISTRITO FEDERAL (INTEIRO),335041,100,20000000
142531,1,decrescimo,22201,15,451,6209,1110,8155,DISTRITO FEDERAL (INTEIRO),449051,100,13400000
142531,2,acrescimo,22201,15,451,6206,3596,20143,IX,449051,100,13400000
142532,1,decrescimo,22201,15,451,6209,1110,8155,DISTRITO FEDERAL (INTEIRO),449051,100,20000000
142532,2,acrescimo,57101,14,422,6211,9107,20157,XXXII.2,335041,100,20000000
142533,1,decrescimo,16101,13,392,6219,9075,334,DISTRITO FEDERAL (INTEIRO),335041,100,5000000
142533,2,acrescimo,26205,26,782,6216,3711,20209,DISTRITO FEDERAL (INTEIRO),339039,100,5000000
142534,1,decrescimo,9106,15,451,6209,1110,8140,IV,339030,100,50000000
142534,2,acrescimo,27101,23,695,6207,9085,20204,DISTRITO FEDERAL (INTEIRO),335041,100,50000000
142535,1,decrescimo,22201,15,451,6209,1110,8150,DISTRITO FEDERAL (INTEIRO),449051,100,45000000
142535,2,acrescimo,21101,18,541,6210,9107,20174,DISTRITO FEDERAL (INTEIRO),335041,100,45000000
142536,1,decrescimo,16101,13,392,6219,9075,334,DISTRITO FEDERAL (INTEIRO),335041,100,20000000
142536,2,acrescimo,14101,20,845,6201,9107,20213,DISTRITO FEDERAL (INTEIRO),335041,100,20000000
142537,1,decrescimo,22201,15,451,6209,1110,8150,DISTRITO FEDERAL (INTEIRO),449051,100,170000000
142537,2,acrescimo,14101,20,605,6201,3724,20153,DISTRITO FEDERAL (INTEIRO),449051,100,170000000
142538,1,decrescimo,22201,15,451,6209,1110,8150,DISTRITO FEDERAL (INTEIRO),449051,100,20000000
142538,2,acrescimo,14203,20,606,6201,3724,20179,DISTRITO FEDERAL (INTEIRO),339030,100,20000000
142539,1,decrescimo,9106,15,451,6209,1110,8140,IV,339030,100,50000000
142539,2,acrescimo,60101,14,422,6211,9107,20205,DISTRITO FEDERAL (INTEIRO),335041,100,50000000
142540,1,decrescimo,40101,19,573,6207,9118,36,DISTRITO FEDERAL (INTEIRO),335041,100,60000000
142540,2,decrescimo,22201,15,451,6209,1110,8150,DISTRITO FEDERAL (INTEIRO),449051,100,60000000
142540,3,acrescimo,18101,12,122,6221,9068,20155,DISTRITO FEDERAL (INTEIRO),335043,100,120000000
142541,1,decrescimo,90101,99,999,9999,9999,3,DISTRITO FEDERAL (INTEIRO),999999,100,50000000
142541,2,acrescimo,22201,15,451,6209,1110,8155,DISTRITO FEDERAL (INTEIRO),449051,100,50000000
142542,1,decrescimo,21101,18,542,6210,9088,20,DISTRITO FEDERAL (INTEIRO),335041,100,10800000
142542,2,acrescimo,22214,15,452,6209,3002,20167,DISTRITO FEDERAL (INTEIRO),449051,100,10800000
142543,1,decrescimo,21101,18,542,6210,9088,20,DISTRITO FEDERAL (INTEIRO),335041,100,100000000
142543,2,acrescimo,18101,12,243,6221,9107,20168,DISTRITO FEDERAL (INTEIRO),335041,100,100000000
142544,1,decrescimo,21101,18,542,6210,9088,20,DISTRITO FEDERAL (INTEIRO),335041,100,69200000
142544,2,acrescimo,34101,27,812,6206,9080,232,DISTRITO FEDERAL (INTEIRO),335041,100,69200000
142545,1,decrescimo,21101,18,542,6210,9088,20,DISTRITO FEDERAL (INTEIRO),335041,100,170000000
142545,2,decrescimo,22201,15,452,6209,8508,9252,DISTRITO FEDERAL (INTEIRO),449052,100,30000000
142545,3,acrescimo,16101,13,392,6219,9075,344,DISTRITO FEDERAL (INTEIRO),335041,100,200000000
142546,1,decrescimo,14101,20,304,6201,4022,5,DISTRITO FEDERAL (INTEIRO),339030,100,100000000
142546,2,decrescimo,9104,25,752,6209,8507,6557,II,339039,100,50000000
142546,3,decrescimo,9104,27,812,6206,4090,6140,II,339030,100,10000000
142546,4,decrescimo,22201,15,451,6209,1110,8156,DISTRITO FEDERAL (INTEIRO),449051,100,90000000
142546,5,decrescimo,21101,18,542,6210,2536,24,DISTRITO FEDERAL (INTEIRO),339039,100,50000000
142546,6,acrescimo,27101,23,695,6207,9085,90,DISTRITO FEDERAL (INTEIRO),335041,100,300000000
142547,1,decrescimo,34101,27,812,6206,4170,27,DISTRITO FEDERAL (INTEIRO),339039,100,25000000
142547,2,decrescimo,27101,23,695,6207,9085,99,DISTRITO FEDERAL (INTEIRO),335041,100,3500000
142547,3,acrescimo,23901,10,302,6202,3223,11,XIV,339039,100,28500000
142548,1,decrescimo,27101,23,695,6207,9085,99,DISTRITO FEDERAL (INTEIRO),335041,100,10000000
142548,2,acrescimo,34101,27,812,6206,9080,161,DISTRITO FEDERAL (INTEIRO),335041,100,10000000
142549,1,decrescimo,23901,10,302,6202,3223,11,XIV,339039,100,40000000
142549,2,decrescimo,34101,27,812,6206,4170,27,DISTRITO FEDERAL (INTEIRO),339039,100,25000000
142549,3,decrescimo,27101,23,695,6207,9085,99,DISTRITO FEDERAL (INTEIRO),335041,100,3500000
142549,4,acrescimo,23901,10,302,6202,3223,20216,XIV,449151,100,68500000
142550,1,decrescimo,18101,12,122,6221,9068,370,DISTRITO FEDERAL (INTEIRO),335043,100,20000000
142550,2,acrescimo,40101,19,573,6207,9107,20212,DISTRITO FEDERAL (INTEIRO),335041,100,20000000
142551,1,decrescimo,9103,15,451,6209,8507,6556,DISTRITO FEDERAL (INTEIRO),339039,100,5000000
142551,2,decrescimo,21208,18,541,6210,9107,309,DISTRITO FEDERAL (INTEIRO),335041,100,25000000
142551,3,acrescimo,26206,26,453,6216,3467,20217,DISTRITO FEDERAL (INTEIRO),449052,100,30000000
142552,1,decrescimo,22201,15,451,6209,1110,8169,DISTRITO FEDERAL (INTEIRO),449051,100,20000000
142552,2,decrescimo,17101,8,243,6228,9107,382,DISTRITO FEDERAL (INTEIRO),335043,100,25000000
142552,3,decrescimo,9103,15,451,6209,8507,6556,DISTRITO FEDERAL (INTEIRO),339039,100,10000000
142552,4,acrescimo,14101,20,845,6201,9107,20218,DISTRITO FEDERAL (INTEIRO),335041,100,55000000
142553,1,decrescimo,45101,4,126,8203,1471,5902,DISTRITO FEDERAL (INTEIRO),449052,100,8300000
142553,2,acrescimo,45101,4,126,8203,1471,5902,DISTRITO FEDERAL (INTEIRO),339040,100,8300000
142554,1,decrescimo,9117,15,752,6209,8507,6575,XV,339039,100,13000000
142554,2,acrescimo,27101,23,695,6207,9085,98,DISTRITO FEDERAL (INTEIRO),335041,100,13000000
142555,1,decrescimo,9127,15,752,6209,8507,6580,XXV,339039,100,15000000
142555,2,decrescimo,9111,15,752,6209,8507,6566,IX,339039,100,5000000
142555,3,acrescimo,34101,27,812,6206,9080,240,DISTRITO FEDERAL (INTEIRO),335041,100,20000000
142556,1,decrescimo,9114,15,752,6209,8507,6570,XII,339039,100,75000000
142556,2,decrescimo,9115,15,752,6209,8507,6572,XIII,339039,100,15000000
142556,3,acrescimo,22201,15,451,6209,1110,8165,DISTRITO FEDERAL (INTEIRO),449051,100,90000000
142557,1,decrescimo,22201,15,122,6216,3087,8,DISTRITO FEDERAL (INTEIRO),449051,100,80000000
142557,2,decrescimo,9105,15,752,6209,8507,6559,III,339039,100,20000000
142557,3,acrescimo,23901,10,122,8202,8517,20220,DISTRITO FEDERAL (INTEIRO),449052,100,100000000
142558,1,decrescimo,40101,19,573,6207,9118,32,DISTRITO FEDERAL (INTEIRO),335041,100,50000000
142558,2,acrescimo,26205,26,782,6217,4197,20221,DISTRITO FEDERAL (INTEIRO),339039,100,50000000
142559,1,decrescimo,22214,15,452,6209,2079,6,X,449052,100,50000000
142559,2,acrescimo,24201,6,452,6217,4101,20222,DISTRITO FEDERAL (INTEIRO),339039,100,50000000
142560,1,decrescimo,16101,13,392,6219,9075,352,DISTRITO FEDERAL (INTEIRO),335041,100,23000000
142560,2,decrescimo,9117,15,752,6209,8507,6575,XV,339039,100,2000000
142560,3,acrescimo,25101,11,333,6207,2900,20223,DISTRITO FEDERAL (INTEIRO),339039,100,25000000
142561,1,decrescimo,9111,15,752,6209,8507,6566,IX,339039,100,10000000
142561,2,acrescimo,44101,14,422,6211,9107,20224,DISTRITO FEDERAL (INTEIRO),335041,100,10000000
142562,1,decrescimo,16101,13,392,6219,5026,2,DISTRITO FEDERAL (INTEIRO),339039,100,100000000
142562,2,acrescimo,16101,13,392,6219,9075,20227,DISTRITO FEDERAL (INTEIRO),335041,100,100000000
142563,1,decrescimo,14203,20,606,6201,2173,57,DF ENTORNO,339039,100,40000000
142563,2,acrescimo,14203,20,606,6201,3724,20131,DISTRITO FEDERAL (INTEIRO),339039,100,40000000
142564,1,decrescimo,14203,20,606,6201,2173,57,DF ENTORNO,339030,100,4000000
142564,2,acrescimo,14203,20,606,6201,3724,20132,DISTRITO FEDERAL (INTEIRO),339039,100,4000000
142565,1,decrescimo,14203,20,606,6201,2173,57,DF ENTORNO,449052,100,56000000
142565,2,acrescimo,14203,20,606,6201,3724,20133,DISTRITO FEDERAL (INTEIRO),339039,100,56000000
142566,1,decrescimo,17101,8,244,6228,9107,295,DISTRITO FEDERAL (INTEIRO),335043,100,15000000
142566,2,acrescimo,44101,14,422,6211,9107,386,DISTRITO FEDERAL (INTEIRO),335041,100,15000000
142567,1,decrescimo,34101,27,812,6206,9080,242,DISTRITO FEDERAL (INTEIRO),335041,100,6000000
142567,2,acrescimo,44101,14,422,6211,9107,386,DISTRITO FEDERAL (INTEIRO),335041,100,6000000
142568,1,decrescimo,14101,20,845,6201,9107,292,DISTRITO FEDERAL (INTEIRO),335041,100,18000000
142568,2,acrescimo,16101,13,392,6219,9075,353,DISTRITO FEDERAL (INTEIRO),335041,100,18000000
142569,1,decrescimo,14101,20,845,6201,9107,292,DISTRITO FEDERAL (INTEIRO),335041,100,2000000
142569,2,acrescimo,44101,14,422,6211,9107,386,DISTRITO FEDERAL (INTEIRO),335041,100,2000000
142570,1,decrescimo,17101,8,244,6228,9073,34,DISTRITO FEDERAL (INTEIRO),335043,100,50000000
142570,2,decrescimo,27101,23,695,6207,9085,95,DISTRITO FEDERAL (INTEIRO),335041,100,25000000
142570,3,acrescimo,44101,14,422,6211,9091,19,DISTRITO FEDERAL (INTEIRO),335043,100,75000000
142571,1,decrescimo,27101,23,695,6207,9085,95,DISTRITO FEDERAL (INTEIRO),335041,100,15000000
142571,2,acrescimo,9123,4,122,8205,3903,20228,XVII,339039,100,15000000
142572,1,decrescimo,27101,23,695,6207,9085,95,DISTRITO FEDERAL (INTEIRO),335041,100,8000000
142572,2,acrescimo,40101,19,572,6207,9107,20219,DISTRITO FEDERAL (INTEIRO),335041,100,8000000
142573,1,decrescimo,17101,8,422,6211,9107,296,DISTRITO FEDERAL (INTEIRO),335043,100,60000000
142573,2,acrescimo,57101,14,422,6211,9107,20230,DISTRITO FEDERAL (INTEIRO),335041,100,60000000
142574,1,decrescimo,27101,23,695,6207,9085,95,DISTRITO FEDERAL (INTEIRO),335041,100,25140000
142574,2,decrescimo,40101,19,572,6216,1471,5900,DISTRITO FEDERAL (INTEIRO),339039,100,50000000
142574,3,decrescimo,21208,18,542,6210,2536,25,DISTRITO FEDERAL (INTEIRO),339039,100,14900000
142574,4,decrescimo,48101,3,61,8211,2422,9661,DISTRITO FEDERAL (INTEIRO),339039,100,25000000
142574,5,acrescimo,16101,13,392,6219,9075,357,DISTRITO FEDERAL (INTEIRO),335041,100,115040000
142575,1,decrescimo,22101,15,752,6209,8507,6587,DISTRITO FEDERAL (INTEIRO),339039,100,20000000
142575,2,decrescimo,14101,25,752,6209,8507,6585,DISTRITO FEDERAL (INTEIRO),339039,100,15000000
142575,3,decrescimo,9103,25,752,6209,8507,6555,I,339039,100,30000000
142575,4,decrescimo,9114,25,752,6209,8507,6569,XII,339039,100,30000000
142575,5,decrescimo,9123,25,752,6209,8507,6578,XXI,339039,100,15000000
142575,6,acrescimo,18101,12,243,6221,9107,20192,DISTRITO FEDERAL (INTEIRO),335043,100,110000000
142576,1,decrescimo,17101,8,244,6228,9071,31,DISTRITO FEDERAL (INTEIRO),335043,100,10000000
142576,2,acrescimo,17101,16,482,6208,4187,20193,DISTRITO FEDERAL (INTEIRO),339048,100,10000000
142577,1,decrescimo,26205,26,782,6216,4195,21,DISTRITO FEDERAL (INTEIRO),339030,100,25000000
142577,2,acrescimo,40101,19,573,6207,9107,334,DISTRITO FEDERAL (INTEIRO),335041,100,25000000
142578,1,decrescimo,26205,26,782,6216,4195,21,DISTRITO FEDERAL (INTEIRO),339039,100,25000000
142578,2,acrescimo,9109,15,451,6209,1110,20211,VII,339039,100,25000000
142579,1,decrescimo,22201,15,451,6209,1110,8161,DISTRITO FEDERAL (INTEIRO),449051,100,92500000
142579,2,acrescimo,34101,27,812,6206,9080,234,DISTRITO FEDERAL (INTEIRO),335041,100,92500000
142580,1,decrescimo,22201,15,451,6209,1110,8161,DISTRITO FEDERAL (INTEIRO),449051,100,10000000
142580,2,acrescimo,22201,15,451,6209,1968,20196,II,449051,100,10000000
142581,1,decrescimo,22101,15,752,6209,8507,6587,DISTRITO FEDERAL (INTEIRO),339039,100,5000000
142581,2,acrescimo,26101,26,782,6216,7220,20197,XXVIII,449051,100,5000000
142582,1,decrescimo,14101,15,752,6209,1836,7123,DISTRITO FEDERAL (INTEIRO),449051,100,43000000
142582,2,acrescimo,27101,23,695,6207,9085,91,DISTRITO FEDERAL (INTEIRO),335041,100,43000000
142583,1,decrescimo,9103,15,451,6209,1110,8135,I,449051,100,23000000
142583,2,acrescimo,57101,14,422,6211,9107,20198,DISTRITO FEDERAL (INTEIRO),335041,100,23000000
142584,1,decrescimo,14101,15,752,6209,1836,7123,DISTRITO FEDERAL (INTEIRO),449051,100,3000000
142584,2,decrescimo,26205,26,782,6216,4195,21,DISTRITO FEDERAL (INTEIRO),339030,100,5000000
142584,3,acrescimo,18101,12,361,6221,9107,20215,DISTRITO FEDERAL (INTEIRO),335041,100,8000000
142585,1,decrescimo,22201,15,451,6209,1110,8161,DISTRITO FEDERAL (INTEIRO),449051,100,5500000
142585,2,decrescimo,14101,15,752,6209,1836,7123,DISTRITO FEDERAL (INTEIRO),449051,100,4000000
142585,3,decrescimo,9103,15,451,6209,1110,8135,I,449051,100,2000000
142585,4,acrescimo,16101,13,392,6219,9075,343,DISTRITO FEDERAL (INTEIRO),335041,100,11500000
142586,1,decrescimo,9103,15,451,6209,1110,8135,I,449051,100,15000000
142586,2,acrescimo,21101,20,605,6201,2772,20232,DISTRITO FEDERAL (INTEIRO),335041,100,15000000
142587,1,decrescimo,26205,26,782,6216,4195,21,DISTRITO FEDERAL (INTEIRO),339039,100,20000000
142587,2,acrescimo,14101,20,606,6201,2620,20189,DISTRITO FEDERAL (INTEIRO),339030,100,20000000
142588,1,decrescimo,22101,15,752,6209,8507,6587,DISTRITO FEDERAL (INTEIRO),339039,100,5000000
142588,2,acrescimo,44101,14,422,6211,9107,20226,DISTRITO FEDERAL (INTEIRO),335041,100,5000000
142589,1,decrescimo,17902,8,244,6228,9073,36,DISTRITO FEDERAL (INTEIRO),335043,100,16010000
142589,2,acrescimo,45101,4,124,6203,4093,3,DISTRITO FEDERAL (INTEIRO),339031,100,16010000
142590,1,decrescimo,22201,15,451,6209,1110,8168,DISTRITO FEDERAL (INTEIRO),449051,100,2010000
142590,2,decrescimo,22201,15,451,6216,1223,6,DISTRITO FEDERAL (INTEIRO),339039,100,65990000
142590,3,acrescimo,34101,27,812,6206,9080,239,DISTRITO FEDERAL (INTEIRO),335041,100,68000000
142591,1,decrescimo,22201,15,451,6216,1223,6,DISTRITO FEDERAL (INTEIRO),339039,100,4010000
142591,2,decrescimo,17902,8,244,6228,9073,36,DISTRITO FEDERAL (INTEIRO),335043,100,23990000
142591,3,acrescimo,27101,23,695,6207,9085,97,DISTRITO FEDERAL (INTEIRO),335041,100,28000000
142592,1,decrescimo,17902,8,244,6228,9073,36,DISTRITO FEDERAL (INTEIRO),335043,100,100000000
142592,2,acrescimo,60101,14,422,6211,9107,20231,DISTRITO FEDERAL (INTEIRO),335041,100,100000000
142593,1,decrescimo,22201,15,451,6209,1110,8168,DISTRITO FEDERAL (INTEIRO),449051,100,34990000
142593,2,acrescimo,25101,11,333,6207,9107,326,DISTRITO FEDERAL (INTEIRO),335041,100,34990000
142594,1,decrescimo,22201,15,451,6209,1110,8168,DISTRITO FEDERAL (INTEIRO),449051,100,13000000
142594,2,decrescimo,22201,17,512,6209,2903,7,DISTRITO FEDERAL (INTEIRO),339039,100,70000000
142594,3,acrescimo,40101,19,573,6207,9118,33,DISTRITO FEDERAL (INTEIRO),335041,100,83000000
142595,1,decrescimo,23901,10,122,6202,4166,107,DISTRITO FEDERAL (INTEIRO),449052,100,36000000
142595,2,decrescimo,23901,10,122,6202,4166,107,DISTRITO FEDERAL (INTEIRO),339039,100,36000000
142595,3,decrescimo,22201,15,451,6206,3048,9653,DISTRITO FEDERAL (INTEIRO),339030,100,5000000
142595,4,decrescimo,21101,18,122,6210,3467,9667,DISTRITO FEDERAL (INTEIRO),449052,100,23000000
142595,5,acrescimo,16101,13,392,6219,9075,347,DISTRITO FEDERAL (INTEIRO),335041,100,100000000
142596,1,decrescimo,16101,13,392,6219,2962,5,DISTRITO FEDERAL (INTEIRO),339039,100,10000000
142596,2,acrescimo,27101,23,695,6207,9085,94,DISTRITO FEDERAL (INTEIRO),335041,100,10000000
142597,1,decrescimo,22201,15,451,6206,3048,9653,DISTRITO FEDERAL (INTEIRO),339030,100,15000000
142597,2,acrescimo,9123,4,122,8205,3903,20229,XVII,339039,100,15000000
142598,1,decrescimo,22214,15,452,6209,3013,2,DISTRITO FEDERAL (INTEIRO),339039,100,40000000
142598,2,acrescimo,22214,15,452,6209,3013,20214,DISTRITO FEDERAL (INTEIRO),449051,100,40000000
142599,1,decrescimo,9103,15,451,6209,1110,8135,I,449051,100,15000000
142599,2,acrescimo,21101,20,605,6201,9107,20233,DISTRITO FEDERAL (INTEIRO),335041,100,15000000
142600,1,decrescimo,18101,12,122,6221,9068,377,DISTRITO FEDERAL (INTEIRO),335043,100,15000000
142600,2,decrescimo,18101,12,122,6221,9068,377,DISTRITO FEDERAL (INTEIRO),445042,100,85000000
142600,3,acrescimo,22201,15,451,6209,1110,20234,DISTRITO FEDERAL (INTEIRO),449051,100,100000000
142601,1,decrescimo,14203,20,511,6210,3043,5609,DISTRITO FEDERAL (INTEIRO),339039,100,20000000
142601,2,acrescimo,14101,20,845,6201,9107,20235,DISTRITO FEDERAL (INTEIRO),335041,100,20000000
142602,1,decrescimo,22201,15,451,6206,3596,8585,DISTRITO FEDERAL (INTEIRO),449051,100,100000000
142602,2,decrescimo,22201,15,451,6206,4170,22,DISTRITO FEDERAL (INTEIRO),339039,100,100000000
142602,3,decrescimo,9108,15,752,6209,8507,6563,VI,339039,100,50000000
142602,4,acrescimo,27101,23,695,6207,9085,89,DISTRITO FEDERAL (INTEIRO),335041,100,250000000
142603,1,decrescimo,23901,10,122,6202,4166,105,DISTRITO FEDERAL (INTEIRO),339039,100,100000000
142603,2,acrescimo,34101,27,811,6206,9080,233,DISTRITO FEDERAL (INTEIRO),335041,100,100000000
142604,1,decrescimo,23901,10,122,6202,4166,105,DISTRITO FEDERAL (INTEIRO),339039,100,50000000
142604,2,acrescimo,34101,27,812,6206,1079,59,DISTRITO FEDERAL (INTEIRO),449051,100,50000000
142605,1,decrescimo,18101,12,122,6221,9068,377,DISTRITO FEDERAL (INTEIRO),335043,100,40000000
142605,2,acrescimo,16101,13,392,6219,9075,341,DISTRITO FEDERAL (INTEIRO),335041,100,40000000
142606,1,decrescimo,18101,12,122,6221,9068,377,DISTRITO FEDERAL (INTEIRO),335043,100,30000000
142606,2,acrescimo,40101,19,573,6207,9118,31,DISTRITO FEDERAL (INTEIRO),335041,100,30000000
142607,1,decrescimo,23901,10,302,6202,3467,9671,DISTRITO FEDERAL (INTEIRO),449052,100,80000000
142607,2,acrescimo,23901,10,302,6202,9107,20236,DISTRITO FEDERAL (INTEIRO),445042,100,80000000
142608,1,decrescimo,23901,10,122,6202,4166,97,DISTRITO FEDERAL (INTEIRO),449052,100,30000000
142608,2,decrescimo,23901,10,301,6202,4208,5616,DISTRITO FEDERAL (INTEIRO),449052,100,50000000
142608,3,acrescimo,34101,27,812,6206,9080,224,DISTRITO FEDERAL (INTEIRO),335041,100,80000000
142609,1,decrescimo,23901,10,302,6202,3467,9671,DISTRITO FEDERAL (INTEIRO),449052,100,20000000
142609,2,acrescimo,17101,8,244,6228,9071,20237,DISTRITO FEDERAL (INTEIRO),335041,100,20000000
142610,1,decrescimo,57101,14,422,6211,9107,343,DISTRITO FEDERAL (INTEIRO),335041,100,20000000
142610,2,acrescimo,18101,12,243,6221,9107,20239,DISTRITO FEDERAL (INTEIRO),335043,100,20000000
142611,1,decrescimo,9105,15,451,6209,1110,8139,III,449051,100,30000000
142611,2,acrescimo,9105,15,452,6209,8508,20240,III,339030,100,30000000
142612,1,decrescimo,9114,15,752,6209,8507,6570,XII,339039,100,45000000
142612,2,decrescimo,9115,15,752,6209,8507,6572,XIII,339039,100,15000000
142612,3,acrescimo,18101,12,122,6221,9068,384,DISTRITO FEDERAL (INTEIRO),335043,100,60000000
142613,1,decrescimo,9114,15,752,6209,8507,6570,XII,339039,100,30000000
142613,2,acrescimo,24201,6,452,6217,4101,20241,DISTRITO FEDERAL (INTEIRO),339039,100,30000000
142614,1,decrescimo,44101,14,422,6211,9107,391,DISTRITO FEDERAL (INTEIRO),335043,100,10000000
142614,2,decrescimo,23901,1,31,6202,9107,318,DISTRITO FEDERAL (INTEIRO),445052,100,50000000
142614,3,acrescimo,27101,23,695,6207,9107,331,DISTRITO FEDERAL (INTEIRO),335041,100,60000000
142615,1,decrescimo,9131,15,752,6209,8507,80,XXIX,339039,100,50000000
142615,2,acrescimo,9131,15,752,6209,1836,20242,DISTRITO FEDERAL (INTEIRO),449051,100,50000000
142616,1,decrescimo,22101,15,752,6209,8507,6587,DISTRITO FEDERAL (INTEIRO),339039,100,5000000
142616,2,decrescimo,14101,25,752,6209,8507,6585,DISTRITO FEDERAL (INTEIRO),339039,100,15000000
142616,3,decrescimo,9103,25,752,6209,8507,6555,I,339039,100,30000000
142616,4,decrescimo,9114,25,752,6209,8507,6569,XII,339039,100,30000000
142616,5,decrescimo,9123,25,752,6209,8507,6578,XXI,339039,100,15000000
142616,6,acrescimo,18101,12,243,6221,9107,20192,DISTRITO FEDERAL (INTEIRO),335043,100,95000000
142617,1,decrescimo,14101,15,752,6209,1836,7123,DISTRITO FEDERAL (INTEIRO),449051,100,23000000
142617,2,decrescimo,26205,26,782,6216,4195,21,DISTRITO FEDERAL (INTEIRO),339030,100,5000000
142617,3,acrescimo,22101,15,752,6209,8507,6587,DISTRITO FEDERAL (INTEIRO),339039,100,28000000
142618,1,decrescimo,9103,15,451,6209,8507,6556,DISTRITO FEDERAL (INTEIRO),339039,100,135000000
142618,2,decrescimo,44101,14,422,6211,9107,391,DISTRITO FEDERAL (INTEIRO),335043,100,35000000
142618,3,acrescimo,24906,6,126,6217,3467,20243,DISTRITO FEDERAL (INTEIRO),449052,100,170000000
142619,1,decrescimo,9123,25,752,6209,8507,6578,XXI,339039,100,15000000
142619,2,decrescimo,22101,15,752,6209,8507,6587,DISTRITO FEDERAL (INTEIRO),339039,100,5000000
142619,3,decrescimo,14101,25,752,6209,8507,6585,DISTRITO FEDERAL (INTEIRO),339039,100,15000000
142619,4,decrescimo,9103,25,752,6209,8507,6555,I,339039,100,30000000
142619,5,decrescimo,9114,25,752,6209,8507,6569,XII,339039,100,30000000
142619,6,acrescimo,18101,12,243,6221,9107,20244,DISTRITO FEDERAL (INTEIRO),335043,100,95000000
142620,1,decrescimo,14101,15,752,6209,1836,7123,DISTRITO FEDERAL (INTEIRO),449051,100,23000000
142620,2,decrescimo,26205,26,782,6216,4195,21,DISTRITO FEDERAL (INTEIRO),339030,100,5000000
142620,3,acrescimo,22101,15,752,6209,1836,20245,DISTRITO FEDERAL (INTEIRO),449051,100,28000000
142621,1,decrescimo,22201,15,451,6209,1110,8161,DISTRITO FEDERAL (INTEIRO),449051,100,92500000
142621,2,decrescimo,26205,26,782,6216,4195,21,DISTRITO FEDERAL (INTEIRO),339039,100,8000000
142621,3,acrescimo,34101,27,812,6206,9080,234,DISTRITO FEDERAL (INTEIRO),335041,100,100500000
142622,1,decrescimo,14101,15,752,6209,1836,7123,DISTRITO FEDERAL (INTEIRO),449051,100,23000000
142622,2,decrescimo,26205,26,782,6216,4195,21,DISTRITO FEDERAL (INTEIRO),339030,100,5000000
142622,3,decrescimo,22101,15,752,6209,8507,6587,DISTRITO FEDERAL (INTEIRO),339039,100,15000000
142622,4,acrescimo,22101,15,752,6209,1836,20245,DISTRITO FEDERAL (INTEIRO),449051,100,43000000
142623,1,decrescimo,22101,15,752,6209,8507,6586,DISTRITO FEDERAL (INTEIRO),339039,100,210000000
142623,2,acrescimo,28209,16,482,6208,1213,20246,DISTRITO FEDERAL (INTEIRO),449051,100,210000000
142624,1,decrescimo,22101,15,752,6209,8507,6586,DISTRITO FEDERAL (INTEIRO),339039,100,20000000
142624,2,acrescimo,34101,27,812,6206,9080,226,DISTRITO FEDERAL (INTEIRO),335041,100,20000000
142625,1,decrescimo,25101,11,333,6207,2667,18,DISTRITO FEDERAL (INTEIRO),339030,100,35000000
142625,2,acrescimo,24103,6,181,8217,8517,20249,DISTRITO FEDERAL (INTEIRO),339039,100,35000000
142626,1,decrescimo,25101,11,333,6207,2667,19,DISTRITO FEDERAL (INTEIRO),339039,100,15000000
142626,2,acrescimo,16101,13,392,6219,9075,340,DISTRITO FEDERAL (INTEIRO),335041,100,15000000
142627,1,decrescimo,9119,15,451,8205,2396,5435,XVII,339039,100,20000000
142627,2,acrescimo,26205,26,782,6216,4195,18,DISTRITO FEDERAL (INTEIRO),339030,100,20000000
142628,1,decrescimo,9110,4,451,6209,8508,9246,VIII,339039,100,20000000
142628,2,acrescimo,16101,13,392,6219,9075,340,DISTRITO FEDERAL (INTEIRO),335041,100,20000000
142629,1,decrescimo,9119,15,451,8205,2396,5435,XVII,339039,100,20000000
142629,2,acrescimo,16101,13,392,6219,9075,340,DISTRITO FEDERAL (INTEIRO),335041,100,20000000
142630,1,decrescimo,9119,15,451,6206,3048,9650,XVII,449051,100,20000000
142630,2,acrescimo,9110,4,122,8205,8517,9868,VIII,339039,100,20000000
142631,1,decrescimo,9119,15,451,8205,2396,5435,XVII,339039,100,30000000
142631,2,acrescimo,18101,12,122,6221,9068,371,DISTRITO FEDERAL (INTEIRO),335043,100,30000000
142632,1,decrescimo,9119,25,752,6209,1836,7115,XVII,449051,100,37500000
142632,2,acrescimo,26205,26,782,6216,4195,18,DISTRITO FEDERAL (INTEIRO),339030,100,37500000
142633,1,decrescimo,16101,13,392,6219,9075,345,DISTRITO FEDERAL (INTEIRO),335041,100,22500000
142633,2,acrescimo,34101,27,811,6206,2631,20248,DISTRITO FEDERAL (INTEIRO),339033,100,22500000
142634,1,decrescimo,16101,13,392,6219,9075,345,DISTRITO FEDERAL (INTEIRO),335041,100,5000000
142634,2,acrescimo,23901,10,122,6202,4166,20250,DISTRITO FEDERAL (INTEIRO),449052,100,5000000
142635,1,decrescimo,16101,13,392,6219,9075,345,DISTRITO FEDERAL (INTEIRO),335041,100,10000000
142635,2,acrescimo,18101,12,122,6221,9068,378,DISTRITO FEDERAL (INTEIRO),445042,100,10000000
142636,1,decrescimo,16101,13,392,6219,9075,345,DISTRITO FEDERAL (INTEIRO),335041,100,41000000
142636,2,acrescimo,24101,6,181,6217,3029,20247,DISTRITO FEDERAL (INTEIRO),449052,100,41000000
142637,1,decrescimo,16101,13,392,6219,9075,345,DISTRITO FEDERAL (INTEIRO),335041,100,58500000
142637,2,acrescimo,18101,12,122,6221,9068,378,DISTRITO FEDERAL (INTEIRO),335043,100,58500000
142638,1,decrescimo,25101,11,334,6207,9107,327,DISTRITO FEDERAL (INTEIRO),335041,100,15000000
142638,2,decrescimo,26205,26,451,6209,1110,8171,DISTRITO FEDERAL (INTEIRO),449051,100,25000000
142638,3,acrescimo,27101,23,695,6207,9085,93,DISTRITO FEDERAL (INTEIRO),335041,100,40000000
142639,1,decrescimo,34101,27,812,6206,1079,57,V,449051,100,80000000
142639,2,acrescimo,34101,27,812,6206,9080,236,DISTRITO FEDERAL (INTEIRO),335041,100,80000000
142640,1,decrescimo,26205,26,451,6209,1110,8171,DISTRITO FEDERAL (INTEIRO),449051,100,75000000
142640,2,acrescimo,16101,13,392,6219,9075,346,DISTRITO FEDERAL (INTEIRO),335041,100,75000000
142641,1,decrescimo,22214,15,452,6209,2079,2,XIX,449052,100,6000000
142641,2,acrescimo,16101,13,392,6219,9075,340,DISTRITO FEDERAL (INTEIRO),335041,100,6000000
142642,1,decrescimo,18101,12,122,6221,9068,382,DISTRITO FEDERAL (INTEIRO),445042,100,40000000
142642,2,acrescimo,18101,12,122,6221,9068,382,DISTRITO FEDERAL (INTEIRO),335043,100,40000000
142643,1,decrescimo,9122,25,752,6209,8507,6577,XX,339039,100,35000000
142643,2,acrescimo,16101,13,392,6219,9075,337,DISTRITO FEDERAL (INTEIRO),335041,100,35000000
142644,1,decrescimo,23901,10,302,6202,9107,315,DISTRITO FEDERAL (INTEIRO),335041,100,50000000
142644,2,acrescimo,34101,27,812,6206,9080,227,DISTRITO FEDERAL (INTEIRO),335041,100,50000000
142645,1,decrescimo,18101,12,363,6221,9107,298,DISTRITO FEDERAL (INTEIRO),335043,100,100000000
142645,2,acrescimo,44101,14,422,6211,9091,10,DISTRITO FEDERAL (INTEIRO),335041,100,100000000
142646,1,decrescimo,22214,15,452,6209,3002,33,DISTRITO FEDERAL (INTEIRO),449051,100,35062500
142646,2,acrescimo,18101,12,122,6221,9068,361,III,335043,100,35062500
142647,1,decrescimo,18101,12,361,6221,9107,365,DISTRITO FEDERAL (INTEIRO),335043,100,50000000
142647,2,acrescimo,27101,23,695,6207,9085,86,DISTRITO FEDERAL (INTEIRO),335041,100,50000000
142648,1,decrescimo,22214,15,452,6209,3002,33,DISTRITO FEDERAL (INTEIRO),449051,100,3500000
142648,2,acrescimo,57101,14,422,6211,9107,346,DISTRITO FEDERAL (INTEIRO),335041,100,3500000
142649,1,decrescimo,26205,26,782,6216,5745,2,DISTRITO FEDERAL (INTEIRO),449051,100,5000000
142649,2,acrescimo,23901,10,122,6202,3467,20254,XII,449052,100,5000000
142650,1,decrescimo,26205,26,782,6216,5745,2,DISTRITO FEDERAL (INTEIRO),449051,100,30000000
142650,2,acrescimo,44101,14,422,6211,9091,10,DISTRITO FEDERAL (INTEIRO),335041,100,30000000
142651,1,decrescimo,26205,26,782,6216,5745,2,DISTRITO FEDERAL (INTEIRO),449051,100,35000000
142651,2,acrescimo,57101,14,422,6211,9107,346,DISTRITO FEDERAL (INTEIRO),335041,100,35000000
142652,1,decrescimo,26205,26,782,6216,5745,2,DISTRITO FEDERAL (INTEIRO),449051,100,20000000
142652,2,acrescimo,40101,19,573,6207,9107,392,DISTRITO FEDERAL (INTEIRO),335041,100,20000000
142653,1,decrescimo,22201,15,451,6206,1079,52,DISTRITO FEDERAL (INTEIRO),449051,100,50000000
142653,2,decrescimo,22201,15,451,6206,3596,8584,DISTRITO FEDERAL (INTEIRO),449052,100,15000000
142653,3,acrescimo,26206,26,453,6216,2756,20252,DISTRITO FEDERAL (INTEIRO),339030,100,65000000
142654,1,decrescimo,44101,14,243,6211,9078,74,DISTRITO FEDERAL (INTEIRO),335041,100,50000000
142654,2,acrescimo,44101,14,243,6211,9078,20251,DISTRITO FEDERAL (INTEIRO),335041,100,50000000
142655,1,decrescimo,22201,15,451,6206,3596,8584,DISTRITO FEDERAL (INTEIRO),449052,100,20000000
142655,2,acrescimo,9117,4,122,8205,8517,20255,XV,339039,100,20000000
142656,1,decrescimo,17101,8,244,6228,9071,1,DISTRITO FEDERAL (INTEIRO),335041,100,20000000
142656,2,acrescimo,10101,14,243,6211,9078,20259,DISTRITO FEDERAL (INTEIRO),335041,100,20000000
142657,1,decrescimo,22201,15,451,6206,3596,8584,DISTRITO FEDERAL (INTEIRO),449052,100,15000000
142657,2,decrescimo,22201,15,451,6209,1110,8149,DISTRITO FEDERAL (INTEIRO),449051,100,10000000
142657,3,acrescimo,14101,20,606,6201,2889,20256,DISTRITO FEDERAL (INTEIRO),339030,100,25000000
142658,1,decrescimo,44101,14,243,6211,9078,71,DISTRITO FEDERAL (INTEIRO),335043,100,20000000
142658,2,acrescimo,23901,10,302,6202,9107,20257,DISTRITO FEDERAL (INTEIRO),335043,100,20000000
142659,1,decrescimo,22101,15,451,6208,1968,63,XIV,339035,100,50000000
142659,2,acrescimo,22201,15,451,6209,1110,8167,DISTRITO FEDERAL (INTEIRO),449051,100,50000000
142660,1,decrescimo,23901,10,302,6202,9107,310,XIV,445042,100,10000000
142660,2,acrescimo,26101,26,451,6216,1506,20260,DISTRITO FEDERAL (INTEIRO),449051,100,10000000
142661,1,decrescimo,18101,12,122,6221,9068,388,DISTRITO FEDERAL (INTEIRO),335043,100,50000000
142661,2,acrescimo,18101,12,122,6221,9068,388,DISTRITO FEDERAL (INTEIRO),445042,100,50000000
142662,1,decrescimo,23901,10,302,6202,9107,310,XIV,445042,100,15000000
142662,2,acrescimo,22214,15,452,6209,2079,20261,DISTRITO FEDERAL (INTEIRO),339039,100,15000000
142663,1,decrescimo,23901,10,302,6202,9107,310,XIV,445042,100,65000000
142663,2,acrescimo,22201,15,451,6209,1110,8167,DISTRITO FEDERAL (INTEIRO),449051,100,65000000
142664,1,decrescimo,23901,10,302,6202,9107,310,XIV,445042,100,10000000
142664,2,acrescimo,24103,6,181,8217,8517,20262,DISTRITO FEDERAL (INTEIRO),339039,100,10000000
142665,1,decrescimo,23901,10,302,6202,9107,310,XIV,445042,100,5000000
142665,2,acrescimo,9111,4,122,8205,8517,20263,IX,339030,100,5000000
142666,1,decrescimo,34101,27,812,6206,1079,59,DISTRITO FEDERAL (INTEIRO),449051,100,30000000
142666,2,acrescimo,34101,27,811,6206,9080,233,DISTRITO FEDERAL (INTEIRO),335041,100,30000000
142667,1,decrescimo,26205,26,782,6216,4195,20,DISTRITO FEDERAL (INTEIRO),339030,100,110000000
142667,2,acrescimo,27101,23,695,6207,9085,89,DISTRITO FEDERAL (INTEIRO),335041,100,110000000
142668,1,decrescimo,23901,10,122,6202,4166,105,DISTRITO FEDERAL (INTEIRO),339039,100,130000000
142668,2,acrescimo,57101,14,422,6211,9107,349,DISTRITO FEDERAL (INTEIRO),335041,100,130000000
142669,1,decrescimo,26205,26,782,6216,1968,3241,DISTRITO FEDERAL (INTEIRO),449051,100,10000000
142669,2,acrescimo,27101,23,695,6207,9085,89,DISTRITO FEDERAL (INTEIRO),335041,100,10000000
142670,1,decrescimo,26205,26,782,6216,1968,3241,DISTRITO FEDERAL (INTEIRO),449051,100,20000000
142670,2,decrescimo,14203,20,122,8201,2396,5437,DISTRITO FEDERAL (INTEIRO),339039,100,30000000
142670,3,acrescimo,16101,13,392,6219,9075,341,DISTRITO FEDERAL (INTEIRO),335041,100,50000000
142671,1,decrescimo,26205,26,782,6216,1968,3241,DISTRITO FEDERAL (INTEIRO),449051,100,38600000
142671,2,acrescimo,22214,15,452,6209,3002,20268,DISTRITO FEDERAL (INTEIRO),449051,100,38600000
142672,1,decrescimo,26205,26,782,6216,1968,3241,DISTRITO FEDERAL (INTEIRO),449051,100,9400000
142672,2,acrescimo,22214,15,452,6209,2079,20271,DISTRITO FEDERAL (INTEIRO),339039,100,9400000
142673,1,decrescimo,26205,26,782,6216,1968,3241,DISTRITO FEDERAL (INTEIRO),449051,100,22000000
142673,2,acrescimo,40101,19,573,6207,9118,31,DISTRITO FEDERAL (INTEIRO),335041,100,22000000
142674,1,decrescimo,22201,15,451,6206,3596,8586,DISTRITO FEDERAL (INTEIRO),449052,100,25000000
142674,2,decrescimo,9114,15,752,6209,8507,6570,XII,339039,100,30000000
142674,3,decrescimo,25101,11,333,6207,2900,1,DISTRITO FEDERAL (INTEIRO),339039,100,10000000
142674,4,acrescimo,27101,23,695,6207,9085,98,DISTRITO FEDERAL (INTEIRO),335041,100,65000000
142675,1,decrescimo,9105,15,752,6209,8507,6559,III,339039,100,20000000
142675,2,acrescimo,16101,13,392,6219,9075,352,DISTRITO FEDERAL (INTEIRO),335041,100,20000000
142676,1,decrescimo,22201,15,122,6216,3087,8,DISTRITO FEDERAL (INTEIRO),449051,100,60000000
142676,2,acrescimo,40101,19,573,6207,9118,32,DISTRITO FEDERAL (INTEIRO),335041,100,60000000
142677,1,decrescimo,9120,15,752,6209,8507,79,XVIII,339039,100,15000000
142677,2,decrescimo,45101,4,126,8203,1471,5902,DISTRITO FEDERAL (INTEIRO),339040,100,2300000
142677,3,decrescimo,45101,4,126,8203,1471,5902,DISTRITO FEDERAL (INTEIRO),449052,100,2700000
142677,4,acrescimo,9135,15,451,6209,1110,20269,XXXI,449051,100,20000000
142678,1,decrescimo,22201,15,122,6216,3087,8,DISTRITO FEDERAL (INTEIRO),449051,100,10000000
142678,2,acrescimo,9114,13,392,6219,3678,20265,XII,339039,100,10000000
142679,1,decrescimo,22214,15,452,6209,2079,6,X,449052,100,11500000
142679,2,decrescimo,22201,15,122,6216,3087,8,DISTRITO FEDERAL (INTEIRO),449051,100,10000000
142679,3,decrescimo,9120,15,752,6209,8507,79,XVIII,339039,100,10000000
142679,4,acrescimo,22201,15,451,6206,3902,20267,XII,449051,100,31500000
142680,1,decrescimo,27101,23,695,6207,9085,2,IX,335041,100,20000000
142680,2,acrescimo,18101,12,122,6221,9068,20258,DISTRITO FEDERAL (INTEIRO),335043,100,20000000
142681,1,decrescimo,14101,20,605,6201,3724,5,DISTRITO FEDERAL (INTEIRO),449051,100,170000000
142681,2,acrescimo,27101,23,695,6207,9085,4,DISTRITO FEDERAL (INTEIRO),335041,100,170000000
142682,1,decrescimo,21101,18,541,6210,9107,31,DISTRITO FEDERAL (INTEIRO),335041,100,45000000
142682,2,acrescimo,16101,13,392,6219,9075,20272,DISTRITO FEDERAL (INTEIRO),335041,100,45000000
142683,1,decrescimo,22201,15,451,6209,1110,8150,DISTRITO FEDERAL (INTEIRO),449051,100,25000000
142683,2,decrescimo,40101,19,573,6207,9118,36,DISTRITO FEDERAL (INTEIRO),335041,100,37000000
142683,3,acrescimo,18101,12,122,6221,9068,20276,DISTRITO FEDERAL (INTEIRO),335043,100,62000000
142684,1,decrescimo,22201,15,451,6209,1110,8150,DISTRITO FEDERAL (INTEIRO),449051,100,30000000
142684,2,acrescimo,26205,26,782,6216,3711,2,DISTRITO FEDERAL (INTEIRO),339039,100,30000000
142685,1,decrescimo,34101,27,812,6206,9080,245,DISTRITO FEDERAL (INTEIRO),335041,100,15000000
142685,2,acrescimo,21208,18,541,6210,9121,20266,DISTRITO FEDERAL (INTEIRO),335041,100,15000000
142686,1,decrescimo,23901,10,302,6202,9107,319,DISTRITO FEDERAL (INTEIRO),445042,100,50000000
142686,2,acrescimo,23901,10,302,6202,9107,319,DISTRITO FEDERAL (INTEIRO),335041,100,50000000
142687,1,decrescimo,9115,27,812,6206,1079,51,XIII,459051,100,50000000
142687,2,acrescimo,23901,10,301,8202,2396,20278,DISTRITO FEDERAL (INTEIRO),339039,100,50000000
142688,1,decrescimo,27101,27,392,6219,9075,265,DISTRITO FEDERAL (INTEIRO),335041,100,25000000
142688,2,acrescimo,23901,10,301,8202,2396,20277,DISTRITO FEDERAL (INTEIRO),339039,100,25000000
142689,1,decrescimo,40101,19,572,6207,9107,25,DISTRITO FEDERAL (INTEIRO),335041,100,8000000
142689,2,decrescimo,25101,11,333,6207,9107,328,DISTRITO FEDERAL (INTEIRO),335041,100,30000000
142689,3,acrescimo,40101,19,573,6207,9107,20283,DISTRITO FEDERAL (INTEIRO),335041,100,38000000
142690,1,decrescimo,22201,15,451,6209,1110,8153,DISTRITO FEDERAL (INTEIRO),449051,100,30000000
142690,2,acrescimo,18101,12,122,6221,9068,370,DISTRITO FEDERAL (INTEIRO),335043,100,30000000
142691,1,decrescimo,22201,15,451,6207,3247,9261,DISTRITO FEDERAL (INTEIRO),449051,100,30000000
142691,2,acrescimo,27101,23,695,6207,9085,83,DISTRITO FEDERAL (INTEIRO),335041,100,30000000
142692,1,decrescimo,40201,19,573,6207,9118,43,DISTRITO FEDERAL (INTEIRO),445042,100,5000000
142692,2,acrescimo,27101,23,695,6207,9085,83,DISTRITO FEDERAL (INTEIRO),335041,100,5000000
142693,1,decrescimo,22201,15,451,6209,1110,8153,DISTRITO FEDERAL (INTEIRO),449051,100,63000000
142693,2,acrescimo,16101,13,392,6219,9075,338,DISTRITO FEDERAL (INTEIRO),335041,100,63000000
142694,1,decrescimo,44101,14,422,6211,9107,338,DISTRITO FEDERAL (INTEIRO),335043,100,10000000
142694,2,acrescimo,16101,13,392,6219,9075,338,DISTRITO FEDERAL (INTEIRO),335041,100,10000000
142695,1,decrescimo,34101,27,812,6206,1079,12,DISTRITO FEDERAL (INTEIRO),449051,100,10000000
142695,2,acrescimo,26206,26,453,6216,3467,20253,DISTRITO FEDERAL (INTEIRO),449052,100,10000000
142696,1,decrescimo,34101,27,812,6206,1079,11,DISTRITO FEDERAL (INTEIRO),449051,100,100000000
142696,2,acrescimo,21101,18,542,6210,9107,304,DISTRITO FEDERAL (INTEIRO),335041,100,100000000
142697,1,decrescimo,34101,27,812,6206,1079,11,DISTRITO FEDERAL (INTEIRO),449051,100,40000000
142697,2,acrescimo,21101,18,541,6210,9107,35,DISTRITO FEDERAL (INTEIRO),335041,100,40000000
142698,1,decrescimo,22201,15,451,6209,1110,8153,DISTRITO FEDERAL (INTEIRO),449051,100,10000000
142698,2,acrescimo,25101,11,334,6207,9107,17,DISTRITO FEDERAL (INTEIRO),335041,100,10000000
142699,1,decrescimo,34101,27,812,6206,1079,11,DISTRITO FEDERAL (INTEIRO),449051,100,30000000
142699,2,acrescimo,26206,26,453,6216,3467,20253,DISTRITO FEDERAL (INTEIRO),449052,100,30000000
142700,1,decrescimo,9102,13,391,6203,2465,9,DISTRITO FEDERAL (INTEIRO),339039,100,10000000
142700,2,acrescimo,18101,12,122,6221,9068,278,DISTRITO FEDERAL (INTEIRO),335043,100,10000000
142701,1,decrescimo,9135,15,451,6209,1836,7122,XXXI,449051,100,35000000
142701,2,acrescimo,22101,15,451,6209,1836,20270,DISTRITO FEDERAL (INTEIRO),449051,100,35000000
142702,1,decrescimo,25101,11,333,6207,2667,22,DF ENTORNO,339048,100,90000000
142702,2,decrescimo,9102,13,122,8203,8517,9864,DISTRITO FEDERAL (INTEIRO),449052,100,10000000
142702,3,decrescimo,25101,11,333,6207,2667,22,DF ENTORNO,449052,100,10000000
142702,4,acrescimo,22201,15,451,6209,1110,8163,DISTRITO FEDERAL (INTEIRO),449051,100,110000000
142703,1,decrescimo,25101,11,244,8207,2396,5445,DISTRITO FEDERAL (INTEIRO),339039,100,42500000
142703,2,acrescimo,16101,13,392,6219,9075,350,DISTRITO FEDERAL (INTEIRO),335041,100,42500000
142704,1,decrescimo,25101,11,333,6207,2667,22,DF ENTORNO,449052,100,20000000
142704,2,acrescimo,61101,8,244,6228,2954,20274,DISTRITO FEDERAL (INTEIRO),339039,100,20000000
142705,1,decrescimo,25101,11,122,8207,8517,9878,DISTRITO FEDERAL (INTEIRO),449052,100,80000000
142705,2,acrescimo,34101,27,811,6206,9080,238,DISTRITO FEDERAL (INTEIRO),335041,100,80000000
142706,1,decrescimo,25101,11,333,6207,4102,19,DISTRITO FEDERAL (INTEIRO),339032,100,90000000
142706,2,acrescimo,27101,23,695,6207,9085,96,DISTRITO FEDERAL (INTEIRO),335041,100,90000000
142707,1,decrescimo,26205,26,782,6216,5745,63,DISTRITO FEDERAL (INTEIRO),449051,100,25000000
142707,2,acrescimo,44101,14,422,6211,9107,20279,DISTRITO FEDERAL (INTEIRO),335041,100,25000000
142708,1,decrescimo,34101,27,812,6206,2631,19,DISTRITO FEDERAL (INTEIRO),339033,100,30000000
142708,2,decrescimo,34101,27,812,6206,4170,25,DISTRITO FEDERAL (INTEIRO),339033,100,15000000
142708,3,acrescimo,40101,19,572,6207,2786,20284,DISTRITO FEDERAL (INTEIRO),335041,100,45000000
142709,1,decrescimo,34101,27,812,6206,4091,5930,DISTRITO FEDERAL (INTEIRO),339039,100,50000000
142709,2,acrescimo,26206,26,451,6216,5071,20273,DISTRITO FEDERAL (INTEIRO),449051,100,50000000
142710,1,decrescimo,34101,27,812,6206,4091,5930,DISTRITO FEDERAL (INTEIRO),339039,100,30000000
142710,2,acrescimo,27101,23,695,6219,9075,358,DISTRITO FEDERAL (INTEIRO),335041,100,30000000
142711,1,decrescimo,26205,26,782,6216,5745,63,DISTRITO FEDERAL (INTEIRO),449051,100,10000000
142711,2,acrescimo,21101,18,541,6210,9121,14,DISTRITO FEDERAL (INTEIRO),335041,100,10000000
142712,1,decrescimo,48101,3,122,6211,3747,4,DISTRITO FEDERAL (INTEIRO),449051,100,80000000
142712,2,decrescimo,34101,27,812,6206,4170,25,DISTRITO FEDERAL (INTEIRO),339033,100,20000000
142712,3,acrescimo,16101,13,392,6219,9075,336,DISTRITO FEDERAL (INTEIRO),335041,100,100000000
142713,1,decrescimo,22201,15,451,6209,1110,8152,DISTRITO FEDERAL (INTEIRO),449051,100,15000000
142713,2,acrescimo,57101,14,422,6211,9116,3,DISTRITO FEDERAL (INTEIRO),335041,100,15000000
142714,1,decrescimo,23901,10,122,6202,4166,107,DISTRITO FEDERAL (INTEIRO),449052,100,5000000
142714,2,acrescimo,23901,10,122,6202,4166,107,DISTRITO FEDERAL (INTEIRO),339039,100,5000000
142715,1,decrescimo,22201,15,451,6209,1110,8162,DISTRITO FEDERAL (INTEIRO),449051,100,40000000
142715,2,decrescimo,17101,8,244,6228,9107,293,DISTRITO FEDERAL (INTEIRO),335043,100,30000000
142715,3,acrescimo,18101,12,122,6221,9068,380,DISTRITO FEDERAL (INTEIRO),445042,100,70000000
142716,1,decrescimo,26205,26,782,6216,4195,21,DISTRITO FEDERAL (INTEIRO),339039,100,17000000
142716,2,decrescimo,22201,15,451,6209,1110,8161,DISTRITO FEDERAL (INTEIRO),449051,100,12000000
142716,3,acrescimo,16101,13,392,6219,9075,343,DISTRITO FEDERAL (INTEIRO),335041,100,29000000
142717,1,decrescimo,26101,26,782,6216,7220,1,XXVIII,449051,100,5000000
142717,2,acrescimo,18101,12,243,6221,9107,5,DISTRITO FEDERAL (INTEIRO),335043,100,5000000
142718,1,decrescimo,18101,12,122,6221,9068,379,DISTRITO FEDERAL (INTEIRO),335043,100,10000000
142718,2,acrescimo,18101,12,122,6221,9068,379,DISTRITO FEDERAL (INTEIRO),445042,100,10000000
142719,1,decrescimo,17101,8,244,6228,9071,31,DISTRITO FEDERAL (INTEIRO),335043,100,20000000
142719,2,acrescimo,34101,27,812,6206,9080,234,DISTRITO FEDERAL (INTEIRO),335041,100,20000000
142720,1,decrescimo,44101,14,422,6211,9107,34,DISTRITO FEDERAL (INTEIRO),335041,100,5000000
142720,2,acrescimo,27101,23,695,6207,9085,91,DISTRITO FEDERAL (INTEIRO),335041,100,5000000
142721,1,decrescimo,26205,26,782,6216,4195,21,DISTRITO FEDERAL (INTEIRO),339030,100,37000000
142721,2,acrescimo,57101,14,422,6211,9107,32,DISTRITO FEDERAL (INTEIRO),335041,100,37000000
142722,1,decrescimo,18101,12,122,6221,9068,379,DISTRITO FEDERAL (INTEIRO),335043,100,20000000
142722,2,acrescimo,22201,15,451,6209,1110,8161,DISTRITO FEDERAL (INTEIRO),449051,100,20000000
142723,1,decrescimo,22201,15,451,6209,1968,16,II,449051,100,10000000
142723,2,acrescimo,25101,11,333,6207,9107,322,DISTRITO FEDERAL (INTEIRO),335041,100,10000000
142724,1,decrescimo,22201,15,451,6209,1110,8162,DISTRITO FEDERAL (INTEIRO),449051,100,20000000
142724,2,acrescimo,22201,15,451,6209,1110,20299,DISTRITO FEDERAL (INTEIRO),339039,100,20000000
142725,1,decrescimo,23901,10,122,6202,4166,107,DISTRITO FEDERAL (INTEIRO),449052,100,24000000
142725,2,acrescimo,23901,10,302,6202,9107,20298,DISTRITO FEDERAL (INTEIRO),335043,100,24000000
142726,1,decrescimo,17101,8,242,6228,9073,1,DISTRITO FEDERAL (INTEIRO),335043,100,23000000
142726,2,acrescimo,34101,27,812,6206,9080,236,DISTRITO FEDERAL (INTEIRO),335041,100,23000000
142727,1,decrescimo,48101,3,122,6211,3747,5,DISTRITO FEDERAL (INTEIRO),449051,100,100000000
142727,2,acrescimo,26206,26,453,6216,3467,20275,DISTRITO FEDERAL (INTEIRO),449052,100,100000000
142728,1,decrescimo,14203,20,606,6201,3724,1,DISTRITO FEDERAL (INTEIRO),339039,100,40000000
142728,2,acrescimo,14203,20,606,6201,3724,20285,DISTRITO FEDERAL (INTEIRO),449039,100,40000000
142729,1,decrescimo,14203,20,606,6201,3724,2,DISTRITO FEDERAL (INTEIRO),339039,100,4000000
142729,2,acrescimo,14203,20,606,6201,3724,20286,DISTRITO FEDERAL (INTEIRO),449039,100,4000000
142730,1,decrescimo,14203,20,606,6201,3724,3,DISTRITO FEDERAL (INTEIRO),339039,100,56000000
142730,2,acrescimo,14203,20,606,6201,3724,20287,DISTRITO FEDERAL (INTEIRO),449039,100,56000000
142731,1,decrescimo,48101,3,122,6211,3747,5,DISTRITO FEDERAL (INTEIRO),449051,100,20000000
142731,2,acrescimo,18101,12,122,6221,9068,383,DISTRITO FEDERAL (INTEIRO),335043,100,20000000
142732,1,decrescimo,14101,20,845,6201,9107,292,DISTRITO FEDERAL (INTEIRO),335041,100,10000000
142732,2,acrescimo,40201,19,573,6207,9118,20288,DISTRITO FEDERAL (INTEIRO),335041,100,10000000
142733,1,decrescimo,22201,15,451,6216,3087,7,DISTRITO FEDERAL (INTEIRO),449051,100,40000000
142733,2,acrescimo,34101,27,812,6206,3048,20292,DISTRITO FEDERAL (INTEIRO),449051,100,40000000
142734,1,decrescimo,22201,15,451,6209,1110,8166,DISTRITO FEDERAL (INTEIRO),449051,100,21000000
142734,2,acrescimo,22201,15,451,6209,1110,20293,DISTRITO FEDERAL (INTEIRO),449051,100,21000000
142735,1,decrescimo,22201,15,451,6209,1110,8166,DISTRITO FEDERAL (INTEIRO),449051,100,6000000
142735,2,acrescimo,16101,13,392,6219,9075,353,DISTRITO FEDERAL (INTEIRO),335041,100,6000000
142736,1,decrescimo,25101,11,334,6207,9107,364,DISTRITO FEDERAL (INTEIRO),335041,100,15000000
142736,2,acrescimo,25101,11,333,6207,2900,20295,DISTRITO FEDERAL (INTEIRO),339039,100,15000000
142737,1,decrescimo,22201,15,451,6209,1110,8161,DISTRITO FEDERAL (INTEIRO),449051,100,10000000
142737,2,acrescimo,23901,10,302,6202,4205,20301,DISTRITO FEDERAL (INTEIRO),339039,100,10000000
142738,1,decrescimo,9112,13,392,6207,3933,2,X,449051,100,60000000
142738,2,acrescimo,9112,13,392,6207,3933,20289,X,339039,100,60000000
142739,1,decrescimo,57101,14,422,6211,3051,10,X,449051,100,20000000
142739,2,acrescimo,57101,14,422,6211,9107,347,DISTRITO FEDERAL (INTEIRO),335041,100,20000000
142740,1,decrescimo,18101,12,122,6221,9068,369,DISTRITO FEDERAL (INTEIRO),445042,100,98300000
142740,2,acrescimo,18101,12,122,6221,9068,369,DISTRITO FEDERAL (INTEIRO),335043,100,98300000
142741,1,decrescimo,17101,8,241,6228,9073,29,DISTRITO FEDERAL (INTEIRO),335043,100,23500000
142741,2,acrescimo,18101,12,122,6221,9068,369,DISTRITO FEDERAL (INTEIRO),335043,100,23500000
142742,1,decrescimo,18101,12,243,6221,9107,297,DISTRITO FEDERAL (INTEIRO),335043,100,280000000
142742,2,acrescimo,44101,14,422,6211,9107,337,DISTRITO FEDERAL (INTEIRO),335041,100,280000000
142743,1,decrescimo,18101,12,243,6221,9107,297,DISTRITO FEDERAL (INTEIRO),335043,100,60000000
142743,2,acrescimo,16101,13,392,6219,9075,339,DISTRITO FEDERAL (INTEIRO),335041,100,60000000
142744,1,decrescimo,9112,13,392,6207,3933,3,X,449051,100,15000000
142744,2,acrescimo,9112,13,392,6207,3933,20290,X,339039,100,15000000
142745,1,decrescimo,18101,12,243,6221,9107,297,DISTRITO FEDERAL (INTEIRO),335043,100,30000000
142745,2,acrescimo,21207,18,122,8210,8517,20302,DISTRITO FEDERAL (INTEIRO),339039,100,30000000
142746,1,decrescimo,57101,14,422,6211,3051,10,X,449051,100,50000000
142746,2,acrescimo,57101,14,422,6211,9107,20304,DISTRITO FEDERAL (INTEIRO),335041,100,50000000
142747,1,decrescimo,23901,10,302,6202,3467,9672,DISTRITO FEDERAL (INTEIRO),449052,100,50000000
142747,2,acrescimo,23901,10,122,6202,4166,100,DISTRITO FEDERAL (INTEIRO),339039,100,50000000
142748,1,decrescimo,23901,10,122,8202,2396,5441,DISTRITO FEDERAL (INTEIRO),339039,100,10000000
142748,2,acrescimo,23901,10,122,6202,4166,100,DISTRITO FEDERAL (INTEIRO),339039,100,10000000
142749,1,decrescimo,17101,8,241,6228,9073,29,DISTRITO FEDERAL (INTEIRO),335043,100,26500000
142749,2,acrescimo,23901,10,305,6202,2605,20303,DISTRITO FEDERAL (INTEIRO),449052,100,26500000
142750,1,decrescimo,40101,19,573,6207,9107,333,DISTRITO FEDERAL (INTEIRO),335041,100,8500000
142750,2,acrescimo,23901,10,305,6202,2605,20303,DISTRITO FEDERAL (INTEIRO),449052,100,8500000
142751,1,decrescimo,9112,15,451,6209,9107,289,X,335041,100,20000000
142751,2,acrescimo,23901,10,122,6202,4166,100,DISTRITO FEDERAL (INTEIRO),449052,100,20000000
142752,1,decrescimo,40101,19,573,6207,9107,333,DISTRITO FEDERAL (INTEIRO),335041,100,5500000
142752,2,acrescimo,27101,23,695,6207,9085,87,DISTRITO FEDERAL (INTEIRO),335041,100,5500000
142753,1,decrescimo,18101,12,243,6221,9107,297,DISTRITO FEDERAL (INTEIRO),335043,100,30000000
142753,2,acrescimo,27101,23,695,6207,9085,87,DISTRITO FEDERAL (INTEIRO),335041,100,30000000
142754,1,decrescimo,14101,20,122,8201,8517,9875,DISTRITO FEDERAL (INTEIRO),449052,100,18500000
142754,2,decrescimo,34101,27,812,6206,9080,244,DISTRITO FEDERAL (INTEIRO),335041,100,20000000
142754,3,decrescimo,10101,8,243,6228,9107,379,DISTRITO FEDERAL (INTEIRO),335043,100,11500000
142754,4,acrescimo,18101,12,122,6221,9068,387,DISTRITO FEDERAL (INTEIRO),445042,100,50000000
142755,1,decrescimo,21208,18,541,6210,9107,309,DISTRITO FEDERAL (INTEIRO),335041,100,25000000
142755,2,decrescimo,9103,15,451,6209,8507,6556,DISTRITO FEDERAL (INTEIRO),339039,100,5000000
142755,3,acrescimo,26206,26,453,6217,3467,20291,DISTRITO FEDERAL (INTEIRO),449052,100,30000000
142756,1,decrescimo,18101,12,361,6221,9107,300,DISTRITO FEDERAL (INTEIRO),335043,100,50000000
142756,2,acrescimo,18101,12,122,6221,9068,386,DISTRITO FEDERAL (INTEIRO),335043,100,50000000
142757,1,decrescimo,10101,8,243,6228,9107,379,DISTRITO FEDERAL (INTEIRO),335043,100,36288150
142757,2,acrescimo,22201,15,451,6206,3596,20294,DISTRITO FEDERAL (INTEIRO),449051,100,36288150
142758,1,decrescimo,44101,14,422,6211,9107,391,DISTRITO FEDERAL (INTEIRO),335043,100,25000000
142758,2,acrescimo,40101,19,573,6207,9118,34,DISTRITO FEDERAL (INTEIRO),335041,100,25000000
142759,1,decrescimo,23901,10,302,6202,9107,7,DISTRITO FEDERAL (INTEIRO),445042,100,150000000
142759,2,acrescimo,23901,10,302,6202,9107,20296,DISTRITO FEDERAL (INTEIRO),445042,100,150000000
142760,1,decrescimo,21106,18,451,8210,3903,92,XVI,449051,100,50000000
142760,2,decrescimo,21106,18,122,8210,2396,5305,XVI,339039,100,50000000
142760,3,acrescimo,26205,26,782,6216,4195,20297,DISTRITO FEDERAL (INTEIRO),339039,100,100000000
142761,1,decrescimo,16101,13,392,6219,9075,351,DISTRITO FEDERAL (INTEIRO),335041,100,75000000
142761,2,decrescimo,57101,14,422,6211,9107,350,DISTRITO FEDERAL (INTEIRO),335041,100,40000000
142761,3,acrescimo,40101,19,573,6207,9118,33,DISTRITO FEDERAL (INTEIRO),335041,100,115000000
142762,1,decrescimo,27101,23,695,6207,9085,97,DISTRITO FEDERAL (INTEIRO),335041,100,20000000
142762,2,acrescimo,25101,11,333,6207,9107,326,DISTRITO FEDERAL (INTEIRO),335041,100,20000000
142763,1,decrescimo,57101,14,422,6211,9107,350,DISTRITO FEDERAL (INTEIRO),335041,100,15000000
142763,2,acrescimo,24105,6,181,6217,3029,20305,DISTRITO FEDERAL (INTEIRO),449052,100,15000000
142764,1,decrescimo,44101,14,243,6211,3467,9675,DISTRITO FEDERAL (INTEIRO),449052,100,40000000
142764,2,decrescimo,17101,8,244,6228,9073,34,DISTRITO FEDERAL (INTEIRO),335043,100,10000000
142764,3,acrescimo,16101,13,392,6219,9075,357,DISTRITO FEDERAL (INTEIRO),335041,100,50000000
142765,1,decrescimo,44101,14,422,6211,9107,390,DISTRITO FEDERAL (INTEIRO),335043,100,50000000
142765,2,acrescimo,34101,27,812,6206,9080,244,DISTRITO FEDERAL (INTEIRO),335041,100,50000000
142766,1,decrescimo,14101,20,845,6201,9107,24,DISTRITO FEDERAL (INTEIRO),335041,100,55000000
142766,2,acrescimo,40101,19,573,6207,9118,34,DISTRITO FEDERAL (INTEIRO),335041,100,55000000
