sk_ato,co_materia,tipo_votacao,materia_texto,id_proposicao,voto,data_evento,sk_sessao
79093,368,NOMINAL,PLC  37/2023 - 1º TURNO,17415,SIM,2025-11-04,
79094,368,NOMINAL,PLC  37/2023 - 1º TURNO,17415,SIM,2025-11-04,
79095,368,NOMINAL,PLC  37/2023 - 1º TURNO,17415,SIM,2025-11-04,
79096,368,NOMINAL,PLC  37/2023 - 1º TURNO,17415,SIM,2025-11-04,
79097,368,NOMINAL,PLC  37/2023 - 1º TURNO,17415,SIM,2025-11-04,
79098,368,NOMINAL,PLC  37/2023 - 1º TURNO,17415,SIM,2025-11-04,
79099,368,NOMINAL,PLC  37/2023 - 1º TURNO,17415,SIM,2025-11-04,
79100,368,NOMINAL,PLC  37/2023 - 1º TURNO,17415,SIM,2025-11-04,
79101,368,NOMINAL,PLC  37/2023 - 1º TURNO,17415,SIM,2025-11-04,
79102,368,NOMINAL,PLC  37/2023 - 1º TURNO,17415,SIM,2025-11-04,
79103,368,NOMINAL,PLC  37/2023 - 1º TURNO,17415,SIM,2025-11-04,
79104,368,NOMINAL,PLC  37/2023 - 1º TURNO,17415,SIM,2025-11-04,
79105,368,NOMINAL,PLC  37/2023 - 1º TURNO,17415,SIM,2025-11-04,
79106,368,NOMINAL,PLC  37/2023 - 1º TURNO,17415,SIM,2025-11-04,
79107,368,NOMINAL,PLC  37/2023 - 1º TURNO,17415,SIM,2025-11-04,
79108,368,NOMINAL,PLC  37/2023 - 1º TURNO,17415,SIM,2025-11-04,
79109,368,NOMINAL,PLC  37/2023 - 1º TURNO,17415,SIM,2025-11-04,
79110,368,NOMINAL,PLC  37/2023 - 1º TURNO,17415,SIM,2025-11-04,
79111,368,NOMINAL,PLC  37/2023 - 1º TURNO,17415,SIM,2025-11-04,
79112,368,NOMINAL,PLC  37/2023 - 1º TURNO,17415,SIM,2025-11-04,
79113,369,NOMINAL,PLC  37/2023 - 2º TURNO,17415,SIM,2025-11-04,
79114,369,NOMINAL,PLC  37/2023 - 2º TURNO,17415,SIM,2025-11-04,
79115,369,NOMINAL,PLC  37/2023 - 2º TURNO,17415,SIM,2025-11-04,
79116,369,NOMINAL,PLC  37/2023 - 2º TURNO,17415,SIM,2025-11-04,
79117,369,NOMINAL,PLC  37/2023 - 2º TURNO,17415,SIM,2025-11-04,
79118,369,NOMINAL,PLC  37/2023 - 2º TURNO,17415,SIM,2025-11-04,
79119,369,NOMINAL,PLC  37/2023 - 2º TURNO,17415,SIM,2025-11-04,
79120,369,NOMINAL,PLC  37/2023 - 2º TURNO,17415,SIM,2025-11-04,
79121,369,NOMINAL,PLC  37/2023 - 2º TURNO,17415,SIM,2025-11-04,
79122,369,NOMINAL,PLC  37/2023 - 2º TURNO,17415,SIM,2025-11-04,
79123,369,NOMINAL,PLC  37/2023 - 2º TURNO,17415,SIM,2025-11-04,
79124,369,NOMINAL,PLC  37/2023 - 2º TURNO,17415,SIM,2025-11-04,
79125,369,NOMINAL,PLC  37/2023 - 2º TURNO,17415,SIM,2025-11-04,
79126,1106,NOMINAL,VETO TOTAL PROJETO DE LEI Nº 438/2019,,SIM,2023-04-04,
79127,1106,NOMINAL,VETO TOTAL PROJETO DE LEI Nº 438/2019,,SIM,2023-04-04,
79128,1106,NOMINAL,VETO TOTAL PROJETO DE LEI Nº 438/2019,,SIM,2023-04-04,
79129,1106,NOMINAL,VETO TOTAL PROJETO DE LEI Nº 438/2019,,SIM,2023-04-04,
79130,1106,NOMINAL,VETO TOTAL PROJETO DE LEI Nº 438/2019,,SIM,2023-04-04,
79131,1106,NOMINAL,VETO TOTAL PROJETO DE LEI Nº 438/2019,,SIM,2023-04-04,
79132,1106,NOMINAL,VETO TOTAL PROJETO DE LEI Nº 438/2019,,SIM,2023-04-04,
79133,1106,NOMINAL,VETO TOTAL PROJETO DE LEI Nº 438/2019,,SIM,2023-04-04,
79134,1106,NOMINAL,VETO TOTAL PROJETO DE LEI Nº 438/2019,,SIM,2023-04-04,
79135,1106,NOMINAL,VETO TOTAL PROJETO DE LEI Nº 438/2019,,SIM,2023-04-04,
79136,1106,NOMINAL,VETO TOTAL PROJETO DE LEI Nº 438/2019,,SIM,2023-04-04,
79137,1106,NOMINAL,VETO TOTAL PROJETO DE LEI Nº 438/2019,,SIM,2023-04-04,
79138,1106,NOMINAL,VETO TOTAL PROJETO DE LEI Nº 438/2019,,SIM,2023-04-04,
79139,1106,NOMINAL,VETO TOTAL PROJETO DE LEI Nº 438/2019,,SIM,2023-04-04,
79140,1106,NOMINAL,VETO TOTAL PROJETO DE LEI Nº 438/2019,,SIM,2023-04-04,
79141,1106,NOMINAL,VETO TOTAL PROJETO DE LEI Nº 438/2019,,SIM,2023-04-04,
79142,1106,NOMINAL,VETO TOTAL PROJETO DE LEI Nº 438/2019,,SIM,2023-04-04,
79143,1106,NOMINAL,VETO TOTAL PROJETO DE LEI Nº 438/2019,,SIM,2023-04-04,
79144,1106,NOMINAL,VETO TOTAL PROJETO DE LEI Nº 438/2019,,SIM,2023-04-04,
79145,1405,NOMINAL,VETO TOTAL PROJETO DE LEI Nº 535/2023,15214,NAO,2023-10-17,
79146,1405,NOMINAL,VETO TOTAL PROJETO DE LEI Nº 535/2023,15214,NAO,2023-10-17,
79147,1405,NOMINAL,VETO TOTAL PROJETO DE LEI Nº 535/2023,15214,NAO,2023-10-17,
79148,1405,NOMINAL,VETO TOTAL PROJETO DE LEI Nº 535/2023,15214,NAO,2023-10-17,
79149,1405,NOMINAL,VETO TOTAL PROJETO DE LEI Nº 535/2023,15214,NAO,2023-10-17,
79150,1405,NOMINAL,VETO TOTAL PROJETO DE LEI Nº 535/2023,15214,NAO,2023-10-17,
79151,1405,NOMINAL,VETO TOTAL PROJETO DE LEI Nº 535/2023,15214,NAO,2023-10-17,
79152,1405,NOMINAL,VETO TOTAL PROJETO DE LEI Nº 535/2023,15214,NAO,2023-10-17,
79153,1405,NOMINAL,VETO TOTAL PROJETO DE LEI Nº 535/2023,15214,NAO,2023-10-17,
79154,1405,NOMINAL,VETO TOTAL PROJETO DE LEI Nº 535/2023,15214,NAO,2023-10-17,
79155,1405,NOMINAL,VETO TOTAL PROJETO DE LEI Nº 535/2023,15214,NAO,2023-10-17,
79156,1405,NOMINAL,VETO TOTAL PROJETO DE LEI Nº 535/2023,15214,NAO,2023-10-17,
79157,1405,NOMINAL,VETO TOTAL PROJETO DE LEI Nº 535/2023,15214,NAO,2023-10-17,
79158,1405,NOMINAL,VETO TOTAL PROJETO DE LEI Nº 535/2023,15214,NAO,2023-10-17,
79159,1405,NOMINAL,VETO TOTAL PROJETO DE LEI Nº 535/2023,15214,NAO,2023-10-17,
79160,1405,NOMINAL,VETO TOTAL PROJETO DE LEI Nº 535/2023,15214,NAO,2023-10-17,
79161,1405,NOMINAL,VETO TOTAL PROJETO DE LEI Nº 535/2023,15214,NAO,2023-10-17,
79162,1405,NOMINAL,VETO TOTAL PROJETO DE LEI Nº 535/2023,15214,NAO,2023-10-17,
79163,1405,NOMINAL,VETO TOTAL PROJETO DE LEI Nº 535/2023,15214,NAO,2023-10-17,
79164,1405,NOMINAL,VETO TOTAL PROJETO DE LEI Nº 535/2023,15214,NAO,2023-10-17,
79165,1405,NOMINAL,VETO TOTAL PROJETO DE LEI Nº 535/2023,15214,NAO,2023-10-17,
79166,1405,NOMINAL,VETO TOTAL PROJETO DE LEI Nº 535/2023,15214,NAO,2023-10-17,
79167,1405,NOMINAL,VETO TOTAL PROJETO DE LEI Nº 535/2023,15214,NAO,2023-10-17,
79168,2120,NOMINAL,PLC 61/2023 - 1° TURNO,,SIM,2025-03-11,
79169,2120,NOMINAL,PLC 61/2023 - 1° TURNO,,SIM,2025-03-11,
79170,2120,NOMINAL,PLC 61/2023 - 1° TURNO,,SIM,2025-03-11,
79171,2120,NOMINAL,PLC 61/2023 - 1° TURNO,,SIM,2025-03-11,
79172,2120,NOMINAL,PLC 61/2023 - 1° TURNO,,SIM,2025-03-11,
79173,2120,NOMINAL,PLC 61/2023 - 1° TURNO,,SIM,2025-03-11,
79174,2120,NOMINAL,PLC 61/2023 - 1° TURNO,,SIM,2025-03-11,
79175,2120,NOMINAL,PLC 61/2023 - 1° TURNO,,SIM,2025-03-11,
79176,2120,NOMINAL,PLC 61/2023 - 1° TURNO,,SIM,2025-03-11,
79177,2120,NOMINAL,PLC 61/2023 - 1° TURNO,,SIM,2025-03-11,
79178,2120,NOMINAL,PLC 61/2023 - 1° TURNO,,SIM,2025-03-11,
79179,2120,NOMINAL,PLC 61/2023 - 1° TURNO,,SIM,2025-03-11,
79180,2120,NOMINAL,PLC 61/2023 - 1° TURNO,,SIM,2025-03-11,
79181,2120,NOMINAL,PLC 61/2023 - 1° TURNO,,SIM,2025-03-11,
79182,2120,NOMINAL,PLC 61/2023 - 1° TURNO,,SIM,2025-03-11,
79183,2120,NOMINAL,PLC 61/2023 - 1° TURNO,,SIM,2025-03-11,
79184,2120,NOMINAL,PLC 61/2023 - 1° TURNO,,SIM,2025-03-11,
79185,2120,NOMINAL,PLC 61/2023 - 1° TURNO,,SIM,2025-03-11,
79186,2120,NOMINAL,PLC 61/2023 - 1° TURNO,,SIM,2025-03-11,
79187,2120,NOMINAL,PLC 61/2023 - 1° TURNO,,SIM,2025-03-11,
79188,2121,NOMINAL,PLC 61/2024 - 2° TURNO,150464,SIM,2025-03-11,
79189,2121,NOMINAL,PLC 61/2024 - 2° TURNO,150464,SIM,2025-03-11,
79190,2121,NOMINAL,PLC 61/2024 - 2° TURNO,150464,SIM,2025-03-11,
79191,2121,NOMINAL,PLC 61/2024 - 2° TURNO,150464,SIM,2025-03-11,
79192,2121,NOMINAL,PLC 61/2024 - 2° TURNO,150464,SIM,2025-03-11,
79193,2121,NOMINAL,PLC 61/2024 - 2° TURNO,150464,SIM,2025-03-11,
79194,2121,NOMINAL,PLC 61/2024 - 2° TURNO,150464,SIM,2025-03-11,
79195,2121,NOMINAL,PLC 61/2024 - 2° TURNO,150464,SIM,2025-03-11,
79196,2121,NOMINAL,PLC 61/2024 - 2° TURNO,150464,SIM,2025-03-11,
79197,2121,NOMINAL,PLC 61/2024 - 2° TURNO,150464,SIM,2025-03-11,
79198,2121,NOMINAL,PLC 61/2024 - 2° TURNO,150464,SIM,2025-03-11,
79199,2121,NOMINAL,PLC 61/2024 - 2° TURNO,150464,SIM,2025-03-11,
79200,2121,NOMINAL,PLC 61/2024 - 2° TURNO,150464,SIM,2025-03-11,
79201,2121,NOMINAL,PLC 61/2024 - 2° TURNO,150464,SIM,2025-03-11,
79202,2121,NOMINAL,PLC 61/2024 - 2° TURNO,150464,SIM,2025-03-11,
79203,2121,NOMINAL,PLC 61/2024 - 2° TURNO,150464,SIM,2025-03-11,
79204,2121,NOMINAL,PLC 61/2024 - 2° TURNO,150464,SIM,2025-03-11,
79205,2141,NOMINAL,"PLC 61/2024 - DESTAQUE ART. 28, §2º",150464,NAO,2025-03-11,
79206,2141,NOMINAL,"PLC 61/2024 - DESTAQUE ART. 28, §2º",150464,ABSTENCAO,2025-03-11,
79207,2141,NOMINAL,"PLC 61/2024 - DESTAQUE ART. 28, §2º",150464,NAO,2025-03-11,
79208,2141,NOMINAL,"PLC 61/2024 - DESTAQUE ART. 28, §2º",150464,ABSTENCAO,2025-03-11,
79209,2141,NOMINAL,"PLC 61/2024 - DESTAQUE ART. 28, §2º",150464,NAO,2025-03-11,
79210,2141,NOMINAL,"PLC 61/2024 - DESTAQUE ART. 28, §2º",150464,NAO,2025-03-11,
79211,2141,NOMINAL,"PLC 61/2024 - DESTAQUE ART. 28, §2º",150464,NAO,2025-03-11,
79212,2141,NOMINAL,"PLC 61/2024 - DESTAQUE ART. 28, §2º",150464,NAO,2025-03-11,
79213,2141,NOMINAL,"PLC 61/2024 - DESTAQUE ART. 28, §2º",150464,NAO,2025-03-11,
79214,2141,NOMINAL,"PLC 61/2024 - DESTAQUE ART. 28, §2º",150464,NAO,2025-03-11,
79215,2141,NOMINAL,"PLC 61/2024 - DESTAQUE ART. 28, §2º",150464,ABSTENCAO,2025-03-11,
79216,2141,NOMINAL,"PLC 61/2024 - DESTAQUE ART. 28, §2º",150464,NAO,2025-03-11,
79217,2141,NOMINAL,"PLC 61/2024 - DESTAQUE ART. 28, §2º",150464,NAO,2025-03-11,
79218,2141,NOMINAL,"PLC 61/2024 - DESTAQUE ART. 28, §2º",150464,NAO,2025-03-11,
79219,2141,NOMINAL,"PLC 61/2024 - DESTAQUE ART. 28, §2º",150464,NAO,2025-03-11,
79220,2141,NOMINAL,"PLC 61/2024 - DESTAQUE ART. 28, §2º",150464,NAO,2025-03-11,
79221,2141,NOMINAL,"PLC 61/2024 - DESTAQUE ART. 28, §2º",150464,NAO,2025-03-11,
79222,2141,NOMINAL,"PLC 61/2024 - DESTAQUE ART. 28, §2º",150464,NAO,2025-03-11,
79223,2146,NOMINAL,PLC 63/2025 - 1° TURNO,150838,NAO,2025-03-18,
79224,2146,NOMINAL,PLC 63/2025 - 1° TURNO,150838,SIM,2025-03-18,
79225,2146,NOMINAL,PLC 63/2025 - 1° TURNO,150838,NAO,2025-03-18,
79226,2146,NOMINAL,PLC 63/2025 - 1° TURNO,150838,SIM,2025-03-18,
79227,2146,NOMINAL,PLC 63/2025 - 1° TURNO,150838,NAO,2025-03-18,
79228,2146,NOMINAL,PLC 63/2025 - 1° TURNO,150838,NAO,2025-03-18,
79229,2146,NOMINAL,PLC 63/2025 - 1° TURNO,150838,SIM,2025-03-18,
79230,2146,NOMINAL,PLC 63/2025 - 1° TURNO,150838,SIM,2025-03-18,
79231,2146,NOMINAL,PLC 63/2025 - 1° TURNO,150838,SIM,2025-03-18,
79232,2146,NOMINAL,PLC 63/2025 - 1° TURNO,150838,SIM,2025-03-18,
79233,2146,NOMINAL,PLC 63/2025 - 1° TURNO,150838,SIM,2025-03-18,
79234,2146,NOMINAL,PLC 63/2025 - 1° TURNO,150838,SIM,2025-03-18,
79235,2146,NOMINAL,PLC 63/2025 - 1° TURNO,150838,NAO,2025-03-18,
79236,2146,NOMINAL,PLC 63/2025 - 1° TURNO,150838,SIM,2025-03-18,
79237,2146,NOMINAL,PLC 63/2025 - 1° TURNO,150838,SIM,2025-03-18,
79238,2146,NOMINAL,PLC 63/2025 - 1° TURNO,150838,SIM,2025-03-18,
79239,2146,NOMINAL,PLC 63/2025 - 1° TURNO,150838,NAO,2025-03-18,
79240,2146,NOMINAL,PLC 63/2025 - 1° TURNO,150838,SIM,2025-03-18,
79241,2146,NOMINAL,PLC 63/2025 - 1° TURNO,150838,SIM,2025-03-18,
79242,2146,NOMINAL,PLC 63/2025 - 1° TURNO,150838,SIM,2025-03-18,
79243,2146,NOMINAL,PLC 63/2025 - 1° TURNO,150838,SIM,2025-03-18,
79244,2147,NOMINAL,PLC 63/2025 - 2° TURNO,150838,NAO,2025-03-18,
79245,2147,NOMINAL,PLC 63/2025 - 2° TURNO,150838,SIM,2025-03-18,
79246,2147,NOMINAL,PLC 63/2025 - 2° TURNO,150838,NAO,2025-03-18,
79247,2147,NOMINAL,PLC 63/2025 - 2° TURNO,150838,SIM,2025-03-18,
79248,2147,NOMINAL,PLC 63/2025 - 2° TURNO,150838,NAO,2025-03-18,
79249,2147,NOMINAL,PLC 63/2025 - 2° TURNO,150838,NAO,2025-03-18,
79250,2147,NOMINAL,PLC 63/2025 - 2° TURNO,150838,SIM,2025-03-18,
79251,2147,NOMINAL,PLC 63/2025 - 2° TURNO,150838,SIM,2025-03-18,
79252,2147,NOMINAL,PLC 63/2025 - 2° TURNO,150838,SIM,2025-03-18,
79253,2147,NOMINAL,PLC 63/2025 - 2° TURNO,150838,SIM,2025-03-18,
79254,2147,NOMINAL,PLC 63/2025 - 2° TURNO,150838,SIM,2025-03-18,
79255,2147,NOMINAL,PLC 63/2025 - 2° TURNO,150838,NAO,2025-03-18,
79256,2147,NOMINAL,PLC 63/2025 - 2° TURNO,150838,SIM,2025-03-18,
79257,2147,NOMINAL,PLC 63/2025 - 2° TURNO,150838,SIM,2025-03-18,
79258,2147,NOMINAL,PLC 63/2025 - 2° TURNO,150838,SIM,2025-03-18,
79259,2147,NOMINAL,PLC 63/2025 - 2° TURNO,150838,NAO,2025-03-18,
79260,2147,NOMINAL,PLC 63/2025 - 2° TURNO,150838,SIM,2025-03-18,
79261,2147,NOMINAL,PLC 63/2025 - 2° TURNO,150838,SIM,2025-03-18,
79262,2147,NOMINAL,PLC 63/2025 - 2° TURNO,150838,SIM,2025-03-18,
79263,2147,NOMINAL,PLC 63/2025 - 2° TURNO,150838,SIM,2025-03-18,
79264,2152,NOMINAL,BLOCO DE REQUERIMENTOS E MOÇÕES DE 17/03/2025,,SIM,2025-03-18,
79265,2152,NOMINAL,BLOCO DE REQUERIMENTOS E MOÇÕES DE 17/03/2025,,SIM,2025-03-18,
79266,2152,NOMINAL,BLOCO DE REQUERIMENTOS E MOÇÕES DE 17/03/2025,,SIM,2025-03-18,
79267,2152,NOMINAL,BLOCO DE REQUERIMENTOS E MOÇÕES DE 17/03/2025,,SIM,2025-03-18,
79268,2152,NOMINAL,BLOCO DE REQUERIMENTOS E MOÇÕES DE 17/03/2025,,SIM,2025-03-18,
79269,2152,NOMINAL,BLOCO DE REQUERIMENTOS E MOÇÕES DE 17/03/2025,,SIM,2025-03-18,
79270,2152,NOMINAL,BLOCO DE REQUERIMENTOS E MOÇÕES DE 17/03/2025,,SIM,2025-03-18,
79271,2152,NOMINAL,BLOCO DE REQUERIMENTOS E MOÇÕES DE 17/03/2025,,SIM,2025-03-18,
79272,2152,NOMINAL,BLOCO DE REQUERIMENTOS E MOÇÕES DE 17/03/2025,,SIM,2025-03-18,
79273,2152,NOMINAL,BLOCO DE REQUERIMENTOS E MOÇÕES DE 17/03/2025,,SIM,2025-03-18,
79274,2152,NOMINAL,BLOCO DE REQUERIMENTOS E MOÇÕES DE 17/03/2025,,SIM,2025-03-18,
79275,2152,NOMINAL,BLOCO DE REQUERIMENTOS E MOÇÕES DE 17/03/2025,,SIM,2025-03-18,
79276,2152,NOMINAL,BLOCO DE REQUERIMENTOS E MOÇÕES DE 17/03/2025,,SIM,2025-03-18,
79277,2152,NOMINAL,BLOCO DE REQUERIMENTOS E MOÇÕES DE 17/03/2025,,SIM,2025-03-18,
79278,2152,NOMINAL,BLOCO DE REQUERIMENTOS E MOÇÕES DE 17/03/2025,,SIM,2025-03-18,
79279,2152,NOMINAL,BLOCO DE REQUERIMENTOS E MOÇÕES DE 17/03/2025,,SIM,2025-03-18,
79280,2152,NOMINAL,BLOCO DE REQUERIMENTOS E MOÇÕES DE 17/03/2025,,SIM,2025-03-18,
79281,2153,NOMINAL,PDL 275/2025 - TURNO ÚNICO,151507,ABSTENCAO,2025-03-18,
79282,2153,NOMINAL,PDL 275/2025 - TURNO ÚNICO,151507,SIM,2025-03-18,
79283,2153,NOMINAL,PDL 275/2025 - TURNO ÚNICO,151507,NAO,2025-03-18,
79284,2153,NOMINAL,PDL 275/2025 - TURNO ÚNICO,151507,SIM,2025-03-18,
79285,2153,NOMINAL,PDL 275/2025 - TURNO ÚNICO,151507,NAO,2025-03-18,
79286,2153,NOMINAL,PDL 275/2025 - TURNO ÚNICO,151507,NAO,2025-03-18,
79287,2153,NOMINAL,PDL 275/2025 - TURNO ÚNICO,151507,SIM,2025-03-18,
79288,2153,NOMINAL,PDL 275/2025 - TURNO ÚNICO,151507,SIM,2025-03-18,
79289,2153,NOMINAL,PDL 275/2025 - TURNO ÚNICO,151507,SIM,2025-03-18,
79290,2153,NOMINAL,PDL 275/2025 - TURNO ÚNICO,151507,SIM,2025-03-18,
79291,2153,NOMINAL,PDL 275/2025 - TURNO ÚNICO,151507,SIM,2025-03-18,
79292,2153,NOMINAL,PDL 275/2025 - TURNO ÚNICO,151507,SIM,2025-03-18,
79293,2153,NOMINAL,PDL 275/2025 - TURNO ÚNICO,151507,NAO,2025-03-18,
79294,2153,NOMINAL,PDL 275/2025 - TURNO ÚNICO,151507,SIM,2025-03-18,
79295,2153,NOMINAL,PDL 275/2025 - TURNO ÚNICO,151507,NAO,2025-03-18,
79296,2153,NOMINAL,PDL 275/2025 - TURNO ÚNICO,151507,SIM,2025-03-18,
79297,2153,NOMINAL,PDL 275/2025 - TURNO ÚNICO,151507,ABSTENCAO,2025-03-18,
79298,2153,NOMINAL,PDL 275/2025 - TURNO ÚNICO,151507,SIM,2025-03-18,
79299,2153,NOMINAL,PDL 275/2025 - TURNO ÚNICO,151507,SIM,2025-03-18,
79300,2164,NOMINAL,PDL 262/2025,151027,SIM,2025-03-25,
79301,2164,NOMINAL,PDL 262/2025,151027,ABSTENCAO,2025-03-25,
79302,2164,NOMINAL,PDL 262/2025,151027,SIM,2025-03-25,
79303,2164,NOMINAL,PDL 262/2025,151027,SIM,2025-03-25,
79304,2164,NOMINAL,PDL 262/2025,151027,ABSTENCAO,2025-03-25,
79305,2164,NOMINAL,PDL 262/2025,151027,SIM,2025-03-25,
79306,2164,NOMINAL,PDL 262/2025,151027,SIM,2025-03-25,
79307,2164,NOMINAL,PDL 262/2025,151027,SIM,2025-03-25,
79308,2164,NOMINAL,PDL 262/2025,151027,SIM,2025-03-25,
79309,2164,NOMINAL,PDL 262/2025,151027,SIM,2025-03-25,
79310,2164,NOMINAL,PDL 262/2025,151027,ABSTENCAO,2025-03-25,
79311,2164,NOMINAL,PDL 262/2025,151027,SIM,2025-03-25,
79312,2164,NOMINAL,PDL 262/2025,151027,SIM,2025-03-25,
79313,2164,NOMINAL,PDL 262/2025,151027,SIM,2025-03-25,
79314,2164,NOMINAL,PDL 262/2025,151027,SIM,2025-03-25,
79315,2164,NOMINAL,PDL 262/2025,151027,SIM,2025-03-25,
79316,2164,NOMINAL,PDL 262/2025,151027,SIM,2025-03-25,
79317,2164,NOMINAL,PDL 262/2025,151027,SIM,2025-03-25,
79318,2164,NOMINAL,PDL 262/2025,151027,SIM,2025-03-25,
79319,2166,NOMINAL,PDL 263/2025,151031,SIM,2025-03-25,
79320,2166,NOMINAL,PDL 263/2025,151031,ABSTENCAO,2025-03-25,
79321,2166,NOMINAL,PDL 263/2025,151031,SIM,2025-03-25,
79322,2166,NOMINAL,PDL 263/2025,151031,SIM,2025-03-25,
79323,2166,NOMINAL,PDL 263/2025,151031,ABSTENCAO,2025-03-25,
79324,2166,NOMINAL,PDL 263/2025,151031,SIM,2025-03-25,
79325,2166,NOMINAL,PDL 263/2025,151031,SIM,2025-03-25,
79326,2166,NOMINAL,PDL 263/2025,151031,SIM,2025-03-25,
79327,2166,NOMINAL,PDL 263/2025,151031,SIM,2025-03-25,
79328,2166,NOMINAL,PDL 263/2025,151031,SIM,2025-03-25,
79329,2166,NOMINAL,PDL 263/2025,151031,SIM,2025-03-25,
79330,2166,NOMINAL,PDL 263/2025,151031,SIM,2025-03-25,
79331,2166,NOMINAL,PDL 263/2025,151031,ABSTENCAO,2025-03-25,
79332,2166,NOMINAL,PDL 263/2025,151031,SIM,2025-03-25,
79333,2166,NOMINAL,PDL 263/2025,151031,SIM,2025-03-25,
79334,2166,NOMINAL,PDL 263/2025,151031,SIM,2025-03-25,
79335,2166,NOMINAL,PDL 263/2025,151031,SIM,2025-03-25,
79336,2166,NOMINAL,PDL 263/2025,151031,SIM,2025-03-25,
79337,2166,NOMINAL,PDL 263/2025,151031,SIM,2025-03-25,
79338,2166,NOMINAL,PDL 263/2025,151031,SIM,2025-03-25,
79339,2166,NOMINAL,PDL 263/2025,151031,SIM,2025-03-25,
79340,2169,NOMINAL,PDL 278/2025,151584,SIM,2025-03-25,
79341,2169,NOMINAL,PDL 278/2025,151584,SIM,2025-03-25,
79342,2169,NOMINAL,PDL 278/2025,151584,SIM,2025-03-25,
79343,2169,NOMINAL,PDL 278/2025,151584,SIM,2025-03-25,
79344,2169,NOMINAL,PDL 278/2025,151584,SIM,2025-03-25,
79345,2169,NOMINAL,PDL 278/2025,151584,SIM,2025-03-25,
79346,2169,NOMINAL,PDL 278/2025,151584,SIM,2025-03-25,
79347,2169,NOMINAL,PDL 278/2025,151584,SIM,2025-03-25,
79348,2169,NOMINAL,PDL 278/2025,151584,SIM,2025-03-25,
79349,2169,NOMINAL,PDL 278/2025,151584,SIM,2025-03-25,
79350,2169,NOMINAL,PDL 278/2025,151584,SIM,2025-03-25,
79351,2169,NOMINAL,PDL 278/2025,151584,SIM,2025-03-25,
79352,2169,NOMINAL,PDL 278/2025,151584,SIM,2025-03-25,
79353,2169,NOMINAL,PDL 278/2025,151584,SIM,2025-03-25,
79354,2169,NOMINAL,PDL 278/2025,151584,SIM,2025-03-25,
79355,2169,NOMINAL,PDL 278/2025,151584,SIM,2025-03-25,
79356,2169,NOMINAL,PDL 278/2025,151584,SIM,2025-03-25,
79357,2169,NOMINAL,PDL 278/2025,151584,SIM,2025-03-25,
79358,2169,NOMINAL,PDL 278/2025,151584,SIM,2025-03-25,
79359,2174,NOMINAL,BLOCO PDLS 25/03/2025,,SIM,2025-03-25,
79360,2174,NOMINAL,BLOCO PDLS 25/03/2025,,SIM,2025-03-25,
79361,2174,NOMINAL,BLOCO PDLS 25/03/2025,,SIM,2025-03-25,
79362,2174,NOMINAL,BLOCO PDLS 25/03/2025,,SIM,2025-03-25,
79363,2174,NOMINAL,BLOCO PDLS 25/03/2025,,SIM,2025-03-25,
79364,2174,NOMINAL,BLOCO PDLS 25/03/2025,,SIM,2025-03-25,
79365,2174,NOMINAL,BLOCO PDLS 25/03/2025,,SIM,2025-03-25,
79366,2174,NOMINAL,BLOCO PDLS 25/03/2025,,SIM,2025-03-25,
79367,2174,NOMINAL,BLOCO PDLS 25/03/2025,,SIM,2025-03-25,
79368,2174,NOMINAL,BLOCO PDLS 25/03/2025,,SIM,2025-03-25,
79369,2174,NOMINAL,BLOCO PDLS 25/03/2025,,SIM,2025-03-25,
79370,2174,NOMINAL,BLOCO PDLS 25/03/2025,,SIM,2025-03-25,
79371,2174,NOMINAL,BLOCO PDLS 25/03/2025,,ABSTENCAO,2025-03-25,
79372,2174,NOMINAL,BLOCO PDLS 25/03/2025,,SIM,2025-03-25,
79373,2174,NOMINAL,BLOCO PDLS 25/03/2025,,SIM,2025-03-25,
79374,2174,NOMINAL,BLOCO PDLS 25/03/2025,,ABSTENCAO,2025-03-25,
79375,2174,NOMINAL,BLOCO PDLS 25/03/2025,,SIM,2025-03-25,
79376,2189,NOMINAL,PL 1638/2025 - 1º TURNO,151550,SIM,2025-04-02,
79377,2189,NOMINAL,PL 1638/2025 - 1º TURNO,151550,SIM,2025-04-02,
79378,2189,NOMINAL,PL 1638/2025 - 1º TURNO,151550,SIM,2025-04-02,
79379,2189,NOMINAL,PL 1638/2025 - 1º TURNO,151550,SIM,2025-04-02,
79380,2189,NOMINAL,PL 1638/2025 - 1º TURNO,151550,SIM,2025-04-02,
79381,2189,NOMINAL,PL 1638/2025 - 1º TURNO,151550,SIM,2025-04-02,
79382,2189,NOMINAL,PL 1638/2025 - 1º TURNO,151550,SIM,2025-04-02,
79383,2189,NOMINAL,PL 1638/2025 - 1º TURNO,151550,SIM,2025-04-02,
79384,2189,NOMINAL,PL 1638/2025 - 1º TURNO,151550,SIM,2025-04-02,
79385,2189,NOMINAL,PL 1638/2025 - 1º TURNO,151550,SIM,2025-04-02,
79386,2189,NOMINAL,PL 1638/2025 - 1º TURNO,151550,SIM,2025-04-02,
79387,2189,NOMINAL,PL 1638/2025 - 1º TURNO,151550,SIM,2025-04-02,
79388,2189,NOMINAL,PL 1638/2025 - 1º TURNO,151550,SIM,2025-04-02,
79389,2189,NOMINAL,PL 1638/2025 - 1º TURNO,151550,SIM,2025-04-02,
79390,2189,NOMINAL,PL 1638/2025 - 1º TURNO,151550,SIM,2025-04-02,
79391,2189,NOMINAL,PL 1638/2025 - 1º TURNO,151550,SIM,2025-04-02,
79392,2189,NOMINAL,PL 1638/2025 - 1º TURNO,151550,SIM,2025-04-02,
79393,2189,NOMINAL,PL 1638/2025 - 1º TURNO,151550,SIM,2025-04-02,
79394,2191,NOMINAL,PL 1638/2025 - PARECER CEOF,151550,SIM,2025-04-01,
79395,2191,NOMINAL,PL 1638/2025 - PARECER CEOF,151550,SIM,2025-04-01,
79396,2191,NOMINAL,PL 1638/2025 - PARECER CEOF,151550,SIM,2025-04-01,
79397,2191,NOMINAL,PL 1638/2025 - PARECER CEOF,151550,SIM,2025-04-01,
79398,2191,NOMINAL,PL 1638/2025 - PARECER CEOF,151550,SIM,2025-04-01,
79399,2191,NOMINAL,PL 1638/2025 - PARECER CEOF,151550,SIM,2025-04-01,
79400,2191,NOMINAL,PL 1638/2025 - PARECER CEOF,151550,SIM,2025-04-01,
79401,2191,NOMINAL,PL 1638/2025 - PARECER CEOF,151550,SIM,2025-04-01,
79402,2191,NOMINAL,PL 1638/2025 - PARECER CEOF,151550,SIM,2025-04-01,
79403,2191,NOMINAL,PL 1638/2025 - PARECER CEOF,151550,SIM,2025-04-01,
79404,2191,NOMINAL,PL 1638/2025 - PARECER CEOF,151550,SIM,2025-04-01,
79405,2191,NOMINAL,PL 1638/2025 - PARECER CEOF,151550,SIM,2025-04-01,
79406,2191,NOMINAL,PL 1638/2025 - PARECER CEOF,151550,SIM,2025-04-01,
79407,2191,NOMINAL,PL 1638/2025 - PARECER CEOF,151550,SIM,2025-04-01,
79408,2191,NOMINAL,PL 1638/2025 - PARECER CEOF,151550,SIM,2025-04-01,
79409,2195,NOMINAL,BLOCO VETOS 03.06.2025,,NAO,2025-06-03,
79410,2195,NOMINAL,BLOCO VETOS 03.06.2025,,NAO,2025-06-03,
79411,2195,NOMINAL,BLOCO VETOS 03.06.2025,,NAO,2025-06-03,
79412,2195,NOMINAL,BLOCO VETOS 03.06.2025,,NAO,2025-06-03,
79413,2195,NOMINAL,BLOCO VETOS 03.06.2025,,NAO,2025-06-03,
79414,2195,NOMINAL,BLOCO VETOS 03.06.2025,,NAO,2025-06-03,
79415,2195,NOMINAL,BLOCO VETOS 03.06.2025,,NAO,2025-06-03,
79416,2195,NOMINAL,BLOCO VETOS 03.06.2025,,NAO,2025-06-03,
79417,2195,NOMINAL,BLOCO VETOS 03.06.2025,,NAO,2025-06-03,
79418,2195,NOMINAL,BLOCO VETOS 03.06.2025,,NAO,2025-06-03,
79419,2195,NOMINAL,BLOCO VETOS 03.06.2025,,NAO,2025-06-03,
79420,2195,NOMINAL,BLOCO VETOS 03.06.2025,,NAO,2025-06-03,
79421,2195,NOMINAL,BLOCO VETOS 03.06.2025,,NAO,2025-06-03,
79422,2195,NOMINAL,BLOCO VETOS 03.06.2025,,NAO,2025-06-03,
79423,2195,NOMINAL,BLOCO VETOS 03.06.2025,,NAO,2025-06-03,
79424,2195,NOMINAL,BLOCO VETOS 03.06.2025,,NAO,2025-06-03,
79425,2196,NOMINAL,PDL 290/2025,151774,SIM,2025-04-01,
79426,2196,NOMINAL,PDL 290/2025,151774,SIM,2025-04-01,
79427,2196,NOMINAL,PDL 290/2025,151774,SIM,2025-04-01,
79428,2196,NOMINAL,PDL 290/2025,151774,SIM,2025-04-01,
79429,2196,NOMINAL,PDL 290/2025,151774,SIM,2025-04-01,
79430,2196,NOMINAL,PDL 290/2025,151774,SIM,2025-04-01,
79431,2196,NOMINAL,PDL 290/2025,151774,SIM,2025-04-01,
79432,2196,NOMINAL,PDL 290/2025,151774,SIM,2025-04-01,
79433,2196,NOMINAL,PDL 290/2025,151774,SIM,2025-04-01,
79434,2196,NOMINAL,PDL 290/2025,151774,SIM,2025-04-01,
79435,2196,NOMINAL,PDL 290/2025,151774,SIM,2025-04-01,
79436,2196,NOMINAL,PDL 290/2025,151774,SIM,2025-04-01,
79437,2196,NOMINAL,PDL 290/2025,151774,SIM,2025-04-01,
79438,2196,NOMINAL,PDL 290/2025,151774,SIM,2025-04-01,
79439,2196,NOMINAL,PDL 290/2025,151774,SIM,2025-04-01,
79440,2211,NOMINAL,BLOCO DE REQUERIMENTOS DE 02/04/2025,,SIM,2025-04-02,
79441,2211,NOMINAL,BLOCO DE REQUERIMENTOS DE 02/04/2025,,SIM,2025-04-02,
79442,2211,NOMINAL,BLOCO DE REQUERIMENTOS DE 02/04/2025,,SIM,2025-04-02,
79443,2211,NOMINAL,BLOCO DE REQUERIMENTOS DE 02/04/2025,,SIM,2025-04-02,
79444,2211,NOMINAL,BLOCO DE REQUERIMENTOS DE 02/04/2025,,SIM,2025-04-02,
79445,2211,NOMINAL,BLOCO DE REQUERIMENTOS DE 02/04/2025,,SIM,2025-04-02,
79446,2211,NOMINAL,BLOCO DE REQUERIMENTOS DE 02/04/2025,,SIM,2025-04-02,
79447,2211,NOMINAL,BLOCO DE REQUERIMENTOS DE 02/04/2025,,SIM,2025-04-02,
79448,2211,NOMINAL,BLOCO DE REQUERIMENTOS DE 02/04/2025,,SIM,2025-04-02,
79449,2211,NOMINAL,BLOCO DE REQUERIMENTOS DE 02/04/2025,,SIM,2025-04-02,
79450,2211,NOMINAL,BLOCO DE REQUERIMENTOS DE 02/04/2025,,SIM,2025-04-02,
79451,2211,NOMINAL,BLOCO DE REQUERIMENTOS DE 02/04/2025,,SIM,2025-04-02,
79452,2211,NOMINAL,BLOCO DE REQUERIMENTOS DE 02/04/2025,,SIM,2025-04-02,
79453,2211,NOMINAL,BLOCO DE REQUERIMENTOS DE 02/04/2025,,SIM,2025-04-02,
79454,2211,NOMINAL,BLOCO DE REQUERIMENTOS DE 02/04/2025,,SIM,2025-04-02,
79455,2211,NOMINAL,BLOCO DE REQUERIMENTOS DE 02/04/2025,,SIM,2025-04-02,
79456,2211,NOMINAL,BLOCO DE REQUERIMENTOS DE 02/04/2025,,SIM,2025-04-02,
79457,2212,NOMINAL,PL 1638/2025 - EMENDA DESTACADA Nº 239,151550,SIM,2025-04-02,
79458,2212,NOMINAL,PL 1638/2025 - EMENDA DESTACADA Nº 239,151550,NAO,2025-04-02,
79459,2212,NOMINAL,PL 1638/2025 - EMENDA DESTACADA Nº 239,151550,NAO,2025-04-02,
79460,2212,NOMINAL,PL 1638/2025 - EMENDA DESTACADA Nº 239,151550,NAO,2025-04-02,
79461,2212,NOMINAL,PL 1638/2025 - EMENDA DESTACADA Nº 239,151550,SIM,2025-04-02,
79462,2212,NOMINAL,PL 1638/2025 - EMENDA DESTACADA Nº 239,151550,NAO,2025-04-02,
79463,2212,NOMINAL,PL 1638/2025 - EMENDA DESTACADA Nº 239,151550,NAO,2025-04-02,
79464,2212,NOMINAL,PL 1638/2025 - EMENDA DESTACADA Nº 239,151550,NAO,2025-04-02,
79465,2212,NOMINAL,PL 1638/2025 - EMENDA DESTACADA Nº 239,151550,NAO,2025-04-02,
79466,2212,NOMINAL,PL 1638/2025 - EMENDA DESTACADA Nº 239,151550,NAO,2025-04-02,
79467,2212,NOMINAL,PL 1638/2025 - EMENDA DESTACADA Nº 239,151550,NAO,2025-04-02,
79468,2212,NOMINAL,PL 1638/2025 - EMENDA DESTACADA Nº 239,151550,NAO,2025-04-02,
79469,2212,NOMINAL,PL 1638/2025 - EMENDA DESTACADA Nº 239,151550,NAO,2025-04-02,
79470,2212,NOMINAL,PL 1638/2025 - EMENDA DESTACADA Nº 239,151550,SIM,2025-04-02,
79471,2212,NOMINAL,PL 1638/2025 - EMENDA DESTACADA Nº 239,151550,NAO,2025-04-02,
79472,2212,NOMINAL,PL 1638/2025 - EMENDA DESTACADA Nº 239,151550,NAO,2025-04-02,
79473,2212,NOMINAL,PL 1638/2025 - EMENDA DESTACADA Nº 239,151550,NAO,2025-04-02,
79474,2212,NOMINAL,PL 1638/2025 - EMENDA DESTACADA Nº 239,151550,NAO,2025-04-02,
79475,2224,NOMINAL,PDL 294/2025 - TURNO ÚNICO,151934,SIM,2025-04-08,
79476,2224,NOMINAL,PDL 294/2025 - TURNO ÚNICO,151934,SIM,2025-04-08,
79477,2224,NOMINAL,PDL 294/2025 - TURNO ÚNICO,151934,SIM,2025-04-08,
79478,2224,NOMINAL,PDL 294/2025 - TURNO ÚNICO,151934,SIM,2025-04-08,
79479,2224,NOMINAL,PDL 294/2025 - TURNO ÚNICO,151934,SIM,2025-04-08,
79480,2224,NOMINAL,PDL 294/2025 - TURNO ÚNICO,151934,SIM,2025-04-08,
79481,2224,NOMINAL,PDL 294/2025 - TURNO ÚNICO,151934,SIM,2025-04-08,
79482,2224,NOMINAL,PDL 294/2025 - TURNO ÚNICO,151934,SIM,2025-04-08,
79483,2224,NOMINAL,PDL 294/2025 - TURNO ÚNICO,151934,SIM,2025-04-08,
79484,2224,NOMINAL,PDL 294/2025 - TURNO ÚNICO,151934,SIM,2025-04-08,
79485,2224,NOMINAL,PDL 294/2025 - TURNO ÚNICO,151934,SIM,2025-04-08,
79486,2224,NOMINAL,PDL 294/2025 - TURNO ÚNICO,151934,SIM,2025-04-08,
79487,2224,NOMINAL,PDL 294/2025 - TURNO ÚNICO,151934,SIM,2025-04-08,
79488,2224,NOMINAL,PDL 294/2025 - TURNO ÚNICO,151934,SIM,2025-04-08,
79489,2224,NOMINAL,PDL 294/2025 - TURNO ÚNICO,151934,SIM,2025-04-08,
79490,2224,NOMINAL,PDL 294/2025 - TURNO ÚNICO,151934,SIM,2025-04-08,
79491,2224,NOMINAL,PDL 294/2025 - TURNO ÚNICO,151934,SIM,2025-04-08,
79492,2224,NOMINAL,PDL 294/2025 - TURNO ÚNICO,151934,SIM,2025-04-08,
79493,2224,NOMINAL,PDL 294/2025 - TURNO ÚNICO,151934,SIM,2025-04-08,
79494,2225,NOMINAL,PDL 293/2025 - TURNO ÚNICO,151930,SIM,2025-05-06,
79495,2225,NOMINAL,PDL 293/2025 - TURNO ÚNICO,151930,SIM,2025-05-06,
79496,2225,NOMINAL,PDL 293/2025 - TURNO ÚNICO,151930,SIM,2025-05-06,
79497,2225,NOMINAL,PDL 293/2025 - TURNO ÚNICO,151930,SIM,2025-05-06,
79498,2225,NOMINAL,PDL 293/2025 - TURNO ÚNICO,151930,SIM,2025-05-06,
79499,2225,NOMINAL,PDL 293/2025 - TURNO ÚNICO,151930,SIM,2025-05-06,
79500,2225,NOMINAL,PDL 293/2025 - TURNO ÚNICO,151930,SIM,2025-05-06,
79501,2225,NOMINAL,PDL 293/2025 - TURNO ÚNICO,151930,SIM,2025-05-06,
79502,2225,NOMINAL,PDL 293/2025 - TURNO ÚNICO,151930,SIM,2025-05-06,
79503,2225,NOMINAL,PDL 293/2025 - TURNO ÚNICO,151930,SIM,2025-05-06,
79504,2225,NOMINAL,PDL 293/2025 - TURNO ÚNICO,151930,SIM,2025-05-06,
79505,2225,NOMINAL,PDL 293/2025 - TURNO ÚNICO,151930,SIM,2025-05-06,
79506,2225,NOMINAL,PDL 293/2025 - TURNO ÚNICO,151930,SIM,2025-05-06,
79507,2225,NOMINAL,PDL 293/2025 - TURNO ÚNICO,151930,SIM,2025-05-06,
79508,2225,NOMINAL,PDL 293/2025 - TURNO ÚNICO,151930,SIM,2025-05-06,
79509,2225,NOMINAL,PDL 293/2025 - TURNO ÚNICO,151930,SIM,2025-05-06,
79510,2225,NOMINAL,PDL 293/2025 - TURNO ÚNICO,151930,SIM,2025-05-06,
79511,2225,NOMINAL,PDL 293/2025 - TURNO ÚNICO,151930,SIM,2025-05-06,
79512,2225,NOMINAL,PDL 293/2025 - TURNO ÚNICO,151930,SIM,2025-05-06,
79513,2225,NOMINAL,PDL 293/2025 - TURNO ÚNICO,151930,SIM,2025-05-06,
79514,2265,NOMINAL,PLC 70/2025 - 1º TURNO,151970,SIM,2025-05-20,
79515,2265,NOMINAL,PLC 70/2025 - 1º TURNO,151970,SIM,2025-05-20,
79516,2265,NOMINAL,PLC 70/2025 - 1º TURNO,151970,SIM,2025-05-20,
79517,2265,NOMINAL,PLC 70/2025 - 1º TURNO,151970,SIM,2025-05-20,
79518,2265,NOMINAL,PLC 70/2025 - 1º TURNO,151970,SIM,2025-05-20,
79519,2265,NOMINAL,PLC 70/2025 - 1º TURNO,151970,SIM,2025-05-20,
79520,2265,NOMINAL,PLC 70/2025 - 1º TURNO,151970,SIM,2025-05-20,
79521,2265,NOMINAL,PLC 70/2025 - 1º TURNO,151970,SIM,2025-05-20,
79522,2265,NOMINAL,PLC 70/2025 - 1º TURNO,151970,SIM,2025-05-20,
79523,2265,NOMINAL,PLC 70/2025 - 1º TURNO,151970,SIM,2025-05-20,
79524,2265,NOMINAL,PLC 70/2025 - 1º TURNO,151970,SIM,2025-05-20,
79525,2265,NOMINAL,PLC 70/2025 - 1º TURNO,151970,SIM,2025-05-20,
79526,2265,NOMINAL,PLC 70/2025 - 1º TURNO,151970,SIM,2025-05-20,
79527,2265,NOMINAL,PLC 70/2025 - 1º TURNO,151970,SIM,2025-05-20,
79528,2265,NOMINAL,PLC 70/2025 - 1º TURNO,151970,SIM,2025-05-20,
79529,2265,NOMINAL,PLC 70/2025 - 1º TURNO,151970,SIM,2025-05-20,
79530,2265,NOMINAL,PLC 70/2025 - 1º TURNO,151970,SIM,2025-05-20,
79531,2265,NOMINAL,PLC 70/2025 - 1º TURNO,151970,SIM,2025-05-20,
79532,2265,NOMINAL,PLC 70/2025 - 1º TURNO,151970,SIM,2025-05-20,
79533,2266,NOMINAL,PLC 70/2025 - 2º TURNO,151970,SIM,2025-05-20,
79534,2266,NOMINAL,PLC 70/2025 - 2º TURNO,151970,SIM,2025-05-20,
79535,2266,NOMINAL,PLC 70/2025 - 2º TURNO,151970,SIM,2025-05-20,
79536,2266,NOMINAL,PLC 70/2025 - 2º TURNO,151970,SIM,2025-05-20,
79537,2266,NOMINAL,PLC 70/2025 - 2º TURNO,151970,SIM,2025-05-20,
79538,2266,NOMINAL,PLC 70/2025 - 2º TURNO,151970,SIM,2025-05-20,
79539,2266,NOMINAL,PLC 70/2025 - 2º TURNO,151970,SIM,2025-05-20,
79540,2266,NOMINAL,PLC 70/2025 - 2º TURNO,151970,SIM,2025-05-20,
79541,2266,NOMINAL,PLC 70/2025 - 2º TURNO,151970,SIM,2025-05-20,
79542,2266,NOMINAL,PLC 70/2025 - 2º TURNO,151970,SIM,2025-05-20,
79543,2266,NOMINAL,PLC 70/2025 - 2º TURNO,151970,SIM,2025-05-20,
79544,2266,NOMINAL,PLC 70/2025 - 2º TURNO,151970,SIM,2025-05-20,
79545,2266,NOMINAL,PLC 70/2025 - 2º TURNO,151970,SIM,2025-05-20,
79546,2266,NOMINAL,PLC 70/2025 - 2º TURNO,151970,SIM,2025-05-20,
79547,2266,NOMINAL,PLC 70/2025 - 2º TURNO,151970,SIM,2025-05-20,
79548,2266,NOMINAL,PLC 70/2025 - 2º TURNO,151970,SIM,2025-05-20,
79549,2266,NOMINAL,PLC 70/2025 - 2º TURNO,151970,SIM,2025-05-20,
79550,2267,NOMINAL,PLC 69/2025 - 1º TURNO,151948,SIM,2025-06-17,
79551,2267,NOMINAL,PLC 69/2025 - 1º TURNO,151948,SIM,2025-06-17,
79552,2267,NOMINAL,PLC 69/2025 - 1º TURNO,151948,SIM,2025-06-17,
79553,2267,NOMINAL,PLC 69/2025 - 1º TURNO,151948,SIM,2025-06-17,
79554,2267,NOMINAL,PLC 69/2025 - 1º TURNO,151948,SIM,2025-06-17,
79555,2267,NOMINAL,PLC 69/2025 - 1º TURNO,151948,SIM,2025-06-17,
79556,2267,NOMINAL,PLC 69/2025 - 1º TURNO,151948,SIM,2025-06-17,
79557,2267,NOMINAL,PLC 69/2025 - 1º TURNO,151948,SIM,2025-06-17,
79558,2267,NOMINAL,PLC 69/2025 - 1º TURNO,151948,SIM,2025-06-17,
79559,2267,NOMINAL,PLC 69/2025 - 1º TURNO,151948,SIM,2025-06-17,
79560,2267,NOMINAL,PLC 69/2025 - 1º TURNO,151948,SIM,2025-06-17,
79561,2267,NOMINAL,PLC 69/2025 - 1º TURNO,151948,SIM,2025-06-17,
79562,2267,NOMINAL,PLC 69/2025 - 1º TURNO,151948,SIM,2025-06-17,
79563,2267,NOMINAL,PLC 69/2025 - 1º TURNO,151948,SIM,2025-06-17,
79564,2268,NOMINAL,PLC 69/2025 - 2º TURNO,151948,SIM,2025-06-17,
79565,2268,NOMINAL,PLC 69/2025 - 2º TURNO,151948,SIM,2025-06-17,
79566,2268,NOMINAL,PLC 69/2025 - 2º TURNO,151948,SIM,2025-06-17,
79567,2268,NOMINAL,PLC 69/2025 - 2º TURNO,151948,SIM,2025-06-17,
79568,2268,NOMINAL,PLC 69/2025 - 2º TURNO,151948,SIM,2025-06-17,
79569,2268,NOMINAL,PLC 69/2025 - 2º TURNO,151948,SIM,2025-06-17,
79570,2268,NOMINAL,PLC 69/2025 - 2º TURNO,151948,SIM,2025-06-17,
79571,2268,NOMINAL,PLC 69/2025 - 2º TURNO,151948,SIM,2025-06-17,
79572,2268,NOMINAL,PLC 69/2025 - 2º TURNO,151948,SIM,2025-06-17,
79573,2268,NOMINAL,PLC 69/2025 - 2º TURNO,151948,SIM,2025-06-17,
79574,2268,NOMINAL,PLC 69/2025 - 2º TURNO,151948,SIM,2025-06-17,
79575,2268,NOMINAL,PLC 69/2025 - 2º TURNO,151948,SIM,2025-06-17,
79576,2268,NOMINAL,PLC 69/2025 - 2º TURNO,151948,SIM,2025-06-17,
79577,2268,NOMINAL,PLC 69/2025 - 2º TURNO,151948,SIM,2025-06-17,
79578,2270,NOMINAL,PL 1709/2025 - 1º TURNO,152250,NAO,2025-05-06,
79579,2270,NOMINAL,PL 1709/2025 - 1º TURNO,152250,SIM,2025-05-06,
79580,2270,NOMINAL,PL 1709/2025 - 1º TURNO,152250,SIM,2025-05-06,
79581,2270,NOMINAL,PL 1709/2025 - 1º TURNO,152250,SIM,2025-05-06,
79582,2270,NOMINAL,PL 1709/2025 - 1º TURNO,152250,NAO,2025-05-06,
79583,2270,NOMINAL,PL 1709/2025 - 1º TURNO,152250,NAO,2025-05-06,
79584,2270,NOMINAL,PL 1709/2025 - 1º TURNO,152250,SIM,2025-05-06,
79585,2270,NOMINAL,PL 1709/2025 - 1º TURNO,152250,SIM,2025-05-06,
79586,2270,NOMINAL,PL 1709/2025 - 1º TURNO,152250,SIM,2025-05-06,
79587,2270,NOMINAL,PL 1709/2025 - 1º TURNO,152250,SIM,2025-05-06,
79588,2270,NOMINAL,PL 1709/2025 - 1º TURNO,152250,SIM,2025-05-06,
79589,2270,NOMINAL,PL 1709/2025 - 1º TURNO,152250,SIM,2025-05-06,
79590,2270,NOMINAL,PL 1709/2025 - 1º TURNO,152250,SIM,2025-05-06,
79591,2270,NOMINAL,PL 1709/2025 - 1º TURNO,152250,SIM,2025-05-06,
79592,2270,NOMINAL,PL 1709/2025 - 1º TURNO,152250,NAO,2025-05-06,
79593,2270,NOMINAL,PL 1709/2025 - 1º TURNO,152250,SIM,2025-05-06,
79594,2270,NOMINAL,PL 1709/2025 - 1º TURNO,152250,SIM,2025-05-06,
79595,2270,NOMINAL,PL 1709/2025 - 1º TURNO,152250,SIM,2025-05-06,
79596,2270,NOMINAL,PL 1709/2025 - 1º TURNO,152250,SIM,2025-05-06,
79597,2270,NOMINAL,PL 1709/2025 - 1º TURNO,152250,SIM,2025-05-06,
79598,2270,NOMINAL,PL 1709/2025 - 1º TURNO,152250,SIM,2025-05-06,
79599,2299,NOMINAL,PL 1599/2025 - 1º TURNO,151258,SIM,2025-05-13,
79600,2299,NOMINAL,PL 1599/2025 - 1º TURNO,151258,SIM,2025-05-13,
79601,2299,NOMINAL,PL 1599/2025 - 1º TURNO,151258,SIM,2025-05-13,
79602,2299,NOMINAL,PL 1599/2025 - 1º TURNO,151258,SIM,2025-05-13,
79603,2299,NOMINAL,PL 1599/2025 - 1º TURNO,151258,SIM,2025-05-13,
79604,2299,NOMINAL,PL 1599/2025 - 1º TURNO,151258,SIM,2025-05-13,
79605,2299,NOMINAL,PL 1599/2025 - 1º TURNO,151258,SIM,2025-05-13,
79606,2299,NOMINAL,PL 1599/2025 - 1º TURNO,151258,SIM,2025-05-13,
79607,2299,NOMINAL,PL 1599/2025 - 1º TURNO,151258,SIM,2025-05-13,
79608,2299,NOMINAL,PL 1599/2025 - 1º TURNO,151258,SIM,2025-05-13,
79609,2299,NOMINAL,PL 1599/2025 - 1º TURNO,151258,SIM,2025-05-13,
79610,2299,NOMINAL,PL 1599/2025 - 1º TURNO,151258,SIM,2025-05-13,
79611,2299,NOMINAL,PL 1599/2025 - 1º TURNO,151258,SIM,2025-05-13,
79612,2299,NOMINAL,PL 1599/2025 - 1º TURNO,151258,SIM,2025-05-13,
79613,2299,NOMINAL,PL 1599/2025 - 1º TURNO,151258,SIM,2025-05-13,
79614,2299,NOMINAL,PL 1599/2025 - 1º TURNO,151258,SIM,2025-05-13,
79615,2300,NOMINAL,PL 1599/2025 - 2º TURNO,151258,SIM,2025-05-13,
79616,2300,NOMINAL,PL 1599/2025 - 2º TURNO,151258,SIM,2025-05-13,
79617,2300,NOMINAL,PL 1599/2025 - 2º TURNO,151258,SIM,2025-05-13,
79618,2300,NOMINAL,PL 1599/2025 - 2º TURNO,151258,SIM,2025-05-13,
79619,2300,NOMINAL,PL 1599/2025 - 2º TURNO,151258,SIM,2025-05-13,
79620,2300,NOMINAL,PL 1599/2025 - 2º TURNO,151258,SIM,2025-05-13,
79621,2300,NOMINAL,PL 1599/2025 - 2º TURNO,151258,SIM,2025-05-13,
79622,2300,NOMINAL,PL 1599/2025 - 2º TURNO,151258,SIM,2025-05-13,
79623,2300,NOMINAL,PL 1599/2025 - 2º TURNO,151258,SIM,2025-05-13,
79624,2300,NOMINAL,PL 1599/2025 - 2º TURNO,151258,SIM,2025-05-13,
79625,2300,NOMINAL,PL 1599/2025 - 2º TURNO,151258,SIM,2025-05-13,
79626,2300,NOMINAL,PL 1599/2025 - 2º TURNO,151258,SIM,2025-05-13,
79627,2300,NOMINAL,PL 1599/2025 - 2º TURNO,151258,SIM,2025-05-13,
79628,2300,NOMINAL,PL 1599/2025 - 2º TURNO,151258,SIM,2025-05-13,
79629,2300,NOMINAL,PL 1599/2025 - 2º TURNO,151258,SIM,2025-05-13,
79630,2300,NOMINAL,PL 1599/2025 - 2º TURNO,151258,SIM,2025-05-13,
79631,2300,NOMINAL,PL 1599/2025 - 2º TURNO,151258,SIM,2025-05-13,
79632,2300,NOMINAL,PL 1599/2025 - 2º TURNO,151258,SIM,2025-05-13,
79633,2300,NOMINAL,PL 1599/2025 - 2º TURNO,151258,SIM,2025-05-13,
79634,2300,NOMINAL,PL 1599/2025 - 2º TURNO,151258,SIM,2025-05-13,
79635,2302,NOMINAL,PLC 68/2025 - 1º TURNO,151675,SIM,2025-10-21,
79636,2302,NOMINAL,PLC 68/2025 - 1º TURNO,151675,SIM,2025-10-21,
79637,2302,NOMINAL,PLC 68/2025 - 1º TURNO,151675,SIM,2025-10-21,
79638,2302,NOMINAL,PLC 68/2025 - 1º TURNO,151675,SIM,2025-10-21,
79639,2302,NOMINAL,PLC 68/2025 - 1º TURNO,151675,SIM,2025-10-21,
79640,2302,NOMINAL,PLC 68/2025 - 1º TURNO,151675,SIM,2025-10-21,
79641,2302,NOMINAL,PLC 68/2025 - 1º TURNO,151675,SIM,2025-10-21,
79642,2302,NOMINAL,PLC 68/2025 - 1º TURNO,151675,SIM,2025-10-21,
79643,2302,NOMINAL,PLC 68/2025 - 1º TURNO,151675,SIM,2025-10-21,
79644,2302,NOMINAL,PLC 68/2025 - 1º TURNO,151675,SIM,2025-10-21,
79645,2302,NOMINAL,PLC 68/2025 - 1º TURNO,151675,SIM,2025-10-21,
79646,2302,NOMINAL,PLC 68/2025 - 1º TURNO,151675,SIM,2025-10-21,
79647,2302,NOMINAL,PLC 68/2025 - 1º TURNO,151675,SIM,2025-10-21,
79648,2302,NOMINAL,PLC 68/2025 - 1º TURNO,151675,SIM,2025-10-21,
79649,2302,NOMINAL,PLC 68/2025 - 1º TURNO,151675,SIM,2025-10-21,
79650,2302,NOMINAL,PLC 68/2025 - 1º TURNO,151675,SIM,2025-10-21,
79651,2302,NOMINAL,PLC 68/2025 - 1º TURNO,151675,SIM,2025-10-21,
79652,2302,NOMINAL,PLC 68/2025 - 1º TURNO,151675,SIM,2025-10-21,
79653,2302,NOMINAL,PLC 68/2025 - 1º TURNO,151675,SIM,2025-10-21,
79654,2302,NOMINAL,PLC 68/2025 - 1º TURNO,151675,SIM,2025-10-21,
79655,2308,NOMINAL,BLOCO DE VETOS DE 13/05/2025,,SIM,2025-05-13,
79656,2308,NOMINAL,BLOCO DE VETOS DE 13/05/2025,,SIM,2025-05-13,
79657,2308,NOMINAL,BLOCO DE VETOS DE 13/05/2025,,SIM,2025-05-13,
79658,2308,NOMINAL,BLOCO DE VETOS DE 13/05/2025,,SIM,2025-05-13,
79659,2308,NOMINAL,BLOCO DE VETOS DE 13/05/2025,,SIM,2025-05-13,
79660,2308,NOMINAL,BLOCO DE VETOS DE 13/05/2025,,SIM,2025-05-13,
79661,2308,NOMINAL,BLOCO DE VETOS DE 13/05/2025,,SIM,2025-05-13,
79662,2308,NOMINAL,BLOCO DE VETOS DE 13/05/2025,,SIM,2025-05-13,
79663,2308,NOMINAL,BLOCO DE VETOS DE 13/05/2025,,SIM,2025-05-13,
79664,2308,NOMINAL,BLOCO DE VETOS DE 13/05/2025,,SIM,2025-05-13,
79665,2308,NOMINAL,BLOCO DE VETOS DE 13/05/2025,,SIM,2025-05-13,
79666,2308,NOMINAL,BLOCO DE VETOS DE 13/05/2025,,SIM,2025-05-13,
79667,2308,NOMINAL,BLOCO DE VETOS DE 13/05/2025,,SIM,2025-05-13,
79668,2308,NOMINAL,BLOCO DE VETOS DE 13/05/2025,,SIM,2025-05-13,
79669,2308,NOMINAL,BLOCO DE VETOS DE 13/05/2025,,SIM,2025-05-13,
79670,2308,NOMINAL,BLOCO DE VETOS DE 13/05/2025,,SIM,2025-05-13,
79671,2308,NOMINAL,BLOCO DE VETOS DE 13/05/2025,,SIM,2025-05-13,
79672,2308,NOMINAL,BLOCO DE VETOS DE 13/05/2025,,SIM,2025-05-13,
79673,2333,NOMINAL,BLOCO DE PDLS DE 20/05/2025 - TURNO ÚNICO,,SIM,2025-05-20,
79674,2333,NOMINAL,BLOCO DE PDLS DE 20/05/2025 - TURNO ÚNICO,,SIM,2025-05-20,
79675,2333,NOMINAL,BLOCO DE PDLS DE 20/05/2025 - TURNO ÚNICO,,SIM,2025-05-20,
79676,2333,NOMINAL,BLOCO DE PDLS DE 20/05/2025 - TURNO ÚNICO,,SIM,2025-05-20,
79677,2333,NOMINAL,BLOCO DE PDLS DE 20/05/2025 - TURNO ÚNICO,,SIM,2025-05-20,
79678,2333,NOMINAL,BLOCO DE PDLS DE 20/05/2025 - TURNO ÚNICO,,SIM,2025-05-20,
79679,2333,NOMINAL,BLOCO DE PDLS DE 20/05/2025 - TURNO ÚNICO,,SIM,2025-05-20,
79680,2333,NOMINAL,BLOCO DE PDLS DE 20/05/2025 - TURNO ÚNICO,,SIM,2025-05-20,
79681,2333,NOMINAL,BLOCO DE PDLS DE 20/05/2025 - TURNO ÚNICO,,SIM,2025-05-20,
79682,2333,NOMINAL,BLOCO DE PDLS DE 20/05/2025 - TURNO ÚNICO,,SIM,2025-05-20,
79683,2333,NOMINAL,BLOCO DE PDLS DE 20/05/2025 - TURNO ÚNICO,,SIM,2025-05-20,
79684,2333,NOMINAL,BLOCO DE PDLS DE 20/05/2025 - TURNO ÚNICO,,SIM,2025-05-20,
79685,2333,NOMINAL,BLOCO DE PDLS DE 20/05/2025 - TURNO ÚNICO,,SIM,2025-05-20,
79686,2333,NOMINAL,BLOCO DE PDLS DE 20/05/2025 - TURNO ÚNICO,,SIM,2025-05-20,
79687,2333,NOMINAL,BLOCO DE PDLS DE 20/05/2025 - TURNO ÚNICO,,SIM,2025-05-20,
79688,2333,NOMINAL,BLOCO DE PDLS DE 20/05/2025 - TURNO ÚNICO,,SIM,2025-05-20,
79689,2333,NOMINAL,BLOCO DE PDLS DE 20/05/2025 - TURNO ÚNICO,,SIM,2025-05-20,
79690,2333,NOMINAL,BLOCO DE PDLS DE 20/05/2025 - TURNO ÚNICO,,SIM,2025-05-20,
79691,2333,NOMINAL,BLOCO DE PDLS DE 20/05/2025 - TURNO ÚNICO,,SIM,2025-05-20,
79692,2333,NOMINAL,BLOCO DE PDLS DE 20/05/2025 - TURNO ÚNICO,,SIM,2025-05-20,
79693,2335,NOMINAL,PLC 67/2025 - 1º TURNO,151616,NAO,2025-05-27,
79694,2335,NOMINAL,PLC 67/2025 - 1º TURNO,151616,SIM,2025-05-27,
79695,2335,NOMINAL,PLC 67/2025 - 1º TURNO,151616,SIM,2025-05-27,
79696,2335,NOMINAL,PLC 67/2025 - 1º TURNO,151616,SIM,2025-05-27,
79697,2335,NOMINAL,PLC 67/2025 - 1º TURNO,151616,SIM,2025-05-27,
79698,2335,NOMINAL,PLC 67/2025 - 1º TURNO,151616,SIM,2025-05-27,
79699,2335,NOMINAL,PLC 67/2025 - 1º TURNO,151616,NAO,2025-05-27,
79700,2335,NOMINAL,PLC 67/2025 - 1º TURNO,151616,SIM,2025-05-27,
79701,2335,NOMINAL,PLC 67/2025 - 1º TURNO,151616,SIM,2025-05-27,
79702,2335,NOMINAL,PLC 67/2025 - 1º TURNO,151616,SIM,2025-05-27,
79703,2335,NOMINAL,PLC 67/2025 - 1º TURNO,151616,SIM,2025-05-27,
79704,2335,NOMINAL,PLC 67/2025 - 1º TURNO,151616,SIM,2025-05-27,
79705,2335,NOMINAL,PLC 67/2025 - 1º TURNO,151616,SIM,2025-05-27,
79706,2335,NOMINAL,PLC 67/2025 - 1º TURNO,151616,SIM,2025-05-27,
79707,2335,NOMINAL,PLC 67/2025 - 1º TURNO,151616,SIM,2025-05-27,
79708,2335,NOMINAL,PLC 67/2025 - 1º TURNO,151616,SIM,2025-05-27,
79709,2335,NOMINAL,PLC 67/2025 - 1º TURNO,151616,SIM,2025-05-27,
79710,2335,NOMINAL,PLC 67/2025 - 1º TURNO,151616,SIM,2025-05-27,
79711,2335,NOMINAL,PLC 67/2025 - 1º TURNO,151616,SIM,2025-05-27,
79712,2335,NOMINAL,PLC 67/2025 - 1º TURNO,151616,SIM,2025-05-27,
79713,2335,NOMINAL,PLC 67/2025 - 1º TURNO,151616,SIM,2025-05-27,
79714,2336,NOMINAL,PLC 67/2025 - 2º TURNO,151616,NAO,2025-05-27,
79715,2336,NOMINAL,PLC 67/2025 - 2º TURNO,151616,SIM,2025-05-27,
79716,2336,NOMINAL,PLC 67/2025 - 2º TURNO,151616,SIM,2025-05-27,
79717,2336,NOMINAL,PLC 67/2025 - 2º TURNO,151616,SIM,2025-05-27,
79718,2336,NOMINAL,PLC 67/2025 - 2º TURNO,151616,SIM,2025-05-27,
79719,2336,NOMINAL,PLC 67/2025 - 2º TURNO,151616,NAO,2025-05-27,
79720,2336,NOMINAL,PLC 67/2025 - 2º TURNO,151616,SIM,2025-05-27,
79721,2336,NOMINAL,PLC 67/2025 - 2º TURNO,151616,SIM,2025-05-27,
79722,2336,NOMINAL,PLC 67/2025 - 2º TURNO,151616,SIM,2025-05-27,
79723,2336,NOMINAL,PLC 67/2025 - 2º TURNO,151616,SIM,2025-05-27,
79724,2336,NOMINAL,PLC 67/2025 - 2º TURNO,151616,SIM,2025-05-27,
79725,2336,NOMINAL,PLC 67/2025 - 2º TURNO,151616,SIM,2025-05-27,
79726,2336,NOMINAL,PLC 67/2025 - 2º TURNO,151616,SIM,2025-05-27,
79727,2336,NOMINAL,PLC 67/2025 - 2º TURNO,151616,SIM,2025-05-27,
79728,2336,NOMINAL,PLC 67/2025 - 2º TURNO,151616,SIM,2025-05-27,
79729,2336,NOMINAL,PLC 67/2025 - 2º TURNO,151616,SIM,2025-05-27,
79730,2336,NOMINAL,PLC 67/2025 - 2º TURNO,151616,SIM,2025-05-27,
79731,2336,NOMINAL,PLC 67/2025 - 2º TURNO,151616,SIM,2025-05-27,
79732,2336,NOMINAL,PLC 67/2025 - 2º TURNO,151616,SIM,2025-05-27,
79733,2336,NOMINAL,PLC 67/2025 - 2º TURNO,151616,SIM,2025-05-27,
79734,2336,NOMINAL,PLC 67/2025 - 2º TURNO,151616,SIM,2025-05-27,
79735,2339,NOMINAL,BLOCO DE PDLS DESTACADOS - TURNO ÚNICO,,SIM,2025-05-20,
79736,2339,NOMINAL,BLOCO DE PDLS DESTACADOS - TURNO ÚNICO,,SIM,2025-05-20,
79737,2339,NOMINAL,BLOCO DE PDLS DESTACADOS - TURNO ÚNICO,,SIM,2025-05-20,
79738,2339,NOMINAL,BLOCO DE PDLS DESTACADOS - TURNO ÚNICO,,ABSTENCAO,2025-05-20,
79739,2339,NOMINAL,BLOCO DE PDLS DESTACADOS - TURNO ÚNICO,,SIM,2025-05-20,
79740,2339,NOMINAL,BLOCO DE PDLS DESTACADOS - TURNO ÚNICO,,SIM,2025-05-20,
79741,2339,NOMINAL,BLOCO DE PDLS DESTACADOS - TURNO ÚNICO,,SIM,2025-05-20,
79742,2339,NOMINAL,BLOCO DE PDLS DESTACADOS - TURNO ÚNICO,,SIM,2025-05-20,
79743,2339,NOMINAL,BLOCO DE PDLS DESTACADOS - TURNO ÚNICO,,SIM,2025-05-20,
79744,2339,NOMINAL,BLOCO DE PDLS DESTACADOS - TURNO ÚNICO,,SIM,2025-05-20,
79745,2339,NOMINAL,BLOCO DE PDLS DESTACADOS - TURNO ÚNICO,,SIM,2025-05-20,
79746,2339,NOMINAL,BLOCO DE PDLS DESTACADOS - TURNO ÚNICO,,SIM,2025-05-20,
79747,2339,NOMINAL,BLOCO DE PDLS DESTACADOS - TURNO ÚNICO,,SIM,2025-05-20,
79748,2339,NOMINAL,BLOCO DE PDLS DESTACADOS - TURNO ÚNICO,,ABSTENCAO,2025-05-20,
79749,2339,NOMINAL,BLOCO DE PDLS DESTACADOS - TURNO ÚNICO,,SIM,2025-05-20,
79750,2339,NOMINAL,BLOCO DE PDLS DESTACADOS - TURNO ÚNICO,,SIM,2025-05-20,
79751,2339,NOMINAL,BLOCO DE PDLS DESTACADOS - TURNO ÚNICO,,NAO,2025-05-20,
79752,2339,NOMINAL,BLOCO DE PDLS DESTACADOS - TURNO ÚNICO,,SIM,2025-05-20,
79753,2340,NOMINAL,PDL 304/2025 - TURNO ÚNICO,151932,SIM,2025-05-20,
79754,2340,NOMINAL,PDL 304/2025 - TURNO ÚNICO,151932,SIM,2025-05-20,
79755,2340,NOMINAL,PDL 304/2025 - TURNO ÚNICO,151932,SIM,2025-05-20,
79756,2340,NOMINAL,PDL 304/2025 - TURNO ÚNICO,151932,SIM,2025-05-20,
79757,2340,NOMINAL,PDL 304/2025 - TURNO ÚNICO,151932,SIM,2025-05-20,
79758,2340,NOMINAL,PDL 304/2025 - TURNO ÚNICO,151932,ABSTENCAO,2025-05-20,
79759,2340,NOMINAL,PDL 304/2025 - TURNO ÚNICO,151932,ABSTENCAO,2025-05-20,
79760,2340,NOMINAL,PDL 304/2025 - TURNO ÚNICO,151932,SIM,2025-05-20,
79761,2340,NOMINAL,PDL 304/2025 - TURNO ÚNICO,151932,SIM,2025-05-20,
79762,2340,NOMINAL,PDL 304/2025 - TURNO ÚNICO,151932,SIM,2025-05-20,
79763,2340,NOMINAL,PDL 304/2025 - TURNO ÚNICO,151932,SIM,2025-05-20,
79764,2340,NOMINAL,PDL 304/2025 - TURNO ÚNICO,151932,SIM,2025-05-20,
79765,2340,NOMINAL,PDL 304/2025 - TURNO ÚNICO,151932,ABSTENCAO,2025-05-20,
79766,2340,NOMINAL,PDL 304/2025 - TURNO ÚNICO,151932,SIM,2025-05-20,
79767,2340,NOMINAL,PDL 304/2025 - TURNO ÚNICO,151932,SIM,2025-05-20,
79768,2340,NOMINAL,PDL 304/2025 - TURNO ÚNICO,151932,SIM,2025-05-20,
79769,2340,NOMINAL,PDL 304/2025 - TURNO ÚNICO,151932,SIM,2025-05-20,
79770,2340,NOMINAL,PDL 304/2025 - TURNO ÚNICO,151932,SIM,2025-05-20,
79771,2340,NOMINAL,PDL 304/2025 - TURNO ÚNICO,151932,SIM,2025-05-20,
79772,2340,NOMINAL,PDL 304/2025 - TURNO ÚNICO,151932,SIM,2025-05-20,
79773,2343,NOMINAL,BLOCO 2 DE PDLS DE 20/05/2025 - TURNO ÚNICO,,SIM,2025-05-20,
79774,2343,NOMINAL,BLOCO 2 DE PDLS DE 20/05/2025 - TURNO ÚNICO,,SIM,2025-05-20,
79775,2343,NOMINAL,BLOCO 2 DE PDLS DE 20/05/2025 - TURNO ÚNICO,,SIM,2025-05-20,
79776,2343,NOMINAL,BLOCO 2 DE PDLS DE 20/05/2025 - TURNO ÚNICO,,SIM,2025-05-20,
79777,2343,NOMINAL,BLOCO 2 DE PDLS DE 20/05/2025 - TURNO ÚNICO,,SIM,2025-05-20,
79778,2343,NOMINAL,BLOCO 2 DE PDLS DE 20/05/2025 - TURNO ÚNICO,,SIM,2025-05-20,
79779,2343,NOMINAL,BLOCO 2 DE PDLS DE 20/05/2025 - TURNO ÚNICO,,SIM,2025-05-20,
79780,2343,NOMINAL,BLOCO 2 DE PDLS DE 20/05/2025 - TURNO ÚNICO,,SIM,2025-05-20,
79781,2343,NOMINAL,BLOCO 2 DE PDLS DE 20/05/2025 - TURNO ÚNICO,,SIM,2025-05-20,
79782,2343,NOMINAL,BLOCO 2 DE PDLS DE 20/05/2025 - TURNO ÚNICO,,SIM,2025-05-20,
79783,2343,NOMINAL,BLOCO 2 DE PDLS DE 20/05/2025 - TURNO ÚNICO,,SIM,2025-05-20,
79784,2343,NOMINAL,BLOCO 2 DE PDLS DE 20/05/2025 - TURNO ÚNICO,,SIM,2025-05-20,
79785,2343,NOMINAL,BLOCO 2 DE PDLS DE 20/05/2025 - TURNO ÚNICO,,SIM,2025-05-20,
79786,2343,NOMINAL,BLOCO 2 DE PDLS DE 20/05/2025 - TURNO ÚNICO,,SIM,2025-05-20,
79787,2343,NOMINAL,BLOCO 2 DE PDLS DE 20/05/2025 - TURNO ÚNICO,,SIM,2025-05-20,
79788,2343,NOMINAL,BLOCO 2 DE PDLS DE 20/05/2025 - TURNO ÚNICO,,SIM,2025-05-20,
79789,2343,NOMINAL,BLOCO 2 DE PDLS DE 20/05/2025 - TURNO ÚNICO,,SIM,2025-05-20,
79790,2343,NOMINAL,BLOCO 2 DE PDLS DE 20/05/2025 - TURNO ÚNICO,,SIM,2025-05-20,
79791,2356,NOMINAL,PL 1190/2024 - 1º TURNO,20752,SIM,2025-05-27,
79792,2356,NOMINAL,PL 1190/2024 - 1º TURNO,20752,SIM,2025-05-27,
79793,2356,NOMINAL,PL 1190/2024 - 1º TURNO,20752,SIM,2025-05-27,
79794,2356,NOMINAL,PL 1190/2024 - 1º TURNO,20752,SIM,2025-05-27,
79795,2356,NOMINAL,PL 1190/2024 - 1º TURNO,20752,SIM,2025-05-27,
79796,2356,NOMINAL,PL 1190/2024 - 1º TURNO,20752,SIM,2025-05-27,
79797,2356,NOMINAL,PL 1190/2024 - 1º TURNO,20752,SIM,2025-05-27,
79798,2356,NOMINAL,PL 1190/2024 - 1º TURNO,20752,SIM,2025-05-27,
79799,2356,NOMINAL,PL 1190/2024 - 1º TURNO,20752,SIM,2025-05-27,
79800,2356,NOMINAL,PL 1190/2024 - 1º TURNO,20752,SIM,2025-05-27,
79801,2356,NOMINAL,PL 1190/2024 - 1º TURNO,20752,SIM,2025-05-27,
79802,2356,NOMINAL,PL 1190/2024 - 1º TURNO,20752,SIM,2025-05-27,
79803,2356,NOMINAL,PL 1190/2024 - 1º TURNO,20752,SIM,2025-05-27,
79804,2356,NOMINAL,PL 1190/2024 - 1º TURNO,20752,SIM,2025-05-27,
79805,2356,NOMINAL,PL 1190/2024 - 1º TURNO,20752,SIM,2025-05-27,
79806,2356,NOMINAL,PL 1190/2024 - 1º TURNO,20752,SIM,2025-05-27,
79807,2356,NOMINAL,PL 1190/2024 - 1º TURNO,20752,SIM,2025-05-27,
79808,2356,NOMINAL,PL 1190/2024 - 1º TURNO,20752,SIM,2025-05-27,
79809,2357,NOMINAL,PL 1190/2024 - 2º TURNO,20752,SIM,2025-05-27,
79810,2357,NOMINAL,PL 1190/2024 - 2º TURNO,20752,SIM,2025-05-27,
79811,2357,NOMINAL,PL 1190/2024 - 2º TURNO,20752,SIM,2025-05-27,
79812,2357,NOMINAL,PL 1190/2024 - 2º TURNO,20752,SIM,2025-05-27,
79813,2357,NOMINAL,PL 1190/2024 - 2º TURNO,20752,SIM,2025-05-27,
79814,2357,NOMINAL,PL 1190/2024 - 2º TURNO,20752,SIM,2025-05-27,
79815,2357,NOMINAL,PL 1190/2024 - 2º TURNO,20752,SIM,2025-05-27,
79816,2357,NOMINAL,PL 1190/2024 - 2º TURNO,20752,SIM,2025-05-27,
79817,2357,NOMINAL,PL 1190/2024 - 2º TURNO,20752,SIM,2025-05-27,
79818,2357,NOMINAL,PL 1190/2024 - 2º TURNO,20752,SIM,2025-05-27,
79819,2357,NOMINAL,PL 1190/2024 - 2º TURNO,20752,SIM,2025-05-27,
79820,2357,NOMINAL,PL 1190/2024 - 2º TURNO,20752,SIM,2025-05-27,
79821,2357,NOMINAL,PL 1190/2024 - 2º TURNO,20752,SIM,2025-05-27,
79822,2357,NOMINAL,PL 1190/2024 - 2º TURNO,20752,SIM,2025-05-27,
79823,2357,NOMINAL,PL 1190/2024 - 2º TURNO,20752,SIM,2025-05-27,
79824,2362,NOMINAL,BLOCO DE MOÇÕES E REQUERIMENTOS DE 27.05.2025,,SIM,2025-05-27,
79825,2362,NOMINAL,BLOCO DE MOÇÕES E REQUERIMENTOS DE 27.05.2025,,SIM,2025-05-27,
79826,2362,NOMINAL,BLOCO DE MOÇÕES E REQUERIMENTOS DE 27.05.2025,,SIM,2025-05-27,
79827,2362,NOMINAL,BLOCO DE MOÇÕES E REQUERIMENTOS DE 27.05.2025,,SIM,2025-05-27,
79828,2362,NOMINAL,BLOCO DE MOÇÕES E REQUERIMENTOS DE 27.05.2025,,SIM,2025-05-27,
79829,2362,NOMINAL,BLOCO DE MOÇÕES E REQUERIMENTOS DE 27.05.2025,,SIM,2025-05-27,
79830,2362,NOMINAL,BLOCO DE MOÇÕES E REQUERIMENTOS DE 27.05.2025,,SIM,2025-05-27,
79831,2362,NOMINAL,BLOCO DE MOÇÕES E REQUERIMENTOS DE 27.05.2025,,SIM,2025-05-27,
79832,2362,NOMINAL,BLOCO DE MOÇÕES E REQUERIMENTOS DE 27.05.2025,,SIM,2025-05-27,
79833,2362,NOMINAL,BLOCO DE MOÇÕES E REQUERIMENTOS DE 27.05.2025,,SIM,2025-05-27,
79834,2362,NOMINAL,BLOCO DE MOÇÕES E REQUERIMENTOS DE 27.05.2025,,SIM,2025-05-27,
79835,2362,NOMINAL,BLOCO DE MOÇÕES E REQUERIMENTOS DE 27.05.2025,,SIM,2025-05-27,
79836,2362,NOMINAL,BLOCO DE MOÇÕES E REQUERIMENTOS DE 27.05.2025,,SIM,2025-05-27,
79837,2362,NOMINAL,BLOCO DE MOÇÕES E REQUERIMENTOS DE 27.05.2025,,SIM,2025-05-27,
79838,2362,NOMINAL,BLOCO DE MOÇÕES E REQUERIMENTOS DE 27.05.2025,,SIM,2025-05-27,
79839,2363,NOMINAL,PL 1731/2025 - EMENDA DESTACADA Nº 2,152473,SIM,2025-05-27,
79840,2363,NOMINAL,PL 1731/2025 - EMENDA DESTACADA Nº 2,152473,NAO,2025-05-27,
79841,2363,NOMINAL,PL 1731/2025 - EMENDA DESTACADA Nº 2,152473,NAO,2025-05-27,
79842,2363,NOMINAL,PL 1731/2025 - EMENDA DESTACADA Nº 2,152473,SIM,2025-05-27,
79843,2363,NOMINAL,PL 1731/2025 - EMENDA DESTACADA Nº 2,152473,SIM,2025-05-27,
79844,2363,NOMINAL,PL 1731/2025 - EMENDA DESTACADA Nº 2,152473,NAO,2025-05-27,
79845,2363,NOMINAL,PL 1731/2025 - EMENDA DESTACADA Nº 2,152473,NAO,2025-05-27,
79846,2363,NOMINAL,PL 1731/2025 - EMENDA DESTACADA Nº 2,152473,NAO,2025-05-27,
79847,2363,NOMINAL,PL 1731/2025 - EMENDA DESTACADA Nº 2,152473,NAO,2025-05-27,
79848,2363,NOMINAL,PL 1731/2025 - EMENDA DESTACADA Nº 2,152473,NAO,2025-05-27,
79849,2363,NOMINAL,PL 1731/2025 - EMENDA DESTACADA Nº 2,152473,SIM,2025-05-27,
79850,2363,NOMINAL,PL 1731/2025 - EMENDA DESTACADA Nº 2,152473,NAO,2025-05-27,
79851,2363,NOMINAL,PL 1731/2025 - EMENDA DESTACADA Nº 2,152473,SIM,2025-05-27,
79852,2363,NOMINAL,PL 1731/2025 - EMENDA DESTACADA Nº 2,152473,NAO,2025-05-27,
79853,2363,NOMINAL,PL 1731/2025 - EMENDA DESTACADA Nº 2,152473,SIM,2025-05-27,
79854,2363,NOMINAL,PL 1731/2025 - EMENDA DESTACADA Nº 2,152473,NAO,2025-05-27,
79855,2363,NOMINAL,PL 1731/2025 - EMENDA DESTACADA Nº 2,152473,NAO,2025-05-27,
79856,2363,NOMINAL,PL 1731/2025 - EMENDA DESTACADA Nº 2,152473,NAO,2025-05-27,
79857,2384,NOMINAL,PLC 74/2025 - 1º TURNO,152945,SIM,2025-06-17,
79858,2384,NOMINAL,PLC 74/2025 - 1º TURNO,152945,SIM,2025-06-17,
79859,2384,NOMINAL,PLC 74/2025 - 1º TURNO,152945,SIM,2025-06-17,
79860,2384,NOMINAL,PLC 74/2025 - 1º TURNO,152945,SIM,2025-06-17,
79861,2384,NOMINAL,PLC 74/2025 - 1º TURNO,152945,SIM,2025-06-17,
79862,2384,NOMINAL,PLC 74/2025 - 1º TURNO,152945,SIM,2025-06-17,
79863,2384,NOMINAL,PLC 74/2025 - 1º TURNO,152945,SIM,2025-06-17,
79864,2384,NOMINAL,PLC 74/2025 - 1º TURNO,152945,SIM,2025-06-17,
79865,2384,NOMINAL,PLC 74/2025 - 1º TURNO,152945,SIM,2025-06-17,
79866,2384,NOMINAL,PLC 74/2025 - 1º TURNO,152945,SIM,2025-06-17,
79867,2384,NOMINAL,PLC 74/2025 - 1º TURNO,152945,SIM,2025-06-17,
79868,2384,NOMINAL,PLC 74/2025 - 1º TURNO,152945,SIM,2025-06-17,
79869,2384,NOMINAL,PLC 74/2025 - 1º TURNO,152945,SIM,2025-06-17,
79870,2384,NOMINAL,PLC 74/2025 - 1º TURNO,152945,SIM,2025-06-17,
79871,2385,NOMINAL,PLC 74/2025 - 2º TURNO,152945,SIM,2025-06-17,
79872,2385,NOMINAL,PLC 74/2025 - 2º TURNO,152945,SIM,2025-06-17,
79873,2385,NOMINAL,PLC 74/2025 - 2º TURNO,152945,SIM,2025-06-17,
79874,2385,NOMINAL,PLC 74/2025 - 2º TURNO,152945,SIM,2025-06-17,
79875,2385,NOMINAL,PLC 74/2025 - 2º TURNO,152945,SIM,2025-06-17,
79876,2385,NOMINAL,PLC 74/2025 - 2º TURNO,152945,SIM,2025-06-17,
79877,2385,NOMINAL,PLC 74/2025 - 2º TURNO,152945,SIM,2025-06-17,
79878,2385,NOMINAL,PLC 74/2025 - 2º TURNO,152945,SIM,2025-06-17,
79879,2385,NOMINAL,PLC 74/2025 - 2º TURNO,152945,SIM,2025-06-17,
79880,2385,NOMINAL,PLC 74/2025 - 2º TURNO,152945,SIM,2025-06-17,
79881,2385,NOMINAL,PLC 74/2025 - 2º TURNO,152945,SIM,2025-06-17,
79882,2385,NOMINAL,PLC 74/2025 - 2º TURNO,152945,SIM,2025-06-17,
79883,2385,NOMINAL,PLC 74/2025 - 2º TURNO,152945,SIM,2025-06-17,
79884,2385,NOMINAL,PLC 74/2025 - 2º TURNO,152945,SIM,2025-06-17,
79885,2393,NOMINAL,PL 1791/2025 - 1º TURNO,153049,SIM,2025-06-17,
79886,2393,NOMINAL,PL 1791/2025 - 1º TURNO,153049,SIM,2025-06-17,
79887,2393,NOMINAL,PL 1791/2025 - 1º TURNO,153049,SIM,2025-06-17,
79888,2393,NOMINAL,PL 1791/2025 - 1º TURNO,153049,SIM,2025-06-17,
79889,2393,NOMINAL,PL 1791/2025 - 1º TURNO,153049,SIM,2025-06-17,
79890,2393,NOMINAL,PL 1791/2025 - 1º TURNO,153049,SIM,2025-06-17,
79891,2393,NOMINAL,PL 1791/2025 - 1º TURNO,153049,SIM,2025-06-17,
79892,2393,NOMINAL,PL 1791/2025 - 1º TURNO,153049,SIM,2025-06-17,
79893,2393,NOMINAL,PL 1791/2025 - 1º TURNO,153049,SIM,2025-06-17,
79894,2393,NOMINAL,PL 1791/2025 - 1º TURNO,153049,SIM,2025-06-17,
79895,2393,NOMINAL,PL 1791/2025 - 1º TURNO,153049,SIM,2025-06-17,
79896,2393,NOMINAL,PL 1791/2025 - 1º TURNO,153049,SIM,2025-06-17,
79897,2393,NOMINAL,PL 1791/2025 - 1º TURNO,153049,SIM,2025-06-17,
79898,2393,NOMINAL,PL 1791/2025 - 1º TURNO,153049,SIM,2025-06-17,
79899,2394,NOMINAL,PL 1791/2025 - 2º TURNO,153049,SIM,2025-06-17,
79900,2394,NOMINAL,PL 1791/2025 - 2º TURNO,153049,SIM,2025-06-17,
79901,2394,NOMINAL,PL 1791/2025 - 2º TURNO,153049,SIM,2025-06-17,
79902,2394,NOMINAL,PL 1791/2025 - 2º TURNO,153049,SIM,2025-06-17,
79903,2394,NOMINAL,PL 1791/2025 - 2º TURNO,153049,SIM,2025-06-17,
79904,2394,NOMINAL,PL 1791/2025 - 2º TURNO,153049,SIM,2025-06-17,
79905,2394,NOMINAL,PL 1791/2025 - 2º TURNO,153049,SIM,2025-06-17,
79906,2394,NOMINAL,PL 1791/2025 - 2º TURNO,153049,SIM,2025-06-17,
79907,2394,NOMINAL,PL 1791/2025 - 2º TURNO,153049,SIM,2025-06-17,
79908,2394,NOMINAL,PL 1791/2025 - 2º TURNO,153049,SIM,2025-06-17,
79909,2394,NOMINAL,PL 1791/2025 - 2º TURNO,153049,SIM,2025-06-17,
79910,2394,NOMINAL,PL 1791/2025 - 2º TURNO,153049,SIM,2025-06-17,
79911,2394,NOMINAL,PL 1791/2025 - 2º TURNO,153049,SIM,2025-06-17,
79912,2394,NOMINAL,PL 1791/2025 - 2º TURNO,153049,SIM,2025-06-17,
79913,2396,NOMINAL,PL 1790/2025 - 1º TURNO,153048,SIM,2025-06-17,
79914,2396,NOMINAL,PL 1790/2025 - 1º TURNO,153048,SIM,2025-06-17,
79915,2396,NOMINAL,PL 1790/2025 - 1º TURNO,153048,SIM,2025-06-17,
79916,2396,NOMINAL,PL 1790/2025 - 1º TURNO,153048,SIM,2025-06-17,
79917,2396,NOMINAL,PL 1790/2025 - 1º TURNO,153048,SIM,2025-06-17,
79918,2396,NOMINAL,PL 1790/2025 - 1º TURNO,153048,SIM,2025-06-17,
79919,2396,NOMINAL,PL 1790/2025 - 1º TURNO,153048,SIM,2025-06-17,
79920,2396,NOMINAL,PL 1790/2025 - 1º TURNO,153048,SIM,2025-06-17,
79921,2396,NOMINAL,PL 1790/2025 - 1º TURNO,153048,SIM,2025-06-17,
79922,2396,NOMINAL,PL 1790/2025 - 1º TURNO,153048,SIM,2025-06-17,
79923,2396,NOMINAL,PL 1790/2025 - 1º TURNO,153048,SIM,2025-06-17,
79924,2396,NOMINAL,PL 1790/2025 - 1º TURNO,153048,SIM,2025-06-17,
79925,2396,NOMINAL,PL 1790/2025 - 1º TURNO,153048,SIM,2025-06-17,
79926,2396,NOMINAL,PL 1790/2025 - 1º TURNO,153048,SIM,2025-06-17,
79927,2397,NOMINAL,PL 1790/2025 - 2º TURNO,153048,SIM,2025-06-17,
79928,2397,NOMINAL,PL 1790/2025 - 2º TURNO,153048,SIM,2025-06-17,
79929,2397,NOMINAL,PL 1790/2025 - 2º TURNO,153048,SIM,2025-06-17,
79930,2397,NOMINAL,PL 1790/2025 - 2º TURNO,153048,SIM,2025-06-17,
79931,2397,NOMINAL,PL 1790/2025 - 2º TURNO,153048,SIM,2025-06-17,
79932,2397,NOMINAL,PL 1790/2025 - 2º TURNO,153048,SIM,2025-06-17,
79933,2397,NOMINAL,PL 1790/2025 - 2º TURNO,153048,SIM,2025-06-17,
79934,2397,NOMINAL,PL 1790/2025 - 2º TURNO,153048,SIM,2025-06-17,
79935,2397,NOMINAL,PL 1790/2025 - 2º TURNO,153048,SIM,2025-06-17,
79936,2397,NOMINAL,PL 1790/2025 - 2º TURNO,153048,SIM,2025-06-17,
79937,2397,NOMINAL,PL 1790/2025 - 2º TURNO,153048,SIM,2025-06-17,
79938,2397,NOMINAL,PL 1790/2025 - 2º TURNO,153048,SIM,2025-06-17,
79939,2397,NOMINAL,PL 1790/2025 - 2º TURNO,153048,SIM,2025-06-17,
79940,2397,NOMINAL,PL 1790/2025 - 2º TURNO,153048,SIM,2025-06-17,
79941,2403,NOMINAL,"PLC 74/2025 - PARECERES CAF, CDESCTMAT, CEOF E CCJ",152945,SIM,2025-06-17,
79942,2403,NOMINAL,"PLC 74/2025 - PARECERES CAF, CDESCTMAT, CEOF E CCJ",152945,SIM,2025-06-17,
79943,2403,NOMINAL,"PLC 74/2025 - PARECERES CAF, CDESCTMAT, CEOF E CCJ",152945,SIM,2025-06-17,
79944,2403,NOMINAL,"PLC 74/2025 - PARECERES CAF, CDESCTMAT, CEOF E CCJ",152945,SIM,2025-06-17,
79945,2403,NOMINAL,"PLC 74/2025 - PARECERES CAF, CDESCTMAT, CEOF E CCJ",152945,SIM,2025-06-17,
79946,2403,NOMINAL,"PLC 74/2025 - PARECERES CAF, CDESCTMAT, CEOF E CCJ",152945,SIM,2025-06-17,
79947,2403,NOMINAL,"PLC 74/2025 - PARECERES CAF, CDESCTMAT, CEOF E CCJ",152945,SIM,2025-06-17,
79948,2403,NOMINAL,"PLC 74/2025 - PARECERES CAF, CDESCTMAT, CEOF E CCJ",152945,SIM,2025-06-17,
79949,2403,NOMINAL,"PLC 74/2025 - PARECERES CAF, CDESCTMAT, CEOF E CCJ",152945,SIM,2025-06-17,
79950,2403,NOMINAL,"PLC 74/2025 - PARECERES CAF, CDESCTMAT, CEOF E CCJ",152945,SIM,2025-06-17,
79951,2403,NOMINAL,"PLC 74/2025 - PARECERES CAF, CDESCTMAT, CEOF E CCJ",152945,SIM,2025-06-17,
79952,2403,NOMINAL,"PLC 74/2025 - PARECERES CAF, CDESCTMAT, CEOF E CCJ",152945,SIM,2025-06-17,
79953,2403,NOMINAL,"PLC 74/2025 - PARECERES CAF, CDESCTMAT, CEOF E CCJ",152945,SIM,2025-06-17,
79954,2403,NOMINAL,"PLC 74/2025 - PARECERES CAF, CDESCTMAT, CEOF E CCJ",152945,SIM,2025-06-17,
79955,2427,NOMINAL,PLC 64/2025 - 1º TURNO,151153,SIM,2025-06-24,
79956,2427,NOMINAL,PLC 64/2025 - 1º TURNO,151153,SIM,2025-06-24,
79957,2427,NOMINAL,PLC 64/2025 - 1º TURNO,151153,SIM,2025-06-24,
79958,2427,NOMINAL,PLC 64/2025 - 1º TURNO,151153,SIM,2025-06-24,
79959,2427,NOMINAL,PLC 64/2025 - 1º TURNO,151153,SIM,2025-06-24,
79960,2427,NOMINAL,PLC 64/2025 - 1º TURNO,151153,SIM,2025-06-24,
79961,2427,NOMINAL,PLC 64/2025 - 1º TURNO,151153,SIM,2025-06-24,
79962,2427,NOMINAL,PLC 64/2025 - 1º TURNO,151153,SIM,2025-06-24,
79963,2427,NOMINAL,PLC 64/2025 - 1º TURNO,151153,SIM,2025-06-24,
79964,2427,NOMINAL,PLC 64/2025 - 1º TURNO,151153,SIM,2025-06-24,
79965,2427,NOMINAL,PLC 64/2025 - 1º TURNO,151153,SIM,2025-06-24,
79966,2427,NOMINAL,PLC 64/2025 - 1º TURNO,151153,SIM,2025-06-24,
79967,2427,NOMINAL,PLC 64/2025 - 1º TURNO,151153,SIM,2025-06-24,
79968,2427,NOMINAL,PLC 64/2025 - 1º TURNO,151153,SIM,2025-06-24,
79969,2427,NOMINAL,PLC 64/2025 - 1º TURNO,151153,NAO,2025-06-24,
79970,2427,NOMINAL,PLC 64/2025 - 1º TURNO,151153,SIM,2025-06-24,
79971,2428,NOMINAL,PLC 64/2025 - 2º TURNO,151153,SIM,2025-06-24,
79972,2428,NOMINAL,PLC 64/2025 - 2º TURNO,151153,SIM,2025-06-24,
79973,2428,NOMINAL,PLC 64/2025 - 2º TURNO,151153,SIM,2025-06-24,
79974,2428,NOMINAL,PLC 64/2025 - 2º TURNO,151153,SIM,2025-06-24,
79975,2428,NOMINAL,PLC 64/2025 - 2º TURNO,151153,SIM,2025-06-24,
79976,2428,NOMINAL,PLC 64/2025 - 2º TURNO,151153,SIM,2025-06-24,
79977,2428,NOMINAL,PLC 64/2025 - 2º TURNO,151153,SIM,2025-06-24,
79978,2428,NOMINAL,PLC 64/2025 - 2º TURNO,151153,SIM,2025-06-24,
79979,2428,NOMINAL,PLC 64/2025 - 2º TURNO,151153,SIM,2025-06-24,
79980,2428,NOMINAL,PLC 64/2025 - 2º TURNO,151153,SIM,2025-06-24,
79981,2428,NOMINAL,PLC 64/2025 - 2º TURNO,151153,SIM,2025-06-24,
79982,2428,NOMINAL,PLC 64/2025 - 2º TURNO,151153,SIM,2025-06-24,
79983,2428,NOMINAL,PLC 64/2025 - 2º TURNO,151153,SIM,2025-06-24,
79984,2428,NOMINAL,PLC 64/2025 - 2º TURNO,151153,ABSTENCAO,2025-06-24,
79985,2428,NOMINAL,PLC 64/2025 - 2º TURNO,151153,SIM,2025-06-24,
79986,2428,NOMINAL,PLC 64/2025 - 2º TURNO,151153,SIM,2025-06-24,
79987,2428,NOMINAL,PLC 64/2025 - 2º TURNO,151153,SIM,2025-06-24,
79988,2428,NOMINAL,PLC 64/2025 - 2º TURNO,151153,NAO,2025-06-24,
79989,2428,NOMINAL,PLC 64/2025 - 2º TURNO,151153,SIM,2025-06-24,
79990,2430,NOMINAL,PLC 7/2023 - 1º TURNO,10816,SIM,2025-06-24,
79991,2430,NOMINAL,PLC 7/2023 - 1º TURNO,10816,SIM,2025-06-24,
79992,2430,NOMINAL,PLC 7/2023 - 1º TURNO,10816,SIM,2025-06-24,
79993,2430,NOMINAL,PLC 7/2023 - 1º TURNO,10816,SIM,2025-06-24,
79994,2430,NOMINAL,PLC 7/2023 - 1º TURNO,10816,SIM,2025-06-24,
79995,2430,NOMINAL,PLC 7/2023 - 1º TURNO,10816,SIM,2025-06-24,
79996,2430,NOMINAL,PLC 7/2023 - 1º TURNO,10816,SIM,2025-06-24,
79997,2430,NOMINAL,PLC 7/2023 - 1º TURNO,10816,SIM,2025-06-24,
79998,2430,NOMINAL,PLC 7/2023 - 1º TURNO,10816,SIM,2025-06-24,
79999,2430,NOMINAL,PLC 7/2023 - 1º TURNO,10816,SIM,2025-06-24,
80000,2430,NOMINAL,PLC 7/2023 - 1º TURNO,10816,SIM,2025-06-24,
80001,2430,NOMINAL,PLC 7/2023 - 1º TURNO,10816,SIM,2025-06-24,
80002,2430,NOMINAL,PLC 7/2023 - 1º TURNO,10816,SIM,2025-06-24,
80003,2430,NOMINAL,PLC 7/2023 - 1º TURNO,10816,SIM,2025-06-24,
80004,2430,NOMINAL,PLC 7/2023 - 1º TURNO,10816,ABSTENCAO,2025-06-24,
80005,2430,NOMINAL,PLC 7/2023 - 1º TURNO,10816,SIM,2025-06-24,
80006,2431,NOMINAL,PLC 7/2023 - 2º TURNO,10816,SIM,2025-06-24,
80007,2431,NOMINAL,PLC 7/2023 - 2º TURNO,10816,SIM,2025-06-24,
80008,2431,NOMINAL,PLC 7/2023 - 2º TURNO,10816,SIM,2025-06-24,
80009,2431,NOMINAL,PLC 7/2023 - 2º TURNO,10816,SIM,2025-06-24,
80010,2431,NOMINAL,PLC 7/2023 - 2º TURNO,10816,SIM,2025-06-24,
80011,2431,NOMINAL,PLC 7/2023 - 2º TURNO,10816,SIM,2025-06-24,
80012,2431,NOMINAL,PLC 7/2023 - 2º TURNO,10816,SIM,2025-06-24,
80013,2431,NOMINAL,PLC 7/2023 - 2º TURNO,10816,SIM,2025-06-24,
80014,2431,NOMINAL,PLC 7/2023 - 2º TURNO,10816,SIM,2025-06-24,
80015,2431,NOMINAL,PLC 7/2023 - 2º TURNO,10816,SIM,2025-06-24,
80016,2431,NOMINAL,PLC 7/2023 - 2º TURNO,10816,SIM,2025-06-24,
80017,2431,NOMINAL,PLC 7/2023 - 2º TURNO,10816,SIM,2025-06-24,
80018,2431,NOMINAL,PLC 7/2023 - 2º TURNO,10816,SIM,2025-06-24,
80019,2431,NOMINAL,PLC 7/2023 - 2º TURNO,10816,SIM,2025-06-24,
80020,2431,NOMINAL,PLC 7/2023 - 2º TURNO,10816,SIM,2025-06-24,
80021,2431,NOMINAL,PLC 7/2023 - 2º TURNO,10816,SIM,2025-06-24,
80022,2431,NOMINAL,PLC 7/2023 - 2º TURNO,10816,SIM,2025-06-24,
80023,2431,NOMINAL,PLC 7/2023 - 2º TURNO,10816,ABSTENCAO,2025-06-24,
80024,2431,NOMINAL,PLC 7/2023 - 2º TURNO,10816,SIM,2025-06-24,
80025,2454,NOMINAL,PL 1375/2024 - 1º TURNO,22284,NAO,2025-12-02,
80026,2454,NOMINAL,PL 1375/2024 - 1º TURNO,22284,SIM,2025-12-02,
80027,2454,NOMINAL,PL 1375/2024 - 1º TURNO,22284,SIM,2025-12-02,
80028,2454,NOMINAL,PL 1375/2024 - 1º TURNO,22284,NAO,2025-12-02,
80029,2454,NOMINAL,PL 1375/2024 - 1º TURNO,22284,NAO,2025-12-02,
80030,2454,NOMINAL,PL 1375/2024 - 1º TURNO,22284,SIM,2025-12-02,
80031,2454,NOMINAL,PL 1375/2024 - 1º TURNO,22284,SIM,2025-12-02,
80032,2454,NOMINAL,PL 1375/2024 - 1º TURNO,22284,SIM,2025-12-02,
80033,2454,NOMINAL,PL 1375/2024 - 1º TURNO,22284,ABSTENCAO,2025-12-02,
80034,2454,NOMINAL,PL 1375/2024 - 1º TURNO,22284,SIM,2025-12-02,
80035,2454,NOMINAL,PL 1375/2024 - 1º TURNO,22284,SIM,2025-12-02,
80036,2454,NOMINAL,PL 1375/2024 - 1º TURNO,22284,NAO,2025-12-02,
80037,2454,NOMINAL,PL 1375/2024 - 1º TURNO,22284,SIM,2025-12-02,
80038,2454,NOMINAL,PL 1375/2024 - 1º TURNO,22284,SIM,2025-12-02,
80039,2454,NOMINAL,PL 1375/2024 - 1º TURNO,22284,SIM,2025-12-02,
80040,2454,NOMINAL,PL 1375/2024 - 1º TURNO,22284,SIM,2025-12-02,
80041,2455,NOMINAL,"PL 1375/2024 - PARECERES CSA, CAS, CEOF E CCJ",22284,NAO,2025-12-02,
80042,2455,NOMINAL,"PL 1375/2024 - PARECERES CSA, CAS, CEOF E CCJ",22284,SIM,2025-12-02,
80043,2455,NOMINAL,"PL 1375/2024 - PARECERES CSA, CAS, CEOF E CCJ",22284,SIM,2025-12-02,
80044,2455,NOMINAL,"PL 1375/2024 - PARECERES CSA, CAS, CEOF E CCJ",22284,NAO,2025-12-02,
80045,2455,NOMINAL,"PL 1375/2024 - PARECERES CSA, CAS, CEOF E CCJ",22284,NAO,2025-12-02,
80046,2455,NOMINAL,"PL 1375/2024 - PARECERES CSA, CAS, CEOF E CCJ",22284,SIM,2025-12-02,
80047,2455,NOMINAL,"PL 1375/2024 - PARECERES CSA, CAS, CEOF E CCJ",22284,SIM,2025-12-02,
80048,2455,NOMINAL,"PL 1375/2024 - PARECERES CSA, CAS, CEOF E CCJ",22284,SIM,2025-12-02,
80049,2455,NOMINAL,"PL 1375/2024 - PARECERES CSA, CAS, CEOF E CCJ",22284,ABSTENCAO,2025-12-02,
80050,2455,NOMINAL,"PL 1375/2024 - PARECERES CSA, CAS, CEOF E CCJ",22284,SIM,2025-12-02,
80051,2455,NOMINAL,"PL 1375/2024 - PARECERES CSA, CAS, CEOF E CCJ",22284,SIM,2025-12-02,
80052,2455,NOMINAL,"PL 1375/2024 - PARECERES CSA, CAS, CEOF E CCJ",22284,NAO,2025-12-02,
80053,2455,NOMINAL,"PL 1375/2024 - PARECERES CSA, CAS, CEOF E CCJ",22284,SIM,2025-12-02,
80054,2455,NOMINAL,"PL 1375/2024 - PARECERES CSA, CAS, CEOF E CCJ",22284,SIM,2025-12-02,
80055,2455,NOMINAL,"PL 1375/2024 - PARECERES CSA, CAS, CEOF E CCJ",22284,SIM,2025-12-02,
80056,2455,NOMINAL,"PL 1375/2024 - PARECERES CSA, CAS, CEOF E CCJ",22284,SIM,2025-12-02,
80057,2455,NOMINAL,"PL 1375/2024 - PARECERES CSA, CAS, CEOF E CCJ",22284,SIM,2025-12-02,
80058,2464,NOMINAL,PL 1576/2025 - 1º TURNO,151122,NAO,2025-06-24,
80059,2464,NOMINAL,PL 1576/2025 - 1º TURNO,151122,SIM,2025-06-24,
80060,2464,NOMINAL,PL 1576/2025 - 1º TURNO,151122,SIM,2025-06-24,
80061,2464,NOMINAL,PL 1576/2025 - 1º TURNO,151122,SIM,2025-06-24,
80062,2464,NOMINAL,PL 1576/2025 - 1º TURNO,151122,ABSTENCAO,2025-06-24,
80063,2464,NOMINAL,PL 1576/2025 - 1º TURNO,151122,NAO,2025-06-24,
80064,2464,NOMINAL,PL 1576/2025 - 1º TURNO,151122,SIM,2025-06-24,
80065,2464,NOMINAL,PL 1576/2025 - 1º TURNO,151122,SIM,2025-06-24,
80066,2464,NOMINAL,PL 1576/2025 - 1º TURNO,151122,SIM,2025-06-24,
80067,2464,NOMINAL,PL 1576/2025 - 1º TURNO,151122,SIM,2025-06-24,
80068,2464,NOMINAL,PL 1576/2025 - 1º TURNO,151122,SIM,2025-06-24,
80069,2464,NOMINAL,PL 1576/2025 - 1º TURNO,151122,SIM,2025-06-24,
80070,2464,NOMINAL,PL 1576/2025 - 1º TURNO,151122,SIM,2025-06-24,
80071,2464,NOMINAL,PL 1576/2025 - 1º TURNO,151122,SIM,2025-06-24,
80072,2464,NOMINAL,PL 1576/2025 - 1º TURNO,151122,SIM,2025-06-24,
80073,2464,NOMINAL,PL 1576/2025 - 1º TURNO,151122,SIM,2025-06-24,
80074,2464,NOMINAL,PL 1576/2025 - 1º TURNO,151122,ABSTENCAO,2025-06-24,
80075,2464,NOMINAL,PL 1576/2025 - 1º TURNO,151122,SIM,2025-06-24,
80076,2464,NOMINAL,PL 1576/2025 - 1º TURNO,151122,SIM,2025-06-24,
80077,2464,NOMINAL,PL 1576/2025 - 1º TURNO,151122,SIM,2025-06-24,
80078,2466,NOMINAL,BLOCO DE REQUERIMENTOS E MOÇÕES 24.06.2025,,SIM,2025-06-24,
80079,2466,NOMINAL,BLOCO DE REQUERIMENTOS E MOÇÕES 24.06.2025,,SIM,2025-06-24,
80080,2466,NOMINAL,BLOCO DE REQUERIMENTOS E MOÇÕES 24.06.2025,,SIM,2025-06-24,
80081,2466,NOMINAL,BLOCO DE REQUERIMENTOS E MOÇÕES 24.06.2025,,SIM,2025-06-24,
80082,2466,NOMINAL,BLOCO DE REQUERIMENTOS E MOÇÕES 24.06.2025,,SIM,2025-06-24,
80083,2466,NOMINAL,BLOCO DE REQUERIMENTOS E MOÇÕES 24.06.2025,,SIM,2025-06-24,
80084,2466,NOMINAL,BLOCO DE REQUERIMENTOS E MOÇÕES 24.06.2025,,SIM,2025-06-24,
80085,2466,NOMINAL,BLOCO DE REQUERIMENTOS E MOÇÕES 24.06.2025,,SIM,2025-06-24,
80086,2466,NOMINAL,BLOCO DE REQUERIMENTOS E MOÇÕES 24.06.2025,,SIM,2025-06-24,
80087,2466,NOMINAL,BLOCO DE REQUERIMENTOS E MOÇÕES 24.06.2025,,SIM,2025-06-24,
80088,2466,NOMINAL,BLOCO DE REQUERIMENTOS E MOÇÕES 24.06.2025,,SIM,2025-06-24,
80089,2466,NOMINAL,BLOCO DE REQUERIMENTOS E MOÇÕES 24.06.2025,,SIM,2025-06-24,
80090,2466,NOMINAL,BLOCO DE REQUERIMENTOS E MOÇÕES 24.06.2025,,SIM,2025-06-24,
80091,2466,NOMINAL,BLOCO DE REQUERIMENTOS E MOÇÕES 24.06.2025,,SIM,2025-06-24,
80092,2466,NOMINAL,BLOCO DE REQUERIMENTOS E MOÇÕES 24.06.2025,,SIM,2025-06-24,
80093,2466,NOMINAL,BLOCO DE REQUERIMENTOS E MOÇÕES 24.06.2025,,SIM,2025-06-24,
80094,2466,NOMINAL,BLOCO DE REQUERIMENTOS E MOÇÕES 24.06.2025,,SIM,2025-06-24,
80095,2504,NOMINAL,PL 1847/2025 - 1º TURNO,153541,SIM,2025-08-07,
80096,2504,NOMINAL,PL 1847/2025 - 1º TURNO,153541,SIM,2025-08-07,
80097,2504,NOMINAL,PL 1847/2025 - 1º TURNO,153541,NAO,2025-08-07,
80098,2504,NOMINAL,PL 1847/2025 - 1º TURNO,153541,NAO,2025-08-07,
80099,2504,NOMINAL,PL 1847/2025 - 1º TURNO,153541,SIM,2025-08-07,
80100,2504,NOMINAL,PL 1847/2025 - 1º TURNO,153541,SIM,2025-08-07,
80101,2504,NOMINAL,PL 1847/2025 - 1º TURNO,153541,SIM,2025-08-07,
80102,2504,NOMINAL,PL 1847/2025 - 1º TURNO,153541,SIM,2025-08-07,
80103,2504,NOMINAL,PL 1847/2025 - 1º TURNO,153541,SIM,2025-08-07,
80104,2504,NOMINAL,PL 1847/2025 - 1º TURNO,153541,SIM,2025-08-07,
80105,2504,NOMINAL,PL 1847/2025 - 1º TURNO,153541,SIM,2025-08-07,
80106,2504,NOMINAL,PL 1847/2025 - 1º TURNO,153541,SIM,2025-08-07,
80107,2504,NOMINAL,PL 1847/2025 - 1º TURNO,153541,SIM,2025-08-07,
80108,2504,NOMINAL,PL 1847/2025 - 1º TURNO,153541,SIM,2025-08-07,
80109,2504,NOMINAL,PL 1847/2025 - 1º TURNO,153541,SIM,2025-08-07,
80110,2506,NOMINAL,PL 1847/2025 - 2º TURNO,153541,SIM,2025-08-07,
80111,2506,NOMINAL,PL 1847/2025 - 2º TURNO,153541,SIM,2025-08-07,
80112,2506,NOMINAL,PL 1847/2025 - 2º TURNO,153541,NAO,2025-08-07,
80113,2506,NOMINAL,PL 1847/2025 - 2º TURNO,153541,NAO,2025-08-07,
80114,2506,NOMINAL,PL 1847/2025 - 2º TURNO,153541,SIM,2025-08-07,
80115,2506,NOMINAL,PL 1847/2025 - 2º TURNO,153541,SIM,2025-08-07,
80116,2506,NOMINAL,PL 1847/2025 - 2º TURNO,153541,SIM,2025-08-07,
80117,2506,NOMINAL,PL 1847/2025 - 2º TURNO,153541,SIM,2025-08-07,
80118,2506,NOMINAL,PL 1847/2025 - 2º TURNO,153541,SIM,2025-08-07,
80119,2506,NOMINAL,PL 1847/2025 - 2º TURNO,153541,SIM,2025-08-07,
80120,2506,NOMINAL,PL 1847/2025 - 2º TURNO,153541,SIM,2025-08-07,
80121,2506,NOMINAL,PL 1847/2025 - 2º TURNO,153541,SIM,2025-08-07,
80122,2506,NOMINAL,PL 1847/2025 - 2º TURNO,153541,SIM,2025-08-07,
80123,2506,NOMINAL,PL 1847/2025 - 2º TURNO,153541,SIM,2025-08-07,
80124,2506,NOMINAL,PL 1847/2025 - 2º TURNO,153541,SIM,2025-08-07,
80125,2507,NOMINAL,PL 1872/2025 - 1º TURNO,153690,SIM,2025-08-12,
80126,2507,NOMINAL,PL 1872/2025 - 1º TURNO,153690,SIM,2025-08-12,
80127,2507,NOMINAL,PL 1872/2025 - 1º TURNO,153690,SIM,2025-08-12,
80128,2507,NOMINAL,PL 1872/2025 - 1º TURNO,153690,SIM,2025-08-12,
80129,2507,NOMINAL,PL 1872/2025 - 1º TURNO,153690,SIM,2025-08-12,
80130,2507,NOMINAL,PL 1872/2025 - 1º TURNO,153690,SIM,2025-08-12,
80131,2507,NOMINAL,PL 1872/2025 - 1º TURNO,153690,SIM,2025-08-12,
80132,2507,NOMINAL,PL 1872/2025 - 1º TURNO,153690,SIM,2025-08-12,
80133,2507,NOMINAL,PL 1872/2025 - 1º TURNO,153690,SIM,2025-08-12,
80134,2507,NOMINAL,PL 1872/2025 - 1º TURNO,153690,ABSTENCAO,2025-08-12,
80135,2507,NOMINAL,PL 1872/2025 - 1º TURNO,153690,SIM,2025-08-12,
80136,2507,NOMINAL,PL 1872/2025 - 1º TURNO,153690,SIM,2025-08-12,
80137,2507,NOMINAL,PL 1872/2025 - 1º TURNO,153690,SIM,2025-08-12,
80138,2507,NOMINAL,PL 1872/2025 - 1º TURNO,153690,SIM,2025-08-12,
80139,2507,NOMINAL,PL 1872/2025 - 1º TURNO,153690,SIM,2025-08-12,
80140,2507,NOMINAL,PL 1872/2025 - 1º TURNO,153690,SIM,2025-08-12,
80141,2507,NOMINAL,PL 1872/2025 - 1º TURNO,153690,SIM,2025-08-12,
80142,2556,NOMINAL,BLOCO DE PDLS DE 12/08/2025 - TURNO ÚNICO,,SIM,2025-08-12,
80143,2556,NOMINAL,BLOCO DE PDLS DE 12/08/2025 - TURNO ÚNICO,,SIM,2025-08-12,
80144,2556,NOMINAL,BLOCO DE PDLS DE 12/08/2025 - TURNO ÚNICO,,SIM,2025-08-12,
80145,2556,NOMINAL,BLOCO DE PDLS DE 12/08/2025 - TURNO ÚNICO,,SIM,2025-08-12,
80146,2556,NOMINAL,BLOCO DE PDLS DE 12/08/2025 - TURNO ÚNICO,,SIM,2025-08-12,
80147,2556,NOMINAL,BLOCO DE PDLS DE 12/08/2025 - TURNO ÚNICO,,SIM,2025-08-12,
80148,2556,NOMINAL,BLOCO DE PDLS DE 12/08/2025 - TURNO ÚNICO,,SIM,2025-08-12,
80149,2556,NOMINAL,BLOCO DE PDLS DE 12/08/2025 - TURNO ÚNICO,,SIM,2025-08-12,
80150,2556,NOMINAL,BLOCO DE PDLS DE 12/08/2025 - TURNO ÚNICO,,SIM,2025-08-12,
80151,2556,NOMINAL,BLOCO DE PDLS DE 12/08/2025 - TURNO ÚNICO,,SIM,2025-08-12,
80152,2556,NOMINAL,BLOCO DE PDLS DE 12/08/2025 - TURNO ÚNICO,,SIM,2025-08-12,
80153,2556,NOMINAL,BLOCO DE PDLS DE 12/08/2025 - TURNO ÚNICO,,SIM,2025-08-12,
80154,2556,NOMINAL,BLOCO DE PDLS DE 12/08/2025 - TURNO ÚNICO,,SIM,2025-08-12,
80155,2556,NOMINAL,BLOCO DE PDLS DE 12/08/2025 - TURNO ÚNICO,,SIM,2025-08-12,
80156,2556,NOMINAL,BLOCO DE PDLS DE 12/08/2025 - TURNO ÚNICO,,SIM,2025-08-12,
80157,2556,NOMINAL,BLOCO DE PDLS DE 12/08/2025 - TURNO ÚNICO,,SIM,2025-08-12,
80158,2556,NOMINAL,BLOCO DE PDLS DE 12/08/2025 - TURNO ÚNICO,,SIM,2025-08-12,
80159,2596,NOMINAL,PDL Nº 346/2025 - TURNO ÚNICO,153780,SIM,2025-08-19,
80160,2596,NOMINAL,PDL Nº 346/2025 - TURNO ÚNICO,153780,SIM,2025-08-19,
80161,2596,NOMINAL,PDL Nº 346/2025 - TURNO ÚNICO,153780,SIM,2025-08-19,
80162,2596,NOMINAL,PDL Nº 346/2025 - TURNO ÚNICO,153780,SIM,2025-08-19,
80163,2596,NOMINAL,PDL Nº 346/2025 - TURNO ÚNICO,153780,SIM,2025-08-19,
80164,2596,NOMINAL,PDL Nº 346/2025 - TURNO ÚNICO,153780,SIM,2025-08-19,
80165,2596,NOMINAL,PDL Nº 346/2025 - TURNO ÚNICO,153780,SIM,2025-08-19,
80166,2596,NOMINAL,PDL Nº 346/2025 - TURNO ÚNICO,153780,SIM,2025-08-19,
80167,2596,NOMINAL,PDL Nº 346/2025 - TURNO ÚNICO,153780,SIM,2025-08-19,
80168,2596,NOMINAL,PDL Nº 346/2025 - TURNO ÚNICO,153780,SIM,2025-08-19,
80169,2596,NOMINAL,PDL Nº 346/2025 - TURNO ÚNICO,153780,SIM,2025-08-19,
80170,2596,NOMINAL,PDL Nº 346/2025 - TURNO ÚNICO,153780,SIM,2025-08-19,
80171,2596,NOMINAL,PDL Nº 346/2025 - TURNO ÚNICO,153780,SIM,2025-08-19,
80172,2596,NOMINAL,PDL Nº 346/2025 - TURNO ÚNICO,153780,SIM,2025-08-19,
80173,2596,NOMINAL,PDL Nº 346/2025 - TURNO ÚNICO,153780,SIM,2025-08-19,
80174,2596,NOMINAL,PDL Nº 346/2025 - TURNO ÚNICO,153780,SIM,2025-08-19,
80175,2596,NOMINAL,PDL Nº 346/2025 - TURNO ÚNICO,153780,SIM,2025-08-19,
80176,2596,NOMINAL,PDL Nº 346/2025 - TURNO ÚNICO,153780,SIM,2025-08-19,
80177,2596,NOMINAL,PDL Nº 346/2025 - TURNO ÚNICO,153780,SIM,2025-08-19,
80178,2596,NOMINAL,PDL Nº 346/2025 - TURNO ÚNICO,153780,SIM,2025-08-19,
80179,2598,NOMINAL,PL Nº 1882/2025 - 1º TURNO,153779,NAO,2025-08-19,
80180,2598,NOMINAL,PL Nº 1882/2025 - 1º TURNO,153779,NAO,2025-08-19,
80181,2598,NOMINAL,PL Nº 1882/2025 - 1º TURNO,153779,SIM,2025-08-19,
80182,2598,NOMINAL,PL Nº 1882/2025 - 1º TURNO,153779,SIM,2025-08-19,
80183,2598,NOMINAL,PL Nº 1882/2025 - 1º TURNO,153779,NAO,2025-08-19,
80184,2598,NOMINAL,PL Nº 1882/2025 - 1º TURNO,153779,NAO,2025-08-19,
80185,2598,NOMINAL,PL Nº 1882/2025 - 1º TURNO,153779,SIM,2025-08-19,
80186,2598,NOMINAL,PL Nº 1882/2025 - 1º TURNO,153779,SIM,2025-08-19,
80187,2598,NOMINAL,PL Nº 1882/2025 - 1º TURNO,153779,SIM,2025-08-19,
80188,2598,NOMINAL,PL Nº 1882/2025 - 1º TURNO,153779,SIM,2025-08-19,
80189,2598,NOMINAL,PL Nº 1882/2025 - 1º TURNO,153779,SIM,2025-08-19,
80190,2598,NOMINAL,PL Nº 1882/2025 - 1º TURNO,153779,SIM,2025-08-19,
80191,2598,NOMINAL,PL Nº 1882/2025 - 1º TURNO,153779,NAO,2025-08-19,
80192,2598,NOMINAL,PL Nº 1882/2025 - 1º TURNO,153779,SIM,2025-08-19,
80193,2598,NOMINAL,PL Nº 1882/2025 - 1º TURNO,153779,NAO,2025-08-19,
80194,2598,NOMINAL,PL Nº 1882/2025 - 1º TURNO,153779,SIM,2025-08-19,
80195,2598,NOMINAL,PL Nº 1882/2025 - 1º TURNO,153779,NAO,2025-08-19,
80196,2598,NOMINAL,PL Nº 1882/2025 - 1º TURNO,153779,SIM,2025-08-19,
80197,2598,NOMINAL,PL Nº 1882/2025 - 1º TURNO,153779,SIM,2025-08-19,
80198,2598,NOMINAL,PL Nº 1882/2025 - 1º TURNO,153779,SIM,2025-08-19,
80199,2598,NOMINAL,PL Nº 1882/2025 - 1º TURNO,153779,SIM,2025-08-19,
80200,2598,NOMINAL,PL Nº 1882/2025 - 1º TURNO,153779,SIM,2025-08-19,
80201,2599,NOMINAL,PL Nº 1882/2025 - 2º TURNO,153779,NAO,2025-08-19,
80202,2599,NOMINAL,PL Nº 1882/2025 - 2º TURNO,153779,NAO,2025-08-19,
80203,2599,NOMINAL,PL Nº 1882/2025 - 2º TURNO,153779,SIM,2025-08-19,
80204,2599,NOMINAL,PL Nº 1882/2025 - 2º TURNO,153779,SIM,2025-08-19,
80205,2599,NOMINAL,PL Nº 1882/2025 - 2º TURNO,153779,NAO,2025-08-19,
80206,2599,NOMINAL,PL Nº 1882/2025 - 2º TURNO,153779,NAO,2025-08-19,
80207,2599,NOMINAL,PL Nº 1882/2025 - 2º TURNO,153779,SIM,2025-08-19,
80208,2599,NOMINAL,PL Nº 1882/2025 - 2º TURNO,153779,SIM,2025-08-19,
80209,2599,NOMINAL,PL Nº 1882/2025 - 2º TURNO,153779,SIM,2025-08-19,
80210,2599,NOMINAL,PL Nº 1882/2025 - 2º TURNO,153779,SIM,2025-08-19,
80211,2599,NOMINAL,PL Nº 1882/2025 - 2º TURNO,153779,SIM,2025-08-19,
80212,2599,NOMINAL,PL Nº 1882/2025 - 2º TURNO,153779,SIM,2025-08-19,
80213,2599,NOMINAL,PL Nº 1882/2025 - 2º TURNO,153779,NAO,2025-08-19,
80214,2599,NOMINAL,PL Nº 1882/2025 - 2º TURNO,153779,SIM,2025-08-19,
80215,2599,NOMINAL,PL Nº 1882/2025 - 2º TURNO,153779,NAO,2025-08-19,
80216,2599,NOMINAL,PL Nº 1882/2025 - 2º TURNO,153779,SIM,2025-08-19,
80217,2599,NOMINAL,PL Nº 1882/2025 - 2º TURNO,153779,NAO,2025-08-19,
80218,2599,NOMINAL,PL Nº 1882/2025 - 2º TURNO,153779,SIM,2025-08-19,
80219,2599,NOMINAL,PL Nº 1882/2025 - 2º TURNO,153779,SIM,2025-08-19,
80220,2599,NOMINAL,PL Nº 1882/2025 - 2º TURNO,153779,SIM,2025-08-19,
80221,2599,NOMINAL,PL Nº 1882/2025 - 2º TURNO,153779,SIM,2025-08-19,
80222,2600,NOMINAL,"PL Nº 1882/2025 - PARECER 2º TURNO CDESCTMAT, CEOF E CCJ",153779,NAO,2025-08-19,
80223,2600,NOMINAL,"PL Nº 1882/2025 - PARECER 2º TURNO CDESCTMAT, CEOF E CCJ",153779,NAO,2025-08-19,
80224,2600,NOMINAL,"PL Nº 1882/2025 - PARECER 2º TURNO CDESCTMAT, CEOF E CCJ",153779,SIM,2025-08-19,
80225,2600,NOMINAL,"PL Nº 1882/2025 - PARECER 2º TURNO CDESCTMAT, CEOF E CCJ",153779,SIM,2025-08-19,
80226,2600,NOMINAL,"PL Nº 1882/2025 - PARECER 2º TURNO CDESCTMAT, CEOF E CCJ",153779,NAO,2025-08-19,
80227,2600,NOMINAL,"PL Nº 1882/2025 - PARECER 2º TURNO CDESCTMAT, CEOF E CCJ",153779,NAO,2025-08-19,
80228,2600,NOMINAL,"PL Nº 1882/2025 - PARECER 2º TURNO CDESCTMAT, CEOF E CCJ",153779,SIM,2025-08-19,
80229,2600,NOMINAL,"PL Nº 1882/2025 - PARECER 2º TURNO CDESCTMAT, CEOF E CCJ",153779,SIM,2025-08-19,
80230,2600,NOMINAL,"PL Nº 1882/2025 - PARECER 2º TURNO CDESCTMAT, CEOF E CCJ",153779,SIM,2025-08-19,
80231,2600,NOMINAL,"PL Nº 1882/2025 - PARECER 2º TURNO CDESCTMAT, CEOF E CCJ",153779,SIM,2025-08-19,
80232,2600,NOMINAL,"PL Nº 1882/2025 - PARECER 2º TURNO CDESCTMAT, CEOF E CCJ",153779,SIM,2025-08-19,
80233,2600,NOMINAL,"PL Nº 1882/2025 - PARECER 2º TURNO CDESCTMAT, CEOF E CCJ",153779,SIM,2025-08-19,
80234,2600,NOMINAL,"PL Nº 1882/2025 - PARECER 2º TURNO CDESCTMAT, CEOF E CCJ",153779,NAO,2025-08-19,
80235,2600,NOMINAL,"PL Nº 1882/2025 - PARECER 2º TURNO CDESCTMAT, CEOF E CCJ",153779,SIM,2025-08-19,
80236,2600,NOMINAL,"PL Nº 1882/2025 - PARECER 2º TURNO CDESCTMAT, CEOF E CCJ",153779,NAO,2025-08-19,
80237,2600,NOMINAL,"PL Nº 1882/2025 - PARECER 2º TURNO CDESCTMAT, CEOF E CCJ",153779,SIM,2025-08-19,
80238,2600,NOMINAL,"PL Nº 1882/2025 - PARECER 2º TURNO CDESCTMAT, CEOF E CCJ",153779,NAO,2025-08-19,
80239,2600,NOMINAL,"PL Nº 1882/2025 - PARECER 2º TURNO CDESCTMAT, CEOF E CCJ",153779,SIM,2025-08-19,
80240,2600,NOMINAL,"PL Nº 1882/2025 - PARECER 2º TURNO CDESCTMAT, CEOF E CCJ",153779,SIM,2025-08-19,
80241,2600,NOMINAL,"PL Nº 1882/2025 - PARECER 2º TURNO CDESCTMAT, CEOF E CCJ",153779,SIM,2025-08-19,
80242,2600,NOMINAL,"PL Nº 1882/2025 - PARECER 2º TURNO CDESCTMAT, CEOF E CCJ",153779,SIM,2025-08-19,
80243,2601,NOMINAL,PDL 321/2025 - TURNO ÚNICO,152042,SIM,2025-08-26,
80244,2601,NOMINAL,PDL 321/2025 - TURNO ÚNICO,152042,SIM,2025-08-26,
80245,2601,NOMINAL,PDL 321/2025 - TURNO ÚNICO,152042,SIM,2025-08-26,
80246,2601,NOMINAL,PDL 321/2025 - TURNO ÚNICO,152042,SIM,2025-08-26,
80247,2601,NOMINAL,PDL 321/2025 - TURNO ÚNICO,152042,SIM,2025-08-26,
80248,2601,NOMINAL,PDL 321/2025 - TURNO ÚNICO,152042,SIM,2025-08-26,
80249,2601,NOMINAL,PDL 321/2025 - TURNO ÚNICO,152042,SIM,2025-08-26,
80250,2601,NOMINAL,PDL 321/2025 - TURNO ÚNICO,152042,SIM,2025-08-26,
80251,2601,NOMINAL,PDL 321/2025 - TURNO ÚNICO,152042,SIM,2025-08-26,
80252,2601,NOMINAL,PDL 321/2025 - TURNO ÚNICO,152042,SIM,2025-08-26,
80253,2601,NOMINAL,PDL 321/2025 - TURNO ÚNICO,152042,SIM,2025-08-26,
80254,2601,NOMINAL,PDL 321/2025 - TURNO ÚNICO,152042,SIM,2025-08-26,
80255,2601,NOMINAL,PDL 321/2025 - TURNO ÚNICO,152042,SIM,2025-08-26,
80256,2601,NOMINAL,PDL 321/2025 - TURNO ÚNICO,152042,SIM,2025-08-26,
80257,2601,NOMINAL,PDL 321/2025 - TURNO ÚNICO,152042,SIM,2025-08-26,
80258,2601,NOMINAL,PDL 321/2025 - TURNO ÚNICO,152042,SIM,2025-08-26,
80259,2601,NOMINAL,PDL 321/2025 - TURNO ÚNICO,152042,SIM,2025-08-26,
80260,2601,NOMINAL,PDL 321/2025 - TURNO ÚNICO,152042,SIM,2025-08-26,
80261,2617,NOMINAL,BLOCO DE PDLS DE 26/08/2025 - TURNO ÚNICO,,SIM,2025-08-26,
80262,2617,NOMINAL,BLOCO DE PDLS DE 26/08/2025 - TURNO ÚNICO,,SIM,2025-08-26,
80263,2617,NOMINAL,BLOCO DE PDLS DE 26/08/2025 - TURNO ÚNICO,,SIM,2025-08-26,
80264,2617,NOMINAL,BLOCO DE PDLS DE 26/08/2025 - TURNO ÚNICO,,SIM,2025-08-26,
80265,2617,NOMINAL,BLOCO DE PDLS DE 26/08/2025 - TURNO ÚNICO,,SIM,2025-08-26,
80266,2617,NOMINAL,BLOCO DE PDLS DE 26/08/2025 - TURNO ÚNICO,,SIM,2025-08-26,
80267,2617,NOMINAL,BLOCO DE PDLS DE 26/08/2025 - TURNO ÚNICO,,SIM,2025-08-26,
80268,2617,NOMINAL,BLOCO DE PDLS DE 26/08/2025 - TURNO ÚNICO,,SIM,2025-08-26,
80269,2617,NOMINAL,BLOCO DE PDLS DE 26/08/2025 - TURNO ÚNICO,,SIM,2025-08-26,
80270,2617,NOMINAL,BLOCO DE PDLS DE 26/08/2025 - TURNO ÚNICO,,SIM,2025-08-26,
80271,2617,NOMINAL,BLOCO DE PDLS DE 26/08/2025 - TURNO ÚNICO,,SIM,2025-08-26,
80272,2617,NOMINAL,BLOCO DE PDLS DE 26/08/2025 - TURNO ÚNICO,,SIM,2025-08-26,
80273,2617,NOMINAL,BLOCO DE PDLS DE 26/08/2025 - TURNO ÚNICO,,SIM,2025-08-26,
80274,2617,NOMINAL,BLOCO DE PDLS DE 26/08/2025 - TURNO ÚNICO,,SIM,2025-08-26,
80275,2626,NOMINAL,PLC 62/2025 - 1º TURNO,150533,SIM,2025-09-09,
80276,2626,NOMINAL,PLC 62/2025 - 1º TURNO,150533,SIM,2025-09-09,
80277,2626,NOMINAL,PLC 62/2025 - 1º TURNO,150533,SIM,2025-09-09,
80278,2626,NOMINAL,PLC 62/2025 - 1º TURNO,150533,SIM,2025-09-09,
80279,2626,NOMINAL,PLC 62/2025 - 1º TURNO,150533,SIM,2025-09-09,
80280,2626,NOMINAL,PLC 62/2025 - 1º TURNO,150533,SIM,2025-09-09,
80281,2626,NOMINAL,PLC 62/2025 - 1º TURNO,150533,SIM,2025-09-09,
80282,2626,NOMINAL,PLC 62/2025 - 1º TURNO,150533,SIM,2025-09-09,
80283,2626,NOMINAL,PLC 62/2025 - 1º TURNO,150533,SIM,2025-09-09,
80284,2626,NOMINAL,PLC 62/2025 - 1º TURNO,150533,SIM,2025-09-09,
80285,2626,NOMINAL,PLC 62/2025 - 1º TURNO,150533,SIM,2025-09-09,
80286,2626,NOMINAL,PLC 62/2025 - 1º TURNO,150533,SIM,2025-09-09,
80287,2626,NOMINAL,PLC 62/2025 - 1º TURNO,150533,SIM,2025-09-09,
80288,2626,NOMINAL,PLC 62/2025 - 1º TURNO,150533,SIM,2025-09-09,
80289,2626,NOMINAL,PLC 62/2025 - 1º TURNO,150533,SIM,2025-09-09,
80290,2627,NOMINAL,PLC 62/2025 - 2º TURNO,150533,SIM,2025-09-09,
80291,2627,NOMINAL,PLC 62/2025 - 2º TURNO,150533,SIM,2025-09-09,
80292,2627,NOMINAL,PLC 62/2025 - 2º TURNO,150533,SIM,2025-09-09,
80293,2627,NOMINAL,PLC 62/2025 - 2º TURNO,150533,SIM,2025-09-09,
80294,2627,NOMINAL,PLC 62/2025 - 2º TURNO,150533,SIM,2025-09-09,
80295,2627,NOMINAL,PLC 62/2025 - 2º TURNO,150533,SIM,2025-09-09,
80296,2627,NOMINAL,PLC 62/2025 - 2º TURNO,150533,SIM,2025-09-09,
80297,2627,NOMINAL,PLC 62/2025 - 2º TURNO,150533,SIM,2025-09-09,
80298,2627,NOMINAL,PLC 62/2025 - 2º TURNO,150533,SIM,2025-09-09,
80299,2627,NOMINAL,PLC 62/2025 - 2º TURNO,150533,SIM,2025-09-09,
80300,2627,NOMINAL,PLC 62/2025 - 2º TURNO,150533,SIM,2025-09-09,
80301,2627,NOMINAL,PLC 62/2025 - 2º TURNO,150533,SIM,2025-09-09,
80302,2627,NOMINAL,PLC 62/2025 - 2º TURNO,150533,SIM,2025-09-09,
80303,2627,NOMINAL,PLC 62/2025 - 2º TURNO,150533,SIM,2025-09-09,
80304,2627,NOMINAL,PLC 62/2025 - 2º TURNO,150533,SIM,2025-09-09,
80305,2632,NOMINAL,PLC 79/2025 - 1º TURNO,154023,SIM,2025-09-16,
80306,2632,NOMINAL,PLC 79/2025 - 1º TURNO,154023,SIM,2025-09-16,
80307,2632,NOMINAL,PLC 79/2025 - 1º TURNO,154023,SIM,2025-09-16,
80308,2632,NOMINAL,PLC 79/2025 - 1º TURNO,154023,SIM,2025-09-16,
80309,2632,NOMINAL,PLC 79/2025 - 1º TURNO,154023,SIM,2025-09-16,
80310,2632,NOMINAL,PLC 79/2025 - 1º TURNO,154023,SIM,2025-09-16,
80311,2632,NOMINAL,PLC 79/2025 - 1º TURNO,154023,SIM,2025-09-16,
80312,2632,NOMINAL,PLC 79/2025 - 1º TURNO,154023,SIM,2025-09-16,
80313,2632,NOMINAL,PLC 79/2025 - 1º TURNO,154023,SIM,2025-09-16,
80314,2632,NOMINAL,PLC 79/2025 - 1º TURNO,154023,SIM,2025-09-16,
80315,2632,NOMINAL,PLC 79/2025 - 1º TURNO,154023,SIM,2025-09-16,
80316,2632,NOMINAL,PLC 79/2025 - 1º TURNO,154023,SIM,2025-09-16,
80317,2632,NOMINAL,PLC 79/2025 - 1º TURNO,154023,SIM,2025-09-16,
80318,2632,NOMINAL,PLC 79/2025 - 1º TURNO,154023,SIM,2025-09-16,
80319,2632,NOMINAL,PLC 79/2025 - 1º TURNO,154023,SIM,2025-09-16,
80320,2632,NOMINAL,PLC 79/2025 - 1º TURNO,154023,SIM,2025-09-16,
80321,2632,NOMINAL,PLC 79/2025 - 1º TURNO,154023,SIM,2025-09-16,
80322,2633,NOMINAL,PLC 79/2025 - 2º TURNO,154023,SIM,2025-09-16,
80323,2633,NOMINAL,PLC 79/2025 - 2º TURNO,154023,SIM,2025-09-16,
80324,2633,NOMINAL,PLC 79/2025 - 2º TURNO,154023,SIM,2025-09-16,
80325,2633,NOMINAL,PLC 79/2025 - 2º TURNO,154023,SIM,2025-09-16,
80326,2633,NOMINAL,PLC 79/2025 - 2º TURNO,154023,SIM,2025-09-16,
80327,2633,NOMINAL,PLC 79/2025 - 2º TURNO,154023,SIM,2025-09-16,
80328,2633,NOMINAL,PLC 79/2025 - 2º TURNO,154023,SIM,2025-09-16,
80329,2633,NOMINAL,PLC 79/2025 - 2º TURNO,154023,SIM,2025-09-16,
80330,2633,NOMINAL,PLC 79/2025 - 2º TURNO,154023,SIM,2025-09-16,
80331,2633,NOMINAL,PLC 79/2025 - 2º TURNO,154023,SIM,2025-09-16,
80332,2633,NOMINAL,PLC 79/2025 - 2º TURNO,154023,SIM,2025-09-16,
80333,2633,NOMINAL,PLC 79/2025 - 2º TURNO,154023,SIM,2025-09-16,
80334,2633,NOMINAL,PLC 79/2025 - 2º TURNO,154023,SIM,2025-09-16,
80335,2633,NOMINAL,PLC 79/2025 - 2º TURNO,154023,SIM,2025-09-16,
80336,2633,NOMINAL,PLC 79/2025 - 2º TURNO,154023,SIM,2025-09-16,
80337,2633,NOMINAL,PLC 79/2025 - 2º TURNO,154023,SIM,2025-09-16,
80338,2633,NOMINAL,PLC 79/2025 - 2º TURNO,154023,SIM,2025-09-16,
80339,2634,NOMINAL,BLOCO DE VETOS DE 09/09/2025,,NAO,2025-09-09,
80340,2634,NOMINAL,BLOCO DE VETOS DE 09/09/2025,,NAO,2025-09-09,
80341,2634,NOMINAL,BLOCO DE VETOS DE 09/09/2025,,NAO,2025-09-09,
80342,2634,NOMINAL,BLOCO DE VETOS DE 09/09/2025,,NAO,2025-09-09,
80343,2634,NOMINAL,BLOCO DE VETOS DE 09/09/2025,,NAO,2025-09-09,
80344,2634,NOMINAL,BLOCO DE VETOS DE 09/09/2025,,NAO,2025-09-09,
80345,2634,NOMINAL,BLOCO DE VETOS DE 09/09/2025,,NAO,2025-09-09,
80346,2634,NOMINAL,BLOCO DE VETOS DE 09/09/2025,,NAO,2025-09-09,
80347,2634,NOMINAL,BLOCO DE VETOS DE 09/09/2025,,NAO,2025-09-09,
80348,2634,NOMINAL,BLOCO DE VETOS DE 09/09/2025,,NAO,2025-09-09,
80349,2634,NOMINAL,BLOCO DE VETOS DE 09/09/2025,,NAO,2025-09-09,
80350,2634,NOMINAL,BLOCO DE VETOS DE 09/09/2025,,NAO,2025-09-09,
80351,2634,NOMINAL,BLOCO DE VETOS DE 09/09/2025,,NAO,2025-09-09,
80352,2634,NOMINAL,BLOCO DE VETOS DE 09/09/2025,,NAO,2025-09-09,
80353,2634,NOMINAL,BLOCO DE VETOS DE 09/09/2025,,NAO,2025-09-09,
80354,2634,NOMINAL,BLOCO DE VETOS DE 09/09/2025,,NAO,2025-09-09,
80355,2634,NOMINAL,BLOCO DE VETOS DE 09/09/2025,,NAO,2025-09-09,
80356,2634,NOMINAL,BLOCO DE VETOS DE 09/09/2025,,NAO,2025-09-09,
80357,2639,NOMINAL,BLOCO PDLS DE 16/09/2025 - TURNO ÚNICO,,SIM,2025-09-16,
80358,2639,NOMINAL,BLOCO PDLS DE 16/09/2025 - TURNO ÚNICO,,SIM,2025-09-16,
80359,2639,NOMINAL,BLOCO PDLS DE 16/09/2025 - TURNO ÚNICO,,SIM,2025-09-16,
80360,2639,NOMINAL,BLOCO PDLS DE 16/09/2025 - TURNO ÚNICO,,SIM,2025-09-16,
80361,2639,NOMINAL,BLOCO PDLS DE 16/09/2025 - TURNO ÚNICO,,SIM,2025-09-16,
80362,2639,NOMINAL,BLOCO PDLS DE 16/09/2025 - TURNO ÚNICO,,SIM,2025-09-16,
80363,2639,NOMINAL,BLOCO PDLS DE 16/09/2025 - TURNO ÚNICO,,SIM,2025-09-16,
80364,2639,NOMINAL,BLOCO PDLS DE 16/09/2025 - TURNO ÚNICO,,SIM,2025-09-16,
80365,2639,NOMINAL,BLOCO PDLS DE 16/09/2025 - TURNO ÚNICO,,SIM,2025-09-16,
80366,2639,NOMINAL,BLOCO PDLS DE 16/09/2025 - TURNO ÚNICO,,SIM,2025-09-16,
80367,2639,NOMINAL,BLOCO PDLS DE 16/09/2025 - TURNO ÚNICO,,SIM,2025-09-16,
80368,2639,NOMINAL,BLOCO PDLS DE 16/09/2025 - TURNO ÚNICO,,SIM,2025-09-16,
80369,2639,NOMINAL,BLOCO PDLS DE 16/09/2025 - TURNO ÚNICO,,SIM,2025-09-16,
80370,2639,NOMINAL,BLOCO PDLS DE 16/09/2025 - TURNO ÚNICO,,SIM,2025-09-16,
80371,2639,NOMINAL,BLOCO PDLS DE 16/09/2025 - TURNO ÚNICO,,SIM,2025-09-16,
80372,2639,NOMINAL,BLOCO PDLS DE 16/09/2025 - TURNO ÚNICO,,SIM,2025-09-16,
80373,2639,NOMINAL,BLOCO PDLS DE 16/09/2025 - TURNO ÚNICO,,SIM,2025-09-16,
80374,2639,NOMINAL,BLOCO PDLS DE 16/09/2025 - TURNO ÚNICO,,SIM,2025-09-16,
80375,2639,NOMINAL,BLOCO PDLS DE 16/09/2025 - TURNO ÚNICO,,SIM,2025-09-16,
80376,2640,NOMINAL,PDL 303/2025 - TURNO ÚNICO,150555,NAO,2025-09-16,
80377,2640,NOMINAL,PDL 303/2025 - TURNO ÚNICO,150555,NAO,2025-09-16,
80378,2640,NOMINAL,PDL 303/2025 - TURNO ÚNICO,150555,SIM,2025-09-16,
80379,2640,NOMINAL,PDL 303/2025 - TURNO ÚNICO,150555,NAO,2025-09-16,
80380,2640,NOMINAL,PDL 303/2025 - TURNO ÚNICO,150555,NAO,2025-09-16,
80381,2640,NOMINAL,PDL 303/2025 - TURNO ÚNICO,150555,SIM,2025-09-16,
80382,2640,NOMINAL,PDL 303/2025 - TURNO ÚNICO,150555,SIM,2025-09-16,
80383,2640,NOMINAL,PDL 303/2025 - TURNO ÚNICO,150555,SIM,2025-09-16,
80384,2640,NOMINAL,PDL 303/2025 - TURNO ÚNICO,150555,SIM,2025-09-16,
80385,2640,NOMINAL,PDL 303/2025 - TURNO ÚNICO,150555,SIM,2025-09-16,
80386,2640,NOMINAL,PDL 303/2025 - TURNO ÚNICO,150555,NAO,2025-09-16,
80387,2640,NOMINAL,PDL 303/2025 - TURNO ÚNICO,150555,SIM,2025-09-16,
80388,2640,NOMINAL,PDL 303/2025 - TURNO ÚNICO,150555,SIM,2025-09-16,
80389,2640,NOMINAL,PDL 303/2025 - TURNO ÚNICO,150555,SIM,2025-09-16,
80390,2640,NOMINAL,PDL 303/2025 - TURNO ÚNICO,150555,NAO,2025-09-16,
80391,2640,NOMINAL,PDL 303/2025 - TURNO ÚNICO,150555,SIM,2025-09-16,
80392,2640,NOMINAL,PDL 303/2025 - TURNO ÚNICO,150555,SIM,2025-09-16,
80393,2640,NOMINAL,PDL 303/2025 - TURNO ÚNICO,150555,SIM,2025-09-16,
80394,2640,NOMINAL,PDL 303/2025 - TURNO ÚNICO,150555,SIM,2025-09-16,
80395,2646,NOMINAL,PDL 188/2024 - TURNO ÚNICO,21925,SIM,2025-09-16,
80396,2646,NOMINAL,PDL 188/2024 - TURNO ÚNICO,21925,SIM,2025-09-16,
80397,2646,NOMINAL,PDL 188/2024 - TURNO ÚNICO,21925,SIM,2025-09-16,
80398,2646,NOMINAL,PDL 188/2024 - TURNO ÚNICO,21925,SIM,2025-09-16,
80399,2646,NOMINAL,PDL 188/2024 - TURNO ÚNICO,21925,SIM,2025-09-16,
80400,2646,NOMINAL,PDL 188/2024 - TURNO ÚNICO,21925,SIM,2025-09-16,
80401,2646,NOMINAL,PDL 188/2024 - TURNO ÚNICO,21925,SIM,2025-09-16,
80402,2646,NOMINAL,PDL 188/2024 - TURNO ÚNICO,21925,SIM,2025-09-16,
80403,2646,NOMINAL,PDL 188/2024 - TURNO ÚNICO,21925,SIM,2025-09-16,
80404,2646,NOMINAL,PDL 188/2024 - TURNO ÚNICO,21925,SIM,2025-09-16,
80405,2646,NOMINAL,PDL 188/2024 - TURNO ÚNICO,21925,SIM,2025-09-16,
80406,2646,NOMINAL,PDL 188/2024 - TURNO ÚNICO,21925,SIM,2025-09-16,
80407,2646,NOMINAL,PDL 188/2024 - TURNO ÚNICO,21925,SIM,2025-09-16,
80408,2646,NOMINAL,PDL 188/2024 - TURNO ÚNICO,21925,SIM,2025-09-16,
80409,2652,NOMINAL,BLOCO DE VETOS 29/04/2026 - PELA REJEIÇÃO,,NAO,2026-04-29,
80410,2652,NOMINAL,BLOCO DE VETOS 29/04/2026 - PELA REJEIÇÃO,,NAO,2026-04-29,
80411,2652,NOMINAL,BLOCO DE VETOS 29/04/2026 - PELA REJEIÇÃO,,NAO,2026-04-29,
80412,2652,NOMINAL,BLOCO DE VETOS 29/04/2026 - PELA REJEIÇÃO,,NAO,2026-04-29,
80413,2652,NOMINAL,BLOCO DE VETOS 29/04/2026 - PELA REJEIÇÃO,,NAO,2026-04-29,
80414,2652,NOMINAL,BLOCO DE VETOS 29/04/2026 - PELA REJEIÇÃO,,NAO,2026-04-29,
80415,2652,NOMINAL,BLOCO DE VETOS 29/04/2026 - PELA REJEIÇÃO,,NAO,2026-04-29,
80416,2652,NOMINAL,BLOCO DE VETOS 29/04/2026 - PELA REJEIÇÃO,,NAO,2026-04-29,
80417,2652,NOMINAL,BLOCO DE VETOS 29/04/2026 - PELA REJEIÇÃO,,NAO,2026-04-29,
80418,2652,NOMINAL,BLOCO DE VETOS 29/04/2026 - PELA REJEIÇÃO,,NAO,2026-04-29,
80419,2652,NOMINAL,BLOCO DE VETOS 29/04/2026 - PELA REJEIÇÃO,,NAO,2026-04-29,
80420,2652,NOMINAL,BLOCO DE VETOS 29/04/2026 - PELA REJEIÇÃO,,NAO,2026-04-29,
80421,2652,NOMINAL,BLOCO DE VETOS 29/04/2026 - PELA REJEIÇÃO,,NAO,2026-04-29,
80422,2652,NOMINAL,BLOCO DE VETOS 29/04/2026 - PELA REJEIÇÃO,,NAO,2026-04-29,
80423,2652,NOMINAL,BLOCO DE VETOS 29/04/2026 - PELA REJEIÇÃO,,NAO,2026-04-29,
80424,2652,NOMINAL,BLOCO DE VETOS 29/04/2026 - PELA REJEIÇÃO,,NAO,2026-04-29,
80425,2652,NOMINAL,BLOCO DE VETOS 29/04/2026 - PELA REJEIÇÃO,,NAO,2026-04-29,
80426,2653,NOMINAL,PL 1921/2025- PARECER CEOF,154182,NAO,2025-09-30,
80427,2653,NOMINAL,PL 1921/2025- PARECER CEOF,154182,NAO,2025-09-30,
80428,2653,NOMINAL,PL 1921/2025- PARECER CEOF,154182,SIM,2025-09-30,
80429,2653,NOMINAL,PL 1921/2025- PARECER CEOF,154182,NAO,2025-09-30,
80430,2653,NOMINAL,PL 1921/2025- PARECER CEOF,154182,NAO,2025-09-30,
80431,2653,NOMINAL,PL 1921/2025- PARECER CEOF,154182,SIM,2025-09-30,
80432,2653,NOMINAL,PL 1921/2025- PARECER CEOF,154182,SIM,2025-09-30,
80433,2653,NOMINAL,PL 1921/2025- PARECER CEOF,154182,SIM,2025-09-30,
80434,2653,NOMINAL,PL 1921/2025- PARECER CEOF,154182,SIM,2025-09-30,
80435,2653,NOMINAL,PL 1921/2025- PARECER CEOF,154182,SIM,2025-09-30,
80436,2653,NOMINAL,PL 1921/2025- PARECER CEOF,154182,SIM,2025-09-30,
80437,2653,NOMINAL,PL 1921/2025- PARECER CEOF,154182,SIM,2025-09-30,
80438,2653,NOMINAL,PL 1921/2025- PARECER CEOF,154182,NAO,2025-09-30,
80439,2653,NOMINAL,PL 1921/2025- PARECER CEOF,154182,SIM,2025-09-30,
80440,2653,NOMINAL,PL 1921/2025- PARECER CEOF,154182,SIM,2025-09-30,
80441,2653,NOMINAL,PL 1921/2025- PARECER CEOF,154182,SIM,2025-09-30,
80442,2653,NOMINAL,PL 1921/2025- PARECER CEOF,154182,NAO,2025-09-30,
80443,2653,NOMINAL,PL 1921/2025- PARECER CEOF,154182,SIM,2025-09-30,
80444,2653,NOMINAL,PL 1921/2025- PARECER CEOF,154182,SIM,2025-09-30,
80445,2653,NOMINAL,PL 1921/2025- PARECER CEOF,154182,SIM,2025-09-30,
80446,2654,NOMINAL,PL 1921/2025 - 1º TURNO,154182,NAO,2025-09-30,
80447,2654,NOMINAL,PL 1921/2025 - 1º TURNO,154182,NAO,2025-09-30,
80448,2654,NOMINAL,PL 1921/2025 - 1º TURNO,154182,SIM,2025-09-30,
80449,2654,NOMINAL,PL 1921/2025 - 1º TURNO,154182,NAO,2025-09-30,
80450,2654,NOMINAL,PL 1921/2025 - 1º TURNO,154182,NAO,2025-09-30,
80451,2654,NOMINAL,PL 1921/2025 - 1º TURNO,154182,SIM,2025-09-30,
80452,2654,NOMINAL,PL 1921/2025 - 1º TURNO,154182,SIM,2025-09-30,
80453,2654,NOMINAL,PL 1921/2025 - 1º TURNO,154182,SIM,2025-09-30,
80454,2654,NOMINAL,PL 1921/2025 - 1º TURNO,154182,SIM,2025-09-30,
80455,2654,NOMINAL,PL 1921/2025 - 1º TURNO,154182,SIM,2025-09-30,
80456,2654,NOMINAL,PL 1921/2025 - 1º TURNO,154182,SIM,2025-09-30,
80457,2654,NOMINAL,PL 1921/2025 - 1º TURNO,154182,SIM,2025-09-30,
80458,2654,NOMINAL,PL 1921/2025 - 1º TURNO,154182,NAO,2025-09-30,
80459,2654,NOMINAL,PL 1921/2025 - 1º TURNO,154182,SIM,2025-09-30,
80460,2654,NOMINAL,PL 1921/2025 - 1º TURNO,154182,SIM,2025-09-30,
80461,2654,NOMINAL,PL 1921/2025 - 1º TURNO,154182,NAO,2025-09-30,
80462,2654,NOMINAL,PL 1921/2025 - 1º TURNO,154182,SIM,2025-09-30,
80463,2654,NOMINAL,PL 1921/2025 - 1º TURNO,154182,SIM,2025-09-30,
80464,2654,NOMINAL,PL 1921/2025 - 1º TURNO,154182,SIM,2025-09-30,
80465,2655,NOMINAL,PL 1921/2025 - 2º TURNO,154182,NAO,2025-09-30,
80466,2655,NOMINAL,PL 1921/2025 - 2º TURNO,154182,NAO,2025-09-30,
80467,2655,NOMINAL,PL 1921/2025 - 2º TURNO,154182,SIM,2025-09-30,
80468,2655,NOMINAL,PL 1921/2025 - 2º TURNO,154182,SIM,2025-09-30,
80469,2655,NOMINAL,PL 1921/2025 - 2º TURNO,154182,NAO,2025-09-30,
80470,2655,NOMINAL,PL 1921/2025 - 2º TURNO,154182,NAO,2025-09-30,
80471,2655,NOMINAL,PL 1921/2025 - 2º TURNO,154182,SIM,2025-09-30,
80472,2655,NOMINAL,PL 1921/2025 - 2º TURNO,154182,SIM,2025-09-30,
80473,2655,NOMINAL,PL 1921/2025 - 2º TURNO,154182,SIM,2025-09-30,
80474,2655,NOMINAL,PL 1921/2025 - 2º TURNO,154182,SIM,2025-09-30,
80475,2655,NOMINAL,PL 1921/2025 - 2º TURNO,154182,SIM,2025-09-30,
80476,2655,NOMINAL,PL 1921/2025 - 2º TURNO,154182,SIM,2025-09-30,
80477,2655,NOMINAL,PL 1921/2025 - 2º TURNO,154182,SIM,2025-09-30,
80478,2655,NOMINAL,PL 1921/2025 - 2º TURNO,154182,SIM,2025-09-30,
80479,2655,NOMINAL,PL 1921/2025 - 2º TURNO,154182,SIM,2025-09-30,
80480,2655,NOMINAL,PL 1921/2025 - 2º TURNO,154182,SIM,2025-09-30,
80481,2655,NOMINAL,PL 1921/2025 - 2º TURNO,154182,NAO,2025-09-30,
80482,2655,NOMINAL,PL 1921/2025 - 2º TURNO,154182,SIM,2025-09-30,
80483,2655,NOMINAL,PL 1921/2025 - 2º TURNO,154182,SIM,2025-09-30,
80484,2655,NOMINAL,PL 1921/2025 - 2º TURNO,154182,SIM,2025-09-30,
80485,2656,NOMINAL,BLOCO PDL´S  DE 4/11/2025 - TURNO ÚNICO,,SIM,2025-11-04,
80486,2656,NOMINAL,BLOCO PDL´S  DE 4/11/2025 - TURNO ÚNICO,,SIM,2025-11-04,
80487,2656,NOMINAL,BLOCO PDL´S  DE 4/11/2025 - TURNO ÚNICO,,SIM,2025-11-04,
80488,2656,NOMINAL,BLOCO PDL´S  DE 4/11/2025 - TURNO ÚNICO,,SIM,2025-11-04,
80489,2656,NOMINAL,BLOCO PDL´S  DE 4/11/2025 - TURNO ÚNICO,,SIM,2025-11-04,
80490,2656,NOMINAL,BLOCO PDL´S  DE 4/11/2025 - TURNO ÚNICO,,SIM,2025-11-04,
80491,2656,NOMINAL,BLOCO PDL´S  DE 4/11/2025 - TURNO ÚNICO,,SIM,2025-11-04,
80492,2656,NOMINAL,BLOCO PDL´S  DE 4/11/2025 - TURNO ÚNICO,,SIM,2025-11-04,
80493,2656,NOMINAL,BLOCO PDL´S  DE 4/11/2025 - TURNO ÚNICO,,SIM,2025-11-04,
80494,2656,NOMINAL,BLOCO PDL´S  DE 4/11/2025 - TURNO ÚNICO,,SIM,2025-11-04,
80495,2656,NOMINAL,BLOCO PDL´S  DE 4/11/2025 - TURNO ÚNICO,,SIM,2025-11-04,
80496,2656,NOMINAL,BLOCO PDL´S  DE 4/11/2025 - TURNO ÚNICO,,SIM,2025-11-04,
80497,2656,NOMINAL,BLOCO PDL´S  DE 4/11/2025 - TURNO ÚNICO,,SIM,2025-11-04,
80498,2656,NOMINAL,BLOCO PDL´S  DE 4/11/2025 - TURNO ÚNICO,,SIM,2025-11-04,
80499,2656,NOMINAL,BLOCO PDL´S  DE 4/11/2025 - TURNO ÚNICO,,SIM,2025-11-04,
80500,2656,NOMINAL,BLOCO PDL´S  DE 4/11/2025 - TURNO ÚNICO,,SIM,2025-11-04,
80501,2656,NOMINAL,BLOCO PDL´S  DE 4/11/2025 - TURNO ÚNICO,,SIM,2025-11-04,
80502,2656,NOMINAL,BLOCO PDL´S  DE 4/11/2025 - TURNO ÚNICO,,SIM,2025-11-04,
80503,2656,NOMINAL,BLOCO PDL´S  DE 4/11/2025 - TURNO ÚNICO,,SIM,2025-11-04,
80504,2656,NOMINAL,BLOCO PDL´S  DE 4/11/2025 - TURNO ÚNICO,,SIM,2025-11-04,
80505,2658,NOMINAL,PLC 82/2025 - 1º TURNO,154491,NAO,2025-09-30,
80506,2658,NOMINAL,PLC 82/2025 - 1º TURNO,154491,NAO,2025-09-30,
80507,2658,NOMINAL,PLC 82/2025 - 1º TURNO,154491,SIM,2025-09-30,
80508,2658,NOMINAL,PLC 82/2025 - 1º TURNO,154491,SIM,2025-09-30,
80509,2658,NOMINAL,PLC 82/2025 - 1º TURNO,154491,NAO,2025-09-30,
80510,2658,NOMINAL,PLC 82/2025 - 1º TURNO,154491,NAO,2025-09-30,
80511,2658,NOMINAL,PLC 82/2025 - 1º TURNO,154491,SIM,2025-09-30,
80512,2658,NOMINAL,PLC 82/2025 - 1º TURNO,154491,SIM,2025-09-30,
80513,2658,NOMINAL,PLC 82/2025 - 1º TURNO,154491,SIM,2025-09-30,
80514,2658,NOMINAL,PLC 82/2025 - 1º TURNO,154491,SIM,2025-09-30,
80515,2658,NOMINAL,PLC 82/2025 - 1º TURNO,154491,SIM,2025-09-30,
80516,2658,NOMINAL,PLC 82/2025 - 1º TURNO,154491,SIM,2025-09-30,
80517,2658,NOMINAL,PLC 82/2025 - 1º TURNO,154491,SIM,2025-09-30,
80518,2658,NOMINAL,PLC 82/2025 - 1º TURNO,154491,SIM,2025-09-30,
80519,2658,NOMINAL,PLC 82/2025 - 1º TURNO,154491,NAO,2025-09-30,
80520,2658,NOMINAL,PLC 82/2025 - 1º TURNO,154491,SIM,2025-09-30,
80521,2658,NOMINAL,PLC 82/2025 - 1º TURNO,154491,NAO,2025-09-30,
80522,2658,NOMINAL,PLC 82/2025 - 1º TURNO,154491,SIM,2025-09-30,
80523,2658,NOMINAL,PLC 82/2025 - 1º TURNO,154491,SIM,2025-09-30,
80524,2658,NOMINAL,PLC 82/2025 - 1º TURNO,154491,SIM,2025-09-30,
80525,2659,NOMINAL,PLC 82/2025 - 2º TURNO,154491,NAO,2025-09-30,
80526,2659,NOMINAL,PLC 82/2025 - 2º TURNO,154491,NAO,2025-09-30,
80527,2659,NOMINAL,PLC 82/2025 - 2º TURNO,154491,SIM,2025-09-30,
80528,2659,NOMINAL,PLC 82/2025 - 2º TURNO,154491,NAO,2025-09-30,
80529,2659,NOMINAL,PLC 82/2025 - 2º TURNO,154491,NAO,2025-09-30,
80530,2659,NOMINAL,PLC 82/2025 - 2º TURNO,154491,SIM,2025-09-30,
80531,2659,NOMINAL,PLC 82/2025 - 2º TURNO,154491,SIM,2025-09-30,
80532,2659,NOMINAL,PLC 82/2025 - 2º TURNO,154491,SIM,2025-09-30,
80533,2659,NOMINAL,PLC 82/2025 - 2º TURNO,154491,SIM,2025-09-30,
80534,2659,NOMINAL,PLC 82/2025 - 2º TURNO,154491,SIM,2025-09-30,
80535,2659,NOMINAL,PLC 82/2025 - 2º TURNO,154491,SIM,2025-09-30,
80536,2659,NOMINAL,PLC 82/2025 - 2º TURNO,154491,SIM,2025-09-30,
80537,2659,NOMINAL,PLC 82/2025 - 2º TURNO,154491,NAO,2025-09-30,
80538,2659,NOMINAL,PLC 82/2025 - 2º TURNO,154491,SIM,2025-09-30,
80539,2659,NOMINAL,PLC 82/2025 - 2º TURNO,154491,SIM,2025-09-30,
80540,2659,NOMINAL,PLC 82/2025 - 2º TURNO,154491,NAO,2025-09-30,
80541,2659,NOMINAL,PLC 82/2025 - 2º TURNO,154491,SIM,2025-09-30,
80542,2659,NOMINAL,PLC 82/2025 - 2º TURNO,154491,SIM,2025-09-30,
80543,2659,NOMINAL,PLC 82/2025 - 2º TURNO,154491,SIM,2025-09-30,
80544,2696,NOMINAL,PLC 81/2025 - 1º TURNO,154423,NAO,2025-10-21,
80545,2696,NOMINAL,PLC 81/2025 - 1º TURNO,154423,SIM,2025-10-21,
80546,2696,NOMINAL,PLC 81/2025 - 1º TURNO,154423,NAO,2025-10-21,
80547,2696,NOMINAL,PLC 81/2025 - 1º TURNO,154423,SIM,2025-10-21,
80548,2696,NOMINAL,PLC 81/2025 - 1º TURNO,154423,SIM,2025-10-21,
80549,2696,NOMINAL,PLC 81/2025 - 1º TURNO,154423,NAO,2025-10-21,
80550,2696,NOMINAL,PLC 81/2025 - 1º TURNO,154423,SIM,2025-10-21,
80551,2696,NOMINAL,PLC 81/2025 - 1º TURNO,154423,SIM,2025-10-21,
80552,2696,NOMINAL,PLC 81/2025 - 1º TURNO,154423,SIM,2025-10-21,
80553,2696,NOMINAL,PLC 81/2025 - 1º TURNO,154423,SIM,2025-10-21,
80554,2696,NOMINAL,PLC 81/2025 - 1º TURNO,154423,SIM,2025-10-21,
80555,2696,NOMINAL,PLC 81/2025 - 1º TURNO,154423,SIM,2025-10-21,
80556,2696,NOMINAL,PLC 81/2025 - 1º TURNO,154423,NAO,2025-10-21,
80557,2696,NOMINAL,PLC 81/2025 - 1º TURNO,154423,SIM,2025-10-21,
80558,2696,NOMINAL,PLC 81/2025 - 1º TURNO,154423,NAO,2025-10-21,
80559,2696,NOMINAL,PLC 81/2025 - 1º TURNO,154423,SIM,2025-10-21,
80560,2696,NOMINAL,PLC 81/2025 - 1º TURNO,154423,SIM,2025-10-21,
80561,2696,NOMINAL,PLC 81/2025 - 1º TURNO,154423,SIM,2025-10-21,
80562,2696,NOMINAL,PLC 81/2025 - 1º TURNO,154423,SIM,2025-10-21,
80563,2697,NOMINAL,PLC 81/2025 - 2º TURNO,154423,NAO,2025-10-21,
80564,2697,NOMINAL,PLC 81/2025 - 2º TURNO,154423,SIM,2025-10-21,
80565,2697,NOMINAL,PLC 81/2025 - 2º TURNO,154423,NAO,2025-10-21,
80566,2697,NOMINAL,PLC 81/2025 - 2º TURNO,154423,SIM,2025-10-21,
80567,2697,NOMINAL,PLC 81/2025 - 2º TURNO,154423,SIM,2025-10-21,
80568,2697,NOMINAL,PLC 81/2025 - 2º TURNO,154423,NAO,2025-10-21,
80569,2697,NOMINAL,PLC 81/2025 - 2º TURNO,154423,SIM,2025-10-21,
80570,2697,NOMINAL,PLC 81/2025 - 2º TURNO,154423,SIM,2025-10-21,
80571,2697,NOMINAL,PLC 81/2025 - 2º TURNO,154423,SIM,2025-10-21,
80572,2697,NOMINAL,PLC 81/2025 - 2º TURNO,154423,SIM,2025-10-21,
80573,2697,NOMINAL,PLC 81/2025 - 2º TURNO,154423,SIM,2025-10-21,
80574,2697,NOMINAL,PLC 81/2025 - 2º TURNO,154423,SIM,2025-10-21,
80575,2697,NOMINAL,PLC 81/2025 - 2º TURNO,154423,NAO,2025-10-21,
80576,2697,NOMINAL,PLC 81/2025 - 2º TURNO,154423,SIM,2025-10-21,
80577,2697,NOMINAL,PLC 81/2025 - 2º TURNO,154423,SIM,2025-10-21,
80578,2697,NOMINAL,PLC 81/2025 - 2º TURNO,154423,NAO,2025-10-21,
80579,2697,NOMINAL,PLC 81/2025 - 2º TURNO,154423,SIM,2025-10-21,
80580,2697,NOMINAL,PLC 81/2025 - 2º TURNO,154423,SIM,2025-10-21,
80581,2697,NOMINAL,PLC 81/2025 - 2º TURNO,154423,SIM,2025-10-21,
80582,2697,NOMINAL,PLC 81/2025 - 2º TURNO,154423,SIM,2025-10-21,
80583,2700,NOMINAL,PL 1953/2025 - 1º TURNO,154585,NAO,2025-11-04,
80584,2700,NOMINAL,PL 1953/2025 - 1º TURNO,154585,SIM,2025-11-04,
80585,2700,NOMINAL,PL 1953/2025 - 1º TURNO,154585,NAO,2025-11-04,
80586,2700,NOMINAL,PL 1953/2025 - 1º TURNO,154585,SIM,2025-11-04,
80587,2700,NOMINAL,PL 1953/2025 - 1º TURNO,154585,SIM,2025-11-04,
80588,2700,NOMINAL,PL 1953/2025 - 1º TURNO,154585,NAO,2025-11-04,
80589,2700,NOMINAL,PL 1953/2025 - 1º TURNO,154585,NAO,2025-11-04,
80590,2700,NOMINAL,PL 1953/2025 - 1º TURNO,154585,SIM,2025-11-04,
80591,2700,NOMINAL,PL 1953/2025 - 1º TURNO,154585,SIM,2025-11-04,
80592,2700,NOMINAL,PL 1953/2025 - 1º TURNO,154585,SIM,2025-11-04,
80593,2700,NOMINAL,PL 1953/2025 - 1º TURNO,154585,SIM,2025-11-04,
80594,2700,NOMINAL,PL 1953/2025 - 1º TURNO,154585,SIM,2025-11-04,
80595,2700,NOMINAL,PL 1953/2025 - 1º TURNO,154585,NAO,2025-11-04,
80596,2700,NOMINAL,PL 1953/2025 - 1º TURNO,154585,SIM,2025-11-04,
80597,2700,NOMINAL,PL 1953/2025 - 1º TURNO,154585,SIM,2025-11-04,
80598,2700,NOMINAL,PL 1953/2025 - 1º TURNO,154585,NAO,2025-11-04,
80599,2700,NOMINAL,PL 1953/2025 - 1º TURNO,154585,SIM,2025-11-04,
80600,2700,NOMINAL,PL 1953/2025 - 1º TURNO,154585,SIM,2025-11-04,
80601,2700,NOMINAL,PL 1953/2025 - 1º TURNO,154585,SIM,2025-11-04,
80602,2700,NOMINAL,PL 1953/2025 - 1º TURNO,154585,SIM,2025-11-04,
80603,2700,NOMINAL,PL 1953/2025 - 1º TURNO,154585,SIM,2025-11-04,
80604,2702,NOMINAL,PL 1965/2025 -  1º TURNO,154728,SIM,2025-10-08,
80605,2702,NOMINAL,PL 1965/2025 -  1º TURNO,154728,SIM,2025-10-08,
80606,2702,NOMINAL,PL 1965/2025 -  1º TURNO,154728,SIM,2025-10-08,
80607,2702,NOMINAL,PL 1965/2025 -  1º TURNO,154728,SIM,2025-10-08,
80608,2702,NOMINAL,PL 1965/2025 -  1º TURNO,154728,SIM,2025-10-08,
80609,2702,NOMINAL,PL 1965/2025 -  1º TURNO,154728,SIM,2025-10-08,
80610,2702,NOMINAL,PL 1965/2025 -  1º TURNO,154728,SIM,2025-10-08,
80611,2702,NOMINAL,PL 1965/2025 -  1º TURNO,154728,SIM,2025-10-08,
80612,2702,NOMINAL,PL 1965/2025 -  1º TURNO,154728,SIM,2025-10-08,
80613,2702,NOMINAL,PL 1965/2025 -  1º TURNO,154728,SIM,2025-10-08,
80614,2702,NOMINAL,PL 1965/2025 -  1º TURNO,154728,SIM,2025-10-08,
80615,2702,NOMINAL,PL 1965/2025 -  1º TURNO,154728,SIM,2025-10-08,
80616,2702,NOMINAL,PL 1965/2025 -  1º TURNO,154728,SIM,2025-10-08,
80617,2702,NOMINAL,PL 1965/2025 -  1º TURNO,154728,SIM,2025-10-08,
80618,2702,NOMINAL,PL 1965/2025 -  1º TURNO,154728,SIM,2025-10-08,
80619,2702,NOMINAL,PL 1965/2025 -  1º TURNO,154728,SIM,2025-10-08,
80620,2702,NOMINAL,PL 1965/2025 -  1º TURNO,154728,SIM,2025-10-08,
80621,2702,NOMINAL,PL 1965/2025 -  1º TURNO,154728,SIM,2025-10-08,
80622,2702,NOMINAL,PL 1965/2025 -  1º TURNO,154728,SIM,2025-10-08,
80623,2702,NOMINAL,PL 1965/2025 -  1º TURNO,154728,SIM,2025-10-08,
80624,2702,NOMINAL,PL 1965/2025 -  1º TURNO,154728,SIM,2025-10-08,
80625,2704,NOMINAL,PL 944/2024 C/C PL 1211/2024 - 1º TURNO,18041,NAO,2025-10-21,
80626,2704,NOMINAL,PL 944/2024 C/C PL 1211/2024 - 1º TURNO,18041,SIM,2025-10-21,
80627,2704,NOMINAL,PL 944/2024 C/C PL 1211/2024 - 1º TURNO,18041,NAO,2025-10-21,
80628,2704,NOMINAL,PL 944/2024 C/C PL 1211/2024 - 1º TURNO,18041,SIM,2025-10-21,
80629,2704,NOMINAL,PL 944/2024 C/C PL 1211/2024 - 1º TURNO,18041,SIM,2025-10-21,
80630,2704,NOMINAL,PL 944/2024 C/C PL 1211/2024 - 1º TURNO,18041,NAO,2025-10-21,
80631,2704,NOMINAL,PL 944/2024 C/C PL 1211/2024 - 1º TURNO,18041,NAO,2025-10-21,
80632,2704,NOMINAL,PL 944/2024 C/C PL 1211/2024 - 1º TURNO,18041,SIM,2025-10-21,
80633,2704,NOMINAL,PL 944/2024 C/C PL 1211/2024 - 1º TURNO,18041,SIM,2025-10-21,
80634,2704,NOMINAL,PL 944/2024 C/C PL 1211/2024 - 1º TURNO,18041,SIM,2025-10-21,
80635,2704,NOMINAL,PL 944/2024 C/C PL 1211/2024 - 1º TURNO,18041,SIM,2025-10-21,
80636,2704,NOMINAL,PL 944/2024 C/C PL 1211/2024 - 1º TURNO,18041,SIM,2025-10-21,
80637,2704,NOMINAL,PL 944/2024 C/C PL 1211/2024 - 1º TURNO,18041,SIM,2025-10-21,
80638,2704,NOMINAL,PL 944/2024 C/C PL 1211/2024 - 1º TURNO,18041,NAO,2025-10-21,
80639,2704,NOMINAL,PL 944/2024 C/C PL 1211/2024 - 1º TURNO,18041,SIM,2025-10-21,
80640,2704,NOMINAL,PL 944/2024 C/C PL 1211/2024 - 1º TURNO,18041,SIM,2025-10-21,
80641,2704,NOMINAL,PL 944/2024 C/C PL 1211/2024 - 1º TURNO,18041,NAO,2025-10-21,
80642,2704,NOMINAL,PL 944/2024 C/C PL 1211/2024 - 1º TURNO,18041,SIM,2025-10-21,
80643,2704,NOMINAL,PL 944/2024 C/C PL 1211/2024 - 1º TURNO,18041,SIM,2025-10-21,
80644,2704,NOMINAL,PL 944/2024 C/C PL 1211/2024 - 1º TURNO,18041,SIM,2025-10-21,
80645,2704,NOMINAL,PL 944/2024 C/C PL 1211/2024 - 1º TURNO,18041,SIM,2025-10-21,
80646,2705,NOMINAL,PL 944/2024 C/C PL 1211/2024 - 2º TURNO,18041,NAO,2025-10-21,
80647,2705,NOMINAL,PL 944/2024 C/C PL 1211/2024 - 2º TURNO,18041,SIM,2025-10-21,
80648,2705,NOMINAL,PL 944/2024 C/C PL 1211/2024 - 2º TURNO,18041,NAO,2025-10-21,
80649,2705,NOMINAL,PL 944/2024 C/C PL 1211/2024 - 2º TURNO,18041,SIM,2025-10-21,
80650,2705,NOMINAL,PL 944/2024 C/C PL 1211/2024 - 2º TURNO,18041,SIM,2025-10-21,
80651,2705,NOMINAL,PL 944/2024 C/C PL 1211/2024 - 2º TURNO,18041,NAO,2025-10-21,
80652,2705,NOMINAL,PL 944/2024 C/C PL 1211/2024 - 2º TURNO,18041,SIM,2025-10-21,
80653,2705,NOMINAL,PL 944/2024 C/C PL 1211/2024 - 2º TURNO,18041,SIM,2025-10-21,
80654,2705,NOMINAL,PL 944/2024 C/C PL 1211/2024 - 2º TURNO,18041,SIM,2025-10-21,
80655,2705,NOMINAL,PL 944/2024 C/C PL 1211/2024 - 2º TURNO,18041,SIM,2025-10-21,
80656,2705,NOMINAL,PL 944/2024 C/C PL 1211/2024 - 2º TURNO,18041,SIM,2025-10-21,
80657,2705,NOMINAL,PL 944/2024 C/C PL 1211/2024 - 2º TURNO,18041,SIM,2025-10-21,
80658,2705,NOMINAL,PL 944/2024 C/C PL 1211/2024 - 2º TURNO,18041,NAO,2025-10-21,
80659,2705,NOMINAL,PL 944/2024 C/C PL 1211/2024 - 2º TURNO,18041,SIM,2025-10-21,
80660,2705,NOMINAL,PL 944/2024 C/C PL 1211/2024 - 2º TURNO,18041,SIM,2025-10-21,
80661,2705,NOMINAL,PL 944/2024 C/C PL 1211/2024 - 2º TURNO,18041,NAO,2025-10-21,
80662,2705,NOMINAL,PL 944/2024 C/C PL 1211/2024 - 2º TURNO,18041,SIM,2025-10-21,
80663,2705,NOMINAL,PL 944/2024 C/C PL 1211/2024 - 2º TURNO,18041,SIM,2025-10-21,
80664,2705,NOMINAL,PL 944/2024 C/C PL 1211/2024 - 2º TURNO,18041,SIM,2025-10-21,
80665,2705,NOMINAL,PL 944/2024 C/C PL 1211/2024 - 2º TURNO,18041,SIM,2025-10-21,
80666,2707,NOMINAL,PLC 85/2025 _1º TURNO,154729,SIM,2025-10-21,
80667,2707,NOMINAL,PLC 85/2025 _1º TURNO,154729,ABSTENCAO,2025-10-21,
80668,2707,NOMINAL,PLC 85/2025 _1º TURNO,154729,SIM,2025-10-21,
80669,2707,NOMINAL,PLC 85/2025 _1º TURNO,154729,SIM,2025-10-21,
80670,2707,NOMINAL,PLC 85/2025 _1º TURNO,154729,ABSTENCAO,2025-10-21,
80671,2707,NOMINAL,PLC 85/2025 _1º TURNO,154729,SIM,2025-10-21,
80672,2707,NOMINAL,PLC 85/2025 _1º TURNO,154729,SIM,2025-10-21,
80673,2707,NOMINAL,PLC 85/2025 _1º TURNO,154729,ABSTENCAO,2025-10-21,
80674,2707,NOMINAL,PLC 85/2025 _1º TURNO,154729,SIM,2025-10-21,
80675,2707,NOMINAL,PLC 85/2025 _1º TURNO,154729,SIM,2025-10-21,
80676,2707,NOMINAL,PLC 85/2025 _1º TURNO,154729,SIM,2025-10-21,
80677,2707,NOMINAL,PLC 85/2025 _1º TURNO,154729,SIM,2025-10-21,
80678,2707,NOMINAL,PLC 85/2025 _1º TURNO,154729,SIM,2025-10-21,
80679,2707,NOMINAL,PLC 85/2025 _1º TURNO,154729,SIM,2025-10-21,
80680,2707,NOMINAL,PLC 85/2025 _1º TURNO,154729,SIM,2025-10-21,
80681,2707,NOMINAL,PLC 85/2025 _1º TURNO,154729,SIM,2025-10-21,
80682,2707,NOMINAL,PLC 85/2025 _1º TURNO,154729,SIM,2025-10-21,
80683,2707,NOMINAL,PLC 85/2025 _1º TURNO,154729,SIM,2025-10-21,
80684,2707,NOMINAL,PLC 85/2025 _1º TURNO,154729,SIM,2025-10-21,
80685,2707,NOMINAL,PLC 85/2025 _1º TURNO,154729,ABSTENCAO,2025-10-21,
80686,2707,NOMINAL,PLC 85/2025 _1º TURNO,154729,SIM,2025-10-21,
80687,2709,NOMINAL,PLC 85/2025 - 2º TURNO,154729,SIM,2025-10-21,
80688,2709,NOMINAL,PLC 85/2025 - 2º TURNO,154729,SIM,2025-10-21,
80689,2709,NOMINAL,PLC 85/2025 - 2º TURNO,154729,SIM,2025-10-21,
80690,2709,NOMINAL,PLC 85/2025 - 2º TURNO,154729,SIM,2025-10-21,
80691,2709,NOMINAL,PLC 85/2025 - 2º TURNO,154729,SIM,2025-10-21,
80692,2709,NOMINAL,PLC 85/2025 - 2º TURNO,154729,SIM,2025-10-21,
80693,2709,NOMINAL,PLC 85/2025 - 2º TURNO,154729,SIM,2025-10-21,
80694,2709,NOMINAL,PLC 85/2025 - 2º TURNO,154729,SIM,2025-10-21,
80695,2709,NOMINAL,PLC 85/2025 - 2º TURNO,154729,SIM,2025-10-21,
80696,2709,NOMINAL,PLC 85/2025 - 2º TURNO,154729,SIM,2025-10-21,
80697,2709,NOMINAL,PLC 85/2025 - 2º TURNO,154729,SIM,2025-10-21,
80698,2709,NOMINAL,PLC 85/2025 - 2º TURNO,154729,SIM,2025-10-21,
80699,2709,NOMINAL,PLC 85/2025 - 2º TURNO,154729,SIM,2025-10-21,
80700,2709,NOMINAL,PLC 85/2025 - 2º TURNO,154729,SIM,2025-10-21,
80701,2709,NOMINAL,PLC 85/2025 - 2º TURNO,154729,SIM,2025-10-21,
80702,2709,NOMINAL,PLC 85/2025 - 2º TURNO,154729,SIM,2025-10-21,
80703,2709,NOMINAL,PLC 85/2025 - 2º TURNO,154729,SIM,2025-10-21,
80704,2709,NOMINAL,PLC 85/2025 - 2º TURNO,154729,SIM,2025-10-21,
80705,2709,NOMINAL,PLC 85/2025 - 2º TURNO,154729,ABSTENCAO,2025-10-21,
80706,2709,NOMINAL,PLC 85/2025 - 2º TURNO,154729,SIM,2025-10-21,
80707,2750,NOMINAL,PLC 84/2025 - 1ºTURNO,154604,SIM,2025-10-21,
80708,2750,NOMINAL,PLC 84/2025 - 1ºTURNO,154604,SIM,2025-10-21,
80709,2750,NOMINAL,PLC 84/2025 - 1ºTURNO,154604,NAO,2025-10-21,
80710,2750,NOMINAL,PLC 84/2025 - 1ºTURNO,154604,SIM,2025-10-21,
80711,2750,NOMINAL,PLC 84/2025 - 1ºTURNO,154604,SIM,2025-10-21,
80712,2750,NOMINAL,PLC 84/2025 - 1ºTURNO,154604,NAO,2025-10-21,
80713,2750,NOMINAL,PLC 84/2025 - 1ºTURNO,154604,NAO,2025-10-21,
80714,2750,NOMINAL,PLC 84/2025 - 1ºTURNO,154604,SIM,2025-10-21,
80715,2750,NOMINAL,PLC 84/2025 - 1ºTURNO,154604,SIM,2025-10-21,
80716,2750,NOMINAL,PLC 84/2025 - 1ºTURNO,154604,SIM,2025-10-21,
80717,2750,NOMINAL,PLC 84/2025 - 1ºTURNO,154604,SIM,2025-10-21,
80718,2750,NOMINAL,PLC 84/2025 - 1ºTURNO,154604,SIM,2025-10-21,
80719,2750,NOMINAL,PLC 84/2025 - 1ºTURNO,154604,SIM,2025-10-21,
80720,2750,NOMINAL,PLC 84/2025 - 1ºTURNO,154604,NAO,2025-10-21,
80721,2750,NOMINAL,PLC 84/2025 - 1ºTURNO,154604,SIM,2025-10-21,
80722,2750,NOMINAL,PLC 84/2025 - 1ºTURNO,154604,SIM,2025-10-21,
80723,2750,NOMINAL,PLC 84/2025 - 1ºTURNO,154604,SIM,2025-10-21,
80724,2750,NOMINAL,PLC 84/2025 - 1ºTURNO,154604,SIM,2025-10-21,
80725,2750,NOMINAL,PLC 84/2025 - 1ºTURNO,154604,SIM,2025-10-21,
80726,2750,NOMINAL,PLC 84/2025 - 1ºTURNO,154604,SIM,2025-10-21,
80727,2750,NOMINAL,PLC 84/2025 - 1ºTURNO,154604,SIM,2025-10-21,
80728,2751,NOMINAL,PLC 84/2025 - 2ºTURNO,154604,SIM,2025-10-21,
80729,2751,NOMINAL,PLC 84/2025 - 2ºTURNO,154604,SIM,2025-10-21,
80730,2751,NOMINAL,PLC 84/2025 - 2ºTURNO,154604,NAO,2025-10-21,
80731,2751,NOMINAL,PLC 84/2025 - 2ºTURNO,154604,SIM,2025-10-21,
80732,2751,NOMINAL,PLC 84/2025 - 2ºTURNO,154604,SIM,2025-10-21,
80733,2751,NOMINAL,PLC 84/2025 - 2ºTURNO,154604,NAO,2025-10-21,
80734,2751,NOMINAL,PLC 84/2025 - 2ºTURNO,154604,SIM,2025-10-21,
80735,2751,NOMINAL,PLC 84/2025 - 2ºTURNO,154604,SIM,2025-10-21,
80736,2751,NOMINAL,PLC 84/2025 - 2ºTURNO,154604,SIM,2025-10-21,
80737,2751,NOMINAL,PLC 84/2025 - 2ºTURNO,154604,SIM,2025-10-21,
80738,2751,NOMINAL,PLC 84/2025 - 2ºTURNO,154604,SIM,2025-10-21,
80739,2751,NOMINAL,PLC 84/2025 - 2ºTURNO,154604,SIM,2025-10-21,
80740,2751,NOMINAL,PLC 84/2025 - 2ºTURNO,154604,NAO,2025-10-21,
80741,2751,NOMINAL,PLC 84/2025 - 2ºTURNO,154604,SIM,2025-10-21,
80742,2751,NOMINAL,PLC 84/2025 - 2ºTURNO,154604,SIM,2025-10-21,
80743,2751,NOMINAL,PLC 84/2025 - 2ºTURNO,154604,SIM,2025-10-21,
80744,2751,NOMINAL,PLC 84/2025 - 2ºTURNO,154604,SIM,2025-10-21,
80745,2751,NOMINAL,PLC 84/2025 - 2ºTURNO,154604,SIM,2025-10-21,
80746,2751,NOMINAL,PLC 84/2025 - 2ºTURNO,154604,SIM,2025-10-21,
80747,2751,NOMINAL,PLC 84/2025 - 2ºTURNO,154604,SIM,2025-10-21,
80748,2758,NOMINAL,PDL 376/2025 - TURNO ÚNICO,154937,SIM,2025-10-21,
80749,2758,NOMINAL,PDL 376/2025 - TURNO ÚNICO,154937,SIM,2025-10-21,
80750,2758,NOMINAL,PDL 376/2025 - TURNO ÚNICO,154937,SIM,2025-10-21,
80751,2758,NOMINAL,PDL 376/2025 - TURNO ÚNICO,154937,SIM,2025-10-21,
80752,2758,NOMINAL,PDL 376/2025 - TURNO ÚNICO,154937,SIM,2025-10-21,
80753,2758,NOMINAL,PDL 376/2025 - TURNO ÚNICO,154937,SIM,2025-10-21,
80754,2758,NOMINAL,PDL 376/2025 - TURNO ÚNICO,154937,SIM,2025-10-21,
80755,2758,NOMINAL,PDL 376/2025 - TURNO ÚNICO,154937,SIM,2025-10-21,
80756,2758,NOMINAL,PDL 376/2025 - TURNO ÚNICO,154937,SIM,2025-10-21,
80757,2758,NOMINAL,PDL 376/2025 - TURNO ÚNICO,154937,SIM,2025-10-21,
80758,2758,NOMINAL,PDL 376/2025 - TURNO ÚNICO,154937,SIM,2025-10-21,
80759,2758,NOMINAL,PDL 376/2025 - TURNO ÚNICO,154937,SIM,2025-10-21,
80760,2758,NOMINAL,PDL 376/2025 - TURNO ÚNICO,154937,SIM,2025-10-21,
80761,2758,NOMINAL,PDL 376/2025 - TURNO ÚNICO,154937,SIM,2025-10-21,
80762,2758,NOMINAL,PDL 376/2025 - TURNO ÚNICO,154937,SIM,2025-10-21,
80763,2758,NOMINAL,PDL 376/2025 - TURNO ÚNICO,154937,SIM,2025-10-21,
80764,2758,NOMINAL,PDL 376/2025 - TURNO ÚNICO,154937,SIM,2025-10-21,
80765,2758,NOMINAL,PDL 376/2025 - TURNO ÚNICO,154937,SIM,2025-10-21,
80766,2758,NOMINAL,PDL 376/2025 - TURNO ÚNICO,154937,SIM,2025-10-21,
80767,2758,NOMINAL,PDL 376/2025 - TURNO ÚNICO,154937,SIM,2025-10-21,
80768,2759,NOMINAL,PL 944/2024 C/C PL 1211/2024 - PARECERES  CAS E CEOF,18041,NAO,2025-10-21,
80769,2759,NOMINAL,PL 944/2024 C/C PL 1211/2024 - PARECERES  CAS E CEOF,18041,SIM,2025-10-21,
80770,2759,NOMINAL,PL 944/2024 C/C PL 1211/2024 - PARECERES  CAS E CEOF,18041,NAO,2025-10-21,
80771,2759,NOMINAL,PL 944/2024 C/C PL 1211/2024 - PARECERES  CAS E CEOF,18041,SIM,2025-10-21,
80772,2759,NOMINAL,PL 944/2024 C/C PL 1211/2024 - PARECERES  CAS E CEOF,18041,SIM,2025-10-21,
80773,2759,NOMINAL,PL 944/2024 C/C PL 1211/2024 - PARECERES  CAS E CEOF,18041,NAO,2025-10-21,
80774,2759,NOMINAL,PL 944/2024 C/C PL 1211/2024 - PARECERES  CAS E CEOF,18041,NAO,2025-10-21,
80775,2759,NOMINAL,PL 944/2024 C/C PL 1211/2024 - PARECERES  CAS E CEOF,18041,SIM,2025-10-21,
80776,2759,NOMINAL,PL 944/2024 C/C PL 1211/2024 - PARECERES  CAS E CEOF,18041,SIM,2025-10-21,
80777,2759,NOMINAL,PL 944/2024 C/C PL 1211/2024 - PARECERES  CAS E CEOF,18041,SIM,2025-10-21,
80778,2759,NOMINAL,PL 944/2024 C/C PL 1211/2024 - PARECERES  CAS E CEOF,18041,SIM,2025-10-21,
80779,2759,NOMINAL,PL 944/2024 C/C PL 1211/2024 - PARECERES  CAS E CEOF,18041,SIM,2025-10-21,
80780,2759,NOMINAL,PL 944/2024 C/C PL 1211/2024 - PARECERES  CAS E CEOF,18041,NAO,2025-10-21,
80781,2759,NOMINAL,PL 944/2024 C/C PL 1211/2024 - PARECERES  CAS E CEOF,18041,SIM,2025-10-21,
80782,2759,NOMINAL,PL 944/2024 C/C PL 1211/2024 - PARECERES  CAS E CEOF,18041,SIM,2025-10-21,
80783,2759,NOMINAL,PL 944/2024 C/C PL 1211/2024 - PARECERES  CAS E CEOF,18041,NAO,2025-10-21,
80784,2759,NOMINAL,PL 944/2024 C/C PL 1211/2024 - PARECERES  CAS E CEOF,18041,SIM,2025-10-21,
80785,2759,NOMINAL,PL 944/2024 C/C PL 1211/2024 - PARECERES  CAS E CEOF,18041,SIM,2025-10-21,
80786,2759,NOMINAL,PL 944/2024 C/C PL 1211/2024 - PARECERES  CAS E CEOF,18041,SIM,2025-10-21,
80787,2759,NOMINAL,PL 944/2024 C/C PL 1211/2024 - PARECERES  CAS E CEOF,18041,SIM,2025-10-21,
80788,2760,NOMINAL,PL 944/2024 C/C PL 1211/2024 - PARECER  CEC,18041,SIM,2025-10-21,
80789,2760,NOMINAL,PL 944/2024 C/C PL 1211/2024 - PARECER  CEC,18041,NAO,2025-10-21,
80790,2760,NOMINAL,PL 944/2024 C/C PL 1211/2024 - PARECER  CEC,18041,SIM,2025-10-21,
80791,2760,NOMINAL,PL 944/2024 C/C PL 1211/2024 - PARECER  CEC,18041,NAO,2025-10-21,
80792,2760,NOMINAL,PL 944/2024 C/C PL 1211/2024 - PARECER  CEC,18041,NAO,2025-10-21,
80793,2760,NOMINAL,PL 944/2024 C/C PL 1211/2024 - PARECER  CEC,18041,SIM,2025-10-21,
80794,2760,NOMINAL,PL 944/2024 C/C PL 1211/2024 - PARECER  CEC,18041,SIM,2025-10-21,
80795,2760,NOMINAL,PL 944/2024 C/C PL 1211/2024 - PARECER  CEC,18041,NAO,2025-10-21,
80796,2760,NOMINAL,PL 944/2024 C/C PL 1211/2024 - PARECER  CEC,18041,NAO,2025-10-21,
80797,2760,NOMINAL,PL 944/2024 C/C PL 1211/2024 - PARECER  CEC,18041,NAO,2025-10-21,
80798,2760,NOMINAL,PL 944/2024 C/C PL 1211/2024 - PARECER  CEC,18041,ABSTENCAO,2025-10-21,
80799,2760,NOMINAL,PL 944/2024 C/C PL 1211/2024 - PARECER  CEC,18041,NAO,2025-10-21,
80800,2760,NOMINAL,PL 944/2024 C/C PL 1211/2024 - PARECER  CEC,18041,NAO,2025-10-21,
80801,2760,NOMINAL,PL 944/2024 C/C PL 1211/2024 - PARECER  CEC,18041,SIM,2025-10-21,
80802,2760,NOMINAL,PL 944/2024 C/C PL 1211/2024 - PARECER  CEC,18041,NAO,2025-10-21,
80803,2760,NOMINAL,PL 944/2024 C/C PL 1211/2024 - PARECER  CEC,18041,NAO,2025-10-21,
80804,2760,NOMINAL,PL 944/2024 C/C PL 1211/2024 - PARECER  CEC,18041,SIM,2025-10-21,
80805,2760,NOMINAL,PL 944/2024 C/C PL 1211/2024 - PARECER  CEC,18041,NAO,2025-10-21,
80806,2760,NOMINAL,PL 944/2024 C/C PL 1211/2024 - PARECER  CEC,18041,NAO,2025-10-21,
80807,2760,NOMINAL,PL 944/2024 C/C PL 1211/2024 - PARECER  CEC,18041,NAO,2025-10-21,
80808,2760,NOMINAL,PL 944/2024 C/C PL 1211/2024 - PARECER  CEC,18041,NAO,2025-10-21,
80809,2761,NOMINAL,PL 944/2024 C/C PL 1211/2024 - VOTO SEPARADO  CCJ,18041,SIM,2025-10-21,
80810,2761,NOMINAL,PL 944/2024 C/C PL 1211/2024 - VOTO SEPARADO  CCJ,18041,NAO,2025-10-21,
80811,2761,NOMINAL,PL 944/2024 C/C PL 1211/2024 - VOTO SEPARADO  CCJ,18041,SIM,2025-10-21,
80812,2761,NOMINAL,PL 944/2024 C/C PL 1211/2024 - VOTO SEPARADO  CCJ,18041,NAO,2025-10-21,
80813,2761,NOMINAL,PL 944/2024 C/C PL 1211/2024 - VOTO SEPARADO  CCJ,18041,NAO,2025-10-21,
80814,2761,NOMINAL,PL 944/2024 C/C PL 1211/2024 - VOTO SEPARADO  CCJ,18041,SIM,2025-10-21,
80815,2761,NOMINAL,PL 944/2024 C/C PL 1211/2024 - VOTO SEPARADO  CCJ,18041,SIM,2025-10-21,
80816,2761,NOMINAL,PL 944/2024 C/C PL 1211/2024 - VOTO SEPARADO  CCJ,18041,NAO,2025-10-21,
80817,2761,NOMINAL,PL 944/2024 C/C PL 1211/2024 - VOTO SEPARADO  CCJ,18041,NAO,2025-10-21,
80818,2761,NOMINAL,PL 944/2024 C/C PL 1211/2024 - VOTO SEPARADO  CCJ,18041,NAO,2025-10-21,
80819,2761,NOMINAL,PL 944/2024 C/C PL 1211/2024 - VOTO SEPARADO  CCJ,18041,ABSTENCAO,2025-10-21,
80820,2761,NOMINAL,PL 944/2024 C/C PL 1211/2024 - VOTO SEPARADO  CCJ,18041,NAO,2025-10-21,
80821,2761,NOMINAL,PL 944/2024 C/C PL 1211/2024 - VOTO SEPARADO  CCJ,18041,NAO,2025-10-21,
80822,2761,NOMINAL,PL 944/2024 C/C PL 1211/2024 - VOTO SEPARADO  CCJ,18041,SIM,2025-10-21,
80823,2761,NOMINAL,PL 944/2024 C/C PL 1211/2024 - VOTO SEPARADO  CCJ,18041,NAO,2025-10-21,
80824,2761,NOMINAL,PL 944/2024 C/C PL 1211/2024 - VOTO SEPARADO  CCJ,18041,NAO,2025-10-21,
80825,2761,NOMINAL,PL 944/2024 C/C PL 1211/2024 - VOTO SEPARADO  CCJ,18041,SIM,2025-10-21,
80826,2761,NOMINAL,PL 944/2024 C/C PL 1211/2024 - VOTO SEPARADO  CCJ,18041,NAO,2025-10-21,
80827,2761,NOMINAL,PL 944/2024 C/C PL 1211/2024 - VOTO SEPARADO  CCJ,18041,NAO,2025-10-21,
80828,2761,NOMINAL,PL 944/2024 C/C PL 1211/2024 - VOTO SEPARADO  CCJ,18041,NAO,2025-10-21,
80829,2761,NOMINAL,PL 944/2024 C/C PL 1211/2024 - VOTO SEPARADO  CCJ,18041,NAO,2025-10-21,
80830,2762,NOMINAL,PL 944/2024 C/C PL 1211/2024 - PARECER CCJ,18041,NAO,2025-10-21,
80831,2762,NOMINAL,PL 944/2024 C/C PL 1211/2024 - PARECER CCJ,18041,SIM,2025-10-21,
80832,2762,NOMINAL,PL 944/2024 C/C PL 1211/2024 - PARECER CCJ,18041,NAO,2025-10-21,
80833,2762,NOMINAL,PL 944/2024 C/C PL 1211/2024 - PARECER CCJ,18041,SIM,2025-10-21,
80834,2762,NOMINAL,PL 944/2024 C/C PL 1211/2024 - PARECER CCJ,18041,SIM,2025-10-21,
80835,2762,NOMINAL,PL 944/2024 C/C PL 1211/2024 - PARECER CCJ,18041,NAO,2025-10-21,
80836,2762,NOMINAL,PL 944/2024 C/C PL 1211/2024 - PARECER CCJ,18041,NAO,2025-10-21,
80837,2762,NOMINAL,PL 944/2024 C/C PL 1211/2024 - PARECER CCJ,18041,SIM,2025-10-21,
80838,2762,NOMINAL,PL 944/2024 C/C PL 1211/2024 - PARECER CCJ,18041,SIM,2025-10-21,
80839,2762,NOMINAL,PL 944/2024 C/C PL 1211/2024 - PARECER CCJ,18041,SIM,2025-10-21,
80840,2762,NOMINAL,PL 944/2024 C/C PL 1211/2024 - PARECER CCJ,18041,SIM,2025-10-21,
80841,2762,NOMINAL,PL 944/2024 C/C PL 1211/2024 - PARECER CCJ,18041,SIM,2025-10-21,
80842,2762,NOMINAL,PL 944/2024 C/C PL 1211/2024 - PARECER CCJ,18041,SIM,2025-10-21,
80843,2762,NOMINAL,PL 944/2024 C/C PL 1211/2024 - PARECER CCJ,18041,NAO,2025-10-21,
80844,2762,NOMINAL,PL 944/2024 C/C PL 1211/2024 - PARECER CCJ,18041,SIM,2025-10-21,
80845,2762,NOMINAL,PL 944/2024 C/C PL 1211/2024 - PARECER CCJ,18041,SIM,2025-10-21,
80846,2762,NOMINAL,PL 944/2024 C/C PL 1211/2024 - PARECER CCJ,18041,NAO,2025-10-21,
80847,2762,NOMINAL,PL 944/2024 C/C PL 1211/2024 - PARECER CCJ,18041,SIM,2025-10-21,
80848,2762,NOMINAL,PL 944/2024 C/C PL 1211/2024 - PARECER CCJ,18041,SIM,2025-10-21,
80849,2762,NOMINAL,PL 944/2024 C/C PL 1211/2024 - PARECER CCJ,18041,SIM,2025-10-21,
80850,2762,NOMINAL,PL 944/2024 C/C PL 1211/2024 - PARECER CCJ,18041,SIM,2025-10-21,
80851,2763,NOMINAL,PLC 84/2025 - DESTAQUE DA EMENDA Nº 5,154604,SIM,2025-10-21,
80852,2763,NOMINAL,PLC 84/2025 - DESTAQUE DA EMENDA Nº 5,154604,NAO,2025-10-21,
80853,2763,NOMINAL,PLC 84/2025 - DESTAQUE DA EMENDA Nº 5,154604,SIM,2025-10-21,
80854,2763,NOMINAL,PLC 84/2025 - DESTAQUE DA EMENDA Nº 5,154604,NAO,2025-10-21,
80855,2763,NOMINAL,PLC 84/2025 - DESTAQUE DA EMENDA Nº 5,154604,NAO,2025-10-21,
80856,2763,NOMINAL,PLC 84/2025 - DESTAQUE DA EMENDA Nº 5,154604,SIM,2025-10-21,
80857,2763,NOMINAL,PLC 84/2025 - DESTAQUE DA EMENDA Nº 5,154604,SIM,2025-10-21,
80858,2763,NOMINAL,PLC 84/2025 - DESTAQUE DA EMENDA Nº 5,154604,NAO,2025-10-21,
80859,2763,NOMINAL,PLC 84/2025 - DESTAQUE DA EMENDA Nº 5,154604,NAO,2025-10-21,
80860,2763,NOMINAL,PLC 84/2025 - DESTAQUE DA EMENDA Nº 5,154604,NAO,2025-10-21,
80861,2763,NOMINAL,PLC 84/2025 - DESTAQUE DA EMENDA Nº 5,154604,NAO,2025-10-21,
80862,2763,NOMINAL,PLC 84/2025 - DESTAQUE DA EMENDA Nº 5,154604,NAO,2025-10-21,
80863,2763,NOMINAL,PLC 84/2025 - DESTAQUE DA EMENDA Nº 5,154604,NAO,2025-10-21,
80864,2763,NOMINAL,PLC 84/2025 - DESTAQUE DA EMENDA Nº 5,154604,SIM,2025-10-21,
80865,2763,NOMINAL,PLC 84/2025 - DESTAQUE DA EMENDA Nº 5,154604,NAO,2025-10-21,
80866,2763,NOMINAL,PLC 84/2025 - DESTAQUE DA EMENDA Nº 5,154604,NAO,2025-10-21,
80867,2763,NOMINAL,PLC 84/2025 - DESTAQUE DA EMENDA Nº 5,154604,SIM,2025-10-21,
80868,2763,NOMINAL,PLC 84/2025 - DESTAQUE DA EMENDA Nº 5,154604,NAO,2025-10-21,
80869,2763,NOMINAL,PLC 84/2025 - DESTAQUE DA EMENDA Nº 5,154604,NAO,2025-10-21,
80870,2763,NOMINAL,PLC 84/2025 - DESTAQUE DA EMENDA Nº 5,154604,NAO,2025-10-21,
80871,2763,NOMINAL,PLC 84/2025 - DESTAQUE DA EMENDA Nº 5,154604,NAO,2025-10-21,
80872,2768,NOMINAL,PLC 68/2025 - 2º TURNO,151675,SIM,2025-10-21,
80873,2768,NOMINAL,PLC 68/2025 - 2º TURNO,151675,SIM,2025-10-21,
80874,2768,NOMINAL,PLC 68/2025 - 2º TURNO,151675,SIM,2025-10-21,
80875,2768,NOMINAL,PLC 68/2025 - 2º TURNO,151675,SIM,2025-10-21,
80876,2768,NOMINAL,PLC 68/2025 - 2º TURNO,151675,SIM,2025-10-21,
80877,2768,NOMINAL,PLC 68/2025 - 2º TURNO,151675,SIM,2025-10-21,
80878,2768,NOMINAL,PLC 68/2025 - 2º TURNO,151675,SIM,2025-10-21,
80879,2768,NOMINAL,PLC 68/2025 - 2º TURNO,151675,SIM,2025-10-21,
80880,2768,NOMINAL,PLC 68/2025 - 2º TURNO,151675,SIM,2025-10-21,
80881,2768,NOMINAL,PLC 68/2025 - 2º TURNO,151675,SIM,2025-10-21,
80882,2768,NOMINAL,PLC 68/2025 - 2º TURNO,151675,SIM,2025-10-21,
80883,2768,NOMINAL,PLC 68/2025 - 2º TURNO,151675,SIM,2025-10-21,
80884,2768,NOMINAL,PLC 68/2025 - 2º TURNO,151675,SIM,2025-10-21,
80885,2768,NOMINAL,PLC 68/2025 - 2º TURNO,151675,SIM,2025-10-21,
80886,2768,NOMINAL,PLC 68/2025 - 2º TURNO,151675,SIM,2025-10-21,
80887,2768,NOMINAL,PLC 68/2025 - 2º TURNO,151675,SIM,2025-10-21,
80888,2768,NOMINAL,PLC 68/2025 - 2º TURNO,151675,SIM,2025-10-21,
80889,2768,NOMINAL,PLC 68/2025 - 2º TURNO,151675,SIM,2025-10-21,
80890,2768,NOMINAL,PLC 68/2025 - 2º TURNO,151675,SIM,2025-10-21,
80891,2787,NOMINAL,PL 1953/2025 - 2º TURNO,154585,NAO,2025-11-04,
80892,2787,NOMINAL,PL 1953/2025 - 2º TURNO,154585,SIM,2025-11-04,
80893,2787,NOMINAL,PL 1953/2025 - 2º TURNO,154585,NAO,2025-11-04,
80894,2787,NOMINAL,PL 1953/2025 - 2º TURNO,154585,SIM,2025-11-04,
80895,2787,NOMINAL,PL 1953/2025 - 2º TURNO,154585,NAO,2025-11-04,
80896,2787,NOMINAL,PL 1953/2025 - 2º TURNO,154585,NAO,2025-11-04,
80897,2787,NOMINAL,PL 1953/2025 - 2º TURNO,154585,SIM,2025-11-04,
80898,2787,NOMINAL,PL 1953/2025 - 2º TURNO,154585,SIM,2025-11-04,
80899,2787,NOMINAL,PL 1953/2025 - 2º TURNO,154585,SIM,2025-11-04,
80900,2787,NOMINAL,PL 1953/2025 - 2º TURNO,154585,SIM,2025-11-04,
80901,2787,NOMINAL,PL 1953/2025 - 2º TURNO,154585,NAO,2025-11-04,
80902,2787,NOMINAL,PL 1953/2025 - 2º TURNO,154585,SIM,2025-11-04,
80903,2787,NOMINAL,PL 1953/2025 - 2º TURNO,154585,NAO,2025-11-04,
80904,2787,NOMINAL,PL 1953/2025 - 2º TURNO,154585,SIM,2025-11-04,
80905,2787,NOMINAL,PL 1953/2025 - 2º TURNO,154585,NAO,2025-11-04,
80906,2787,NOMINAL,PL 1953/2025 - 2º TURNO,154585,SIM,2025-11-04,
80907,2787,NOMINAL,PL 1953/2025 - 2º TURNO,154585,SIM,2025-11-04,
80908,2787,NOMINAL,PL 1953/2025 - 2º TURNO,154585,SIM,2025-11-04,
80909,2787,NOMINAL,PL 1953/2025 - 2º TURNO,154585,SIM,2025-11-04,
80910,2843,NOMINAL,"PLC  37/2023 - DESTAQUE DO ART.3º, INCISO V",17415,ABSTENCAO,2025-11-04,
80911,2843,NOMINAL,"PLC  37/2023 - DESTAQUE DO ART.3º, INCISO V",17415,NAO,2025-11-04,
80912,2843,NOMINAL,"PLC  37/2023 - DESTAQUE DO ART.3º, INCISO V",17415,SIM,2025-11-04,
80913,2843,NOMINAL,"PLC  37/2023 - DESTAQUE DO ART.3º, INCISO V",17415,NAO,2025-11-04,
80914,2843,NOMINAL,"PLC  37/2023 - DESTAQUE DO ART.3º, INCISO V",17415,SIM,2025-11-04,
80915,2843,NOMINAL,"PLC  37/2023 - DESTAQUE DO ART.3º, INCISO V",17415,SIM,2025-11-04,
80916,2843,NOMINAL,"PLC  37/2023 - DESTAQUE DO ART.3º, INCISO V",17415,NAO,2025-11-04,
80917,2843,NOMINAL,"PLC  37/2023 - DESTAQUE DO ART.3º, INCISO V",17415,NAO,2025-11-04,
80918,2843,NOMINAL,"PLC  37/2023 - DESTAQUE DO ART.3º, INCISO V",17415,NAO,2025-11-04,
80919,2843,NOMINAL,"PLC  37/2023 - DESTAQUE DO ART.3º, INCISO V",17415,NAO,2025-11-04,
80920,2843,NOMINAL,"PLC  37/2023 - DESTAQUE DO ART.3º, INCISO V",17415,NAO,2025-11-04,
80921,2843,NOMINAL,"PLC  37/2023 - DESTAQUE DO ART.3º, INCISO V",17415,SIM,2025-11-04,
80922,2843,NOMINAL,"PLC  37/2023 - DESTAQUE DO ART.3º, INCISO V",17415,SIM,2025-11-04,
80923,2843,NOMINAL,"PLC  37/2023 - DESTAQUE DO ART.3º, INCISO V",17415,NAO,2025-11-04,
80924,2843,NOMINAL,"PLC  37/2023 - DESTAQUE DO ART.3º, INCISO V",17415,SIM,2025-11-04,
80925,2843,NOMINAL,"PLC  37/2023 - DESTAQUE DO ART.3º, INCISO V",17415,NAO,2025-11-04,
80926,2843,NOMINAL,"PLC  37/2023 - DESTAQUE DO ART.3º, INCISO V",17415,NAO,2025-11-04,
80927,2843,NOMINAL,"PLC  37/2023 - DESTAQUE DO ART.3º, INCISO V",17415,NAO,2025-11-04,
80928,2843,NOMINAL,"PLC  37/2023 - DESTAQUE DO ART.3º, INCISO V",17415,NAO,2025-11-04,
80929,2843,NOMINAL,"PLC  37/2023 - DESTAQUE DO ART.3º, INCISO V",17415,NAO,2025-11-04,
80930,2849,NOMINAL,PL 2000/2025 - 1º TURNO,155079,SIM,2025-11-11,
80931,2849,NOMINAL,PL 2000/2025 - 1º TURNO,155079,SIM,2025-11-11,
80932,2849,NOMINAL,PL 2000/2025 - 1º TURNO,155079,SIM,2025-11-11,
80933,2849,NOMINAL,PL 2000/2025 - 1º TURNO,155079,SIM,2025-11-11,
80934,2849,NOMINAL,PL 2000/2025 - 1º TURNO,155079,SIM,2025-11-11,
80935,2849,NOMINAL,PL 2000/2025 - 1º TURNO,155079,SIM,2025-11-11,
80936,2849,NOMINAL,PL 2000/2025 - 1º TURNO,155079,SIM,2025-11-11,
80937,2849,NOMINAL,PL 2000/2025 - 1º TURNO,155079,SIM,2025-11-11,
80938,2849,NOMINAL,PL 2000/2025 - 1º TURNO,155079,SIM,2025-11-11,
80939,2849,NOMINAL,PL 2000/2025 - 1º TURNO,155079,SIM,2025-11-11,
80940,2849,NOMINAL,PL 2000/2025 - 1º TURNO,155079,SIM,2025-11-11,
80941,2849,NOMINAL,PL 2000/2025 - 1º TURNO,155079,SIM,2025-11-11,
80942,2849,NOMINAL,PL 2000/2025 - 1º TURNO,155079,SIM,2025-11-11,
80943,2849,NOMINAL,PL 2000/2025 - 1º TURNO,155079,SIM,2025-11-11,
80944,2849,NOMINAL,PL 2000/2025 - 1º TURNO,155079,SIM,2025-11-11,
80945,2849,NOMINAL,PL 2000/2025 - 1º TURNO,155079,SIM,2025-11-11,
80946,2850,NOMINAL,PL 2000/2025 - 2º TURNO,155079,SIM,2025-11-11,
80947,2850,NOMINAL,PL 2000/2025 - 2º TURNO,155079,SIM,2025-11-11,
80948,2850,NOMINAL,PL 2000/2025 - 2º TURNO,155079,SIM,2025-11-11,
80949,2850,NOMINAL,PL 2000/2025 - 2º TURNO,155079,SIM,2025-11-11,
80950,2850,NOMINAL,PL 2000/2025 - 2º TURNO,155079,SIM,2025-11-11,
80951,2850,NOMINAL,PL 2000/2025 - 2º TURNO,155079,SIM,2025-11-11,
80952,2850,NOMINAL,PL 2000/2025 - 2º TURNO,155079,SIM,2025-11-11,
80953,2850,NOMINAL,PL 2000/2025 - 2º TURNO,155079,SIM,2025-11-11,
80954,2850,NOMINAL,PL 2000/2025 - 2º TURNO,155079,SIM,2025-11-11,
80955,2850,NOMINAL,PL 2000/2025 - 2º TURNO,155079,SIM,2025-11-11,
80956,2850,NOMINAL,PL 2000/2025 - 2º TURNO,155079,SIM,2025-11-11,
80957,2850,NOMINAL,PL 2000/2025 - 2º TURNO,155079,SIM,2025-11-11,
80958,2850,NOMINAL,PL 2000/2025 - 2º TURNO,155079,SIM,2025-11-11,
80959,2850,NOMINAL,PL 2000/2025 - 2º TURNO,155079,SIM,2025-11-11,
80960,2850,NOMINAL,PL 2000/2025 - 2º TURNO,155079,SIM,2025-11-11,
80961,2850,NOMINAL,PL 2000/2025 - 2º TURNO,155079,SIM,2025-11-11,
80962,2850,NOMINAL,PL 2000/2025 - 2º TURNO,155079,SIM,2025-11-11,
80963,2851,NOMINAL,PLC 86/2025 - 1º TURNO,155047,SIM,2025-11-11,
80964,2851,NOMINAL,PLC 86/2025 - 1º TURNO,155047,SIM,2025-11-11,
80965,2851,NOMINAL,PLC 86/2025 - 1º TURNO,155047,SIM,2025-11-11,
80966,2851,NOMINAL,PLC 86/2025 - 1º TURNO,155047,ABSTENCAO,2025-11-11,
80967,2851,NOMINAL,PLC 86/2025 - 1º TURNO,155047,ABSTENCAO,2025-11-11,
80968,2851,NOMINAL,PLC 86/2025 - 1º TURNO,155047,SIM,2025-11-11,
80969,2851,NOMINAL,PLC 86/2025 - 1º TURNO,155047,SIM,2025-11-11,
80970,2851,NOMINAL,PLC 86/2025 - 1º TURNO,155047,SIM,2025-11-11,
80971,2851,NOMINAL,PLC 86/2025 - 1º TURNO,155047,SIM,2025-11-11,
80972,2851,NOMINAL,PLC 86/2025 - 1º TURNO,155047,SIM,2025-11-11,
80973,2851,NOMINAL,PLC 86/2025 - 1º TURNO,155047,SIM,2025-11-11,
80974,2851,NOMINAL,PLC 86/2025 - 1º TURNO,155047,ABSTENCAO,2025-11-11,
80975,2851,NOMINAL,PLC 86/2025 - 1º TURNO,155047,SIM,2025-11-11,
80976,2851,NOMINAL,PLC 86/2025 - 1º TURNO,155047,SIM,2025-11-11,
80977,2851,NOMINAL,PLC 86/2025 - 1º TURNO,155047,SIM,2025-11-11,
80978,2851,NOMINAL,PLC 86/2025 - 1º TURNO,155047,SIM,2025-11-11,
80979,2851,NOMINAL,PLC 86/2025 - 1º TURNO,155047,SIM,2025-11-11,
80980,2851,NOMINAL,PLC 86/2025 - 1º TURNO,155047,SIM,2025-11-11,
80981,2851,NOMINAL,PLC 86/2025 - 1º TURNO,155047,SIM,2025-11-11,
80982,2851,NOMINAL,PLC 86/2025 - 1º TURNO,155047,SIM,2025-11-11,
80983,2853,NOMINAL,PLC 86/2025 - 2º TURNO,155047,SIM,2025-11-11,
80984,2853,NOMINAL,PLC 86/2025 - 2º TURNO,155047,SIM,2025-11-11,
80985,2853,NOMINAL,PLC 86/2025 - 2º TURNO,155047,SIM,2025-11-11,
80986,2853,NOMINAL,PLC 86/2025 - 2º TURNO,155047,ABSTENCAO,2025-11-11,
80987,2853,NOMINAL,PLC 86/2025 - 2º TURNO,155047,ABSTENCAO,2025-11-11,
80988,2853,NOMINAL,PLC 86/2025 - 2º TURNO,155047,SIM,2025-11-11,
80989,2853,NOMINAL,PLC 86/2025 - 2º TURNO,155047,SIM,2025-11-11,
80990,2853,NOMINAL,PLC 86/2025 - 2º TURNO,155047,SIM,2025-11-11,
80991,2853,NOMINAL,PLC 86/2025 - 2º TURNO,155047,SIM,2025-11-11,
80992,2853,NOMINAL,PLC 86/2025 - 2º TURNO,155047,SIM,2025-11-11,
80993,2853,NOMINAL,PLC 86/2025 - 2º TURNO,155047,SIM,2025-11-11,
80994,2853,NOMINAL,PLC 86/2025 - 2º TURNO,155047,ABSTENCAO,2025-11-11,
80995,2853,NOMINAL,PLC 86/2025 - 2º TURNO,155047,SIM,2025-11-11,
80996,2853,NOMINAL,PLC 86/2025 - 2º TURNO,155047,SIM,2025-11-11,
80997,2853,NOMINAL,PLC 86/2025 - 2º TURNO,155047,SIM,2025-11-11,
80998,2853,NOMINAL,PLC 86/2025 - 2º TURNO,155047,SIM,2025-11-11,
80999,2853,NOMINAL,PLC 86/2025 - 2º TURNO,155047,SIM,2025-11-11,
81000,2853,NOMINAL,PLC 86/2025 - 2º TURNO,155047,SIM,2025-11-11,
81001,2853,NOMINAL,PLC 86/2025 - 2º TURNO,155047,SIM,2025-11-11,
81002,2853,NOMINAL,PLC 86/2025 - 2º TURNO,155047,SIM,2025-11-11,
81003,2857,NOMINAL,"PL 1962/2025 - PARECER CAS, CDDHCLP, CEOF E CCJ",154677,SIM,2025-12-02,
81004,2857,NOMINAL,"PL 1962/2025 - PARECER CAS, CDDHCLP, CEOF E CCJ",154677,SIM,2025-12-02,
81005,2857,NOMINAL,"PL 1962/2025 - PARECER CAS, CDDHCLP, CEOF E CCJ",154677,SIM,2025-12-02,
81006,2857,NOMINAL,"PL 1962/2025 - PARECER CAS, CDDHCLP, CEOF E CCJ",154677,SIM,2025-12-02,
81007,2857,NOMINAL,"PL 1962/2025 - PARECER CAS, CDDHCLP, CEOF E CCJ",154677,SIM,2025-12-02,
81008,2857,NOMINAL,"PL 1962/2025 - PARECER CAS, CDDHCLP, CEOF E CCJ",154677,SIM,2025-12-02,
81009,2857,NOMINAL,"PL 1962/2025 - PARECER CAS, CDDHCLP, CEOF E CCJ",154677,NAO,2025-12-02,
81010,2857,NOMINAL,"PL 1962/2025 - PARECER CAS, CDDHCLP, CEOF E CCJ",154677,SIM,2025-12-02,
81011,2857,NOMINAL,"PL 1962/2025 - PARECER CAS, CDDHCLP, CEOF E CCJ",154677,SIM,2025-12-02,
81012,2857,NOMINAL,"PL 1962/2025 - PARECER CAS, CDDHCLP, CEOF E CCJ",154677,SIM,2025-12-02,
81013,2857,NOMINAL,"PL 1962/2025 - PARECER CAS, CDDHCLP, CEOF E CCJ",154677,NAO,2025-12-02,
81014,2857,NOMINAL,"PL 1962/2025 - PARECER CAS, CDDHCLP, CEOF E CCJ",154677,SIM,2025-12-02,
81015,2857,NOMINAL,"PL 1962/2025 - PARECER CAS, CDDHCLP, CEOF E CCJ",154677,NAO,2025-12-02,
81016,2857,NOMINAL,"PL 1962/2025 - PARECER CAS, CDDHCLP, CEOF E CCJ",154677,SIM,2025-12-02,
81017,2857,NOMINAL,"PL 1962/2025 - PARECER CAS, CDDHCLP, CEOF E CCJ",154677,SIM,2025-12-02,
81018,2857,NOMINAL,"PL 1962/2025 - PARECER CAS, CDDHCLP, CEOF E CCJ",154677,SIM,2025-12-02,
81019,2863,NOMINAL,BLOCO DE PDLS DE 11/11/2025 - TURNO ÚNICO,,SIM,2025-11-11,
81020,2863,NOMINAL,BLOCO DE PDLS DE 11/11/2025 - TURNO ÚNICO,,SIM,2025-11-11,
81021,2863,NOMINAL,BLOCO DE PDLS DE 11/11/2025 - TURNO ÚNICO,,SIM,2025-11-11,
81022,2863,NOMINAL,BLOCO DE PDLS DE 11/11/2025 - TURNO ÚNICO,,SIM,2025-11-11,
81023,2863,NOMINAL,BLOCO DE PDLS DE 11/11/2025 - TURNO ÚNICO,,SIM,2025-11-11,
81024,2863,NOMINAL,BLOCO DE PDLS DE 11/11/2025 - TURNO ÚNICO,,SIM,2025-11-11,
81025,2863,NOMINAL,BLOCO DE PDLS DE 11/11/2025 - TURNO ÚNICO,,SIM,2025-11-11,
81026,2863,NOMINAL,BLOCO DE PDLS DE 11/11/2025 - TURNO ÚNICO,,SIM,2025-11-11,
81027,2863,NOMINAL,BLOCO DE PDLS DE 11/11/2025 - TURNO ÚNICO,,SIM,2025-11-11,
81028,2863,NOMINAL,BLOCO DE PDLS DE 11/11/2025 - TURNO ÚNICO,,SIM,2025-11-11,
81029,2863,NOMINAL,BLOCO DE PDLS DE 11/11/2025 - TURNO ÚNICO,,SIM,2025-11-11,
81030,2863,NOMINAL,BLOCO DE PDLS DE 11/11/2025 - TURNO ÚNICO,,SIM,2025-11-11,
81031,2863,NOMINAL,BLOCO DE PDLS DE 11/11/2025 - TURNO ÚNICO,,SIM,2025-11-11,
81032,2863,NOMINAL,BLOCO DE PDLS DE 11/11/2025 - TURNO ÚNICO,,SIM,2025-11-11,
81033,2863,NOMINAL,BLOCO DE PDLS DE 11/11/2025 - TURNO ÚNICO,,SIM,2025-11-11,
81034,2863,NOMINAL,BLOCO DE PDLS DE 11/11/2025 - TURNO ÚNICO,,SIM,2025-11-11,
81035,2863,NOMINAL,BLOCO DE PDLS DE 11/11/2025 - TURNO ÚNICO,,SIM,2025-11-11,
81036,2863,NOMINAL,BLOCO DE PDLS DE 11/11/2025 - TURNO ÚNICO,,SIM,2025-11-11,
81037,2872,NOMINAL,PDL 316/2025 - TURNO ÚNICO,152309,SIM,2025-11-11,
81038,2872,NOMINAL,PDL 316/2025 - TURNO ÚNICO,152309,SIM,2025-11-11,
81039,2872,NOMINAL,PDL 316/2025 - TURNO ÚNICO,152309,NAO,2025-11-11,
81040,2872,NOMINAL,PDL 316/2025 - TURNO ÚNICO,152309,NAO,2025-11-11,
81041,2872,NOMINAL,PDL 316/2025 - TURNO ÚNICO,152309,SIM,2025-11-11,
81042,2872,NOMINAL,PDL 316/2025 - TURNO ÚNICO,152309,SIM,2025-11-11,
81043,2872,NOMINAL,PDL 316/2025 - TURNO ÚNICO,152309,SIM,2025-11-11,
81044,2872,NOMINAL,PDL 316/2025 - TURNO ÚNICO,152309,SIM,2025-11-11,
81045,2872,NOMINAL,PDL 316/2025 - TURNO ÚNICO,152309,SIM,2025-11-11,
81046,2872,NOMINAL,PDL 316/2025 - TURNO ÚNICO,152309,SIM,2025-11-11,
81047,2872,NOMINAL,PDL 316/2025 - TURNO ÚNICO,152309,ABSTENCAO,2025-11-11,
81048,2872,NOMINAL,PDL 316/2025 - TURNO ÚNICO,152309,SIM,2025-11-11,
81049,2872,NOMINAL,PDL 316/2025 - TURNO ÚNICO,152309,SIM,2025-11-11,
81050,2872,NOMINAL,PDL 316/2025 - TURNO ÚNICO,152309,SIM,2025-11-11,
81051,2872,NOMINAL,PDL 316/2025 - TURNO ÚNICO,152309,SIM,2025-11-11,
81052,2872,NOMINAL,PDL 316/2025 - TURNO ÚNICO,152309,SIM,2025-11-11,
81053,2872,NOMINAL,PDL 316/2025 - TURNO ÚNICO,152309,SIM,2025-11-11,
81054,2872,NOMINAL,PDL 316/2025 - TURNO ÚNICO,152309,SIM,2025-11-11,
81055,2872,NOMINAL,PDL 316/2025 - TURNO ÚNICO,152309,SIM,2025-11-11,
81056,2873,NOMINAL,PDL 176/2025 - TURNO ÚNICO,,SIM,2025-11-11,
81057,2873,NOMINAL,PDL 176/2025 - TURNO ÚNICO,,SIM,2025-11-11,
81058,2873,NOMINAL,PDL 176/2025 - TURNO ÚNICO,,SIM,2025-11-11,
81059,2873,NOMINAL,PDL 176/2025 - TURNO ÚNICO,,SIM,2025-11-11,
81060,2873,NOMINAL,PDL 176/2025 - TURNO ÚNICO,,SIM,2025-11-11,
81061,2873,NOMINAL,PDL 176/2025 - TURNO ÚNICO,,SIM,2025-11-11,
81062,2873,NOMINAL,PDL 176/2025 - TURNO ÚNICO,,SIM,2025-11-11,
81063,2873,NOMINAL,PDL 176/2025 - TURNO ÚNICO,,SIM,2025-11-11,
81064,2873,NOMINAL,PDL 176/2025 - TURNO ÚNICO,,SIM,2025-11-11,
81065,2873,NOMINAL,PDL 176/2025 - TURNO ÚNICO,,ABSTENCAO,2025-11-11,
81066,2873,NOMINAL,PDL 176/2025 - TURNO ÚNICO,,SIM,2025-11-11,
81067,2873,NOMINAL,PDL 176/2025 - TURNO ÚNICO,,SIM,2025-11-11,
81068,2873,NOMINAL,PDL 176/2025 - TURNO ÚNICO,,SIM,2025-11-11,
81069,2873,NOMINAL,PDL 176/2025 - TURNO ÚNICO,,SIM,2025-11-11,
81070,2873,NOMINAL,PDL 176/2025 - TURNO ÚNICO,,ABSTENCAO,2025-11-11,
81071,2873,NOMINAL,PDL 176/2025 - TURNO ÚNICO,,SIM,2025-11-11,
81072,2882,NOMINAL,PDL 394/2025 - TURNO ÚNICO,155584,SIM,2025-12-03,
81073,2882,NOMINAL,PDL 394/2025 - TURNO ÚNICO,155584,SIM,2025-12-03,
81074,2882,NOMINAL,PDL 394/2025 - TURNO ÚNICO,155584,SIM,2025-12-03,
81075,2882,NOMINAL,PDL 394/2025 - TURNO ÚNICO,155584,SIM,2025-12-03,
81076,2882,NOMINAL,PDL 394/2025 - TURNO ÚNICO,155584,SIM,2025-12-03,
81077,2882,NOMINAL,PDL 394/2025 - TURNO ÚNICO,155584,SIM,2025-12-03,
81078,2882,NOMINAL,PDL 394/2025 - TURNO ÚNICO,155584,SIM,2025-12-03,
81079,2882,NOMINAL,PDL 394/2025 - TURNO ÚNICO,155584,SIM,2025-12-03,
81080,2882,NOMINAL,PDL 394/2025 - TURNO ÚNICO,155584,SIM,2025-12-03,
81081,2882,NOMINAL,PDL 394/2025 - TURNO ÚNICO,155584,SIM,2025-12-03,
81082,2882,NOMINAL,PDL 394/2025 - TURNO ÚNICO,155584,SIM,2025-12-03,
81083,2882,NOMINAL,PDL 394/2025 - TURNO ÚNICO,155584,SIM,2025-12-03,
81084,2882,NOMINAL,PDL 394/2025 - TURNO ÚNICO,155584,SIM,2025-12-03,
81085,2882,NOMINAL,PDL 394/2025 - TURNO ÚNICO,155584,SIM,2025-12-03,
81086,2882,NOMINAL,PDL 394/2025 - TURNO ÚNICO,155584,SIM,2025-12-03,
81087,2882,NOMINAL,PDL 394/2025 - TURNO ÚNICO,155584,SIM,2025-12-03,
81088,2882,NOMINAL,PDL 394/2025 - TURNO ÚNICO,155584,SIM,2025-12-03,
81089,2891,NOMINAL,PLC 89/2025 - 1º TURNO,155502,SIM,2025-11-26,
81090,2891,NOMINAL,PLC 89/2025 - 1º TURNO,155502,SIM,2025-11-26,
81091,2891,NOMINAL,PLC 89/2025 - 1º TURNO,155502,SIM,2025-11-26,
81092,2891,NOMINAL,PLC 89/2025 - 1º TURNO,155502,SIM,2025-11-26,
81093,2891,NOMINAL,PLC 89/2025 - 1º TURNO,155502,SIM,2025-11-26,
81094,2891,NOMINAL,PLC 89/2025 - 1º TURNO,155502,SIM,2025-11-26,
81095,2891,NOMINAL,PLC 89/2025 - 1º TURNO,155502,SIM,2025-11-26,
81096,2891,NOMINAL,PLC 89/2025 - 1º TURNO,155502,SIM,2025-11-26,
81097,2891,NOMINAL,PLC 89/2025 - 1º TURNO,155502,SIM,2025-11-26,
81098,2891,NOMINAL,PLC 89/2025 - 1º TURNO,155502,SIM,2025-11-26,
81099,2891,NOMINAL,PLC 89/2025 - 1º TURNO,155502,SIM,2025-11-26,
81100,2891,NOMINAL,PLC 89/2025 - 1º TURNO,155502,SIM,2025-11-26,
81101,2891,NOMINAL,PLC 89/2025 - 1º TURNO,155502,SIM,2025-11-26,
81102,2891,NOMINAL,PLC 89/2025 - 1º TURNO,155502,SIM,2025-11-26,
81103,2891,NOMINAL,PLC 89/2025 - 1º TURNO,155502,SIM,2025-11-26,
81104,2892,NOMINAL,PLC 89/2025 - 2º TURNO,155502,SIM,2025-11-26,
81105,2892,NOMINAL,PLC 89/2025 - 2º TURNO,155502,SIM,2025-11-26,
81106,2892,NOMINAL,PLC 89/2025 - 2º TURNO,155502,SIM,2025-11-26,
81107,2892,NOMINAL,PLC 89/2025 - 2º TURNO,155502,SIM,2025-11-26,
81108,2892,NOMINAL,PLC 89/2025 - 2º TURNO,155502,SIM,2025-11-26,
81109,2892,NOMINAL,PLC 89/2025 - 2º TURNO,155502,SIM,2025-11-26,
81110,2892,NOMINAL,PLC 89/2025 - 2º TURNO,155502,SIM,2025-11-26,
81111,2892,NOMINAL,PLC 89/2025 - 2º TURNO,155502,SIM,2025-11-26,
81112,2892,NOMINAL,PLC 89/2025 - 2º TURNO,155502,SIM,2025-11-26,
81113,2892,NOMINAL,PLC 89/2025 - 2º TURNO,155502,SIM,2025-11-26,
81114,2892,NOMINAL,PLC 89/2025 - 2º TURNO,155502,SIM,2025-11-26,
81115,2892,NOMINAL,PLC 89/2025 - 2º TURNO,155502,SIM,2025-11-26,
81116,2892,NOMINAL,PLC 89/2025 - 2º TURNO,155502,SIM,2025-11-26,
81117,2894,NOMINAL,PLC 78/2025 - 1º TURNO,153672,SIM,2025-11-25,
81118,2894,NOMINAL,PLC 78/2025 - 1º TURNO,153672,SIM,2025-11-25,
81119,2894,NOMINAL,PLC 78/2025 - 1º TURNO,153672,SIM,2025-11-25,
81120,2894,NOMINAL,PLC 78/2025 - 1º TURNO,153672,NAO,2025-11-25,
81121,2894,NOMINAL,PLC 78/2025 - 1º TURNO,153672,SIM,2025-11-25,
81122,2894,NOMINAL,PLC 78/2025 - 1º TURNO,153672,SIM,2025-11-25,
81123,2894,NOMINAL,PLC 78/2025 - 1º TURNO,153672,SIM,2025-11-25,
81124,2894,NOMINAL,PLC 78/2025 - 1º TURNO,153672,SIM,2025-11-25,
81125,2894,NOMINAL,PLC 78/2025 - 1º TURNO,153672,SIM,2025-11-25,
81126,2894,NOMINAL,PLC 78/2025 - 1º TURNO,153672,SIM,2025-11-25,
81127,2894,NOMINAL,PLC 78/2025 - 1º TURNO,153672,SIM,2025-11-25,
81128,2894,NOMINAL,PLC 78/2025 - 1º TURNO,153672,SIM,2025-11-25,
81129,2894,NOMINAL,PLC 78/2025 - 1º TURNO,153672,SIM,2025-11-25,
81130,2894,NOMINAL,PLC 78/2025 - 1º TURNO,153672,SIM,2025-11-25,
81131,2894,NOMINAL,PLC 78/2025 - 1º TURNO,153672,SIM,2025-11-25,
81132,2894,NOMINAL,PLC 78/2025 - 1º TURNO,153672,SIM,2025-11-25,
81133,2894,NOMINAL,PLC 78/2025 - 1º TURNO,153672,SIM,2025-11-25,
81134,2894,NOMINAL,PLC 78/2025 - 1º TURNO,153672,SIM,2025-11-25,
81135,2894,NOMINAL,PLC 78/2025 - 1º TURNO,153672,SIM,2025-11-25,
81136,2895,NOMINAL,PLC 78/2025 - 2º TURNO,153672,SIM,2025-11-25,
81137,2895,NOMINAL,PLC 78/2025 - 2º TURNO,153672,SIM,2025-11-25,
81138,2895,NOMINAL,PLC 78/2025 - 2º TURNO,153672,SIM,2025-11-25,
81139,2895,NOMINAL,PLC 78/2025 - 2º TURNO,153672,SIM,2025-11-25,
81140,2895,NOMINAL,PLC 78/2025 - 2º TURNO,153672,NAO,2025-11-25,
81141,2895,NOMINAL,PLC 78/2025 - 2º TURNO,153672,SIM,2025-11-25,
81142,2895,NOMINAL,PLC 78/2025 - 2º TURNO,153672,SIM,2025-11-25,
81143,2895,NOMINAL,PLC 78/2025 - 2º TURNO,153672,SIM,2025-11-25,
81144,2895,NOMINAL,PLC 78/2025 - 2º TURNO,153672,SIM,2025-11-25,
81145,2895,NOMINAL,PLC 78/2025 - 2º TURNO,153672,SIM,2025-11-25,
81146,2895,NOMINAL,PLC 78/2025 - 2º TURNO,153672,SIM,2025-11-25,
81147,2895,NOMINAL,PLC 78/2025 - 2º TURNO,153672,SIM,2025-11-25,
81148,2895,NOMINAL,PLC 78/2025 - 2º TURNO,153672,SIM,2025-11-25,
81149,2895,NOMINAL,PLC 78/2025 - 2º TURNO,153672,SIM,2025-11-25,
81150,2895,NOMINAL,PLC 78/2025 - 2º TURNO,153672,SIM,2025-11-25,
81151,2895,NOMINAL,PLC 78/2025 - 2º TURNO,153672,SIM,2025-11-25,
81152,2895,NOMINAL,PLC 78/2025 - 2º TURNO,153672,SIM,2025-11-25,
81153,2895,NOMINAL,PLC 78/2025 - 2º TURNO,153672,SIM,2025-11-25,
81154,2895,NOMINAL,PLC 78/2025 - 2º TURNO,153672,SIM,2025-11-25,
81155,2895,NOMINAL,PLC 78/2025 - 2º TURNO,153672,SIM,2025-11-25,
81156,2897,NOMINAL,PDL 393/2025 - TURNO ÚNICO,155583,NAO,2025-11-25,
81157,2897,NOMINAL,PDL 393/2025 - TURNO ÚNICO,155583,SIM,2025-11-25,
81158,2897,NOMINAL,PDL 393/2025 - TURNO ÚNICO,155583,NAO,2025-11-25,
81159,2897,NOMINAL,PDL 393/2025 - TURNO ÚNICO,155583,SIM,2025-11-25,
81160,2897,NOMINAL,PDL 393/2025 - TURNO ÚNICO,155583,SIM,2025-11-25,
81161,2897,NOMINAL,PDL 393/2025 - TURNO ÚNICO,155583,NAO,2025-11-25,
81162,2897,NOMINAL,PDL 393/2025 - TURNO ÚNICO,155583,NAO,2025-11-25,
81163,2897,NOMINAL,PDL 393/2025 - TURNO ÚNICO,155583,SIM,2025-11-25,
81164,2897,NOMINAL,PDL 393/2025 - TURNO ÚNICO,155583,SIM,2025-11-25,
81165,2897,NOMINAL,PDL 393/2025 - TURNO ÚNICO,155583,SIM,2025-11-25,
81166,2897,NOMINAL,PDL 393/2025 - TURNO ÚNICO,155583,SIM,2025-11-25,
81167,2897,NOMINAL,PDL 393/2025 - TURNO ÚNICO,155583,SIM,2025-11-25,
81168,2897,NOMINAL,PDL 393/2025 - TURNO ÚNICO,155583,SIM,2025-11-25,
81169,2897,NOMINAL,PDL 393/2025 - TURNO ÚNICO,155583,SIM,2025-11-25,
81170,2897,NOMINAL,PDL 393/2025 - TURNO ÚNICO,155583,NAO,2025-11-25,
81171,2897,NOMINAL,PDL 393/2025 - TURNO ÚNICO,155583,SIM,2025-11-25,
81172,2897,NOMINAL,PDL 393/2025 - TURNO ÚNICO,155583,SIM,2025-11-25,
81173,2897,NOMINAL,PDL 393/2025 - TURNO ÚNICO,155583,NAO,2025-11-25,
81174,2897,NOMINAL,PDL 393/2025 - TURNO ÚNICO,155583,SIM,2025-11-25,
81175,2897,NOMINAL,PDL 393/2025 - TURNO ÚNICO,155583,SIM,2025-11-25,
81176,2897,NOMINAL,PDL 393/2025 - TURNO ÚNICO,155583,SIM,2025-11-25,
81177,2897,NOMINAL,PDL 393/2025 - TURNO ÚNICO,155583,SIM,2025-11-25,
81178,2898,NOMINAL,PLC 90/2025 - 1º TURNO,155518,SIM,2025-12-09,
81179,2898,NOMINAL,PLC 90/2025 - 1º TURNO,155518,SIM,2025-12-09,
81180,2898,NOMINAL,PLC 90/2025 - 1º TURNO,155518,SIM,2025-12-09,
81181,2898,NOMINAL,PLC 90/2025 - 1º TURNO,155518,SIM,2025-12-09,
81182,2898,NOMINAL,PLC 90/2025 - 1º TURNO,155518,SIM,2025-12-09,
81183,2898,NOMINAL,PLC 90/2025 - 1º TURNO,155518,SIM,2025-12-09,
81184,2898,NOMINAL,PLC 90/2025 - 1º TURNO,155518,SIM,2025-12-09,
81185,2898,NOMINAL,PLC 90/2025 - 1º TURNO,155518,SIM,2025-12-09,
81186,2898,NOMINAL,PLC 90/2025 - 1º TURNO,155518,SIM,2025-12-09,
81187,2898,NOMINAL,PLC 90/2025 - 1º TURNO,155518,SIM,2025-12-09,
81188,2898,NOMINAL,PLC 90/2025 - 1º TURNO,155518,SIM,2025-12-09,
81189,2898,NOMINAL,PLC 90/2025 - 1º TURNO,155518,SIM,2025-12-09,
81190,2898,NOMINAL,PLC 90/2025 - 1º TURNO,155518,SIM,2025-12-09,
81191,2898,NOMINAL,PLC 90/2025 - 1º TURNO,155518,SIM,2025-12-09,
81192,2898,NOMINAL,PLC 90/2025 - 1º TURNO,155518,SIM,2025-12-09,
81193,2898,NOMINAL,PLC 90/2025 - 1º TURNO,155518,SIM,2025-12-09,
81194,2898,NOMINAL,PLC 90/2025 - 1º TURNO,155518,SIM,2025-12-09,
81195,2898,NOMINAL,PLC 90/2025 - 1º TURNO,155518,SIM,2025-12-09,
81196,2898,NOMINAL,PLC 90/2025 - 1º TURNO,155518,SIM,2025-12-09,
81197,2898,NOMINAL,PLC 90/2025 - 1º TURNO,155518,SIM,2025-12-09,
81198,2898,NOMINAL,PLC 90/2025 - 1º TURNO,155518,SIM,2025-12-09,
81199,2899,NOMINAL,PLC 90/2025 - 2º TURNO,155518,SIM,2025-12-09,
81200,2899,NOMINAL,PLC 90/2025 - 2º TURNO,155518,SIM,2025-12-09,
81201,2899,NOMINAL,PLC 90/2025 - 2º TURNO,155518,SIM,2025-12-09,
81202,2899,NOMINAL,PLC 90/2025 - 2º TURNO,155518,SIM,2025-12-09,
81203,2899,NOMINAL,PLC 90/2025 - 2º TURNO,155518,SIM,2025-12-09,
81204,2899,NOMINAL,PLC 90/2025 - 2º TURNO,155518,SIM,2025-12-09,
81205,2899,NOMINAL,PLC 90/2025 - 2º TURNO,155518,SIM,2025-12-09,
81206,2899,NOMINAL,PLC 90/2025 - 2º TURNO,155518,SIM,2025-12-09,
81207,2899,NOMINAL,PLC 90/2025 - 2º TURNO,155518,SIM,2025-12-09,
81208,2899,NOMINAL,PLC 90/2025 - 2º TURNO,155518,SIM,2025-12-09,
81209,2899,NOMINAL,PLC 90/2025 - 2º TURNO,155518,SIM,2025-12-09,
81210,2899,NOMINAL,PLC 90/2025 - 2º TURNO,155518,SIM,2025-12-09,
81211,2899,NOMINAL,PLC 90/2025 - 2º TURNO,155518,SIM,2025-12-09,
81212,2899,NOMINAL,PLC 90/2025 - 2º TURNO,155518,SIM,2025-12-09,
81213,2899,NOMINAL,PLC 90/2025 - 2º TURNO,155518,SIM,2025-12-09,
81214,2899,NOMINAL,PLC 90/2025 - 2º TURNO,155518,SIM,2025-12-09,
81215,2899,NOMINAL,PLC 90/2025 - 2º TURNO,155518,SIM,2025-12-09,
81216,2899,NOMINAL,PLC 90/2025 - 2º TURNO,155518,SIM,2025-12-09,
81217,2899,NOMINAL,PLC 90/2025 - 2º TURNO,155518,SIM,2025-12-09,
81218,2899,NOMINAL,PLC 90/2025 - 2º TURNO,155518,SIM,2025-12-09,
81219,2899,NOMINAL,PLC 90/2025 - 2º TURNO,155518,SIM,2025-12-09,
81220,2899,NOMINAL,PLC 90/2025 - 2º TURNO,155518,SIM,2025-12-09,
81221,2904,NOMINAL,PL 2057/2025 - 1º TURNO,155519,SIM,2025-11-26,
81222,2904,NOMINAL,PL 2057/2025 - 1º TURNO,155519,SIM,2025-11-26,
81223,2904,NOMINAL,PL 2057/2025 - 1º TURNO,155519,SIM,2025-11-26,
81224,2904,NOMINAL,PL 2057/2025 - 1º TURNO,155519,SIM,2025-11-26,
81225,2904,NOMINAL,PL 2057/2025 - 1º TURNO,155519,SIM,2025-11-26,
81226,2904,NOMINAL,PL 2057/2025 - 1º TURNO,155519,SIM,2025-11-26,
81227,2904,NOMINAL,PL 2057/2025 - 1º TURNO,155519,SIM,2025-11-26,
81228,2904,NOMINAL,PL 2057/2025 - 1º TURNO,155519,SIM,2025-11-26,
81229,2904,NOMINAL,PL 2057/2025 - 1º TURNO,155519,SIM,2025-11-26,
81230,2904,NOMINAL,PL 2057/2025 - 1º TURNO,155519,SIM,2025-11-26,
81231,2904,NOMINAL,PL 2057/2025 - 1º TURNO,155519,SIM,2025-11-26,
81232,2904,NOMINAL,PL 2057/2025 - 1º TURNO,155519,SIM,2025-11-26,
81233,2904,NOMINAL,PL 2057/2025 - 1º TURNO,155519,SIM,2025-11-26,
81234,2904,NOMINAL,PL 2057/2025 - 1º TURNO,155519,SIM,2025-11-26,
81235,2904,NOMINAL,PL 2057/2025 - 1º TURNO,155519,SIM,2025-11-26,
81236,2904,NOMINAL,PL 2057/2025 - 1º TURNO,155519,SIM,2025-11-26,
81237,2904,NOMINAL,PL 2057/2025 - 1º TURNO,155519,SIM,2025-11-26,
81238,2905,NOMINAL,PL 2057/2025 - 2º TURNO,155519,SIM,2025-12-02,
81239,2905,NOMINAL,PL 2057/2025 - 2º TURNO,155519,SIM,2025-12-02,
81240,2905,NOMINAL,PL 2057/2025 - 2º TURNO,155519,SIM,2025-12-02,
81241,2905,NOMINAL,PL 2057/2025 - 2º TURNO,155519,SIM,2025-12-02,
81242,2905,NOMINAL,PL 2057/2025 - 2º TURNO,155519,SIM,2025-12-02,
81243,2905,NOMINAL,PL 2057/2025 - 2º TURNO,155519,SIM,2025-12-02,
81244,2905,NOMINAL,PL 2057/2025 - 2º TURNO,155519,SIM,2025-12-02,
81245,2905,NOMINAL,PL 2057/2025 - 2º TURNO,155519,SIM,2025-12-02,
81246,2905,NOMINAL,PL 2057/2025 - 2º TURNO,155519,SIM,2025-12-02,
81247,2905,NOMINAL,PL 2057/2025 - 2º TURNO,155519,SIM,2025-12-02,
81248,2905,NOMINAL,PL 2057/2025 - 2º TURNO,155519,SIM,2025-12-02,
81249,2905,NOMINAL,PL 2057/2025 - 2º TURNO,155519,SIM,2025-12-02,
81250,2905,NOMINAL,PL 2057/2025 - 2º TURNO,155519,SIM,2025-12-02,
81251,2905,NOMINAL,PL 2057/2025 - 2º TURNO,155519,SIM,2025-12-02,
81252,2905,NOMINAL,PL 2057/2025 - 2º TURNO,155519,SIM,2025-12-02,
81253,2905,NOMINAL,PL 2057/2025 - 2º TURNO,155519,SIM,2025-12-02,
81254,2905,NOMINAL,PL 2057/2025 - 2º TURNO,155519,SIM,2025-12-02,
81255,2926,NOMINAL,PR 76/2023 - 2º TURNO,,SIM,2025-11-25,
81256,2926,NOMINAL,PR 76/2023 - 2º TURNO,,SIM,2025-11-25,
81257,2926,NOMINAL,PR 76/2023 - 2º TURNO,,SIM,2025-11-25,
81258,2926,NOMINAL,PR 76/2023 - 2º TURNO,,SIM,2025-11-25,
81259,2926,NOMINAL,PR 76/2023 - 2º TURNO,,SIM,2025-11-25,
81260,2926,NOMINAL,PR 76/2023 - 2º TURNO,,SIM,2025-11-25,
81261,2926,NOMINAL,PR 76/2023 - 2º TURNO,,SIM,2025-11-25,
81262,2926,NOMINAL,PR 76/2023 - 2º TURNO,,SIM,2025-11-25,
81263,2926,NOMINAL,PR 76/2023 - 2º TURNO,,SIM,2025-11-25,
81264,2926,NOMINAL,PR 76/2023 - 2º TURNO,,SIM,2025-11-25,
81265,2926,NOMINAL,PR 76/2023 - 2º TURNO,,SIM,2025-11-25,
81266,2926,NOMINAL,PR 76/2023 - 2º TURNO,,SIM,2025-11-25,
81267,2926,NOMINAL,PR 76/2023 - 2º TURNO,,SIM,2025-11-25,
81268,2926,NOMINAL,PR 76/2023 - 2º TURNO,,SIM,2025-11-25,
81269,2926,NOMINAL,PR 76/2023 - 2º TURNO,,SIM,2025-11-25,
81270,2926,NOMINAL,PR 76/2023 - 2º TURNO,,SIM,2025-11-25,
81271,2927,NOMINAL,EMENDAS DESTACADAS PELO DEP. FÁBIO FÉLIX AO PLC 78/2025,153672,SIM,2025-11-25,
81272,2927,NOMINAL,EMENDAS DESTACADAS PELO DEP. FÁBIO FÉLIX AO PLC 78/2025,153672,NAO,2025-11-25,
81273,2927,NOMINAL,EMENDAS DESTACADAS PELO DEP. FÁBIO FÉLIX AO PLC 78/2025,153672,SIM,2025-11-25,
81274,2927,NOMINAL,EMENDAS DESTACADAS PELO DEP. FÁBIO FÉLIX AO PLC 78/2025,153672,NAO,2025-11-25,
81275,2927,NOMINAL,EMENDAS DESTACADAS PELO DEP. FÁBIO FÉLIX AO PLC 78/2025,153672,SIM,2025-11-25,
81276,2927,NOMINAL,EMENDAS DESTACADAS PELO DEP. FÁBIO FÉLIX AO PLC 78/2025,153672,SIM,2025-11-25,
81277,2927,NOMINAL,EMENDAS DESTACADAS PELO DEP. FÁBIO FÉLIX AO PLC 78/2025,153672,NAO,2025-11-25,
81278,2927,NOMINAL,EMENDAS DESTACADAS PELO DEP. FÁBIO FÉLIX AO PLC 78/2025,153672,NAO,2025-11-25,
81279,2927,NOMINAL,EMENDAS DESTACADAS PELO DEP. FÁBIO FÉLIX AO PLC 78/2025,153672,NAO,2025-11-25,
81280,2927,NOMINAL,EMENDAS DESTACADAS PELO DEP. FÁBIO FÉLIX AO PLC 78/2025,153672,NAO,2025-11-25,
81281,2927,NOMINAL,EMENDAS DESTACADAS PELO DEP. FÁBIO FÉLIX AO PLC 78/2025,153672,SIM,2025-11-25,
81282,2927,NOMINAL,EMENDAS DESTACADAS PELO DEP. FÁBIO FÉLIX AO PLC 78/2025,153672,NAO,2025-11-25,
81283,2927,NOMINAL,EMENDAS DESTACADAS PELO DEP. FÁBIO FÉLIX AO PLC 78/2025,153672,SIM,2025-11-25,
81284,2927,NOMINAL,EMENDAS DESTACADAS PELO DEP. FÁBIO FÉLIX AO PLC 78/2025,153672,NAO,2025-11-25,
81285,2927,NOMINAL,EMENDAS DESTACADAS PELO DEP. FÁBIO FÉLIX AO PLC 78/2025,153672,SIM,2025-11-25,
81286,2927,NOMINAL,EMENDAS DESTACADAS PELO DEP. FÁBIO FÉLIX AO PLC 78/2025,153672,NAO,2025-11-25,
81287,2927,NOMINAL,EMENDAS DESTACADAS PELO DEP. FÁBIO FÉLIX AO PLC 78/2025,153672,NAO,2025-11-25,
81288,2927,NOMINAL,EMENDAS DESTACADAS PELO DEP. FÁBIO FÉLIX AO PLC 78/2025,153672,NAO,2025-11-25,
81289,2927,NOMINAL,EMENDAS DESTACADAS PELO DEP. FÁBIO FÉLIX AO PLC 78/2025,153672,NAO,2025-11-25,
81290,2927,NOMINAL,EMENDAS DESTACADAS PELO DEP. FÁBIO FÉLIX AO PLC 78/2025,153672,NAO,2025-11-25,
81291,2929,NOMINAL,EMENDA DESTACADA Nº 339 AO PLC 78/2025,153672,SIM,2025-11-25,
81292,2929,NOMINAL,EMENDA DESTACADA Nº 339 AO PLC 78/2025,153672,SIM,2025-11-25,
81293,2929,NOMINAL,EMENDA DESTACADA Nº 339 AO PLC 78/2025,153672,SIM,2025-11-25,
81294,2929,NOMINAL,EMENDA DESTACADA Nº 339 AO PLC 78/2025,153672,SIM,2025-11-25,
81295,2929,NOMINAL,EMENDA DESTACADA Nº 339 AO PLC 78/2025,153672,SIM,2025-11-25,
81296,2929,NOMINAL,EMENDA DESTACADA Nº 339 AO PLC 78/2025,153672,SIM,2025-11-25,
81297,2929,NOMINAL,EMENDA DESTACADA Nº 339 AO PLC 78/2025,153672,SIM,2025-11-25,
81298,2929,NOMINAL,EMENDA DESTACADA Nº 339 AO PLC 78/2025,153672,SIM,2025-11-25,
81299,2929,NOMINAL,EMENDA DESTACADA Nº 339 AO PLC 78/2025,153672,SIM,2025-11-25,
81300,2929,NOMINAL,EMENDA DESTACADA Nº 339 AO PLC 78/2025,153672,SIM,2025-11-25,
81301,2929,NOMINAL,EMENDA DESTACADA Nº 339 AO PLC 78/2025,153672,SIM,2025-11-25,
81302,2929,NOMINAL,EMENDA DESTACADA Nº 339 AO PLC 78/2025,153672,SIM,2025-11-25,
81303,2929,NOMINAL,EMENDA DESTACADA Nº 339 AO PLC 78/2025,153672,SIM,2025-11-25,
81304,2929,NOMINAL,EMENDA DESTACADA Nº 339 AO PLC 78/2025,153672,SIM,2025-11-25,
81305,2929,NOMINAL,EMENDA DESTACADA Nº 339 AO PLC 78/2025,153672,SIM,2025-11-25,
81306,2929,NOMINAL,EMENDA DESTACADA Nº 339 AO PLC 78/2025,153672,SIM,2025-11-25,
81307,2929,NOMINAL,EMENDA DESTACADA Nº 339 AO PLC 78/2025,153672,SIM,2025-11-25,
81308,2929,NOMINAL,EMENDA DESTACADA Nº 339 AO PLC 78/2025,153672,SIM,2025-11-25,
81309,2929,NOMINAL,EMENDA DESTACADA Nº 339 AO PLC 78/2025,153672,SIM,2025-11-25,
81310,2929,NOMINAL,EMENDA DESTACADA Nº 339 AO PLC 78/2025,153672,SIM,2025-11-25,
81311,2929,NOMINAL,EMENDA DESTACADA Nº 339 AO PLC 78/2025,153672,SIM,2025-11-25,
81312,2930,NOMINAL,"EMENDAS DESTACADAS Nº 327, 328 E 332 AO PLC 78/2025",153672,SIM,2025-11-25,
81313,2930,NOMINAL,"EMENDAS DESTACADAS Nº 327, 328 E 332 AO PLC 78/2025",153672,NAO,2025-11-25,
81314,2930,NOMINAL,"EMENDAS DESTACADAS Nº 327, 328 E 332 AO PLC 78/2025",153672,SIM,2025-11-25,
81315,2930,NOMINAL,"EMENDAS DESTACADAS Nº 327, 328 E 332 AO PLC 78/2025",153672,SIM,2025-11-25,
81316,2930,NOMINAL,"EMENDAS DESTACADAS Nº 327, 328 E 332 AO PLC 78/2025",153672,SIM,2025-11-25,
81317,2930,NOMINAL,"EMENDAS DESTACADAS Nº 327, 328 E 332 AO PLC 78/2025",153672,NAO,2025-11-25,
81318,2930,NOMINAL,"EMENDAS DESTACADAS Nº 327, 328 E 332 AO PLC 78/2025",153672,NAO,2025-11-25,
81319,2930,NOMINAL,"EMENDAS DESTACADAS Nº 327, 328 E 332 AO PLC 78/2025",153672,SIM,2025-11-25,
81320,2930,NOMINAL,"EMENDAS DESTACADAS Nº 327, 328 E 332 AO PLC 78/2025",153672,NAO,2025-11-25,
81321,2930,NOMINAL,"EMENDAS DESTACADAS Nº 327, 328 E 332 AO PLC 78/2025",153672,NAO,2025-11-25,
81322,2930,NOMINAL,"EMENDAS DESTACADAS Nº 327, 328 E 332 AO PLC 78/2025",153672,NAO,2025-11-25,
81323,2930,NOMINAL,"EMENDAS DESTACADAS Nº 327, 328 E 332 AO PLC 78/2025",153672,SIM,2025-11-25,
81324,2930,NOMINAL,"EMENDAS DESTACADAS Nº 327, 328 E 332 AO PLC 78/2025",153672,NAO,2025-11-25,
81325,2930,NOMINAL,"EMENDAS DESTACADAS Nº 327, 328 E 332 AO PLC 78/2025",153672,SIM,2025-11-25,
81326,2930,NOMINAL,"EMENDAS DESTACADAS Nº 327, 328 E 332 AO PLC 78/2025",153672,NAO,2025-11-25,
81327,2930,NOMINAL,"EMENDAS DESTACADAS Nº 327, 328 E 332 AO PLC 78/2025",153672,SIM,2025-11-25,
81328,2930,NOMINAL,"EMENDAS DESTACADAS Nº 327, 328 E 332 AO PLC 78/2025",153672,NAO,2025-11-25,
81329,2930,NOMINAL,"EMENDAS DESTACADAS Nº 327, 328 E 332 AO PLC 78/2025",153672,NAO,2025-11-25,
81330,2930,NOMINAL,"EMENDAS DESTACADAS Nº 327, 328 E 332 AO PLC 78/2025",153672,NAO,2025-11-25,
81331,2930,NOMINAL,"EMENDAS DESTACADAS Nº 327, 328 E 332 AO PLC 78/2025",153672,NAO,2025-11-25,
81332,2930,NOMINAL,"EMENDAS DESTACADAS Nº 327, 328 E 332 AO PLC 78/2025",153672,NAO,2025-11-25,
81333,2931,NOMINAL,EMENDA DESTACADA Nº 317 AO PLC 78/2025,153672,SIM,2025-11-25,
81334,2931,NOMINAL,EMENDA DESTACADA Nº 317 AO PLC 78/2025,153672,NAO,2025-11-25,
81335,2931,NOMINAL,EMENDA DESTACADA Nº 317 AO PLC 78/2025,153672,SIM,2025-11-25,
81336,2931,NOMINAL,EMENDA DESTACADA Nº 317 AO PLC 78/2025,153672,NAO,2025-11-25,
81337,2931,NOMINAL,EMENDA DESTACADA Nº 317 AO PLC 78/2025,153672,SIM,2025-11-25,
81338,2931,NOMINAL,EMENDA DESTACADA Nº 317 AO PLC 78/2025,153672,SIM,2025-11-25,
81339,2931,NOMINAL,EMENDA DESTACADA Nº 317 AO PLC 78/2025,153672,NAO,2025-11-25,
81340,2931,NOMINAL,EMENDA DESTACADA Nº 317 AO PLC 78/2025,153672,NAO,2025-11-25,
81341,2931,NOMINAL,EMENDA DESTACADA Nº 317 AO PLC 78/2025,153672,NAO,2025-11-25,
81342,2931,NOMINAL,EMENDA DESTACADA Nº 317 AO PLC 78/2025,153672,NAO,2025-11-25,
81343,2931,NOMINAL,EMENDA DESTACADA Nº 317 AO PLC 78/2025,153672,NAO,2025-11-25,
81344,2931,NOMINAL,EMENDA DESTACADA Nº 317 AO PLC 78/2025,153672,NAO,2025-11-25,
81345,2931,NOMINAL,EMENDA DESTACADA Nº 317 AO PLC 78/2025,153672,SIM,2025-11-25,
81346,2931,NOMINAL,EMENDA DESTACADA Nº 317 AO PLC 78/2025,153672,NAO,2025-11-25,
81347,2931,NOMINAL,EMENDA DESTACADA Nº 317 AO PLC 78/2025,153672,SIM,2025-11-25,
81348,2931,NOMINAL,EMENDA DESTACADA Nº 317 AO PLC 78/2025,153672,NAO,2025-11-25,
81349,2931,NOMINAL,EMENDA DESTACADA Nº 317 AO PLC 78/2025,153672,SIM,2025-11-25,
81350,2931,NOMINAL,EMENDA DESTACADA Nº 317 AO PLC 78/2025,153672,SIM,2025-11-25,
81351,2931,NOMINAL,EMENDA DESTACADA Nº 317 AO PLC 78/2025,153672,NAO,2025-11-25,
81352,2931,NOMINAL,EMENDA DESTACADA Nº 317 AO PLC 78/2025,153672,NAO,2025-11-25,
81353,2931,NOMINAL,EMENDA DESTACADA Nº 317 AO PLC 78/2025,153672,NAO,2025-11-25,
81354,2931,NOMINAL,EMENDA DESTACADA Nº 317 AO PLC 78/2025,153672,SIM,2025-11-25,
81355,2932,NOMINAL,EMENDAS DESTACADAS Nº 121 E 463 AO PLC 78/2025,153672,SIM,2025-11-25,
81356,2932,NOMINAL,EMENDAS DESTACADAS Nº 121 E 463 AO PLC 78/2025,153672,NAO,2025-11-25,
81357,2932,NOMINAL,EMENDAS DESTACADAS Nº 121 E 463 AO PLC 78/2025,153672,SIM,2025-11-25,
81358,2932,NOMINAL,EMENDAS DESTACADAS Nº 121 E 463 AO PLC 78/2025,153672,NAO,2025-11-25,
81359,2932,NOMINAL,EMENDAS DESTACADAS Nº 121 E 463 AO PLC 78/2025,153672,NAO,2025-11-25,
81360,2932,NOMINAL,EMENDAS DESTACADAS Nº 121 E 463 AO PLC 78/2025,153672,SIM,2025-11-25,
81361,2932,NOMINAL,EMENDAS DESTACADAS Nº 121 E 463 AO PLC 78/2025,153672,SIM,2025-11-25,
81362,2932,NOMINAL,EMENDAS DESTACADAS Nº 121 E 463 AO PLC 78/2025,153672,NAO,2025-11-25,
81363,2932,NOMINAL,EMENDAS DESTACADAS Nº 121 E 463 AO PLC 78/2025,153672,NAO,2025-11-25,
81364,2932,NOMINAL,EMENDAS DESTACADAS Nº 121 E 463 AO PLC 78/2025,153672,NAO,2025-11-25,
81365,2932,NOMINAL,EMENDAS DESTACADAS Nº 121 E 463 AO PLC 78/2025,153672,NAO,2025-11-25,
81366,2932,NOMINAL,EMENDAS DESTACADAS Nº 121 E 463 AO PLC 78/2025,153672,NAO,2025-11-25,
81367,2932,NOMINAL,EMENDAS DESTACADAS Nº 121 E 463 AO PLC 78/2025,153672,SIM,2025-11-25,
81368,2932,NOMINAL,EMENDAS DESTACADAS Nº 121 E 463 AO PLC 78/2025,153672,NAO,2025-11-25,
81369,2932,NOMINAL,EMENDAS DESTACADAS Nº 121 E 463 AO PLC 78/2025,153672,SIM,2025-11-25,
81370,2932,NOMINAL,EMENDAS DESTACADAS Nº 121 E 463 AO PLC 78/2025,153672,NAO,2025-11-25,
81371,2932,NOMINAL,EMENDAS DESTACADAS Nº 121 E 463 AO PLC 78/2025,153672,SIM,2025-11-25,
81372,2932,NOMINAL,EMENDAS DESTACADAS Nº 121 E 463 AO PLC 78/2025,153672,NAO,2025-11-25,
81373,2932,NOMINAL,EMENDAS DESTACADAS Nº 121 E 463 AO PLC 78/2025,153672,NAO,2025-11-25,
81374,2932,NOMINAL,EMENDAS DESTACADAS Nº 121 E 463 AO PLC 78/2025,153672,NAO,2025-11-25,
81375,2932,NOMINAL,EMENDAS DESTACADAS Nº 121 E 463 AO PLC 78/2025,153672,NAO,2025-11-25,
81376,2932,NOMINAL,EMENDAS DESTACADAS Nº 121 E 463 AO PLC 78/2025,153672,NAO,2025-11-25,
81377,2933,NOMINAL,EMENDAS DESTACADAS PELO DEP. GABRIEL MAGNO AO PLC 78/2025,153672,SIM,2025-11-25,
81378,2933,NOMINAL,EMENDAS DESTACADAS PELO DEP. GABRIEL MAGNO AO PLC 78/2025,153672,NAO,2025-11-25,
81379,2933,NOMINAL,EMENDAS DESTACADAS PELO DEP. GABRIEL MAGNO AO PLC 78/2025,153672,SIM,2025-11-25,
81380,2933,NOMINAL,EMENDAS DESTACADAS PELO DEP. GABRIEL MAGNO AO PLC 78/2025,153672,NAO,2025-11-25,
81381,2933,NOMINAL,EMENDAS DESTACADAS PELO DEP. GABRIEL MAGNO AO PLC 78/2025,153672,NAO,2025-11-25,
81382,2933,NOMINAL,EMENDAS DESTACADAS PELO DEP. GABRIEL MAGNO AO PLC 78/2025,153672,SIM,2025-11-25,
81383,2933,NOMINAL,EMENDAS DESTACADAS PELO DEP. GABRIEL MAGNO AO PLC 78/2025,153672,SIM,2025-11-25,
81384,2933,NOMINAL,EMENDAS DESTACADAS PELO DEP. GABRIEL MAGNO AO PLC 78/2025,153672,NAO,2025-11-25,
81385,2933,NOMINAL,EMENDAS DESTACADAS PELO DEP. GABRIEL MAGNO AO PLC 78/2025,153672,NAO,2025-11-25,
81386,2933,NOMINAL,EMENDAS DESTACADAS PELO DEP. GABRIEL MAGNO AO PLC 78/2025,153672,NAO,2025-11-25,
81387,2933,NOMINAL,EMENDAS DESTACADAS PELO DEP. GABRIEL MAGNO AO PLC 78/2025,153672,NAO,2025-11-25,
81388,2933,NOMINAL,EMENDAS DESTACADAS PELO DEP. GABRIEL MAGNO AO PLC 78/2025,153672,NAO,2025-11-25,
81389,2933,NOMINAL,EMENDAS DESTACADAS PELO DEP. GABRIEL MAGNO AO PLC 78/2025,153672,SIM,2025-11-25,
81390,2933,NOMINAL,EMENDAS DESTACADAS PELO DEP. GABRIEL MAGNO AO PLC 78/2025,153672,NAO,2025-11-25,
81391,2933,NOMINAL,EMENDAS DESTACADAS PELO DEP. GABRIEL MAGNO AO PLC 78/2025,153672,SIM,2025-11-25,
81392,2933,NOMINAL,EMENDAS DESTACADAS PELO DEP. GABRIEL MAGNO AO PLC 78/2025,153672,NAO,2025-11-25,
81393,2933,NOMINAL,EMENDAS DESTACADAS PELO DEP. GABRIEL MAGNO AO PLC 78/2025,153672,SIM,2025-11-25,
81394,2933,NOMINAL,EMENDAS DESTACADAS PELO DEP. GABRIEL MAGNO AO PLC 78/2025,153672,NAO,2025-11-25,
81395,2933,NOMINAL,EMENDAS DESTACADAS PELO DEP. GABRIEL MAGNO AO PLC 78/2025,153672,NAO,2025-11-25,
81396,2933,NOMINAL,EMENDAS DESTACADAS PELO DEP. GABRIEL MAGNO AO PLC 78/2025,153672,NAO,2025-11-25,
81397,2933,NOMINAL,EMENDAS DESTACADAS PELO DEP. GABRIEL MAGNO AO PLC 78/2025,153672,NAO,2025-11-25,
81398,2933,NOMINAL,EMENDAS DESTACADAS PELO DEP. GABRIEL MAGNO AO PLC 78/2025,153672,NAO,2025-11-25,
81399,2934,NOMINAL,PDL 392/2025 - TURNO ÚNICO,155546,SIM,2025-11-26,
81400,2934,NOMINAL,PDL 392/2025 - TURNO ÚNICO,155546,SIM,2025-11-26,
81401,2934,NOMINAL,PDL 392/2025 - TURNO ÚNICO,155546,SIM,2025-11-26,
81402,2934,NOMINAL,PDL 392/2025 - TURNO ÚNICO,155546,SIM,2025-11-26,
81403,2934,NOMINAL,PDL 392/2025 - TURNO ÚNICO,155546,SIM,2025-11-26,
81404,2934,NOMINAL,PDL 392/2025 - TURNO ÚNICO,155546,SIM,2025-11-26,
81405,2934,NOMINAL,PDL 392/2025 - TURNO ÚNICO,155546,SIM,2025-11-26,
81406,2934,NOMINAL,PDL 392/2025 - TURNO ÚNICO,155546,SIM,2025-11-26,
81407,2934,NOMINAL,PDL 392/2025 - TURNO ÚNICO,155546,SIM,2025-11-26,
81408,2934,NOMINAL,PDL 392/2025 - TURNO ÚNICO,155546,SIM,2025-11-26,
81409,2934,NOMINAL,PDL 392/2025 - TURNO ÚNICO,155546,SIM,2025-11-26,
81410,2934,NOMINAL,PDL 392/2025 - TURNO ÚNICO,155546,SIM,2025-11-26,
81411,2934,NOMINAL,PDL 392/2025 - TURNO ÚNICO,155546,SIM,2025-11-26,
81412,2934,NOMINAL,PDL 392/2025 - TURNO ÚNICO,155546,SIM,2025-11-26,
81413,2934,NOMINAL,PDL 392/2025 - TURNO ÚNICO,155546,SIM,2025-11-26,
81414,2934,NOMINAL,PDL 392/2025 - TURNO ÚNICO,155546,SIM,2025-11-26,
81415,2937,NOMINAL,PL 2061/2025 - 1º TURNO,155553,SIM,2025-11-26,
81416,2937,NOMINAL,PL 2061/2025 - 1º TURNO,155553,SIM,2025-11-26,
81417,2937,NOMINAL,PL 2061/2025 - 1º TURNO,155553,SIM,2025-11-26,
81418,2937,NOMINAL,PL 2061/2025 - 1º TURNO,155553,SIM,2025-11-26,
81419,2937,NOMINAL,PL 2061/2025 - 1º TURNO,155553,SIM,2025-11-26,
81420,2937,NOMINAL,PL 2061/2025 - 1º TURNO,155553,SIM,2025-11-26,
81421,2937,NOMINAL,PL 2061/2025 - 1º TURNO,155553,SIM,2025-11-26,
81422,2937,NOMINAL,PL 2061/2025 - 1º TURNO,155553,SIM,2025-11-26,
81423,2937,NOMINAL,PL 2061/2025 - 1º TURNO,155553,SIM,2025-11-26,
81424,2937,NOMINAL,PL 2061/2025 - 1º TURNO,155553,SIM,2025-11-26,
81425,2937,NOMINAL,PL 2061/2025 - 1º TURNO,155553,SIM,2025-11-26,
81426,2937,NOMINAL,PL 2061/2025 - 1º TURNO,155553,SIM,2025-11-26,
81427,2937,NOMINAL,PL 2061/2025 - 1º TURNO,155553,SIM,2025-11-26,
81428,2937,NOMINAL,PL 2061/2025 - 1º TURNO,155553,SIM,2025-11-26,
81429,2937,NOMINAL,PL 2061/2025 - 1º TURNO,155553,SIM,2025-11-26,
81430,2943,NOMINAL,PL 2058/2025 - 1º TURNO,155541,SIM,2025-12-03,
81431,2943,NOMINAL,PL 2058/2025 - 1º TURNO,155541,SIM,2025-12-03,
81432,2943,NOMINAL,PL 2058/2025 - 1º TURNO,155541,SIM,2025-12-03,
81433,2943,NOMINAL,PL 2058/2025 - 1º TURNO,155541,SIM,2025-12-03,
81434,2943,NOMINAL,PL 2058/2025 - 1º TURNO,155541,NAO,2025-12-03,
81435,2943,NOMINAL,PL 2058/2025 - 1º TURNO,155541,NAO,2025-12-03,
81436,2943,NOMINAL,PL 2058/2025 - 1º TURNO,155541,SIM,2025-12-03,
81437,2943,NOMINAL,PL 2058/2025 - 1º TURNO,155541,SIM,2025-12-03,
81438,2943,NOMINAL,PL 2058/2025 - 1º TURNO,155541,SIM,2025-12-03,
81439,2943,NOMINAL,PL 2058/2025 - 1º TURNO,155541,SIM,2025-12-03,
81440,2943,NOMINAL,PL 2058/2025 - 1º TURNO,155541,SIM,2025-12-03,
81441,2943,NOMINAL,PL 2058/2025 - 1º TURNO,155541,SIM,2025-12-03,
81442,2943,NOMINAL,PL 2058/2025 - 1º TURNO,155541,NAO,2025-12-03,
81443,2943,NOMINAL,PL 2058/2025 - 1º TURNO,155541,SIM,2025-12-03,
81444,2943,NOMINAL,PL 2058/2025 - 1º TURNO,155541,SIM,2025-12-03,
81445,2943,NOMINAL,PL 2058/2025 - 1º TURNO,155541,SIM,2025-12-03,
81446,2943,NOMINAL,PL 2058/2025 - 1º TURNO,155541,SIM,2025-12-03,
81447,2943,NOMINAL,PL 2058/2025 - 1º TURNO,155541,SIM,2025-12-03,
81448,2943,NOMINAL,PL 2058/2025 - 1º TURNO,155541,SIM,2025-12-03,
81449,2944,NOMINAL,PL 2058/2025 - 2º TURNO,155541,SIM,2025-12-03,
81450,2944,NOMINAL,PL 2058/2025 - 2º TURNO,155541,SIM,2025-12-03,
81451,2944,NOMINAL,PL 2058/2025 - 2º TURNO,155541,SIM,2025-12-03,
81452,2944,NOMINAL,PL 2058/2025 - 2º TURNO,155541,NAO,2025-12-03,
81453,2944,NOMINAL,PL 2058/2025 - 2º TURNO,155541,NAO,2025-12-03,
81454,2944,NOMINAL,PL 2058/2025 - 2º TURNO,155541,SIM,2025-12-03,
81455,2944,NOMINAL,PL 2058/2025 - 2º TURNO,155541,SIM,2025-12-03,
81456,2944,NOMINAL,PL 2058/2025 - 2º TURNO,155541,SIM,2025-12-03,
81457,2944,NOMINAL,PL 2058/2025 - 2º TURNO,155541,SIM,2025-12-03,
81458,2944,NOMINAL,PL 2058/2025 - 2º TURNO,155541,SIM,2025-12-03,
81459,2944,NOMINAL,PL 2058/2025 - 2º TURNO,155541,SIM,2025-12-03,
81460,2944,NOMINAL,PL 2058/2025 - 2º TURNO,155541,NAO,2025-12-03,
81461,2944,NOMINAL,PL 2058/2025 - 2º TURNO,155541,SIM,2025-12-03,
81462,2944,NOMINAL,PL 2058/2025 - 2º TURNO,155541,SIM,2025-12-03,
81463,2944,NOMINAL,PL 2058/2025 - 2º TURNO,155541,SIM,2025-12-03,
81464,2944,NOMINAL,PL 2058/2025 - 2º TURNO,155541,SIM,2025-12-03,
81465,2944,NOMINAL,PL 2058/2025 - 2º TURNO,155541,SIM,2025-12-03,
81466,2944,NOMINAL,PL 2058/2025 - 2º TURNO,155541,SIM,2025-12-03,
81467,2977,NOMINAL,PL 2063/2025 - 1º TURNO,155575,SIM,2025-12-03,
81468,2977,NOMINAL,PL 2063/2025 - 1º TURNO,155575,SIM,2025-12-03,
81469,2977,NOMINAL,PL 2063/2025 - 1º TURNO,155575,SIM,2025-12-03,
81470,2977,NOMINAL,PL 2063/2025 - 1º TURNO,155575,SIM,2025-12-03,
81471,2977,NOMINAL,PL 2063/2025 - 1º TURNO,155575,SIM,2025-12-03,
81472,2977,NOMINAL,PL 2063/2025 - 1º TURNO,155575,SIM,2025-12-03,
81473,2977,NOMINAL,PL 2063/2025 - 1º TURNO,155575,SIM,2025-12-03,
81474,2977,NOMINAL,PL 2063/2025 - 1º TURNO,155575,SIM,2025-12-03,
81475,2977,NOMINAL,PL 2063/2025 - 1º TURNO,155575,SIM,2025-12-03,
81476,2977,NOMINAL,PL 2063/2025 - 1º TURNO,155575,SIM,2025-12-03,
81477,2977,NOMINAL,PL 2063/2025 - 1º TURNO,155575,SIM,2025-12-03,
81478,2977,NOMINAL,PL 2063/2025 - 1º TURNO,155575,SIM,2025-12-03,
81479,2977,NOMINAL,PL 2063/2025 - 1º TURNO,155575,SIM,2025-12-03,
81480,2977,NOMINAL,PL 2063/2025 - 1º TURNO,155575,SIM,2025-12-03,
81481,2977,NOMINAL,PL 2063/2025 - 1º TURNO,155575,SIM,2025-12-03,
81482,2977,NOMINAL,PL 2063/2025 - 1º TURNO,155575,SIM,2025-12-03,
81483,2977,NOMINAL,PL 2063/2025 - 1º TURNO,155575,SIM,2025-12-03,
81484,2977,NOMINAL,PL 2063/2025 - 1º TURNO,155575,SIM,2025-12-03,
81485,2977,NOMINAL,PL 2063/2025 - 1º TURNO,155575,SIM,2025-12-03,
81486,2977,NOMINAL,PL 2063/2025 - 1º TURNO,155575,SIM,2025-12-03,
81487,2978,NOMINAL,PL 2063/2025 - 2º TURNO,155575,SIM,2025-12-03,
81488,2978,NOMINAL,PL 2063/2025 - 2º TURNO,155575,SIM,2025-12-03,
81489,2978,NOMINAL,PL 2063/2025 - 2º TURNO,155575,SIM,2025-12-03,
81490,2978,NOMINAL,PL 2063/2025 - 2º TURNO,155575,SIM,2025-12-03,
81491,2978,NOMINAL,PL 2063/2025 - 2º TURNO,155575,SIM,2025-12-03,
81492,2978,NOMINAL,PL 2063/2025 - 2º TURNO,155575,SIM,2025-12-03,
81493,2978,NOMINAL,PL 2063/2025 - 2º TURNO,155575,SIM,2025-12-03,
81494,2978,NOMINAL,PL 2063/2025 - 2º TURNO,155575,SIM,2025-12-03,
81495,2978,NOMINAL,PL 2063/2025 - 2º TURNO,155575,SIM,2025-12-03,
81496,2978,NOMINAL,PL 2063/2025 - 2º TURNO,155575,SIM,2025-12-03,
81497,2978,NOMINAL,PL 2063/2025 - 2º TURNO,155575,SIM,2025-12-03,
81498,2978,NOMINAL,PL 2063/2025 - 2º TURNO,155575,SIM,2025-12-03,
81499,2978,NOMINAL,PL 2063/2025 - 2º TURNO,155575,SIM,2025-12-03,
81500,2978,NOMINAL,PL 2063/2025 - 2º TURNO,155575,SIM,2025-12-03,
81501,2978,NOMINAL,PL 2063/2025 - 2º TURNO,155575,SIM,2025-12-03,
81502,2978,NOMINAL,PL 2063/2025 - 2º TURNO,155575,SIM,2025-12-03,
81503,2978,NOMINAL,PL 2063/2025 - 2º TURNO,155575,SIM,2025-12-03,
81504,2978,NOMINAL,PL 2063/2025 - 2º TURNO,155575,SIM,2025-12-03,
81505,2978,NOMINAL,PL 2063/2025 - 2º TURNO,155575,SIM,2025-12-03,
81506,2978,NOMINAL,PL 2063/2025 - 2º TURNO,155575,SIM,2025-12-03,
81507,2986,NOMINAL,PL 1989/2025 - 1º TURNO,154988,NAO,2025-12-03,
81508,2986,NOMINAL,PL 1989/2025 - 1º TURNO,154988,SIM,2025-12-03,
81509,2986,NOMINAL,PL 1989/2025 - 1º TURNO,154988,SIM,2025-12-03,
81510,2986,NOMINAL,PL 1989/2025 - 1º TURNO,154988,SIM,2025-12-03,
81511,2986,NOMINAL,PL 1989/2025 - 1º TURNO,154988,NAO,2025-12-03,
81512,2986,NOMINAL,PL 1989/2025 - 1º TURNO,154988,SIM,2025-12-03,
81513,2986,NOMINAL,PL 1989/2025 - 1º TURNO,154988,SIM,2025-12-03,
81514,2986,NOMINAL,PL 1989/2025 - 1º TURNO,154988,SIM,2025-12-03,
81515,2986,NOMINAL,PL 1989/2025 - 1º TURNO,154988,SIM,2025-12-03,
81516,2986,NOMINAL,PL 1989/2025 - 1º TURNO,154988,SIM,2025-12-03,
81517,2986,NOMINAL,PL 1989/2025 - 1º TURNO,154988,SIM,2025-12-03,
81518,2986,NOMINAL,PL 1989/2025 - 1º TURNO,154988,NAO,2025-12-03,
81519,2986,NOMINAL,PL 1989/2025 - 1º TURNO,154988,SIM,2025-12-03,
81520,2986,NOMINAL,PL 1989/2025 - 1º TURNO,154988,NAO,2025-12-03,
81521,2986,NOMINAL,PL 1989/2025 - 1º TURNO,154988,SIM,2025-12-03,
81522,2986,NOMINAL,PL 1989/2025 - 1º TURNO,154988,SIM,2025-12-03,
81523,2986,NOMINAL,PL 1989/2025 - 1º TURNO,154988,SIM,2025-12-03,
81524,2986,NOMINAL,PL 1989/2025 - 1º TURNO,154988,NAO,2025-12-03,
81525,2986,NOMINAL,PL 1989/2025 - 1º TURNO,154988,SIM,2025-12-03,
81526,2987,NOMINAL,PL 1989/2025 - 2º TURNO,154988,NAO,2025-12-03,
81527,2987,NOMINAL,PL 1989/2025 - 2º TURNO,154988,SIM,2025-12-03,
81528,2987,NOMINAL,PL 1989/2025 - 2º TURNO,154988,ABSTENCAO,2025-12-03,
81529,2987,NOMINAL,PL 1989/2025 - 2º TURNO,154988,SIM,2025-12-03,
81530,2987,NOMINAL,PL 1989/2025 - 2º TURNO,154988,NAO,2025-12-03,
81531,2987,NOMINAL,PL 1989/2025 - 2º TURNO,154988,NAO,2025-12-03,
81532,2987,NOMINAL,PL 1989/2025 - 2º TURNO,154988,SIM,2025-12-03,
81533,2987,NOMINAL,PL 1989/2025 - 2º TURNO,154988,SIM,2025-12-03,
81534,2987,NOMINAL,PL 1989/2025 - 2º TURNO,154988,SIM,2025-12-03,
81535,2987,NOMINAL,PL 1989/2025 - 2º TURNO,154988,SIM,2025-12-03,
81536,2987,NOMINAL,PL 1989/2025 - 2º TURNO,154988,SIM,2025-12-03,
81537,2987,NOMINAL,PL 1989/2025 - 2º TURNO,154988,SIM,2025-12-03,
81538,2987,NOMINAL,PL 1989/2025 - 2º TURNO,154988,NAO,2025-12-03,
81539,2987,NOMINAL,PL 1989/2025 - 2º TURNO,154988,SIM,2025-12-03,
81540,2987,NOMINAL,PL 1989/2025 - 2º TURNO,154988,NAO,2025-12-03,
81541,2987,NOMINAL,PL 1989/2025 - 2º TURNO,154988,SIM,2025-12-03,
81542,2987,NOMINAL,PL 1989/2025 - 2º TURNO,154988,SIM,2025-12-03,
81543,2987,NOMINAL,PL 1989/2025 - 2º TURNO,154988,SIM,2025-12-03,
81544,2987,NOMINAL,PL 1989/2025 - 2º TURNO,154988,ABSTENCAO,2025-12-03,
81545,2987,NOMINAL,PL 1989/2025 - 2º TURNO,154988,SIM,2025-12-03,
81546,3007,NOMINAL,PL 1962/2025 - EMENDAS DESTACADAS Nº 2 E 3,154677,SIM,2025-12-02,
81547,3007,NOMINAL,PL 1962/2025 - EMENDAS DESTACADAS Nº 2 E 3,154677,SIM,2025-12-02,
81548,3007,NOMINAL,PL 1962/2025 - EMENDAS DESTACADAS Nº 2 E 3,154677,SIM,2025-12-02,
81549,3007,NOMINAL,PL 1962/2025 - EMENDAS DESTACADAS Nº 2 E 3,154677,SIM,2025-12-02,
81550,3007,NOMINAL,PL 1962/2025 - EMENDAS DESTACADAS Nº 2 E 3,154677,SIM,2025-12-02,
81551,3007,NOMINAL,PL 1962/2025 - EMENDAS DESTACADAS Nº 2 E 3,154677,SIM,2025-12-02,
81552,3007,NOMINAL,PL 1962/2025 - EMENDAS DESTACADAS Nº 2 E 3,154677,NAO,2025-12-02,
81553,3007,NOMINAL,PL 1962/2025 - EMENDAS DESTACADAS Nº 2 E 3,154677,SIM,2025-12-02,
81554,3007,NOMINAL,PL 1962/2025 - EMENDAS DESTACADAS Nº 2 E 3,154677,SIM,2025-12-02,
81555,3007,NOMINAL,PL 1962/2025 - EMENDAS DESTACADAS Nº 2 E 3,154677,NAO,2025-12-02,
81556,3007,NOMINAL,PL 1962/2025 - EMENDAS DESTACADAS Nº 2 E 3,154677,NAO,2025-12-02,
81557,3007,NOMINAL,PL 1962/2025 - EMENDAS DESTACADAS Nº 2 E 3,154677,SIM,2025-12-02,
81558,3007,NOMINAL,PL 1962/2025 - EMENDAS DESTACADAS Nº 2 E 3,154677,NAO,2025-12-02,
81559,3007,NOMINAL,PL 1962/2025 - EMENDAS DESTACADAS Nº 2 E 3,154677,SIM,2025-12-02,
81560,3007,NOMINAL,PL 1962/2025 - EMENDAS DESTACADAS Nº 2 E 3,154677,SIM,2025-12-02,
81561,3007,NOMINAL,PL 1962/2025 - EMENDAS DESTACADAS Nº 2 E 3,154677,SIM,2025-12-02,
81562,3008,NOMINAL,PL 1962/2025 - 1º TURNO,154677,SIM,2025-12-02,
81563,3008,NOMINAL,PL 1962/2025 - 1º TURNO,154677,SIM,2025-12-02,
81564,3008,NOMINAL,PL 1962/2025 - 1º TURNO,154677,SIM,2025-12-02,
81565,3008,NOMINAL,PL 1962/2025 - 1º TURNO,154677,SIM,2025-12-02,
81566,3008,NOMINAL,PL 1962/2025 - 1º TURNO,154677,SIM,2025-12-02,
81567,3008,NOMINAL,PL 1962/2025 - 1º TURNO,154677,SIM,2025-12-02,
81568,3008,NOMINAL,PL 1962/2025 - 1º TURNO,154677,NAO,2025-12-02,
81569,3008,NOMINAL,PL 1962/2025 - 1º TURNO,154677,SIM,2025-12-02,
81570,3008,NOMINAL,PL 1962/2025 - 1º TURNO,154677,SIM,2025-12-02,
81571,3008,NOMINAL,PL 1962/2025 - 1º TURNO,154677,SIM,2025-12-02,
81572,3008,NOMINAL,PL 1962/2025 - 1º TURNO,154677,NAO,2025-12-02,
81573,3008,NOMINAL,PL 1962/2025 - 1º TURNO,154677,NAO,2025-12-02,
81574,3008,NOMINAL,PL 1962/2025 - 1º TURNO,154677,SIM,2025-12-02,
81575,3008,NOMINAL,PL 1962/2025 - 1º TURNO,154677,NAO,2025-12-02,
81576,3008,NOMINAL,PL 1962/2025 - 1º TURNO,154677,SIM,2025-12-02,
81577,3008,NOMINAL,PL 1962/2025 - 1º TURNO,154677,SIM,2025-12-02,
81578,3008,NOMINAL,PL 1962/2025 - 1º TURNO,154677,SIM,2025-12-02,
81579,3026,NOMINAL,BLOCO DE VETOS DE 03/12/2025,,NAO,2025-12-03,
81580,3026,NOMINAL,BLOCO DE VETOS DE 03/12/2025,,NAO,2025-12-03,
81581,3026,NOMINAL,BLOCO DE VETOS DE 03/12/2025,,NAO,2025-12-03,
81582,3026,NOMINAL,BLOCO DE VETOS DE 03/12/2025,,NAO,2025-12-03,
81583,3026,NOMINAL,BLOCO DE VETOS DE 03/12/2025,,NAO,2025-12-03,
81584,3026,NOMINAL,BLOCO DE VETOS DE 03/12/2025,,NAO,2025-12-03,
81585,3026,NOMINAL,BLOCO DE VETOS DE 03/12/2025,,NAO,2025-12-03,
81586,3026,NOMINAL,BLOCO DE VETOS DE 03/12/2025,,NAO,2025-12-03,
81587,3026,NOMINAL,BLOCO DE VETOS DE 03/12/2025,,NAO,2025-12-03,
81588,3026,NOMINAL,BLOCO DE VETOS DE 03/12/2025,,NAO,2025-12-03,
81589,3026,NOMINAL,BLOCO DE VETOS DE 03/12/2025,,NAO,2025-12-03,
81590,3026,NOMINAL,BLOCO DE VETOS DE 03/12/2025,,NAO,2025-12-03,
81591,3026,NOMINAL,BLOCO DE VETOS DE 03/12/2025,,NAO,2025-12-03,
81592,3026,NOMINAL,BLOCO DE VETOS DE 03/12/2025,,NAO,2025-12-03,
81593,3026,NOMINAL,BLOCO DE VETOS DE 03/12/2025,,NAO,2025-12-03,
81594,3026,NOMINAL,BLOCO DE VETOS DE 03/12/2025,,NAO,2025-12-03,
81595,3026,NOMINAL,BLOCO DE VETOS DE 03/12/2025,,NAO,2025-12-03,
81596,3051,NOMINAL,PDL 384/2025 - TURNO ÚNICO,155323,SIM,2025-12-03,
81597,3051,NOMINAL,PDL 384/2025 - TURNO ÚNICO,155323,SIM,2025-12-03,
81598,3051,NOMINAL,PDL 384/2025 - TURNO ÚNICO,155323,SIM,2025-12-03,
81599,3051,NOMINAL,PDL 384/2025 - TURNO ÚNICO,155323,SIM,2025-12-03,
81600,3051,NOMINAL,PDL 384/2025 - TURNO ÚNICO,155323,SIM,2025-12-03,
81601,3051,NOMINAL,PDL 384/2025 - TURNO ÚNICO,155323,SIM,2025-12-03,
81602,3051,NOMINAL,PDL 384/2025 - TURNO ÚNICO,155323,SIM,2025-12-03,
81603,3051,NOMINAL,PDL 384/2025 - TURNO ÚNICO,155323,SIM,2025-12-03,
81604,3051,NOMINAL,PDL 384/2025 - TURNO ÚNICO,155323,SIM,2025-12-03,
81605,3051,NOMINAL,PDL 384/2025 - TURNO ÚNICO,155323,SIM,2025-12-03,
81606,3051,NOMINAL,PDL 384/2025 - TURNO ÚNICO,155323,SIM,2025-12-03,
81607,3051,NOMINAL,PDL 384/2025 - TURNO ÚNICO,155323,SIM,2025-12-03,
81608,3051,NOMINAL,PDL 384/2025 - TURNO ÚNICO,155323,SIM,2025-12-03,
81609,3051,NOMINAL,PDL 384/2025 - TURNO ÚNICO,155323,SIM,2025-12-03,
81610,3051,NOMINAL,PDL 384/2025 - TURNO ÚNICO,155323,SIM,2025-12-03,
81611,3051,NOMINAL,PDL 384/2025 - TURNO ÚNICO,155323,SIM,2025-12-03,
81612,3051,NOMINAL,PDL 384/2025 - TURNO ÚNICO,155323,SIM,2025-12-03,
81613,3051,NOMINAL,PDL 384/2025 - TURNO ÚNICO,155323,SIM,2025-12-03,
81614,3051,NOMINAL,PDL 384/2025 - TURNO ÚNICO,155323,SIM,2025-12-03,
81615,3061,NOMINAL,PL 1988/2025 - DESTAQUE DA EMENDA Nº 01,154986,SIM,2025-12-03,
81616,3061,NOMINAL,PL 1988/2025 - DESTAQUE DA EMENDA Nº 01,154986,NAO,2025-12-03,
81617,3061,NOMINAL,PL 1988/2025 - DESTAQUE DA EMENDA Nº 01,154986,NAO,2025-12-03,
81618,3061,NOMINAL,PL 1988/2025 - DESTAQUE DA EMENDA Nº 01,154986,NAO,2025-12-03,
81619,3061,NOMINAL,PL 1988/2025 - DESTAQUE DA EMENDA Nº 01,154986,SIM,2025-12-03,
81620,3061,NOMINAL,PL 1988/2025 - DESTAQUE DA EMENDA Nº 01,154986,SIM,2025-12-03,
81621,3061,NOMINAL,PL 1988/2025 - DESTAQUE DA EMENDA Nº 01,154986,NAO,2025-12-03,
81622,3061,NOMINAL,PL 1988/2025 - DESTAQUE DA EMENDA Nº 01,154986,NAO,2025-12-03,
81623,3061,NOMINAL,PL 1988/2025 - DESTAQUE DA EMENDA Nº 01,154986,NAO,2025-12-03,
81624,3061,NOMINAL,PL 1988/2025 - DESTAQUE DA EMENDA Nº 01,154986,NAO,2025-12-03,
81625,3061,NOMINAL,PL 1988/2025 - DESTAQUE DA EMENDA Nº 01,154986,NAO,2025-12-03,
81626,3061,NOMINAL,PL 1988/2025 - DESTAQUE DA EMENDA Nº 01,154986,NAO,2025-12-03,
81627,3061,NOMINAL,PL 1988/2025 - DESTAQUE DA EMENDA Nº 01,154986,SIM,2025-12-03,
81628,3061,NOMINAL,PL 1988/2025 - DESTAQUE DA EMENDA Nº 01,154986,NAO,2025-12-03,
81629,3061,NOMINAL,PL 1988/2025 - DESTAQUE DA EMENDA Nº 01,154986,SIM,2025-12-03,
81630,3061,NOMINAL,PL 1988/2025 - DESTAQUE DA EMENDA Nº 01,154986,NAO,2025-12-03,
81631,3061,NOMINAL,PL 1988/2025 - DESTAQUE DA EMENDA Nº 01,154986,NAO,2025-12-03,
81632,3061,NOMINAL,PL 1988/2025 - DESTAQUE DA EMENDA Nº 01,154986,NAO,2025-12-03,
81633,3061,NOMINAL,PL 1988/2025 - DESTAQUE DA EMENDA Nº 01,154986,NAO,2025-12-03,
81634,3061,NOMINAL,PL 1988/2025 - DESTAQUE DA EMENDA Nº 01,154986,NAO,2025-12-03,
81635,3062,NOMINAL,PL 1989/2025 - DESTAQUE DA EMENDA Nº 01,154988,SIM,2025-12-03,
81636,3062,NOMINAL,PL 1989/2025 - DESTAQUE DA EMENDA Nº 01,154988,ABSTENCAO,2025-12-03,
81637,3062,NOMINAL,PL 1989/2025 - DESTAQUE DA EMENDA Nº 01,154988,SIM,2025-12-03,
81638,3062,NOMINAL,PL 1989/2025 - DESTAQUE DA EMENDA Nº 01,154988,SIM,2025-12-03,
81639,3062,NOMINAL,PL 1989/2025 - DESTAQUE DA EMENDA Nº 01,154988,NAO,2025-12-03,
81640,3062,NOMINAL,PL 1989/2025 - DESTAQUE DA EMENDA Nº 01,154988,NAO,2025-12-03,
81641,3062,NOMINAL,PL 1989/2025 - DESTAQUE DA EMENDA Nº 01,154988,NAO,2025-12-03,
81642,3062,NOMINAL,PL 1989/2025 - DESTAQUE DA EMENDA Nº 01,154988,NAO,2025-12-03,
81643,3062,NOMINAL,PL 1989/2025 - DESTAQUE DA EMENDA Nº 01,154988,NAO,2025-12-03,
81644,3062,NOMINAL,PL 1989/2025 - DESTAQUE DA EMENDA Nº 01,154988,NAO,2025-12-03,
81645,3062,NOMINAL,PL 1989/2025 - DESTAQUE DA EMENDA Nº 01,154988,SIM,2025-12-03,
81646,3062,NOMINAL,PL 1989/2025 - DESTAQUE DA EMENDA Nº 01,154988,NAO,2025-12-03,
81647,3062,NOMINAL,PL 1989/2025 - DESTAQUE DA EMENDA Nº 01,154988,SIM,2025-12-03,
81648,3062,NOMINAL,PL 1989/2025 - DESTAQUE DA EMENDA Nº 01,154988,NAO,2025-12-03,
81649,3062,NOMINAL,PL 1989/2025 - DESTAQUE DA EMENDA Nº 01,154988,NAO,2025-12-03,
81650,3062,NOMINAL,PL 1989/2025 - DESTAQUE DA EMENDA Nº 01,154988,NAO,2025-12-03,
81651,3062,NOMINAL,PL 1989/2025 - DESTAQUE DA EMENDA Nº 01,154988,ABSTENCAO,2025-12-03,
81652,3062,NOMINAL,PL 1989/2025 - DESTAQUE DA EMENDA Nº 01,154988,NAO,2025-12-03,
81653,3063,NOMINAL,PDL 395/2025 - TURNO ÚNICO,155582,SIM,2025-12-03,
81654,3063,NOMINAL,PDL 395/2025 - TURNO ÚNICO,155582,SIM,2025-12-03,
81655,3063,NOMINAL,PDL 395/2025 - TURNO ÚNICO,155582,SIM,2025-12-03,
81656,3063,NOMINAL,PDL 395/2025 - TURNO ÚNICO,155582,SIM,2025-12-03,
81657,3063,NOMINAL,PDL 395/2025 - TURNO ÚNICO,155582,SIM,2025-12-03,
81658,3063,NOMINAL,PDL 395/2025 - TURNO ÚNICO,155582,SIM,2025-12-03,
81659,3063,NOMINAL,PDL 395/2025 - TURNO ÚNICO,155582,SIM,2025-12-03,
81660,3063,NOMINAL,PDL 395/2025 - TURNO ÚNICO,155582,SIM,2025-12-03,
81661,3063,NOMINAL,PDL 395/2025 - TURNO ÚNICO,155582,SIM,2025-12-03,
81662,3063,NOMINAL,PDL 395/2025 - TURNO ÚNICO,155582,SIM,2025-12-03,
81663,3063,NOMINAL,PDL 395/2025 - TURNO ÚNICO,155582,SIM,2025-12-03,
81664,3063,NOMINAL,PDL 395/2025 - TURNO ÚNICO,155582,SIM,2025-12-03,
81665,3063,NOMINAL,PDL 395/2025 - TURNO ÚNICO,155582,SIM,2025-12-03,
81666,3063,NOMINAL,PDL 395/2025 - TURNO ÚNICO,155582,SIM,2025-12-03,
81667,3063,NOMINAL,PDL 395/2025 - TURNO ÚNICO,155582,SIM,2025-12-03,
81668,3063,NOMINAL,PDL 395/2025 - TURNO ÚNICO,155582,SIM,2025-12-03,
81669,3063,NOMINAL,PDL 395/2025 - TURNO ÚNICO,155582,SIM,2025-12-03,
81670,3063,NOMINAL,PDL 395/2025 - TURNO ÚNICO,155582,SIM,2025-12-03,
81671,3063,NOMINAL,PDL 395/2025 - TURNO ÚNICO,155582,SIM,2025-12-03,
81672,3073,NOMINAL,PDL 399/2025 -TURNO ÚNICO,155746,SIM,2025-12-09,
81673,3073,NOMINAL,PDL 399/2025 -TURNO ÚNICO,155746,SIM,2025-12-09,
81674,3073,NOMINAL,PDL 399/2025 -TURNO ÚNICO,155746,SIM,2025-12-09,
81675,3073,NOMINAL,PDL 399/2025 -TURNO ÚNICO,155746,SIM,2025-12-09,
81676,3073,NOMINAL,PDL 399/2025 -TURNO ÚNICO,155746,SIM,2025-12-09,
81677,3073,NOMINAL,PDL 399/2025 -TURNO ÚNICO,155746,SIM,2025-12-09,
81678,3073,NOMINAL,PDL 399/2025 -TURNO ÚNICO,155746,SIM,2025-12-09,
81679,3073,NOMINAL,PDL 399/2025 -TURNO ÚNICO,155746,SIM,2025-12-09,
81680,3073,NOMINAL,PDL 399/2025 -TURNO ÚNICO,155746,SIM,2025-12-09,
81681,3073,NOMINAL,PDL 399/2025 -TURNO ÚNICO,155746,SIM,2025-12-09,
81682,3073,NOMINAL,PDL 399/2025 -TURNO ÚNICO,155746,SIM,2025-12-09,
81683,3073,NOMINAL,PDL 399/2025 -TURNO ÚNICO,155746,SIM,2025-12-09,
81684,3073,NOMINAL,PDL 399/2025 -TURNO ÚNICO,155746,SIM,2025-12-09,
81685,3073,NOMINAL,PDL 399/2025 -TURNO ÚNICO,155746,SIM,2025-12-09,
81686,3073,NOMINAL,PDL 399/2025 -TURNO ÚNICO,155746,SIM,2025-12-09,
81687,3073,NOMINAL,PDL 399/2025 -TURNO ÚNICO,155746,SIM,2025-12-09,
81688,3073,NOMINAL,PDL 399/2025 -TURNO ÚNICO,155746,SIM,2025-12-09,
81689,3073,NOMINAL,PDL 399/2025 -TURNO ÚNICO,155746,SIM,2025-12-09,
81690,3073,NOMINAL,PDL 399/2025 -TURNO ÚNICO,155746,SIM,2025-12-09,
81691,3073,NOMINAL,PDL 399/2025 -TURNO ÚNICO,155746,SIM,2025-12-09,
81692,3073,NOMINAL,PDL 399/2025 -TURNO ÚNICO,155746,SIM,2025-12-09,
81693,3074,NOMINAL,PDL 400/2025 -TURNO ÚNICO,155748,SIM,2025-12-09,
81694,3074,NOMINAL,PDL 400/2025 -TURNO ÚNICO,155748,SIM,2025-12-09,
81695,3074,NOMINAL,PDL 400/2025 -TURNO ÚNICO,155748,SIM,2025-12-09,
81696,3074,NOMINAL,PDL 400/2025 -TURNO ÚNICO,155748,SIM,2025-12-09,
81697,3074,NOMINAL,PDL 400/2025 -TURNO ÚNICO,155748,SIM,2025-12-09,
81698,3074,NOMINAL,PDL 400/2025 -TURNO ÚNICO,155748,SIM,2025-12-09,
81699,3074,NOMINAL,PDL 400/2025 -TURNO ÚNICO,155748,SIM,2025-12-09,
81700,3074,NOMINAL,PDL 400/2025 -TURNO ÚNICO,155748,SIM,2025-12-09,
81701,3074,NOMINAL,PDL 400/2025 -TURNO ÚNICO,155748,SIM,2025-12-09,
81702,3074,NOMINAL,PDL 400/2025 -TURNO ÚNICO,155748,SIM,2025-12-09,
81703,3074,NOMINAL,PDL 400/2025 -TURNO ÚNICO,155748,SIM,2025-12-09,
81704,3074,NOMINAL,PDL 400/2025 -TURNO ÚNICO,155748,SIM,2025-12-09,
81705,3074,NOMINAL,PDL 400/2025 -TURNO ÚNICO,155748,SIM,2025-12-09,
81706,3074,NOMINAL,PDL 400/2025 -TURNO ÚNICO,155748,SIM,2025-12-09,
81707,3074,NOMINAL,PDL 400/2025 -TURNO ÚNICO,155748,SIM,2025-12-09,
81708,3074,NOMINAL,PDL 400/2025 -TURNO ÚNICO,155748,SIM,2025-12-09,
81709,3074,NOMINAL,PDL 400/2025 -TURNO ÚNICO,155748,SIM,2025-12-09,
81710,3074,NOMINAL,PDL 400/2025 -TURNO ÚNICO,155748,SIM,2025-12-09,
81711,3074,NOMINAL,PDL 400/2025 -TURNO ÚNICO,155748,SIM,2025-12-09,
81712,3077,NOMINAL,PDL 401/2025 - TURNO ÚNICO,155756,SIM,2025-12-09,
81713,3077,NOMINAL,PDL 401/2025 - TURNO ÚNICO,155756,SIM,2025-12-09,
81714,3077,NOMINAL,PDL 401/2025 - TURNO ÚNICO,155756,SIM,2025-12-09,
81715,3077,NOMINAL,PDL 401/2025 - TURNO ÚNICO,155756,SIM,2025-12-09,
81716,3077,NOMINAL,PDL 401/2025 - TURNO ÚNICO,155756,SIM,2025-12-09,
81717,3077,NOMINAL,PDL 401/2025 - TURNO ÚNICO,155756,SIM,2025-12-09,
81718,3077,NOMINAL,PDL 401/2025 - TURNO ÚNICO,155756,SIM,2025-12-09,
81719,3077,NOMINAL,PDL 401/2025 - TURNO ÚNICO,155756,SIM,2025-12-09,
81720,3077,NOMINAL,PDL 401/2025 - TURNO ÚNICO,155756,SIM,2025-12-09,
81721,3077,NOMINAL,PDL 401/2025 - TURNO ÚNICO,155756,SIM,2025-12-09,
81722,3077,NOMINAL,PDL 401/2025 - TURNO ÚNICO,155756,SIM,2025-12-09,
81723,3077,NOMINAL,PDL 401/2025 - TURNO ÚNICO,155756,SIM,2025-12-09,
81724,3077,NOMINAL,PDL 401/2025 - TURNO ÚNICO,155756,SIM,2025-12-09,
81725,3077,NOMINAL,PDL 401/2025 - TURNO ÚNICO,155756,SIM,2025-12-09,
81726,3077,NOMINAL,PDL 401/2025 - TURNO ÚNICO,155756,SIM,2025-12-09,
81727,3077,NOMINAL,PDL 401/2025 - TURNO ÚNICO,155756,SIM,2025-12-09,
81728,3077,NOMINAL,PDL 401/2025 - TURNO ÚNICO,155756,SIM,2025-12-09,
81729,3077,NOMINAL,PDL 401/2025 - TURNO ÚNICO,155756,SIM,2025-12-09,
81730,3077,NOMINAL,PDL 401/2025 - TURNO ÚNICO,155756,SIM,2025-12-09,
81731,3077,NOMINAL,PDL 401/2025 - TURNO ÚNICO,155756,SIM,2025-12-09,
81732,3077,NOMINAL,PDL 401/2025 - TURNO ÚNICO,155756,SIM,2025-12-09,
81733,3080,NOMINAL,PDL 403/2025 - TURNO ÚNICO,155749,SIM,2025-12-09,
81734,3080,NOMINAL,PDL 403/2025 - TURNO ÚNICO,155749,SIM,2025-12-09,
81735,3080,NOMINAL,PDL 403/2025 - TURNO ÚNICO,155749,SIM,2025-12-09,
81736,3080,NOMINAL,PDL 403/2025 - TURNO ÚNICO,155749,SIM,2025-12-09,
81737,3080,NOMINAL,PDL 403/2025 - TURNO ÚNICO,155749,SIM,2025-12-09,
81738,3080,NOMINAL,PDL 403/2025 - TURNO ÚNICO,155749,SIM,2025-12-09,
81739,3080,NOMINAL,PDL 403/2025 - TURNO ÚNICO,155749,SIM,2025-12-09,
81740,3080,NOMINAL,PDL 403/2025 - TURNO ÚNICO,155749,SIM,2025-12-09,
81741,3080,NOMINAL,PDL 403/2025 - TURNO ÚNICO,155749,SIM,2025-12-09,
81742,3080,NOMINAL,PDL 403/2025 - TURNO ÚNICO,155749,SIM,2025-12-09,
81743,3080,NOMINAL,PDL 403/2025 - TURNO ÚNICO,155749,SIM,2025-12-09,
81744,3080,NOMINAL,PDL 403/2025 - TURNO ÚNICO,155749,SIM,2025-12-09,
81745,3080,NOMINAL,PDL 403/2025 - TURNO ÚNICO,155749,SIM,2025-12-09,
81746,3080,NOMINAL,PDL 403/2025 - TURNO ÚNICO,155749,SIM,2025-12-09,
81747,3080,NOMINAL,PDL 403/2025 - TURNO ÚNICO,155749,SIM,2025-12-09,
81748,3080,NOMINAL,PDL 403/2025 - TURNO ÚNICO,155749,SIM,2025-12-09,
81749,3080,NOMINAL,PDL 403/2025 - TURNO ÚNICO,155749,SIM,2025-12-09,
81750,3080,NOMINAL,PDL 403/2025 - TURNO ÚNICO,155749,SIM,2025-12-09,
81751,3080,NOMINAL,PDL 403/2025 - TURNO ÚNICO,155749,SIM,2025-12-09,
81752,3080,NOMINAL,PDL 403/2025 - TURNO ÚNICO,155749,SIM,2025-12-09,
81753,3080,NOMINAL,PDL 403/2025 - TURNO ÚNICO,155749,SIM,2025-12-09,
81754,3082,NOMINAL,PDL 404/2025 - TURNO ÚNICO,155747,SIM,2025-12-09,
81755,3082,NOMINAL,PDL 404/2025 - TURNO ÚNICO,155747,SIM,2025-12-09,
81756,3082,NOMINAL,PDL 404/2025 - TURNO ÚNICO,155747,SIM,2025-12-09,
81757,3082,NOMINAL,PDL 404/2025 - TURNO ÚNICO,155747,SIM,2025-12-09,
81758,3082,NOMINAL,PDL 404/2025 - TURNO ÚNICO,155747,SIM,2025-12-09,
81759,3082,NOMINAL,PDL 404/2025 - TURNO ÚNICO,155747,SIM,2025-12-09,
81760,3082,NOMINAL,PDL 404/2025 - TURNO ÚNICO,155747,SIM,2025-12-09,
81761,3082,NOMINAL,PDL 404/2025 - TURNO ÚNICO,155747,SIM,2025-12-09,
81762,3082,NOMINAL,PDL 404/2025 - TURNO ÚNICO,155747,SIM,2025-12-09,
81763,3082,NOMINAL,PDL 404/2025 - TURNO ÚNICO,155747,SIM,2025-12-09,
81764,3082,NOMINAL,PDL 404/2025 - TURNO ÚNICO,155747,SIM,2025-12-09,
81765,3082,NOMINAL,PDL 404/2025 - TURNO ÚNICO,155747,SIM,2025-12-09,
81766,3082,NOMINAL,PDL 404/2025 - TURNO ÚNICO,155747,SIM,2025-12-09,
81767,3082,NOMINAL,PDL 404/2025 - TURNO ÚNICO,155747,SIM,2025-12-09,
81768,3082,NOMINAL,PDL 404/2025 - TURNO ÚNICO,155747,SIM,2025-12-09,
81769,3082,NOMINAL,PDL 404/2025 - TURNO ÚNICO,155747,SIM,2025-12-09,
81770,3082,NOMINAL,PDL 404/2025 - TURNO ÚNICO,155747,SIM,2025-12-09,
81771,3082,NOMINAL,PDL 404/2025 - TURNO ÚNICO,155747,SIM,2025-12-09,
81772,3082,NOMINAL,PDL 404/2025 - TURNO ÚNICO,155747,SIM,2025-12-09,
81773,3082,NOMINAL,PDL 404/2025 - TURNO ÚNICO,155747,SIM,2025-12-09,
81774,3082,NOMINAL,PDL 404/2025 - TURNO ÚNICO,155747,SIM,2025-12-09,
81775,3082,NOMINAL,PDL 404/2025 - TURNO ÚNICO,155747,SIM,2025-12-09,
81776,3082,NOMINAL,PDL 404/2025 - TURNO ÚNICO,155747,SIM,2025-12-09,
81777,3084,NOMINAL,PDL 209/2024 - TURNO ÚNICO,22277,SIM,2025-12-09,
81778,3084,NOMINAL,PDL 209/2024 - TURNO ÚNICO,22277,SIM,2025-12-09,
81779,3084,NOMINAL,PDL 209/2024 - TURNO ÚNICO,22277,SIM,2025-12-09,
81780,3084,NOMINAL,PDL 209/2024 - TURNO ÚNICO,22277,SIM,2025-12-09,
81781,3084,NOMINAL,PDL 209/2024 - TURNO ÚNICO,22277,SIM,2025-12-09,
81782,3084,NOMINAL,PDL 209/2024 - TURNO ÚNICO,22277,SIM,2025-12-09,
81783,3084,NOMINAL,PDL 209/2024 - TURNO ÚNICO,22277,SIM,2025-12-09,
81784,3084,NOMINAL,PDL 209/2024 - TURNO ÚNICO,22277,SIM,2025-12-09,
81785,3084,NOMINAL,PDL 209/2024 - TURNO ÚNICO,22277,SIM,2025-12-09,
81786,3084,NOMINAL,PDL 209/2024 - TURNO ÚNICO,22277,SIM,2025-12-09,
81787,3084,NOMINAL,PDL 209/2024 - TURNO ÚNICO,22277,SIM,2025-12-09,
81788,3084,NOMINAL,PDL 209/2024 - TURNO ÚNICO,22277,SIM,2025-12-09,
81789,3084,NOMINAL,PDL 209/2024 - TURNO ÚNICO,22277,SIM,2025-12-09,
81790,3084,NOMINAL,PDL 209/2024 - TURNO ÚNICO,22277,SIM,2025-12-09,
81791,3084,NOMINAL,PDL 209/2024 - TURNO ÚNICO,22277,SIM,2025-12-09,
81792,3084,NOMINAL,PDL 209/2024 - TURNO ÚNICO,22277,SIM,2025-12-09,
81793,3084,NOMINAL,PDL 209/2024 - TURNO ÚNICO,22277,SIM,2025-12-09,
81794,3084,NOMINAL,PDL 209/2024 - TURNO ÚNICO,22277,SIM,2025-12-09,
81795,3084,NOMINAL,PDL 209/2024 - TURNO ÚNICO,22277,SIM,2025-12-09,
81796,3084,NOMINAL,PDL 209/2024 - TURNO ÚNICO,22277,SIM,2025-12-09,
81797,3084,NOMINAL,PDL 209/2024 - TURNO ÚNICO,22277,SIM,2025-12-09,
81798,3087,NOMINAL,PL 1937/2025  - PARECER CEOF,154385,SIM,2025-12-10,
81799,3087,NOMINAL,PL 1937/2025  - PARECER CEOF,154385,NAO,2025-12-10,
81800,3087,NOMINAL,PL 1937/2025  - PARECER CEOF,154385,SIM,2025-12-10,
81801,3087,NOMINAL,PL 1937/2025  - PARECER CEOF,154385,SIM,2025-12-10,
81802,3087,NOMINAL,PL 1937/2025  - PARECER CEOF,154385,NAO,2025-12-10,
81803,3087,NOMINAL,PL 1937/2025  - PARECER CEOF,154385,NAO,2025-12-10,
81804,3087,NOMINAL,PL 1937/2025  - PARECER CEOF,154385,SIM,2025-12-10,
81805,3087,NOMINAL,PL 1937/2025  - PARECER CEOF,154385,SIM,2025-12-10,
81806,3087,NOMINAL,PL 1937/2025  - PARECER CEOF,154385,SIM,2025-12-10,
81807,3087,NOMINAL,PL 1937/2025  - PARECER CEOF,154385,SIM,2025-12-10,
81808,3087,NOMINAL,PL 1937/2025  - PARECER CEOF,154385,SIM,2025-12-10,
81809,3087,NOMINAL,PL 1937/2025  - PARECER CEOF,154385,SIM,2025-12-10,
81810,3087,NOMINAL,PL 1937/2025  - PARECER CEOF,154385,SIM,2025-12-10,
81811,3087,NOMINAL,PL 1937/2025  - PARECER CEOF,154385,NAO,2025-12-10,
81812,3087,NOMINAL,PL 1937/2025  - PARECER CEOF,154385,SIM,2025-12-10,
81813,3087,NOMINAL,PL 1937/2025  - PARECER CEOF,154385,SIM,2025-12-10,
81814,3087,NOMINAL,PL 1937/2025  - PARECER CEOF,154385,SIM,2025-12-10,
81815,3087,NOMINAL,PL 1937/2025  - PARECER CEOF,154385,SIM,2025-12-10,
81816,3087,NOMINAL,PL 1937/2025  - PARECER CEOF,154385,SIM,2025-12-10,
81817,3087,NOMINAL,PL 1937/2025  - PARECER CEOF,154385,SIM,2025-12-10,
81818,3087,NOMINAL,PL 1937/2025  - PARECER CEOF,154385,SIM,2025-12-10,
81819,3087,NOMINAL,PL 1937/2025  - PARECER CEOF,154385,SIM,2025-12-10,
81820,3088,NOMINAL,PL 1937/2025  - 1º TURNO,154385,SIM,2025-12-10,
81821,3088,NOMINAL,PL 1937/2025  - 1º TURNO,154385,SIM,2025-12-10,
81822,3088,NOMINAL,PL 1937/2025  - 1º TURNO,154385,NAO,2025-12-10,
81823,3088,NOMINAL,PL 1937/2025  - 1º TURNO,154385,SIM,2025-12-10,
81824,3088,NOMINAL,PL 1937/2025  - 1º TURNO,154385,SIM,2025-12-10,
81825,3088,NOMINAL,PL 1937/2025  - 1º TURNO,154385,NAO,2025-12-10,
81826,3088,NOMINAL,PL 1937/2025  - 1º TURNO,154385,NAO,2025-12-10,
81827,3088,NOMINAL,PL 1937/2025  - 1º TURNO,154385,SIM,2025-12-10,
81828,3088,NOMINAL,PL 1937/2025  - 1º TURNO,154385,SIM,2025-12-10,
81829,3088,NOMINAL,PL 1937/2025  - 1º TURNO,154385,SIM,2025-12-10,
81830,3088,NOMINAL,PL 1937/2025  - 1º TURNO,154385,SIM,2025-12-10,
81831,3088,NOMINAL,PL 1937/2025  - 1º TURNO,154385,SIM,2025-12-10,
81832,3088,NOMINAL,PL 1937/2025  - 1º TURNO,154385,SIM,2025-12-10,
81833,3088,NOMINAL,PL 1937/2025  - 1º TURNO,154385,NAO,2025-12-10,
81834,3088,NOMINAL,PL 1937/2025  - 1º TURNO,154385,SIM,2025-12-10,
81835,3088,NOMINAL,PL 1937/2025  - 1º TURNO,154385,SIM,2025-12-10,
81836,3088,NOMINAL,PL 1937/2025  - 1º TURNO,154385,SIM,2025-12-10,
81837,3088,NOMINAL,PL 1937/2025  - 1º TURNO,154385,SIM,2025-12-10,
81838,3088,NOMINAL,PL 1937/2025  - 1º TURNO,154385,SIM,2025-12-10,
81839,3088,NOMINAL,PL 1937/2025  - 1º TURNO,154385,SIM,2025-12-10,
81840,3088,NOMINAL,PL 1937/2025  - 1º TURNO,154385,SIM,2025-12-10,
81841,3089,NOMINAL,PL 2091/2025  - 2ºTURNO,155774,SIM,2025-12-09,
81842,3089,NOMINAL,PL 2091/2025  - 2ºTURNO,155774,SIM,2025-12-09,
81843,3089,NOMINAL,PL 2091/2025  - 2ºTURNO,155774,SIM,2025-12-09,
81844,3089,NOMINAL,PL 2091/2025  - 2ºTURNO,155774,SIM,2025-12-09,
81845,3089,NOMINAL,PL 2091/2025  - 2ºTURNO,155774,SIM,2025-12-09,
81846,3089,NOMINAL,PL 2091/2025  - 2ºTURNO,155774,SIM,2025-12-09,
81847,3089,NOMINAL,PL 2091/2025  - 2ºTURNO,155774,SIM,2025-12-09,
81848,3089,NOMINAL,PL 2091/2025  - 2ºTURNO,155774,SIM,2025-12-09,
81849,3089,NOMINAL,PL 2091/2025  - 2ºTURNO,155774,SIM,2025-12-09,
81850,3089,NOMINAL,PL 2091/2025  - 2ºTURNO,155774,SIM,2025-12-09,
81851,3089,NOMINAL,PL 2091/2025  - 2ºTURNO,155774,SIM,2025-12-09,
81852,3089,NOMINAL,PL 2091/2025  - 2ºTURNO,155774,SIM,2025-12-09,
81853,3089,NOMINAL,PL 2091/2025  - 2ºTURNO,155774,SIM,2025-12-09,
81854,3089,NOMINAL,PL 2091/2025  - 2ºTURNO,155774,SIM,2025-12-09,
81855,3089,NOMINAL,PL 2091/2025  - 2ºTURNO,155774,SIM,2025-12-09,
81856,3089,NOMINAL,PL 2091/2025  - 2ºTURNO,155774,SIM,2025-12-09,
81857,3089,NOMINAL,PL 2091/2025  - 2ºTURNO,155774,SIM,2025-12-09,
81858,3089,NOMINAL,PL 2091/2025  - 2ºTURNO,155774,SIM,2025-12-09,
81859,3089,NOMINAL,PL 2091/2025  - 2ºTURNO,155774,SIM,2025-12-09,
81860,3089,NOMINAL,PL 2091/2025  - 2ºTURNO,155774,SIM,2025-12-09,
81861,3089,NOMINAL,PL 2091/2025  - 2ºTURNO,155774,SIM,2025-12-09,
81862,3089,NOMINAL,PL 2091/2025  - 2ºTURNO,155774,SIM,2025-12-09,
81863,3090,NOMINAL,PL 1937/2025  - 2º TURNO,154385,SIM,2025-12-10,
81864,3090,NOMINAL,PL 1937/2025  - 2º TURNO,154385,SIM,2025-12-10,
81865,3090,NOMINAL,PL 1937/2025  - 2º TURNO,154385,NAO,2025-12-10,
81866,3090,NOMINAL,PL 1937/2025  - 2º TURNO,154385,SIM,2025-12-10,
81867,3090,NOMINAL,PL 1937/2025  - 2º TURNO,154385,SIM,2025-12-10,
81868,3090,NOMINAL,PL 1937/2025  - 2º TURNO,154385,NAO,2025-12-10,
81869,3090,NOMINAL,PL 1937/2025  - 2º TURNO,154385,NAO,2025-12-10,
81870,3090,NOMINAL,PL 1937/2025  - 2º TURNO,154385,SIM,2025-12-10,
81871,3090,NOMINAL,PL 1937/2025  - 2º TURNO,154385,SIM,2025-12-10,
81872,3090,NOMINAL,PL 1937/2025  - 2º TURNO,154385,SIM,2025-12-10,
81873,3090,NOMINAL,PL 1937/2025  - 2º TURNO,154385,SIM,2025-12-10,
81874,3090,NOMINAL,PL 1937/2025  - 2º TURNO,154385,SIM,2025-12-10,
81875,3090,NOMINAL,PL 1937/2025  - 2º TURNO,154385,SIM,2025-12-10,
81876,3090,NOMINAL,PL 1937/2025  - 2º TURNO,154385,NAO,2025-12-10,
81877,3090,NOMINAL,PL 1937/2025  - 2º TURNO,154385,SIM,2025-12-10,
81878,3090,NOMINAL,PL 1937/2025  - 2º TURNO,154385,SIM,2025-12-10,
81879,3090,NOMINAL,PL 1937/2025  - 2º TURNO,154385,SIM,2025-12-10,
81880,3090,NOMINAL,PL 1937/2025  - 2º TURNO,154385,SIM,2025-12-10,
81881,3090,NOMINAL,PL 1937/2025  - 2º TURNO,154385,SIM,2025-12-10,
81882,3090,NOMINAL,PL 1937/2025  - 2º TURNO,154385,SIM,2025-12-10,
81883,3090,NOMINAL,PL 1937/2025  - 2º TURNO,154385,SIM,2025-12-10,
81884,3095,NOMINAL,PL 2081/2025  - 1º TURNO,155745,SIM,2025-12-09,
81885,3095,NOMINAL,PL 2081/2025  - 1º TURNO,155745,SIM,2025-12-09,
81886,3095,NOMINAL,PL 2081/2025  - 1º TURNO,155745,SIM,2025-12-09,
81887,3095,NOMINAL,PL 2081/2025  - 1º TURNO,155745,SIM,2025-12-09,
81888,3095,NOMINAL,PL 2081/2025  - 1º TURNO,155745,SIM,2025-12-09,
81889,3095,NOMINAL,PL 2081/2025  - 1º TURNO,155745,SIM,2025-12-09,
81890,3095,NOMINAL,PL 2081/2025  - 1º TURNO,155745,SIM,2025-12-09,
81891,3095,NOMINAL,PL 2081/2025  - 1º TURNO,155745,SIM,2025-12-09,
81892,3095,NOMINAL,PL 2081/2025  - 1º TURNO,155745,SIM,2025-12-09,
81893,3095,NOMINAL,PL 2081/2025  - 1º TURNO,155745,SIM,2025-12-09,
81894,3095,NOMINAL,PL 2081/2025  - 1º TURNO,155745,SIM,2025-12-09,
81895,3095,NOMINAL,PL 2081/2025  - 1º TURNO,155745,SIM,2025-12-09,
81896,3095,NOMINAL,PL 2081/2025  - 1º TURNO,155745,SIM,2025-12-09,
81897,3095,NOMINAL,PL 2081/2025  - 1º TURNO,155745,SIM,2025-12-09,
81898,3095,NOMINAL,PL 2081/2025  - 1º TURNO,155745,SIM,2025-12-09,
81899,3095,NOMINAL,PL 2081/2025  - 1º TURNO,155745,SIM,2025-12-09,
81900,3095,NOMINAL,PL 2081/2025  - 1º TURNO,155745,SIM,2025-12-09,
81901,3095,NOMINAL,PL 2081/2025  - 1º TURNO,155745,SIM,2025-12-09,
81902,3095,NOMINAL,PL 2081/2025  - 1º TURNO,155745,SIM,2025-12-09,
81903,3095,NOMINAL,PL 2081/2025  - 1º TURNO,155745,SIM,2025-12-09,
81904,3095,NOMINAL,PL 2081/2025  - 1º TURNO,155745,SIM,2025-12-09,
81905,3096,NOMINAL,PL 2081/2025  - 2º TURNO,155745,SIM,2025-12-09,
81906,3096,NOMINAL,PL 2081/2025  - 2º TURNO,155745,SIM,2025-12-09,
81907,3096,NOMINAL,PL 2081/2025  - 2º TURNO,155745,SIM,2025-12-09,
81908,3096,NOMINAL,PL 2081/2025  - 2º TURNO,155745,SIM,2025-12-09,
81909,3096,NOMINAL,PL 2081/2025  - 2º TURNO,155745,SIM,2025-12-09,
81910,3096,NOMINAL,PL 2081/2025  - 2º TURNO,155745,SIM,2025-12-09,
81911,3096,NOMINAL,PL 2081/2025  - 2º TURNO,155745,SIM,2025-12-09,
81912,3096,NOMINAL,PL 2081/2025  - 2º TURNO,155745,SIM,2025-12-09,
81913,3096,NOMINAL,PL 2081/2025  - 2º TURNO,155745,SIM,2025-12-09,
81914,3096,NOMINAL,PL 2081/2025  - 2º TURNO,155745,SIM,2025-12-09,
81915,3096,NOMINAL,PL 2081/2025  - 2º TURNO,155745,SIM,2025-12-09,
81916,3096,NOMINAL,PL 2081/2025  - 2º TURNO,155745,SIM,2025-12-09,
81917,3096,NOMINAL,PL 2081/2025  - 2º TURNO,155745,SIM,2025-12-09,
81918,3096,NOMINAL,PL 2081/2025  - 2º TURNO,155745,SIM,2025-12-09,
81919,3096,NOMINAL,PL 2081/2025  - 2º TURNO,155745,SIM,2025-12-09,
81920,3096,NOMINAL,PL 2081/2025  - 2º TURNO,155745,SIM,2025-12-09,
81921,3096,NOMINAL,PL 2081/2025  - 2º TURNO,155745,SIM,2025-12-09,
81922,3096,NOMINAL,PL 2081/2025  - 2º TURNO,155745,SIM,2025-12-09,
81923,3096,NOMINAL,PL 2081/2025  - 2º TURNO,155745,SIM,2025-12-09,
81924,3096,NOMINAL,PL 2081/2025  - 2º TURNO,155745,SIM,2025-12-09,
81925,3096,NOMINAL,PL 2081/2025  - 2º TURNO,155745,SIM,2025-12-09,
81926,3096,NOMINAL,PL 2081/2025  - 2º TURNO,155745,SIM,2025-12-09,
81927,3115,NOMINAL,PDL 405/2025 -TURNO ÚNICO,155795,SIM,2025-12-09,
81928,3115,NOMINAL,PDL 405/2025 -TURNO ÚNICO,155795,SIM,2025-12-09,
81929,3115,NOMINAL,PDL 405/2025 -TURNO ÚNICO,155795,SIM,2025-12-09,
81930,3115,NOMINAL,PDL 405/2025 -TURNO ÚNICO,155795,SIM,2025-12-09,
81931,3115,NOMINAL,PDL 405/2025 -TURNO ÚNICO,155795,SIM,2025-12-09,
81932,3115,NOMINAL,PDL 405/2025 -TURNO ÚNICO,155795,SIM,2025-12-09,
81933,3115,NOMINAL,PDL 405/2025 -TURNO ÚNICO,155795,SIM,2025-12-09,
81934,3115,NOMINAL,PDL 405/2025 -TURNO ÚNICO,155795,SIM,2025-12-09,
81935,3115,NOMINAL,PDL 405/2025 -TURNO ÚNICO,155795,SIM,2025-12-09,
81936,3115,NOMINAL,PDL 405/2025 -TURNO ÚNICO,155795,SIM,2025-12-09,
81937,3115,NOMINAL,PDL 405/2025 -TURNO ÚNICO,155795,SIM,2025-12-09,
81938,3115,NOMINAL,PDL 405/2025 -TURNO ÚNICO,155795,SIM,2025-12-09,
81939,3115,NOMINAL,PDL 405/2025 -TURNO ÚNICO,155795,SIM,2025-12-09,
81940,3115,NOMINAL,PDL 405/2025 -TURNO ÚNICO,155795,SIM,2025-12-09,
81941,3115,NOMINAL,PDL 405/2025 -TURNO ÚNICO,155795,SIM,2025-12-09,
81942,3115,NOMINAL,PDL 405/2025 -TURNO ÚNICO,155795,SIM,2025-12-09,
81943,3115,NOMINAL,PDL 405/2025 -TURNO ÚNICO,155795,SIM,2025-12-09,
81944,3115,NOMINAL,PDL 405/2025 -TURNO ÚNICO,155795,SIM,2025-12-09,
81945,3115,NOMINAL,PDL 405/2025 -TURNO ÚNICO,155795,SIM,2025-12-09,
81946,3115,NOMINAL,PDL 405/2025 -TURNO ÚNICO,155795,SIM,2025-12-09,
81947,3115,NOMINAL,PDL 405/2025 -TURNO ÚNICO,155795,SIM,2025-12-09,
81948,3117,NOMINAL,PLC 92/2025 - 1º TURNO,155654,SIM,2025-12-09,
81949,3117,NOMINAL,PLC 92/2025 - 1º TURNO,155654,SIM,2025-12-09,
81950,3117,NOMINAL,PLC 92/2025 - 1º TURNO,155654,SIM,2025-12-09,
81951,3117,NOMINAL,PLC 92/2025 - 1º TURNO,155654,SIM,2025-12-09,
81952,3117,NOMINAL,PLC 92/2025 - 1º TURNO,155654,SIM,2025-12-09,
81953,3117,NOMINAL,PLC 92/2025 - 1º TURNO,155654,SIM,2025-12-09,
81954,3117,NOMINAL,PLC 92/2025 - 1º TURNO,155654,SIM,2025-12-09,
81955,3117,NOMINAL,PLC 92/2025 - 1º TURNO,155654,SIM,2025-12-09,
81956,3117,NOMINAL,PLC 92/2025 - 1º TURNO,155654,SIM,2025-12-09,
81957,3117,NOMINAL,PLC 92/2025 - 1º TURNO,155654,SIM,2025-12-09,
81958,3117,NOMINAL,PLC 92/2025 - 1º TURNO,155654,SIM,2025-12-09,
81959,3117,NOMINAL,PLC 92/2025 - 1º TURNO,155654,SIM,2025-12-09,
81960,3117,NOMINAL,PLC 92/2025 - 1º TURNO,155654,SIM,2025-12-09,
81961,3117,NOMINAL,PLC 92/2025 - 1º TURNO,155654,SIM,2025-12-09,
81962,3117,NOMINAL,PLC 92/2025 - 1º TURNO,155654,SIM,2025-12-09,
81963,3117,NOMINAL,PLC 92/2025 - 1º TURNO,155654,SIM,2025-12-09,
81964,3117,NOMINAL,PLC 92/2025 - 1º TURNO,155654,SIM,2025-12-09,
81965,3117,NOMINAL,PLC 92/2025 - 1º TURNO,155654,SIM,2025-12-09,
81966,3117,NOMINAL,PLC 92/2025 - 1º TURNO,155654,SIM,2025-12-09,
81967,3117,NOMINAL,PLC 92/2025 - 1º TURNO,155654,SIM,2025-12-09,
81968,3117,NOMINAL,PLC 92/2025 - 1º TURNO,155654,SIM,2025-12-09,
81969,3117,NOMINAL,PLC 92/2025 - 1º TURNO,155654,ABSTENCAO,2025-12-09,
81970,3117,NOMINAL,PLC 92/2025 - 1º TURNO,155654,SIM,2025-12-09,
81971,3119,NOMINAL,PLC 92/2025 - 2º TURNO,155654,SIM,2025-12-09,
81972,3119,NOMINAL,PLC 92/2025 - 2º TURNO,155654,SIM,2025-12-09,
81973,3119,NOMINAL,PLC 92/2025 - 2º TURNO,155654,SIM,2025-12-09,
81974,3119,NOMINAL,PLC 92/2025 - 2º TURNO,155654,SIM,2025-12-09,
81975,3119,NOMINAL,PLC 92/2025 - 2º TURNO,155654,SIM,2025-12-09,
81976,3119,NOMINAL,PLC 92/2025 - 2º TURNO,155654,SIM,2025-12-09,
81977,3119,NOMINAL,PLC 92/2025 - 2º TURNO,155654,SIM,2025-12-09,
81978,3119,NOMINAL,PLC 92/2025 - 2º TURNO,155654,SIM,2025-12-09,
81979,3119,NOMINAL,PLC 92/2025 - 2º TURNO,155654,SIM,2025-12-09,
81980,3119,NOMINAL,PLC 92/2025 - 2º TURNO,155654,SIM,2025-12-09,
81981,3119,NOMINAL,PLC 92/2025 - 2º TURNO,155654,SIM,2025-12-09,
81982,3119,NOMINAL,PLC 92/2025 - 2º TURNO,155654,SIM,2025-12-09,
81983,3119,NOMINAL,PLC 92/2025 - 2º TURNO,155654,SIM,2025-12-09,
81984,3119,NOMINAL,PLC 92/2025 - 2º TURNO,155654,SIM,2025-12-09,
81985,3119,NOMINAL,PLC 92/2025 - 2º TURNO,155654,SIM,2025-12-09,
81986,3119,NOMINAL,PLC 92/2025 - 2º TURNO,155654,SIM,2025-12-09,
81987,3119,NOMINAL,PLC 92/2025 - 2º TURNO,155654,SIM,2025-12-09,
81988,3119,NOMINAL,PLC 92/2025 - 2º TURNO,155654,SIM,2025-12-09,
81989,3119,NOMINAL,PLC 92/2025 - 2º TURNO,155654,SIM,2025-12-09,
81990,3119,NOMINAL,PLC 92/2025 - 2º TURNO,155654,SIM,2025-12-09,
81991,3119,NOMINAL,PLC 92/2025 - 2º TURNO,155654,SIM,2025-12-09,
81992,3119,NOMINAL,PLC 92/2025 - 2º TURNO,155654,SIM,2025-12-09,
81993,3143,NOMINAL,PL 2015/2025  - PARECERES CEOF E CCJ,155299,NAO,2025-12-10,
81994,3143,NOMINAL,PL 2015/2025  - PARECERES CEOF E CCJ,155299,SIM,2025-12-10,
81995,3143,NOMINAL,PL 2015/2025  - PARECERES CEOF E CCJ,155299,NAO,2025-12-10,
81996,3143,NOMINAL,PL 2015/2025  - PARECERES CEOF E CCJ,155299,SIM,2025-12-10,
81997,3143,NOMINAL,PL 2015/2025  - PARECERES CEOF E CCJ,155299,NAO,2025-12-10,
81998,3143,NOMINAL,PL 2015/2025  - PARECERES CEOF E CCJ,155299,NAO,2025-12-10,
81999,3143,NOMINAL,PL 2015/2025  - PARECERES CEOF E CCJ,155299,SIM,2025-12-10,
82000,3143,NOMINAL,PL 2015/2025  - PARECERES CEOF E CCJ,155299,SIM,2025-12-10,
82001,3143,NOMINAL,PL 2015/2025  - PARECERES CEOF E CCJ,155299,SIM,2025-12-10,
82002,3143,NOMINAL,PL 2015/2025  - PARECERES CEOF E CCJ,155299,SIM,2025-12-10,
82003,3143,NOMINAL,PL 2015/2025  - PARECERES CEOF E CCJ,155299,SIM,2025-12-10,
82004,3143,NOMINAL,PL 2015/2025  - PARECERES CEOF E CCJ,155299,SIM,2025-12-10,
82005,3143,NOMINAL,PL 2015/2025  - PARECERES CEOF E CCJ,155299,SIM,2025-12-10,
82006,3143,NOMINAL,PL 2015/2025  - PARECERES CEOF E CCJ,155299,NAO,2025-12-10,
82007,3143,NOMINAL,PL 2015/2025  - PARECERES CEOF E CCJ,155299,SIM,2025-12-10,
82008,3143,NOMINAL,PL 2015/2025  - PARECERES CEOF E CCJ,155299,NAO,2025-12-10,
82009,3143,NOMINAL,PL 2015/2025  - PARECERES CEOF E CCJ,155299,SIM,2025-12-10,
82010,3143,NOMINAL,PL 2015/2025  - PARECERES CEOF E CCJ,155299,NAO,2025-12-10,
82011,3143,NOMINAL,PL 2015/2025  - PARECERES CEOF E CCJ,155299,SIM,2025-12-10,
82012,3143,NOMINAL,PL 2015/2025  - PARECERES CEOF E CCJ,155299,SIM,2025-12-10,
82013,3143,NOMINAL,PL 2015/2025  - PARECERES CEOF E CCJ,155299,SIM,2025-12-10,
82014,3143,NOMINAL,PL 2015/2025  - PARECERES CEOF E CCJ,155299,SIM,2025-12-10,
82015,3176,NOMINAL,PLC 95/2025  - 1º TURNO,155811,SIM,2025-12-10,
82016,3176,NOMINAL,PLC 95/2025  - 1º TURNO,155811,SIM,2025-12-10,
82017,3176,NOMINAL,PLC 95/2025  - 1º TURNO,155811,SIM,2025-12-10,
82018,3176,NOMINAL,PLC 95/2025  - 1º TURNO,155811,SIM,2025-12-10,
82019,3176,NOMINAL,PLC 95/2025  - 1º TURNO,155811,SIM,2025-12-10,
82020,3176,NOMINAL,PLC 95/2025  - 1º TURNO,155811,SIM,2025-12-10,
82021,3176,NOMINAL,PLC 95/2025  - 1º TURNO,155811,SIM,2025-12-10,
82022,3176,NOMINAL,PLC 95/2025  - 1º TURNO,155811,SIM,2025-12-10,
82023,3176,NOMINAL,PLC 95/2025  - 1º TURNO,155811,SIM,2025-12-10,
82024,3176,NOMINAL,PLC 95/2025  - 1º TURNO,155811,SIM,2025-12-10,
82025,3176,NOMINAL,PLC 95/2025  - 1º TURNO,155811,SIM,2025-12-10,
82026,3176,NOMINAL,PLC 95/2025  - 1º TURNO,155811,SIM,2025-12-10,
82027,3176,NOMINAL,PLC 95/2025  - 1º TURNO,155811,SIM,2025-12-10,
82028,3176,NOMINAL,PLC 95/2025  - 1º TURNO,155811,SIM,2025-12-10,
82029,3176,NOMINAL,PLC 95/2025  - 1º TURNO,155811,SIM,2025-12-10,
82030,3176,NOMINAL,PLC 95/2025  - 1º TURNO,155811,SIM,2025-12-10,
82031,3176,NOMINAL,PLC 95/2025  - 1º TURNO,155811,SIM,2025-12-10,
82032,3176,NOMINAL,PLC 95/2025  - 1º TURNO,155811,SIM,2025-12-10,
82033,3176,NOMINAL,PLC 95/2025  - 1º TURNO,155811,SIM,2025-12-10,
82034,3176,NOMINAL,PLC 95/2025  - 1º TURNO,155811,SIM,2025-12-10,
82035,3177,NOMINAL,PLC 95/2025  - 2º TURNO,155811,SIM,2025-12-10,
82036,3177,NOMINAL,PLC 95/2025  - 2º TURNO,155811,SIM,2025-12-10,
82037,3177,NOMINAL,PLC 95/2025  - 2º TURNO,155811,SIM,2025-12-10,
82038,3177,NOMINAL,PLC 95/2025  - 2º TURNO,155811,SIM,2025-12-10,
82039,3177,NOMINAL,PLC 95/2025  - 2º TURNO,155811,SIM,2025-12-10,
82040,3177,NOMINAL,PLC 95/2025  - 2º TURNO,155811,SIM,2025-12-10,
82041,3177,NOMINAL,PLC 95/2025  - 2º TURNO,155811,SIM,2025-12-10,
82042,3177,NOMINAL,PLC 95/2025  - 2º TURNO,155811,SIM,2025-12-10,
82043,3177,NOMINAL,PLC 95/2025  - 2º TURNO,155811,SIM,2025-12-10,
82044,3177,NOMINAL,PLC 95/2025  - 2º TURNO,155811,SIM,2025-12-10,
82045,3177,NOMINAL,PLC 95/2025  - 2º TURNO,155811,SIM,2025-12-10,
82046,3177,NOMINAL,PLC 95/2025  - 2º TURNO,155811,SIM,2025-12-10,
82047,3177,NOMINAL,PLC 95/2025  - 2º TURNO,155811,SIM,2025-12-10,
82048,3177,NOMINAL,PLC 95/2025  - 2º TURNO,155811,SIM,2025-12-10,
82049,3177,NOMINAL,PLC 95/2025  - 2º TURNO,155811,SIM,2025-12-10,
82050,3177,NOMINAL,PLC 95/2025  - 2º TURNO,155811,SIM,2025-12-10,
82051,3177,NOMINAL,PLC 95/2025  - 2º TURNO,155811,SIM,2025-12-10,
82052,3177,NOMINAL,PLC 95/2025  - 2º TURNO,155811,SIM,2025-12-10,
82053,3177,NOMINAL,PLC 95/2025  - 2º TURNO,155811,SIM,2025-12-10,
82054,3177,NOMINAL,PLC 95/2025  - 2º TURNO,155811,SIM,2025-12-10,
82055,3177,NOMINAL,PLC 95/2025  - 2º TURNO,155811,SIM,2025-12-10,
82056,3213,NOMINAL,PL 2100/2025 - 1º TURNO,155879,NAO,2025-12-23,
82057,3213,NOMINAL,PL 2100/2025 - 1º TURNO,155879,SIM,2025-12-23,
82058,3213,NOMINAL,PL 2100/2025 - 1º TURNO,155879,NAO,2025-12-23,
82059,3213,NOMINAL,PL 2100/2025 - 1º TURNO,155879,SIM,2025-12-23,
82060,3213,NOMINAL,PL 2100/2025 - 1º TURNO,155879,SIM,2025-12-23,
82061,3213,NOMINAL,PL 2100/2025 - 1º TURNO,155879,NAO,2025-12-23,
82062,3213,NOMINAL,PL 2100/2025 - 1º TURNO,155879,NAO,2025-12-23,
82063,3213,NOMINAL,PL 2100/2025 - 1º TURNO,155879,SIM,2025-12-23,
82064,3213,NOMINAL,PL 2100/2025 - 1º TURNO,155879,SIM,2025-12-23,
82065,3213,NOMINAL,PL 2100/2025 - 1º TURNO,155879,SIM,2025-12-23,
82066,3213,NOMINAL,PL 2100/2025 - 1º TURNO,155879,SIM,2025-12-23,
82067,3213,NOMINAL,PL 2100/2025 - 1º TURNO,155879,SIM,2025-12-23,
82068,3213,NOMINAL,PL 2100/2025 - 1º TURNO,155879,SIM,2025-12-23,
82069,3213,NOMINAL,PL 2100/2025 - 1º TURNO,155879,SIM,2025-12-23,
82070,3213,NOMINAL,PL 2100/2025 - 1º TURNO,155879,NAO,2025-12-23,
82071,3213,NOMINAL,PL 2100/2025 - 1º TURNO,155879,NAO,2025-12-23,
82072,3213,NOMINAL,PL 2100/2025 - 1º TURNO,155879,SIM,2025-12-23,
82073,3213,NOMINAL,PL 2100/2025 - 1º TURNO,155879,NAO,2025-12-23,
82074,3213,NOMINAL,PL 2100/2025 - 1º TURNO,155879,SIM,2025-12-23,
82075,3213,NOMINAL,PL 2100/2025 - 1º TURNO,155879,SIM,2025-12-23,
82076,3213,NOMINAL,PL 2100/2025 - 1º TURNO,155879,SIM,2025-12-23,
82077,3213,NOMINAL,PL 2100/2025 - 1º TURNO,155879,SIM,2025-12-23,
82078,3213,NOMINAL,PL 2100/2025 - 1º TURNO,155879,SIM,2025-12-23,
82079,3214,NOMINAL,PL 2100/2025 - 2º TURNO,155879,NAO,2025-12-23,
82080,3214,NOMINAL,PL 2100/2025 - 2º TURNO,155879,SIM,2025-12-23,
82081,3214,NOMINAL,PL 2100/2025 - 2º TURNO,155879,NAO,2025-12-23,
82082,3214,NOMINAL,PL 2100/2025 - 2º TURNO,155879,SIM,2025-12-23,
82083,3214,NOMINAL,PL 2100/2025 - 2º TURNO,155879,SIM,2025-12-23,
82084,3214,NOMINAL,PL 2100/2025 - 2º TURNO,155879,NAO,2025-12-23,
82085,3214,NOMINAL,PL 2100/2025 - 2º TURNO,155879,NAO,2025-12-23,
82086,3214,NOMINAL,PL 2100/2025 - 2º TURNO,155879,SIM,2025-12-23,
82087,3214,NOMINAL,PL 2100/2025 - 2º TURNO,155879,SIM,2025-12-23,
82088,3214,NOMINAL,PL 2100/2025 - 2º TURNO,155879,SIM,2025-12-23,
82089,3214,NOMINAL,PL 2100/2025 - 2º TURNO,155879,SIM,2025-12-23,
82090,3214,NOMINAL,PL 2100/2025 - 2º TURNO,155879,SIM,2025-12-23,
82091,3214,NOMINAL,PL 2100/2025 - 2º TURNO,155879,SIM,2025-12-23,
82092,3214,NOMINAL,PL 2100/2025 - 2º TURNO,155879,NAO,2025-12-23,
82093,3214,NOMINAL,PL 2100/2025 - 2º TURNO,155879,SIM,2025-12-23,
82094,3214,NOMINAL,PL 2100/2025 - 2º TURNO,155879,NAO,2025-12-23,
82095,3214,NOMINAL,PL 2100/2025 - 2º TURNO,155879,SIM,2025-12-23,
82096,3214,NOMINAL,PL 2100/2025 - 2º TURNO,155879,NAO,2025-12-23,
82097,3214,NOMINAL,PL 2100/2025 - 2º TURNO,155879,SIM,2025-12-23,
82098,3214,NOMINAL,PL 2100/2025 - 2º TURNO,155879,SIM,2025-12-23,
82099,3214,NOMINAL,PL 2100/2025 - 2º TURNO,155879,SIM,2025-12-23,
82100,3214,NOMINAL,PL 2100/2025 - 2º TURNO,155879,SIM,2025-12-23,
82101,3214,NOMINAL,PL 2100/2025 - 2º TURNO,155879,SIM,2025-12-23,
82102,3215,NOMINAL,"PL 2100/2025 - PARECERES CTMU, CEOF E CCJ",155879,SIM,2025-12-23,
82103,3215,NOMINAL,"PL 2100/2025 - PARECERES CTMU, CEOF E CCJ",155879,SIM,2025-12-23,
82104,3215,NOMINAL,"PL 2100/2025 - PARECERES CTMU, CEOF E CCJ",155879,SIM,2025-12-23,
82105,3215,NOMINAL,"PL 2100/2025 - PARECERES CTMU, CEOF E CCJ",155879,SIM,2025-12-23,
82106,3215,NOMINAL,"PL 2100/2025 - PARECERES CTMU, CEOF E CCJ",155879,SIM,2025-12-23,
82107,3215,NOMINAL,"PL 2100/2025 - PARECERES CTMU, CEOF E CCJ",155879,SIM,2025-12-23,
82108,3215,NOMINAL,"PL 2100/2025 - PARECERES CTMU, CEOF E CCJ",155879,SIM,2025-12-23,
82109,3215,NOMINAL,"PL 2100/2025 - PARECERES CTMU, CEOF E CCJ",155879,SIM,2025-12-23,
82110,3215,NOMINAL,"PL 2100/2025 - PARECERES CTMU, CEOF E CCJ",155879,SIM,2025-12-23,
82111,3215,NOMINAL,"PL 2100/2025 - PARECERES CTMU, CEOF E CCJ",155879,SIM,2025-12-23,
82112,3215,NOMINAL,"PL 2100/2025 - PARECERES CTMU, CEOF E CCJ",155879,SIM,2025-12-23,
82113,3215,NOMINAL,"PL 2100/2025 - PARECERES CTMU, CEOF E CCJ",155879,SIM,2025-12-23,
82114,3215,NOMINAL,"PL 2100/2025 - PARECERES CTMU, CEOF E CCJ",155879,SIM,2025-12-23,
82115,3215,NOMINAL,"PL 2100/2025 - PARECERES CTMU, CEOF E CCJ",155879,SIM,2025-12-23,
82116,3215,NOMINAL,"PL 2100/2025 - PARECERES CTMU, CEOF E CCJ",155879,SIM,2025-12-23,
82117,3215,NOMINAL,"PL 2100/2025 - PARECERES CTMU, CEOF E CCJ",155879,SIM,2025-12-23,
82118,3215,NOMINAL,"PL 2100/2025 - PARECERES CTMU, CEOF E CCJ",155879,NAO,2025-12-23,
82119,3215,NOMINAL,"PL 2100/2025 - PARECERES CTMU, CEOF E CCJ",155879,SIM,2025-12-23,
82120,3215,NOMINAL,"PL 2100/2025 - PARECERES CTMU, CEOF E CCJ",155879,SIM,2025-12-23,
82121,3215,NOMINAL,"PL 2100/2025 - PARECERES CTMU, CEOF E CCJ",155879,SIM,2025-12-23,
82122,3215,NOMINAL,"PL 2100/2025 - PARECERES CTMU, CEOF E CCJ",155879,SIM,2025-12-23,
82123,3215,NOMINAL,"PL 2100/2025 - PARECERES CTMU, CEOF E CCJ",155879,SIM,2025-12-23,
82124,3215,NOMINAL,"PL 2100/2025 - PARECERES CTMU, CEOF E CCJ",155879,SIM,2025-12-23,
82125,3215,NOMINAL,"PL 2100/2025 - PARECERES CTMU, CEOF E CCJ",155879,SIM,2025-12-23,
82126,3216,NOMINAL,PL 2100/2025 - EMENDA DESTACADA Nº 1,155879,SIM,2025-12-23,
82127,3216,NOMINAL,PL 2100/2025 - EMENDA DESTACADA Nº 1,155879,NAO,2025-12-23,
82128,3216,NOMINAL,PL 2100/2025 - EMENDA DESTACADA Nº 1,155879,SIM,2025-12-23,
82129,3216,NOMINAL,PL 2100/2025 - EMENDA DESTACADA Nº 1,155879,NAO,2025-12-23,
82130,3216,NOMINAL,PL 2100/2025 - EMENDA DESTACADA Nº 1,155879,NAO,2025-12-23,
82131,3216,NOMINAL,PL 2100/2025 - EMENDA DESTACADA Nº 1,155879,SIM,2025-12-23,
82132,3216,NOMINAL,PL 2100/2025 - EMENDA DESTACADA Nº 1,155879,SIM,2025-12-23,
82133,3216,NOMINAL,PL 2100/2025 - EMENDA DESTACADA Nº 1,155879,NAO,2025-12-23,
82134,3216,NOMINAL,PL 2100/2025 - EMENDA DESTACADA Nº 1,155879,NAO,2025-12-23,
82135,3216,NOMINAL,PL 2100/2025 - EMENDA DESTACADA Nº 1,155879,NAO,2025-12-23,
82136,3216,NOMINAL,PL 2100/2025 - EMENDA DESTACADA Nº 1,155879,NAO,2025-12-23,
82137,3216,NOMINAL,PL 2100/2025 - EMENDA DESTACADA Nº 1,155879,NAO,2025-12-23,
82138,3216,NOMINAL,PL 2100/2025 - EMENDA DESTACADA Nº 1,155879,NAO,2025-12-23,
82139,3216,NOMINAL,PL 2100/2025 - EMENDA DESTACADA Nº 1,155879,SIM,2025-12-23,
82140,3216,NOMINAL,PL 2100/2025 - EMENDA DESTACADA Nº 1,155879,ABSTENCAO,2025-12-23,
82141,3216,NOMINAL,PL 2100/2025 - EMENDA DESTACADA Nº 1,155879,SIM,2025-12-23,
82142,3216,NOMINAL,PL 2100/2025 - EMENDA DESTACADA Nº 1,155879,NAO,2025-12-23,
82143,3216,NOMINAL,PL 2100/2025 - EMENDA DESTACADA Nº 1,155879,SIM,2025-12-23,
82144,3216,NOMINAL,PL 2100/2025 - EMENDA DESTACADA Nº 1,155879,NAO,2025-12-23,
82145,3216,NOMINAL,PL 2100/2025 - EMENDA DESTACADA Nº 1,155879,NAO,2025-12-23,
82146,3216,NOMINAL,PL 2100/2025 - EMENDA DESTACADA Nº 1,155879,NAO,2025-12-23,
82147,3216,NOMINAL,PL 2100/2025 - EMENDA DESTACADA Nº 1,155879,ABSTENCAO,2025-12-23,
82148,3216,NOMINAL,PL 2100/2025 - EMENDA DESTACADA Nº 1,155879,NAO,2025-12-23,
82149,3323,NOMINAL,PL 2175/2026 - 1° TURNO,156411,NAO,2026-03-03,
82150,3323,NOMINAL,PL 2175/2026 - 1° TURNO,156411,SIM,2026-03-03,
82151,3323,NOMINAL,PL 2175/2026 - 1° TURNO,156411,NAO,2026-03-03,
82152,3323,NOMINAL,PL 2175/2026 - 1° TURNO,156411,SIM,2026-03-03,
82153,3323,NOMINAL,PL 2175/2026 - 1° TURNO,156411,SIM,2026-03-03,
82154,3323,NOMINAL,PL 2175/2026 - 1° TURNO,156411,NAO,2026-03-03,
82155,3323,NOMINAL,PL 2175/2026 - 1° TURNO,156411,NAO,2026-03-03,
82156,3323,NOMINAL,PL 2175/2026 - 1° TURNO,156411,SIM,2026-03-03,
82157,3323,NOMINAL,PL 2175/2026 - 1° TURNO,156411,SIM,2026-03-03,
82158,3323,NOMINAL,PL 2175/2026 - 1° TURNO,156411,SIM,2026-03-03,
82159,3323,NOMINAL,PL 2175/2026 - 1° TURNO,156411,SIM,2026-03-03,
82160,3323,NOMINAL,PL 2175/2026 - 1° TURNO,156411,SIM,2026-03-03,
82161,3323,NOMINAL,PL 2175/2026 - 1° TURNO,156411,NAO,2026-03-03,
82162,3323,NOMINAL,PL 2175/2026 - 1° TURNO,156411,SIM,2026-03-03,
82163,3323,NOMINAL,PL 2175/2026 - 1° TURNO,156411,NAO,2026-03-03,
82164,3323,NOMINAL,PL 2175/2026 - 1° TURNO,156411,SIM,2026-03-03,
82165,3323,NOMINAL,PL 2175/2026 - 1° TURNO,156411,NAO,2026-03-03,
82166,3323,NOMINAL,PL 2175/2026 - 1° TURNO,156411,SIM,2026-03-03,
82167,3323,NOMINAL,PL 2175/2026 - 1° TURNO,156411,NAO,2026-03-03,
82168,3323,NOMINAL,PL 2175/2026 - 1° TURNO,156411,SIM,2026-03-03,
82169,3323,NOMINAL,PL 2175/2026 - 1° TURNO,156411,NAO,2026-03-03,
82170,3323,NOMINAL,PL 2175/2026 - 1° TURNO,156411,SIM,2026-03-03,
82171,3323,NOMINAL,PL 2175/2026 - 1° TURNO,156411,NAO,2026-03-03,
82172,3323,NOMINAL,PL 2175/2026 - 1° TURNO,156411,SIM,2026-03-03,
82173,3324,NOMINAL,PL 2175/2026 - 2° TURNO,156411,NAO,2026-03-03,
82174,3324,NOMINAL,PL 2175/2026 - 2° TURNO,156411,SIM,2026-03-03,
82175,3324,NOMINAL,PL 2175/2026 - 2° TURNO,156411,NAO,2026-03-03,
82176,3324,NOMINAL,PL 2175/2026 - 2° TURNO,156411,SIM,2026-03-03,
82177,3324,NOMINAL,PL 2175/2026 - 2° TURNO,156411,SIM,2026-03-03,
82178,3324,NOMINAL,PL 2175/2026 - 2° TURNO,156411,NAO,2026-03-03,
82179,3324,NOMINAL,PL 2175/2026 - 2° TURNO,156411,NAO,2026-03-03,
82180,3324,NOMINAL,PL 2175/2026 - 2° TURNO,156411,SIM,2026-03-03,
82181,3324,NOMINAL,PL 2175/2026 - 2° TURNO,156411,SIM,2026-03-03,
82182,3324,NOMINAL,PL 2175/2026 - 2° TURNO,156411,SIM,2026-03-03,
82183,3324,NOMINAL,PL 2175/2026 - 2° TURNO,156411,SIM,2026-03-03,
82184,3324,NOMINAL,PL 2175/2026 - 2° TURNO,156411,SIM,2026-03-03,
82185,3324,NOMINAL,PL 2175/2026 - 2° TURNO,156411,NAO,2026-03-03,
82186,3324,NOMINAL,PL 2175/2026 - 2° TURNO,156411,SIM,2026-03-03,
82187,3324,NOMINAL,PL 2175/2026 - 2° TURNO,156411,NAO,2026-03-03,
82188,3324,NOMINAL,PL 2175/2026 - 2° TURNO,156411,SIM,2026-03-03,
82189,3324,NOMINAL,PL 2175/2026 - 2° TURNO,156411,NAO,2026-03-03,
82190,3324,NOMINAL,PL 2175/2026 - 2° TURNO,156411,SIM,2026-03-03,
82191,3324,NOMINAL,PL 2175/2026 - 2° TURNO,156411,NAO,2026-03-03,
82192,3324,NOMINAL,PL 2175/2026 - 2° TURNO,156411,SIM,2026-03-03,
82193,3324,NOMINAL,PL 2175/2026 - 2° TURNO,156411,NAO,2026-03-03,
82194,3324,NOMINAL,PL 2175/2026 - 2° TURNO,156411,SIM,2026-03-03,
82195,3324,NOMINAL,PL 2175/2026 - 2° TURNO,156411,NAO,2026-03-03,
82196,3324,NOMINAL,PL 2175/2026 - 2° TURNO,156411,SIM,2026-03-03,
82197,3328,NOMINAL,RQ 2613/ 2026,,SIM,2026-03-03,
82198,3328,NOMINAL,RQ 2613/ 2026,,NAO,2026-03-03,
82199,3328,NOMINAL,RQ 2613/ 2026,,SIM,2026-03-03,
82200,3328,NOMINAL,RQ 2613/ 2026,,NAO,2026-03-03,
82201,3328,NOMINAL,RQ 2613/ 2026,,NAO,2026-03-03,
82202,3328,NOMINAL,RQ 2613/ 2026,,SIM,2026-03-03,
82203,3328,NOMINAL,RQ 2613/ 2026,,SIM,2026-03-03,
82204,3328,NOMINAL,RQ 2613/ 2026,,NAO,2026-03-03,
82205,3328,NOMINAL,RQ 2613/ 2026,,NAO,2026-03-03,
82206,3328,NOMINAL,RQ 2613/ 2026,,NAO,2026-03-03,
82207,3328,NOMINAL,RQ 2613/ 2026,,SIM,2026-03-03,
82208,3328,NOMINAL,RQ 2613/ 2026,,NAO,2026-03-03,
82209,3328,NOMINAL,RQ 2613/ 2026,,NAO,2026-03-03,
82210,3328,NOMINAL,RQ 2613/ 2026,,NAO,2026-03-03,
82211,3328,NOMINAL,RQ 2613/ 2026,,SIM,2026-03-03,
82212,3328,NOMINAL,RQ 2613/ 2026,,NAO,2026-03-03,
82213,3328,NOMINAL,RQ 2613/ 2026,,SIM,2026-03-03,
82214,3328,NOMINAL,RQ 2613/ 2026,,NAO,2026-03-03,
82215,3328,NOMINAL,RQ 2613/ 2026,,SIM,2026-03-03,
82216,3328,NOMINAL,RQ 2613/ 2026,,NAO,2026-03-03,
82217,3328,NOMINAL,RQ 2613/ 2026,,NAO,2026-03-03,
82218,3328,NOMINAL,RQ 2613/ 2026,,NAO,2026-03-03,
82219,3328,NOMINAL,RQ 2613/ 2026,,SIM,2026-03-03,
82220,3328,NOMINAL,RQ 2613/ 2026,,NAO,2026-03-03,
82221,3330,NOMINAL,PL 2175/2026 - PARECER CCJ,156411,SIM,2026-03-03,
82222,3330,NOMINAL,PL 2175/2026 - PARECER CCJ,156411,NAO,2026-03-03,
82223,3330,NOMINAL,PL 2175/2026 - PARECER CCJ,156411,SIM,2026-03-03,
82224,3330,NOMINAL,PL 2175/2026 - PARECER CCJ,156411,NAO,2026-03-03,
82225,3330,NOMINAL,PL 2175/2026 - PARECER CCJ,156411,NAO,2026-03-03,
82226,3330,NOMINAL,PL 2175/2026 - PARECER CCJ,156411,SIM,2026-03-03,
82227,3330,NOMINAL,PL 2175/2026 - PARECER CCJ,156411,SIM,2026-03-03,
82228,3330,NOMINAL,PL 2175/2026 - PARECER CCJ,156411,NAO,2026-03-03,
82229,3330,NOMINAL,PL 2175/2026 - PARECER CCJ,156411,NAO,2026-03-03,
82230,3330,NOMINAL,PL 2175/2026 - PARECER CCJ,156411,NAO,2026-03-03,
82231,3330,NOMINAL,PL 2175/2026 - PARECER CCJ,156411,NAO,2026-03-03,
82232,3330,NOMINAL,PL 2175/2026 - PARECER CCJ,156411,NAO,2026-03-03,
82233,3330,NOMINAL,PL 2175/2026 - PARECER CCJ,156411,NAO,2026-03-03,
82234,3330,NOMINAL,PL 2175/2026 - PARECER CCJ,156411,SIM,2026-03-03,
82235,3330,NOMINAL,PL 2175/2026 - PARECER CCJ,156411,NAO,2026-03-03,
82236,3330,NOMINAL,PL 2175/2026 - PARECER CCJ,156411,SIM,2026-03-03,
82237,3330,NOMINAL,PL 2175/2026 - PARECER CCJ,156411,NAO,2026-03-03,
82238,3330,NOMINAL,PL 2175/2026 - PARECER CCJ,156411,SIM,2026-03-03,
82239,3330,NOMINAL,PL 2175/2026 - PARECER CCJ,156411,NAO,2026-03-03,
82240,3330,NOMINAL,PL 2175/2026 - PARECER CCJ,156411,SIM,2026-03-03,
82241,3330,NOMINAL,PL 2175/2026 - PARECER CCJ,156411,NAO,2026-03-03,
82242,3330,NOMINAL,PL 2175/2026 - PARECER CCJ,156411,SIM,2026-03-03,
82243,3330,NOMINAL,PL 2175/2026 - PARECER CCJ,156411,NAO,2026-03-03,
82244,3341,NOMINAL,PLC 99/2026 - 1º TURNO,156437,SIM,2026-03-17,
82245,3341,NOMINAL,PLC 99/2026 - 1º TURNO,156437,SIM,2026-03-17,
82246,3341,NOMINAL,PLC 99/2026 - 1º TURNO,156437,SIM,2026-03-17,
82247,3341,NOMINAL,PLC 99/2026 - 1º TURNO,156437,SIM,2026-03-17,
82248,3341,NOMINAL,PLC 99/2026 - 1º TURNO,156437,SIM,2026-03-17,
82249,3341,NOMINAL,PLC 99/2026 - 1º TURNO,156437,SIM,2026-03-17,
82250,3341,NOMINAL,PLC 99/2026 - 1º TURNO,156437,SIM,2026-03-17,
82251,3341,NOMINAL,PLC 99/2026 - 1º TURNO,156437,SIM,2026-03-17,
82252,3341,NOMINAL,PLC 99/2026 - 1º TURNO,156437,SIM,2026-03-17,
82253,3341,NOMINAL,PLC 99/2026 - 1º TURNO,156437,SIM,2026-03-17,
82254,3341,NOMINAL,PLC 99/2026 - 1º TURNO,156437,SIM,2026-03-17,
82255,3341,NOMINAL,PLC 99/2026 - 1º TURNO,156437,SIM,2026-03-17,
82256,3341,NOMINAL,PLC 99/2026 - 1º TURNO,156437,SIM,2026-03-17,
82257,3341,NOMINAL,PLC 99/2026 - 1º TURNO,156437,SIM,2026-03-17,
82258,3341,NOMINAL,PLC 99/2026 - 1º TURNO,156437,SIM,2026-03-17,
82259,3341,NOMINAL,PLC 99/2026 - 1º TURNO,156437,SIM,2026-03-17,
82260,3341,NOMINAL,PLC 99/2026 - 1º TURNO,156437,SIM,2026-03-17,
82261,3342,NOMINAL,PLC 99/2026 - 2º TURNO,156437,SIM,2026-03-17,
82262,3342,NOMINAL,PLC 99/2026 - 2º TURNO,156437,SIM,2026-03-17,
82263,3342,NOMINAL,PLC 99/2026 - 2º TURNO,156437,SIM,2026-03-17,
82264,3342,NOMINAL,PLC 99/2026 - 2º TURNO,156437,SIM,2026-03-17,
82265,3342,NOMINAL,PLC 99/2026 - 2º TURNO,156437,SIM,2026-03-17,
82266,3342,NOMINAL,PLC 99/2026 - 2º TURNO,156437,SIM,2026-03-17,
82267,3342,NOMINAL,PLC 99/2026 - 2º TURNO,156437,SIM,2026-03-17,
82268,3342,NOMINAL,PLC 99/2026 - 2º TURNO,156437,SIM,2026-03-17,
82269,3342,NOMINAL,PLC 99/2026 - 2º TURNO,156437,SIM,2026-03-17,
82270,3342,NOMINAL,PLC 99/2026 - 2º TURNO,156437,SIM,2026-03-17,
82271,3342,NOMINAL,PLC 99/2026 - 2º TURNO,156437,SIM,2026-03-17,
82272,3342,NOMINAL,PLC 99/2026 - 2º TURNO,156437,SIM,2026-03-17,
82273,3342,NOMINAL,PLC 99/2026 - 2º TURNO,156437,SIM,2026-03-17,
82274,3342,NOMINAL,PLC 99/2026 - 2º TURNO,156437,SIM,2026-03-17,
82275,3342,NOMINAL,PLC 99/2026 - 2º TURNO,156437,SIM,2026-03-17,
82276,3342,NOMINAL,PLC 99/2026 - 2º TURNO,156437,SIM,2026-03-17,
82277,3345,NOMINAL,PDL 415/2026 - TURNO ÚNICO,156436,SIM,2026-03-17,
82278,3345,NOMINAL,PDL 415/2026 - TURNO ÚNICO,156436,SIM,2026-03-17,
82279,3345,NOMINAL,PDL 415/2026 - TURNO ÚNICO,156436,SIM,2026-03-17,
82280,3345,NOMINAL,PDL 415/2026 - TURNO ÚNICO,156436,SIM,2026-03-17,
82281,3345,NOMINAL,PDL 415/2026 - TURNO ÚNICO,156436,SIM,2026-03-17,
82282,3345,NOMINAL,PDL 415/2026 - TURNO ÚNICO,156436,SIM,2026-03-17,
82283,3345,NOMINAL,PDL 415/2026 - TURNO ÚNICO,156436,SIM,2026-03-17,
82284,3345,NOMINAL,PDL 415/2026 - TURNO ÚNICO,156436,SIM,2026-03-17,
82285,3345,NOMINAL,PDL 415/2026 - TURNO ÚNICO,156436,SIM,2026-03-17,
82286,3345,NOMINAL,PDL 415/2026 - TURNO ÚNICO,156436,SIM,2026-03-17,
82287,3345,NOMINAL,PDL 415/2026 - TURNO ÚNICO,156436,SIM,2026-03-17,
82288,3345,NOMINAL,PDL 415/2026 - TURNO ÚNICO,156436,SIM,2026-03-17,
82289,3345,NOMINAL,PDL 415/2026 - TURNO ÚNICO,156436,SIM,2026-03-17,
82290,3345,NOMINAL,PDL 415/2026 - TURNO ÚNICO,156436,SIM,2026-03-17,
82291,3345,NOMINAL,PDL 415/2026 - TURNO ÚNICO,156436,SIM,2026-03-17,
82292,3345,NOMINAL,PDL 415/2026 - TURNO ÚNICO,156436,SIM,2026-03-17,
82293,3360,NOMINAL,PLC 100/2026 - 1º TURNO,156858,SIM,2026-03-31,
82294,3360,NOMINAL,PLC 100/2026 - 1º TURNO,156858,SIM,2026-03-31,
82295,3360,NOMINAL,PLC 100/2026 - 1º TURNO,156858,SIM,2026-03-31,
82296,3360,NOMINAL,PLC 100/2026 - 1º TURNO,156858,SIM,2026-03-31,
82297,3360,NOMINAL,PLC 100/2026 - 1º TURNO,156858,SIM,2026-03-31,
82298,3360,NOMINAL,PLC 100/2026 - 1º TURNO,156858,SIM,2026-03-31,
82299,3360,NOMINAL,PLC 100/2026 - 1º TURNO,156858,SIM,2026-03-31,
82300,3360,NOMINAL,PLC 100/2026 - 1º TURNO,156858,SIM,2026-03-31,
82301,3360,NOMINAL,PLC 100/2026 - 1º TURNO,156858,SIM,2026-03-31,
82302,3360,NOMINAL,PLC 100/2026 - 1º TURNO,156858,SIM,2026-03-31,
82303,3360,NOMINAL,PLC 100/2026 - 1º TURNO,156858,SIM,2026-03-31,
82304,3360,NOMINAL,PLC 100/2026 - 1º TURNO,156858,SIM,2026-03-31,
82305,3360,NOMINAL,PLC 100/2026 - 1º TURNO,156858,SIM,2026-03-31,
82306,3360,NOMINAL,PLC 100/2026 - 1º TURNO,156858,SIM,2026-03-31,
82307,3360,NOMINAL,PLC 100/2026 - 1º TURNO,156858,SIM,2026-03-31,
82308,3361,NOMINAL,PLC 100/2026 - 2º TURNO,156858,SIM,2026-03-31,
82309,3361,NOMINAL,PLC 100/2026 - 2º TURNO,156858,SIM,2026-03-31,
82310,3361,NOMINAL,PLC 100/2026 - 2º TURNO,156858,SIM,2026-03-31,
82311,3361,NOMINAL,PLC 100/2026 - 2º TURNO,156858,SIM,2026-03-31,
82312,3361,NOMINAL,PLC 100/2026 - 2º TURNO,156858,SIM,2026-03-31,
82313,3361,NOMINAL,PLC 100/2026 - 2º TURNO,156858,SIM,2026-03-31,
82314,3361,NOMINAL,PLC 100/2026 - 2º TURNO,156858,SIM,2026-03-31,
82315,3361,NOMINAL,PLC 100/2026 - 2º TURNO,156858,SIM,2026-03-31,
82316,3361,NOMINAL,PLC 100/2026 - 2º TURNO,156858,SIM,2026-03-31,
82317,3361,NOMINAL,PLC 100/2026 - 2º TURNO,156858,SIM,2026-03-31,
82318,3361,NOMINAL,PLC 100/2026 - 2º TURNO,156858,SIM,2026-03-31,
82319,3361,NOMINAL,PLC 100/2026 - 2º TURNO,156858,SIM,2026-03-31,
82320,3361,NOMINAL,PLC 100/2026 - 2º TURNO,156858,SIM,2026-03-31,
82321,3361,NOMINAL,PLC 100/2026 - 2º TURNO,156858,SIM,2026-03-31,
82322,3361,NOMINAL,PLC 100/2026 - 2º TURNO,156858,SIM,2026-03-31,
82323,3361,NOMINAL,PLC 100/2026 - 2º TURNO,156858,SIM,2026-03-31,
82324,3361,NOMINAL,PLC 100/2026 - 2º TURNO,156858,SIM,2026-03-31,
82325,3403,NOMINAL,PL 2248/2026 - 1º TURNO,156966,SIM,2026-03-31,
82326,3403,NOMINAL,PL 2248/2026 - 1º TURNO,156966,SIM,2026-03-31,
82327,3403,NOMINAL,PL 2248/2026 - 1º TURNO,156966,SIM,2026-03-31,
82328,3403,NOMINAL,PL 2248/2026 - 1º TURNO,156966,SIM,2026-03-31,
82329,3403,NOMINAL,PL 2248/2026 - 1º TURNO,156966,SIM,2026-03-31,
82330,3403,NOMINAL,PL 2248/2026 - 1º TURNO,156966,SIM,2026-03-31,
82331,3403,NOMINAL,PL 2248/2026 - 1º TURNO,156966,SIM,2026-03-31,
82332,3403,NOMINAL,PL 2248/2026 - 1º TURNO,156966,SIM,2026-03-31,
82333,3403,NOMINAL,PL 2248/2026 - 1º TURNO,156966,SIM,2026-03-31,
82334,3403,NOMINAL,PL 2248/2026 - 1º TURNO,156966,SIM,2026-03-31,
82335,3403,NOMINAL,PL 2248/2026 - 1º TURNO,156966,SIM,2026-03-31,
82336,3403,NOMINAL,PL 2248/2026 - 1º TURNO,156966,SIM,2026-03-31,
82337,3403,NOMINAL,PL 2248/2026 - 1º TURNO,156966,SIM,2026-03-31,
82338,3403,NOMINAL,PL 2248/2026 - 1º TURNO,156966,SIM,2026-03-31,
82339,3403,NOMINAL,PL 2248/2026 - 1º TURNO,156966,SIM,2026-03-31,
82340,3403,NOMINAL,PL 2248/2026 - 1º TURNO,156966,SIM,2026-03-31,
82341,3403,NOMINAL,PL 2248/2026 - 1º TURNO,156966,SIM,2026-03-31,
82342,3414,NOMINAL,PL 2248/2026 - DESTAQUE DA EMENDA Nº10,156966,NAO,2026-03-31,
82343,3414,NOMINAL,PL 2248/2026 - DESTAQUE DA EMENDA Nº10,156966,SIM,2026-03-31,
82344,3414,NOMINAL,PL 2248/2026 - DESTAQUE DA EMENDA Nº10,156966,NAO,2026-03-31,
82345,3414,NOMINAL,PL 2248/2026 - DESTAQUE DA EMENDA Nº10,156966,SIM,2026-03-31,
82346,3414,NOMINAL,PL 2248/2026 - DESTAQUE DA EMENDA Nº10,156966,SIM,2026-03-31,
82347,3414,NOMINAL,PL 2248/2026 - DESTAQUE DA EMENDA Nº10,156966,NAO,2026-03-31,
82348,3414,NOMINAL,PL 2248/2026 - DESTAQUE DA EMENDA Nº10,156966,NAO,2026-03-31,
82349,3414,NOMINAL,PL 2248/2026 - DESTAQUE DA EMENDA Nº10,156966,NAO,2026-03-31,
82350,3414,NOMINAL,PL 2248/2026 - DESTAQUE DA EMENDA Nº10,156966,NAO,2026-03-31,
82351,3414,NOMINAL,PL 2248/2026 - DESTAQUE DA EMENDA Nº10,156966,NAO,2026-03-31,
82352,3414,NOMINAL,PL 2248/2026 - DESTAQUE DA EMENDA Nº10,156966,SIM,2026-03-31,
82353,3414,NOMINAL,PL 2248/2026 - DESTAQUE DA EMENDA Nº10,156966,NAO,2026-03-31,
82354,3414,NOMINAL,PL 2248/2026 - DESTAQUE DA EMENDA Nº10,156966,NAO,2026-03-31,
82355,3414,NOMINAL,PL 2248/2026 - DESTAQUE DA EMENDA Nº10,156966,NAO,2026-03-31,
82356,3414,NOMINAL,PL 2248/2026 - DESTAQUE DA EMENDA Nº10,156966,ABSTENCAO,2026-03-31,
82357,3414,NOMINAL,PL 2248/2026 - DESTAQUE DA EMENDA Nº10,156966,ABSTENCAO,2026-03-31,
82358,3414,NOMINAL,PL 2248/2026 - DESTAQUE DA EMENDA Nº10,156966,NAO,2026-03-31,
82359,3415,NOMINAL,PL 2254/2026 - DESTAQUE DA EMENDA Nº 1,157022,ABSTENCAO,2026-03-31,
82360,3415,NOMINAL,PL 2254/2026 - DESTAQUE DA EMENDA Nº 1,157022,SIM,2026-03-31,
82361,3415,NOMINAL,PL 2254/2026 - DESTAQUE DA EMENDA Nº 1,157022,NAO,2026-03-31,
82362,3415,NOMINAL,PL 2254/2026 - DESTAQUE DA EMENDA Nº 1,157022,SIM,2026-03-31,
82363,3415,NOMINAL,PL 2254/2026 - DESTAQUE DA EMENDA Nº 1,157022,SIM,2026-03-31,
82364,3415,NOMINAL,PL 2254/2026 - DESTAQUE DA EMENDA Nº 1,157022,NAO,2026-03-31,
82365,3415,NOMINAL,PL 2254/2026 - DESTAQUE DA EMENDA Nº 1,157022,NAO,2026-03-31,
82366,3415,NOMINAL,PL 2254/2026 - DESTAQUE DA EMENDA Nº 1,157022,NAO,2026-03-31,
82367,3415,NOMINAL,PL 2254/2026 - DESTAQUE DA EMENDA Nº 1,157022,NAO,2026-03-31,
82368,3415,NOMINAL,PL 2254/2026 - DESTAQUE DA EMENDA Nº 1,157022,NAO,2026-03-31,
82369,3415,NOMINAL,PL 2254/2026 - DESTAQUE DA EMENDA Nº 1,157022,SIM,2026-03-31,
82370,3415,NOMINAL,PL 2254/2026 - DESTAQUE DA EMENDA Nº 1,157022,NAO,2026-03-31,
82371,3415,NOMINAL,PL 2254/2026 - DESTAQUE DA EMENDA Nº 1,157022,NAO,2026-03-31,
82372,3415,NOMINAL,PL 2254/2026 - DESTAQUE DA EMENDA Nº 1,157022,NAO,2026-03-31,
82373,3415,NOMINAL,PL 2254/2026 - DESTAQUE DA EMENDA Nº 1,157022,SIM,2026-03-31,
82374,3415,NOMINAL,PL 2254/2026 - DESTAQUE DA EMENDA Nº 1,157022,ABSTENCAO,2026-03-31,
82375,3415,NOMINAL,PL 2254/2026 - DESTAQUE DA EMENDA Nº 1,157022,NAO,2026-03-31,
82376,3417,NOMINAL,PL 2255/2026 - 1º TURNO,157030,SIM,2026-03-31,
82377,3417,NOMINAL,PL 2255/2026 - 1º TURNO,157030,SIM,2026-03-31,
82378,3417,NOMINAL,PL 2255/2026 - 1º TURNO,157030,SIM,2026-03-31,
82379,3417,NOMINAL,PL 2255/2026 - 1º TURNO,157030,SIM,2026-03-31,
82380,3417,NOMINAL,PL 2255/2026 - 1º TURNO,157030,SIM,2026-03-31,
82381,3417,NOMINAL,PL 2255/2026 - 1º TURNO,157030,SIM,2026-03-31,
82382,3417,NOMINAL,PL 2255/2026 - 1º TURNO,157030,SIM,2026-03-31,
82383,3417,NOMINAL,PL 2255/2026 - 1º TURNO,157030,SIM,2026-03-31,
82384,3417,NOMINAL,PL 2255/2026 - 1º TURNO,157030,SIM,2026-03-31,
82385,3417,NOMINAL,PL 2255/2026 - 1º TURNO,157030,SIM,2026-03-31,
82386,3417,NOMINAL,PL 2255/2026 - 1º TURNO,157030,SIM,2026-03-31,
82387,3417,NOMINAL,PL 2255/2026 - 1º TURNO,157030,SIM,2026-03-31,
82388,3417,NOMINAL,PL 2255/2026 - 1º TURNO,157030,SIM,2026-03-31,
82389,3417,NOMINAL,PL 2255/2026 - 1º TURNO,157030,SIM,2026-03-31,
82390,3417,NOMINAL,PL 2255/2026 - 1º TURNO,157030,SIM,2026-03-31,
82391,3417,NOMINAL,PL 2255/2026 - 1º TURNO,157030,SIM,2026-03-31,
82392,3417,NOMINAL,PL 2255/2026 - 1º TURNO,157030,SIM,2026-03-31,
82393,3429,NOMINAL,PL 2259/2026 - 1º TURNO,157111,SIM,2026-04-08,
82394,3429,NOMINAL,PL 2259/2026 - 1º TURNO,157111,SIM,2026-04-08,
82395,3429,NOMINAL,PL 2259/2026 - 1º TURNO,157111,SIM,2026-04-08,
82396,3429,NOMINAL,PL 2259/2026 - 1º TURNO,157111,SIM,2026-04-08,
82397,3429,NOMINAL,PL 2259/2026 - 1º TURNO,157111,SIM,2026-04-08,
82398,3429,NOMINAL,PL 2259/2026 - 1º TURNO,157111,SIM,2026-04-08,
82399,3429,NOMINAL,PL 2259/2026 - 1º TURNO,157111,SIM,2026-04-08,
82400,3429,NOMINAL,PL 2259/2026 - 1º TURNO,157111,SIM,2026-04-08,
82401,3429,NOMINAL,PL 2259/2026 - 1º TURNO,157111,SIM,2026-04-08,
82402,3429,NOMINAL,PL 2259/2026 - 1º TURNO,157111,SIM,2026-04-08,
82403,3429,NOMINAL,PL 2259/2026 - 1º TURNO,157111,SIM,2026-04-08,
82404,3429,NOMINAL,PL 2259/2026 - 1º TURNO,157111,SIM,2026-04-08,
82405,3429,NOMINAL,PL 2259/2026 - 1º TURNO,157111,SIM,2026-04-08,
82406,3429,NOMINAL,PL 2259/2026 - 1º TURNO,157111,SIM,2026-04-08,
82407,3430,NOMINAL,PL 2259/2026 - 2º TURNO,157111,SIM,2026-04-08,
82408,3430,NOMINAL,PL 2259/2026 - 2º TURNO,157111,SIM,2026-04-08,
82409,3430,NOMINAL,PL 2259/2026 - 2º TURNO,157111,SIM,2026-04-08,
82410,3430,NOMINAL,PL 2259/2026 - 2º TURNO,157111,SIM,2026-04-08,
82411,3430,NOMINAL,PL 2259/2026 - 2º TURNO,157111,SIM,2026-04-08,
82412,3430,NOMINAL,PL 2259/2026 - 2º TURNO,157111,SIM,2026-04-08,
82413,3430,NOMINAL,PL 2259/2026 - 2º TURNO,157111,SIM,2026-04-08,
82414,3430,NOMINAL,PL 2259/2026 - 2º TURNO,157111,SIM,2026-04-08,
82415,3430,NOMINAL,PL 2259/2026 - 2º TURNO,157111,SIM,2026-04-08,
82416,3430,NOMINAL,PL 2259/2026 - 2º TURNO,157111,SIM,2026-04-08,
82417,3430,NOMINAL,PL 2259/2026 - 2º TURNO,157111,SIM,2026-04-08,
82418,3430,NOMINAL,PL 2259/2026 - 2º TURNO,157111,SIM,2026-04-08,
82419,3430,NOMINAL,PL 2259/2026 - 2º TURNO,157111,SIM,2026-04-08,
82420,3431,NOMINAL,PL 2259/2026 - PARECER CEOF,157111,SIM,2026-04-08,
82421,3431,NOMINAL,PL 2259/2026 - PARECER CEOF,157111,SIM,2026-04-08,
82422,3431,NOMINAL,PL 2259/2026 - PARECER CEOF,157111,SIM,2026-04-08,
82423,3431,NOMINAL,PL 2259/2026 - PARECER CEOF,157111,SIM,2026-04-08,
82424,3431,NOMINAL,PL 2259/2026 - PARECER CEOF,157111,SIM,2026-04-08,
82425,3431,NOMINAL,PL 2259/2026 - PARECER CEOF,157111,SIM,2026-04-08,
82426,3431,NOMINAL,PL 2259/2026 - PARECER CEOF,157111,SIM,2026-04-08,
82427,3431,NOMINAL,PL 2259/2026 - PARECER CEOF,157111,SIM,2026-04-08,
82428,3431,NOMINAL,PL 2259/2026 - PARECER CEOF,157111,SIM,2026-04-08,
82429,3431,NOMINAL,PL 2259/2026 - PARECER CEOF,157111,SIM,2026-04-08,
82430,3431,NOMINAL,PL 2259/2026 - PARECER CEOF,157111,SIM,2026-04-08,
82431,3431,NOMINAL,PL 2259/2026 - PARECER CEOF,157111,SIM,2026-04-08,
82432,3431,NOMINAL,PL 2259/2026 - PARECER CEOF,157111,SIM,2026-04-08,
82433,3432,NOMINAL,BLOCO DE PDLS DE 08/04/2026 - TURNO ÚNICO,,SIM,2026-04-08,
82434,3432,NOMINAL,BLOCO DE PDLS DE 08/04/2026 - TURNO ÚNICO,,SIM,2026-04-08,
82435,3432,NOMINAL,BLOCO DE PDLS DE 08/04/2026 - TURNO ÚNICO,,SIM,2026-04-08,
82436,3432,NOMINAL,BLOCO DE PDLS DE 08/04/2026 - TURNO ÚNICO,,SIM,2026-04-08,
82437,3432,NOMINAL,BLOCO DE PDLS DE 08/04/2026 - TURNO ÚNICO,,SIM,2026-04-08,
82438,3432,NOMINAL,BLOCO DE PDLS DE 08/04/2026 - TURNO ÚNICO,,SIM,2026-04-08,
82439,3432,NOMINAL,BLOCO DE PDLS DE 08/04/2026 - TURNO ÚNICO,,SIM,2026-04-08,
82440,3432,NOMINAL,BLOCO DE PDLS DE 08/04/2026 - TURNO ÚNICO,,SIM,2026-04-08,
82441,3432,NOMINAL,BLOCO DE PDLS DE 08/04/2026 - TURNO ÚNICO,,SIM,2026-04-08,
82442,3432,NOMINAL,BLOCO DE PDLS DE 08/04/2026 - TURNO ÚNICO,,SIM,2026-04-08,
82443,3432,NOMINAL,BLOCO DE PDLS DE 08/04/2026 - TURNO ÚNICO,,SIM,2026-04-08,
82444,3432,NOMINAL,BLOCO DE PDLS DE 08/04/2026 - TURNO ÚNICO,,SIM,2026-04-08,
82445,3432,NOMINAL,BLOCO DE PDLS DE 08/04/2026 - TURNO ÚNICO,,SIM,2026-04-08,
82446,3432,NOMINAL,BLOCO DE PDLS DE 08/04/2026 - TURNO ÚNICO,,SIM,2026-04-08,
82447,3435,NOMINAL,PELO 15/2024 - 1º TURNO,21916,SIM,2026-05-05,2148
82448,3435,NOMINAL,PELO 15/2024 - 1º TURNO,21916,SIM,2026-05-05,2148
82449,3435,NOMINAL,PELO 15/2024 - 1º TURNO,21916,SIM,2026-05-05,2148
82450,3435,NOMINAL,PELO 15/2024 - 1º TURNO,21916,SIM,2026-05-05,2148
82451,3435,NOMINAL,PELO 15/2024 - 1º TURNO,21916,SIM,2026-05-05,2148
82452,3435,NOMINAL,PELO 15/2024 - 1º TURNO,21916,SIM,2026-05-05,2148
82453,3435,NOMINAL,PELO 15/2024 - 1º TURNO,21916,SIM,2026-05-05,2148
82454,3435,NOMINAL,PELO 15/2024 - 1º TURNO,21916,SIM,2026-05-05,2148
82455,3435,NOMINAL,PELO 15/2024 - 1º TURNO,21916,SIM,2026-05-05,2148
82456,3435,NOMINAL,PELO 15/2024 - 1º TURNO,21916,SIM,2026-05-05,2148
82457,3435,NOMINAL,PELO 15/2024 - 1º TURNO,21916,SIM,2026-05-05,2148
82458,3435,NOMINAL,PELO 15/2024 - 1º TURNO,21916,SIM,2026-05-05,2148
82459,3435,NOMINAL,PELO 15/2024 - 1º TURNO,21916,SIM,2026-05-05,2148
82460,3435,NOMINAL,PELO 15/2024 - 1º TURNO,21916,SIM,2026-05-05,2148
82461,3435,NOMINAL,PELO 15/2024 - 1º TURNO,21916,SIM,2026-05-05,2148
82462,3435,NOMINAL,PELO 15/2024 - 1º TURNO,21916,SIM,2026-05-05,2148
82463,3435,NOMINAL,PELO 15/2024 - 1º TURNO,21916,SIM,2026-05-05,2148
82464,3435,NOMINAL,PELO 15/2024 - 1º TURNO,21916,SIM,2026-05-05,2148
82465,3435,NOMINAL,PELO 15/2024 - 1º TURNO,21916,SIM,2026-05-05,2148
82466,3435,NOMINAL,PELO 15/2024 - 1º TURNO,21916,SIM,2026-05-05,2148
82467,3435,NOMINAL,PELO 15/2024 - 1º TURNO,21916,SIM,2026-05-05,2148
82468,3464,NOMINAL,PL 1739/2025 - PARECER CCJ,152555,NAO,2026-06-30,
82469,3464,NOMINAL,PL 1739/2025 - PARECER CCJ,152555,NAO,2026-06-30,
82470,3464,NOMINAL,PL 1739/2025 - PARECER CCJ,152555,SIM,2026-06-30,
82471,3464,NOMINAL,PL 1739/2025 - PARECER CCJ,152555,SIM,2026-06-30,
82472,3464,NOMINAL,PL 1739/2025 - PARECER CCJ,152555,NAO,2026-06-30,
82473,3464,NOMINAL,PL 1739/2025 - PARECER CCJ,152555,NAO,2026-06-30,
82474,3464,NOMINAL,PL 1739/2025 - PARECER CCJ,152555,SIM,2026-06-30,
82475,3464,NOMINAL,PL 1739/2025 - PARECER CCJ,152555,SIM,2026-06-30,
82476,3464,NOMINAL,PL 1739/2025 - PARECER CCJ,152555,SIM,2026-06-30,
82477,3464,NOMINAL,PL 1739/2025 - PARECER CCJ,152555,SIM,2026-06-30,
82478,3464,NOMINAL,PL 1739/2025 - PARECER CCJ,152555,SIM,2026-06-30,
82479,3464,NOMINAL,PL 1739/2025 - PARECER CCJ,152555,NAO,2026-06-30,
82480,3464,NOMINAL,PL 1739/2025 - PARECER CCJ,152555,SIM,2026-06-30,
82481,3464,NOMINAL,PL 1739/2025 - PARECER CCJ,152555,SIM,2026-06-30,
82482,3464,NOMINAL,PL 1739/2025 - PARECER CCJ,152555,NAO,2026-06-30,
82483,3464,NOMINAL,PL 1739/2025 - PARECER CCJ,152555,SIM,2026-06-30,
82484,3464,NOMINAL,PL 1739/2025 - PARECER CCJ,152555,SIM,2026-06-30,
82485,3464,NOMINAL,PL 1739/2025 - PARECER CCJ,152555,SIM,2026-06-30,
82486,3464,NOMINAL,PL 1739/2025 - PARECER CCJ,152555,SIM,2026-06-30,
82487,3464,NOMINAL,PL 1739/2025 - PARECER CCJ,152555,SIM,2026-06-30,
82488,3510,NOMINAL,PLC 77/2025  C/C PLC 98/2025 - 1º TURNO,153631,SIM,2026-04-14,
82489,3510,NOMINAL,PLC 77/2025  C/C PLC 98/2025 - 1º TURNO,153631,SIM,2026-04-14,
82490,3510,NOMINAL,PLC 77/2025  C/C PLC 98/2025 - 1º TURNO,153631,SIM,2026-04-14,
82491,3510,NOMINAL,PLC 77/2025  C/C PLC 98/2025 - 1º TURNO,153631,SIM,2026-04-14,
82492,3510,NOMINAL,PLC 77/2025  C/C PLC 98/2025 - 1º TURNO,153631,SIM,2026-04-14,
82493,3510,NOMINAL,PLC 77/2025  C/C PLC 98/2025 - 1º TURNO,153631,SIM,2026-04-14,
82494,3510,NOMINAL,PLC 77/2025  C/C PLC 98/2025 - 1º TURNO,153631,SIM,2026-04-14,
82495,3510,NOMINAL,PLC 77/2025  C/C PLC 98/2025 - 1º TURNO,153631,SIM,2026-04-14,
82496,3510,NOMINAL,PLC 77/2025  C/C PLC 98/2025 - 1º TURNO,153631,SIM,2026-04-14,
82497,3510,NOMINAL,PLC 77/2025  C/C PLC 98/2025 - 1º TURNO,153631,SIM,2026-04-14,
82498,3510,NOMINAL,PLC 77/2025  C/C PLC 98/2025 - 1º TURNO,153631,SIM,2026-04-14,
82499,3510,NOMINAL,PLC 77/2025  C/C PLC 98/2025 - 1º TURNO,153631,SIM,2026-04-14,
82500,3510,NOMINAL,PLC 77/2025  C/C PLC 98/2025 - 1º TURNO,153631,SIM,2026-04-14,
82501,3511,NOMINAL,PLC 77/2025  C/C PLC 98/2026 - 2º TURNO,153631,SIM,2026-04-14,
82502,3511,NOMINAL,PLC 77/2025  C/C PLC 98/2026 - 2º TURNO,153631,SIM,2026-04-14,
82503,3511,NOMINAL,PLC 77/2025  C/C PLC 98/2026 - 2º TURNO,153631,SIM,2026-04-14,
82504,3511,NOMINAL,PLC 77/2025  C/C PLC 98/2026 - 2º TURNO,153631,SIM,2026-04-14,
82505,3511,NOMINAL,PLC 77/2025  C/C PLC 98/2026 - 2º TURNO,153631,SIM,2026-04-14,
82506,3511,NOMINAL,PLC 77/2025  C/C PLC 98/2026 - 2º TURNO,153631,SIM,2026-04-14,
82507,3511,NOMINAL,PLC 77/2025  C/C PLC 98/2026 - 2º TURNO,153631,SIM,2026-04-14,
82508,3511,NOMINAL,PLC 77/2025  C/C PLC 98/2026 - 2º TURNO,153631,SIM,2026-04-14,
82509,3511,NOMINAL,PLC 77/2025  C/C PLC 98/2026 - 2º TURNO,153631,SIM,2026-04-14,
82510,3511,NOMINAL,PLC 77/2025  C/C PLC 98/2026 - 2º TURNO,153631,SIM,2026-04-14,
82511,3511,NOMINAL,PLC 77/2025  C/C PLC 98/2026 - 2º TURNO,153631,SIM,2026-04-14,
82512,3511,NOMINAL,PLC 77/2025  C/C PLC 98/2026 - 2º TURNO,153631,SIM,2026-04-14,
82513,3511,NOMINAL,PLC 77/2025  C/C PLC 98/2026 - 2º TURNO,153631,SIM,2026-04-14,
82514,3526,NOMINAL,PDL 339/2025 - TURNO ÚNICO,153313,SIM,2026-06-09,
82515,3526,NOMINAL,PDL 339/2025 - TURNO ÚNICO,153313,SIM,2026-06-09,
82516,3526,NOMINAL,PDL 339/2025 - TURNO ÚNICO,153313,SIM,2026-06-09,
82517,3526,NOMINAL,PDL 339/2025 - TURNO ÚNICO,153313,SIM,2026-06-09,
82518,3526,NOMINAL,PDL 339/2025 - TURNO ÚNICO,153313,SIM,2026-06-09,
82519,3526,NOMINAL,PDL 339/2025 - TURNO ÚNICO,153313,SIM,2026-06-09,
82520,3526,NOMINAL,PDL 339/2025 - TURNO ÚNICO,153313,SIM,2026-06-09,
82521,3526,NOMINAL,PDL 339/2025 - TURNO ÚNICO,153313,SIM,2026-06-09,
82522,3526,NOMINAL,PDL 339/2025 - TURNO ÚNICO,153313,SIM,2026-06-09,
82523,3526,NOMINAL,PDL 339/2025 - TURNO ÚNICO,153313,SIM,2026-06-09,
82524,3526,NOMINAL,PDL 339/2025 - TURNO ÚNICO,153313,SIM,2026-06-09,
82525,3526,NOMINAL,PDL 339/2025 - TURNO ÚNICO,153313,SIM,2026-06-09,
82526,3526,NOMINAL,PDL 339/2025 - TURNO ÚNICO,153313,SIM,2026-06-09,
82527,3526,NOMINAL,PDL 339/2025 - TURNO ÚNICO,153313,SIM,2026-06-09,
82528,3526,NOMINAL,PDL 339/2025 - TURNO ÚNICO,153313,SIM,2026-06-09,
82529,3526,NOMINAL,PDL 339/2025 - TURNO ÚNICO,153313,SIM,2026-06-09,
82530,3536,NOMINAL,PLC 72/2025 - 1º TURNO,152200,SIM,2026-05-05,2148
82531,3536,NOMINAL,PLC 72/2025 - 1º TURNO,152200,SIM,2026-05-05,2148
82532,3536,NOMINAL,PLC 72/2025 - 1º TURNO,152200,SIM,2026-05-05,2148
82533,3536,NOMINAL,PLC 72/2025 - 1º TURNO,152200,SIM,2026-05-05,2148
82534,3536,NOMINAL,PLC 72/2025 - 1º TURNO,152200,SIM,2026-05-05,2148
82535,3536,NOMINAL,PLC 72/2025 - 1º TURNO,152200,SIM,2026-05-05,2148
82536,3536,NOMINAL,PLC 72/2025 - 1º TURNO,152200,SIM,2026-05-05,2148
82537,3536,NOMINAL,PLC 72/2025 - 1º TURNO,152200,SIM,2026-05-05,2148
82538,3536,NOMINAL,PLC 72/2025 - 1º TURNO,152200,SIM,2026-05-05,2148
82539,3536,NOMINAL,PLC 72/2025 - 1º TURNO,152200,SIM,2026-05-05,2148
82540,3536,NOMINAL,PLC 72/2025 - 1º TURNO,152200,SIM,2026-05-05,2148
82541,3536,NOMINAL,PLC 72/2025 - 1º TURNO,152200,SIM,2026-05-05,2148
82542,3536,NOMINAL,PLC 72/2025 - 1º TURNO,152200,SIM,2026-05-05,2148
82543,3536,NOMINAL,PLC 72/2025 - 1º TURNO,152200,SIM,2026-05-05,2148
82544,3536,NOMINAL,PLC 72/2025 - 1º TURNO,152200,SIM,2026-05-05,2148
82545,3536,NOMINAL,PLC 72/2025 - 1º TURNO,152200,SIM,2026-05-05,2148
82546,3536,NOMINAL,PLC 72/2025 - 1º TURNO,152200,SIM,2026-05-05,2148
82547,3536,NOMINAL,PLC 72/2025 - 1º TURNO,152200,SIM,2026-05-05,2148
82548,3536,NOMINAL,PLC 72/2025 - 1º TURNO,152200,SIM,2026-05-05,2148
82549,3536,NOMINAL,PLC 72/2025 - 1º TURNO,152200,SIM,2026-05-05,2148
82550,3536,NOMINAL,PLC 72/2025 - 1º TURNO,152200,SIM,2026-05-05,2148
82551,3537,NOMINAL,PLC 72/2025 - 2º TURNO,152200,SIM,2026-05-12,
82552,3537,NOMINAL,PLC 72/2025 - 2º TURNO,152200,SIM,2026-05-12,
82553,3537,NOMINAL,PLC 72/2025 - 2º TURNO,152200,SIM,2026-05-12,
82554,3537,NOMINAL,PLC 72/2025 - 2º TURNO,152200,SIM,2026-05-12,
82555,3537,NOMINAL,PLC 72/2025 - 2º TURNO,152200,SIM,2026-05-12,
82556,3537,NOMINAL,PLC 72/2025 - 2º TURNO,152200,SIM,2026-05-12,
82557,3537,NOMINAL,PLC 72/2025 - 2º TURNO,152200,SIM,2026-05-12,
82558,3537,NOMINAL,PLC 72/2025 - 2º TURNO,152200,SIM,2026-05-12,
82559,3537,NOMINAL,PLC 72/2025 - 2º TURNO,152200,SIM,2026-05-12,
82560,3537,NOMINAL,PLC 72/2025 - 2º TURNO,152200,SIM,2026-05-12,
82561,3537,NOMINAL,PLC 72/2025 - 2º TURNO,152200,SIM,2026-05-12,
82562,3537,NOMINAL,PLC 72/2025 - 2º TURNO,152200,SIM,2026-05-12,
82563,3537,NOMINAL,PLC 72/2025 - 2º TURNO,152200,SIM,2026-05-12,
82564,3537,NOMINAL,PLC 72/2025 - 2º TURNO,152200,SIM,2026-05-12,
82565,3537,NOMINAL,PLC 72/2025 - 2º TURNO,152200,SIM,2026-05-12,
82566,3537,NOMINAL,PLC 72/2025 - 2º TURNO,152200,SIM,2026-05-12,
82567,3544,NOMINAL,PDL 451/2026 - TURNO ÚNICO,157499,SIM,2026-05-05,2148
82568,3544,NOMINAL,PDL 451/2026 - TURNO ÚNICO,157499,SIM,2026-05-05,2148
82569,3544,NOMINAL,PDL 451/2026 - TURNO ÚNICO,157499,SIM,2026-05-05,2148
82570,3544,NOMINAL,PDL 451/2026 - TURNO ÚNICO,157499,SIM,2026-05-05,2148
82571,3544,NOMINAL,PDL 451/2026 - TURNO ÚNICO,157499,SIM,2026-05-05,2148
82572,3544,NOMINAL,PDL 451/2026 - TURNO ÚNICO,157499,SIM,2026-05-05,2148
82573,3544,NOMINAL,PDL 451/2026 - TURNO ÚNICO,157499,SIM,2026-05-05,2148
82574,3544,NOMINAL,PDL 451/2026 - TURNO ÚNICO,157499,SIM,2026-05-05,2148
82575,3544,NOMINAL,PDL 451/2026 - TURNO ÚNICO,157499,SIM,2026-05-05,2148
82576,3544,NOMINAL,PDL 451/2026 - TURNO ÚNICO,157499,SIM,2026-05-05,2148
82577,3544,NOMINAL,PDL 451/2026 - TURNO ÚNICO,157499,SIM,2026-05-05,2148
82578,3544,NOMINAL,PDL 451/2026 - TURNO ÚNICO,157499,SIM,2026-05-05,2148
82579,3544,NOMINAL,PDL 451/2026 - TURNO ÚNICO,157499,SIM,2026-05-05,2148
82580,3544,NOMINAL,PDL 451/2026 - TURNO ÚNICO,157499,SIM,2026-05-05,2148
82581,3544,NOMINAL,PDL 451/2026 - TURNO ÚNICO,157499,SIM,2026-05-05,2148
82582,3544,NOMINAL,PDL 451/2026 - TURNO ÚNICO,157499,SIM,2026-05-05,2148
82583,3544,NOMINAL,PDL 451/2026 - TURNO ÚNICO,157499,SIM,2026-05-05,2148
82584,3544,NOMINAL,PDL 451/2026 - TURNO ÚNICO,157499,SIM,2026-05-05,2148
82585,3544,NOMINAL,PDL 451/2026 - TURNO ÚNICO,157499,SIM,2026-05-05,2148
82586,3546,NOMINAL,PDL 450/2026 - TURNO ÚNICO,157451,SIM,2026-04-29,
82587,3546,NOMINAL,PDL 450/2026 - TURNO ÚNICO,157451,SIM,2026-04-29,
82588,3546,NOMINAL,PDL 450/2026 - TURNO ÚNICO,157451,SIM,2026-04-29,
82589,3546,NOMINAL,PDL 450/2026 - TURNO ÚNICO,157451,SIM,2026-04-29,
82590,3546,NOMINAL,PDL 450/2026 - TURNO ÚNICO,157451,SIM,2026-04-29,
82591,3546,NOMINAL,PDL 450/2026 - TURNO ÚNICO,157451,SIM,2026-04-29,
82592,3546,NOMINAL,PDL 450/2026 - TURNO ÚNICO,157451,SIM,2026-04-29,
82593,3546,NOMINAL,PDL 450/2026 - TURNO ÚNICO,157451,SIM,2026-04-29,
82594,3546,NOMINAL,PDL 450/2026 - TURNO ÚNICO,157451,SIM,2026-04-29,
82595,3546,NOMINAL,PDL 450/2026 - TURNO ÚNICO,157451,SIM,2026-04-29,
82596,3546,NOMINAL,PDL 450/2026 - TURNO ÚNICO,157451,SIM,2026-04-29,
82597,3546,NOMINAL,PDL 450/2026 - TURNO ÚNICO,157451,SIM,2026-04-29,
82598,3546,NOMINAL,PDL 450/2026 - TURNO ÚNICO,157451,SIM,2026-04-29,
82599,3546,NOMINAL,PDL 450/2026 - TURNO ÚNICO,157451,SIM,2026-04-29,
82600,3548,NOMINAL,PL 2295/2026-  EMENDA DESTACADA Nº 1,157411,SIM,2026-04-29,
82601,3548,NOMINAL,PL 2295/2026-  EMENDA DESTACADA Nº 1,157411,NAO,2026-04-29,
82602,3548,NOMINAL,PL 2295/2026-  EMENDA DESTACADA Nº 1,157411,NAO,2026-04-29,
82603,3548,NOMINAL,PL 2295/2026-  EMENDA DESTACADA Nº 1,157411,SIM,2026-04-29,
82604,3548,NOMINAL,PL 2295/2026-  EMENDA DESTACADA Nº 1,157411,SIM,2026-04-29,
82605,3548,NOMINAL,PL 2295/2026-  EMENDA DESTACADA Nº 1,157411,NAO,2026-04-29,
82606,3548,NOMINAL,PL 2295/2026-  EMENDA DESTACADA Nº 1,157411,NAO,2026-04-29,
82607,3548,NOMINAL,PL 2295/2026-  EMENDA DESTACADA Nº 1,157411,NAO,2026-04-29,
82608,3548,NOMINAL,PL 2295/2026-  EMENDA DESTACADA Nº 1,157411,NAO,2026-04-29,
82609,3548,NOMINAL,PL 2295/2026-  EMENDA DESTACADA Nº 1,157411,SIM,2026-04-29,
82610,3548,NOMINAL,PL 2295/2026-  EMENDA DESTACADA Nº 1,157411,NAO,2026-04-29,
82611,3548,NOMINAL,PL 2295/2026-  EMENDA DESTACADA Nº 1,157411,NAO,2026-04-29,
82612,3548,NOMINAL,PL 2295/2026-  EMENDA DESTACADA Nº 1,157411,SIM,2026-04-29,
82613,3548,NOMINAL,PL 2295/2026-  EMENDA DESTACADA Nº 1,157411,SIM,2026-04-29,
82614,3548,NOMINAL,PL 2295/2026-  EMENDA DESTACADA Nº 1,157411,NAO,2026-04-29,
82615,3548,NOMINAL,PL 2295/2026-  EMENDA DESTACADA Nº 1,157411,NAO,2026-04-29,
82616,3549,NOMINAL,PL 2295/2026-  EMENDA DESTACADA Nº 2,157411,SIM,2026-04-29,
82617,3549,NOMINAL,PL 2295/2026-  EMENDA DESTACADA Nº 2,157411,NAO,2026-04-29,
82618,3549,NOMINAL,PL 2295/2026-  EMENDA DESTACADA Nº 2,157411,NAO,2026-04-29,
82619,3549,NOMINAL,PL 2295/2026-  EMENDA DESTACADA Nº 2,157411,SIM,2026-04-29,
82620,3549,NOMINAL,PL 2295/2026-  EMENDA DESTACADA Nº 2,157411,SIM,2026-04-29,
82621,3549,NOMINAL,PL 2295/2026-  EMENDA DESTACADA Nº 2,157411,NAO,2026-04-29,
82622,3549,NOMINAL,PL 2295/2026-  EMENDA DESTACADA Nº 2,157411,NAO,2026-04-29,
82623,3549,NOMINAL,PL 2295/2026-  EMENDA DESTACADA Nº 2,157411,NAO,2026-04-29,
82624,3549,NOMINAL,PL 2295/2026-  EMENDA DESTACADA Nº 2,157411,NAO,2026-04-29,
82625,3549,NOMINAL,PL 2295/2026-  EMENDA DESTACADA Nº 2,157411,NAO,2026-04-29,
82626,3549,NOMINAL,PL 2295/2026-  EMENDA DESTACADA Nº 2,157411,SIM,2026-04-29,
82627,3549,NOMINAL,PL 2295/2026-  EMENDA DESTACADA Nº 2,157411,NAO,2026-04-29,
82628,3549,NOMINAL,PL 2295/2026-  EMENDA DESTACADA Nº 2,157411,SIM,2026-04-29,
82629,3549,NOMINAL,PL 2295/2026-  EMENDA DESTACADA Nº 2,157411,SIM,2026-04-29,
82630,3549,NOMINAL,PL 2295/2026-  EMENDA DESTACADA Nº 2,157411,NAO,2026-04-29,
82631,3549,NOMINAL,PL 2295/2026-  EMENDA DESTACADA Nº 2,157411,NAO,2026-04-29,
82632,3550,NOMINAL,PL 2295/2026-  EMENDA DESTACADA Nº 4,157411,SIM,2026-04-29,
82633,3550,NOMINAL,PL 2295/2026-  EMENDA DESTACADA Nº 4,157411,NAO,2026-04-29,
82634,3550,NOMINAL,PL 2295/2026-  EMENDA DESTACADA Nº 4,157411,NAO,2026-04-29,
82635,3550,NOMINAL,PL 2295/2026-  EMENDA DESTACADA Nº 4,157411,SIM,2026-04-29,
82636,3550,NOMINAL,PL 2295/2026-  EMENDA DESTACADA Nº 4,157411,SIM,2026-04-29,
82637,3550,NOMINAL,PL 2295/2026-  EMENDA DESTACADA Nº 4,157411,NAO,2026-04-29,
82638,3550,NOMINAL,PL 2295/2026-  EMENDA DESTACADA Nº 4,157411,NAO,2026-04-29,
82639,3550,NOMINAL,PL 2295/2026-  EMENDA DESTACADA Nº 4,157411,NAO,2026-04-29,
82640,3550,NOMINAL,PL 2295/2026-  EMENDA DESTACADA Nº 4,157411,NAO,2026-04-29,
82641,3550,NOMINAL,PL 2295/2026-  EMENDA DESTACADA Nº 4,157411,SIM,2026-04-29,
82642,3550,NOMINAL,PL 2295/2026-  EMENDA DESTACADA Nº 4,157411,NAO,2026-04-29,
82643,3550,NOMINAL,PL 2295/2026-  EMENDA DESTACADA Nº 4,157411,SIM,2026-04-29,
82644,3550,NOMINAL,PL 2295/2026-  EMENDA DESTACADA Nº 4,157411,SIM,2026-04-29,
82645,3550,NOMINAL,PL 2295/2026-  EMENDA DESTACADA Nº 4,157411,NAO,2026-04-29,
82646,3550,NOMINAL,PL 2295/2026-  EMENDA DESTACADA Nº 4,157411,NAO,2026-04-29,
82647,3551,NOMINAL,PL 2295/2026-  EMENDA DESTACADA Nº 5,157411,SIM,2026-04-29,
82648,3551,NOMINAL,PL 2295/2026-  EMENDA DESTACADA Nº 5,157411,NAO,2026-04-29,
82649,3551,NOMINAL,PL 2295/2026-  EMENDA DESTACADA Nº 5,157411,NAO,2026-04-29,
82650,3551,NOMINAL,PL 2295/2026-  EMENDA DESTACADA Nº 5,157411,SIM,2026-04-29,
82651,3551,NOMINAL,PL 2295/2026-  EMENDA DESTACADA Nº 5,157411,SIM,2026-04-29,
82652,3551,NOMINAL,PL 2295/2026-  EMENDA DESTACADA Nº 5,157411,NAO,2026-04-29,
82653,3551,NOMINAL,PL 2295/2026-  EMENDA DESTACADA Nº 5,157411,NAO,2026-04-29,
82654,3551,NOMINAL,PL 2295/2026-  EMENDA DESTACADA Nº 5,157411,NAO,2026-04-29,
82655,3551,NOMINAL,PL 2295/2026-  EMENDA DESTACADA Nº 5,157411,NAO,2026-04-29,
82656,3551,NOMINAL,PL 2295/2026-  EMENDA DESTACADA Nº 5,157411,SIM,2026-04-29,
82657,3551,NOMINAL,PL 2295/2026-  EMENDA DESTACADA Nº 5,157411,NAO,2026-04-29,
82658,3551,NOMINAL,PL 2295/2026-  EMENDA DESTACADA Nº 5,157411,NAO,2026-04-29,
82659,3551,NOMINAL,PL 2295/2026-  EMENDA DESTACADA Nº 5,157411,SIM,2026-04-29,
82660,3551,NOMINAL,PL 2295/2026-  EMENDA DESTACADA Nº 5,157411,SIM,2026-04-29,
82661,3551,NOMINAL,PL 2295/2026-  EMENDA DESTACADA Nº 5,157411,NAO,2026-04-29,
82662,3552,NOMINAL,PL 2295/2026-  EMENDA DESTACADA Nº 8,157411,SIM,2026-04-29,
82663,3552,NOMINAL,PL 2295/2026-  EMENDA DESTACADA Nº 8,157411,NAO,2026-04-29,
82664,3552,NOMINAL,PL 2295/2026-  EMENDA DESTACADA Nº 8,157411,NAO,2026-04-29,
82665,3552,NOMINAL,PL 2295/2026-  EMENDA DESTACADA Nº 8,157411,SIM,2026-04-29,
82666,3552,NOMINAL,PL 2295/2026-  EMENDA DESTACADA Nº 8,157411,SIM,2026-04-29,
82667,3552,NOMINAL,PL 2295/2026-  EMENDA DESTACADA Nº 8,157411,NAO,2026-04-29,
82668,3552,NOMINAL,PL 2295/2026-  EMENDA DESTACADA Nº 8,157411,NAO,2026-04-29,
82669,3552,NOMINAL,PL 2295/2026-  EMENDA DESTACADA Nº 8,157411,NAO,2026-04-29,
82670,3552,NOMINAL,PL 2295/2026-  EMENDA DESTACADA Nº 8,157411,NAO,2026-04-29,
82671,3552,NOMINAL,PL 2295/2026-  EMENDA DESTACADA Nº 8,157411,NAO,2026-04-29,
82672,3552,NOMINAL,PL 2295/2026-  EMENDA DESTACADA Nº 8,157411,NAO,2026-04-29,
82673,3552,NOMINAL,PL 2295/2026-  EMENDA DESTACADA Nº 8,157411,SIM,2026-04-29,
82674,3552,NOMINAL,PL 2295/2026-  EMENDA DESTACADA Nº 8,157411,NAO,2026-04-29,
82675,3552,NOMINAL,PL 2295/2026-  EMENDA DESTACADA Nº 8,157411,NAO,2026-04-29,
82676,3552,NOMINAL,PL 2295/2026-  EMENDA DESTACADA Nº 8,157411,SIM,2026-04-29,
82677,3552,NOMINAL,PL 2295/2026-  EMENDA DESTACADA Nº 8,157411,SIM,2026-04-29,
82678,3552,NOMINAL,PL 2295/2026-  EMENDA DESTACADA Nº 8,157411,NAO,2026-04-29,
82679,3580,NOMINAL,PL 2144/2026 C/C PL 2306/2026 - 1º TURNO,156171,ABSTENCAO,2026-05-12,
82680,3580,NOMINAL,PL 2144/2026 C/C PL 2306/2026 - 1º TURNO,156171,NAO,2026-05-12,
82681,3580,NOMINAL,PL 2144/2026 C/C PL 2306/2026 - 1º TURNO,156171,SIM,2026-05-12,
82682,3580,NOMINAL,PL 2144/2026 C/C PL 2306/2026 - 1º TURNO,156171,SIM,2026-05-12,
82683,3580,NOMINAL,PL 2144/2026 C/C PL 2306/2026 - 1º TURNO,156171,NAO,2026-05-12,
82684,3580,NOMINAL,PL 2144/2026 C/C PL 2306/2026 - 1º TURNO,156171,NAO,2026-05-12,
82685,3580,NOMINAL,PL 2144/2026 C/C PL 2306/2026 - 1º TURNO,156171,SIM,2026-05-12,
82686,3580,NOMINAL,PL 2144/2026 C/C PL 2306/2026 - 1º TURNO,156171,SIM,2026-05-12,
82687,3580,NOMINAL,PL 2144/2026 C/C PL 2306/2026 - 1º TURNO,156171,SIM,2026-05-12,
82688,3580,NOMINAL,PL 2144/2026 C/C PL 2306/2026 - 1º TURNO,156171,SIM,2026-05-12,
82689,3580,NOMINAL,PL 2144/2026 C/C PL 2306/2026 - 1º TURNO,156171,SIM,2026-05-12,
82690,3580,NOMINAL,PL 2144/2026 C/C PL 2306/2026 - 1º TURNO,156171,SIM,2026-05-12,
82691,3580,NOMINAL,PL 2144/2026 C/C PL 2306/2026 - 1º TURNO,156171,NAO,2026-05-12,
82692,3580,NOMINAL,PL 2144/2026 C/C PL 2306/2026 - 1º TURNO,156171,SIM,2026-05-12,
82693,3580,NOMINAL,PL 2144/2026 C/C PL 2306/2026 - 1º TURNO,156171,SIM,2026-05-12,
82694,3580,NOMINAL,PL 2144/2026 C/C PL 2306/2026 - 1º TURNO,156171,SIM,2026-05-12,
82695,3580,NOMINAL,PL 2144/2026 C/C PL 2306/2026 - 1º TURNO,156171,SIM,2026-05-12,
82696,3580,NOMINAL,PL 2144/2026 C/C PL 2306/2026 - 1º TURNO,156171,SIM,2026-05-12,
82697,3580,NOMINAL,PL 2144/2026 C/C PL 2306/2026 - 1º TURNO,156171,SIM,2026-05-12,
82698,3580,NOMINAL,PL 2144/2026 C/C PL 2306/2026 - 1º TURNO,156171,SIM,2026-05-12,
82699,3580,NOMINAL,PL 2144/2026 C/C PL 2306/2026 - 1º TURNO,156171,SIM,2026-05-12,
82700,3597,NOMINAL,PL 2144/2026 C/C PL 2306/2026 - PARECER CSA,156171,ABSTENCAO,2026-05-12,
82701,3597,NOMINAL,PL 2144/2026 C/C PL 2306/2026 - PARECER CSA,156171,SIM,2026-05-12,
82702,3597,NOMINAL,PL 2144/2026 C/C PL 2306/2026 - PARECER CSA,156171,NAO,2026-05-12,
82703,3597,NOMINAL,PL 2144/2026 C/C PL 2306/2026 - PARECER CSA,156171,NAO,2026-05-12,
82704,3597,NOMINAL,PL 2144/2026 C/C PL 2306/2026 - PARECER CSA,156171,SIM,2026-05-12,
82705,3597,NOMINAL,PL 2144/2026 C/C PL 2306/2026 - PARECER CSA,156171,SIM,2026-05-12,
82706,3597,NOMINAL,PL 2144/2026 C/C PL 2306/2026 - PARECER CSA,156171,NAO,2026-05-12,
82707,3597,NOMINAL,PL 2144/2026 C/C PL 2306/2026 - PARECER CSA,156171,NAO,2026-05-12,
82708,3597,NOMINAL,PL 2144/2026 C/C PL 2306/2026 - PARECER CSA,156171,NAO,2026-05-12,
82709,3597,NOMINAL,PL 2144/2026 C/C PL 2306/2026 - PARECER CSA,156171,NAO,2026-05-12,
82710,3597,NOMINAL,PL 2144/2026 C/C PL 2306/2026 - PARECER CSA,156171,NAO,2026-05-12,
82711,3597,NOMINAL,PL 2144/2026 C/C PL 2306/2026 - PARECER CSA,156171,NAO,2026-05-12,
82712,3597,NOMINAL,PL 2144/2026 C/C PL 2306/2026 - PARECER CSA,156171,SIM,2026-05-12,
82713,3597,NOMINAL,PL 2144/2026 C/C PL 2306/2026 - PARECER CSA,156171,NAO,2026-05-12,
82714,3597,NOMINAL,PL 2144/2026 C/C PL 2306/2026 - PARECER CSA,156171,NAO,2026-05-12,
82715,3597,NOMINAL,PL 2144/2026 C/C PL 2306/2026 - PARECER CSA,156171,NAO,2026-05-12,
82716,3597,NOMINAL,PL 2144/2026 C/C PL 2306/2026 - PARECER CSA,156171,NAO,2026-05-12,
82717,3597,NOMINAL,PL 2144/2026 C/C PL 2306/2026 - PARECER CSA,156171,NAO,2026-05-12,
82718,3597,NOMINAL,PL 2144/2026 C/C PL 2306/2026 - PARECER CSA,156171,NAO,2026-05-12,
82719,3597,NOMINAL,PL 2144/2026 C/C PL 2306/2026 - PARECER CSA,156171,NAO,2026-05-12,
82720,3597,NOMINAL,PL 2144/2026 C/C PL 2306/2026 - PARECER CSA,156171,NAO,2026-05-12,
82721,3655,NOMINAL,PELO 20/2026 - 1º TURNO,157755,SIM,2026-06-09,
82722,3655,NOMINAL,PELO 20/2026 - 1º TURNO,157755,SIM,2026-06-09,
82723,3655,NOMINAL,PELO 20/2026 - 1º TURNO,157755,SIM,2026-06-09,
82724,3655,NOMINAL,PELO 20/2026 - 1º TURNO,157755,SIM,2026-06-09,
82725,3655,NOMINAL,PELO 20/2026 - 1º TURNO,157755,SIM,2026-06-09,
82726,3655,NOMINAL,PELO 20/2026 - 1º TURNO,157755,SIM,2026-06-09,
82727,3655,NOMINAL,PELO 20/2026 - 1º TURNO,157755,SIM,2026-06-09,
82728,3655,NOMINAL,PELO 20/2026 - 1º TURNO,157755,SIM,2026-06-09,
82729,3655,NOMINAL,PELO 20/2026 - 1º TURNO,157755,SIM,2026-06-09,
82730,3655,NOMINAL,PELO 20/2026 - 1º TURNO,157755,SIM,2026-06-09,
82731,3655,NOMINAL,PELO 20/2026 - 1º TURNO,157755,SIM,2026-06-09,
82732,3655,NOMINAL,PELO 20/2026 - 1º TURNO,157755,SIM,2026-06-09,
82733,3655,NOMINAL,PELO 20/2026 - 1º TURNO,157755,SIM,2026-06-09,
82734,3655,NOMINAL,PELO 20/2026 - 1º TURNO,157755,SIM,2026-06-09,
82735,3655,NOMINAL,PELO 20/2026 - 1º TURNO,157755,SIM,2026-06-09,
82736,3655,NOMINAL,PELO 20/2026 - 1º TURNO,157755,SIM,2026-06-09,
82737,3656,NOMINAL,PELO 20/2026 - 2º TURNO,157755,SIM,2026-06-30,
82738,3656,NOMINAL,PELO 20/2026 - 2º TURNO,157755,SIM,2026-06-30,
82739,3656,NOMINAL,PELO 20/2026 - 2º TURNO,157755,SIM,2026-06-30,
82740,3656,NOMINAL,PELO 20/2026 - 2º TURNO,157755,SIM,2026-06-30,
82741,3656,NOMINAL,PELO 20/2026 - 2º TURNO,157755,SIM,2026-06-30,
82742,3656,NOMINAL,PELO 20/2026 - 2º TURNO,157755,SIM,2026-06-30,
82743,3656,NOMINAL,PELO 20/2026 - 2º TURNO,157755,SIM,2026-06-30,
82744,3656,NOMINAL,PELO 20/2026 - 2º TURNO,157755,SIM,2026-06-30,
82745,3656,NOMINAL,PELO 20/2026 - 2º TURNO,157755,SIM,2026-06-30,
82746,3656,NOMINAL,PELO 20/2026 - 2º TURNO,157755,SIM,2026-06-30,
82747,3656,NOMINAL,PELO 20/2026 - 2º TURNO,157755,SIM,2026-06-30,
82748,3656,NOMINAL,PELO 20/2026 - 2º TURNO,157755,SIM,2026-06-30,
82749,3656,NOMINAL,PELO 20/2026 - 2º TURNO,157755,SIM,2026-06-30,
82750,3656,NOMINAL,PELO 20/2026 - 2º TURNO,157755,SIM,2026-06-30,
82751,3656,NOMINAL,PELO 20/2026 - 2º TURNO,157755,SIM,2026-06-30,
82752,3656,NOMINAL,PELO 20/2026 - 2º TURNO,157755,SIM,2026-06-30,
82753,3656,NOMINAL,PELO 20/2026 - 2º TURNO,157755,SIM,2026-06-30,
82754,3656,NOMINAL,PELO 20/2026 - 2º TURNO,157755,SIM,2026-06-30,
82755,3688,NOMINAL,PL 2363/2026 - 1º TURNO,158171,NAO,2026-06-09,
82756,3688,NOMINAL,PL 2363/2026 - 1º TURNO,158171,NAO,2026-06-09,
82757,3688,NOMINAL,PL 2363/2026 - 1º TURNO,158171,ABSTENCAO,2026-06-09,
82758,3688,NOMINAL,PL 2363/2026 - 1º TURNO,158171,SIM,2026-06-09,
82759,3688,NOMINAL,PL 2363/2026 - 1º TURNO,158171,NAO,2026-06-09,
82760,3688,NOMINAL,PL 2363/2026 - 1º TURNO,158171,NAO,2026-06-09,
82761,3688,NOMINAL,PL 2363/2026 - 1º TURNO,158171,SIM,2026-06-09,
82762,3688,NOMINAL,PL 2363/2026 - 1º TURNO,158171,SIM,2026-06-09,
82763,3688,NOMINAL,PL 2363/2026 - 1º TURNO,158171,SIM,2026-06-09,
82764,3688,NOMINAL,PL 2363/2026 - 1º TURNO,158171,SIM,2026-06-09,
82765,3688,NOMINAL,PL 2363/2026 - 1º TURNO,158171,NAO,2026-06-09,
82766,3688,NOMINAL,PL 2363/2026 - 1º TURNO,158171,SIM,2026-06-09,
82767,3688,NOMINAL,PL 2363/2026 - 1º TURNO,158171,NAO,2026-06-09,
82768,3688,NOMINAL,PL 2363/2026 - 1º TURNO,158171,SIM,2026-06-09,
82769,3688,NOMINAL,PL 2363/2026 - 1º TURNO,158171,NAO,2026-06-09,
82770,3688,NOMINAL,PL 2363/2026 - 1º TURNO,158171,SIM,2026-06-09,
82771,3688,NOMINAL,PL 2363/2026 - 1º TURNO,158171,NAO,2026-06-09,
82772,3688,NOMINAL,PL 2363/2026 - 1º TURNO,158171,SIM,2026-06-09,
82773,3688,NOMINAL,PL 2363/2026 - 1º TURNO,158171,NAO,2026-06-09,
82774,3688,NOMINAL,PL 2363/2026 - 1º TURNO,158171,SIM,2026-06-09,
82775,3688,NOMINAL,PL 2363/2026 - 1º TURNO,158171,SIM,2026-06-09,
82776,3689,NOMINAL,PL 2363/2026 - 2º TURNO,158171,NAO,2026-06-09,
82777,3689,NOMINAL,PL 2363/2026 - 2º TURNO,158171,NAO,2026-06-09,
82778,3689,NOMINAL,PL 2363/2026 - 2º TURNO,158171,ABSTENCAO,2026-06-09,
82779,3689,NOMINAL,PL 2363/2026 - 2º TURNO,158171,SIM,2026-06-09,
82780,3689,NOMINAL,PL 2363/2026 - 2º TURNO,158171,NAO,2026-06-09,
82781,3689,NOMINAL,PL 2363/2026 - 2º TURNO,158171,NAO,2026-06-09,
82782,3689,NOMINAL,PL 2363/2026 - 2º TURNO,158171,SIM,2026-06-09,
82783,3689,NOMINAL,PL 2363/2026 - 2º TURNO,158171,SIM,2026-06-09,
82784,3689,NOMINAL,PL 2363/2026 - 2º TURNO,158171,SIM,2026-06-09,
82785,3689,NOMINAL,PL 2363/2026 - 2º TURNO,158171,SIM,2026-06-09,
82786,3689,NOMINAL,PL 2363/2026 - 2º TURNO,158171,NAO,2026-06-09,
82787,3689,NOMINAL,PL 2363/2026 - 2º TURNO,158171,SIM,2026-06-09,
82788,3689,NOMINAL,PL 2363/2026 - 2º TURNO,158171,NAO,2026-06-09,
82789,3689,NOMINAL,PL 2363/2026 - 2º TURNO,158171,SIM,2026-06-09,
82790,3689,NOMINAL,PL 2363/2026 - 2º TURNO,158171,NAO,2026-06-09,
82791,3689,NOMINAL,PL 2363/2026 - 2º TURNO,158171,SIM,2026-06-09,
82792,3689,NOMINAL,PL 2363/2026 - 2º TURNO,158171,NAO,2026-06-09,
82793,3689,NOMINAL,PL 2363/2026 - 2º TURNO,158171,SIM,2026-06-09,
82794,3689,NOMINAL,PL 2363/2026 - 2º TURNO,158171,NAO,2026-06-09,
82795,3689,NOMINAL,PL 2363/2026 - 2º TURNO,158171,SIM,2026-06-09,
82796,3689,NOMINAL,PL 2363/2026 - 2º TURNO,158171,SIM,2026-06-09,
82797,3693,NOMINAL,RQ 2974/2026 - TURNO ÚNICO,,SIM,2026-06-09,
82798,3693,NOMINAL,RQ 2974/2026 - TURNO ÚNICO,,SIM,2026-06-09,
82799,3693,NOMINAL,RQ 2974/2026 - TURNO ÚNICO,,ABSTENCAO,2026-06-09,
82800,3693,NOMINAL,RQ 2974/2026 - TURNO ÚNICO,,SIM,2026-06-09,
82801,3693,NOMINAL,RQ 2974/2026 - TURNO ÚNICO,,SIM,2026-06-09,
82802,3693,NOMINAL,RQ 2974/2026 - TURNO ÚNICO,,NAO,2026-06-09,
82803,3693,NOMINAL,RQ 2974/2026 - TURNO ÚNICO,,NAO,2026-06-09,
82804,3693,NOMINAL,RQ 2974/2026 - TURNO ÚNICO,,NAO,2026-06-09,
82805,3693,NOMINAL,RQ 2974/2026 - TURNO ÚNICO,,NAO,2026-06-09,
82806,3693,NOMINAL,RQ 2974/2026 - TURNO ÚNICO,,NAO,2026-06-09,
82807,3693,NOMINAL,RQ 2974/2026 - TURNO ÚNICO,,NAO,2026-06-09,
82808,3693,NOMINAL,RQ 2974/2026 - TURNO ÚNICO,,SIM,2026-06-09,
82809,3693,NOMINAL,RQ 2974/2026 - TURNO ÚNICO,,NAO,2026-06-09,
82810,3693,NOMINAL,RQ 2974/2026 - TURNO ÚNICO,,SIM,2026-06-09,
82811,3693,NOMINAL,RQ 2974/2026 - TURNO ÚNICO,,NAO,2026-06-09,
82812,3693,NOMINAL,RQ 2974/2026 - TURNO ÚNICO,,SIM,2026-06-09,
82813,3693,NOMINAL,RQ 2974/2026 - TURNO ÚNICO,,NAO,2026-06-09,
82814,3693,NOMINAL,RQ 2974/2026 - TURNO ÚNICO,,SIM,2026-06-09,
82815,3693,NOMINAL,RQ 2974/2026 - TURNO ÚNICO,,NAO,2026-06-09,
82816,3693,NOMINAL,RQ 2974/2026 - TURNO ÚNICO,,NAO,2026-06-09,
82817,3695,NOMINAL,PL 2363/2026 - PARECER CEOF,158171,ABSTENCAO,2026-06-09,
82818,3695,NOMINAL,PL 2363/2026 - PARECER CEOF,158171,SIM,2026-06-09,
82819,3695,NOMINAL,PL 2363/2026 - PARECER CEOF,158171,SIM,2026-06-09,
82820,3695,NOMINAL,PL 2363/2026 - PARECER CEOF,158171,SIM,2026-06-09,
82821,3695,NOMINAL,PL 2363/2026 - PARECER CEOF,158171,SIM,2026-06-09,
82822,3695,NOMINAL,PL 2363/2026 - PARECER CEOF,158171,SIM,2026-06-09,
82823,3695,NOMINAL,PL 2363/2026 - PARECER CEOF,158171,ABSTENCAO,2026-06-09,
82824,3695,NOMINAL,PL 2363/2026 - PARECER CEOF,158171,SIM,2026-06-09,
82825,3695,NOMINAL,PL 2363/2026 - PARECER CEOF,158171,SIM,2026-06-09,
82826,3695,NOMINAL,PL 2363/2026 - PARECER CEOF,158171,SIM,2026-06-09,
82827,3695,NOMINAL,PL 2363/2026 - PARECER CEOF,158171,SIM,2026-06-09,
82828,3695,NOMINAL,PL 2363/2026 - PARECER CEOF,158171,NAO,2026-06-09,
82829,3695,NOMINAL,PL 2363/2026 - PARECER CEOF,158171,SIM,2026-06-09,
82830,3695,NOMINAL,PL 2363/2026 - PARECER CEOF,158171,SIM,2026-06-09,
82831,3696,NOMINAL,PL 2363/2026 - PARECER CCJ,158171,SIM,2026-06-09,
82832,3696,NOMINAL,PL 2363/2026 - PARECER CCJ,158171,SIM,2026-06-09,
82833,3696,NOMINAL,PL 2363/2026 - PARECER CCJ,158171,ABSTENCAO,2026-06-09,
82834,3696,NOMINAL,PL 2363/2026 - PARECER CCJ,158171,NAO,2026-06-09,
82835,3696,NOMINAL,PL 2363/2026 - PARECER CCJ,158171,SIM,2026-06-09,
82836,3696,NOMINAL,PL 2363/2026 - PARECER CCJ,158171,SIM,2026-06-09,
82837,3696,NOMINAL,PL 2363/2026 - PARECER CCJ,158171,NAO,2026-06-09,
82838,3696,NOMINAL,PL 2363/2026 - PARECER CCJ,158171,NAO,2026-06-09,
82839,3696,NOMINAL,PL 2363/2026 - PARECER CCJ,158171,NAO,2026-06-09,
82840,3696,NOMINAL,PL 2363/2026 - PARECER CCJ,158171,NAO,2026-06-09,
82841,3696,NOMINAL,PL 2363/2026 - PARECER CCJ,158171,NAO,2026-06-09,
82842,3696,NOMINAL,PL 2363/2026 - PARECER CCJ,158171,NAO,2026-06-09,
82843,3696,NOMINAL,PL 2363/2026 - PARECER CCJ,158171,SIM,2026-06-09,
82844,3696,NOMINAL,PL 2363/2026 - PARECER CCJ,158171,NAO,2026-06-09,
82845,3696,NOMINAL,PL 2363/2026 - PARECER CCJ,158171,SIM,2026-06-09,
82846,3696,NOMINAL,PL 2363/2026 - PARECER CCJ,158171,NAO,2026-06-09,
82847,3696,NOMINAL,PL 2363/2026 - PARECER CCJ,158171,SIM,2026-06-09,
82848,3696,NOMINAL,PL 2363/2026 - PARECER CCJ,158171,NAO,2026-06-09,
82849,3696,NOMINAL,PL 2363/2026 - PARECER CCJ,158171,SIM,2026-06-09,
82850,3696,NOMINAL,PL 2363/2026 - PARECER CCJ,158171,NAO,2026-06-09,
82851,3696,NOMINAL,PL 2363/2026 - PARECER CCJ,158171,NAO,2026-06-09,
82852,3697,NOMINAL,PL 2363/2026 - DESTAQUE EMENDAS Nº 10,158171,SIM,2026-06-09,
82853,3697,NOMINAL,PL 2363/2026 - DESTAQUE EMENDAS Nº 10,158171,SIM,2026-06-09,
82854,3697,NOMINAL,PL 2363/2026 - DESTAQUE EMENDAS Nº 10,158171,ABSTENCAO,2026-06-09,
82855,3697,NOMINAL,PL 2363/2026 - DESTAQUE EMENDAS Nº 10,158171,NAO,2026-06-09,
82856,3697,NOMINAL,PL 2363/2026 - DESTAQUE EMENDAS Nº 10,158171,SIM,2026-06-09,
82857,3697,NOMINAL,PL 2363/2026 - DESTAQUE EMENDAS Nº 10,158171,SIM,2026-06-09,
82858,3697,NOMINAL,PL 2363/2026 - DESTAQUE EMENDAS Nº 10,158171,NAO,2026-06-09,
82859,3697,NOMINAL,PL 2363/2026 - DESTAQUE EMENDAS Nº 10,158171,NAO,2026-06-09,
82860,3697,NOMINAL,PL 2363/2026 - DESTAQUE EMENDAS Nº 10,158171,NAO,2026-06-09,
82861,3697,NOMINAL,PL 2363/2026 - DESTAQUE EMENDAS Nº 10,158171,NAO,2026-06-09,
82862,3697,NOMINAL,PL 2363/2026 - DESTAQUE EMENDAS Nº 10,158171,ABSTENCAO,2026-06-09,
82863,3697,NOMINAL,PL 2363/2026 - DESTAQUE EMENDAS Nº 10,158171,NAO,2026-06-09,
82864,3697,NOMINAL,PL 2363/2026 - DESTAQUE EMENDAS Nº 10,158171,SIM,2026-06-09,
82865,3697,NOMINAL,PL 2363/2026 - DESTAQUE EMENDAS Nº 10,158171,NAO,2026-06-09,
82866,3697,NOMINAL,PL 2363/2026 - DESTAQUE EMENDAS Nº 10,158171,SIM,2026-06-09,
82867,3697,NOMINAL,PL 2363/2026 - DESTAQUE EMENDAS Nº 10,158171,NAO,2026-06-09,
82868,3697,NOMINAL,PL 2363/2026 - DESTAQUE EMENDAS Nº 10,158171,SIM,2026-06-09,
82869,3697,NOMINAL,PL 2363/2026 - DESTAQUE EMENDAS Nº 10,158171,NAO,2026-06-09,
82870,3697,NOMINAL,PL 2363/2026 - DESTAQUE EMENDAS Nº 10,158171,SIM,2026-06-09,
82871,3697,NOMINAL,PL 2363/2026 - DESTAQUE EMENDAS Nº 10,158171,NAO,2026-06-09,
82872,3697,NOMINAL,PL 2363/2026 - DESTAQUE EMENDAS Nº 10,158171,NAO,2026-06-09,
82873,3700,NOMINAL,PL 2363/2026 - DESTAQUE EMENDA Nº 3,158171,SIM,2026-06-09,
82874,3700,NOMINAL,PL 2363/2026 - DESTAQUE EMENDA Nº 3,158171,SIM,2026-06-09,
82875,3700,NOMINAL,PL 2363/2026 - DESTAQUE EMENDA Nº 3,158171,NAO,2026-06-09,
82876,3700,NOMINAL,PL 2363/2026 - DESTAQUE EMENDA Nº 3,158171,SIM,2026-06-09,
82877,3700,NOMINAL,PL 2363/2026 - DESTAQUE EMENDA Nº 3,158171,SIM,2026-06-09,
82878,3700,NOMINAL,PL 2363/2026 - DESTAQUE EMENDA Nº 3,158171,NAO,2026-06-09,
82879,3700,NOMINAL,PL 2363/2026 - DESTAQUE EMENDA Nº 3,158171,NAO,2026-06-09,
82880,3700,NOMINAL,PL 2363/2026 - DESTAQUE EMENDA Nº 3,158171,NAO,2026-06-09,
82881,3700,NOMINAL,PL 2363/2026 - DESTAQUE EMENDA Nº 3,158171,NAO,2026-06-09,
82882,3700,NOMINAL,PL 2363/2026 - DESTAQUE EMENDA Nº 3,158171,ABSTENCAO,2026-06-09,
82883,3700,NOMINAL,PL 2363/2026 - DESTAQUE EMENDA Nº 3,158171,NAO,2026-06-09,
82884,3700,NOMINAL,PL 2363/2026 - DESTAQUE EMENDA Nº 3,158171,SIM,2026-06-09,
82885,3700,NOMINAL,PL 2363/2026 - DESTAQUE EMENDA Nº 3,158171,NAO,2026-06-09,
82886,3700,NOMINAL,PL 2363/2026 - DESTAQUE EMENDA Nº 3,158171,SIM,2026-06-09,
82887,3700,NOMINAL,PL 2363/2026 - DESTAQUE EMENDA Nº 3,158171,NAO,2026-06-09,
82888,3700,NOMINAL,PL 2363/2026 - DESTAQUE EMENDA Nº 3,158171,SIM,2026-06-09,
82889,3700,NOMINAL,PL 2363/2026 - DESTAQUE EMENDA Nº 3,158171,NAO,2026-06-09,
82890,3700,NOMINAL,PL 2363/2026 - DESTAQUE EMENDA Nº 3,158171,SIM,2026-06-09,
82891,3700,NOMINAL,PL 2363/2026 - DESTAQUE EMENDA Nº 3,158171,NAO,2026-06-09,
82892,3700,NOMINAL,PL 2363/2026 - DESTAQUE EMENDA Nº 3,158171,NAO,2026-06-09,
82893,3701,NOMINAL,PL 2363/2026 - DESTAQUE EMENDA Nº 11,158171,SIM,2026-06-09,
82894,3701,NOMINAL,PL 2363/2026 - DESTAQUE EMENDA Nº 11,158171,SIM,2026-06-09,
82895,3701,NOMINAL,PL 2363/2026 - DESTAQUE EMENDA Nº 11,158171,ABSTENCAO,2026-06-09,
82896,3701,NOMINAL,PL 2363/2026 - DESTAQUE EMENDA Nº 11,158171,NAO,2026-06-09,
82897,3701,NOMINAL,PL 2363/2026 - DESTAQUE EMENDA Nº 11,158171,SIM,2026-06-09,
82898,3701,NOMINAL,PL 2363/2026 - DESTAQUE EMENDA Nº 11,158171,SIM,2026-06-09,
82899,3701,NOMINAL,PL 2363/2026 - DESTAQUE EMENDA Nº 11,158171,NAO,2026-06-09,
82900,3701,NOMINAL,PL 2363/2026 - DESTAQUE EMENDA Nº 11,158171,NAO,2026-06-09,
82901,3701,NOMINAL,PL 2363/2026 - DESTAQUE EMENDA Nº 11,158171,NAO,2026-06-09,
82902,3701,NOMINAL,PL 2363/2026 - DESTAQUE EMENDA Nº 11,158171,NAO,2026-06-09,
82903,3701,NOMINAL,PL 2363/2026 - DESTAQUE EMENDA Nº 11,158171,ABSTENCAO,2026-06-09,
82904,3701,NOMINAL,PL 2363/2026 - DESTAQUE EMENDA Nº 11,158171,NAO,2026-06-09,
82905,3701,NOMINAL,PL 2363/2026 - DESTAQUE EMENDA Nº 11,158171,SIM,2026-06-09,
82906,3701,NOMINAL,PL 2363/2026 - DESTAQUE EMENDA Nº 11,158171,NAO,2026-06-09,
82907,3701,NOMINAL,PL 2363/2026 - DESTAQUE EMENDA Nº 11,158171,SIM,2026-06-09,
82908,3701,NOMINAL,PL 2363/2026 - DESTAQUE EMENDA Nº 11,158171,NAO,2026-06-09,
82909,3701,NOMINAL,PL 2363/2026 - DESTAQUE EMENDA Nº 11,158171,SIM,2026-06-09,
82910,3701,NOMINAL,PL 2363/2026 - DESTAQUE EMENDA Nº 11,158171,NAO,2026-06-09,
82911,3701,NOMINAL,PL 2363/2026 - DESTAQUE EMENDA Nº 11,158171,SIM,2026-06-09,
82912,3701,NOMINAL,PL 2363/2026 - DESTAQUE EMENDA Nº 11,158171,NAO,2026-06-09,
82913,3701,NOMINAL,PL 2363/2026 - DESTAQUE EMENDA Nº 11,158171,NAO,2026-06-09,
82914,3717,NOMINAL,BLOCO DE PDLS DE 16/06/2026,,SIM,2026-06-16,
82915,3717,NOMINAL,BLOCO DE PDLS DE 16/06/2026,,SIM,2026-06-16,
82916,3717,NOMINAL,BLOCO DE PDLS DE 16/06/2026,,SIM,2026-06-16,
82917,3717,NOMINAL,BLOCO DE PDLS DE 16/06/2026,,SIM,2026-06-16,
82918,3717,NOMINAL,BLOCO DE PDLS DE 16/06/2026,,SIM,2026-06-16,
82919,3717,NOMINAL,BLOCO DE PDLS DE 16/06/2026,,SIM,2026-06-16,
82920,3717,NOMINAL,BLOCO DE PDLS DE 16/06/2026,,SIM,2026-06-16,
82921,3717,NOMINAL,BLOCO DE PDLS DE 16/06/2026,,SIM,2026-06-16,
82922,3717,NOMINAL,BLOCO DE PDLS DE 16/06/2026,,SIM,2026-06-16,
82923,3717,NOMINAL,BLOCO DE PDLS DE 16/06/2026,,SIM,2026-06-16,
82924,3717,NOMINAL,BLOCO DE PDLS DE 16/06/2026,,SIM,2026-06-16,
82925,3717,NOMINAL,BLOCO DE PDLS DE 16/06/2026,,SIM,2026-06-16,
82926,3717,NOMINAL,BLOCO DE PDLS DE 16/06/2026,,SIM,2026-06-16,
82927,3718,NOMINAL,PLC 101/2026 - 1º TURNO,157743,SIM,2026-06-16,
82928,3718,NOMINAL,PLC 101/2026 - 1º TURNO,157743,SIM,2026-06-16,
82929,3718,NOMINAL,PLC 101/2026 - 1º TURNO,157743,SIM,2026-06-16,
82930,3718,NOMINAL,PLC 101/2026 - 1º TURNO,157743,SIM,2026-06-16,
82931,3718,NOMINAL,PLC 101/2026 - 1º TURNO,157743,SIM,2026-06-16,
82932,3718,NOMINAL,PLC 101/2026 - 1º TURNO,157743,SIM,2026-06-16,
82933,3718,NOMINAL,PLC 101/2026 - 1º TURNO,157743,SIM,2026-06-16,
82934,3718,NOMINAL,PLC 101/2026 - 1º TURNO,157743,SIM,2026-06-16,
82935,3718,NOMINAL,PLC 101/2026 - 1º TURNO,157743,SIM,2026-06-16,
82936,3718,NOMINAL,PLC 101/2026 - 1º TURNO,157743,SIM,2026-06-16,
82937,3718,NOMINAL,PLC 101/2026 - 1º TURNO,157743,SIM,2026-06-16,
82938,3718,NOMINAL,PLC 101/2026 - 1º TURNO,157743,SIM,2026-06-16,
82939,3718,NOMINAL,PLC 101/2026 - 1º TURNO,157743,SIM,2026-06-16,
82940,3719,NOMINAL,PLC 101/2026 - 2º TURNO,157743,SIM,2026-06-16,
82941,3719,NOMINAL,PLC 101/2026 - 2º TURNO,157743,SIM,2026-06-16,
82942,3719,NOMINAL,PLC 101/2026 - 2º TURNO,157743,SIM,2026-06-16,
82943,3719,NOMINAL,PLC 101/2026 - 2º TURNO,157743,SIM,2026-06-16,
82944,3719,NOMINAL,PLC 101/2026 - 2º TURNO,157743,SIM,2026-06-16,
82945,3719,NOMINAL,PLC 101/2026 - 2º TURNO,157743,SIM,2026-06-16,
82946,3719,NOMINAL,PLC 101/2026 - 2º TURNO,157743,SIM,2026-06-16,
82947,3719,NOMINAL,PLC 101/2026 - 2º TURNO,157743,SIM,2026-06-16,
82948,3719,NOMINAL,PLC 101/2026 - 2º TURNO,157743,SIM,2026-06-16,
82949,3719,NOMINAL,PLC 101/2026 - 2º TURNO,157743,SIM,2026-06-16,
82950,3719,NOMINAL,PLC 101/2026 - 2º TURNO,157743,SIM,2026-06-16,
82951,3719,NOMINAL,PLC 101/2026 - 2º TURNO,157743,SIM,2026-06-16,
82952,3719,NOMINAL,PLC 101/2026 - 2º TURNO,157743,SIM,2026-06-16,
82953,3719,NOMINAL,PLC 101/2026 - 2º TURNO,157743,SIM,2026-06-16,
82954,3721,NOMINAL,PLC 103/2026 - 1º TURNO,158181,SIM,2026-06-16,
82955,3721,NOMINAL,PLC 103/2026 - 1º TURNO,158181,SIM,2026-06-16,
82956,3721,NOMINAL,PLC 103/2026 - 1º TURNO,158181,SIM,2026-06-16,
82957,3721,NOMINAL,PLC 103/2026 - 1º TURNO,158181,SIM,2026-06-16,
82958,3721,NOMINAL,PLC 103/2026 - 1º TURNO,158181,SIM,2026-06-16,
82959,3721,NOMINAL,PLC 103/2026 - 1º TURNO,158181,SIM,2026-06-16,
82960,3721,NOMINAL,PLC 103/2026 - 1º TURNO,158181,SIM,2026-06-16,
82961,3721,NOMINAL,PLC 103/2026 - 1º TURNO,158181,SIM,2026-06-16,
82962,3721,NOMINAL,PLC 103/2026 - 1º TURNO,158181,SIM,2026-06-16,
82963,3721,NOMINAL,PLC 103/2026 - 1º TURNO,158181,SIM,2026-06-16,
82964,3721,NOMINAL,PLC 103/2026 - 1º TURNO,158181,SIM,2026-06-16,
82965,3721,NOMINAL,PLC 103/2026 - 1º TURNO,158181,SIM,2026-06-16,
82966,3721,NOMINAL,PLC 103/2026 - 1º TURNO,158181,SIM,2026-06-16,
82967,3722,NOMINAL,PLC 103/2026 - 2º TURNO,158181,SIM,2026-06-16,
82968,3722,NOMINAL,PLC 103/2026 - 2º TURNO,158181,SIM,2026-06-16,
82969,3722,NOMINAL,PLC 103/2026 - 2º TURNO,158181,SIM,2026-06-16,
82970,3722,NOMINAL,PLC 103/2026 - 2º TURNO,158181,SIM,2026-06-16,
82971,3722,NOMINAL,PLC 103/2026 - 2º TURNO,158181,SIM,2026-06-16,
82972,3722,NOMINAL,PLC 103/2026 - 2º TURNO,158181,SIM,2026-06-16,
82973,3722,NOMINAL,PLC 103/2026 - 2º TURNO,158181,SIM,2026-06-16,
82974,3722,NOMINAL,PLC 103/2026 - 2º TURNO,158181,SIM,2026-06-16,
82975,3722,NOMINAL,PLC 103/2026 - 2º TURNO,158181,SIM,2026-06-16,
82976,3722,NOMINAL,PLC 103/2026 - 2º TURNO,158181,SIM,2026-06-16,
82977,3722,NOMINAL,PLC 103/2026 - 2º TURNO,158181,SIM,2026-06-16,
82978,3722,NOMINAL,PLC 103/2026 - 2º TURNO,158181,SIM,2026-06-16,
82979,3722,NOMINAL,PLC 103/2026 - 2º TURNO,158181,SIM,2026-06-16,
82980,3725,NOMINAL,PELO 21/2026 - 1ºTURNO,158281,SIM,2026-06-16,
82981,3725,NOMINAL,PELO 21/2026 - 1ºTURNO,158281,SIM,2026-06-16,
82982,3725,NOMINAL,PELO 21/2026 - 1ºTURNO,158281,SIM,2026-06-16,
82983,3725,NOMINAL,PELO 21/2026 - 1ºTURNO,158281,SIM,2026-06-16,
82984,3725,NOMINAL,PELO 21/2026 - 1ºTURNO,158281,SIM,2026-06-16,
82985,3725,NOMINAL,PELO 21/2026 - 1ºTURNO,158281,SIM,2026-06-16,
82986,3725,NOMINAL,PELO 21/2026 - 1ºTURNO,158281,SIM,2026-06-16,
82987,3725,NOMINAL,PELO 21/2026 - 1ºTURNO,158281,SIM,2026-06-16,
82988,3725,NOMINAL,PELO 21/2026 - 1ºTURNO,158281,SIM,2026-06-16,
82989,3725,NOMINAL,PELO 21/2026 - 1ºTURNO,158281,SIM,2026-06-16,
82990,3725,NOMINAL,PELO 21/2026 - 1ºTURNO,158281,SIM,2026-06-16,
82991,3725,NOMINAL,PELO 21/2026 - 1ºTURNO,158281,SIM,2026-06-16,
82992,3725,NOMINAL,PELO 21/2026 - 1ºTURNO,158281,SIM,2026-06-16,
82993,3725,NOMINAL,PELO 21/2026 - 1ºTURNO,158281,SIM,2026-06-16,
82994,3725,NOMINAL,PELO 21/2026 - 1ºTURNO,158281,SIM,2026-06-16,
82995,3755,NOMINAL,PL 2377/2026 - 1º TURNO,158386,SIM,2026-06-30,
82996,3755,NOMINAL,PL 2377/2026 - 1º TURNO,158386,SIM,2026-06-30,
82997,3755,NOMINAL,PL 2377/2026 - 1º TURNO,158386,SIM,2026-06-30,
82998,3755,NOMINAL,PL 2377/2026 - 1º TURNO,158386,SIM,2026-06-30,
82999,3755,NOMINAL,PL 2377/2026 - 1º TURNO,158386,SIM,2026-06-30,
83000,3755,NOMINAL,PL 2377/2026 - 1º TURNO,158386,SIM,2026-06-30,
83001,3755,NOMINAL,PL 2377/2026 - 1º TURNO,158386,SIM,2026-06-30,
83002,3755,NOMINAL,PL 2377/2026 - 1º TURNO,158386,SIM,2026-06-30,
83003,3755,NOMINAL,PL 2377/2026 - 1º TURNO,158386,SIM,2026-06-30,
83004,3755,NOMINAL,PL 2377/2026 - 1º TURNO,158386,SIM,2026-06-30,
83005,3755,NOMINAL,PL 2377/2026 - 1º TURNO,158386,SIM,2026-06-30,
83006,3755,NOMINAL,PL 2377/2026 - 1º TURNO,158386,ABSTENCAO,2026-06-30,
83007,3755,NOMINAL,PL 2377/2026 - 1º TURNO,158386,SIM,2026-06-30,
83008,3755,NOMINAL,PL 2377/2026 - 1º TURNO,158386,SIM,2026-06-30,
83009,3755,NOMINAL,PL 2377/2026 - 1º TURNO,158386,SIM,2026-06-30,
83010,3755,NOMINAL,PL 2377/2026 - 1º TURNO,158386,SIM,2026-06-30,
83011,3755,NOMINAL,PL 2377/2026 - 1º TURNO,158386,SIM,2026-06-30,
83012,3755,NOMINAL,PL 2377/2026 - 1º TURNO,158386,SIM,2026-06-30,
83013,3755,NOMINAL,PL 2377/2026 - 1º TURNO,158386,SIM,2026-06-30,
83014,3756,NOMINAL,PL 2377/2026 - 2º TURNO,158386,SIM,2026-06-30,
83015,3756,NOMINAL,PL 2377/2026 - 2º TURNO,158386,SIM,2026-06-30,
83016,3756,NOMINAL,PL 2377/2026 - 2º TURNO,158386,SIM,2026-06-30,
83017,3756,NOMINAL,PL 2377/2026 - 2º TURNO,158386,SIM,2026-06-30,
83018,3756,NOMINAL,PL 2377/2026 - 2º TURNO,158386,SIM,2026-06-30,
83019,3756,NOMINAL,PL 2377/2026 - 2º TURNO,158386,SIM,2026-06-30,
83020,3756,NOMINAL,PL 2377/2026 - 2º TURNO,158386,SIM,2026-06-30,
83021,3756,NOMINAL,PL 2377/2026 - 2º TURNO,158386,SIM,2026-06-30,
83022,3756,NOMINAL,PL 2377/2026 - 2º TURNO,158386,SIM,2026-06-30,
83023,3756,NOMINAL,PL 2377/2026 - 2º TURNO,158386,SIM,2026-06-30,
83024,3756,NOMINAL,PL 2377/2026 - 2º TURNO,158386,ABSTENCAO,2026-06-30,
83025,3756,NOMINAL,PL 2377/2026 - 2º TURNO,158386,SIM,2026-06-30,
83026,3756,NOMINAL,PL 2377/2026 - 2º TURNO,158386,SIM,2026-06-30,
83027,3756,NOMINAL,PL 2377/2026 - 2º TURNO,158386,SIM,2026-06-30,
83028,3756,NOMINAL,PL 2377/2026 - 2º TURNO,158386,SIM,2026-06-30,
83029,3756,NOMINAL,PL 2377/2026 - 2º TURNO,158386,SIM,2026-06-30,
83030,3756,NOMINAL,PL 2377/2026 - 2º TURNO,158386,SIM,2026-06-30,
83031,3756,NOMINAL,PL 2377/2026 - 2º TURNO,158386,SIM,2026-06-30,
83032,3756,NOMINAL,PL 2377/2026 - 2º TURNO,158386,SIM,2026-06-30,
83033,3758,NOMINAL,PL 2378/2026 - 1º TURNO,158387,SIM,2026-06-30,
83034,3758,NOMINAL,PL 2378/2026 - 1º TURNO,158387,SIM,2026-06-30,
83035,3758,NOMINAL,PL 2378/2026 - 1º TURNO,158387,SIM,2026-06-30,
83036,3758,NOMINAL,PL 2378/2026 - 1º TURNO,158387,SIM,2026-06-30,
83037,3758,NOMINAL,PL 2378/2026 - 1º TURNO,158387,SIM,2026-06-30,
83038,3758,NOMINAL,PL 2378/2026 - 1º TURNO,158387,SIM,2026-06-30,
83039,3758,NOMINAL,PL 2378/2026 - 1º TURNO,158387,SIM,2026-06-30,
83040,3758,NOMINAL,PL 2378/2026 - 1º TURNO,158387,SIM,2026-06-30,
83041,3758,NOMINAL,PL 2378/2026 - 1º TURNO,158387,SIM,2026-06-30,
83042,3758,NOMINAL,PL 2378/2026 - 1º TURNO,158387,SIM,2026-06-30,
83043,3758,NOMINAL,PL 2378/2026 - 1º TURNO,158387,SIM,2026-06-30,
83044,3758,NOMINAL,PL 2378/2026 - 1º TURNO,158387,ABSTENCAO,2026-06-30,
83045,3758,NOMINAL,PL 2378/2026 - 1º TURNO,158387,SIM,2026-06-30,
83046,3758,NOMINAL,PL 2378/2026 - 1º TURNO,158387,SIM,2026-06-30,
83047,3758,NOMINAL,PL 2378/2026 - 1º TURNO,158387,SIM,2026-06-30,
83048,3758,NOMINAL,PL 2378/2026 - 1º TURNO,158387,SIM,2026-06-30,
83049,3758,NOMINAL,PL 2378/2026 - 1º TURNO,158387,SIM,2026-06-30,
83050,3758,NOMINAL,PL 2378/2026 - 1º TURNO,158387,SIM,2026-06-30,
83051,3758,NOMINAL,PL 2378/2026 - 1º TURNO,158387,SIM,2026-06-30,
83052,3759,NOMINAL,PL 2378/2026 - 2º TURNO,158387,SIM,2026-06-30,
83053,3759,NOMINAL,PL 2378/2026 - 2º TURNO,158387,SIM,2026-06-30,
83054,3759,NOMINAL,PL 2378/2026 - 2º TURNO,158387,SIM,2026-06-30,
83055,3759,NOMINAL,PL 2378/2026 - 2º TURNO,158387,SIM,2026-06-30,
83056,3759,NOMINAL,PL 2378/2026 - 2º TURNO,158387,SIM,2026-06-30,
83057,3759,NOMINAL,PL 2378/2026 - 2º TURNO,158387,SIM,2026-06-30,
83058,3759,NOMINAL,PL 2378/2026 - 2º TURNO,158387,SIM,2026-06-30,
83059,3759,NOMINAL,PL 2378/2026 - 2º TURNO,158387,SIM,2026-06-30,
83060,3759,NOMINAL,PL 2378/2026 - 2º TURNO,158387,SIM,2026-06-30,
83061,3759,NOMINAL,PL 2378/2026 - 2º TURNO,158387,SIM,2026-06-30,
83062,3759,NOMINAL,PL 2378/2026 - 2º TURNO,158387,SIM,2026-06-30,
83063,3759,NOMINAL,PL 2378/2026 - 2º TURNO,158387,ABSTENCAO,2026-06-30,
83064,3759,NOMINAL,PL 2378/2026 - 2º TURNO,158387,SIM,2026-06-30,
83065,3759,NOMINAL,PL 2378/2026 - 2º TURNO,158387,SIM,2026-06-30,
83066,3759,NOMINAL,PL 2378/2026 - 2º TURNO,158387,SIM,2026-06-30,
83067,3759,NOMINAL,PL 2378/2026 - 2º TURNO,158387,SIM,2026-06-30,
83068,3759,NOMINAL,PL 2378/2026 - 2º TURNO,158387,SIM,2026-06-30,
83069,3759,NOMINAL,PL 2378/2026 - 2º TURNO,158387,SIM,2026-06-30,
83070,3759,NOMINAL,PL 2378/2026 - 2º TURNO,158387,SIM,2026-06-30,
83071,3759,NOMINAL,PL 2378/2026 - 2º TURNO,158387,SIM,2026-06-30,
83072,3783,NOMINAL,PL 2354/2026 C/C PL 2367/2026 - 1º TURNO,157950,NAO,2026-06-30,
83073,3783,NOMINAL,PL 2354/2026 C/C PL 2367/2026 - 1º TURNO,157950,NAO,2026-06-30,
83074,3783,NOMINAL,PL 2354/2026 C/C PL 2367/2026 - 1º TURNO,157950,SIM,2026-06-30,
83075,3783,NOMINAL,PL 2354/2026 C/C PL 2367/2026 - 1º TURNO,157950,SIM,2026-06-30,
83076,3783,NOMINAL,PL 2354/2026 C/C PL 2367/2026 - 1º TURNO,157950,NAO,2026-06-30,
83077,3783,NOMINAL,PL 2354/2026 C/C PL 2367/2026 - 1º TURNO,157950,NAO,2026-06-30,
83078,3783,NOMINAL,PL 2354/2026 C/C PL 2367/2026 - 1º TURNO,157950,SIM,2026-06-30,
83079,3783,NOMINAL,PL 2354/2026 C/C PL 2367/2026 - 1º TURNO,157950,SIM,2026-06-30,
83080,3783,NOMINAL,PL 2354/2026 C/C PL 2367/2026 - 1º TURNO,157950,SIM,2026-06-30,
83081,3783,NOMINAL,PL 2354/2026 C/C PL 2367/2026 - 1º TURNO,157950,SIM,2026-06-30,
83082,3783,NOMINAL,PL 2354/2026 C/C PL 2367/2026 - 1º TURNO,157950,SIM,2026-06-30,
83083,3783,NOMINAL,PL 2354/2026 C/C PL 2367/2026 - 1º TURNO,157950,SIM,2026-06-30,
83084,3783,NOMINAL,PL 2354/2026 C/C PL 2367/2026 - 1º TURNO,157950,NAO,2026-06-30,
83085,3783,NOMINAL,PL 2354/2026 C/C PL 2367/2026 - 1º TURNO,157950,SIM,2026-06-30,
83086,3783,NOMINAL,PL 2354/2026 C/C PL 2367/2026 - 1º TURNO,157950,SIM,2026-06-30,
83087,3783,NOMINAL,PL 2354/2026 C/C PL 2367/2026 - 1º TURNO,157950,SIM,2026-06-30,
83088,3783,NOMINAL,PL 2354/2026 C/C PL 2367/2026 - 1º TURNO,157950,NAO,2026-06-30,
83089,3783,NOMINAL,PL 2354/2026 C/C PL 2367/2026 - 1º TURNO,157950,SIM,2026-06-30,
83090,3783,NOMINAL,PL 2354/2026 C/C PL 2367/2026 - 1º TURNO,157950,SIM,2026-06-30,
83091,3783,NOMINAL,PL 2354/2026 C/C PL 2367/2026 - 1º TURNO,157950,SIM,2026-06-30,
83092,3783,NOMINAL,PL 2354/2026 C/C PL 2367/2026 - 1º TURNO,157950,SIM,2026-06-30,
83093,3783,NOMINAL,PL 2354/2026 C/C PL 2367/2026 - 1º TURNO,157950,SIM,2026-06-30,
83094,3784,NOMINAL,PL 2354/2026 C/C PL 2367/2026 - 2º TURNO,157950,NAO,2026-06-30,
83095,3784,NOMINAL,PL 2354/2026 C/C PL 2367/2026 - 2º TURNO,157950,NAO,2026-06-30,
83096,3784,NOMINAL,PL 2354/2026 C/C PL 2367/2026 - 2º TURNO,157950,SIM,2026-06-30,
83097,3784,NOMINAL,PL 2354/2026 C/C PL 2367/2026 - 2º TURNO,157950,SIM,2026-06-30,
83098,3784,NOMINAL,PL 2354/2026 C/C PL 2367/2026 - 2º TURNO,157950,NAO,2026-06-30,
83099,3784,NOMINAL,PL 2354/2026 C/C PL 2367/2026 - 2º TURNO,157950,NAO,2026-06-30,
83100,3784,NOMINAL,PL 2354/2026 C/C PL 2367/2026 - 2º TURNO,157950,SIM,2026-06-30,
83101,3784,NOMINAL,PL 2354/2026 C/C PL 2367/2026 - 2º TURNO,157950,SIM,2026-06-30,
83102,3784,NOMINAL,PL 2354/2026 C/C PL 2367/2026 - 2º TURNO,157950,SIM,2026-06-30,
83103,3784,NOMINAL,PL 2354/2026 C/C PL 2367/2026 - 2º TURNO,157950,SIM,2026-06-30,
83104,3784,NOMINAL,PL 2354/2026 C/C PL 2367/2026 - 2º TURNO,157950,NAO,2026-06-30,
83105,3784,NOMINAL,PL 2354/2026 C/C PL 2367/2026 - 2º TURNO,157950,SIM,2026-06-30,
83106,3784,NOMINAL,PL 2354/2026 C/C PL 2367/2026 - 2º TURNO,157950,SIM,2026-06-30,
83107,3784,NOMINAL,PL 2354/2026 C/C PL 2367/2026 - 2º TURNO,157950,SIM,2026-06-30,
83108,3784,NOMINAL,PL 2354/2026 C/C PL 2367/2026 - 2º TURNO,157950,NAO,2026-06-30,
83109,3784,NOMINAL,PL 2354/2026 C/C PL 2367/2026 - 2º TURNO,157950,SIM,2026-06-30,
83110,3784,NOMINAL,PL 2354/2026 C/C PL 2367/2026 - 2º TURNO,157950,SIM,2026-06-30,
83111,3784,NOMINAL,PL 2354/2026 C/C PL 2367/2026 - 2º TURNO,157950,SIM,2026-06-30,
83112,3784,NOMINAL,PL 2354/2026 C/C PL 2367/2026 - 2º TURNO,157950,SIM,2026-06-30,
83113,3784,NOMINAL,PL 2354/2026 C/C PL 2367/2026 - 2º TURNO,157950,SIM,2026-06-30,
83114,3785,NOMINAL,"PL 2354/2026 C/C PL 2367/2026 - PARECERES CSA, CEOF E CCJ",157950,NAO,2026-06-30,
83115,3785,NOMINAL,"PL 2354/2026 C/C PL 2367/2026 - PARECERES CSA, CEOF E CCJ",157950,NAO,2026-06-30,
83116,3785,NOMINAL,"PL 2354/2026 C/C PL 2367/2026 - PARECERES CSA, CEOF E CCJ",157950,SIM,2026-06-30,
83117,3785,NOMINAL,"PL 2354/2026 C/C PL 2367/2026 - PARECERES CSA, CEOF E CCJ",157950,SIM,2026-06-30,
83118,3785,NOMINAL,"PL 2354/2026 C/C PL 2367/2026 - PARECERES CSA, CEOF E CCJ",157950,NAO,2026-06-30,
83119,3785,NOMINAL,"PL 2354/2026 C/C PL 2367/2026 - PARECERES CSA, CEOF E CCJ",157950,NAO,2026-06-30,
83120,3785,NOMINAL,"PL 2354/2026 C/C PL 2367/2026 - PARECERES CSA, CEOF E CCJ",157950,SIM,2026-06-30,
83121,3785,NOMINAL,"PL 2354/2026 C/C PL 2367/2026 - PARECERES CSA, CEOF E CCJ",157950,SIM,2026-06-30,
83122,3785,NOMINAL,"PL 2354/2026 C/C PL 2367/2026 - PARECERES CSA, CEOF E CCJ",157950,SIM,2026-06-30,
83123,3785,NOMINAL,"PL 2354/2026 C/C PL 2367/2026 - PARECERES CSA, CEOF E CCJ",157950,SIM,2026-06-30,
83124,3785,NOMINAL,"PL 2354/2026 C/C PL 2367/2026 - PARECERES CSA, CEOF E CCJ",157950,SIM,2026-06-30,
83125,3785,NOMINAL,"PL 2354/2026 C/C PL 2367/2026 - PARECERES CSA, CEOF E CCJ",157950,SIM,2026-06-30,
83126,3785,NOMINAL,"PL 2354/2026 C/C PL 2367/2026 - PARECERES CSA, CEOF E CCJ",157950,NAO,2026-06-30,
83127,3785,NOMINAL,"PL 2354/2026 C/C PL 2367/2026 - PARECERES CSA, CEOF E CCJ",157950,SIM,2026-06-30,
83128,3785,NOMINAL,"PL 2354/2026 C/C PL 2367/2026 - PARECERES CSA, CEOF E CCJ",157950,SIM,2026-06-30,
83129,3785,NOMINAL,"PL 2354/2026 C/C PL 2367/2026 - PARECERES CSA, CEOF E CCJ",157950,SIM,2026-06-30,
83130,3785,NOMINAL,"PL 2354/2026 C/C PL 2367/2026 - PARECERES CSA, CEOF E CCJ",157950,NAO,2026-06-30,
83131,3785,NOMINAL,"PL 2354/2026 C/C PL 2367/2026 - PARECERES CSA, CEOF E CCJ",157950,SIM,2026-06-30,
83132,3785,NOMINAL,"PL 2354/2026 C/C PL 2367/2026 - PARECERES CSA, CEOF E CCJ",157950,SIM,2026-06-30,
83133,3785,NOMINAL,"PL 2354/2026 C/C PL 2367/2026 - PARECERES CSA, CEOF E CCJ",157950,SIM,2026-06-30,
83134,3785,NOMINAL,"PL 2354/2026 C/C PL 2367/2026 - PARECERES CSA, CEOF E CCJ",157950,SIM,2026-06-30,
83135,3785,NOMINAL,"PL 2354/2026 C/C PL 2367/2026 - PARECERES CSA, CEOF E CCJ",157950,SIM,2026-06-30,
83136,3787,NOMINAL,PL 2323/2026 - 2º TURNO,157770,NAO,2026-06-30,
83137,3787,NOMINAL,PL 2323/2026 - 2º TURNO,157770,NAO,2026-06-30,
83138,3787,NOMINAL,PL 2323/2026 - 2º TURNO,157770,SIM,2026-06-30,
83139,3787,NOMINAL,PL 2323/2026 - 2º TURNO,157770,SIM,2026-06-30,
83140,3787,NOMINAL,PL 2323/2026 - 2º TURNO,157770,NAO,2026-06-30,
83141,3787,NOMINAL,PL 2323/2026 - 2º TURNO,157770,NAO,2026-06-30,
83142,3787,NOMINAL,PL 2323/2026 - 2º TURNO,157770,SIM,2026-06-30,
83143,3787,NOMINAL,PL 2323/2026 - 2º TURNO,157770,SIM,2026-06-30,
83144,3787,NOMINAL,PL 2323/2026 - 2º TURNO,157770,SIM,2026-06-30,
83145,3787,NOMINAL,PL 2323/2026 - 2º TURNO,157770,SIM,2026-06-30,
83146,3787,NOMINAL,PL 2323/2026 - 2º TURNO,157770,SIM,2026-06-30,
83147,3787,NOMINAL,PL 2323/2026 - 2º TURNO,157770,NAO,2026-06-30,
83148,3787,NOMINAL,PL 2323/2026 - 2º TURNO,157770,SIM,2026-06-30,
83149,3787,NOMINAL,PL 2323/2026 - 2º TURNO,157770,NAO,2026-06-30,
83150,3787,NOMINAL,PL 2323/2026 - 2º TURNO,157770,SIM,2026-06-30,
83151,3787,NOMINAL,PL 2323/2026 - 2º TURNO,157770,NAO,2026-06-30,
83152,3787,NOMINAL,PL 2323/2026 - 2º TURNO,157770,SIM,2026-06-30,
83153,3787,NOMINAL,PL 2323/2026 - 2º TURNO,157770,SIM,2026-06-30,
83154,3787,NOMINAL,PL 2323/2026 - 2º TURNO,157770,SIM,2026-06-30,
83155,3787,NOMINAL,PL 2323/2026 - 2º TURNO,157770,SIM,2026-06-30,
83156,3787,NOMINAL,PL 2323/2026 - 2º TURNO,157770,SIM,2026-06-30,
83157,3792,NOMINAL,PL 2354/2026 C/C PL 2367/2026 - PARECER CDDHCLP,157950,SIM,2026-06-30,
83158,3792,NOMINAL,PL 2354/2026 C/C PL 2367/2026 - PARECER CDDHCLP,157950,SIM,2026-06-30,
83159,3792,NOMINAL,PL 2354/2026 C/C PL 2367/2026 - PARECER CDDHCLP,157950,NAO,2026-06-30,
83160,3792,NOMINAL,PL 2354/2026 C/C PL 2367/2026 - PARECER CDDHCLP,157950,NAO,2026-06-30,
83161,3792,NOMINAL,PL 2354/2026 C/C PL 2367/2026 - PARECER CDDHCLP,157950,SIM,2026-06-30,
83162,3792,NOMINAL,PL 2354/2026 C/C PL 2367/2026 - PARECER CDDHCLP,157950,SIM,2026-06-30,
83163,3792,NOMINAL,PL 2354/2026 C/C PL 2367/2026 - PARECER CDDHCLP,157950,NAO,2026-06-30,
83164,3792,NOMINAL,PL 2354/2026 C/C PL 2367/2026 - PARECER CDDHCLP,157950,NAO,2026-06-30,
83165,3792,NOMINAL,PL 2354/2026 C/C PL 2367/2026 - PARECER CDDHCLP,157950,NAO,2026-06-30,
83166,3792,NOMINAL,PL 2354/2026 C/C PL 2367/2026 - PARECER CDDHCLP,157950,NAO,2026-06-30,
83167,3792,NOMINAL,PL 2354/2026 C/C PL 2367/2026 - PARECER CDDHCLP,157950,NAO,2026-06-30,
83168,3792,NOMINAL,PL 2354/2026 C/C PL 2367/2026 - PARECER CDDHCLP,157950,NAO,2026-06-30,
83169,3792,NOMINAL,PL 2354/2026 C/C PL 2367/2026 - PARECER CDDHCLP,157950,SIM,2026-06-30,
83170,3792,NOMINAL,PL 2354/2026 C/C PL 2367/2026 - PARECER CDDHCLP,157950,NAO,2026-06-30,
83171,3792,NOMINAL,PL 2354/2026 C/C PL 2367/2026 - PARECER CDDHCLP,157950,SIM,2026-06-30,
83172,3792,NOMINAL,PL 2354/2026 C/C PL 2367/2026 - PARECER CDDHCLP,157950,NAO,2026-06-30,
83173,3792,NOMINAL,PL 2354/2026 C/C PL 2367/2026 - PARECER CDDHCLP,157950,SIM,2026-06-30,
83174,3792,NOMINAL,PL 2354/2026 C/C PL 2367/2026 - PARECER CDDHCLP,157950,NAO,2026-06-30,
83175,3792,NOMINAL,PL 2354/2026 C/C PL 2367/2026 - PARECER CDDHCLP,157950,NAO,2026-06-30,
83176,3792,NOMINAL,PL 2354/2026 C/C PL 2367/2026 - PARECER CDDHCLP,157950,NAO,2026-06-30,
83177,3792,NOMINAL,PL 2354/2026 C/C PL 2367/2026 - PARECER CDDHCLP,157950,NAO,2026-06-30,
83178,3792,NOMINAL,PL 2354/2026 C/C PL 2367/2026 - PARECER CDDHCLP,157950,NAO,2026-06-30,
83179,3810,NOMINAL,BLOCO DE PDLS DE 30/06/2026,,SIM,2026-06-30,
83180,3810,NOMINAL,BLOCO DE PDLS DE 30/06/2026,,SIM,2026-06-30,
83181,3810,NOMINAL,BLOCO DE PDLS DE 30/06/2026,,SIM,2026-06-30,
83182,3810,NOMINAL,BLOCO DE PDLS DE 30/06/2026,,SIM,2026-06-30,
83183,3810,NOMINAL,BLOCO DE PDLS DE 30/06/2026,,SIM,2026-06-30,
83184,3810,NOMINAL,BLOCO DE PDLS DE 30/06/2026,,SIM,2026-06-30,
83185,3810,NOMINAL,BLOCO DE PDLS DE 30/06/2026,,SIM,2026-06-30,
83186,3810,NOMINAL,BLOCO DE PDLS DE 30/06/2026,,SIM,2026-06-30,
83187,3810,NOMINAL,BLOCO DE PDLS DE 30/06/2026,,SIM,2026-06-30,
83188,3810,NOMINAL,BLOCO DE PDLS DE 30/06/2026,,SIM,2026-06-30,
83189,3810,NOMINAL,BLOCO DE PDLS DE 30/06/2026,,SIM,2026-06-30,
83190,3810,NOMINAL,BLOCO DE PDLS DE 30/06/2026,,SIM,2026-06-30,
83191,3810,NOMINAL,BLOCO DE PDLS DE 30/06/2026,,SIM,2026-06-30,
83192,3810,NOMINAL,BLOCO DE PDLS DE 30/06/2026,,SIM,2026-06-30,
83193,3810,NOMINAL,BLOCO DE PDLS DE 30/06/2026,,SIM,2026-06-30,
83194,3810,NOMINAL,BLOCO DE PDLS DE 30/06/2026,,SIM,2026-06-30,
83195,3810,NOMINAL,BLOCO DE PDLS DE 30/06/2026,,SIM,2026-06-30,
83196,3810,NOMINAL,BLOCO DE PDLS DE 30/06/2026,,SIM,2026-06-30,
83197,3810,NOMINAL,BLOCO DE PDLS DE 30/06/2026,,SIM,2026-06-30,
83198,3810,NOMINAL,BLOCO DE PDLS DE 30/06/2026,,SIM,2026-06-30,
83199,3810,NOMINAL,BLOCO DE PDLS DE 30/06/2026,,SIM,2026-06-30,
83200,3819,NOMINAL,PL 2354/2026 C/C PL 2367/2026 - PARECER CDDHCLP (VENCIDO),157950,NAO,2026-06-30,
83201,3819,NOMINAL,PL 2354/2026 C/C PL 2367/2026 - PARECER CDDHCLP (VENCIDO),157950,NAO,2026-06-30,
83202,3819,NOMINAL,PL 2354/2026 C/C PL 2367/2026 - PARECER CDDHCLP (VENCIDO),157950,SIM,2026-06-30,
83203,3819,NOMINAL,PL 2354/2026 C/C PL 2367/2026 - PARECER CDDHCLP (VENCIDO),157950,SIM,2026-06-30,
83204,3819,NOMINAL,PL 2354/2026 C/C PL 2367/2026 - PARECER CDDHCLP (VENCIDO),157950,NAO,2026-06-30,
83205,3819,NOMINAL,PL 2354/2026 C/C PL 2367/2026 - PARECER CDDHCLP (VENCIDO),157950,NAO,2026-06-30,
83206,3819,NOMINAL,PL 2354/2026 C/C PL 2367/2026 - PARECER CDDHCLP (VENCIDO),157950,SIM,2026-06-30,
83207,3819,NOMINAL,PL 2354/2026 C/C PL 2367/2026 - PARECER CDDHCLP (VENCIDO),157950,SIM,2026-06-30,
83208,3819,NOMINAL,PL 2354/2026 C/C PL 2367/2026 - PARECER CDDHCLP (VENCIDO),157950,SIM,2026-06-30,
83209,3819,NOMINAL,PL 2354/2026 C/C PL 2367/2026 - PARECER CDDHCLP (VENCIDO),157950,SIM,2026-06-30,
83210,3819,NOMINAL,PL 2354/2026 C/C PL 2367/2026 - PARECER CDDHCLP (VENCIDO),157950,SIM,2026-06-30,
83211,3819,NOMINAL,PL 2354/2026 C/C PL 2367/2026 - PARECER CDDHCLP (VENCIDO),157950,SIM,2026-06-30,
83212,3819,NOMINAL,PL 2354/2026 C/C PL 2367/2026 - PARECER CDDHCLP (VENCIDO),157950,NAO,2026-06-30,
83213,3819,NOMINAL,PL 2354/2026 C/C PL 2367/2026 - PARECER CDDHCLP (VENCIDO),157950,SIM,2026-06-30,
83214,3819,NOMINAL,PL 2354/2026 C/C PL 2367/2026 - PARECER CDDHCLP (VENCIDO),157950,SIM,2026-06-30,
83215,3819,NOMINAL,PL 2354/2026 C/C PL 2367/2026 - PARECER CDDHCLP (VENCIDO),157950,SIM,2026-06-30,
83216,3819,NOMINAL,PL 2354/2026 C/C PL 2367/2026 - PARECER CDDHCLP (VENCIDO),157950,NAO,2026-06-30,
83217,3819,NOMINAL,PL 2354/2026 C/C PL 2367/2026 - PARECER CDDHCLP (VENCIDO),157950,SIM,2026-06-30,
83218,3819,NOMINAL,PL 2354/2026 C/C PL 2367/2026 - PARECER CDDHCLP (VENCIDO),157950,SIM,2026-06-30,
83219,3819,NOMINAL,PL 2354/2026 C/C PL 2367/2026 - PARECER CDDHCLP (VENCIDO),157950,SIM,2026-06-30,
83220,3819,NOMINAL,PL 2354/2026 C/C PL 2367/2026 - PARECER CDDHCLP (VENCIDO),157950,SIM,2026-06-30,
83221,3819,NOMINAL,PL 2354/2026 C/C PL 2367/2026 - PARECER CDDHCLP (VENCIDO),157950,SIM,2026-06-30,
83222,3828,NOMINAL,PL 1739/2025 - PARECER CEC,152555,SIM,2026-06-30,
83223,3828,NOMINAL,PL 1739/2025 - PARECER CEC,152555,SIM,2026-06-30,
83224,3828,NOMINAL,PL 1739/2025 - PARECER CEC,152555,NAO,2026-06-30,
83225,3828,NOMINAL,PL 1739/2025 - PARECER CEC,152555,NAO,2026-06-30,
83226,3828,NOMINAL,PL 1739/2025 - PARECER CEC,152555,SIM,2026-06-30,
83227,3828,NOMINAL,PL 1739/2025 - PARECER CEC,152555,SIM,2026-06-30,
83228,3828,NOMINAL,PL 1739/2025 - PARECER CEC,152555,NAO,2026-06-30,
83229,3828,NOMINAL,PL 1739/2025 - PARECER CEC,152555,NAO,2026-06-30,
83230,3828,NOMINAL,PL 1739/2025 - PARECER CEC,152555,NAO,2026-06-30,
83231,3828,NOMINAL,PL 1739/2025 - PARECER CEC,152555,NAO,2026-06-30,
83232,3828,NOMINAL,PL 1739/2025 - PARECER CEC,152555,SIM,2026-06-30,
83233,3828,NOMINAL,PL 1739/2025 - PARECER CEC,152555,NAO,2026-06-30,
83234,3828,NOMINAL,PL 1739/2025 - PARECER CEC,152555,NAO,2026-06-30,
83235,3828,NOMINAL,PL 1739/2025 - PARECER CEC,152555,SIM,2026-06-30,
83236,3828,NOMINAL,PL 1739/2025 - PARECER CEC,152555,NAO,2026-06-30,
83237,3828,NOMINAL,PL 1739/2025 - PARECER CEC,152555,NAO,2026-06-30,
83238,3828,NOMINAL,PL 1739/2025 - PARECER CEC,152555,NAO,2026-06-30,
83239,3828,NOMINAL,PL 1739/2025 - PARECER CEC,152555,NAO,2026-06-30,
83240,3828,NOMINAL,PL 1739/2025 - PARECER CEC,152555,NAO,2026-06-30,
83241,4557,NOMINAL,1º TURNO PROJETO DE LEI COMPLEMENTAR Nº 60/2024,149908,SIM,2024-11-26,
83242,4557,NOMINAL,1º TURNO PROJETO DE LEI COMPLEMENTAR Nº 60/2024,149908,SIM,2024-11-26,
83243,4557,NOMINAL,1º TURNO PROJETO DE LEI COMPLEMENTAR Nº 60/2024,149908,SIM,2024-11-26,
83244,4557,NOMINAL,1º TURNO PROJETO DE LEI COMPLEMENTAR Nº 60/2024,149908,SIM,2024-11-26,
83245,4557,NOMINAL,1º TURNO PROJETO DE LEI COMPLEMENTAR Nº 60/2024,149908,SIM,2024-11-26,
83246,4557,NOMINAL,1º TURNO PROJETO DE LEI COMPLEMENTAR Nº 60/2024,149908,SIM,2024-11-26,
83247,4557,NOMINAL,1º TURNO PROJETO DE LEI COMPLEMENTAR Nº 60/2024,149908,NAO,2024-11-26,
83248,4557,NOMINAL,1º TURNO PROJETO DE LEI COMPLEMENTAR Nº 60/2024,149908,SIM,2024-11-26,
83249,4557,NOMINAL,1º TURNO PROJETO DE LEI COMPLEMENTAR Nº 60/2024,149908,SIM,2024-11-26,
83250,4557,NOMINAL,1º TURNO PROJETO DE LEI COMPLEMENTAR Nº 60/2024,149908,SIM,2024-11-26,
83251,4557,NOMINAL,1º TURNO PROJETO DE LEI COMPLEMENTAR Nº 60/2024,149908,SIM,2024-11-26,
83252,4557,NOMINAL,1º TURNO PROJETO DE LEI COMPLEMENTAR Nº 60/2024,149908,SIM,2024-11-26,
83253,4557,NOMINAL,1º TURNO PROJETO DE LEI COMPLEMENTAR Nº 60/2024,149908,SIM,2024-11-26,
83254,4557,NOMINAL,1º TURNO PROJETO DE LEI COMPLEMENTAR Nº 60/2024,149908,SIM,2024-11-26,
83255,4557,NOMINAL,1º TURNO PROJETO DE LEI COMPLEMENTAR Nº 60/2024,149908,SIM,2024-11-26,
83256,4557,NOMINAL,1º TURNO PROJETO DE LEI COMPLEMENTAR Nº 60/2024,149908,SIM,2024-11-26,
83257,4557,NOMINAL,1º TURNO PROJETO DE LEI COMPLEMENTAR Nº 60/2024,149908,SIM,2024-11-26,
83258,4557,NOMINAL,1º TURNO PROJETO DE LEI COMPLEMENTAR Nº 60/2024,149908,SIM,2024-11-26,
83259,4557,NOMINAL,1º TURNO PROJETO DE LEI COMPLEMENTAR Nº 60/2024,149908,SIM,2024-11-26,
83260,5724,NOMINAL,1º TURNO PROJETO DE LEI COMPLEMENTAR Nº 127/2022,8672,SIM,2023-10-17,
83261,5724,NOMINAL,1º TURNO PROJETO DE LEI COMPLEMENTAR Nº 127/2022,8672,SIM,2023-10-17,
83262,5724,NOMINAL,1º TURNO PROJETO DE LEI COMPLEMENTAR Nº 127/2022,8672,SIM,2023-10-17,
83263,5724,NOMINAL,1º TURNO PROJETO DE LEI COMPLEMENTAR Nº 127/2022,8672,SIM,2023-10-17,
83264,5724,NOMINAL,1º TURNO PROJETO DE LEI COMPLEMENTAR Nº 127/2022,8672,SIM,2023-10-17,
83265,5724,NOMINAL,1º TURNO PROJETO DE LEI COMPLEMENTAR Nº 127/2022,8672,SIM,2023-10-17,
83266,5724,NOMINAL,1º TURNO PROJETO DE LEI COMPLEMENTAR Nº 127/2022,8672,SIM,2023-10-17,
83267,5724,NOMINAL,1º TURNO PROJETO DE LEI COMPLEMENTAR Nº 127/2022,8672,SIM,2023-10-17,
83268,5724,NOMINAL,1º TURNO PROJETO DE LEI COMPLEMENTAR Nº 127/2022,8672,SIM,2023-10-17,
83269,5724,NOMINAL,1º TURNO PROJETO DE LEI COMPLEMENTAR Nº 127/2022,8672,SIM,2023-10-17,
83270,5724,NOMINAL,1º TURNO PROJETO DE LEI COMPLEMENTAR Nº 127/2022,8672,SIM,2023-10-17,
83271,5724,NOMINAL,1º TURNO PROJETO DE LEI COMPLEMENTAR Nº 127/2022,8672,SIM,2023-10-17,
83272,5724,NOMINAL,1º TURNO PROJETO DE LEI COMPLEMENTAR Nº 127/2022,8672,SIM,2023-10-17,
83273,5724,NOMINAL,1º TURNO PROJETO DE LEI COMPLEMENTAR Nº 127/2022,8672,SIM,2023-10-17,
83274,5724,NOMINAL,1º TURNO PROJETO DE LEI COMPLEMENTAR Nº 127/2022,8672,SIM,2023-10-17,
83275,5724,NOMINAL,1º TURNO PROJETO DE LEI COMPLEMENTAR Nº 127/2022,8672,SIM,2023-10-17,
83276,5724,NOMINAL,1º TURNO PROJETO DE LEI COMPLEMENTAR Nº 127/2022,8672,SIM,2023-10-17,
83277,5724,NOMINAL,1º TURNO PROJETO DE LEI COMPLEMENTAR Nº 127/2022,8672,SIM,2023-10-17,
83278,5724,NOMINAL,1º TURNO PROJETO DE LEI COMPLEMENTAR Nº 127/2022,8672,SIM,2023-10-17,
83279,5724,NOMINAL,1º TURNO PROJETO DE LEI COMPLEMENTAR Nº 127/2022,8672,SIM,2023-10-17,
83280,5724,NOMINAL,1º TURNO PROJETO DE LEI COMPLEMENTAR Nº 127/2022,8672,SIM,2023-10-17,
83281,5724,NOMINAL,1º TURNO PROJETO DE LEI COMPLEMENTAR Nº 127/2022,8672,SIM,2023-10-17,
83282,5725,NOMINAL,2º TURNO PROJETO DE LEI COMPLEMENTAR Nº 127/2022,8672,SIM,2023-10-17,
83283,5725,NOMINAL,2º TURNO PROJETO DE LEI COMPLEMENTAR Nº 127/2022,8672,SIM,2023-10-17,
83284,5725,NOMINAL,2º TURNO PROJETO DE LEI COMPLEMENTAR Nº 127/2022,8672,SIM,2023-10-17,
83285,5725,NOMINAL,2º TURNO PROJETO DE LEI COMPLEMENTAR Nº 127/2022,8672,SIM,2023-10-17,
83286,5725,NOMINAL,2º TURNO PROJETO DE LEI COMPLEMENTAR Nº 127/2022,8672,SIM,2023-10-17,
83287,5725,NOMINAL,2º TURNO PROJETO DE LEI COMPLEMENTAR Nº 127/2022,8672,SIM,2023-10-17,
83288,5725,NOMINAL,2º TURNO PROJETO DE LEI COMPLEMENTAR Nº 127/2022,8672,SIM,2023-10-17,
83289,5725,NOMINAL,2º TURNO PROJETO DE LEI COMPLEMENTAR Nº 127/2022,8672,SIM,2023-10-17,
83290,5725,NOMINAL,2º TURNO PROJETO DE LEI COMPLEMENTAR Nº 127/2022,8672,SIM,2023-10-17,
83291,5725,NOMINAL,2º TURNO PROJETO DE LEI COMPLEMENTAR Nº 127/2022,8672,SIM,2023-10-17,
83292,5725,NOMINAL,2º TURNO PROJETO DE LEI COMPLEMENTAR Nº 127/2022,8672,SIM,2023-10-17,
83293,5725,NOMINAL,2º TURNO PROJETO DE LEI COMPLEMENTAR Nº 127/2022,8672,SIM,2023-10-17,
83294,5725,NOMINAL,2º TURNO PROJETO DE LEI COMPLEMENTAR Nº 127/2022,8672,SIM,2023-10-17,
83295,5725,NOMINAL,2º TURNO PROJETO DE LEI COMPLEMENTAR Nº 127/2022,8672,SIM,2023-10-17,
83296,5725,NOMINAL,2º TURNO PROJETO DE LEI COMPLEMENTAR Nº 127/2022,8672,SIM,2023-10-17,
83297,5725,NOMINAL,2º TURNO PROJETO DE LEI COMPLEMENTAR Nº 127/2022,8672,SIM,2023-10-17,
83298,5725,NOMINAL,2º TURNO PROJETO DE LEI COMPLEMENTAR Nº 127/2022,8672,SIM,2023-10-17,
83299,5725,NOMINAL,2º TURNO PROJETO DE LEI COMPLEMENTAR Nº 127/2022,8672,SIM,2023-10-17,
83300,5725,NOMINAL,2º TURNO PROJETO DE LEI COMPLEMENTAR Nº 127/2022,8672,SIM,2023-10-17,
83301,5725,NOMINAL,2º TURNO PROJETO DE LEI COMPLEMENTAR Nº 127/2022,8672,SIM,2023-10-17,
83302,5725,NOMINAL,2º TURNO PROJETO DE LEI COMPLEMENTAR Nº 127/2022,8672,SIM,2023-10-17,
83303,6015,NOMINAL,VETO TOTAL PROJETO DE LEI 2886/2022,8759,NAO,2023-04-12,451
83304,6015,NOMINAL,VETO TOTAL PROJETO DE LEI 2886/2022,8759,NAO,2023-04-12,451
83305,6015,NOMINAL,VETO TOTAL PROJETO DE LEI 2886/2022,8759,NAO,2023-04-12,451
83306,6015,NOMINAL,VETO TOTAL PROJETO DE LEI 2886/2022,8759,NAO,2023-04-12,451
83307,6015,NOMINAL,VETO TOTAL PROJETO DE LEI 2886/2022,8759,NAO,2023-04-12,451
83308,6015,NOMINAL,VETO TOTAL PROJETO DE LEI 2886/2022,8759,NAO,2023-04-12,451
83309,6015,NOMINAL,VETO TOTAL PROJETO DE LEI 2886/2022,8759,NAO,2023-04-12,451
83310,6015,NOMINAL,VETO TOTAL PROJETO DE LEI 2886/2022,8759,NAO,2023-04-12,451
83311,6015,NOMINAL,VETO TOTAL PROJETO DE LEI 2886/2022,8759,NAO,2023-04-12,451
83312,6015,NOMINAL,VETO TOTAL PROJETO DE LEI 2886/2022,8759,NAO,2023-04-12,451
83313,6015,NOMINAL,VETO TOTAL PROJETO DE LEI 2886/2022,8759,NAO,2023-04-12,451
83314,6015,NOMINAL,VETO TOTAL PROJETO DE LEI 2886/2022,8759,NAO,2023-04-12,451
83315,6015,NOMINAL,VETO TOTAL PROJETO DE LEI 2886/2022,8759,NAO,2023-04-12,451
83316,6015,NOMINAL,VETO TOTAL PROJETO DE LEI 2886/2022,8759,NAO,2023-04-12,451
83317,6015,NOMINAL,VETO TOTAL PROJETO DE LEI 2886/2022,8759,NAO,2023-04-12,451
83318,6015,NOMINAL,VETO TOTAL PROJETO DE LEI 2886/2022,8759,NAO,2023-04-12,451
83319,6015,NOMINAL,VETO TOTAL PROJETO DE LEI 2886/2022,8759,NAO,2023-04-12,451
83320,6015,NOMINAL,VETO TOTAL PROJETO DE LEI 2886/2022,8759,NAO,2023-04-12,451
83321,6015,NOMINAL,VETO TOTAL PROJETO DE LEI 2886/2022,8759,NAO,2023-04-12,451
83322,6015,NOMINAL,VETO TOTAL PROJETO DE LEI 2886/2022,8759,NAO,2023-04-12,451
83323,6015,NOMINAL,VETO TOTAL PROJETO DE LEI 2886/2022,8759,NAO,2023-04-12,451
83324,6037,NOMINAL,2º TURNO PROPOSTA DE EMENDA A LEI ORGÂNICA Nº 46/2022,,SIM,2023-03-21,
83325,6037,NOMINAL,2º TURNO PROPOSTA DE EMENDA A LEI ORGÂNICA Nº 46/2022,,SIM,2023-03-21,
83326,6037,NOMINAL,2º TURNO PROPOSTA DE EMENDA A LEI ORGÂNICA Nº 46/2022,,SIM,2023-03-21,
83327,6037,NOMINAL,2º TURNO PROPOSTA DE EMENDA A LEI ORGÂNICA Nº 46/2022,,SIM,2023-03-21,
83328,6037,NOMINAL,2º TURNO PROPOSTA DE EMENDA A LEI ORGÂNICA Nº 46/2022,,SIM,2023-03-21,
83329,6037,NOMINAL,2º TURNO PROPOSTA DE EMENDA A LEI ORGÂNICA Nº 46/2022,,SIM,2023-03-21,
83330,6037,NOMINAL,2º TURNO PROPOSTA DE EMENDA A LEI ORGÂNICA Nº 46/2022,,SIM,2023-03-21,
83331,6037,NOMINAL,2º TURNO PROPOSTA DE EMENDA A LEI ORGÂNICA Nº 46/2022,,SIM,2023-03-21,
83332,6037,NOMINAL,2º TURNO PROPOSTA DE EMENDA A LEI ORGÂNICA Nº 46/2022,,SIM,2023-03-21,
83333,6037,NOMINAL,2º TURNO PROPOSTA DE EMENDA A LEI ORGÂNICA Nº 46/2022,,SIM,2023-03-21,
83334,6037,NOMINAL,2º TURNO PROPOSTA DE EMENDA A LEI ORGÂNICA Nº 46/2022,,SIM,2023-03-21,
83335,6037,NOMINAL,2º TURNO PROPOSTA DE EMENDA A LEI ORGÂNICA Nº 46/2022,,SIM,2023-03-21,
83336,6037,NOMINAL,2º TURNO PROPOSTA DE EMENDA A LEI ORGÂNICA Nº 46/2022,,SIM,2023-03-21,
83337,6037,NOMINAL,2º TURNO PROPOSTA DE EMENDA A LEI ORGÂNICA Nº 46/2022,,SIM,2023-03-21,
83338,6037,NOMINAL,2º TURNO PROPOSTA DE EMENDA A LEI ORGÂNICA Nº 46/2022,,SIM,2023-03-21,
83339,6037,NOMINAL,2º TURNO PROPOSTA DE EMENDA A LEI ORGÂNICA Nº 46/2022,,SIM,2023-03-21,
83340,6310,NOMINAL,1º TURNO DO PROJETO DE LEI  Nº 3069/2022,9937,NAO,2023-06-20,
83341,6310,NOMINAL,1º TURNO DO PROJETO DE LEI  Nº 3069/2022,9937,SIM,2023-06-20,
83342,6310,NOMINAL,1º TURNO DO PROJETO DE LEI  Nº 3069/2022,9937,SIM,2023-06-20,
83343,6310,NOMINAL,1º TURNO DO PROJETO DE LEI  Nº 3069/2022,9937,SIM,2023-06-20,
83344,6310,NOMINAL,1º TURNO DO PROJETO DE LEI  Nº 3069/2022,9937,SIM,2023-06-20,
83345,6310,NOMINAL,1º TURNO DO PROJETO DE LEI  Nº 3069/2022,9937,SIM,2023-06-20,
83346,6310,NOMINAL,1º TURNO DO PROJETO DE LEI  Nº 3069/2022,9937,NAO,2023-06-20,
83347,6310,NOMINAL,1º TURNO DO PROJETO DE LEI  Nº 3069/2022,9937,SIM,2023-06-20,
83348,6310,NOMINAL,1º TURNO DO PROJETO DE LEI  Nº 3069/2022,9937,SIM,2023-06-20,
83349,6310,NOMINAL,1º TURNO DO PROJETO DE LEI  Nº 3069/2022,9937,SIM,2023-06-20,
83350,6310,NOMINAL,1º TURNO DO PROJETO DE LEI  Nº 3069/2022,9937,SIM,2023-06-20,
83351,6310,NOMINAL,1º TURNO DO PROJETO DE LEI  Nº 3069/2022,9937,SIM,2023-06-20,
83352,6310,NOMINAL,1º TURNO DO PROJETO DE LEI  Nº 3069/2022,9937,SIM,2023-06-20,
83353,6310,NOMINAL,1º TURNO DO PROJETO DE LEI  Nº 3069/2022,9937,SIM,2023-06-20,
83354,6310,NOMINAL,1º TURNO DO PROJETO DE LEI  Nº 3069/2022,9937,SIM,2023-06-20,
83355,6310,NOMINAL,1º TURNO DO PROJETO DE LEI  Nº 3069/2022,9937,SIM,2023-06-20,
83356,6310,NOMINAL,1º TURNO DO PROJETO DE LEI  Nº 3069/2022,9937,SIM,2023-06-20,
83357,6310,NOMINAL,1º TURNO DO PROJETO DE LEI  Nº 3069/2022,9937,NAO,2023-06-20,
83358,6310,NOMINAL,1º TURNO DO PROJETO DE LEI  Nº 3069/2022,9937,SIM,2023-06-20,
83359,6310,NOMINAL,1º TURNO DO PROJETO DE LEI  Nº 3069/2022,9937,SIM,2023-06-20,
83360,6310,NOMINAL,1º TURNO DO PROJETO DE LEI  Nº 3069/2022,9937,SIM,2023-06-20,
83361,6310,NOMINAL,1º TURNO DO PROJETO DE LEI  Nº 3069/2022,9937,SIM,2023-06-20,
83362,6310,NOMINAL,1º TURNO DO PROJETO DE LEI  Nº 3069/2022,9937,SIM,2023-06-20,
83363,6365,NOMINAL,PROJETO DE DECRETO LEGISLATIVO Nº 177/2021,,SIM,2023-04-12,451
83364,6365,NOMINAL,PROJETO DE DECRETO LEGISLATIVO Nº 177/2021,,SIM,2023-04-12,451
83365,6365,NOMINAL,PROJETO DE DECRETO LEGISLATIVO Nº 177/2021,,SIM,2023-04-12,451
83366,6365,NOMINAL,PROJETO DE DECRETO LEGISLATIVO Nº 177/2021,,SIM,2023-04-12,451
83367,6365,NOMINAL,PROJETO DE DECRETO LEGISLATIVO Nº 177/2021,,SIM,2023-04-12,451
83368,6365,NOMINAL,PROJETO DE DECRETO LEGISLATIVO Nº 177/2021,,SIM,2023-04-12,451
83369,6365,NOMINAL,PROJETO DE DECRETO LEGISLATIVO Nº 177/2021,,SIM,2023-04-12,451
83370,6365,NOMINAL,PROJETO DE DECRETO LEGISLATIVO Nº 177/2021,,SIM,2023-04-12,451
83371,6365,NOMINAL,PROJETO DE DECRETO LEGISLATIVO Nº 177/2021,,SIM,2023-04-12,451
83372,6365,NOMINAL,PROJETO DE DECRETO LEGISLATIVO Nº 177/2021,,SIM,2023-04-12,451
83373,6365,NOMINAL,PROJETO DE DECRETO LEGISLATIVO Nº 177/2021,,SIM,2023-04-12,451
83374,6365,NOMINAL,PROJETO DE DECRETO LEGISLATIVO Nº 177/2021,,SIM,2023-04-12,451
83375,6365,NOMINAL,PROJETO DE DECRETO LEGISLATIVO Nº 177/2021,,SIM,2023-04-12,451
83376,6365,NOMINAL,PROJETO DE DECRETO LEGISLATIVO Nº 177/2021,,SIM,2023-04-12,451
83377,6366,NOMINAL,BLOCO REQUERIMENTOS 08.02.2023,,SIM,2023-02-08,421
83378,6366,NOMINAL,BLOCO REQUERIMENTOS 08.02.2023,,SIM,2023-02-08,421
83379,6366,NOMINAL,BLOCO REQUERIMENTOS 08.02.2023,,SIM,2023-02-08,421
83380,6366,NOMINAL,BLOCO REQUERIMENTOS 08.02.2023,,SIM,2023-02-08,421
83381,6366,NOMINAL,BLOCO REQUERIMENTOS 08.02.2023,,SIM,2023-02-08,421
83382,6366,NOMINAL,BLOCO REQUERIMENTOS 08.02.2023,,SIM,2023-02-08,421
83383,6366,NOMINAL,BLOCO REQUERIMENTOS 08.02.2023,,SIM,2023-02-08,421
83384,6366,NOMINAL,BLOCO REQUERIMENTOS 08.02.2023,,SIM,2023-02-08,421
83385,6366,NOMINAL,BLOCO REQUERIMENTOS 08.02.2023,,SIM,2023-02-08,421
83386,6366,NOMINAL,BLOCO REQUERIMENTOS 08.02.2023,,SIM,2023-02-08,421
83387,6366,NOMINAL,BLOCO REQUERIMENTOS 08.02.2023,,SIM,2023-02-08,421
83388,6366,NOMINAL,BLOCO REQUERIMENTOS 08.02.2023,,SIM,2023-02-08,421
83389,6366,NOMINAL,BLOCO REQUERIMENTOS 08.02.2023,,SIM,2023-02-08,421
83390,6379,NOMINAL,BLOCO REQUERIMENTOS 21.03.2023,,SIM,2023-03-21,
83391,6379,NOMINAL,BLOCO REQUERIMENTOS 21.03.2023,,SIM,2023-03-21,
83392,6379,NOMINAL,BLOCO REQUERIMENTOS 21.03.2023,,SIM,2023-03-21,
83393,6379,NOMINAL,BLOCO REQUERIMENTOS 21.03.2023,,SIM,2023-03-21,
83394,6379,NOMINAL,BLOCO REQUERIMENTOS 21.03.2023,,SIM,2023-03-21,
83395,6379,NOMINAL,BLOCO REQUERIMENTOS 21.03.2023,,SIM,2023-03-21,
83396,6379,NOMINAL,BLOCO REQUERIMENTOS 21.03.2023,,SIM,2023-03-21,
83397,6379,NOMINAL,BLOCO REQUERIMENTOS 21.03.2023,,SIM,2023-03-21,
83398,6379,NOMINAL,BLOCO REQUERIMENTOS 21.03.2023,,SIM,2023-03-21,
83399,6379,NOMINAL,BLOCO REQUERIMENTOS 21.03.2023,,SIM,2023-03-21,
83400,6379,NOMINAL,BLOCO REQUERIMENTOS 21.03.2023,,SIM,2023-03-21,
83401,6379,NOMINAL,BLOCO REQUERIMENTOS 21.03.2023,,SIM,2023-03-21,
83402,6379,NOMINAL,BLOCO REQUERIMENTOS 21.03.2023,,SIM,2023-03-21,
83403,6379,NOMINAL,BLOCO REQUERIMENTOS 21.03.2023,,SIM,2023-03-21,
83404,6379,NOMINAL,BLOCO REQUERIMENTOS 21.03.2023,,SIM,2023-03-21,
83405,6379,NOMINAL,BLOCO REQUERIMENTOS 21.03.2023,,SIM,2023-03-21,
83406,6381,NOMINAL,1º TURNO DO PROJETO DE LEI  Nº 3/2023,9963,SIM,2023-03-28,444
83407,6381,NOMINAL,1º TURNO DO PROJETO DE LEI  Nº 3/2023,9963,SIM,2023-03-28,444
83408,6381,NOMINAL,1º TURNO DO PROJETO DE LEI  Nº 3/2023,9963,SIM,2023-03-28,444
83409,6381,NOMINAL,1º TURNO DO PROJETO DE LEI  Nº 3/2023,9963,SIM,2023-03-28,444
83410,6381,NOMINAL,1º TURNO DO PROJETO DE LEI  Nº 3/2023,9963,SIM,2023-03-28,444
83411,6381,NOMINAL,1º TURNO DO PROJETO DE LEI  Nº 3/2023,9963,SIM,2023-03-28,444
83412,6381,NOMINAL,1º TURNO DO PROJETO DE LEI  Nº 3/2023,9963,SIM,2023-03-28,444
83413,6381,NOMINAL,1º TURNO DO PROJETO DE LEI  Nº 3/2023,9963,SIM,2023-03-28,444
83414,6381,NOMINAL,1º TURNO DO PROJETO DE LEI  Nº 3/2023,9963,SIM,2023-03-28,444
83415,6381,NOMINAL,1º TURNO DO PROJETO DE LEI  Nº 3/2023,9963,SIM,2023-03-28,444
83416,6381,NOMINAL,1º TURNO DO PROJETO DE LEI  Nº 3/2023,9963,SIM,2023-03-28,444
83417,6381,NOMINAL,1º TURNO DO PROJETO DE LEI  Nº 3/2023,9963,SIM,2023-03-28,444
83418,6381,NOMINAL,1º TURNO DO PROJETO DE LEI  Nº 3/2023,9963,SIM,2023-03-28,444
83419,6381,NOMINAL,1º TURNO DO PROJETO DE LEI  Nº 3/2023,9963,SIM,2023-03-28,444
83420,6381,NOMINAL,1º TURNO DO PROJETO DE LEI  Nº 3/2023,9963,SIM,2023-03-28,444
83421,6382,NOMINAL,2º TURNO DO PROJETO DE LEI  Nº 3/2023,9963,SIM,2023-04-12,451
83422,6382,NOMINAL,2º TURNO DO PROJETO DE LEI  Nº 3/2023,9963,SIM,2023-04-12,451
83423,6382,NOMINAL,2º TURNO DO PROJETO DE LEI  Nº 3/2023,9963,SIM,2023-04-12,451
83424,6382,NOMINAL,2º TURNO DO PROJETO DE LEI  Nº 3/2023,9963,SIM,2023-04-12,451
83425,6382,NOMINAL,2º TURNO DO PROJETO DE LEI  Nº 3/2023,9963,SIM,2023-04-12,451
83426,6382,NOMINAL,2º TURNO DO PROJETO DE LEI  Nº 3/2023,9963,SIM,2023-04-12,451
83427,6382,NOMINAL,2º TURNO DO PROJETO DE LEI  Nº 3/2023,9963,SIM,2023-04-12,451
83428,6382,NOMINAL,2º TURNO DO PROJETO DE LEI  Nº 3/2023,9963,SIM,2023-04-12,451
83429,6382,NOMINAL,2º TURNO DO PROJETO DE LEI  Nº 3/2023,9963,SIM,2023-04-12,451
83430,6382,NOMINAL,2º TURNO DO PROJETO DE LEI  Nº 3/2023,9963,SIM,2023-04-12,451
83431,6382,NOMINAL,2º TURNO DO PROJETO DE LEI  Nº 3/2023,9963,SIM,2023-04-12,451
83432,6382,NOMINAL,2º TURNO DO PROJETO DE LEI  Nº 3/2023,9963,SIM,2023-04-12,451
83433,6382,NOMINAL,2º TURNO DO PROJETO DE LEI  Nº 3/2023,9963,SIM,2023-04-12,451
83434,6382,NOMINAL,2º TURNO DO PROJETO DE LEI  Nº 3/2023,9963,SIM,2023-04-12,451
83435,6382,NOMINAL,2º TURNO DO PROJETO DE LEI  Nº 3/2023,9963,SIM,2023-04-12,451
83436,6382,NOMINAL,2º TURNO DO PROJETO DE LEI  Nº 3/2023,9963,SIM,2023-04-12,451
83437,6384,NOMINAL,1º TURNO PROJETO DE LEI COMPLEMENTAR Nº 129/2022,8942,SIM,2023-03-28,444
83438,6384,NOMINAL,1º TURNO PROJETO DE LEI COMPLEMENTAR Nº 129/2022,8942,SIM,2023-03-28,444
83439,6384,NOMINAL,1º TURNO PROJETO DE LEI COMPLEMENTAR Nº 129/2022,8942,SIM,2023-03-28,444
83440,6384,NOMINAL,1º TURNO PROJETO DE LEI COMPLEMENTAR Nº 129/2022,8942,SIM,2023-03-28,444
83441,6384,NOMINAL,1º TURNO PROJETO DE LEI COMPLEMENTAR Nº 129/2022,8942,SIM,2023-03-28,444
83442,6384,NOMINAL,1º TURNO PROJETO DE LEI COMPLEMENTAR Nº 129/2022,8942,SIM,2023-03-28,444
83443,6384,NOMINAL,1º TURNO PROJETO DE LEI COMPLEMENTAR Nº 129/2022,8942,SIM,2023-03-28,444
83444,6384,NOMINAL,1º TURNO PROJETO DE LEI COMPLEMENTAR Nº 129/2022,8942,SIM,2023-03-28,444
83445,6384,NOMINAL,1º TURNO PROJETO DE LEI COMPLEMENTAR Nº 129/2022,8942,SIM,2023-03-28,444
83446,6384,NOMINAL,1º TURNO PROJETO DE LEI COMPLEMENTAR Nº 129/2022,8942,SIM,2023-03-28,444
83447,6384,NOMINAL,1º TURNO PROJETO DE LEI COMPLEMENTAR Nº 129/2022,8942,SIM,2023-03-28,444
83448,6384,NOMINAL,1º TURNO PROJETO DE LEI COMPLEMENTAR Nº 129/2022,8942,SIM,2023-03-28,444
83449,6384,NOMINAL,1º TURNO PROJETO DE LEI COMPLEMENTAR Nº 129/2022,8942,SIM,2023-03-28,444
83450,6384,NOMINAL,1º TURNO PROJETO DE LEI COMPLEMENTAR Nº 129/2022,8942,SIM,2023-03-28,444
83451,6385,NOMINAL,2º TURNO PROJETO DE LEI COMPLEMENTAR Nº 129/2022,8942,SIM,2023-04-12,451
83452,6385,NOMINAL,2º TURNO PROJETO DE LEI COMPLEMENTAR Nº 129/2022,8942,SIM,2023-04-12,451
83453,6385,NOMINAL,2º TURNO PROJETO DE LEI COMPLEMENTAR Nº 129/2022,8942,SIM,2023-04-12,451
83454,6385,NOMINAL,2º TURNO PROJETO DE LEI COMPLEMENTAR Nº 129/2022,8942,SIM,2023-04-12,451
83455,6385,NOMINAL,2º TURNO PROJETO DE LEI COMPLEMENTAR Nº 129/2022,8942,SIM,2023-04-12,451
83456,6385,NOMINAL,2º TURNO PROJETO DE LEI COMPLEMENTAR Nº 129/2022,8942,SIM,2023-04-12,451
83457,6385,NOMINAL,2º TURNO PROJETO DE LEI COMPLEMENTAR Nº 129/2022,8942,SIM,2023-04-12,451
83458,6385,NOMINAL,2º TURNO PROJETO DE LEI COMPLEMENTAR Nº 129/2022,8942,SIM,2023-04-12,451
83459,6385,NOMINAL,2º TURNO PROJETO DE LEI COMPLEMENTAR Nº 129/2022,8942,SIM,2023-04-12,451
83460,6385,NOMINAL,2º TURNO PROJETO DE LEI COMPLEMENTAR Nº 129/2022,8942,SIM,2023-04-12,451
83461,6385,NOMINAL,2º TURNO PROJETO DE LEI COMPLEMENTAR Nº 129/2022,8942,SIM,2023-04-12,451
83462,6385,NOMINAL,2º TURNO PROJETO DE LEI COMPLEMENTAR Nº 129/2022,8942,SIM,2023-04-12,451
83463,6385,NOMINAL,2º TURNO PROJETO DE LEI COMPLEMENTAR Nº 129/2022,8942,SIM,2023-04-12,451
83464,6385,NOMINAL,2º TURNO PROJETO DE LEI COMPLEMENTAR Nº 129/2022,8942,SIM,2023-04-12,451
83465,6385,NOMINAL,2º TURNO PROJETO DE LEI COMPLEMENTAR Nº 129/2022,8942,SIM,2023-04-12,451
83466,6385,NOMINAL,2º TURNO PROJETO DE LEI COMPLEMENTAR Nº 129/2022,8942,SIM,2023-04-12,451
83467,6390,NOMINAL,1º TURNO PROJETO DE LEI COMPLEMENTAR Nº 141/2022,9950,SIM,2023-04-11,
83468,6390,NOMINAL,1º TURNO PROJETO DE LEI COMPLEMENTAR Nº 141/2022,9950,SIM,2023-04-11,
83469,6390,NOMINAL,1º TURNO PROJETO DE LEI COMPLEMENTAR Nº 141/2022,9950,SIM,2023-04-11,
83470,6390,NOMINAL,1º TURNO PROJETO DE LEI COMPLEMENTAR Nº 141/2022,9950,SIM,2023-04-11,
83471,6390,NOMINAL,1º TURNO PROJETO DE LEI COMPLEMENTAR Nº 141/2022,9950,SIM,2023-04-11,
83472,6390,NOMINAL,1º TURNO PROJETO DE LEI COMPLEMENTAR Nº 141/2022,9950,SIM,2023-04-11,
83473,6390,NOMINAL,1º TURNO PROJETO DE LEI COMPLEMENTAR Nº 141/2022,9950,SIM,2023-04-11,
83474,6390,NOMINAL,1º TURNO PROJETO DE LEI COMPLEMENTAR Nº 141/2022,9950,SIM,2023-04-11,
83475,6390,NOMINAL,1º TURNO PROJETO DE LEI COMPLEMENTAR Nº 141/2022,9950,SIM,2023-04-11,
83476,6390,NOMINAL,1º TURNO PROJETO DE LEI COMPLEMENTAR Nº 141/2022,9950,SIM,2023-04-11,
83477,6390,NOMINAL,1º TURNO PROJETO DE LEI COMPLEMENTAR Nº 141/2022,9950,SIM,2023-04-11,
83478,6390,NOMINAL,1º TURNO PROJETO DE LEI COMPLEMENTAR Nº 141/2022,9950,SIM,2023-04-11,
83479,6390,NOMINAL,1º TURNO PROJETO DE LEI COMPLEMENTAR Nº 141/2022,9950,SIM,2023-04-11,
83480,6390,NOMINAL,1º TURNO PROJETO DE LEI COMPLEMENTAR Nº 141/2022,9950,SIM,2023-04-11,
83481,6390,NOMINAL,1º TURNO PROJETO DE LEI COMPLEMENTAR Nº 141/2022,9950,SIM,2023-04-11,
83482,6390,NOMINAL,1º TURNO PROJETO DE LEI COMPLEMENTAR Nº 141/2022,9950,SIM,2023-04-11,
83483,6390,NOMINAL,1º TURNO PROJETO DE LEI COMPLEMENTAR Nº 141/2022,9950,SIM,2023-04-11,
83484,6390,NOMINAL,1º TURNO PROJETO DE LEI COMPLEMENTAR Nº 141/2022,9950,SIM,2023-04-11,
83485,6390,NOMINAL,1º TURNO PROJETO DE LEI COMPLEMENTAR Nº 141/2022,9950,SIM,2023-04-11,
83486,6391,NOMINAL,2º TURNO PROJETO DE LEI COMPLEMENTAR Nº 141/2022,9950,SIM,2023-04-11,
83487,6391,NOMINAL,2º TURNO PROJETO DE LEI COMPLEMENTAR Nº 141/2022,9950,SIM,2023-04-11,
83488,6391,NOMINAL,2º TURNO PROJETO DE LEI COMPLEMENTAR Nº 141/2022,9950,SIM,2023-04-11,
83489,6391,NOMINAL,2º TURNO PROJETO DE LEI COMPLEMENTAR Nº 141/2022,9950,SIM,2023-04-11,
83490,6391,NOMINAL,2º TURNO PROJETO DE LEI COMPLEMENTAR Nº 141/2022,9950,SIM,2023-04-11,
83491,6391,NOMINAL,2º TURNO PROJETO DE LEI COMPLEMENTAR Nº 141/2022,9950,SIM,2023-04-11,
83492,6391,NOMINAL,2º TURNO PROJETO DE LEI COMPLEMENTAR Nº 141/2022,9950,SIM,2023-04-11,
83493,6391,NOMINAL,2º TURNO PROJETO DE LEI COMPLEMENTAR Nº 141/2022,9950,SIM,2023-04-11,
83494,6391,NOMINAL,2º TURNO PROJETO DE LEI COMPLEMENTAR Nº 141/2022,9950,SIM,2023-04-11,
83495,6391,NOMINAL,2º TURNO PROJETO DE LEI COMPLEMENTAR Nº 141/2022,9950,SIM,2023-04-11,
83496,6391,NOMINAL,2º TURNO PROJETO DE LEI COMPLEMENTAR Nº 141/2022,9950,SIM,2023-04-11,
83497,6391,NOMINAL,2º TURNO PROJETO DE LEI COMPLEMENTAR Nº 141/2022,9950,SIM,2023-04-11,
83498,6391,NOMINAL,2º TURNO PROJETO DE LEI COMPLEMENTAR Nº 141/2022,9950,SIM,2023-04-11,
83499,6391,NOMINAL,2º TURNO PROJETO DE LEI COMPLEMENTAR Nº 141/2022,9950,SIM,2023-04-11,
83500,6391,NOMINAL,2º TURNO PROJETO DE LEI COMPLEMENTAR Nº 141/2022,9950,SIM,2023-04-11,
83501,6391,NOMINAL,2º TURNO PROJETO DE LEI COMPLEMENTAR Nº 141/2022,9950,SIM,2023-04-11,
83502,6391,NOMINAL,2º TURNO PROJETO DE LEI COMPLEMENTAR Nº 141/2022,9950,SIM,2023-04-11,
83503,6391,NOMINAL,2º TURNO PROJETO DE LEI COMPLEMENTAR Nº 141/2022,9950,SIM,2023-04-11,
83504,6396,NOMINAL,RECURSO Nº 1 /2023,,SIM,2023-03-01,430
83505,6396,NOMINAL,RECURSO Nº 1 /2023,,SIM,2023-03-01,430
83506,6396,NOMINAL,RECURSO Nº 1 /2023,,SIM,2023-03-01,430
83507,6396,NOMINAL,RECURSO Nº 1 /2023,,SIM,2023-03-01,430
83508,6396,NOMINAL,RECURSO Nº 1 /2023,,SIM,2023-03-01,430
83509,6396,NOMINAL,RECURSO Nº 1 /2023,,SIM,2023-03-01,430
83510,6396,NOMINAL,RECURSO Nº 1 /2023,,SIM,2023-03-01,430
83511,6396,NOMINAL,RECURSO Nº 1 /2023,,SIM,2023-03-01,430
83512,6396,NOMINAL,RECURSO Nº 1 /2023,,SIM,2023-03-01,430
83513,6396,NOMINAL,RECURSO Nº 1 /2023,,SIM,2023-03-01,430
83514,6396,NOMINAL,RECURSO Nº 1 /2023,,SIM,2023-03-01,430
83515,6396,NOMINAL,RECURSO Nº 1 /2023,,SIM,2023-03-01,430
83516,6396,NOMINAL,RECURSO Nº 1 /2023,,SIM,2023-03-01,430
83517,6397,NOMINAL,BLOCO REQUERIMENTOS 01.03.2023,,SIM,2023-03-01,430
83518,6397,NOMINAL,BLOCO REQUERIMENTOS 01.03.2023,,SIM,2023-03-01,430
83519,6397,NOMINAL,BLOCO REQUERIMENTOS 01.03.2023,,SIM,2023-03-01,430
83520,6397,NOMINAL,BLOCO REQUERIMENTOS 01.03.2023,,SIM,2023-03-01,430
83521,6397,NOMINAL,BLOCO REQUERIMENTOS 01.03.2023,,SIM,2023-03-01,430
83522,6397,NOMINAL,BLOCO REQUERIMENTOS 01.03.2023,,SIM,2023-03-01,430
83523,6397,NOMINAL,BLOCO REQUERIMENTOS 01.03.2023,,SIM,2023-03-01,430
83524,6397,NOMINAL,BLOCO REQUERIMENTOS 01.03.2023,,SIM,2023-03-01,430
83525,6397,NOMINAL,BLOCO REQUERIMENTOS 01.03.2023,,SIM,2023-03-01,430
83526,6397,NOMINAL,BLOCO REQUERIMENTOS 01.03.2023,,SIM,2023-03-01,430
83527,6397,NOMINAL,BLOCO REQUERIMENTOS 01.03.2023,,SIM,2023-03-01,430
83528,6397,NOMINAL,BLOCO REQUERIMENTOS 01.03.2023,,SIM,2023-03-01,430
83529,6397,NOMINAL,BLOCO REQUERIMENTOS 01.03.2023,,SIM,2023-03-01,430
83530,6397,NOMINAL,BLOCO REQUERIMENTOS 01.03.2023,,SIM,2023-03-01,430
83531,6399,NOMINAL,TURNO ÚNICO REQUERIMENTO Nº 217/2023,10940,SIM,2023-03-01,430
83532,6399,NOMINAL,TURNO ÚNICO REQUERIMENTO Nº 217/2023,10940,SIM,2023-03-01,430
83533,6399,NOMINAL,TURNO ÚNICO REQUERIMENTO Nº 217/2023,10940,SIM,2023-03-01,430
83534,6399,NOMINAL,TURNO ÚNICO REQUERIMENTO Nº 217/2023,10940,SIM,2023-03-01,430
83535,6399,NOMINAL,TURNO ÚNICO REQUERIMENTO Nº 217/2023,10940,SIM,2023-03-01,430
83536,6399,NOMINAL,TURNO ÚNICO REQUERIMENTO Nº 217/2023,10940,SIM,2023-03-01,430
83537,6399,NOMINAL,TURNO ÚNICO REQUERIMENTO Nº 217/2023,10940,SIM,2023-03-01,430
83538,6399,NOMINAL,TURNO ÚNICO REQUERIMENTO Nº 217/2023,10940,SIM,2023-03-01,430
83539,6399,NOMINAL,TURNO ÚNICO REQUERIMENTO Nº 217/2023,10940,SIM,2023-03-01,430
83540,6399,NOMINAL,TURNO ÚNICO REQUERIMENTO Nº 217/2023,10940,SIM,2023-03-01,430
83541,6399,NOMINAL,TURNO ÚNICO REQUERIMENTO Nº 217/2023,10940,SIM,2023-03-01,430
83542,6399,NOMINAL,TURNO ÚNICO REQUERIMENTO Nº 217/2023,10940,SIM,2023-03-01,430
83543,6399,NOMINAL,TURNO ÚNICO REQUERIMENTO Nº 217/2023,10940,SIM,2023-03-01,430
83544,6399,NOMINAL,TURNO ÚNICO REQUERIMENTO Nº 217/2023,10940,SIM,2023-03-01,430
83545,6399,NOMINAL,TURNO ÚNICO REQUERIMENTO Nº 217/2023,10940,SIM,2023-03-01,430
83546,6399,NOMINAL,TURNO ÚNICO REQUERIMENTO Nº 217/2023,10940,SIM,2023-03-01,430
83547,6599,NOMINAL,1º TURNO PROJETO DE LEI COMPLEMENTAR Nº 13/2023,11316,SIM,2023-03-28,444
83548,6599,NOMINAL,1º TURNO PROJETO DE LEI COMPLEMENTAR Nº 13/2023,11316,SIM,2023-03-28,444
83549,6599,NOMINAL,1º TURNO PROJETO DE LEI COMPLEMENTAR Nº 13/2023,11316,SIM,2023-03-28,444
83550,6599,NOMINAL,1º TURNO PROJETO DE LEI COMPLEMENTAR Nº 13/2023,11316,SIM,2023-03-28,444
83551,6599,NOMINAL,1º TURNO PROJETO DE LEI COMPLEMENTAR Nº 13/2023,11316,SIM,2023-03-28,444
83552,6599,NOMINAL,1º TURNO PROJETO DE LEI COMPLEMENTAR Nº 13/2023,11316,SIM,2023-03-28,444
83553,6599,NOMINAL,1º TURNO PROJETO DE LEI COMPLEMENTAR Nº 13/2023,11316,SIM,2023-03-28,444
83554,6599,NOMINAL,1º TURNO PROJETO DE LEI COMPLEMENTAR Nº 13/2023,11316,SIM,2023-03-28,444
83555,6599,NOMINAL,1º TURNO PROJETO DE LEI COMPLEMENTAR Nº 13/2023,11316,SIM,2023-03-28,444
83556,6599,NOMINAL,1º TURNO PROJETO DE LEI COMPLEMENTAR Nº 13/2023,11316,SIM,2023-03-28,444
83557,6599,NOMINAL,1º TURNO PROJETO DE LEI COMPLEMENTAR Nº 13/2023,11316,SIM,2023-03-28,444
83558,6599,NOMINAL,1º TURNO PROJETO DE LEI COMPLEMENTAR Nº 13/2023,11316,SIM,2023-03-28,444
83559,6599,NOMINAL,1º TURNO PROJETO DE LEI COMPLEMENTAR Nº 13/2023,11316,SIM,2023-03-28,444
83560,6599,NOMINAL,1º TURNO PROJETO DE LEI COMPLEMENTAR Nº 13/2023,11316,SIM,2023-03-28,444
83561,6600,NOMINAL,2º TURNO PROJETO DE LEI COMPLEMENTAR Nº 13/2023,11316,SIM,2023-04-12,451
83562,6600,NOMINAL,2º TURNO PROJETO DE LEI COMPLEMENTAR Nº 13/2023,11316,SIM,2023-04-12,451
83563,6600,NOMINAL,2º TURNO PROJETO DE LEI COMPLEMENTAR Nº 13/2023,11316,SIM,2023-04-12,451
83564,6600,NOMINAL,2º TURNO PROJETO DE LEI COMPLEMENTAR Nº 13/2023,11316,SIM,2023-04-12,451
83565,6600,NOMINAL,2º TURNO PROJETO DE LEI COMPLEMENTAR Nº 13/2023,11316,SIM,2023-04-12,451
83566,6600,NOMINAL,2º TURNO PROJETO DE LEI COMPLEMENTAR Nº 13/2023,11316,SIM,2023-04-12,451
83567,6600,NOMINAL,2º TURNO PROJETO DE LEI COMPLEMENTAR Nº 13/2023,11316,SIM,2023-04-12,451
83568,6600,NOMINAL,2º TURNO PROJETO DE LEI COMPLEMENTAR Nº 13/2023,11316,SIM,2023-04-12,451
83569,6600,NOMINAL,2º TURNO PROJETO DE LEI COMPLEMENTAR Nº 13/2023,11316,SIM,2023-04-12,451
83570,6600,NOMINAL,2º TURNO PROJETO DE LEI COMPLEMENTAR Nº 13/2023,11316,SIM,2023-04-12,451
83571,6600,NOMINAL,2º TURNO PROJETO DE LEI COMPLEMENTAR Nº 13/2023,11316,SIM,2023-04-12,451
83572,6600,NOMINAL,2º TURNO PROJETO DE LEI COMPLEMENTAR Nº 13/2023,11316,SIM,2023-04-12,451
83573,6600,NOMINAL,2º TURNO PROJETO DE LEI COMPLEMENTAR Nº 13/2023,11316,SIM,2023-04-12,451
83574,6600,NOMINAL,2º TURNO PROJETO DE LEI COMPLEMENTAR Nº 13/2023,11316,SIM,2023-04-12,451
83575,6600,NOMINAL,2º TURNO PROJETO DE LEI COMPLEMENTAR Nº 13/2023,11316,SIM,2023-04-12,451
83576,6619,NOMINAL,1º TURNO PROJETO DE LEI COMPLEMENTAR Nº 12/2023,11140,SIM,2023-03-28,444
83577,6619,NOMINAL,1º TURNO PROJETO DE LEI COMPLEMENTAR Nº 12/2023,11140,SIM,2023-03-28,444
83578,6619,NOMINAL,1º TURNO PROJETO DE LEI COMPLEMENTAR Nº 12/2023,11140,SIM,2023-03-28,444
83579,6619,NOMINAL,1º TURNO PROJETO DE LEI COMPLEMENTAR Nº 12/2023,11140,SIM,2023-03-28,444
83580,6619,NOMINAL,1º TURNO PROJETO DE LEI COMPLEMENTAR Nº 12/2023,11140,SIM,2023-03-28,444
83581,6619,NOMINAL,1º TURNO PROJETO DE LEI COMPLEMENTAR Nº 12/2023,11140,SIM,2023-03-28,444
83582,6619,NOMINAL,1º TURNO PROJETO DE LEI COMPLEMENTAR Nº 12/2023,11140,SIM,2023-03-28,444
83583,6619,NOMINAL,1º TURNO PROJETO DE LEI COMPLEMENTAR Nº 12/2023,11140,SIM,2023-03-28,444
83584,6619,NOMINAL,1º TURNO PROJETO DE LEI COMPLEMENTAR Nº 12/2023,11140,SIM,2023-03-28,444
83585,6619,NOMINAL,1º TURNO PROJETO DE LEI COMPLEMENTAR Nº 12/2023,11140,SIM,2023-03-28,444
83586,6619,NOMINAL,1º TURNO PROJETO DE LEI COMPLEMENTAR Nº 12/2023,11140,SIM,2023-03-28,444
83587,6619,NOMINAL,1º TURNO PROJETO DE LEI COMPLEMENTAR Nº 12/2023,11140,SIM,2023-03-28,444
83588,6619,NOMINAL,1º TURNO PROJETO DE LEI COMPLEMENTAR Nº 12/2023,11140,SIM,2023-03-28,444
83589,6619,NOMINAL,1º TURNO PROJETO DE LEI COMPLEMENTAR Nº 12/2023,11140,SIM,2023-03-28,444
83590,6621,NOMINAL,2º TURNO PROJETO DE LEI COMPLEMENTAR Nº 12/2023,11140,SIM,2023-04-12,451
83591,6621,NOMINAL,2º TURNO PROJETO DE LEI COMPLEMENTAR Nº 12/2023,11140,SIM,2023-04-12,451
83592,6621,NOMINAL,2º TURNO PROJETO DE LEI COMPLEMENTAR Nº 12/2023,11140,SIM,2023-04-12,451
83593,6621,NOMINAL,2º TURNO PROJETO DE LEI COMPLEMENTAR Nº 12/2023,11140,SIM,2023-04-12,451
83594,6621,NOMINAL,2º TURNO PROJETO DE LEI COMPLEMENTAR Nº 12/2023,11140,SIM,2023-04-12,451
83595,6621,NOMINAL,2º TURNO PROJETO DE LEI COMPLEMENTAR Nº 12/2023,11140,SIM,2023-04-12,451
83596,6621,NOMINAL,2º TURNO PROJETO DE LEI COMPLEMENTAR Nº 12/2023,11140,SIM,2023-04-12,451
83597,6621,NOMINAL,2º TURNO PROJETO DE LEI COMPLEMENTAR Nº 12/2023,11140,SIM,2023-04-12,451
83598,6621,NOMINAL,2º TURNO PROJETO DE LEI COMPLEMENTAR Nº 12/2023,11140,SIM,2023-04-12,451
83599,6621,NOMINAL,2º TURNO PROJETO DE LEI COMPLEMENTAR Nº 12/2023,11140,SIM,2023-04-12,451
83600,6621,NOMINAL,2º TURNO PROJETO DE LEI COMPLEMENTAR Nº 12/2023,11140,SIM,2023-04-12,451
83601,6621,NOMINAL,2º TURNO PROJETO DE LEI COMPLEMENTAR Nº 12/2023,11140,SIM,2023-04-12,451
83602,6621,NOMINAL,2º TURNO PROJETO DE LEI COMPLEMENTAR Nº 12/2023,11140,SIM,2023-04-12,451
83603,6621,NOMINAL,2º TURNO PROJETO DE LEI COMPLEMENTAR Nº 12/2023,11140,SIM,2023-04-12,451
83604,6635,NOMINAL,TURNO ÚNICO MOÇÃO Nº 57/2023,,SIM,2023-03-21,
83605,6635,NOMINAL,TURNO ÚNICO MOÇÃO Nº 57/2023,,SIM,2023-03-21,
83606,6635,NOMINAL,TURNO ÚNICO MOÇÃO Nº 57/2023,,SIM,2023-03-21,
83607,6635,NOMINAL,TURNO ÚNICO MOÇÃO Nº 57/2023,,SIM,2023-03-21,
83608,6635,NOMINAL,TURNO ÚNICO MOÇÃO Nº 57/2023,,SIM,2023-03-21,
83609,6635,NOMINAL,TURNO ÚNICO MOÇÃO Nº 57/2023,,NAO,2023-03-21,
83610,6635,NOMINAL,TURNO ÚNICO MOÇÃO Nº 57/2023,,SIM,2023-03-21,
83611,6635,NOMINAL,TURNO ÚNICO MOÇÃO Nº 57/2023,,NAO,2023-03-21,
83612,6635,NOMINAL,TURNO ÚNICO MOÇÃO Nº 57/2023,,SIM,2023-03-21,
83613,6635,NOMINAL,TURNO ÚNICO MOÇÃO Nº 57/2023,,NAO,2023-03-21,
83614,6635,NOMINAL,TURNO ÚNICO MOÇÃO Nº 57/2023,,NAO,2023-03-21,
83615,6635,NOMINAL,TURNO ÚNICO MOÇÃO Nº 57/2023,,SIM,2023-03-21,
83616,6635,NOMINAL,TURNO ÚNICO MOÇÃO Nº 57/2023,,NAO,2023-03-21,
83617,6635,NOMINAL,TURNO ÚNICO MOÇÃO Nº 57/2023,,SIM,2023-03-21,
83618,6635,NOMINAL,TURNO ÚNICO MOÇÃO Nº 57/2023,,SIM,2023-03-21,
83619,6635,NOMINAL,TURNO ÚNICO MOÇÃO Nº 57/2023,,SIM,2023-03-21,
83620,6635,NOMINAL,TURNO ÚNICO MOÇÃO Nº 57/2023,,NAO,2023-03-21,
83621,6635,NOMINAL,TURNO ÚNICO MOÇÃO Nº 57/2023,,NAO,2023-03-21,
83622,6635,NOMINAL,TURNO ÚNICO MOÇÃO Nº 57/2023,,SIM,2023-03-21,
83623,6694,NOMINAL,TURNO ÚNICO PDL Nº 13/2023,11454,SIM,2023-06-27,
83624,6694,NOMINAL,TURNO ÚNICO PDL Nº 13/2023,11454,SIM,2023-06-27,
83625,6694,NOMINAL,TURNO ÚNICO PDL Nº 13/2023,11454,SIM,2023-06-27,
83626,6694,NOMINAL,TURNO ÚNICO PDL Nº 13/2023,11454,SIM,2023-06-27,
83627,6694,NOMINAL,TURNO ÚNICO PDL Nº 13/2023,11454,SIM,2023-06-27,
83628,6694,NOMINAL,TURNO ÚNICO PDL Nº 13/2023,11454,SIM,2023-06-27,
83629,6694,NOMINAL,TURNO ÚNICO PDL Nº 13/2023,11454,SIM,2023-06-27,
83630,6694,NOMINAL,TURNO ÚNICO PDL Nº 13/2023,11454,SIM,2023-06-27,
83631,6694,NOMINAL,TURNO ÚNICO PDL Nº 13/2023,11454,SIM,2023-06-27,
83632,6694,NOMINAL,TURNO ÚNICO PDL Nº 13/2023,11454,SIM,2023-06-27,
83633,6694,NOMINAL,TURNO ÚNICO PDL Nº 13/2023,11454,SIM,2023-06-27,
83634,6694,NOMINAL,TURNO ÚNICO PDL Nº 13/2023,11454,SIM,2023-06-27,
83635,6694,NOMINAL,TURNO ÚNICO PDL Nº 13/2023,11454,SIM,2023-06-27,
83636,6694,NOMINAL,TURNO ÚNICO PDL Nº 13/2023,11454,SIM,2023-06-27,
83637,6694,NOMINAL,TURNO ÚNICO PDL Nº 13/2023,11454,SIM,2023-06-27,
83638,6694,NOMINAL,TURNO ÚNICO PDL Nº 13/2023,11454,SIM,2023-06-27,
83639,6694,NOMINAL,TURNO ÚNICO PDL Nº 13/2023,11454,SIM,2023-06-27,
83640,6694,NOMINAL,TURNO ÚNICO PDL Nº 13/2023,11454,SIM,2023-06-27,
83641,6694,NOMINAL,TURNO ÚNICO PDL Nº 13/2023,11454,SIM,2023-06-27,
83642,6694,NOMINAL,TURNO ÚNICO PDL Nº 13/2023,11454,SIM,2023-06-27,
83643,6694,NOMINAL,TURNO ÚNICO PDL Nº 13/2023,11454,SIM,2023-06-27,
83644,6695,NOMINAL,TURNO ÚNICO PDL Nº 9/2023,11117,SIM,2023-06-27,
83645,6695,NOMINAL,TURNO ÚNICO PDL Nº 9/2023,11117,SIM,2023-06-27,
83646,6695,NOMINAL,TURNO ÚNICO PDL Nº 9/2023,11117,SIM,2023-06-27,
83647,6695,NOMINAL,TURNO ÚNICO PDL Nº 9/2023,11117,SIM,2023-06-27,
83648,6695,NOMINAL,TURNO ÚNICO PDL Nº 9/2023,11117,SIM,2023-06-27,
83649,6695,NOMINAL,TURNO ÚNICO PDL Nº 9/2023,11117,SIM,2023-06-27,
83650,6695,NOMINAL,TURNO ÚNICO PDL Nº 9/2023,11117,SIM,2023-06-27,
83651,6695,NOMINAL,TURNO ÚNICO PDL Nº 9/2023,11117,SIM,2023-06-27,
83652,6695,NOMINAL,TURNO ÚNICO PDL Nº 9/2023,11117,SIM,2023-06-27,
83653,6695,NOMINAL,TURNO ÚNICO PDL Nº 9/2023,11117,SIM,2023-06-27,
83654,6695,NOMINAL,TURNO ÚNICO PDL Nº 9/2023,11117,SIM,2023-06-27,
83655,6695,NOMINAL,TURNO ÚNICO PDL Nº 9/2023,11117,SIM,2023-06-27,
83656,6695,NOMINAL,TURNO ÚNICO PDL Nº 9/2023,11117,SIM,2023-06-27,
83657,6695,NOMINAL,TURNO ÚNICO PDL Nº 9/2023,11117,SIM,2023-06-27,
83658,6695,NOMINAL,TURNO ÚNICO PDL Nº 9/2023,11117,SIM,2023-06-27,
83659,6695,NOMINAL,TURNO ÚNICO PDL Nº 9/2023,11117,SIM,2023-06-27,
83660,6695,NOMINAL,TURNO ÚNICO PDL Nº 9/2023,11117,SIM,2023-06-27,
83661,6695,NOMINAL,TURNO ÚNICO PDL Nº 9/2023,11117,SIM,2023-06-27,
83662,6695,NOMINAL,TURNO ÚNICO PDL Nº 9/2023,11117,SIM,2023-06-27,
83663,6695,NOMINAL,TURNO ÚNICO PDL Nº 9/2023,11117,SIM,2023-06-27,
83664,6695,NOMINAL,TURNO ÚNICO PDL Nº 9/2023,11117,SIM,2023-06-27,
83665,6758,NOMINAL,VETO PARCIAL AO PLC Nº 113/2022.,7247,NAO,2023-04-04,
83666,6758,NOMINAL,VETO PARCIAL AO PLC Nº 113/2022.,7247,NAO,2023-04-04,
83667,6758,NOMINAL,VETO PARCIAL AO PLC Nº 113/2022.,7247,NAO,2023-04-04,
83668,6758,NOMINAL,VETO PARCIAL AO PLC Nº 113/2022.,7247,NAO,2023-04-04,
83669,6758,NOMINAL,VETO PARCIAL AO PLC Nº 113/2022.,7247,NAO,2023-04-04,
83670,6758,NOMINAL,VETO PARCIAL AO PLC Nº 113/2022.,7247,SIM,2023-04-04,
83671,6758,NOMINAL,VETO PARCIAL AO PLC Nº 113/2022.,7247,NAO,2023-04-04,
83672,6758,NOMINAL,VETO PARCIAL AO PLC Nº 113/2022.,7247,NAO,2023-04-04,
83673,6758,NOMINAL,VETO PARCIAL AO PLC Nº 113/2022.,7247,NAO,2023-04-04,
83674,6758,NOMINAL,VETO PARCIAL AO PLC Nº 113/2022.,7247,NAO,2023-04-04,
83675,6758,NOMINAL,VETO PARCIAL AO PLC Nº 113/2022.,7247,NAO,2023-04-04,
83676,6758,NOMINAL,VETO PARCIAL AO PLC Nº 113/2022.,7247,NAO,2023-04-04,
83677,6758,NOMINAL,VETO PARCIAL AO PLC Nº 113/2022.,7247,NAO,2023-04-04,
83678,6758,NOMINAL,VETO PARCIAL AO PLC Nº 113/2022.,7247,NAO,2023-04-04,
83679,6758,NOMINAL,VETO PARCIAL AO PLC Nº 113/2022.,7247,NAO,2023-04-04,
83680,6758,NOMINAL,VETO PARCIAL AO PLC Nº 113/2022.,7247,NAO,2023-04-04,
83681,6758,NOMINAL,VETO PARCIAL AO PLC Nº 113/2022.,7247,NAO,2023-04-04,
83682,6758,NOMINAL,VETO PARCIAL AO PLC Nº 113/2022.,7247,NAO,2023-04-04,
83683,6758,NOMINAL,VETO PARCIAL AO PLC Nº 113/2022.,7247,SIM,2023-04-04,
83684,6758,NOMINAL,VETO PARCIAL AO PLC Nº 113/2022.,7247,NAO,2023-04-04,
83685,6794,NOMINAL,PARECER DA CESC AO PROC 04/2023,,SIM,2023-04-11,
83686,6794,NOMINAL,PARECER DA CESC AO PROC 04/2023,,SIM,2023-04-11,
83687,6794,NOMINAL,PARECER DA CESC AO PROC 04/2023,,SIM,2023-04-11,
83688,6794,NOMINAL,PARECER DA CESC AO PROC 04/2023,,SIM,2023-04-11,
83689,6794,NOMINAL,PARECER DA CESC AO PROC 04/2023,,SIM,2023-04-11,
83690,6794,NOMINAL,PARECER DA CESC AO PROC 04/2023,,ABSTENCAO,2023-04-11,
83691,6794,NOMINAL,PARECER DA CESC AO PROC 04/2023,,SIM,2023-04-11,
83692,6794,NOMINAL,PARECER DA CESC AO PROC 04/2023,,SIM,2023-04-11,
83693,6794,NOMINAL,PARECER DA CESC AO PROC 04/2023,,SIM,2023-04-11,
83694,6794,NOMINAL,PARECER DA CESC AO PROC 04/2023,,SIM,2023-04-11,
83695,6794,NOMINAL,PARECER DA CESC AO PROC 04/2023,,SIM,2023-04-11,
83696,6794,NOMINAL,PARECER DA CESC AO PROC 04/2023,,SIM,2023-04-11,
83697,6794,NOMINAL,PARECER DA CESC AO PROC 04/2023,,ABSTENCAO,2023-04-11,
83698,6794,NOMINAL,PARECER DA CESC AO PROC 04/2023,,SIM,2023-04-11,
83699,6794,NOMINAL,PARECER DA CESC AO PROC 04/2023,,SIM,2023-04-11,
83700,6794,NOMINAL,PARECER DA CESC AO PROC 04/2023,,SIM,2023-04-11,
83701,6794,NOMINAL,PARECER DA CESC AO PROC 04/2023,,SIM,2023-04-11,
83702,6794,NOMINAL,PARECER DA CESC AO PROC 04/2023,,SIM,2023-04-11,
83703,6794,NOMINAL,PARECER DA CESC AO PROC 04/2023,,SIM,2023-04-11,
83704,6794,NOMINAL,PARECER DA CESC AO PROC 04/2023,,SIM,2023-04-11,
83705,6794,NOMINAL,PARECER DA CESC AO PROC 04/2023,,SIM,2023-04-11,
83706,6797,NOMINAL,BLOCO REQUERIMENTOS E MOÇÕES 19.04.2023,,SIM,2023-04-19,454
83707,6797,NOMINAL,BLOCO REQUERIMENTOS E MOÇÕES 19.04.2023,,SIM,2023-04-19,454
83708,6797,NOMINAL,BLOCO REQUERIMENTOS E MOÇÕES 19.04.2023,,SIM,2023-04-19,454
83709,6797,NOMINAL,BLOCO REQUERIMENTOS E MOÇÕES 19.04.2023,,SIM,2023-04-19,454
83710,6797,NOMINAL,BLOCO REQUERIMENTOS E MOÇÕES 19.04.2023,,SIM,2023-04-19,454
83711,6797,NOMINAL,BLOCO REQUERIMENTOS E MOÇÕES 19.04.2023,,SIM,2023-04-19,454
83712,6797,NOMINAL,BLOCO REQUERIMENTOS E MOÇÕES 19.04.2023,,SIM,2023-04-19,454
83713,6797,NOMINAL,BLOCO REQUERIMENTOS E MOÇÕES 19.04.2023,,SIM,2023-04-19,454
83714,6797,NOMINAL,BLOCO REQUERIMENTOS E MOÇÕES 19.04.2023,,SIM,2023-04-19,454
83715,6797,NOMINAL,BLOCO REQUERIMENTOS E MOÇÕES 19.04.2023,,SIM,2023-04-19,454
83716,6797,NOMINAL,BLOCO REQUERIMENTOS E MOÇÕES 19.04.2023,,SIM,2023-04-19,454
83717,6797,NOMINAL,BLOCO REQUERIMENTOS E MOÇÕES 19.04.2023,,SIM,2023-04-19,454
83718,6797,NOMINAL,BLOCO REQUERIMENTOS E MOÇÕES 19.04.2023,,SIM,2023-04-19,454
83719,6806,NOMINAL,TURNO ÚNICO PDL Nº 204/2021,,SIM,2023-05-31,
83720,6806,NOMINAL,TURNO ÚNICO PDL Nº 204/2021,,SIM,2023-05-31,
83721,6806,NOMINAL,TURNO ÚNICO PDL Nº 204/2021,,SIM,2023-05-31,
83722,6806,NOMINAL,TURNO ÚNICO PDL Nº 204/2021,,SIM,2023-05-31,
83723,6806,NOMINAL,TURNO ÚNICO PDL Nº 204/2021,,SIM,2023-05-31,
83724,6806,NOMINAL,TURNO ÚNICO PDL Nº 204/2021,,SIM,2023-05-31,
83725,6806,NOMINAL,TURNO ÚNICO PDL Nº 204/2021,,SIM,2023-05-31,
83726,6806,NOMINAL,TURNO ÚNICO PDL Nº 204/2021,,SIM,2023-05-31,
83727,6806,NOMINAL,TURNO ÚNICO PDL Nº 204/2021,,SIM,2023-05-31,
83728,6806,NOMINAL,TURNO ÚNICO PDL Nº 204/2021,,SIM,2023-05-31,
83729,6806,NOMINAL,TURNO ÚNICO PDL Nº 204/2021,,SIM,2023-05-31,
83730,6806,NOMINAL,TURNO ÚNICO PDL Nº 204/2021,,SIM,2023-05-31,
83731,6806,NOMINAL,TURNO ÚNICO PDL Nº 204/2021,,SIM,2023-05-31,
83732,6833,NOMINAL,BLOCO REQUERIMENTOS 26.04.2023,,SIM,2023-04-26,457
83733,6833,NOMINAL,BLOCO REQUERIMENTOS 26.04.2023,,SIM,2023-04-26,457
83734,6833,NOMINAL,BLOCO REQUERIMENTOS 26.04.2023,,SIM,2023-04-26,457
83735,6833,NOMINAL,BLOCO REQUERIMENTOS 26.04.2023,,SIM,2023-04-26,457
83736,6833,NOMINAL,BLOCO REQUERIMENTOS 26.04.2023,,SIM,2023-04-26,457
83737,6833,NOMINAL,BLOCO REQUERIMENTOS 26.04.2023,,SIM,2023-04-26,457
83738,6833,NOMINAL,BLOCO REQUERIMENTOS 26.04.2023,,SIM,2023-04-26,457
83739,6833,NOMINAL,BLOCO REQUERIMENTOS 26.04.2023,,SIM,2023-04-26,457
83740,6833,NOMINAL,BLOCO REQUERIMENTOS 26.04.2023,,SIM,2023-04-26,457
83741,6833,NOMINAL,BLOCO REQUERIMENTOS 26.04.2023,,SIM,2023-04-26,457
83742,6833,NOMINAL,BLOCO REQUERIMENTOS 26.04.2023,,SIM,2023-04-26,457
83743,6833,NOMINAL,BLOCO REQUERIMENTOS 26.04.2023,,SIM,2023-04-26,457
83744,6833,NOMINAL,BLOCO REQUERIMENTOS 26.04.2023,,SIM,2023-04-26,457
83745,6834,NOMINAL,BLOCO VETOS PODER EXECUTIVO 30.08.2023,,SIM,2023-08-30,503
83746,6834,NOMINAL,BLOCO VETOS PODER EXECUTIVO 30.08.2023,,SIM,2023-08-30,503
83747,6834,NOMINAL,BLOCO VETOS PODER EXECUTIVO 30.08.2023,,SIM,2023-08-30,503
83748,6834,NOMINAL,BLOCO VETOS PODER EXECUTIVO 30.08.2023,,SIM,2023-08-30,503
83749,6834,NOMINAL,BLOCO VETOS PODER EXECUTIVO 30.08.2023,,SIM,2023-08-30,503
83750,6834,NOMINAL,BLOCO VETOS PODER EXECUTIVO 30.08.2023,,SIM,2023-08-30,503
83751,6834,NOMINAL,BLOCO VETOS PODER EXECUTIVO 30.08.2023,,SIM,2023-08-30,503
83752,6834,NOMINAL,BLOCO VETOS PODER EXECUTIVO 30.08.2023,,SIM,2023-08-30,503
83753,6834,NOMINAL,BLOCO VETOS PODER EXECUTIVO 30.08.2023,,SIM,2023-08-30,503
83754,6834,NOMINAL,BLOCO VETOS PODER EXECUTIVO 30.08.2023,,SIM,2023-08-30,503
83755,6834,NOMINAL,BLOCO VETOS PODER EXECUTIVO 30.08.2023,,SIM,2023-08-30,503
83756,6834,NOMINAL,BLOCO VETOS PODER EXECUTIVO 30.08.2023,,SIM,2023-08-30,503
83757,6834,NOMINAL,BLOCO VETOS PODER EXECUTIVO 30.08.2023,,SIM,2023-08-30,503
83758,6834,NOMINAL,BLOCO VETOS PODER EXECUTIVO 30.08.2023,,SIM,2023-08-30,503
83759,6852,NOMINAL,BLOCO MOÇÕES E REQUERIMENTOS 03.05.2023,,SIM,2023-05-03,460
83760,6852,NOMINAL,BLOCO MOÇÕES E REQUERIMENTOS 03.05.2023,,SIM,2023-05-03,460
83761,6852,NOMINAL,BLOCO MOÇÕES E REQUERIMENTOS 03.05.2023,,SIM,2023-05-03,460
83762,6852,NOMINAL,BLOCO MOÇÕES E REQUERIMENTOS 03.05.2023,,SIM,2023-05-03,460
83763,6852,NOMINAL,BLOCO MOÇÕES E REQUERIMENTOS 03.05.2023,,SIM,2023-05-03,460
83764,6852,NOMINAL,BLOCO MOÇÕES E REQUERIMENTOS 03.05.2023,,SIM,2023-05-03,460
83765,6852,NOMINAL,BLOCO MOÇÕES E REQUERIMENTOS 03.05.2023,,SIM,2023-05-03,460
83766,6852,NOMINAL,BLOCO MOÇÕES E REQUERIMENTOS 03.05.2023,,SIM,2023-05-03,460
83767,6852,NOMINAL,BLOCO MOÇÕES E REQUERIMENTOS 03.05.2023,,SIM,2023-05-03,460
83768,6852,NOMINAL,BLOCO MOÇÕES E REQUERIMENTOS 03.05.2023,,SIM,2023-05-03,460
83769,6852,NOMINAL,BLOCO MOÇÕES E REQUERIMENTOS 03.05.2023,,SIM,2023-05-03,460
83770,6852,NOMINAL,BLOCO MOÇÕES E REQUERIMENTOS 03.05.2023,,SIM,2023-05-03,460
83771,6852,NOMINAL,BLOCO MOÇÕES E REQUERIMENTOS 03.05.2023,,SIM,2023-05-03,460
83772,6852,NOMINAL,BLOCO MOÇÕES E REQUERIMENTOS 03.05.2023,,SIM,2023-05-03,460
83773,6852,NOMINAL,BLOCO MOÇÕES E REQUERIMENTOS 03.05.2023,,SIM,2023-05-03,460
83774,6894,NOMINAL,TURNO ÚNICO PDL Nº 14/2023,11264,SIM,2023-05-23,470
83775,6894,NOMINAL,TURNO ÚNICO PDL Nº 14/2023,11264,SIM,2023-05-23,470
83776,6894,NOMINAL,TURNO ÚNICO PDL Nº 14/2023,11264,SIM,2023-05-23,470
83777,6894,NOMINAL,TURNO ÚNICO PDL Nº 14/2023,11264,SIM,2023-05-23,470
83778,6894,NOMINAL,TURNO ÚNICO PDL Nº 14/2023,11264,SIM,2023-05-23,470
83779,6894,NOMINAL,TURNO ÚNICO PDL Nº 14/2023,11264,SIM,2023-05-23,470
83780,6894,NOMINAL,TURNO ÚNICO PDL Nº 14/2023,11264,SIM,2023-05-23,470
83781,6894,NOMINAL,TURNO ÚNICO PDL Nº 14/2023,11264,SIM,2023-05-23,470
83782,6894,NOMINAL,TURNO ÚNICO PDL Nº 14/2023,11264,SIM,2023-05-23,470
83783,6894,NOMINAL,TURNO ÚNICO PDL Nº 14/2023,11264,SIM,2023-05-23,470
83784,6894,NOMINAL,TURNO ÚNICO PDL Nº 14/2023,11264,SIM,2023-05-23,470
83785,6894,NOMINAL,TURNO ÚNICO PDL Nº 14/2023,11264,SIM,2023-05-23,470
83786,6894,NOMINAL,TURNO ÚNICO PDL Nº 14/2023,11264,SIM,2023-05-23,470
83787,6894,NOMINAL,TURNO ÚNICO PDL Nº 14/2023,11264,SIM,2023-05-23,470
83788,6895,NOMINAL,BLOCO REQUERIMENTOS E MOÇÕES 23.05.2023,,SIM,2023-05-23,470
83789,6895,NOMINAL,BLOCO REQUERIMENTOS E MOÇÕES 23.05.2023,,SIM,2023-05-23,470
83790,6895,NOMINAL,BLOCO REQUERIMENTOS E MOÇÕES 23.05.2023,,SIM,2023-05-23,470
83791,6895,NOMINAL,BLOCO REQUERIMENTOS E MOÇÕES 23.05.2023,,SIM,2023-05-23,470
83792,6895,NOMINAL,BLOCO REQUERIMENTOS E MOÇÕES 23.05.2023,,SIM,2023-05-23,470
83793,6895,NOMINAL,BLOCO REQUERIMENTOS E MOÇÕES 23.05.2023,,SIM,2023-05-23,470
83794,6895,NOMINAL,BLOCO REQUERIMENTOS E MOÇÕES 23.05.2023,,SIM,2023-05-23,470
83795,6895,NOMINAL,BLOCO REQUERIMENTOS E MOÇÕES 23.05.2023,,SIM,2023-05-23,470
83796,6895,NOMINAL,BLOCO REQUERIMENTOS E MOÇÕES 23.05.2023,,SIM,2023-05-23,470
83797,6895,NOMINAL,BLOCO REQUERIMENTOS E MOÇÕES 23.05.2023,,SIM,2023-05-23,470
83798,6895,NOMINAL,BLOCO REQUERIMENTOS E MOÇÕES 23.05.2023,,SIM,2023-05-23,470
83799,6895,NOMINAL,BLOCO REQUERIMENTOS E MOÇÕES 23.05.2023,,SIM,2023-05-23,470
83800,6895,NOMINAL,BLOCO REQUERIMENTOS E MOÇÕES 23.05.2023,,SIM,2023-05-23,470
83801,6899,NOMINAL,TURNO ÚNICO PDL Nº 181/2021,,SIM,2023-05-23,470
83802,6899,NOMINAL,TURNO ÚNICO PDL Nº 181/2021,,SIM,2023-05-23,470
83803,6899,NOMINAL,TURNO ÚNICO PDL Nº 181/2021,,SIM,2023-05-23,470
83804,6899,NOMINAL,TURNO ÚNICO PDL Nº 181/2021,,SIM,2023-05-23,470
83805,6899,NOMINAL,TURNO ÚNICO PDL Nº 181/2021,,SIM,2023-05-23,470
83806,6899,NOMINAL,TURNO ÚNICO PDL Nº 181/2021,,SIM,2023-05-23,470
83807,6899,NOMINAL,TURNO ÚNICO PDL Nº 181/2021,,SIM,2023-05-23,470
83808,6899,NOMINAL,TURNO ÚNICO PDL Nº 181/2021,,SIM,2023-05-23,470
83809,6899,NOMINAL,TURNO ÚNICO PDL Nº 181/2021,,SIM,2023-05-23,470
83810,6899,NOMINAL,TURNO ÚNICO PDL Nº 181/2021,,SIM,2023-05-23,470
83811,6899,NOMINAL,TURNO ÚNICO PDL Nº 181/2021,,SIM,2023-05-23,470
83812,6899,NOMINAL,TURNO ÚNICO PDL Nº 181/2021,,SIM,2023-05-23,470
83813,6899,NOMINAL,TURNO ÚNICO PDL Nº 181/2021,,SIM,2023-05-23,470
83814,6899,NOMINAL,TURNO ÚNICO PDL Nº 181/2021,,SIM,2023-05-23,470
83815,6907,NOMINAL,1º TURNO DO PROJETO DE LEI  Nº 399/2023,13400,SIM,2023-05-31,
83816,6907,NOMINAL,1º TURNO DO PROJETO DE LEI  Nº 399/2023,13400,SIM,2023-05-31,
83817,6907,NOMINAL,1º TURNO DO PROJETO DE LEI  Nº 399/2023,13400,SIM,2023-05-31,
83818,6907,NOMINAL,1º TURNO DO PROJETO DE LEI  Nº 399/2023,13400,SIM,2023-05-31,
83819,6907,NOMINAL,1º TURNO DO PROJETO DE LEI  Nº 399/2023,13400,SIM,2023-05-31,
83820,6907,NOMINAL,1º TURNO DO PROJETO DE LEI  Nº 399/2023,13400,SIM,2023-05-31,
83821,6907,NOMINAL,1º TURNO DO PROJETO DE LEI  Nº 399/2023,13400,SIM,2023-05-31,
83822,6907,NOMINAL,1º TURNO DO PROJETO DE LEI  Nº 399/2023,13400,SIM,2023-05-31,
83823,6907,NOMINAL,1º TURNO DO PROJETO DE LEI  Nº 399/2023,13400,SIM,2023-05-31,
83824,6907,NOMINAL,1º TURNO DO PROJETO DE LEI  Nº 399/2023,13400,SIM,2023-05-31,
83825,6907,NOMINAL,1º TURNO DO PROJETO DE LEI  Nº 399/2023,13400,SIM,2023-05-31,
83826,6907,NOMINAL,1º TURNO DO PROJETO DE LEI  Nº 399/2023,13400,SIM,2023-05-31,
83827,6907,NOMINAL,1º TURNO DO PROJETO DE LEI  Nº 399/2023,13400,SIM,2023-05-31,
83828,6907,NOMINAL,1º TURNO DO PROJETO DE LEI  Nº 399/2023,13400,SIM,2023-05-31,
83829,6912,NOMINAL,1º TURNO PROJETO DE LEI COMPLEMENTAR Nº 14/2023,11356,SIM,2023-06-27,
83830,6912,NOMINAL,1º TURNO PROJETO DE LEI COMPLEMENTAR Nº 14/2023,11356,SIM,2023-06-27,
83831,6912,NOMINAL,1º TURNO PROJETO DE LEI COMPLEMENTAR Nº 14/2023,11356,SIM,2023-06-27,
83832,6912,NOMINAL,1º TURNO PROJETO DE LEI COMPLEMENTAR Nº 14/2023,11356,SIM,2023-06-27,
83833,6912,NOMINAL,1º TURNO PROJETO DE LEI COMPLEMENTAR Nº 14/2023,11356,SIM,2023-06-27,
83834,6912,NOMINAL,1º TURNO PROJETO DE LEI COMPLEMENTAR Nº 14/2023,11356,SIM,2023-06-27,
83835,6912,NOMINAL,1º TURNO PROJETO DE LEI COMPLEMENTAR Nº 14/2023,11356,SIM,2023-06-27,
83836,6912,NOMINAL,1º TURNO PROJETO DE LEI COMPLEMENTAR Nº 14/2023,11356,SIM,2023-06-27,
83837,6912,NOMINAL,1º TURNO PROJETO DE LEI COMPLEMENTAR Nº 14/2023,11356,SIM,2023-06-27,
83838,6912,NOMINAL,1º TURNO PROJETO DE LEI COMPLEMENTAR Nº 14/2023,11356,SIM,2023-06-27,
83839,6912,NOMINAL,1º TURNO PROJETO DE LEI COMPLEMENTAR Nº 14/2023,11356,SIM,2023-06-27,
83840,6912,NOMINAL,1º TURNO PROJETO DE LEI COMPLEMENTAR Nº 14/2023,11356,SIM,2023-06-27,
83841,6912,NOMINAL,1º TURNO PROJETO DE LEI COMPLEMENTAR Nº 14/2023,11356,SIM,2023-06-27,
83842,6912,NOMINAL,1º TURNO PROJETO DE LEI COMPLEMENTAR Nº 14/2023,11356,SIM,2023-06-27,
83843,6912,NOMINAL,1º TURNO PROJETO DE LEI COMPLEMENTAR Nº 14/2023,11356,SIM,2023-06-27,
83844,6912,NOMINAL,1º TURNO PROJETO DE LEI COMPLEMENTAR Nº 14/2023,11356,SIM,2023-06-27,
83845,6912,NOMINAL,1º TURNO PROJETO DE LEI COMPLEMENTAR Nº 14/2023,11356,SIM,2023-06-27,
83846,6912,NOMINAL,1º TURNO PROJETO DE LEI COMPLEMENTAR Nº 14/2023,11356,SIM,2023-06-27,
83847,6912,NOMINAL,1º TURNO PROJETO DE LEI COMPLEMENTAR Nº 14/2023,11356,SIM,2023-06-27,
83848,6912,NOMINAL,1º TURNO PROJETO DE LEI COMPLEMENTAR Nº 14/2023,11356,SIM,2023-06-27,
83849,6912,NOMINAL,1º TURNO PROJETO DE LEI COMPLEMENTAR Nº 14/2023,11356,SIM,2023-06-27,
83850,6913,NOMINAL,2º TURNO PROJETO DE LEI COMPLEMENTAR Nº 14/2023,11356,SIM,2023-06-27,
83851,6913,NOMINAL,2º TURNO PROJETO DE LEI COMPLEMENTAR Nº 14/2023,11356,SIM,2023-06-27,
83852,6913,NOMINAL,2º TURNO PROJETO DE LEI COMPLEMENTAR Nº 14/2023,11356,SIM,2023-06-27,
83853,6913,NOMINAL,2º TURNO PROJETO DE LEI COMPLEMENTAR Nº 14/2023,11356,SIM,2023-06-27,
83854,6913,NOMINAL,2º TURNO PROJETO DE LEI COMPLEMENTAR Nº 14/2023,11356,SIM,2023-06-27,
83855,6913,NOMINAL,2º TURNO PROJETO DE LEI COMPLEMENTAR Nº 14/2023,11356,SIM,2023-06-27,
83856,6913,NOMINAL,2º TURNO PROJETO DE LEI COMPLEMENTAR Nº 14/2023,11356,SIM,2023-06-27,
83857,6913,NOMINAL,2º TURNO PROJETO DE LEI COMPLEMENTAR Nº 14/2023,11356,SIM,2023-06-27,
83858,6913,NOMINAL,2º TURNO PROJETO DE LEI COMPLEMENTAR Nº 14/2023,11356,SIM,2023-06-27,
83859,6913,NOMINAL,2º TURNO PROJETO DE LEI COMPLEMENTAR Nº 14/2023,11356,SIM,2023-06-27,
83860,6913,NOMINAL,2º TURNO PROJETO DE LEI COMPLEMENTAR Nº 14/2023,11356,SIM,2023-06-27,
83861,6913,NOMINAL,2º TURNO PROJETO DE LEI COMPLEMENTAR Nº 14/2023,11356,SIM,2023-06-27,
83862,6913,NOMINAL,2º TURNO PROJETO DE LEI COMPLEMENTAR Nº 14/2023,11356,SIM,2023-06-27,
83863,6913,NOMINAL,2º TURNO PROJETO DE LEI COMPLEMENTAR Nº 14/2023,11356,SIM,2023-06-27,
83864,6913,NOMINAL,2º TURNO PROJETO DE LEI COMPLEMENTAR Nº 14/2023,11356,SIM,2023-06-27,
83865,6913,NOMINAL,2º TURNO PROJETO DE LEI COMPLEMENTAR Nº 14/2023,11356,SIM,2023-06-27,
83866,6913,NOMINAL,2º TURNO PROJETO DE LEI COMPLEMENTAR Nº 14/2023,11356,SIM,2023-06-27,
83867,6913,NOMINAL,2º TURNO PROJETO DE LEI COMPLEMENTAR Nº 14/2023,11356,SIM,2023-06-27,
83868,6913,NOMINAL,2º TURNO PROJETO DE LEI COMPLEMENTAR Nº 14/2023,11356,SIM,2023-06-27,
83869,6913,NOMINAL,2º TURNO PROJETO DE LEI COMPLEMENTAR Nº 14/2023,11356,SIM,2023-06-27,
83870,6917,NOMINAL,1º TURNO PROJETO DE LEI COMPLEMENTAR Nº 2/2023,10008,SIM,2023-06-27,
83871,6917,NOMINAL,1º TURNO PROJETO DE LEI COMPLEMENTAR Nº 2/2023,10008,SIM,2023-06-27,
83872,6917,NOMINAL,1º TURNO PROJETO DE LEI COMPLEMENTAR Nº 2/2023,10008,SIM,2023-06-27,
83873,6917,NOMINAL,1º TURNO PROJETO DE LEI COMPLEMENTAR Nº 2/2023,10008,SIM,2023-06-27,
83874,6917,NOMINAL,1º TURNO PROJETO DE LEI COMPLEMENTAR Nº 2/2023,10008,SIM,2023-06-27,
83875,6917,NOMINAL,1º TURNO PROJETO DE LEI COMPLEMENTAR Nº 2/2023,10008,SIM,2023-06-27,
83876,6917,NOMINAL,1º TURNO PROJETO DE LEI COMPLEMENTAR Nº 2/2023,10008,SIM,2023-06-27,
83877,6917,NOMINAL,1º TURNO PROJETO DE LEI COMPLEMENTAR Nº 2/2023,10008,SIM,2023-06-27,
83878,6917,NOMINAL,1º TURNO PROJETO DE LEI COMPLEMENTAR Nº 2/2023,10008,SIM,2023-06-27,
83879,6917,NOMINAL,1º TURNO PROJETO DE LEI COMPLEMENTAR Nº 2/2023,10008,SIM,2023-06-27,
83880,6917,NOMINAL,1º TURNO PROJETO DE LEI COMPLEMENTAR Nº 2/2023,10008,SIM,2023-06-27,
83881,6917,NOMINAL,1º TURNO PROJETO DE LEI COMPLEMENTAR Nº 2/2023,10008,SIM,2023-06-27,
83882,6917,NOMINAL,1º TURNO PROJETO DE LEI COMPLEMENTAR Nº 2/2023,10008,SIM,2023-06-27,
83883,6917,NOMINAL,1º TURNO PROJETO DE LEI COMPLEMENTAR Nº 2/2023,10008,SIM,2023-06-27,
83884,6917,NOMINAL,1º TURNO PROJETO DE LEI COMPLEMENTAR Nº 2/2023,10008,SIM,2023-06-27,
83885,6917,NOMINAL,1º TURNO PROJETO DE LEI COMPLEMENTAR Nº 2/2023,10008,SIM,2023-06-27,
83886,6917,NOMINAL,1º TURNO PROJETO DE LEI COMPLEMENTAR Nº 2/2023,10008,SIM,2023-06-27,
83887,6917,NOMINAL,1º TURNO PROJETO DE LEI COMPLEMENTAR Nº 2/2023,10008,SIM,2023-06-27,
83888,6917,NOMINAL,1º TURNO PROJETO DE LEI COMPLEMENTAR Nº 2/2023,10008,SIM,2023-06-27,
83889,6917,NOMINAL,1º TURNO PROJETO DE LEI COMPLEMENTAR Nº 2/2023,10008,SIM,2023-06-27,
83890,6917,NOMINAL,1º TURNO PROJETO DE LEI COMPLEMENTAR Nº 2/2023,10008,SIM,2023-06-27,
83891,6918,NOMINAL,2º TURNO PROJETO DE LEI COMPLEMENTAR Nº 2/2023,10008,SIM,2023-06-27,
83892,6918,NOMINAL,2º TURNO PROJETO DE LEI COMPLEMENTAR Nº 2/2023,10008,SIM,2023-06-27,
83893,6918,NOMINAL,2º TURNO PROJETO DE LEI COMPLEMENTAR Nº 2/2023,10008,SIM,2023-06-27,
83894,6918,NOMINAL,2º TURNO PROJETO DE LEI COMPLEMENTAR Nº 2/2023,10008,SIM,2023-06-27,
83895,6918,NOMINAL,2º TURNO PROJETO DE LEI COMPLEMENTAR Nº 2/2023,10008,SIM,2023-06-27,
83896,6918,NOMINAL,2º TURNO PROJETO DE LEI COMPLEMENTAR Nº 2/2023,10008,SIM,2023-06-27,
83897,6918,NOMINAL,2º TURNO PROJETO DE LEI COMPLEMENTAR Nº 2/2023,10008,SIM,2023-06-27,
83898,6918,NOMINAL,2º TURNO PROJETO DE LEI COMPLEMENTAR Nº 2/2023,10008,SIM,2023-06-27,
83899,6918,NOMINAL,2º TURNO PROJETO DE LEI COMPLEMENTAR Nº 2/2023,10008,SIM,2023-06-27,
83900,6918,NOMINAL,2º TURNO PROJETO DE LEI COMPLEMENTAR Nº 2/2023,10008,SIM,2023-06-27,
83901,6918,NOMINAL,2º TURNO PROJETO DE LEI COMPLEMENTAR Nº 2/2023,10008,SIM,2023-06-27,
83902,6918,NOMINAL,2º TURNO PROJETO DE LEI COMPLEMENTAR Nº 2/2023,10008,SIM,2023-06-27,
83903,6918,NOMINAL,2º TURNO PROJETO DE LEI COMPLEMENTAR Nº 2/2023,10008,SIM,2023-06-27,
83904,6918,NOMINAL,2º TURNO PROJETO DE LEI COMPLEMENTAR Nº 2/2023,10008,SIM,2023-06-27,
83905,6918,NOMINAL,2º TURNO PROJETO DE LEI COMPLEMENTAR Nº 2/2023,10008,SIM,2023-06-27,
83906,6918,NOMINAL,2º TURNO PROJETO DE LEI COMPLEMENTAR Nº 2/2023,10008,SIM,2023-06-27,
83907,6918,NOMINAL,2º TURNO PROJETO DE LEI COMPLEMENTAR Nº 2/2023,10008,SIM,2023-06-27,
83908,6918,NOMINAL,2º TURNO PROJETO DE LEI COMPLEMENTAR Nº 2/2023,10008,SIM,2023-06-27,
83909,6918,NOMINAL,2º TURNO PROJETO DE LEI COMPLEMENTAR Nº 2/2023,10008,SIM,2023-06-27,
83910,6918,NOMINAL,2º TURNO PROJETO DE LEI COMPLEMENTAR Nº 2/2023,10008,SIM,2023-06-27,
83911,6928,NOMINAL,2º TURNO PLC Nº 18/2023,12383,SIM,2023-06-27,
83912,6928,NOMINAL,2º TURNO PLC Nº 18/2023,12383,SIM,2023-06-27,
83913,6928,NOMINAL,2º TURNO PLC Nº 18/2023,12383,SIM,2023-06-27,
83914,6928,NOMINAL,2º TURNO PLC Nº 18/2023,12383,SIM,2023-06-27,
83915,6928,NOMINAL,2º TURNO PLC Nº 18/2023,12383,SIM,2023-06-27,
83916,6928,NOMINAL,2º TURNO PLC Nº 18/2023,12383,SIM,2023-06-27,
83917,6928,NOMINAL,2º TURNO PLC Nº 18/2023,12383,SIM,2023-06-27,
83918,6928,NOMINAL,2º TURNO PLC Nº 18/2023,12383,SIM,2023-06-27,
83919,6928,NOMINAL,2º TURNO PLC Nº 18/2023,12383,SIM,2023-06-27,
83920,6928,NOMINAL,2º TURNO PLC Nº 18/2023,12383,SIM,2023-06-27,
83921,6928,NOMINAL,2º TURNO PLC Nº 18/2023,12383,SIM,2023-06-27,
83922,6928,NOMINAL,2º TURNO PLC Nº 18/2023,12383,SIM,2023-06-27,
83923,6928,NOMINAL,2º TURNO PLC Nº 18/2023,12383,SIM,2023-06-27,
83924,6928,NOMINAL,2º TURNO PLC Nº 18/2023,12383,SIM,2023-06-27,
83925,6928,NOMINAL,2º TURNO PLC Nº 18/2023,12383,SIM,2023-06-27,
83926,6928,NOMINAL,2º TURNO PLC Nº 18/2023,12383,SIM,2023-06-27,
83927,6928,NOMINAL,2º TURNO PLC Nº 18/2023,12383,SIM,2023-06-27,
83928,6928,NOMINAL,2º TURNO PLC Nº 18/2023,12383,SIM,2023-06-27,
83929,6928,NOMINAL,2º TURNO PLC Nº 18/2023,12383,SIM,2023-06-27,
83930,6991,NOMINAL,1º TURNO PELO Nº 5/2023,10468,SIM,2023-06-20,
83931,6991,NOMINAL,1º TURNO PELO Nº 5/2023,10468,SIM,2023-06-20,
83932,6991,NOMINAL,1º TURNO PELO Nº 5/2023,10468,SIM,2023-06-20,
83933,6991,NOMINAL,1º TURNO PELO Nº 5/2023,10468,SIM,2023-06-20,
83934,6991,NOMINAL,1º TURNO PELO Nº 5/2023,10468,SIM,2023-06-20,
83935,6991,NOMINAL,1º TURNO PELO Nº 5/2023,10468,SIM,2023-06-20,
83936,6991,NOMINAL,1º TURNO PELO Nº 5/2023,10468,SIM,2023-06-20,
83937,6991,NOMINAL,1º TURNO PELO Nº 5/2023,10468,SIM,2023-06-20,
83938,6991,NOMINAL,1º TURNO PELO Nº 5/2023,10468,SIM,2023-06-20,
83939,6991,NOMINAL,1º TURNO PELO Nº 5/2023,10468,SIM,2023-06-20,
83940,6991,NOMINAL,1º TURNO PELO Nº 5/2023,10468,SIM,2023-06-20,
83941,6991,NOMINAL,1º TURNO PELO Nº 5/2023,10468,SIM,2023-06-20,
83942,6991,NOMINAL,1º TURNO PELO Nº 5/2023,10468,SIM,2023-06-20,
83943,6991,NOMINAL,1º TURNO PELO Nº 5/2023,10468,SIM,2023-06-20,
83944,6991,NOMINAL,1º TURNO PELO Nº 5/2023,10468,SIM,2023-06-20,
83945,6991,NOMINAL,1º TURNO PELO Nº 5/2023,10468,SIM,2023-06-20,
83946,6991,NOMINAL,1º TURNO PELO Nº 5/2023,10468,SIM,2023-06-20,
83947,6991,NOMINAL,1º TURNO PELO Nº 5/2023,10468,SIM,2023-06-20,
83948,6991,NOMINAL,1º TURNO PELO Nº 5/2023,10468,SIM,2023-06-20,
83949,6991,NOMINAL,1º TURNO PELO Nº 5/2023,10468,SIM,2023-06-20,
83950,6991,NOMINAL,1º TURNO PELO Nº 5/2023,10468,SIM,2023-06-20,
83951,6991,NOMINAL,1º TURNO PELO Nº 5/2023,10468,SIM,2023-06-20,
83952,7016,NOMINAL,1º TURNO DO PROJETO DE LEI Nº 219/2023,11418,SIM,2023-06-20,
83953,7016,NOMINAL,1º TURNO DO PROJETO DE LEI Nº 219/2023,11418,SIM,2023-06-20,
83954,7016,NOMINAL,1º TURNO DO PROJETO DE LEI Nº 219/2023,11418,SIM,2023-06-20,
83955,7016,NOMINAL,1º TURNO DO PROJETO DE LEI Nº 219/2023,11418,SIM,2023-06-20,
83956,7016,NOMINAL,1º TURNO DO PROJETO DE LEI Nº 219/2023,11418,SIM,2023-06-20,
83957,7016,NOMINAL,1º TURNO DO PROJETO DE LEI Nº 219/2023,11418,SIM,2023-06-20,
83958,7016,NOMINAL,1º TURNO DO PROJETO DE LEI Nº 219/2023,11418,SIM,2023-06-20,
83959,7016,NOMINAL,1º TURNO DO PROJETO DE LEI Nº 219/2023,11418,SIM,2023-06-20,
83960,7016,NOMINAL,1º TURNO DO PROJETO DE LEI Nº 219/2023,11418,SIM,2023-06-20,
83961,7016,NOMINAL,1º TURNO DO PROJETO DE LEI Nº 219/2023,11418,SIM,2023-06-20,
83962,7016,NOMINAL,1º TURNO DO PROJETO DE LEI Nº 219/2023,11418,SIM,2023-06-20,
83963,7016,NOMINAL,1º TURNO DO PROJETO DE LEI Nº 219/2023,11418,SIM,2023-06-20,
83964,7016,NOMINAL,1º TURNO DO PROJETO DE LEI Nº 219/2023,11418,SIM,2023-06-20,
83965,7016,NOMINAL,1º TURNO DO PROJETO DE LEI Nº 219/2023,11418,SIM,2023-06-20,
83966,7016,NOMINAL,1º TURNO DO PROJETO DE LEI Nº 219/2023,11418,SIM,2023-06-20,
83967,7016,NOMINAL,1º TURNO DO PROJETO DE LEI Nº 219/2023,11418,SIM,2023-06-20,
83968,7016,NOMINAL,1º TURNO DO PROJETO DE LEI Nº 219/2023,11418,SIM,2023-06-20,
83969,7016,NOMINAL,1º TURNO DO PROJETO DE LEI Nº 219/2023,11418,SIM,2023-06-20,
83970,7016,NOMINAL,1º TURNO DO PROJETO DE LEI Nº 219/2023,11418,SIM,2023-06-20,
83971,7016,NOMINAL,1º TURNO DO PROJETO DE LEI Nº 219/2023,11418,SIM,2023-06-20,
83972,7016,NOMINAL,1º TURNO DO PROJETO DE LEI Nº 219/2023,11418,SIM,2023-06-20,
83973,7016,NOMINAL,1º TURNO DO PROJETO DE LEI Nº 219/2023,11418,SIM,2023-06-20,
83974,7016,NOMINAL,1º TURNO DO PROJETO DE LEI Nº 219/2023,11418,SIM,2023-06-20,
83975,7020,NOMINAL,2º TURNO PL Nº 219/2023,11418,SIM,2023-06-20,
83976,7020,NOMINAL,2º TURNO PL Nº 219/2023,11418,SIM,2023-06-20,
83977,7020,NOMINAL,2º TURNO PL Nº 219/2023,11418,SIM,2023-06-20,
83978,7020,NOMINAL,2º TURNO PL Nº 219/2023,11418,SIM,2023-06-20,
83979,7020,NOMINAL,2º TURNO PL Nº 219/2023,11418,SIM,2023-06-20,
83980,7020,NOMINAL,2º TURNO PL Nº 219/2023,11418,SIM,2023-06-20,
83981,7020,NOMINAL,2º TURNO PL Nº 219/2023,11418,SIM,2023-06-20,
83982,7020,NOMINAL,2º TURNO PL Nº 219/2023,11418,SIM,2023-06-20,
83983,7020,NOMINAL,2º TURNO PL Nº 219/2023,11418,SIM,2023-06-20,
83984,7020,NOMINAL,2º TURNO PL Nº 219/2023,11418,SIM,2023-06-20,
83985,7020,NOMINAL,2º TURNO PL Nº 219/2023,11418,SIM,2023-06-20,
83986,7020,NOMINAL,2º TURNO PL Nº 219/2023,11418,SIM,2023-06-20,
83987,7020,NOMINAL,2º TURNO PL Nº 219/2023,11418,SIM,2023-06-20,
83988,7020,NOMINAL,2º TURNO PL Nº 219/2023,11418,SIM,2023-06-20,
83989,7020,NOMINAL,2º TURNO PL Nº 219/2023,11418,SIM,2023-06-20,
83990,7020,NOMINAL,2º TURNO PL Nº 219/2023,11418,SIM,2023-06-20,
83991,7020,NOMINAL,2º TURNO PL Nº 219/2023,11418,SIM,2023-06-20,
83992,7020,NOMINAL,2º TURNO PL Nº 219/2023,11418,SIM,2023-06-20,
83993,7020,NOMINAL,2º TURNO PL Nº 219/2023,11418,SIM,2023-06-20,
83994,7020,NOMINAL,2º TURNO PL Nº 219/2023,11418,SIM,2023-06-20,
83995,7020,NOMINAL,2º TURNO PL Nº 219/2023,11418,SIM,2023-06-20,
83996,7020,NOMINAL,2º TURNO PL Nº 219/2023,11418,SIM,2023-06-20,
83997,7020,NOMINAL,2º TURNO PL Nº 219/2023,11418,SIM,2023-06-20,
83998,7040,NOMINAL,PARECER CCJ AO PR Nº 8/2023,12467,SIM,2023-06-27,
83999,7040,NOMINAL,PARECER CCJ AO PR Nº 8/2023,12467,SIM,2023-06-27,
84000,7040,NOMINAL,PARECER CCJ AO PR Nº 8/2023,12467,SIM,2023-06-27,
84001,7040,NOMINAL,PARECER CCJ AO PR Nº 8/2023,12467,SIM,2023-06-27,
84002,7040,NOMINAL,PARECER CCJ AO PR Nº 8/2023,12467,NAO,2023-06-27,
84003,7040,NOMINAL,PARECER CCJ AO PR Nº 8/2023,12467,NAO,2023-06-27,
84004,7040,NOMINAL,PARECER CCJ AO PR Nº 8/2023,12467,SIM,2023-06-27,
84005,7040,NOMINAL,PARECER CCJ AO PR Nº 8/2023,12467,SIM,2023-06-27,
84006,7040,NOMINAL,PARECER CCJ AO PR Nº 8/2023,12467,NAO,2023-06-27,
84007,7040,NOMINAL,PARECER CCJ AO PR Nº 8/2023,12467,SIM,2023-06-27,
84008,7040,NOMINAL,PARECER CCJ AO PR Nº 8/2023,12467,NAO,2023-06-27,
84009,7040,NOMINAL,PARECER CCJ AO PR Nº 8/2023,12467,NAO,2023-06-27,
84010,7040,NOMINAL,PARECER CCJ AO PR Nº 8/2023,12467,SIM,2023-06-27,
84011,7040,NOMINAL,PARECER CCJ AO PR Nº 8/2023,12467,SIM,2023-06-27,
84012,7040,NOMINAL,PARECER CCJ AO PR Nº 8/2023,12467,SIM,2023-06-27,
84013,7040,NOMINAL,PARECER CCJ AO PR Nº 8/2023,12467,SIM,2023-06-27,
84014,7040,NOMINAL,PARECER CCJ AO PR Nº 8/2023,12467,NAO,2023-06-27,
84015,7040,NOMINAL,PARECER CCJ AO PR Nº 8/2023,12467,NAO,2023-06-27,
84016,7040,NOMINAL,PARECER CCJ AO PR Nº 8/2023,12467,SIM,2023-06-27,
84017,7046,NOMINAL,EMENDA Nº 14 AO PL Nº 3069/2023,,SIM,2023-06-20,
84018,7046,NOMINAL,EMENDA Nº 14 AO PL Nº 3069/2023,,NAO,2023-06-20,
84019,7046,NOMINAL,EMENDA Nº 14 AO PL Nº 3069/2023,,SIM,2023-06-20,
84020,7046,NOMINAL,EMENDA Nº 14 AO PL Nº 3069/2023,,NAO,2023-06-20,
84021,7046,NOMINAL,EMENDA Nº 14 AO PL Nº 3069/2023,,NAO,2023-06-20,
84022,7046,NOMINAL,EMENDA Nº 14 AO PL Nº 3069/2023,,SIM,2023-06-20,
84023,7046,NOMINAL,EMENDA Nº 14 AO PL Nº 3069/2023,,SIM,2023-06-20,
84024,7046,NOMINAL,EMENDA Nº 14 AO PL Nº 3069/2023,,NAO,2023-06-20,
84025,7046,NOMINAL,EMENDA Nº 14 AO PL Nº 3069/2023,,NAO,2023-06-20,
84026,7046,NOMINAL,EMENDA Nº 14 AO PL Nº 3069/2023,,NAO,2023-06-20,
84027,7046,NOMINAL,EMENDA Nº 14 AO PL Nº 3069/2023,,NAO,2023-06-20,
84028,7046,NOMINAL,EMENDA Nº 14 AO PL Nº 3069/2023,,NAO,2023-06-20,
84029,7046,NOMINAL,EMENDA Nº 14 AO PL Nº 3069/2023,,NAO,2023-06-20,
84030,7046,NOMINAL,EMENDA Nº 14 AO PL Nº 3069/2023,,SIM,2023-06-20,
84031,7046,NOMINAL,EMENDA Nº 14 AO PL Nº 3069/2023,,NAO,2023-06-20,
84032,7046,NOMINAL,EMENDA Nº 14 AO PL Nº 3069/2023,,SIM,2023-06-20,
84033,7046,NOMINAL,EMENDA Nº 14 AO PL Nº 3069/2023,,NAO,2023-06-20,
84034,7046,NOMINAL,EMENDA Nº 14 AO PL Nº 3069/2023,,SIM,2023-06-20,
84035,7046,NOMINAL,EMENDA Nº 14 AO PL Nº 3069/2023,,NAO,2023-06-20,
84036,7046,NOMINAL,EMENDA Nº 14 AO PL Nº 3069/2023,,NAO,2023-06-20,
84037,7046,NOMINAL,EMENDA Nº 14 AO PL Nº 3069/2023,,NAO,2023-06-20,
84038,7046,NOMINAL,EMENDA Nº 14 AO PL Nº 3069/2023,,SIM,2023-06-20,
84039,7046,NOMINAL,EMENDA Nº 14 AO PL Nº 3069/2023,,NAO,2023-06-20,
84040,7047,NOMINAL,EMENDA Nº 15 AO PL Nº 3069/2023,,SIM,2023-06-20,
84041,7047,NOMINAL,EMENDA Nº 15 AO PL Nº 3069/2023,,NAO,2023-06-20,
84042,7047,NOMINAL,EMENDA Nº 15 AO PL Nº 3069/2023,,SIM,2023-06-20,
84043,7047,NOMINAL,EMENDA Nº 15 AO PL Nº 3069/2023,,NAO,2023-06-20,
84044,7047,NOMINAL,EMENDA Nº 15 AO PL Nº 3069/2023,,NAO,2023-06-20,
84045,7047,NOMINAL,EMENDA Nº 15 AO PL Nº 3069/2023,,SIM,2023-06-20,
84046,7047,NOMINAL,EMENDA Nº 15 AO PL Nº 3069/2023,,SIM,2023-06-20,
84047,7047,NOMINAL,EMENDA Nº 15 AO PL Nº 3069/2023,,NAO,2023-06-20,
84048,7047,NOMINAL,EMENDA Nº 15 AO PL Nº 3069/2023,,NAO,2023-06-20,
84049,7047,NOMINAL,EMENDA Nº 15 AO PL Nº 3069/2023,,NAO,2023-06-20,
84050,7047,NOMINAL,EMENDA Nº 15 AO PL Nº 3069/2023,,NAO,2023-06-20,
84051,7047,NOMINAL,EMENDA Nº 15 AO PL Nº 3069/2023,,NAO,2023-06-20,
84052,7047,NOMINAL,EMENDA Nº 15 AO PL Nº 3069/2023,,NAO,2023-06-20,
84053,7047,NOMINAL,EMENDA Nº 15 AO PL Nº 3069/2023,,SIM,2023-06-20,
84054,7047,NOMINAL,EMENDA Nº 15 AO PL Nº 3069/2023,,NAO,2023-06-20,
84055,7047,NOMINAL,EMENDA Nº 15 AO PL Nº 3069/2023,,SIM,2023-06-20,
84056,7047,NOMINAL,EMENDA Nº 15 AO PL Nº 3069/2023,,NAO,2023-06-20,
84057,7047,NOMINAL,EMENDA Nº 15 AO PL Nº 3069/2023,,SIM,2023-06-20,
84058,7047,NOMINAL,EMENDA Nº 15 AO PL Nº 3069/2023,,NAO,2023-06-20,
84059,7047,NOMINAL,EMENDA Nº 15 AO PL Nº 3069/2023,,NAO,2023-06-20,
84060,7047,NOMINAL,EMENDA Nº 15 AO PL Nº 3069/2023,,NAO,2023-06-20,
84061,7047,NOMINAL,EMENDA Nº 15 AO PL Nº 3069/2023,,SIM,2023-06-20,
84062,7047,NOMINAL,EMENDA Nº 15 AO PL Nº 3069/2023,,NAO,2023-06-20,
84063,7048,NOMINAL,EMENDA Nº 16 AO PL Nº 3069/2023,,SIM,2023-06-20,
84064,7048,NOMINAL,EMENDA Nº 16 AO PL Nº 3069/2023,,NAO,2023-06-20,
84065,7048,NOMINAL,EMENDA Nº 16 AO PL Nº 3069/2023,,SIM,2023-06-20,
84066,7048,NOMINAL,EMENDA Nº 16 AO PL Nº 3069/2023,,NAO,2023-06-20,
84067,7048,NOMINAL,EMENDA Nº 16 AO PL Nº 3069/2023,,NAO,2023-06-20,
84068,7048,NOMINAL,EMENDA Nº 16 AO PL Nº 3069/2023,,SIM,2023-06-20,
84069,7048,NOMINAL,EMENDA Nº 16 AO PL Nº 3069/2023,,SIM,2023-06-20,
84070,7048,NOMINAL,EMENDA Nº 16 AO PL Nº 3069/2023,,NAO,2023-06-20,
84071,7048,NOMINAL,EMENDA Nº 16 AO PL Nº 3069/2023,,NAO,2023-06-20,
84072,7048,NOMINAL,EMENDA Nº 16 AO PL Nº 3069/2023,,NAO,2023-06-20,
84073,7048,NOMINAL,EMENDA Nº 16 AO PL Nº 3069/2023,,NAO,2023-06-20,
84074,7048,NOMINAL,EMENDA Nº 16 AO PL Nº 3069/2023,,NAO,2023-06-20,
84075,7048,NOMINAL,EMENDA Nº 16 AO PL Nº 3069/2023,,NAO,2023-06-20,
84076,7048,NOMINAL,EMENDA Nº 16 AO PL Nº 3069/2023,,SIM,2023-06-20,
84077,7048,NOMINAL,EMENDA Nº 16 AO PL Nº 3069/2023,,NAO,2023-06-20,
84078,7048,NOMINAL,EMENDA Nº 16 AO PL Nº 3069/2023,,SIM,2023-06-20,
84079,7048,NOMINAL,EMENDA Nº 16 AO PL Nº 3069/2023,,NAO,2023-06-20,
84080,7048,NOMINAL,EMENDA Nº 16 AO PL Nº 3069/2023,,SIM,2023-06-20,
84081,7048,NOMINAL,EMENDA Nº 16 AO PL Nº 3069/2023,,NAO,2023-06-20,
84082,7048,NOMINAL,EMENDA Nº 16 AO PL Nº 3069/2023,,NAO,2023-06-20,
84083,7048,NOMINAL,EMENDA Nº 16 AO PL Nº 3069/2023,,NAO,2023-06-20,
84084,7048,NOMINAL,EMENDA Nº 16 AO PL Nº 3069/2023,,SIM,2023-06-20,
84085,7048,NOMINAL,EMENDA Nº 16 AO PL Nº 3069/2023,,NAO,2023-06-20,
84086,7049,NOMINAL,EMENDA Nº 17 AO PL Nº 3069/2023,,SIM,2023-06-20,
84087,7049,NOMINAL,EMENDA Nº 17 AO PL Nº 3069/2023,,NAO,2023-06-20,
84088,7049,NOMINAL,EMENDA Nº 17 AO PL Nº 3069/2023,,SIM,2023-06-20,
84089,7049,NOMINAL,EMENDA Nº 17 AO PL Nº 3069/2023,,NAO,2023-06-20,
84090,7049,NOMINAL,EMENDA Nº 17 AO PL Nº 3069/2023,,NAO,2023-06-20,
84091,7049,NOMINAL,EMENDA Nº 17 AO PL Nº 3069/2023,,SIM,2023-06-20,
84092,7049,NOMINAL,EMENDA Nº 17 AO PL Nº 3069/2023,,SIM,2023-06-20,
84093,7049,NOMINAL,EMENDA Nº 17 AO PL Nº 3069/2023,,NAO,2023-06-20,
84094,7049,NOMINAL,EMENDA Nº 17 AO PL Nº 3069/2023,,NAO,2023-06-20,
84095,7049,NOMINAL,EMENDA Nº 17 AO PL Nº 3069/2023,,NAO,2023-06-20,
84096,7049,NOMINAL,EMENDA Nº 17 AO PL Nº 3069/2023,,NAO,2023-06-20,
84097,7049,NOMINAL,EMENDA Nº 17 AO PL Nº 3069/2023,,NAO,2023-06-20,
84098,7049,NOMINAL,EMENDA Nº 17 AO PL Nº 3069/2023,,NAO,2023-06-20,
84099,7049,NOMINAL,EMENDA Nº 17 AO PL Nº 3069/2023,,SIM,2023-06-20,
84100,7049,NOMINAL,EMENDA Nº 17 AO PL Nº 3069/2023,,NAO,2023-06-20,
84101,7049,NOMINAL,EMENDA Nº 17 AO PL Nº 3069/2023,,SIM,2023-06-20,
84102,7049,NOMINAL,EMENDA Nº 17 AO PL Nº 3069/2023,,NAO,2023-06-20,
84103,7049,NOMINAL,EMENDA Nº 17 AO PL Nº 3069/2023,,SIM,2023-06-20,
84104,7049,NOMINAL,EMENDA Nº 17 AO PL Nº 3069/2023,,NAO,2023-06-20,
84105,7049,NOMINAL,EMENDA Nº 17 AO PL Nº 3069/2023,,NAO,2023-06-20,
84106,7049,NOMINAL,EMENDA Nº 17 AO PL Nº 3069/2023,,NAO,2023-06-20,
84107,7049,NOMINAL,EMENDA Nº 17 AO PL Nº 3069/2023,,NAO,2023-06-20,
84108,7049,NOMINAL,EMENDA Nº 17 AO PL Nº 3069/2023,,NAO,2023-06-20,
84109,7050,NOMINAL,EMENDA Nº 18 AO PL Nº 3069/2023,,NAO,2023-06-20,
84110,7050,NOMINAL,EMENDA Nº 18 AO PL Nº 3069/2023,,NAO,2023-06-20,
84111,7050,NOMINAL,EMENDA Nº 18 AO PL Nº 3069/2023,,NAO,2023-06-20,
84112,7050,NOMINAL,EMENDA Nº 18 AO PL Nº 3069/2023,,NAO,2023-06-20,
84113,7050,NOMINAL,EMENDA Nº 18 AO PL Nº 3069/2023,,NAO,2023-06-20,
84114,7050,NOMINAL,EMENDA Nº 18 AO PL Nº 3069/2023,,NAO,2023-06-20,
84115,7050,NOMINAL,EMENDA Nº 18 AO PL Nº 3069/2023,,NAO,2023-06-20,
84116,7050,NOMINAL,EMENDA Nº 18 AO PL Nº 3069/2023,,NAO,2023-06-20,
84117,7050,NOMINAL,EMENDA Nº 18 AO PL Nº 3069/2023,,NAO,2023-06-20,
84118,7050,NOMINAL,EMENDA Nº 18 AO PL Nº 3069/2023,,NAO,2023-06-20,
84119,7050,NOMINAL,EMENDA Nº 18 AO PL Nº 3069/2023,,NAO,2023-06-20,
84120,7050,NOMINAL,EMENDA Nº 18 AO PL Nº 3069/2023,,NAO,2023-06-20,
84121,7050,NOMINAL,EMENDA Nº 18 AO PL Nº 3069/2023,,NAO,2023-06-20,
84122,7050,NOMINAL,EMENDA Nº 18 AO PL Nº 3069/2023,,NAO,2023-06-20,
84123,7050,NOMINAL,EMENDA Nº 18 AO PL Nº 3069/2023,,NAO,2023-06-20,
84124,7050,NOMINAL,EMENDA Nº 18 AO PL Nº 3069/2023,,NAO,2023-06-20,
84125,7050,NOMINAL,EMENDA Nº 18 AO PL Nº 3069/2023,,NAO,2023-06-20,
84126,7050,NOMINAL,EMENDA Nº 18 AO PL Nº 3069/2023,,NAO,2023-06-20,
84127,7050,NOMINAL,EMENDA Nº 18 AO PL Nº 3069/2023,,NAO,2023-06-20,
84128,7050,NOMINAL,EMENDA Nº 18 AO PL Nº 3069/2023,,NAO,2023-06-20,
84129,7050,NOMINAL,EMENDA Nº 18 AO PL Nº 3069/2023,,NAO,2023-06-20,
84130,7050,NOMINAL,EMENDA Nº 18 AO PL Nº 3069/2023,,NAO,2023-06-20,
84131,7050,NOMINAL,EMENDA Nº 18 AO PL Nº 3069/2023,,NAO,2023-06-20,
84132,7051,NOMINAL,EMENDA Nº 19 AO PL Nº 3069/2023,,SIM,2023-06-20,
84133,7051,NOMINAL,EMENDA Nº 19 AO PL Nº 3069/2023,,NAO,2023-06-20,
84134,7051,NOMINAL,EMENDA Nº 19 AO PL Nº 3069/2023,,SIM,2023-06-20,
84135,7051,NOMINAL,EMENDA Nº 19 AO PL Nº 3069/2023,,NAO,2023-06-20,
84136,7051,NOMINAL,EMENDA Nº 19 AO PL Nº 3069/2023,,NAO,2023-06-20,
84137,7051,NOMINAL,EMENDA Nº 19 AO PL Nº 3069/2023,,SIM,2023-06-20,
84138,7051,NOMINAL,EMENDA Nº 19 AO PL Nº 3069/2023,,SIM,2023-06-20,
84139,7051,NOMINAL,EMENDA Nº 19 AO PL Nº 3069/2023,,NAO,2023-06-20,
84140,7051,NOMINAL,EMENDA Nº 19 AO PL Nº 3069/2023,,NAO,2023-06-20,
84141,7051,NOMINAL,EMENDA Nº 19 AO PL Nº 3069/2023,,NAO,2023-06-20,
84142,7051,NOMINAL,EMENDA Nº 19 AO PL Nº 3069/2023,,NAO,2023-06-20,
84143,7051,NOMINAL,EMENDA Nº 19 AO PL Nº 3069/2023,,NAO,2023-06-20,
84144,7051,NOMINAL,EMENDA Nº 19 AO PL Nº 3069/2023,,NAO,2023-06-20,
84145,7051,NOMINAL,EMENDA Nº 19 AO PL Nº 3069/2023,,SIM,2023-06-20,
84146,7051,NOMINAL,EMENDA Nº 19 AO PL Nº 3069/2023,,NAO,2023-06-20,
84147,7051,NOMINAL,EMENDA Nº 19 AO PL Nº 3069/2023,,SIM,2023-06-20,
84148,7051,NOMINAL,EMENDA Nº 19 AO PL Nº 3069/2023,,NAO,2023-06-20,
84149,7051,NOMINAL,EMENDA Nº 19 AO PL Nº 3069/2023,,SIM,2023-06-20,
84150,7051,NOMINAL,EMENDA Nº 19 AO PL Nº 3069/2023,,NAO,2023-06-20,
84151,7051,NOMINAL,EMENDA Nº 19 AO PL Nº 3069/2023,,NAO,2023-06-20,
84152,7051,NOMINAL,EMENDA Nº 19 AO PL Nº 3069/2023,,NAO,2023-06-20,
84153,7051,NOMINAL,EMENDA Nº 19 AO PL Nº 3069/2023,,NAO,2023-06-20,
84154,7051,NOMINAL,EMENDA Nº 19 AO PL Nº 3069/2023,,SIM,2023-06-20,
84155,7052,NOMINAL,EMENDA Nº 20 AO PL Nº 3069/2023,,SIM,2023-06-20,
84156,7052,NOMINAL,EMENDA Nº 20 AO PL Nº 3069/2023,,NAO,2023-06-20,
84157,7052,NOMINAL,EMENDA Nº 20 AO PL Nº 3069/2023,,SIM,2023-06-20,
84158,7052,NOMINAL,EMENDA Nº 20 AO PL Nº 3069/2023,,NAO,2023-06-20,
84159,7052,NOMINAL,EMENDA Nº 20 AO PL Nº 3069/2023,,NAO,2023-06-20,
84160,7052,NOMINAL,EMENDA Nº 20 AO PL Nº 3069/2023,,SIM,2023-06-20,
84161,7052,NOMINAL,EMENDA Nº 20 AO PL Nº 3069/2023,,SIM,2023-06-20,
84162,7052,NOMINAL,EMENDA Nº 20 AO PL Nº 3069/2023,,NAO,2023-06-20,
84163,7052,NOMINAL,EMENDA Nº 20 AO PL Nº 3069/2023,,NAO,2023-06-20,
84164,7052,NOMINAL,EMENDA Nº 20 AO PL Nº 3069/2023,,NAO,2023-06-20,
84165,7052,NOMINAL,EMENDA Nº 20 AO PL Nº 3069/2023,,NAO,2023-06-20,
84166,7052,NOMINAL,EMENDA Nº 20 AO PL Nº 3069/2023,,NAO,2023-06-20,
84167,7052,NOMINAL,EMENDA Nº 20 AO PL Nº 3069/2023,,NAO,2023-06-20,
84168,7052,NOMINAL,EMENDA Nº 20 AO PL Nº 3069/2023,,SIM,2023-06-20,
84169,7052,NOMINAL,EMENDA Nº 20 AO PL Nº 3069/2023,,NAO,2023-06-20,
84170,7052,NOMINAL,EMENDA Nº 20 AO PL Nº 3069/2023,,NAO,2023-06-20,
84171,7052,NOMINAL,EMENDA Nº 20 AO PL Nº 3069/2023,,NAO,2023-06-20,
84172,7052,NOMINAL,EMENDA Nº 20 AO PL Nº 3069/2023,,SIM,2023-06-20,
84173,7052,NOMINAL,EMENDA Nº 20 AO PL Nº 3069/2023,,NAO,2023-06-20,
84174,7052,NOMINAL,EMENDA Nº 20 AO PL Nº 3069/2023,,NAO,2023-06-20,
84175,7052,NOMINAL,EMENDA Nº 20 AO PL Nº 3069/2023,,NAO,2023-06-20,
84176,7052,NOMINAL,EMENDA Nº 20 AO PL Nº 3069/2023,,NAO,2023-06-20,
84177,7052,NOMINAL,EMENDA Nº 20 AO PL Nº 3069/2023,,NAO,2023-06-20,
84178,7053,NOMINAL,EMENDA Nº 21 AO PL Nº 3069/2023,,SIM,2023-06-20,
84179,7053,NOMINAL,EMENDA Nº 21 AO PL Nº 3069/2023,,NAO,2023-06-20,
84180,7053,NOMINAL,EMENDA Nº 21 AO PL Nº 3069/2023,,SIM,2023-06-20,
84181,7053,NOMINAL,EMENDA Nº 21 AO PL Nº 3069/2023,,NAO,2023-06-20,
84182,7053,NOMINAL,EMENDA Nº 21 AO PL Nº 3069/2023,,NAO,2023-06-20,
84183,7053,NOMINAL,EMENDA Nº 21 AO PL Nº 3069/2023,,SIM,2023-06-20,
84184,7053,NOMINAL,EMENDA Nº 21 AO PL Nº 3069/2023,,SIM,2023-06-20,
84185,7053,NOMINAL,EMENDA Nº 21 AO PL Nº 3069/2023,,NAO,2023-06-20,
84186,7053,NOMINAL,EMENDA Nº 21 AO PL Nº 3069/2023,,NAO,2023-06-20,
84187,7053,NOMINAL,EMENDA Nº 21 AO PL Nº 3069/2023,,NAO,2023-06-20,
84188,7053,NOMINAL,EMENDA Nº 21 AO PL Nº 3069/2023,,NAO,2023-06-20,
84189,7053,NOMINAL,EMENDA Nº 21 AO PL Nº 3069/2023,,NAO,2023-06-20,
84190,7053,NOMINAL,EMENDA Nº 21 AO PL Nº 3069/2023,,NAO,2023-06-20,
84191,7053,NOMINAL,EMENDA Nº 21 AO PL Nº 3069/2023,,SIM,2023-06-20,
84192,7053,NOMINAL,EMENDA Nº 21 AO PL Nº 3069/2023,,NAO,2023-06-20,
84193,7053,NOMINAL,EMENDA Nº 21 AO PL Nº 3069/2023,,SIM,2023-06-20,
84194,7053,NOMINAL,EMENDA Nº 21 AO PL Nº 3069/2023,,NAO,2023-06-20,
84195,7053,NOMINAL,EMENDA Nº 21 AO PL Nº 3069/2023,,SIM,2023-06-20,
84196,7053,NOMINAL,EMENDA Nº 21 AO PL Nº 3069/2023,,NAO,2023-06-20,
84197,7053,NOMINAL,EMENDA Nº 21 AO PL Nº 3069/2023,,NAO,2023-06-20,
84198,7053,NOMINAL,EMENDA Nº 21 AO PL Nº 3069/2023,,NAO,2023-06-20,
84199,7053,NOMINAL,EMENDA Nº 21 AO PL Nº 3069/2023,,NAO,2023-06-20,
84200,7053,NOMINAL,EMENDA Nº 21 AO PL Nº 3069/2023,,NAO,2023-06-20,
84201,7114,NOMINAL,1º TURNO PROJETO DE LEI COMPLEMENTAR Nº 24/2023,13896,SIM,2023-06-27,
84202,7114,NOMINAL,1º TURNO PROJETO DE LEI COMPLEMENTAR Nº 24/2023,13896,SIM,2023-06-27,
84203,7114,NOMINAL,1º TURNO PROJETO DE LEI COMPLEMENTAR Nº 24/2023,13896,SIM,2023-06-27,
84204,7114,NOMINAL,1º TURNO PROJETO DE LEI COMPLEMENTAR Nº 24/2023,13896,SIM,2023-06-27,
84205,7114,NOMINAL,1º TURNO PROJETO DE LEI COMPLEMENTAR Nº 24/2023,13896,SIM,2023-06-27,
84206,7114,NOMINAL,1º TURNO PROJETO DE LEI COMPLEMENTAR Nº 24/2023,13896,SIM,2023-06-27,
84207,7114,NOMINAL,1º TURNO PROJETO DE LEI COMPLEMENTAR Nº 24/2023,13896,ABSTENCAO,2023-06-27,
84208,7114,NOMINAL,1º TURNO PROJETO DE LEI COMPLEMENTAR Nº 24/2023,13896,SIM,2023-06-27,
84209,7114,NOMINAL,1º TURNO PROJETO DE LEI COMPLEMENTAR Nº 24/2023,13896,SIM,2023-06-27,
84210,7114,NOMINAL,1º TURNO PROJETO DE LEI COMPLEMENTAR Nº 24/2023,13896,SIM,2023-06-27,
84211,7114,NOMINAL,1º TURNO PROJETO DE LEI COMPLEMENTAR Nº 24/2023,13896,SIM,2023-06-27,
84212,7114,NOMINAL,1º TURNO PROJETO DE LEI COMPLEMENTAR Nº 24/2023,13896,SIM,2023-06-27,
84213,7114,NOMINAL,1º TURNO PROJETO DE LEI COMPLEMENTAR Nº 24/2023,13896,SIM,2023-06-27,
84214,7114,NOMINAL,1º TURNO PROJETO DE LEI COMPLEMENTAR Nº 24/2023,13896,SIM,2023-06-27,
84215,7114,NOMINAL,1º TURNO PROJETO DE LEI COMPLEMENTAR Nº 24/2023,13896,SIM,2023-06-27,
84216,7114,NOMINAL,1º TURNO PROJETO DE LEI COMPLEMENTAR Nº 24/2023,13896,SIM,2023-06-27,
84217,7114,NOMINAL,1º TURNO PROJETO DE LEI COMPLEMENTAR Nº 24/2023,13896,SIM,2023-06-27,
84218,7114,NOMINAL,1º TURNO PROJETO DE LEI COMPLEMENTAR Nº 24/2023,13896,SIM,2023-06-27,
84219,7114,NOMINAL,1º TURNO PROJETO DE LEI COMPLEMENTAR Nº 24/2023,13896,SIM,2023-06-27,
84220,7114,NOMINAL,1º TURNO PROJETO DE LEI COMPLEMENTAR Nº 24/2023,13896,SIM,2023-06-27,
84221,7114,NOMINAL,1º TURNO PROJETO DE LEI COMPLEMENTAR Nº 24/2023,13896,SIM,2023-06-27,
84222,7114,NOMINAL,1º TURNO PROJETO DE LEI COMPLEMENTAR Nº 24/2023,13896,SIM,2023-06-27,
84223,7115,NOMINAL,2º TURNO PROJETO DE LEI COMPLEMENTAR Nº 24/2023,13896,SIM,2023-06-27,
84224,7115,NOMINAL,2º TURNO PROJETO DE LEI COMPLEMENTAR Nº 24/2023,13896,SIM,2023-06-27,
84225,7115,NOMINAL,2º TURNO PROJETO DE LEI COMPLEMENTAR Nº 24/2023,13896,SIM,2023-06-27,
84226,7115,NOMINAL,2º TURNO PROJETO DE LEI COMPLEMENTAR Nº 24/2023,13896,SIM,2023-06-27,
84227,7115,NOMINAL,2º TURNO PROJETO DE LEI COMPLEMENTAR Nº 24/2023,13896,SIM,2023-06-27,
84228,7115,NOMINAL,2º TURNO PROJETO DE LEI COMPLEMENTAR Nº 24/2023,13896,SIM,2023-06-27,
84229,7115,NOMINAL,2º TURNO PROJETO DE LEI COMPLEMENTAR Nº 24/2023,13896,SIM,2023-06-27,
84230,7115,NOMINAL,2º TURNO PROJETO DE LEI COMPLEMENTAR Nº 24/2023,13896,SIM,2023-06-27,
84231,7115,NOMINAL,2º TURNO PROJETO DE LEI COMPLEMENTAR Nº 24/2023,13896,SIM,2023-06-27,
84232,7115,NOMINAL,2º TURNO PROJETO DE LEI COMPLEMENTAR Nº 24/2023,13896,SIM,2023-06-27,
84233,7115,NOMINAL,2º TURNO PROJETO DE LEI COMPLEMENTAR Nº 24/2023,13896,SIM,2023-06-27,
84234,7115,NOMINAL,2º TURNO PROJETO DE LEI COMPLEMENTAR Nº 24/2023,13896,SIM,2023-06-27,
84235,7115,NOMINAL,2º TURNO PROJETO DE LEI COMPLEMENTAR Nº 24/2023,13896,SIM,2023-06-27,
84236,7115,NOMINAL,2º TURNO PROJETO DE LEI COMPLEMENTAR Nº 24/2023,13896,SIM,2023-06-27,
84237,7115,NOMINAL,2º TURNO PROJETO DE LEI COMPLEMENTAR Nº 24/2023,13896,SIM,2023-06-27,
84238,7115,NOMINAL,2º TURNO PROJETO DE LEI COMPLEMENTAR Nº 24/2023,13896,SIM,2023-06-27,
84239,7115,NOMINAL,2º TURNO PROJETO DE LEI COMPLEMENTAR Nº 24/2023,13896,SIM,2023-06-27,
84240,7115,NOMINAL,2º TURNO PROJETO DE LEI COMPLEMENTAR Nº 24/2023,13896,SIM,2023-06-27,
84241,7115,NOMINAL,2º TURNO PROJETO DE LEI COMPLEMENTAR Nº 24/2023,13896,SIM,2023-06-27,
84242,7115,NOMINAL,2º TURNO PROJETO DE LEI COMPLEMENTAR Nº 24/2023,13896,SIM,2023-06-27,
84243,7132,NOMINAL,1º TURNO DA EMENDA DESTACADA Nº 35 AO PL Nº 323/2023,12444,SIM,2023-06-27,
84244,7132,NOMINAL,1º TURNO DA EMENDA DESTACADA Nº 35 AO PL Nº 323/2023,12444,SIM,2023-06-27,
84245,7132,NOMINAL,1º TURNO DA EMENDA DESTACADA Nº 35 AO PL Nº 323/2023,12444,SIM,2023-06-27,
84246,7132,NOMINAL,1º TURNO DA EMENDA DESTACADA Nº 35 AO PL Nº 323/2023,12444,SIM,2023-06-27,
84247,7132,NOMINAL,1º TURNO DA EMENDA DESTACADA Nº 35 AO PL Nº 323/2023,12444,SIM,2023-06-27,
84248,7132,NOMINAL,1º TURNO DA EMENDA DESTACADA Nº 35 AO PL Nº 323/2023,12444,SIM,2023-06-27,
84249,7132,NOMINAL,1º TURNO DA EMENDA DESTACADA Nº 35 AO PL Nº 323/2023,12444,SIM,2023-06-27,
84250,7132,NOMINAL,1º TURNO DA EMENDA DESTACADA Nº 35 AO PL Nº 323/2023,12444,SIM,2023-06-27,
84251,7132,NOMINAL,1º TURNO DA EMENDA DESTACADA Nº 35 AO PL Nº 323/2023,12444,SIM,2023-06-27,
84252,7132,NOMINAL,1º TURNO DA EMENDA DESTACADA Nº 35 AO PL Nº 323/2023,12444,SIM,2023-06-27,
84253,7132,NOMINAL,1º TURNO DA EMENDA DESTACADA Nº 35 AO PL Nº 323/2023,12444,SIM,2023-06-27,
84254,7132,NOMINAL,1º TURNO DA EMENDA DESTACADA Nº 35 AO PL Nº 323/2023,12444,SIM,2023-06-27,
84255,7132,NOMINAL,1º TURNO DA EMENDA DESTACADA Nº 35 AO PL Nº 323/2023,12444,SIM,2023-06-27,
84256,7132,NOMINAL,1º TURNO DA EMENDA DESTACADA Nº 35 AO PL Nº 323/2023,12444,SIM,2023-06-27,
84257,7132,NOMINAL,1º TURNO DA EMENDA DESTACADA Nº 35 AO PL Nº 323/2023,12444,SIM,2023-06-27,
84258,7132,NOMINAL,1º TURNO DA EMENDA DESTACADA Nº 35 AO PL Nº 323/2023,12444,SIM,2023-06-27,
84259,7132,NOMINAL,1º TURNO DA EMENDA DESTACADA Nº 35 AO PL Nº 323/2023,12444,SIM,2023-06-27,
84260,7132,NOMINAL,1º TURNO DA EMENDA DESTACADA Nº 35 AO PL Nº 323/2023,12444,SIM,2023-06-27,
84261,7132,NOMINAL,1º TURNO DA EMENDA DESTACADA Nº 35 AO PL Nº 323/2023,12444,SIM,2023-06-27,
84262,7132,NOMINAL,1º TURNO DA EMENDA DESTACADA Nº 35 AO PL Nº 323/2023,12444,SIM,2023-06-27,
84263,7132,NOMINAL,1º TURNO DA EMENDA DESTACADA Nº 35 AO PL Nº 323/2023,12444,SIM,2023-06-27,
84264,7144,NOMINAL,1º TURNO PROJETO DE LEI COMPLEMENTAR Nº 18/2023,12383,SIM,2023-06-27,
84265,7144,NOMINAL,1º TURNO PROJETO DE LEI COMPLEMENTAR Nº 18/2023,12383,SIM,2023-06-27,
84266,7144,NOMINAL,1º TURNO PROJETO DE LEI COMPLEMENTAR Nº 18/2023,12383,SIM,2023-06-27,
84267,7144,NOMINAL,1º TURNO PROJETO DE LEI COMPLEMENTAR Nº 18/2023,12383,SIM,2023-06-27,
84268,7144,NOMINAL,1º TURNO PROJETO DE LEI COMPLEMENTAR Nº 18/2023,12383,SIM,2023-06-27,
84269,7144,NOMINAL,1º TURNO PROJETO DE LEI COMPLEMENTAR Nº 18/2023,12383,SIM,2023-06-27,
84270,7144,NOMINAL,1º TURNO PROJETO DE LEI COMPLEMENTAR Nº 18/2023,12383,SIM,2023-06-27,
84271,7144,NOMINAL,1º TURNO PROJETO DE LEI COMPLEMENTAR Nº 18/2023,12383,SIM,2023-06-27,
84272,7144,NOMINAL,1º TURNO PROJETO DE LEI COMPLEMENTAR Nº 18/2023,12383,SIM,2023-06-27,
84273,7144,NOMINAL,1º TURNO PROJETO DE LEI COMPLEMENTAR Nº 18/2023,12383,SIM,2023-06-27,
84274,7144,NOMINAL,1º TURNO PROJETO DE LEI COMPLEMENTAR Nº 18/2023,12383,SIM,2023-06-27,
84275,7144,NOMINAL,1º TURNO PROJETO DE LEI COMPLEMENTAR Nº 18/2023,12383,SIM,2023-06-27,
84276,7144,NOMINAL,1º TURNO PROJETO DE LEI COMPLEMENTAR Nº 18/2023,12383,SIM,2023-06-27,
84277,7144,NOMINAL,1º TURNO PROJETO DE LEI COMPLEMENTAR Nº 18/2023,12383,SIM,2023-06-27,
84278,7144,NOMINAL,1º TURNO PROJETO DE LEI COMPLEMENTAR Nº 18/2023,12383,SIM,2023-06-27,
84279,7144,NOMINAL,1º TURNO PROJETO DE LEI COMPLEMENTAR Nº 18/2023,12383,SIM,2023-06-27,
84280,7144,NOMINAL,1º TURNO PROJETO DE LEI COMPLEMENTAR Nº 18/2023,12383,SIM,2023-06-27,
84281,7144,NOMINAL,1º TURNO PROJETO DE LEI COMPLEMENTAR Nº 18/2023,12383,SIM,2023-06-27,
84282,7144,NOMINAL,1º TURNO PROJETO DE LEI COMPLEMENTAR Nº 18/2023,12383,SIM,2023-06-27,
84283,7144,NOMINAL,1º TURNO PROJETO DE LEI COMPLEMENTAR Nº 18/2023,12383,SIM,2023-06-27,
84284,7144,NOMINAL,1º TURNO PROJETO DE LEI COMPLEMENTAR Nº 18/2023,12383,SIM,2023-06-27,
84285,7154,NOMINAL,1º TURNO PROJETO DE LEI COMPLEMENTAR Nº 108/2023,,SIM,2023-06-27,
84286,7154,NOMINAL,1º TURNO PROJETO DE LEI COMPLEMENTAR Nº 108/2023,,SIM,2023-06-27,
84287,7154,NOMINAL,1º TURNO PROJETO DE LEI COMPLEMENTAR Nº 108/2023,,SIM,2023-06-27,
84288,7154,NOMINAL,1º TURNO PROJETO DE LEI COMPLEMENTAR Nº 108/2023,,SIM,2023-06-27,
84289,7154,NOMINAL,1º TURNO PROJETO DE LEI COMPLEMENTAR Nº 108/2023,,SIM,2023-06-27,
84290,7154,NOMINAL,1º TURNO PROJETO DE LEI COMPLEMENTAR Nº 108/2023,,SIM,2023-06-27,
84291,7154,NOMINAL,1º TURNO PROJETO DE LEI COMPLEMENTAR Nº 108/2023,,SIM,2023-06-27,
84292,7154,NOMINAL,1º TURNO PROJETO DE LEI COMPLEMENTAR Nº 108/2023,,SIM,2023-06-27,
84293,7154,NOMINAL,1º TURNO PROJETO DE LEI COMPLEMENTAR Nº 108/2023,,SIM,2023-06-27,
84294,7154,NOMINAL,1º TURNO PROJETO DE LEI COMPLEMENTAR Nº 108/2023,,SIM,2023-06-27,
84295,7154,NOMINAL,1º TURNO PROJETO DE LEI COMPLEMENTAR Nº 108/2023,,SIM,2023-06-27,
84296,7154,NOMINAL,1º TURNO PROJETO DE LEI COMPLEMENTAR Nº 108/2023,,SIM,2023-06-27,
84297,7154,NOMINAL,1º TURNO PROJETO DE LEI COMPLEMENTAR Nº 108/2023,,SIM,2023-06-27,
84298,7154,NOMINAL,1º TURNO PROJETO DE LEI COMPLEMENTAR Nº 108/2023,,SIM,2023-06-27,
84299,7154,NOMINAL,1º TURNO PROJETO DE LEI COMPLEMENTAR Nº 108/2023,,SIM,2023-06-27,
84300,7154,NOMINAL,1º TURNO PROJETO DE LEI COMPLEMENTAR Nº 108/2023,,SIM,2023-06-27,
84301,7154,NOMINAL,1º TURNO PROJETO DE LEI COMPLEMENTAR Nº 108/2023,,SIM,2023-06-27,
84302,7155,NOMINAL,2º TURNO PROJETO DE LEI COMPLEMENTAR Nº 108/2023,,SIM,2023-06-27,
84303,7155,NOMINAL,2º TURNO PROJETO DE LEI COMPLEMENTAR Nº 108/2023,,SIM,2023-06-27,
84304,7155,NOMINAL,2º TURNO PROJETO DE LEI COMPLEMENTAR Nº 108/2023,,SIM,2023-06-27,
84305,7155,NOMINAL,2º TURNO PROJETO DE LEI COMPLEMENTAR Nº 108/2023,,SIM,2023-06-27,
84306,7155,NOMINAL,2º TURNO PROJETO DE LEI COMPLEMENTAR Nº 108/2023,,SIM,2023-06-27,
84307,7155,NOMINAL,2º TURNO PROJETO DE LEI COMPLEMENTAR Nº 108/2023,,SIM,2023-06-27,
84308,7155,NOMINAL,2º TURNO PROJETO DE LEI COMPLEMENTAR Nº 108/2023,,SIM,2023-06-27,
84309,7155,NOMINAL,2º TURNO PROJETO DE LEI COMPLEMENTAR Nº 108/2023,,SIM,2023-06-27,
84310,7155,NOMINAL,2º TURNO PROJETO DE LEI COMPLEMENTAR Nº 108/2023,,SIM,2023-06-27,
84311,7155,NOMINAL,2º TURNO PROJETO DE LEI COMPLEMENTAR Nº 108/2023,,SIM,2023-06-27,
84312,7155,NOMINAL,2º TURNO PROJETO DE LEI COMPLEMENTAR Nº 108/2023,,SIM,2023-06-27,
84313,7155,NOMINAL,2º TURNO PROJETO DE LEI COMPLEMENTAR Nº 108/2023,,SIM,2023-06-27,
84314,7155,NOMINAL,2º TURNO PROJETO DE LEI COMPLEMENTAR Nº 108/2023,,SIM,2023-06-27,
84315,7155,NOMINAL,2º TURNO PROJETO DE LEI COMPLEMENTAR Nº 108/2023,,SIM,2023-06-27,
84316,7155,NOMINAL,2º TURNO PROJETO DE LEI COMPLEMENTAR Nº 108/2023,,SIM,2023-06-27,
84317,7155,NOMINAL,2º TURNO PROJETO DE LEI COMPLEMENTAR Nº 108/2023,,SIM,2023-06-27,
84318,7167,NOMINAL,BLOCO PDL 27.06.2023,,SIM,2023-06-27,
84319,7167,NOMINAL,BLOCO PDL 27.06.2023,,SIM,2023-06-27,
84320,7167,NOMINAL,BLOCO PDL 27.06.2023,,SIM,2023-06-27,
84321,7167,NOMINAL,BLOCO PDL 27.06.2023,,SIM,2023-06-27,
84322,7167,NOMINAL,BLOCO PDL 27.06.2023,,SIM,2023-06-27,
84323,7167,NOMINAL,BLOCO PDL 27.06.2023,,SIM,2023-06-27,
84324,7167,NOMINAL,BLOCO PDL 27.06.2023,,SIM,2023-06-27,
84325,7167,NOMINAL,BLOCO PDL 27.06.2023,,SIM,2023-06-27,
84326,7167,NOMINAL,BLOCO PDL 27.06.2023,,SIM,2023-06-27,
84327,7167,NOMINAL,BLOCO PDL 27.06.2023,,SIM,2023-06-27,
84328,7167,NOMINAL,BLOCO PDL 27.06.2023,,SIM,2023-06-27,
84329,7167,NOMINAL,BLOCO PDL 27.06.2023,,SIM,2023-06-27,
84330,7167,NOMINAL,BLOCO PDL 27.06.2023,,SIM,2023-06-27,
84331,7167,NOMINAL,BLOCO PDL 27.06.2023,,SIM,2023-06-27,
84332,7167,NOMINAL,BLOCO PDL 27.06.2023,,SIM,2023-06-27,
84333,7167,NOMINAL,BLOCO PDL 27.06.2023,,SIM,2023-06-27,
84334,7167,NOMINAL,BLOCO PDL 27.06.2023,,SIM,2023-06-27,
84335,7171,NOMINAL,PARECER CCJ AO PDL Nº 34/2023,14109,NAO,2023-06-27,
84336,7171,NOMINAL,PARECER CCJ AO PDL Nº 34/2023,14109,SIM,2023-06-27,
84337,7171,NOMINAL,PARECER CCJ AO PDL Nº 34/2023,14109,SIM,2023-06-27,
84338,7171,NOMINAL,PARECER CCJ AO PDL Nº 34/2023,14109,SIM,2023-06-27,
84339,7171,NOMINAL,PARECER CCJ AO PDL Nº 34/2023,14109,SIM,2023-06-27,
84340,7171,NOMINAL,PARECER CCJ AO PDL Nº 34/2023,14109,NAO,2023-06-27,
84341,7171,NOMINAL,PARECER CCJ AO PDL Nº 34/2023,14109,SIM,2023-06-27,
84342,7171,NOMINAL,PARECER CCJ AO PDL Nº 34/2023,14109,NAO,2023-06-27,
84343,7171,NOMINAL,PARECER CCJ AO PDL Nº 34/2023,14109,SIM,2023-06-27,
84344,7171,NOMINAL,PARECER CCJ AO PDL Nº 34/2023,14109,SIM,2023-06-27,
84345,7171,NOMINAL,PARECER CCJ AO PDL Nº 34/2023,14109,SIM,2023-06-27,
84346,7171,NOMINAL,PARECER CCJ AO PDL Nº 34/2023,14109,NAO,2023-06-27,
84347,7171,NOMINAL,PARECER CCJ AO PDL Nº 34/2023,14109,NAO,2023-06-27,
84348,7171,NOMINAL,PARECER CCJ AO PDL Nº 34/2023,14109,SIM,2023-06-27,
84349,7171,NOMINAL,PARECER CCJ AO PDL Nº 34/2023,14109,SIM,2023-06-27,
84350,7171,NOMINAL,PARECER CCJ AO PDL Nº 34/2023,14109,NAO,2023-06-27,
84351,7171,NOMINAL,PARECER CCJ AO PDL Nº 34/2023,14109,NAO,2023-06-27,
84352,7171,NOMINAL,PARECER CCJ AO PDL Nº 34/2023,14109,SIM,2023-06-27,
84353,7183,NOMINAL,2º TURNO PROJETO DE LEI Nº 373/2023,11244,SIM,2023-06-27,
84354,7183,NOMINAL,2º TURNO PROJETO DE LEI Nº 373/2023,11244,SIM,2023-06-27,
84355,7183,NOMINAL,2º TURNO PROJETO DE LEI Nº 373/2023,11244,SIM,2023-06-27,
84356,7183,NOMINAL,2º TURNO PROJETO DE LEI Nº 373/2023,11244,SIM,2023-06-27,
84357,7183,NOMINAL,2º TURNO PROJETO DE LEI Nº 373/2023,11244,SIM,2023-06-27,
84358,7183,NOMINAL,2º TURNO PROJETO DE LEI Nº 373/2023,11244,SIM,2023-06-27,
84359,7183,NOMINAL,2º TURNO PROJETO DE LEI Nº 373/2023,11244,SIM,2023-06-27,
84360,7183,NOMINAL,2º TURNO PROJETO DE LEI Nº 373/2023,11244,SIM,2023-06-27,
84361,7183,NOMINAL,2º TURNO PROJETO DE LEI Nº 373/2023,11244,SIM,2023-06-27,
84362,7183,NOMINAL,2º TURNO PROJETO DE LEI Nº 373/2023,11244,SIM,2023-06-27,
84363,7183,NOMINAL,2º TURNO PROJETO DE LEI Nº 373/2023,11244,SIM,2023-06-27,
84364,7183,NOMINAL,2º TURNO PROJETO DE LEI Nº 373/2023,11244,SIM,2023-06-27,
84365,7183,NOMINAL,2º TURNO PROJETO DE LEI Nº 373/2023,11244,SIM,2023-06-27,
84366,7183,NOMINAL,2º TURNO PROJETO DE LEI Nº 373/2023,11244,SIM,2023-06-27,
84367,7183,NOMINAL,2º TURNO PROJETO DE LEI Nº 373/2023,11244,SIM,2023-06-27,
84368,7183,NOMINAL,2º TURNO PROJETO DE LEI Nº 373/2023,11244,SIM,2023-06-27,
84369,7214,NOMINAL,BLOCO REQUERIMENTOS 15.08.2023,,SIM,2023-08-15,
84370,7214,NOMINAL,BLOCO REQUERIMENTOS 15.08.2023,,SIM,2023-08-15,
84371,7214,NOMINAL,BLOCO REQUERIMENTOS 15.08.2023,,SIM,2023-08-15,
84372,7214,NOMINAL,BLOCO REQUERIMENTOS 15.08.2023,,SIM,2023-08-15,
84373,7214,NOMINAL,BLOCO REQUERIMENTOS 15.08.2023,,SIM,2023-08-15,
84374,7214,NOMINAL,BLOCO REQUERIMENTOS 15.08.2023,,SIM,2023-08-15,
84375,7214,NOMINAL,BLOCO REQUERIMENTOS 15.08.2023,,SIM,2023-08-15,
84376,7214,NOMINAL,BLOCO REQUERIMENTOS 15.08.2023,,SIM,2023-08-15,
84377,7214,NOMINAL,BLOCO REQUERIMENTOS 15.08.2023,,SIM,2023-08-15,
84378,7214,NOMINAL,BLOCO REQUERIMENTOS 15.08.2023,,SIM,2023-08-15,
84379,7214,NOMINAL,BLOCO REQUERIMENTOS 15.08.2023,,SIM,2023-08-15,
84380,7214,NOMINAL,BLOCO REQUERIMENTOS 15.08.2023,,SIM,2023-08-15,
84381,7214,NOMINAL,BLOCO REQUERIMENTOS 15.08.2023,,SIM,2023-08-15,
84382,7214,NOMINAL,BLOCO REQUERIMENTOS 15.08.2023,,SIM,2023-08-15,
84383,7214,NOMINAL,BLOCO REQUERIMENTOS 15.08.2023,,SIM,2023-08-15,
84384,7214,NOMINAL,BLOCO REQUERIMENTOS 15.08.2023,,SIM,2023-08-15,
84385,7236,NOMINAL,TURNO ÚNICO MOÇÃO Nº 294/2023,,SIM,2023-09-19,
84386,7236,NOMINAL,TURNO ÚNICO MOÇÃO Nº 294/2023,,SIM,2023-09-19,
84387,7236,NOMINAL,TURNO ÚNICO MOÇÃO Nº 294/2023,,SIM,2023-09-19,
84388,7236,NOMINAL,TURNO ÚNICO MOÇÃO Nº 294/2023,,SIM,2023-09-19,
84389,7236,NOMINAL,TURNO ÚNICO MOÇÃO Nº 294/2023,,SIM,2023-09-19,
84390,7236,NOMINAL,TURNO ÚNICO MOÇÃO Nº 294/2023,,SIM,2023-09-19,
84391,7236,NOMINAL,TURNO ÚNICO MOÇÃO Nº 294/2023,,SIM,2023-09-19,
84392,7236,NOMINAL,TURNO ÚNICO MOÇÃO Nº 294/2023,,NAO,2023-09-19,
84393,7236,NOMINAL,TURNO ÚNICO MOÇÃO Nº 294/2023,,SIM,2023-09-19,
84394,7236,NOMINAL,TURNO ÚNICO MOÇÃO Nº 294/2023,,SIM,2023-09-19,
84395,7236,NOMINAL,TURNO ÚNICO MOÇÃO Nº 294/2023,,SIM,2023-09-19,
84396,7236,NOMINAL,TURNO ÚNICO MOÇÃO Nº 294/2023,,SIM,2023-09-19,
84397,7236,NOMINAL,TURNO ÚNICO MOÇÃO Nº 294/2023,,SIM,2023-09-19,
84398,7236,NOMINAL,TURNO ÚNICO MOÇÃO Nº 294/2023,,ABSTENCAO,2023-09-19,
84399,7236,NOMINAL,TURNO ÚNICO MOÇÃO Nº 294/2023,,SIM,2023-09-19,
84400,7236,NOMINAL,TURNO ÚNICO MOÇÃO Nº 294/2023,,SIM,2023-09-19,
84401,7236,NOMINAL,TURNO ÚNICO MOÇÃO Nº 294/2023,,SIM,2023-09-19,
84402,7236,NOMINAL,TURNO ÚNICO MOÇÃO Nº 294/2023,,SIM,2023-09-19,
84403,7236,NOMINAL,TURNO ÚNICO MOÇÃO Nº 294/2023,,SIM,2023-09-19,
84404,7236,NOMINAL,TURNO ÚNICO MOÇÃO Nº 294/2023,,ABSTENCAO,2023-09-19,
84405,7236,NOMINAL,TURNO ÚNICO MOÇÃO Nº 294/2023,,NAO,2023-09-19,
84406,7236,NOMINAL,TURNO ÚNICO MOÇÃO Nº 294/2023,,SIM,2023-09-19,
84407,7252,NOMINAL,BLOCO REQUERIMENTOS 19.09.2023,,SIM,2023-09-19,
84408,7252,NOMINAL,BLOCO REQUERIMENTOS 19.09.2023,,SIM,2023-09-19,
84409,7252,NOMINAL,BLOCO REQUERIMENTOS 19.09.2023,,SIM,2023-09-19,
84410,7252,NOMINAL,BLOCO REQUERIMENTOS 19.09.2023,,SIM,2023-09-19,
84411,7252,NOMINAL,BLOCO REQUERIMENTOS 19.09.2023,,SIM,2023-09-19,
84412,7252,NOMINAL,BLOCO REQUERIMENTOS 19.09.2023,,SIM,2023-09-19,
84413,7252,NOMINAL,BLOCO REQUERIMENTOS 19.09.2023,,SIM,2023-09-19,
84414,7252,NOMINAL,BLOCO REQUERIMENTOS 19.09.2023,,SIM,2023-09-19,
84415,7252,NOMINAL,BLOCO REQUERIMENTOS 19.09.2023,,SIM,2023-09-19,
84416,7252,NOMINAL,BLOCO REQUERIMENTOS 19.09.2023,,SIM,2023-09-19,
84417,7252,NOMINAL,BLOCO REQUERIMENTOS 19.09.2023,,SIM,2023-09-19,
84418,7252,NOMINAL,BLOCO REQUERIMENTOS 19.09.2023,,SIM,2023-09-19,
84419,7252,NOMINAL,BLOCO REQUERIMENTOS 19.09.2023,,SIM,2023-09-19,
84420,7252,NOMINAL,BLOCO REQUERIMENTOS 19.09.2023,,SIM,2023-09-19,
84421,7252,NOMINAL,BLOCO REQUERIMENTOS 19.09.2023,,SIM,2023-09-19,
84422,7252,NOMINAL,BLOCO REQUERIMENTOS 19.09.2023,,SIM,2023-09-19,
84423,7252,NOMINAL,BLOCO REQUERIMENTOS 19.09.2023,,SIM,2023-09-19,
84424,7252,NOMINAL,BLOCO REQUERIMENTOS 19.09.2023,,SIM,2023-09-19,
84425,7252,NOMINAL,BLOCO REQUERIMENTOS 19.09.2023,,SIM,2023-09-19,
84426,7253,NOMINAL,VETO PARCIAL PROJETO DE LEI Nº 371/2023,13189,NAO,2023-08-22,
84427,7253,NOMINAL,VETO PARCIAL PROJETO DE LEI Nº 371/2023,13189,NAO,2023-08-22,
84428,7253,NOMINAL,VETO PARCIAL PROJETO DE LEI Nº 371/2023,13189,NAO,2023-08-22,
84429,7253,NOMINAL,VETO PARCIAL PROJETO DE LEI Nº 371/2023,13189,NAO,2023-08-22,
84430,7253,NOMINAL,VETO PARCIAL PROJETO DE LEI Nº 371/2023,13189,NAO,2023-08-22,
84431,7253,NOMINAL,VETO PARCIAL PROJETO DE LEI Nº 371/2023,13189,NAO,2023-08-22,
84432,7253,NOMINAL,VETO PARCIAL PROJETO DE LEI Nº 371/2023,13189,NAO,2023-08-22,
84433,7253,NOMINAL,VETO PARCIAL PROJETO DE LEI Nº 371/2023,13189,NAO,2023-08-22,
84434,7253,NOMINAL,VETO PARCIAL PROJETO DE LEI Nº 371/2023,13189,NAO,2023-08-22,
84435,7253,NOMINAL,VETO PARCIAL PROJETO DE LEI Nº 371/2023,13189,NAO,2023-08-22,
84436,7253,NOMINAL,VETO PARCIAL PROJETO DE LEI Nº 371/2023,13189,NAO,2023-08-22,
84437,7253,NOMINAL,VETO PARCIAL PROJETO DE LEI Nº 371/2023,13189,NAO,2023-08-22,
84438,7253,NOMINAL,VETO PARCIAL PROJETO DE LEI Nº 371/2023,13189,NAO,2023-08-22,
84439,7253,NOMINAL,VETO PARCIAL PROJETO DE LEI Nº 371/2023,13189,NAO,2023-08-22,
84440,7253,NOMINAL,VETO PARCIAL PROJETO DE LEI Nº 371/2023,13189,NAO,2023-08-22,
84441,7253,NOMINAL,VETO PARCIAL PROJETO DE LEI Nº 371/2023,13189,NAO,2023-08-22,
84442,7253,NOMINAL,VETO PARCIAL PROJETO DE LEI Nº 371/2023,13189,NAO,2023-08-22,
84443,7253,NOMINAL,VETO PARCIAL PROJETO DE LEI Nº 371/2023,13189,NAO,2023-08-22,
84444,7253,NOMINAL,VETO PARCIAL PROJETO DE LEI Nº 371/2023,13189,NAO,2023-08-22,
84445,7253,NOMINAL,VETO PARCIAL PROJETO DE LEI Nº 371/2023,13189,NAO,2023-08-22,
84446,7253,NOMINAL,VETO PARCIAL PROJETO DE LEI Nº 371/2023,13189,NAO,2023-08-22,
84447,7253,NOMINAL,VETO PARCIAL PROJETO DE LEI Nº 371/2023,13189,NAO,2023-08-22,
84448,7253,NOMINAL,VETO PARCIAL PROJETO DE LEI Nº 371/2023,13189,SIM,2023-08-22,
84449,7270,NOMINAL,1º TURNO DO PROJETO DE RESOLUÇÃO Nº 18/2023,15257,SIM,2023-08-29,
84450,7270,NOMINAL,1º TURNO DO PROJETO DE RESOLUÇÃO Nº 18/2023,15257,SIM,2023-08-29,
84451,7270,NOMINAL,1º TURNO DO PROJETO DE RESOLUÇÃO Nº 18/2023,15257,SIM,2023-08-29,
84452,7270,NOMINAL,1º TURNO DO PROJETO DE RESOLUÇÃO Nº 18/2023,15257,SIM,2023-08-29,
84453,7270,NOMINAL,1º TURNO DO PROJETO DE RESOLUÇÃO Nº 18/2023,15257,SIM,2023-08-29,
84454,7270,NOMINAL,1º TURNO DO PROJETO DE RESOLUÇÃO Nº 18/2023,15257,SIM,2023-08-29,
84455,7270,NOMINAL,1º TURNO DO PROJETO DE RESOLUÇÃO Nº 18/2023,15257,NAO,2023-08-29,
84456,7270,NOMINAL,1º TURNO DO PROJETO DE RESOLUÇÃO Nº 18/2023,15257,SIM,2023-08-29,
84457,7270,NOMINAL,1º TURNO DO PROJETO DE RESOLUÇÃO Nº 18/2023,15257,SIM,2023-08-29,
84458,7270,NOMINAL,1º TURNO DO PROJETO DE RESOLUÇÃO Nº 18/2023,15257,SIM,2023-08-29,
84459,7270,NOMINAL,1º TURNO DO PROJETO DE RESOLUÇÃO Nº 18/2023,15257,SIM,2023-08-29,
84460,7270,NOMINAL,1º TURNO DO PROJETO DE RESOLUÇÃO Nº 18/2023,15257,SIM,2023-08-29,
84461,7270,NOMINAL,1º TURNO DO PROJETO DE RESOLUÇÃO Nº 18/2023,15257,NAO,2023-08-29,
84462,7270,NOMINAL,1º TURNO DO PROJETO DE RESOLUÇÃO Nº 18/2023,15257,SIM,2023-08-29,
84463,7270,NOMINAL,1º TURNO DO PROJETO DE RESOLUÇÃO Nº 18/2023,15257,SIM,2023-08-29,
84464,7270,NOMINAL,1º TURNO DO PROJETO DE RESOLUÇÃO Nº 18/2023,15257,SIM,2023-08-29,
84465,7270,NOMINAL,1º TURNO DO PROJETO DE RESOLUÇÃO Nº 18/2023,15257,SIM,2023-08-29,
84466,7270,NOMINAL,1º TURNO DO PROJETO DE RESOLUÇÃO Nº 18/2023,15257,NAO,2023-08-29,
84467,7271,NOMINAL,2º TURNO DO PROJETO DE RESOLUÇÃO Nº 18/2023,15257,SIM,2023-08-29,
84468,7271,NOMINAL,2º TURNO DO PROJETO DE RESOLUÇÃO Nº 18/2023,15257,SIM,2023-08-29,
84469,7271,NOMINAL,2º TURNO DO PROJETO DE RESOLUÇÃO Nº 18/2023,15257,SIM,2023-08-29,
84470,7271,NOMINAL,2º TURNO DO PROJETO DE RESOLUÇÃO Nº 18/2023,15257,SIM,2023-08-29,
84471,7271,NOMINAL,2º TURNO DO PROJETO DE RESOLUÇÃO Nº 18/2023,15257,SIM,2023-08-29,
84472,7271,NOMINAL,2º TURNO DO PROJETO DE RESOLUÇÃO Nº 18/2023,15257,SIM,2023-08-29,
84473,7271,NOMINAL,2º TURNO DO PROJETO DE RESOLUÇÃO Nº 18/2023,15257,SIM,2023-08-29,
84474,7271,NOMINAL,2º TURNO DO PROJETO DE RESOLUÇÃO Nº 18/2023,15257,NAO,2023-08-29,
84475,7271,NOMINAL,2º TURNO DO PROJETO DE RESOLUÇÃO Nº 18/2023,15257,SIM,2023-08-29,
84476,7271,NOMINAL,2º TURNO DO PROJETO DE RESOLUÇÃO Nº 18/2023,15257,SIM,2023-08-29,
84477,7271,NOMINAL,2º TURNO DO PROJETO DE RESOLUÇÃO Nº 18/2023,15257,SIM,2023-08-29,
84478,7271,NOMINAL,2º TURNO DO PROJETO DE RESOLUÇÃO Nº 18/2023,15257,SIM,2023-08-29,
84479,7271,NOMINAL,2º TURNO DO PROJETO DE RESOLUÇÃO Nº 18/2023,15257,SIM,2023-08-29,
84480,7271,NOMINAL,2º TURNO DO PROJETO DE RESOLUÇÃO Nº 18/2023,15257,SIM,2023-08-29,
84481,7271,NOMINAL,2º TURNO DO PROJETO DE RESOLUÇÃO Nº 18/2023,15257,NAO,2023-08-29,
84482,7271,NOMINAL,2º TURNO DO PROJETO DE RESOLUÇÃO Nº 18/2023,15257,SIM,2023-08-29,
84483,7271,NOMINAL,2º TURNO DO PROJETO DE RESOLUÇÃO Nº 18/2023,15257,SIM,2023-08-29,
84484,7271,NOMINAL,2º TURNO DO PROJETO DE RESOLUÇÃO Nº 18/2023,15257,SIM,2023-08-29,
84485,7271,NOMINAL,2º TURNO DO PROJETO DE RESOLUÇÃO Nº 18/2023,15257,SIM,2023-08-29,
84486,7271,NOMINAL,2º TURNO DO PROJETO DE RESOLUÇÃO Nº 18/2023,15257,SIM,2023-08-29,
84487,7271,NOMINAL,2º TURNO DO PROJETO DE RESOLUÇÃO Nº 18/2023,15257,NAO,2023-08-29,
84488,7273,NOMINAL,1º TURNO PLC Nº 25/2023,14193,SIM,2023-10-10,
84489,7273,NOMINAL,1º TURNO PLC Nº 25/2023,14193,SIM,2023-10-10,
84490,7273,NOMINAL,1º TURNO PLC Nº 25/2023,14193,SIM,2023-10-10,
84491,7273,NOMINAL,1º TURNO PLC Nº 25/2023,14193,SIM,2023-10-10,
84492,7273,NOMINAL,1º TURNO PLC Nº 25/2023,14193,SIM,2023-10-10,
84493,7273,NOMINAL,1º TURNO PLC Nº 25/2023,14193,SIM,2023-10-10,
84494,7273,NOMINAL,1º TURNO PLC Nº 25/2023,14193,SIM,2023-10-10,
84495,7273,NOMINAL,1º TURNO PLC Nº 25/2023,14193,SIM,2023-10-10,
84496,7273,NOMINAL,1º TURNO PLC Nº 25/2023,14193,SIM,2023-10-10,
84497,7273,NOMINAL,1º TURNO PLC Nº 25/2023,14193,SIM,2023-10-10,
84498,7273,NOMINAL,1º TURNO PLC Nº 25/2023,14193,SIM,2023-10-10,
84499,7273,NOMINAL,1º TURNO PLC Nº 25/2023,14193,SIM,2023-10-10,
84500,7273,NOMINAL,1º TURNO PLC Nº 25/2023,14193,SIM,2023-10-10,
84501,7273,NOMINAL,1º TURNO PLC Nº 25/2023,14193,SIM,2023-10-10,
84502,7273,NOMINAL,1º TURNO PLC Nº 25/2023,14193,SIM,2023-10-10,
84503,7273,NOMINAL,1º TURNO PLC Nº 25/2023,14193,SIM,2023-10-10,
84504,7273,NOMINAL,1º TURNO PLC Nº 25/2023,14193,SIM,2023-10-10,
84505,7273,NOMINAL,1º TURNO PLC Nº 25/2023,14193,SIM,2023-10-10,
84506,7273,NOMINAL,1º TURNO PLC Nº 25/2023,14193,SIM,2023-10-10,
84507,7273,NOMINAL,1º TURNO PLC Nº 25/2023,14193,SIM,2023-10-10,
84508,7273,NOMINAL,1º TURNO PLC Nº 25/2023,14193,SIM,2023-10-10,
84509,7273,NOMINAL,1º TURNO PLC Nº 25/2023,14193,SIM,2023-10-10,
84510,7274,NOMINAL,2º TURNO PLC Nº 25/2023,14193,SIM,2023-10-10,
84511,7274,NOMINAL,2º TURNO PLC Nº 25/2023,14193,SIM,2023-10-10,
84512,7274,NOMINAL,2º TURNO PLC Nº 25/2023,14193,SIM,2023-10-10,
84513,7274,NOMINAL,2º TURNO PLC Nº 25/2023,14193,SIM,2023-10-10,
84514,7274,NOMINAL,2º TURNO PLC Nº 25/2023,14193,SIM,2023-10-10,
84515,7274,NOMINAL,2º TURNO PLC Nº 25/2023,14193,ABSTENCAO,2023-10-10,
84516,7274,NOMINAL,2º TURNO PLC Nº 25/2023,14193,SIM,2023-10-10,
84517,7274,NOMINAL,2º TURNO PLC Nº 25/2023,14193,SIM,2023-10-10,
84518,7274,NOMINAL,2º TURNO PLC Nº 25/2023,14193,SIM,2023-10-10,
84519,7274,NOMINAL,2º TURNO PLC Nº 25/2023,14193,SIM,2023-10-10,
84520,7274,NOMINAL,2º TURNO PLC Nº 25/2023,14193,SIM,2023-10-10,
84521,7274,NOMINAL,2º TURNO PLC Nº 25/2023,14193,SIM,2023-10-10,
84522,7274,NOMINAL,2º TURNO PLC Nº 25/2023,14193,SIM,2023-10-10,
84523,7274,NOMINAL,2º TURNO PLC Nº 25/2023,14193,SIM,2023-10-10,
84524,7274,NOMINAL,2º TURNO PLC Nº 25/2023,14193,SIM,2023-10-10,
84525,7274,NOMINAL,2º TURNO PLC Nº 25/2023,14193,SIM,2023-10-10,
84526,7274,NOMINAL,2º TURNO PLC Nº 25/2023,14193,SIM,2023-10-10,
84527,7274,NOMINAL,2º TURNO PLC Nº 25/2023,14193,SIM,2023-10-10,
84528,7274,NOMINAL,2º TURNO PLC Nº 25/2023,14193,SIM,2023-10-10,
84529,7274,NOMINAL,2º TURNO PLC Nº 25/2023,14193,SIM,2023-10-10,
84530,7274,NOMINAL,2º TURNO PLC Nº 25/2023,14193,SIM,2023-10-10,
84531,7274,NOMINAL,2º TURNO PLC Nº 25/2023,14193,SIM,2023-10-10,
84532,7274,NOMINAL,2º TURNO PLC Nº 25/2023,14193,SIM,2023-10-10,
84533,7278,NOMINAL,TURNO ÚNICO PDL Nº 41/2023,15220,SIM,2023-08-29,
84534,7278,NOMINAL,TURNO ÚNICO PDL Nº 41/2023,15220,SIM,2023-08-29,
84535,7278,NOMINAL,TURNO ÚNICO PDL Nº 41/2023,15220,NAO,2023-08-29,
84536,7278,NOMINAL,TURNO ÚNICO PDL Nº 41/2023,15220,NAO,2023-08-29,
84537,7278,NOMINAL,TURNO ÚNICO PDL Nº 41/2023,15220,SIM,2023-08-29,
84538,7278,NOMINAL,TURNO ÚNICO PDL Nº 41/2023,15220,SIM,2023-08-29,
84539,7278,NOMINAL,TURNO ÚNICO PDL Nº 41/2023,15220,NAO,2023-08-29,
84540,7278,NOMINAL,TURNO ÚNICO PDL Nº 41/2023,15220,NAO,2023-08-29,
84541,7278,NOMINAL,TURNO ÚNICO PDL Nº 41/2023,15220,NAO,2023-08-29,
84542,7278,NOMINAL,TURNO ÚNICO PDL Nº 41/2023,15220,SIM,2023-08-29,
84543,7278,NOMINAL,TURNO ÚNICO PDL Nº 41/2023,15220,NAO,2023-08-29,
84544,7278,NOMINAL,TURNO ÚNICO PDL Nº 41/2023,15220,SIM,2023-08-29,
84545,7278,NOMINAL,TURNO ÚNICO PDL Nº 41/2023,15220,NAO,2023-08-29,
84546,7278,NOMINAL,TURNO ÚNICO PDL Nº 41/2023,15220,SIM,2023-08-29,
84547,7278,NOMINAL,TURNO ÚNICO PDL Nº 41/2023,15220,NAO,2023-08-29,
84548,7278,NOMINAL,TURNO ÚNICO PDL Nº 41/2023,15220,SIM,2023-08-29,
84549,7278,NOMINAL,TURNO ÚNICO PDL Nº 41/2023,15220,NAO,2023-08-29,
84550,7278,NOMINAL,TURNO ÚNICO PDL Nº 41/2023,15220,NAO,2023-08-29,
84551,7278,NOMINAL,TURNO ÚNICO PDL Nº 41/2023,15220,NAO,2023-08-29,
84552,7305,NOMINAL,TURNO ÚNICO PROJETO DE DECRETO LEGISLATIVO Nº 34/2023,14109,SIM,2023-08-29,
84553,7305,NOMINAL,TURNO ÚNICO PROJETO DE DECRETO LEGISLATIVO Nº 34/2023,14109,SIM,2023-08-29,
84554,7305,NOMINAL,TURNO ÚNICO PROJETO DE DECRETO LEGISLATIVO Nº 34/2023,14109,SIM,2023-08-29,
84555,7305,NOMINAL,TURNO ÚNICO PROJETO DE DECRETO LEGISLATIVO Nº 34/2023,14109,SIM,2023-08-29,
84556,7305,NOMINAL,TURNO ÚNICO PROJETO DE DECRETO LEGISLATIVO Nº 34/2023,14109,SIM,2023-08-29,
84557,7305,NOMINAL,TURNO ÚNICO PROJETO DE DECRETO LEGISLATIVO Nº 34/2023,14109,SIM,2023-08-29,
84558,7305,NOMINAL,TURNO ÚNICO PROJETO DE DECRETO LEGISLATIVO Nº 34/2023,14109,SIM,2023-08-29,
84559,7305,NOMINAL,TURNO ÚNICO PROJETO DE DECRETO LEGISLATIVO Nº 34/2023,14109,NAO,2023-08-29,
84560,7305,NOMINAL,TURNO ÚNICO PROJETO DE DECRETO LEGISLATIVO Nº 34/2023,14109,SIM,2023-08-29,
84561,7305,NOMINAL,TURNO ÚNICO PROJETO DE DECRETO LEGISLATIVO Nº 34/2023,14109,SIM,2023-08-29,
84562,7305,NOMINAL,TURNO ÚNICO PROJETO DE DECRETO LEGISLATIVO Nº 34/2023,14109,SIM,2023-08-29,
84563,7305,NOMINAL,TURNO ÚNICO PROJETO DE DECRETO LEGISLATIVO Nº 34/2023,14109,SIM,2023-08-29,
84564,7305,NOMINAL,TURNO ÚNICO PROJETO DE DECRETO LEGISLATIVO Nº 34/2023,14109,SIM,2023-08-29,
84565,7305,NOMINAL,TURNO ÚNICO PROJETO DE DECRETO LEGISLATIVO Nº 34/2023,14109,NAO,2023-08-29,
84566,7305,NOMINAL,TURNO ÚNICO PROJETO DE DECRETO LEGISLATIVO Nº 34/2023,14109,SIM,2023-08-29,
84567,7305,NOMINAL,TURNO ÚNICO PROJETO DE DECRETO LEGISLATIVO Nº 34/2023,14109,SIM,2023-08-29,
84568,7305,NOMINAL,TURNO ÚNICO PROJETO DE DECRETO LEGISLATIVO Nº 34/2023,14109,SIM,2023-08-29,
84569,7305,NOMINAL,TURNO ÚNICO PROJETO DE DECRETO LEGISLATIVO Nº 34/2023,14109,SIM,2023-08-29,
84570,7305,NOMINAL,TURNO ÚNICO PROJETO DE DECRETO LEGISLATIVO Nº 34/2023,14109,NAO,2023-08-29,
84571,7305,NOMINAL,TURNO ÚNICO PROJETO DE DECRETO LEGISLATIVO Nº 34/2023,14109,NAO,2023-08-29,
84572,7385,NOMINAL,PROJETO DE DECRETO LEGISLATIVO Nº 27/2023,13644,SIM,2023-09-26,
84573,7385,NOMINAL,PROJETO DE DECRETO LEGISLATIVO Nº 27/2023,13644,SIM,2023-09-26,
84574,7385,NOMINAL,PROJETO DE DECRETO LEGISLATIVO Nº 27/2023,13644,SIM,2023-09-26,
84575,7385,NOMINAL,PROJETO DE DECRETO LEGISLATIVO Nº 27/2023,13644,SIM,2023-09-26,
84576,7385,NOMINAL,PROJETO DE DECRETO LEGISLATIVO Nº 27/2023,13644,SIM,2023-09-26,
84577,7385,NOMINAL,PROJETO DE DECRETO LEGISLATIVO Nº 27/2023,13644,SIM,2023-09-26,
84578,7385,NOMINAL,PROJETO DE DECRETO LEGISLATIVO Nº 27/2023,13644,SIM,2023-09-26,
84579,7385,NOMINAL,PROJETO DE DECRETO LEGISLATIVO Nº 27/2023,13644,NAO,2023-09-26,
84580,7385,NOMINAL,PROJETO DE DECRETO LEGISLATIVO Nº 27/2023,13644,SIM,2023-09-26,
84581,7385,NOMINAL,PROJETO DE DECRETO LEGISLATIVO Nº 27/2023,13644,NAO,2023-09-26,
84582,7385,NOMINAL,PROJETO DE DECRETO LEGISLATIVO Nº 27/2023,13644,SIM,2023-09-26,
84583,7385,NOMINAL,PROJETO DE DECRETO LEGISLATIVO Nº 27/2023,13644,SIM,2023-09-26,
84584,7385,NOMINAL,PROJETO DE DECRETO LEGISLATIVO Nº 27/2023,13644,SIM,2023-09-26,
84585,7385,NOMINAL,PROJETO DE DECRETO LEGISLATIVO Nº 27/2023,13644,NAO,2023-09-26,
84586,7385,NOMINAL,PROJETO DE DECRETO LEGISLATIVO Nº 27/2023,13644,NAO,2023-09-26,
84587,7385,NOMINAL,PROJETO DE DECRETO LEGISLATIVO Nº 27/2023,13644,NAO,2023-09-26,
84588,7385,NOMINAL,PROJETO DE DECRETO LEGISLATIVO Nº 27/2023,13644,SIM,2023-09-26,
84589,7385,NOMINAL,PROJETO DE DECRETO LEGISLATIVO Nº 27/2023,13644,SIM,2023-09-26,
84590,7385,NOMINAL,PROJETO DE DECRETO LEGISLATIVO Nº 27/2023,13644,NAO,2023-09-26,
84591,7385,NOMINAL,PROJETO DE DECRETO LEGISLATIVO Nº 27/2023,13644,SIM,2023-09-26,
84592,7387,NOMINAL,PARECER CCJ AO PDL Nº 27/2023,13644,SIM,2023-09-26,
84593,7387,NOMINAL,PARECER CCJ AO PDL Nº 27/2023,13644,SIM,2023-09-26,
84594,7387,NOMINAL,PARECER CCJ AO PDL Nº 27/2023,13644,SIM,2023-09-26,
84595,7387,NOMINAL,PARECER CCJ AO PDL Nº 27/2023,13644,SIM,2023-09-26,
84596,7387,NOMINAL,PARECER CCJ AO PDL Nº 27/2023,13644,SIM,2023-09-26,
84597,7387,NOMINAL,PARECER CCJ AO PDL Nº 27/2023,13644,SIM,2023-09-26,
84598,7387,NOMINAL,PARECER CCJ AO PDL Nº 27/2023,13644,NAO,2023-09-26,
84599,7387,NOMINAL,PARECER CCJ AO PDL Nº 27/2023,13644,SIM,2023-09-26,
84600,7387,NOMINAL,PARECER CCJ AO PDL Nº 27/2023,13644,NAO,2023-09-26,
84601,7387,NOMINAL,PARECER CCJ AO PDL Nº 27/2023,13644,SIM,2023-09-26,
84602,7387,NOMINAL,PARECER CCJ AO PDL Nº 27/2023,13644,SIM,2023-09-26,
84603,7387,NOMINAL,PARECER CCJ AO PDL Nº 27/2023,13644,NAO,2023-09-26,
84604,7387,NOMINAL,PARECER CCJ AO PDL Nº 27/2023,13644,NAO,2023-09-26,
84605,7387,NOMINAL,PARECER CCJ AO PDL Nº 27/2023,13644,SIM,2023-09-26,
84606,7387,NOMINAL,PARECER CCJ AO PDL Nº 27/2023,13644,SIM,2023-09-26,
84607,7387,NOMINAL,PARECER CCJ AO PDL Nº 27/2023,13644,NAO,2023-09-26,
84608,7387,NOMINAL,PARECER CCJ AO PDL Nº 27/2023,13644,SIM,2023-09-26,
84609,7388,NOMINAL,PROJETO DE DECRETO LEGISLATIVO Nº 37/2023,14240,SIM,2023-09-26,
84610,7388,NOMINAL,PROJETO DE DECRETO LEGISLATIVO Nº 37/2023,14240,SIM,2023-09-26,
84611,7388,NOMINAL,PROJETO DE DECRETO LEGISLATIVO Nº 37/2023,14240,SIM,2023-09-26,
84612,7388,NOMINAL,PROJETO DE DECRETO LEGISLATIVO Nº 37/2023,14240,SIM,2023-09-26,
84613,7388,NOMINAL,PROJETO DE DECRETO LEGISLATIVO Nº 37/2023,14240,SIM,2023-09-26,
84614,7388,NOMINAL,PROJETO DE DECRETO LEGISLATIVO Nº 37/2023,14240,SIM,2023-09-26,
84615,7388,NOMINAL,PROJETO DE DECRETO LEGISLATIVO Nº 37/2023,14240,SIM,2023-09-26,
84616,7388,NOMINAL,PROJETO DE DECRETO LEGISLATIVO Nº 37/2023,14240,SIM,2023-09-26,
84617,7388,NOMINAL,PROJETO DE DECRETO LEGISLATIVO Nº 37/2023,14240,SIM,2023-09-26,
84618,7388,NOMINAL,PROJETO DE DECRETO LEGISLATIVO Nº 37/2023,14240,SIM,2023-09-26,
84619,7388,NOMINAL,PROJETO DE DECRETO LEGISLATIVO Nº 37/2023,14240,SIM,2023-09-26,
84620,7388,NOMINAL,PROJETO DE DECRETO LEGISLATIVO Nº 37/2023,14240,SIM,2023-09-26,
84621,7388,NOMINAL,PROJETO DE DECRETO LEGISLATIVO Nº 37/2023,14240,SIM,2023-09-26,
84622,7388,NOMINAL,PROJETO DE DECRETO LEGISLATIVO Nº 37/2023,14240,SIM,2023-09-26,
84623,7388,NOMINAL,PROJETO DE DECRETO LEGISLATIVO Nº 37/2023,14240,SIM,2023-09-26,
84624,7395,NOMINAL,TURNO ÚNICO PDL Nº 30/2023,14075,SIM,2023-09-26,
84625,7395,NOMINAL,TURNO ÚNICO PDL Nº 30/2023,14075,NAO,2023-09-26,
84626,7395,NOMINAL,TURNO ÚNICO PDL Nº 30/2023,14075,SIM,2023-09-26,
84627,7395,NOMINAL,TURNO ÚNICO PDL Nº 30/2023,14075,NAO,2023-09-26,
84628,7395,NOMINAL,TURNO ÚNICO PDL Nº 30/2023,14075,SIM,2023-09-26,
84629,7395,NOMINAL,TURNO ÚNICO PDL Nº 30/2023,14075,SIM,2023-09-26,
84630,7395,NOMINAL,TURNO ÚNICO PDL Nº 30/2023,14075,SIM,2023-09-26,
84631,7395,NOMINAL,TURNO ÚNICO PDL Nº 30/2023,14075,SIM,2023-09-26,
84632,7395,NOMINAL,TURNO ÚNICO PDL Nº 30/2023,14075,SIM,2023-09-26,
84633,7395,NOMINAL,TURNO ÚNICO PDL Nº 30/2023,14075,SIM,2023-09-26,
84634,7395,NOMINAL,TURNO ÚNICO PDL Nº 30/2023,14075,NAO,2023-09-26,
84635,7395,NOMINAL,TURNO ÚNICO PDL Nº 30/2023,14075,SIM,2023-09-26,
84636,7395,NOMINAL,TURNO ÚNICO PDL Nº 30/2023,14075,SIM,2023-09-26,
84637,7395,NOMINAL,TURNO ÚNICO PDL Nº 30/2023,14075,NAO,2023-09-26,
84638,7395,NOMINAL,TURNO ÚNICO PDL Nº 30/2023,14075,NAO,2023-09-26,
84639,7395,NOMINAL,TURNO ÚNICO PDL Nº 30/2023,14075,SIM,2023-09-26,
84640,7395,NOMINAL,TURNO ÚNICO PDL Nº 30/2023,14075,SIM,2023-09-26,
84641,7395,NOMINAL,TURNO ÚNICO PDL Nº 30/2023,14075,SIM,2023-09-26,
84642,7395,NOMINAL,TURNO ÚNICO PDL Nº 30/2023,14075,SIM,2023-09-26,
84643,7400,NOMINAL,1º TURNO DO PROJETO DE LEI Nº 454/2023,14199,NAO,2023-09-19,
84644,7400,NOMINAL,1º TURNO DO PROJETO DE LEI Nº 454/2023,14199,SIM,2023-09-19,
84645,7400,NOMINAL,1º TURNO DO PROJETO DE LEI Nº 454/2023,14199,NAO,2023-09-19,
84646,7400,NOMINAL,1º TURNO DO PROJETO DE LEI Nº 454/2023,14199,SIM,2023-09-19,
84647,7400,NOMINAL,1º TURNO DO PROJETO DE LEI Nº 454/2023,14199,NAO,2023-09-19,
84648,7400,NOMINAL,1º TURNO DO PROJETO DE LEI Nº 454/2023,14199,NAO,2023-09-19,
84649,7400,NOMINAL,1º TURNO DO PROJETO DE LEI Nº 454/2023,14199,SIM,2023-09-19,
84650,7400,NOMINAL,1º TURNO DO PROJETO DE LEI Nº 454/2023,14199,SIM,2023-09-19,
84651,7400,NOMINAL,1º TURNO DO PROJETO DE LEI Nº 454/2023,14199,SIM,2023-09-19,
84652,7400,NOMINAL,1º TURNO DO PROJETO DE LEI Nº 454/2023,14199,SIM,2023-09-19,
84653,7400,NOMINAL,1º TURNO DO PROJETO DE LEI Nº 454/2023,14199,SIM,2023-09-19,
84654,7400,NOMINAL,1º TURNO DO PROJETO DE LEI Nº 454/2023,14199,SIM,2023-09-19,
84655,7400,NOMINAL,1º TURNO DO PROJETO DE LEI Nº 454/2023,14199,NAO,2023-09-19,
84656,7400,NOMINAL,1º TURNO DO PROJETO DE LEI Nº 454/2023,14199,SIM,2023-09-19,
84657,7400,NOMINAL,1º TURNO DO PROJETO DE LEI Nº 454/2023,14199,NAO,2023-09-19,
84658,7400,NOMINAL,1º TURNO DO PROJETO DE LEI Nº 454/2023,14199,SIM,2023-09-19,
84659,7400,NOMINAL,1º TURNO DO PROJETO DE LEI Nº 454/2023,14199,NAO,2023-09-19,
84660,7400,NOMINAL,1º TURNO DO PROJETO DE LEI Nº 454/2023,14199,SIM,2023-09-19,
84661,7400,NOMINAL,1º TURNO DO PROJETO DE LEI Nº 454/2023,14199,SIM,2023-09-19,
84662,7400,NOMINAL,1º TURNO DO PROJETO DE LEI Nº 454/2023,14199,SIM,2023-09-19,
84663,7400,NOMINAL,1º TURNO DO PROJETO DE LEI Nº 454/2023,14199,SIM,2023-09-19,
84664,7400,NOMINAL,1º TURNO DO PROJETO DE LEI Nº 454/2023,14199,SIM,2023-09-19,
84665,7414,NOMINAL,TURNO ÚNICO MOÇÃO Nº 378/2023,,NAO,2023-09-19,
84666,7414,NOMINAL,TURNO ÚNICO MOÇÃO Nº 378/2023,,SIM,2023-09-19,
84667,7414,NOMINAL,TURNO ÚNICO MOÇÃO Nº 378/2023,,ABSTENCAO,2023-09-19,
84668,7414,NOMINAL,TURNO ÚNICO MOÇÃO Nº 378/2023,,SIM,2023-09-19,
84669,7414,NOMINAL,TURNO ÚNICO MOÇÃO Nº 378/2023,,NAO,2023-09-19,
84670,7414,NOMINAL,TURNO ÚNICO MOÇÃO Nº 378/2023,,NAO,2023-09-19,
84671,7414,NOMINAL,TURNO ÚNICO MOÇÃO Nº 378/2023,,SIM,2023-09-19,
84672,7414,NOMINAL,TURNO ÚNICO MOÇÃO Nº 378/2023,,SIM,2023-09-19,
84673,7414,NOMINAL,TURNO ÚNICO MOÇÃO Nº 378/2023,,SIM,2023-09-19,
84674,7414,NOMINAL,TURNO ÚNICO MOÇÃO Nº 378/2023,,SIM,2023-09-19,
84675,7414,NOMINAL,TURNO ÚNICO MOÇÃO Nº 378/2023,,SIM,2023-09-19,
84676,7414,NOMINAL,TURNO ÚNICO MOÇÃO Nº 378/2023,,SIM,2023-09-19,
84677,7414,NOMINAL,TURNO ÚNICO MOÇÃO Nº 378/2023,,SIM,2023-09-19,
84678,7414,NOMINAL,TURNO ÚNICO MOÇÃO Nº 378/2023,,SIM,2023-09-19,
84679,7414,NOMINAL,TURNO ÚNICO MOÇÃO Nº 378/2023,,SIM,2023-09-19,
84680,7414,NOMINAL,TURNO ÚNICO MOÇÃO Nº 378/2023,,NAO,2023-09-19,
84681,7414,NOMINAL,TURNO ÚNICO MOÇÃO Nº 378/2023,,SIM,2023-09-19,
84682,7414,NOMINAL,TURNO ÚNICO MOÇÃO Nº 378/2023,,SIM,2023-09-19,
84683,7414,NOMINAL,TURNO ÚNICO MOÇÃO Nº 378/2023,,SIM,2023-09-19,
84684,7414,NOMINAL,TURNO ÚNICO MOÇÃO Nº 378/2023,,SIM,2023-09-19,
84685,7415,NOMINAL,TURNO ÚNICO MOÇÃO Nº 383/2023,,SIM,2023-09-19,
84686,7415,NOMINAL,TURNO ÚNICO MOÇÃO Nº 383/2023,,SIM,2023-09-19,
84687,7415,NOMINAL,TURNO ÚNICO MOÇÃO Nº 383/2023,,SIM,2023-09-19,
84688,7415,NOMINAL,TURNO ÚNICO MOÇÃO Nº 383/2023,,NAO,2023-09-19,
84689,7415,NOMINAL,TURNO ÚNICO MOÇÃO Nº 383/2023,,NAO,2023-09-19,
84690,7415,NOMINAL,TURNO ÚNICO MOÇÃO Nº 383/2023,,SIM,2023-09-19,
84691,7415,NOMINAL,TURNO ÚNICO MOÇÃO Nº 383/2023,,SIM,2023-09-19,
84692,7415,NOMINAL,TURNO ÚNICO MOÇÃO Nº 383/2023,,SIM,2023-09-19,
84693,7415,NOMINAL,TURNO ÚNICO MOÇÃO Nº 383/2023,,SIM,2023-09-19,
84694,7415,NOMINAL,TURNO ÚNICO MOÇÃO Nº 383/2023,,SIM,2023-09-19,
84695,7415,NOMINAL,TURNO ÚNICO MOÇÃO Nº 383/2023,,SIM,2023-09-19,
84696,7415,NOMINAL,TURNO ÚNICO MOÇÃO Nº 383/2023,,NAO,2023-09-19,
84697,7415,NOMINAL,TURNO ÚNICO MOÇÃO Nº 383/2023,,SIM,2023-09-19,
84698,7415,NOMINAL,TURNO ÚNICO MOÇÃO Nº 383/2023,,SIM,2023-09-19,
84699,7415,NOMINAL,TURNO ÚNICO MOÇÃO Nº 383/2023,,NAO,2023-09-19,
84700,7415,NOMINAL,TURNO ÚNICO MOÇÃO Nº 383/2023,,SIM,2023-09-19,
84701,7415,NOMINAL,TURNO ÚNICO MOÇÃO Nº 383/2023,,SIM,2023-09-19,
84702,7415,NOMINAL,TURNO ÚNICO MOÇÃO Nº 383/2023,,SIM,2023-09-19,
84703,7415,NOMINAL,TURNO ÚNICO MOÇÃO Nº 383/2023,,SIM,2023-09-19,
84704,7415,NOMINAL,TURNO ÚNICO MOÇÃO Nº 383/2023,,SIM,2023-09-19,
84705,7419,NOMINAL,TURNO ÚNICO PDL Nº 21/2023,12769,NAO,2023-09-26,
84706,7419,NOMINAL,TURNO ÚNICO PDL Nº 21/2023,12769,NAO,2023-09-26,
84707,7419,NOMINAL,TURNO ÚNICO PDL Nº 21/2023,12769,SIM,2023-09-26,
84708,7419,NOMINAL,TURNO ÚNICO PDL Nº 21/2023,12769,SIM,2023-09-26,
84709,7419,NOMINAL,TURNO ÚNICO PDL Nº 21/2023,12769,NAO,2023-09-26,
84710,7419,NOMINAL,TURNO ÚNICO PDL Nº 21/2023,12769,SIM,2023-09-26,
84711,7419,NOMINAL,TURNO ÚNICO PDL Nº 21/2023,12769,SIM,2023-09-26,
84712,7419,NOMINAL,TURNO ÚNICO PDL Nº 21/2023,12769,SIM,2023-09-26,
84713,7419,NOMINAL,TURNO ÚNICO PDL Nº 21/2023,12769,SIM,2023-09-26,
84714,7419,NOMINAL,TURNO ÚNICO PDL Nº 21/2023,12769,SIM,2023-09-26,
84715,7419,NOMINAL,TURNO ÚNICO PDL Nº 21/2023,12769,NAO,2023-09-26,
84716,7419,NOMINAL,TURNO ÚNICO PDL Nº 21/2023,12769,SIM,2023-09-26,
84717,7419,NOMINAL,TURNO ÚNICO PDL Nº 21/2023,12769,SIM,2023-09-26,
84718,7419,NOMINAL,TURNO ÚNICO PDL Nº 21/2023,12769,SIM,2023-09-26,
84719,7419,NOMINAL,TURNO ÚNICO PDL Nº 21/2023,12769,NAO,2023-09-26,
84720,7419,NOMINAL,TURNO ÚNICO PDL Nº 21/2023,12769,SIM,2023-09-26,
84721,7419,NOMINAL,TURNO ÚNICO PDL Nº 21/2023,12769,SIM,2023-09-26,
84722,7419,NOMINAL,TURNO ÚNICO PDL Nº 21/2023,12769,SIM,2023-09-26,
84723,7419,NOMINAL,TURNO ÚNICO PDL Nº 21/2023,12769,SIM,2023-09-26,
84724,7440,NOMINAL,1º TURNO PLC Nº 31/2023,15766,SIM,2023-10-03,
84725,7440,NOMINAL,1º TURNO PLC Nº 31/2023,15766,SIM,2023-10-03,
84726,7440,NOMINAL,1º TURNO PLC Nº 31/2023,15766,SIM,2023-10-03,
84727,7440,NOMINAL,1º TURNO PLC Nº 31/2023,15766,SIM,2023-10-03,
84728,7440,NOMINAL,1º TURNO PLC Nº 31/2023,15766,ABSTENCAO,2023-10-03,
84729,7440,NOMINAL,1º TURNO PLC Nº 31/2023,15766,SIM,2023-10-03,
84730,7440,NOMINAL,1º TURNO PLC Nº 31/2023,15766,SIM,2023-10-03,
84731,7440,NOMINAL,1º TURNO PLC Nº 31/2023,15766,SIM,2023-10-03,
84732,7440,NOMINAL,1º TURNO PLC Nº 31/2023,15766,SIM,2023-10-03,
84733,7440,NOMINAL,1º TURNO PLC Nº 31/2023,15766,SIM,2023-10-03,
84734,7440,NOMINAL,1º TURNO PLC Nº 31/2023,15766,SIM,2023-10-03,
84735,7440,NOMINAL,1º TURNO PLC Nº 31/2023,15766,SIM,2023-10-03,
84736,7440,NOMINAL,1º TURNO PLC Nº 31/2023,15766,SIM,2023-10-03,
84737,7440,NOMINAL,1º TURNO PLC Nº 31/2023,15766,SIM,2023-10-03,
84738,7440,NOMINAL,1º TURNO PLC Nº 31/2023,15766,SIM,2023-10-03,
84739,7440,NOMINAL,1º TURNO PLC Nº 31/2023,15766,SIM,2023-10-03,
84740,7440,NOMINAL,1º TURNO PLC Nº 31/2023,15766,SIM,2023-10-03,
84741,7440,NOMINAL,1º TURNO PLC Nº 31/2023,15766,SIM,2023-10-03,
84742,7440,NOMINAL,1º TURNO PLC Nº 31/2023,15766,SIM,2023-10-03,
84743,7440,NOMINAL,1º TURNO PLC Nº 31/2023,15766,SIM,2023-10-03,
84744,7440,NOMINAL,1º TURNO PLC Nº 31/2023,15766,SIM,2023-10-03,
84745,7440,NOMINAL,1º TURNO PLC Nº 31/2023,15766,SIM,2023-10-03,
84746,7440,NOMINAL,1º TURNO PLC Nº 31/2023,15766,SIM,2023-10-03,
84747,7441,NOMINAL,2º TURNO PLC Nº 31/2023,15766,SIM,2023-10-03,
84748,7441,NOMINAL,2º TURNO PLC Nº 31/2023,15766,SIM,2023-10-03,
84749,7441,NOMINAL,2º TURNO PLC Nº 31/2023,15766,SIM,2023-10-03,
84750,7441,NOMINAL,2º TURNO PLC Nº 31/2023,15766,SIM,2023-10-03,
84751,7441,NOMINAL,2º TURNO PLC Nº 31/2023,15766,ABSTENCAO,2023-10-03,
84752,7441,NOMINAL,2º TURNO PLC Nº 31/2023,15766,SIM,2023-10-03,
84753,7441,NOMINAL,2º TURNO PLC Nº 31/2023,15766,SIM,2023-10-03,
84754,7441,NOMINAL,2º TURNO PLC Nº 31/2023,15766,SIM,2023-10-03,
84755,7441,NOMINAL,2º TURNO PLC Nº 31/2023,15766,SIM,2023-10-03,
84756,7441,NOMINAL,2º TURNO PLC Nº 31/2023,15766,SIM,2023-10-03,
84757,7441,NOMINAL,2º TURNO PLC Nº 31/2023,15766,SIM,2023-10-03,
84758,7441,NOMINAL,2º TURNO PLC Nº 31/2023,15766,SIM,2023-10-03,
84759,7441,NOMINAL,2º TURNO PLC Nº 31/2023,15766,SIM,2023-10-03,
84760,7441,NOMINAL,2º TURNO PLC Nº 31/2023,15766,SIM,2023-10-03,
84761,7441,NOMINAL,2º TURNO PLC Nº 31/2023,15766,SIM,2023-10-03,
84762,7441,NOMINAL,2º TURNO PLC Nº 31/2023,15766,SIM,2023-10-03,
84763,7441,NOMINAL,2º TURNO PLC Nº 31/2023,15766,SIM,2023-10-03,
84764,7441,NOMINAL,2º TURNO PLC Nº 31/2023,15766,SIM,2023-10-03,
84765,7441,NOMINAL,2º TURNO PLC Nº 31/2023,15766,SIM,2023-10-03,
84766,7441,NOMINAL,2º TURNO PLC Nº 31/2023,15766,SIM,2023-10-03,
84767,7441,NOMINAL,2º TURNO PLC Nº 31/2023,15766,SIM,2023-10-03,
84768,7441,NOMINAL,2º TURNO PLC Nº 31/2023,15766,SIM,2023-10-03,
84769,7441,NOMINAL,2º TURNO PLC Nº 31/2023,15766,SIM,2023-10-03,
84770,7450,NOMINAL,1º TURNO DO PROJETO DE LEI  Nº 588/2023,15767,NAO,2023-10-03,
84771,7450,NOMINAL,1º TURNO DO PROJETO DE LEI  Nº 588/2023,15767,SIM,2023-10-03,
84772,7450,NOMINAL,1º TURNO DO PROJETO DE LEI  Nº 588/2023,15767,NAO,2023-10-03,
84773,7450,NOMINAL,1º TURNO DO PROJETO DE LEI  Nº 588/2023,15767,SIM,2023-10-03,
84774,7450,NOMINAL,1º TURNO DO PROJETO DE LEI  Nº 588/2023,15767,NAO,2023-10-03,
84775,7450,NOMINAL,1º TURNO DO PROJETO DE LEI  Nº 588/2023,15767,NAO,2023-10-03,
84776,7450,NOMINAL,1º TURNO DO PROJETO DE LEI  Nº 588/2023,15767,SIM,2023-10-03,
84777,7450,NOMINAL,1º TURNO DO PROJETO DE LEI  Nº 588/2023,15767,SIM,2023-10-03,
84778,7450,NOMINAL,1º TURNO DO PROJETO DE LEI  Nº 588/2023,15767,SIM,2023-10-03,
84779,7450,NOMINAL,1º TURNO DO PROJETO DE LEI  Nº 588/2023,15767,SIM,2023-10-03,
84780,7450,NOMINAL,1º TURNO DO PROJETO DE LEI  Nº 588/2023,15767,SIM,2023-10-03,
84781,7450,NOMINAL,1º TURNO DO PROJETO DE LEI  Nº 588/2023,15767,SIM,2023-10-03,
84782,7450,NOMINAL,1º TURNO DO PROJETO DE LEI  Nº 588/2023,15767,SIM,2023-10-03,
84783,7450,NOMINAL,1º TURNO DO PROJETO DE LEI  Nº 588/2023,15767,NAO,2023-10-03,
84784,7450,NOMINAL,1º TURNO DO PROJETO DE LEI  Nº 588/2023,15767,SIM,2023-10-03,
84785,7450,NOMINAL,1º TURNO DO PROJETO DE LEI  Nº 588/2023,15767,SIM,2023-10-03,
84786,7450,NOMINAL,1º TURNO DO PROJETO DE LEI  Nº 588/2023,15767,NAO,2023-10-03,
84787,7450,NOMINAL,1º TURNO DO PROJETO DE LEI  Nº 588/2023,15767,SIM,2023-10-03,
84788,7450,NOMINAL,1º TURNO DO PROJETO DE LEI  Nº 588/2023,15767,SIM,2023-10-03,
84789,7450,NOMINAL,1º TURNO DO PROJETO DE LEI  Nº 588/2023,15767,SIM,2023-10-03,
84790,7450,NOMINAL,1º TURNO DO PROJETO DE LEI  Nº 588/2023,15767,ABSTENCAO,2023-10-03,
84791,7450,NOMINAL,1º TURNO DO PROJETO DE LEI  Nº 588/2023,15767,SIM,2023-10-03,
84792,7455,NOMINAL,BLOCO REQUERIMENTOS 10.10.2023,,SIM,2023-10-10,
84793,7455,NOMINAL,BLOCO REQUERIMENTOS 10.10.2023,,SIM,2023-10-10,
84794,7455,NOMINAL,BLOCO REQUERIMENTOS 10.10.2023,,SIM,2023-10-10,
84795,7455,NOMINAL,BLOCO REQUERIMENTOS 10.10.2023,,SIM,2023-10-10,
84796,7455,NOMINAL,BLOCO REQUERIMENTOS 10.10.2023,,SIM,2023-10-10,
84797,7455,NOMINAL,BLOCO REQUERIMENTOS 10.10.2023,,SIM,2023-10-10,
84798,7455,NOMINAL,BLOCO REQUERIMENTOS 10.10.2023,,SIM,2023-10-10,
84799,7455,NOMINAL,BLOCO REQUERIMENTOS 10.10.2023,,SIM,2023-10-10,
84800,7455,NOMINAL,BLOCO REQUERIMENTOS 10.10.2023,,SIM,2023-10-10,
84801,7455,NOMINAL,BLOCO REQUERIMENTOS 10.10.2023,,SIM,2023-10-10,
84802,7455,NOMINAL,BLOCO REQUERIMENTOS 10.10.2023,,SIM,2023-10-10,
84803,7455,NOMINAL,BLOCO REQUERIMENTOS 10.10.2023,,SIM,2023-10-10,
84804,7455,NOMINAL,BLOCO REQUERIMENTOS 10.10.2023,,SIM,2023-10-10,
84805,7455,NOMINAL,BLOCO REQUERIMENTOS 10.10.2023,,SIM,2023-10-10,
84806,7455,NOMINAL,BLOCO REQUERIMENTOS 10.10.2023,,SIM,2023-10-10,
84807,7455,NOMINAL,BLOCO REQUERIMENTOS 10.10.2023,,SIM,2023-10-10,
84808,7455,NOMINAL,BLOCO REQUERIMENTOS 10.10.2023,,SIM,2023-10-10,
84809,7457,NOMINAL,BLOCO PDL 26.09.2023,,SIM,2023-09-26,
84810,7457,NOMINAL,BLOCO PDL 26.09.2023,,SIM,2023-09-26,
84811,7457,NOMINAL,BLOCO PDL 26.09.2023,,SIM,2023-09-26,
84812,7457,NOMINAL,BLOCO PDL 26.09.2023,,SIM,2023-09-26,
84813,7457,NOMINAL,BLOCO PDL 26.09.2023,,SIM,2023-09-26,
84814,7457,NOMINAL,BLOCO PDL 26.09.2023,,SIM,2023-09-26,
84815,7457,NOMINAL,BLOCO PDL 26.09.2023,,SIM,2023-09-26,
84816,7457,NOMINAL,BLOCO PDL 26.09.2023,,SIM,2023-09-26,
84817,7457,NOMINAL,BLOCO PDL 26.09.2023,,SIM,2023-09-26,
84818,7457,NOMINAL,BLOCO PDL 26.09.2023,,SIM,2023-09-26,
84819,7457,NOMINAL,BLOCO PDL 26.09.2023,,SIM,2023-09-26,
84820,7457,NOMINAL,BLOCO PDL 26.09.2023,,SIM,2023-09-26,
84821,7457,NOMINAL,BLOCO PDL 26.09.2023,,SIM,2023-09-26,
84822,7457,NOMINAL,BLOCO PDL 26.09.2023,,SIM,2023-09-26,
84823,7457,NOMINAL,BLOCO PDL 26.09.2023,,SIM,2023-09-26,
84824,7457,NOMINAL,BLOCO PDL 26.09.2023,,SIM,2023-09-26,
84825,7457,NOMINAL,BLOCO PDL 26.09.2023,,SIM,2023-09-26,
84826,7457,NOMINAL,BLOCO PDL 26.09.2023,,SIM,2023-09-26,
84827,7460,NOMINAL,DESTAQUE EMENDA Nº 7 AO PL Nº 2872/2022,8695,SIM,2023-09-26,
84828,7460,NOMINAL,DESTAQUE EMENDA Nº 7 AO PL Nº 2872/2022,8695,SIM,2023-09-26,
84829,7460,NOMINAL,DESTAQUE EMENDA Nº 7 AO PL Nº 2872/2022,8695,SIM,2023-09-26,
84830,7460,NOMINAL,DESTAQUE EMENDA Nº 7 AO PL Nº 2872/2022,8695,SIM,2023-09-26,
84831,7460,NOMINAL,DESTAQUE EMENDA Nº 7 AO PL Nº 2872/2022,8695,SIM,2023-09-26,
84832,7460,NOMINAL,DESTAQUE EMENDA Nº 7 AO PL Nº 2872/2022,8695,SIM,2023-09-26,
84833,7460,NOMINAL,DESTAQUE EMENDA Nº 7 AO PL Nº 2872/2022,8695,SIM,2023-09-26,
84834,7460,NOMINAL,DESTAQUE EMENDA Nº 7 AO PL Nº 2872/2022,8695,SIM,2023-09-26,
84835,7460,NOMINAL,DESTAQUE EMENDA Nº 7 AO PL Nº 2872/2022,8695,SIM,2023-09-26,
84836,7460,NOMINAL,DESTAQUE EMENDA Nº 7 AO PL Nº 2872/2022,8695,SIM,2023-09-26,
84837,7460,NOMINAL,DESTAQUE EMENDA Nº 7 AO PL Nº 2872/2022,8695,SIM,2023-09-26,
84838,7460,NOMINAL,DESTAQUE EMENDA Nº 7 AO PL Nº 2872/2022,8695,SIM,2023-09-26,
84839,7460,NOMINAL,DESTAQUE EMENDA Nº 7 AO PL Nº 2872/2022,8695,SIM,2023-09-26,
84840,7460,NOMINAL,DESTAQUE EMENDA Nº 7 AO PL Nº 2872/2022,8695,SIM,2023-09-26,
84841,7460,NOMINAL,DESTAQUE EMENDA Nº 7 AO PL Nº 2872/2022,8695,SIM,2023-09-26,
84842,7460,NOMINAL,DESTAQUE EMENDA Nº 7 AO PL Nº 2872/2022,8695,ABSTENCAO,2023-09-26,
84843,7460,NOMINAL,DESTAQUE EMENDA Nº 7 AO PL Nº 2872/2022,8695,SIM,2023-09-26,
84844,7460,NOMINAL,DESTAQUE EMENDA Nº 7 AO PL Nº 2872/2022,8695,SIM,2023-09-26,
84845,7470,NOMINAL,1º TURNO DO PROJETO DE LEI  Nº 468/2023,14365,SIM,2023-10-17,
84846,7470,NOMINAL,1º TURNO DO PROJETO DE LEI  Nº 468/2023,14365,SIM,2023-10-17,
84847,7470,NOMINAL,1º TURNO DO PROJETO DE LEI  Nº 468/2023,14365,SIM,2023-10-17,
84848,7470,NOMINAL,1º TURNO DO PROJETO DE LEI  Nº 468/2023,14365,SIM,2023-10-17,
84849,7470,NOMINAL,1º TURNO DO PROJETO DE LEI  Nº 468/2023,14365,SIM,2023-10-17,
84850,7470,NOMINAL,1º TURNO DO PROJETO DE LEI  Nº 468/2023,14365,SIM,2023-10-17,
84851,7470,NOMINAL,1º TURNO DO PROJETO DE LEI  Nº 468/2023,14365,SIM,2023-10-17,
84852,7470,NOMINAL,1º TURNO DO PROJETO DE LEI  Nº 468/2023,14365,SIM,2023-10-17,
84853,7470,NOMINAL,1º TURNO DO PROJETO DE LEI  Nº 468/2023,14365,SIM,2023-10-17,
84854,7470,NOMINAL,1º TURNO DO PROJETO DE LEI  Nº 468/2023,14365,SIM,2023-10-17,
84855,7470,NOMINAL,1º TURNO DO PROJETO DE LEI  Nº 468/2023,14365,SIM,2023-10-17,
84856,7470,NOMINAL,1º TURNO DO PROJETO DE LEI  Nº 468/2023,14365,SIM,2023-10-17,
84857,7470,NOMINAL,1º TURNO DO PROJETO DE LEI  Nº 468/2023,14365,SIM,2023-10-17,
84858,7470,NOMINAL,1º TURNO DO PROJETO DE LEI  Nº 468/2023,14365,SIM,2023-10-17,
84859,7470,NOMINAL,1º TURNO DO PROJETO DE LEI  Nº 468/2023,14365,SIM,2023-10-17,
84860,7470,NOMINAL,1º TURNO DO PROJETO DE LEI  Nº 468/2023,14365,SIM,2023-10-17,
84861,7470,NOMINAL,1º TURNO DO PROJETO DE LEI  Nº 468/2023,14365,SIM,2023-10-17,
84862,7470,NOMINAL,1º TURNO DO PROJETO DE LEI  Nº 468/2023,14365,SIM,2023-10-17,
84863,7470,NOMINAL,1º TURNO DO PROJETO DE LEI  Nº 468/2023,14365,SIM,2023-10-17,
84864,7470,NOMINAL,1º TURNO DO PROJETO DE LEI  Nº 468/2023,14365,SIM,2023-10-17,
84865,7470,NOMINAL,1º TURNO DO PROJETO DE LEI  Nº 468/2023,14365,SIM,2023-10-17,
84866,7470,NOMINAL,1º TURNO DO PROJETO DE LEI  Nº 468/2023,14365,SIM,2023-10-17,
84867,7471,NOMINAL,2º TURNO DO PROJETO DE LEI  Nº 468/2023,14365,SIM,2023-10-17,
84868,7471,NOMINAL,2º TURNO DO PROJETO DE LEI  Nº 468/2023,14365,SIM,2023-10-17,
84869,7471,NOMINAL,2º TURNO DO PROJETO DE LEI  Nº 468/2023,14365,SIM,2023-10-17,
84870,7471,NOMINAL,2º TURNO DO PROJETO DE LEI  Nº 468/2023,14365,SIM,2023-10-17,
84871,7471,NOMINAL,2º TURNO DO PROJETO DE LEI  Nº 468/2023,14365,SIM,2023-10-17,
84872,7471,NOMINAL,2º TURNO DO PROJETO DE LEI  Nº 468/2023,14365,SIM,2023-10-17,
84873,7471,NOMINAL,2º TURNO DO PROJETO DE LEI  Nº 468/2023,14365,SIM,2023-10-17,
84874,7471,NOMINAL,2º TURNO DO PROJETO DE LEI  Nº 468/2023,14365,SIM,2023-10-17,
84875,7471,NOMINAL,2º TURNO DO PROJETO DE LEI  Nº 468/2023,14365,SIM,2023-10-17,
84876,7471,NOMINAL,2º TURNO DO PROJETO DE LEI  Nº 468/2023,14365,SIM,2023-10-17,
84877,7471,NOMINAL,2º TURNO DO PROJETO DE LEI  Nº 468/2023,14365,SIM,2023-10-17,
84878,7471,NOMINAL,2º TURNO DO PROJETO DE LEI  Nº 468/2023,14365,SIM,2023-10-17,
84879,7471,NOMINAL,2º TURNO DO PROJETO DE LEI  Nº 468/2023,14365,SIM,2023-10-17,
84880,7471,NOMINAL,2º TURNO DO PROJETO DE LEI  Nº 468/2023,14365,SIM,2023-10-17,
84881,7471,NOMINAL,2º TURNO DO PROJETO DE LEI  Nº 468/2023,14365,SIM,2023-10-17,
84882,7471,NOMINAL,2º TURNO DO PROJETO DE LEI  Nº 468/2023,14365,SIM,2023-10-17,
84883,7471,NOMINAL,2º TURNO DO PROJETO DE LEI  Nº 468/2023,14365,SIM,2023-10-17,
84884,7471,NOMINAL,2º TURNO DO PROJETO DE LEI  Nº 468/2023,14365,SIM,2023-10-17,
84885,7471,NOMINAL,2º TURNO DO PROJETO DE LEI  Nº 468/2023,14365,SIM,2023-10-17,
84886,7471,NOMINAL,2º TURNO DO PROJETO DE LEI  Nº 468/2023,14365,SIM,2023-10-17,
84887,7471,NOMINAL,2º TURNO DO PROJETO DE LEI  Nº 468/2023,14365,SIM,2023-10-17,
84888,7478,NOMINAL,REQUERIMENTO Nº /2023,,NAO,2023-10-03,
84889,7478,NOMINAL,REQUERIMENTO Nº /2023,,SIM,2023-10-03,
84890,7478,NOMINAL,REQUERIMENTO Nº /2023,,NAO,2023-10-03,
84891,7478,NOMINAL,REQUERIMENTO Nº /2023,,SIM,2023-10-03,
84892,7478,NOMINAL,REQUERIMENTO Nº /2023,,NAO,2023-10-03,
84893,7478,NOMINAL,REQUERIMENTO Nº /2023,,SIM,2023-10-03,
84894,7478,NOMINAL,REQUERIMENTO Nº /2023,,SIM,2023-10-03,
84895,7478,NOMINAL,REQUERIMENTO Nº /2023,,NAO,2023-10-03,
84896,7478,NOMINAL,REQUERIMENTO Nº /2023,,NAO,2023-10-03,
84897,7478,NOMINAL,REQUERIMENTO Nº /2023,,NAO,2023-10-03,
84898,7478,NOMINAL,REQUERIMENTO Nº /2023,,NAO,2023-10-03,
84899,7478,NOMINAL,REQUERIMENTO Nº /2023,,NAO,2023-10-03,
84900,7478,NOMINAL,REQUERIMENTO Nº /2023,,NAO,2023-10-03,
84901,7478,NOMINAL,REQUERIMENTO Nº /2023,,NAO,2023-10-03,
84902,7478,NOMINAL,REQUERIMENTO Nº /2023,,NAO,2023-10-03,
84903,7478,NOMINAL,REQUERIMENTO Nº /2023,,NAO,2023-10-03,
84904,7478,NOMINAL,REQUERIMENTO Nº /2023,,SIM,2023-10-03,
84905,7478,NOMINAL,REQUERIMENTO Nº /2023,,NAO,2023-10-03,
84906,7478,NOMINAL,REQUERIMENTO Nº /2023,,NAO,2023-10-03,
84907,7478,NOMINAL,REQUERIMENTO Nº /2023,,NAO,2023-10-03,
84908,7478,NOMINAL,REQUERIMENTO Nº /2023,,NAO,2023-10-03,
84909,7478,NOMINAL,REQUERIMENTO Nº /2023,,NAO,2023-10-03,
84910,7481,NOMINAL,EMENDA DESTACADA Nº 2 Nº 31/2023,,NAO,2023-10-03,
84911,7481,NOMINAL,EMENDA DESTACADA Nº 2 Nº 31/2023,,NAO,2023-10-03,
84912,7481,NOMINAL,EMENDA DESTACADA Nº 2 Nº 31/2023,,NAO,2023-10-03,
84913,7481,NOMINAL,EMENDA DESTACADA Nº 2 Nº 31/2023,,NAO,2023-10-03,
84914,7481,NOMINAL,EMENDA DESTACADA Nº 2 Nº 31/2023,,NAO,2023-10-03,
84915,7481,NOMINAL,EMENDA DESTACADA Nº 2 Nº 31/2023,,NAO,2023-10-03,
84916,7481,NOMINAL,EMENDA DESTACADA Nº 2 Nº 31/2023,,NAO,2023-10-03,
84917,7481,NOMINAL,EMENDA DESTACADA Nº 2 Nº 31/2023,,NAO,2023-10-03,
84918,7481,NOMINAL,EMENDA DESTACADA Nº 2 Nº 31/2023,,NAO,2023-10-03,
84919,7481,NOMINAL,EMENDA DESTACADA Nº 2 Nº 31/2023,,ABSTENCAO,2023-10-03,
84920,7481,NOMINAL,EMENDA DESTACADA Nº 2 Nº 31/2023,,NAO,2023-10-03,
84921,7481,NOMINAL,EMENDA DESTACADA Nº 2 Nº 31/2023,,NAO,2023-10-03,
84922,7481,NOMINAL,EMENDA DESTACADA Nº 2 Nº 31/2023,,NAO,2023-10-03,
84923,7481,NOMINAL,EMENDA DESTACADA Nº 2 Nº 31/2023,,SIM,2023-10-03,
84924,7481,NOMINAL,EMENDA DESTACADA Nº 2 Nº 31/2023,,NAO,2023-10-03,
84925,7481,NOMINAL,EMENDA DESTACADA Nº 2 Nº 31/2023,,NAO,2023-10-03,
84926,7481,NOMINAL,EMENDA DESTACADA Nº 2 Nº 31/2023,,NAO,2023-10-03,
84927,7481,NOMINAL,EMENDA DESTACADA Nº 2 Nº 31/2023,,NAO,2023-10-03,
84928,7481,NOMINAL,EMENDA DESTACADA Nº 2 Nº 31/2023,,NAO,2023-10-03,
84929,7481,NOMINAL,EMENDA DESTACADA Nº 2 Nº 31/2023,,NAO,2023-10-03,
84930,7481,NOMINAL,EMENDA DESTACADA Nº 2 Nº 31/2023,,NAO,2023-10-03,
84931,7481,NOMINAL,EMENDA DESTACADA Nº 2 Nº 31/2023,,NAO,2023-10-03,
84932,7481,NOMINAL,EMENDA DESTACADA Nº 2 Nº 31/2023,,NAO,2023-10-03,
84933,7482,NOMINAL,EMENDA DESTACADA Nº 10 Nº 31/2023,,SIM,2023-10-03,
84934,7482,NOMINAL,EMENDA DESTACADA Nº 10 Nº 31/2023,,NAO,2023-10-03,
84935,7482,NOMINAL,EMENDA DESTACADA Nº 10 Nº 31/2023,,SIM,2023-10-03,
84936,7482,NOMINAL,EMENDA DESTACADA Nº 10 Nº 31/2023,,NAO,2023-10-03,
84937,7482,NOMINAL,EMENDA DESTACADA Nº 10 Nº 31/2023,,SIM,2023-10-03,
84938,7482,NOMINAL,EMENDA DESTACADA Nº 10 Nº 31/2023,,SIM,2023-10-03,
84939,7482,NOMINAL,EMENDA DESTACADA Nº 10 Nº 31/2023,,NAO,2023-10-03,
84940,7482,NOMINAL,EMENDA DESTACADA Nº 10 Nº 31/2023,,NAO,2023-10-03,
84941,7482,NOMINAL,EMENDA DESTACADA Nº 10 Nº 31/2023,,NAO,2023-10-03,
84942,7482,NOMINAL,EMENDA DESTACADA Nº 10 Nº 31/2023,,NAO,2023-10-03,
84943,7482,NOMINAL,EMENDA DESTACADA Nº 10 Nº 31/2023,,NAO,2023-10-03,
84944,7482,NOMINAL,EMENDA DESTACADA Nº 10 Nº 31/2023,,NAO,2023-10-03,
84945,7482,NOMINAL,EMENDA DESTACADA Nº 10 Nº 31/2023,,NAO,2023-10-03,
84946,7482,NOMINAL,EMENDA DESTACADA Nº 10 Nº 31/2023,,SIM,2023-10-03,
84947,7482,NOMINAL,EMENDA DESTACADA Nº 10 Nº 31/2023,,NAO,2023-10-03,
84948,7482,NOMINAL,EMENDA DESTACADA Nº 10 Nº 31/2023,,SIM,2023-10-03,
84949,7482,NOMINAL,EMENDA DESTACADA Nº 10 Nº 31/2023,,NAO,2023-10-03,
84950,7482,NOMINAL,EMENDA DESTACADA Nº 10 Nº 31/2023,,SIM,2023-10-03,
84951,7482,NOMINAL,EMENDA DESTACADA Nº 10 Nº 31/2023,,NAO,2023-10-03,
84952,7482,NOMINAL,EMENDA DESTACADA Nº 10 Nº 31/2023,,NAO,2023-10-03,
84953,7482,NOMINAL,EMENDA DESTACADA Nº 10 Nº 31/2023,,NAO,2023-10-03,
84954,7482,NOMINAL,EMENDA DESTACADA Nº 10 Nº 31/2023,,NAO,2023-10-03,
84955,7482,NOMINAL,EMENDA DESTACADA Nº 10 Nº 31/2023,,NAO,2023-10-03,
84956,7483,NOMINAL,EMENDA DESTACADA Nº 15 Nº 31/2023,,NAO,2023-10-03,
84957,7483,NOMINAL,EMENDA DESTACADA Nº 15 Nº 31/2023,,SIM,2023-10-03,
84958,7483,NOMINAL,EMENDA DESTACADA Nº 15 Nº 31/2023,,NAO,2023-10-03,
84959,7483,NOMINAL,EMENDA DESTACADA Nº 15 Nº 31/2023,,SIM,2023-10-03,
84960,7483,NOMINAL,EMENDA DESTACADA Nº 15 Nº 31/2023,,NAO,2023-10-03,
84961,7483,NOMINAL,EMENDA DESTACADA Nº 15 Nº 31/2023,,NAO,2023-10-03,
84962,7483,NOMINAL,EMENDA DESTACADA Nº 15 Nº 31/2023,,NAO,2023-10-03,
84963,7483,NOMINAL,EMENDA DESTACADA Nº 15 Nº 31/2023,,SIM,2023-10-03,
84964,7483,NOMINAL,EMENDA DESTACADA Nº 15 Nº 31/2023,,SIM,2023-10-03,
84965,7483,NOMINAL,EMENDA DESTACADA Nº 15 Nº 31/2023,,SIM,2023-10-03,
84966,7483,NOMINAL,EMENDA DESTACADA Nº 15 Nº 31/2023,,NAO,2023-10-03,
84967,7483,NOMINAL,EMENDA DESTACADA Nº 15 Nº 31/2023,,NAO,2023-10-03,
84968,7483,NOMINAL,EMENDA DESTACADA Nº 15 Nº 31/2023,,SIM,2023-10-03,
84969,7483,NOMINAL,EMENDA DESTACADA Nº 15 Nº 31/2023,,NAO,2023-10-03,
84970,7483,NOMINAL,EMENDA DESTACADA Nº 15 Nº 31/2023,,NAO,2023-10-03,
84971,7483,NOMINAL,EMENDA DESTACADA Nº 15 Nº 31/2023,,NAO,2023-10-03,
84972,7483,NOMINAL,EMENDA DESTACADA Nº 15 Nº 31/2023,,SIM,2023-10-03,
84973,7483,NOMINAL,EMENDA DESTACADA Nº 15 Nº 31/2023,,NAO,2023-10-03,
84974,7483,NOMINAL,EMENDA DESTACADA Nº 15 Nº 31/2023,,SIM,2023-10-03,
84975,7483,NOMINAL,EMENDA DESTACADA Nº 15 Nº 31/2023,,NAO,2023-10-03,
84976,7483,NOMINAL,EMENDA DESTACADA Nº 15 Nº 31/2023,,SIM,2023-10-03,
84977,7483,NOMINAL,EMENDA DESTACADA Nº 15 Nº 31/2023,,SIM,2023-10-03,
84978,7483,NOMINAL,EMENDA DESTACADA Nº 15 Nº 31/2023,,NAO,2023-10-03,
84979,7486,NOMINAL,EMENDA DESTACADA Nº 35 AO PLC Nº 25/2023,14193,SIM,2023-10-10,
84980,7486,NOMINAL,EMENDA DESTACADA Nº 35 AO PLC Nº 25/2023,14193,SIM,2023-10-10,
84981,7486,NOMINAL,EMENDA DESTACADA Nº 35 AO PLC Nº 25/2023,14193,NAO,2023-10-10,
84982,7486,NOMINAL,EMENDA DESTACADA Nº 35 AO PLC Nº 25/2023,14193,NAO,2023-10-10,
84983,7486,NOMINAL,EMENDA DESTACADA Nº 35 AO PLC Nº 25/2023,14193,SIM,2023-10-10,
84984,7486,NOMINAL,EMENDA DESTACADA Nº 35 AO PLC Nº 25/2023,14193,SIM,2023-10-10,
84985,7486,NOMINAL,EMENDA DESTACADA Nº 35 AO PLC Nº 25/2023,14193,NAO,2023-10-10,
84986,7486,NOMINAL,EMENDA DESTACADA Nº 35 AO PLC Nº 25/2023,14193,NAO,2023-10-10,
84987,7486,NOMINAL,EMENDA DESTACADA Nº 35 AO PLC Nº 25/2023,14193,NAO,2023-10-10,
84988,7486,NOMINAL,EMENDA DESTACADA Nº 35 AO PLC Nº 25/2023,14193,NAO,2023-10-10,
84989,7486,NOMINAL,EMENDA DESTACADA Nº 35 AO PLC Nº 25/2023,14193,NAO,2023-10-10,
84990,7486,NOMINAL,EMENDA DESTACADA Nº 35 AO PLC Nº 25/2023,14193,NAO,2023-10-10,
84991,7486,NOMINAL,EMENDA DESTACADA Nº 35 AO PLC Nº 25/2023,14193,NAO,2023-10-10,
84992,7486,NOMINAL,EMENDA DESTACADA Nº 35 AO PLC Nº 25/2023,14193,SIM,2023-10-10,
84993,7486,NOMINAL,EMENDA DESTACADA Nº 35 AO PLC Nº 25/2023,14193,NAO,2023-10-10,
84994,7486,NOMINAL,EMENDA DESTACADA Nº 35 AO PLC Nº 25/2023,14193,SIM,2023-10-10,
84995,7486,NOMINAL,EMENDA DESTACADA Nº 35 AO PLC Nº 25/2023,14193,NAO,2023-10-10,
84996,7486,NOMINAL,EMENDA DESTACADA Nº 35 AO PLC Nº 25/2023,14193,SIM,2023-10-10,
84997,7486,NOMINAL,EMENDA DESTACADA Nº 35 AO PLC Nº 25/2023,14193,NAO,2023-10-10,
84998,7486,NOMINAL,EMENDA DESTACADA Nº 35 AO PLC Nº 25/2023,14193,NAO,2023-10-10,
84999,7486,NOMINAL,EMENDA DESTACADA Nº 35 AO PLC Nº 25/2023,14193,NAO,2023-10-10,
85000,7486,NOMINAL,EMENDA DESTACADA Nº 35 AO PLC Nº 25/2023,14193,NAO,2023-10-10,
85001,7486,NOMINAL,EMENDA DESTACADA Nº 35 AO PLC Nº 25/2023,14193,NAO,2023-10-10,
85002,7487,NOMINAL,"EMENDAS DESTACADAS Nº 22, 23 E 87 AO PLC Nº 25/2023",14193,SIM,2023-10-24,
85003,7487,NOMINAL,"EMENDAS DESTACADAS Nº 22, 23 E 87 AO PLC Nº 25/2023",14193,SIM,2023-10-24,
85004,7487,NOMINAL,"EMENDAS DESTACADAS Nº 22, 23 E 87 AO PLC Nº 25/2023",14193,SIM,2023-10-24,
85005,7487,NOMINAL,"EMENDAS DESTACADAS Nº 22, 23 E 87 AO PLC Nº 25/2023",14193,SIM,2023-10-24,
85006,7487,NOMINAL,"EMENDAS DESTACADAS Nº 22, 23 E 87 AO PLC Nº 25/2023",14193,SIM,2023-10-24,
85007,7487,NOMINAL,"EMENDAS DESTACADAS Nº 22, 23 E 87 AO PLC Nº 25/2023",14193,ABSTENCAO,2023-10-24,
85008,7487,NOMINAL,"EMENDAS DESTACADAS Nº 22, 23 E 87 AO PLC Nº 25/2023",14193,SIM,2023-10-24,
85009,7487,NOMINAL,"EMENDAS DESTACADAS Nº 22, 23 E 87 AO PLC Nº 25/2023",14193,SIM,2023-10-24,
85010,7487,NOMINAL,"EMENDAS DESTACADAS Nº 22, 23 E 87 AO PLC Nº 25/2023",14193,SIM,2023-10-24,
85011,7487,NOMINAL,"EMENDAS DESTACADAS Nº 22, 23 E 87 AO PLC Nº 25/2023",14193,SIM,2023-10-24,
85012,7487,NOMINAL,"EMENDAS DESTACADAS Nº 22, 23 E 87 AO PLC Nº 25/2023",14193,SIM,2023-10-24,
85013,7487,NOMINAL,"EMENDAS DESTACADAS Nº 22, 23 E 87 AO PLC Nº 25/2023",14193,SIM,2023-10-24,
85014,7487,NOMINAL,"EMENDAS DESTACADAS Nº 22, 23 E 87 AO PLC Nº 25/2023",14193,SIM,2023-10-24,
85015,7487,NOMINAL,"EMENDAS DESTACADAS Nº 22, 23 E 87 AO PLC Nº 25/2023",14193,SIM,2023-10-24,
85016,7487,NOMINAL,"EMENDAS DESTACADAS Nº 22, 23 E 87 AO PLC Nº 25/2023",14193,SIM,2023-10-24,
85017,7487,NOMINAL,"EMENDAS DESTACADAS Nº 22, 23 E 87 AO PLC Nº 25/2023",14193,SIM,2023-10-24,
85018,7487,NOMINAL,"EMENDAS DESTACADAS Nº 22, 23 E 87 AO PLC Nº 25/2023",14193,SIM,2023-10-24,
85019,7487,NOMINAL,"EMENDAS DESTACADAS Nº 22, 23 E 87 AO PLC Nº 25/2023",14193,SIM,2023-10-24,
85020,7487,NOMINAL,"EMENDAS DESTACADAS Nº 22, 23 E 87 AO PLC Nº 25/2023",14193,SIM,2023-10-24,
85021,7487,NOMINAL,"EMENDAS DESTACADAS Nº 22, 23 E 87 AO PLC Nº 25/2023",14193,SIM,2023-10-24,
85022,7488,NOMINAL,EMENDA DESTACADA Nº 68 AO PLC Nº 25/2023,14193,SIM,2023-10-10,
85023,7488,NOMINAL,EMENDA DESTACADA Nº 68 AO PLC Nº 25/2023,14193,SIM,2023-10-10,
85024,7488,NOMINAL,EMENDA DESTACADA Nº 68 AO PLC Nº 25/2023,14193,NAO,2023-10-10,
85025,7488,NOMINAL,EMENDA DESTACADA Nº 68 AO PLC Nº 25/2023,14193,NAO,2023-10-10,
85026,7488,NOMINAL,EMENDA DESTACADA Nº 68 AO PLC Nº 25/2023,14193,SIM,2023-10-10,
85027,7488,NOMINAL,EMENDA DESTACADA Nº 68 AO PLC Nº 25/2023,14193,NAO,2023-10-10,
85028,7488,NOMINAL,EMENDA DESTACADA Nº 68 AO PLC Nº 25/2023,14193,NAO,2023-10-10,
85029,7488,NOMINAL,EMENDA DESTACADA Nº 68 AO PLC Nº 25/2023,14193,NAO,2023-10-10,
85030,7488,NOMINAL,EMENDA DESTACADA Nº 68 AO PLC Nº 25/2023,14193,NAO,2023-10-10,
85031,7488,NOMINAL,EMENDA DESTACADA Nº 68 AO PLC Nº 25/2023,14193,NAO,2023-10-10,
85032,7488,NOMINAL,EMENDA DESTACADA Nº 68 AO PLC Nº 25/2023,14193,NAO,2023-10-10,
85033,7488,NOMINAL,EMENDA DESTACADA Nº 68 AO PLC Nº 25/2023,14193,SIM,2023-10-10,
85034,7488,NOMINAL,EMENDA DESTACADA Nº 68 AO PLC Nº 25/2023,14193,NAO,2023-10-10,
85035,7488,NOMINAL,EMENDA DESTACADA Nº 68 AO PLC Nº 25/2023,14193,SIM,2023-10-10,
85036,7488,NOMINAL,EMENDA DESTACADA Nº 68 AO PLC Nº 25/2023,14193,NAO,2023-10-10,
85037,7488,NOMINAL,EMENDA DESTACADA Nº 68 AO PLC Nº 25/2023,14193,SIM,2023-10-10,
85038,7488,NOMINAL,EMENDA DESTACADA Nº 68 AO PLC Nº 25/2023,14193,NAO,2023-10-10,
85039,7488,NOMINAL,EMENDA DESTACADA Nº 68 AO PLC Nº 25/2023,14193,NAO,2023-10-10,
85040,7488,NOMINAL,EMENDA DESTACADA Nº 68 AO PLC Nº 25/2023,14193,NAO,2023-10-10,
85041,7488,NOMINAL,EMENDA DESTACADA Nº 68 AO PLC Nº 25/2023,14193,NAO,2023-10-10,
85042,7488,NOMINAL,EMENDA DESTACADA Nº 68 AO PLC Nº 25/2023,14193,NAO,2023-10-10,
85043,7489,NOMINAL,EMENDA DESTACADA Nº 67 AO PLC Nº 25/2023,14193,SIM,2023-10-10,
85044,7489,NOMINAL,EMENDA DESTACADA Nº 67 AO PLC Nº 25/2023,14193,SIM,2023-10-10,
85045,7489,NOMINAL,EMENDA DESTACADA Nº 67 AO PLC Nº 25/2023,14193,NAO,2023-10-10,
85046,7489,NOMINAL,EMENDA DESTACADA Nº 67 AO PLC Nº 25/2023,14193,SIM,2023-10-10,
85047,7489,NOMINAL,EMENDA DESTACADA Nº 67 AO PLC Nº 25/2023,14193,NAO,2023-10-10,
85048,7489,NOMINAL,EMENDA DESTACADA Nº 67 AO PLC Nº 25/2023,14193,SIM,2023-10-10,
85049,7489,NOMINAL,EMENDA DESTACADA Nº 67 AO PLC Nº 25/2023,14193,NAO,2023-10-10,
85050,7489,NOMINAL,EMENDA DESTACADA Nº 67 AO PLC Nº 25/2023,14193,NAO,2023-10-10,
85051,7489,NOMINAL,EMENDA DESTACADA Nº 67 AO PLC Nº 25/2023,14193,NAO,2023-10-10,
85052,7489,NOMINAL,EMENDA DESTACADA Nº 67 AO PLC Nº 25/2023,14193,NAO,2023-10-10,
85053,7489,NOMINAL,EMENDA DESTACADA Nº 67 AO PLC Nº 25/2023,14193,NAO,2023-10-10,
85054,7489,NOMINAL,EMENDA DESTACADA Nº 67 AO PLC Nº 25/2023,14193,NAO,2023-10-10,
85055,7489,NOMINAL,EMENDA DESTACADA Nº 67 AO PLC Nº 25/2023,14193,SIM,2023-10-10,
85056,7489,NOMINAL,EMENDA DESTACADA Nº 67 AO PLC Nº 25/2023,14193,NAO,2023-10-10,
85057,7489,NOMINAL,EMENDA DESTACADA Nº 67 AO PLC Nº 25/2023,14193,NAO,2023-10-10,
85058,7489,NOMINAL,EMENDA DESTACADA Nº 67 AO PLC Nº 25/2023,14193,SIM,2023-10-10,
85059,7489,NOMINAL,EMENDA DESTACADA Nº 67 AO PLC Nº 25/2023,14193,NAO,2023-10-10,
85060,7489,NOMINAL,EMENDA DESTACADA Nº 67 AO PLC Nº 25/2023,14193,SIM,2023-10-10,
85061,7489,NOMINAL,EMENDA DESTACADA Nº 67 AO PLC Nº 25/2023,14193,NAO,2023-10-10,
85062,7489,NOMINAL,EMENDA DESTACADA Nº 67 AO PLC Nº 25/2023,14193,NAO,2023-10-10,
85063,7489,NOMINAL,EMENDA DESTACADA Nº 67 AO PLC Nº 25/2023,14193,NAO,2023-10-10,
85064,7489,NOMINAL,EMENDA DESTACADA Nº 67 AO PLC Nº 25/2023,14193,NAO,2023-10-10,
85065,7489,NOMINAL,EMENDA DESTACADA Nº 67 AO PLC Nº 25/2023,14193,NAO,2023-10-10,
85066,7502,NOMINAL,VETO PARCIAL PROJETO DE LEI Nº 3069/2022,9937,NAO,2023-10-10,
85067,7502,NOMINAL,VETO PARCIAL PROJETO DE LEI Nº 3069/2022,9937,NAO,2023-10-10,
85068,7502,NOMINAL,VETO PARCIAL PROJETO DE LEI Nº 3069/2022,9937,NAO,2023-10-10,
85069,7502,NOMINAL,VETO PARCIAL PROJETO DE LEI Nº 3069/2022,9937,NAO,2023-10-10,
85070,7502,NOMINAL,VETO PARCIAL PROJETO DE LEI Nº 3069/2022,9937,NAO,2023-10-10,
85071,7502,NOMINAL,VETO PARCIAL PROJETO DE LEI Nº 3069/2022,9937,ABSTENCAO,2023-10-10,
85072,7502,NOMINAL,VETO PARCIAL PROJETO DE LEI Nº 3069/2022,9937,NAO,2023-10-10,
85073,7502,NOMINAL,VETO PARCIAL PROJETO DE LEI Nº 3069/2022,9937,NAO,2023-10-10,
85074,7502,NOMINAL,VETO PARCIAL PROJETO DE LEI Nº 3069/2022,9937,NAO,2023-10-10,
85075,7502,NOMINAL,VETO PARCIAL PROJETO DE LEI Nº 3069/2022,9937,NAO,2023-10-10,
85076,7502,NOMINAL,VETO PARCIAL PROJETO DE LEI Nº 3069/2022,9937,NAO,2023-10-10,
85077,7502,NOMINAL,VETO PARCIAL PROJETO DE LEI Nº 3069/2022,9937,NAO,2023-10-10,
85078,7502,NOMINAL,VETO PARCIAL PROJETO DE LEI Nº 3069/2022,9937,NAO,2023-10-10,
85079,7502,NOMINAL,VETO PARCIAL PROJETO DE LEI Nº 3069/2022,9937,NAO,2023-10-10,
85080,7502,NOMINAL,VETO PARCIAL PROJETO DE LEI Nº 3069/2022,9937,NAO,2023-10-10,
85081,7502,NOMINAL,VETO PARCIAL PROJETO DE LEI Nº 3069/2022,9937,NAO,2023-10-10,
85082,7502,NOMINAL,VETO PARCIAL PROJETO DE LEI Nº 3069/2022,9937,NAO,2023-10-10,
85083,7502,NOMINAL,VETO PARCIAL PROJETO DE LEI Nº 3069/2022,9937,NAO,2023-10-10,
85084,7510,NOMINAL,EMENDA DESTACADA Nº 46 AO PLC Nº 25/2023,14193,NAO,2023-10-10,
85085,7510,NOMINAL,EMENDA DESTACADA Nº 46 AO PLC Nº 25/2023,14193,NAO,2023-10-10,
85086,7510,NOMINAL,EMENDA DESTACADA Nº 46 AO PLC Nº 25/2023,14193,NAO,2023-10-10,
85087,7510,NOMINAL,EMENDA DESTACADA Nº 46 AO PLC Nº 25/2023,14193,NAO,2023-10-10,
85088,7510,NOMINAL,EMENDA DESTACADA Nº 46 AO PLC Nº 25/2023,14193,NAO,2023-10-10,
85089,7510,NOMINAL,EMENDA DESTACADA Nº 46 AO PLC Nº 25/2023,14193,NAO,2023-10-10,
85090,7510,NOMINAL,EMENDA DESTACADA Nº 46 AO PLC Nº 25/2023,14193,NAO,2023-10-10,
85091,7510,NOMINAL,EMENDA DESTACADA Nº 46 AO PLC Nº 25/2023,14193,NAO,2023-10-10,
85092,7510,NOMINAL,EMENDA DESTACADA Nº 46 AO PLC Nº 25/2023,14193,SIM,2023-10-10,
85093,7510,NOMINAL,EMENDA DESTACADA Nº 46 AO PLC Nº 25/2023,14193,NAO,2023-10-10,
85094,7510,NOMINAL,EMENDA DESTACADA Nº 46 AO PLC Nº 25/2023,14193,NAO,2023-10-10,
85095,7510,NOMINAL,EMENDA DESTACADA Nº 46 AO PLC Nº 25/2023,14193,NAO,2023-10-10,
85096,7510,NOMINAL,EMENDA DESTACADA Nº 46 AO PLC Nº 25/2023,14193,NAO,2023-10-10,
85097,7510,NOMINAL,EMENDA DESTACADA Nº 46 AO PLC Nº 25/2023,14193,NAO,2023-10-10,
85098,7510,NOMINAL,EMENDA DESTACADA Nº 46 AO PLC Nº 25/2023,14193,NAO,2023-10-10,
85099,7510,NOMINAL,EMENDA DESTACADA Nº 46 AO PLC Nº 25/2023,14193,NAO,2023-10-10,
85100,7510,NOMINAL,EMENDA DESTACADA Nº 46 AO PLC Nº 25/2023,14193,NAO,2023-10-10,
85101,7510,NOMINAL,EMENDA DESTACADA Nº 46 AO PLC Nº 25/2023,14193,NAO,2023-10-10,
85102,7510,NOMINAL,EMENDA DESTACADA Nº 46 AO PLC Nº 25/2023,14193,NAO,2023-10-10,
85103,7510,NOMINAL,EMENDA DESTACADA Nº 46 AO PLC Nº 25/2023,14193,NAO,2023-10-10,
85104,7510,NOMINAL,EMENDA DESTACADA Nº 46 AO PLC Nº 25/2023,14193,NAO,2023-10-10,
85105,7510,NOMINAL,EMENDA DESTACADA Nº 46 AO PLC Nº 25/2023,14193,NAO,2023-10-10,
85106,7510,NOMINAL,EMENDA DESTACADA Nº 46 AO PLC Nº 25/2023,14193,NAO,2023-10-10,
85107,7512,NOMINAL,EMENDA DESTACADA Nº 88 AO PLC Nº 25/2023,14193,NAO,2023-10-10,
85108,7512,NOMINAL,EMENDA DESTACADA Nº 88 AO PLC Nº 25/2023,14193,NAO,2023-10-10,
85109,7512,NOMINAL,EMENDA DESTACADA Nº 88 AO PLC Nº 25/2023,14193,SIM,2023-10-10,
85110,7512,NOMINAL,EMENDA DESTACADA Nº 88 AO PLC Nº 25/2023,14193,SIM,2023-10-10,
85111,7512,NOMINAL,EMENDA DESTACADA Nº 88 AO PLC Nº 25/2023,14193,NAO,2023-10-10,
85112,7512,NOMINAL,EMENDA DESTACADA Nº 88 AO PLC Nº 25/2023,14193,SIM,2023-10-10,
85113,7512,NOMINAL,EMENDA DESTACADA Nº 88 AO PLC Nº 25/2023,14193,SIM,2023-10-10,
85114,7512,NOMINAL,EMENDA DESTACADA Nº 88 AO PLC Nº 25/2023,14193,SIM,2023-10-10,
85115,7512,NOMINAL,EMENDA DESTACADA Nº 88 AO PLC Nº 25/2023,14193,SIM,2023-10-10,
85116,7512,NOMINAL,EMENDA DESTACADA Nº 88 AO PLC Nº 25/2023,14193,SIM,2023-10-10,
85117,7512,NOMINAL,EMENDA DESTACADA Nº 88 AO PLC Nº 25/2023,14193,SIM,2023-10-10,
85118,7512,NOMINAL,EMENDA DESTACADA Nº 88 AO PLC Nº 25/2023,14193,NAO,2023-10-10,
85119,7512,NOMINAL,EMENDA DESTACADA Nº 88 AO PLC Nº 25/2023,14193,SIM,2023-10-10,
85120,7512,NOMINAL,EMENDA DESTACADA Nº 88 AO PLC Nº 25/2023,14193,NAO,2023-10-10,
85121,7512,NOMINAL,EMENDA DESTACADA Nº 88 AO PLC Nº 25/2023,14193,SIM,2023-10-10,
85122,7512,NOMINAL,EMENDA DESTACADA Nº 88 AO PLC Nº 25/2023,14193,NAO,2023-10-10,
85123,7512,NOMINAL,EMENDA DESTACADA Nº 88 AO PLC Nº 25/2023,14193,SIM,2023-10-10,
85124,7512,NOMINAL,EMENDA DESTACADA Nº 88 AO PLC Nº 25/2023,14193,SIM,2023-10-10,
85125,7512,NOMINAL,EMENDA DESTACADA Nº 88 AO PLC Nº 25/2023,14193,SIM,2023-10-10,
85126,7512,NOMINAL,EMENDA DESTACADA Nº 88 AO PLC Nº 25/2023,14193,SIM,2023-10-10,
85127,7512,NOMINAL,EMENDA DESTACADA Nº 88 AO PLC Nº 25/2023,14193,SIM,2023-10-10,
85128,7517,NOMINAL,VETO PARCIAL EMENDAS Nº 114 E 311 PROJETO DE LEI Nº 535/2023,15214,NAO,2023-10-10,
85129,7517,NOMINAL,VETO PARCIAL EMENDAS Nº 114 E 311 PROJETO DE LEI Nº 535/2023,15214,NAO,2023-10-10,
85130,7517,NOMINAL,VETO PARCIAL EMENDAS Nº 114 E 311 PROJETO DE LEI Nº 535/2023,15214,NAO,2023-10-10,
85131,7517,NOMINAL,VETO PARCIAL EMENDAS Nº 114 E 311 PROJETO DE LEI Nº 535/2023,15214,NAO,2023-10-10,
85132,7517,NOMINAL,VETO PARCIAL EMENDAS Nº 114 E 311 PROJETO DE LEI Nº 535/2023,15214,NAO,2023-10-10,
85133,7517,NOMINAL,VETO PARCIAL EMENDAS Nº 114 E 311 PROJETO DE LEI Nº 535/2023,15214,NAO,2023-10-10,
85134,7517,NOMINAL,VETO PARCIAL EMENDAS Nº 114 E 311 PROJETO DE LEI Nº 535/2023,15214,NAO,2023-10-10,
85135,7517,NOMINAL,VETO PARCIAL EMENDAS Nº 114 E 311 PROJETO DE LEI Nº 535/2023,15214,NAO,2023-10-10,
85136,7517,NOMINAL,VETO PARCIAL EMENDAS Nº 114 E 311 PROJETO DE LEI Nº 535/2023,15214,NAO,2023-10-10,
85137,7517,NOMINAL,VETO PARCIAL EMENDAS Nº 114 E 311 PROJETO DE LEI Nº 535/2023,15214,NAO,2023-10-10,
85138,7517,NOMINAL,VETO PARCIAL EMENDAS Nº 114 E 311 PROJETO DE LEI Nº 535/2023,15214,NAO,2023-10-10,
85139,7517,NOMINAL,VETO PARCIAL EMENDAS Nº 114 E 311 PROJETO DE LEI Nº 535/2023,15214,NAO,2023-10-10,
85140,7517,NOMINAL,VETO PARCIAL EMENDAS Nº 114 E 311 PROJETO DE LEI Nº 535/2023,15214,NAO,2023-10-10,
85141,7517,NOMINAL,VETO PARCIAL EMENDAS Nº 114 E 311 PROJETO DE LEI Nº 535/2023,15214,NAO,2023-10-10,
85142,7517,NOMINAL,VETO PARCIAL EMENDAS Nº 114 E 311 PROJETO DE LEI Nº 535/2023,15214,NAO,2023-10-10,
85143,7517,NOMINAL,VETO PARCIAL EMENDAS Nº 114 E 311 PROJETO DE LEI Nº 535/2023,15214,NAO,2023-10-10,
85144,7517,NOMINAL,VETO PARCIAL EMENDAS Nº 114 E 311 PROJETO DE LEI Nº 535/2023,15214,NAO,2023-10-10,
85145,7517,NOMINAL,VETO PARCIAL EMENDAS Nº 114 E 311 PROJETO DE LEI Nº 535/2023,15214,NAO,2023-10-10,
85146,7517,NOMINAL,VETO PARCIAL EMENDAS Nº 114 E 311 PROJETO DE LEI Nº 535/2023,15214,NAO,2023-10-10,
85147,7517,NOMINAL,VETO PARCIAL EMENDAS Nº 114 E 311 PROJETO DE LEI Nº 535/2023,15214,NAO,2023-10-10,
85148,7518,NOMINAL,1º TURNO PROJETO DE LEI COMPLEMENTAR Nº 27/2023,14439,SIM,2023-11-28,
85149,7518,NOMINAL,1º TURNO PROJETO DE LEI COMPLEMENTAR Nº 27/2023,14439,SIM,2023-11-28,
85150,7518,NOMINAL,1º TURNO PROJETO DE LEI COMPLEMENTAR Nº 27/2023,14439,SIM,2023-11-28,
85151,7518,NOMINAL,1º TURNO PROJETO DE LEI COMPLEMENTAR Nº 27/2023,14439,SIM,2023-11-28,
85152,7518,NOMINAL,1º TURNO PROJETO DE LEI COMPLEMENTAR Nº 27/2023,14439,SIM,2023-11-28,
85153,7518,NOMINAL,1º TURNO PROJETO DE LEI COMPLEMENTAR Nº 27/2023,14439,SIM,2023-11-28,
85154,7518,NOMINAL,1º TURNO PROJETO DE LEI COMPLEMENTAR Nº 27/2023,14439,SIM,2023-11-28,
85155,7518,NOMINAL,1º TURNO PROJETO DE LEI COMPLEMENTAR Nº 27/2023,14439,SIM,2023-11-28,
85156,7518,NOMINAL,1º TURNO PROJETO DE LEI COMPLEMENTAR Nº 27/2023,14439,SIM,2023-11-28,
85157,7518,NOMINAL,1º TURNO PROJETO DE LEI COMPLEMENTAR Nº 27/2023,14439,SIM,2023-11-28,
85158,7518,NOMINAL,1º TURNO PROJETO DE LEI COMPLEMENTAR Nº 27/2023,14439,SIM,2023-11-28,
85159,7518,NOMINAL,1º TURNO PROJETO DE LEI COMPLEMENTAR Nº 27/2023,14439,SIM,2023-11-28,
85160,7518,NOMINAL,1º TURNO PROJETO DE LEI COMPLEMENTAR Nº 27/2023,14439,SIM,2023-11-28,
85161,7518,NOMINAL,1º TURNO PROJETO DE LEI COMPLEMENTAR Nº 27/2023,14439,SIM,2023-11-28,
85162,7518,NOMINAL,1º TURNO PROJETO DE LEI COMPLEMENTAR Nº 27/2023,14439,SIM,2023-11-28,
85163,7518,NOMINAL,1º TURNO PROJETO DE LEI COMPLEMENTAR Nº 27/2023,14439,SIM,2023-11-28,
85164,7518,NOMINAL,1º TURNO PROJETO DE LEI COMPLEMENTAR Nº 27/2023,14439,SIM,2023-11-28,
85165,7518,NOMINAL,1º TURNO PROJETO DE LEI COMPLEMENTAR Nº 27/2023,14439,SIM,2023-11-28,
85166,7519,NOMINAL,2º TURNO PROJETO DE LEI COMPLEMENTAR Nº 27/2023,14439,SIM,2023-11-28,
85167,7519,NOMINAL,2º TURNO PROJETO DE LEI COMPLEMENTAR Nº 27/2023,14439,SIM,2023-11-28,
85168,7519,NOMINAL,2º TURNO PROJETO DE LEI COMPLEMENTAR Nº 27/2023,14439,SIM,2023-11-28,
85169,7519,NOMINAL,2º TURNO PROJETO DE LEI COMPLEMENTAR Nº 27/2023,14439,SIM,2023-11-28,
85170,7519,NOMINAL,2º TURNO PROJETO DE LEI COMPLEMENTAR Nº 27/2023,14439,SIM,2023-11-28,
85171,7519,NOMINAL,2º TURNO PROJETO DE LEI COMPLEMENTAR Nº 27/2023,14439,SIM,2023-11-28,
85172,7519,NOMINAL,2º TURNO PROJETO DE LEI COMPLEMENTAR Nº 27/2023,14439,SIM,2023-11-28,
85173,7519,NOMINAL,2º TURNO PROJETO DE LEI COMPLEMENTAR Nº 27/2023,14439,SIM,2023-11-28,
85174,7519,NOMINAL,2º TURNO PROJETO DE LEI COMPLEMENTAR Nº 27/2023,14439,SIM,2023-11-28,
85175,7519,NOMINAL,2º TURNO PROJETO DE LEI COMPLEMENTAR Nº 27/2023,14439,SIM,2023-11-28,
85176,7519,NOMINAL,2º TURNO PROJETO DE LEI COMPLEMENTAR Nº 27/2023,14439,SIM,2023-11-28,
85177,7519,NOMINAL,2º TURNO PROJETO DE LEI COMPLEMENTAR Nº 27/2023,14439,SIM,2023-11-28,
85178,7519,NOMINAL,2º TURNO PROJETO DE LEI COMPLEMENTAR Nº 27/2023,14439,SIM,2023-11-28,
85179,7519,NOMINAL,2º TURNO PROJETO DE LEI COMPLEMENTAR Nº 27/2023,14439,SIM,2023-11-28,
85180,7519,NOMINAL,2º TURNO PROJETO DE LEI COMPLEMENTAR Nº 27/2023,14439,SIM,2023-11-28,
85181,7519,NOMINAL,2º TURNO PROJETO DE LEI COMPLEMENTAR Nº 27/2023,14439,SIM,2023-11-28,
85182,7519,NOMINAL,2º TURNO PROJETO DE LEI COMPLEMENTAR Nº 27/2023,14439,SIM,2023-11-28,
85183,7519,NOMINAL,2º TURNO PROJETO DE LEI COMPLEMENTAR Nº 27/2023,14439,SIM,2023-11-28,
85184,7526,NOMINAL,EMENDA DESTACADA Nº 45 AO PLC Nº 25/2023,14193,SIM,2023-10-24,
85185,7526,NOMINAL,EMENDA DESTACADA Nº 45 AO PLC Nº 25/2023,14193,SIM,2023-10-24,
85186,7526,NOMINAL,EMENDA DESTACADA Nº 45 AO PLC Nº 25/2023,14193,SIM,2023-10-24,
85187,7526,NOMINAL,EMENDA DESTACADA Nº 45 AO PLC Nº 25/2023,14193,SIM,2023-10-24,
85188,7526,NOMINAL,EMENDA DESTACADA Nº 45 AO PLC Nº 25/2023,14193,SIM,2023-10-24,
85189,7526,NOMINAL,EMENDA DESTACADA Nº 45 AO PLC Nº 25/2023,14193,NAO,2023-10-24,
85190,7526,NOMINAL,EMENDA DESTACADA Nº 45 AO PLC Nº 25/2023,14193,SIM,2023-10-24,
85191,7526,NOMINAL,EMENDA DESTACADA Nº 45 AO PLC Nº 25/2023,14193,SIM,2023-10-24,
85192,7526,NOMINAL,EMENDA DESTACADA Nº 45 AO PLC Nº 25/2023,14193,SIM,2023-10-24,
85193,7526,NOMINAL,EMENDA DESTACADA Nº 45 AO PLC Nº 25/2023,14193,SIM,2023-10-24,
85194,7526,NOMINAL,EMENDA DESTACADA Nº 45 AO PLC Nº 25/2023,14193,SIM,2023-10-24,
85195,7526,NOMINAL,EMENDA DESTACADA Nº 45 AO PLC Nº 25/2023,14193,SIM,2023-10-24,
85196,7526,NOMINAL,EMENDA DESTACADA Nº 45 AO PLC Nº 25/2023,14193,SIM,2023-10-24,
85197,7526,NOMINAL,EMENDA DESTACADA Nº 45 AO PLC Nº 25/2023,14193,SIM,2023-10-24,
85198,7526,NOMINAL,EMENDA DESTACADA Nº 45 AO PLC Nº 25/2023,14193,SIM,2023-10-24,
85199,7526,NOMINAL,EMENDA DESTACADA Nº 45 AO PLC Nº 25/2023,14193,SIM,2023-10-24,
85200,7526,NOMINAL,EMENDA DESTACADA Nº 45 AO PLC Nº 25/2023,14193,SIM,2023-10-24,
85201,7526,NOMINAL,EMENDA DESTACADA Nº 45 AO PLC Nº 25/2023,14193,SIM,2023-10-24,
85202,7526,NOMINAL,EMENDA DESTACADA Nº 45 AO PLC Nº 25/2023,14193,SIM,2023-10-24,
85203,7526,NOMINAL,EMENDA DESTACADA Nº 45 AO PLC Nº 25/2023,14193,SIM,2023-10-24,
85204,7526,NOMINAL,EMENDA DESTACADA Nº 45 AO PLC Nº 25/2023,14193,SIM,2023-10-24,
85205,7526,NOMINAL,EMENDA DESTACADA Nº 45 AO PLC Nº 25/2023,14193,SIM,2023-10-24,
85206,7527,NOMINAL,EMENDAS DESTACADAS Nº 82 E 24 AO PLC Nº 25/2023,14193,NAO,2023-10-24,
85207,7527,NOMINAL,EMENDAS DESTACADAS Nº 82 E 24 AO PLC Nº 25/2023,14193,NAO,2023-10-24,
85208,7527,NOMINAL,EMENDAS DESTACADAS Nº 82 E 24 AO PLC Nº 25/2023,14193,NAO,2023-10-24,
85209,7527,NOMINAL,EMENDAS DESTACADAS Nº 82 E 24 AO PLC Nº 25/2023,14193,NAO,2023-10-24,
85210,7527,NOMINAL,EMENDAS DESTACADAS Nº 82 E 24 AO PLC Nº 25/2023,14193,NAO,2023-10-24,
85211,7527,NOMINAL,EMENDAS DESTACADAS Nº 82 E 24 AO PLC Nº 25/2023,14193,ABSTENCAO,2023-10-24,
85212,7527,NOMINAL,EMENDAS DESTACADAS Nº 82 E 24 AO PLC Nº 25/2023,14193,NAO,2023-10-24,
85213,7527,NOMINAL,EMENDAS DESTACADAS Nº 82 E 24 AO PLC Nº 25/2023,14193,NAO,2023-10-24,
85214,7527,NOMINAL,EMENDAS DESTACADAS Nº 82 E 24 AO PLC Nº 25/2023,14193,NAO,2023-10-24,
85215,7527,NOMINAL,EMENDAS DESTACADAS Nº 82 E 24 AO PLC Nº 25/2023,14193,NAO,2023-10-24,
85216,7527,NOMINAL,EMENDAS DESTACADAS Nº 82 E 24 AO PLC Nº 25/2023,14193,NAO,2023-10-24,
85217,7527,NOMINAL,EMENDAS DESTACADAS Nº 82 E 24 AO PLC Nº 25/2023,14193,NAO,2023-10-24,
85218,7527,NOMINAL,EMENDAS DESTACADAS Nº 82 E 24 AO PLC Nº 25/2023,14193,NAO,2023-10-24,
85219,7527,NOMINAL,EMENDAS DESTACADAS Nº 82 E 24 AO PLC Nº 25/2023,14193,NAO,2023-10-24,
85220,7527,NOMINAL,EMENDAS DESTACADAS Nº 82 E 24 AO PLC Nº 25/2023,14193,NAO,2023-10-24,
85221,7527,NOMINAL,EMENDAS DESTACADAS Nº 82 E 24 AO PLC Nº 25/2023,14193,NAO,2023-10-24,
85222,7527,NOMINAL,EMENDAS DESTACADAS Nº 82 E 24 AO PLC Nº 25/2023,14193,NAO,2023-10-24,
85223,7527,NOMINAL,EMENDAS DESTACADAS Nº 82 E 24 AO PLC Nº 25/2023,14193,NAO,2023-10-24,
85224,7527,NOMINAL,EMENDAS DESTACADAS Nº 82 E 24 AO PLC Nº 25/2023,14193,NAO,2023-10-24,
85225,7527,NOMINAL,EMENDAS DESTACADAS Nº 82 E 24 AO PLC Nº 25/2023,14193,NAO,2023-10-24,
85226,7527,NOMINAL,EMENDAS DESTACADAS Nº 82 E 24 AO PLC Nº 25/2023,14193,NAO,2023-10-24,
85227,7527,NOMINAL,EMENDAS DESTACADAS Nº 82 E 24 AO PLC Nº 25/2023,14193,NAO,2023-10-24,
85228,7528,NOMINAL,"EMENDAS DESTACADAS Nº 4, 5, 6 E 83 AO PLC Nº 25/2023",14193,NAO,2023-10-24,
85229,7528,NOMINAL,"EMENDAS DESTACADAS Nº 4, 5, 6 E 83 AO PLC Nº 25/2023",14193,NAO,2023-10-24,
85230,7528,NOMINAL,"EMENDAS DESTACADAS Nº 4, 5, 6 E 83 AO PLC Nº 25/2023",14193,NAO,2023-10-24,
85231,7528,NOMINAL,"EMENDAS DESTACADAS Nº 4, 5, 6 E 83 AO PLC Nº 25/2023",14193,NAO,2023-10-24,
85232,7528,NOMINAL,"EMENDAS DESTACADAS Nº 4, 5, 6 E 83 AO PLC Nº 25/2023",14193,NAO,2023-10-24,
85233,7528,NOMINAL,"EMENDAS DESTACADAS Nº 4, 5, 6 E 83 AO PLC Nº 25/2023",14193,SIM,2023-10-24,
85234,7528,NOMINAL,"EMENDAS DESTACADAS Nº 4, 5, 6 E 83 AO PLC Nº 25/2023",14193,NAO,2023-10-24,
85235,7528,NOMINAL,"EMENDAS DESTACADAS Nº 4, 5, 6 E 83 AO PLC Nº 25/2023",14193,NAO,2023-10-24,
85236,7528,NOMINAL,"EMENDAS DESTACADAS Nº 4, 5, 6 E 83 AO PLC Nº 25/2023",14193,NAO,2023-10-24,
85237,7528,NOMINAL,"EMENDAS DESTACADAS Nº 4, 5, 6 E 83 AO PLC Nº 25/2023",14193,NAO,2023-10-24,
85238,7528,NOMINAL,"EMENDAS DESTACADAS Nº 4, 5, 6 E 83 AO PLC Nº 25/2023",14193,NAO,2023-10-24,
85239,7528,NOMINAL,"EMENDAS DESTACADAS Nº 4, 5, 6 E 83 AO PLC Nº 25/2023",14193,NAO,2023-10-24,
85240,7528,NOMINAL,"EMENDAS DESTACADAS Nº 4, 5, 6 E 83 AO PLC Nº 25/2023",14193,NAO,2023-10-24,
85241,7528,NOMINAL,"EMENDAS DESTACADAS Nº 4, 5, 6 E 83 AO PLC Nº 25/2023",14193,NAO,2023-10-24,
85242,7528,NOMINAL,"EMENDAS DESTACADAS Nº 4, 5, 6 E 83 AO PLC Nº 25/2023",14193,NAO,2023-10-24,
85243,7528,NOMINAL,"EMENDAS DESTACADAS Nº 4, 5, 6 E 83 AO PLC Nº 25/2023",14193,NAO,2023-10-24,
85244,7528,NOMINAL,"EMENDAS DESTACADAS Nº 4, 5, 6 E 83 AO PLC Nº 25/2023",14193,NAO,2023-10-24,
85245,7528,NOMINAL,"EMENDAS DESTACADAS Nº 4, 5, 6 E 83 AO PLC Nº 25/2023",14193,NAO,2023-10-24,
85246,7528,NOMINAL,"EMENDAS DESTACADAS Nº 4, 5, 6 E 83 AO PLC Nº 25/2023",14193,NAO,2023-10-24,
85247,7528,NOMINAL,"EMENDAS DESTACADAS Nº 4, 5, 6 E 83 AO PLC Nº 25/2023",14193,NAO,2023-10-24,
85248,7528,NOMINAL,"EMENDAS DESTACADAS Nº 4, 5, 6 E 83 AO PLC Nº 25/2023",14193,NAO,2023-10-24,
85249,7528,NOMINAL,"EMENDAS DESTACADAS Nº 4, 5, 6 E 83 AO PLC Nº 25/2023",14193,NAO,2023-10-24,
85250,7571,NOMINAL,"PARECER CDESCTMAT AO PROC Nº 11, DE 2023",,SIM,2023-10-31,
85251,7571,NOMINAL,"PARECER CDESCTMAT AO PROC Nº 11, DE 2023",,SIM,2023-10-31,
85252,7571,NOMINAL,"PARECER CDESCTMAT AO PROC Nº 11, DE 2023",,SIM,2023-10-31,
85253,7571,NOMINAL,"PARECER CDESCTMAT AO PROC Nº 11, DE 2023",,SIM,2023-10-31,
85254,7571,NOMINAL,"PARECER CDESCTMAT AO PROC Nº 11, DE 2023",,SIM,2023-10-31,
85255,7571,NOMINAL,"PARECER CDESCTMAT AO PROC Nº 11, DE 2023",,SIM,2023-10-31,
85256,7571,NOMINAL,"PARECER CDESCTMAT AO PROC Nº 11, DE 2023",,SIM,2023-10-31,
85257,7571,NOMINAL,"PARECER CDESCTMAT AO PROC Nº 11, DE 2023",,SIM,2023-10-31,
85258,7571,NOMINAL,"PARECER CDESCTMAT AO PROC Nº 11, DE 2023",,SIM,2023-10-31,
85259,7571,NOMINAL,"PARECER CDESCTMAT AO PROC Nº 11, DE 2023",,SIM,2023-10-31,
85260,7571,NOMINAL,"PARECER CDESCTMAT AO PROC Nº 11, DE 2023",,SIM,2023-10-31,
85261,7571,NOMINAL,"PARECER CDESCTMAT AO PROC Nº 11, DE 2023",,SIM,2023-10-31,
85262,7571,NOMINAL,"PARECER CDESCTMAT AO PROC Nº 11, DE 2023",,SIM,2023-10-31,
85263,7571,NOMINAL,"PARECER CDESCTMAT AO PROC Nº 11, DE 2023",,SIM,2023-10-31,
85264,7571,NOMINAL,"PARECER CDESCTMAT AO PROC Nº 11, DE 2023",,SIM,2023-10-31,
85265,7571,NOMINAL,"PARECER CDESCTMAT AO PROC Nº 11, DE 2023",,SIM,2023-10-31,
85266,7571,NOMINAL,"PARECER CDESCTMAT AO PROC Nº 11, DE 2023",,SIM,2023-10-31,
85267,7571,NOMINAL,"PARECER CDESCTMAT AO PROC Nº 11, DE 2023",,SIM,2023-10-31,
85268,7571,NOMINAL,"PARECER CDESCTMAT AO PROC Nº 11, DE 2023",,SIM,2023-10-31,
85269,7571,NOMINAL,"PARECER CDESCTMAT AO PROC Nº 11, DE 2023",,SIM,2023-10-31,
85270,7572,NOMINAL,1º TURNO PROJETO DE LEI COMPLEMENTAR Nº 6/2023,10522,SIM,2023-11-07,
85271,7572,NOMINAL,1º TURNO PROJETO DE LEI COMPLEMENTAR Nº 6/2023,10522,SIM,2023-11-07,
85272,7572,NOMINAL,1º TURNO PROJETO DE LEI COMPLEMENTAR Nº 6/2023,10522,SIM,2023-11-07,
85273,7572,NOMINAL,1º TURNO PROJETO DE LEI COMPLEMENTAR Nº 6/2023,10522,SIM,2023-11-07,
85274,7572,NOMINAL,1º TURNO PROJETO DE LEI COMPLEMENTAR Nº 6/2023,10522,SIM,2023-11-07,
85275,7572,NOMINAL,1º TURNO PROJETO DE LEI COMPLEMENTAR Nº 6/2023,10522,SIM,2023-11-07,
85276,7572,NOMINAL,1º TURNO PROJETO DE LEI COMPLEMENTAR Nº 6/2023,10522,SIM,2023-11-07,
85277,7572,NOMINAL,1º TURNO PROJETO DE LEI COMPLEMENTAR Nº 6/2023,10522,SIM,2023-11-07,
85278,7572,NOMINAL,1º TURNO PROJETO DE LEI COMPLEMENTAR Nº 6/2023,10522,SIM,2023-11-07,
85279,7572,NOMINAL,1º TURNO PROJETO DE LEI COMPLEMENTAR Nº 6/2023,10522,SIM,2023-11-07,
85280,7572,NOMINAL,1º TURNO PROJETO DE LEI COMPLEMENTAR Nº 6/2023,10522,SIM,2023-11-07,
85281,7572,NOMINAL,1º TURNO PROJETO DE LEI COMPLEMENTAR Nº 6/2023,10522,SIM,2023-11-07,
85282,7572,NOMINAL,1º TURNO PROJETO DE LEI COMPLEMENTAR Nº 6/2023,10522,SIM,2023-11-07,
85283,7572,NOMINAL,1º TURNO PROJETO DE LEI COMPLEMENTAR Nº 6/2023,10522,SIM,2023-11-07,
85284,7572,NOMINAL,1º TURNO PROJETO DE LEI COMPLEMENTAR Nº 6/2023,10522,SIM,2023-11-07,
85285,7572,NOMINAL,1º TURNO PROJETO DE LEI COMPLEMENTAR Nº 6/2023,10522,SIM,2023-11-07,
85286,7573,NOMINAL,2º TURNO PROJETO DE LEI COMPLEMENTAR Nº 6/2023,10522,SIM,2023-11-07,
85287,7573,NOMINAL,2º TURNO PROJETO DE LEI COMPLEMENTAR Nº 6/2023,10522,SIM,2023-11-07,
85288,7573,NOMINAL,2º TURNO PROJETO DE LEI COMPLEMENTAR Nº 6/2023,10522,SIM,2023-11-07,
85289,7573,NOMINAL,2º TURNO PROJETO DE LEI COMPLEMENTAR Nº 6/2023,10522,SIM,2023-11-07,
85290,7573,NOMINAL,2º TURNO PROJETO DE LEI COMPLEMENTAR Nº 6/2023,10522,SIM,2023-11-07,
85291,7573,NOMINAL,2º TURNO PROJETO DE LEI COMPLEMENTAR Nº 6/2023,10522,SIM,2023-11-07,
85292,7573,NOMINAL,2º TURNO PROJETO DE LEI COMPLEMENTAR Nº 6/2023,10522,SIM,2023-11-07,
85293,7573,NOMINAL,2º TURNO PROJETO DE LEI COMPLEMENTAR Nº 6/2023,10522,SIM,2023-11-07,
85294,7573,NOMINAL,2º TURNO PROJETO DE LEI COMPLEMENTAR Nº 6/2023,10522,SIM,2023-11-07,
85295,7573,NOMINAL,2º TURNO PROJETO DE LEI COMPLEMENTAR Nº 6/2023,10522,SIM,2023-11-07,
85296,7573,NOMINAL,2º TURNO PROJETO DE LEI COMPLEMENTAR Nº 6/2023,10522,SIM,2023-11-07,
85297,7573,NOMINAL,2º TURNO PROJETO DE LEI COMPLEMENTAR Nº 6/2023,10522,SIM,2023-11-07,
85298,7573,NOMINAL,2º TURNO PROJETO DE LEI COMPLEMENTAR Nº 6/2023,10522,SIM,2023-11-07,
85299,7573,NOMINAL,2º TURNO PROJETO DE LEI COMPLEMENTAR Nº 6/2023,10522,SIM,2023-11-07,
85300,7573,NOMINAL,2º TURNO PROJETO DE LEI COMPLEMENTAR Nº 6/2023,10522,SIM,2023-11-07,
85301,7573,NOMINAL,2º TURNO PROJETO DE LEI COMPLEMENTAR Nº 6/2023,10522,SIM,2023-11-07,
85302,7639,NOMINAL,BLOCO PDL 7.11.2023,,SIM,2023-11-07,
85303,7639,NOMINAL,BLOCO PDL 7.11.2023,,SIM,2023-11-07,
85304,7639,NOMINAL,BLOCO PDL 7.11.2023,,SIM,2023-11-07,
85305,7639,NOMINAL,BLOCO PDL 7.11.2023,,SIM,2023-11-07,
85306,7639,NOMINAL,BLOCO PDL 7.11.2023,,SIM,2023-11-07,
85307,7639,NOMINAL,BLOCO PDL 7.11.2023,,SIM,2023-11-07,
85308,7639,NOMINAL,BLOCO PDL 7.11.2023,,SIM,2023-11-07,
85309,7639,NOMINAL,BLOCO PDL 7.11.2023,,SIM,2023-11-07,
85310,7639,NOMINAL,BLOCO PDL 7.11.2023,,SIM,2023-11-07,
85311,7639,NOMINAL,BLOCO PDL 7.11.2023,,SIM,2023-11-07,
85312,7639,NOMINAL,BLOCO PDL 7.11.2023,,SIM,2023-11-07,
85313,7639,NOMINAL,BLOCO PDL 7.11.2023,,SIM,2023-11-07,
85314,7639,NOMINAL,BLOCO PDL 7.11.2023,,SIM,2023-11-07,
85315,7639,NOMINAL,BLOCO PDL 7.11.2023,,SIM,2023-11-07,
85316,7639,NOMINAL,BLOCO PDL 7.11.2023,,SIM,2023-11-07,
85317,7639,NOMINAL,BLOCO PDL 7.11.2023,,SIM,2023-11-07,
85318,7640,NOMINAL,1º TURNO DO PROJETO DE LEI  Nº 452/2023,14181,SIM,2023-12-13,
85319,7640,NOMINAL,1º TURNO DO PROJETO DE LEI  Nº 452/2023,14181,SIM,2023-12-13,
85320,7640,NOMINAL,1º TURNO DO PROJETO DE LEI  Nº 452/2023,14181,SIM,2023-12-13,
85321,7640,NOMINAL,1º TURNO DO PROJETO DE LEI  Nº 452/2023,14181,SIM,2023-12-13,
85322,7640,NOMINAL,1º TURNO DO PROJETO DE LEI  Nº 452/2023,14181,SIM,2023-12-13,
85323,7640,NOMINAL,1º TURNO DO PROJETO DE LEI  Nº 452/2023,14181,SIM,2023-12-13,
85324,7640,NOMINAL,1º TURNO DO PROJETO DE LEI  Nº 452/2023,14181,SIM,2023-12-13,
85325,7640,NOMINAL,1º TURNO DO PROJETO DE LEI  Nº 452/2023,14181,SIM,2023-12-13,
85326,7640,NOMINAL,1º TURNO DO PROJETO DE LEI  Nº 452/2023,14181,SIM,2023-12-13,
85327,7640,NOMINAL,1º TURNO DO PROJETO DE LEI  Nº 452/2023,14181,SIM,2023-12-13,
85328,7640,NOMINAL,1º TURNO DO PROJETO DE LEI  Nº 452/2023,14181,SIM,2023-12-13,
85329,7640,NOMINAL,1º TURNO DO PROJETO DE LEI  Nº 452/2023,14181,SIM,2023-12-13,
85330,7640,NOMINAL,1º TURNO DO PROJETO DE LEI  Nº 452/2023,14181,SIM,2023-12-13,
85331,7640,NOMINAL,1º TURNO DO PROJETO DE LEI  Nº 452/2023,14181,SIM,2023-12-13,
85332,7640,NOMINAL,1º TURNO DO PROJETO DE LEI  Nº 452/2023,14181,SIM,2023-12-13,
85333,7640,NOMINAL,1º TURNO DO PROJETO DE LEI  Nº 452/2023,14181,SIM,2023-12-13,
85334,7640,NOMINAL,1º TURNO DO PROJETO DE LEI  Nº 452/2023,14181,SIM,2023-12-13,
85335,7640,NOMINAL,1º TURNO DO PROJETO DE LEI  Nº 452/2023,14181,SIM,2023-12-13,
85336,7640,NOMINAL,1º TURNO DO PROJETO DE LEI  Nº 452/2023,14181,SIM,2023-12-13,
85337,7640,NOMINAL,1º TURNO DO PROJETO DE LEI  Nº 452/2023,14181,SIM,2023-12-13,
85338,7805,NOMINAL,1º TURNO DO PROJETO DE LEI  Nº 769/2023,17527,SIM,2023-11-21,
85339,7805,NOMINAL,1º TURNO DO PROJETO DE LEI  Nº 769/2023,17527,SIM,2023-11-21,
85340,7805,NOMINAL,1º TURNO DO PROJETO DE LEI  Nº 769/2023,17527,SIM,2023-11-21,
85341,7805,NOMINAL,1º TURNO DO PROJETO DE LEI  Nº 769/2023,17527,SIM,2023-11-21,
85342,7805,NOMINAL,1º TURNO DO PROJETO DE LEI  Nº 769/2023,17527,SIM,2023-11-21,
85343,7805,NOMINAL,1º TURNO DO PROJETO DE LEI  Nº 769/2023,17527,SIM,2023-11-21,
85344,7805,NOMINAL,1º TURNO DO PROJETO DE LEI  Nº 769/2023,17527,SIM,2023-11-21,
85345,7805,NOMINAL,1º TURNO DO PROJETO DE LEI  Nº 769/2023,17527,SIM,2023-11-21,
85346,7805,NOMINAL,1º TURNO DO PROJETO DE LEI  Nº 769/2023,17527,SIM,2023-11-21,
85347,7805,NOMINAL,1º TURNO DO PROJETO DE LEI  Nº 769/2023,17527,SIM,2023-11-21,
85348,7805,NOMINAL,1º TURNO DO PROJETO DE LEI  Nº 769/2023,17527,SIM,2023-11-21,
85349,7805,NOMINAL,1º TURNO DO PROJETO DE LEI  Nº 769/2023,17527,SIM,2023-11-21,
85350,7805,NOMINAL,1º TURNO DO PROJETO DE LEI  Nº 769/2023,17527,SIM,2023-11-21,
85351,7805,NOMINAL,1º TURNO DO PROJETO DE LEI  Nº 769/2023,17527,SIM,2023-11-21,
85352,7805,NOMINAL,1º TURNO DO PROJETO DE LEI  Nº 769/2023,17527,SIM,2023-11-21,
85353,7805,NOMINAL,1º TURNO DO PROJETO DE LEI  Nº 769/2023,17527,SIM,2023-11-21,
85354,7805,NOMINAL,1º TURNO DO PROJETO DE LEI  Nº 769/2023,17527,SIM,2023-11-21,
85355,7805,NOMINAL,1º TURNO DO PROJETO DE LEI  Nº 769/2023,17527,SIM,2023-11-21,
85356,7836,NOMINAL,TURNO ÚNICO PDL Nº 29/2023,13906,SIM,2023-11-28,
85357,7836,NOMINAL,TURNO ÚNICO PDL Nº 29/2023,13906,SIM,2023-11-28,
85358,7836,NOMINAL,TURNO ÚNICO PDL Nº 29/2023,13906,SIM,2023-11-28,
85359,7836,NOMINAL,TURNO ÚNICO PDL Nº 29/2023,13906,SIM,2023-11-28,
85360,7836,NOMINAL,TURNO ÚNICO PDL Nº 29/2023,13906,SIM,2023-11-28,
85361,7836,NOMINAL,TURNO ÚNICO PDL Nº 29/2023,13906,SIM,2023-11-28,
85362,7836,NOMINAL,TURNO ÚNICO PDL Nº 29/2023,13906,SIM,2023-11-28,
85363,7836,NOMINAL,TURNO ÚNICO PDL Nº 29/2023,13906,SIM,2023-11-28,
85364,7836,NOMINAL,TURNO ÚNICO PDL Nº 29/2023,13906,SIM,2023-11-28,
85365,7836,NOMINAL,TURNO ÚNICO PDL Nº 29/2023,13906,SIM,2023-11-28,
85366,7836,NOMINAL,TURNO ÚNICO PDL Nº 29/2023,13906,SIM,2023-11-28,
85367,7836,NOMINAL,TURNO ÚNICO PDL Nº 29/2023,13906,SIM,2023-11-28,
85368,7836,NOMINAL,TURNO ÚNICO PDL Nº 29/2023,13906,SIM,2023-11-28,
85369,7836,NOMINAL,TURNO ÚNICO PDL Nº 29/2023,13906,SIM,2023-11-28,
85370,7849,NOMINAL,1º TURNO DO PROJETO DE RESOLUÇÃO Nº 24/2023,17674,SIM,2024-11-12,
85371,7849,NOMINAL,1º TURNO DO PROJETO DE RESOLUÇÃO Nº 24/2023,17674,SIM,2024-11-12,
85372,7849,NOMINAL,1º TURNO DO PROJETO DE RESOLUÇÃO Nº 24/2023,17674,SIM,2024-11-12,
85373,7849,NOMINAL,1º TURNO DO PROJETO DE RESOLUÇÃO Nº 24/2023,17674,SIM,2024-11-12,
85374,7849,NOMINAL,1º TURNO DO PROJETO DE RESOLUÇÃO Nº 24/2023,17674,SIM,2024-11-12,
85375,7849,NOMINAL,1º TURNO DO PROJETO DE RESOLUÇÃO Nº 24/2023,17674,SIM,2024-11-12,
85376,7849,NOMINAL,1º TURNO DO PROJETO DE RESOLUÇÃO Nº 24/2023,17674,SIM,2024-11-12,
85377,7849,NOMINAL,1º TURNO DO PROJETO DE RESOLUÇÃO Nº 24/2023,17674,SIM,2024-11-12,
85378,7849,NOMINAL,1º TURNO DO PROJETO DE RESOLUÇÃO Nº 24/2023,17674,SIM,2024-11-12,
85379,7849,NOMINAL,1º TURNO DO PROJETO DE RESOLUÇÃO Nº 24/2023,17674,SIM,2024-11-12,
85380,7849,NOMINAL,1º TURNO DO PROJETO DE RESOLUÇÃO Nº 24/2023,17674,SIM,2024-11-12,
85381,7849,NOMINAL,1º TURNO DO PROJETO DE RESOLUÇÃO Nº 24/2023,17674,SIM,2024-11-12,
85382,7849,NOMINAL,1º TURNO DO PROJETO DE RESOLUÇÃO Nº 24/2023,17674,SIM,2024-11-12,
85383,7849,NOMINAL,1º TURNO DO PROJETO DE RESOLUÇÃO Nº 24/2023,17674,SIM,2024-11-12,
85384,7849,NOMINAL,1º TURNO DO PROJETO DE RESOLUÇÃO Nº 24/2023,17674,SIM,2024-11-12,
85385,7849,NOMINAL,1º TURNO DO PROJETO DE RESOLUÇÃO Nº 24/2023,17674,SIM,2024-11-12,
85386,7849,NOMINAL,1º TURNO DO PROJETO DE RESOLUÇÃO Nº 24/2023,17674,SIM,2024-11-12,
85387,7849,NOMINAL,1º TURNO DO PROJETO DE RESOLUÇÃO Nº 24/2023,17674,SIM,2024-11-12,
85388,7849,NOMINAL,1º TURNO DO PROJETO DE RESOLUÇÃO Nº 24/2023,17674,SIM,2024-11-12,
85389,7849,NOMINAL,1º TURNO DO PROJETO DE RESOLUÇÃO Nº 24/2023,17674,SIM,2024-11-12,
85390,7849,NOMINAL,1º TURNO DO PROJETO DE RESOLUÇÃO Nº 24/2023,17674,SIM,2024-11-12,
85391,7849,NOMINAL,1º TURNO DO PROJETO DE RESOLUÇÃO Nº 24/2023,17674,SIM,2024-11-12,
85392,7851,NOMINAL,2º TURNO DO PROJETO DE RESOLUÇÃO Nº 24/2023,17674,SIM,2024-11-12,
85393,7851,NOMINAL,2º TURNO DO PROJETO DE RESOLUÇÃO Nº 24/2023,17674,SIM,2024-11-12,
85394,7851,NOMINAL,2º TURNO DO PROJETO DE RESOLUÇÃO Nº 24/2023,17674,SIM,2024-11-12,
85395,7851,NOMINAL,2º TURNO DO PROJETO DE RESOLUÇÃO Nº 24/2023,17674,SIM,2024-11-12,
85396,7851,NOMINAL,2º TURNO DO PROJETO DE RESOLUÇÃO Nº 24/2023,17674,SIM,2024-11-12,
85397,7851,NOMINAL,2º TURNO DO PROJETO DE RESOLUÇÃO Nº 24/2023,17674,SIM,2024-11-12,
85398,7851,NOMINAL,2º TURNO DO PROJETO DE RESOLUÇÃO Nº 24/2023,17674,SIM,2024-11-12,
85399,7851,NOMINAL,2º TURNO DO PROJETO DE RESOLUÇÃO Nº 24/2023,17674,SIM,2024-11-12,
85400,7851,NOMINAL,2º TURNO DO PROJETO DE RESOLUÇÃO Nº 24/2023,17674,SIM,2024-11-12,
85401,7851,NOMINAL,2º TURNO DO PROJETO DE RESOLUÇÃO Nº 24/2023,17674,SIM,2024-11-12,
85402,7851,NOMINAL,2º TURNO DO PROJETO DE RESOLUÇÃO Nº 24/2023,17674,SIM,2024-11-12,
85403,7851,NOMINAL,2º TURNO DO PROJETO DE RESOLUÇÃO Nº 24/2023,17674,SIM,2024-11-12,
85404,7851,NOMINAL,2º TURNO DO PROJETO DE RESOLUÇÃO Nº 24/2023,17674,SIM,2024-11-12,
85405,7851,NOMINAL,2º TURNO DO PROJETO DE RESOLUÇÃO Nº 24/2023,17674,SIM,2024-11-12,
85406,7851,NOMINAL,2º TURNO DO PROJETO DE RESOLUÇÃO Nº 24/2023,17674,SIM,2024-11-12,
85407,7851,NOMINAL,2º TURNO DO PROJETO DE RESOLUÇÃO Nº 24/2023,17674,SIM,2024-11-12,
85408,7851,NOMINAL,2º TURNO DO PROJETO DE RESOLUÇÃO Nº 24/2023,17674,SIM,2024-11-12,
85409,7851,NOMINAL,2º TURNO DO PROJETO DE RESOLUÇÃO Nº 24/2023,17674,SIM,2024-11-12,
85410,7851,NOMINAL,2º TURNO DO PROJETO DE RESOLUÇÃO Nº 24/2023,17674,SIM,2024-11-12,
85411,7851,NOMINAL,2º TURNO DO PROJETO DE RESOLUÇÃO Nº 24/2023,17674,SIM,2024-11-12,
85412,7852,NOMINAL,BLOCO PDL 28.11.2023,,SIM,2023-11-28,
85413,7852,NOMINAL,BLOCO PDL 28.11.2023,,SIM,2023-11-28,
85414,7852,NOMINAL,BLOCO PDL 28.11.2023,,SIM,2023-11-28,
85415,7852,NOMINAL,BLOCO PDL 28.11.2023,,SIM,2023-11-28,
85416,7852,NOMINAL,BLOCO PDL 28.11.2023,,SIM,2023-11-28,
85417,7852,NOMINAL,BLOCO PDL 28.11.2023,,SIM,2023-11-28,
85418,7852,NOMINAL,BLOCO PDL 28.11.2023,,SIM,2023-11-28,
85419,7852,NOMINAL,BLOCO PDL 28.11.2023,,SIM,2023-11-28,
85420,7852,NOMINAL,BLOCO PDL 28.11.2023,,SIM,2023-11-28,
85421,7852,NOMINAL,BLOCO PDL 28.11.2023,,SIM,2023-11-28,
85422,7852,NOMINAL,BLOCO PDL 28.11.2023,,SIM,2023-11-28,
85423,7852,NOMINAL,BLOCO PDL 28.11.2023,,SIM,2023-11-28,
85424,7852,NOMINAL,BLOCO PDL 28.11.2023,,SIM,2023-11-28,
85425,7852,NOMINAL,BLOCO PDL 28.11.2023,,SIM,2023-11-28,
85426,7895,NOMINAL,1º TURNO DO PROJETO DE LEI  Nº 724/2023,17238,SIM,2023-12-13,
85427,7895,NOMINAL,1º TURNO DO PROJETO DE LEI  Nº 724/2023,17238,SIM,2023-12-13,
85428,7895,NOMINAL,1º TURNO DO PROJETO DE LEI  Nº 724/2023,17238,SIM,2023-12-13,
85429,7895,NOMINAL,1º TURNO DO PROJETO DE LEI  Nº 724/2023,17238,SIM,2023-12-13,
85430,7895,NOMINAL,1º TURNO DO PROJETO DE LEI  Nº 724/2023,17238,SIM,2023-12-13,
85431,7895,NOMINAL,1º TURNO DO PROJETO DE LEI  Nº 724/2023,17238,SIM,2023-12-13,
85432,7895,NOMINAL,1º TURNO DO PROJETO DE LEI  Nº 724/2023,17238,SIM,2023-12-13,
85433,7895,NOMINAL,1º TURNO DO PROJETO DE LEI  Nº 724/2023,17238,SIM,2023-12-13,
85434,7895,NOMINAL,1º TURNO DO PROJETO DE LEI  Nº 724/2023,17238,SIM,2023-12-13,
85435,7895,NOMINAL,1º TURNO DO PROJETO DE LEI  Nº 724/2023,17238,SIM,2023-12-13,
85436,7895,NOMINAL,1º TURNO DO PROJETO DE LEI  Nº 724/2023,17238,SIM,2023-12-13,
85437,7895,NOMINAL,1º TURNO DO PROJETO DE LEI  Nº 724/2023,17238,SIM,2023-12-13,
85438,7895,NOMINAL,1º TURNO DO PROJETO DE LEI  Nº 724/2023,17238,SIM,2023-12-13,
85439,7895,NOMINAL,1º TURNO DO PROJETO DE LEI  Nº 724/2023,17238,SIM,2023-12-13,
85440,7895,NOMINAL,1º TURNO DO PROJETO DE LEI  Nº 724/2023,17238,SIM,2023-12-13,
85441,7895,NOMINAL,1º TURNO DO PROJETO DE LEI  Nº 724/2023,17238,SIM,2023-12-13,
85442,7895,NOMINAL,1º TURNO DO PROJETO DE LEI  Nº 724/2023,17238,SIM,2023-12-13,
85443,7895,NOMINAL,1º TURNO DO PROJETO DE LEI  Nº 724/2023,17238,SIM,2023-12-13,
85444,7895,NOMINAL,1º TURNO DO PROJETO DE LEI  Nº 724/2023,17238,SIM,2023-12-13,
85445,7895,NOMINAL,1º TURNO DO PROJETO DE LEI  Nº 724/2023,17238,SIM,2023-12-13,
85446,7895,NOMINAL,1º TURNO DO PROJETO DE LEI  Nº 724/2023,17238,SIM,2023-12-13,
85447,7895,NOMINAL,1º TURNO DO PROJETO DE LEI  Nº 724/2023,17238,SIM,2023-12-13,
85448,7896,NOMINAL,2º TURNO DO PROJETO DE LEI  Nº 724/2023,17238,SIM,2023-12-13,
85449,7896,NOMINAL,2º TURNO DO PROJETO DE LEI  Nº 724/2023,17238,SIM,2023-12-13,
85450,7896,NOMINAL,2º TURNO DO PROJETO DE LEI  Nº 724/2023,17238,SIM,2023-12-13,
85451,7896,NOMINAL,2º TURNO DO PROJETO DE LEI  Nº 724/2023,17238,SIM,2023-12-13,
85452,7896,NOMINAL,2º TURNO DO PROJETO DE LEI  Nº 724/2023,17238,SIM,2023-12-13,
85453,7896,NOMINAL,2º TURNO DO PROJETO DE LEI  Nº 724/2023,17238,SIM,2023-12-13,
85454,7896,NOMINAL,2º TURNO DO PROJETO DE LEI  Nº 724/2023,17238,SIM,2023-12-13,
85455,7896,NOMINAL,2º TURNO DO PROJETO DE LEI  Nº 724/2023,17238,SIM,2023-12-13,
85456,7896,NOMINAL,2º TURNO DO PROJETO DE LEI  Nº 724/2023,17238,SIM,2023-12-13,
85457,7896,NOMINAL,2º TURNO DO PROJETO DE LEI  Nº 724/2023,17238,SIM,2023-12-13,
85458,7896,NOMINAL,2º TURNO DO PROJETO DE LEI  Nº 724/2023,17238,SIM,2023-12-13,
85459,7896,NOMINAL,2º TURNO DO PROJETO DE LEI  Nº 724/2023,17238,SIM,2023-12-13,
85460,7896,NOMINAL,2º TURNO DO PROJETO DE LEI  Nº 724/2023,17238,SIM,2023-12-13,
85461,7896,NOMINAL,2º TURNO DO PROJETO DE LEI  Nº 724/2023,17238,SIM,2023-12-13,
85462,7896,NOMINAL,2º TURNO DO PROJETO DE LEI  Nº 724/2023,17238,SIM,2023-12-13,
85463,7896,NOMINAL,2º TURNO DO PROJETO DE LEI  Nº 724/2023,17238,SIM,2023-12-13,
85464,7896,NOMINAL,2º TURNO DO PROJETO DE LEI  Nº 724/2023,17238,SIM,2023-12-13,
85465,7896,NOMINAL,2º TURNO DO PROJETO DE LEI  Nº 724/2023,17238,SIM,2023-12-13,
85466,7896,NOMINAL,2º TURNO DO PROJETO DE LEI  Nº 724/2023,17238,SIM,2023-12-13,
85467,7896,NOMINAL,2º TURNO DO PROJETO DE LEI  Nº 724/2023,17238,SIM,2023-12-13,
85468,7896,NOMINAL,2º TURNO DO PROJETO DE LEI  Nº 724/2023,17238,SIM,2023-12-13,
85469,7896,NOMINAL,2º TURNO DO PROJETO DE LEI  Nº 724/2023,17238,SIM,2023-12-13,
85470,7899,NOMINAL,PARECER CDESCTMAT AO PROC 17.2023,,SIM,2023-12-13,
85471,7899,NOMINAL,PARECER CDESCTMAT AO PROC 17.2023,,SIM,2023-12-13,
85472,7899,NOMINAL,PARECER CDESCTMAT AO PROC 17.2023,,SIM,2023-12-13,
85473,7899,NOMINAL,PARECER CDESCTMAT AO PROC 17.2023,,SIM,2023-12-13,
85474,7899,NOMINAL,PARECER CDESCTMAT AO PROC 17.2023,,SIM,2023-12-13,
85475,7899,NOMINAL,PARECER CDESCTMAT AO PROC 17.2023,,SIM,2023-12-13,
85476,7899,NOMINAL,PARECER CDESCTMAT AO PROC 17.2023,,SIM,2023-12-13,
85477,7899,NOMINAL,PARECER CDESCTMAT AO PROC 17.2023,,SIM,2023-12-13,
85478,7899,NOMINAL,PARECER CDESCTMAT AO PROC 17.2023,,SIM,2023-12-13,
85479,7899,NOMINAL,PARECER CDESCTMAT AO PROC 17.2023,,SIM,2023-12-13,
85480,7899,NOMINAL,PARECER CDESCTMAT AO PROC 17.2023,,SIM,2023-12-13,
85481,7899,NOMINAL,PARECER CDESCTMAT AO PROC 17.2023,,SIM,2023-12-13,
85482,7899,NOMINAL,PARECER CDESCTMAT AO PROC 17.2023,,SIM,2023-12-13,
85483,7899,NOMINAL,PARECER CDESCTMAT AO PROC 17.2023,,SIM,2023-12-13,
85484,7899,NOMINAL,PARECER CDESCTMAT AO PROC 17.2023,,SIM,2023-12-13,
85485,7923,NOMINAL,1º TURNO DO PROJETO DE RESOLUÇÃO Nº 6/2019,,SIM,2024-03-05,
85486,7923,NOMINAL,1º TURNO DO PROJETO DE RESOLUÇÃO Nº 6/2019,,SIM,2024-03-05,
85487,7923,NOMINAL,1º TURNO DO PROJETO DE RESOLUÇÃO Nº 6/2019,,SIM,2024-03-05,
85488,7923,NOMINAL,1º TURNO DO PROJETO DE RESOLUÇÃO Nº 6/2019,,SIM,2024-03-05,
85489,7923,NOMINAL,1º TURNO DO PROJETO DE RESOLUÇÃO Nº 6/2019,,SIM,2024-03-05,
85490,7923,NOMINAL,1º TURNO DO PROJETO DE RESOLUÇÃO Nº 6/2019,,SIM,2024-03-05,
85491,7923,NOMINAL,1º TURNO DO PROJETO DE RESOLUÇÃO Nº 6/2019,,SIM,2024-03-05,
85492,7923,NOMINAL,1º TURNO DO PROJETO DE RESOLUÇÃO Nº 6/2019,,SIM,2024-03-05,
85493,7923,NOMINAL,1º TURNO DO PROJETO DE RESOLUÇÃO Nº 6/2019,,SIM,2024-03-05,
85494,7923,NOMINAL,1º TURNO DO PROJETO DE RESOLUÇÃO Nº 6/2019,,SIM,2024-03-05,
85495,7923,NOMINAL,1º TURNO DO PROJETO DE RESOLUÇÃO Nº 6/2019,,SIM,2024-03-05,
85496,7923,NOMINAL,1º TURNO DO PROJETO DE RESOLUÇÃO Nº 6/2019,,SIM,2024-03-05,
85497,7923,NOMINAL,1º TURNO DO PROJETO DE RESOLUÇÃO Nº 6/2019,,SIM,2024-03-05,
85498,7923,NOMINAL,1º TURNO DO PROJETO DE RESOLUÇÃO Nº 6/2019,,SIM,2024-03-05,
85499,7923,NOMINAL,1º TURNO DO PROJETO DE RESOLUÇÃO Nº 6/2019,,SIM,2024-03-05,
85500,7923,NOMINAL,1º TURNO DO PROJETO DE RESOLUÇÃO Nº 6/2019,,SIM,2024-03-05,
85501,7923,NOMINAL,1º TURNO DO PROJETO DE RESOLUÇÃO Nº 6/2019,,SIM,2024-03-05,
85502,7923,NOMINAL,1º TURNO DO PROJETO DE RESOLUÇÃO Nº 6/2019,,SIM,2024-03-05,
85503,7923,NOMINAL,1º TURNO DO PROJETO DE RESOLUÇÃO Nº 6/2019,,SIM,2024-03-05,
85504,7923,NOMINAL,1º TURNO DO PROJETO DE RESOLUÇÃO Nº 6/2019,,SIM,2024-03-05,
85505,7933,NOMINAL,TURNO ÚNICO PDL Nº  74/2023,17824,SIM,2023-12-13,
85506,7933,NOMINAL,TURNO ÚNICO PDL Nº  74/2023,17824,SIM,2023-12-13,
85507,7933,NOMINAL,TURNO ÚNICO PDL Nº  74/2023,17824,SIM,2023-12-13,
85508,7933,NOMINAL,TURNO ÚNICO PDL Nº  74/2023,17824,SIM,2023-12-13,
85509,7933,NOMINAL,TURNO ÚNICO PDL Nº  74/2023,17824,SIM,2023-12-13,
85510,7933,NOMINAL,TURNO ÚNICO PDL Nº  74/2023,17824,SIM,2023-12-13,
85511,7933,NOMINAL,TURNO ÚNICO PDL Nº  74/2023,17824,SIM,2023-12-13,
85512,7933,NOMINAL,TURNO ÚNICO PDL Nº  74/2023,17824,SIM,2023-12-13,
85513,7933,NOMINAL,TURNO ÚNICO PDL Nº  74/2023,17824,SIM,2023-12-13,
85514,7933,NOMINAL,TURNO ÚNICO PDL Nº  74/2023,17824,SIM,2023-12-13,
85515,7933,NOMINAL,TURNO ÚNICO PDL Nº  74/2023,17824,SIM,2023-12-13,
85516,7933,NOMINAL,TURNO ÚNICO PDL Nº  74/2023,17824,SIM,2023-12-13,
85517,7933,NOMINAL,TURNO ÚNICO PDL Nº  74/2023,17824,SIM,2023-12-13,
85518,7933,NOMINAL,TURNO ÚNICO PDL Nº  74/2023,17824,SIM,2023-12-13,
85519,7933,NOMINAL,TURNO ÚNICO PDL Nº  74/2023,17824,SIM,2023-12-13,
85520,7933,NOMINAL,TURNO ÚNICO PDL Nº  74/2023,17824,SIM,2023-12-13,
85521,7933,NOMINAL,TURNO ÚNICO PDL Nº  74/2023,17824,SIM,2023-12-13,
85522,7933,NOMINAL,TURNO ÚNICO PDL Nº  74/2023,17824,SIM,2023-12-13,
85523,7933,NOMINAL,TURNO ÚNICO PDL Nº  74/2023,17824,SIM,2023-12-13,
85524,7934,NOMINAL,TURNO ÚNICO PDL Nº 73/2023,17729,SIM,2023-12-13,
85525,7934,NOMINAL,TURNO ÚNICO PDL Nº 73/2023,17729,SIM,2023-12-13,
85526,7934,NOMINAL,TURNO ÚNICO PDL Nº 73/2023,17729,SIM,2023-12-13,
85527,7934,NOMINAL,TURNO ÚNICO PDL Nº 73/2023,17729,SIM,2023-12-13,
85528,7934,NOMINAL,TURNO ÚNICO PDL Nº 73/2023,17729,SIM,2023-12-13,
85529,7934,NOMINAL,TURNO ÚNICO PDL Nº 73/2023,17729,SIM,2023-12-13,
85530,7934,NOMINAL,TURNO ÚNICO PDL Nº 73/2023,17729,SIM,2023-12-13,
85531,7934,NOMINAL,TURNO ÚNICO PDL Nº 73/2023,17729,SIM,2023-12-13,
85532,7934,NOMINAL,TURNO ÚNICO PDL Nº 73/2023,17729,SIM,2023-12-13,
85533,7934,NOMINAL,TURNO ÚNICO PDL Nº 73/2023,17729,SIM,2023-12-13,
85534,7934,NOMINAL,TURNO ÚNICO PDL Nº 73/2023,17729,SIM,2023-12-13,
85535,7934,NOMINAL,TURNO ÚNICO PDL Nº 73/2023,17729,SIM,2023-12-13,
85536,7934,NOMINAL,TURNO ÚNICO PDL Nº 73/2023,17729,SIM,2023-12-13,
85537,7934,NOMINAL,TURNO ÚNICO PDL Nº 73/2023,17729,SIM,2023-12-13,
85538,7934,NOMINAL,TURNO ÚNICO PDL Nº 73/2023,17729,SIM,2023-12-13,
85539,7934,NOMINAL,TURNO ÚNICO PDL Nº 73/2023,17729,SIM,2023-12-13,
85540,7934,NOMINAL,TURNO ÚNICO PDL Nº 73/2023,17729,SIM,2023-12-13,
85541,7934,NOMINAL,TURNO ÚNICO PDL Nº 73/2023,17729,SIM,2023-12-13,
85542,7935,NOMINAL,1º TURNO DO PROJETO DE LEI  Nº 784/2023,17575,SIM,2023-12-13,
85543,7935,NOMINAL,1º TURNO DO PROJETO DE LEI  Nº 784/2023,17575,SIM,2023-12-13,
85544,7935,NOMINAL,1º TURNO DO PROJETO DE LEI  Nº 784/2023,17575,SIM,2023-12-13,
85545,7935,NOMINAL,1º TURNO DO PROJETO DE LEI  Nº 784/2023,17575,SIM,2023-12-13,
85546,7935,NOMINAL,1º TURNO DO PROJETO DE LEI  Nº 784/2023,17575,SIM,2023-12-13,
85547,7935,NOMINAL,1º TURNO DO PROJETO DE LEI  Nº 784/2023,17575,SIM,2023-12-13,
85548,7935,NOMINAL,1º TURNO DO PROJETO DE LEI  Nº 784/2023,17575,SIM,2023-12-13,
85549,7935,NOMINAL,1º TURNO DO PROJETO DE LEI  Nº 784/2023,17575,SIM,2023-12-13,
85550,7935,NOMINAL,1º TURNO DO PROJETO DE LEI  Nº 784/2023,17575,SIM,2023-12-13,
85551,7935,NOMINAL,1º TURNO DO PROJETO DE LEI  Nº 784/2023,17575,SIM,2023-12-13,
85552,7935,NOMINAL,1º TURNO DO PROJETO DE LEI  Nº 784/2023,17575,SIM,2023-12-13,
85553,7935,NOMINAL,1º TURNO DO PROJETO DE LEI  Nº 784/2023,17575,SIM,2023-12-13,
85554,7935,NOMINAL,1º TURNO DO PROJETO DE LEI  Nº 784/2023,17575,SIM,2023-12-13,
85555,7935,NOMINAL,1º TURNO DO PROJETO DE LEI  Nº 784/2023,17575,SIM,2023-12-13,
85556,7935,NOMINAL,1º TURNO DO PROJETO DE LEI  Nº 784/2023,17575,SIM,2023-12-13,
85557,7935,NOMINAL,1º TURNO DO PROJETO DE LEI  Nº 784/2023,17575,SIM,2023-12-13,
85558,7935,NOMINAL,1º TURNO DO PROJETO DE LEI  Nº 784/2023,17575,SIM,2023-12-13,
85559,7935,NOMINAL,1º TURNO DO PROJETO DE LEI  Nº 784/2023,17575,SIM,2023-12-13,
85560,7935,NOMINAL,1º TURNO DO PROJETO DE LEI  Nº 784/2023,17575,SIM,2023-12-13,
85561,7935,NOMINAL,1º TURNO DO PROJETO DE LEI  Nº 784/2023,17575,SIM,2023-12-13,
85562,7935,NOMINAL,1º TURNO DO PROJETO DE LEI  Nº 784/2023,17575,SIM,2023-12-13,
85563,7935,NOMINAL,1º TURNO DO PROJETO DE LEI  Nº 784/2023,17575,SIM,2023-12-13,
85564,7936,NOMINAL,2º TURNO DO PROJETO DE LEI  Nº 784/2023,17575,SIM,2023-12-13,
85565,7936,NOMINAL,2º TURNO DO PROJETO DE LEI  Nº 784/2023,17575,SIM,2023-12-13,
85566,7936,NOMINAL,2º TURNO DO PROJETO DE LEI  Nº 784/2023,17575,SIM,2023-12-13,
85567,7936,NOMINAL,2º TURNO DO PROJETO DE LEI  Nº 784/2023,17575,SIM,2023-12-13,
85568,7936,NOMINAL,2º TURNO DO PROJETO DE LEI  Nº 784/2023,17575,SIM,2023-12-13,
85569,7936,NOMINAL,2º TURNO DO PROJETO DE LEI  Nº 784/2023,17575,SIM,2023-12-13,
85570,7936,NOMINAL,2º TURNO DO PROJETO DE LEI  Nº 784/2023,17575,SIM,2023-12-13,
85571,7936,NOMINAL,2º TURNO DO PROJETO DE LEI  Nº 784/2023,17575,SIM,2023-12-13,
85572,7936,NOMINAL,2º TURNO DO PROJETO DE LEI  Nº 784/2023,17575,SIM,2023-12-13,
85573,7936,NOMINAL,2º TURNO DO PROJETO DE LEI  Nº 784/2023,17575,SIM,2023-12-13,
85574,7936,NOMINAL,2º TURNO DO PROJETO DE LEI  Nº 784/2023,17575,SIM,2023-12-13,
85575,7936,NOMINAL,2º TURNO DO PROJETO DE LEI  Nº 784/2023,17575,SIM,2023-12-13,
85576,7936,NOMINAL,2º TURNO DO PROJETO DE LEI  Nº 784/2023,17575,SIM,2023-12-13,
85577,7936,NOMINAL,2º TURNO DO PROJETO DE LEI  Nº 784/2023,17575,SIM,2023-12-13,
85578,7936,NOMINAL,2º TURNO DO PROJETO DE LEI  Nº 784/2023,17575,SIM,2023-12-13,
85579,7936,NOMINAL,2º TURNO DO PROJETO DE LEI  Nº 784/2023,17575,SIM,2023-12-13,
85580,7936,NOMINAL,2º TURNO DO PROJETO DE LEI  Nº 784/2023,17575,SIM,2023-12-13,
85581,7936,NOMINAL,2º TURNO DO PROJETO DE LEI  Nº 784/2023,17575,SIM,2023-12-13,
85582,7936,NOMINAL,2º TURNO DO PROJETO DE LEI  Nº 784/2023,17575,SIM,2023-12-13,
85583,7936,NOMINAL,2º TURNO DO PROJETO DE LEI  Nº 784/2023,17575,SIM,2023-12-13,
85584,7936,NOMINAL,2º TURNO DO PROJETO DE LEI  Nº 784/2023,17575,SIM,2023-12-13,
85585,7936,NOMINAL,2º TURNO DO PROJETO DE LEI  Nº 784/2023,17575,SIM,2023-12-13,
85586,7939,NOMINAL,1º TURNO DO PL Nº 502/2023 CJ PL Nº 794/2023,14530,SIM,2023-12-13,
85587,7939,NOMINAL,1º TURNO DO PL Nº 502/2023 CJ PL Nº 794/2023,14530,SIM,2023-12-13,
85588,7939,NOMINAL,1º TURNO DO PL Nº 502/2023 CJ PL Nº 794/2023,14530,SIM,2023-12-13,
85589,7939,NOMINAL,1º TURNO DO PL Nº 502/2023 CJ PL Nº 794/2023,14530,SIM,2023-12-13,
85590,7939,NOMINAL,1º TURNO DO PL Nº 502/2023 CJ PL Nº 794/2023,14530,SIM,2023-12-13,
85591,7939,NOMINAL,1º TURNO DO PL Nº 502/2023 CJ PL Nº 794/2023,14530,SIM,2023-12-13,
85592,7939,NOMINAL,1º TURNO DO PL Nº 502/2023 CJ PL Nº 794/2023,14530,SIM,2023-12-13,
85593,7939,NOMINAL,1º TURNO DO PL Nº 502/2023 CJ PL Nº 794/2023,14530,SIM,2023-12-13,
85594,7939,NOMINAL,1º TURNO DO PL Nº 502/2023 CJ PL Nº 794/2023,14530,SIM,2023-12-13,
85595,7939,NOMINAL,1º TURNO DO PL Nº 502/2023 CJ PL Nº 794/2023,14530,SIM,2023-12-13,
85596,7939,NOMINAL,1º TURNO DO PL Nº 502/2023 CJ PL Nº 794/2023,14530,SIM,2023-12-13,
85597,7939,NOMINAL,1º TURNO DO PL Nº 502/2023 CJ PL Nº 794/2023,14530,SIM,2023-12-13,
85598,7939,NOMINAL,1º TURNO DO PL Nº 502/2023 CJ PL Nº 794/2023,14530,SIM,2023-12-13,
85599,7939,NOMINAL,1º TURNO DO PL Nº 502/2023 CJ PL Nº 794/2023,14530,SIM,2023-12-13,
85600,7939,NOMINAL,1º TURNO DO PL Nº 502/2023 CJ PL Nº 794/2023,14530,SIM,2023-12-13,
85601,7939,NOMINAL,1º TURNO DO PL Nº 502/2023 CJ PL Nº 794/2023,14530,SIM,2023-12-13,
85602,7939,NOMINAL,1º TURNO DO PL Nº 502/2023 CJ PL Nº 794/2023,14530,SIM,2023-12-13,
85603,7939,NOMINAL,1º TURNO DO PL Nº 502/2023 CJ PL Nº 794/2023,14530,SIM,2023-12-13,
85604,7939,NOMINAL,1º TURNO DO PL Nº 502/2023 CJ PL Nº 794/2023,14530,SIM,2023-12-13,
85605,7939,NOMINAL,1º TURNO DO PL Nº 502/2023 CJ PL Nº 794/2023,14530,SIM,2023-12-13,
85606,7939,NOMINAL,1º TURNO DO PL Nº 502/2023 CJ PL Nº 794/2023,14530,SIM,2023-12-13,
85607,7940,NOMINAL,2º TURNO DO PL Nº 502/2023 CJ PL Nº 794/2023,14530,SIM,2023-12-13,
85608,7940,NOMINAL,2º TURNO DO PL Nº 502/2023 CJ PL Nº 794/2023,14530,SIM,2023-12-13,
85609,7940,NOMINAL,2º TURNO DO PL Nº 502/2023 CJ PL Nº 794/2023,14530,SIM,2023-12-13,
85610,7940,NOMINAL,2º TURNO DO PL Nº 502/2023 CJ PL Nº 794/2023,14530,SIM,2023-12-13,
85611,7940,NOMINAL,2º TURNO DO PL Nº 502/2023 CJ PL Nº 794/2023,14530,SIM,2023-12-13,
85612,7940,NOMINAL,2º TURNO DO PL Nº 502/2023 CJ PL Nº 794/2023,14530,SIM,2023-12-13,
85613,7940,NOMINAL,2º TURNO DO PL Nº 502/2023 CJ PL Nº 794/2023,14530,SIM,2023-12-13,
85614,7940,NOMINAL,2º TURNO DO PL Nº 502/2023 CJ PL Nº 794/2023,14530,SIM,2023-12-13,
85615,7940,NOMINAL,2º TURNO DO PL Nº 502/2023 CJ PL Nº 794/2023,14530,SIM,2023-12-13,
85616,7940,NOMINAL,2º TURNO DO PL Nº 502/2023 CJ PL Nº 794/2023,14530,SIM,2023-12-13,
85617,7940,NOMINAL,2º TURNO DO PL Nº 502/2023 CJ PL Nº 794/2023,14530,SIM,2023-12-13,
85618,7940,NOMINAL,2º TURNO DO PL Nº 502/2023 CJ PL Nº 794/2023,14530,SIM,2023-12-13,
85619,7940,NOMINAL,2º TURNO DO PL Nº 502/2023 CJ PL Nº 794/2023,14530,SIM,2023-12-13,
85620,7940,NOMINAL,2º TURNO DO PL Nº 502/2023 CJ PL Nº 794/2023,14530,SIM,2023-12-13,
85621,7940,NOMINAL,2º TURNO DO PL Nº 502/2023 CJ PL Nº 794/2023,14530,SIM,2023-12-13,
85622,7940,NOMINAL,2º TURNO DO PL Nº 502/2023 CJ PL Nº 794/2023,14530,SIM,2023-12-13,
85623,7940,NOMINAL,2º TURNO DO PL Nº 502/2023 CJ PL Nº 794/2023,14530,SIM,2023-12-13,
85624,7940,NOMINAL,2º TURNO DO PL Nº 502/2023 CJ PL Nº 794/2023,14530,SIM,2023-12-13,
85625,7940,NOMINAL,2º TURNO DO PL Nº 502/2023 CJ PL Nº 794/2023,14530,SIM,2023-12-13,
85626,7940,NOMINAL,2º TURNO DO PL Nº 502/2023 CJ PL Nº 794/2023,14530,SIM,2023-12-13,
85627,7940,NOMINAL,2º TURNO DO PL Nº 502/2023 CJ PL Nº 794/2023,14530,SIM,2023-12-13,
85628,7948,NOMINAL,1º TURNO PROJETO DE LEI COMPLEMENTAR Nº 62/2020,,SIM,2023-12-13,
85629,7948,NOMINAL,1º TURNO PROJETO DE LEI COMPLEMENTAR Nº 62/2020,,SIM,2023-12-13,
85630,7948,NOMINAL,1º TURNO PROJETO DE LEI COMPLEMENTAR Nº 62/2020,,SIM,2023-12-13,
85631,7948,NOMINAL,1º TURNO PROJETO DE LEI COMPLEMENTAR Nº 62/2020,,SIM,2023-12-13,
85632,7948,NOMINAL,1º TURNO PROJETO DE LEI COMPLEMENTAR Nº 62/2020,,SIM,2023-12-13,
85633,7948,NOMINAL,1º TURNO PROJETO DE LEI COMPLEMENTAR Nº 62/2020,,SIM,2023-12-13,
85634,7948,NOMINAL,1º TURNO PROJETO DE LEI COMPLEMENTAR Nº 62/2020,,SIM,2023-12-13,
85635,7948,NOMINAL,1º TURNO PROJETO DE LEI COMPLEMENTAR Nº 62/2020,,SIM,2023-12-13,
85636,7948,NOMINAL,1º TURNO PROJETO DE LEI COMPLEMENTAR Nº 62/2020,,SIM,2023-12-13,
85637,7948,NOMINAL,1º TURNO PROJETO DE LEI COMPLEMENTAR Nº 62/2020,,SIM,2023-12-13,
85638,7948,NOMINAL,1º TURNO PROJETO DE LEI COMPLEMENTAR Nº 62/2020,,SIM,2023-12-13,
85639,7948,NOMINAL,1º TURNO PROJETO DE LEI COMPLEMENTAR Nº 62/2020,,SIM,2023-12-13,
85640,7948,NOMINAL,1º TURNO PROJETO DE LEI COMPLEMENTAR Nº 62/2020,,SIM,2023-12-13,
85641,7948,NOMINAL,1º TURNO PROJETO DE LEI COMPLEMENTAR Nº 62/2020,,SIM,2023-12-13,
85642,7948,NOMINAL,1º TURNO PROJETO DE LEI COMPLEMENTAR Nº 62/2020,,SIM,2023-12-13,
85643,7948,NOMINAL,1º TURNO PROJETO DE LEI COMPLEMENTAR Nº 62/2020,,SIM,2023-12-13,
85644,7948,NOMINAL,1º TURNO PROJETO DE LEI COMPLEMENTAR Nº 62/2020,,SIM,2023-12-13,
85645,7948,NOMINAL,1º TURNO PROJETO DE LEI COMPLEMENTAR Nº 62/2020,,SIM,2023-12-13,
85646,7948,NOMINAL,1º TURNO PROJETO DE LEI COMPLEMENTAR Nº 62/2020,,SIM,2023-12-13,
85647,7948,NOMINAL,1º TURNO PROJETO DE LEI COMPLEMENTAR Nº 62/2020,,SIM,2023-12-13,
85648,7948,NOMINAL,1º TURNO PROJETO DE LEI COMPLEMENTAR Nº 62/2020,,SIM,2023-12-13,
85649,7948,NOMINAL,1º TURNO PROJETO DE LEI COMPLEMENTAR Nº 62/2020,,SIM,2023-12-13,
85650,7949,NOMINAL,2º TURNO PROJETO DE LEI COMPLEMENTAR Nº 62/2020,,SIM,2023-12-13,
85651,7949,NOMINAL,2º TURNO PROJETO DE LEI COMPLEMENTAR Nº 62/2020,,SIM,2023-12-13,
85652,7949,NOMINAL,2º TURNO PROJETO DE LEI COMPLEMENTAR Nº 62/2020,,SIM,2023-12-13,
85653,7949,NOMINAL,2º TURNO PROJETO DE LEI COMPLEMENTAR Nº 62/2020,,SIM,2023-12-13,
85654,7949,NOMINAL,2º TURNO PROJETO DE LEI COMPLEMENTAR Nº 62/2020,,SIM,2023-12-13,
85655,7949,NOMINAL,2º TURNO PROJETO DE LEI COMPLEMENTAR Nº 62/2020,,SIM,2023-12-13,
85656,7949,NOMINAL,2º TURNO PROJETO DE LEI COMPLEMENTAR Nº 62/2020,,SIM,2023-12-13,
85657,7949,NOMINAL,2º TURNO PROJETO DE LEI COMPLEMENTAR Nº 62/2020,,SIM,2023-12-13,
85658,7949,NOMINAL,2º TURNO PROJETO DE LEI COMPLEMENTAR Nº 62/2020,,SIM,2023-12-13,
85659,7949,NOMINAL,2º TURNO PROJETO DE LEI COMPLEMENTAR Nº 62/2020,,SIM,2023-12-13,
85660,7949,NOMINAL,2º TURNO PROJETO DE LEI COMPLEMENTAR Nº 62/2020,,SIM,2023-12-13,
85661,7949,NOMINAL,2º TURNO PROJETO DE LEI COMPLEMENTAR Nº 62/2020,,SIM,2023-12-13,
85662,7949,NOMINAL,2º TURNO PROJETO DE LEI COMPLEMENTAR Nº 62/2020,,SIM,2023-12-13,
85663,7949,NOMINAL,2º TURNO PROJETO DE LEI COMPLEMENTAR Nº 62/2020,,SIM,2023-12-13,
85664,7949,NOMINAL,2º TURNO PROJETO DE LEI COMPLEMENTAR Nº 62/2020,,SIM,2023-12-13,
85665,7949,NOMINAL,2º TURNO PROJETO DE LEI COMPLEMENTAR Nº 62/2020,,SIM,2023-12-13,
85666,7949,NOMINAL,2º TURNO PROJETO DE LEI COMPLEMENTAR Nº 62/2020,,SIM,2023-12-13,
85667,7949,NOMINAL,2º TURNO PROJETO DE LEI COMPLEMENTAR Nº 62/2020,,SIM,2023-12-13,
85668,7949,NOMINAL,2º TURNO PROJETO DE LEI COMPLEMENTAR Nº 62/2020,,SIM,2023-12-13,
85669,7949,NOMINAL,2º TURNO PROJETO DE LEI COMPLEMENTAR Nº 62/2020,,SIM,2023-12-13,
85670,7949,NOMINAL,2º TURNO PROJETO DE LEI COMPLEMENTAR Nº 62/2020,,SIM,2023-12-13,
85671,7952,NOMINAL,1º TURNO PROPOSTA DE EMENDA À LEI ORGÂNICA Nº 7/2023,11649,SIM,2023-12-13,
85672,7952,NOMINAL,1º TURNO PROPOSTA DE EMENDA À LEI ORGÂNICA Nº 7/2023,11649,SIM,2023-12-13,
85673,7952,NOMINAL,1º TURNO PROPOSTA DE EMENDA À LEI ORGÂNICA Nº 7/2023,11649,SIM,2023-12-13,
85674,7952,NOMINAL,1º TURNO PROPOSTA DE EMENDA À LEI ORGÂNICA Nº 7/2023,11649,SIM,2023-12-13,
85675,7952,NOMINAL,1º TURNO PROPOSTA DE EMENDA À LEI ORGÂNICA Nº 7/2023,11649,SIM,2023-12-13,
85676,7952,NOMINAL,1º TURNO PROPOSTA DE EMENDA À LEI ORGÂNICA Nº 7/2023,11649,SIM,2023-12-13,
85677,7952,NOMINAL,1º TURNO PROPOSTA DE EMENDA À LEI ORGÂNICA Nº 7/2023,11649,SIM,2023-12-13,
85678,7952,NOMINAL,1º TURNO PROPOSTA DE EMENDA À LEI ORGÂNICA Nº 7/2023,11649,SIM,2023-12-13,
85679,7952,NOMINAL,1º TURNO PROPOSTA DE EMENDA À LEI ORGÂNICA Nº 7/2023,11649,SIM,2023-12-13,
85680,7952,NOMINAL,1º TURNO PROPOSTA DE EMENDA À LEI ORGÂNICA Nº 7/2023,11649,SIM,2023-12-13,
85681,7952,NOMINAL,1º TURNO PROPOSTA DE EMENDA À LEI ORGÂNICA Nº 7/2023,11649,SIM,2023-12-13,
85682,7952,NOMINAL,1º TURNO PROPOSTA DE EMENDA À LEI ORGÂNICA Nº 7/2023,11649,SIM,2023-12-13,
85683,7952,NOMINAL,1º TURNO PROPOSTA DE EMENDA À LEI ORGÂNICA Nº 7/2023,11649,SIM,2023-12-13,
85684,7952,NOMINAL,1º TURNO PROPOSTA DE EMENDA À LEI ORGÂNICA Nº 7/2023,11649,SIM,2023-12-13,
85685,7952,NOMINAL,1º TURNO PROPOSTA DE EMENDA À LEI ORGÂNICA Nº 7/2023,11649,SIM,2023-12-13,
85686,7952,NOMINAL,1º TURNO PROPOSTA DE EMENDA À LEI ORGÂNICA Nº 7/2023,11649,SIM,2023-12-13,
85687,7952,NOMINAL,1º TURNO PROPOSTA DE EMENDA À LEI ORGÂNICA Nº 7/2023,11649,SIM,2023-12-13,
85688,7952,NOMINAL,1º TURNO PROPOSTA DE EMENDA À LEI ORGÂNICA Nº 7/2023,11649,SIM,2023-12-13,
85689,7952,NOMINAL,1º TURNO PROPOSTA DE EMENDA À LEI ORGÂNICA Nº 7/2023,11649,SIM,2023-12-13,
85690,7952,NOMINAL,1º TURNO PROPOSTA DE EMENDA À LEI ORGÂNICA Nº 7/2023,11649,SIM,2023-12-13,
85691,7952,NOMINAL,1º TURNO PROPOSTA DE EMENDA À LEI ORGÂNICA Nº 7/2023,11649,SIM,2023-12-13,
85692,7952,NOMINAL,1º TURNO PROPOSTA DE EMENDA À LEI ORGÂNICA Nº 7/2023,11649,SIM,2023-12-13,
85693,7953,NOMINAL,2º TURNO PELO Nº 7/2023,11649,SIM,2024-06-18,
85694,7953,NOMINAL,2º TURNO PELO Nº 7/2023,11649,SIM,2024-06-18,
85695,7953,NOMINAL,2º TURNO PELO Nº 7/2023,11649,SIM,2024-06-18,
85696,7953,NOMINAL,2º TURNO PELO Nº 7/2023,11649,SIM,2024-06-18,
85697,7953,NOMINAL,2º TURNO PELO Nº 7/2023,11649,SIM,2024-06-18,
85698,7953,NOMINAL,2º TURNO PELO Nº 7/2023,11649,SIM,2024-06-18,
85699,7953,NOMINAL,2º TURNO PELO Nº 7/2023,11649,SIM,2024-06-18,
85700,7953,NOMINAL,2º TURNO PELO Nº 7/2023,11649,SIM,2024-06-18,
85701,7953,NOMINAL,2º TURNO PELO Nº 7/2023,11649,SIM,2024-06-18,
85702,7953,NOMINAL,2º TURNO PELO Nº 7/2023,11649,SIM,2024-06-18,
85703,7953,NOMINAL,2º TURNO PELO Nº 7/2023,11649,SIM,2024-06-18,
85704,7953,NOMINAL,2º TURNO PELO Nº 7/2023,11649,SIM,2024-06-18,
85705,7953,NOMINAL,2º TURNO PELO Nº 7/2023,11649,SIM,2024-06-18,
85706,7953,NOMINAL,2º TURNO PELO Nº 7/2023,11649,SIM,2024-06-18,
85707,7953,NOMINAL,2º TURNO PELO Nº 7/2023,11649,SIM,2024-06-18,
85708,7953,NOMINAL,2º TURNO PELO Nº 7/2023,11649,SIM,2024-06-18,
85709,7953,NOMINAL,2º TURNO PELO Nº 7/2023,11649,SIM,2024-06-18,
85710,7953,NOMINAL,2º TURNO PELO Nº 7/2023,11649,SIM,2024-06-18,
85711,7953,NOMINAL,2º TURNO PELO Nº 7/2023,11649,SIM,2024-06-18,
85712,7964,NOMINAL,1º TURNO DO PROJETO DE LEI  Nº 2260/2021,,NAO,2023-12-12,
85713,7964,NOMINAL,1º TURNO DO PROJETO DE LEI  Nº 2260/2021,,SIM,2023-12-12,
85714,7964,NOMINAL,1º TURNO DO PROJETO DE LEI  Nº 2260/2021,,NAO,2023-12-12,
85715,7964,NOMINAL,1º TURNO DO PROJETO DE LEI  Nº 2260/2021,,SIM,2023-12-12,
85716,7964,NOMINAL,1º TURNO DO PROJETO DE LEI  Nº 2260/2021,,NAO,2023-12-12,
85717,7964,NOMINAL,1º TURNO DO PROJETO DE LEI  Nº 2260/2021,,NAO,2023-12-12,
85718,7964,NOMINAL,1º TURNO DO PROJETO DE LEI  Nº 2260/2021,,SIM,2023-12-12,
85719,7964,NOMINAL,1º TURNO DO PROJETO DE LEI  Nº 2260/2021,,SIM,2023-12-12,
85720,7964,NOMINAL,1º TURNO DO PROJETO DE LEI  Nº 2260/2021,,SIM,2023-12-12,
85721,7964,NOMINAL,1º TURNO DO PROJETO DE LEI  Nº 2260/2021,,SIM,2023-12-12,
85722,7964,NOMINAL,1º TURNO DO PROJETO DE LEI  Nº 2260/2021,,SIM,2023-12-12,
85723,7964,NOMINAL,1º TURNO DO PROJETO DE LEI  Nº 2260/2021,,SIM,2023-12-12,
85724,7964,NOMINAL,1º TURNO DO PROJETO DE LEI  Nº 2260/2021,,SIM,2023-12-12,
85725,7964,NOMINAL,1º TURNO DO PROJETO DE LEI  Nº 2260/2021,,NAO,2023-12-12,
85726,7964,NOMINAL,1º TURNO DO PROJETO DE LEI  Nº 2260/2021,,SIM,2023-12-12,
85727,7964,NOMINAL,1º TURNO DO PROJETO DE LEI  Nº 2260/2021,,NAO,2023-12-12,
85728,7964,NOMINAL,1º TURNO DO PROJETO DE LEI  Nº 2260/2021,,NAO,2023-12-12,
85729,7964,NOMINAL,1º TURNO DO PROJETO DE LEI  Nº 2260/2021,,SIM,2023-12-12,
85730,7964,NOMINAL,1º TURNO DO PROJETO DE LEI  Nº 2260/2021,,SIM,2023-12-12,
85731,7964,NOMINAL,1º TURNO DO PROJETO DE LEI  Nº 2260/2021,,SIM,2023-12-12,
85732,7964,NOMINAL,1º TURNO DO PROJETO DE LEI  Nº 2260/2021,,SIM,2023-12-12,
85733,7964,NOMINAL,1º TURNO DO PROJETO DE LEI  Nº 2260/2021,,SIM,2023-12-12,
85734,7965,NOMINAL,2º TURNO DO PROJETO DE LEI  Nº 2260/2021,,NAO,2023-12-13,
85735,7965,NOMINAL,2º TURNO DO PROJETO DE LEI  Nº 2260/2021,,SIM,2023-12-13,
85736,7965,NOMINAL,2º TURNO DO PROJETO DE LEI  Nº 2260/2021,,NAO,2023-12-13,
85737,7965,NOMINAL,2º TURNO DO PROJETO DE LEI  Nº 2260/2021,,SIM,2023-12-13,
85738,7965,NOMINAL,2º TURNO DO PROJETO DE LEI  Nº 2260/2021,,SIM,2023-12-13,
85739,7965,NOMINAL,2º TURNO DO PROJETO DE LEI  Nº 2260/2021,,NAO,2023-12-13,
85740,7965,NOMINAL,2º TURNO DO PROJETO DE LEI  Nº 2260/2021,,NAO,2023-12-13,
85741,7965,NOMINAL,2º TURNO DO PROJETO DE LEI  Nº 2260/2021,,SIM,2023-12-13,
85742,7965,NOMINAL,2º TURNO DO PROJETO DE LEI  Nº 2260/2021,,SIM,2023-12-13,
85743,7965,NOMINAL,2º TURNO DO PROJETO DE LEI  Nº 2260/2021,,SIM,2023-12-13,
85744,7965,NOMINAL,2º TURNO DO PROJETO DE LEI  Nº 2260/2021,,SIM,2023-12-13,
85745,7965,NOMINAL,2º TURNO DO PROJETO DE LEI  Nº 2260/2021,,SIM,2023-12-13,
85746,7965,NOMINAL,2º TURNO DO PROJETO DE LEI  Nº 2260/2021,,SIM,2023-12-13,
85747,7965,NOMINAL,2º TURNO DO PROJETO DE LEI  Nº 2260/2021,,SIM,2023-12-13,
85748,7965,NOMINAL,2º TURNO DO PROJETO DE LEI  Nº 2260/2021,,NAO,2023-12-13,
85749,7965,NOMINAL,2º TURNO DO PROJETO DE LEI  Nº 2260/2021,,SIM,2023-12-13,
85750,7965,NOMINAL,2º TURNO DO PROJETO DE LEI  Nº 2260/2021,,NAO,2023-12-13,
85751,7965,NOMINAL,2º TURNO DO PROJETO DE LEI  Nº 2260/2021,,NAO,2023-12-13,
85752,7965,NOMINAL,2º TURNO DO PROJETO DE LEI  Nº 2260/2021,,SIM,2023-12-13,
85753,7965,NOMINAL,2º TURNO DO PROJETO DE LEI  Nº 2260/2021,,SIM,2023-12-13,
85754,7965,NOMINAL,2º TURNO DO PROJETO DE LEI  Nº 2260/2021,,SIM,2023-12-13,
85755,7965,NOMINAL,2º TURNO DO PROJETO DE LEI  Nº 2260/2021,,SIM,2023-12-13,
85756,7965,NOMINAL,2º TURNO DO PROJETO DE LEI  Nº 2260/2021,,SIM,2023-12-13,
85757,7967,NOMINAL,PARECER CCJ AO PROJETO DE LEI  Nº 2260/2021,,NAO,2023-12-12,
85758,7967,NOMINAL,PARECER CCJ AO PROJETO DE LEI  Nº 2260/2021,,SIM,2023-12-12,
85759,7967,NOMINAL,PARECER CCJ AO PROJETO DE LEI  Nº 2260/2021,,NAO,2023-12-12,
85760,7967,NOMINAL,PARECER CCJ AO PROJETO DE LEI  Nº 2260/2021,,SIM,2023-12-12,
85761,7967,NOMINAL,PARECER CCJ AO PROJETO DE LEI  Nº 2260/2021,,NAO,2023-12-12,
85762,7967,NOMINAL,PARECER CCJ AO PROJETO DE LEI  Nº 2260/2021,,NAO,2023-12-12,
85763,7967,NOMINAL,PARECER CCJ AO PROJETO DE LEI  Nº 2260/2021,,SIM,2023-12-12,
85764,7967,NOMINAL,PARECER CCJ AO PROJETO DE LEI  Nº 2260/2021,,SIM,2023-12-12,
85765,7967,NOMINAL,PARECER CCJ AO PROJETO DE LEI  Nº 2260/2021,,SIM,2023-12-12,
85766,7967,NOMINAL,PARECER CCJ AO PROJETO DE LEI  Nº 2260/2021,,SIM,2023-12-12,
85767,7967,NOMINAL,PARECER CCJ AO PROJETO DE LEI  Nº 2260/2021,,SIM,2023-12-12,
85768,7967,NOMINAL,PARECER CCJ AO PROJETO DE LEI  Nº 2260/2021,,SIM,2023-12-12,
85769,7967,NOMINAL,PARECER CCJ AO PROJETO DE LEI  Nº 2260/2021,,SIM,2023-12-12,
85770,7967,NOMINAL,PARECER CCJ AO PROJETO DE LEI  Nº 2260/2021,,NAO,2023-12-12,
85771,7967,NOMINAL,PARECER CCJ AO PROJETO DE LEI  Nº 2260/2021,,SIM,2023-12-12,
85772,7967,NOMINAL,PARECER CCJ AO PROJETO DE LEI  Nº 2260/2021,,NAO,2023-12-12,
85773,7967,NOMINAL,PARECER CCJ AO PROJETO DE LEI  Nº 2260/2021,,SIM,2023-12-12,
85774,7967,NOMINAL,PARECER CCJ AO PROJETO DE LEI  Nº 2260/2021,,SIM,2023-12-12,
85775,7967,NOMINAL,PARECER CCJ AO PROJETO DE LEI  Nº 2260/2021,,SIM,2023-12-12,
85776,7967,NOMINAL,PARECER CCJ AO PROJETO DE LEI  Nº 2260/2021,,SIM,2023-12-12,
85777,7967,NOMINAL,PARECER CCJ AO PROJETO DE LEI  Nº 2260/2021,,SIM,2023-12-12,
85778,7968,NOMINAL,PARECER CDESCTMAT AO PROJETO DE LEI Nº 2260/2021,,NAO,2023-12-12,
85779,7968,NOMINAL,PARECER CDESCTMAT AO PROJETO DE LEI Nº 2260/2021,,SIM,2023-12-12,
85780,7968,NOMINAL,PARECER CDESCTMAT AO PROJETO DE LEI Nº 2260/2021,,NAO,2023-12-12,
85781,7968,NOMINAL,PARECER CDESCTMAT AO PROJETO DE LEI Nº 2260/2021,,SIM,2023-12-12,
85782,7968,NOMINAL,PARECER CDESCTMAT AO PROJETO DE LEI Nº 2260/2021,,NAO,2023-12-12,
85783,7968,NOMINAL,PARECER CDESCTMAT AO PROJETO DE LEI Nº 2260/2021,,NAO,2023-12-12,
85784,7968,NOMINAL,PARECER CDESCTMAT AO PROJETO DE LEI Nº 2260/2021,,SIM,2023-12-12,
85785,7968,NOMINAL,PARECER CDESCTMAT AO PROJETO DE LEI Nº 2260/2021,,SIM,2023-12-12,
85786,7968,NOMINAL,PARECER CDESCTMAT AO PROJETO DE LEI Nº 2260/2021,,SIM,2023-12-12,
85787,7968,NOMINAL,PARECER CDESCTMAT AO PROJETO DE LEI Nº 2260/2021,,SIM,2023-12-12,
85788,7968,NOMINAL,PARECER CDESCTMAT AO PROJETO DE LEI Nº 2260/2021,,SIM,2023-12-12,
85789,7968,NOMINAL,PARECER CDESCTMAT AO PROJETO DE LEI Nº 2260/2021,,SIM,2023-12-12,
85790,7968,NOMINAL,PARECER CDESCTMAT AO PROJETO DE LEI Nº 2260/2021,,SIM,2023-12-12,
85791,7968,NOMINAL,PARECER CDESCTMAT AO PROJETO DE LEI Nº 2260/2021,,NAO,2023-12-12,
85792,7968,NOMINAL,PARECER CDESCTMAT AO PROJETO DE LEI Nº 2260/2021,,SIM,2023-12-12,
85793,7968,NOMINAL,PARECER CDESCTMAT AO PROJETO DE LEI Nº 2260/2021,,NAO,2023-12-12,
85794,7968,NOMINAL,PARECER CDESCTMAT AO PROJETO DE LEI Nº 2260/2021,,NAO,2023-12-12,
85795,7968,NOMINAL,PARECER CDESCTMAT AO PROJETO DE LEI Nº 2260/2021,,SIM,2023-12-12,
85796,7968,NOMINAL,PARECER CDESCTMAT AO PROJETO DE LEI Nº 2260/2021,,SIM,2023-12-12,
85797,7968,NOMINAL,PARECER CDESCTMAT AO PROJETO DE LEI Nº 2260/2021,,SIM,2023-12-12,
85798,7968,NOMINAL,PARECER CDESCTMAT AO PROJETO DE LEI Nº 2260/2021,,SIM,2023-12-12,
85799,7968,NOMINAL,PARECER CDESCTMAT AO PROJETO DE LEI Nº 2260/2021,,SIM,2023-12-12,
85800,7969,NOMINAL,PARECER CTMU AO PROJETO DE LEI  Nº 2260/2021,,SIM,2023-12-12,
85801,7969,NOMINAL,PARECER CTMU AO PROJETO DE LEI  Nº 2260/2021,,NAO,2023-12-12,
85802,7969,NOMINAL,PARECER CTMU AO PROJETO DE LEI  Nº 2260/2021,,SIM,2023-12-12,
85803,7969,NOMINAL,PARECER CTMU AO PROJETO DE LEI  Nº 2260/2021,,NAO,2023-12-12,
85804,7969,NOMINAL,PARECER CTMU AO PROJETO DE LEI  Nº 2260/2021,,SIM,2023-12-12,
85805,7969,NOMINAL,PARECER CTMU AO PROJETO DE LEI  Nº 2260/2021,,SIM,2023-12-12,
85806,7969,NOMINAL,PARECER CTMU AO PROJETO DE LEI  Nº 2260/2021,,NAO,2023-12-12,
85807,7969,NOMINAL,PARECER CTMU AO PROJETO DE LEI  Nº 2260/2021,,NAO,2023-12-12,
85808,7969,NOMINAL,PARECER CTMU AO PROJETO DE LEI  Nº 2260/2021,,SIM,2023-12-12,
85809,7969,NOMINAL,PARECER CTMU AO PROJETO DE LEI  Nº 2260/2021,,NAO,2023-12-12,
85810,7969,NOMINAL,PARECER CTMU AO PROJETO DE LEI  Nº 2260/2021,,NAO,2023-12-12,
85811,7969,NOMINAL,PARECER CTMU AO PROJETO DE LEI  Nº 2260/2021,,NAO,2023-12-12,
85812,7969,NOMINAL,PARECER CTMU AO PROJETO DE LEI  Nº 2260/2021,,NAO,2023-12-12,
85813,7969,NOMINAL,PARECER CTMU AO PROJETO DE LEI  Nº 2260/2021,,NAO,2023-12-12,
85814,7969,NOMINAL,PARECER CTMU AO PROJETO DE LEI  Nº 2260/2021,,SIM,2023-12-12,
85815,7969,NOMINAL,PARECER CTMU AO PROJETO DE LEI  Nº 2260/2021,,NAO,2023-12-12,
85816,7969,NOMINAL,PARECER CTMU AO PROJETO DE LEI  Nº 2260/2021,,SIM,2023-12-12,
85817,7969,NOMINAL,PARECER CTMU AO PROJETO DE LEI  Nº 2260/2021,,SIM,2023-12-12,
85818,7969,NOMINAL,PARECER CTMU AO PROJETO DE LEI  Nº 2260/2021,,NAO,2023-12-12,
85819,7969,NOMINAL,PARECER CTMU AO PROJETO DE LEI  Nº 2260/2021,,NAO,2023-12-12,
85820,7969,NOMINAL,PARECER CTMU AO PROJETO DE LEI  Nº 2260/2021,,NAO,2023-12-12,
85821,7969,NOMINAL,PARECER CTMU AO PROJETO DE LEI  Nº 2260/2021,,NAO,2023-12-12,
85822,7969,NOMINAL,PARECER CTMU AO PROJETO DE LEI  Nº 2260/2021,,NAO,2023-12-12,
85823,7970,NOMINAL,PARECER CFGTC AO PROJETO DE LEI  Nº 2260/2021,,NAO,2023-12-12,
85824,7970,NOMINAL,PARECER CFGTC AO PROJETO DE LEI  Nº 2260/2021,,SIM,2023-12-12,
85825,7970,NOMINAL,PARECER CFGTC AO PROJETO DE LEI  Nº 2260/2021,,NAO,2023-12-12,
85826,7970,NOMINAL,PARECER CFGTC AO PROJETO DE LEI  Nº 2260/2021,,SIM,2023-12-12,
85827,7970,NOMINAL,PARECER CFGTC AO PROJETO DE LEI  Nº 2260/2021,,NAO,2023-12-12,
85828,7970,NOMINAL,PARECER CFGTC AO PROJETO DE LEI  Nº 2260/2021,,NAO,2023-12-12,
85829,7970,NOMINAL,PARECER CFGTC AO PROJETO DE LEI  Nº 2260/2021,,SIM,2023-12-12,
85830,7970,NOMINAL,PARECER CFGTC AO PROJETO DE LEI  Nº 2260/2021,,SIM,2023-12-12,
85831,7970,NOMINAL,PARECER CFGTC AO PROJETO DE LEI  Nº 2260/2021,,SIM,2023-12-12,
85832,7970,NOMINAL,PARECER CFGTC AO PROJETO DE LEI  Nº 2260/2021,,SIM,2023-12-12,
85833,7970,NOMINAL,PARECER CFGTC AO PROJETO DE LEI  Nº 2260/2021,,SIM,2023-12-12,
85834,7970,NOMINAL,PARECER CFGTC AO PROJETO DE LEI  Nº 2260/2021,,SIM,2023-12-12,
85835,7970,NOMINAL,PARECER CFGTC AO PROJETO DE LEI  Nº 2260/2021,,SIM,2023-12-12,
85836,7970,NOMINAL,PARECER CFGTC AO PROJETO DE LEI  Nº 2260/2021,,NAO,2023-12-12,
85837,7970,NOMINAL,PARECER CFGTC AO PROJETO DE LEI  Nº 2260/2021,,SIM,2023-12-12,
85838,7970,NOMINAL,PARECER CFGTC AO PROJETO DE LEI  Nº 2260/2021,,SIM,2023-12-12,
85839,7970,NOMINAL,PARECER CFGTC AO PROJETO DE LEI  Nº 2260/2021,,NAO,2023-12-12,
85840,7970,NOMINAL,PARECER CFGTC AO PROJETO DE LEI  Nº 2260/2021,,SIM,2023-12-12,
85841,7970,NOMINAL,PARECER CFGTC AO PROJETO DE LEI  Nº 2260/2021,,SIM,2023-12-12,
85842,7970,NOMINAL,PARECER CFGTC AO PROJETO DE LEI  Nº 2260/2021,,SIM,2023-12-12,
85843,7970,NOMINAL,PARECER CFGTC AO PROJETO DE LEI  Nº 2260/2021,,SIM,2023-12-12,
85844,7970,NOMINAL,PARECER CFGTC AO PROJETO DE LEI  Nº 2260/2021,,SIM,2023-12-12,
85845,7971,NOMINAL,PARECER CEOF AO PROJETO DE LEI Nº 2260/2021,,NAO,2023-12-12,
85846,7971,NOMINAL,PARECER CEOF AO PROJETO DE LEI Nº 2260/2021,,SIM,2023-12-12,
85847,7971,NOMINAL,PARECER CEOF AO PROJETO DE LEI Nº 2260/2021,,NAO,2023-12-12,
85848,7971,NOMINAL,PARECER CEOF AO PROJETO DE LEI Nº 2260/2021,,SIM,2023-12-12,
85849,7971,NOMINAL,PARECER CEOF AO PROJETO DE LEI Nº 2260/2021,,NAO,2023-12-12,
85850,7971,NOMINAL,PARECER CEOF AO PROJETO DE LEI Nº 2260/2021,,NAO,2023-12-12,
85851,7971,NOMINAL,PARECER CEOF AO PROJETO DE LEI Nº 2260/2021,,SIM,2023-12-12,
85852,7971,NOMINAL,PARECER CEOF AO PROJETO DE LEI Nº 2260/2021,,SIM,2023-12-12,
85853,7971,NOMINAL,PARECER CEOF AO PROJETO DE LEI Nº 2260/2021,,SIM,2023-12-12,
85854,7971,NOMINAL,PARECER CEOF AO PROJETO DE LEI Nº 2260/2021,,SIM,2023-12-12,
85855,7971,NOMINAL,PARECER CEOF AO PROJETO DE LEI Nº 2260/2021,,SIM,2023-12-12,
85856,7971,NOMINAL,PARECER CEOF AO PROJETO DE LEI Nº 2260/2021,,SIM,2023-12-12,
85857,7971,NOMINAL,PARECER CEOF AO PROJETO DE LEI Nº 2260/2021,,SIM,2023-12-12,
85858,7971,NOMINAL,PARECER CEOF AO PROJETO DE LEI Nº 2260/2021,,NAO,2023-12-12,
85859,7971,NOMINAL,PARECER CEOF AO PROJETO DE LEI Nº 2260/2021,,SIM,2023-12-12,
85860,7971,NOMINAL,PARECER CEOF AO PROJETO DE LEI Nº 2260/2021,,NAO,2023-12-12,
85861,7971,NOMINAL,PARECER CEOF AO PROJETO DE LEI Nº 2260/2021,,NAO,2023-12-12,
85862,7971,NOMINAL,PARECER CEOF AO PROJETO DE LEI Nº 2260/2021,,SIM,2023-12-12,
85863,7971,NOMINAL,PARECER CEOF AO PROJETO DE LEI Nº 2260/2021,,SIM,2023-12-12,
85864,7971,NOMINAL,PARECER CEOF AO PROJETO DE LEI Nº 2260/2021,,SIM,2023-12-12,
85865,7971,NOMINAL,PARECER CEOF AO PROJETO DE LEI Nº 2260/2021,,SIM,2023-12-12,
85866,7971,NOMINAL,PARECER CEOF AO PROJETO DE LEI Nº 2260/2021,,SIM,2023-12-12,
85867,7983,NOMINAL,PARECER CAF AO PL Nº 2260/2021,,NAO,2023-12-12,
85868,7983,NOMINAL,PARECER CAF AO PL Nº 2260/2021,,SIM,2023-12-12,
85869,7983,NOMINAL,PARECER CAF AO PL Nº 2260/2021,,NAO,2023-12-12,
85870,7983,NOMINAL,PARECER CAF AO PL Nº 2260/2021,,SIM,2023-12-12,
85871,7983,NOMINAL,PARECER CAF AO PL Nº 2260/2021,,NAO,2023-12-12,
85872,7983,NOMINAL,PARECER CAF AO PL Nº 2260/2021,,NAO,2023-12-12,
85873,7983,NOMINAL,PARECER CAF AO PL Nº 2260/2021,,SIM,2023-12-12,
85874,7983,NOMINAL,PARECER CAF AO PL Nº 2260/2021,,SIM,2023-12-12,
85875,7983,NOMINAL,PARECER CAF AO PL Nº 2260/2021,,SIM,2023-12-12,
85876,7983,NOMINAL,PARECER CAF AO PL Nº 2260/2021,,SIM,2023-12-12,
85877,7983,NOMINAL,PARECER CAF AO PL Nº 2260/2021,,SIM,2023-12-12,
85878,7983,NOMINAL,PARECER CAF AO PL Nº 2260/2021,,SIM,2023-12-12,
85879,7983,NOMINAL,PARECER CAF AO PL Nº 2260/2021,,SIM,2023-12-12,
85880,7983,NOMINAL,PARECER CAF AO PL Nº 2260/2021,,NAO,2023-12-12,
85881,7983,NOMINAL,PARECER CAF AO PL Nº 2260/2021,,SIM,2023-12-12,
85882,7983,NOMINAL,PARECER CAF AO PL Nº 2260/2021,,NAO,2023-12-12,
85883,7983,NOMINAL,PARECER CAF AO PL Nº 2260/2021,,NAO,2023-12-12,
85884,7983,NOMINAL,PARECER CAF AO PL Nº 2260/2021,,SIM,2023-12-12,
85885,7983,NOMINAL,PARECER CAF AO PL Nº 2260/2021,,SIM,2023-12-12,
85886,7983,NOMINAL,PARECER CAF AO PL Nº 2260/2021,,SIM,2023-12-12,
85887,7983,NOMINAL,PARECER CAF AO PL Nº 2260/2021,,SIM,2023-12-12,
85888,7983,NOMINAL,PARECER CAF AO PL Nº 2260/2021,,SIM,2023-12-12,
85889,8035,NOMINAL,BLOCO PDL 13.12.2023,,SIM,2023-12-13,
85890,8035,NOMINAL,BLOCO PDL 13.12.2023,,SIM,2023-12-13,
85891,8035,NOMINAL,BLOCO PDL 13.12.2023,,SIM,2023-12-13,
85892,8035,NOMINAL,BLOCO PDL 13.12.2023,,SIM,2023-12-13,
85893,8035,NOMINAL,BLOCO PDL 13.12.2023,,SIM,2023-12-13,
85894,8035,NOMINAL,BLOCO PDL 13.12.2023,,SIM,2023-12-13,
85895,8035,NOMINAL,BLOCO PDL 13.12.2023,,SIM,2023-12-13,
85896,8035,NOMINAL,BLOCO PDL 13.12.2023,,SIM,2023-12-13,
85897,8035,NOMINAL,BLOCO PDL 13.12.2023,,SIM,2023-12-13,
85898,8035,NOMINAL,BLOCO PDL 13.12.2023,,SIM,2023-12-13,
85899,8035,NOMINAL,BLOCO PDL 13.12.2023,,SIM,2023-12-13,
85900,8035,NOMINAL,BLOCO PDL 13.12.2023,,SIM,2023-12-13,
85901,8035,NOMINAL,BLOCO PDL 13.12.2023,,SIM,2023-12-13,
85902,8035,NOMINAL,BLOCO PDL 13.12.2023,,SIM,2023-12-13,
85903,8035,NOMINAL,BLOCO PDL 13.12.2023,,ABSTENCAO,2023-12-13,
85904,8035,NOMINAL,BLOCO PDL 13.12.2023,,SIM,2023-12-13,
85905,8043,NOMINAL,BLOCO REQUERIMENTOS 13.12.2023,,SIM,2023-12-13,
85906,8043,NOMINAL,BLOCO REQUERIMENTOS 13.12.2023,,SIM,2023-12-13,
85907,8043,NOMINAL,BLOCO REQUERIMENTOS 13.12.2023,,SIM,2023-12-13,
85908,8043,NOMINAL,BLOCO REQUERIMENTOS 13.12.2023,,SIM,2023-12-13,
85909,8043,NOMINAL,BLOCO REQUERIMENTOS 13.12.2023,,SIM,2023-12-13,
85910,8043,NOMINAL,BLOCO REQUERIMENTOS 13.12.2023,,SIM,2023-12-13,
85911,8043,NOMINAL,BLOCO REQUERIMENTOS 13.12.2023,,SIM,2023-12-13,
85912,8043,NOMINAL,BLOCO REQUERIMENTOS 13.12.2023,,SIM,2023-12-13,
85913,8043,NOMINAL,BLOCO REQUERIMENTOS 13.12.2023,,SIM,2023-12-13,
85914,8043,NOMINAL,BLOCO REQUERIMENTOS 13.12.2023,,SIM,2023-12-13,
85915,8043,NOMINAL,BLOCO REQUERIMENTOS 13.12.2023,,SIM,2023-12-13,
85916,8043,NOMINAL,BLOCO REQUERIMENTOS 13.12.2023,,SIM,2023-12-13,
85917,8043,NOMINAL,BLOCO REQUERIMENTOS 13.12.2023,,SIM,2023-12-13,
85918,8043,NOMINAL,BLOCO REQUERIMENTOS 13.12.2023,,SIM,2023-12-13,
85919,8043,NOMINAL,BLOCO REQUERIMENTOS 13.12.2023,,SIM,2023-12-13,
85920,8043,NOMINAL,BLOCO REQUERIMENTOS 13.12.2023,,SIM,2023-12-13,
85921,8043,NOMINAL,BLOCO REQUERIMENTOS 13.12.2023,,SIM,2023-12-13,
85922,8043,NOMINAL,BLOCO REQUERIMENTOS 13.12.2023,,SIM,2023-12-13,
85923,8057,NOMINAL,EMENDA DESTACADA AO PL Nº 689/2023,16818,NAO,2023-12-13,
85924,8057,NOMINAL,EMENDA DESTACADA AO PL Nº 689/2023,16818,NAO,2023-12-13,
85925,8057,NOMINAL,EMENDA DESTACADA AO PL Nº 689/2023,16818,NAO,2023-12-13,
85926,8057,NOMINAL,EMENDA DESTACADA AO PL Nº 689/2023,16818,NAO,2023-12-13,
85927,8057,NOMINAL,EMENDA DESTACADA AO PL Nº 689/2023,16818,NAO,2023-12-13,
85928,8057,NOMINAL,EMENDA DESTACADA AO PL Nº 689/2023,16818,NAO,2023-12-13,
85929,8057,NOMINAL,EMENDA DESTACADA AO PL Nº 689/2023,16818,NAO,2023-12-13,
85930,8057,NOMINAL,EMENDA DESTACADA AO PL Nº 689/2023,16818,NAO,2023-12-13,
85931,8057,NOMINAL,EMENDA DESTACADA AO PL Nº 689/2023,16818,NAO,2023-12-13,
85932,8057,NOMINAL,EMENDA DESTACADA AO PL Nº 689/2023,16818,NAO,2023-12-13,
85933,8057,NOMINAL,EMENDA DESTACADA AO PL Nº 689/2023,16818,NAO,2023-12-13,
85934,8057,NOMINAL,EMENDA DESTACADA AO PL Nº 689/2023,16818,NAO,2023-12-13,
85935,8057,NOMINAL,EMENDA DESTACADA AO PL Nº 689/2023,16818,NAO,2023-12-13,
85936,8057,NOMINAL,EMENDA DESTACADA AO PL Nº 689/2023,16818,NAO,2023-12-13,
85937,8057,NOMINAL,EMENDA DESTACADA AO PL Nº 689/2023,16818,NAO,2023-12-13,
85938,8057,NOMINAL,EMENDA DESTACADA AO PL Nº 689/2023,16818,NAO,2023-12-13,
85939,8057,NOMINAL,EMENDA DESTACADA AO PL Nº 689/2023,16818,NAO,2023-12-13,
85940,8057,NOMINAL,EMENDA DESTACADA AO PL Nº 689/2023,16818,NAO,2023-12-13,
85941,8057,NOMINAL,EMENDA DESTACADA AO PL Nº 689/2023,16818,NAO,2023-12-13,
85942,8092,NOMINAL,EMENDA DESTACADA Nº 3 AO PL 847/2024,17996,NAO,2024-02-06,
85943,8092,NOMINAL,EMENDA DESTACADA Nº 3 AO PL 847/2024,17996,NAO,2024-02-06,
85944,8092,NOMINAL,EMENDA DESTACADA Nº 3 AO PL 847/2024,17996,NAO,2024-02-06,
85945,8092,NOMINAL,EMENDA DESTACADA Nº 3 AO PL 847/2024,17996,NAO,2024-02-06,
85946,8092,NOMINAL,EMENDA DESTACADA Nº 3 AO PL 847/2024,17996,NAO,2024-02-06,
85947,8092,NOMINAL,EMENDA DESTACADA Nº 3 AO PL 847/2024,17996,NAO,2024-02-06,
85948,8092,NOMINAL,EMENDA DESTACADA Nº 3 AO PL 847/2024,17996,NAO,2024-02-06,
85949,8092,NOMINAL,EMENDA DESTACADA Nº 3 AO PL 847/2024,17996,NAO,2024-02-06,
85950,8092,NOMINAL,EMENDA DESTACADA Nº 3 AO PL 847/2024,17996,NAO,2024-02-06,
85951,8092,NOMINAL,EMENDA DESTACADA Nº 3 AO PL 847/2024,17996,NAO,2024-02-06,
85952,8092,NOMINAL,EMENDA DESTACADA Nº 3 AO PL 847/2024,17996,NAO,2024-02-06,
85953,8092,NOMINAL,EMENDA DESTACADA Nº 3 AO PL 847/2024,17996,NAO,2024-02-06,
85954,8092,NOMINAL,EMENDA DESTACADA Nº 3 AO PL 847/2024,17996,NAO,2024-02-06,
85955,8092,NOMINAL,EMENDA DESTACADA Nº 3 AO PL 847/2024,17996,NAO,2024-02-06,
85956,8092,NOMINAL,EMENDA DESTACADA Nº 3 AO PL 847/2024,17996,NAO,2024-02-06,
85957,8092,NOMINAL,EMENDA DESTACADA Nº 3 AO PL 847/2024,17996,NAO,2024-02-06,
85958,8092,NOMINAL,EMENDA DESTACADA Nº 3 AO PL 847/2024,17996,NAO,2024-02-06,
85959,8092,NOMINAL,EMENDA DESTACADA Nº 3 AO PL 847/2024,17996,NAO,2024-02-06,
85960,8092,NOMINAL,EMENDA DESTACADA Nº 3 AO PL 847/2024,17996,NAO,2024-02-06,
85961,8092,NOMINAL,EMENDA DESTACADA Nº 3 AO PL 847/2024,17996,NAO,2024-02-06,
85962,8096,NOMINAL,TURNO ÚNICO PROJETO DE DECRETO LEGISLATIVO Nº 62/2023.,15510,NAO,2024-02-06,
85963,8096,NOMINAL,TURNO ÚNICO PROJETO DE DECRETO LEGISLATIVO Nº 62/2023.,15510,SIM,2024-02-06,
85964,8096,NOMINAL,TURNO ÚNICO PROJETO DE DECRETO LEGISLATIVO Nº 62/2023.,15510,SIM,2024-02-06,
85965,8096,NOMINAL,TURNO ÚNICO PROJETO DE DECRETO LEGISLATIVO Nº 62/2023.,15510,NAO,2024-02-06,
85966,8096,NOMINAL,TURNO ÚNICO PROJETO DE DECRETO LEGISLATIVO Nº 62/2023.,15510,NAO,2024-02-06,
85967,8096,NOMINAL,TURNO ÚNICO PROJETO DE DECRETO LEGISLATIVO Nº 62/2023.,15510,SIM,2024-02-06,
85968,8096,NOMINAL,TURNO ÚNICO PROJETO DE DECRETO LEGISLATIVO Nº 62/2023.,15510,SIM,2024-02-06,
85969,8096,NOMINAL,TURNO ÚNICO PROJETO DE DECRETO LEGISLATIVO Nº 62/2023.,15510,SIM,2024-02-06,
85970,8096,NOMINAL,TURNO ÚNICO PROJETO DE DECRETO LEGISLATIVO Nº 62/2023.,15510,SIM,2024-02-06,
85971,8096,NOMINAL,TURNO ÚNICO PROJETO DE DECRETO LEGISLATIVO Nº 62/2023.,15510,NAO,2024-02-06,
85972,8096,NOMINAL,TURNO ÚNICO PROJETO DE DECRETO LEGISLATIVO Nº 62/2023.,15510,SIM,2024-02-06,
85973,8096,NOMINAL,TURNO ÚNICO PROJETO DE DECRETO LEGISLATIVO Nº 62/2023.,15510,SIM,2024-02-06,
85974,8096,NOMINAL,TURNO ÚNICO PROJETO DE DECRETO LEGISLATIVO Nº 62/2023.,15510,SIM,2024-02-06,
85975,8096,NOMINAL,TURNO ÚNICO PROJETO DE DECRETO LEGISLATIVO Nº 62/2023.,15510,NAO,2024-02-06,
85976,8096,NOMINAL,TURNO ÚNICO PROJETO DE DECRETO LEGISLATIVO Nº 62/2023.,15510,SIM,2024-02-06,
85977,8096,NOMINAL,TURNO ÚNICO PROJETO DE DECRETO LEGISLATIVO Nº 62/2023.,15510,SIM,2024-02-06,
85978,8096,NOMINAL,TURNO ÚNICO PROJETO DE DECRETO LEGISLATIVO Nº 62/2023.,15510,SIM,2024-02-06,
85979,8096,NOMINAL,TURNO ÚNICO PROJETO DE DECRETO LEGISLATIVO Nº 62/2023.,15510,SIM,2024-02-06,
85980,8098,NOMINAL,BLOCO VETOS 20.02.2024,,NAO,2024-02-20,
85981,8098,NOMINAL,BLOCO VETOS 20.02.2024,,NAO,2024-02-20,
85982,8098,NOMINAL,BLOCO VETOS 20.02.2024,,NAO,2024-02-20,
85983,8098,NOMINAL,BLOCO VETOS 20.02.2024,,NAO,2024-02-20,
85984,8098,NOMINAL,BLOCO VETOS 20.02.2024,,NAO,2024-02-20,
85985,8098,NOMINAL,BLOCO VETOS 20.02.2024,,NAO,2024-02-20,
85986,8098,NOMINAL,BLOCO VETOS 20.02.2024,,NAO,2024-02-20,
85987,8098,NOMINAL,BLOCO VETOS 20.02.2024,,NAO,2024-02-20,
85988,8098,NOMINAL,BLOCO VETOS 20.02.2024,,NAO,2024-02-20,
85989,8098,NOMINAL,BLOCO VETOS 20.02.2024,,NAO,2024-02-20,
85990,8098,NOMINAL,BLOCO VETOS 20.02.2024,,NAO,2024-02-20,
85991,8098,NOMINAL,BLOCO VETOS 20.02.2024,,NAO,2024-02-20,
85992,8098,NOMINAL,BLOCO VETOS 20.02.2024,,NAO,2024-02-20,
85993,8098,NOMINAL,BLOCO VETOS 20.02.2024,,NAO,2024-02-20,
85994,8098,NOMINAL,BLOCO VETOS 20.02.2024,,NAO,2024-02-20,
85995,8098,NOMINAL,BLOCO VETOS 20.02.2024,,NAO,2024-02-20,
85996,8098,NOMINAL,BLOCO VETOS 20.02.2024,,NAO,2024-02-20,
85997,8104,NOMINAL,PARECER CDESCTMAT.,,SIM,2024-02-20,
85998,8104,NOMINAL,PARECER CDESCTMAT.,,SIM,2024-02-20,
85999,8104,NOMINAL,PARECER CDESCTMAT.,,SIM,2024-02-20,
86000,8104,NOMINAL,PARECER CDESCTMAT.,,SIM,2024-02-20,
86001,8104,NOMINAL,PARECER CDESCTMAT.,,SIM,2024-02-20,
86002,8104,NOMINAL,PARECER CDESCTMAT.,,SIM,2024-02-20,
86003,8104,NOMINAL,PARECER CDESCTMAT.,,SIM,2024-02-20,
86004,8104,NOMINAL,PARECER CDESCTMAT.,,SIM,2024-02-20,
86005,8104,NOMINAL,PARECER CDESCTMAT.,,SIM,2024-02-20,
86006,8104,NOMINAL,PARECER CDESCTMAT.,,SIM,2024-02-20,
86007,8104,NOMINAL,PARECER CDESCTMAT.,,SIM,2024-02-20,
86008,8104,NOMINAL,PARECER CDESCTMAT.,,SIM,2024-02-20,
86009,8104,NOMINAL,PARECER CDESCTMAT.,,SIM,2024-02-20,
86010,8104,NOMINAL,PARECER CDESCTMAT.,,SIM,2024-02-20,
86011,8104,NOMINAL,PARECER CDESCTMAT.,,SIM,2024-02-20,
86012,8104,NOMINAL,PARECER CDESCTMAT.,,SIM,2024-02-20,
86013,8104,NOMINAL,PARECER CDESCTMAT.,,SIM,2024-02-20,
86014,8104,NOMINAL,PARECER CDESCTMAT.,,SIM,2024-02-20,
86015,8104,NOMINAL,PARECER CDESCTMAT.,,SIM,2024-02-20,
86016,8116,NOMINAL,BLOCO PDL 20.02.2024,,SIM,2024-02-20,
86017,8116,NOMINAL,BLOCO PDL 20.02.2024,,SIM,2024-02-20,
86018,8116,NOMINAL,BLOCO PDL 20.02.2024,,SIM,2024-02-20,
86019,8116,NOMINAL,BLOCO PDL 20.02.2024,,SIM,2024-02-20,
86020,8116,NOMINAL,BLOCO PDL 20.02.2024,,SIM,2024-02-20,
86021,8116,NOMINAL,BLOCO PDL 20.02.2024,,SIM,2024-02-20,
86022,8116,NOMINAL,BLOCO PDL 20.02.2024,,SIM,2024-02-20,
86023,8116,NOMINAL,BLOCO PDL 20.02.2024,,SIM,2024-02-20,
86024,8116,NOMINAL,BLOCO PDL 20.02.2024,,SIM,2024-02-20,
86025,8116,NOMINAL,BLOCO PDL 20.02.2024,,SIM,2024-02-20,
86026,8116,NOMINAL,BLOCO PDL 20.02.2024,,SIM,2024-02-20,
86027,8116,NOMINAL,BLOCO PDL 20.02.2024,,SIM,2024-02-20,
86028,8116,NOMINAL,BLOCO PDL 20.02.2024,,SIM,2024-02-20,
86029,8116,NOMINAL,BLOCO PDL 20.02.2024,,SIM,2024-02-20,
86030,8116,NOMINAL,BLOCO PDL 20.02.2024,,SIM,2024-02-20,
86031,8116,NOMINAL,BLOCO PDL 20.02.2024,,SIM,2024-02-20,
86032,8146,NOMINAL,1º TURNO PROJETO DE LEI COMPLEMENTAR Nº 5/2023,10520,NAO,2024-06-25,
86033,8146,NOMINAL,1º TURNO PROJETO DE LEI COMPLEMENTAR Nº 5/2023,10520,SIM,2024-06-25,
86034,8146,NOMINAL,1º TURNO PROJETO DE LEI COMPLEMENTAR Nº 5/2023,10520,NAO,2024-06-25,
86035,8146,NOMINAL,1º TURNO PROJETO DE LEI COMPLEMENTAR Nº 5/2023,10520,SIM,2024-06-25,
86036,8146,NOMINAL,1º TURNO PROJETO DE LEI COMPLEMENTAR Nº 5/2023,10520,NAO,2024-06-25,
86037,8146,NOMINAL,1º TURNO PROJETO DE LEI COMPLEMENTAR Nº 5/2023,10520,NAO,2024-06-25,
86038,8146,NOMINAL,1º TURNO PROJETO DE LEI COMPLEMENTAR Nº 5/2023,10520,SIM,2024-06-25,
86039,8146,NOMINAL,1º TURNO PROJETO DE LEI COMPLEMENTAR Nº 5/2023,10520,SIM,2024-06-25,
86040,8146,NOMINAL,1º TURNO PROJETO DE LEI COMPLEMENTAR Nº 5/2023,10520,SIM,2024-06-25,
86041,8146,NOMINAL,1º TURNO PROJETO DE LEI COMPLEMENTAR Nº 5/2023,10520,SIM,2024-06-25,
86042,8146,NOMINAL,1º TURNO PROJETO DE LEI COMPLEMENTAR Nº 5/2023,10520,SIM,2024-06-25,
86043,8146,NOMINAL,1º TURNO PROJETO DE LEI COMPLEMENTAR Nº 5/2023,10520,SIM,2024-06-25,
86044,8146,NOMINAL,1º TURNO PROJETO DE LEI COMPLEMENTAR Nº 5/2023,10520,SIM,2024-06-25,
86045,8146,NOMINAL,1º TURNO PROJETO DE LEI COMPLEMENTAR Nº 5/2023,10520,NAO,2024-06-25,
86046,8146,NOMINAL,1º TURNO PROJETO DE LEI COMPLEMENTAR Nº 5/2023,10520,SIM,2024-06-25,
86047,8146,NOMINAL,1º TURNO PROJETO DE LEI COMPLEMENTAR Nº 5/2023,10520,SIM,2024-06-25,
86048,8146,NOMINAL,1º TURNO PROJETO DE LEI COMPLEMENTAR Nº 5/2023,10520,NAO,2024-06-25,
86049,8146,NOMINAL,1º TURNO PROJETO DE LEI COMPLEMENTAR Nº 5/2023,10520,SIM,2024-06-25,
86050,8146,NOMINAL,1º TURNO PROJETO DE LEI COMPLEMENTAR Nº 5/2023,10520,SIM,2024-06-25,
86051,8146,NOMINAL,1º TURNO PROJETO DE LEI COMPLEMENTAR Nº 5/2023,10520,SIM,2024-06-25,
86052,8146,NOMINAL,1º TURNO PROJETO DE LEI COMPLEMENTAR Nº 5/2023,10520,SIM,2024-06-25,
86053,8146,NOMINAL,1º TURNO PROJETO DE LEI COMPLEMENTAR Nº 5/2023,10520,SIM,2024-06-25,
86054,8147,NOMINAL,2º TURNO PROJETO DE LEI COMPLEMENTAR Nº 5/2023,10520,NAO,2024-06-25,
86055,8147,NOMINAL,2º TURNO PROJETO DE LEI COMPLEMENTAR Nº 5/2023,10520,SIM,2024-06-25,
86056,8147,NOMINAL,2º TURNO PROJETO DE LEI COMPLEMENTAR Nº 5/2023,10520,NAO,2024-06-25,
86057,8147,NOMINAL,2º TURNO PROJETO DE LEI COMPLEMENTAR Nº 5/2023,10520,SIM,2024-06-25,
86058,8147,NOMINAL,2º TURNO PROJETO DE LEI COMPLEMENTAR Nº 5/2023,10520,NAO,2024-06-25,
86059,8147,NOMINAL,2º TURNO PROJETO DE LEI COMPLEMENTAR Nº 5/2023,10520,NAO,2024-06-25,
86060,8147,NOMINAL,2º TURNO PROJETO DE LEI COMPLEMENTAR Nº 5/2023,10520,SIM,2024-06-25,
86061,8147,NOMINAL,2º TURNO PROJETO DE LEI COMPLEMENTAR Nº 5/2023,10520,SIM,2024-06-25,
86062,8147,NOMINAL,2º TURNO PROJETO DE LEI COMPLEMENTAR Nº 5/2023,10520,SIM,2024-06-25,
86063,8147,NOMINAL,2º TURNO PROJETO DE LEI COMPLEMENTAR Nº 5/2023,10520,SIM,2024-06-25,
86064,8147,NOMINAL,2º TURNO PROJETO DE LEI COMPLEMENTAR Nº 5/2023,10520,SIM,2024-06-25,
86065,8147,NOMINAL,2º TURNO PROJETO DE LEI COMPLEMENTAR Nº 5/2023,10520,SIM,2024-06-25,
86066,8147,NOMINAL,2º TURNO PROJETO DE LEI COMPLEMENTAR Nº 5/2023,10520,SIM,2024-06-25,
86067,8147,NOMINAL,2º TURNO PROJETO DE LEI COMPLEMENTAR Nº 5/2023,10520,NAO,2024-06-25,
86068,8147,NOMINAL,2º TURNO PROJETO DE LEI COMPLEMENTAR Nº 5/2023,10520,SIM,2024-06-25,
86069,8147,NOMINAL,2º TURNO PROJETO DE LEI COMPLEMENTAR Nº 5/2023,10520,SIM,2024-06-25,
86070,8147,NOMINAL,2º TURNO PROJETO DE LEI COMPLEMENTAR Nº 5/2023,10520,NAO,2024-06-25,
86071,8147,NOMINAL,2º TURNO PROJETO DE LEI COMPLEMENTAR Nº 5/2023,10520,SIM,2024-06-25,
86072,8147,NOMINAL,2º TURNO PROJETO DE LEI COMPLEMENTAR Nº 5/2023,10520,SIM,2024-06-25,
86073,8147,NOMINAL,2º TURNO PROJETO DE LEI COMPLEMENTAR Nº 5/2023,10520,SIM,2024-06-25,
86074,8147,NOMINAL,2º TURNO PROJETO DE LEI COMPLEMENTAR Nº 5/2023,10520,SIM,2024-06-25,
86075,8147,NOMINAL,2º TURNO PROJETO DE LEI COMPLEMENTAR Nº 5/2023,10520,SIM,2024-06-25,
86076,8169,NOMINAL,2º TURNO DO PROJETO DE LEI Nº 974/2024,18514,SIM,2024-03-05,
86077,8169,NOMINAL,2º TURNO DO PROJETO DE LEI Nº 974/2024,18514,SIM,2024-03-05,
86078,8169,NOMINAL,2º TURNO DO PROJETO DE LEI Nº 974/2024,18514,SIM,2024-03-05,
86079,8169,NOMINAL,2º TURNO DO PROJETO DE LEI Nº 974/2024,18514,SIM,2024-03-05,
86080,8169,NOMINAL,2º TURNO DO PROJETO DE LEI Nº 974/2024,18514,SIM,2024-03-05,
86081,8169,NOMINAL,2º TURNO DO PROJETO DE LEI Nº 974/2024,18514,SIM,2024-03-05,
86082,8169,NOMINAL,2º TURNO DO PROJETO DE LEI Nº 974/2024,18514,SIM,2024-03-05,
86083,8169,NOMINAL,2º TURNO DO PROJETO DE LEI Nº 974/2024,18514,SIM,2024-03-05,
86084,8169,NOMINAL,2º TURNO DO PROJETO DE LEI Nº 974/2024,18514,SIM,2024-03-05,
86085,8169,NOMINAL,2º TURNO DO PROJETO DE LEI Nº 974/2024,18514,SIM,2024-03-05,
86086,8169,NOMINAL,2º TURNO DO PROJETO DE LEI Nº 974/2024,18514,SIM,2024-03-05,
86087,8169,NOMINAL,2º TURNO DO PROJETO DE LEI Nº 974/2024,18514,SIM,2024-03-05,
86088,8169,NOMINAL,2º TURNO DO PROJETO DE LEI Nº 974/2024,18514,SIM,2024-03-05,
86089,8169,NOMINAL,2º TURNO DO PROJETO DE LEI Nº 974/2024,18514,SIM,2024-03-05,
86090,8169,NOMINAL,2º TURNO DO PROJETO DE LEI Nº 974/2024,18514,SIM,2024-03-05,
86091,8169,NOMINAL,2º TURNO DO PROJETO DE LEI Nº 974/2024,18514,SIM,2024-03-05,
86092,8169,NOMINAL,2º TURNO DO PROJETO DE LEI Nº 974/2024,18514,SIM,2024-03-05,
86093,8169,NOMINAL,2º TURNO DO PROJETO DE LEI Nº 974/2024,18514,SIM,2024-03-05,
86094,8169,NOMINAL,2º TURNO DO PROJETO DE LEI Nº 974/2024,18514,SIM,2024-03-05,
86095,8169,NOMINAL,2º TURNO DO PROJETO DE LEI Nº 974/2024,18514,SIM,2024-03-05,
86096,8176,NOMINAL,BLOCO REQUERIMENTOS 05.03.2024,,SIM,2024-03-05,
86097,8176,NOMINAL,BLOCO REQUERIMENTOS 05.03.2024,,SIM,2024-03-05,
86098,8176,NOMINAL,BLOCO REQUERIMENTOS 05.03.2024,,SIM,2024-03-05,
86099,8176,NOMINAL,BLOCO REQUERIMENTOS 05.03.2024,,SIM,2024-03-05,
86100,8176,NOMINAL,BLOCO REQUERIMENTOS 05.03.2024,,SIM,2024-03-05,
86101,8176,NOMINAL,BLOCO REQUERIMENTOS 05.03.2024,,SIM,2024-03-05,
86102,8176,NOMINAL,BLOCO REQUERIMENTOS 05.03.2024,,SIM,2024-03-05,
86103,8176,NOMINAL,BLOCO REQUERIMENTOS 05.03.2024,,SIM,2024-03-05,
86104,8176,NOMINAL,BLOCO REQUERIMENTOS 05.03.2024,,SIM,2024-03-05,
86105,8176,NOMINAL,BLOCO REQUERIMENTOS 05.03.2024,,SIM,2024-03-05,
86106,8176,NOMINAL,BLOCO REQUERIMENTOS 05.03.2024,,SIM,2024-03-05,
86107,8176,NOMINAL,BLOCO REQUERIMENTOS 05.03.2024,,SIM,2024-03-05,
86108,8176,NOMINAL,BLOCO REQUERIMENTOS 05.03.2024,,SIM,2024-03-05,
86109,8176,NOMINAL,BLOCO REQUERIMENTOS 05.03.2024,,SIM,2024-03-05,
86110,8176,NOMINAL,BLOCO REQUERIMENTOS 05.03.2024,,SIM,2024-03-05,
86111,8176,NOMINAL,BLOCO REQUERIMENTOS 05.03.2024,,SIM,2024-03-05,
86112,8176,NOMINAL,BLOCO REQUERIMENTOS 05.03.2024,,SIM,2024-03-05,
86113,8176,NOMINAL,BLOCO REQUERIMENTOS 05.03.2024,,SIM,2024-03-05,
86114,8176,NOMINAL,BLOCO REQUERIMENTOS 05.03.2024,,SIM,2024-03-05,
86115,8176,NOMINAL,BLOCO REQUERIMENTOS 05.03.2024,,SIM,2024-03-05,
86116,8179,NOMINAL,2º TURNO DO PROJETO DE RESOLUÇÃO Nº 6/2019,,SIM,2024-03-05,
86117,8179,NOMINAL,2º TURNO DO PROJETO DE RESOLUÇÃO Nº 6/2019,,SIM,2024-03-05,
86118,8179,NOMINAL,2º TURNO DO PROJETO DE RESOLUÇÃO Nº 6/2019,,SIM,2024-03-05,
86119,8179,NOMINAL,2º TURNO DO PROJETO DE RESOLUÇÃO Nº 6/2019,,SIM,2024-03-05,
86120,8179,NOMINAL,2º TURNO DO PROJETO DE RESOLUÇÃO Nº 6/2019,,SIM,2024-03-05,
86121,8179,NOMINAL,2º TURNO DO PROJETO DE RESOLUÇÃO Nº 6/2019,,SIM,2024-03-05,
86122,8179,NOMINAL,2º TURNO DO PROJETO DE RESOLUÇÃO Nº 6/2019,,SIM,2024-03-05,
86123,8179,NOMINAL,2º TURNO DO PROJETO DE RESOLUÇÃO Nº 6/2019,,SIM,2024-03-05,
86124,8179,NOMINAL,2º TURNO DO PROJETO DE RESOLUÇÃO Nº 6/2019,,SIM,2024-03-05,
86125,8179,NOMINAL,2º TURNO DO PROJETO DE RESOLUÇÃO Nº 6/2019,,SIM,2024-03-05,
86126,8179,NOMINAL,2º TURNO DO PROJETO DE RESOLUÇÃO Nº 6/2019,,SIM,2024-03-05,
86127,8179,NOMINAL,2º TURNO DO PROJETO DE RESOLUÇÃO Nº 6/2019,,SIM,2024-03-05,
86128,8179,NOMINAL,2º TURNO DO PROJETO DE RESOLUÇÃO Nº 6/2019,,SIM,2024-03-05,
86129,8179,NOMINAL,2º TURNO DO PROJETO DE RESOLUÇÃO Nº 6/2019,,SIM,2024-03-05,
86130,8179,NOMINAL,2º TURNO DO PROJETO DE RESOLUÇÃO Nº 6/2019,,SIM,2024-03-05,
86131,8179,NOMINAL,2º TURNO DO PROJETO DE RESOLUÇÃO Nº 6/2019,,SIM,2024-03-05,
86132,8179,NOMINAL,2º TURNO DO PROJETO DE RESOLUÇÃO Nº 6/2019,,SIM,2024-03-05,
86133,8179,NOMINAL,2º TURNO DO PROJETO DE RESOLUÇÃO Nº 6/2019,,SIM,2024-03-05,
86134,8203,NOMINAL,1º TURNO PROPOSTA DE EMENDA A LEI ORGÂNICA Nº 3/2023,,SIM,2024-03-12,
86135,8203,NOMINAL,1º TURNO PROPOSTA DE EMENDA A LEI ORGÂNICA Nº 3/2023,,SIM,2024-03-12,
86136,8203,NOMINAL,1º TURNO PROPOSTA DE EMENDA A LEI ORGÂNICA Nº 3/2023,,SIM,2024-03-12,
86137,8203,NOMINAL,1º TURNO PROPOSTA DE EMENDA A LEI ORGÂNICA Nº 3/2023,,SIM,2024-03-12,
86138,8203,NOMINAL,1º TURNO PROPOSTA DE EMENDA A LEI ORGÂNICA Nº 3/2023,,SIM,2024-03-12,
86139,8203,NOMINAL,1º TURNO PROPOSTA DE EMENDA A LEI ORGÂNICA Nº 3/2023,,SIM,2024-03-12,
86140,8203,NOMINAL,1º TURNO PROPOSTA DE EMENDA A LEI ORGÂNICA Nº 3/2023,,SIM,2024-03-12,
86141,8203,NOMINAL,1º TURNO PROPOSTA DE EMENDA A LEI ORGÂNICA Nº 3/2023,,SIM,2024-03-12,
86142,8203,NOMINAL,1º TURNO PROPOSTA DE EMENDA A LEI ORGÂNICA Nº 3/2023,,SIM,2024-03-12,
86143,8203,NOMINAL,1º TURNO PROPOSTA DE EMENDA A LEI ORGÂNICA Nº 3/2023,,SIM,2024-03-12,
86144,8203,NOMINAL,1º TURNO PROPOSTA DE EMENDA A LEI ORGÂNICA Nº 3/2023,,SIM,2024-03-12,
86145,8203,NOMINAL,1º TURNO PROPOSTA DE EMENDA A LEI ORGÂNICA Nº 3/2023,,SIM,2024-03-12,
86146,8203,NOMINAL,1º TURNO PROPOSTA DE EMENDA A LEI ORGÂNICA Nº 3/2023,,SIM,2024-03-12,
86147,8203,NOMINAL,1º TURNO PROPOSTA DE EMENDA A LEI ORGÂNICA Nº 3/2023,,SIM,2024-03-12,
86148,8203,NOMINAL,1º TURNO PROPOSTA DE EMENDA A LEI ORGÂNICA Nº 3/2023,,SIM,2024-03-12,
86149,8203,NOMINAL,1º TURNO PROPOSTA DE EMENDA A LEI ORGÂNICA Nº 3/2023,,SIM,2024-03-12,
86150,8203,NOMINAL,1º TURNO PROPOSTA DE EMENDA A LEI ORGÂNICA Nº 3/2023,,SIM,2024-03-12,
86151,8242,NOMINAL,1º TURNO DO PROJETO DE RESOLUÇÃO Nº 27/2024,18446,SIM,2024-03-12,
86152,8242,NOMINAL,1º TURNO DO PROJETO DE RESOLUÇÃO Nº 27/2024,18446,SIM,2024-03-12,
86153,8242,NOMINAL,1º TURNO DO PROJETO DE RESOLUÇÃO Nº 27/2024,18446,SIM,2024-03-12,
86154,8242,NOMINAL,1º TURNO DO PROJETO DE RESOLUÇÃO Nº 27/2024,18446,SIM,2024-03-12,
86155,8242,NOMINAL,1º TURNO DO PROJETO DE RESOLUÇÃO Nº 27/2024,18446,SIM,2024-03-12,
86156,8242,NOMINAL,1º TURNO DO PROJETO DE RESOLUÇÃO Nº 27/2024,18446,SIM,2024-03-12,
86157,8242,NOMINAL,1º TURNO DO PROJETO DE RESOLUÇÃO Nº 27/2024,18446,SIM,2024-03-12,
86158,8242,NOMINAL,1º TURNO DO PROJETO DE RESOLUÇÃO Nº 27/2024,18446,SIM,2024-03-12,
86159,8242,NOMINAL,1º TURNO DO PROJETO DE RESOLUÇÃO Nº 27/2024,18446,SIM,2024-03-12,
86160,8242,NOMINAL,1º TURNO DO PROJETO DE RESOLUÇÃO Nº 27/2024,18446,SIM,2024-03-12,
86161,8242,NOMINAL,1º TURNO DO PROJETO DE RESOLUÇÃO Nº 27/2024,18446,SIM,2024-03-12,
86162,8242,NOMINAL,1º TURNO DO PROJETO DE RESOLUÇÃO Nº 27/2024,18446,SIM,2024-03-12,
86163,8242,NOMINAL,1º TURNO DO PROJETO DE RESOLUÇÃO Nº 27/2024,18446,SIM,2024-03-12,
86164,8243,NOMINAL,2º TURNO DO PROJETO DE RESOLUÇÃO Nº 27/2024,18446,SIM,2024-03-12,
86165,8243,NOMINAL,2º TURNO DO PROJETO DE RESOLUÇÃO Nº 27/2024,18446,SIM,2024-03-12,
86166,8243,NOMINAL,2º TURNO DO PROJETO DE RESOLUÇÃO Nº 27/2024,18446,SIM,2024-03-12,
86167,8243,NOMINAL,2º TURNO DO PROJETO DE RESOLUÇÃO Nº 27/2024,18446,SIM,2024-03-12,
86168,8243,NOMINAL,2º TURNO DO PROJETO DE RESOLUÇÃO Nº 27/2024,18446,SIM,2024-03-12,
86169,8243,NOMINAL,2º TURNO DO PROJETO DE RESOLUÇÃO Nº 27/2024,18446,NAO,2024-03-12,
86170,8243,NOMINAL,2º TURNO DO PROJETO DE RESOLUÇÃO Nº 27/2024,18446,SIM,2024-03-12,
86171,8243,NOMINAL,2º TURNO DO PROJETO DE RESOLUÇÃO Nº 27/2024,18446,SIM,2024-03-12,
86172,8243,NOMINAL,2º TURNO DO PROJETO DE RESOLUÇÃO Nº 27/2024,18446,SIM,2024-03-12,
86173,8243,NOMINAL,2º TURNO DO PROJETO DE RESOLUÇÃO Nº 27/2024,18446,SIM,2024-03-12,
86174,8243,NOMINAL,2º TURNO DO PROJETO DE RESOLUÇÃO Nº 27/2024,18446,SIM,2024-03-12,
86175,8243,NOMINAL,2º TURNO DO PROJETO DE RESOLUÇÃO Nº 27/2024,18446,SIM,2024-03-12,
86176,8243,NOMINAL,2º TURNO DO PROJETO DE RESOLUÇÃO Nº 27/2024,18446,SIM,2024-03-12,
86177,8243,NOMINAL,2º TURNO DO PROJETO DE RESOLUÇÃO Nº 27/2024,18446,SIM,2024-03-12,
86178,8246,NOMINAL,2º TURNO PROPOSTA DE EMENDA À LEI ORGÂNICA  Nº 3/2023,10270,SIM,2024-04-23,
86179,8246,NOMINAL,2º TURNO PROPOSTA DE EMENDA À LEI ORGÂNICA  Nº 3/2023,10270,SIM,2024-04-23,
86180,8246,NOMINAL,2º TURNO PROPOSTA DE EMENDA À LEI ORGÂNICA  Nº 3/2023,10270,SIM,2024-04-23,
86181,8246,NOMINAL,2º TURNO PROPOSTA DE EMENDA À LEI ORGÂNICA  Nº 3/2023,10270,SIM,2024-04-23,
86182,8246,NOMINAL,2º TURNO PROPOSTA DE EMENDA À LEI ORGÂNICA  Nº 3/2023,10270,SIM,2024-04-23,
86183,8246,NOMINAL,2º TURNO PROPOSTA DE EMENDA À LEI ORGÂNICA  Nº 3/2023,10270,SIM,2024-04-23,
86184,8246,NOMINAL,2º TURNO PROPOSTA DE EMENDA À LEI ORGÂNICA  Nº 3/2023,10270,SIM,2024-04-23,
86185,8246,NOMINAL,2º TURNO PROPOSTA DE EMENDA À LEI ORGÂNICA  Nº 3/2023,10270,SIM,2024-04-23,
86186,8246,NOMINAL,2º TURNO PROPOSTA DE EMENDA À LEI ORGÂNICA  Nº 3/2023,10270,SIM,2024-04-23,
86187,8246,NOMINAL,2º TURNO PROPOSTA DE EMENDA À LEI ORGÂNICA  Nº 3/2023,10270,SIM,2024-04-23,
86188,8246,NOMINAL,2º TURNO PROPOSTA DE EMENDA À LEI ORGÂNICA  Nº 3/2023,10270,SIM,2024-04-23,
86189,8246,NOMINAL,2º TURNO PROPOSTA DE EMENDA À LEI ORGÂNICA  Nº 3/2023,10270,SIM,2024-04-23,
86190,8246,NOMINAL,2º TURNO PROPOSTA DE EMENDA À LEI ORGÂNICA  Nº 3/2023,10270,SIM,2024-04-23,
86191,8246,NOMINAL,2º TURNO PROPOSTA DE EMENDA À LEI ORGÂNICA  Nº 3/2023,10270,SIM,2024-04-23,
86192,8246,NOMINAL,2º TURNO PROPOSTA DE EMENDA À LEI ORGÂNICA  Nº 3/2023,10270,SIM,2024-04-23,
86193,8246,NOMINAL,2º TURNO PROPOSTA DE EMENDA À LEI ORGÂNICA  Nº 3/2023,10270,SIM,2024-04-23,
86194,8246,NOMINAL,2º TURNO PROPOSTA DE EMENDA À LEI ORGÂNICA  Nº 3/2023,10270,SIM,2024-04-23,
86195,8246,NOMINAL,2º TURNO PROPOSTA DE EMENDA À LEI ORGÂNICA  Nº 3/2023,10270,SIM,2024-04-23,
86196,8303,NOMINAL,2º TURNO DO PROJETO DE LEI  Nº 1010/2024,18751,SIM,2024-03-19,
86197,8303,NOMINAL,2º TURNO DO PROJETO DE LEI  Nº 1010/2024,18751,SIM,2024-03-19,
86198,8303,NOMINAL,2º TURNO DO PROJETO DE LEI  Nº 1010/2024,18751,SIM,2024-03-19,
86199,8303,NOMINAL,2º TURNO DO PROJETO DE LEI  Nº 1010/2024,18751,SIM,2024-03-19,
86200,8303,NOMINAL,2º TURNO DO PROJETO DE LEI  Nº 1010/2024,18751,SIM,2024-03-19,
86201,8303,NOMINAL,2º TURNO DO PROJETO DE LEI  Nº 1010/2024,18751,SIM,2024-03-19,
86202,8303,NOMINAL,2º TURNO DO PROJETO DE LEI  Nº 1010/2024,18751,SIM,2024-03-19,
86203,8303,NOMINAL,2º TURNO DO PROJETO DE LEI  Nº 1010/2024,18751,SIM,2024-03-19,
86204,8303,NOMINAL,2º TURNO DO PROJETO DE LEI  Nº 1010/2024,18751,SIM,2024-03-19,
86205,8303,NOMINAL,2º TURNO DO PROJETO DE LEI  Nº 1010/2024,18751,SIM,2024-03-19,
86206,8303,NOMINAL,2º TURNO DO PROJETO DE LEI  Nº 1010/2024,18751,SIM,2024-03-19,
86207,8303,NOMINAL,2º TURNO DO PROJETO DE LEI  Nº 1010/2024,18751,SIM,2024-03-19,
86208,8303,NOMINAL,2º TURNO DO PROJETO DE LEI  Nº 1010/2024,18751,SIM,2024-03-19,
86209,8303,NOMINAL,2º TURNO DO PROJETO DE LEI  Nº 1010/2024,18751,SIM,2024-03-19,
86210,8303,NOMINAL,2º TURNO DO PROJETO DE LEI  Nº 1010/2024,18751,SIM,2024-03-19,
86211,8303,NOMINAL,2º TURNO DO PROJETO DE LEI  Nº 1010/2024,18751,SIM,2024-03-19,
86212,8303,NOMINAL,2º TURNO DO PROJETO DE LEI  Nº 1010/2024,18751,SIM,2024-03-19,
86213,8303,NOMINAL,2º TURNO DO PROJETO DE LEI  Nº 1010/2024,18751,SIM,2024-03-19,
86214,8303,NOMINAL,2º TURNO DO PROJETO DE LEI  Nº 1010/2024,18751,SIM,2024-03-19,
86215,8303,NOMINAL,2º TURNO DO PROJETO DE LEI  Nº 1010/2024,18751,SIM,2024-03-19,
86216,8307,NOMINAL,BLOCO MOÇÕES E REQUERIMENTOS 26.03.2024,,SIM,2024-03-26,
86217,8307,NOMINAL,BLOCO MOÇÕES E REQUERIMENTOS 26.03.2024,,SIM,2024-03-26,
86218,8307,NOMINAL,BLOCO MOÇÕES E REQUERIMENTOS 26.03.2024,,SIM,2024-03-26,
86219,8307,NOMINAL,BLOCO MOÇÕES E REQUERIMENTOS 26.03.2024,,SIM,2024-03-26,
86220,8307,NOMINAL,BLOCO MOÇÕES E REQUERIMENTOS 26.03.2024,,SIM,2024-03-26,
86221,8307,NOMINAL,BLOCO MOÇÕES E REQUERIMENTOS 26.03.2024,,SIM,2024-03-26,
86222,8307,NOMINAL,BLOCO MOÇÕES E REQUERIMENTOS 26.03.2024,,SIM,2024-03-26,
86223,8307,NOMINAL,BLOCO MOÇÕES E REQUERIMENTOS 26.03.2024,,SIM,2024-03-26,
86224,8307,NOMINAL,BLOCO MOÇÕES E REQUERIMENTOS 26.03.2024,,SIM,2024-03-26,
86225,8307,NOMINAL,BLOCO MOÇÕES E REQUERIMENTOS 26.03.2024,,SIM,2024-03-26,
86226,8307,NOMINAL,BLOCO MOÇÕES E REQUERIMENTOS 26.03.2024,,SIM,2024-03-26,
86227,8307,NOMINAL,BLOCO MOÇÕES E REQUERIMENTOS 26.03.2024,,SIM,2024-03-26,
86228,8307,NOMINAL,BLOCO MOÇÕES E REQUERIMENTOS 26.03.2024,,SIM,2024-03-26,
86229,8308,NOMINAL,BLOCO REQUERIMENTOS 15.08.2024,,SIM,2024-08-14,
86230,8308,NOMINAL,BLOCO REQUERIMENTOS 15.08.2024,,SIM,2024-08-14,
86231,8308,NOMINAL,BLOCO REQUERIMENTOS 15.08.2024,,SIM,2024-08-14,
86232,8308,NOMINAL,BLOCO REQUERIMENTOS 15.08.2024,,SIM,2024-08-14,
86233,8308,NOMINAL,BLOCO REQUERIMENTOS 15.08.2024,,SIM,2024-08-14,
86234,8308,NOMINAL,BLOCO REQUERIMENTOS 15.08.2024,,SIM,2024-08-14,
86235,8308,NOMINAL,BLOCO REQUERIMENTOS 15.08.2024,,SIM,2024-08-14,
86236,8308,NOMINAL,BLOCO REQUERIMENTOS 15.08.2024,,SIM,2024-08-14,
86237,8308,NOMINAL,BLOCO REQUERIMENTOS 15.08.2024,,SIM,2024-08-14,
86238,8308,NOMINAL,BLOCO REQUERIMENTOS 15.08.2024,,SIM,2024-08-14,
86239,8308,NOMINAL,BLOCO REQUERIMENTOS 15.08.2024,,SIM,2024-08-14,
86240,8308,NOMINAL,BLOCO REQUERIMENTOS 15.08.2024,,SIM,2024-08-14,
86241,8308,NOMINAL,BLOCO REQUERIMENTOS 15.08.2024,,SIM,2024-08-14,
86242,8308,NOMINAL,BLOCO REQUERIMENTOS 15.08.2024,,SIM,2024-08-14,
86243,8350,NOMINAL,BLOCO MOÇÕES E REQUERIMENTOS 09.04.2024,,SIM,2024-04-09,
86244,8350,NOMINAL,BLOCO MOÇÕES E REQUERIMENTOS 09.04.2024,,SIM,2024-04-09,
86245,8350,NOMINAL,BLOCO MOÇÕES E REQUERIMENTOS 09.04.2024,,SIM,2024-04-09,
86246,8350,NOMINAL,BLOCO MOÇÕES E REQUERIMENTOS 09.04.2024,,SIM,2024-04-09,
86247,8350,NOMINAL,BLOCO MOÇÕES E REQUERIMENTOS 09.04.2024,,SIM,2024-04-09,
86248,8350,NOMINAL,BLOCO MOÇÕES E REQUERIMENTOS 09.04.2024,,SIM,2024-04-09,
86249,8350,NOMINAL,BLOCO MOÇÕES E REQUERIMENTOS 09.04.2024,,SIM,2024-04-09,
86250,8350,NOMINAL,BLOCO MOÇÕES E REQUERIMENTOS 09.04.2024,,SIM,2024-04-09,
86251,8350,NOMINAL,BLOCO MOÇÕES E REQUERIMENTOS 09.04.2024,,SIM,2024-04-09,
86252,8350,NOMINAL,BLOCO MOÇÕES E REQUERIMENTOS 09.04.2024,,SIM,2024-04-09,
86253,8350,NOMINAL,BLOCO MOÇÕES E REQUERIMENTOS 09.04.2024,,SIM,2024-04-09,
86254,8350,NOMINAL,BLOCO MOÇÕES E REQUERIMENTOS 09.04.2024,,SIM,2024-04-09,
86255,8350,NOMINAL,BLOCO MOÇÕES E REQUERIMENTOS 09.04.2024,,SIM,2024-04-09,
86256,8350,NOMINAL,BLOCO MOÇÕES E REQUERIMENTOS 09.04.2024,,SIM,2024-04-09,
86257,8350,NOMINAL,BLOCO MOÇÕES E REQUERIMENTOS 09.04.2024,,SIM,2024-04-09,
86258,8350,NOMINAL,BLOCO MOÇÕES E REQUERIMENTOS 09.04.2024,,SIM,2024-04-09,
86259,8350,NOMINAL,BLOCO MOÇÕES E REQUERIMENTOS 09.04.2024,,SIM,2024-04-09,
86260,8351,NOMINAL,BLOCO VETOS 02.04.2024,,SIM,2024-04-02,
86261,8351,NOMINAL,BLOCO VETOS 02.04.2024,,SIM,2024-04-02,
86262,8351,NOMINAL,BLOCO VETOS 02.04.2024,,SIM,2024-04-02,
86263,8351,NOMINAL,BLOCO VETOS 02.04.2024,,SIM,2024-04-02,
86264,8351,NOMINAL,BLOCO VETOS 02.04.2024,,SIM,2024-04-02,
86265,8351,NOMINAL,BLOCO VETOS 02.04.2024,,SIM,2024-04-02,
86266,8351,NOMINAL,BLOCO VETOS 02.04.2024,,SIM,2024-04-02,
86267,8351,NOMINAL,BLOCO VETOS 02.04.2024,,SIM,2024-04-02,
86268,8351,NOMINAL,BLOCO VETOS 02.04.2024,,SIM,2024-04-02,
86269,8351,NOMINAL,BLOCO VETOS 02.04.2024,,SIM,2024-04-02,
86270,8351,NOMINAL,BLOCO VETOS 02.04.2024,,SIM,2024-04-02,
86271,8351,NOMINAL,BLOCO VETOS 02.04.2024,,SIM,2024-04-02,
86272,8351,NOMINAL,BLOCO VETOS 02.04.2024,,SIM,2024-04-02,
86273,8351,NOMINAL,BLOCO VETOS 02.04.2024,,SIM,2024-04-02,
86274,8351,NOMINAL,BLOCO VETOS 02.04.2024,,SIM,2024-04-02,
86275,8351,NOMINAL,BLOCO VETOS 02.04.2024,,SIM,2024-04-02,
86276,8360,NOMINAL,2º TURNO DO PELO  Nº 2/2023,10582,SIM,2024-05-21,
86277,8360,NOMINAL,2º TURNO DO PELO  Nº 2/2023,10582,SIM,2024-05-21,
86278,8360,NOMINAL,2º TURNO DO PELO  Nº 2/2023,10582,SIM,2024-05-21,
86279,8360,NOMINAL,2º TURNO DO PELO  Nº 2/2023,10582,SIM,2024-05-21,
86280,8360,NOMINAL,2º TURNO DO PELO  Nº 2/2023,10582,SIM,2024-05-21,
86281,8360,NOMINAL,2º TURNO DO PELO  Nº 2/2023,10582,SIM,2024-05-21,
86282,8360,NOMINAL,2º TURNO DO PELO  Nº 2/2023,10582,SIM,2024-05-21,
86283,8360,NOMINAL,2º TURNO DO PELO  Nº 2/2023,10582,SIM,2024-05-21,
86284,8360,NOMINAL,2º TURNO DO PELO  Nº 2/2023,10582,SIM,2024-05-21,
86285,8360,NOMINAL,2º TURNO DO PELO  Nº 2/2023,10582,SIM,2024-05-21,
86286,8360,NOMINAL,2º TURNO DO PELO  Nº 2/2023,10582,SIM,2024-05-21,
86287,8360,NOMINAL,2º TURNO DO PELO  Nº 2/2023,10582,SIM,2024-05-21,
86288,8360,NOMINAL,2º TURNO DO PELO  Nº 2/2023,10582,SIM,2024-05-21,
86289,8360,NOMINAL,2º TURNO DO PELO  Nº 2/2023,10582,SIM,2024-05-21,
86290,8360,NOMINAL,2º TURNO DO PELO  Nº 2/2023,10582,SIM,2024-05-21,
86291,8360,NOMINAL,2º TURNO DO PELO  Nº 2/2023,10582,SIM,2024-05-21,
86292,8360,NOMINAL,2º TURNO DO PELO  Nº 2/2023,10582,SIM,2024-05-21,
86293,8360,NOMINAL,2º TURNO DO PELO  Nº 2/2023,10582,SIM,2024-05-21,
86294,8360,NOMINAL,2º TURNO DO PELO  Nº 2/2023,10582,SIM,2024-05-21,
86295,8360,NOMINAL,2º TURNO DO PELO  Nº 2/2023,10582,SIM,2024-05-21,
86296,8367,NOMINAL,TURNO ÚNICO BLOCO PDLS 09.04.2024,,SIM,2024-04-09,
86297,8367,NOMINAL,TURNO ÚNICO BLOCO PDLS 09.04.2024,,SIM,2024-04-09,
86298,8367,NOMINAL,TURNO ÚNICO BLOCO PDLS 09.04.2024,,SIM,2024-04-09,
86299,8367,NOMINAL,TURNO ÚNICO BLOCO PDLS 09.04.2024,,SIM,2024-04-09,
86300,8367,NOMINAL,TURNO ÚNICO BLOCO PDLS 09.04.2024,,SIM,2024-04-09,
86301,8367,NOMINAL,TURNO ÚNICO BLOCO PDLS 09.04.2024,,SIM,2024-04-09,
86302,8367,NOMINAL,TURNO ÚNICO BLOCO PDLS 09.04.2024,,SIM,2024-04-09,
86303,8367,NOMINAL,TURNO ÚNICO BLOCO PDLS 09.04.2024,,SIM,2024-04-09,
86304,8367,NOMINAL,TURNO ÚNICO BLOCO PDLS 09.04.2024,,SIM,2024-04-09,
86305,8367,NOMINAL,TURNO ÚNICO BLOCO PDLS 09.04.2024,,SIM,2024-04-09,
86306,8367,NOMINAL,TURNO ÚNICO BLOCO PDLS 09.04.2024,,SIM,2024-04-09,
86307,8367,NOMINAL,TURNO ÚNICO BLOCO PDLS 09.04.2024,,SIM,2024-04-09,
86308,8367,NOMINAL,TURNO ÚNICO BLOCO PDLS 09.04.2024,,SIM,2024-04-09,
86309,8367,NOMINAL,TURNO ÚNICO BLOCO PDLS 09.04.2024,,SIM,2024-04-09,
86310,8367,NOMINAL,TURNO ÚNICO BLOCO PDLS 09.04.2024,,SIM,2024-04-09,
86311,8380,NOMINAL,1º TURNO PROPOSTA DE EMENDA A LEI ORGÂNICA Nº 2/2023,,SIM,2024-04-23,
86312,8380,NOMINAL,1º TURNO PROPOSTA DE EMENDA A LEI ORGÂNICA Nº 2/2023,,SIM,2024-04-23,
86313,8380,NOMINAL,1º TURNO PROPOSTA DE EMENDA A LEI ORGÂNICA Nº 2/2023,,SIM,2024-04-23,
86314,8380,NOMINAL,1º TURNO PROPOSTA DE EMENDA A LEI ORGÂNICA Nº 2/2023,,SIM,2024-04-23,
86315,8380,NOMINAL,1º TURNO PROPOSTA DE EMENDA A LEI ORGÂNICA Nº 2/2023,,SIM,2024-04-23,
86316,8380,NOMINAL,1º TURNO PROPOSTA DE EMENDA A LEI ORGÂNICA Nº 2/2023,,SIM,2024-04-23,
86317,8380,NOMINAL,1º TURNO PROPOSTA DE EMENDA A LEI ORGÂNICA Nº 2/2023,,SIM,2024-04-23,
86318,8380,NOMINAL,1º TURNO PROPOSTA DE EMENDA A LEI ORGÂNICA Nº 2/2023,,SIM,2024-04-23,
86319,8380,NOMINAL,1º TURNO PROPOSTA DE EMENDA A LEI ORGÂNICA Nº 2/2023,,SIM,2024-04-23,
86320,8380,NOMINAL,1º TURNO PROPOSTA DE EMENDA A LEI ORGÂNICA Nº 2/2023,,SIM,2024-04-23,
86321,8380,NOMINAL,1º TURNO PROPOSTA DE EMENDA A LEI ORGÂNICA Nº 2/2023,,SIM,2024-04-23,
86322,8380,NOMINAL,1º TURNO PROPOSTA DE EMENDA A LEI ORGÂNICA Nº 2/2023,,SIM,2024-04-23,
86323,8380,NOMINAL,1º TURNO PROPOSTA DE EMENDA A LEI ORGÂNICA Nº 2/2023,,SIM,2024-04-23,
86324,8380,NOMINAL,1º TURNO PROPOSTA DE EMENDA A LEI ORGÂNICA Nº 2/2023,,SIM,2024-04-23,
86325,8380,NOMINAL,1º TURNO PROPOSTA DE EMENDA A LEI ORGÂNICA Nº 2/2023,,SIM,2024-04-23,
86326,8380,NOMINAL,1º TURNO PROPOSTA DE EMENDA A LEI ORGÂNICA Nº 2/2023,,SIM,2024-04-23,
86327,8380,NOMINAL,1º TURNO PROPOSTA DE EMENDA A LEI ORGÂNICA Nº 2/2023,,SIM,2024-04-23,
86328,8380,NOMINAL,1º TURNO PROPOSTA DE EMENDA A LEI ORGÂNICA Nº 2/2023,,SIM,2024-04-23,
86329,8386,NOMINAL,TURNO ÚNICO PROJETO DE DECRETO LEGISLATIVO Nº 79/2024,18050,SIM,2024-04-23,
86330,8386,NOMINAL,TURNO ÚNICO PROJETO DE DECRETO LEGISLATIVO Nº 79/2024,18050,SIM,2024-04-23,
86331,8386,NOMINAL,TURNO ÚNICO PROJETO DE DECRETO LEGISLATIVO Nº 79/2024,18050,SIM,2024-04-23,
86332,8386,NOMINAL,TURNO ÚNICO PROJETO DE DECRETO LEGISLATIVO Nº 79/2024,18050,SIM,2024-04-23,
86333,8386,NOMINAL,TURNO ÚNICO PROJETO DE DECRETO LEGISLATIVO Nº 79/2024,18050,SIM,2024-04-23,
86334,8386,NOMINAL,TURNO ÚNICO PROJETO DE DECRETO LEGISLATIVO Nº 79/2024,18050,SIM,2024-04-23,
86335,8386,NOMINAL,TURNO ÚNICO PROJETO DE DECRETO LEGISLATIVO Nº 79/2024,18050,SIM,2024-04-23,
86336,8386,NOMINAL,TURNO ÚNICO PROJETO DE DECRETO LEGISLATIVO Nº 79/2024,18050,SIM,2024-04-23,
86337,8386,NOMINAL,TURNO ÚNICO PROJETO DE DECRETO LEGISLATIVO Nº 79/2024,18050,SIM,2024-04-23,
86338,8386,NOMINAL,TURNO ÚNICO PROJETO DE DECRETO LEGISLATIVO Nº 79/2024,18050,SIM,2024-04-23,
86339,8386,NOMINAL,TURNO ÚNICO PROJETO DE DECRETO LEGISLATIVO Nº 79/2024,18050,SIM,2024-04-23,
86340,8386,NOMINAL,TURNO ÚNICO PROJETO DE DECRETO LEGISLATIVO Nº 79/2024,18050,SIM,2024-04-23,
86341,8386,NOMINAL,TURNO ÚNICO PROJETO DE DECRETO LEGISLATIVO Nº 79/2024,18050,SIM,2024-04-23,
86342,8386,NOMINAL,TURNO ÚNICO PROJETO DE DECRETO LEGISLATIVO Nº 79/2024,18050,SIM,2024-04-23,
86343,8386,NOMINAL,TURNO ÚNICO PROJETO DE DECRETO LEGISLATIVO Nº 79/2024,18050,SIM,2024-04-23,
86344,8386,NOMINAL,TURNO ÚNICO PROJETO DE DECRETO LEGISLATIVO Nº 79/2024,18050,SIM,2024-04-23,
86345,8386,NOMINAL,TURNO ÚNICO PROJETO DE DECRETO LEGISLATIVO Nº 79/2024,18050,SIM,2024-04-23,
86346,8386,NOMINAL,TURNO ÚNICO PROJETO DE DECRETO LEGISLATIVO Nº 79/2024,18050,SIM,2024-04-23,
86347,8386,NOMINAL,TURNO ÚNICO PROJETO DE DECRETO LEGISLATIVO Nº 79/2024,18050,SIM,2024-04-23,
86348,8386,NOMINAL,TURNO ÚNICO PROJETO DE DECRETO LEGISLATIVO Nº 79/2024,18050,SIM,2024-04-23,
86349,8388,NOMINAL,BLOCO REQUERIMENTOS E MOÇÕES 23.04.2024,,SIM,2024-04-23,
86350,8388,NOMINAL,BLOCO REQUERIMENTOS E MOÇÕES 23.04.2024,,SIM,2024-04-23,
86351,8388,NOMINAL,BLOCO REQUERIMENTOS E MOÇÕES 23.04.2024,,SIM,2024-04-23,
86352,8388,NOMINAL,BLOCO REQUERIMENTOS E MOÇÕES 23.04.2024,,SIM,2024-04-23,
86353,8388,NOMINAL,BLOCO REQUERIMENTOS E MOÇÕES 23.04.2024,,SIM,2024-04-23,
86354,8388,NOMINAL,BLOCO REQUERIMENTOS E MOÇÕES 23.04.2024,,SIM,2024-04-23,
86355,8388,NOMINAL,BLOCO REQUERIMENTOS E MOÇÕES 23.04.2024,,SIM,2024-04-23,
86356,8388,NOMINAL,BLOCO REQUERIMENTOS E MOÇÕES 23.04.2024,,SIM,2024-04-23,
86357,8388,NOMINAL,BLOCO REQUERIMENTOS E MOÇÕES 23.04.2024,,SIM,2024-04-23,
86358,8388,NOMINAL,BLOCO REQUERIMENTOS E MOÇÕES 23.04.2024,,SIM,2024-04-23,
86359,8388,NOMINAL,BLOCO REQUERIMENTOS E MOÇÕES 23.04.2024,,SIM,2024-04-23,
86360,8388,NOMINAL,BLOCO REQUERIMENTOS E MOÇÕES 23.04.2024,,SIM,2024-04-23,
86361,8388,NOMINAL,BLOCO REQUERIMENTOS E MOÇÕES 23.04.2024,,SIM,2024-04-23,
86362,8388,NOMINAL,BLOCO REQUERIMENTOS E MOÇÕES 23.04.2024,,SIM,2024-04-23,
86363,8388,NOMINAL,BLOCO REQUERIMENTOS E MOÇÕES 23.04.2024,,SIM,2024-04-23,
86364,8388,NOMINAL,BLOCO REQUERIMENTOS E MOÇÕES 23.04.2024,,SIM,2024-04-23,
86365,8388,NOMINAL,BLOCO REQUERIMENTOS E MOÇÕES 23.04.2024,,SIM,2024-04-23,
86366,8388,NOMINAL,BLOCO REQUERIMENTOS E MOÇÕES 23.04.2024,,SIM,2024-04-23,
86367,8388,NOMINAL,BLOCO REQUERIMENTOS E MOÇÕES 23.04.2024,,SIM,2024-04-23,
86368,8389,NOMINAL,BLOCO REQUERIMENTOS E MOÇÕES 21.05.2024,,SIM,2024-05-21,
86369,8389,NOMINAL,BLOCO REQUERIMENTOS E MOÇÕES 21.05.2024,,SIM,2024-05-21,
86370,8389,NOMINAL,BLOCO REQUERIMENTOS E MOÇÕES 21.05.2024,,SIM,2024-05-21,
86371,8389,NOMINAL,BLOCO REQUERIMENTOS E MOÇÕES 21.05.2024,,SIM,2024-05-21,
86372,8389,NOMINAL,BLOCO REQUERIMENTOS E MOÇÕES 21.05.2024,,SIM,2024-05-21,
86373,8389,NOMINAL,BLOCO REQUERIMENTOS E MOÇÕES 21.05.2024,,SIM,2024-05-21,
86374,8389,NOMINAL,BLOCO REQUERIMENTOS E MOÇÕES 21.05.2024,,SIM,2024-05-21,
86375,8389,NOMINAL,BLOCO REQUERIMENTOS E MOÇÕES 21.05.2024,,SIM,2024-05-21,
86376,8389,NOMINAL,BLOCO REQUERIMENTOS E MOÇÕES 21.05.2024,,SIM,2024-05-21,
86377,8389,NOMINAL,BLOCO REQUERIMENTOS E MOÇÕES 21.05.2024,,SIM,2024-05-21,
86378,8389,NOMINAL,BLOCO REQUERIMENTOS E MOÇÕES 21.05.2024,,SIM,2024-05-21,
86379,8389,NOMINAL,BLOCO REQUERIMENTOS E MOÇÕES 21.05.2024,,SIM,2024-05-21,
86380,8389,NOMINAL,BLOCO REQUERIMENTOS E MOÇÕES 21.05.2024,,SIM,2024-05-21,
86381,8389,NOMINAL,BLOCO REQUERIMENTOS E MOÇÕES 21.05.2024,,SIM,2024-05-21,
86382,8389,NOMINAL,BLOCO REQUERIMENTOS E MOÇÕES 21.05.2024,,SIM,2024-05-21,
86383,8389,NOMINAL,BLOCO REQUERIMENTOS E MOÇÕES 21.05.2024,,SIM,2024-05-21,
86384,8389,NOMINAL,BLOCO REQUERIMENTOS E MOÇÕES 21.05.2024,,SIM,2024-05-21,
86385,8389,NOMINAL,BLOCO REQUERIMENTOS E MOÇÕES 21.05.2024,,SIM,2024-05-21,
86386,8389,NOMINAL,BLOCO REQUERIMENTOS E MOÇÕES 21.05.2024,,SIM,2024-05-21,
86387,8389,NOMINAL,BLOCO REQUERIMENTOS E MOÇÕES 21.05.2024,,SIM,2024-05-21,
86388,8487,NOMINAL,1º TURNO PROJETO DE LEI COMPLEMENTAR Nº 8/2023,10819,SIM,2024-06-25,
86389,8487,NOMINAL,1º TURNO PROJETO DE LEI COMPLEMENTAR Nº 8/2023,10819,SIM,2024-06-25,
86390,8487,NOMINAL,1º TURNO PROJETO DE LEI COMPLEMENTAR Nº 8/2023,10819,SIM,2024-06-25,
86391,8487,NOMINAL,1º TURNO PROJETO DE LEI COMPLEMENTAR Nº 8/2023,10819,SIM,2024-06-25,
86392,8487,NOMINAL,1º TURNO PROJETO DE LEI COMPLEMENTAR Nº 8/2023,10819,SIM,2024-06-25,
86393,8487,NOMINAL,1º TURNO PROJETO DE LEI COMPLEMENTAR Nº 8/2023,10819,SIM,2024-06-25,
86394,8487,NOMINAL,1º TURNO PROJETO DE LEI COMPLEMENTAR Nº 8/2023,10819,SIM,2024-06-25,
86395,8487,NOMINAL,1º TURNO PROJETO DE LEI COMPLEMENTAR Nº 8/2023,10819,SIM,2024-06-25,
86396,8487,NOMINAL,1º TURNO PROJETO DE LEI COMPLEMENTAR Nº 8/2023,10819,SIM,2024-06-25,
86397,8487,NOMINAL,1º TURNO PROJETO DE LEI COMPLEMENTAR Nº 8/2023,10819,SIM,2024-06-25,
86398,8487,NOMINAL,1º TURNO PROJETO DE LEI COMPLEMENTAR Nº 8/2023,10819,SIM,2024-06-25,
86399,8487,NOMINAL,1º TURNO PROJETO DE LEI COMPLEMENTAR Nº 8/2023,10819,SIM,2024-06-25,
86400,8487,NOMINAL,1º TURNO PROJETO DE LEI COMPLEMENTAR Nº 8/2023,10819,SIM,2024-06-25,
86401,8487,NOMINAL,1º TURNO PROJETO DE LEI COMPLEMENTAR Nº 8/2023,10819,SIM,2024-06-25,
86402,8487,NOMINAL,1º TURNO PROJETO DE LEI COMPLEMENTAR Nº 8/2023,10819,SIM,2024-06-25,
86403,8487,NOMINAL,1º TURNO PROJETO DE LEI COMPLEMENTAR Nº 8/2023,10819,SIM,2024-06-25,
86404,8487,NOMINAL,1º TURNO PROJETO DE LEI COMPLEMENTAR Nº 8/2023,10819,SIM,2024-06-25,
86405,8487,NOMINAL,1º TURNO PROJETO DE LEI COMPLEMENTAR Nº 8/2023,10819,SIM,2024-06-25,
86406,8487,NOMINAL,1º TURNO PROJETO DE LEI COMPLEMENTAR Nº 8/2023,10819,SIM,2024-06-25,
86407,8487,NOMINAL,1º TURNO PROJETO DE LEI COMPLEMENTAR Nº 8/2023,10819,SIM,2024-06-25,
86408,8487,NOMINAL,1º TURNO PROJETO DE LEI COMPLEMENTAR Nº 8/2023,10819,SIM,2024-06-25,
86409,8488,NOMINAL,2º TURNO PROJETO DE LEI COMPLEMENTAR Nº 8/2023,10819,SIM,2024-06-25,
86410,8488,NOMINAL,2º TURNO PROJETO DE LEI COMPLEMENTAR Nº 8/2023,10819,SIM,2024-06-25,
86411,8488,NOMINAL,2º TURNO PROJETO DE LEI COMPLEMENTAR Nº 8/2023,10819,SIM,2024-06-25,
86412,8488,NOMINAL,2º TURNO PROJETO DE LEI COMPLEMENTAR Nº 8/2023,10819,SIM,2024-06-25,
86413,8488,NOMINAL,2º TURNO PROJETO DE LEI COMPLEMENTAR Nº 8/2023,10819,SIM,2024-06-25,
86414,8488,NOMINAL,2º TURNO PROJETO DE LEI COMPLEMENTAR Nº 8/2023,10819,SIM,2024-06-25,
86415,8488,NOMINAL,2º TURNO PROJETO DE LEI COMPLEMENTAR Nº 8/2023,10819,SIM,2024-06-25,
86416,8488,NOMINAL,2º TURNO PROJETO DE LEI COMPLEMENTAR Nº 8/2023,10819,SIM,2024-06-25,
86417,8488,NOMINAL,2º TURNO PROJETO DE LEI COMPLEMENTAR Nº 8/2023,10819,SIM,2024-06-25,
86418,8488,NOMINAL,2º TURNO PROJETO DE LEI COMPLEMENTAR Nº 8/2023,10819,SIM,2024-06-25,
86419,8488,NOMINAL,2º TURNO PROJETO DE LEI COMPLEMENTAR Nº 8/2023,10819,SIM,2024-06-25,
86420,8488,NOMINAL,2º TURNO PROJETO DE LEI COMPLEMENTAR Nº 8/2023,10819,SIM,2024-06-25,
86421,8488,NOMINAL,2º TURNO PROJETO DE LEI COMPLEMENTAR Nº 8/2023,10819,SIM,2024-06-25,
86422,8488,NOMINAL,2º TURNO PROJETO DE LEI COMPLEMENTAR Nº 8/2023,10819,SIM,2024-06-25,
86423,8488,NOMINAL,2º TURNO PROJETO DE LEI COMPLEMENTAR Nº 8/2023,10819,SIM,2024-06-25,
86424,8488,NOMINAL,2º TURNO PROJETO DE LEI COMPLEMENTAR Nº 8/2023,10819,SIM,2024-06-25,
86425,8488,NOMINAL,2º TURNO PROJETO DE LEI COMPLEMENTAR Nº 8/2023,10819,SIM,2024-06-25,
86426,8488,NOMINAL,2º TURNO PROJETO DE LEI COMPLEMENTAR Nº 8/2023,10819,SIM,2024-06-25,
86427,8488,NOMINAL,2º TURNO PROJETO DE LEI COMPLEMENTAR Nº 8/2023,10819,SIM,2024-06-25,
86428,8488,NOMINAL,2º TURNO PROJETO DE LEI COMPLEMENTAR Nº 8/2023,10819,SIM,2024-06-25,
86429,8488,NOMINAL,2º TURNO PROJETO DE LEI COMPLEMENTAR Nº 8/2023,10819,SIM,2024-06-25,
86430,8488,NOMINAL,2º TURNO PROJETO DE LEI COMPLEMENTAR Nº 8/2023,10819,SIM,2024-06-25,
86431,8489,NOMINAL,TURNO ÚNICO REQUERIMENTO Nº 1322/2024,19157,NAO,2024-04-23,
86432,8489,NOMINAL,TURNO ÚNICO REQUERIMENTO Nº 1322/2024,19157,SIM,2024-04-23,
86433,8489,NOMINAL,TURNO ÚNICO REQUERIMENTO Nº 1322/2024,19157,SIM,2024-04-23,
86434,8489,NOMINAL,TURNO ÚNICO REQUERIMENTO Nº 1322/2024,19157,SIM,2024-04-23,
86435,8489,NOMINAL,TURNO ÚNICO REQUERIMENTO Nº 1322/2024,19157,SIM,2024-04-23,
86436,8489,NOMINAL,TURNO ÚNICO REQUERIMENTO Nº 1322/2024,19157,SIM,2024-04-23,
86437,8489,NOMINAL,TURNO ÚNICO REQUERIMENTO Nº 1322/2024,19157,SIM,2024-04-23,
86438,8489,NOMINAL,TURNO ÚNICO REQUERIMENTO Nº 1322/2024,19157,SIM,2024-04-23,
86439,8489,NOMINAL,TURNO ÚNICO REQUERIMENTO Nº 1322/2024,19157,SIM,2024-04-23,
86440,8489,NOMINAL,TURNO ÚNICO REQUERIMENTO Nº 1322/2024,19157,SIM,2024-04-23,
86441,8489,NOMINAL,TURNO ÚNICO REQUERIMENTO Nº 1322/2024,19157,SIM,2024-04-23,
86442,8489,NOMINAL,TURNO ÚNICO REQUERIMENTO Nº 1322/2024,19157,SIM,2024-04-23,
86443,8489,NOMINAL,TURNO ÚNICO REQUERIMENTO Nº 1322/2024,19157,SIM,2024-04-23,
86444,8489,NOMINAL,TURNO ÚNICO REQUERIMENTO Nº 1322/2024,19157,SIM,2024-04-23,
86445,8489,NOMINAL,TURNO ÚNICO REQUERIMENTO Nº 1322/2024,19157,SIM,2024-04-23,
86446,8489,NOMINAL,TURNO ÚNICO REQUERIMENTO Nº 1322/2024,19157,SIM,2024-04-23,
86447,8489,NOMINAL,TURNO ÚNICO REQUERIMENTO Nº 1322/2024,19157,SIM,2024-04-23,
86448,8489,NOMINAL,TURNO ÚNICO REQUERIMENTO Nº 1322/2024,19157,SIM,2024-04-23,
86449,8489,NOMINAL,TURNO ÚNICO REQUERIMENTO Nº 1322/2024,19157,SIM,2024-04-23,
86450,8489,NOMINAL,TURNO ÚNICO REQUERIMENTO Nº 1322/2024,19157,SIM,2024-04-23,
86451,8499,NOMINAL,TURNO ÚNICO PDL Nº 122/2024,19511,SIM,2024-04-30,606
86452,8499,NOMINAL,TURNO ÚNICO PDL Nº 122/2024,19511,SIM,2024-04-30,606
86453,8499,NOMINAL,TURNO ÚNICO PDL Nº 122/2024,19511,SIM,2024-04-30,606
86454,8499,NOMINAL,TURNO ÚNICO PDL Nº 122/2024,19511,SIM,2024-04-30,606
86455,8499,NOMINAL,TURNO ÚNICO PDL Nº 122/2024,19511,SIM,2024-04-30,606
86456,8499,NOMINAL,TURNO ÚNICO PDL Nº 122/2024,19511,SIM,2024-04-30,606
86457,8499,NOMINAL,TURNO ÚNICO PDL Nº 122/2024,19511,SIM,2024-04-30,606
86458,8499,NOMINAL,TURNO ÚNICO PDL Nº 122/2024,19511,SIM,2024-04-30,606
86459,8499,NOMINAL,TURNO ÚNICO PDL Nº 122/2024,19511,SIM,2024-04-30,606
86460,8499,NOMINAL,TURNO ÚNICO PDL Nº 122/2024,19511,SIM,2024-04-30,606
86461,8499,NOMINAL,TURNO ÚNICO PDL Nº 122/2024,19511,SIM,2024-04-30,606
86462,8499,NOMINAL,TURNO ÚNICO PDL Nº 122/2024,19511,SIM,2024-04-30,606
86463,8499,NOMINAL,TURNO ÚNICO PDL Nº 122/2024,19511,SIM,2024-04-30,606
86464,8499,NOMINAL,TURNO ÚNICO PDL Nº 122/2024,19511,SIM,2024-04-30,606
86465,8499,NOMINAL,TURNO ÚNICO PDL Nº 122/2024,19511,SIM,2024-04-30,606
86466,8499,NOMINAL,TURNO ÚNICO PDL Nº 122/2024,19511,SIM,2024-04-30,606
86467,8499,NOMINAL,TURNO ÚNICO PDL Nº 122/2024,19511,SIM,2024-04-30,606
86468,8499,NOMINAL,TURNO ÚNICO PDL Nº 122/2024,19511,SIM,2024-04-30,606
86469,8499,NOMINAL,TURNO ÚNICO PDL Nº 122/2024,19511,SIM,2024-04-30,606
86470,8499,NOMINAL,TURNO ÚNICO PDL Nº 122/2024,19511,SIM,2024-04-30,606
86471,8501,NOMINAL,1º TURNO DO PROJETO DE RESOLUÇÃO Nº 37/2024,19254,SIM,2024-05-07,
86472,8501,NOMINAL,1º TURNO DO PROJETO DE RESOLUÇÃO Nº 37/2024,19254,SIM,2024-05-07,
86473,8501,NOMINAL,1º TURNO DO PROJETO DE RESOLUÇÃO Nº 37/2024,19254,SIM,2024-05-07,
86474,8501,NOMINAL,1º TURNO DO PROJETO DE RESOLUÇÃO Nº 37/2024,19254,SIM,2024-05-07,
86475,8501,NOMINAL,1º TURNO DO PROJETO DE RESOLUÇÃO Nº 37/2024,19254,SIM,2024-05-07,
86476,8501,NOMINAL,1º TURNO DO PROJETO DE RESOLUÇÃO Nº 37/2024,19254,SIM,2024-05-07,
86477,8501,NOMINAL,1º TURNO DO PROJETO DE RESOLUÇÃO Nº 37/2024,19254,SIM,2024-05-07,
86478,8501,NOMINAL,1º TURNO DO PROJETO DE RESOLUÇÃO Nº 37/2024,19254,SIM,2024-05-07,
86479,8501,NOMINAL,1º TURNO DO PROJETO DE RESOLUÇÃO Nº 37/2024,19254,SIM,2024-05-07,
86480,8501,NOMINAL,1º TURNO DO PROJETO DE RESOLUÇÃO Nº 37/2024,19254,SIM,2024-05-07,
86481,8501,NOMINAL,1º TURNO DO PROJETO DE RESOLUÇÃO Nº 37/2024,19254,SIM,2024-05-07,
86482,8501,NOMINAL,1º TURNO DO PROJETO DE RESOLUÇÃO Nº 37/2024,19254,SIM,2024-05-07,
86483,8501,NOMINAL,1º TURNO DO PROJETO DE RESOLUÇÃO Nº 37/2024,19254,SIM,2024-05-07,
86484,8502,NOMINAL,2º TURNO DO PROJETO DE RESOLUÇÃO Nº 37/2024,19254,SIM,2024-05-07,
86485,8502,NOMINAL,2º TURNO DO PROJETO DE RESOLUÇÃO Nº 37/2024,19254,SIM,2024-05-07,
86486,8502,NOMINAL,2º TURNO DO PROJETO DE RESOLUÇÃO Nº 37/2024,19254,SIM,2024-05-07,
86487,8502,NOMINAL,2º TURNO DO PROJETO DE RESOLUÇÃO Nº 37/2024,19254,SIM,2024-05-07,
86488,8502,NOMINAL,2º TURNO DO PROJETO DE RESOLUÇÃO Nº 37/2024,19254,SIM,2024-05-07,
86489,8502,NOMINAL,2º TURNO DO PROJETO DE RESOLUÇÃO Nº 37/2024,19254,SIM,2024-05-07,
86490,8502,NOMINAL,2º TURNO DO PROJETO DE RESOLUÇÃO Nº 37/2024,19254,SIM,2024-05-07,
86491,8502,NOMINAL,2º TURNO DO PROJETO DE RESOLUÇÃO Nº 37/2024,19254,SIM,2024-05-07,
86492,8502,NOMINAL,2º TURNO DO PROJETO DE RESOLUÇÃO Nº 37/2024,19254,SIM,2024-05-07,
86493,8502,NOMINAL,2º TURNO DO PROJETO DE RESOLUÇÃO Nº 37/2024,19254,SIM,2024-05-07,
86494,8502,NOMINAL,2º TURNO DO PROJETO DE RESOLUÇÃO Nº 37/2024,19254,SIM,2024-05-07,
86495,8502,NOMINAL,2º TURNO DO PROJETO DE RESOLUÇÃO Nº 37/2024,19254,SIM,2024-05-07,
86496,8502,NOMINAL,2º TURNO DO PROJETO DE RESOLUÇÃO Nº 37/2024,19254,SIM,2024-05-07,
86497,8514,NOMINAL,1º TURNO DO PROJETO DE LEI  Nº 429/2023,13783,SIM,2024-06-11,
86498,8514,NOMINAL,1º TURNO DO PROJETO DE LEI  Nº 429/2023,13783,SIM,2024-06-11,
86499,8514,NOMINAL,1º TURNO DO PROJETO DE LEI  Nº 429/2023,13783,SIM,2024-06-11,
86500,8514,NOMINAL,1º TURNO DO PROJETO DE LEI  Nº 429/2023,13783,SIM,2024-06-11,
86501,8514,NOMINAL,1º TURNO DO PROJETO DE LEI  Nº 429/2023,13783,SIM,2024-06-11,
86502,8514,NOMINAL,1º TURNO DO PROJETO DE LEI  Nº 429/2023,13783,SIM,2024-06-11,
86503,8514,NOMINAL,1º TURNO DO PROJETO DE LEI  Nº 429/2023,13783,SIM,2024-06-11,
86504,8514,NOMINAL,1º TURNO DO PROJETO DE LEI  Nº 429/2023,13783,SIM,2024-06-11,
86505,8514,NOMINAL,1º TURNO DO PROJETO DE LEI  Nº 429/2023,13783,SIM,2024-06-11,
86506,8514,NOMINAL,1º TURNO DO PROJETO DE LEI  Nº 429/2023,13783,SIM,2024-06-11,
86507,8514,NOMINAL,1º TURNO DO PROJETO DE LEI  Nº 429/2023,13783,SIM,2024-06-11,
86508,8514,NOMINAL,1º TURNO DO PROJETO DE LEI  Nº 429/2023,13783,SIM,2024-06-11,
86509,8514,NOMINAL,1º TURNO DO PROJETO DE LEI  Nº 429/2023,13783,SIM,2024-06-11,
86510,8514,NOMINAL,1º TURNO DO PROJETO DE LEI  Nº 429/2023,13783,SIM,2024-06-11,
86511,8514,NOMINAL,1º TURNO DO PROJETO DE LEI  Nº 429/2023,13783,SIM,2024-06-11,
86512,8514,NOMINAL,1º TURNO DO PROJETO DE LEI  Nº 429/2023,13783,SIM,2024-06-11,
86513,8514,NOMINAL,1º TURNO DO PROJETO DE LEI  Nº 429/2023,13783,SIM,2024-06-11,
86514,8514,NOMINAL,1º TURNO DO PROJETO DE LEI  Nº 429/2023,13783,ABSTENCAO,2024-06-11,
86515,8542,NOMINAL,TURNO ÚNICO PDL Nº 97/2024,18831,SIM,2024-05-28,
86516,8542,NOMINAL,TURNO ÚNICO PDL Nº 97/2024,18831,SIM,2024-05-28,
86517,8542,NOMINAL,TURNO ÚNICO PDL Nº 97/2024,18831,SIM,2024-05-28,
86518,8542,NOMINAL,TURNO ÚNICO PDL Nº 97/2024,18831,SIM,2024-05-28,
86519,8542,NOMINAL,TURNO ÚNICO PDL Nº 97/2024,18831,SIM,2024-05-28,
86520,8542,NOMINAL,TURNO ÚNICO PDL Nº 97/2024,18831,SIM,2024-05-28,
86521,8542,NOMINAL,TURNO ÚNICO PDL Nº 97/2024,18831,SIM,2024-05-28,
86522,8542,NOMINAL,TURNO ÚNICO PDL Nº 97/2024,18831,SIM,2024-05-28,
86523,8542,NOMINAL,TURNO ÚNICO PDL Nº 97/2024,18831,SIM,2024-05-28,
86524,8542,NOMINAL,TURNO ÚNICO PDL Nº 97/2024,18831,SIM,2024-05-28,
86525,8542,NOMINAL,TURNO ÚNICO PDL Nº 97/2024,18831,SIM,2024-05-28,
86526,8542,NOMINAL,TURNO ÚNICO PDL Nº 97/2024,18831,SIM,2024-05-28,
86527,8542,NOMINAL,TURNO ÚNICO PDL Nº 97/2024,18831,SIM,2024-05-28,
86528,8542,NOMINAL,TURNO ÚNICO PDL Nº 97/2024,18831,SIM,2024-05-28,
86529,8542,NOMINAL,TURNO ÚNICO PDL Nº 97/2024,18831,SIM,2024-05-28,
86530,8566,NOMINAL,1º TURNO DO PROJETO DE RESOLUÇÃO Nº 36/2024,19055,SIM,2024-05-21,
86531,8566,NOMINAL,1º TURNO DO PROJETO DE RESOLUÇÃO Nº 36/2024,19055,SIM,2024-05-21,
86532,8566,NOMINAL,1º TURNO DO PROJETO DE RESOLUÇÃO Nº 36/2024,19055,SIM,2024-05-21,
86533,8566,NOMINAL,1º TURNO DO PROJETO DE RESOLUÇÃO Nº 36/2024,19055,SIM,2024-05-21,
86534,8566,NOMINAL,1º TURNO DO PROJETO DE RESOLUÇÃO Nº 36/2024,19055,SIM,2024-05-21,
86535,8566,NOMINAL,1º TURNO DO PROJETO DE RESOLUÇÃO Nº 36/2024,19055,SIM,2024-05-21,
86536,8566,NOMINAL,1º TURNO DO PROJETO DE RESOLUÇÃO Nº 36/2024,19055,SIM,2024-05-21,
86537,8566,NOMINAL,1º TURNO DO PROJETO DE RESOLUÇÃO Nº 36/2024,19055,SIM,2024-05-21,
86538,8566,NOMINAL,1º TURNO DO PROJETO DE RESOLUÇÃO Nº 36/2024,19055,SIM,2024-05-21,
86539,8566,NOMINAL,1º TURNO DO PROJETO DE RESOLUÇÃO Nº 36/2024,19055,SIM,2024-05-21,
86540,8566,NOMINAL,1º TURNO DO PROJETO DE RESOLUÇÃO Nº 36/2024,19055,SIM,2024-05-21,
86541,8566,NOMINAL,1º TURNO DO PROJETO DE RESOLUÇÃO Nº 36/2024,19055,SIM,2024-05-21,
86542,8566,NOMINAL,1º TURNO DO PROJETO DE RESOLUÇÃO Nº 36/2024,19055,SIM,2024-05-21,
86543,8566,NOMINAL,1º TURNO DO PROJETO DE RESOLUÇÃO Nº 36/2024,19055,SIM,2024-05-21,
86544,8566,NOMINAL,1º TURNO DO PROJETO DE RESOLUÇÃO Nº 36/2024,19055,SIM,2024-05-21,
86545,8566,NOMINAL,1º TURNO DO PROJETO DE RESOLUÇÃO Nº 36/2024,19055,SIM,2024-05-21,
86546,8566,NOMINAL,1º TURNO DO PROJETO DE RESOLUÇÃO Nº 36/2024,19055,SIM,2024-05-21,
86547,8566,NOMINAL,1º TURNO DO PROJETO DE RESOLUÇÃO Nº 36/2024,19055,SIM,2024-05-21,
86548,8566,NOMINAL,1º TURNO DO PROJETO DE RESOLUÇÃO Nº 36/2024,19055,SIM,2024-05-21,
86549,8568,NOMINAL,2º TURNO DO PROJETO DE RESOLUÇÃO Nº 36/2024,19055,SIM,2024-05-21,
86550,8568,NOMINAL,2º TURNO DO PROJETO DE RESOLUÇÃO Nº 36/2024,19055,SIM,2024-05-21,
86551,8568,NOMINAL,2º TURNO DO PROJETO DE RESOLUÇÃO Nº 36/2024,19055,SIM,2024-05-21,
86552,8568,NOMINAL,2º TURNO DO PROJETO DE RESOLUÇÃO Nº 36/2024,19055,SIM,2024-05-21,
86553,8568,NOMINAL,2º TURNO DO PROJETO DE RESOLUÇÃO Nº 36/2024,19055,SIM,2024-05-21,
86554,8568,NOMINAL,2º TURNO DO PROJETO DE RESOLUÇÃO Nº 36/2024,19055,SIM,2024-05-21,
86555,8568,NOMINAL,2º TURNO DO PROJETO DE RESOLUÇÃO Nº 36/2024,19055,SIM,2024-05-21,
86556,8568,NOMINAL,2º TURNO DO PROJETO DE RESOLUÇÃO Nº 36/2024,19055,SIM,2024-05-21,
86557,8568,NOMINAL,2º TURNO DO PROJETO DE RESOLUÇÃO Nº 36/2024,19055,SIM,2024-05-21,
86558,8568,NOMINAL,2º TURNO DO PROJETO DE RESOLUÇÃO Nº 36/2024,19055,SIM,2024-05-21,
86559,8568,NOMINAL,2º TURNO DO PROJETO DE RESOLUÇÃO Nº 36/2024,19055,SIM,2024-05-21,
86560,8568,NOMINAL,2º TURNO DO PROJETO DE RESOLUÇÃO Nº 36/2024,19055,SIM,2024-05-21,
86561,8568,NOMINAL,2º TURNO DO PROJETO DE RESOLUÇÃO Nº 36/2024,19055,SIM,2024-05-21,
86562,8568,NOMINAL,2º TURNO DO PROJETO DE RESOLUÇÃO Nº 36/2024,19055,SIM,2024-05-21,
86563,8568,NOMINAL,2º TURNO DO PROJETO DE RESOLUÇÃO Nº 36/2024,19055,SIM,2024-05-21,
86564,8568,NOMINAL,2º TURNO DO PROJETO DE RESOLUÇÃO Nº 36/2024,19055,SIM,2024-05-21,
86565,8568,NOMINAL,2º TURNO DO PROJETO DE RESOLUÇÃO Nº 36/2024,19055,SIM,2024-05-21,
86566,8603,NOMINAL,1º TURNO DO PROJETO DE LEI  Nº 1112/2024,19852,NAO,2024-06-25,
86567,8603,NOMINAL,1º TURNO DO PROJETO DE LEI  Nº 1112/2024,19852,SIM,2024-06-25,
86568,8603,NOMINAL,1º TURNO DO PROJETO DE LEI  Nº 1112/2024,19852,SIM,2024-06-25,
86569,8603,NOMINAL,1º TURNO DO PROJETO DE LEI  Nº 1112/2024,19852,SIM,2024-06-25,
86570,8603,NOMINAL,1º TURNO DO PROJETO DE LEI  Nº 1112/2024,19852,SIM,2024-06-25,
86571,8603,NOMINAL,1º TURNO DO PROJETO DE LEI  Nº 1112/2024,19852,ABSTENCAO,2024-06-25,
86572,8603,NOMINAL,1º TURNO DO PROJETO DE LEI  Nº 1112/2024,19852,SIM,2024-06-25,
86573,8603,NOMINAL,1º TURNO DO PROJETO DE LEI  Nº 1112/2024,19852,SIM,2024-06-25,
86574,8603,NOMINAL,1º TURNO DO PROJETO DE LEI  Nº 1112/2024,19852,SIM,2024-06-25,
86575,8603,NOMINAL,1º TURNO DO PROJETO DE LEI  Nº 1112/2024,19852,SIM,2024-06-25,
86576,8603,NOMINAL,1º TURNO DO PROJETO DE LEI  Nº 1112/2024,19852,SIM,2024-06-25,
86577,8603,NOMINAL,1º TURNO DO PROJETO DE LEI  Nº 1112/2024,19852,SIM,2024-06-25,
86578,8603,NOMINAL,1º TURNO DO PROJETO DE LEI  Nº 1112/2024,19852,SIM,2024-06-25,
86579,8603,NOMINAL,1º TURNO DO PROJETO DE LEI  Nº 1112/2024,19852,SIM,2024-06-25,
86580,8603,NOMINAL,1º TURNO DO PROJETO DE LEI  Nº 1112/2024,19852,SIM,2024-06-25,
86581,8603,NOMINAL,1º TURNO DO PROJETO DE LEI  Nº 1112/2024,19852,SIM,2024-06-25,
86582,8603,NOMINAL,1º TURNO DO PROJETO DE LEI  Nº 1112/2024,19852,SIM,2024-06-25,
86583,8603,NOMINAL,1º TURNO DO PROJETO DE LEI  Nº 1112/2024,19852,SIM,2024-06-25,
86584,8603,NOMINAL,1º TURNO DO PROJETO DE LEI  Nº 1112/2024,19852,SIM,2024-06-25,
86585,8603,NOMINAL,1º TURNO DO PROJETO DE LEI  Nº 1112/2024,19852,SIM,2024-06-25,
86586,8603,NOMINAL,1º TURNO DO PROJETO DE LEI  Nº 1112/2024,19852,SIM,2024-06-25,
86587,8603,NOMINAL,1º TURNO DO PROJETO DE LEI  Nº 1112/2024,19852,SIM,2024-06-25,
86588,8604,NOMINAL,2º TURNO DO PROJETO DE LEI  Nº 1112/2024,19852,NAO,2024-06-25,
86589,8604,NOMINAL,2º TURNO DO PROJETO DE LEI  Nº 1112/2024,19852,SIM,2024-06-25,
86590,8604,NOMINAL,2º TURNO DO PROJETO DE LEI  Nº 1112/2024,19852,SIM,2024-06-25,
86591,8604,NOMINAL,2º TURNO DO PROJETO DE LEI  Nº 1112/2024,19852,SIM,2024-06-25,
86592,8604,NOMINAL,2º TURNO DO PROJETO DE LEI  Nº 1112/2024,19852,SIM,2024-06-25,
86593,8604,NOMINAL,2º TURNO DO PROJETO DE LEI  Nº 1112/2024,19852,ABSTENCAO,2024-06-25,
86594,8604,NOMINAL,2º TURNO DO PROJETO DE LEI  Nº 1112/2024,19852,SIM,2024-06-25,
86595,8604,NOMINAL,2º TURNO DO PROJETO DE LEI  Nº 1112/2024,19852,SIM,2024-06-25,
86596,8604,NOMINAL,2º TURNO DO PROJETO DE LEI  Nº 1112/2024,19852,SIM,2024-06-25,
86597,8604,NOMINAL,2º TURNO DO PROJETO DE LEI  Nº 1112/2024,19852,SIM,2024-06-25,
86598,8604,NOMINAL,2º TURNO DO PROJETO DE LEI  Nº 1112/2024,19852,SIM,2024-06-25,
86599,8604,NOMINAL,2º TURNO DO PROJETO DE LEI  Nº 1112/2024,19852,SIM,2024-06-25,
86600,8604,NOMINAL,2º TURNO DO PROJETO DE LEI  Nº 1112/2024,19852,SIM,2024-06-25,
86601,8604,NOMINAL,2º TURNO DO PROJETO DE LEI  Nº 1112/2024,19852,SIM,2024-06-25,
86602,8604,NOMINAL,2º TURNO DO PROJETO DE LEI  Nº 1112/2024,19852,SIM,2024-06-25,
86603,8604,NOMINAL,2º TURNO DO PROJETO DE LEI  Nº 1112/2024,19852,SIM,2024-06-25,
86604,8604,NOMINAL,2º TURNO DO PROJETO DE LEI  Nº 1112/2024,19852,SIM,2024-06-25,
86605,8604,NOMINAL,2º TURNO DO PROJETO DE LEI  Nº 1112/2024,19852,SIM,2024-06-25,
86606,8604,NOMINAL,2º TURNO DO PROJETO DE LEI  Nº 1112/2024,19852,SIM,2024-06-25,
86607,8604,NOMINAL,2º TURNO DO PROJETO DE LEI  Nº 1112/2024,19852,SIM,2024-06-25,
86608,8604,NOMINAL,2º TURNO DO PROJETO DE LEI  Nº 1112/2024,19852,SIM,2024-06-25,
86609,8617,NOMINAL,EMENDA DESTACADA Nº 2 AO PL Nº 1112/2024,19852,NAO,2024-06-25,
86610,8617,NOMINAL,EMENDA DESTACADA Nº 2 AO PL Nº 1112/2024,19852,NAO,2024-06-25,
86611,8617,NOMINAL,EMENDA DESTACADA Nº 2 AO PL Nº 1112/2024,19852,SIM,2024-06-25,
86612,8617,NOMINAL,EMENDA DESTACADA Nº 2 AO PL Nº 1112/2024,19852,NAO,2024-06-25,
86613,8617,NOMINAL,EMENDA DESTACADA Nº 2 AO PL Nº 1112/2024,19852,NAO,2024-06-25,
86614,8617,NOMINAL,EMENDA DESTACADA Nº 2 AO PL Nº 1112/2024,19852,NAO,2024-06-25,
86615,8617,NOMINAL,EMENDA DESTACADA Nº 2 AO PL Nº 1112/2024,19852,NAO,2024-06-25,
86616,8617,NOMINAL,EMENDA DESTACADA Nº 2 AO PL Nº 1112/2024,19852,ABSTENCAO,2024-06-25,
86617,8617,NOMINAL,EMENDA DESTACADA Nº 2 AO PL Nº 1112/2024,19852,SIM,2024-06-25,
86618,8617,NOMINAL,EMENDA DESTACADA Nº 2 AO PL Nº 1112/2024,19852,NAO,2024-06-25,
86619,8617,NOMINAL,EMENDA DESTACADA Nº 2 AO PL Nº 1112/2024,19852,NAO,2024-06-25,
86620,8617,NOMINAL,EMENDA DESTACADA Nº 2 AO PL Nº 1112/2024,19852,SIM,2024-06-25,
86621,8617,NOMINAL,EMENDA DESTACADA Nº 2 AO PL Nº 1112/2024,19852,NAO,2024-06-25,
86622,8617,NOMINAL,EMENDA DESTACADA Nº 2 AO PL Nº 1112/2024,19852,NAO,2024-06-25,
86623,8617,NOMINAL,EMENDA DESTACADA Nº 2 AO PL Nº 1112/2024,19852,SIM,2024-06-25,
86624,8617,NOMINAL,EMENDA DESTACADA Nº 2 AO PL Nº 1112/2024,19852,NAO,2024-06-25,
86625,8617,NOMINAL,EMENDA DESTACADA Nº 2 AO PL Nº 1112/2024,19852,SIM,2024-06-25,
86626,8617,NOMINAL,EMENDA DESTACADA Nº 2 AO PL Nº 1112/2024,19852,NAO,2024-06-25,
86627,8617,NOMINAL,EMENDA DESTACADA Nº 2 AO PL Nº 1112/2024,19852,SIM,2024-06-25,
86628,8617,NOMINAL,EMENDA DESTACADA Nº 2 AO PL Nº 1112/2024,19852,NAO,2024-06-25,
86629,8617,NOMINAL,EMENDA DESTACADA Nº 2 AO PL Nº 1112/2024,19852,SIM,2024-06-25,
86630,8617,NOMINAL,EMENDA DESTACADA Nº 2 AO PL Nº 1112/2024,19852,NAO,2024-06-25,
86631,8617,NOMINAL,EMENDA DESTACADA Nº 2 AO PL Nº 1112/2024,19852,SIM,2024-06-25,
86632,8617,NOMINAL,EMENDA DESTACADA Nº 2 AO PL Nº 1112/2024,19852,SIM,2024-06-25,
86633,8617,NOMINAL,EMENDA DESTACADA Nº 2 AO PL Nº 1112/2024,19852,SIM,2024-06-25,
86634,8617,NOMINAL,EMENDA DESTACADA Nº 2 AO PL Nº 1112/2024,19852,SIM,2024-06-25,
86635,8617,NOMINAL,EMENDA DESTACADA Nº 2 AO PL Nº 1112/2024,19852,ABSTENCAO,2024-06-25,
86636,8617,NOMINAL,EMENDA DESTACADA Nº 2 AO PL Nº 1112/2024,19852,SIM,2024-06-25,
86637,8626,NOMINAL,1º TURNO PROJETO DE LEI COMPLEMENTAR Nº 48/2024,19684,ABSTENCAO,2024-06-25,
86638,8626,NOMINAL,1º TURNO PROJETO DE LEI COMPLEMENTAR Nº 48/2024,19684,SIM,2024-06-25,
86639,8626,NOMINAL,1º TURNO PROJETO DE LEI COMPLEMENTAR Nº 48/2024,19684,NAO,2024-06-25,
86640,8626,NOMINAL,1º TURNO PROJETO DE LEI COMPLEMENTAR Nº 48/2024,19684,SIM,2024-06-25,
86641,8626,NOMINAL,1º TURNO PROJETO DE LEI COMPLEMENTAR Nº 48/2024,19684,NAO,2024-06-25,
86642,8626,NOMINAL,1º TURNO PROJETO DE LEI COMPLEMENTAR Nº 48/2024,19684,NAO,2024-06-25,
86643,8626,NOMINAL,1º TURNO PROJETO DE LEI COMPLEMENTAR Nº 48/2024,19684,SIM,2024-06-25,
86644,8626,NOMINAL,1º TURNO PROJETO DE LEI COMPLEMENTAR Nº 48/2024,19684,SIM,2024-06-25,
86645,8626,NOMINAL,1º TURNO PROJETO DE LEI COMPLEMENTAR Nº 48/2024,19684,SIM,2024-06-25,
86646,8626,NOMINAL,1º TURNO PROJETO DE LEI COMPLEMENTAR Nº 48/2024,19684,SIM,2024-06-25,
86647,8626,NOMINAL,1º TURNO PROJETO DE LEI COMPLEMENTAR Nº 48/2024,19684,SIM,2024-06-25,
86648,8626,NOMINAL,1º TURNO PROJETO DE LEI COMPLEMENTAR Nº 48/2024,19684,SIM,2024-06-25,
86649,8626,NOMINAL,1º TURNO PROJETO DE LEI COMPLEMENTAR Nº 48/2024,19684,SIM,2024-06-25,
86650,8626,NOMINAL,1º TURNO PROJETO DE LEI COMPLEMENTAR Nº 48/2024,19684,NAO,2024-06-25,
86651,8626,NOMINAL,1º TURNO PROJETO DE LEI COMPLEMENTAR Nº 48/2024,19684,SIM,2024-06-25,
86652,8626,NOMINAL,1º TURNO PROJETO DE LEI COMPLEMENTAR Nº 48/2024,19684,SIM,2024-06-25,
86653,8626,NOMINAL,1º TURNO PROJETO DE LEI COMPLEMENTAR Nº 48/2024,19684,SIM,2024-06-25,
86654,8626,NOMINAL,1º TURNO PROJETO DE LEI COMPLEMENTAR Nº 48/2024,19684,SIM,2024-06-25,
86655,8626,NOMINAL,1º TURNO PROJETO DE LEI COMPLEMENTAR Nº 48/2024,19684,SIM,2024-06-25,
86656,8626,NOMINAL,1º TURNO PROJETO DE LEI COMPLEMENTAR Nº 48/2024,19684,SIM,2024-06-25,
86657,8626,NOMINAL,1º TURNO PROJETO DE LEI COMPLEMENTAR Nº 48/2024,19684,SIM,2024-06-25,
86658,8626,NOMINAL,1º TURNO PROJETO DE LEI COMPLEMENTAR Nº 48/2024,19684,SIM,2024-06-25,
86659,8628,NOMINAL,2º TURNO PROJETO DE LEI COMPLEMENTAR Nº 48/2024,19684,NAO,2024-06-25,
86660,8628,NOMINAL,2º TURNO PROJETO DE LEI COMPLEMENTAR Nº 48/2024,19684,SIM,2024-06-25,
86661,8628,NOMINAL,2º TURNO PROJETO DE LEI COMPLEMENTAR Nº 48/2024,19684,NAO,2024-06-25,
86662,8628,NOMINAL,2º TURNO PROJETO DE LEI COMPLEMENTAR Nº 48/2024,19684,SIM,2024-06-25,
86663,8628,NOMINAL,2º TURNO PROJETO DE LEI COMPLEMENTAR Nº 48/2024,19684,NAO,2024-06-25,
86664,8628,NOMINAL,2º TURNO PROJETO DE LEI COMPLEMENTAR Nº 48/2024,19684,NAO,2024-06-25,
86665,8628,NOMINAL,2º TURNO PROJETO DE LEI COMPLEMENTAR Nº 48/2024,19684,SIM,2024-06-25,
86666,8628,NOMINAL,2º TURNO PROJETO DE LEI COMPLEMENTAR Nº 48/2024,19684,SIM,2024-06-25,
86667,8628,NOMINAL,2º TURNO PROJETO DE LEI COMPLEMENTAR Nº 48/2024,19684,SIM,2024-06-25,
86668,8628,NOMINAL,2º TURNO PROJETO DE LEI COMPLEMENTAR Nº 48/2024,19684,SIM,2024-06-25,
86669,8628,NOMINAL,2º TURNO PROJETO DE LEI COMPLEMENTAR Nº 48/2024,19684,SIM,2024-06-25,
86670,8628,NOMINAL,2º TURNO PROJETO DE LEI COMPLEMENTAR Nº 48/2024,19684,SIM,2024-06-25,
86671,8628,NOMINAL,2º TURNO PROJETO DE LEI COMPLEMENTAR Nº 48/2024,19684,SIM,2024-06-25,
86672,8628,NOMINAL,2º TURNO PROJETO DE LEI COMPLEMENTAR Nº 48/2024,19684,NAO,2024-06-25,
86673,8628,NOMINAL,2º TURNO PROJETO DE LEI COMPLEMENTAR Nº 48/2024,19684,SIM,2024-06-25,
86674,8628,NOMINAL,2º TURNO PROJETO DE LEI COMPLEMENTAR Nº 48/2024,19684,SIM,2024-06-25,
86675,8628,NOMINAL,2º TURNO PROJETO DE LEI COMPLEMENTAR Nº 48/2024,19684,NAO,2024-06-25,
86676,8628,NOMINAL,2º TURNO PROJETO DE LEI COMPLEMENTAR Nº 48/2024,19684,SIM,2024-06-25,
86677,8628,NOMINAL,2º TURNO PROJETO DE LEI COMPLEMENTAR Nº 48/2024,19684,SIM,2024-06-25,
86678,8628,NOMINAL,2º TURNO PROJETO DE LEI COMPLEMENTAR Nº 48/2024,19684,SIM,2024-06-25,
86679,8628,NOMINAL,2º TURNO PROJETO DE LEI COMPLEMENTAR Nº 48/2024,19684,SIM,2024-06-25,
86680,8628,NOMINAL,2º TURNO PROJETO DE LEI COMPLEMENTAR Nº 48/2024,19684,SIM,2024-06-25,
86681,8751,NOMINAL,1º TURNO PROJETO DE LEI COMPLEMENTAR Nº 43/2024,18712,SIM,2024-06-11,
86682,8751,NOMINAL,1º TURNO PROJETO DE LEI COMPLEMENTAR Nº 43/2024,18712,SIM,2024-06-11,
86683,8751,NOMINAL,1º TURNO PROJETO DE LEI COMPLEMENTAR Nº 43/2024,18712,SIM,2024-06-11,
86684,8751,NOMINAL,1º TURNO PROJETO DE LEI COMPLEMENTAR Nº 43/2024,18712,SIM,2024-06-11,
86685,8751,NOMINAL,1º TURNO PROJETO DE LEI COMPLEMENTAR Nº 43/2024,18712,SIM,2024-06-11,
86686,8751,NOMINAL,1º TURNO PROJETO DE LEI COMPLEMENTAR Nº 43/2024,18712,SIM,2024-06-11,
86687,8751,NOMINAL,1º TURNO PROJETO DE LEI COMPLEMENTAR Nº 43/2024,18712,SIM,2024-06-11,
86688,8751,NOMINAL,1º TURNO PROJETO DE LEI COMPLEMENTAR Nº 43/2024,18712,SIM,2024-06-11,
86689,8751,NOMINAL,1º TURNO PROJETO DE LEI COMPLEMENTAR Nº 43/2024,18712,SIM,2024-06-11,
86690,8751,NOMINAL,1º TURNO PROJETO DE LEI COMPLEMENTAR Nº 43/2024,18712,SIM,2024-06-11,
86691,8751,NOMINAL,1º TURNO PROJETO DE LEI COMPLEMENTAR Nº 43/2024,18712,SIM,2024-06-11,
86692,8751,NOMINAL,1º TURNO PROJETO DE LEI COMPLEMENTAR Nº 43/2024,18712,SIM,2024-06-11,
86693,8751,NOMINAL,1º TURNO PROJETO DE LEI COMPLEMENTAR Nº 43/2024,18712,SIM,2024-06-11,
86694,8751,NOMINAL,1º TURNO PROJETO DE LEI COMPLEMENTAR Nº 43/2024,18712,SIM,2024-06-11,
86695,8751,NOMINAL,1º TURNO PROJETO DE LEI COMPLEMENTAR Nº 43/2024,18712,SIM,2024-06-11,
86696,8751,NOMINAL,1º TURNO PROJETO DE LEI COMPLEMENTAR Nº 43/2024,18712,SIM,2024-06-11,
86697,8751,NOMINAL,1º TURNO PROJETO DE LEI COMPLEMENTAR Nº 43/2024,18712,SIM,2024-06-11,
86698,8751,NOMINAL,1º TURNO PROJETO DE LEI COMPLEMENTAR Nº 43/2024,18712,SIM,2024-06-11,
86699,8752,NOMINAL,2º TURNO PROJETO DE LEI COMPLEMENTAR Nº 43/2024,18712,SIM,2024-06-11,
86700,8752,NOMINAL,2º TURNO PROJETO DE LEI COMPLEMENTAR Nº 43/2024,18712,SIM,2024-06-11,
86701,8752,NOMINAL,2º TURNO PROJETO DE LEI COMPLEMENTAR Nº 43/2024,18712,SIM,2024-06-11,
86702,8752,NOMINAL,2º TURNO PROJETO DE LEI COMPLEMENTAR Nº 43/2024,18712,SIM,2024-06-11,
86703,8752,NOMINAL,2º TURNO PROJETO DE LEI COMPLEMENTAR Nº 43/2024,18712,SIM,2024-06-11,
86704,8752,NOMINAL,2º TURNO PROJETO DE LEI COMPLEMENTAR Nº 43/2024,18712,SIM,2024-06-11,
86705,8752,NOMINAL,2º TURNO PROJETO DE LEI COMPLEMENTAR Nº 43/2024,18712,SIM,2024-06-11,
86706,8752,NOMINAL,2º TURNO PROJETO DE LEI COMPLEMENTAR Nº 43/2024,18712,SIM,2024-06-11,
86707,8752,NOMINAL,2º TURNO PROJETO DE LEI COMPLEMENTAR Nº 43/2024,18712,SIM,2024-06-11,
86708,8752,NOMINAL,2º TURNO PROJETO DE LEI COMPLEMENTAR Nº 43/2024,18712,SIM,2024-06-11,
86709,8752,NOMINAL,2º TURNO PROJETO DE LEI COMPLEMENTAR Nº 43/2024,18712,SIM,2024-06-11,
86710,8752,NOMINAL,2º TURNO PROJETO DE LEI COMPLEMENTAR Nº 43/2024,18712,SIM,2024-06-11,
86711,8752,NOMINAL,2º TURNO PROJETO DE LEI COMPLEMENTAR Nº 43/2024,18712,SIM,2024-06-11,
86712,8752,NOMINAL,2º TURNO PROJETO DE LEI COMPLEMENTAR Nº 43/2024,18712,SIM,2024-06-11,
86713,8752,NOMINAL,2º TURNO PROJETO DE LEI COMPLEMENTAR Nº 43/2024,18712,SIM,2024-06-11,
86714,8752,NOMINAL,2º TURNO PROJETO DE LEI COMPLEMENTAR Nº 43/2024,18712,SIM,2024-06-11,
86715,8758,NOMINAL,1º TURNO PROJETO DE LEI COMPLEMENTAR Nº 40/2024,18262,SIM,2024-06-11,
86716,8758,NOMINAL,1º TURNO PROJETO DE LEI COMPLEMENTAR Nº 40/2024,18262,SIM,2024-06-11,
86717,8758,NOMINAL,1º TURNO PROJETO DE LEI COMPLEMENTAR Nº 40/2024,18262,SIM,2024-06-11,
86718,8758,NOMINAL,1º TURNO PROJETO DE LEI COMPLEMENTAR Nº 40/2024,18262,SIM,2024-06-11,
86719,8758,NOMINAL,1º TURNO PROJETO DE LEI COMPLEMENTAR Nº 40/2024,18262,SIM,2024-06-11,
86720,8758,NOMINAL,1º TURNO PROJETO DE LEI COMPLEMENTAR Nº 40/2024,18262,SIM,2024-06-11,
86721,8758,NOMINAL,1º TURNO PROJETO DE LEI COMPLEMENTAR Nº 40/2024,18262,SIM,2024-06-11,
86722,8758,NOMINAL,1º TURNO PROJETO DE LEI COMPLEMENTAR Nº 40/2024,18262,SIM,2024-06-11,
86723,8758,NOMINAL,1º TURNO PROJETO DE LEI COMPLEMENTAR Nº 40/2024,18262,SIM,2024-06-11,
86724,8758,NOMINAL,1º TURNO PROJETO DE LEI COMPLEMENTAR Nº 40/2024,18262,SIM,2024-06-11,
86725,8758,NOMINAL,1º TURNO PROJETO DE LEI COMPLEMENTAR Nº 40/2024,18262,SIM,2024-06-11,
86726,8758,NOMINAL,1º TURNO PROJETO DE LEI COMPLEMENTAR Nº 40/2024,18262,SIM,2024-06-11,
86727,8758,NOMINAL,1º TURNO PROJETO DE LEI COMPLEMENTAR Nº 40/2024,18262,SIM,2024-06-11,
86728,8758,NOMINAL,1º TURNO PROJETO DE LEI COMPLEMENTAR Nº 40/2024,18262,SIM,2024-06-11,
86729,8758,NOMINAL,1º TURNO PROJETO DE LEI COMPLEMENTAR Nº 40/2024,18262,SIM,2024-06-11,
86730,8759,NOMINAL,2º TURNO PROJETO DE LEI COMPLEMENTAR Nº 40/2024,18262,SIM,2024-06-11,
86731,8759,NOMINAL,2º TURNO PROJETO DE LEI COMPLEMENTAR Nº 40/2024,18262,SIM,2024-06-11,
86732,8759,NOMINAL,2º TURNO PROJETO DE LEI COMPLEMENTAR Nº 40/2024,18262,SIM,2024-06-11,
86733,8759,NOMINAL,2º TURNO PROJETO DE LEI COMPLEMENTAR Nº 40/2024,18262,SIM,2024-06-11,
86734,8759,NOMINAL,2º TURNO PROJETO DE LEI COMPLEMENTAR Nº 40/2024,18262,SIM,2024-06-11,
86735,8759,NOMINAL,2º TURNO PROJETO DE LEI COMPLEMENTAR Nº 40/2024,18262,SIM,2024-06-11,
86736,8759,NOMINAL,2º TURNO PROJETO DE LEI COMPLEMENTAR Nº 40/2024,18262,SIM,2024-06-11,
86737,8759,NOMINAL,2º TURNO PROJETO DE LEI COMPLEMENTAR Nº 40/2024,18262,SIM,2024-06-11,
86738,8759,NOMINAL,2º TURNO PROJETO DE LEI COMPLEMENTAR Nº 40/2024,18262,SIM,2024-06-11,
86739,8759,NOMINAL,2º TURNO PROJETO DE LEI COMPLEMENTAR Nº 40/2024,18262,SIM,2024-06-11,
86740,8759,NOMINAL,2º TURNO PROJETO DE LEI COMPLEMENTAR Nº 40/2024,18262,SIM,2024-06-11,
86741,8759,NOMINAL,2º TURNO PROJETO DE LEI COMPLEMENTAR Nº 40/2024,18262,SIM,2024-06-11,
86742,8759,NOMINAL,2º TURNO PROJETO DE LEI COMPLEMENTAR Nº 40/2024,18262,SIM,2024-06-11,
86743,8759,NOMINAL,2º TURNO PROJETO DE LEI COMPLEMENTAR Nº 40/2024,18262,SIM,2024-06-11,
86744,8759,NOMINAL,2º TURNO PROJETO DE LEI COMPLEMENTAR Nº 40/2024,18262,SIM,2024-06-11,
86745,8759,NOMINAL,2º TURNO PROJETO DE LEI COMPLEMENTAR Nº 40/2024,18262,SIM,2024-06-11,
86746,8772,NOMINAL,BLOCO DE MOÇÕES E REQUERIMENTOS 22.10.2024,,SIM,2024-10-22,
86747,8772,NOMINAL,BLOCO DE MOÇÕES E REQUERIMENTOS 22.10.2024,,SIM,2024-10-22,
86748,8772,NOMINAL,BLOCO DE MOÇÕES E REQUERIMENTOS 22.10.2024,,SIM,2024-10-22,
86749,8772,NOMINAL,BLOCO DE MOÇÕES E REQUERIMENTOS 22.10.2024,,SIM,2024-10-22,
86750,8772,NOMINAL,BLOCO DE MOÇÕES E REQUERIMENTOS 22.10.2024,,SIM,2024-10-22,
86751,8772,NOMINAL,BLOCO DE MOÇÕES E REQUERIMENTOS 22.10.2024,,SIM,2024-10-22,
86752,8772,NOMINAL,BLOCO DE MOÇÕES E REQUERIMENTOS 22.10.2024,,SIM,2024-10-22,
86753,8772,NOMINAL,BLOCO DE MOÇÕES E REQUERIMENTOS 22.10.2024,,SIM,2024-10-22,
86754,8772,NOMINAL,BLOCO DE MOÇÕES E REQUERIMENTOS 22.10.2024,,SIM,2024-10-22,
86755,8772,NOMINAL,BLOCO DE MOÇÕES E REQUERIMENTOS 22.10.2024,,SIM,2024-10-22,
86756,8772,NOMINAL,BLOCO DE MOÇÕES E REQUERIMENTOS 22.10.2024,,SIM,2024-10-22,
86757,8772,NOMINAL,BLOCO DE MOÇÕES E REQUERIMENTOS 22.10.2024,,SIM,2024-10-22,
86758,8772,NOMINAL,BLOCO DE MOÇÕES E REQUERIMENTOS 22.10.2024,,SIM,2024-10-22,
86759,8772,NOMINAL,BLOCO DE MOÇÕES E REQUERIMENTOS 22.10.2024,,SIM,2024-10-22,
86760,8772,NOMINAL,BLOCO DE MOÇÕES E REQUERIMENTOS 22.10.2024,,SIM,2024-10-22,
86761,8772,NOMINAL,BLOCO DE MOÇÕES E REQUERIMENTOS 22.10.2024,,SIM,2024-10-22,
86762,8772,NOMINAL,BLOCO DE MOÇÕES E REQUERIMENTOS 22.10.2024,,SIM,2024-10-22,
86763,8793,NOMINAL,TURNO ÚNICO PDL Nº 124/2024,19561,SIM,2024-06-18,
86764,8793,NOMINAL,TURNO ÚNICO PDL Nº 124/2024,19561,SIM,2024-06-18,
86765,8793,NOMINAL,TURNO ÚNICO PDL Nº 124/2024,19561,SIM,2024-06-18,
86766,8793,NOMINAL,TURNO ÚNICO PDL Nº 124/2024,19561,SIM,2024-06-18,
86767,8793,NOMINAL,TURNO ÚNICO PDL Nº 124/2024,19561,SIM,2024-06-18,
86768,8793,NOMINAL,TURNO ÚNICO PDL Nº 124/2024,19561,SIM,2024-06-18,
86769,8793,NOMINAL,TURNO ÚNICO PDL Nº 124/2024,19561,SIM,2024-06-18,
86770,8793,NOMINAL,TURNO ÚNICO PDL Nº 124/2024,19561,SIM,2024-06-18,
86771,8793,NOMINAL,TURNO ÚNICO PDL Nº 124/2024,19561,SIM,2024-06-18,
86772,8793,NOMINAL,TURNO ÚNICO PDL Nº 124/2024,19561,SIM,2024-06-18,
86773,8793,NOMINAL,TURNO ÚNICO PDL Nº 124/2024,19561,SIM,2024-06-18,
86774,8793,NOMINAL,TURNO ÚNICO PDL Nº 124/2024,19561,SIM,2024-06-18,
86775,8793,NOMINAL,TURNO ÚNICO PDL Nº 124/2024,19561,SIM,2024-06-18,
86776,8793,NOMINAL,TURNO ÚNICO PDL Nº 124/2024,19561,SIM,2024-06-18,
86777,8793,NOMINAL,TURNO ÚNICO PDL Nº 124/2024,19561,SIM,2024-06-18,
86778,8793,NOMINAL,TURNO ÚNICO PDL Nº 124/2024,19561,SIM,2024-06-18,
86779,8793,NOMINAL,TURNO ÚNICO PDL Nº 124/2024,19561,SIM,2024-06-18,
86780,8793,NOMINAL,TURNO ÚNICO PDL Nº 124/2024,19561,SIM,2024-06-18,
86781,8817,NOMINAL,1º TURNO PROJETO DE LEI COMPLEMENTAR Nº 41/2024,18547,NAO,2024-06-19,
86782,8817,NOMINAL,1º TURNO PROJETO DE LEI COMPLEMENTAR Nº 41/2024,18547,SIM,2024-06-19,
86783,8817,NOMINAL,1º TURNO PROJETO DE LEI COMPLEMENTAR Nº 41/2024,18547,NAO,2024-06-19,
86784,8817,NOMINAL,1º TURNO PROJETO DE LEI COMPLEMENTAR Nº 41/2024,18547,SIM,2024-06-19,
86785,8817,NOMINAL,1º TURNO PROJETO DE LEI COMPLEMENTAR Nº 41/2024,18547,SIM,2024-06-19,
86786,8817,NOMINAL,1º TURNO PROJETO DE LEI COMPLEMENTAR Nº 41/2024,18547,NAO,2024-06-19,
86787,8817,NOMINAL,1º TURNO PROJETO DE LEI COMPLEMENTAR Nº 41/2024,18547,NAO,2024-06-19,
86788,8817,NOMINAL,1º TURNO PROJETO DE LEI COMPLEMENTAR Nº 41/2024,18547,SIM,2024-06-19,
86789,8817,NOMINAL,1º TURNO PROJETO DE LEI COMPLEMENTAR Nº 41/2024,18547,SIM,2024-06-19,
86790,8817,NOMINAL,1º TURNO PROJETO DE LEI COMPLEMENTAR Nº 41/2024,18547,SIM,2024-06-19,
86791,8817,NOMINAL,1º TURNO PROJETO DE LEI COMPLEMENTAR Nº 41/2024,18547,SIM,2024-06-19,
86792,8817,NOMINAL,1º TURNO PROJETO DE LEI COMPLEMENTAR Nº 41/2024,18547,SIM,2024-06-19,
86793,8817,NOMINAL,1º TURNO PROJETO DE LEI COMPLEMENTAR Nº 41/2024,18547,SIM,2024-06-19,
86794,8817,NOMINAL,1º TURNO PROJETO DE LEI COMPLEMENTAR Nº 41/2024,18547,SIM,2024-06-19,
86795,8817,NOMINAL,1º TURNO PROJETO DE LEI COMPLEMENTAR Nº 41/2024,18547,NAO,2024-06-19,
86796,8817,NOMINAL,1º TURNO PROJETO DE LEI COMPLEMENTAR Nº 41/2024,18547,SIM,2024-06-19,
86797,8817,NOMINAL,1º TURNO PROJETO DE LEI COMPLEMENTAR Nº 41/2024,18547,SIM,2024-06-19,
86798,8817,NOMINAL,1º TURNO PROJETO DE LEI COMPLEMENTAR Nº 41/2024,18547,SIM,2024-06-19,
86799,8817,NOMINAL,1º TURNO PROJETO DE LEI COMPLEMENTAR Nº 41/2024,18547,NAO,2024-06-19,
86800,8817,NOMINAL,1º TURNO PROJETO DE LEI COMPLEMENTAR Nº 41/2024,18547,SIM,2024-06-19,
86801,8817,NOMINAL,1º TURNO PROJETO DE LEI COMPLEMENTAR Nº 41/2024,18547,SIM,2024-06-19,
86802,8817,NOMINAL,1º TURNO PROJETO DE LEI COMPLEMENTAR Nº 41/2024,18547,SIM,2024-06-19,
86803,8817,NOMINAL,1º TURNO PROJETO DE LEI COMPLEMENTAR Nº 41/2024,18547,SIM,2024-06-19,
86804,8817,NOMINAL,1º TURNO PROJETO DE LEI COMPLEMENTAR Nº 41/2024,18547,SIM,2024-06-19,
86805,8818,NOMINAL,2º TURNO PROJETO DE LEI COMPLEMENTAR Nº 41/2024,18547,NAO,2024-06-19,
86806,8818,NOMINAL,2º TURNO PROJETO DE LEI COMPLEMENTAR Nº 41/2024,18547,SIM,2024-06-19,
86807,8818,NOMINAL,2º TURNO PROJETO DE LEI COMPLEMENTAR Nº 41/2024,18547,NAO,2024-06-19,
86808,8818,NOMINAL,2º TURNO PROJETO DE LEI COMPLEMENTAR Nº 41/2024,18547,SIM,2024-06-19,
86809,8818,NOMINAL,2º TURNO PROJETO DE LEI COMPLEMENTAR Nº 41/2024,18547,SIM,2024-06-19,
86810,8818,NOMINAL,2º TURNO PROJETO DE LEI COMPLEMENTAR Nº 41/2024,18547,NAO,2024-06-19,
86811,8818,NOMINAL,2º TURNO PROJETO DE LEI COMPLEMENTAR Nº 41/2024,18547,NAO,2024-06-19,
86812,8818,NOMINAL,2º TURNO PROJETO DE LEI COMPLEMENTAR Nº 41/2024,18547,SIM,2024-06-19,
86813,8818,NOMINAL,2º TURNO PROJETO DE LEI COMPLEMENTAR Nº 41/2024,18547,SIM,2024-06-19,
86814,8818,NOMINAL,2º TURNO PROJETO DE LEI COMPLEMENTAR Nº 41/2024,18547,SIM,2024-06-19,
86815,8818,NOMINAL,2º TURNO PROJETO DE LEI COMPLEMENTAR Nº 41/2024,18547,SIM,2024-06-19,
86816,8818,NOMINAL,2º TURNO PROJETO DE LEI COMPLEMENTAR Nº 41/2024,18547,SIM,2024-06-19,
86817,8818,NOMINAL,2º TURNO PROJETO DE LEI COMPLEMENTAR Nº 41/2024,18547,SIM,2024-06-19,
86818,8818,NOMINAL,2º TURNO PROJETO DE LEI COMPLEMENTAR Nº 41/2024,18547,SIM,2024-06-19,
86819,8818,NOMINAL,2º TURNO PROJETO DE LEI COMPLEMENTAR Nº 41/2024,18547,NAO,2024-06-19,
86820,8818,NOMINAL,2º TURNO PROJETO DE LEI COMPLEMENTAR Nº 41/2024,18547,SIM,2024-06-19,
86821,8818,NOMINAL,2º TURNO PROJETO DE LEI COMPLEMENTAR Nº 41/2024,18547,SIM,2024-06-19,
86822,8818,NOMINAL,2º TURNO PROJETO DE LEI COMPLEMENTAR Nº 41/2024,18547,SIM,2024-06-19,
86823,8818,NOMINAL,2º TURNO PROJETO DE LEI COMPLEMENTAR Nº 41/2024,18547,NAO,2024-06-19,
86824,8818,NOMINAL,2º TURNO PROJETO DE LEI COMPLEMENTAR Nº 41/2024,18547,SIM,2024-06-19,
86825,8818,NOMINAL,2º TURNO PROJETO DE LEI COMPLEMENTAR Nº 41/2024,18547,SIM,2024-06-19,
86826,8818,NOMINAL,2º TURNO PROJETO DE LEI COMPLEMENTAR Nº 41/2024,18547,SIM,2024-06-19,
86827,8818,NOMINAL,2º TURNO PROJETO DE LEI COMPLEMENTAR Nº 41/2024,18547,SIM,2024-06-19,
86828,8818,NOMINAL,2º TURNO PROJETO DE LEI COMPLEMENTAR Nº 41/2024,18547,SIM,2024-06-19,
86829,8821,NOMINAL,PARECER CESC AO PLC Nº 41/2024,18547,SIM,2024-06-19,
86830,8821,NOMINAL,PARECER CESC AO PLC Nº 41/2024,18547,NAO,2024-06-19,
86831,8821,NOMINAL,PARECER CESC AO PLC Nº 41/2024,18547,SIM,2024-06-19,
86832,8821,NOMINAL,PARECER CESC AO PLC Nº 41/2024,18547,NAO,2024-06-19,
86833,8821,NOMINAL,PARECER CESC AO PLC Nº 41/2024,18547,NAO,2024-06-19,
86834,8821,NOMINAL,PARECER CESC AO PLC Nº 41/2024,18547,SIM,2024-06-19,
86835,8821,NOMINAL,PARECER CESC AO PLC Nº 41/2024,18547,SIM,2024-06-19,
86836,8821,NOMINAL,PARECER CESC AO PLC Nº 41/2024,18547,NAO,2024-06-19,
86837,8821,NOMINAL,PARECER CESC AO PLC Nº 41/2024,18547,NAO,2024-06-19,
86838,8821,NOMINAL,PARECER CESC AO PLC Nº 41/2024,18547,NAO,2024-06-19,
86839,8821,NOMINAL,PARECER CESC AO PLC Nº 41/2024,18547,NAO,2024-06-19,
86840,8821,NOMINAL,PARECER CESC AO PLC Nº 41/2024,18547,NAO,2024-06-19,
86841,8821,NOMINAL,PARECER CESC AO PLC Nº 41/2024,18547,NAO,2024-06-19,
86842,8821,NOMINAL,PARECER CESC AO PLC Nº 41/2024,18547,NAO,2024-06-19,
86843,8821,NOMINAL,PARECER CESC AO PLC Nº 41/2024,18547,SIM,2024-06-19,
86844,8821,NOMINAL,PARECER CESC AO PLC Nº 41/2024,18547,NAO,2024-06-19,
86845,8821,NOMINAL,PARECER CESC AO PLC Nº 41/2024,18547,SIM,2024-06-19,
86846,8821,NOMINAL,PARECER CESC AO PLC Nº 41/2024,18547,NAO,2024-06-19,
86847,8821,NOMINAL,PARECER CESC AO PLC Nº 41/2024,18547,SIM,2024-06-19,
86848,8821,NOMINAL,PARECER CESC AO PLC Nº 41/2024,18547,NAO,2024-06-19,
86849,8821,NOMINAL,PARECER CESC AO PLC Nº 41/2024,18547,NAO,2024-06-19,
86850,8821,NOMINAL,PARECER CESC AO PLC Nº 41/2024,18547,NAO,2024-06-19,
86851,8821,NOMINAL,PARECER CESC AO PLC Nº 41/2024,18547,NAO,2024-06-19,
86852,8821,NOMINAL,PARECER CESC AO PLC Nº 41/2024,18547,NAO,2024-06-19,
86853,8822,NOMINAL,PARECER CEOF AO PLC Nº 41/2024,18547,NAO,2024-06-19,
86854,8822,NOMINAL,PARECER CEOF AO PLC Nº 41/2024,18547,SIM,2024-06-19,
86855,8822,NOMINAL,PARECER CEOF AO PLC Nº 41/2024,18547,NAO,2024-06-19,
86856,8822,NOMINAL,PARECER CEOF AO PLC Nº 41/2024,18547,SIM,2024-06-19,
86857,8822,NOMINAL,PARECER CEOF AO PLC Nº 41/2024,18547,SIM,2024-06-19,
86858,8822,NOMINAL,PARECER CEOF AO PLC Nº 41/2024,18547,NAO,2024-06-19,
86859,8822,NOMINAL,PARECER CEOF AO PLC Nº 41/2024,18547,NAO,2024-06-19,
86860,8822,NOMINAL,PARECER CEOF AO PLC Nº 41/2024,18547,SIM,2024-06-19,
86861,8822,NOMINAL,PARECER CEOF AO PLC Nº 41/2024,18547,SIM,2024-06-19,
86862,8822,NOMINAL,PARECER CEOF AO PLC Nº 41/2024,18547,SIM,2024-06-19,
86863,8822,NOMINAL,PARECER CEOF AO PLC Nº 41/2024,18547,SIM,2024-06-19,
86864,8822,NOMINAL,PARECER CEOF AO PLC Nº 41/2024,18547,SIM,2024-06-19,
86865,8822,NOMINAL,PARECER CEOF AO PLC Nº 41/2024,18547,SIM,2024-06-19,
86866,8822,NOMINAL,PARECER CEOF AO PLC Nº 41/2024,18547,SIM,2024-06-19,
86867,8822,NOMINAL,PARECER CEOF AO PLC Nº 41/2024,18547,NAO,2024-06-19,
86868,8822,NOMINAL,PARECER CEOF AO PLC Nº 41/2024,18547,SIM,2024-06-19,
86869,8822,NOMINAL,PARECER CEOF AO PLC Nº 41/2024,18547,NAO,2024-06-19,
86870,8822,NOMINAL,PARECER CEOF AO PLC Nº 41/2024,18547,SIM,2024-06-19,
86871,8822,NOMINAL,PARECER CEOF AO PLC Nº 41/2024,18547,SIM,2024-06-19,
86872,8822,NOMINAL,PARECER CEOF AO PLC Nº 41/2024,18547,NAO,2024-06-19,
86873,8822,NOMINAL,PARECER CEOF AO PLC Nº 41/2024,18547,SIM,2024-06-19,
86874,8822,NOMINAL,PARECER CEOF AO PLC Nº 41/2024,18547,SIM,2024-06-19,
86875,8822,NOMINAL,PARECER CEOF AO PLC Nº 41/2024,18547,SIM,2024-06-19,
86876,8822,NOMINAL,PARECER CEOF AO PLC Nº 41/2024,18547,SIM,2024-06-19,
86877,8822,NOMINAL,PARECER CEOF AO PLC Nº 41/2024,18547,SIM,2024-06-19,
86878,8823,NOMINAL,PARECER CCJ AO PLC Nº 41/2024,18547,NAO,2024-06-19,
86879,8823,NOMINAL,PARECER CCJ AO PLC Nº 41/2024,18547,SIM,2024-06-19,
86880,8823,NOMINAL,PARECER CCJ AO PLC Nº 41/2024,18547,NAO,2024-06-19,
86881,8823,NOMINAL,PARECER CCJ AO PLC Nº 41/2024,18547,SIM,2024-06-19,
86882,8823,NOMINAL,PARECER CCJ AO PLC Nº 41/2024,18547,SIM,2024-06-19,
86883,8823,NOMINAL,PARECER CCJ AO PLC Nº 41/2024,18547,NAO,2024-06-19,
86884,8823,NOMINAL,PARECER CCJ AO PLC Nº 41/2024,18547,NAO,2024-06-19,
86885,8823,NOMINAL,PARECER CCJ AO PLC Nº 41/2024,18547,SIM,2024-06-19,
86886,8823,NOMINAL,PARECER CCJ AO PLC Nº 41/2024,18547,SIM,2024-06-19,
86887,8823,NOMINAL,PARECER CCJ AO PLC Nº 41/2024,18547,SIM,2024-06-19,
86888,8823,NOMINAL,PARECER CCJ AO PLC Nº 41/2024,18547,SIM,2024-06-19,
86889,8823,NOMINAL,PARECER CCJ AO PLC Nº 41/2024,18547,SIM,2024-06-19,
86890,8823,NOMINAL,PARECER CCJ AO PLC Nº 41/2024,18547,SIM,2024-06-19,
86891,8823,NOMINAL,PARECER CCJ AO PLC Nº 41/2024,18547,SIM,2024-06-19,
86892,8823,NOMINAL,PARECER CCJ AO PLC Nº 41/2024,18547,NAO,2024-06-19,
86893,8823,NOMINAL,PARECER CCJ AO PLC Nº 41/2024,18547,SIM,2024-06-19,
86894,8823,NOMINAL,PARECER CCJ AO PLC Nº 41/2024,18547,NAO,2024-06-19,
86895,8823,NOMINAL,PARECER CCJ AO PLC Nº 41/2024,18547,SIM,2024-06-19,
86896,8823,NOMINAL,PARECER CCJ AO PLC Nº 41/2024,18547,SIM,2024-06-19,
86897,8823,NOMINAL,PARECER CCJ AO PLC Nº 41/2024,18547,NAO,2024-06-19,
86898,8823,NOMINAL,PARECER CCJ AO PLC Nº 41/2024,18547,SIM,2024-06-19,
86899,8823,NOMINAL,PARECER CCJ AO PLC Nº 41/2024,18547,SIM,2024-06-19,
86900,8823,NOMINAL,PARECER CCJ AO PLC Nº 41/2024,18547,SIM,2024-06-19,
86901,8823,NOMINAL,PARECER CCJ AO PLC Nº 41/2024,18547,SIM,2024-06-19,
86902,8823,NOMINAL,PARECER CCJ AO PLC Nº 41/2024,18547,SIM,2024-06-19,
86903,8854,NOMINAL,EMENDAS DESTACADAS Nº 11 E 12 AO PL  Nº 890/2024,18012,SIM,2024-06-18,
86904,8854,NOMINAL,EMENDAS DESTACADAS Nº 11 E 12 AO PL  Nº 890/2024,18012,SIM,2024-06-18,
86905,8854,NOMINAL,EMENDAS DESTACADAS Nº 11 E 12 AO PL  Nº 890/2024,18012,SIM,2024-06-18,
86906,8854,NOMINAL,EMENDAS DESTACADAS Nº 11 E 12 AO PL  Nº 890/2024,18012,SIM,2024-06-18,
86907,8854,NOMINAL,EMENDAS DESTACADAS Nº 11 E 12 AO PL  Nº 890/2024,18012,SIM,2024-06-18,
86908,8854,NOMINAL,EMENDAS DESTACADAS Nº 11 E 12 AO PL  Nº 890/2024,18012,SIM,2024-06-18,
86909,8854,NOMINAL,EMENDAS DESTACADAS Nº 11 E 12 AO PL  Nº 890/2024,18012,NAO,2024-06-18,
86910,8854,NOMINAL,EMENDAS DESTACADAS Nº 11 E 12 AO PL  Nº 890/2024,18012,SIM,2024-06-18,
86911,8854,NOMINAL,EMENDAS DESTACADAS Nº 11 E 12 AO PL  Nº 890/2024,18012,SIM,2024-06-18,
86912,8854,NOMINAL,EMENDAS DESTACADAS Nº 11 E 12 AO PL  Nº 890/2024,18012,NAO,2024-06-18,
86913,8854,NOMINAL,EMENDAS DESTACADAS Nº 11 E 12 AO PL  Nº 890/2024,18012,SIM,2024-06-18,
86914,8854,NOMINAL,EMENDAS DESTACADAS Nº 11 E 12 AO PL  Nº 890/2024,18012,SIM,2024-06-18,
86915,8854,NOMINAL,EMENDAS DESTACADAS Nº 11 E 12 AO PL  Nº 890/2024,18012,SIM,2024-06-18,
86916,8854,NOMINAL,EMENDAS DESTACADAS Nº 11 E 12 AO PL  Nº 890/2024,18012,NAO,2024-06-18,
86917,8854,NOMINAL,EMENDAS DESTACADAS Nº 11 E 12 AO PL  Nº 890/2024,18012,SIM,2024-06-18,
86918,8854,NOMINAL,EMENDAS DESTACADAS Nº 11 E 12 AO PL  Nº 890/2024,18012,SIM,2024-06-18,
86919,8854,NOMINAL,EMENDAS DESTACADAS Nº 11 E 12 AO PL  Nº 890/2024,18012,SIM,2024-06-18,
86920,8854,NOMINAL,EMENDAS DESTACADAS Nº 11 E 12 AO PL  Nº 890/2024,18012,SIM,2024-06-18,
86921,8854,NOMINAL,EMENDAS DESTACADAS Nº 11 E 12 AO PL  Nº 890/2024,18012,NAO,2024-06-18,
86922,8854,NOMINAL,EMENDAS DESTACADAS Nº 11 E 12 AO PL  Nº 890/2024,18012,SIM,2024-06-18,
86923,8854,NOMINAL,EMENDAS DESTACADAS Nº 11 E 12 AO PL  Nº 890/2024,18012,NAO,2024-06-18,
86924,8854,NOMINAL,EMENDAS DESTACADAS Nº 11 E 12 AO PL  Nº 890/2024,18012,SIM,2024-06-18,
86925,8860,NOMINAL,BLOCO DE EMENDAS INADMITIDAS NA CCJ AO PLC Nº 41/2024,18547,SIM,2024-06-19,
86926,8860,NOMINAL,BLOCO DE EMENDAS INADMITIDAS NA CCJ AO PLC Nº 41/2024,18547,NAO,2024-06-19,
86927,8860,NOMINAL,BLOCO DE EMENDAS INADMITIDAS NA CCJ AO PLC Nº 41/2024,18547,SIM,2024-06-19,
86928,8860,NOMINAL,BLOCO DE EMENDAS INADMITIDAS NA CCJ AO PLC Nº 41/2024,18547,NAO,2024-06-19,
86929,8860,NOMINAL,BLOCO DE EMENDAS INADMITIDAS NA CCJ AO PLC Nº 41/2024,18547,NAO,2024-06-19,
86930,8860,NOMINAL,BLOCO DE EMENDAS INADMITIDAS NA CCJ AO PLC Nº 41/2024,18547,SIM,2024-06-19,
86931,8860,NOMINAL,BLOCO DE EMENDAS INADMITIDAS NA CCJ AO PLC Nº 41/2024,18547,SIM,2024-06-19,
86932,8860,NOMINAL,BLOCO DE EMENDAS INADMITIDAS NA CCJ AO PLC Nº 41/2024,18547,NAO,2024-06-19,
86933,8860,NOMINAL,BLOCO DE EMENDAS INADMITIDAS NA CCJ AO PLC Nº 41/2024,18547,NAO,2024-06-19,
86934,8860,NOMINAL,BLOCO DE EMENDAS INADMITIDAS NA CCJ AO PLC Nº 41/2024,18547,NAO,2024-06-19,
86935,8860,NOMINAL,BLOCO DE EMENDAS INADMITIDAS NA CCJ AO PLC Nº 41/2024,18547,NAO,2024-06-19,
86936,8860,NOMINAL,BLOCO DE EMENDAS INADMITIDAS NA CCJ AO PLC Nº 41/2024,18547,NAO,2024-06-19,
86937,8860,NOMINAL,BLOCO DE EMENDAS INADMITIDAS NA CCJ AO PLC Nº 41/2024,18547,NAO,2024-06-19,
86938,8860,NOMINAL,BLOCO DE EMENDAS INADMITIDAS NA CCJ AO PLC Nº 41/2024,18547,NAO,2024-06-19,
86939,8860,NOMINAL,BLOCO DE EMENDAS INADMITIDAS NA CCJ AO PLC Nº 41/2024,18547,SIM,2024-06-19,
86940,8860,NOMINAL,BLOCO DE EMENDAS INADMITIDAS NA CCJ AO PLC Nº 41/2024,18547,NAO,2024-06-19,
86941,8860,NOMINAL,BLOCO DE EMENDAS INADMITIDAS NA CCJ AO PLC Nº 41/2024,18547,NAO,2024-06-19,
86942,8860,NOMINAL,BLOCO DE EMENDAS INADMITIDAS NA CCJ AO PLC Nº 41/2024,18547,NAO,2024-06-19,
86943,8860,NOMINAL,BLOCO DE EMENDAS INADMITIDAS NA CCJ AO PLC Nº 41/2024,18547,SIM,2024-06-19,
86944,8860,NOMINAL,BLOCO DE EMENDAS INADMITIDAS NA CCJ AO PLC Nº 41/2024,18547,NAO,2024-06-19,
86945,8860,NOMINAL,BLOCO DE EMENDAS INADMITIDAS NA CCJ AO PLC Nº 41/2024,18547,NAO,2024-06-19,
86946,8860,NOMINAL,BLOCO DE EMENDAS INADMITIDAS NA CCJ AO PLC Nº 41/2024,18547,NAO,2024-06-19,
86947,8860,NOMINAL,BLOCO DE EMENDAS INADMITIDAS NA CCJ AO PLC Nº 41/2024,18547,NAO,2024-06-19,
86948,8860,NOMINAL,BLOCO DE EMENDAS INADMITIDAS NA CCJ AO PLC Nº 41/2024,18547,NAO,2024-06-19,
86949,8862,NOMINAL,EMENDAS DESTACADAS Nº 3 AO PLC Nº 41/2024,18547,NAO,2024-06-19,
86950,8862,NOMINAL,EMENDAS DESTACADAS Nº 3 AO PLC Nº 41/2024,18547,SIM,2024-06-19,
86951,8862,NOMINAL,EMENDAS DESTACADAS Nº 3 AO PLC Nº 41/2024,18547,NAO,2024-06-19,
86952,8862,NOMINAL,EMENDAS DESTACADAS Nº 3 AO PLC Nº 41/2024,18547,SIM,2024-06-19,
86953,8862,NOMINAL,EMENDAS DESTACADAS Nº 3 AO PLC Nº 41/2024,18547,SIM,2024-06-19,
86954,8862,NOMINAL,EMENDAS DESTACADAS Nº 3 AO PLC Nº 41/2024,18547,NAO,2024-06-19,
86955,8862,NOMINAL,EMENDAS DESTACADAS Nº 3 AO PLC Nº 41/2024,18547,NAO,2024-06-19,
86956,8862,NOMINAL,EMENDAS DESTACADAS Nº 3 AO PLC Nº 41/2024,18547,SIM,2024-06-19,
86957,8862,NOMINAL,EMENDAS DESTACADAS Nº 3 AO PLC Nº 41/2024,18547,SIM,2024-06-19,
86958,8862,NOMINAL,EMENDAS DESTACADAS Nº 3 AO PLC Nº 41/2024,18547,SIM,2024-06-19,
86959,8862,NOMINAL,EMENDAS DESTACADAS Nº 3 AO PLC Nº 41/2024,18547,SIM,2024-06-19,
86960,8862,NOMINAL,EMENDAS DESTACADAS Nº 3 AO PLC Nº 41/2024,18547,SIM,2024-06-19,
86961,8862,NOMINAL,EMENDAS DESTACADAS Nº 3 AO PLC Nº 41/2024,18547,SIM,2024-06-19,
86962,8862,NOMINAL,EMENDAS DESTACADAS Nº 3 AO PLC Nº 41/2024,18547,SIM,2024-06-19,
86963,8862,NOMINAL,EMENDAS DESTACADAS Nº 3 AO PLC Nº 41/2024,18547,NAO,2024-06-19,
86964,8862,NOMINAL,EMENDAS DESTACADAS Nº 3 AO PLC Nº 41/2024,18547,SIM,2024-06-19,
86965,8862,NOMINAL,EMENDAS DESTACADAS Nº 3 AO PLC Nº 41/2024,18547,SIM,2024-06-19,
86966,8862,NOMINAL,EMENDAS DESTACADAS Nº 3 AO PLC Nº 41/2024,18547,SIM,2024-06-19,
86967,8862,NOMINAL,EMENDAS DESTACADAS Nº 3 AO PLC Nº 41/2024,18547,NAO,2024-06-19,
86968,8862,NOMINAL,EMENDAS DESTACADAS Nº 3 AO PLC Nº 41/2024,18547,SIM,2024-06-19,
86969,8862,NOMINAL,EMENDAS DESTACADAS Nº 3 AO PLC Nº 41/2024,18547,SIM,2024-06-19,
86970,8862,NOMINAL,EMENDAS DESTACADAS Nº 3 AO PLC Nº 41/2024,18547,SIM,2024-06-19,
86971,8862,NOMINAL,EMENDAS DESTACADAS Nº 3 AO PLC Nº 41/2024,18547,SIM,2024-06-19,
86972,8862,NOMINAL,EMENDAS DESTACADAS Nº 3 AO PLC Nº 41/2024,18547,SIM,2024-06-19,
86973,8865,NOMINAL,"EMENDAS DESTACADAS Nº 56, 58 E 66 AO PLC Nº 41/2024",18547,SIM,2024-06-19,
86974,8865,NOMINAL,"EMENDAS DESTACADAS Nº 56, 58 E 66 AO PLC Nº 41/2024",18547,NAO,2024-06-19,
86975,8865,NOMINAL,"EMENDAS DESTACADAS Nº 56, 58 E 66 AO PLC Nº 41/2024",18547,SIM,2024-06-19,
86976,8865,NOMINAL,"EMENDAS DESTACADAS Nº 56, 58 E 66 AO PLC Nº 41/2024",18547,NAO,2024-06-19,
86977,8865,NOMINAL,"EMENDAS DESTACADAS Nº 56, 58 E 66 AO PLC Nº 41/2024",18547,NAO,2024-06-19,
86978,8865,NOMINAL,"EMENDAS DESTACADAS Nº 56, 58 E 66 AO PLC Nº 41/2024",18547,SIM,2024-06-19,
86979,8865,NOMINAL,"EMENDAS DESTACADAS Nº 56, 58 E 66 AO PLC Nº 41/2024",18547,SIM,2024-06-19,
86980,8865,NOMINAL,"EMENDAS DESTACADAS Nº 56, 58 E 66 AO PLC Nº 41/2024",18547,NAO,2024-06-19,
86981,8865,NOMINAL,"EMENDAS DESTACADAS Nº 56, 58 E 66 AO PLC Nº 41/2024",18547,NAO,2024-06-19,
86982,8865,NOMINAL,"EMENDAS DESTACADAS Nº 56, 58 E 66 AO PLC Nº 41/2024",18547,NAO,2024-06-19,
86983,8865,NOMINAL,"EMENDAS DESTACADAS Nº 56, 58 E 66 AO PLC Nº 41/2024",18547,NAO,2024-06-19,
86984,8865,NOMINAL,"EMENDAS DESTACADAS Nº 56, 58 E 66 AO PLC Nº 41/2024",18547,NAO,2024-06-19,
86985,8865,NOMINAL,"EMENDAS DESTACADAS Nº 56, 58 E 66 AO PLC Nº 41/2024",18547,NAO,2024-06-19,
86986,8865,NOMINAL,"EMENDAS DESTACADAS Nº 56, 58 E 66 AO PLC Nº 41/2024",18547,NAO,2024-06-19,
86987,8865,NOMINAL,"EMENDAS DESTACADAS Nº 56, 58 E 66 AO PLC Nº 41/2024",18547,SIM,2024-06-19,
86988,8865,NOMINAL,"EMENDAS DESTACADAS Nº 56, 58 E 66 AO PLC Nº 41/2024",18547,NAO,2024-06-19,
86989,8865,NOMINAL,"EMENDAS DESTACADAS Nº 56, 58 E 66 AO PLC Nº 41/2024",18547,SIM,2024-06-19,
86990,8865,NOMINAL,"EMENDAS DESTACADAS Nº 56, 58 E 66 AO PLC Nº 41/2024",18547,NAO,2024-06-19,
86991,8865,NOMINAL,"EMENDAS DESTACADAS Nº 56, 58 E 66 AO PLC Nº 41/2024",18547,SIM,2024-06-19,
86992,8865,NOMINAL,"EMENDAS DESTACADAS Nº 56, 58 E 66 AO PLC Nº 41/2024",18547,NAO,2024-06-19,
86993,8865,NOMINAL,"EMENDAS DESTACADAS Nº 56, 58 E 66 AO PLC Nº 41/2024",18547,NAO,2024-06-19,
86994,8865,NOMINAL,"EMENDAS DESTACADAS Nº 56, 58 E 66 AO PLC Nº 41/2024",18547,NAO,2024-06-19,
86995,8865,NOMINAL,"EMENDAS DESTACADAS Nº 56, 58 E 66 AO PLC Nº 41/2024",18547,NAO,2024-06-19,
86996,8865,NOMINAL,"EMENDAS DESTACADAS Nº 56, 58 E 66 AO PLC Nº 41/2024",18547,NAO,2024-06-19,
86997,8868,NOMINAL,"EMENDAS DESTACADAS Nº 36, 37, 38 AO PLC Nº 41/2024",18547,NAO,2024-06-19,
86998,8868,NOMINAL,"EMENDAS DESTACADAS Nº 36, 37, 38 AO PLC Nº 41/2024",18547,SIM,2024-06-19,
86999,8868,NOMINAL,"EMENDAS DESTACADAS Nº 36, 37, 38 AO PLC Nº 41/2024",18547,NAO,2024-06-19,
87000,8868,NOMINAL,"EMENDAS DESTACADAS Nº 36, 37, 38 AO PLC Nº 41/2024",18547,SIM,2024-06-19,
87001,8868,NOMINAL,"EMENDAS DESTACADAS Nº 36, 37, 38 AO PLC Nº 41/2024",18547,NAO,2024-06-19,
87002,8868,NOMINAL,"EMENDAS DESTACADAS Nº 36, 37, 38 AO PLC Nº 41/2024",18547,NAO,2024-06-19,
87003,8868,NOMINAL,"EMENDAS DESTACADAS Nº 36, 37, 38 AO PLC Nº 41/2024",18547,NAO,2024-06-19,
87004,8868,NOMINAL,"EMENDAS DESTACADAS Nº 36, 37, 38 AO PLC Nº 41/2024",18547,SIM,2024-06-19,
87005,8868,NOMINAL,"EMENDAS DESTACADAS Nº 36, 37, 38 AO PLC Nº 41/2024",18547,SIM,2024-06-19,
87006,8868,NOMINAL,"EMENDAS DESTACADAS Nº 36, 37, 38 AO PLC Nº 41/2024",18547,SIM,2024-06-19,
87007,8868,NOMINAL,"EMENDAS DESTACADAS Nº 36, 37, 38 AO PLC Nº 41/2024",18547,SIM,2024-06-19,
87008,8868,NOMINAL,"EMENDAS DESTACADAS Nº 36, 37, 38 AO PLC Nº 41/2024",18547,SIM,2024-06-19,
87009,8868,NOMINAL,"EMENDAS DESTACADAS Nº 36, 37, 38 AO PLC Nº 41/2024",18547,SIM,2024-06-19,
87010,8868,NOMINAL,"EMENDAS DESTACADAS Nº 36, 37, 38 AO PLC Nº 41/2024",18547,SIM,2024-06-19,
87011,8868,NOMINAL,"EMENDAS DESTACADAS Nº 36, 37, 38 AO PLC Nº 41/2024",18547,NAO,2024-06-19,
87012,8868,NOMINAL,"EMENDAS DESTACADAS Nº 36, 37, 38 AO PLC Nº 41/2024",18547,SIM,2024-06-19,
87013,8868,NOMINAL,"EMENDAS DESTACADAS Nº 36, 37, 38 AO PLC Nº 41/2024",18547,SIM,2024-06-19,
87014,8868,NOMINAL,"EMENDAS DESTACADAS Nº 36, 37, 38 AO PLC Nº 41/2024",18547,SIM,2024-06-19,
87015,8868,NOMINAL,"EMENDAS DESTACADAS Nº 36, 37, 38 AO PLC Nº 41/2024",18547,NAO,2024-06-19,
87016,8868,NOMINAL,"EMENDAS DESTACADAS Nº 36, 37, 38 AO PLC Nº 41/2024",18547,SIM,2024-06-19,
87017,8868,NOMINAL,"EMENDAS DESTACADAS Nº 36, 37, 38 AO PLC Nº 41/2024",18547,SIM,2024-06-19,
87018,8868,NOMINAL,"EMENDAS DESTACADAS Nº 36, 37, 38 AO PLC Nº 41/2024",18547,SIM,2024-06-19,
87019,8868,NOMINAL,"EMENDAS DESTACADAS Nº 36, 37, 38 AO PLC Nº 41/2024",18547,SIM,2024-06-19,
87020,8868,NOMINAL,"EMENDAS DESTACADAS Nº 36, 37, 38 AO PLC Nº 41/2024",18547,SIM,2024-06-19,
87021,8869,NOMINAL,"EMENDAS DESTACADAS Nº 135, 138 E 140 AO PLC Nº 41/2024",18547,SIM,2024-06-19,
87022,8869,NOMINAL,"EMENDAS DESTACADAS Nº 135, 138 E 140 AO PLC Nº 41/2024",18547,NAO,2024-06-19,
87023,8869,NOMINAL,"EMENDAS DESTACADAS Nº 135, 138 E 140 AO PLC Nº 41/2024",18547,SIM,2024-06-19,
87024,8869,NOMINAL,"EMENDAS DESTACADAS Nº 135, 138 E 140 AO PLC Nº 41/2024",18547,NAO,2024-06-19,
87025,8869,NOMINAL,"EMENDAS DESTACADAS Nº 135, 138 E 140 AO PLC Nº 41/2024",18547,NAO,2024-06-19,
87026,8869,NOMINAL,"EMENDAS DESTACADAS Nº 135, 138 E 140 AO PLC Nº 41/2024",18547,SIM,2024-06-19,
87027,8869,NOMINAL,"EMENDAS DESTACADAS Nº 135, 138 E 140 AO PLC Nº 41/2024",18547,SIM,2024-06-19,
87028,8869,NOMINAL,"EMENDAS DESTACADAS Nº 135, 138 E 140 AO PLC Nº 41/2024",18547,NAO,2024-06-19,
87029,8869,NOMINAL,"EMENDAS DESTACADAS Nº 135, 138 E 140 AO PLC Nº 41/2024",18547,NAO,2024-06-19,
87030,8869,NOMINAL,"EMENDAS DESTACADAS Nº 135, 138 E 140 AO PLC Nº 41/2024",18547,NAO,2024-06-19,
87031,8869,NOMINAL,"EMENDAS DESTACADAS Nº 135, 138 E 140 AO PLC Nº 41/2024",18547,NAO,2024-06-19,
87032,8869,NOMINAL,"EMENDAS DESTACADAS Nº 135, 138 E 140 AO PLC Nº 41/2024",18547,NAO,2024-06-19,
87033,8869,NOMINAL,"EMENDAS DESTACADAS Nº 135, 138 E 140 AO PLC Nº 41/2024",18547,NAO,2024-06-19,
87034,8869,NOMINAL,"EMENDAS DESTACADAS Nº 135, 138 E 140 AO PLC Nº 41/2024",18547,NAO,2024-06-19,
87035,8869,NOMINAL,"EMENDAS DESTACADAS Nº 135, 138 E 140 AO PLC Nº 41/2024",18547,SIM,2024-06-19,
87036,8869,NOMINAL,"EMENDAS DESTACADAS Nº 135, 138 E 140 AO PLC Nº 41/2024",18547,NAO,2024-06-19,
87037,8869,NOMINAL,"EMENDAS DESTACADAS Nº 135, 138 E 140 AO PLC Nº 41/2024",18547,NAO,2024-06-19,
87038,8869,NOMINAL,"EMENDAS DESTACADAS Nº 135, 138 E 140 AO PLC Nº 41/2024",18547,SIM,2024-06-19,
87039,8869,NOMINAL,"EMENDAS DESTACADAS Nº 135, 138 E 140 AO PLC Nº 41/2024",18547,NAO,2024-06-19,
87040,8869,NOMINAL,"EMENDAS DESTACADAS Nº 135, 138 E 140 AO PLC Nº 41/2024",18547,NAO,2024-06-19,
87041,8869,NOMINAL,"EMENDAS DESTACADAS Nº 135, 138 E 140 AO PLC Nº 41/2024",18547,NAO,2024-06-19,
87042,8869,NOMINAL,"EMENDAS DESTACADAS Nº 135, 138 E 140 AO PLC Nº 41/2024",18547,NAO,2024-06-19,
87043,8869,NOMINAL,"EMENDAS DESTACADAS Nº 135, 138 E 140 AO PLC Nº 41/2024",18547,NAO,2024-06-19,
87044,8870,NOMINAL,EMENDAS DESTACADAS Nº 44 AO PLC Nº 41/2024,18547,SIM,2024-06-19,
87045,8870,NOMINAL,EMENDAS DESTACADAS Nº 44 AO PLC Nº 41/2024,18547,SIM,2024-06-19,
87046,8870,NOMINAL,EMENDAS DESTACADAS Nº 44 AO PLC Nº 41/2024,18547,SIM,2024-06-19,
87047,8870,NOMINAL,EMENDAS DESTACADAS Nº 44 AO PLC Nº 41/2024,18547,SIM,2024-06-19,
87048,8870,NOMINAL,EMENDAS DESTACADAS Nº 44 AO PLC Nº 41/2024,18547,SIM,2024-06-19,
87049,8870,NOMINAL,EMENDAS DESTACADAS Nº 44 AO PLC Nº 41/2024,18547,SIM,2024-06-19,
87050,8870,NOMINAL,EMENDAS DESTACADAS Nº 44 AO PLC Nº 41/2024,18547,SIM,2024-06-19,
87051,8870,NOMINAL,EMENDAS DESTACADAS Nº 44 AO PLC Nº 41/2024,18547,SIM,2024-06-19,
87052,8870,NOMINAL,EMENDAS DESTACADAS Nº 44 AO PLC Nº 41/2024,18547,SIM,2024-06-19,
87053,8870,NOMINAL,EMENDAS DESTACADAS Nº 44 AO PLC Nº 41/2024,18547,SIM,2024-06-19,
87054,8870,NOMINAL,EMENDAS DESTACADAS Nº 44 AO PLC Nº 41/2024,18547,SIM,2024-06-19,
87055,8870,NOMINAL,EMENDAS DESTACADAS Nº 44 AO PLC Nº 41/2024,18547,SIM,2024-06-19,
87056,8870,NOMINAL,EMENDAS DESTACADAS Nº 44 AO PLC Nº 41/2024,18547,SIM,2024-06-19,
87057,8870,NOMINAL,EMENDAS DESTACADAS Nº 44 AO PLC Nº 41/2024,18547,SIM,2024-06-19,
87058,8870,NOMINAL,EMENDAS DESTACADAS Nº 44 AO PLC Nº 41/2024,18547,SIM,2024-06-19,
87059,8870,NOMINAL,EMENDAS DESTACADAS Nº 44 AO PLC Nº 41/2024,18547,SIM,2024-06-19,
87060,8870,NOMINAL,EMENDAS DESTACADAS Nº 44 AO PLC Nº 41/2024,18547,SIM,2024-06-19,
87061,8870,NOMINAL,EMENDAS DESTACADAS Nº 44 AO PLC Nº 41/2024,18547,SIM,2024-06-19,
87062,8870,NOMINAL,EMENDAS DESTACADAS Nº 44 AO PLC Nº 41/2024,18547,SIM,2024-06-19,
87063,8870,NOMINAL,EMENDAS DESTACADAS Nº 44 AO PLC Nº 41/2024,18547,SIM,2024-06-19,
87064,8870,NOMINAL,EMENDAS DESTACADAS Nº 44 AO PLC Nº 41/2024,18547,SIM,2024-06-19,
87065,8870,NOMINAL,EMENDAS DESTACADAS Nº 44 AO PLC Nº 41/2024,18547,SIM,2024-06-19,
87066,8870,NOMINAL,EMENDAS DESTACADAS Nº 44 AO PLC Nº 41/2024,18547,SIM,2024-06-19,
87067,8870,NOMINAL,EMENDAS DESTACADAS Nº 44 AO PLC Nº 41/2024,18547,SIM,2024-06-19,
87068,8871,NOMINAL,EMENDAS DESTACADAS Nº 174 AO PLC Nº 41/2024,18547,SIM,2024-06-19,
87069,8871,NOMINAL,EMENDAS DESTACADAS Nº 174 AO PLC Nº 41/2024,18547,NAO,2024-06-19,
87070,8871,NOMINAL,EMENDAS DESTACADAS Nº 174 AO PLC Nº 41/2024,18547,SIM,2024-06-19,
87071,8871,NOMINAL,EMENDAS DESTACADAS Nº 174 AO PLC Nº 41/2024,18547,NAO,2024-06-19,
87072,8871,NOMINAL,EMENDAS DESTACADAS Nº 174 AO PLC Nº 41/2024,18547,NAO,2024-06-19,
87073,8871,NOMINAL,EMENDAS DESTACADAS Nº 174 AO PLC Nº 41/2024,18547,SIM,2024-06-19,
87074,8871,NOMINAL,EMENDAS DESTACADAS Nº 174 AO PLC Nº 41/2024,18547,SIM,2024-06-19,
87075,8871,NOMINAL,EMENDAS DESTACADAS Nº 174 AO PLC Nº 41/2024,18547,NAO,2024-06-19,
87076,8871,NOMINAL,EMENDAS DESTACADAS Nº 174 AO PLC Nº 41/2024,18547,NAO,2024-06-19,
87077,8871,NOMINAL,EMENDAS DESTACADAS Nº 174 AO PLC Nº 41/2024,18547,NAO,2024-06-19,
87078,8871,NOMINAL,EMENDAS DESTACADAS Nº 174 AO PLC Nº 41/2024,18547,NAO,2024-06-19,
87079,8871,NOMINAL,EMENDAS DESTACADAS Nº 174 AO PLC Nº 41/2024,18547,NAO,2024-06-19,
87080,8871,NOMINAL,EMENDAS DESTACADAS Nº 174 AO PLC Nº 41/2024,18547,NAO,2024-06-19,
87081,8871,NOMINAL,EMENDAS DESTACADAS Nº 174 AO PLC Nº 41/2024,18547,NAO,2024-06-19,
87082,8871,NOMINAL,EMENDAS DESTACADAS Nº 174 AO PLC Nº 41/2024,18547,SIM,2024-06-19,
87083,8871,NOMINAL,EMENDAS DESTACADAS Nº 174 AO PLC Nº 41/2024,18547,NAO,2024-06-19,
87084,8871,NOMINAL,EMENDAS DESTACADAS Nº 174 AO PLC Nº 41/2024,18547,NAO,2024-06-19,
87085,8871,NOMINAL,EMENDAS DESTACADAS Nº 174 AO PLC Nº 41/2024,18547,SIM,2024-06-19,
87086,8871,NOMINAL,EMENDAS DESTACADAS Nº 174 AO PLC Nº 41/2024,18547,NAO,2024-06-19,
87087,8871,NOMINAL,EMENDAS DESTACADAS Nº 174 AO PLC Nº 41/2024,18547,NAO,2024-06-19,
87088,8871,NOMINAL,EMENDAS DESTACADAS Nº 174 AO PLC Nº 41/2024,18547,NAO,2024-06-19,
87089,8871,NOMINAL,EMENDAS DESTACADAS Nº 174 AO PLC Nº 41/2024,18547,ABSTENCAO,2024-06-19,
87090,8871,NOMINAL,EMENDAS DESTACADAS Nº 174 AO PLC Nº 41/2024,18547,NAO,2024-06-19,
87091,8872,NOMINAL,TURNO ÚNICO REQUERIMENTO Nº 1472/2024,20390,NAO,2024-06-19,
87092,8872,NOMINAL,TURNO ÚNICO REQUERIMENTO Nº 1472/2024,20390,NAO,2024-06-19,
87093,8872,NOMINAL,TURNO ÚNICO REQUERIMENTO Nº 1472/2024,20390,NAO,2024-06-19,
87094,8872,NOMINAL,TURNO ÚNICO REQUERIMENTO Nº 1472/2024,20390,NAO,2024-06-19,
87095,8872,NOMINAL,TURNO ÚNICO REQUERIMENTO Nº 1472/2024,20390,NAO,2024-06-19,
87096,8872,NOMINAL,TURNO ÚNICO REQUERIMENTO Nº 1472/2024,20390,NAO,2024-06-19,
87097,8872,NOMINAL,TURNO ÚNICO REQUERIMENTO Nº 1472/2024,20390,NAO,2024-06-19,
87098,8872,NOMINAL,TURNO ÚNICO REQUERIMENTO Nº 1472/2024,20390,NAO,2024-06-19,
87099,8872,NOMINAL,TURNO ÚNICO REQUERIMENTO Nº 1472/2024,20390,SIM,2024-06-19,
87100,8872,NOMINAL,TURNO ÚNICO REQUERIMENTO Nº 1472/2024,20390,NAO,2024-06-19,
87101,8872,NOMINAL,TURNO ÚNICO REQUERIMENTO Nº 1472/2024,20390,SIM,2024-06-19,
87102,8872,NOMINAL,TURNO ÚNICO REQUERIMENTO Nº 1472/2024,20390,SIM,2024-06-19,
87103,8872,NOMINAL,TURNO ÚNICO REQUERIMENTO Nº 1472/2024,20390,NAO,2024-06-19,
87104,8872,NOMINAL,TURNO ÚNICO REQUERIMENTO Nº 1472/2024,20390,NAO,2024-06-19,
87105,8872,NOMINAL,TURNO ÚNICO REQUERIMENTO Nº 1472/2024,20390,NAO,2024-06-19,
87106,8872,NOMINAL,TURNO ÚNICO REQUERIMENTO Nº 1472/2024,20390,NAO,2024-06-19,
87107,8872,NOMINAL,TURNO ÚNICO REQUERIMENTO Nº 1472/2024,20390,NAO,2024-06-19,
87108,8872,NOMINAL,TURNO ÚNICO REQUERIMENTO Nº 1472/2024,20390,ABSTENCAO,2024-06-19,
87109,8932,NOMINAL,1º TURNO PROJETO DE LEI COMPLEMENTAR Nº 49/2024,20371,SIM,2024-06-25,
87110,8932,NOMINAL,1º TURNO PROJETO DE LEI COMPLEMENTAR Nº 49/2024,20371,SIM,2024-06-25,
87111,8932,NOMINAL,1º TURNO PROJETO DE LEI COMPLEMENTAR Nº 49/2024,20371,SIM,2024-06-25,
87112,8932,NOMINAL,1º TURNO PROJETO DE LEI COMPLEMENTAR Nº 49/2024,20371,SIM,2024-06-25,
87113,8932,NOMINAL,1º TURNO PROJETO DE LEI COMPLEMENTAR Nº 49/2024,20371,SIM,2024-06-25,
87114,8932,NOMINAL,1º TURNO PROJETO DE LEI COMPLEMENTAR Nº 49/2024,20371,SIM,2024-06-25,
87115,8932,NOMINAL,1º TURNO PROJETO DE LEI COMPLEMENTAR Nº 49/2024,20371,SIM,2024-06-25,
87116,8932,NOMINAL,1º TURNO PROJETO DE LEI COMPLEMENTAR Nº 49/2024,20371,SIM,2024-06-25,
87117,8932,NOMINAL,1º TURNO PROJETO DE LEI COMPLEMENTAR Nº 49/2024,20371,SIM,2024-06-25,
87118,8932,NOMINAL,1º TURNO PROJETO DE LEI COMPLEMENTAR Nº 49/2024,20371,SIM,2024-06-25,
87119,8932,NOMINAL,1º TURNO PROJETO DE LEI COMPLEMENTAR Nº 49/2024,20371,SIM,2024-06-25,
87120,8932,NOMINAL,1º TURNO PROJETO DE LEI COMPLEMENTAR Nº 49/2024,20371,SIM,2024-06-25,
87121,8932,NOMINAL,1º TURNO PROJETO DE LEI COMPLEMENTAR Nº 49/2024,20371,SIM,2024-06-25,
87122,8932,NOMINAL,1º TURNO PROJETO DE LEI COMPLEMENTAR Nº 49/2024,20371,SIM,2024-06-25,
87123,8932,NOMINAL,1º TURNO PROJETO DE LEI COMPLEMENTAR Nº 49/2024,20371,SIM,2024-06-25,
87124,8932,NOMINAL,1º TURNO PROJETO DE LEI COMPLEMENTAR Nº 49/2024,20371,SIM,2024-06-25,
87125,8932,NOMINAL,1º TURNO PROJETO DE LEI COMPLEMENTAR Nº 49/2024,20371,SIM,2024-06-25,
87126,8932,NOMINAL,1º TURNO PROJETO DE LEI COMPLEMENTAR Nº 49/2024,20371,SIM,2024-06-25,
87127,8932,NOMINAL,1º TURNO PROJETO DE LEI COMPLEMENTAR Nº 49/2024,20371,SIM,2024-06-25,
87128,8932,NOMINAL,1º TURNO PROJETO DE LEI COMPLEMENTAR Nº 49/2024,20371,SIM,2024-06-25,
87129,8932,NOMINAL,1º TURNO PROJETO DE LEI COMPLEMENTAR Nº 49/2024,20371,SIM,2024-06-25,
87130,8933,NOMINAL,2º TURNO PROJETO DE LEI COMPLEMENTAR Nº 49/2024,20371,SIM,2024-06-25,
87131,8933,NOMINAL,2º TURNO PROJETO DE LEI COMPLEMENTAR Nº 49/2024,20371,SIM,2024-06-25,
87132,8933,NOMINAL,2º TURNO PROJETO DE LEI COMPLEMENTAR Nº 49/2024,20371,SIM,2024-06-25,
87133,8933,NOMINAL,2º TURNO PROJETO DE LEI COMPLEMENTAR Nº 49/2024,20371,SIM,2024-06-25,
87134,8933,NOMINAL,2º TURNO PROJETO DE LEI COMPLEMENTAR Nº 49/2024,20371,SIM,2024-06-25,
87135,8933,NOMINAL,2º TURNO PROJETO DE LEI COMPLEMENTAR Nº 49/2024,20371,ABSTENCAO,2024-06-25,
87136,8933,NOMINAL,2º TURNO PROJETO DE LEI COMPLEMENTAR Nº 49/2024,20371,SIM,2024-06-25,
87137,8933,NOMINAL,2º TURNO PROJETO DE LEI COMPLEMENTAR Nº 49/2024,20371,SIM,2024-06-25,
87138,8933,NOMINAL,2º TURNO PROJETO DE LEI COMPLEMENTAR Nº 49/2024,20371,SIM,2024-06-25,
87139,8933,NOMINAL,2º TURNO PROJETO DE LEI COMPLEMENTAR Nº 49/2024,20371,SIM,2024-06-25,
87140,8933,NOMINAL,2º TURNO PROJETO DE LEI COMPLEMENTAR Nº 49/2024,20371,SIM,2024-06-25,
87141,8933,NOMINAL,2º TURNO PROJETO DE LEI COMPLEMENTAR Nº 49/2024,20371,SIM,2024-06-25,
87142,8933,NOMINAL,2º TURNO PROJETO DE LEI COMPLEMENTAR Nº 49/2024,20371,SIM,2024-06-25,
87143,8933,NOMINAL,2º TURNO PROJETO DE LEI COMPLEMENTAR Nº 49/2024,20371,SIM,2024-06-25,
87144,8933,NOMINAL,2º TURNO PROJETO DE LEI COMPLEMENTAR Nº 49/2024,20371,SIM,2024-06-25,
87145,8933,NOMINAL,2º TURNO PROJETO DE LEI COMPLEMENTAR Nº 49/2024,20371,SIM,2024-06-25,
87146,8933,NOMINAL,2º TURNO PROJETO DE LEI COMPLEMENTAR Nº 49/2024,20371,SIM,2024-06-25,
87147,8933,NOMINAL,2º TURNO PROJETO DE LEI COMPLEMENTAR Nº 49/2024,20371,SIM,2024-06-25,
87148,8933,NOMINAL,2º TURNO PROJETO DE LEI COMPLEMENTAR Nº 49/2024,20371,SIM,2024-06-25,
87149,8933,NOMINAL,2º TURNO PROJETO DE LEI COMPLEMENTAR Nº 49/2024,20371,SIM,2024-06-25,
87150,8933,NOMINAL,2º TURNO PROJETO DE LEI COMPLEMENTAR Nº 49/2024,20371,SIM,2024-06-25,
87151,8933,NOMINAL,2º TURNO PROJETO DE LEI COMPLEMENTAR Nº 49/2024,20371,SIM,2024-06-25,
87152,8938,NOMINAL,1º TURNO PROJETO DE LEI COMPLEMENTAR Nº 50/2024,20399,NAO,2024-06-25,
87153,8938,NOMINAL,1º TURNO PROJETO DE LEI COMPLEMENTAR Nº 50/2024,20399,SIM,2024-06-25,
87154,8938,NOMINAL,1º TURNO PROJETO DE LEI COMPLEMENTAR Nº 50/2024,20399,NAO,2024-06-25,
87155,8938,NOMINAL,1º TURNO PROJETO DE LEI COMPLEMENTAR Nº 50/2024,20399,SIM,2024-06-25,
87156,8938,NOMINAL,1º TURNO PROJETO DE LEI COMPLEMENTAR Nº 50/2024,20399,NAO,2024-06-25,
87157,8938,NOMINAL,1º TURNO PROJETO DE LEI COMPLEMENTAR Nº 50/2024,20399,NAO,2024-06-25,
87158,8938,NOMINAL,1º TURNO PROJETO DE LEI COMPLEMENTAR Nº 50/2024,20399,SIM,2024-06-25,
87159,8938,NOMINAL,1º TURNO PROJETO DE LEI COMPLEMENTAR Nº 50/2024,20399,SIM,2024-06-25,
87160,8938,NOMINAL,1º TURNO PROJETO DE LEI COMPLEMENTAR Nº 50/2024,20399,SIM,2024-06-25,
87161,8938,NOMINAL,1º TURNO PROJETO DE LEI COMPLEMENTAR Nº 50/2024,20399,SIM,2024-06-25,
87162,8938,NOMINAL,1º TURNO PROJETO DE LEI COMPLEMENTAR Nº 50/2024,20399,SIM,2024-06-25,
87163,8938,NOMINAL,1º TURNO PROJETO DE LEI COMPLEMENTAR Nº 50/2024,20399,SIM,2024-06-25,
87164,8938,NOMINAL,1º TURNO PROJETO DE LEI COMPLEMENTAR Nº 50/2024,20399,SIM,2024-06-25,
87165,8938,NOMINAL,1º TURNO PROJETO DE LEI COMPLEMENTAR Nº 50/2024,20399,NAO,2024-06-25,
87166,8938,NOMINAL,1º TURNO PROJETO DE LEI COMPLEMENTAR Nº 50/2024,20399,SIM,2024-06-25,
87167,8938,NOMINAL,1º TURNO PROJETO DE LEI COMPLEMENTAR Nº 50/2024,20399,SIM,2024-06-25,
87168,8938,NOMINAL,1º TURNO PROJETO DE LEI COMPLEMENTAR Nº 50/2024,20399,NAO,2024-06-25,
87169,8938,NOMINAL,1º TURNO PROJETO DE LEI COMPLEMENTAR Nº 50/2024,20399,SIM,2024-06-25,
87170,8938,NOMINAL,1º TURNO PROJETO DE LEI COMPLEMENTAR Nº 50/2024,20399,SIM,2024-06-25,
87171,8938,NOMINAL,1º TURNO PROJETO DE LEI COMPLEMENTAR Nº 50/2024,20399,SIM,2024-06-25,
87172,8938,NOMINAL,1º TURNO PROJETO DE LEI COMPLEMENTAR Nº 50/2024,20399,SIM,2024-06-25,
87173,8938,NOMINAL,1º TURNO PROJETO DE LEI COMPLEMENTAR Nº 50/2024,20399,SIM,2024-06-25,
87174,8939,NOMINAL,2º TURNO PROJETO DE LEI COMPLEMENTAR Nº 50/2024,20399,NAO,2024-06-25,
87175,8939,NOMINAL,2º TURNO PROJETO DE LEI COMPLEMENTAR Nº 50/2024,20399,SIM,2024-06-25,
87176,8939,NOMINAL,2º TURNO PROJETO DE LEI COMPLEMENTAR Nº 50/2024,20399,NAO,2024-06-25,
87177,8939,NOMINAL,2º TURNO PROJETO DE LEI COMPLEMENTAR Nº 50/2024,20399,SIM,2024-06-25,
87178,8939,NOMINAL,2º TURNO PROJETO DE LEI COMPLEMENTAR Nº 50/2024,20399,NAO,2024-06-25,
87179,8939,NOMINAL,2º TURNO PROJETO DE LEI COMPLEMENTAR Nº 50/2024,20399,NAO,2024-06-25,
87180,8939,NOMINAL,2º TURNO PROJETO DE LEI COMPLEMENTAR Nº 50/2024,20399,SIM,2024-06-25,
87181,8939,NOMINAL,2º TURNO PROJETO DE LEI COMPLEMENTAR Nº 50/2024,20399,SIM,2024-06-25,
87182,8939,NOMINAL,2º TURNO PROJETO DE LEI COMPLEMENTAR Nº 50/2024,20399,SIM,2024-06-25,
87183,8939,NOMINAL,2º TURNO PROJETO DE LEI COMPLEMENTAR Nº 50/2024,20399,SIM,2024-06-25,
87184,8939,NOMINAL,2º TURNO PROJETO DE LEI COMPLEMENTAR Nº 50/2024,20399,SIM,2024-06-25,
87185,8939,NOMINAL,2º TURNO PROJETO DE LEI COMPLEMENTAR Nº 50/2024,20399,SIM,2024-06-25,
87186,8939,NOMINAL,2º TURNO PROJETO DE LEI COMPLEMENTAR Nº 50/2024,20399,SIM,2024-06-25,
87187,8939,NOMINAL,2º TURNO PROJETO DE LEI COMPLEMENTAR Nº 50/2024,20399,NAO,2024-06-25,
87188,8939,NOMINAL,2º TURNO PROJETO DE LEI COMPLEMENTAR Nº 50/2024,20399,SIM,2024-06-25,
87189,8939,NOMINAL,2º TURNO PROJETO DE LEI COMPLEMENTAR Nº 50/2024,20399,SIM,2024-06-25,
87190,8939,NOMINAL,2º TURNO PROJETO DE LEI COMPLEMENTAR Nº 50/2024,20399,NAO,2024-06-25,
87191,8939,NOMINAL,2º TURNO PROJETO DE LEI COMPLEMENTAR Nº 50/2024,20399,SIM,2024-06-25,
87192,8939,NOMINAL,2º TURNO PROJETO DE LEI COMPLEMENTAR Nº 50/2024,20399,SIM,2024-06-25,
87193,8939,NOMINAL,2º TURNO PROJETO DE LEI COMPLEMENTAR Nº 50/2024,20399,SIM,2024-06-25,
87194,8939,NOMINAL,2º TURNO PROJETO DE LEI COMPLEMENTAR Nº 50/2024,20399,SIM,2024-06-25,
87195,8939,NOMINAL,2º TURNO PROJETO DE LEI COMPLEMENTAR Nº 50/2024,20399,SIM,2024-06-25,
87196,8963,NOMINAL,1º TURNO DO PROJETO DE RESOLUÇÃO Nº 48/2024,21887,SIM,2024-11-26,
87197,8963,NOMINAL,1º TURNO DO PROJETO DE RESOLUÇÃO Nº 48/2024,21887,SIM,2024-11-26,
87198,8963,NOMINAL,1º TURNO DO PROJETO DE RESOLUÇÃO Nº 48/2024,21887,SIM,2024-11-26,
87199,8963,NOMINAL,1º TURNO DO PROJETO DE RESOLUÇÃO Nº 48/2024,21887,SIM,2024-11-26,
87200,8963,NOMINAL,1º TURNO DO PROJETO DE RESOLUÇÃO Nº 48/2024,21887,SIM,2024-11-26,
87201,8963,NOMINAL,1º TURNO DO PROJETO DE RESOLUÇÃO Nº 48/2024,21887,SIM,2024-11-26,
87202,8963,NOMINAL,1º TURNO DO PROJETO DE RESOLUÇÃO Nº 48/2024,21887,SIM,2024-11-26,
87203,8963,NOMINAL,1º TURNO DO PROJETO DE RESOLUÇÃO Nº 48/2024,21887,SIM,2024-11-26,
87204,8963,NOMINAL,1º TURNO DO PROJETO DE RESOLUÇÃO Nº 48/2024,21887,SIM,2024-11-26,
87205,8963,NOMINAL,1º TURNO DO PROJETO DE RESOLUÇÃO Nº 48/2024,21887,SIM,2024-11-26,
87206,8963,NOMINAL,1º TURNO DO PROJETO DE RESOLUÇÃO Nº 48/2024,21887,SIM,2024-11-26,
87207,8963,NOMINAL,1º TURNO DO PROJETO DE RESOLUÇÃO Nº 48/2024,21887,SIM,2024-11-26,
87208,8963,NOMINAL,1º TURNO DO PROJETO DE RESOLUÇÃO Nº 48/2024,21887,SIM,2024-11-26,
87209,8963,NOMINAL,1º TURNO DO PROJETO DE RESOLUÇÃO Nº 48/2024,21887,SIM,2024-11-26,
87210,8963,NOMINAL,1º TURNO DO PROJETO DE RESOLUÇÃO Nº 48/2024,21887,SIM,2024-11-26,
87211,8963,NOMINAL,1º TURNO DO PROJETO DE RESOLUÇÃO Nº 48/2024,21887,SIM,2024-11-26,
87212,8963,NOMINAL,1º TURNO DO PROJETO DE RESOLUÇÃO Nº 48/2024,21887,SIM,2024-11-26,
87213,8963,NOMINAL,1º TURNO DO PROJETO DE RESOLUÇÃO Nº 48/2024,21887,SIM,2024-11-26,
87214,8964,NOMINAL,BLOCO DE PDLS 25.06.2024,,SIM,2024-06-25,
87215,8964,NOMINAL,BLOCO DE PDLS 25.06.2024,,SIM,2024-06-25,
87216,8964,NOMINAL,BLOCO DE PDLS 25.06.2024,,SIM,2024-06-25,
87217,8964,NOMINAL,BLOCO DE PDLS 25.06.2024,,SIM,2024-06-25,
87218,8964,NOMINAL,BLOCO DE PDLS 25.06.2024,,SIM,2024-06-25,
87219,8964,NOMINAL,BLOCO DE PDLS 25.06.2024,,SIM,2024-06-25,
87220,8964,NOMINAL,BLOCO DE PDLS 25.06.2024,,SIM,2024-06-25,
87221,8964,NOMINAL,BLOCO DE PDLS 25.06.2024,,SIM,2024-06-25,
87222,8964,NOMINAL,BLOCO DE PDLS 25.06.2024,,SIM,2024-06-25,
87223,8964,NOMINAL,BLOCO DE PDLS 25.06.2024,,SIM,2024-06-25,
87224,8964,NOMINAL,BLOCO DE PDLS 25.06.2024,,SIM,2024-06-25,
87225,8964,NOMINAL,BLOCO DE PDLS 25.06.2024,,SIM,2024-06-25,
87226,8964,NOMINAL,BLOCO DE PDLS 25.06.2024,,SIM,2024-06-25,
87227,8964,NOMINAL,BLOCO DE PDLS 25.06.2024,,SIM,2024-06-25,
87228,8964,NOMINAL,BLOCO DE PDLS 25.06.2024,,SIM,2024-06-25,
87229,8964,NOMINAL,BLOCO DE PDLS 25.06.2024,,SIM,2024-06-25,
87230,8964,NOMINAL,BLOCO DE PDLS 25.06.2024,,SIM,2024-06-25,
87231,8964,NOMINAL,BLOCO DE PDLS 25.06.2024,,SIM,2024-06-25,
87232,8966,NOMINAL,EMENDA DESTACADA 242 A 250 AO PL  Nº 1108/2024,19809,NAO,2024-06-25,
87233,8966,NOMINAL,EMENDA DESTACADA 242 A 250 AO PL  Nº 1108/2024,19809,NAO,2024-06-25,
87234,8966,NOMINAL,EMENDA DESTACADA 242 A 250 AO PL  Nº 1108/2024,19809,NAO,2024-06-25,
87235,8966,NOMINAL,EMENDA DESTACADA 242 A 250 AO PL  Nº 1108/2024,19809,NAO,2024-06-25,
87236,8966,NOMINAL,EMENDA DESTACADA 242 A 250 AO PL  Nº 1108/2024,19809,NAO,2024-06-25,
87237,8966,NOMINAL,EMENDA DESTACADA 242 A 250 AO PL  Nº 1108/2024,19809,NAO,2024-06-25,
87238,8966,NOMINAL,EMENDA DESTACADA 242 A 250 AO PL  Nº 1108/2024,19809,NAO,2024-06-25,
87239,8966,NOMINAL,EMENDA DESTACADA 242 A 250 AO PL  Nº 1108/2024,19809,NAO,2024-06-25,
87240,8966,NOMINAL,EMENDA DESTACADA 242 A 250 AO PL  Nº 1108/2024,19809,NAO,2024-06-25,
87241,8966,NOMINAL,EMENDA DESTACADA 242 A 250 AO PL  Nº 1108/2024,19809,NAO,2024-06-25,
87242,8966,NOMINAL,EMENDA DESTACADA 242 A 250 AO PL  Nº 1108/2024,19809,NAO,2024-06-25,
87243,8966,NOMINAL,EMENDA DESTACADA 242 A 250 AO PL  Nº 1108/2024,19809,NAO,2024-06-25,
87244,8966,NOMINAL,EMENDA DESTACADA 242 A 250 AO PL  Nº 1108/2024,19809,NAO,2024-06-25,
87245,8966,NOMINAL,EMENDA DESTACADA 242 A 250 AO PL  Nº 1108/2024,19809,NAO,2024-06-25,
87246,8966,NOMINAL,EMENDA DESTACADA 242 A 250 AO PL  Nº 1108/2024,19809,NAO,2024-06-25,
87247,8966,NOMINAL,EMENDA DESTACADA 242 A 250 AO PL  Nº 1108/2024,19809,NAO,2024-06-25,
87248,8966,NOMINAL,EMENDA DESTACADA 242 A 250 AO PL  Nº 1108/2024,19809,NAO,2024-06-25,
87249,8966,NOMINAL,EMENDA DESTACADA 242 A 250 AO PL  Nº 1108/2024,19809,NAO,2024-06-25,
87250,8966,NOMINAL,EMENDA DESTACADA 242 A 250 AO PL  Nº 1108/2024,19809,NAO,2024-06-25,
87251,8966,NOMINAL,EMENDA DESTACADA 242 A 250 AO PL  Nº 1108/2024,19809,NAO,2024-06-25,
87252,8966,NOMINAL,EMENDA DESTACADA 242 A 250 AO PL  Nº 1108/2024,19809,SIM,2024-06-25,
87253,8966,NOMINAL,EMENDA DESTACADA 242 A 250 AO PL  Nº 1108/2024,19809,NAO,2024-06-25,
87254,8966,NOMINAL,EMENDA DESTACADA 242 A 250 AO PL  Nº 1108/2024,19809,NAO,2024-06-25,
87255,8980,NOMINAL,1º TURNO PELO Nº 14/2024,20912,SIM,2024-08-07,
87256,8980,NOMINAL,1º TURNO PELO Nº 14/2024,20912,SIM,2024-08-07,
87257,8980,NOMINAL,1º TURNO PELO Nº 14/2024,20912,SIM,2024-08-07,
87258,8980,NOMINAL,1º TURNO PELO Nº 14/2024,20912,SIM,2024-08-07,
87259,8980,NOMINAL,1º TURNO PELO Nº 14/2024,20912,SIM,2024-08-07,
87260,8980,NOMINAL,1º TURNO PELO Nº 14/2024,20912,SIM,2024-08-07,
87261,8980,NOMINAL,1º TURNO PELO Nº 14/2024,20912,SIM,2024-08-07,
87262,8980,NOMINAL,1º TURNO PELO Nº 14/2024,20912,SIM,2024-08-07,
87263,8980,NOMINAL,1º TURNO PELO Nº 14/2024,20912,SIM,2024-08-07,
87264,8980,NOMINAL,1º TURNO PELO Nº 14/2024,20912,SIM,2024-08-07,
87265,8980,NOMINAL,1º TURNO PELO Nº 14/2024,20912,SIM,2024-08-07,
87266,8980,NOMINAL,1º TURNO PELO Nº 14/2024,20912,SIM,2024-08-07,
87267,8980,NOMINAL,1º TURNO PELO Nº 14/2024,20912,SIM,2024-08-07,
87268,8980,NOMINAL,1º TURNO PELO Nº 14/2024,20912,SIM,2024-08-07,
87269,8980,NOMINAL,1º TURNO PELO Nº 14/2024,20912,SIM,2024-08-07,
87270,8980,NOMINAL,1º TURNO PELO Nº 14/2024,20912,SIM,2024-08-07,
87271,8980,NOMINAL,1º TURNO PELO Nº 14/2024,20912,SIM,2024-08-07,
87272,8980,NOMINAL,1º TURNO PELO Nº 14/2024,20912,SIM,2024-08-07,
87273,8980,NOMINAL,1º TURNO PELO Nº 14/2024,20912,SIM,2024-08-07,
87274,8980,NOMINAL,1º TURNO PELO Nº 14/2024,20912,SIM,2024-08-07,
87275,8980,NOMINAL,1º TURNO PELO Nº 14/2024,20912,SIM,2024-08-07,
87276,8980,NOMINAL,1º TURNO PELO Nº 14/2024,20912,SIM,2024-08-07,
87277,8980,NOMINAL,1º TURNO PELO Nº 14/2024,20912,SIM,2024-08-07,
87278,8981,NOMINAL,2º TURNO PELO Nº 14/2024,20912,SIM,2024-08-27,
87279,8981,NOMINAL,2º TURNO PELO Nº 14/2024,20912,SIM,2024-08-27,
87280,8981,NOMINAL,2º TURNO PELO Nº 14/2024,20912,SIM,2024-08-27,
87281,8981,NOMINAL,2º TURNO PELO Nº 14/2024,20912,SIM,2024-08-27,
87282,8981,NOMINAL,2º TURNO PELO Nº 14/2024,20912,SIM,2024-08-27,
87283,8981,NOMINAL,2º TURNO PELO Nº 14/2024,20912,SIM,2024-08-27,
87284,8981,NOMINAL,2º TURNO PELO Nº 14/2024,20912,SIM,2024-08-27,
87285,8981,NOMINAL,2º TURNO PELO Nº 14/2024,20912,SIM,2024-08-27,
87286,8981,NOMINAL,2º TURNO PELO Nº 14/2024,20912,SIM,2024-08-27,
87287,8981,NOMINAL,2º TURNO PELO Nº 14/2024,20912,SIM,2024-08-27,
87288,8981,NOMINAL,2º TURNO PELO Nº 14/2024,20912,SIM,2024-08-27,
87289,8981,NOMINAL,2º TURNO PELO Nº 14/2024,20912,SIM,2024-08-27,
87290,8981,NOMINAL,2º TURNO PELO Nº 14/2024,20912,SIM,2024-08-27,
87291,8981,NOMINAL,2º TURNO PELO Nº 14/2024,20912,SIM,2024-08-27,
87292,8981,NOMINAL,2º TURNO PELO Nº 14/2024,20912,SIM,2024-08-27,
87293,8981,NOMINAL,2º TURNO PELO Nº 14/2024,20912,SIM,2024-08-27,
87294,8981,NOMINAL,2º TURNO PELO Nº 14/2024,20912,SIM,2024-08-27,
87295,8981,NOMINAL,2º TURNO PELO Nº 14/2024,20912,SIM,2024-08-27,
87296,8984,NOMINAL,TURNO ÚNICO PDL Nº 119/2024,19504,SIM,2024-08-07,
87297,8984,NOMINAL,TURNO ÚNICO PDL Nº 119/2024,19504,SIM,2024-08-07,
87298,8984,NOMINAL,TURNO ÚNICO PDL Nº 119/2024,19504,SIM,2024-08-07,
87299,8984,NOMINAL,TURNO ÚNICO PDL Nº 119/2024,19504,SIM,2024-08-07,
87300,8984,NOMINAL,TURNO ÚNICO PDL Nº 119/2024,19504,SIM,2024-08-07,
87301,8984,NOMINAL,TURNO ÚNICO PDL Nº 119/2024,19504,SIM,2024-08-07,
87302,8984,NOMINAL,TURNO ÚNICO PDL Nº 119/2024,19504,SIM,2024-08-07,
87303,8984,NOMINAL,TURNO ÚNICO PDL Nº 119/2024,19504,SIM,2024-08-07,
87304,8984,NOMINAL,TURNO ÚNICO PDL Nº 119/2024,19504,SIM,2024-08-07,
87305,8984,NOMINAL,TURNO ÚNICO PDL Nº 119/2024,19504,SIM,2024-08-07,
87306,8984,NOMINAL,TURNO ÚNICO PDL Nº 119/2024,19504,SIM,2024-08-07,
87307,8984,NOMINAL,TURNO ÚNICO PDL Nº 119/2024,19504,SIM,2024-08-07,
87308,8984,NOMINAL,TURNO ÚNICO PDL Nº 119/2024,19504,SIM,2024-08-07,
87309,9009,NOMINAL,VETO PARCIAL AO PL Nº 1108/2024,19809,NAO,2024-08-27,
87310,9009,NOMINAL,VETO PARCIAL AO PL Nº 1108/2024,19809,NAO,2024-08-27,
87311,9009,NOMINAL,VETO PARCIAL AO PL Nº 1108/2024,19809,NAO,2024-08-27,
87312,9009,NOMINAL,VETO PARCIAL AO PL Nº 1108/2024,19809,NAO,2024-08-27,
87313,9009,NOMINAL,VETO PARCIAL AO PL Nº 1108/2024,19809,NAO,2024-08-27,
87314,9009,NOMINAL,VETO PARCIAL AO PL Nº 1108/2024,19809,NAO,2024-08-27,
87315,9009,NOMINAL,VETO PARCIAL AO PL Nº 1108/2024,19809,NAO,2024-08-27,
87316,9009,NOMINAL,VETO PARCIAL AO PL Nº 1108/2024,19809,NAO,2024-08-27,
87317,9009,NOMINAL,VETO PARCIAL AO PL Nº 1108/2024,19809,NAO,2024-08-27,
87318,9009,NOMINAL,VETO PARCIAL AO PL Nº 1108/2024,19809,NAO,2024-08-27,
87319,9009,NOMINAL,VETO PARCIAL AO PL Nº 1108/2024,19809,NAO,2024-08-27,
87320,9009,NOMINAL,VETO PARCIAL AO PL Nº 1108/2024,19809,NAO,2024-08-27,
87321,9009,NOMINAL,VETO PARCIAL AO PL Nº 1108/2024,19809,NAO,2024-08-27,
87322,9009,NOMINAL,VETO PARCIAL AO PL Nº 1108/2024,19809,NAO,2024-08-27,
87323,9009,NOMINAL,VETO PARCIAL AO PL Nº 1108/2024,19809,NAO,2024-08-27,
87324,9009,NOMINAL,VETO PARCIAL AO PL Nº 1108/2024,19809,NAO,2024-08-27,
87325,9009,NOMINAL,VETO PARCIAL AO PL Nº 1108/2024,19809,NAO,2024-08-27,
87326,9009,NOMINAL,VETO PARCIAL AO PL Nº 1108/2024,19809,NAO,2024-08-27,
87327,9016,NOMINAL,1º TURNO DO PROJETO DE LEI  Nº 1247/2024,21053,SIM,2024-08-27,
87328,9016,NOMINAL,1º TURNO DO PROJETO DE LEI  Nº 1247/2024,21053,NAO,2024-08-27,
87329,9016,NOMINAL,1º TURNO DO PROJETO DE LEI  Nº 1247/2024,21053,SIM,2024-08-27,
87330,9016,NOMINAL,1º TURNO DO PROJETO DE LEI  Nº 1247/2024,21053,NAO,2024-08-27,
87331,9016,NOMINAL,1º TURNO DO PROJETO DE LEI  Nº 1247/2024,21053,NAO,2024-08-27,
87332,9016,NOMINAL,1º TURNO DO PROJETO DE LEI  Nº 1247/2024,21053,SIM,2024-08-27,
87333,9016,NOMINAL,1º TURNO DO PROJETO DE LEI  Nº 1247/2024,21053,SIM,2024-08-27,
87334,9016,NOMINAL,1º TURNO DO PROJETO DE LEI  Nº 1247/2024,21053,SIM,2024-08-27,
87335,9016,NOMINAL,1º TURNO DO PROJETO DE LEI  Nº 1247/2024,21053,SIM,2024-08-27,
87336,9016,NOMINAL,1º TURNO DO PROJETO DE LEI  Nº 1247/2024,21053,SIM,2024-08-27,
87337,9016,NOMINAL,1º TURNO DO PROJETO DE LEI  Nº 1247/2024,21053,NAO,2024-08-27,
87338,9016,NOMINAL,1º TURNO DO PROJETO DE LEI  Nº 1247/2024,21053,SIM,2024-08-27,
87339,9016,NOMINAL,1º TURNO DO PROJETO DE LEI  Nº 1247/2024,21053,SIM,2024-08-27,
87340,9016,NOMINAL,1º TURNO DO PROJETO DE LEI  Nº 1247/2024,21053,SIM,2024-08-27,
87341,9016,NOMINAL,1º TURNO DO PROJETO DE LEI  Nº 1247/2024,21053,SIM,2024-08-27,
87342,9016,NOMINAL,1º TURNO DO PROJETO DE LEI  Nº 1247/2024,21053,SIM,2024-08-27,
87343,9016,NOMINAL,1º TURNO DO PROJETO DE LEI  Nº 1247/2024,21053,SIM,2024-08-27,
87344,9016,NOMINAL,1º TURNO DO PROJETO DE LEI  Nº 1247/2024,21053,SIM,2024-08-27,
87345,9017,NOMINAL,2º TURNO DO PROJETO DE LEI  Nº 1247/2024,21053,SIM,2024-08-27,
87346,9017,NOMINAL,2º TURNO DO PROJETO DE LEI  Nº 1247/2024,21053,NAO,2024-08-27,
87347,9017,NOMINAL,2º TURNO DO PROJETO DE LEI  Nº 1247/2024,21053,SIM,2024-08-27,
87348,9017,NOMINAL,2º TURNO DO PROJETO DE LEI  Nº 1247/2024,21053,NAO,2024-08-27,
87349,9017,NOMINAL,2º TURNO DO PROJETO DE LEI  Nº 1247/2024,21053,NAO,2024-08-27,
87350,9017,NOMINAL,2º TURNO DO PROJETO DE LEI  Nº 1247/2024,21053,SIM,2024-08-27,
87351,9017,NOMINAL,2º TURNO DO PROJETO DE LEI  Nº 1247/2024,21053,SIM,2024-08-27,
87352,9017,NOMINAL,2º TURNO DO PROJETO DE LEI  Nº 1247/2024,21053,SIM,2024-08-27,
87353,9017,NOMINAL,2º TURNO DO PROJETO DE LEI  Nº 1247/2024,21053,NAO,2024-08-27,
87354,9017,NOMINAL,2º TURNO DO PROJETO DE LEI  Nº 1247/2024,21053,SIM,2024-08-27,
87355,9017,NOMINAL,2º TURNO DO PROJETO DE LEI  Nº 1247/2024,21053,NAO,2024-08-27,
87356,9017,NOMINAL,2º TURNO DO PROJETO DE LEI  Nº 1247/2024,21053,SIM,2024-08-27,
87357,9017,NOMINAL,2º TURNO DO PROJETO DE LEI  Nº 1247/2024,21053,SIM,2024-08-27,
87358,9017,NOMINAL,2º TURNO DO PROJETO DE LEI  Nº 1247/2024,21053,SIM,2024-08-27,
87359,9017,NOMINAL,2º TURNO DO PROJETO DE LEI  Nº 1247/2024,21053,SIM,2024-08-27,
87360,9017,NOMINAL,2º TURNO DO PROJETO DE LEI  Nº 1247/2024,21053,SIM,2024-08-27,
87361,9017,NOMINAL,2º TURNO DO PROJETO DE LEI  Nº 1247/2024,21053,SIM,2024-08-27,
87362,9017,NOMINAL,2º TURNO DO PROJETO DE LEI  Nº 1247/2024,21053,SIM,2024-08-27,
87363,9025,NOMINAL,BLOCO DE REQUERIMENTOS 10.09.2024,,SIM,2024-09-10,
87364,9025,NOMINAL,BLOCO DE REQUERIMENTOS 10.09.2024,,SIM,2024-09-10,
87365,9025,NOMINAL,BLOCO DE REQUERIMENTOS 10.09.2024,,SIM,2024-09-10,
87366,9025,NOMINAL,BLOCO DE REQUERIMENTOS 10.09.2024,,SIM,2024-09-10,
87367,9025,NOMINAL,BLOCO DE REQUERIMENTOS 10.09.2024,,SIM,2024-09-10,
87368,9025,NOMINAL,BLOCO DE REQUERIMENTOS 10.09.2024,,SIM,2024-09-10,
87369,9025,NOMINAL,BLOCO DE REQUERIMENTOS 10.09.2024,,SIM,2024-09-10,
87370,9025,NOMINAL,BLOCO DE REQUERIMENTOS 10.09.2024,,SIM,2024-09-10,
87371,9025,NOMINAL,BLOCO DE REQUERIMENTOS 10.09.2024,,SIM,2024-09-10,
87372,9025,NOMINAL,BLOCO DE REQUERIMENTOS 10.09.2024,,SIM,2024-09-10,
87373,9025,NOMINAL,BLOCO DE REQUERIMENTOS 10.09.2024,,SIM,2024-09-10,
87374,9025,NOMINAL,BLOCO DE REQUERIMENTOS 10.09.2024,,SIM,2024-09-10,
87375,9025,NOMINAL,BLOCO DE REQUERIMENTOS 10.09.2024,,SIM,2024-09-10,
87376,9025,NOMINAL,BLOCO DE REQUERIMENTOS 10.09.2024,,SIM,2024-09-10,
87377,9025,NOMINAL,BLOCO DE REQUERIMENTOS 10.09.2024,,SIM,2024-09-10,
87378,9030,NOMINAL,TURNO ÚNICO PROJETO DE DECRETO LEGISLATIVO Nº 91/2024,18613,SIM,2024-08-27,
87379,9030,NOMINAL,TURNO ÚNICO PROJETO DE DECRETO LEGISLATIVO Nº 91/2024,18613,SIM,2024-08-27,
87380,9030,NOMINAL,TURNO ÚNICO PROJETO DE DECRETO LEGISLATIVO Nº 91/2024,18613,SIM,2024-08-27,
87381,9030,NOMINAL,TURNO ÚNICO PROJETO DE DECRETO LEGISLATIVO Nº 91/2024,18613,SIM,2024-08-27,
87382,9030,NOMINAL,TURNO ÚNICO PROJETO DE DECRETO LEGISLATIVO Nº 91/2024,18613,SIM,2024-08-27,
87383,9030,NOMINAL,TURNO ÚNICO PROJETO DE DECRETO LEGISLATIVO Nº 91/2024,18613,SIM,2024-08-27,
87384,9030,NOMINAL,TURNO ÚNICO PROJETO DE DECRETO LEGISLATIVO Nº 91/2024,18613,SIM,2024-08-27,
87385,9030,NOMINAL,TURNO ÚNICO PROJETO DE DECRETO LEGISLATIVO Nº 91/2024,18613,SIM,2024-08-27,
87386,9030,NOMINAL,TURNO ÚNICO PROJETO DE DECRETO LEGISLATIVO Nº 91/2024,18613,SIM,2024-08-27,
87387,9030,NOMINAL,TURNO ÚNICO PROJETO DE DECRETO LEGISLATIVO Nº 91/2024,18613,SIM,2024-08-27,
87388,9030,NOMINAL,TURNO ÚNICO PROJETO DE DECRETO LEGISLATIVO Nº 91/2024,18613,SIM,2024-08-27,
87389,9030,NOMINAL,TURNO ÚNICO PROJETO DE DECRETO LEGISLATIVO Nº 91/2024,18613,SIM,2024-08-27,
87390,9030,NOMINAL,TURNO ÚNICO PROJETO DE DECRETO LEGISLATIVO Nº 91/2024,18613,SIM,2024-08-27,
87391,9030,NOMINAL,TURNO ÚNICO PROJETO DE DECRETO LEGISLATIVO Nº 91/2024,18613,SIM,2024-08-27,
87392,9030,NOMINAL,TURNO ÚNICO PROJETO DE DECRETO LEGISLATIVO Nº 91/2024,18613,SIM,2024-08-27,
87393,9030,NOMINAL,TURNO ÚNICO PROJETO DE DECRETO LEGISLATIVO Nº 91/2024,18613,SIM,2024-08-27,
87394,9030,NOMINAL,TURNO ÚNICO PROJETO DE DECRETO LEGISLATIVO Nº 91/2024,18613,SIM,2024-08-27,
87395,9036,NOMINAL,VETO TOTAL PROJETO DE LEI COMPLEMENTAR Nº 116/2022,7676,NAO,2024-08-27,
87396,9036,NOMINAL,VETO TOTAL PROJETO DE LEI COMPLEMENTAR Nº 116/2022,7676,NAO,2024-08-27,
87397,9036,NOMINAL,VETO TOTAL PROJETO DE LEI COMPLEMENTAR Nº 116/2022,7676,NAO,2024-08-27,
87398,9036,NOMINAL,VETO TOTAL PROJETO DE LEI COMPLEMENTAR Nº 116/2022,7676,NAO,2024-08-27,
87399,9036,NOMINAL,VETO TOTAL PROJETO DE LEI COMPLEMENTAR Nº 116/2022,7676,NAO,2024-08-27,
87400,9036,NOMINAL,VETO TOTAL PROJETO DE LEI COMPLEMENTAR Nº 116/2022,7676,NAO,2024-08-27,
87401,9036,NOMINAL,VETO TOTAL PROJETO DE LEI COMPLEMENTAR Nº 116/2022,7676,NAO,2024-08-27,
87402,9036,NOMINAL,VETO TOTAL PROJETO DE LEI COMPLEMENTAR Nº 116/2022,7676,NAO,2024-08-27,
87403,9036,NOMINAL,VETO TOTAL PROJETO DE LEI COMPLEMENTAR Nº 116/2022,7676,NAO,2024-08-27,
87404,9036,NOMINAL,VETO TOTAL PROJETO DE LEI COMPLEMENTAR Nº 116/2022,7676,NAO,2024-08-27,
87405,9036,NOMINAL,VETO TOTAL PROJETO DE LEI COMPLEMENTAR Nº 116/2022,7676,NAO,2024-08-27,
87406,9036,NOMINAL,VETO TOTAL PROJETO DE LEI COMPLEMENTAR Nº 116/2022,7676,NAO,2024-08-27,
87407,9036,NOMINAL,VETO TOTAL PROJETO DE LEI COMPLEMENTAR Nº 116/2022,7676,NAO,2024-08-27,
87408,9036,NOMINAL,VETO TOTAL PROJETO DE LEI COMPLEMENTAR Nº 116/2022,7676,NAO,2024-08-27,
87409,9036,NOMINAL,VETO TOTAL PROJETO DE LEI COMPLEMENTAR Nº 116/2022,7676,NAO,2024-08-27,
87410,9036,NOMINAL,VETO TOTAL PROJETO DE LEI COMPLEMENTAR Nº 116/2022,7676,NAO,2024-08-27,
87411,9036,NOMINAL,VETO TOTAL PROJETO DE LEI COMPLEMENTAR Nº 116/2022,7676,NAO,2024-08-27,
87412,9036,NOMINAL,VETO TOTAL PROJETO DE LEI COMPLEMENTAR Nº 116/2022,7676,NAO,2024-08-27,
87413,9037,NOMINAL,BLOCO PDLS 10.09.2024,,SIM,2024-09-10,
87414,9037,NOMINAL,BLOCO PDLS 10.09.2024,,SIM,2024-09-10,
87415,9037,NOMINAL,BLOCO PDLS 10.09.2024,,SIM,2024-09-10,
87416,9037,NOMINAL,BLOCO PDLS 10.09.2024,,SIM,2024-09-10,
87417,9037,NOMINAL,BLOCO PDLS 10.09.2024,,SIM,2024-09-10,
87418,9037,NOMINAL,BLOCO PDLS 10.09.2024,,SIM,2024-09-10,
87419,9037,NOMINAL,BLOCO PDLS 10.09.2024,,SIM,2024-09-10,
87420,9037,NOMINAL,BLOCO PDLS 10.09.2024,,SIM,2024-09-10,
87421,9037,NOMINAL,BLOCO PDLS 10.09.2024,,SIM,2024-09-10,
87422,9037,NOMINAL,BLOCO PDLS 10.09.2024,,SIM,2024-09-10,
87423,9037,NOMINAL,BLOCO PDLS 10.09.2024,,SIM,2024-09-10,
87424,9037,NOMINAL,BLOCO PDLS 10.09.2024,,SIM,2024-09-10,
87425,9037,NOMINAL,BLOCO PDLS 10.09.2024,,SIM,2024-09-10,
87426,9037,NOMINAL,BLOCO PDLS 10.09.2024,,SIM,2024-09-10,
87427,9037,NOMINAL,BLOCO PDLS 10.09.2024,,SIM,2024-09-10,
87428,9124,NOMINAL,2º TURNO DO PROJETO DE LEI  Nº 1266/2024,21447,SIM,2024-09-03,
87429,9124,NOMINAL,2º TURNO DO PROJETO DE LEI  Nº 1266/2024,21447,SIM,2024-09-03,
87430,9124,NOMINAL,2º TURNO DO PROJETO DE LEI  Nº 1266/2024,21447,SIM,2024-09-03,
87431,9124,NOMINAL,2º TURNO DO PROJETO DE LEI  Nº 1266/2024,21447,SIM,2024-09-03,
87432,9124,NOMINAL,2º TURNO DO PROJETO DE LEI  Nº 1266/2024,21447,SIM,2024-09-03,
87433,9124,NOMINAL,2º TURNO DO PROJETO DE LEI  Nº 1266/2024,21447,SIM,2024-09-03,
87434,9124,NOMINAL,2º TURNO DO PROJETO DE LEI  Nº 1266/2024,21447,SIM,2024-09-03,
87435,9124,NOMINAL,2º TURNO DO PROJETO DE LEI  Nº 1266/2024,21447,SIM,2024-09-03,
87436,9124,NOMINAL,2º TURNO DO PROJETO DE LEI  Nº 1266/2024,21447,SIM,2024-09-03,
87437,9124,NOMINAL,2º TURNO DO PROJETO DE LEI  Nº 1266/2024,21447,SIM,2024-09-03,
87438,9124,NOMINAL,2º TURNO DO PROJETO DE LEI  Nº 1266/2024,21447,SIM,2024-09-03,
87439,9124,NOMINAL,2º TURNO DO PROJETO DE LEI  Nº 1266/2024,21447,SIM,2024-09-03,
87440,9124,NOMINAL,2º TURNO DO PROJETO DE LEI  Nº 1266/2024,21447,SIM,2024-09-03,
87441,9124,NOMINAL,2º TURNO DO PROJETO DE LEI  Nº 1266/2024,21447,SIM,2024-09-03,
87442,9149,NOMINAL,1º TURNO DO PROJETO DE LEI  Nº 1258/2024,21418,NAO,2024-09-17,
87443,9149,NOMINAL,1º TURNO DO PROJETO DE LEI  Nº 1258/2024,21418,SIM,2024-09-17,
87444,9149,NOMINAL,1º TURNO DO PROJETO DE LEI  Nº 1258/2024,21418,NAO,2024-09-17,
87445,9149,NOMINAL,1º TURNO DO PROJETO DE LEI  Nº 1258/2024,21418,SIM,2024-09-17,
87446,9149,NOMINAL,1º TURNO DO PROJETO DE LEI  Nº 1258/2024,21418,SIM,2024-09-17,
87447,9149,NOMINAL,1º TURNO DO PROJETO DE LEI  Nº 1258/2024,21418,NAO,2024-09-17,
87448,9149,NOMINAL,1º TURNO DO PROJETO DE LEI  Nº 1258/2024,21418,NAO,2024-09-17,
87449,9149,NOMINAL,1º TURNO DO PROJETO DE LEI  Nº 1258/2024,21418,SIM,2024-09-17,
87450,9149,NOMINAL,1º TURNO DO PROJETO DE LEI  Nº 1258/2024,21418,SIM,2024-09-17,
87451,9149,NOMINAL,1º TURNO DO PROJETO DE LEI  Nº 1258/2024,21418,SIM,2024-09-17,
87452,9149,NOMINAL,1º TURNO DO PROJETO DE LEI  Nº 1258/2024,21418,SIM,2024-09-17,
87453,9149,NOMINAL,1º TURNO DO PROJETO DE LEI  Nº 1258/2024,21418,SIM,2024-09-17,
87454,9149,NOMINAL,1º TURNO DO PROJETO DE LEI  Nº 1258/2024,21418,NAO,2024-09-17,
87455,9149,NOMINAL,1º TURNO DO PROJETO DE LEI  Nº 1258/2024,21418,SIM,2024-09-17,
87456,9149,NOMINAL,1º TURNO DO PROJETO DE LEI  Nº 1258/2024,21418,NAO,2024-09-17,
87457,9149,NOMINAL,1º TURNO DO PROJETO DE LEI  Nº 1258/2024,21418,SIM,2024-09-17,
87458,9149,NOMINAL,1º TURNO DO PROJETO DE LEI  Nº 1258/2024,21418,NAO,2024-09-17,
87459,9149,NOMINAL,1º TURNO DO PROJETO DE LEI  Nº 1258/2024,21418,SIM,2024-09-17,
87460,9149,NOMINAL,1º TURNO DO PROJETO DE LEI  Nº 1258/2024,21418,SIM,2024-09-17,
87461,9149,NOMINAL,1º TURNO DO PROJETO DE LEI  Nº 1258/2024,21418,SIM,2024-09-17,
87462,9162,NOMINAL,1º TURNO DO PROJETO DE LEI  Nº 1170/2024,20826,SIM,2024-11-26,
87463,9162,NOMINAL,1º TURNO DO PROJETO DE LEI  Nº 1170/2024,20826,SIM,2024-11-26,
87464,9162,NOMINAL,1º TURNO DO PROJETO DE LEI  Nº 1170/2024,20826,SIM,2024-11-26,
87465,9162,NOMINAL,1º TURNO DO PROJETO DE LEI  Nº 1170/2024,20826,SIM,2024-11-26,
87466,9162,NOMINAL,1º TURNO DO PROJETO DE LEI  Nº 1170/2024,20826,SIM,2024-11-26,
87467,9162,NOMINAL,1º TURNO DO PROJETO DE LEI  Nº 1170/2024,20826,SIM,2024-11-26,
87468,9162,NOMINAL,1º TURNO DO PROJETO DE LEI  Nº 1170/2024,20826,SIM,2024-11-26,
87469,9162,NOMINAL,1º TURNO DO PROJETO DE LEI  Nº 1170/2024,20826,SIM,2024-11-26,
87470,9162,NOMINAL,1º TURNO DO PROJETO DE LEI  Nº 1170/2024,20826,SIM,2024-11-26,
87471,9162,NOMINAL,1º TURNO DO PROJETO DE LEI  Nº 1170/2024,20826,SIM,2024-11-26,
87472,9162,NOMINAL,1º TURNO DO PROJETO DE LEI  Nº 1170/2024,20826,SIM,2024-11-26,
87473,9162,NOMINAL,1º TURNO DO PROJETO DE LEI  Nº 1170/2024,20826,SIM,2024-11-26,
87474,9162,NOMINAL,1º TURNO DO PROJETO DE LEI  Nº 1170/2024,20826,SIM,2024-11-26,
87475,9162,NOMINAL,1º TURNO DO PROJETO DE LEI  Nº 1170/2024,20826,SIM,2024-11-26,
87476,9162,NOMINAL,1º TURNO DO PROJETO DE LEI  Nº 1170/2024,20826,SIM,2024-11-26,
87477,9162,NOMINAL,1º TURNO DO PROJETO DE LEI  Nº 1170/2024,20826,SIM,2024-11-26,
87478,9162,NOMINAL,1º TURNO DO PROJETO DE LEI  Nº 1170/2024,20826,SIM,2024-11-26,
87479,9162,NOMINAL,1º TURNO DO PROJETO DE LEI  Nº 1170/2024,20826,SIM,2024-11-26,
87480,9163,NOMINAL,2º TURNO DO PROJETO DE LEI  Nº 1170/2024,20826,SIM,2024-11-26,
87481,9163,NOMINAL,2º TURNO DO PROJETO DE LEI  Nº 1170/2024,20826,SIM,2024-11-26,
87482,9163,NOMINAL,2º TURNO DO PROJETO DE LEI  Nº 1170/2024,20826,SIM,2024-11-26,
87483,9163,NOMINAL,2º TURNO DO PROJETO DE LEI  Nº 1170/2024,20826,SIM,2024-11-26,
87484,9163,NOMINAL,2º TURNO DO PROJETO DE LEI  Nº 1170/2024,20826,SIM,2024-11-26,
87485,9163,NOMINAL,2º TURNO DO PROJETO DE LEI  Nº 1170/2024,20826,SIM,2024-11-26,
87486,9163,NOMINAL,2º TURNO DO PROJETO DE LEI  Nº 1170/2024,20826,SIM,2024-11-26,
87487,9163,NOMINAL,2º TURNO DO PROJETO DE LEI  Nº 1170/2024,20826,SIM,2024-11-26,
87488,9163,NOMINAL,2º TURNO DO PROJETO DE LEI  Nº 1170/2024,20826,SIM,2024-11-26,
87489,9163,NOMINAL,2º TURNO DO PROJETO DE LEI  Nº 1170/2024,20826,SIM,2024-11-26,
87490,9163,NOMINAL,2º TURNO DO PROJETO DE LEI  Nº 1170/2024,20826,SIM,2024-11-26,
87491,9163,NOMINAL,2º TURNO DO PROJETO DE LEI  Nº 1170/2024,20826,SIM,2024-11-26,
87492,9163,NOMINAL,2º TURNO DO PROJETO DE LEI  Nº 1170/2024,20826,SIM,2024-11-26,
87493,9163,NOMINAL,2º TURNO DO PROJETO DE LEI  Nº 1170/2024,20826,SIM,2024-11-26,
87494,9163,NOMINAL,2º TURNO DO PROJETO DE LEI  Nº 1170/2024,20826,SIM,2024-11-26,
87495,9163,NOMINAL,2º TURNO DO PROJETO DE LEI  Nº 1170/2024,20826,SIM,2024-11-26,
87496,9163,NOMINAL,2º TURNO DO PROJETO DE LEI  Nº 1170/2024,20826,SIM,2024-11-26,
87497,9163,NOMINAL,2º TURNO DO PROJETO DE LEI  Nº 1170/2024,20826,SIM,2024-11-26,
87498,9238,NOMINAL,BLOCO PDLS 10.12.2024,,SIM,2024-12-10,
87499,9238,NOMINAL,BLOCO PDLS 10.12.2024,,SIM,2024-12-10,
87500,9238,NOMINAL,BLOCO PDLS 10.12.2024,,SIM,2024-12-10,
87501,9238,NOMINAL,BLOCO PDLS 10.12.2024,,SIM,2024-12-10,
87502,9238,NOMINAL,BLOCO PDLS 10.12.2024,,SIM,2024-12-10,
87503,9238,NOMINAL,BLOCO PDLS 10.12.2024,,SIM,2024-12-10,
87504,9238,NOMINAL,BLOCO PDLS 10.12.2024,,SIM,2024-12-10,
87505,9238,NOMINAL,BLOCO PDLS 10.12.2024,,SIM,2024-12-10,
87506,9238,NOMINAL,BLOCO PDLS 10.12.2024,,SIM,2024-12-10,
87507,9238,NOMINAL,BLOCO PDLS 10.12.2024,,SIM,2024-12-10,
87508,9238,NOMINAL,BLOCO PDLS 10.12.2024,,SIM,2024-12-10,
87509,9238,NOMINAL,BLOCO PDLS 10.12.2024,,SIM,2024-12-10,
87510,9238,NOMINAL,BLOCO PDLS 10.12.2024,,SIM,2024-12-10,
87511,9238,NOMINAL,BLOCO PDLS 10.12.2024,,SIM,2024-12-10,
87512,9238,NOMINAL,BLOCO PDLS 10.12.2024,,SIM,2024-12-10,
87513,9238,NOMINAL,BLOCO PDLS 10.12.2024,,SIM,2024-12-10,
87514,9238,NOMINAL,BLOCO PDLS 10.12.2024,,SIM,2024-12-10,
87515,9238,NOMINAL,BLOCO PDLS 10.12.2024,,SIM,2024-12-10,
87516,9238,NOMINAL,BLOCO PDLS 10.12.2024,,SIM,2024-12-10,
87517,9238,NOMINAL,BLOCO PDLS 10.12.2024,,SIM,2024-12-10,
87518,9238,NOMINAL,BLOCO PDLS 10.12.2024,,SIM,2024-12-10,
87519,9262,NOMINAL,DESTAQUE EMENDA Nº 10 DO PL Nº 1258/2024,21418,NAO,2024-09-17,
87520,9262,NOMINAL,DESTAQUE EMENDA Nº 10 DO PL Nº 1258/2024,21418,NAO,2024-09-17,
87521,9262,NOMINAL,DESTAQUE EMENDA Nº 10 DO PL Nº 1258/2024,21418,SIM,2024-09-17,
87522,9262,NOMINAL,DESTAQUE EMENDA Nº 10 DO PL Nº 1258/2024,21418,NAO,2024-09-17,
87523,9262,NOMINAL,DESTAQUE EMENDA Nº 10 DO PL Nº 1258/2024,21418,NAO,2024-09-17,
87524,9262,NOMINAL,DESTAQUE EMENDA Nº 10 DO PL Nº 1258/2024,21418,SIM,2024-09-17,
87525,9262,NOMINAL,DESTAQUE EMENDA Nº 10 DO PL Nº 1258/2024,21418,SIM,2024-09-17,
87526,9262,NOMINAL,DESTAQUE EMENDA Nº 10 DO PL Nº 1258/2024,21418,NAO,2024-09-17,
87527,9262,NOMINAL,DESTAQUE EMENDA Nº 10 DO PL Nº 1258/2024,21418,NAO,2024-09-17,
87528,9262,NOMINAL,DESTAQUE EMENDA Nº 10 DO PL Nº 1258/2024,21418,NAO,2024-09-17,
87529,9262,NOMINAL,DESTAQUE EMENDA Nº 10 DO PL Nº 1258/2024,21418,NAO,2024-09-17,
87530,9262,NOMINAL,DESTAQUE EMENDA Nº 10 DO PL Nº 1258/2024,21418,NAO,2024-09-17,
87531,9262,NOMINAL,DESTAQUE EMENDA Nº 10 DO PL Nº 1258/2024,21418,SIM,2024-09-17,
87532,9262,NOMINAL,DESTAQUE EMENDA Nº 10 DO PL Nº 1258/2024,21418,SIM,2024-09-17,
87533,9262,NOMINAL,DESTAQUE EMENDA Nº 10 DO PL Nº 1258/2024,21418,NAO,2024-09-17,
87534,9262,NOMINAL,DESTAQUE EMENDA Nº 10 DO PL Nº 1258/2024,21418,SIM,2024-09-17,
87535,9262,NOMINAL,DESTAQUE EMENDA Nº 10 DO PL Nº 1258/2024,21418,NAO,2024-09-17,
87536,9262,NOMINAL,DESTAQUE EMENDA Nº 10 DO PL Nº 1258/2024,21418,NAO,2024-09-17,
87537,9262,NOMINAL,DESTAQUE EMENDA Nº 10 DO PL Nº 1258/2024,21418,NAO,2024-09-17,
87538,9262,NOMINAL,DESTAQUE EMENDA Nº 10 DO PL Nº 1258/2024,21418,ABSTENCAO,2024-09-17,
87539,9262,NOMINAL,DESTAQUE EMENDA Nº 10 DO PL Nº 1258/2024,21418,NAO,2024-09-17,
87540,9262,NOMINAL,DESTAQUE EMENDA Nº 10 DO PL Nº 1258/2024,21418,NAO,2024-09-17,
87541,9262,NOMINAL,DESTAQUE EMENDA Nº 10 DO PL Nº 1258/2024,21418,NAO,2024-09-17,
87542,9279,NOMINAL,TURNO ÚNICO PDL Nº 271/2022,8036,SIM,2024-09-24,
87543,9279,NOMINAL,TURNO ÚNICO PDL Nº 271/2022,8036,SIM,2024-09-24,
87544,9279,NOMINAL,TURNO ÚNICO PDL Nº 271/2022,8036,SIM,2024-09-24,
87545,9279,NOMINAL,TURNO ÚNICO PDL Nº 271/2022,8036,SIM,2024-09-24,
87546,9279,NOMINAL,TURNO ÚNICO PDL Nº 271/2022,8036,SIM,2024-09-24,
87547,9279,NOMINAL,TURNO ÚNICO PDL Nº 271/2022,8036,SIM,2024-09-24,
87548,9279,NOMINAL,TURNO ÚNICO PDL Nº 271/2022,8036,SIM,2024-09-24,
87549,9279,NOMINAL,TURNO ÚNICO PDL Nº 271/2022,8036,SIM,2024-09-24,
87550,9279,NOMINAL,TURNO ÚNICO PDL Nº 271/2022,8036,SIM,2024-09-24,
87551,9279,NOMINAL,TURNO ÚNICO PDL Nº 271/2022,8036,SIM,2024-09-24,
87552,9279,NOMINAL,TURNO ÚNICO PDL Nº 271/2022,8036,SIM,2024-09-24,
87553,9279,NOMINAL,TURNO ÚNICO PDL Nº 271/2022,8036,SIM,2024-09-24,
87554,9279,NOMINAL,TURNO ÚNICO PDL Nº 271/2022,8036,SIM,2024-09-24,
87555,9279,NOMINAL,TURNO ÚNICO PDL Nº 271/2022,8036,SIM,2024-09-24,
87556,9284,NOMINAL,BLOCO REQUERIMENTOS E MOÇÕES 05.11.2024,,SIM,2024-11-05,
87557,9284,NOMINAL,BLOCO REQUERIMENTOS E MOÇÕES 05.11.2024,,SIM,2024-11-05,
87558,9284,NOMINAL,BLOCO REQUERIMENTOS E MOÇÕES 05.11.2024,,SIM,2024-11-05,
87559,9284,NOMINAL,BLOCO REQUERIMENTOS E MOÇÕES 05.11.2024,,SIM,2024-11-05,
87560,9284,NOMINAL,BLOCO REQUERIMENTOS E MOÇÕES 05.11.2024,,SIM,2024-11-05,
87561,9284,NOMINAL,BLOCO REQUERIMENTOS E MOÇÕES 05.11.2024,,SIM,2024-11-05,
87562,9284,NOMINAL,BLOCO REQUERIMENTOS E MOÇÕES 05.11.2024,,SIM,2024-11-05,
87563,9284,NOMINAL,BLOCO REQUERIMENTOS E MOÇÕES 05.11.2024,,SIM,2024-11-05,
87564,9284,NOMINAL,BLOCO REQUERIMENTOS E MOÇÕES 05.11.2024,,SIM,2024-11-05,
87565,9284,NOMINAL,BLOCO REQUERIMENTOS E MOÇÕES 05.11.2024,,SIM,2024-11-05,
87566,9284,NOMINAL,BLOCO REQUERIMENTOS E MOÇÕES 05.11.2024,,SIM,2024-11-05,
87567,9284,NOMINAL,BLOCO REQUERIMENTOS E MOÇÕES 05.11.2024,,SIM,2024-11-05,
87568,9284,NOMINAL,BLOCO REQUERIMENTOS E MOÇÕES 05.11.2024,,SIM,2024-11-05,
87569,9284,NOMINAL,BLOCO REQUERIMENTOS E MOÇÕES 05.11.2024,,SIM,2024-11-05,
87570,9284,NOMINAL,BLOCO REQUERIMENTOS E MOÇÕES 05.11.2024,,SIM,2024-11-05,
87571,9284,NOMINAL,BLOCO REQUERIMENTOS E MOÇÕES 05.11.2024,,SIM,2024-11-05,
87572,9284,NOMINAL,BLOCO REQUERIMENTOS E MOÇÕES 05.11.2024,,SIM,2024-11-05,
87573,9284,NOMINAL,BLOCO REQUERIMENTOS E MOÇÕES 05.11.2024,,SIM,2024-11-05,
87574,9284,NOMINAL,BLOCO REQUERIMENTOS E MOÇÕES 05.11.2024,,SIM,2024-11-05,
87575,9285,NOMINAL,BLOCO DE REQ E MO 01.10.2024,,SIM,2024-10-01,
87576,9285,NOMINAL,BLOCO DE REQ E MO 01.10.2024,,SIM,2024-10-01,
87577,9285,NOMINAL,BLOCO DE REQ E MO 01.10.2024,,SIM,2024-10-01,
87578,9285,NOMINAL,BLOCO DE REQ E MO 01.10.2024,,SIM,2024-10-01,
87579,9285,NOMINAL,BLOCO DE REQ E MO 01.10.2024,,SIM,2024-10-01,
87580,9285,NOMINAL,BLOCO DE REQ E MO 01.10.2024,,SIM,2024-10-01,
87581,9285,NOMINAL,BLOCO DE REQ E MO 01.10.2024,,SIM,2024-10-01,
87582,9285,NOMINAL,BLOCO DE REQ E MO 01.10.2024,,SIM,2024-10-01,
87583,9285,NOMINAL,BLOCO DE REQ E MO 01.10.2024,,SIM,2024-10-01,
87584,9285,NOMINAL,BLOCO DE REQ E MO 01.10.2024,,SIM,2024-10-01,
87585,9285,NOMINAL,BLOCO DE REQ E MO 01.10.2024,,SIM,2024-10-01,
87586,9285,NOMINAL,BLOCO DE REQ E MO 01.10.2024,,SIM,2024-10-01,
87587,9285,NOMINAL,BLOCO DE REQ E MO 01.10.2024,,SIM,2024-10-01,
87588,9285,NOMINAL,BLOCO DE REQ E MO 01.10.2024,,SIM,2024-10-01,
87589,9285,NOMINAL,BLOCO DE REQ E MO 01.10.2024,,SIM,2024-10-01,
87590,9285,NOMINAL,BLOCO DE REQ E MO 01.10.2024,,SIM,2024-10-01,
87591,9296,NOMINAL,2º TURNO DO PROJETO DE LEI  Nº 1241/2024,21180,SIM,2024-11-26,
87592,9296,NOMINAL,2º TURNO DO PROJETO DE LEI  Nº 1241/2024,21180,SIM,2024-11-26,
87593,9296,NOMINAL,2º TURNO DO PROJETO DE LEI  Nº 1241/2024,21180,SIM,2024-11-26,
87594,9296,NOMINAL,2º TURNO DO PROJETO DE LEI  Nº 1241/2024,21180,SIM,2024-11-26,
87595,9296,NOMINAL,2º TURNO DO PROJETO DE LEI  Nº 1241/2024,21180,SIM,2024-11-26,
87596,9296,NOMINAL,2º TURNO DO PROJETO DE LEI  Nº 1241/2024,21180,SIM,2024-11-26,
87597,9296,NOMINAL,2º TURNO DO PROJETO DE LEI  Nº 1241/2024,21180,SIM,2024-11-26,
87598,9296,NOMINAL,2º TURNO DO PROJETO DE LEI  Nº 1241/2024,21180,SIM,2024-11-26,
87599,9296,NOMINAL,2º TURNO DO PROJETO DE LEI  Nº 1241/2024,21180,SIM,2024-11-26,
87600,9296,NOMINAL,2º TURNO DO PROJETO DE LEI  Nº 1241/2024,21180,SIM,2024-11-26,
87601,9296,NOMINAL,2º TURNO DO PROJETO DE LEI  Nº 1241/2024,21180,SIM,2024-11-26,
87602,9296,NOMINAL,2º TURNO DO PROJETO DE LEI  Nº 1241/2024,21180,SIM,2024-11-26,
87603,9296,NOMINAL,2º TURNO DO PROJETO DE LEI  Nº 1241/2024,21180,SIM,2024-11-26,
87604,9296,NOMINAL,2º TURNO DO PROJETO DE LEI  Nº 1241/2024,21180,SIM,2024-11-26,
87605,9296,NOMINAL,2º TURNO DO PROJETO DE LEI  Nº 1241/2024,21180,SIM,2024-11-26,
87606,9296,NOMINAL,2º TURNO DO PROJETO DE LEI  Nº 1241/2024,21180,SIM,2024-11-26,
87607,9296,NOMINAL,2º TURNO DO PROJETO DE LEI  Nº 1241/2024,21180,SIM,2024-11-26,
87608,9296,NOMINAL,2º TURNO DO PROJETO DE LEI  Nº 1241/2024,21180,SIM,2024-11-26,
87609,9297,NOMINAL,1º TURNO DO PROJETO DE LEI  Nº 1241/2024,21180,SIM,2024-11-26,
87610,9297,NOMINAL,1º TURNO DO PROJETO DE LEI  Nº 1241/2024,21180,SIM,2024-11-26,
87611,9297,NOMINAL,1º TURNO DO PROJETO DE LEI  Nº 1241/2024,21180,SIM,2024-11-26,
87612,9297,NOMINAL,1º TURNO DO PROJETO DE LEI  Nº 1241/2024,21180,SIM,2024-11-26,
87613,9297,NOMINAL,1º TURNO DO PROJETO DE LEI  Nº 1241/2024,21180,SIM,2024-11-26,
87614,9297,NOMINAL,1º TURNO DO PROJETO DE LEI  Nº 1241/2024,21180,SIM,2024-11-26,
87615,9297,NOMINAL,1º TURNO DO PROJETO DE LEI  Nº 1241/2024,21180,SIM,2024-11-26,
87616,9297,NOMINAL,1º TURNO DO PROJETO DE LEI  Nº 1241/2024,21180,SIM,2024-11-26,
87617,9297,NOMINAL,1º TURNO DO PROJETO DE LEI  Nº 1241/2024,21180,SIM,2024-11-26,
87618,9297,NOMINAL,1º TURNO DO PROJETO DE LEI  Nº 1241/2024,21180,SIM,2024-11-26,
87619,9297,NOMINAL,1º TURNO DO PROJETO DE LEI  Nº 1241/2024,21180,SIM,2024-11-26,
87620,9297,NOMINAL,1º TURNO DO PROJETO DE LEI  Nº 1241/2024,21180,SIM,2024-11-26,
87621,9297,NOMINAL,1º TURNO DO PROJETO DE LEI  Nº 1241/2024,21180,SIM,2024-11-26,
87622,9297,NOMINAL,1º TURNO DO PROJETO DE LEI  Nº 1241/2024,21180,SIM,2024-11-26,
87623,9297,NOMINAL,1º TURNO DO PROJETO DE LEI  Nº 1241/2024,21180,SIM,2024-11-26,
87624,9297,NOMINAL,1º TURNO DO PROJETO DE LEI  Nº 1241/2024,21180,SIM,2024-11-26,
87625,9297,NOMINAL,1º TURNO DO PROJETO DE LEI  Nº 1241/2024,21180,SIM,2024-11-26,
87626,9322,NOMINAL,"PARECER CDESCTMAT AO PROC Nº 24/2024, MSG Nº 235/2024",,SIM,2024-10-08,
87627,9322,NOMINAL,"PARECER CDESCTMAT AO PROC Nº 24/2024, MSG Nº 235/2024",,SIM,2024-10-08,
87628,9322,NOMINAL,"PARECER CDESCTMAT AO PROC Nº 24/2024, MSG Nº 235/2024",,SIM,2024-10-08,
87629,9322,NOMINAL,"PARECER CDESCTMAT AO PROC Nº 24/2024, MSG Nº 235/2024",,SIM,2024-10-08,
87630,9322,NOMINAL,"PARECER CDESCTMAT AO PROC Nº 24/2024, MSG Nº 235/2024",,SIM,2024-10-08,
87631,9322,NOMINAL,"PARECER CDESCTMAT AO PROC Nº 24/2024, MSG Nº 235/2024",,SIM,2024-10-08,
87632,9322,NOMINAL,"PARECER CDESCTMAT AO PROC Nº 24/2024, MSG Nº 235/2024",,SIM,2024-10-08,
87633,9322,NOMINAL,"PARECER CDESCTMAT AO PROC Nº 24/2024, MSG Nº 235/2024",,SIM,2024-10-08,
87634,9322,NOMINAL,"PARECER CDESCTMAT AO PROC Nº 24/2024, MSG Nº 235/2024",,SIM,2024-10-08,
87635,9322,NOMINAL,"PARECER CDESCTMAT AO PROC Nº 24/2024, MSG Nº 235/2024",,SIM,2024-10-08,
87636,9322,NOMINAL,"PARECER CDESCTMAT AO PROC Nº 24/2024, MSG Nº 235/2024",,SIM,2024-10-08,
87637,9322,NOMINAL,"PARECER CDESCTMAT AO PROC Nº 24/2024, MSG Nº 235/2024",,SIM,2024-10-08,
87638,9322,NOMINAL,"PARECER CDESCTMAT AO PROC Nº 24/2024, MSG Nº 235/2024",,SIM,2024-10-08,
87639,9322,NOMINAL,"PARECER CDESCTMAT AO PROC Nº 24/2024, MSG Nº 235/2024",,SIM,2024-10-08,
87640,9322,NOMINAL,"PARECER CDESCTMAT AO PROC Nº 24/2024, MSG Nº 235/2024",,SIM,2024-10-08,
87641,9322,NOMINAL,"PARECER CDESCTMAT AO PROC Nº 24/2024, MSG Nº 235/2024",,SIM,2024-10-08,
87642,9322,NOMINAL,"PARECER CDESCTMAT AO PROC Nº 24/2024, MSG Nº 235/2024",,SIM,2024-10-08,
87643,9322,NOMINAL,"PARECER CDESCTMAT AO PROC Nº 24/2024, MSG Nº 235/2024",,SIM,2024-10-08,
87644,9322,NOMINAL,"PARECER CDESCTMAT AO PROC Nº 24/2024, MSG Nº 235/2024",,SIM,2024-10-08,
87645,9322,NOMINAL,"PARECER CDESCTMAT AO PROC Nº 24/2024, MSG Nº 235/2024",,SIM,2024-10-08,
87646,9322,NOMINAL,"PARECER CDESCTMAT AO PROC Nº 24/2024, MSG Nº 235/2024",,SIM,2024-10-08,
87647,9322,NOMINAL,"PARECER CDESCTMAT AO PROC Nº 24/2024, MSG Nº 235/2024",,SIM,2024-10-08,
87648,9322,NOMINAL,"PARECER CDESCTMAT AO PROC Nº 24/2024, MSG Nº 235/2024",,SIM,2024-10-08,
87649,9323,NOMINAL,1º TURNO DO PROJETO DE LEI  Nº 1347/2024,22211,SIM,2024-10-08,
87650,9323,NOMINAL,1º TURNO DO PROJETO DE LEI  Nº 1347/2024,22211,SIM,2024-10-08,
87651,9323,NOMINAL,1º TURNO DO PROJETO DE LEI  Nº 1347/2024,22211,SIM,2024-10-08,
87652,9323,NOMINAL,1º TURNO DO PROJETO DE LEI  Nº 1347/2024,22211,SIM,2024-10-08,
87653,9323,NOMINAL,1º TURNO DO PROJETO DE LEI  Nº 1347/2024,22211,SIM,2024-10-08,
87654,9323,NOMINAL,1º TURNO DO PROJETO DE LEI  Nº 1347/2024,22211,SIM,2024-10-08,
87655,9323,NOMINAL,1º TURNO DO PROJETO DE LEI  Nº 1347/2024,22211,SIM,2024-10-08,
87656,9323,NOMINAL,1º TURNO DO PROJETO DE LEI  Nº 1347/2024,22211,SIM,2024-10-08,
87657,9323,NOMINAL,1º TURNO DO PROJETO DE LEI  Nº 1347/2024,22211,SIM,2024-10-08,
87658,9323,NOMINAL,1º TURNO DO PROJETO DE LEI  Nº 1347/2024,22211,SIM,2024-10-08,
87659,9323,NOMINAL,1º TURNO DO PROJETO DE LEI  Nº 1347/2024,22211,SIM,2024-10-08,
87660,9323,NOMINAL,1º TURNO DO PROJETO DE LEI  Nº 1347/2024,22211,SIM,2024-10-08,
87661,9323,NOMINAL,1º TURNO DO PROJETO DE LEI  Nº 1347/2024,22211,SIM,2024-10-08,
87662,9323,NOMINAL,1º TURNO DO PROJETO DE LEI  Nº 1347/2024,22211,SIM,2024-10-08,
87663,9323,NOMINAL,1º TURNO DO PROJETO DE LEI  Nº 1347/2024,22211,SIM,2024-10-08,
87664,9323,NOMINAL,1º TURNO DO PROJETO DE LEI  Nº 1347/2024,22211,SIM,2024-10-08,
87665,9323,NOMINAL,1º TURNO DO PROJETO DE LEI  Nº 1347/2024,22211,SIM,2024-10-08,
87666,9323,NOMINAL,1º TURNO DO PROJETO DE LEI  Nº 1347/2024,22211,SIM,2024-10-08,
87667,9323,NOMINAL,1º TURNO DO PROJETO DE LEI  Nº 1347/2024,22211,SIM,2024-10-08,
87668,9323,NOMINAL,1º TURNO DO PROJETO DE LEI  Nº 1347/2024,22211,SIM,2024-10-08,
87669,9323,NOMINAL,1º TURNO DO PROJETO DE LEI  Nº 1347/2024,22211,SIM,2024-10-08,
87670,9323,NOMINAL,1º TURNO DO PROJETO DE LEI  Nº 1347/2024,22211,SIM,2024-10-08,
87671,9340,NOMINAL,1º TURNO DO PROJETO DE LEI  Nº 899/2024,18079,SIM,2024-11-12,
87672,9340,NOMINAL,1º TURNO DO PROJETO DE LEI  Nº 899/2024,18079,SIM,2024-11-12,
87673,9340,NOMINAL,1º TURNO DO PROJETO DE LEI  Nº 899/2024,18079,SIM,2024-11-12,
87674,9340,NOMINAL,1º TURNO DO PROJETO DE LEI  Nº 899/2024,18079,SIM,2024-11-12,
87675,9340,NOMINAL,1º TURNO DO PROJETO DE LEI  Nº 899/2024,18079,SIM,2024-11-12,
87676,9340,NOMINAL,1º TURNO DO PROJETO DE LEI  Nº 899/2024,18079,SIM,2024-11-12,
87677,9340,NOMINAL,1º TURNO DO PROJETO DE LEI  Nº 899/2024,18079,SIM,2024-11-12,
87678,9340,NOMINAL,1º TURNO DO PROJETO DE LEI  Nº 899/2024,18079,SIM,2024-11-12,
87679,9340,NOMINAL,1º TURNO DO PROJETO DE LEI  Nº 899/2024,18079,SIM,2024-11-12,
87680,9340,NOMINAL,1º TURNO DO PROJETO DE LEI  Nº 899/2024,18079,SIM,2024-11-12,
87681,9340,NOMINAL,1º TURNO DO PROJETO DE LEI  Nº 899/2024,18079,SIM,2024-11-12,
87682,9340,NOMINAL,1º TURNO DO PROJETO DE LEI  Nº 899/2024,18079,SIM,2024-11-12,
87683,9340,NOMINAL,1º TURNO DO PROJETO DE LEI  Nº 899/2024,18079,SIM,2024-11-12,
87684,9340,NOMINAL,1º TURNO DO PROJETO DE LEI  Nº 899/2024,18079,SIM,2024-11-12,
87685,9340,NOMINAL,1º TURNO DO PROJETO DE LEI  Nº 899/2024,18079,SIM,2024-11-12,
87686,9340,NOMINAL,1º TURNO DO PROJETO DE LEI  Nº 899/2024,18079,SIM,2024-11-12,
87687,9340,NOMINAL,1º TURNO DO PROJETO DE LEI  Nº 899/2024,18079,SIM,2024-11-12,
87688,9341,NOMINAL,2º TURNO DO PROJETO DE LEI  Nº 899/2024,18079,SIM,2024-11-12,
87689,9341,NOMINAL,2º TURNO DO PROJETO DE LEI  Nº 899/2024,18079,SIM,2024-11-12,
87690,9341,NOMINAL,2º TURNO DO PROJETO DE LEI  Nº 899/2024,18079,SIM,2024-11-12,
87691,9341,NOMINAL,2º TURNO DO PROJETO DE LEI  Nº 899/2024,18079,SIM,2024-11-12,
87692,9341,NOMINAL,2º TURNO DO PROJETO DE LEI  Nº 899/2024,18079,SIM,2024-11-12,
87693,9341,NOMINAL,2º TURNO DO PROJETO DE LEI  Nº 899/2024,18079,SIM,2024-11-12,
87694,9341,NOMINAL,2º TURNO DO PROJETO DE LEI  Nº 899/2024,18079,SIM,2024-11-12,
87695,9341,NOMINAL,2º TURNO DO PROJETO DE LEI  Nº 899/2024,18079,SIM,2024-11-12,
87696,9341,NOMINAL,2º TURNO DO PROJETO DE LEI  Nº 899/2024,18079,SIM,2024-11-12,
87697,9341,NOMINAL,2º TURNO DO PROJETO DE LEI  Nº 899/2024,18079,SIM,2024-11-12,
87698,9341,NOMINAL,2º TURNO DO PROJETO DE LEI  Nº 899/2024,18079,SIM,2024-11-12,
87699,9341,NOMINAL,2º TURNO DO PROJETO DE LEI  Nº 899/2024,18079,SIM,2024-11-12,
87700,9341,NOMINAL,2º TURNO DO PROJETO DE LEI  Nº 899/2024,18079,SIM,2024-11-12,
87701,9341,NOMINAL,2º TURNO DO PROJETO DE LEI  Nº 899/2024,18079,SIM,2024-11-12,
87702,9341,NOMINAL,2º TURNO DO PROJETO DE LEI  Nº 899/2024,18079,SIM,2024-11-12,
87703,9341,NOMINAL,2º TURNO DO PROJETO DE LEI  Nº 899/2024,18079,SIM,2024-11-12,
87704,9341,NOMINAL,2º TURNO DO PROJETO DE LEI  Nº 899/2024,18079,SIM,2024-11-12,
87705,9341,NOMINAL,2º TURNO DO PROJETO DE LEI  Nº 899/2024,18079,SIM,2024-11-12,
87706,9363,NOMINAL,EMENDA DESTACADA Nº 10 AO PL Nº 1239/2024,21178,SIM,2024-10-08,
87707,9363,NOMINAL,EMENDA DESTACADA Nº 10 AO PL Nº 1239/2024,21178,NAO,2024-10-08,
87708,9363,NOMINAL,EMENDA DESTACADA Nº 10 AO PL Nº 1239/2024,21178,SIM,2024-10-08,
87709,9363,NOMINAL,EMENDA DESTACADA Nº 10 AO PL Nº 1239/2024,21178,NAO,2024-10-08,
87710,9363,NOMINAL,EMENDA DESTACADA Nº 10 AO PL Nº 1239/2024,21178,NAO,2024-10-08,
87711,9363,NOMINAL,EMENDA DESTACADA Nº 10 AO PL Nº 1239/2024,21178,SIM,2024-10-08,
87712,9363,NOMINAL,EMENDA DESTACADA Nº 10 AO PL Nº 1239/2024,21178,SIM,2024-10-08,
87713,9363,NOMINAL,EMENDA DESTACADA Nº 10 AO PL Nº 1239/2024,21178,NAO,2024-10-08,
87714,9363,NOMINAL,EMENDA DESTACADA Nº 10 AO PL Nº 1239/2024,21178,NAO,2024-10-08,
87715,9363,NOMINAL,EMENDA DESTACADA Nº 10 AO PL Nº 1239/2024,21178,NAO,2024-10-08,
87716,9363,NOMINAL,EMENDA DESTACADA Nº 10 AO PL Nº 1239/2024,21178,NAO,2024-10-08,
87717,9363,NOMINAL,EMENDA DESTACADA Nº 10 AO PL Nº 1239/2024,21178,NAO,2024-10-08,
87718,9363,NOMINAL,EMENDA DESTACADA Nº 10 AO PL Nº 1239/2024,21178,NAO,2024-10-08,
87719,9363,NOMINAL,EMENDA DESTACADA Nº 10 AO PL Nº 1239/2024,21178,SIM,2024-10-08,
87720,9363,NOMINAL,EMENDA DESTACADA Nº 10 AO PL Nº 1239/2024,21178,NAO,2024-10-08,
87721,9363,NOMINAL,EMENDA DESTACADA Nº 10 AO PL Nº 1239/2024,21178,NAO,2024-10-08,
87722,9363,NOMINAL,EMENDA DESTACADA Nº 10 AO PL Nº 1239/2024,21178,NAO,2024-10-08,
87723,9363,NOMINAL,EMENDA DESTACADA Nº 10 AO PL Nº 1239/2024,21178,SIM,2024-10-08,
87724,9363,NOMINAL,EMENDA DESTACADA Nº 10 AO PL Nº 1239/2024,21178,NAO,2024-10-08,
87725,9363,NOMINAL,EMENDA DESTACADA Nº 10 AO PL Nº 1239/2024,21178,NAO,2024-10-08,
87726,9363,NOMINAL,EMENDA DESTACADA Nº 10 AO PL Nº 1239/2024,21178,NAO,2024-10-08,
87727,9363,NOMINAL,EMENDA DESTACADA Nº 10 AO PL Nº 1239/2024,21178,NAO,2024-10-08,
87728,9363,NOMINAL,EMENDA DESTACADA Nº 10 AO PL Nº 1239/2024,21178,NAO,2024-10-08,
87729,9371,NOMINAL,TURNO ÚNICO BLOCO PDLS 09.10.2024,,SIM,2024-10-09,675
87730,9371,NOMINAL,TURNO ÚNICO BLOCO PDLS 09.10.2024,,SIM,2024-10-09,675
87731,9371,NOMINAL,TURNO ÚNICO BLOCO PDLS 09.10.2024,,SIM,2024-10-09,675
87732,9371,NOMINAL,TURNO ÚNICO BLOCO PDLS 09.10.2024,,SIM,2024-10-09,675
87733,9371,NOMINAL,TURNO ÚNICO BLOCO PDLS 09.10.2024,,SIM,2024-10-09,675
87734,9371,NOMINAL,TURNO ÚNICO BLOCO PDLS 09.10.2024,,SIM,2024-10-09,675
87735,9371,NOMINAL,TURNO ÚNICO BLOCO PDLS 09.10.2024,,SIM,2024-10-09,675
87736,9371,NOMINAL,TURNO ÚNICO BLOCO PDLS 09.10.2024,,SIM,2024-10-09,675
87737,9371,NOMINAL,TURNO ÚNICO BLOCO PDLS 09.10.2024,,SIM,2024-10-09,675
87738,9371,NOMINAL,TURNO ÚNICO BLOCO PDLS 09.10.2024,,SIM,2024-10-09,675
87739,9371,NOMINAL,TURNO ÚNICO BLOCO PDLS 09.10.2024,,SIM,2024-10-09,675
87740,9371,NOMINAL,TURNO ÚNICO BLOCO PDLS 09.10.2024,,SIM,2024-10-09,675
87741,9371,NOMINAL,TURNO ÚNICO BLOCO PDLS 09.10.2024,,SIM,2024-10-09,675
87742,9371,NOMINAL,TURNO ÚNICO BLOCO PDLS 09.10.2024,,SIM,2024-10-09,675
87743,9371,NOMINAL,TURNO ÚNICO BLOCO PDLS 09.10.2024,,SIM,2024-10-09,675
87744,9374,NOMINAL,TURNO ÚNICO PDL Nº 155/2024,20410,SIM,2024-12-10,
87745,9374,NOMINAL,TURNO ÚNICO PDL Nº 155/2024,20410,SIM,2024-12-10,
87746,9374,NOMINAL,TURNO ÚNICO PDL Nº 155/2024,20410,SIM,2024-12-10,
87747,9374,NOMINAL,TURNO ÚNICO PDL Nº 155/2024,20410,SIM,2024-12-10,
87748,9374,NOMINAL,TURNO ÚNICO PDL Nº 155/2024,20410,SIM,2024-12-10,
87749,9374,NOMINAL,TURNO ÚNICO PDL Nº 155/2024,20410,SIM,2024-12-10,
87750,9374,NOMINAL,TURNO ÚNICO PDL Nº 155/2024,20410,SIM,2024-12-10,
87751,9374,NOMINAL,TURNO ÚNICO PDL Nº 155/2024,20410,SIM,2024-12-10,
87752,9374,NOMINAL,TURNO ÚNICO PDL Nº 155/2024,20410,NAO,2024-12-10,
87753,9374,NOMINAL,TURNO ÚNICO PDL Nº 155/2024,20410,SIM,2024-12-10,
87754,9374,NOMINAL,TURNO ÚNICO PDL Nº 155/2024,20410,NAO,2024-12-10,
87755,9374,NOMINAL,TURNO ÚNICO PDL Nº 155/2024,20410,SIM,2024-12-10,
87756,9374,NOMINAL,TURNO ÚNICO PDL Nº 155/2024,20410,SIM,2024-12-10,
87757,9374,NOMINAL,TURNO ÚNICO PDL Nº 155/2024,20410,SIM,2024-12-10,
87758,9374,NOMINAL,TURNO ÚNICO PDL Nº 155/2024,20410,SIM,2024-12-10,
87759,9374,NOMINAL,TURNO ÚNICO PDL Nº 155/2024,20410,ABSTENCAO,2024-12-10,
87760,9374,NOMINAL,TURNO ÚNICO PDL Nº 155/2024,20410,SIM,2024-12-10,
87761,9374,NOMINAL,TURNO ÚNICO PDL Nº 155/2024,20410,SIM,2024-12-10,
87762,9374,NOMINAL,TURNO ÚNICO PDL Nº 155/2024,20410,SIM,2024-12-10,
87763,9374,NOMINAL,TURNO ÚNICO PDL Nº 155/2024,20410,NAO,2024-12-10,
87764,9374,NOMINAL,TURNO ÚNICO PDL Nº 155/2024,20410,SIM,2024-12-10,
87765,9375,NOMINAL,TURNO ÚNICO PDL Nº 75/2024,17876,SIM,2024-10-09,675
87766,9375,NOMINAL,TURNO ÚNICO PDL Nº 75/2024,17876,SIM,2024-10-09,675
87767,9375,NOMINAL,TURNO ÚNICO PDL Nº 75/2024,17876,SIM,2024-10-09,675
87768,9375,NOMINAL,TURNO ÚNICO PDL Nº 75/2024,17876,SIM,2024-10-09,675
87769,9375,NOMINAL,TURNO ÚNICO PDL Nº 75/2024,17876,SIM,2024-10-09,675
87770,9375,NOMINAL,TURNO ÚNICO PDL Nº 75/2024,17876,SIM,2024-10-09,675
87771,9375,NOMINAL,TURNO ÚNICO PDL Nº 75/2024,17876,SIM,2024-10-09,675
87772,9375,NOMINAL,TURNO ÚNICO PDL Nº 75/2024,17876,SIM,2024-10-09,675
87773,9375,NOMINAL,TURNO ÚNICO PDL Nº 75/2024,17876,SIM,2024-10-09,675
87774,9375,NOMINAL,TURNO ÚNICO PDL Nº 75/2024,17876,SIM,2024-10-09,675
87775,9375,NOMINAL,TURNO ÚNICO PDL Nº 75/2024,17876,SIM,2024-10-09,675
87776,9375,NOMINAL,TURNO ÚNICO PDL Nº 75/2024,17876,SIM,2024-10-09,675
87777,9375,NOMINAL,TURNO ÚNICO PDL Nº 75/2024,17876,SIM,2024-10-09,675
87778,9457,NOMINAL,1º TURNO DO PROJETO DE LEI Nº 1405/2024,22635,SIM,2024-10-29,
87779,9457,NOMINAL,1º TURNO DO PROJETO DE LEI Nº 1405/2024,22635,SIM,2024-10-29,
87780,9457,NOMINAL,1º TURNO DO PROJETO DE LEI Nº 1405/2024,22635,SIM,2024-10-29,
87781,9457,NOMINAL,1º TURNO DO PROJETO DE LEI Nº 1405/2024,22635,SIM,2024-10-29,
87782,9457,NOMINAL,1º TURNO DO PROJETO DE LEI Nº 1405/2024,22635,SIM,2024-10-29,
87783,9457,NOMINAL,1º TURNO DO PROJETO DE LEI Nº 1405/2024,22635,SIM,2024-10-29,
87784,9457,NOMINAL,1º TURNO DO PROJETO DE LEI Nº 1405/2024,22635,SIM,2024-10-29,
87785,9457,NOMINAL,1º TURNO DO PROJETO DE LEI Nº 1405/2024,22635,SIM,2024-10-29,
87786,9457,NOMINAL,1º TURNO DO PROJETO DE LEI Nº 1405/2024,22635,SIM,2024-10-29,
87787,9457,NOMINAL,1º TURNO DO PROJETO DE LEI Nº 1405/2024,22635,SIM,2024-10-29,
87788,9457,NOMINAL,1º TURNO DO PROJETO DE LEI Nº 1405/2024,22635,SIM,2024-10-29,
87789,9457,NOMINAL,1º TURNO DO PROJETO DE LEI Nº 1405/2024,22635,SIM,2024-10-29,
87790,9457,NOMINAL,1º TURNO DO PROJETO DE LEI Nº 1405/2024,22635,SIM,2024-10-29,
87791,9457,NOMINAL,1º TURNO DO PROJETO DE LEI Nº 1405/2024,22635,SIM,2024-10-29,
87792,9457,NOMINAL,1º TURNO DO PROJETO DE LEI Nº 1405/2024,22635,SIM,2024-10-29,
87793,9481,NOMINAL,DESTAQUE EMENDA 2 AO PL Nº 1267/2024,21524,SIM,2024-11-05,
87794,9481,NOMINAL,DESTAQUE EMENDA 2 AO PL Nº 1267/2024,21524,NAO,2024-11-05,
87795,9481,NOMINAL,DESTAQUE EMENDA 2 AO PL Nº 1267/2024,21524,SIM,2024-11-05,
87796,9481,NOMINAL,DESTAQUE EMENDA 2 AO PL Nº 1267/2024,21524,SIM,2024-11-05,
87797,9481,NOMINAL,DESTAQUE EMENDA 2 AO PL Nº 1267/2024,21524,SIM,2024-11-05,
87798,9481,NOMINAL,DESTAQUE EMENDA 2 AO PL Nº 1267/2024,21524,SIM,2024-11-05,
87799,9481,NOMINAL,DESTAQUE EMENDA 2 AO PL Nº 1267/2024,21524,ABSTENCAO,2024-11-05,
87800,9481,NOMINAL,DESTAQUE EMENDA 2 AO PL Nº 1267/2024,21524,NAO,2024-11-05,
87801,9481,NOMINAL,DESTAQUE EMENDA 2 AO PL Nº 1267/2024,21524,NAO,2024-11-05,
87802,9481,NOMINAL,DESTAQUE EMENDA 2 AO PL Nº 1267/2024,21524,NAO,2024-11-05,
87803,9481,NOMINAL,DESTAQUE EMENDA 2 AO PL Nº 1267/2024,21524,SIM,2024-11-05,
87804,9481,NOMINAL,DESTAQUE EMENDA 2 AO PL Nº 1267/2024,21524,SIM,2024-11-05,
87805,9481,NOMINAL,DESTAQUE EMENDA 2 AO PL Nº 1267/2024,21524,NAO,2024-11-05,
87806,9481,NOMINAL,DESTAQUE EMENDA 2 AO PL Nº 1267/2024,21524,SIM,2024-11-05,
87807,9481,NOMINAL,DESTAQUE EMENDA 2 AO PL Nº 1267/2024,21524,SIM,2024-11-05,
87808,9481,NOMINAL,DESTAQUE EMENDA 2 AO PL Nº 1267/2024,21524,ABSTENCAO,2024-11-05,
87809,9481,NOMINAL,DESTAQUE EMENDA 2 AO PL Nº 1267/2024,21524,SIM,2024-11-05,
87810,9481,NOMINAL,DESTAQUE EMENDA 2 AO PL Nº 1267/2024,21524,NAO,2024-11-05,
87811,9481,NOMINAL,DESTAQUE EMENDA 2 AO PL Nº 1267/2024,21524,SIM,2024-11-05,
87812,9481,NOMINAL,DESTAQUE EMENDA 2 AO PL Nº 1267/2024,21524,SIM,2024-11-05,
87813,9481,NOMINAL,DESTAQUE EMENDA 2 AO PL Nº 1267/2024,21524,NAO,2024-11-05,
87814,9481,NOMINAL,DESTAQUE EMENDA 2 AO PL Nº 1267/2024,21524,NAO,2024-11-05,
87815,9481,NOMINAL,DESTAQUE EMENDA 2 AO PL Nº 1267/2024,21524,SIM,2024-11-05,
87816,9481,NOMINAL,DESTAQUE EMENDA 2 AO PL Nº 1267/2024,21524,ABSTENCAO,2024-11-05,
87817,9481,NOMINAL,DESTAQUE EMENDA 2 AO PL Nº 1267/2024,21524,NAO,2024-11-05,
87818,9481,NOMINAL,DESTAQUE EMENDA 2 AO PL Nº 1267/2024,21524,SIM,2024-11-05,
87819,9482,NOMINAL,BLOCO DESTAQUE EMENDAS AO PL Nº 1267/2024,21524,NAO,2024-11-05,
87820,9482,NOMINAL,BLOCO DESTAQUE EMENDAS AO PL Nº 1267/2024,21524,NAO,2024-11-05,
87821,9482,NOMINAL,BLOCO DESTAQUE EMENDAS AO PL Nº 1267/2024,21524,NAO,2024-11-05,
87822,9482,NOMINAL,BLOCO DESTAQUE EMENDAS AO PL Nº 1267/2024,21524,NAO,2024-11-05,
87823,9482,NOMINAL,BLOCO DESTAQUE EMENDAS AO PL Nº 1267/2024,21524,NAO,2024-11-05,
87824,9482,NOMINAL,BLOCO DESTAQUE EMENDAS AO PL Nº 1267/2024,21524,NAO,2024-11-05,
87825,9482,NOMINAL,BLOCO DESTAQUE EMENDAS AO PL Nº 1267/2024,21524,NAO,2024-11-05,
87826,9482,NOMINAL,BLOCO DESTAQUE EMENDAS AO PL Nº 1267/2024,21524,NAO,2024-11-05,
87827,9482,NOMINAL,BLOCO DESTAQUE EMENDAS AO PL Nº 1267/2024,21524,NAO,2024-11-05,
87828,9482,NOMINAL,BLOCO DESTAQUE EMENDAS AO PL Nº 1267/2024,21524,NAO,2024-11-05,
87829,9482,NOMINAL,BLOCO DESTAQUE EMENDAS AO PL Nº 1267/2024,21524,NAO,2024-11-05,
87830,9482,NOMINAL,BLOCO DESTAQUE EMENDAS AO PL Nº 1267/2024,21524,NAO,2024-11-05,
87831,9482,NOMINAL,BLOCO DESTAQUE EMENDAS AO PL Nº 1267/2024,21524,NAO,2024-11-05,
87832,9482,NOMINAL,BLOCO DESTAQUE EMENDAS AO PL Nº 1267/2024,21524,NAO,2024-11-05,
87833,9482,NOMINAL,BLOCO DESTAQUE EMENDAS AO PL Nº 1267/2024,21524,NAO,2024-11-05,
87834,9482,NOMINAL,BLOCO DESTAQUE EMENDAS AO PL Nº 1267/2024,21524,NAO,2024-11-05,
87835,9482,NOMINAL,BLOCO DESTAQUE EMENDAS AO PL Nº 1267/2024,21524,NAO,2024-11-05,
87836,9482,NOMINAL,BLOCO DESTAQUE EMENDAS AO PL Nº 1267/2024,21524,NAO,2024-11-05,
87837,9482,NOMINAL,BLOCO DESTAQUE EMENDAS AO PL Nº 1267/2024,21524,NAO,2024-11-05,
87838,9482,NOMINAL,BLOCO DESTAQUE EMENDAS AO PL Nº 1267/2024,21524,NAO,2024-11-05,
87839,9482,NOMINAL,BLOCO DESTAQUE EMENDAS AO PL Nº 1267/2024,21524,NAO,2024-11-05,
87840,9489,NOMINAL,DESTAQUE EMENDA 18 AO PL Nº 1267/2024,21524,SIM,2024-11-05,
87841,9489,NOMINAL,DESTAQUE EMENDA 18 AO PL Nº 1267/2024,21524,SIM,2024-11-05,
87842,9489,NOMINAL,DESTAQUE EMENDA 18 AO PL Nº 1267/2024,21524,SIM,2024-11-05,
87843,9489,NOMINAL,DESTAQUE EMENDA 18 AO PL Nº 1267/2024,21524,SIM,2024-11-05,
87844,9489,NOMINAL,DESTAQUE EMENDA 18 AO PL Nº 1267/2024,21524,SIM,2024-11-05,
87845,9489,NOMINAL,DESTAQUE EMENDA 18 AO PL Nº 1267/2024,21524,SIM,2024-11-05,
87846,9489,NOMINAL,DESTAQUE EMENDA 18 AO PL Nº 1267/2024,21524,SIM,2024-11-05,
87847,9489,NOMINAL,DESTAQUE EMENDA 18 AO PL Nº 1267/2024,21524,SIM,2024-11-05,
87848,9489,NOMINAL,DESTAQUE EMENDA 18 AO PL Nº 1267/2024,21524,SIM,2024-11-05,
87849,9489,NOMINAL,DESTAQUE EMENDA 18 AO PL Nº 1267/2024,21524,SIM,2024-11-05,
87850,9489,NOMINAL,DESTAQUE EMENDA 18 AO PL Nº 1267/2024,21524,SIM,2024-11-05,
87851,9489,NOMINAL,DESTAQUE EMENDA 18 AO PL Nº 1267/2024,21524,SIM,2024-11-05,
87852,9489,NOMINAL,DESTAQUE EMENDA 18 AO PL Nº 1267/2024,21524,SIM,2024-11-05,
87853,9489,NOMINAL,DESTAQUE EMENDA 18 AO PL Nº 1267/2024,21524,ABSTENCAO,2024-11-05,
87854,9489,NOMINAL,DESTAQUE EMENDA 18 AO PL Nº 1267/2024,21524,SIM,2024-11-05,
87855,9489,NOMINAL,DESTAQUE EMENDA 18 AO PL Nº 1267/2024,21524,SIM,2024-11-05,
87856,9489,NOMINAL,DESTAQUE EMENDA 18 AO PL Nº 1267/2024,21524,SIM,2024-11-05,
87857,9489,NOMINAL,DESTAQUE EMENDA 18 AO PL Nº 1267/2024,21524,SIM,2024-11-05,
87858,9489,NOMINAL,DESTAQUE EMENDA 18 AO PL Nº 1267/2024,21524,SIM,2024-11-05,
87859,9489,NOMINAL,DESTAQUE EMENDA 18 AO PL Nº 1267/2024,21524,ABSTENCAO,2024-11-05,
87860,9489,NOMINAL,DESTAQUE EMENDA 18 AO PL Nº 1267/2024,21524,SIM,2024-11-05,
87861,9507,NOMINAL,2º TURNO DO PROJETO DE RESOLUÇÃO Nº 48/2024,21887,SIM,2024-11-26,
87862,9507,NOMINAL,2º TURNO DO PROJETO DE RESOLUÇÃO Nº 48/2024,21887,SIM,2024-11-26,
87863,9507,NOMINAL,2º TURNO DO PROJETO DE RESOLUÇÃO Nº 48/2024,21887,SIM,2024-11-26,
87864,9507,NOMINAL,2º TURNO DO PROJETO DE RESOLUÇÃO Nº 48/2024,21887,SIM,2024-11-26,
87865,9507,NOMINAL,2º TURNO DO PROJETO DE RESOLUÇÃO Nº 48/2024,21887,SIM,2024-11-26,
87866,9507,NOMINAL,2º TURNO DO PROJETO DE RESOLUÇÃO Nº 48/2024,21887,SIM,2024-11-26,
87867,9507,NOMINAL,2º TURNO DO PROJETO DE RESOLUÇÃO Nº 48/2024,21887,SIM,2024-11-26,
87868,9507,NOMINAL,2º TURNO DO PROJETO DE RESOLUÇÃO Nº 48/2024,21887,SIM,2024-11-26,
87869,9507,NOMINAL,2º TURNO DO PROJETO DE RESOLUÇÃO Nº 48/2024,21887,SIM,2024-11-26,
87870,9507,NOMINAL,2º TURNO DO PROJETO DE RESOLUÇÃO Nº 48/2024,21887,SIM,2024-11-26,
87871,9507,NOMINAL,2º TURNO DO PROJETO DE RESOLUÇÃO Nº 48/2024,21887,SIM,2024-11-26,
87872,9507,NOMINAL,2º TURNO DO PROJETO DE RESOLUÇÃO Nº 48/2024,21887,SIM,2024-11-26,
87873,9507,NOMINAL,2º TURNO DO PROJETO DE RESOLUÇÃO Nº 48/2024,21887,SIM,2024-11-26,
87874,9507,NOMINAL,2º TURNO DO PROJETO DE RESOLUÇÃO Nº 48/2024,21887,SIM,2024-11-26,
87875,9507,NOMINAL,2º TURNO DO PROJETO DE RESOLUÇÃO Nº 48/2024,21887,SIM,2024-11-26,
87876,9507,NOMINAL,2º TURNO DO PROJETO DE RESOLUÇÃO Nº 48/2024,21887,SIM,2024-11-26,
87877,9507,NOMINAL,2º TURNO DO PROJETO DE RESOLUÇÃO Nº 48/2024,21887,SIM,2024-11-26,
87878,9507,NOMINAL,2º TURNO DO PROJETO DE RESOLUÇÃO Nº 48/2024,21887,SIM,2024-11-26,
87879,9564,NOMINAL,TURNO ÚNICO PDL Nº 213/2024,22370,SIM,2024-12-04,
87880,9564,NOMINAL,TURNO ÚNICO PDL Nº 213/2024,22370,SIM,2024-12-04,
87881,9564,NOMINAL,TURNO ÚNICO PDL Nº 213/2024,22370,SIM,2024-12-04,
87882,9564,NOMINAL,TURNO ÚNICO PDL Nº 213/2024,22370,SIM,2024-12-04,
87883,9564,NOMINAL,TURNO ÚNICO PDL Nº 213/2024,22370,SIM,2024-12-04,
87884,9564,NOMINAL,TURNO ÚNICO PDL Nº 213/2024,22370,SIM,2024-12-04,
87885,9564,NOMINAL,TURNO ÚNICO PDL Nº 213/2024,22370,SIM,2024-12-04,
87886,9564,NOMINAL,TURNO ÚNICO PDL Nº 213/2024,22370,SIM,2024-12-04,
87887,9564,NOMINAL,TURNO ÚNICO PDL Nº 213/2024,22370,SIM,2024-12-04,
87888,9564,NOMINAL,TURNO ÚNICO PDL Nº 213/2024,22370,SIM,2024-12-04,
87889,9564,NOMINAL,TURNO ÚNICO PDL Nº 213/2024,22370,SIM,2024-12-04,
87890,9564,NOMINAL,TURNO ÚNICO PDL Nº 213/2024,22370,SIM,2024-12-04,
87891,9564,NOMINAL,TURNO ÚNICO PDL Nº 213/2024,22370,SIM,2024-12-04,
87892,9564,NOMINAL,TURNO ÚNICO PDL Nº 213/2024,22370,SIM,2024-12-04,
87893,9564,NOMINAL,TURNO ÚNICO PDL Nº 213/2024,22370,SIM,2024-12-04,
87894,9564,NOMINAL,TURNO ÚNICO PDL Nº 213/2024,22370,SIM,2024-12-04,
87895,9593,NOMINAL,2º TURNO PROJETO DE LEI COMPLEMENTAR Nº 60/2024,149908,SIM,2024-11-26,
87896,9593,NOMINAL,2º TURNO PROJETO DE LEI COMPLEMENTAR Nº 60/2024,149908,SIM,2024-11-26,
87897,9593,NOMINAL,2º TURNO PROJETO DE LEI COMPLEMENTAR Nº 60/2024,149908,SIM,2024-11-26,
87898,9593,NOMINAL,2º TURNO PROJETO DE LEI COMPLEMENTAR Nº 60/2024,149908,SIM,2024-11-26,
87899,9593,NOMINAL,2º TURNO PROJETO DE LEI COMPLEMENTAR Nº 60/2024,149908,SIM,2024-11-26,
87900,9593,NOMINAL,2º TURNO PROJETO DE LEI COMPLEMENTAR Nº 60/2024,149908,SIM,2024-11-26,
87901,9593,NOMINAL,2º TURNO PROJETO DE LEI COMPLEMENTAR Nº 60/2024,149908,SIM,2024-11-26,
87902,9593,NOMINAL,2º TURNO PROJETO DE LEI COMPLEMENTAR Nº 60/2024,149908,SIM,2024-11-26,
87903,9593,NOMINAL,2º TURNO PROJETO DE LEI COMPLEMENTAR Nº 60/2024,149908,SIM,2024-11-26,
87904,9593,NOMINAL,2º TURNO PROJETO DE LEI COMPLEMENTAR Nº 60/2024,149908,SIM,2024-11-26,
87905,9593,NOMINAL,2º TURNO PROJETO DE LEI COMPLEMENTAR Nº 60/2024,149908,SIM,2024-11-26,
87906,9593,NOMINAL,2º TURNO PROJETO DE LEI COMPLEMENTAR Nº 60/2024,149908,SIM,2024-11-26,
87907,9593,NOMINAL,2º TURNO PROJETO DE LEI COMPLEMENTAR Nº 60/2024,149908,SIM,2024-11-26,
87908,9593,NOMINAL,2º TURNO PROJETO DE LEI COMPLEMENTAR Nº 60/2024,149908,SIM,2024-11-26,
87909,9593,NOMINAL,2º TURNO PROJETO DE LEI COMPLEMENTAR Nº 60/2024,149908,SIM,2024-11-26,
87910,9593,NOMINAL,2º TURNO PROJETO DE LEI COMPLEMENTAR Nº 60/2024,149908,SIM,2024-11-26,
87911,9593,NOMINAL,2º TURNO PROJETO DE LEI COMPLEMENTAR Nº 60/2024,149908,SIM,2024-11-26,
87912,9593,NOMINAL,2º TURNO PROJETO DE LEI COMPLEMENTAR Nº 60/2024,149908,SIM,2024-11-26,
87913,9605,NOMINAL,1º TURNO DO PROJETO DE LEI Nº 1442/2024,150083,SIM,2024-11-26,
87914,9605,NOMINAL,1º TURNO DO PROJETO DE LEI Nº 1442/2024,150083,SIM,2024-11-26,
87915,9605,NOMINAL,1º TURNO DO PROJETO DE LEI Nº 1442/2024,150083,SIM,2024-11-26,
87916,9605,NOMINAL,1º TURNO DO PROJETO DE LEI Nº 1442/2024,150083,SIM,2024-11-26,
87917,9605,NOMINAL,1º TURNO DO PROJETO DE LEI Nº 1442/2024,150083,SIM,2024-11-26,
87918,9605,NOMINAL,1º TURNO DO PROJETO DE LEI Nº 1442/2024,150083,SIM,2024-11-26,
87919,9605,NOMINAL,1º TURNO DO PROJETO DE LEI Nº 1442/2024,150083,SIM,2024-11-26,
87920,9605,NOMINAL,1º TURNO DO PROJETO DE LEI Nº 1442/2024,150083,SIM,2024-11-26,
87921,9605,NOMINAL,1º TURNO DO PROJETO DE LEI Nº 1442/2024,150083,SIM,2024-11-26,
87922,9605,NOMINAL,1º TURNO DO PROJETO DE LEI Nº 1442/2024,150083,SIM,2024-11-26,
87923,9605,NOMINAL,1º TURNO DO PROJETO DE LEI Nº 1442/2024,150083,SIM,2024-11-26,
87924,9605,NOMINAL,1º TURNO DO PROJETO DE LEI Nº 1442/2024,150083,SIM,2024-11-26,
87925,9605,NOMINAL,1º TURNO DO PROJETO DE LEI Nº 1442/2024,150083,SIM,2024-11-26,
87926,9605,NOMINAL,1º TURNO DO PROJETO DE LEI Nº 1442/2024,150083,SIM,2024-11-26,
87927,9605,NOMINAL,1º TURNO DO PROJETO DE LEI Nº 1442/2024,150083,SIM,2024-11-26,
87928,9605,NOMINAL,1º TURNO DO PROJETO DE LEI Nº 1442/2024,150083,SIM,2024-11-26,
87929,9605,NOMINAL,1º TURNO DO PROJETO DE LEI Nº 1442/2024,150083,SIM,2024-11-26,
87930,9605,NOMINAL,1º TURNO DO PROJETO DE LEI Nº 1442/2024,150083,SIM,2024-11-26,
87931,9606,NOMINAL,2º TURNO DO PROJETO DE LEI Nº 1442/2024,150083,SIM,2024-11-26,
87932,9606,NOMINAL,2º TURNO DO PROJETO DE LEI Nº 1442/2024,150083,SIM,2024-11-26,
87933,9606,NOMINAL,2º TURNO DO PROJETO DE LEI Nº 1442/2024,150083,SIM,2024-11-26,
87934,9606,NOMINAL,2º TURNO DO PROJETO DE LEI Nº 1442/2024,150083,SIM,2024-11-26,
87935,9606,NOMINAL,2º TURNO DO PROJETO DE LEI Nº 1442/2024,150083,SIM,2024-11-26,
87936,9606,NOMINAL,2º TURNO DO PROJETO DE LEI Nº 1442/2024,150083,SIM,2024-11-26,
87937,9606,NOMINAL,2º TURNO DO PROJETO DE LEI Nº 1442/2024,150083,SIM,2024-11-26,
87938,9606,NOMINAL,2º TURNO DO PROJETO DE LEI Nº 1442/2024,150083,SIM,2024-11-26,
87939,9606,NOMINAL,2º TURNO DO PROJETO DE LEI Nº 1442/2024,150083,SIM,2024-11-26,
87940,9606,NOMINAL,2º TURNO DO PROJETO DE LEI Nº 1442/2024,150083,SIM,2024-11-26,
87941,9606,NOMINAL,2º TURNO DO PROJETO DE LEI Nº 1442/2024,150083,SIM,2024-11-26,
87942,9606,NOMINAL,2º TURNO DO PROJETO DE LEI Nº 1442/2024,150083,SIM,2024-11-26,
87943,9606,NOMINAL,2º TURNO DO PROJETO DE LEI Nº 1442/2024,150083,SIM,2024-11-26,
87944,9606,NOMINAL,2º TURNO DO PROJETO DE LEI Nº 1442/2024,150083,SIM,2024-11-26,
87945,9606,NOMINAL,2º TURNO DO PROJETO DE LEI Nº 1442/2024,150083,SIM,2024-11-26,
87946,9606,NOMINAL,2º TURNO DO PROJETO DE LEI Nº 1442/2024,150083,SIM,2024-11-26,
87947,9606,NOMINAL,2º TURNO DO PROJETO DE LEI Nº 1442/2024,150083,SIM,2024-11-26,
87948,9606,NOMINAL,2º TURNO DO PROJETO DE LEI Nº 1442/2024,150083,SIM,2024-11-26,
87949,9606,NOMINAL,2º TURNO DO PROJETO DE LEI Nº 1442/2024,150083,SIM,2024-11-26,
87950,9618,NOMINAL,1º TURNO DO PL Nº 501/2023 CJ PL Nº 1445/2024,14536,NAO,2024-12-03,
87951,9618,NOMINAL,1º TURNO DO PL Nº 501/2023 CJ PL Nº 1445/2024,14536,SIM,2024-12-03,
87952,9618,NOMINAL,1º TURNO DO PL Nº 501/2023 CJ PL Nº 1445/2024,14536,ABSTENCAO,2024-12-03,
87953,9618,NOMINAL,1º TURNO DO PL Nº 501/2023 CJ PL Nº 1445/2024,14536,SIM,2024-12-03,
87954,9618,NOMINAL,1º TURNO DO PL Nº 501/2023 CJ PL Nº 1445/2024,14536,SIM,2024-12-03,
87955,9618,NOMINAL,1º TURNO DO PL Nº 501/2023 CJ PL Nº 1445/2024,14536,NAO,2024-12-03,
87956,9618,NOMINAL,1º TURNO DO PL Nº 501/2023 CJ PL Nº 1445/2024,14536,NAO,2024-12-03,
87957,9618,NOMINAL,1º TURNO DO PL Nº 501/2023 CJ PL Nº 1445/2024,14536,SIM,2024-12-03,
87958,9618,NOMINAL,1º TURNO DO PL Nº 501/2023 CJ PL Nº 1445/2024,14536,SIM,2024-12-03,
87959,9618,NOMINAL,1º TURNO DO PL Nº 501/2023 CJ PL Nº 1445/2024,14536,SIM,2024-12-03,
87960,9618,NOMINAL,1º TURNO DO PL Nº 501/2023 CJ PL Nº 1445/2024,14536,SIM,2024-12-03,
87961,9618,NOMINAL,1º TURNO DO PL Nº 501/2023 CJ PL Nº 1445/2024,14536,SIM,2024-12-03,
87962,9618,NOMINAL,1º TURNO DO PL Nº 501/2023 CJ PL Nº 1445/2024,14536,SIM,2024-12-03,
87963,9618,NOMINAL,1º TURNO DO PL Nº 501/2023 CJ PL Nº 1445/2024,14536,SIM,2024-12-03,
87964,9618,NOMINAL,1º TURNO DO PL Nº 501/2023 CJ PL Nº 1445/2024,14536,NAO,2024-12-03,
87965,9618,NOMINAL,1º TURNO DO PL Nº 501/2023 CJ PL Nº 1445/2024,14536,SIM,2024-12-03,
87966,9618,NOMINAL,1º TURNO DO PL Nº 501/2023 CJ PL Nº 1445/2024,14536,SIM,2024-12-03,
87967,9618,NOMINAL,1º TURNO DO PL Nº 501/2023 CJ PL Nº 1445/2024,14536,SIM,2024-12-03,
87968,9618,NOMINAL,1º TURNO DO PL Nº 501/2023 CJ PL Nº 1445/2024,14536,NAO,2024-12-03,
87969,9618,NOMINAL,1º TURNO DO PL Nº 501/2023 CJ PL Nº 1445/2024,14536,SIM,2024-12-03,
87970,9618,NOMINAL,1º TURNO DO PL Nº 501/2023 CJ PL Nº 1445/2024,14536,SIM,2024-12-03,
87971,9618,NOMINAL,1º TURNO DO PL Nº 501/2023 CJ PL Nº 1445/2024,14536,SIM,2024-12-03,
87972,9618,NOMINAL,1º TURNO DO PL Nº 501/2023 CJ PL Nº 1445/2024,14536,SIM,2024-12-03,
87973,9619,NOMINAL,2º TURNO DO PL Nº 501/2023 CJ PL Nº 1445/2024,14536,NAO,2024-12-03,
87974,9619,NOMINAL,2º TURNO DO PL Nº 501/2023 CJ PL Nº 1445/2024,14536,SIM,2024-12-03,
87975,9619,NOMINAL,2º TURNO DO PL Nº 501/2023 CJ PL Nº 1445/2024,14536,ABSTENCAO,2024-12-03,
87976,9619,NOMINAL,2º TURNO DO PL Nº 501/2023 CJ PL Nº 1445/2024,14536,SIM,2024-12-03,
87977,9619,NOMINAL,2º TURNO DO PL Nº 501/2023 CJ PL Nº 1445/2024,14536,SIM,2024-12-03,
87978,9619,NOMINAL,2º TURNO DO PL Nº 501/2023 CJ PL Nº 1445/2024,14536,NAO,2024-12-03,
87979,9619,NOMINAL,2º TURNO DO PL Nº 501/2023 CJ PL Nº 1445/2024,14536,NAO,2024-12-03,
87980,9619,NOMINAL,2º TURNO DO PL Nº 501/2023 CJ PL Nº 1445/2024,14536,SIM,2024-12-03,
87981,9619,NOMINAL,2º TURNO DO PL Nº 501/2023 CJ PL Nº 1445/2024,14536,SIM,2024-12-03,
87982,9619,NOMINAL,2º TURNO DO PL Nº 501/2023 CJ PL Nº 1445/2024,14536,SIM,2024-12-03,
87983,9619,NOMINAL,2º TURNO DO PL Nº 501/2023 CJ PL Nº 1445/2024,14536,SIM,2024-12-03,
87984,9619,NOMINAL,2º TURNO DO PL Nº 501/2023 CJ PL Nº 1445/2024,14536,SIM,2024-12-03,
87985,9619,NOMINAL,2º TURNO DO PL Nº 501/2023 CJ PL Nº 1445/2024,14536,SIM,2024-12-03,
87986,9619,NOMINAL,2º TURNO DO PL Nº 501/2023 CJ PL Nº 1445/2024,14536,SIM,2024-12-03,
87987,9619,NOMINAL,2º TURNO DO PL Nº 501/2023 CJ PL Nº 1445/2024,14536,NAO,2024-12-03,
87988,9619,NOMINAL,2º TURNO DO PL Nº 501/2023 CJ PL Nº 1445/2024,14536,SIM,2024-12-03,
87989,9619,NOMINAL,2º TURNO DO PL Nº 501/2023 CJ PL Nº 1445/2024,14536,SIM,2024-12-03,
87990,9619,NOMINAL,2º TURNO DO PL Nº 501/2023 CJ PL Nº 1445/2024,14536,SIM,2024-12-03,
87991,9619,NOMINAL,2º TURNO DO PL Nº 501/2023 CJ PL Nº 1445/2024,14536,NAO,2024-12-03,
87992,9619,NOMINAL,2º TURNO DO PL Nº 501/2023 CJ PL Nº 1445/2024,14536,SIM,2024-12-03,
87993,9619,NOMINAL,2º TURNO DO PL Nº 501/2023 CJ PL Nº 1445/2024,14536,SIM,2024-12-03,
87994,9619,NOMINAL,2º TURNO DO PL Nº 501/2023 CJ PL Nº 1445/2024,14536,SIM,2024-12-03,
87995,9619,NOMINAL,2º TURNO DO PL Nº 501/2023 CJ PL Nº 1445/2024,14536,SIM,2024-12-03,
87996,9632,NOMINAL,EMENDA DESTACADA Nº 1 AO PL Nº 1387/2024,22512,SIM,2024-11-26,
87997,9632,NOMINAL,EMENDA DESTACADA Nº 1 AO PL Nº 1387/2024,22512,SIM,2024-11-26,
87998,9632,NOMINAL,EMENDA DESTACADA Nº 1 AO PL Nº 1387/2024,22512,NAO,2024-11-26,
87999,9632,NOMINAL,EMENDA DESTACADA Nº 1 AO PL Nº 1387/2024,22512,NAO,2024-11-26,
88000,9632,NOMINAL,EMENDA DESTACADA Nº 1 AO PL Nº 1387/2024,22512,SIM,2024-11-26,
88001,9632,NOMINAL,EMENDA DESTACADA Nº 1 AO PL Nº 1387/2024,22512,SIM,2024-11-26,
88002,9632,NOMINAL,EMENDA DESTACADA Nº 1 AO PL Nº 1387/2024,22512,NAO,2024-11-26,
88003,9632,NOMINAL,EMENDA DESTACADA Nº 1 AO PL Nº 1387/2024,22512,NAO,2024-11-26,
88004,9632,NOMINAL,EMENDA DESTACADA Nº 1 AO PL Nº 1387/2024,22512,NAO,2024-11-26,
88005,9632,NOMINAL,EMENDA DESTACADA Nº 1 AO PL Nº 1387/2024,22512,NAO,2024-11-26,
88006,9632,NOMINAL,EMENDA DESTACADA Nº 1 AO PL Nº 1387/2024,22512,SIM,2024-11-26,
88007,9632,NOMINAL,EMENDA DESTACADA Nº 1 AO PL Nº 1387/2024,22512,SIM,2024-11-26,
88008,9632,NOMINAL,EMENDA DESTACADA Nº 1 AO PL Nº 1387/2024,22512,NAO,2024-11-26,
88009,9632,NOMINAL,EMENDA DESTACADA Nº 1 AO PL Nº 1387/2024,22512,NAO,2024-11-26,
88010,9632,NOMINAL,EMENDA DESTACADA Nº 1 AO PL Nº 1387/2024,22512,SIM,2024-11-26,
88011,9632,NOMINAL,EMENDA DESTACADA Nº 1 AO PL Nº 1387/2024,22512,NAO,2024-11-26,
88012,9632,NOMINAL,EMENDA DESTACADA Nº 1 AO PL Nº 1387/2024,22512,NAO,2024-11-26,
88013,9632,NOMINAL,EMENDA DESTACADA Nº 1 AO PL Nº 1387/2024,22512,NAO,2024-11-26,
88014,9632,NOMINAL,EMENDA DESTACADA Nº 1 AO PL Nº 1387/2024,22512,NAO,2024-11-26,
88015,9632,NOMINAL,EMENDA DESTACADA Nº 1 AO PL Nº 1387/2024,22512,NAO,2024-11-26,
88016,9649,NOMINAL,EMENDA DESTACADA 2º TURNO AO PL Nº 1442/2024,150083,NAO,2024-11-26,
88017,9649,NOMINAL,EMENDA DESTACADA 2º TURNO AO PL Nº 1442/2024,150083,ABSTENCAO,2024-11-26,
88018,9649,NOMINAL,EMENDA DESTACADA 2º TURNO AO PL Nº 1442/2024,150083,SIM,2024-11-26,
88019,9649,NOMINAL,EMENDA DESTACADA 2º TURNO AO PL Nº 1442/2024,150083,SIM,2024-11-26,
88020,9649,NOMINAL,EMENDA DESTACADA 2º TURNO AO PL Nº 1442/2024,150083,ABSTENCAO,2024-11-26,
88021,9649,NOMINAL,EMENDA DESTACADA 2º TURNO AO PL Nº 1442/2024,150083,NAO,2024-11-26,
88022,9649,NOMINAL,EMENDA DESTACADA 2º TURNO AO PL Nº 1442/2024,150083,SIM,2024-11-26,
88023,9649,NOMINAL,EMENDA DESTACADA 2º TURNO AO PL Nº 1442/2024,150083,SIM,2024-11-26,
88024,9649,NOMINAL,EMENDA DESTACADA 2º TURNO AO PL Nº 1442/2024,150083,SIM,2024-11-26,
88025,9649,NOMINAL,EMENDA DESTACADA 2º TURNO AO PL Nº 1442/2024,150083,SIM,2024-11-26,
88026,9649,NOMINAL,EMENDA DESTACADA 2º TURNO AO PL Nº 1442/2024,150083,ABSTENCAO,2024-11-26,
88027,9649,NOMINAL,EMENDA DESTACADA 2º TURNO AO PL Nº 1442/2024,150083,SIM,2024-11-26,
88028,9649,NOMINAL,EMENDA DESTACADA 2º TURNO AO PL Nº 1442/2024,150083,SIM,2024-11-26,
88029,9649,NOMINAL,EMENDA DESTACADA 2º TURNO AO PL Nº 1442/2024,150083,SIM,2024-11-26,
88030,9649,NOMINAL,EMENDA DESTACADA 2º TURNO AO PL Nº 1442/2024,150083,SIM,2024-11-26,
88031,9649,NOMINAL,EMENDA DESTACADA 2º TURNO AO PL Nº 1442/2024,150083,SIM,2024-11-26,
88032,9649,NOMINAL,EMENDA DESTACADA 2º TURNO AO PL Nº 1442/2024,150083,SIM,2024-11-26,
88033,9649,NOMINAL,EMENDA DESTACADA 2º TURNO AO PL Nº 1442/2024,150083,SIM,2024-11-26,
88034,9649,NOMINAL,EMENDA DESTACADA 2º TURNO AO PL Nº 1442/2024,150083,SIM,2024-11-26,
88035,9670,NOMINAL,1º TURNO DO PROJETO DE LEI  Nº 2474/2022,6035,SIM,2024-12-04,
88036,9670,NOMINAL,1º TURNO DO PROJETO DE LEI  Nº 2474/2022,6035,SIM,2024-12-04,
88037,9670,NOMINAL,1º TURNO DO PROJETO DE LEI  Nº 2474/2022,6035,SIM,2024-12-04,
88038,9670,NOMINAL,1º TURNO DO PROJETO DE LEI  Nº 2474/2022,6035,SIM,2024-12-04,
88039,9670,NOMINAL,1º TURNO DO PROJETO DE LEI  Nº 2474/2022,6035,SIM,2024-12-04,
88040,9670,NOMINAL,1º TURNO DO PROJETO DE LEI  Nº 2474/2022,6035,SIM,2024-12-04,
88041,9670,NOMINAL,1º TURNO DO PROJETO DE LEI  Nº 2474/2022,6035,SIM,2024-12-04,
88042,9670,NOMINAL,1º TURNO DO PROJETO DE LEI  Nº 2474/2022,6035,SIM,2024-12-04,
88043,9670,NOMINAL,1º TURNO DO PROJETO DE LEI  Nº 2474/2022,6035,SIM,2024-12-04,
88044,9670,NOMINAL,1º TURNO DO PROJETO DE LEI  Nº 2474/2022,6035,SIM,2024-12-04,
88045,9670,NOMINAL,1º TURNO DO PROJETO DE LEI  Nº 2474/2022,6035,SIM,2024-12-04,
88046,9670,NOMINAL,1º TURNO DO PROJETO DE LEI  Nº 2474/2022,6035,SIM,2024-12-04,
88047,9670,NOMINAL,1º TURNO DO PROJETO DE LEI  Nº 2474/2022,6035,SIM,2024-12-04,
88048,9670,NOMINAL,1º TURNO DO PROJETO DE LEI  Nº 2474/2022,6035,SIM,2024-12-04,
88049,9670,NOMINAL,1º TURNO DO PROJETO DE LEI  Nº 2474/2022,6035,SIM,2024-12-04,
88050,9670,NOMINAL,1º TURNO DO PROJETO DE LEI  Nº 2474/2022,6035,SIM,2024-12-04,
88051,9670,NOMINAL,1º TURNO DO PROJETO DE LEI  Nº 2474/2022,6035,SIM,2024-12-04,
88052,9670,NOMINAL,1º TURNO DO PROJETO DE LEI  Nº 2474/2022,6035,SIM,2024-12-04,
88053,9671,NOMINAL,2º TURNO DO PROJETO DE LEI  Nº 2474/2022,6035,SIM,2024-12-10,
88054,9671,NOMINAL,2º TURNO DO PROJETO DE LEI  Nº 2474/2022,6035,SIM,2024-12-10,
88055,9671,NOMINAL,2º TURNO DO PROJETO DE LEI  Nº 2474/2022,6035,SIM,2024-12-10,
88056,9671,NOMINAL,2º TURNO DO PROJETO DE LEI  Nº 2474/2022,6035,SIM,2024-12-10,
88057,9671,NOMINAL,2º TURNO DO PROJETO DE LEI  Nº 2474/2022,6035,SIM,2024-12-10,
88058,9671,NOMINAL,2º TURNO DO PROJETO DE LEI  Nº 2474/2022,6035,SIM,2024-12-10,
88059,9671,NOMINAL,2º TURNO DO PROJETO DE LEI  Nº 2474/2022,6035,SIM,2024-12-10,
88060,9671,NOMINAL,2º TURNO DO PROJETO DE LEI  Nº 2474/2022,6035,SIM,2024-12-10,
88061,9671,NOMINAL,2º TURNO DO PROJETO DE LEI  Nº 2474/2022,6035,SIM,2024-12-10,
88062,9671,NOMINAL,2º TURNO DO PROJETO DE LEI  Nº 2474/2022,6035,SIM,2024-12-10,
88063,9671,NOMINAL,2º TURNO DO PROJETO DE LEI  Nº 2474/2022,6035,SIM,2024-12-10,
88064,9671,NOMINAL,2º TURNO DO PROJETO DE LEI  Nº 2474/2022,6035,SIM,2024-12-10,
88065,9671,NOMINAL,2º TURNO DO PROJETO DE LEI  Nº 2474/2022,6035,SIM,2024-12-10,
88066,9671,NOMINAL,2º TURNO DO PROJETO DE LEI  Nº 2474/2022,6035,SIM,2024-12-10,
88067,9671,NOMINAL,2º TURNO DO PROJETO DE LEI  Nº 2474/2022,6035,SIM,2024-12-10,
88068,9671,NOMINAL,2º TURNO DO PROJETO DE LEI  Nº 2474/2022,6035,SIM,2024-12-10,
88069,9671,NOMINAL,2º TURNO DO PROJETO DE LEI  Nº 2474/2022,6035,SIM,2024-12-10,
88070,9671,NOMINAL,2º TURNO DO PROJETO DE LEI  Nº 2474/2022,6035,SIM,2024-12-10,
88071,9671,NOMINAL,2º TURNO DO PROJETO DE LEI  Nº 2474/2022,6035,SIM,2024-12-10,
88072,9881,NOMINAL,EMENDA DESTACADA Nº 6 AO PL Nº 501/2023 CJ PL Nº 1445/2024,14536,SIM,2024-12-03,
88073,9881,NOMINAL,EMENDA DESTACADA Nº 6 AO PL Nº 501/2023 CJ PL Nº 1445/2024,14536,NAO,2024-12-03,
88074,9881,NOMINAL,EMENDA DESTACADA Nº 6 AO PL Nº 501/2023 CJ PL Nº 1445/2024,14536,SIM,2024-12-03,
88075,9881,NOMINAL,EMENDA DESTACADA Nº 6 AO PL Nº 501/2023 CJ PL Nº 1445/2024,14536,ABSTENCAO,2024-12-03,
88076,9881,NOMINAL,EMENDA DESTACADA Nº 6 AO PL Nº 501/2023 CJ PL Nº 1445/2024,14536,NAO,2024-12-03,
88077,9881,NOMINAL,EMENDA DESTACADA Nº 6 AO PL Nº 501/2023 CJ PL Nº 1445/2024,14536,SIM,2024-12-03,
88078,9881,NOMINAL,EMENDA DESTACADA Nº 6 AO PL Nº 501/2023 CJ PL Nº 1445/2024,14536,SIM,2024-12-03,
88079,9881,NOMINAL,EMENDA DESTACADA Nº 6 AO PL Nº 501/2023 CJ PL Nº 1445/2024,14536,NAO,2024-12-03,
88080,9881,NOMINAL,EMENDA DESTACADA Nº 6 AO PL Nº 501/2023 CJ PL Nº 1445/2024,14536,NAO,2024-12-03,
88081,9881,NOMINAL,EMENDA DESTACADA Nº 6 AO PL Nº 501/2023 CJ PL Nº 1445/2024,14536,NAO,2024-12-03,
88082,9881,NOMINAL,EMENDA DESTACADA Nº 6 AO PL Nº 501/2023 CJ PL Nº 1445/2024,14536,NAO,2024-12-03,
88083,9881,NOMINAL,EMENDA DESTACADA Nº 6 AO PL Nº 501/2023 CJ PL Nº 1445/2024,14536,NAO,2024-12-03,
88084,9881,NOMINAL,EMENDA DESTACADA Nº 6 AO PL Nº 501/2023 CJ PL Nº 1445/2024,14536,SIM,2024-12-03,
88085,9881,NOMINAL,EMENDA DESTACADA Nº 6 AO PL Nº 501/2023 CJ PL Nº 1445/2024,14536,NAO,2024-12-03,
88086,9881,NOMINAL,EMENDA DESTACADA Nº 6 AO PL Nº 501/2023 CJ PL Nº 1445/2024,14536,SIM,2024-12-03,
88087,9881,NOMINAL,EMENDA DESTACADA Nº 6 AO PL Nº 501/2023 CJ PL Nº 1445/2024,14536,SIM,2024-12-03,
88088,9881,NOMINAL,EMENDA DESTACADA Nº 6 AO PL Nº 501/2023 CJ PL Nº 1445/2024,14536,SIM,2024-12-03,
88089,9881,NOMINAL,EMENDA DESTACADA Nº 6 AO PL Nº 501/2023 CJ PL Nº 1445/2024,14536,NAO,2024-12-03,
88090,9881,NOMINAL,EMENDA DESTACADA Nº 6 AO PL Nº 501/2023 CJ PL Nº 1445/2024,14536,SIM,2024-12-03,
88091,9881,NOMINAL,EMENDA DESTACADA Nº 6 AO PL Nº 501/2023 CJ PL Nº 1445/2024,14536,NAO,2024-12-03,
88092,9881,NOMINAL,EMENDA DESTACADA Nº 6 AO PL Nº 501/2023 CJ PL Nº 1445/2024,14536,NAO,2024-12-03,
88093,9881,NOMINAL,EMENDA DESTACADA Nº 6 AO PL Nº 501/2023 CJ PL Nº 1445/2024,14536,NAO,2024-12-03,
88094,9881,NOMINAL,EMENDA DESTACADA Nº 6 AO PL Nº 501/2023 CJ PL Nº 1445/2024,14536,SIM,2024-12-03,
88095,9881,NOMINAL,EMENDA DESTACADA Nº 6 AO PL Nº 501/2023 CJ PL Nº 1445/2024,14536,NAO,2024-12-03,
88096,9982,NOMINAL,TURNO ÚNICO PDL Nº 229/2024,150184,SIM,2024-12-10,
88097,9982,NOMINAL,TURNO ÚNICO PDL Nº 229/2024,150184,SIM,2024-12-10,
88098,9982,NOMINAL,TURNO ÚNICO PDL Nº 229/2024,150184,SIM,2024-12-10,
88099,9982,NOMINAL,TURNO ÚNICO PDL Nº 229/2024,150184,SIM,2024-12-10,
88100,9982,NOMINAL,TURNO ÚNICO PDL Nº 229/2024,150184,SIM,2024-12-10,
88101,9982,NOMINAL,TURNO ÚNICO PDL Nº 229/2024,150184,NAO,2024-12-10,
88102,9982,NOMINAL,TURNO ÚNICO PDL Nº 229/2024,150184,SIM,2024-12-10,
88103,9982,NOMINAL,TURNO ÚNICO PDL Nº 229/2024,150184,SIM,2024-12-10,
88104,9982,NOMINAL,TURNO ÚNICO PDL Nº 229/2024,150184,SIM,2024-12-10,
88105,9982,NOMINAL,TURNO ÚNICO PDL Nº 229/2024,150184,SIM,2024-12-10,
88106,9982,NOMINAL,TURNO ÚNICO PDL Nº 229/2024,150184,SIM,2024-12-10,
88107,9982,NOMINAL,TURNO ÚNICO PDL Nº 229/2024,150184,SIM,2024-12-10,
88108,9982,NOMINAL,TURNO ÚNICO PDL Nº 229/2024,150184,NAO,2024-12-10,
88109,9982,NOMINAL,TURNO ÚNICO PDL Nº 229/2024,150184,SIM,2024-12-10,
88110,9982,NOMINAL,TURNO ÚNICO PDL Nº 229/2024,150184,SIM,2024-12-10,
88111,9982,NOMINAL,TURNO ÚNICO PDL Nº 229/2024,150184,SIM,2024-12-10,
88112,9982,NOMINAL,TURNO ÚNICO PDL Nº 229/2024,150184,ABSTENCAO,2024-12-10,
88113,9982,NOMINAL,TURNO ÚNICO PDL Nº 229/2024,150184,SIM,2024-12-10,
88114,9982,NOMINAL,TURNO ÚNICO PDL Nº 229/2024,150184,SIM,2024-12-10,
88115,9982,NOMINAL,TURNO ÚNICO PDL Nº 229/2024,150184,SIM,2024-12-10,
88116,9983,NOMINAL,TURNO ÚNICO PDL Nº 203/2024,22131,SIM,2024-12-10,
88117,9983,NOMINAL,TURNO ÚNICO PDL Nº 203/2024,22131,SIM,2024-12-10,
88118,9983,NOMINAL,TURNO ÚNICO PDL Nº 203/2024,22131,SIM,2024-12-10,
88119,9983,NOMINAL,TURNO ÚNICO PDL Nº 203/2024,22131,SIM,2024-12-10,
88120,9983,NOMINAL,TURNO ÚNICO PDL Nº 203/2024,22131,SIM,2024-12-10,
88121,9983,NOMINAL,TURNO ÚNICO PDL Nº 203/2024,22131,SIM,2024-12-10,
88122,9983,NOMINAL,TURNO ÚNICO PDL Nº 203/2024,22131,SIM,2024-12-10,
88123,9983,NOMINAL,TURNO ÚNICO PDL Nº 203/2024,22131,SIM,2024-12-10,
88124,9983,NOMINAL,TURNO ÚNICO PDL Nº 203/2024,22131,SIM,2024-12-10,
88125,9983,NOMINAL,TURNO ÚNICO PDL Nº 203/2024,22131,SIM,2024-12-10,
88126,9983,NOMINAL,TURNO ÚNICO PDL Nº 203/2024,22131,SIM,2024-12-10,
88127,9983,NOMINAL,TURNO ÚNICO PDL Nº 203/2024,22131,SIM,2024-12-10,
88128,9983,NOMINAL,TURNO ÚNICO PDL Nº 203/2024,22131,SIM,2024-12-10,
88129,9983,NOMINAL,TURNO ÚNICO PDL Nº 203/2024,22131,SIM,2024-12-10,
88130,9983,NOMINAL,TURNO ÚNICO PDL Nº 203/2024,22131,SIM,2024-12-10,
88131,9983,NOMINAL,TURNO ÚNICO PDL Nº 203/2024,22131,SIM,2024-12-10,
88132,9983,NOMINAL,TURNO ÚNICO PDL Nº 203/2024,22131,SIM,2024-12-10,
88133,9983,NOMINAL,TURNO ÚNICO PDL Nº 203/2024,22131,SIM,2024-12-10,
88134,9983,NOMINAL,TURNO ÚNICO PDL Nº 203/2024,22131,SIM,2024-12-10,
88135,9983,NOMINAL,TURNO ÚNICO PDL Nº 203/2024,22131,SIM,2024-12-10,
88136,9987,NOMINAL,EMENDA DESTACADA Nº 11 AO PL Nº 1455/2024,150171,NAO,2024-12-10,
88137,9987,NOMINAL,EMENDA DESTACADA Nº 11 AO PL Nº 1455/2024,150171,NAO,2024-12-10,
88138,9987,NOMINAL,EMENDA DESTACADA Nº 11 AO PL Nº 1455/2024,150171,SIM,2024-12-10,
88139,9987,NOMINAL,EMENDA DESTACADA Nº 11 AO PL Nº 1455/2024,150171,NAO,2024-12-10,
88140,9987,NOMINAL,EMENDA DESTACADA Nº 11 AO PL Nº 1455/2024,150171,NAO,2024-12-10,
88141,9987,NOMINAL,EMENDA DESTACADA Nº 11 AO PL Nº 1455/2024,150171,SIM,2024-12-10,
88142,9987,NOMINAL,EMENDA DESTACADA Nº 11 AO PL Nº 1455/2024,150171,SIM,2024-12-10,
88143,9987,NOMINAL,EMENDA DESTACADA Nº 11 AO PL Nº 1455/2024,150171,NAO,2024-12-10,
88144,9987,NOMINAL,EMENDA DESTACADA Nº 11 AO PL Nº 1455/2024,150171,NAO,2024-12-10,
88145,9987,NOMINAL,EMENDA DESTACADA Nº 11 AO PL Nº 1455/2024,150171,NAO,2024-12-10,
88146,9987,NOMINAL,EMENDA DESTACADA Nº 11 AO PL Nº 1455/2024,150171,NAO,2024-12-10,
88147,9987,NOMINAL,EMENDA DESTACADA Nº 11 AO PL Nº 1455/2024,150171,SIM,2024-12-10,
88148,9987,NOMINAL,EMENDA DESTACADA Nº 11 AO PL Nº 1455/2024,150171,NAO,2024-12-10,
88149,9987,NOMINAL,EMENDA DESTACADA Nº 11 AO PL Nº 1455/2024,150171,NAO,2024-12-10,
88150,9987,NOMINAL,EMENDA DESTACADA Nº 11 AO PL Nº 1455/2024,150171,SIM,2024-12-10,
88151,9987,NOMINAL,EMENDA DESTACADA Nº 11 AO PL Nº 1455/2024,150171,NAO,2024-12-10,
88152,9987,NOMINAL,EMENDA DESTACADA Nº 11 AO PL Nº 1455/2024,150171,SIM,2024-12-10,
88153,9987,NOMINAL,EMENDA DESTACADA Nº 11 AO PL Nº 1455/2024,150171,NAO,2024-12-10,
88154,9987,NOMINAL,EMENDA DESTACADA Nº 11 AO PL Nº 1455/2024,150171,SIM,2024-12-10,
88155,9987,NOMINAL,EMENDA DESTACADA Nº 11 AO PL Nº 1455/2024,150171,NAO,2024-12-10,
88156,9987,NOMINAL,EMENDA DESTACADA Nº 11 AO PL Nº 1455/2024,150171,NAO,2024-12-10,
88157,9987,NOMINAL,EMENDA DESTACADA Nº 11 AO PL Nº 1455/2024,150171,NAO,2024-12-10,
