chave_deputado,sk_sessao,data,tipo_sessao
13,13,2020-02-27,SESSAO ORDINARIA
13,14,2020-03-03,SESSAO ORDINARIA
13,15,2020-03-04,SESSAO ORDINARIA
13,16,2020-03-05,SESSAO ORDINARIA
13,36,2020-04-01,SESSAO EXTRAORDINARIA
13,40,2020-04-14,SESSAO EXTRAORDINARIA
13,41,2020-04-14,SESSAO EXTRAORDINARIA
13,42,2020-04-15,SESSAO EXTRAORDINARIA
13,43,2020-04-15,SESSAO EXTRAORDINARIA
13,44,2020-04-22,SESSAO EXTRAORDINARIA
13,45,2020-04-22,SESSAO EXTRAORDINARIA
13,46,2020-04-22,SESSAO EXTRAORDINARIA
13,47,2020-04-22,SESSAO EXTRAORDINARIA
13,48,2020-04-28,SESSAO EXTRAORDINARIA
13,49,2020-04-28,SESSAO EXTRAORDINARIA
13,50,2020-04-29,SESSAO EXTRAORDINARIA
13,51,2020-04-29,SESSAO EXTRAORDINARIA
13,57,2020-05-20,SESSAO EXTRAORDINARIA
13,58,2020-05-20,SESSAO EXTRAORDINARIA
13,65,2020-06-10,SESSAO EXTRAORDINARIA
13,68,2020-06-16,SESSAO EXTRAORDINARIA
13,70,2020-06-17,SESSAO EXTRAORDINARIA
13,76,2020-06-30,SESSAO EXTRAORDINARIA
13,81,2020-08-12,SESSAO EXTRAORDINARIA
13,89,2020-09-02,SESSAO EXTRAORDINARIA
13,94,2020-09-17,SESSAO EXTRAORDINARIA
13,97,2020-09-23,SESSAO EXTRAORDINARIA
13,99,2020-09-29,SESSAO EXTRAORDINARIA
13,101,2020-10-06,SESSAO EXTRAORDINARIA
13,103,2020-10-07,SESSAO EXTRAORDINARIA
13,113,2020-10-28,SESSAO EXTRAORDINARIA
13,118,2020-11-10,SESSAO EXTRAORDINARIA
13,122,2020-11-18,SESSAO EXTRAORDINARIA
13,127,2020-12-01,SESSAO EXTRAORDINARIA
13,146,2021-03-09,SESSAO EXTRAORDINARIA
13,153,2021-03-30,SESSAO EXTRAORDINARIA
13,164,2021-04-27,SESSAO EXTRAORDINARIA
13,167,2021-05-05,SESSAO EXTRAORDINARIA
13,168,2021-05-11,SESSAO EXTRAORDINARIA
13,171,2021-05-18,SESSAO EXTRAORDINARIA
13,190,2021-08-03,SESSAO ORDINARIA
13,192,2021-08-04,SESSAO ORDINARIA
13,193,2021-08-04,SESSAO EXTRAORDINARIA
13,194,2021-08-05,SESSAO ORDINARIA
13,195,2021-08-05,SESSAO ORDINARIA
13,199,2021-08-12,SESSAO ORDINARIA
13,203,2021-08-18,SESSAO ORDINARIA
13,207,2021-08-26,SESSAO ORDINARIA
13,208,2021-08-31,SESSAO ORDINARIA
13,209,2021-08-31,SESSAO EXTRAORDINARIA
13,210,2021-08-31,SESSAO EXTRAORDINARIA
13,211,2021-09-01,SESSAO ORDINARIA
13,212,2021-09-02,SESSAO ORDINARIA
13,213,2021-09-08,SESSAO ORDINARIA
13,214,2021-09-09,SESSAO ORDINARIA
13,218,2021-09-16,SESSAO ORDINARIA
13,221,2021-09-22,SESSAO ORDINARIA
13,225,2021-09-30,SESSAO ORDINARIA
13,226,2021-10-05,SESSAO ORDINARIA
13,227,2021-10-05,SESSAO EXTRAORDINARIA
13,229,2021-10-06,SESSAO EXTRAORDINARIA
13,230,2021-10-06,SESSAO EXTRAORDINARIA
13,231,2021-10-07,SESSAO ORDINARIA
13,236,2021-10-20,SESSAO EXTRAORDINARIA
13,237,2021-10-21,SESSAO ORDINARIA
13,240,2021-10-28,SESSAO ORDINARIA
13,241,2021-11-03,SESSAO ORDINARIA
13,242,2021-11-03,SESSAO EXTRAORDINARIA
13,243,2021-11-03,SESSAO EXTRAORDINARIA
13,244,2021-11-04,SESSAO ORDINARIA
13,249,2021-11-11,SESSAO ORDINARIA
13,250,2021-11-16,SESSAO ORDINARIA
13,251,2021-11-17,SESSAO ORDINARIA
13,252,2021-11-18,SESSAO ORDINARIA
13,256,2021-11-25,SESSAO ORDINARIA
13,262,2021-12-07,SESSAO EXTRAORDINARIA
13,272,2021-12-15,SESSAO ORDINARIA
13,274,2022-02-03,SESSAO ORDINARIA
13,284,2022-02-17,SESSAO ORDINARIA
13,289,2022-02-24,SESSAO ORDINARIA
13,299,2022-03-17,SESSAO ORDINARIA
13,303,2022-03-24,SESSAO ORDINARIA
13,307,2022-03-31,SESSAO EXTRAORDINARIA
13,314,2022-04-06,SESSAO ORDINARIA
13,319,2022-04-13,SESSAO ORDINARIA
13,321,2022-04-20,SESSAO ORDINARIA
13,324,2022-04-28,SESSAO ORDINARIA
13,325,2022-05-03,SESSAO ORDINARIA
13,326,2022-05-04,SESSAO ORDINARIA
13,327,2022-05-05,SESSAO ORDINARIA
13,346,2022-06-09,SESSAO ORDINARIA
13,347,2022-06-14,SESSAO ORDINARIA
13,348,2022-06-15,SESSAO ORDINARIA
13,351,2022-06-23,SESSAO ORDINARIA
13,356,2022-06-30,SESSAO ORDINARIA
13,362,2022-08-10,SESSAO ORDINARIA
13,363,2022-08-11,SESSAO ORDINARIA
13,366,2022-08-18,SESSAO ORDINARIA
13,369,2022-08-25,SESSAO ORDINARIA
13,373,2022-09-01,SESSAO ORDINARIA
13,377,2022-09-15,SESSAO ORDINARIA
13,379,2022-10-25,SESSAO EXTRAORDINARIA
13,381,2022-09-22,SESSAO ORDINARIA
13,387,2022-10-06,SESSAO ORDINARIA
13,388,2022-10-11,SESSAO ORDINARIA
13,389,2022-10-13,SESSAO ORDINARIA
13,390,2022-10-18,SESSAO ORDINARIA
13,391,2022-10-19,SESSAO ORDINARIA
13,392,2022-10-20,SESSAO ORDINARIA
13,394,2022-10-25,SESSAO EXTRAORDINARIA
13,396,2022-10-27,SESSAO ORDINARIA
13,403,2022-12-06,SESSAO EXTRAORDINARIA
13,405,2022-11-17,SESSAO ORDINARIA
13,408,2022-11-29,SESSAO ORDINARIA
13,409,2022-12-01,SESSAO ORDINARIA
13,412,2022-12-07,SESSAO EXTRAORDINARIA
13,416,2022-12-14,SESSAO ORDINARIA
13,417,2022-12-15,SESSAO ORDINARIA
13,418,2023-02-01,SESSAO ORDINARIA
13,419,2023-02-02,SESSAO ORDINARIA
13,420,2023-02-07,SESSAO ORDINARIA
13,421,2023-02-08,SESSAO ORDINARIA
13,422,2023-02-14,SESSAO EXTRAORDINARIA
13,423,2023-02-09,SESSAO ORDINARIA
13,424,2023-02-16,SESSAO EXTRAORDINARIA
13,425,2023-02-14,SESSAO ORDINARIA
13,426,2023-02-15,SESSAO ORDINARIA
13,427,2023-02-16,SESSAO ORDINARIA
13,428,2023-02-23,SESSAO ORDINARIA
13,429,2023-02-28,SESSAO ORDINARIA
13,430,2023-03-01,SESSAO ORDINARIA
13,431,2023-03-21,SESSAO EXTRAORDINARIA
13,432,2023-03-02,SESSAO ORDINARIA
13,433,2023-03-07,SESSAO ORDINARIA
13,434,2023-03-08,SESSAO ORDINARIA
13,435,2023-03-09,SESSAO ORDINARIA
13,436,2023-03-14,SESSAO ORDINARIA
13,437,2023-03-15,SESSAO ORDINARIA
13,438,2023-03-16,SESSAO ORDINARIA
13,439,2023-03-21,SESSAO ORDINARIA
13,440,2023-03-22,SESSAO ORDINARIA
13,441,2023-03-23,SESSAO ORDINARIA
13,442,2023-03-21,SESSAO EXTRAORDINARIA
13,443,2023-04-04,SESSAO EXTRAORDINARIA
13,444,2023-03-28,SESSAO ORDINARIA
13,445,2023-03-29,SESSAO ORDINARIA
13,446,2023-03-30,SESSAO ORDINARIA
13,447,2023-04-04,SESSAO ORDINARIA
13,448,2023-04-05,SESSAO ORDINARIA
13,449,2023-04-11,SESSAO EXTRAORDINARIA
13,450,2023-04-11,SESSAO ORDINARIA
13,451,2023-04-12,SESSAO ORDINARIA
13,452,2023-04-13,SESSAO ORDINARIA
13,453,2023-04-18,SESSAO ORDINARIA
13,454,2023-04-19,SESSAO ORDINARIA
13,455,2023-04-20,SESSAO ORDINARIA
13,456,2023-04-25,SESSAO ORDINARIA
13,457,2023-04-26,SESSAO ORDINARIA
13,458,2023-04-27,SESSAO ORDINARIA
13,459,2023-05-02,SESSAO ORDINARIA
13,460,2023-05-03,SESSAO ORDINARIA
13,461,2023-05-04,SESSAO ORDINARIA
13,462,2023-05-09,SESSAO EXTRAORDINARIA
13,463,2023-05-09,SESSAO ORDINARIA
13,464,2023-05-10,SESSAO ORDINARIA
13,465,2023-05-11,SESSAO ORDINARIA
13,466,2023-05-16,SESSAO EXTRAORDINARIA
13,467,2023-05-16,SESSAO ORDINARIA
13,468,2023-05-17,SESSAO ORDINARIA
13,469,2023-05-18,SESSAO ORDINARIA
13,470,2023-05-23,SESSAO ORDINARIA
13,471,2023-05-24,SESSAO ORDINARIA
13,472,2023-05-25,SESSAO ORDINARIA
13,473,2023-05-30,SESSAO ORDINARIA
13,474,2023-05-31,SESSAO EXTRAORDINARIA
13,475,2023-05-31,SESSAO ORDINARIA
13,476,2023-06-01,SESSAO ORDINARIA
13,477,2023-06-06,SESSAO ORDINARIA
13,478,2023-06-07,SESSAO ORDINARIA
13,479,2023-06-13,SESSAO ORDINARIA
13,480,2023-06-14,SESSAO ORDINARIA
13,481,2023-06-20,SESSAO EXTRAORDINARIA
13,482,2023-06-20,SESSAO ORDINARIA
13,483,2023-06-21,SESSAO ORDINARIA
13,484,2023-06-22,SESSAO ORDINARIA
13,485,2023-06-27,SESSAO EXTRAORDINARIA
13,486,2023-06-27,SESSAO ORDINARIA
13,487,2023-08-01,SESSAO ORDINARIA
13,488,2023-08-02,SESSAO ORDINARIA
13,489,2023-08-03,SESSAO ORDINARIA
13,490,2023-08-08,SESSAO ORDINARIA
13,491,2023-08-09,SESSAO ORDINARIA
13,492,2023-08-10,SESSAO ORDINARIA
13,493,2023-08-15,SESSAO ORDINARIA
13,494,2023-08-15,SESSAO EXTRAORDINARIA
13,495,2023-08-16,SESSAO ORDINARIA
13,496,2023-08-22,SESSAO ORDINARIA
13,497,2023-08-22,SESSAO EXTRAORDINARIA
13,498,2023-08-23,SESSAO ORDINARIA
13,499,2023-08-24,SESSAO ORDINARIA
13,500,2023-08-29,SESSAO ORDINARIA
13,501,2023-08-29,SESSAO EXTRAORDINARIA
13,502,2023-08-29,SESSAO EXTRAORDINARIA
13,503,2023-08-30,SESSAO ORDINARIA
13,504,2023-08-31,SESSAO ORDINARIA
13,505,2023-09-05,SESSAO ORDINARIA
13,506,2023-09-12,SESSAO ORDINARIA
13,507,2023-09-13,SESSAO ORDINARIA
13,508,2023-09-19,SESSAO EXTRAORDINARIA
13,509,2023-09-19,SESSAO ORDINARIA
13,510,2023-09-20,SESSAO ORDINARIA
13,511,2023-09-21,SESSAO ORDINARIA
13,512,2023-09-26,SESSAO EXTRAORDINARIA
13,513,2023-09-26,SESSAO ORDINARIA
13,514,2023-09-27,SESSAO ORDINARIA
13,515,2023-09-28,SESSAO ORDINARIA
13,516,2023-10-03,SESSAO EXTRAORDINARIA
13,517,2023-10-03,SESSAO ORDINARIA
13,518,2023-10-04,SESSAO ORDINARIA
13,519,2023-10-05,SESSAO ORDINARIA
13,520,2023-10-10,SESSAO ORDINARIA
13,521,2023-10-10,SESSAO EXTRAORDINARIA
13,522,2023-10-11,SESSAO ORDINARIA
13,523,2023-10-17,SESSAO EXTRAORDINARIA
13,524,2023-10-17,SESSAO ORDINARIA
13,525,2023-10-18,SESSAO ORDINARIA
13,526,2023-10-19,SESSAO ORDINARIA
13,527,2023-10-24,SESSAO EXTRAORDINARIA
13,528,2023-10-24,SESSAO ORDINARIA
13,529,2023-10-25,SESSAO ORDINARIA
13,530,2023-10-31,SESSAO ORDINARIA
13,531,2023-10-31,SESSAO EXTRAORDINARIA
13,532,2023-11-01,SESSAO ORDINARIA
13,533,2023-11-07,SESSAO ORDINARIA
13,534,2023-11-07,SESSAO EXTRAORDINARIA
13,535,2023-11-08,SESSAO ORDINARIA
13,536,2023-11-09,SESSAO ORDINARIA
13,537,2023-11-14,SESSAO EXTRAORDINARIA
13,538,2023-11-14,SESSAO ORDINARIA
13,539,2023-11-16,SESSAO ORDINARIA
13,540,2023-11-21,SESSAO ORDINARIA
13,541,2023-11-21,SESSAO EXTRAORDINARIA
13,542,2023-11-21,SESSAO EXTRAORDINARIA
13,543,2023-11-22,SESSAO ORDINARIA
13,544,2023-11-23,SESSAO ORDINARIA
13,545,2023-11-28,SESSAO EXTRAORDINARIA
13,546,2023-11-28,SESSAO ORDINARIA
13,547,2023-11-28,SESSAO EXTRAORDINARIA
13,548,2023-12-05,SESSAO ORDINARIA
13,549,2023-12-05,SESSAO EXTRAORDINARIA
13,550,2023-12-06,SESSAO ORDINARIA
13,551,2023-12-07,SESSAO ORDINARIA
13,552,2023-12-12,SESSAO EXTRAORDINARIA
13,553,2023-12-12,SESSAO ORDINARIA
13,554,2023-12-13,SESSAO ORDINARIA
13,555,2023-12-13,SESSAO EXTRAORDINARIA
13,556,2023-12-13,SESSAO EXTRAORDINARIA
13,557,2024-02-01,SESSAO ORDINARIA
13,558,2024-02-01,SESSAO EXTRAORDINARIA
13,559,2024-02-01,SESSAO EXTRAORDINARIA
13,560,2024-02-06,SESSAO EXTRAORDINARIA
13,561,2024-02-06,SESSAO ORDINARIA
13,562,2024-02-07,SESSAO ORDINARIA
13,563,2024-02-08,SESSAO ORDINARIA
13,564,2024-02-15,SESSAO ORDINARIA
13,565,2024-02-20,SESSAO EXTRAORDINARIA
13,566,2024-02-20,SESSAO ORDINARIA
13,567,2024-02-21,SESSAO ORDINARIA
13,568,2024-02-22,SESSAO ORDINARIA
13,569,2024-02-27,SESSAO EXTRAORDINARIA
13,570,2024-02-27,SESSAO ORDINARIA
13,571,2024-02-27,SESSAO EXTRAORDINARIA
13,572,2024-02-27,SESSAO EXTRAORDINARIA
13,573,2024-02-28,SESSAO ORDINARIA
13,574,2024-02-29,SESSAO ORDINARIA
13,575,2024-03-05,SESSAO EXTRAORDINARIA
13,576,2024-03-05,SESSAO ORDINARIA
13,577,2024-03-06,SESSAO ORDINARIA
13,578,2024-03-07,SESSAO ORDINARIA
13,579,2024-03-13,SESSAO ORDINARIA
13,580,2024-03-14,SESSAO ORDINARIA
13,581,2024-03-19,SESSAO EXTRAORDINARIA
13,582,2024-03-19,SESSAO ORDINARIA
13,583,2024-03-20,SESSAO ORDINARIA
13,584,2024-03-21,SESSAO ORDINARIA
13,585,2024-03-26,SESSAO EXTRAORDINARIA
13,586,2024-03-26,SESSAO ORDINARIA
13,587,2024-03-27,SESSAO ORDINARIA
13,588,2024-04-02,SESSAO EXTRAORDINARIA
13,589,2024-04-02,SESSAO ORDINARIA
13,590,2024-04-03,SESSAO ORDINARIA
13,591,2024-04-04,SESSAO ORDINARIA
13,592,2024-04-23,SESSAO ORDINARIA
13,593,2024-04-09,SESSAO EXTRAORDINARIA
13,594,2024-04-09,SESSAO ORDINARIA
13,595,2024-04-10,SESSAO ORDINARIA
13,596,2024-04-09,SESSAO EXTRAORDINARIA
13,597,2024-04-11,SESSAO ORDINARIA
13,598,2024-04-23,SESSAO EXTRAORDINARIA
13,599,2024-05-07,SESSAO EXTRAORDINARIA
13,600,2024-04-16,SESSAO ORDINARIA
13,601,2024-04-17,SESSAO ORDINARIA
13,602,2024-04-18,SESSAO ORDINARIA
13,603,2024-04-24,SESSAO ORDINARIA
13,604,2024-04-25,SESSAO ORDINARIA
13,605,2024-05-21,SESSAO EXTRAORDINARIA
13,606,2024-04-30,SESSAO ORDINARIA
13,607,2024-05-02,SESSAO ORDINARIA
13,608,2024-05-07,SESSAO ORDINARIA
13,609,2024-05-08,SESSAO ORDINARIA
13,610,2024-05-09,SESSAO ORDINARIA
13,611,2024-05-28,SESSAO EXTRAORDINARIA
13,612,2024-05-14,SESSAO ORDINARIA
13,613,2024-05-15,SESSAO ORDINARIA
13,614,2024-05-16,SESSAO ORDINARIA
13,615,2024-05-21,SESSAO ORDINARIA
13,616,2024-05-22,SESSAO ORDINARIA
13,617,2024-05-23,SESSAO ORDINARIA
13,618,2024-05-28,SESSAO ORDINARIA
13,619,2024-06-04,SESSAO EXTRAORDINARIA
13,620,2024-05-29,SESSAO ORDINARIA
13,621,2024-06-04,SESSAO EXTRAORDINARIA
13,622,2024-06-04,SESSAO ORDINARIA
13,623,2024-06-05,SESSAO ORDINARIA
13,624,2024-06-11,SESSAO EXTRAORDINARIA
13,625,2024-06-18,SESSAO EXTRAORDINARIA
13,626,2024-06-06,SESSAO ORDINARIA
13,627,2024-06-11,SESSAO ORDINARIA
13,628,2024-06-12,SESSAO ORDINARIA
13,629,2024-06-13,SESSAO ORDINARIA
13,630,2024-06-18,SESSAO ORDINARIA
13,631,2024-06-19,SESSAO ORDINARIA
13,632,2024-06-20,SESSAO ORDINARIA
13,633,2024-06-18,SESSAO EXTRAORDINARIA
13,634,2024-06-19,SESSAO EXTRAORDINARIA
13,635,2024-06-25,SESSAO EXTRAORDINARIA
13,636,2024-06-25,SESSAO ORDINARIA
13,637,2024-08-01,SESSAO ORDINARIA
13,638,2024-08-06,SESSAO ORDINARIA
13,639,2024-08-07,SESSAO EXTRAORDINARIA
13,640,2024-08-07,SESSAO EXTRAORDINARIA
13,641,2024-08-07,SESSAO ORDINARIA
13,642,2024-08-07,SESSAO EXTRAORDINARIA
13,643,2024-08-08,SESSAO ORDINARIA
13,644,2024-08-14,SESSAO ORDINARIA
13,645,2024-08-15,SESSAO ORDINARIA
13,646,2024-08-14,SESSAO EXTRAORDINARIA
13,647,2024-08-20,SESSAO ORDINARIA
13,648,2024-08-21,SESSAO ORDINARIA
13,649,2024-08-27,SESSAO ORDINARIA
13,650,2024-08-28,SESSAO ORDINARIA
13,651,2024-08-29,SESSAO ORDINARIA
13,652,2024-09-03,SESSAO EXTRAORDINARIA
13,653,2024-09-03,SESSAO ORDINARIA
13,654,2024-09-04,SESSAO ORDINARIA
13,655,2024-09-05,SESSAO ORDINARIA
13,656,2024-09-10,SESSAO EXTRAORDINARIA
13,657,2024-09-10,SESSAO ORDINARIA
13,658,2024-09-11,SESSAO ORDINARIA
13,659,2024-09-12,SESSAO ORDINARIA
13,660,2024-09-17,SESSAO ORDINARIA
13,661,2024-09-17,SESSAO EXTRAORDINARIA
13,662,2024-09-18,SESSAO ORDINARIA
13,663,2024-09-19,SESSAO ORDINARIA
13,664,2024-09-24,SESSAO EXTRAORDINARIA
13,665,2024-09-24,SESSAO ORDINARIA
13,666,2024-09-25,SESSAO ORDINARIA
13,667,2024-09-26,SESSAO ORDINARIA
13,668,2024-08-27,SESSAO EXTRAORDINARIA
13,669,2024-10-01,SESSAO EXTRAORDINARIA
13,670,2024-10-01,SESSAO ORDINARIA
13,671,2024-10-02,SESSAO ORDINARIA
13,672,2024-10-03,SESSAO ORDINARIA
13,673,2024-10-08,SESSAO EXTRAORDINARIA
13,674,2024-10-08,SESSAO ORDINARIA
13,675,2024-10-09,SESSAO ORDINARIA
13,676,2024-10-10,SESSAO ORDINARIA
13,677,2024-10-15,SESSAO ORDINARIA
13,678,2024-10-16,SESSAO ORDINARIA
13,679,2024-10-17,SESSAO ORDINARIA
13,680,2024-10-22,SESSAO EXTRAORDINARIA
13,681,2024-10-22,SESSAO ORDINARIA
13,682,2024-10-23,SESSAO ORDINARIA
13,683,2024-10-24,SESSAO ORDINARIA
13,684,2024-10-29,SESSAO EXTRAORDINARIA
13,685,2024-10-29,SESSAO ORDINARIA
13,686,2024-10-30,SESSAO ORDINARIA
13,687,2024-10-30,SESSAO EXTRAORDINARIA
13,688,2024-10-31,SESSAO ORDINARIA
13,689,2024-11-05,SESSAO ORDINARIA
13,690,2024-11-05,SESSAO EXTRAORDINARIA
13,691,2024-11-06,SESSAO ORDINARIA
13,692,2024-11-07,SESSAO ORDINARIA
13,693,2024-11-12,SESSAO EXTRAORDINARIA
13,694,2024-11-12,SESSAO ORDINARIA
13,1693,2024-11-13,SESSAO ORDINARIA
13,1694,2024-11-14,SESSAO ORDINARIA
13,1695,2024-11-19,SESSAO ORDINARIA
13,1696,2024-11-26,SESSAO EXTRAORDINARIA
13,1697,2024-11-26,SESSAO ORDINARIA
13,1698,2024-11-26,SESSAO EXTRAORDINARIA
13,1699,2024-11-27,SESSAO ORDINARIA
13,1700,2024-11-27,SESSAO EXTRAORDINARIA
13,1701,2024-11-28,SESSAO ORDINARIA
13,1702,2024-12-03,SESSAO ORDINARIA
13,1703,2024-12-03,SESSAO EXTRAORDINARIA
13,1704,2024-12-04,SESSAO EXTRAORDINARIA
13,1705,2024-12-04,SESSAO ORDINARIA
13,1706,2024-12-10,SESSAO EXTRAORDINARIA
13,1707,2024-12-10,SESSAO ORDINARIA
13,1708,2024-12-10,SESSAO EXTRAORDINARIA
13,1709,2024-03-12,SESSAO EXTRAORDINARIA
13,1710,2024-03-12,SESSAO EXTRAORDINARIA
13,1711,2024-03-12,SESSAO ORDINARIA
13,1713,2025-02-11,ORDINARIA
13,1715,2025-02-12,ORDINARIA
13,1716,2025-02-13,ORDINARIA
13,1717,2025-02-18,ORDINARIA
13,1719,2025-02-19,ORDINARIA
13,1720,2025-02-25,ORDINARIA
13,1721,2025-02-20,ORDINARIA
13,1724,2025-02-26,ORDINARIA
13,1727,2025-02-27,ORDINARIA
13,1730,2025-03-06,ORDINARIA
13,1733,2025-03-11,ORDINARIA
13,1734,2025-03-11,EXTRAORDINARIA
13,1736,2025-03-12,ORDINARIA
13,1739,2025-03-13,ORDINARIA
13,1740,2025-03-18,EXTRAORDINARIA
13,1741,2025-03-18,ORDINARIA
13,1742,2025-03-18,EXTRAORDINARIA
13,1743,2025-03-18,EXTRAORDINARIA
13,1744,2025-03-19,ORDINARIA
13,1746,2025-03-20,ORDINARIA
13,1752,2025-03-25,ORDINARIA
13,1754,2025-03-25,EXTRAORDINARIA
13,1755,2025-03-26,ORDINARIA
13,1756,2025-04-02,EXTRAORDINARIA
13,1757,2025-03-27,ORDINARIA
13,1759,2025-04-01,ORDINARIA
13,1762,2025-04-02,ORDINARIA
13,1763,2025-04-03,ORDINARIA
13,1765,2025-04-03,ORDINARIA
13,1769,2025-04-08,ORDINARIA
13,1770,2025-04-08,EXTRAORDINARIA
13,1773,2025-04-09,ORDINARIA
13,1775,2025-04-10,ORDINARIA
13,1776,2025-04-10,ORDINARIA
13,1780,2025-04-15,ORDINARIA
13,1783,2025-04-16,ORDINARIA
13,1785,2025-04-22,ORDINARIA
13,1786,2025-04-23,ORDINARIA
13,1788,2025-04-24,ORDINARIA
13,1789,2025-04-24,ORDINARIA
13,1790,2025-04-29,ORDINARIA
13,1792,2025-04-30,ORDINARIA
13,1794,2025-05-06,ORDINARIA
13,1795,2025-05-06,EXTRAORDINARIA
13,1796,2025-05-07,ORDINARIA
13,1797,2025-05-13,EXTRAORDINARIA
13,1798,2025-05-08,ORDINARIA
13,1799,2025-05-08,ORDINARIA
13,1802,2025-05-13,ORDINARIA
13,1803,2025-05-20,EXTRAORDINARIA
13,1805,2025-05-14,ORDINARIA
13,1807,2025-05-27,EXTRAORDINARIA
13,1813,2025-05-20,ORDINARIA
13,1817,2025-05-21,ORDINARIA
13,1819,2025-05-22,ORDINARIA
13,1820,2025-05-27,ORDINARIA
13,1825,2025-05-27,EXTRAORDINARIA
13,1827,2025-05-28,ORDINARIA
13,1829,2025-05-29,ORDINARIA
13,1830,2025-05-29,ORDINARIA
13,1833,2025-06-03,ORDINARIA
13,1834,2025-06-17,EXTRAORDINARIA
13,1836,2025-06-04,ORDINARIA
13,1838,2025-06-05,ORDINARIA
13,1842,2025-06-10,ORDINARIA
13,1844,2025-06-11,ORDINARIA
13,1846,2025-06-12,ORDINARIA
13,1847,2025-06-12,ORDINARIA
13,1848,2025-06-17,ORDINARIA
13,1851,2025-06-17,EXTRAORDINARIA
13,1854,2025-06-18,ORDINARIA
13,1856,2025-06-24,ORDINARIA
13,1858,2025-06-24,EXTRAORDINARIA
13,1859,2025-08-07,EXTRAORDINARIA
13,1862,2025-06-25,ORDINARIA
13,1864,2025-06-26,ORDINARIA
13,1865,2025-06-26,ORDINARIA
13,1870,2025-08-05,ORDINARIA
13,1873,2025-08-06,ORDINARIA
13,1875,2025-08-07,ORDINARIA
13,1876,2025-08-07,EXTRAORDINARIA
13,1879,2025-08-12,ORDINARIA
13,1880,2025-08-12,EXTRAORDINARIA
13,1882,2025-08-13,ORDINARIA
13,1884,2025-08-14,ORDINARIA
13,1885,2025-08-14,ORDINARIA
13,1891,2025-08-19,ORDINARIA
13,1892,2025-08-19,EXTRAORDINARIA
13,1895,2025-08-20,ORDINARIA
13,1896,2025-08-26,EXTRAORDINARIA
13,1897,2025-08-21,SOLENE
13,1899,2025-08-22,SOLENE
13,1903,2025-08-26,ORDINARIA
13,1904,2025-08-27,ORDINARIA
13,1905,2025-09-09,EXTRAORDINARIA
13,1906,2025-08-28,ORDINARIA
13,1907,2025-08-28,ORDINARIA
13,1911,2025-09-02,ORDINARIA
13,1913,2025-09-03,ORDINARIA
13,1914,2025-09-04,ORDINARIA
13,1915,2025-09-04,ORDINARIA
13,1916,2025-09-09,ORDINARIA
13,1917,2025-09-10,ORDINARIA
13,1919,2025-09-11,ORDINARIA
13,1920,2025-09-11,ORDINARIA
13,1927,2025-09-16,ORDINARIA
13,1928,2025-09-16,EXTRAORDINARIA
13,1929,2025-09-23,EXTRAORDINARIA
13,1930,2025-09-17,ORDINARIA
13,1932,2025-09-18,ORDINARIA
13,1933,2025-09-18,ORDINARIA
13,1939,2025-09-23,ORDINARIA
13,1941,2025-09-24,ORDINARIA
13,1944,2025-09-25,ORDINARIA
13,1945,2025-09-25,ORDINARIA
13,1950,2025-09-30,ORDINARIA
13,1951,2025-09-30,EXTRAORDINARIA
13,1954,2025-10-01,ORDINARIA
13,1956,2025-10-02,ORDINARIA
13,1963,2025-10-07,ORDINARIA
13,1964,2025-10-08,EXTRAORDINARIA
13,1966,2025-10-08,ORDINARIA
13,1967,2025-10-09,ORDINARIA
13,1968,2025-10-09,ORDINARIA
13,1974,2025-10-14,ORDINARIA
13,1975,2025-10-15,EXTRAORDINARIA
13,1977,2025-10-15,ORDINARIA
13,1979,2025-10-16,ORDINARIA
13,1985,2025-10-21,ORDINARIA
13,1986,2025-10-21,EXTRAORDINARIA
13,1988,2025-10-22,ORDINARIA
13,1989,2025-11-04,EXTRAORDINARIA
13,1990,2025-10-23,ORDINARIA
13,1992,2025-10-29,ORDINARIA
13,1994,2025-10-30,ORDINARIA
13,1995,2025-10-30,ORDINARIA
13,2000,2025-11-04,ORDINARIA
13,2003,2025-11-05,ORDINARIA
13,2004,2025-11-11,EXTRAORDINARIA
13,2006,2025-11-06,ORDINARIA
13,2013,2025-11-11,ORDINARIA
13,2014,2025-11-11,EXTRAORDINARIA
13,2015,2025-11-11,EXTRAORDINARIA
13,2018,2025-11-12,ORDINARIA
13,2020,2025-11-13,ORDINARIA
13,2027,2025-11-18,ORDINARIA
13,2028,2025-11-25,EXTRAORDINARIA
13,2030,2025-11-19,ORDINARIA
13,2034,2025-11-25,ORDINARIA
13,2035,2025-11-26,EXTRAORDINARIA
13,2037,2025-11-26,ORDINARIA
13,2038,2025-11-26,EXTRAORDINARIA
13,2039,2025-11-27,ORDINARIA
13,2040,2025-11-27,ORDINARIA
13,2045,2025-12-02,ORDINARIA
13,2046,2025-12-02,EXTRAORDINARIA
13,2047,2025-12-03,EXTRAORDINARIA
13,2050,2025-12-03,ORDINARIA
13,2053,2025-12-04,ORDINARIA
13,2057,2025-12-09,ORDINARIA
13,2058,2025-12-09,EXTRAORDINARIA
13,2060,2025-12-10,EXTRAORDINARIA
13,2061,2025-12-10,EXTRAORDINARIA
13,2062,2025-12-10,EXTRAORDINARIA
13,2065,2025-12-15,ORDINARIA
13,2066,2025-12-23,EXTRAORDINARIA
13,2067,2025-12-23,EXTRAORDINARIA
13,2069,2026-02-03,ORDINARIA
13,2070,2026-02-04,ORDINARIA
13,2072,2026-02-05,ORDINARIA
13,2074,2026-02-10,ORDINARIA
13,2075,2026-02-10,EXTRAORDINARIA
13,2078,2026-02-11,ORDINARIA
13,2079,2026-03-03,EXTRAORDINARIA
13,2081,2026-02-12,ORDINARIA
13,2082,2026-02-19,ORDINARIA
13,2084,2026-02-24,ORDINARIA
13,2085,2026-02-25,ORDINARIA
13,2088,2026-02-26,ORDINARIA
13,2092,2026-03-03,ORDINARIA
13,2093,2026-03-04,ORDINARIA
13,2096,2026-03-05,SOLENE
13,2101,2026-03-31,EXTRAORDINARIA
13,2102,2026-03-31,EXTRAORDINARIA
13,2103,2026-04-01,ORDINARIA
13,2106,2026-04-07,ORDINARIA
13,2107,2026-04-08,EXTRAORDINARIA
13,2108,2026-04-08,ORDINARIA
13,2109,2026-04-09,ORDINARIA
13,2112,2026-04-14,ORDINARIA
13,2113,2026-04-14,EXTRAORDINARIA
13,2114,2026-04-15,ORDINARIA
13,2115,2026-04-29,EXTRAORDINARIA
13,2116,2026-04-16,ORDINARIA
13,2118,2026-04-22,ORDINARIA
13,2119,2026-04-23,ORDINARIA
13,2122,2026-04-28,ORDINARIA
13,2125,2026-04-29,ORDINARIA
13,2126,2026-03-17,ORDINARIA
13,2127,2026-03-18,ORDINARIA
13,2128,2026-03-25,EXTRAORDINARIA
13,2131,2026-03-19,ORDINARIA
13,2136,2026-03-24,ORDINARIA
13,2138,2026-03-25,ORDINARIA
13,2139,2026-03-25,EXTRAORDINARIA
13,2141,2026-03-26,ORDINARIA
13,2143,2026-03-31,ORDINARIA
13,2145,2026-04-30,ORDINARIA
13,2148,2026-05-05,ORDINARIA
13,2149,2026-05-12,EXTRAORDINARIA
13,2150,2026-05-06,ORDINARIA
13,2152,2026-05-07,ORDINARIA
13,2159,2026-05-12,ORDINARIA
13,2161,2026-05-13,ORDINARIA
13,2163,2026-05-14,ORDINARIA
13,2170,2026-05-19,ORDINARIA
13,2171,2026-03-10,ORDINARIA
13,2172,2026-03-17,EXTRAORDINARIA
13,2173,2026-03-11,ORDINARIA
13,2176,2026-03-12,ORDINARIA
13,2183,2026-05-19,EXTRAORDINARIA
13,2185,2026-05-20,ORDINARIA
13,2186,2026-06-09,EXTRAORDINARIA
13,2188,2026-05-21,ORDINARIA
13,2191,2026-05-26,ORDINARIA
13,2192,2026-05-27,ORDINARIA
13,2193,2026-05-28,ORDINARIA
13,2199,2026-06-02,ORDINARIA
13,2200,2026-06-03,ORDINARIA
13,2203,2026-06-09,ORDINARIA
13,2204,2026-06-10,ORDINARIA
13,2205,2026-06-11,ORDINARIA
13,2213,2026-06-23,ORDINARIA
13,2218,2026-06-30,ORDINARIA
13,2219,2026-06-30,EXTRAORDINARIA
13,2220,2026-06-30,EXTRAORDINARIA
13,2225,2026-08-04,ORDINARIA
13,2228,2026-08-05,ORDINARIA
13,2229,2026-08-06,ORDINARIA
13,2233,2026-06-16,ORDINARIA
13,2234,2026-06-16,EXTRAORDINARIA
13,2235,2026-06-30,EXTRAORDINARIA
13,2237,2026-06-17,ORDINARIA
13,2239,2026-06-18,ORDINARIA
13,2241,2026-08-11,ORDINARIA
13,2244,2026-08-12,ORDINARIA
13,2245,2026-08-13,ORDINARIA
13,2250,2026-08-18,ORDINARIA
13,2253,2026-08-19,ORDINARIA
13,2255,2026-08-20,ORDINARIA
13,2258,2026-08-25,ORDINARIA
14,194,2021-08-05,SESSAO ORDINARIA
14,213,2021-09-08,SESSAO ORDINARIA
14,214,2021-09-09,SESSAO ORDINARIA
14,242,2021-11-03,SESSAO EXTRAORDINARIA
14,243,2021-11-03,SESSAO EXTRAORDINARIA
14,260,2021-12-02,SESSAO ORDINARIA
14,272,2021-12-15,SESSAO ORDINARIA
14,288,2022-03-08,SESSAO EXTRAORDINARIA
14,293,2022-03-09,SESSAO EXTRAORDINARIA
14,313,2022-04-12,SESSAO EXTRAORDINARIA
14,315,2022-04-12,SESSAO EXTRAORDINARIA
14,333,2022-05-12,SESSAO ORDINARIA
14,346,2022-06-09,SESSAO ORDINARIA
14,362,2022-08-10,SESSAO ORDINARIA
14,373,2022-09-01,SESSAO ORDINARIA
14,396,2022-10-27,SESSAO ORDINARIA
14,400,2022-11-09,SESSAO ORDINARIA
14,416,2022-12-14,SESSAO ORDINARIA
14,418,2023-02-01,SESSAO ORDINARIA
14,419,2023-02-02,SESSAO ORDINARIA
14,420,2023-02-07,SESSAO ORDINARIA
14,421,2023-02-08,SESSAO ORDINARIA
14,422,2023-02-14,SESSAO EXTRAORDINARIA
14,423,2023-02-09,SESSAO ORDINARIA
14,424,2023-02-16,SESSAO EXTRAORDINARIA
14,425,2023-02-14,SESSAO ORDINARIA
14,426,2023-02-15,SESSAO ORDINARIA
14,427,2023-02-16,SESSAO ORDINARIA
14,428,2023-02-23,SESSAO ORDINARIA
14,429,2023-02-28,SESSAO ORDINARIA
14,430,2023-03-01,SESSAO ORDINARIA
14,431,2023-03-21,SESSAO EXTRAORDINARIA
14,432,2023-03-02,SESSAO ORDINARIA
14,433,2023-03-07,SESSAO ORDINARIA
14,434,2023-03-08,SESSAO ORDINARIA
14,435,2023-03-09,SESSAO ORDINARIA
14,436,2023-03-14,SESSAO ORDINARIA
14,437,2023-03-15,SESSAO ORDINARIA
14,438,2023-03-16,SESSAO ORDINARIA
14,439,2023-03-21,SESSAO ORDINARIA
14,440,2023-03-22,SESSAO ORDINARIA
14,441,2023-03-23,SESSAO ORDINARIA
14,442,2023-03-21,SESSAO EXTRAORDINARIA
14,443,2023-04-04,SESSAO EXTRAORDINARIA
14,444,2023-03-28,SESSAO ORDINARIA
14,445,2023-03-29,SESSAO ORDINARIA
14,446,2023-03-30,SESSAO ORDINARIA
14,447,2023-04-04,SESSAO ORDINARIA
14,448,2023-04-05,SESSAO ORDINARIA
14,449,2023-04-11,SESSAO EXTRAORDINARIA
14,450,2023-04-11,SESSAO ORDINARIA
14,451,2023-04-12,SESSAO ORDINARIA
14,452,2023-04-13,SESSAO ORDINARIA
14,453,2023-04-18,SESSAO ORDINARIA
14,454,2023-04-19,SESSAO ORDINARIA
14,455,2023-04-20,SESSAO ORDINARIA
14,456,2023-04-25,SESSAO ORDINARIA
14,457,2023-04-26,SESSAO ORDINARIA
14,458,2023-04-27,SESSAO ORDINARIA
14,459,2023-05-02,SESSAO ORDINARIA
14,460,2023-05-03,SESSAO ORDINARIA
14,461,2023-05-04,SESSAO ORDINARIA
14,462,2023-05-09,SESSAO EXTRAORDINARIA
14,463,2023-05-09,SESSAO ORDINARIA
14,464,2023-05-10,SESSAO ORDINARIA
14,465,2023-05-11,SESSAO ORDINARIA
14,466,2023-05-16,SESSAO EXTRAORDINARIA
14,467,2023-05-16,SESSAO ORDINARIA
14,468,2023-05-17,SESSAO ORDINARIA
14,469,2023-05-18,SESSAO ORDINARIA
14,470,2023-05-23,SESSAO ORDINARIA
14,471,2023-05-24,SESSAO ORDINARIA
14,472,2023-05-25,SESSAO ORDINARIA
14,473,2023-05-30,SESSAO ORDINARIA
14,474,2023-05-31,SESSAO EXTRAORDINARIA
14,475,2023-05-31,SESSAO ORDINARIA
14,476,2023-06-01,SESSAO ORDINARIA
14,477,2023-06-06,SESSAO ORDINARIA
14,478,2023-06-07,SESSAO ORDINARIA
14,479,2023-06-13,SESSAO ORDINARIA
14,480,2023-06-14,SESSAO ORDINARIA
14,481,2023-06-20,SESSAO EXTRAORDINARIA
14,482,2023-06-20,SESSAO ORDINARIA
14,483,2023-06-21,SESSAO ORDINARIA
14,484,2023-06-22,SESSAO ORDINARIA
14,485,2023-06-27,SESSAO EXTRAORDINARIA
14,486,2023-06-27,SESSAO ORDINARIA
14,487,2023-08-01,SESSAO ORDINARIA
14,488,2023-08-02,SESSAO ORDINARIA
14,489,2023-08-03,SESSAO ORDINARIA
14,490,2023-08-08,SESSAO ORDINARIA
14,491,2023-08-09,SESSAO ORDINARIA
14,492,2023-08-10,SESSAO ORDINARIA
14,493,2023-08-15,SESSAO ORDINARIA
14,494,2023-08-15,SESSAO EXTRAORDINARIA
14,495,2023-08-16,SESSAO ORDINARIA
14,496,2023-08-22,SESSAO ORDINARIA
14,497,2023-08-22,SESSAO EXTRAORDINARIA
14,498,2023-08-23,SESSAO ORDINARIA
14,499,2023-08-24,SESSAO ORDINARIA
14,500,2023-08-29,SESSAO ORDINARIA
14,501,2023-08-29,SESSAO EXTRAORDINARIA
14,502,2023-08-29,SESSAO EXTRAORDINARIA
14,503,2023-08-30,SESSAO ORDINARIA
14,504,2023-08-31,SESSAO ORDINARIA
14,505,2023-09-05,SESSAO ORDINARIA
14,506,2023-09-12,SESSAO ORDINARIA
14,507,2023-09-13,SESSAO ORDINARIA
14,508,2023-09-19,SESSAO EXTRAORDINARIA
14,509,2023-09-19,SESSAO ORDINARIA
14,510,2023-09-20,SESSAO ORDINARIA
14,511,2023-09-21,SESSAO ORDINARIA
14,512,2023-09-26,SESSAO EXTRAORDINARIA
14,513,2023-09-26,SESSAO ORDINARIA
14,514,2023-09-27,SESSAO ORDINARIA
14,515,2023-09-28,SESSAO ORDINARIA
14,516,2023-10-03,SESSAO EXTRAORDINARIA
14,517,2023-10-03,SESSAO ORDINARIA
14,518,2023-10-04,SESSAO ORDINARIA
14,519,2023-10-05,SESSAO ORDINARIA
14,520,2023-10-10,SESSAO ORDINARIA
14,521,2023-10-10,SESSAO EXTRAORDINARIA
14,522,2023-10-11,SESSAO ORDINARIA
14,523,2023-10-17,SESSAO EXTRAORDINARIA
14,524,2023-10-17,SESSAO ORDINARIA
14,525,2023-10-18,SESSAO ORDINARIA
14,526,2023-10-19,SESSAO ORDINARIA
14,527,2023-10-24,SESSAO EXTRAORDINARIA
14,528,2023-10-24,SESSAO ORDINARIA
14,529,2023-10-25,SESSAO ORDINARIA
14,530,2023-10-31,SESSAO ORDINARIA
14,531,2023-10-31,SESSAO EXTRAORDINARIA
14,532,2023-11-01,SESSAO ORDINARIA
14,533,2023-11-07,SESSAO ORDINARIA
14,534,2023-11-07,SESSAO EXTRAORDINARIA
14,535,2023-11-08,SESSAO ORDINARIA
14,536,2023-11-09,SESSAO ORDINARIA
14,537,2023-11-14,SESSAO EXTRAORDINARIA
14,538,2023-11-14,SESSAO ORDINARIA
14,539,2023-11-16,SESSAO ORDINARIA
14,540,2023-11-21,SESSAO ORDINARIA
14,541,2023-11-21,SESSAO EXTRAORDINARIA
14,542,2023-11-21,SESSAO EXTRAORDINARIA
14,543,2023-11-22,SESSAO ORDINARIA
14,544,2023-11-23,SESSAO ORDINARIA
14,545,2023-11-28,SESSAO EXTRAORDINARIA
14,546,2023-11-28,SESSAO ORDINARIA
14,547,2023-11-28,SESSAO EXTRAORDINARIA
14,548,2023-12-05,SESSAO ORDINARIA
14,549,2023-12-05,SESSAO EXTRAORDINARIA
14,550,2023-12-06,SESSAO ORDINARIA
14,551,2023-12-07,SESSAO ORDINARIA
14,552,2023-12-12,SESSAO EXTRAORDINARIA
14,553,2023-12-12,SESSAO ORDINARIA
14,554,2023-12-13,SESSAO ORDINARIA
14,555,2023-12-13,SESSAO EXTRAORDINARIA
14,556,2023-12-13,SESSAO EXTRAORDINARIA
14,557,2024-02-01,SESSAO ORDINARIA
14,558,2024-02-01,SESSAO EXTRAORDINARIA
14,559,2024-02-01,SESSAO EXTRAORDINARIA
14,560,2024-02-06,SESSAO EXTRAORDINARIA
14,561,2024-02-06,SESSAO ORDINARIA
14,562,2024-02-07,SESSAO ORDINARIA
14,563,2024-02-08,SESSAO ORDINARIA
14,564,2024-02-15,SESSAO ORDINARIA
14,565,2024-02-20,SESSAO EXTRAORDINARIA
14,566,2024-02-20,SESSAO ORDINARIA
14,567,2024-02-21,SESSAO ORDINARIA
14,568,2024-02-22,SESSAO ORDINARIA
14,569,2024-02-27,SESSAO EXTRAORDINARIA
14,570,2024-02-27,SESSAO ORDINARIA
14,571,2024-02-27,SESSAO EXTRAORDINARIA
14,572,2024-02-27,SESSAO EXTRAORDINARIA
14,573,2024-02-28,SESSAO ORDINARIA
14,574,2024-02-29,SESSAO ORDINARIA
14,575,2024-03-05,SESSAO EXTRAORDINARIA
14,576,2024-03-05,SESSAO ORDINARIA
14,577,2024-03-06,SESSAO ORDINARIA
14,578,2024-03-07,SESSAO ORDINARIA
14,579,2024-03-13,SESSAO ORDINARIA
14,580,2024-03-14,SESSAO ORDINARIA
14,581,2024-03-19,SESSAO EXTRAORDINARIA
14,582,2024-03-19,SESSAO ORDINARIA
14,583,2024-03-20,SESSAO ORDINARIA
14,584,2024-03-21,SESSAO ORDINARIA
14,585,2024-03-26,SESSAO EXTRAORDINARIA
14,586,2024-03-26,SESSAO ORDINARIA
14,587,2024-03-27,SESSAO ORDINARIA
14,588,2024-04-02,SESSAO EXTRAORDINARIA
14,589,2024-04-02,SESSAO ORDINARIA
14,590,2024-04-03,SESSAO ORDINARIA
14,591,2024-04-04,SESSAO ORDINARIA
14,592,2024-04-23,SESSAO ORDINARIA
14,593,2024-04-09,SESSAO EXTRAORDINARIA
14,594,2024-04-09,SESSAO ORDINARIA
14,595,2024-04-10,SESSAO ORDINARIA
14,596,2024-04-09,SESSAO EXTRAORDINARIA
14,597,2024-04-11,SESSAO ORDINARIA
14,598,2024-04-23,SESSAO EXTRAORDINARIA
14,599,2024-05-07,SESSAO EXTRAORDINARIA
14,600,2024-04-16,SESSAO ORDINARIA
14,601,2024-04-17,SESSAO ORDINARIA
14,602,2024-04-18,SESSAO ORDINARIA
14,603,2024-04-24,SESSAO ORDINARIA
14,604,2024-04-25,SESSAO ORDINARIA
14,605,2024-05-21,SESSAO EXTRAORDINARIA
14,606,2024-04-30,SESSAO ORDINARIA
14,607,2024-05-02,SESSAO ORDINARIA
14,608,2024-05-07,SESSAO ORDINARIA
14,609,2024-05-08,SESSAO ORDINARIA
14,610,2024-05-09,SESSAO ORDINARIA
14,611,2024-05-28,SESSAO EXTRAORDINARIA
14,612,2024-05-14,SESSAO ORDINARIA
14,613,2024-05-15,SESSAO ORDINARIA
14,614,2024-05-16,SESSAO ORDINARIA
14,615,2024-05-21,SESSAO ORDINARIA
14,616,2024-05-22,SESSAO ORDINARIA
14,617,2024-05-23,SESSAO ORDINARIA
14,618,2024-05-28,SESSAO ORDINARIA
14,619,2024-06-04,SESSAO EXTRAORDINARIA
14,620,2024-05-29,SESSAO ORDINARIA
14,621,2024-06-04,SESSAO EXTRAORDINARIA
14,622,2024-06-04,SESSAO ORDINARIA
14,623,2024-06-05,SESSAO ORDINARIA
14,624,2024-06-11,SESSAO EXTRAORDINARIA
14,625,2024-06-18,SESSAO EXTRAORDINARIA
14,626,2024-06-06,SESSAO ORDINARIA
14,627,2024-06-11,SESSAO ORDINARIA
14,628,2024-06-12,SESSAO ORDINARIA
14,629,2024-06-13,SESSAO ORDINARIA
14,630,2024-06-18,SESSAO ORDINARIA
14,631,2024-06-19,SESSAO ORDINARIA
14,632,2024-06-20,SESSAO ORDINARIA
14,633,2024-06-18,SESSAO EXTRAORDINARIA
14,634,2024-06-19,SESSAO EXTRAORDINARIA
14,635,2024-06-25,SESSAO EXTRAORDINARIA
14,636,2024-06-25,SESSAO ORDINARIA
14,637,2024-08-01,SESSAO ORDINARIA
14,638,2024-08-06,SESSAO ORDINARIA
14,639,2024-08-07,SESSAO EXTRAORDINARIA
14,640,2024-08-07,SESSAO EXTRAORDINARIA
14,641,2024-08-07,SESSAO ORDINARIA
14,642,2024-08-07,SESSAO EXTRAORDINARIA
14,643,2024-08-08,SESSAO ORDINARIA
14,644,2024-08-14,SESSAO ORDINARIA
14,645,2024-08-15,SESSAO ORDINARIA
14,646,2024-08-14,SESSAO EXTRAORDINARIA
14,647,2024-08-20,SESSAO ORDINARIA
14,648,2024-08-21,SESSAO ORDINARIA
14,649,2024-08-27,SESSAO ORDINARIA
14,650,2024-08-28,SESSAO ORDINARIA
14,651,2024-08-29,SESSAO ORDINARIA
14,652,2024-09-03,SESSAO EXTRAORDINARIA
14,653,2024-09-03,SESSAO ORDINARIA
14,654,2024-09-04,SESSAO ORDINARIA
14,655,2024-09-05,SESSAO ORDINARIA
14,656,2024-09-10,SESSAO EXTRAORDINARIA
14,657,2024-09-10,SESSAO ORDINARIA
14,658,2024-09-11,SESSAO ORDINARIA
14,659,2024-09-12,SESSAO ORDINARIA
14,660,2024-09-17,SESSAO ORDINARIA
14,661,2024-09-17,SESSAO EXTRAORDINARIA
14,662,2024-09-18,SESSAO ORDINARIA
14,663,2024-09-19,SESSAO ORDINARIA
14,664,2024-09-24,SESSAO EXTRAORDINARIA
14,665,2024-09-24,SESSAO ORDINARIA
14,666,2024-09-25,SESSAO ORDINARIA
14,667,2024-09-26,SESSAO ORDINARIA
14,668,2024-08-27,SESSAO EXTRAORDINARIA
14,669,2024-10-01,SESSAO EXTRAORDINARIA
14,670,2024-10-01,SESSAO ORDINARIA
14,671,2024-10-02,SESSAO ORDINARIA
14,672,2024-10-03,SESSAO ORDINARIA
14,673,2024-10-08,SESSAO EXTRAORDINARIA
14,674,2024-10-08,SESSAO ORDINARIA
14,675,2024-10-09,SESSAO ORDINARIA
14,676,2024-10-10,SESSAO ORDINARIA
14,677,2024-10-15,SESSAO ORDINARIA
14,678,2024-10-16,SESSAO ORDINARIA
14,679,2024-10-17,SESSAO ORDINARIA
14,680,2024-10-22,SESSAO EXTRAORDINARIA
14,681,2024-10-22,SESSAO ORDINARIA
14,682,2024-10-23,SESSAO ORDINARIA
14,683,2024-10-24,SESSAO ORDINARIA
14,684,2024-10-29,SESSAO EXTRAORDINARIA
14,685,2024-10-29,SESSAO ORDINARIA
14,686,2024-10-30,SESSAO ORDINARIA
14,687,2024-10-30,SESSAO EXTRAORDINARIA
14,688,2024-10-31,SESSAO ORDINARIA
14,689,2024-11-05,SESSAO ORDINARIA
14,690,2024-11-05,SESSAO EXTRAORDINARIA
14,691,2024-11-06,SESSAO ORDINARIA
14,692,2024-11-07,SESSAO ORDINARIA
14,693,2024-11-12,SESSAO EXTRAORDINARIA
14,694,2024-11-12,SESSAO ORDINARIA
14,1693,2024-11-13,SESSAO ORDINARIA
14,1694,2024-11-14,SESSAO ORDINARIA
14,1695,2024-11-19,SESSAO ORDINARIA
14,1696,2024-11-26,SESSAO EXTRAORDINARIA
14,1697,2024-11-26,SESSAO ORDINARIA
14,1698,2024-11-26,SESSAO EXTRAORDINARIA
14,1699,2024-11-27,SESSAO ORDINARIA
14,1700,2024-11-27,SESSAO EXTRAORDINARIA
14,1701,2024-11-28,SESSAO ORDINARIA
14,1702,2024-12-03,SESSAO ORDINARIA
14,1703,2024-12-03,SESSAO EXTRAORDINARIA
14,1704,2024-12-04,SESSAO EXTRAORDINARIA
14,1705,2024-12-04,SESSAO ORDINARIA
14,1706,2024-12-10,SESSAO EXTRAORDINARIA
14,1707,2024-12-10,SESSAO ORDINARIA
14,1708,2024-12-10,SESSAO EXTRAORDINARIA
14,1709,2024-03-12,SESSAO EXTRAORDINARIA
14,1710,2024-03-12,SESSAO EXTRAORDINARIA
14,1711,2024-03-12,SESSAO ORDINARIA
14,1713,2025-02-11,ORDINARIA
14,1715,2025-02-12,ORDINARIA
14,1716,2025-02-13,ORDINARIA
14,1717,2025-02-18,ORDINARIA
14,1719,2025-02-19,ORDINARIA
14,1720,2025-02-25,ORDINARIA
14,1721,2025-02-20,ORDINARIA
14,1724,2025-02-26,ORDINARIA
14,1727,2025-02-27,ORDINARIA
14,1730,2025-03-06,ORDINARIA
14,1733,2025-03-11,ORDINARIA
14,1734,2025-03-11,EXTRAORDINARIA
14,1736,2025-03-12,ORDINARIA
14,1739,2025-03-13,ORDINARIA
14,1740,2025-03-18,EXTRAORDINARIA
14,1741,2025-03-18,ORDINARIA
14,1742,2025-03-18,EXTRAORDINARIA
14,1743,2025-03-18,EXTRAORDINARIA
14,1744,2025-03-19,ORDINARIA
14,1746,2025-03-20,ORDINARIA
14,1752,2025-03-25,ORDINARIA
14,1754,2025-03-25,EXTRAORDINARIA
14,1755,2025-03-26,ORDINARIA
14,1756,2025-04-02,EXTRAORDINARIA
14,1757,2025-03-27,ORDINARIA
14,1759,2025-04-01,ORDINARIA
14,1762,2025-04-02,ORDINARIA
14,1763,2025-04-03,ORDINARIA
14,1765,2025-04-03,ORDINARIA
14,1769,2025-04-08,ORDINARIA
14,1770,2025-04-08,EXTRAORDINARIA
14,1773,2025-04-09,ORDINARIA
14,1775,2025-04-10,ORDINARIA
14,1776,2025-04-10,ORDINARIA
14,1780,2025-04-15,ORDINARIA
14,1783,2025-04-16,ORDINARIA
14,1785,2025-04-22,ORDINARIA
14,1786,2025-04-23,ORDINARIA
14,1788,2025-04-24,ORDINARIA
14,1789,2025-04-24,ORDINARIA
14,1790,2025-04-29,ORDINARIA
14,1792,2025-04-30,ORDINARIA
14,1794,2025-05-06,ORDINARIA
14,1795,2025-05-06,EXTRAORDINARIA
14,1796,2025-05-07,ORDINARIA
14,1797,2025-05-13,EXTRAORDINARIA
14,1798,2025-05-08,ORDINARIA
14,1799,2025-05-08,ORDINARIA
14,1802,2025-05-13,ORDINARIA
14,1803,2025-05-20,EXTRAORDINARIA
14,1805,2025-05-14,ORDINARIA
14,1807,2025-05-27,EXTRAORDINARIA
14,1813,2025-05-20,ORDINARIA
14,1817,2025-05-21,ORDINARIA
14,1819,2025-05-22,ORDINARIA
14,1820,2025-05-27,ORDINARIA
14,1825,2025-05-27,EXTRAORDINARIA
14,1827,2025-05-28,ORDINARIA
14,1829,2025-05-29,ORDINARIA
14,1830,2025-05-29,ORDINARIA
14,1833,2025-06-03,ORDINARIA
14,1834,2025-06-17,EXTRAORDINARIA
14,1836,2025-06-04,ORDINARIA
14,1838,2025-06-05,ORDINARIA
14,1842,2025-06-10,ORDINARIA
14,1844,2025-06-11,ORDINARIA
14,1846,2025-06-12,ORDINARIA
14,1847,2025-06-12,ORDINARIA
14,1848,2025-06-17,ORDINARIA
14,1851,2025-06-17,EXTRAORDINARIA
14,1854,2025-06-18,ORDINARIA
14,1856,2025-06-24,ORDINARIA
14,1858,2025-06-24,EXTRAORDINARIA
14,1859,2025-08-07,EXTRAORDINARIA
14,1862,2025-06-25,ORDINARIA
14,1864,2025-06-26,ORDINARIA
14,1865,2025-06-26,ORDINARIA
14,1870,2025-08-05,ORDINARIA
14,1873,2025-08-06,ORDINARIA
14,1875,2025-08-07,ORDINARIA
14,1876,2025-08-07,EXTRAORDINARIA
14,1879,2025-08-12,ORDINARIA
14,1880,2025-08-12,EXTRAORDINARIA
14,1882,2025-08-13,ORDINARIA
14,1884,2025-08-14,ORDINARIA
14,1885,2025-08-14,ORDINARIA
14,1891,2025-08-19,ORDINARIA
14,1892,2025-08-19,EXTRAORDINARIA
14,1895,2025-08-20,ORDINARIA
14,1896,2025-08-26,EXTRAORDINARIA
14,1897,2025-08-21,SOLENE
14,1899,2025-08-22,SOLENE
14,1903,2025-08-26,ORDINARIA
14,1904,2025-08-27,ORDINARIA
14,1905,2025-09-09,EXTRAORDINARIA
14,1906,2025-08-28,ORDINARIA
14,1907,2025-08-28,ORDINARIA
14,1911,2025-09-02,ORDINARIA
14,1913,2025-09-03,ORDINARIA
14,1914,2025-09-04,ORDINARIA
14,1915,2025-09-04,ORDINARIA
14,1916,2025-09-09,ORDINARIA
14,1917,2025-09-10,ORDINARIA
14,1919,2025-09-11,ORDINARIA
14,1920,2025-09-11,ORDINARIA
14,1927,2025-09-16,ORDINARIA
14,1928,2025-09-16,EXTRAORDINARIA
14,1929,2025-09-23,EXTRAORDINARIA
14,1930,2025-09-17,ORDINARIA
14,1932,2025-09-18,ORDINARIA
14,1933,2025-09-18,ORDINARIA
14,1939,2025-09-23,ORDINARIA
14,1941,2025-09-24,ORDINARIA
14,1944,2025-09-25,ORDINARIA
14,1945,2025-09-25,ORDINARIA
14,1950,2025-09-30,ORDINARIA
14,1951,2025-09-30,EXTRAORDINARIA
14,1954,2025-10-01,ORDINARIA
14,1956,2025-10-02,ORDINARIA
14,1963,2025-10-07,ORDINARIA
14,1964,2025-10-08,EXTRAORDINARIA
14,1966,2025-10-08,ORDINARIA
14,1967,2025-10-09,ORDINARIA
14,1968,2025-10-09,ORDINARIA
14,1974,2025-10-14,ORDINARIA
14,1975,2025-10-15,EXTRAORDINARIA
14,1977,2025-10-15,ORDINARIA
14,1979,2025-10-16,ORDINARIA
14,1985,2025-10-21,ORDINARIA
14,1986,2025-10-21,EXTRAORDINARIA
14,1988,2025-10-22,ORDINARIA
14,1989,2025-11-04,EXTRAORDINARIA
14,1990,2025-10-23,ORDINARIA
14,1992,2025-10-29,ORDINARIA
14,1994,2025-10-30,ORDINARIA
14,1995,2025-10-30,ORDINARIA
14,2000,2025-11-04,ORDINARIA
14,2003,2025-11-05,ORDINARIA
14,2004,2025-11-11,EXTRAORDINARIA
14,2006,2025-11-06,ORDINARIA
14,2013,2025-11-11,ORDINARIA
14,2014,2025-11-11,EXTRAORDINARIA
14,2015,2025-11-11,EXTRAORDINARIA
14,2018,2025-11-12,ORDINARIA
14,2020,2025-11-13,ORDINARIA
14,2027,2025-11-18,ORDINARIA
14,2028,2025-11-25,EXTRAORDINARIA
14,2030,2025-11-19,ORDINARIA
14,2034,2025-11-25,ORDINARIA
14,2035,2025-11-26,EXTRAORDINARIA
14,2037,2025-11-26,ORDINARIA
14,2038,2025-11-26,EXTRAORDINARIA
14,2039,2025-11-27,ORDINARIA
14,2040,2025-11-27,ORDINARIA
14,2045,2025-12-02,ORDINARIA
14,2046,2025-12-02,EXTRAORDINARIA
14,2047,2025-12-03,EXTRAORDINARIA
14,2050,2025-12-03,ORDINARIA
14,2053,2025-12-04,ORDINARIA
14,2057,2025-12-09,ORDINARIA
14,2058,2025-12-09,EXTRAORDINARIA
14,2060,2025-12-10,EXTRAORDINARIA
14,2061,2025-12-10,EXTRAORDINARIA
14,2062,2025-12-10,EXTRAORDINARIA
14,2065,2025-12-15,ORDINARIA
14,2066,2025-12-23,EXTRAORDINARIA
14,2067,2025-12-23,EXTRAORDINARIA
14,2069,2026-02-03,ORDINARIA
14,2070,2026-02-04,ORDINARIA
14,2072,2026-02-05,ORDINARIA
14,2074,2026-02-10,ORDINARIA
14,2075,2026-02-10,EXTRAORDINARIA
14,2078,2026-02-11,ORDINARIA
14,2079,2026-03-03,EXTRAORDINARIA
14,2081,2026-02-12,ORDINARIA
14,2082,2026-02-19,ORDINARIA
14,2084,2026-02-24,ORDINARIA
14,2085,2026-02-25,ORDINARIA
14,2088,2026-02-26,ORDINARIA
14,2092,2026-03-03,ORDINARIA
14,2093,2026-03-04,ORDINARIA
14,2096,2026-03-05,SOLENE
14,2101,2026-03-31,EXTRAORDINARIA
14,2102,2026-03-31,EXTRAORDINARIA
14,2103,2026-04-01,ORDINARIA
14,2106,2026-04-07,ORDINARIA
14,2107,2026-04-08,EXTRAORDINARIA
14,2108,2026-04-08,ORDINARIA
14,2109,2026-04-09,ORDINARIA
14,2112,2026-04-14,ORDINARIA
14,2113,2026-04-14,EXTRAORDINARIA
14,2114,2026-04-15,ORDINARIA
14,2115,2026-04-29,EXTRAORDINARIA
14,2116,2026-04-16,ORDINARIA
14,2118,2026-04-22,ORDINARIA
14,2119,2026-04-23,ORDINARIA
14,2122,2026-04-28,ORDINARIA
14,2125,2026-04-29,ORDINARIA
14,2126,2026-03-17,ORDINARIA
14,2127,2026-03-18,ORDINARIA
14,2128,2026-03-25,EXTRAORDINARIA
14,2131,2026-03-19,ORDINARIA
14,2136,2026-03-24,ORDINARIA
14,2138,2026-03-25,ORDINARIA
14,2139,2026-03-25,EXTRAORDINARIA
14,2141,2026-03-26,ORDINARIA
14,2143,2026-03-31,ORDINARIA
14,2145,2026-04-30,ORDINARIA
14,2148,2026-05-05,ORDINARIA
14,2149,2026-05-12,EXTRAORDINARIA
14,2150,2026-05-06,ORDINARIA
14,2152,2026-05-07,ORDINARIA
14,2159,2026-05-12,ORDINARIA
14,2161,2026-05-13,ORDINARIA
14,2163,2026-05-14,ORDINARIA
14,2170,2026-05-19,ORDINARIA
14,2171,2026-03-10,ORDINARIA
14,2172,2026-03-17,EXTRAORDINARIA
14,2173,2026-03-11,ORDINARIA
14,2176,2026-03-12,ORDINARIA
14,2183,2026-05-19,EXTRAORDINARIA
14,2185,2026-05-20,ORDINARIA
14,2186,2026-06-09,EXTRAORDINARIA
14,2188,2026-05-21,ORDINARIA
14,2191,2026-05-26,ORDINARIA
14,2192,2026-05-27,ORDINARIA
14,2193,2026-05-28,ORDINARIA
14,2199,2026-06-02,ORDINARIA
14,2200,2026-06-03,ORDINARIA
14,2203,2026-06-09,ORDINARIA
14,2204,2026-06-10,ORDINARIA
14,2205,2026-06-11,ORDINARIA
14,2213,2026-06-23,ORDINARIA
14,2218,2026-06-30,ORDINARIA
14,2219,2026-06-30,EXTRAORDINARIA
14,2220,2026-06-30,EXTRAORDINARIA
14,2225,2026-08-04,ORDINARIA
14,2228,2026-08-05,ORDINARIA
14,2229,2026-08-06,ORDINARIA
14,2233,2026-06-16,ORDINARIA
14,2234,2026-06-16,EXTRAORDINARIA
14,2235,2026-06-30,EXTRAORDINARIA
14,2237,2026-06-17,ORDINARIA
14,2239,2026-06-18,ORDINARIA
14,2241,2026-08-11,ORDINARIA
14,2244,2026-08-12,ORDINARIA
14,2245,2026-08-13,ORDINARIA
14,2250,2026-08-18,ORDINARIA
14,2253,2026-08-19,ORDINARIA
14,2255,2026-08-20,ORDINARIA
14,2258,2026-08-25,ORDINARIA
15,8,2020-02-12,SESSAO ORDINARIA
15,9,2020-02-13,SESSAO ORDINARIA
15,98,2020-09-29,SESSAO EXTRAORDINARIA
15,99,2020-09-29,SESSAO EXTRAORDINARIA
15,100,2020-09-30,SESSAO EXTRAORDINARIA
15,101,2020-10-06,SESSAO EXTRAORDINARIA
15,102,2020-10-07,SESSAO EXTRAORDINARIA
15,103,2020-10-07,SESSAO EXTRAORDINARIA
15,189,2021-06-29,SESSAO EXTRAORDINARIA
15,231,2021-10-07,SESSAO ORDINARIA
15,242,2021-11-03,SESSAO EXTRAORDINARIA
15,243,2021-11-03,SESSAO EXTRAORDINARIA
15,245,2021-11-09,SESSAO ORDINARIA
15,246,2021-11-09,SESSAO EXTRAORDINARIA
15,247,2021-11-10,SESSAO ORDINARIA
15,248,2021-11-10,SESSAO EXTRAORDINARIA
15,249,2021-11-11,SESSAO ORDINARIA
15,250,2021-11-16,SESSAO ORDINARIA
15,251,2021-11-17,SESSAO ORDINARIA
15,252,2021-11-18,SESSAO ORDINARIA
15,272,2021-12-15,SESSAO ORDINARIA
15,289,2022-02-24,SESSAO ORDINARIA
15,290,2022-03-03,SESSAO ORDINARIA
15,321,2022-04-20,SESSAO ORDINARIA
15,336,2022-05-19,SESSAO ORDINARIA
15,351,2022-06-23,SESSAO ORDINARIA
15,356,2022-06-30,SESSAO ORDINARIA
15,362,2022-08-10,SESSAO ORDINARIA
15,376,2022-09-14,SESSAO ORDINARIA
15,377,2022-09-15,SESSAO ORDINARIA
15,381,2022-09-22,SESSAO ORDINARIA
15,383,2022-09-28,SESSAO ORDINARIA
15,396,2022-10-27,SESSAO ORDINARIA
15,405,2022-11-17,SESSAO ORDINARIA
15,407,2022-11-23,SESSAO ORDINARIA
15,435,2023-03-09,SESSAO ORDINARIA
15,442,2023-03-21,SESSAO EXTRAORDINARIA
15,452,2023-04-13,SESSAO ORDINARIA
15,457,2023-04-26,SESSAO ORDINARIA
15,466,2023-05-16,SESSAO EXTRAORDINARIA
15,469,2023-05-18,SESSAO ORDINARIA
15,485,2023-06-27,SESSAO EXTRAORDINARIA
15,504,2023-08-31,SESSAO ORDINARIA
15,508,2023-09-19,SESSAO EXTRAORDINARIA
15,545,2023-11-28,SESSAO EXTRAORDINARIA
15,564,2024-02-15,SESSAO ORDINARIA
15,565,2024-02-20,SESSAO EXTRAORDINARIA
15,566,2024-02-20,SESSAO ORDINARIA
15,567,2024-02-21,SESSAO ORDINARIA
15,568,2024-02-22,SESSAO ORDINARIA
15,569,2024-02-27,SESSAO EXTRAORDINARIA
15,571,2024-02-27,SESSAO EXTRAORDINARIA
15,572,2024-02-27,SESSAO EXTRAORDINARIA
15,585,2024-03-26,SESSAO EXTRAORDINARIA
15,597,2024-04-11,SESSAO ORDINARIA
15,609,2024-05-08,SESSAO ORDINARIA
15,610,2024-05-09,SESSAO ORDINARIA
15,613,2024-05-15,SESSAO ORDINARIA
15,614,2024-05-16,SESSAO ORDINARIA
15,616,2024-05-22,SESSAO ORDINARIA
15,621,2024-06-04,SESSAO EXTRAORDINARIA
15,623,2024-06-05,SESSAO ORDINARIA
15,626,2024-06-06,SESSAO ORDINARIA
15,643,2024-08-08,SESSAO ORDINARIA
15,646,2024-08-14,SESSAO EXTRAORDINARIA
15,649,2024-08-27,SESSAO ORDINARIA
15,650,2024-08-28,SESSAO ORDINARIA
15,651,2024-08-29,SESSAO ORDINARIA
15,652,2024-09-03,SESSAO EXTRAORDINARIA
15,658,2024-09-11,SESSAO ORDINARIA
15,659,2024-09-12,SESSAO ORDINARIA
15,668,2024-08-27,SESSAO EXTRAORDINARIA
15,676,2024-10-10,SESSAO ORDINARIA
15,679,2024-10-17,SESSAO ORDINARIA
15,683,2024-10-24,SESSAO ORDINARIA
15,688,2024-10-31,SESSAO ORDINARIA
15,1694,2024-11-14,SESSAO ORDINARIA
15,1698,2024-11-26,SESSAO EXTRAORDINARIA
15,1701,2024-11-28,SESSAO ORDINARIA
15,1716,2025-02-13,ORDINARIA
15,1721,2025-02-20,ORDINARIA
15,1734,2025-03-11,EXTRAORDINARIA
15,1740,2025-03-18,EXTRAORDINARIA
15,1746,2025-03-20,ORDINARIA
15,1757,2025-03-27,ORDINARIA
15,1763,2025-04-03,ORDINARIA
15,1775,2025-04-10,ORDINARIA
15,1776,2025-04-10,ORDINARIA
15,1788,2025-04-24,ORDINARIA
15,1789,2025-04-24,ORDINARIA
15,1798,2025-05-08,ORDINARIA
15,1819,2025-05-22,ORDINARIA
15,1825,2025-05-27,EXTRAORDINARIA
15,1829,2025-05-29,ORDINARIA
15,1830,2025-05-29,ORDINARIA
15,1846,2025-06-12,ORDINARIA
15,1847,2025-06-12,ORDINARIA
15,1862,2025-06-25,ORDINARIA
15,1864,2025-06-26,ORDINARIA
15,1884,2025-08-14,ORDINARIA
15,1885,2025-08-14,ORDINARIA
15,1897,2025-08-21,SOLENE
15,1899,2025-08-22,SOLENE
15,1906,2025-08-28,ORDINARIA
15,1907,2025-08-28,ORDINARIA
15,1914,2025-09-04,ORDINARIA
15,1915,2025-09-04,ORDINARIA
15,1919,2025-09-11,ORDINARIA
15,1920,2025-09-11,ORDINARIA
15,1929,2025-09-23,EXTRAORDINARIA
15,1932,2025-09-18,ORDINARIA
15,1933,2025-09-18,ORDINARIA
15,1944,2025-09-25,ORDINARIA
15,1954,2025-10-01,ORDINARIA
15,1956,2025-10-02,ORDINARIA
15,1967,2025-10-09,ORDINARIA
15,1968,2025-10-09,ORDINARIA
15,1979,2025-10-16,ORDINARIA
15,1990,2025-10-23,ORDINARIA
15,1994,2025-10-30,ORDINARIA
15,1995,2025-10-30,ORDINARIA
15,2006,2025-11-06,ORDINARIA
15,2020,2025-11-13,ORDINARIA
15,2039,2025-11-27,ORDINARIA
15,2040,2025-11-27,ORDINARIA
15,2046,2025-12-02,EXTRAORDINARIA
15,2053,2025-12-04,ORDINARIA
15,2065,2025-12-15,ORDINARIA
15,2078,2026-02-11,ORDINARIA
15,2081,2026-02-12,ORDINARIA
15,2096,2026-03-05,SOLENE
15,2109,2026-04-09,ORDINARIA
15,2116,2026-04-16,ORDINARIA
15,2119,2026-04-23,ORDINARIA
15,2145,2026-04-30,ORDINARIA
15,2152,2026-05-07,ORDINARIA
15,2163,2026-05-14,ORDINARIA
15,2176,2026-03-12,ORDINARIA
15,2188,2026-05-21,ORDINARIA
15,2193,2026-05-28,ORDINARIA
15,2199,2026-06-02,ORDINARIA
15,2205,2026-06-11,ORDINARIA
15,2228,2026-08-05,ORDINARIA
15,2229,2026-08-06,ORDINARIA
15,2234,2026-06-16,EXTRAORDINARIA
15,2245,2026-08-13,ORDINARIA
15,2255,2026-08-20,ORDINARIA
16,15,2020-03-04,SESSAO ORDINARIA
16,16,2020-03-05,SESSAO ORDINARIA
16,17,2020-03-10,SESSAO ORDINARIA
16,18,2020-03-11,SESSAO ORDINARIA
16,19,2020-03-11,SESSAO EXTRAORDINARIA
16,20,2020-03-12,SESSAO ORDINARIA
16,21,2020-03-16,SESSAO EXTRAORDINARIA
16,22,2020-03-16,SESSAO EXTRAORDINARIA
16,64,2020-06-10,SESSAO EXTRAORDINARIA
16,66,2020-06-10,SESSAO EXTRAORDINARIA
16,71,2020-06-18,SESSAO EXTRAORDINARIA
16,88,2020-09-01,SESSAO EXTRAORDINARIA
16,94,2020-09-17,SESSAO EXTRAORDINARIA
16,99,2020-09-29,SESSAO EXTRAORDINARIA
16,103,2020-10-07,SESSAO EXTRAORDINARIA
16,104,2020-10-13,SESSAO EXTRAORDINARIA
16,105,2020-10-14,SESSAO EXTRAORDINARIA
16,106,2020-10-14,SESSAO EXTRAORDINARIA
16,107,2020-10-15,SESSAO EXTRAORDINARIA
16,108,2020-10-20,SESSAO EXTRAORDINARIA
16,109,2020-10-21,SESSAO EXTRAORDINARIA
16,110,2020-10-21,SESSAO EXTRAORDINARIA
16,111,2020-10-27,SESSAO EXTRAORDINARIA
16,112,2020-10-28,SESSAO EXTRAORDINARIA
16,113,2020-10-28,SESSAO EXTRAORDINARIA
16,116,2020-11-04,SESSAO EXTRAORDINARIA
16,119,2020-11-11,SESSAO EXTRAORDINARIA
16,122,2020-11-18,SESSAO EXTRAORDINARIA
16,124,2020-11-25,SESSAO EXTRAORDINARIA
16,125,2020-11-25,SESSAO EXTRAORDINARIA
16,134,2020-12-10,SESSAO EXTRAORDINARIA
16,154,2021-03-31,SESSAO EXTRAORDINARIA
16,155,2021-04-06,SESSAO EXTRAORDINARIA
16,156,2021-04-06,SESSAO EXTRAORDINARIA
16,157,2021-04-07,SESSAO EXTRAORDINARIA
16,159,2021-04-14,SESSAO EXTRAORDINARIA
16,160,2021-04-14,SESSAO EXTRAORDINARIA
16,165,2021-04-28,SESSAO EXTRAORDINARIA
16,167,2021-05-05,SESSAO EXTRAORDINARIA
16,169,2021-05-11,SESSAO EXTRAORDINARIA
16,170,2021-05-12,SESSAO EXTRAORDINARIA
16,183,2021-06-15,SESSAO EXTRAORDINARIA
16,187,2021-06-23,SESSAO EXTRAORDINARIA
16,194,2021-08-05,SESSAO ORDINARIA
16,195,2021-08-05,SESSAO ORDINARIA
16,198,2021-08-11,SESSAO ORDINARIA
16,199,2021-08-12,SESSAO ORDINARIA
16,200,2021-08-17,SESSAO ORDINARIA
16,201,2021-08-17,SESSAO EXTRAORDINARIA
16,202,2021-08-17,SESSAO EXTRAORDINARIA
16,204,2021-08-19,SESSAO ORDINARIA
16,207,2021-08-26,SESSAO ORDINARIA
16,209,2021-08-31,SESSAO EXTRAORDINARIA
16,210,2021-08-31,SESSAO EXTRAORDINARIA
16,211,2021-09-01,SESSAO ORDINARIA
16,212,2021-09-02,SESSAO ORDINARIA
16,213,2021-09-08,SESSAO ORDINARIA
16,214,2021-09-09,SESSAO ORDINARIA
16,217,2021-09-15,SESSAO EXTRAORDINARIA
16,218,2021-09-16,SESSAO ORDINARIA
16,220,2021-09-21,SESSAO EXTRAORDINARIA
16,221,2021-09-22,SESSAO ORDINARIA
16,222,2021-09-23,SESSAO ORDINARIA
16,225,2021-09-30,SESSAO ORDINARIA
16,231,2021-10-07,SESSAO ORDINARIA
16,233,2021-10-14,SESSAO ORDINARIA
16,236,2021-10-20,SESSAO EXTRAORDINARIA
16,237,2021-10-21,SESSAO ORDINARIA
16,239,2021-10-27,SESSAO ORDINARIA
16,240,2021-10-28,SESSAO ORDINARIA
16,241,2021-11-03,SESSAO ORDINARIA
16,242,2021-11-03,SESSAO EXTRAORDINARIA
16,243,2021-11-03,SESSAO EXTRAORDINARIA
16,244,2021-11-04,SESSAO ORDINARIA
16,246,2021-11-09,SESSAO EXTRAORDINARIA
16,247,2021-11-10,SESSAO ORDINARIA
16,248,2021-11-10,SESSAO EXTRAORDINARIA
16,249,2021-11-11,SESSAO ORDINARIA
16,252,2021-11-18,SESSAO ORDINARIA
16,254,2021-11-23,SESSAO EXTRAORDINARIA
16,256,2021-11-25,SESSAO ORDINARIA
16,258,2021-12-01,SESSAO EXTRAORDINARIA
16,262,2021-12-07,SESSAO EXTRAORDINARIA
16,264,2021-12-08,SESSAO EXTRAORDINARIA
16,274,2022-02-03,SESSAO ORDINARIA
16,276,2022-02-08,SESSAO EXTRAORDINARIA
16,277,2022-02-08,SESSAO EXTRAORDINARIA
16,278,2022-02-09,SESSAO ORDINARIA
16,279,2022-02-10,SESSAO ORDINARIA
16,284,2022-02-17,SESSAO ORDINARIA
16,285,2022-02-22,SESSAO ORDINARIA
16,286,2022-02-22,SESSAO EXTRAORDINARIA
16,287,2022-02-23,SESSAO ORDINARIA
16,289,2022-02-24,SESSAO ORDINARIA
16,290,2022-03-03,SESSAO ORDINARIA
16,294,2022-03-10,SESSAO ORDINARIA
16,296,2022-03-23,SESSAO EXTRAORDINARIA
16,298,2022-03-16,SESSAO ORDINARIA
16,299,2022-03-17,SESSAO ORDINARIA
16,301,2022-03-23,SESSAO ORDINARIA
16,303,2022-03-24,SESSAO ORDINARIA
16,307,2022-03-31,SESSAO EXTRAORDINARIA
16,314,2022-04-06,SESSAO ORDINARIA
16,316,2022-05-10,SESSAO EXTRAORDINARIA
16,317,2022-04-07,SESSAO ORDINARIA
16,319,2022-04-13,SESSAO ORDINARIA
16,320,2022-04-19,SESSAO ORDINARIA
16,321,2022-04-20,SESSAO ORDINARIA
16,322,2022-04-26,SESSAO ORDINARIA
16,323,2022-04-27,SESSAO ORDINARIA
16,324,2022-04-28,SESSAO ORDINARIA
16,325,2022-05-03,SESSAO ORDINARIA
16,326,2022-05-04,SESSAO ORDINARIA
16,327,2022-05-05,SESSAO ORDINARIA
16,328,2022-05-10,SESSAO ORDINARIA
16,329,2022-05-11,SESSAO ORDINARIA
16,331,2022-05-12,SESSAO ORDINARIA
16,333,2022-05-12,SESSAO ORDINARIA
16,335,2022-05-18,SESSAO ORDINARIA
16,336,2022-05-19,SESSAO ORDINARIA
16,338,2022-05-25,SESSAO ORDINARIA
16,339,2022-05-26,SESSAO ORDINARIA
16,341,2022-06-01,SESSAO ORDINARIA
16,342,2022-06-02,SESSAO ORDINARIA
16,345,2022-06-21,SESSAO EXTRAORDINARIA
16,346,2022-06-09,SESSAO ORDINARIA
16,348,2022-06-15,SESSAO ORDINARIA
16,350,2022-06-22,SESSAO ORDINARIA
16,351,2022-06-23,SESSAO ORDINARIA
16,356,2022-06-30,SESSAO ORDINARIA
16,359,2022-08-03,SESSAO ORDINARIA
16,360,2022-08-04,SESSAO ORDINARIA
16,362,2022-08-10,SESSAO ORDINARIA
16,363,2022-08-11,SESSAO ORDINARIA
16,365,2022-08-17,SESSAO ORDINARIA
16,366,2022-08-18,SESSAO ORDINARIA
16,368,2022-08-24,SESSAO ORDINARIA
16,369,2022-08-25,SESSAO ORDINARIA
16,371,2022-08-31,SESSAO ORDINARIA
16,372,2022-09-13,SESSAO EXTRAORDINARIA
16,373,2022-09-01,SESSAO ORDINARIA
16,374,2022-09-08,SESSAO ORDINARIA
16,376,2022-09-14,SESSAO ORDINARIA
16,377,2022-09-15,SESSAO ORDINARIA
16,380,2022-09-21,SESSAO ORDINARIA
16,381,2022-09-22,SESSAO ORDINARIA
16,382,2022-09-27,SESSAO ORDINARIA
16,383,2022-09-28,SESSAO ORDINARIA
16,384,2022-09-29,SESSAO ORDINARIA
16,385,2022-10-04,SESSAO ORDINARIA
16,386,2022-10-05,SESSAO ORDINARIA
16,387,2022-10-06,SESSAO ORDINARIA
16,389,2022-10-13,SESSAO ORDINARIA
16,390,2022-10-18,SESSAO ORDINARIA
16,392,2022-10-20,SESSAO ORDINARIA
16,395,2022-10-26,SESSAO ORDINARIA
16,396,2022-10-27,SESSAO ORDINARIA
16,397,2022-11-03,SESSAO ORDINARIA
16,400,2022-11-09,SESSAO ORDINARIA
16,402,2022-11-10,SESSAO ORDINARIA
16,403,2022-12-06,SESSAO EXTRAORDINARIA
16,404,2022-11-16,SESSAO ORDINARIA
16,405,2022-11-17,SESSAO ORDINARIA
16,407,2022-11-23,SESSAO ORDINARIA
16,409,2022-12-01,SESSAO ORDINARIA
16,412,2022-12-07,SESSAO EXTRAORDINARIA
16,413,2022-12-08,SESSAO ORDINARIA
16,416,2022-12-14,SESSAO ORDINARIA
16,417,2022-12-15,SESSAO ORDINARIA
16,418,2023-02-01,SESSAO ORDINARIA
16,419,2023-02-02,SESSAO ORDINARIA
16,420,2023-02-07,SESSAO ORDINARIA
16,421,2023-02-08,SESSAO ORDINARIA
16,422,2023-02-14,SESSAO EXTRAORDINARIA
16,423,2023-02-09,SESSAO ORDINARIA
16,424,2023-02-16,SESSAO EXTRAORDINARIA
16,425,2023-02-14,SESSAO ORDINARIA
16,426,2023-02-15,SESSAO ORDINARIA
16,427,2023-02-16,SESSAO ORDINARIA
16,428,2023-02-23,SESSAO ORDINARIA
16,429,2023-02-28,SESSAO ORDINARIA
16,430,2023-03-01,SESSAO ORDINARIA
16,431,2023-03-21,SESSAO EXTRAORDINARIA
16,432,2023-03-02,SESSAO ORDINARIA
16,433,2023-03-07,SESSAO ORDINARIA
16,434,2023-03-08,SESSAO ORDINARIA
16,435,2023-03-09,SESSAO ORDINARIA
16,436,2023-03-14,SESSAO ORDINARIA
16,437,2023-03-15,SESSAO ORDINARIA
16,438,2023-03-16,SESSAO ORDINARIA
16,439,2023-03-21,SESSAO ORDINARIA
16,440,2023-03-22,SESSAO ORDINARIA
16,441,2023-03-23,SESSAO ORDINARIA
16,442,2023-03-21,SESSAO EXTRAORDINARIA
16,443,2023-04-04,SESSAO EXTRAORDINARIA
16,444,2023-03-28,SESSAO ORDINARIA
16,445,2023-03-29,SESSAO ORDINARIA
16,446,2023-03-30,SESSAO ORDINARIA
16,447,2023-04-04,SESSAO ORDINARIA
16,448,2023-04-05,SESSAO ORDINARIA
16,449,2023-04-11,SESSAO EXTRAORDINARIA
16,450,2023-04-11,SESSAO ORDINARIA
16,451,2023-04-12,SESSAO ORDINARIA
16,452,2023-04-13,SESSAO ORDINARIA
16,453,2023-04-18,SESSAO ORDINARIA
16,454,2023-04-19,SESSAO ORDINARIA
16,455,2023-04-20,SESSAO ORDINARIA
16,456,2023-04-25,SESSAO ORDINARIA
16,457,2023-04-26,SESSAO ORDINARIA
16,458,2023-04-27,SESSAO ORDINARIA
16,459,2023-05-02,SESSAO ORDINARIA
16,460,2023-05-03,SESSAO ORDINARIA
16,461,2023-05-04,SESSAO ORDINARIA
16,462,2023-05-09,SESSAO EXTRAORDINARIA
16,463,2023-05-09,SESSAO ORDINARIA
16,464,2023-05-10,SESSAO ORDINARIA
16,465,2023-05-11,SESSAO ORDINARIA
16,466,2023-05-16,SESSAO EXTRAORDINARIA
16,467,2023-05-16,SESSAO ORDINARIA
16,468,2023-05-17,SESSAO ORDINARIA
16,469,2023-05-18,SESSAO ORDINARIA
16,470,2023-05-23,SESSAO ORDINARIA
16,471,2023-05-24,SESSAO ORDINARIA
16,472,2023-05-25,SESSAO ORDINARIA
16,473,2023-05-30,SESSAO ORDINARIA
16,474,2023-05-31,SESSAO EXTRAORDINARIA
16,475,2023-05-31,SESSAO ORDINARIA
16,476,2023-06-01,SESSAO ORDINARIA
16,477,2023-06-06,SESSAO ORDINARIA
16,478,2023-06-07,SESSAO ORDINARIA
16,479,2023-06-13,SESSAO ORDINARIA
16,480,2023-06-14,SESSAO ORDINARIA
16,481,2023-06-20,SESSAO EXTRAORDINARIA
16,482,2023-06-20,SESSAO ORDINARIA
16,483,2023-06-21,SESSAO ORDINARIA
16,484,2023-06-22,SESSAO ORDINARIA
16,485,2023-06-27,SESSAO EXTRAORDINARIA
16,486,2023-06-27,SESSAO ORDINARIA
16,487,2023-08-01,SESSAO ORDINARIA
16,488,2023-08-02,SESSAO ORDINARIA
16,489,2023-08-03,SESSAO ORDINARIA
16,490,2023-08-08,SESSAO ORDINARIA
16,491,2023-08-09,SESSAO ORDINARIA
16,492,2023-08-10,SESSAO ORDINARIA
16,493,2023-08-15,SESSAO ORDINARIA
16,494,2023-08-15,SESSAO EXTRAORDINARIA
16,495,2023-08-16,SESSAO ORDINARIA
16,496,2023-08-22,SESSAO ORDINARIA
16,497,2023-08-22,SESSAO EXTRAORDINARIA
16,498,2023-08-23,SESSAO ORDINARIA
16,499,2023-08-24,SESSAO ORDINARIA
16,500,2023-08-29,SESSAO ORDINARIA
16,501,2023-08-29,SESSAO EXTRAORDINARIA
16,502,2023-08-29,SESSAO EXTRAORDINARIA
16,503,2023-08-30,SESSAO ORDINARIA
16,504,2023-08-31,SESSAO ORDINARIA
16,505,2023-09-05,SESSAO ORDINARIA
16,506,2023-09-12,SESSAO ORDINARIA
16,507,2023-09-13,SESSAO ORDINARIA
16,508,2023-09-19,SESSAO EXTRAORDINARIA
16,509,2023-09-19,SESSAO ORDINARIA
16,510,2023-09-20,SESSAO ORDINARIA
16,511,2023-09-21,SESSAO ORDINARIA
16,512,2023-09-26,SESSAO EXTRAORDINARIA
16,513,2023-09-26,SESSAO ORDINARIA
16,514,2023-09-27,SESSAO ORDINARIA
16,515,2023-09-28,SESSAO ORDINARIA
16,516,2023-10-03,SESSAO EXTRAORDINARIA
16,517,2023-10-03,SESSAO ORDINARIA
16,518,2023-10-04,SESSAO ORDINARIA
16,519,2023-10-05,SESSAO ORDINARIA
16,520,2023-10-10,SESSAO ORDINARIA
16,521,2023-10-10,SESSAO EXTRAORDINARIA
16,522,2023-10-11,SESSAO ORDINARIA
16,523,2023-10-17,SESSAO EXTRAORDINARIA
16,524,2023-10-17,SESSAO ORDINARIA
16,525,2023-10-18,SESSAO ORDINARIA
16,526,2023-10-19,SESSAO ORDINARIA
16,527,2023-10-24,SESSAO EXTRAORDINARIA
16,528,2023-10-24,SESSAO ORDINARIA
16,529,2023-10-25,SESSAO ORDINARIA
16,530,2023-10-31,SESSAO ORDINARIA
16,531,2023-10-31,SESSAO EXTRAORDINARIA
16,532,2023-11-01,SESSAO ORDINARIA
16,533,2023-11-07,SESSAO ORDINARIA
16,534,2023-11-07,SESSAO EXTRAORDINARIA
16,535,2023-11-08,SESSAO ORDINARIA
16,536,2023-11-09,SESSAO ORDINARIA
16,537,2023-11-14,SESSAO EXTRAORDINARIA
16,538,2023-11-14,SESSAO ORDINARIA
16,539,2023-11-16,SESSAO ORDINARIA
16,540,2023-11-21,SESSAO ORDINARIA
16,541,2023-11-21,SESSAO EXTRAORDINARIA
16,542,2023-11-21,SESSAO EXTRAORDINARIA
16,543,2023-11-22,SESSAO ORDINARIA
16,544,2023-11-23,SESSAO ORDINARIA
16,545,2023-11-28,SESSAO EXTRAORDINARIA
16,546,2023-11-28,SESSAO ORDINARIA
16,547,2023-11-28,SESSAO EXTRAORDINARIA
16,548,2023-12-05,SESSAO ORDINARIA
16,549,2023-12-05,SESSAO EXTRAORDINARIA
16,550,2023-12-06,SESSAO ORDINARIA
16,551,2023-12-07,SESSAO ORDINARIA
16,552,2023-12-12,SESSAO EXTRAORDINARIA
16,553,2023-12-12,SESSAO ORDINARIA
16,554,2023-12-13,SESSAO ORDINARIA
16,555,2023-12-13,SESSAO EXTRAORDINARIA
16,556,2023-12-13,SESSAO EXTRAORDINARIA
16,557,2024-02-01,SESSAO ORDINARIA
16,558,2024-02-01,SESSAO EXTRAORDINARIA
16,559,2024-02-01,SESSAO EXTRAORDINARIA
16,560,2024-02-06,SESSAO EXTRAORDINARIA
16,561,2024-02-06,SESSAO ORDINARIA
16,562,2024-02-07,SESSAO ORDINARIA
16,563,2024-02-08,SESSAO ORDINARIA
16,564,2024-02-15,SESSAO ORDINARIA
16,565,2024-02-20,SESSAO EXTRAORDINARIA
16,566,2024-02-20,SESSAO ORDINARIA
16,567,2024-02-21,SESSAO ORDINARIA
16,568,2024-02-22,SESSAO ORDINARIA
16,569,2024-02-27,SESSAO EXTRAORDINARIA
16,570,2024-02-27,SESSAO ORDINARIA
16,571,2024-02-27,SESSAO EXTRAORDINARIA
16,572,2024-02-27,SESSAO EXTRAORDINARIA
16,573,2024-02-28,SESSAO ORDINARIA
16,574,2024-02-29,SESSAO ORDINARIA
16,575,2024-03-05,SESSAO EXTRAORDINARIA
16,576,2024-03-05,SESSAO ORDINARIA
16,577,2024-03-06,SESSAO ORDINARIA
16,578,2024-03-07,SESSAO ORDINARIA
16,579,2024-03-13,SESSAO ORDINARIA
16,580,2024-03-14,SESSAO ORDINARIA
16,581,2024-03-19,SESSAO EXTRAORDINARIA
16,582,2024-03-19,SESSAO ORDINARIA
16,583,2024-03-20,SESSAO ORDINARIA
16,584,2024-03-21,SESSAO ORDINARIA
16,585,2024-03-26,SESSAO EXTRAORDINARIA
16,586,2024-03-26,SESSAO ORDINARIA
16,587,2024-03-27,SESSAO ORDINARIA
16,588,2024-04-02,SESSAO EXTRAORDINARIA
16,589,2024-04-02,SESSAO ORDINARIA
16,590,2024-04-03,SESSAO ORDINARIA
16,591,2024-04-04,SESSAO ORDINARIA
16,592,2024-04-23,SESSAO ORDINARIA
16,593,2024-04-09,SESSAO EXTRAORDINARIA
16,594,2024-04-09,SESSAO ORDINARIA
16,595,2024-04-10,SESSAO ORDINARIA
16,596,2024-04-09,SESSAO EXTRAORDINARIA
16,597,2024-04-11,SESSAO ORDINARIA
16,598,2024-04-23,SESSAO EXTRAORDINARIA
16,599,2024-05-07,SESSAO EXTRAORDINARIA
16,600,2024-04-16,SESSAO ORDINARIA
16,601,2024-04-17,SESSAO ORDINARIA
16,602,2024-04-18,SESSAO ORDINARIA
16,603,2024-04-24,SESSAO ORDINARIA
16,604,2024-04-25,SESSAO ORDINARIA
16,605,2024-05-21,SESSAO EXTRAORDINARIA
16,606,2024-04-30,SESSAO ORDINARIA
16,607,2024-05-02,SESSAO ORDINARIA
16,608,2024-05-07,SESSAO ORDINARIA
16,609,2024-05-08,SESSAO ORDINARIA
16,610,2024-05-09,SESSAO ORDINARIA
16,611,2024-05-28,SESSAO EXTRAORDINARIA
16,612,2024-05-14,SESSAO ORDINARIA
16,613,2024-05-15,SESSAO ORDINARIA
16,614,2024-05-16,SESSAO ORDINARIA
16,615,2024-05-21,SESSAO ORDINARIA
16,616,2024-05-22,SESSAO ORDINARIA
16,617,2024-05-23,SESSAO ORDINARIA
16,618,2024-05-28,SESSAO ORDINARIA
16,619,2024-06-04,SESSAO EXTRAORDINARIA
16,620,2024-05-29,SESSAO ORDINARIA
16,621,2024-06-04,SESSAO EXTRAORDINARIA
16,622,2024-06-04,SESSAO ORDINARIA
16,623,2024-06-05,SESSAO ORDINARIA
16,624,2024-06-11,SESSAO EXTRAORDINARIA
16,625,2024-06-18,SESSAO EXTRAORDINARIA
16,626,2024-06-06,SESSAO ORDINARIA
16,627,2024-06-11,SESSAO ORDINARIA
16,628,2024-06-12,SESSAO ORDINARIA
16,629,2024-06-13,SESSAO ORDINARIA
16,630,2024-06-18,SESSAO ORDINARIA
16,631,2024-06-19,SESSAO ORDINARIA
16,632,2024-06-20,SESSAO ORDINARIA
16,633,2024-06-18,SESSAO EXTRAORDINARIA
16,634,2024-06-19,SESSAO EXTRAORDINARIA
16,635,2024-06-25,SESSAO EXTRAORDINARIA
16,636,2024-06-25,SESSAO ORDINARIA
16,637,2024-08-01,SESSAO ORDINARIA
16,638,2024-08-06,SESSAO ORDINARIA
16,639,2024-08-07,SESSAO EXTRAORDINARIA
16,640,2024-08-07,SESSAO EXTRAORDINARIA
16,641,2024-08-07,SESSAO ORDINARIA
16,642,2024-08-07,SESSAO EXTRAORDINARIA
16,643,2024-08-08,SESSAO ORDINARIA
16,644,2024-08-14,SESSAO ORDINARIA
16,645,2024-08-15,SESSAO ORDINARIA
16,646,2024-08-14,SESSAO EXTRAORDINARIA
16,647,2024-08-20,SESSAO ORDINARIA
16,648,2024-08-21,SESSAO ORDINARIA
16,649,2024-08-27,SESSAO ORDINARIA
16,650,2024-08-28,SESSAO ORDINARIA
16,651,2024-08-29,SESSAO ORDINARIA
16,652,2024-09-03,SESSAO EXTRAORDINARIA
16,653,2024-09-03,SESSAO ORDINARIA
16,654,2024-09-04,SESSAO ORDINARIA
16,655,2024-09-05,SESSAO ORDINARIA
16,656,2024-09-10,SESSAO EXTRAORDINARIA
16,657,2024-09-10,SESSAO ORDINARIA
16,658,2024-09-11,SESSAO ORDINARIA
16,659,2024-09-12,SESSAO ORDINARIA
16,660,2024-09-17,SESSAO ORDINARIA
16,661,2024-09-17,SESSAO EXTRAORDINARIA
16,662,2024-09-18,SESSAO ORDINARIA
16,663,2024-09-19,SESSAO ORDINARIA
16,664,2024-09-24,SESSAO EXTRAORDINARIA
16,665,2024-09-24,SESSAO ORDINARIA
16,666,2024-09-25,SESSAO ORDINARIA
16,667,2024-09-26,SESSAO ORDINARIA
16,668,2024-08-27,SESSAO EXTRAORDINARIA
16,669,2024-10-01,SESSAO EXTRAORDINARIA
16,670,2024-10-01,SESSAO ORDINARIA
16,671,2024-10-02,SESSAO ORDINARIA
16,672,2024-10-03,SESSAO ORDINARIA
16,673,2024-10-08,SESSAO EXTRAORDINARIA
16,674,2024-10-08,SESSAO ORDINARIA
16,675,2024-10-09,SESSAO ORDINARIA
16,676,2024-10-10,SESSAO ORDINARIA
16,677,2024-10-15,SESSAO ORDINARIA
16,678,2024-10-16,SESSAO ORDINARIA
16,679,2024-10-17,SESSAO ORDINARIA
16,680,2024-10-22,SESSAO EXTRAORDINARIA
16,681,2024-10-22,SESSAO ORDINARIA
16,682,2024-10-23,SESSAO ORDINARIA
16,683,2024-10-24,SESSAO ORDINARIA
16,684,2024-10-29,SESSAO EXTRAORDINARIA
16,685,2024-10-29,SESSAO ORDINARIA
16,686,2024-10-30,SESSAO ORDINARIA
16,687,2024-10-30,SESSAO EXTRAORDINARIA
16,688,2024-10-31,SESSAO ORDINARIA
16,689,2024-11-05,SESSAO ORDINARIA
16,690,2024-11-05,SESSAO EXTRAORDINARIA
16,691,2024-11-06,SESSAO ORDINARIA
16,692,2024-11-07,SESSAO ORDINARIA
16,693,2024-11-12,SESSAO EXTRAORDINARIA
16,694,2024-11-12,SESSAO ORDINARIA
16,1693,2024-11-13,SESSAO ORDINARIA
16,1694,2024-11-14,SESSAO ORDINARIA
16,1695,2024-11-19,SESSAO ORDINARIA
16,1696,2024-11-26,SESSAO EXTRAORDINARIA
16,1697,2024-11-26,SESSAO ORDINARIA
16,1698,2024-11-26,SESSAO EXTRAORDINARIA
16,1699,2024-11-27,SESSAO ORDINARIA
16,1700,2024-11-27,SESSAO EXTRAORDINARIA
16,1701,2024-11-28,SESSAO ORDINARIA
16,1702,2024-12-03,SESSAO ORDINARIA
16,1703,2024-12-03,SESSAO EXTRAORDINARIA
16,1704,2024-12-04,SESSAO EXTRAORDINARIA
16,1705,2024-12-04,SESSAO ORDINARIA
16,1706,2024-12-10,SESSAO EXTRAORDINARIA
16,1707,2024-12-10,SESSAO ORDINARIA
16,1708,2024-12-10,SESSAO EXTRAORDINARIA
16,1709,2024-03-12,SESSAO EXTRAORDINARIA
16,1710,2024-03-12,SESSAO EXTRAORDINARIA
16,1711,2024-03-12,SESSAO ORDINARIA
16,1713,2025-02-11,ORDINARIA
16,1715,2025-02-12,ORDINARIA
16,1716,2025-02-13,ORDINARIA
16,1717,2025-02-18,ORDINARIA
16,1719,2025-02-19,ORDINARIA
16,1720,2025-02-25,ORDINARIA
16,1721,2025-02-20,ORDINARIA
16,1724,2025-02-26,ORDINARIA
16,1727,2025-02-27,ORDINARIA
16,1730,2025-03-06,ORDINARIA
16,1733,2025-03-11,ORDINARIA
16,1734,2025-03-11,EXTRAORDINARIA
16,1736,2025-03-12,ORDINARIA
16,1739,2025-03-13,ORDINARIA
16,1740,2025-03-18,EXTRAORDINARIA
16,1741,2025-03-18,ORDINARIA
16,1742,2025-03-18,EXTRAORDINARIA
16,1743,2025-03-18,EXTRAORDINARIA
16,1744,2025-03-19,ORDINARIA
16,1746,2025-03-20,ORDINARIA
16,1752,2025-03-25,ORDINARIA
16,1754,2025-03-25,EXTRAORDINARIA
16,1755,2025-03-26,ORDINARIA
16,1756,2025-04-02,EXTRAORDINARIA
16,1757,2025-03-27,ORDINARIA
16,1759,2025-04-01,ORDINARIA
16,1762,2025-04-02,ORDINARIA
16,1763,2025-04-03,ORDINARIA
16,1765,2025-04-03,ORDINARIA
16,1769,2025-04-08,ORDINARIA
16,1770,2025-04-08,EXTRAORDINARIA
16,1773,2025-04-09,ORDINARIA
16,1775,2025-04-10,ORDINARIA
16,1776,2025-04-10,ORDINARIA
16,1780,2025-04-15,ORDINARIA
16,1783,2025-04-16,ORDINARIA
16,1785,2025-04-22,ORDINARIA
16,1786,2025-04-23,ORDINARIA
16,1788,2025-04-24,ORDINARIA
16,1789,2025-04-24,ORDINARIA
16,1790,2025-04-29,ORDINARIA
16,1792,2025-04-30,ORDINARIA
16,1794,2025-05-06,ORDINARIA
16,1795,2025-05-06,EXTRAORDINARIA
16,1796,2025-05-07,ORDINARIA
16,1797,2025-05-13,EXTRAORDINARIA
16,1798,2025-05-08,ORDINARIA
16,1799,2025-05-08,ORDINARIA
16,1802,2025-05-13,ORDINARIA
16,1803,2025-05-20,EXTRAORDINARIA
16,1805,2025-05-14,ORDINARIA
16,1807,2025-05-27,EXTRAORDINARIA
16,1813,2025-05-20,ORDINARIA
16,1817,2025-05-21,ORDINARIA
16,1819,2025-05-22,ORDINARIA
16,1820,2025-05-27,ORDINARIA
16,1825,2025-05-27,EXTRAORDINARIA
16,1827,2025-05-28,ORDINARIA
16,1829,2025-05-29,ORDINARIA
16,1830,2025-05-29,ORDINARIA
16,1833,2025-06-03,ORDINARIA
16,1834,2025-06-17,EXTRAORDINARIA
16,1836,2025-06-04,ORDINARIA
16,1838,2025-06-05,ORDINARIA
16,1842,2025-06-10,ORDINARIA
16,1844,2025-06-11,ORDINARIA
16,1846,2025-06-12,ORDINARIA
16,1847,2025-06-12,ORDINARIA
16,1848,2025-06-17,ORDINARIA
16,1851,2025-06-17,EXTRAORDINARIA
16,1854,2025-06-18,ORDINARIA
16,1856,2025-06-24,ORDINARIA
16,1858,2025-06-24,EXTRAORDINARIA
16,1859,2025-08-07,EXTRAORDINARIA
16,1862,2025-06-25,ORDINARIA
16,1864,2025-06-26,ORDINARIA
16,1865,2025-06-26,ORDINARIA
16,1870,2025-08-05,ORDINARIA
16,1873,2025-08-06,ORDINARIA
16,1875,2025-08-07,ORDINARIA
16,1876,2025-08-07,EXTRAORDINARIA
16,1879,2025-08-12,ORDINARIA
16,1880,2025-08-12,EXTRAORDINARIA
16,1882,2025-08-13,ORDINARIA
16,1884,2025-08-14,ORDINARIA
16,1885,2025-08-14,ORDINARIA
16,1891,2025-08-19,ORDINARIA
16,1892,2025-08-19,EXTRAORDINARIA
16,1895,2025-08-20,ORDINARIA
16,1896,2025-08-26,EXTRAORDINARIA
16,1897,2025-08-21,SOLENE
16,1899,2025-08-22,SOLENE
16,1903,2025-08-26,ORDINARIA
16,1904,2025-08-27,ORDINARIA
16,1905,2025-09-09,EXTRAORDINARIA
16,1906,2025-08-28,ORDINARIA
16,1907,2025-08-28,ORDINARIA
16,1911,2025-09-02,ORDINARIA
16,1913,2025-09-03,ORDINARIA
16,1914,2025-09-04,ORDINARIA
16,1915,2025-09-04,ORDINARIA
16,1916,2025-09-09,ORDINARIA
16,1917,2025-09-10,ORDINARIA
16,1919,2025-09-11,ORDINARIA
16,1920,2025-09-11,ORDINARIA
16,1927,2025-09-16,ORDINARIA
16,1928,2025-09-16,EXTRAORDINARIA
16,1929,2025-09-23,EXTRAORDINARIA
16,1930,2025-09-17,ORDINARIA
16,1932,2025-09-18,ORDINARIA
16,1933,2025-09-18,ORDINARIA
16,1939,2025-09-23,ORDINARIA
16,1941,2025-09-24,ORDINARIA
16,1944,2025-09-25,ORDINARIA
16,1945,2025-09-25,ORDINARIA
16,1950,2025-09-30,ORDINARIA
16,1951,2025-09-30,EXTRAORDINARIA
16,1954,2025-10-01,ORDINARIA
16,1956,2025-10-02,ORDINARIA
16,1963,2025-10-07,ORDINARIA
16,1964,2025-10-08,EXTRAORDINARIA
16,1966,2025-10-08,ORDINARIA
16,1967,2025-10-09,ORDINARIA
16,1968,2025-10-09,ORDINARIA
16,1974,2025-10-14,ORDINARIA
16,1975,2025-10-15,EXTRAORDINARIA
16,1977,2025-10-15,ORDINARIA
16,1979,2025-10-16,ORDINARIA
16,1985,2025-10-21,ORDINARIA
16,1986,2025-10-21,EXTRAORDINARIA
16,1988,2025-10-22,ORDINARIA
16,1989,2025-11-04,EXTRAORDINARIA
16,1990,2025-10-23,ORDINARIA
16,1992,2025-10-29,ORDINARIA
16,1994,2025-10-30,ORDINARIA
16,1995,2025-10-30,ORDINARIA
16,2000,2025-11-04,ORDINARIA
16,2003,2025-11-05,ORDINARIA
16,2004,2025-11-11,EXTRAORDINARIA
16,2006,2025-11-06,ORDINARIA
16,2013,2025-11-11,ORDINARIA
16,2014,2025-11-11,EXTRAORDINARIA
16,2015,2025-11-11,EXTRAORDINARIA
16,2018,2025-11-12,ORDINARIA
16,2020,2025-11-13,ORDINARIA
16,2027,2025-11-18,ORDINARIA
16,2028,2025-11-25,EXTRAORDINARIA
16,2030,2025-11-19,ORDINARIA
16,2034,2025-11-25,ORDINARIA
16,2035,2025-11-26,EXTRAORDINARIA
16,2037,2025-11-26,ORDINARIA
16,2038,2025-11-26,EXTRAORDINARIA
16,2039,2025-11-27,ORDINARIA
16,2040,2025-11-27,ORDINARIA
16,2045,2025-12-02,ORDINARIA
16,2046,2025-12-02,EXTRAORDINARIA
16,2047,2025-12-03,EXTRAORDINARIA
16,2050,2025-12-03,ORDINARIA
16,2053,2025-12-04,ORDINARIA
16,2057,2025-12-09,ORDINARIA
16,2058,2025-12-09,EXTRAORDINARIA
16,2060,2025-12-10,EXTRAORDINARIA
16,2061,2025-12-10,EXTRAORDINARIA
16,2062,2025-12-10,EXTRAORDINARIA
16,2065,2025-12-15,ORDINARIA
16,2066,2025-12-23,EXTRAORDINARIA
16,2067,2025-12-23,EXTRAORDINARIA
16,2069,2026-02-03,ORDINARIA
16,2070,2026-02-04,ORDINARIA
16,2072,2026-02-05,ORDINARIA
16,2074,2026-02-10,ORDINARIA
16,2075,2026-02-10,EXTRAORDINARIA
16,2078,2026-02-11,ORDINARIA
16,2079,2026-03-03,EXTRAORDINARIA
16,2081,2026-02-12,ORDINARIA
16,2082,2026-02-19,ORDINARIA
16,2084,2026-02-24,ORDINARIA
16,2085,2026-02-25,ORDINARIA
16,2088,2026-02-26,ORDINARIA
16,2092,2026-03-03,ORDINARIA
16,2093,2026-03-04,ORDINARIA
16,2096,2026-03-05,SOLENE
16,2101,2026-03-31,EXTRAORDINARIA
16,2102,2026-03-31,EXTRAORDINARIA
16,2103,2026-04-01,ORDINARIA
16,2106,2026-04-07,ORDINARIA
16,2107,2026-04-08,EXTRAORDINARIA
16,2108,2026-04-08,ORDINARIA
16,2109,2026-04-09,ORDINARIA
16,2112,2026-04-14,ORDINARIA
16,2113,2026-04-14,EXTRAORDINARIA
16,2114,2026-04-15,ORDINARIA
16,2115,2026-04-29,EXTRAORDINARIA
16,2116,2026-04-16,ORDINARIA
16,2118,2026-04-22,ORDINARIA
16,2119,2026-04-23,ORDINARIA
16,2122,2026-04-28,ORDINARIA
16,2125,2026-04-29,ORDINARIA
16,2126,2026-03-17,ORDINARIA
16,2127,2026-03-18,ORDINARIA
16,2128,2026-03-25,EXTRAORDINARIA
16,2131,2026-03-19,ORDINARIA
16,2136,2026-03-24,ORDINARIA
16,2138,2026-03-25,ORDINARIA
16,2139,2026-03-25,EXTRAORDINARIA
16,2141,2026-03-26,ORDINARIA
16,2143,2026-03-31,ORDINARIA
16,2145,2026-04-30,ORDINARIA
16,2148,2026-05-05,ORDINARIA
16,2149,2026-05-12,EXTRAORDINARIA
16,2150,2026-05-06,ORDINARIA
16,2152,2026-05-07,ORDINARIA
16,2159,2026-05-12,ORDINARIA
16,2161,2026-05-13,ORDINARIA
16,2163,2026-05-14,ORDINARIA
16,2170,2026-05-19,ORDINARIA
16,2171,2026-03-10,ORDINARIA
16,2172,2026-03-17,EXTRAORDINARIA
16,2173,2026-03-11,ORDINARIA
16,2176,2026-03-12,ORDINARIA
16,2183,2026-05-19,EXTRAORDINARIA
16,2185,2026-05-20,ORDINARIA
16,2186,2026-06-09,EXTRAORDINARIA
16,2188,2026-05-21,ORDINARIA
16,2191,2026-05-26,ORDINARIA
16,2192,2026-05-27,ORDINARIA
16,2193,2026-05-28,ORDINARIA
16,2199,2026-06-02,ORDINARIA
16,2200,2026-06-03,ORDINARIA
16,2203,2026-06-09,ORDINARIA
16,2204,2026-06-10,ORDINARIA
16,2205,2026-06-11,ORDINARIA
16,2213,2026-06-23,ORDINARIA
16,2218,2026-06-30,ORDINARIA
16,2219,2026-06-30,EXTRAORDINARIA
16,2220,2026-06-30,EXTRAORDINARIA
16,2225,2026-08-04,ORDINARIA
16,2228,2026-08-05,ORDINARIA
16,2229,2026-08-06,ORDINARIA
16,2233,2026-06-16,ORDINARIA
16,2234,2026-06-16,EXTRAORDINARIA
16,2235,2026-06-30,EXTRAORDINARIA
16,2237,2026-06-17,ORDINARIA
16,2239,2026-06-18,ORDINARIA
16,2241,2026-08-11,ORDINARIA
16,2244,2026-08-12,ORDINARIA
16,2245,2026-08-13,ORDINARIA
16,2250,2026-08-18,ORDINARIA
16,2253,2026-08-19,ORDINARIA
16,2255,2026-08-20,ORDINARIA
16,2258,2026-08-25,ORDINARIA
17,9,2020-02-13,SESSAO ORDINARIA
17,12,2020-02-20,SESSAO ORDINARIA
17,13,2020-02-27,SESSAO ORDINARIA
17,16,2020-03-05,SESSAO ORDINARIA
17,20,2020-03-12,SESSAO ORDINARIA
17,22,2020-03-16,SESSAO EXTRAORDINARIA
17,33,2020-03-31,SESSAO EXTRAORDINARIA
17,41,2020-04-14,SESSAO EXTRAORDINARIA
17,43,2020-04-15,SESSAO EXTRAORDINARIA
17,45,2020-04-22,SESSAO EXTRAORDINARIA
17,46,2020-04-22,SESSAO EXTRAORDINARIA
17,47,2020-04-22,SESSAO EXTRAORDINARIA
17,49,2020-04-28,SESSAO EXTRAORDINARIA
17,51,2020-04-29,SESSAO EXTRAORDINARIA
17,53,2020-05-05,SESSAO EXTRAORDINARIA
17,68,2020-06-16,SESSAO EXTRAORDINARIA
17,74,2020-06-24,SESSAO EXTRAORDINARIA
17,80,2020-08-11,SESSAO EXTRAORDINARIA
17,81,2020-08-12,SESSAO EXTRAORDINARIA
17,84,2020-08-19,SESSAO EXTRAORDINARIA
17,85,2020-08-19,SESSAO EXTRAORDINARIA
17,87,2020-08-26,SESSAO EXTRAORDINARIA
17,91,2020-09-09,SESSAO EXTRAORDINARIA
17,94,2020-09-17,SESSAO EXTRAORDINARIA
17,97,2020-09-23,SESSAO EXTRAORDINARIA
17,101,2020-10-06,SESSAO EXTRAORDINARIA
17,102,2020-10-07,SESSAO EXTRAORDINARIA
17,103,2020-10-07,SESSAO EXTRAORDINARIA
17,104,2020-10-13,SESSAO EXTRAORDINARIA
17,105,2020-10-14,SESSAO EXTRAORDINARIA
17,106,2020-10-14,SESSAO EXTRAORDINARIA
17,107,2020-10-15,SESSAO EXTRAORDINARIA
17,110,2020-10-21,SESSAO EXTRAORDINARIA
17,111,2020-10-27,SESSAO EXTRAORDINARIA
17,112,2020-10-28,SESSAO EXTRAORDINARIA
17,113,2020-10-28,SESSAO EXTRAORDINARIA
17,115,2020-11-03,SESSAO EXTRAORDINARIA
17,118,2020-11-10,SESSAO EXTRAORDINARIA
17,125,2020-11-25,SESSAO EXTRAORDINARIA
17,127,2020-12-01,SESSAO EXTRAORDINARIA
17,128,2020-12-02,SESSAO EXTRAORDINARIA
17,131,2020-12-09,SESSAO EXTRAORDINARIA
17,132,2020-12-10,SESSAO EXTRAORDINARIA
17,133,2020-12-10,SESSAO EXTRAORDINARIA
17,134,2020-12-10,SESSAO EXTRAORDINARIA
17,137,2021-02-03,SESSAO EXTRAORDINARIA
17,138,2021-02-09,SESSAO EXTRAORDINARIA
17,139,2021-02-10,SESSAO EXTRAORDINARIA
17,140,2021-02-23,SESSAO EXTRAORDINARIA
17,141,2021-02-23,SESSAO EXTRAORDINARIA
17,142,2021-02-24,SESSAO EXTRAORDINARIA
17,144,2021-03-03,SESSAO EXTRAORDINARIA
17,145,2021-03-09,SESSAO EXTRAORDINARIA
17,146,2021-03-09,SESSAO EXTRAORDINARIA
17,148,2021-03-16,SESSAO EXTRAORDINARIA
17,149,2021-03-17,SESSAO EXTRAORDINARIA
17,153,2021-03-30,SESSAO EXTRAORDINARIA
17,155,2021-04-06,SESSAO EXTRAORDINARIA
17,157,2021-04-07,SESSAO EXTRAORDINARIA
17,160,2021-04-14,SESSAO EXTRAORDINARIA
17,161,2021-04-20,SESSAO EXTRAORDINARIA
17,162,2021-04-27,SESSAO EXTRAORDINARIA
17,164,2021-04-27,SESSAO EXTRAORDINARIA
17,165,2021-04-28,SESSAO EXTRAORDINARIA
17,166,2021-05-04,SESSAO EXTRAORDINARIA
17,167,2021-05-05,SESSAO EXTRAORDINARIA
17,168,2021-05-11,SESSAO EXTRAORDINARIA
17,169,2021-05-11,SESSAO EXTRAORDINARIA
17,170,2021-05-12,SESSAO EXTRAORDINARIA
17,177,2021-06-01,SESSAO EXTRAORDINARIA
17,178,2021-06-02,SESSAO EXTRAORDINARIA
17,184,2021-06-16,SESSAO EXTRAORDINARIA
17,186,2021-06-23,SESSAO EXTRAORDINARIA
17,187,2021-06-23,SESSAO EXTRAORDINARIA
17,189,2021-06-29,SESSAO EXTRAORDINARIA
17,194,2021-08-05,SESSAO ORDINARIA
17,195,2021-08-05,SESSAO ORDINARIA
17,196,2021-08-10,SESSAO ORDINARIA
17,197,2021-08-10,SESSAO EXTRAORDINARIA
17,198,2021-08-11,SESSAO ORDINARIA
17,199,2021-08-12,SESSAO ORDINARIA
17,200,2021-08-17,SESSAO ORDINARIA
17,201,2021-08-17,SESSAO EXTRAORDINARIA
17,202,2021-08-17,SESSAO EXTRAORDINARIA
17,203,2021-08-18,SESSAO ORDINARIA
17,204,2021-08-19,SESSAO ORDINARIA
17,206,2021-08-25,SESSAO ORDINARIA
17,207,2021-08-26,SESSAO ORDINARIA
17,210,2021-08-31,SESSAO EXTRAORDINARIA
17,211,2021-09-01,SESSAO ORDINARIA
17,212,2021-09-02,SESSAO ORDINARIA
17,213,2021-09-08,SESSAO ORDINARIA
17,214,2021-09-09,SESSAO ORDINARIA
17,216,2021-09-15,SESSAO ORDINARIA
17,217,2021-09-15,SESSAO EXTRAORDINARIA
17,218,2021-09-16,SESSAO ORDINARIA
17,219,2021-09-21,SESSAO ORDINARIA
17,221,2021-09-22,SESSAO ORDINARIA
17,222,2021-09-23,SESSAO ORDINARIA
17,223,2021-09-28,SESSAO ORDINARIA
17,224,2021-09-29,SESSAO ORDINARIA
17,225,2021-09-30,SESSAO ORDINARIA
17,226,2021-10-05,SESSAO ORDINARIA
17,227,2021-10-05,SESSAO EXTRAORDINARIA
17,228,2021-10-06,SESSAO ORDINARIA
17,229,2021-10-06,SESSAO EXTRAORDINARIA
17,230,2021-10-06,SESSAO EXTRAORDINARIA
17,231,2021-10-07,SESSAO ORDINARIA
17,232,2021-10-13,SESSAO ORDINARIA
17,233,2021-10-14,SESSAO ORDINARIA
17,235,2021-10-20,SESSAO ORDINARIA
17,236,2021-10-20,SESSAO EXTRAORDINARIA
17,237,2021-10-21,SESSAO ORDINARIA
17,240,2021-10-28,SESSAO ORDINARIA
17,242,2021-11-03,SESSAO EXTRAORDINARIA
17,243,2021-11-03,SESSAO EXTRAORDINARIA
17,244,2021-11-04,SESSAO ORDINARIA
17,246,2021-11-09,SESSAO EXTRAORDINARIA
17,249,2021-11-11,SESSAO ORDINARIA
17,250,2021-11-16,SESSAO ORDINARIA
17,252,2021-11-18,SESSAO ORDINARIA
17,253,2021-11-23,SESSAO ORDINARIA
17,254,2021-11-23,SESSAO EXTRAORDINARIA
17,255,2021-11-24,SESSAO ORDINARIA
17,256,2021-11-25,SESSAO ORDINARIA
17,260,2021-12-02,SESSAO ORDINARIA
17,266,2021-12-09,SESSAO EXTRAORDINARIA
17,267,2021-12-14,SESSAO EXTRAORDINARIA
17,268,2021-12-14,SESSAO ORDINARIA
17,269,2021-12-14,SESSAO EXTRAORDINARIA
17,270,2021-12-14,SESSAO EXTRAORDINARIA
17,271,2021-12-14,SESSAO EXTRAORDINARIA
17,272,2021-12-15,SESSAO ORDINARIA
17,274,2022-02-03,SESSAO ORDINARIA
17,276,2022-02-08,SESSAO EXTRAORDINARIA
17,277,2022-02-08,SESSAO EXTRAORDINARIA
17,278,2022-02-09,SESSAO ORDINARIA
17,279,2022-02-10,SESSAO ORDINARIA
17,282,2022-02-16,SESSAO ORDINARIA
17,283,2022-02-16,SESSAO EXTRAORDINARIA
17,284,2022-02-17,SESSAO ORDINARIA
17,286,2022-02-22,SESSAO EXTRAORDINARIA
17,287,2022-02-23,SESSAO ORDINARIA
17,289,2022-02-24,SESSAO ORDINARIA
17,290,2022-03-03,SESSAO ORDINARIA
17,292,2022-03-09,SESSAO ORDINARIA
17,293,2022-03-09,SESSAO EXTRAORDINARIA
17,294,2022-03-10,SESSAO ORDINARIA
17,296,2022-03-23,SESSAO EXTRAORDINARIA
17,298,2022-03-16,SESSAO ORDINARIA
17,299,2022-03-17,SESSAO ORDINARIA
17,301,2022-03-23,SESSAO ORDINARIA
17,303,2022-03-24,SESSAO ORDINARIA
17,305,2022-03-30,SESSAO ORDINARIA
17,306,2022-03-30,SESSAO EXTRAORDINARIA
17,307,2022-03-31,SESSAO EXTRAORDINARIA
17,308,2022-03-31,SESSAO ORDINARIA
17,309,2022-03-31,SESSAO EXTRAORDINARIA
17,310,2022-03-31,SESSAO EXTRAORDINARIA
17,311,2022-03-31,SESSAO EXTRAORDINARIA
17,313,2022-04-12,SESSAO EXTRAORDINARIA
17,314,2022-04-06,SESSAO ORDINARIA
17,315,2022-04-12,SESSAO EXTRAORDINARIA
17,316,2022-05-10,SESSAO EXTRAORDINARIA
17,317,2022-04-07,SESSAO ORDINARIA
17,319,2022-04-13,SESSAO ORDINARIA
17,321,2022-04-20,SESSAO ORDINARIA
17,322,2022-04-26,SESSAO ORDINARIA
17,323,2022-04-27,SESSAO ORDINARIA
17,324,2022-04-28,SESSAO ORDINARIA
17,326,2022-05-04,SESSAO ORDINARIA
17,327,2022-05-05,SESSAO ORDINARIA
17,328,2022-05-10,SESSAO ORDINARIA
17,329,2022-05-11,SESSAO ORDINARIA
17,331,2022-05-12,SESSAO ORDINARIA
17,332,2022-06-07,SESSAO EXTRAORDINARIA
17,333,2022-05-12,SESSAO ORDINARIA
17,335,2022-05-18,SESSAO ORDINARIA
17,336,2022-05-19,SESSAO ORDINARIA
17,337,2022-05-24,SESSAO ORDINARIA
17,339,2022-05-26,SESSAO ORDINARIA
17,341,2022-06-01,SESSAO ORDINARIA
17,342,2022-06-02,SESSAO ORDINARIA
17,343,2022-06-07,SESSAO ORDINARIA
17,344,2022-06-08,SESSAO ORDINARIA
17,345,2022-06-21,SESSAO EXTRAORDINARIA
17,346,2022-06-09,SESSAO ORDINARIA
17,347,2022-06-14,SESSAO ORDINARIA
17,348,2022-06-15,SESSAO ORDINARIA
17,350,2022-06-22,SESSAO ORDINARIA
17,351,2022-06-23,SESSAO ORDINARIA
17,353,2022-06-29,SESSAO EXTRAORDINARIA
17,355,2022-06-29,SESSAO EXTRAORDINARIA
17,356,2022-06-30,SESSAO ORDINARIA
17,357,2022-08-02,SESSAO ORDINARIA
17,359,2022-08-03,SESSAO ORDINARIA
17,360,2022-08-04,SESSAO ORDINARIA
17,361,2022-08-09,SESSAO ORDINARIA
17,362,2022-08-10,SESSAO ORDINARIA
17,363,2022-08-11,SESSAO ORDINARIA
17,364,2022-08-16,SESSAO ORDINARIA
17,365,2022-08-17,SESSAO ORDINARIA
17,366,2022-08-18,SESSAO ORDINARIA
17,367,2022-08-23,SESSAO ORDINARIA
17,368,2022-08-24,SESSAO ORDINARIA
17,369,2022-08-25,SESSAO ORDINARIA
17,371,2022-08-31,SESSAO ORDINARIA
17,372,2022-09-13,SESSAO EXTRAORDINARIA
17,373,2022-09-01,SESSAO ORDINARIA
17,374,2022-09-08,SESSAO ORDINARIA
17,375,2022-09-13,SESSAO ORDINARIA
17,376,2022-09-14,SESSAO ORDINARIA
17,377,2022-09-15,SESSAO ORDINARIA
17,378,2022-09-20,SESSAO ORDINARIA
17,380,2022-09-21,SESSAO ORDINARIA
17,381,2022-09-22,SESSAO ORDINARIA
17,382,2022-09-27,SESSAO ORDINARIA
17,383,2022-09-28,SESSAO ORDINARIA
17,384,2022-09-29,SESSAO ORDINARIA
17,386,2022-10-05,SESSAO ORDINARIA
17,387,2022-10-06,SESSAO ORDINARIA
17,388,2022-10-11,SESSAO ORDINARIA
17,389,2022-10-13,SESSAO ORDINARIA
17,390,2022-10-18,SESSAO ORDINARIA
17,392,2022-10-20,SESSAO ORDINARIA
17,396,2022-10-27,SESSAO ORDINARIA
17,397,2022-11-03,SESSAO ORDINARIA
17,400,2022-11-09,SESSAO ORDINARIA
17,402,2022-11-10,SESSAO ORDINARIA
17,403,2022-12-06,SESSAO EXTRAORDINARIA
17,404,2022-11-16,SESSAO ORDINARIA
17,405,2022-11-17,SESSAO ORDINARIA
17,407,2022-11-23,SESSAO ORDINARIA
17,408,2022-11-29,SESSAO ORDINARIA
17,409,2022-12-01,SESSAO ORDINARIA
17,411,2022-12-07,SESSAO ORDINARIA
17,412,2022-12-07,SESSAO EXTRAORDINARIA
17,413,2022-12-08,SESSAO ORDINARIA
17,415,2022-12-13,SESSAO EXTRAORDINARIA
17,416,2022-12-14,SESSAO ORDINARIA
17,417,2022-12-15,SESSAO ORDINARIA
17,419,2023-02-02,SESSAO ORDINARIA
17,421,2023-02-08,SESSAO ORDINARIA
17,422,2023-02-14,SESSAO EXTRAORDINARIA
17,423,2023-02-09,SESSAO ORDINARIA
17,424,2023-02-16,SESSAO EXTRAORDINARIA
17,426,2023-02-15,SESSAO ORDINARIA
17,427,2023-02-16,SESSAO ORDINARIA
17,428,2023-02-23,SESSAO ORDINARIA
17,430,2023-03-01,SESSAO ORDINARIA
17,431,2023-03-21,SESSAO EXTRAORDINARIA
17,432,2023-03-02,SESSAO ORDINARIA
17,433,2023-03-07,SESSAO ORDINARIA
17,435,2023-03-09,SESSAO ORDINARIA
17,437,2023-03-15,SESSAO ORDINARIA
17,438,2023-03-16,SESSAO ORDINARIA
17,441,2023-03-23,SESSAO ORDINARIA
17,442,2023-03-21,SESSAO EXTRAORDINARIA
17,443,2023-04-04,SESSAO EXTRAORDINARIA
17,444,2023-03-28,SESSAO ORDINARIA
17,445,2023-03-29,SESSAO ORDINARIA
17,446,2023-03-30,SESSAO ORDINARIA
17,447,2023-04-04,SESSAO ORDINARIA
17,448,2023-04-05,SESSAO ORDINARIA
17,449,2023-04-11,SESSAO EXTRAORDINARIA
17,452,2023-04-13,SESSAO ORDINARIA
17,454,2023-04-19,SESSAO ORDINARIA
17,455,2023-04-20,SESSAO ORDINARIA
17,457,2023-04-26,SESSAO ORDINARIA
17,461,2023-05-04,SESSAO ORDINARIA
17,462,2023-05-09,SESSAO EXTRAORDINARIA
17,463,2023-05-09,SESSAO ORDINARIA
17,465,2023-05-11,SESSAO ORDINARIA
17,466,2023-05-16,SESSAO EXTRAORDINARIA
17,468,2023-05-17,SESSAO ORDINARIA
17,469,2023-05-18,SESSAO ORDINARIA
17,474,2023-05-31,SESSAO EXTRAORDINARIA
17,476,2023-06-01,SESSAO ORDINARIA
17,478,2023-06-07,SESSAO ORDINARIA
17,479,2023-06-13,SESSAO ORDINARIA
17,485,2023-06-27,SESSAO EXTRAORDINARIA
17,489,2023-08-03,SESSAO ORDINARIA
17,491,2023-08-09,SESSAO ORDINARIA
17,493,2023-08-15,SESSAO ORDINARIA
17,494,2023-08-15,SESSAO EXTRAORDINARIA
17,495,2023-08-16,SESSAO ORDINARIA
17,498,2023-08-23,SESSAO ORDINARIA
17,500,2023-08-29,SESSAO ORDINARIA
17,501,2023-08-29,SESSAO EXTRAORDINARIA
17,502,2023-08-29,SESSAO EXTRAORDINARIA
17,503,2023-08-30,SESSAO ORDINARIA
17,504,2023-08-31,SESSAO ORDINARIA
17,505,2023-09-05,SESSAO ORDINARIA
17,506,2023-09-12,SESSAO ORDINARIA
17,507,2023-09-13,SESSAO ORDINARIA
17,511,2023-09-21,SESSAO ORDINARIA
17,515,2023-09-28,SESSAO ORDINARIA
17,519,2023-10-05,SESSAO ORDINARIA
17,520,2023-10-10,SESSAO ORDINARIA
17,521,2023-10-10,SESSAO EXTRAORDINARIA
17,522,2023-10-11,SESSAO ORDINARIA
17,536,2023-11-09,SESSAO ORDINARIA
17,537,2023-11-14,SESSAO EXTRAORDINARIA
17,539,2023-11-16,SESSAO ORDINARIA
17,541,2023-11-21,SESSAO EXTRAORDINARIA
17,542,2023-11-21,SESSAO EXTRAORDINARIA
17,544,2023-11-23,SESSAO ORDINARIA
17,545,2023-11-28,SESSAO EXTRAORDINARIA
17,547,2023-11-28,SESSAO EXTRAORDINARIA
17,550,2023-12-06,SESSAO ORDINARIA
17,551,2023-12-07,SESSAO ORDINARIA
17,560,2024-02-06,SESSAO EXTRAORDINARIA
17,562,2024-02-07,SESSAO ORDINARIA
17,563,2024-02-08,SESSAO ORDINARIA
17,564,2024-02-15,SESSAO ORDINARIA
17,565,2024-02-20,SESSAO EXTRAORDINARIA
17,568,2024-02-22,SESSAO ORDINARIA
17,569,2024-02-27,SESSAO EXTRAORDINARIA
17,571,2024-02-27,SESSAO EXTRAORDINARIA
17,572,2024-02-27,SESSAO EXTRAORDINARIA
17,574,2024-02-29,SESSAO ORDINARIA
17,577,2024-03-06,SESSAO ORDINARIA
17,578,2024-03-07,SESSAO ORDINARIA
17,580,2024-03-14,SESSAO ORDINARIA
17,581,2024-03-19,SESSAO EXTRAORDINARIA
17,582,2024-03-19,SESSAO ORDINARIA
17,583,2024-03-20,SESSAO ORDINARIA
17,584,2024-03-21,SESSAO ORDINARIA
17,590,2024-04-03,SESSAO ORDINARIA
17,591,2024-04-04,SESSAO ORDINARIA
17,596,2024-04-09,SESSAO EXTRAORDINARIA
17,597,2024-04-11,SESSAO ORDINARIA
17,598,2024-04-23,SESSAO EXTRAORDINARIA
17,599,2024-05-07,SESSAO EXTRAORDINARIA
17,601,2024-04-17,SESSAO ORDINARIA
17,602,2024-04-18,SESSAO ORDINARIA
17,603,2024-04-24,SESSAO ORDINARIA
17,604,2024-04-25,SESSAO ORDINARIA
17,605,2024-05-21,SESSAO EXTRAORDINARIA
17,606,2024-04-30,SESSAO ORDINARIA
17,607,2024-05-02,SESSAO ORDINARIA
17,610,2024-05-09,SESSAO ORDINARIA
17,611,2024-05-28,SESSAO EXTRAORDINARIA
17,613,2024-05-15,SESSAO ORDINARIA
17,614,2024-05-16,SESSAO ORDINARIA
17,617,2024-05-23,SESSAO ORDINARIA
17,618,2024-05-28,SESSAO ORDINARIA
17,620,2024-05-29,SESSAO ORDINARIA
17,621,2024-06-04,SESSAO EXTRAORDINARIA
17,624,2024-06-11,SESSAO EXTRAORDINARIA
17,625,2024-06-18,SESSAO EXTRAORDINARIA
17,626,2024-06-06,SESSAO ORDINARIA
17,627,2024-06-11,SESSAO ORDINARIA
17,628,2024-06-12,SESSAO ORDINARIA
17,629,2024-06-13,SESSAO ORDINARIA
17,632,2024-06-20,SESSAO ORDINARIA
17,633,2024-06-18,SESSAO EXTRAORDINARIA
17,643,2024-08-08,SESSAO ORDINARIA
17,645,2024-08-15,SESSAO ORDINARIA
17,646,2024-08-14,SESSAO EXTRAORDINARIA
17,651,2024-08-29,SESSAO ORDINARIA
17,652,2024-09-03,SESSAO EXTRAORDINARIA
17,653,2024-09-03,SESSAO ORDINARIA
17,655,2024-09-05,SESSAO ORDINARIA
17,656,2024-09-10,SESSAO EXTRAORDINARIA
17,657,2024-09-10,SESSAO ORDINARIA
17,659,2024-09-12,SESSAO ORDINARIA
17,662,2024-09-18,SESSAO ORDINARIA
17,663,2024-09-19,SESSAO ORDINARIA
17,664,2024-09-24,SESSAO EXTRAORDINARIA
17,665,2024-09-24,SESSAO ORDINARIA
17,666,2024-09-25,SESSAO ORDINARIA
17,667,2024-09-26,SESSAO ORDINARIA
17,669,2024-10-01,SESSAO EXTRAORDINARIA
17,671,2024-10-02,SESSAO ORDINARIA
17,672,2024-10-03,SESSAO ORDINARIA
17,676,2024-10-10,SESSAO ORDINARIA
17,677,2024-10-15,SESSAO ORDINARIA
17,678,2024-10-16,SESSAO ORDINARIA
17,679,2024-10-17,SESSAO ORDINARIA
17,683,2024-10-24,SESSAO ORDINARIA
17,684,2024-10-29,SESSAO EXTRAORDINARIA
17,688,2024-10-31,SESSAO ORDINARIA
17,691,2024-11-06,SESSAO ORDINARIA
17,692,2024-11-07,SESSAO ORDINARIA
17,693,2024-11-12,SESSAO EXTRAORDINARIA
17,694,2024-11-12,SESSAO ORDINARIA
17,1694,2024-11-14,SESSAO ORDINARIA
17,1696,2024-11-26,SESSAO EXTRAORDINARIA
17,1697,2024-11-26,SESSAO ORDINARIA
17,1698,2024-11-26,SESSAO EXTRAORDINARIA
17,1699,2024-11-27,SESSAO ORDINARIA
17,1700,2024-11-27,SESSAO EXTRAORDINARIA
17,1701,2024-11-28,SESSAO ORDINARIA
17,1710,2024-03-12,SESSAO EXTRAORDINARIA
17,1715,2025-02-12,ORDINARIA
17,1716,2025-02-13,ORDINARIA
17,1719,2025-02-19,ORDINARIA
17,1720,2025-02-25,ORDINARIA
17,1721,2025-02-20,ORDINARIA
17,1724,2025-02-26,ORDINARIA
17,1727,2025-02-27,ORDINARIA
17,1730,2025-03-06,ORDINARIA
17,1733,2025-03-11,ORDINARIA
17,1734,2025-03-11,EXTRAORDINARIA
17,1739,2025-03-13,ORDINARIA
17,1746,2025-03-20,ORDINARIA
17,1752,2025-03-25,ORDINARIA
17,1754,2025-03-25,EXTRAORDINARIA
17,1755,2025-03-26,ORDINARIA
17,1756,2025-04-02,EXTRAORDINARIA
17,1757,2025-03-27,ORDINARIA
17,1759,2025-04-01,ORDINARIA
17,1762,2025-04-02,ORDINARIA
17,1765,2025-04-03,ORDINARIA
17,1769,2025-04-08,ORDINARIA
17,1770,2025-04-08,EXTRAORDINARIA
17,1773,2025-04-09,ORDINARIA
17,1775,2025-04-10,ORDINARIA
17,1776,2025-04-10,ORDINARIA
17,1780,2025-04-15,ORDINARIA
17,1783,2025-04-16,ORDINARIA
17,1785,2025-04-22,ORDINARIA
17,1786,2025-04-23,ORDINARIA
17,1788,2025-04-24,ORDINARIA
17,1789,2025-04-24,ORDINARIA
17,1790,2025-04-29,ORDINARIA
17,1792,2025-04-30,ORDINARIA
17,1794,2025-05-06,ORDINARIA
17,1795,2025-05-06,EXTRAORDINARIA
17,1796,2025-05-07,ORDINARIA
17,1798,2025-05-08,ORDINARIA
17,1799,2025-05-08,ORDINARIA
17,1805,2025-05-14,ORDINARIA
17,1817,2025-05-21,ORDINARIA
17,1819,2025-05-22,ORDINARIA
17,1825,2025-05-27,EXTRAORDINARIA
17,1827,2025-05-28,ORDINARIA
17,1829,2025-05-29,ORDINARIA
17,1830,2025-05-29,ORDINARIA
17,1833,2025-06-03,ORDINARIA
17,1836,2025-06-04,ORDINARIA
17,1838,2025-06-05,ORDINARIA
17,1842,2025-06-10,ORDINARIA
17,1846,2025-06-12,ORDINARIA
17,1847,2025-06-12,ORDINARIA
17,1854,2025-06-18,ORDINARIA
17,1862,2025-06-25,ORDINARIA
17,1864,2025-06-26,ORDINARIA
17,1865,2025-06-26,ORDINARIA
17,1870,2025-08-05,ORDINARIA
17,1873,2025-08-06,ORDINARIA
17,1875,2025-08-07,ORDINARIA
17,1879,2025-08-12,ORDINARIA
17,1880,2025-08-12,EXTRAORDINARIA
17,1882,2025-08-13,ORDINARIA
17,1884,2025-08-14,ORDINARIA
17,1885,2025-08-14,ORDINARIA
17,1891,2025-08-19,ORDINARIA
17,1892,2025-08-19,EXTRAORDINARIA
17,1895,2025-08-20,ORDINARIA
17,1896,2025-08-26,EXTRAORDINARIA
17,1897,2025-08-21,SOLENE
17,1899,2025-08-22,SOLENE
17,1903,2025-08-26,ORDINARIA
17,1904,2025-08-27,ORDINARIA
17,1905,2025-09-09,EXTRAORDINARIA
17,1906,2025-08-28,ORDINARIA
17,1907,2025-08-28,ORDINARIA
17,1911,2025-09-02,ORDINARIA
17,1913,2025-09-03,ORDINARIA
17,1914,2025-09-04,ORDINARIA
17,1915,2025-09-04,ORDINARIA
17,1916,2025-09-09,ORDINARIA
17,1917,2025-09-10,ORDINARIA
17,1919,2025-09-11,ORDINARIA
17,1920,2025-09-11,ORDINARIA
17,1927,2025-09-16,ORDINARIA
17,1928,2025-09-16,EXTRAORDINARIA
17,1929,2025-09-23,EXTRAORDINARIA
17,1930,2025-09-17,ORDINARIA
17,1932,2025-09-18,ORDINARIA
17,1933,2025-09-18,ORDINARIA
17,1939,2025-09-23,ORDINARIA
17,1941,2025-09-24,ORDINARIA
17,1944,2025-09-25,ORDINARIA
17,1945,2025-09-25,ORDINARIA
17,1950,2025-09-30,ORDINARIA
17,1951,2025-09-30,EXTRAORDINARIA
17,1954,2025-10-01,ORDINARIA
17,1956,2025-10-02,ORDINARIA
17,1963,2025-10-07,ORDINARIA
17,1964,2025-10-08,EXTRAORDINARIA
17,1966,2025-10-08,ORDINARIA
17,1967,2025-10-09,ORDINARIA
17,1968,2025-10-09,ORDINARIA
17,1974,2025-10-14,ORDINARIA
17,1975,2025-10-15,EXTRAORDINARIA
17,1977,2025-10-15,ORDINARIA
17,1979,2025-10-16,ORDINARIA
17,1988,2025-10-22,ORDINARIA
17,1990,2025-10-23,ORDINARIA
17,1992,2025-10-29,ORDINARIA
17,1994,2025-10-30,ORDINARIA
17,1995,2025-10-30,ORDINARIA
17,2004,2025-11-11,EXTRAORDINARIA
17,2006,2025-11-06,ORDINARIA
17,2013,2025-11-11,ORDINARIA
17,2014,2025-11-11,EXTRAORDINARIA
17,2015,2025-11-11,EXTRAORDINARIA
17,2018,2025-11-12,ORDINARIA
17,2020,2025-11-13,ORDINARIA
17,2027,2025-11-18,ORDINARIA
17,2030,2025-11-19,ORDINARIA
17,2039,2025-11-27,ORDINARIA
17,2040,2025-11-27,ORDINARIA
17,2046,2025-12-02,EXTRAORDINARIA
17,2053,2025-12-04,ORDINARIA
17,2058,2025-12-09,EXTRAORDINARIA
17,2065,2025-12-15,ORDINARIA
17,2069,2026-02-03,ORDINARIA
17,2070,2026-02-04,ORDINARIA
17,2072,2026-02-05,ORDINARIA
17,2074,2026-02-10,ORDINARIA
17,2075,2026-02-10,EXTRAORDINARIA
17,2078,2026-02-11,ORDINARIA
17,2081,2026-02-12,ORDINARIA
17,2082,2026-02-19,ORDINARIA
17,2084,2026-02-24,ORDINARIA
17,2085,2026-02-25,ORDINARIA
17,2088,2026-02-26,ORDINARIA
17,2093,2026-03-04,ORDINARIA
17,2096,2026-03-05,SOLENE
17,2101,2026-03-31,EXTRAORDINARIA
17,2102,2026-03-31,EXTRAORDINARIA
17,2103,2026-04-01,ORDINARIA
17,2107,2026-04-08,EXTRAORDINARIA
17,2108,2026-04-08,ORDINARIA
17,2109,2026-04-09,ORDINARIA
17,2112,2026-04-14,ORDINARIA
17,2113,2026-04-14,EXTRAORDINARIA
17,2114,2026-04-15,ORDINARIA
17,2115,2026-04-29,EXTRAORDINARIA
17,2116,2026-04-16,ORDINARIA
17,2118,2026-04-22,ORDINARIA
17,2119,2026-04-23,ORDINARIA
17,2122,2026-04-28,ORDINARIA
17,2125,2026-04-29,ORDINARIA
17,2126,2026-03-17,ORDINARIA
17,2127,2026-03-18,ORDINARIA
17,2128,2026-03-25,EXTRAORDINARIA
17,2131,2026-03-19,ORDINARIA
17,2138,2026-03-25,ORDINARIA
17,2139,2026-03-25,EXTRAORDINARIA
17,2141,2026-03-26,ORDINARIA
17,2143,2026-03-31,ORDINARIA
17,2145,2026-04-30,ORDINARIA
17,2149,2026-05-12,EXTRAORDINARIA
17,2150,2026-05-06,ORDINARIA
17,2152,2026-05-07,ORDINARIA
17,2159,2026-05-12,ORDINARIA
17,2161,2026-05-13,ORDINARIA
17,2163,2026-05-14,ORDINARIA
17,2170,2026-05-19,ORDINARIA
17,2171,2026-03-10,ORDINARIA
17,2172,2026-03-17,EXTRAORDINARIA
17,2173,2026-03-11,ORDINARIA
17,2176,2026-03-12,ORDINARIA
17,2183,2026-05-19,EXTRAORDINARIA
17,2185,2026-05-20,ORDINARIA
17,2186,2026-06-09,EXTRAORDINARIA
17,2188,2026-05-21,ORDINARIA
17,2192,2026-05-27,ORDINARIA
17,2193,2026-05-28,ORDINARIA
17,2200,2026-06-03,ORDINARIA
17,2203,2026-06-09,ORDINARIA
17,2204,2026-06-10,ORDINARIA
17,2205,2026-06-11,ORDINARIA
17,2213,2026-06-23,ORDINARIA
17,2218,2026-06-30,ORDINARIA
17,2219,2026-06-30,EXTRAORDINARIA
17,2220,2026-06-30,EXTRAORDINARIA
17,2228,2026-08-05,ORDINARIA
17,2229,2026-08-06,ORDINARIA
17,2233,2026-06-16,ORDINARIA
17,2234,2026-06-16,EXTRAORDINARIA
17,2235,2026-06-30,EXTRAORDINARIA
17,2237,2026-06-17,ORDINARIA
17,2239,2026-06-18,ORDINARIA
17,2241,2026-08-11,ORDINARIA
17,2245,2026-08-13,ORDINARIA
17,2250,2026-08-18,ORDINARIA
17,2253,2026-08-19,ORDINARIA
17,2255,2026-08-20,ORDINARIA
17,2258,2026-08-25,ORDINARIA
18,15,2020-03-04,SESSAO ORDINARIA
18,16,2020-03-05,SESSAO ORDINARIA
18,38,2020-04-08,SESSAO EXTRAORDINARIA
18,86,2020-08-25,SESSAO EXTRAORDINARIA
18,91,2020-09-09,SESSAO EXTRAORDINARIA
18,100,2020-09-30,SESSAO EXTRAORDINARIA
18,101,2020-10-06,SESSAO EXTRAORDINARIA
18,102,2020-10-07,SESSAO EXTRAORDINARIA
18,103,2020-10-07,SESSAO EXTRAORDINARIA
18,104,2020-10-13,SESSAO EXTRAORDINARIA
18,105,2020-10-14,SESSAO EXTRAORDINARIA
18,106,2020-10-14,SESSAO EXTRAORDINARIA
18,107,2020-10-15,SESSAO EXTRAORDINARIA
18,108,2020-10-20,SESSAO EXTRAORDINARIA
18,109,2020-10-21,SESSAO EXTRAORDINARIA
18,110,2020-10-21,SESSAO EXTRAORDINARIA
18,171,2021-05-18,SESSAO EXTRAORDINARIA
18,178,2021-06-02,SESSAO EXTRAORDINARIA
18,194,2021-08-05,SESSAO ORDINARIA
18,204,2021-08-19,SESSAO ORDINARIA
18,206,2021-08-25,SESSAO ORDINARIA
18,210,2021-08-31,SESSAO EXTRAORDINARIA
18,212,2021-09-02,SESSAO ORDINARIA
18,214,2021-09-09,SESSAO ORDINARIA
18,218,2021-09-16,SESSAO ORDINARIA
18,224,2021-09-29,SESSAO ORDINARIA
18,225,2021-09-30,SESSAO ORDINARIA
18,228,2021-10-06,SESSAO ORDINARIA
18,229,2021-10-06,SESSAO EXTRAORDINARIA
18,230,2021-10-06,SESSAO EXTRAORDINARIA
18,231,2021-10-07,SESSAO ORDINARIA
18,233,2021-10-14,SESSAO ORDINARIA
18,244,2021-11-04,SESSAO ORDINARIA
18,245,2021-11-09,SESSAO ORDINARIA
18,246,2021-11-09,SESSAO EXTRAORDINARIA
18,247,2021-11-10,SESSAO ORDINARIA
18,248,2021-11-10,SESSAO EXTRAORDINARIA
18,249,2021-11-11,SESSAO ORDINARIA
18,252,2021-11-18,SESSAO ORDINARIA
18,255,2021-11-24,SESSAO ORDINARIA
18,256,2021-11-25,SESSAO ORDINARIA
18,271,2021-12-14,SESSAO EXTRAORDINARIA
18,272,2021-12-15,SESSAO ORDINARIA
18,279,2022-02-10,SESSAO ORDINARIA
18,284,2022-02-17,SESSAO ORDINARIA
18,289,2022-02-24,SESSAO ORDINARIA
18,294,2022-03-10,SESSAO ORDINARIA
18,298,2022-03-16,SESSAO ORDINARIA
18,299,2022-03-17,SESSAO ORDINARIA
18,303,2022-03-24,SESSAO ORDINARIA
18,307,2022-03-31,SESSAO EXTRAORDINARIA
18,310,2022-03-31,SESSAO EXTRAORDINARIA
18,311,2022-03-31,SESSAO EXTRAORDINARIA
18,321,2022-04-20,SESSAO ORDINARIA
18,323,2022-04-27,SESSAO ORDINARIA
18,324,2022-04-28,SESSAO ORDINARIA
18,326,2022-05-04,SESSAO ORDINARIA
18,327,2022-05-05,SESSAO ORDINARIA
18,331,2022-05-12,SESSAO ORDINARIA
18,333,2022-05-12,SESSAO ORDINARIA
18,336,2022-05-19,SESSAO ORDINARIA
18,338,2022-05-25,SESSAO ORDINARIA
18,346,2022-06-09,SESSAO ORDINARIA
18,348,2022-06-15,SESSAO ORDINARIA
18,355,2022-06-29,SESSAO EXTRAORDINARIA
18,356,2022-06-30,SESSAO ORDINARIA
18,358,2022-08-30,SESSAO EXTRAORDINARIA
18,362,2022-08-10,SESSAO ORDINARIA
18,363,2022-08-11,SESSAO ORDINARIA
18,365,2022-08-17,SESSAO ORDINARIA
18,366,2022-08-18,SESSAO ORDINARIA
18,369,2022-08-25,SESSAO ORDINARIA
18,370,2022-08-30,SESSAO ORDINARIA
18,371,2022-08-31,SESSAO ORDINARIA
18,372,2022-09-13,SESSAO EXTRAORDINARIA
18,373,2022-09-01,SESSAO ORDINARIA
18,374,2022-09-08,SESSAO ORDINARIA
18,375,2022-09-13,SESSAO ORDINARIA
18,376,2022-09-14,SESSAO ORDINARIA
18,377,2022-09-15,SESSAO ORDINARIA
18,380,2022-09-21,SESSAO ORDINARIA
18,381,2022-09-22,SESSAO ORDINARIA
18,382,2022-09-27,SESSAO ORDINARIA
18,383,2022-09-28,SESSAO ORDINARIA
18,384,2022-09-29,SESSAO ORDINARIA
18,385,2022-10-04,SESSAO ORDINARIA
18,386,2022-10-05,SESSAO ORDINARIA
18,387,2022-10-06,SESSAO ORDINARIA
18,388,2022-10-11,SESSAO ORDINARIA
18,389,2022-10-13,SESSAO ORDINARIA
18,390,2022-10-18,SESSAO ORDINARIA
18,391,2022-10-19,SESSAO ORDINARIA
18,392,2022-10-20,SESSAO ORDINARIA
18,395,2022-10-26,SESSAO ORDINARIA
18,396,2022-10-27,SESSAO ORDINARIA
18,397,2022-11-03,SESSAO ORDINARIA
18,400,2022-11-09,SESSAO ORDINARIA
18,401,2022-11-22,SESSAO EXTRAORDINARIA
18,402,2022-11-10,SESSAO ORDINARIA
18,403,2022-12-06,SESSAO EXTRAORDINARIA
18,404,2022-11-16,SESSAO ORDINARIA
18,405,2022-11-17,SESSAO ORDINARIA
18,407,2022-11-23,SESSAO ORDINARIA
18,409,2022-12-01,SESSAO ORDINARIA
18,412,2022-12-07,SESSAO EXTRAORDINARIA
18,413,2022-12-08,SESSAO ORDINARIA
18,416,2022-12-14,SESSAO ORDINARIA
18,417,2022-12-15,SESSAO ORDINARIA
18,418,2023-02-01,SESSAO ORDINARIA
18,419,2023-02-02,SESSAO ORDINARIA
18,420,2023-02-07,SESSAO ORDINARIA
18,421,2023-02-08,SESSAO ORDINARIA
18,422,2023-02-14,SESSAO EXTRAORDINARIA
18,423,2023-02-09,SESSAO ORDINARIA
18,424,2023-02-16,SESSAO EXTRAORDINARIA
18,425,2023-02-14,SESSAO ORDINARIA
18,426,2023-02-15,SESSAO ORDINARIA
18,427,2023-02-16,SESSAO ORDINARIA
18,428,2023-02-23,SESSAO ORDINARIA
18,429,2023-02-28,SESSAO ORDINARIA
18,430,2023-03-01,SESSAO ORDINARIA
18,431,2023-03-21,SESSAO EXTRAORDINARIA
18,432,2023-03-02,SESSAO ORDINARIA
18,433,2023-03-07,SESSAO ORDINARIA
18,434,2023-03-08,SESSAO ORDINARIA
18,435,2023-03-09,SESSAO ORDINARIA
18,436,2023-03-14,SESSAO ORDINARIA
18,437,2023-03-15,SESSAO ORDINARIA
18,438,2023-03-16,SESSAO ORDINARIA
18,439,2023-03-21,SESSAO ORDINARIA
18,440,2023-03-22,SESSAO ORDINARIA
18,441,2023-03-23,SESSAO ORDINARIA
18,442,2023-03-21,SESSAO EXTRAORDINARIA
18,443,2023-04-04,SESSAO EXTRAORDINARIA
18,444,2023-03-28,SESSAO ORDINARIA
18,445,2023-03-29,SESSAO ORDINARIA
18,446,2023-03-30,SESSAO ORDINARIA
18,447,2023-04-04,SESSAO ORDINARIA
18,448,2023-04-05,SESSAO ORDINARIA
18,449,2023-04-11,SESSAO EXTRAORDINARIA
18,450,2023-04-11,SESSAO ORDINARIA
18,451,2023-04-12,SESSAO ORDINARIA
18,452,2023-04-13,SESSAO ORDINARIA
18,453,2023-04-18,SESSAO ORDINARIA
18,454,2023-04-19,SESSAO ORDINARIA
18,455,2023-04-20,SESSAO ORDINARIA
18,456,2023-04-25,SESSAO ORDINARIA
18,457,2023-04-26,SESSAO ORDINARIA
18,458,2023-04-27,SESSAO ORDINARIA
18,459,2023-05-02,SESSAO ORDINARIA
18,460,2023-05-03,SESSAO ORDINARIA
18,461,2023-05-04,SESSAO ORDINARIA
18,462,2023-05-09,SESSAO EXTRAORDINARIA
18,463,2023-05-09,SESSAO ORDINARIA
18,464,2023-05-10,SESSAO ORDINARIA
18,465,2023-05-11,SESSAO ORDINARIA
18,466,2023-05-16,SESSAO EXTRAORDINARIA
18,467,2023-05-16,SESSAO ORDINARIA
18,468,2023-05-17,SESSAO ORDINARIA
18,469,2023-05-18,SESSAO ORDINARIA
18,470,2023-05-23,SESSAO ORDINARIA
18,471,2023-05-24,SESSAO ORDINARIA
18,472,2023-05-25,SESSAO ORDINARIA
18,473,2023-05-30,SESSAO ORDINARIA
18,474,2023-05-31,SESSAO EXTRAORDINARIA
18,475,2023-05-31,SESSAO ORDINARIA
18,476,2023-06-01,SESSAO ORDINARIA
18,477,2023-06-06,SESSAO ORDINARIA
18,478,2023-06-07,SESSAO ORDINARIA
18,479,2023-06-13,SESSAO ORDINARIA
18,480,2023-06-14,SESSAO ORDINARIA
18,481,2023-06-20,SESSAO EXTRAORDINARIA
18,482,2023-06-20,SESSAO ORDINARIA
18,483,2023-06-21,SESSAO ORDINARIA
18,484,2023-06-22,SESSAO ORDINARIA
18,485,2023-06-27,SESSAO EXTRAORDINARIA
18,486,2023-06-27,SESSAO ORDINARIA
18,487,2023-08-01,SESSAO ORDINARIA
18,488,2023-08-02,SESSAO ORDINARIA
18,489,2023-08-03,SESSAO ORDINARIA
18,490,2023-08-08,SESSAO ORDINARIA
18,491,2023-08-09,SESSAO ORDINARIA
18,492,2023-08-10,SESSAO ORDINARIA
18,493,2023-08-15,SESSAO ORDINARIA
18,494,2023-08-15,SESSAO EXTRAORDINARIA
18,495,2023-08-16,SESSAO ORDINARIA
18,496,2023-08-22,SESSAO ORDINARIA
18,497,2023-08-22,SESSAO EXTRAORDINARIA
18,498,2023-08-23,SESSAO ORDINARIA
18,499,2023-08-24,SESSAO ORDINARIA
18,500,2023-08-29,SESSAO ORDINARIA
18,501,2023-08-29,SESSAO EXTRAORDINARIA
18,502,2023-08-29,SESSAO EXTRAORDINARIA
18,503,2023-08-30,SESSAO ORDINARIA
18,504,2023-08-31,SESSAO ORDINARIA
18,505,2023-09-05,SESSAO ORDINARIA
18,506,2023-09-12,SESSAO ORDINARIA
18,507,2023-09-13,SESSAO ORDINARIA
18,508,2023-09-19,SESSAO EXTRAORDINARIA
18,509,2023-09-19,SESSAO ORDINARIA
18,510,2023-09-20,SESSAO ORDINARIA
18,511,2023-09-21,SESSAO ORDINARIA
18,512,2023-09-26,SESSAO EXTRAORDINARIA
18,513,2023-09-26,SESSAO ORDINARIA
18,514,2023-09-27,SESSAO ORDINARIA
18,515,2023-09-28,SESSAO ORDINARIA
18,516,2023-10-03,SESSAO EXTRAORDINARIA
18,517,2023-10-03,SESSAO ORDINARIA
18,518,2023-10-04,SESSAO ORDINARIA
18,519,2023-10-05,SESSAO ORDINARIA
18,520,2023-10-10,SESSAO ORDINARIA
18,521,2023-10-10,SESSAO EXTRAORDINARIA
18,522,2023-10-11,SESSAO ORDINARIA
18,523,2023-10-17,SESSAO EXTRAORDINARIA
18,524,2023-10-17,SESSAO ORDINARIA
18,525,2023-10-18,SESSAO ORDINARIA
18,526,2023-10-19,SESSAO ORDINARIA
18,527,2023-10-24,SESSAO EXTRAORDINARIA
18,528,2023-10-24,SESSAO ORDINARIA
18,529,2023-10-25,SESSAO ORDINARIA
18,530,2023-10-31,SESSAO ORDINARIA
18,531,2023-10-31,SESSAO EXTRAORDINARIA
18,532,2023-11-01,SESSAO ORDINARIA
18,533,2023-11-07,SESSAO ORDINARIA
18,534,2023-11-07,SESSAO EXTRAORDINARIA
18,535,2023-11-08,SESSAO ORDINARIA
18,536,2023-11-09,SESSAO ORDINARIA
18,537,2023-11-14,SESSAO EXTRAORDINARIA
18,538,2023-11-14,SESSAO ORDINARIA
18,539,2023-11-16,SESSAO ORDINARIA
18,540,2023-11-21,SESSAO ORDINARIA
18,541,2023-11-21,SESSAO EXTRAORDINARIA
18,542,2023-11-21,SESSAO EXTRAORDINARIA
18,543,2023-11-22,SESSAO ORDINARIA
18,544,2023-11-23,SESSAO ORDINARIA
18,545,2023-11-28,SESSAO EXTRAORDINARIA
18,546,2023-11-28,SESSAO ORDINARIA
18,547,2023-11-28,SESSAO EXTRAORDINARIA
18,548,2023-12-05,SESSAO ORDINARIA
18,549,2023-12-05,SESSAO EXTRAORDINARIA
18,550,2023-12-06,SESSAO ORDINARIA
18,551,2023-12-07,SESSAO ORDINARIA
18,552,2023-12-12,SESSAO EXTRAORDINARIA
18,553,2023-12-12,SESSAO ORDINARIA
18,554,2023-12-13,SESSAO ORDINARIA
18,555,2023-12-13,SESSAO EXTRAORDINARIA
18,556,2023-12-13,SESSAO EXTRAORDINARIA
18,557,2024-02-01,SESSAO ORDINARIA
18,558,2024-02-01,SESSAO EXTRAORDINARIA
18,559,2024-02-01,SESSAO EXTRAORDINARIA
18,560,2024-02-06,SESSAO EXTRAORDINARIA
18,561,2024-02-06,SESSAO ORDINARIA
18,562,2024-02-07,SESSAO ORDINARIA
18,563,2024-02-08,SESSAO ORDINARIA
18,564,2024-02-15,SESSAO ORDINARIA
18,565,2024-02-20,SESSAO EXTRAORDINARIA
18,566,2024-02-20,SESSAO ORDINARIA
18,567,2024-02-21,SESSAO ORDINARIA
18,568,2024-02-22,SESSAO ORDINARIA
18,569,2024-02-27,SESSAO EXTRAORDINARIA
18,570,2024-02-27,SESSAO ORDINARIA
18,571,2024-02-27,SESSAO EXTRAORDINARIA
18,572,2024-02-27,SESSAO EXTRAORDINARIA
18,573,2024-02-28,SESSAO ORDINARIA
18,574,2024-02-29,SESSAO ORDINARIA
18,575,2024-03-05,SESSAO EXTRAORDINARIA
18,576,2024-03-05,SESSAO ORDINARIA
18,577,2024-03-06,SESSAO ORDINARIA
18,578,2024-03-07,SESSAO ORDINARIA
18,579,2024-03-13,SESSAO ORDINARIA
18,580,2024-03-14,SESSAO ORDINARIA
18,581,2024-03-19,SESSAO EXTRAORDINARIA
18,582,2024-03-19,SESSAO ORDINARIA
18,583,2024-03-20,SESSAO ORDINARIA
18,584,2024-03-21,SESSAO ORDINARIA
18,585,2024-03-26,SESSAO EXTRAORDINARIA
18,586,2024-03-26,SESSAO ORDINARIA
18,587,2024-03-27,SESSAO ORDINARIA
18,588,2024-04-02,SESSAO EXTRAORDINARIA
18,589,2024-04-02,SESSAO ORDINARIA
18,590,2024-04-03,SESSAO ORDINARIA
18,591,2024-04-04,SESSAO ORDINARIA
18,592,2024-04-23,SESSAO ORDINARIA
18,593,2024-04-09,SESSAO EXTRAORDINARIA
18,594,2024-04-09,SESSAO ORDINARIA
18,595,2024-04-10,SESSAO ORDINARIA
18,596,2024-04-09,SESSAO EXTRAORDINARIA
18,597,2024-04-11,SESSAO ORDINARIA
18,598,2024-04-23,SESSAO EXTRAORDINARIA
18,599,2024-05-07,SESSAO EXTRAORDINARIA
18,600,2024-04-16,SESSAO ORDINARIA
18,601,2024-04-17,SESSAO ORDINARIA
18,602,2024-04-18,SESSAO ORDINARIA
18,603,2024-04-24,SESSAO ORDINARIA
18,604,2024-04-25,SESSAO ORDINARIA
18,605,2024-05-21,SESSAO EXTRAORDINARIA
18,606,2024-04-30,SESSAO ORDINARIA
18,607,2024-05-02,SESSAO ORDINARIA
18,608,2024-05-07,SESSAO ORDINARIA
18,609,2024-05-08,SESSAO ORDINARIA
18,610,2024-05-09,SESSAO ORDINARIA
18,611,2024-05-28,SESSAO EXTRAORDINARIA
18,612,2024-05-14,SESSAO ORDINARIA
18,613,2024-05-15,SESSAO ORDINARIA
18,614,2024-05-16,SESSAO ORDINARIA
18,615,2024-05-21,SESSAO ORDINARIA
18,616,2024-05-22,SESSAO ORDINARIA
18,617,2024-05-23,SESSAO ORDINARIA
18,618,2024-05-28,SESSAO ORDINARIA
18,619,2024-06-04,SESSAO EXTRAORDINARIA
18,620,2024-05-29,SESSAO ORDINARIA
18,621,2024-06-04,SESSAO EXTRAORDINARIA
18,622,2024-06-04,SESSAO ORDINARIA
18,623,2024-06-05,SESSAO ORDINARIA
18,624,2024-06-11,SESSAO EXTRAORDINARIA
18,625,2024-06-18,SESSAO EXTRAORDINARIA
18,626,2024-06-06,SESSAO ORDINARIA
18,627,2024-06-11,SESSAO ORDINARIA
18,628,2024-06-12,SESSAO ORDINARIA
18,629,2024-06-13,SESSAO ORDINARIA
18,630,2024-06-18,SESSAO ORDINARIA
18,631,2024-06-19,SESSAO ORDINARIA
18,632,2024-06-20,SESSAO ORDINARIA
18,633,2024-06-18,SESSAO EXTRAORDINARIA
18,634,2024-06-19,SESSAO EXTRAORDINARIA
18,635,2024-06-25,SESSAO EXTRAORDINARIA
18,636,2024-06-25,SESSAO ORDINARIA
18,637,2024-08-01,SESSAO ORDINARIA
18,638,2024-08-06,SESSAO ORDINARIA
18,639,2024-08-07,SESSAO EXTRAORDINARIA
18,640,2024-08-07,SESSAO EXTRAORDINARIA
18,641,2024-08-07,SESSAO ORDINARIA
18,642,2024-08-07,SESSAO EXTRAORDINARIA
18,643,2024-08-08,SESSAO ORDINARIA
18,644,2024-08-14,SESSAO ORDINARIA
18,645,2024-08-15,SESSAO ORDINARIA
18,646,2024-08-14,SESSAO EXTRAORDINARIA
18,647,2024-08-20,SESSAO ORDINARIA
18,648,2024-08-21,SESSAO ORDINARIA
18,649,2024-08-27,SESSAO ORDINARIA
18,650,2024-08-28,SESSAO ORDINARIA
18,651,2024-08-29,SESSAO ORDINARIA
18,652,2024-09-03,SESSAO EXTRAORDINARIA
18,653,2024-09-03,SESSAO ORDINARIA
18,654,2024-09-04,SESSAO ORDINARIA
18,655,2024-09-05,SESSAO ORDINARIA
18,656,2024-09-10,SESSAO EXTRAORDINARIA
18,657,2024-09-10,SESSAO ORDINARIA
18,658,2024-09-11,SESSAO ORDINARIA
18,659,2024-09-12,SESSAO ORDINARIA
18,660,2024-09-17,SESSAO ORDINARIA
18,661,2024-09-17,SESSAO EXTRAORDINARIA
18,662,2024-09-18,SESSAO ORDINARIA
18,663,2024-09-19,SESSAO ORDINARIA
18,664,2024-09-24,SESSAO EXTRAORDINARIA
18,665,2024-09-24,SESSAO ORDINARIA
18,666,2024-09-25,SESSAO ORDINARIA
18,667,2024-09-26,SESSAO ORDINARIA
18,668,2024-08-27,SESSAO EXTRAORDINARIA
18,669,2024-10-01,SESSAO EXTRAORDINARIA
18,670,2024-10-01,SESSAO ORDINARIA
18,671,2024-10-02,SESSAO ORDINARIA
18,672,2024-10-03,SESSAO ORDINARIA
18,673,2024-10-08,SESSAO EXTRAORDINARIA
18,674,2024-10-08,SESSAO ORDINARIA
18,675,2024-10-09,SESSAO ORDINARIA
18,676,2024-10-10,SESSAO ORDINARIA
18,677,2024-10-15,SESSAO ORDINARIA
18,678,2024-10-16,SESSAO ORDINARIA
18,679,2024-10-17,SESSAO ORDINARIA
18,680,2024-10-22,SESSAO EXTRAORDINARIA
18,681,2024-10-22,SESSAO ORDINARIA
18,682,2024-10-23,SESSAO ORDINARIA
18,683,2024-10-24,SESSAO ORDINARIA
18,684,2024-10-29,SESSAO EXTRAORDINARIA
18,685,2024-10-29,SESSAO ORDINARIA
18,686,2024-10-30,SESSAO ORDINARIA
18,687,2024-10-30,SESSAO EXTRAORDINARIA
18,688,2024-10-31,SESSAO ORDINARIA
18,689,2024-11-05,SESSAO ORDINARIA
18,690,2024-11-05,SESSAO EXTRAORDINARIA
18,691,2024-11-06,SESSAO ORDINARIA
18,692,2024-11-07,SESSAO ORDINARIA
18,693,2024-11-12,SESSAO EXTRAORDINARIA
18,694,2024-11-12,SESSAO ORDINARIA
18,1693,2024-11-13,SESSAO ORDINARIA
18,1694,2024-11-14,SESSAO ORDINARIA
18,1695,2024-11-19,SESSAO ORDINARIA
18,1696,2024-11-26,SESSAO EXTRAORDINARIA
18,1697,2024-11-26,SESSAO ORDINARIA
18,1698,2024-11-26,SESSAO EXTRAORDINARIA
18,1699,2024-11-27,SESSAO ORDINARIA
18,1700,2024-11-27,SESSAO EXTRAORDINARIA
18,1701,2024-11-28,SESSAO ORDINARIA
18,1702,2024-12-03,SESSAO ORDINARIA
18,1703,2024-12-03,SESSAO EXTRAORDINARIA
18,1704,2024-12-04,SESSAO EXTRAORDINARIA
18,1705,2024-12-04,SESSAO ORDINARIA
18,1706,2024-12-10,SESSAO EXTRAORDINARIA
18,1707,2024-12-10,SESSAO ORDINARIA
18,1708,2024-12-10,SESSAO EXTRAORDINARIA
18,1709,2024-03-12,SESSAO EXTRAORDINARIA
18,1710,2024-03-12,SESSAO EXTRAORDINARIA
18,1711,2024-03-12,SESSAO ORDINARIA
18,1713,2025-02-11,ORDINARIA
18,1715,2025-02-12,ORDINARIA
18,1716,2025-02-13,ORDINARIA
18,1717,2025-02-18,ORDINARIA
18,1719,2025-02-19,ORDINARIA
18,1720,2025-02-25,ORDINARIA
18,1721,2025-02-20,ORDINARIA
18,1724,2025-02-26,ORDINARIA
18,1727,2025-02-27,ORDINARIA
18,1730,2025-03-06,ORDINARIA
18,1733,2025-03-11,ORDINARIA
18,1734,2025-03-11,EXTRAORDINARIA
18,1736,2025-03-12,ORDINARIA
18,1739,2025-03-13,ORDINARIA
18,1740,2025-03-18,EXTRAORDINARIA
18,1741,2025-03-18,ORDINARIA
18,1742,2025-03-18,EXTRAORDINARIA
18,1743,2025-03-18,EXTRAORDINARIA
18,1744,2025-03-19,ORDINARIA
18,1746,2025-03-20,ORDINARIA
18,1752,2025-03-25,ORDINARIA
18,1754,2025-03-25,EXTRAORDINARIA
18,1755,2025-03-26,ORDINARIA
18,1756,2025-04-02,EXTRAORDINARIA
18,1757,2025-03-27,ORDINARIA
18,1759,2025-04-01,ORDINARIA
18,1762,2025-04-02,ORDINARIA
18,1763,2025-04-03,ORDINARIA
18,1765,2025-04-03,ORDINARIA
18,1769,2025-04-08,ORDINARIA
18,1770,2025-04-08,EXTRAORDINARIA
18,1773,2025-04-09,ORDINARIA
18,1775,2025-04-10,ORDINARIA
18,1776,2025-04-10,ORDINARIA
18,1780,2025-04-15,ORDINARIA
18,1783,2025-04-16,ORDINARIA
18,1785,2025-04-22,ORDINARIA
18,1786,2025-04-23,ORDINARIA
18,1788,2025-04-24,ORDINARIA
18,1789,2025-04-24,ORDINARIA
18,1790,2025-04-29,ORDINARIA
18,1792,2025-04-30,ORDINARIA
18,1794,2025-05-06,ORDINARIA
18,1795,2025-05-06,EXTRAORDINARIA
18,1796,2025-05-07,ORDINARIA
18,1797,2025-05-13,EXTRAORDINARIA
18,1798,2025-05-08,ORDINARIA
18,1799,2025-05-08,ORDINARIA
18,1802,2025-05-13,ORDINARIA
18,1803,2025-05-20,EXTRAORDINARIA
18,1805,2025-05-14,ORDINARIA
18,1807,2025-05-27,EXTRAORDINARIA
18,1813,2025-05-20,ORDINARIA
18,1817,2025-05-21,ORDINARIA
18,1819,2025-05-22,ORDINARIA
18,1820,2025-05-27,ORDINARIA
18,1825,2025-05-27,EXTRAORDINARIA
18,1827,2025-05-28,ORDINARIA
18,1829,2025-05-29,ORDINARIA
18,1830,2025-05-29,ORDINARIA
18,1833,2025-06-03,ORDINARIA
18,1834,2025-06-17,EXTRAORDINARIA
18,1836,2025-06-04,ORDINARIA
18,1838,2025-06-05,ORDINARIA
18,1842,2025-06-10,ORDINARIA
18,1844,2025-06-11,ORDINARIA
18,1846,2025-06-12,ORDINARIA
18,1847,2025-06-12,ORDINARIA
18,1848,2025-06-17,ORDINARIA
18,1851,2025-06-17,EXTRAORDINARIA
18,1854,2025-06-18,ORDINARIA
18,1856,2025-06-24,ORDINARIA
18,1858,2025-06-24,EXTRAORDINARIA
18,1859,2025-08-07,EXTRAORDINARIA
18,1862,2025-06-25,ORDINARIA
18,1864,2025-06-26,ORDINARIA
18,1865,2025-06-26,ORDINARIA
18,1870,2025-08-05,ORDINARIA
18,1873,2025-08-06,ORDINARIA
18,1875,2025-08-07,ORDINARIA
18,1876,2025-08-07,EXTRAORDINARIA
18,1879,2025-08-12,ORDINARIA
18,1880,2025-08-12,EXTRAORDINARIA
18,1882,2025-08-13,ORDINARIA
18,1884,2025-08-14,ORDINARIA
18,1885,2025-08-14,ORDINARIA
18,1891,2025-08-19,ORDINARIA
18,1892,2025-08-19,EXTRAORDINARIA
18,1895,2025-08-20,ORDINARIA
18,1896,2025-08-26,EXTRAORDINARIA
18,1897,2025-08-21,SOLENE
18,1899,2025-08-22,SOLENE
18,1903,2025-08-26,ORDINARIA
18,1904,2025-08-27,ORDINARIA
18,1905,2025-09-09,EXTRAORDINARIA
18,1906,2025-08-28,ORDINARIA
18,1907,2025-08-28,ORDINARIA
18,1911,2025-09-02,ORDINARIA
18,1913,2025-09-03,ORDINARIA
18,1914,2025-09-04,ORDINARIA
18,1915,2025-09-04,ORDINARIA
18,1916,2025-09-09,ORDINARIA
18,1917,2025-09-10,ORDINARIA
18,1919,2025-09-11,ORDINARIA
18,1920,2025-09-11,ORDINARIA
18,1927,2025-09-16,ORDINARIA
18,1928,2025-09-16,EXTRAORDINARIA
18,1929,2025-09-23,EXTRAORDINARIA
18,1930,2025-09-17,ORDINARIA
18,1932,2025-09-18,ORDINARIA
18,1933,2025-09-18,ORDINARIA
18,1939,2025-09-23,ORDINARIA
18,1941,2025-09-24,ORDINARIA
18,1944,2025-09-25,ORDINARIA
18,1945,2025-09-25,ORDINARIA
18,1950,2025-09-30,ORDINARIA
18,1951,2025-09-30,EXTRAORDINARIA
18,1954,2025-10-01,ORDINARIA
18,1956,2025-10-02,ORDINARIA
18,1963,2025-10-07,ORDINARIA
18,1964,2025-10-08,EXTRAORDINARIA
18,1966,2025-10-08,ORDINARIA
18,1967,2025-10-09,ORDINARIA
18,1968,2025-10-09,ORDINARIA
18,1974,2025-10-14,ORDINARIA
18,1975,2025-10-15,EXTRAORDINARIA
18,1977,2025-10-15,ORDINARIA
18,1979,2025-10-16,ORDINARIA
18,1985,2025-10-21,ORDINARIA
18,1986,2025-10-21,EXTRAORDINARIA
18,1988,2025-10-22,ORDINARIA
18,1989,2025-11-04,EXTRAORDINARIA
18,1990,2025-10-23,ORDINARIA
18,1992,2025-10-29,ORDINARIA
18,1994,2025-10-30,ORDINARIA
18,1995,2025-10-30,ORDINARIA
18,2000,2025-11-04,ORDINARIA
18,2003,2025-11-05,ORDINARIA
18,2004,2025-11-11,EXTRAORDINARIA
18,2006,2025-11-06,ORDINARIA
18,2013,2025-11-11,ORDINARIA
18,2014,2025-11-11,EXTRAORDINARIA
18,2015,2025-11-11,EXTRAORDINARIA
18,2018,2025-11-12,ORDINARIA
18,2020,2025-11-13,ORDINARIA
18,2027,2025-11-18,ORDINARIA
18,2028,2025-11-25,EXTRAORDINARIA
18,2030,2025-11-19,ORDINARIA
18,2034,2025-11-25,ORDINARIA
18,2035,2025-11-26,EXTRAORDINARIA
18,2037,2025-11-26,ORDINARIA
18,2038,2025-11-26,EXTRAORDINARIA
18,2039,2025-11-27,ORDINARIA
18,2040,2025-11-27,ORDINARIA
18,2045,2025-12-02,ORDINARIA
18,2046,2025-12-02,EXTRAORDINARIA
18,2047,2025-12-03,EXTRAORDINARIA
18,2050,2025-12-03,ORDINARIA
18,2053,2025-12-04,ORDINARIA
18,2057,2025-12-09,ORDINARIA
18,2058,2025-12-09,EXTRAORDINARIA
18,2060,2025-12-10,EXTRAORDINARIA
18,2061,2025-12-10,EXTRAORDINARIA
18,2062,2025-12-10,EXTRAORDINARIA
18,2065,2025-12-15,ORDINARIA
18,2066,2025-12-23,EXTRAORDINARIA
18,2067,2025-12-23,EXTRAORDINARIA
18,2069,2026-02-03,ORDINARIA
18,2070,2026-02-04,ORDINARIA
18,2072,2026-02-05,ORDINARIA
18,2074,2026-02-10,ORDINARIA
18,2075,2026-02-10,EXTRAORDINARIA
18,2078,2026-02-11,ORDINARIA
18,2079,2026-03-03,EXTRAORDINARIA
18,2081,2026-02-12,ORDINARIA
18,2082,2026-02-19,ORDINARIA
18,2084,2026-02-24,ORDINARIA
18,2085,2026-02-25,ORDINARIA
18,2088,2026-02-26,ORDINARIA
18,2092,2026-03-03,ORDINARIA
18,2093,2026-03-04,ORDINARIA
18,2096,2026-03-05,SOLENE
18,2101,2026-03-31,EXTRAORDINARIA
18,2102,2026-03-31,EXTRAORDINARIA
18,2103,2026-04-01,ORDINARIA
18,2106,2026-04-07,ORDINARIA
18,2107,2026-04-08,EXTRAORDINARIA
18,2108,2026-04-08,ORDINARIA
18,2109,2026-04-09,ORDINARIA
18,2112,2026-04-14,ORDINARIA
18,2113,2026-04-14,EXTRAORDINARIA
18,2114,2026-04-15,ORDINARIA
18,2115,2026-04-29,EXTRAORDINARIA
18,2116,2026-04-16,ORDINARIA
18,2118,2026-04-22,ORDINARIA
18,2119,2026-04-23,ORDINARIA
18,2122,2026-04-28,ORDINARIA
18,2125,2026-04-29,ORDINARIA
18,2126,2026-03-17,ORDINARIA
18,2127,2026-03-18,ORDINARIA
18,2128,2026-03-25,EXTRAORDINARIA
18,2131,2026-03-19,ORDINARIA
18,2136,2026-03-24,ORDINARIA
18,2138,2026-03-25,ORDINARIA
18,2139,2026-03-25,EXTRAORDINARIA
18,2141,2026-03-26,ORDINARIA
18,2143,2026-03-31,ORDINARIA
18,2145,2026-04-30,ORDINARIA
18,2148,2026-05-05,ORDINARIA
18,2149,2026-05-12,EXTRAORDINARIA
18,2150,2026-05-06,ORDINARIA
18,2152,2026-05-07,ORDINARIA
18,2159,2026-05-12,ORDINARIA
18,2161,2026-05-13,ORDINARIA
18,2163,2026-05-14,ORDINARIA
18,2170,2026-05-19,ORDINARIA
18,2171,2026-03-10,ORDINARIA
18,2172,2026-03-17,EXTRAORDINARIA
18,2173,2026-03-11,ORDINARIA
18,2176,2026-03-12,ORDINARIA
18,2183,2026-05-19,EXTRAORDINARIA
18,2185,2026-05-20,ORDINARIA
18,2186,2026-06-09,EXTRAORDINARIA
18,2188,2026-05-21,ORDINARIA
18,2191,2026-05-26,ORDINARIA
18,2192,2026-05-27,ORDINARIA
18,2193,2026-05-28,ORDINARIA
18,2199,2026-06-02,ORDINARIA
18,2200,2026-06-03,ORDINARIA
18,2203,2026-06-09,ORDINARIA
18,2204,2026-06-10,ORDINARIA
18,2205,2026-06-11,ORDINARIA
18,2213,2026-06-23,ORDINARIA
18,2218,2026-06-30,ORDINARIA
18,2219,2026-06-30,EXTRAORDINARIA
18,2220,2026-06-30,EXTRAORDINARIA
18,2225,2026-08-04,ORDINARIA
18,2228,2026-08-05,ORDINARIA
18,2229,2026-08-06,ORDINARIA
18,2233,2026-06-16,ORDINARIA
18,2234,2026-06-16,EXTRAORDINARIA
18,2235,2026-06-30,EXTRAORDINARIA
18,2237,2026-06-17,ORDINARIA
18,2239,2026-06-18,ORDINARIA
18,2241,2026-08-11,ORDINARIA
18,2244,2026-08-12,ORDINARIA
18,2245,2026-08-13,ORDINARIA
18,2250,2026-08-18,ORDINARIA
18,2253,2026-08-19,ORDINARIA
18,2255,2026-08-20,ORDINARIA
18,2258,2026-08-25,ORDINARIA
19,15,2020-03-04,SESSAO ORDINARIA
19,16,2020-03-05,SESSAO ORDINARIA
19,33,2020-03-31,SESSAO EXTRAORDINARIA
19,43,2020-04-15,SESSAO EXTRAORDINARIA
19,46,2020-04-22,SESSAO EXTRAORDINARIA
19,47,2020-04-22,SESSAO EXTRAORDINARIA
19,49,2020-04-28,SESSAO EXTRAORDINARIA
19,50,2020-04-29,SESSAO EXTRAORDINARIA
19,51,2020-04-29,SESSAO EXTRAORDINARIA
19,62,2020-06-02,SESSAO EXTRAORDINARIA
19,64,2020-06-10,SESSAO EXTRAORDINARIA
19,74,2020-06-24,SESSAO EXTRAORDINARIA
19,77,2020-08-04,SESSAO EXTRAORDINARIA
19,78,2020-08-05,SESSAO EXTRAORDINARIA
19,79,2020-08-11,SESSAO EXTRAORDINARIA
19,80,2020-08-11,SESSAO EXTRAORDINARIA
19,81,2020-08-12,SESSAO EXTRAORDINARIA
19,82,2020-08-12,SESSAO EXTRAORDINARIA
19,85,2020-08-19,SESSAO EXTRAORDINARIA
19,86,2020-08-25,SESSAO EXTRAORDINARIA
19,95,2020-09-22,SESSAO EXTRAORDINARIA
19,97,2020-09-23,SESSAO EXTRAORDINARIA
19,100,2020-09-30,SESSAO EXTRAORDINARIA
19,101,2020-10-06,SESSAO EXTRAORDINARIA
19,102,2020-10-07,SESSAO EXTRAORDINARIA
19,103,2020-10-07,SESSAO EXTRAORDINARIA
19,104,2020-10-13,SESSAO EXTRAORDINARIA
19,106,2020-10-14,SESSAO EXTRAORDINARIA
19,107,2020-10-15,SESSAO EXTRAORDINARIA
19,110,2020-10-21,SESSAO EXTRAORDINARIA
19,112,2020-10-28,SESSAO EXTRAORDINARIA
19,113,2020-10-28,SESSAO EXTRAORDINARIA
19,116,2020-11-04,SESSAO EXTRAORDINARIA
19,118,2020-11-10,SESSAO EXTRAORDINARIA
19,124,2020-11-25,SESSAO EXTRAORDINARIA
19,127,2020-12-01,SESSAO EXTRAORDINARIA
19,128,2020-12-02,SESSAO EXTRAORDINARIA
19,131,2020-12-09,SESSAO EXTRAORDINARIA
19,137,2021-02-03,SESSAO EXTRAORDINARIA
19,139,2021-02-10,SESSAO EXTRAORDINARIA
19,141,2021-02-23,SESSAO EXTRAORDINARIA
19,142,2021-02-24,SESSAO EXTRAORDINARIA
19,153,2021-03-30,SESSAO EXTRAORDINARIA
19,154,2021-03-31,SESSAO EXTRAORDINARIA
19,156,2021-04-06,SESSAO EXTRAORDINARIA
19,157,2021-04-07,SESSAO EXTRAORDINARIA
19,165,2021-04-28,SESSAO EXTRAORDINARIA
19,167,2021-05-05,SESSAO EXTRAORDINARIA
19,169,2021-05-11,SESSAO EXTRAORDINARIA
19,178,2021-06-02,SESSAO EXTRAORDINARIA
19,185,2021-06-22,SESSAO EXTRAORDINARIA
19,189,2021-06-29,SESSAO EXTRAORDINARIA
19,194,2021-08-05,SESSAO ORDINARIA
19,204,2021-08-19,SESSAO ORDINARIA
19,207,2021-08-26,SESSAO ORDINARIA
19,212,2021-09-02,SESSAO ORDINARIA
19,214,2021-09-09,SESSAO ORDINARIA
19,218,2021-09-16,SESSAO ORDINARIA
19,220,2021-09-21,SESSAO EXTRAORDINARIA
19,221,2021-09-22,SESSAO ORDINARIA
19,222,2021-09-23,SESSAO ORDINARIA
19,225,2021-09-30,SESSAO ORDINARIA
19,236,2021-10-20,SESSAO EXTRAORDINARIA
19,237,2021-10-21,SESSAO ORDINARIA
19,238,2021-10-26,SESSAO ORDINARIA
19,239,2021-10-27,SESSAO ORDINARIA
19,240,2021-10-28,SESSAO ORDINARIA
19,241,2021-11-03,SESSAO ORDINARIA
19,242,2021-11-03,SESSAO EXTRAORDINARIA
19,243,2021-11-03,SESSAO EXTRAORDINARIA
19,244,2021-11-04,SESSAO ORDINARIA
19,246,2021-11-09,SESSAO EXTRAORDINARIA
19,249,2021-11-11,SESSAO ORDINARIA
19,250,2021-11-16,SESSAO ORDINARIA
19,254,2021-11-23,SESSAO EXTRAORDINARIA
19,256,2021-11-25,SESSAO ORDINARIA
19,258,2021-12-01,SESSAO EXTRAORDINARIA
19,274,2022-02-03,SESSAO ORDINARIA
19,277,2022-02-08,SESSAO EXTRAORDINARIA
19,290,2022-03-03,SESSAO ORDINARIA
19,299,2022-03-17,SESSAO ORDINARIA
19,307,2022-03-31,SESSAO EXTRAORDINARIA
19,312,2022-04-05,SESSAO ORDINARIA
19,314,2022-04-06,SESSAO ORDINARIA
19,315,2022-04-12,SESSAO EXTRAORDINARIA
19,319,2022-04-13,SESSAO ORDINARIA
19,323,2022-04-27,SESSAO ORDINARIA
19,324,2022-04-28,SESSAO ORDINARIA
19,326,2022-05-04,SESSAO ORDINARIA
19,327,2022-05-05,SESSAO ORDINARIA
19,329,2022-05-11,SESSAO ORDINARIA
19,330,2022-05-17,SESSAO EXTRAORDINARIA
19,331,2022-05-12,SESSAO ORDINARIA
19,332,2022-06-07,SESSAO EXTRAORDINARIA
19,333,2022-05-12,SESSAO ORDINARIA
19,335,2022-05-18,SESSAO ORDINARIA
19,336,2022-05-19,SESSAO ORDINARIA
19,337,2022-05-24,SESSAO ORDINARIA
19,338,2022-05-25,SESSAO ORDINARIA
19,341,2022-06-01,SESSAO ORDINARIA
19,342,2022-06-02,SESSAO ORDINARIA
19,348,2022-06-15,SESSAO ORDINARIA
19,351,2022-06-23,SESSAO ORDINARIA
19,353,2022-06-29,SESSAO EXTRAORDINARIA
19,355,2022-06-29,SESSAO EXTRAORDINARIA
19,356,2022-06-30,SESSAO ORDINARIA
19,357,2022-08-02,SESSAO ORDINARIA
19,358,2022-08-30,SESSAO EXTRAORDINARIA
19,359,2022-08-03,SESSAO ORDINARIA
19,360,2022-08-04,SESSAO ORDINARIA
19,362,2022-08-10,SESSAO ORDINARIA
19,363,2022-08-11,SESSAO ORDINARIA
19,365,2022-08-17,SESSAO ORDINARIA
19,366,2022-08-18,SESSAO ORDINARIA
19,368,2022-08-24,SESSAO ORDINARIA
19,369,2022-08-25,SESSAO ORDINARIA
19,371,2022-08-31,SESSAO ORDINARIA
19,373,2022-09-01,SESSAO ORDINARIA
19,374,2022-09-08,SESSAO ORDINARIA
19,377,2022-09-15,SESSAO ORDINARIA
19,379,2022-10-25,SESSAO EXTRAORDINARIA
19,380,2022-09-21,SESSAO ORDINARIA
19,381,2022-09-22,SESSAO ORDINARIA
19,383,2022-09-28,SESSAO ORDINARIA
19,384,2022-09-29,SESSAO ORDINARIA
19,386,2022-10-05,SESSAO ORDINARIA
19,387,2022-10-06,SESSAO ORDINARIA
19,389,2022-10-13,SESSAO ORDINARIA
19,390,2022-10-18,SESSAO ORDINARIA
19,392,2022-10-20,SESSAO ORDINARIA
19,394,2022-10-25,SESSAO EXTRAORDINARIA
19,395,2022-10-26,SESSAO ORDINARIA
19,396,2022-10-27,SESSAO ORDINARIA
19,397,2022-11-03,SESSAO ORDINARIA
19,400,2022-11-09,SESSAO ORDINARIA
19,402,2022-11-10,SESSAO ORDINARIA
19,404,2022-11-16,SESSAO ORDINARIA
19,407,2022-11-23,SESSAO ORDINARIA
19,409,2022-12-01,SESSAO ORDINARIA
19,416,2022-12-14,SESSAO ORDINARIA
19,417,2022-12-15,SESSAO ORDINARIA
19,420,2023-02-07,SESSAO ORDINARIA
19,421,2023-02-08,SESSAO ORDINARIA
19,422,2023-02-14,SESSAO EXTRAORDINARIA
19,425,2023-02-14,SESSAO ORDINARIA
19,428,2023-02-23,SESSAO ORDINARIA
19,436,2023-03-14,SESSAO ORDINARIA
19,437,2023-03-15,SESSAO ORDINARIA
19,438,2023-03-16,SESSAO ORDINARIA
19,441,2023-03-23,SESSAO ORDINARIA
19,451,2023-04-12,SESSAO ORDINARIA
19,452,2023-04-13,SESSAO ORDINARIA
19,455,2023-04-20,SESSAO ORDINARIA
19,460,2023-05-03,SESSAO ORDINARIA
19,461,2023-05-04,SESSAO ORDINARIA
19,464,2023-05-10,SESSAO ORDINARIA
19,469,2023-05-18,SESSAO ORDINARIA
19,471,2023-05-24,SESSAO ORDINARIA
19,472,2023-05-25,SESSAO ORDINARIA
19,474,2023-05-31,SESSAO EXTRAORDINARIA
19,475,2023-05-31,SESSAO ORDINARIA
19,476,2023-06-01,SESSAO ORDINARIA
19,478,2023-06-07,SESSAO ORDINARIA
19,479,2023-06-13,SESSAO ORDINARIA
19,480,2023-06-14,SESSAO ORDINARIA
19,484,2023-06-22,SESSAO ORDINARIA
19,495,2023-08-16,SESSAO ORDINARIA
19,499,2023-08-24,SESSAO ORDINARIA
19,503,2023-08-30,SESSAO ORDINARIA
19,504,2023-08-31,SESSAO ORDINARIA
19,505,2023-09-05,SESSAO ORDINARIA
19,508,2023-09-19,SESSAO EXTRAORDINARIA
19,509,2023-09-19,SESSAO ORDINARIA
19,510,2023-09-20,SESSAO ORDINARIA
19,511,2023-09-21,SESSAO ORDINARIA
19,516,2023-10-03,SESSAO EXTRAORDINARIA
19,517,2023-10-03,SESSAO ORDINARIA
19,518,2023-10-04,SESSAO ORDINARIA
19,519,2023-10-05,SESSAO ORDINARIA
19,522,2023-10-11,SESSAO ORDINARIA
19,525,2023-10-18,SESSAO ORDINARIA
19,529,2023-10-25,SESSAO ORDINARIA
19,536,2023-11-09,SESSAO ORDINARIA
19,545,2023-11-28,SESSAO EXTRAORDINARIA
19,550,2023-12-06,SESSAO ORDINARIA
19,555,2023-12-13,SESSAO EXTRAORDINARIA
19,563,2024-02-08,SESSAO ORDINARIA
19,569,2024-02-27,SESSAO EXTRAORDINARIA
19,571,2024-02-27,SESSAO EXTRAORDINARIA
19,572,2024-02-27,SESSAO EXTRAORDINARIA
19,577,2024-03-06,SESSAO ORDINARIA
19,583,2024-03-20,SESSAO ORDINARIA
19,584,2024-03-21,SESSAO ORDINARIA
19,587,2024-03-27,SESSAO ORDINARIA
19,591,2024-04-04,SESSAO ORDINARIA
19,612,2024-05-14,SESSAO ORDINARIA
19,613,2024-05-15,SESSAO ORDINARIA
19,614,2024-05-16,SESSAO ORDINARIA
19,616,2024-05-22,SESSAO ORDINARIA
19,617,2024-05-23,SESSAO ORDINARIA
19,620,2024-05-29,SESSAO ORDINARIA
19,621,2024-06-04,SESSAO EXTRAORDINARIA
19,623,2024-06-05,SESSAO ORDINARIA
19,626,2024-06-06,SESSAO ORDINARIA
19,629,2024-06-13,SESSAO ORDINARIA
19,637,2024-08-01,SESSAO ORDINARIA
19,643,2024-08-08,SESSAO ORDINARIA
19,645,2024-08-15,SESSAO ORDINARIA
19,651,2024-08-29,SESSAO ORDINARIA
19,654,2024-09-04,SESSAO ORDINARIA
19,655,2024-09-05,SESSAO ORDINARIA
19,659,2024-09-12,SESSAO ORDINARIA
19,662,2024-09-18,SESSAO ORDINARIA
19,667,2024-09-26,SESSAO ORDINARIA
19,672,2024-10-03,SESSAO ORDINARIA
19,676,2024-10-10,SESSAO ORDINARIA
19,679,2024-10-17,SESSAO ORDINARIA
19,683,2024-10-24,SESSAO ORDINARIA
19,688,2024-10-31,SESSAO ORDINARIA
19,1693,2024-11-13,SESSAO ORDINARIA
19,1694,2024-11-14,SESSAO ORDINARIA
19,1695,2024-11-19,SESSAO ORDINARIA
19,1700,2024-11-27,SESSAO EXTRAORDINARIA
19,1701,2024-11-28,SESSAO ORDINARIA
19,1710,2024-03-12,SESSAO EXTRAORDINARIA
19,1716,2025-02-13,ORDINARIA
19,1721,2025-02-20,ORDINARIA
19,1727,2025-02-27,ORDINARIA
19,1730,2025-03-06,ORDINARIA
19,1736,2025-03-12,ORDINARIA
19,1740,2025-03-18,EXTRAORDINARIA
19,1743,2025-03-18,EXTRAORDINARIA
19,1763,2025-04-03,ORDINARIA
19,1765,2025-04-03,ORDINARIA
19,1773,2025-04-09,ORDINARIA
19,1775,2025-04-10,ORDINARIA
19,1776,2025-04-10,ORDINARIA
19,1788,2025-04-24,ORDINARIA
19,1789,2025-04-24,ORDINARIA
19,1790,2025-04-29,ORDINARIA
19,1798,2025-05-08,ORDINARIA
19,1799,2025-05-08,ORDINARIA
19,1819,2025-05-22,ORDINARIA
19,1825,2025-05-27,EXTRAORDINARIA
19,1827,2025-05-28,ORDINARIA
19,1829,2025-05-29,ORDINARIA
19,1830,2025-05-29,ORDINARIA
19,1836,2025-06-04,ORDINARIA
19,1846,2025-06-12,ORDINARIA
19,1847,2025-06-12,ORDINARIA
19,1854,2025-06-18,ORDINARIA
19,1859,2025-08-07,EXTRAORDINARIA
19,1862,2025-06-25,ORDINARIA
19,1864,2025-06-26,ORDINARIA
19,1865,2025-06-26,ORDINARIA
19,1870,2025-08-05,ORDINARIA
19,1873,2025-08-06,ORDINARIA
19,1875,2025-08-07,ORDINARIA
19,1876,2025-08-07,EXTRAORDINARIA
19,1884,2025-08-14,ORDINARIA
19,1885,2025-08-14,ORDINARIA
19,1897,2025-08-21,SOLENE
19,1899,2025-08-22,SOLENE
19,1905,2025-09-09,EXTRAORDINARIA
19,1906,2025-08-28,ORDINARIA
19,1907,2025-08-28,ORDINARIA
19,1914,2025-09-04,ORDINARIA
19,1915,2025-09-04,ORDINARIA
19,1919,2025-09-11,ORDINARIA
19,1920,2025-09-11,ORDINARIA
19,1932,2025-09-18,ORDINARIA
19,1933,2025-09-18,ORDINARIA
19,1944,2025-09-25,ORDINARIA
19,1945,2025-09-25,ORDINARIA
19,1954,2025-10-01,ORDINARIA
19,1956,2025-10-02,ORDINARIA
19,1963,2025-10-07,ORDINARIA
19,1967,2025-10-09,ORDINARIA
19,1968,2025-10-09,ORDINARIA
19,1979,2025-10-16,ORDINARIA
19,1988,2025-10-22,ORDINARIA
19,1990,2025-10-23,ORDINARIA
19,1994,2025-10-30,ORDINARIA
19,1995,2025-10-30,ORDINARIA
19,2006,2025-11-06,ORDINARIA
19,2020,2025-11-13,ORDINARIA
19,2027,2025-11-18,ORDINARIA
19,2030,2025-11-19,ORDINARIA
19,2039,2025-11-27,ORDINARIA
19,2040,2025-11-27,ORDINARIA
19,2053,2025-12-04,ORDINARIA
19,2065,2025-12-15,ORDINARIA
19,2072,2026-02-05,ORDINARIA
19,2081,2026-02-12,ORDINARIA
19,2082,2026-02-19,ORDINARIA
19,2096,2026-03-05,SOLENE
19,2103,2026-04-01,ORDINARIA
19,2109,2026-04-09,ORDINARIA
19,2114,2026-04-15,ORDINARIA
19,2116,2026-04-16,ORDINARIA
19,2118,2026-04-22,ORDINARIA
19,2119,2026-04-23,ORDINARIA
19,2127,2026-03-18,ORDINARIA
19,2131,2026-03-19,ORDINARIA
19,2141,2026-03-26,ORDINARIA
19,2145,2026-04-30,ORDINARIA
19,2150,2026-05-06,ORDINARIA
19,2152,2026-05-07,ORDINARIA
19,2163,2026-05-14,ORDINARIA
19,2173,2026-03-11,ORDINARIA
19,2176,2026-03-12,ORDINARIA
19,2188,2026-05-21,ORDINARIA
19,2193,2026-05-28,ORDINARIA
19,2199,2026-06-02,ORDINARIA
19,2200,2026-06-03,ORDINARIA
19,2204,2026-06-10,ORDINARIA
19,2205,2026-06-11,ORDINARIA
19,2228,2026-08-05,ORDINARIA
19,2229,2026-08-06,ORDINARIA
19,2237,2026-06-17,ORDINARIA
19,2239,2026-06-18,ORDINARIA
19,2244,2026-08-12,ORDINARIA
19,2245,2026-08-13,ORDINARIA
19,2253,2026-08-19,ORDINARIA
19,2255,2026-08-20,ORDINARIA
20,12,2020-02-20,SESSAO ORDINARIA
20,16,2020-03-05,SESSAO ORDINARIA
20,33,2020-03-31,SESSAO EXTRAORDINARIA
20,43,2020-04-15,SESSAO EXTRAORDINARIA
20,103,2020-10-07,SESSAO EXTRAORDINARIA
20,113,2020-10-28,SESSAO EXTRAORDINARIA
20,128,2020-12-02,SESSAO EXTRAORDINARIA
20,157,2021-04-07,SESSAO EXTRAORDINARIA
20,178,2021-06-02,SESSAO EXTRAORDINARIA
20,225,2021-09-30,SESSAO ORDINARIA
20,231,2021-10-07,SESSAO ORDINARIA
20,233,2021-10-14,SESSAO ORDINARIA
20,240,2021-10-28,SESSAO ORDINARIA
20,242,2021-11-03,SESSAO EXTRAORDINARIA
20,243,2021-11-03,SESSAO EXTRAORDINARIA
20,249,2021-11-11,SESSAO ORDINARIA
20,256,2021-11-25,SESSAO ORDINARIA
20,266,2021-12-09,SESSAO EXTRAORDINARIA
20,271,2021-12-14,SESSAO EXTRAORDINARIA
20,272,2021-12-15,SESSAO ORDINARIA
20,284,2022-02-17,SESSAO ORDINARIA
20,289,2022-02-24,SESSAO ORDINARIA
20,292,2022-03-09,SESSAO ORDINARIA
20,293,2022-03-09,SESSAO EXTRAORDINARIA
20,296,2022-03-23,SESSAO EXTRAORDINARIA
20,303,2022-03-24,SESSAO ORDINARIA
20,307,2022-03-31,SESSAO EXTRAORDINARIA
20,314,2022-04-06,SESSAO ORDINARIA
20,324,2022-04-28,SESSAO ORDINARIA
20,336,2022-05-19,SESSAO ORDINARIA
20,339,2022-05-26,SESSAO ORDINARIA
20,342,2022-06-02,SESSAO ORDINARIA
20,348,2022-06-15,SESSAO ORDINARIA
20,356,2022-06-30,SESSAO ORDINARIA
20,360,2022-08-04,SESSAO ORDINARIA
20,362,2022-08-10,SESSAO ORDINARIA
20,363,2022-08-11,SESSAO ORDINARIA
20,369,2022-08-25,SESSAO ORDINARIA
20,381,2022-09-22,SESSAO ORDINARIA
20,384,2022-09-29,SESSAO ORDINARIA
20,386,2022-10-05,SESSAO ORDINARIA
20,389,2022-10-13,SESSAO ORDINARIA
20,390,2022-10-18,SESSAO ORDINARIA
20,398,2022-11-08,SESSAO ORDINARIA
20,399,2022-11-08,SESSAO EXTRAORDINARIA
20,400,2022-11-09,SESSAO ORDINARIA
20,402,2022-11-10,SESSAO ORDINARIA
20,413,2022-12-08,SESSAO ORDINARIA
20,416,2022-12-14,SESSAO ORDINARIA
20,417,2022-12-15,SESSAO ORDINARIA
20,423,2023-02-09,SESSAO ORDINARIA
20,432,2023-03-02,SESSAO ORDINARIA
20,435,2023-03-09,SESSAO ORDINARIA
20,438,2023-03-16,SESSAO ORDINARIA
20,443,2023-04-04,SESSAO EXTRAORDINARIA
20,476,2023-06-01,SESSAO ORDINARIA
20,478,2023-06-07,SESSAO ORDINARIA
20,479,2023-06-13,SESSAO ORDINARIA
20,512,2023-09-26,SESSAO EXTRAORDINARIA
20,513,2023-09-26,SESSAO ORDINARIA
20,545,2023-11-28,SESSAO EXTRAORDINARIA
20,550,2023-12-06,SESSAO ORDINARIA
20,551,2023-12-07,SESSAO ORDINARIA
20,564,2024-02-15,SESSAO ORDINARIA
20,599,2024-05-07,SESSAO EXTRAORDINARIA
20,602,2024-04-18,SESSAO ORDINARIA
20,613,2024-05-15,SESSAO ORDINARIA
20,614,2024-05-16,SESSAO ORDINARIA
20,626,2024-06-06,SESSAO ORDINARIA
20,643,2024-08-08,SESSAO ORDINARIA
20,645,2024-08-15,SESSAO ORDINARIA
20,659,2024-09-12,SESSAO ORDINARIA
20,676,2024-10-10,SESSAO ORDINARIA
20,683,2024-10-24,SESSAO ORDINARIA
20,688,2024-10-31,SESSAO ORDINARIA
20,1694,2024-11-14,SESSAO ORDINARIA
20,1701,2024-11-28,SESSAO ORDINARIA
20,1711,2024-03-12,SESSAO ORDINARIA
20,1716,2025-02-13,ORDINARIA
20,1721,2025-02-20,ORDINARIA
20,1727,2025-02-27,ORDINARIA
20,1730,2025-03-06,ORDINARIA
20,1740,2025-03-18,EXTRAORDINARIA
20,1743,2025-03-18,EXTRAORDINARIA
20,1746,2025-03-20,ORDINARIA
20,1757,2025-03-27,ORDINARIA
20,1763,2025-04-03,ORDINARIA
20,1765,2025-04-03,ORDINARIA
20,1775,2025-04-10,ORDINARIA
20,1776,2025-04-10,ORDINARIA
20,1788,2025-04-24,ORDINARIA
20,1789,2025-04-24,ORDINARIA
20,1792,2025-04-30,ORDINARIA
20,1795,2025-05-06,EXTRAORDINARIA
20,1798,2025-05-08,ORDINARIA
20,1799,2025-05-08,ORDINARIA
20,1819,2025-05-22,ORDINARIA
20,1829,2025-05-29,ORDINARIA
20,1830,2025-05-29,ORDINARIA
20,1846,2025-06-12,ORDINARIA
20,1847,2025-06-12,ORDINARIA
20,1862,2025-06-25,ORDINARIA
20,1864,2025-06-26,ORDINARIA
20,1865,2025-06-26,ORDINARIA
20,1875,2025-08-07,ORDINARIA
20,1884,2025-08-14,ORDINARIA
20,1885,2025-08-14,ORDINARIA
20,1897,2025-08-21,SOLENE
20,1899,2025-08-22,SOLENE
20,1906,2025-08-28,ORDINARIA
20,1907,2025-08-28,ORDINARIA
20,1914,2025-09-04,ORDINARIA
20,1915,2025-09-04,ORDINARIA
20,1919,2025-09-11,ORDINARIA
20,1920,2025-09-11,ORDINARIA
20,1928,2025-09-16,EXTRAORDINARIA
20,1929,2025-09-23,EXTRAORDINARIA
20,1932,2025-09-18,ORDINARIA
20,1933,2025-09-18,ORDINARIA
20,1944,2025-09-25,ORDINARIA
20,1945,2025-09-25,ORDINARIA
20,1954,2025-10-01,ORDINARIA
20,1964,2025-10-08,EXTRAORDINARIA
20,1967,2025-10-09,ORDINARIA
20,1968,2025-10-09,ORDINARIA
20,1979,2025-10-16,ORDINARIA
20,1990,2025-10-23,ORDINARIA
20,1994,2025-10-30,ORDINARIA
20,1995,2025-10-30,ORDINARIA
20,2006,2025-11-06,ORDINARIA
20,2015,2025-11-11,EXTRAORDINARIA
20,2020,2025-11-13,ORDINARIA
20,2035,2025-11-26,EXTRAORDINARIA
20,2038,2025-11-26,EXTRAORDINARIA
20,2039,2025-11-27,ORDINARIA
20,2040,2025-11-27,ORDINARIA
20,2053,2025-12-04,ORDINARIA
20,2065,2025-12-15,ORDINARIA
20,2072,2026-02-05,ORDINARIA
20,2096,2026-03-05,SOLENE
20,2109,2026-04-09,ORDINARIA
20,2116,2026-04-16,ORDINARIA
20,2119,2026-04-23,ORDINARIA
20,2131,2026-03-19,ORDINARIA
20,2141,2026-03-26,ORDINARIA
20,2145,2026-04-30,ORDINARIA
20,2152,2026-05-07,ORDINARIA
20,2163,2026-05-14,ORDINARIA
20,2176,2026-03-12,ORDINARIA
20,2188,2026-05-21,ORDINARIA
20,2205,2026-06-11,ORDINARIA
20,2229,2026-08-06,ORDINARIA
20,2239,2026-06-18,ORDINARIA
20,2245,2026-08-13,ORDINARIA
20,2253,2026-08-19,ORDINARIA
20,2255,2026-08-20,ORDINARIA
21,9,2020-02-13,SESSAO ORDINARIA
21,13,2020-02-27,SESSAO ORDINARIA
21,16,2020-03-05,SESSAO ORDINARIA
21,113,2020-10-28,SESSAO EXTRAORDINARIA
21,128,2020-12-02,SESSAO EXTRAORDINARIA
21,134,2020-12-10,SESSAO EXTRAORDINARIA
21,143,2021-03-02,SESSAO EXTRAORDINARIA
21,144,2021-03-03,SESSAO EXTRAORDINARIA
21,145,2021-03-09,SESSAO EXTRAORDINARIA
21,146,2021-03-09,SESSAO EXTRAORDINARIA
21,147,2021-03-10,SESSAO EXTRAORDINARIA
21,148,2021-03-16,SESSAO EXTRAORDINARIA
21,149,2021-03-17,SESSAO EXTRAORDINARIA
21,150,2021-03-23,SESSAO EXTRAORDINARIA
21,151,2021-03-24,SESSAO EXTRAORDINARIA
21,164,2021-04-27,SESSAO EXTRAORDINARIA
21,167,2021-05-05,SESSAO EXTRAORDINARIA
21,169,2021-05-11,SESSAO EXTRAORDINARIA
21,173,2021-05-19,SESSAO EXTRAORDINARIA
21,185,2021-06-22,SESSAO EXTRAORDINARIA
21,186,2021-06-23,SESSAO EXTRAORDINARIA
21,187,2021-06-23,SESSAO EXTRAORDINARIA
21,188,2021-06-29,SESSAO EXTRAORDINARIA
21,189,2021-06-29,SESSAO EXTRAORDINARIA
21,190,2021-08-03,SESSAO ORDINARIA
21,191,2022-02-01,SESSAO ORDINARIA
21,192,2021-08-04,SESSAO ORDINARIA
21,193,2021-08-04,SESSAO EXTRAORDINARIA
21,194,2021-08-05,SESSAO ORDINARIA
21,195,2021-08-05,SESSAO ORDINARIA
21,196,2021-08-10,SESSAO ORDINARIA
21,197,2021-08-10,SESSAO EXTRAORDINARIA
21,198,2021-08-11,SESSAO ORDINARIA
21,199,2021-08-12,SESSAO ORDINARIA
21,200,2021-08-17,SESSAO ORDINARIA
21,201,2021-08-17,SESSAO EXTRAORDINARIA
21,202,2021-08-17,SESSAO EXTRAORDINARIA
21,203,2021-08-18,SESSAO ORDINARIA
21,204,2021-08-19,SESSAO ORDINARIA
21,205,2021-08-24,SESSAO ORDINARIA
21,206,2021-08-25,SESSAO ORDINARIA
21,207,2021-08-26,SESSAO ORDINARIA
21,208,2021-08-31,SESSAO ORDINARIA
21,209,2021-08-31,SESSAO EXTRAORDINARIA
21,210,2021-08-31,SESSAO EXTRAORDINARIA
21,211,2021-09-01,SESSAO ORDINARIA
21,212,2021-09-02,SESSAO ORDINARIA
21,213,2021-09-08,SESSAO ORDINARIA
21,214,2021-09-09,SESSAO ORDINARIA
21,215,2021-09-14,SESSAO ORDINARIA
21,216,2021-09-15,SESSAO ORDINARIA
21,217,2021-09-15,SESSAO EXTRAORDINARIA
21,218,2021-09-16,SESSAO ORDINARIA
21,219,2021-09-21,SESSAO ORDINARIA
21,220,2021-09-21,SESSAO EXTRAORDINARIA
21,221,2021-09-22,SESSAO ORDINARIA
21,222,2021-09-23,SESSAO ORDINARIA
21,223,2021-09-28,SESSAO ORDINARIA
21,224,2021-09-29,SESSAO ORDINARIA
21,225,2021-09-30,SESSAO ORDINARIA
21,226,2021-10-05,SESSAO ORDINARIA
21,227,2021-10-05,SESSAO EXTRAORDINARIA
21,228,2021-10-06,SESSAO ORDINARIA
21,229,2021-10-06,SESSAO EXTRAORDINARIA
21,230,2021-10-06,SESSAO EXTRAORDINARIA
21,231,2021-10-07,SESSAO ORDINARIA
21,232,2021-10-13,SESSAO ORDINARIA
21,233,2021-10-14,SESSAO ORDINARIA
21,234,2021-10-19,SESSAO ORDINARIA
21,235,2021-10-20,SESSAO ORDINARIA
21,236,2021-10-20,SESSAO EXTRAORDINARIA
21,237,2021-10-21,SESSAO ORDINARIA
21,238,2021-10-26,SESSAO ORDINARIA
21,239,2021-10-27,SESSAO ORDINARIA
21,240,2021-10-28,SESSAO ORDINARIA
21,241,2021-11-03,SESSAO ORDINARIA
21,242,2021-11-03,SESSAO EXTRAORDINARIA
21,243,2021-11-03,SESSAO EXTRAORDINARIA
21,244,2021-11-04,SESSAO ORDINARIA
21,245,2021-11-09,SESSAO ORDINARIA
21,246,2021-11-09,SESSAO EXTRAORDINARIA
21,247,2021-11-10,SESSAO ORDINARIA
21,248,2021-11-10,SESSAO EXTRAORDINARIA
21,249,2021-11-11,SESSAO ORDINARIA
21,250,2021-11-16,SESSAO ORDINARIA
21,251,2021-11-17,SESSAO ORDINARIA
21,252,2021-11-18,SESSAO ORDINARIA
21,253,2021-11-23,SESSAO ORDINARIA
21,254,2021-11-23,SESSAO EXTRAORDINARIA
21,255,2021-11-24,SESSAO ORDINARIA
21,256,2021-11-25,SESSAO ORDINARIA
21,257,2021-12-01,SESSAO ORDINARIA
21,258,2021-12-01,SESSAO EXTRAORDINARIA
21,259,2021-12-02,SESSAO EXTRAORDINARIA
21,260,2021-12-02,SESSAO ORDINARIA
21,261,2021-12-07,SESSAO ORDINARIA
21,262,2021-12-07,SESSAO EXTRAORDINARIA
21,263,2021-12-08,SESSAO ORDINARIA
21,264,2021-12-08,SESSAO EXTRAORDINARIA
21,265,2021-12-09,SESSAO ORDINARIA
21,266,2021-12-09,SESSAO EXTRAORDINARIA
21,267,2021-12-14,SESSAO EXTRAORDINARIA
21,268,2021-12-14,SESSAO ORDINARIA
21,269,2021-12-14,SESSAO EXTRAORDINARIA
21,270,2021-12-14,SESSAO EXTRAORDINARIA
21,271,2021-12-14,SESSAO EXTRAORDINARIA
21,272,2021-12-15,SESSAO ORDINARIA
21,273,2022-02-02,SESSAO ORDINARIA
21,274,2022-02-03,SESSAO ORDINARIA
21,275,2022-02-08,SESSAO ORDINARIA
21,276,2022-02-08,SESSAO EXTRAORDINARIA
21,277,2022-02-08,SESSAO EXTRAORDINARIA
21,278,2022-02-09,SESSAO ORDINARIA
21,279,2022-02-10,SESSAO ORDINARIA
21,280,2022-02-15,SESSAO ORDINARIA
21,281,2022-02-15,SESSAO EXTRAORDINARIA
21,282,2022-02-16,SESSAO ORDINARIA
21,283,2022-02-16,SESSAO EXTRAORDINARIA
21,284,2022-02-17,SESSAO ORDINARIA
21,285,2022-02-22,SESSAO ORDINARIA
21,286,2022-02-22,SESSAO EXTRAORDINARIA
21,287,2022-02-23,SESSAO ORDINARIA
21,288,2022-03-08,SESSAO EXTRAORDINARIA
21,289,2022-02-24,SESSAO ORDINARIA
21,290,2022-03-03,SESSAO ORDINARIA
21,291,2022-03-08,SESSAO ORDINARIA
21,292,2022-03-09,SESSAO ORDINARIA
21,293,2022-03-09,SESSAO EXTRAORDINARIA
21,294,2022-03-10,SESSAO ORDINARIA
21,295,2022-03-15,SESSAO EXTRAORDINARIA
21,296,2022-03-23,SESSAO EXTRAORDINARIA
21,297,2022-03-15,SESSAO ORDINARIA
21,298,2022-03-16,SESSAO ORDINARIA
21,299,2022-03-17,SESSAO ORDINARIA
21,300,2022-03-22,SESSAO ORDINARIA
21,301,2022-03-23,SESSAO ORDINARIA
21,303,2022-03-24,SESSAO ORDINARIA
21,313,2022-04-12,SESSAO EXTRAORDINARIA
21,314,2022-04-06,SESSAO ORDINARIA
21,315,2022-04-12,SESSAO EXTRAORDINARIA
21,317,2022-04-07,SESSAO ORDINARIA
21,319,2022-04-13,SESSAO ORDINARIA
21,324,2022-04-28,SESSAO ORDINARIA
21,326,2022-05-04,SESSAO ORDINARIA
21,327,2022-05-05,SESSAO ORDINARIA
21,332,2022-06-07,SESSAO EXTRAORDINARIA
21,333,2022-05-12,SESSAO ORDINARIA
21,336,2022-05-19,SESSAO ORDINARIA
21,337,2022-05-24,SESSAO ORDINARIA
21,339,2022-05-26,SESSAO ORDINARIA
21,342,2022-06-02,SESSAO ORDINARIA
21,346,2022-06-09,SESSAO ORDINARIA
21,351,2022-06-23,SESSAO ORDINARIA
21,356,2022-06-30,SESSAO ORDINARIA
21,358,2022-08-30,SESSAO EXTRAORDINARIA
21,360,2022-08-04,SESSAO ORDINARIA
21,362,2022-08-10,SESSAO ORDINARIA
21,363,2022-08-11,SESSAO ORDINARIA
21,364,2022-08-16,SESSAO ORDINARIA
21,366,2022-08-18,SESSAO ORDINARIA
21,368,2022-08-24,SESSAO ORDINARIA
21,369,2022-08-25,SESSAO ORDINARIA
21,371,2022-08-31,SESSAO ORDINARIA
21,372,2022-09-13,SESSAO EXTRAORDINARIA
21,373,2022-09-01,SESSAO ORDINARIA
21,374,2022-09-08,SESSAO ORDINARIA
21,376,2022-09-14,SESSAO ORDINARIA
21,377,2022-09-15,SESSAO ORDINARIA
21,378,2022-09-20,SESSAO ORDINARIA
21,380,2022-09-21,SESSAO ORDINARIA
21,381,2022-09-22,SESSAO ORDINARIA
21,382,2022-09-27,SESSAO ORDINARIA
21,383,2022-09-28,SESSAO ORDINARIA
21,384,2022-09-29,SESSAO ORDINARIA
21,386,2022-10-05,SESSAO ORDINARIA
21,387,2022-10-06,SESSAO ORDINARIA
21,389,2022-10-13,SESSAO ORDINARIA
21,391,2022-10-19,SESSAO ORDINARIA
21,392,2022-10-20,SESSAO ORDINARIA
21,394,2022-10-25,SESSAO EXTRAORDINARIA
21,396,2022-10-27,SESSAO ORDINARIA
21,397,2022-11-03,SESSAO ORDINARIA
21,400,2022-11-09,SESSAO ORDINARIA
21,401,2022-11-22,SESSAO EXTRAORDINARIA
21,402,2022-11-10,SESSAO ORDINARIA
21,403,2022-12-06,SESSAO EXTRAORDINARIA
21,404,2022-11-16,SESSAO ORDINARIA
21,405,2022-11-17,SESSAO ORDINARIA
21,407,2022-11-23,SESSAO ORDINARIA
21,408,2022-11-29,SESSAO ORDINARIA
21,409,2022-12-01,SESSAO ORDINARIA
21,410,2022-12-06,SESSAO ORDINARIA
21,411,2022-12-07,SESSAO ORDINARIA
21,412,2022-12-07,SESSAO EXTRAORDINARIA
21,413,2022-12-08,SESSAO ORDINARIA
21,415,2022-12-13,SESSAO EXTRAORDINARIA
21,416,2022-12-14,SESSAO ORDINARIA
21,417,2022-12-15,SESSAO ORDINARIA
21,418,2023-02-01,SESSAO ORDINARIA
21,419,2023-02-02,SESSAO ORDINARIA
21,420,2023-02-07,SESSAO ORDINARIA
21,421,2023-02-08,SESSAO ORDINARIA
21,422,2023-02-14,SESSAO EXTRAORDINARIA
21,423,2023-02-09,SESSAO ORDINARIA
21,424,2023-02-16,SESSAO EXTRAORDINARIA
21,425,2023-02-14,SESSAO ORDINARIA
21,426,2023-02-15,SESSAO ORDINARIA
21,427,2023-02-16,SESSAO ORDINARIA
21,428,2023-02-23,SESSAO ORDINARIA
21,429,2023-02-28,SESSAO ORDINARIA
21,430,2023-03-01,SESSAO ORDINARIA
21,431,2023-03-21,SESSAO EXTRAORDINARIA
21,432,2023-03-02,SESSAO ORDINARIA
21,433,2023-03-07,SESSAO ORDINARIA
21,434,2023-03-08,SESSAO ORDINARIA
21,435,2023-03-09,SESSAO ORDINARIA
21,436,2023-03-14,SESSAO ORDINARIA
21,437,2023-03-15,SESSAO ORDINARIA
21,438,2023-03-16,SESSAO ORDINARIA
21,439,2023-03-21,SESSAO ORDINARIA
21,440,2023-03-22,SESSAO ORDINARIA
21,441,2023-03-23,SESSAO ORDINARIA
21,442,2023-03-21,SESSAO EXTRAORDINARIA
21,443,2023-04-04,SESSAO EXTRAORDINARIA
21,444,2023-03-28,SESSAO ORDINARIA
21,445,2023-03-29,SESSAO ORDINARIA
21,446,2023-03-30,SESSAO ORDINARIA
21,447,2023-04-04,SESSAO ORDINARIA
21,448,2023-04-05,SESSAO ORDINARIA
21,449,2023-04-11,SESSAO EXTRAORDINARIA
21,450,2023-04-11,SESSAO ORDINARIA
21,451,2023-04-12,SESSAO ORDINARIA
21,452,2023-04-13,SESSAO ORDINARIA
21,453,2023-04-18,SESSAO ORDINARIA
21,454,2023-04-19,SESSAO ORDINARIA
21,455,2023-04-20,SESSAO ORDINARIA
21,456,2023-04-25,SESSAO ORDINARIA
21,457,2023-04-26,SESSAO ORDINARIA
21,458,2023-04-27,SESSAO ORDINARIA
21,459,2023-05-02,SESSAO ORDINARIA
21,460,2023-05-03,SESSAO ORDINARIA
21,461,2023-05-04,SESSAO ORDINARIA
21,462,2023-05-09,SESSAO EXTRAORDINARIA
21,463,2023-05-09,SESSAO ORDINARIA
21,464,2023-05-10,SESSAO ORDINARIA
21,465,2023-05-11,SESSAO ORDINARIA
21,466,2023-05-16,SESSAO EXTRAORDINARIA
21,467,2023-05-16,SESSAO ORDINARIA
21,468,2023-05-17,SESSAO ORDINARIA
21,469,2023-05-18,SESSAO ORDINARIA
21,470,2023-05-23,SESSAO ORDINARIA
21,471,2023-05-24,SESSAO ORDINARIA
21,472,2023-05-25,SESSAO ORDINARIA
21,473,2023-05-30,SESSAO ORDINARIA
21,474,2023-05-31,SESSAO EXTRAORDINARIA
21,475,2023-05-31,SESSAO ORDINARIA
21,476,2023-06-01,SESSAO ORDINARIA
21,477,2023-06-06,SESSAO ORDINARIA
21,478,2023-06-07,SESSAO ORDINARIA
21,479,2023-06-13,SESSAO ORDINARIA
21,480,2023-06-14,SESSAO ORDINARIA
21,481,2023-06-20,SESSAO EXTRAORDINARIA
21,482,2023-06-20,SESSAO ORDINARIA
21,483,2023-06-21,SESSAO ORDINARIA
21,484,2023-06-22,SESSAO ORDINARIA
21,485,2023-06-27,SESSAO EXTRAORDINARIA
21,486,2023-06-27,SESSAO ORDINARIA
21,487,2023-08-01,SESSAO ORDINARIA
21,488,2023-08-02,SESSAO ORDINARIA
21,489,2023-08-03,SESSAO ORDINARIA
21,490,2023-08-08,SESSAO ORDINARIA
21,491,2023-08-09,SESSAO ORDINARIA
21,492,2023-08-10,SESSAO ORDINARIA
21,493,2023-08-15,SESSAO ORDINARIA
21,494,2023-08-15,SESSAO EXTRAORDINARIA
21,495,2023-08-16,SESSAO ORDINARIA
21,496,2023-08-22,SESSAO ORDINARIA
21,497,2023-08-22,SESSAO EXTRAORDINARIA
21,498,2023-08-23,SESSAO ORDINARIA
21,499,2023-08-24,SESSAO ORDINARIA
21,500,2023-08-29,SESSAO ORDINARIA
21,501,2023-08-29,SESSAO EXTRAORDINARIA
21,502,2023-08-29,SESSAO EXTRAORDINARIA
21,503,2023-08-30,SESSAO ORDINARIA
21,504,2023-08-31,SESSAO ORDINARIA
21,505,2023-09-05,SESSAO ORDINARIA
21,506,2023-09-12,SESSAO ORDINARIA
21,507,2023-09-13,SESSAO ORDINARIA
21,508,2023-09-19,SESSAO EXTRAORDINARIA
21,509,2023-09-19,SESSAO ORDINARIA
21,510,2023-09-20,SESSAO ORDINARIA
21,511,2023-09-21,SESSAO ORDINARIA
21,512,2023-09-26,SESSAO EXTRAORDINARIA
21,513,2023-09-26,SESSAO ORDINARIA
21,514,2023-09-27,SESSAO ORDINARIA
21,515,2023-09-28,SESSAO ORDINARIA
21,516,2023-10-03,SESSAO EXTRAORDINARIA
21,517,2023-10-03,SESSAO ORDINARIA
21,518,2023-10-04,SESSAO ORDINARIA
21,519,2023-10-05,SESSAO ORDINARIA
21,520,2023-10-10,SESSAO ORDINARIA
21,521,2023-10-10,SESSAO EXTRAORDINARIA
21,522,2023-10-11,SESSAO ORDINARIA
21,523,2023-10-17,SESSAO EXTRAORDINARIA
21,524,2023-10-17,SESSAO ORDINARIA
21,525,2023-10-18,SESSAO ORDINARIA
21,526,2023-10-19,SESSAO ORDINARIA
21,527,2023-10-24,SESSAO EXTRAORDINARIA
21,528,2023-10-24,SESSAO ORDINARIA
21,529,2023-10-25,SESSAO ORDINARIA
21,530,2023-10-31,SESSAO ORDINARIA
21,531,2023-10-31,SESSAO EXTRAORDINARIA
21,532,2023-11-01,SESSAO ORDINARIA
21,533,2023-11-07,SESSAO ORDINARIA
21,534,2023-11-07,SESSAO EXTRAORDINARIA
21,535,2023-11-08,SESSAO ORDINARIA
21,536,2023-11-09,SESSAO ORDINARIA
21,537,2023-11-14,SESSAO EXTRAORDINARIA
21,538,2023-11-14,SESSAO ORDINARIA
21,539,2023-11-16,SESSAO ORDINARIA
21,540,2023-11-21,SESSAO ORDINARIA
21,541,2023-11-21,SESSAO EXTRAORDINARIA
21,542,2023-11-21,SESSAO EXTRAORDINARIA
21,543,2023-11-22,SESSAO ORDINARIA
21,544,2023-11-23,SESSAO ORDINARIA
21,545,2023-11-28,SESSAO EXTRAORDINARIA
21,546,2023-11-28,SESSAO ORDINARIA
21,547,2023-11-28,SESSAO EXTRAORDINARIA
21,548,2023-12-05,SESSAO ORDINARIA
21,549,2023-12-05,SESSAO EXTRAORDINARIA
21,550,2023-12-06,SESSAO ORDINARIA
21,551,2023-12-07,SESSAO ORDINARIA
21,552,2023-12-12,SESSAO EXTRAORDINARIA
21,553,2023-12-12,SESSAO ORDINARIA
21,554,2023-12-13,SESSAO ORDINARIA
21,555,2023-12-13,SESSAO EXTRAORDINARIA
21,556,2023-12-13,SESSAO EXTRAORDINARIA
21,557,2024-02-01,SESSAO ORDINARIA
21,558,2024-02-01,SESSAO EXTRAORDINARIA
21,559,2024-02-01,SESSAO EXTRAORDINARIA
21,560,2024-02-06,SESSAO EXTRAORDINARIA
21,561,2024-02-06,SESSAO ORDINARIA
21,562,2024-02-07,SESSAO ORDINARIA
21,563,2024-02-08,SESSAO ORDINARIA
21,564,2024-02-15,SESSAO ORDINARIA
21,565,2024-02-20,SESSAO EXTRAORDINARIA
21,566,2024-02-20,SESSAO ORDINARIA
21,567,2024-02-21,SESSAO ORDINARIA
21,568,2024-02-22,SESSAO ORDINARIA
21,569,2024-02-27,SESSAO EXTRAORDINARIA
21,570,2024-02-27,SESSAO ORDINARIA
21,571,2024-02-27,SESSAO EXTRAORDINARIA
21,572,2024-02-27,SESSAO EXTRAORDINARIA
21,573,2024-02-28,SESSAO ORDINARIA
21,574,2024-02-29,SESSAO ORDINARIA
21,575,2024-03-05,SESSAO EXTRAORDINARIA
21,576,2024-03-05,SESSAO ORDINARIA
21,577,2024-03-06,SESSAO ORDINARIA
21,578,2024-03-07,SESSAO ORDINARIA
21,579,2024-03-13,SESSAO ORDINARIA
21,580,2024-03-14,SESSAO ORDINARIA
21,581,2024-03-19,SESSAO EXTRAORDINARIA
21,582,2024-03-19,SESSAO ORDINARIA
21,583,2024-03-20,SESSAO ORDINARIA
21,584,2024-03-21,SESSAO ORDINARIA
21,585,2024-03-26,SESSAO EXTRAORDINARIA
21,586,2024-03-26,SESSAO ORDINARIA
21,587,2024-03-27,SESSAO ORDINARIA
21,588,2024-04-02,SESSAO EXTRAORDINARIA
21,589,2024-04-02,SESSAO ORDINARIA
21,590,2024-04-03,SESSAO ORDINARIA
21,591,2024-04-04,SESSAO ORDINARIA
21,592,2024-04-23,SESSAO ORDINARIA
21,593,2024-04-09,SESSAO EXTRAORDINARIA
21,594,2024-04-09,SESSAO ORDINARIA
21,595,2024-04-10,SESSAO ORDINARIA
21,596,2024-04-09,SESSAO EXTRAORDINARIA
21,597,2024-04-11,SESSAO ORDINARIA
21,598,2024-04-23,SESSAO EXTRAORDINARIA
21,599,2024-05-07,SESSAO EXTRAORDINARIA
21,600,2024-04-16,SESSAO ORDINARIA
21,601,2024-04-17,SESSAO ORDINARIA
21,602,2024-04-18,SESSAO ORDINARIA
21,603,2024-04-24,SESSAO ORDINARIA
21,604,2024-04-25,SESSAO ORDINARIA
21,605,2024-05-21,SESSAO EXTRAORDINARIA
21,606,2024-04-30,SESSAO ORDINARIA
21,607,2024-05-02,SESSAO ORDINARIA
21,608,2024-05-07,SESSAO ORDINARIA
21,609,2024-05-08,SESSAO ORDINARIA
21,610,2024-05-09,SESSAO ORDINARIA
21,611,2024-05-28,SESSAO EXTRAORDINARIA
21,612,2024-05-14,SESSAO ORDINARIA
21,613,2024-05-15,SESSAO ORDINARIA
21,614,2024-05-16,SESSAO ORDINARIA
21,615,2024-05-21,SESSAO ORDINARIA
21,616,2024-05-22,SESSAO ORDINARIA
21,617,2024-05-23,SESSAO ORDINARIA
21,618,2024-05-28,SESSAO ORDINARIA
21,619,2024-06-04,SESSAO EXTRAORDINARIA
21,620,2024-05-29,SESSAO ORDINARIA
21,621,2024-06-04,SESSAO EXTRAORDINARIA
21,622,2024-06-04,SESSAO ORDINARIA
21,623,2024-06-05,SESSAO ORDINARIA
21,624,2024-06-11,SESSAO EXTRAORDINARIA
21,625,2024-06-18,SESSAO EXTRAORDINARIA
21,626,2024-06-06,SESSAO ORDINARIA
21,627,2024-06-11,SESSAO ORDINARIA
21,628,2024-06-12,SESSAO ORDINARIA
21,629,2024-06-13,SESSAO ORDINARIA
21,630,2024-06-18,SESSAO ORDINARIA
21,631,2024-06-19,SESSAO ORDINARIA
21,632,2024-06-20,SESSAO ORDINARIA
21,633,2024-06-18,SESSAO EXTRAORDINARIA
21,634,2024-06-19,SESSAO EXTRAORDINARIA
21,635,2024-06-25,SESSAO EXTRAORDINARIA
21,636,2024-06-25,SESSAO ORDINARIA
21,637,2024-08-01,SESSAO ORDINARIA
21,638,2024-08-06,SESSAO ORDINARIA
21,639,2024-08-07,SESSAO EXTRAORDINARIA
21,640,2024-08-07,SESSAO EXTRAORDINARIA
21,641,2024-08-07,SESSAO ORDINARIA
21,642,2024-08-07,SESSAO EXTRAORDINARIA
21,643,2024-08-08,SESSAO ORDINARIA
21,644,2024-08-14,SESSAO ORDINARIA
21,645,2024-08-15,SESSAO ORDINARIA
21,646,2024-08-14,SESSAO EXTRAORDINARIA
21,647,2024-08-20,SESSAO ORDINARIA
21,648,2024-08-21,SESSAO ORDINARIA
21,649,2024-08-27,SESSAO ORDINARIA
21,650,2024-08-28,SESSAO ORDINARIA
21,651,2024-08-29,SESSAO ORDINARIA
21,652,2024-09-03,SESSAO EXTRAORDINARIA
21,653,2024-09-03,SESSAO ORDINARIA
21,654,2024-09-04,SESSAO ORDINARIA
21,655,2024-09-05,SESSAO ORDINARIA
21,656,2024-09-10,SESSAO EXTRAORDINARIA
21,657,2024-09-10,SESSAO ORDINARIA
21,658,2024-09-11,SESSAO ORDINARIA
21,659,2024-09-12,SESSAO ORDINARIA
21,660,2024-09-17,SESSAO ORDINARIA
21,661,2024-09-17,SESSAO EXTRAORDINARIA
21,662,2024-09-18,SESSAO ORDINARIA
21,663,2024-09-19,SESSAO ORDINARIA
21,664,2024-09-24,SESSAO EXTRAORDINARIA
21,665,2024-09-24,SESSAO ORDINARIA
21,666,2024-09-25,SESSAO ORDINARIA
21,667,2024-09-26,SESSAO ORDINARIA
21,668,2024-08-27,SESSAO EXTRAORDINARIA
21,669,2024-10-01,SESSAO EXTRAORDINARIA
21,670,2024-10-01,SESSAO ORDINARIA
21,671,2024-10-02,SESSAO ORDINARIA
21,672,2024-10-03,SESSAO ORDINARIA
21,673,2024-10-08,SESSAO EXTRAORDINARIA
21,674,2024-10-08,SESSAO ORDINARIA
21,675,2024-10-09,SESSAO ORDINARIA
21,676,2024-10-10,SESSAO ORDINARIA
21,677,2024-10-15,SESSAO ORDINARIA
21,678,2024-10-16,SESSAO ORDINARIA
21,679,2024-10-17,SESSAO ORDINARIA
21,680,2024-10-22,SESSAO EXTRAORDINARIA
21,681,2024-10-22,SESSAO ORDINARIA
21,682,2024-10-23,SESSAO ORDINARIA
21,683,2024-10-24,SESSAO ORDINARIA
21,684,2024-10-29,SESSAO EXTRAORDINARIA
21,685,2024-10-29,SESSAO ORDINARIA
21,686,2024-10-30,SESSAO ORDINARIA
21,687,2024-10-30,SESSAO EXTRAORDINARIA
21,688,2024-10-31,SESSAO ORDINARIA
21,689,2024-11-05,SESSAO ORDINARIA
21,690,2024-11-05,SESSAO EXTRAORDINARIA
21,691,2024-11-06,SESSAO ORDINARIA
21,692,2024-11-07,SESSAO ORDINARIA
21,693,2024-11-12,SESSAO EXTRAORDINARIA
21,694,2024-11-12,SESSAO ORDINARIA
21,1693,2024-11-13,SESSAO ORDINARIA
21,1694,2024-11-14,SESSAO ORDINARIA
21,1695,2024-11-19,SESSAO ORDINARIA
21,1696,2024-11-26,SESSAO EXTRAORDINARIA
21,1697,2024-11-26,SESSAO ORDINARIA
21,1698,2024-11-26,SESSAO EXTRAORDINARIA
21,1699,2024-11-27,SESSAO ORDINARIA
21,1700,2024-11-27,SESSAO EXTRAORDINARIA
21,1701,2024-11-28,SESSAO ORDINARIA
21,1702,2024-12-03,SESSAO ORDINARIA
21,1703,2024-12-03,SESSAO EXTRAORDINARIA
21,1704,2024-12-04,SESSAO EXTRAORDINARIA
21,1705,2024-12-04,SESSAO ORDINARIA
21,1706,2024-12-10,SESSAO EXTRAORDINARIA
21,1707,2024-12-10,SESSAO ORDINARIA
21,1708,2024-12-10,SESSAO EXTRAORDINARIA
21,1709,2024-03-12,SESSAO EXTRAORDINARIA
21,1710,2024-03-12,SESSAO EXTRAORDINARIA
21,1711,2024-03-12,SESSAO ORDINARIA
21,1713,2025-02-11,ORDINARIA
21,1715,2025-02-12,ORDINARIA
21,1716,2025-02-13,ORDINARIA
21,1717,2025-02-18,ORDINARIA
21,1719,2025-02-19,ORDINARIA
21,1720,2025-02-25,ORDINARIA
21,1721,2025-02-20,ORDINARIA
21,1724,2025-02-26,ORDINARIA
21,1727,2025-02-27,ORDINARIA
21,1730,2025-03-06,ORDINARIA
21,1733,2025-03-11,ORDINARIA
21,1734,2025-03-11,EXTRAORDINARIA
21,1736,2025-03-12,ORDINARIA
21,1739,2025-03-13,ORDINARIA
21,1740,2025-03-18,EXTRAORDINARIA
21,1741,2025-03-18,ORDINARIA
21,1742,2025-03-18,EXTRAORDINARIA
21,1743,2025-03-18,EXTRAORDINARIA
21,1744,2025-03-19,ORDINARIA
21,1746,2025-03-20,ORDINARIA
21,1752,2025-03-25,ORDINARIA
21,1754,2025-03-25,EXTRAORDINARIA
21,1755,2025-03-26,ORDINARIA
21,1756,2025-04-02,EXTRAORDINARIA
21,1757,2025-03-27,ORDINARIA
21,1759,2025-04-01,ORDINARIA
21,1762,2025-04-02,ORDINARIA
21,1763,2025-04-03,ORDINARIA
21,1765,2025-04-03,ORDINARIA
21,1769,2025-04-08,ORDINARIA
21,1770,2025-04-08,EXTRAORDINARIA
21,1773,2025-04-09,ORDINARIA
21,1775,2025-04-10,ORDINARIA
21,1776,2025-04-10,ORDINARIA
21,1780,2025-04-15,ORDINARIA
21,1783,2025-04-16,ORDINARIA
21,1785,2025-04-22,ORDINARIA
21,1786,2025-04-23,ORDINARIA
21,1788,2025-04-24,ORDINARIA
21,1789,2025-04-24,ORDINARIA
21,1790,2025-04-29,ORDINARIA
21,1792,2025-04-30,ORDINARIA
21,1794,2025-05-06,ORDINARIA
21,1795,2025-05-06,EXTRAORDINARIA
21,1796,2025-05-07,ORDINARIA
21,1797,2025-05-13,EXTRAORDINARIA
21,1798,2025-05-08,ORDINARIA
21,1799,2025-05-08,ORDINARIA
21,1802,2025-05-13,ORDINARIA
21,1803,2025-05-20,EXTRAORDINARIA
21,1805,2025-05-14,ORDINARIA
21,1807,2025-05-27,EXTRAORDINARIA
21,1813,2025-05-20,ORDINARIA
21,1817,2025-05-21,ORDINARIA
21,1819,2025-05-22,ORDINARIA
21,1820,2025-05-27,ORDINARIA
21,1825,2025-05-27,EXTRAORDINARIA
21,1827,2025-05-28,ORDINARIA
21,1829,2025-05-29,ORDINARIA
21,1830,2025-05-29,ORDINARIA
21,1833,2025-06-03,ORDINARIA
21,1834,2025-06-17,EXTRAORDINARIA
21,1836,2025-06-04,ORDINARIA
21,1838,2025-06-05,ORDINARIA
21,1842,2025-06-10,ORDINARIA
21,1844,2025-06-11,ORDINARIA
21,1846,2025-06-12,ORDINARIA
21,1847,2025-06-12,ORDINARIA
21,1848,2025-06-17,ORDINARIA
21,1851,2025-06-17,EXTRAORDINARIA
21,1854,2025-06-18,ORDINARIA
21,1856,2025-06-24,ORDINARIA
21,1858,2025-06-24,EXTRAORDINARIA
21,1859,2025-08-07,EXTRAORDINARIA
21,1862,2025-06-25,ORDINARIA
21,1864,2025-06-26,ORDINARIA
21,1865,2025-06-26,ORDINARIA
21,1870,2025-08-05,ORDINARIA
21,1873,2025-08-06,ORDINARIA
21,1875,2025-08-07,ORDINARIA
21,1876,2025-08-07,EXTRAORDINARIA
21,1879,2025-08-12,ORDINARIA
21,1880,2025-08-12,EXTRAORDINARIA
21,1882,2025-08-13,ORDINARIA
21,1884,2025-08-14,ORDINARIA
21,1885,2025-08-14,ORDINARIA
21,1891,2025-08-19,ORDINARIA
21,1892,2025-08-19,EXTRAORDINARIA
21,1895,2025-08-20,ORDINARIA
21,1896,2025-08-26,EXTRAORDINARIA
21,1897,2025-08-21,SOLENE
21,1899,2025-08-22,SOLENE
21,1903,2025-08-26,ORDINARIA
21,1904,2025-08-27,ORDINARIA
21,1905,2025-09-09,EXTRAORDINARIA
21,1906,2025-08-28,ORDINARIA
21,1907,2025-08-28,ORDINARIA
21,1911,2025-09-02,ORDINARIA
21,1913,2025-09-03,ORDINARIA
21,1914,2025-09-04,ORDINARIA
21,1915,2025-09-04,ORDINARIA
21,1916,2025-09-09,ORDINARIA
21,1917,2025-09-10,ORDINARIA
21,1919,2025-09-11,ORDINARIA
21,1920,2025-09-11,ORDINARIA
21,1927,2025-09-16,ORDINARIA
21,1928,2025-09-16,EXTRAORDINARIA
21,1929,2025-09-23,EXTRAORDINARIA
21,1930,2025-09-17,ORDINARIA
21,1932,2025-09-18,ORDINARIA
21,1933,2025-09-18,ORDINARIA
21,1939,2025-09-23,ORDINARIA
21,1941,2025-09-24,ORDINARIA
21,1944,2025-09-25,ORDINARIA
21,1945,2025-09-25,ORDINARIA
21,1950,2025-09-30,ORDINARIA
21,1951,2025-09-30,EXTRAORDINARIA
21,1954,2025-10-01,ORDINARIA
21,1956,2025-10-02,ORDINARIA
21,1963,2025-10-07,ORDINARIA
21,1964,2025-10-08,EXTRAORDINARIA
21,1966,2025-10-08,ORDINARIA
21,1967,2025-10-09,ORDINARIA
21,1968,2025-10-09,ORDINARIA
21,1974,2025-10-14,ORDINARIA
21,1975,2025-10-15,EXTRAORDINARIA
21,1977,2025-10-15,ORDINARIA
21,1979,2025-10-16,ORDINARIA
21,1985,2025-10-21,ORDINARIA
21,1986,2025-10-21,EXTRAORDINARIA
21,1988,2025-10-22,ORDINARIA
21,1989,2025-11-04,EXTRAORDINARIA
21,1990,2025-10-23,ORDINARIA
21,1992,2025-10-29,ORDINARIA
21,1994,2025-10-30,ORDINARIA
21,1995,2025-10-30,ORDINARIA
21,2000,2025-11-04,ORDINARIA
21,2003,2025-11-05,ORDINARIA
21,2004,2025-11-11,EXTRAORDINARIA
21,2006,2025-11-06,ORDINARIA
21,2013,2025-11-11,ORDINARIA
21,2014,2025-11-11,EXTRAORDINARIA
21,2015,2025-11-11,EXTRAORDINARIA
21,2018,2025-11-12,ORDINARIA
21,2020,2025-11-13,ORDINARIA
21,2027,2025-11-18,ORDINARIA
21,2028,2025-11-25,EXTRAORDINARIA
21,2030,2025-11-19,ORDINARIA
21,2034,2025-11-25,ORDINARIA
21,2035,2025-11-26,EXTRAORDINARIA
21,2037,2025-11-26,ORDINARIA
21,2038,2025-11-26,EXTRAORDINARIA
21,2039,2025-11-27,ORDINARIA
21,2040,2025-11-27,ORDINARIA
21,2045,2025-12-02,ORDINARIA
21,2046,2025-12-02,EXTRAORDINARIA
21,2047,2025-12-03,EXTRAORDINARIA
21,2050,2025-12-03,ORDINARIA
21,2053,2025-12-04,ORDINARIA
21,2057,2025-12-09,ORDINARIA
21,2058,2025-12-09,EXTRAORDINARIA
21,2060,2025-12-10,EXTRAORDINARIA
21,2061,2025-12-10,EXTRAORDINARIA
21,2062,2025-12-10,EXTRAORDINARIA
21,2065,2025-12-15,ORDINARIA
21,2066,2025-12-23,EXTRAORDINARIA
21,2067,2025-12-23,EXTRAORDINARIA
21,2069,2026-02-03,ORDINARIA
21,2070,2026-02-04,ORDINARIA
21,2072,2026-02-05,ORDINARIA
21,2074,2026-02-10,ORDINARIA
21,2075,2026-02-10,EXTRAORDINARIA
21,2078,2026-02-11,ORDINARIA
21,2079,2026-03-03,EXTRAORDINARIA
21,2081,2026-02-12,ORDINARIA
21,2082,2026-02-19,ORDINARIA
21,2084,2026-02-24,ORDINARIA
21,2085,2026-02-25,ORDINARIA
21,2088,2026-02-26,ORDINARIA
21,2092,2026-03-03,ORDINARIA
21,2093,2026-03-04,ORDINARIA
21,2096,2026-03-05,SOLENE
21,2101,2026-03-31,EXTRAORDINARIA
21,2102,2026-03-31,EXTRAORDINARIA
21,2103,2026-04-01,ORDINARIA
21,2106,2026-04-07,ORDINARIA
21,2107,2026-04-08,EXTRAORDINARIA
21,2108,2026-04-08,ORDINARIA
21,2109,2026-04-09,ORDINARIA
21,2112,2026-04-14,ORDINARIA
21,2113,2026-04-14,EXTRAORDINARIA
21,2114,2026-04-15,ORDINARIA
21,2115,2026-04-29,EXTRAORDINARIA
21,2116,2026-04-16,ORDINARIA
21,2118,2026-04-22,ORDINARIA
21,2119,2026-04-23,ORDINARIA
21,2122,2026-04-28,ORDINARIA
21,2125,2026-04-29,ORDINARIA
21,2126,2026-03-17,ORDINARIA
21,2127,2026-03-18,ORDINARIA
21,2128,2026-03-25,EXTRAORDINARIA
21,2131,2026-03-19,ORDINARIA
21,2136,2026-03-24,ORDINARIA
21,2138,2026-03-25,ORDINARIA
21,2139,2026-03-25,EXTRAORDINARIA
21,2141,2026-03-26,ORDINARIA
21,2143,2026-03-31,ORDINARIA
21,2145,2026-04-30,ORDINARIA
21,2148,2026-05-05,ORDINARIA
21,2149,2026-05-12,EXTRAORDINARIA
21,2150,2026-05-06,ORDINARIA
21,2152,2026-05-07,ORDINARIA
21,2159,2026-05-12,ORDINARIA
21,2161,2026-05-13,ORDINARIA
21,2163,2026-05-14,ORDINARIA
21,2170,2026-05-19,ORDINARIA
21,2171,2026-03-10,ORDINARIA
21,2172,2026-03-17,EXTRAORDINARIA
21,2173,2026-03-11,ORDINARIA
21,2176,2026-03-12,ORDINARIA
21,2183,2026-05-19,EXTRAORDINARIA
21,2185,2026-05-20,ORDINARIA
21,2186,2026-06-09,EXTRAORDINARIA
21,2188,2026-05-21,ORDINARIA
21,2191,2026-05-26,ORDINARIA
21,2192,2026-05-27,ORDINARIA
21,2193,2026-05-28,ORDINARIA
21,2199,2026-06-02,ORDINARIA
21,2200,2026-06-03,ORDINARIA
21,2203,2026-06-09,ORDINARIA
21,2204,2026-06-10,ORDINARIA
21,2205,2026-06-11,ORDINARIA
21,2213,2026-06-23,ORDINARIA
21,2218,2026-06-30,ORDINARIA
21,2219,2026-06-30,EXTRAORDINARIA
21,2220,2026-06-30,EXTRAORDINARIA
21,2225,2026-08-04,ORDINARIA
21,2228,2026-08-05,ORDINARIA
21,2229,2026-08-06,ORDINARIA
21,2233,2026-06-16,ORDINARIA
21,2234,2026-06-16,EXTRAORDINARIA
21,2235,2026-06-30,EXTRAORDINARIA
21,2237,2026-06-17,ORDINARIA
21,2239,2026-06-18,ORDINARIA
21,2241,2026-08-11,ORDINARIA
21,2244,2026-08-12,ORDINARIA
21,2245,2026-08-13,ORDINARIA
21,2250,2026-08-18,ORDINARIA
21,2253,2026-08-19,ORDINARIA
21,2255,2026-08-20,ORDINARIA
21,2258,2026-08-25,ORDINARIA
22,7,2020-02-11,SESSAO EXTRAORDINARIA
22,9,2020-02-13,SESSAO ORDINARIA
22,10,2020-02-18,SESSAO ORDINARIA
22,12,2020-02-20,SESSAO ORDINARIA
22,13,2020-02-27,SESSAO ORDINARIA
22,14,2020-03-03,SESSAO ORDINARIA
22,15,2020-03-04,SESSAO ORDINARIA
22,16,2020-03-05,SESSAO ORDINARIA
22,20,2020-03-12,SESSAO ORDINARIA
22,24,2020-03-17,SESSAO EXTRAORDINARIA
22,43,2020-04-15,SESSAO EXTRAORDINARIA
22,50,2020-04-29,SESSAO EXTRAORDINARIA
22,51,2020-04-29,SESSAO EXTRAORDINARIA
22,55,2020-05-19,SESSAO EXTRAORDINARIA
22,68,2020-06-16,SESSAO EXTRAORDINARIA
22,69,2020-06-17,SESSAO EXTRAORDINARIA
22,70,2020-06-17,SESSAO EXTRAORDINARIA
22,74,2020-06-24,SESSAO EXTRAORDINARIA
22,81,2020-08-12,SESSAO EXTRAORDINARIA
22,85,2020-08-19,SESSAO EXTRAORDINARIA
22,86,2020-08-25,SESSAO EXTRAORDINARIA
22,88,2020-09-01,SESSAO EXTRAORDINARIA
22,89,2020-09-02,SESSAO EXTRAORDINARIA
22,91,2020-09-09,SESSAO EXTRAORDINARIA
22,97,2020-09-23,SESSAO EXTRAORDINARIA
22,99,2020-09-29,SESSAO EXTRAORDINARIA
22,103,2020-10-07,SESSAO EXTRAORDINARIA
22,107,2020-10-15,SESSAO EXTRAORDINARIA
22,116,2020-11-04,SESSAO EXTRAORDINARIA
22,119,2020-11-11,SESSAO EXTRAORDINARIA
22,123,2020-11-24,SESSAO EXTRAORDINARIA
22,124,2020-11-25,SESSAO EXTRAORDINARIA
22,125,2020-11-25,SESSAO EXTRAORDINARIA
22,127,2020-12-01,SESSAO EXTRAORDINARIA
22,131,2020-12-09,SESSAO EXTRAORDINARIA
22,133,2020-12-10,SESSAO EXTRAORDINARIA
22,134,2020-12-10,SESSAO EXTRAORDINARIA
22,155,2021-04-06,SESSAO EXTRAORDINARIA
22,156,2021-04-06,SESSAO EXTRAORDINARIA
22,159,2021-04-14,SESSAO EXTRAORDINARIA
22,160,2021-04-14,SESSAO EXTRAORDINARIA
22,166,2021-05-04,SESSAO EXTRAORDINARIA
22,167,2021-05-05,SESSAO EXTRAORDINARIA
22,178,2021-06-02,SESSAO EXTRAORDINARIA
22,194,2021-08-05,SESSAO ORDINARIA
22,195,2021-08-05,SESSAO ORDINARIA
22,198,2021-08-11,SESSAO ORDINARIA
22,203,2021-08-18,SESSAO ORDINARIA
22,204,2021-08-19,SESSAO ORDINARIA
22,207,2021-08-26,SESSAO ORDINARIA
22,212,2021-09-02,SESSAO ORDINARIA
22,214,2021-09-09,SESSAO ORDINARIA
22,218,2021-09-16,SESSAO ORDINARIA
22,222,2021-09-23,SESSAO ORDINARIA
22,225,2021-09-30,SESSAO ORDINARIA
22,231,2021-10-07,SESSAO ORDINARIA
22,233,2021-10-14,SESSAO ORDINARIA
22,237,2021-10-21,SESSAO ORDINARIA
22,240,2021-10-28,SESSAO ORDINARIA
22,244,2021-11-04,SESSAO ORDINARIA
22,249,2021-11-11,SESSAO ORDINARIA
22,250,2021-11-16,SESSAO ORDINARIA
22,251,2021-11-17,SESSAO ORDINARIA
22,252,2021-11-18,SESSAO ORDINARIA
22,256,2021-11-25,SESSAO ORDINARIA
22,268,2021-12-14,SESSAO ORDINARIA
22,272,2021-12-15,SESSAO ORDINARIA
22,273,2022-02-02,SESSAO ORDINARIA
22,274,2022-02-03,SESSAO ORDINARIA
22,276,2022-02-08,SESSAO EXTRAORDINARIA
22,277,2022-02-08,SESSAO EXTRAORDINARIA
22,278,2022-02-09,SESSAO ORDINARIA
22,279,2022-02-10,SESSAO ORDINARIA
22,284,2022-02-17,SESSAO ORDINARIA
22,287,2022-02-23,SESSAO ORDINARIA
22,289,2022-02-24,SESSAO ORDINARIA
22,290,2022-03-03,SESSAO ORDINARIA
22,294,2022-03-10,SESSAO ORDINARIA
22,296,2022-03-23,SESSAO EXTRAORDINARIA
22,299,2022-03-17,SESSAO ORDINARIA
22,301,2022-03-23,SESSAO ORDINARIA
22,303,2022-03-24,SESSAO ORDINARIA
22,306,2022-03-30,SESSAO EXTRAORDINARIA
22,307,2022-03-31,SESSAO EXTRAORDINARIA
22,308,2022-03-31,SESSAO ORDINARIA
22,309,2022-03-31,SESSAO EXTRAORDINARIA
22,310,2022-03-31,SESSAO EXTRAORDINARIA
22,311,2022-03-31,SESSAO EXTRAORDINARIA
22,312,2022-04-05,SESSAO ORDINARIA
22,314,2022-04-06,SESSAO ORDINARIA
22,317,2022-04-07,SESSAO ORDINARIA
22,319,2022-04-13,SESSAO ORDINARIA
22,321,2022-04-20,SESSAO ORDINARIA
22,322,2022-04-26,SESSAO ORDINARIA
22,324,2022-04-28,SESSAO ORDINARIA
22,326,2022-05-04,SESSAO ORDINARIA
22,327,2022-05-05,SESSAO ORDINARIA
22,329,2022-05-11,SESSAO ORDINARIA
22,331,2022-05-12,SESSAO ORDINARIA
22,333,2022-05-12,SESSAO ORDINARIA
22,335,2022-05-18,SESSAO ORDINARIA
22,336,2022-05-19,SESSAO ORDINARIA
22,337,2022-05-24,SESSAO ORDINARIA
22,338,2022-05-25,SESSAO ORDINARIA
22,339,2022-05-26,SESSAO ORDINARIA
22,342,2022-06-02,SESSAO ORDINARIA
22,346,2022-06-09,SESSAO ORDINARIA
22,348,2022-06-15,SESSAO ORDINARIA
22,350,2022-06-22,SESSAO ORDINARIA
22,351,2022-06-23,SESSAO ORDINARIA
22,355,2022-06-29,SESSAO EXTRAORDINARIA
22,356,2022-06-30,SESSAO ORDINARIA
22,358,2022-08-30,SESSAO EXTRAORDINARIA
22,359,2022-08-03,SESSAO ORDINARIA
22,360,2022-08-04,SESSAO ORDINARIA
22,362,2022-08-10,SESSAO ORDINARIA
22,363,2022-08-11,SESSAO ORDINARIA
22,365,2022-08-17,SESSAO ORDINARIA
22,366,2022-08-18,SESSAO ORDINARIA
22,368,2022-08-24,SESSAO ORDINARIA
22,369,2022-08-25,SESSAO ORDINARIA
22,373,2022-09-01,SESSAO ORDINARIA
22,374,2022-09-08,SESSAO ORDINARIA
22,376,2022-09-14,SESSAO ORDINARIA
22,377,2022-09-15,SESSAO ORDINARIA
22,378,2022-09-20,SESSAO ORDINARIA
22,380,2022-09-21,SESSAO ORDINARIA
22,381,2022-09-22,SESSAO ORDINARIA
22,382,2022-09-27,SESSAO ORDINARIA
22,383,2022-09-28,SESSAO ORDINARIA
22,384,2022-09-29,SESSAO ORDINARIA
22,386,2022-10-05,SESSAO ORDINARIA
22,387,2022-10-06,SESSAO ORDINARIA
22,388,2022-10-11,SESSAO ORDINARIA
22,389,2022-10-13,SESSAO ORDINARIA
22,390,2022-10-18,SESSAO ORDINARIA
22,391,2022-10-19,SESSAO ORDINARIA
22,392,2022-10-20,SESSAO ORDINARIA
22,395,2022-10-26,SESSAO ORDINARIA
22,396,2022-10-27,SESSAO ORDINARIA
22,397,2022-11-03,SESSAO ORDINARIA
22,400,2022-11-09,SESSAO ORDINARIA
22,401,2022-11-22,SESSAO EXTRAORDINARIA
22,402,2022-11-10,SESSAO ORDINARIA
22,403,2022-12-06,SESSAO EXTRAORDINARIA
22,404,2022-11-16,SESSAO ORDINARIA
22,405,2022-11-17,SESSAO ORDINARIA
22,407,2022-11-23,SESSAO ORDINARIA
22,409,2022-12-01,SESSAO ORDINARIA
22,413,2022-12-08,SESSAO ORDINARIA
22,416,2022-12-14,SESSAO ORDINARIA
22,417,2022-12-15,SESSAO ORDINARIA
22,423,2023-02-09,SESSAO ORDINARIA
22,424,2023-02-16,SESSAO EXTRAORDINARIA
22,426,2023-02-15,SESSAO ORDINARIA
22,427,2023-02-16,SESSAO ORDINARIA
22,428,2023-02-23,SESSAO ORDINARIA
22,431,2023-03-21,SESSAO EXTRAORDINARIA
22,432,2023-03-02,SESSAO ORDINARIA
22,434,2023-03-08,SESSAO ORDINARIA
22,435,2023-03-09,SESSAO ORDINARIA
22,438,2023-03-16,SESSAO ORDINARIA
22,441,2023-03-23,SESSAO ORDINARIA
22,442,2023-03-21,SESSAO EXTRAORDINARIA
22,445,2023-03-29,SESSAO ORDINARIA
22,446,2023-03-30,SESSAO ORDINARIA
22,448,2023-04-05,SESSAO ORDINARIA
22,452,2023-04-13,SESSAO ORDINARIA
22,455,2023-04-20,SESSAO ORDINARIA
22,461,2023-05-04,SESSAO ORDINARIA
22,464,2023-05-10,SESSAO ORDINARIA
22,466,2023-05-16,SESSAO EXTRAORDINARIA
22,469,2023-05-18,SESSAO ORDINARIA
22,470,2023-05-23,SESSAO ORDINARIA
22,471,2023-05-24,SESSAO ORDINARIA
22,472,2023-05-25,SESSAO ORDINARIA
22,474,2023-05-31,SESSAO EXTRAORDINARIA
22,476,2023-06-01,SESSAO ORDINARIA
22,480,2023-06-14,SESSAO ORDINARIA
22,484,2023-06-22,SESSAO ORDINARIA
22,489,2023-08-03,SESSAO ORDINARIA
22,490,2023-08-08,SESSAO ORDINARIA
22,491,2023-08-09,SESSAO ORDINARIA
22,492,2023-08-10,SESSAO ORDINARIA
22,493,2023-08-15,SESSAO ORDINARIA
22,494,2023-08-15,SESSAO EXTRAORDINARIA
22,495,2023-08-16,SESSAO ORDINARIA
22,497,2023-08-22,SESSAO EXTRAORDINARIA
22,499,2023-08-24,SESSAO ORDINARIA
22,502,2023-08-29,SESSAO EXTRAORDINARIA
22,503,2023-08-30,SESSAO ORDINARIA
22,504,2023-08-31,SESSAO ORDINARIA
22,511,2023-09-21,SESSAO ORDINARIA
22,515,2023-09-28,SESSAO ORDINARIA
22,518,2023-10-04,SESSAO ORDINARIA
22,519,2023-10-05,SESSAO ORDINARIA
22,522,2023-10-11,SESSAO ORDINARIA
22,525,2023-10-18,SESSAO ORDINARIA
22,526,2023-10-19,SESSAO ORDINARIA
22,534,2023-11-07,SESSAO EXTRAORDINARIA
22,539,2023-11-16,SESSAO ORDINARIA
22,543,2023-11-22,SESSAO ORDINARIA
22,544,2023-11-23,SESSAO ORDINARIA
22,545,2023-11-28,SESSAO EXTRAORDINARIA
22,546,2023-11-28,SESSAO ORDINARIA
22,547,2023-11-28,SESSAO EXTRAORDINARIA
22,550,2023-12-06,SESSAO ORDINARIA
22,551,2023-12-07,SESSAO ORDINARIA
22,555,2023-12-13,SESSAO EXTRAORDINARIA
22,558,2024-02-01,SESSAO EXTRAORDINARIA
22,559,2024-02-01,SESSAO EXTRAORDINARIA
22,563,2024-02-08,SESSAO ORDINARIA
22,568,2024-02-22,SESSAO ORDINARIA
22,574,2024-02-29,SESSAO ORDINARIA
22,578,2024-03-07,SESSAO ORDINARIA
22,580,2024-03-14,SESSAO ORDINARIA
22,582,2024-03-19,SESSAO ORDINARIA
22,584,2024-03-21,SESSAO ORDINARIA
22,585,2024-03-26,SESSAO EXTRAORDINARIA
22,591,2024-04-04,SESSAO ORDINARIA
22,597,2024-04-11,SESSAO ORDINARIA
22,599,2024-05-07,SESSAO EXTRAORDINARIA
22,600,2024-04-16,SESSAO ORDINARIA
22,602,2024-04-18,SESSAO ORDINARIA
22,604,2024-04-25,SESSAO ORDINARIA
22,607,2024-05-02,SESSAO ORDINARIA
22,610,2024-05-09,SESSAO ORDINARIA
22,611,2024-05-28,SESSAO EXTRAORDINARIA
22,613,2024-05-15,SESSAO ORDINARIA
22,614,2024-05-16,SESSAO ORDINARIA
22,616,2024-05-22,SESSAO ORDINARIA
22,617,2024-05-23,SESSAO ORDINARIA
22,619,2024-06-04,SESSAO EXTRAORDINARIA
22,620,2024-05-29,SESSAO ORDINARIA
22,621,2024-06-04,SESSAO EXTRAORDINARIA
22,623,2024-06-05,SESSAO ORDINARIA
22,624,2024-06-11,SESSAO EXTRAORDINARIA
22,625,2024-06-18,SESSAO EXTRAORDINARIA
22,626,2024-06-06,SESSAO ORDINARIA
22,627,2024-06-11,SESSAO ORDINARIA
22,628,2024-06-12,SESSAO ORDINARIA
22,629,2024-06-13,SESSAO ORDINARIA
22,632,2024-06-20,SESSAO ORDINARIA
22,633,2024-06-18,SESSAO EXTRAORDINARIA
22,640,2024-08-07,SESSAO EXTRAORDINARIA
22,643,2024-08-08,SESSAO ORDINARIA
22,644,2024-08-14,SESSAO ORDINARIA
22,645,2024-08-15,SESSAO ORDINARIA
22,646,2024-08-14,SESSAO EXTRAORDINARIA
22,651,2024-08-29,SESSAO ORDINARIA
22,652,2024-09-03,SESSAO EXTRAORDINARIA
22,654,2024-09-04,SESSAO ORDINARIA
22,655,2024-09-05,SESSAO ORDINARIA
22,656,2024-09-10,SESSAO EXTRAORDINARIA
22,659,2024-09-12,SESSAO ORDINARIA
22,662,2024-09-18,SESSAO ORDINARIA
22,663,2024-09-19,SESSAO ORDINARIA
22,664,2024-09-24,SESSAO EXTRAORDINARIA
22,665,2024-09-24,SESSAO ORDINARIA
22,666,2024-09-25,SESSAO ORDINARIA
22,667,2024-09-26,SESSAO ORDINARIA
22,669,2024-10-01,SESSAO EXTRAORDINARIA
22,670,2024-10-01,SESSAO ORDINARIA
22,672,2024-10-03,SESSAO ORDINARIA
22,676,2024-10-10,SESSAO ORDINARIA
22,679,2024-10-17,SESSAO ORDINARIA
22,682,2024-10-23,SESSAO ORDINARIA
22,683,2024-10-24,SESSAO ORDINARIA
22,684,2024-10-29,SESSAO EXTRAORDINARIA
22,688,2024-10-31,SESSAO ORDINARIA
22,692,2024-11-07,SESSAO ORDINARIA
22,1694,2024-11-14,SESSAO ORDINARIA
22,1700,2024-11-27,SESSAO EXTRAORDINARIA
22,1701,2024-11-28,SESSAO ORDINARIA
22,1710,2024-03-12,SESSAO EXTRAORDINARIA
22,1713,2025-02-11,ORDINARIA
22,1715,2025-02-12,ORDINARIA
22,1716,2025-02-13,ORDINARIA
22,1721,2025-02-20,ORDINARIA
22,1727,2025-02-27,ORDINARIA
22,1730,2025-03-06,ORDINARIA
22,1740,2025-03-18,EXTRAORDINARIA
22,1746,2025-03-20,ORDINARIA
22,1757,2025-03-27,ORDINARIA
22,1763,2025-04-03,ORDINARIA
22,1765,2025-04-03,ORDINARIA
22,1770,2025-04-08,EXTRAORDINARIA
22,1775,2025-04-10,ORDINARIA
22,1776,2025-04-10,ORDINARIA
22,1783,2025-04-16,ORDINARIA
22,1788,2025-04-24,ORDINARIA
22,1789,2025-04-24,ORDINARIA
22,1797,2025-05-13,EXTRAORDINARIA
22,1798,2025-05-08,ORDINARIA
22,1799,2025-05-08,ORDINARIA
22,1817,2025-05-21,ORDINARIA
22,1819,2025-05-22,ORDINARIA
22,1827,2025-05-28,ORDINARIA
22,1829,2025-05-29,ORDINARIA
22,1830,2025-05-29,ORDINARIA
22,1838,2025-06-05,ORDINARIA
22,1844,2025-06-11,ORDINARIA
22,1846,2025-06-12,ORDINARIA
22,1847,2025-06-12,ORDINARIA
22,1854,2025-06-18,ORDINARIA
22,1862,2025-06-25,ORDINARIA
22,1864,2025-06-26,ORDINARIA
22,1865,2025-06-26,ORDINARIA
22,1884,2025-08-14,ORDINARIA
22,1885,2025-08-14,ORDINARIA
22,1897,2025-08-21,SOLENE
22,1899,2025-08-22,SOLENE
22,1905,2025-09-09,EXTRAORDINARIA
22,1906,2025-08-28,ORDINARIA
22,1907,2025-08-28,ORDINARIA
22,1914,2025-09-04,ORDINARIA
22,1915,2025-09-04,ORDINARIA
22,1919,2025-09-11,ORDINARIA
22,1920,2025-09-11,ORDINARIA
22,1932,2025-09-18,ORDINARIA
22,1933,2025-09-18,ORDINARIA
22,1944,2025-09-25,ORDINARIA
22,1945,2025-09-25,ORDINARIA
22,1954,2025-10-01,ORDINARIA
22,1956,2025-10-02,ORDINARIA
22,1967,2025-10-09,ORDINARIA
22,1968,2025-10-09,ORDINARIA
22,1974,2025-10-14,ORDINARIA
22,1979,2025-10-16,ORDINARIA
22,1988,2025-10-22,ORDINARIA
22,1989,2025-11-04,EXTRAORDINARIA
22,1990,2025-10-23,ORDINARIA
22,1994,2025-10-30,ORDINARIA
22,1995,2025-10-30,ORDINARIA
22,2000,2025-11-04,ORDINARIA
22,2003,2025-11-05,ORDINARIA
22,2006,2025-11-06,ORDINARIA
22,2020,2025-11-13,ORDINARIA
22,2039,2025-11-27,ORDINARIA
22,2040,2025-11-27,ORDINARIA
22,2053,2025-12-04,ORDINARIA
22,2065,2025-12-15,ORDINARIA
22,2070,2026-02-04,ORDINARIA
22,2072,2026-02-05,ORDINARIA
22,2078,2026-02-11,ORDINARIA
22,2081,2026-02-12,ORDINARIA
22,2082,2026-02-19,ORDINARIA
22,2088,2026-02-26,ORDINARIA
22,2093,2026-03-04,ORDINARIA
22,2096,2026-03-05,SOLENE
22,2102,2026-03-31,EXTRAORDINARIA
22,2109,2026-04-09,ORDINARIA
22,2113,2026-04-14,EXTRAORDINARIA
22,2116,2026-04-16,ORDINARIA
22,2118,2026-04-22,ORDINARIA
22,2119,2026-04-23,ORDINARIA
22,2131,2026-03-19,ORDINARIA
22,2141,2026-03-26,ORDINARIA
22,2145,2026-04-30,ORDINARIA
22,2152,2026-05-07,ORDINARIA
22,2161,2026-05-13,ORDINARIA
22,2163,2026-05-14,ORDINARIA
22,2171,2026-03-10,ORDINARIA
22,2172,2026-03-17,EXTRAORDINARIA
22,2176,2026-03-12,ORDINARIA
22,2185,2026-05-20,ORDINARIA
22,2188,2026-05-21,ORDINARIA
22,2192,2026-05-27,ORDINARIA
22,2193,2026-05-28,ORDINARIA
22,2200,2026-06-03,ORDINARIA
22,2204,2026-06-10,ORDINARIA
22,2205,2026-06-11,ORDINARIA
22,2213,2026-06-23,ORDINARIA
22,2228,2026-08-05,ORDINARIA
22,2229,2026-08-06,ORDINARIA
22,2234,2026-06-16,EXTRAORDINARIA
22,2237,2026-06-17,ORDINARIA
22,2239,2026-06-18,ORDINARIA
22,2241,2026-08-11,ORDINARIA
22,2244,2026-08-12,ORDINARIA
22,2245,2026-08-13,ORDINARIA
22,2250,2026-08-18,ORDINARIA
22,2253,2026-08-19,ORDINARIA
22,2255,2026-08-20,ORDINARIA
22,2258,2026-08-25,ORDINARIA
23,16,2020-03-05,SESSAO ORDINARIA
23,19,2020-03-11,SESSAO EXTRAORDINARIA
23,23,2020-03-17,SESSAO ORDINARIA
23,24,2020-03-17,SESSAO EXTRAORDINARIA
23,43,2020-04-15,SESSAO EXTRAORDINARIA
23,45,2020-04-22,SESSAO EXTRAORDINARIA
23,46,2020-04-22,SESSAO EXTRAORDINARIA
23,47,2020-04-22,SESSAO EXTRAORDINARIA
23,51,2020-04-29,SESSAO EXTRAORDINARIA
23,52,2020-05-05,SESSAO EXTRAORDINARIA
23,53,2020-05-05,SESSAO EXTRAORDINARIA
23,70,2020-06-17,SESSAO EXTRAORDINARIA
23,74,2020-06-24,SESSAO EXTRAORDINARIA
23,82,2020-08-12,SESSAO EXTRAORDINARIA
23,87,2020-08-26,SESSAO EXTRAORDINARIA
23,89,2020-09-02,SESSAO EXTRAORDINARIA
23,101,2020-10-06,SESSAO EXTRAORDINARIA
23,104,2020-10-13,SESSAO EXTRAORDINARIA
23,106,2020-10-14,SESSAO EXTRAORDINARIA
23,119,2020-11-11,SESSAO EXTRAORDINARIA
23,125,2020-11-25,SESSAO EXTRAORDINARIA
23,128,2020-12-02,SESSAO EXTRAORDINARIA
23,139,2021-02-10,SESSAO EXTRAORDINARIA
23,164,2021-04-27,SESSAO EXTRAORDINARIA
23,165,2021-04-28,SESSAO EXTRAORDINARIA
23,178,2021-06-02,SESSAO EXTRAORDINARIA
23,194,2021-08-05,SESSAO ORDINARIA
23,198,2021-08-11,SESSAO ORDINARIA
23,199,2021-08-12,SESSAO ORDINARIA
23,204,2021-08-19,SESSAO ORDINARIA
23,207,2021-08-26,SESSAO ORDINARIA
23,211,2021-09-01,SESSAO ORDINARIA
23,212,2021-09-02,SESSAO ORDINARIA
23,214,2021-09-09,SESSAO ORDINARIA
23,222,2021-09-23,SESSAO ORDINARIA
23,225,2021-09-30,SESSAO ORDINARIA
23,231,2021-10-07,SESSAO ORDINARIA
23,233,2021-10-14,SESSAO ORDINARIA
23,237,2021-10-21,SESSAO ORDINARIA
23,240,2021-10-28,SESSAO ORDINARIA
23,244,2021-11-04,SESSAO ORDINARIA
23,249,2021-11-11,SESSAO ORDINARIA
23,251,2021-11-17,SESSAO ORDINARIA
23,252,2021-11-18,SESSAO ORDINARIA
23,255,2021-11-24,SESSAO ORDINARIA
23,256,2021-11-25,SESSAO ORDINARIA
23,266,2021-12-09,SESSAO EXTRAORDINARIA
23,272,2021-12-15,SESSAO ORDINARIA
23,274,2022-02-03,SESSAO ORDINARIA
23,279,2022-02-10,SESSAO ORDINARIA
23,284,2022-02-17,SESSAO ORDINARIA
23,289,2022-02-24,SESSAO ORDINARIA
23,290,2022-03-03,SESSAO ORDINARIA
23,294,2022-03-10,SESSAO ORDINARIA
23,299,2022-03-17,SESSAO ORDINARIA
23,303,2022-03-24,SESSAO ORDINARIA
23,314,2022-04-06,SESSAO ORDINARIA
23,317,2022-04-07,SESSAO ORDINARIA
23,319,2022-04-13,SESSAO ORDINARIA
23,321,2022-04-20,SESSAO ORDINARIA
23,324,2022-04-28,SESSAO ORDINARIA
23,327,2022-05-05,SESSAO ORDINARIA
23,329,2022-05-11,SESSAO ORDINARIA
23,331,2022-05-12,SESSAO ORDINARIA
23,333,2022-05-12,SESSAO ORDINARIA
23,335,2022-05-18,SESSAO ORDINARIA
23,336,2022-05-19,SESSAO ORDINARIA
23,339,2022-05-26,SESSAO ORDINARIA
23,342,2022-06-02,SESSAO ORDINARIA
23,345,2022-06-21,SESSAO EXTRAORDINARIA
23,346,2022-06-09,SESSAO ORDINARIA
23,348,2022-06-15,SESSAO ORDINARIA
23,350,2022-06-22,SESSAO ORDINARIA
23,351,2022-06-23,SESSAO ORDINARIA
23,355,2022-06-29,SESSAO EXTRAORDINARIA
23,356,2022-06-30,SESSAO ORDINARIA
23,360,2022-08-04,SESSAO ORDINARIA
23,362,2022-08-10,SESSAO ORDINARIA
23,363,2022-08-11,SESSAO ORDINARIA
23,366,2022-08-18,SESSAO ORDINARIA
23,368,2022-08-24,SESSAO ORDINARIA
23,369,2022-08-25,SESSAO ORDINARIA
23,371,2022-08-31,SESSAO ORDINARIA
23,373,2022-09-01,SESSAO ORDINARIA
23,374,2022-09-08,SESSAO ORDINARIA
23,376,2022-09-14,SESSAO ORDINARIA
23,377,2022-09-15,SESSAO ORDINARIA
23,380,2022-09-21,SESSAO ORDINARIA
23,381,2022-09-22,SESSAO ORDINARIA
23,382,2022-09-27,SESSAO ORDINARIA
23,383,2022-09-28,SESSAO ORDINARIA
23,384,2022-09-29,SESSAO ORDINARIA
23,386,2022-10-05,SESSAO ORDINARIA
23,387,2022-10-06,SESSAO ORDINARIA
23,388,2022-10-11,SESSAO ORDINARIA
23,389,2022-10-13,SESSAO ORDINARIA
23,390,2022-10-18,SESSAO ORDINARIA
23,392,2022-10-20,SESSAO ORDINARIA
23,395,2022-10-26,SESSAO ORDINARIA
23,396,2022-10-27,SESSAO ORDINARIA
23,397,2022-11-03,SESSAO ORDINARIA
23,400,2022-11-09,SESSAO ORDINARIA
23,401,2022-11-22,SESSAO EXTRAORDINARIA
23,402,2022-11-10,SESSAO ORDINARIA
23,404,2022-11-16,SESSAO ORDINARIA
23,405,2022-11-17,SESSAO ORDINARIA
23,407,2022-11-23,SESSAO ORDINARIA
23,408,2022-11-29,SESSAO ORDINARIA
23,409,2022-12-01,SESSAO ORDINARIA
23,413,2022-12-08,SESSAO ORDINARIA
23,416,2022-12-14,SESSAO ORDINARIA
23,417,2022-12-15,SESSAO ORDINARIA
23,419,2023-02-02,SESSAO ORDINARIA
23,422,2023-02-14,SESSAO EXTRAORDINARIA
23,423,2023-02-09,SESSAO ORDINARIA
23,428,2023-02-23,SESSAO ORDINARIA
23,430,2023-03-01,SESSAO ORDINARIA
23,432,2023-03-02,SESSAO ORDINARIA
23,435,2023-03-09,SESSAO ORDINARIA
23,437,2023-03-15,SESSAO ORDINARIA
23,438,2023-03-16,SESSAO ORDINARIA
23,441,2023-03-23,SESSAO ORDINARIA
23,446,2023-03-30,SESSAO ORDINARIA
23,448,2023-04-05,SESSAO ORDINARIA
23,449,2023-04-11,SESSAO EXTRAORDINARIA
23,450,2023-04-11,SESSAO ORDINARIA
23,451,2023-04-12,SESSAO ORDINARIA
23,452,2023-04-13,SESSAO ORDINARIA
23,455,2023-04-20,SESSAO ORDINARIA
23,457,2023-04-26,SESSAO ORDINARIA
23,458,2023-04-27,SESSAO ORDINARIA
23,461,2023-05-04,SESSAO ORDINARIA
23,464,2023-05-10,SESSAO ORDINARIA
23,466,2023-05-16,SESSAO EXTRAORDINARIA
23,467,2023-05-16,SESSAO ORDINARIA
23,468,2023-05-17,SESSAO ORDINARIA
23,469,2023-05-18,SESSAO ORDINARIA
23,470,2023-05-23,SESSAO ORDINARIA
23,471,2023-05-24,SESSAO ORDINARIA
23,472,2023-05-25,SESSAO ORDINARIA
23,474,2023-05-31,SESSAO EXTRAORDINARIA
23,475,2023-05-31,SESSAO ORDINARIA
23,476,2023-06-01,SESSAO ORDINARIA
23,480,2023-06-14,SESSAO ORDINARIA
23,483,2023-06-21,SESSAO ORDINARIA
23,484,2023-06-22,SESSAO ORDINARIA
23,489,2023-08-03,SESSAO ORDINARIA
23,499,2023-08-24,SESSAO ORDINARIA
23,503,2023-08-30,SESSAO ORDINARIA
23,504,2023-08-31,SESSAO ORDINARIA
23,511,2023-09-21,SESSAO ORDINARIA
23,519,2023-10-05,SESSAO ORDINARIA
23,522,2023-10-11,SESSAO ORDINARIA
23,525,2023-10-18,SESSAO ORDINARIA
23,526,2023-10-19,SESSAO ORDINARIA
23,527,2023-10-24,SESSAO EXTRAORDINARIA
23,536,2023-11-09,SESSAO ORDINARIA
23,539,2023-11-16,SESSAO ORDINARIA
23,544,2023-11-23,SESSAO ORDINARIA
23,551,2023-12-07,SESSAO ORDINARIA
23,563,2024-02-08,SESSAO ORDINARIA
23,564,2024-02-15,SESSAO ORDINARIA
23,574,2024-02-29,SESSAO ORDINARIA
23,577,2024-03-06,SESSAO ORDINARIA
23,578,2024-03-07,SESSAO ORDINARIA
23,580,2024-03-14,SESSAO ORDINARIA
23,584,2024-03-21,SESSAO ORDINARIA
23,591,2024-04-04,SESSAO ORDINARIA
23,596,2024-04-09,SESSAO EXTRAORDINARIA
23,597,2024-04-11,SESSAO ORDINARIA
23,601,2024-04-17,SESSAO ORDINARIA
23,602,2024-04-18,SESSAO ORDINARIA
23,604,2024-04-25,SESSAO ORDINARIA
23,606,2024-04-30,SESSAO ORDINARIA
23,607,2024-05-02,SESSAO ORDINARIA
23,610,2024-05-09,SESSAO ORDINARIA
23,613,2024-05-15,SESSAO ORDINARIA
23,614,2024-05-16,SESSAO ORDINARIA
23,616,2024-05-22,SESSAO ORDINARIA
23,617,2024-05-23,SESSAO ORDINARIA
23,620,2024-05-29,SESSAO ORDINARIA
23,626,2024-06-06,SESSAO ORDINARIA
23,629,2024-06-13,SESSAO ORDINARIA
23,632,2024-06-20,SESSAO ORDINARIA
23,637,2024-08-01,SESSAO ORDINARIA
23,638,2024-08-06,SESSAO ORDINARIA
23,643,2024-08-08,SESSAO ORDINARIA
23,645,2024-08-15,SESSAO ORDINARIA
23,649,2024-08-27,SESSAO ORDINARIA
23,650,2024-08-28,SESSAO ORDINARIA
23,651,2024-08-29,SESSAO ORDINARIA
23,652,2024-09-03,SESSAO EXTRAORDINARIA
23,653,2024-09-03,SESSAO ORDINARIA
23,654,2024-09-04,SESSAO ORDINARIA
23,655,2024-09-05,SESSAO ORDINARIA
23,659,2024-09-12,SESSAO ORDINARIA
23,663,2024-09-19,SESSAO ORDINARIA
23,666,2024-09-25,SESSAO ORDINARIA
23,667,2024-09-26,SESSAO ORDINARIA
23,668,2024-08-27,SESSAO EXTRAORDINARIA
23,671,2024-10-02,SESSAO ORDINARIA
23,672,2024-10-03,SESSAO ORDINARIA
23,676,2024-10-10,SESSAO ORDINARIA
23,679,2024-10-17,SESSAO ORDINARIA
23,683,2024-10-24,SESSAO ORDINARIA
23,688,2024-10-31,SESSAO ORDINARIA
23,692,2024-11-07,SESSAO ORDINARIA
23,1694,2024-11-14,SESSAO ORDINARIA
23,1701,2024-11-28,SESSAO ORDINARIA
23,1704,2024-12-04,SESSAO EXTRAORDINARIA
23,1710,2024-03-12,SESSAO EXTRAORDINARIA
23,1715,2025-02-12,ORDINARIA
23,1716,2025-02-13,ORDINARIA
23,1721,2025-02-20,ORDINARIA
23,1724,2025-02-26,ORDINARIA
23,1727,2025-02-27,ORDINARIA
23,1730,2025-03-06,ORDINARIA
23,1736,2025-03-12,ORDINARIA
23,1739,2025-03-13,ORDINARIA
23,1740,2025-03-18,EXTRAORDINARIA
23,1743,2025-03-18,EXTRAORDINARIA
23,1746,2025-03-20,ORDINARIA
23,1757,2025-03-27,ORDINARIA
23,1763,2025-04-03,ORDINARIA
23,1765,2025-04-03,ORDINARIA
23,1775,2025-04-10,ORDINARIA
23,1776,2025-04-10,ORDINARIA
23,1783,2025-04-16,ORDINARIA
23,1785,2025-04-22,ORDINARIA
23,1788,2025-04-24,ORDINARIA
23,1789,2025-04-24,ORDINARIA
23,1792,2025-04-30,ORDINARIA
23,1799,2025-05-08,ORDINARIA
23,1803,2025-05-20,EXTRAORDINARIA
23,1819,2025-05-22,ORDINARIA
23,1827,2025-05-28,ORDINARIA
23,1829,2025-05-29,ORDINARIA
23,1830,2025-05-29,ORDINARIA
23,1838,2025-06-05,ORDINARIA
23,1844,2025-06-11,ORDINARIA
23,1846,2025-06-12,ORDINARIA
23,1854,2025-06-18,ORDINARIA
23,1862,2025-06-25,ORDINARIA
23,1865,2025-06-26,ORDINARIA
23,1873,2025-08-06,ORDINARIA
23,1882,2025-08-13,ORDINARIA
23,1885,2025-08-14,ORDINARIA
23,1895,2025-08-20,ORDINARIA
23,1897,2025-08-21,SOLENE
23,1899,2025-08-22,SOLENE
23,1907,2025-08-28,ORDINARIA
23,1913,2025-09-03,ORDINARIA
23,1914,2025-09-04,ORDINARIA
23,1915,2025-09-04,ORDINARIA
23,1920,2025-09-11,ORDINARIA
23,1933,2025-09-18,ORDINARIA
23,1944,2025-09-25,ORDINARIA
23,1945,2025-09-25,ORDINARIA
23,1954,2025-10-01,ORDINARIA
23,1956,2025-10-02,ORDINARIA
23,1963,2025-10-07,ORDINARIA
23,1968,2025-10-09,ORDINARIA
23,1979,2025-10-16,ORDINARIA
23,1985,2025-10-21,ORDINARIA
23,1986,2025-10-21,EXTRAORDINARIA
23,1988,2025-10-22,ORDINARIA
23,1990,2025-10-23,ORDINARIA
23,1995,2025-10-30,ORDINARIA
23,2004,2025-11-11,EXTRAORDINARIA
23,2006,2025-11-06,ORDINARIA
23,2013,2025-11-11,ORDINARIA
23,2014,2025-11-11,EXTRAORDINARIA
23,2015,2025-11-11,EXTRAORDINARIA
23,2018,2025-11-12,ORDINARIA
23,2020,2025-11-13,ORDINARIA
23,2030,2025-11-19,ORDINARIA
23,2040,2025-11-27,ORDINARIA
23,2053,2025-12-04,ORDINARIA
23,2072,2026-02-05,ORDINARIA
23,2078,2026-02-11,ORDINARIA
23,2081,2026-02-12,ORDINARIA
23,2082,2026-02-19,ORDINARIA
23,2085,2026-02-25,ORDINARIA
23,2088,2026-02-26,ORDINARIA
23,2093,2026-03-04,ORDINARIA
23,2096,2026-03-05,SOLENE
23,2102,2026-03-31,EXTRAORDINARIA
23,2103,2026-04-01,ORDINARIA
23,2109,2026-04-09,ORDINARIA
23,2113,2026-04-14,EXTRAORDINARIA
23,2114,2026-04-15,ORDINARIA
23,2116,2026-04-16,ORDINARIA
23,2118,2026-04-22,ORDINARIA
23,2119,2026-04-23,ORDINARIA
23,2122,2026-04-28,ORDINARIA
23,2127,2026-03-18,ORDINARIA
23,2128,2026-03-25,EXTRAORDINARIA
23,2131,2026-03-19,ORDINARIA
23,2139,2026-03-25,EXTRAORDINARIA
23,2141,2026-03-26,ORDINARIA
23,2145,2026-04-30,ORDINARIA
23,2150,2026-05-06,ORDINARIA
23,2152,2026-05-07,ORDINARIA
23,2161,2026-05-13,ORDINARIA
23,2163,2026-05-14,ORDINARIA
23,2173,2026-03-11,ORDINARIA
23,2176,2026-03-12,ORDINARIA
23,2185,2026-05-20,ORDINARIA
23,2188,2026-05-21,ORDINARIA
23,2192,2026-05-27,ORDINARIA
23,2193,2026-05-28,ORDINARIA
23,2204,2026-06-10,ORDINARIA
23,2205,2026-06-11,ORDINARIA
23,2219,2026-06-30,EXTRAORDINARIA
23,2228,2026-08-05,ORDINARIA
23,2229,2026-08-06,ORDINARIA
23,2239,2026-06-18,ORDINARIA
23,2244,2026-08-12,ORDINARIA
23,2245,2026-08-13,ORDINARIA
23,2253,2026-08-19,ORDINARIA
23,2255,2026-08-20,ORDINARIA
24,9,2020-02-13,SESSAO ORDINARIA
24,22,2020-03-16,SESSAO EXTRAORDINARIA
24,33,2020-03-31,SESSAO EXTRAORDINARIA
24,36,2020-04-01,SESSAO EXTRAORDINARIA
24,41,2020-04-14,SESSAO EXTRAORDINARIA
24,42,2020-04-15,SESSAO EXTRAORDINARIA
24,43,2020-04-15,SESSAO EXTRAORDINARIA
24,45,2020-04-22,SESSAO EXTRAORDINARIA
24,46,2020-04-22,SESSAO EXTRAORDINARIA
24,47,2020-04-22,SESSAO EXTRAORDINARIA
24,50,2020-04-29,SESSAO EXTRAORDINARIA
24,51,2020-04-29,SESSAO EXTRAORDINARIA
24,63,2020-06-09,SESSAO EXTRAORDINARIA
24,68,2020-06-16,SESSAO EXTRAORDINARIA
24,84,2020-08-19,SESSAO EXTRAORDINARIA
24,85,2020-08-19,SESSAO EXTRAORDINARIA
24,86,2020-08-25,SESSAO EXTRAORDINARIA
24,87,2020-08-26,SESSAO EXTRAORDINARIA
24,104,2020-10-13,SESSAO EXTRAORDINARIA
24,113,2020-10-28,SESSAO EXTRAORDINARIA
24,128,2020-12-02,SESSAO EXTRAORDINARIA
24,132,2020-12-10,SESSAO EXTRAORDINARIA
24,133,2020-12-10,SESSAO EXTRAORDINARIA
24,134,2020-12-10,SESSAO EXTRAORDINARIA
24,153,2021-03-30,SESSAO EXTRAORDINARIA
24,162,2021-04-27,SESSAO EXTRAORDINARIA
24,166,2021-05-04,SESSAO EXTRAORDINARIA
24,168,2021-05-11,SESSAO EXTRAORDINARIA
24,169,2021-05-11,SESSAO EXTRAORDINARIA
24,170,2021-05-12,SESSAO EXTRAORDINARIA
24,171,2021-05-18,SESSAO EXTRAORDINARIA
24,172,2021-05-19,SESSAO EXTRAORDINARIA
24,173,2021-05-19,SESSAO EXTRAORDINARIA
24,189,2021-06-29,SESSAO EXTRAORDINARIA
24,194,2021-08-05,SESSAO ORDINARIA
24,195,2021-08-05,SESSAO ORDINARIA
24,199,2021-08-12,SESSAO ORDINARIA
24,203,2021-08-18,SESSAO ORDINARIA
24,212,2021-09-02,SESSAO ORDINARIA
24,214,2021-09-09,SESSAO ORDINARIA
24,218,2021-09-16,SESSAO ORDINARIA
24,225,2021-09-30,SESSAO ORDINARIA
24,231,2021-10-07,SESSAO ORDINARIA
24,233,2021-10-14,SESSAO ORDINARIA
24,236,2021-10-20,SESSAO EXTRAORDINARIA
24,237,2021-10-21,SESSAO ORDINARIA
24,242,2021-11-03,SESSAO EXTRAORDINARIA
24,243,2021-11-03,SESSAO EXTRAORDINARIA
24,246,2021-11-09,SESSAO EXTRAORDINARIA
24,249,2021-11-11,SESSAO ORDINARIA
24,251,2021-11-17,SESSAO ORDINARIA
24,256,2021-11-25,SESSAO ORDINARIA
24,260,2021-12-02,SESSAO ORDINARIA
24,268,2021-12-14,SESSAO ORDINARIA
24,272,2021-12-15,SESSAO ORDINARIA
24,279,2022-02-10,SESSAO ORDINARIA
24,284,2022-02-17,SESSAO ORDINARIA
24,289,2022-02-24,SESSAO ORDINARIA
24,294,2022-03-10,SESSAO ORDINARIA
24,298,2022-03-16,SESSAO ORDINARIA
24,299,2022-03-17,SESSAO ORDINARIA
24,303,2022-03-24,SESSAO ORDINARIA
24,307,2022-03-31,SESSAO EXTRAORDINARIA
24,312,2022-04-05,SESSAO ORDINARIA
24,314,2022-04-06,SESSAO ORDINARIA
24,317,2022-04-07,SESSAO ORDINARIA
24,319,2022-04-13,SESSAO ORDINARIA
24,321,2022-04-20,SESSAO ORDINARIA
24,324,2022-04-28,SESSAO ORDINARIA
24,333,2022-05-12,SESSAO ORDINARIA
24,336,2022-05-19,SESSAO ORDINARIA
24,337,2022-05-24,SESSAO ORDINARIA
24,338,2022-05-25,SESSAO ORDINARIA
24,339,2022-05-26,SESSAO ORDINARIA
24,342,2022-06-02,SESSAO ORDINARIA
24,344,2022-06-08,SESSAO ORDINARIA
24,347,2022-06-14,SESSAO ORDINARIA
24,351,2022-06-23,SESSAO ORDINARIA
24,355,2022-06-29,SESSAO EXTRAORDINARIA
24,356,2022-06-30,SESSAO ORDINARIA
24,360,2022-08-04,SESSAO ORDINARIA
24,362,2022-08-10,SESSAO ORDINARIA
24,363,2022-08-11,SESSAO ORDINARIA
24,366,2022-08-18,SESSAO ORDINARIA
24,369,2022-08-25,SESSAO ORDINARIA
24,373,2022-09-01,SESSAO ORDINARIA
24,374,2022-09-08,SESSAO ORDINARIA
24,376,2022-09-14,SESSAO ORDINARIA
24,377,2022-09-15,SESSAO ORDINARIA
24,379,2022-10-25,SESSAO EXTRAORDINARIA
24,380,2022-09-21,SESSAO ORDINARIA
24,381,2022-09-22,SESSAO ORDINARIA
24,383,2022-09-28,SESSAO ORDINARIA
24,384,2022-09-29,SESSAO ORDINARIA
24,387,2022-10-06,SESSAO ORDINARIA
24,389,2022-10-13,SESSAO ORDINARIA
24,390,2022-10-18,SESSAO ORDINARIA
24,392,2022-10-20,SESSAO ORDINARIA
24,393,2022-10-25,SESSAO ORDINARIA
24,394,2022-10-25,SESSAO EXTRAORDINARIA
24,395,2022-10-26,SESSAO ORDINARIA
24,396,2022-10-27,SESSAO ORDINARIA
24,397,2022-11-03,SESSAO ORDINARIA
24,398,2022-11-08,SESSAO ORDINARIA
24,399,2022-11-08,SESSAO EXTRAORDINARIA
24,400,2022-11-09,SESSAO ORDINARIA
24,401,2022-11-22,SESSAO EXTRAORDINARIA
24,402,2022-11-10,SESSAO ORDINARIA
24,403,2022-12-06,SESSAO EXTRAORDINARIA
24,405,2022-11-17,SESSAO ORDINARIA
24,407,2022-11-23,SESSAO ORDINARIA
24,409,2022-12-01,SESSAO ORDINARIA
24,413,2022-12-08,SESSAO ORDINARIA
24,416,2022-12-14,SESSAO ORDINARIA
24,417,2022-12-15,SESSAO ORDINARIA
24,423,2023-02-09,SESSAO ORDINARIA
24,424,2023-02-16,SESSAO EXTRAORDINARIA
24,427,2023-02-16,SESSAO ORDINARIA
24,428,2023-02-23,SESSAO ORDINARIA
24,431,2023-03-21,SESSAO EXTRAORDINARIA
24,432,2023-03-02,SESSAO ORDINARIA
24,435,2023-03-09,SESSAO ORDINARIA
24,437,2023-03-15,SESSAO ORDINARIA
24,440,2023-03-22,SESSAO ORDINARIA
24,442,2023-03-21,SESSAO EXTRAORDINARIA
24,452,2023-04-13,SESSAO ORDINARIA
24,455,2023-04-20,SESSAO ORDINARIA
24,464,2023-05-10,SESSAO ORDINARIA
24,469,2023-05-18,SESSAO ORDINARIA
24,472,2023-05-25,SESSAO ORDINARIA
24,474,2023-05-31,SESSAO EXTRAORDINARIA
24,476,2023-06-01,SESSAO ORDINARIA
24,478,2023-06-07,SESSAO ORDINARIA
24,479,2023-06-13,SESSAO ORDINARIA
24,489,2023-08-03,SESSAO ORDINARIA
24,492,2023-08-10,SESSAO ORDINARIA
24,499,2023-08-24,SESSAO ORDINARIA
24,504,2023-08-31,SESSAO ORDINARIA
24,511,2023-09-21,SESSAO ORDINARIA
24,536,2023-11-09,SESSAO ORDINARIA
24,539,2023-11-16,SESSAO ORDINARIA
24,544,2023-11-23,SESSAO ORDINARIA
24,545,2023-11-28,SESSAO EXTRAORDINARIA
24,551,2023-12-07,SESSAO ORDINARIA
24,555,2023-12-13,SESSAO EXTRAORDINARIA
24,563,2024-02-08,SESSAO ORDINARIA
24,564,2024-02-15,SESSAO ORDINARIA
24,567,2024-02-21,SESSAO ORDINARIA
24,568,2024-02-22,SESSAO ORDINARIA
24,572,2024-02-27,SESSAO EXTRAORDINARIA
24,574,2024-02-29,SESSAO ORDINARIA
24,577,2024-03-06,SESSAO ORDINARIA
24,578,2024-03-07,SESSAO ORDINARIA
24,580,2024-03-14,SESSAO ORDINARIA
24,583,2024-03-20,SESSAO ORDINARIA
24,584,2024-03-21,SESSAO ORDINARIA
24,591,2024-04-04,SESSAO ORDINARIA
24,597,2024-04-11,SESSAO ORDINARIA
24,601,2024-04-17,SESSAO ORDINARIA
24,602,2024-04-18,SESSAO ORDINARIA
24,604,2024-04-25,SESSAO ORDINARIA
24,607,2024-05-02,SESSAO ORDINARIA
24,610,2024-05-09,SESSAO ORDINARIA
24,613,2024-05-15,SESSAO ORDINARIA
24,614,2024-05-16,SESSAO ORDINARIA
24,616,2024-05-22,SESSAO ORDINARIA
24,617,2024-05-23,SESSAO ORDINARIA
24,624,2024-06-11,SESSAO EXTRAORDINARIA
24,626,2024-06-06,SESSAO ORDINARIA
24,632,2024-06-20,SESSAO ORDINARIA
24,643,2024-08-08,SESSAO ORDINARIA
24,645,2024-08-15,SESSAO ORDINARIA
24,646,2024-08-14,SESSAO EXTRAORDINARIA
24,651,2024-08-29,SESSAO ORDINARIA
24,652,2024-09-03,SESSAO EXTRAORDINARIA
24,654,2024-09-04,SESSAO ORDINARIA
24,655,2024-09-05,SESSAO ORDINARIA
24,659,2024-09-12,SESSAO ORDINARIA
24,663,2024-09-19,SESSAO ORDINARIA
24,667,2024-09-26,SESSAO ORDINARIA
24,671,2024-10-02,SESSAO ORDINARIA
24,672,2024-10-03,SESSAO ORDINARIA
24,676,2024-10-10,SESSAO ORDINARIA
24,679,2024-10-17,SESSAO ORDINARIA
24,683,2024-10-24,SESSAO ORDINARIA
24,688,2024-10-31,SESSAO ORDINARIA
24,692,2024-11-07,SESSAO ORDINARIA
24,1694,2024-11-14,SESSAO ORDINARIA
24,1701,2024-11-28,SESSAO ORDINARIA
24,1716,2025-02-13,ORDINARIA
24,1721,2025-02-20,ORDINARIA
24,1727,2025-02-27,ORDINARIA
24,1730,2025-03-06,ORDINARIA
24,1739,2025-03-13,ORDINARIA
24,1740,2025-03-18,EXTRAORDINARIA
24,1757,2025-03-27,ORDINARIA
24,1763,2025-04-03,ORDINARIA
24,1765,2025-04-03,ORDINARIA
24,1775,2025-04-10,ORDINARIA
24,1776,2025-04-10,ORDINARIA
24,1785,2025-04-22,ORDINARIA
24,1786,2025-04-23,ORDINARIA
24,1788,2025-04-24,ORDINARIA
24,1789,2025-04-24,ORDINARIA
24,1798,2025-05-08,ORDINARIA
24,1799,2025-05-08,ORDINARIA
24,1819,2025-05-22,ORDINARIA
24,1829,2025-05-29,ORDINARIA
24,1830,2025-05-29,ORDINARIA
24,1838,2025-06-05,ORDINARIA
24,1846,2025-06-12,ORDINARIA
24,1847,2025-06-12,ORDINARIA
24,1862,2025-06-25,ORDINARIA
24,1864,2025-06-26,ORDINARIA
24,1865,2025-06-26,ORDINARIA
24,1875,2025-08-07,ORDINARIA
24,1884,2025-08-14,ORDINARIA
24,1885,2025-08-14,ORDINARIA
24,1897,2025-08-21,SOLENE
24,1899,2025-08-22,SOLENE
24,1906,2025-08-28,ORDINARIA
24,1907,2025-08-28,ORDINARIA
24,1914,2025-09-04,ORDINARIA
24,1915,2025-09-04,ORDINARIA
24,1919,2025-09-11,ORDINARIA
24,1920,2025-09-11,ORDINARIA
24,1932,2025-09-18,ORDINARIA
24,1933,2025-09-18,ORDINARIA
24,1944,2025-09-25,ORDINARIA
24,1945,2025-09-25,ORDINARIA
24,1954,2025-10-01,ORDINARIA
24,1956,2025-10-02,ORDINARIA
24,1967,2025-10-09,ORDINARIA
24,1968,2025-10-09,ORDINARIA
24,1979,2025-10-16,ORDINARIA
24,1988,2025-10-22,ORDINARIA
24,1990,2025-10-23,ORDINARIA
24,1994,2025-10-30,ORDINARIA
24,1995,2025-10-30,ORDINARIA
24,2006,2025-11-06,ORDINARIA
24,2015,2025-11-11,EXTRAORDINARIA
24,2020,2025-11-13,ORDINARIA
24,2039,2025-11-27,ORDINARIA
24,2040,2025-11-27,ORDINARIA
24,2053,2025-12-04,ORDINARIA
24,2065,2025-12-15,ORDINARIA
24,2072,2026-02-05,ORDINARIA
24,2081,2026-02-12,ORDINARIA
24,2082,2026-02-19,ORDINARIA
24,2088,2026-02-26,ORDINARIA
24,2096,2026-03-05,SOLENE
24,2107,2026-04-08,EXTRAORDINARIA
24,2109,2026-04-09,ORDINARIA
24,2116,2026-04-16,ORDINARIA
24,2119,2026-04-23,ORDINARIA
24,2127,2026-03-18,ORDINARIA
24,2131,2026-03-19,ORDINARIA
24,2141,2026-03-26,ORDINARIA
24,2145,2026-04-30,ORDINARIA
24,2152,2026-05-07,ORDINARIA
24,2163,2026-05-14,ORDINARIA
24,2176,2026-03-12,ORDINARIA
24,2188,2026-05-21,ORDINARIA
24,2193,2026-05-28,ORDINARIA
24,2199,2026-06-02,ORDINARIA
24,2205,2026-06-11,ORDINARIA
24,2229,2026-08-06,ORDINARIA
24,2239,2026-06-18,ORDINARIA
24,2245,2026-08-13,ORDINARIA
24,2255,2026-08-20,ORDINARIA
25,7,2020-02-11,SESSAO EXTRAORDINARIA
25,16,2020-03-05,SESSAO ORDINARIA
25,36,2020-04-01,SESSAO EXTRAORDINARIA
25,57,2020-05-20,SESSAO EXTRAORDINARIA
25,99,2020-09-29,SESSAO EXTRAORDINARIA
25,106,2020-10-14,SESSAO EXTRAORDINARIA
25,113,2020-10-28,SESSAO EXTRAORDINARIA
25,118,2020-11-10,SESSAO EXTRAORDINARIA
25,136,2021-02-02,SESSAO PREPARATORIA
25,141,2021-02-23,SESSAO EXTRAORDINARIA
25,146,2021-03-09,SESSAO EXTRAORDINARIA
25,163,2021-04-27,SESSAO EXTRAORDINARIA
25,164,2021-04-27,SESSAO EXTRAORDINARIA
25,175,2021-05-25,SESSAO EXTRAORDINARIA
25,176,2021-05-26,SESSAO EXTRAORDINARIA
25,183,2021-06-15,SESSAO EXTRAORDINARIA
25,184,2021-06-16,SESSAO EXTRAORDINARIA
25,189,2021-06-29,SESSAO EXTRAORDINARIA
25,193,2021-08-04,SESSAO EXTRAORDINARIA
25,194,2021-08-05,SESSAO ORDINARIA
25,195,2021-08-05,SESSAO ORDINARIA
25,200,2021-08-17,SESSAO ORDINARIA
25,201,2021-08-17,SESSAO EXTRAORDINARIA
25,202,2021-08-17,SESSAO EXTRAORDINARIA
25,207,2021-08-26,SESSAO ORDINARIA
25,209,2021-08-31,SESSAO EXTRAORDINARIA
25,210,2021-08-31,SESSAO EXTRAORDINARIA
25,211,2021-09-01,SESSAO ORDINARIA
25,212,2021-09-02,SESSAO ORDINARIA
25,214,2021-09-09,SESSAO ORDINARIA
25,216,2021-09-15,SESSAO ORDINARIA
25,217,2021-09-15,SESSAO EXTRAORDINARIA
25,218,2021-09-16,SESSAO ORDINARIA
25,219,2021-09-21,SESSAO ORDINARIA
25,220,2021-09-21,SESSAO EXTRAORDINARIA
25,221,2021-09-22,SESSAO ORDINARIA
25,222,2021-09-23,SESSAO ORDINARIA
25,227,2021-10-05,SESSAO EXTRAORDINARIA
25,230,2021-10-06,SESSAO EXTRAORDINARIA
25,231,2021-10-07,SESSAO ORDINARIA
25,233,2021-10-14,SESSAO ORDINARIA
25,236,2021-10-20,SESSAO EXTRAORDINARIA
25,237,2021-10-21,SESSAO ORDINARIA
25,240,2021-10-28,SESSAO ORDINARIA
25,244,2021-11-04,SESSAO ORDINARIA
25,248,2021-11-10,SESSAO EXTRAORDINARIA
25,256,2021-11-25,SESSAO ORDINARIA
25,257,2021-12-01,SESSAO ORDINARIA
25,258,2021-12-01,SESSAO EXTRAORDINARIA
25,259,2021-12-02,SESSAO EXTRAORDINARIA
25,260,2021-12-02,SESSAO ORDINARIA
25,262,2021-12-07,SESSAO EXTRAORDINARIA
25,264,2021-12-08,SESSAO EXTRAORDINARIA
25,265,2021-12-09,SESSAO ORDINARIA
25,266,2021-12-09,SESSAO EXTRAORDINARIA
25,268,2021-12-14,SESSAO ORDINARIA
25,272,2021-12-15,SESSAO ORDINARIA
25,276,2022-02-08,SESSAO EXTRAORDINARIA
25,277,2022-02-08,SESSAO EXTRAORDINARIA
25,280,2022-02-15,SESSAO ORDINARIA
25,281,2022-02-15,SESSAO EXTRAORDINARIA
25,282,2022-02-16,SESSAO ORDINARIA
25,283,2022-02-16,SESSAO EXTRAORDINARIA
25,284,2022-02-17,SESSAO ORDINARIA
25,294,2022-03-10,SESSAO ORDINARIA
25,295,2022-03-15,SESSAO EXTRAORDINARIA
25,298,2022-03-16,SESSAO ORDINARIA
25,299,2022-03-17,SESSAO ORDINARIA
25,303,2022-03-24,SESSAO ORDINARIA
25,314,2022-04-06,SESSAO ORDINARIA
25,316,2022-05-10,SESSAO EXTRAORDINARIA
25,319,2022-04-13,SESSAO ORDINARIA
25,323,2022-04-27,SESSAO ORDINARIA
25,324,2022-04-28,SESSAO ORDINARIA
25,328,2022-05-10,SESSAO ORDINARIA
25,330,2022-05-17,SESSAO EXTRAORDINARIA
25,332,2022-06-07,SESSAO EXTRAORDINARIA
25,336,2022-05-19,SESSAO ORDINARIA
25,338,2022-05-25,SESSAO ORDINARIA
25,343,2022-06-07,SESSAO ORDINARIA
25,345,2022-06-21,SESSAO EXTRAORDINARIA
25,346,2022-06-09,SESSAO ORDINARIA
25,350,2022-06-22,SESSAO ORDINARIA
25,357,2022-08-02,SESSAO ORDINARIA
25,358,2022-08-30,SESSAO EXTRAORDINARIA
25,359,2022-08-03,SESSAO ORDINARIA
25,360,2022-08-04,SESSAO ORDINARIA
25,361,2022-08-09,SESSAO ORDINARIA
25,362,2022-08-10,SESSAO ORDINARIA
25,363,2022-08-11,SESSAO ORDINARIA
25,366,2022-08-18,SESSAO ORDINARIA
25,367,2022-08-23,SESSAO ORDINARIA
25,368,2022-08-24,SESSAO ORDINARIA
25,369,2022-08-25,SESSAO ORDINARIA
25,370,2022-08-30,SESSAO ORDINARIA
25,373,2022-09-01,SESSAO ORDINARIA
25,383,2022-09-28,SESSAO ORDINARIA
25,384,2022-09-29,SESSAO ORDINARIA
25,386,2022-10-05,SESSAO ORDINARIA
25,387,2022-10-06,SESSAO ORDINARIA
25,388,2022-10-11,SESSAO ORDINARIA
25,389,2022-10-13,SESSAO ORDINARIA
25,390,2022-10-18,SESSAO ORDINARIA
25,391,2022-10-19,SESSAO ORDINARIA
25,392,2022-10-20,SESSAO ORDINARIA
25,397,2022-11-03,SESSAO ORDINARIA
25,403,2022-12-06,SESSAO EXTRAORDINARIA
25,409,2022-12-01,SESSAO ORDINARIA
25,413,2022-12-08,SESSAO ORDINARIA
25,416,2022-12-14,SESSAO ORDINARIA
25,417,2022-12-15,SESSAO ORDINARIA
25,422,2023-02-14,SESSAO EXTRAORDINARIA
25,435,2023-03-09,SESSAO ORDINARIA
25,441,2023-03-23,SESSAO ORDINARIA
25,443,2023-04-04,SESSAO EXTRAORDINARIA
25,448,2023-04-05,SESSAO ORDINARIA
25,452,2023-04-13,SESSAO ORDINARIA
25,459,2023-05-02,SESSAO ORDINARIA
25,460,2023-05-03,SESSAO ORDINARIA
25,464,2023-05-10,SESSAO ORDINARIA
25,466,2023-05-16,SESSAO EXTRAORDINARIA
25,468,2023-05-17,SESSAO ORDINARIA
25,472,2023-05-25,SESSAO ORDINARIA
25,478,2023-06-07,SESSAO ORDINARIA
25,479,2023-06-13,SESSAO ORDINARIA
25,481,2023-06-20,SESSAO EXTRAORDINARIA
25,482,2023-06-20,SESSAO ORDINARIA
25,483,2023-06-21,SESSAO ORDINARIA
25,484,2023-06-22,SESSAO ORDINARIA
25,485,2023-06-27,SESSAO EXTRAORDINARIA
25,495,2023-08-16,SESSAO ORDINARIA
25,499,2023-08-24,SESSAO ORDINARIA
25,501,2023-08-29,SESSAO EXTRAORDINARIA
25,502,2023-08-29,SESSAO EXTRAORDINARIA
25,510,2023-09-20,SESSAO ORDINARIA
25,511,2023-09-21,SESSAO ORDINARIA
25,523,2023-10-17,SESSAO EXTRAORDINARIA
25,524,2023-10-17,SESSAO ORDINARIA
25,525,2023-10-18,SESSAO ORDINARIA
25,526,2023-10-19,SESSAO ORDINARIA
25,536,2023-11-09,SESSAO ORDINARIA
25,539,2023-11-16,SESSAO ORDINARIA
25,540,2023-11-21,SESSAO ORDINARIA
25,541,2023-11-21,SESSAO EXTRAORDINARIA
25,542,2023-11-21,SESSAO EXTRAORDINARIA
25,545,2023-11-28,SESSAO EXTRAORDINARIA
25,555,2023-12-13,SESSAO EXTRAORDINARIA
25,556,2023-12-13,SESSAO EXTRAORDINARIA
25,578,2024-03-07,SESSAO ORDINARIA
25,584,2024-03-21,SESSAO ORDINARIA
25,585,2024-03-26,SESSAO EXTRAORDINARIA
25,586,2024-03-26,SESSAO ORDINARIA
25,592,2024-04-23,SESSAO ORDINARIA
25,593,2024-04-09,SESSAO EXTRAORDINARIA
25,594,2024-04-09,SESSAO ORDINARIA
25,595,2024-04-10,SESSAO ORDINARIA
25,596,2024-04-09,SESSAO EXTRAORDINARIA
25,597,2024-04-11,SESSAO ORDINARIA
25,598,2024-04-23,SESSAO EXTRAORDINARIA
25,599,2024-05-07,SESSAO EXTRAORDINARIA
25,600,2024-04-16,SESSAO ORDINARIA
25,601,2024-04-17,SESSAO ORDINARIA
25,602,2024-04-18,SESSAO ORDINARIA
25,603,2024-04-24,SESSAO ORDINARIA
25,604,2024-04-25,SESSAO ORDINARIA
25,605,2024-05-21,SESSAO EXTRAORDINARIA
25,606,2024-04-30,SESSAO ORDINARIA
25,607,2024-05-02,SESSAO ORDINARIA
25,608,2024-05-07,SESSAO ORDINARIA
25,613,2024-05-15,SESSAO ORDINARIA
25,614,2024-05-16,SESSAO ORDINARIA
25,616,2024-05-22,SESSAO ORDINARIA
25,617,2024-05-23,SESSAO ORDINARIA
25,619,2024-06-04,SESSAO EXTRAORDINARIA
25,620,2024-05-29,SESSAO ORDINARIA
25,621,2024-06-04,SESSAO EXTRAORDINARIA
25,623,2024-06-05,SESSAO ORDINARIA
25,626,2024-06-06,SESSAO ORDINARIA
25,629,2024-06-13,SESSAO ORDINARIA
25,637,2024-08-01,SESSAO ORDINARIA
25,638,2024-08-06,SESSAO ORDINARIA
25,639,2024-08-07,SESSAO EXTRAORDINARIA
25,640,2024-08-07,SESSAO EXTRAORDINARIA
25,641,2024-08-07,SESSAO ORDINARIA
25,642,2024-08-07,SESSAO EXTRAORDINARIA
25,643,2024-08-08,SESSAO ORDINARIA
25,651,2024-08-29,SESSAO ORDINARIA
25,652,2024-09-03,SESSAO EXTRAORDINARIA
25,653,2024-09-03,SESSAO ORDINARIA
25,654,2024-09-04,SESSAO ORDINARIA
25,655,2024-09-05,SESSAO ORDINARIA
25,659,2024-09-12,SESSAO ORDINARIA
25,662,2024-09-18,SESSAO ORDINARIA
25,663,2024-09-19,SESSAO ORDINARIA
25,664,2024-09-24,SESSAO EXTRAORDINARIA
25,665,2024-09-24,SESSAO ORDINARIA
25,666,2024-09-25,SESSAO ORDINARIA
25,667,2024-09-26,SESSAO ORDINARIA
25,668,2024-08-27,SESSAO EXTRAORDINARIA
25,671,2024-10-02,SESSAO ORDINARIA
25,673,2024-10-08,SESSAO EXTRAORDINARIA
25,676,2024-10-10,SESSAO ORDINARIA
25,679,2024-10-17,SESSAO ORDINARIA
25,683,2024-10-24,SESSAO ORDINARIA
25,684,2024-10-29,SESSAO EXTRAORDINARIA
25,689,2024-11-05,SESSAO ORDINARIA
25,690,2024-11-05,SESSAO EXTRAORDINARIA
25,692,2024-11-07,SESSAO ORDINARIA
25,1694,2024-11-14,SESSAO ORDINARIA
25,1696,2024-11-26,SESSAO EXTRAORDINARIA
25,1698,2024-11-26,SESSAO EXTRAORDINARIA
25,1701,2024-11-28,SESSAO ORDINARIA
25,1704,2024-12-04,SESSAO EXTRAORDINARIA
25,1716,2025-02-13,ORDINARIA
25,1721,2025-02-20,ORDINARIA
25,1727,2025-02-27,ORDINARIA
25,1730,2025-03-06,ORDINARIA
25,1739,2025-03-13,ORDINARIA
25,1740,2025-03-18,EXTRAORDINARIA
25,1742,2025-03-18,EXTRAORDINARIA
25,1743,2025-03-18,EXTRAORDINARIA
25,1746,2025-03-20,ORDINARIA
25,1754,2025-03-25,EXTRAORDINARIA
25,1756,2025-04-02,EXTRAORDINARIA
25,1757,2025-03-27,ORDINARIA
25,1759,2025-04-01,ORDINARIA
25,1762,2025-04-02,ORDINARIA
25,1763,2025-04-03,ORDINARIA
25,1765,2025-04-03,ORDINARIA
25,1775,2025-04-10,ORDINARIA
25,1776,2025-04-10,ORDINARIA
25,1783,2025-04-16,ORDINARIA
25,1788,2025-04-24,ORDINARIA
25,1789,2025-04-24,ORDINARIA
25,1798,2025-05-08,ORDINARIA
25,1799,2025-05-08,ORDINARIA
25,1819,2025-05-22,ORDINARIA
25,1827,2025-05-28,ORDINARIA
25,1829,2025-05-29,ORDINARIA
25,1830,2025-05-29,ORDINARIA
25,1834,2025-06-17,EXTRAORDINARIA
25,1838,2025-06-05,ORDINARIA
25,1842,2025-06-10,ORDINARIA
25,1844,2025-06-11,ORDINARIA
25,1846,2025-06-12,ORDINARIA
25,1847,2025-06-12,ORDINARIA
25,1848,2025-06-17,ORDINARIA
25,1851,2025-06-17,EXTRAORDINARIA
25,1854,2025-06-18,ORDINARIA
25,1856,2025-06-24,ORDINARIA
25,1858,2025-06-24,EXTRAORDINARIA
25,1862,2025-06-25,ORDINARIA
25,1864,2025-06-26,ORDINARIA
25,1865,2025-06-26,ORDINARIA
25,1875,2025-08-07,ORDINARIA
25,1884,2025-08-14,ORDINARIA
25,1885,2025-08-14,ORDINARIA
25,1895,2025-08-20,ORDINARIA
25,1896,2025-08-26,EXTRAORDINARIA
25,1897,2025-08-21,SOLENE
25,1899,2025-08-22,SOLENE
25,1904,2025-08-27,ORDINARIA
25,1906,2025-08-28,ORDINARIA
25,1907,2025-08-28,ORDINARIA
25,1914,2025-09-04,ORDINARIA
25,1915,2025-09-04,ORDINARIA
25,1919,2025-09-11,ORDINARIA
25,1920,2025-09-11,ORDINARIA
25,1927,2025-09-16,ORDINARIA
25,1928,2025-09-16,EXTRAORDINARIA
25,1930,2025-09-17,ORDINARIA
25,1932,2025-09-18,ORDINARIA
25,1933,2025-09-18,ORDINARIA
25,1944,2025-09-25,ORDINARIA
25,1945,2025-09-25,ORDINARIA
25,1954,2025-10-01,ORDINARIA
25,1956,2025-10-02,ORDINARIA
25,1967,2025-10-09,ORDINARIA
25,1968,2025-10-09,ORDINARIA
25,1979,2025-10-16,ORDINARIA
25,1989,2025-11-04,EXTRAORDINARIA
25,1990,2025-10-23,ORDINARIA
25,1994,2025-10-30,ORDINARIA
25,1995,2025-10-30,ORDINARIA
25,2006,2025-11-06,ORDINARIA
25,2018,2025-11-12,ORDINARIA
25,2020,2025-11-13,ORDINARIA
25,2027,2025-11-18,ORDINARIA
25,2030,2025-11-19,ORDINARIA
25,2035,2025-11-26,EXTRAORDINARIA
25,2038,2025-11-26,EXTRAORDINARIA
25,2039,2025-11-27,ORDINARIA
25,2040,2025-11-27,ORDINARIA
25,2053,2025-12-04,ORDINARIA
25,2065,2025-12-15,ORDINARIA
25,2072,2026-02-05,ORDINARIA
25,2078,2026-02-11,ORDINARIA
25,2081,2026-02-12,ORDINARIA
25,2088,2026-02-26,ORDINARIA
25,2103,2026-04-01,ORDINARIA
25,2109,2026-04-09,ORDINARIA
25,2113,2026-04-14,EXTRAORDINARIA
25,2115,2026-04-29,EXTRAORDINARIA
25,2116,2026-04-16,ORDINARIA
25,2119,2026-04-23,ORDINARIA
25,2122,2026-04-28,ORDINARIA
25,2131,2026-03-19,ORDINARIA
25,2141,2026-03-26,ORDINARIA
25,2145,2026-04-30,ORDINARIA
25,2149,2026-05-12,EXTRAORDINARIA
25,2152,2026-05-07,ORDINARIA
25,2163,2026-05-14,ORDINARIA
25,2170,2026-05-19,ORDINARIA
25,2176,2026-03-12,ORDINARIA
25,2183,2026-05-19,EXTRAORDINARIA
25,2185,2026-05-20,ORDINARIA
25,2186,2026-06-09,EXTRAORDINARIA
25,2188,2026-05-21,ORDINARIA
25,2191,2026-05-26,ORDINARIA
25,2192,2026-05-27,ORDINARIA
25,2193,2026-05-28,ORDINARIA
25,2200,2026-06-03,ORDINARIA
25,2203,2026-06-09,ORDINARIA
25,2205,2026-06-11,ORDINARIA
25,2213,2026-06-23,ORDINARIA
25,2218,2026-06-30,ORDINARIA
25,2219,2026-06-30,EXTRAORDINARIA
25,2220,2026-06-30,EXTRAORDINARIA
25,2225,2026-08-04,ORDINARIA
25,2228,2026-08-05,ORDINARIA
25,2229,2026-08-06,ORDINARIA
25,2235,2026-06-30,EXTRAORDINARIA
25,2239,2026-06-18,ORDINARIA
25,2241,2026-08-11,ORDINARIA
25,2244,2026-08-12,ORDINARIA
25,2245,2026-08-13,ORDINARIA
25,2253,2026-08-19,ORDINARIA
25,2255,2026-08-20,ORDINARIA
26,13,2020-02-27,SESSAO ORDINARIA
26,16,2020-03-05,SESSAO ORDINARIA
26,36,2020-04-01,SESSAO EXTRAORDINARIA
26,62,2020-06-02,SESSAO EXTRAORDINARIA
26,64,2020-06-10,SESSAO EXTRAORDINARIA
26,65,2020-06-10,SESSAO EXTRAORDINARIA
26,66,2020-06-10,SESSAO EXTRAORDINARIA
26,67,2020-06-16,SESSAO EXTRAORDINARIA
26,68,2020-06-16,SESSAO EXTRAORDINARIA
26,70,2020-06-17,SESSAO EXTRAORDINARIA
26,78,2020-08-05,SESSAO EXTRAORDINARIA
26,81,2020-08-12,SESSAO EXTRAORDINARIA
26,100,2020-09-30,SESSAO EXTRAORDINARIA
26,103,2020-10-07,SESSAO EXTRAORDINARIA
26,104,2020-10-13,SESSAO EXTRAORDINARIA
26,106,2020-10-14,SESSAO EXTRAORDINARIA
26,107,2020-10-15,SESSAO EXTRAORDINARIA
26,108,2020-10-20,SESSAO EXTRAORDINARIA
26,109,2020-10-21,SESSAO EXTRAORDINARIA
26,110,2020-10-21,SESSAO EXTRAORDINARIA
26,116,2020-11-04,SESSAO EXTRAORDINARIA
26,118,2020-11-10,SESSAO EXTRAORDINARIA
26,119,2020-11-11,SESSAO EXTRAORDINARIA
26,120,2020-11-17,SESSAO EXTRAORDINARIA
26,121,2020-11-17,SESSAO EXTRAORDINARIA
26,123,2020-11-24,SESSAO EXTRAORDINARIA
26,128,2020-12-02,SESSAO EXTRAORDINARIA
26,131,2020-12-09,SESSAO EXTRAORDINARIA
26,139,2021-02-10,SESSAO EXTRAORDINARIA
26,142,2021-02-24,SESSAO EXTRAORDINARIA
26,154,2021-03-31,SESSAO EXTRAORDINARIA
26,161,2021-04-20,SESSAO EXTRAORDINARIA
26,167,2021-05-05,SESSAO EXTRAORDINARIA
26,171,2021-05-18,SESSAO EXTRAORDINARIA
26,172,2021-05-19,SESSAO EXTRAORDINARIA
26,173,2021-05-19,SESSAO EXTRAORDINARIA
26,184,2021-06-16,SESSAO EXTRAORDINARIA
26,187,2021-06-23,SESSAO EXTRAORDINARIA
26,190,2021-08-03,SESSAO ORDINARIA
26,192,2021-08-04,SESSAO ORDINARIA
26,193,2021-08-04,SESSAO EXTRAORDINARIA
26,194,2021-08-05,SESSAO ORDINARIA
26,195,2021-08-05,SESSAO ORDINARIA
26,196,2021-08-10,SESSAO ORDINARIA
26,197,2021-08-10,SESSAO EXTRAORDINARIA
26,198,2021-08-11,SESSAO ORDINARIA
26,199,2021-08-12,SESSAO ORDINARIA
26,200,2021-08-17,SESSAO ORDINARIA
26,201,2021-08-17,SESSAO EXTRAORDINARIA
26,202,2021-08-17,SESSAO EXTRAORDINARIA
26,203,2021-08-18,SESSAO ORDINARIA
26,204,2021-08-19,SESSAO ORDINARIA
26,205,2021-08-24,SESSAO ORDINARIA
26,206,2021-08-25,SESSAO ORDINARIA
26,207,2021-08-26,SESSAO ORDINARIA
26,208,2021-08-31,SESSAO ORDINARIA
26,209,2021-08-31,SESSAO EXTRAORDINARIA
26,210,2021-08-31,SESSAO EXTRAORDINARIA
26,211,2021-09-01,SESSAO ORDINARIA
26,212,2021-09-02,SESSAO ORDINARIA
26,214,2021-09-09,SESSAO ORDINARIA
26,218,2021-09-16,SESSAO ORDINARIA
26,221,2021-09-22,SESSAO ORDINARIA
26,222,2021-09-23,SESSAO ORDINARIA
26,223,2021-09-28,SESSAO ORDINARIA
26,224,2021-09-29,SESSAO ORDINARIA
26,225,2021-09-30,SESSAO ORDINARIA
26,231,2021-10-07,SESSAO ORDINARIA
26,236,2021-10-20,SESSAO EXTRAORDINARIA
26,237,2021-10-21,SESSAO ORDINARIA
26,240,2021-10-28,SESSAO ORDINARIA
26,244,2021-11-04,SESSAO ORDINARIA
26,249,2021-11-11,SESSAO ORDINARIA
26,250,2021-11-16,SESSAO ORDINARIA
26,251,2021-11-17,SESSAO ORDINARIA
26,252,2021-11-18,SESSAO ORDINARIA
26,255,2021-11-24,SESSAO ORDINARIA
26,257,2021-12-01,SESSAO ORDINARIA
26,258,2021-12-01,SESSAO EXTRAORDINARIA
26,259,2021-12-02,SESSAO EXTRAORDINARIA
26,260,2021-12-02,SESSAO ORDINARIA
26,262,2021-12-07,SESSAO EXTRAORDINARIA
26,266,2021-12-09,SESSAO EXTRAORDINARIA
26,268,2021-12-14,SESSAO ORDINARIA
26,272,2021-12-15,SESSAO ORDINARIA
26,273,2022-02-02,SESSAO ORDINARIA
26,274,2022-02-03,SESSAO ORDINARIA
26,275,2022-02-08,SESSAO ORDINARIA
26,276,2022-02-08,SESSAO EXTRAORDINARIA
26,277,2022-02-08,SESSAO EXTRAORDINARIA
26,278,2022-02-09,SESSAO ORDINARIA
26,279,2022-02-10,SESSAO ORDINARIA
26,282,2022-02-16,SESSAO ORDINARIA
26,284,2022-02-17,SESSAO ORDINARIA
26,289,2022-02-24,SESSAO ORDINARIA
26,294,2022-03-10,SESSAO ORDINARIA
26,297,2022-03-15,SESSAO ORDINARIA
26,299,2022-03-17,SESSAO ORDINARIA
26,303,2022-03-24,SESSAO ORDINARIA
26,307,2022-03-31,SESSAO EXTRAORDINARIA
26,313,2022-04-12,SESSAO EXTRAORDINARIA
26,314,2022-04-06,SESSAO ORDINARIA
26,315,2022-04-12,SESSAO EXTRAORDINARIA
26,316,2022-05-10,SESSAO EXTRAORDINARIA
26,317,2022-04-07,SESSAO ORDINARIA
26,319,2022-04-13,SESSAO ORDINARIA
26,323,2022-04-27,SESSAO ORDINARIA
26,324,2022-04-28,SESSAO ORDINARIA
26,326,2022-05-04,SESSAO ORDINARIA
26,327,2022-05-05,SESSAO ORDINARIA
26,329,2022-05-11,SESSAO ORDINARIA
26,331,2022-05-12,SESSAO ORDINARIA
26,333,2022-05-12,SESSAO ORDINARIA
26,335,2022-05-18,SESSAO ORDINARIA
26,336,2022-05-19,SESSAO ORDINARIA
26,338,2022-05-25,SESSAO ORDINARIA
26,339,2022-05-26,SESSAO ORDINARIA
26,341,2022-06-01,SESSAO ORDINARIA
26,342,2022-06-02,SESSAO ORDINARIA
26,344,2022-06-08,SESSAO ORDINARIA
26,346,2022-06-09,SESSAO ORDINARIA
26,348,2022-06-15,SESSAO ORDINARIA
26,351,2022-06-23,SESSAO ORDINARIA
26,356,2022-06-30,SESSAO ORDINARIA
26,357,2022-08-02,SESSAO ORDINARIA
26,358,2022-08-30,SESSAO EXTRAORDINARIA
26,359,2022-08-03,SESSAO ORDINARIA
26,360,2022-08-04,SESSAO ORDINARIA
26,362,2022-08-10,SESSAO ORDINARIA
26,363,2022-08-11,SESSAO ORDINARIA
26,365,2022-08-17,SESSAO ORDINARIA
26,366,2022-08-18,SESSAO ORDINARIA
26,369,2022-08-25,SESSAO ORDINARIA
26,371,2022-08-31,SESSAO ORDINARIA
26,372,2022-09-13,SESSAO EXTRAORDINARIA
26,373,2022-09-01,SESSAO ORDINARIA
26,374,2022-09-08,SESSAO ORDINARIA
26,375,2022-09-13,SESSAO ORDINARIA
26,376,2022-09-14,SESSAO ORDINARIA
26,379,2022-10-25,SESSAO EXTRAORDINARIA
26,380,2022-09-21,SESSAO ORDINARIA
26,381,2022-09-22,SESSAO ORDINARIA
26,382,2022-09-27,SESSAO ORDINARIA
26,383,2022-09-28,SESSAO ORDINARIA
26,384,2022-09-29,SESSAO ORDINARIA
26,386,2022-10-05,SESSAO ORDINARIA
26,387,2022-10-06,SESSAO ORDINARIA
26,388,2022-10-11,SESSAO ORDINARIA
26,389,2022-10-13,SESSAO ORDINARIA
26,390,2022-10-18,SESSAO ORDINARIA
26,391,2022-10-19,SESSAO ORDINARIA
26,392,2022-10-20,SESSAO ORDINARIA
26,393,2022-10-25,SESSAO ORDINARIA
26,394,2022-10-25,SESSAO EXTRAORDINARIA
26,395,2022-10-26,SESSAO ORDINARIA
26,396,2022-10-27,SESSAO ORDINARIA
26,397,2022-11-03,SESSAO ORDINARIA
26,400,2022-11-09,SESSAO ORDINARIA
26,401,2022-11-22,SESSAO EXTRAORDINARIA
26,402,2022-11-10,SESSAO ORDINARIA
26,404,2022-11-16,SESSAO ORDINARIA
26,406,2022-11-22,SESSAO ORDINARIA
26,407,2022-11-23,SESSAO ORDINARIA
26,409,2022-12-01,SESSAO ORDINARIA
26,413,2022-12-08,SESSAO ORDINARIA
26,415,2022-12-13,SESSAO EXTRAORDINARIA
26,416,2022-12-14,SESSAO ORDINARIA
26,417,2022-12-15,SESSAO ORDINARIA
26,422,2023-02-14,SESSAO EXTRAORDINARIA
26,423,2023-02-09,SESSAO ORDINARIA
26,424,2023-02-16,SESSAO EXTRAORDINARIA
26,427,2023-02-16,SESSAO ORDINARIA
26,428,2023-02-23,SESSAO ORDINARIA
26,431,2023-03-21,SESSAO EXTRAORDINARIA
26,432,2023-03-02,SESSAO ORDINARIA
26,435,2023-03-09,SESSAO ORDINARIA
26,436,2023-03-14,SESSAO ORDINARIA
26,437,2023-03-15,SESSAO ORDINARIA
26,438,2023-03-16,SESSAO ORDINARIA
26,440,2023-03-22,SESSAO ORDINARIA
26,441,2023-03-23,SESSAO ORDINARIA
26,442,2023-03-21,SESSAO EXTRAORDINARIA
26,446,2023-03-30,SESSAO ORDINARIA
26,448,2023-04-05,SESSAO ORDINARIA
26,451,2023-04-12,SESSAO ORDINARIA
26,452,2023-04-13,SESSAO ORDINARIA
26,454,2023-04-19,SESSAO ORDINARIA
26,455,2023-04-20,SESSAO ORDINARIA
26,457,2023-04-26,SESSAO ORDINARIA
26,458,2023-04-27,SESSAO ORDINARIA
26,461,2023-05-04,SESSAO ORDINARIA
26,462,2023-05-09,SESSAO EXTRAORDINARIA
26,464,2023-05-10,SESSAO ORDINARIA
26,466,2023-05-16,SESSAO EXTRAORDINARIA
26,468,2023-05-17,SESSAO ORDINARIA
26,469,2023-05-18,SESSAO ORDINARIA
26,471,2023-05-24,SESSAO ORDINARIA
26,472,2023-05-25,SESSAO ORDINARIA
26,476,2023-06-01,SESSAO ORDINARIA
26,478,2023-06-07,SESSAO ORDINARIA
26,479,2023-06-13,SESSAO ORDINARIA
26,480,2023-06-14,SESSAO ORDINARIA
26,484,2023-06-22,SESSAO ORDINARIA
26,489,2023-08-03,SESSAO ORDINARIA
26,492,2023-08-10,SESSAO ORDINARIA
26,495,2023-08-16,SESSAO ORDINARIA
26,498,2023-08-23,SESSAO ORDINARIA
26,499,2023-08-24,SESSAO ORDINARIA
26,504,2023-08-31,SESSAO ORDINARIA
26,505,2023-09-05,SESSAO ORDINARIA
26,508,2023-09-19,SESSAO EXTRAORDINARIA
26,509,2023-09-19,SESSAO ORDINARIA
26,510,2023-09-20,SESSAO ORDINARIA
26,511,2023-09-21,SESSAO ORDINARIA
26,512,2023-09-26,SESSAO EXTRAORDINARIA
26,519,2023-10-05,SESSAO ORDINARIA
26,522,2023-10-11,SESSAO ORDINARIA
26,523,2023-10-17,SESSAO EXTRAORDINARIA
26,525,2023-10-18,SESSAO ORDINARIA
26,527,2023-10-24,SESSAO EXTRAORDINARIA
26,528,2023-10-24,SESSAO ORDINARIA
26,529,2023-10-25,SESSAO ORDINARIA
26,530,2023-10-31,SESSAO ORDINARIA
26,531,2023-10-31,SESSAO EXTRAORDINARIA
26,533,2023-11-07,SESSAO ORDINARIA
26,534,2023-11-07,SESSAO EXTRAORDINARIA
26,535,2023-11-08,SESSAO ORDINARIA
26,536,2023-11-09,SESSAO ORDINARIA
26,539,2023-11-16,SESSAO ORDINARIA
26,544,2023-11-23,SESSAO ORDINARIA
26,545,2023-11-28,SESSAO EXTRAORDINARIA
26,546,2023-11-28,SESSAO ORDINARIA
26,547,2023-11-28,SESSAO EXTRAORDINARIA
26,549,2023-12-05,SESSAO EXTRAORDINARIA
26,550,2023-12-06,SESSAO ORDINARIA
26,551,2023-12-07,SESSAO ORDINARIA
26,555,2023-12-13,SESSAO EXTRAORDINARIA
26,557,2024-02-01,SESSAO ORDINARIA
26,558,2024-02-01,SESSAO EXTRAORDINARIA
26,559,2024-02-01,SESSAO EXTRAORDINARIA
26,560,2024-02-06,SESSAO EXTRAORDINARIA
26,562,2024-02-07,SESSAO ORDINARIA
26,563,2024-02-08,SESSAO ORDINARIA
26,565,2024-02-20,SESSAO EXTRAORDINARIA
26,566,2024-02-20,SESSAO ORDINARIA
26,567,2024-02-21,SESSAO ORDINARIA
26,568,2024-02-22,SESSAO ORDINARIA
26,569,2024-02-27,SESSAO EXTRAORDINARIA
26,570,2024-02-27,SESSAO ORDINARIA
26,571,2024-02-27,SESSAO EXTRAORDINARIA
26,572,2024-02-27,SESSAO EXTRAORDINARIA
26,573,2024-02-28,SESSAO ORDINARIA
26,574,2024-02-29,SESSAO ORDINARIA
26,575,2024-03-05,SESSAO EXTRAORDINARIA
26,576,2024-03-05,SESSAO ORDINARIA
26,577,2024-03-06,SESSAO ORDINARIA
26,578,2024-03-07,SESSAO ORDINARIA
26,579,2024-03-13,SESSAO ORDINARIA
26,580,2024-03-14,SESSAO ORDINARIA
26,585,2024-03-26,SESSAO EXTRAORDINARIA
26,587,2024-03-27,SESSAO ORDINARIA
26,591,2024-04-04,SESSAO ORDINARIA
26,593,2024-04-09,SESSAO EXTRAORDINARIA
26,595,2024-04-10,SESSAO ORDINARIA
26,596,2024-04-09,SESSAO EXTRAORDINARIA
26,597,2024-04-11,SESSAO ORDINARIA
26,599,2024-05-07,SESSAO EXTRAORDINARIA
26,600,2024-04-16,SESSAO ORDINARIA
26,601,2024-04-17,SESSAO ORDINARIA
26,602,2024-04-18,SESSAO ORDINARIA
26,607,2024-05-02,SESSAO ORDINARIA
26,610,2024-05-09,SESSAO ORDINARIA
26,612,2024-05-14,SESSAO ORDINARIA
26,613,2024-05-15,SESSAO ORDINARIA
26,614,2024-05-16,SESSAO ORDINARIA
26,616,2024-05-22,SESSAO ORDINARIA
26,623,2024-06-05,SESSAO ORDINARIA
26,624,2024-06-11,SESSAO EXTRAORDINARIA
26,625,2024-06-18,SESSAO EXTRAORDINARIA
26,626,2024-06-06,SESSAO ORDINARIA
26,629,2024-06-13,SESSAO ORDINARIA
26,632,2024-06-20,SESSAO ORDINARIA
26,633,2024-06-18,SESSAO EXTRAORDINARIA
26,637,2024-08-01,SESSAO ORDINARIA
26,638,2024-08-06,SESSAO ORDINARIA
26,643,2024-08-08,SESSAO ORDINARIA
26,645,2024-08-15,SESSAO ORDINARIA
26,646,2024-08-14,SESSAO EXTRAORDINARIA
26,656,2024-09-10,SESSAO EXTRAORDINARIA
26,657,2024-09-10,SESSAO ORDINARIA
26,658,2024-09-11,SESSAO ORDINARIA
26,659,2024-09-12,SESSAO ORDINARIA
26,660,2024-09-17,SESSAO ORDINARIA
26,661,2024-09-17,SESSAO EXTRAORDINARIA
26,662,2024-09-18,SESSAO ORDINARIA
26,663,2024-09-19,SESSAO ORDINARIA
26,667,2024-09-26,SESSAO ORDINARIA
26,669,2024-10-01,SESSAO EXTRAORDINARIA
26,671,2024-10-02,SESSAO ORDINARIA
26,672,2024-10-03,SESSAO ORDINARIA
26,675,2024-10-09,SESSAO ORDINARIA
26,676,2024-10-10,SESSAO ORDINARIA
26,677,2024-10-15,SESSAO ORDINARIA
26,679,2024-10-17,SESSAO ORDINARIA
26,683,2024-10-24,SESSAO ORDINARIA
26,684,2024-10-29,SESSAO EXTRAORDINARIA
26,686,2024-10-30,SESSAO ORDINARIA
26,688,2024-10-31,SESSAO ORDINARIA
26,691,2024-11-06,SESSAO ORDINARIA
26,692,2024-11-07,SESSAO ORDINARIA
26,1694,2024-11-14,SESSAO ORDINARIA
26,1696,2024-11-26,SESSAO EXTRAORDINARIA
26,1697,2024-11-26,SESSAO ORDINARIA
26,1698,2024-11-26,SESSAO EXTRAORDINARIA
26,1701,2024-11-28,SESSAO ORDINARIA
26,1704,2024-12-04,SESSAO EXTRAORDINARIA
26,1709,2024-03-12,SESSAO EXTRAORDINARIA
26,1710,2024-03-12,SESSAO EXTRAORDINARIA
26,1711,2024-03-12,SESSAO ORDINARIA
26,1716,2025-02-13,ORDINARIA
26,1720,2025-02-25,ORDINARIA
26,1721,2025-02-20,ORDINARIA
26,1724,2025-02-26,ORDINARIA
26,1727,2025-02-27,ORDINARIA
26,1730,2025-03-06,ORDINARIA
26,1734,2025-03-11,EXTRAORDINARIA
26,1739,2025-03-13,ORDINARIA
26,1740,2025-03-18,EXTRAORDINARIA
26,1746,2025-03-20,ORDINARIA
26,1754,2025-03-25,EXTRAORDINARIA
26,1757,2025-03-27,ORDINARIA
26,1759,2025-04-01,ORDINARIA
26,1763,2025-04-03,ORDINARIA
26,1765,2025-04-03,ORDINARIA
26,1770,2025-04-08,EXTRAORDINARIA
26,1775,2025-04-10,ORDINARIA
26,1776,2025-04-10,ORDINARIA
26,1783,2025-04-16,ORDINARIA
26,1788,2025-04-24,ORDINARIA
26,1789,2025-04-24,ORDINARIA
26,1792,2025-04-30,ORDINARIA
26,1798,2025-05-08,ORDINARIA
26,1799,2025-05-08,ORDINARIA
26,1817,2025-05-21,ORDINARIA
26,1819,2025-05-22,ORDINARIA
26,1829,2025-05-29,ORDINARIA
26,1830,2025-05-29,ORDINARIA
26,1838,2025-06-05,ORDINARIA
26,1846,2025-06-12,ORDINARIA
26,1847,2025-06-12,ORDINARIA
26,1854,2025-06-18,ORDINARIA
26,1862,2025-06-25,ORDINARIA
26,1864,2025-06-26,ORDINARIA
26,1865,2025-06-26,ORDINARIA
26,1875,2025-08-07,ORDINARIA
26,1879,2025-08-12,ORDINARIA
26,1880,2025-08-12,EXTRAORDINARIA
26,1884,2025-08-14,ORDINARIA
26,1885,2025-08-14,ORDINARIA
26,1895,2025-08-20,ORDINARIA
26,1897,2025-08-21,SOLENE
26,1899,2025-08-22,SOLENE
26,1905,2025-09-09,EXTRAORDINARIA
26,1906,2025-08-28,ORDINARIA
26,1907,2025-08-28,ORDINARIA
26,1914,2025-09-04,ORDINARIA
26,1915,2025-09-04,ORDINARIA
26,1916,2025-09-09,ORDINARIA
26,1917,2025-09-10,ORDINARIA
26,1919,2025-09-11,ORDINARIA
26,1920,2025-09-11,ORDINARIA
26,1929,2025-09-23,EXTRAORDINARIA
26,1932,2025-09-18,ORDINARIA
26,1933,2025-09-18,ORDINARIA
26,1944,2025-09-25,ORDINARIA
26,1945,2025-09-25,ORDINARIA
26,1954,2025-10-01,ORDINARIA
26,1956,2025-10-02,ORDINARIA
26,1964,2025-10-08,EXTRAORDINARIA
26,1967,2025-10-09,ORDINARIA
26,1968,2025-10-09,ORDINARIA
26,1975,2025-10-15,EXTRAORDINARIA
26,1979,2025-10-16,ORDINARIA
26,1988,2025-10-22,ORDINARIA
26,1990,2025-10-23,ORDINARIA
26,1994,2025-10-30,ORDINARIA
26,1995,2025-10-30,ORDINARIA
26,2006,2025-11-06,ORDINARIA
26,2018,2025-11-12,ORDINARIA
26,2020,2025-11-13,ORDINARIA
26,2027,2025-11-18,ORDINARIA
26,2028,2025-11-25,EXTRAORDINARIA
26,2035,2025-11-26,EXTRAORDINARIA
26,2038,2025-11-26,EXTRAORDINARIA
26,2039,2025-11-27,ORDINARIA
26,2040,2025-11-27,ORDINARIA
26,2047,2025-12-03,EXTRAORDINARIA
26,2050,2025-12-03,ORDINARIA
26,2053,2025-12-04,ORDINARIA
26,2065,2025-12-15,ORDINARIA
26,2072,2026-02-05,ORDINARIA
26,2078,2026-02-11,ORDINARIA
26,2081,2026-02-12,ORDINARIA
26,2082,2026-02-19,ORDINARIA
26,2088,2026-02-26,ORDINARIA
26,2093,2026-03-04,ORDINARIA
26,2096,2026-03-05,SOLENE
26,2107,2026-04-08,EXTRAORDINARIA
26,2108,2026-04-08,ORDINARIA
26,2109,2026-04-09,ORDINARIA
26,2116,2026-04-16,ORDINARIA
26,2119,2026-04-23,ORDINARIA
26,2136,2026-03-24,ORDINARIA
26,2141,2026-03-26,ORDINARIA
26,2145,2026-04-30,ORDINARIA
26,2149,2026-05-12,EXTRAORDINARIA
26,2150,2026-05-06,ORDINARIA
26,2152,2026-05-07,ORDINARIA
26,2161,2026-05-13,ORDINARIA
26,2163,2026-05-14,ORDINARIA
26,2171,2026-03-10,ORDINARIA
26,2172,2026-03-17,EXTRAORDINARIA
26,2173,2026-03-11,ORDINARIA
26,2176,2026-03-12,ORDINARIA
26,2185,2026-05-20,ORDINARIA
26,2188,2026-05-21,ORDINARIA
26,2191,2026-05-26,ORDINARIA
26,2192,2026-05-27,ORDINARIA
26,2193,2026-05-28,ORDINARIA
26,2204,2026-06-10,ORDINARIA
26,2205,2026-06-11,ORDINARIA
26,2220,2026-06-30,EXTRAORDINARIA
26,2228,2026-08-05,ORDINARIA
26,2229,2026-08-06,ORDINARIA
26,2239,2026-06-18,ORDINARIA
26,2245,2026-08-13,ORDINARIA
26,2255,2026-08-20,ORDINARIA
27,5,2020-02-05,SESSAO ORDINARIA
27,7,2020-02-11,SESSAO EXTRAORDINARIA
27,9,2020-02-13,SESSAO ORDINARIA
27,12,2020-02-20,SESSAO ORDINARIA
27,13,2020-02-27,SESSAO ORDINARIA
27,15,2020-03-04,SESSAO ORDINARIA
27,16,2020-03-05,SESSAO ORDINARIA
27,20,2020-03-12,SESSAO ORDINARIA
27,43,2020-04-15,SESSAO EXTRAORDINARIA
27,53,2020-05-05,SESSAO EXTRAORDINARIA
27,55,2020-05-19,SESSAO EXTRAORDINARIA
27,59,2020-05-26,SESSAO EXTRAORDINARIA
27,60,2020-05-27,SESSAO EXTRAORDINARIA
27,61,2020-06-02,SESSAO EXTRAORDINARIA
27,62,2020-06-02,SESSAO EXTRAORDINARIA
27,65,2020-06-10,SESSAO EXTRAORDINARIA
27,66,2020-06-10,SESSAO EXTRAORDINARIA
27,68,2020-06-16,SESSAO EXTRAORDINARIA
27,74,2020-06-24,SESSAO EXTRAORDINARIA
27,77,2020-08-04,SESSAO EXTRAORDINARIA
27,78,2020-08-05,SESSAO EXTRAORDINARIA
27,79,2020-08-11,SESSAO EXTRAORDINARIA
27,80,2020-08-11,SESSAO EXTRAORDINARIA
27,81,2020-08-12,SESSAO EXTRAORDINARIA
27,82,2020-08-12,SESSAO EXTRAORDINARIA
27,85,2020-08-19,SESSAO EXTRAORDINARIA
27,86,2020-08-25,SESSAO EXTRAORDINARIA
27,87,2020-08-26,SESSAO EXTRAORDINARIA
27,88,2020-09-01,SESSAO EXTRAORDINARIA
27,97,2020-09-23,SESSAO EXTRAORDINARIA
27,99,2020-09-29,SESSAO EXTRAORDINARIA
27,103,2020-10-07,SESSAO EXTRAORDINARIA
27,106,2020-10-14,SESSAO EXTRAORDINARIA
27,108,2020-10-20,SESSAO EXTRAORDINARIA
27,109,2020-10-21,SESSAO EXTRAORDINARIA
27,110,2020-10-21,SESSAO EXTRAORDINARIA
27,111,2020-10-27,SESSAO EXTRAORDINARIA
27,112,2020-10-28,SESSAO EXTRAORDINARIA
27,113,2020-10-28,SESSAO EXTRAORDINARIA
27,118,2020-11-10,SESSAO EXTRAORDINARIA
27,131,2020-12-09,SESSAO EXTRAORDINARIA
27,146,2021-03-09,SESSAO EXTRAORDINARIA
27,159,2021-04-14,SESSAO EXTRAORDINARIA
27,160,2021-04-14,SESSAO EXTRAORDINARIA
27,161,2021-04-20,SESSAO EXTRAORDINARIA
27,163,2021-04-27,SESSAO EXTRAORDINARIA
27,164,2021-04-27,SESSAO EXTRAORDINARIA
27,167,2021-05-05,SESSAO EXTRAORDINARIA
27,169,2021-05-11,SESSAO EXTRAORDINARIA
27,172,2021-05-19,SESSAO EXTRAORDINARIA
27,173,2021-05-19,SESSAO EXTRAORDINARIA
27,175,2021-05-25,SESSAO EXTRAORDINARIA
27,178,2021-06-02,SESSAO EXTRAORDINARIA
27,181,2021-06-09,SESSAO EXTRAORDINARIA
27,183,2021-06-15,SESSAO EXTRAORDINARIA
27,184,2021-06-16,SESSAO EXTRAORDINARIA
27,187,2021-06-23,SESSAO EXTRAORDINARIA
27,190,2021-08-03,SESSAO ORDINARIA
27,192,2021-08-04,SESSAO ORDINARIA
27,193,2021-08-04,SESSAO EXTRAORDINARIA
27,194,2021-08-05,SESSAO ORDINARIA
27,195,2021-08-05,SESSAO ORDINARIA
27,198,2021-08-11,SESSAO ORDINARIA
27,199,2021-08-12,SESSAO ORDINARIA
27,201,2021-08-17,SESSAO EXTRAORDINARIA
27,202,2021-08-17,SESSAO EXTRAORDINARIA
27,203,2021-08-18,SESSAO ORDINARIA
27,204,2021-08-19,SESSAO ORDINARIA
27,205,2021-08-24,SESSAO ORDINARIA
27,206,2021-08-25,SESSAO ORDINARIA
27,207,2021-08-26,SESSAO ORDINARIA
27,208,2021-08-31,SESSAO ORDINARIA
27,209,2021-08-31,SESSAO EXTRAORDINARIA
27,210,2021-08-31,SESSAO EXTRAORDINARIA
27,211,2021-09-01,SESSAO ORDINARIA
27,212,2021-09-02,SESSAO ORDINARIA
27,213,2021-09-08,SESSAO ORDINARIA
27,214,2021-09-09,SESSAO ORDINARIA
27,216,2021-09-15,SESSAO ORDINARIA
27,217,2021-09-15,SESSAO EXTRAORDINARIA
27,218,2021-09-16,SESSAO ORDINARIA
27,220,2021-09-21,SESSAO EXTRAORDINARIA
27,221,2021-09-22,SESSAO ORDINARIA
27,222,2021-09-23,SESSAO ORDINARIA
27,225,2021-09-30,SESSAO ORDINARIA
27,228,2021-10-06,SESSAO ORDINARIA
27,229,2021-10-06,SESSAO EXTRAORDINARIA
27,230,2021-10-06,SESSAO EXTRAORDINARIA
27,231,2021-10-07,SESSAO ORDINARIA
27,232,2021-10-13,SESSAO ORDINARIA
27,233,2021-10-14,SESSAO ORDINARIA
27,235,2021-10-20,SESSAO ORDINARIA
27,236,2021-10-20,SESSAO EXTRAORDINARIA
27,237,2021-10-21,SESSAO ORDINARIA
27,238,2021-10-26,SESSAO ORDINARIA
27,239,2021-10-27,SESSAO ORDINARIA
27,240,2021-10-28,SESSAO ORDINARIA
27,241,2021-11-03,SESSAO ORDINARIA
27,242,2021-11-03,SESSAO EXTRAORDINARIA
27,243,2021-11-03,SESSAO EXTRAORDINARIA
27,244,2021-11-04,SESSAO ORDINARIA
27,246,2021-11-09,SESSAO EXTRAORDINARIA
27,247,2021-11-10,SESSAO ORDINARIA
27,248,2021-11-10,SESSAO EXTRAORDINARIA
27,249,2021-11-11,SESSAO ORDINARIA
27,250,2021-11-16,SESSAO ORDINARIA
27,251,2021-11-17,SESSAO ORDINARIA
27,252,2021-11-18,SESSAO ORDINARIA
27,253,2021-11-23,SESSAO ORDINARIA
27,254,2021-11-23,SESSAO EXTRAORDINARIA
27,255,2021-11-24,SESSAO ORDINARIA
27,256,2021-11-25,SESSAO ORDINARIA
27,258,2021-12-01,SESSAO EXTRAORDINARIA
27,260,2021-12-02,SESSAO ORDINARIA
27,261,2021-12-07,SESSAO ORDINARIA
27,262,2021-12-07,SESSAO EXTRAORDINARIA
27,263,2021-12-08,SESSAO ORDINARIA
27,264,2021-12-08,SESSAO EXTRAORDINARIA
27,268,2021-12-14,SESSAO ORDINARIA
27,272,2021-12-15,SESSAO ORDINARIA
27,273,2022-02-02,SESSAO ORDINARIA
27,274,2022-02-03,SESSAO ORDINARIA
27,275,2022-02-08,SESSAO ORDINARIA
27,276,2022-02-08,SESSAO EXTRAORDINARIA
27,277,2022-02-08,SESSAO EXTRAORDINARIA
27,278,2022-02-09,SESSAO ORDINARIA
27,279,2022-02-10,SESSAO ORDINARIA
27,280,2022-02-15,SESSAO ORDINARIA
27,281,2022-02-15,SESSAO EXTRAORDINARIA
27,282,2022-02-16,SESSAO ORDINARIA
27,283,2022-02-16,SESSAO EXTRAORDINARIA
27,284,2022-02-17,SESSAO ORDINARIA
27,285,2022-02-22,SESSAO ORDINARIA
27,286,2022-02-22,SESSAO EXTRAORDINARIA
27,287,2022-02-23,SESSAO ORDINARIA
27,288,2022-03-08,SESSAO EXTRAORDINARIA
27,289,2022-02-24,SESSAO ORDINARIA
27,290,2022-03-03,SESSAO ORDINARIA
27,292,2022-03-09,SESSAO ORDINARIA
27,293,2022-03-09,SESSAO EXTRAORDINARIA
27,294,2022-03-10,SESSAO ORDINARIA
27,295,2022-03-15,SESSAO EXTRAORDINARIA
27,296,2022-03-23,SESSAO EXTRAORDINARIA
27,298,2022-03-16,SESSAO ORDINARIA
27,299,2022-03-17,SESSAO ORDINARIA
27,301,2022-03-23,SESSAO ORDINARIA
27,302,2022-03-29,SESSAO EXTRAORDINARIA
27,303,2022-03-24,SESSAO ORDINARIA
27,305,2022-03-30,SESSAO ORDINARIA
27,306,2022-03-30,SESSAO EXTRAORDINARIA
27,310,2022-03-31,SESSAO EXTRAORDINARIA
27,311,2022-03-31,SESSAO EXTRAORDINARIA
27,312,2022-04-05,SESSAO ORDINARIA
27,313,2022-04-12,SESSAO EXTRAORDINARIA
27,314,2022-04-06,SESSAO ORDINARIA
27,315,2022-04-12,SESSAO EXTRAORDINARIA
27,317,2022-04-07,SESSAO ORDINARIA
27,319,2022-04-13,SESSAO ORDINARIA
27,321,2022-04-20,SESSAO ORDINARIA
27,322,2022-04-26,SESSAO ORDINARIA
27,323,2022-04-27,SESSAO ORDINARIA
27,324,2022-04-28,SESSAO ORDINARIA
27,326,2022-05-04,SESSAO ORDINARIA
27,327,2022-05-05,SESSAO ORDINARIA
27,329,2022-05-11,SESSAO ORDINARIA
27,331,2022-05-12,SESSAO ORDINARIA
27,333,2022-05-12,SESSAO ORDINARIA
27,335,2022-05-18,SESSAO ORDINARIA
27,336,2022-05-19,SESSAO ORDINARIA
27,337,2022-05-24,SESSAO ORDINARIA
27,338,2022-05-25,SESSAO ORDINARIA
27,339,2022-05-26,SESSAO ORDINARIA
27,341,2022-06-01,SESSAO ORDINARIA
27,342,2022-06-02,SESSAO ORDINARIA
27,344,2022-06-08,SESSAO ORDINARIA
27,345,2022-06-21,SESSAO EXTRAORDINARIA
27,346,2022-06-09,SESSAO ORDINARIA
27,347,2022-06-14,SESSAO ORDINARIA
27,348,2022-06-15,SESSAO ORDINARIA
27,349,2022-06-21,SESSAO ORDINARIA
27,350,2022-06-22,SESSAO ORDINARIA
27,351,2022-06-23,SESSAO ORDINARIA
27,355,2022-06-29,SESSAO EXTRAORDINARIA
27,356,2022-06-30,SESSAO ORDINARIA
27,357,2022-08-02,SESSAO ORDINARIA
27,359,2022-08-03,SESSAO ORDINARIA
27,360,2022-08-04,SESSAO ORDINARIA
27,361,2022-08-09,SESSAO ORDINARIA
27,362,2022-08-10,SESSAO ORDINARIA
27,363,2022-08-11,SESSAO ORDINARIA
27,364,2022-08-16,SESSAO ORDINARIA
27,365,2022-08-17,SESSAO ORDINARIA
27,366,2022-08-18,SESSAO ORDINARIA
27,367,2022-08-23,SESSAO ORDINARIA
27,368,2022-08-24,SESSAO ORDINARIA
27,369,2022-08-25,SESSAO ORDINARIA
27,371,2022-08-31,SESSAO ORDINARIA
27,372,2022-09-13,SESSAO EXTRAORDINARIA
27,373,2022-09-01,SESSAO ORDINARIA
27,374,2022-09-08,SESSAO ORDINARIA
27,375,2022-09-13,SESSAO ORDINARIA
27,376,2022-09-14,SESSAO ORDINARIA
27,377,2022-09-15,SESSAO ORDINARIA
27,378,2022-09-20,SESSAO ORDINARIA
27,379,2022-10-25,SESSAO EXTRAORDINARIA
27,380,2022-09-21,SESSAO ORDINARIA
27,381,2022-09-22,SESSAO ORDINARIA
27,382,2022-09-27,SESSAO ORDINARIA
27,383,2022-09-28,SESSAO ORDINARIA
27,384,2022-09-29,SESSAO ORDINARIA
27,385,2022-10-04,SESSAO ORDINARIA
27,386,2022-10-05,SESSAO ORDINARIA
27,387,2022-10-06,SESSAO ORDINARIA
27,388,2022-10-11,SESSAO ORDINARIA
27,389,2022-10-13,SESSAO ORDINARIA
27,390,2022-10-18,SESSAO ORDINARIA
27,391,2022-10-19,SESSAO ORDINARIA
27,392,2022-10-20,SESSAO ORDINARIA
27,393,2022-10-25,SESSAO ORDINARIA
27,394,2022-10-25,SESSAO EXTRAORDINARIA
27,395,2022-10-26,SESSAO ORDINARIA
27,396,2022-10-27,SESSAO ORDINARIA
27,397,2022-11-03,SESSAO ORDINARIA
27,398,2022-11-08,SESSAO ORDINARIA
27,399,2022-11-08,SESSAO EXTRAORDINARIA
27,400,2022-11-09,SESSAO ORDINARIA
27,401,2022-11-22,SESSAO EXTRAORDINARIA
27,402,2022-11-10,SESSAO ORDINARIA
27,403,2022-12-06,SESSAO EXTRAORDINARIA
27,404,2022-11-16,SESSAO ORDINARIA
27,405,2022-11-17,SESSAO ORDINARIA
27,406,2022-11-22,SESSAO ORDINARIA
27,407,2022-11-23,SESSAO ORDINARIA
27,408,2022-11-29,SESSAO ORDINARIA
27,409,2022-12-01,SESSAO ORDINARIA
27,410,2022-12-06,SESSAO ORDINARIA
27,411,2022-12-07,SESSAO ORDINARIA
27,412,2022-12-07,SESSAO EXTRAORDINARIA
27,413,2022-12-08,SESSAO ORDINARIA
27,415,2022-12-13,SESSAO EXTRAORDINARIA
27,416,2022-12-14,SESSAO ORDINARIA
27,417,2022-12-15,SESSAO ORDINARIA
27,418,2023-02-01,SESSAO ORDINARIA
27,419,2023-02-02,SESSAO ORDINARIA
27,420,2023-02-07,SESSAO ORDINARIA
27,421,2023-02-08,SESSAO ORDINARIA
27,422,2023-02-14,SESSAO EXTRAORDINARIA
27,423,2023-02-09,SESSAO ORDINARIA
27,424,2023-02-16,SESSAO EXTRAORDINARIA
27,425,2023-02-14,SESSAO ORDINARIA
27,426,2023-02-15,SESSAO ORDINARIA
27,427,2023-02-16,SESSAO ORDINARIA
27,428,2023-02-23,SESSAO ORDINARIA
27,429,2023-02-28,SESSAO ORDINARIA
27,430,2023-03-01,SESSAO ORDINARIA
27,431,2023-03-21,SESSAO EXTRAORDINARIA
27,432,2023-03-02,SESSAO ORDINARIA
27,433,2023-03-07,SESSAO ORDINARIA
27,434,2023-03-08,SESSAO ORDINARIA
27,435,2023-03-09,SESSAO ORDINARIA
27,436,2023-03-14,SESSAO ORDINARIA
27,437,2023-03-15,SESSAO ORDINARIA
27,438,2023-03-16,SESSAO ORDINARIA
27,439,2023-03-21,SESSAO ORDINARIA
27,440,2023-03-22,SESSAO ORDINARIA
27,441,2023-03-23,SESSAO ORDINARIA
27,442,2023-03-21,SESSAO EXTRAORDINARIA
27,443,2023-04-04,SESSAO EXTRAORDINARIA
27,444,2023-03-28,SESSAO ORDINARIA
27,445,2023-03-29,SESSAO ORDINARIA
27,446,2023-03-30,SESSAO ORDINARIA
27,447,2023-04-04,SESSAO ORDINARIA
27,448,2023-04-05,SESSAO ORDINARIA
27,449,2023-04-11,SESSAO EXTRAORDINARIA
27,450,2023-04-11,SESSAO ORDINARIA
27,451,2023-04-12,SESSAO ORDINARIA
27,452,2023-04-13,SESSAO ORDINARIA
27,453,2023-04-18,SESSAO ORDINARIA
27,454,2023-04-19,SESSAO ORDINARIA
27,455,2023-04-20,SESSAO ORDINARIA
27,456,2023-04-25,SESSAO ORDINARIA
27,457,2023-04-26,SESSAO ORDINARIA
27,458,2023-04-27,SESSAO ORDINARIA
27,459,2023-05-02,SESSAO ORDINARIA
27,460,2023-05-03,SESSAO ORDINARIA
27,461,2023-05-04,SESSAO ORDINARIA
27,462,2023-05-09,SESSAO EXTRAORDINARIA
27,463,2023-05-09,SESSAO ORDINARIA
27,464,2023-05-10,SESSAO ORDINARIA
27,465,2023-05-11,SESSAO ORDINARIA
27,466,2023-05-16,SESSAO EXTRAORDINARIA
27,467,2023-05-16,SESSAO ORDINARIA
27,468,2023-05-17,SESSAO ORDINARIA
27,469,2023-05-18,SESSAO ORDINARIA
27,470,2023-05-23,SESSAO ORDINARIA
27,471,2023-05-24,SESSAO ORDINARIA
27,472,2023-05-25,SESSAO ORDINARIA
27,473,2023-05-30,SESSAO ORDINARIA
27,474,2023-05-31,SESSAO EXTRAORDINARIA
27,475,2023-05-31,SESSAO ORDINARIA
27,476,2023-06-01,SESSAO ORDINARIA
27,477,2023-06-06,SESSAO ORDINARIA
27,478,2023-06-07,SESSAO ORDINARIA
27,479,2023-06-13,SESSAO ORDINARIA
27,480,2023-06-14,SESSAO ORDINARIA
27,481,2023-06-20,SESSAO EXTRAORDINARIA
27,482,2023-06-20,SESSAO ORDINARIA
27,483,2023-06-21,SESSAO ORDINARIA
27,484,2023-06-22,SESSAO ORDINARIA
27,485,2023-06-27,SESSAO EXTRAORDINARIA
27,486,2023-06-27,SESSAO ORDINARIA
27,487,2023-08-01,SESSAO ORDINARIA
27,488,2023-08-02,SESSAO ORDINARIA
27,489,2023-08-03,SESSAO ORDINARIA
27,490,2023-08-08,SESSAO ORDINARIA
27,491,2023-08-09,SESSAO ORDINARIA
27,492,2023-08-10,SESSAO ORDINARIA
27,493,2023-08-15,SESSAO ORDINARIA
27,494,2023-08-15,SESSAO EXTRAORDINARIA
27,495,2023-08-16,SESSAO ORDINARIA
27,496,2023-08-22,SESSAO ORDINARIA
27,497,2023-08-22,SESSAO EXTRAORDINARIA
27,498,2023-08-23,SESSAO ORDINARIA
27,499,2023-08-24,SESSAO ORDINARIA
27,500,2023-08-29,SESSAO ORDINARIA
27,501,2023-08-29,SESSAO EXTRAORDINARIA
27,502,2023-08-29,SESSAO EXTRAORDINARIA
27,503,2023-08-30,SESSAO ORDINARIA
27,504,2023-08-31,SESSAO ORDINARIA
27,505,2023-09-05,SESSAO ORDINARIA
27,506,2023-09-12,SESSAO ORDINARIA
27,507,2023-09-13,SESSAO ORDINARIA
27,508,2023-09-19,SESSAO EXTRAORDINARIA
27,509,2023-09-19,SESSAO ORDINARIA
27,510,2023-09-20,SESSAO ORDINARIA
27,511,2023-09-21,SESSAO ORDINARIA
27,512,2023-09-26,SESSAO EXTRAORDINARIA
27,513,2023-09-26,SESSAO ORDINARIA
27,514,2023-09-27,SESSAO ORDINARIA
27,515,2023-09-28,SESSAO ORDINARIA
27,516,2023-10-03,SESSAO EXTRAORDINARIA
27,517,2023-10-03,SESSAO ORDINARIA
27,518,2023-10-04,SESSAO ORDINARIA
27,519,2023-10-05,SESSAO ORDINARIA
27,520,2023-10-10,SESSAO ORDINARIA
27,521,2023-10-10,SESSAO EXTRAORDINARIA
27,522,2023-10-11,SESSAO ORDINARIA
27,523,2023-10-17,SESSAO EXTRAORDINARIA
27,524,2023-10-17,SESSAO ORDINARIA
27,525,2023-10-18,SESSAO ORDINARIA
27,526,2023-10-19,SESSAO ORDINARIA
27,527,2023-10-24,SESSAO EXTRAORDINARIA
27,528,2023-10-24,SESSAO ORDINARIA
27,529,2023-10-25,SESSAO ORDINARIA
27,530,2023-10-31,SESSAO ORDINARIA
27,531,2023-10-31,SESSAO EXTRAORDINARIA
27,532,2023-11-01,SESSAO ORDINARIA
27,533,2023-11-07,SESSAO ORDINARIA
27,534,2023-11-07,SESSAO EXTRAORDINARIA
27,535,2023-11-08,SESSAO ORDINARIA
27,536,2023-11-09,SESSAO ORDINARIA
27,537,2023-11-14,SESSAO EXTRAORDINARIA
27,538,2023-11-14,SESSAO ORDINARIA
27,539,2023-11-16,SESSAO ORDINARIA
27,540,2023-11-21,SESSAO ORDINARIA
27,541,2023-11-21,SESSAO EXTRAORDINARIA
27,542,2023-11-21,SESSAO EXTRAORDINARIA
27,543,2023-11-22,SESSAO ORDINARIA
27,544,2023-11-23,SESSAO ORDINARIA
27,545,2023-11-28,SESSAO EXTRAORDINARIA
27,546,2023-11-28,SESSAO ORDINARIA
27,547,2023-11-28,SESSAO EXTRAORDINARIA
27,548,2023-12-05,SESSAO ORDINARIA
27,549,2023-12-05,SESSAO EXTRAORDINARIA
27,550,2023-12-06,SESSAO ORDINARIA
27,551,2023-12-07,SESSAO ORDINARIA
27,552,2023-12-12,SESSAO EXTRAORDINARIA
27,553,2023-12-12,SESSAO ORDINARIA
27,554,2023-12-13,SESSAO ORDINARIA
27,555,2023-12-13,SESSAO EXTRAORDINARIA
27,556,2023-12-13,SESSAO EXTRAORDINARIA
27,557,2024-02-01,SESSAO ORDINARIA
27,558,2024-02-01,SESSAO EXTRAORDINARIA
27,559,2024-02-01,SESSAO EXTRAORDINARIA
27,560,2024-02-06,SESSAO EXTRAORDINARIA
27,561,2024-02-06,SESSAO ORDINARIA
27,562,2024-02-07,SESSAO ORDINARIA
27,563,2024-02-08,SESSAO ORDINARIA
27,564,2024-02-15,SESSAO ORDINARIA
27,565,2024-02-20,SESSAO EXTRAORDINARIA
27,566,2024-02-20,SESSAO ORDINARIA
27,567,2024-02-21,SESSAO ORDINARIA
27,568,2024-02-22,SESSAO ORDINARIA
27,569,2024-02-27,SESSAO EXTRAORDINARIA
27,570,2024-02-27,SESSAO ORDINARIA
27,571,2024-02-27,SESSAO EXTRAORDINARIA
27,572,2024-02-27,SESSAO EXTRAORDINARIA
27,573,2024-02-28,SESSAO ORDINARIA
27,574,2024-02-29,SESSAO ORDINARIA
27,575,2024-03-05,SESSAO EXTRAORDINARIA
27,576,2024-03-05,SESSAO ORDINARIA
27,577,2024-03-06,SESSAO ORDINARIA
27,578,2024-03-07,SESSAO ORDINARIA
27,579,2024-03-13,SESSAO ORDINARIA
27,580,2024-03-14,SESSAO ORDINARIA
27,581,2024-03-19,SESSAO EXTRAORDINARIA
27,582,2024-03-19,SESSAO ORDINARIA
27,583,2024-03-20,SESSAO ORDINARIA
27,584,2024-03-21,SESSAO ORDINARIA
27,585,2024-03-26,SESSAO EXTRAORDINARIA
27,586,2024-03-26,SESSAO ORDINARIA
27,587,2024-03-27,SESSAO ORDINARIA
27,588,2024-04-02,SESSAO EXTRAORDINARIA
27,589,2024-04-02,SESSAO ORDINARIA
27,590,2024-04-03,SESSAO ORDINARIA
27,591,2024-04-04,SESSAO ORDINARIA
27,592,2024-04-23,SESSAO ORDINARIA
27,593,2024-04-09,SESSAO EXTRAORDINARIA
27,594,2024-04-09,SESSAO ORDINARIA
27,595,2024-04-10,SESSAO ORDINARIA
27,596,2024-04-09,SESSAO EXTRAORDINARIA
27,597,2024-04-11,SESSAO ORDINARIA
27,598,2024-04-23,SESSAO EXTRAORDINARIA
27,599,2024-05-07,SESSAO EXTRAORDINARIA
27,600,2024-04-16,SESSAO ORDINARIA
27,601,2024-04-17,SESSAO ORDINARIA
27,602,2024-04-18,SESSAO ORDINARIA
27,603,2024-04-24,SESSAO ORDINARIA
27,604,2024-04-25,SESSAO ORDINARIA
27,605,2024-05-21,SESSAO EXTRAORDINARIA
27,606,2024-04-30,SESSAO ORDINARIA
27,607,2024-05-02,SESSAO ORDINARIA
27,608,2024-05-07,SESSAO ORDINARIA
27,609,2024-05-08,SESSAO ORDINARIA
27,610,2024-05-09,SESSAO ORDINARIA
27,611,2024-05-28,SESSAO EXTRAORDINARIA
27,612,2024-05-14,SESSAO ORDINARIA
27,613,2024-05-15,SESSAO ORDINARIA
27,614,2024-05-16,SESSAO ORDINARIA
27,615,2024-05-21,SESSAO ORDINARIA
27,616,2024-05-22,SESSAO ORDINARIA
27,617,2024-05-23,SESSAO ORDINARIA
27,618,2024-05-28,SESSAO ORDINARIA
27,619,2024-06-04,SESSAO EXTRAORDINARIA
27,620,2024-05-29,SESSAO ORDINARIA
27,621,2024-06-04,SESSAO EXTRAORDINARIA
27,622,2024-06-04,SESSAO ORDINARIA
27,623,2024-06-05,SESSAO ORDINARIA
27,624,2024-06-11,SESSAO EXTRAORDINARIA
27,625,2024-06-18,SESSAO EXTRAORDINARIA
27,626,2024-06-06,SESSAO ORDINARIA
27,627,2024-06-11,SESSAO ORDINARIA
27,628,2024-06-12,SESSAO ORDINARIA
27,629,2024-06-13,SESSAO ORDINARIA
27,630,2024-06-18,SESSAO ORDINARIA
27,631,2024-06-19,SESSAO ORDINARIA
27,632,2024-06-20,SESSAO ORDINARIA
27,633,2024-06-18,SESSAO EXTRAORDINARIA
27,634,2024-06-19,SESSAO EXTRAORDINARIA
27,635,2024-06-25,SESSAO EXTRAORDINARIA
27,636,2024-06-25,SESSAO ORDINARIA
27,637,2024-08-01,SESSAO ORDINARIA
27,638,2024-08-06,SESSAO ORDINARIA
27,639,2024-08-07,SESSAO EXTRAORDINARIA
27,640,2024-08-07,SESSAO EXTRAORDINARIA
27,641,2024-08-07,SESSAO ORDINARIA
27,642,2024-08-07,SESSAO EXTRAORDINARIA
27,643,2024-08-08,SESSAO ORDINARIA
27,644,2024-08-14,SESSAO ORDINARIA
27,645,2024-08-15,SESSAO ORDINARIA
27,646,2024-08-14,SESSAO EXTRAORDINARIA
27,647,2024-08-20,SESSAO ORDINARIA
27,648,2024-08-21,SESSAO ORDINARIA
27,649,2024-08-27,SESSAO ORDINARIA
27,650,2024-08-28,SESSAO ORDINARIA
27,651,2024-08-29,SESSAO ORDINARIA
27,652,2024-09-03,SESSAO EXTRAORDINARIA
27,653,2024-09-03,SESSAO ORDINARIA
27,654,2024-09-04,SESSAO ORDINARIA
27,655,2024-09-05,SESSAO ORDINARIA
27,656,2024-09-10,SESSAO EXTRAORDINARIA
27,657,2024-09-10,SESSAO ORDINARIA
27,658,2024-09-11,SESSAO ORDINARIA
27,659,2024-09-12,SESSAO ORDINARIA
27,660,2024-09-17,SESSAO ORDINARIA
27,661,2024-09-17,SESSAO EXTRAORDINARIA
27,662,2024-09-18,SESSAO ORDINARIA
27,663,2024-09-19,SESSAO ORDINARIA
27,664,2024-09-24,SESSAO EXTRAORDINARIA
27,665,2024-09-24,SESSAO ORDINARIA
27,666,2024-09-25,SESSAO ORDINARIA
27,667,2024-09-26,SESSAO ORDINARIA
27,668,2024-08-27,SESSAO EXTRAORDINARIA
27,669,2024-10-01,SESSAO EXTRAORDINARIA
27,670,2024-10-01,SESSAO ORDINARIA
27,671,2024-10-02,SESSAO ORDINARIA
27,672,2024-10-03,SESSAO ORDINARIA
27,673,2024-10-08,SESSAO EXTRAORDINARIA
27,674,2024-10-08,SESSAO ORDINARIA
27,675,2024-10-09,SESSAO ORDINARIA
27,676,2024-10-10,SESSAO ORDINARIA
27,677,2024-10-15,SESSAO ORDINARIA
27,678,2024-10-16,SESSAO ORDINARIA
27,679,2024-10-17,SESSAO ORDINARIA
27,680,2024-10-22,SESSAO EXTRAORDINARIA
27,681,2024-10-22,SESSAO ORDINARIA
27,682,2024-10-23,SESSAO ORDINARIA
27,683,2024-10-24,SESSAO ORDINARIA
27,684,2024-10-29,SESSAO EXTRAORDINARIA
27,685,2024-10-29,SESSAO ORDINARIA
27,686,2024-10-30,SESSAO ORDINARIA
27,687,2024-10-30,SESSAO EXTRAORDINARIA
27,688,2024-10-31,SESSAO ORDINARIA
27,689,2024-11-05,SESSAO ORDINARIA
27,690,2024-11-05,SESSAO EXTRAORDINARIA
27,691,2024-11-06,SESSAO ORDINARIA
27,692,2024-11-07,SESSAO ORDINARIA
27,693,2024-11-12,SESSAO EXTRAORDINARIA
27,694,2024-11-12,SESSAO ORDINARIA
27,1693,2024-11-13,SESSAO ORDINARIA
27,1694,2024-11-14,SESSAO ORDINARIA
27,1695,2024-11-19,SESSAO ORDINARIA
27,1696,2024-11-26,SESSAO EXTRAORDINARIA
27,1697,2024-11-26,SESSAO ORDINARIA
27,1698,2024-11-26,SESSAO EXTRAORDINARIA
27,1699,2024-11-27,SESSAO ORDINARIA
27,1700,2024-11-27,SESSAO EXTRAORDINARIA
27,1701,2024-11-28,SESSAO ORDINARIA
27,1702,2024-12-03,SESSAO ORDINARIA
27,1703,2024-12-03,SESSAO EXTRAORDINARIA
27,1704,2024-12-04,SESSAO EXTRAORDINARIA
27,1705,2024-12-04,SESSAO ORDINARIA
27,1706,2024-12-10,SESSAO EXTRAORDINARIA
27,1707,2024-12-10,SESSAO ORDINARIA
27,1708,2024-12-10,SESSAO EXTRAORDINARIA
27,1709,2024-03-12,SESSAO EXTRAORDINARIA
27,1710,2024-03-12,SESSAO EXTRAORDINARIA
27,1711,2024-03-12,SESSAO ORDINARIA
27,1713,2025-02-11,ORDINARIA
27,1715,2025-02-12,ORDINARIA
27,1716,2025-02-13,ORDINARIA
27,1717,2025-02-18,ORDINARIA
27,1719,2025-02-19,ORDINARIA
27,1720,2025-02-25,ORDINARIA
27,1721,2025-02-20,ORDINARIA
27,1724,2025-02-26,ORDINARIA
27,1727,2025-02-27,ORDINARIA
27,1730,2025-03-06,ORDINARIA
27,1733,2025-03-11,ORDINARIA
27,1734,2025-03-11,EXTRAORDINARIA
27,1736,2025-03-12,ORDINARIA
27,1739,2025-03-13,ORDINARIA
27,1740,2025-03-18,EXTRAORDINARIA
27,1741,2025-03-18,ORDINARIA
27,1742,2025-03-18,EXTRAORDINARIA
27,1743,2025-03-18,EXTRAORDINARIA
27,1744,2025-03-19,ORDINARIA
27,1746,2025-03-20,ORDINARIA
27,1752,2025-03-25,ORDINARIA
27,1754,2025-03-25,EXTRAORDINARIA
27,1755,2025-03-26,ORDINARIA
27,1756,2025-04-02,EXTRAORDINARIA
27,1757,2025-03-27,ORDINARIA
27,1759,2025-04-01,ORDINARIA
27,1762,2025-04-02,ORDINARIA
27,1763,2025-04-03,ORDINARIA
27,1765,2025-04-03,ORDINARIA
27,1769,2025-04-08,ORDINARIA
27,1770,2025-04-08,EXTRAORDINARIA
27,1773,2025-04-09,ORDINARIA
27,1775,2025-04-10,ORDINARIA
27,1776,2025-04-10,ORDINARIA
27,1780,2025-04-15,ORDINARIA
27,1783,2025-04-16,ORDINARIA
27,1785,2025-04-22,ORDINARIA
27,1786,2025-04-23,ORDINARIA
27,1788,2025-04-24,ORDINARIA
27,1789,2025-04-24,ORDINARIA
27,1790,2025-04-29,ORDINARIA
27,1792,2025-04-30,ORDINARIA
27,1794,2025-05-06,ORDINARIA
27,1795,2025-05-06,EXTRAORDINARIA
27,1796,2025-05-07,ORDINARIA
27,1797,2025-05-13,EXTRAORDINARIA
27,1798,2025-05-08,ORDINARIA
27,1799,2025-05-08,ORDINARIA
27,1802,2025-05-13,ORDINARIA
27,1803,2025-05-20,EXTRAORDINARIA
27,1805,2025-05-14,ORDINARIA
27,1807,2025-05-27,EXTRAORDINARIA
27,1813,2025-05-20,ORDINARIA
27,1817,2025-05-21,ORDINARIA
27,1819,2025-05-22,ORDINARIA
27,1820,2025-05-27,ORDINARIA
27,1825,2025-05-27,EXTRAORDINARIA
27,1827,2025-05-28,ORDINARIA
27,1829,2025-05-29,ORDINARIA
27,1830,2025-05-29,ORDINARIA
27,1833,2025-06-03,ORDINARIA
27,1834,2025-06-17,EXTRAORDINARIA
27,1836,2025-06-04,ORDINARIA
27,1838,2025-06-05,ORDINARIA
27,1842,2025-06-10,ORDINARIA
27,1844,2025-06-11,ORDINARIA
27,1846,2025-06-12,ORDINARIA
27,1847,2025-06-12,ORDINARIA
27,1848,2025-06-17,ORDINARIA
27,1851,2025-06-17,EXTRAORDINARIA
27,1854,2025-06-18,ORDINARIA
27,1856,2025-06-24,ORDINARIA
27,1858,2025-06-24,EXTRAORDINARIA
27,1859,2025-08-07,EXTRAORDINARIA
27,1862,2025-06-25,ORDINARIA
27,1864,2025-06-26,ORDINARIA
27,1865,2025-06-26,ORDINARIA
27,1870,2025-08-05,ORDINARIA
27,1873,2025-08-06,ORDINARIA
27,1875,2025-08-07,ORDINARIA
27,1876,2025-08-07,EXTRAORDINARIA
27,1879,2025-08-12,ORDINARIA
27,1880,2025-08-12,EXTRAORDINARIA
27,1882,2025-08-13,ORDINARIA
27,1884,2025-08-14,ORDINARIA
27,1885,2025-08-14,ORDINARIA
27,1891,2025-08-19,ORDINARIA
27,1892,2025-08-19,EXTRAORDINARIA
27,1895,2025-08-20,ORDINARIA
27,1896,2025-08-26,EXTRAORDINARIA
27,1897,2025-08-21,SOLENE
27,1899,2025-08-22,SOLENE
27,1903,2025-08-26,ORDINARIA
27,1904,2025-08-27,ORDINARIA
27,1905,2025-09-09,EXTRAORDINARIA
27,1906,2025-08-28,ORDINARIA
27,1907,2025-08-28,ORDINARIA
27,1911,2025-09-02,ORDINARIA
27,1913,2025-09-03,ORDINARIA
27,1914,2025-09-04,ORDINARIA
27,1915,2025-09-04,ORDINARIA
27,1916,2025-09-09,ORDINARIA
27,1917,2025-09-10,ORDINARIA
27,1919,2025-09-11,ORDINARIA
27,1920,2025-09-11,ORDINARIA
27,1927,2025-09-16,ORDINARIA
27,1928,2025-09-16,EXTRAORDINARIA
27,1929,2025-09-23,EXTRAORDINARIA
27,1930,2025-09-17,ORDINARIA
27,1932,2025-09-18,ORDINARIA
27,1933,2025-09-18,ORDINARIA
27,1939,2025-09-23,ORDINARIA
27,1941,2025-09-24,ORDINARIA
27,1944,2025-09-25,ORDINARIA
27,1945,2025-09-25,ORDINARIA
27,1950,2025-09-30,ORDINARIA
27,1951,2025-09-30,EXTRAORDINARIA
27,1954,2025-10-01,ORDINARIA
27,1956,2025-10-02,ORDINARIA
27,1963,2025-10-07,ORDINARIA
27,1964,2025-10-08,EXTRAORDINARIA
27,1966,2025-10-08,ORDINARIA
27,1967,2025-10-09,ORDINARIA
27,1968,2025-10-09,ORDINARIA
27,1974,2025-10-14,ORDINARIA
27,1975,2025-10-15,EXTRAORDINARIA
27,1977,2025-10-15,ORDINARIA
27,1979,2025-10-16,ORDINARIA
27,1985,2025-10-21,ORDINARIA
27,1986,2025-10-21,EXTRAORDINARIA
27,1988,2025-10-22,ORDINARIA
27,1989,2025-11-04,EXTRAORDINARIA
27,1990,2025-10-23,ORDINARIA
27,1992,2025-10-29,ORDINARIA
27,1994,2025-10-30,ORDINARIA
27,1995,2025-10-30,ORDINARIA
27,2000,2025-11-04,ORDINARIA
27,2003,2025-11-05,ORDINARIA
27,2004,2025-11-11,EXTRAORDINARIA
27,2006,2025-11-06,ORDINARIA
27,2013,2025-11-11,ORDINARIA
27,2014,2025-11-11,EXTRAORDINARIA
27,2015,2025-11-11,EXTRAORDINARIA
27,2018,2025-11-12,ORDINARIA
27,2020,2025-11-13,ORDINARIA
27,2027,2025-11-18,ORDINARIA
27,2028,2025-11-25,EXTRAORDINARIA
27,2030,2025-11-19,ORDINARIA
27,2034,2025-11-25,ORDINARIA
27,2035,2025-11-26,EXTRAORDINARIA
27,2037,2025-11-26,ORDINARIA
27,2038,2025-11-26,EXTRAORDINARIA
27,2039,2025-11-27,ORDINARIA
27,2040,2025-11-27,ORDINARIA
27,2045,2025-12-02,ORDINARIA
27,2046,2025-12-02,EXTRAORDINARIA
27,2047,2025-12-03,EXTRAORDINARIA
27,2050,2025-12-03,ORDINARIA
27,2053,2025-12-04,ORDINARIA
27,2057,2025-12-09,ORDINARIA
27,2058,2025-12-09,EXTRAORDINARIA
27,2060,2025-12-10,EXTRAORDINARIA
27,2061,2025-12-10,EXTRAORDINARIA
27,2062,2025-12-10,EXTRAORDINARIA
27,2065,2025-12-15,ORDINARIA
27,2066,2025-12-23,EXTRAORDINARIA
27,2067,2025-12-23,EXTRAORDINARIA
27,2069,2026-02-03,ORDINARIA
27,2070,2026-02-04,ORDINARIA
27,2072,2026-02-05,ORDINARIA
27,2074,2026-02-10,ORDINARIA
27,2075,2026-02-10,EXTRAORDINARIA
27,2078,2026-02-11,ORDINARIA
27,2079,2026-03-03,EXTRAORDINARIA
27,2081,2026-02-12,ORDINARIA
27,2082,2026-02-19,ORDINARIA
27,2084,2026-02-24,ORDINARIA
27,2085,2026-02-25,ORDINARIA
27,2088,2026-02-26,ORDINARIA
27,2092,2026-03-03,ORDINARIA
27,2093,2026-03-04,ORDINARIA
27,2096,2026-03-05,SOLENE
27,2101,2026-03-31,EXTRAORDINARIA
27,2102,2026-03-31,EXTRAORDINARIA
27,2103,2026-04-01,ORDINARIA
27,2106,2026-04-07,ORDINARIA
27,2107,2026-04-08,EXTRAORDINARIA
27,2108,2026-04-08,ORDINARIA
27,2109,2026-04-09,ORDINARIA
27,2112,2026-04-14,ORDINARIA
27,2113,2026-04-14,EXTRAORDINARIA
27,2114,2026-04-15,ORDINARIA
27,2115,2026-04-29,EXTRAORDINARIA
27,2116,2026-04-16,ORDINARIA
27,2118,2026-04-22,ORDINARIA
27,2119,2026-04-23,ORDINARIA
27,2122,2026-04-28,ORDINARIA
27,2125,2026-04-29,ORDINARIA
27,2126,2026-03-17,ORDINARIA
27,2127,2026-03-18,ORDINARIA
27,2128,2026-03-25,EXTRAORDINARIA
27,2131,2026-03-19,ORDINARIA
27,2136,2026-03-24,ORDINARIA
27,2138,2026-03-25,ORDINARIA
27,2139,2026-03-25,EXTRAORDINARIA
27,2141,2026-03-26,ORDINARIA
27,2143,2026-03-31,ORDINARIA
27,2145,2026-04-30,ORDINARIA
27,2148,2026-05-05,ORDINARIA
27,2149,2026-05-12,EXTRAORDINARIA
27,2150,2026-05-06,ORDINARIA
27,2152,2026-05-07,ORDINARIA
27,2159,2026-05-12,ORDINARIA
27,2161,2026-05-13,ORDINARIA
27,2163,2026-05-14,ORDINARIA
27,2170,2026-05-19,ORDINARIA
27,2171,2026-03-10,ORDINARIA
27,2172,2026-03-17,EXTRAORDINARIA
27,2173,2026-03-11,ORDINARIA
27,2176,2026-03-12,ORDINARIA
27,2183,2026-05-19,EXTRAORDINARIA
27,2185,2026-05-20,ORDINARIA
27,2186,2026-06-09,EXTRAORDINARIA
27,2188,2026-05-21,ORDINARIA
27,2191,2026-05-26,ORDINARIA
27,2192,2026-05-27,ORDINARIA
27,2193,2026-05-28,ORDINARIA
27,2199,2026-06-02,ORDINARIA
27,2200,2026-06-03,ORDINARIA
27,2203,2026-06-09,ORDINARIA
27,2204,2026-06-10,ORDINARIA
27,2205,2026-06-11,ORDINARIA
27,2213,2026-06-23,ORDINARIA
27,2218,2026-06-30,ORDINARIA
27,2219,2026-06-30,EXTRAORDINARIA
27,2220,2026-06-30,EXTRAORDINARIA
27,2225,2026-08-04,ORDINARIA
27,2228,2026-08-05,ORDINARIA
27,2229,2026-08-06,ORDINARIA
27,2233,2026-06-16,ORDINARIA
27,2234,2026-06-16,EXTRAORDINARIA
27,2235,2026-06-30,EXTRAORDINARIA
27,2237,2026-06-17,ORDINARIA
27,2239,2026-06-18,ORDINARIA
27,2241,2026-08-11,ORDINARIA
27,2244,2026-08-12,ORDINARIA
27,2245,2026-08-13,ORDINARIA
27,2250,2026-08-18,ORDINARIA
27,2253,2026-08-19,ORDINARIA
27,2255,2026-08-20,ORDINARIA
27,2258,2026-08-25,ORDINARIA
28,9,2020-02-13,SESSAO ORDINARIA
28,11,2020-02-19,SESSAO ORDINARIA
28,12,2020-02-20,SESSAO ORDINARIA
28,13,2020-02-27,SESSAO ORDINARIA
28,16,2020-03-05,SESSAO ORDINARIA
28,21,2020-03-16,SESSAO EXTRAORDINARIA
28,22,2020-03-16,SESSAO EXTRAORDINARIA
28,23,2020-03-17,SESSAO ORDINARIA
28,24,2020-03-17,SESSAO EXTRAORDINARIA
28,53,2020-05-05,SESSAO EXTRAORDINARIA
28,85,2020-08-19,SESSAO EXTRAORDINARIA
28,103,2020-10-07,SESSAO EXTRAORDINARIA
28,113,2020-10-28,SESSAO EXTRAORDINARIA
28,127,2020-12-01,SESSAO EXTRAORDINARIA
28,128,2020-12-02,SESSAO EXTRAORDINARIA
28,149,2021-03-17,SESSAO EXTRAORDINARIA
28,190,2021-08-03,SESSAO ORDINARIA
28,192,2021-08-04,SESSAO ORDINARIA
28,193,2021-08-04,SESSAO EXTRAORDINARIA
28,194,2021-08-05,SESSAO ORDINARIA
28,195,2021-08-05,SESSAO ORDINARIA
28,207,2021-08-26,SESSAO ORDINARIA
28,214,2021-09-09,SESSAO ORDINARIA
28,216,2021-09-15,SESSAO ORDINARIA
28,217,2021-09-15,SESSAO EXTRAORDINARIA
28,218,2021-09-16,SESSAO ORDINARIA
28,222,2021-09-23,SESSAO ORDINARIA
28,237,2021-10-21,SESSAO ORDINARIA
28,239,2021-10-27,SESSAO ORDINARIA
28,240,2021-10-28,SESSAO ORDINARIA
28,272,2021-12-15,SESSAO ORDINARIA
28,274,2022-02-03,SESSAO ORDINARIA
28,289,2022-02-24,SESSAO ORDINARIA
28,290,2022-03-03,SESSAO ORDINARIA
28,293,2022-03-09,SESSAO EXTRAORDINARIA
28,294,2022-03-10,SESSAO ORDINARIA
28,298,2022-03-16,SESSAO ORDINARIA
28,299,2022-03-17,SESSAO ORDINARIA
28,303,2022-03-24,SESSAO ORDINARIA
28,307,2022-03-31,SESSAO EXTRAORDINARIA
28,312,2022-04-05,SESSAO ORDINARIA
28,314,2022-04-06,SESSAO ORDINARIA
28,316,2022-05-10,SESSAO EXTRAORDINARIA
28,317,2022-04-07,SESSAO ORDINARIA
28,319,2022-04-13,SESSAO ORDINARIA
28,321,2022-04-20,SESSAO ORDINARIA
28,322,2022-04-26,SESSAO ORDINARIA
28,323,2022-04-27,SESSAO ORDINARIA
28,324,2022-04-28,SESSAO ORDINARIA
28,326,2022-05-04,SESSAO ORDINARIA
28,327,2022-05-05,SESSAO ORDINARIA
28,331,2022-05-12,SESSAO ORDINARIA
28,333,2022-05-12,SESSAO ORDINARIA
28,336,2022-05-19,SESSAO ORDINARIA
28,337,2022-05-24,SESSAO ORDINARIA
28,341,2022-06-01,SESSAO ORDINARIA
28,345,2022-06-21,SESSAO EXTRAORDINARIA
28,346,2022-06-09,SESSAO ORDINARIA
28,348,2022-06-15,SESSAO ORDINARIA
28,351,2022-06-23,SESSAO ORDINARIA
28,355,2022-06-29,SESSAO EXTRAORDINARIA
28,356,2022-06-30,SESSAO ORDINARIA
28,359,2022-08-03,SESSAO ORDINARIA
28,360,2022-08-04,SESSAO ORDINARIA
28,362,2022-08-10,SESSAO ORDINARIA
28,363,2022-08-11,SESSAO ORDINARIA
28,366,2022-08-18,SESSAO ORDINARIA
28,367,2022-08-23,SESSAO ORDINARIA
28,368,2022-08-24,SESSAO ORDINARIA
28,369,2022-08-25,SESSAO ORDINARIA
28,371,2022-08-31,SESSAO ORDINARIA
28,372,2022-09-13,SESSAO EXTRAORDINARIA
28,373,2022-09-01,SESSAO ORDINARIA
28,374,2022-09-08,SESSAO ORDINARIA
28,376,2022-09-14,SESSAO ORDINARIA
28,377,2022-09-15,SESSAO ORDINARIA
28,380,2022-09-21,SESSAO ORDINARIA
28,381,2022-09-22,SESSAO ORDINARIA
28,382,2022-09-27,SESSAO ORDINARIA
28,383,2022-09-28,SESSAO ORDINARIA
28,384,2022-09-29,SESSAO ORDINARIA
28,385,2022-10-04,SESSAO ORDINARIA
28,386,2022-10-05,SESSAO ORDINARIA
28,387,2022-10-06,SESSAO ORDINARIA
28,389,2022-10-13,SESSAO ORDINARIA
28,390,2022-10-18,SESSAO ORDINARIA
28,395,2022-10-26,SESSAO ORDINARIA
28,396,2022-10-27,SESSAO ORDINARIA
28,400,2022-11-09,SESSAO ORDINARIA
28,402,2022-11-10,SESSAO ORDINARIA
28,404,2022-11-16,SESSAO ORDINARIA
28,405,2022-11-17,SESSAO ORDINARIA
28,407,2022-11-23,SESSAO ORDINARIA
28,409,2022-12-01,SESSAO ORDINARIA
28,413,2022-12-08,SESSAO ORDINARIA
28,416,2022-12-14,SESSAO ORDINARIA
28,417,2022-12-15,SESSAO ORDINARIA
28,418,2023-02-01,SESSAO ORDINARIA
28,419,2023-02-02,SESSAO ORDINARIA
28,420,2023-02-07,SESSAO ORDINARIA
28,421,2023-02-08,SESSAO ORDINARIA
28,422,2023-02-14,SESSAO EXTRAORDINARIA
28,423,2023-02-09,SESSAO ORDINARIA
28,424,2023-02-16,SESSAO EXTRAORDINARIA
28,425,2023-02-14,SESSAO ORDINARIA
28,426,2023-02-15,SESSAO ORDINARIA
28,427,2023-02-16,SESSAO ORDINARIA
28,428,2023-02-23,SESSAO ORDINARIA
28,429,2023-02-28,SESSAO ORDINARIA
28,430,2023-03-01,SESSAO ORDINARIA
28,431,2023-03-21,SESSAO EXTRAORDINARIA
28,432,2023-03-02,SESSAO ORDINARIA
28,433,2023-03-07,SESSAO ORDINARIA
28,434,2023-03-08,SESSAO ORDINARIA
28,435,2023-03-09,SESSAO ORDINARIA
28,436,2023-03-14,SESSAO ORDINARIA
28,437,2023-03-15,SESSAO ORDINARIA
28,438,2023-03-16,SESSAO ORDINARIA
28,439,2023-03-21,SESSAO ORDINARIA
28,440,2023-03-22,SESSAO ORDINARIA
28,441,2023-03-23,SESSAO ORDINARIA
28,442,2023-03-21,SESSAO EXTRAORDINARIA
28,443,2023-04-04,SESSAO EXTRAORDINARIA
28,444,2023-03-28,SESSAO ORDINARIA
28,445,2023-03-29,SESSAO ORDINARIA
28,446,2023-03-30,SESSAO ORDINARIA
28,447,2023-04-04,SESSAO ORDINARIA
28,448,2023-04-05,SESSAO ORDINARIA
28,449,2023-04-11,SESSAO EXTRAORDINARIA
28,450,2023-04-11,SESSAO ORDINARIA
28,451,2023-04-12,SESSAO ORDINARIA
28,452,2023-04-13,SESSAO ORDINARIA
28,453,2023-04-18,SESSAO ORDINARIA
28,454,2023-04-19,SESSAO ORDINARIA
28,455,2023-04-20,SESSAO ORDINARIA
28,456,2023-04-25,SESSAO ORDINARIA
28,457,2023-04-26,SESSAO ORDINARIA
28,458,2023-04-27,SESSAO ORDINARIA
28,459,2023-05-02,SESSAO ORDINARIA
28,460,2023-05-03,SESSAO ORDINARIA
28,461,2023-05-04,SESSAO ORDINARIA
28,462,2023-05-09,SESSAO EXTRAORDINARIA
28,463,2023-05-09,SESSAO ORDINARIA
28,464,2023-05-10,SESSAO ORDINARIA
28,465,2023-05-11,SESSAO ORDINARIA
28,466,2023-05-16,SESSAO EXTRAORDINARIA
28,467,2023-05-16,SESSAO ORDINARIA
28,468,2023-05-17,SESSAO ORDINARIA
28,469,2023-05-18,SESSAO ORDINARIA
28,470,2023-05-23,SESSAO ORDINARIA
28,471,2023-05-24,SESSAO ORDINARIA
28,472,2023-05-25,SESSAO ORDINARIA
28,473,2023-05-30,SESSAO ORDINARIA
28,474,2023-05-31,SESSAO EXTRAORDINARIA
28,475,2023-05-31,SESSAO ORDINARIA
28,476,2023-06-01,SESSAO ORDINARIA
28,477,2023-06-06,SESSAO ORDINARIA
28,478,2023-06-07,SESSAO ORDINARIA
28,479,2023-06-13,SESSAO ORDINARIA
28,480,2023-06-14,SESSAO ORDINARIA
28,481,2023-06-20,SESSAO EXTRAORDINARIA
28,482,2023-06-20,SESSAO ORDINARIA
28,483,2023-06-21,SESSAO ORDINARIA
28,484,2023-06-22,SESSAO ORDINARIA
28,485,2023-06-27,SESSAO EXTRAORDINARIA
28,486,2023-06-27,SESSAO ORDINARIA
28,487,2023-08-01,SESSAO ORDINARIA
28,488,2023-08-02,SESSAO ORDINARIA
28,489,2023-08-03,SESSAO ORDINARIA
28,490,2023-08-08,SESSAO ORDINARIA
28,491,2023-08-09,SESSAO ORDINARIA
28,492,2023-08-10,SESSAO ORDINARIA
28,493,2023-08-15,SESSAO ORDINARIA
28,494,2023-08-15,SESSAO EXTRAORDINARIA
28,495,2023-08-16,SESSAO ORDINARIA
28,496,2023-08-22,SESSAO ORDINARIA
28,497,2023-08-22,SESSAO EXTRAORDINARIA
28,498,2023-08-23,SESSAO ORDINARIA
28,499,2023-08-24,SESSAO ORDINARIA
28,500,2023-08-29,SESSAO ORDINARIA
28,501,2023-08-29,SESSAO EXTRAORDINARIA
28,502,2023-08-29,SESSAO EXTRAORDINARIA
28,503,2023-08-30,SESSAO ORDINARIA
28,504,2023-08-31,SESSAO ORDINARIA
28,505,2023-09-05,SESSAO ORDINARIA
28,506,2023-09-12,SESSAO ORDINARIA
28,507,2023-09-13,SESSAO ORDINARIA
28,508,2023-09-19,SESSAO EXTRAORDINARIA
28,509,2023-09-19,SESSAO ORDINARIA
28,510,2023-09-20,SESSAO ORDINARIA
28,511,2023-09-21,SESSAO ORDINARIA
28,512,2023-09-26,SESSAO EXTRAORDINARIA
28,513,2023-09-26,SESSAO ORDINARIA
28,514,2023-09-27,SESSAO ORDINARIA
28,515,2023-09-28,SESSAO ORDINARIA
28,516,2023-10-03,SESSAO EXTRAORDINARIA
28,517,2023-10-03,SESSAO ORDINARIA
28,518,2023-10-04,SESSAO ORDINARIA
28,519,2023-10-05,SESSAO ORDINARIA
28,520,2023-10-10,SESSAO ORDINARIA
28,521,2023-10-10,SESSAO EXTRAORDINARIA
28,522,2023-10-11,SESSAO ORDINARIA
28,523,2023-10-17,SESSAO EXTRAORDINARIA
28,524,2023-10-17,SESSAO ORDINARIA
28,525,2023-10-18,SESSAO ORDINARIA
28,526,2023-10-19,SESSAO ORDINARIA
28,527,2023-10-24,SESSAO EXTRAORDINARIA
28,528,2023-10-24,SESSAO ORDINARIA
28,529,2023-10-25,SESSAO ORDINARIA
28,530,2023-10-31,SESSAO ORDINARIA
28,531,2023-10-31,SESSAO EXTRAORDINARIA
28,532,2023-11-01,SESSAO ORDINARIA
28,533,2023-11-07,SESSAO ORDINARIA
28,534,2023-11-07,SESSAO EXTRAORDINARIA
28,535,2023-11-08,SESSAO ORDINARIA
28,536,2023-11-09,SESSAO ORDINARIA
28,537,2023-11-14,SESSAO EXTRAORDINARIA
28,538,2023-11-14,SESSAO ORDINARIA
28,539,2023-11-16,SESSAO ORDINARIA
28,540,2023-11-21,SESSAO ORDINARIA
28,541,2023-11-21,SESSAO EXTRAORDINARIA
28,542,2023-11-21,SESSAO EXTRAORDINARIA
28,543,2023-11-22,SESSAO ORDINARIA
28,544,2023-11-23,SESSAO ORDINARIA
28,545,2023-11-28,SESSAO EXTRAORDINARIA
28,546,2023-11-28,SESSAO ORDINARIA
28,547,2023-11-28,SESSAO EXTRAORDINARIA
28,548,2023-12-05,SESSAO ORDINARIA
28,549,2023-12-05,SESSAO EXTRAORDINARIA
28,550,2023-12-06,SESSAO ORDINARIA
28,551,2023-12-07,SESSAO ORDINARIA
28,552,2023-12-12,SESSAO EXTRAORDINARIA
28,553,2023-12-12,SESSAO ORDINARIA
28,554,2023-12-13,SESSAO ORDINARIA
28,555,2023-12-13,SESSAO EXTRAORDINARIA
28,556,2023-12-13,SESSAO EXTRAORDINARIA
28,557,2024-02-01,SESSAO ORDINARIA
28,558,2024-02-01,SESSAO EXTRAORDINARIA
28,559,2024-02-01,SESSAO EXTRAORDINARIA
28,560,2024-02-06,SESSAO EXTRAORDINARIA
28,561,2024-02-06,SESSAO ORDINARIA
28,562,2024-02-07,SESSAO ORDINARIA
28,563,2024-02-08,SESSAO ORDINARIA
28,564,2024-02-15,SESSAO ORDINARIA
28,565,2024-02-20,SESSAO EXTRAORDINARIA
28,566,2024-02-20,SESSAO ORDINARIA
28,567,2024-02-21,SESSAO ORDINARIA
28,568,2024-02-22,SESSAO ORDINARIA
28,569,2024-02-27,SESSAO EXTRAORDINARIA
28,570,2024-02-27,SESSAO ORDINARIA
28,571,2024-02-27,SESSAO EXTRAORDINARIA
28,572,2024-02-27,SESSAO EXTRAORDINARIA
28,573,2024-02-28,SESSAO ORDINARIA
28,574,2024-02-29,SESSAO ORDINARIA
28,575,2024-03-05,SESSAO EXTRAORDINARIA
28,576,2024-03-05,SESSAO ORDINARIA
28,577,2024-03-06,SESSAO ORDINARIA
28,578,2024-03-07,SESSAO ORDINARIA
28,579,2024-03-13,SESSAO ORDINARIA
28,580,2024-03-14,SESSAO ORDINARIA
28,581,2024-03-19,SESSAO EXTRAORDINARIA
28,582,2024-03-19,SESSAO ORDINARIA
28,583,2024-03-20,SESSAO ORDINARIA
28,584,2024-03-21,SESSAO ORDINARIA
28,585,2024-03-26,SESSAO EXTRAORDINARIA
28,586,2024-03-26,SESSAO ORDINARIA
28,587,2024-03-27,SESSAO ORDINARIA
28,588,2024-04-02,SESSAO EXTRAORDINARIA
28,589,2024-04-02,SESSAO ORDINARIA
28,590,2024-04-03,SESSAO ORDINARIA
28,591,2024-04-04,SESSAO ORDINARIA
28,592,2024-04-23,SESSAO ORDINARIA
28,593,2024-04-09,SESSAO EXTRAORDINARIA
28,594,2024-04-09,SESSAO ORDINARIA
28,595,2024-04-10,SESSAO ORDINARIA
28,596,2024-04-09,SESSAO EXTRAORDINARIA
28,597,2024-04-11,SESSAO ORDINARIA
28,598,2024-04-23,SESSAO EXTRAORDINARIA
28,599,2024-05-07,SESSAO EXTRAORDINARIA
28,600,2024-04-16,SESSAO ORDINARIA
28,601,2024-04-17,SESSAO ORDINARIA
28,602,2024-04-18,SESSAO ORDINARIA
28,603,2024-04-24,SESSAO ORDINARIA
28,604,2024-04-25,SESSAO ORDINARIA
28,605,2024-05-21,SESSAO EXTRAORDINARIA
28,606,2024-04-30,SESSAO ORDINARIA
28,607,2024-05-02,SESSAO ORDINARIA
28,608,2024-05-07,SESSAO ORDINARIA
28,609,2024-05-08,SESSAO ORDINARIA
28,610,2024-05-09,SESSAO ORDINARIA
28,611,2024-05-28,SESSAO EXTRAORDINARIA
28,612,2024-05-14,SESSAO ORDINARIA
28,613,2024-05-15,SESSAO ORDINARIA
28,614,2024-05-16,SESSAO ORDINARIA
28,615,2024-05-21,SESSAO ORDINARIA
28,616,2024-05-22,SESSAO ORDINARIA
28,617,2024-05-23,SESSAO ORDINARIA
28,618,2024-05-28,SESSAO ORDINARIA
28,619,2024-06-04,SESSAO EXTRAORDINARIA
28,620,2024-05-29,SESSAO ORDINARIA
28,621,2024-06-04,SESSAO EXTRAORDINARIA
28,622,2024-06-04,SESSAO ORDINARIA
28,623,2024-06-05,SESSAO ORDINARIA
28,624,2024-06-11,SESSAO EXTRAORDINARIA
28,625,2024-06-18,SESSAO EXTRAORDINARIA
28,626,2024-06-06,SESSAO ORDINARIA
28,627,2024-06-11,SESSAO ORDINARIA
28,628,2024-06-12,SESSAO ORDINARIA
28,629,2024-06-13,SESSAO ORDINARIA
28,630,2024-06-18,SESSAO ORDINARIA
28,631,2024-06-19,SESSAO ORDINARIA
28,632,2024-06-20,SESSAO ORDINARIA
28,633,2024-06-18,SESSAO EXTRAORDINARIA
28,634,2024-06-19,SESSAO EXTRAORDINARIA
28,635,2024-06-25,SESSAO EXTRAORDINARIA
28,636,2024-06-25,SESSAO ORDINARIA
28,637,2024-08-01,SESSAO ORDINARIA
28,638,2024-08-06,SESSAO ORDINARIA
28,639,2024-08-07,SESSAO EXTRAORDINARIA
28,640,2024-08-07,SESSAO EXTRAORDINARIA
28,641,2024-08-07,SESSAO ORDINARIA
28,642,2024-08-07,SESSAO EXTRAORDINARIA
28,643,2024-08-08,SESSAO ORDINARIA
28,644,2024-08-14,SESSAO ORDINARIA
28,645,2024-08-15,SESSAO ORDINARIA
28,646,2024-08-14,SESSAO EXTRAORDINARIA
28,647,2024-08-20,SESSAO ORDINARIA
28,648,2024-08-21,SESSAO ORDINARIA
28,649,2024-08-27,SESSAO ORDINARIA
28,650,2024-08-28,SESSAO ORDINARIA
28,651,2024-08-29,SESSAO ORDINARIA
28,652,2024-09-03,SESSAO EXTRAORDINARIA
28,653,2024-09-03,SESSAO ORDINARIA
28,654,2024-09-04,SESSAO ORDINARIA
28,655,2024-09-05,SESSAO ORDINARIA
28,656,2024-09-10,SESSAO EXTRAORDINARIA
28,657,2024-09-10,SESSAO ORDINARIA
28,658,2024-09-11,SESSAO ORDINARIA
28,659,2024-09-12,SESSAO ORDINARIA
28,660,2024-09-17,SESSAO ORDINARIA
28,661,2024-09-17,SESSAO EXTRAORDINARIA
28,662,2024-09-18,SESSAO ORDINARIA
28,663,2024-09-19,SESSAO ORDINARIA
28,664,2024-09-24,SESSAO EXTRAORDINARIA
28,665,2024-09-24,SESSAO ORDINARIA
28,666,2024-09-25,SESSAO ORDINARIA
28,667,2024-09-26,SESSAO ORDINARIA
28,668,2024-08-27,SESSAO EXTRAORDINARIA
28,669,2024-10-01,SESSAO EXTRAORDINARIA
28,670,2024-10-01,SESSAO ORDINARIA
28,671,2024-10-02,SESSAO ORDINARIA
28,672,2024-10-03,SESSAO ORDINARIA
28,673,2024-10-08,SESSAO EXTRAORDINARIA
28,674,2024-10-08,SESSAO ORDINARIA
28,675,2024-10-09,SESSAO ORDINARIA
28,676,2024-10-10,SESSAO ORDINARIA
28,677,2024-10-15,SESSAO ORDINARIA
28,678,2024-10-16,SESSAO ORDINARIA
28,679,2024-10-17,SESSAO ORDINARIA
28,680,2024-10-22,SESSAO EXTRAORDINARIA
28,681,2024-10-22,SESSAO ORDINARIA
28,682,2024-10-23,SESSAO ORDINARIA
28,683,2024-10-24,SESSAO ORDINARIA
28,684,2024-10-29,SESSAO EXTRAORDINARIA
28,685,2024-10-29,SESSAO ORDINARIA
28,686,2024-10-30,SESSAO ORDINARIA
28,687,2024-10-30,SESSAO EXTRAORDINARIA
28,688,2024-10-31,SESSAO ORDINARIA
28,689,2024-11-05,SESSAO ORDINARIA
28,690,2024-11-05,SESSAO EXTRAORDINARIA
28,691,2024-11-06,SESSAO ORDINARIA
28,692,2024-11-07,SESSAO ORDINARIA
28,693,2024-11-12,SESSAO EXTRAORDINARIA
28,694,2024-11-12,SESSAO ORDINARIA
28,1693,2024-11-13,SESSAO ORDINARIA
28,1694,2024-11-14,SESSAO ORDINARIA
28,1695,2024-11-19,SESSAO ORDINARIA
28,1696,2024-11-26,SESSAO EXTRAORDINARIA
28,1697,2024-11-26,SESSAO ORDINARIA
28,1698,2024-11-26,SESSAO EXTRAORDINARIA
28,1699,2024-11-27,SESSAO ORDINARIA
28,1700,2024-11-27,SESSAO EXTRAORDINARIA
28,1701,2024-11-28,SESSAO ORDINARIA
28,1702,2024-12-03,SESSAO ORDINARIA
28,1703,2024-12-03,SESSAO EXTRAORDINARIA
28,1704,2024-12-04,SESSAO EXTRAORDINARIA
28,1705,2024-12-04,SESSAO ORDINARIA
28,1706,2024-12-10,SESSAO EXTRAORDINARIA
28,1707,2024-12-10,SESSAO ORDINARIA
28,1708,2024-12-10,SESSAO EXTRAORDINARIA
28,1709,2024-03-12,SESSAO EXTRAORDINARIA
28,1710,2024-03-12,SESSAO EXTRAORDINARIA
28,1711,2024-03-12,SESSAO ORDINARIA
28,1713,2025-02-11,ORDINARIA
28,1715,2025-02-12,ORDINARIA
28,1716,2025-02-13,ORDINARIA
28,1717,2025-02-18,ORDINARIA
28,1719,2025-02-19,ORDINARIA
28,1720,2025-02-25,ORDINARIA
28,1721,2025-02-20,ORDINARIA
28,1724,2025-02-26,ORDINARIA
28,1727,2025-02-27,ORDINARIA
28,1730,2025-03-06,ORDINARIA
28,1733,2025-03-11,ORDINARIA
28,1734,2025-03-11,EXTRAORDINARIA
28,1736,2025-03-12,ORDINARIA
28,1739,2025-03-13,ORDINARIA
28,1740,2025-03-18,EXTRAORDINARIA
28,1741,2025-03-18,ORDINARIA
28,1742,2025-03-18,EXTRAORDINARIA
28,1743,2025-03-18,EXTRAORDINARIA
28,1744,2025-03-19,ORDINARIA
28,1746,2025-03-20,ORDINARIA
28,1752,2025-03-25,ORDINARIA
28,1754,2025-03-25,EXTRAORDINARIA
28,1755,2025-03-26,ORDINARIA
28,1756,2025-04-02,EXTRAORDINARIA
28,1757,2025-03-27,ORDINARIA
28,1759,2025-04-01,ORDINARIA
28,1762,2025-04-02,ORDINARIA
28,1763,2025-04-03,ORDINARIA
28,1765,2025-04-03,ORDINARIA
28,1769,2025-04-08,ORDINARIA
28,1770,2025-04-08,EXTRAORDINARIA
28,1773,2025-04-09,ORDINARIA
28,1775,2025-04-10,ORDINARIA
28,1776,2025-04-10,ORDINARIA
28,1780,2025-04-15,ORDINARIA
28,1783,2025-04-16,ORDINARIA
28,1785,2025-04-22,ORDINARIA
28,1786,2025-04-23,ORDINARIA
28,1788,2025-04-24,ORDINARIA
28,1789,2025-04-24,ORDINARIA
28,1790,2025-04-29,ORDINARIA
28,1792,2025-04-30,ORDINARIA
28,1794,2025-05-06,ORDINARIA
28,1795,2025-05-06,EXTRAORDINARIA
28,1796,2025-05-07,ORDINARIA
28,1797,2025-05-13,EXTRAORDINARIA
28,1798,2025-05-08,ORDINARIA
28,1799,2025-05-08,ORDINARIA
28,1802,2025-05-13,ORDINARIA
28,1803,2025-05-20,EXTRAORDINARIA
28,1805,2025-05-14,ORDINARIA
28,1807,2025-05-27,EXTRAORDINARIA
28,1813,2025-05-20,ORDINARIA
28,1817,2025-05-21,ORDINARIA
28,1819,2025-05-22,ORDINARIA
28,1820,2025-05-27,ORDINARIA
28,1825,2025-05-27,EXTRAORDINARIA
28,1827,2025-05-28,ORDINARIA
28,1829,2025-05-29,ORDINARIA
28,1830,2025-05-29,ORDINARIA
28,1833,2025-06-03,ORDINARIA
28,1834,2025-06-17,EXTRAORDINARIA
28,1836,2025-06-04,ORDINARIA
28,1838,2025-06-05,ORDINARIA
28,1842,2025-06-10,ORDINARIA
28,1844,2025-06-11,ORDINARIA
28,1846,2025-06-12,ORDINARIA
28,1847,2025-06-12,ORDINARIA
28,1848,2025-06-17,ORDINARIA
28,1851,2025-06-17,EXTRAORDINARIA
28,1854,2025-06-18,ORDINARIA
28,1856,2025-06-24,ORDINARIA
28,1858,2025-06-24,EXTRAORDINARIA
28,1859,2025-08-07,EXTRAORDINARIA
28,1862,2025-06-25,ORDINARIA
28,1864,2025-06-26,ORDINARIA
28,1865,2025-06-26,ORDINARIA
28,1870,2025-08-05,ORDINARIA
28,1873,2025-08-06,ORDINARIA
28,1875,2025-08-07,ORDINARIA
28,1876,2025-08-07,EXTRAORDINARIA
28,1879,2025-08-12,ORDINARIA
28,1880,2025-08-12,EXTRAORDINARIA
28,1882,2025-08-13,ORDINARIA
28,1884,2025-08-14,ORDINARIA
28,1885,2025-08-14,ORDINARIA
28,1891,2025-08-19,ORDINARIA
28,1892,2025-08-19,EXTRAORDINARIA
28,1895,2025-08-20,ORDINARIA
28,1896,2025-08-26,EXTRAORDINARIA
28,1897,2025-08-21,SOLENE
28,1899,2025-08-22,SOLENE
28,1903,2025-08-26,ORDINARIA
28,1904,2025-08-27,ORDINARIA
28,1905,2025-09-09,EXTRAORDINARIA
28,1906,2025-08-28,ORDINARIA
28,1907,2025-08-28,ORDINARIA
28,1911,2025-09-02,ORDINARIA
28,1913,2025-09-03,ORDINARIA
28,1914,2025-09-04,ORDINARIA
28,1915,2025-09-04,ORDINARIA
28,1916,2025-09-09,ORDINARIA
28,1917,2025-09-10,ORDINARIA
28,1919,2025-09-11,ORDINARIA
28,1920,2025-09-11,ORDINARIA
28,1927,2025-09-16,ORDINARIA
28,1928,2025-09-16,EXTRAORDINARIA
28,1929,2025-09-23,EXTRAORDINARIA
28,1930,2025-09-17,ORDINARIA
28,1932,2025-09-18,ORDINARIA
28,1933,2025-09-18,ORDINARIA
28,1939,2025-09-23,ORDINARIA
28,1941,2025-09-24,ORDINARIA
28,1944,2025-09-25,ORDINARIA
28,1945,2025-09-25,ORDINARIA
28,1950,2025-09-30,ORDINARIA
28,1951,2025-09-30,EXTRAORDINARIA
28,1954,2025-10-01,ORDINARIA
28,1956,2025-10-02,ORDINARIA
28,1963,2025-10-07,ORDINARIA
28,1964,2025-10-08,EXTRAORDINARIA
28,1966,2025-10-08,ORDINARIA
28,1967,2025-10-09,ORDINARIA
28,1968,2025-10-09,ORDINARIA
28,1974,2025-10-14,ORDINARIA
28,1975,2025-10-15,EXTRAORDINARIA
28,1977,2025-10-15,ORDINARIA
28,1979,2025-10-16,ORDINARIA
28,1985,2025-10-21,ORDINARIA
28,1986,2025-10-21,EXTRAORDINARIA
28,1988,2025-10-22,ORDINARIA
28,1989,2025-11-04,EXTRAORDINARIA
28,1990,2025-10-23,ORDINARIA
28,1992,2025-10-29,ORDINARIA
28,1994,2025-10-30,ORDINARIA
28,1995,2025-10-30,ORDINARIA
28,2000,2025-11-04,ORDINARIA
28,2003,2025-11-05,ORDINARIA
28,2004,2025-11-11,EXTRAORDINARIA
28,2006,2025-11-06,ORDINARIA
28,2013,2025-11-11,ORDINARIA
28,2014,2025-11-11,EXTRAORDINARIA
28,2015,2025-11-11,EXTRAORDINARIA
28,2018,2025-11-12,ORDINARIA
28,2020,2025-11-13,ORDINARIA
28,2027,2025-11-18,ORDINARIA
28,2028,2025-11-25,EXTRAORDINARIA
28,2030,2025-11-19,ORDINARIA
28,2034,2025-11-25,ORDINARIA
28,2035,2025-11-26,EXTRAORDINARIA
28,2037,2025-11-26,ORDINARIA
28,2038,2025-11-26,EXTRAORDINARIA
28,2039,2025-11-27,ORDINARIA
28,2040,2025-11-27,ORDINARIA
28,2045,2025-12-02,ORDINARIA
28,2046,2025-12-02,EXTRAORDINARIA
28,2047,2025-12-03,EXTRAORDINARIA
28,2050,2025-12-03,ORDINARIA
28,2053,2025-12-04,ORDINARIA
28,2057,2025-12-09,ORDINARIA
28,2058,2025-12-09,EXTRAORDINARIA
28,2060,2025-12-10,EXTRAORDINARIA
28,2061,2025-12-10,EXTRAORDINARIA
28,2062,2025-12-10,EXTRAORDINARIA
28,2065,2025-12-15,ORDINARIA
28,2066,2025-12-23,EXTRAORDINARIA
28,2067,2025-12-23,EXTRAORDINARIA
28,2069,2026-02-03,ORDINARIA
28,2070,2026-02-04,ORDINARIA
28,2072,2026-02-05,ORDINARIA
28,2074,2026-02-10,ORDINARIA
28,2075,2026-02-10,EXTRAORDINARIA
28,2078,2026-02-11,ORDINARIA
28,2079,2026-03-03,EXTRAORDINARIA
28,2081,2026-02-12,ORDINARIA
28,2082,2026-02-19,ORDINARIA
28,2084,2026-02-24,ORDINARIA
28,2085,2026-02-25,ORDINARIA
28,2088,2026-02-26,ORDINARIA
28,2092,2026-03-03,ORDINARIA
28,2093,2026-03-04,ORDINARIA
28,2096,2026-03-05,SOLENE
28,2101,2026-03-31,EXTRAORDINARIA
28,2102,2026-03-31,EXTRAORDINARIA
28,2103,2026-04-01,ORDINARIA
28,2106,2026-04-07,ORDINARIA
28,2107,2026-04-08,EXTRAORDINARIA
28,2108,2026-04-08,ORDINARIA
28,2109,2026-04-09,ORDINARIA
28,2112,2026-04-14,ORDINARIA
28,2113,2026-04-14,EXTRAORDINARIA
28,2114,2026-04-15,ORDINARIA
28,2115,2026-04-29,EXTRAORDINARIA
28,2116,2026-04-16,ORDINARIA
28,2118,2026-04-22,ORDINARIA
28,2119,2026-04-23,ORDINARIA
28,2122,2026-04-28,ORDINARIA
28,2125,2026-04-29,ORDINARIA
28,2126,2026-03-17,ORDINARIA
28,2127,2026-03-18,ORDINARIA
28,2128,2026-03-25,EXTRAORDINARIA
28,2131,2026-03-19,ORDINARIA
28,2136,2026-03-24,ORDINARIA
28,2138,2026-03-25,ORDINARIA
28,2139,2026-03-25,EXTRAORDINARIA
28,2141,2026-03-26,ORDINARIA
28,2143,2026-03-31,ORDINARIA
28,2145,2026-04-30,ORDINARIA
28,2148,2026-05-05,ORDINARIA
28,2149,2026-05-12,EXTRAORDINARIA
28,2150,2026-05-06,ORDINARIA
28,2152,2026-05-07,ORDINARIA
28,2159,2026-05-12,ORDINARIA
28,2161,2026-05-13,ORDINARIA
28,2163,2026-05-14,ORDINARIA
28,2170,2026-05-19,ORDINARIA
28,2171,2026-03-10,ORDINARIA
28,2172,2026-03-17,EXTRAORDINARIA
28,2173,2026-03-11,ORDINARIA
28,2176,2026-03-12,ORDINARIA
28,2183,2026-05-19,EXTRAORDINARIA
28,2185,2026-05-20,ORDINARIA
28,2186,2026-06-09,EXTRAORDINARIA
28,2188,2026-05-21,ORDINARIA
28,2191,2026-05-26,ORDINARIA
28,2192,2026-05-27,ORDINARIA
28,2193,2026-05-28,ORDINARIA
28,2199,2026-06-02,ORDINARIA
28,2200,2026-06-03,ORDINARIA
28,2203,2026-06-09,ORDINARIA
28,2204,2026-06-10,ORDINARIA
28,2205,2026-06-11,ORDINARIA
28,2213,2026-06-23,ORDINARIA
28,2218,2026-06-30,ORDINARIA
28,2219,2026-06-30,EXTRAORDINARIA
28,2220,2026-06-30,EXTRAORDINARIA
28,2225,2026-08-04,ORDINARIA
28,2228,2026-08-05,ORDINARIA
28,2229,2026-08-06,ORDINARIA
28,2233,2026-06-16,ORDINARIA
28,2234,2026-06-16,EXTRAORDINARIA
28,2235,2026-06-30,EXTRAORDINARIA
28,2237,2026-06-17,ORDINARIA
28,2239,2026-06-18,ORDINARIA
28,2241,2026-08-11,ORDINARIA
28,2244,2026-08-12,ORDINARIA
28,2245,2026-08-13,ORDINARIA
28,2250,2026-08-18,ORDINARIA
28,2253,2026-08-19,ORDINARIA
28,2255,2026-08-20,ORDINARIA
28,2258,2026-08-25,ORDINARIA
29,19,2020-03-11,SESSAO EXTRAORDINARIA
29,36,2020-04-01,SESSAO EXTRAORDINARIA
29,123,2020-11-24,SESSAO EXTRAORDINARIA
29,126,2020-12-01,SESSAO EXTRAORDINARIA
29,127,2020-12-01,SESSAO EXTRAORDINARIA
29,128,2020-12-02,SESSAO EXTRAORDINARIA
29,131,2020-12-09,SESSAO EXTRAORDINARIA
29,141,2021-02-23,SESSAO EXTRAORDINARIA
29,175,2021-05-25,SESSAO EXTRAORDINARIA
29,176,2021-05-26,SESSAO EXTRAORDINARIA
29,177,2021-06-01,SESSAO EXTRAORDINARIA
29,178,2021-06-02,SESSAO EXTRAORDINARIA
29,183,2021-06-15,SESSAO EXTRAORDINARIA
29,186,2021-06-23,SESSAO EXTRAORDINARIA
29,187,2021-06-23,SESSAO EXTRAORDINARIA
29,194,2021-08-05,SESSAO ORDINARIA
29,195,2021-08-05,SESSAO ORDINARIA
29,207,2021-08-26,SESSAO ORDINARIA
29,212,2021-09-02,SESSAO ORDINARIA
29,214,2021-09-09,SESSAO ORDINARIA
29,218,2021-09-16,SESSAO ORDINARIA
29,222,2021-09-23,SESSAO ORDINARIA
29,225,2021-09-30,SESSAO ORDINARIA
29,233,2021-10-14,SESSAO ORDINARIA
29,237,2021-10-21,SESSAO ORDINARIA
29,241,2021-11-03,SESSAO ORDINARIA
29,242,2021-11-03,SESSAO EXTRAORDINARIA
29,243,2021-11-03,SESSAO EXTRAORDINARIA
29,244,2021-11-04,SESSAO ORDINARIA
29,249,2021-11-11,SESSAO ORDINARIA
29,255,2021-11-24,SESSAO ORDINARIA
29,260,2021-12-02,SESSAO ORDINARIA
29,264,2021-12-08,SESSAO EXTRAORDINARIA
29,266,2021-12-09,SESSAO EXTRAORDINARIA
29,272,2021-12-15,SESSAO ORDINARIA
29,284,2022-02-17,SESSAO ORDINARIA
29,287,2022-02-23,SESSAO ORDINARIA
29,288,2022-03-08,SESSAO EXTRAORDINARIA
29,294,2022-03-10,SESSAO ORDINARIA
29,296,2022-03-23,SESSAO EXTRAORDINARIA
29,301,2022-03-23,SESSAO ORDINARIA
29,303,2022-03-24,SESSAO ORDINARIA
29,307,2022-03-31,SESSAO EXTRAORDINARIA
29,310,2022-03-31,SESSAO EXTRAORDINARIA
29,311,2022-03-31,SESSAO EXTRAORDINARIA
29,314,2022-04-06,SESSAO ORDINARIA
29,319,2022-04-13,SESSAO ORDINARIA
29,326,2022-05-04,SESSAO ORDINARIA
29,327,2022-05-05,SESSAO ORDINARIA
29,329,2022-05-11,SESSAO ORDINARIA
29,332,2022-06-07,SESSAO EXTRAORDINARIA
29,336,2022-05-19,SESSAO ORDINARIA
29,345,2022-06-21,SESSAO EXTRAORDINARIA
29,346,2022-06-09,SESSAO ORDINARIA
29,348,2022-06-15,SESSAO ORDINARIA
29,350,2022-06-22,SESSAO ORDINARIA
29,355,2022-06-29,SESSAO EXTRAORDINARIA
29,356,2022-06-30,SESSAO ORDINARIA
29,358,2022-08-30,SESSAO EXTRAORDINARIA
29,366,2022-08-18,SESSAO ORDINARIA
29,367,2022-08-23,SESSAO ORDINARIA
29,369,2022-08-25,SESSAO ORDINARIA
29,372,2022-09-13,SESSAO EXTRAORDINARIA
29,373,2022-09-01,SESSAO ORDINARIA
29,374,2022-09-08,SESSAO ORDINARIA
29,377,2022-09-15,SESSAO ORDINARIA
29,381,2022-09-22,SESSAO ORDINARIA
29,382,2022-09-27,SESSAO ORDINARIA
29,384,2022-09-29,SESSAO ORDINARIA
29,386,2022-10-05,SESSAO ORDINARIA
29,390,2022-10-18,SESSAO ORDINARIA
29,392,2022-10-20,SESSAO ORDINARIA
29,394,2022-10-25,SESSAO EXTRAORDINARIA
29,400,2022-11-09,SESSAO ORDINARIA
29,401,2022-11-22,SESSAO EXTRAORDINARIA
29,402,2022-11-10,SESSAO ORDINARIA
29,406,2022-11-22,SESSAO ORDINARIA
29,407,2022-11-23,SESSAO ORDINARIA
29,408,2022-11-29,SESSAO ORDINARIA
29,409,2022-12-01,SESSAO ORDINARIA
29,413,2022-12-08,SESSAO ORDINARIA
29,416,2022-12-14,SESSAO ORDINARIA
29,417,2022-12-15,SESSAO ORDINARIA
29,418,2023-02-01,SESSAO ORDINARIA
29,419,2023-02-02,SESSAO ORDINARIA
29,420,2023-02-07,SESSAO ORDINARIA
29,421,2023-02-08,SESSAO ORDINARIA
29,422,2023-02-14,SESSAO EXTRAORDINARIA
29,423,2023-02-09,SESSAO ORDINARIA
29,424,2023-02-16,SESSAO EXTRAORDINARIA
29,425,2023-02-14,SESSAO ORDINARIA
29,426,2023-02-15,SESSAO ORDINARIA
29,427,2023-02-16,SESSAO ORDINARIA
29,428,2023-02-23,SESSAO ORDINARIA
29,429,2023-02-28,SESSAO ORDINARIA
29,430,2023-03-01,SESSAO ORDINARIA
29,431,2023-03-21,SESSAO EXTRAORDINARIA
29,432,2023-03-02,SESSAO ORDINARIA
29,433,2023-03-07,SESSAO ORDINARIA
29,434,2023-03-08,SESSAO ORDINARIA
29,435,2023-03-09,SESSAO ORDINARIA
29,436,2023-03-14,SESSAO ORDINARIA
29,437,2023-03-15,SESSAO ORDINARIA
29,438,2023-03-16,SESSAO ORDINARIA
29,439,2023-03-21,SESSAO ORDINARIA
29,440,2023-03-22,SESSAO ORDINARIA
29,441,2023-03-23,SESSAO ORDINARIA
29,442,2023-03-21,SESSAO EXTRAORDINARIA
29,443,2023-04-04,SESSAO EXTRAORDINARIA
29,444,2023-03-28,SESSAO ORDINARIA
29,445,2023-03-29,SESSAO ORDINARIA
29,446,2023-03-30,SESSAO ORDINARIA
29,447,2023-04-04,SESSAO ORDINARIA
29,448,2023-04-05,SESSAO ORDINARIA
29,449,2023-04-11,SESSAO EXTRAORDINARIA
29,450,2023-04-11,SESSAO ORDINARIA
29,451,2023-04-12,SESSAO ORDINARIA
29,452,2023-04-13,SESSAO ORDINARIA
29,453,2023-04-18,SESSAO ORDINARIA
29,454,2023-04-19,SESSAO ORDINARIA
29,455,2023-04-20,SESSAO ORDINARIA
29,456,2023-04-25,SESSAO ORDINARIA
29,457,2023-04-26,SESSAO ORDINARIA
29,458,2023-04-27,SESSAO ORDINARIA
29,459,2023-05-02,SESSAO ORDINARIA
29,460,2023-05-03,SESSAO ORDINARIA
29,461,2023-05-04,SESSAO ORDINARIA
29,462,2023-05-09,SESSAO EXTRAORDINARIA
29,463,2023-05-09,SESSAO ORDINARIA
29,464,2023-05-10,SESSAO ORDINARIA
29,465,2023-05-11,SESSAO ORDINARIA
29,466,2023-05-16,SESSAO EXTRAORDINARIA
29,467,2023-05-16,SESSAO ORDINARIA
29,468,2023-05-17,SESSAO ORDINARIA
29,469,2023-05-18,SESSAO ORDINARIA
29,470,2023-05-23,SESSAO ORDINARIA
29,471,2023-05-24,SESSAO ORDINARIA
29,472,2023-05-25,SESSAO ORDINARIA
29,473,2023-05-30,SESSAO ORDINARIA
29,474,2023-05-31,SESSAO EXTRAORDINARIA
29,475,2023-05-31,SESSAO ORDINARIA
29,476,2023-06-01,SESSAO ORDINARIA
29,477,2023-06-06,SESSAO ORDINARIA
29,478,2023-06-07,SESSAO ORDINARIA
29,479,2023-06-13,SESSAO ORDINARIA
29,480,2023-06-14,SESSAO ORDINARIA
29,481,2023-06-20,SESSAO EXTRAORDINARIA
29,482,2023-06-20,SESSAO ORDINARIA
29,483,2023-06-21,SESSAO ORDINARIA
29,484,2023-06-22,SESSAO ORDINARIA
29,485,2023-06-27,SESSAO EXTRAORDINARIA
29,486,2023-06-27,SESSAO ORDINARIA
29,487,2023-08-01,SESSAO ORDINARIA
29,488,2023-08-02,SESSAO ORDINARIA
29,489,2023-08-03,SESSAO ORDINARIA
29,490,2023-08-08,SESSAO ORDINARIA
29,491,2023-08-09,SESSAO ORDINARIA
29,492,2023-08-10,SESSAO ORDINARIA
29,493,2023-08-15,SESSAO ORDINARIA
29,494,2023-08-15,SESSAO EXTRAORDINARIA
29,495,2023-08-16,SESSAO ORDINARIA
29,496,2023-08-22,SESSAO ORDINARIA
29,497,2023-08-22,SESSAO EXTRAORDINARIA
29,498,2023-08-23,SESSAO ORDINARIA
29,499,2023-08-24,SESSAO ORDINARIA
29,500,2023-08-29,SESSAO ORDINARIA
29,501,2023-08-29,SESSAO EXTRAORDINARIA
29,502,2023-08-29,SESSAO EXTRAORDINARIA
29,503,2023-08-30,SESSAO ORDINARIA
29,504,2023-08-31,SESSAO ORDINARIA
29,505,2023-09-05,SESSAO ORDINARIA
29,506,2023-09-12,SESSAO ORDINARIA
29,507,2023-09-13,SESSAO ORDINARIA
29,508,2023-09-19,SESSAO EXTRAORDINARIA
29,509,2023-09-19,SESSAO ORDINARIA
29,510,2023-09-20,SESSAO ORDINARIA
29,511,2023-09-21,SESSAO ORDINARIA
29,512,2023-09-26,SESSAO EXTRAORDINARIA
29,513,2023-09-26,SESSAO ORDINARIA
29,514,2023-09-27,SESSAO ORDINARIA
29,515,2023-09-28,SESSAO ORDINARIA
29,516,2023-10-03,SESSAO EXTRAORDINARIA
29,517,2023-10-03,SESSAO ORDINARIA
29,518,2023-10-04,SESSAO ORDINARIA
29,519,2023-10-05,SESSAO ORDINARIA
29,520,2023-10-10,SESSAO ORDINARIA
29,521,2023-10-10,SESSAO EXTRAORDINARIA
29,522,2023-10-11,SESSAO ORDINARIA
29,523,2023-10-17,SESSAO EXTRAORDINARIA
29,524,2023-10-17,SESSAO ORDINARIA
29,525,2023-10-18,SESSAO ORDINARIA
29,526,2023-10-19,SESSAO ORDINARIA
29,527,2023-10-24,SESSAO EXTRAORDINARIA
29,528,2023-10-24,SESSAO ORDINARIA
29,529,2023-10-25,SESSAO ORDINARIA
29,530,2023-10-31,SESSAO ORDINARIA
29,531,2023-10-31,SESSAO EXTRAORDINARIA
29,532,2023-11-01,SESSAO ORDINARIA
29,533,2023-11-07,SESSAO ORDINARIA
29,534,2023-11-07,SESSAO EXTRAORDINARIA
29,535,2023-11-08,SESSAO ORDINARIA
29,536,2023-11-09,SESSAO ORDINARIA
29,537,2023-11-14,SESSAO EXTRAORDINARIA
29,538,2023-11-14,SESSAO ORDINARIA
29,539,2023-11-16,SESSAO ORDINARIA
29,540,2023-11-21,SESSAO ORDINARIA
29,541,2023-11-21,SESSAO EXTRAORDINARIA
29,542,2023-11-21,SESSAO EXTRAORDINARIA
29,543,2023-11-22,SESSAO ORDINARIA
29,544,2023-11-23,SESSAO ORDINARIA
29,545,2023-11-28,SESSAO EXTRAORDINARIA
29,546,2023-11-28,SESSAO ORDINARIA
29,547,2023-11-28,SESSAO EXTRAORDINARIA
29,548,2023-12-05,SESSAO ORDINARIA
29,549,2023-12-05,SESSAO EXTRAORDINARIA
29,550,2023-12-06,SESSAO ORDINARIA
29,551,2023-12-07,SESSAO ORDINARIA
29,552,2023-12-12,SESSAO EXTRAORDINARIA
29,553,2023-12-12,SESSAO ORDINARIA
29,554,2023-12-13,SESSAO ORDINARIA
29,555,2023-12-13,SESSAO EXTRAORDINARIA
29,556,2023-12-13,SESSAO EXTRAORDINARIA
29,557,2024-02-01,SESSAO ORDINARIA
29,558,2024-02-01,SESSAO EXTRAORDINARIA
29,559,2024-02-01,SESSAO EXTRAORDINARIA
29,560,2024-02-06,SESSAO EXTRAORDINARIA
29,561,2024-02-06,SESSAO ORDINARIA
29,562,2024-02-07,SESSAO ORDINARIA
29,563,2024-02-08,SESSAO ORDINARIA
29,564,2024-02-15,SESSAO ORDINARIA
29,565,2024-02-20,SESSAO EXTRAORDINARIA
29,566,2024-02-20,SESSAO ORDINARIA
29,567,2024-02-21,SESSAO ORDINARIA
29,568,2024-02-22,SESSAO ORDINARIA
29,569,2024-02-27,SESSAO EXTRAORDINARIA
29,570,2024-02-27,SESSAO ORDINARIA
29,571,2024-02-27,SESSAO EXTRAORDINARIA
29,572,2024-02-27,SESSAO EXTRAORDINARIA
29,573,2024-02-28,SESSAO ORDINARIA
29,574,2024-02-29,SESSAO ORDINARIA
29,575,2024-03-05,SESSAO EXTRAORDINARIA
29,576,2024-03-05,SESSAO ORDINARIA
29,577,2024-03-06,SESSAO ORDINARIA
29,578,2024-03-07,SESSAO ORDINARIA
29,579,2024-03-13,SESSAO ORDINARIA
29,580,2024-03-14,SESSAO ORDINARIA
29,581,2024-03-19,SESSAO EXTRAORDINARIA
29,582,2024-03-19,SESSAO ORDINARIA
29,583,2024-03-20,SESSAO ORDINARIA
29,584,2024-03-21,SESSAO ORDINARIA
29,585,2024-03-26,SESSAO EXTRAORDINARIA
29,586,2024-03-26,SESSAO ORDINARIA
29,587,2024-03-27,SESSAO ORDINARIA
29,588,2024-04-02,SESSAO EXTRAORDINARIA
29,589,2024-04-02,SESSAO ORDINARIA
29,590,2024-04-03,SESSAO ORDINARIA
29,591,2024-04-04,SESSAO ORDINARIA
29,592,2024-04-23,SESSAO ORDINARIA
29,593,2024-04-09,SESSAO EXTRAORDINARIA
29,594,2024-04-09,SESSAO ORDINARIA
29,595,2024-04-10,SESSAO ORDINARIA
29,596,2024-04-09,SESSAO EXTRAORDINARIA
29,597,2024-04-11,SESSAO ORDINARIA
29,598,2024-04-23,SESSAO EXTRAORDINARIA
29,599,2024-05-07,SESSAO EXTRAORDINARIA
29,600,2024-04-16,SESSAO ORDINARIA
29,601,2024-04-17,SESSAO ORDINARIA
29,602,2024-04-18,SESSAO ORDINARIA
29,603,2024-04-24,SESSAO ORDINARIA
29,604,2024-04-25,SESSAO ORDINARIA
29,605,2024-05-21,SESSAO EXTRAORDINARIA
29,606,2024-04-30,SESSAO ORDINARIA
29,607,2024-05-02,SESSAO ORDINARIA
29,608,2024-05-07,SESSAO ORDINARIA
29,609,2024-05-08,SESSAO ORDINARIA
29,610,2024-05-09,SESSAO ORDINARIA
29,611,2024-05-28,SESSAO EXTRAORDINARIA
29,612,2024-05-14,SESSAO ORDINARIA
29,613,2024-05-15,SESSAO ORDINARIA
29,614,2024-05-16,SESSAO ORDINARIA
29,615,2024-05-21,SESSAO ORDINARIA
29,616,2024-05-22,SESSAO ORDINARIA
29,617,2024-05-23,SESSAO ORDINARIA
29,618,2024-05-28,SESSAO ORDINARIA
29,619,2024-06-04,SESSAO EXTRAORDINARIA
29,620,2024-05-29,SESSAO ORDINARIA
29,621,2024-06-04,SESSAO EXTRAORDINARIA
29,622,2024-06-04,SESSAO ORDINARIA
29,623,2024-06-05,SESSAO ORDINARIA
29,624,2024-06-11,SESSAO EXTRAORDINARIA
29,625,2024-06-18,SESSAO EXTRAORDINARIA
29,626,2024-06-06,SESSAO ORDINARIA
29,627,2024-06-11,SESSAO ORDINARIA
29,628,2024-06-12,SESSAO ORDINARIA
29,629,2024-06-13,SESSAO ORDINARIA
29,630,2024-06-18,SESSAO ORDINARIA
29,631,2024-06-19,SESSAO ORDINARIA
29,632,2024-06-20,SESSAO ORDINARIA
29,633,2024-06-18,SESSAO EXTRAORDINARIA
29,634,2024-06-19,SESSAO EXTRAORDINARIA
29,635,2024-06-25,SESSAO EXTRAORDINARIA
29,636,2024-06-25,SESSAO ORDINARIA
29,637,2024-08-01,SESSAO ORDINARIA
29,638,2024-08-06,SESSAO ORDINARIA
29,639,2024-08-07,SESSAO EXTRAORDINARIA
29,640,2024-08-07,SESSAO EXTRAORDINARIA
29,641,2024-08-07,SESSAO ORDINARIA
29,642,2024-08-07,SESSAO EXTRAORDINARIA
29,643,2024-08-08,SESSAO ORDINARIA
29,644,2024-08-14,SESSAO ORDINARIA
29,645,2024-08-15,SESSAO ORDINARIA
29,646,2024-08-14,SESSAO EXTRAORDINARIA
29,647,2024-08-20,SESSAO ORDINARIA
29,648,2024-08-21,SESSAO ORDINARIA
29,649,2024-08-27,SESSAO ORDINARIA
29,650,2024-08-28,SESSAO ORDINARIA
29,651,2024-08-29,SESSAO ORDINARIA
29,652,2024-09-03,SESSAO EXTRAORDINARIA
29,653,2024-09-03,SESSAO ORDINARIA
29,654,2024-09-04,SESSAO ORDINARIA
29,655,2024-09-05,SESSAO ORDINARIA
29,656,2024-09-10,SESSAO EXTRAORDINARIA
29,657,2024-09-10,SESSAO ORDINARIA
29,658,2024-09-11,SESSAO ORDINARIA
29,659,2024-09-12,SESSAO ORDINARIA
29,660,2024-09-17,SESSAO ORDINARIA
29,661,2024-09-17,SESSAO EXTRAORDINARIA
29,662,2024-09-18,SESSAO ORDINARIA
29,663,2024-09-19,SESSAO ORDINARIA
29,664,2024-09-24,SESSAO EXTRAORDINARIA
29,665,2024-09-24,SESSAO ORDINARIA
29,666,2024-09-25,SESSAO ORDINARIA
29,667,2024-09-26,SESSAO ORDINARIA
29,668,2024-08-27,SESSAO EXTRAORDINARIA
29,669,2024-10-01,SESSAO EXTRAORDINARIA
29,670,2024-10-01,SESSAO ORDINARIA
29,671,2024-10-02,SESSAO ORDINARIA
29,672,2024-10-03,SESSAO ORDINARIA
29,673,2024-10-08,SESSAO EXTRAORDINARIA
29,674,2024-10-08,SESSAO ORDINARIA
29,675,2024-10-09,SESSAO ORDINARIA
29,676,2024-10-10,SESSAO ORDINARIA
29,677,2024-10-15,SESSAO ORDINARIA
29,678,2024-10-16,SESSAO ORDINARIA
29,679,2024-10-17,SESSAO ORDINARIA
29,680,2024-10-22,SESSAO EXTRAORDINARIA
29,681,2024-10-22,SESSAO ORDINARIA
29,682,2024-10-23,SESSAO ORDINARIA
29,683,2024-10-24,SESSAO ORDINARIA
29,684,2024-10-29,SESSAO EXTRAORDINARIA
29,685,2024-10-29,SESSAO ORDINARIA
29,686,2024-10-30,SESSAO ORDINARIA
29,687,2024-10-30,SESSAO EXTRAORDINARIA
29,688,2024-10-31,SESSAO ORDINARIA
29,689,2024-11-05,SESSAO ORDINARIA
29,690,2024-11-05,SESSAO EXTRAORDINARIA
29,691,2024-11-06,SESSAO ORDINARIA
29,692,2024-11-07,SESSAO ORDINARIA
29,693,2024-11-12,SESSAO EXTRAORDINARIA
29,694,2024-11-12,SESSAO ORDINARIA
29,1693,2024-11-13,SESSAO ORDINARIA
29,1694,2024-11-14,SESSAO ORDINARIA
29,1695,2024-11-19,SESSAO ORDINARIA
29,1696,2024-11-26,SESSAO EXTRAORDINARIA
29,1697,2024-11-26,SESSAO ORDINARIA
29,1698,2024-11-26,SESSAO EXTRAORDINARIA
29,1699,2024-11-27,SESSAO ORDINARIA
29,1700,2024-11-27,SESSAO EXTRAORDINARIA
29,1701,2024-11-28,SESSAO ORDINARIA
29,1702,2024-12-03,SESSAO ORDINARIA
29,1703,2024-12-03,SESSAO EXTRAORDINARIA
29,1704,2024-12-04,SESSAO EXTRAORDINARIA
29,1705,2024-12-04,SESSAO ORDINARIA
29,1706,2024-12-10,SESSAO EXTRAORDINARIA
29,1707,2024-12-10,SESSAO ORDINARIA
29,1708,2024-12-10,SESSAO EXTRAORDINARIA
29,1709,2024-03-12,SESSAO EXTRAORDINARIA
29,1710,2024-03-12,SESSAO EXTRAORDINARIA
29,1711,2024-03-12,SESSAO ORDINARIA
29,1713,2025-02-11,ORDINARIA
29,1715,2025-02-12,ORDINARIA
29,1716,2025-02-13,ORDINARIA
29,1717,2025-02-18,ORDINARIA
29,1719,2025-02-19,ORDINARIA
29,1720,2025-02-25,ORDINARIA
29,1721,2025-02-20,ORDINARIA
29,1724,2025-02-26,ORDINARIA
29,1727,2025-02-27,ORDINARIA
29,1730,2025-03-06,ORDINARIA
29,1733,2025-03-11,ORDINARIA
29,1734,2025-03-11,EXTRAORDINARIA
29,1736,2025-03-12,ORDINARIA
29,1739,2025-03-13,ORDINARIA
29,1740,2025-03-18,EXTRAORDINARIA
29,1741,2025-03-18,ORDINARIA
29,1742,2025-03-18,EXTRAORDINARIA
29,1743,2025-03-18,EXTRAORDINARIA
29,1744,2025-03-19,ORDINARIA
29,1746,2025-03-20,ORDINARIA
29,1752,2025-03-25,ORDINARIA
29,1754,2025-03-25,EXTRAORDINARIA
29,1755,2025-03-26,ORDINARIA
29,1756,2025-04-02,EXTRAORDINARIA
29,1757,2025-03-27,ORDINARIA
29,1759,2025-04-01,ORDINARIA
29,1762,2025-04-02,ORDINARIA
29,1763,2025-04-03,ORDINARIA
29,1765,2025-04-03,ORDINARIA
29,1769,2025-04-08,ORDINARIA
29,1770,2025-04-08,EXTRAORDINARIA
29,1773,2025-04-09,ORDINARIA
29,1775,2025-04-10,ORDINARIA
29,1776,2025-04-10,ORDINARIA
29,1780,2025-04-15,ORDINARIA
29,1783,2025-04-16,ORDINARIA
29,1785,2025-04-22,ORDINARIA
29,1786,2025-04-23,ORDINARIA
29,1788,2025-04-24,ORDINARIA
29,1789,2025-04-24,ORDINARIA
29,1790,2025-04-29,ORDINARIA
29,1792,2025-04-30,ORDINARIA
29,1794,2025-05-06,ORDINARIA
29,1795,2025-05-06,EXTRAORDINARIA
29,1796,2025-05-07,ORDINARIA
29,1797,2025-05-13,EXTRAORDINARIA
29,1798,2025-05-08,ORDINARIA
29,1799,2025-05-08,ORDINARIA
29,1802,2025-05-13,ORDINARIA
29,1803,2025-05-20,EXTRAORDINARIA
29,1805,2025-05-14,ORDINARIA
29,1807,2025-05-27,EXTRAORDINARIA
29,1813,2025-05-20,ORDINARIA
29,1817,2025-05-21,ORDINARIA
29,1819,2025-05-22,ORDINARIA
29,1820,2025-05-27,ORDINARIA
29,1825,2025-05-27,EXTRAORDINARIA
29,1827,2025-05-28,ORDINARIA
29,1829,2025-05-29,ORDINARIA
29,1830,2025-05-29,ORDINARIA
29,1833,2025-06-03,ORDINARIA
29,1834,2025-06-17,EXTRAORDINARIA
29,1836,2025-06-04,ORDINARIA
29,1838,2025-06-05,ORDINARIA
29,1842,2025-06-10,ORDINARIA
29,1844,2025-06-11,ORDINARIA
29,1846,2025-06-12,ORDINARIA
29,1847,2025-06-12,ORDINARIA
29,1848,2025-06-17,ORDINARIA
29,1851,2025-06-17,EXTRAORDINARIA
29,1854,2025-06-18,ORDINARIA
29,1856,2025-06-24,ORDINARIA
29,1858,2025-06-24,EXTRAORDINARIA
29,1859,2025-08-07,EXTRAORDINARIA
29,1862,2025-06-25,ORDINARIA
29,1864,2025-06-26,ORDINARIA
29,1865,2025-06-26,ORDINARIA
29,1870,2025-08-05,ORDINARIA
29,1873,2025-08-06,ORDINARIA
29,1875,2025-08-07,ORDINARIA
29,1876,2025-08-07,EXTRAORDINARIA
29,1879,2025-08-12,ORDINARIA
29,1880,2025-08-12,EXTRAORDINARIA
29,1882,2025-08-13,ORDINARIA
29,1884,2025-08-14,ORDINARIA
29,1885,2025-08-14,ORDINARIA
29,1891,2025-08-19,ORDINARIA
29,1892,2025-08-19,EXTRAORDINARIA
29,1895,2025-08-20,ORDINARIA
29,1896,2025-08-26,EXTRAORDINARIA
29,1897,2025-08-21,SOLENE
29,1899,2025-08-22,SOLENE
29,1903,2025-08-26,ORDINARIA
29,1904,2025-08-27,ORDINARIA
29,1905,2025-09-09,EXTRAORDINARIA
29,1906,2025-08-28,ORDINARIA
29,1907,2025-08-28,ORDINARIA
29,1911,2025-09-02,ORDINARIA
29,1913,2025-09-03,ORDINARIA
29,1914,2025-09-04,ORDINARIA
29,1915,2025-09-04,ORDINARIA
29,1916,2025-09-09,ORDINARIA
29,1917,2025-09-10,ORDINARIA
29,1919,2025-09-11,ORDINARIA
29,1920,2025-09-11,ORDINARIA
29,1927,2025-09-16,ORDINARIA
29,1928,2025-09-16,EXTRAORDINARIA
29,1929,2025-09-23,EXTRAORDINARIA
29,1930,2025-09-17,ORDINARIA
29,1932,2025-09-18,ORDINARIA
29,1933,2025-09-18,ORDINARIA
29,1939,2025-09-23,ORDINARIA
29,1941,2025-09-24,ORDINARIA
29,1944,2025-09-25,ORDINARIA
29,1945,2025-09-25,ORDINARIA
29,1950,2025-09-30,ORDINARIA
29,1951,2025-09-30,EXTRAORDINARIA
29,1954,2025-10-01,ORDINARIA
29,1956,2025-10-02,ORDINARIA
29,1963,2025-10-07,ORDINARIA
29,1964,2025-10-08,EXTRAORDINARIA
29,1966,2025-10-08,ORDINARIA
29,1967,2025-10-09,ORDINARIA
29,1968,2025-10-09,ORDINARIA
29,1974,2025-10-14,ORDINARIA
29,1975,2025-10-15,EXTRAORDINARIA
29,1977,2025-10-15,ORDINARIA
29,1979,2025-10-16,ORDINARIA
29,1985,2025-10-21,ORDINARIA
29,1986,2025-10-21,EXTRAORDINARIA
29,1988,2025-10-22,ORDINARIA
29,1989,2025-11-04,EXTRAORDINARIA
29,1990,2025-10-23,ORDINARIA
29,1992,2025-10-29,ORDINARIA
29,1994,2025-10-30,ORDINARIA
29,1995,2025-10-30,ORDINARIA
29,2000,2025-11-04,ORDINARIA
29,2003,2025-11-05,ORDINARIA
29,2004,2025-11-11,EXTRAORDINARIA
29,2006,2025-11-06,ORDINARIA
29,2013,2025-11-11,ORDINARIA
29,2014,2025-11-11,EXTRAORDINARIA
29,2015,2025-11-11,EXTRAORDINARIA
29,2018,2025-11-12,ORDINARIA
29,2020,2025-11-13,ORDINARIA
29,2027,2025-11-18,ORDINARIA
29,2028,2025-11-25,EXTRAORDINARIA
29,2030,2025-11-19,ORDINARIA
29,2034,2025-11-25,ORDINARIA
29,2035,2025-11-26,EXTRAORDINARIA
29,2037,2025-11-26,ORDINARIA
29,2038,2025-11-26,EXTRAORDINARIA
29,2039,2025-11-27,ORDINARIA
29,2040,2025-11-27,ORDINARIA
29,2045,2025-12-02,ORDINARIA
29,2046,2025-12-02,EXTRAORDINARIA
29,2047,2025-12-03,EXTRAORDINARIA
29,2050,2025-12-03,ORDINARIA
29,2053,2025-12-04,ORDINARIA
29,2057,2025-12-09,ORDINARIA
29,2058,2025-12-09,EXTRAORDINARIA
29,2060,2025-12-10,EXTRAORDINARIA
29,2061,2025-12-10,EXTRAORDINARIA
29,2062,2025-12-10,EXTRAORDINARIA
29,2065,2025-12-15,ORDINARIA
29,2066,2025-12-23,EXTRAORDINARIA
29,2067,2025-12-23,EXTRAORDINARIA
29,2069,2026-02-03,ORDINARIA
29,2070,2026-02-04,ORDINARIA
29,2072,2026-02-05,ORDINARIA
29,2074,2026-02-10,ORDINARIA
29,2075,2026-02-10,EXTRAORDINARIA
29,2078,2026-02-11,ORDINARIA
29,2079,2026-03-03,EXTRAORDINARIA
29,2081,2026-02-12,ORDINARIA
29,2082,2026-02-19,ORDINARIA
29,2084,2026-02-24,ORDINARIA
29,2085,2026-02-25,ORDINARIA
29,2088,2026-02-26,ORDINARIA
29,2092,2026-03-03,ORDINARIA
29,2093,2026-03-04,ORDINARIA
29,2096,2026-03-05,SOLENE
29,2101,2026-03-31,EXTRAORDINARIA
29,2102,2026-03-31,EXTRAORDINARIA
29,2103,2026-04-01,ORDINARIA
29,2106,2026-04-07,ORDINARIA
29,2107,2026-04-08,EXTRAORDINARIA
29,2108,2026-04-08,ORDINARIA
29,2109,2026-04-09,ORDINARIA
29,2112,2026-04-14,ORDINARIA
29,2113,2026-04-14,EXTRAORDINARIA
29,2114,2026-04-15,ORDINARIA
29,2115,2026-04-29,EXTRAORDINARIA
29,2116,2026-04-16,ORDINARIA
29,2118,2026-04-22,ORDINARIA
29,2119,2026-04-23,ORDINARIA
29,2122,2026-04-28,ORDINARIA
29,2125,2026-04-29,ORDINARIA
29,2126,2026-03-17,ORDINARIA
29,2127,2026-03-18,ORDINARIA
29,2128,2026-03-25,EXTRAORDINARIA
29,2131,2026-03-19,ORDINARIA
29,2136,2026-03-24,ORDINARIA
29,2138,2026-03-25,ORDINARIA
29,2139,2026-03-25,EXTRAORDINARIA
29,2141,2026-03-26,ORDINARIA
29,2143,2026-03-31,ORDINARIA
29,2145,2026-04-30,ORDINARIA
29,2148,2026-05-05,ORDINARIA
29,2149,2026-05-12,EXTRAORDINARIA
29,2150,2026-05-06,ORDINARIA
29,2152,2026-05-07,ORDINARIA
29,2159,2026-05-12,ORDINARIA
29,2161,2026-05-13,ORDINARIA
29,2163,2026-05-14,ORDINARIA
29,2170,2026-05-19,ORDINARIA
29,2171,2026-03-10,ORDINARIA
29,2172,2026-03-17,EXTRAORDINARIA
29,2173,2026-03-11,ORDINARIA
29,2176,2026-03-12,ORDINARIA
29,2183,2026-05-19,EXTRAORDINARIA
29,2185,2026-05-20,ORDINARIA
29,2186,2026-06-09,EXTRAORDINARIA
29,2188,2026-05-21,ORDINARIA
29,2191,2026-05-26,ORDINARIA
29,2192,2026-05-27,ORDINARIA
29,2193,2026-05-28,ORDINARIA
29,2199,2026-06-02,ORDINARIA
29,2200,2026-06-03,ORDINARIA
29,2203,2026-06-09,ORDINARIA
29,2204,2026-06-10,ORDINARIA
29,2205,2026-06-11,ORDINARIA
29,2213,2026-06-23,ORDINARIA
29,2218,2026-06-30,ORDINARIA
29,2219,2026-06-30,EXTRAORDINARIA
29,2220,2026-06-30,EXTRAORDINARIA
29,2225,2026-08-04,ORDINARIA
29,2228,2026-08-05,ORDINARIA
29,2229,2026-08-06,ORDINARIA
29,2233,2026-06-16,ORDINARIA
29,2234,2026-06-16,EXTRAORDINARIA
29,2235,2026-06-30,EXTRAORDINARIA
29,2237,2026-06-17,ORDINARIA
29,2239,2026-06-18,ORDINARIA
29,2241,2026-08-11,ORDINARIA
29,2244,2026-08-12,ORDINARIA
29,2245,2026-08-13,ORDINARIA
29,2250,2026-08-18,ORDINARIA
29,2253,2026-08-19,ORDINARIA
29,2255,2026-08-20,ORDINARIA
29,2258,2026-08-25,ORDINARIA
30,13,2020-02-27,SESSAO ORDINARIA
30,24,2020-03-17,SESSAO EXTRAORDINARIA
30,91,2020-09-09,SESSAO EXTRAORDINARIA
30,103,2020-10-07,SESSAO EXTRAORDINARIA
30,123,2020-11-24,SESSAO EXTRAORDINARIA
30,124,2020-11-25,SESSAO EXTRAORDINARIA
30,125,2020-11-25,SESSAO EXTRAORDINARIA
30,143,2021-03-02,SESSAO EXTRAORDINARIA
30,144,2021-03-03,SESSAO EXTRAORDINARIA
30,145,2021-03-09,SESSAO EXTRAORDINARIA
30,146,2021-03-09,SESSAO EXTRAORDINARIA
30,147,2021-03-10,SESSAO EXTRAORDINARIA
30,148,2021-03-16,SESSAO EXTRAORDINARIA
30,149,2021-03-17,SESSAO EXTRAORDINARIA
30,150,2021-03-23,SESSAO EXTRAORDINARIA
30,151,2021-03-24,SESSAO EXTRAORDINARIA
30,152,2021-03-30,SESSAO EXTRAORDINARIA
30,153,2021-03-30,SESSAO EXTRAORDINARIA
30,154,2021-03-31,SESSAO EXTRAORDINARIA
30,155,2021-04-06,SESSAO EXTRAORDINARIA
30,156,2021-04-06,SESSAO EXTRAORDINARIA
30,157,2021-04-07,SESSAO EXTRAORDINARIA
30,158,2021-04-13,SESSAO EXTRAORDINARIA
30,159,2021-04-14,SESSAO EXTRAORDINARIA
30,160,2021-04-14,SESSAO EXTRAORDINARIA
30,161,2021-04-20,SESSAO EXTRAORDINARIA
30,162,2021-04-27,SESSAO EXTRAORDINARIA
30,163,2021-04-27,SESSAO EXTRAORDINARIA
30,164,2021-04-27,SESSAO EXTRAORDINARIA
30,165,2021-04-28,SESSAO EXTRAORDINARIA
30,167,2021-05-05,SESSAO EXTRAORDINARIA
30,191,2022-02-01,SESSAO ORDINARIA
30,194,2021-08-05,SESSAO ORDINARIA
30,197,2021-08-10,SESSAO EXTRAORDINARIA
30,199,2021-08-12,SESSAO ORDINARIA
30,203,2021-08-18,SESSAO ORDINARIA
30,204,2021-08-19,SESSAO ORDINARIA
30,212,2021-09-02,SESSAO ORDINARIA
30,214,2021-09-09,SESSAO ORDINARIA
30,220,2021-09-21,SESSAO EXTRAORDINARIA
30,221,2021-09-22,SESSAO ORDINARIA
30,222,2021-09-23,SESSAO ORDINARIA
30,225,2021-09-30,SESSAO ORDINARIA
30,230,2021-10-06,SESSAO EXTRAORDINARIA
30,231,2021-10-07,SESSAO ORDINARIA
30,232,2021-10-13,SESSAO ORDINARIA
30,233,2021-10-14,SESSAO ORDINARIA
30,237,2021-10-21,SESSAO ORDINARIA
30,240,2021-10-28,SESSAO ORDINARIA
30,242,2021-11-03,SESSAO EXTRAORDINARIA
30,243,2021-11-03,SESSAO EXTRAORDINARIA
30,249,2021-11-11,SESSAO ORDINARIA
30,252,2021-11-18,SESSAO ORDINARIA
30,256,2021-11-25,SESSAO ORDINARIA
30,260,2021-12-02,SESSAO ORDINARIA
30,264,2021-12-08,SESSAO EXTRAORDINARIA
30,266,2021-12-09,SESSAO EXTRAORDINARIA
30,271,2021-12-14,SESSAO EXTRAORDINARIA
30,273,2022-02-02,SESSAO ORDINARIA
30,274,2022-02-03,SESSAO ORDINARIA
30,275,2022-02-08,SESSAO ORDINARIA
30,276,2022-02-08,SESSAO EXTRAORDINARIA
30,277,2022-02-08,SESSAO EXTRAORDINARIA
30,278,2022-02-09,SESSAO ORDINARIA
30,279,2022-02-10,SESSAO ORDINARIA
30,280,2022-02-15,SESSAO ORDINARIA
30,281,2022-02-15,SESSAO EXTRAORDINARIA
30,282,2022-02-16,SESSAO ORDINARIA
30,283,2022-02-16,SESSAO EXTRAORDINARIA
30,284,2022-02-17,SESSAO ORDINARIA
30,285,2022-02-22,SESSAO ORDINARIA
30,286,2022-02-22,SESSAO EXTRAORDINARIA
30,287,2022-02-23,SESSAO ORDINARIA
30,288,2022-03-08,SESSAO EXTRAORDINARIA
30,289,2022-02-24,SESSAO ORDINARIA
30,290,2022-03-03,SESSAO ORDINARIA
30,291,2022-03-08,SESSAO ORDINARIA
30,292,2022-03-09,SESSAO ORDINARIA
30,293,2022-03-09,SESSAO EXTRAORDINARIA
30,294,2022-03-10,SESSAO ORDINARIA
30,299,2022-03-17,SESSAO ORDINARIA
30,303,2022-03-24,SESSAO ORDINARIA
30,307,2022-03-31,SESSAO EXTRAORDINARIA
30,310,2022-03-31,SESSAO EXTRAORDINARIA
30,311,2022-03-31,SESSAO EXTRAORDINARIA
30,314,2022-04-06,SESSAO ORDINARIA
30,317,2022-04-07,SESSAO ORDINARIA
30,319,2022-04-13,SESSAO ORDINARIA
30,321,2022-04-20,SESSAO ORDINARIA
30,324,2022-04-28,SESSAO ORDINARIA
30,326,2022-05-04,SESSAO ORDINARIA
30,327,2022-05-05,SESSAO ORDINARIA
30,333,2022-05-12,SESSAO ORDINARIA
30,336,2022-05-19,SESSAO ORDINARIA
30,339,2022-05-26,SESSAO ORDINARIA
30,342,2022-06-02,SESSAO ORDINARIA
30,344,2022-06-08,SESSAO ORDINARIA
30,346,2022-06-09,SESSAO ORDINARIA
30,347,2022-06-14,SESSAO ORDINARIA
30,348,2022-06-15,SESSAO ORDINARIA
30,351,2022-06-23,SESSAO ORDINARIA
30,356,2022-06-30,SESSAO ORDINARIA
30,359,2022-08-03,SESSAO ORDINARIA
30,360,2022-08-04,SESSAO ORDINARIA
30,362,2022-08-10,SESSAO ORDINARIA
30,363,2022-08-11,SESSAO ORDINARIA
30,366,2022-08-18,SESSAO ORDINARIA
30,369,2022-08-25,SESSAO ORDINARIA
30,373,2022-09-01,SESSAO ORDINARIA
30,374,2022-09-08,SESSAO ORDINARIA
30,376,2022-09-14,SESSAO ORDINARIA
30,377,2022-09-15,SESSAO ORDINARIA
30,380,2022-09-21,SESSAO ORDINARIA
30,381,2022-09-22,SESSAO ORDINARIA
30,382,2022-09-27,SESSAO ORDINARIA
30,383,2022-09-28,SESSAO ORDINARIA
30,384,2022-09-29,SESSAO ORDINARIA
30,386,2022-10-05,SESSAO ORDINARIA
30,387,2022-10-06,SESSAO ORDINARIA
30,389,2022-10-13,SESSAO ORDINARIA
30,390,2022-10-18,SESSAO ORDINARIA
30,391,2022-10-19,SESSAO ORDINARIA
30,392,2022-10-20,SESSAO ORDINARIA
30,396,2022-10-27,SESSAO ORDINARIA
30,397,2022-11-03,SESSAO ORDINARIA
30,398,2022-11-08,SESSAO ORDINARIA
30,399,2022-11-08,SESSAO EXTRAORDINARIA
30,400,2022-11-09,SESSAO ORDINARIA
30,402,2022-11-10,SESSAO ORDINARIA
30,404,2022-11-16,SESSAO ORDINARIA
30,405,2022-11-17,SESSAO ORDINARIA
30,407,2022-11-23,SESSAO ORDINARIA
30,417,2022-12-15,SESSAO ORDINARIA
30,422,2023-02-14,SESSAO EXTRAORDINARIA
30,423,2023-02-09,SESSAO ORDINARIA
30,428,2023-02-23,SESSAO ORDINARIA
30,432,2023-03-02,SESSAO ORDINARIA
30,435,2023-03-09,SESSAO ORDINARIA
30,438,2023-03-16,SESSAO ORDINARIA
30,441,2023-03-23,SESSAO ORDINARIA
30,446,2023-03-30,SESSAO ORDINARIA
30,452,2023-04-13,SESSAO ORDINARIA
30,455,2023-04-20,SESSAO ORDINARIA
30,464,2023-05-10,SESSAO ORDINARIA
30,469,2023-05-18,SESSAO ORDINARIA
30,471,2023-05-24,SESSAO ORDINARIA
30,472,2023-05-25,SESSAO ORDINARIA
30,476,2023-06-01,SESSAO ORDINARIA
30,478,2023-06-07,SESSAO ORDINARIA
30,489,2023-08-03,SESSAO ORDINARIA
30,492,2023-08-10,SESSAO ORDINARIA
30,499,2023-08-24,SESSAO ORDINARIA
30,511,2023-09-21,SESSAO ORDINARIA
30,539,2023-11-16,SESSAO ORDINARIA
30,544,2023-11-23,SESSAO ORDINARIA
30,545,2023-11-28,SESSAO EXTRAORDINARIA
30,551,2023-12-07,SESSAO ORDINARIA
30,555,2023-12-13,SESSAO EXTRAORDINARIA
30,563,2024-02-08,SESSAO ORDINARIA
30,574,2024-02-29,SESSAO ORDINARIA
30,578,2024-03-07,SESSAO ORDINARIA
30,580,2024-03-14,SESSAO ORDINARIA
30,591,2024-04-04,SESSAO ORDINARIA
30,597,2024-04-11,SESSAO ORDINARIA
30,600,2024-04-16,SESSAO ORDINARIA
30,601,2024-04-17,SESSAO ORDINARIA
30,602,2024-04-18,SESSAO ORDINARIA
30,604,2024-04-25,SESSAO ORDINARIA
30,610,2024-05-09,SESSAO ORDINARIA
30,613,2024-05-15,SESSAO ORDINARIA
30,614,2024-05-16,SESSAO ORDINARIA
30,616,2024-05-22,SESSAO ORDINARIA
30,626,2024-06-06,SESSAO ORDINARIA
30,629,2024-06-13,SESSAO ORDINARIA
30,638,2024-08-06,SESSAO ORDINARIA
30,643,2024-08-08,SESSAO ORDINARIA
30,650,2024-08-28,SESSAO ORDINARIA
30,651,2024-08-29,SESSAO ORDINARIA
30,659,2024-09-12,SESSAO ORDINARIA
30,672,2024-10-03,SESSAO ORDINARIA
30,676,2024-10-10,SESSAO ORDINARIA
30,679,2024-10-17,SESSAO ORDINARIA
30,683,2024-10-24,SESSAO ORDINARIA
30,688,2024-10-31,SESSAO ORDINARIA
30,1693,2024-11-13,SESSAO ORDINARIA
30,1694,2024-11-14,SESSAO ORDINARIA
30,1701,2024-11-28,SESSAO ORDINARIA
30,1716,2025-02-13,ORDINARIA
30,1720,2025-02-25,ORDINARIA
30,1721,2025-02-20,ORDINARIA
30,1724,2025-02-26,ORDINARIA
30,1727,2025-02-27,ORDINARIA
30,1730,2025-03-06,ORDINARIA
30,1740,2025-03-18,EXTRAORDINARIA
30,1757,2025-03-27,ORDINARIA
30,1763,2025-04-03,ORDINARIA
30,1765,2025-04-03,ORDINARIA
30,1775,2025-04-10,ORDINARIA
30,1776,2025-04-10,ORDINARIA
30,1788,2025-04-24,ORDINARIA
30,1789,2025-04-24,ORDINARIA
30,1792,2025-04-30,ORDINARIA
30,1795,2025-05-06,EXTRAORDINARIA
30,1798,2025-05-08,ORDINARIA
30,1799,2025-05-08,ORDINARIA
30,1819,2025-05-22,ORDINARIA
30,1825,2025-05-27,EXTRAORDINARIA
30,1829,2025-05-29,ORDINARIA
30,1830,2025-05-29,ORDINARIA
30,1833,2025-06-03,ORDINARIA
30,1836,2025-06-04,ORDINARIA
30,1838,2025-06-05,ORDINARIA
30,1846,2025-06-12,ORDINARIA
30,1847,2025-06-12,ORDINARIA
30,1862,2025-06-25,ORDINARIA
30,1864,2025-06-26,ORDINARIA
30,1865,2025-06-26,ORDINARIA
30,1875,2025-08-07,ORDINARIA
30,1884,2025-08-14,ORDINARIA
30,1897,2025-08-21,SOLENE
30,1899,2025-08-22,SOLENE
30,1906,2025-08-28,ORDINARIA
30,1907,2025-08-28,ORDINARIA
30,1914,2025-09-04,ORDINARIA
30,1915,2025-09-04,ORDINARIA
30,1917,2025-09-10,ORDINARIA
30,1919,2025-09-11,ORDINARIA
30,1920,2025-09-11,ORDINARIA
30,1929,2025-09-23,EXTRAORDINARIA
30,1932,2025-09-18,ORDINARIA
30,1933,2025-09-18,ORDINARIA
30,1941,2025-09-24,ORDINARIA
30,1944,2025-09-25,ORDINARIA
30,1945,2025-09-25,ORDINARIA
30,1954,2025-10-01,ORDINARIA
30,1956,2025-10-02,ORDINARIA
30,1963,2025-10-07,ORDINARIA
30,1967,2025-10-09,ORDINARIA
30,1968,2025-10-09,ORDINARIA
30,1979,2025-10-16,ORDINARIA
30,1990,2025-10-23,ORDINARIA
30,1995,2025-10-30,ORDINARIA
30,2006,2025-11-06,ORDINARIA
30,2018,2025-11-12,ORDINARIA
30,2020,2025-11-13,ORDINARIA
30,2039,2025-11-27,ORDINARIA
30,2040,2025-11-27,ORDINARIA
30,2053,2025-12-04,ORDINARIA
30,2069,2026-02-03,ORDINARIA
30,2070,2026-02-04,ORDINARIA
30,2072,2026-02-05,ORDINARIA
30,2081,2026-02-12,ORDINARIA
30,2088,2026-02-26,ORDINARIA
30,2096,2026-03-05,SOLENE
30,2103,2026-04-01,ORDINARIA
30,2109,2026-04-09,ORDINARIA
30,2116,2026-04-16,ORDINARIA
30,2119,2026-04-23,ORDINARIA
30,2126,2026-03-17,ORDINARIA
30,2127,2026-03-18,ORDINARIA
30,2131,2026-03-19,ORDINARIA
30,2141,2026-03-26,ORDINARIA
30,2145,2026-04-30,ORDINARIA
30,2152,2026-05-07,ORDINARIA
30,2163,2026-05-14,ORDINARIA
30,2172,2026-03-17,EXTRAORDINARIA
30,2176,2026-03-12,ORDINARIA
30,2188,2026-05-21,ORDINARIA
30,2193,2026-05-28,ORDINARIA
30,2205,2026-06-11,ORDINARIA
30,2213,2026-06-23,ORDINARIA
30,2229,2026-08-06,ORDINARIA
30,2239,2026-06-18,ORDINARIA
30,2244,2026-08-12,ORDINARIA
30,2245,2026-08-13,ORDINARIA
30,2255,2026-08-20,ORDINARIA
30,2258,2026-08-25,ORDINARIA
31,4,2020-02-04,SESSAO ORDINARIA
31,5,2020-02-05,SESSAO ORDINARIA
31,50,2020-04-29,SESSAO EXTRAORDINARIA
31,51,2020-04-29,SESSAO EXTRAORDINARIA
31,78,2020-08-05,SESSAO EXTRAORDINARIA
31,87,2020-08-26,SESSAO EXTRAORDINARIA
31,91,2020-09-09,SESSAO EXTRAORDINARIA
31,100,2020-09-30,SESSAO EXTRAORDINARIA
31,116,2020-11-04,SESSAO EXTRAORDINARIA
31,119,2020-11-11,SESSAO EXTRAORDINARIA
31,120,2020-11-17,SESSAO EXTRAORDINARIA
31,121,2020-11-17,SESSAO EXTRAORDINARIA
31,123,2020-11-24,SESSAO EXTRAORDINARIA
31,125,2020-11-25,SESSAO EXTRAORDINARIA
31,127,2020-12-01,SESSAO EXTRAORDINARIA
31,137,2021-02-03,SESSAO EXTRAORDINARIA
31,156,2021-04-06,SESSAO EXTRAORDINARIA
31,164,2021-04-27,SESSAO EXTRAORDINARIA
31,167,2021-05-05,SESSAO EXTRAORDINARIA
31,168,2021-05-11,SESSAO EXTRAORDINARIA
31,194,2021-08-05,SESSAO ORDINARIA
31,195,2021-08-05,SESSAO ORDINARIA
31,199,2021-08-12,SESSAO ORDINARIA
31,203,2021-08-18,SESSAO ORDINARIA
31,207,2021-08-26,SESSAO ORDINARIA
31,211,2021-09-01,SESSAO ORDINARIA
31,212,2021-09-02,SESSAO ORDINARIA
31,222,2021-09-23,SESSAO ORDINARIA
31,225,2021-09-30,SESSAO ORDINARIA
31,231,2021-10-07,SESSAO ORDINARIA
31,233,2021-10-14,SESSAO ORDINARIA
31,236,2021-10-20,SESSAO EXTRAORDINARIA
31,237,2021-10-21,SESSAO ORDINARIA
31,240,2021-10-28,SESSAO ORDINARIA
31,241,2021-11-03,SESSAO ORDINARIA
31,242,2021-11-03,SESSAO EXTRAORDINARIA
31,243,2021-11-03,SESSAO EXTRAORDINARIA
31,244,2021-11-04,SESSAO ORDINARIA
31,249,2021-11-11,SESSAO ORDINARIA
31,250,2021-11-16,SESSAO ORDINARIA
31,251,2021-11-17,SESSAO ORDINARIA
31,252,2021-11-18,SESSAO ORDINARIA
31,272,2021-12-15,SESSAO ORDINARIA
31,274,2022-02-03,SESSAO ORDINARIA
31,276,2022-02-08,SESSAO EXTRAORDINARIA
31,277,2022-02-08,SESSAO EXTRAORDINARIA
31,279,2022-02-10,SESSAO ORDINARIA
31,284,2022-02-17,SESSAO ORDINARIA
31,289,2022-02-24,SESSAO ORDINARIA
31,290,2022-03-03,SESSAO ORDINARIA
31,293,2022-03-09,SESSAO EXTRAORDINARIA
31,298,2022-03-16,SESSAO ORDINARIA
31,303,2022-03-24,SESSAO ORDINARIA
31,307,2022-03-31,SESSAO EXTRAORDINARIA
31,314,2022-04-06,SESSAO ORDINARIA
31,317,2022-04-07,SESSAO ORDINARIA
31,319,2022-04-13,SESSAO ORDINARIA
31,321,2022-04-20,SESSAO ORDINARIA
31,324,2022-04-28,SESSAO ORDINARIA
31,326,2022-05-04,SESSAO ORDINARIA
31,327,2022-05-05,SESSAO ORDINARIA
31,329,2022-05-11,SESSAO ORDINARIA
31,331,2022-05-12,SESSAO ORDINARIA
31,333,2022-05-12,SESSAO ORDINARIA
31,335,2022-05-18,SESSAO ORDINARIA
31,336,2022-05-19,SESSAO ORDINARIA
31,338,2022-05-25,SESSAO ORDINARIA
31,342,2022-06-02,SESSAO ORDINARIA
31,345,2022-06-21,SESSAO EXTRAORDINARIA
31,346,2022-06-09,SESSAO ORDINARIA
31,347,2022-06-14,SESSAO ORDINARIA
31,348,2022-06-15,SESSAO ORDINARIA
31,351,2022-06-23,SESSAO ORDINARIA
31,356,2022-06-30,SESSAO ORDINARIA
31,360,2022-08-04,SESSAO ORDINARIA
31,363,2022-08-11,SESSAO ORDINARIA
31,366,2022-08-18,SESSAO ORDINARIA
31,367,2022-08-23,SESSAO ORDINARIA
31,368,2022-08-24,SESSAO ORDINARIA
31,371,2022-08-31,SESSAO ORDINARIA
31,373,2022-09-01,SESSAO ORDINARIA
31,374,2022-09-08,SESSAO ORDINARIA
31,376,2022-09-14,SESSAO ORDINARIA
31,377,2022-09-15,SESSAO ORDINARIA
31,380,2022-09-21,SESSAO ORDINARIA
31,381,2022-09-22,SESSAO ORDINARIA
31,383,2022-09-28,SESSAO ORDINARIA
31,384,2022-09-29,SESSAO ORDINARIA
31,386,2022-10-05,SESSAO ORDINARIA
31,387,2022-10-06,SESSAO ORDINARIA
31,388,2022-10-11,SESSAO ORDINARIA
31,389,2022-10-13,SESSAO ORDINARIA
31,390,2022-10-18,SESSAO ORDINARIA
31,391,2022-10-19,SESSAO ORDINARIA
31,392,2022-10-20,SESSAO ORDINARIA
31,396,2022-10-27,SESSAO ORDINARIA
31,397,2022-11-03,SESSAO ORDINARIA
31,398,2022-11-08,SESSAO ORDINARIA
31,399,2022-11-08,SESSAO EXTRAORDINARIA
31,400,2022-11-09,SESSAO ORDINARIA
31,402,2022-11-10,SESSAO ORDINARIA
31,405,2022-11-17,SESSAO ORDINARIA
31,407,2022-11-23,SESSAO ORDINARIA
31,409,2022-12-01,SESSAO ORDINARIA
31,416,2022-12-14,SESSAO ORDINARIA
31,417,2022-12-15,SESSAO ORDINARIA
31,418,2023-02-01,SESSAO ORDINARIA
31,419,2023-02-02,SESSAO ORDINARIA
31,420,2023-02-07,SESSAO ORDINARIA
31,421,2023-02-08,SESSAO ORDINARIA
31,422,2023-02-14,SESSAO EXTRAORDINARIA
31,423,2023-02-09,SESSAO ORDINARIA
31,424,2023-02-16,SESSAO EXTRAORDINARIA
31,425,2023-02-14,SESSAO ORDINARIA
31,426,2023-02-15,SESSAO ORDINARIA
31,427,2023-02-16,SESSAO ORDINARIA
31,428,2023-02-23,SESSAO ORDINARIA
31,429,2023-02-28,SESSAO ORDINARIA
31,430,2023-03-01,SESSAO ORDINARIA
31,431,2023-03-21,SESSAO EXTRAORDINARIA
31,432,2023-03-02,SESSAO ORDINARIA
31,433,2023-03-07,SESSAO ORDINARIA
31,434,2023-03-08,SESSAO ORDINARIA
31,435,2023-03-09,SESSAO ORDINARIA
31,436,2023-03-14,SESSAO ORDINARIA
31,437,2023-03-15,SESSAO ORDINARIA
31,438,2023-03-16,SESSAO ORDINARIA
31,439,2023-03-21,SESSAO ORDINARIA
31,440,2023-03-22,SESSAO ORDINARIA
31,441,2023-03-23,SESSAO ORDINARIA
31,442,2023-03-21,SESSAO EXTRAORDINARIA
31,443,2023-04-04,SESSAO EXTRAORDINARIA
31,444,2023-03-28,SESSAO ORDINARIA
31,445,2023-03-29,SESSAO ORDINARIA
31,446,2023-03-30,SESSAO ORDINARIA
31,447,2023-04-04,SESSAO ORDINARIA
31,448,2023-04-05,SESSAO ORDINARIA
31,449,2023-04-11,SESSAO EXTRAORDINARIA
31,450,2023-04-11,SESSAO ORDINARIA
31,451,2023-04-12,SESSAO ORDINARIA
31,452,2023-04-13,SESSAO ORDINARIA
31,453,2023-04-18,SESSAO ORDINARIA
31,454,2023-04-19,SESSAO ORDINARIA
31,455,2023-04-20,SESSAO ORDINARIA
31,456,2023-04-25,SESSAO ORDINARIA
31,457,2023-04-26,SESSAO ORDINARIA
31,458,2023-04-27,SESSAO ORDINARIA
31,459,2023-05-02,SESSAO ORDINARIA
31,460,2023-05-03,SESSAO ORDINARIA
31,461,2023-05-04,SESSAO ORDINARIA
31,462,2023-05-09,SESSAO EXTRAORDINARIA
31,463,2023-05-09,SESSAO ORDINARIA
31,464,2023-05-10,SESSAO ORDINARIA
31,465,2023-05-11,SESSAO ORDINARIA
31,466,2023-05-16,SESSAO EXTRAORDINARIA
31,467,2023-05-16,SESSAO ORDINARIA
31,468,2023-05-17,SESSAO ORDINARIA
31,469,2023-05-18,SESSAO ORDINARIA
31,470,2023-05-23,SESSAO ORDINARIA
31,471,2023-05-24,SESSAO ORDINARIA
31,472,2023-05-25,SESSAO ORDINARIA
31,473,2023-05-30,SESSAO ORDINARIA
31,474,2023-05-31,SESSAO EXTRAORDINARIA
31,475,2023-05-31,SESSAO ORDINARIA
31,476,2023-06-01,SESSAO ORDINARIA
31,477,2023-06-06,SESSAO ORDINARIA
31,478,2023-06-07,SESSAO ORDINARIA
31,479,2023-06-13,SESSAO ORDINARIA
31,480,2023-06-14,SESSAO ORDINARIA
31,481,2023-06-20,SESSAO EXTRAORDINARIA
31,482,2023-06-20,SESSAO ORDINARIA
31,483,2023-06-21,SESSAO ORDINARIA
31,484,2023-06-22,SESSAO ORDINARIA
31,485,2023-06-27,SESSAO EXTRAORDINARIA
31,486,2023-06-27,SESSAO ORDINARIA
31,487,2023-08-01,SESSAO ORDINARIA
31,488,2023-08-02,SESSAO ORDINARIA
31,489,2023-08-03,SESSAO ORDINARIA
31,490,2023-08-08,SESSAO ORDINARIA
31,491,2023-08-09,SESSAO ORDINARIA
31,492,2023-08-10,SESSAO ORDINARIA
31,493,2023-08-15,SESSAO ORDINARIA
31,494,2023-08-15,SESSAO EXTRAORDINARIA
31,495,2023-08-16,SESSAO ORDINARIA
31,496,2023-08-22,SESSAO ORDINARIA
31,497,2023-08-22,SESSAO EXTRAORDINARIA
31,498,2023-08-23,SESSAO ORDINARIA
31,499,2023-08-24,SESSAO ORDINARIA
31,500,2023-08-29,SESSAO ORDINARIA
31,501,2023-08-29,SESSAO EXTRAORDINARIA
31,502,2023-08-29,SESSAO EXTRAORDINARIA
31,503,2023-08-30,SESSAO ORDINARIA
31,504,2023-08-31,SESSAO ORDINARIA
31,505,2023-09-05,SESSAO ORDINARIA
31,506,2023-09-12,SESSAO ORDINARIA
31,507,2023-09-13,SESSAO ORDINARIA
31,508,2023-09-19,SESSAO EXTRAORDINARIA
31,509,2023-09-19,SESSAO ORDINARIA
31,510,2023-09-20,SESSAO ORDINARIA
31,511,2023-09-21,SESSAO ORDINARIA
31,512,2023-09-26,SESSAO EXTRAORDINARIA
31,513,2023-09-26,SESSAO ORDINARIA
31,514,2023-09-27,SESSAO ORDINARIA
31,515,2023-09-28,SESSAO ORDINARIA
31,516,2023-10-03,SESSAO EXTRAORDINARIA
31,517,2023-10-03,SESSAO ORDINARIA
31,518,2023-10-04,SESSAO ORDINARIA
31,519,2023-10-05,SESSAO ORDINARIA
31,520,2023-10-10,SESSAO ORDINARIA
31,521,2023-10-10,SESSAO EXTRAORDINARIA
31,522,2023-10-11,SESSAO ORDINARIA
31,523,2023-10-17,SESSAO EXTRAORDINARIA
31,524,2023-10-17,SESSAO ORDINARIA
31,525,2023-10-18,SESSAO ORDINARIA
31,526,2023-10-19,SESSAO ORDINARIA
31,527,2023-10-24,SESSAO EXTRAORDINARIA
31,528,2023-10-24,SESSAO ORDINARIA
31,529,2023-10-25,SESSAO ORDINARIA
31,530,2023-10-31,SESSAO ORDINARIA
31,531,2023-10-31,SESSAO EXTRAORDINARIA
31,532,2023-11-01,SESSAO ORDINARIA
31,533,2023-11-07,SESSAO ORDINARIA
31,534,2023-11-07,SESSAO EXTRAORDINARIA
31,535,2023-11-08,SESSAO ORDINARIA
31,536,2023-11-09,SESSAO ORDINARIA
31,537,2023-11-14,SESSAO EXTRAORDINARIA
31,538,2023-11-14,SESSAO ORDINARIA
31,539,2023-11-16,SESSAO ORDINARIA
31,540,2023-11-21,SESSAO ORDINARIA
31,541,2023-11-21,SESSAO EXTRAORDINARIA
31,542,2023-11-21,SESSAO EXTRAORDINARIA
31,543,2023-11-22,SESSAO ORDINARIA
31,544,2023-11-23,SESSAO ORDINARIA
31,545,2023-11-28,SESSAO EXTRAORDINARIA
31,546,2023-11-28,SESSAO ORDINARIA
31,547,2023-11-28,SESSAO EXTRAORDINARIA
31,548,2023-12-05,SESSAO ORDINARIA
31,549,2023-12-05,SESSAO EXTRAORDINARIA
31,550,2023-12-06,SESSAO ORDINARIA
31,551,2023-12-07,SESSAO ORDINARIA
31,552,2023-12-12,SESSAO EXTRAORDINARIA
31,553,2023-12-12,SESSAO ORDINARIA
31,554,2023-12-13,SESSAO ORDINARIA
31,555,2023-12-13,SESSAO EXTRAORDINARIA
31,556,2023-12-13,SESSAO EXTRAORDINARIA
31,557,2024-02-01,SESSAO ORDINARIA
31,558,2024-02-01,SESSAO EXTRAORDINARIA
31,559,2024-02-01,SESSAO EXTRAORDINARIA
31,560,2024-02-06,SESSAO EXTRAORDINARIA
31,561,2024-02-06,SESSAO ORDINARIA
31,562,2024-02-07,SESSAO ORDINARIA
31,563,2024-02-08,SESSAO ORDINARIA
31,564,2024-02-15,SESSAO ORDINARIA
31,565,2024-02-20,SESSAO EXTRAORDINARIA
31,566,2024-02-20,SESSAO ORDINARIA
31,567,2024-02-21,SESSAO ORDINARIA
31,568,2024-02-22,SESSAO ORDINARIA
31,569,2024-02-27,SESSAO EXTRAORDINARIA
31,570,2024-02-27,SESSAO ORDINARIA
31,571,2024-02-27,SESSAO EXTRAORDINARIA
31,572,2024-02-27,SESSAO EXTRAORDINARIA
31,573,2024-02-28,SESSAO ORDINARIA
31,574,2024-02-29,SESSAO ORDINARIA
31,575,2024-03-05,SESSAO EXTRAORDINARIA
31,576,2024-03-05,SESSAO ORDINARIA
31,577,2024-03-06,SESSAO ORDINARIA
31,578,2024-03-07,SESSAO ORDINARIA
31,579,2024-03-13,SESSAO ORDINARIA
31,580,2024-03-14,SESSAO ORDINARIA
31,581,2024-03-19,SESSAO EXTRAORDINARIA
31,582,2024-03-19,SESSAO ORDINARIA
31,583,2024-03-20,SESSAO ORDINARIA
31,584,2024-03-21,SESSAO ORDINARIA
31,585,2024-03-26,SESSAO EXTRAORDINARIA
31,586,2024-03-26,SESSAO ORDINARIA
31,587,2024-03-27,SESSAO ORDINARIA
31,588,2024-04-02,SESSAO EXTRAORDINARIA
31,589,2024-04-02,SESSAO ORDINARIA
31,590,2024-04-03,SESSAO ORDINARIA
31,591,2024-04-04,SESSAO ORDINARIA
31,592,2024-04-23,SESSAO ORDINARIA
31,593,2024-04-09,SESSAO EXTRAORDINARIA
31,594,2024-04-09,SESSAO ORDINARIA
31,595,2024-04-10,SESSAO ORDINARIA
31,596,2024-04-09,SESSAO EXTRAORDINARIA
31,597,2024-04-11,SESSAO ORDINARIA
31,598,2024-04-23,SESSAO EXTRAORDINARIA
31,599,2024-05-07,SESSAO EXTRAORDINARIA
31,600,2024-04-16,SESSAO ORDINARIA
31,601,2024-04-17,SESSAO ORDINARIA
31,602,2024-04-18,SESSAO ORDINARIA
31,603,2024-04-24,SESSAO ORDINARIA
31,604,2024-04-25,SESSAO ORDINARIA
31,605,2024-05-21,SESSAO EXTRAORDINARIA
31,606,2024-04-30,SESSAO ORDINARIA
31,607,2024-05-02,SESSAO ORDINARIA
31,608,2024-05-07,SESSAO ORDINARIA
31,609,2024-05-08,SESSAO ORDINARIA
31,610,2024-05-09,SESSAO ORDINARIA
31,611,2024-05-28,SESSAO EXTRAORDINARIA
31,612,2024-05-14,SESSAO ORDINARIA
31,613,2024-05-15,SESSAO ORDINARIA
31,614,2024-05-16,SESSAO ORDINARIA
31,615,2024-05-21,SESSAO ORDINARIA
31,616,2024-05-22,SESSAO ORDINARIA
31,617,2024-05-23,SESSAO ORDINARIA
31,618,2024-05-28,SESSAO ORDINARIA
31,619,2024-06-04,SESSAO EXTRAORDINARIA
31,620,2024-05-29,SESSAO ORDINARIA
31,621,2024-06-04,SESSAO EXTRAORDINARIA
31,622,2024-06-04,SESSAO ORDINARIA
31,623,2024-06-05,SESSAO ORDINARIA
31,624,2024-06-11,SESSAO EXTRAORDINARIA
31,625,2024-06-18,SESSAO EXTRAORDINARIA
31,626,2024-06-06,SESSAO ORDINARIA
31,627,2024-06-11,SESSAO ORDINARIA
31,628,2024-06-12,SESSAO ORDINARIA
31,629,2024-06-13,SESSAO ORDINARIA
31,630,2024-06-18,SESSAO ORDINARIA
31,631,2024-06-19,SESSAO ORDINARIA
31,632,2024-06-20,SESSAO ORDINARIA
31,633,2024-06-18,SESSAO EXTRAORDINARIA
31,634,2024-06-19,SESSAO EXTRAORDINARIA
31,635,2024-06-25,SESSAO EXTRAORDINARIA
31,636,2024-06-25,SESSAO ORDINARIA
31,637,2024-08-01,SESSAO ORDINARIA
31,638,2024-08-06,SESSAO ORDINARIA
31,639,2024-08-07,SESSAO EXTRAORDINARIA
31,640,2024-08-07,SESSAO EXTRAORDINARIA
31,641,2024-08-07,SESSAO ORDINARIA
31,642,2024-08-07,SESSAO EXTRAORDINARIA
31,643,2024-08-08,SESSAO ORDINARIA
31,644,2024-08-14,SESSAO ORDINARIA
31,645,2024-08-15,SESSAO ORDINARIA
31,646,2024-08-14,SESSAO EXTRAORDINARIA
31,647,2024-08-20,SESSAO ORDINARIA
31,648,2024-08-21,SESSAO ORDINARIA
31,649,2024-08-27,SESSAO ORDINARIA
31,650,2024-08-28,SESSAO ORDINARIA
31,651,2024-08-29,SESSAO ORDINARIA
31,652,2024-09-03,SESSAO EXTRAORDINARIA
31,653,2024-09-03,SESSAO ORDINARIA
31,654,2024-09-04,SESSAO ORDINARIA
31,655,2024-09-05,SESSAO ORDINARIA
31,656,2024-09-10,SESSAO EXTRAORDINARIA
31,657,2024-09-10,SESSAO ORDINARIA
31,658,2024-09-11,SESSAO ORDINARIA
31,659,2024-09-12,SESSAO ORDINARIA
31,660,2024-09-17,SESSAO ORDINARIA
31,661,2024-09-17,SESSAO EXTRAORDINARIA
31,662,2024-09-18,SESSAO ORDINARIA
31,663,2024-09-19,SESSAO ORDINARIA
31,664,2024-09-24,SESSAO EXTRAORDINARIA
31,665,2024-09-24,SESSAO ORDINARIA
31,666,2024-09-25,SESSAO ORDINARIA
31,667,2024-09-26,SESSAO ORDINARIA
31,668,2024-08-27,SESSAO EXTRAORDINARIA
31,669,2024-10-01,SESSAO EXTRAORDINARIA
31,670,2024-10-01,SESSAO ORDINARIA
31,671,2024-10-02,SESSAO ORDINARIA
31,672,2024-10-03,SESSAO ORDINARIA
31,673,2024-10-08,SESSAO EXTRAORDINARIA
31,674,2024-10-08,SESSAO ORDINARIA
31,675,2024-10-09,SESSAO ORDINARIA
31,676,2024-10-10,SESSAO ORDINARIA
31,677,2024-10-15,SESSAO ORDINARIA
31,678,2024-10-16,SESSAO ORDINARIA
31,679,2024-10-17,SESSAO ORDINARIA
31,680,2024-10-22,SESSAO EXTRAORDINARIA
31,681,2024-10-22,SESSAO ORDINARIA
31,682,2024-10-23,SESSAO ORDINARIA
31,683,2024-10-24,SESSAO ORDINARIA
31,684,2024-10-29,SESSAO EXTRAORDINARIA
31,685,2024-10-29,SESSAO ORDINARIA
31,686,2024-10-30,SESSAO ORDINARIA
31,687,2024-10-30,SESSAO EXTRAORDINARIA
31,688,2024-10-31,SESSAO ORDINARIA
31,689,2024-11-05,SESSAO ORDINARIA
31,690,2024-11-05,SESSAO EXTRAORDINARIA
31,691,2024-11-06,SESSAO ORDINARIA
31,692,2024-11-07,SESSAO ORDINARIA
31,693,2024-11-12,SESSAO EXTRAORDINARIA
31,694,2024-11-12,SESSAO ORDINARIA
31,1693,2024-11-13,SESSAO ORDINARIA
31,1694,2024-11-14,SESSAO ORDINARIA
31,1695,2024-11-19,SESSAO ORDINARIA
31,1696,2024-11-26,SESSAO EXTRAORDINARIA
31,1697,2024-11-26,SESSAO ORDINARIA
31,1698,2024-11-26,SESSAO EXTRAORDINARIA
31,1699,2024-11-27,SESSAO ORDINARIA
31,1700,2024-11-27,SESSAO EXTRAORDINARIA
31,1701,2024-11-28,SESSAO ORDINARIA
31,1702,2024-12-03,SESSAO ORDINARIA
31,1703,2024-12-03,SESSAO EXTRAORDINARIA
31,1704,2024-12-04,SESSAO EXTRAORDINARIA
31,1705,2024-12-04,SESSAO ORDINARIA
31,1706,2024-12-10,SESSAO EXTRAORDINARIA
31,1707,2024-12-10,SESSAO ORDINARIA
31,1708,2024-12-10,SESSAO EXTRAORDINARIA
31,1709,2024-03-12,SESSAO EXTRAORDINARIA
31,1710,2024-03-12,SESSAO EXTRAORDINARIA
31,1711,2024-03-12,SESSAO ORDINARIA
31,1713,2025-02-11,ORDINARIA
31,1715,2025-02-12,ORDINARIA
31,1716,2025-02-13,ORDINARIA
31,1717,2025-02-18,ORDINARIA
31,1719,2025-02-19,ORDINARIA
31,1720,2025-02-25,ORDINARIA
31,1721,2025-02-20,ORDINARIA
31,1724,2025-02-26,ORDINARIA
31,1727,2025-02-27,ORDINARIA
31,1730,2025-03-06,ORDINARIA
31,1733,2025-03-11,ORDINARIA
31,1734,2025-03-11,EXTRAORDINARIA
31,1736,2025-03-12,ORDINARIA
31,1739,2025-03-13,ORDINARIA
31,1740,2025-03-18,EXTRAORDINARIA
31,1741,2025-03-18,ORDINARIA
31,1742,2025-03-18,EXTRAORDINARIA
31,1743,2025-03-18,EXTRAORDINARIA
31,1744,2025-03-19,ORDINARIA
31,1746,2025-03-20,ORDINARIA
31,1752,2025-03-25,ORDINARIA
31,1754,2025-03-25,EXTRAORDINARIA
31,1755,2025-03-26,ORDINARIA
31,1756,2025-04-02,EXTRAORDINARIA
31,1757,2025-03-27,ORDINARIA
31,1759,2025-04-01,ORDINARIA
31,1762,2025-04-02,ORDINARIA
31,1763,2025-04-03,ORDINARIA
31,1765,2025-04-03,ORDINARIA
31,1769,2025-04-08,ORDINARIA
31,1770,2025-04-08,EXTRAORDINARIA
31,1773,2025-04-09,ORDINARIA
31,1775,2025-04-10,ORDINARIA
31,1776,2025-04-10,ORDINARIA
31,1780,2025-04-15,ORDINARIA
31,1783,2025-04-16,ORDINARIA
31,1785,2025-04-22,ORDINARIA
31,1786,2025-04-23,ORDINARIA
31,1788,2025-04-24,ORDINARIA
31,1789,2025-04-24,ORDINARIA
31,1790,2025-04-29,ORDINARIA
31,1792,2025-04-30,ORDINARIA
31,1794,2025-05-06,ORDINARIA
31,1795,2025-05-06,EXTRAORDINARIA
31,1796,2025-05-07,ORDINARIA
31,1797,2025-05-13,EXTRAORDINARIA
31,1798,2025-05-08,ORDINARIA
31,1799,2025-05-08,ORDINARIA
31,1802,2025-05-13,ORDINARIA
31,1803,2025-05-20,EXTRAORDINARIA
31,1805,2025-05-14,ORDINARIA
31,1807,2025-05-27,EXTRAORDINARIA
31,1813,2025-05-20,ORDINARIA
31,1817,2025-05-21,ORDINARIA
31,1819,2025-05-22,ORDINARIA
31,1820,2025-05-27,ORDINARIA
31,1825,2025-05-27,EXTRAORDINARIA
31,1827,2025-05-28,ORDINARIA
31,1829,2025-05-29,ORDINARIA
31,1830,2025-05-29,ORDINARIA
31,1833,2025-06-03,ORDINARIA
31,1834,2025-06-17,EXTRAORDINARIA
31,1836,2025-06-04,ORDINARIA
31,1838,2025-06-05,ORDINARIA
31,1842,2025-06-10,ORDINARIA
31,1844,2025-06-11,ORDINARIA
31,1846,2025-06-12,ORDINARIA
31,1847,2025-06-12,ORDINARIA
31,1848,2025-06-17,ORDINARIA
31,1851,2025-06-17,EXTRAORDINARIA
31,1854,2025-06-18,ORDINARIA
31,1856,2025-06-24,ORDINARIA
31,1858,2025-06-24,EXTRAORDINARIA
31,1859,2025-08-07,EXTRAORDINARIA
31,1862,2025-06-25,ORDINARIA
31,1864,2025-06-26,ORDINARIA
31,1865,2025-06-26,ORDINARIA
31,1870,2025-08-05,ORDINARIA
31,1873,2025-08-06,ORDINARIA
31,1875,2025-08-07,ORDINARIA
31,1876,2025-08-07,EXTRAORDINARIA
31,1879,2025-08-12,ORDINARIA
31,1880,2025-08-12,EXTRAORDINARIA
31,1882,2025-08-13,ORDINARIA
31,1884,2025-08-14,ORDINARIA
31,1885,2025-08-14,ORDINARIA
31,1891,2025-08-19,ORDINARIA
31,1892,2025-08-19,EXTRAORDINARIA
31,1895,2025-08-20,ORDINARIA
31,1896,2025-08-26,EXTRAORDINARIA
31,1897,2025-08-21,SOLENE
31,1899,2025-08-22,SOLENE
31,1903,2025-08-26,ORDINARIA
31,1904,2025-08-27,ORDINARIA
31,1905,2025-09-09,EXTRAORDINARIA
31,1906,2025-08-28,ORDINARIA
31,1907,2025-08-28,ORDINARIA
31,1911,2025-09-02,ORDINARIA
31,1913,2025-09-03,ORDINARIA
31,1914,2025-09-04,ORDINARIA
31,1915,2025-09-04,ORDINARIA
31,1916,2025-09-09,ORDINARIA
31,1917,2025-09-10,ORDINARIA
31,1919,2025-09-11,ORDINARIA
31,1920,2025-09-11,ORDINARIA
31,1927,2025-09-16,ORDINARIA
31,1928,2025-09-16,EXTRAORDINARIA
31,1929,2025-09-23,EXTRAORDINARIA
31,1930,2025-09-17,ORDINARIA
31,1932,2025-09-18,ORDINARIA
31,1933,2025-09-18,ORDINARIA
31,1939,2025-09-23,ORDINARIA
31,1941,2025-09-24,ORDINARIA
31,1944,2025-09-25,ORDINARIA
31,1945,2025-09-25,ORDINARIA
31,1950,2025-09-30,ORDINARIA
31,1951,2025-09-30,EXTRAORDINARIA
31,1954,2025-10-01,ORDINARIA
31,1956,2025-10-02,ORDINARIA
31,1963,2025-10-07,ORDINARIA
31,1964,2025-10-08,EXTRAORDINARIA
31,1966,2025-10-08,ORDINARIA
31,1967,2025-10-09,ORDINARIA
31,1968,2025-10-09,ORDINARIA
31,1974,2025-10-14,ORDINARIA
31,1975,2025-10-15,EXTRAORDINARIA
31,1977,2025-10-15,ORDINARIA
31,1979,2025-10-16,ORDINARIA
31,1985,2025-10-21,ORDINARIA
31,1986,2025-10-21,EXTRAORDINARIA
31,1988,2025-10-22,ORDINARIA
31,1989,2025-11-04,EXTRAORDINARIA
31,1990,2025-10-23,ORDINARIA
31,1992,2025-10-29,ORDINARIA
31,1994,2025-10-30,ORDINARIA
31,1995,2025-10-30,ORDINARIA
31,2000,2025-11-04,ORDINARIA
31,2003,2025-11-05,ORDINARIA
31,2004,2025-11-11,EXTRAORDINARIA
31,2006,2025-11-06,ORDINARIA
31,2013,2025-11-11,ORDINARIA
31,2014,2025-11-11,EXTRAORDINARIA
31,2015,2025-11-11,EXTRAORDINARIA
31,2018,2025-11-12,ORDINARIA
31,2020,2025-11-13,ORDINARIA
31,2027,2025-11-18,ORDINARIA
31,2028,2025-11-25,EXTRAORDINARIA
31,2030,2025-11-19,ORDINARIA
31,2034,2025-11-25,ORDINARIA
31,2035,2025-11-26,EXTRAORDINARIA
31,2037,2025-11-26,ORDINARIA
31,2038,2025-11-26,EXTRAORDINARIA
31,2039,2025-11-27,ORDINARIA
31,2040,2025-11-27,ORDINARIA
31,2045,2025-12-02,ORDINARIA
31,2046,2025-12-02,EXTRAORDINARIA
31,2047,2025-12-03,EXTRAORDINARIA
31,2050,2025-12-03,ORDINARIA
31,2053,2025-12-04,ORDINARIA
31,2057,2025-12-09,ORDINARIA
31,2058,2025-12-09,EXTRAORDINARIA
31,2060,2025-12-10,EXTRAORDINARIA
31,2061,2025-12-10,EXTRAORDINARIA
31,2062,2025-12-10,EXTRAORDINARIA
31,2065,2025-12-15,ORDINARIA
31,2066,2025-12-23,EXTRAORDINARIA
31,2067,2025-12-23,EXTRAORDINARIA
31,2069,2026-02-03,ORDINARIA
31,2070,2026-02-04,ORDINARIA
31,2072,2026-02-05,ORDINARIA
31,2074,2026-02-10,ORDINARIA
31,2075,2026-02-10,EXTRAORDINARIA
31,2078,2026-02-11,ORDINARIA
31,2079,2026-03-03,EXTRAORDINARIA
31,2081,2026-02-12,ORDINARIA
31,2082,2026-02-19,ORDINARIA
31,2084,2026-02-24,ORDINARIA
31,2085,2026-02-25,ORDINARIA
31,2088,2026-02-26,ORDINARIA
31,2092,2026-03-03,ORDINARIA
31,2093,2026-03-04,ORDINARIA
31,2096,2026-03-05,SOLENE
31,2101,2026-03-31,EXTRAORDINARIA
31,2102,2026-03-31,EXTRAORDINARIA
31,2103,2026-04-01,ORDINARIA
31,2106,2026-04-07,ORDINARIA
31,2107,2026-04-08,EXTRAORDINARIA
31,2108,2026-04-08,ORDINARIA
31,2109,2026-04-09,ORDINARIA
31,2112,2026-04-14,ORDINARIA
31,2113,2026-04-14,EXTRAORDINARIA
31,2114,2026-04-15,ORDINARIA
31,2115,2026-04-29,EXTRAORDINARIA
31,2116,2026-04-16,ORDINARIA
31,2118,2026-04-22,ORDINARIA
31,2119,2026-04-23,ORDINARIA
31,2122,2026-04-28,ORDINARIA
31,2125,2026-04-29,ORDINARIA
31,2126,2026-03-17,ORDINARIA
31,2127,2026-03-18,ORDINARIA
31,2128,2026-03-25,EXTRAORDINARIA
31,2131,2026-03-19,ORDINARIA
31,2136,2026-03-24,ORDINARIA
31,2138,2026-03-25,ORDINARIA
31,2139,2026-03-25,EXTRAORDINARIA
31,2141,2026-03-26,ORDINARIA
31,2143,2026-03-31,ORDINARIA
31,2145,2026-04-30,ORDINARIA
31,2148,2026-05-05,ORDINARIA
31,2149,2026-05-12,EXTRAORDINARIA
31,2150,2026-05-06,ORDINARIA
31,2152,2026-05-07,ORDINARIA
31,2159,2026-05-12,ORDINARIA
31,2161,2026-05-13,ORDINARIA
31,2163,2026-05-14,ORDINARIA
31,2170,2026-05-19,ORDINARIA
31,2171,2026-03-10,ORDINARIA
31,2172,2026-03-17,EXTRAORDINARIA
31,2173,2026-03-11,ORDINARIA
31,2176,2026-03-12,ORDINARIA
31,2183,2026-05-19,EXTRAORDINARIA
31,2185,2026-05-20,ORDINARIA
31,2186,2026-06-09,EXTRAORDINARIA
31,2188,2026-05-21,ORDINARIA
31,2191,2026-05-26,ORDINARIA
31,2192,2026-05-27,ORDINARIA
31,2193,2026-05-28,ORDINARIA
31,2199,2026-06-02,ORDINARIA
31,2200,2026-06-03,ORDINARIA
31,2203,2026-06-09,ORDINARIA
31,2204,2026-06-10,ORDINARIA
31,2205,2026-06-11,ORDINARIA
31,2213,2026-06-23,ORDINARIA
31,2218,2026-06-30,ORDINARIA
31,2219,2026-06-30,EXTRAORDINARIA
31,2220,2026-06-30,EXTRAORDINARIA
31,2225,2026-08-04,ORDINARIA
31,2228,2026-08-05,ORDINARIA
31,2229,2026-08-06,ORDINARIA
31,2233,2026-06-16,ORDINARIA
31,2234,2026-06-16,EXTRAORDINARIA
31,2235,2026-06-30,EXTRAORDINARIA
31,2237,2026-06-17,ORDINARIA
31,2239,2026-06-18,ORDINARIA
31,2241,2026-08-11,ORDINARIA
31,2244,2026-08-12,ORDINARIA
31,2245,2026-08-13,ORDINARIA
31,2250,2026-08-18,ORDINARIA
31,2253,2026-08-19,ORDINARIA
31,2255,2026-08-20,ORDINARIA
31,2258,2026-08-25,ORDINARIA
32,9,2020-02-13,SESSAO ORDINARIA
32,53,2020-05-05,SESSAO EXTRAORDINARIA
32,110,2020-10-21,SESSAO EXTRAORDINARIA
32,149,2021-03-17,SESSAO EXTRAORDINARIA
32,153,2021-03-30,SESSAO EXTRAORDINARIA
32,159,2021-04-14,SESSAO EXTRAORDINARIA
32,160,2021-04-14,SESSAO EXTRAORDINARIA
32,167,2021-05-05,SESSAO EXTRAORDINARIA
32,173,2021-05-19,SESSAO EXTRAORDINARIA
32,175,2021-05-25,SESSAO EXTRAORDINARIA
32,194,2021-08-05,SESSAO ORDINARIA
32,198,2021-08-11,SESSAO ORDINARIA
32,199,2021-08-12,SESSAO ORDINARIA
32,210,2021-08-31,SESSAO EXTRAORDINARIA
32,212,2021-09-02,SESSAO ORDINARIA
32,214,2021-09-09,SESSAO ORDINARIA
32,224,2021-09-29,SESSAO ORDINARIA
32,225,2021-09-30,SESSAO ORDINARIA
32,242,2021-11-03,SESSAO EXTRAORDINARIA
32,243,2021-11-03,SESSAO EXTRAORDINARIA
32,249,2021-11-11,SESSAO ORDINARIA
32,256,2021-11-25,SESSAO ORDINARIA
32,262,2021-12-07,SESSAO EXTRAORDINARIA
32,268,2021-12-14,SESSAO ORDINARIA
32,272,2021-12-15,SESSAO ORDINARIA
32,310,2022-03-31,SESSAO EXTRAORDINARIA
32,311,2022-03-31,SESSAO EXTRAORDINARIA
32,317,2022-04-07,SESSAO ORDINARIA
32,320,2022-04-19,SESSAO ORDINARIA
32,321,2022-04-20,SESSAO ORDINARIA
32,322,2022-04-26,SESSAO ORDINARIA
32,323,2022-04-27,SESSAO ORDINARIA
32,324,2022-04-28,SESSAO ORDINARIA
32,327,2022-05-05,SESSAO ORDINARIA
32,333,2022-05-12,SESSAO ORDINARIA
32,336,2022-05-19,SESSAO ORDINARIA
32,337,2022-05-24,SESSAO ORDINARIA
32,346,2022-06-09,SESSAO ORDINARIA
32,356,2022-06-30,SESSAO ORDINARIA
32,360,2022-08-04,SESSAO ORDINARIA
32,361,2022-08-09,SESSAO ORDINARIA
32,362,2022-08-10,SESSAO ORDINARIA
32,365,2022-08-17,SESSAO ORDINARIA
32,366,2022-08-18,SESSAO ORDINARIA
32,368,2022-08-24,SESSAO ORDINARIA
32,372,2022-09-13,SESSAO EXTRAORDINARIA
32,373,2022-09-01,SESSAO ORDINARIA
32,374,2022-09-08,SESSAO ORDINARIA
32,376,2022-09-14,SESSAO ORDINARIA
32,378,2022-09-20,SESSAO ORDINARIA
32,380,2022-09-21,SESSAO ORDINARIA
32,381,2022-09-22,SESSAO ORDINARIA
32,383,2022-09-28,SESSAO ORDINARIA
32,384,2022-09-29,SESSAO ORDINARIA
32,386,2022-10-05,SESSAO ORDINARIA
32,387,2022-10-06,SESSAO ORDINARIA
32,389,2022-10-13,SESSAO ORDINARIA
32,391,2022-10-19,SESSAO ORDINARIA
32,394,2022-10-25,SESSAO EXTRAORDINARIA
32,396,2022-10-27,SESSAO ORDINARIA
32,397,2022-11-03,SESSAO ORDINARIA
32,416,2022-12-14,SESSAO ORDINARIA
32,417,2022-12-15,SESSAO ORDINARIA
32,418,2023-02-01,SESSAO ORDINARIA
32,419,2023-02-02,SESSAO ORDINARIA
32,420,2023-02-07,SESSAO ORDINARIA
32,421,2023-02-08,SESSAO ORDINARIA
32,422,2023-02-14,SESSAO EXTRAORDINARIA
32,423,2023-02-09,SESSAO ORDINARIA
32,424,2023-02-16,SESSAO EXTRAORDINARIA
32,425,2023-02-14,SESSAO ORDINARIA
32,426,2023-02-15,SESSAO ORDINARIA
32,427,2023-02-16,SESSAO ORDINARIA
32,428,2023-02-23,SESSAO ORDINARIA
32,429,2023-02-28,SESSAO ORDINARIA
32,430,2023-03-01,SESSAO ORDINARIA
32,431,2023-03-21,SESSAO EXTRAORDINARIA
32,432,2023-03-02,SESSAO ORDINARIA
32,433,2023-03-07,SESSAO ORDINARIA
32,434,2023-03-08,SESSAO ORDINARIA
32,435,2023-03-09,SESSAO ORDINARIA
32,436,2023-03-14,SESSAO ORDINARIA
32,437,2023-03-15,SESSAO ORDINARIA
32,438,2023-03-16,SESSAO ORDINARIA
32,439,2023-03-21,SESSAO ORDINARIA
32,440,2023-03-22,SESSAO ORDINARIA
32,441,2023-03-23,SESSAO ORDINARIA
32,442,2023-03-21,SESSAO EXTRAORDINARIA
32,443,2023-04-04,SESSAO EXTRAORDINARIA
32,444,2023-03-28,SESSAO ORDINARIA
32,445,2023-03-29,SESSAO ORDINARIA
32,446,2023-03-30,SESSAO ORDINARIA
32,447,2023-04-04,SESSAO ORDINARIA
32,448,2023-04-05,SESSAO ORDINARIA
32,449,2023-04-11,SESSAO EXTRAORDINARIA
32,450,2023-04-11,SESSAO ORDINARIA
32,451,2023-04-12,SESSAO ORDINARIA
32,452,2023-04-13,SESSAO ORDINARIA
32,453,2023-04-18,SESSAO ORDINARIA
32,454,2023-04-19,SESSAO ORDINARIA
32,455,2023-04-20,SESSAO ORDINARIA
32,456,2023-04-25,SESSAO ORDINARIA
32,457,2023-04-26,SESSAO ORDINARIA
32,458,2023-04-27,SESSAO ORDINARIA
32,459,2023-05-02,SESSAO ORDINARIA
32,460,2023-05-03,SESSAO ORDINARIA
32,461,2023-05-04,SESSAO ORDINARIA
32,462,2023-05-09,SESSAO EXTRAORDINARIA
32,463,2023-05-09,SESSAO ORDINARIA
32,464,2023-05-10,SESSAO ORDINARIA
32,465,2023-05-11,SESSAO ORDINARIA
32,466,2023-05-16,SESSAO EXTRAORDINARIA
32,467,2023-05-16,SESSAO ORDINARIA
32,468,2023-05-17,SESSAO ORDINARIA
32,469,2023-05-18,SESSAO ORDINARIA
32,470,2023-05-23,SESSAO ORDINARIA
32,471,2023-05-24,SESSAO ORDINARIA
32,472,2023-05-25,SESSAO ORDINARIA
32,473,2023-05-30,SESSAO ORDINARIA
32,474,2023-05-31,SESSAO EXTRAORDINARIA
32,475,2023-05-31,SESSAO ORDINARIA
32,476,2023-06-01,SESSAO ORDINARIA
32,477,2023-06-06,SESSAO ORDINARIA
32,478,2023-06-07,SESSAO ORDINARIA
32,479,2023-06-13,SESSAO ORDINARIA
32,480,2023-06-14,SESSAO ORDINARIA
32,481,2023-06-20,SESSAO EXTRAORDINARIA
32,482,2023-06-20,SESSAO ORDINARIA
32,483,2023-06-21,SESSAO ORDINARIA
32,484,2023-06-22,SESSAO ORDINARIA
32,485,2023-06-27,SESSAO EXTRAORDINARIA
32,486,2023-06-27,SESSAO ORDINARIA
32,487,2023-08-01,SESSAO ORDINARIA
32,488,2023-08-02,SESSAO ORDINARIA
32,489,2023-08-03,SESSAO ORDINARIA
32,490,2023-08-08,SESSAO ORDINARIA
32,491,2023-08-09,SESSAO ORDINARIA
32,492,2023-08-10,SESSAO ORDINARIA
32,493,2023-08-15,SESSAO ORDINARIA
32,494,2023-08-15,SESSAO EXTRAORDINARIA
32,495,2023-08-16,SESSAO ORDINARIA
32,496,2023-08-22,SESSAO ORDINARIA
32,497,2023-08-22,SESSAO EXTRAORDINARIA
32,498,2023-08-23,SESSAO ORDINARIA
32,499,2023-08-24,SESSAO ORDINARIA
32,500,2023-08-29,SESSAO ORDINARIA
32,501,2023-08-29,SESSAO EXTRAORDINARIA
32,502,2023-08-29,SESSAO EXTRAORDINARIA
32,503,2023-08-30,SESSAO ORDINARIA
32,504,2023-08-31,SESSAO ORDINARIA
32,505,2023-09-05,SESSAO ORDINARIA
32,506,2023-09-12,SESSAO ORDINARIA
32,507,2023-09-13,SESSAO ORDINARIA
32,508,2023-09-19,SESSAO EXTRAORDINARIA
32,509,2023-09-19,SESSAO ORDINARIA
32,510,2023-09-20,SESSAO ORDINARIA
32,511,2023-09-21,SESSAO ORDINARIA
32,512,2023-09-26,SESSAO EXTRAORDINARIA
32,513,2023-09-26,SESSAO ORDINARIA
32,514,2023-09-27,SESSAO ORDINARIA
32,515,2023-09-28,SESSAO ORDINARIA
32,516,2023-10-03,SESSAO EXTRAORDINARIA
32,517,2023-10-03,SESSAO ORDINARIA
32,518,2023-10-04,SESSAO ORDINARIA
32,519,2023-10-05,SESSAO ORDINARIA
32,520,2023-10-10,SESSAO ORDINARIA
32,521,2023-10-10,SESSAO EXTRAORDINARIA
32,522,2023-10-11,SESSAO ORDINARIA
32,523,2023-10-17,SESSAO EXTRAORDINARIA
32,524,2023-10-17,SESSAO ORDINARIA
32,525,2023-10-18,SESSAO ORDINARIA
32,526,2023-10-19,SESSAO ORDINARIA
32,527,2023-10-24,SESSAO EXTRAORDINARIA
32,528,2023-10-24,SESSAO ORDINARIA
32,529,2023-10-25,SESSAO ORDINARIA
32,530,2023-10-31,SESSAO ORDINARIA
32,531,2023-10-31,SESSAO EXTRAORDINARIA
32,532,2023-11-01,SESSAO ORDINARIA
32,533,2023-11-07,SESSAO ORDINARIA
32,534,2023-11-07,SESSAO EXTRAORDINARIA
32,535,2023-11-08,SESSAO ORDINARIA
32,536,2023-11-09,SESSAO ORDINARIA
32,537,2023-11-14,SESSAO EXTRAORDINARIA
32,538,2023-11-14,SESSAO ORDINARIA
32,539,2023-11-16,SESSAO ORDINARIA
32,540,2023-11-21,SESSAO ORDINARIA
32,541,2023-11-21,SESSAO EXTRAORDINARIA
32,542,2023-11-21,SESSAO EXTRAORDINARIA
32,543,2023-11-22,SESSAO ORDINARIA
32,544,2023-11-23,SESSAO ORDINARIA
32,545,2023-11-28,SESSAO EXTRAORDINARIA
32,546,2023-11-28,SESSAO ORDINARIA
32,547,2023-11-28,SESSAO EXTRAORDINARIA
32,548,2023-12-05,SESSAO ORDINARIA
32,549,2023-12-05,SESSAO EXTRAORDINARIA
32,550,2023-12-06,SESSAO ORDINARIA
32,551,2023-12-07,SESSAO ORDINARIA
32,552,2023-12-12,SESSAO EXTRAORDINARIA
32,553,2023-12-12,SESSAO ORDINARIA
32,554,2023-12-13,SESSAO ORDINARIA
32,555,2023-12-13,SESSAO EXTRAORDINARIA
32,556,2023-12-13,SESSAO EXTRAORDINARIA
32,557,2024-02-01,SESSAO ORDINARIA
32,558,2024-02-01,SESSAO EXTRAORDINARIA
32,559,2024-02-01,SESSAO EXTRAORDINARIA
32,560,2024-02-06,SESSAO EXTRAORDINARIA
32,561,2024-02-06,SESSAO ORDINARIA
32,562,2024-02-07,SESSAO ORDINARIA
32,563,2024-02-08,SESSAO ORDINARIA
32,564,2024-02-15,SESSAO ORDINARIA
32,565,2024-02-20,SESSAO EXTRAORDINARIA
32,566,2024-02-20,SESSAO ORDINARIA
32,567,2024-02-21,SESSAO ORDINARIA
32,568,2024-02-22,SESSAO ORDINARIA
32,569,2024-02-27,SESSAO EXTRAORDINARIA
32,570,2024-02-27,SESSAO ORDINARIA
32,571,2024-02-27,SESSAO EXTRAORDINARIA
32,572,2024-02-27,SESSAO EXTRAORDINARIA
32,573,2024-02-28,SESSAO ORDINARIA
32,574,2024-02-29,SESSAO ORDINARIA
32,575,2024-03-05,SESSAO EXTRAORDINARIA
32,576,2024-03-05,SESSAO ORDINARIA
32,577,2024-03-06,SESSAO ORDINARIA
32,578,2024-03-07,SESSAO ORDINARIA
32,579,2024-03-13,SESSAO ORDINARIA
32,580,2024-03-14,SESSAO ORDINARIA
32,581,2024-03-19,SESSAO EXTRAORDINARIA
32,582,2024-03-19,SESSAO ORDINARIA
32,583,2024-03-20,SESSAO ORDINARIA
32,584,2024-03-21,SESSAO ORDINARIA
32,585,2024-03-26,SESSAO EXTRAORDINARIA
32,586,2024-03-26,SESSAO ORDINARIA
32,587,2024-03-27,SESSAO ORDINARIA
32,588,2024-04-02,SESSAO EXTRAORDINARIA
32,589,2024-04-02,SESSAO ORDINARIA
32,590,2024-04-03,SESSAO ORDINARIA
32,591,2024-04-04,SESSAO ORDINARIA
32,592,2024-04-23,SESSAO ORDINARIA
32,593,2024-04-09,SESSAO EXTRAORDINARIA
32,594,2024-04-09,SESSAO ORDINARIA
32,595,2024-04-10,SESSAO ORDINARIA
32,596,2024-04-09,SESSAO EXTRAORDINARIA
32,597,2024-04-11,SESSAO ORDINARIA
32,598,2024-04-23,SESSAO EXTRAORDINARIA
32,599,2024-05-07,SESSAO EXTRAORDINARIA
32,600,2024-04-16,SESSAO ORDINARIA
32,601,2024-04-17,SESSAO ORDINARIA
32,602,2024-04-18,SESSAO ORDINARIA
32,603,2024-04-24,SESSAO ORDINARIA
32,604,2024-04-25,SESSAO ORDINARIA
32,605,2024-05-21,SESSAO EXTRAORDINARIA
32,606,2024-04-30,SESSAO ORDINARIA
32,607,2024-05-02,SESSAO ORDINARIA
32,608,2024-05-07,SESSAO ORDINARIA
32,609,2024-05-08,SESSAO ORDINARIA
32,610,2024-05-09,SESSAO ORDINARIA
32,611,2024-05-28,SESSAO EXTRAORDINARIA
32,612,2024-05-14,SESSAO ORDINARIA
32,613,2024-05-15,SESSAO ORDINARIA
32,614,2024-05-16,SESSAO ORDINARIA
32,615,2024-05-21,SESSAO ORDINARIA
32,616,2024-05-22,SESSAO ORDINARIA
32,617,2024-05-23,SESSAO ORDINARIA
32,618,2024-05-28,SESSAO ORDINARIA
32,619,2024-06-04,SESSAO EXTRAORDINARIA
32,620,2024-05-29,SESSAO ORDINARIA
32,621,2024-06-04,SESSAO EXTRAORDINARIA
32,622,2024-06-04,SESSAO ORDINARIA
32,623,2024-06-05,SESSAO ORDINARIA
32,624,2024-06-11,SESSAO EXTRAORDINARIA
32,625,2024-06-18,SESSAO EXTRAORDINARIA
32,626,2024-06-06,SESSAO ORDINARIA
32,627,2024-06-11,SESSAO ORDINARIA
32,628,2024-06-12,SESSAO ORDINARIA
32,629,2024-06-13,SESSAO ORDINARIA
32,630,2024-06-18,SESSAO ORDINARIA
32,631,2024-06-19,SESSAO ORDINARIA
32,632,2024-06-20,SESSAO ORDINARIA
32,633,2024-06-18,SESSAO EXTRAORDINARIA
32,634,2024-06-19,SESSAO EXTRAORDINARIA
32,635,2024-06-25,SESSAO EXTRAORDINARIA
32,636,2024-06-25,SESSAO ORDINARIA
32,637,2024-08-01,SESSAO ORDINARIA
32,638,2024-08-06,SESSAO ORDINARIA
32,639,2024-08-07,SESSAO EXTRAORDINARIA
32,640,2024-08-07,SESSAO EXTRAORDINARIA
32,641,2024-08-07,SESSAO ORDINARIA
32,642,2024-08-07,SESSAO EXTRAORDINARIA
32,643,2024-08-08,SESSAO ORDINARIA
32,644,2024-08-14,SESSAO ORDINARIA
32,645,2024-08-15,SESSAO ORDINARIA
32,646,2024-08-14,SESSAO EXTRAORDINARIA
32,647,2024-08-20,SESSAO ORDINARIA
32,648,2024-08-21,SESSAO ORDINARIA
32,649,2024-08-27,SESSAO ORDINARIA
32,650,2024-08-28,SESSAO ORDINARIA
32,651,2024-08-29,SESSAO ORDINARIA
32,652,2024-09-03,SESSAO EXTRAORDINARIA
32,653,2024-09-03,SESSAO ORDINARIA
32,654,2024-09-04,SESSAO ORDINARIA
32,655,2024-09-05,SESSAO ORDINARIA
32,656,2024-09-10,SESSAO EXTRAORDINARIA
32,657,2024-09-10,SESSAO ORDINARIA
32,658,2024-09-11,SESSAO ORDINARIA
32,659,2024-09-12,SESSAO ORDINARIA
32,660,2024-09-17,SESSAO ORDINARIA
32,661,2024-09-17,SESSAO EXTRAORDINARIA
32,662,2024-09-18,SESSAO ORDINARIA
32,663,2024-09-19,SESSAO ORDINARIA
32,664,2024-09-24,SESSAO EXTRAORDINARIA
32,665,2024-09-24,SESSAO ORDINARIA
32,666,2024-09-25,SESSAO ORDINARIA
32,667,2024-09-26,SESSAO ORDINARIA
32,668,2024-08-27,SESSAO EXTRAORDINARIA
32,669,2024-10-01,SESSAO EXTRAORDINARIA
32,670,2024-10-01,SESSAO ORDINARIA
32,671,2024-10-02,SESSAO ORDINARIA
32,672,2024-10-03,SESSAO ORDINARIA
32,673,2024-10-08,SESSAO EXTRAORDINARIA
32,674,2024-10-08,SESSAO ORDINARIA
32,675,2024-10-09,SESSAO ORDINARIA
32,676,2024-10-10,SESSAO ORDINARIA
32,677,2024-10-15,SESSAO ORDINARIA
32,678,2024-10-16,SESSAO ORDINARIA
32,679,2024-10-17,SESSAO ORDINARIA
32,680,2024-10-22,SESSAO EXTRAORDINARIA
32,681,2024-10-22,SESSAO ORDINARIA
32,682,2024-10-23,SESSAO ORDINARIA
32,683,2024-10-24,SESSAO ORDINARIA
32,684,2024-10-29,SESSAO EXTRAORDINARIA
32,685,2024-10-29,SESSAO ORDINARIA
32,686,2024-10-30,SESSAO ORDINARIA
32,687,2024-10-30,SESSAO EXTRAORDINARIA
32,688,2024-10-31,SESSAO ORDINARIA
32,689,2024-11-05,SESSAO ORDINARIA
32,690,2024-11-05,SESSAO EXTRAORDINARIA
32,691,2024-11-06,SESSAO ORDINARIA
32,692,2024-11-07,SESSAO ORDINARIA
32,693,2024-11-12,SESSAO EXTRAORDINARIA
32,694,2024-11-12,SESSAO ORDINARIA
32,1693,2024-11-13,SESSAO ORDINARIA
32,1694,2024-11-14,SESSAO ORDINARIA
32,1695,2024-11-19,SESSAO ORDINARIA
32,1696,2024-11-26,SESSAO EXTRAORDINARIA
32,1697,2024-11-26,SESSAO ORDINARIA
32,1698,2024-11-26,SESSAO EXTRAORDINARIA
32,1699,2024-11-27,SESSAO ORDINARIA
32,1700,2024-11-27,SESSAO EXTRAORDINARIA
32,1701,2024-11-28,SESSAO ORDINARIA
32,1702,2024-12-03,SESSAO ORDINARIA
32,1703,2024-12-03,SESSAO EXTRAORDINARIA
32,1704,2024-12-04,SESSAO EXTRAORDINARIA
32,1705,2024-12-04,SESSAO ORDINARIA
32,1706,2024-12-10,SESSAO EXTRAORDINARIA
32,1707,2024-12-10,SESSAO ORDINARIA
32,1708,2024-12-10,SESSAO EXTRAORDINARIA
32,1709,2024-03-12,SESSAO EXTRAORDINARIA
32,1710,2024-03-12,SESSAO EXTRAORDINARIA
32,1711,2024-03-12,SESSAO ORDINARIA
32,1713,2025-02-11,ORDINARIA
32,1715,2025-02-12,ORDINARIA
32,1716,2025-02-13,ORDINARIA
32,1717,2025-02-18,ORDINARIA
32,1719,2025-02-19,ORDINARIA
32,1720,2025-02-25,ORDINARIA
32,1721,2025-02-20,ORDINARIA
32,1724,2025-02-26,ORDINARIA
32,1727,2025-02-27,ORDINARIA
32,1730,2025-03-06,ORDINARIA
32,1733,2025-03-11,ORDINARIA
32,1734,2025-03-11,EXTRAORDINARIA
32,1736,2025-03-12,ORDINARIA
32,1739,2025-03-13,ORDINARIA
32,1740,2025-03-18,EXTRAORDINARIA
32,1741,2025-03-18,ORDINARIA
32,1742,2025-03-18,EXTRAORDINARIA
32,1743,2025-03-18,EXTRAORDINARIA
32,1744,2025-03-19,ORDINARIA
32,1746,2025-03-20,ORDINARIA
32,1752,2025-03-25,ORDINARIA
32,1754,2025-03-25,EXTRAORDINARIA
32,1755,2025-03-26,ORDINARIA
32,1756,2025-04-02,EXTRAORDINARIA
32,1757,2025-03-27,ORDINARIA
32,1759,2025-04-01,ORDINARIA
32,1762,2025-04-02,ORDINARIA
32,1763,2025-04-03,ORDINARIA
32,1765,2025-04-03,ORDINARIA
32,1769,2025-04-08,ORDINARIA
32,1770,2025-04-08,EXTRAORDINARIA
32,1773,2025-04-09,ORDINARIA
32,1775,2025-04-10,ORDINARIA
32,1776,2025-04-10,ORDINARIA
32,1780,2025-04-15,ORDINARIA
32,1783,2025-04-16,ORDINARIA
32,1785,2025-04-22,ORDINARIA
32,1786,2025-04-23,ORDINARIA
32,1788,2025-04-24,ORDINARIA
32,1789,2025-04-24,ORDINARIA
32,1790,2025-04-29,ORDINARIA
32,1792,2025-04-30,ORDINARIA
32,1794,2025-05-06,ORDINARIA
32,1795,2025-05-06,EXTRAORDINARIA
32,1796,2025-05-07,ORDINARIA
32,1797,2025-05-13,EXTRAORDINARIA
32,1798,2025-05-08,ORDINARIA
32,1799,2025-05-08,ORDINARIA
32,1802,2025-05-13,ORDINARIA
32,1803,2025-05-20,EXTRAORDINARIA
32,1805,2025-05-14,ORDINARIA
32,1807,2025-05-27,EXTRAORDINARIA
32,1813,2025-05-20,ORDINARIA
32,1817,2025-05-21,ORDINARIA
32,1819,2025-05-22,ORDINARIA
32,1820,2025-05-27,ORDINARIA
32,1825,2025-05-27,EXTRAORDINARIA
32,1827,2025-05-28,ORDINARIA
32,1829,2025-05-29,ORDINARIA
32,1830,2025-05-29,ORDINARIA
32,1833,2025-06-03,ORDINARIA
32,1834,2025-06-17,EXTRAORDINARIA
32,1836,2025-06-04,ORDINARIA
32,1838,2025-06-05,ORDINARIA
32,1842,2025-06-10,ORDINARIA
32,1844,2025-06-11,ORDINARIA
32,1846,2025-06-12,ORDINARIA
32,1847,2025-06-12,ORDINARIA
32,1848,2025-06-17,ORDINARIA
32,1851,2025-06-17,EXTRAORDINARIA
32,1854,2025-06-18,ORDINARIA
32,1856,2025-06-24,ORDINARIA
32,1858,2025-06-24,EXTRAORDINARIA
32,1859,2025-08-07,EXTRAORDINARIA
32,1862,2025-06-25,ORDINARIA
32,1864,2025-06-26,ORDINARIA
32,1865,2025-06-26,ORDINARIA
32,1870,2025-08-05,ORDINARIA
32,1873,2025-08-06,ORDINARIA
32,1875,2025-08-07,ORDINARIA
32,1876,2025-08-07,EXTRAORDINARIA
32,1879,2025-08-12,ORDINARIA
32,1880,2025-08-12,EXTRAORDINARIA
32,1882,2025-08-13,ORDINARIA
32,1884,2025-08-14,ORDINARIA
32,1885,2025-08-14,ORDINARIA
32,1891,2025-08-19,ORDINARIA
32,1892,2025-08-19,EXTRAORDINARIA
32,1895,2025-08-20,ORDINARIA
32,1896,2025-08-26,EXTRAORDINARIA
32,1897,2025-08-21,SOLENE
32,1899,2025-08-22,SOLENE
32,1903,2025-08-26,ORDINARIA
32,1904,2025-08-27,ORDINARIA
32,1905,2025-09-09,EXTRAORDINARIA
32,1906,2025-08-28,ORDINARIA
32,1907,2025-08-28,ORDINARIA
32,1911,2025-09-02,ORDINARIA
32,1913,2025-09-03,ORDINARIA
32,1914,2025-09-04,ORDINARIA
32,1915,2025-09-04,ORDINARIA
32,1916,2025-09-09,ORDINARIA
32,1917,2025-09-10,ORDINARIA
32,1919,2025-09-11,ORDINARIA
32,1920,2025-09-11,ORDINARIA
32,1927,2025-09-16,ORDINARIA
32,1928,2025-09-16,EXTRAORDINARIA
32,1929,2025-09-23,EXTRAORDINARIA
32,1930,2025-09-17,ORDINARIA
32,1932,2025-09-18,ORDINARIA
32,1933,2025-09-18,ORDINARIA
32,1939,2025-09-23,ORDINARIA
32,1941,2025-09-24,ORDINARIA
32,1944,2025-09-25,ORDINARIA
32,1945,2025-09-25,ORDINARIA
32,1950,2025-09-30,ORDINARIA
32,1951,2025-09-30,EXTRAORDINARIA
32,1954,2025-10-01,ORDINARIA
32,1956,2025-10-02,ORDINARIA
32,1963,2025-10-07,ORDINARIA
32,1964,2025-10-08,EXTRAORDINARIA
32,1966,2025-10-08,ORDINARIA
32,1967,2025-10-09,ORDINARIA
32,1968,2025-10-09,ORDINARIA
32,1974,2025-10-14,ORDINARIA
32,1975,2025-10-15,EXTRAORDINARIA
32,1977,2025-10-15,ORDINARIA
32,1979,2025-10-16,ORDINARIA
32,1985,2025-10-21,ORDINARIA
32,1986,2025-10-21,EXTRAORDINARIA
32,1988,2025-10-22,ORDINARIA
32,1989,2025-11-04,EXTRAORDINARIA
32,1990,2025-10-23,ORDINARIA
32,1992,2025-10-29,ORDINARIA
32,1994,2025-10-30,ORDINARIA
32,1995,2025-10-30,ORDINARIA
32,2000,2025-11-04,ORDINARIA
32,2003,2025-11-05,ORDINARIA
32,2004,2025-11-11,EXTRAORDINARIA
32,2006,2025-11-06,ORDINARIA
32,2013,2025-11-11,ORDINARIA
32,2014,2025-11-11,EXTRAORDINARIA
32,2015,2025-11-11,EXTRAORDINARIA
32,2018,2025-11-12,ORDINARIA
32,2020,2025-11-13,ORDINARIA
32,2027,2025-11-18,ORDINARIA
32,2028,2025-11-25,EXTRAORDINARIA
32,2030,2025-11-19,ORDINARIA
32,2034,2025-11-25,ORDINARIA
32,2035,2025-11-26,EXTRAORDINARIA
32,2037,2025-11-26,ORDINARIA
32,2038,2025-11-26,EXTRAORDINARIA
32,2039,2025-11-27,ORDINARIA
32,2040,2025-11-27,ORDINARIA
32,2045,2025-12-02,ORDINARIA
32,2046,2025-12-02,EXTRAORDINARIA
32,2047,2025-12-03,EXTRAORDINARIA
32,2050,2025-12-03,ORDINARIA
32,2053,2025-12-04,ORDINARIA
32,2057,2025-12-09,ORDINARIA
32,2058,2025-12-09,EXTRAORDINARIA
32,2060,2025-12-10,EXTRAORDINARIA
32,2061,2025-12-10,EXTRAORDINARIA
32,2062,2025-12-10,EXTRAORDINARIA
32,2065,2025-12-15,ORDINARIA
32,2066,2025-12-23,EXTRAORDINARIA
32,2067,2025-12-23,EXTRAORDINARIA
32,2069,2026-02-03,ORDINARIA
32,2070,2026-02-04,ORDINARIA
32,2072,2026-02-05,ORDINARIA
32,2074,2026-02-10,ORDINARIA
32,2075,2026-02-10,EXTRAORDINARIA
32,2078,2026-02-11,ORDINARIA
32,2079,2026-03-03,EXTRAORDINARIA
32,2081,2026-02-12,ORDINARIA
32,2082,2026-02-19,ORDINARIA
32,2084,2026-02-24,ORDINARIA
32,2085,2026-02-25,ORDINARIA
32,2088,2026-02-26,ORDINARIA
32,2092,2026-03-03,ORDINARIA
32,2093,2026-03-04,ORDINARIA
32,2096,2026-03-05,SOLENE
32,2101,2026-03-31,EXTRAORDINARIA
32,2102,2026-03-31,EXTRAORDINARIA
32,2103,2026-04-01,ORDINARIA
32,2106,2026-04-07,ORDINARIA
32,2107,2026-04-08,EXTRAORDINARIA
32,2108,2026-04-08,ORDINARIA
32,2109,2026-04-09,ORDINARIA
32,2112,2026-04-14,ORDINARIA
32,2113,2026-04-14,EXTRAORDINARIA
32,2114,2026-04-15,ORDINARIA
32,2115,2026-04-29,EXTRAORDINARIA
32,2116,2026-04-16,ORDINARIA
32,2118,2026-04-22,ORDINARIA
32,2119,2026-04-23,ORDINARIA
32,2122,2026-04-28,ORDINARIA
32,2125,2026-04-29,ORDINARIA
32,2126,2026-03-17,ORDINARIA
32,2127,2026-03-18,ORDINARIA
32,2128,2026-03-25,EXTRAORDINARIA
32,2131,2026-03-19,ORDINARIA
32,2136,2026-03-24,ORDINARIA
32,2138,2026-03-25,ORDINARIA
32,2139,2026-03-25,EXTRAORDINARIA
32,2141,2026-03-26,ORDINARIA
32,2143,2026-03-31,ORDINARIA
32,2145,2026-04-30,ORDINARIA
32,2148,2026-05-05,ORDINARIA
32,2149,2026-05-12,EXTRAORDINARIA
32,2150,2026-05-06,ORDINARIA
32,2152,2026-05-07,ORDINARIA
32,2159,2026-05-12,ORDINARIA
32,2161,2026-05-13,ORDINARIA
32,2163,2026-05-14,ORDINARIA
32,2170,2026-05-19,ORDINARIA
32,2171,2026-03-10,ORDINARIA
32,2172,2026-03-17,EXTRAORDINARIA
32,2173,2026-03-11,ORDINARIA
32,2176,2026-03-12,ORDINARIA
32,2183,2026-05-19,EXTRAORDINARIA
32,2185,2026-05-20,ORDINARIA
32,2186,2026-06-09,EXTRAORDINARIA
32,2188,2026-05-21,ORDINARIA
32,2191,2026-05-26,ORDINARIA
32,2192,2026-05-27,ORDINARIA
32,2193,2026-05-28,ORDINARIA
32,2199,2026-06-02,ORDINARIA
32,2200,2026-06-03,ORDINARIA
32,2203,2026-06-09,ORDINARIA
32,2204,2026-06-10,ORDINARIA
32,2205,2026-06-11,ORDINARIA
32,2213,2026-06-23,ORDINARIA
32,2218,2026-06-30,ORDINARIA
32,2219,2026-06-30,EXTRAORDINARIA
32,2220,2026-06-30,EXTRAORDINARIA
32,2225,2026-08-04,ORDINARIA
32,2228,2026-08-05,ORDINARIA
32,2229,2026-08-06,ORDINARIA
32,2233,2026-06-16,ORDINARIA
32,2234,2026-06-16,EXTRAORDINARIA
32,2235,2026-06-30,EXTRAORDINARIA
32,2237,2026-06-17,ORDINARIA
32,2239,2026-06-18,ORDINARIA
32,2241,2026-08-11,ORDINARIA
32,2244,2026-08-12,ORDINARIA
32,2245,2026-08-13,ORDINARIA
32,2250,2026-08-18,ORDINARIA
32,2253,2026-08-19,ORDINARIA
32,2255,2026-08-20,ORDINARIA
32,2258,2026-08-25,ORDINARIA
33,7,2020-02-11,SESSAO EXTRAORDINARIA
33,11,2020-02-19,SESSAO ORDINARIA
33,12,2020-02-20,SESSAO ORDINARIA
33,13,2020-02-27,SESSAO ORDINARIA
33,16,2020-03-05,SESSAO ORDINARIA
33,32,2020-03-31,SESSAO EXTRAORDINARIA
33,33,2020-03-31,SESSAO EXTRAORDINARIA
33,43,2020-04-15,SESSAO EXTRAORDINARIA
33,45,2020-04-22,SESSAO EXTRAORDINARIA
33,46,2020-04-22,SESSAO EXTRAORDINARIA
33,47,2020-04-22,SESSAO EXTRAORDINARIA
33,49,2020-04-28,SESSAO EXTRAORDINARIA
33,51,2020-04-29,SESSAO EXTRAORDINARIA
33,53,2020-05-05,SESSAO EXTRAORDINARIA
33,62,2020-06-02,SESSAO EXTRAORDINARIA
33,64,2020-06-10,SESSAO EXTRAORDINARIA
33,70,2020-06-17,SESSAO EXTRAORDINARIA
33,71,2020-06-18,SESSAO EXTRAORDINARIA
33,74,2020-06-24,SESSAO EXTRAORDINARIA
33,77,2020-08-04,SESSAO EXTRAORDINARIA
33,78,2020-08-05,SESSAO EXTRAORDINARIA
33,81,2020-08-12,SESSAO EXTRAORDINARIA
33,84,2020-08-19,SESSAO EXTRAORDINARIA
33,85,2020-08-19,SESSAO EXTRAORDINARIA
33,86,2020-08-25,SESSAO EXTRAORDINARIA
33,87,2020-08-26,SESSAO EXTRAORDINARIA
33,89,2020-09-02,SESSAO EXTRAORDINARIA
33,95,2020-09-22,SESSAO EXTRAORDINARIA
33,96,2020-09-23,SESSAO EXTRAORDINARIA
33,97,2020-09-23,SESSAO EXTRAORDINARIA
33,98,2020-09-29,SESSAO EXTRAORDINARIA
33,99,2020-09-29,SESSAO EXTRAORDINARIA
33,100,2020-09-30,SESSAO EXTRAORDINARIA
33,101,2020-10-06,SESSAO EXTRAORDINARIA
33,104,2020-10-13,SESSAO EXTRAORDINARIA
33,107,2020-10-15,SESSAO EXTRAORDINARIA
33,112,2020-10-28,SESSAO EXTRAORDINARIA
33,113,2020-10-28,SESSAO EXTRAORDINARIA
33,116,2020-11-04,SESSAO EXTRAORDINARIA
33,117,2020-11-10,SESSAO EXTRAORDINARIA
33,118,2020-11-10,SESSAO EXTRAORDINARIA
33,119,2020-11-11,SESSAO EXTRAORDINARIA
33,120,2020-11-17,SESSAO EXTRAORDINARIA
33,121,2020-11-17,SESSAO EXTRAORDINARIA
33,123,2020-11-24,SESSAO EXTRAORDINARIA
33,127,2020-12-01,SESSAO EXTRAORDINARIA
33,128,2020-12-02,SESSAO EXTRAORDINARIA
33,130,2020-12-09,SESSAO EXTRAORDINARIA
33,131,2020-12-09,SESSAO EXTRAORDINARIA
33,137,2021-02-03,SESSAO EXTRAORDINARIA
33,139,2021-02-10,SESSAO EXTRAORDINARIA
33,142,2021-02-24,SESSAO EXTRAORDINARIA
33,157,2021-04-07,SESSAO EXTRAORDINARIA
33,161,2021-04-20,SESSAO EXTRAORDINARIA
33,163,2021-04-27,SESSAO EXTRAORDINARIA
33,164,2021-04-27,SESSAO EXTRAORDINARIA
33,165,2021-04-28,SESSAO EXTRAORDINARIA
33,167,2021-05-05,SESSAO EXTRAORDINARIA
33,168,2021-05-11,SESSAO EXTRAORDINARIA
33,169,2021-05-11,SESSAO EXTRAORDINARIA
33,170,2021-05-12,SESSAO EXTRAORDINARIA
33,171,2021-05-18,SESSAO EXTRAORDINARIA
33,174,2021-05-25,SESSAO EXTRAORDINARIA
33,175,2021-05-25,SESSAO EXTRAORDINARIA
33,178,2021-06-02,SESSAO EXTRAORDINARIA
33,181,2021-06-09,SESSAO EXTRAORDINARIA
33,185,2021-06-22,SESSAO EXTRAORDINARIA
33,186,2021-06-23,SESSAO EXTRAORDINARIA
33,194,2021-08-05,SESSAO ORDINARIA
33,195,2021-08-05,SESSAO ORDINARIA
33,198,2021-08-11,SESSAO ORDINARIA
33,203,2021-08-18,SESSAO ORDINARIA
33,204,2021-08-19,SESSAO ORDINARIA
33,206,2021-08-25,SESSAO ORDINARIA
33,207,2021-08-26,SESSAO ORDINARIA
33,211,2021-09-01,SESSAO ORDINARIA
33,212,2021-09-02,SESSAO ORDINARIA
33,214,2021-09-09,SESSAO ORDINARIA
33,217,2021-09-15,SESSAO EXTRAORDINARIA
33,218,2021-09-16,SESSAO ORDINARIA
33,220,2021-09-21,SESSAO EXTRAORDINARIA
33,221,2021-09-22,SESSAO ORDINARIA
33,222,2021-09-23,SESSAO ORDINARIA
33,223,2021-09-28,SESSAO ORDINARIA
33,225,2021-09-30,SESSAO ORDINARIA
33,228,2021-10-06,SESSAO ORDINARIA
33,229,2021-10-06,SESSAO EXTRAORDINARIA
33,230,2021-10-06,SESSAO EXTRAORDINARIA
33,231,2021-10-07,SESSAO ORDINARIA
33,232,2021-10-13,SESSAO ORDINARIA
33,233,2021-10-14,SESSAO ORDINARIA
33,236,2021-10-20,SESSAO EXTRAORDINARIA
33,237,2021-10-21,SESSAO ORDINARIA
33,239,2021-10-27,SESSAO ORDINARIA
33,242,2021-11-03,SESSAO EXTRAORDINARIA
33,243,2021-11-03,SESSAO EXTRAORDINARIA
33,245,2021-11-09,SESSAO ORDINARIA
33,246,2021-11-09,SESSAO EXTRAORDINARIA
33,251,2021-11-17,SESSAO ORDINARIA
33,252,2021-11-18,SESSAO ORDINARIA
33,253,2021-11-23,SESSAO ORDINARIA
33,254,2021-11-23,SESSAO EXTRAORDINARIA
33,255,2021-11-24,SESSAO ORDINARIA
33,257,2021-12-01,SESSAO ORDINARIA
33,258,2021-12-01,SESSAO EXTRAORDINARIA
33,262,2021-12-07,SESSAO EXTRAORDINARIA
33,263,2021-12-08,SESSAO ORDINARIA
33,264,2021-12-08,SESSAO EXTRAORDINARIA
33,272,2021-12-15,SESSAO ORDINARIA
33,274,2022-02-03,SESSAO ORDINARIA
33,276,2022-02-08,SESSAO EXTRAORDINARIA
33,277,2022-02-08,SESSAO EXTRAORDINARIA
33,278,2022-02-09,SESSAO ORDINARIA
33,283,2022-02-16,SESSAO EXTRAORDINARIA
33,289,2022-02-24,SESSAO ORDINARIA
33,290,2022-03-03,SESSAO ORDINARIA
33,293,2022-03-09,SESSAO EXTRAORDINARIA
33,296,2022-03-23,SESSAO EXTRAORDINARIA
33,297,2022-03-15,SESSAO ORDINARIA
33,306,2022-03-30,SESSAO EXTRAORDINARIA
33,307,2022-03-31,SESSAO EXTRAORDINARIA
33,310,2022-03-31,SESSAO EXTRAORDINARIA
33,311,2022-03-31,SESSAO EXTRAORDINARIA
33,314,2022-04-06,SESSAO ORDINARIA
33,319,2022-04-13,SESSAO ORDINARIA
33,326,2022-05-04,SESSAO ORDINARIA
33,333,2022-05-12,SESSAO ORDINARIA
33,336,2022-05-19,SESSAO ORDINARIA
33,338,2022-05-25,SESSAO ORDINARIA
33,339,2022-05-26,SESSAO ORDINARIA
33,341,2022-06-01,SESSAO ORDINARIA
33,345,2022-06-21,SESSAO EXTRAORDINARIA
33,346,2022-06-09,SESSAO ORDINARIA
33,348,2022-06-15,SESSAO ORDINARIA
33,349,2022-06-21,SESSAO ORDINARIA
33,356,2022-06-30,SESSAO ORDINARIA
33,357,2022-08-02,SESSAO ORDINARIA
33,358,2022-08-30,SESSAO EXTRAORDINARIA
33,359,2022-08-03,SESSAO ORDINARIA
33,360,2022-08-04,SESSAO ORDINARIA
33,362,2022-08-10,SESSAO ORDINARIA
33,363,2022-08-11,SESSAO ORDINARIA
33,365,2022-08-17,SESSAO ORDINARIA
33,366,2022-08-18,SESSAO ORDINARIA
33,368,2022-08-24,SESSAO ORDINARIA
33,369,2022-08-25,SESSAO ORDINARIA
33,371,2022-08-31,SESSAO ORDINARIA
33,372,2022-09-13,SESSAO EXTRAORDINARIA
33,373,2022-09-01,SESSAO ORDINARIA
33,374,2022-09-08,SESSAO ORDINARIA
33,375,2022-09-13,SESSAO ORDINARIA
33,376,2022-09-14,SESSAO ORDINARIA
33,377,2022-09-15,SESSAO ORDINARIA
33,379,2022-10-25,SESSAO EXTRAORDINARIA
33,380,2022-09-21,SESSAO ORDINARIA
33,381,2022-09-22,SESSAO ORDINARIA
33,382,2022-09-27,SESSAO ORDINARIA
33,383,2022-09-28,SESSAO ORDINARIA
33,384,2022-09-29,SESSAO ORDINARIA
33,386,2022-10-05,SESSAO ORDINARIA
33,388,2022-10-11,SESSAO ORDINARIA
33,389,2022-10-13,SESSAO ORDINARIA
33,390,2022-10-18,SESSAO ORDINARIA
33,393,2022-10-25,SESSAO ORDINARIA
33,394,2022-10-25,SESSAO EXTRAORDINARIA
33,397,2022-11-03,SESSAO ORDINARIA
33,398,2022-11-08,SESSAO ORDINARIA
33,401,2022-11-22,SESSAO EXTRAORDINARIA
33,403,2022-12-06,SESSAO EXTRAORDINARIA
33,404,2022-11-16,SESSAO ORDINARIA
33,405,2022-11-17,SESSAO ORDINARIA
33,406,2022-11-22,SESSAO ORDINARIA
33,407,2022-11-23,SESSAO ORDINARIA
33,413,2022-12-08,SESSAO ORDINARIA
33,415,2022-12-13,SESSAO EXTRAORDINARIA
33,416,2022-12-14,SESSAO ORDINARIA
33,417,2022-12-15,SESSAO ORDINARIA
33,423,2023-02-09,SESSAO ORDINARIA
33,424,2023-02-16,SESSAO EXTRAORDINARIA
33,425,2023-02-14,SESSAO ORDINARIA
33,427,2023-02-16,SESSAO ORDINARIA
33,428,2023-02-23,SESSAO ORDINARIA
33,429,2023-02-28,SESSAO ORDINARIA
33,430,2023-03-01,SESSAO ORDINARIA
33,443,2023-04-04,SESSAO EXTRAORDINARIA
33,444,2023-03-28,SESSAO ORDINARIA
33,445,2023-03-29,SESSAO ORDINARIA
33,446,2023-03-30,SESSAO ORDINARIA
33,447,2023-04-04,SESSAO ORDINARIA
33,448,2023-04-05,SESSAO ORDINARIA
33,455,2023-04-20,SESSAO ORDINARIA
33,461,2023-05-04,SESSAO ORDINARIA
33,468,2023-05-17,SESSAO ORDINARIA
33,471,2023-05-24,SESSAO ORDINARIA
33,474,2023-05-31,SESSAO EXTRAORDINARIA
33,478,2023-06-07,SESSAO ORDINARIA
33,480,2023-06-14,SESSAO ORDINARIA
33,491,2023-08-09,SESSAO ORDINARIA
33,493,2023-08-15,SESSAO ORDINARIA
33,494,2023-08-15,SESSAO EXTRAORDINARIA
33,495,2023-08-16,SESSAO ORDINARIA
33,498,2023-08-23,SESSAO ORDINARIA
33,503,2023-08-30,SESSAO ORDINARIA
33,505,2023-09-05,SESSAO ORDINARIA
33,511,2023-09-21,SESSAO ORDINARIA
33,514,2023-09-27,SESSAO ORDINARIA
33,525,2023-10-18,SESSAO ORDINARIA
33,534,2023-11-07,SESSAO EXTRAORDINARIA
33,537,2023-11-14,SESSAO EXTRAORDINARIA
33,539,2023-11-16,SESSAO ORDINARIA
33,542,2023-11-21,SESSAO EXTRAORDINARIA
33,544,2023-11-23,SESSAO ORDINARIA
33,545,2023-11-28,SESSAO EXTRAORDINARIA
33,550,2023-12-06,SESSAO ORDINARIA
33,555,2023-12-13,SESSAO EXTRAORDINARIA
33,563,2024-02-08,SESSAO ORDINARIA
33,564,2024-02-15,SESSAO ORDINARIA
33,565,2024-02-20,SESSAO EXTRAORDINARIA
33,566,2024-02-20,SESSAO ORDINARIA
33,567,2024-02-21,SESSAO ORDINARIA
33,568,2024-02-22,SESSAO ORDINARIA
33,575,2024-03-05,SESSAO EXTRAORDINARIA
33,591,2024-04-04,SESSAO ORDINARIA
33,596,2024-04-09,SESSAO EXTRAORDINARIA
33,597,2024-04-11,SESSAO ORDINARIA
33,598,2024-04-23,SESSAO EXTRAORDINARIA
33,601,2024-04-17,SESSAO ORDINARIA
33,603,2024-04-24,SESSAO ORDINARIA
33,607,2024-05-02,SESSAO ORDINARIA
33,610,2024-05-09,SESSAO ORDINARIA
33,612,2024-05-14,SESSAO ORDINARIA
33,616,2024-05-22,SESSAO ORDINARIA
33,617,2024-05-23,SESSAO ORDINARIA
33,620,2024-05-29,SESSAO ORDINARIA
33,621,2024-06-04,SESSAO EXTRAORDINARIA
33,623,2024-06-05,SESSAO ORDINARIA
33,626,2024-06-06,SESSAO ORDINARIA
33,628,2024-06-12,SESSAO ORDINARIA
33,629,2024-06-13,SESSAO ORDINARIA
33,637,2024-08-01,SESSAO ORDINARIA
33,643,2024-08-08,SESSAO ORDINARIA
33,644,2024-08-14,SESSAO ORDINARIA
33,645,2024-08-15,SESSAO ORDINARIA
33,646,2024-08-14,SESSAO EXTRAORDINARIA
33,651,2024-08-29,SESSAO ORDINARIA
33,652,2024-09-03,SESSAO EXTRAORDINARIA
33,654,2024-09-04,SESSAO ORDINARIA
33,655,2024-09-05,SESSAO ORDINARIA
33,656,2024-09-10,SESSAO EXTRAORDINARIA
33,659,2024-09-12,SESSAO ORDINARIA
33,660,2024-09-17,SESSAO ORDINARIA
33,661,2024-09-17,SESSAO EXTRAORDINARIA
33,662,2024-09-18,SESSAO ORDINARIA
33,663,2024-09-19,SESSAO ORDINARIA
33,666,2024-09-25,SESSAO ORDINARIA
33,667,2024-09-26,SESSAO ORDINARIA
33,672,2024-10-03,SESSAO ORDINARIA
33,676,2024-10-10,SESSAO ORDINARIA
33,677,2024-10-15,SESSAO ORDINARIA
33,678,2024-10-16,SESSAO ORDINARIA
33,679,2024-10-17,SESSAO ORDINARIA
33,683,2024-10-24,SESSAO ORDINARIA
33,684,2024-10-29,SESSAO EXTRAORDINARIA
33,688,2024-10-31,SESSAO ORDINARIA
33,692,2024-11-07,SESSAO ORDINARIA
33,1694,2024-11-14,SESSAO ORDINARIA
33,1701,2024-11-28,SESSAO ORDINARIA
33,1706,2024-12-10,SESSAO EXTRAORDINARIA
33,1707,2024-12-10,SESSAO ORDINARIA
33,1708,2024-12-10,SESSAO EXTRAORDINARIA
33,1710,2024-03-12,SESSAO EXTRAORDINARIA
33,1716,2025-02-13,ORDINARIA
33,1720,2025-02-25,ORDINARIA
33,1721,2025-02-20,ORDINARIA
33,1727,2025-02-27,ORDINARIA
33,1730,2025-03-06,ORDINARIA
33,1734,2025-03-11,EXTRAORDINARIA
33,1740,2025-03-18,EXTRAORDINARIA
33,1742,2025-03-18,EXTRAORDINARIA
33,1743,2025-03-18,EXTRAORDINARIA
33,1754,2025-03-25,EXTRAORDINARIA
33,1756,2025-04-02,EXTRAORDINARIA
33,1757,2025-03-27,ORDINARIA
33,1763,2025-04-03,ORDINARIA
33,1765,2025-04-03,ORDINARIA
33,1769,2025-04-08,ORDINARIA
33,1770,2025-04-08,EXTRAORDINARIA
33,1773,2025-04-09,ORDINARIA
33,1775,2025-04-10,ORDINARIA
33,1776,2025-04-10,ORDINARIA
33,1780,2025-04-15,ORDINARIA
33,1783,2025-04-16,ORDINARIA
33,1785,2025-04-22,ORDINARIA
33,1788,2025-04-24,ORDINARIA
33,1789,2025-04-24,ORDINARIA
33,1790,2025-04-29,ORDINARIA
33,1792,2025-04-30,ORDINARIA
33,1795,2025-05-06,EXTRAORDINARIA
33,1797,2025-05-13,EXTRAORDINARIA
33,1798,2025-05-08,ORDINARIA
33,1799,2025-05-08,ORDINARIA
33,1807,2025-05-27,EXTRAORDINARIA
33,1817,2025-05-21,ORDINARIA
33,1819,2025-05-22,ORDINARIA
33,1820,2025-05-27,ORDINARIA
33,1825,2025-05-27,EXTRAORDINARIA
33,1827,2025-05-28,ORDINARIA
33,1829,2025-05-29,ORDINARIA
33,1830,2025-05-29,ORDINARIA
33,1833,2025-06-03,ORDINARIA
33,1836,2025-06-04,ORDINARIA
33,1838,2025-06-05,ORDINARIA
33,1844,2025-06-11,ORDINARIA
33,1846,2025-06-12,ORDINARIA
33,1847,2025-06-12,ORDINARIA
33,1858,2025-06-24,EXTRAORDINARIA
33,1862,2025-06-25,ORDINARIA
33,1864,2025-06-26,ORDINARIA
33,1865,2025-06-26,ORDINARIA
33,1875,2025-08-07,ORDINARIA
33,1880,2025-08-12,EXTRAORDINARIA
33,1884,2025-08-14,ORDINARIA
33,1885,2025-08-14,ORDINARIA
33,1895,2025-08-20,ORDINARIA
33,1896,2025-08-26,EXTRAORDINARIA
33,1897,2025-08-21,SOLENE
33,1899,2025-08-22,SOLENE
33,1905,2025-09-09,EXTRAORDINARIA
33,1906,2025-08-28,ORDINARIA
33,1907,2025-08-28,ORDINARIA
33,1914,2025-09-04,ORDINARIA
33,1915,2025-09-04,ORDINARIA
33,1917,2025-09-10,ORDINARIA
33,1919,2025-09-11,ORDINARIA
33,1920,2025-09-11,ORDINARIA
33,1929,2025-09-23,EXTRAORDINARIA
33,1932,2025-09-18,ORDINARIA
33,1933,2025-09-18,ORDINARIA
33,1941,2025-09-24,ORDINARIA
33,1944,2025-09-25,ORDINARIA
33,1945,2025-09-25,ORDINARIA
33,1950,2025-09-30,ORDINARIA
33,1951,2025-09-30,EXTRAORDINARIA
33,1954,2025-10-01,ORDINARIA
33,1956,2025-10-02,ORDINARIA
33,1963,2025-10-07,ORDINARIA
33,1964,2025-10-08,EXTRAORDINARIA
33,1966,2025-10-08,ORDINARIA
33,1967,2025-10-09,ORDINARIA
33,1968,2025-10-09,ORDINARIA
33,1975,2025-10-15,EXTRAORDINARIA
33,1979,2025-10-16,ORDINARIA
33,1985,2025-10-21,ORDINARIA
33,1986,2025-10-21,EXTRAORDINARIA
33,1988,2025-10-22,ORDINARIA
33,1990,2025-10-23,ORDINARIA
33,1992,2025-10-29,ORDINARIA
33,1994,2025-10-30,ORDINARIA
33,1995,2025-10-30,ORDINARIA
33,2006,2025-11-06,ORDINARIA
33,2015,2025-11-11,EXTRAORDINARIA
33,2020,2025-11-13,ORDINARIA
33,2035,2025-11-26,EXTRAORDINARIA
33,2038,2025-11-26,EXTRAORDINARIA
33,2039,2025-11-27,ORDINARIA
33,2040,2025-11-27,ORDINARIA
33,2046,2025-12-02,EXTRAORDINARIA
33,2053,2025-12-04,ORDINARIA
33,2065,2025-12-15,ORDINARIA
33,2072,2026-02-05,ORDINARIA
33,2075,2026-02-10,EXTRAORDINARIA
33,2078,2026-02-11,ORDINARIA
33,2081,2026-02-12,ORDINARIA
33,2082,2026-02-19,ORDINARIA
33,2093,2026-03-04,ORDINARIA
33,2096,2026-03-05,SOLENE
33,2101,2026-03-31,EXTRAORDINARIA
33,2102,2026-03-31,EXTRAORDINARIA
33,2107,2026-04-08,EXTRAORDINARIA
33,2108,2026-04-08,ORDINARIA
33,2109,2026-04-09,ORDINARIA
33,2113,2026-04-14,EXTRAORDINARIA
33,2115,2026-04-29,EXTRAORDINARIA
33,2116,2026-04-16,ORDINARIA
33,2119,2026-04-23,ORDINARIA
33,2122,2026-04-28,ORDINARIA
33,2125,2026-04-29,ORDINARIA
33,2131,2026-03-19,ORDINARIA
33,2139,2026-03-25,EXTRAORDINARIA
33,2141,2026-03-26,ORDINARIA
33,2145,2026-04-30,ORDINARIA
33,2148,2026-05-05,ORDINARIA
33,2149,2026-05-12,EXTRAORDINARIA
33,2150,2026-05-06,ORDINARIA
33,2152,2026-05-07,ORDINARIA
33,2161,2026-05-13,ORDINARIA
33,2163,2026-05-14,ORDINARIA
33,2173,2026-03-11,ORDINARIA
33,2176,2026-03-12,ORDINARIA
33,2183,2026-05-19,EXTRAORDINARIA
33,2185,2026-05-20,ORDINARIA
33,2188,2026-05-21,ORDINARIA
33,2193,2026-05-28,ORDINARIA
33,2200,2026-06-03,ORDINARIA
33,2204,2026-06-10,ORDINARIA
33,2205,2026-06-11,ORDINARIA
33,2229,2026-08-06,ORDINARIA
33,2234,2026-06-16,EXTRAORDINARIA
33,2239,2026-06-18,ORDINARIA
33,2245,2026-08-13,ORDINARIA
33,2253,2026-08-19,ORDINARIA
33,2255,2026-08-20,ORDINARIA
33,2258,2026-08-25,ORDINARIA
34,7,2020-02-11,SESSAO EXTRAORDINARIA
34,8,2020-02-12,SESSAO ORDINARIA
34,13,2020-02-27,SESSAO ORDINARIA
34,16,2020-03-05,SESSAO ORDINARIA
34,20,2020-03-12,SESSAO ORDINARIA
34,43,2020-04-15,SESSAO EXTRAORDINARIA
34,45,2020-04-22,SESSAO EXTRAORDINARIA
34,46,2020-04-22,SESSAO EXTRAORDINARIA
34,47,2020-04-22,SESSAO EXTRAORDINARIA
34,49,2020-04-28,SESSAO EXTRAORDINARIA
34,50,2020-04-29,SESSAO EXTRAORDINARIA
34,55,2020-05-19,SESSAO EXTRAORDINARIA
34,74,2020-06-24,SESSAO EXTRAORDINARIA
34,78,2020-08-05,SESSAO EXTRAORDINARIA
34,80,2020-08-11,SESSAO EXTRAORDINARIA
34,81,2020-08-12,SESSAO EXTRAORDINARIA
34,85,2020-08-19,SESSAO EXTRAORDINARIA
34,92,2020-09-15,SESSAO EXTRAORDINARIA
34,98,2020-09-29,SESSAO EXTRAORDINARIA
34,100,2020-09-30,SESSAO EXTRAORDINARIA
34,101,2020-10-06,SESSAO EXTRAORDINARIA
34,102,2020-10-07,SESSAO EXTRAORDINARIA
34,103,2020-10-07,SESSAO EXTRAORDINARIA
34,104,2020-10-13,SESSAO EXTRAORDINARIA
34,107,2020-10-15,SESSAO EXTRAORDINARIA
34,108,2020-10-20,SESSAO EXTRAORDINARIA
34,110,2020-10-21,SESSAO EXTRAORDINARIA
34,116,2020-11-04,SESSAO EXTRAORDINARIA
34,118,2020-11-10,SESSAO EXTRAORDINARIA
34,119,2020-11-11,SESSAO EXTRAORDINARIA
34,124,2020-11-25,SESSAO EXTRAORDINARIA
34,125,2020-11-25,SESSAO EXTRAORDINARIA
34,128,2020-12-02,SESSAO EXTRAORDINARIA
34,131,2020-12-09,SESSAO EXTRAORDINARIA
34,132,2020-12-10,SESSAO EXTRAORDINARIA
34,136,2021-02-02,SESSAO PREPARATORIA
34,137,2021-02-03,SESSAO EXTRAORDINARIA
34,144,2021-03-03,SESSAO EXTRAORDINARIA
34,146,2021-03-09,SESSAO EXTRAORDINARIA
34,148,2021-03-16,SESSAO EXTRAORDINARIA
34,150,2021-03-23,SESSAO EXTRAORDINARIA
34,152,2021-03-30,SESSAO EXTRAORDINARIA
34,153,2021-03-30,SESSAO EXTRAORDINARIA
34,154,2021-03-31,SESSAO EXTRAORDINARIA
34,162,2021-04-27,SESSAO EXTRAORDINARIA
34,163,2021-04-27,SESSAO EXTRAORDINARIA
34,164,2021-04-27,SESSAO EXTRAORDINARIA
34,165,2021-04-28,SESSAO EXTRAORDINARIA
34,166,2021-05-04,SESSAO EXTRAORDINARIA
34,167,2021-05-05,SESSAO EXTRAORDINARIA
34,168,2021-05-11,SESSAO EXTRAORDINARIA
34,170,2021-05-12,SESSAO EXTRAORDINARIA
34,179,2021-06-08,SESSAO EXTRAORDINARIA
34,186,2021-06-23,SESSAO EXTRAORDINARIA
34,187,2021-06-23,SESSAO EXTRAORDINARIA
34,190,2021-08-03,SESSAO ORDINARIA
34,194,2021-08-05,SESSAO ORDINARIA
34,195,2021-08-05,SESSAO ORDINARIA
34,196,2021-08-10,SESSAO ORDINARIA
34,197,2021-08-10,SESSAO EXTRAORDINARIA
34,198,2021-08-11,SESSAO ORDINARIA
34,199,2021-08-12,SESSAO ORDINARIA
34,200,2021-08-17,SESSAO ORDINARIA
34,204,2021-08-19,SESSAO ORDINARIA
34,206,2021-08-25,SESSAO ORDINARIA
34,207,2021-08-26,SESSAO ORDINARIA
34,210,2021-08-31,SESSAO EXTRAORDINARIA
34,211,2021-09-01,SESSAO ORDINARIA
34,212,2021-09-02,SESSAO ORDINARIA
34,213,2021-09-08,SESSAO ORDINARIA
34,214,2021-09-09,SESSAO ORDINARIA
34,218,2021-09-16,SESSAO ORDINARIA
34,227,2021-10-05,SESSAO EXTRAORDINARIA
34,236,2021-10-20,SESSAO EXTRAORDINARIA
34,242,2021-11-03,SESSAO EXTRAORDINARIA
34,243,2021-11-03,SESSAO EXTRAORDINARIA
34,262,2021-12-07,SESSAO EXTRAORDINARIA
34,264,2021-12-08,SESSAO EXTRAORDINARIA
34,266,2021-12-09,SESSAO EXTRAORDINARIA
34,272,2021-12-15,SESSAO ORDINARIA
34,284,2022-02-17,SESSAO ORDINARIA
34,287,2022-02-23,SESSAO ORDINARIA
34,288,2022-03-08,SESSAO EXTRAORDINARIA
34,289,2022-02-24,SESSAO ORDINARIA
34,292,2022-03-09,SESSAO ORDINARIA
34,293,2022-03-09,SESSAO EXTRAORDINARIA
34,295,2022-03-15,SESSAO EXTRAORDINARIA
34,296,2022-03-23,SESSAO EXTRAORDINARIA
34,306,2022-03-30,SESSAO EXTRAORDINARIA
34,307,2022-03-31,SESSAO EXTRAORDINARIA
34,309,2022-03-31,SESSAO EXTRAORDINARIA
34,310,2022-03-31,SESSAO EXTRAORDINARIA
34,311,2022-03-31,SESSAO EXTRAORDINARIA
34,316,2022-05-10,SESSAO EXTRAORDINARIA
34,319,2022-04-13,SESSAO ORDINARIA
34,325,2022-05-03,SESSAO ORDINARIA
34,326,2022-05-04,SESSAO ORDINARIA
34,327,2022-05-05,SESSAO ORDINARIA
34,328,2022-05-10,SESSAO ORDINARIA
34,329,2022-05-11,SESSAO ORDINARIA
34,330,2022-05-17,SESSAO EXTRAORDINARIA
34,331,2022-05-12,SESSAO ORDINARIA
34,333,2022-05-12,SESSAO ORDINARIA
34,335,2022-05-18,SESSAO ORDINARIA
34,336,2022-05-19,SESSAO ORDINARIA
34,345,2022-06-21,SESSAO EXTRAORDINARIA
34,348,2022-06-15,SESSAO ORDINARIA
34,356,2022-06-30,SESSAO ORDINARIA
34,359,2022-08-03,SESSAO ORDINARIA
34,366,2022-08-18,SESSAO ORDINARIA
34,369,2022-08-25,SESSAO ORDINARIA
34,371,2022-08-31,SESSAO ORDINARIA
34,373,2022-09-01,SESSAO ORDINARIA
34,374,2022-09-08,SESSAO ORDINARIA
34,377,2022-09-15,SESSAO ORDINARIA
34,380,2022-09-21,SESSAO ORDINARIA
34,381,2022-09-22,SESSAO ORDINARIA
34,382,2022-09-27,SESSAO ORDINARIA
34,383,2022-09-28,SESSAO ORDINARIA
34,384,2022-09-29,SESSAO ORDINARIA
34,388,2022-10-11,SESSAO ORDINARIA
34,389,2022-10-13,SESSAO ORDINARIA
34,390,2022-10-18,SESSAO ORDINARIA
34,399,2022-11-08,SESSAO EXTRAORDINARIA
34,400,2022-11-09,SESSAO ORDINARIA
34,401,2022-11-22,SESSAO EXTRAORDINARIA
34,402,2022-11-10,SESSAO ORDINARIA
34,404,2022-11-16,SESSAO ORDINARIA
34,405,2022-11-17,SESSAO ORDINARIA
34,407,2022-11-23,SESSAO ORDINARIA
34,412,2022-12-07,SESSAO EXTRAORDINARIA
34,415,2022-12-13,SESSAO EXTRAORDINARIA
34,417,2022-12-15,SESSAO ORDINARIA
34,422,2023-02-14,SESSAO EXTRAORDINARIA
34,424,2023-02-16,SESSAO EXTRAORDINARIA
34,431,2023-03-21,SESSAO EXTRAORDINARIA
34,441,2023-03-23,SESSAO ORDINARIA
34,442,2023-03-21,SESSAO EXTRAORDINARIA
34,445,2023-03-29,SESSAO ORDINARIA
34,446,2023-03-30,SESSAO ORDINARIA
34,448,2023-04-05,SESSAO ORDINARIA
34,449,2023-04-11,SESSAO EXTRAORDINARIA
34,454,2023-04-19,SESSAO ORDINARIA
34,455,2023-04-20,SESSAO ORDINARIA
34,463,2023-05-09,SESSAO ORDINARIA
34,465,2023-05-11,SESSAO ORDINARIA
34,466,2023-05-16,SESSAO EXTRAORDINARIA
34,467,2023-05-16,SESSAO ORDINARIA
34,468,2023-05-17,SESSAO ORDINARIA
34,469,2023-05-18,SESSAO ORDINARIA
34,470,2023-05-23,SESSAO ORDINARIA
34,471,2023-05-24,SESSAO ORDINARIA
34,472,2023-05-25,SESSAO ORDINARIA
34,473,2023-05-30,SESSAO ORDINARIA
34,479,2023-06-13,SESSAO ORDINARIA
34,480,2023-06-14,SESSAO ORDINARIA
34,489,2023-08-03,SESSAO ORDINARIA
34,493,2023-08-15,SESSAO ORDINARIA
34,494,2023-08-15,SESSAO EXTRAORDINARIA
34,499,2023-08-24,SESSAO ORDINARIA
34,504,2023-08-31,SESSAO ORDINARIA
34,505,2023-09-05,SESSAO ORDINARIA
34,522,2023-10-11,SESSAO ORDINARIA
34,525,2023-10-18,SESSAO ORDINARIA
34,526,2023-10-19,SESSAO ORDINARIA
34,535,2023-11-08,SESSAO ORDINARIA
34,536,2023-11-09,SESSAO ORDINARIA
34,537,2023-11-14,SESSAO EXTRAORDINARIA
34,538,2023-11-14,SESSAO ORDINARIA
34,539,2023-11-16,SESSAO ORDINARIA
34,540,2023-11-21,SESSAO ORDINARIA
34,541,2023-11-21,SESSAO EXTRAORDINARIA
34,542,2023-11-21,SESSAO EXTRAORDINARIA
34,545,2023-11-28,SESSAO EXTRAORDINARIA
34,550,2023-12-06,SESSAO ORDINARIA
34,555,2023-12-13,SESSAO EXTRAORDINARIA
34,563,2024-02-08,SESSAO ORDINARIA
34,574,2024-02-29,SESSAO ORDINARIA
34,578,2024-03-07,SESSAO ORDINARIA
34,579,2024-03-13,SESSAO ORDINARIA
34,580,2024-03-14,SESSAO ORDINARIA
34,584,2024-03-21,SESSAO ORDINARIA
34,595,2024-04-10,SESSAO ORDINARIA
34,597,2024-04-11,SESSAO ORDINARIA
34,599,2024-05-07,SESSAO EXTRAORDINARIA
34,605,2024-05-21,SESSAO EXTRAORDINARIA
34,607,2024-05-02,SESSAO ORDINARIA
34,608,2024-05-07,SESSAO ORDINARIA
34,609,2024-05-08,SESSAO ORDINARIA
34,611,2024-05-28,SESSAO EXTRAORDINARIA
34,613,2024-05-15,SESSAO ORDINARIA
34,614,2024-05-16,SESSAO ORDINARIA
34,615,2024-05-21,SESSAO ORDINARIA
34,616,2024-05-22,SESSAO ORDINARIA
34,617,2024-05-23,SESSAO ORDINARIA
34,618,2024-05-28,SESSAO ORDINARIA
34,619,2024-06-04,SESSAO EXTRAORDINARIA
34,620,2024-05-29,SESSAO ORDINARIA
34,621,2024-06-04,SESSAO EXTRAORDINARIA
34,622,2024-06-04,SESSAO ORDINARIA
34,623,2024-06-05,SESSAO ORDINARIA
34,626,2024-06-06,SESSAO ORDINARIA
34,628,2024-06-12,SESSAO ORDINARIA
34,630,2024-06-18,SESSAO ORDINARIA
34,643,2024-08-08,SESSAO ORDINARIA
34,645,2024-08-15,SESSAO ORDINARIA
34,651,2024-08-29,SESSAO ORDINARIA
34,654,2024-09-04,SESSAO ORDINARIA
34,655,2024-09-05,SESSAO ORDINARIA
34,656,2024-09-10,SESSAO EXTRAORDINARIA
34,659,2024-09-12,SESSAO ORDINARIA
34,664,2024-09-24,SESSAO EXTRAORDINARIA
34,666,2024-09-25,SESSAO ORDINARIA
34,667,2024-09-26,SESSAO ORDINARIA
34,669,2024-10-01,SESSAO EXTRAORDINARIA
34,672,2024-10-03,SESSAO ORDINARIA
34,676,2024-10-10,SESSAO ORDINARIA
34,679,2024-10-17,SESSAO ORDINARIA
34,683,2024-10-24,SESSAO ORDINARIA
34,684,2024-10-29,SESSAO EXTRAORDINARIA
34,688,2024-10-31,SESSAO ORDINARIA
34,690,2024-11-05,SESSAO EXTRAORDINARIA
34,693,2024-11-12,SESSAO EXTRAORDINARIA
34,694,2024-11-12,SESSAO ORDINARIA
34,1694,2024-11-14,SESSAO ORDINARIA
34,1695,2024-11-19,SESSAO ORDINARIA
34,1700,2024-11-27,SESSAO EXTRAORDINARIA
34,1701,2024-11-28,SESSAO ORDINARIA
34,1704,2024-12-04,SESSAO EXTRAORDINARIA
34,1706,2024-12-10,SESSAO EXTRAORDINARIA
34,1707,2024-12-10,SESSAO ORDINARIA
34,1708,2024-12-10,SESSAO EXTRAORDINARIA
34,1709,2024-03-12,SESSAO EXTRAORDINARIA
34,1710,2024-03-12,SESSAO EXTRAORDINARIA
34,1711,2024-03-12,SESSAO ORDINARIA
34,1716,2025-02-13,ORDINARIA
34,1721,2025-02-20,ORDINARIA
34,1727,2025-02-27,ORDINARIA
34,1730,2025-03-06,ORDINARIA
34,1734,2025-03-11,EXTRAORDINARIA
34,1740,2025-03-18,EXTRAORDINARIA
34,1746,2025-03-20,ORDINARIA
34,1754,2025-03-25,EXTRAORDINARIA
34,1755,2025-03-26,ORDINARIA
34,1757,2025-03-27,ORDINARIA
34,1763,2025-04-03,ORDINARIA
34,1765,2025-04-03,ORDINARIA
34,1770,2025-04-08,EXTRAORDINARIA
34,1775,2025-04-10,ORDINARIA
34,1776,2025-04-10,ORDINARIA
34,1783,2025-04-16,ORDINARIA
34,1788,2025-04-24,ORDINARIA
34,1789,2025-04-24,ORDINARIA
34,1797,2025-05-13,EXTRAORDINARIA
34,1798,2025-05-08,ORDINARIA
34,1799,2025-05-08,ORDINARIA
34,1817,2025-05-21,ORDINARIA
34,1819,2025-05-22,ORDINARIA
34,1829,2025-05-29,ORDINARIA
34,1830,2025-05-29,ORDINARIA
34,1846,2025-06-12,ORDINARIA
34,1847,2025-06-12,ORDINARIA
34,1854,2025-06-18,ORDINARIA
34,1856,2025-06-24,ORDINARIA
34,1858,2025-06-24,EXTRAORDINARIA
34,1859,2025-08-07,EXTRAORDINARIA
34,1862,2025-06-25,ORDINARIA
34,1864,2025-06-26,ORDINARIA
34,1865,2025-06-26,ORDINARIA
34,1870,2025-08-05,ORDINARIA
34,1873,2025-08-06,ORDINARIA
34,1875,2025-08-07,ORDINARIA
34,1876,2025-08-07,EXTRAORDINARIA
34,1884,2025-08-14,ORDINARIA
34,1885,2025-08-14,ORDINARIA
34,1897,2025-08-21,SOLENE
34,1899,2025-08-22,SOLENE
34,1906,2025-08-28,ORDINARIA
34,1907,2025-08-28,ORDINARIA
34,1911,2025-09-02,ORDINARIA
34,1913,2025-09-03,ORDINARIA
34,1914,2025-09-04,ORDINARIA
34,1915,2025-09-04,ORDINARIA
34,1919,2025-09-11,ORDINARIA
34,1920,2025-09-11,ORDINARIA
34,1928,2025-09-16,EXTRAORDINARIA
34,1929,2025-09-23,EXTRAORDINARIA
34,1932,2025-09-18,ORDINARIA
34,1933,2025-09-18,ORDINARIA
34,1944,2025-09-25,ORDINARIA
34,1945,2025-09-25,ORDINARIA
34,1954,2025-10-01,ORDINARIA
34,1956,2025-10-02,ORDINARIA
34,1967,2025-10-09,ORDINARIA
34,1968,2025-10-09,ORDINARIA
34,1975,2025-10-15,EXTRAORDINARIA
34,1979,2025-10-16,ORDINARIA
34,1990,2025-10-23,ORDINARIA
34,1994,2025-10-30,ORDINARIA
34,1995,2025-10-30,ORDINARIA
34,2006,2025-11-06,ORDINARIA
34,2018,2025-11-12,ORDINARIA
34,2020,2025-11-13,ORDINARIA
34,2027,2025-11-18,ORDINARIA
34,2030,2025-11-19,ORDINARIA
34,2035,2025-11-26,EXTRAORDINARIA
34,2038,2025-11-26,EXTRAORDINARIA
34,2039,2025-11-27,ORDINARIA
34,2040,2025-11-27,ORDINARIA
34,2053,2025-12-04,ORDINARIA
34,2065,2025-12-15,ORDINARIA
34,2072,2026-02-05,ORDINARIA
34,2075,2026-02-10,EXTRAORDINARIA
34,2078,2026-02-11,ORDINARIA
34,2081,2026-02-12,ORDINARIA
34,2082,2026-02-19,ORDINARIA
34,2084,2026-02-24,ORDINARIA
34,2088,2026-02-26,ORDINARIA
34,2096,2026-03-05,SOLENE
34,2103,2026-04-01,ORDINARIA
34,2107,2026-04-08,EXTRAORDINARIA
34,2108,2026-04-08,ORDINARIA
34,2109,2026-04-09,ORDINARIA
34,2115,2026-04-29,EXTRAORDINARIA
34,2116,2026-04-16,ORDINARIA
34,2118,2026-04-22,ORDINARIA
34,2119,2026-04-23,ORDINARIA
34,2122,2026-04-28,ORDINARIA
34,2126,2026-03-17,ORDINARIA
34,2131,2026-03-19,ORDINARIA
34,2139,2026-03-25,EXTRAORDINARIA
34,2141,2026-03-26,ORDINARIA
34,2145,2026-04-30,ORDINARIA
34,2152,2026-05-07,ORDINARIA
34,2163,2026-05-14,ORDINARIA
34,2170,2026-05-19,ORDINARIA
34,2171,2026-03-10,ORDINARIA
34,2172,2026-03-17,EXTRAORDINARIA
34,2176,2026-03-12,ORDINARIA
34,2183,2026-05-19,EXTRAORDINARIA
34,2188,2026-05-21,ORDINARIA
34,2193,2026-05-28,ORDINARIA
34,2199,2026-06-02,ORDINARIA
34,2200,2026-06-03,ORDINARIA
34,2205,2026-06-11,ORDINARIA
34,2228,2026-08-05,ORDINARIA
34,2229,2026-08-06,ORDINARIA
34,2234,2026-06-16,EXTRAORDINARIA
34,2239,2026-06-18,ORDINARIA
34,2241,2026-08-11,ORDINARIA
34,2244,2026-08-12,ORDINARIA
34,2245,2026-08-13,ORDINARIA
34,2253,2026-08-19,ORDINARIA
35,7,2020-02-11,SESSAO EXTRAORDINARIA
35,9,2020-02-13,SESSAO ORDINARIA
35,12,2020-02-20,SESSAO ORDINARIA
35,13,2020-02-27,SESSAO ORDINARIA
35,16,2020-03-05,SESSAO ORDINARIA
35,20,2020-03-12,SESSAO ORDINARIA
35,21,2020-03-16,SESSAO EXTRAORDINARIA
35,22,2020-03-16,SESSAO EXTRAORDINARIA
35,24,2020-03-17,SESSAO EXTRAORDINARIA
35,28,2020-03-25,SESSAO EXTRAORDINARIA
35,37,2020-04-07,SESSAO EXTRAORDINARIA
35,40,2020-04-14,SESSAO EXTRAORDINARIA
35,41,2020-04-14,SESSAO EXTRAORDINARIA
35,43,2020-04-15,SESSAO EXTRAORDINARIA
35,47,2020-04-22,SESSAO EXTRAORDINARIA
35,51,2020-04-29,SESSAO EXTRAORDINARIA
35,59,2020-05-26,SESSAO EXTRAORDINARIA
35,62,2020-06-02,SESSAO EXTRAORDINARIA
35,80,2020-08-11,SESSAO EXTRAORDINARIA
35,81,2020-08-12,SESSAO EXTRAORDINARIA
35,86,2020-08-25,SESSAO EXTRAORDINARIA
35,96,2020-09-23,SESSAO EXTRAORDINARIA
35,97,2020-09-23,SESSAO EXTRAORDINARIA
35,102,2020-10-07,SESSAO EXTRAORDINARIA
35,103,2020-10-07,SESSAO EXTRAORDINARIA
35,110,2020-10-21,SESSAO EXTRAORDINARIA
35,113,2020-10-28,SESSAO EXTRAORDINARIA
35,116,2020-11-04,SESSAO EXTRAORDINARIA
35,118,2020-11-10,SESSAO EXTRAORDINARIA
35,123,2020-11-24,SESSAO EXTRAORDINARIA
35,124,2020-11-25,SESSAO EXTRAORDINARIA
35,125,2020-11-25,SESSAO EXTRAORDINARIA
35,126,2020-12-01,SESSAO EXTRAORDINARIA
35,127,2020-12-01,SESSAO EXTRAORDINARIA
35,128,2020-12-02,SESSAO EXTRAORDINARIA
35,132,2020-12-10,SESSAO EXTRAORDINARIA
35,133,2020-12-10,SESSAO EXTRAORDINARIA
35,134,2020-12-10,SESSAO EXTRAORDINARIA
35,142,2021-02-24,SESSAO EXTRAORDINARIA
35,143,2021-03-02,SESSAO EXTRAORDINARIA
35,144,2021-03-03,SESSAO EXTRAORDINARIA
35,146,2021-03-09,SESSAO EXTRAORDINARIA
35,160,2021-04-14,SESSAO EXTRAORDINARIA
35,163,2021-04-27,SESSAO EXTRAORDINARIA
35,164,2021-04-27,SESSAO EXTRAORDINARIA
35,167,2021-05-05,SESSAO EXTRAORDINARIA
35,174,2021-05-25,SESSAO EXTRAORDINARIA
35,187,2021-06-23,SESSAO EXTRAORDINARIA
35,194,2021-08-05,SESSAO ORDINARIA
35,195,2021-08-05,SESSAO ORDINARIA
35,199,2021-08-12,SESSAO ORDINARIA
35,210,2021-08-31,SESSAO EXTRAORDINARIA
35,227,2021-10-05,SESSAO EXTRAORDINARIA
35,246,2021-11-09,SESSAO EXTRAORDINARIA
35,258,2021-12-01,SESSAO EXTRAORDINARIA
35,260,2021-12-02,SESSAO ORDINARIA
35,262,2021-12-07,SESSAO EXTRAORDINARIA
35,264,2021-12-08,SESSAO EXTRAORDINARIA
35,266,2021-12-09,SESSAO EXTRAORDINARIA
35,272,2021-12-15,SESSAO ORDINARIA
35,274,2022-02-03,SESSAO ORDINARIA
35,283,2022-02-16,SESSAO EXTRAORDINARIA
35,288,2022-03-08,SESSAO EXTRAORDINARIA
35,290,2022-03-03,SESSAO ORDINARIA
35,293,2022-03-09,SESSAO EXTRAORDINARIA
35,306,2022-03-30,SESSAO EXTRAORDINARIA
35,307,2022-03-31,SESSAO EXTRAORDINARIA
35,313,2022-04-12,SESSAO EXTRAORDINARIA
35,314,2022-04-06,SESSAO ORDINARIA
35,315,2022-04-12,SESSAO EXTRAORDINARIA
35,319,2022-04-13,SESSAO ORDINARIA
35,320,2022-04-19,SESSAO ORDINARIA
35,321,2022-04-20,SESSAO ORDINARIA
35,330,2022-05-17,SESSAO EXTRAORDINARIA
35,332,2022-06-07,SESSAO EXTRAORDINARIA
35,333,2022-05-12,SESSAO ORDINARIA
35,345,2022-06-21,SESSAO EXTRAORDINARIA
35,346,2022-06-09,SESSAO ORDINARIA
35,348,2022-06-15,SESSAO ORDINARIA
35,356,2022-06-30,SESSAO ORDINARIA
35,357,2022-08-02,SESSAO ORDINARIA
35,358,2022-08-30,SESSAO EXTRAORDINARIA
35,363,2022-08-11,SESSAO ORDINARIA
35,364,2022-08-16,SESSAO ORDINARIA
35,365,2022-08-17,SESSAO ORDINARIA
35,366,2022-08-18,SESSAO ORDINARIA
35,369,2022-08-25,SESSAO ORDINARIA
35,370,2022-08-30,SESSAO ORDINARIA
35,372,2022-09-13,SESSAO EXTRAORDINARIA
35,373,2022-09-01,SESSAO ORDINARIA
35,374,2022-09-08,SESSAO ORDINARIA
35,375,2022-09-13,SESSAO ORDINARIA
35,376,2022-09-14,SESSAO ORDINARIA
35,377,2022-09-15,SESSAO ORDINARIA
35,381,2022-09-22,SESSAO ORDINARIA
35,382,2022-09-27,SESSAO ORDINARIA
35,383,2022-09-28,SESSAO ORDINARIA
35,384,2022-09-29,SESSAO ORDINARIA
35,385,2022-10-04,SESSAO ORDINARIA
35,387,2022-10-06,SESSAO ORDINARIA
35,389,2022-10-13,SESSAO ORDINARIA
35,390,2022-10-18,SESSAO ORDINARIA
35,392,2022-10-20,SESSAO ORDINARIA
35,395,2022-10-26,SESSAO ORDINARIA
35,396,2022-10-27,SESSAO ORDINARIA
35,397,2022-11-03,SESSAO ORDINARIA
35,402,2022-11-10,SESSAO ORDINARIA
35,404,2022-11-16,SESSAO ORDINARIA
35,405,2022-11-17,SESSAO ORDINARIA
35,407,2022-11-23,SESSAO ORDINARIA
35,408,2022-11-29,SESSAO ORDINARIA
35,409,2022-12-01,SESSAO ORDINARIA
35,411,2022-12-07,SESSAO ORDINARIA
35,412,2022-12-07,SESSAO EXTRAORDINARIA
35,413,2022-12-08,SESSAO ORDINARIA
35,415,2022-12-13,SESSAO EXTRAORDINARIA
35,416,2022-12-14,SESSAO ORDINARIA
35,417,2022-12-15,SESSAO ORDINARIA
35,418,2023-02-01,SESSAO ORDINARIA
35,419,2023-02-02,SESSAO ORDINARIA
35,420,2023-02-07,SESSAO ORDINARIA
35,421,2023-02-08,SESSAO ORDINARIA
35,422,2023-02-14,SESSAO EXTRAORDINARIA
35,423,2023-02-09,SESSAO ORDINARIA
35,424,2023-02-16,SESSAO EXTRAORDINARIA
35,425,2023-02-14,SESSAO ORDINARIA
35,426,2023-02-15,SESSAO ORDINARIA
35,427,2023-02-16,SESSAO ORDINARIA
35,428,2023-02-23,SESSAO ORDINARIA
35,429,2023-02-28,SESSAO ORDINARIA
35,430,2023-03-01,SESSAO ORDINARIA
35,431,2023-03-21,SESSAO EXTRAORDINARIA
35,432,2023-03-02,SESSAO ORDINARIA
35,433,2023-03-07,SESSAO ORDINARIA
35,434,2023-03-08,SESSAO ORDINARIA
35,435,2023-03-09,SESSAO ORDINARIA
35,436,2023-03-14,SESSAO ORDINARIA
35,437,2023-03-15,SESSAO ORDINARIA
35,438,2023-03-16,SESSAO ORDINARIA
35,439,2023-03-21,SESSAO ORDINARIA
35,440,2023-03-22,SESSAO ORDINARIA
35,441,2023-03-23,SESSAO ORDINARIA
35,442,2023-03-21,SESSAO EXTRAORDINARIA
35,443,2023-04-04,SESSAO EXTRAORDINARIA
35,444,2023-03-28,SESSAO ORDINARIA
35,445,2023-03-29,SESSAO ORDINARIA
35,446,2023-03-30,SESSAO ORDINARIA
35,447,2023-04-04,SESSAO ORDINARIA
35,448,2023-04-05,SESSAO ORDINARIA
35,449,2023-04-11,SESSAO EXTRAORDINARIA
35,450,2023-04-11,SESSAO ORDINARIA
35,451,2023-04-12,SESSAO ORDINARIA
35,452,2023-04-13,SESSAO ORDINARIA
35,453,2023-04-18,SESSAO ORDINARIA
35,454,2023-04-19,SESSAO ORDINARIA
35,455,2023-04-20,SESSAO ORDINARIA
35,456,2023-04-25,SESSAO ORDINARIA
35,457,2023-04-26,SESSAO ORDINARIA
35,458,2023-04-27,SESSAO ORDINARIA
35,459,2023-05-02,SESSAO ORDINARIA
35,460,2023-05-03,SESSAO ORDINARIA
35,461,2023-05-04,SESSAO ORDINARIA
35,462,2023-05-09,SESSAO EXTRAORDINARIA
35,463,2023-05-09,SESSAO ORDINARIA
35,464,2023-05-10,SESSAO ORDINARIA
35,465,2023-05-11,SESSAO ORDINARIA
35,466,2023-05-16,SESSAO EXTRAORDINARIA
35,467,2023-05-16,SESSAO ORDINARIA
35,468,2023-05-17,SESSAO ORDINARIA
35,469,2023-05-18,SESSAO ORDINARIA
35,470,2023-05-23,SESSAO ORDINARIA
35,471,2023-05-24,SESSAO ORDINARIA
35,472,2023-05-25,SESSAO ORDINARIA
35,473,2023-05-30,SESSAO ORDINARIA
35,474,2023-05-31,SESSAO EXTRAORDINARIA
35,475,2023-05-31,SESSAO ORDINARIA
35,476,2023-06-01,SESSAO ORDINARIA
35,477,2023-06-06,SESSAO ORDINARIA
35,478,2023-06-07,SESSAO ORDINARIA
35,479,2023-06-13,SESSAO ORDINARIA
35,480,2023-06-14,SESSAO ORDINARIA
35,481,2023-06-20,SESSAO EXTRAORDINARIA
35,482,2023-06-20,SESSAO ORDINARIA
35,483,2023-06-21,SESSAO ORDINARIA
35,484,2023-06-22,SESSAO ORDINARIA
35,485,2023-06-27,SESSAO EXTRAORDINARIA
35,486,2023-06-27,SESSAO ORDINARIA
35,487,2023-08-01,SESSAO ORDINARIA
35,488,2023-08-02,SESSAO ORDINARIA
35,489,2023-08-03,SESSAO ORDINARIA
35,490,2023-08-08,SESSAO ORDINARIA
35,491,2023-08-09,SESSAO ORDINARIA
35,492,2023-08-10,SESSAO ORDINARIA
35,493,2023-08-15,SESSAO ORDINARIA
35,494,2023-08-15,SESSAO EXTRAORDINARIA
35,495,2023-08-16,SESSAO ORDINARIA
35,496,2023-08-22,SESSAO ORDINARIA
35,497,2023-08-22,SESSAO EXTRAORDINARIA
35,498,2023-08-23,SESSAO ORDINARIA
35,499,2023-08-24,SESSAO ORDINARIA
35,500,2023-08-29,SESSAO ORDINARIA
35,501,2023-08-29,SESSAO EXTRAORDINARIA
35,502,2023-08-29,SESSAO EXTRAORDINARIA
35,503,2023-08-30,SESSAO ORDINARIA
35,504,2023-08-31,SESSAO ORDINARIA
35,505,2023-09-05,SESSAO ORDINARIA
35,506,2023-09-12,SESSAO ORDINARIA
35,507,2023-09-13,SESSAO ORDINARIA
35,508,2023-09-19,SESSAO EXTRAORDINARIA
35,509,2023-09-19,SESSAO ORDINARIA
35,510,2023-09-20,SESSAO ORDINARIA
35,511,2023-09-21,SESSAO ORDINARIA
35,512,2023-09-26,SESSAO EXTRAORDINARIA
35,513,2023-09-26,SESSAO ORDINARIA
35,514,2023-09-27,SESSAO ORDINARIA
35,515,2023-09-28,SESSAO ORDINARIA
35,516,2023-10-03,SESSAO EXTRAORDINARIA
35,517,2023-10-03,SESSAO ORDINARIA
35,518,2023-10-04,SESSAO ORDINARIA
35,519,2023-10-05,SESSAO ORDINARIA
35,520,2023-10-10,SESSAO ORDINARIA
35,521,2023-10-10,SESSAO EXTRAORDINARIA
35,522,2023-10-11,SESSAO ORDINARIA
35,523,2023-10-17,SESSAO EXTRAORDINARIA
35,524,2023-10-17,SESSAO ORDINARIA
35,525,2023-10-18,SESSAO ORDINARIA
35,526,2023-10-19,SESSAO ORDINARIA
35,527,2023-10-24,SESSAO EXTRAORDINARIA
35,528,2023-10-24,SESSAO ORDINARIA
35,529,2023-10-25,SESSAO ORDINARIA
35,530,2023-10-31,SESSAO ORDINARIA
35,531,2023-10-31,SESSAO EXTRAORDINARIA
35,532,2023-11-01,SESSAO ORDINARIA
35,533,2023-11-07,SESSAO ORDINARIA
35,534,2023-11-07,SESSAO EXTRAORDINARIA
35,535,2023-11-08,SESSAO ORDINARIA
35,536,2023-11-09,SESSAO ORDINARIA
35,537,2023-11-14,SESSAO EXTRAORDINARIA
35,538,2023-11-14,SESSAO ORDINARIA
35,539,2023-11-16,SESSAO ORDINARIA
35,540,2023-11-21,SESSAO ORDINARIA
35,541,2023-11-21,SESSAO EXTRAORDINARIA
35,542,2023-11-21,SESSAO EXTRAORDINARIA
35,543,2023-11-22,SESSAO ORDINARIA
35,544,2023-11-23,SESSAO ORDINARIA
35,545,2023-11-28,SESSAO EXTRAORDINARIA
35,546,2023-11-28,SESSAO ORDINARIA
35,547,2023-11-28,SESSAO EXTRAORDINARIA
35,548,2023-12-05,SESSAO ORDINARIA
35,549,2023-12-05,SESSAO EXTRAORDINARIA
35,550,2023-12-06,SESSAO ORDINARIA
35,551,2023-12-07,SESSAO ORDINARIA
35,552,2023-12-12,SESSAO EXTRAORDINARIA
35,553,2023-12-12,SESSAO ORDINARIA
35,554,2023-12-13,SESSAO ORDINARIA
35,555,2023-12-13,SESSAO EXTRAORDINARIA
35,556,2023-12-13,SESSAO EXTRAORDINARIA
35,557,2024-02-01,SESSAO ORDINARIA
35,558,2024-02-01,SESSAO EXTRAORDINARIA
35,559,2024-02-01,SESSAO EXTRAORDINARIA
35,560,2024-02-06,SESSAO EXTRAORDINARIA
35,561,2024-02-06,SESSAO ORDINARIA
35,562,2024-02-07,SESSAO ORDINARIA
35,563,2024-02-08,SESSAO ORDINARIA
35,564,2024-02-15,SESSAO ORDINARIA
35,565,2024-02-20,SESSAO EXTRAORDINARIA
35,566,2024-02-20,SESSAO ORDINARIA
35,567,2024-02-21,SESSAO ORDINARIA
35,568,2024-02-22,SESSAO ORDINARIA
35,569,2024-02-27,SESSAO EXTRAORDINARIA
35,570,2024-02-27,SESSAO ORDINARIA
35,571,2024-02-27,SESSAO EXTRAORDINARIA
35,572,2024-02-27,SESSAO EXTRAORDINARIA
35,573,2024-02-28,SESSAO ORDINARIA
35,574,2024-02-29,SESSAO ORDINARIA
35,575,2024-03-05,SESSAO EXTRAORDINARIA
35,576,2024-03-05,SESSAO ORDINARIA
35,577,2024-03-06,SESSAO ORDINARIA
35,578,2024-03-07,SESSAO ORDINARIA
35,579,2024-03-13,SESSAO ORDINARIA
35,580,2024-03-14,SESSAO ORDINARIA
35,581,2024-03-19,SESSAO EXTRAORDINARIA
35,582,2024-03-19,SESSAO ORDINARIA
35,583,2024-03-20,SESSAO ORDINARIA
35,584,2024-03-21,SESSAO ORDINARIA
35,585,2024-03-26,SESSAO EXTRAORDINARIA
35,586,2024-03-26,SESSAO ORDINARIA
35,587,2024-03-27,SESSAO ORDINARIA
35,588,2024-04-02,SESSAO EXTRAORDINARIA
35,589,2024-04-02,SESSAO ORDINARIA
35,590,2024-04-03,SESSAO ORDINARIA
35,591,2024-04-04,SESSAO ORDINARIA
35,592,2024-04-23,SESSAO ORDINARIA
35,593,2024-04-09,SESSAO EXTRAORDINARIA
35,594,2024-04-09,SESSAO ORDINARIA
35,595,2024-04-10,SESSAO ORDINARIA
35,596,2024-04-09,SESSAO EXTRAORDINARIA
35,597,2024-04-11,SESSAO ORDINARIA
35,598,2024-04-23,SESSAO EXTRAORDINARIA
35,599,2024-05-07,SESSAO EXTRAORDINARIA
35,600,2024-04-16,SESSAO ORDINARIA
35,601,2024-04-17,SESSAO ORDINARIA
35,602,2024-04-18,SESSAO ORDINARIA
35,603,2024-04-24,SESSAO ORDINARIA
35,604,2024-04-25,SESSAO ORDINARIA
35,605,2024-05-21,SESSAO EXTRAORDINARIA
35,606,2024-04-30,SESSAO ORDINARIA
35,607,2024-05-02,SESSAO ORDINARIA
35,608,2024-05-07,SESSAO ORDINARIA
35,609,2024-05-08,SESSAO ORDINARIA
35,610,2024-05-09,SESSAO ORDINARIA
35,611,2024-05-28,SESSAO EXTRAORDINARIA
35,612,2024-05-14,SESSAO ORDINARIA
35,613,2024-05-15,SESSAO ORDINARIA
35,614,2024-05-16,SESSAO ORDINARIA
35,615,2024-05-21,SESSAO ORDINARIA
35,616,2024-05-22,SESSAO ORDINARIA
35,617,2024-05-23,SESSAO ORDINARIA
35,618,2024-05-28,SESSAO ORDINARIA
35,619,2024-06-04,SESSAO EXTRAORDINARIA
35,620,2024-05-29,SESSAO ORDINARIA
35,621,2024-06-04,SESSAO EXTRAORDINARIA
35,622,2024-06-04,SESSAO ORDINARIA
35,623,2024-06-05,SESSAO ORDINARIA
35,624,2024-06-11,SESSAO EXTRAORDINARIA
35,625,2024-06-18,SESSAO EXTRAORDINARIA
35,626,2024-06-06,SESSAO ORDINARIA
35,627,2024-06-11,SESSAO ORDINARIA
35,628,2024-06-12,SESSAO ORDINARIA
35,629,2024-06-13,SESSAO ORDINARIA
35,630,2024-06-18,SESSAO ORDINARIA
35,631,2024-06-19,SESSAO ORDINARIA
35,632,2024-06-20,SESSAO ORDINARIA
35,633,2024-06-18,SESSAO EXTRAORDINARIA
35,634,2024-06-19,SESSAO EXTRAORDINARIA
35,635,2024-06-25,SESSAO EXTRAORDINARIA
35,636,2024-06-25,SESSAO ORDINARIA
35,637,2024-08-01,SESSAO ORDINARIA
35,638,2024-08-06,SESSAO ORDINARIA
35,639,2024-08-07,SESSAO EXTRAORDINARIA
35,640,2024-08-07,SESSAO EXTRAORDINARIA
35,641,2024-08-07,SESSAO ORDINARIA
35,642,2024-08-07,SESSAO EXTRAORDINARIA
35,643,2024-08-08,SESSAO ORDINARIA
35,644,2024-08-14,SESSAO ORDINARIA
35,645,2024-08-15,SESSAO ORDINARIA
35,646,2024-08-14,SESSAO EXTRAORDINARIA
35,647,2024-08-20,SESSAO ORDINARIA
35,648,2024-08-21,SESSAO ORDINARIA
35,649,2024-08-27,SESSAO ORDINARIA
35,650,2024-08-28,SESSAO ORDINARIA
35,651,2024-08-29,SESSAO ORDINARIA
35,652,2024-09-03,SESSAO EXTRAORDINARIA
35,653,2024-09-03,SESSAO ORDINARIA
35,654,2024-09-04,SESSAO ORDINARIA
35,655,2024-09-05,SESSAO ORDINARIA
35,656,2024-09-10,SESSAO EXTRAORDINARIA
35,657,2024-09-10,SESSAO ORDINARIA
35,658,2024-09-11,SESSAO ORDINARIA
35,659,2024-09-12,SESSAO ORDINARIA
35,660,2024-09-17,SESSAO ORDINARIA
35,661,2024-09-17,SESSAO EXTRAORDINARIA
35,662,2024-09-18,SESSAO ORDINARIA
35,663,2024-09-19,SESSAO ORDINARIA
35,664,2024-09-24,SESSAO EXTRAORDINARIA
35,665,2024-09-24,SESSAO ORDINARIA
35,666,2024-09-25,SESSAO ORDINARIA
35,667,2024-09-26,SESSAO ORDINARIA
35,668,2024-08-27,SESSAO EXTRAORDINARIA
35,669,2024-10-01,SESSAO EXTRAORDINARIA
35,670,2024-10-01,SESSAO ORDINARIA
35,671,2024-10-02,SESSAO ORDINARIA
35,672,2024-10-03,SESSAO ORDINARIA
35,673,2024-10-08,SESSAO EXTRAORDINARIA
35,674,2024-10-08,SESSAO ORDINARIA
35,675,2024-10-09,SESSAO ORDINARIA
35,676,2024-10-10,SESSAO ORDINARIA
35,677,2024-10-15,SESSAO ORDINARIA
35,678,2024-10-16,SESSAO ORDINARIA
35,679,2024-10-17,SESSAO ORDINARIA
35,680,2024-10-22,SESSAO EXTRAORDINARIA
35,681,2024-10-22,SESSAO ORDINARIA
35,682,2024-10-23,SESSAO ORDINARIA
35,683,2024-10-24,SESSAO ORDINARIA
35,684,2024-10-29,SESSAO EXTRAORDINARIA
35,685,2024-10-29,SESSAO ORDINARIA
35,686,2024-10-30,SESSAO ORDINARIA
35,687,2024-10-30,SESSAO EXTRAORDINARIA
35,688,2024-10-31,SESSAO ORDINARIA
35,689,2024-11-05,SESSAO ORDINARIA
35,690,2024-11-05,SESSAO EXTRAORDINARIA
35,691,2024-11-06,SESSAO ORDINARIA
35,692,2024-11-07,SESSAO ORDINARIA
35,693,2024-11-12,SESSAO EXTRAORDINARIA
35,694,2024-11-12,SESSAO ORDINARIA
35,1693,2024-11-13,SESSAO ORDINARIA
35,1694,2024-11-14,SESSAO ORDINARIA
35,1695,2024-11-19,SESSAO ORDINARIA
35,1696,2024-11-26,SESSAO EXTRAORDINARIA
35,1697,2024-11-26,SESSAO ORDINARIA
35,1698,2024-11-26,SESSAO EXTRAORDINARIA
35,1699,2024-11-27,SESSAO ORDINARIA
35,1700,2024-11-27,SESSAO EXTRAORDINARIA
35,1701,2024-11-28,SESSAO ORDINARIA
35,1702,2024-12-03,SESSAO ORDINARIA
35,1703,2024-12-03,SESSAO EXTRAORDINARIA
35,1704,2024-12-04,SESSAO EXTRAORDINARIA
35,1705,2024-12-04,SESSAO ORDINARIA
35,1706,2024-12-10,SESSAO EXTRAORDINARIA
35,1707,2024-12-10,SESSAO ORDINARIA
35,1708,2024-12-10,SESSAO EXTRAORDINARIA
35,1709,2024-03-12,SESSAO EXTRAORDINARIA
35,1710,2024-03-12,SESSAO EXTRAORDINARIA
35,1711,2024-03-12,SESSAO ORDINARIA
35,1713,2025-02-11,ORDINARIA
35,1715,2025-02-12,ORDINARIA
35,1716,2025-02-13,ORDINARIA
35,1717,2025-02-18,ORDINARIA
35,1719,2025-02-19,ORDINARIA
35,1720,2025-02-25,ORDINARIA
35,1721,2025-02-20,ORDINARIA
35,1724,2025-02-26,ORDINARIA
35,1727,2025-02-27,ORDINARIA
35,1730,2025-03-06,ORDINARIA
35,1733,2025-03-11,ORDINARIA
35,1734,2025-03-11,EXTRAORDINARIA
35,1736,2025-03-12,ORDINARIA
35,1739,2025-03-13,ORDINARIA
35,1740,2025-03-18,EXTRAORDINARIA
35,1741,2025-03-18,ORDINARIA
35,1742,2025-03-18,EXTRAORDINARIA
35,1743,2025-03-18,EXTRAORDINARIA
35,1744,2025-03-19,ORDINARIA
35,1746,2025-03-20,ORDINARIA
35,1752,2025-03-25,ORDINARIA
35,1754,2025-03-25,EXTRAORDINARIA
35,1755,2025-03-26,ORDINARIA
35,1756,2025-04-02,EXTRAORDINARIA
35,1757,2025-03-27,ORDINARIA
35,1759,2025-04-01,ORDINARIA
35,1762,2025-04-02,ORDINARIA
35,1763,2025-04-03,ORDINARIA
35,1765,2025-04-03,ORDINARIA
35,1769,2025-04-08,ORDINARIA
35,1770,2025-04-08,EXTRAORDINARIA
35,1773,2025-04-09,ORDINARIA
35,1775,2025-04-10,ORDINARIA
35,1776,2025-04-10,ORDINARIA
35,1780,2025-04-15,ORDINARIA
35,1783,2025-04-16,ORDINARIA
35,1785,2025-04-22,ORDINARIA
35,1786,2025-04-23,ORDINARIA
35,1788,2025-04-24,ORDINARIA
35,1789,2025-04-24,ORDINARIA
35,1790,2025-04-29,ORDINARIA
35,1792,2025-04-30,ORDINARIA
35,1794,2025-05-06,ORDINARIA
35,1795,2025-05-06,EXTRAORDINARIA
35,1796,2025-05-07,ORDINARIA
35,1797,2025-05-13,EXTRAORDINARIA
35,1798,2025-05-08,ORDINARIA
35,1799,2025-05-08,ORDINARIA
35,1802,2025-05-13,ORDINARIA
35,1803,2025-05-20,EXTRAORDINARIA
35,1805,2025-05-14,ORDINARIA
35,1807,2025-05-27,EXTRAORDINARIA
35,1813,2025-05-20,ORDINARIA
35,1817,2025-05-21,ORDINARIA
35,1819,2025-05-22,ORDINARIA
35,1820,2025-05-27,ORDINARIA
35,1825,2025-05-27,EXTRAORDINARIA
35,1827,2025-05-28,ORDINARIA
35,1829,2025-05-29,ORDINARIA
35,1830,2025-05-29,ORDINARIA
35,1833,2025-06-03,ORDINARIA
35,1834,2025-06-17,EXTRAORDINARIA
35,1836,2025-06-04,ORDINARIA
35,1838,2025-06-05,ORDINARIA
35,1842,2025-06-10,ORDINARIA
35,1844,2025-06-11,ORDINARIA
35,1846,2025-06-12,ORDINARIA
35,1847,2025-06-12,ORDINARIA
35,1848,2025-06-17,ORDINARIA
35,1851,2025-06-17,EXTRAORDINARIA
35,1854,2025-06-18,ORDINARIA
35,1856,2025-06-24,ORDINARIA
35,1858,2025-06-24,EXTRAORDINARIA
35,1859,2025-08-07,EXTRAORDINARIA
35,1862,2025-06-25,ORDINARIA
35,1864,2025-06-26,ORDINARIA
35,1865,2025-06-26,ORDINARIA
35,1870,2025-08-05,ORDINARIA
35,1873,2025-08-06,ORDINARIA
35,1875,2025-08-07,ORDINARIA
35,1876,2025-08-07,EXTRAORDINARIA
35,1879,2025-08-12,ORDINARIA
35,1880,2025-08-12,EXTRAORDINARIA
35,1882,2025-08-13,ORDINARIA
35,1884,2025-08-14,ORDINARIA
35,1885,2025-08-14,ORDINARIA
35,1891,2025-08-19,ORDINARIA
35,1892,2025-08-19,EXTRAORDINARIA
35,1895,2025-08-20,ORDINARIA
35,1896,2025-08-26,EXTRAORDINARIA
35,1897,2025-08-21,SOLENE
35,1899,2025-08-22,SOLENE
35,1903,2025-08-26,ORDINARIA
35,1904,2025-08-27,ORDINARIA
35,1905,2025-09-09,EXTRAORDINARIA
35,1906,2025-08-28,ORDINARIA
35,1907,2025-08-28,ORDINARIA
35,1911,2025-09-02,ORDINARIA
35,1913,2025-09-03,ORDINARIA
35,1914,2025-09-04,ORDINARIA
35,1915,2025-09-04,ORDINARIA
35,1916,2025-09-09,ORDINARIA
35,1917,2025-09-10,ORDINARIA
35,1919,2025-09-11,ORDINARIA
35,1920,2025-09-11,ORDINARIA
35,1927,2025-09-16,ORDINARIA
35,1928,2025-09-16,EXTRAORDINARIA
35,1929,2025-09-23,EXTRAORDINARIA
35,1930,2025-09-17,ORDINARIA
35,1932,2025-09-18,ORDINARIA
35,1933,2025-09-18,ORDINARIA
35,1939,2025-09-23,ORDINARIA
35,1941,2025-09-24,ORDINARIA
35,1944,2025-09-25,ORDINARIA
35,1945,2025-09-25,ORDINARIA
35,1950,2025-09-30,ORDINARIA
35,1951,2025-09-30,EXTRAORDINARIA
35,1954,2025-10-01,ORDINARIA
35,1956,2025-10-02,ORDINARIA
35,1963,2025-10-07,ORDINARIA
35,1964,2025-10-08,EXTRAORDINARIA
35,1966,2025-10-08,ORDINARIA
35,1967,2025-10-09,ORDINARIA
35,1968,2025-10-09,ORDINARIA
35,1974,2025-10-14,ORDINARIA
35,1975,2025-10-15,EXTRAORDINARIA
35,1977,2025-10-15,ORDINARIA
35,1979,2025-10-16,ORDINARIA
35,1985,2025-10-21,ORDINARIA
35,1986,2025-10-21,EXTRAORDINARIA
35,1988,2025-10-22,ORDINARIA
35,1989,2025-11-04,EXTRAORDINARIA
35,1990,2025-10-23,ORDINARIA
35,1992,2025-10-29,ORDINARIA
35,1994,2025-10-30,ORDINARIA
35,1995,2025-10-30,ORDINARIA
35,2000,2025-11-04,ORDINARIA
35,2003,2025-11-05,ORDINARIA
35,2004,2025-11-11,EXTRAORDINARIA
35,2006,2025-11-06,ORDINARIA
35,2013,2025-11-11,ORDINARIA
35,2014,2025-11-11,EXTRAORDINARIA
35,2015,2025-11-11,EXTRAORDINARIA
35,2018,2025-11-12,ORDINARIA
35,2020,2025-11-13,ORDINARIA
35,2027,2025-11-18,ORDINARIA
35,2028,2025-11-25,EXTRAORDINARIA
35,2030,2025-11-19,ORDINARIA
35,2034,2025-11-25,ORDINARIA
35,2035,2025-11-26,EXTRAORDINARIA
35,2037,2025-11-26,ORDINARIA
35,2038,2025-11-26,EXTRAORDINARIA
35,2039,2025-11-27,ORDINARIA
35,2040,2025-11-27,ORDINARIA
35,2045,2025-12-02,ORDINARIA
35,2046,2025-12-02,EXTRAORDINARIA
35,2047,2025-12-03,EXTRAORDINARIA
35,2050,2025-12-03,ORDINARIA
35,2053,2025-12-04,ORDINARIA
35,2057,2025-12-09,ORDINARIA
35,2058,2025-12-09,EXTRAORDINARIA
35,2060,2025-12-10,EXTRAORDINARIA
35,2061,2025-12-10,EXTRAORDINARIA
35,2062,2025-12-10,EXTRAORDINARIA
35,2065,2025-12-15,ORDINARIA
35,2066,2025-12-23,EXTRAORDINARIA
35,2067,2025-12-23,EXTRAORDINARIA
35,2069,2026-02-03,ORDINARIA
35,2070,2026-02-04,ORDINARIA
35,2072,2026-02-05,ORDINARIA
35,2074,2026-02-10,ORDINARIA
35,2075,2026-02-10,EXTRAORDINARIA
35,2078,2026-02-11,ORDINARIA
35,2079,2026-03-03,EXTRAORDINARIA
35,2081,2026-02-12,ORDINARIA
35,2082,2026-02-19,ORDINARIA
35,2084,2026-02-24,ORDINARIA
35,2085,2026-02-25,ORDINARIA
35,2088,2026-02-26,ORDINARIA
35,2092,2026-03-03,ORDINARIA
35,2093,2026-03-04,ORDINARIA
35,2096,2026-03-05,SOLENE
35,2101,2026-03-31,EXTRAORDINARIA
35,2102,2026-03-31,EXTRAORDINARIA
35,2103,2026-04-01,ORDINARIA
35,2106,2026-04-07,ORDINARIA
35,2107,2026-04-08,EXTRAORDINARIA
35,2108,2026-04-08,ORDINARIA
35,2109,2026-04-09,ORDINARIA
35,2112,2026-04-14,ORDINARIA
35,2113,2026-04-14,EXTRAORDINARIA
35,2114,2026-04-15,ORDINARIA
35,2115,2026-04-29,EXTRAORDINARIA
35,2116,2026-04-16,ORDINARIA
35,2118,2026-04-22,ORDINARIA
35,2119,2026-04-23,ORDINARIA
35,2122,2026-04-28,ORDINARIA
35,2125,2026-04-29,ORDINARIA
35,2126,2026-03-17,ORDINARIA
35,2127,2026-03-18,ORDINARIA
35,2128,2026-03-25,EXTRAORDINARIA
35,2131,2026-03-19,ORDINARIA
35,2136,2026-03-24,ORDINARIA
35,2138,2026-03-25,ORDINARIA
35,2139,2026-03-25,EXTRAORDINARIA
35,2141,2026-03-26,ORDINARIA
35,2143,2026-03-31,ORDINARIA
35,2145,2026-04-30,ORDINARIA
35,2148,2026-05-05,ORDINARIA
35,2149,2026-05-12,EXTRAORDINARIA
35,2150,2026-05-06,ORDINARIA
35,2152,2026-05-07,ORDINARIA
35,2159,2026-05-12,ORDINARIA
35,2161,2026-05-13,ORDINARIA
35,2163,2026-05-14,ORDINARIA
35,2170,2026-05-19,ORDINARIA
35,2171,2026-03-10,ORDINARIA
35,2172,2026-03-17,EXTRAORDINARIA
35,2173,2026-03-11,ORDINARIA
35,2176,2026-03-12,ORDINARIA
35,2183,2026-05-19,EXTRAORDINARIA
35,2185,2026-05-20,ORDINARIA
35,2186,2026-06-09,EXTRAORDINARIA
35,2188,2026-05-21,ORDINARIA
35,2191,2026-05-26,ORDINARIA
35,2192,2026-05-27,ORDINARIA
35,2193,2026-05-28,ORDINARIA
35,2199,2026-06-02,ORDINARIA
35,2200,2026-06-03,ORDINARIA
35,2203,2026-06-09,ORDINARIA
35,2204,2026-06-10,ORDINARIA
35,2205,2026-06-11,ORDINARIA
35,2213,2026-06-23,ORDINARIA
35,2218,2026-06-30,ORDINARIA
35,2219,2026-06-30,EXTRAORDINARIA
35,2220,2026-06-30,EXTRAORDINARIA
35,2225,2026-08-04,ORDINARIA
35,2228,2026-08-05,ORDINARIA
35,2229,2026-08-06,ORDINARIA
35,2233,2026-06-16,ORDINARIA
35,2234,2026-06-16,EXTRAORDINARIA
35,2235,2026-06-30,EXTRAORDINARIA
35,2237,2026-06-17,ORDINARIA
35,2239,2026-06-18,ORDINARIA
35,2241,2026-08-11,ORDINARIA
35,2244,2026-08-12,ORDINARIA
35,2245,2026-08-13,ORDINARIA
35,2250,2026-08-18,ORDINARIA
35,2253,2026-08-19,ORDINARIA
35,2255,2026-08-20,ORDINARIA
35,2258,2026-08-25,ORDINARIA
36,9,2020-02-13,SESSAO ORDINARIA
36,21,2020-03-16,SESSAO EXTRAORDINARIA
36,22,2020-03-16,SESSAO EXTRAORDINARIA
36,89,2020-09-02,SESSAO EXTRAORDINARIA
36,103,2020-10-07,SESSAO EXTRAORDINARIA
36,104,2020-10-13,SESSAO EXTRAORDINARIA
36,153,2021-03-30,SESSAO EXTRAORDINARIA
36,183,2021-06-15,SESSAO EXTRAORDINARIA
36,184,2021-06-16,SESSAO EXTRAORDINARIA
36,187,2021-06-23,SESSAO EXTRAORDINARIA
36,189,2021-06-29,SESSAO EXTRAORDINARIA
36,191,2022-02-01,SESSAO ORDINARIA
36,194,2021-08-05,SESSAO ORDINARIA
36,213,2021-09-08,SESSAO ORDINARIA
36,214,2021-09-09,SESSAO ORDINARIA
36,215,2021-09-14,SESSAO ORDINARIA
36,216,2021-09-15,SESSAO ORDINARIA
36,217,2021-09-15,SESSAO EXTRAORDINARIA
36,218,2021-09-16,SESSAO ORDINARIA
36,220,2021-09-21,SESSAO EXTRAORDINARIA
36,221,2021-09-22,SESSAO ORDINARIA
36,227,2021-10-05,SESSAO EXTRAORDINARIA
36,240,2021-10-28,SESSAO ORDINARIA
36,242,2021-11-03,SESSAO EXTRAORDINARIA
36,243,2021-11-03,SESSAO EXTRAORDINARIA
36,258,2021-12-01,SESSAO EXTRAORDINARIA
36,264,2021-12-08,SESSAO EXTRAORDINARIA
36,272,2021-12-15,SESSAO ORDINARIA
36,273,2022-02-02,SESSAO ORDINARIA
36,274,2022-02-03,SESSAO ORDINARIA
36,279,2022-02-10,SESSAO ORDINARIA
36,282,2022-02-16,SESSAO ORDINARIA
36,284,2022-02-17,SESSAO ORDINARIA
36,286,2022-02-22,SESSAO EXTRAORDINARIA
36,290,2022-03-03,SESSAO ORDINARIA
36,295,2022-03-15,SESSAO EXTRAORDINARIA
36,297,2022-03-15,SESSAO ORDINARIA
36,298,2022-03-16,SESSAO ORDINARIA
36,299,2022-03-17,SESSAO ORDINARIA
36,303,2022-03-24,SESSAO ORDINARIA
36,314,2022-04-06,SESSAO ORDINARIA
36,316,2022-05-10,SESSAO EXTRAORDINARIA
36,322,2022-04-26,SESSAO ORDINARIA
36,326,2022-05-04,SESSAO ORDINARIA
36,327,2022-05-05,SESSAO ORDINARIA
36,328,2022-05-10,SESSAO ORDINARIA
36,332,2022-06-07,SESSAO EXTRAORDINARIA
36,340,2022-05-31,SESSAO ORDINARIA
36,346,2022-06-09,SESSAO ORDINARIA
36,348,2022-06-15,SESSAO ORDINARIA
36,356,2022-06-30,SESSAO ORDINARIA
36,358,2022-08-30,SESSAO EXTRAORDINARIA
36,359,2022-08-03,SESSAO ORDINARIA
36,362,2022-08-10,SESSAO ORDINARIA
36,364,2022-08-16,SESSAO ORDINARIA
36,366,2022-08-18,SESSAO ORDINARIA
36,371,2022-08-31,SESSAO ORDINARIA
36,373,2022-09-01,SESSAO ORDINARIA
36,374,2022-09-08,SESSAO ORDINARIA
36,376,2022-09-14,SESSAO ORDINARIA
36,380,2022-09-21,SESSAO ORDINARIA
36,381,2022-09-22,SESSAO ORDINARIA
36,382,2022-09-27,SESSAO ORDINARIA
36,383,2022-09-28,SESSAO ORDINARIA
36,384,2022-09-29,SESSAO ORDINARIA
36,385,2022-10-04,SESSAO ORDINARIA
36,386,2022-10-05,SESSAO ORDINARIA
36,387,2022-10-06,SESSAO ORDINARIA
36,388,2022-10-11,SESSAO ORDINARIA
36,389,2022-10-13,SESSAO ORDINARIA
36,392,2022-10-20,SESSAO ORDINARIA
36,395,2022-10-26,SESSAO ORDINARIA
36,396,2022-10-27,SESSAO ORDINARIA
36,397,2022-11-03,SESSAO ORDINARIA
36,400,2022-11-09,SESSAO ORDINARIA
36,402,2022-11-10,SESSAO ORDINARIA
36,403,2022-12-06,SESSAO EXTRAORDINARIA
36,404,2022-11-16,SESSAO ORDINARIA
36,405,2022-11-17,SESSAO ORDINARIA
36,407,2022-11-23,SESSAO ORDINARIA
36,413,2022-12-08,SESSAO ORDINARIA
36,416,2022-12-14,SESSAO ORDINARIA
36,417,2022-12-15,SESSAO ORDINARIA
36,418,2023-02-01,SESSAO ORDINARIA
36,419,2023-02-02,SESSAO ORDINARIA
36,420,2023-02-07,SESSAO ORDINARIA
36,421,2023-02-08,SESSAO ORDINARIA
36,422,2023-02-14,SESSAO EXTRAORDINARIA
36,423,2023-02-09,SESSAO ORDINARIA
36,424,2023-02-16,SESSAO EXTRAORDINARIA
36,425,2023-02-14,SESSAO ORDINARIA
36,426,2023-02-15,SESSAO ORDINARIA
36,427,2023-02-16,SESSAO ORDINARIA
36,428,2023-02-23,SESSAO ORDINARIA
36,429,2023-02-28,SESSAO ORDINARIA
36,430,2023-03-01,SESSAO ORDINARIA
36,431,2023-03-21,SESSAO EXTRAORDINARIA
36,432,2023-03-02,SESSAO ORDINARIA
36,433,2023-03-07,SESSAO ORDINARIA
36,434,2023-03-08,SESSAO ORDINARIA
36,435,2023-03-09,SESSAO ORDINARIA
36,436,2023-03-14,SESSAO ORDINARIA
36,437,2023-03-15,SESSAO ORDINARIA
36,438,2023-03-16,SESSAO ORDINARIA
36,439,2023-03-21,SESSAO ORDINARIA
36,440,2023-03-22,SESSAO ORDINARIA
36,441,2023-03-23,SESSAO ORDINARIA
36,442,2023-03-21,SESSAO EXTRAORDINARIA
36,443,2023-04-04,SESSAO EXTRAORDINARIA
36,444,2023-03-28,SESSAO ORDINARIA
36,445,2023-03-29,SESSAO ORDINARIA
36,446,2023-03-30,SESSAO ORDINARIA
36,447,2023-04-04,SESSAO ORDINARIA
36,448,2023-04-05,SESSAO ORDINARIA
36,449,2023-04-11,SESSAO EXTRAORDINARIA
36,450,2023-04-11,SESSAO ORDINARIA
36,451,2023-04-12,SESSAO ORDINARIA
36,452,2023-04-13,SESSAO ORDINARIA
36,453,2023-04-18,SESSAO ORDINARIA
36,454,2023-04-19,SESSAO ORDINARIA
36,455,2023-04-20,SESSAO ORDINARIA
36,456,2023-04-25,SESSAO ORDINARIA
36,457,2023-04-26,SESSAO ORDINARIA
36,458,2023-04-27,SESSAO ORDINARIA
36,459,2023-05-02,SESSAO ORDINARIA
36,460,2023-05-03,SESSAO ORDINARIA
36,461,2023-05-04,SESSAO ORDINARIA
36,462,2023-05-09,SESSAO EXTRAORDINARIA
36,463,2023-05-09,SESSAO ORDINARIA
36,464,2023-05-10,SESSAO ORDINARIA
36,465,2023-05-11,SESSAO ORDINARIA
36,466,2023-05-16,SESSAO EXTRAORDINARIA
36,467,2023-05-16,SESSAO ORDINARIA
36,468,2023-05-17,SESSAO ORDINARIA
36,469,2023-05-18,SESSAO ORDINARIA
36,470,2023-05-23,SESSAO ORDINARIA
36,471,2023-05-24,SESSAO ORDINARIA
36,472,2023-05-25,SESSAO ORDINARIA
36,473,2023-05-30,SESSAO ORDINARIA
36,474,2023-05-31,SESSAO EXTRAORDINARIA
36,475,2023-05-31,SESSAO ORDINARIA
36,476,2023-06-01,SESSAO ORDINARIA
36,477,2023-06-06,SESSAO ORDINARIA
36,478,2023-06-07,SESSAO ORDINARIA
36,479,2023-06-13,SESSAO ORDINARIA
36,480,2023-06-14,SESSAO ORDINARIA
36,481,2023-06-20,SESSAO EXTRAORDINARIA
36,482,2023-06-20,SESSAO ORDINARIA
36,483,2023-06-21,SESSAO ORDINARIA
36,484,2023-06-22,SESSAO ORDINARIA
36,485,2023-06-27,SESSAO EXTRAORDINARIA
36,486,2023-06-27,SESSAO ORDINARIA
36,487,2023-08-01,SESSAO ORDINARIA
36,488,2023-08-02,SESSAO ORDINARIA
36,489,2023-08-03,SESSAO ORDINARIA
36,490,2023-08-08,SESSAO ORDINARIA
36,491,2023-08-09,SESSAO ORDINARIA
36,492,2023-08-10,SESSAO ORDINARIA
36,493,2023-08-15,SESSAO ORDINARIA
36,494,2023-08-15,SESSAO EXTRAORDINARIA
36,495,2023-08-16,SESSAO ORDINARIA
36,496,2023-08-22,SESSAO ORDINARIA
36,497,2023-08-22,SESSAO EXTRAORDINARIA
36,498,2023-08-23,SESSAO ORDINARIA
36,499,2023-08-24,SESSAO ORDINARIA
36,500,2023-08-29,SESSAO ORDINARIA
36,501,2023-08-29,SESSAO EXTRAORDINARIA
36,502,2023-08-29,SESSAO EXTRAORDINARIA
36,503,2023-08-30,SESSAO ORDINARIA
36,504,2023-08-31,SESSAO ORDINARIA
36,505,2023-09-05,SESSAO ORDINARIA
36,506,2023-09-12,SESSAO ORDINARIA
36,507,2023-09-13,SESSAO ORDINARIA
36,508,2023-09-19,SESSAO EXTRAORDINARIA
36,509,2023-09-19,SESSAO ORDINARIA
36,510,2023-09-20,SESSAO ORDINARIA
36,511,2023-09-21,SESSAO ORDINARIA
36,512,2023-09-26,SESSAO EXTRAORDINARIA
36,513,2023-09-26,SESSAO ORDINARIA
36,514,2023-09-27,SESSAO ORDINARIA
36,515,2023-09-28,SESSAO ORDINARIA
36,516,2023-10-03,SESSAO EXTRAORDINARIA
36,517,2023-10-03,SESSAO ORDINARIA
36,518,2023-10-04,SESSAO ORDINARIA
36,519,2023-10-05,SESSAO ORDINARIA
36,520,2023-10-10,SESSAO ORDINARIA
36,521,2023-10-10,SESSAO EXTRAORDINARIA
36,522,2023-10-11,SESSAO ORDINARIA
36,523,2023-10-17,SESSAO EXTRAORDINARIA
36,524,2023-10-17,SESSAO ORDINARIA
36,525,2023-10-18,SESSAO ORDINARIA
36,526,2023-10-19,SESSAO ORDINARIA
36,527,2023-10-24,SESSAO EXTRAORDINARIA
36,528,2023-10-24,SESSAO ORDINARIA
36,529,2023-10-25,SESSAO ORDINARIA
36,530,2023-10-31,SESSAO ORDINARIA
36,531,2023-10-31,SESSAO EXTRAORDINARIA
36,532,2023-11-01,SESSAO ORDINARIA
36,533,2023-11-07,SESSAO ORDINARIA
36,534,2023-11-07,SESSAO EXTRAORDINARIA
36,535,2023-11-08,SESSAO ORDINARIA
36,536,2023-11-09,SESSAO ORDINARIA
36,537,2023-11-14,SESSAO EXTRAORDINARIA
36,538,2023-11-14,SESSAO ORDINARIA
36,539,2023-11-16,SESSAO ORDINARIA
36,540,2023-11-21,SESSAO ORDINARIA
36,541,2023-11-21,SESSAO EXTRAORDINARIA
36,542,2023-11-21,SESSAO EXTRAORDINARIA
36,543,2023-11-22,SESSAO ORDINARIA
36,544,2023-11-23,SESSAO ORDINARIA
36,545,2023-11-28,SESSAO EXTRAORDINARIA
36,546,2023-11-28,SESSAO ORDINARIA
36,547,2023-11-28,SESSAO EXTRAORDINARIA
36,548,2023-12-05,SESSAO ORDINARIA
36,549,2023-12-05,SESSAO EXTRAORDINARIA
36,550,2023-12-06,SESSAO ORDINARIA
36,551,2023-12-07,SESSAO ORDINARIA
36,552,2023-12-12,SESSAO EXTRAORDINARIA
36,553,2023-12-12,SESSAO ORDINARIA
36,554,2023-12-13,SESSAO ORDINARIA
36,555,2023-12-13,SESSAO EXTRAORDINARIA
36,556,2023-12-13,SESSAO EXTRAORDINARIA
36,557,2024-02-01,SESSAO ORDINARIA
36,558,2024-02-01,SESSAO EXTRAORDINARIA
36,559,2024-02-01,SESSAO EXTRAORDINARIA
36,560,2024-02-06,SESSAO EXTRAORDINARIA
36,561,2024-02-06,SESSAO ORDINARIA
36,562,2024-02-07,SESSAO ORDINARIA
36,563,2024-02-08,SESSAO ORDINARIA
36,564,2024-02-15,SESSAO ORDINARIA
36,565,2024-02-20,SESSAO EXTRAORDINARIA
36,566,2024-02-20,SESSAO ORDINARIA
36,567,2024-02-21,SESSAO ORDINARIA
36,568,2024-02-22,SESSAO ORDINARIA
36,569,2024-02-27,SESSAO EXTRAORDINARIA
36,570,2024-02-27,SESSAO ORDINARIA
36,571,2024-02-27,SESSAO EXTRAORDINARIA
36,572,2024-02-27,SESSAO EXTRAORDINARIA
36,573,2024-02-28,SESSAO ORDINARIA
36,574,2024-02-29,SESSAO ORDINARIA
36,575,2024-03-05,SESSAO EXTRAORDINARIA
36,576,2024-03-05,SESSAO ORDINARIA
36,577,2024-03-06,SESSAO ORDINARIA
36,578,2024-03-07,SESSAO ORDINARIA
36,579,2024-03-13,SESSAO ORDINARIA
36,580,2024-03-14,SESSAO ORDINARIA
36,581,2024-03-19,SESSAO EXTRAORDINARIA
36,582,2024-03-19,SESSAO ORDINARIA
36,583,2024-03-20,SESSAO ORDINARIA
36,584,2024-03-21,SESSAO ORDINARIA
36,585,2024-03-26,SESSAO EXTRAORDINARIA
36,586,2024-03-26,SESSAO ORDINARIA
36,587,2024-03-27,SESSAO ORDINARIA
36,588,2024-04-02,SESSAO EXTRAORDINARIA
36,589,2024-04-02,SESSAO ORDINARIA
36,590,2024-04-03,SESSAO ORDINARIA
36,591,2024-04-04,SESSAO ORDINARIA
36,592,2024-04-23,SESSAO ORDINARIA
36,593,2024-04-09,SESSAO EXTRAORDINARIA
36,594,2024-04-09,SESSAO ORDINARIA
36,595,2024-04-10,SESSAO ORDINARIA
36,596,2024-04-09,SESSAO EXTRAORDINARIA
36,597,2024-04-11,SESSAO ORDINARIA
36,598,2024-04-23,SESSAO EXTRAORDINARIA
36,599,2024-05-07,SESSAO EXTRAORDINARIA
36,600,2024-04-16,SESSAO ORDINARIA
36,601,2024-04-17,SESSAO ORDINARIA
36,602,2024-04-18,SESSAO ORDINARIA
36,603,2024-04-24,SESSAO ORDINARIA
36,604,2024-04-25,SESSAO ORDINARIA
36,605,2024-05-21,SESSAO EXTRAORDINARIA
36,606,2024-04-30,SESSAO ORDINARIA
36,607,2024-05-02,SESSAO ORDINARIA
36,608,2024-05-07,SESSAO ORDINARIA
36,609,2024-05-08,SESSAO ORDINARIA
36,610,2024-05-09,SESSAO ORDINARIA
36,611,2024-05-28,SESSAO EXTRAORDINARIA
36,612,2024-05-14,SESSAO ORDINARIA
36,613,2024-05-15,SESSAO ORDINARIA
36,614,2024-05-16,SESSAO ORDINARIA
36,615,2024-05-21,SESSAO ORDINARIA
36,616,2024-05-22,SESSAO ORDINARIA
36,617,2024-05-23,SESSAO ORDINARIA
36,618,2024-05-28,SESSAO ORDINARIA
36,619,2024-06-04,SESSAO EXTRAORDINARIA
36,620,2024-05-29,SESSAO ORDINARIA
36,621,2024-06-04,SESSAO EXTRAORDINARIA
36,622,2024-06-04,SESSAO ORDINARIA
36,623,2024-06-05,SESSAO ORDINARIA
36,624,2024-06-11,SESSAO EXTRAORDINARIA
36,625,2024-06-18,SESSAO EXTRAORDINARIA
36,626,2024-06-06,SESSAO ORDINARIA
36,627,2024-06-11,SESSAO ORDINARIA
36,628,2024-06-12,SESSAO ORDINARIA
36,629,2024-06-13,SESSAO ORDINARIA
36,630,2024-06-18,SESSAO ORDINARIA
36,631,2024-06-19,SESSAO ORDINARIA
36,632,2024-06-20,SESSAO ORDINARIA
36,633,2024-06-18,SESSAO EXTRAORDINARIA
36,634,2024-06-19,SESSAO EXTRAORDINARIA
36,635,2024-06-25,SESSAO EXTRAORDINARIA
36,636,2024-06-25,SESSAO ORDINARIA
36,637,2024-08-01,SESSAO ORDINARIA
36,638,2024-08-06,SESSAO ORDINARIA
36,639,2024-08-07,SESSAO EXTRAORDINARIA
36,640,2024-08-07,SESSAO EXTRAORDINARIA
36,641,2024-08-07,SESSAO ORDINARIA
36,642,2024-08-07,SESSAO EXTRAORDINARIA
36,643,2024-08-08,SESSAO ORDINARIA
36,644,2024-08-14,SESSAO ORDINARIA
36,645,2024-08-15,SESSAO ORDINARIA
36,646,2024-08-14,SESSAO EXTRAORDINARIA
36,647,2024-08-20,SESSAO ORDINARIA
36,648,2024-08-21,SESSAO ORDINARIA
36,649,2024-08-27,SESSAO ORDINARIA
36,650,2024-08-28,SESSAO ORDINARIA
36,651,2024-08-29,SESSAO ORDINARIA
36,652,2024-09-03,SESSAO EXTRAORDINARIA
36,653,2024-09-03,SESSAO ORDINARIA
36,654,2024-09-04,SESSAO ORDINARIA
36,655,2024-09-05,SESSAO ORDINARIA
36,656,2024-09-10,SESSAO EXTRAORDINARIA
36,657,2024-09-10,SESSAO ORDINARIA
36,658,2024-09-11,SESSAO ORDINARIA
36,659,2024-09-12,SESSAO ORDINARIA
36,660,2024-09-17,SESSAO ORDINARIA
36,661,2024-09-17,SESSAO EXTRAORDINARIA
36,662,2024-09-18,SESSAO ORDINARIA
36,663,2024-09-19,SESSAO ORDINARIA
36,664,2024-09-24,SESSAO EXTRAORDINARIA
36,665,2024-09-24,SESSAO ORDINARIA
36,666,2024-09-25,SESSAO ORDINARIA
36,667,2024-09-26,SESSAO ORDINARIA
36,668,2024-08-27,SESSAO EXTRAORDINARIA
36,669,2024-10-01,SESSAO EXTRAORDINARIA
36,670,2024-10-01,SESSAO ORDINARIA
36,671,2024-10-02,SESSAO ORDINARIA
36,672,2024-10-03,SESSAO ORDINARIA
36,673,2024-10-08,SESSAO EXTRAORDINARIA
36,674,2024-10-08,SESSAO ORDINARIA
36,675,2024-10-09,SESSAO ORDINARIA
36,676,2024-10-10,SESSAO ORDINARIA
36,677,2024-10-15,SESSAO ORDINARIA
36,678,2024-10-16,SESSAO ORDINARIA
36,679,2024-10-17,SESSAO ORDINARIA
36,680,2024-10-22,SESSAO EXTRAORDINARIA
36,681,2024-10-22,SESSAO ORDINARIA
36,682,2024-10-23,SESSAO ORDINARIA
36,683,2024-10-24,SESSAO ORDINARIA
36,684,2024-10-29,SESSAO EXTRAORDINARIA
36,685,2024-10-29,SESSAO ORDINARIA
36,686,2024-10-30,SESSAO ORDINARIA
36,687,2024-10-30,SESSAO EXTRAORDINARIA
36,688,2024-10-31,SESSAO ORDINARIA
36,689,2024-11-05,SESSAO ORDINARIA
36,690,2024-11-05,SESSAO EXTRAORDINARIA
36,691,2024-11-06,SESSAO ORDINARIA
36,692,2024-11-07,SESSAO ORDINARIA
36,693,2024-11-12,SESSAO EXTRAORDINARIA
36,694,2024-11-12,SESSAO ORDINARIA
36,1693,2024-11-13,SESSAO ORDINARIA
36,1694,2024-11-14,SESSAO ORDINARIA
36,1695,2024-11-19,SESSAO ORDINARIA
36,1696,2024-11-26,SESSAO EXTRAORDINARIA
36,1697,2024-11-26,SESSAO ORDINARIA
36,1698,2024-11-26,SESSAO EXTRAORDINARIA
36,1699,2024-11-27,SESSAO ORDINARIA
36,1700,2024-11-27,SESSAO EXTRAORDINARIA
36,1701,2024-11-28,SESSAO ORDINARIA
36,1702,2024-12-03,SESSAO ORDINARIA
36,1703,2024-12-03,SESSAO EXTRAORDINARIA
36,1704,2024-12-04,SESSAO EXTRAORDINARIA
36,1705,2024-12-04,SESSAO ORDINARIA
36,1706,2024-12-10,SESSAO EXTRAORDINARIA
36,1707,2024-12-10,SESSAO ORDINARIA
36,1708,2024-12-10,SESSAO EXTRAORDINARIA
36,1709,2024-03-12,SESSAO EXTRAORDINARIA
36,1710,2024-03-12,SESSAO EXTRAORDINARIA
36,1711,2024-03-12,SESSAO ORDINARIA
36,1713,2025-02-11,ORDINARIA
36,1715,2025-02-12,ORDINARIA
36,1716,2025-02-13,ORDINARIA
36,1717,2025-02-18,ORDINARIA
36,1719,2025-02-19,ORDINARIA
36,1720,2025-02-25,ORDINARIA
36,1721,2025-02-20,ORDINARIA
36,1724,2025-02-26,ORDINARIA
36,1727,2025-02-27,ORDINARIA
36,1730,2025-03-06,ORDINARIA
36,1733,2025-03-11,ORDINARIA
36,1734,2025-03-11,EXTRAORDINARIA
36,1736,2025-03-12,ORDINARIA
36,1739,2025-03-13,ORDINARIA
36,1740,2025-03-18,EXTRAORDINARIA
36,1741,2025-03-18,ORDINARIA
36,1742,2025-03-18,EXTRAORDINARIA
36,1743,2025-03-18,EXTRAORDINARIA
36,1744,2025-03-19,ORDINARIA
36,1746,2025-03-20,ORDINARIA
36,1752,2025-03-25,ORDINARIA
36,1754,2025-03-25,EXTRAORDINARIA
36,1755,2025-03-26,ORDINARIA
36,1756,2025-04-02,EXTRAORDINARIA
36,1757,2025-03-27,ORDINARIA
36,1759,2025-04-01,ORDINARIA
36,1762,2025-04-02,ORDINARIA
36,1763,2025-04-03,ORDINARIA
36,1765,2025-04-03,ORDINARIA
36,1769,2025-04-08,ORDINARIA
36,1770,2025-04-08,EXTRAORDINARIA
36,1773,2025-04-09,ORDINARIA
36,1775,2025-04-10,ORDINARIA
36,1776,2025-04-10,ORDINARIA
36,1780,2025-04-15,ORDINARIA
36,1783,2025-04-16,ORDINARIA
36,1785,2025-04-22,ORDINARIA
36,1786,2025-04-23,ORDINARIA
36,1788,2025-04-24,ORDINARIA
36,1789,2025-04-24,ORDINARIA
36,1790,2025-04-29,ORDINARIA
36,1792,2025-04-30,ORDINARIA
36,1794,2025-05-06,ORDINARIA
36,1795,2025-05-06,EXTRAORDINARIA
36,1796,2025-05-07,ORDINARIA
36,1797,2025-05-13,EXTRAORDINARIA
36,1798,2025-05-08,ORDINARIA
36,1799,2025-05-08,ORDINARIA
36,1802,2025-05-13,ORDINARIA
36,1803,2025-05-20,EXTRAORDINARIA
36,1805,2025-05-14,ORDINARIA
36,1807,2025-05-27,EXTRAORDINARIA
36,1813,2025-05-20,ORDINARIA
36,1817,2025-05-21,ORDINARIA
36,1819,2025-05-22,ORDINARIA
36,1820,2025-05-27,ORDINARIA
36,1825,2025-05-27,EXTRAORDINARIA
36,1827,2025-05-28,ORDINARIA
36,1829,2025-05-29,ORDINARIA
36,1830,2025-05-29,ORDINARIA
36,1833,2025-06-03,ORDINARIA
36,1834,2025-06-17,EXTRAORDINARIA
36,1836,2025-06-04,ORDINARIA
36,1838,2025-06-05,ORDINARIA
36,1842,2025-06-10,ORDINARIA
36,1844,2025-06-11,ORDINARIA
36,1846,2025-06-12,ORDINARIA
36,1847,2025-06-12,ORDINARIA
36,1848,2025-06-17,ORDINARIA
36,1851,2025-06-17,EXTRAORDINARIA
36,1854,2025-06-18,ORDINARIA
36,1856,2025-06-24,ORDINARIA
36,1858,2025-06-24,EXTRAORDINARIA
36,1859,2025-08-07,EXTRAORDINARIA
36,1862,2025-06-25,ORDINARIA
36,1864,2025-06-26,ORDINARIA
36,1865,2025-06-26,ORDINARIA
36,1870,2025-08-05,ORDINARIA
36,1873,2025-08-06,ORDINARIA
36,1875,2025-08-07,ORDINARIA
36,1876,2025-08-07,EXTRAORDINARIA
36,1879,2025-08-12,ORDINARIA
36,1880,2025-08-12,EXTRAORDINARIA
36,1882,2025-08-13,ORDINARIA
36,1884,2025-08-14,ORDINARIA
36,1885,2025-08-14,ORDINARIA
36,1891,2025-08-19,ORDINARIA
36,1892,2025-08-19,EXTRAORDINARIA
36,1895,2025-08-20,ORDINARIA
36,1896,2025-08-26,EXTRAORDINARIA
36,1897,2025-08-21,SOLENE
36,1899,2025-08-22,SOLENE
36,1903,2025-08-26,ORDINARIA
36,1904,2025-08-27,ORDINARIA
36,1905,2025-09-09,EXTRAORDINARIA
36,1906,2025-08-28,ORDINARIA
36,1907,2025-08-28,ORDINARIA
36,1911,2025-09-02,ORDINARIA
36,1913,2025-09-03,ORDINARIA
36,1914,2025-09-04,ORDINARIA
36,1915,2025-09-04,ORDINARIA
36,1916,2025-09-09,ORDINARIA
36,1917,2025-09-10,ORDINARIA
36,1919,2025-09-11,ORDINARIA
36,1920,2025-09-11,ORDINARIA
36,1927,2025-09-16,ORDINARIA
36,1928,2025-09-16,EXTRAORDINARIA
36,1929,2025-09-23,EXTRAORDINARIA
36,1930,2025-09-17,ORDINARIA
36,1932,2025-09-18,ORDINARIA
36,1933,2025-09-18,ORDINARIA
36,1939,2025-09-23,ORDINARIA
36,1941,2025-09-24,ORDINARIA
36,1944,2025-09-25,ORDINARIA
36,1945,2025-09-25,ORDINARIA
36,1950,2025-09-30,ORDINARIA
36,1951,2025-09-30,EXTRAORDINARIA
36,1954,2025-10-01,ORDINARIA
36,1956,2025-10-02,ORDINARIA
36,1963,2025-10-07,ORDINARIA
36,1964,2025-10-08,EXTRAORDINARIA
36,1966,2025-10-08,ORDINARIA
36,1967,2025-10-09,ORDINARIA
36,1968,2025-10-09,ORDINARIA
36,1974,2025-10-14,ORDINARIA
36,1975,2025-10-15,EXTRAORDINARIA
36,1977,2025-10-15,ORDINARIA
36,1979,2025-10-16,ORDINARIA
36,1985,2025-10-21,ORDINARIA
36,1986,2025-10-21,EXTRAORDINARIA
36,1988,2025-10-22,ORDINARIA
36,1989,2025-11-04,EXTRAORDINARIA
36,1990,2025-10-23,ORDINARIA
36,1992,2025-10-29,ORDINARIA
36,1994,2025-10-30,ORDINARIA
36,1995,2025-10-30,ORDINARIA
36,2000,2025-11-04,ORDINARIA
36,2003,2025-11-05,ORDINARIA
36,2004,2025-11-11,EXTRAORDINARIA
36,2006,2025-11-06,ORDINARIA
36,2013,2025-11-11,ORDINARIA
36,2014,2025-11-11,EXTRAORDINARIA
36,2015,2025-11-11,EXTRAORDINARIA
36,2018,2025-11-12,ORDINARIA
36,2020,2025-11-13,ORDINARIA
36,2027,2025-11-18,ORDINARIA
36,2028,2025-11-25,EXTRAORDINARIA
36,2030,2025-11-19,ORDINARIA
36,2034,2025-11-25,ORDINARIA
36,2035,2025-11-26,EXTRAORDINARIA
36,2037,2025-11-26,ORDINARIA
36,2038,2025-11-26,EXTRAORDINARIA
36,2039,2025-11-27,ORDINARIA
36,2040,2025-11-27,ORDINARIA
36,2045,2025-12-02,ORDINARIA
36,2046,2025-12-02,EXTRAORDINARIA
36,2047,2025-12-03,EXTRAORDINARIA
36,2050,2025-12-03,ORDINARIA
36,2053,2025-12-04,ORDINARIA
36,2057,2025-12-09,ORDINARIA
36,2058,2025-12-09,EXTRAORDINARIA
36,2060,2025-12-10,EXTRAORDINARIA
36,2061,2025-12-10,EXTRAORDINARIA
36,2062,2025-12-10,EXTRAORDINARIA
36,2065,2025-12-15,ORDINARIA
36,2066,2025-12-23,EXTRAORDINARIA
36,2067,2025-12-23,EXTRAORDINARIA
36,2069,2026-02-03,ORDINARIA
36,2070,2026-02-04,ORDINARIA
36,2072,2026-02-05,ORDINARIA
36,2074,2026-02-10,ORDINARIA
36,2075,2026-02-10,EXTRAORDINARIA
36,2078,2026-02-11,ORDINARIA
36,2079,2026-03-03,EXTRAORDINARIA
36,2081,2026-02-12,ORDINARIA
36,2082,2026-02-19,ORDINARIA
36,2084,2026-02-24,ORDINARIA
36,2085,2026-02-25,ORDINARIA
36,2088,2026-02-26,ORDINARIA
36,2092,2026-03-03,ORDINARIA
36,2093,2026-03-04,ORDINARIA
36,2096,2026-03-05,SOLENE
36,2101,2026-03-31,EXTRAORDINARIA
36,2102,2026-03-31,EXTRAORDINARIA
36,2103,2026-04-01,ORDINARIA
36,2106,2026-04-07,ORDINARIA
36,2107,2026-04-08,EXTRAORDINARIA
36,2108,2026-04-08,ORDINARIA
36,2109,2026-04-09,ORDINARIA
36,2112,2026-04-14,ORDINARIA
36,2113,2026-04-14,EXTRAORDINARIA
36,2114,2026-04-15,ORDINARIA
36,2115,2026-04-29,EXTRAORDINARIA
36,2116,2026-04-16,ORDINARIA
36,2118,2026-04-22,ORDINARIA
36,2119,2026-04-23,ORDINARIA
36,2122,2026-04-28,ORDINARIA
36,2125,2026-04-29,ORDINARIA
36,2126,2026-03-17,ORDINARIA
36,2127,2026-03-18,ORDINARIA
36,2128,2026-03-25,EXTRAORDINARIA
36,2131,2026-03-19,ORDINARIA
36,2136,2026-03-24,ORDINARIA
36,2138,2026-03-25,ORDINARIA
36,2139,2026-03-25,EXTRAORDINARIA
36,2141,2026-03-26,ORDINARIA
36,2143,2026-03-31,ORDINARIA
36,2145,2026-04-30,ORDINARIA
36,2148,2026-05-05,ORDINARIA
36,2149,2026-05-12,EXTRAORDINARIA
36,2150,2026-05-06,ORDINARIA
36,2152,2026-05-07,ORDINARIA
36,2159,2026-05-12,ORDINARIA
36,2161,2026-05-13,ORDINARIA
36,2163,2026-05-14,ORDINARIA
36,2170,2026-05-19,ORDINARIA
36,2171,2026-03-10,ORDINARIA
36,2172,2026-03-17,EXTRAORDINARIA
36,2173,2026-03-11,ORDINARIA
36,2176,2026-03-12,ORDINARIA
36,2183,2026-05-19,EXTRAORDINARIA
36,2185,2026-05-20,ORDINARIA
36,2186,2026-06-09,EXTRAORDINARIA
36,2188,2026-05-21,ORDINARIA
36,2191,2026-05-26,ORDINARIA
36,2192,2026-05-27,ORDINARIA
36,2193,2026-05-28,ORDINARIA
36,2199,2026-06-02,ORDINARIA
36,2200,2026-06-03,ORDINARIA
36,2203,2026-06-09,ORDINARIA
36,2204,2026-06-10,ORDINARIA
36,2205,2026-06-11,ORDINARIA
36,2213,2026-06-23,ORDINARIA
36,2218,2026-06-30,ORDINARIA
36,2219,2026-06-30,EXTRAORDINARIA
36,2220,2026-06-30,EXTRAORDINARIA
36,2225,2026-08-04,ORDINARIA
36,2228,2026-08-05,ORDINARIA
36,2229,2026-08-06,ORDINARIA
36,2233,2026-06-16,ORDINARIA
36,2234,2026-06-16,EXTRAORDINARIA
36,2235,2026-06-30,EXTRAORDINARIA
36,2237,2026-06-17,ORDINARIA
36,2239,2026-06-18,ORDINARIA
36,2241,2026-08-11,ORDINARIA
36,2244,2026-08-12,ORDINARIA
36,2245,2026-08-13,ORDINARIA
36,2250,2026-08-18,ORDINARIA
36,2253,2026-08-19,ORDINARIA
36,2255,2026-08-20,ORDINARIA
36,2258,2026-08-25,ORDINARIA
53,4,2020-02-04,SESSAO ORDINARIA
53,5,2020-02-05,SESSAO ORDINARIA
53,6,2020-02-11,SESSAO ORDINARIA
53,7,2020-02-11,SESSAO EXTRAORDINARIA
53,8,2020-02-12,SESSAO ORDINARIA
53,9,2020-02-13,SESSAO ORDINARIA
53,10,2020-02-18,SESSAO ORDINARIA
53,11,2020-02-19,SESSAO ORDINARIA
53,12,2020-02-20,SESSAO ORDINARIA
53,13,2020-02-27,SESSAO ORDINARIA
53,14,2020-03-03,SESSAO ORDINARIA
53,15,2020-03-04,SESSAO ORDINARIA
53,16,2020-03-05,SESSAO ORDINARIA
53,17,2020-03-10,SESSAO ORDINARIA
53,18,2020-03-11,SESSAO ORDINARIA
53,19,2020-03-11,SESSAO EXTRAORDINARIA
53,20,2020-03-12,SESSAO ORDINARIA
53,21,2020-03-16,SESSAO EXTRAORDINARIA
53,22,2020-03-16,SESSAO EXTRAORDINARIA
53,23,2020-03-17,SESSAO ORDINARIA
53,24,2020-03-17,SESSAO EXTRAORDINARIA
53,25,2020-03-24,SESSAO EXTRAORDINARIA
53,26,2020-03-24,SESSAO EXTRAORDINARIA
53,27,2020-03-25,SESSAO EXTRAORDINARIA
53,28,2020-03-25,SESSAO EXTRAORDINARIA
53,29,2020-03-25,SESSAO EXTRAORDINARIA
53,30,2020-03-25,SESSAO EXTRAORDINARIA
53,31,2020-03-31,SESSAO EXTRAORDINARIA
53,32,2020-03-31,SESSAO EXTRAORDINARIA
53,33,2020-03-31,SESSAO EXTRAORDINARIA
53,34,2020-04-07,SESSAO EXTRAORDINARIA
53,35,2020-04-01,SESSAO EXTRAORDINARIA
53,36,2020-04-01,SESSAO EXTRAORDINARIA
53,37,2020-04-07,SESSAO EXTRAORDINARIA
53,38,2020-04-08,SESSAO EXTRAORDINARIA
53,39,2020-04-14,SESSAO EXTRAORDINARIA
53,40,2020-04-14,SESSAO EXTRAORDINARIA
53,41,2020-04-14,SESSAO EXTRAORDINARIA
53,42,2020-04-15,SESSAO EXTRAORDINARIA
53,43,2020-04-15,SESSAO EXTRAORDINARIA
53,44,2020-04-22,SESSAO EXTRAORDINARIA
53,45,2020-04-22,SESSAO EXTRAORDINARIA
53,46,2020-04-22,SESSAO EXTRAORDINARIA
53,47,2020-04-22,SESSAO EXTRAORDINARIA
53,48,2020-04-28,SESSAO EXTRAORDINARIA
53,49,2020-04-28,SESSAO EXTRAORDINARIA
53,50,2020-04-29,SESSAO EXTRAORDINARIA
53,51,2020-04-29,SESSAO EXTRAORDINARIA
53,52,2020-05-05,SESSAO EXTRAORDINARIA
53,53,2020-05-05,SESSAO EXTRAORDINARIA
53,54,2020-05-19,SESSAO EXTRAORDINARIA
53,55,2020-05-19,SESSAO EXTRAORDINARIA
53,56,2020-05-20,SESSAO EXTRAORDINARIA
53,57,2020-05-20,SESSAO EXTRAORDINARIA
53,58,2020-05-20,SESSAO EXTRAORDINARIA
53,59,2020-05-26,SESSAO EXTRAORDINARIA
53,60,2020-05-27,SESSAO EXTRAORDINARIA
53,61,2020-06-02,SESSAO EXTRAORDINARIA
53,62,2020-06-02,SESSAO EXTRAORDINARIA
53,63,2020-06-09,SESSAO EXTRAORDINARIA
53,64,2020-06-10,SESSAO EXTRAORDINARIA
53,65,2020-06-10,SESSAO EXTRAORDINARIA
53,66,2020-06-10,SESSAO EXTRAORDINARIA
53,67,2020-06-16,SESSAO EXTRAORDINARIA
53,68,2020-06-16,SESSAO EXTRAORDINARIA
53,69,2020-06-17,SESSAO EXTRAORDINARIA
53,70,2020-06-17,SESSAO EXTRAORDINARIA
53,71,2020-06-18,SESSAO EXTRAORDINARIA
53,72,2020-06-23,SESSAO EXTRAORDINARIA
53,73,2020-06-24,SESSAO EXTRAORDINARIA
53,74,2020-06-24,SESSAO EXTRAORDINARIA
53,75,2020-06-30,SESSAO EXTRAORDINARIA
53,76,2020-06-30,SESSAO EXTRAORDINARIA
53,77,2020-08-04,SESSAO EXTRAORDINARIA
53,78,2020-08-05,SESSAO EXTRAORDINARIA
53,79,2020-08-11,SESSAO EXTRAORDINARIA
53,80,2020-08-11,SESSAO EXTRAORDINARIA
53,81,2020-08-12,SESSAO EXTRAORDINARIA
53,82,2020-08-12,SESSAO EXTRAORDINARIA
53,83,2020-08-18,SESSAO EXTRAORDINARIA
53,84,2020-08-19,SESSAO EXTRAORDINARIA
53,85,2020-08-19,SESSAO EXTRAORDINARIA
53,86,2020-08-25,SESSAO EXTRAORDINARIA
53,87,2020-08-26,SESSAO EXTRAORDINARIA
53,88,2020-09-01,SESSAO EXTRAORDINARIA
53,89,2020-09-02,SESSAO EXTRAORDINARIA
53,90,2020-09-08,SESSAO EXTRAORDINARIA
53,91,2020-09-09,SESSAO EXTRAORDINARIA
53,92,2020-09-15,SESSAO EXTRAORDINARIA
53,93,2020-09-16,SESSAO EXTRAORDINARIA
53,94,2020-09-17,SESSAO EXTRAORDINARIA
53,95,2020-09-22,SESSAO EXTRAORDINARIA
53,96,2020-09-23,SESSAO EXTRAORDINARIA
53,97,2020-09-23,SESSAO EXTRAORDINARIA
53,98,2020-09-29,SESSAO EXTRAORDINARIA
53,99,2020-09-29,SESSAO EXTRAORDINARIA
53,100,2020-09-30,SESSAO EXTRAORDINARIA
53,101,2020-10-06,SESSAO EXTRAORDINARIA
53,102,2020-10-07,SESSAO EXTRAORDINARIA
53,103,2020-10-07,SESSAO EXTRAORDINARIA
53,104,2020-10-13,SESSAO EXTRAORDINARIA
53,105,2020-10-14,SESSAO EXTRAORDINARIA
53,106,2020-10-14,SESSAO EXTRAORDINARIA
53,107,2020-10-15,SESSAO EXTRAORDINARIA
53,108,2020-10-20,SESSAO EXTRAORDINARIA
53,109,2020-10-21,SESSAO EXTRAORDINARIA
53,110,2020-10-21,SESSAO EXTRAORDINARIA
53,111,2020-10-27,SESSAO EXTRAORDINARIA
53,112,2020-10-28,SESSAO EXTRAORDINARIA
53,113,2020-10-28,SESSAO EXTRAORDINARIA
53,114,2020-11-03,SESSAO EXTRAORDINARIA
53,115,2020-11-03,SESSAO EXTRAORDINARIA
53,116,2020-11-04,SESSAO EXTRAORDINARIA
53,117,2020-11-10,SESSAO EXTRAORDINARIA
53,118,2020-11-10,SESSAO EXTRAORDINARIA
53,119,2020-11-11,SESSAO EXTRAORDINARIA
53,120,2020-11-17,SESSAO EXTRAORDINARIA
53,121,2020-11-17,SESSAO EXTRAORDINARIA
53,122,2020-11-18,SESSAO EXTRAORDINARIA
53,123,2020-11-24,SESSAO EXTRAORDINARIA
53,124,2020-11-25,SESSAO EXTRAORDINARIA
53,125,2020-11-25,SESSAO EXTRAORDINARIA
53,126,2020-12-01,SESSAO EXTRAORDINARIA
53,127,2020-12-01,SESSAO EXTRAORDINARIA
53,128,2020-12-02,SESSAO EXTRAORDINARIA
53,129,2020-12-08,SESSAO EXTRAORDINARIA
53,130,2020-12-09,SESSAO EXTRAORDINARIA
53,131,2020-12-09,SESSAO EXTRAORDINARIA
53,132,2020-12-10,SESSAO EXTRAORDINARIA
53,133,2020-12-10,SESSAO EXTRAORDINARIA
53,134,2020-12-10,SESSAO EXTRAORDINARIA
53,135,2020-12-15,SESSAO EXTRAORDINARIA
53,136,2021-02-02,SESSAO PREPARATORIA
53,137,2021-02-03,SESSAO EXTRAORDINARIA
53,138,2021-02-09,SESSAO EXTRAORDINARIA
53,139,2021-02-10,SESSAO EXTRAORDINARIA
53,140,2021-02-23,SESSAO EXTRAORDINARIA
53,141,2021-02-23,SESSAO EXTRAORDINARIA
53,142,2021-02-24,SESSAO EXTRAORDINARIA
53,143,2021-03-02,SESSAO EXTRAORDINARIA
53,144,2021-03-03,SESSAO EXTRAORDINARIA
53,145,2021-03-09,SESSAO EXTRAORDINARIA
53,146,2021-03-09,SESSAO EXTRAORDINARIA
53,147,2021-03-10,SESSAO EXTRAORDINARIA
53,148,2021-03-16,SESSAO EXTRAORDINARIA
53,149,2021-03-17,SESSAO EXTRAORDINARIA
53,150,2021-03-23,SESSAO EXTRAORDINARIA
53,151,2021-03-24,SESSAO EXTRAORDINARIA
53,152,2021-03-30,SESSAO EXTRAORDINARIA
53,153,2021-03-30,SESSAO EXTRAORDINARIA
53,154,2021-03-31,SESSAO EXTRAORDINARIA
53,155,2021-04-06,SESSAO EXTRAORDINARIA
53,156,2021-04-06,SESSAO EXTRAORDINARIA
53,157,2021-04-07,SESSAO EXTRAORDINARIA
53,158,2021-04-13,SESSAO EXTRAORDINARIA
53,159,2021-04-14,SESSAO EXTRAORDINARIA
53,160,2021-04-14,SESSAO EXTRAORDINARIA
53,161,2021-04-20,SESSAO EXTRAORDINARIA
53,162,2021-04-27,SESSAO EXTRAORDINARIA
53,163,2021-04-27,SESSAO EXTRAORDINARIA
53,164,2021-04-27,SESSAO EXTRAORDINARIA
53,165,2021-04-28,SESSAO EXTRAORDINARIA
53,166,2021-05-04,SESSAO EXTRAORDINARIA
53,167,2021-05-05,SESSAO EXTRAORDINARIA
53,168,2021-05-11,SESSAO EXTRAORDINARIA
53,169,2021-05-11,SESSAO EXTRAORDINARIA
53,170,2021-05-12,SESSAO EXTRAORDINARIA
53,171,2021-05-18,SESSAO EXTRAORDINARIA
53,172,2021-05-19,SESSAO EXTRAORDINARIA
53,173,2021-05-19,SESSAO EXTRAORDINARIA
53,174,2021-05-25,SESSAO EXTRAORDINARIA
53,175,2021-05-25,SESSAO EXTRAORDINARIA
53,176,2021-05-26,SESSAO EXTRAORDINARIA
53,177,2021-06-01,SESSAO EXTRAORDINARIA
53,178,2021-06-02,SESSAO EXTRAORDINARIA
53,179,2021-06-08,SESSAO EXTRAORDINARIA
53,180,2021-06-08,SESSAO EXTRAORDINARIA
53,181,2021-06-09,SESSAO EXTRAORDINARIA
53,182,2021-06-15,SESSAO EXTRAORDINARIA
53,183,2021-06-15,SESSAO EXTRAORDINARIA
53,184,2021-06-16,SESSAO EXTRAORDINARIA
53,190,2021-08-03,SESSAO ORDINARIA
53,192,2021-08-04,SESSAO ORDINARIA
53,193,2021-08-04,SESSAO EXTRAORDINARIA
53,194,2021-08-05,SESSAO ORDINARIA
53,195,2021-08-05,SESSAO ORDINARIA
53,196,2021-08-10,SESSAO ORDINARIA
53,197,2021-08-10,SESSAO EXTRAORDINARIA
53,198,2021-08-11,SESSAO ORDINARIA
53,199,2021-08-12,SESSAO ORDINARIA
53,200,2021-08-17,SESSAO ORDINARIA
53,201,2021-08-17,SESSAO EXTRAORDINARIA
53,202,2021-08-17,SESSAO EXTRAORDINARIA
53,203,2021-08-18,SESSAO ORDINARIA
53,204,2021-08-19,SESSAO ORDINARIA
53,205,2021-08-24,SESSAO ORDINARIA
53,206,2021-08-25,SESSAO ORDINARIA
53,207,2021-08-26,SESSAO ORDINARIA
53,209,2021-08-31,SESSAO EXTRAORDINARIA
53,210,2021-08-31,SESSAO EXTRAORDINARIA
53,211,2021-09-01,SESSAO ORDINARIA
53,212,2021-09-02,SESSAO ORDINARIA
53,225,2021-09-30,SESSAO ORDINARIA
53,231,2021-10-07,SESSAO ORDINARIA
53,242,2021-11-03,SESSAO EXTRAORDINARIA
53,243,2021-11-03,SESSAO EXTRAORDINARIA
53,257,2021-12-01,SESSAO ORDINARIA
53,258,2021-12-01,SESSAO EXTRAORDINARIA
53,259,2021-12-02,SESSAO EXTRAORDINARIA
53,260,2021-12-02,SESSAO ORDINARIA
53,272,2021-12-15,SESSAO ORDINARIA
53,274,2022-02-03,SESSAO ORDINARIA
53,284,2022-02-17,SESSAO ORDINARIA
53,289,2022-02-24,SESSAO ORDINARIA
53,292,2022-03-09,SESSAO ORDINARIA
53,293,2022-03-09,SESSAO EXTRAORDINARIA
53,294,2022-03-10,SESSAO ORDINARIA
53,295,2022-03-15,SESSAO EXTRAORDINARIA
53,296,2022-03-23,SESSAO EXTRAORDINARIA
53,297,2022-03-15,SESSAO ORDINARIA
53,298,2022-03-16,SESSAO ORDINARIA
53,299,2022-03-17,SESSAO ORDINARIA
53,300,2022-03-22,SESSAO ORDINARIA
53,301,2022-03-23,SESSAO ORDINARIA
53,302,2022-03-29,SESSAO EXTRAORDINARIA
53,303,2022-03-24,SESSAO ORDINARIA
53,304,2022-03-29,SESSAO ORDINARIA
53,305,2022-03-30,SESSAO ORDINARIA
53,306,2022-03-30,SESSAO EXTRAORDINARIA
53,307,2022-03-31,SESSAO EXTRAORDINARIA
53,308,2022-03-31,SESSAO ORDINARIA
53,309,2022-03-31,SESSAO EXTRAORDINARIA
53,310,2022-03-31,SESSAO EXTRAORDINARIA
53,311,2022-03-31,SESSAO EXTRAORDINARIA
53,312,2022-04-05,SESSAO ORDINARIA
53,313,2022-04-12,SESSAO EXTRAORDINARIA
53,314,2022-04-06,SESSAO ORDINARIA
53,315,2022-04-12,SESSAO EXTRAORDINARIA
53,316,2022-05-10,SESSAO EXTRAORDINARIA
53,317,2022-04-07,SESSAO ORDINARIA
53,318,2022-04-12,SESSAO ORDINARIA
53,319,2022-04-13,SESSAO ORDINARIA
53,320,2022-04-19,SESSAO ORDINARIA
53,321,2022-04-20,SESSAO ORDINARIA
53,322,2022-04-26,SESSAO ORDINARIA
53,323,2022-04-27,SESSAO ORDINARIA
53,324,2022-04-28,SESSAO ORDINARIA
53,325,2022-05-03,SESSAO ORDINARIA
53,326,2022-05-04,SESSAO ORDINARIA
53,327,2022-05-05,SESSAO ORDINARIA
53,328,2022-05-10,SESSAO ORDINARIA
53,329,2022-05-11,SESSAO ORDINARIA
53,330,2022-05-17,SESSAO EXTRAORDINARIA
53,331,2022-05-12,SESSAO ORDINARIA
53,332,2022-06-07,SESSAO EXTRAORDINARIA
53,333,2022-05-12,SESSAO ORDINARIA
53,334,2022-05-17,SESSAO ORDINARIA
53,335,2022-05-18,SESSAO ORDINARIA
53,336,2022-05-19,SESSAO ORDINARIA
53,337,2022-05-24,SESSAO ORDINARIA
53,338,2022-05-25,SESSAO ORDINARIA
53,339,2022-05-26,SESSAO ORDINARIA
53,340,2022-05-31,SESSAO ORDINARIA
53,341,2022-06-01,SESSAO ORDINARIA
53,342,2022-06-02,SESSAO ORDINARIA
53,343,2022-06-07,SESSAO ORDINARIA
53,344,2022-06-08,SESSAO ORDINARIA
53,345,2022-06-21,SESSAO EXTRAORDINARIA
53,346,2022-06-09,SESSAO ORDINARIA
53,347,2022-06-14,SESSAO ORDINARIA
53,348,2022-06-15,SESSAO ORDINARIA
53,349,2022-06-21,SESSAO ORDINARIA
53,350,2022-06-22,SESSAO ORDINARIA
53,351,2022-06-23,SESSAO ORDINARIA
53,352,2022-06-28,SESSAO ORDINARIA
53,353,2022-06-29,SESSAO EXTRAORDINARIA
53,354,2022-06-29,SESSAO ORDINARIA
53,355,2022-06-29,SESSAO EXTRAORDINARIA
53,356,2022-06-30,SESSAO ORDINARIA
53,357,2022-08-02,SESSAO ORDINARIA
53,358,2022-08-30,SESSAO EXTRAORDINARIA
53,359,2022-08-03,SESSAO ORDINARIA
53,360,2022-08-04,SESSAO ORDINARIA
53,361,2022-08-09,SESSAO ORDINARIA
53,362,2022-08-10,SESSAO ORDINARIA
53,363,2022-08-11,SESSAO ORDINARIA
53,364,2022-08-16,SESSAO ORDINARIA
53,365,2022-08-17,SESSAO ORDINARIA
53,366,2022-08-18,SESSAO ORDINARIA
53,367,2022-08-23,SESSAO ORDINARIA
53,368,2022-08-24,SESSAO ORDINARIA
53,369,2022-08-25,SESSAO ORDINARIA
53,370,2022-08-30,SESSAO ORDINARIA
53,371,2022-08-31,SESSAO ORDINARIA
53,372,2022-09-13,SESSAO EXTRAORDINARIA
53,373,2022-09-01,SESSAO ORDINARIA
53,374,2022-09-08,SESSAO ORDINARIA
53,375,2022-09-13,SESSAO ORDINARIA
53,376,2022-09-14,SESSAO ORDINARIA
53,377,2022-09-15,SESSAO ORDINARIA
53,378,2022-09-20,SESSAO ORDINARIA
53,379,2022-10-25,SESSAO EXTRAORDINARIA
53,380,2022-09-21,SESSAO ORDINARIA
53,381,2022-09-22,SESSAO ORDINARIA
53,382,2022-09-27,SESSAO ORDINARIA
53,383,2022-09-28,SESSAO ORDINARIA
53,384,2022-09-29,SESSAO ORDINARIA
53,385,2022-10-04,SESSAO ORDINARIA
53,386,2022-10-05,SESSAO ORDINARIA
53,387,2022-10-06,SESSAO ORDINARIA
53,388,2022-10-11,SESSAO ORDINARIA
53,389,2022-10-13,SESSAO ORDINARIA
53,390,2022-10-18,SESSAO ORDINARIA
53,391,2022-10-19,SESSAO ORDINARIA
53,392,2022-10-20,SESSAO ORDINARIA
53,393,2022-10-25,SESSAO ORDINARIA
53,394,2022-10-25,SESSAO EXTRAORDINARIA
53,395,2022-10-26,SESSAO ORDINARIA
53,396,2022-10-27,SESSAO ORDINARIA
53,397,2022-11-03,SESSAO ORDINARIA
53,398,2022-11-08,SESSAO ORDINARIA
53,399,2022-11-08,SESSAO EXTRAORDINARIA
53,400,2022-11-09,SESSAO ORDINARIA
53,401,2022-11-22,SESSAO EXTRAORDINARIA
53,402,2022-11-10,SESSAO ORDINARIA
53,403,2022-12-06,SESSAO EXTRAORDINARIA
53,404,2022-11-16,SESSAO ORDINARIA
53,405,2022-11-17,SESSAO ORDINARIA
53,406,2022-11-22,SESSAO ORDINARIA
53,407,2022-11-23,SESSAO ORDINARIA
53,408,2022-11-29,SESSAO ORDINARIA
53,409,2022-12-01,SESSAO ORDINARIA
53,410,2022-12-06,SESSAO ORDINARIA
53,411,2022-12-07,SESSAO ORDINARIA
53,412,2022-12-07,SESSAO EXTRAORDINARIA
53,413,2022-12-08,SESSAO ORDINARIA
53,414,2022-12-13,SESSAO ORDINARIA
53,415,2022-12-13,SESSAO EXTRAORDINARIA
53,416,2022-12-14,SESSAO ORDINARIA
53,417,2022-12-15,SESSAO ORDINARIA
53,418,2023-02-01,SESSAO ORDINARIA
53,419,2023-02-02,SESSAO ORDINARIA
53,420,2023-02-07,SESSAO ORDINARIA
53,421,2023-02-08,SESSAO ORDINARIA
53,422,2023-02-14,SESSAO EXTRAORDINARIA
53,423,2023-02-09,SESSAO ORDINARIA
53,424,2023-02-16,SESSAO EXTRAORDINARIA
53,425,2023-02-14,SESSAO ORDINARIA
53,426,2023-02-15,SESSAO ORDINARIA
53,427,2023-02-16,SESSAO ORDINARIA
53,428,2023-02-23,SESSAO ORDINARIA
53,429,2023-02-28,SESSAO ORDINARIA
53,430,2023-03-01,SESSAO ORDINARIA
53,431,2023-03-21,SESSAO EXTRAORDINARIA
53,432,2023-03-02,SESSAO ORDINARIA
53,433,2023-03-07,SESSAO ORDINARIA
53,434,2023-03-08,SESSAO ORDINARIA
53,435,2023-03-09,SESSAO ORDINARIA
53,436,2023-03-14,SESSAO ORDINARIA
53,437,2023-03-15,SESSAO ORDINARIA
53,438,2023-03-16,SESSAO ORDINARIA
53,439,2023-03-21,SESSAO ORDINARIA
53,440,2023-03-22,SESSAO ORDINARIA
53,441,2023-03-23,SESSAO ORDINARIA
53,442,2023-03-21,SESSAO EXTRAORDINARIA
53,443,2023-04-04,SESSAO EXTRAORDINARIA
53,444,2023-03-28,SESSAO ORDINARIA
53,445,2023-03-29,SESSAO ORDINARIA
53,446,2023-03-30,SESSAO ORDINARIA
53,447,2023-04-04,SESSAO ORDINARIA
53,448,2023-04-05,SESSAO ORDINARIA
53,449,2023-04-11,SESSAO EXTRAORDINARIA
53,450,2023-04-11,SESSAO ORDINARIA
53,451,2023-04-12,SESSAO ORDINARIA
53,452,2023-04-13,SESSAO ORDINARIA
53,453,2023-04-18,SESSAO ORDINARIA
53,454,2023-04-19,SESSAO ORDINARIA
53,455,2023-04-20,SESSAO ORDINARIA
53,456,2023-04-25,SESSAO ORDINARIA
53,457,2023-04-26,SESSAO ORDINARIA
53,458,2023-04-27,SESSAO ORDINARIA
53,459,2023-05-02,SESSAO ORDINARIA
53,460,2023-05-03,SESSAO ORDINARIA
53,461,2023-05-04,SESSAO ORDINARIA
53,462,2023-05-09,SESSAO EXTRAORDINARIA
53,463,2023-05-09,SESSAO ORDINARIA
53,464,2023-05-10,SESSAO ORDINARIA
53,465,2023-05-11,SESSAO ORDINARIA
53,466,2023-05-16,SESSAO EXTRAORDINARIA
53,467,2023-05-16,SESSAO ORDINARIA
53,468,2023-05-17,SESSAO ORDINARIA
53,469,2023-05-18,SESSAO ORDINARIA
53,470,2023-05-23,SESSAO ORDINARIA
53,471,2023-05-24,SESSAO ORDINARIA
53,472,2023-05-25,SESSAO ORDINARIA
53,473,2023-05-30,SESSAO ORDINARIA
53,474,2023-05-31,SESSAO EXTRAORDINARIA
53,475,2023-05-31,SESSAO ORDINARIA
53,476,2023-06-01,SESSAO ORDINARIA
53,477,2023-06-06,SESSAO ORDINARIA
53,478,2023-06-07,SESSAO ORDINARIA
53,479,2023-06-13,SESSAO ORDINARIA
53,480,2023-06-14,SESSAO ORDINARIA
53,481,2023-06-20,SESSAO EXTRAORDINARIA
53,482,2023-06-20,SESSAO ORDINARIA
53,483,2023-06-21,SESSAO ORDINARIA
53,484,2023-06-22,SESSAO ORDINARIA
53,485,2023-06-27,SESSAO EXTRAORDINARIA
53,486,2023-06-27,SESSAO ORDINARIA
53,487,2023-08-01,SESSAO ORDINARIA
53,488,2023-08-02,SESSAO ORDINARIA
53,489,2023-08-03,SESSAO ORDINARIA
53,490,2023-08-08,SESSAO ORDINARIA
53,491,2023-08-09,SESSAO ORDINARIA
53,492,2023-08-10,SESSAO ORDINARIA
53,493,2023-08-15,SESSAO ORDINARIA
53,494,2023-08-15,SESSAO EXTRAORDINARIA
53,495,2023-08-16,SESSAO ORDINARIA
53,496,2023-08-22,SESSAO ORDINARIA
53,497,2023-08-22,SESSAO EXTRAORDINARIA
53,498,2023-08-23,SESSAO ORDINARIA
53,499,2023-08-24,SESSAO ORDINARIA
53,500,2023-08-29,SESSAO ORDINARIA
53,501,2023-08-29,SESSAO EXTRAORDINARIA
53,502,2023-08-29,SESSAO EXTRAORDINARIA
53,503,2023-08-30,SESSAO ORDINARIA
53,504,2023-08-31,SESSAO ORDINARIA
53,505,2023-09-05,SESSAO ORDINARIA
53,506,2023-09-12,SESSAO ORDINARIA
53,507,2023-09-13,SESSAO ORDINARIA
53,508,2023-09-19,SESSAO EXTRAORDINARIA
53,509,2023-09-19,SESSAO ORDINARIA
53,510,2023-09-20,SESSAO ORDINARIA
53,511,2023-09-21,SESSAO ORDINARIA
53,512,2023-09-26,SESSAO EXTRAORDINARIA
53,513,2023-09-26,SESSAO ORDINARIA
53,514,2023-09-27,SESSAO ORDINARIA
53,515,2023-09-28,SESSAO ORDINARIA
53,516,2023-10-03,SESSAO EXTRAORDINARIA
53,517,2023-10-03,SESSAO ORDINARIA
53,518,2023-10-04,SESSAO ORDINARIA
53,519,2023-10-05,SESSAO ORDINARIA
53,520,2023-10-10,SESSAO ORDINARIA
53,521,2023-10-10,SESSAO EXTRAORDINARIA
53,522,2023-10-11,SESSAO ORDINARIA
53,523,2023-10-17,SESSAO EXTRAORDINARIA
53,524,2023-10-17,SESSAO ORDINARIA
53,525,2023-10-18,SESSAO ORDINARIA
53,526,2023-10-19,SESSAO ORDINARIA
53,527,2023-10-24,SESSAO EXTRAORDINARIA
53,528,2023-10-24,SESSAO ORDINARIA
53,529,2023-10-25,SESSAO ORDINARIA
53,530,2023-10-31,SESSAO ORDINARIA
53,531,2023-10-31,SESSAO EXTRAORDINARIA
53,532,2023-11-01,SESSAO ORDINARIA
53,533,2023-11-07,SESSAO ORDINARIA
53,534,2023-11-07,SESSAO EXTRAORDINARIA
53,535,2023-11-08,SESSAO ORDINARIA
53,536,2023-11-09,SESSAO ORDINARIA
53,537,2023-11-14,SESSAO EXTRAORDINARIA
53,538,2023-11-14,SESSAO ORDINARIA
53,539,2023-11-16,SESSAO ORDINARIA
53,540,2023-11-21,SESSAO ORDINARIA
53,541,2023-11-21,SESSAO EXTRAORDINARIA
53,542,2023-11-21,SESSAO EXTRAORDINARIA
53,543,2023-11-22,SESSAO ORDINARIA
53,544,2023-11-23,SESSAO ORDINARIA
53,545,2023-11-28,SESSAO EXTRAORDINARIA
53,546,2023-11-28,SESSAO ORDINARIA
53,547,2023-11-28,SESSAO EXTRAORDINARIA
53,548,2023-12-05,SESSAO ORDINARIA
53,549,2023-12-05,SESSAO EXTRAORDINARIA
53,550,2023-12-06,SESSAO ORDINARIA
53,551,2023-12-07,SESSAO ORDINARIA
53,552,2023-12-12,SESSAO EXTRAORDINARIA
53,553,2023-12-12,SESSAO ORDINARIA
53,554,2023-12-13,SESSAO ORDINARIA
53,555,2023-12-13,SESSAO EXTRAORDINARIA
53,556,2023-12-13,SESSAO EXTRAORDINARIA
53,557,2024-02-01,SESSAO ORDINARIA
53,558,2024-02-01,SESSAO EXTRAORDINARIA
53,559,2024-02-01,SESSAO EXTRAORDINARIA
53,560,2024-02-06,SESSAO EXTRAORDINARIA
53,561,2024-02-06,SESSAO ORDINARIA
53,562,2024-02-07,SESSAO ORDINARIA
53,563,2024-02-08,SESSAO ORDINARIA
53,564,2024-02-15,SESSAO ORDINARIA
53,565,2024-02-20,SESSAO EXTRAORDINARIA
53,566,2024-02-20,SESSAO ORDINARIA
53,567,2024-02-21,SESSAO ORDINARIA
53,568,2024-02-22,SESSAO ORDINARIA
53,569,2024-02-27,SESSAO EXTRAORDINARIA
53,570,2024-02-27,SESSAO ORDINARIA
53,571,2024-02-27,SESSAO EXTRAORDINARIA
53,572,2024-02-27,SESSAO EXTRAORDINARIA
53,573,2024-02-28,SESSAO ORDINARIA
53,574,2024-02-29,SESSAO ORDINARIA
53,575,2024-03-05,SESSAO EXTRAORDINARIA
53,576,2024-03-05,SESSAO ORDINARIA
53,577,2024-03-06,SESSAO ORDINARIA
53,578,2024-03-07,SESSAO ORDINARIA
53,579,2024-03-13,SESSAO ORDINARIA
53,580,2024-03-14,SESSAO ORDINARIA
53,581,2024-03-19,SESSAO EXTRAORDINARIA
53,582,2024-03-19,SESSAO ORDINARIA
53,583,2024-03-20,SESSAO ORDINARIA
53,584,2024-03-21,SESSAO ORDINARIA
53,585,2024-03-26,SESSAO EXTRAORDINARIA
53,586,2024-03-26,SESSAO ORDINARIA
53,587,2024-03-27,SESSAO ORDINARIA
53,588,2024-04-02,SESSAO EXTRAORDINARIA
53,589,2024-04-02,SESSAO ORDINARIA
53,590,2024-04-03,SESSAO ORDINARIA
53,591,2024-04-04,SESSAO ORDINARIA
53,592,2024-04-23,SESSAO ORDINARIA
53,593,2024-04-09,SESSAO EXTRAORDINARIA
53,594,2024-04-09,SESSAO ORDINARIA
53,595,2024-04-10,SESSAO ORDINARIA
53,596,2024-04-09,SESSAO EXTRAORDINARIA
53,597,2024-04-11,SESSAO ORDINARIA
53,598,2024-04-23,SESSAO EXTRAORDINARIA
53,599,2024-05-07,SESSAO EXTRAORDINARIA
53,600,2024-04-16,SESSAO ORDINARIA
53,601,2024-04-17,SESSAO ORDINARIA
53,602,2024-04-18,SESSAO ORDINARIA
53,603,2024-04-24,SESSAO ORDINARIA
53,604,2024-04-25,SESSAO ORDINARIA
53,605,2024-05-21,SESSAO EXTRAORDINARIA
53,606,2024-04-30,SESSAO ORDINARIA
53,607,2024-05-02,SESSAO ORDINARIA
53,608,2024-05-07,SESSAO ORDINARIA
53,609,2024-05-08,SESSAO ORDINARIA
53,610,2024-05-09,SESSAO ORDINARIA
53,611,2024-05-28,SESSAO EXTRAORDINARIA
53,612,2024-05-14,SESSAO ORDINARIA
53,613,2024-05-15,SESSAO ORDINARIA
53,614,2024-05-16,SESSAO ORDINARIA
53,615,2024-05-21,SESSAO ORDINARIA
53,616,2024-05-22,SESSAO ORDINARIA
53,617,2024-05-23,SESSAO ORDINARIA
53,618,2024-05-28,SESSAO ORDINARIA
53,619,2024-06-04,SESSAO EXTRAORDINARIA
53,620,2024-05-29,SESSAO ORDINARIA
53,621,2024-06-04,SESSAO EXTRAORDINARIA
53,622,2024-06-04,SESSAO ORDINARIA
53,623,2024-06-05,SESSAO ORDINARIA
53,624,2024-06-11,SESSAO EXTRAORDINARIA
53,625,2024-06-18,SESSAO EXTRAORDINARIA
53,626,2024-06-06,SESSAO ORDINARIA
53,627,2024-06-11,SESSAO ORDINARIA
53,628,2024-06-12,SESSAO ORDINARIA
53,629,2024-06-13,SESSAO ORDINARIA
53,630,2024-06-18,SESSAO ORDINARIA
53,631,2024-06-19,SESSAO ORDINARIA
53,632,2024-06-20,SESSAO ORDINARIA
53,633,2024-06-18,SESSAO EXTRAORDINARIA
53,634,2024-06-19,SESSAO EXTRAORDINARIA
53,635,2024-06-25,SESSAO EXTRAORDINARIA
53,636,2024-06-25,SESSAO ORDINARIA
53,637,2024-08-01,SESSAO ORDINARIA
53,638,2024-08-06,SESSAO ORDINARIA
53,639,2024-08-07,SESSAO EXTRAORDINARIA
53,640,2024-08-07,SESSAO EXTRAORDINARIA
53,641,2024-08-07,SESSAO ORDINARIA
53,642,2024-08-07,SESSAO EXTRAORDINARIA
53,643,2024-08-08,SESSAO ORDINARIA
53,644,2024-08-14,SESSAO ORDINARIA
53,645,2024-08-15,SESSAO ORDINARIA
53,646,2024-08-14,SESSAO EXTRAORDINARIA
53,647,2024-08-20,SESSAO ORDINARIA
53,648,2024-08-21,SESSAO ORDINARIA
53,649,2024-08-27,SESSAO ORDINARIA
53,650,2024-08-28,SESSAO ORDINARIA
53,651,2024-08-29,SESSAO ORDINARIA
53,652,2024-09-03,SESSAO EXTRAORDINARIA
53,653,2024-09-03,SESSAO ORDINARIA
53,654,2024-09-04,SESSAO ORDINARIA
53,655,2024-09-05,SESSAO ORDINARIA
53,656,2024-09-10,SESSAO EXTRAORDINARIA
53,657,2024-09-10,SESSAO ORDINARIA
53,658,2024-09-11,SESSAO ORDINARIA
53,659,2024-09-12,SESSAO ORDINARIA
53,660,2024-09-17,SESSAO ORDINARIA
53,661,2024-09-17,SESSAO EXTRAORDINARIA
53,662,2024-09-18,SESSAO ORDINARIA
53,663,2024-09-19,SESSAO ORDINARIA
53,664,2024-09-24,SESSAO EXTRAORDINARIA
53,665,2024-09-24,SESSAO ORDINARIA
53,666,2024-09-25,SESSAO ORDINARIA
53,667,2024-09-26,SESSAO ORDINARIA
53,668,2024-08-27,SESSAO EXTRAORDINARIA
53,669,2024-10-01,SESSAO EXTRAORDINARIA
53,670,2024-10-01,SESSAO ORDINARIA
53,671,2024-10-02,SESSAO ORDINARIA
53,672,2024-10-03,SESSAO ORDINARIA
53,673,2024-10-08,SESSAO EXTRAORDINARIA
53,674,2024-10-08,SESSAO ORDINARIA
53,675,2024-10-09,SESSAO ORDINARIA
53,676,2024-10-10,SESSAO ORDINARIA
53,677,2024-10-15,SESSAO ORDINARIA
53,678,2024-10-16,SESSAO ORDINARIA
53,679,2024-10-17,SESSAO ORDINARIA
53,680,2024-10-22,SESSAO EXTRAORDINARIA
53,681,2024-10-22,SESSAO ORDINARIA
53,682,2024-10-23,SESSAO ORDINARIA
53,683,2024-10-24,SESSAO ORDINARIA
53,684,2024-10-29,SESSAO EXTRAORDINARIA
53,685,2024-10-29,SESSAO ORDINARIA
53,686,2024-10-30,SESSAO ORDINARIA
53,687,2024-10-30,SESSAO EXTRAORDINARIA
53,688,2024-10-31,SESSAO ORDINARIA
53,689,2024-11-05,SESSAO ORDINARIA
53,690,2024-11-05,SESSAO EXTRAORDINARIA
53,691,2024-11-06,SESSAO ORDINARIA
53,692,2024-11-07,SESSAO ORDINARIA
53,693,2024-11-12,SESSAO EXTRAORDINARIA
53,694,2024-11-12,SESSAO ORDINARIA
53,1693,2024-11-13,SESSAO ORDINARIA
53,1694,2024-11-14,SESSAO ORDINARIA
53,1695,2024-11-19,SESSAO ORDINARIA
53,1696,2024-11-26,SESSAO EXTRAORDINARIA
53,1697,2024-11-26,SESSAO ORDINARIA
53,1698,2024-11-26,SESSAO EXTRAORDINARIA
53,1699,2024-11-27,SESSAO ORDINARIA
53,1700,2024-11-27,SESSAO EXTRAORDINARIA
53,1701,2024-11-28,SESSAO ORDINARIA
53,1702,2024-12-03,SESSAO ORDINARIA
53,1703,2024-12-03,SESSAO EXTRAORDINARIA
53,1704,2024-12-04,SESSAO EXTRAORDINARIA
53,1705,2024-12-04,SESSAO ORDINARIA
53,1706,2024-12-10,SESSAO EXTRAORDINARIA
53,1707,2024-12-10,SESSAO ORDINARIA
53,1708,2024-12-10,SESSAO EXTRAORDINARIA
53,1709,2024-03-12,SESSAO EXTRAORDINARIA
53,1710,2024-03-12,SESSAO EXTRAORDINARIA
53,1711,2024-03-12,SESSAO ORDINARIA
53,1713,2025-02-11,ORDINARIA
53,1715,2025-02-12,ORDINARIA
53,1716,2025-02-13,ORDINARIA
53,1717,2025-02-18,ORDINARIA
53,1719,2025-02-19,ORDINARIA
53,1720,2025-02-25,ORDINARIA
53,1721,2025-02-20,ORDINARIA
53,1724,2025-02-26,ORDINARIA
53,1727,2025-02-27,ORDINARIA
53,1730,2025-03-06,ORDINARIA
53,1733,2025-03-11,ORDINARIA
53,1734,2025-03-11,EXTRAORDINARIA
53,1736,2025-03-12,ORDINARIA
53,1739,2025-03-13,ORDINARIA
53,1740,2025-03-18,EXTRAORDINARIA
53,1741,2025-03-18,ORDINARIA
53,1742,2025-03-18,EXTRAORDINARIA
53,1743,2025-03-18,EXTRAORDINARIA
53,1744,2025-03-19,ORDINARIA
53,1746,2025-03-20,ORDINARIA
53,1752,2025-03-25,ORDINARIA
53,1754,2025-03-25,EXTRAORDINARIA
53,1755,2025-03-26,ORDINARIA
53,1756,2025-04-02,EXTRAORDINARIA
53,1757,2025-03-27,ORDINARIA
53,1759,2025-04-01,ORDINARIA
53,1762,2025-04-02,ORDINARIA
53,1763,2025-04-03,ORDINARIA
53,1765,2025-04-03,ORDINARIA
53,1769,2025-04-08,ORDINARIA
53,1770,2025-04-08,EXTRAORDINARIA
53,1773,2025-04-09,ORDINARIA
53,1775,2025-04-10,ORDINARIA
53,1776,2025-04-10,ORDINARIA
53,1780,2025-04-15,ORDINARIA
53,1783,2025-04-16,ORDINARIA
53,1785,2025-04-22,ORDINARIA
53,1786,2025-04-23,ORDINARIA
53,1788,2025-04-24,ORDINARIA
53,1789,2025-04-24,ORDINARIA
53,1790,2025-04-29,ORDINARIA
53,1792,2025-04-30,ORDINARIA
53,1794,2025-05-06,ORDINARIA
53,1795,2025-05-06,EXTRAORDINARIA
53,1796,2025-05-07,ORDINARIA
53,1797,2025-05-13,EXTRAORDINARIA
53,1798,2025-05-08,ORDINARIA
53,1799,2025-05-08,ORDINARIA
53,1802,2025-05-13,ORDINARIA
53,1803,2025-05-20,EXTRAORDINARIA
53,1805,2025-05-14,ORDINARIA
53,1807,2025-05-27,EXTRAORDINARIA
53,1813,2025-05-20,ORDINARIA
53,1817,2025-05-21,ORDINARIA
53,1819,2025-05-22,ORDINARIA
53,1820,2025-05-27,ORDINARIA
53,1825,2025-05-27,EXTRAORDINARIA
53,1827,2025-05-28,ORDINARIA
53,1829,2025-05-29,ORDINARIA
53,1830,2025-05-29,ORDINARIA
53,1833,2025-06-03,ORDINARIA
53,1834,2025-06-17,EXTRAORDINARIA
53,1836,2025-06-04,ORDINARIA
53,1838,2025-06-05,ORDINARIA
53,1842,2025-06-10,ORDINARIA
53,1844,2025-06-11,ORDINARIA
53,1846,2025-06-12,ORDINARIA
53,1847,2025-06-12,ORDINARIA
53,1848,2025-06-17,ORDINARIA
53,1851,2025-06-17,EXTRAORDINARIA
53,1854,2025-06-18,ORDINARIA
53,1856,2025-06-24,ORDINARIA
53,1858,2025-06-24,EXTRAORDINARIA
53,1859,2025-08-07,EXTRAORDINARIA
53,1862,2025-06-25,ORDINARIA
53,1864,2025-06-26,ORDINARIA
53,1865,2025-06-26,ORDINARIA
53,1870,2025-08-05,ORDINARIA
53,1873,2025-08-06,ORDINARIA
53,1875,2025-08-07,ORDINARIA
53,1876,2025-08-07,EXTRAORDINARIA
53,1879,2025-08-12,ORDINARIA
53,1880,2025-08-12,EXTRAORDINARIA
53,1882,2025-08-13,ORDINARIA
53,1884,2025-08-14,ORDINARIA
53,1885,2025-08-14,ORDINARIA
53,1891,2025-08-19,ORDINARIA
53,1892,2025-08-19,EXTRAORDINARIA
53,1895,2025-08-20,ORDINARIA
53,1896,2025-08-26,EXTRAORDINARIA
53,1897,2025-08-21,SOLENE
53,1899,2025-08-22,SOLENE
53,1903,2025-08-26,ORDINARIA
53,1904,2025-08-27,ORDINARIA
53,1905,2025-09-09,EXTRAORDINARIA
53,1906,2025-08-28,ORDINARIA
53,1907,2025-08-28,ORDINARIA
53,1911,2025-09-02,ORDINARIA
53,1913,2025-09-03,ORDINARIA
53,1914,2025-09-04,ORDINARIA
53,1915,2025-09-04,ORDINARIA
53,1916,2025-09-09,ORDINARIA
53,1917,2025-09-10,ORDINARIA
53,1919,2025-09-11,ORDINARIA
53,1920,2025-09-11,ORDINARIA
53,1927,2025-09-16,ORDINARIA
53,1928,2025-09-16,EXTRAORDINARIA
53,1929,2025-09-23,EXTRAORDINARIA
53,1930,2025-09-17,ORDINARIA
53,1932,2025-09-18,ORDINARIA
53,1933,2025-09-18,ORDINARIA
53,1939,2025-09-23,ORDINARIA
53,1941,2025-09-24,ORDINARIA
53,1944,2025-09-25,ORDINARIA
53,1945,2025-09-25,ORDINARIA
53,1950,2025-09-30,ORDINARIA
53,1951,2025-09-30,EXTRAORDINARIA
53,1954,2025-10-01,ORDINARIA
53,1956,2025-10-02,ORDINARIA
53,1963,2025-10-07,ORDINARIA
53,1964,2025-10-08,EXTRAORDINARIA
53,1966,2025-10-08,ORDINARIA
53,1967,2025-10-09,ORDINARIA
53,1968,2025-10-09,ORDINARIA
53,1974,2025-10-14,ORDINARIA
53,1975,2025-10-15,EXTRAORDINARIA
53,1977,2025-10-15,ORDINARIA
53,1979,2025-10-16,ORDINARIA
53,1985,2025-10-21,ORDINARIA
53,1986,2025-10-21,EXTRAORDINARIA
53,1988,2025-10-22,ORDINARIA
53,1989,2025-11-04,EXTRAORDINARIA
53,1990,2025-10-23,ORDINARIA
53,1992,2025-10-29,ORDINARIA
53,1994,2025-10-30,ORDINARIA
53,1995,2025-10-30,ORDINARIA
53,2000,2025-11-04,ORDINARIA
53,2003,2025-11-05,ORDINARIA
53,2004,2025-11-11,EXTRAORDINARIA
53,2006,2025-11-06,ORDINARIA
53,2013,2025-11-11,ORDINARIA
53,2014,2025-11-11,EXTRAORDINARIA
53,2015,2025-11-11,EXTRAORDINARIA
53,2018,2025-11-12,ORDINARIA
53,2020,2025-11-13,ORDINARIA
53,2027,2025-11-18,ORDINARIA
53,2028,2025-11-25,EXTRAORDINARIA
53,2030,2025-11-19,ORDINARIA
53,2034,2025-11-25,ORDINARIA
53,2035,2025-11-26,EXTRAORDINARIA
53,2037,2025-11-26,ORDINARIA
53,2038,2025-11-26,EXTRAORDINARIA
53,2039,2025-11-27,ORDINARIA
53,2040,2025-11-27,ORDINARIA
53,2045,2025-12-02,ORDINARIA
53,2046,2025-12-02,EXTRAORDINARIA
53,2047,2025-12-03,EXTRAORDINARIA
53,2050,2025-12-03,ORDINARIA
53,2053,2025-12-04,ORDINARIA
53,2057,2025-12-09,ORDINARIA
53,2058,2025-12-09,EXTRAORDINARIA
53,2060,2025-12-10,EXTRAORDINARIA
53,2061,2025-12-10,EXTRAORDINARIA
53,2062,2025-12-10,EXTRAORDINARIA
53,2065,2025-12-15,ORDINARIA
53,2066,2025-12-23,EXTRAORDINARIA
53,2067,2025-12-23,EXTRAORDINARIA
53,2069,2026-02-03,ORDINARIA
53,2070,2026-02-04,ORDINARIA
53,2072,2026-02-05,ORDINARIA
53,2074,2026-02-10,ORDINARIA
53,2075,2026-02-10,EXTRAORDINARIA
53,2078,2026-02-11,ORDINARIA
53,2079,2026-03-03,EXTRAORDINARIA
53,2081,2026-02-12,ORDINARIA
53,2082,2026-02-19,ORDINARIA
53,2084,2026-02-24,ORDINARIA
53,2085,2026-02-25,ORDINARIA
53,2088,2026-02-26,ORDINARIA
53,2092,2026-03-03,ORDINARIA
53,2093,2026-03-04,ORDINARIA
53,2096,2026-03-05,SOLENE
53,2101,2026-03-31,EXTRAORDINARIA
53,2102,2026-03-31,EXTRAORDINARIA
53,2103,2026-04-01,ORDINARIA
53,2106,2026-04-07,ORDINARIA
53,2107,2026-04-08,EXTRAORDINARIA
53,2108,2026-04-08,ORDINARIA
53,2109,2026-04-09,ORDINARIA
53,2112,2026-04-14,ORDINARIA
53,2113,2026-04-14,EXTRAORDINARIA
53,2114,2026-04-15,ORDINARIA
53,2115,2026-04-29,EXTRAORDINARIA
53,2116,2026-04-16,ORDINARIA
53,2118,2026-04-22,ORDINARIA
53,2119,2026-04-23,ORDINARIA
53,2122,2026-04-28,ORDINARIA
53,2125,2026-04-29,ORDINARIA
53,2126,2026-03-17,ORDINARIA
53,2127,2026-03-18,ORDINARIA
53,2128,2026-03-25,EXTRAORDINARIA
53,2131,2026-03-19,ORDINARIA
53,2136,2026-03-24,ORDINARIA
53,2138,2026-03-25,ORDINARIA
53,2139,2026-03-25,EXTRAORDINARIA
53,2141,2026-03-26,ORDINARIA
53,2143,2026-03-31,ORDINARIA
53,2145,2026-04-30,ORDINARIA
53,2148,2026-05-05,ORDINARIA
53,2149,2026-05-12,EXTRAORDINARIA
53,2150,2026-05-06,ORDINARIA
53,2152,2026-05-07,ORDINARIA
53,2159,2026-05-12,ORDINARIA
53,2161,2026-05-13,ORDINARIA
53,2163,2026-05-14,ORDINARIA
53,2170,2026-05-19,ORDINARIA
53,2171,2026-03-10,ORDINARIA
53,2172,2026-03-17,EXTRAORDINARIA
53,2173,2026-03-11,ORDINARIA
53,2176,2026-03-12,ORDINARIA
53,2183,2026-05-19,EXTRAORDINARIA
53,2185,2026-05-20,ORDINARIA
53,2186,2026-06-09,EXTRAORDINARIA
53,2188,2026-05-21,ORDINARIA
53,2191,2026-05-26,ORDINARIA
53,2192,2026-05-27,ORDINARIA
53,2193,2026-05-28,ORDINARIA
53,2199,2026-06-02,ORDINARIA
53,2200,2026-06-03,ORDINARIA
53,2203,2026-06-09,ORDINARIA
53,2204,2026-06-10,ORDINARIA
53,2205,2026-06-11,ORDINARIA
53,2213,2026-06-23,ORDINARIA
53,2218,2026-06-30,ORDINARIA
53,2219,2026-06-30,EXTRAORDINARIA
53,2220,2026-06-30,EXTRAORDINARIA
53,2225,2026-08-04,ORDINARIA
53,2228,2026-08-05,ORDINARIA
53,2229,2026-08-06,ORDINARIA
53,2233,2026-06-16,ORDINARIA
53,2234,2026-06-16,EXTRAORDINARIA
53,2235,2026-06-30,EXTRAORDINARIA
53,2237,2026-06-17,ORDINARIA
53,2239,2026-06-18,ORDINARIA
53,2241,2026-08-11,ORDINARIA
53,2244,2026-08-12,ORDINARIA
53,2245,2026-08-13,ORDINARIA
53,2250,2026-08-18,ORDINARIA
53,2253,2026-08-19,ORDINARIA
53,2255,2026-08-20,ORDINARIA
53,2258,2026-08-25,ORDINARIA
54,4,2020-02-04,SESSAO ORDINARIA
54,5,2020-02-05,SESSAO ORDINARIA
54,6,2020-02-11,SESSAO ORDINARIA
54,7,2020-02-11,SESSAO EXTRAORDINARIA
54,8,2020-02-12,SESSAO ORDINARIA
54,9,2020-02-13,SESSAO ORDINARIA
54,10,2020-02-18,SESSAO ORDINARIA
54,11,2020-02-19,SESSAO ORDINARIA
54,12,2020-02-20,SESSAO ORDINARIA
54,13,2020-02-27,SESSAO ORDINARIA
54,14,2020-03-03,SESSAO ORDINARIA
54,15,2020-03-04,SESSAO ORDINARIA
54,16,2020-03-05,SESSAO ORDINARIA
54,17,2020-03-10,SESSAO ORDINARIA
54,18,2020-03-11,SESSAO ORDINARIA
54,19,2020-03-11,SESSAO EXTRAORDINARIA
54,20,2020-03-12,SESSAO ORDINARIA
54,21,2020-03-16,SESSAO EXTRAORDINARIA
54,22,2020-03-16,SESSAO EXTRAORDINARIA
54,23,2020-03-17,SESSAO ORDINARIA
54,24,2020-03-17,SESSAO EXTRAORDINARIA
54,25,2020-03-24,SESSAO EXTRAORDINARIA
54,26,2020-03-24,SESSAO EXTRAORDINARIA
54,27,2020-03-25,SESSAO EXTRAORDINARIA
54,28,2020-03-25,SESSAO EXTRAORDINARIA
54,29,2020-03-25,SESSAO EXTRAORDINARIA
54,30,2020-03-25,SESSAO EXTRAORDINARIA
54,31,2020-03-31,SESSAO EXTRAORDINARIA
54,32,2020-03-31,SESSAO EXTRAORDINARIA
54,33,2020-03-31,SESSAO EXTRAORDINARIA
54,34,2020-04-07,SESSAO EXTRAORDINARIA
54,35,2020-04-01,SESSAO EXTRAORDINARIA
54,36,2020-04-01,SESSAO EXTRAORDINARIA
54,37,2020-04-07,SESSAO EXTRAORDINARIA
54,38,2020-04-08,SESSAO EXTRAORDINARIA
54,39,2020-04-14,SESSAO EXTRAORDINARIA
54,40,2020-04-14,SESSAO EXTRAORDINARIA
54,41,2020-04-14,SESSAO EXTRAORDINARIA
54,42,2020-04-15,SESSAO EXTRAORDINARIA
54,43,2020-04-15,SESSAO EXTRAORDINARIA
54,44,2020-04-22,SESSAO EXTRAORDINARIA
54,45,2020-04-22,SESSAO EXTRAORDINARIA
54,46,2020-04-22,SESSAO EXTRAORDINARIA
54,47,2020-04-22,SESSAO EXTRAORDINARIA
54,48,2020-04-28,SESSAO EXTRAORDINARIA
54,49,2020-04-28,SESSAO EXTRAORDINARIA
54,50,2020-04-29,SESSAO EXTRAORDINARIA
54,51,2020-04-29,SESSAO EXTRAORDINARIA
54,52,2020-05-05,SESSAO EXTRAORDINARIA
54,53,2020-05-05,SESSAO EXTRAORDINARIA
54,54,2020-05-19,SESSAO EXTRAORDINARIA
54,55,2020-05-19,SESSAO EXTRAORDINARIA
54,56,2020-05-20,SESSAO EXTRAORDINARIA
54,57,2020-05-20,SESSAO EXTRAORDINARIA
54,58,2020-05-20,SESSAO EXTRAORDINARIA
54,59,2020-05-26,SESSAO EXTRAORDINARIA
54,60,2020-05-27,SESSAO EXTRAORDINARIA
54,61,2020-06-02,SESSAO EXTRAORDINARIA
54,62,2020-06-02,SESSAO EXTRAORDINARIA
54,63,2020-06-09,SESSAO EXTRAORDINARIA
54,64,2020-06-10,SESSAO EXTRAORDINARIA
54,65,2020-06-10,SESSAO EXTRAORDINARIA
54,66,2020-06-10,SESSAO EXTRAORDINARIA
54,67,2020-06-16,SESSAO EXTRAORDINARIA
54,68,2020-06-16,SESSAO EXTRAORDINARIA
54,69,2020-06-17,SESSAO EXTRAORDINARIA
54,70,2020-06-17,SESSAO EXTRAORDINARIA
54,71,2020-06-18,SESSAO EXTRAORDINARIA
54,72,2020-06-23,SESSAO EXTRAORDINARIA
54,73,2020-06-24,SESSAO EXTRAORDINARIA
54,74,2020-06-24,SESSAO EXTRAORDINARIA
54,75,2020-06-30,SESSAO EXTRAORDINARIA
54,76,2020-06-30,SESSAO EXTRAORDINARIA
54,77,2020-08-04,SESSAO EXTRAORDINARIA
54,78,2020-08-05,SESSAO EXTRAORDINARIA
54,79,2020-08-11,SESSAO EXTRAORDINARIA
54,80,2020-08-11,SESSAO EXTRAORDINARIA
54,81,2020-08-12,SESSAO EXTRAORDINARIA
54,82,2020-08-12,SESSAO EXTRAORDINARIA
54,83,2020-08-18,SESSAO EXTRAORDINARIA
54,84,2020-08-19,SESSAO EXTRAORDINARIA
54,85,2020-08-19,SESSAO EXTRAORDINARIA
54,86,2020-08-25,SESSAO EXTRAORDINARIA
54,87,2020-08-26,SESSAO EXTRAORDINARIA
54,88,2020-09-01,SESSAO EXTRAORDINARIA
54,89,2020-09-02,SESSAO EXTRAORDINARIA
54,90,2020-09-08,SESSAO EXTRAORDINARIA
54,91,2020-09-09,SESSAO EXTRAORDINARIA
54,92,2020-09-15,SESSAO EXTRAORDINARIA
54,93,2020-09-16,SESSAO EXTRAORDINARIA
54,94,2020-09-17,SESSAO EXTRAORDINARIA
54,95,2020-09-22,SESSAO EXTRAORDINARIA
54,96,2020-09-23,SESSAO EXTRAORDINARIA
54,97,2020-09-23,SESSAO EXTRAORDINARIA
54,98,2020-09-29,SESSAO EXTRAORDINARIA
54,99,2020-09-29,SESSAO EXTRAORDINARIA
54,100,2020-09-30,SESSAO EXTRAORDINARIA
54,101,2020-10-06,SESSAO EXTRAORDINARIA
54,102,2020-10-07,SESSAO EXTRAORDINARIA
54,103,2020-10-07,SESSAO EXTRAORDINARIA
54,104,2020-10-13,SESSAO EXTRAORDINARIA
54,105,2020-10-14,SESSAO EXTRAORDINARIA
54,106,2020-10-14,SESSAO EXTRAORDINARIA
54,107,2020-10-15,SESSAO EXTRAORDINARIA
54,108,2020-10-20,SESSAO EXTRAORDINARIA
54,109,2020-10-21,SESSAO EXTRAORDINARIA
54,110,2020-10-21,SESSAO EXTRAORDINARIA
54,111,2020-10-27,SESSAO EXTRAORDINARIA
54,112,2020-10-28,SESSAO EXTRAORDINARIA
54,113,2020-10-28,SESSAO EXTRAORDINARIA
54,114,2020-11-03,SESSAO EXTRAORDINARIA
54,115,2020-11-03,SESSAO EXTRAORDINARIA
54,116,2020-11-04,SESSAO EXTRAORDINARIA
54,117,2020-11-10,SESSAO EXTRAORDINARIA
54,118,2020-11-10,SESSAO EXTRAORDINARIA
54,119,2020-11-11,SESSAO EXTRAORDINARIA
54,120,2020-11-17,SESSAO EXTRAORDINARIA
54,121,2020-11-17,SESSAO EXTRAORDINARIA
54,122,2020-11-18,SESSAO EXTRAORDINARIA
54,123,2020-11-24,SESSAO EXTRAORDINARIA
54,124,2020-11-25,SESSAO EXTRAORDINARIA
54,125,2020-11-25,SESSAO EXTRAORDINARIA
54,126,2020-12-01,SESSAO EXTRAORDINARIA
54,127,2020-12-01,SESSAO EXTRAORDINARIA
54,128,2020-12-02,SESSAO EXTRAORDINARIA
54,129,2020-12-08,SESSAO EXTRAORDINARIA
54,130,2020-12-09,SESSAO EXTRAORDINARIA
54,131,2020-12-09,SESSAO EXTRAORDINARIA
54,132,2020-12-10,SESSAO EXTRAORDINARIA
54,133,2020-12-10,SESSAO EXTRAORDINARIA
54,134,2020-12-10,SESSAO EXTRAORDINARIA
54,135,2020-12-15,SESSAO EXTRAORDINARIA
54,136,2021-02-02,SESSAO PREPARATORIA
54,137,2021-02-03,SESSAO EXTRAORDINARIA
54,138,2021-02-09,SESSAO EXTRAORDINARIA
54,139,2021-02-10,SESSAO EXTRAORDINARIA
54,140,2021-02-23,SESSAO EXTRAORDINARIA
54,141,2021-02-23,SESSAO EXTRAORDINARIA
54,142,2021-02-24,SESSAO EXTRAORDINARIA
54,143,2021-03-02,SESSAO EXTRAORDINARIA
54,144,2021-03-03,SESSAO EXTRAORDINARIA
54,145,2021-03-09,SESSAO EXTRAORDINARIA
54,146,2021-03-09,SESSAO EXTRAORDINARIA
54,147,2021-03-10,SESSAO EXTRAORDINARIA
54,148,2021-03-16,SESSAO EXTRAORDINARIA
54,149,2021-03-17,SESSAO EXTRAORDINARIA
54,150,2021-03-23,SESSAO EXTRAORDINARIA
54,151,2021-03-24,SESSAO EXTRAORDINARIA
54,152,2021-03-30,SESSAO EXTRAORDINARIA
54,153,2021-03-30,SESSAO EXTRAORDINARIA
54,154,2021-03-31,SESSAO EXTRAORDINARIA
54,155,2021-04-06,SESSAO EXTRAORDINARIA
54,156,2021-04-06,SESSAO EXTRAORDINARIA
54,157,2021-04-07,SESSAO EXTRAORDINARIA
54,158,2021-04-13,SESSAO EXTRAORDINARIA
54,159,2021-04-14,SESSAO EXTRAORDINARIA
54,160,2021-04-14,SESSAO EXTRAORDINARIA
54,161,2021-04-20,SESSAO EXTRAORDINARIA
54,162,2021-04-27,SESSAO EXTRAORDINARIA
54,163,2021-04-27,SESSAO EXTRAORDINARIA
54,164,2021-04-27,SESSAO EXTRAORDINARIA
54,165,2021-04-28,SESSAO EXTRAORDINARIA
54,166,2021-05-04,SESSAO EXTRAORDINARIA
54,167,2021-05-05,SESSAO EXTRAORDINARIA
54,168,2021-05-11,SESSAO EXTRAORDINARIA
54,169,2021-05-11,SESSAO EXTRAORDINARIA
54,170,2021-05-12,SESSAO EXTRAORDINARIA
54,171,2021-05-18,SESSAO EXTRAORDINARIA
54,172,2021-05-19,SESSAO EXTRAORDINARIA
54,173,2021-05-19,SESSAO EXTRAORDINARIA
54,174,2021-05-25,SESSAO EXTRAORDINARIA
54,175,2021-05-25,SESSAO EXTRAORDINARIA
54,176,2021-05-26,SESSAO EXTRAORDINARIA
54,177,2021-06-01,SESSAO EXTRAORDINARIA
54,178,2021-06-02,SESSAO EXTRAORDINARIA
54,179,2021-06-08,SESSAO EXTRAORDINARIA
54,180,2021-06-08,SESSAO EXTRAORDINARIA
54,181,2021-06-09,SESSAO EXTRAORDINARIA
54,182,2021-06-15,SESSAO EXTRAORDINARIA
54,183,2021-06-15,SESSAO EXTRAORDINARIA
54,184,2021-06-16,SESSAO EXTRAORDINARIA
54,185,2021-06-22,SESSAO EXTRAORDINARIA
54,186,2021-06-23,SESSAO EXTRAORDINARIA
54,187,2021-06-23,SESSAO EXTRAORDINARIA
54,188,2021-06-29,SESSAO EXTRAORDINARIA
54,189,2021-06-29,SESSAO EXTRAORDINARIA
54,190,2021-08-03,SESSAO ORDINARIA
54,192,2021-08-04,SESSAO ORDINARIA
54,193,2021-08-04,SESSAO EXTRAORDINARIA
54,194,2021-08-05,SESSAO ORDINARIA
54,195,2021-08-05,SESSAO ORDINARIA
54,196,2021-08-10,SESSAO ORDINARIA
54,197,2021-08-10,SESSAO EXTRAORDINARIA
54,198,2021-08-11,SESSAO ORDINARIA
54,199,2021-08-12,SESSAO ORDINARIA
54,200,2021-08-17,SESSAO ORDINARIA
54,201,2021-08-17,SESSAO EXTRAORDINARIA
54,202,2021-08-17,SESSAO EXTRAORDINARIA
54,203,2021-08-18,SESSAO ORDINARIA
54,204,2021-08-19,SESSAO ORDINARIA
54,205,2021-08-24,SESSAO ORDINARIA
54,206,2021-08-25,SESSAO ORDINARIA
54,207,2021-08-26,SESSAO ORDINARIA
54,208,2021-08-31,SESSAO ORDINARIA
54,209,2021-08-31,SESSAO EXTRAORDINARIA
54,210,2021-08-31,SESSAO EXTRAORDINARIA
54,211,2021-09-01,SESSAO ORDINARIA
54,212,2021-09-02,SESSAO ORDINARIA
54,213,2021-09-08,SESSAO ORDINARIA
54,214,2021-09-09,SESSAO ORDINARIA
54,215,2021-09-14,SESSAO ORDINARIA
54,216,2021-09-15,SESSAO ORDINARIA
54,217,2021-09-15,SESSAO EXTRAORDINARIA
54,218,2021-09-16,SESSAO ORDINARIA
54,219,2021-09-21,SESSAO ORDINARIA
54,220,2021-09-21,SESSAO EXTRAORDINARIA
54,221,2021-09-22,SESSAO ORDINARIA
54,222,2021-09-23,SESSAO ORDINARIA
54,223,2021-09-28,SESSAO ORDINARIA
54,224,2021-09-29,SESSAO ORDINARIA
54,225,2021-09-30,SESSAO ORDINARIA
54,226,2021-10-05,SESSAO ORDINARIA
54,227,2021-10-05,SESSAO EXTRAORDINARIA
54,228,2021-10-06,SESSAO ORDINARIA
54,229,2021-10-06,SESSAO EXTRAORDINARIA
54,230,2021-10-06,SESSAO EXTRAORDINARIA
54,231,2021-10-07,SESSAO ORDINARIA
54,232,2021-10-13,SESSAO ORDINARIA
54,233,2021-10-14,SESSAO ORDINARIA
54,234,2021-10-19,SESSAO ORDINARIA
54,235,2021-10-20,SESSAO ORDINARIA
54,236,2021-10-20,SESSAO EXTRAORDINARIA
54,237,2021-10-21,SESSAO ORDINARIA
54,238,2021-10-26,SESSAO ORDINARIA
54,239,2021-10-27,SESSAO ORDINARIA
54,240,2021-10-28,SESSAO ORDINARIA
54,241,2021-11-03,SESSAO ORDINARIA
54,242,2021-11-03,SESSAO EXTRAORDINARIA
54,243,2021-11-03,SESSAO EXTRAORDINARIA
54,244,2021-11-04,SESSAO ORDINARIA
54,245,2021-11-09,SESSAO ORDINARIA
54,246,2021-11-09,SESSAO EXTRAORDINARIA
54,247,2021-11-10,SESSAO ORDINARIA
54,248,2021-11-10,SESSAO EXTRAORDINARIA
54,249,2021-11-11,SESSAO ORDINARIA
54,250,2021-11-16,SESSAO ORDINARIA
54,251,2021-11-17,SESSAO ORDINARIA
54,252,2021-11-18,SESSAO ORDINARIA
54,253,2021-11-23,SESSAO ORDINARIA
54,254,2021-11-23,SESSAO EXTRAORDINARIA
54,255,2021-11-24,SESSAO ORDINARIA
54,256,2021-11-25,SESSAO ORDINARIA
54,257,2021-12-01,SESSAO ORDINARIA
54,258,2021-12-01,SESSAO EXTRAORDINARIA
54,259,2021-12-02,SESSAO EXTRAORDINARIA
54,260,2021-12-02,SESSAO ORDINARIA
54,261,2021-12-07,SESSAO ORDINARIA
54,262,2021-12-07,SESSAO EXTRAORDINARIA
54,263,2021-12-08,SESSAO ORDINARIA
54,264,2021-12-08,SESSAO EXTRAORDINARIA
54,265,2021-12-09,SESSAO ORDINARIA
54,266,2021-12-09,SESSAO EXTRAORDINARIA
54,267,2021-12-14,SESSAO EXTRAORDINARIA
54,268,2021-12-14,SESSAO ORDINARIA
54,269,2021-12-14,SESSAO EXTRAORDINARIA
54,270,2021-12-14,SESSAO EXTRAORDINARIA
54,271,2021-12-14,SESSAO EXTRAORDINARIA
54,272,2021-12-15,SESSAO ORDINARIA
54,274,2022-02-03,SESSAO ORDINARIA
54,289,2022-02-24,SESSAO ORDINARIA
54,295,2022-03-15,SESSAO EXTRAORDINARIA
54,296,2022-03-23,SESSAO EXTRAORDINARIA
54,297,2022-03-15,SESSAO ORDINARIA
54,298,2022-03-16,SESSAO ORDINARIA
54,299,2022-03-17,SESSAO ORDINARIA
54,300,2022-03-22,SESSAO ORDINARIA
54,301,2022-03-23,SESSAO ORDINARIA
54,302,2022-03-29,SESSAO EXTRAORDINARIA
54,303,2022-03-24,SESSAO ORDINARIA
54,304,2022-03-29,SESSAO ORDINARIA
54,305,2022-03-30,SESSAO ORDINARIA
54,306,2022-03-30,SESSAO EXTRAORDINARIA
54,307,2022-03-31,SESSAO EXTRAORDINARIA
54,308,2022-03-31,SESSAO ORDINARIA
54,309,2022-03-31,SESSAO EXTRAORDINARIA
54,310,2022-03-31,SESSAO EXTRAORDINARIA
54,311,2022-03-31,SESSAO EXTRAORDINARIA
54,312,2022-04-05,SESSAO ORDINARIA
54,313,2022-04-12,SESSAO EXTRAORDINARIA
54,314,2022-04-06,SESSAO ORDINARIA
54,315,2022-04-12,SESSAO EXTRAORDINARIA
54,316,2022-05-10,SESSAO EXTRAORDINARIA
54,317,2022-04-07,SESSAO ORDINARIA
54,318,2022-04-12,SESSAO ORDINARIA
54,319,2022-04-13,SESSAO ORDINARIA
54,320,2022-04-19,SESSAO ORDINARIA
54,321,2022-04-20,SESSAO ORDINARIA
54,322,2022-04-26,SESSAO ORDINARIA
54,323,2022-04-27,SESSAO ORDINARIA
54,324,2022-04-28,SESSAO ORDINARIA
54,325,2022-05-03,SESSAO ORDINARIA
54,326,2022-05-04,SESSAO ORDINARIA
54,327,2022-05-05,SESSAO ORDINARIA
54,328,2022-05-10,SESSAO ORDINARIA
54,329,2022-05-11,SESSAO ORDINARIA
54,330,2022-05-17,SESSAO EXTRAORDINARIA
54,331,2022-05-12,SESSAO ORDINARIA
54,332,2022-06-07,SESSAO EXTRAORDINARIA
54,333,2022-05-12,SESSAO ORDINARIA
54,334,2022-05-17,SESSAO ORDINARIA
54,335,2022-05-18,SESSAO ORDINARIA
54,336,2022-05-19,SESSAO ORDINARIA
54,337,2022-05-24,SESSAO ORDINARIA
54,338,2022-05-25,SESSAO ORDINARIA
54,339,2022-05-26,SESSAO ORDINARIA
54,340,2022-05-31,SESSAO ORDINARIA
54,341,2022-06-01,SESSAO ORDINARIA
54,342,2022-06-02,SESSAO ORDINARIA
54,343,2022-06-07,SESSAO ORDINARIA
54,344,2022-06-08,SESSAO ORDINARIA
54,345,2022-06-21,SESSAO EXTRAORDINARIA
54,346,2022-06-09,SESSAO ORDINARIA
54,347,2022-06-14,SESSAO ORDINARIA
54,348,2022-06-15,SESSAO ORDINARIA
54,349,2022-06-21,SESSAO ORDINARIA
54,350,2022-06-22,SESSAO ORDINARIA
54,351,2022-06-23,SESSAO ORDINARIA
54,352,2022-06-28,SESSAO ORDINARIA
54,353,2022-06-29,SESSAO EXTRAORDINARIA
54,354,2022-06-29,SESSAO ORDINARIA
54,355,2022-06-29,SESSAO EXTRAORDINARIA
54,356,2022-06-30,SESSAO ORDINARIA
54,357,2022-08-02,SESSAO ORDINARIA
54,358,2022-08-30,SESSAO EXTRAORDINARIA
54,359,2022-08-03,SESSAO ORDINARIA
54,360,2022-08-04,SESSAO ORDINARIA
54,361,2022-08-09,SESSAO ORDINARIA
54,362,2022-08-10,SESSAO ORDINARIA
54,363,2022-08-11,SESSAO ORDINARIA
54,364,2022-08-16,SESSAO ORDINARIA
54,365,2022-08-17,SESSAO ORDINARIA
54,366,2022-08-18,SESSAO ORDINARIA
54,367,2022-08-23,SESSAO ORDINARIA
54,368,2022-08-24,SESSAO ORDINARIA
54,369,2022-08-25,SESSAO ORDINARIA
54,370,2022-08-30,SESSAO ORDINARIA
54,371,2022-08-31,SESSAO ORDINARIA
54,372,2022-09-13,SESSAO EXTRAORDINARIA
54,373,2022-09-01,SESSAO ORDINARIA
54,374,2022-09-08,SESSAO ORDINARIA
54,375,2022-09-13,SESSAO ORDINARIA
54,376,2022-09-14,SESSAO ORDINARIA
54,377,2022-09-15,SESSAO ORDINARIA
54,378,2022-09-20,SESSAO ORDINARIA
54,379,2022-10-25,SESSAO EXTRAORDINARIA
54,380,2022-09-21,SESSAO ORDINARIA
54,381,2022-09-22,SESSAO ORDINARIA
54,382,2022-09-27,SESSAO ORDINARIA
54,383,2022-09-28,SESSAO ORDINARIA
54,384,2022-09-29,SESSAO ORDINARIA
54,385,2022-10-04,SESSAO ORDINARIA
54,386,2022-10-05,SESSAO ORDINARIA
54,387,2022-10-06,SESSAO ORDINARIA
54,388,2022-10-11,SESSAO ORDINARIA
54,389,2022-10-13,SESSAO ORDINARIA
54,390,2022-10-18,SESSAO ORDINARIA
54,391,2022-10-19,SESSAO ORDINARIA
54,392,2022-10-20,SESSAO ORDINARIA
54,393,2022-10-25,SESSAO ORDINARIA
54,394,2022-10-25,SESSAO EXTRAORDINARIA
54,395,2022-10-26,SESSAO ORDINARIA
54,396,2022-10-27,SESSAO ORDINARIA
54,397,2022-11-03,SESSAO ORDINARIA
54,398,2022-11-08,SESSAO ORDINARIA
54,399,2022-11-08,SESSAO EXTRAORDINARIA
54,400,2022-11-09,SESSAO ORDINARIA
54,401,2022-11-22,SESSAO EXTRAORDINARIA
54,402,2022-11-10,SESSAO ORDINARIA
54,403,2022-12-06,SESSAO EXTRAORDINARIA
54,404,2022-11-16,SESSAO ORDINARIA
54,405,2022-11-17,SESSAO ORDINARIA
54,406,2022-11-22,SESSAO ORDINARIA
54,407,2022-11-23,SESSAO ORDINARIA
54,408,2022-11-29,SESSAO ORDINARIA
54,409,2022-12-01,SESSAO ORDINARIA
54,410,2022-12-06,SESSAO ORDINARIA
54,411,2022-12-07,SESSAO ORDINARIA
54,412,2022-12-07,SESSAO EXTRAORDINARIA
54,413,2022-12-08,SESSAO ORDINARIA
54,414,2022-12-13,SESSAO ORDINARIA
54,415,2022-12-13,SESSAO EXTRAORDINARIA
54,416,2022-12-14,SESSAO ORDINARIA
54,417,2022-12-15,SESSAO ORDINARIA
54,418,2023-02-01,SESSAO ORDINARIA
54,419,2023-02-02,SESSAO ORDINARIA
54,420,2023-02-07,SESSAO ORDINARIA
54,421,2023-02-08,SESSAO ORDINARIA
54,422,2023-02-14,SESSAO EXTRAORDINARIA
54,423,2023-02-09,SESSAO ORDINARIA
54,424,2023-02-16,SESSAO EXTRAORDINARIA
54,425,2023-02-14,SESSAO ORDINARIA
54,426,2023-02-15,SESSAO ORDINARIA
54,427,2023-02-16,SESSAO ORDINARIA
54,428,2023-02-23,SESSAO ORDINARIA
54,429,2023-02-28,SESSAO ORDINARIA
54,430,2023-03-01,SESSAO ORDINARIA
54,431,2023-03-21,SESSAO EXTRAORDINARIA
54,432,2023-03-02,SESSAO ORDINARIA
54,433,2023-03-07,SESSAO ORDINARIA
54,434,2023-03-08,SESSAO ORDINARIA
54,435,2023-03-09,SESSAO ORDINARIA
54,436,2023-03-14,SESSAO ORDINARIA
54,437,2023-03-15,SESSAO ORDINARIA
54,438,2023-03-16,SESSAO ORDINARIA
54,439,2023-03-21,SESSAO ORDINARIA
54,440,2023-03-22,SESSAO ORDINARIA
54,441,2023-03-23,SESSAO ORDINARIA
54,442,2023-03-21,SESSAO EXTRAORDINARIA
54,443,2023-04-04,SESSAO EXTRAORDINARIA
54,444,2023-03-28,SESSAO ORDINARIA
54,445,2023-03-29,SESSAO ORDINARIA
54,446,2023-03-30,SESSAO ORDINARIA
54,447,2023-04-04,SESSAO ORDINARIA
54,448,2023-04-05,SESSAO ORDINARIA
54,449,2023-04-11,SESSAO EXTRAORDINARIA
54,450,2023-04-11,SESSAO ORDINARIA
54,451,2023-04-12,SESSAO ORDINARIA
54,452,2023-04-13,SESSAO ORDINARIA
54,453,2023-04-18,SESSAO ORDINARIA
54,454,2023-04-19,SESSAO ORDINARIA
54,455,2023-04-20,SESSAO ORDINARIA
54,456,2023-04-25,SESSAO ORDINARIA
54,457,2023-04-26,SESSAO ORDINARIA
54,458,2023-04-27,SESSAO ORDINARIA
54,459,2023-05-02,SESSAO ORDINARIA
54,460,2023-05-03,SESSAO ORDINARIA
54,461,2023-05-04,SESSAO ORDINARIA
54,462,2023-05-09,SESSAO EXTRAORDINARIA
54,463,2023-05-09,SESSAO ORDINARIA
54,464,2023-05-10,SESSAO ORDINARIA
54,465,2023-05-11,SESSAO ORDINARIA
54,466,2023-05-16,SESSAO EXTRAORDINARIA
54,467,2023-05-16,SESSAO ORDINARIA
54,468,2023-05-17,SESSAO ORDINARIA
54,469,2023-05-18,SESSAO ORDINARIA
54,470,2023-05-23,SESSAO ORDINARIA
54,471,2023-05-24,SESSAO ORDINARIA
54,472,2023-05-25,SESSAO ORDINARIA
54,473,2023-05-30,SESSAO ORDINARIA
54,474,2023-05-31,SESSAO EXTRAORDINARIA
54,475,2023-05-31,SESSAO ORDINARIA
54,476,2023-06-01,SESSAO ORDINARIA
54,477,2023-06-06,SESSAO ORDINARIA
54,478,2023-06-07,SESSAO ORDINARIA
54,479,2023-06-13,SESSAO ORDINARIA
54,480,2023-06-14,SESSAO ORDINARIA
54,481,2023-06-20,SESSAO EXTRAORDINARIA
54,482,2023-06-20,SESSAO ORDINARIA
54,483,2023-06-21,SESSAO ORDINARIA
54,484,2023-06-22,SESSAO ORDINARIA
54,485,2023-06-27,SESSAO EXTRAORDINARIA
54,486,2023-06-27,SESSAO ORDINARIA
54,487,2023-08-01,SESSAO ORDINARIA
54,488,2023-08-02,SESSAO ORDINARIA
54,489,2023-08-03,SESSAO ORDINARIA
54,490,2023-08-08,SESSAO ORDINARIA
54,491,2023-08-09,SESSAO ORDINARIA
54,492,2023-08-10,SESSAO ORDINARIA
54,493,2023-08-15,SESSAO ORDINARIA
54,494,2023-08-15,SESSAO EXTRAORDINARIA
54,495,2023-08-16,SESSAO ORDINARIA
54,496,2023-08-22,SESSAO ORDINARIA
54,497,2023-08-22,SESSAO EXTRAORDINARIA
54,498,2023-08-23,SESSAO ORDINARIA
54,499,2023-08-24,SESSAO ORDINARIA
54,500,2023-08-29,SESSAO ORDINARIA
54,501,2023-08-29,SESSAO EXTRAORDINARIA
54,502,2023-08-29,SESSAO EXTRAORDINARIA
54,503,2023-08-30,SESSAO ORDINARIA
54,504,2023-08-31,SESSAO ORDINARIA
54,505,2023-09-05,SESSAO ORDINARIA
54,506,2023-09-12,SESSAO ORDINARIA
54,507,2023-09-13,SESSAO ORDINARIA
54,508,2023-09-19,SESSAO EXTRAORDINARIA
54,509,2023-09-19,SESSAO ORDINARIA
54,510,2023-09-20,SESSAO ORDINARIA
54,511,2023-09-21,SESSAO ORDINARIA
54,512,2023-09-26,SESSAO EXTRAORDINARIA
54,513,2023-09-26,SESSAO ORDINARIA
54,514,2023-09-27,SESSAO ORDINARIA
54,515,2023-09-28,SESSAO ORDINARIA
54,516,2023-10-03,SESSAO EXTRAORDINARIA
54,517,2023-10-03,SESSAO ORDINARIA
54,518,2023-10-04,SESSAO ORDINARIA
54,519,2023-10-05,SESSAO ORDINARIA
54,520,2023-10-10,SESSAO ORDINARIA
54,521,2023-10-10,SESSAO EXTRAORDINARIA
54,522,2023-10-11,SESSAO ORDINARIA
54,523,2023-10-17,SESSAO EXTRAORDINARIA
54,524,2023-10-17,SESSAO ORDINARIA
54,525,2023-10-18,SESSAO ORDINARIA
54,526,2023-10-19,SESSAO ORDINARIA
54,527,2023-10-24,SESSAO EXTRAORDINARIA
54,528,2023-10-24,SESSAO ORDINARIA
54,529,2023-10-25,SESSAO ORDINARIA
54,530,2023-10-31,SESSAO ORDINARIA
54,531,2023-10-31,SESSAO EXTRAORDINARIA
54,532,2023-11-01,SESSAO ORDINARIA
54,533,2023-11-07,SESSAO ORDINARIA
54,534,2023-11-07,SESSAO EXTRAORDINARIA
54,535,2023-11-08,SESSAO ORDINARIA
54,536,2023-11-09,SESSAO ORDINARIA
54,537,2023-11-14,SESSAO EXTRAORDINARIA
54,538,2023-11-14,SESSAO ORDINARIA
54,539,2023-11-16,SESSAO ORDINARIA
54,540,2023-11-21,SESSAO ORDINARIA
54,541,2023-11-21,SESSAO EXTRAORDINARIA
54,542,2023-11-21,SESSAO EXTRAORDINARIA
54,543,2023-11-22,SESSAO ORDINARIA
54,544,2023-11-23,SESSAO ORDINARIA
54,545,2023-11-28,SESSAO EXTRAORDINARIA
54,546,2023-11-28,SESSAO ORDINARIA
54,547,2023-11-28,SESSAO EXTRAORDINARIA
54,548,2023-12-05,SESSAO ORDINARIA
54,549,2023-12-05,SESSAO EXTRAORDINARIA
54,550,2023-12-06,SESSAO ORDINARIA
54,551,2023-12-07,SESSAO ORDINARIA
54,552,2023-12-12,SESSAO EXTRAORDINARIA
54,553,2023-12-12,SESSAO ORDINARIA
54,554,2023-12-13,SESSAO ORDINARIA
54,555,2023-12-13,SESSAO EXTRAORDINARIA
54,556,2023-12-13,SESSAO EXTRAORDINARIA
54,557,2024-02-01,SESSAO ORDINARIA
54,558,2024-02-01,SESSAO EXTRAORDINARIA
54,559,2024-02-01,SESSAO EXTRAORDINARIA
54,560,2024-02-06,SESSAO EXTRAORDINARIA
54,561,2024-02-06,SESSAO ORDINARIA
54,562,2024-02-07,SESSAO ORDINARIA
54,563,2024-02-08,SESSAO ORDINARIA
54,564,2024-02-15,SESSAO ORDINARIA
54,565,2024-02-20,SESSAO EXTRAORDINARIA
54,566,2024-02-20,SESSAO ORDINARIA
54,567,2024-02-21,SESSAO ORDINARIA
54,568,2024-02-22,SESSAO ORDINARIA
54,569,2024-02-27,SESSAO EXTRAORDINARIA
54,570,2024-02-27,SESSAO ORDINARIA
54,571,2024-02-27,SESSAO EXTRAORDINARIA
54,572,2024-02-27,SESSAO EXTRAORDINARIA
54,573,2024-02-28,SESSAO ORDINARIA
54,574,2024-02-29,SESSAO ORDINARIA
54,575,2024-03-05,SESSAO EXTRAORDINARIA
54,576,2024-03-05,SESSAO ORDINARIA
54,577,2024-03-06,SESSAO ORDINARIA
54,578,2024-03-07,SESSAO ORDINARIA
54,579,2024-03-13,SESSAO ORDINARIA
54,580,2024-03-14,SESSAO ORDINARIA
54,581,2024-03-19,SESSAO EXTRAORDINARIA
54,582,2024-03-19,SESSAO ORDINARIA
54,583,2024-03-20,SESSAO ORDINARIA
54,584,2024-03-21,SESSAO ORDINARIA
54,585,2024-03-26,SESSAO EXTRAORDINARIA
54,586,2024-03-26,SESSAO ORDINARIA
54,587,2024-03-27,SESSAO ORDINARIA
54,588,2024-04-02,SESSAO EXTRAORDINARIA
54,589,2024-04-02,SESSAO ORDINARIA
54,590,2024-04-03,SESSAO ORDINARIA
54,591,2024-04-04,SESSAO ORDINARIA
54,592,2024-04-23,SESSAO ORDINARIA
54,593,2024-04-09,SESSAO EXTRAORDINARIA
54,594,2024-04-09,SESSAO ORDINARIA
54,595,2024-04-10,SESSAO ORDINARIA
54,596,2024-04-09,SESSAO EXTRAORDINARIA
54,597,2024-04-11,SESSAO ORDINARIA
54,598,2024-04-23,SESSAO EXTRAORDINARIA
54,599,2024-05-07,SESSAO EXTRAORDINARIA
54,600,2024-04-16,SESSAO ORDINARIA
54,601,2024-04-17,SESSAO ORDINARIA
54,602,2024-04-18,SESSAO ORDINARIA
54,603,2024-04-24,SESSAO ORDINARIA
54,604,2024-04-25,SESSAO ORDINARIA
54,605,2024-05-21,SESSAO EXTRAORDINARIA
54,606,2024-04-30,SESSAO ORDINARIA
54,607,2024-05-02,SESSAO ORDINARIA
54,608,2024-05-07,SESSAO ORDINARIA
54,609,2024-05-08,SESSAO ORDINARIA
54,610,2024-05-09,SESSAO ORDINARIA
54,611,2024-05-28,SESSAO EXTRAORDINARIA
54,612,2024-05-14,SESSAO ORDINARIA
54,613,2024-05-15,SESSAO ORDINARIA
54,614,2024-05-16,SESSAO ORDINARIA
54,615,2024-05-21,SESSAO ORDINARIA
54,616,2024-05-22,SESSAO ORDINARIA
54,617,2024-05-23,SESSAO ORDINARIA
54,618,2024-05-28,SESSAO ORDINARIA
54,619,2024-06-04,SESSAO EXTRAORDINARIA
54,620,2024-05-29,SESSAO ORDINARIA
54,621,2024-06-04,SESSAO EXTRAORDINARIA
54,622,2024-06-04,SESSAO ORDINARIA
54,623,2024-06-05,SESSAO ORDINARIA
54,624,2024-06-11,SESSAO EXTRAORDINARIA
54,625,2024-06-18,SESSAO EXTRAORDINARIA
54,626,2024-06-06,SESSAO ORDINARIA
54,627,2024-06-11,SESSAO ORDINARIA
54,628,2024-06-12,SESSAO ORDINARIA
54,629,2024-06-13,SESSAO ORDINARIA
54,630,2024-06-18,SESSAO ORDINARIA
54,631,2024-06-19,SESSAO ORDINARIA
54,632,2024-06-20,SESSAO ORDINARIA
54,633,2024-06-18,SESSAO EXTRAORDINARIA
54,634,2024-06-19,SESSAO EXTRAORDINARIA
54,635,2024-06-25,SESSAO EXTRAORDINARIA
54,636,2024-06-25,SESSAO ORDINARIA
54,637,2024-08-01,SESSAO ORDINARIA
54,638,2024-08-06,SESSAO ORDINARIA
54,639,2024-08-07,SESSAO EXTRAORDINARIA
54,640,2024-08-07,SESSAO EXTRAORDINARIA
54,641,2024-08-07,SESSAO ORDINARIA
54,642,2024-08-07,SESSAO EXTRAORDINARIA
54,643,2024-08-08,SESSAO ORDINARIA
54,644,2024-08-14,SESSAO ORDINARIA
54,645,2024-08-15,SESSAO ORDINARIA
54,646,2024-08-14,SESSAO EXTRAORDINARIA
54,647,2024-08-20,SESSAO ORDINARIA
54,648,2024-08-21,SESSAO ORDINARIA
54,649,2024-08-27,SESSAO ORDINARIA
54,650,2024-08-28,SESSAO ORDINARIA
54,651,2024-08-29,SESSAO ORDINARIA
54,652,2024-09-03,SESSAO EXTRAORDINARIA
54,653,2024-09-03,SESSAO ORDINARIA
54,654,2024-09-04,SESSAO ORDINARIA
54,655,2024-09-05,SESSAO ORDINARIA
54,656,2024-09-10,SESSAO EXTRAORDINARIA
54,657,2024-09-10,SESSAO ORDINARIA
54,658,2024-09-11,SESSAO ORDINARIA
54,659,2024-09-12,SESSAO ORDINARIA
54,660,2024-09-17,SESSAO ORDINARIA
54,661,2024-09-17,SESSAO EXTRAORDINARIA
54,662,2024-09-18,SESSAO ORDINARIA
54,663,2024-09-19,SESSAO ORDINARIA
54,664,2024-09-24,SESSAO EXTRAORDINARIA
54,665,2024-09-24,SESSAO ORDINARIA
54,666,2024-09-25,SESSAO ORDINARIA
54,667,2024-09-26,SESSAO ORDINARIA
54,668,2024-08-27,SESSAO EXTRAORDINARIA
54,669,2024-10-01,SESSAO EXTRAORDINARIA
54,670,2024-10-01,SESSAO ORDINARIA
54,671,2024-10-02,SESSAO ORDINARIA
54,672,2024-10-03,SESSAO ORDINARIA
54,673,2024-10-08,SESSAO EXTRAORDINARIA
54,674,2024-10-08,SESSAO ORDINARIA
54,675,2024-10-09,SESSAO ORDINARIA
54,676,2024-10-10,SESSAO ORDINARIA
54,677,2024-10-15,SESSAO ORDINARIA
54,678,2024-10-16,SESSAO ORDINARIA
54,679,2024-10-17,SESSAO ORDINARIA
54,680,2024-10-22,SESSAO EXTRAORDINARIA
54,681,2024-10-22,SESSAO ORDINARIA
54,682,2024-10-23,SESSAO ORDINARIA
54,683,2024-10-24,SESSAO ORDINARIA
54,684,2024-10-29,SESSAO EXTRAORDINARIA
54,685,2024-10-29,SESSAO ORDINARIA
54,686,2024-10-30,SESSAO ORDINARIA
54,687,2024-10-30,SESSAO EXTRAORDINARIA
54,688,2024-10-31,SESSAO ORDINARIA
54,689,2024-11-05,SESSAO ORDINARIA
54,690,2024-11-05,SESSAO EXTRAORDINARIA
54,691,2024-11-06,SESSAO ORDINARIA
54,692,2024-11-07,SESSAO ORDINARIA
54,693,2024-11-12,SESSAO EXTRAORDINARIA
54,694,2024-11-12,SESSAO ORDINARIA
54,1693,2024-11-13,SESSAO ORDINARIA
54,1694,2024-11-14,SESSAO ORDINARIA
54,1695,2024-11-19,SESSAO ORDINARIA
54,1696,2024-11-26,SESSAO EXTRAORDINARIA
54,1697,2024-11-26,SESSAO ORDINARIA
54,1698,2024-11-26,SESSAO EXTRAORDINARIA
54,1699,2024-11-27,SESSAO ORDINARIA
54,1700,2024-11-27,SESSAO EXTRAORDINARIA
54,1701,2024-11-28,SESSAO ORDINARIA
54,1702,2024-12-03,SESSAO ORDINARIA
54,1703,2024-12-03,SESSAO EXTRAORDINARIA
54,1704,2024-12-04,SESSAO EXTRAORDINARIA
54,1705,2024-12-04,SESSAO ORDINARIA
54,1706,2024-12-10,SESSAO EXTRAORDINARIA
54,1707,2024-12-10,SESSAO ORDINARIA
54,1708,2024-12-10,SESSAO EXTRAORDINARIA
54,1709,2024-03-12,SESSAO EXTRAORDINARIA
54,1710,2024-03-12,SESSAO EXTRAORDINARIA
54,1711,2024-03-12,SESSAO ORDINARIA
54,1713,2025-02-11,ORDINARIA
54,1715,2025-02-12,ORDINARIA
54,1716,2025-02-13,ORDINARIA
54,1717,2025-02-18,ORDINARIA
54,1719,2025-02-19,ORDINARIA
54,1720,2025-02-25,ORDINARIA
54,1721,2025-02-20,ORDINARIA
54,1724,2025-02-26,ORDINARIA
54,1727,2025-02-27,ORDINARIA
54,1730,2025-03-06,ORDINARIA
54,1733,2025-03-11,ORDINARIA
54,1734,2025-03-11,EXTRAORDINARIA
54,1736,2025-03-12,ORDINARIA
54,1739,2025-03-13,ORDINARIA
54,1740,2025-03-18,EXTRAORDINARIA
54,1741,2025-03-18,ORDINARIA
54,1742,2025-03-18,EXTRAORDINARIA
54,1743,2025-03-18,EXTRAORDINARIA
54,1744,2025-03-19,ORDINARIA
54,1746,2025-03-20,ORDINARIA
54,1752,2025-03-25,ORDINARIA
54,1754,2025-03-25,EXTRAORDINARIA
54,1755,2025-03-26,ORDINARIA
54,1756,2025-04-02,EXTRAORDINARIA
54,1757,2025-03-27,ORDINARIA
54,1759,2025-04-01,ORDINARIA
54,1762,2025-04-02,ORDINARIA
54,1763,2025-04-03,ORDINARIA
54,1765,2025-04-03,ORDINARIA
54,1769,2025-04-08,ORDINARIA
54,1770,2025-04-08,EXTRAORDINARIA
54,1773,2025-04-09,ORDINARIA
54,1775,2025-04-10,ORDINARIA
54,1776,2025-04-10,ORDINARIA
54,1780,2025-04-15,ORDINARIA
54,1783,2025-04-16,ORDINARIA
54,1785,2025-04-22,ORDINARIA
54,1786,2025-04-23,ORDINARIA
54,1788,2025-04-24,ORDINARIA
54,1789,2025-04-24,ORDINARIA
54,1790,2025-04-29,ORDINARIA
54,1792,2025-04-30,ORDINARIA
54,1794,2025-05-06,ORDINARIA
54,1795,2025-05-06,EXTRAORDINARIA
54,1796,2025-05-07,ORDINARIA
54,1797,2025-05-13,EXTRAORDINARIA
54,1798,2025-05-08,ORDINARIA
54,1799,2025-05-08,ORDINARIA
54,1802,2025-05-13,ORDINARIA
54,1803,2025-05-20,EXTRAORDINARIA
54,1805,2025-05-14,ORDINARIA
54,1807,2025-05-27,EXTRAORDINARIA
54,1813,2025-05-20,ORDINARIA
54,1817,2025-05-21,ORDINARIA
54,1819,2025-05-22,ORDINARIA
54,1820,2025-05-27,ORDINARIA
54,1825,2025-05-27,EXTRAORDINARIA
54,1827,2025-05-28,ORDINARIA
54,1829,2025-05-29,ORDINARIA
54,1830,2025-05-29,ORDINARIA
54,1833,2025-06-03,ORDINARIA
54,1834,2025-06-17,EXTRAORDINARIA
54,1836,2025-06-04,ORDINARIA
54,1838,2025-06-05,ORDINARIA
54,1842,2025-06-10,ORDINARIA
54,1844,2025-06-11,ORDINARIA
54,1846,2025-06-12,ORDINARIA
54,1847,2025-06-12,ORDINARIA
54,1848,2025-06-17,ORDINARIA
54,1851,2025-06-17,EXTRAORDINARIA
54,1854,2025-06-18,ORDINARIA
54,1856,2025-06-24,ORDINARIA
54,1858,2025-06-24,EXTRAORDINARIA
54,1859,2025-08-07,EXTRAORDINARIA
54,1862,2025-06-25,ORDINARIA
54,1864,2025-06-26,ORDINARIA
54,1865,2025-06-26,ORDINARIA
54,1870,2025-08-05,ORDINARIA
54,1873,2025-08-06,ORDINARIA
54,1875,2025-08-07,ORDINARIA
54,1876,2025-08-07,EXTRAORDINARIA
54,1879,2025-08-12,ORDINARIA
54,1880,2025-08-12,EXTRAORDINARIA
54,1882,2025-08-13,ORDINARIA
54,1884,2025-08-14,ORDINARIA
54,1885,2025-08-14,ORDINARIA
54,1891,2025-08-19,ORDINARIA
54,1892,2025-08-19,EXTRAORDINARIA
54,1895,2025-08-20,ORDINARIA
54,1896,2025-08-26,EXTRAORDINARIA
54,1897,2025-08-21,SOLENE
54,1899,2025-08-22,SOLENE
54,1903,2025-08-26,ORDINARIA
54,1904,2025-08-27,ORDINARIA
54,1905,2025-09-09,EXTRAORDINARIA
54,1906,2025-08-28,ORDINARIA
54,1907,2025-08-28,ORDINARIA
54,1911,2025-09-02,ORDINARIA
54,1913,2025-09-03,ORDINARIA
54,1914,2025-09-04,ORDINARIA
54,1915,2025-09-04,ORDINARIA
54,1916,2025-09-09,ORDINARIA
54,1917,2025-09-10,ORDINARIA
54,1919,2025-09-11,ORDINARIA
54,1920,2025-09-11,ORDINARIA
54,1927,2025-09-16,ORDINARIA
54,1928,2025-09-16,EXTRAORDINARIA
54,1929,2025-09-23,EXTRAORDINARIA
54,1930,2025-09-17,ORDINARIA
54,1932,2025-09-18,ORDINARIA
54,1933,2025-09-18,ORDINARIA
54,1939,2025-09-23,ORDINARIA
54,1941,2025-09-24,ORDINARIA
54,1944,2025-09-25,ORDINARIA
54,1945,2025-09-25,ORDINARIA
54,1950,2025-09-30,ORDINARIA
54,1951,2025-09-30,EXTRAORDINARIA
54,1954,2025-10-01,ORDINARIA
54,1956,2025-10-02,ORDINARIA
54,1963,2025-10-07,ORDINARIA
54,1964,2025-10-08,EXTRAORDINARIA
54,1966,2025-10-08,ORDINARIA
54,1967,2025-10-09,ORDINARIA
54,1968,2025-10-09,ORDINARIA
54,1974,2025-10-14,ORDINARIA
54,1975,2025-10-15,EXTRAORDINARIA
54,1977,2025-10-15,ORDINARIA
54,1979,2025-10-16,ORDINARIA
54,1985,2025-10-21,ORDINARIA
54,1986,2025-10-21,EXTRAORDINARIA
54,1988,2025-10-22,ORDINARIA
54,1989,2025-11-04,EXTRAORDINARIA
54,1990,2025-10-23,ORDINARIA
54,1992,2025-10-29,ORDINARIA
54,1994,2025-10-30,ORDINARIA
54,1995,2025-10-30,ORDINARIA
54,2000,2025-11-04,ORDINARIA
54,2003,2025-11-05,ORDINARIA
54,2004,2025-11-11,EXTRAORDINARIA
54,2006,2025-11-06,ORDINARIA
54,2013,2025-11-11,ORDINARIA
54,2014,2025-11-11,EXTRAORDINARIA
54,2015,2025-11-11,EXTRAORDINARIA
54,2018,2025-11-12,ORDINARIA
54,2020,2025-11-13,ORDINARIA
54,2027,2025-11-18,ORDINARIA
54,2028,2025-11-25,EXTRAORDINARIA
54,2030,2025-11-19,ORDINARIA
54,2034,2025-11-25,ORDINARIA
54,2035,2025-11-26,EXTRAORDINARIA
54,2037,2025-11-26,ORDINARIA
54,2038,2025-11-26,EXTRAORDINARIA
54,2039,2025-11-27,ORDINARIA
54,2040,2025-11-27,ORDINARIA
54,2045,2025-12-02,ORDINARIA
54,2046,2025-12-02,EXTRAORDINARIA
54,2047,2025-12-03,EXTRAORDINARIA
54,2050,2025-12-03,ORDINARIA
54,2053,2025-12-04,ORDINARIA
54,2057,2025-12-09,ORDINARIA
54,2058,2025-12-09,EXTRAORDINARIA
54,2060,2025-12-10,EXTRAORDINARIA
54,2061,2025-12-10,EXTRAORDINARIA
54,2062,2025-12-10,EXTRAORDINARIA
54,2065,2025-12-15,ORDINARIA
54,2066,2025-12-23,EXTRAORDINARIA
54,2067,2025-12-23,EXTRAORDINARIA
54,2069,2026-02-03,ORDINARIA
54,2070,2026-02-04,ORDINARIA
54,2072,2026-02-05,ORDINARIA
54,2074,2026-02-10,ORDINARIA
54,2075,2026-02-10,EXTRAORDINARIA
54,2078,2026-02-11,ORDINARIA
54,2079,2026-03-03,EXTRAORDINARIA
54,2081,2026-02-12,ORDINARIA
54,2082,2026-02-19,ORDINARIA
54,2084,2026-02-24,ORDINARIA
54,2085,2026-02-25,ORDINARIA
54,2088,2026-02-26,ORDINARIA
54,2092,2026-03-03,ORDINARIA
54,2093,2026-03-04,ORDINARIA
54,2096,2026-03-05,SOLENE
54,2101,2026-03-31,EXTRAORDINARIA
54,2102,2026-03-31,EXTRAORDINARIA
54,2103,2026-04-01,ORDINARIA
54,2106,2026-04-07,ORDINARIA
54,2107,2026-04-08,EXTRAORDINARIA
54,2108,2026-04-08,ORDINARIA
54,2109,2026-04-09,ORDINARIA
54,2112,2026-04-14,ORDINARIA
54,2113,2026-04-14,EXTRAORDINARIA
54,2114,2026-04-15,ORDINARIA
54,2115,2026-04-29,EXTRAORDINARIA
54,2116,2026-04-16,ORDINARIA
54,2118,2026-04-22,ORDINARIA
54,2119,2026-04-23,ORDINARIA
54,2122,2026-04-28,ORDINARIA
54,2125,2026-04-29,ORDINARIA
54,2126,2026-03-17,ORDINARIA
54,2127,2026-03-18,ORDINARIA
54,2128,2026-03-25,EXTRAORDINARIA
54,2131,2026-03-19,ORDINARIA
54,2136,2026-03-24,ORDINARIA
54,2138,2026-03-25,ORDINARIA
54,2139,2026-03-25,EXTRAORDINARIA
54,2141,2026-03-26,ORDINARIA
54,2143,2026-03-31,ORDINARIA
54,2145,2026-04-30,ORDINARIA
54,2148,2026-05-05,ORDINARIA
54,2149,2026-05-12,EXTRAORDINARIA
54,2150,2026-05-06,ORDINARIA
54,2152,2026-05-07,ORDINARIA
54,2159,2026-05-12,ORDINARIA
54,2161,2026-05-13,ORDINARIA
54,2163,2026-05-14,ORDINARIA
54,2170,2026-05-19,ORDINARIA
54,2171,2026-03-10,ORDINARIA
54,2172,2026-03-17,EXTRAORDINARIA
54,2173,2026-03-11,ORDINARIA
54,2176,2026-03-12,ORDINARIA
54,2183,2026-05-19,EXTRAORDINARIA
54,2185,2026-05-20,ORDINARIA
54,2186,2026-06-09,EXTRAORDINARIA
54,2188,2026-05-21,ORDINARIA
54,2191,2026-05-26,ORDINARIA
54,2192,2026-05-27,ORDINARIA
54,2193,2026-05-28,ORDINARIA
54,2199,2026-06-02,ORDINARIA
54,2200,2026-06-03,ORDINARIA
54,2203,2026-06-09,ORDINARIA
54,2204,2026-06-10,ORDINARIA
54,2205,2026-06-11,ORDINARIA
54,2213,2026-06-23,ORDINARIA
54,2218,2026-06-30,ORDINARIA
54,2219,2026-06-30,EXTRAORDINARIA
54,2220,2026-06-30,EXTRAORDINARIA
54,2225,2026-08-04,ORDINARIA
54,2228,2026-08-05,ORDINARIA
54,2229,2026-08-06,ORDINARIA
54,2233,2026-06-16,ORDINARIA
54,2234,2026-06-16,EXTRAORDINARIA
54,2235,2026-06-30,EXTRAORDINARIA
54,2237,2026-06-17,ORDINARIA
54,2239,2026-06-18,ORDINARIA
54,2241,2026-08-11,ORDINARIA
54,2244,2026-08-12,ORDINARIA
54,2245,2026-08-13,ORDINARIA
54,2250,2026-08-18,ORDINARIA
54,2253,2026-08-19,ORDINARIA
54,2255,2026-08-20,ORDINARIA
54,2258,2026-08-25,ORDINARIA
55,4,2020-02-04,SESSAO ORDINARIA
55,5,2020-02-05,SESSAO ORDINARIA
55,6,2020-02-11,SESSAO ORDINARIA
55,7,2020-02-11,SESSAO EXTRAORDINARIA
55,8,2020-02-12,SESSAO ORDINARIA
55,9,2020-02-13,SESSAO ORDINARIA
55,10,2020-02-18,SESSAO ORDINARIA
55,11,2020-02-19,SESSAO ORDINARIA
55,12,2020-02-20,SESSAO ORDINARIA
55,13,2020-02-27,SESSAO ORDINARIA
55,14,2020-03-03,SESSAO ORDINARIA
55,15,2020-03-04,SESSAO ORDINARIA
55,16,2020-03-05,SESSAO ORDINARIA
55,17,2020-03-10,SESSAO ORDINARIA
55,18,2020-03-11,SESSAO ORDINARIA
55,19,2020-03-11,SESSAO EXTRAORDINARIA
55,20,2020-03-12,SESSAO ORDINARIA
55,21,2020-03-16,SESSAO EXTRAORDINARIA
55,22,2020-03-16,SESSAO EXTRAORDINARIA
55,23,2020-03-17,SESSAO ORDINARIA
55,24,2020-03-17,SESSAO EXTRAORDINARIA
55,25,2020-03-24,SESSAO EXTRAORDINARIA
55,26,2020-03-24,SESSAO EXTRAORDINARIA
55,27,2020-03-25,SESSAO EXTRAORDINARIA
55,28,2020-03-25,SESSAO EXTRAORDINARIA
55,29,2020-03-25,SESSAO EXTRAORDINARIA
55,30,2020-03-25,SESSAO EXTRAORDINARIA
55,31,2020-03-31,SESSAO EXTRAORDINARIA
55,32,2020-03-31,SESSAO EXTRAORDINARIA
55,33,2020-03-31,SESSAO EXTRAORDINARIA
55,34,2020-04-07,SESSAO EXTRAORDINARIA
55,35,2020-04-01,SESSAO EXTRAORDINARIA
55,36,2020-04-01,SESSAO EXTRAORDINARIA
55,37,2020-04-07,SESSAO EXTRAORDINARIA
55,38,2020-04-08,SESSAO EXTRAORDINARIA
55,39,2020-04-14,SESSAO EXTRAORDINARIA
55,40,2020-04-14,SESSAO EXTRAORDINARIA
55,41,2020-04-14,SESSAO EXTRAORDINARIA
55,42,2020-04-15,SESSAO EXTRAORDINARIA
55,43,2020-04-15,SESSAO EXTRAORDINARIA
55,44,2020-04-22,SESSAO EXTRAORDINARIA
55,45,2020-04-22,SESSAO EXTRAORDINARIA
55,46,2020-04-22,SESSAO EXTRAORDINARIA
55,47,2020-04-22,SESSAO EXTRAORDINARIA
55,48,2020-04-28,SESSAO EXTRAORDINARIA
55,49,2020-04-28,SESSAO EXTRAORDINARIA
55,50,2020-04-29,SESSAO EXTRAORDINARIA
55,51,2020-04-29,SESSAO EXTRAORDINARIA
55,52,2020-05-05,SESSAO EXTRAORDINARIA
55,53,2020-05-05,SESSAO EXTRAORDINARIA
55,54,2020-05-19,SESSAO EXTRAORDINARIA
55,55,2020-05-19,SESSAO EXTRAORDINARIA
55,56,2020-05-20,SESSAO EXTRAORDINARIA
55,57,2020-05-20,SESSAO EXTRAORDINARIA
55,58,2020-05-20,SESSAO EXTRAORDINARIA
55,59,2020-05-26,SESSAO EXTRAORDINARIA
55,60,2020-05-27,SESSAO EXTRAORDINARIA
55,61,2020-06-02,SESSAO EXTRAORDINARIA
55,62,2020-06-02,SESSAO EXTRAORDINARIA
55,63,2020-06-09,SESSAO EXTRAORDINARIA
55,64,2020-06-10,SESSAO EXTRAORDINARIA
55,65,2020-06-10,SESSAO EXTRAORDINARIA
55,66,2020-06-10,SESSAO EXTRAORDINARIA
55,67,2020-06-16,SESSAO EXTRAORDINARIA
55,68,2020-06-16,SESSAO EXTRAORDINARIA
55,69,2020-06-17,SESSAO EXTRAORDINARIA
55,70,2020-06-17,SESSAO EXTRAORDINARIA
55,71,2020-06-18,SESSAO EXTRAORDINARIA
55,72,2020-06-23,SESSAO EXTRAORDINARIA
55,73,2020-06-24,SESSAO EXTRAORDINARIA
55,74,2020-06-24,SESSAO EXTRAORDINARIA
55,75,2020-06-30,SESSAO EXTRAORDINARIA
55,76,2020-06-30,SESSAO EXTRAORDINARIA
55,77,2020-08-04,SESSAO EXTRAORDINARIA
55,78,2020-08-05,SESSAO EXTRAORDINARIA
55,79,2020-08-11,SESSAO EXTRAORDINARIA
55,80,2020-08-11,SESSAO EXTRAORDINARIA
55,81,2020-08-12,SESSAO EXTRAORDINARIA
55,82,2020-08-12,SESSAO EXTRAORDINARIA
55,83,2020-08-18,SESSAO EXTRAORDINARIA
55,84,2020-08-19,SESSAO EXTRAORDINARIA
55,85,2020-08-19,SESSAO EXTRAORDINARIA
55,86,2020-08-25,SESSAO EXTRAORDINARIA
55,87,2020-08-26,SESSAO EXTRAORDINARIA
55,88,2020-09-01,SESSAO EXTRAORDINARIA
55,89,2020-09-02,SESSAO EXTRAORDINARIA
55,90,2020-09-08,SESSAO EXTRAORDINARIA
55,91,2020-09-09,SESSAO EXTRAORDINARIA
55,92,2020-09-15,SESSAO EXTRAORDINARIA
55,93,2020-09-16,SESSAO EXTRAORDINARIA
55,94,2020-09-17,SESSAO EXTRAORDINARIA
55,95,2020-09-22,SESSAO EXTRAORDINARIA
55,96,2020-09-23,SESSAO EXTRAORDINARIA
55,97,2020-09-23,SESSAO EXTRAORDINARIA
55,98,2020-09-29,SESSAO EXTRAORDINARIA
55,99,2020-09-29,SESSAO EXTRAORDINARIA
55,100,2020-09-30,SESSAO EXTRAORDINARIA
55,101,2020-10-06,SESSAO EXTRAORDINARIA
55,102,2020-10-07,SESSAO EXTRAORDINARIA
55,103,2020-10-07,SESSAO EXTRAORDINARIA
55,104,2020-10-13,SESSAO EXTRAORDINARIA
55,105,2020-10-14,SESSAO EXTRAORDINARIA
55,106,2020-10-14,SESSAO EXTRAORDINARIA
55,107,2020-10-15,SESSAO EXTRAORDINARIA
55,108,2020-10-20,SESSAO EXTRAORDINARIA
55,109,2020-10-21,SESSAO EXTRAORDINARIA
55,110,2020-10-21,SESSAO EXTRAORDINARIA
55,111,2020-10-27,SESSAO EXTRAORDINARIA
55,112,2020-10-28,SESSAO EXTRAORDINARIA
55,113,2020-10-28,SESSAO EXTRAORDINARIA
55,114,2020-11-03,SESSAO EXTRAORDINARIA
55,115,2020-11-03,SESSAO EXTRAORDINARIA
55,116,2020-11-04,SESSAO EXTRAORDINARIA
55,117,2020-11-10,SESSAO EXTRAORDINARIA
55,118,2020-11-10,SESSAO EXTRAORDINARIA
55,119,2020-11-11,SESSAO EXTRAORDINARIA
55,120,2020-11-17,SESSAO EXTRAORDINARIA
55,121,2020-11-17,SESSAO EXTRAORDINARIA
55,122,2020-11-18,SESSAO EXTRAORDINARIA
55,123,2020-11-24,SESSAO EXTRAORDINARIA
55,124,2020-11-25,SESSAO EXTRAORDINARIA
55,125,2020-11-25,SESSAO EXTRAORDINARIA
55,126,2020-12-01,SESSAO EXTRAORDINARIA
55,127,2020-12-01,SESSAO EXTRAORDINARIA
55,128,2020-12-02,SESSAO EXTRAORDINARIA
55,129,2020-12-08,SESSAO EXTRAORDINARIA
55,130,2020-12-09,SESSAO EXTRAORDINARIA
55,131,2020-12-09,SESSAO EXTRAORDINARIA
55,132,2020-12-10,SESSAO EXTRAORDINARIA
55,133,2020-12-10,SESSAO EXTRAORDINARIA
55,134,2020-12-10,SESSAO EXTRAORDINARIA
55,135,2020-12-15,SESSAO EXTRAORDINARIA
55,136,2021-02-02,SESSAO PREPARATORIA
55,137,2021-02-03,SESSAO EXTRAORDINARIA
55,138,2021-02-09,SESSAO EXTRAORDINARIA
55,139,2021-02-10,SESSAO EXTRAORDINARIA
55,140,2021-02-23,SESSAO EXTRAORDINARIA
55,141,2021-02-23,SESSAO EXTRAORDINARIA
55,142,2021-02-24,SESSAO EXTRAORDINARIA
55,143,2021-03-02,SESSAO EXTRAORDINARIA
55,144,2021-03-03,SESSAO EXTRAORDINARIA
55,145,2021-03-09,SESSAO EXTRAORDINARIA
55,146,2021-03-09,SESSAO EXTRAORDINARIA
55,147,2021-03-10,SESSAO EXTRAORDINARIA
55,148,2021-03-16,SESSAO EXTRAORDINARIA
55,149,2021-03-17,SESSAO EXTRAORDINARIA
55,150,2021-03-23,SESSAO EXTRAORDINARIA
55,151,2021-03-24,SESSAO EXTRAORDINARIA
55,152,2021-03-30,SESSAO EXTRAORDINARIA
55,153,2021-03-30,SESSAO EXTRAORDINARIA
55,154,2021-03-31,SESSAO EXTRAORDINARIA
55,155,2021-04-06,SESSAO EXTRAORDINARIA
55,156,2021-04-06,SESSAO EXTRAORDINARIA
55,157,2021-04-07,SESSAO EXTRAORDINARIA
55,158,2021-04-13,SESSAO EXTRAORDINARIA
55,159,2021-04-14,SESSAO EXTRAORDINARIA
55,160,2021-04-14,SESSAO EXTRAORDINARIA
55,161,2021-04-20,SESSAO EXTRAORDINARIA
55,162,2021-04-27,SESSAO EXTRAORDINARIA
55,163,2021-04-27,SESSAO EXTRAORDINARIA
55,164,2021-04-27,SESSAO EXTRAORDINARIA
55,165,2021-04-28,SESSAO EXTRAORDINARIA
55,166,2021-05-04,SESSAO EXTRAORDINARIA
55,167,2021-05-05,SESSAO EXTRAORDINARIA
55,168,2021-05-11,SESSAO EXTRAORDINARIA
55,169,2021-05-11,SESSAO EXTRAORDINARIA
55,170,2021-05-12,SESSAO EXTRAORDINARIA
55,171,2021-05-18,SESSAO EXTRAORDINARIA
55,172,2021-05-19,SESSAO EXTRAORDINARIA
55,173,2021-05-19,SESSAO EXTRAORDINARIA
55,174,2021-05-25,SESSAO EXTRAORDINARIA
55,175,2021-05-25,SESSAO EXTRAORDINARIA
55,176,2021-05-26,SESSAO EXTRAORDINARIA
55,177,2021-06-01,SESSAO EXTRAORDINARIA
55,178,2021-06-02,SESSAO EXTRAORDINARIA
55,179,2021-06-08,SESSAO EXTRAORDINARIA
55,180,2021-06-08,SESSAO EXTRAORDINARIA
55,181,2021-06-09,SESSAO EXTRAORDINARIA
55,182,2021-06-15,SESSAO EXTRAORDINARIA
55,183,2021-06-15,SESSAO EXTRAORDINARIA
55,184,2021-06-16,SESSAO EXTRAORDINARIA
55,185,2021-06-22,SESSAO EXTRAORDINARIA
55,186,2021-06-23,SESSAO EXTRAORDINARIA
55,187,2021-06-23,SESSAO EXTRAORDINARIA
55,188,2021-06-29,SESSAO EXTRAORDINARIA
55,189,2021-06-29,SESSAO EXTRAORDINARIA
55,190,2021-08-03,SESSAO ORDINARIA
55,191,2022-02-01,SESSAO ORDINARIA
55,192,2021-08-04,SESSAO ORDINARIA
55,193,2021-08-04,SESSAO EXTRAORDINARIA
55,194,2021-08-05,SESSAO ORDINARIA
55,195,2021-08-05,SESSAO ORDINARIA
55,196,2021-08-10,SESSAO ORDINARIA
55,197,2021-08-10,SESSAO EXTRAORDINARIA
55,198,2021-08-11,SESSAO ORDINARIA
55,199,2021-08-12,SESSAO ORDINARIA
55,200,2021-08-17,SESSAO ORDINARIA
55,201,2021-08-17,SESSAO EXTRAORDINARIA
55,202,2021-08-17,SESSAO EXTRAORDINARIA
55,203,2021-08-18,SESSAO ORDINARIA
55,204,2021-08-19,SESSAO ORDINARIA
55,205,2021-08-24,SESSAO ORDINARIA
55,206,2021-08-25,SESSAO ORDINARIA
55,207,2021-08-26,SESSAO ORDINARIA
55,208,2021-08-31,SESSAO ORDINARIA
55,209,2021-08-31,SESSAO EXTRAORDINARIA
55,210,2021-08-31,SESSAO EXTRAORDINARIA
55,211,2021-09-01,SESSAO ORDINARIA
55,212,2021-09-02,SESSAO ORDINARIA
55,213,2021-09-08,SESSAO ORDINARIA
55,214,2021-09-09,SESSAO ORDINARIA
55,215,2021-09-14,SESSAO ORDINARIA
55,216,2021-09-15,SESSAO ORDINARIA
55,217,2021-09-15,SESSAO EXTRAORDINARIA
55,218,2021-09-16,SESSAO ORDINARIA
55,219,2021-09-21,SESSAO ORDINARIA
55,220,2021-09-21,SESSAO EXTRAORDINARIA
55,221,2021-09-22,SESSAO ORDINARIA
55,222,2021-09-23,SESSAO ORDINARIA
55,223,2021-09-28,SESSAO ORDINARIA
55,224,2021-09-29,SESSAO ORDINARIA
55,225,2021-09-30,SESSAO ORDINARIA
55,226,2021-10-05,SESSAO ORDINARIA
55,227,2021-10-05,SESSAO EXTRAORDINARIA
55,228,2021-10-06,SESSAO ORDINARIA
55,229,2021-10-06,SESSAO EXTRAORDINARIA
55,230,2021-10-06,SESSAO EXTRAORDINARIA
55,231,2021-10-07,SESSAO ORDINARIA
55,232,2021-10-13,SESSAO ORDINARIA
55,233,2021-10-14,SESSAO ORDINARIA
55,234,2021-10-19,SESSAO ORDINARIA
55,235,2021-10-20,SESSAO ORDINARIA
55,236,2021-10-20,SESSAO EXTRAORDINARIA
55,237,2021-10-21,SESSAO ORDINARIA
55,238,2021-10-26,SESSAO ORDINARIA
55,239,2021-10-27,SESSAO ORDINARIA
55,240,2021-10-28,SESSAO ORDINARIA
55,241,2021-11-03,SESSAO ORDINARIA
55,242,2021-11-03,SESSAO EXTRAORDINARIA
55,243,2021-11-03,SESSAO EXTRAORDINARIA
55,244,2021-11-04,SESSAO ORDINARIA
55,245,2021-11-09,SESSAO ORDINARIA
55,246,2021-11-09,SESSAO EXTRAORDINARIA
55,247,2021-11-10,SESSAO ORDINARIA
55,248,2021-11-10,SESSAO EXTRAORDINARIA
55,249,2021-11-11,SESSAO ORDINARIA
55,250,2021-11-16,SESSAO ORDINARIA
55,251,2021-11-17,SESSAO ORDINARIA
55,252,2021-11-18,SESSAO ORDINARIA
55,253,2021-11-23,SESSAO ORDINARIA
55,254,2021-11-23,SESSAO EXTRAORDINARIA
55,255,2021-11-24,SESSAO ORDINARIA
55,256,2021-11-25,SESSAO ORDINARIA
55,257,2021-12-01,SESSAO ORDINARIA
55,258,2021-12-01,SESSAO EXTRAORDINARIA
55,259,2021-12-02,SESSAO EXTRAORDINARIA
55,260,2021-12-02,SESSAO ORDINARIA
55,261,2021-12-07,SESSAO ORDINARIA
55,262,2021-12-07,SESSAO EXTRAORDINARIA
55,263,2021-12-08,SESSAO ORDINARIA
55,264,2021-12-08,SESSAO EXTRAORDINARIA
55,265,2021-12-09,SESSAO ORDINARIA
55,266,2021-12-09,SESSAO EXTRAORDINARIA
55,267,2021-12-14,SESSAO EXTRAORDINARIA
55,268,2021-12-14,SESSAO ORDINARIA
55,269,2021-12-14,SESSAO EXTRAORDINARIA
55,270,2021-12-14,SESSAO EXTRAORDINARIA
55,271,2021-12-14,SESSAO EXTRAORDINARIA
55,272,2021-12-15,SESSAO ORDINARIA
55,273,2022-02-02,SESSAO ORDINARIA
55,274,2022-02-03,SESSAO ORDINARIA
55,275,2022-02-08,SESSAO ORDINARIA
55,276,2022-02-08,SESSAO EXTRAORDINARIA
55,277,2022-02-08,SESSAO EXTRAORDINARIA
55,278,2022-02-09,SESSAO ORDINARIA
55,279,2022-02-10,SESSAO ORDINARIA
55,280,2022-02-15,SESSAO ORDINARIA
55,281,2022-02-15,SESSAO EXTRAORDINARIA
55,282,2022-02-16,SESSAO ORDINARIA
55,283,2022-02-16,SESSAO EXTRAORDINARIA
55,284,2022-02-17,SESSAO ORDINARIA
55,285,2022-02-22,SESSAO ORDINARIA
55,286,2022-02-22,SESSAO EXTRAORDINARIA
55,287,2022-02-23,SESSAO ORDINARIA
55,288,2022-03-08,SESSAO EXTRAORDINARIA
55,289,2022-02-24,SESSAO ORDINARIA
55,290,2022-03-03,SESSAO ORDINARIA
55,291,2022-03-08,SESSAO ORDINARIA
55,292,2022-03-09,SESSAO ORDINARIA
55,293,2022-03-09,SESSAO EXTRAORDINARIA
55,294,2022-03-10,SESSAO ORDINARIA
55,302,2022-03-29,SESSAO EXTRAORDINARIA
55,304,2022-03-29,SESSAO ORDINARIA
55,305,2022-03-30,SESSAO ORDINARIA
55,306,2022-03-30,SESSAO EXTRAORDINARIA
55,307,2022-03-31,SESSAO EXTRAORDINARIA
55,308,2022-03-31,SESSAO ORDINARIA
55,309,2022-03-31,SESSAO EXTRAORDINARIA
55,310,2022-03-31,SESSAO EXTRAORDINARIA
55,311,2022-03-31,SESSAO EXTRAORDINARIA
55,312,2022-04-05,SESSAO ORDINARIA
55,313,2022-04-12,SESSAO EXTRAORDINARIA
55,314,2022-04-06,SESSAO ORDINARIA
55,315,2022-04-12,SESSAO EXTRAORDINARIA
55,316,2022-05-10,SESSAO EXTRAORDINARIA
55,317,2022-04-07,SESSAO ORDINARIA
55,318,2022-04-12,SESSAO ORDINARIA
55,319,2022-04-13,SESSAO ORDINARIA
55,320,2022-04-19,SESSAO ORDINARIA
55,321,2022-04-20,SESSAO ORDINARIA
55,322,2022-04-26,SESSAO ORDINARIA
55,323,2022-04-27,SESSAO ORDINARIA
55,324,2022-04-28,SESSAO ORDINARIA
55,325,2022-05-03,SESSAO ORDINARIA
55,326,2022-05-04,SESSAO ORDINARIA
55,327,2022-05-05,SESSAO ORDINARIA
55,328,2022-05-10,SESSAO ORDINARIA
55,329,2022-05-11,SESSAO ORDINARIA
55,330,2022-05-17,SESSAO EXTRAORDINARIA
55,331,2022-05-12,SESSAO ORDINARIA
55,332,2022-06-07,SESSAO EXTRAORDINARIA
55,333,2022-05-12,SESSAO ORDINARIA
55,334,2022-05-17,SESSAO ORDINARIA
55,335,2022-05-18,SESSAO ORDINARIA
55,336,2022-05-19,SESSAO ORDINARIA
55,337,2022-05-24,SESSAO ORDINARIA
55,338,2022-05-25,SESSAO ORDINARIA
55,339,2022-05-26,SESSAO ORDINARIA
55,340,2022-05-31,SESSAO ORDINARIA
55,341,2022-06-01,SESSAO ORDINARIA
55,342,2022-06-02,SESSAO ORDINARIA
55,343,2022-06-07,SESSAO ORDINARIA
55,344,2022-06-08,SESSAO ORDINARIA
55,345,2022-06-21,SESSAO EXTRAORDINARIA
55,346,2022-06-09,SESSAO ORDINARIA
55,347,2022-06-14,SESSAO ORDINARIA
55,348,2022-06-15,SESSAO ORDINARIA
55,349,2022-06-21,SESSAO ORDINARIA
55,350,2022-06-22,SESSAO ORDINARIA
55,351,2022-06-23,SESSAO ORDINARIA
55,352,2022-06-28,SESSAO ORDINARIA
55,353,2022-06-29,SESSAO EXTRAORDINARIA
55,354,2022-06-29,SESSAO ORDINARIA
55,355,2022-06-29,SESSAO EXTRAORDINARIA
55,356,2022-06-30,SESSAO ORDINARIA
55,357,2022-08-02,SESSAO ORDINARIA
55,358,2022-08-30,SESSAO EXTRAORDINARIA
55,359,2022-08-03,SESSAO ORDINARIA
55,360,2022-08-04,SESSAO ORDINARIA
55,361,2022-08-09,SESSAO ORDINARIA
55,362,2022-08-10,SESSAO ORDINARIA
55,363,2022-08-11,SESSAO ORDINARIA
55,364,2022-08-16,SESSAO ORDINARIA
55,365,2022-08-17,SESSAO ORDINARIA
55,366,2022-08-18,SESSAO ORDINARIA
55,367,2022-08-23,SESSAO ORDINARIA
55,368,2022-08-24,SESSAO ORDINARIA
55,369,2022-08-25,SESSAO ORDINARIA
55,370,2022-08-30,SESSAO ORDINARIA
55,371,2022-08-31,SESSAO ORDINARIA
55,372,2022-09-13,SESSAO EXTRAORDINARIA
55,373,2022-09-01,SESSAO ORDINARIA
55,374,2022-09-08,SESSAO ORDINARIA
55,375,2022-09-13,SESSAO ORDINARIA
55,376,2022-09-14,SESSAO ORDINARIA
55,377,2022-09-15,SESSAO ORDINARIA
55,378,2022-09-20,SESSAO ORDINARIA
55,379,2022-10-25,SESSAO EXTRAORDINARIA
55,380,2022-09-21,SESSAO ORDINARIA
55,381,2022-09-22,SESSAO ORDINARIA
55,382,2022-09-27,SESSAO ORDINARIA
55,383,2022-09-28,SESSAO ORDINARIA
55,384,2022-09-29,SESSAO ORDINARIA
55,385,2022-10-04,SESSAO ORDINARIA
55,386,2022-10-05,SESSAO ORDINARIA
55,387,2022-10-06,SESSAO ORDINARIA
55,388,2022-10-11,SESSAO ORDINARIA
55,389,2022-10-13,SESSAO ORDINARIA
55,390,2022-10-18,SESSAO ORDINARIA
55,391,2022-10-19,SESSAO ORDINARIA
55,392,2022-10-20,SESSAO ORDINARIA
55,393,2022-10-25,SESSAO ORDINARIA
55,394,2022-10-25,SESSAO EXTRAORDINARIA
55,395,2022-10-26,SESSAO ORDINARIA
55,396,2022-10-27,SESSAO ORDINARIA
55,397,2022-11-03,SESSAO ORDINARIA
55,398,2022-11-08,SESSAO ORDINARIA
55,399,2022-11-08,SESSAO EXTRAORDINARIA
55,400,2022-11-09,SESSAO ORDINARIA
55,401,2022-11-22,SESSAO EXTRAORDINARIA
55,402,2022-11-10,SESSAO ORDINARIA
55,403,2022-12-06,SESSAO EXTRAORDINARIA
55,404,2022-11-16,SESSAO ORDINARIA
55,405,2022-11-17,SESSAO ORDINARIA
55,406,2022-11-22,SESSAO ORDINARIA
55,407,2022-11-23,SESSAO ORDINARIA
55,408,2022-11-29,SESSAO ORDINARIA
55,409,2022-12-01,SESSAO ORDINARIA
55,410,2022-12-06,SESSAO ORDINARIA
55,411,2022-12-07,SESSAO ORDINARIA
55,412,2022-12-07,SESSAO EXTRAORDINARIA
55,413,2022-12-08,SESSAO ORDINARIA
55,414,2022-12-13,SESSAO ORDINARIA
55,415,2022-12-13,SESSAO EXTRAORDINARIA
55,416,2022-12-14,SESSAO ORDINARIA
55,417,2022-12-15,SESSAO ORDINARIA
55,418,2023-02-01,SESSAO ORDINARIA
55,419,2023-02-02,SESSAO ORDINARIA
55,420,2023-02-07,SESSAO ORDINARIA
55,421,2023-02-08,SESSAO ORDINARIA
55,422,2023-02-14,SESSAO EXTRAORDINARIA
55,423,2023-02-09,SESSAO ORDINARIA
55,424,2023-02-16,SESSAO EXTRAORDINARIA
55,425,2023-02-14,SESSAO ORDINARIA
55,426,2023-02-15,SESSAO ORDINARIA
55,427,2023-02-16,SESSAO ORDINARIA
55,428,2023-02-23,SESSAO ORDINARIA
55,429,2023-02-28,SESSAO ORDINARIA
55,430,2023-03-01,SESSAO ORDINARIA
55,431,2023-03-21,SESSAO EXTRAORDINARIA
55,432,2023-03-02,SESSAO ORDINARIA
55,433,2023-03-07,SESSAO ORDINARIA
55,434,2023-03-08,SESSAO ORDINARIA
55,435,2023-03-09,SESSAO ORDINARIA
55,436,2023-03-14,SESSAO ORDINARIA
55,437,2023-03-15,SESSAO ORDINARIA
55,438,2023-03-16,SESSAO ORDINARIA
55,439,2023-03-21,SESSAO ORDINARIA
55,440,2023-03-22,SESSAO ORDINARIA
55,441,2023-03-23,SESSAO ORDINARIA
55,442,2023-03-21,SESSAO EXTRAORDINARIA
55,443,2023-04-04,SESSAO EXTRAORDINARIA
55,444,2023-03-28,SESSAO ORDINARIA
55,445,2023-03-29,SESSAO ORDINARIA
55,446,2023-03-30,SESSAO ORDINARIA
55,447,2023-04-04,SESSAO ORDINARIA
55,448,2023-04-05,SESSAO ORDINARIA
55,449,2023-04-11,SESSAO EXTRAORDINARIA
55,450,2023-04-11,SESSAO ORDINARIA
55,451,2023-04-12,SESSAO ORDINARIA
55,452,2023-04-13,SESSAO ORDINARIA
55,453,2023-04-18,SESSAO ORDINARIA
55,454,2023-04-19,SESSAO ORDINARIA
55,455,2023-04-20,SESSAO ORDINARIA
55,456,2023-04-25,SESSAO ORDINARIA
55,457,2023-04-26,SESSAO ORDINARIA
55,458,2023-04-27,SESSAO ORDINARIA
55,459,2023-05-02,SESSAO ORDINARIA
55,460,2023-05-03,SESSAO ORDINARIA
55,461,2023-05-04,SESSAO ORDINARIA
55,462,2023-05-09,SESSAO EXTRAORDINARIA
55,463,2023-05-09,SESSAO ORDINARIA
55,464,2023-05-10,SESSAO ORDINARIA
55,465,2023-05-11,SESSAO ORDINARIA
55,466,2023-05-16,SESSAO EXTRAORDINARIA
55,467,2023-05-16,SESSAO ORDINARIA
55,468,2023-05-17,SESSAO ORDINARIA
55,469,2023-05-18,SESSAO ORDINARIA
55,470,2023-05-23,SESSAO ORDINARIA
55,471,2023-05-24,SESSAO ORDINARIA
55,472,2023-05-25,SESSAO ORDINARIA
55,473,2023-05-30,SESSAO ORDINARIA
55,474,2023-05-31,SESSAO EXTRAORDINARIA
55,475,2023-05-31,SESSAO ORDINARIA
55,476,2023-06-01,SESSAO ORDINARIA
55,477,2023-06-06,SESSAO ORDINARIA
55,478,2023-06-07,SESSAO ORDINARIA
55,479,2023-06-13,SESSAO ORDINARIA
55,480,2023-06-14,SESSAO ORDINARIA
55,481,2023-06-20,SESSAO EXTRAORDINARIA
55,482,2023-06-20,SESSAO ORDINARIA
55,483,2023-06-21,SESSAO ORDINARIA
55,484,2023-06-22,SESSAO ORDINARIA
55,485,2023-06-27,SESSAO EXTRAORDINARIA
55,486,2023-06-27,SESSAO ORDINARIA
55,487,2023-08-01,SESSAO ORDINARIA
55,488,2023-08-02,SESSAO ORDINARIA
55,489,2023-08-03,SESSAO ORDINARIA
55,490,2023-08-08,SESSAO ORDINARIA
55,491,2023-08-09,SESSAO ORDINARIA
55,492,2023-08-10,SESSAO ORDINARIA
55,493,2023-08-15,SESSAO ORDINARIA
55,494,2023-08-15,SESSAO EXTRAORDINARIA
55,495,2023-08-16,SESSAO ORDINARIA
55,496,2023-08-22,SESSAO ORDINARIA
55,497,2023-08-22,SESSAO EXTRAORDINARIA
55,498,2023-08-23,SESSAO ORDINARIA
55,499,2023-08-24,SESSAO ORDINARIA
55,500,2023-08-29,SESSAO ORDINARIA
55,501,2023-08-29,SESSAO EXTRAORDINARIA
55,502,2023-08-29,SESSAO EXTRAORDINARIA
55,503,2023-08-30,SESSAO ORDINARIA
55,504,2023-08-31,SESSAO ORDINARIA
55,505,2023-09-05,SESSAO ORDINARIA
55,506,2023-09-12,SESSAO ORDINARIA
55,507,2023-09-13,SESSAO ORDINARIA
55,508,2023-09-19,SESSAO EXTRAORDINARIA
55,509,2023-09-19,SESSAO ORDINARIA
55,510,2023-09-20,SESSAO ORDINARIA
55,511,2023-09-21,SESSAO ORDINARIA
55,512,2023-09-26,SESSAO EXTRAORDINARIA
55,513,2023-09-26,SESSAO ORDINARIA
55,514,2023-09-27,SESSAO ORDINARIA
55,515,2023-09-28,SESSAO ORDINARIA
55,516,2023-10-03,SESSAO EXTRAORDINARIA
55,517,2023-10-03,SESSAO ORDINARIA
55,518,2023-10-04,SESSAO ORDINARIA
55,519,2023-10-05,SESSAO ORDINARIA
55,520,2023-10-10,SESSAO ORDINARIA
55,521,2023-10-10,SESSAO EXTRAORDINARIA
55,522,2023-10-11,SESSAO ORDINARIA
55,523,2023-10-17,SESSAO EXTRAORDINARIA
55,524,2023-10-17,SESSAO ORDINARIA
55,525,2023-10-18,SESSAO ORDINARIA
55,526,2023-10-19,SESSAO ORDINARIA
55,527,2023-10-24,SESSAO EXTRAORDINARIA
55,528,2023-10-24,SESSAO ORDINARIA
55,529,2023-10-25,SESSAO ORDINARIA
55,530,2023-10-31,SESSAO ORDINARIA
55,531,2023-10-31,SESSAO EXTRAORDINARIA
55,532,2023-11-01,SESSAO ORDINARIA
55,533,2023-11-07,SESSAO ORDINARIA
55,534,2023-11-07,SESSAO EXTRAORDINARIA
55,535,2023-11-08,SESSAO ORDINARIA
55,536,2023-11-09,SESSAO ORDINARIA
55,537,2023-11-14,SESSAO EXTRAORDINARIA
55,538,2023-11-14,SESSAO ORDINARIA
55,539,2023-11-16,SESSAO ORDINARIA
55,540,2023-11-21,SESSAO ORDINARIA
55,541,2023-11-21,SESSAO EXTRAORDINARIA
55,542,2023-11-21,SESSAO EXTRAORDINARIA
55,543,2023-11-22,SESSAO ORDINARIA
55,544,2023-11-23,SESSAO ORDINARIA
55,545,2023-11-28,SESSAO EXTRAORDINARIA
55,546,2023-11-28,SESSAO ORDINARIA
55,547,2023-11-28,SESSAO EXTRAORDINARIA
55,548,2023-12-05,SESSAO ORDINARIA
55,549,2023-12-05,SESSAO EXTRAORDINARIA
55,550,2023-12-06,SESSAO ORDINARIA
55,551,2023-12-07,SESSAO ORDINARIA
55,552,2023-12-12,SESSAO EXTRAORDINARIA
55,553,2023-12-12,SESSAO ORDINARIA
55,554,2023-12-13,SESSAO ORDINARIA
55,555,2023-12-13,SESSAO EXTRAORDINARIA
55,556,2023-12-13,SESSAO EXTRAORDINARIA
55,557,2024-02-01,SESSAO ORDINARIA
55,558,2024-02-01,SESSAO EXTRAORDINARIA
55,559,2024-02-01,SESSAO EXTRAORDINARIA
55,560,2024-02-06,SESSAO EXTRAORDINARIA
55,561,2024-02-06,SESSAO ORDINARIA
55,562,2024-02-07,SESSAO ORDINARIA
55,563,2024-02-08,SESSAO ORDINARIA
55,564,2024-02-15,SESSAO ORDINARIA
55,565,2024-02-20,SESSAO EXTRAORDINARIA
55,566,2024-02-20,SESSAO ORDINARIA
55,567,2024-02-21,SESSAO ORDINARIA
55,568,2024-02-22,SESSAO ORDINARIA
55,569,2024-02-27,SESSAO EXTRAORDINARIA
55,570,2024-02-27,SESSAO ORDINARIA
55,571,2024-02-27,SESSAO EXTRAORDINARIA
55,572,2024-02-27,SESSAO EXTRAORDINARIA
55,573,2024-02-28,SESSAO ORDINARIA
55,574,2024-02-29,SESSAO ORDINARIA
55,575,2024-03-05,SESSAO EXTRAORDINARIA
55,576,2024-03-05,SESSAO ORDINARIA
55,577,2024-03-06,SESSAO ORDINARIA
55,578,2024-03-07,SESSAO ORDINARIA
55,579,2024-03-13,SESSAO ORDINARIA
55,580,2024-03-14,SESSAO ORDINARIA
55,581,2024-03-19,SESSAO EXTRAORDINARIA
55,582,2024-03-19,SESSAO ORDINARIA
55,583,2024-03-20,SESSAO ORDINARIA
55,584,2024-03-21,SESSAO ORDINARIA
55,585,2024-03-26,SESSAO EXTRAORDINARIA
55,586,2024-03-26,SESSAO ORDINARIA
55,587,2024-03-27,SESSAO ORDINARIA
55,588,2024-04-02,SESSAO EXTRAORDINARIA
55,589,2024-04-02,SESSAO ORDINARIA
55,590,2024-04-03,SESSAO ORDINARIA
55,591,2024-04-04,SESSAO ORDINARIA
55,592,2024-04-23,SESSAO ORDINARIA
55,593,2024-04-09,SESSAO EXTRAORDINARIA
55,594,2024-04-09,SESSAO ORDINARIA
55,595,2024-04-10,SESSAO ORDINARIA
55,596,2024-04-09,SESSAO EXTRAORDINARIA
55,597,2024-04-11,SESSAO ORDINARIA
55,598,2024-04-23,SESSAO EXTRAORDINARIA
55,599,2024-05-07,SESSAO EXTRAORDINARIA
55,600,2024-04-16,SESSAO ORDINARIA
55,601,2024-04-17,SESSAO ORDINARIA
55,602,2024-04-18,SESSAO ORDINARIA
55,603,2024-04-24,SESSAO ORDINARIA
55,604,2024-04-25,SESSAO ORDINARIA
55,605,2024-05-21,SESSAO EXTRAORDINARIA
55,606,2024-04-30,SESSAO ORDINARIA
55,607,2024-05-02,SESSAO ORDINARIA
55,608,2024-05-07,SESSAO ORDINARIA
55,609,2024-05-08,SESSAO ORDINARIA
55,610,2024-05-09,SESSAO ORDINARIA
55,611,2024-05-28,SESSAO EXTRAORDINARIA
55,612,2024-05-14,SESSAO ORDINARIA
55,613,2024-05-15,SESSAO ORDINARIA
55,614,2024-05-16,SESSAO ORDINARIA
55,615,2024-05-21,SESSAO ORDINARIA
55,616,2024-05-22,SESSAO ORDINARIA
55,617,2024-05-23,SESSAO ORDINARIA
55,618,2024-05-28,SESSAO ORDINARIA
55,619,2024-06-04,SESSAO EXTRAORDINARIA
55,620,2024-05-29,SESSAO ORDINARIA
55,621,2024-06-04,SESSAO EXTRAORDINARIA
55,622,2024-06-04,SESSAO ORDINARIA
55,623,2024-06-05,SESSAO ORDINARIA
55,624,2024-06-11,SESSAO EXTRAORDINARIA
55,625,2024-06-18,SESSAO EXTRAORDINARIA
55,626,2024-06-06,SESSAO ORDINARIA
55,627,2024-06-11,SESSAO ORDINARIA
55,628,2024-06-12,SESSAO ORDINARIA
55,629,2024-06-13,SESSAO ORDINARIA
55,630,2024-06-18,SESSAO ORDINARIA
55,631,2024-06-19,SESSAO ORDINARIA
55,632,2024-06-20,SESSAO ORDINARIA
55,633,2024-06-18,SESSAO EXTRAORDINARIA
55,634,2024-06-19,SESSAO EXTRAORDINARIA
55,635,2024-06-25,SESSAO EXTRAORDINARIA
55,636,2024-06-25,SESSAO ORDINARIA
55,637,2024-08-01,SESSAO ORDINARIA
55,638,2024-08-06,SESSAO ORDINARIA
55,639,2024-08-07,SESSAO EXTRAORDINARIA
55,640,2024-08-07,SESSAO EXTRAORDINARIA
55,641,2024-08-07,SESSAO ORDINARIA
55,642,2024-08-07,SESSAO EXTRAORDINARIA
55,643,2024-08-08,SESSAO ORDINARIA
55,644,2024-08-14,SESSAO ORDINARIA
55,645,2024-08-15,SESSAO ORDINARIA
55,646,2024-08-14,SESSAO EXTRAORDINARIA
55,647,2024-08-20,SESSAO ORDINARIA
55,648,2024-08-21,SESSAO ORDINARIA
55,649,2024-08-27,SESSAO ORDINARIA
55,650,2024-08-28,SESSAO ORDINARIA
55,651,2024-08-29,SESSAO ORDINARIA
55,652,2024-09-03,SESSAO EXTRAORDINARIA
55,653,2024-09-03,SESSAO ORDINARIA
55,654,2024-09-04,SESSAO ORDINARIA
55,655,2024-09-05,SESSAO ORDINARIA
55,656,2024-09-10,SESSAO EXTRAORDINARIA
55,657,2024-09-10,SESSAO ORDINARIA
55,658,2024-09-11,SESSAO ORDINARIA
55,659,2024-09-12,SESSAO ORDINARIA
55,660,2024-09-17,SESSAO ORDINARIA
55,661,2024-09-17,SESSAO EXTRAORDINARIA
55,662,2024-09-18,SESSAO ORDINARIA
55,663,2024-09-19,SESSAO ORDINARIA
55,664,2024-09-24,SESSAO EXTRAORDINARIA
55,665,2024-09-24,SESSAO ORDINARIA
55,666,2024-09-25,SESSAO ORDINARIA
55,667,2024-09-26,SESSAO ORDINARIA
55,668,2024-08-27,SESSAO EXTRAORDINARIA
55,669,2024-10-01,SESSAO EXTRAORDINARIA
55,670,2024-10-01,SESSAO ORDINARIA
55,671,2024-10-02,SESSAO ORDINARIA
55,672,2024-10-03,SESSAO ORDINARIA
55,673,2024-10-08,SESSAO EXTRAORDINARIA
55,674,2024-10-08,SESSAO ORDINARIA
55,675,2024-10-09,SESSAO ORDINARIA
55,676,2024-10-10,SESSAO ORDINARIA
55,677,2024-10-15,SESSAO ORDINARIA
55,678,2024-10-16,SESSAO ORDINARIA
55,679,2024-10-17,SESSAO ORDINARIA
55,680,2024-10-22,SESSAO EXTRAORDINARIA
55,681,2024-10-22,SESSAO ORDINARIA
55,682,2024-10-23,SESSAO ORDINARIA
55,683,2024-10-24,SESSAO ORDINARIA
55,684,2024-10-29,SESSAO EXTRAORDINARIA
55,685,2024-10-29,SESSAO ORDINARIA
55,686,2024-10-30,SESSAO ORDINARIA
55,687,2024-10-30,SESSAO EXTRAORDINARIA
55,688,2024-10-31,SESSAO ORDINARIA
55,689,2024-11-05,SESSAO ORDINARIA
55,690,2024-11-05,SESSAO EXTRAORDINARIA
55,691,2024-11-06,SESSAO ORDINARIA
55,692,2024-11-07,SESSAO ORDINARIA
55,693,2024-11-12,SESSAO EXTRAORDINARIA
55,694,2024-11-12,SESSAO ORDINARIA
55,1693,2024-11-13,SESSAO ORDINARIA
55,1694,2024-11-14,SESSAO ORDINARIA
55,1695,2024-11-19,SESSAO ORDINARIA
55,1696,2024-11-26,SESSAO EXTRAORDINARIA
55,1697,2024-11-26,SESSAO ORDINARIA
55,1698,2024-11-26,SESSAO EXTRAORDINARIA
55,1699,2024-11-27,SESSAO ORDINARIA
55,1700,2024-11-27,SESSAO EXTRAORDINARIA
55,1701,2024-11-28,SESSAO ORDINARIA
55,1702,2024-12-03,SESSAO ORDINARIA
55,1703,2024-12-03,SESSAO EXTRAORDINARIA
55,1704,2024-12-04,SESSAO EXTRAORDINARIA
55,1705,2024-12-04,SESSAO ORDINARIA
55,1706,2024-12-10,SESSAO EXTRAORDINARIA
55,1707,2024-12-10,SESSAO ORDINARIA
55,1708,2024-12-10,SESSAO EXTRAORDINARIA
55,1709,2024-03-12,SESSAO EXTRAORDINARIA
55,1710,2024-03-12,SESSAO EXTRAORDINARIA
55,1711,2024-03-12,SESSAO ORDINARIA
55,1713,2025-02-11,ORDINARIA
55,1715,2025-02-12,ORDINARIA
55,1716,2025-02-13,ORDINARIA
55,1717,2025-02-18,ORDINARIA
55,1719,2025-02-19,ORDINARIA
55,1720,2025-02-25,ORDINARIA
55,1721,2025-02-20,ORDINARIA
55,1724,2025-02-26,ORDINARIA
55,1727,2025-02-27,ORDINARIA
55,1730,2025-03-06,ORDINARIA
55,1733,2025-03-11,ORDINARIA
55,1734,2025-03-11,EXTRAORDINARIA
55,1736,2025-03-12,ORDINARIA
55,1739,2025-03-13,ORDINARIA
55,1740,2025-03-18,EXTRAORDINARIA
55,1741,2025-03-18,ORDINARIA
55,1742,2025-03-18,EXTRAORDINARIA
55,1743,2025-03-18,EXTRAORDINARIA
55,1744,2025-03-19,ORDINARIA
55,1746,2025-03-20,ORDINARIA
55,1752,2025-03-25,ORDINARIA
55,1754,2025-03-25,EXTRAORDINARIA
55,1755,2025-03-26,ORDINARIA
55,1756,2025-04-02,EXTRAORDINARIA
55,1757,2025-03-27,ORDINARIA
55,1759,2025-04-01,ORDINARIA
55,1762,2025-04-02,ORDINARIA
55,1763,2025-04-03,ORDINARIA
55,1765,2025-04-03,ORDINARIA
55,1769,2025-04-08,ORDINARIA
55,1770,2025-04-08,EXTRAORDINARIA
55,1773,2025-04-09,ORDINARIA
55,1775,2025-04-10,ORDINARIA
55,1776,2025-04-10,ORDINARIA
55,1780,2025-04-15,ORDINARIA
55,1783,2025-04-16,ORDINARIA
55,1785,2025-04-22,ORDINARIA
55,1786,2025-04-23,ORDINARIA
55,1788,2025-04-24,ORDINARIA
55,1789,2025-04-24,ORDINARIA
55,1790,2025-04-29,ORDINARIA
55,1792,2025-04-30,ORDINARIA
55,1794,2025-05-06,ORDINARIA
55,1795,2025-05-06,EXTRAORDINARIA
55,1796,2025-05-07,ORDINARIA
55,1797,2025-05-13,EXTRAORDINARIA
55,1798,2025-05-08,ORDINARIA
55,1799,2025-05-08,ORDINARIA
55,1802,2025-05-13,ORDINARIA
55,1803,2025-05-20,EXTRAORDINARIA
55,1805,2025-05-14,ORDINARIA
55,1807,2025-05-27,EXTRAORDINARIA
55,1813,2025-05-20,ORDINARIA
55,1817,2025-05-21,ORDINARIA
55,1819,2025-05-22,ORDINARIA
55,1820,2025-05-27,ORDINARIA
55,1825,2025-05-27,EXTRAORDINARIA
55,1827,2025-05-28,ORDINARIA
55,1829,2025-05-29,ORDINARIA
55,1830,2025-05-29,ORDINARIA
55,1833,2025-06-03,ORDINARIA
55,1834,2025-06-17,EXTRAORDINARIA
55,1836,2025-06-04,ORDINARIA
55,1838,2025-06-05,ORDINARIA
55,1842,2025-06-10,ORDINARIA
55,1844,2025-06-11,ORDINARIA
55,1846,2025-06-12,ORDINARIA
55,1847,2025-06-12,ORDINARIA
55,1848,2025-06-17,ORDINARIA
55,1851,2025-06-17,EXTRAORDINARIA
55,1854,2025-06-18,ORDINARIA
55,1856,2025-06-24,ORDINARIA
55,1858,2025-06-24,EXTRAORDINARIA
55,1859,2025-08-07,EXTRAORDINARIA
55,1862,2025-06-25,ORDINARIA
55,1864,2025-06-26,ORDINARIA
55,1865,2025-06-26,ORDINARIA
55,1870,2025-08-05,ORDINARIA
55,1873,2025-08-06,ORDINARIA
55,1875,2025-08-07,ORDINARIA
55,1876,2025-08-07,EXTRAORDINARIA
55,1879,2025-08-12,ORDINARIA
55,1880,2025-08-12,EXTRAORDINARIA
55,1882,2025-08-13,ORDINARIA
55,1884,2025-08-14,ORDINARIA
55,1885,2025-08-14,ORDINARIA
55,1891,2025-08-19,ORDINARIA
55,1892,2025-08-19,EXTRAORDINARIA
55,1895,2025-08-20,ORDINARIA
55,1896,2025-08-26,EXTRAORDINARIA
55,1897,2025-08-21,SOLENE
55,1899,2025-08-22,SOLENE
55,1903,2025-08-26,ORDINARIA
55,1904,2025-08-27,ORDINARIA
55,1905,2025-09-09,EXTRAORDINARIA
55,1906,2025-08-28,ORDINARIA
55,1907,2025-08-28,ORDINARIA
55,1911,2025-09-02,ORDINARIA
55,1913,2025-09-03,ORDINARIA
55,1914,2025-09-04,ORDINARIA
55,1915,2025-09-04,ORDINARIA
55,1916,2025-09-09,ORDINARIA
55,1917,2025-09-10,ORDINARIA
55,1919,2025-09-11,ORDINARIA
55,1920,2025-09-11,ORDINARIA
55,1927,2025-09-16,ORDINARIA
55,1928,2025-09-16,EXTRAORDINARIA
55,1929,2025-09-23,EXTRAORDINARIA
55,1930,2025-09-17,ORDINARIA
55,1932,2025-09-18,ORDINARIA
55,1933,2025-09-18,ORDINARIA
55,1939,2025-09-23,ORDINARIA
55,1941,2025-09-24,ORDINARIA
55,1944,2025-09-25,ORDINARIA
55,1945,2025-09-25,ORDINARIA
55,1950,2025-09-30,ORDINARIA
55,1951,2025-09-30,EXTRAORDINARIA
55,1954,2025-10-01,ORDINARIA
55,1956,2025-10-02,ORDINARIA
55,1963,2025-10-07,ORDINARIA
55,1964,2025-10-08,EXTRAORDINARIA
55,1966,2025-10-08,ORDINARIA
55,1967,2025-10-09,ORDINARIA
55,1968,2025-10-09,ORDINARIA
55,1974,2025-10-14,ORDINARIA
55,1975,2025-10-15,EXTRAORDINARIA
55,1977,2025-10-15,ORDINARIA
55,1979,2025-10-16,ORDINARIA
55,1985,2025-10-21,ORDINARIA
55,1986,2025-10-21,EXTRAORDINARIA
55,1988,2025-10-22,ORDINARIA
55,1989,2025-11-04,EXTRAORDINARIA
55,1990,2025-10-23,ORDINARIA
55,1992,2025-10-29,ORDINARIA
55,1994,2025-10-30,ORDINARIA
55,1995,2025-10-30,ORDINARIA
55,2000,2025-11-04,ORDINARIA
55,2003,2025-11-05,ORDINARIA
55,2004,2025-11-11,EXTRAORDINARIA
55,2006,2025-11-06,ORDINARIA
55,2013,2025-11-11,ORDINARIA
55,2014,2025-11-11,EXTRAORDINARIA
55,2015,2025-11-11,EXTRAORDINARIA
55,2018,2025-11-12,ORDINARIA
55,2020,2025-11-13,ORDINARIA
55,2027,2025-11-18,ORDINARIA
55,2028,2025-11-25,EXTRAORDINARIA
55,2030,2025-11-19,ORDINARIA
55,2034,2025-11-25,ORDINARIA
55,2035,2025-11-26,EXTRAORDINARIA
55,2037,2025-11-26,ORDINARIA
55,2038,2025-11-26,EXTRAORDINARIA
55,2039,2025-11-27,ORDINARIA
55,2040,2025-11-27,ORDINARIA
55,2045,2025-12-02,ORDINARIA
55,2046,2025-12-02,EXTRAORDINARIA
55,2047,2025-12-03,EXTRAORDINARIA
55,2050,2025-12-03,ORDINARIA
55,2053,2025-12-04,ORDINARIA
55,2057,2025-12-09,ORDINARIA
55,2058,2025-12-09,EXTRAORDINARIA
55,2060,2025-12-10,EXTRAORDINARIA
55,2061,2025-12-10,EXTRAORDINARIA
55,2062,2025-12-10,EXTRAORDINARIA
55,2065,2025-12-15,ORDINARIA
55,2066,2025-12-23,EXTRAORDINARIA
55,2067,2025-12-23,EXTRAORDINARIA
55,2069,2026-02-03,ORDINARIA
55,2070,2026-02-04,ORDINARIA
55,2072,2026-02-05,ORDINARIA
55,2074,2026-02-10,ORDINARIA
55,2075,2026-02-10,EXTRAORDINARIA
55,2078,2026-02-11,ORDINARIA
55,2079,2026-03-03,EXTRAORDINARIA
55,2081,2026-02-12,ORDINARIA
55,2082,2026-02-19,ORDINARIA
55,2084,2026-02-24,ORDINARIA
55,2085,2026-02-25,ORDINARIA
55,2088,2026-02-26,ORDINARIA
55,2092,2026-03-03,ORDINARIA
55,2093,2026-03-04,ORDINARIA
55,2096,2026-03-05,SOLENE
55,2101,2026-03-31,EXTRAORDINARIA
55,2102,2026-03-31,EXTRAORDINARIA
55,2103,2026-04-01,ORDINARIA
55,2106,2026-04-07,ORDINARIA
55,2107,2026-04-08,EXTRAORDINARIA
55,2108,2026-04-08,ORDINARIA
55,2109,2026-04-09,ORDINARIA
55,2112,2026-04-14,ORDINARIA
55,2113,2026-04-14,EXTRAORDINARIA
55,2114,2026-04-15,ORDINARIA
55,2115,2026-04-29,EXTRAORDINARIA
55,2116,2026-04-16,ORDINARIA
55,2118,2026-04-22,ORDINARIA
55,2119,2026-04-23,ORDINARIA
55,2122,2026-04-28,ORDINARIA
55,2125,2026-04-29,ORDINARIA
55,2126,2026-03-17,ORDINARIA
55,2127,2026-03-18,ORDINARIA
55,2128,2026-03-25,EXTRAORDINARIA
55,2131,2026-03-19,ORDINARIA
55,2136,2026-03-24,ORDINARIA
55,2138,2026-03-25,ORDINARIA
55,2139,2026-03-25,EXTRAORDINARIA
55,2141,2026-03-26,ORDINARIA
55,2143,2026-03-31,ORDINARIA
55,2145,2026-04-30,ORDINARIA
55,2148,2026-05-05,ORDINARIA
55,2149,2026-05-12,EXTRAORDINARIA
55,2150,2026-05-06,ORDINARIA
55,2152,2026-05-07,ORDINARIA
55,2159,2026-05-12,ORDINARIA
55,2161,2026-05-13,ORDINARIA
55,2163,2026-05-14,ORDINARIA
55,2170,2026-05-19,ORDINARIA
55,2171,2026-03-10,ORDINARIA
55,2172,2026-03-17,EXTRAORDINARIA
55,2173,2026-03-11,ORDINARIA
55,2176,2026-03-12,ORDINARIA
55,2183,2026-05-19,EXTRAORDINARIA
55,2185,2026-05-20,ORDINARIA
55,2186,2026-06-09,EXTRAORDINARIA
55,2188,2026-05-21,ORDINARIA
55,2191,2026-05-26,ORDINARIA
55,2192,2026-05-27,ORDINARIA
55,2193,2026-05-28,ORDINARIA
55,2199,2026-06-02,ORDINARIA
55,2200,2026-06-03,ORDINARIA
55,2203,2026-06-09,ORDINARIA
55,2204,2026-06-10,ORDINARIA
55,2205,2026-06-11,ORDINARIA
55,2213,2026-06-23,ORDINARIA
55,2218,2026-06-30,ORDINARIA
55,2219,2026-06-30,EXTRAORDINARIA
55,2220,2026-06-30,EXTRAORDINARIA
55,2225,2026-08-04,ORDINARIA
55,2228,2026-08-05,ORDINARIA
55,2229,2026-08-06,ORDINARIA
55,2233,2026-06-16,ORDINARIA
55,2234,2026-06-16,EXTRAORDINARIA
55,2235,2026-06-30,EXTRAORDINARIA
55,2237,2026-06-17,ORDINARIA
55,2239,2026-06-18,ORDINARIA
55,2241,2026-08-11,ORDINARIA
55,2244,2026-08-12,ORDINARIA
55,2245,2026-08-13,ORDINARIA
55,2250,2026-08-18,ORDINARIA
55,2253,2026-08-19,ORDINARIA
55,2255,2026-08-20,ORDINARIA
55,2258,2026-08-25,ORDINARIA
57,4,2020-02-04,SESSAO ORDINARIA
57,5,2020-02-05,SESSAO ORDINARIA
57,6,2020-02-11,SESSAO ORDINARIA
57,7,2020-02-11,SESSAO EXTRAORDINARIA
57,8,2020-02-12,SESSAO ORDINARIA
57,9,2020-02-13,SESSAO ORDINARIA
57,10,2020-02-18,SESSAO ORDINARIA
57,11,2020-02-19,SESSAO ORDINARIA
57,12,2020-02-20,SESSAO ORDINARIA
57,13,2020-02-27,SESSAO ORDINARIA
57,14,2020-03-03,SESSAO ORDINARIA
57,15,2020-03-04,SESSAO ORDINARIA
57,16,2020-03-05,SESSAO ORDINARIA
57,17,2020-03-10,SESSAO ORDINARIA
57,18,2020-03-11,SESSAO ORDINARIA
57,19,2020-03-11,SESSAO EXTRAORDINARIA
57,20,2020-03-12,SESSAO ORDINARIA
57,21,2020-03-16,SESSAO EXTRAORDINARIA
57,22,2020-03-16,SESSAO EXTRAORDINARIA
57,23,2020-03-17,SESSAO ORDINARIA
57,24,2020-03-17,SESSAO EXTRAORDINARIA
57,25,2020-03-24,SESSAO EXTRAORDINARIA
57,26,2020-03-24,SESSAO EXTRAORDINARIA
57,27,2020-03-25,SESSAO EXTRAORDINARIA
57,28,2020-03-25,SESSAO EXTRAORDINARIA
57,29,2020-03-25,SESSAO EXTRAORDINARIA
57,30,2020-03-25,SESSAO EXTRAORDINARIA
57,31,2020-03-31,SESSAO EXTRAORDINARIA
57,32,2020-03-31,SESSAO EXTRAORDINARIA
57,33,2020-03-31,SESSAO EXTRAORDINARIA
57,34,2020-04-07,SESSAO EXTRAORDINARIA
57,35,2020-04-01,SESSAO EXTRAORDINARIA
57,36,2020-04-01,SESSAO EXTRAORDINARIA
57,37,2020-04-07,SESSAO EXTRAORDINARIA
57,38,2020-04-08,SESSAO EXTRAORDINARIA
57,39,2020-04-14,SESSAO EXTRAORDINARIA
57,40,2020-04-14,SESSAO EXTRAORDINARIA
57,41,2020-04-14,SESSAO EXTRAORDINARIA
57,42,2020-04-15,SESSAO EXTRAORDINARIA
57,43,2020-04-15,SESSAO EXTRAORDINARIA
57,44,2020-04-22,SESSAO EXTRAORDINARIA
57,45,2020-04-22,SESSAO EXTRAORDINARIA
57,46,2020-04-22,SESSAO EXTRAORDINARIA
57,47,2020-04-22,SESSAO EXTRAORDINARIA
57,48,2020-04-28,SESSAO EXTRAORDINARIA
57,49,2020-04-28,SESSAO EXTRAORDINARIA
57,50,2020-04-29,SESSAO EXTRAORDINARIA
57,51,2020-04-29,SESSAO EXTRAORDINARIA
57,52,2020-05-05,SESSAO EXTRAORDINARIA
57,53,2020-05-05,SESSAO EXTRAORDINARIA
57,54,2020-05-19,SESSAO EXTRAORDINARIA
57,55,2020-05-19,SESSAO EXTRAORDINARIA
57,56,2020-05-20,SESSAO EXTRAORDINARIA
57,57,2020-05-20,SESSAO EXTRAORDINARIA
57,58,2020-05-20,SESSAO EXTRAORDINARIA
57,59,2020-05-26,SESSAO EXTRAORDINARIA
57,60,2020-05-27,SESSAO EXTRAORDINARIA
57,61,2020-06-02,SESSAO EXTRAORDINARIA
57,62,2020-06-02,SESSAO EXTRAORDINARIA
57,63,2020-06-09,SESSAO EXTRAORDINARIA
57,64,2020-06-10,SESSAO EXTRAORDINARIA
57,65,2020-06-10,SESSAO EXTRAORDINARIA
57,66,2020-06-10,SESSAO EXTRAORDINARIA
57,67,2020-06-16,SESSAO EXTRAORDINARIA
57,68,2020-06-16,SESSAO EXTRAORDINARIA
57,69,2020-06-17,SESSAO EXTRAORDINARIA
57,70,2020-06-17,SESSAO EXTRAORDINARIA
57,71,2020-06-18,SESSAO EXTRAORDINARIA
57,72,2020-06-23,SESSAO EXTRAORDINARIA
57,73,2020-06-24,SESSAO EXTRAORDINARIA
57,74,2020-06-24,SESSAO EXTRAORDINARIA
57,75,2020-06-30,SESSAO EXTRAORDINARIA
57,76,2020-06-30,SESSAO EXTRAORDINARIA
57,77,2020-08-04,SESSAO EXTRAORDINARIA
57,78,2020-08-05,SESSAO EXTRAORDINARIA
57,79,2020-08-11,SESSAO EXTRAORDINARIA
57,80,2020-08-11,SESSAO EXTRAORDINARIA
57,81,2020-08-12,SESSAO EXTRAORDINARIA
57,82,2020-08-12,SESSAO EXTRAORDINARIA
57,83,2020-08-18,SESSAO EXTRAORDINARIA
57,84,2020-08-19,SESSAO EXTRAORDINARIA
57,85,2020-08-19,SESSAO EXTRAORDINARIA
57,86,2020-08-25,SESSAO EXTRAORDINARIA
57,87,2020-08-26,SESSAO EXTRAORDINARIA
57,88,2020-09-01,SESSAO EXTRAORDINARIA
57,89,2020-09-02,SESSAO EXTRAORDINARIA
57,90,2020-09-08,SESSAO EXTRAORDINARIA
57,91,2020-09-09,SESSAO EXTRAORDINARIA
57,92,2020-09-15,SESSAO EXTRAORDINARIA
57,93,2020-09-16,SESSAO EXTRAORDINARIA
57,94,2020-09-17,SESSAO EXTRAORDINARIA
57,95,2020-09-22,SESSAO EXTRAORDINARIA
57,96,2020-09-23,SESSAO EXTRAORDINARIA
57,97,2020-09-23,SESSAO EXTRAORDINARIA
57,98,2020-09-29,SESSAO EXTRAORDINARIA
57,99,2020-09-29,SESSAO EXTRAORDINARIA
57,100,2020-09-30,SESSAO EXTRAORDINARIA
57,101,2020-10-06,SESSAO EXTRAORDINARIA
57,102,2020-10-07,SESSAO EXTRAORDINARIA
57,103,2020-10-07,SESSAO EXTRAORDINARIA
57,104,2020-10-13,SESSAO EXTRAORDINARIA
57,105,2020-10-14,SESSAO EXTRAORDINARIA
57,106,2020-10-14,SESSAO EXTRAORDINARIA
57,107,2020-10-15,SESSAO EXTRAORDINARIA
57,108,2020-10-20,SESSAO EXTRAORDINARIA
57,109,2020-10-21,SESSAO EXTRAORDINARIA
57,110,2020-10-21,SESSAO EXTRAORDINARIA
57,111,2020-10-27,SESSAO EXTRAORDINARIA
57,112,2020-10-28,SESSAO EXTRAORDINARIA
57,113,2020-10-28,SESSAO EXTRAORDINARIA
57,114,2020-11-03,SESSAO EXTRAORDINARIA
57,115,2020-11-03,SESSAO EXTRAORDINARIA
57,116,2020-11-04,SESSAO EXTRAORDINARIA
57,117,2020-11-10,SESSAO EXTRAORDINARIA
57,118,2020-11-10,SESSAO EXTRAORDINARIA
57,119,2020-11-11,SESSAO EXTRAORDINARIA
57,120,2020-11-17,SESSAO EXTRAORDINARIA
57,121,2020-11-17,SESSAO EXTRAORDINARIA
57,122,2020-11-18,SESSAO EXTRAORDINARIA
57,123,2020-11-24,SESSAO EXTRAORDINARIA
57,124,2020-11-25,SESSAO EXTRAORDINARIA
57,125,2020-11-25,SESSAO EXTRAORDINARIA
57,126,2020-12-01,SESSAO EXTRAORDINARIA
57,127,2020-12-01,SESSAO EXTRAORDINARIA
57,128,2020-12-02,SESSAO EXTRAORDINARIA
57,129,2020-12-08,SESSAO EXTRAORDINARIA
57,130,2020-12-09,SESSAO EXTRAORDINARIA
57,131,2020-12-09,SESSAO EXTRAORDINARIA
57,132,2020-12-10,SESSAO EXTRAORDINARIA
57,133,2020-12-10,SESSAO EXTRAORDINARIA
57,134,2020-12-10,SESSAO EXTRAORDINARIA
57,135,2020-12-15,SESSAO EXTRAORDINARIA
57,136,2021-02-02,SESSAO PREPARATORIA
57,137,2021-02-03,SESSAO EXTRAORDINARIA
57,138,2021-02-09,SESSAO EXTRAORDINARIA
57,139,2021-02-10,SESSAO EXTRAORDINARIA
57,140,2021-02-23,SESSAO EXTRAORDINARIA
57,141,2021-02-23,SESSAO EXTRAORDINARIA
57,142,2021-02-24,SESSAO EXTRAORDINARIA
57,143,2021-03-02,SESSAO EXTRAORDINARIA
57,144,2021-03-03,SESSAO EXTRAORDINARIA
57,145,2021-03-09,SESSAO EXTRAORDINARIA
57,146,2021-03-09,SESSAO EXTRAORDINARIA
57,147,2021-03-10,SESSAO EXTRAORDINARIA
57,148,2021-03-16,SESSAO EXTRAORDINARIA
57,149,2021-03-17,SESSAO EXTRAORDINARIA
57,150,2021-03-23,SESSAO EXTRAORDINARIA
57,151,2021-03-24,SESSAO EXTRAORDINARIA
57,152,2021-03-30,SESSAO EXTRAORDINARIA
57,153,2021-03-30,SESSAO EXTRAORDINARIA
57,154,2021-03-31,SESSAO EXTRAORDINARIA
57,155,2021-04-06,SESSAO EXTRAORDINARIA
57,156,2021-04-06,SESSAO EXTRAORDINARIA
57,157,2021-04-07,SESSAO EXTRAORDINARIA
57,158,2021-04-13,SESSAO EXTRAORDINARIA
57,159,2021-04-14,SESSAO EXTRAORDINARIA
57,160,2021-04-14,SESSAO EXTRAORDINARIA
57,161,2021-04-20,SESSAO EXTRAORDINARIA
57,162,2021-04-27,SESSAO EXTRAORDINARIA
57,163,2021-04-27,SESSAO EXTRAORDINARIA
57,164,2021-04-27,SESSAO EXTRAORDINARIA
57,165,2021-04-28,SESSAO EXTRAORDINARIA
57,166,2021-05-04,SESSAO EXTRAORDINARIA
57,167,2021-05-05,SESSAO EXTRAORDINARIA
57,168,2021-05-11,SESSAO EXTRAORDINARIA
57,169,2021-05-11,SESSAO EXTRAORDINARIA
57,170,2021-05-12,SESSAO EXTRAORDINARIA
57,171,2021-05-18,SESSAO EXTRAORDINARIA
57,172,2021-05-19,SESSAO EXTRAORDINARIA
57,173,2021-05-19,SESSAO EXTRAORDINARIA
57,174,2021-05-25,SESSAO EXTRAORDINARIA
57,175,2021-05-25,SESSAO EXTRAORDINARIA
57,176,2021-05-26,SESSAO EXTRAORDINARIA
57,177,2021-06-01,SESSAO EXTRAORDINARIA
57,178,2021-06-02,SESSAO EXTRAORDINARIA
57,179,2021-06-08,SESSAO EXTRAORDINARIA
57,180,2021-06-08,SESSAO EXTRAORDINARIA
57,181,2021-06-09,SESSAO EXTRAORDINARIA
57,182,2021-06-15,SESSAO EXTRAORDINARIA
57,183,2021-06-15,SESSAO EXTRAORDINARIA
57,184,2021-06-16,SESSAO EXTRAORDINARIA
57,185,2021-06-22,SESSAO EXTRAORDINARIA
57,186,2021-06-23,SESSAO EXTRAORDINARIA
57,187,2021-06-23,SESSAO EXTRAORDINARIA
57,188,2021-06-29,SESSAO EXTRAORDINARIA
57,189,2021-06-29,SESSAO EXTRAORDINARIA
57,190,2021-08-03,SESSAO ORDINARIA
57,191,2022-02-01,SESSAO ORDINARIA
57,192,2021-08-04,SESSAO ORDINARIA
57,193,2021-08-04,SESSAO EXTRAORDINARIA
57,194,2021-08-05,SESSAO ORDINARIA
57,195,2021-08-05,SESSAO ORDINARIA
57,196,2021-08-10,SESSAO ORDINARIA
57,197,2021-08-10,SESSAO EXTRAORDINARIA
57,198,2021-08-11,SESSAO ORDINARIA
57,199,2021-08-12,SESSAO ORDINARIA
57,200,2021-08-17,SESSAO ORDINARIA
57,201,2021-08-17,SESSAO EXTRAORDINARIA
57,202,2021-08-17,SESSAO EXTRAORDINARIA
57,203,2021-08-18,SESSAO ORDINARIA
57,204,2021-08-19,SESSAO ORDINARIA
57,205,2021-08-24,SESSAO ORDINARIA
57,206,2021-08-25,SESSAO ORDINARIA
57,207,2021-08-26,SESSAO ORDINARIA
57,208,2021-08-31,SESSAO ORDINARIA
57,209,2021-08-31,SESSAO EXTRAORDINARIA
57,210,2021-08-31,SESSAO EXTRAORDINARIA
57,211,2021-09-01,SESSAO ORDINARIA
57,212,2021-09-02,SESSAO ORDINARIA
57,213,2021-09-08,SESSAO ORDINARIA
57,214,2021-09-09,SESSAO ORDINARIA
57,215,2021-09-14,SESSAO ORDINARIA
57,216,2021-09-15,SESSAO ORDINARIA
57,217,2021-09-15,SESSAO EXTRAORDINARIA
57,218,2021-09-16,SESSAO ORDINARIA
57,219,2021-09-21,SESSAO ORDINARIA
57,220,2021-09-21,SESSAO EXTRAORDINARIA
57,221,2021-09-22,SESSAO ORDINARIA
57,222,2021-09-23,SESSAO ORDINARIA
57,223,2021-09-28,SESSAO ORDINARIA
57,224,2021-09-29,SESSAO ORDINARIA
57,225,2021-09-30,SESSAO ORDINARIA
57,226,2021-10-05,SESSAO ORDINARIA
57,227,2021-10-05,SESSAO EXTRAORDINARIA
57,228,2021-10-06,SESSAO ORDINARIA
57,229,2021-10-06,SESSAO EXTRAORDINARIA
57,230,2021-10-06,SESSAO EXTRAORDINARIA
57,231,2021-10-07,SESSAO ORDINARIA
57,232,2021-10-13,SESSAO ORDINARIA
57,233,2021-10-14,SESSAO ORDINARIA
57,234,2021-10-19,SESSAO ORDINARIA
57,235,2021-10-20,SESSAO ORDINARIA
57,236,2021-10-20,SESSAO EXTRAORDINARIA
57,237,2021-10-21,SESSAO ORDINARIA
57,238,2021-10-26,SESSAO ORDINARIA
57,239,2021-10-27,SESSAO ORDINARIA
57,240,2021-10-28,SESSAO ORDINARIA
57,241,2021-11-03,SESSAO ORDINARIA
57,242,2021-11-03,SESSAO EXTRAORDINARIA
57,243,2021-11-03,SESSAO EXTRAORDINARIA
57,244,2021-11-04,SESSAO ORDINARIA
57,245,2021-11-09,SESSAO ORDINARIA
57,246,2021-11-09,SESSAO EXTRAORDINARIA
57,247,2021-11-10,SESSAO ORDINARIA
57,248,2021-11-10,SESSAO EXTRAORDINARIA
57,249,2021-11-11,SESSAO ORDINARIA
57,250,2021-11-16,SESSAO ORDINARIA
57,251,2021-11-17,SESSAO ORDINARIA
57,252,2021-11-18,SESSAO ORDINARIA
57,253,2021-11-23,SESSAO ORDINARIA
57,254,2021-11-23,SESSAO EXTRAORDINARIA
57,255,2021-11-24,SESSAO ORDINARIA
57,256,2021-11-25,SESSAO ORDINARIA
57,257,2021-12-01,SESSAO ORDINARIA
57,258,2021-12-01,SESSAO EXTRAORDINARIA
57,259,2021-12-02,SESSAO EXTRAORDINARIA
57,260,2021-12-02,SESSAO ORDINARIA
57,261,2021-12-07,SESSAO ORDINARIA
57,262,2021-12-07,SESSAO EXTRAORDINARIA
57,263,2021-12-08,SESSAO ORDINARIA
57,264,2021-12-08,SESSAO EXTRAORDINARIA
57,265,2021-12-09,SESSAO ORDINARIA
57,266,2021-12-09,SESSAO EXTRAORDINARIA
57,267,2021-12-14,SESSAO EXTRAORDINARIA
57,268,2021-12-14,SESSAO ORDINARIA
57,269,2021-12-14,SESSAO EXTRAORDINARIA
57,270,2021-12-14,SESSAO EXTRAORDINARIA
57,271,2021-12-14,SESSAO EXTRAORDINARIA
57,272,2021-12-15,SESSAO ORDINARIA
57,273,2022-02-02,SESSAO ORDINARIA
57,274,2022-02-03,SESSAO ORDINARIA
57,275,2022-02-08,SESSAO ORDINARIA
57,276,2022-02-08,SESSAO EXTRAORDINARIA
57,277,2022-02-08,SESSAO EXTRAORDINARIA
57,278,2022-02-09,SESSAO ORDINARIA
57,279,2022-02-10,SESSAO ORDINARIA
57,280,2022-02-15,SESSAO ORDINARIA
57,281,2022-02-15,SESSAO EXTRAORDINARIA
57,282,2022-02-16,SESSAO ORDINARIA
57,283,2022-02-16,SESSAO EXTRAORDINARIA
57,284,2022-02-17,SESSAO ORDINARIA
57,285,2022-02-22,SESSAO ORDINARIA
57,286,2022-02-22,SESSAO EXTRAORDINARIA
57,287,2022-02-23,SESSAO ORDINARIA
57,288,2022-03-08,SESSAO EXTRAORDINARIA
57,289,2022-02-24,SESSAO ORDINARIA
57,290,2022-03-03,SESSAO ORDINARIA
57,291,2022-03-08,SESSAO ORDINARIA
57,292,2022-03-09,SESSAO ORDINARIA
57,293,2022-03-09,SESSAO EXTRAORDINARIA
57,294,2022-03-10,SESSAO ORDINARIA
57,295,2022-03-15,SESSAO EXTRAORDINARIA
57,296,2022-03-23,SESSAO EXTRAORDINARIA
57,297,2022-03-15,SESSAO ORDINARIA
57,298,2022-03-16,SESSAO ORDINARIA
57,299,2022-03-17,SESSAO ORDINARIA
57,300,2022-03-22,SESSAO ORDINARIA
57,301,2022-03-23,SESSAO ORDINARIA
57,302,2022-03-29,SESSAO EXTRAORDINARIA
57,303,2022-03-24,SESSAO ORDINARIA
57,304,2022-03-29,SESSAO ORDINARIA
57,305,2022-03-30,SESSAO ORDINARIA
57,306,2022-03-30,SESSAO EXTRAORDINARIA
57,307,2022-03-31,SESSAO EXTRAORDINARIA
57,308,2022-03-31,SESSAO ORDINARIA
57,309,2022-03-31,SESSAO EXTRAORDINARIA
57,310,2022-03-31,SESSAO EXTRAORDINARIA
57,311,2022-03-31,SESSAO EXTRAORDINARIA
57,312,2022-04-05,SESSAO ORDINARIA
57,313,2022-04-12,SESSAO EXTRAORDINARIA
57,314,2022-04-06,SESSAO ORDINARIA
57,315,2022-04-12,SESSAO EXTRAORDINARIA
57,316,2022-05-10,SESSAO EXTRAORDINARIA
57,317,2022-04-07,SESSAO ORDINARIA
57,318,2022-04-12,SESSAO ORDINARIA
57,319,2022-04-13,SESSAO ORDINARIA
57,320,2022-04-19,SESSAO ORDINARIA
57,321,2022-04-20,SESSAO ORDINARIA
57,322,2022-04-26,SESSAO ORDINARIA
57,323,2022-04-27,SESSAO ORDINARIA
57,324,2022-04-28,SESSAO ORDINARIA
57,325,2022-05-03,SESSAO ORDINARIA
57,326,2022-05-04,SESSAO ORDINARIA
57,327,2022-05-05,SESSAO ORDINARIA
57,328,2022-05-10,SESSAO ORDINARIA
57,329,2022-05-11,SESSAO ORDINARIA
57,330,2022-05-17,SESSAO EXTRAORDINARIA
57,331,2022-05-12,SESSAO ORDINARIA
57,332,2022-06-07,SESSAO EXTRAORDINARIA
57,333,2022-05-12,SESSAO ORDINARIA
57,334,2022-05-17,SESSAO ORDINARIA
57,335,2022-05-18,SESSAO ORDINARIA
57,336,2022-05-19,SESSAO ORDINARIA
57,337,2022-05-24,SESSAO ORDINARIA
57,338,2022-05-25,SESSAO ORDINARIA
57,339,2022-05-26,SESSAO ORDINARIA
57,340,2022-05-31,SESSAO ORDINARIA
57,341,2022-06-01,SESSAO ORDINARIA
57,342,2022-06-02,SESSAO ORDINARIA
57,343,2022-06-07,SESSAO ORDINARIA
57,344,2022-06-08,SESSAO ORDINARIA
57,345,2022-06-21,SESSAO EXTRAORDINARIA
57,346,2022-06-09,SESSAO ORDINARIA
57,347,2022-06-14,SESSAO ORDINARIA
57,348,2022-06-15,SESSAO ORDINARIA
57,349,2022-06-21,SESSAO ORDINARIA
57,350,2022-06-22,SESSAO ORDINARIA
57,351,2022-06-23,SESSAO ORDINARIA
57,352,2022-06-28,SESSAO ORDINARIA
57,353,2022-06-29,SESSAO EXTRAORDINARIA
57,354,2022-06-29,SESSAO ORDINARIA
57,355,2022-06-29,SESSAO EXTRAORDINARIA
57,356,2022-06-30,SESSAO ORDINARIA
57,357,2022-08-02,SESSAO ORDINARIA
57,358,2022-08-30,SESSAO EXTRAORDINARIA
57,359,2022-08-03,SESSAO ORDINARIA
57,360,2022-08-04,SESSAO ORDINARIA
57,361,2022-08-09,SESSAO ORDINARIA
57,362,2022-08-10,SESSAO ORDINARIA
57,363,2022-08-11,SESSAO ORDINARIA
57,364,2022-08-16,SESSAO ORDINARIA
57,365,2022-08-17,SESSAO ORDINARIA
57,366,2022-08-18,SESSAO ORDINARIA
57,367,2022-08-23,SESSAO ORDINARIA
57,368,2022-08-24,SESSAO ORDINARIA
57,369,2022-08-25,SESSAO ORDINARIA
57,370,2022-08-30,SESSAO ORDINARIA
57,371,2022-08-31,SESSAO ORDINARIA
57,372,2022-09-13,SESSAO EXTRAORDINARIA
57,373,2022-09-01,SESSAO ORDINARIA
57,374,2022-09-08,SESSAO ORDINARIA
57,375,2022-09-13,SESSAO ORDINARIA
57,376,2022-09-14,SESSAO ORDINARIA
57,377,2022-09-15,SESSAO ORDINARIA
57,378,2022-09-20,SESSAO ORDINARIA
57,379,2022-10-25,SESSAO EXTRAORDINARIA
57,380,2022-09-21,SESSAO ORDINARIA
57,381,2022-09-22,SESSAO ORDINARIA
57,382,2022-09-27,SESSAO ORDINARIA
57,383,2022-09-28,SESSAO ORDINARIA
57,384,2022-09-29,SESSAO ORDINARIA
57,385,2022-10-04,SESSAO ORDINARIA
57,386,2022-10-05,SESSAO ORDINARIA
57,387,2022-10-06,SESSAO ORDINARIA
57,388,2022-10-11,SESSAO ORDINARIA
57,389,2022-10-13,SESSAO ORDINARIA
57,390,2022-10-18,SESSAO ORDINARIA
57,391,2022-10-19,SESSAO ORDINARIA
57,392,2022-10-20,SESSAO ORDINARIA
57,393,2022-10-25,SESSAO ORDINARIA
57,394,2022-10-25,SESSAO EXTRAORDINARIA
57,395,2022-10-26,SESSAO ORDINARIA
57,396,2022-10-27,SESSAO ORDINARIA
57,397,2022-11-03,SESSAO ORDINARIA
57,398,2022-11-08,SESSAO ORDINARIA
57,399,2022-11-08,SESSAO EXTRAORDINARIA
57,400,2022-11-09,SESSAO ORDINARIA
57,401,2022-11-22,SESSAO EXTRAORDINARIA
57,402,2022-11-10,SESSAO ORDINARIA
57,403,2022-12-06,SESSAO EXTRAORDINARIA
57,404,2022-11-16,SESSAO ORDINARIA
57,405,2022-11-17,SESSAO ORDINARIA
57,406,2022-11-22,SESSAO ORDINARIA
57,407,2022-11-23,SESSAO ORDINARIA
57,408,2022-11-29,SESSAO ORDINARIA
57,409,2022-12-01,SESSAO ORDINARIA
57,410,2022-12-06,SESSAO ORDINARIA
57,411,2022-12-07,SESSAO ORDINARIA
57,412,2022-12-07,SESSAO EXTRAORDINARIA
57,413,2022-12-08,SESSAO ORDINARIA
57,414,2022-12-13,SESSAO ORDINARIA
57,415,2022-12-13,SESSAO EXTRAORDINARIA
57,416,2022-12-14,SESSAO ORDINARIA
57,417,2022-12-15,SESSAO ORDINARIA
57,422,2023-02-14,SESSAO EXTRAORDINARIA
57,424,2023-02-16,SESSAO EXTRAORDINARIA
57,427,2023-02-16,SESSAO ORDINARIA
57,428,2023-02-23,SESSAO ORDINARIA
57,470,2023-05-23,SESSAO ORDINARIA
57,471,2023-05-24,SESSAO ORDINARIA
57,472,2023-05-25,SESSAO ORDINARIA
57,474,2023-05-31,SESSAO EXTRAORDINARIA
57,479,2023-06-13,SESSAO ORDINARIA
57,508,2023-09-19,SESSAO EXTRAORDINARIA
57,511,2023-09-21,SESSAO ORDINARIA
57,519,2023-10-05,SESSAO ORDINARIA
57,539,2023-11-16,SESSAO ORDINARIA
57,551,2023-12-07,SESSAO ORDINARIA
57,574,2024-02-29,SESSAO ORDINARIA
57,577,2024-03-06,SESSAO ORDINARIA
57,578,2024-03-07,SESSAO ORDINARIA
57,585,2024-03-26,SESSAO EXTRAORDINARIA
57,590,2024-04-03,SESSAO ORDINARIA
57,597,2024-04-11,SESSAO ORDINARIA
57,613,2024-05-15,SESSAO ORDINARIA
57,614,2024-05-16,SESSAO ORDINARIA
57,616,2024-05-22,SESSAO ORDINARIA
57,621,2024-06-04,SESSAO EXTRAORDINARIA
57,624,2024-06-11,SESSAO EXTRAORDINARIA
57,626,2024-06-06,SESSAO ORDINARIA
57,627,2024-06-11,SESSAO ORDINARIA
57,643,2024-08-08,SESSAO ORDINARIA
57,656,2024-09-10,SESSAO EXTRAORDINARIA
57,658,2024-09-11,SESSAO ORDINARIA
57,659,2024-09-12,SESSAO ORDINARIA
57,669,2024-10-01,SESSAO EXTRAORDINARIA
57,670,2024-10-01,SESSAO ORDINARIA
57,671,2024-10-02,SESSAO ORDINARIA
57,672,2024-10-03,SESSAO ORDINARIA
57,676,2024-10-10,SESSAO ORDINARIA
57,677,2024-10-15,SESSAO ORDINARIA
57,679,2024-10-17,SESSAO ORDINARIA
57,683,2024-10-24,SESSAO ORDINARIA
57,687,2024-10-30,SESSAO EXTRAORDINARIA
57,688,2024-10-31,SESSAO ORDINARIA
57,1693,2024-11-13,SESSAO ORDINARIA
57,1694,2024-11-14,SESSAO ORDINARIA
57,1701,2024-11-28,SESSAO ORDINARIA
57,1710,2024-03-12,SESSAO EXTRAORDINARIA
57,1716,2025-02-13,ORDINARIA
57,1720,2025-02-25,ORDINARIA
57,1721,2025-02-20,ORDINARIA
57,1724,2025-02-26,ORDINARIA
57,1727,2025-02-27,ORDINARIA
57,1730,2025-03-06,ORDINARIA
57,1740,2025-03-18,EXTRAORDINARIA
57,1757,2025-03-27,ORDINARIA
57,1763,2025-04-03,ORDINARIA
57,1775,2025-04-10,ORDINARIA
57,1776,2025-04-10,ORDINARIA
57,1780,2025-04-15,ORDINARIA
57,1788,2025-04-24,ORDINARIA
57,1789,2025-04-24,ORDINARIA
57,1790,2025-04-29,ORDINARIA
57,1792,2025-04-30,ORDINARIA
57,1794,2025-05-06,ORDINARIA
57,1795,2025-05-06,EXTRAORDINARIA
57,1798,2025-05-08,ORDINARIA
57,1799,2025-05-08,ORDINARIA
57,1817,2025-05-21,ORDINARIA
57,1819,2025-05-22,ORDINARIA
57,1829,2025-05-29,ORDINARIA
57,1830,2025-05-29,ORDINARIA
57,1846,2025-06-12,ORDINARIA
57,1847,2025-06-12,ORDINARIA
57,1851,2025-06-17,EXTRAORDINARIA
57,1859,2025-08-07,EXTRAORDINARIA
57,1862,2025-06-25,ORDINARIA
57,1864,2025-06-26,ORDINARIA
57,1865,2025-06-26,ORDINARIA
57,1875,2025-08-07,ORDINARIA
57,1876,2025-08-07,EXTRAORDINARIA
57,1884,2025-08-14,ORDINARIA
57,1897,2025-08-21,SOLENE
57,1899,2025-08-22,SOLENE
57,1906,2025-08-28,ORDINARIA
57,1907,2025-08-28,ORDINARIA
57,1914,2025-09-04,ORDINARIA
57,1915,2025-09-04,ORDINARIA
57,1919,2025-09-11,ORDINARIA
57,1932,2025-09-18,ORDINARIA
57,1933,2025-09-18,ORDINARIA
57,1944,2025-09-25,ORDINARIA
57,1945,2025-09-25,ORDINARIA
57,1954,2025-10-01,ORDINARIA
57,1956,2025-10-02,ORDINARIA
57,1967,2025-10-09,ORDINARIA
57,1979,2025-10-16,ORDINARIA
57,1992,2025-10-29,ORDINARIA
57,1994,2025-10-30,ORDINARIA
57,1995,2025-10-30,ORDINARIA
57,2035,2025-11-26,EXTRAORDINARIA
57,2037,2025-11-26,ORDINARIA
57,2038,2025-11-26,EXTRAORDINARIA
57,2039,2025-11-27,ORDINARIA
57,2040,2025-11-27,ORDINARIA
57,2045,2025-12-02,ORDINARIA
57,2046,2025-12-02,EXTRAORDINARIA
57,2053,2025-12-04,ORDINARIA
57,2065,2025-12-15,ORDINARIA
57,2072,2026-02-05,ORDINARIA
57,2075,2026-02-10,EXTRAORDINARIA
57,2088,2026-02-26,ORDINARIA
57,2096,2026-03-05,SOLENE
57,2109,2026-04-09,ORDINARIA
57,2114,2026-04-15,ORDINARIA
57,2116,2026-04-16,ORDINARIA
57,2131,2026-03-19,ORDINARIA
57,2141,2026-03-26,ORDINARIA
57,2145,2026-04-30,ORDINARIA
57,2161,2026-05-13,ORDINARIA
57,2163,2026-05-14,ORDINARIA
57,2176,2026-03-12,ORDINARIA
57,2183,2026-05-19,EXTRAORDINARIA
57,2192,2026-05-27,ORDINARIA
57,2193,2026-05-28,ORDINARIA
57,2205,2026-06-11,ORDINARIA
57,2228,2026-08-05,ORDINARIA
57,2229,2026-08-06,ORDINARIA
57,2234,2026-06-16,EXTRAORDINARIA
57,2255,2026-08-20,ORDINARIA
58,4,2020-02-04,SESSAO ORDINARIA
58,5,2020-02-05,SESSAO ORDINARIA
58,6,2020-02-11,SESSAO ORDINARIA
58,7,2020-02-11,SESSAO EXTRAORDINARIA
58,8,2020-02-12,SESSAO ORDINARIA
58,9,2020-02-13,SESSAO ORDINARIA
58,10,2020-02-18,SESSAO ORDINARIA
58,11,2020-02-19,SESSAO ORDINARIA
58,12,2020-02-20,SESSAO ORDINARIA
58,13,2020-02-27,SESSAO ORDINARIA
58,14,2020-03-03,SESSAO ORDINARIA
58,15,2020-03-04,SESSAO ORDINARIA
58,16,2020-03-05,SESSAO ORDINARIA
58,17,2020-03-10,SESSAO ORDINARIA
58,18,2020-03-11,SESSAO ORDINARIA
58,19,2020-03-11,SESSAO EXTRAORDINARIA
58,20,2020-03-12,SESSAO ORDINARIA
58,21,2020-03-16,SESSAO EXTRAORDINARIA
58,22,2020-03-16,SESSAO EXTRAORDINARIA
58,23,2020-03-17,SESSAO ORDINARIA
58,24,2020-03-17,SESSAO EXTRAORDINARIA
58,25,2020-03-24,SESSAO EXTRAORDINARIA
58,26,2020-03-24,SESSAO EXTRAORDINARIA
58,27,2020-03-25,SESSAO EXTRAORDINARIA
58,28,2020-03-25,SESSAO EXTRAORDINARIA
58,29,2020-03-25,SESSAO EXTRAORDINARIA
58,30,2020-03-25,SESSAO EXTRAORDINARIA
58,31,2020-03-31,SESSAO EXTRAORDINARIA
58,32,2020-03-31,SESSAO EXTRAORDINARIA
58,33,2020-03-31,SESSAO EXTRAORDINARIA
58,34,2020-04-07,SESSAO EXTRAORDINARIA
58,35,2020-04-01,SESSAO EXTRAORDINARIA
58,36,2020-04-01,SESSAO EXTRAORDINARIA
58,37,2020-04-07,SESSAO EXTRAORDINARIA
58,38,2020-04-08,SESSAO EXTRAORDINARIA
58,39,2020-04-14,SESSAO EXTRAORDINARIA
58,40,2020-04-14,SESSAO EXTRAORDINARIA
58,41,2020-04-14,SESSAO EXTRAORDINARIA
58,42,2020-04-15,SESSAO EXTRAORDINARIA
58,43,2020-04-15,SESSAO EXTRAORDINARIA
58,44,2020-04-22,SESSAO EXTRAORDINARIA
58,45,2020-04-22,SESSAO EXTRAORDINARIA
58,46,2020-04-22,SESSAO EXTRAORDINARIA
58,47,2020-04-22,SESSAO EXTRAORDINARIA
58,48,2020-04-28,SESSAO EXTRAORDINARIA
58,49,2020-04-28,SESSAO EXTRAORDINARIA
58,50,2020-04-29,SESSAO EXTRAORDINARIA
58,51,2020-04-29,SESSAO EXTRAORDINARIA
58,52,2020-05-05,SESSAO EXTRAORDINARIA
58,53,2020-05-05,SESSAO EXTRAORDINARIA
58,54,2020-05-19,SESSAO EXTRAORDINARIA
58,55,2020-05-19,SESSAO EXTRAORDINARIA
58,56,2020-05-20,SESSAO EXTRAORDINARIA
58,57,2020-05-20,SESSAO EXTRAORDINARIA
58,58,2020-05-20,SESSAO EXTRAORDINARIA
58,59,2020-05-26,SESSAO EXTRAORDINARIA
58,60,2020-05-27,SESSAO EXTRAORDINARIA
58,61,2020-06-02,SESSAO EXTRAORDINARIA
58,62,2020-06-02,SESSAO EXTRAORDINARIA
58,63,2020-06-09,SESSAO EXTRAORDINARIA
58,64,2020-06-10,SESSAO EXTRAORDINARIA
58,65,2020-06-10,SESSAO EXTRAORDINARIA
58,66,2020-06-10,SESSAO EXTRAORDINARIA
58,67,2020-06-16,SESSAO EXTRAORDINARIA
58,68,2020-06-16,SESSAO EXTRAORDINARIA
58,69,2020-06-17,SESSAO EXTRAORDINARIA
58,70,2020-06-17,SESSAO EXTRAORDINARIA
58,71,2020-06-18,SESSAO EXTRAORDINARIA
58,72,2020-06-23,SESSAO EXTRAORDINARIA
58,73,2020-06-24,SESSAO EXTRAORDINARIA
58,74,2020-06-24,SESSAO EXTRAORDINARIA
58,75,2020-06-30,SESSAO EXTRAORDINARIA
58,76,2020-06-30,SESSAO EXTRAORDINARIA
58,77,2020-08-04,SESSAO EXTRAORDINARIA
58,78,2020-08-05,SESSAO EXTRAORDINARIA
58,79,2020-08-11,SESSAO EXTRAORDINARIA
58,80,2020-08-11,SESSAO EXTRAORDINARIA
58,81,2020-08-12,SESSAO EXTRAORDINARIA
58,82,2020-08-12,SESSAO EXTRAORDINARIA
58,83,2020-08-18,SESSAO EXTRAORDINARIA
58,84,2020-08-19,SESSAO EXTRAORDINARIA
58,85,2020-08-19,SESSAO EXTRAORDINARIA
58,86,2020-08-25,SESSAO EXTRAORDINARIA
58,87,2020-08-26,SESSAO EXTRAORDINARIA
58,88,2020-09-01,SESSAO EXTRAORDINARIA
58,89,2020-09-02,SESSAO EXTRAORDINARIA
58,90,2020-09-08,SESSAO EXTRAORDINARIA
58,91,2020-09-09,SESSAO EXTRAORDINARIA
58,92,2020-09-15,SESSAO EXTRAORDINARIA
58,93,2020-09-16,SESSAO EXTRAORDINARIA
58,94,2020-09-17,SESSAO EXTRAORDINARIA
58,95,2020-09-22,SESSAO EXTRAORDINARIA
58,96,2020-09-23,SESSAO EXTRAORDINARIA
58,97,2020-09-23,SESSAO EXTRAORDINARIA
58,98,2020-09-29,SESSAO EXTRAORDINARIA
58,99,2020-09-29,SESSAO EXTRAORDINARIA
58,100,2020-09-30,SESSAO EXTRAORDINARIA
58,101,2020-10-06,SESSAO EXTRAORDINARIA
58,102,2020-10-07,SESSAO EXTRAORDINARIA
58,103,2020-10-07,SESSAO EXTRAORDINARIA
58,104,2020-10-13,SESSAO EXTRAORDINARIA
58,105,2020-10-14,SESSAO EXTRAORDINARIA
58,106,2020-10-14,SESSAO EXTRAORDINARIA
58,107,2020-10-15,SESSAO EXTRAORDINARIA
58,108,2020-10-20,SESSAO EXTRAORDINARIA
58,109,2020-10-21,SESSAO EXTRAORDINARIA
58,110,2020-10-21,SESSAO EXTRAORDINARIA
58,111,2020-10-27,SESSAO EXTRAORDINARIA
58,112,2020-10-28,SESSAO EXTRAORDINARIA
58,113,2020-10-28,SESSAO EXTRAORDINARIA
58,114,2020-11-03,SESSAO EXTRAORDINARIA
58,115,2020-11-03,SESSAO EXTRAORDINARIA
58,116,2020-11-04,SESSAO EXTRAORDINARIA
58,117,2020-11-10,SESSAO EXTRAORDINARIA
58,118,2020-11-10,SESSAO EXTRAORDINARIA
58,119,2020-11-11,SESSAO EXTRAORDINARIA
58,120,2020-11-17,SESSAO EXTRAORDINARIA
58,121,2020-11-17,SESSAO EXTRAORDINARIA
58,122,2020-11-18,SESSAO EXTRAORDINARIA
58,123,2020-11-24,SESSAO EXTRAORDINARIA
58,124,2020-11-25,SESSAO EXTRAORDINARIA
58,125,2020-11-25,SESSAO EXTRAORDINARIA
58,126,2020-12-01,SESSAO EXTRAORDINARIA
58,127,2020-12-01,SESSAO EXTRAORDINARIA
58,128,2020-12-02,SESSAO EXTRAORDINARIA
58,129,2020-12-08,SESSAO EXTRAORDINARIA
58,130,2020-12-09,SESSAO EXTRAORDINARIA
58,131,2020-12-09,SESSAO EXTRAORDINARIA
58,132,2020-12-10,SESSAO EXTRAORDINARIA
58,133,2020-12-10,SESSAO EXTRAORDINARIA
58,134,2020-12-10,SESSAO EXTRAORDINARIA
58,135,2020-12-15,SESSAO EXTRAORDINARIA
58,136,2021-02-02,SESSAO PREPARATORIA
58,137,2021-02-03,SESSAO EXTRAORDINARIA
58,138,2021-02-09,SESSAO EXTRAORDINARIA
58,139,2021-02-10,SESSAO EXTRAORDINARIA
58,140,2021-02-23,SESSAO EXTRAORDINARIA
58,141,2021-02-23,SESSAO EXTRAORDINARIA
58,142,2021-02-24,SESSAO EXTRAORDINARIA
58,143,2021-03-02,SESSAO EXTRAORDINARIA
58,144,2021-03-03,SESSAO EXTRAORDINARIA
58,145,2021-03-09,SESSAO EXTRAORDINARIA
58,146,2021-03-09,SESSAO EXTRAORDINARIA
58,147,2021-03-10,SESSAO EXTRAORDINARIA
58,148,2021-03-16,SESSAO EXTRAORDINARIA
58,149,2021-03-17,SESSAO EXTRAORDINARIA
58,150,2021-03-23,SESSAO EXTRAORDINARIA
58,151,2021-03-24,SESSAO EXTRAORDINARIA
58,152,2021-03-30,SESSAO EXTRAORDINARIA
58,153,2021-03-30,SESSAO EXTRAORDINARIA
58,154,2021-03-31,SESSAO EXTRAORDINARIA
58,155,2021-04-06,SESSAO EXTRAORDINARIA
58,156,2021-04-06,SESSAO EXTRAORDINARIA
58,157,2021-04-07,SESSAO EXTRAORDINARIA
58,158,2021-04-13,SESSAO EXTRAORDINARIA
58,159,2021-04-14,SESSAO EXTRAORDINARIA
58,160,2021-04-14,SESSAO EXTRAORDINARIA
58,161,2021-04-20,SESSAO EXTRAORDINARIA
58,162,2021-04-27,SESSAO EXTRAORDINARIA
58,163,2021-04-27,SESSAO EXTRAORDINARIA
58,164,2021-04-27,SESSAO EXTRAORDINARIA
58,165,2021-04-28,SESSAO EXTRAORDINARIA
58,166,2021-05-04,SESSAO EXTRAORDINARIA
58,167,2021-05-05,SESSAO EXTRAORDINARIA
58,168,2021-05-11,SESSAO EXTRAORDINARIA
58,169,2021-05-11,SESSAO EXTRAORDINARIA
58,170,2021-05-12,SESSAO EXTRAORDINARIA
58,171,2021-05-18,SESSAO EXTRAORDINARIA
58,172,2021-05-19,SESSAO EXTRAORDINARIA
58,173,2021-05-19,SESSAO EXTRAORDINARIA
58,174,2021-05-25,SESSAO EXTRAORDINARIA
58,175,2021-05-25,SESSAO EXTRAORDINARIA
58,176,2021-05-26,SESSAO EXTRAORDINARIA
58,177,2021-06-01,SESSAO EXTRAORDINARIA
58,178,2021-06-02,SESSAO EXTRAORDINARIA
58,179,2021-06-08,SESSAO EXTRAORDINARIA
58,180,2021-06-08,SESSAO EXTRAORDINARIA
58,181,2021-06-09,SESSAO EXTRAORDINARIA
58,182,2021-06-15,SESSAO EXTRAORDINARIA
58,183,2021-06-15,SESSAO EXTRAORDINARIA
58,184,2021-06-16,SESSAO EXTRAORDINARIA
58,185,2021-06-22,SESSAO EXTRAORDINARIA
58,186,2021-06-23,SESSAO EXTRAORDINARIA
58,187,2021-06-23,SESSAO EXTRAORDINARIA
58,188,2021-06-29,SESSAO EXTRAORDINARIA
58,189,2021-06-29,SESSAO EXTRAORDINARIA
58,190,2021-08-03,SESSAO ORDINARIA
58,191,2022-02-01,SESSAO ORDINARIA
58,192,2021-08-04,SESSAO ORDINARIA
58,193,2021-08-04,SESSAO EXTRAORDINARIA
58,194,2021-08-05,SESSAO ORDINARIA
58,195,2021-08-05,SESSAO ORDINARIA
58,196,2021-08-10,SESSAO ORDINARIA
58,197,2021-08-10,SESSAO EXTRAORDINARIA
58,198,2021-08-11,SESSAO ORDINARIA
58,199,2021-08-12,SESSAO ORDINARIA
58,200,2021-08-17,SESSAO ORDINARIA
58,201,2021-08-17,SESSAO EXTRAORDINARIA
58,202,2021-08-17,SESSAO EXTRAORDINARIA
58,203,2021-08-18,SESSAO ORDINARIA
58,204,2021-08-19,SESSAO ORDINARIA
58,205,2021-08-24,SESSAO ORDINARIA
58,206,2021-08-25,SESSAO ORDINARIA
58,207,2021-08-26,SESSAO ORDINARIA
58,208,2021-08-31,SESSAO ORDINARIA
58,209,2021-08-31,SESSAO EXTRAORDINARIA
58,210,2021-08-31,SESSAO EXTRAORDINARIA
58,211,2021-09-01,SESSAO ORDINARIA
58,212,2021-09-02,SESSAO ORDINARIA
58,213,2021-09-08,SESSAO ORDINARIA
58,214,2021-09-09,SESSAO ORDINARIA
58,215,2021-09-14,SESSAO ORDINARIA
58,216,2021-09-15,SESSAO ORDINARIA
58,217,2021-09-15,SESSAO EXTRAORDINARIA
58,218,2021-09-16,SESSAO ORDINARIA
58,219,2021-09-21,SESSAO ORDINARIA
58,220,2021-09-21,SESSAO EXTRAORDINARIA
58,221,2021-09-22,SESSAO ORDINARIA
58,222,2021-09-23,SESSAO ORDINARIA
58,223,2021-09-28,SESSAO ORDINARIA
58,224,2021-09-29,SESSAO ORDINARIA
58,225,2021-09-30,SESSAO ORDINARIA
58,226,2021-10-05,SESSAO ORDINARIA
58,227,2021-10-05,SESSAO EXTRAORDINARIA
58,228,2021-10-06,SESSAO ORDINARIA
58,229,2021-10-06,SESSAO EXTRAORDINARIA
58,230,2021-10-06,SESSAO EXTRAORDINARIA
58,231,2021-10-07,SESSAO ORDINARIA
58,232,2021-10-13,SESSAO ORDINARIA
58,233,2021-10-14,SESSAO ORDINARIA
58,234,2021-10-19,SESSAO ORDINARIA
58,235,2021-10-20,SESSAO ORDINARIA
58,236,2021-10-20,SESSAO EXTRAORDINARIA
58,237,2021-10-21,SESSAO ORDINARIA
58,238,2021-10-26,SESSAO ORDINARIA
58,239,2021-10-27,SESSAO ORDINARIA
58,240,2021-10-28,SESSAO ORDINARIA
58,241,2021-11-03,SESSAO ORDINARIA
58,242,2021-11-03,SESSAO EXTRAORDINARIA
58,243,2021-11-03,SESSAO EXTRAORDINARIA
58,244,2021-11-04,SESSAO ORDINARIA
58,245,2021-11-09,SESSAO ORDINARIA
58,246,2021-11-09,SESSAO EXTRAORDINARIA
58,247,2021-11-10,SESSAO ORDINARIA
58,248,2021-11-10,SESSAO EXTRAORDINARIA
58,249,2021-11-11,SESSAO ORDINARIA
58,250,2021-11-16,SESSAO ORDINARIA
58,251,2021-11-17,SESSAO ORDINARIA
58,252,2021-11-18,SESSAO ORDINARIA
58,253,2021-11-23,SESSAO ORDINARIA
58,254,2021-11-23,SESSAO EXTRAORDINARIA
58,255,2021-11-24,SESSAO ORDINARIA
58,256,2021-11-25,SESSAO ORDINARIA
58,257,2021-12-01,SESSAO ORDINARIA
58,258,2021-12-01,SESSAO EXTRAORDINARIA
58,259,2021-12-02,SESSAO EXTRAORDINARIA
58,260,2021-12-02,SESSAO ORDINARIA
58,261,2021-12-07,SESSAO ORDINARIA
58,262,2021-12-07,SESSAO EXTRAORDINARIA
58,263,2021-12-08,SESSAO ORDINARIA
58,264,2021-12-08,SESSAO EXTRAORDINARIA
58,265,2021-12-09,SESSAO ORDINARIA
58,266,2021-12-09,SESSAO EXTRAORDINARIA
58,267,2021-12-14,SESSAO EXTRAORDINARIA
58,268,2021-12-14,SESSAO ORDINARIA
58,269,2021-12-14,SESSAO EXTRAORDINARIA
58,270,2021-12-14,SESSAO EXTRAORDINARIA
58,271,2021-12-14,SESSAO EXTRAORDINARIA
58,272,2021-12-15,SESSAO ORDINARIA
58,273,2022-02-02,SESSAO ORDINARIA
58,274,2022-02-03,SESSAO ORDINARIA
58,275,2022-02-08,SESSAO ORDINARIA
58,276,2022-02-08,SESSAO EXTRAORDINARIA
58,277,2022-02-08,SESSAO EXTRAORDINARIA
58,278,2022-02-09,SESSAO ORDINARIA
58,279,2022-02-10,SESSAO ORDINARIA
58,280,2022-02-15,SESSAO ORDINARIA
58,281,2022-02-15,SESSAO EXTRAORDINARIA
58,282,2022-02-16,SESSAO ORDINARIA
58,283,2022-02-16,SESSAO EXTRAORDINARIA
58,284,2022-02-17,SESSAO ORDINARIA
58,285,2022-02-22,SESSAO ORDINARIA
58,286,2022-02-22,SESSAO EXTRAORDINARIA
58,287,2022-02-23,SESSAO ORDINARIA
58,288,2022-03-08,SESSAO EXTRAORDINARIA
58,289,2022-02-24,SESSAO ORDINARIA
58,290,2022-03-03,SESSAO ORDINARIA
58,291,2022-03-08,SESSAO ORDINARIA
58,292,2022-03-09,SESSAO ORDINARIA
58,293,2022-03-09,SESSAO EXTRAORDINARIA
58,294,2022-03-10,SESSAO ORDINARIA
58,295,2022-03-15,SESSAO EXTRAORDINARIA
58,296,2022-03-23,SESSAO EXTRAORDINARIA
58,297,2022-03-15,SESSAO ORDINARIA
58,298,2022-03-16,SESSAO ORDINARIA
58,299,2022-03-17,SESSAO ORDINARIA
58,300,2022-03-22,SESSAO ORDINARIA
58,301,2022-03-23,SESSAO ORDINARIA
58,302,2022-03-29,SESSAO EXTRAORDINARIA
58,303,2022-03-24,SESSAO ORDINARIA
58,304,2022-03-29,SESSAO ORDINARIA
58,305,2022-03-30,SESSAO ORDINARIA
58,306,2022-03-30,SESSAO EXTRAORDINARIA
58,307,2022-03-31,SESSAO EXTRAORDINARIA
58,308,2022-03-31,SESSAO ORDINARIA
58,309,2022-03-31,SESSAO EXTRAORDINARIA
58,310,2022-03-31,SESSAO EXTRAORDINARIA
58,311,2022-03-31,SESSAO EXTRAORDINARIA
58,312,2022-04-05,SESSAO ORDINARIA
58,313,2022-04-12,SESSAO EXTRAORDINARIA
58,314,2022-04-06,SESSAO ORDINARIA
58,315,2022-04-12,SESSAO EXTRAORDINARIA
58,316,2022-05-10,SESSAO EXTRAORDINARIA
58,317,2022-04-07,SESSAO ORDINARIA
58,318,2022-04-12,SESSAO ORDINARIA
58,319,2022-04-13,SESSAO ORDINARIA
58,320,2022-04-19,SESSAO ORDINARIA
58,321,2022-04-20,SESSAO ORDINARIA
58,322,2022-04-26,SESSAO ORDINARIA
58,323,2022-04-27,SESSAO ORDINARIA
58,324,2022-04-28,SESSAO ORDINARIA
58,325,2022-05-03,SESSAO ORDINARIA
58,326,2022-05-04,SESSAO ORDINARIA
58,327,2022-05-05,SESSAO ORDINARIA
58,328,2022-05-10,SESSAO ORDINARIA
58,329,2022-05-11,SESSAO ORDINARIA
58,330,2022-05-17,SESSAO EXTRAORDINARIA
58,331,2022-05-12,SESSAO ORDINARIA
58,332,2022-06-07,SESSAO EXTRAORDINARIA
58,333,2022-05-12,SESSAO ORDINARIA
58,334,2022-05-17,SESSAO ORDINARIA
58,335,2022-05-18,SESSAO ORDINARIA
58,336,2022-05-19,SESSAO ORDINARIA
58,337,2022-05-24,SESSAO ORDINARIA
58,338,2022-05-25,SESSAO ORDINARIA
58,339,2022-05-26,SESSAO ORDINARIA
58,340,2022-05-31,SESSAO ORDINARIA
58,341,2022-06-01,SESSAO ORDINARIA
58,342,2022-06-02,SESSAO ORDINARIA
58,343,2022-06-07,SESSAO ORDINARIA
58,344,2022-06-08,SESSAO ORDINARIA
58,345,2022-06-21,SESSAO EXTRAORDINARIA
58,346,2022-06-09,SESSAO ORDINARIA
58,347,2022-06-14,SESSAO ORDINARIA
58,348,2022-06-15,SESSAO ORDINARIA
58,349,2022-06-21,SESSAO ORDINARIA
58,350,2022-06-22,SESSAO ORDINARIA
58,351,2022-06-23,SESSAO ORDINARIA
58,352,2022-06-28,SESSAO ORDINARIA
58,353,2022-06-29,SESSAO EXTRAORDINARIA
58,354,2022-06-29,SESSAO ORDINARIA
58,355,2022-06-29,SESSAO EXTRAORDINARIA
58,356,2022-06-30,SESSAO ORDINARIA
58,357,2022-08-02,SESSAO ORDINARIA
58,358,2022-08-30,SESSAO EXTRAORDINARIA
58,359,2022-08-03,SESSAO ORDINARIA
58,360,2022-08-04,SESSAO ORDINARIA
58,361,2022-08-09,SESSAO ORDINARIA
58,362,2022-08-10,SESSAO ORDINARIA
58,363,2022-08-11,SESSAO ORDINARIA
58,364,2022-08-16,SESSAO ORDINARIA
58,365,2022-08-17,SESSAO ORDINARIA
58,366,2022-08-18,SESSAO ORDINARIA
58,367,2022-08-23,SESSAO ORDINARIA
58,368,2022-08-24,SESSAO ORDINARIA
58,369,2022-08-25,SESSAO ORDINARIA
58,370,2022-08-30,SESSAO ORDINARIA
58,371,2022-08-31,SESSAO ORDINARIA
58,372,2022-09-13,SESSAO EXTRAORDINARIA
58,373,2022-09-01,SESSAO ORDINARIA
58,374,2022-09-08,SESSAO ORDINARIA
58,375,2022-09-13,SESSAO ORDINARIA
58,376,2022-09-14,SESSAO ORDINARIA
58,377,2022-09-15,SESSAO ORDINARIA
58,378,2022-09-20,SESSAO ORDINARIA
58,379,2022-10-25,SESSAO EXTRAORDINARIA
58,380,2022-09-21,SESSAO ORDINARIA
58,381,2022-09-22,SESSAO ORDINARIA
58,382,2022-09-27,SESSAO ORDINARIA
58,383,2022-09-28,SESSAO ORDINARIA
58,384,2022-09-29,SESSAO ORDINARIA
58,385,2022-10-04,SESSAO ORDINARIA
58,386,2022-10-05,SESSAO ORDINARIA
58,387,2022-10-06,SESSAO ORDINARIA
58,388,2022-10-11,SESSAO ORDINARIA
58,389,2022-10-13,SESSAO ORDINARIA
58,390,2022-10-18,SESSAO ORDINARIA
58,391,2022-10-19,SESSAO ORDINARIA
58,392,2022-10-20,SESSAO ORDINARIA
58,393,2022-10-25,SESSAO ORDINARIA
58,394,2022-10-25,SESSAO EXTRAORDINARIA
58,395,2022-10-26,SESSAO ORDINARIA
58,396,2022-10-27,SESSAO ORDINARIA
58,397,2022-11-03,SESSAO ORDINARIA
58,398,2022-11-08,SESSAO ORDINARIA
58,399,2022-11-08,SESSAO EXTRAORDINARIA
58,400,2022-11-09,SESSAO ORDINARIA
58,401,2022-11-22,SESSAO EXTRAORDINARIA
58,402,2022-11-10,SESSAO ORDINARIA
58,403,2022-12-06,SESSAO EXTRAORDINARIA
58,404,2022-11-16,SESSAO ORDINARIA
58,405,2022-11-17,SESSAO ORDINARIA
58,406,2022-11-22,SESSAO ORDINARIA
58,407,2022-11-23,SESSAO ORDINARIA
58,408,2022-11-29,SESSAO ORDINARIA
58,409,2022-12-01,SESSAO ORDINARIA
58,410,2022-12-06,SESSAO ORDINARIA
58,411,2022-12-07,SESSAO ORDINARIA
58,412,2022-12-07,SESSAO EXTRAORDINARIA
58,413,2022-12-08,SESSAO ORDINARIA
58,414,2022-12-13,SESSAO ORDINARIA
58,415,2022-12-13,SESSAO EXTRAORDINARIA
58,416,2022-12-14,SESSAO ORDINARIA
58,417,2022-12-15,SESSAO ORDINARIA
58,422,2023-02-14,SESSAO EXTRAORDINARIA
58,423,2023-02-09,SESSAO ORDINARIA
58,424,2023-02-16,SESSAO EXTRAORDINARIA
58,427,2023-02-16,SESSAO ORDINARIA
58,428,2023-02-23,SESSAO ORDINARIA
58,432,2023-03-02,SESSAO ORDINARIA
58,435,2023-03-09,SESSAO ORDINARIA
58,438,2023-03-16,SESSAO ORDINARIA
58,441,2023-03-23,SESSAO ORDINARIA
58,446,2023-03-30,SESSAO ORDINARIA
58,448,2023-04-05,SESSAO ORDINARIA
58,452,2023-04-13,SESSAO ORDINARIA
58,455,2023-04-20,SESSAO ORDINARIA
58,461,2023-05-04,SESSAO ORDINARIA
58,465,2023-05-11,SESSAO ORDINARIA
58,472,2023-05-25,SESSAO ORDINARIA
58,476,2023-06-01,SESSAO ORDINARIA
58,478,2023-06-07,SESSAO ORDINARIA
58,479,2023-06-13,SESSAO ORDINARIA
58,480,2023-06-14,SESSAO ORDINARIA
58,489,2023-08-03,SESSAO ORDINARIA
58,492,2023-08-10,SESSAO ORDINARIA
58,499,2023-08-24,SESSAO ORDINARIA
58,501,2023-08-29,SESSAO EXTRAORDINARIA
58,502,2023-08-29,SESSAO EXTRAORDINARIA
58,503,2023-08-30,SESSAO ORDINARIA
58,504,2023-08-31,SESSAO ORDINARIA
58,506,2023-09-12,SESSAO ORDINARIA
58,507,2023-09-13,SESSAO ORDINARIA
58,511,2023-09-21,SESSAO ORDINARIA
58,515,2023-09-28,SESSAO ORDINARIA
58,522,2023-10-11,SESSAO ORDINARIA
58,526,2023-10-19,SESSAO ORDINARIA
58,536,2023-11-09,SESSAO ORDINARIA
58,539,2023-11-16,SESSAO ORDINARIA
58,544,2023-11-23,SESSAO ORDINARIA
58,545,2023-11-28,SESSAO EXTRAORDINARIA
58,551,2023-12-07,SESSAO ORDINARIA
58,563,2024-02-08,SESSAO ORDINARIA
58,568,2024-02-22,SESSAO ORDINARIA
58,573,2024-02-28,SESSAO ORDINARIA
58,574,2024-02-29,SESSAO ORDINARIA
58,577,2024-03-06,SESSAO ORDINARIA
58,580,2024-03-14,SESSAO ORDINARIA
58,584,2024-03-21,SESSAO ORDINARIA
58,585,2024-03-26,SESSAO EXTRAORDINARIA
58,587,2024-03-27,SESSAO ORDINARIA
58,597,2024-04-11,SESSAO ORDINARIA
58,601,2024-04-17,SESSAO ORDINARIA
58,602,2024-04-18,SESSAO ORDINARIA
58,604,2024-04-25,SESSAO ORDINARIA
58,607,2024-05-02,SESSAO ORDINARIA
58,610,2024-05-09,SESSAO ORDINARIA
58,612,2024-05-14,SESSAO ORDINARIA
58,613,2024-05-15,SESSAO ORDINARIA
58,614,2024-05-16,SESSAO ORDINARIA
58,616,2024-05-22,SESSAO ORDINARIA
58,620,2024-05-29,SESSAO ORDINARIA
58,623,2024-06-05,SESSAO ORDINARIA
58,626,2024-06-06,SESSAO ORDINARIA
58,632,2024-06-20,SESSAO ORDINARIA
58,643,2024-08-08,SESSAO ORDINARIA
58,645,2024-08-15,SESSAO ORDINARIA
58,651,2024-08-29,SESSAO ORDINARIA
58,652,2024-09-03,SESSAO EXTRAORDINARIA
58,653,2024-09-03,SESSAO ORDINARIA
58,654,2024-09-04,SESSAO ORDINARIA
58,655,2024-09-05,SESSAO ORDINARIA
58,659,2024-09-12,SESSAO ORDINARIA
58,662,2024-09-18,SESSAO ORDINARIA
58,663,2024-09-19,SESSAO ORDINARIA
58,672,2024-10-03,SESSAO ORDINARIA
58,676,2024-10-10,SESSAO ORDINARIA
58,679,2024-10-17,SESSAO ORDINARIA
58,680,2024-10-22,SESSAO EXTRAORDINARIA
58,681,2024-10-22,SESSAO ORDINARIA
58,682,2024-10-23,SESSAO ORDINARIA
58,683,2024-10-24,SESSAO ORDINARIA
58,687,2024-10-30,SESSAO EXTRAORDINARIA
58,688,2024-10-31,SESSAO ORDINARIA
58,692,2024-11-07,SESSAO ORDINARIA
58,1694,2024-11-14,SESSAO ORDINARIA
58,1701,2024-11-28,SESSAO ORDINARIA
58,1704,2024-12-04,SESSAO EXTRAORDINARIA
58,1716,2025-02-13,ORDINARIA
58,1721,2025-02-20,ORDINARIA
58,1724,2025-02-26,ORDINARIA
58,1727,2025-02-27,ORDINARIA
58,1730,2025-03-06,ORDINARIA
58,1736,2025-03-12,ORDINARIA
58,1740,2025-03-18,EXTRAORDINARIA
58,1744,2025-03-19,ORDINARIA
58,1757,2025-03-27,ORDINARIA
58,1763,2025-04-03,ORDINARIA
58,1765,2025-04-03,ORDINARIA
58,1775,2025-04-10,ORDINARIA
58,1776,2025-04-10,ORDINARIA
58,1783,2025-04-16,ORDINARIA
58,1788,2025-04-24,ORDINARIA
58,1789,2025-04-24,ORDINARIA
58,1796,2025-05-07,ORDINARIA
58,1798,2025-05-08,ORDINARIA
58,1799,2025-05-08,ORDINARIA
58,1819,2025-05-22,ORDINARIA
58,1827,2025-05-28,ORDINARIA
58,1829,2025-05-29,ORDINARIA
58,1830,2025-05-29,ORDINARIA
58,1836,2025-06-04,ORDINARIA
58,1838,2025-06-05,ORDINARIA
58,1842,2025-06-10,ORDINARIA
58,1846,2025-06-12,ORDINARIA
58,1847,2025-06-12,ORDINARIA
58,1859,2025-08-07,EXTRAORDINARIA
58,1862,2025-06-25,ORDINARIA
58,1864,2025-06-26,ORDINARIA
58,1865,2025-06-26,ORDINARIA
58,1875,2025-08-07,ORDINARIA
58,1876,2025-08-07,EXTRAORDINARIA
58,1879,2025-08-12,ORDINARIA
58,1880,2025-08-12,EXTRAORDINARIA
58,1882,2025-08-13,ORDINARIA
58,1884,2025-08-14,ORDINARIA
58,1885,2025-08-14,ORDINARIA
58,1896,2025-08-26,EXTRAORDINARIA
58,1897,2025-08-21,SOLENE
58,1899,2025-08-22,SOLENE
58,1906,2025-08-28,ORDINARIA
58,1907,2025-08-28,ORDINARIA
58,1913,2025-09-03,ORDINARIA
58,1914,2025-09-04,ORDINARIA
58,1915,2025-09-04,ORDINARIA
58,1919,2025-09-11,ORDINARIA
58,1920,2025-09-11,ORDINARIA
58,1928,2025-09-16,EXTRAORDINARIA
58,1930,2025-09-17,ORDINARIA
58,1932,2025-09-18,ORDINARIA
58,1933,2025-09-18,ORDINARIA
58,1941,2025-09-24,ORDINARIA
58,1944,2025-09-25,ORDINARIA
58,1945,2025-09-25,ORDINARIA
58,1956,2025-10-02,ORDINARIA
58,1967,2025-10-09,ORDINARIA
58,1968,2025-10-09,ORDINARIA
58,1974,2025-10-14,ORDINARIA
58,1975,2025-10-15,EXTRAORDINARIA
58,1977,2025-10-15,ORDINARIA
58,1979,2025-10-16,ORDINARIA
58,1990,2025-10-23,ORDINARIA
58,1994,2025-10-30,ORDINARIA
58,1995,2025-10-30,ORDINARIA
58,2006,2025-11-06,ORDINARIA
58,2018,2025-11-12,ORDINARIA
58,2020,2025-11-13,ORDINARIA
58,2030,2025-11-19,ORDINARIA
58,2039,2025-11-27,ORDINARIA
58,2040,2025-11-27,ORDINARIA
58,2053,2025-12-04,ORDINARIA
58,2065,2025-12-15,ORDINARIA
58,2070,2026-02-04,ORDINARIA
58,2072,2026-02-05,ORDINARIA
58,2078,2026-02-11,ORDINARIA
58,2081,2026-02-12,ORDINARIA
58,2085,2026-02-25,ORDINARIA
58,2088,2026-02-26,ORDINARIA
58,2093,2026-03-04,ORDINARIA
58,2103,2026-04-01,ORDINARIA
58,2107,2026-04-08,EXTRAORDINARIA
58,2108,2026-04-08,ORDINARIA
58,2109,2026-04-09,ORDINARIA
58,2114,2026-04-15,ORDINARIA
58,2116,2026-04-16,ORDINARIA
58,2119,2026-04-23,ORDINARIA
58,2131,2026-03-19,ORDINARIA
58,2141,2026-03-26,ORDINARIA
58,2145,2026-04-30,ORDINARIA
58,2150,2026-05-06,ORDINARIA
58,2152,2026-05-07,ORDINARIA
58,2163,2026-05-14,ORDINARIA
58,2173,2026-03-11,ORDINARIA
58,2176,2026-03-12,ORDINARIA
58,2188,2026-05-21,ORDINARIA
58,2192,2026-05-27,ORDINARIA
58,2193,2026-05-28,ORDINARIA
58,2200,2026-06-03,ORDINARIA
58,2204,2026-06-10,ORDINARIA
58,2205,2026-06-11,ORDINARIA
58,2228,2026-08-05,ORDINARIA
58,2229,2026-08-06,ORDINARIA
58,2237,2026-06-17,ORDINARIA
58,2239,2026-06-18,ORDINARIA
58,2244,2026-08-12,ORDINARIA
58,2245,2026-08-13,ORDINARIA
58,2253,2026-08-19,ORDINARIA
58,2255,2026-08-20,ORDINARIA
59,4,2020-02-04,SESSAO ORDINARIA
59,5,2020-02-05,SESSAO ORDINARIA
59,6,2020-02-11,SESSAO ORDINARIA
59,7,2020-02-11,SESSAO EXTRAORDINARIA
59,8,2020-02-12,SESSAO ORDINARIA
59,9,2020-02-13,SESSAO ORDINARIA
59,10,2020-02-18,SESSAO ORDINARIA
59,11,2020-02-19,SESSAO ORDINARIA
59,12,2020-02-20,SESSAO ORDINARIA
59,13,2020-02-27,SESSAO ORDINARIA
59,14,2020-03-03,SESSAO ORDINARIA
59,15,2020-03-04,SESSAO ORDINARIA
59,16,2020-03-05,SESSAO ORDINARIA
59,17,2020-03-10,SESSAO ORDINARIA
59,18,2020-03-11,SESSAO ORDINARIA
59,19,2020-03-11,SESSAO EXTRAORDINARIA
59,20,2020-03-12,SESSAO ORDINARIA
59,21,2020-03-16,SESSAO EXTRAORDINARIA
59,22,2020-03-16,SESSAO EXTRAORDINARIA
59,23,2020-03-17,SESSAO ORDINARIA
59,24,2020-03-17,SESSAO EXTRAORDINARIA
59,25,2020-03-24,SESSAO EXTRAORDINARIA
59,26,2020-03-24,SESSAO EXTRAORDINARIA
59,27,2020-03-25,SESSAO EXTRAORDINARIA
59,28,2020-03-25,SESSAO EXTRAORDINARIA
59,29,2020-03-25,SESSAO EXTRAORDINARIA
59,30,2020-03-25,SESSAO EXTRAORDINARIA
59,31,2020-03-31,SESSAO EXTRAORDINARIA
59,32,2020-03-31,SESSAO EXTRAORDINARIA
59,33,2020-03-31,SESSAO EXTRAORDINARIA
59,34,2020-04-07,SESSAO EXTRAORDINARIA
59,35,2020-04-01,SESSAO EXTRAORDINARIA
59,36,2020-04-01,SESSAO EXTRAORDINARIA
59,37,2020-04-07,SESSAO EXTRAORDINARIA
59,38,2020-04-08,SESSAO EXTRAORDINARIA
59,39,2020-04-14,SESSAO EXTRAORDINARIA
59,40,2020-04-14,SESSAO EXTRAORDINARIA
59,41,2020-04-14,SESSAO EXTRAORDINARIA
59,42,2020-04-15,SESSAO EXTRAORDINARIA
59,43,2020-04-15,SESSAO EXTRAORDINARIA
59,44,2020-04-22,SESSAO EXTRAORDINARIA
59,45,2020-04-22,SESSAO EXTRAORDINARIA
59,46,2020-04-22,SESSAO EXTRAORDINARIA
59,47,2020-04-22,SESSAO EXTRAORDINARIA
59,48,2020-04-28,SESSAO EXTRAORDINARIA
59,49,2020-04-28,SESSAO EXTRAORDINARIA
59,50,2020-04-29,SESSAO EXTRAORDINARIA
59,51,2020-04-29,SESSAO EXTRAORDINARIA
59,52,2020-05-05,SESSAO EXTRAORDINARIA
59,53,2020-05-05,SESSAO EXTRAORDINARIA
59,54,2020-05-19,SESSAO EXTRAORDINARIA
59,55,2020-05-19,SESSAO EXTRAORDINARIA
59,56,2020-05-20,SESSAO EXTRAORDINARIA
59,57,2020-05-20,SESSAO EXTRAORDINARIA
59,58,2020-05-20,SESSAO EXTRAORDINARIA
59,59,2020-05-26,SESSAO EXTRAORDINARIA
59,60,2020-05-27,SESSAO EXTRAORDINARIA
59,61,2020-06-02,SESSAO EXTRAORDINARIA
59,62,2020-06-02,SESSAO EXTRAORDINARIA
59,63,2020-06-09,SESSAO EXTRAORDINARIA
59,64,2020-06-10,SESSAO EXTRAORDINARIA
59,65,2020-06-10,SESSAO EXTRAORDINARIA
59,66,2020-06-10,SESSAO EXTRAORDINARIA
59,67,2020-06-16,SESSAO EXTRAORDINARIA
59,68,2020-06-16,SESSAO EXTRAORDINARIA
59,69,2020-06-17,SESSAO EXTRAORDINARIA
59,70,2020-06-17,SESSAO EXTRAORDINARIA
59,71,2020-06-18,SESSAO EXTRAORDINARIA
59,72,2020-06-23,SESSAO EXTRAORDINARIA
59,73,2020-06-24,SESSAO EXTRAORDINARIA
59,74,2020-06-24,SESSAO EXTRAORDINARIA
59,75,2020-06-30,SESSAO EXTRAORDINARIA
59,76,2020-06-30,SESSAO EXTRAORDINARIA
59,77,2020-08-04,SESSAO EXTRAORDINARIA
59,78,2020-08-05,SESSAO EXTRAORDINARIA
59,79,2020-08-11,SESSAO EXTRAORDINARIA
59,80,2020-08-11,SESSAO EXTRAORDINARIA
59,81,2020-08-12,SESSAO EXTRAORDINARIA
59,82,2020-08-12,SESSAO EXTRAORDINARIA
59,83,2020-08-18,SESSAO EXTRAORDINARIA
59,84,2020-08-19,SESSAO EXTRAORDINARIA
59,85,2020-08-19,SESSAO EXTRAORDINARIA
59,86,2020-08-25,SESSAO EXTRAORDINARIA
59,87,2020-08-26,SESSAO EXTRAORDINARIA
59,88,2020-09-01,SESSAO EXTRAORDINARIA
59,89,2020-09-02,SESSAO EXTRAORDINARIA
59,90,2020-09-08,SESSAO EXTRAORDINARIA
59,91,2020-09-09,SESSAO EXTRAORDINARIA
59,92,2020-09-15,SESSAO EXTRAORDINARIA
59,93,2020-09-16,SESSAO EXTRAORDINARIA
59,94,2020-09-17,SESSAO EXTRAORDINARIA
59,95,2020-09-22,SESSAO EXTRAORDINARIA
59,96,2020-09-23,SESSAO EXTRAORDINARIA
59,97,2020-09-23,SESSAO EXTRAORDINARIA
59,98,2020-09-29,SESSAO EXTRAORDINARIA
59,99,2020-09-29,SESSAO EXTRAORDINARIA
59,100,2020-09-30,SESSAO EXTRAORDINARIA
59,101,2020-10-06,SESSAO EXTRAORDINARIA
59,102,2020-10-07,SESSAO EXTRAORDINARIA
59,103,2020-10-07,SESSAO EXTRAORDINARIA
59,104,2020-10-13,SESSAO EXTRAORDINARIA
59,105,2020-10-14,SESSAO EXTRAORDINARIA
59,106,2020-10-14,SESSAO EXTRAORDINARIA
59,107,2020-10-15,SESSAO EXTRAORDINARIA
59,108,2020-10-20,SESSAO EXTRAORDINARIA
59,109,2020-10-21,SESSAO EXTRAORDINARIA
59,110,2020-10-21,SESSAO EXTRAORDINARIA
59,111,2020-10-27,SESSAO EXTRAORDINARIA
59,112,2020-10-28,SESSAO EXTRAORDINARIA
59,113,2020-10-28,SESSAO EXTRAORDINARIA
59,114,2020-11-03,SESSAO EXTRAORDINARIA
59,115,2020-11-03,SESSAO EXTRAORDINARIA
59,116,2020-11-04,SESSAO EXTRAORDINARIA
59,117,2020-11-10,SESSAO EXTRAORDINARIA
59,118,2020-11-10,SESSAO EXTRAORDINARIA
59,119,2020-11-11,SESSAO EXTRAORDINARIA
59,120,2020-11-17,SESSAO EXTRAORDINARIA
59,121,2020-11-17,SESSAO EXTRAORDINARIA
59,122,2020-11-18,SESSAO EXTRAORDINARIA
59,123,2020-11-24,SESSAO EXTRAORDINARIA
59,124,2020-11-25,SESSAO EXTRAORDINARIA
59,125,2020-11-25,SESSAO EXTRAORDINARIA
59,126,2020-12-01,SESSAO EXTRAORDINARIA
59,127,2020-12-01,SESSAO EXTRAORDINARIA
59,128,2020-12-02,SESSAO EXTRAORDINARIA
59,129,2020-12-08,SESSAO EXTRAORDINARIA
59,130,2020-12-09,SESSAO EXTRAORDINARIA
59,131,2020-12-09,SESSAO EXTRAORDINARIA
59,132,2020-12-10,SESSAO EXTRAORDINARIA
59,133,2020-12-10,SESSAO EXTRAORDINARIA
59,134,2020-12-10,SESSAO EXTRAORDINARIA
59,135,2020-12-15,SESSAO EXTRAORDINARIA
59,136,2021-02-02,SESSAO PREPARATORIA
59,137,2021-02-03,SESSAO EXTRAORDINARIA
59,138,2021-02-09,SESSAO EXTRAORDINARIA
59,139,2021-02-10,SESSAO EXTRAORDINARIA
59,140,2021-02-23,SESSAO EXTRAORDINARIA
59,141,2021-02-23,SESSAO EXTRAORDINARIA
59,142,2021-02-24,SESSAO EXTRAORDINARIA
59,143,2021-03-02,SESSAO EXTRAORDINARIA
59,144,2021-03-03,SESSAO EXTRAORDINARIA
59,145,2021-03-09,SESSAO EXTRAORDINARIA
59,146,2021-03-09,SESSAO EXTRAORDINARIA
59,147,2021-03-10,SESSAO EXTRAORDINARIA
59,148,2021-03-16,SESSAO EXTRAORDINARIA
59,149,2021-03-17,SESSAO EXTRAORDINARIA
59,150,2021-03-23,SESSAO EXTRAORDINARIA
59,151,2021-03-24,SESSAO EXTRAORDINARIA
59,152,2021-03-30,SESSAO EXTRAORDINARIA
59,153,2021-03-30,SESSAO EXTRAORDINARIA
59,154,2021-03-31,SESSAO EXTRAORDINARIA
59,155,2021-04-06,SESSAO EXTRAORDINARIA
59,156,2021-04-06,SESSAO EXTRAORDINARIA
59,157,2021-04-07,SESSAO EXTRAORDINARIA
59,158,2021-04-13,SESSAO EXTRAORDINARIA
59,159,2021-04-14,SESSAO EXTRAORDINARIA
59,160,2021-04-14,SESSAO EXTRAORDINARIA
59,161,2021-04-20,SESSAO EXTRAORDINARIA
59,162,2021-04-27,SESSAO EXTRAORDINARIA
59,163,2021-04-27,SESSAO EXTRAORDINARIA
59,164,2021-04-27,SESSAO EXTRAORDINARIA
59,165,2021-04-28,SESSAO EXTRAORDINARIA
59,166,2021-05-04,SESSAO EXTRAORDINARIA
59,167,2021-05-05,SESSAO EXTRAORDINARIA
59,168,2021-05-11,SESSAO EXTRAORDINARIA
59,169,2021-05-11,SESSAO EXTRAORDINARIA
59,170,2021-05-12,SESSAO EXTRAORDINARIA
59,171,2021-05-18,SESSAO EXTRAORDINARIA
59,172,2021-05-19,SESSAO EXTRAORDINARIA
59,173,2021-05-19,SESSAO EXTRAORDINARIA
59,174,2021-05-25,SESSAO EXTRAORDINARIA
59,175,2021-05-25,SESSAO EXTRAORDINARIA
59,176,2021-05-26,SESSAO EXTRAORDINARIA
59,177,2021-06-01,SESSAO EXTRAORDINARIA
59,178,2021-06-02,SESSAO EXTRAORDINARIA
59,179,2021-06-08,SESSAO EXTRAORDINARIA
59,180,2021-06-08,SESSAO EXTRAORDINARIA
59,181,2021-06-09,SESSAO EXTRAORDINARIA
59,182,2021-06-15,SESSAO EXTRAORDINARIA
59,183,2021-06-15,SESSAO EXTRAORDINARIA
59,184,2021-06-16,SESSAO EXTRAORDINARIA
59,185,2021-06-22,SESSAO EXTRAORDINARIA
59,186,2021-06-23,SESSAO EXTRAORDINARIA
59,187,2021-06-23,SESSAO EXTRAORDINARIA
59,188,2021-06-29,SESSAO EXTRAORDINARIA
59,189,2021-06-29,SESSAO EXTRAORDINARIA
59,190,2021-08-03,SESSAO ORDINARIA
59,191,2022-02-01,SESSAO ORDINARIA
59,192,2021-08-04,SESSAO ORDINARIA
59,193,2021-08-04,SESSAO EXTRAORDINARIA
59,194,2021-08-05,SESSAO ORDINARIA
59,195,2021-08-05,SESSAO ORDINARIA
59,196,2021-08-10,SESSAO ORDINARIA
59,197,2021-08-10,SESSAO EXTRAORDINARIA
59,198,2021-08-11,SESSAO ORDINARIA
59,199,2021-08-12,SESSAO ORDINARIA
59,200,2021-08-17,SESSAO ORDINARIA
59,201,2021-08-17,SESSAO EXTRAORDINARIA
59,202,2021-08-17,SESSAO EXTRAORDINARIA
59,203,2021-08-18,SESSAO ORDINARIA
59,204,2021-08-19,SESSAO ORDINARIA
59,205,2021-08-24,SESSAO ORDINARIA
59,206,2021-08-25,SESSAO ORDINARIA
59,207,2021-08-26,SESSAO ORDINARIA
59,208,2021-08-31,SESSAO ORDINARIA
59,209,2021-08-31,SESSAO EXTRAORDINARIA
59,210,2021-08-31,SESSAO EXTRAORDINARIA
59,211,2021-09-01,SESSAO ORDINARIA
59,212,2021-09-02,SESSAO ORDINARIA
59,213,2021-09-08,SESSAO ORDINARIA
59,214,2021-09-09,SESSAO ORDINARIA
59,215,2021-09-14,SESSAO ORDINARIA
59,216,2021-09-15,SESSAO ORDINARIA
59,217,2021-09-15,SESSAO EXTRAORDINARIA
59,218,2021-09-16,SESSAO ORDINARIA
59,219,2021-09-21,SESSAO ORDINARIA
59,220,2021-09-21,SESSAO EXTRAORDINARIA
59,221,2021-09-22,SESSAO ORDINARIA
59,222,2021-09-23,SESSAO ORDINARIA
59,223,2021-09-28,SESSAO ORDINARIA
59,224,2021-09-29,SESSAO ORDINARIA
59,225,2021-09-30,SESSAO ORDINARIA
59,226,2021-10-05,SESSAO ORDINARIA
59,227,2021-10-05,SESSAO EXTRAORDINARIA
59,228,2021-10-06,SESSAO ORDINARIA
59,229,2021-10-06,SESSAO EXTRAORDINARIA
59,230,2021-10-06,SESSAO EXTRAORDINARIA
59,231,2021-10-07,SESSAO ORDINARIA
59,232,2021-10-13,SESSAO ORDINARIA
59,233,2021-10-14,SESSAO ORDINARIA
59,234,2021-10-19,SESSAO ORDINARIA
59,235,2021-10-20,SESSAO ORDINARIA
59,236,2021-10-20,SESSAO EXTRAORDINARIA
59,237,2021-10-21,SESSAO ORDINARIA
59,238,2021-10-26,SESSAO ORDINARIA
59,239,2021-10-27,SESSAO ORDINARIA
59,240,2021-10-28,SESSAO ORDINARIA
59,241,2021-11-03,SESSAO ORDINARIA
59,242,2021-11-03,SESSAO EXTRAORDINARIA
59,243,2021-11-03,SESSAO EXTRAORDINARIA
59,244,2021-11-04,SESSAO ORDINARIA
59,245,2021-11-09,SESSAO ORDINARIA
59,246,2021-11-09,SESSAO EXTRAORDINARIA
59,247,2021-11-10,SESSAO ORDINARIA
59,248,2021-11-10,SESSAO EXTRAORDINARIA
59,249,2021-11-11,SESSAO ORDINARIA
59,250,2021-11-16,SESSAO ORDINARIA
59,251,2021-11-17,SESSAO ORDINARIA
59,252,2021-11-18,SESSAO ORDINARIA
59,253,2021-11-23,SESSAO ORDINARIA
59,254,2021-11-23,SESSAO EXTRAORDINARIA
59,255,2021-11-24,SESSAO ORDINARIA
59,256,2021-11-25,SESSAO ORDINARIA
59,257,2021-12-01,SESSAO ORDINARIA
59,258,2021-12-01,SESSAO EXTRAORDINARIA
59,259,2021-12-02,SESSAO EXTRAORDINARIA
59,260,2021-12-02,SESSAO ORDINARIA
59,261,2021-12-07,SESSAO ORDINARIA
59,262,2021-12-07,SESSAO EXTRAORDINARIA
59,263,2021-12-08,SESSAO ORDINARIA
59,264,2021-12-08,SESSAO EXTRAORDINARIA
59,265,2021-12-09,SESSAO ORDINARIA
59,266,2021-12-09,SESSAO EXTRAORDINARIA
59,267,2021-12-14,SESSAO EXTRAORDINARIA
59,268,2021-12-14,SESSAO ORDINARIA
59,269,2021-12-14,SESSAO EXTRAORDINARIA
59,270,2021-12-14,SESSAO EXTRAORDINARIA
59,271,2021-12-14,SESSAO EXTRAORDINARIA
59,272,2021-12-15,SESSAO ORDINARIA
59,273,2022-02-02,SESSAO ORDINARIA
59,274,2022-02-03,SESSAO ORDINARIA
59,275,2022-02-08,SESSAO ORDINARIA
59,276,2022-02-08,SESSAO EXTRAORDINARIA
59,277,2022-02-08,SESSAO EXTRAORDINARIA
59,278,2022-02-09,SESSAO ORDINARIA
59,279,2022-02-10,SESSAO ORDINARIA
59,280,2022-02-15,SESSAO ORDINARIA
59,281,2022-02-15,SESSAO EXTRAORDINARIA
59,282,2022-02-16,SESSAO ORDINARIA
59,283,2022-02-16,SESSAO EXTRAORDINARIA
59,284,2022-02-17,SESSAO ORDINARIA
59,285,2022-02-22,SESSAO ORDINARIA
59,286,2022-02-22,SESSAO EXTRAORDINARIA
59,287,2022-02-23,SESSAO ORDINARIA
59,288,2022-03-08,SESSAO EXTRAORDINARIA
59,289,2022-02-24,SESSAO ORDINARIA
59,290,2022-03-03,SESSAO ORDINARIA
59,291,2022-03-08,SESSAO ORDINARIA
59,292,2022-03-09,SESSAO ORDINARIA
59,293,2022-03-09,SESSAO EXTRAORDINARIA
59,294,2022-03-10,SESSAO ORDINARIA
59,295,2022-03-15,SESSAO EXTRAORDINARIA
59,296,2022-03-23,SESSAO EXTRAORDINARIA
59,297,2022-03-15,SESSAO ORDINARIA
59,298,2022-03-16,SESSAO ORDINARIA
59,299,2022-03-17,SESSAO ORDINARIA
59,300,2022-03-22,SESSAO ORDINARIA
59,301,2022-03-23,SESSAO ORDINARIA
59,302,2022-03-29,SESSAO EXTRAORDINARIA
59,303,2022-03-24,SESSAO ORDINARIA
59,304,2022-03-29,SESSAO ORDINARIA
59,305,2022-03-30,SESSAO ORDINARIA
59,306,2022-03-30,SESSAO EXTRAORDINARIA
59,307,2022-03-31,SESSAO EXTRAORDINARIA
59,308,2022-03-31,SESSAO ORDINARIA
59,309,2022-03-31,SESSAO EXTRAORDINARIA
59,310,2022-03-31,SESSAO EXTRAORDINARIA
59,311,2022-03-31,SESSAO EXTRAORDINARIA
59,312,2022-04-05,SESSAO ORDINARIA
59,313,2022-04-12,SESSAO EXTRAORDINARIA
59,314,2022-04-06,SESSAO ORDINARIA
59,315,2022-04-12,SESSAO EXTRAORDINARIA
59,316,2022-05-10,SESSAO EXTRAORDINARIA
59,317,2022-04-07,SESSAO ORDINARIA
59,318,2022-04-12,SESSAO ORDINARIA
59,319,2022-04-13,SESSAO ORDINARIA
59,320,2022-04-19,SESSAO ORDINARIA
59,321,2022-04-20,SESSAO ORDINARIA
59,322,2022-04-26,SESSAO ORDINARIA
59,323,2022-04-27,SESSAO ORDINARIA
59,324,2022-04-28,SESSAO ORDINARIA
59,325,2022-05-03,SESSAO ORDINARIA
59,326,2022-05-04,SESSAO ORDINARIA
59,327,2022-05-05,SESSAO ORDINARIA
59,328,2022-05-10,SESSAO ORDINARIA
59,329,2022-05-11,SESSAO ORDINARIA
59,330,2022-05-17,SESSAO EXTRAORDINARIA
59,331,2022-05-12,SESSAO ORDINARIA
59,332,2022-06-07,SESSAO EXTRAORDINARIA
59,333,2022-05-12,SESSAO ORDINARIA
59,334,2022-05-17,SESSAO ORDINARIA
59,335,2022-05-18,SESSAO ORDINARIA
59,336,2022-05-19,SESSAO ORDINARIA
59,337,2022-05-24,SESSAO ORDINARIA
59,338,2022-05-25,SESSAO ORDINARIA
59,339,2022-05-26,SESSAO ORDINARIA
59,340,2022-05-31,SESSAO ORDINARIA
59,341,2022-06-01,SESSAO ORDINARIA
59,342,2022-06-02,SESSAO ORDINARIA
59,343,2022-06-07,SESSAO ORDINARIA
59,344,2022-06-08,SESSAO ORDINARIA
59,345,2022-06-21,SESSAO EXTRAORDINARIA
59,346,2022-06-09,SESSAO ORDINARIA
59,347,2022-06-14,SESSAO ORDINARIA
59,348,2022-06-15,SESSAO ORDINARIA
59,349,2022-06-21,SESSAO ORDINARIA
59,350,2022-06-22,SESSAO ORDINARIA
59,351,2022-06-23,SESSAO ORDINARIA
59,352,2022-06-28,SESSAO ORDINARIA
59,353,2022-06-29,SESSAO EXTRAORDINARIA
59,354,2022-06-29,SESSAO ORDINARIA
59,355,2022-06-29,SESSAO EXTRAORDINARIA
59,356,2022-06-30,SESSAO ORDINARIA
59,357,2022-08-02,SESSAO ORDINARIA
59,358,2022-08-30,SESSAO EXTRAORDINARIA
59,359,2022-08-03,SESSAO ORDINARIA
59,360,2022-08-04,SESSAO ORDINARIA
59,361,2022-08-09,SESSAO ORDINARIA
59,362,2022-08-10,SESSAO ORDINARIA
59,363,2022-08-11,SESSAO ORDINARIA
59,364,2022-08-16,SESSAO ORDINARIA
59,365,2022-08-17,SESSAO ORDINARIA
59,366,2022-08-18,SESSAO ORDINARIA
59,367,2022-08-23,SESSAO ORDINARIA
59,368,2022-08-24,SESSAO ORDINARIA
59,369,2022-08-25,SESSAO ORDINARIA
59,370,2022-08-30,SESSAO ORDINARIA
59,371,2022-08-31,SESSAO ORDINARIA
59,372,2022-09-13,SESSAO EXTRAORDINARIA
59,373,2022-09-01,SESSAO ORDINARIA
59,374,2022-09-08,SESSAO ORDINARIA
59,375,2022-09-13,SESSAO ORDINARIA
59,376,2022-09-14,SESSAO ORDINARIA
59,377,2022-09-15,SESSAO ORDINARIA
59,378,2022-09-20,SESSAO ORDINARIA
59,379,2022-10-25,SESSAO EXTRAORDINARIA
59,380,2022-09-21,SESSAO ORDINARIA
59,381,2022-09-22,SESSAO ORDINARIA
59,382,2022-09-27,SESSAO ORDINARIA
59,383,2022-09-28,SESSAO ORDINARIA
59,384,2022-09-29,SESSAO ORDINARIA
59,385,2022-10-04,SESSAO ORDINARIA
59,386,2022-10-05,SESSAO ORDINARIA
59,387,2022-10-06,SESSAO ORDINARIA
59,388,2022-10-11,SESSAO ORDINARIA
59,389,2022-10-13,SESSAO ORDINARIA
59,390,2022-10-18,SESSAO ORDINARIA
59,391,2022-10-19,SESSAO ORDINARIA
59,392,2022-10-20,SESSAO ORDINARIA
59,393,2022-10-25,SESSAO ORDINARIA
59,394,2022-10-25,SESSAO EXTRAORDINARIA
59,395,2022-10-26,SESSAO ORDINARIA
59,396,2022-10-27,SESSAO ORDINARIA
59,397,2022-11-03,SESSAO ORDINARIA
59,398,2022-11-08,SESSAO ORDINARIA
59,399,2022-11-08,SESSAO EXTRAORDINARIA
59,400,2022-11-09,SESSAO ORDINARIA
59,401,2022-11-22,SESSAO EXTRAORDINARIA
59,402,2022-11-10,SESSAO ORDINARIA
59,403,2022-12-06,SESSAO EXTRAORDINARIA
59,404,2022-11-16,SESSAO ORDINARIA
59,405,2022-11-17,SESSAO ORDINARIA
59,406,2022-11-22,SESSAO ORDINARIA
59,407,2022-11-23,SESSAO ORDINARIA
59,408,2022-11-29,SESSAO ORDINARIA
59,409,2022-12-01,SESSAO ORDINARIA
59,410,2022-12-06,SESSAO ORDINARIA
59,411,2022-12-07,SESSAO ORDINARIA
59,412,2022-12-07,SESSAO EXTRAORDINARIA
59,413,2022-12-08,SESSAO ORDINARIA
59,414,2022-12-13,SESSAO ORDINARIA
59,415,2022-12-13,SESSAO EXTRAORDINARIA
59,416,2022-12-14,SESSAO ORDINARIA
59,417,2022-12-15,SESSAO ORDINARIA
59,423,2023-02-09,SESSAO ORDINARIA
59,435,2023-03-09,SESSAO ORDINARIA
59,446,2023-03-30,SESSAO ORDINARIA
59,497,2023-08-22,SESSAO EXTRAORDINARIA
59,504,2023-08-31,SESSAO ORDINARIA
59,505,2023-09-05,SESSAO ORDINARIA
59,506,2023-09-12,SESSAO ORDINARIA
59,507,2023-09-13,SESSAO ORDINARIA
59,522,2023-10-11,SESSAO ORDINARIA
59,541,2023-11-21,SESSAO EXTRAORDINARIA
59,542,2023-11-21,SESSAO EXTRAORDINARIA
59,544,2023-11-23,SESSAO ORDINARIA
59,545,2023-11-28,SESSAO EXTRAORDINARIA
59,555,2023-12-13,SESSAO EXTRAORDINARIA
59,574,2024-02-29,SESSAO ORDINARIA
59,577,2024-03-06,SESSAO ORDINARIA
59,584,2024-03-21,SESSAO ORDINARIA
59,590,2024-04-03,SESSAO ORDINARIA
59,604,2024-04-25,SESSAO ORDINARIA
59,611,2024-05-28,SESSAO EXTRAORDINARIA
59,616,2024-05-22,SESSAO ORDINARIA
59,617,2024-05-23,SESSAO ORDINARIA
59,618,2024-05-28,SESSAO ORDINARIA
59,620,2024-05-29,SESSAO ORDINARIA
59,626,2024-06-06,SESSAO ORDINARIA
59,643,2024-08-08,SESSAO ORDINARIA
59,645,2024-08-15,SESSAO ORDINARIA
59,647,2024-08-20,SESSAO ORDINARIA
59,648,2024-08-21,SESSAO ORDINARIA
59,659,2024-09-12,SESSAO ORDINARIA
59,662,2024-09-18,SESSAO ORDINARIA
59,663,2024-09-19,SESSAO ORDINARIA
59,669,2024-10-01,SESSAO EXTRAORDINARIA
59,670,2024-10-01,SESSAO ORDINARIA
59,671,2024-10-02,SESSAO ORDINARIA
59,679,2024-10-17,SESSAO ORDINARIA
59,680,2024-10-22,SESSAO EXTRAORDINARIA
59,682,2024-10-23,SESSAO ORDINARIA
59,683,2024-10-24,SESSAO ORDINARIA
59,687,2024-10-30,SESSAO EXTRAORDINARIA
59,688,2024-10-31,SESSAO ORDINARIA
59,1694,2024-11-14,SESSAO ORDINARIA
59,1701,2024-11-28,SESSAO ORDINARIA
59,1715,2025-02-12,ORDINARIA
59,1716,2025-02-13,ORDINARIA
59,1721,2025-02-20,ORDINARIA
59,1727,2025-02-27,ORDINARIA
59,1730,2025-03-06,ORDINARIA
59,1739,2025-03-13,ORDINARIA
59,1740,2025-03-18,EXTRAORDINARIA
59,1755,2025-03-26,ORDINARIA
59,1757,2025-03-27,ORDINARIA
59,1763,2025-04-03,ORDINARIA
59,1765,2025-04-03,ORDINARIA
59,1775,2025-04-10,ORDINARIA
59,1776,2025-04-10,ORDINARIA
59,1788,2025-04-24,ORDINARIA
59,1789,2025-04-24,ORDINARIA
59,1798,2025-05-08,ORDINARIA
59,1799,2025-05-08,ORDINARIA
59,1819,2025-05-22,ORDINARIA
59,1829,2025-05-29,ORDINARIA
59,1830,2025-05-29,ORDINARIA
59,1833,2025-06-03,ORDINARIA
59,1836,2025-06-04,ORDINARIA
59,1838,2025-06-05,ORDINARIA
59,1846,2025-06-12,ORDINARIA
59,1847,2025-06-12,ORDINARIA
59,1859,2025-08-07,EXTRAORDINARIA
59,1862,2025-06-25,ORDINARIA
59,1864,2025-06-26,ORDINARIA
59,1865,2025-06-26,ORDINARIA
59,1870,2025-08-05,ORDINARIA
59,1873,2025-08-06,ORDINARIA
59,1875,2025-08-07,ORDINARIA
59,1876,2025-08-07,EXTRAORDINARIA
59,1884,2025-08-14,ORDINARIA
59,1885,2025-08-14,ORDINARIA
59,1899,2025-08-22,SOLENE
59,1905,2025-09-09,EXTRAORDINARIA
59,1906,2025-08-28,ORDINARIA
59,1907,2025-08-28,ORDINARIA
59,1914,2025-09-04,ORDINARIA
59,1915,2025-09-04,ORDINARIA
59,1916,2025-09-09,ORDINARIA
59,1917,2025-09-10,ORDINARIA
59,1919,2025-09-11,ORDINARIA
59,1920,2025-09-11,ORDINARIA
59,1929,2025-09-23,EXTRAORDINARIA
59,1932,2025-09-18,ORDINARIA
59,1933,2025-09-18,ORDINARIA
59,1944,2025-09-25,ORDINARIA
59,1945,2025-09-25,ORDINARIA
59,1954,2025-10-01,ORDINARIA
59,1956,2025-10-02,ORDINARIA
59,1967,2025-10-09,ORDINARIA
59,1968,2025-10-09,ORDINARIA
59,1975,2025-10-15,EXTRAORDINARIA
59,1979,2025-10-16,ORDINARIA
59,1990,2025-10-23,ORDINARIA
59,1994,2025-10-30,ORDINARIA
59,2006,2025-11-06,ORDINARIA
59,2030,2025-11-19,ORDINARIA
59,2039,2025-11-27,ORDINARIA
59,2040,2025-11-27,ORDINARIA
59,2046,2025-12-02,EXTRAORDINARIA
59,2047,2025-12-03,EXTRAORDINARIA
59,2050,2025-12-03,ORDINARIA
59,2053,2025-12-04,ORDINARIA
59,2062,2025-12-10,EXTRAORDINARIA
59,2065,2025-12-15,ORDINARIA
59,2072,2026-02-05,ORDINARIA
59,2075,2026-02-10,EXTRAORDINARIA
59,2081,2026-02-12,ORDINARIA
59,2088,2026-02-26,ORDINARIA
59,2096,2026-03-05,SOLENE
59,2109,2026-04-09,ORDINARIA
59,2112,2026-04-14,ORDINARIA
59,2113,2026-04-14,EXTRAORDINARIA
59,2114,2026-04-15,ORDINARIA
59,2116,2026-04-16,ORDINARIA
59,2118,2026-04-22,ORDINARIA
59,2119,2026-04-23,ORDINARIA
59,2131,2026-03-19,ORDINARIA
59,2141,2026-03-26,ORDINARIA
59,2145,2026-04-30,ORDINARIA
59,2163,2026-05-14,ORDINARIA
59,2176,2026-03-12,ORDINARIA
59,2188,2026-05-21,ORDINARIA
59,2193,2026-05-28,ORDINARIA
59,2200,2026-06-03,ORDINARIA
59,2228,2026-08-05,ORDINARIA
59,2229,2026-08-06,ORDINARIA
59,2237,2026-06-17,ORDINARIA
59,2239,2026-06-18,ORDINARIA
59,2245,2026-08-13,ORDINARIA
59,2253,2026-08-19,ORDINARIA
59,2255,2026-08-20,ORDINARIA
60,4,2020-02-04,SESSAO ORDINARIA
60,5,2020-02-05,SESSAO ORDINARIA
60,6,2020-02-11,SESSAO ORDINARIA
60,7,2020-02-11,SESSAO EXTRAORDINARIA
60,8,2020-02-12,SESSAO ORDINARIA
60,9,2020-02-13,SESSAO ORDINARIA
60,10,2020-02-18,SESSAO ORDINARIA
60,11,2020-02-19,SESSAO ORDINARIA
60,12,2020-02-20,SESSAO ORDINARIA
60,13,2020-02-27,SESSAO ORDINARIA
60,14,2020-03-03,SESSAO ORDINARIA
60,15,2020-03-04,SESSAO ORDINARIA
60,16,2020-03-05,SESSAO ORDINARIA
60,17,2020-03-10,SESSAO ORDINARIA
60,18,2020-03-11,SESSAO ORDINARIA
60,19,2020-03-11,SESSAO EXTRAORDINARIA
60,20,2020-03-12,SESSAO ORDINARIA
60,21,2020-03-16,SESSAO EXTRAORDINARIA
60,22,2020-03-16,SESSAO EXTRAORDINARIA
60,23,2020-03-17,SESSAO ORDINARIA
60,24,2020-03-17,SESSAO EXTRAORDINARIA
60,25,2020-03-24,SESSAO EXTRAORDINARIA
60,26,2020-03-24,SESSAO EXTRAORDINARIA
60,27,2020-03-25,SESSAO EXTRAORDINARIA
60,28,2020-03-25,SESSAO EXTRAORDINARIA
60,29,2020-03-25,SESSAO EXTRAORDINARIA
60,30,2020-03-25,SESSAO EXTRAORDINARIA
60,31,2020-03-31,SESSAO EXTRAORDINARIA
60,32,2020-03-31,SESSAO EXTRAORDINARIA
60,33,2020-03-31,SESSAO EXTRAORDINARIA
60,34,2020-04-07,SESSAO EXTRAORDINARIA
60,35,2020-04-01,SESSAO EXTRAORDINARIA
60,36,2020-04-01,SESSAO EXTRAORDINARIA
60,37,2020-04-07,SESSAO EXTRAORDINARIA
60,38,2020-04-08,SESSAO EXTRAORDINARIA
60,39,2020-04-14,SESSAO EXTRAORDINARIA
60,40,2020-04-14,SESSAO EXTRAORDINARIA
60,41,2020-04-14,SESSAO EXTRAORDINARIA
60,42,2020-04-15,SESSAO EXTRAORDINARIA
60,43,2020-04-15,SESSAO EXTRAORDINARIA
60,44,2020-04-22,SESSAO EXTRAORDINARIA
60,45,2020-04-22,SESSAO EXTRAORDINARIA
60,46,2020-04-22,SESSAO EXTRAORDINARIA
60,47,2020-04-22,SESSAO EXTRAORDINARIA
60,48,2020-04-28,SESSAO EXTRAORDINARIA
60,49,2020-04-28,SESSAO EXTRAORDINARIA
60,50,2020-04-29,SESSAO EXTRAORDINARIA
60,51,2020-04-29,SESSAO EXTRAORDINARIA
60,52,2020-05-05,SESSAO EXTRAORDINARIA
60,53,2020-05-05,SESSAO EXTRAORDINARIA
60,54,2020-05-19,SESSAO EXTRAORDINARIA
60,55,2020-05-19,SESSAO EXTRAORDINARIA
60,56,2020-05-20,SESSAO EXTRAORDINARIA
60,57,2020-05-20,SESSAO EXTRAORDINARIA
60,58,2020-05-20,SESSAO EXTRAORDINARIA
60,59,2020-05-26,SESSAO EXTRAORDINARIA
60,60,2020-05-27,SESSAO EXTRAORDINARIA
60,61,2020-06-02,SESSAO EXTRAORDINARIA
60,62,2020-06-02,SESSAO EXTRAORDINARIA
60,63,2020-06-09,SESSAO EXTRAORDINARIA
60,64,2020-06-10,SESSAO EXTRAORDINARIA
60,65,2020-06-10,SESSAO EXTRAORDINARIA
60,66,2020-06-10,SESSAO EXTRAORDINARIA
60,67,2020-06-16,SESSAO EXTRAORDINARIA
60,68,2020-06-16,SESSAO EXTRAORDINARIA
60,69,2020-06-17,SESSAO EXTRAORDINARIA
60,70,2020-06-17,SESSAO EXTRAORDINARIA
60,71,2020-06-18,SESSAO EXTRAORDINARIA
60,72,2020-06-23,SESSAO EXTRAORDINARIA
60,73,2020-06-24,SESSAO EXTRAORDINARIA
60,74,2020-06-24,SESSAO EXTRAORDINARIA
60,75,2020-06-30,SESSAO EXTRAORDINARIA
60,76,2020-06-30,SESSAO EXTRAORDINARIA
60,77,2020-08-04,SESSAO EXTRAORDINARIA
60,78,2020-08-05,SESSAO EXTRAORDINARIA
60,79,2020-08-11,SESSAO EXTRAORDINARIA
60,80,2020-08-11,SESSAO EXTRAORDINARIA
60,81,2020-08-12,SESSAO EXTRAORDINARIA
60,82,2020-08-12,SESSAO EXTRAORDINARIA
60,83,2020-08-18,SESSAO EXTRAORDINARIA
60,84,2020-08-19,SESSAO EXTRAORDINARIA
60,85,2020-08-19,SESSAO EXTRAORDINARIA
60,86,2020-08-25,SESSAO EXTRAORDINARIA
60,87,2020-08-26,SESSAO EXTRAORDINARIA
60,88,2020-09-01,SESSAO EXTRAORDINARIA
60,89,2020-09-02,SESSAO EXTRAORDINARIA
60,90,2020-09-08,SESSAO EXTRAORDINARIA
60,91,2020-09-09,SESSAO EXTRAORDINARIA
60,92,2020-09-15,SESSAO EXTRAORDINARIA
60,93,2020-09-16,SESSAO EXTRAORDINARIA
60,94,2020-09-17,SESSAO EXTRAORDINARIA
60,95,2020-09-22,SESSAO EXTRAORDINARIA
60,96,2020-09-23,SESSAO EXTRAORDINARIA
60,97,2020-09-23,SESSAO EXTRAORDINARIA
60,98,2020-09-29,SESSAO EXTRAORDINARIA
60,99,2020-09-29,SESSAO EXTRAORDINARIA
60,100,2020-09-30,SESSAO EXTRAORDINARIA
60,101,2020-10-06,SESSAO EXTRAORDINARIA
60,102,2020-10-07,SESSAO EXTRAORDINARIA
60,103,2020-10-07,SESSAO EXTRAORDINARIA
60,104,2020-10-13,SESSAO EXTRAORDINARIA
60,105,2020-10-14,SESSAO EXTRAORDINARIA
60,106,2020-10-14,SESSAO EXTRAORDINARIA
60,107,2020-10-15,SESSAO EXTRAORDINARIA
60,108,2020-10-20,SESSAO EXTRAORDINARIA
60,109,2020-10-21,SESSAO EXTRAORDINARIA
60,110,2020-10-21,SESSAO EXTRAORDINARIA
60,111,2020-10-27,SESSAO EXTRAORDINARIA
60,112,2020-10-28,SESSAO EXTRAORDINARIA
60,113,2020-10-28,SESSAO EXTRAORDINARIA
60,114,2020-11-03,SESSAO EXTRAORDINARIA
60,115,2020-11-03,SESSAO EXTRAORDINARIA
60,116,2020-11-04,SESSAO EXTRAORDINARIA
60,117,2020-11-10,SESSAO EXTRAORDINARIA
60,118,2020-11-10,SESSAO EXTRAORDINARIA
60,119,2020-11-11,SESSAO EXTRAORDINARIA
60,120,2020-11-17,SESSAO EXTRAORDINARIA
60,121,2020-11-17,SESSAO EXTRAORDINARIA
60,122,2020-11-18,SESSAO EXTRAORDINARIA
60,123,2020-11-24,SESSAO EXTRAORDINARIA
60,124,2020-11-25,SESSAO EXTRAORDINARIA
60,125,2020-11-25,SESSAO EXTRAORDINARIA
60,126,2020-12-01,SESSAO EXTRAORDINARIA
60,127,2020-12-01,SESSAO EXTRAORDINARIA
60,128,2020-12-02,SESSAO EXTRAORDINARIA
60,129,2020-12-08,SESSAO EXTRAORDINARIA
60,130,2020-12-09,SESSAO EXTRAORDINARIA
60,131,2020-12-09,SESSAO EXTRAORDINARIA
60,132,2020-12-10,SESSAO EXTRAORDINARIA
60,133,2020-12-10,SESSAO EXTRAORDINARIA
60,134,2020-12-10,SESSAO EXTRAORDINARIA
60,135,2020-12-15,SESSAO EXTRAORDINARIA
60,136,2021-02-02,SESSAO PREPARATORIA
60,137,2021-02-03,SESSAO EXTRAORDINARIA
60,138,2021-02-09,SESSAO EXTRAORDINARIA
60,139,2021-02-10,SESSAO EXTRAORDINARIA
60,140,2021-02-23,SESSAO EXTRAORDINARIA
60,141,2021-02-23,SESSAO EXTRAORDINARIA
60,142,2021-02-24,SESSAO EXTRAORDINARIA
60,143,2021-03-02,SESSAO EXTRAORDINARIA
60,144,2021-03-03,SESSAO EXTRAORDINARIA
60,145,2021-03-09,SESSAO EXTRAORDINARIA
60,146,2021-03-09,SESSAO EXTRAORDINARIA
60,147,2021-03-10,SESSAO EXTRAORDINARIA
60,148,2021-03-16,SESSAO EXTRAORDINARIA
60,149,2021-03-17,SESSAO EXTRAORDINARIA
60,150,2021-03-23,SESSAO EXTRAORDINARIA
60,151,2021-03-24,SESSAO EXTRAORDINARIA
60,152,2021-03-30,SESSAO EXTRAORDINARIA
60,153,2021-03-30,SESSAO EXTRAORDINARIA
60,154,2021-03-31,SESSAO EXTRAORDINARIA
60,155,2021-04-06,SESSAO EXTRAORDINARIA
60,156,2021-04-06,SESSAO EXTRAORDINARIA
60,157,2021-04-07,SESSAO EXTRAORDINARIA
60,158,2021-04-13,SESSAO EXTRAORDINARIA
60,159,2021-04-14,SESSAO EXTRAORDINARIA
60,160,2021-04-14,SESSAO EXTRAORDINARIA
60,161,2021-04-20,SESSAO EXTRAORDINARIA
60,162,2021-04-27,SESSAO EXTRAORDINARIA
60,163,2021-04-27,SESSAO EXTRAORDINARIA
60,164,2021-04-27,SESSAO EXTRAORDINARIA
60,165,2021-04-28,SESSAO EXTRAORDINARIA
60,166,2021-05-04,SESSAO EXTRAORDINARIA
60,167,2021-05-05,SESSAO EXTRAORDINARIA
60,168,2021-05-11,SESSAO EXTRAORDINARIA
60,169,2021-05-11,SESSAO EXTRAORDINARIA
60,170,2021-05-12,SESSAO EXTRAORDINARIA
60,171,2021-05-18,SESSAO EXTRAORDINARIA
60,172,2021-05-19,SESSAO EXTRAORDINARIA
60,173,2021-05-19,SESSAO EXTRAORDINARIA
60,174,2021-05-25,SESSAO EXTRAORDINARIA
60,175,2021-05-25,SESSAO EXTRAORDINARIA
60,176,2021-05-26,SESSAO EXTRAORDINARIA
60,177,2021-06-01,SESSAO EXTRAORDINARIA
60,178,2021-06-02,SESSAO EXTRAORDINARIA
60,179,2021-06-08,SESSAO EXTRAORDINARIA
60,180,2021-06-08,SESSAO EXTRAORDINARIA
60,181,2021-06-09,SESSAO EXTRAORDINARIA
60,182,2021-06-15,SESSAO EXTRAORDINARIA
60,183,2021-06-15,SESSAO EXTRAORDINARIA
60,184,2021-06-16,SESSAO EXTRAORDINARIA
60,185,2021-06-22,SESSAO EXTRAORDINARIA
60,186,2021-06-23,SESSAO EXTRAORDINARIA
60,187,2021-06-23,SESSAO EXTRAORDINARIA
60,188,2021-06-29,SESSAO EXTRAORDINARIA
60,189,2021-06-29,SESSAO EXTRAORDINARIA
60,190,2021-08-03,SESSAO ORDINARIA
60,191,2022-02-01,SESSAO ORDINARIA
60,192,2021-08-04,SESSAO ORDINARIA
60,193,2021-08-04,SESSAO EXTRAORDINARIA
60,194,2021-08-05,SESSAO ORDINARIA
60,195,2021-08-05,SESSAO ORDINARIA
60,196,2021-08-10,SESSAO ORDINARIA
60,197,2021-08-10,SESSAO EXTRAORDINARIA
60,198,2021-08-11,SESSAO ORDINARIA
60,199,2021-08-12,SESSAO ORDINARIA
60,200,2021-08-17,SESSAO ORDINARIA
60,201,2021-08-17,SESSAO EXTRAORDINARIA
60,202,2021-08-17,SESSAO EXTRAORDINARIA
60,203,2021-08-18,SESSAO ORDINARIA
60,204,2021-08-19,SESSAO ORDINARIA
60,205,2021-08-24,SESSAO ORDINARIA
60,206,2021-08-25,SESSAO ORDINARIA
60,207,2021-08-26,SESSAO ORDINARIA
60,208,2021-08-31,SESSAO ORDINARIA
60,209,2021-08-31,SESSAO EXTRAORDINARIA
60,210,2021-08-31,SESSAO EXTRAORDINARIA
60,211,2021-09-01,SESSAO ORDINARIA
60,212,2021-09-02,SESSAO ORDINARIA
60,213,2021-09-08,SESSAO ORDINARIA
60,214,2021-09-09,SESSAO ORDINARIA
60,215,2021-09-14,SESSAO ORDINARIA
60,216,2021-09-15,SESSAO ORDINARIA
60,217,2021-09-15,SESSAO EXTRAORDINARIA
60,218,2021-09-16,SESSAO ORDINARIA
60,219,2021-09-21,SESSAO ORDINARIA
60,220,2021-09-21,SESSAO EXTRAORDINARIA
60,221,2021-09-22,SESSAO ORDINARIA
60,222,2021-09-23,SESSAO ORDINARIA
60,223,2021-09-28,SESSAO ORDINARIA
60,224,2021-09-29,SESSAO ORDINARIA
60,225,2021-09-30,SESSAO ORDINARIA
60,226,2021-10-05,SESSAO ORDINARIA
60,227,2021-10-05,SESSAO EXTRAORDINARIA
60,228,2021-10-06,SESSAO ORDINARIA
60,229,2021-10-06,SESSAO EXTRAORDINARIA
60,230,2021-10-06,SESSAO EXTRAORDINARIA
60,231,2021-10-07,SESSAO ORDINARIA
60,232,2021-10-13,SESSAO ORDINARIA
60,233,2021-10-14,SESSAO ORDINARIA
60,234,2021-10-19,SESSAO ORDINARIA
60,235,2021-10-20,SESSAO ORDINARIA
60,236,2021-10-20,SESSAO EXTRAORDINARIA
60,237,2021-10-21,SESSAO ORDINARIA
60,238,2021-10-26,SESSAO ORDINARIA
60,239,2021-10-27,SESSAO ORDINARIA
60,240,2021-10-28,SESSAO ORDINARIA
60,241,2021-11-03,SESSAO ORDINARIA
60,242,2021-11-03,SESSAO EXTRAORDINARIA
60,243,2021-11-03,SESSAO EXTRAORDINARIA
60,244,2021-11-04,SESSAO ORDINARIA
60,245,2021-11-09,SESSAO ORDINARIA
60,246,2021-11-09,SESSAO EXTRAORDINARIA
60,247,2021-11-10,SESSAO ORDINARIA
60,248,2021-11-10,SESSAO EXTRAORDINARIA
60,249,2021-11-11,SESSAO ORDINARIA
60,250,2021-11-16,SESSAO ORDINARIA
60,251,2021-11-17,SESSAO ORDINARIA
60,252,2021-11-18,SESSAO ORDINARIA
60,253,2021-11-23,SESSAO ORDINARIA
60,254,2021-11-23,SESSAO EXTRAORDINARIA
60,255,2021-11-24,SESSAO ORDINARIA
60,256,2021-11-25,SESSAO ORDINARIA
60,257,2021-12-01,SESSAO ORDINARIA
60,258,2021-12-01,SESSAO EXTRAORDINARIA
60,259,2021-12-02,SESSAO EXTRAORDINARIA
60,260,2021-12-02,SESSAO ORDINARIA
60,261,2021-12-07,SESSAO ORDINARIA
60,262,2021-12-07,SESSAO EXTRAORDINARIA
60,263,2021-12-08,SESSAO ORDINARIA
60,264,2021-12-08,SESSAO EXTRAORDINARIA
60,265,2021-12-09,SESSAO ORDINARIA
60,266,2021-12-09,SESSAO EXTRAORDINARIA
60,267,2021-12-14,SESSAO EXTRAORDINARIA
60,268,2021-12-14,SESSAO ORDINARIA
60,269,2021-12-14,SESSAO EXTRAORDINARIA
60,270,2021-12-14,SESSAO EXTRAORDINARIA
60,271,2021-12-14,SESSAO EXTRAORDINARIA
60,272,2021-12-15,SESSAO ORDINARIA
60,273,2022-02-02,SESSAO ORDINARIA
60,274,2022-02-03,SESSAO ORDINARIA
60,275,2022-02-08,SESSAO ORDINARIA
60,276,2022-02-08,SESSAO EXTRAORDINARIA
60,277,2022-02-08,SESSAO EXTRAORDINARIA
60,278,2022-02-09,SESSAO ORDINARIA
60,279,2022-02-10,SESSAO ORDINARIA
60,280,2022-02-15,SESSAO ORDINARIA
60,281,2022-02-15,SESSAO EXTRAORDINARIA
60,282,2022-02-16,SESSAO ORDINARIA
60,283,2022-02-16,SESSAO EXTRAORDINARIA
60,284,2022-02-17,SESSAO ORDINARIA
60,285,2022-02-22,SESSAO ORDINARIA
60,286,2022-02-22,SESSAO EXTRAORDINARIA
60,287,2022-02-23,SESSAO ORDINARIA
60,288,2022-03-08,SESSAO EXTRAORDINARIA
60,289,2022-02-24,SESSAO ORDINARIA
60,290,2022-03-03,SESSAO ORDINARIA
60,291,2022-03-08,SESSAO ORDINARIA
60,292,2022-03-09,SESSAO ORDINARIA
60,293,2022-03-09,SESSAO EXTRAORDINARIA
60,294,2022-03-10,SESSAO ORDINARIA
60,295,2022-03-15,SESSAO EXTRAORDINARIA
60,296,2022-03-23,SESSAO EXTRAORDINARIA
60,297,2022-03-15,SESSAO ORDINARIA
60,298,2022-03-16,SESSAO ORDINARIA
60,299,2022-03-17,SESSAO ORDINARIA
60,300,2022-03-22,SESSAO ORDINARIA
60,301,2022-03-23,SESSAO ORDINARIA
60,302,2022-03-29,SESSAO EXTRAORDINARIA
60,303,2022-03-24,SESSAO ORDINARIA
60,304,2022-03-29,SESSAO ORDINARIA
60,305,2022-03-30,SESSAO ORDINARIA
60,306,2022-03-30,SESSAO EXTRAORDINARIA
60,307,2022-03-31,SESSAO EXTRAORDINARIA
60,308,2022-03-31,SESSAO ORDINARIA
60,309,2022-03-31,SESSAO EXTRAORDINARIA
60,310,2022-03-31,SESSAO EXTRAORDINARIA
60,311,2022-03-31,SESSAO EXTRAORDINARIA
60,312,2022-04-05,SESSAO ORDINARIA
60,313,2022-04-12,SESSAO EXTRAORDINARIA
60,314,2022-04-06,SESSAO ORDINARIA
60,315,2022-04-12,SESSAO EXTRAORDINARIA
60,316,2022-05-10,SESSAO EXTRAORDINARIA
60,317,2022-04-07,SESSAO ORDINARIA
60,318,2022-04-12,SESSAO ORDINARIA
60,319,2022-04-13,SESSAO ORDINARIA
60,320,2022-04-19,SESSAO ORDINARIA
60,321,2022-04-20,SESSAO ORDINARIA
60,322,2022-04-26,SESSAO ORDINARIA
60,323,2022-04-27,SESSAO ORDINARIA
60,324,2022-04-28,SESSAO ORDINARIA
60,325,2022-05-03,SESSAO ORDINARIA
60,326,2022-05-04,SESSAO ORDINARIA
60,327,2022-05-05,SESSAO ORDINARIA
60,328,2022-05-10,SESSAO ORDINARIA
60,329,2022-05-11,SESSAO ORDINARIA
60,330,2022-05-17,SESSAO EXTRAORDINARIA
60,331,2022-05-12,SESSAO ORDINARIA
60,332,2022-06-07,SESSAO EXTRAORDINARIA
60,333,2022-05-12,SESSAO ORDINARIA
60,334,2022-05-17,SESSAO ORDINARIA
60,335,2022-05-18,SESSAO ORDINARIA
60,336,2022-05-19,SESSAO ORDINARIA
60,337,2022-05-24,SESSAO ORDINARIA
60,338,2022-05-25,SESSAO ORDINARIA
60,339,2022-05-26,SESSAO ORDINARIA
60,340,2022-05-31,SESSAO ORDINARIA
60,341,2022-06-01,SESSAO ORDINARIA
60,342,2022-06-02,SESSAO ORDINARIA
60,343,2022-06-07,SESSAO ORDINARIA
60,344,2022-06-08,SESSAO ORDINARIA
60,345,2022-06-21,SESSAO EXTRAORDINARIA
60,346,2022-06-09,SESSAO ORDINARIA
60,347,2022-06-14,SESSAO ORDINARIA
60,348,2022-06-15,SESSAO ORDINARIA
60,349,2022-06-21,SESSAO ORDINARIA
60,350,2022-06-22,SESSAO ORDINARIA
60,351,2022-06-23,SESSAO ORDINARIA
60,352,2022-06-28,SESSAO ORDINARIA
60,353,2022-06-29,SESSAO EXTRAORDINARIA
60,354,2022-06-29,SESSAO ORDINARIA
60,355,2022-06-29,SESSAO EXTRAORDINARIA
60,356,2022-06-30,SESSAO ORDINARIA
60,357,2022-08-02,SESSAO ORDINARIA
60,358,2022-08-30,SESSAO EXTRAORDINARIA
60,359,2022-08-03,SESSAO ORDINARIA
60,360,2022-08-04,SESSAO ORDINARIA
60,361,2022-08-09,SESSAO ORDINARIA
60,362,2022-08-10,SESSAO ORDINARIA
60,363,2022-08-11,SESSAO ORDINARIA
60,364,2022-08-16,SESSAO ORDINARIA
60,365,2022-08-17,SESSAO ORDINARIA
60,366,2022-08-18,SESSAO ORDINARIA
60,367,2022-08-23,SESSAO ORDINARIA
60,368,2022-08-24,SESSAO ORDINARIA
60,369,2022-08-25,SESSAO ORDINARIA
60,370,2022-08-30,SESSAO ORDINARIA
60,371,2022-08-31,SESSAO ORDINARIA
60,372,2022-09-13,SESSAO EXTRAORDINARIA
60,373,2022-09-01,SESSAO ORDINARIA
60,374,2022-09-08,SESSAO ORDINARIA
60,375,2022-09-13,SESSAO ORDINARIA
60,376,2022-09-14,SESSAO ORDINARIA
60,377,2022-09-15,SESSAO ORDINARIA
60,378,2022-09-20,SESSAO ORDINARIA
60,379,2022-10-25,SESSAO EXTRAORDINARIA
60,380,2022-09-21,SESSAO ORDINARIA
60,381,2022-09-22,SESSAO ORDINARIA
60,382,2022-09-27,SESSAO ORDINARIA
60,383,2022-09-28,SESSAO ORDINARIA
60,384,2022-09-29,SESSAO ORDINARIA
60,385,2022-10-04,SESSAO ORDINARIA
60,386,2022-10-05,SESSAO ORDINARIA
60,387,2022-10-06,SESSAO ORDINARIA
60,388,2022-10-11,SESSAO ORDINARIA
60,389,2022-10-13,SESSAO ORDINARIA
60,390,2022-10-18,SESSAO ORDINARIA
60,391,2022-10-19,SESSAO ORDINARIA
60,392,2022-10-20,SESSAO ORDINARIA
60,393,2022-10-25,SESSAO ORDINARIA
60,394,2022-10-25,SESSAO EXTRAORDINARIA
60,395,2022-10-26,SESSAO ORDINARIA
60,396,2022-10-27,SESSAO ORDINARIA
60,397,2022-11-03,SESSAO ORDINARIA
60,398,2022-11-08,SESSAO ORDINARIA
60,399,2022-11-08,SESSAO EXTRAORDINARIA
60,400,2022-11-09,SESSAO ORDINARIA
60,401,2022-11-22,SESSAO EXTRAORDINARIA
60,402,2022-11-10,SESSAO ORDINARIA
60,403,2022-12-06,SESSAO EXTRAORDINARIA
60,404,2022-11-16,SESSAO ORDINARIA
60,405,2022-11-17,SESSAO ORDINARIA
60,406,2022-11-22,SESSAO ORDINARIA
60,407,2022-11-23,SESSAO ORDINARIA
60,408,2022-11-29,SESSAO ORDINARIA
60,409,2022-12-01,SESSAO ORDINARIA
60,410,2022-12-06,SESSAO ORDINARIA
60,411,2022-12-07,SESSAO ORDINARIA
60,412,2022-12-07,SESSAO EXTRAORDINARIA
60,413,2022-12-08,SESSAO ORDINARIA
60,414,2022-12-13,SESSAO ORDINARIA
60,415,2022-12-13,SESSAO EXTRAORDINARIA
60,416,2022-12-14,SESSAO ORDINARIA
60,417,2022-12-15,SESSAO ORDINARIA
60,422,2023-02-14,SESSAO EXTRAORDINARIA
60,428,2023-02-23,SESSAO ORDINARIA
60,448,2023-04-05,SESSAO ORDINARIA
60,449,2023-04-11,SESSAO EXTRAORDINARIA
60,457,2023-04-26,SESSAO ORDINARIA
60,462,2023-05-09,SESSAO EXTRAORDINARIA
60,463,2023-05-09,SESSAO ORDINARIA
60,464,2023-05-10,SESSAO ORDINARIA
60,465,2023-05-11,SESSAO ORDINARIA
60,466,2023-05-16,SESSAO EXTRAORDINARIA
60,467,2023-05-16,SESSAO ORDINARIA
60,468,2023-05-17,SESSAO ORDINARIA
60,469,2023-05-18,SESSAO ORDINARIA
60,478,2023-06-07,SESSAO ORDINARIA
60,479,2023-06-13,SESSAO ORDINARIA
60,492,2023-08-10,SESSAO ORDINARIA
60,499,2023-08-24,SESSAO ORDINARIA
60,502,2023-08-29,SESSAO EXTRAORDINARIA
60,508,2023-09-19,SESSAO EXTRAORDINARIA
60,526,2023-10-19,SESSAO ORDINARIA
60,527,2023-10-24,SESSAO EXTRAORDINARIA
60,528,2023-10-24,SESSAO ORDINARIA
60,539,2023-11-16,SESSAO ORDINARIA
60,545,2023-11-28,SESSAO EXTRAORDINARIA
60,555,2023-12-13,SESSAO EXTRAORDINARIA
60,558,2024-02-01,SESSAO EXTRAORDINARIA
60,560,2024-02-06,SESSAO EXTRAORDINARIA
60,561,2024-02-06,SESSAO ORDINARIA
60,562,2024-02-07,SESSAO ORDINARIA
60,563,2024-02-08,SESSAO ORDINARIA
60,571,2024-02-27,SESSAO EXTRAORDINARIA
60,572,2024-02-27,SESSAO EXTRAORDINARIA
60,573,2024-02-28,SESSAO ORDINARIA
60,574,2024-02-29,SESSAO ORDINARIA
60,578,2024-03-07,SESSAO ORDINARIA
60,584,2024-03-21,SESSAO ORDINARIA
60,597,2024-04-11,SESSAO ORDINARIA
60,604,2024-04-25,SESSAO ORDINARIA
60,610,2024-05-09,SESSAO ORDINARIA
60,613,2024-05-15,SESSAO ORDINARIA
60,614,2024-05-16,SESSAO ORDINARIA
60,616,2024-05-22,SESSAO ORDINARIA
60,626,2024-06-06,SESSAO ORDINARIA
60,643,2024-08-08,SESSAO ORDINARIA
60,655,2024-09-05,SESSAO ORDINARIA
60,659,2024-09-12,SESSAO ORDINARIA
60,662,2024-09-18,SESSAO ORDINARIA
60,664,2024-09-24,SESSAO EXTRAORDINARIA
60,665,2024-09-24,SESSAO ORDINARIA
60,666,2024-09-25,SESSAO ORDINARIA
60,667,2024-09-26,SESSAO ORDINARIA
60,669,2024-10-01,SESSAO EXTRAORDINARIA
60,670,2024-10-01,SESSAO ORDINARIA
60,671,2024-10-02,SESSAO ORDINARIA
60,672,2024-10-03,SESSAO ORDINARIA
60,676,2024-10-10,SESSAO ORDINARIA
60,679,2024-10-17,SESSAO ORDINARIA
60,683,2024-10-24,SESSAO ORDINARIA
60,687,2024-10-30,SESSAO EXTRAORDINARIA
60,688,2024-10-31,SESSAO ORDINARIA
60,692,2024-11-07,SESSAO ORDINARIA
60,1693,2024-11-13,SESSAO ORDINARIA
60,1694,2024-11-14,SESSAO ORDINARIA
60,1695,2024-11-19,SESSAO ORDINARIA
60,1699,2024-11-27,SESSAO ORDINARIA
60,1700,2024-11-27,SESSAO EXTRAORDINARIA
60,1701,2024-11-28,SESSAO ORDINARIA
60,1704,2024-12-04,SESSAO EXTRAORDINARIA
60,1715,2025-02-12,ORDINARIA
60,1716,2025-02-13,ORDINARIA
60,1719,2025-02-19,ORDINARIA
60,1721,2025-02-20,ORDINARIA
60,1724,2025-02-26,ORDINARIA
60,1727,2025-02-27,ORDINARIA
60,1730,2025-03-06,ORDINARIA
60,1740,2025-03-18,EXTRAORDINARIA
60,1755,2025-03-26,ORDINARIA
60,1756,2025-04-02,EXTRAORDINARIA
60,1757,2025-03-27,ORDINARIA
60,1762,2025-04-02,ORDINARIA
60,1763,2025-04-03,ORDINARIA
60,1765,2025-04-03,ORDINARIA
60,1775,2025-04-10,ORDINARIA
60,1776,2025-04-10,ORDINARIA
60,1783,2025-04-16,ORDINARIA
60,1786,2025-04-23,ORDINARIA
60,1788,2025-04-24,ORDINARIA
60,1789,2025-04-24,ORDINARIA
60,1792,2025-04-30,ORDINARIA
60,1798,2025-05-08,ORDINARIA
60,1799,2025-05-08,ORDINARIA
60,1805,2025-05-14,ORDINARIA
60,1819,2025-05-22,ORDINARIA
60,1827,2025-05-28,ORDINARIA
60,1829,2025-05-29,ORDINARIA
60,1830,2025-05-29,ORDINARIA
60,1838,2025-06-05,ORDINARIA
60,1846,2025-06-12,ORDINARIA
60,1847,2025-06-12,ORDINARIA
60,1851,2025-06-17,EXTRAORDINARIA
60,1854,2025-06-18,ORDINARIA
60,1859,2025-08-07,EXTRAORDINARIA
60,1862,2025-06-25,ORDINARIA
60,1864,2025-06-26,ORDINARIA
60,1865,2025-06-26,ORDINARIA
60,1870,2025-08-05,ORDINARIA
60,1873,2025-08-06,ORDINARIA
60,1875,2025-08-07,ORDINARIA
60,1876,2025-08-07,EXTRAORDINARIA
60,1879,2025-08-12,ORDINARIA
60,1880,2025-08-12,EXTRAORDINARIA
60,1882,2025-08-13,ORDINARIA
60,1884,2025-08-14,ORDINARIA
60,1885,2025-08-14,ORDINARIA
60,1897,2025-08-21,SOLENE
60,1899,2025-08-22,SOLENE
60,1904,2025-08-27,ORDINARIA
60,1905,2025-09-09,EXTRAORDINARIA
60,1906,2025-08-28,ORDINARIA
60,1907,2025-08-28,ORDINARIA
60,1915,2025-09-04,ORDINARIA
60,1916,2025-09-09,ORDINARIA
60,1917,2025-09-10,ORDINARIA
60,1919,2025-09-11,ORDINARIA
60,1920,2025-09-11,ORDINARIA
60,1930,2025-09-17,ORDINARIA
60,1932,2025-09-18,ORDINARIA
60,1933,2025-09-18,ORDINARIA
60,1941,2025-09-24,ORDINARIA
60,1944,2025-09-25,ORDINARIA
60,1945,2025-09-25,ORDINARIA
60,1954,2025-10-01,ORDINARIA
60,1956,2025-10-02,ORDINARIA
60,1963,2025-10-07,ORDINARIA
60,1967,2025-10-09,ORDINARIA
60,1968,2025-10-09,ORDINARIA
60,1975,2025-10-15,EXTRAORDINARIA
60,1977,2025-10-15,ORDINARIA
60,1979,2025-10-16,ORDINARIA
60,1988,2025-10-22,ORDINARIA
60,1990,2025-10-23,ORDINARIA
60,1992,2025-10-29,ORDINARIA
60,1994,2025-10-30,ORDINARIA
60,1995,2025-10-30,ORDINARIA
60,2004,2025-11-11,EXTRAORDINARIA
60,2006,2025-11-06,ORDINARIA
60,2014,2025-11-11,EXTRAORDINARIA
60,2015,2025-11-11,EXTRAORDINARIA
60,2020,2025-11-13,ORDINARIA
60,2027,2025-11-18,ORDINARIA
60,2030,2025-11-19,ORDINARIA
60,2039,2025-11-27,ORDINARIA
60,2040,2025-11-27,ORDINARIA
60,2047,2025-12-03,EXTRAORDINARIA
60,2053,2025-12-04,ORDINARIA
60,2065,2025-12-15,ORDINARIA
60,2070,2026-02-04,ORDINARIA
60,2072,2026-02-05,ORDINARIA
60,2078,2026-02-11,ORDINARIA
60,2081,2026-02-12,ORDINARIA
60,2082,2026-02-19,ORDINARIA
60,2085,2026-02-25,ORDINARIA
60,2088,2026-02-26,ORDINARIA
60,2096,2026-03-05,SOLENE
60,2103,2026-04-01,ORDINARIA
60,2106,2026-04-07,ORDINARIA
60,2107,2026-04-08,EXTRAORDINARIA
60,2108,2026-04-08,ORDINARIA
60,2109,2026-04-09,ORDINARIA
60,2114,2026-04-15,ORDINARIA
60,2115,2026-04-29,EXTRAORDINARIA
60,2116,2026-04-16,ORDINARIA
60,2118,2026-04-22,ORDINARIA
60,2119,2026-04-23,ORDINARIA
60,2122,2026-04-28,ORDINARIA
60,2125,2026-04-29,ORDINARIA
60,2127,2026-03-18,ORDINARIA
60,2131,2026-03-19,ORDINARIA
60,2141,2026-03-26,ORDINARIA
60,2145,2026-04-30,ORDINARIA
60,2150,2026-05-06,ORDINARIA
60,2152,2026-05-07,ORDINARIA
60,2161,2026-05-13,ORDINARIA
60,2163,2026-05-14,ORDINARIA
60,2170,2026-05-19,ORDINARIA
60,2173,2026-03-11,ORDINARIA
60,2176,2026-03-12,ORDINARIA
60,2183,2026-05-19,EXTRAORDINARIA
60,2185,2026-05-20,ORDINARIA
60,2188,2026-05-21,ORDINARIA
60,2192,2026-05-27,ORDINARIA
60,2193,2026-05-28,ORDINARIA
60,2199,2026-06-02,ORDINARIA
60,2204,2026-06-10,ORDINARIA
60,2205,2026-06-11,ORDINARIA
60,2213,2026-06-23,ORDINARIA
60,2225,2026-08-04,ORDINARIA
60,2228,2026-08-05,ORDINARIA
60,2229,2026-08-06,ORDINARIA
60,2237,2026-06-17,ORDINARIA
60,2239,2026-06-18,ORDINARIA
60,2244,2026-08-12,ORDINARIA
60,2245,2026-08-13,ORDINARIA
60,2250,2026-08-18,ORDINARIA
60,2253,2026-08-19,ORDINARIA
60,2255,2026-08-20,ORDINARIA
61,4,2020-02-04,SESSAO ORDINARIA
61,5,2020-02-05,SESSAO ORDINARIA
61,6,2020-02-11,SESSAO ORDINARIA
61,7,2020-02-11,SESSAO EXTRAORDINARIA
61,8,2020-02-12,SESSAO ORDINARIA
61,9,2020-02-13,SESSAO ORDINARIA
61,10,2020-02-18,SESSAO ORDINARIA
61,11,2020-02-19,SESSAO ORDINARIA
61,12,2020-02-20,SESSAO ORDINARIA
61,13,2020-02-27,SESSAO ORDINARIA
61,14,2020-03-03,SESSAO ORDINARIA
61,15,2020-03-04,SESSAO ORDINARIA
61,16,2020-03-05,SESSAO ORDINARIA
61,17,2020-03-10,SESSAO ORDINARIA
61,18,2020-03-11,SESSAO ORDINARIA
61,19,2020-03-11,SESSAO EXTRAORDINARIA
61,20,2020-03-12,SESSAO ORDINARIA
61,21,2020-03-16,SESSAO EXTRAORDINARIA
61,22,2020-03-16,SESSAO EXTRAORDINARIA
61,23,2020-03-17,SESSAO ORDINARIA
61,24,2020-03-17,SESSAO EXTRAORDINARIA
61,25,2020-03-24,SESSAO EXTRAORDINARIA
61,26,2020-03-24,SESSAO EXTRAORDINARIA
61,27,2020-03-25,SESSAO EXTRAORDINARIA
61,28,2020-03-25,SESSAO EXTRAORDINARIA
61,29,2020-03-25,SESSAO EXTRAORDINARIA
61,30,2020-03-25,SESSAO EXTRAORDINARIA
61,31,2020-03-31,SESSAO EXTRAORDINARIA
61,32,2020-03-31,SESSAO EXTRAORDINARIA
61,33,2020-03-31,SESSAO EXTRAORDINARIA
61,34,2020-04-07,SESSAO EXTRAORDINARIA
61,35,2020-04-01,SESSAO EXTRAORDINARIA
61,36,2020-04-01,SESSAO EXTRAORDINARIA
61,37,2020-04-07,SESSAO EXTRAORDINARIA
61,38,2020-04-08,SESSAO EXTRAORDINARIA
61,39,2020-04-14,SESSAO EXTRAORDINARIA
61,40,2020-04-14,SESSAO EXTRAORDINARIA
61,41,2020-04-14,SESSAO EXTRAORDINARIA
61,42,2020-04-15,SESSAO EXTRAORDINARIA
61,43,2020-04-15,SESSAO EXTRAORDINARIA
61,44,2020-04-22,SESSAO EXTRAORDINARIA
61,45,2020-04-22,SESSAO EXTRAORDINARIA
61,46,2020-04-22,SESSAO EXTRAORDINARIA
61,47,2020-04-22,SESSAO EXTRAORDINARIA
61,48,2020-04-28,SESSAO EXTRAORDINARIA
61,49,2020-04-28,SESSAO EXTRAORDINARIA
61,50,2020-04-29,SESSAO EXTRAORDINARIA
61,51,2020-04-29,SESSAO EXTRAORDINARIA
61,52,2020-05-05,SESSAO EXTRAORDINARIA
61,53,2020-05-05,SESSAO EXTRAORDINARIA
61,54,2020-05-19,SESSAO EXTRAORDINARIA
61,55,2020-05-19,SESSAO EXTRAORDINARIA
61,56,2020-05-20,SESSAO EXTRAORDINARIA
61,57,2020-05-20,SESSAO EXTRAORDINARIA
61,58,2020-05-20,SESSAO EXTRAORDINARIA
61,59,2020-05-26,SESSAO EXTRAORDINARIA
61,60,2020-05-27,SESSAO EXTRAORDINARIA
61,61,2020-06-02,SESSAO EXTRAORDINARIA
61,62,2020-06-02,SESSAO EXTRAORDINARIA
61,63,2020-06-09,SESSAO EXTRAORDINARIA
61,64,2020-06-10,SESSAO EXTRAORDINARIA
61,65,2020-06-10,SESSAO EXTRAORDINARIA
61,66,2020-06-10,SESSAO EXTRAORDINARIA
61,67,2020-06-16,SESSAO EXTRAORDINARIA
61,68,2020-06-16,SESSAO EXTRAORDINARIA
61,69,2020-06-17,SESSAO EXTRAORDINARIA
61,70,2020-06-17,SESSAO EXTRAORDINARIA
61,71,2020-06-18,SESSAO EXTRAORDINARIA
61,72,2020-06-23,SESSAO EXTRAORDINARIA
61,73,2020-06-24,SESSAO EXTRAORDINARIA
61,74,2020-06-24,SESSAO EXTRAORDINARIA
61,75,2020-06-30,SESSAO EXTRAORDINARIA
61,76,2020-06-30,SESSAO EXTRAORDINARIA
61,77,2020-08-04,SESSAO EXTRAORDINARIA
61,78,2020-08-05,SESSAO EXTRAORDINARIA
61,79,2020-08-11,SESSAO EXTRAORDINARIA
61,80,2020-08-11,SESSAO EXTRAORDINARIA
61,81,2020-08-12,SESSAO EXTRAORDINARIA
61,82,2020-08-12,SESSAO EXTRAORDINARIA
61,83,2020-08-18,SESSAO EXTRAORDINARIA
61,84,2020-08-19,SESSAO EXTRAORDINARIA
61,85,2020-08-19,SESSAO EXTRAORDINARIA
61,86,2020-08-25,SESSAO EXTRAORDINARIA
61,87,2020-08-26,SESSAO EXTRAORDINARIA
61,88,2020-09-01,SESSAO EXTRAORDINARIA
61,89,2020-09-02,SESSAO EXTRAORDINARIA
61,90,2020-09-08,SESSAO EXTRAORDINARIA
61,91,2020-09-09,SESSAO EXTRAORDINARIA
61,92,2020-09-15,SESSAO EXTRAORDINARIA
61,93,2020-09-16,SESSAO EXTRAORDINARIA
61,94,2020-09-17,SESSAO EXTRAORDINARIA
61,95,2020-09-22,SESSAO EXTRAORDINARIA
61,96,2020-09-23,SESSAO EXTRAORDINARIA
61,97,2020-09-23,SESSAO EXTRAORDINARIA
61,98,2020-09-29,SESSAO EXTRAORDINARIA
61,99,2020-09-29,SESSAO EXTRAORDINARIA
61,100,2020-09-30,SESSAO EXTRAORDINARIA
61,101,2020-10-06,SESSAO EXTRAORDINARIA
61,102,2020-10-07,SESSAO EXTRAORDINARIA
61,103,2020-10-07,SESSAO EXTRAORDINARIA
61,104,2020-10-13,SESSAO EXTRAORDINARIA
61,105,2020-10-14,SESSAO EXTRAORDINARIA
61,106,2020-10-14,SESSAO EXTRAORDINARIA
61,107,2020-10-15,SESSAO EXTRAORDINARIA
61,108,2020-10-20,SESSAO EXTRAORDINARIA
61,109,2020-10-21,SESSAO EXTRAORDINARIA
61,110,2020-10-21,SESSAO EXTRAORDINARIA
61,111,2020-10-27,SESSAO EXTRAORDINARIA
61,112,2020-10-28,SESSAO EXTRAORDINARIA
61,113,2020-10-28,SESSAO EXTRAORDINARIA
61,114,2020-11-03,SESSAO EXTRAORDINARIA
61,115,2020-11-03,SESSAO EXTRAORDINARIA
61,116,2020-11-04,SESSAO EXTRAORDINARIA
61,117,2020-11-10,SESSAO EXTRAORDINARIA
61,118,2020-11-10,SESSAO EXTRAORDINARIA
61,119,2020-11-11,SESSAO EXTRAORDINARIA
61,120,2020-11-17,SESSAO EXTRAORDINARIA
61,121,2020-11-17,SESSAO EXTRAORDINARIA
61,122,2020-11-18,SESSAO EXTRAORDINARIA
61,123,2020-11-24,SESSAO EXTRAORDINARIA
61,124,2020-11-25,SESSAO EXTRAORDINARIA
61,125,2020-11-25,SESSAO EXTRAORDINARIA
61,126,2020-12-01,SESSAO EXTRAORDINARIA
61,127,2020-12-01,SESSAO EXTRAORDINARIA
61,128,2020-12-02,SESSAO EXTRAORDINARIA
61,129,2020-12-08,SESSAO EXTRAORDINARIA
61,130,2020-12-09,SESSAO EXTRAORDINARIA
61,131,2020-12-09,SESSAO EXTRAORDINARIA
61,132,2020-12-10,SESSAO EXTRAORDINARIA
61,133,2020-12-10,SESSAO EXTRAORDINARIA
61,134,2020-12-10,SESSAO EXTRAORDINARIA
61,135,2020-12-15,SESSAO EXTRAORDINARIA
61,136,2021-02-02,SESSAO PREPARATORIA
61,137,2021-02-03,SESSAO EXTRAORDINARIA
61,138,2021-02-09,SESSAO EXTRAORDINARIA
61,139,2021-02-10,SESSAO EXTRAORDINARIA
61,140,2021-02-23,SESSAO EXTRAORDINARIA
61,141,2021-02-23,SESSAO EXTRAORDINARIA
61,142,2021-02-24,SESSAO EXTRAORDINARIA
61,143,2021-03-02,SESSAO EXTRAORDINARIA
61,144,2021-03-03,SESSAO EXTRAORDINARIA
61,145,2021-03-09,SESSAO EXTRAORDINARIA
61,146,2021-03-09,SESSAO EXTRAORDINARIA
61,147,2021-03-10,SESSAO EXTRAORDINARIA
61,148,2021-03-16,SESSAO EXTRAORDINARIA
61,149,2021-03-17,SESSAO EXTRAORDINARIA
61,150,2021-03-23,SESSAO EXTRAORDINARIA
61,151,2021-03-24,SESSAO EXTRAORDINARIA
61,152,2021-03-30,SESSAO EXTRAORDINARIA
61,153,2021-03-30,SESSAO EXTRAORDINARIA
61,154,2021-03-31,SESSAO EXTRAORDINARIA
61,155,2021-04-06,SESSAO EXTRAORDINARIA
61,156,2021-04-06,SESSAO EXTRAORDINARIA
61,157,2021-04-07,SESSAO EXTRAORDINARIA
61,158,2021-04-13,SESSAO EXTRAORDINARIA
61,159,2021-04-14,SESSAO EXTRAORDINARIA
61,160,2021-04-14,SESSAO EXTRAORDINARIA
61,161,2021-04-20,SESSAO EXTRAORDINARIA
61,162,2021-04-27,SESSAO EXTRAORDINARIA
61,163,2021-04-27,SESSAO EXTRAORDINARIA
61,164,2021-04-27,SESSAO EXTRAORDINARIA
61,165,2021-04-28,SESSAO EXTRAORDINARIA
61,166,2021-05-04,SESSAO EXTRAORDINARIA
61,167,2021-05-05,SESSAO EXTRAORDINARIA
61,168,2021-05-11,SESSAO EXTRAORDINARIA
61,169,2021-05-11,SESSAO EXTRAORDINARIA
61,170,2021-05-12,SESSAO EXTRAORDINARIA
61,171,2021-05-18,SESSAO EXTRAORDINARIA
61,172,2021-05-19,SESSAO EXTRAORDINARIA
61,173,2021-05-19,SESSAO EXTRAORDINARIA
61,174,2021-05-25,SESSAO EXTRAORDINARIA
61,175,2021-05-25,SESSAO EXTRAORDINARIA
61,176,2021-05-26,SESSAO EXTRAORDINARIA
61,177,2021-06-01,SESSAO EXTRAORDINARIA
61,178,2021-06-02,SESSAO EXTRAORDINARIA
61,179,2021-06-08,SESSAO EXTRAORDINARIA
61,180,2021-06-08,SESSAO EXTRAORDINARIA
61,181,2021-06-09,SESSAO EXTRAORDINARIA
61,182,2021-06-15,SESSAO EXTRAORDINARIA
61,183,2021-06-15,SESSAO EXTRAORDINARIA
61,184,2021-06-16,SESSAO EXTRAORDINARIA
61,185,2021-06-22,SESSAO EXTRAORDINARIA
61,186,2021-06-23,SESSAO EXTRAORDINARIA
61,187,2021-06-23,SESSAO EXTRAORDINARIA
61,188,2021-06-29,SESSAO EXTRAORDINARIA
61,189,2021-06-29,SESSAO EXTRAORDINARIA
61,190,2021-08-03,SESSAO ORDINARIA
61,191,2022-02-01,SESSAO ORDINARIA
61,192,2021-08-04,SESSAO ORDINARIA
61,193,2021-08-04,SESSAO EXTRAORDINARIA
61,194,2021-08-05,SESSAO ORDINARIA
61,195,2021-08-05,SESSAO ORDINARIA
61,196,2021-08-10,SESSAO ORDINARIA
61,197,2021-08-10,SESSAO EXTRAORDINARIA
61,198,2021-08-11,SESSAO ORDINARIA
61,199,2021-08-12,SESSAO ORDINARIA
61,200,2021-08-17,SESSAO ORDINARIA
61,201,2021-08-17,SESSAO EXTRAORDINARIA
61,202,2021-08-17,SESSAO EXTRAORDINARIA
61,203,2021-08-18,SESSAO ORDINARIA
61,204,2021-08-19,SESSAO ORDINARIA
61,205,2021-08-24,SESSAO ORDINARIA
61,206,2021-08-25,SESSAO ORDINARIA
61,207,2021-08-26,SESSAO ORDINARIA
61,208,2021-08-31,SESSAO ORDINARIA
61,209,2021-08-31,SESSAO EXTRAORDINARIA
61,210,2021-08-31,SESSAO EXTRAORDINARIA
61,211,2021-09-01,SESSAO ORDINARIA
61,212,2021-09-02,SESSAO ORDINARIA
61,213,2021-09-08,SESSAO ORDINARIA
61,214,2021-09-09,SESSAO ORDINARIA
61,215,2021-09-14,SESSAO ORDINARIA
61,216,2021-09-15,SESSAO ORDINARIA
61,217,2021-09-15,SESSAO EXTRAORDINARIA
61,218,2021-09-16,SESSAO ORDINARIA
61,219,2021-09-21,SESSAO ORDINARIA
61,220,2021-09-21,SESSAO EXTRAORDINARIA
61,221,2021-09-22,SESSAO ORDINARIA
61,222,2021-09-23,SESSAO ORDINARIA
61,223,2021-09-28,SESSAO ORDINARIA
61,224,2021-09-29,SESSAO ORDINARIA
61,225,2021-09-30,SESSAO ORDINARIA
61,226,2021-10-05,SESSAO ORDINARIA
61,227,2021-10-05,SESSAO EXTRAORDINARIA
61,228,2021-10-06,SESSAO ORDINARIA
61,229,2021-10-06,SESSAO EXTRAORDINARIA
61,230,2021-10-06,SESSAO EXTRAORDINARIA
61,231,2021-10-07,SESSAO ORDINARIA
61,232,2021-10-13,SESSAO ORDINARIA
61,233,2021-10-14,SESSAO ORDINARIA
61,234,2021-10-19,SESSAO ORDINARIA
61,235,2021-10-20,SESSAO ORDINARIA
61,236,2021-10-20,SESSAO EXTRAORDINARIA
61,237,2021-10-21,SESSAO ORDINARIA
61,238,2021-10-26,SESSAO ORDINARIA
61,239,2021-10-27,SESSAO ORDINARIA
61,240,2021-10-28,SESSAO ORDINARIA
61,241,2021-11-03,SESSAO ORDINARIA
61,242,2021-11-03,SESSAO EXTRAORDINARIA
61,243,2021-11-03,SESSAO EXTRAORDINARIA
61,244,2021-11-04,SESSAO ORDINARIA
61,245,2021-11-09,SESSAO ORDINARIA
61,246,2021-11-09,SESSAO EXTRAORDINARIA
61,247,2021-11-10,SESSAO ORDINARIA
61,248,2021-11-10,SESSAO EXTRAORDINARIA
61,249,2021-11-11,SESSAO ORDINARIA
61,250,2021-11-16,SESSAO ORDINARIA
61,251,2021-11-17,SESSAO ORDINARIA
61,252,2021-11-18,SESSAO ORDINARIA
61,253,2021-11-23,SESSAO ORDINARIA
61,254,2021-11-23,SESSAO EXTRAORDINARIA
61,255,2021-11-24,SESSAO ORDINARIA
61,256,2021-11-25,SESSAO ORDINARIA
61,257,2021-12-01,SESSAO ORDINARIA
61,258,2021-12-01,SESSAO EXTRAORDINARIA
61,259,2021-12-02,SESSAO EXTRAORDINARIA
61,260,2021-12-02,SESSAO ORDINARIA
61,261,2021-12-07,SESSAO ORDINARIA
61,262,2021-12-07,SESSAO EXTRAORDINARIA
61,263,2021-12-08,SESSAO ORDINARIA
61,264,2021-12-08,SESSAO EXTRAORDINARIA
61,265,2021-12-09,SESSAO ORDINARIA
61,266,2021-12-09,SESSAO EXTRAORDINARIA
61,267,2021-12-14,SESSAO EXTRAORDINARIA
61,268,2021-12-14,SESSAO ORDINARIA
61,269,2021-12-14,SESSAO EXTRAORDINARIA
61,270,2021-12-14,SESSAO EXTRAORDINARIA
61,271,2021-12-14,SESSAO EXTRAORDINARIA
61,272,2021-12-15,SESSAO ORDINARIA
61,273,2022-02-02,SESSAO ORDINARIA
61,274,2022-02-03,SESSAO ORDINARIA
61,275,2022-02-08,SESSAO ORDINARIA
61,276,2022-02-08,SESSAO EXTRAORDINARIA
61,277,2022-02-08,SESSAO EXTRAORDINARIA
61,278,2022-02-09,SESSAO ORDINARIA
61,279,2022-02-10,SESSAO ORDINARIA
61,280,2022-02-15,SESSAO ORDINARIA
61,281,2022-02-15,SESSAO EXTRAORDINARIA
61,282,2022-02-16,SESSAO ORDINARIA
61,283,2022-02-16,SESSAO EXTRAORDINARIA
61,284,2022-02-17,SESSAO ORDINARIA
61,285,2022-02-22,SESSAO ORDINARIA
61,286,2022-02-22,SESSAO EXTRAORDINARIA
61,287,2022-02-23,SESSAO ORDINARIA
61,288,2022-03-08,SESSAO EXTRAORDINARIA
61,289,2022-02-24,SESSAO ORDINARIA
61,290,2022-03-03,SESSAO ORDINARIA
61,291,2022-03-08,SESSAO ORDINARIA
61,292,2022-03-09,SESSAO ORDINARIA
61,293,2022-03-09,SESSAO EXTRAORDINARIA
61,294,2022-03-10,SESSAO ORDINARIA
61,295,2022-03-15,SESSAO EXTRAORDINARIA
61,296,2022-03-23,SESSAO EXTRAORDINARIA
61,297,2022-03-15,SESSAO ORDINARIA
61,298,2022-03-16,SESSAO ORDINARIA
61,299,2022-03-17,SESSAO ORDINARIA
61,300,2022-03-22,SESSAO ORDINARIA
61,301,2022-03-23,SESSAO ORDINARIA
61,302,2022-03-29,SESSAO EXTRAORDINARIA
61,303,2022-03-24,SESSAO ORDINARIA
61,304,2022-03-29,SESSAO ORDINARIA
61,305,2022-03-30,SESSAO ORDINARIA
61,306,2022-03-30,SESSAO EXTRAORDINARIA
61,307,2022-03-31,SESSAO EXTRAORDINARIA
61,308,2022-03-31,SESSAO ORDINARIA
61,309,2022-03-31,SESSAO EXTRAORDINARIA
61,310,2022-03-31,SESSAO EXTRAORDINARIA
61,311,2022-03-31,SESSAO EXTRAORDINARIA
61,312,2022-04-05,SESSAO ORDINARIA
61,313,2022-04-12,SESSAO EXTRAORDINARIA
61,314,2022-04-06,SESSAO ORDINARIA
61,315,2022-04-12,SESSAO EXTRAORDINARIA
61,316,2022-05-10,SESSAO EXTRAORDINARIA
61,317,2022-04-07,SESSAO ORDINARIA
61,318,2022-04-12,SESSAO ORDINARIA
61,319,2022-04-13,SESSAO ORDINARIA
61,320,2022-04-19,SESSAO ORDINARIA
61,321,2022-04-20,SESSAO ORDINARIA
61,322,2022-04-26,SESSAO ORDINARIA
61,323,2022-04-27,SESSAO ORDINARIA
61,324,2022-04-28,SESSAO ORDINARIA
61,325,2022-05-03,SESSAO ORDINARIA
61,326,2022-05-04,SESSAO ORDINARIA
61,327,2022-05-05,SESSAO ORDINARIA
61,328,2022-05-10,SESSAO ORDINARIA
61,329,2022-05-11,SESSAO ORDINARIA
61,330,2022-05-17,SESSAO EXTRAORDINARIA
61,331,2022-05-12,SESSAO ORDINARIA
61,332,2022-06-07,SESSAO EXTRAORDINARIA
61,333,2022-05-12,SESSAO ORDINARIA
61,334,2022-05-17,SESSAO ORDINARIA
61,335,2022-05-18,SESSAO ORDINARIA
61,336,2022-05-19,SESSAO ORDINARIA
61,337,2022-05-24,SESSAO ORDINARIA
61,338,2022-05-25,SESSAO ORDINARIA
61,339,2022-05-26,SESSAO ORDINARIA
61,340,2022-05-31,SESSAO ORDINARIA
61,341,2022-06-01,SESSAO ORDINARIA
61,342,2022-06-02,SESSAO ORDINARIA
61,343,2022-06-07,SESSAO ORDINARIA
61,344,2022-06-08,SESSAO ORDINARIA
61,345,2022-06-21,SESSAO EXTRAORDINARIA
61,346,2022-06-09,SESSAO ORDINARIA
61,347,2022-06-14,SESSAO ORDINARIA
61,348,2022-06-15,SESSAO ORDINARIA
61,349,2022-06-21,SESSAO ORDINARIA
61,350,2022-06-22,SESSAO ORDINARIA
61,351,2022-06-23,SESSAO ORDINARIA
61,352,2022-06-28,SESSAO ORDINARIA
61,353,2022-06-29,SESSAO EXTRAORDINARIA
61,354,2022-06-29,SESSAO ORDINARIA
61,355,2022-06-29,SESSAO EXTRAORDINARIA
61,356,2022-06-30,SESSAO ORDINARIA
61,357,2022-08-02,SESSAO ORDINARIA
61,358,2022-08-30,SESSAO EXTRAORDINARIA
61,359,2022-08-03,SESSAO ORDINARIA
61,360,2022-08-04,SESSAO ORDINARIA
61,361,2022-08-09,SESSAO ORDINARIA
61,362,2022-08-10,SESSAO ORDINARIA
61,363,2022-08-11,SESSAO ORDINARIA
61,364,2022-08-16,SESSAO ORDINARIA
61,365,2022-08-17,SESSAO ORDINARIA
61,366,2022-08-18,SESSAO ORDINARIA
61,367,2022-08-23,SESSAO ORDINARIA
61,368,2022-08-24,SESSAO ORDINARIA
61,369,2022-08-25,SESSAO ORDINARIA
61,370,2022-08-30,SESSAO ORDINARIA
61,371,2022-08-31,SESSAO ORDINARIA
61,372,2022-09-13,SESSAO EXTRAORDINARIA
61,373,2022-09-01,SESSAO ORDINARIA
61,374,2022-09-08,SESSAO ORDINARIA
61,375,2022-09-13,SESSAO ORDINARIA
61,376,2022-09-14,SESSAO ORDINARIA
61,377,2022-09-15,SESSAO ORDINARIA
61,378,2022-09-20,SESSAO ORDINARIA
61,379,2022-10-25,SESSAO EXTRAORDINARIA
61,380,2022-09-21,SESSAO ORDINARIA
61,381,2022-09-22,SESSAO ORDINARIA
61,382,2022-09-27,SESSAO ORDINARIA
61,383,2022-09-28,SESSAO ORDINARIA
61,384,2022-09-29,SESSAO ORDINARIA
61,385,2022-10-04,SESSAO ORDINARIA
61,386,2022-10-05,SESSAO ORDINARIA
61,387,2022-10-06,SESSAO ORDINARIA
61,388,2022-10-11,SESSAO ORDINARIA
61,389,2022-10-13,SESSAO ORDINARIA
61,390,2022-10-18,SESSAO ORDINARIA
61,391,2022-10-19,SESSAO ORDINARIA
61,392,2022-10-20,SESSAO ORDINARIA
61,393,2022-10-25,SESSAO ORDINARIA
61,394,2022-10-25,SESSAO EXTRAORDINARIA
61,395,2022-10-26,SESSAO ORDINARIA
61,396,2022-10-27,SESSAO ORDINARIA
61,397,2022-11-03,SESSAO ORDINARIA
61,398,2022-11-08,SESSAO ORDINARIA
61,399,2022-11-08,SESSAO EXTRAORDINARIA
61,400,2022-11-09,SESSAO ORDINARIA
61,401,2022-11-22,SESSAO EXTRAORDINARIA
61,402,2022-11-10,SESSAO ORDINARIA
61,403,2022-12-06,SESSAO EXTRAORDINARIA
61,404,2022-11-16,SESSAO ORDINARIA
61,405,2022-11-17,SESSAO ORDINARIA
61,406,2022-11-22,SESSAO ORDINARIA
61,407,2022-11-23,SESSAO ORDINARIA
61,408,2022-11-29,SESSAO ORDINARIA
61,409,2022-12-01,SESSAO ORDINARIA
61,410,2022-12-06,SESSAO ORDINARIA
61,411,2022-12-07,SESSAO ORDINARIA
61,412,2022-12-07,SESSAO EXTRAORDINARIA
61,413,2022-12-08,SESSAO ORDINARIA
61,414,2022-12-13,SESSAO ORDINARIA
61,415,2022-12-13,SESSAO EXTRAORDINARIA
61,416,2022-12-14,SESSAO ORDINARIA
61,417,2022-12-15,SESSAO ORDINARIA
61,422,2023-02-14,SESSAO EXTRAORDINARIA
61,424,2023-02-16,SESSAO EXTRAORDINARIA
61,427,2023-02-16,SESSAO ORDINARIA
61,428,2023-02-23,SESSAO ORDINARIA
61,432,2023-03-02,SESSAO ORDINARIA
61,443,2023-04-04,SESSAO EXTRAORDINARIA
61,447,2023-04-04,SESSAO ORDINARIA
61,449,2023-04-11,SESSAO EXTRAORDINARIA
61,457,2023-04-26,SESSAO ORDINARIA
61,458,2023-04-27,SESSAO ORDINARIA
61,461,2023-05-04,SESSAO ORDINARIA
61,462,2023-05-09,SESSAO EXTRAORDINARIA
61,466,2023-05-16,SESSAO EXTRAORDINARIA
61,471,2023-05-24,SESSAO ORDINARIA
61,478,2023-06-07,SESSAO ORDINARIA
61,489,2023-08-03,SESSAO ORDINARIA
61,494,2023-08-15,SESSAO EXTRAORDINARIA
61,499,2023-08-24,SESSAO ORDINARIA
61,504,2023-08-31,SESSAO ORDINARIA
61,511,2023-09-21,SESSAO ORDINARIA
61,514,2023-09-27,SESSAO ORDINARIA
61,519,2023-10-05,SESSAO ORDINARIA
61,533,2023-11-07,SESSAO ORDINARIA
61,534,2023-11-07,SESSAO EXTRAORDINARIA
61,535,2023-11-08,SESSAO ORDINARIA
61,536,2023-11-09,SESSAO ORDINARIA
61,539,2023-11-16,SESSAO ORDINARIA
61,545,2023-11-28,SESSAO EXTRAORDINARIA
61,547,2023-11-28,SESSAO EXTRAORDINARIA
61,555,2023-12-13,SESSAO EXTRAORDINARIA
61,563,2024-02-08,SESSAO ORDINARIA
61,564,2024-02-15,SESSAO ORDINARIA
61,574,2024-02-29,SESSAO ORDINARIA
61,595,2024-04-10,SESSAO ORDINARIA
61,597,2024-04-11,SESSAO ORDINARIA
61,599,2024-05-07,SESSAO EXTRAORDINARIA
61,602,2024-04-18,SESSAO ORDINARIA
61,607,2024-05-02,SESSAO ORDINARIA
61,609,2024-05-08,SESSAO ORDINARIA
61,610,2024-05-09,SESSAO ORDINARIA
61,611,2024-05-28,SESSAO EXTRAORDINARIA
61,612,2024-05-14,SESSAO ORDINARIA
61,613,2024-05-15,SESSAO ORDINARIA
61,614,2024-05-16,SESSAO ORDINARIA
61,616,2024-05-22,SESSAO ORDINARIA
61,617,2024-05-23,SESSAO ORDINARIA
61,618,2024-05-28,SESSAO ORDINARIA
61,624,2024-06-11,SESSAO EXTRAORDINARIA
61,626,2024-06-06,SESSAO ORDINARIA
61,629,2024-06-13,SESSAO ORDINARIA
61,632,2024-06-20,SESSAO ORDINARIA
61,633,2024-06-18,SESSAO EXTRAORDINARIA
61,635,2024-06-25,SESSAO EXTRAORDINARIA
61,636,2024-06-25,SESSAO ORDINARIA
61,640,2024-08-07,SESSAO EXTRAORDINARIA
61,643,2024-08-08,SESSAO ORDINARIA
61,644,2024-08-14,SESSAO ORDINARIA
61,645,2024-08-15,SESSAO ORDINARIA
61,646,2024-08-14,SESSAO EXTRAORDINARIA
61,647,2024-08-20,SESSAO ORDINARIA
61,648,2024-08-21,SESSAO ORDINARIA
61,649,2024-08-27,SESSAO ORDINARIA
61,651,2024-08-29,SESSAO ORDINARIA
61,652,2024-09-03,SESSAO EXTRAORDINARIA
61,655,2024-09-05,SESSAO ORDINARIA
61,659,2024-09-12,SESSAO ORDINARIA
61,663,2024-09-19,SESSAO ORDINARIA
61,664,2024-09-24,SESSAO EXTRAORDINARIA
61,665,2024-09-24,SESSAO ORDINARIA
61,666,2024-09-25,SESSAO ORDINARIA
61,667,2024-09-26,SESSAO ORDINARIA
61,668,2024-08-27,SESSAO EXTRAORDINARIA
61,669,2024-10-01,SESSAO EXTRAORDINARIA
61,670,2024-10-01,SESSAO ORDINARIA
61,672,2024-10-03,SESSAO ORDINARIA
61,676,2024-10-10,SESSAO ORDINARIA
61,679,2024-10-17,SESSAO ORDINARIA
61,683,2024-10-24,SESSAO ORDINARIA
61,687,2024-10-30,SESSAO EXTRAORDINARIA
61,688,2024-10-31,SESSAO ORDINARIA
61,1694,2024-11-14,SESSAO ORDINARIA
61,1695,2024-11-19,SESSAO ORDINARIA
61,1700,2024-11-27,SESSAO EXTRAORDINARIA
61,1701,2024-11-28,SESSAO ORDINARIA
61,1704,2024-12-04,SESSAO EXTRAORDINARIA
61,1716,2025-02-13,ORDINARIA
61,1719,2025-02-19,ORDINARIA
61,1720,2025-02-25,ORDINARIA
61,1721,2025-02-20,ORDINARIA
61,1724,2025-02-26,ORDINARIA
61,1727,2025-02-27,ORDINARIA
61,1730,2025-03-06,ORDINARIA
61,1733,2025-03-11,ORDINARIA
61,1734,2025-03-11,EXTRAORDINARIA
61,1736,2025-03-12,ORDINARIA
61,1739,2025-03-13,ORDINARIA
61,1740,2025-03-18,EXTRAORDINARIA
61,1741,2025-03-18,ORDINARIA
61,1742,2025-03-18,EXTRAORDINARIA
61,1743,2025-03-18,EXTRAORDINARIA
61,1744,2025-03-19,ORDINARIA
61,1746,2025-03-20,ORDINARIA
61,1757,2025-03-27,ORDINARIA
61,1763,2025-04-03,ORDINARIA
61,1765,2025-04-03,ORDINARIA
61,1775,2025-04-10,ORDINARIA
61,1776,2025-04-10,ORDINARIA
61,1788,2025-04-24,ORDINARIA
61,1789,2025-04-24,ORDINARIA
61,1798,2025-05-08,ORDINARIA
61,1799,2025-05-08,ORDINARIA
61,1817,2025-05-21,ORDINARIA
61,1819,2025-05-22,ORDINARIA
61,1829,2025-05-29,ORDINARIA
61,1830,2025-05-29,ORDINARIA
61,1838,2025-06-05,ORDINARIA
61,1846,2025-06-12,ORDINARIA
61,1847,2025-06-12,ORDINARIA
61,1856,2025-06-24,ORDINARIA
61,1858,2025-06-24,EXTRAORDINARIA
61,1859,2025-08-07,EXTRAORDINARIA
61,1862,2025-06-25,ORDINARIA
61,1864,2025-06-26,ORDINARIA
61,1865,2025-06-26,ORDINARIA
61,1870,2025-08-05,ORDINARIA
61,1873,2025-08-06,ORDINARIA
61,1875,2025-08-07,ORDINARIA
61,1876,2025-08-07,EXTRAORDINARIA
61,1879,2025-08-12,ORDINARIA
61,1880,2025-08-12,EXTRAORDINARIA
61,1882,2025-08-13,ORDINARIA
61,1884,2025-08-14,ORDINARIA
61,1885,2025-08-14,ORDINARIA
61,1897,2025-08-21,SOLENE
61,1899,2025-08-22,SOLENE
61,1906,2025-08-28,ORDINARIA
61,1907,2025-08-28,ORDINARIA
61,1913,2025-09-03,ORDINARIA
61,1914,2025-09-04,ORDINARIA
61,1915,2025-09-04,ORDINARIA
61,1919,2025-09-11,ORDINARIA
61,1920,2025-09-11,ORDINARIA
61,1928,2025-09-16,EXTRAORDINARIA
61,1932,2025-09-18,ORDINARIA
61,1933,2025-09-18,ORDINARIA
61,1944,2025-09-25,ORDINARIA
61,1945,2025-09-25,ORDINARIA
61,1954,2025-10-01,ORDINARIA
61,1956,2025-10-02,ORDINARIA
61,1963,2025-10-07,ORDINARIA
61,1967,2025-10-09,ORDINARIA
61,1968,2025-10-09,ORDINARIA
61,1979,2025-10-16,ORDINARIA
61,1989,2025-11-04,EXTRAORDINARIA
61,1990,2025-10-23,ORDINARIA
61,1994,2025-10-30,ORDINARIA
61,1995,2025-10-30,ORDINARIA
61,2006,2025-11-06,ORDINARIA
61,2015,2025-11-11,EXTRAORDINARIA
61,2020,2025-11-13,ORDINARIA
61,2035,2025-11-26,EXTRAORDINARIA
61,2037,2025-11-26,ORDINARIA
61,2038,2025-11-26,EXTRAORDINARIA
61,2039,2025-11-27,ORDINARIA
61,2040,2025-11-27,ORDINARIA
61,2053,2025-12-04,ORDINARIA
61,2065,2025-12-15,ORDINARIA
61,2069,2026-02-03,ORDINARIA
61,2072,2026-02-05,ORDINARIA
61,2081,2026-02-12,ORDINARIA
61,2082,2026-02-19,ORDINARIA
61,2088,2026-02-26,ORDINARIA
61,2096,2026-03-05,SOLENE
61,2101,2026-03-31,EXTRAORDINARIA
61,2102,2026-03-31,EXTRAORDINARIA
61,2103,2026-04-01,ORDINARIA
61,2109,2026-04-09,ORDINARIA
61,2113,2026-04-14,EXTRAORDINARIA
61,2114,2026-04-15,ORDINARIA
61,2116,2026-04-16,ORDINARIA
61,2118,2026-04-22,ORDINARIA
61,2119,2026-04-23,ORDINARIA
61,2131,2026-03-19,ORDINARIA
61,2141,2026-03-26,ORDINARIA
61,2143,2026-03-31,ORDINARIA
61,2145,2026-04-30,ORDINARIA
61,2152,2026-05-07,ORDINARIA
61,2163,2026-05-14,ORDINARIA
61,2176,2026-03-12,ORDINARIA
61,2188,2026-05-21,ORDINARIA
61,2192,2026-05-27,ORDINARIA
61,2193,2026-05-28,ORDINARIA
61,2205,2026-06-11,ORDINARIA
61,2229,2026-08-06,ORDINARIA
61,2239,2026-06-18,ORDINARIA
61,2245,2026-08-13,ORDINARIA
61,2253,2026-08-19,ORDINARIA
61,2255,2026-08-20,ORDINARIA
62,4,2020-02-04,SESSAO ORDINARIA
62,5,2020-02-05,SESSAO ORDINARIA
62,6,2020-02-11,SESSAO ORDINARIA
62,7,2020-02-11,SESSAO EXTRAORDINARIA
62,8,2020-02-12,SESSAO ORDINARIA
62,9,2020-02-13,SESSAO ORDINARIA
62,10,2020-02-18,SESSAO ORDINARIA
62,11,2020-02-19,SESSAO ORDINARIA
62,12,2020-02-20,SESSAO ORDINARIA
62,13,2020-02-27,SESSAO ORDINARIA
62,14,2020-03-03,SESSAO ORDINARIA
62,15,2020-03-04,SESSAO ORDINARIA
62,16,2020-03-05,SESSAO ORDINARIA
62,17,2020-03-10,SESSAO ORDINARIA
62,18,2020-03-11,SESSAO ORDINARIA
62,19,2020-03-11,SESSAO EXTRAORDINARIA
62,20,2020-03-12,SESSAO ORDINARIA
62,21,2020-03-16,SESSAO EXTRAORDINARIA
62,22,2020-03-16,SESSAO EXTRAORDINARIA
62,23,2020-03-17,SESSAO ORDINARIA
62,24,2020-03-17,SESSAO EXTRAORDINARIA
62,25,2020-03-24,SESSAO EXTRAORDINARIA
62,26,2020-03-24,SESSAO EXTRAORDINARIA
62,27,2020-03-25,SESSAO EXTRAORDINARIA
62,28,2020-03-25,SESSAO EXTRAORDINARIA
62,29,2020-03-25,SESSAO EXTRAORDINARIA
62,30,2020-03-25,SESSAO EXTRAORDINARIA
62,31,2020-03-31,SESSAO EXTRAORDINARIA
62,32,2020-03-31,SESSAO EXTRAORDINARIA
62,33,2020-03-31,SESSAO EXTRAORDINARIA
62,34,2020-04-07,SESSAO EXTRAORDINARIA
62,35,2020-04-01,SESSAO EXTRAORDINARIA
62,36,2020-04-01,SESSAO EXTRAORDINARIA
62,37,2020-04-07,SESSAO EXTRAORDINARIA
62,38,2020-04-08,SESSAO EXTRAORDINARIA
62,39,2020-04-14,SESSAO EXTRAORDINARIA
62,40,2020-04-14,SESSAO EXTRAORDINARIA
62,41,2020-04-14,SESSAO EXTRAORDINARIA
62,42,2020-04-15,SESSAO EXTRAORDINARIA
62,43,2020-04-15,SESSAO EXTRAORDINARIA
62,44,2020-04-22,SESSAO EXTRAORDINARIA
62,45,2020-04-22,SESSAO EXTRAORDINARIA
62,46,2020-04-22,SESSAO EXTRAORDINARIA
62,47,2020-04-22,SESSAO EXTRAORDINARIA
62,48,2020-04-28,SESSAO EXTRAORDINARIA
62,49,2020-04-28,SESSAO EXTRAORDINARIA
62,50,2020-04-29,SESSAO EXTRAORDINARIA
62,51,2020-04-29,SESSAO EXTRAORDINARIA
62,52,2020-05-05,SESSAO EXTRAORDINARIA
62,53,2020-05-05,SESSAO EXTRAORDINARIA
62,54,2020-05-19,SESSAO EXTRAORDINARIA
62,55,2020-05-19,SESSAO EXTRAORDINARIA
62,56,2020-05-20,SESSAO EXTRAORDINARIA
62,57,2020-05-20,SESSAO EXTRAORDINARIA
62,58,2020-05-20,SESSAO EXTRAORDINARIA
62,59,2020-05-26,SESSAO EXTRAORDINARIA
62,60,2020-05-27,SESSAO EXTRAORDINARIA
62,61,2020-06-02,SESSAO EXTRAORDINARIA
62,62,2020-06-02,SESSAO EXTRAORDINARIA
62,63,2020-06-09,SESSAO EXTRAORDINARIA
62,64,2020-06-10,SESSAO EXTRAORDINARIA
62,65,2020-06-10,SESSAO EXTRAORDINARIA
62,66,2020-06-10,SESSAO EXTRAORDINARIA
62,67,2020-06-16,SESSAO EXTRAORDINARIA
62,68,2020-06-16,SESSAO EXTRAORDINARIA
62,69,2020-06-17,SESSAO EXTRAORDINARIA
62,70,2020-06-17,SESSAO EXTRAORDINARIA
62,71,2020-06-18,SESSAO EXTRAORDINARIA
62,72,2020-06-23,SESSAO EXTRAORDINARIA
62,73,2020-06-24,SESSAO EXTRAORDINARIA
62,74,2020-06-24,SESSAO EXTRAORDINARIA
62,75,2020-06-30,SESSAO EXTRAORDINARIA
62,76,2020-06-30,SESSAO EXTRAORDINARIA
62,77,2020-08-04,SESSAO EXTRAORDINARIA
62,78,2020-08-05,SESSAO EXTRAORDINARIA
62,79,2020-08-11,SESSAO EXTRAORDINARIA
62,80,2020-08-11,SESSAO EXTRAORDINARIA
62,81,2020-08-12,SESSAO EXTRAORDINARIA
62,82,2020-08-12,SESSAO EXTRAORDINARIA
62,83,2020-08-18,SESSAO EXTRAORDINARIA
62,84,2020-08-19,SESSAO EXTRAORDINARIA
62,85,2020-08-19,SESSAO EXTRAORDINARIA
62,86,2020-08-25,SESSAO EXTRAORDINARIA
62,87,2020-08-26,SESSAO EXTRAORDINARIA
62,88,2020-09-01,SESSAO EXTRAORDINARIA
62,89,2020-09-02,SESSAO EXTRAORDINARIA
62,90,2020-09-08,SESSAO EXTRAORDINARIA
62,91,2020-09-09,SESSAO EXTRAORDINARIA
62,92,2020-09-15,SESSAO EXTRAORDINARIA
62,93,2020-09-16,SESSAO EXTRAORDINARIA
62,94,2020-09-17,SESSAO EXTRAORDINARIA
62,95,2020-09-22,SESSAO EXTRAORDINARIA
62,96,2020-09-23,SESSAO EXTRAORDINARIA
62,97,2020-09-23,SESSAO EXTRAORDINARIA
62,98,2020-09-29,SESSAO EXTRAORDINARIA
62,99,2020-09-29,SESSAO EXTRAORDINARIA
62,100,2020-09-30,SESSAO EXTRAORDINARIA
62,101,2020-10-06,SESSAO EXTRAORDINARIA
62,102,2020-10-07,SESSAO EXTRAORDINARIA
62,103,2020-10-07,SESSAO EXTRAORDINARIA
62,104,2020-10-13,SESSAO EXTRAORDINARIA
62,105,2020-10-14,SESSAO EXTRAORDINARIA
62,106,2020-10-14,SESSAO EXTRAORDINARIA
62,107,2020-10-15,SESSAO EXTRAORDINARIA
62,108,2020-10-20,SESSAO EXTRAORDINARIA
62,109,2020-10-21,SESSAO EXTRAORDINARIA
62,110,2020-10-21,SESSAO EXTRAORDINARIA
62,111,2020-10-27,SESSAO EXTRAORDINARIA
62,112,2020-10-28,SESSAO EXTRAORDINARIA
62,113,2020-10-28,SESSAO EXTRAORDINARIA
62,114,2020-11-03,SESSAO EXTRAORDINARIA
62,115,2020-11-03,SESSAO EXTRAORDINARIA
62,116,2020-11-04,SESSAO EXTRAORDINARIA
62,117,2020-11-10,SESSAO EXTRAORDINARIA
62,118,2020-11-10,SESSAO EXTRAORDINARIA
62,119,2020-11-11,SESSAO EXTRAORDINARIA
62,120,2020-11-17,SESSAO EXTRAORDINARIA
62,121,2020-11-17,SESSAO EXTRAORDINARIA
62,122,2020-11-18,SESSAO EXTRAORDINARIA
62,123,2020-11-24,SESSAO EXTRAORDINARIA
62,124,2020-11-25,SESSAO EXTRAORDINARIA
62,125,2020-11-25,SESSAO EXTRAORDINARIA
62,126,2020-12-01,SESSAO EXTRAORDINARIA
62,127,2020-12-01,SESSAO EXTRAORDINARIA
62,128,2020-12-02,SESSAO EXTRAORDINARIA
62,129,2020-12-08,SESSAO EXTRAORDINARIA
62,130,2020-12-09,SESSAO EXTRAORDINARIA
62,131,2020-12-09,SESSAO EXTRAORDINARIA
62,132,2020-12-10,SESSAO EXTRAORDINARIA
62,133,2020-12-10,SESSAO EXTRAORDINARIA
62,134,2020-12-10,SESSAO EXTRAORDINARIA
62,135,2020-12-15,SESSAO EXTRAORDINARIA
62,136,2021-02-02,SESSAO PREPARATORIA
62,137,2021-02-03,SESSAO EXTRAORDINARIA
62,138,2021-02-09,SESSAO EXTRAORDINARIA
62,139,2021-02-10,SESSAO EXTRAORDINARIA
62,140,2021-02-23,SESSAO EXTRAORDINARIA
62,141,2021-02-23,SESSAO EXTRAORDINARIA
62,142,2021-02-24,SESSAO EXTRAORDINARIA
62,143,2021-03-02,SESSAO EXTRAORDINARIA
62,144,2021-03-03,SESSAO EXTRAORDINARIA
62,145,2021-03-09,SESSAO EXTRAORDINARIA
62,146,2021-03-09,SESSAO EXTRAORDINARIA
62,147,2021-03-10,SESSAO EXTRAORDINARIA
62,148,2021-03-16,SESSAO EXTRAORDINARIA
62,149,2021-03-17,SESSAO EXTRAORDINARIA
62,150,2021-03-23,SESSAO EXTRAORDINARIA
62,151,2021-03-24,SESSAO EXTRAORDINARIA
62,152,2021-03-30,SESSAO EXTRAORDINARIA
62,153,2021-03-30,SESSAO EXTRAORDINARIA
62,154,2021-03-31,SESSAO EXTRAORDINARIA
62,155,2021-04-06,SESSAO EXTRAORDINARIA
62,156,2021-04-06,SESSAO EXTRAORDINARIA
62,157,2021-04-07,SESSAO EXTRAORDINARIA
62,158,2021-04-13,SESSAO EXTRAORDINARIA
62,159,2021-04-14,SESSAO EXTRAORDINARIA
62,160,2021-04-14,SESSAO EXTRAORDINARIA
62,161,2021-04-20,SESSAO EXTRAORDINARIA
62,162,2021-04-27,SESSAO EXTRAORDINARIA
62,163,2021-04-27,SESSAO EXTRAORDINARIA
62,164,2021-04-27,SESSAO EXTRAORDINARIA
62,165,2021-04-28,SESSAO EXTRAORDINARIA
62,166,2021-05-04,SESSAO EXTRAORDINARIA
62,167,2021-05-05,SESSAO EXTRAORDINARIA
62,168,2021-05-11,SESSAO EXTRAORDINARIA
62,169,2021-05-11,SESSAO EXTRAORDINARIA
62,170,2021-05-12,SESSAO EXTRAORDINARIA
62,171,2021-05-18,SESSAO EXTRAORDINARIA
62,172,2021-05-19,SESSAO EXTRAORDINARIA
62,173,2021-05-19,SESSAO EXTRAORDINARIA
62,174,2021-05-25,SESSAO EXTRAORDINARIA
62,175,2021-05-25,SESSAO EXTRAORDINARIA
62,176,2021-05-26,SESSAO EXTRAORDINARIA
62,177,2021-06-01,SESSAO EXTRAORDINARIA
62,178,2021-06-02,SESSAO EXTRAORDINARIA
62,179,2021-06-08,SESSAO EXTRAORDINARIA
62,180,2021-06-08,SESSAO EXTRAORDINARIA
62,181,2021-06-09,SESSAO EXTRAORDINARIA
62,182,2021-06-15,SESSAO EXTRAORDINARIA
62,183,2021-06-15,SESSAO EXTRAORDINARIA
62,184,2021-06-16,SESSAO EXTRAORDINARIA
62,185,2021-06-22,SESSAO EXTRAORDINARIA
62,186,2021-06-23,SESSAO EXTRAORDINARIA
62,187,2021-06-23,SESSAO EXTRAORDINARIA
62,188,2021-06-29,SESSAO EXTRAORDINARIA
62,189,2021-06-29,SESSAO EXTRAORDINARIA
62,190,2021-08-03,SESSAO ORDINARIA
62,191,2022-02-01,SESSAO ORDINARIA
62,192,2021-08-04,SESSAO ORDINARIA
62,193,2021-08-04,SESSAO EXTRAORDINARIA
62,194,2021-08-05,SESSAO ORDINARIA
62,195,2021-08-05,SESSAO ORDINARIA
62,196,2021-08-10,SESSAO ORDINARIA
62,197,2021-08-10,SESSAO EXTRAORDINARIA
62,198,2021-08-11,SESSAO ORDINARIA
62,199,2021-08-12,SESSAO ORDINARIA
62,200,2021-08-17,SESSAO ORDINARIA
62,201,2021-08-17,SESSAO EXTRAORDINARIA
62,202,2021-08-17,SESSAO EXTRAORDINARIA
62,203,2021-08-18,SESSAO ORDINARIA
62,204,2021-08-19,SESSAO ORDINARIA
62,205,2021-08-24,SESSAO ORDINARIA
62,206,2021-08-25,SESSAO ORDINARIA
62,207,2021-08-26,SESSAO ORDINARIA
62,208,2021-08-31,SESSAO ORDINARIA
62,209,2021-08-31,SESSAO EXTRAORDINARIA
62,210,2021-08-31,SESSAO EXTRAORDINARIA
62,211,2021-09-01,SESSAO ORDINARIA
62,212,2021-09-02,SESSAO ORDINARIA
62,213,2021-09-08,SESSAO ORDINARIA
62,214,2021-09-09,SESSAO ORDINARIA
62,215,2021-09-14,SESSAO ORDINARIA
62,216,2021-09-15,SESSAO ORDINARIA
62,217,2021-09-15,SESSAO EXTRAORDINARIA
62,218,2021-09-16,SESSAO ORDINARIA
62,219,2021-09-21,SESSAO ORDINARIA
62,220,2021-09-21,SESSAO EXTRAORDINARIA
62,221,2021-09-22,SESSAO ORDINARIA
62,222,2021-09-23,SESSAO ORDINARIA
62,223,2021-09-28,SESSAO ORDINARIA
62,224,2021-09-29,SESSAO ORDINARIA
62,225,2021-09-30,SESSAO ORDINARIA
62,226,2021-10-05,SESSAO ORDINARIA
62,227,2021-10-05,SESSAO EXTRAORDINARIA
62,228,2021-10-06,SESSAO ORDINARIA
62,229,2021-10-06,SESSAO EXTRAORDINARIA
62,230,2021-10-06,SESSAO EXTRAORDINARIA
62,231,2021-10-07,SESSAO ORDINARIA
62,232,2021-10-13,SESSAO ORDINARIA
62,233,2021-10-14,SESSAO ORDINARIA
62,234,2021-10-19,SESSAO ORDINARIA
62,235,2021-10-20,SESSAO ORDINARIA
62,236,2021-10-20,SESSAO EXTRAORDINARIA
62,237,2021-10-21,SESSAO ORDINARIA
62,238,2021-10-26,SESSAO ORDINARIA
62,239,2021-10-27,SESSAO ORDINARIA
62,240,2021-10-28,SESSAO ORDINARIA
62,241,2021-11-03,SESSAO ORDINARIA
62,242,2021-11-03,SESSAO EXTRAORDINARIA
62,243,2021-11-03,SESSAO EXTRAORDINARIA
62,244,2021-11-04,SESSAO ORDINARIA
62,245,2021-11-09,SESSAO ORDINARIA
62,246,2021-11-09,SESSAO EXTRAORDINARIA
62,247,2021-11-10,SESSAO ORDINARIA
62,248,2021-11-10,SESSAO EXTRAORDINARIA
62,249,2021-11-11,SESSAO ORDINARIA
62,250,2021-11-16,SESSAO ORDINARIA
62,251,2021-11-17,SESSAO ORDINARIA
62,252,2021-11-18,SESSAO ORDINARIA
62,253,2021-11-23,SESSAO ORDINARIA
62,254,2021-11-23,SESSAO EXTRAORDINARIA
62,255,2021-11-24,SESSAO ORDINARIA
62,256,2021-11-25,SESSAO ORDINARIA
62,257,2021-12-01,SESSAO ORDINARIA
62,258,2021-12-01,SESSAO EXTRAORDINARIA
62,259,2021-12-02,SESSAO EXTRAORDINARIA
62,260,2021-12-02,SESSAO ORDINARIA
62,261,2021-12-07,SESSAO ORDINARIA
62,262,2021-12-07,SESSAO EXTRAORDINARIA
62,263,2021-12-08,SESSAO ORDINARIA
62,264,2021-12-08,SESSAO EXTRAORDINARIA
62,265,2021-12-09,SESSAO ORDINARIA
62,266,2021-12-09,SESSAO EXTRAORDINARIA
62,267,2021-12-14,SESSAO EXTRAORDINARIA
62,268,2021-12-14,SESSAO ORDINARIA
62,269,2021-12-14,SESSAO EXTRAORDINARIA
62,270,2021-12-14,SESSAO EXTRAORDINARIA
62,271,2021-12-14,SESSAO EXTRAORDINARIA
62,272,2021-12-15,SESSAO ORDINARIA
62,273,2022-02-02,SESSAO ORDINARIA
62,274,2022-02-03,SESSAO ORDINARIA
62,275,2022-02-08,SESSAO ORDINARIA
62,276,2022-02-08,SESSAO EXTRAORDINARIA
62,277,2022-02-08,SESSAO EXTRAORDINARIA
62,278,2022-02-09,SESSAO ORDINARIA
62,279,2022-02-10,SESSAO ORDINARIA
62,280,2022-02-15,SESSAO ORDINARIA
62,281,2022-02-15,SESSAO EXTRAORDINARIA
62,282,2022-02-16,SESSAO ORDINARIA
62,283,2022-02-16,SESSAO EXTRAORDINARIA
62,284,2022-02-17,SESSAO ORDINARIA
62,285,2022-02-22,SESSAO ORDINARIA
62,286,2022-02-22,SESSAO EXTRAORDINARIA
62,287,2022-02-23,SESSAO ORDINARIA
62,288,2022-03-08,SESSAO EXTRAORDINARIA
62,289,2022-02-24,SESSAO ORDINARIA
62,290,2022-03-03,SESSAO ORDINARIA
62,291,2022-03-08,SESSAO ORDINARIA
62,292,2022-03-09,SESSAO ORDINARIA
62,293,2022-03-09,SESSAO EXTRAORDINARIA
62,294,2022-03-10,SESSAO ORDINARIA
62,295,2022-03-15,SESSAO EXTRAORDINARIA
62,296,2022-03-23,SESSAO EXTRAORDINARIA
62,297,2022-03-15,SESSAO ORDINARIA
62,298,2022-03-16,SESSAO ORDINARIA
62,299,2022-03-17,SESSAO ORDINARIA
62,300,2022-03-22,SESSAO ORDINARIA
62,301,2022-03-23,SESSAO ORDINARIA
62,302,2022-03-29,SESSAO EXTRAORDINARIA
62,303,2022-03-24,SESSAO ORDINARIA
62,304,2022-03-29,SESSAO ORDINARIA
62,305,2022-03-30,SESSAO ORDINARIA
62,306,2022-03-30,SESSAO EXTRAORDINARIA
62,307,2022-03-31,SESSAO EXTRAORDINARIA
62,308,2022-03-31,SESSAO ORDINARIA
62,309,2022-03-31,SESSAO EXTRAORDINARIA
62,310,2022-03-31,SESSAO EXTRAORDINARIA
62,311,2022-03-31,SESSAO EXTRAORDINARIA
62,312,2022-04-05,SESSAO ORDINARIA
62,313,2022-04-12,SESSAO EXTRAORDINARIA
62,314,2022-04-06,SESSAO ORDINARIA
62,315,2022-04-12,SESSAO EXTRAORDINARIA
62,316,2022-05-10,SESSAO EXTRAORDINARIA
62,317,2022-04-07,SESSAO ORDINARIA
62,318,2022-04-12,SESSAO ORDINARIA
62,319,2022-04-13,SESSAO ORDINARIA
62,320,2022-04-19,SESSAO ORDINARIA
62,321,2022-04-20,SESSAO ORDINARIA
62,322,2022-04-26,SESSAO ORDINARIA
62,323,2022-04-27,SESSAO ORDINARIA
62,324,2022-04-28,SESSAO ORDINARIA
62,325,2022-05-03,SESSAO ORDINARIA
62,326,2022-05-04,SESSAO ORDINARIA
62,327,2022-05-05,SESSAO ORDINARIA
62,328,2022-05-10,SESSAO ORDINARIA
62,329,2022-05-11,SESSAO ORDINARIA
62,330,2022-05-17,SESSAO EXTRAORDINARIA
62,331,2022-05-12,SESSAO ORDINARIA
62,332,2022-06-07,SESSAO EXTRAORDINARIA
62,333,2022-05-12,SESSAO ORDINARIA
62,334,2022-05-17,SESSAO ORDINARIA
62,335,2022-05-18,SESSAO ORDINARIA
62,336,2022-05-19,SESSAO ORDINARIA
62,337,2022-05-24,SESSAO ORDINARIA
62,338,2022-05-25,SESSAO ORDINARIA
62,339,2022-05-26,SESSAO ORDINARIA
62,340,2022-05-31,SESSAO ORDINARIA
62,341,2022-06-01,SESSAO ORDINARIA
62,342,2022-06-02,SESSAO ORDINARIA
62,343,2022-06-07,SESSAO ORDINARIA
62,344,2022-06-08,SESSAO ORDINARIA
62,345,2022-06-21,SESSAO EXTRAORDINARIA
62,346,2022-06-09,SESSAO ORDINARIA
62,347,2022-06-14,SESSAO ORDINARIA
62,348,2022-06-15,SESSAO ORDINARIA
62,349,2022-06-21,SESSAO ORDINARIA
62,350,2022-06-22,SESSAO ORDINARIA
62,351,2022-06-23,SESSAO ORDINARIA
62,352,2022-06-28,SESSAO ORDINARIA
62,353,2022-06-29,SESSAO EXTRAORDINARIA
62,354,2022-06-29,SESSAO ORDINARIA
62,355,2022-06-29,SESSAO EXTRAORDINARIA
62,356,2022-06-30,SESSAO ORDINARIA
62,357,2022-08-02,SESSAO ORDINARIA
62,358,2022-08-30,SESSAO EXTRAORDINARIA
62,359,2022-08-03,SESSAO ORDINARIA
62,360,2022-08-04,SESSAO ORDINARIA
62,361,2022-08-09,SESSAO ORDINARIA
62,362,2022-08-10,SESSAO ORDINARIA
62,363,2022-08-11,SESSAO ORDINARIA
62,364,2022-08-16,SESSAO ORDINARIA
62,365,2022-08-17,SESSAO ORDINARIA
62,366,2022-08-18,SESSAO ORDINARIA
62,367,2022-08-23,SESSAO ORDINARIA
62,368,2022-08-24,SESSAO ORDINARIA
62,369,2022-08-25,SESSAO ORDINARIA
62,370,2022-08-30,SESSAO ORDINARIA
62,371,2022-08-31,SESSAO ORDINARIA
62,372,2022-09-13,SESSAO EXTRAORDINARIA
62,373,2022-09-01,SESSAO ORDINARIA
62,374,2022-09-08,SESSAO ORDINARIA
62,375,2022-09-13,SESSAO ORDINARIA
62,376,2022-09-14,SESSAO ORDINARIA
62,377,2022-09-15,SESSAO ORDINARIA
62,378,2022-09-20,SESSAO ORDINARIA
62,379,2022-10-25,SESSAO EXTRAORDINARIA
62,380,2022-09-21,SESSAO ORDINARIA
62,381,2022-09-22,SESSAO ORDINARIA
62,382,2022-09-27,SESSAO ORDINARIA
62,383,2022-09-28,SESSAO ORDINARIA
62,384,2022-09-29,SESSAO ORDINARIA
62,385,2022-10-04,SESSAO ORDINARIA
62,386,2022-10-05,SESSAO ORDINARIA
62,387,2022-10-06,SESSAO ORDINARIA
62,388,2022-10-11,SESSAO ORDINARIA
62,389,2022-10-13,SESSAO ORDINARIA
62,390,2022-10-18,SESSAO ORDINARIA
62,391,2022-10-19,SESSAO ORDINARIA
62,392,2022-10-20,SESSAO ORDINARIA
62,393,2022-10-25,SESSAO ORDINARIA
62,394,2022-10-25,SESSAO EXTRAORDINARIA
62,395,2022-10-26,SESSAO ORDINARIA
62,396,2022-10-27,SESSAO ORDINARIA
62,397,2022-11-03,SESSAO ORDINARIA
62,398,2022-11-08,SESSAO ORDINARIA
62,399,2022-11-08,SESSAO EXTRAORDINARIA
62,400,2022-11-09,SESSAO ORDINARIA
62,401,2022-11-22,SESSAO EXTRAORDINARIA
62,402,2022-11-10,SESSAO ORDINARIA
62,403,2022-12-06,SESSAO EXTRAORDINARIA
62,404,2022-11-16,SESSAO ORDINARIA
62,405,2022-11-17,SESSAO ORDINARIA
62,406,2022-11-22,SESSAO ORDINARIA
62,407,2022-11-23,SESSAO ORDINARIA
62,408,2022-11-29,SESSAO ORDINARIA
62,409,2022-12-01,SESSAO ORDINARIA
62,410,2022-12-06,SESSAO ORDINARIA
62,411,2022-12-07,SESSAO ORDINARIA
62,412,2022-12-07,SESSAO EXTRAORDINARIA
62,413,2022-12-08,SESSAO ORDINARIA
62,414,2022-12-13,SESSAO ORDINARIA
62,415,2022-12-13,SESSAO EXTRAORDINARIA
62,416,2022-12-14,SESSAO ORDINARIA
62,417,2022-12-15,SESSAO ORDINARIA
62,431,2023-03-21,SESSAO EXTRAORDINARIA
62,432,2023-03-02,SESSAO ORDINARIA
62,442,2023-03-21,SESSAO EXTRAORDINARIA
62,446,2023-03-30,SESSAO ORDINARIA
62,462,2023-05-09,SESSAO EXTRAORDINARIA
62,463,2023-05-09,SESSAO ORDINARIA
62,466,2023-05-16,SESSAO EXTRAORDINARIA
62,467,2023-05-16,SESSAO ORDINARIA
62,474,2023-05-31,SESSAO EXTRAORDINARIA
62,476,2023-06-01,SESSAO ORDINARIA
62,479,2023-06-13,SESSAO ORDINARIA
62,480,2023-06-14,SESSAO ORDINARIA
62,484,2023-06-22,SESSAO ORDINARIA
62,494,2023-08-15,SESSAO EXTRAORDINARIA
62,507,2023-09-13,SESSAO ORDINARIA
62,508,2023-09-19,SESSAO EXTRAORDINARIA
62,511,2023-09-21,SESSAO ORDINARIA
62,512,2023-09-26,SESSAO EXTRAORDINARIA
62,514,2023-09-27,SESSAO ORDINARIA
62,519,2023-10-05,SESSAO ORDINARIA
62,526,2023-10-19,SESSAO ORDINARIA
62,529,2023-10-25,SESSAO ORDINARIA
62,534,2023-11-07,SESSAO EXTRAORDINARIA
62,541,2023-11-21,SESSAO EXTRAORDINARIA
62,542,2023-11-21,SESSAO EXTRAORDINARIA
62,544,2023-11-23,SESSAO ORDINARIA
62,545,2023-11-28,SESSAO EXTRAORDINARIA
62,549,2023-12-05,SESSAO EXTRAORDINARIA
62,557,2024-02-01,SESSAO ORDINARIA
62,558,2024-02-01,SESSAO EXTRAORDINARIA
62,559,2024-02-01,SESSAO EXTRAORDINARIA
62,560,2024-02-06,SESSAO EXTRAORDINARIA
62,561,2024-02-06,SESSAO ORDINARIA
62,562,2024-02-07,SESSAO ORDINARIA
62,563,2024-02-08,SESSAO ORDINARIA
62,564,2024-02-15,SESSAO ORDINARIA
62,569,2024-02-27,SESSAO EXTRAORDINARIA
62,571,2024-02-27,SESSAO EXTRAORDINARIA
62,572,2024-02-27,SESSAO EXTRAORDINARIA
62,574,2024-02-29,SESSAO ORDINARIA
62,585,2024-03-26,SESSAO EXTRAORDINARIA
62,593,2024-04-09,SESSAO EXTRAORDINARIA
62,596,2024-04-09,SESSAO EXTRAORDINARIA
62,598,2024-04-23,SESSAO EXTRAORDINARIA
62,599,2024-05-07,SESSAO EXTRAORDINARIA
62,602,2024-04-18,SESSAO ORDINARIA
62,610,2024-05-09,SESSAO ORDINARIA
62,611,2024-05-28,SESSAO EXTRAORDINARIA
62,612,2024-05-14,SESSAO ORDINARIA
62,613,2024-05-15,SESSAO ORDINARIA
62,614,2024-05-16,SESSAO ORDINARIA
62,616,2024-05-22,SESSAO ORDINARIA
62,617,2024-05-23,SESSAO ORDINARIA
62,618,2024-05-28,SESSAO ORDINARIA
62,619,2024-06-04,SESSAO EXTRAORDINARIA
62,620,2024-05-29,SESSAO ORDINARIA
62,621,2024-06-04,SESSAO EXTRAORDINARIA
62,622,2024-06-04,SESSAO ORDINARIA
62,623,2024-06-05,SESSAO ORDINARIA
62,625,2024-06-18,SESSAO EXTRAORDINARIA
62,626,2024-06-06,SESSAO ORDINARIA
62,629,2024-06-13,SESSAO ORDINARIA
62,630,2024-06-18,SESSAO ORDINARIA
62,633,2024-06-18,SESSAO EXTRAORDINARIA
62,640,2024-08-07,SESSAO EXTRAORDINARIA
62,643,2024-08-08,SESSAO ORDINARIA
62,646,2024-08-14,SESSAO EXTRAORDINARIA
62,652,2024-09-03,SESSAO EXTRAORDINARIA
62,653,2024-09-03,SESSAO ORDINARIA
62,655,2024-09-05,SESSAO ORDINARIA
62,656,2024-09-10,SESSAO EXTRAORDINARIA
62,659,2024-09-12,SESSAO ORDINARIA
62,661,2024-09-17,SESSAO EXTRAORDINARIA
62,664,2024-09-24,SESSAO EXTRAORDINARIA
62,665,2024-09-24,SESSAO ORDINARIA
62,666,2024-09-25,SESSAO ORDINARIA
62,667,2024-09-26,SESSAO ORDINARIA
62,671,2024-10-02,SESSAO ORDINARIA
62,675,2024-10-09,SESSAO ORDINARIA
62,676,2024-10-10,SESSAO ORDINARIA
62,678,2024-10-16,SESSAO ORDINARIA
62,679,2024-10-17,SESSAO ORDINARIA
62,683,2024-10-24,SESSAO ORDINARIA
62,684,2024-10-29,SESSAO EXTRAORDINARIA
62,687,2024-10-30,SESSAO EXTRAORDINARIA
62,688,2024-10-31,SESSAO ORDINARIA
62,1694,2024-11-14,SESSAO ORDINARIA
62,1696,2024-11-26,SESSAO EXTRAORDINARIA
62,1697,2024-11-26,SESSAO ORDINARIA
62,1698,2024-11-26,SESSAO EXTRAORDINARIA
62,1699,2024-11-27,SESSAO ORDINARIA
62,1700,2024-11-27,SESSAO EXTRAORDINARIA
62,1701,2024-11-28,SESSAO ORDINARIA
62,1709,2024-03-12,SESSAO EXTRAORDINARIA
62,1710,2024-03-12,SESSAO EXTRAORDINARIA
62,1711,2024-03-12,SESSAO ORDINARIA
62,1713,2025-02-11,ORDINARIA
62,1715,2025-02-12,ORDINARIA
62,1716,2025-02-13,ORDINARIA
62,1721,2025-02-20,ORDINARIA
62,1727,2025-02-27,ORDINARIA
62,1730,2025-03-06,ORDINARIA
62,1736,2025-03-12,ORDINARIA
62,1740,2025-03-18,EXTRAORDINARIA
62,1742,2025-03-18,EXTRAORDINARIA
62,1743,2025-03-18,EXTRAORDINARIA
62,1746,2025-03-20,ORDINARIA
62,1757,2025-03-27,ORDINARIA
62,1763,2025-04-03,ORDINARIA
62,1765,2025-04-03,ORDINARIA
62,1775,2025-04-10,ORDINARIA
62,1776,2025-04-10,ORDINARIA
62,1780,2025-04-15,ORDINARIA
62,1783,2025-04-16,ORDINARIA
62,1786,2025-04-23,ORDINARIA
62,1788,2025-04-24,ORDINARIA
62,1789,2025-04-24,ORDINARIA
62,1790,2025-04-29,ORDINARIA
62,1795,2025-05-06,EXTRAORDINARIA
62,1796,2025-05-07,ORDINARIA
62,1797,2025-05-13,EXTRAORDINARIA
62,1799,2025-05-08,ORDINARIA
62,1802,2025-05-13,ORDINARIA
62,1803,2025-05-20,EXTRAORDINARIA
62,1805,2025-05-14,ORDINARIA
62,1807,2025-05-27,EXTRAORDINARIA
62,1813,2025-05-20,ORDINARIA
62,1817,2025-05-21,ORDINARIA
62,1819,2025-05-22,ORDINARIA
62,1820,2025-05-27,ORDINARIA
62,1825,2025-05-27,EXTRAORDINARIA
62,1827,2025-05-28,ORDINARIA
62,1829,2025-05-29,ORDINARIA
62,1830,2025-05-29,ORDINARIA
62,1834,2025-06-17,EXTRAORDINARIA
62,1842,2025-06-10,ORDINARIA
62,1844,2025-06-11,ORDINARIA
62,1846,2025-06-12,ORDINARIA
62,1847,2025-06-12,ORDINARIA
62,1848,2025-06-17,ORDINARIA
62,1851,2025-06-17,EXTRAORDINARIA
62,1854,2025-06-18,ORDINARIA
62,1858,2025-06-24,EXTRAORDINARIA
62,1862,2025-06-25,ORDINARIA
62,1864,2025-06-26,ORDINARIA
62,1865,2025-06-26,ORDINARIA
62,1870,2025-08-05,ORDINARIA
62,1875,2025-08-07,ORDINARIA
62,1879,2025-08-12,ORDINARIA
62,1880,2025-08-12,EXTRAORDINARIA
62,1882,2025-08-13,ORDINARIA
62,1884,2025-08-14,ORDINARIA
62,1885,2025-08-14,ORDINARIA
62,1891,2025-08-19,ORDINARIA
62,1892,2025-08-19,EXTRAORDINARIA
62,1897,2025-08-21,SOLENE
62,1899,2025-08-22,SOLENE
62,1906,2025-08-28,ORDINARIA
62,1907,2025-08-28,ORDINARIA
62,1913,2025-09-03,ORDINARIA
62,1914,2025-09-04,ORDINARIA
62,1915,2025-09-04,ORDINARIA
62,1919,2025-09-11,ORDINARIA
62,1920,2025-09-11,ORDINARIA
62,1928,2025-09-16,EXTRAORDINARIA
62,1930,2025-09-17,ORDINARIA
62,1932,2025-09-18,ORDINARIA
62,1933,2025-09-18,ORDINARIA
62,1945,2025-09-25,ORDINARIA
62,1954,2025-10-01,ORDINARIA
62,1956,2025-10-02,ORDINARIA
62,1967,2025-10-09,ORDINARIA
62,1968,2025-10-09,ORDINARIA
62,1975,2025-10-15,EXTRAORDINARIA
62,1979,2025-10-16,ORDINARIA
62,1988,2025-10-22,ORDINARIA
62,1989,2025-11-04,EXTRAORDINARIA
62,1990,2025-10-23,ORDINARIA
62,1995,2025-10-30,ORDINARIA
62,2003,2025-11-05,ORDINARIA
62,2006,2025-11-06,ORDINARIA
62,2018,2025-11-12,ORDINARIA
62,2020,2025-11-13,ORDINARIA
62,2027,2025-11-18,ORDINARIA
62,2030,2025-11-19,ORDINARIA
62,2035,2025-11-26,EXTRAORDINARIA
62,2037,2025-11-26,ORDINARIA
62,2038,2025-11-26,EXTRAORDINARIA
62,2039,2025-11-27,ORDINARIA
62,2040,2025-11-27,ORDINARIA
62,2046,2025-12-02,EXTRAORDINARIA
62,2053,2025-12-04,ORDINARIA
62,2062,2025-12-10,EXTRAORDINARIA
62,2067,2025-12-23,EXTRAORDINARIA
62,2072,2026-02-05,ORDINARIA
62,2075,2026-02-10,EXTRAORDINARIA
62,2078,2026-02-11,ORDINARIA
62,2081,2026-02-12,ORDINARIA
62,2082,2026-02-19,ORDINARIA
62,2084,2026-02-24,ORDINARIA
62,2085,2026-02-25,ORDINARIA
62,2088,2026-02-26,ORDINARIA
62,2093,2026-03-04,ORDINARIA
62,2096,2026-03-05,SOLENE
62,2103,2026-04-01,ORDINARIA
62,2107,2026-04-08,EXTRAORDINARIA
62,2108,2026-04-08,ORDINARIA
62,2109,2026-04-09,ORDINARIA
62,2113,2026-04-14,EXTRAORDINARIA
62,2114,2026-04-15,ORDINARIA
62,2116,2026-04-16,ORDINARIA
62,2118,2026-04-22,ORDINARIA
62,2119,2026-04-23,ORDINARIA
62,2126,2026-03-17,ORDINARIA
62,2127,2026-03-18,ORDINARIA
62,2128,2026-03-25,EXTRAORDINARIA
62,2131,2026-03-19,ORDINARIA
62,2139,2026-03-25,EXTRAORDINARIA
62,2141,2026-03-26,ORDINARIA
62,2145,2026-04-30,ORDINARIA
62,2150,2026-05-06,ORDINARIA
62,2152,2026-05-07,ORDINARIA
62,2161,2026-05-13,ORDINARIA
62,2163,2026-05-14,ORDINARIA
62,2171,2026-03-10,ORDINARIA
62,2172,2026-03-17,EXTRAORDINARIA
62,2173,2026-03-11,ORDINARIA
62,2176,2026-03-12,ORDINARIA
62,2183,2026-05-19,EXTRAORDINARIA
62,2188,2026-05-21,ORDINARIA
62,2193,2026-05-28,ORDINARIA
62,2200,2026-06-03,ORDINARIA
62,2205,2026-06-11,ORDINARIA
62,2213,2026-06-23,ORDINARIA
62,2225,2026-08-04,ORDINARIA
62,2228,2026-08-05,ORDINARIA
62,2229,2026-08-06,ORDINARIA
62,2237,2026-06-17,ORDINARIA
62,2239,2026-06-18,ORDINARIA
62,2244,2026-08-12,ORDINARIA
62,2245,2026-08-13,ORDINARIA
62,2253,2026-08-19,ORDINARIA
62,2255,2026-08-20,ORDINARIA
62,2258,2026-08-25,ORDINARIA
63,4,2020-02-04,SESSAO ORDINARIA
63,5,2020-02-05,SESSAO ORDINARIA
63,6,2020-02-11,SESSAO ORDINARIA
63,7,2020-02-11,SESSAO EXTRAORDINARIA
63,8,2020-02-12,SESSAO ORDINARIA
63,9,2020-02-13,SESSAO ORDINARIA
63,10,2020-02-18,SESSAO ORDINARIA
63,11,2020-02-19,SESSAO ORDINARIA
63,12,2020-02-20,SESSAO ORDINARIA
63,13,2020-02-27,SESSAO ORDINARIA
63,14,2020-03-03,SESSAO ORDINARIA
63,15,2020-03-04,SESSAO ORDINARIA
63,16,2020-03-05,SESSAO ORDINARIA
63,17,2020-03-10,SESSAO ORDINARIA
63,18,2020-03-11,SESSAO ORDINARIA
63,19,2020-03-11,SESSAO EXTRAORDINARIA
63,20,2020-03-12,SESSAO ORDINARIA
63,21,2020-03-16,SESSAO EXTRAORDINARIA
63,22,2020-03-16,SESSAO EXTRAORDINARIA
63,23,2020-03-17,SESSAO ORDINARIA
63,24,2020-03-17,SESSAO EXTRAORDINARIA
63,25,2020-03-24,SESSAO EXTRAORDINARIA
63,26,2020-03-24,SESSAO EXTRAORDINARIA
63,27,2020-03-25,SESSAO EXTRAORDINARIA
63,28,2020-03-25,SESSAO EXTRAORDINARIA
63,29,2020-03-25,SESSAO EXTRAORDINARIA
63,30,2020-03-25,SESSAO EXTRAORDINARIA
63,31,2020-03-31,SESSAO EXTRAORDINARIA
63,32,2020-03-31,SESSAO EXTRAORDINARIA
63,33,2020-03-31,SESSAO EXTRAORDINARIA
63,34,2020-04-07,SESSAO EXTRAORDINARIA
63,35,2020-04-01,SESSAO EXTRAORDINARIA
63,36,2020-04-01,SESSAO EXTRAORDINARIA
63,37,2020-04-07,SESSAO EXTRAORDINARIA
63,38,2020-04-08,SESSAO EXTRAORDINARIA
63,39,2020-04-14,SESSAO EXTRAORDINARIA
63,40,2020-04-14,SESSAO EXTRAORDINARIA
63,41,2020-04-14,SESSAO EXTRAORDINARIA
63,42,2020-04-15,SESSAO EXTRAORDINARIA
63,43,2020-04-15,SESSAO EXTRAORDINARIA
63,44,2020-04-22,SESSAO EXTRAORDINARIA
63,45,2020-04-22,SESSAO EXTRAORDINARIA
63,46,2020-04-22,SESSAO EXTRAORDINARIA
63,47,2020-04-22,SESSAO EXTRAORDINARIA
63,48,2020-04-28,SESSAO EXTRAORDINARIA
63,49,2020-04-28,SESSAO EXTRAORDINARIA
63,50,2020-04-29,SESSAO EXTRAORDINARIA
63,51,2020-04-29,SESSAO EXTRAORDINARIA
63,52,2020-05-05,SESSAO EXTRAORDINARIA
63,53,2020-05-05,SESSAO EXTRAORDINARIA
63,54,2020-05-19,SESSAO EXTRAORDINARIA
63,55,2020-05-19,SESSAO EXTRAORDINARIA
63,56,2020-05-20,SESSAO EXTRAORDINARIA
63,57,2020-05-20,SESSAO EXTRAORDINARIA
63,58,2020-05-20,SESSAO EXTRAORDINARIA
63,59,2020-05-26,SESSAO EXTRAORDINARIA
63,60,2020-05-27,SESSAO EXTRAORDINARIA
63,61,2020-06-02,SESSAO EXTRAORDINARIA
63,62,2020-06-02,SESSAO EXTRAORDINARIA
63,63,2020-06-09,SESSAO EXTRAORDINARIA
63,64,2020-06-10,SESSAO EXTRAORDINARIA
63,65,2020-06-10,SESSAO EXTRAORDINARIA
63,66,2020-06-10,SESSAO EXTRAORDINARIA
63,67,2020-06-16,SESSAO EXTRAORDINARIA
63,68,2020-06-16,SESSAO EXTRAORDINARIA
63,69,2020-06-17,SESSAO EXTRAORDINARIA
63,70,2020-06-17,SESSAO EXTRAORDINARIA
63,71,2020-06-18,SESSAO EXTRAORDINARIA
63,72,2020-06-23,SESSAO EXTRAORDINARIA
63,73,2020-06-24,SESSAO EXTRAORDINARIA
63,74,2020-06-24,SESSAO EXTRAORDINARIA
63,75,2020-06-30,SESSAO EXTRAORDINARIA
63,76,2020-06-30,SESSAO EXTRAORDINARIA
63,77,2020-08-04,SESSAO EXTRAORDINARIA
63,78,2020-08-05,SESSAO EXTRAORDINARIA
63,79,2020-08-11,SESSAO EXTRAORDINARIA
63,80,2020-08-11,SESSAO EXTRAORDINARIA
63,81,2020-08-12,SESSAO EXTRAORDINARIA
63,82,2020-08-12,SESSAO EXTRAORDINARIA
63,83,2020-08-18,SESSAO EXTRAORDINARIA
63,84,2020-08-19,SESSAO EXTRAORDINARIA
63,85,2020-08-19,SESSAO EXTRAORDINARIA
63,86,2020-08-25,SESSAO EXTRAORDINARIA
63,87,2020-08-26,SESSAO EXTRAORDINARIA
63,88,2020-09-01,SESSAO EXTRAORDINARIA
63,89,2020-09-02,SESSAO EXTRAORDINARIA
63,90,2020-09-08,SESSAO EXTRAORDINARIA
63,91,2020-09-09,SESSAO EXTRAORDINARIA
63,92,2020-09-15,SESSAO EXTRAORDINARIA
63,93,2020-09-16,SESSAO EXTRAORDINARIA
63,94,2020-09-17,SESSAO EXTRAORDINARIA
63,95,2020-09-22,SESSAO EXTRAORDINARIA
63,96,2020-09-23,SESSAO EXTRAORDINARIA
63,97,2020-09-23,SESSAO EXTRAORDINARIA
63,98,2020-09-29,SESSAO EXTRAORDINARIA
63,99,2020-09-29,SESSAO EXTRAORDINARIA
63,100,2020-09-30,SESSAO EXTRAORDINARIA
63,101,2020-10-06,SESSAO EXTRAORDINARIA
63,102,2020-10-07,SESSAO EXTRAORDINARIA
63,103,2020-10-07,SESSAO EXTRAORDINARIA
63,104,2020-10-13,SESSAO EXTRAORDINARIA
63,105,2020-10-14,SESSAO EXTRAORDINARIA
63,106,2020-10-14,SESSAO EXTRAORDINARIA
63,107,2020-10-15,SESSAO EXTRAORDINARIA
63,108,2020-10-20,SESSAO EXTRAORDINARIA
63,109,2020-10-21,SESSAO EXTRAORDINARIA
63,110,2020-10-21,SESSAO EXTRAORDINARIA
63,111,2020-10-27,SESSAO EXTRAORDINARIA
63,112,2020-10-28,SESSAO EXTRAORDINARIA
63,113,2020-10-28,SESSAO EXTRAORDINARIA
63,114,2020-11-03,SESSAO EXTRAORDINARIA
63,115,2020-11-03,SESSAO EXTRAORDINARIA
63,116,2020-11-04,SESSAO EXTRAORDINARIA
63,117,2020-11-10,SESSAO EXTRAORDINARIA
63,118,2020-11-10,SESSAO EXTRAORDINARIA
63,119,2020-11-11,SESSAO EXTRAORDINARIA
63,120,2020-11-17,SESSAO EXTRAORDINARIA
63,121,2020-11-17,SESSAO EXTRAORDINARIA
63,122,2020-11-18,SESSAO EXTRAORDINARIA
63,123,2020-11-24,SESSAO EXTRAORDINARIA
63,124,2020-11-25,SESSAO EXTRAORDINARIA
63,125,2020-11-25,SESSAO EXTRAORDINARIA
63,126,2020-12-01,SESSAO EXTRAORDINARIA
63,127,2020-12-01,SESSAO EXTRAORDINARIA
63,128,2020-12-02,SESSAO EXTRAORDINARIA
63,129,2020-12-08,SESSAO EXTRAORDINARIA
63,130,2020-12-09,SESSAO EXTRAORDINARIA
63,131,2020-12-09,SESSAO EXTRAORDINARIA
63,132,2020-12-10,SESSAO EXTRAORDINARIA
63,133,2020-12-10,SESSAO EXTRAORDINARIA
63,134,2020-12-10,SESSAO EXTRAORDINARIA
63,135,2020-12-15,SESSAO EXTRAORDINARIA
63,136,2021-02-02,SESSAO PREPARATORIA
63,137,2021-02-03,SESSAO EXTRAORDINARIA
63,138,2021-02-09,SESSAO EXTRAORDINARIA
63,139,2021-02-10,SESSAO EXTRAORDINARIA
63,140,2021-02-23,SESSAO EXTRAORDINARIA
63,141,2021-02-23,SESSAO EXTRAORDINARIA
63,142,2021-02-24,SESSAO EXTRAORDINARIA
63,143,2021-03-02,SESSAO EXTRAORDINARIA
63,144,2021-03-03,SESSAO EXTRAORDINARIA
63,145,2021-03-09,SESSAO EXTRAORDINARIA
63,146,2021-03-09,SESSAO EXTRAORDINARIA
63,147,2021-03-10,SESSAO EXTRAORDINARIA
63,148,2021-03-16,SESSAO EXTRAORDINARIA
63,149,2021-03-17,SESSAO EXTRAORDINARIA
63,150,2021-03-23,SESSAO EXTRAORDINARIA
63,151,2021-03-24,SESSAO EXTRAORDINARIA
63,152,2021-03-30,SESSAO EXTRAORDINARIA
63,153,2021-03-30,SESSAO EXTRAORDINARIA
63,154,2021-03-31,SESSAO EXTRAORDINARIA
63,155,2021-04-06,SESSAO EXTRAORDINARIA
63,156,2021-04-06,SESSAO EXTRAORDINARIA
63,157,2021-04-07,SESSAO EXTRAORDINARIA
63,158,2021-04-13,SESSAO EXTRAORDINARIA
63,159,2021-04-14,SESSAO EXTRAORDINARIA
63,160,2021-04-14,SESSAO EXTRAORDINARIA
63,161,2021-04-20,SESSAO EXTRAORDINARIA
63,162,2021-04-27,SESSAO EXTRAORDINARIA
63,163,2021-04-27,SESSAO EXTRAORDINARIA
63,164,2021-04-27,SESSAO EXTRAORDINARIA
63,165,2021-04-28,SESSAO EXTRAORDINARIA
63,166,2021-05-04,SESSAO EXTRAORDINARIA
63,167,2021-05-05,SESSAO EXTRAORDINARIA
63,168,2021-05-11,SESSAO EXTRAORDINARIA
63,169,2021-05-11,SESSAO EXTRAORDINARIA
63,170,2021-05-12,SESSAO EXTRAORDINARIA
63,171,2021-05-18,SESSAO EXTRAORDINARIA
63,172,2021-05-19,SESSAO EXTRAORDINARIA
63,173,2021-05-19,SESSAO EXTRAORDINARIA
63,174,2021-05-25,SESSAO EXTRAORDINARIA
63,175,2021-05-25,SESSAO EXTRAORDINARIA
63,176,2021-05-26,SESSAO EXTRAORDINARIA
63,177,2021-06-01,SESSAO EXTRAORDINARIA
63,178,2021-06-02,SESSAO EXTRAORDINARIA
63,179,2021-06-08,SESSAO EXTRAORDINARIA
63,180,2021-06-08,SESSAO EXTRAORDINARIA
63,181,2021-06-09,SESSAO EXTRAORDINARIA
63,182,2021-06-15,SESSAO EXTRAORDINARIA
63,183,2021-06-15,SESSAO EXTRAORDINARIA
63,184,2021-06-16,SESSAO EXTRAORDINARIA
63,185,2021-06-22,SESSAO EXTRAORDINARIA
63,186,2021-06-23,SESSAO EXTRAORDINARIA
63,187,2021-06-23,SESSAO EXTRAORDINARIA
63,188,2021-06-29,SESSAO EXTRAORDINARIA
63,189,2021-06-29,SESSAO EXTRAORDINARIA
63,190,2021-08-03,SESSAO ORDINARIA
63,191,2022-02-01,SESSAO ORDINARIA
63,192,2021-08-04,SESSAO ORDINARIA
63,193,2021-08-04,SESSAO EXTRAORDINARIA
63,194,2021-08-05,SESSAO ORDINARIA
63,195,2021-08-05,SESSAO ORDINARIA
63,196,2021-08-10,SESSAO ORDINARIA
63,197,2021-08-10,SESSAO EXTRAORDINARIA
63,198,2021-08-11,SESSAO ORDINARIA
63,199,2021-08-12,SESSAO ORDINARIA
63,200,2021-08-17,SESSAO ORDINARIA
63,201,2021-08-17,SESSAO EXTRAORDINARIA
63,202,2021-08-17,SESSAO EXTRAORDINARIA
63,203,2021-08-18,SESSAO ORDINARIA
63,204,2021-08-19,SESSAO ORDINARIA
63,205,2021-08-24,SESSAO ORDINARIA
63,206,2021-08-25,SESSAO ORDINARIA
63,207,2021-08-26,SESSAO ORDINARIA
63,208,2021-08-31,SESSAO ORDINARIA
63,209,2021-08-31,SESSAO EXTRAORDINARIA
63,210,2021-08-31,SESSAO EXTRAORDINARIA
63,211,2021-09-01,SESSAO ORDINARIA
63,212,2021-09-02,SESSAO ORDINARIA
63,213,2021-09-08,SESSAO ORDINARIA
63,214,2021-09-09,SESSAO ORDINARIA
63,215,2021-09-14,SESSAO ORDINARIA
63,216,2021-09-15,SESSAO ORDINARIA
63,217,2021-09-15,SESSAO EXTRAORDINARIA
63,218,2021-09-16,SESSAO ORDINARIA
63,219,2021-09-21,SESSAO ORDINARIA
63,220,2021-09-21,SESSAO EXTRAORDINARIA
63,221,2021-09-22,SESSAO ORDINARIA
63,222,2021-09-23,SESSAO ORDINARIA
63,223,2021-09-28,SESSAO ORDINARIA
63,224,2021-09-29,SESSAO ORDINARIA
63,225,2021-09-30,SESSAO ORDINARIA
63,226,2021-10-05,SESSAO ORDINARIA
63,227,2021-10-05,SESSAO EXTRAORDINARIA
63,228,2021-10-06,SESSAO ORDINARIA
63,229,2021-10-06,SESSAO EXTRAORDINARIA
63,230,2021-10-06,SESSAO EXTRAORDINARIA
63,231,2021-10-07,SESSAO ORDINARIA
63,232,2021-10-13,SESSAO ORDINARIA
63,233,2021-10-14,SESSAO ORDINARIA
63,234,2021-10-19,SESSAO ORDINARIA
63,235,2021-10-20,SESSAO ORDINARIA
63,236,2021-10-20,SESSAO EXTRAORDINARIA
63,237,2021-10-21,SESSAO ORDINARIA
63,238,2021-10-26,SESSAO ORDINARIA
63,239,2021-10-27,SESSAO ORDINARIA
63,240,2021-10-28,SESSAO ORDINARIA
63,241,2021-11-03,SESSAO ORDINARIA
63,242,2021-11-03,SESSAO EXTRAORDINARIA
63,243,2021-11-03,SESSAO EXTRAORDINARIA
63,244,2021-11-04,SESSAO ORDINARIA
63,245,2021-11-09,SESSAO ORDINARIA
63,246,2021-11-09,SESSAO EXTRAORDINARIA
63,247,2021-11-10,SESSAO ORDINARIA
63,248,2021-11-10,SESSAO EXTRAORDINARIA
63,249,2021-11-11,SESSAO ORDINARIA
63,250,2021-11-16,SESSAO ORDINARIA
63,251,2021-11-17,SESSAO ORDINARIA
63,252,2021-11-18,SESSAO ORDINARIA
63,253,2021-11-23,SESSAO ORDINARIA
63,254,2021-11-23,SESSAO EXTRAORDINARIA
63,255,2021-11-24,SESSAO ORDINARIA
63,256,2021-11-25,SESSAO ORDINARIA
63,257,2021-12-01,SESSAO ORDINARIA
63,258,2021-12-01,SESSAO EXTRAORDINARIA
63,259,2021-12-02,SESSAO EXTRAORDINARIA
63,260,2021-12-02,SESSAO ORDINARIA
63,261,2021-12-07,SESSAO ORDINARIA
63,262,2021-12-07,SESSAO EXTRAORDINARIA
63,263,2021-12-08,SESSAO ORDINARIA
63,264,2021-12-08,SESSAO EXTRAORDINARIA
63,265,2021-12-09,SESSAO ORDINARIA
63,266,2021-12-09,SESSAO EXTRAORDINARIA
63,267,2021-12-14,SESSAO EXTRAORDINARIA
63,268,2021-12-14,SESSAO ORDINARIA
63,269,2021-12-14,SESSAO EXTRAORDINARIA
63,270,2021-12-14,SESSAO EXTRAORDINARIA
63,271,2021-12-14,SESSAO EXTRAORDINARIA
63,272,2021-12-15,SESSAO ORDINARIA
63,273,2022-02-02,SESSAO ORDINARIA
63,274,2022-02-03,SESSAO ORDINARIA
63,275,2022-02-08,SESSAO ORDINARIA
63,276,2022-02-08,SESSAO EXTRAORDINARIA
63,277,2022-02-08,SESSAO EXTRAORDINARIA
63,278,2022-02-09,SESSAO ORDINARIA
63,279,2022-02-10,SESSAO ORDINARIA
63,280,2022-02-15,SESSAO ORDINARIA
63,281,2022-02-15,SESSAO EXTRAORDINARIA
63,282,2022-02-16,SESSAO ORDINARIA
63,283,2022-02-16,SESSAO EXTRAORDINARIA
63,284,2022-02-17,SESSAO ORDINARIA
63,285,2022-02-22,SESSAO ORDINARIA
63,286,2022-02-22,SESSAO EXTRAORDINARIA
63,287,2022-02-23,SESSAO ORDINARIA
63,288,2022-03-08,SESSAO EXTRAORDINARIA
63,289,2022-02-24,SESSAO ORDINARIA
63,290,2022-03-03,SESSAO ORDINARIA
63,291,2022-03-08,SESSAO ORDINARIA
63,292,2022-03-09,SESSAO ORDINARIA
63,293,2022-03-09,SESSAO EXTRAORDINARIA
63,294,2022-03-10,SESSAO ORDINARIA
63,295,2022-03-15,SESSAO EXTRAORDINARIA
63,296,2022-03-23,SESSAO EXTRAORDINARIA
63,297,2022-03-15,SESSAO ORDINARIA
63,298,2022-03-16,SESSAO ORDINARIA
63,299,2022-03-17,SESSAO ORDINARIA
63,300,2022-03-22,SESSAO ORDINARIA
63,301,2022-03-23,SESSAO ORDINARIA
63,302,2022-03-29,SESSAO EXTRAORDINARIA
63,303,2022-03-24,SESSAO ORDINARIA
63,304,2022-03-29,SESSAO ORDINARIA
63,305,2022-03-30,SESSAO ORDINARIA
63,306,2022-03-30,SESSAO EXTRAORDINARIA
63,307,2022-03-31,SESSAO EXTRAORDINARIA
63,308,2022-03-31,SESSAO ORDINARIA
63,309,2022-03-31,SESSAO EXTRAORDINARIA
63,310,2022-03-31,SESSAO EXTRAORDINARIA
63,311,2022-03-31,SESSAO EXTRAORDINARIA
63,312,2022-04-05,SESSAO ORDINARIA
63,313,2022-04-12,SESSAO EXTRAORDINARIA
63,314,2022-04-06,SESSAO ORDINARIA
63,315,2022-04-12,SESSAO EXTRAORDINARIA
63,316,2022-05-10,SESSAO EXTRAORDINARIA
63,317,2022-04-07,SESSAO ORDINARIA
63,318,2022-04-12,SESSAO ORDINARIA
63,319,2022-04-13,SESSAO ORDINARIA
63,320,2022-04-19,SESSAO ORDINARIA
63,321,2022-04-20,SESSAO ORDINARIA
63,322,2022-04-26,SESSAO ORDINARIA
63,323,2022-04-27,SESSAO ORDINARIA
63,324,2022-04-28,SESSAO ORDINARIA
63,325,2022-05-03,SESSAO ORDINARIA
63,326,2022-05-04,SESSAO ORDINARIA
63,327,2022-05-05,SESSAO ORDINARIA
63,328,2022-05-10,SESSAO ORDINARIA
63,329,2022-05-11,SESSAO ORDINARIA
63,330,2022-05-17,SESSAO EXTRAORDINARIA
63,331,2022-05-12,SESSAO ORDINARIA
63,332,2022-06-07,SESSAO EXTRAORDINARIA
63,333,2022-05-12,SESSAO ORDINARIA
63,334,2022-05-17,SESSAO ORDINARIA
63,335,2022-05-18,SESSAO ORDINARIA
63,336,2022-05-19,SESSAO ORDINARIA
63,337,2022-05-24,SESSAO ORDINARIA
63,338,2022-05-25,SESSAO ORDINARIA
63,339,2022-05-26,SESSAO ORDINARIA
63,340,2022-05-31,SESSAO ORDINARIA
63,341,2022-06-01,SESSAO ORDINARIA
63,342,2022-06-02,SESSAO ORDINARIA
63,343,2022-06-07,SESSAO ORDINARIA
63,344,2022-06-08,SESSAO ORDINARIA
63,345,2022-06-21,SESSAO EXTRAORDINARIA
63,346,2022-06-09,SESSAO ORDINARIA
63,347,2022-06-14,SESSAO ORDINARIA
63,348,2022-06-15,SESSAO ORDINARIA
63,349,2022-06-21,SESSAO ORDINARIA
63,350,2022-06-22,SESSAO ORDINARIA
63,351,2022-06-23,SESSAO ORDINARIA
63,352,2022-06-28,SESSAO ORDINARIA
63,353,2022-06-29,SESSAO EXTRAORDINARIA
63,354,2022-06-29,SESSAO ORDINARIA
63,355,2022-06-29,SESSAO EXTRAORDINARIA
63,356,2022-06-30,SESSAO ORDINARIA
63,357,2022-08-02,SESSAO ORDINARIA
63,358,2022-08-30,SESSAO EXTRAORDINARIA
63,359,2022-08-03,SESSAO ORDINARIA
63,360,2022-08-04,SESSAO ORDINARIA
63,361,2022-08-09,SESSAO ORDINARIA
63,362,2022-08-10,SESSAO ORDINARIA
63,363,2022-08-11,SESSAO ORDINARIA
63,364,2022-08-16,SESSAO ORDINARIA
63,365,2022-08-17,SESSAO ORDINARIA
63,366,2022-08-18,SESSAO ORDINARIA
63,367,2022-08-23,SESSAO ORDINARIA
63,368,2022-08-24,SESSAO ORDINARIA
63,369,2022-08-25,SESSAO ORDINARIA
63,370,2022-08-30,SESSAO ORDINARIA
63,371,2022-08-31,SESSAO ORDINARIA
63,372,2022-09-13,SESSAO EXTRAORDINARIA
63,373,2022-09-01,SESSAO ORDINARIA
63,374,2022-09-08,SESSAO ORDINARIA
63,375,2022-09-13,SESSAO ORDINARIA
63,376,2022-09-14,SESSAO ORDINARIA
63,377,2022-09-15,SESSAO ORDINARIA
63,378,2022-09-20,SESSAO ORDINARIA
63,379,2022-10-25,SESSAO EXTRAORDINARIA
63,380,2022-09-21,SESSAO ORDINARIA
63,381,2022-09-22,SESSAO ORDINARIA
63,382,2022-09-27,SESSAO ORDINARIA
63,383,2022-09-28,SESSAO ORDINARIA
63,384,2022-09-29,SESSAO ORDINARIA
63,385,2022-10-04,SESSAO ORDINARIA
63,386,2022-10-05,SESSAO ORDINARIA
63,387,2022-10-06,SESSAO ORDINARIA
63,388,2022-10-11,SESSAO ORDINARIA
63,389,2022-10-13,SESSAO ORDINARIA
63,390,2022-10-18,SESSAO ORDINARIA
63,391,2022-10-19,SESSAO ORDINARIA
63,392,2022-10-20,SESSAO ORDINARIA
63,393,2022-10-25,SESSAO ORDINARIA
63,394,2022-10-25,SESSAO EXTRAORDINARIA
63,395,2022-10-26,SESSAO ORDINARIA
63,396,2022-10-27,SESSAO ORDINARIA
63,397,2022-11-03,SESSAO ORDINARIA
63,398,2022-11-08,SESSAO ORDINARIA
63,399,2022-11-08,SESSAO EXTRAORDINARIA
63,400,2022-11-09,SESSAO ORDINARIA
63,401,2022-11-22,SESSAO EXTRAORDINARIA
63,402,2022-11-10,SESSAO ORDINARIA
63,403,2022-12-06,SESSAO EXTRAORDINARIA
63,404,2022-11-16,SESSAO ORDINARIA
63,405,2022-11-17,SESSAO ORDINARIA
63,406,2022-11-22,SESSAO ORDINARIA
63,407,2022-11-23,SESSAO ORDINARIA
63,408,2022-11-29,SESSAO ORDINARIA
63,409,2022-12-01,SESSAO ORDINARIA
63,410,2022-12-06,SESSAO ORDINARIA
63,411,2022-12-07,SESSAO ORDINARIA
63,412,2022-12-07,SESSAO EXTRAORDINARIA
63,413,2022-12-08,SESSAO ORDINARIA
63,414,2022-12-13,SESSAO ORDINARIA
63,415,2022-12-13,SESSAO EXTRAORDINARIA
63,416,2022-12-14,SESSAO ORDINARIA
63,417,2022-12-15,SESSAO ORDINARIA
63,422,2023-02-14,SESSAO EXTRAORDINARIA
63,462,2023-05-09,SESSAO EXTRAORDINARIA
63,465,2023-05-11,SESSAO ORDINARIA
63,479,2023-06-13,SESSAO ORDINARIA
63,522,2023-10-11,SESSAO ORDINARIA
63,545,2023-11-28,SESSAO EXTRAORDINARIA
63,597,2024-04-11,SESSAO ORDINARIA
63,598,2024-04-23,SESSAO EXTRAORDINARIA
63,599,2024-05-07,SESSAO EXTRAORDINARIA
63,605,2024-05-21,SESSAO EXTRAORDINARIA
63,614,2024-05-16,SESSAO ORDINARIA
63,626,2024-06-06,SESSAO ORDINARIA
63,637,2024-08-01,SESSAO ORDINARIA
63,643,2024-08-08,SESSAO ORDINARIA
63,664,2024-09-24,SESSAO EXTRAORDINARIA
63,667,2024-09-26,SESSAO ORDINARIA
63,679,2024-10-17,SESSAO ORDINARIA
63,683,2024-10-24,SESSAO ORDINARIA
63,687,2024-10-30,SESSAO EXTRAORDINARIA
63,688,2024-10-31,SESSAO ORDINARIA
63,692,2024-11-07,SESSAO ORDINARIA
63,1700,2024-11-27,SESSAO EXTRAORDINARIA
63,1701,2024-11-28,SESSAO ORDINARIA
63,1716,2025-02-13,ORDINARIA
63,1721,2025-02-20,ORDINARIA
63,1727,2025-02-27,ORDINARIA
63,1730,2025-03-06,ORDINARIA
63,1740,2025-03-18,EXTRAORDINARIA
63,1757,2025-03-27,ORDINARIA
63,1763,2025-04-03,ORDINARIA
63,1775,2025-04-10,ORDINARIA
63,1776,2025-04-10,ORDINARIA
63,1788,2025-04-24,ORDINARIA
63,1789,2025-04-24,ORDINARIA
63,1792,2025-04-30,ORDINARIA
63,1795,2025-05-06,EXTRAORDINARIA
63,1798,2025-05-08,ORDINARIA
63,1799,2025-05-08,ORDINARIA
63,1817,2025-05-21,ORDINARIA
63,1819,2025-05-22,ORDINARIA
63,1829,2025-05-29,ORDINARIA
63,1830,2025-05-29,ORDINARIA
63,1842,2025-06-10,ORDINARIA
63,1846,2025-06-12,ORDINARIA
63,1847,2025-06-12,ORDINARIA
63,1851,2025-06-17,EXTRAORDINARIA
63,1864,2025-06-26,ORDINARIA
63,1865,2025-06-26,ORDINARIA
63,1875,2025-08-07,ORDINARIA
63,1876,2025-08-07,EXTRAORDINARIA
63,1884,2025-08-14,ORDINARIA
63,1897,2025-08-21,SOLENE
63,1899,2025-08-22,SOLENE
63,1905,2025-09-09,EXTRAORDINARIA
63,1906,2025-08-28,ORDINARIA
63,1914,2025-09-04,ORDINARIA
63,1915,2025-09-04,ORDINARIA
63,1919,2025-09-11,ORDINARIA
63,1932,2025-09-18,ORDINARIA
63,1933,2025-09-18,ORDINARIA
63,1944,2025-09-25,ORDINARIA
63,1945,2025-09-25,ORDINARIA
63,1954,2025-10-01,ORDINARIA
63,1956,2025-10-02,ORDINARIA
63,1967,2025-10-09,ORDINARIA
63,1968,2025-10-09,ORDINARIA
63,1979,2025-10-16,ORDINARIA
63,1990,2025-10-23,ORDINARIA
63,1994,2025-10-30,ORDINARIA
63,2006,2025-11-06,ORDINARIA
63,2020,2025-11-13,ORDINARIA
63,2039,2025-11-27,ORDINARIA
63,2053,2025-12-04,ORDINARIA
63,2065,2025-12-15,ORDINARIA
63,2072,2026-02-05,ORDINARIA
63,2101,2026-03-31,EXTRAORDINARIA
63,2102,2026-03-31,EXTRAORDINARIA
63,2109,2026-04-09,ORDINARIA
63,2112,2026-04-14,ORDINARIA
63,2113,2026-04-14,EXTRAORDINARIA
63,2114,2026-04-15,ORDINARIA
63,2116,2026-04-16,ORDINARIA
63,2119,2026-04-23,ORDINARIA
63,2152,2026-05-07,ORDINARIA
63,2163,2026-05-14,ORDINARIA
63,2176,2026-03-12,ORDINARIA
63,2188,2026-05-21,ORDINARIA
63,2193,2026-05-28,ORDINARIA
63,2205,2026-06-11,ORDINARIA
63,2234,2026-06-16,EXTRAORDINARIA
63,2239,2026-06-18,ORDINARIA
63,2245,2026-08-13,ORDINARIA
63,2255,2026-08-20,ORDINARIA
64,4,2020-02-04,SESSAO ORDINARIA
64,5,2020-02-05,SESSAO ORDINARIA
64,6,2020-02-11,SESSAO ORDINARIA
64,7,2020-02-11,SESSAO EXTRAORDINARIA
64,8,2020-02-12,SESSAO ORDINARIA
64,9,2020-02-13,SESSAO ORDINARIA
64,10,2020-02-18,SESSAO ORDINARIA
64,11,2020-02-19,SESSAO ORDINARIA
64,12,2020-02-20,SESSAO ORDINARIA
64,13,2020-02-27,SESSAO ORDINARIA
64,14,2020-03-03,SESSAO ORDINARIA
64,15,2020-03-04,SESSAO ORDINARIA
64,16,2020-03-05,SESSAO ORDINARIA
64,17,2020-03-10,SESSAO ORDINARIA
64,18,2020-03-11,SESSAO ORDINARIA
64,19,2020-03-11,SESSAO EXTRAORDINARIA
64,20,2020-03-12,SESSAO ORDINARIA
64,21,2020-03-16,SESSAO EXTRAORDINARIA
64,22,2020-03-16,SESSAO EXTRAORDINARIA
64,23,2020-03-17,SESSAO ORDINARIA
64,24,2020-03-17,SESSAO EXTRAORDINARIA
64,25,2020-03-24,SESSAO EXTRAORDINARIA
64,26,2020-03-24,SESSAO EXTRAORDINARIA
64,27,2020-03-25,SESSAO EXTRAORDINARIA
64,28,2020-03-25,SESSAO EXTRAORDINARIA
64,29,2020-03-25,SESSAO EXTRAORDINARIA
64,30,2020-03-25,SESSAO EXTRAORDINARIA
64,31,2020-03-31,SESSAO EXTRAORDINARIA
64,32,2020-03-31,SESSAO EXTRAORDINARIA
64,33,2020-03-31,SESSAO EXTRAORDINARIA
64,34,2020-04-07,SESSAO EXTRAORDINARIA
64,35,2020-04-01,SESSAO EXTRAORDINARIA
64,36,2020-04-01,SESSAO EXTRAORDINARIA
64,37,2020-04-07,SESSAO EXTRAORDINARIA
64,38,2020-04-08,SESSAO EXTRAORDINARIA
64,39,2020-04-14,SESSAO EXTRAORDINARIA
64,40,2020-04-14,SESSAO EXTRAORDINARIA
64,41,2020-04-14,SESSAO EXTRAORDINARIA
64,42,2020-04-15,SESSAO EXTRAORDINARIA
64,43,2020-04-15,SESSAO EXTRAORDINARIA
64,44,2020-04-22,SESSAO EXTRAORDINARIA
64,45,2020-04-22,SESSAO EXTRAORDINARIA
64,46,2020-04-22,SESSAO EXTRAORDINARIA
64,47,2020-04-22,SESSAO EXTRAORDINARIA
64,48,2020-04-28,SESSAO EXTRAORDINARIA
64,49,2020-04-28,SESSAO EXTRAORDINARIA
64,50,2020-04-29,SESSAO EXTRAORDINARIA
64,51,2020-04-29,SESSAO EXTRAORDINARIA
64,52,2020-05-05,SESSAO EXTRAORDINARIA
64,53,2020-05-05,SESSAO EXTRAORDINARIA
64,54,2020-05-19,SESSAO EXTRAORDINARIA
64,55,2020-05-19,SESSAO EXTRAORDINARIA
64,56,2020-05-20,SESSAO EXTRAORDINARIA
64,57,2020-05-20,SESSAO EXTRAORDINARIA
64,58,2020-05-20,SESSAO EXTRAORDINARIA
64,59,2020-05-26,SESSAO EXTRAORDINARIA
64,60,2020-05-27,SESSAO EXTRAORDINARIA
64,61,2020-06-02,SESSAO EXTRAORDINARIA
64,62,2020-06-02,SESSAO EXTRAORDINARIA
64,63,2020-06-09,SESSAO EXTRAORDINARIA
64,64,2020-06-10,SESSAO EXTRAORDINARIA
64,65,2020-06-10,SESSAO EXTRAORDINARIA
64,66,2020-06-10,SESSAO EXTRAORDINARIA
64,67,2020-06-16,SESSAO EXTRAORDINARIA
64,68,2020-06-16,SESSAO EXTRAORDINARIA
64,69,2020-06-17,SESSAO EXTRAORDINARIA
64,70,2020-06-17,SESSAO EXTRAORDINARIA
64,71,2020-06-18,SESSAO EXTRAORDINARIA
64,72,2020-06-23,SESSAO EXTRAORDINARIA
64,73,2020-06-24,SESSAO EXTRAORDINARIA
64,74,2020-06-24,SESSAO EXTRAORDINARIA
64,75,2020-06-30,SESSAO EXTRAORDINARIA
64,76,2020-06-30,SESSAO EXTRAORDINARIA
64,77,2020-08-04,SESSAO EXTRAORDINARIA
64,78,2020-08-05,SESSAO EXTRAORDINARIA
64,79,2020-08-11,SESSAO EXTRAORDINARIA
64,80,2020-08-11,SESSAO EXTRAORDINARIA
64,81,2020-08-12,SESSAO EXTRAORDINARIA
64,82,2020-08-12,SESSAO EXTRAORDINARIA
64,83,2020-08-18,SESSAO EXTRAORDINARIA
64,84,2020-08-19,SESSAO EXTRAORDINARIA
64,85,2020-08-19,SESSAO EXTRAORDINARIA
64,86,2020-08-25,SESSAO EXTRAORDINARIA
64,87,2020-08-26,SESSAO EXTRAORDINARIA
64,88,2020-09-01,SESSAO EXTRAORDINARIA
64,89,2020-09-02,SESSAO EXTRAORDINARIA
64,90,2020-09-08,SESSAO EXTRAORDINARIA
64,91,2020-09-09,SESSAO EXTRAORDINARIA
64,92,2020-09-15,SESSAO EXTRAORDINARIA
64,93,2020-09-16,SESSAO EXTRAORDINARIA
64,94,2020-09-17,SESSAO EXTRAORDINARIA
64,95,2020-09-22,SESSAO EXTRAORDINARIA
64,96,2020-09-23,SESSAO EXTRAORDINARIA
64,97,2020-09-23,SESSAO EXTRAORDINARIA
64,98,2020-09-29,SESSAO EXTRAORDINARIA
64,99,2020-09-29,SESSAO EXTRAORDINARIA
64,100,2020-09-30,SESSAO EXTRAORDINARIA
64,101,2020-10-06,SESSAO EXTRAORDINARIA
64,102,2020-10-07,SESSAO EXTRAORDINARIA
64,103,2020-10-07,SESSAO EXTRAORDINARIA
64,104,2020-10-13,SESSAO EXTRAORDINARIA
64,105,2020-10-14,SESSAO EXTRAORDINARIA
64,106,2020-10-14,SESSAO EXTRAORDINARIA
64,107,2020-10-15,SESSAO EXTRAORDINARIA
64,108,2020-10-20,SESSAO EXTRAORDINARIA
64,109,2020-10-21,SESSAO EXTRAORDINARIA
64,110,2020-10-21,SESSAO EXTRAORDINARIA
64,111,2020-10-27,SESSAO EXTRAORDINARIA
64,112,2020-10-28,SESSAO EXTRAORDINARIA
64,113,2020-10-28,SESSAO EXTRAORDINARIA
64,114,2020-11-03,SESSAO EXTRAORDINARIA
64,115,2020-11-03,SESSAO EXTRAORDINARIA
64,116,2020-11-04,SESSAO EXTRAORDINARIA
64,117,2020-11-10,SESSAO EXTRAORDINARIA
64,118,2020-11-10,SESSAO EXTRAORDINARIA
64,119,2020-11-11,SESSAO EXTRAORDINARIA
64,120,2020-11-17,SESSAO EXTRAORDINARIA
64,121,2020-11-17,SESSAO EXTRAORDINARIA
64,122,2020-11-18,SESSAO EXTRAORDINARIA
64,123,2020-11-24,SESSAO EXTRAORDINARIA
64,124,2020-11-25,SESSAO EXTRAORDINARIA
64,125,2020-11-25,SESSAO EXTRAORDINARIA
64,126,2020-12-01,SESSAO EXTRAORDINARIA
64,127,2020-12-01,SESSAO EXTRAORDINARIA
64,128,2020-12-02,SESSAO EXTRAORDINARIA
64,129,2020-12-08,SESSAO EXTRAORDINARIA
64,130,2020-12-09,SESSAO EXTRAORDINARIA
64,131,2020-12-09,SESSAO EXTRAORDINARIA
64,132,2020-12-10,SESSAO EXTRAORDINARIA
64,133,2020-12-10,SESSAO EXTRAORDINARIA
64,134,2020-12-10,SESSAO EXTRAORDINARIA
64,135,2020-12-15,SESSAO EXTRAORDINARIA
64,136,2021-02-02,SESSAO PREPARATORIA
64,137,2021-02-03,SESSAO EXTRAORDINARIA
64,138,2021-02-09,SESSAO EXTRAORDINARIA
64,139,2021-02-10,SESSAO EXTRAORDINARIA
64,140,2021-02-23,SESSAO EXTRAORDINARIA
64,141,2021-02-23,SESSAO EXTRAORDINARIA
64,142,2021-02-24,SESSAO EXTRAORDINARIA
64,143,2021-03-02,SESSAO EXTRAORDINARIA
64,144,2021-03-03,SESSAO EXTRAORDINARIA
64,145,2021-03-09,SESSAO EXTRAORDINARIA
64,146,2021-03-09,SESSAO EXTRAORDINARIA
64,147,2021-03-10,SESSAO EXTRAORDINARIA
64,148,2021-03-16,SESSAO EXTRAORDINARIA
64,149,2021-03-17,SESSAO EXTRAORDINARIA
64,150,2021-03-23,SESSAO EXTRAORDINARIA
64,151,2021-03-24,SESSAO EXTRAORDINARIA
64,152,2021-03-30,SESSAO EXTRAORDINARIA
64,153,2021-03-30,SESSAO EXTRAORDINARIA
64,154,2021-03-31,SESSAO EXTRAORDINARIA
64,155,2021-04-06,SESSAO EXTRAORDINARIA
64,156,2021-04-06,SESSAO EXTRAORDINARIA
64,157,2021-04-07,SESSAO EXTRAORDINARIA
64,158,2021-04-13,SESSAO EXTRAORDINARIA
64,159,2021-04-14,SESSAO EXTRAORDINARIA
64,160,2021-04-14,SESSAO EXTRAORDINARIA
64,161,2021-04-20,SESSAO EXTRAORDINARIA
64,162,2021-04-27,SESSAO EXTRAORDINARIA
64,163,2021-04-27,SESSAO EXTRAORDINARIA
64,164,2021-04-27,SESSAO EXTRAORDINARIA
64,165,2021-04-28,SESSAO EXTRAORDINARIA
64,166,2021-05-04,SESSAO EXTRAORDINARIA
64,167,2021-05-05,SESSAO EXTRAORDINARIA
64,168,2021-05-11,SESSAO EXTRAORDINARIA
64,169,2021-05-11,SESSAO EXTRAORDINARIA
64,170,2021-05-12,SESSAO EXTRAORDINARIA
64,171,2021-05-18,SESSAO EXTRAORDINARIA
64,172,2021-05-19,SESSAO EXTRAORDINARIA
64,173,2021-05-19,SESSAO EXTRAORDINARIA
64,174,2021-05-25,SESSAO EXTRAORDINARIA
64,175,2021-05-25,SESSAO EXTRAORDINARIA
64,176,2021-05-26,SESSAO EXTRAORDINARIA
64,177,2021-06-01,SESSAO EXTRAORDINARIA
64,178,2021-06-02,SESSAO EXTRAORDINARIA
64,179,2021-06-08,SESSAO EXTRAORDINARIA
64,180,2021-06-08,SESSAO EXTRAORDINARIA
64,181,2021-06-09,SESSAO EXTRAORDINARIA
64,182,2021-06-15,SESSAO EXTRAORDINARIA
64,183,2021-06-15,SESSAO EXTRAORDINARIA
64,184,2021-06-16,SESSAO EXTRAORDINARIA
64,185,2021-06-22,SESSAO EXTRAORDINARIA
64,186,2021-06-23,SESSAO EXTRAORDINARIA
64,187,2021-06-23,SESSAO EXTRAORDINARIA
64,188,2021-06-29,SESSAO EXTRAORDINARIA
64,189,2021-06-29,SESSAO EXTRAORDINARIA
64,190,2021-08-03,SESSAO ORDINARIA
64,191,2022-02-01,SESSAO ORDINARIA
64,192,2021-08-04,SESSAO ORDINARIA
64,193,2021-08-04,SESSAO EXTRAORDINARIA
64,194,2021-08-05,SESSAO ORDINARIA
64,195,2021-08-05,SESSAO ORDINARIA
64,196,2021-08-10,SESSAO ORDINARIA
64,197,2021-08-10,SESSAO EXTRAORDINARIA
64,198,2021-08-11,SESSAO ORDINARIA
64,199,2021-08-12,SESSAO ORDINARIA
64,200,2021-08-17,SESSAO ORDINARIA
64,201,2021-08-17,SESSAO EXTRAORDINARIA
64,202,2021-08-17,SESSAO EXTRAORDINARIA
64,203,2021-08-18,SESSAO ORDINARIA
64,204,2021-08-19,SESSAO ORDINARIA
64,205,2021-08-24,SESSAO ORDINARIA
64,206,2021-08-25,SESSAO ORDINARIA
64,207,2021-08-26,SESSAO ORDINARIA
64,208,2021-08-31,SESSAO ORDINARIA
64,209,2021-08-31,SESSAO EXTRAORDINARIA
64,210,2021-08-31,SESSAO EXTRAORDINARIA
64,211,2021-09-01,SESSAO ORDINARIA
64,212,2021-09-02,SESSAO ORDINARIA
64,213,2021-09-08,SESSAO ORDINARIA
64,214,2021-09-09,SESSAO ORDINARIA
64,215,2021-09-14,SESSAO ORDINARIA
64,216,2021-09-15,SESSAO ORDINARIA
64,217,2021-09-15,SESSAO EXTRAORDINARIA
64,218,2021-09-16,SESSAO ORDINARIA
64,219,2021-09-21,SESSAO ORDINARIA
64,220,2021-09-21,SESSAO EXTRAORDINARIA
64,221,2021-09-22,SESSAO ORDINARIA
64,222,2021-09-23,SESSAO ORDINARIA
64,223,2021-09-28,SESSAO ORDINARIA
64,224,2021-09-29,SESSAO ORDINARIA
64,225,2021-09-30,SESSAO ORDINARIA
64,226,2021-10-05,SESSAO ORDINARIA
64,227,2021-10-05,SESSAO EXTRAORDINARIA
64,228,2021-10-06,SESSAO ORDINARIA
64,229,2021-10-06,SESSAO EXTRAORDINARIA
64,230,2021-10-06,SESSAO EXTRAORDINARIA
64,231,2021-10-07,SESSAO ORDINARIA
64,232,2021-10-13,SESSAO ORDINARIA
64,233,2021-10-14,SESSAO ORDINARIA
64,234,2021-10-19,SESSAO ORDINARIA
64,235,2021-10-20,SESSAO ORDINARIA
64,236,2021-10-20,SESSAO EXTRAORDINARIA
64,237,2021-10-21,SESSAO ORDINARIA
64,238,2021-10-26,SESSAO ORDINARIA
64,239,2021-10-27,SESSAO ORDINARIA
64,240,2021-10-28,SESSAO ORDINARIA
64,241,2021-11-03,SESSAO ORDINARIA
64,242,2021-11-03,SESSAO EXTRAORDINARIA
64,243,2021-11-03,SESSAO EXTRAORDINARIA
64,244,2021-11-04,SESSAO ORDINARIA
64,245,2021-11-09,SESSAO ORDINARIA
64,246,2021-11-09,SESSAO EXTRAORDINARIA
64,247,2021-11-10,SESSAO ORDINARIA
64,248,2021-11-10,SESSAO EXTRAORDINARIA
64,249,2021-11-11,SESSAO ORDINARIA
64,250,2021-11-16,SESSAO ORDINARIA
64,251,2021-11-17,SESSAO ORDINARIA
64,252,2021-11-18,SESSAO ORDINARIA
64,253,2021-11-23,SESSAO ORDINARIA
64,254,2021-11-23,SESSAO EXTRAORDINARIA
64,255,2021-11-24,SESSAO ORDINARIA
64,256,2021-11-25,SESSAO ORDINARIA
64,257,2021-12-01,SESSAO ORDINARIA
64,258,2021-12-01,SESSAO EXTRAORDINARIA
64,259,2021-12-02,SESSAO EXTRAORDINARIA
64,260,2021-12-02,SESSAO ORDINARIA
64,261,2021-12-07,SESSAO ORDINARIA
64,262,2021-12-07,SESSAO EXTRAORDINARIA
64,263,2021-12-08,SESSAO ORDINARIA
64,264,2021-12-08,SESSAO EXTRAORDINARIA
64,265,2021-12-09,SESSAO ORDINARIA
64,266,2021-12-09,SESSAO EXTRAORDINARIA
64,267,2021-12-14,SESSAO EXTRAORDINARIA
64,268,2021-12-14,SESSAO ORDINARIA
64,269,2021-12-14,SESSAO EXTRAORDINARIA
64,270,2021-12-14,SESSAO EXTRAORDINARIA
64,271,2021-12-14,SESSAO EXTRAORDINARIA
64,272,2021-12-15,SESSAO ORDINARIA
64,273,2022-02-02,SESSAO ORDINARIA
64,274,2022-02-03,SESSAO ORDINARIA
64,275,2022-02-08,SESSAO ORDINARIA
64,276,2022-02-08,SESSAO EXTRAORDINARIA
64,277,2022-02-08,SESSAO EXTRAORDINARIA
64,278,2022-02-09,SESSAO ORDINARIA
64,279,2022-02-10,SESSAO ORDINARIA
64,280,2022-02-15,SESSAO ORDINARIA
64,281,2022-02-15,SESSAO EXTRAORDINARIA
64,282,2022-02-16,SESSAO ORDINARIA
64,283,2022-02-16,SESSAO EXTRAORDINARIA
64,284,2022-02-17,SESSAO ORDINARIA
64,285,2022-02-22,SESSAO ORDINARIA
64,286,2022-02-22,SESSAO EXTRAORDINARIA
64,287,2022-02-23,SESSAO ORDINARIA
64,288,2022-03-08,SESSAO EXTRAORDINARIA
64,289,2022-02-24,SESSAO ORDINARIA
64,290,2022-03-03,SESSAO ORDINARIA
64,291,2022-03-08,SESSAO ORDINARIA
64,292,2022-03-09,SESSAO ORDINARIA
64,293,2022-03-09,SESSAO EXTRAORDINARIA
64,294,2022-03-10,SESSAO ORDINARIA
64,295,2022-03-15,SESSAO EXTRAORDINARIA
64,296,2022-03-23,SESSAO EXTRAORDINARIA
64,297,2022-03-15,SESSAO ORDINARIA
64,298,2022-03-16,SESSAO ORDINARIA
64,299,2022-03-17,SESSAO ORDINARIA
64,300,2022-03-22,SESSAO ORDINARIA
64,301,2022-03-23,SESSAO ORDINARIA
64,302,2022-03-29,SESSAO EXTRAORDINARIA
64,303,2022-03-24,SESSAO ORDINARIA
64,304,2022-03-29,SESSAO ORDINARIA
64,305,2022-03-30,SESSAO ORDINARIA
64,306,2022-03-30,SESSAO EXTRAORDINARIA
64,307,2022-03-31,SESSAO EXTRAORDINARIA
64,308,2022-03-31,SESSAO ORDINARIA
64,309,2022-03-31,SESSAO EXTRAORDINARIA
64,310,2022-03-31,SESSAO EXTRAORDINARIA
64,311,2022-03-31,SESSAO EXTRAORDINARIA
64,312,2022-04-05,SESSAO ORDINARIA
64,313,2022-04-12,SESSAO EXTRAORDINARIA
64,314,2022-04-06,SESSAO ORDINARIA
64,315,2022-04-12,SESSAO EXTRAORDINARIA
64,316,2022-05-10,SESSAO EXTRAORDINARIA
64,317,2022-04-07,SESSAO ORDINARIA
64,318,2022-04-12,SESSAO ORDINARIA
64,319,2022-04-13,SESSAO ORDINARIA
64,320,2022-04-19,SESSAO ORDINARIA
64,321,2022-04-20,SESSAO ORDINARIA
64,322,2022-04-26,SESSAO ORDINARIA
64,323,2022-04-27,SESSAO ORDINARIA
64,324,2022-04-28,SESSAO ORDINARIA
64,325,2022-05-03,SESSAO ORDINARIA
64,326,2022-05-04,SESSAO ORDINARIA
64,327,2022-05-05,SESSAO ORDINARIA
64,328,2022-05-10,SESSAO ORDINARIA
64,329,2022-05-11,SESSAO ORDINARIA
64,330,2022-05-17,SESSAO EXTRAORDINARIA
64,331,2022-05-12,SESSAO ORDINARIA
64,332,2022-06-07,SESSAO EXTRAORDINARIA
64,333,2022-05-12,SESSAO ORDINARIA
64,334,2022-05-17,SESSAO ORDINARIA
64,335,2022-05-18,SESSAO ORDINARIA
64,336,2022-05-19,SESSAO ORDINARIA
64,337,2022-05-24,SESSAO ORDINARIA
64,338,2022-05-25,SESSAO ORDINARIA
64,339,2022-05-26,SESSAO ORDINARIA
64,340,2022-05-31,SESSAO ORDINARIA
64,341,2022-06-01,SESSAO ORDINARIA
64,342,2022-06-02,SESSAO ORDINARIA
64,343,2022-06-07,SESSAO ORDINARIA
64,344,2022-06-08,SESSAO ORDINARIA
64,345,2022-06-21,SESSAO EXTRAORDINARIA
64,346,2022-06-09,SESSAO ORDINARIA
64,347,2022-06-14,SESSAO ORDINARIA
64,348,2022-06-15,SESSAO ORDINARIA
64,349,2022-06-21,SESSAO ORDINARIA
64,350,2022-06-22,SESSAO ORDINARIA
64,351,2022-06-23,SESSAO ORDINARIA
64,352,2022-06-28,SESSAO ORDINARIA
64,353,2022-06-29,SESSAO EXTRAORDINARIA
64,354,2022-06-29,SESSAO ORDINARIA
64,355,2022-06-29,SESSAO EXTRAORDINARIA
64,356,2022-06-30,SESSAO ORDINARIA
64,357,2022-08-02,SESSAO ORDINARIA
64,358,2022-08-30,SESSAO EXTRAORDINARIA
64,359,2022-08-03,SESSAO ORDINARIA
64,360,2022-08-04,SESSAO ORDINARIA
64,361,2022-08-09,SESSAO ORDINARIA
64,362,2022-08-10,SESSAO ORDINARIA
64,363,2022-08-11,SESSAO ORDINARIA
64,364,2022-08-16,SESSAO ORDINARIA
64,365,2022-08-17,SESSAO ORDINARIA
64,366,2022-08-18,SESSAO ORDINARIA
64,367,2022-08-23,SESSAO ORDINARIA
64,368,2022-08-24,SESSAO ORDINARIA
64,369,2022-08-25,SESSAO ORDINARIA
64,370,2022-08-30,SESSAO ORDINARIA
64,371,2022-08-31,SESSAO ORDINARIA
64,372,2022-09-13,SESSAO EXTRAORDINARIA
64,373,2022-09-01,SESSAO ORDINARIA
64,374,2022-09-08,SESSAO ORDINARIA
64,375,2022-09-13,SESSAO ORDINARIA
64,376,2022-09-14,SESSAO ORDINARIA
64,377,2022-09-15,SESSAO ORDINARIA
64,378,2022-09-20,SESSAO ORDINARIA
64,379,2022-10-25,SESSAO EXTRAORDINARIA
64,380,2022-09-21,SESSAO ORDINARIA
64,381,2022-09-22,SESSAO ORDINARIA
64,382,2022-09-27,SESSAO ORDINARIA
64,383,2022-09-28,SESSAO ORDINARIA
64,384,2022-09-29,SESSAO ORDINARIA
64,385,2022-10-04,SESSAO ORDINARIA
64,386,2022-10-05,SESSAO ORDINARIA
64,387,2022-10-06,SESSAO ORDINARIA
64,388,2022-10-11,SESSAO ORDINARIA
64,389,2022-10-13,SESSAO ORDINARIA
64,390,2022-10-18,SESSAO ORDINARIA
64,391,2022-10-19,SESSAO ORDINARIA
64,392,2022-10-20,SESSAO ORDINARIA
64,393,2022-10-25,SESSAO ORDINARIA
64,394,2022-10-25,SESSAO EXTRAORDINARIA
64,395,2022-10-26,SESSAO ORDINARIA
64,396,2022-10-27,SESSAO ORDINARIA
64,397,2022-11-03,SESSAO ORDINARIA
64,398,2022-11-08,SESSAO ORDINARIA
64,399,2022-11-08,SESSAO EXTRAORDINARIA
64,400,2022-11-09,SESSAO ORDINARIA
64,401,2022-11-22,SESSAO EXTRAORDINARIA
64,402,2022-11-10,SESSAO ORDINARIA
64,403,2022-12-06,SESSAO EXTRAORDINARIA
64,404,2022-11-16,SESSAO ORDINARIA
64,405,2022-11-17,SESSAO ORDINARIA
64,406,2022-11-22,SESSAO ORDINARIA
64,407,2022-11-23,SESSAO ORDINARIA
64,408,2022-11-29,SESSAO ORDINARIA
64,409,2022-12-01,SESSAO ORDINARIA
64,410,2022-12-06,SESSAO ORDINARIA
64,411,2022-12-07,SESSAO ORDINARIA
64,412,2022-12-07,SESSAO EXTRAORDINARIA
64,413,2022-12-08,SESSAO ORDINARIA
64,414,2022-12-13,SESSAO ORDINARIA
64,415,2022-12-13,SESSAO EXTRAORDINARIA
64,416,2022-12-14,SESSAO ORDINARIA
64,417,2022-12-15,SESSAO ORDINARIA
64,431,2023-03-21,SESSAO EXTRAORDINARIA
64,440,2023-03-22,SESSAO ORDINARIA
64,441,2023-03-23,SESSAO ORDINARIA
64,442,2023-03-21,SESSAO EXTRAORDINARIA
64,462,2023-05-09,SESSAO EXTRAORDINARIA
64,471,2023-05-24,SESSAO ORDINARIA
64,474,2023-05-31,SESSAO EXTRAORDINARIA
64,478,2023-06-07,SESSAO ORDINARIA
64,479,2023-06-13,SESSAO ORDINARIA
64,499,2023-08-24,SESSAO ORDINARIA
64,503,2023-08-30,SESSAO ORDINARIA
64,504,2023-08-31,SESSAO ORDINARIA
64,522,2023-10-11,SESSAO ORDINARIA
64,523,2023-10-17,SESSAO EXTRAORDINARIA
64,533,2023-11-07,SESSAO ORDINARIA
64,534,2023-11-07,SESSAO EXTRAORDINARIA
64,535,2023-11-08,SESSAO ORDINARIA
64,545,2023-11-28,SESSAO EXTRAORDINARIA
64,555,2023-12-13,SESSAO EXTRAORDINARIA
64,571,2024-02-27,SESSAO EXTRAORDINARIA
64,572,2024-02-27,SESSAO EXTRAORDINARIA
64,575,2024-03-05,SESSAO EXTRAORDINARIA
64,577,2024-03-06,SESSAO ORDINARIA
64,578,2024-03-07,SESSAO ORDINARIA
64,579,2024-03-13,SESSAO ORDINARIA
64,580,2024-03-14,SESSAO ORDINARIA
64,581,2024-03-19,SESSAO EXTRAORDINARIA
64,582,2024-03-19,SESSAO ORDINARIA
64,583,2024-03-20,SESSAO ORDINARIA
64,585,2024-03-26,SESSAO EXTRAORDINARIA
64,586,2024-03-26,SESSAO ORDINARIA
64,587,2024-03-27,SESSAO ORDINARIA
64,593,2024-04-09,SESSAO EXTRAORDINARIA
64,595,2024-04-10,SESSAO ORDINARIA
64,596,2024-04-09,SESSAO EXTRAORDINARIA
64,613,2024-05-15,SESSAO ORDINARIA
64,614,2024-05-16,SESSAO ORDINARIA
64,616,2024-05-22,SESSAO ORDINARIA
64,619,2024-06-04,SESSAO EXTRAORDINARIA
64,621,2024-06-04,SESSAO EXTRAORDINARIA
64,624,2024-06-11,SESSAO EXTRAORDINARIA
64,627,2024-06-11,SESSAO ORDINARIA
64,628,2024-06-12,SESSAO ORDINARIA
64,629,2024-06-13,SESSAO ORDINARIA
64,635,2024-06-25,SESSAO EXTRAORDINARIA
64,636,2024-06-25,SESSAO ORDINARIA
64,637,2024-08-01,SESSAO ORDINARIA
64,659,2024-09-12,SESSAO ORDINARIA
64,663,2024-09-19,SESSAO ORDINARIA
64,664,2024-09-24,SESSAO EXTRAORDINARIA
64,667,2024-09-26,SESSAO ORDINARIA
64,669,2024-10-01,SESSAO EXTRAORDINARIA
64,670,2024-10-01,SESSAO ORDINARIA
64,676,2024-10-10,SESSAO ORDINARIA
64,679,2024-10-17,SESSAO ORDINARIA
64,680,2024-10-22,SESSAO EXTRAORDINARIA
64,683,2024-10-24,SESSAO ORDINARIA
64,684,2024-10-29,SESSAO EXTRAORDINARIA
64,687,2024-10-30,SESSAO EXTRAORDINARIA
64,688,2024-10-31,SESSAO ORDINARIA
64,1694,2024-11-14,SESSAO ORDINARIA
64,1695,2024-11-19,SESSAO ORDINARIA
64,1696,2024-11-26,SESSAO EXTRAORDINARIA
64,1698,2024-11-26,SESSAO EXTRAORDINARIA
64,1699,2024-11-27,SESSAO ORDINARIA
64,1700,2024-11-27,SESSAO EXTRAORDINARIA
64,1701,2024-11-28,SESSAO ORDINARIA
64,1716,2025-02-13,ORDINARIA
64,1721,2025-02-20,ORDINARIA
64,1727,2025-02-27,ORDINARIA
64,1743,2025-03-18,EXTRAORDINARIA
64,1756,2025-04-02,EXTRAORDINARIA
64,1757,2025-03-27,ORDINARIA
64,1762,2025-04-02,ORDINARIA
64,1765,2025-04-03,ORDINARIA
64,1773,2025-04-09,ORDINARIA
64,1789,2025-04-24,ORDINARIA
64,1796,2025-05-07,ORDINARIA
64,1799,2025-05-08,ORDINARIA
64,1803,2025-05-20,EXTRAORDINARIA
64,1817,2025-05-21,ORDINARIA
64,1825,2025-05-27,EXTRAORDINARIA
64,1827,2025-05-28,ORDINARIA
64,1830,2025-05-29,ORDINARIA
64,1834,2025-06-17,EXTRAORDINARIA
64,1838,2025-06-05,ORDINARIA
64,1844,2025-06-11,ORDINARIA
64,1846,2025-06-12,ORDINARIA
64,1848,2025-06-17,ORDINARIA
64,1851,2025-06-17,EXTRAORDINARIA
64,1854,2025-06-18,ORDINARIA
64,1859,2025-08-07,EXTRAORDINARIA
64,1862,2025-06-25,ORDINARIA
64,1865,2025-06-26,ORDINARIA
64,1870,2025-08-05,ORDINARIA
64,1873,2025-08-06,ORDINARIA
64,1875,2025-08-07,ORDINARIA
64,1876,2025-08-07,EXTRAORDINARIA
64,1882,2025-08-13,ORDINARIA
64,1885,2025-08-14,ORDINARIA
64,1896,2025-08-26,EXTRAORDINARIA
64,1907,2025-08-28,ORDINARIA
64,1913,2025-09-03,ORDINARIA
64,1914,2025-09-04,ORDINARIA
64,1920,2025-09-11,ORDINARIA
64,1929,2025-09-23,EXTRAORDINARIA
64,1933,2025-09-18,ORDINARIA
64,1945,2025-09-25,ORDINARIA
64,1954,2025-10-01,ORDINARIA
64,1956,2025-10-02,ORDINARIA
64,1964,2025-10-08,EXTRAORDINARIA
64,1968,2025-10-09,ORDINARIA
64,1975,2025-10-15,EXTRAORDINARIA
64,1979,2025-10-16,ORDINARIA
64,1985,2025-10-21,ORDINARIA
64,1986,2025-10-21,EXTRAORDINARIA
64,1988,2025-10-22,ORDINARIA
64,1990,2025-10-23,ORDINARIA
64,2004,2025-11-11,EXTRAORDINARIA
64,2006,2025-11-06,ORDINARIA
64,2013,2025-11-11,ORDINARIA
64,2014,2025-11-11,EXTRAORDINARIA
64,2015,2025-11-11,EXTRAORDINARIA
64,2018,2025-11-12,ORDINARIA
64,2020,2025-11-13,ORDINARIA
64,2030,2025-11-19,ORDINARIA
64,2035,2025-11-26,EXTRAORDINARIA
64,2037,2025-11-26,ORDINARIA
64,2038,2025-11-26,EXTRAORDINARIA
64,2039,2025-11-27,ORDINARIA
64,2040,2025-11-27,ORDINARIA
64,2046,2025-12-02,EXTRAORDINARIA
64,2047,2025-12-03,EXTRAORDINARIA
64,2050,2025-12-03,ORDINARIA
64,2072,2026-02-05,ORDINARIA
64,2078,2026-02-11,ORDINARIA
64,2081,2026-02-12,ORDINARIA
64,2082,2026-02-19,ORDINARIA
64,2088,2026-02-26,ORDINARIA
64,2093,2026-03-04,ORDINARIA
64,2096,2026-03-05,SOLENE
64,2103,2026-04-01,ORDINARIA
64,2107,2026-04-08,EXTRAORDINARIA
64,2108,2026-04-08,ORDINARIA
64,2109,2026-04-09,ORDINARIA
64,2113,2026-04-14,EXTRAORDINARIA
64,2114,2026-04-15,ORDINARIA
64,2115,2026-04-29,EXTRAORDINARIA
64,2116,2026-04-16,ORDINARIA
64,2119,2026-04-23,ORDINARIA
64,2122,2026-04-28,ORDINARIA
64,2125,2026-04-29,ORDINARIA
64,2127,2026-03-18,ORDINARIA
64,2131,2026-03-19,ORDINARIA
64,2136,2026-03-24,ORDINARIA
64,2139,2026-03-25,EXTRAORDINARIA
64,2141,2026-03-26,ORDINARIA
64,2143,2026-03-31,ORDINARIA
64,2145,2026-04-30,ORDINARIA
64,2149,2026-05-12,EXTRAORDINARIA
64,2150,2026-05-06,ORDINARIA
64,2152,2026-05-07,ORDINARIA
64,2161,2026-05-13,ORDINARIA
64,2170,2026-05-19,ORDINARIA
64,2171,2026-03-10,ORDINARIA
64,2172,2026-03-17,EXTRAORDINARIA
64,2173,2026-03-11,ORDINARIA
64,2183,2026-05-19,EXTRAORDINARIA
64,2185,2026-05-20,ORDINARIA
64,2188,2026-05-21,ORDINARIA
64,2191,2026-05-26,ORDINARIA
64,2192,2026-05-27,ORDINARIA
64,2193,2026-05-28,ORDINARIA
64,2199,2026-06-02,ORDINARIA
64,2200,2026-06-03,ORDINARIA
64,2204,2026-06-10,ORDINARIA
64,2205,2026-06-11,ORDINARIA
64,2219,2026-06-30,EXTRAORDINARIA
64,2228,2026-08-05,ORDINARIA
64,2229,2026-08-06,ORDINARIA
64,2234,2026-06-16,EXTRAORDINARIA
64,2237,2026-06-17,ORDINARIA
64,2239,2026-06-18,ORDINARIA
64,2244,2026-08-12,ORDINARIA
64,2245,2026-08-13,ORDINARIA
64,2253,2026-08-19,ORDINARIA
64,2255,2026-08-20,ORDINARIA
65,4,2020-02-04,SESSAO ORDINARIA
65,5,2020-02-05,SESSAO ORDINARIA
65,6,2020-02-11,SESSAO ORDINARIA
65,7,2020-02-11,SESSAO EXTRAORDINARIA
65,8,2020-02-12,SESSAO ORDINARIA
65,9,2020-02-13,SESSAO ORDINARIA
65,10,2020-02-18,SESSAO ORDINARIA
65,11,2020-02-19,SESSAO ORDINARIA
65,12,2020-02-20,SESSAO ORDINARIA
65,13,2020-02-27,SESSAO ORDINARIA
65,14,2020-03-03,SESSAO ORDINARIA
65,15,2020-03-04,SESSAO ORDINARIA
65,16,2020-03-05,SESSAO ORDINARIA
65,17,2020-03-10,SESSAO ORDINARIA
65,18,2020-03-11,SESSAO ORDINARIA
65,19,2020-03-11,SESSAO EXTRAORDINARIA
65,20,2020-03-12,SESSAO ORDINARIA
65,21,2020-03-16,SESSAO EXTRAORDINARIA
65,22,2020-03-16,SESSAO EXTRAORDINARIA
65,23,2020-03-17,SESSAO ORDINARIA
65,24,2020-03-17,SESSAO EXTRAORDINARIA
65,25,2020-03-24,SESSAO EXTRAORDINARIA
65,26,2020-03-24,SESSAO EXTRAORDINARIA
65,27,2020-03-25,SESSAO EXTRAORDINARIA
65,28,2020-03-25,SESSAO EXTRAORDINARIA
65,29,2020-03-25,SESSAO EXTRAORDINARIA
65,30,2020-03-25,SESSAO EXTRAORDINARIA
65,31,2020-03-31,SESSAO EXTRAORDINARIA
65,32,2020-03-31,SESSAO EXTRAORDINARIA
65,33,2020-03-31,SESSAO EXTRAORDINARIA
65,34,2020-04-07,SESSAO EXTRAORDINARIA
65,35,2020-04-01,SESSAO EXTRAORDINARIA
65,36,2020-04-01,SESSAO EXTRAORDINARIA
65,37,2020-04-07,SESSAO EXTRAORDINARIA
65,38,2020-04-08,SESSAO EXTRAORDINARIA
65,39,2020-04-14,SESSAO EXTRAORDINARIA
65,40,2020-04-14,SESSAO EXTRAORDINARIA
65,41,2020-04-14,SESSAO EXTRAORDINARIA
65,42,2020-04-15,SESSAO EXTRAORDINARIA
65,43,2020-04-15,SESSAO EXTRAORDINARIA
65,44,2020-04-22,SESSAO EXTRAORDINARIA
65,45,2020-04-22,SESSAO EXTRAORDINARIA
65,46,2020-04-22,SESSAO EXTRAORDINARIA
65,47,2020-04-22,SESSAO EXTRAORDINARIA
65,48,2020-04-28,SESSAO EXTRAORDINARIA
65,49,2020-04-28,SESSAO EXTRAORDINARIA
65,50,2020-04-29,SESSAO EXTRAORDINARIA
65,51,2020-04-29,SESSAO EXTRAORDINARIA
65,52,2020-05-05,SESSAO EXTRAORDINARIA
65,53,2020-05-05,SESSAO EXTRAORDINARIA
65,54,2020-05-19,SESSAO EXTRAORDINARIA
65,55,2020-05-19,SESSAO EXTRAORDINARIA
65,56,2020-05-20,SESSAO EXTRAORDINARIA
65,57,2020-05-20,SESSAO EXTRAORDINARIA
65,58,2020-05-20,SESSAO EXTRAORDINARIA
65,59,2020-05-26,SESSAO EXTRAORDINARIA
65,60,2020-05-27,SESSAO EXTRAORDINARIA
65,61,2020-06-02,SESSAO EXTRAORDINARIA
65,62,2020-06-02,SESSAO EXTRAORDINARIA
65,63,2020-06-09,SESSAO EXTRAORDINARIA
65,64,2020-06-10,SESSAO EXTRAORDINARIA
65,65,2020-06-10,SESSAO EXTRAORDINARIA
65,66,2020-06-10,SESSAO EXTRAORDINARIA
65,67,2020-06-16,SESSAO EXTRAORDINARIA
65,68,2020-06-16,SESSAO EXTRAORDINARIA
65,69,2020-06-17,SESSAO EXTRAORDINARIA
65,70,2020-06-17,SESSAO EXTRAORDINARIA
65,71,2020-06-18,SESSAO EXTRAORDINARIA
65,72,2020-06-23,SESSAO EXTRAORDINARIA
65,73,2020-06-24,SESSAO EXTRAORDINARIA
65,74,2020-06-24,SESSAO EXTRAORDINARIA
65,75,2020-06-30,SESSAO EXTRAORDINARIA
65,76,2020-06-30,SESSAO EXTRAORDINARIA
65,77,2020-08-04,SESSAO EXTRAORDINARIA
65,78,2020-08-05,SESSAO EXTRAORDINARIA
65,79,2020-08-11,SESSAO EXTRAORDINARIA
65,80,2020-08-11,SESSAO EXTRAORDINARIA
65,81,2020-08-12,SESSAO EXTRAORDINARIA
65,82,2020-08-12,SESSAO EXTRAORDINARIA
65,83,2020-08-18,SESSAO EXTRAORDINARIA
65,84,2020-08-19,SESSAO EXTRAORDINARIA
65,85,2020-08-19,SESSAO EXTRAORDINARIA
65,86,2020-08-25,SESSAO EXTRAORDINARIA
65,87,2020-08-26,SESSAO EXTRAORDINARIA
65,88,2020-09-01,SESSAO EXTRAORDINARIA
65,89,2020-09-02,SESSAO EXTRAORDINARIA
65,90,2020-09-08,SESSAO EXTRAORDINARIA
65,91,2020-09-09,SESSAO EXTRAORDINARIA
65,92,2020-09-15,SESSAO EXTRAORDINARIA
65,93,2020-09-16,SESSAO EXTRAORDINARIA
65,94,2020-09-17,SESSAO EXTRAORDINARIA
65,95,2020-09-22,SESSAO EXTRAORDINARIA
65,96,2020-09-23,SESSAO EXTRAORDINARIA
65,97,2020-09-23,SESSAO EXTRAORDINARIA
65,98,2020-09-29,SESSAO EXTRAORDINARIA
65,99,2020-09-29,SESSAO EXTRAORDINARIA
65,100,2020-09-30,SESSAO EXTRAORDINARIA
65,101,2020-10-06,SESSAO EXTRAORDINARIA
65,102,2020-10-07,SESSAO EXTRAORDINARIA
65,103,2020-10-07,SESSAO EXTRAORDINARIA
65,104,2020-10-13,SESSAO EXTRAORDINARIA
65,105,2020-10-14,SESSAO EXTRAORDINARIA
65,106,2020-10-14,SESSAO EXTRAORDINARIA
65,107,2020-10-15,SESSAO EXTRAORDINARIA
65,108,2020-10-20,SESSAO EXTRAORDINARIA
65,109,2020-10-21,SESSAO EXTRAORDINARIA
65,110,2020-10-21,SESSAO EXTRAORDINARIA
65,111,2020-10-27,SESSAO EXTRAORDINARIA
65,112,2020-10-28,SESSAO EXTRAORDINARIA
65,113,2020-10-28,SESSAO EXTRAORDINARIA
65,114,2020-11-03,SESSAO EXTRAORDINARIA
65,115,2020-11-03,SESSAO EXTRAORDINARIA
65,116,2020-11-04,SESSAO EXTRAORDINARIA
65,117,2020-11-10,SESSAO EXTRAORDINARIA
65,118,2020-11-10,SESSAO EXTRAORDINARIA
65,119,2020-11-11,SESSAO EXTRAORDINARIA
65,120,2020-11-17,SESSAO EXTRAORDINARIA
65,121,2020-11-17,SESSAO EXTRAORDINARIA
65,122,2020-11-18,SESSAO EXTRAORDINARIA
65,123,2020-11-24,SESSAO EXTRAORDINARIA
65,124,2020-11-25,SESSAO EXTRAORDINARIA
65,125,2020-11-25,SESSAO EXTRAORDINARIA
65,126,2020-12-01,SESSAO EXTRAORDINARIA
65,127,2020-12-01,SESSAO EXTRAORDINARIA
65,128,2020-12-02,SESSAO EXTRAORDINARIA
65,129,2020-12-08,SESSAO EXTRAORDINARIA
65,130,2020-12-09,SESSAO EXTRAORDINARIA
65,131,2020-12-09,SESSAO EXTRAORDINARIA
65,132,2020-12-10,SESSAO EXTRAORDINARIA
65,133,2020-12-10,SESSAO EXTRAORDINARIA
65,134,2020-12-10,SESSAO EXTRAORDINARIA
65,135,2020-12-15,SESSAO EXTRAORDINARIA
65,136,2021-02-02,SESSAO PREPARATORIA
65,137,2021-02-03,SESSAO EXTRAORDINARIA
65,138,2021-02-09,SESSAO EXTRAORDINARIA
65,139,2021-02-10,SESSAO EXTRAORDINARIA
65,140,2021-02-23,SESSAO EXTRAORDINARIA
65,141,2021-02-23,SESSAO EXTRAORDINARIA
65,142,2021-02-24,SESSAO EXTRAORDINARIA
65,143,2021-03-02,SESSAO EXTRAORDINARIA
65,144,2021-03-03,SESSAO EXTRAORDINARIA
65,145,2021-03-09,SESSAO EXTRAORDINARIA
65,146,2021-03-09,SESSAO EXTRAORDINARIA
65,147,2021-03-10,SESSAO EXTRAORDINARIA
65,148,2021-03-16,SESSAO EXTRAORDINARIA
65,149,2021-03-17,SESSAO EXTRAORDINARIA
65,150,2021-03-23,SESSAO EXTRAORDINARIA
65,151,2021-03-24,SESSAO EXTRAORDINARIA
65,152,2021-03-30,SESSAO EXTRAORDINARIA
65,153,2021-03-30,SESSAO EXTRAORDINARIA
65,154,2021-03-31,SESSAO EXTRAORDINARIA
65,155,2021-04-06,SESSAO EXTRAORDINARIA
65,156,2021-04-06,SESSAO EXTRAORDINARIA
65,157,2021-04-07,SESSAO EXTRAORDINARIA
65,158,2021-04-13,SESSAO EXTRAORDINARIA
65,159,2021-04-14,SESSAO EXTRAORDINARIA
65,160,2021-04-14,SESSAO EXTRAORDINARIA
65,161,2021-04-20,SESSAO EXTRAORDINARIA
65,162,2021-04-27,SESSAO EXTRAORDINARIA
65,163,2021-04-27,SESSAO EXTRAORDINARIA
65,164,2021-04-27,SESSAO EXTRAORDINARIA
65,165,2021-04-28,SESSAO EXTRAORDINARIA
65,166,2021-05-04,SESSAO EXTRAORDINARIA
65,167,2021-05-05,SESSAO EXTRAORDINARIA
65,168,2021-05-11,SESSAO EXTRAORDINARIA
65,169,2021-05-11,SESSAO EXTRAORDINARIA
65,170,2021-05-12,SESSAO EXTRAORDINARIA
65,171,2021-05-18,SESSAO EXTRAORDINARIA
65,172,2021-05-19,SESSAO EXTRAORDINARIA
65,173,2021-05-19,SESSAO EXTRAORDINARIA
65,174,2021-05-25,SESSAO EXTRAORDINARIA
65,175,2021-05-25,SESSAO EXTRAORDINARIA
65,176,2021-05-26,SESSAO EXTRAORDINARIA
65,177,2021-06-01,SESSAO EXTRAORDINARIA
65,178,2021-06-02,SESSAO EXTRAORDINARIA
65,179,2021-06-08,SESSAO EXTRAORDINARIA
65,180,2021-06-08,SESSAO EXTRAORDINARIA
65,181,2021-06-09,SESSAO EXTRAORDINARIA
65,182,2021-06-15,SESSAO EXTRAORDINARIA
65,183,2021-06-15,SESSAO EXTRAORDINARIA
65,184,2021-06-16,SESSAO EXTRAORDINARIA
65,185,2021-06-22,SESSAO EXTRAORDINARIA
65,186,2021-06-23,SESSAO EXTRAORDINARIA
65,187,2021-06-23,SESSAO EXTRAORDINARIA
65,188,2021-06-29,SESSAO EXTRAORDINARIA
65,189,2021-06-29,SESSAO EXTRAORDINARIA
65,190,2021-08-03,SESSAO ORDINARIA
65,191,2022-02-01,SESSAO ORDINARIA
65,192,2021-08-04,SESSAO ORDINARIA
65,193,2021-08-04,SESSAO EXTRAORDINARIA
65,194,2021-08-05,SESSAO ORDINARIA
65,195,2021-08-05,SESSAO ORDINARIA
65,196,2021-08-10,SESSAO ORDINARIA
65,197,2021-08-10,SESSAO EXTRAORDINARIA
65,198,2021-08-11,SESSAO ORDINARIA
65,199,2021-08-12,SESSAO ORDINARIA
65,200,2021-08-17,SESSAO ORDINARIA
65,201,2021-08-17,SESSAO EXTRAORDINARIA
65,202,2021-08-17,SESSAO EXTRAORDINARIA
65,203,2021-08-18,SESSAO ORDINARIA
65,204,2021-08-19,SESSAO ORDINARIA
65,205,2021-08-24,SESSAO ORDINARIA
65,206,2021-08-25,SESSAO ORDINARIA
65,207,2021-08-26,SESSAO ORDINARIA
65,208,2021-08-31,SESSAO ORDINARIA
65,209,2021-08-31,SESSAO EXTRAORDINARIA
65,210,2021-08-31,SESSAO EXTRAORDINARIA
65,211,2021-09-01,SESSAO ORDINARIA
65,212,2021-09-02,SESSAO ORDINARIA
65,213,2021-09-08,SESSAO ORDINARIA
65,214,2021-09-09,SESSAO ORDINARIA
65,215,2021-09-14,SESSAO ORDINARIA
65,216,2021-09-15,SESSAO ORDINARIA
65,217,2021-09-15,SESSAO EXTRAORDINARIA
65,218,2021-09-16,SESSAO ORDINARIA
65,219,2021-09-21,SESSAO ORDINARIA
65,220,2021-09-21,SESSAO EXTRAORDINARIA
65,221,2021-09-22,SESSAO ORDINARIA
65,222,2021-09-23,SESSAO ORDINARIA
65,223,2021-09-28,SESSAO ORDINARIA
65,224,2021-09-29,SESSAO ORDINARIA
65,225,2021-09-30,SESSAO ORDINARIA
65,226,2021-10-05,SESSAO ORDINARIA
65,227,2021-10-05,SESSAO EXTRAORDINARIA
65,228,2021-10-06,SESSAO ORDINARIA
65,229,2021-10-06,SESSAO EXTRAORDINARIA
65,230,2021-10-06,SESSAO EXTRAORDINARIA
65,231,2021-10-07,SESSAO ORDINARIA
65,232,2021-10-13,SESSAO ORDINARIA
65,233,2021-10-14,SESSAO ORDINARIA
65,234,2021-10-19,SESSAO ORDINARIA
65,235,2021-10-20,SESSAO ORDINARIA
65,236,2021-10-20,SESSAO EXTRAORDINARIA
65,237,2021-10-21,SESSAO ORDINARIA
65,238,2021-10-26,SESSAO ORDINARIA
65,239,2021-10-27,SESSAO ORDINARIA
65,240,2021-10-28,SESSAO ORDINARIA
65,241,2021-11-03,SESSAO ORDINARIA
65,242,2021-11-03,SESSAO EXTRAORDINARIA
65,243,2021-11-03,SESSAO EXTRAORDINARIA
65,244,2021-11-04,SESSAO ORDINARIA
65,245,2021-11-09,SESSAO ORDINARIA
65,246,2021-11-09,SESSAO EXTRAORDINARIA
65,247,2021-11-10,SESSAO ORDINARIA
65,248,2021-11-10,SESSAO EXTRAORDINARIA
65,249,2021-11-11,SESSAO ORDINARIA
65,250,2021-11-16,SESSAO ORDINARIA
65,251,2021-11-17,SESSAO ORDINARIA
65,252,2021-11-18,SESSAO ORDINARIA
65,253,2021-11-23,SESSAO ORDINARIA
65,254,2021-11-23,SESSAO EXTRAORDINARIA
65,255,2021-11-24,SESSAO ORDINARIA
65,256,2021-11-25,SESSAO ORDINARIA
65,257,2021-12-01,SESSAO ORDINARIA
65,258,2021-12-01,SESSAO EXTRAORDINARIA
65,259,2021-12-02,SESSAO EXTRAORDINARIA
65,260,2021-12-02,SESSAO ORDINARIA
65,261,2021-12-07,SESSAO ORDINARIA
65,262,2021-12-07,SESSAO EXTRAORDINARIA
65,263,2021-12-08,SESSAO ORDINARIA
65,264,2021-12-08,SESSAO EXTRAORDINARIA
65,265,2021-12-09,SESSAO ORDINARIA
65,266,2021-12-09,SESSAO EXTRAORDINARIA
65,267,2021-12-14,SESSAO EXTRAORDINARIA
65,268,2021-12-14,SESSAO ORDINARIA
65,269,2021-12-14,SESSAO EXTRAORDINARIA
65,270,2021-12-14,SESSAO EXTRAORDINARIA
65,271,2021-12-14,SESSAO EXTRAORDINARIA
65,272,2021-12-15,SESSAO ORDINARIA
65,273,2022-02-02,SESSAO ORDINARIA
65,274,2022-02-03,SESSAO ORDINARIA
65,275,2022-02-08,SESSAO ORDINARIA
65,276,2022-02-08,SESSAO EXTRAORDINARIA
65,277,2022-02-08,SESSAO EXTRAORDINARIA
65,278,2022-02-09,SESSAO ORDINARIA
65,279,2022-02-10,SESSAO ORDINARIA
65,280,2022-02-15,SESSAO ORDINARIA
65,281,2022-02-15,SESSAO EXTRAORDINARIA
65,282,2022-02-16,SESSAO ORDINARIA
65,283,2022-02-16,SESSAO EXTRAORDINARIA
65,284,2022-02-17,SESSAO ORDINARIA
65,285,2022-02-22,SESSAO ORDINARIA
65,286,2022-02-22,SESSAO EXTRAORDINARIA
65,287,2022-02-23,SESSAO ORDINARIA
65,288,2022-03-08,SESSAO EXTRAORDINARIA
65,289,2022-02-24,SESSAO ORDINARIA
65,290,2022-03-03,SESSAO ORDINARIA
65,291,2022-03-08,SESSAO ORDINARIA
65,292,2022-03-09,SESSAO ORDINARIA
65,293,2022-03-09,SESSAO EXTRAORDINARIA
65,294,2022-03-10,SESSAO ORDINARIA
65,295,2022-03-15,SESSAO EXTRAORDINARIA
65,296,2022-03-23,SESSAO EXTRAORDINARIA
65,297,2022-03-15,SESSAO ORDINARIA
65,298,2022-03-16,SESSAO ORDINARIA
65,299,2022-03-17,SESSAO ORDINARIA
65,300,2022-03-22,SESSAO ORDINARIA
65,301,2022-03-23,SESSAO ORDINARIA
65,302,2022-03-29,SESSAO EXTRAORDINARIA
65,303,2022-03-24,SESSAO ORDINARIA
65,304,2022-03-29,SESSAO ORDINARIA
65,305,2022-03-30,SESSAO ORDINARIA
65,306,2022-03-30,SESSAO EXTRAORDINARIA
65,307,2022-03-31,SESSAO EXTRAORDINARIA
65,308,2022-03-31,SESSAO ORDINARIA
65,309,2022-03-31,SESSAO EXTRAORDINARIA
65,310,2022-03-31,SESSAO EXTRAORDINARIA
65,311,2022-03-31,SESSAO EXTRAORDINARIA
65,312,2022-04-05,SESSAO ORDINARIA
65,313,2022-04-12,SESSAO EXTRAORDINARIA
65,314,2022-04-06,SESSAO ORDINARIA
65,315,2022-04-12,SESSAO EXTRAORDINARIA
65,316,2022-05-10,SESSAO EXTRAORDINARIA
65,317,2022-04-07,SESSAO ORDINARIA
65,318,2022-04-12,SESSAO ORDINARIA
65,319,2022-04-13,SESSAO ORDINARIA
65,320,2022-04-19,SESSAO ORDINARIA
65,321,2022-04-20,SESSAO ORDINARIA
65,322,2022-04-26,SESSAO ORDINARIA
65,323,2022-04-27,SESSAO ORDINARIA
65,324,2022-04-28,SESSAO ORDINARIA
65,325,2022-05-03,SESSAO ORDINARIA
65,326,2022-05-04,SESSAO ORDINARIA
65,327,2022-05-05,SESSAO ORDINARIA
65,328,2022-05-10,SESSAO ORDINARIA
65,329,2022-05-11,SESSAO ORDINARIA
65,330,2022-05-17,SESSAO EXTRAORDINARIA
65,331,2022-05-12,SESSAO ORDINARIA
65,332,2022-06-07,SESSAO EXTRAORDINARIA
65,333,2022-05-12,SESSAO ORDINARIA
65,334,2022-05-17,SESSAO ORDINARIA
65,335,2022-05-18,SESSAO ORDINARIA
65,336,2022-05-19,SESSAO ORDINARIA
65,337,2022-05-24,SESSAO ORDINARIA
65,338,2022-05-25,SESSAO ORDINARIA
65,339,2022-05-26,SESSAO ORDINARIA
65,340,2022-05-31,SESSAO ORDINARIA
65,341,2022-06-01,SESSAO ORDINARIA
65,342,2022-06-02,SESSAO ORDINARIA
65,343,2022-06-07,SESSAO ORDINARIA
65,344,2022-06-08,SESSAO ORDINARIA
65,345,2022-06-21,SESSAO EXTRAORDINARIA
65,346,2022-06-09,SESSAO ORDINARIA
65,347,2022-06-14,SESSAO ORDINARIA
65,348,2022-06-15,SESSAO ORDINARIA
65,349,2022-06-21,SESSAO ORDINARIA
65,350,2022-06-22,SESSAO ORDINARIA
65,351,2022-06-23,SESSAO ORDINARIA
65,352,2022-06-28,SESSAO ORDINARIA
65,353,2022-06-29,SESSAO EXTRAORDINARIA
65,354,2022-06-29,SESSAO ORDINARIA
65,355,2022-06-29,SESSAO EXTRAORDINARIA
65,356,2022-06-30,SESSAO ORDINARIA
65,357,2022-08-02,SESSAO ORDINARIA
65,358,2022-08-30,SESSAO EXTRAORDINARIA
65,359,2022-08-03,SESSAO ORDINARIA
65,360,2022-08-04,SESSAO ORDINARIA
65,361,2022-08-09,SESSAO ORDINARIA
65,362,2022-08-10,SESSAO ORDINARIA
65,363,2022-08-11,SESSAO ORDINARIA
65,364,2022-08-16,SESSAO ORDINARIA
65,365,2022-08-17,SESSAO ORDINARIA
65,366,2022-08-18,SESSAO ORDINARIA
65,367,2022-08-23,SESSAO ORDINARIA
65,368,2022-08-24,SESSAO ORDINARIA
65,369,2022-08-25,SESSAO ORDINARIA
65,370,2022-08-30,SESSAO ORDINARIA
65,371,2022-08-31,SESSAO ORDINARIA
65,372,2022-09-13,SESSAO EXTRAORDINARIA
65,373,2022-09-01,SESSAO ORDINARIA
65,374,2022-09-08,SESSAO ORDINARIA
65,375,2022-09-13,SESSAO ORDINARIA
65,376,2022-09-14,SESSAO ORDINARIA
65,377,2022-09-15,SESSAO ORDINARIA
65,378,2022-09-20,SESSAO ORDINARIA
65,379,2022-10-25,SESSAO EXTRAORDINARIA
65,380,2022-09-21,SESSAO ORDINARIA
65,381,2022-09-22,SESSAO ORDINARIA
65,382,2022-09-27,SESSAO ORDINARIA
65,383,2022-09-28,SESSAO ORDINARIA
65,384,2022-09-29,SESSAO ORDINARIA
65,385,2022-10-04,SESSAO ORDINARIA
65,386,2022-10-05,SESSAO ORDINARIA
65,387,2022-10-06,SESSAO ORDINARIA
65,388,2022-10-11,SESSAO ORDINARIA
65,389,2022-10-13,SESSAO ORDINARIA
65,390,2022-10-18,SESSAO ORDINARIA
65,391,2022-10-19,SESSAO ORDINARIA
65,392,2022-10-20,SESSAO ORDINARIA
65,393,2022-10-25,SESSAO ORDINARIA
65,394,2022-10-25,SESSAO EXTRAORDINARIA
65,395,2022-10-26,SESSAO ORDINARIA
65,396,2022-10-27,SESSAO ORDINARIA
65,397,2022-11-03,SESSAO ORDINARIA
65,398,2022-11-08,SESSAO ORDINARIA
65,399,2022-11-08,SESSAO EXTRAORDINARIA
65,400,2022-11-09,SESSAO ORDINARIA
65,401,2022-11-22,SESSAO EXTRAORDINARIA
65,402,2022-11-10,SESSAO ORDINARIA
65,403,2022-12-06,SESSAO EXTRAORDINARIA
65,404,2022-11-16,SESSAO ORDINARIA
65,405,2022-11-17,SESSAO ORDINARIA
65,406,2022-11-22,SESSAO ORDINARIA
65,407,2022-11-23,SESSAO ORDINARIA
65,408,2022-11-29,SESSAO ORDINARIA
65,409,2022-12-01,SESSAO ORDINARIA
65,410,2022-12-06,SESSAO ORDINARIA
65,411,2022-12-07,SESSAO ORDINARIA
65,412,2022-12-07,SESSAO EXTRAORDINARIA
65,413,2022-12-08,SESSAO ORDINARIA
65,414,2022-12-13,SESSAO ORDINARIA
65,415,2022-12-13,SESSAO EXTRAORDINARIA
65,416,2022-12-14,SESSAO ORDINARIA
65,417,2022-12-15,SESSAO ORDINARIA
65,422,2023-02-14,SESSAO EXTRAORDINARIA
65,440,2023-03-22,SESSAO ORDINARIA
65,448,2023-04-05,SESSAO ORDINARIA
65,449,2023-04-11,SESSAO EXTRAORDINARIA
65,450,2023-04-11,SESSAO ORDINARIA
65,471,2023-05-24,SESSAO ORDINARIA
65,472,2023-05-25,SESSAO ORDINARIA
65,498,2023-08-23,SESSAO ORDINARIA
65,505,2023-09-05,SESSAO ORDINARIA
65,522,2023-10-11,SESSAO ORDINARIA
65,530,2023-10-31,SESSAO ORDINARIA
65,531,2023-10-31,SESSAO EXTRAORDINARIA
65,532,2023-11-01,SESSAO ORDINARIA
65,551,2023-12-07,SESSAO ORDINARIA
65,552,2023-12-12,SESSAO EXTRAORDINARIA
65,554,2023-12-13,SESSAO ORDINARIA
65,555,2023-12-13,SESSAO EXTRAORDINARIA
65,556,2023-12-13,SESSAO EXTRAORDINARIA
65,573,2024-02-28,SESSAO ORDINARIA
65,574,2024-02-29,SESSAO ORDINARIA
65,593,2024-04-09,SESSAO EXTRAORDINARIA
65,594,2024-04-09,SESSAO ORDINARIA
65,595,2024-04-10,SESSAO ORDINARIA
65,596,2024-04-09,SESSAO EXTRAORDINARIA
65,597,2024-04-11,SESSAO ORDINARIA
65,599,2024-05-07,SESSAO EXTRAORDINARIA
65,600,2024-04-16,SESSAO ORDINARIA
65,601,2024-04-17,SESSAO ORDINARIA
65,602,2024-04-18,SESSAO ORDINARIA
65,608,2024-05-07,SESSAO ORDINARIA
65,609,2024-05-08,SESSAO ORDINARIA
65,610,2024-05-09,SESSAO ORDINARIA
65,613,2024-05-15,SESSAO ORDINARIA
65,614,2024-05-16,SESSAO ORDINARIA
65,616,2024-05-22,SESSAO ORDINARIA
65,617,2024-05-23,SESSAO ORDINARIA
65,626,2024-06-06,SESSAO ORDINARIA
65,629,2024-06-13,SESSAO ORDINARIA
65,643,2024-08-08,SESSAO ORDINARIA
65,645,2024-08-15,SESSAO ORDINARIA
65,646,2024-08-14,SESSAO EXTRAORDINARIA
65,648,2024-08-21,SESSAO ORDINARIA
65,651,2024-08-29,SESSAO ORDINARIA
65,654,2024-09-04,SESSAO ORDINARIA
65,655,2024-09-05,SESSAO ORDINARIA
65,659,2024-09-12,SESSAO ORDINARIA
65,663,2024-09-19,SESSAO ORDINARIA
65,664,2024-09-24,SESSAO EXTRAORDINARIA
65,665,2024-09-24,SESSAO ORDINARIA
65,666,2024-09-25,SESSAO ORDINARIA
65,667,2024-09-26,SESSAO ORDINARIA
65,672,2024-10-03,SESSAO ORDINARIA
65,676,2024-10-10,SESSAO ORDINARIA
65,677,2024-10-15,SESSAO ORDINARIA
65,678,2024-10-16,SESSAO ORDINARIA
65,679,2024-10-17,SESSAO ORDINARIA
65,683,2024-10-24,SESSAO ORDINARIA
65,687,2024-10-30,SESSAO EXTRAORDINARIA
65,688,2024-10-31,SESSAO ORDINARIA
65,692,2024-11-07,SESSAO ORDINARIA
65,693,2024-11-12,SESSAO EXTRAORDINARIA
65,1693,2024-11-13,SESSAO ORDINARIA
65,1694,2024-11-14,SESSAO ORDINARIA
65,1701,2024-11-28,SESSAO ORDINARIA
65,1716,2025-02-13,ORDINARIA
65,1720,2025-02-25,ORDINARIA
65,1721,2025-02-20,ORDINARIA
65,1724,2025-02-26,ORDINARIA
65,1727,2025-02-27,ORDINARIA
65,1730,2025-03-06,ORDINARIA
65,1734,2025-03-11,EXTRAORDINARIA
65,1739,2025-03-13,ORDINARIA
65,1740,2025-03-18,EXTRAORDINARIA
65,1746,2025-03-20,ORDINARIA
65,1756,2025-04-02,EXTRAORDINARIA
65,1757,2025-03-27,ORDINARIA
65,1759,2025-04-01,ORDINARIA
65,1762,2025-04-02,ORDINARIA
65,1763,2025-04-03,ORDINARIA
65,1765,2025-04-03,ORDINARIA
65,1775,2025-04-10,ORDINARIA
65,1776,2025-04-10,ORDINARIA
65,1783,2025-04-16,ORDINARIA
65,1788,2025-04-24,ORDINARIA
65,1789,2025-04-24,ORDINARIA
65,1798,2025-05-08,ORDINARIA
65,1799,2025-05-08,ORDINARIA
65,1819,2025-05-22,ORDINARIA
65,1827,2025-05-28,ORDINARIA
65,1829,2025-05-29,ORDINARIA
65,1830,2025-05-29,ORDINARIA
65,1836,2025-06-04,ORDINARIA
65,1838,2025-06-05,ORDINARIA
65,1844,2025-06-11,ORDINARIA
65,1846,2025-06-12,ORDINARIA
65,1847,2025-06-12,ORDINARIA
65,1854,2025-06-18,ORDINARIA
65,1862,2025-06-25,ORDINARIA
65,1864,2025-06-26,ORDINARIA
65,1865,2025-06-26,ORDINARIA
65,1875,2025-08-07,ORDINARIA
65,1884,2025-08-14,ORDINARIA
65,1885,2025-08-14,ORDINARIA
65,1897,2025-08-21,SOLENE
65,1899,2025-08-22,SOLENE
65,1906,2025-08-28,ORDINARIA
65,1907,2025-08-28,ORDINARIA
65,1913,2025-09-03,ORDINARIA
65,1914,2025-09-04,ORDINARIA
65,1915,2025-09-04,ORDINARIA
65,1919,2025-09-11,ORDINARIA
65,1920,2025-09-11,ORDINARIA
65,1932,2025-09-18,ORDINARIA
65,1944,2025-09-25,ORDINARIA
65,1945,2025-09-25,ORDINARIA
65,1954,2025-10-01,ORDINARIA
65,1956,2025-10-02,ORDINARIA
65,1967,2025-10-09,ORDINARIA
65,1968,2025-10-09,ORDINARIA
65,1974,2025-10-14,ORDINARIA
65,1975,2025-10-15,EXTRAORDINARIA
65,1977,2025-10-15,ORDINARIA
65,1979,2025-10-16,ORDINARIA
65,1988,2025-10-22,ORDINARIA
65,1990,2025-10-23,ORDINARIA
65,1994,2025-10-30,ORDINARIA
65,1995,2025-10-30,ORDINARIA
65,2006,2025-11-06,ORDINARIA
65,2015,2025-11-11,EXTRAORDINARIA
65,2020,2025-11-13,ORDINARIA
65,2030,2025-11-19,ORDINARIA
65,2039,2025-11-27,ORDINARIA
65,2040,2025-11-27,ORDINARIA
65,2053,2025-12-04,ORDINARIA
65,2065,2025-12-15,ORDINARIA
65,2072,2026-02-05,ORDINARIA
65,2074,2026-02-10,ORDINARIA
65,2075,2026-02-10,EXTRAORDINARIA
65,2078,2026-02-11,ORDINARIA
65,2081,2026-02-12,ORDINARIA
65,2082,2026-02-19,ORDINARIA
65,2088,2026-02-26,ORDINARIA
65,2096,2026-03-05,SOLENE
65,2103,2026-04-01,ORDINARIA
65,2109,2026-04-09,ORDINARIA
65,2116,2026-04-16,ORDINARIA
65,2118,2026-04-22,ORDINARIA
65,2119,2026-04-23,ORDINARIA
65,2131,2026-03-19,ORDINARIA
65,2141,2026-03-26,ORDINARIA
65,2145,2026-04-30,ORDINARIA
65,2152,2026-05-07,ORDINARIA
65,2163,2026-05-14,ORDINARIA
65,2176,2026-03-12,ORDINARIA
65,2185,2026-05-20,ORDINARIA
65,2188,2026-05-21,ORDINARIA
65,2193,2026-05-28,ORDINARIA
65,2199,2026-06-02,ORDINARIA
65,2200,2026-06-03,ORDINARIA
65,2205,2026-06-11,ORDINARIA
65,2225,2026-08-04,ORDINARIA
65,2228,2026-08-05,ORDINARIA
65,2229,2026-08-06,ORDINARIA
65,2239,2026-06-18,ORDINARIA
65,2244,2026-08-12,ORDINARIA
65,2245,2026-08-13,ORDINARIA
65,2253,2026-08-19,ORDINARIA
65,2255,2026-08-20,ORDINARIA
66,4,2020-02-04,SESSAO ORDINARIA
66,5,2020-02-05,SESSAO ORDINARIA
66,6,2020-02-11,SESSAO ORDINARIA
66,7,2020-02-11,SESSAO EXTRAORDINARIA
66,8,2020-02-12,SESSAO ORDINARIA
66,9,2020-02-13,SESSAO ORDINARIA
66,10,2020-02-18,SESSAO ORDINARIA
66,11,2020-02-19,SESSAO ORDINARIA
66,12,2020-02-20,SESSAO ORDINARIA
66,13,2020-02-27,SESSAO ORDINARIA
66,14,2020-03-03,SESSAO ORDINARIA
66,15,2020-03-04,SESSAO ORDINARIA
66,16,2020-03-05,SESSAO ORDINARIA
66,17,2020-03-10,SESSAO ORDINARIA
66,18,2020-03-11,SESSAO ORDINARIA
66,19,2020-03-11,SESSAO EXTRAORDINARIA
66,20,2020-03-12,SESSAO ORDINARIA
66,21,2020-03-16,SESSAO EXTRAORDINARIA
66,22,2020-03-16,SESSAO EXTRAORDINARIA
66,23,2020-03-17,SESSAO ORDINARIA
66,24,2020-03-17,SESSAO EXTRAORDINARIA
66,25,2020-03-24,SESSAO EXTRAORDINARIA
66,26,2020-03-24,SESSAO EXTRAORDINARIA
66,27,2020-03-25,SESSAO EXTRAORDINARIA
66,28,2020-03-25,SESSAO EXTRAORDINARIA
66,29,2020-03-25,SESSAO EXTRAORDINARIA
66,30,2020-03-25,SESSAO EXTRAORDINARIA
66,31,2020-03-31,SESSAO EXTRAORDINARIA
66,32,2020-03-31,SESSAO EXTRAORDINARIA
66,33,2020-03-31,SESSAO EXTRAORDINARIA
66,34,2020-04-07,SESSAO EXTRAORDINARIA
66,35,2020-04-01,SESSAO EXTRAORDINARIA
66,36,2020-04-01,SESSAO EXTRAORDINARIA
66,37,2020-04-07,SESSAO EXTRAORDINARIA
66,38,2020-04-08,SESSAO EXTRAORDINARIA
66,39,2020-04-14,SESSAO EXTRAORDINARIA
66,40,2020-04-14,SESSAO EXTRAORDINARIA
66,41,2020-04-14,SESSAO EXTRAORDINARIA
66,42,2020-04-15,SESSAO EXTRAORDINARIA
66,43,2020-04-15,SESSAO EXTRAORDINARIA
66,44,2020-04-22,SESSAO EXTRAORDINARIA
66,45,2020-04-22,SESSAO EXTRAORDINARIA
66,46,2020-04-22,SESSAO EXTRAORDINARIA
66,47,2020-04-22,SESSAO EXTRAORDINARIA
66,48,2020-04-28,SESSAO EXTRAORDINARIA
66,49,2020-04-28,SESSAO EXTRAORDINARIA
66,50,2020-04-29,SESSAO EXTRAORDINARIA
66,51,2020-04-29,SESSAO EXTRAORDINARIA
66,52,2020-05-05,SESSAO EXTRAORDINARIA
66,53,2020-05-05,SESSAO EXTRAORDINARIA
66,54,2020-05-19,SESSAO EXTRAORDINARIA
66,55,2020-05-19,SESSAO EXTRAORDINARIA
66,56,2020-05-20,SESSAO EXTRAORDINARIA
66,57,2020-05-20,SESSAO EXTRAORDINARIA
66,58,2020-05-20,SESSAO EXTRAORDINARIA
66,59,2020-05-26,SESSAO EXTRAORDINARIA
66,60,2020-05-27,SESSAO EXTRAORDINARIA
66,61,2020-06-02,SESSAO EXTRAORDINARIA
66,62,2020-06-02,SESSAO EXTRAORDINARIA
66,63,2020-06-09,SESSAO EXTRAORDINARIA
66,64,2020-06-10,SESSAO EXTRAORDINARIA
66,65,2020-06-10,SESSAO EXTRAORDINARIA
66,66,2020-06-10,SESSAO EXTRAORDINARIA
66,67,2020-06-16,SESSAO EXTRAORDINARIA
66,68,2020-06-16,SESSAO EXTRAORDINARIA
66,69,2020-06-17,SESSAO EXTRAORDINARIA
66,70,2020-06-17,SESSAO EXTRAORDINARIA
66,71,2020-06-18,SESSAO EXTRAORDINARIA
66,72,2020-06-23,SESSAO EXTRAORDINARIA
66,73,2020-06-24,SESSAO EXTRAORDINARIA
66,74,2020-06-24,SESSAO EXTRAORDINARIA
66,75,2020-06-30,SESSAO EXTRAORDINARIA
66,76,2020-06-30,SESSAO EXTRAORDINARIA
66,77,2020-08-04,SESSAO EXTRAORDINARIA
66,78,2020-08-05,SESSAO EXTRAORDINARIA
66,79,2020-08-11,SESSAO EXTRAORDINARIA
66,80,2020-08-11,SESSAO EXTRAORDINARIA
66,81,2020-08-12,SESSAO EXTRAORDINARIA
66,82,2020-08-12,SESSAO EXTRAORDINARIA
66,83,2020-08-18,SESSAO EXTRAORDINARIA
66,84,2020-08-19,SESSAO EXTRAORDINARIA
66,85,2020-08-19,SESSAO EXTRAORDINARIA
66,86,2020-08-25,SESSAO EXTRAORDINARIA
66,87,2020-08-26,SESSAO EXTRAORDINARIA
66,88,2020-09-01,SESSAO EXTRAORDINARIA
66,89,2020-09-02,SESSAO EXTRAORDINARIA
66,90,2020-09-08,SESSAO EXTRAORDINARIA
66,91,2020-09-09,SESSAO EXTRAORDINARIA
66,92,2020-09-15,SESSAO EXTRAORDINARIA
66,93,2020-09-16,SESSAO EXTRAORDINARIA
66,94,2020-09-17,SESSAO EXTRAORDINARIA
66,95,2020-09-22,SESSAO EXTRAORDINARIA
66,96,2020-09-23,SESSAO EXTRAORDINARIA
66,97,2020-09-23,SESSAO EXTRAORDINARIA
66,98,2020-09-29,SESSAO EXTRAORDINARIA
66,99,2020-09-29,SESSAO EXTRAORDINARIA
66,100,2020-09-30,SESSAO EXTRAORDINARIA
66,101,2020-10-06,SESSAO EXTRAORDINARIA
66,102,2020-10-07,SESSAO EXTRAORDINARIA
66,103,2020-10-07,SESSAO EXTRAORDINARIA
66,104,2020-10-13,SESSAO EXTRAORDINARIA
66,105,2020-10-14,SESSAO EXTRAORDINARIA
66,106,2020-10-14,SESSAO EXTRAORDINARIA
66,107,2020-10-15,SESSAO EXTRAORDINARIA
66,108,2020-10-20,SESSAO EXTRAORDINARIA
66,109,2020-10-21,SESSAO EXTRAORDINARIA
66,110,2020-10-21,SESSAO EXTRAORDINARIA
66,111,2020-10-27,SESSAO EXTRAORDINARIA
66,112,2020-10-28,SESSAO EXTRAORDINARIA
66,113,2020-10-28,SESSAO EXTRAORDINARIA
66,114,2020-11-03,SESSAO EXTRAORDINARIA
66,115,2020-11-03,SESSAO EXTRAORDINARIA
66,116,2020-11-04,SESSAO EXTRAORDINARIA
66,117,2020-11-10,SESSAO EXTRAORDINARIA
66,118,2020-11-10,SESSAO EXTRAORDINARIA
66,119,2020-11-11,SESSAO EXTRAORDINARIA
66,120,2020-11-17,SESSAO EXTRAORDINARIA
66,121,2020-11-17,SESSAO EXTRAORDINARIA
66,122,2020-11-18,SESSAO EXTRAORDINARIA
66,123,2020-11-24,SESSAO EXTRAORDINARIA
66,124,2020-11-25,SESSAO EXTRAORDINARIA
66,125,2020-11-25,SESSAO EXTRAORDINARIA
66,126,2020-12-01,SESSAO EXTRAORDINARIA
66,127,2020-12-01,SESSAO EXTRAORDINARIA
66,128,2020-12-02,SESSAO EXTRAORDINARIA
66,129,2020-12-08,SESSAO EXTRAORDINARIA
66,130,2020-12-09,SESSAO EXTRAORDINARIA
66,131,2020-12-09,SESSAO EXTRAORDINARIA
66,132,2020-12-10,SESSAO EXTRAORDINARIA
66,133,2020-12-10,SESSAO EXTRAORDINARIA
66,134,2020-12-10,SESSAO EXTRAORDINARIA
66,135,2020-12-15,SESSAO EXTRAORDINARIA
66,136,2021-02-02,SESSAO PREPARATORIA
66,137,2021-02-03,SESSAO EXTRAORDINARIA
66,138,2021-02-09,SESSAO EXTRAORDINARIA
66,139,2021-02-10,SESSAO EXTRAORDINARIA
66,140,2021-02-23,SESSAO EXTRAORDINARIA
66,141,2021-02-23,SESSAO EXTRAORDINARIA
66,142,2021-02-24,SESSAO EXTRAORDINARIA
66,143,2021-03-02,SESSAO EXTRAORDINARIA
66,144,2021-03-03,SESSAO EXTRAORDINARIA
66,145,2021-03-09,SESSAO EXTRAORDINARIA
66,146,2021-03-09,SESSAO EXTRAORDINARIA
66,147,2021-03-10,SESSAO EXTRAORDINARIA
66,148,2021-03-16,SESSAO EXTRAORDINARIA
66,149,2021-03-17,SESSAO EXTRAORDINARIA
66,150,2021-03-23,SESSAO EXTRAORDINARIA
66,151,2021-03-24,SESSAO EXTRAORDINARIA
66,152,2021-03-30,SESSAO EXTRAORDINARIA
66,153,2021-03-30,SESSAO EXTRAORDINARIA
66,154,2021-03-31,SESSAO EXTRAORDINARIA
66,155,2021-04-06,SESSAO EXTRAORDINARIA
66,156,2021-04-06,SESSAO EXTRAORDINARIA
66,157,2021-04-07,SESSAO EXTRAORDINARIA
66,158,2021-04-13,SESSAO EXTRAORDINARIA
66,159,2021-04-14,SESSAO EXTRAORDINARIA
66,160,2021-04-14,SESSAO EXTRAORDINARIA
66,161,2021-04-20,SESSAO EXTRAORDINARIA
66,162,2021-04-27,SESSAO EXTRAORDINARIA
66,163,2021-04-27,SESSAO EXTRAORDINARIA
66,164,2021-04-27,SESSAO EXTRAORDINARIA
66,165,2021-04-28,SESSAO EXTRAORDINARIA
66,166,2021-05-04,SESSAO EXTRAORDINARIA
66,167,2021-05-05,SESSAO EXTRAORDINARIA
66,168,2021-05-11,SESSAO EXTRAORDINARIA
66,169,2021-05-11,SESSAO EXTRAORDINARIA
66,170,2021-05-12,SESSAO EXTRAORDINARIA
66,171,2021-05-18,SESSAO EXTRAORDINARIA
66,172,2021-05-19,SESSAO EXTRAORDINARIA
66,173,2021-05-19,SESSAO EXTRAORDINARIA
66,174,2021-05-25,SESSAO EXTRAORDINARIA
66,175,2021-05-25,SESSAO EXTRAORDINARIA
66,176,2021-05-26,SESSAO EXTRAORDINARIA
66,177,2021-06-01,SESSAO EXTRAORDINARIA
66,178,2021-06-02,SESSAO EXTRAORDINARIA
66,179,2021-06-08,SESSAO EXTRAORDINARIA
66,180,2021-06-08,SESSAO EXTRAORDINARIA
66,181,2021-06-09,SESSAO EXTRAORDINARIA
66,182,2021-06-15,SESSAO EXTRAORDINARIA
66,183,2021-06-15,SESSAO EXTRAORDINARIA
66,184,2021-06-16,SESSAO EXTRAORDINARIA
66,185,2021-06-22,SESSAO EXTRAORDINARIA
66,186,2021-06-23,SESSAO EXTRAORDINARIA
66,187,2021-06-23,SESSAO EXTRAORDINARIA
66,188,2021-06-29,SESSAO EXTRAORDINARIA
66,189,2021-06-29,SESSAO EXTRAORDINARIA
66,190,2021-08-03,SESSAO ORDINARIA
66,191,2022-02-01,SESSAO ORDINARIA
66,192,2021-08-04,SESSAO ORDINARIA
66,193,2021-08-04,SESSAO EXTRAORDINARIA
66,194,2021-08-05,SESSAO ORDINARIA
66,195,2021-08-05,SESSAO ORDINARIA
66,196,2021-08-10,SESSAO ORDINARIA
66,197,2021-08-10,SESSAO EXTRAORDINARIA
66,198,2021-08-11,SESSAO ORDINARIA
66,199,2021-08-12,SESSAO ORDINARIA
66,200,2021-08-17,SESSAO ORDINARIA
66,201,2021-08-17,SESSAO EXTRAORDINARIA
66,202,2021-08-17,SESSAO EXTRAORDINARIA
66,203,2021-08-18,SESSAO ORDINARIA
66,204,2021-08-19,SESSAO ORDINARIA
66,205,2021-08-24,SESSAO ORDINARIA
66,206,2021-08-25,SESSAO ORDINARIA
66,207,2021-08-26,SESSAO ORDINARIA
66,208,2021-08-31,SESSAO ORDINARIA
66,209,2021-08-31,SESSAO EXTRAORDINARIA
66,210,2021-08-31,SESSAO EXTRAORDINARIA
66,211,2021-09-01,SESSAO ORDINARIA
66,212,2021-09-02,SESSAO ORDINARIA
66,213,2021-09-08,SESSAO ORDINARIA
66,214,2021-09-09,SESSAO ORDINARIA
66,215,2021-09-14,SESSAO ORDINARIA
66,216,2021-09-15,SESSAO ORDINARIA
66,217,2021-09-15,SESSAO EXTRAORDINARIA
66,218,2021-09-16,SESSAO ORDINARIA
66,219,2021-09-21,SESSAO ORDINARIA
66,220,2021-09-21,SESSAO EXTRAORDINARIA
66,221,2021-09-22,SESSAO ORDINARIA
66,222,2021-09-23,SESSAO ORDINARIA
66,223,2021-09-28,SESSAO ORDINARIA
66,224,2021-09-29,SESSAO ORDINARIA
66,225,2021-09-30,SESSAO ORDINARIA
66,226,2021-10-05,SESSAO ORDINARIA
66,227,2021-10-05,SESSAO EXTRAORDINARIA
66,228,2021-10-06,SESSAO ORDINARIA
66,229,2021-10-06,SESSAO EXTRAORDINARIA
66,230,2021-10-06,SESSAO EXTRAORDINARIA
66,231,2021-10-07,SESSAO ORDINARIA
66,232,2021-10-13,SESSAO ORDINARIA
66,233,2021-10-14,SESSAO ORDINARIA
66,234,2021-10-19,SESSAO ORDINARIA
66,235,2021-10-20,SESSAO ORDINARIA
66,236,2021-10-20,SESSAO EXTRAORDINARIA
66,237,2021-10-21,SESSAO ORDINARIA
66,238,2021-10-26,SESSAO ORDINARIA
66,239,2021-10-27,SESSAO ORDINARIA
66,240,2021-10-28,SESSAO ORDINARIA
66,241,2021-11-03,SESSAO ORDINARIA
66,242,2021-11-03,SESSAO EXTRAORDINARIA
66,243,2021-11-03,SESSAO EXTRAORDINARIA
66,244,2021-11-04,SESSAO ORDINARIA
66,245,2021-11-09,SESSAO ORDINARIA
66,246,2021-11-09,SESSAO EXTRAORDINARIA
66,247,2021-11-10,SESSAO ORDINARIA
66,248,2021-11-10,SESSAO EXTRAORDINARIA
66,249,2021-11-11,SESSAO ORDINARIA
66,250,2021-11-16,SESSAO ORDINARIA
66,251,2021-11-17,SESSAO ORDINARIA
66,252,2021-11-18,SESSAO ORDINARIA
66,253,2021-11-23,SESSAO ORDINARIA
66,254,2021-11-23,SESSAO EXTRAORDINARIA
66,255,2021-11-24,SESSAO ORDINARIA
66,256,2021-11-25,SESSAO ORDINARIA
66,257,2021-12-01,SESSAO ORDINARIA
66,258,2021-12-01,SESSAO EXTRAORDINARIA
66,259,2021-12-02,SESSAO EXTRAORDINARIA
66,260,2021-12-02,SESSAO ORDINARIA
66,261,2021-12-07,SESSAO ORDINARIA
66,262,2021-12-07,SESSAO EXTRAORDINARIA
66,263,2021-12-08,SESSAO ORDINARIA
66,264,2021-12-08,SESSAO EXTRAORDINARIA
66,265,2021-12-09,SESSAO ORDINARIA
66,266,2021-12-09,SESSAO EXTRAORDINARIA
66,267,2021-12-14,SESSAO EXTRAORDINARIA
66,268,2021-12-14,SESSAO ORDINARIA
66,269,2021-12-14,SESSAO EXTRAORDINARIA
66,270,2021-12-14,SESSAO EXTRAORDINARIA
66,271,2021-12-14,SESSAO EXTRAORDINARIA
66,272,2021-12-15,SESSAO ORDINARIA
66,273,2022-02-02,SESSAO ORDINARIA
66,274,2022-02-03,SESSAO ORDINARIA
66,275,2022-02-08,SESSAO ORDINARIA
66,276,2022-02-08,SESSAO EXTRAORDINARIA
66,277,2022-02-08,SESSAO EXTRAORDINARIA
66,278,2022-02-09,SESSAO ORDINARIA
66,279,2022-02-10,SESSAO ORDINARIA
66,280,2022-02-15,SESSAO ORDINARIA
66,281,2022-02-15,SESSAO EXTRAORDINARIA
66,282,2022-02-16,SESSAO ORDINARIA
66,283,2022-02-16,SESSAO EXTRAORDINARIA
66,284,2022-02-17,SESSAO ORDINARIA
66,285,2022-02-22,SESSAO ORDINARIA
66,286,2022-02-22,SESSAO EXTRAORDINARIA
66,287,2022-02-23,SESSAO ORDINARIA
66,288,2022-03-08,SESSAO EXTRAORDINARIA
66,289,2022-02-24,SESSAO ORDINARIA
66,290,2022-03-03,SESSAO ORDINARIA
66,291,2022-03-08,SESSAO ORDINARIA
66,292,2022-03-09,SESSAO ORDINARIA
66,293,2022-03-09,SESSAO EXTRAORDINARIA
66,294,2022-03-10,SESSAO ORDINARIA
66,295,2022-03-15,SESSAO EXTRAORDINARIA
66,296,2022-03-23,SESSAO EXTRAORDINARIA
66,297,2022-03-15,SESSAO ORDINARIA
66,298,2022-03-16,SESSAO ORDINARIA
66,299,2022-03-17,SESSAO ORDINARIA
66,300,2022-03-22,SESSAO ORDINARIA
66,301,2022-03-23,SESSAO ORDINARIA
66,302,2022-03-29,SESSAO EXTRAORDINARIA
66,303,2022-03-24,SESSAO ORDINARIA
66,304,2022-03-29,SESSAO ORDINARIA
66,305,2022-03-30,SESSAO ORDINARIA
66,306,2022-03-30,SESSAO EXTRAORDINARIA
66,307,2022-03-31,SESSAO EXTRAORDINARIA
66,308,2022-03-31,SESSAO ORDINARIA
66,309,2022-03-31,SESSAO EXTRAORDINARIA
66,310,2022-03-31,SESSAO EXTRAORDINARIA
66,311,2022-03-31,SESSAO EXTRAORDINARIA
66,312,2022-04-05,SESSAO ORDINARIA
66,313,2022-04-12,SESSAO EXTRAORDINARIA
66,314,2022-04-06,SESSAO ORDINARIA
66,315,2022-04-12,SESSAO EXTRAORDINARIA
66,316,2022-05-10,SESSAO EXTRAORDINARIA
66,317,2022-04-07,SESSAO ORDINARIA
66,318,2022-04-12,SESSAO ORDINARIA
66,319,2022-04-13,SESSAO ORDINARIA
66,320,2022-04-19,SESSAO ORDINARIA
66,321,2022-04-20,SESSAO ORDINARIA
66,322,2022-04-26,SESSAO ORDINARIA
66,323,2022-04-27,SESSAO ORDINARIA
66,324,2022-04-28,SESSAO ORDINARIA
66,325,2022-05-03,SESSAO ORDINARIA
66,326,2022-05-04,SESSAO ORDINARIA
66,327,2022-05-05,SESSAO ORDINARIA
66,328,2022-05-10,SESSAO ORDINARIA
66,329,2022-05-11,SESSAO ORDINARIA
66,330,2022-05-17,SESSAO EXTRAORDINARIA
66,331,2022-05-12,SESSAO ORDINARIA
66,332,2022-06-07,SESSAO EXTRAORDINARIA
66,333,2022-05-12,SESSAO ORDINARIA
66,334,2022-05-17,SESSAO ORDINARIA
66,335,2022-05-18,SESSAO ORDINARIA
66,336,2022-05-19,SESSAO ORDINARIA
66,337,2022-05-24,SESSAO ORDINARIA
66,338,2022-05-25,SESSAO ORDINARIA
66,339,2022-05-26,SESSAO ORDINARIA
66,340,2022-05-31,SESSAO ORDINARIA
66,341,2022-06-01,SESSAO ORDINARIA
66,342,2022-06-02,SESSAO ORDINARIA
66,343,2022-06-07,SESSAO ORDINARIA
66,344,2022-06-08,SESSAO ORDINARIA
66,345,2022-06-21,SESSAO EXTRAORDINARIA
66,346,2022-06-09,SESSAO ORDINARIA
66,347,2022-06-14,SESSAO ORDINARIA
66,348,2022-06-15,SESSAO ORDINARIA
66,349,2022-06-21,SESSAO ORDINARIA
66,350,2022-06-22,SESSAO ORDINARIA
66,351,2022-06-23,SESSAO ORDINARIA
66,352,2022-06-28,SESSAO ORDINARIA
66,353,2022-06-29,SESSAO EXTRAORDINARIA
66,354,2022-06-29,SESSAO ORDINARIA
66,355,2022-06-29,SESSAO EXTRAORDINARIA
66,356,2022-06-30,SESSAO ORDINARIA
66,357,2022-08-02,SESSAO ORDINARIA
66,358,2022-08-30,SESSAO EXTRAORDINARIA
66,359,2022-08-03,SESSAO ORDINARIA
66,360,2022-08-04,SESSAO ORDINARIA
66,361,2022-08-09,SESSAO ORDINARIA
66,362,2022-08-10,SESSAO ORDINARIA
66,363,2022-08-11,SESSAO ORDINARIA
66,364,2022-08-16,SESSAO ORDINARIA
66,365,2022-08-17,SESSAO ORDINARIA
66,366,2022-08-18,SESSAO ORDINARIA
66,367,2022-08-23,SESSAO ORDINARIA
66,368,2022-08-24,SESSAO ORDINARIA
66,369,2022-08-25,SESSAO ORDINARIA
66,370,2022-08-30,SESSAO ORDINARIA
66,371,2022-08-31,SESSAO ORDINARIA
66,372,2022-09-13,SESSAO EXTRAORDINARIA
66,373,2022-09-01,SESSAO ORDINARIA
66,374,2022-09-08,SESSAO ORDINARIA
66,375,2022-09-13,SESSAO ORDINARIA
66,376,2022-09-14,SESSAO ORDINARIA
66,377,2022-09-15,SESSAO ORDINARIA
66,378,2022-09-20,SESSAO ORDINARIA
66,379,2022-10-25,SESSAO EXTRAORDINARIA
66,380,2022-09-21,SESSAO ORDINARIA
66,381,2022-09-22,SESSAO ORDINARIA
66,382,2022-09-27,SESSAO ORDINARIA
66,383,2022-09-28,SESSAO ORDINARIA
66,384,2022-09-29,SESSAO ORDINARIA
66,385,2022-10-04,SESSAO ORDINARIA
66,386,2022-10-05,SESSAO ORDINARIA
66,387,2022-10-06,SESSAO ORDINARIA
66,388,2022-10-11,SESSAO ORDINARIA
66,389,2022-10-13,SESSAO ORDINARIA
66,390,2022-10-18,SESSAO ORDINARIA
66,391,2022-10-19,SESSAO ORDINARIA
66,392,2022-10-20,SESSAO ORDINARIA
66,393,2022-10-25,SESSAO ORDINARIA
66,394,2022-10-25,SESSAO EXTRAORDINARIA
66,395,2022-10-26,SESSAO ORDINARIA
66,396,2022-10-27,SESSAO ORDINARIA
66,397,2022-11-03,SESSAO ORDINARIA
66,398,2022-11-08,SESSAO ORDINARIA
66,399,2022-11-08,SESSAO EXTRAORDINARIA
66,400,2022-11-09,SESSAO ORDINARIA
66,401,2022-11-22,SESSAO EXTRAORDINARIA
66,402,2022-11-10,SESSAO ORDINARIA
66,403,2022-12-06,SESSAO EXTRAORDINARIA
66,404,2022-11-16,SESSAO ORDINARIA
66,405,2022-11-17,SESSAO ORDINARIA
66,406,2022-11-22,SESSAO ORDINARIA
66,407,2022-11-23,SESSAO ORDINARIA
66,408,2022-11-29,SESSAO ORDINARIA
66,409,2022-12-01,SESSAO ORDINARIA
66,410,2022-12-06,SESSAO ORDINARIA
66,411,2022-12-07,SESSAO ORDINARIA
66,412,2022-12-07,SESSAO EXTRAORDINARIA
66,413,2022-12-08,SESSAO ORDINARIA
66,414,2022-12-13,SESSAO ORDINARIA
66,415,2022-12-13,SESSAO EXTRAORDINARIA
66,416,2022-12-14,SESSAO ORDINARIA
66,417,2022-12-15,SESSAO ORDINARIA
66,422,2023-02-14,SESSAO EXTRAORDINARIA
66,442,2023-03-21,SESSAO EXTRAORDINARIA
66,443,2023-04-04,SESSAO EXTRAORDINARIA
66,447,2023-04-04,SESSAO ORDINARIA
66,448,2023-04-05,SESSAO ORDINARIA
66,455,2023-04-20,SESSAO ORDINARIA
66,462,2023-05-09,SESSAO EXTRAORDINARIA
66,472,2023-05-25,SESSAO ORDINARIA
66,489,2023-08-03,SESSAO ORDINARIA
66,495,2023-08-16,SESSAO ORDINARIA
66,512,2023-09-26,SESSAO EXTRAORDINARIA
66,534,2023-11-07,SESSAO EXTRAORDINARIA
66,535,2023-11-08,SESSAO ORDINARIA
66,536,2023-11-09,SESSAO ORDINARIA
66,537,2023-11-14,SESSAO EXTRAORDINARIA
66,544,2023-11-23,SESSAO ORDINARIA
66,545,2023-11-28,SESSAO EXTRAORDINARIA
66,563,2024-02-08,SESSAO ORDINARIA
66,568,2024-02-22,SESSAO ORDINARIA
66,578,2024-03-07,SESSAO ORDINARIA
66,584,2024-03-21,SESSAO ORDINARIA
66,597,2024-04-11,SESSAO ORDINARIA
66,602,2024-04-18,SESSAO ORDINARIA
66,604,2024-04-25,SESSAO ORDINARIA
66,607,2024-05-02,SESSAO ORDINARIA
66,610,2024-05-09,SESSAO ORDINARIA
66,611,2024-05-28,SESSAO EXTRAORDINARIA
66,613,2024-05-15,SESSAO ORDINARIA
66,614,2024-05-16,SESSAO ORDINARIA
66,617,2024-05-23,SESSAO ORDINARIA
66,618,2024-05-28,SESSAO ORDINARIA
66,621,2024-06-04,SESSAO EXTRAORDINARIA
66,629,2024-06-13,SESSAO ORDINARIA
66,640,2024-08-07,SESSAO EXTRAORDINARIA
66,655,2024-09-05,SESSAO ORDINARIA
66,656,2024-09-10,SESSAO EXTRAORDINARIA
66,657,2024-09-10,SESSAO ORDINARIA
66,658,2024-09-11,SESSAO ORDINARIA
66,659,2024-09-12,SESSAO ORDINARIA
66,661,2024-09-17,SESSAO EXTRAORDINARIA
66,663,2024-09-19,SESSAO ORDINARIA
66,664,2024-09-24,SESSAO EXTRAORDINARIA
66,668,2024-08-27,SESSAO EXTRAORDINARIA
66,672,2024-10-03,SESSAO ORDINARIA
66,676,2024-10-10,SESSAO ORDINARIA
66,678,2024-10-16,SESSAO ORDINARIA
66,679,2024-10-17,SESSAO ORDINARIA
66,680,2024-10-22,SESSAO EXTRAORDINARIA
66,683,2024-10-24,SESSAO ORDINARIA
66,684,2024-10-29,SESSAO EXTRAORDINARIA
66,687,2024-10-30,SESSAO EXTRAORDINARIA
66,688,2024-10-31,SESSAO ORDINARIA
66,1694,2024-11-14,SESSAO ORDINARIA
66,1701,2024-11-28,SESSAO ORDINARIA
66,1702,2024-12-03,SESSAO ORDINARIA
66,1703,2024-12-03,SESSAO EXTRAORDINARIA
66,1704,2024-12-04,SESSAO EXTRAORDINARIA
66,1705,2024-12-04,SESSAO ORDINARIA
66,1710,2024-03-12,SESSAO EXTRAORDINARIA
66,1716,2025-02-13,ORDINARIA
66,1721,2025-02-20,ORDINARIA
66,1727,2025-02-27,ORDINARIA
66,1730,2025-03-06,ORDINARIA
66,1743,2025-03-18,EXTRAORDINARIA
66,1757,2025-03-27,ORDINARIA
66,1763,2025-04-03,ORDINARIA
66,1765,2025-04-03,ORDINARIA
66,1775,2025-04-10,ORDINARIA
66,1776,2025-04-10,ORDINARIA
66,1783,2025-04-16,ORDINARIA
66,1788,2025-04-24,ORDINARIA
66,1789,2025-04-24,ORDINARIA
66,1790,2025-04-29,ORDINARIA
66,1792,2025-04-30,ORDINARIA
66,1798,2025-05-08,ORDINARIA
66,1799,2025-05-08,ORDINARIA
66,1817,2025-05-21,ORDINARIA
66,1819,2025-05-22,ORDINARIA
66,1825,2025-05-27,EXTRAORDINARIA
66,1829,2025-05-29,ORDINARIA
66,1830,2025-05-29,ORDINARIA
66,1834,2025-06-17,EXTRAORDINARIA
66,1846,2025-06-12,ORDINARIA
66,1847,2025-06-12,ORDINARIA
66,1851,2025-06-17,EXTRAORDINARIA
66,1862,2025-06-25,ORDINARIA
66,1864,2025-06-26,ORDINARIA
66,1865,2025-06-26,ORDINARIA
66,1873,2025-08-06,ORDINARIA
66,1882,2025-08-13,ORDINARIA
66,1884,2025-08-14,ORDINARIA
66,1896,2025-08-26,EXTRAORDINARIA
66,1897,2025-08-21,SOLENE
66,1899,2025-08-22,SOLENE
66,1906,2025-08-28,ORDINARIA
66,1907,2025-08-28,ORDINARIA
66,1914,2025-09-04,ORDINARIA
66,1915,2025-09-04,ORDINARIA
66,1919,2025-09-11,ORDINARIA
66,1932,2025-09-18,ORDINARIA
66,1933,2025-09-18,ORDINARIA
66,1944,2025-09-25,ORDINARIA
66,1945,2025-09-25,ORDINARIA
66,1954,2025-10-01,ORDINARIA
66,1956,2025-10-02,ORDINARIA
66,1963,2025-10-07,ORDINARIA
66,1967,2025-10-09,ORDINARIA
66,1968,2025-10-09,ORDINARIA
66,1975,2025-10-15,EXTRAORDINARIA
66,1979,2025-10-16,ORDINARIA
66,1988,2025-10-22,ORDINARIA
66,1990,2025-10-23,ORDINARIA
66,1992,2025-10-29,ORDINARIA
66,1994,2025-10-30,ORDINARIA
66,1995,2025-10-30,ORDINARIA
66,2006,2025-11-06,ORDINARIA
66,2020,2025-11-13,ORDINARIA
66,2030,2025-11-19,ORDINARIA
66,2039,2025-11-27,ORDINARIA
66,2045,2025-12-02,ORDINARIA
66,2046,2025-12-02,EXTRAORDINARIA
66,2053,2025-12-04,ORDINARIA
66,2062,2025-12-10,EXTRAORDINARIA
66,2065,2025-12-15,ORDINARIA
66,2072,2026-02-05,ORDINARIA
66,2078,2026-02-11,ORDINARIA
66,2081,2026-02-12,ORDINARIA
66,2082,2026-02-19,ORDINARIA
66,2101,2026-03-31,EXTRAORDINARIA
66,2102,2026-03-31,EXTRAORDINARIA
66,2109,2026-04-09,ORDINARIA
66,2115,2026-04-29,EXTRAORDINARIA
66,2116,2026-04-16,ORDINARIA
66,2119,2026-04-23,ORDINARIA
66,2131,2026-03-19,ORDINARIA
66,2141,2026-03-26,ORDINARIA
66,2145,2026-04-30,ORDINARIA
66,2149,2026-05-12,EXTRAORDINARIA
66,2152,2026-05-07,ORDINARIA
66,2161,2026-05-13,ORDINARIA
66,2163,2026-05-14,ORDINARIA
66,2176,2026-03-12,ORDINARIA
66,2183,2026-05-19,EXTRAORDINARIA
66,2186,2026-06-09,EXTRAORDINARIA
66,2188,2026-05-21,ORDINARIA
66,2193,2026-05-28,ORDINARIA
66,2199,2026-06-02,ORDINARIA
66,2200,2026-06-03,ORDINARIA
66,2205,2026-06-11,ORDINARIA
66,2228,2026-08-05,ORDINARIA
66,2229,2026-08-06,ORDINARIA
66,2239,2026-06-18,ORDINARIA
66,2244,2026-08-12,ORDINARIA
66,2245,2026-08-13,ORDINARIA
66,2255,2026-08-20,ORDINARIA
67,4,2020-02-04,SESSAO ORDINARIA
67,5,2020-02-05,SESSAO ORDINARIA
67,6,2020-02-11,SESSAO ORDINARIA
67,7,2020-02-11,SESSAO EXTRAORDINARIA
67,8,2020-02-12,SESSAO ORDINARIA
67,9,2020-02-13,SESSAO ORDINARIA
67,10,2020-02-18,SESSAO ORDINARIA
67,11,2020-02-19,SESSAO ORDINARIA
67,12,2020-02-20,SESSAO ORDINARIA
67,13,2020-02-27,SESSAO ORDINARIA
67,14,2020-03-03,SESSAO ORDINARIA
67,15,2020-03-04,SESSAO ORDINARIA
67,16,2020-03-05,SESSAO ORDINARIA
67,17,2020-03-10,SESSAO ORDINARIA
67,18,2020-03-11,SESSAO ORDINARIA
67,19,2020-03-11,SESSAO EXTRAORDINARIA
67,20,2020-03-12,SESSAO ORDINARIA
67,21,2020-03-16,SESSAO EXTRAORDINARIA
67,22,2020-03-16,SESSAO EXTRAORDINARIA
67,23,2020-03-17,SESSAO ORDINARIA
67,24,2020-03-17,SESSAO EXTRAORDINARIA
67,25,2020-03-24,SESSAO EXTRAORDINARIA
67,26,2020-03-24,SESSAO EXTRAORDINARIA
67,27,2020-03-25,SESSAO EXTRAORDINARIA
67,28,2020-03-25,SESSAO EXTRAORDINARIA
67,29,2020-03-25,SESSAO EXTRAORDINARIA
67,30,2020-03-25,SESSAO EXTRAORDINARIA
67,31,2020-03-31,SESSAO EXTRAORDINARIA
67,32,2020-03-31,SESSAO EXTRAORDINARIA
67,33,2020-03-31,SESSAO EXTRAORDINARIA
67,34,2020-04-07,SESSAO EXTRAORDINARIA
67,35,2020-04-01,SESSAO EXTRAORDINARIA
67,36,2020-04-01,SESSAO EXTRAORDINARIA
67,37,2020-04-07,SESSAO EXTRAORDINARIA
67,38,2020-04-08,SESSAO EXTRAORDINARIA
67,39,2020-04-14,SESSAO EXTRAORDINARIA
67,40,2020-04-14,SESSAO EXTRAORDINARIA
67,41,2020-04-14,SESSAO EXTRAORDINARIA
67,42,2020-04-15,SESSAO EXTRAORDINARIA
67,43,2020-04-15,SESSAO EXTRAORDINARIA
67,44,2020-04-22,SESSAO EXTRAORDINARIA
67,45,2020-04-22,SESSAO EXTRAORDINARIA
67,46,2020-04-22,SESSAO EXTRAORDINARIA
67,47,2020-04-22,SESSAO EXTRAORDINARIA
67,48,2020-04-28,SESSAO EXTRAORDINARIA
67,49,2020-04-28,SESSAO EXTRAORDINARIA
67,50,2020-04-29,SESSAO EXTRAORDINARIA
67,51,2020-04-29,SESSAO EXTRAORDINARIA
67,52,2020-05-05,SESSAO EXTRAORDINARIA
67,53,2020-05-05,SESSAO EXTRAORDINARIA
67,54,2020-05-19,SESSAO EXTRAORDINARIA
67,55,2020-05-19,SESSAO EXTRAORDINARIA
67,56,2020-05-20,SESSAO EXTRAORDINARIA
67,57,2020-05-20,SESSAO EXTRAORDINARIA
67,58,2020-05-20,SESSAO EXTRAORDINARIA
67,59,2020-05-26,SESSAO EXTRAORDINARIA
67,60,2020-05-27,SESSAO EXTRAORDINARIA
67,61,2020-06-02,SESSAO EXTRAORDINARIA
67,62,2020-06-02,SESSAO EXTRAORDINARIA
67,63,2020-06-09,SESSAO EXTRAORDINARIA
67,64,2020-06-10,SESSAO EXTRAORDINARIA
67,65,2020-06-10,SESSAO EXTRAORDINARIA
67,66,2020-06-10,SESSAO EXTRAORDINARIA
67,67,2020-06-16,SESSAO EXTRAORDINARIA
67,68,2020-06-16,SESSAO EXTRAORDINARIA
67,69,2020-06-17,SESSAO EXTRAORDINARIA
67,70,2020-06-17,SESSAO EXTRAORDINARIA
67,71,2020-06-18,SESSAO EXTRAORDINARIA
67,72,2020-06-23,SESSAO EXTRAORDINARIA
67,73,2020-06-24,SESSAO EXTRAORDINARIA
67,74,2020-06-24,SESSAO EXTRAORDINARIA
67,75,2020-06-30,SESSAO EXTRAORDINARIA
67,76,2020-06-30,SESSAO EXTRAORDINARIA
67,77,2020-08-04,SESSAO EXTRAORDINARIA
67,78,2020-08-05,SESSAO EXTRAORDINARIA
67,79,2020-08-11,SESSAO EXTRAORDINARIA
67,80,2020-08-11,SESSAO EXTRAORDINARIA
67,81,2020-08-12,SESSAO EXTRAORDINARIA
67,82,2020-08-12,SESSAO EXTRAORDINARIA
67,83,2020-08-18,SESSAO EXTRAORDINARIA
67,84,2020-08-19,SESSAO EXTRAORDINARIA
67,85,2020-08-19,SESSAO EXTRAORDINARIA
67,86,2020-08-25,SESSAO EXTRAORDINARIA
67,87,2020-08-26,SESSAO EXTRAORDINARIA
67,88,2020-09-01,SESSAO EXTRAORDINARIA
67,89,2020-09-02,SESSAO EXTRAORDINARIA
67,90,2020-09-08,SESSAO EXTRAORDINARIA
67,91,2020-09-09,SESSAO EXTRAORDINARIA
67,92,2020-09-15,SESSAO EXTRAORDINARIA
67,93,2020-09-16,SESSAO EXTRAORDINARIA
67,94,2020-09-17,SESSAO EXTRAORDINARIA
67,95,2020-09-22,SESSAO EXTRAORDINARIA
67,96,2020-09-23,SESSAO EXTRAORDINARIA
67,97,2020-09-23,SESSAO EXTRAORDINARIA
67,98,2020-09-29,SESSAO EXTRAORDINARIA
67,99,2020-09-29,SESSAO EXTRAORDINARIA
67,100,2020-09-30,SESSAO EXTRAORDINARIA
67,101,2020-10-06,SESSAO EXTRAORDINARIA
67,102,2020-10-07,SESSAO EXTRAORDINARIA
67,103,2020-10-07,SESSAO EXTRAORDINARIA
67,104,2020-10-13,SESSAO EXTRAORDINARIA
67,105,2020-10-14,SESSAO EXTRAORDINARIA
67,106,2020-10-14,SESSAO EXTRAORDINARIA
67,107,2020-10-15,SESSAO EXTRAORDINARIA
67,108,2020-10-20,SESSAO EXTRAORDINARIA
67,109,2020-10-21,SESSAO EXTRAORDINARIA
67,110,2020-10-21,SESSAO EXTRAORDINARIA
67,111,2020-10-27,SESSAO EXTRAORDINARIA
67,112,2020-10-28,SESSAO EXTRAORDINARIA
67,113,2020-10-28,SESSAO EXTRAORDINARIA
67,114,2020-11-03,SESSAO EXTRAORDINARIA
67,115,2020-11-03,SESSAO EXTRAORDINARIA
67,116,2020-11-04,SESSAO EXTRAORDINARIA
67,117,2020-11-10,SESSAO EXTRAORDINARIA
67,118,2020-11-10,SESSAO EXTRAORDINARIA
67,119,2020-11-11,SESSAO EXTRAORDINARIA
67,120,2020-11-17,SESSAO EXTRAORDINARIA
67,121,2020-11-17,SESSAO EXTRAORDINARIA
67,122,2020-11-18,SESSAO EXTRAORDINARIA
67,123,2020-11-24,SESSAO EXTRAORDINARIA
67,124,2020-11-25,SESSAO EXTRAORDINARIA
67,125,2020-11-25,SESSAO EXTRAORDINARIA
67,126,2020-12-01,SESSAO EXTRAORDINARIA
67,127,2020-12-01,SESSAO EXTRAORDINARIA
67,128,2020-12-02,SESSAO EXTRAORDINARIA
67,129,2020-12-08,SESSAO EXTRAORDINARIA
67,130,2020-12-09,SESSAO EXTRAORDINARIA
67,131,2020-12-09,SESSAO EXTRAORDINARIA
67,132,2020-12-10,SESSAO EXTRAORDINARIA
67,133,2020-12-10,SESSAO EXTRAORDINARIA
67,134,2020-12-10,SESSAO EXTRAORDINARIA
67,135,2020-12-15,SESSAO EXTRAORDINARIA
67,136,2021-02-02,SESSAO PREPARATORIA
67,137,2021-02-03,SESSAO EXTRAORDINARIA
67,138,2021-02-09,SESSAO EXTRAORDINARIA
67,139,2021-02-10,SESSAO EXTRAORDINARIA
67,140,2021-02-23,SESSAO EXTRAORDINARIA
67,141,2021-02-23,SESSAO EXTRAORDINARIA
67,142,2021-02-24,SESSAO EXTRAORDINARIA
67,143,2021-03-02,SESSAO EXTRAORDINARIA
67,144,2021-03-03,SESSAO EXTRAORDINARIA
67,145,2021-03-09,SESSAO EXTRAORDINARIA
67,146,2021-03-09,SESSAO EXTRAORDINARIA
67,147,2021-03-10,SESSAO EXTRAORDINARIA
67,148,2021-03-16,SESSAO EXTRAORDINARIA
67,149,2021-03-17,SESSAO EXTRAORDINARIA
67,150,2021-03-23,SESSAO EXTRAORDINARIA
67,151,2021-03-24,SESSAO EXTRAORDINARIA
67,152,2021-03-30,SESSAO EXTRAORDINARIA
67,153,2021-03-30,SESSAO EXTRAORDINARIA
67,154,2021-03-31,SESSAO EXTRAORDINARIA
67,155,2021-04-06,SESSAO EXTRAORDINARIA
67,156,2021-04-06,SESSAO EXTRAORDINARIA
67,157,2021-04-07,SESSAO EXTRAORDINARIA
67,158,2021-04-13,SESSAO EXTRAORDINARIA
67,159,2021-04-14,SESSAO EXTRAORDINARIA
67,160,2021-04-14,SESSAO EXTRAORDINARIA
67,161,2021-04-20,SESSAO EXTRAORDINARIA
67,162,2021-04-27,SESSAO EXTRAORDINARIA
67,163,2021-04-27,SESSAO EXTRAORDINARIA
67,164,2021-04-27,SESSAO EXTRAORDINARIA
67,165,2021-04-28,SESSAO EXTRAORDINARIA
67,166,2021-05-04,SESSAO EXTRAORDINARIA
67,167,2021-05-05,SESSAO EXTRAORDINARIA
67,168,2021-05-11,SESSAO EXTRAORDINARIA
67,169,2021-05-11,SESSAO EXTRAORDINARIA
67,170,2021-05-12,SESSAO EXTRAORDINARIA
67,171,2021-05-18,SESSAO EXTRAORDINARIA
67,172,2021-05-19,SESSAO EXTRAORDINARIA
67,173,2021-05-19,SESSAO EXTRAORDINARIA
67,174,2021-05-25,SESSAO EXTRAORDINARIA
67,175,2021-05-25,SESSAO EXTRAORDINARIA
67,176,2021-05-26,SESSAO EXTRAORDINARIA
67,177,2021-06-01,SESSAO EXTRAORDINARIA
67,178,2021-06-02,SESSAO EXTRAORDINARIA
67,179,2021-06-08,SESSAO EXTRAORDINARIA
67,180,2021-06-08,SESSAO EXTRAORDINARIA
67,181,2021-06-09,SESSAO EXTRAORDINARIA
67,182,2021-06-15,SESSAO EXTRAORDINARIA
67,183,2021-06-15,SESSAO EXTRAORDINARIA
67,184,2021-06-16,SESSAO EXTRAORDINARIA
67,185,2021-06-22,SESSAO EXTRAORDINARIA
67,186,2021-06-23,SESSAO EXTRAORDINARIA
67,187,2021-06-23,SESSAO EXTRAORDINARIA
67,188,2021-06-29,SESSAO EXTRAORDINARIA
67,189,2021-06-29,SESSAO EXTRAORDINARIA
67,190,2021-08-03,SESSAO ORDINARIA
67,191,2022-02-01,SESSAO ORDINARIA
67,192,2021-08-04,SESSAO ORDINARIA
67,193,2021-08-04,SESSAO EXTRAORDINARIA
67,194,2021-08-05,SESSAO ORDINARIA
67,195,2021-08-05,SESSAO ORDINARIA
67,196,2021-08-10,SESSAO ORDINARIA
67,197,2021-08-10,SESSAO EXTRAORDINARIA
67,198,2021-08-11,SESSAO ORDINARIA
67,199,2021-08-12,SESSAO ORDINARIA
67,200,2021-08-17,SESSAO ORDINARIA
67,201,2021-08-17,SESSAO EXTRAORDINARIA
67,202,2021-08-17,SESSAO EXTRAORDINARIA
67,203,2021-08-18,SESSAO ORDINARIA
67,204,2021-08-19,SESSAO ORDINARIA
67,205,2021-08-24,SESSAO ORDINARIA
67,206,2021-08-25,SESSAO ORDINARIA
67,207,2021-08-26,SESSAO ORDINARIA
67,208,2021-08-31,SESSAO ORDINARIA
67,209,2021-08-31,SESSAO EXTRAORDINARIA
67,210,2021-08-31,SESSAO EXTRAORDINARIA
67,211,2021-09-01,SESSAO ORDINARIA
67,212,2021-09-02,SESSAO ORDINARIA
67,213,2021-09-08,SESSAO ORDINARIA
67,214,2021-09-09,SESSAO ORDINARIA
67,215,2021-09-14,SESSAO ORDINARIA
67,216,2021-09-15,SESSAO ORDINARIA
67,217,2021-09-15,SESSAO EXTRAORDINARIA
67,218,2021-09-16,SESSAO ORDINARIA
67,219,2021-09-21,SESSAO ORDINARIA
67,220,2021-09-21,SESSAO EXTRAORDINARIA
67,221,2021-09-22,SESSAO ORDINARIA
67,222,2021-09-23,SESSAO ORDINARIA
67,223,2021-09-28,SESSAO ORDINARIA
67,224,2021-09-29,SESSAO ORDINARIA
67,225,2021-09-30,SESSAO ORDINARIA
67,226,2021-10-05,SESSAO ORDINARIA
67,227,2021-10-05,SESSAO EXTRAORDINARIA
67,228,2021-10-06,SESSAO ORDINARIA
67,229,2021-10-06,SESSAO EXTRAORDINARIA
67,230,2021-10-06,SESSAO EXTRAORDINARIA
67,231,2021-10-07,SESSAO ORDINARIA
67,232,2021-10-13,SESSAO ORDINARIA
67,233,2021-10-14,SESSAO ORDINARIA
67,234,2021-10-19,SESSAO ORDINARIA
67,235,2021-10-20,SESSAO ORDINARIA
67,236,2021-10-20,SESSAO EXTRAORDINARIA
67,237,2021-10-21,SESSAO ORDINARIA
67,238,2021-10-26,SESSAO ORDINARIA
67,239,2021-10-27,SESSAO ORDINARIA
67,240,2021-10-28,SESSAO ORDINARIA
67,241,2021-11-03,SESSAO ORDINARIA
67,242,2021-11-03,SESSAO EXTRAORDINARIA
67,243,2021-11-03,SESSAO EXTRAORDINARIA
67,244,2021-11-04,SESSAO ORDINARIA
67,245,2021-11-09,SESSAO ORDINARIA
67,246,2021-11-09,SESSAO EXTRAORDINARIA
67,247,2021-11-10,SESSAO ORDINARIA
67,248,2021-11-10,SESSAO EXTRAORDINARIA
67,249,2021-11-11,SESSAO ORDINARIA
67,250,2021-11-16,SESSAO ORDINARIA
67,251,2021-11-17,SESSAO ORDINARIA
67,252,2021-11-18,SESSAO ORDINARIA
67,253,2021-11-23,SESSAO ORDINARIA
67,254,2021-11-23,SESSAO EXTRAORDINARIA
67,255,2021-11-24,SESSAO ORDINARIA
67,256,2021-11-25,SESSAO ORDINARIA
67,257,2021-12-01,SESSAO ORDINARIA
67,258,2021-12-01,SESSAO EXTRAORDINARIA
67,259,2021-12-02,SESSAO EXTRAORDINARIA
67,260,2021-12-02,SESSAO ORDINARIA
67,261,2021-12-07,SESSAO ORDINARIA
67,262,2021-12-07,SESSAO EXTRAORDINARIA
67,263,2021-12-08,SESSAO ORDINARIA
67,264,2021-12-08,SESSAO EXTRAORDINARIA
67,265,2021-12-09,SESSAO ORDINARIA
67,266,2021-12-09,SESSAO EXTRAORDINARIA
67,267,2021-12-14,SESSAO EXTRAORDINARIA
67,268,2021-12-14,SESSAO ORDINARIA
67,269,2021-12-14,SESSAO EXTRAORDINARIA
67,270,2021-12-14,SESSAO EXTRAORDINARIA
67,271,2021-12-14,SESSAO EXTRAORDINARIA
67,272,2021-12-15,SESSAO ORDINARIA
67,273,2022-02-02,SESSAO ORDINARIA
67,274,2022-02-03,SESSAO ORDINARIA
67,275,2022-02-08,SESSAO ORDINARIA
67,276,2022-02-08,SESSAO EXTRAORDINARIA
67,277,2022-02-08,SESSAO EXTRAORDINARIA
67,278,2022-02-09,SESSAO ORDINARIA
67,279,2022-02-10,SESSAO ORDINARIA
67,280,2022-02-15,SESSAO ORDINARIA
67,281,2022-02-15,SESSAO EXTRAORDINARIA
67,282,2022-02-16,SESSAO ORDINARIA
67,283,2022-02-16,SESSAO EXTRAORDINARIA
67,284,2022-02-17,SESSAO ORDINARIA
67,285,2022-02-22,SESSAO ORDINARIA
67,286,2022-02-22,SESSAO EXTRAORDINARIA
67,287,2022-02-23,SESSAO ORDINARIA
67,288,2022-03-08,SESSAO EXTRAORDINARIA
67,289,2022-02-24,SESSAO ORDINARIA
67,290,2022-03-03,SESSAO ORDINARIA
67,291,2022-03-08,SESSAO ORDINARIA
67,292,2022-03-09,SESSAO ORDINARIA
67,293,2022-03-09,SESSAO EXTRAORDINARIA
67,294,2022-03-10,SESSAO ORDINARIA
67,295,2022-03-15,SESSAO EXTRAORDINARIA
67,296,2022-03-23,SESSAO EXTRAORDINARIA
67,297,2022-03-15,SESSAO ORDINARIA
67,298,2022-03-16,SESSAO ORDINARIA
67,299,2022-03-17,SESSAO ORDINARIA
67,300,2022-03-22,SESSAO ORDINARIA
67,301,2022-03-23,SESSAO ORDINARIA
67,302,2022-03-29,SESSAO EXTRAORDINARIA
67,303,2022-03-24,SESSAO ORDINARIA
67,304,2022-03-29,SESSAO ORDINARIA
67,305,2022-03-30,SESSAO ORDINARIA
67,306,2022-03-30,SESSAO EXTRAORDINARIA
67,307,2022-03-31,SESSAO EXTRAORDINARIA
67,308,2022-03-31,SESSAO ORDINARIA
67,309,2022-03-31,SESSAO EXTRAORDINARIA
67,310,2022-03-31,SESSAO EXTRAORDINARIA
67,311,2022-03-31,SESSAO EXTRAORDINARIA
67,312,2022-04-05,SESSAO ORDINARIA
67,313,2022-04-12,SESSAO EXTRAORDINARIA
67,314,2022-04-06,SESSAO ORDINARIA
67,315,2022-04-12,SESSAO EXTRAORDINARIA
67,316,2022-05-10,SESSAO EXTRAORDINARIA
67,317,2022-04-07,SESSAO ORDINARIA
67,318,2022-04-12,SESSAO ORDINARIA
67,319,2022-04-13,SESSAO ORDINARIA
67,320,2022-04-19,SESSAO ORDINARIA
67,321,2022-04-20,SESSAO ORDINARIA
67,322,2022-04-26,SESSAO ORDINARIA
67,323,2022-04-27,SESSAO ORDINARIA
67,324,2022-04-28,SESSAO ORDINARIA
67,325,2022-05-03,SESSAO ORDINARIA
67,326,2022-05-04,SESSAO ORDINARIA
67,327,2022-05-05,SESSAO ORDINARIA
67,328,2022-05-10,SESSAO ORDINARIA
67,329,2022-05-11,SESSAO ORDINARIA
67,330,2022-05-17,SESSAO EXTRAORDINARIA
67,331,2022-05-12,SESSAO ORDINARIA
67,332,2022-06-07,SESSAO EXTRAORDINARIA
67,333,2022-05-12,SESSAO ORDINARIA
67,334,2022-05-17,SESSAO ORDINARIA
67,335,2022-05-18,SESSAO ORDINARIA
67,336,2022-05-19,SESSAO ORDINARIA
67,337,2022-05-24,SESSAO ORDINARIA
67,338,2022-05-25,SESSAO ORDINARIA
67,339,2022-05-26,SESSAO ORDINARIA
67,340,2022-05-31,SESSAO ORDINARIA
67,341,2022-06-01,SESSAO ORDINARIA
67,342,2022-06-02,SESSAO ORDINARIA
67,343,2022-06-07,SESSAO ORDINARIA
67,344,2022-06-08,SESSAO ORDINARIA
67,345,2022-06-21,SESSAO EXTRAORDINARIA
67,346,2022-06-09,SESSAO ORDINARIA
67,347,2022-06-14,SESSAO ORDINARIA
67,348,2022-06-15,SESSAO ORDINARIA
67,349,2022-06-21,SESSAO ORDINARIA
67,350,2022-06-22,SESSAO ORDINARIA
67,351,2022-06-23,SESSAO ORDINARIA
67,352,2022-06-28,SESSAO ORDINARIA
67,353,2022-06-29,SESSAO EXTRAORDINARIA
67,354,2022-06-29,SESSAO ORDINARIA
67,355,2022-06-29,SESSAO EXTRAORDINARIA
67,356,2022-06-30,SESSAO ORDINARIA
67,357,2022-08-02,SESSAO ORDINARIA
67,358,2022-08-30,SESSAO EXTRAORDINARIA
67,359,2022-08-03,SESSAO ORDINARIA
67,360,2022-08-04,SESSAO ORDINARIA
67,361,2022-08-09,SESSAO ORDINARIA
67,362,2022-08-10,SESSAO ORDINARIA
67,363,2022-08-11,SESSAO ORDINARIA
67,364,2022-08-16,SESSAO ORDINARIA
67,365,2022-08-17,SESSAO ORDINARIA
67,366,2022-08-18,SESSAO ORDINARIA
67,367,2022-08-23,SESSAO ORDINARIA
67,368,2022-08-24,SESSAO ORDINARIA
67,369,2022-08-25,SESSAO ORDINARIA
67,370,2022-08-30,SESSAO ORDINARIA
67,371,2022-08-31,SESSAO ORDINARIA
67,372,2022-09-13,SESSAO EXTRAORDINARIA
67,373,2022-09-01,SESSAO ORDINARIA
67,374,2022-09-08,SESSAO ORDINARIA
67,375,2022-09-13,SESSAO ORDINARIA
67,376,2022-09-14,SESSAO ORDINARIA
67,377,2022-09-15,SESSAO ORDINARIA
67,378,2022-09-20,SESSAO ORDINARIA
67,379,2022-10-25,SESSAO EXTRAORDINARIA
67,380,2022-09-21,SESSAO ORDINARIA
67,381,2022-09-22,SESSAO ORDINARIA
67,382,2022-09-27,SESSAO ORDINARIA
67,383,2022-09-28,SESSAO ORDINARIA
67,384,2022-09-29,SESSAO ORDINARIA
67,385,2022-10-04,SESSAO ORDINARIA
67,386,2022-10-05,SESSAO ORDINARIA
67,387,2022-10-06,SESSAO ORDINARIA
67,388,2022-10-11,SESSAO ORDINARIA
67,389,2022-10-13,SESSAO ORDINARIA
67,390,2022-10-18,SESSAO ORDINARIA
67,391,2022-10-19,SESSAO ORDINARIA
67,392,2022-10-20,SESSAO ORDINARIA
67,393,2022-10-25,SESSAO ORDINARIA
67,394,2022-10-25,SESSAO EXTRAORDINARIA
67,395,2022-10-26,SESSAO ORDINARIA
67,396,2022-10-27,SESSAO ORDINARIA
67,397,2022-11-03,SESSAO ORDINARIA
67,398,2022-11-08,SESSAO ORDINARIA
67,399,2022-11-08,SESSAO EXTRAORDINARIA
67,400,2022-11-09,SESSAO ORDINARIA
67,401,2022-11-22,SESSAO EXTRAORDINARIA
67,402,2022-11-10,SESSAO ORDINARIA
67,403,2022-12-06,SESSAO EXTRAORDINARIA
67,404,2022-11-16,SESSAO ORDINARIA
67,405,2022-11-17,SESSAO ORDINARIA
67,406,2022-11-22,SESSAO ORDINARIA
67,407,2022-11-23,SESSAO ORDINARIA
67,408,2022-11-29,SESSAO ORDINARIA
67,409,2022-12-01,SESSAO ORDINARIA
67,410,2022-12-06,SESSAO ORDINARIA
67,411,2022-12-07,SESSAO ORDINARIA
67,412,2022-12-07,SESSAO EXTRAORDINARIA
67,413,2022-12-08,SESSAO ORDINARIA
67,414,2022-12-13,SESSAO ORDINARIA
67,415,2022-12-13,SESSAO EXTRAORDINARIA
67,416,2022-12-14,SESSAO ORDINARIA
67,417,2022-12-15,SESSAO ORDINARIA
67,422,2023-02-14,SESSAO EXTRAORDINARIA
67,431,2023-03-21,SESSAO EXTRAORDINARIA
67,432,2023-03-02,SESSAO ORDINARIA
67,435,2023-03-09,SESSAO ORDINARIA
67,436,2023-03-14,SESSAO ORDINARIA
67,437,2023-03-15,SESSAO ORDINARIA
67,438,2023-03-16,SESSAO ORDINARIA
67,441,2023-03-23,SESSAO ORDINARIA
67,442,2023-03-21,SESSAO EXTRAORDINARIA
67,452,2023-04-13,SESSAO ORDINARIA
67,455,2023-04-20,SESSAO ORDINARIA
67,458,2023-04-27,SESSAO ORDINARIA
67,466,2023-05-16,SESSAO EXTRAORDINARIA
67,469,2023-05-18,SESSAO ORDINARIA
67,471,2023-05-24,SESSAO ORDINARIA
67,472,2023-05-25,SESSAO ORDINARIA
67,478,2023-06-07,SESSAO ORDINARIA
67,479,2023-06-13,SESSAO ORDINARIA
67,510,2023-09-20,SESSAO ORDINARIA
67,511,2023-09-21,SESSAO ORDINARIA
67,512,2023-09-26,SESSAO EXTRAORDINARIA
67,514,2023-09-27,SESSAO ORDINARIA
67,522,2023-10-11,SESSAO ORDINARIA
67,525,2023-10-18,SESSAO ORDINARIA
67,532,2023-11-01,SESSAO ORDINARIA
67,536,2023-11-09,SESSAO ORDINARIA
67,544,2023-11-23,SESSAO ORDINARIA
67,565,2024-02-20,SESSAO EXTRAORDINARIA
67,577,2024-03-06,SESSAO ORDINARIA
67,582,2024-03-19,SESSAO ORDINARIA
67,584,2024-03-21,SESSAO ORDINARIA
67,593,2024-04-09,SESSAO EXTRAORDINARIA
67,594,2024-04-09,SESSAO ORDINARIA
67,596,2024-04-09,SESSAO EXTRAORDINARIA
67,599,2024-05-07,SESSAO EXTRAORDINARIA
67,602,2024-04-18,SESSAO ORDINARIA
67,604,2024-04-25,SESSAO ORDINARIA
67,611,2024-05-28,SESSAO EXTRAORDINARIA
67,613,2024-05-15,SESSAO ORDINARIA
67,614,2024-05-16,SESSAO ORDINARIA
67,616,2024-05-22,SESSAO ORDINARIA
67,617,2024-05-23,SESSAO ORDINARIA
67,618,2024-05-28,SESSAO ORDINARIA
67,620,2024-05-29,SESSAO ORDINARIA
67,626,2024-06-06,SESSAO ORDINARIA
67,629,2024-06-13,SESSAO ORDINARIA
67,632,2024-06-20,SESSAO ORDINARIA
67,643,2024-08-08,SESSAO ORDINARIA
67,644,2024-08-14,SESSAO ORDINARIA
67,645,2024-08-15,SESSAO ORDINARIA
67,646,2024-08-14,SESSAO EXTRAORDINARIA
67,647,2024-08-20,SESSAO ORDINARIA
67,648,2024-08-21,SESSAO ORDINARIA
67,649,2024-08-27,SESSAO ORDINARIA
67,650,2024-08-28,SESSAO ORDINARIA
67,651,2024-08-29,SESSAO ORDINARIA
67,655,2024-09-05,SESSAO ORDINARIA
67,659,2024-09-12,SESSAO ORDINARIA
67,663,2024-09-19,SESSAO ORDINARIA
67,667,2024-09-26,SESSAO ORDINARIA
67,668,2024-08-27,SESSAO EXTRAORDINARIA
67,669,2024-10-01,SESSAO EXTRAORDINARIA
67,676,2024-10-10,SESSAO ORDINARIA
67,679,2024-10-17,SESSAO ORDINARIA
67,683,2024-10-24,SESSAO ORDINARIA
67,684,2024-10-29,SESSAO EXTRAORDINARIA
67,687,2024-10-30,SESSAO EXTRAORDINARIA
67,688,2024-10-31,SESSAO ORDINARIA
67,692,2024-11-07,SESSAO ORDINARIA
67,1694,2024-11-14,SESSAO ORDINARIA
67,1701,2024-11-28,SESSAO ORDINARIA
67,1710,2024-03-12,SESSAO EXTRAORDINARIA
67,1716,2025-02-13,ORDINARIA
67,1721,2025-02-20,ORDINARIA
67,1727,2025-02-27,ORDINARIA
67,1730,2025-03-06,ORDINARIA
67,1754,2025-03-25,EXTRAORDINARIA
67,1765,2025-04-03,ORDINARIA
67,1775,2025-04-10,ORDINARIA
67,1776,2025-04-10,ORDINARIA
67,1780,2025-04-15,ORDINARIA
67,1783,2025-04-16,ORDINARIA
67,1786,2025-04-23,ORDINARIA
67,1788,2025-04-24,ORDINARIA
67,1789,2025-04-24,ORDINARIA
67,1790,2025-04-29,ORDINARIA
67,1792,2025-04-30,ORDINARIA
67,1799,2025-05-08,ORDINARIA
67,1803,2025-05-20,EXTRAORDINARIA
67,1819,2025-05-22,ORDINARIA
67,1827,2025-05-28,ORDINARIA
67,1829,2025-05-29,ORDINARIA
67,1830,2025-05-29,ORDINARIA
67,1846,2025-06-12,ORDINARIA
67,1847,2025-06-12,ORDINARIA
67,1862,2025-06-25,ORDINARIA
67,1864,2025-06-26,ORDINARIA
67,1865,2025-06-26,ORDINARIA
67,1870,2025-08-05,ORDINARIA
67,1885,2025-08-14,ORDINARIA
67,1897,2025-08-21,SOLENE
67,1899,2025-08-22,SOLENE
67,1906,2025-08-28,ORDINARIA
67,1907,2025-08-28,ORDINARIA
67,1914,2025-09-04,ORDINARIA
67,1915,2025-09-04,ORDINARIA
67,1920,2025-09-11,ORDINARIA
67,1929,2025-09-23,EXTRAORDINARIA
67,1932,2025-09-18,ORDINARIA
67,1933,2025-09-18,ORDINARIA
67,1944,2025-09-25,ORDINARIA
67,1945,2025-09-25,ORDINARIA
67,1950,2025-09-30,ORDINARIA
67,1951,2025-09-30,EXTRAORDINARIA
67,1954,2025-10-01,ORDINARIA
67,1956,2025-10-02,ORDINARIA
67,1967,2025-10-09,ORDINARIA
67,1968,2025-10-09,ORDINARIA
67,1979,2025-10-16,ORDINARIA
67,1990,2025-10-23,ORDINARIA
67,1994,2025-10-30,ORDINARIA
67,1995,2025-10-30,ORDINARIA
67,2003,2025-11-05,ORDINARIA
67,2006,2025-11-06,ORDINARIA
67,2015,2025-11-11,EXTRAORDINARIA
67,2020,2025-11-13,ORDINARIA
67,2027,2025-11-18,ORDINARIA
67,2035,2025-11-26,EXTRAORDINARIA
67,2038,2025-11-26,EXTRAORDINARIA
67,2039,2025-11-27,ORDINARIA
67,2040,2025-11-27,ORDINARIA
67,2053,2025-12-04,ORDINARIA
67,2065,2025-12-15,ORDINARIA
67,2072,2026-02-05,ORDINARIA
67,2075,2026-02-10,EXTRAORDINARIA
67,2096,2026-03-05,SOLENE
67,2109,2026-04-09,ORDINARIA
67,2113,2026-04-14,EXTRAORDINARIA
67,2116,2026-04-16,ORDINARIA
67,2119,2026-04-23,ORDINARIA
67,2131,2026-03-19,ORDINARIA
67,2141,2026-03-26,ORDINARIA
67,2145,2026-04-30,ORDINARIA
67,2152,2026-05-07,ORDINARIA
67,2163,2026-05-14,ORDINARIA
67,2176,2026-03-12,ORDINARIA
67,2188,2026-05-21,ORDINARIA
67,2193,2026-05-28,ORDINARIA
67,2205,2026-06-11,ORDINARIA
67,2229,2026-08-06,ORDINARIA
67,2239,2026-06-18,ORDINARIA
67,2245,2026-08-13,ORDINARIA
67,2255,2026-08-20,ORDINARIA
68,4,2020-02-04,SESSAO ORDINARIA
68,5,2020-02-05,SESSAO ORDINARIA
68,6,2020-02-11,SESSAO ORDINARIA
68,7,2020-02-11,SESSAO EXTRAORDINARIA
68,8,2020-02-12,SESSAO ORDINARIA
68,9,2020-02-13,SESSAO ORDINARIA
68,10,2020-02-18,SESSAO ORDINARIA
68,11,2020-02-19,SESSAO ORDINARIA
68,12,2020-02-20,SESSAO ORDINARIA
68,13,2020-02-27,SESSAO ORDINARIA
68,14,2020-03-03,SESSAO ORDINARIA
68,15,2020-03-04,SESSAO ORDINARIA
68,16,2020-03-05,SESSAO ORDINARIA
68,17,2020-03-10,SESSAO ORDINARIA
68,18,2020-03-11,SESSAO ORDINARIA
68,19,2020-03-11,SESSAO EXTRAORDINARIA
68,20,2020-03-12,SESSAO ORDINARIA
68,21,2020-03-16,SESSAO EXTRAORDINARIA
68,22,2020-03-16,SESSAO EXTRAORDINARIA
68,23,2020-03-17,SESSAO ORDINARIA
68,24,2020-03-17,SESSAO EXTRAORDINARIA
68,25,2020-03-24,SESSAO EXTRAORDINARIA
68,26,2020-03-24,SESSAO EXTRAORDINARIA
68,27,2020-03-25,SESSAO EXTRAORDINARIA
68,28,2020-03-25,SESSAO EXTRAORDINARIA
68,29,2020-03-25,SESSAO EXTRAORDINARIA
68,30,2020-03-25,SESSAO EXTRAORDINARIA
68,31,2020-03-31,SESSAO EXTRAORDINARIA
68,32,2020-03-31,SESSAO EXTRAORDINARIA
68,33,2020-03-31,SESSAO EXTRAORDINARIA
68,34,2020-04-07,SESSAO EXTRAORDINARIA
68,35,2020-04-01,SESSAO EXTRAORDINARIA
68,36,2020-04-01,SESSAO EXTRAORDINARIA
68,37,2020-04-07,SESSAO EXTRAORDINARIA
68,38,2020-04-08,SESSAO EXTRAORDINARIA
68,39,2020-04-14,SESSAO EXTRAORDINARIA
68,40,2020-04-14,SESSAO EXTRAORDINARIA
68,41,2020-04-14,SESSAO EXTRAORDINARIA
68,42,2020-04-15,SESSAO EXTRAORDINARIA
68,43,2020-04-15,SESSAO EXTRAORDINARIA
68,44,2020-04-22,SESSAO EXTRAORDINARIA
68,45,2020-04-22,SESSAO EXTRAORDINARIA
68,46,2020-04-22,SESSAO EXTRAORDINARIA
68,47,2020-04-22,SESSAO EXTRAORDINARIA
68,48,2020-04-28,SESSAO EXTRAORDINARIA
68,49,2020-04-28,SESSAO EXTRAORDINARIA
68,50,2020-04-29,SESSAO EXTRAORDINARIA
68,51,2020-04-29,SESSAO EXTRAORDINARIA
68,52,2020-05-05,SESSAO EXTRAORDINARIA
68,53,2020-05-05,SESSAO EXTRAORDINARIA
68,54,2020-05-19,SESSAO EXTRAORDINARIA
68,55,2020-05-19,SESSAO EXTRAORDINARIA
68,56,2020-05-20,SESSAO EXTRAORDINARIA
68,57,2020-05-20,SESSAO EXTRAORDINARIA
68,58,2020-05-20,SESSAO EXTRAORDINARIA
68,59,2020-05-26,SESSAO EXTRAORDINARIA
68,60,2020-05-27,SESSAO EXTRAORDINARIA
68,61,2020-06-02,SESSAO EXTRAORDINARIA
68,62,2020-06-02,SESSAO EXTRAORDINARIA
68,63,2020-06-09,SESSAO EXTRAORDINARIA
68,64,2020-06-10,SESSAO EXTRAORDINARIA
68,65,2020-06-10,SESSAO EXTRAORDINARIA
68,66,2020-06-10,SESSAO EXTRAORDINARIA
68,67,2020-06-16,SESSAO EXTRAORDINARIA
68,68,2020-06-16,SESSAO EXTRAORDINARIA
68,69,2020-06-17,SESSAO EXTRAORDINARIA
68,70,2020-06-17,SESSAO EXTRAORDINARIA
68,71,2020-06-18,SESSAO EXTRAORDINARIA
68,72,2020-06-23,SESSAO EXTRAORDINARIA
68,73,2020-06-24,SESSAO EXTRAORDINARIA
68,74,2020-06-24,SESSAO EXTRAORDINARIA
68,75,2020-06-30,SESSAO EXTRAORDINARIA
68,76,2020-06-30,SESSAO EXTRAORDINARIA
68,77,2020-08-04,SESSAO EXTRAORDINARIA
68,78,2020-08-05,SESSAO EXTRAORDINARIA
68,79,2020-08-11,SESSAO EXTRAORDINARIA
68,80,2020-08-11,SESSAO EXTRAORDINARIA
68,81,2020-08-12,SESSAO EXTRAORDINARIA
68,82,2020-08-12,SESSAO EXTRAORDINARIA
68,83,2020-08-18,SESSAO EXTRAORDINARIA
68,84,2020-08-19,SESSAO EXTRAORDINARIA
68,85,2020-08-19,SESSAO EXTRAORDINARIA
68,86,2020-08-25,SESSAO EXTRAORDINARIA
68,87,2020-08-26,SESSAO EXTRAORDINARIA
68,88,2020-09-01,SESSAO EXTRAORDINARIA
68,89,2020-09-02,SESSAO EXTRAORDINARIA
68,90,2020-09-08,SESSAO EXTRAORDINARIA
68,91,2020-09-09,SESSAO EXTRAORDINARIA
68,92,2020-09-15,SESSAO EXTRAORDINARIA
68,93,2020-09-16,SESSAO EXTRAORDINARIA
68,94,2020-09-17,SESSAO EXTRAORDINARIA
68,95,2020-09-22,SESSAO EXTRAORDINARIA
68,96,2020-09-23,SESSAO EXTRAORDINARIA
68,97,2020-09-23,SESSAO EXTRAORDINARIA
68,98,2020-09-29,SESSAO EXTRAORDINARIA
68,99,2020-09-29,SESSAO EXTRAORDINARIA
68,100,2020-09-30,SESSAO EXTRAORDINARIA
68,101,2020-10-06,SESSAO EXTRAORDINARIA
68,102,2020-10-07,SESSAO EXTRAORDINARIA
68,103,2020-10-07,SESSAO EXTRAORDINARIA
68,104,2020-10-13,SESSAO EXTRAORDINARIA
68,105,2020-10-14,SESSAO EXTRAORDINARIA
68,106,2020-10-14,SESSAO EXTRAORDINARIA
68,107,2020-10-15,SESSAO EXTRAORDINARIA
68,108,2020-10-20,SESSAO EXTRAORDINARIA
68,109,2020-10-21,SESSAO EXTRAORDINARIA
68,110,2020-10-21,SESSAO EXTRAORDINARIA
68,111,2020-10-27,SESSAO EXTRAORDINARIA
68,112,2020-10-28,SESSAO EXTRAORDINARIA
68,113,2020-10-28,SESSAO EXTRAORDINARIA
68,114,2020-11-03,SESSAO EXTRAORDINARIA
68,115,2020-11-03,SESSAO EXTRAORDINARIA
68,116,2020-11-04,SESSAO EXTRAORDINARIA
68,117,2020-11-10,SESSAO EXTRAORDINARIA
68,118,2020-11-10,SESSAO EXTRAORDINARIA
68,119,2020-11-11,SESSAO EXTRAORDINARIA
68,120,2020-11-17,SESSAO EXTRAORDINARIA
68,121,2020-11-17,SESSAO EXTRAORDINARIA
68,122,2020-11-18,SESSAO EXTRAORDINARIA
68,123,2020-11-24,SESSAO EXTRAORDINARIA
68,124,2020-11-25,SESSAO EXTRAORDINARIA
68,125,2020-11-25,SESSAO EXTRAORDINARIA
68,126,2020-12-01,SESSAO EXTRAORDINARIA
68,127,2020-12-01,SESSAO EXTRAORDINARIA
68,128,2020-12-02,SESSAO EXTRAORDINARIA
68,129,2020-12-08,SESSAO EXTRAORDINARIA
68,130,2020-12-09,SESSAO EXTRAORDINARIA
68,131,2020-12-09,SESSAO EXTRAORDINARIA
68,132,2020-12-10,SESSAO EXTRAORDINARIA
68,133,2020-12-10,SESSAO EXTRAORDINARIA
68,134,2020-12-10,SESSAO EXTRAORDINARIA
68,135,2020-12-15,SESSAO EXTRAORDINARIA
68,136,2021-02-02,SESSAO PREPARATORIA
68,137,2021-02-03,SESSAO EXTRAORDINARIA
68,138,2021-02-09,SESSAO EXTRAORDINARIA
68,139,2021-02-10,SESSAO EXTRAORDINARIA
68,140,2021-02-23,SESSAO EXTRAORDINARIA
68,141,2021-02-23,SESSAO EXTRAORDINARIA
68,142,2021-02-24,SESSAO EXTRAORDINARIA
68,143,2021-03-02,SESSAO EXTRAORDINARIA
68,144,2021-03-03,SESSAO EXTRAORDINARIA
68,145,2021-03-09,SESSAO EXTRAORDINARIA
68,146,2021-03-09,SESSAO EXTRAORDINARIA
68,147,2021-03-10,SESSAO EXTRAORDINARIA
68,148,2021-03-16,SESSAO EXTRAORDINARIA
68,149,2021-03-17,SESSAO EXTRAORDINARIA
68,150,2021-03-23,SESSAO EXTRAORDINARIA
68,151,2021-03-24,SESSAO EXTRAORDINARIA
68,152,2021-03-30,SESSAO EXTRAORDINARIA
68,153,2021-03-30,SESSAO EXTRAORDINARIA
68,154,2021-03-31,SESSAO EXTRAORDINARIA
68,155,2021-04-06,SESSAO EXTRAORDINARIA
68,156,2021-04-06,SESSAO EXTRAORDINARIA
68,157,2021-04-07,SESSAO EXTRAORDINARIA
68,158,2021-04-13,SESSAO EXTRAORDINARIA
68,159,2021-04-14,SESSAO EXTRAORDINARIA
68,160,2021-04-14,SESSAO EXTRAORDINARIA
68,161,2021-04-20,SESSAO EXTRAORDINARIA
68,162,2021-04-27,SESSAO EXTRAORDINARIA
68,163,2021-04-27,SESSAO EXTRAORDINARIA
68,164,2021-04-27,SESSAO EXTRAORDINARIA
68,165,2021-04-28,SESSAO EXTRAORDINARIA
68,166,2021-05-04,SESSAO EXTRAORDINARIA
68,167,2021-05-05,SESSAO EXTRAORDINARIA
68,168,2021-05-11,SESSAO EXTRAORDINARIA
68,169,2021-05-11,SESSAO EXTRAORDINARIA
68,170,2021-05-12,SESSAO EXTRAORDINARIA
68,171,2021-05-18,SESSAO EXTRAORDINARIA
68,172,2021-05-19,SESSAO EXTRAORDINARIA
68,173,2021-05-19,SESSAO EXTRAORDINARIA
68,174,2021-05-25,SESSAO EXTRAORDINARIA
68,175,2021-05-25,SESSAO EXTRAORDINARIA
68,176,2021-05-26,SESSAO EXTRAORDINARIA
68,177,2021-06-01,SESSAO EXTRAORDINARIA
68,178,2021-06-02,SESSAO EXTRAORDINARIA
68,179,2021-06-08,SESSAO EXTRAORDINARIA
68,180,2021-06-08,SESSAO EXTRAORDINARIA
68,181,2021-06-09,SESSAO EXTRAORDINARIA
68,182,2021-06-15,SESSAO EXTRAORDINARIA
68,183,2021-06-15,SESSAO EXTRAORDINARIA
68,184,2021-06-16,SESSAO EXTRAORDINARIA
68,185,2021-06-22,SESSAO EXTRAORDINARIA
68,186,2021-06-23,SESSAO EXTRAORDINARIA
68,187,2021-06-23,SESSAO EXTRAORDINARIA
68,188,2021-06-29,SESSAO EXTRAORDINARIA
68,189,2021-06-29,SESSAO EXTRAORDINARIA
68,190,2021-08-03,SESSAO ORDINARIA
68,191,2022-02-01,SESSAO ORDINARIA
68,192,2021-08-04,SESSAO ORDINARIA
68,193,2021-08-04,SESSAO EXTRAORDINARIA
68,194,2021-08-05,SESSAO ORDINARIA
68,195,2021-08-05,SESSAO ORDINARIA
68,196,2021-08-10,SESSAO ORDINARIA
68,197,2021-08-10,SESSAO EXTRAORDINARIA
68,198,2021-08-11,SESSAO ORDINARIA
68,199,2021-08-12,SESSAO ORDINARIA
68,200,2021-08-17,SESSAO ORDINARIA
68,201,2021-08-17,SESSAO EXTRAORDINARIA
68,202,2021-08-17,SESSAO EXTRAORDINARIA
68,203,2021-08-18,SESSAO ORDINARIA
68,204,2021-08-19,SESSAO ORDINARIA
68,205,2021-08-24,SESSAO ORDINARIA
68,206,2021-08-25,SESSAO ORDINARIA
68,207,2021-08-26,SESSAO ORDINARIA
68,208,2021-08-31,SESSAO ORDINARIA
68,209,2021-08-31,SESSAO EXTRAORDINARIA
68,210,2021-08-31,SESSAO EXTRAORDINARIA
68,211,2021-09-01,SESSAO ORDINARIA
68,212,2021-09-02,SESSAO ORDINARIA
68,213,2021-09-08,SESSAO ORDINARIA
68,214,2021-09-09,SESSAO ORDINARIA
68,215,2021-09-14,SESSAO ORDINARIA
68,216,2021-09-15,SESSAO ORDINARIA
68,217,2021-09-15,SESSAO EXTRAORDINARIA
68,218,2021-09-16,SESSAO ORDINARIA
68,219,2021-09-21,SESSAO ORDINARIA
68,220,2021-09-21,SESSAO EXTRAORDINARIA
68,221,2021-09-22,SESSAO ORDINARIA
68,222,2021-09-23,SESSAO ORDINARIA
68,223,2021-09-28,SESSAO ORDINARIA
68,224,2021-09-29,SESSAO ORDINARIA
68,225,2021-09-30,SESSAO ORDINARIA
68,226,2021-10-05,SESSAO ORDINARIA
68,227,2021-10-05,SESSAO EXTRAORDINARIA
68,228,2021-10-06,SESSAO ORDINARIA
68,229,2021-10-06,SESSAO EXTRAORDINARIA
68,230,2021-10-06,SESSAO EXTRAORDINARIA
68,231,2021-10-07,SESSAO ORDINARIA
68,232,2021-10-13,SESSAO ORDINARIA
68,233,2021-10-14,SESSAO ORDINARIA
68,234,2021-10-19,SESSAO ORDINARIA
68,235,2021-10-20,SESSAO ORDINARIA
68,236,2021-10-20,SESSAO EXTRAORDINARIA
68,237,2021-10-21,SESSAO ORDINARIA
68,238,2021-10-26,SESSAO ORDINARIA
68,239,2021-10-27,SESSAO ORDINARIA
68,240,2021-10-28,SESSAO ORDINARIA
68,241,2021-11-03,SESSAO ORDINARIA
68,242,2021-11-03,SESSAO EXTRAORDINARIA
68,243,2021-11-03,SESSAO EXTRAORDINARIA
68,244,2021-11-04,SESSAO ORDINARIA
68,245,2021-11-09,SESSAO ORDINARIA
68,246,2021-11-09,SESSAO EXTRAORDINARIA
68,247,2021-11-10,SESSAO ORDINARIA
68,248,2021-11-10,SESSAO EXTRAORDINARIA
68,249,2021-11-11,SESSAO ORDINARIA
68,250,2021-11-16,SESSAO ORDINARIA
68,251,2021-11-17,SESSAO ORDINARIA
68,252,2021-11-18,SESSAO ORDINARIA
68,253,2021-11-23,SESSAO ORDINARIA
68,254,2021-11-23,SESSAO EXTRAORDINARIA
68,255,2021-11-24,SESSAO ORDINARIA
68,256,2021-11-25,SESSAO ORDINARIA
68,257,2021-12-01,SESSAO ORDINARIA
68,258,2021-12-01,SESSAO EXTRAORDINARIA
68,259,2021-12-02,SESSAO EXTRAORDINARIA
68,260,2021-12-02,SESSAO ORDINARIA
68,261,2021-12-07,SESSAO ORDINARIA
68,262,2021-12-07,SESSAO EXTRAORDINARIA
68,263,2021-12-08,SESSAO ORDINARIA
68,264,2021-12-08,SESSAO EXTRAORDINARIA
68,265,2021-12-09,SESSAO ORDINARIA
68,266,2021-12-09,SESSAO EXTRAORDINARIA
68,267,2021-12-14,SESSAO EXTRAORDINARIA
68,268,2021-12-14,SESSAO ORDINARIA
68,269,2021-12-14,SESSAO EXTRAORDINARIA
68,270,2021-12-14,SESSAO EXTRAORDINARIA
68,271,2021-12-14,SESSAO EXTRAORDINARIA
68,272,2021-12-15,SESSAO ORDINARIA
68,273,2022-02-02,SESSAO ORDINARIA
68,274,2022-02-03,SESSAO ORDINARIA
68,275,2022-02-08,SESSAO ORDINARIA
68,276,2022-02-08,SESSAO EXTRAORDINARIA
68,277,2022-02-08,SESSAO EXTRAORDINARIA
68,278,2022-02-09,SESSAO ORDINARIA
68,279,2022-02-10,SESSAO ORDINARIA
68,280,2022-02-15,SESSAO ORDINARIA
68,281,2022-02-15,SESSAO EXTRAORDINARIA
68,282,2022-02-16,SESSAO ORDINARIA
68,283,2022-02-16,SESSAO EXTRAORDINARIA
68,284,2022-02-17,SESSAO ORDINARIA
68,285,2022-02-22,SESSAO ORDINARIA
68,286,2022-02-22,SESSAO EXTRAORDINARIA
68,287,2022-02-23,SESSAO ORDINARIA
68,288,2022-03-08,SESSAO EXTRAORDINARIA
68,289,2022-02-24,SESSAO ORDINARIA
68,290,2022-03-03,SESSAO ORDINARIA
68,291,2022-03-08,SESSAO ORDINARIA
68,292,2022-03-09,SESSAO ORDINARIA
68,293,2022-03-09,SESSAO EXTRAORDINARIA
68,294,2022-03-10,SESSAO ORDINARIA
68,295,2022-03-15,SESSAO EXTRAORDINARIA
68,296,2022-03-23,SESSAO EXTRAORDINARIA
68,297,2022-03-15,SESSAO ORDINARIA
68,298,2022-03-16,SESSAO ORDINARIA
68,299,2022-03-17,SESSAO ORDINARIA
68,300,2022-03-22,SESSAO ORDINARIA
68,301,2022-03-23,SESSAO ORDINARIA
68,302,2022-03-29,SESSAO EXTRAORDINARIA
68,303,2022-03-24,SESSAO ORDINARIA
68,304,2022-03-29,SESSAO ORDINARIA
68,305,2022-03-30,SESSAO ORDINARIA
68,306,2022-03-30,SESSAO EXTRAORDINARIA
68,307,2022-03-31,SESSAO EXTRAORDINARIA
68,308,2022-03-31,SESSAO ORDINARIA
68,309,2022-03-31,SESSAO EXTRAORDINARIA
68,310,2022-03-31,SESSAO EXTRAORDINARIA
68,311,2022-03-31,SESSAO EXTRAORDINARIA
68,312,2022-04-05,SESSAO ORDINARIA
68,313,2022-04-12,SESSAO EXTRAORDINARIA
68,314,2022-04-06,SESSAO ORDINARIA
68,315,2022-04-12,SESSAO EXTRAORDINARIA
68,316,2022-05-10,SESSAO EXTRAORDINARIA
68,317,2022-04-07,SESSAO ORDINARIA
68,318,2022-04-12,SESSAO ORDINARIA
68,319,2022-04-13,SESSAO ORDINARIA
68,320,2022-04-19,SESSAO ORDINARIA
68,321,2022-04-20,SESSAO ORDINARIA
68,322,2022-04-26,SESSAO ORDINARIA
68,323,2022-04-27,SESSAO ORDINARIA
68,324,2022-04-28,SESSAO ORDINARIA
68,325,2022-05-03,SESSAO ORDINARIA
68,326,2022-05-04,SESSAO ORDINARIA
68,327,2022-05-05,SESSAO ORDINARIA
68,328,2022-05-10,SESSAO ORDINARIA
68,329,2022-05-11,SESSAO ORDINARIA
68,330,2022-05-17,SESSAO EXTRAORDINARIA
68,331,2022-05-12,SESSAO ORDINARIA
68,332,2022-06-07,SESSAO EXTRAORDINARIA
68,333,2022-05-12,SESSAO ORDINARIA
68,334,2022-05-17,SESSAO ORDINARIA
68,335,2022-05-18,SESSAO ORDINARIA
68,336,2022-05-19,SESSAO ORDINARIA
68,337,2022-05-24,SESSAO ORDINARIA
68,338,2022-05-25,SESSAO ORDINARIA
68,339,2022-05-26,SESSAO ORDINARIA
68,340,2022-05-31,SESSAO ORDINARIA
68,341,2022-06-01,SESSAO ORDINARIA
68,342,2022-06-02,SESSAO ORDINARIA
68,343,2022-06-07,SESSAO ORDINARIA
68,344,2022-06-08,SESSAO ORDINARIA
68,345,2022-06-21,SESSAO EXTRAORDINARIA
68,346,2022-06-09,SESSAO ORDINARIA
68,347,2022-06-14,SESSAO ORDINARIA
68,348,2022-06-15,SESSAO ORDINARIA
68,349,2022-06-21,SESSAO ORDINARIA
68,350,2022-06-22,SESSAO ORDINARIA
68,351,2022-06-23,SESSAO ORDINARIA
68,352,2022-06-28,SESSAO ORDINARIA
68,353,2022-06-29,SESSAO EXTRAORDINARIA
68,354,2022-06-29,SESSAO ORDINARIA
68,355,2022-06-29,SESSAO EXTRAORDINARIA
68,356,2022-06-30,SESSAO ORDINARIA
68,357,2022-08-02,SESSAO ORDINARIA
68,358,2022-08-30,SESSAO EXTRAORDINARIA
68,359,2022-08-03,SESSAO ORDINARIA
68,360,2022-08-04,SESSAO ORDINARIA
68,361,2022-08-09,SESSAO ORDINARIA
68,362,2022-08-10,SESSAO ORDINARIA
68,363,2022-08-11,SESSAO ORDINARIA
68,364,2022-08-16,SESSAO ORDINARIA
68,365,2022-08-17,SESSAO ORDINARIA
68,366,2022-08-18,SESSAO ORDINARIA
68,367,2022-08-23,SESSAO ORDINARIA
68,368,2022-08-24,SESSAO ORDINARIA
68,369,2022-08-25,SESSAO ORDINARIA
68,370,2022-08-30,SESSAO ORDINARIA
68,371,2022-08-31,SESSAO ORDINARIA
68,372,2022-09-13,SESSAO EXTRAORDINARIA
68,373,2022-09-01,SESSAO ORDINARIA
68,374,2022-09-08,SESSAO ORDINARIA
68,375,2022-09-13,SESSAO ORDINARIA
68,376,2022-09-14,SESSAO ORDINARIA
68,377,2022-09-15,SESSAO ORDINARIA
68,378,2022-09-20,SESSAO ORDINARIA
68,379,2022-10-25,SESSAO EXTRAORDINARIA
68,380,2022-09-21,SESSAO ORDINARIA
68,381,2022-09-22,SESSAO ORDINARIA
68,382,2022-09-27,SESSAO ORDINARIA
68,383,2022-09-28,SESSAO ORDINARIA
68,384,2022-09-29,SESSAO ORDINARIA
68,385,2022-10-04,SESSAO ORDINARIA
68,386,2022-10-05,SESSAO ORDINARIA
68,387,2022-10-06,SESSAO ORDINARIA
68,388,2022-10-11,SESSAO ORDINARIA
68,389,2022-10-13,SESSAO ORDINARIA
68,390,2022-10-18,SESSAO ORDINARIA
68,391,2022-10-19,SESSAO ORDINARIA
68,392,2022-10-20,SESSAO ORDINARIA
68,393,2022-10-25,SESSAO ORDINARIA
68,394,2022-10-25,SESSAO EXTRAORDINARIA
68,395,2022-10-26,SESSAO ORDINARIA
68,396,2022-10-27,SESSAO ORDINARIA
68,397,2022-11-03,SESSAO ORDINARIA
68,398,2022-11-08,SESSAO ORDINARIA
68,399,2022-11-08,SESSAO EXTRAORDINARIA
68,400,2022-11-09,SESSAO ORDINARIA
68,401,2022-11-22,SESSAO EXTRAORDINARIA
68,402,2022-11-10,SESSAO ORDINARIA
68,403,2022-12-06,SESSAO EXTRAORDINARIA
68,404,2022-11-16,SESSAO ORDINARIA
68,405,2022-11-17,SESSAO ORDINARIA
68,406,2022-11-22,SESSAO ORDINARIA
68,407,2022-11-23,SESSAO ORDINARIA
68,408,2022-11-29,SESSAO ORDINARIA
68,409,2022-12-01,SESSAO ORDINARIA
68,410,2022-12-06,SESSAO ORDINARIA
68,411,2022-12-07,SESSAO ORDINARIA
68,412,2022-12-07,SESSAO EXTRAORDINARIA
68,413,2022-12-08,SESSAO ORDINARIA
68,414,2022-12-13,SESSAO ORDINARIA
68,415,2022-12-13,SESSAO EXTRAORDINARIA
68,416,2022-12-14,SESSAO ORDINARIA
68,417,2022-12-15,SESSAO ORDINARIA
68,426,2023-02-15,SESSAO ORDINARIA
68,455,2023-04-20,SESSAO ORDINARIA
68,512,2023-09-26,SESSAO EXTRAORDINARIA
68,545,2023-11-28,SESSAO EXTRAORDINARIA
68,575,2024-03-05,SESSAO EXTRAORDINARIA
68,576,2024-03-05,SESSAO ORDINARIA
68,577,2024-03-06,SESSAO ORDINARIA
68,597,2024-04-11,SESSAO ORDINARIA
68,609,2024-05-08,SESSAO ORDINARIA
68,614,2024-05-16,SESSAO ORDINARIA
68,616,2024-05-22,SESSAO ORDINARIA
68,626,2024-06-06,SESSAO ORDINARIA
68,679,2024-10-17,SESSAO ORDINARIA
68,687,2024-10-30,SESSAO EXTRAORDINARIA
68,688,2024-10-31,SESSAO ORDINARIA
68,1715,2025-02-12,ORDINARIA
68,1727,2025-02-27,ORDINARIA
68,1730,2025-03-06,ORDINARIA
68,1757,2025-03-27,ORDINARIA
68,1763,2025-04-03,ORDINARIA
68,1795,2025-05-06,EXTRAORDINARIA
68,1799,2025-05-08,ORDINARIA
68,1803,2025-05-20,EXTRAORDINARIA
68,1819,2025-05-22,ORDINARIA
68,1838,2025-06-05,ORDINARIA
68,1851,2025-06-17,EXTRAORDINARIA
68,1862,2025-06-25,ORDINARIA
68,1865,2025-06-26,ORDINARIA
68,1885,2025-08-14,ORDINARIA
68,1897,2025-08-21,SOLENE
68,1899,2025-08-22,SOLENE
68,1907,2025-08-28,ORDINARIA
68,1914,2025-09-04,ORDINARIA
68,1915,2025-09-04,ORDINARIA
68,1929,2025-09-23,EXTRAORDINARIA
68,1933,2025-09-18,ORDINARIA
68,1945,2025-09-25,ORDINARIA
68,1954,2025-10-01,ORDINARIA
68,1956,2025-10-02,ORDINARIA
68,1968,2025-10-09,ORDINARIA
68,1986,2025-10-21,EXTRAORDINARIA
68,1990,2025-10-23,ORDINARIA
68,1995,2025-10-30,ORDINARIA
68,2006,2025-11-06,ORDINARIA
68,2020,2025-11-13,ORDINARIA
68,2030,2025-11-19,ORDINARIA
68,2035,2025-11-26,EXTRAORDINARIA
68,2038,2025-11-26,EXTRAORDINARIA
68,2039,2025-11-27,ORDINARIA
68,2040,2025-11-27,ORDINARIA
68,2053,2025-12-04,ORDINARIA
68,2072,2026-02-05,ORDINARIA
68,2082,2026-02-19,ORDINARIA
68,2096,2026-03-05,SOLENE
68,2119,2026-04-23,ORDINARIA
68,2145,2026-04-30,ORDINARIA
68,2152,2026-05-07,ORDINARIA
68,2163,2026-05-14,ORDINARIA
68,2172,2026-03-17,EXTRAORDINARIA
68,2176,2026-03-12,ORDINARIA
68,2188,2026-05-21,ORDINARIA
68,2193,2026-05-28,ORDINARIA
68,2205,2026-06-11,ORDINARIA
68,2228,2026-08-05,ORDINARIA
68,2229,2026-08-06,ORDINARIA
68,2234,2026-06-16,EXTRAORDINARIA
68,2239,2026-06-18,ORDINARIA
68,2245,2026-08-13,ORDINARIA
68,2253,2026-08-19,ORDINARIA
68,2255,2026-08-20,ORDINARIA
190,4,2020-02-04,SESSAO ORDINARIA
190,5,2020-02-05,SESSAO ORDINARIA
190,6,2020-02-11,SESSAO ORDINARIA
190,7,2020-02-11,SESSAO EXTRAORDINARIA
190,8,2020-02-12,SESSAO ORDINARIA
190,9,2020-02-13,SESSAO ORDINARIA
190,10,2020-02-18,SESSAO ORDINARIA
190,11,2020-02-19,SESSAO ORDINARIA
190,12,2020-02-20,SESSAO ORDINARIA
190,13,2020-02-27,SESSAO ORDINARIA
190,14,2020-03-03,SESSAO ORDINARIA
190,15,2020-03-04,SESSAO ORDINARIA
190,16,2020-03-05,SESSAO ORDINARIA
190,17,2020-03-10,SESSAO ORDINARIA
190,18,2020-03-11,SESSAO ORDINARIA
190,19,2020-03-11,SESSAO EXTRAORDINARIA
190,20,2020-03-12,SESSAO ORDINARIA
190,21,2020-03-16,SESSAO EXTRAORDINARIA
190,22,2020-03-16,SESSAO EXTRAORDINARIA
190,23,2020-03-17,SESSAO ORDINARIA
190,24,2020-03-17,SESSAO EXTRAORDINARIA
190,25,2020-03-24,SESSAO EXTRAORDINARIA
190,26,2020-03-24,SESSAO EXTRAORDINARIA
190,27,2020-03-25,SESSAO EXTRAORDINARIA
190,28,2020-03-25,SESSAO EXTRAORDINARIA
190,29,2020-03-25,SESSAO EXTRAORDINARIA
190,30,2020-03-25,SESSAO EXTRAORDINARIA
190,31,2020-03-31,SESSAO EXTRAORDINARIA
190,32,2020-03-31,SESSAO EXTRAORDINARIA
190,33,2020-03-31,SESSAO EXTRAORDINARIA
190,34,2020-04-07,SESSAO EXTRAORDINARIA
190,35,2020-04-01,SESSAO EXTRAORDINARIA
190,36,2020-04-01,SESSAO EXTRAORDINARIA
190,37,2020-04-07,SESSAO EXTRAORDINARIA
190,38,2020-04-08,SESSAO EXTRAORDINARIA
190,39,2020-04-14,SESSAO EXTRAORDINARIA
190,40,2020-04-14,SESSAO EXTRAORDINARIA
190,41,2020-04-14,SESSAO EXTRAORDINARIA
190,42,2020-04-15,SESSAO EXTRAORDINARIA
190,43,2020-04-15,SESSAO EXTRAORDINARIA
190,44,2020-04-22,SESSAO EXTRAORDINARIA
190,45,2020-04-22,SESSAO EXTRAORDINARIA
190,46,2020-04-22,SESSAO EXTRAORDINARIA
190,47,2020-04-22,SESSAO EXTRAORDINARIA
190,48,2020-04-28,SESSAO EXTRAORDINARIA
190,49,2020-04-28,SESSAO EXTRAORDINARIA
190,50,2020-04-29,SESSAO EXTRAORDINARIA
190,51,2020-04-29,SESSAO EXTRAORDINARIA
190,52,2020-05-05,SESSAO EXTRAORDINARIA
190,53,2020-05-05,SESSAO EXTRAORDINARIA
190,54,2020-05-19,SESSAO EXTRAORDINARIA
190,55,2020-05-19,SESSAO EXTRAORDINARIA
190,56,2020-05-20,SESSAO EXTRAORDINARIA
190,57,2020-05-20,SESSAO EXTRAORDINARIA
190,58,2020-05-20,SESSAO EXTRAORDINARIA
190,59,2020-05-26,SESSAO EXTRAORDINARIA
190,60,2020-05-27,SESSAO EXTRAORDINARIA
190,61,2020-06-02,SESSAO EXTRAORDINARIA
190,62,2020-06-02,SESSAO EXTRAORDINARIA
190,63,2020-06-09,SESSAO EXTRAORDINARIA
190,64,2020-06-10,SESSAO EXTRAORDINARIA
190,65,2020-06-10,SESSAO EXTRAORDINARIA
190,66,2020-06-10,SESSAO EXTRAORDINARIA
190,67,2020-06-16,SESSAO EXTRAORDINARIA
190,68,2020-06-16,SESSAO EXTRAORDINARIA
190,69,2020-06-17,SESSAO EXTRAORDINARIA
190,70,2020-06-17,SESSAO EXTRAORDINARIA
190,71,2020-06-18,SESSAO EXTRAORDINARIA
190,72,2020-06-23,SESSAO EXTRAORDINARIA
190,73,2020-06-24,SESSAO EXTRAORDINARIA
190,74,2020-06-24,SESSAO EXTRAORDINARIA
190,75,2020-06-30,SESSAO EXTRAORDINARIA
190,76,2020-06-30,SESSAO EXTRAORDINARIA
190,77,2020-08-04,SESSAO EXTRAORDINARIA
190,78,2020-08-05,SESSAO EXTRAORDINARIA
190,79,2020-08-11,SESSAO EXTRAORDINARIA
190,80,2020-08-11,SESSAO EXTRAORDINARIA
190,81,2020-08-12,SESSAO EXTRAORDINARIA
190,82,2020-08-12,SESSAO EXTRAORDINARIA
190,83,2020-08-18,SESSAO EXTRAORDINARIA
190,84,2020-08-19,SESSAO EXTRAORDINARIA
190,85,2020-08-19,SESSAO EXTRAORDINARIA
190,86,2020-08-25,SESSAO EXTRAORDINARIA
190,87,2020-08-26,SESSAO EXTRAORDINARIA
190,88,2020-09-01,SESSAO EXTRAORDINARIA
190,89,2020-09-02,SESSAO EXTRAORDINARIA
190,90,2020-09-08,SESSAO EXTRAORDINARIA
190,91,2020-09-09,SESSAO EXTRAORDINARIA
190,92,2020-09-15,SESSAO EXTRAORDINARIA
190,93,2020-09-16,SESSAO EXTRAORDINARIA
190,94,2020-09-17,SESSAO EXTRAORDINARIA
190,95,2020-09-22,SESSAO EXTRAORDINARIA
190,96,2020-09-23,SESSAO EXTRAORDINARIA
190,97,2020-09-23,SESSAO EXTRAORDINARIA
190,98,2020-09-29,SESSAO EXTRAORDINARIA
190,99,2020-09-29,SESSAO EXTRAORDINARIA
190,100,2020-09-30,SESSAO EXTRAORDINARIA
190,101,2020-10-06,SESSAO EXTRAORDINARIA
190,102,2020-10-07,SESSAO EXTRAORDINARIA
190,103,2020-10-07,SESSAO EXTRAORDINARIA
190,104,2020-10-13,SESSAO EXTRAORDINARIA
190,105,2020-10-14,SESSAO EXTRAORDINARIA
190,106,2020-10-14,SESSAO EXTRAORDINARIA
190,107,2020-10-15,SESSAO EXTRAORDINARIA
190,108,2020-10-20,SESSAO EXTRAORDINARIA
190,114,2020-11-03,SESSAO EXTRAORDINARIA
190,115,2020-11-03,SESSAO EXTRAORDINARIA
190,116,2020-11-04,SESSAO EXTRAORDINARIA
190,117,2020-11-10,SESSAO EXTRAORDINARIA
190,118,2020-11-10,SESSAO EXTRAORDINARIA
190,119,2020-11-11,SESSAO EXTRAORDINARIA
190,120,2020-11-17,SESSAO EXTRAORDINARIA
190,121,2020-11-17,SESSAO EXTRAORDINARIA
190,122,2020-11-18,SESSAO EXTRAORDINARIA
190,123,2020-11-24,SESSAO EXTRAORDINARIA
190,124,2020-11-25,SESSAO EXTRAORDINARIA
190,125,2020-11-25,SESSAO EXTRAORDINARIA
190,126,2020-12-01,SESSAO EXTRAORDINARIA
190,127,2020-12-01,SESSAO EXTRAORDINARIA
190,128,2020-12-02,SESSAO EXTRAORDINARIA
190,129,2020-12-08,SESSAO EXTRAORDINARIA
190,130,2020-12-09,SESSAO EXTRAORDINARIA
190,131,2020-12-09,SESSAO EXTRAORDINARIA
190,132,2020-12-10,SESSAO EXTRAORDINARIA
190,133,2020-12-10,SESSAO EXTRAORDINARIA
190,134,2020-12-10,SESSAO EXTRAORDINARIA
190,135,2020-12-15,SESSAO EXTRAORDINARIA
190,136,2021-02-02,SESSAO PREPARATORIA
190,137,2021-02-03,SESSAO EXTRAORDINARIA
190,138,2021-02-09,SESSAO EXTRAORDINARIA
190,139,2021-02-10,SESSAO EXTRAORDINARIA
190,140,2021-02-23,SESSAO EXTRAORDINARIA
190,141,2021-02-23,SESSAO EXTRAORDINARIA
190,142,2021-02-24,SESSAO EXTRAORDINARIA
190,143,2021-03-02,SESSAO EXTRAORDINARIA
190,144,2021-03-03,SESSAO EXTRAORDINARIA
190,145,2021-03-09,SESSAO EXTRAORDINARIA
190,146,2021-03-09,SESSAO EXTRAORDINARIA
190,147,2021-03-10,SESSAO EXTRAORDINARIA
190,148,2021-03-16,SESSAO EXTRAORDINARIA
190,149,2021-03-17,SESSAO EXTRAORDINARIA
190,150,2021-03-23,SESSAO EXTRAORDINARIA
190,151,2021-03-24,SESSAO EXTRAORDINARIA
190,152,2021-03-30,SESSAO EXTRAORDINARIA
190,153,2021-03-30,SESSAO EXTRAORDINARIA
190,154,2021-03-31,SESSAO EXTRAORDINARIA
190,155,2021-04-06,SESSAO EXTRAORDINARIA
190,156,2021-04-06,SESSAO EXTRAORDINARIA
190,157,2021-04-07,SESSAO EXTRAORDINARIA
190,158,2021-04-13,SESSAO EXTRAORDINARIA
190,159,2021-04-14,SESSAO EXTRAORDINARIA
190,160,2021-04-14,SESSAO EXTRAORDINARIA
190,161,2021-04-20,SESSAO EXTRAORDINARIA
190,162,2021-04-27,SESSAO EXTRAORDINARIA
190,163,2021-04-27,SESSAO EXTRAORDINARIA
190,164,2021-04-27,SESSAO EXTRAORDINARIA
190,165,2021-04-28,SESSAO EXTRAORDINARIA
190,166,2021-05-04,SESSAO EXTRAORDINARIA
190,167,2021-05-05,SESSAO EXTRAORDINARIA
190,168,2021-05-11,SESSAO EXTRAORDINARIA
190,169,2021-05-11,SESSAO EXTRAORDINARIA
190,170,2021-05-12,SESSAO EXTRAORDINARIA
190,171,2021-05-18,SESSAO EXTRAORDINARIA
190,172,2021-05-19,SESSAO EXTRAORDINARIA
190,173,2021-05-19,SESSAO EXTRAORDINARIA
190,174,2021-05-25,SESSAO EXTRAORDINARIA
190,175,2021-05-25,SESSAO EXTRAORDINARIA
190,176,2021-05-26,SESSAO EXTRAORDINARIA
190,177,2021-06-01,SESSAO EXTRAORDINARIA
190,178,2021-06-02,SESSAO EXTRAORDINARIA
190,179,2021-06-08,SESSAO EXTRAORDINARIA
190,180,2021-06-08,SESSAO EXTRAORDINARIA
190,181,2021-06-09,SESSAO EXTRAORDINARIA
190,182,2021-06-15,SESSAO EXTRAORDINARIA
190,183,2021-06-15,SESSAO EXTRAORDINARIA
190,184,2021-06-16,SESSAO EXTRAORDINARIA
190,185,2021-06-22,SESSAO EXTRAORDINARIA
190,186,2021-06-23,SESSAO EXTRAORDINARIA
190,187,2021-06-23,SESSAO EXTRAORDINARIA
190,188,2021-06-29,SESSAO EXTRAORDINARIA
190,189,2021-06-29,SESSAO EXTRAORDINARIA
190,190,2021-08-03,SESSAO ORDINARIA
190,191,2022-02-01,SESSAO ORDINARIA
190,192,2021-08-04,SESSAO ORDINARIA
190,193,2021-08-04,SESSAO EXTRAORDINARIA
190,194,2021-08-05,SESSAO ORDINARIA
190,195,2021-08-05,SESSAO ORDINARIA
190,196,2021-08-10,SESSAO ORDINARIA
190,197,2021-08-10,SESSAO EXTRAORDINARIA
190,198,2021-08-11,SESSAO ORDINARIA
190,199,2021-08-12,SESSAO ORDINARIA
190,200,2021-08-17,SESSAO ORDINARIA
190,201,2021-08-17,SESSAO EXTRAORDINARIA
190,202,2021-08-17,SESSAO EXTRAORDINARIA
190,203,2021-08-18,SESSAO ORDINARIA
190,204,2021-08-19,SESSAO ORDINARIA
190,205,2021-08-24,SESSAO ORDINARIA
190,206,2021-08-25,SESSAO ORDINARIA
190,207,2021-08-26,SESSAO ORDINARIA
190,208,2021-08-31,SESSAO ORDINARIA
190,209,2021-08-31,SESSAO EXTRAORDINARIA
190,210,2021-08-31,SESSAO EXTRAORDINARIA
190,211,2021-09-01,SESSAO ORDINARIA
190,212,2021-09-02,SESSAO ORDINARIA
190,213,2021-09-08,SESSAO ORDINARIA
190,214,2021-09-09,SESSAO ORDINARIA
190,215,2021-09-14,SESSAO ORDINARIA
190,216,2021-09-15,SESSAO ORDINARIA
190,217,2021-09-15,SESSAO EXTRAORDINARIA
190,218,2021-09-16,SESSAO ORDINARIA
190,219,2021-09-21,SESSAO ORDINARIA
190,220,2021-09-21,SESSAO EXTRAORDINARIA
190,221,2021-09-22,SESSAO ORDINARIA
190,222,2021-09-23,SESSAO ORDINARIA
190,223,2021-09-28,SESSAO ORDINARIA
190,224,2021-09-29,SESSAO ORDINARIA
190,225,2021-09-30,SESSAO ORDINARIA
190,226,2021-10-05,SESSAO ORDINARIA
190,227,2021-10-05,SESSAO EXTRAORDINARIA
190,228,2021-10-06,SESSAO ORDINARIA
190,229,2021-10-06,SESSAO EXTRAORDINARIA
190,230,2021-10-06,SESSAO EXTRAORDINARIA
190,231,2021-10-07,SESSAO ORDINARIA
190,232,2021-10-13,SESSAO ORDINARIA
190,233,2021-10-14,SESSAO ORDINARIA
190,234,2021-10-19,SESSAO ORDINARIA
190,235,2021-10-20,SESSAO ORDINARIA
190,236,2021-10-20,SESSAO EXTRAORDINARIA
190,237,2021-10-21,SESSAO ORDINARIA
190,238,2021-10-26,SESSAO ORDINARIA
190,239,2021-10-27,SESSAO ORDINARIA
190,240,2021-10-28,SESSAO ORDINARIA
190,241,2021-11-03,SESSAO ORDINARIA
190,242,2021-11-03,SESSAO EXTRAORDINARIA
190,243,2021-11-03,SESSAO EXTRAORDINARIA
190,244,2021-11-04,SESSAO ORDINARIA
190,245,2021-11-09,SESSAO ORDINARIA
190,246,2021-11-09,SESSAO EXTRAORDINARIA
190,247,2021-11-10,SESSAO ORDINARIA
190,248,2021-11-10,SESSAO EXTRAORDINARIA
190,249,2021-11-11,SESSAO ORDINARIA
190,250,2021-11-16,SESSAO ORDINARIA
190,251,2021-11-17,SESSAO ORDINARIA
190,252,2021-11-18,SESSAO ORDINARIA
190,253,2021-11-23,SESSAO ORDINARIA
190,254,2021-11-23,SESSAO EXTRAORDINARIA
190,255,2021-11-24,SESSAO ORDINARIA
190,256,2021-11-25,SESSAO ORDINARIA
190,257,2021-12-01,SESSAO ORDINARIA
190,258,2021-12-01,SESSAO EXTRAORDINARIA
190,259,2021-12-02,SESSAO EXTRAORDINARIA
190,260,2021-12-02,SESSAO ORDINARIA
190,261,2021-12-07,SESSAO ORDINARIA
190,262,2021-12-07,SESSAO EXTRAORDINARIA
190,263,2021-12-08,SESSAO ORDINARIA
190,264,2021-12-08,SESSAO EXTRAORDINARIA
190,265,2021-12-09,SESSAO ORDINARIA
190,266,2021-12-09,SESSAO EXTRAORDINARIA
190,267,2021-12-14,SESSAO EXTRAORDINARIA
190,268,2021-12-14,SESSAO ORDINARIA
190,269,2021-12-14,SESSAO EXTRAORDINARIA
190,270,2021-12-14,SESSAO EXTRAORDINARIA
190,271,2021-12-14,SESSAO EXTRAORDINARIA
190,272,2021-12-15,SESSAO ORDINARIA
190,273,2022-02-02,SESSAO ORDINARIA
190,274,2022-02-03,SESSAO ORDINARIA
190,275,2022-02-08,SESSAO ORDINARIA
190,276,2022-02-08,SESSAO EXTRAORDINARIA
190,277,2022-02-08,SESSAO EXTRAORDINARIA
190,278,2022-02-09,SESSAO ORDINARIA
190,279,2022-02-10,SESSAO ORDINARIA
190,280,2022-02-15,SESSAO ORDINARIA
190,281,2022-02-15,SESSAO EXTRAORDINARIA
190,282,2022-02-16,SESSAO ORDINARIA
190,283,2022-02-16,SESSAO EXTRAORDINARIA
190,284,2022-02-17,SESSAO ORDINARIA
190,285,2022-02-22,SESSAO ORDINARIA
190,286,2022-02-22,SESSAO EXTRAORDINARIA
190,287,2022-02-23,SESSAO ORDINARIA
190,288,2022-03-08,SESSAO EXTRAORDINARIA
190,289,2022-02-24,SESSAO ORDINARIA
190,290,2022-03-03,SESSAO ORDINARIA
190,291,2022-03-08,SESSAO ORDINARIA
190,292,2022-03-09,SESSAO ORDINARIA
190,293,2022-03-09,SESSAO EXTRAORDINARIA
190,294,2022-03-10,SESSAO ORDINARIA
190,295,2022-03-15,SESSAO EXTRAORDINARIA
190,296,2022-03-23,SESSAO EXTRAORDINARIA
190,297,2022-03-15,SESSAO ORDINARIA
190,298,2022-03-16,SESSAO ORDINARIA
190,299,2022-03-17,SESSAO ORDINARIA
190,300,2022-03-22,SESSAO ORDINARIA
190,301,2022-03-23,SESSAO ORDINARIA
190,302,2022-03-29,SESSAO EXTRAORDINARIA
190,303,2022-03-24,SESSAO ORDINARIA
190,304,2022-03-29,SESSAO ORDINARIA
190,305,2022-03-30,SESSAO ORDINARIA
190,306,2022-03-30,SESSAO EXTRAORDINARIA
190,307,2022-03-31,SESSAO EXTRAORDINARIA
190,308,2022-03-31,SESSAO ORDINARIA
190,309,2022-03-31,SESSAO EXTRAORDINARIA
190,310,2022-03-31,SESSAO EXTRAORDINARIA
190,311,2022-03-31,SESSAO EXTRAORDINARIA
190,312,2022-04-05,SESSAO ORDINARIA
190,313,2022-04-12,SESSAO EXTRAORDINARIA
190,314,2022-04-06,SESSAO ORDINARIA
190,315,2022-04-12,SESSAO EXTRAORDINARIA
190,316,2022-05-10,SESSAO EXTRAORDINARIA
190,317,2022-04-07,SESSAO ORDINARIA
190,318,2022-04-12,SESSAO ORDINARIA
190,319,2022-04-13,SESSAO ORDINARIA
190,320,2022-04-19,SESSAO ORDINARIA
190,321,2022-04-20,SESSAO ORDINARIA
190,322,2022-04-26,SESSAO ORDINARIA
190,323,2022-04-27,SESSAO ORDINARIA
190,324,2022-04-28,SESSAO ORDINARIA
190,325,2022-05-03,SESSAO ORDINARIA
190,326,2022-05-04,SESSAO ORDINARIA
190,327,2022-05-05,SESSAO ORDINARIA
190,328,2022-05-10,SESSAO ORDINARIA
190,329,2022-05-11,SESSAO ORDINARIA
190,330,2022-05-17,SESSAO EXTRAORDINARIA
190,331,2022-05-12,SESSAO ORDINARIA
190,332,2022-06-07,SESSAO EXTRAORDINARIA
190,333,2022-05-12,SESSAO ORDINARIA
190,334,2022-05-17,SESSAO ORDINARIA
190,335,2022-05-18,SESSAO ORDINARIA
190,336,2022-05-19,SESSAO ORDINARIA
190,337,2022-05-24,SESSAO ORDINARIA
190,338,2022-05-25,SESSAO ORDINARIA
190,339,2022-05-26,SESSAO ORDINARIA
190,340,2022-05-31,SESSAO ORDINARIA
190,341,2022-06-01,SESSAO ORDINARIA
190,342,2022-06-02,SESSAO ORDINARIA
190,343,2022-06-07,SESSAO ORDINARIA
190,344,2022-06-08,SESSAO ORDINARIA
190,345,2022-06-21,SESSAO EXTRAORDINARIA
190,346,2022-06-09,SESSAO ORDINARIA
190,347,2022-06-14,SESSAO ORDINARIA
190,348,2022-06-15,SESSAO ORDINARIA
190,349,2022-06-21,SESSAO ORDINARIA
190,350,2022-06-22,SESSAO ORDINARIA
190,351,2022-06-23,SESSAO ORDINARIA
190,352,2022-06-28,SESSAO ORDINARIA
190,353,2022-06-29,SESSAO EXTRAORDINARIA
190,354,2022-06-29,SESSAO ORDINARIA
190,355,2022-06-29,SESSAO EXTRAORDINARIA
190,356,2022-06-30,SESSAO ORDINARIA
190,357,2022-08-02,SESSAO ORDINARIA
190,358,2022-08-30,SESSAO EXTRAORDINARIA
190,359,2022-08-03,SESSAO ORDINARIA
190,360,2022-08-04,SESSAO ORDINARIA
190,361,2022-08-09,SESSAO ORDINARIA
190,362,2022-08-10,SESSAO ORDINARIA
190,363,2022-08-11,SESSAO ORDINARIA
190,364,2022-08-16,SESSAO ORDINARIA
190,365,2022-08-17,SESSAO ORDINARIA
190,366,2022-08-18,SESSAO ORDINARIA
190,367,2022-08-23,SESSAO ORDINARIA
190,368,2022-08-24,SESSAO ORDINARIA
190,369,2022-08-25,SESSAO ORDINARIA
190,370,2022-08-30,SESSAO ORDINARIA
190,371,2022-08-31,SESSAO ORDINARIA
190,372,2022-09-13,SESSAO EXTRAORDINARIA
190,373,2022-09-01,SESSAO ORDINARIA
190,374,2022-09-08,SESSAO ORDINARIA
190,375,2022-09-13,SESSAO ORDINARIA
190,376,2022-09-14,SESSAO ORDINARIA
190,377,2022-09-15,SESSAO ORDINARIA
190,378,2022-09-20,SESSAO ORDINARIA
190,379,2022-10-25,SESSAO EXTRAORDINARIA
190,380,2022-09-21,SESSAO ORDINARIA
190,381,2022-09-22,SESSAO ORDINARIA
190,382,2022-09-27,SESSAO ORDINARIA
190,383,2022-09-28,SESSAO ORDINARIA
190,384,2022-09-29,SESSAO ORDINARIA
190,385,2022-10-04,SESSAO ORDINARIA
190,386,2022-10-05,SESSAO ORDINARIA
190,387,2022-10-06,SESSAO ORDINARIA
190,388,2022-10-11,SESSAO ORDINARIA
190,389,2022-10-13,SESSAO ORDINARIA
190,390,2022-10-18,SESSAO ORDINARIA
190,391,2022-10-19,SESSAO ORDINARIA
190,392,2022-10-20,SESSAO ORDINARIA
190,393,2022-10-25,SESSAO ORDINARIA
190,394,2022-10-25,SESSAO EXTRAORDINARIA
190,395,2022-10-26,SESSAO ORDINARIA
190,396,2022-10-27,SESSAO ORDINARIA
190,397,2022-11-03,SESSAO ORDINARIA
190,398,2022-11-08,SESSAO ORDINARIA
190,399,2022-11-08,SESSAO EXTRAORDINARIA
190,400,2022-11-09,SESSAO ORDINARIA
190,401,2022-11-22,SESSAO EXTRAORDINARIA
190,402,2022-11-10,SESSAO ORDINARIA
190,403,2022-12-06,SESSAO EXTRAORDINARIA
190,404,2022-11-16,SESSAO ORDINARIA
190,405,2022-11-17,SESSAO ORDINARIA
190,406,2022-11-22,SESSAO ORDINARIA
190,407,2022-11-23,SESSAO ORDINARIA
190,408,2022-11-29,SESSAO ORDINARIA
190,409,2022-12-01,SESSAO ORDINARIA
190,410,2022-12-06,SESSAO ORDINARIA
190,411,2022-12-07,SESSAO ORDINARIA
190,412,2022-12-07,SESSAO EXTRAORDINARIA
190,413,2022-12-08,SESSAO ORDINARIA
190,414,2022-12-13,SESSAO ORDINARIA
190,415,2022-12-13,SESSAO EXTRAORDINARIA
190,416,2022-12-14,SESSAO ORDINARIA
190,417,2022-12-15,SESSAO ORDINARIA
190,418,2023-02-01,SESSAO ORDINARIA
190,419,2023-02-02,SESSAO ORDINARIA
190,420,2023-02-07,SESSAO ORDINARIA
190,421,2023-02-08,SESSAO ORDINARIA
190,422,2023-02-14,SESSAO EXTRAORDINARIA
190,423,2023-02-09,SESSAO ORDINARIA
190,424,2023-02-16,SESSAO EXTRAORDINARIA
190,425,2023-02-14,SESSAO ORDINARIA
190,426,2023-02-15,SESSAO ORDINARIA
190,427,2023-02-16,SESSAO ORDINARIA
190,428,2023-02-23,SESSAO ORDINARIA
190,429,2023-02-28,SESSAO ORDINARIA
190,430,2023-03-01,SESSAO ORDINARIA
190,431,2023-03-21,SESSAO EXTRAORDINARIA
190,432,2023-03-02,SESSAO ORDINARIA
190,433,2023-03-07,SESSAO ORDINARIA
190,434,2023-03-08,SESSAO ORDINARIA
190,435,2023-03-09,SESSAO ORDINARIA
190,436,2023-03-14,SESSAO ORDINARIA
190,437,2023-03-15,SESSAO ORDINARIA
190,438,2023-03-16,SESSAO ORDINARIA
190,439,2023-03-21,SESSAO ORDINARIA
190,440,2023-03-22,SESSAO ORDINARIA
190,441,2023-03-23,SESSAO ORDINARIA
190,442,2023-03-21,SESSAO EXTRAORDINARIA
190,443,2023-04-04,SESSAO EXTRAORDINARIA
190,444,2023-03-28,SESSAO ORDINARIA
190,445,2023-03-29,SESSAO ORDINARIA
190,446,2023-03-30,SESSAO ORDINARIA
190,447,2023-04-04,SESSAO ORDINARIA
190,448,2023-04-05,SESSAO ORDINARIA
190,449,2023-04-11,SESSAO EXTRAORDINARIA
190,450,2023-04-11,SESSAO ORDINARIA
190,451,2023-04-12,SESSAO ORDINARIA
190,452,2023-04-13,SESSAO ORDINARIA
190,453,2023-04-18,SESSAO ORDINARIA
190,454,2023-04-19,SESSAO ORDINARIA
190,455,2023-04-20,SESSAO ORDINARIA
190,456,2023-04-25,SESSAO ORDINARIA
190,457,2023-04-26,SESSAO ORDINARIA
190,458,2023-04-27,SESSAO ORDINARIA
190,459,2023-05-02,SESSAO ORDINARIA
190,460,2023-05-03,SESSAO ORDINARIA
190,461,2023-05-04,SESSAO ORDINARIA
190,462,2023-05-09,SESSAO EXTRAORDINARIA
190,463,2023-05-09,SESSAO ORDINARIA
190,464,2023-05-10,SESSAO ORDINARIA
190,465,2023-05-11,SESSAO ORDINARIA
190,466,2023-05-16,SESSAO EXTRAORDINARIA
190,467,2023-05-16,SESSAO ORDINARIA
190,468,2023-05-17,SESSAO ORDINARIA
190,469,2023-05-18,SESSAO ORDINARIA
190,470,2023-05-23,SESSAO ORDINARIA
190,471,2023-05-24,SESSAO ORDINARIA
190,472,2023-05-25,SESSAO ORDINARIA
190,473,2023-05-30,SESSAO ORDINARIA
190,474,2023-05-31,SESSAO EXTRAORDINARIA
190,475,2023-05-31,SESSAO ORDINARIA
190,476,2023-06-01,SESSAO ORDINARIA
190,477,2023-06-06,SESSAO ORDINARIA
190,478,2023-06-07,SESSAO ORDINARIA
190,479,2023-06-13,SESSAO ORDINARIA
190,480,2023-06-14,SESSAO ORDINARIA
190,481,2023-06-20,SESSAO EXTRAORDINARIA
190,482,2023-06-20,SESSAO ORDINARIA
190,483,2023-06-21,SESSAO ORDINARIA
190,484,2023-06-22,SESSAO ORDINARIA
190,485,2023-06-27,SESSAO EXTRAORDINARIA
190,486,2023-06-27,SESSAO ORDINARIA
190,487,2023-08-01,SESSAO ORDINARIA
190,488,2023-08-02,SESSAO ORDINARIA
190,489,2023-08-03,SESSAO ORDINARIA
190,490,2023-08-08,SESSAO ORDINARIA
190,491,2023-08-09,SESSAO ORDINARIA
190,492,2023-08-10,SESSAO ORDINARIA
190,493,2023-08-15,SESSAO ORDINARIA
190,494,2023-08-15,SESSAO EXTRAORDINARIA
190,495,2023-08-16,SESSAO ORDINARIA
190,496,2023-08-22,SESSAO ORDINARIA
190,497,2023-08-22,SESSAO EXTRAORDINARIA
190,498,2023-08-23,SESSAO ORDINARIA
190,499,2023-08-24,SESSAO ORDINARIA
190,500,2023-08-29,SESSAO ORDINARIA
190,501,2023-08-29,SESSAO EXTRAORDINARIA
190,502,2023-08-29,SESSAO EXTRAORDINARIA
190,503,2023-08-30,SESSAO ORDINARIA
190,504,2023-08-31,SESSAO ORDINARIA
190,505,2023-09-05,SESSAO ORDINARIA
190,506,2023-09-12,SESSAO ORDINARIA
190,507,2023-09-13,SESSAO ORDINARIA
190,508,2023-09-19,SESSAO EXTRAORDINARIA
190,509,2023-09-19,SESSAO ORDINARIA
190,510,2023-09-20,SESSAO ORDINARIA
190,511,2023-09-21,SESSAO ORDINARIA
190,512,2023-09-26,SESSAO EXTRAORDINARIA
190,513,2023-09-26,SESSAO ORDINARIA
190,514,2023-09-27,SESSAO ORDINARIA
190,515,2023-09-28,SESSAO ORDINARIA
190,516,2023-10-03,SESSAO EXTRAORDINARIA
190,517,2023-10-03,SESSAO ORDINARIA
190,518,2023-10-04,SESSAO ORDINARIA
190,519,2023-10-05,SESSAO ORDINARIA
190,520,2023-10-10,SESSAO ORDINARIA
190,521,2023-10-10,SESSAO EXTRAORDINARIA
190,522,2023-10-11,SESSAO ORDINARIA
190,523,2023-10-17,SESSAO EXTRAORDINARIA
190,524,2023-10-17,SESSAO ORDINARIA
190,525,2023-10-18,SESSAO ORDINARIA
190,526,2023-10-19,SESSAO ORDINARIA
190,527,2023-10-24,SESSAO EXTRAORDINARIA
190,528,2023-10-24,SESSAO ORDINARIA
190,529,2023-10-25,SESSAO ORDINARIA
190,530,2023-10-31,SESSAO ORDINARIA
190,531,2023-10-31,SESSAO EXTRAORDINARIA
190,532,2023-11-01,SESSAO ORDINARIA
190,533,2023-11-07,SESSAO ORDINARIA
190,534,2023-11-07,SESSAO EXTRAORDINARIA
190,535,2023-11-08,SESSAO ORDINARIA
190,536,2023-11-09,SESSAO ORDINARIA
190,537,2023-11-14,SESSAO EXTRAORDINARIA
190,538,2023-11-14,SESSAO ORDINARIA
190,539,2023-11-16,SESSAO ORDINARIA
190,540,2023-11-21,SESSAO ORDINARIA
190,541,2023-11-21,SESSAO EXTRAORDINARIA
190,542,2023-11-21,SESSAO EXTRAORDINARIA
190,543,2023-11-22,SESSAO ORDINARIA
190,544,2023-11-23,SESSAO ORDINARIA
190,545,2023-11-28,SESSAO EXTRAORDINARIA
190,546,2023-11-28,SESSAO ORDINARIA
190,547,2023-11-28,SESSAO EXTRAORDINARIA
190,548,2023-12-05,SESSAO ORDINARIA
190,549,2023-12-05,SESSAO EXTRAORDINARIA
190,550,2023-12-06,SESSAO ORDINARIA
190,551,2023-12-07,SESSAO ORDINARIA
190,552,2023-12-12,SESSAO EXTRAORDINARIA
190,553,2023-12-12,SESSAO ORDINARIA
190,554,2023-12-13,SESSAO ORDINARIA
190,555,2023-12-13,SESSAO EXTRAORDINARIA
190,556,2023-12-13,SESSAO EXTRAORDINARIA
190,557,2024-02-01,SESSAO ORDINARIA
190,558,2024-02-01,SESSAO EXTRAORDINARIA
190,559,2024-02-01,SESSAO EXTRAORDINARIA
190,560,2024-02-06,SESSAO EXTRAORDINARIA
190,561,2024-02-06,SESSAO ORDINARIA
190,562,2024-02-07,SESSAO ORDINARIA
190,563,2024-02-08,SESSAO ORDINARIA
190,564,2024-02-15,SESSAO ORDINARIA
190,565,2024-02-20,SESSAO EXTRAORDINARIA
190,566,2024-02-20,SESSAO ORDINARIA
190,567,2024-02-21,SESSAO ORDINARIA
190,568,2024-02-22,SESSAO ORDINARIA
190,569,2024-02-27,SESSAO EXTRAORDINARIA
190,570,2024-02-27,SESSAO ORDINARIA
190,571,2024-02-27,SESSAO EXTRAORDINARIA
190,572,2024-02-27,SESSAO EXTRAORDINARIA
190,573,2024-02-28,SESSAO ORDINARIA
190,574,2024-02-29,SESSAO ORDINARIA
190,575,2024-03-05,SESSAO EXTRAORDINARIA
190,576,2024-03-05,SESSAO ORDINARIA
190,577,2024-03-06,SESSAO ORDINARIA
190,578,2024-03-07,SESSAO ORDINARIA
190,579,2024-03-13,SESSAO ORDINARIA
190,580,2024-03-14,SESSAO ORDINARIA
190,581,2024-03-19,SESSAO EXTRAORDINARIA
190,582,2024-03-19,SESSAO ORDINARIA
190,583,2024-03-20,SESSAO ORDINARIA
190,584,2024-03-21,SESSAO ORDINARIA
190,585,2024-03-26,SESSAO EXTRAORDINARIA
190,586,2024-03-26,SESSAO ORDINARIA
190,587,2024-03-27,SESSAO ORDINARIA
190,588,2024-04-02,SESSAO EXTRAORDINARIA
190,589,2024-04-02,SESSAO ORDINARIA
190,590,2024-04-03,SESSAO ORDINARIA
190,591,2024-04-04,SESSAO ORDINARIA
190,592,2024-04-23,SESSAO ORDINARIA
190,593,2024-04-09,SESSAO EXTRAORDINARIA
190,594,2024-04-09,SESSAO ORDINARIA
190,595,2024-04-10,SESSAO ORDINARIA
190,596,2024-04-09,SESSAO EXTRAORDINARIA
190,597,2024-04-11,SESSAO ORDINARIA
190,598,2024-04-23,SESSAO EXTRAORDINARIA
190,599,2024-05-07,SESSAO EXTRAORDINARIA
190,600,2024-04-16,SESSAO ORDINARIA
190,601,2024-04-17,SESSAO ORDINARIA
190,602,2024-04-18,SESSAO ORDINARIA
190,603,2024-04-24,SESSAO ORDINARIA
190,604,2024-04-25,SESSAO ORDINARIA
190,605,2024-05-21,SESSAO EXTRAORDINARIA
190,606,2024-04-30,SESSAO ORDINARIA
190,607,2024-05-02,SESSAO ORDINARIA
190,608,2024-05-07,SESSAO ORDINARIA
190,609,2024-05-08,SESSAO ORDINARIA
190,610,2024-05-09,SESSAO ORDINARIA
190,611,2024-05-28,SESSAO EXTRAORDINARIA
190,612,2024-05-14,SESSAO ORDINARIA
190,613,2024-05-15,SESSAO ORDINARIA
190,614,2024-05-16,SESSAO ORDINARIA
190,615,2024-05-21,SESSAO ORDINARIA
190,616,2024-05-22,SESSAO ORDINARIA
190,617,2024-05-23,SESSAO ORDINARIA
190,618,2024-05-28,SESSAO ORDINARIA
190,619,2024-06-04,SESSAO EXTRAORDINARIA
190,620,2024-05-29,SESSAO ORDINARIA
190,621,2024-06-04,SESSAO EXTRAORDINARIA
190,622,2024-06-04,SESSAO ORDINARIA
190,623,2024-06-05,SESSAO ORDINARIA
190,624,2024-06-11,SESSAO EXTRAORDINARIA
190,625,2024-06-18,SESSAO EXTRAORDINARIA
190,626,2024-06-06,SESSAO ORDINARIA
190,627,2024-06-11,SESSAO ORDINARIA
190,628,2024-06-12,SESSAO ORDINARIA
190,629,2024-06-13,SESSAO ORDINARIA
190,630,2024-06-18,SESSAO ORDINARIA
190,631,2024-06-19,SESSAO ORDINARIA
190,632,2024-06-20,SESSAO ORDINARIA
190,633,2024-06-18,SESSAO EXTRAORDINARIA
190,634,2024-06-19,SESSAO EXTRAORDINARIA
190,635,2024-06-25,SESSAO EXTRAORDINARIA
190,636,2024-06-25,SESSAO ORDINARIA
190,637,2024-08-01,SESSAO ORDINARIA
190,638,2024-08-06,SESSAO ORDINARIA
190,639,2024-08-07,SESSAO EXTRAORDINARIA
190,640,2024-08-07,SESSAO EXTRAORDINARIA
190,641,2024-08-07,SESSAO ORDINARIA
190,642,2024-08-07,SESSAO EXTRAORDINARIA
190,643,2024-08-08,SESSAO ORDINARIA
190,644,2024-08-14,SESSAO ORDINARIA
190,645,2024-08-15,SESSAO ORDINARIA
190,646,2024-08-14,SESSAO EXTRAORDINARIA
190,647,2024-08-20,SESSAO ORDINARIA
190,648,2024-08-21,SESSAO ORDINARIA
190,649,2024-08-27,SESSAO ORDINARIA
190,650,2024-08-28,SESSAO ORDINARIA
190,651,2024-08-29,SESSAO ORDINARIA
190,652,2024-09-03,SESSAO EXTRAORDINARIA
190,653,2024-09-03,SESSAO ORDINARIA
190,654,2024-09-04,SESSAO ORDINARIA
190,655,2024-09-05,SESSAO ORDINARIA
190,656,2024-09-10,SESSAO EXTRAORDINARIA
190,657,2024-09-10,SESSAO ORDINARIA
190,658,2024-09-11,SESSAO ORDINARIA
190,659,2024-09-12,SESSAO ORDINARIA
190,660,2024-09-17,SESSAO ORDINARIA
190,661,2024-09-17,SESSAO EXTRAORDINARIA
190,662,2024-09-18,SESSAO ORDINARIA
190,663,2024-09-19,SESSAO ORDINARIA
190,664,2024-09-24,SESSAO EXTRAORDINARIA
190,665,2024-09-24,SESSAO ORDINARIA
190,666,2024-09-25,SESSAO ORDINARIA
190,667,2024-09-26,SESSAO ORDINARIA
190,668,2024-08-27,SESSAO EXTRAORDINARIA
190,669,2024-10-01,SESSAO EXTRAORDINARIA
190,670,2024-10-01,SESSAO ORDINARIA
190,671,2024-10-02,SESSAO ORDINARIA
190,672,2024-10-03,SESSAO ORDINARIA
190,673,2024-10-08,SESSAO EXTRAORDINARIA
190,674,2024-10-08,SESSAO ORDINARIA
190,675,2024-10-09,SESSAO ORDINARIA
190,676,2024-10-10,SESSAO ORDINARIA
190,677,2024-10-15,SESSAO ORDINARIA
190,678,2024-10-16,SESSAO ORDINARIA
190,679,2024-10-17,SESSAO ORDINARIA
190,680,2024-10-22,SESSAO EXTRAORDINARIA
190,681,2024-10-22,SESSAO ORDINARIA
190,682,2024-10-23,SESSAO ORDINARIA
190,683,2024-10-24,SESSAO ORDINARIA
190,684,2024-10-29,SESSAO EXTRAORDINARIA
190,685,2024-10-29,SESSAO ORDINARIA
190,686,2024-10-30,SESSAO ORDINARIA
190,687,2024-10-30,SESSAO EXTRAORDINARIA
190,688,2024-10-31,SESSAO ORDINARIA
190,689,2024-11-05,SESSAO ORDINARIA
190,690,2024-11-05,SESSAO EXTRAORDINARIA
190,691,2024-11-06,SESSAO ORDINARIA
190,692,2024-11-07,SESSAO ORDINARIA
190,693,2024-11-12,SESSAO EXTRAORDINARIA
190,694,2024-11-12,SESSAO ORDINARIA
190,1693,2024-11-13,SESSAO ORDINARIA
190,1694,2024-11-14,SESSAO ORDINARIA
190,1695,2024-11-19,SESSAO ORDINARIA
190,1696,2024-11-26,SESSAO EXTRAORDINARIA
190,1697,2024-11-26,SESSAO ORDINARIA
190,1698,2024-11-26,SESSAO EXTRAORDINARIA
190,1699,2024-11-27,SESSAO ORDINARIA
190,1700,2024-11-27,SESSAO EXTRAORDINARIA
190,1701,2024-11-28,SESSAO ORDINARIA
190,1702,2024-12-03,SESSAO ORDINARIA
190,1703,2024-12-03,SESSAO EXTRAORDINARIA
190,1704,2024-12-04,SESSAO EXTRAORDINARIA
190,1705,2024-12-04,SESSAO ORDINARIA
190,1706,2024-12-10,SESSAO EXTRAORDINARIA
190,1707,2024-12-10,SESSAO ORDINARIA
190,1708,2024-12-10,SESSAO EXTRAORDINARIA
190,1709,2024-03-12,SESSAO EXTRAORDINARIA
190,1710,2024-03-12,SESSAO EXTRAORDINARIA
190,1711,2024-03-12,SESSAO ORDINARIA
190,1713,2025-02-11,ORDINARIA
190,1715,2025-02-12,ORDINARIA
190,1716,2025-02-13,ORDINARIA
190,1717,2025-02-18,ORDINARIA
190,1719,2025-02-19,ORDINARIA
190,1720,2025-02-25,ORDINARIA
190,1721,2025-02-20,ORDINARIA
190,1724,2025-02-26,ORDINARIA
190,1727,2025-02-27,ORDINARIA
190,1730,2025-03-06,ORDINARIA
190,1733,2025-03-11,ORDINARIA
190,1734,2025-03-11,EXTRAORDINARIA
190,1736,2025-03-12,ORDINARIA
190,1739,2025-03-13,ORDINARIA
190,1740,2025-03-18,EXTRAORDINARIA
190,1741,2025-03-18,ORDINARIA
190,1742,2025-03-18,EXTRAORDINARIA
190,1743,2025-03-18,EXTRAORDINARIA
190,1744,2025-03-19,ORDINARIA
190,1746,2025-03-20,ORDINARIA
190,1752,2025-03-25,ORDINARIA
190,1754,2025-03-25,EXTRAORDINARIA
190,1755,2025-03-26,ORDINARIA
190,1756,2025-04-02,EXTRAORDINARIA
190,1757,2025-03-27,ORDINARIA
190,1759,2025-04-01,ORDINARIA
190,1762,2025-04-02,ORDINARIA
190,1763,2025-04-03,ORDINARIA
190,1765,2025-04-03,ORDINARIA
190,1769,2025-04-08,ORDINARIA
190,1770,2025-04-08,EXTRAORDINARIA
190,1773,2025-04-09,ORDINARIA
190,1775,2025-04-10,ORDINARIA
190,1776,2025-04-10,ORDINARIA
190,1780,2025-04-15,ORDINARIA
190,1783,2025-04-16,ORDINARIA
190,1785,2025-04-22,ORDINARIA
190,1786,2025-04-23,ORDINARIA
190,1788,2025-04-24,ORDINARIA
190,1789,2025-04-24,ORDINARIA
190,1790,2025-04-29,ORDINARIA
190,1792,2025-04-30,ORDINARIA
190,1794,2025-05-06,ORDINARIA
190,1795,2025-05-06,EXTRAORDINARIA
190,1796,2025-05-07,ORDINARIA
190,1797,2025-05-13,EXTRAORDINARIA
190,1798,2025-05-08,ORDINARIA
190,1799,2025-05-08,ORDINARIA
190,1802,2025-05-13,ORDINARIA
190,1803,2025-05-20,EXTRAORDINARIA
190,1805,2025-05-14,ORDINARIA
190,1807,2025-05-27,EXTRAORDINARIA
190,1813,2025-05-20,ORDINARIA
190,1817,2025-05-21,ORDINARIA
190,1819,2025-05-22,ORDINARIA
190,1820,2025-05-27,ORDINARIA
190,1825,2025-05-27,EXTRAORDINARIA
190,1827,2025-05-28,ORDINARIA
190,1829,2025-05-29,ORDINARIA
190,1830,2025-05-29,ORDINARIA
190,1833,2025-06-03,ORDINARIA
190,1834,2025-06-17,EXTRAORDINARIA
190,1836,2025-06-04,ORDINARIA
190,1838,2025-06-05,ORDINARIA
190,1842,2025-06-10,ORDINARIA
190,1844,2025-06-11,ORDINARIA
190,1846,2025-06-12,ORDINARIA
190,1847,2025-06-12,ORDINARIA
190,1848,2025-06-17,ORDINARIA
190,1851,2025-06-17,EXTRAORDINARIA
190,1854,2025-06-18,ORDINARIA
190,1856,2025-06-24,ORDINARIA
190,1858,2025-06-24,EXTRAORDINARIA
190,1859,2025-08-07,EXTRAORDINARIA
190,1862,2025-06-25,ORDINARIA
190,1864,2025-06-26,ORDINARIA
190,1865,2025-06-26,ORDINARIA
190,1870,2025-08-05,ORDINARIA
190,1873,2025-08-06,ORDINARIA
190,1875,2025-08-07,ORDINARIA
190,1876,2025-08-07,EXTRAORDINARIA
190,1879,2025-08-12,ORDINARIA
190,1880,2025-08-12,EXTRAORDINARIA
190,1882,2025-08-13,ORDINARIA
190,1884,2025-08-14,ORDINARIA
190,1885,2025-08-14,ORDINARIA
190,1891,2025-08-19,ORDINARIA
190,1892,2025-08-19,EXTRAORDINARIA
190,1895,2025-08-20,ORDINARIA
190,1896,2025-08-26,EXTRAORDINARIA
190,1897,2025-08-21,SOLENE
190,1899,2025-08-22,SOLENE
190,1903,2025-08-26,ORDINARIA
190,1904,2025-08-27,ORDINARIA
190,1905,2025-09-09,EXTRAORDINARIA
190,1906,2025-08-28,ORDINARIA
190,1907,2025-08-28,ORDINARIA
190,1911,2025-09-02,ORDINARIA
190,1913,2025-09-03,ORDINARIA
190,1914,2025-09-04,ORDINARIA
190,1915,2025-09-04,ORDINARIA
190,1916,2025-09-09,ORDINARIA
190,1917,2025-09-10,ORDINARIA
190,1919,2025-09-11,ORDINARIA
190,1920,2025-09-11,ORDINARIA
190,1927,2025-09-16,ORDINARIA
190,1928,2025-09-16,EXTRAORDINARIA
190,1929,2025-09-23,EXTRAORDINARIA
190,1930,2025-09-17,ORDINARIA
190,1932,2025-09-18,ORDINARIA
190,1933,2025-09-18,ORDINARIA
190,1939,2025-09-23,ORDINARIA
190,1941,2025-09-24,ORDINARIA
190,1944,2025-09-25,ORDINARIA
190,1945,2025-09-25,ORDINARIA
190,1950,2025-09-30,ORDINARIA
190,1951,2025-09-30,EXTRAORDINARIA
190,1954,2025-10-01,ORDINARIA
190,1956,2025-10-02,ORDINARIA
190,1963,2025-10-07,ORDINARIA
190,1964,2025-10-08,EXTRAORDINARIA
190,1966,2025-10-08,ORDINARIA
190,1967,2025-10-09,ORDINARIA
190,1968,2025-10-09,ORDINARIA
190,1974,2025-10-14,ORDINARIA
190,1975,2025-10-15,EXTRAORDINARIA
190,1977,2025-10-15,ORDINARIA
190,1979,2025-10-16,ORDINARIA
190,1985,2025-10-21,ORDINARIA
190,1986,2025-10-21,EXTRAORDINARIA
190,1988,2025-10-22,ORDINARIA
190,1989,2025-11-04,EXTRAORDINARIA
190,1990,2025-10-23,ORDINARIA
190,1992,2025-10-29,ORDINARIA
190,1994,2025-10-30,ORDINARIA
190,1995,2025-10-30,ORDINARIA
190,2000,2025-11-04,ORDINARIA
190,2003,2025-11-05,ORDINARIA
190,2004,2025-11-11,EXTRAORDINARIA
190,2006,2025-11-06,ORDINARIA
190,2013,2025-11-11,ORDINARIA
190,2014,2025-11-11,EXTRAORDINARIA
190,2015,2025-11-11,EXTRAORDINARIA
190,2018,2025-11-12,ORDINARIA
190,2020,2025-11-13,ORDINARIA
190,2027,2025-11-18,ORDINARIA
190,2028,2025-11-25,EXTRAORDINARIA
190,2030,2025-11-19,ORDINARIA
190,2034,2025-11-25,ORDINARIA
190,2035,2025-11-26,EXTRAORDINARIA
190,2037,2025-11-26,ORDINARIA
190,2038,2025-11-26,EXTRAORDINARIA
190,2039,2025-11-27,ORDINARIA
190,2040,2025-11-27,ORDINARIA
190,2045,2025-12-02,ORDINARIA
190,2046,2025-12-02,EXTRAORDINARIA
190,2047,2025-12-03,EXTRAORDINARIA
190,2050,2025-12-03,ORDINARIA
190,2053,2025-12-04,ORDINARIA
190,2057,2025-12-09,ORDINARIA
190,2058,2025-12-09,EXTRAORDINARIA
190,2060,2025-12-10,EXTRAORDINARIA
190,2061,2025-12-10,EXTRAORDINARIA
190,2062,2025-12-10,EXTRAORDINARIA
190,2065,2025-12-15,ORDINARIA
190,2066,2025-12-23,EXTRAORDINARIA
190,2067,2025-12-23,EXTRAORDINARIA
190,2069,2026-02-03,ORDINARIA
190,2070,2026-02-04,ORDINARIA
190,2072,2026-02-05,ORDINARIA
190,2074,2026-02-10,ORDINARIA
190,2075,2026-02-10,EXTRAORDINARIA
190,2078,2026-02-11,ORDINARIA
190,2079,2026-03-03,EXTRAORDINARIA
190,2081,2026-02-12,ORDINARIA
190,2082,2026-02-19,ORDINARIA
190,2084,2026-02-24,ORDINARIA
190,2085,2026-02-25,ORDINARIA
190,2088,2026-02-26,ORDINARIA
190,2092,2026-03-03,ORDINARIA
190,2093,2026-03-04,ORDINARIA
190,2096,2026-03-05,SOLENE
190,2101,2026-03-31,EXTRAORDINARIA
190,2102,2026-03-31,EXTRAORDINARIA
190,2103,2026-04-01,ORDINARIA
190,2106,2026-04-07,ORDINARIA
190,2107,2026-04-08,EXTRAORDINARIA
190,2108,2026-04-08,ORDINARIA
190,2109,2026-04-09,ORDINARIA
190,2112,2026-04-14,ORDINARIA
190,2113,2026-04-14,EXTRAORDINARIA
190,2114,2026-04-15,ORDINARIA
190,2115,2026-04-29,EXTRAORDINARIA
190,2116,2026-04-16,ORDINARIA
190,2118,2026-04-22,ORDINARIA
190,2119,2026-04-23,ORDINARIA
190,2122,2026-04-28,ORDINARIA
190,2125,2026-04-29,ORDINARIA
190,2126,2026-03-17,ORDINARIA
190,2127,2026-03-18,ORDINARIA
190,2128,2026-03-25,EXTRAORDINARIA
190,2131,2026-03-19,ORDINARIA
190,2136,2026-03-24,ORDINARIA
190,2138,2026-03-25,ORDINARIA
190,2139,2026-03-25,EXTRAORDINARIA
190,2141,2026-03-26,ORDINARIA
190,2143,2026-03-31,ORDINARIA
190,2145,2026-04-30,ORDINARIA
190,2148,2026-05-05,ORDINARIA
190,2149,2026-05-12,EXTRAORDINARIA
190,2150,2026-05-06,ORDINARIA
190,2152,2026-05-07,ORDINARIA
190,2159,2026-05-12,ORDINARIA
190,2161,2026-05-13,ORDINARIA
190,2163,2026-05-14,ORDINARIA
190,2170,2026-05-19,ORDINARIA
190,2171,2026-03-10,ORDINARIA
190,2172,2026-03-17,EXTRAORDINARIA
190,2173,2026-03-11,ORDINARIA
190,2176,2026-03-12,ORDINARIA
190,2183,2026-05-19,EXTRAORDINARIA
190,2185,2026-05-20,ORDINARIA
190,2186,2026-06-09,EXTRAORDINARIA
190,2188,2026-05-21,ORDINARIA
190,2191,2026-05-26,ORDINARIA
190,2192,2026-05-27,ORDINARIA
190,2193,2026-05-28,ORDINARIA
190,2199,2026-06-02,ORDINARIA
190,2200,2026-06-03,ORDINARIA
190,2203,2026-06-09,ORDINARIA
190,2204,2026-06-10,ORDINARIA
190,2205,2026-06-11,ORDINARIA
190,2213,2026-06-23,ORDINARIA
190,2218,2026-06-30,ORDINARIA
190,2219,2026-06-30,EXTRAORDINARIA
190,2220,2026-06-30,EXTRAORDINARIA
190,2225,2026-08-04,ORDINARIA
190,2228,2026-08-05,ORDINARIA
190,2229,2026-08-06,ORDINARIA
190,2233,2026-06-16,ORDINARIA
190,2234,2026-06-16,EXTRAORDINARIA
190,2235,2026-06-30,EXTRAORDINARIA
190,2237,2026-06-17,ORDINARIA
190,2239,2026-06-18,ORDINARIA
190,2241,2026-08-11,ORDINARIA
190,2244,2026-08-12,ORDINARIA
190,2245,2026-08-13,ORDINARIA
190,2250,2026-08-18,ORDINARIA
190,2253,2026-08-19,ORDINARIA
190,2255,2026-08-20,ORDINARIA
190,2258,2026-08-25,ORDINARIA
